method,scenario_id,time_s,budget,selected_patch_ids,budget_fraction,budget_max_count,candidate_count,selected_count,actual_active_fraction,predicted_front_chainage_m,front_available,mean_selected_dynamic_rank,mean_selected_front_rank,mean_selected_support_risk_rank,mean_selected_section_rank,mean_selected_base_score,selected_section_patch_count,first_pass_count,second_pass_count,global_forward_runtime_ms,roi_scoring_runtime_ms,local_correction_runtime_ms,support_guard_runtime_ms
SupportRiskOnly_B10,JILONG_EI_0009,10,B10,78;219;57;106;84;217;4;128;13;50;119;251;10;156;158;213;177;170;215,0.1,19,115,19,0.0778384421591074,,False,,,0.8311212814645309,,,,19,0,303.8930999900913,10.25550000485964,121.3622000068426,41.076499997871
SupportRiskOnly_B10,JILONG_EI_0009,20,B10,58;217;219;106;13;84;119;112;4;251;49;77;35;157;10;177;155;213;206,0.1,19,114,19,0.0575384214838694,,False,,,0.8481071098799631,,,,19,0,53.07020001055207,1.982000001589768,67.50839999585878,2.52540000656154
SupportRiskOnly_B10,JILONG_EI_0009,30,B10,219;57;217;77;13;90;119;251;50;112;84;157;10;177;20;121;155;185;46,0.1,19,115,19,0.0571325742202755,,False,,,0.8242562929061785,,,,19,0,53.40020000585355,2.170099993236363,67.55090001388453,2.681300000404008
SupportRiskOnly_B10,JILONG_EI_0009,40,B10,57;219;106;217;77;251;104;134;29;66;20;84;192;157;33;185;178;155;102,0.1,19,113,19,0.0741015843358271,,False,,,0.846297158826269,,,,19,0,52.7760999975726,1.872499997261912,67.1135000011418,2.2065999946789816
SupportRiskOnly_B10,JILONG_EI_0009,50,B10,58;219;106;61;232;201;119;50;157;128;3;5;100;68;213;177;133;155;206,0.1,19,112,19,0.0925484910905039,,False,,,0.8101503759398497,,,,19,0,54.16189999959897,1.881200005300343,70.13789999473374,2.1972999966237694
SupportRiskOnly_B10,JILONG_EI_0009,60,B10,74;219;128;61;106;217;50;104;158;213;177;186;156;135;19;69;13;179;41,0.1,19,111,19,0.0994861820492989,,False,,,0.8022759601706969,,,,19,0,54.55660000734497,1.920499998959713,70.37400000263005,2.2723000001860783
SupportRiskOnly_B10,JILONG_EI_0009,70,B10,219;60;217;105;58;33;35;156;128;91;158;177;103;29;229;66;4;215;99,0.1,19,110,19,0.0661377889747379,,False,,,0.8110047846889951,,,,19,0,54.6673000062583,1.912899999297224,71.28969999030232,2.486400000634603
SupportRiskOnly_B10,JILONG_EI_0009,80,B10,44;219;4;217;156;13;34;121;174;76;57;112;176;88;90;46;36;165;252,0.1,19,110,19,0.0544065058082103,,False,,,0.8263157894736842,,,,19,0,53.916899996693246,2.357999997911975,72.02019999385811,2.912099997047335
SupportRiskOnly_B10,JILONG_EI_0009,90,B10,44;235;4;156;217;49;106;203;112;74;51;177;120;215;102;170;71;158;25,0.1,19,104,19,0.1267315511788714,,False,,,0.7935222672064777,,,,19,0,56.28180000348948,1.906400008010678,69.92929999250919,2.382699996815063
SupportRiskOnly_B10,JILONG_EI_0009,100,B10,28;219;4;112;61;157;90;217;121;50;170;135;177;52;252;214;100;58;147,0.1,19,104,19,0.0899602575981499,,False,,,0.8092105263157895,,,,19,0,54.43419999210164,2.591099997516721,70.06680000631604,2.453199995215982
SupportRiskOnly_B10,JILONG_EI_0009,110,B10,13;219;128;4;201;170;156;27;120;192;106;232;61;49;252;161;52;214;212,0.1,19,104,19,0.1002442741077103,,False,,,0.8198380566801621,,,,19,0,54.15750000975095,1.8453999946359545,69.89139999495819,2.260599998407997
SupportRiskOnly_B10,JILONG_EI_0009,120,B10,218;27;157;29;216;170;61;252;20;104;112;212;177;91;32;51;135;147;133,0.1,19,102,19,0.1152070203919106,,False,,,0.8240454076367388,,,,19,0,54.97359999571927,1.8444000015733764,70.52700000349432,2.2301999997580424
SupportRiskOnly_B10,JILONG_EI_0009,130,B10,27;235;202;13;60;157;170;33;121;20;112;216;177;212;91;89;134;58;147,0.1,19,105,19,0.0776163747884616,,False,,,0.8325814536340852,,,,19,0,54.71240000042599,1.9118999916827304,70.34190000558738,2.240500005427748
SupportRiskOnly_B10,JILONG_EI_0009,140,B10,235;27;202;57;174;112;192;170;105;60;156;32;229;200;233;29;20;165;91,0.1,19,100,19,0.0751506612247398,,False,,,0.8210526315789474,,,,19,0,54.96010000933893,1.884900004370138,70.05080000089947,2.295900005265139
SupportRiskOnly_B10,JILONG_EI_0009,150,B10,219;217;27;157;58;105;176;20;32;170;61;13;213;134;112;178;147;68;66,0.1,19,104,19,0.1003438215497239,,False,,,0.7874493927125507,,,,19,0,54.78500000026543,1.855099995736964,70.25449999491684,2.2622999968007207
SupportRiskOnly_B10,JILONG_EI_0009,160,B10,26;202;235;58;157;121;29;177;32;88;170;4;233;35;112;147;166;213;69,0.1,19,107,19,0.0795613786554969,,False,,,0.7978357107722577,,,,19,0,54.297099995892495,1.8706999981077388,70.3605000016978,3.342300013173372
SupportRiskOnly_B10,JILONG_EI_0009,170,B10,58;26;90;218;157;121;33;192;20;170;252;128;88;232;45;69;147;229;102,0.1,19,106,19,0.0813302601251234,,False,,,0.7815292949354519,,,,19,0,53.941499994834885,1.808599990908988,70.23040000058245,2.855200000340119
SupportRiskOnly_B10,JILONG_EI_0009,180,B10,57;10;217;219;156;174;49;13;105;192;35;170;252;128;5;147;179;213;133,0.1,19,105,19,0.0754186735686226,,False,,,0.7924812030075187,,,,19,0,54.66449999948964,1.8284999969182536,69.59199999982957,2.212599996710196
SupportRiskOnly_B10,JILONG_EI_0009,190,B10,58;25;219;157;13;192;217;121;90;49;35;88;170;252;213;112;135;147;4,0.1,19,107,19,0.0613824842447029,,False,,,0.810132808657157,,,,19,0,55.30190000717994,1.8973999976878984,69.68439999036491,2.2462000051746145
SupportRiskOnly_B10,JILONG_EI_0009,200,B10,202;57;235;105;157;25;177;50;20;170;233;29;32;213;165;190;60;147;102,0.1,19,106,19,0.0904962822859155,,False,,,0.7517378351539225,,,,19,0,54.393600003095344,2.0970000041415915,70.44769999629352,2.274099999340251
SupportRiskOnly_B10,JILONG_EI_0009,210,B10,58;218;40;156;106;158;104;232;192;229;4;10;33;35;170;252;112;99;28,0.1,19,107,19,0.0790866139320473,,False,,,0.8042302016724052,,,,19,0,54.31019999377895,2.7320000081090257,71.84550000238232,2.3895000049378723
SupportRiskOnly_B10,JILONG_EI_0009,220,B10,219;217;13;58;157;40;121;90;33;88;10;192;155;35;112;185;229;147;66,0.1,19,104,19,0.0623243561960625,,False,,,0.8066801619433197,,,,19,0,54.846099999849685,1.9554000027710567,71.94149999122601,2.8989999991608784
SupportRiskOnly_B10,JILONG_EI_0009,230,B10,219;217;13;57;174;121;33;156;10;88;177;46;112;20;170;24;135;147;213,0.1,19,105,19,0.060632049681831,,False,,,0.7979949874686717,,,,19,0,56.56129999260884,1.8356000073254108,70.18190000962932,2.17500000144355
SupportRiskOnly_B10,JILONG_EI_0009,240,B10,58;219;13;157;105;217;192;33;128;23;171;46;35;3;10;185;103;147;229,0.1,19,107,19,0.0445053640756254,,False,,,0.7727496310870634,,,,19,0,54.9200999957975,2.595199999632314,70.54559999960475,2.214699998148717
SupportRiskOnly_B10,JILONG_EI_0009,250,B10,219;58;13;217;33;157;88;106;120;177;4;51;170;112;134;23;10;229;46,0.1,19,105,19,0.0456922758842492,,False,,,0.7819548872180451,,,,19,0,54.6471000125166,1.833700007409789,71.17029999790248,2.2311000066110864
SupportRiskOnly_B10,JILONG_EI_0009,260,B10,58;202;13;105;235;232;156;33;192;174;35;170;112;5;87;68;10;135;45,0.1,19,103,19,0.0526452818341233,,False,,,0.7843638221768012,,,,19,0,54.95910000172444,1.9446999940555545,70.66280000435654,2.2203999978955835
SupportRiskOnly_B10,JILONG_EI_0009,270,B10,219;57;29;217;88;157;121;33;177;35;23;112;4;10;185;171;213;66;215,0.1,19,106,19,0.063641445428858,,False,,,0.7706057596822246,,,,19,0,54.781499988166615,2.0592000073520467,70.47140000213403,2.2272000060183927
SupportRiskOnly_B10,JILONG_EI_0009,280,B10,13;219;74;104;233;201;157;192;106;49;46;35;3;128;10;170;229;135;161,0.1,19,106,19,0.0521015996508182,,False,,,0.7929493545183715,,,,19,0,54.37149999488611,1.8821999983629207,70.19539999600966,2.285399998072535
SupportRiskOnly_B10,JILONG_EI_0009,290,B10,13;58;218;84;105;192;232;157;49;251;112;35;23;4;155;178;10;60;185,0.1,19,108,19,0.0492759837967394,,False,,,0.7831384015594542,,,,19,0,55.73710000317078,1.927999997860752,70.15719999617431,2.242999995360151
SupportRiskOnly_B10,JILONG_EI_0009,300,B10,219;13;104;57;217;157;84;192;106;4;33;23;112;35;46;66;155;213;60,0.1,19,110,19,0.0462589305541729,,False,,,0.7861244019138758,,,,19,0,55.900200008181855,1.84090000402648,70.12849999591708,2.210999999078922
SupportRiskOnly_B10,JILONG_EI_0009,310,B10,218;57;104;232;174;156;4;84;106;34;29;177;36;23;32;10;185;112;66,0.1,19,108,19,0.0458607407861184,,False,,,0.7714424951267056,,,,19,0,54.05270001210738,1.8446999893058087,70.95029999618419,2.207300000009127
SupportRiskOnly_B10,JILONG_EI_0009,320,B10,57;218;119;105;13;157;232;84;192;4;35;46;33;24;91;170;60;161;229,0.1,19,108,19,0.0589627156542181,,False,,,0.7733918128654971,,,,19,0,54.74870000034571,1.8758000078378243,70.03280000935774,2.213200001278892
SupportRiskOnly_B10,JILONG_EI_0009,330,B10,57;219;119;217;88;192;158;156;34;84;121;3;29;36;185;66;165;60;23,0.1,19,108,19,0.0563361946841666,,False,,,0.7850877192982457,,,,19,0,54.956400010269135,2.503900002921,70.52219999604858,2.201599985710345
SupportRiskOnly_B10,JILONG_EI_0009,340,B10,57;218;105;157;34;84;192;4;232;46;103;13;135;161;112;170;91;165;213,0.1,19,112,19,0.0531583340352704,,False,,,0.7570488721804511,,,,19,0,56.03150000388269,1.8459999992046503,71.83780000195839,2.96689999231603
SupportRiskOnly_B10,JILONG_EI_0009,350,B10,219;57;104;201;233;13;106;49;84;157;192;3;35;46;10;178;112;24;229,0.1,19,113,19,0.0528596917092295,,False,,,0.7922682813227758,,,,19,0,55.96349999541417,1.9293999939691275,69.85909999639262,2.268500000354834
SupportRiskOnly_B10,JILONG_EI_0009,360,B10,57;235;105;202;233;4;119;34;157;192;13;46;206;112;165;60;66;68;36,0.1,19,112,19,0.0518795322801724,,False,,,0.7763157894736842,,,,19,0,54.10680000204593,1.8345999997109173,69.9692999914987,2.7642000059131533
SupportRiskOnly_B10,JILONG_EI_0009,370,B10,57;219;105;119;217;13;4;174;34;192;156;46;165;185;60;112;178;66;23,0.1,19,112,19,0.0503480331722706,,False,,,0.7645676691729323,,,,19,0,54.7353000001749,1.9111000001430511,69.95210000604857,2.5584999966667965
SupportRiskOnly_B10,JILONG_EI_0009,380,B10,57;218;105;192;13;34;157;4;232;119;46;206;66;171;161;165;36;91;213,0.1,19,112,19,0.0510831527440635,,False,,,0.7387218045112783,,,,19,0,54.71370001032483,1.9016000005649405,70.54760000028182,2.276800005347468
SupportRiskOnly_B10,JILONG_EI_0009,390,B10,58;218;105;13;192;34;3;158;232;156;103;46;206;72;134;60;128;24;170,0.1,19,113,19,0.0612216768383732,,False,,,0.7536096879366557,,,,19,0,56.25779999536462,1.8905000033555552,70.14009999693371,2.6172000070801005
SupportRiskOnly_B10,JILONG_EI_0009,400,B10,219;57;13;105;201;34;233;3;157;192;251;46;103;36;171;135;165;178;66,0.1,19,110,19,0.0581127336493326,,False,,,0.7794258373205741,,,,19,0,54.08619999070652,1.9375999982003125,70.05700000445358,2.2456000006059185
SupportRiskOnly_B10,JILONG_EI_0009,410,B10,57;217;235;104;13;90;35;4;174;84;192;49;172;46;60;102;135;213;10,0.1,19,110,19,0.0504935255875213,,False,,,0.7870813397129187,,,,19,0,54.174700009753,1.9174000044586137,70.91800001217052,3.583700003218837
SupportRiskOnly_B10,JILONG_EI_0009,420,B10,57;105;219;29;201;251;3;34;157;84;192;233;103;91;171;5;178;36;135,0.1,19,108,19,0.0543605608349733,,False,,,0.7792397660818713,,,,19,0,54.54929999541491,2.27650000306312,69.92019999597687,2.213200001278892
SupportRiskOnly_B10,JILONG_EI_0009,430,B10,58;219;105;13;201;3;34;158;84;192;46;251;156;233;119;60;165;66;161,0.1,19,108,19,0.0521858321017528,,False,,,0.7899610136452242,,,,19,0,54.882899989024736,1.8675000028451905,71.19200000306591,2.984999999171123
SupportRiskOnly_B10,JILONG_EI_0009,440,B10,74;105;218;13;3;35;157;84;192;49;46;171;103;41;216;165;213;161;134,0.1,19,109,19,0.070142659141901,,False,,,0.7566393046837278,,,,19,0,54.35900000156835,2.737300004810095,70.76499999675434,2.67869999515824
SupportRiskOnly_B10,JILONG_EI_0009,450,B10,219;57;105;13;3;217;174;34;84;177;147;172;103;165;60;134;23;170;112,0.1,19,110,19,0.047193145009993,,False,,,0.7698564593301436,,,,19,0,56.02259999432136,1.9111000001430511,70.38380000449251,2.216799999587238
SupportRiskOnly_B10,JILONG_EI_0009,460,B10,74;105;218;13;3;158;84;34;46;176;147;178;172;119;206;5;72;165;213,0.1,19,111,19,0.0392216921533643,,False,,,0.7558084400189663,,,,19,0,54.71780001244042,1.9182999967597425,71.95299999148119,2.951100002974272
SupportRiskOnly_B10,JILONG_EI_0009,470,B10,219;105;58;13;3;201;157;34;233;177;103;171;68;134;213;100;46;91;66,0.1,19,108,19,0.0686341325206178,,False,,,0.7568226120857698,,,,19,0,54.80300000635907,1.8838000105461103,70.58929999766406,2.260499997646548
SupportRiskOnly_B10,JILONG_EI_0009,480,B10,74;105;3;219;29;119;217;174;35;178;172;192;49;213;147;60;165;170;112,0.1,19,107,19,0.0564740296038777,,False,,,0.7584849975405804,,,,19,0,55.15699999523349,1.9258999964222312,70.78270000056364,3.21730000723619
SupportRiskOnly_B10,JILONG_EI_0009,490,B10,74;202;105;13;235;3;119;174;34;46;177;156;213;36;166;216;66;60;41,0.1,19,108,19,0.0722025254420289,,False,,,0.7529239766081871,,,,19,0,55.37519999779761,1.883999997517094,71.3988000061363,2.3908000002847984
SupportRiskOnly_B10,JILONG_EI_0009,500,B10,90;219;57;13;3;104;157;201;84;46;35;178;192;213;134;33;166;171;233,0.1,19,110,19,0.0515885474496711,,False,,,0.7952153110047847,,,,19,0,54.41750001045875,1.899099996080622,70.93220000388101,2.264900002046488
SupportRiskOnly_B10,JILONG_EI_0009,510,B10,219;90;58;29;3;174;217;88;84;121;119;34;213;192;172;165;178;206;60,0.1,19,108,19,0.0437702445038325,,False,,,0.804093567251462,,,,19,0,56.84789999213535,1.8639000045368448,70.2307000028668,2.2324000019580126
SupportRiskOnly_B10,JILONG_EI_0009,520,B10,90;13;58;3;218;158;104;46;51;213;192;134;178;172;49;147;165;10;112,0.1,19,104,19,0.0482345644033662,,False,,,0.7550607287449392,,,,19,0,54.14450001262594,1.876399997854605,70.46519999857992,2.239099994767457
SupportRiskOnly_B10,JILONG_EI_0009,530,B10,74;105;3;29;157;218;103;178;213;35;192;135;206;147;171;66;165;60;215,0.1,19,107,19,0.0755258785061757,,False,,,0.748155435317265,,,,19,0,53.9957000000868,1.8657000036910176,69.66619999730028,3.1485000072279945
SupportRiskOnly_B10,JILONG_EI_0009,540,B10,219;74;106;3;217;13;174;46;119;213;88;178;147;176;34;36;5;172;165,0.1,19,106,19,0.0399414967340781,,False,,,0.7919563058589871,,,,19,0,54.686799994669855,1.9017000013263896,70.2482000051532,2.236800006357953
SupportRiskOnly_B10,JILONG_EI_0009,550,B10,90;58;3;29;119;202;157;235;121;213;178;147;88;35;232;60;155;165;190,0.1,19,105,19,0.0573393265998422,,False,,,0.7694235588972431,,,,19,0,54.46410000149626,1.8736000056378543,70.1851999911014,2.27870000526309
SupportRiskOnly_B10,JILONG_EI_0009,560,B10,219;90;13;3;174;119;58;46;217;147;213;178;35;121;156;88;185;49;128,0.1,19,106,19,0.0480124970327204,,False,,,0.7845084409136048,,,,19,0,53.95430000498891,1.917499990668148,69.88330000604037,2.234799991128966
SupportRiskOnly_B10,JILONG_EI_0009,570,B10,105;74;3;29;218;174;103;147;161;213;134;216;206;165;36;41;155;60;34,0.1,19,107,19,0.0743389666975519,,False,,,0.7673389080177078,,,,19,0,54.29749999893829,2.462899996316992,72.36400000692811,3.027200000360608
SupportRiskOnly_B10,JILONG_EI_0009,580,B10,219;90;3;58;201;29;157;119;147;161;213;121;233;49;166;88;128;10;171,0.1,19,108,19,0.0514890000076574,,False,,,0.7792397660818713,,,,19,0,54.84050000086427,1.8786000000545755,69.95699999970384,2.272800003993325
SupportRiskOnly_B10,JILONG_EI_0009,590,B10,90;219;3;13;57;46;158;217;103;178;229;147;206;35;134;172;165;121;66,0.1,19,106,19,0.0461593831121593,,False,,,0.7954319761668323,,,,19,0,54.98489999445155,2.570299999206327,70.23769999796059,2.5920999905793
SupportRiskOnly_B10,JILONG_EI_0009,600,B10,105;3;74;13;218;174;213;103;161;46;147;192;134;49;166;60;216;10;35,0.1,19,107,19,0.0536407562542594,,False,,,0.7702902115100837,,,,19,0,54.57000000751577,1.886600002762861,69.74779999291059,2.9135000077076256
SupportRiskOnly_B10,JILONG_EI_0009,610,B10,219;89;3;29;58;157;91;201;178;229;120;10;165;102;134;32;34;155;36,0.1,19,107,19,0.0646522348400732,,False,,,0.7811116576487948,,,,19,0,54.42610000318382,1.8841000128304584,69.85480000730604,2.792300001601689
SupportRiskOnly_B10,JILONG_EI_0009,620,B10,90;3;58;218;46;104;158;14;161;213;166;216;135;190;34;10;171;100;60,0.1,19,106,19,0.0601343124717629,,False,,,0.782025819265144,,,,19,0,54.415000005974434,1.9028999959118664,70.31359999382403,3.2805000082589686
SupportRiskOnly_B10,JILONG_EI_0009,630,B10,105;219;13;3;217;74;174;119;46;178;213;166;206;10;49;215;156;41;5,0.1,19,107,19,0.0616887840662832,,False,,,0.7924249877029022,,,,19,0,54.153600009158254,1.983999987714924,70.51449999562465,2.2517000033985823
SupportRiskOnly_B10,JILONG_EI_0009,640,B10,90;219;3;217;29;57;174;161;103;134;213;121;165;128;10;49;171;61;99,0.1,19,107,19,0.069675551913991,,False,,,0.7875061485489425,,,,19,0,54.32340000697877,1.9523999944794923,70.36080000398215,2.3164000012911856
SupportRiskOnly_B10,JILONG_EI_0009,650,B10,105;13;58;3;218;46;157;178;213;91;119;60;166;10;49;128;36;232;99,0.1,19,108,19,0.0553177477774119,,False,,,0.7792397660818713,,,,19,0,54.62139999144711,1.9105999963358045,70.19040000159293,2.2584000107599422
SupportRiskOnly_B10,JILONG_EI_0009,660,B10,219;90;217;13;174;3;46;57;251;161;104;229;206;134;10;165;49;35;156,0.1,19,109,19,0.0389077348362444,,False,,,0.8063737324963786,,,,19,0,53.90030000125989,1.7989000043598935,69.88569999521133,2.5701999984448776
SupportRiskOnly_B10,JILONG_EI_0009,670,B10,219;105;13;74;217;3;174;251;103;161;46;213;10;172;134;60;41;165;5,0.1,19,108,19,0.0616581540841252,,False,,,0.7992202729044835,,,,19,0,54.26780000561848,1.862799996160902,70.34200000634883,2.2579000069526955
SupportRiskOnly_B10,JILONG_EI_0009,680,B10,219;90;29;58;174;3;217;178;104;213;176;10;166;134;49;35;215;99;102,0.1,19,108,19,0.0575460789794089,,False,,,0.7719298245614036,,,,19,0,54.32480000308715,1.8650999991223216,70.57769999664742,2.283299996634014
SupportRiskOnly_B10,JILONG_EI_0009,690,B10,219;89;46;13;58;158;84;201;3;103;161;233;91;206;213;10;49;165;134,0.1,19,109,19,0.0521322296329762,,False,,,0.8208594881699662,,,,19,0,55.54169999959413,1.8869000050472096,70.95769999432378,2.290899996296502
SupportRiskOnly_B10,JILONG_EI_0009,700,B10,90;218;13;157;3;46;57;103;178;213;5;10;216;166;34;121;190;60;66,0.1,19,108,19,0.0616275241019672,,False,,,0.7816764132553606,,,,19,0,54.97689999174327,1.843399993958883,70.89979999000207,2.233199993497692
SupportRiskOnly_B10,JILONG_EI_0009,710,B10,105;235;13;174;74;3;217;161;213;103;46;206;49;128;10;36;5;166;41,0.1,19,109,19,0.0577451738634362,,False,,,0.7938194109126026,,,,19,0,54.89390000002459,2.7261000068392605,70.74299998930655,2.248200005851686
SupportRiskOnly_B10,JILONG_EI_0009,720,B10,90;219;13;174;3;58;46;201;178;120;213;192;232;88;5;35;165;134;128,0.1,19,110,19,0.0439616818923202,,False,,,0.7985645933014354,,,,19,0,55.47680000017863,2.6947000005748123,70.35409999662079,2.27650000306312
SupportRiskOnly_B10,JILONG_EI_0009,730,B10,219;90;13;58;217;174;4;103;161;46;192;213;60;135;10;172;166;35;23,0.1,19,109,19,0.0482345644033662,,False,,,0.791887976822791,,,,19,0,55.37650000769645,1.9114000024273992,70.69469999987632,2.2379000001819804
SupportRiskOnly_B10,JILONG_EI_0009,740,B10,105;13;218;46;174;58;206;3;103;161;91;5;213;216;165;49;156;10;35,0.1,19,106,19,0.0542610133929596,,False,,,0.7899702085402185,,,,19,0,54.62009999610018,1.856600007158704,70.00949999201111,2.2548999986611307
SupportRiskOnly_B10,JILONG_EI_0009,750,B10,90;219;13;174;217;46;58;3;177;5;121;213;165;88;34;10;134;68;206,0.1,19,106,19,0.0431040423918953,,False,,,0.7770605759682224,,,,19,0,54.81509999663104,1.8444000015733764,69.74529998842627,2.289500000188127
SupportRiskOnly_B10,JILONG_EI_0009,760,B10,13;90;217;235;157;46;58;190;178;20;103;213;121;49;166;10;60;71;52,0.1,19,105,19,0.0831833740456846,,False,,,0.7899749373433583,,,,19,0,54.38850000791717,1.888300001155585,70.67019998794422,2.337300000363029
SupportRiskOnly_B10,JILONG_EI_0009,770,B10,13;219;90;174;46;58;201;233;161;103;213;3;5;35;49;10;156;166;170,0.1,19,107,19,0.0607086246372261,,False,,,0.7983275946876537,,,,19,0,54.18350000400096,1.8723999965004623,70.48009999562055,2.214899999671616
SupportRiskOnly_B10,JILONG_EI_0009,780,B10,219;90;29;217;174;58;104;5;177;229;3;165;171;10;185;206;179;35;147,0.1,19,106,19,0.0587942507523489,,False,,,0.7586891757696128,,,,19,0,54.52510000031907,1.845200007664971,71.9740000058664,2.9943999979877844
SupportRiskOnly_B10,JILONG_EI_0009,790,B10,90;13;218;46;158;58;103;161;190;60;213;5;3;216;34;121;10;172;165,0.1,19,107,19,0.0579672412340819,,False,,,0.7766847024102311,,,,19,0,54.38509999657981,1.9043000065721567,69.9462000047788,2.218399997218512
SupportRiskOnly_B10,JILONG_EI_0009,800,B10,13;90;219;217;58;174;46;178;104;3;206;5;213;36;66;10;34;147;72,0.1,19,107,19,0.0396887993812743,,False,,,0.778160354156419,,,,19,0,54.572599998209625,1.8856999959098173,70.10409999929834,2.285199996549636
SupportRiskOnly_B10,JILONG_EI_0009,810,B10,90;13;235;174;217;46;58;161;104;5;3;212;165;60;206;156;35;214;147,0.1,19,105,19,0.0534952638390088,,False,,,0.7664160401002507,,,,19,0,55.13839999912307,1.844900005380623,71.2543999979971,2.9279000009410083
SupportRiskOnly_B10,JILONG_EI_0009,820,B10,219;90;13;232;174;46;58;103;201;161;5;3;213;35;121;147;171;49;165,0.1,19,104,19,0.0514813425121179,,False,,,0.7661943319838057,,,,19,0,55.24240000522696,2.8228000010130927,71.97309999901336,2.969900000607595
SupportRiskOnly_B10,JILONG_EI_0009,830,B10,90;13;218;232;158;46;58;104;190;178;5;3;212;176;166;49;156;35;128,0.1,19,107,19,0.0452021961697207,,False,,,0.7757009345794392,,,,19,0,54.2050000076415,1.8604999931994823,71.73330000659917,2.999800010002218
SupportRiskOnly_B10,JILONG_EI_0009,840,B10,105;74;13;219;217;174;46;161;5;103;3;206;41;33;166;213;51;172;147,0.1,19,104,19,0.055409637723886,,False,,,0.7823886639676114,,,,19,0,54.53700000362005,1.880900003015995,69.98029998794664,2.2480000043287878
SupportRiskOnly_B10,JILONG_EI_0009,850,B10,13;90;219;157;104;58;46;217;178;206;5;60;229;49;3;165;147;102;215,0.1,19,103,19,0.0616351815975067,,False,,,0.7613694430250384,,,,19,0,54.92280000180472,2.715800001169555,69.67490000533871,2.27499999164138
SupportRiskOnly_B10,JILONG_EI_0009,860,B10,219;90;13;174;104;58;46;161;233;201;206;5;156;213;3;34;147;36;102,0.1,19,103,19,0.0574465315373953,,False,,,0.7695452222789986,,,,19,0,55.22119998931885,4.480899995542131,70.22990001132712,3.236100004869513
SupportRiskOnly_B10,JILONG_EI_0009,870,B10,219;13;90;174;46;103;58;121;178;232;5;201;35;134;213;60;147;171;100,0.1,19,103,19,0.0614131142268609,,False,,,0.7588145120081758,,,,19,0,54.01349999010563,1.883999997517094,71.89579999248963,3.037899994524196
SupportRiskOnly_B10,JILONG_EI_0009,880,B10,90;13;218;174;58;46;104;161;232;20;213;156;34;128;147;99;32;135;10,0.1,19,101,19,0.0430657549141977,,False,,,0.7258989056800417,,,,19,0,54.39889999979641,1.87129998812452,70.22470000083558,2.505600001313724
SupportRiskOnly_B10,JILONG_EI_0009,890,B10,13;90;84;235;190;58;202;157;121;46;88;233;178;35;5;60;3;144;147,0.1,19,103,19,0.0454242635403664,,False,,,0.795094532447624,,,,19,0,55.641000013565645,2.607199989142828,70.01550000859424,2.263600006699562
SupportRiskOnly_B10,JILONG_EI_0009,900,B10,13;219;90;174;58;84;217;46;103;161;156;5;3;206;36;34;121;147;213,0.1,19,104,19,0.0447427464373502,,False,,,0.7732793522267206,,,,19,0,54.907599987927824,3.025900005013682,69.87839999783318,2.377400000113994
SupportRiskOnly_B10,JILONG_EI_0009,910,B10,219;90;13;232;158;46;104;58;178;201;190;3;5;35;156;60;165;212;49,0.1,19,101,19,0.0611527593785176,,False,,,0.7748827514330381,,,,19,0,54.64649999339599,2.1779999951832,71.38870000198949,3.0929000058677047
SupportRiskOnly_B10,JILONG_EI_0009,920,B10,90;219;13;232;174;46;58;104;161;156;5;3;201;35;66;32;10;102;165,0.1,19,102,19,0.0548046955762648,,False,,,0.7414860681114551,,,,19,0,54.77960000280291,1.8529999942984432,72.1962999959942,3.54400000651367
SupportRiskOnly_B10,JILONG_EI_0009,930,B10,105;74;219;13;232;174;46;103;178;201;41;156;3;34;72;36;213;165;60,0.1,19,102,19,0.0792091338606795,,False,,,0.7662538699690401,,,,19,0,54.65160000312608,1.906400008010678,70.19259998924099,2.8509999974630773
SupportRiskOnly_B10,JILONG_EI_0009,940,B10,219;13;90;217;174;46;58;161;121;156;103;49;23;3;206;128;100;35;215,0.1,19,102,19,0.0491994088413443,,False,,,0.7533539731682146,,,,19,0,54.41880000580568,1.8374999926891176,70.57939999504015,2.259600005345419
SupportRiskOnly_B10,JILONG_EI_0009,950,B10,90;13;219;232;58;190;46;158;104;201;177;128;49;172;60;4;35;166;134,0.1,19,101,19,0.0486633841535787,,False,,,0.7754038561750911,,,,19,0,54.60769998899195,1.8959000008180735,71.1386000039056,2.271499994094484
SupportRiskOnly_B10,JILONG_EI_0009,960,B10,13;90;218;174;58;232;46;121;128;161;103;5;156;206;35;100;32;10;214,0.1,19,100,19,0.0477291696977586,,False,,,0.7489473684210527,,,,19,0,54.25349999859464,1.8841999990399927,70.87280000268947,2.245099996798672
SupportRiskOnly_B10,JILONG_EI_0009,970,B10,219;90;29;174;232;58;104;178;5;201;35;60;3;206;156;128;49;166;213,0.1,19,101,19,0.0590316331140737,,False,,,0.7529963522668057,,,,19,0,54.57219999516383,1.86980000580661,72.49219999357592,2.9068000003462657
SupportRiskOnly_B10,JILONG_EI_0009,980,B10,219;13;90;46;174;217;58;161;104;156;128;215;49;4;165;36;60;10;185,0.1,19,101,19,0.0604099823111853,,False,,,0.746743095362168,,,,19,0,54.523600003449246,2.2554000024683774,70.21499999973457,2.212799998233095
SupportRiskOnly_B10,JILONG_EI_0009,990,B10,219;90;13;190;232;157;58;104;46;201;178;128;3;35;213;49;166;116;10,0.1,19,98,19,0.0633964055715937,,False,,,0.7518796992481204,,,,19,0,55.8926999947289,1.76830000418704,71.55170000623912,3.0506999901263043
SupportRiskOnly_B10,JILONG_EI_0009,1000,B10,90;235;13;232;174;58;202;46;104;161;156;35;3;206;128;165;44;10;5,0.1,19,99,19,0.0595906302884578,,False,,,0.7554492291334396,,,,19,0,54.60379998839926,1.8122999899787828,69.74679999984801,2.931800001533702
SupportRiskOnly_B10,JILONG_EI_0009,1010,B10,219;90;13;232;174;58;103;121;46;161;201;166;49;156;3;60;36;5;100,0.1,19,98,19,0.0582811985512018,,False,,,0.7540279269602577,,,,19,0,53.85790001309943,1.7259000014746562,70.58289999258704,3.2285000052070245
SupportRiskOnly_B10,JILONG_EI_0009,1020,B10,219;90;13;217;104;174;58;46;3;178;128;166;49;156;215;35;170;5;44,0.1,19,99,19,0.0742547342466173,,False,,,0.7384370015948964,,,,19,0,54.63850000523962,1.679699998931028,71.1235999915516,2.336200006539002
SupportRiskOnly_B10,JILONG_EI_0009,1030,B10,219;90;13;232;174;58;104;206;161;201;35;3;172;61;128;49;165;5;71,0.1,19,102,19,0.0747141839789878,,False,,,0.7512899896800826,,,,19,0,54.08699999679811,1.7884999979287386,70.3769999963697,2.2467999951913957
SupportRiskOnly_B10,JILONG_EI_0009,1040,B10,13;90;218;232;58;174;88;46;206;121;161;33;60;156;3;165;35;112;5,0.1,19,104,19,0.0439923118744783,,False,,,0.7591093117408907,,,,19,0,53.99870000837837,1.8146000074921176,71.03799999458715,2.2447000083047897
SupportRiskOnly_B10,JILONG_EI_0009,1050,B10,90;13;218;232;190;58;158;104;176;156;49;128;44;3;165;178;52;46;229,0.1,19,100,19,0.0736804220811541,,False,,,0.7631578947368421,,,,19,0,54.42390000098385,1.7357999895466492,70.75659999100026,2.33509999816306
SupportRiskOnly_B10,JILONG_EI_0009,1060,B10,219;90;13;46;232;174;58;103;121;206;156;161;201;3;44;128;36;49;166,0.1,19,101,19,0.0695224020032008,,False,,,0.7842626367899949,,,,19,0,54.24830000265501,1.72309999470599,70.30659999873023,2.26239999756217
SupportRiskOnly_B10,JILONG_EI_0009,1070,B10,13;74;219;106;217;174;128;104;156;35;177;41;46;134;3;215;60;206;100,0.1,19,103,19,0.066199048939054,,False,,,0.7807869187531937,,,,19,0,54.43550000200048,2.430099993944168,70.03489999624435,2.263499991386197
SupportRiskOnly_B10,JILONG_EI_0009,1080,B10,13;90;219;174;58;232;46;121;119;156;161;201;3;128;44;213;36;33;165,0.1,19,103,19,0.0722867578929635,,False,,,0.7659683188553909,,,,19,0,54.66550000710413,1.8867000035243109,69.57969999348279,2.2661999973934144
SupportRiskOnly_B10,JILONG_EI_0009,1090,B10,219;13;90;232;190;58;104;158;156;178;46;201;3;128;165;35;134;102;60,0.1,19,102,19,0.0677688355246533,,False,,,0.7631578947368421,,,,19,0,54.43390000436921,1.9227000011596829,70.22069999948144,2.227899996796623
SupportRiskOnly_B10,JILONG_EI_0009,1100,B10,90;235;13;174;58;217;104;203;3;161;46;156;206;165;215;52;134;5;66,0.1,19,102,19,0.0524691594367146,,False,,,0.7610939112487101,,,,19,0,54.231899994192645,1.8353000050410628,69.85129999520723,2.229999998235144
SupportRiskOnly_B10,JILONG_EI_0009,1110,B10,219;90;29;232;121;174;103;3;201;177;156;61;58;35;135;128;33;100;213,0.1,19,100,19,0.0786807666684534,,False,,,0.7505263157894738,,,,19,0,54.43869999726303,1.748900001985021,70.69079999928363,2.2481000050902367
SupportRiskOnly_B10,JILONG_EI_0009,1120,B10,37;13;219;90;232;46;174;104;161;3;128;60;135;58;156;201;49;229;170,0.1,19,101,19,0.0555551301391366,,False,,,0.7712350182386661,,,,19,0,54.03100000694394,1.859000010881573,70.45250000373926,2.2330000065267086
SupportRiskOnly_B10,JILONG_EI_0009,1130,B10,105;232;74;235;13;174;46;202;161;3;103;156;135;35;41;49;44;214;133,0.1,19,99,19,0.1007420113177784,,False,,,0.7671451355661881,,,,19,0,54.40039999666624,1.7176999972434714,70.25930000236258,2.227899996796623
SupportRiskOnly_B10,JILONG_EI_0009,1140,B10,219;232;90;13;104;58;190;158;3;46;178;156;134;201;49;166;36;44;128,0.1,19,100,19,0.0732822323130996,,False,,,0.764736842105263,,,,19,0,54.80559999705292,1.7694999987725168,70.53450000239536,2.232099999673665
SupportRiskOnly_B10,JILONG_EI_0009,1150,B10,13;90;232;218;174;58;121;3;46;103;161;156;35;135;49;186;44;165;23,0.1,19,101,19,0.0660841865059613,,False,,,0.7696717040125066,,,,19,0,54.20849999063648,1.761500010616146,70.85859999642707,2.579599997261539
SupportRiskOnly_B10,JILONG_EI_0009,1160,B10,219;90;232;13;104;174;3;46;58;201;156;135;177;49;44;165;36;229;128,0.1,19,100,19,0.0707552587850617,,False,,,0.7526315789473684,,,,19,0,54.553399997530505,1.8714999896474185,71.17899999138899,2.311900010681711
SupportRiskOnly_B10,JILONG_EI_0009,1170,B10,74;232;106;13;104;218;190;46;157;3;161;60;128;171;166;41;134;33;212,0.1,19,100,19,0.0622324662495884,,False,,,0.7736842105263159,,,,19,0,54.63860000600107,1.8491999944671988,70.59230000595562,2.2517000033985823
SupportRiskOnly_B10,JILONG_EI_0009,1180,B10,219;90;29;217;174;58;104;3;156;178;215;147;61;186;134;33;165;36;102,0.1,19,98,19,0.0800208283878674,,False,,,0.7352309344790547,,,,19,0,54.557800001930445,2.338899997994304,70.7414000062272,2.242699993075803
SupportRiskOnly_B10,JILONG_EI_0009,1190,B10,13;90;218;232;104;174;46;58;147;3;161;134;156;128;49;36;165;44;185,0.1,19,97,19,0.0681440528060892,,False,,,0.7400976668475313,,,,19,0,55.13059999793768,1.7835000035120174,70.39619999704883,2.2600999946007505
SupportRiskOnly_B10,JILONG_EI_0009,1200,B10,219;74;105;13;232;158;190;201;103;3;46;147;134;177;156;49;36;165;60,0.1,19,99,19,0.0641008951612285,,False,,,0.7724614566719828,,,,19,0,55.16119999811053,1.728900009766221,70.53469998936635,2.277799998410046
SupportRiskOnly_B10,JILONG_EI_0009,1210,B10,219;90;13;104;232;174;58;46;147;3;201;161;134;206;36;171;49;166;44,0.1,19,99,19,0.0626383135131823,,False,,,0.7825624667729931,,,,19,0,54.90190000273287,1.7323999927612022,70.6248000060441,2.242600006866269
SupportRiskOnly_B10,JILONG_EI_0009,1220,B10,219;74;106;217;29;104;174;147;3;156;49;178;35;215;60;100;134;41;170,0.1,19,99,19,0.078795629101546,,False,,,0.7549175970228601,,,,19,0,54.53679998754524,1.7769999976735562,70.27799999923445,2.294399993843399
SupportRiskOnly_B10,JILONG_EI_0009,1230,B10,13;235;74;105;232;46;174;203;147;3;103;161;201;128;49;36;135;172;41,0.1,19,100,19,0.0581280486404116,,False,,,0.7952631578947369,,,,19,0,54.57720000413247,1.7196000117110088,70.01039999886416,2.230400001280941
SupportRiskOnly_B10,JILONG_EI_0009,1240,B10,90;104;13;235;232;174;58;202;147;3;156;161;128;61;49;35;229;179;165,0.1,19,99,19,0.0761691081314945,,False,,,0.7464114832535885,,,,19,0,55.17770000733435,1.755999997840263,69.949099997757,2.2215999924810603
SupportRiskOnly_B10,JILONG_EI_0009,1250,B10,219;90;13;121;232;174;58;3;46;88;119;147;201;156;161;206;44;128;49,0.1,19,102,19,0.0589703731497576,,False,,,0.7946336429308565,,,,19,0,54.99450000934303,1.7984000005526468,69.94269999267999,2.2031999978935346
SupportRiskOnly_B10,JILONG_EI_0009,1260,B10,90;13;235;216;104;58;190;46;3;158;203;177;49;128;60;171;72;36;166,0.1,19,99,19,0.0527678017627554,,False,,,0.7900053163211058,,,,19,0,54.70610001066234,1.736899997922592,70.35460000042804,2.215900007286109
SupportRiskOnly_B10,JILONG_EI_0009,1270,B10,219;74;13;105;217;174;103;3;186;178;156;44;41;35;72;49;46;215;93,0.1,19,100,19,0.0868206844269513,,False,,,0.7721052631578948,,,,19,0,56.36950000189245,2.119699987815693,70.30910000321455,2.319000006536953
SupportRiskOnly_B10,JILONG_EI_0009,1280,B10,90;219;29;232;104;2;158;190;201;178;156;58;72;49;165;36;60;134;93,0.1,19,101,19,0.0637945953396482,,False,,,0.754038561750912,,,,19,0,54.24040000070818,1.727700000628829,72.20850000157952,2.8786999901058152
SupportRiskOnly_B10,JILONG_EI_0009,1290,B10,90;218;46;232;174;104;14;58;186;3;206;161;156;134;35;44;49;166;229,0.1,19,99,19,0.060164942453921,,False,,,0.7841573631047316,,,,19,0,54.33689999335911,1.7667999927653,70.16440000734292,2.842599991708994
SupportRiskOnly_B10,JILONG_EI_0009,1300,B10,90;13;235;104;232;203;174;135;46;49;201;177;36;3;58;128;72;156;93,0.1,19,100,19,0.0470323376036633,,False,,,0.7768421052631579,,,,19,0,54.22089999774471,1.7205000040121377,70.5078000028152,2.2428000083891675
SupportRiskOnly_B10,JILONG_EI_0009,1310,B10,219;74;106;13;174;104;232;2;46;206;49;128;156;178;201;41;229;44;36,0.1,19,101,19,0.0811924252054123,,False,,,0.7899947889525795,,,,19,0,54.55950000032317,1.8742999964160845,69.82629999401979,2.222399998572655
SupportRiskOnly_B10,JILONG_EI_0009,1320,B10,90;13;219;121;217;158;103;3;190;46;49;186;161;156;60;36;229;133;41,0.1,19,98,19,0.0860089898997633,,False,,,0.7808807733619764,,,,19,0,54.33640000410378,1.7494000057922676,70.44480000331532,2.199600014137104
SupportRiskOnly_B10,JILONG_EI_0009,1330,B10,90;232;219;104;174;29;3;58;201;156;49;134;61;177;229;165;36;100;93,0.1,19,100,19,0.0760619031939413,,False,,,0.7578947368421054,,,,19,0,54.146499998751096,1.7136999958893284,73.29509999544825,3.1051999976625666
SupportRiskOnly_B10,JILONG_EI_0009,1340,B10,74;13;105;219;174;217;46;3;119;156;252;10;36;44;128;41;49;229;161,0.1,19,103,19,0.074476801617263,,False,,,0.7700562084823709,,,,19,0,55.43340000440367,2.412400004686788,71.53229998948518,3.205200002412312
SupportRiskOnly_B10,JILONG_EI_0009,1350,B10,90;235;13;104;58;232;203;174;3;46;201;135;176;156;36;178;10;60;128,0.1,19,103,19,0.0541078634821695,,False,,,0.8007153806847217,,,,19,0,54.70910000440199,1.7228999931830913,70.00279999920167,2.8067999955965206
SupportRiskOnly_B10,JILONG_EI_0009,1360,B10,219;90;13;232;104;174;3;58;201;171;36;44;10;72;161;49;165;46;229,0.1,19,103,19,0.0671868658636506,,False,,,0.7680122636688809,,,,19,0,54.05359998985659,1.797299992176704,69.80450000264682,2.796700006001629
SupportRiskOnly_B10,JILONG_EI_0009,1370,B10,219;74;106;232;13;84;3;174;104;46;201;156;10;166;229;35;177;93;44,0.1,19,102,19,0.0666738136625035,,False,,,0.7920536635706914,,,,19,0,54.59509999491274,1.730599993607029,70.10499999159947,2.997000003233552
SupportRiskOnly_B10,JILONG_EI_0009,1380,B10,90;232;218;121;29;3;58;158;190;103;10;161;36;229;49;60;135;155;165,0.1,19,100,19,0.0595906302884578,,False,,,0.7863157894736843,,,,19,0,54.25580000155605,1.717300008749589,69.97930000943597,2.452299988362938
SupportRiskOnly_B10,JILONG_EI_0009,1390,B10,90;13;232;104;2;219;174;46;58;201;156;10;178;35;229;166;44;134;93,0.1,19,105,19,0.068412065149972,,False,,,0.7844611528822054,,,,19,0,54.62989999796264,1.7336000018985942,71.14680000813678,2.896799996960908
SupportRiskOnly_B10,JILONG_EI_0009,1400,B10,106;74;217;219;3;174;13;104;46;161;36;10;165;156;44;100;41;49;229,0.1,19,102,19,0.0813226026295839,,False,,,0.7652218782249742,,,,19,0,56.81470000126865,2.448700004606508,72.18769998871721,3.216699988115579
SupportRiskOnly_B10,JILONG_EI_0009,1410,B10,13;90;58;235;203;3;216;104;158;46;35;60;171;10;177;190;147;49;166,0.1,19,103,19,0.0512669326370117,,False,,,0.8027593254982116,,,,19,0,54.507599998032674,1.922900002682581,70.62310000765137,2.238799992483109
SupportRiskOnly_B10,JILONG_EI_0009,1420,B10,219;106;13;74;3;104;232;174;201;49;35;46;44;134;161;171;229;93;10,0.1,19,103,19,0.0668346210688332,,False,,,0.7787429739397037,,,,19,0,54.507299995748326,1.713899997412227,70.97509999584872,2.202699994086288
SupportRiskOnly_B10,JILONG_EI_0009,1430,B10,90;219;104;3;29;58;232;174;201;36;49;178;156;61;206;165;135;229;93,0.1,19,106,19,0.0751966061979768,,False,,,0.7656405163853028,,,,19,0,55.00459999893792,1.7933000053744763,71.07259999611415,2.216799999587238
SupportRiskOnly_B10,JILONG_EI_0009,1440,B10,90;13;46;104;235;58;217;174;3;203;49;161;156;35;60;206;229;166;10,0.1,19,105,19,0.0462436155630939,,False,,,0.7784461152882205,,,,19,0,54.90709999867249,1.781500002834946,70.55099999706727,2.2336999973049387
SupportRiskOnly_B10,JILONG_EI_0019,10,B10,78;219;57;106;217;84;4;128;13;50;119;251;10;156;158;206;177;213;170,0.1,19,115,19,0.0700201392132689,,False,,,0.8375286041189932,,,,19,0,55.06690000765957,1.853800000390038,71.15129999874625,2.253500002552755
SupportRiskOnly_B10,JILONG_EI_0019,20,B10,219;58;217;84;106;119;4;112;50;251;29;77;10;157;177;155;213;185;133,0.1,19,113,19,0.0785582467398212,,False,,,0.8202142524452726,,,,19,0,54.4437999924412,1.7903999978443608,69.58209999720566,2.701999997952953
SupportRiskOnly_B10,JILONG_EI_0019,30,B10,74;217;219;77;119;251;49;105;4;29;112;35;192;157;178;155;100;68;213,0.1,19,115,19,0.0747831014388434,,False,,,0.8155606407322654,,,,19,0,54.156999991391785,1.77570000232663,70.13800001004711,2.2461999906226997
SupportRiskOnly_B10,JILONG_EI_0019,40,B10,219;57;119;90;77;232;251;201;50;13;4;112;158;177;121;46;155;213;10,0.1,19,113,19,0.0606779946550681,,False,,,0.8309268747088963,,,,19,0,54.49789999693167,1.7557999963173645,69.81570000061765,2.3324000067077577
SupportRiskOnly_B10,JILONG_EI_0019,50,B10,58;235;61;4;104;134;66;217;174;29;33;106;203;128;155;102;192;213;69,0.1,19,113,19,0.0720340605401597,,False,,,0.8323241732650208,,,,19,0,54.31710000266321,2.683800004888326,70.06740001088474,2.243200011434965
SupportRiskOnly_B10,JILONG_EI_0019,60,B10,57;219;61;13;251;105;33;232;157;4;51;201;91;103;135;177;112;179;190,0.1,19,112,19,0.0849063105420741,,False,,,0.81203007518797,,,,19,0,55.43300000135787,1.8641999922692776,73.07650000439025,3.1684999994467944
SupportRiskOnly_B10,JILONG_EI_0019,70,B10,74;60;218;251;105;157;50;29;20;216;176;119;186;178;41;214;52;99;128,0.1,19,112,19,0.0755947959660313,,False,,,0.7650375939849624,,,,19,0,55.12809999345336,1.7900000093504786,70.89499999710824,2.2656000073766336
SupportRiskOnly_B10,JILONG_EI_0019,80,B10,44;58;218;106;13;104;157;34;3;5;46;185;232;36;229;252;171;190;71,0.1,19,110,19,0.082647349357919,,False,,,0.7870813397129186,,,,19,0,54.35260001104325,2.368500005104579,70.69630001205951,2.212699997471645
SupportRiskOnly_B10,JILONG_EI_0019,90,B10,44;58;235;104;202;106;49;158;4;232;171;161;100;165;52;214;26;133;206,0.1,19,104,19,0.1148547755970932,,False,,,0.7338056680161942,,,,19,0,54.43390000436921,2.0323999924585223,69.55880000896286,2.2468999959528446
SupportRiskOnly_B10,JILONG_EI_0019,100,B10,28;57;218;104;90;157;61;185;171;50;19;232;252;69;25;134;206;213;112,0.1,19,101,19,0.10212036051489,,False,,,0.7519541427826993,,,,19,0,54.00440000812523,1.810100002330728,69.73100001050625,2.1966999920550734
SupportRiskOnly_B10,JILONG_EI_0019,110,B10,28;74;219;217;104;174;171;33;20;185;215;252;41;60;135;212;52;177;70,0.1,19,99,19,0.1088283266074997,,False,,,0.7448165869218502,,,,19,0,54.28169999504462,1.7118000105256217,70.14920000801794,2.82100000185892
SupportRiskOnly_B10,JILONG_EI_0019,120,B10,13;235;57;217;27;33;121;157;215;171;91;212;203;88;185;61;20;128;66,0.1,19,99,19,0.0965839912398251,,False,,,0.8112706007442849,,,,19,0,54.97050000121817,1.793800009181723,70.58839999081101,2.231600010418333
SupportRiskOnly_B10,JILONG_EI_0019,130,B10,27;74;219;174;105;217;171;29;49;206;185;4;212;252;61;128;177;41;135,0.1,19,100,19,0.0959943640832829,,False,,,0.7636842105263159,,,,19,0,54.63199999940116,2.0637999987229705,70.84200000099372,2.181199990445748
SupportRiskOnly_B10,JILONG_EI_0019,140,B10,57;27;235;202;121;174;13;33;171;91;88;233;134;200;35;60;206;213;4,0.1,19,103,19,0.0670030859707024,,False,,,0.7864077669902912,,,,19,0,55.03750000207219,1.7408999992767349,70.67709999682847,2.6018999924417585
SupportRiskOnly_B10,JILONG_EI_0019,150,B10,57;27;202;157;120;232;29;235;171;91;192;88;49;60;20;200;178;134;229,0.1,19,106,19,0.0771416100650121,,False,,,0.7954319761668321,,,,19,0,53.88400000811089,2.3993999930098653,70.13980000920128,2.244200004497543
SupportRiskOnly_B10,JILONG_EI_0019,160,B10,58;26;174;202;121;90;13;171;235;176;232;49;20;88;45;135;102;51;213,0.1,19,101,19,0.0798140760083007,,False,,,0.7691505992704534,,,,19,0,54.316499998094514,1.7860000079963356,69.92500000342261,2.2243999992497265
SupportRiskOnly_B10,JILONG_EI_0019,170,B10,57;26;90;157;219;121;217;29;171;35;192;33;185;60;88;252;4;134;213,0.1,19,101,19,0.0769348576854454,,False,,,0.7894736842105264,,,,19,0,53.9851999928942,1.764900007401593,70.09210000978783,2.8337000112514943
SupportRiskOnly_B10,JILONG_EI_0019,180,B10,57;10;157;202;105;13;232;20;171;91;235;34;177;165;60;32;112;101;103,0.1,19,102,19,0.0773866499222764,,False,,,0.7414860681114551,,,,19,0,54.633399995509535,1.7607999907340854,70.34130000101868,2.483400006894953
SupportRiskOnly_B10,JILONG_EI_0019,190,B10,57;25;174;90;202;13;104;156;233;49;235;20;170;135;60;52;133;86;23,0.1,19,99,19,0.1099003759830309,,False,,,0.7352472089314194,,,,19,0,54.46290000691079,1.7777000030037016,71.76229999458883,2.265400005853735
SupportRiskOnly_B10,JILONG_EI_0019,200,B10,57;25;13;157;217;219;105;171;33;91;4;185;60;252;35;27;66;196;135,0.1,19,99,19,0.1012320910323069,,False,,,0.7511961722488039,,,,19,0,55.07940000097733,1.884299999801442,71.32459999411367,2.2818999859737232
SupportRiskOnly_B10,JILONG_EI_0019,210,B10,57;10;174;217;13;219;121;90;33;171;88;20;252;185;196;44;102;135;144,0.1,19,99,19,0.080495593111317,,False,,,0.7357788410419989,,,,19,0,55.79650000436232,1.813399998354725,70.62060000316706,2.261400004499592
SupportRiskOnly_B10,JILONG_EI_0019,220,B10,58;13;217;157;219;120;106;40;10;50;171;192;88;252;213;185;93;4;32,0.1,19,99,19,0.0651423145546017,,False,,,0.7756512493354598,,,,19,0,55.53860000509303,1.730799995129928,70.26770000811666,2.2677000088151544
SupportRiskOnly_B10,JILONG_EI_0019,230,B10,57;219;217;13;157;105;10;112;33;155;91;252;46;229;24;4;185;36;66,0.1,19,102,19,0.053694358723036,,False,,,0.7538699690402476,,,,19,0,54.850500004249625,2.447300008498132,70.46919999993406,2.245700001367368
SupportRiskOnly_B10,JILONG_EI_0019,240,B10,57;13;219;217;174;121;88;10;90;50;171;46;206;20;32;177;112;229;185,0.1,19,102,19,0.0388694473585469,,False,,,0.7528379772961816,,,,19,0,54.86239999299869,1.9655999931273984,72.19409999379423,3.041700008907356
SupportRiskOnly_B10,JILONG_EI_0019,250,B10,13;74;219;88;233;157;201;120;49;10;106;171;46;35;99;206;41;60;177,0.1,19,102,19,0.0677688355246533,,False,,,0.7708978328173375,,,,19,0,54.24320000747685,1.824299994041212,70.48770000983495,2.2480000043287878
SupportRiskOnly_B10,JILONG_EI_0019,260,B10,58;13;219;232;88;174;90;10;121;201;33;156;35;112;170;61;40;102;165,0.1,19,104,19,0.0987510624775061,,False,,,0.7773279352226721,,,,19,0,54.3269999907352,2.1749000006821007,69.76209999993443,2.253200000268407
SupportRiskOnly_B10,JILONG_EI_0019,270,B10,57;219;105;13;217;158;33;10;91;171;51;20;23;46;103;93;177;112;185,0.1,19,103,19,0.0557618825187034,,False,,,0.7470618293306082,,,,19,0,54.802899991045706,1.8090000085067004,70.52740000654012,2.2447000083047897
SupportRiskOnly_B10,JILONG_EI_0019,280,B10,219;13;74;217;105;157;251;33;10;23;35;171;46;103;177;112;185;213;68,0.1,19,104,19,0.0628450658927491,,False,,,0.75,,,,19,0,54.11879999155644,1.804500003345311,69.79090000095312,2.2507999965455383
SupportRiskOnly_B10,JILONG_EI_0019,290,B10,219;13;57;90;217;104;158;49;46;35;192;10;172;23;4;178;186;102;112,0.1,19,106,19,0.0442603242183611,,False,,,0.7715988083416088,,,,19,0,54.882199998246506,1.724699992337264,69.92160000663716,2.2016000002622604
SupportRiskOnly_B10,JILONG_EI_0019,300,B10,219;13;233;58;104;90;157;201;33;35;10;46;155;23;112;3;66;177;229,0.1,19,104,19,0.0465192854025162,,False,,,0.7626518218623481,,,,19,0,56.2225000030594,1.7956000083358958,69.97709999268409,2.2119999921415
SupportRiskOnly_B10,JILONG_EI_0019,310,B10,13;219;233;74;88;174;201;120;49;106;35;10;23;156;45;161;93;4;170,0.1,19,108,19,0.0576762564035806,,False,,,0.7680311890838207,,,,19,0,54.031199993914925,1.7687999934423717,69.54640000185464,2.3837000044295564
SupportRiskOnly_B10,JILONG_EI_0019,320,B10,218;29;232;105;74;158;119;34;3;171;24;36;87;177;66;93;61;32;10,0.1,19,108,19,0.0784816717844261,,False,,,0.7207602339181287,,,,19,0,54.05439999594819,1.8807000014930964,70.25910000083968,2.254299994092434
SupportRiskOnly_B10,JILONG_EI_0019,330,B10,13;218;119;105;232;58;157;46;49;35;23;91;171;4;10;72;229;177;68,0.1,19,109,19,0.0487552741000528,,False,,,0.760985031385804,,,,19,0,54.579899995587766,1.808000000892207,71.93679999909364,2.6328000094508752
SupportRiskOnly_B10,JILONG_EI_0019,340,B10,202;235;13;233;105;74;174;46;119;49;35;3;171;24;10;72;177;213;179,0.1,19,109,19,0.0667427311223591,,False,,,0.7551907291163689,,,,19,0,54.49349999253173,1.776300006895326,71.72459999856073,2.3166999890236184
SupportRiskOnly_B10,JILONG_EI_0019,350,B10,219;217;104;13;90;58;158;49;46;35;3;172;23;10;102;112;170;135;72,0.1,19,111,19,0.0479895245461019,,False,,,0.7524893314366999,,,,19,0,54.11919999460224,1.858700008597225,69.99759998871014,2.3258999863173813
SupportRiskOnly_B10,JILONG_EI_0019,360,B10,218;13;232;104;90;57;157;46;49;35;23;3;155;10;60;102;185;177;100,0.1,19,107,19,0.064499084929283,,False,,,0.7373339891785539,,,,19,0,54.41159999463707,1.7961999983526766,70.04459999734536,2.210400009062141
SupportRiskOnly_B10,JILONG_EI_0019,370,B10,217;219;90;13;174;57;104;46;34;192;23;3;171;66;93;178;36;134;32,0.1,19,106,19,0.0402937415288955,,False,,,0.7279046673286992,,,,19,0,55.09030001121573,2.468700011377223,70.08590000623371,2.23579999874346
SupportRiskOnly_B10,JILONG_EI_0019,380,B10,13;202;105;235;233;119;74;157;34;3;46;171;66;23;41;112;177;5;60,0.1,19,104,19,0.0604559272844223,,False,,,0.7591093117408908,,,,19,0,56.39459998928942,1.792900002328679,69.77619999088347,2.3299000022234395
SupportRiskOnly_B10,JILONG_EI_0019,390,B10,217;219;90;29;119;57;34;158;88;172;3;121;23;192;66;10;61;161;170,0.1,19,104,19,0.0637792803485692,,False,,,0.7586032388663968,,,,19,0,54.39489999844227,2.0598000119207427,69.9358999991091,2.2265000006882474
SupportRiskOnly_B10,JILONG_EI_0019,400,B10,13;90;217;46;34;57;174;219;3;103;172;121;192;24;135;66;10;36;68,0.1,19,105,19,0.0528137467359925,,False,,,0.7664160401002507,,,,19,0,54.49759999464732,1.8309000006411225,70.0310999964131,2.213200001278892
SupportRiskOnly_B10,JILONG_EI_0019,410,B10,13;105;218;34;3;157;46;232;74;103;192;171;135;23;66;41;10;206;165,0.1,19,106,19,0.0563897971529431,,False,,,0.7611717974180735,,,,19,0,54.7666000056779,2.2350999934133142,70.05629999912344,2.1791000035591424
SupportRiskOnly_B10,JILONG_EI_0019,420,B10,90;13;217;34;4;235;46;104;158;58;172;192;23;135;66;213;102;215;170,0.1,19,105,19,0.0614973466777955,,False,,,0.7548872180451128,,,,19,0,54.55099999380764,1.7497999942861495,69.89060000341851,2.214000007370487
SupportRiskOnly_B10,JILONG_EI_0019,430,B10,13;219;90;3;217;35;46;49;58;157;119;88;192;121;171;23;229;178;60,0.1,19,106,19,0.0486404116669602,,False,,,0.78798411122145,,,,19,0,56.583099998533726,2.12840001040604,70.2620000083698,2.2101999929873277
SupportRiskOnly_B10,JILONG_EI_0019,440,B10,105;13;4;34;218;174;103;192;57;232;91;46;172;206;66;135;229;23;185,0.1,19,105,19,0.0375600156212909,,False,,,0.7829573934837092,,,,19,0,54.65109999931883,2.128599997377023,70.25170000270009,2.2609999869018798
SupportRiskOnly_B10,JILONG_EI_0019,450,B10,90;3;34;201;13;158;104;192;233;46;57;235;172;66;135;102;36;60;93,0.1,19,105,19,0.0620793163387982,,False,,,0.7724310776942356,,,,19,0,55.29880001267884,1.8127999937860293,70.72780000453349,2.278600004501641
SupportRiskOnly_B10,JILONG_EI_0019,460,B10,90;13;3;217;34;157;46;58;103;192;171;235;72;66;121;68;134;229;24,0.1,19,105,19,0.058449663453071,,False,,,0.7473684210526316,,,,19,0,56.38220001128502,1.730400006636046,71.06010000279639,2.2997000050963834
SupportRiskOnly_B10,JILONG_EI_0019,470,B10,13;90;3;35;46;218;58;84;158;49;120;172;232;88;192;213;178;165;134,0.1,19,106,19,0.0440535718387944,,False,,,0.7999006951340617,,,,19,0,55.39699998917058,1.7690000095171854,71.33540000359062,2.434900001389906
SupportRiskOnly_B10,JILONG_EI_0019,480,B10,105;13;84;3;201;174;74;35;46;103;233;33;172;192;235;41;66;60;206,0.1,19,107,19,0.0584726359396895,,False,,,0.8061977373339891,,,,19,0,55.44720000762027,1.8102000030921768,70.47890000103507,2.3106000007828698
SupportRiskOnly_B10,JILONG_EI_0019,490,B10,90;84;3;13;157;218;192;34;58;46;120;171;88;216;165;5;178;102;66,0.1,19,107,19,0.0548506405495018,,False,,,0.7653713723561238,,,,19,0,54.58129999169614,1.9195999921066689,70.19200001377612,2.262800000607968
SupportRiskOnly_B10,JILONG_EI_0019,500,B10,105;84;29;3;174;58;219;192;217;35;103;156;33;206;91;161;66;60;134,0.1,19,107,19,0.050233170739178,,False,,,0.7875061485489424,,,,19,0,54.08390000229701,1.928900004713796,70.21309999981895,2.2124000097392127
SupportRiskOnly_B10,JILONG_EI_0019,510,B10,13;90;3;46;201;84;192;158;58;104;233;35;172;235;49;165;213;215;135,0.1,19,107,19,0.0530511290977173,,False,,,0.7929168716182982,,,,19,0,54.36540000664536,2.72910000057891,69.79899998987094,2.3665000044275075
SupportRiskOnly_B10,JILONG_EI_0019,520,B10,13;90;4;202;157;84;192;58;46;104;34;233;171;66;36;235;165;178;212,0.1,19,108,19,0.0489467114885405,,False,,,0.7758284600389862,,,,19,0,54.43910000030883,2.0619999995687976,71.37200000579469,2.3655999975744635
SupportRiskOnly_B10,JILONG_EI_0019,530,B10,90;13;3;174;217;84;192;119;57;35;46;49;121;172;235;88;60;165;213,0.1,19,108,19,0.041174353515939,,False,,,0.7919103313840157,,,,19,0,55.21780000708532,1.7533000063849613,69.64840000728145,2.239900000859052
SupportRiskOnly_B10,JILONG_EI_0019,540,B10,105;219;29;3;74;217;84;174;192;119;35;49;171;41;178;112;165;87;215,0.1,19,111,19,0.0581586786225697,,False,,,0.7809388335704126,,,,19,0,55.929699999978766,1.819700002670288,69.92700000409968,2.434599999105558
SupportRiskOnly_B10,JILONG_EI_0019,550,B10,13;105;46;3;174;84;192;202;103;57;35;91;172;233;235;66;206;213;161,0.1,19,109,19,0.0425603602085901,,False,,,0.8097537421535491,,,,19,0,56.57709999650251,3.1790999928489327,70.45189999917056,2.3695999989286065
SupportRiskOnly_B10,JILONG_EI_0019,560,B10,13;90;3;157;84;219;192;217;58;35;46;103;171;49;178;165;134;60;213,0.1,19,109,19,0.0607086246372261,,False,,,0.8015451472718494,,,,19,0,54.49419999786187,2.667799999471754,69.6886999940034,2.2478000028058887
SupportRiskOnly_B10,JILONG_EI_0019,570,B10,90;29;3;58;84;158;218;119;176;51;156;216;88;5;49;165;170;10;213,0.1,19,106,19,0.059789725172485,,False,,,0.7567030784508441,,,,19,0,54.84190001152456,1.778499994543381,69.79730000603013,2.8208999865455557
SupportRiskOnly_B10,JILONG_EI_0019,580,B10,13;3;90;174;84;58;218;119;46;176;206;34;172;88;66;216;36;178;165,0.1,19,109,19,0.0390455697559556,,False,,,0.791887976822791,,,,19,0,54.389699987950735,1.861199998529628,70.22709999000654,2.2658999951090664
SupportRiskOnly_B10,JILONG_EI_0019,590,B10,219;105;29;119;3;157;84;58;217;176;35;49;171;91;213;165;178;5;60,0.1,19,110,19,0.0581969661002672,,False,,,0.7770334928229665,,,,19,0,55.51479999849107,1.8025000026682392,70.62509999377653,2.2595000045839697
SupportRiskOnly_B10,JILONG_EI_0019,600,B10,13;3;90;84;219;174;58;46;201;103;35;233;192;121;49;134;156;165;178,0.1,19,111,19,0.0485868091981836,,False,,,0.8259838786154576,,,,19,0,55.26990001089871,1.8280999938724565,71.35589999961667,3.3578000002307817
SupportRiskOnly_B10,JILONG_EI_0019,610,B10,13;105;3;218;84;74;158;46;103;178;51;192;172;165;213;216;135;33;41,0.1,19,111,19,0.0695224020032008,,False,,,0.7866287339971552,,,,19,0,55.30199999338947,2.645300002768636,70.90519998746458,2.252199992653914
SupportRiskOnly_B10,JILONG_EI_0019,620,B10,13;174;3;84;219;105;57;217;46;35;103;192;161;91;206;171;165;134;49,0.1,19,111,19,0.0391527746935087,,False,,,0.8093883357041252,,,,19,0,55.237900000065565,1.959200002602301,70.07609998981934,2.271799996378832
SupportRiskOnly_B10,JILONG_EI_0019,630,B10,13;3;157;84;219;58;106;46;217;178;88;34;119;165;213;60;155;36;190,0.1,19,109,19,0.0557006225543873,,False,,,0.8000965717044904,,,,19,0,54.112600002554245,2.246399992145598,70.19060000311583,2.2102000075392425
SupportRiskOnly_B10,JILONG_EI_0019,640,B10,13;174;3;219;217;58;89;161;46;68;103;35;165;134;156;213;49;100;91,0.1,19,107,19,0.0623090412049835,,False,,,0.8002951303492375,,,,19,0,54.113499994855374,1.738499995553866,71.08120000339113,2.3108000023057684
SupportRiskOnly_B10,JILONG_EI_0019,650,B10,13;174;90;46;217;84;219;57;3;161;104;51;49;165;5;171;213;134;215,0.1,19,109,19,0.0516268349273686,,False,,,0.8126508932882666,,,,19,0,55.274199999985285,1.9540000066626817,71.15010000416078,2.336999998078681
SupportRiskOnly_B10,JILONG_EI_0019,660,B10,13;217;174;84;219;58;3;178;105;46;119;91;35;5;172;165;213;66;176,0.1,19,111,19,0.0402477965556585,,False,,,0.8074917022285443,,,,19,0,54.1739000036614,1.857099996414036,70.20750000083353,2.335299999685958
SupportRiskOnly_B10,JILONG_EI_0019,670,B10,219;29;217;174;74;84;161;3;119;105;206;49;172;51;213;165;10;41;170,0.1,19,110,19,0.0634117205626727,,False,,,0.791866028708134,,,,19,0,54.2929999937769,1.823099999455735,71.34059999953024,2.363599996897392
SupportRiskOnly_B10,JILONG_EI_0019,680,B10,13;219;90;58;157;84;161;46;3;217;103;134;121;35;49;213;155;165;60,0.1,19,109,19,0.0578983237742264,,False,,,0.8136166103331725,,,,19,0,54.801000005682,1.8052999948849904,70.54460000654217,2.2247000015340745
SupportRiskOnly_B10,JILONG_EI_0019,690,B10,13;219;174;57;161;105;201;3;46;233;134;5;91;50;103;165;171;100;213,0.1,19,107,19,0.0539776860579978,,False,,,0.8111165764879488,,,,19,0,54.95679999876302,1.7800999921746552,70.65159999183379,2.354600001126528
SupportRiskOnly_B10,JILONG_EI_0019,700,B10,13;58;218;178;158;3;89;46;49;134;232;206;91;5;103;35;213;172;165,0.1,19,108,19,0.051573232458592,,False,,,0.7997076023391813,,,,19,0,55.69839999952819,1.795099989976734,71.06750000093598,2.361199993174523
SupportRiskOnly_B10,JILONG_EI_0019,710,B10,13;174;219;161;58;251;105;217;4;46;49;192;35;213;134;165;155;91;103,0.1,19,108,19,0.0435711496198053,,False,,,0.8026315789473685,,,,19,0,57.231300001149066,1.882700002170168,74.52140000532381,2.4883000005502254
SupportRiskOnly_B10,JILONG_EI_0019,720,B10,13;84;161;174;218;57;232;251;5;3;105;46;50;213;156;91;60;135;165,0.1,19,106,19,0.049375531238753,,False,,,0.8038728897715988,,,,19,0,54.4998000113992,1.7271999968215823,70.182700001169,2.208500009146519
SupportRiskOnly_B10,JILONG_EI_0019,730,B10,13;74;178;157;84;232;251;218;3;105;5;46;35;103;49;213;10;171;165,0.1,19,105,19,0.0542993008706572,,False,,,0.8090225563909774,,,,19,0,54.34919999970589,2.07349999982398,69.90560000122059,2.2398000000976026
SupportRiskOnly_B10,JILONG_EI_0019,740,B10,13;219;161;84;174;3;74;251;5;217;105;46;213;35;66;103;10;33;41,0.1,19,106,19,0.0540619185089324,,False,,,0.8108242303872889,,,,19,0,54.33679999259766,1.78240000968799,69.89889999385923,2.214000007370487
SupportRiskOnly_B10,JILONG_EI_0019,750,B10,13;58;219;174;161;46;90;217;5;88;35;120;3;213;134;100;10;102;49,0.1,19,105,19,0.0491381488770282,,False,,,0.7989974937343357,,,,19,0,54.260000004433095,1.7271999968215823,70.04740000411402,2.182200012612157
SupportRiskOnly_B10,JILONG_EI_0019,760,B10,13;219;161;58;158;105;217;20;46;134;213;34;103;172;190;91;10;44;68,0.1,19,106,19,0.0779609620877395,,False,,,0.7770605759682225,,,,19,0,54.06000000948552,1.7958000098587945,70.90009999228641,2.2572999878320843
SupportRiskOnly_B10,JILONG_EI_0019,770,B10,219;13;58;174;105;178;5;201;35;3;46;233;213;134;103;165;49;128;10,0.1,19,107,19,0.0519101622623304,,False,,,0.8037383177570094,,,,19,0,54.614199994830415,1.7555000085849315,70.80539999878965,2.387500004260801
SupportRiskOnly_B10,JILONG_EI_0019,780,B10,13;174;161;57;218;105;46;3;5;213;35;134;49;103;216;165;156;60;10,0.1,19,106,19,0.0630365032812368,,False,,,0.7760675273088381,,,,19,0,55.087500004447065,1.7349999980069697,72.04729999648407,3.0669999978272244
SupportRiskOnly_B10,JILONG_EI_0019,790,B10,29;174;58;84;219;161;105;217;5;3;213;51;134;49;103;165;10;172;206,0.1,19,108,19,0.0475453898048104,,False,,,0.7797270955165692,,,,19,0,54.412800003774464,1.8330000020796435,69.85980000172276,2.2221999970497563
SupportRiskOnly_B10,JILONG_EI_0019,800,B10,13;74;46;84;157;235;178;105;217;5;35;213;166;3;103;41;66;44;176,0.1,19,107,19,0.0862080847837906,,False,,,0.8140678799803245,,,,19,0,55.09400001028553,2.7307999989716336,69.85299999359995,2.274400001624599
SupportRiskOnly_B10,JILONG_EI_0019,810,B10,219;13;174;58;84;161;217;121;5;89;213;46;206;165;35;3;134;49;103,0.1,19,107,19,0.0421315404583776,,False,,,0.8229217904574521,,,,19,0,56.52240000199527,1.796900003682822,70.48409999697469,2.885099995182827
SupportRiskOnly_B10,JILONG_EI_0019,820,B10,13;174;58;218;84;161;105;5;46;213;165;3;103;44;50;36;135;116;10,0.1,19,107,19,0.0806946879953442,,False,,,0.79144121987211,,,,19,0,54.9656000075629,2.5074000004678965,70.08289999794215,2.6111000042874366
SupportRiskOnly_B10,JILONG_EI_0019,830,B10,219;74;29;174;217;178;105;5;213;35;100;49;165;60;128;41;103;134;3,0.1,19,107,19,0.0724016203260561,,False,,,0.7939006394490901,,,,19,0,54.231100002652965,1.782199993613176,70.18429999880027,2.305499991052784
SupportRiskOnly_B10,JILONG_EI_0019,840,B10,13;232;46;57;105;174;161;218;213;20;103;49;165;100;44;172;206;91;51,0.1,19,106,19,0.0755718234794128,,False,,,0.7954319761668321,,,,19,0,54.80770001304336,1.7647000058786944,70.98869999754243,2.290400007041171
SupportRiskOnly_B10,JILONG_EI_0019,850,B10,13;106;232;74;219;158;161;201;46;190;104;35;3;213;5;165;49;44;134,0.1,19,106,19,0.0725930577145438,,False,,,0.823733862959285,,,,19,0,55.70599999919068,2.6691999955801293,70.52760000806302,2.7735999901779
SupportRiskOnly_B10,JILONG_EI_0019,860,B10,13;174;58;217;105;178;235;103;46;166;128;35;49;4;213;134;100;171;72,0.1,19,104,19,0.0505318130652188,,False,,,0.7904858299595142,,,,19,0,54.46460000530351,2.105499996105209,69.83839999884367,2.1881000138819218
SupportRiskOnly_B10,JILONG_EI_0019,870,B10,13;46;74;219;174;161;105;232;165;128;201;20;49;172;103;41;170;206;44,0.1,19,105,19,0.086108537341777,,False,,,0.7904761904761903,,,,19,0,56.59790000936482,2.424700011033565,69.54749999567866,2.174699999159202
SupportRiskOnly_B10,JILONG_EI_0019,880,B10,219;29;232;174;57;105;161;35;5;128;165;3;100;156;201;49;87;213;91,0.1,19,105,19,0.0570942867425779,,False,,,0.7709273182957393,,,,19,0,56.09159999585245,2.456299989717081,70.36860000516754,2.81060000997968
SupportRiskOnly_B10,JILONG_EI_0019,890,B10,219;13;46;57;105;232;174;178;128;103;35;165;172;201;44;213;134;3;49,0.1,19,104,19,0.074446171635105,,False,,,0.7884615384615384,,,,19,0,54.30129999876954,1.7072999908123163,70.23589999880642,2.216200009570457
SupportRiskOnly_B10,JILONG_EI_0019,900,B10,13;58;219;157;90;161;217;121;190;88;128;46;35;134;66;165;213;60;102,0.1,19,104,19,0.0652878069698524,,False,,,0.7925101214574899,,,,19,0,56.19529999967199,1.753899996401742,71.27390000096057,2.7255000022705644
SupportRiskOnly_B10,JILONG_EI_0019,910,B10,74;29;219;174;178;105;192;232;103;35;4;165;134;172;201;41;213;128;100,0.1,19,104,19,0.0685192700875251,,False,,,0.77834008097166,,,,19,0,55.93970000336412,1.849299995228648,70.52320000366308,2.260799999930896
SupportRiskOnly_B10,JILONG_EI_0019,920,B10,219;13;74;232;174;46;105;161;192;4;165;35;134;103;156;201;128;100;44,0.1,19,103,19,0.0727768376074921,,False,,,0.7823198773633112,,,,19,0,54.97310000646394,1.7356999887851998,70.43819999671541,2.318600003491156
SupportRiskOnly_B10,JILONG_EI_0019,930,B10,13;218;84;58;232;174;90;46;192;161;104;5;35;165;128;156;134;3;10,0.1,19,105,19,0.0358753666025989,,False,,,0.8045112781954886,,,,19,0,55.19230000209063,1.7261000029975548,71.06510001176503,2.842800007783808
SupportRiskOnly_B10,JILONG_EI_0019,940,B10,219;13;74;174;217;46;105;178;128;103;20;34;165;100;215;93;213;171;68,0.1,19,104,19,0.0696525794273724,,False,,,0.777327935222672,,,,19,0,54.66799999703653,1.7588000046089292,70.36710000829771,2.198999995016493
SupportRiskOnly_B10,JILONG_EI_0019,950,B10,13;74;84;219;106;174;232;161;46;128;3;35;120;88;165;201;206;66;229,0.1,19,108,19,0.0398036618143669,,False,,,0.8162768031189084,,,,19,0,54.328099999111146,1.818199991248548,70.7228999963263,2.285199996549636
SupportRiskOnly_B10,JILONG_EI_0019,960,B10,84;235;174;29;74;105;217;128;178;4;35;103;166;66;155;116;61;214;135,0.1,19,105,19,0.0842937108989134,,False,,,0.7719298245614035,,,,19,0,56.83359999966342,2.688799999305047,70.84179999947082,2.8940999909536917
SupportRiskOnly_B10,JILONG_EI_0019,970,B10,13;46;128;219;217;74;158;105;161;190;4;35;103;33;135;165;44;72;156,0.1,19,105,19,0.0704413014679418,,False,,,0.8080200501253133,,,,19,0,55.55200000526384,1.8182000058004637,70.21000000531785,2.21060001058504
SupportRiskOnly_B10,JILONG_EI_0019,980,B10,219;13;174;128;90;57;217;46;121;177;4;35;33;103;44;134;165;170;10,0.1,19,105,19,0.0655787918003537,,False,,,0.7894736842105262,,,,19,0,53.99790000228677,1.7662000027485192,69.98539999767672,2.600400010123849
SupportRiskOnly_B10,JILONG_EI_0019,990,B10,13;219;58;217;174;128;105;178;46;4;35;103;33;60;135;72;171;166;185,0.1,19,105,19,0.0526682543207418,,False,,,0.7844611528822054,,,,19,0,54.57839999871794,1.7121999990195036,70.09520000428893,2.2179999941727147
SupportRiskOnly_B10,JILONG_EI_0019,1000,B10,219;13;74;174;217;128;105;161;33;46;103;20;51;172;165;135;100;170;213,0.1,19,105,19,0.0605478172308964,,False,,,0.7719298245614035,,,,19,0,54.35160000342876,1.7121999990195036,71.4326000015717,3.072000006795861
SupportRiskOnly_B10,JILONG_EI_0019,1010,B10,219;13;84;174;251;217;128;74;105;178;35;46;134;33;5;23;3;172;206,0.1,19,108,19,0.0284629109203543,,False,,,0.8172514619883041,,,,19,0,54.30129999876954,2.0726000075228512,70.01039999886416,2.759199996944517
SupportRiskOnly_B10,JILONG_EI_0019,1020,B10,219;128;232;29;157;251;74;201;190;105;161;33;103;134;5;35;3;165;155,0.1,19,104,19,0.0516880948916847,,False,,,0.8173076923076923,,,,19,0,53.95640000642743,1.7686999926809222,70.05939999362454,2.8128999983891845
SupportRiskOnly_B10,JILONG_EI_0019,1030,B10,46;235;232;128;13;58;106;174;177;3;33;202;120;155;134;206;165;35;44,0.1,19,104,19,0.0548812705316599,,False,,,0.826923076923077,,,,19,0,55.09509998955764,1.7151000065496191,72.1625000005588,2.7298000059090555
SupportRiskOnly_B10,JILONG_EI_0019,1040,B10,13;219;128;90;217;158;161;192;57;33;3;103;35;46;135;172;44;190;121,0.1,19,104,19,0.0613518542625448,,False,,,0.8198380566801621,,,,19,0,54.379299996071495,1.7594000091776252,71.4729999890551,3.2815000013215467
SupportRiskOnly_B10,JILONG_EI_0019,1050,B10,218;13;128;105;232;174;74;192;178;33;46;103;44;135;35;3;172;165;41,0.1,19,104,19,0.074897963871936,,False,,,0.8218623481781376,,,,19,0,54.39069999556523,1.7719000024953857,70.44759999553207,2.238100001704879
SupportRiskOnly_B10,JILONG_EI_0019,1060,B10,218;29;128;58;174;232;89;33;192;35;161;135;103;156;3;10;121;60;93,0.1,19,105,19,0.0535412088122458,,False,,,0.7909774436090226,,,,19,0,54.258599993772805,1.724399990052916,70.53979999909643,2.279899999848567
SupportRiskOnly_B10,JILONG_EI_0019,1070,B10,219;46;217;174;128;13;105;74;192;35;178;33;134;44;102;3;10;66;100,0.1,19,105,19,0.0688408849001845,,False,,,0.8070175438596491,,,,19,0,54.28490000485908,1.7765000084182248,70.7881999987876,2.418399992166087
SupportRiskOnly_B10,JILONG_EI_0019,1080,B10,13;84;218;232;128;46;74;174;161;192;105;35;33;103;135;3;44;66;155,0.1,19,105,19,0.0605937622041335,,False,,,0.8250626566416039,,,,19,0,54.32789999758825,2.645499989739619,69.78829999570735,2.4486000038450584
SupportRiskOnly_B10,JILONG_EI_0019,1090,B10,219;90;13;232;174;128;192;201;104;57;178;33;4;46;135;44;36;10;66,0.1,19,106,19,0.0632815431385011,,False,,,0.8123138033763655,,,,19,0,54.623799995169975,1.779699989128858,70.55599999148399,2.290699994773604
SupportRiskOnly_B10,JILONG_EI_0019,1100,B10,219;13;106;74;217;174;104;128;161;46;3;34;135;10;44;165;36;66;172,0.1,19,105,19,0.0611144719008201,,False,,,0.7699248120300751,,,,19,0,54.78910000238102,1.7794999876059592,70.27790001302492,2.2333999950205907
SupportRiskOnly_B10,JILONG_EI_0019,1110,B10,219;29;158;105;232;58;128;3;161;103;34;190;135;201;10;91;166;66;171,0.1,19,105,19,0.053663728740878,,False,,,0.7619047619047619,,,,19,0,54.23290000180714,1.796999989892356,69.87410000874661,2.541000008932315
SupportRiskOnly_B10,JILONG_EI_0019,1120,B10,219;13;46;3;217;57;174;120;90;178;88;128;35;44;33;176;134;10;206,0.1,19,106,19,0.0521169146418972,,False,,,0.8321747765640516,,,,19,0,54.71019999822602,1.753899996401742,69.95570000435691,2.2075000015320256
SupportRiskOnly_B10,JILONG_EI_0019,1130,B10,219;13;3;74;174;128;217;161;46;121;44;103;66;10;172;35;135;165;100,0.1,19,105,19,0.0677075755603372,,False,,,0.7894736842105262,,,,19,0,54.44540000462439,1.7642000020714477,71.11460001033265,3.735800011781976
SupportRiskOnly_B10,JILONG_EI_0019,1140,B10,235;29;232;3;157;57;128;105;202;178;103;91;10;51;200;60;49;155;134,0.1,19,105,19,0.0620333713655611,,False,,,0.8010025062656642,,,,19,0,54.42869999387767,1.7588000046089292,70.2266000007512,2.556000006734393
SupportRiskOnly_B10,JILONG_EI_0019,1150,B10,219;90;13;3;57;46;232;174;120;161;112;35;44;201;66;172;214;87;134,0.1,19,104,19,0.0663139113721466,,False,,,0.8279352226720649,,,,19,0,55.16850001004059,1.7502000118838623,70.53509999241214,2.729300002101809
SupportRiskOnly_B10,JILONG_EI_0019,1160,B10,13;218;3;90;57;174;104;46;232;178;128;35;44;172;49;135;10;102;229,0.1,19,102,19,0.0680291903729966,,False,,,0.80546955624355,,,,19,0,55.3512999904342,1.7476000066380948,71.09369999670889,2.687100000912324
SupportRiskOnly_B10,JILONG_EI_0019,1170,B10,90;29;219;3;217;174;104;161;57;66;172;61;34;128;36;134;10;215;100,0.1,19,104,19,0.0685499000696832,,False,,,0.7631578947368421,,,,19,0,56.711400000494905,2.394499999354593,70.58440000400878,2.261499990709126
SupportRiskOnly_B10,JILONG_EI_0019,1180,B10,13;90;46;3;218;174;57;232;177;103;44;128;35;172;121;66;93;10;33,0.1,19,104,19,0.0617117565529018,,False,,,0.7955465587044535,,,,19,0,54.55629999050871,2.042199994320981,70.64390000596177,2.23500000720378
SupportRiskOnly_B10,JILONG_EI_0019,1190,B10,219;90;3;217;13;58;158;161;104;128;44;156;35;46;66;10;33;190;170,0.1,19,105,19,0.0726926051565575,,False,,,0.7774436090225564,,,,19,0,57.05970000417437,2.4719999928493053,70.51520000095479,2.2933000000193715
SupportRiskOnly_B10,JILONG_EI_0019,1200,B10,90;3;219;29;217;104;57;174;178;35;134;10;128;171;61;213;33;66;185,0.1,19,105,19,0.0736651070900751,,False,,,0.749874686716792,,,,19,0,54.53480000142008,1.754500000970438,69.88780001120176,2.249299999675713
SupportRiskOnly_B10,JILONG_EI_0019,1210,B10,90;13;219;3;217;46;174;103;121;44;35;161;128;134;58;171;10;33;78,0.1,19,106,19,0.0834284139029489,,False,,,0.7904667328699105,,,,19,0,55.26069999905303,1.7955999937839806,70.17690000066068,2.283299996634014
SupportRiskOnly_B10,JILONG_EI_0019,1220,B10,3;90;219;29;217;174;104;177;83;35;128;134;23;61;171;33;165;41;199,0.1,19,102,19,0.0710385861200235,,False,,,0.7543859649122807,,,,19,0,56.95389999891631,1.908899997943081,74.47540000430308,2.5855999992927536
SupportRiskOnly_B10,JILONG_EI_0019,1230,B10,219;2;90;13;104;174;217;46;178;44;128;34;66;4;171;166;135;133;78,0.1,19,101,19,0.0973114533160784,,False,,,0.7670661803022408,,,,19,0,55.05229999835137,2.110700006596744,70.08190000487957,2.200599992647767
SupportRiskOnly_B10,JILONG_EI_0019,1240,B10,219;13;90;3;104;174;217;161;128;46;134;34;166;44;172;100;36;199;71,0.1,19,98,19,0.074461486626184,,False,,,0.7448979591836735,,,,19,0,54.804300001706,2.500700007658452,69.5073999959277,2.2398000000976026
SupportRiskOnly_B10,JILONG_EI_0019,1250,B10,219;90;3;217;13;104;174;46;58;177;128;35;206;135;166;44;100;156;49,0.1,19,98,19,0.0617040990573623,,False,,,0.7636949516648766,,,,19,0,54.26300001272466,1.6419999883510172,69.94830000621732,2.2610000014537945
SupportRiskOnly_B10,JILONG_EI_0019,1260,B10,219;74;3;13;106;104;217;174;46;178;35;66;100;134;5;156;93;214;44,0.1,19,97,19,0.0737110520633121,,False,,,0.7574606619641888,,,,19,0,53.83569998957682,1.7366999963996932,70.27430000016466,2.25499999942258
SupportRiskOnly_B10,JILONG_EI_0019,1270,B10,90;235;2;46;104;217;203;174;161;58;14;206;34;44;100;134;112;36;171,0.1,19,99,19,0.0600653950119074,,False,,,0.7804359383306751,,,,19,0,56.23760000162292,1.7411000007996336,69.86059999326244,2.2560000070370734
SupportRiskOnly_B10,JILONG_EI_0019,1280,B10,219;104;106;3;232;29;174;201;35;178;74;134;61;49;100;171;93;213;102,0.1,19,95,19,0.0869585193466624,,False,,,0.737950138504155,,,,19,0,55.05300000368152,1.7413000023225322,71.32730000012089,2.611200005048886
SupportRiskOnly_B10,JILONG_EI_0019,1290,B10,104;218;90;3;13;232;46;157;57;178;44;35;100;49;135;200;170;93;128,0.1,19,94,19,0.0767970227657342,,False,,,0.7558790593505038,,,,19,0,54.308300008415245,1.8296999915037304,69.9633000040194,2.255599989439361
SupportRiskOnly_B10,JILONG_EI_0019,1300,B10,104;217;13;90;174;3;203;235;177;46;58;35;49;206;171;44;93;179;135,0.1,19,94,19,0.0754722760373992,,False,,,0.7625979843225084,,,,19,0,54.1265000065323,1.844600003096275,69.97939999564551,2.2630999883404
SupportRiskOnly_B10,JILONG_EI_0019,1310,B10,219;104;2;13;90;46;217;174;161;49;57;166;35;44;155;78;135;133;128,0.1,19,96,19,0.0942714275868934,,False,,,0.7373903508771931,,,,19,0,56.55660000047647,2.1617000020341948,69.64359999983571,2.217399989604018
SupportRiskOnly_B10,JILONG_EI_0019,1320,B10,219;104;90;3;13;217;58;178;35;158;46;49;155;100;72;134;44;78;23,0.1,19,97,19,0.0863765496856598,,False,,,0.7558328811720022,,,,19,0,54.17920000036247,1.7941999976756051,69.84350000857376,2.2477000020444398
SupportRiskOnly_B10,JILONG_EI_0019,1330,B10,219;13;2;104;90;217;174;177;46;57;66;35;155;128;60;78;165;135;102,0.1,19,96,19,0.0774172799044344,,False,,,0.725328947368421,,,,19,0,55.46410000533797,1.908000005641952,72.05609999073204,2.3885999980848283
SupportRiskOnly_B10,JILONG_EI_0019,1340,B10,219;104;3;29;232;74;106;161;174;201;34;155;78;100;166;66;134;36;41,0.1,19,91,19,0.0842171359435183,,False,,,0.7264314632735686,,,,19,0,54.23959999461658,1.7275999998673797,69.93840000359342,2.2277000098256394
SupportRiskOnly_B10,JILONG_EI_0019,1350,B10,2;219;103;217;13;105;46;74;177;157;44;35;78;155;100;66;128;166;215,0.1,19,91,19,0.1002902190809473,,False,,,0.7200694042799306,,,,19,0,55.191999999806285,2.4043999874265864,69.68779998715036,2.668200002517551
SupportRiskOnly_B10,JILONG_EI_0019,1360,B10,3;235;104;13;217;58;174;106;203;178;155;34;78;46;166;66;100;112;36,0.1,19,92,19,0.064529714911441,,False,,,0.7402745995423341,,,,19,0,54.0890000120271,2.026499991188757,70.12210000539199,2.905000001192093
SupportRiskOnly_B10,JILONG_EI_0019,1370,B10,2;219;90;217;104;29;57;161;174;51;78;155;100;4;49;102;133;166;213,0.1,19,88,19,0.0943633175333675,,False,,,0.6854066985645934,,,,19,0,55.76400000427384,1.7004999972414223,71.30519999191165,3.014000001712702
SupportRiskOnly_B10,JILONG_EI_0019,1380,B10,13;3;218;90;46;88;119;232;174;121;177;35;44;57;78;100;155;66;166,0.1,19,88,19,0.0825401444203658,,False,,,0.7757177033492823,,,,19,0,54.33849999099039,1.7414999892935157,70.74399999692105,2.320500003406778
SupportRiskOnly_B10,JILONG_EI_0019,1390,B10,90;3;219;217;57;14;104;178;174;46;44;34;78;170;100;134;66;36;102,0.1,19,87,19,0.1024496328230888,,False,,,0.7453115547489414,,,,19,0,55.255100000067614,2.389100001892075,71.21520000509918,2.5202999968314543
SupportRiskOnly_B10,JILONG_EI_0019,1400,B10,219;13;57;3;90;104;217;174;46;161;83;78;35;171;49;44;229;102;23,0.1,19,91,19,0.0899526001026104,,False,,,0.7576633892423367,,,,19,0,55.075700001907535,1.864899997599423,70.46260000788607,2.242700007627718
SupportRiskOnly_B10,JILONG_EI_0019,1410,B10,219;84;3;90;14;217;57;174;120;178;88;66;78;34;171;166;44;52;144,0.1,19,92,19,0.089163878062041,,False,,,0.7505720823798627,,,,19,0,55.01159999403171,1.7558000108692795,71.39420000021346,2.2529999987455085
SupportRiskOnly_B10,JILONG_EI_0019,1420,B10,13;2;90;84;217;235;174;104;46;57;34;203;178;170;78;229;4;135;10,0.1,19,96,19,0.0609842944766484,,False,,,0.7812500000000001,,,,19,0,55.49669999163598,1.7059999954653904,70.59609999123495,2.3400000063702464
SupportRiskOnly_B10,JILONG_EI_0019,1430,B10,219;3;90;14;104;58;217;174;46;34;78;161;100;171;10;112;44;66;36,0.1,19,97,19,0.0868666294001883,,False,,,0.764514378730331,,,,19,0,55.32709999533836,1.8788999877870085,70.38649999594782,2.2904999932507053
SupportRiskOnly_B10,JILONG_EI_0019,1440,B10,2;13;105;58;218;174;35;103;177;216;100;78;91;166;171;206;4;46;10,0.1,19,98,19,0.0676310006049421,,False,,,0.7722878625134263,,,,19,0,54.32529999234248,3.075400003581308,70.02830000419635,2.2074000007705763
SupportRiskOnly_B10,JILONG_EI_0029,10,B10,78;219;57;106;84;217;4;128;50;13;119;251;10;156;158;213;177;170;215,0.1,19,115,19,0.0778384421591074,,False,,,0.8324942791762013,,,,19,0,53.865200010477565,1.78310000046622,70.99320000270382,2.2682999988319352
SupportRiskOnly_B10,JILONG_EI_0029,20,B10,57;217;84;219;106;4;13;119;50;112;251;77;10;157;177;155;213;185;44,0.1,19,114,19,0.0828694167285647,,False,,,0.8365650969529087,,,,19,0,54.589599996688776,2.522700000554323,70.08079999650363,2.197900001192465
SupportRiskOnly_B10,JILONG_EI_0029,30,B10,58;219;4;77;217;13;90;84;50;112;104;134;157;251;10;177;155;102;206,0.1,19,114,19,0.0582888560467413,,False,,,0.8388734995383195,,,,19,0,54.50030000065453,1.7900999955600128,70.5253000051016,2.2207000001799315
SupportRiskOnly_B10,JILONG_EI_0029,40,B10,219;4;74;77;106;13;232;201;49;35;104;157;178;112;10;155;68;213;46,0.1,19,111,19,0.078328521873636,,False,,,0.8250355618776671,,,,19,0,56.06229999102652,1.7488000012235716,70.00740000512451,2.554699996835552
SupportRiskOnly_B10,JILONG_EI_0029,50,B10,219;57;61;106;232;66;29;84;201;33;119;158;20;112;177;213;156;133;179,0.1,19,107,19,0.1070977326155707,,False,,,0.8312838170191835,,,,19,0,54.69459999585524,2.206700009992346,69.9260000110371,2.258399996208027
SupportRiskOnly_B10,JILONG_EI_0029,60,B10,235;57;119;61;106;217;192;203;156;50;158;3;5;100;128;69;88;13;229,0.1,19,112,19,0.0632126256786455,,False,,,0.818609022556391,,,,19,0,55.50069999299012,1.8569999956525864,71.38309998845216,2.334100005100481
SupportRiskOnly_B10,JILONG_EI_0029,70,B10,57;60;119;105;128;235;217;156;177;34;91;186;28;174;4;36;99;214;66,0.1,19,110,19,0.0690706097663698,,False,,,0.8033492822966507,,,,19,0,56.8650999921374,2.6811999996425584,70.32890000846237,2.238600005512126
SupportRiskOnly_B10,JILONG_EI_0029,80,B10,44;57;119;106;218;232;156;214;49;51;112;177;186;19;165;71;25;69;174,0.1,19,105,19,0.1092035438889356,,False,,,0.7729323308270676,,,,19,0,54.35149998811539,1.7702000041026622,70.14559999515768,2.4723999958951026
SupportRiskOnly_B10,JILONG_EI_0029,90,B10,44;74;106;119;218;156;232;49;176;128;52;41;213;158;185;88;20;147;133,0.1,19,104,19,0.1071819650665053,,False,,,0.7302631578947368,,,,19,0,53.94250000244938,1.761299994541332,70.8401000010781,2.2478000028058887
SupportRiskOnly_B10,JILONG_EI_0029,100,B10,28;57;106;235;217;119;157;61;33;155;203;185;177;52;128;215;26;20;165,0.1,19,103,19,0.1169376143838396,,False,,,0.771078180889116,,,,19,0,54.353399988031015,1.7624000029172748,71.03710000228602,3.0845999863231555
SupportRiskOnly_B10,JILONG_EI_0029,110,B10,106;58;13;202;119;232;157;235;27;49;171;200;45;161;51;212;20;128;100,0.1,19,102,19,0.0776929497438567,,False,,,0.7352941176470589,,,,19,0,54.3448999960674,1.750199997331947,70.24889999593142,3.0688999977428466
SupportRiskOnly_B10,JILONG_EI_0029,120,B10,90;57;27;217;121;215;157;135;185;235;103;203;212;61;50;29;171;177;128,0.1,19,100,19,0.101699198260217,,False,,,0.8026315789473685,,,,19,0,54.52710000099614,1.77419999090489,72.10829999530688,3.386199998203665
SupportRiskOnly_B10,JILONG_EI_0029,130,B10,27;106;58;13;202;235;156;50;104;232;174;135;212;60;112;177;20;206;200,0.1,19,100,19,0.067539110658468,,False,,,0.791578947368421,,,,19,0,54.52409999270458,1.787699991837144,71.89769999240525,3.6666999949375167
SupportRiskOnly_B10,JILONG_EI_0029,140,B10,27;57;106;217;120;157;235;33;185;203;60;206;134;29;155;213;88;215;66,0.1,19,99,19,0.082693294331156,,False,,,0.7708665603402445,,,,19,0,55.10810000123456,1.7340000049443915,70.26459999906365,2.223299990873784
SupportRiskOnly_B10,JILONG_EI_0029,150,B10,57;106;27;217;219;157;120;34;45;88;185;252;32;171;165;212;177;20;206,0.1,19,99,19,0.0738335719919443,,False,,,0.7517278043593832,,,,19,0,53.77130000852048,1.9561999943107369,70.16449999355245,2.2772000083932653
SupportRiskOnly_B10,JILONG_EI_0029,160,B10,57;202;26;106;251;156;174;232;29;120;49;88;20;134;61;165;177;206;102,0.1,19,98,19,0.0926786685146755,,False,,,0.7728249194414607,,,,19,0,54.82669999764767,1.823399987188168,70.20170000032522,2.254299994092434
SupportRiskOnly_B10,JILONG_EI_0029,170,B10,58;10;90;121;202;251;157;216;192;119;50;20;171;13;88;112;213;206;165,0.1,19,101,19,0.0439616818923202,,False,,,0.7889525794684731,,,,19,0,54.083600000012666,1.7780000052880496,72.05959998827893,3.364399992278777
SupportRiskOnly_B10,JILONG_EI_0029,180,B10,57;90;202;121;25;216;156;251;174;192;119;35;49;206;88;178;229;165;28,0.1,19,102,19,0.0757938908500585,,False,,,0.7884416924664602,,,,19,0,55.93839999346528,2.8178999928059056,71.1684999987483,2.360800004680641
SupportRiskOnly_B10,JILONG_EI_0029,190,B10,57;25;251;217;90;157;121;13;49;176;119;88;203;171;185;112;20;206;229,0.1,19,102,19,0.0582811985512018,,False,,,0.7966976264189886,,,,19,0,55.28510001022369,2.177300004404969,70.99500000185799,2.2664999996777624
SupportRiskOnly_B10,JILONG_EI_0029,200,B10,57;10;217;251;105;13;219;157;91;49;135;171;35;177;185;213;206;100;165,0.1,19,104,19,0.0581433636314906,,False,,,0.7884615384615385,,,,19,0,54.78029999358114,1.9987999985460192,70.54679999419022,2.261100002215244
SupportRiskOnly_B10,JILONG_EI_0029,210,B10,58;202;251;106;104;156;24;158;49;233;29;135;229;170;206;177;35;60;10,0.1,19,100,19,0.0703340965303887,,False,,,0.748421052631579,,,,19,0,54.911200000788085,2.140800002962351,70.78759999421891,2.2914000001037493
SupportRiskOnly_B10,JILONG_EI_0029,220,B10,57;251;217;106;24;104;219;174;156;13;50;192;135;213;185;3;10;206;32,0.1,19,103,19,0.0479206070862463,,False,,,0.7884517118037815,,,,19,0,54.43889999878593,1.7951999907381833,71.52320000750478,2.259699991554953
SupportRiskOnly_B10,JILONG_EI_0029,230,B10,57;251;105;217;157;49;91;203;171;13;20;229;185;135;177;103;10;206;61,0.1,19,102,19,0.0745610340681976,,False,,,0.7574819401444788,,,,19,0,54.52849999710452,1.761100007570349,71.12260001304094,2.2467999951913957
SupportRiskOnly_B10,JILONG_EI_0029,240,B10,57;202;90;88;235;232;156;49;174;29;120;10;5;177;206;35;61;213;170,0.1,19,105,19,0.0736804220811541,,False,,,0.7839598997493734,,,,19,0,55.206000004545785,1.7740000039339066,70.04579999193083,2.27870000526309
SupportRiskOnly_B10,JILONG_EI_0029,250,B10,74;202;105;233;251;157;49;171;13;177;61;10;206;51;213;20;135;112;101,0.1,19,101,19,0.0968826335658659,,False,,,0.7321521625846795,,,,19,0,54.72939999890514,2.141000004485249,69.8158000013791,2.2338000126183037
SupportRiskOnly_B10,JILONG_EI_0029,260,B10,88;57;106;232;219;201;157;13;192;49;171;46;120;206;128;4;44;196;10,0.1,19,105,19,0.0715516383211706,,False,,,0.7819548872180451,,,,19,0,54.43319999903906,1.7598999984329566,70.37110000965185,2.248399992822669
SupportRiskOnly_B10,JILONG_EI_0029,270,B10,232;104;74;202;13;106;156;174;235;50;177;61;10;112;206;170;4;196;135,0.1,19,104,19,0.0737799695231677,,False,,,0.7859311740890688,,,,19,0,54.79160000686534,1.7552999925101176,69.93689999217167,2.616500001749955
SupportRiskOnly_B10,JILONG_EI_0029,280,B10,13;105;202;58;232;157;49;35;235;192;91;5;10;171;87;206;99;40;60,0.1,19,105,19,0.0658850916219341,,False,,,0.7634085213032581,,,,19,0,54.797999997390434,1.7943999991985038,70.37049999053124,2.238400003989227
SupportRiskOnly_B10,JILONG_EI_0029,290,B10,219;105;13;74;217;119;156;158;192;46;49;35;26;185;87;3;206;215;196,0.1,19,107,19,0.0814987250269926,,False,,,0.7619281849483521,,,,19,0,55.93420000514016,2.6833000010810792,70.50370000069961,2.2886000078869984
SupportRiskOnly_B10,JILONG_EI_0029,300,B10,13;88;119;58;218;157;232;121;4;49;192;91;35;61;171;26;206;185;213,0.1,19,104,19,0.0894472053970028,,False,,,0.7930161943319838,,,,19,0,54.6539000060875,1.8787000008160248,70.61690000409726,2.244899995275773
SupportRiskOnly_B10,JILONG_EI_0029,310,B10,13;104;233;201;57;174;156;235;34;192;106;20;203;61;206;135;102;170;178,0.1,19,107,19,0.0821266396612324,,False,,,0.7697983275946877,,,,19,0,54.460800005472265,2.6227999915136024,70.99749999179039,2.3483999975724146
SupportRiskOnly_B10,JILONG_EI_0029,320,B10,13;219;119;105;201;157;74;233;35;49;177;61;171;252;10;87;206;229;4,0.1,19,112,19,0.0671409208904135,,False,,,0.7969924812030075,,,,19,0,56.7626999982167,2.480600000126288,71.05639998917468,4.142299992963672
SupportRiskOnly_B10,JILONG_EI_0029,330,B10,13;119;105;202;57;157;34;233;235;192;4;46;112;91;66;171;60;206;36,0.1,19,112,19,0.0460981231478432,,False,,,0.7979323308270677,,,,19,0,54.95009999140166,1.8713000026764348,70.01219999801833,2.785099990433082
SupportRiskOnly_B10,JILONG_EI_0029,340,B10,104;29;218;58;35;157;61;192;106;232;49;252;128;10;5;135;171;102;206,0.1,19,110,19,0.0678147804978903,,False,,,0.7645933014354067,,,,19,0,54.599299997789785,1.7804999952204523,69.99960000393912,2.598299994133413
SupportRiskOnly_B10,JILONG_EI_0029,350,B10,105;13;218;74;34;158;119;156;46;192;252;20;60;112;24;232;87;206;185,0.1,19,109,19,0.0565965495325099,,False,,,0.7716079188797682,,,,19,0,56.18860000686254,1.7965000006370246,72.45909998891875,2.3599999985890463
SupportRiskOnly_B10,JILONG_EI_0029,360,B10,119;218;105;192;13;34;157;57;61;4;252;112;91;155;87;229;216;206;66,0.1,19,112,19,0.057124916724736,,False,,,0.7528195488721805,,,,19,0,54.685900002368726,1.8487000052118676,71.66260000667535,2.759099996183068
SupportRiskOnly_B10,JILONG_EI_0029,370,B10,219;104;90;217;34;174;29;58;156;192;4;61;252;135;10;102;213;206;72,0.1,19,111,19,0.0658161741620785,,False,,,0.7577050734945472,,,,19,0,54.649600002449006,1.7930999892996624,70.30969999323133,2.267299991217442
SupportRiskOnly_B10,JILONG_EI_0029,380,B10,119;13;35;201;105;235;233;157;46;74;177;49;4;41;60;112;155;87;206,0.1,19,108,19,0.0648972746973374,,False,,,0.7977582846003898,,,,19,0,53.99680000846274,1.724100002320483,70.30740000482183,2.2077999892644584
SupportRiskOnly_B10,JILONG_EI_0029,390,B10,34;217;105;219;157;57;103;29;192;61;206;135;91;4;36;155;252;128;178,0.1,19,111,19,0.0678836979577459,,False,,,0.7676623992413467,,,,19,0,54.1908000013791,2.1829000033903867,70.1674999872921,2.302699998836033
SupportRiskOnly_B10,JILONG_EI_0029,400,B10,13;34;105;218;192;158;46;103;58;172;3;206;60;252;135;128;66;91;5,0.1,19,109,19,0.0428207150569334,,False,,,0.7740222114920329,,,,19,0,54.42000000039116,1.7666000057943163,70.5076000012923,2.224899988505058
SupportRiskOnly_B10,JILONG_EI_0029,410,B10,90;34;201;88;157;13;219;57;46;121;176;119;128;233;20;155;60;66;213,0.1,19,107,19,0.0548812705316599,,False,,,0.780127889818003,,,,19,0,54.49080000107642,2.537399996072054,70.22520000464283,2.227799996035173
SupportRiskOnly_B10,JILONG_EI_0029,420,B10,35;90;217;57;104;174;235;156;29;192;4;61;128;49;206;178;203;165;102,0.1,19,108,19,0.0724245928126746,,False,,,0.7655945419103313,,,,19,0,55.52229999739211,1.881499993032776,70.46950000221841,2.260900000692345
SupportRiskOnly_B10,JILONG_EI_0029,430,B10,105;201;74;34;157;192;46;103;3;72;14;171;233;206;235;36;60;134;203,0.1,19,108,19,0.0560605248447442,,False,,,0.7826510721247564,,,,19,0,54.362299997592345,2.002499997615814,70.52670000120997,2.2487000096589327
SupportRiskOnly_B10,JILONG_EI_0029,440,B10,13;35;90;217;57;158;88;119;46;156;3;192;121;66;128;178;33;170;165,0.1,19,107,19,0.0532119365040469,,False,,,0.8007870142646335,,,,19,0,54.65869999898132,2.53800000064075,70.82949999312405,2.321799998753704
SupportRiskOnly_B10,JILONG_EI_0029,450,B10,57;105;218;157;35;103;192;29;4;171;112;61;213;66;91;216;135;68;24,0.1,19,109,19,0.095213299538253,,False,,,0.760985031385804,,,,19,0,55.67960000189487,1.7600999999558553,70.41069999104366,2.293199999257922
SupportRiskOnly_B10,JILONG_EI_0029,460,B10,219;90;57;217;119;46;35;158;192;88;13;4;156;60;112;66;165;178;121,0.1,19,108,19,0.0520250246954231,,False,,,0.8177387914230019,,,,19,0,54.46669999219012,1.790100010111928,70.60300000011921,2.354499985813163
SupportRiskOnly_B10,JILONG_EI_0029,470,B10,90;57;119;217;174;13;192;34;46;4;172;88;36;66;206;178;170;165;128,0.1,19,107,19,0.0439463669012412,,False,,,0.7978357107722577,,,,19,0,54.54709999321494,2.060600003460422,70.672600006219,2.962200000183657
SupportRiskOnly_B10,JILONG_EI_0029,480,B10,57;90;35;157;104;202;29;192;3;171;5;165;66;233;61;178;235;135;213,0.1,19,106,19,0.0773330474534998,,False,,,0.7874875868917577,,,,19,0,56.8801000044914,2.0289999956730758,71.72040001023561,2.2994000028120354
SupportRiskOnly_B10,JILONG_EI_0029,490,B10,90;57;218;119;158;46;35;13;192;4;88;172;178;165;60;49;170;213;121,0.1,19,106,19,0.0601189974806839,,False,,,0.8073485600794439,,,,19,0,54.27809999673627,1.8053999956464395,70.26500000210945,2.347699992242269
SupportRiskOnly_B10,JILONG_EI_0029,500,B10,105;13;57;218;46;157;35;103;192;3;206;178;171;165;91;134;66;68;229,0.1,19,107,19,0.0611221293963596,,False,,,0.7904574520413182,,,,19,0,54.526100007933564,1.883999997517094,69.98460000613704,2.512799997930415
SupportRiskOnly_B10,JILONG_EI_0029,510,B10,90;219;57;29;174;217;35;192;104;3;178;156;170;165;213;61;102;135;128,0.1,19,108,19,0.0868359994180303,,False,,,0.7772904483430798,,,,19,0,54.45600001257844,1.8293000030098483,70.62680000672117,2.216200009570457
SupportRiskOnly_B10,JILONG_EI_0029,520,B10,90;13;119;158;58;201;192;34;3;46;36;178;206;60;88;235;171;233;165,0.1,19,107,19,0.056297907206469,,False,,,0.8293162813575996,,,,19,0,55.39550000685267,3.0488000047625974,72.50629999907687,3.2162999996216968
SupportRiskOnly_B10,JILONG_EI_0029,530,B10,105;57;13;157;218;103;46;34;3;36;177;232;170;213;165;23;135;66;68,0.1,19,108,19,0.0706710263341271,,False,,,0.77046783625731,,,,19,0,54.57870000100229,1.7951999907381833,69.89230000181124,2.5744000013219197
SupportRiskOnly_B10,JILONG_EI_0029,540,B10,90;29;202;158;35;3;178;119;57;147;192;171;88;206;229;165;61;233;49,0.1,19,108,19,0.0658850916219341,,False,,,0.7865497076023391,,,,19,0,55.242200003704056,2.352800001972355,70.67670000833459,3.325799989397637
SupportRiskOnly_B10,JILONG_EI_0029,550,B10,90;217;46;219;157;3;103;147;58;51;13;178;192;213;170;128;72;165;135,0.1,19,108,19,0.0589780306452971,,False,,,0.8026315789473685,,,,19,0,54.89739999757148,1.808000000892207,70.15950001368765,2.271599994855933
SupportRiskOnly_B10,JILONG_EI_0029,560,B10,74;106;29;3;217;158;219;119;147;34;36;178;88;156;176;213;206;128;66,0.1,19,108,19,0.0527678017627554,,False,,,0.8182261208576999,,,,19,0,54.29119999462273,1.9683999998960644,70.13339998957235,2.485199991497211
SupportRiskOnly_B10,JILONG_EI_0029,570,B10,90;57;46;3;218;157;13;35;103;147;178;171;213;128;60;165;216;49;134,0.1,19,109,19,0.0675008231807705,,False,,,0.7981651376146789,,,,19,0,54.34699999750592,1.798199999029748,69.68369999958668,2.8574999887496237
SupportRiskOnly_B10,JILONG_EI_0029,580,B10,90;219;217;174;3;29;147;58;119;251;34;36;178;213;121;156;170;61;165,0.1,19,110,19,0.0755565084883338,,False,,,0.8263157894736842,,,,19,0,54.3720999994548,1.8302999960724264,70.25700001395307,2.372699993429705
SupportRiskOnly_B10,JILONG_EI_0029,590,B10,106;217;4;46;74;158;13;219;119;251;35;147;213;178;206;171;88;165;66,0.1,19,109,19,0.0479435795728649,,False,,,0.8227909222597778,,,,19,0,55.13490000157617,1.93720000970643,70.40669998968951,2.24829999206122
SupportRiskOnly_B10,JILONG_EI_0029,600,B10,90;219;3;29;57;217;157;103;213;35;178;147;60;155;5;134;49;165;215,0.1,19,107,19,0.0698669893024787,,False,,,0.779144121987211,,,,19,0,55.13280000013765,1.8055999971693384,72.224700008519,3.185900000971742
SupportRiskOnly_B10,JILONG_EI_0029,610,B10,90;219;13;217;46;4;158;104;213;57;36;34;178;147;171;102;134;10;165,0.1,19,107,19,0.0598663001278801,,False,,,0.8007870142646335,,,,19,0,54.61410000862088,1.791399990906939,69.7671999951126,2.2671000042464584
SupportRiskOnly_B10,JILONG_EI_0029,620,B10,219;29;3;90;217;174;58;103;213;178;34;206;147;36;156;72;66;134;68,0.1,19,107,19,0.0610991569097411,,False,,,0.7914412198721101,,,,19,0,55.07970000326168,1.8182999920099971,69.81810000434052,2.2677000088151544
SupportRiskOnly_B10,JILONG_EI_0029,630,B10,219;90;13;157;46;3;201;213;35;58;103;178;147;233;166;170;134;190;215,0.1,19,107,19,0.0687719674403289,,False,,,0.7747171667486472,,,,19,0,55.11059999116696,1.8463000014889983,69.96110000181943,2.3913999903015792
SupportRiskOnly_B10,JILONG_EI_0029,640,B10,90;219;3;158;29;217;213;104;58;206;36;161;192;10;171;102;166;34;5,0.1,19,108,19,0.0563821396574036,,False,,,0.787524366471735,,,,19,0,54.943199997069314,1.7573999939486384,70.22120000328869,2.3201000003609806
SupportRiskOnly_B10,JILONG_EI_0029,650,B10,219;3;89;174;13;217;58;46;178;103;213;35;91;171;165;121;147;66;60,0.1,19,106,19,0.0596901777304714,,False,,,0.7959285004965243,,,,19,0,54.5908999920357,1.860299991676584,70.97800000337884,2.2542000078829005
SupportRiskOnly_B10,JILONG_EI_0029,660,B10,219;105;3;74;217;157;13;178;46;213;103;51;134;206;171;165;41;49;128,0.1,19,108,19,0.0717047882319608,,False,,,0.7821637426900585,,,,19,0,54.64649999339599,1.834800001233816,71.55670000065584,2.3056000063661486
SupportRiskOnly_B10,JILONG_EI_0029,670,B10,105;202;3;174;57;29;161;213;235;35;103;156;91;216;165;66;61;128;10,0.1,19,111,19,0.0812766576563469,,False,,,0.7714556661925084,,,,19,0,55.02419998811092,1.8561999895609915,70.69370000681374,2.266099996631965
SupportRiskOnly_B10,JILONG_EI_0029,680,B10,90;218;4;13;178;158;46;88;58;213;36;119;206;171;165;60;34;121;112,0.1,19,109,19,0.0569411368317877,,False,,,0.779333655239015,,,,19,0,54.48880000039935,1.9151000014971944,70.34350000321865,2.29649999528192
SupportRiskOnly_B10,JILONG_EI_0029,690,B10,90;219;3;217;174;29;84;178;35;206;103;213;134;58;121;171;165;49;128,0.1,19,109,19,0.0495593111317012,,False,,,0.803476581361661,,,,19,0,54.49429999862332,1.9375999982003125,71.35509999352507,2.411000008578412
SupportRiskOnly_B10,JILONG_EI_0029,700,B10,90;219;3;217;174;161;13;84;206;213;35;103;46;57;121;5;171;165;134,0.1,19,110,19,0.0445972540220995,,False,,,0.8028708133971292,,,,19,0,55.531299993162975,1.8535999988671392,71.04799999797251,2.295999991474673
SupportRiskOnly_B10,JILONG_EI_0029,710,B10,90;3;217;157;178;84;219;29;251;213;35;58;103;206;121;128;171;165;49,0.1,19,111,19,0.0539776860579978,,False,,,0.7913703176861071,,,,19,0,55.220900001586415,1.9406999927014112,70.67329999699723,2.960400001029484
SupportRiskOnly_B10,JILONG_EI_0029,720,B10,90;219;217;161;46;158;13;84;20;251;58;213;103;51;165;156;190;134;170,0.1,19,112,19,0.0644071949828089,,False,,,0.8040413533834586,,,,19,0,54.11179999646265,1.818799995817244,70.47430000966415,2.6906999992206693
SupportRiskOnly_B10,JILONG_EI_0029,730,B10,90;3;13;202;174;178;36;46;58;213;104;235;165;206;102;171;10;100;233,0.1,19,110,19,0.0590010031319156,,False,,,0.7842105263157895,,,,19,0,56.420299995807,1.9484999938867984,70.07039999007247,2.2324000019580126
SupportRiskOnly_B10,JILONG_EI_0029,740,B10,90;217;3;29;219;157;161;35;58;103;213;206;171;121;147;165;66;60;100,0.1,19,110,19,0.0667044436446615,,False,,,0.7866028708133971,,,,19,0,54.52039999363478,2.1993999980622903,69.95659999665804,2.209199999924749
SupportRiskOnly_B10,JILONG_EI_0029,750,B10,90;219;3;217;13;178;158;58;46;36;213;88;134;176;120;206;34;5;128,0.1,19,111,19,0.0421162254672986,,False,,,0.8036984352773826,,,,19,0,54.73249999340624,2.287199997226708,70.18660000176169,2.2625999990850687
SupportRiskOnly_B10,JILONG_EI_0029,760,B10,105;13;74;3;218;174;251;46;161;103;35;229;232;49;165;171;135;100;68,0.1,19,112,19,0.0548429830539623,,False,,,0.7951127819548873,,,,19,0,54.15569999604486,1.888800004962832,70.43410000915173,2.18989999848418
SupportRiskOnly_B10,JILONG_EI_0029,770,B10,219;90;3;217;84;158;14;251;178;57;206;213;46;36;103;166;5;171;134,0.1,19,113,19,0.0503174031901126,,False,,,0.8174196553330229,,,,19,0,54.78839999705088,2.1231999999145046,70.15129999490455,2.213399988249876
SupportRiskOnly_B10,JILONG_EI_0029,780,B10,89;219;13;4;174;217;84;161;58;213;91;35;192;103;46;206;166;171;121,0.1,19,110,19,0.0422004579182332,,False,,,0.8019138755980861,,,,19,0,54.15170000924263,1.781800005119294,70.08330000098795,2.265099989017472
SupportRiskOnly_B10,JILONG_EI_0029,790,B10,90;217;3;157;29;84;219;58;178;190;88;213;36;119;49;171;121;165;128,0.1,19,110,19,0.0531736490263494,,False,,,0.7995215311004785,,,,19,0,54.29129999538418,2.9510000022128224,70.32310000795405,2.2653000050922856
SupportRiskOnly_B10,JILONG_EI_0029,800,B10,90;217;174;84;219;3;46;103;58;13;161;35;229;134;49;206;156;165;121,0.1,19,110,19,0.0424608127665765,,False,,,0.7942583732057416,,,,19,0,54.12530001194682,2.6193999947281554,70.13030000962317,2.2292999929049984
SupportRiskOnly_B10,JILONG_EI_0029,810,B10,105;232;74;174;218;13;84;178;20;213;46;119;206;155;51;49;128;165;41,0.1,19,109,19,0.0597054927215504,,False,,,0.7677450507001448,,,,19,0,54.31540000427049,1.7918999947141856,70.05809999827761,2.2308000043267384
SupportRiskOnly_B10,JILONG_EI_0029,820,B10,106;217;29;174;84;219;206;74;5;161;36;104;134;3;102;171;213;66;128,0.1,19,109,19,0.0548736130361204,,False,,,0.8068565910188316,,,,19,0,54.65959999128245,2.459900002577342,70.07880001037847,2.246699994429946
SupportRiskOnly_B10,JILONG_EI_0029,830,B10,90;13;217;158;84;46;4;235;103;35;58;178;190;121;213;134;49;171;165,0.1,19,107,19,0.0540159735356954,,False,,,0.8189867191342842,,,,19,0,54.42800000309944,1.8176000012317672,69.87570000637788,2.284999995026737
SupportRiskOnly_B10,JILONG_EI_0029,840,B10,219;89;232;3;84;174;57;29;201;206;161;36;119;49;213;60;91;156;128,0.1,19,110,19,0.0592537004847194,,False,,,0.8081339712918659,,,,19,0,55.721500000800006,1.840600001742132,70.429300001706,2.2478000028058887
SupportRiskOnly_B10,JILONG_EI_0029,850,B10,217;90;13;84;174;58;35;4;46;49;103;161;128;235;171;135;165;229;121,0.1,19,109,19,0.0427747700836964,,False,,,0.8025108643167552,,,,19,0,53.89689998992253,1.7809999990276992,70.60059999639634,2.301400003489107
SupportRiskOnly_B10,JILONG_EI_0029,860,B10,13;217;89;157;219;5;58;3;49;178;119;206;51;100;10;46;91;171;128,0.1,19,109,19,0.047223774992151,,False,,,0.7831965234186382,,,,19,0,54.040899995015934,2.5701999984448776,69.98759999987669,2.2274000075412914
SupportRiskOnly_B10,JILONG_EI_0029,870,B10,217;90;84;219;158;14;3;103;57;161;49;134;35;190;46;213;165;121;156,0.1,19,108,19,0.0545443407279215,,False,,,0.7928849902534114,,,,19,0,54.44259999785572,1.884900004370138,69.69790000584908,2.25059999502264
SupportRiskOnly_B10,JILONG_EI_0029,880,B10,232;90;218;57;13;174;3;36;161;119;49;206;88;171;46;213;44;68;166,0.1,19,104,19,0.0722101829375684,,False,,,0.7758097165991903,,,,19,0,54.148100010934286,2.0155999955022708,70.03180000174325,2.231500009656884
SupportRiskOnly_B10,JILONG_EI_0029,890,B10,219;217;13;89;57;4;158;103;35;49;177;46;134;206;170;121;128;100;215,0.1,19,106,19,0.0567420419477605,,False,,,0.7879841112214498,,,,19,0,54.46210000081919,1.8176000012317672,71.11549998808187,2.2954000014578924
SupportRiskOnly_B10,JILONG_EI_0029,900,B10,232;90;29;206;202;174;3;57;178;134;103;235;36;66;171;128;176;213;5,0.1,19,107,19,0.0520862846597391,,False,,,0.7929168716182982,,,,19,0,54.3794999975944,1.8367000011494383,70.63690001086798,2.3730000102659687
SupportRiskOnly_B10,JILONG_EI_0029,910,B10,219;90;217;13;84;57;157;46;20;161;88;190;134;102;121;49;44;155;213,0.1,19,108,19,0.0767281053058786,,False,,,0.8060428849902534,,,,19,0,55.57070000213571,2.67129999701865,70.9324000054039,2.2428999945987016
SupportRiskOnly_B10,JILONG_EI_0029,920,B10,219;13;90;232;174;35;58;201;3;103;178;46;128;49;155;134;44;176;165,0.1,19,109,19,0.0676463155960211,,False,,,0.8049251569290197,,,,19,0,55.80299999564886,1.9786000048043209,72.18570000259206,3.323700002511032
SupportRiskOnly_B10,JILONG_EI_0029,930,B10,217;90;13;174;3;58;104;46;235;161;36;206;156;134;102;66;60;5;170,0.1,19,106,19,0.0650197946259696,,False,,,0.7701092353525323,,,,19,0,54.59030000201892,1.8022000003838912,70.76570000208449,2.234799991128966
SupportRiskOnly_B10,JILONG_EI_0029,940,B10,90;217;219;14;174;57;103;46;4;161;35;121;128;134;171;66;44;213;206,0.1,19,108,19,0.0691395272262253,,False,,,0.7880116959064326,,,,19,0,56.740899992291816,1.8719000072451308,70.90629999584053,2.2348999918904155
SupportRiskOnly_B10,JILONG_EI_0029,950,B10,13;90;217;58;158;3;36;5;119;190;178;46;235;121;171;44;215;165;34,0.1,19,107,19,0.0734660122060478,,False,,,0.7727496310870634,,,,19,0,54.82309999933932,1.852600005804561,70.17000000632834,2.249199998914264
SupportRiskOnly_B10,JILONG_EI_0029,960,B10,217;90;13;174;103;128;161;3;57;35;206;121;134;235;5;46;165;44;156,0.1,19,107,19,0.0651040270769042,,False,,,0.7771765863256271,,,,19,0,54.162999993423,1.7666000057943163,71.40420000359882,3.727699993760325
SupportRiskOnly_B10,JILONG_EI_0029,970,B10,84;219;217;90;13;157;128;57;20;46;104;134;177;102;51;190;165;213;170,0.1,19,110,19,0.0662067064345935,,False,,,0.7980861244019138,,,,19,0,56.64039999828674,1.9855999998981133,70.27260000177193,2.2933000000193715
SupportRiskOnly_B10,JILONG_EI_0029,980,B10,89;217;29;174;103;57;128;5;35;178;235;3;121;134;165;156;66;100;206,0.1,19,107,19,0.0537632761828916,,False,,,0.7870142646335465,,,,19,0,56.803899991791695,2.5757999974302948,70.79420000081882,2.2658000088995323
SupportRiskOnly_B10,JILONG_EI_0029,990,B10,90;217;219;57;14;174;46;36;4;161;103;206;128;134;49;121;171;44;213,0.1,19,108,19,0.0691471847217649,,False,,,0.7909356725146198,,,,19,0,54.77190000237897,1.7479000089224428,69.41329999244772,2.3141000128816813
SupportRiskOnly_B10,JILONG_EI_0029,1000,B10,219;90;217;13;46;158;57;88;192;119;35;178;3;206;121;128;165;49;156,0.1,19,109,19,0.0423306353424049,,False,,,0.8049251569290199,,,,19,0,54.460700004710816,1.7769999976735562,70.04990000859834,2.2478000028058887
SupportRiskOnly_B10,JILONG_EI_0029,1010,B10,219;90;232;13;201;103;174;57;19;161;134;128;46;121;66;5;166;171;44,0.1,19,107,19,0.0651806020322993,,False,,,0.7943925233644858,,,,19,0,54.89040000247769,2.4993999977596104,70.49209999968298,2.615299992612563
SupportRiskOnly_B10,JILONG_EI_0029,1020,B10,232;105;218;74;13;174;4;46;119;36;178;147;128;156;66;60;206;165;68,0.1,19,106,19,0.0586257858504797,,False,,,0.7626613704071499,,,,19,0,53.95819999102969,1.8090999947162345,70.72709999920335,2.4656000023242086
SupportRiskOnly_B10,JILONG_EI_0029,1030,B10,217;90;13;84;219;174;103;46;134;161;57;35;121;4;128;156;229;206;215,0.1,19,105,19,0.0462742455452519,,False,,,0.7799498746867167,,,,19,0,54.12380000052508,2.148800005670637,70.94220000726636,2.28320001042448
SupportRiskOnly_B10,JILONG_EI_0029,1040,B10,217;13;90;219;46;157;4;104;190;102;134;58;178;36;128;66;44;171;100,0.1,19,105,19,0.0807100029864232,,False,,,0.7769423558897243,,,,19,0,54.79419999755919,1.7661000019870698,71.75609999103472,2.338999998755753
SupportRiskOnly_B10,JILONG_EI_0029,1050,B10,219;217;90;84;14;174;206;103;3;134;5;46;58;35;177;121;171;165;44,0.1,19,106,19,0.0605325022398174,,False,,,0.8048659384309831,,,,19,0,54.56620000768453,1.7422999953851104,69.77780000306666,2.653699993970804
SupportRiskOnly_B10,JILONG_EI_0029,1060,B10,217;13;105;74;174;235;46;4;161;119;36;156;213;215;23;179;206;128;147,0.1,19,102,19,0.0656936542334464,,False,,,0.7662538699690402,,,,19,0,54.49049999879208,2.71499999507796,69.91619999462273,2.932500006863848
SupportRiskOnly_B10,JILONG_EI_0029,1070,B10,219;90;217;13;158;58;104;178;4;134;46;128;102;171;35;66;147;72;215,0.1,19,102,19,0.0572474366533681,,False,,,0.7678018575851393,,,,19,0,54.11599999933969,1.7484999989392236,70.09179999295156,2.2346000041579828
SupportRiskOnly_B10,JILONG_EI_0029,1080,B10,219;217;13;89;84;174;103;121;134;20;57;46;178;34;156;166;44;206;91,0.1,19,104,19,0.06454502990252,,False,,,0.7889676113360324,,,,19,0,54.4242000032682,2.193199994508177,69.84119999106042,2.224199997726828
SupportRiskOnly_B10,JILONG_EI_0029,1090,B10,219;84;217;74;13;104;174;46;4;106;36;161;135;34;128;102;213;66;215,0.1,19,103,19,0.0570100542916433,,False,,,0.794072560040879,,,,19,0,54.342100003850646,1.7511000041849911,70.05650000064634,2.3058000078890477
SupportRiskOnly_B10,JILONG_EI_0029,1100,B10,232;13;218;74;174;88;4;106;46;206;178;34;134;102;36;171;44;165;147,0.1,19,100,19,0.0710768735977211,,False,,,0.7678947368421053,,,,19,0,54.61349998950027,1.7993000074056908,70.41669999307487,2.395299990894273
SupportRiskOnly_B10,JILONG_EI_0029,1110,B10,217;90;29;84;235;58;103;4;158;35;206;134;161;121;156;170;213;147;66,0.1,19,100,19,0.0617117565529018,,False,,,0.7726315789473684,,,,19,0,54.87110000103712,1.861500000813976,69.74230000923853,2.2016000002622604
SupportRiskOnly_B10,JILONG_EI_0029,1120,B10,217;74;13;219;174;46;105;3;5;134;34;103;36;178;100;112;44;166;171,0.1,19,102,19,0.0673859607476778,,False,,,0.7977296181630547,,,,19,0,54.29179999919143,1.8748000002233312,69.91769999149255,2.355300006456673
SupportRiskOnly_B10,JILONG_EI_0029,1130,B10,232;90;13;218;104;157;58;34;3;161;46;190;5;166;100;134;102;36;170,0.1,19,101,19,0.0578830087831473,,False,,,0.7894736842105263,,,,19,0,55.506699995021336,1.7760999908205122,71.2006000103429,2.3418999917339534
SupportRiskOnly_B10,JILONG_EI_0029,1140,B10,217;219;90;13;84;174;121;3;103;35;46;57;178;134;166;156;66;215;206,0.1,19,103,19,0.0499728158908347,,False,,,0.8094021461420542,,,,19,0,54.36550000740681,1.748900001985021,70.56829999783076,3.015199996298179
SupportRiskOnly_B10,JILONG_EI_0029,1150,B10,219;217;90;14;3;174;104;34;58;161;134;100;165;102;36;46;206;155;44,0.1,19,102,19,0.0701886041151381,,False,,,0.7781217750257997,,,,19,0,54.17429999215528,1.7367999971611423,71.05470000533387,2.265499992063269
SupportRiskOnly_B10,JILONG_EI_0029,1160,B10,13;232;90;219;201;174;103;121;3;34;134;178;57;46;5;66;36;171;60,0.1,19,102,19,0.0574618465284744,,False,,,0.804437564499484,,,,19,0,54.321000003255904,1.7536999948788434,70.16649999422953,2.528800003346987
SupportRiskOnly_B10,JILONG_EI_0029,1170,B10,219;217;90;29;174;3;104;134;34;161;57;166;36;156;102;100;213;170;206,0.1,19,103,19,0.0660076115505662,,False,,,0.772100153295861,,,,19,0,55.32369999855291,1.7995000089285895,71.11710000026505,2.2791000083088875
SupportRiskOnly_B10,JILONG_EI_0029,1180,B10,90;217;13;219;121;174;103;34;134;4;46;177;57;44;100;36;128;171;185,0.1,19,102,19,0.0701043716642035,,False,,,0.78328173374613,,,,19,0,55.07390000275336,1.821800004108809,72.82799998938572,2.598999999463558
SupportRiskOnly_B10,JILONG_EI_0029,1190,B10,90;217;219;46;3;174;104;34;57;134;178;14;100;66;156;44;165;68;102,0.1,19,104,19,0.0837959736888453,,False,,,0.7682186234817814,,,,19,0,55.97899999702349,1.778100006049499,70.01659998786636,2.6060999953188
SupportRiskOnly_B10,JILONG_EI_0029,1200,B10,74;217;13;84;105;235;174;34;134;103;2;4;46;161;166;171;36;179;44,0.1,19,106,19,0.0775627723196851,,False,,,0.8028798411122144,,,,19,0,53.88960000709631,1.7642000020714477,69.76420000137296,2.2517000033985823
SupportRiskOnly_B10,JILONG_EI_0029,1210,B10,217;89;3;174;35;134;29;121;235;103;57;178;166;91;186;100;156;215;33,0.1,19,102,19,0.0566654669923654,,False,,,0.7786377708978328,,,,19,0,54.49949999456294,1.7656999989412725,70.33620000584051,2.870299998903647
SupportRiskOnly_B10,JILONG_EI_0029,1220,B10,13;217;219;104;90;158;134;3;190;34;46;58;178;166;171;44;36;102;229,0.1,19,104,19,0.0758934382920722,,False,,,0.798076923076923,,,,19,0,54.19650000112597,1.7373000009683892,70.73859999945853,2.7211999986320734
SupportRiskOnly_B10,JILONG_EI_0029,1230,B10,217;90;219;174;88;29;134;2;186;58;166;161;35;4;121;60;206;156;102,0.1,19,106,19,0.0527754592582949,,False,,,0.7954319761668323,,,,19,0,54.22240000916645,1.822300007916056,70.85360000201035,3.268000000389293
SupportRiskOnly_B10,JILONG_EI_0029,1240,B10,219;90;232;13;104;201;3;174;134;57;46;178;252;34;171;166;44;66;100,0.1,19,105,19,0.0658008591709995,,False,,,0.8020050125313283,,,,19,0,54.519199999049306,1.9349999929545447,70.30140000279061,2.265500006615184
SupportRiskOnly_B10,JILONG_EI_0029,1250,B10,217;74;104;2;13;174;235;134;106;203;36;4;161;34;165;46;44;206;213,0.1,19,105,19,0.0621022888254167,,False,,,0.7894736842105263,,,,19,0,54.712600001948886,1.7438999930163843,70.64370000443887,2.630900009535253
SupportRiskOnly_B10,JILONG_EI_0029,1260,B10,219;232;2;13;84;103;89;201;121;57;157;135;4;35;91;178;171;190;49,0.1,19,103,19,0.0523772694902405,,False,,,0.8390393459376596,,,,19,0,54.20669999148231,1.7628000059630722,70.16679999651387,2.3172999935923144
SupportRiskOnly_B10,JILONG_EI_0029,1270,B10,217;3;90;84;104;29;174;134;36;34;161;5;102;57;166;156;206;170;66,0.1,19,103,19,0.0588631682122045,,False,,,0.8002043944813491,,,,19,0,54.069799996796064,1.82090001180768,69.99699999869335,2.7907000039704144
SupportRiskOnly_B10,JILONG_EI_0029,1280,B10,37;84;219;90;232;13;104;46;174;3;134;34;201;206;178;229;44;171;57,0.1,19,107,19,0.0590622630962317,,False,,,0.8475159862272503,,,,19,0,53.9137000014307,1.7340000049443915,70.33719999890309,2.7356000064173718
SupportRiskOnly_B10,JILONG_EI_0029,1290,B10,219;217;104;74;84;13;3;158;106;34;134;36;161;46;166;102;156;72;44,0.1,19,106,19,0.0730142199692168,,False,,,0.795431976166832,,,,19,0,54.400100008933805,1.7533000063849613,70.79019999946468,2.244599992991425
SupportRiskOnly_B10,JILONG_EI_0029,1300,B10,219;217;104;2;74;174;29;34;4;100;186;134;177;229;165;68;61;215;102,0.1,19,104,19,0.0814910675314531,,False,,,0.7889676113360324,,,,19,0,54.9375999980839,2.2031999978935346,70.19520000903867,2.224800002295524
SupportRiskOnly_B10,JILONG_EI_0029,1310,B10,219;121;217;84;103;90;3;13;58;34;46;134;174;178;36;44;5;171;66,0.1,19,104,19,0.0647977272553238,,False,,,0.8188259109311741,,,,19,0,54.40350000571925,1.7915000062203037,70.21409999288153,2.2699000110151246
SupportRiskOnly_B10,JILONG_EI_0029,1320,B10,2;218;232;13;104;90;35;58;134;158;161;206;4;44;46;171;102;49;229,0.1,19,105,19,0.0704642739545604,,False,,,0.7954887218045111,,,,19,0,54.31150000367779,1.7586999892955646,70.10469998931512,2.3898000072222203
SupportRiskOnly_B10,JILONG_EI_0029,1330,B10,84;217;3;219;121;89;174;29;103;134;34;57;165;36;178;60;213;171;215,0.1,19,103,19,0.067929642930983,,False,,,0.8114460909555443,,,,19,0,55.02210000122432,2.177000002120621,71.40010000148322,3.0654000001959503
SupportRiskOnly_B10,JILONG_EI_0029,1340,B10,90;217;13;84;219;104;3;46;34;174;134;44;166;58;156;161;36;229;185,0.1,19,106,19,0.0655405043226562,,False,,,0.7914597815292949,,,,19,0,54.87040001025889,1.769899987266399,69.83279999985825,2.261200002976693
SupportRiskOnly_B10,JILONG_EI_0029,1350,B10,217;90;2;235;121;29;103;134;4;203;158;35;166;178;171;176;66;100;190,0.1,19,104,19,0.052430871959017,,False,,,0.804655870445344,,,,19,0,54.840700002387166,1.7761999915819615,70.4085000033956,2.5205999991158023
SupportRiskOnly_B10,JILONG_EI_0029,1360,B10,13;74;2;219;217;104;46;158;134;36;34;166;44;5;161;214;23;206;156,0.1,19,105,19,0.070127344150822,,False,,,0.8135338345864661,,,,19,0,56.18200000026263,1.7733999993652103,70.19129999389406,2.2690000041620806
SupportRiskOnly_B10,JILONG_EI_0029,1370,B10,3;217;84;88;121;74;13;174;135;165;178;34;44;46;235;36;171;102;41,0.1,19,102,19,0.0875098590255071,,False,,,0.784313725490196,,,,19,0,55.29539998678956,1.7806000105338171,70.54720001178794,3.034900000784546
SupportRiskOnly_B10,JILONG_EI_0029,1380,B10,104;218;3;29;90;216;35;158;57;134;161;166;186;68;49;164;100;229;155,0.1,19,101,19,0.0793546262759301,,False,,,0.7863470557582075,,,,19,0,54.86459999519866,1.898799993796274,70.66430000122637,2.2558000055141747
SupportRiskOnly_B10,JILONG_EI_0029,1390,B10,217;13;219;121;103;89;3;57;174;46;36;34;44;166;178;66;171;135;215,0.1,19,103,19,0.0762150531047315,,False,,,0.8155339805825244,,,,19,0,54.80510000779759,1.7405000107828528,71.52939999650698,2.522700000554323
SupportRiskOnly_B10,JILONG_EI_0029,1400,B10,2;90;84;219;201;104;4;14;57;157;34;165;177;171;232;44;206;36;229,0.1,19,104,19,0.0697597843649256,,False,,,0.8011133603238867,,,,19,0,54.52089999744203,1.7810999997891486,70.3234000102384,2.3856000043451786
SupportRiskOnly_B10,JILONG_EI_0029,1410,B10,219;13;90;217;121;3;103;174;58;34;186;166;161;134;156;36;46;60;229,0.1,19,104,19,0.05066964798493,,False,,,0.8274291497975709,,,,19,0,54.73760000313632,1.885899997432716,70.5003999901237,2.2945999953662977
SupportRiskOnly_B10,JILONG_EI_0029,1420,B10,105;74;2;219;217;29;158;186;103;35;49;178;165;100;229;206;135;133;4,0.1,19,103,19,0.0654869018538796,,False,,,0.7838528359734288,,,,19,0,55.02869999327231,2.216900000348687,71.68770000862423,2.396899988525547
SupportRiskOnly_B10,JILONG_EI_0029,1430,B10,219;13;121;3;84;217;90;57;119;36;174;49;88;171;44;178;229;23;165,0.1,19,104,19,0.0616581540841252,,False,,,0.8188259109311741,,,,19,0,55.37770000228193,1.8410999909974637,69.79609999689274,2.749499995843508
SupportRiskOnly_B10,JILONG_EI_0029,1440,B10,219;104;84;217;90;29;3;174;134;34;66;57;165;229;186;102;36;161;156,0.1,19,107,19,0.0545290257368425,,False,,,0.7978357107722577,,,,19,0,54.46119999396615,1.755100005539134,69.93330000841524,2.260500012198463
SupportRiskOnly_B10,JILONG_EI_0039,10,B10,78;219;57;106;84;217;4;128;13;50;119;251;10;156;158;213;177;206;170,0.1,19,115,19,0.0700201392132689,,False,,,0.8375286041189932,,,,19,0,56.62500001199078,1.7547000024933368,69.71229999908246,2.237799999420531
SupportRiskOnly_B10,JILONG_EI_0039,20,B10,219;57;84;217;4;119;13;90;128;50;10;77;157;251;155;121;206;178;192,0.1,19,114,19,0.0488165340643689,,False,,,0.8347183748845799,,,,19,0,54.79850000119768,2.7427000022726133,69.82360000256449,2.2456000006059185
SupportRiskOnly_B10,JILONG_EI_0039,30,B10,58;84;77;4;106;235;112;33;201;13;232;104;66;10;134;35;158;203;102,0.1,19,113,19,0.0649125896884165,,False,,,0.8677224033535164,,,,19,0,54.14740000560414,1.798199999029748,70.40620000043418,2.2712000063620508
SupportRiskOnly_B10,JILONG_EI_0039,40,B10,58;235;77;106;13;50;201;112;4;84;10;119;157;178;203;46;192;171;232,0.1,19,111,19,0.0590239756185342,,False,,,0.8221906116642959,,,,19,0,55.10130000766367,1.7647000058786944,70.52700000349432,2.5734999944688752
SupportRiskOnly_B10,JILONG_EI_0039,50,B10,57;106;61;219;119;49;29;217;20;157;185;51;128;69;133;215;100;206;229,0.1,19,105,19,0.0979010804726206,,False,,,0.7959899749373434,,,,19,0,54.209599999012426,1.7509000026620924,69.82889999926556,2.2632000036537647
SupportRiskOnly_B10,JILONG_EI_0039,60,B10,74;219;61;105;119;201;128;34;158;66;3;68;215;5;206;36;28;155;179,0.1,19,105,19,0.1081085220267859,,False,,,0.7914786967418546,,,,19,0,55.157800001325086,1.7770999984350055,71.17020001169294,2.648800000315532
SupportRiskOnly_B10,JILONG_EI_0039,70,B10,57;60;219;106;104;158;216;186;49;155;135;19;206;112;29;177;213;52;99,0.1,19,104,19,0.0607315971238446,,False,,,0.7793522267206479,,,,19,0,54.7043999977177,2.3939999955473468,69.69109999772627,2.2658000088995323
SupportRiskOnly_B10,JILONG_EI_0039,80,B10,44;58;219;105;158;155;217;185;91;213;103;50;192;206;71;112;52;135;25,0.1,19,101,19,0.1108652204210091,,False,,,0.7847837415320479,,,,19,0,54.35310000029858,1.6995999903883785,70.48519999079872,2.666500004124828
SupportRiskOnly_B10,JILONG_EI_0039,90,B10,44;219;57;90;104;217;50;158;155;185;206;214;128;176;165;26;20;69;46,0.1,19,102,19,0.0948533972478961,,False,,,0.7466460268317853,,,,19,0,54.45340000733268,1.7846999980974942,69.86049999250099,2.2104999952716757
SupportRiskOnly_B10,JILONG_EI_0039,100,B10,28;219;58;106;174;104;61;217;4;185;155;206;214;252;49;112;161;165;147,0.1,19,100,19,0.0754339885597016,,False,,,0.7736842105263159,,,,19,0,54.36660000123084,1.8275999900652096,71.42009999370202,2.278999992995523
SupportRiskOnly_B10,JILONG_EI_0039,110,B10,219;28;106;58;174;120;155;216;206;88;185;60;112;176;212;165;49;20;40,0.1,19,101,19,0.0844315458186245,,False,,,0.7628973423658154,,,,19,0,54.62710000574589,1.7554999940330165,70.19810000201687,2.908100010245107
SupportRiskOnly_B10,JILONG_EI_0039,120,B10,219;57;13;27;121;91;158;217;155;212;33;88;185;252;135;45;206;66;165,0.1,19,101,19,0.0690016923065142,,False,,,0.7972902553413235,,,,19,0,54.47239999193698,1.7644999898038805,70.50560000061523,2.26249999832362
SupportRiskOnly_B10,JILONG_EI_0039,130,B10,219;27;58;105;174;13;217;91;212;155;33;206;185;61;134;178;51;100;215,0.1,19,97,19,0.0945624124173947,,False,,,0.7737384698860553,,,,19,0,54.60030000540428,1.8119000014849007,70.42239999282174,2.26249999832362
SupportRiskOnly_B10,JILONG_EI_0039,140,B10,219;90;27;58;121;158;155;201;33;88;233;252;135;29;206;66;4;213;61,0.1,19,98,19,0.0863688921901203,,False,,,0.7765843179377014,,,,19,0,56.56209999870043,1.7613999953027817,69.68700001016259,2.6971999905072157
SupportRiskOnly_B10,JILONG_EI_0039,150,B10,219;58;27;120;174;33;155;217;106;185;88;206;35;60;134;112;66;101;23,0.1,19,95,19,0.0840486710416491,,False,,,0.7529085872576178,,,,19,0,54.43099999683909,1.6860000032465905,70.11600000259932,2.223600007710047
SupportRiskOnly_B10,JILONG_EI_0039,160,B10,219;74;26;13;158;105;155;217;33;185;206;20;52;134;45;229;177;179;70,0.1,19,95,19,0.1092418313666332,,False,,,0.7146814404432134,,,,19,0,54.533300004550256,2.132900001015514,70.6207000039285,2.217100001871586
SupportRiskOnly_B10,JILONG_EI_0039,170,B10,57;219;26;90;13;174;121;201;155;33;45;88;213;135;102;35;144;133;94,0.1,19,94,19,0.1079936595936932,,False,,,0.721724524076148,,,,19,0,56.02010000438895,1.6754999960539865,70.6620999990264,2.3622000007890165
SupportRiskOnly_B10,JILONG_EI_0039,180,B10,57;219;10;13;90;158;120;217;155;33;185;206;20;88;60;213;86;179;100,0.1,19,92,19,0.0882985810660765,,False,,,0.727116704805492,,,,19,0,55.12189998989925,1.9124999962514264,70.7200000033481,2.2314999951049685
SupportRiskOnly_B10,JILONG_EI_0039,190,B10,57;219;25;90;217;13;174;104;49;155;20;185;206;213;27;128;52;133;45,0.1,19,93,19,0.1057653283916962,,False,,,0.7159026598754952,,,,19,0,54.94490001001395,1.7746000085026026,70.88280000607483,2.249400000437163
SupportRiskOnly_B10,JILONG_EI_0039,200,B10,57;235;25;202;90;13;174;156;120;49;200;232;206;88;196;44;35;128;170,0.1,19,94,19,0.0942944000735119,,False,,,0.7458006718924972,,,,19,0,55.060700004105456,2.4357000074815005,70.86210000852589,2.2446999937528744
SupportRiskOnly_B10,JILONG_EI_0039,210,B10,57;235;202;10;13;90;158;49;155;200;104;232;196;206;20;165;60;135;128,0.1,19,95,19,0.0586870458147958,,False,,,0.7368421052631579,,,,19,0,55.35049999889452,2.6243000029353425,70.50970000273082,2.2462000051746145
SupportRiskOnly_B10,JILONG_EI_0039,220,B10,57;219;217;90;10;29;158;24;34;121;155;206;213;185;88;32;93;135;20,0.1,19,98,19,0.0588784832032835,,False,,,0.7534908700322234,,,,19,0,56.9277000031434,1.721200009342283,71.98920000519138,3.2451000006403774
SupportRiskOnly_B10,JILONG_EI_0039,230,B10,57;218;10;90;13;174;50;155;24;104;232;61;213;186;135;93;3;177;241,0.1,19,94,19,0.0772488150025652,,False,,,0.7166853303471443,,,,19,0,55.94639999617357,3.147399998852052,72.56469999265391,3.27139999717474
SupportRiskOnly_B10,JILONG_EI_0039,240,B10,57;235;202;10;158;105;232;35;91;13;49;155;103;61;190;213;135;177;200,0.1,19,96,19,0.0749362513496336,,False,,,0.7516447368421052,,,,19,0,55.00530000426807,2.5674000062281266,70.8903999911854,2.2547999978996813
SupportRiskOnly_B10,JILONG_EI_0039,250,B10,57;235;217;10;105;157;13;49;203;91;61;155;190;20;51;196;185;103;135,0.1,19,98,19,0.0867517669670957,,False,,,0.761546723952739,,,,19,0,53.847199989832006,1.780599995981902,69.56069999432657,2.2419000015361235
SupportRiskOnly_B10,JILONG_EI_0039,260,B10,58;219;105;13;10;201;158;49;233;40;35;155;61;91;213;190;177;93;144,0.1,19,96,19,0.0976330681287378,,False,,,0.7653508771929824,,,,19,0,55.235499996342696,1.7262000037590042,69.98119999479968,2.2883000056026503
SupportRiskOnly_B10,JILONG_EI_0039,270,B10,57;235;119;105;201;158;29;233;34;10;61;171;91;4;112;196;66;177;203,0.1,19,99,19,0.0807253179775022,,False,,,0.7692716640085061,,,,19,0,55.98750000353903,2.795699998387136,69.78989999333862,2.375900003244169
SupportRiskOnly_B10,JILONG_EI_0039,280,B10,57;235;105;119;13;217;158;50;10;20;46;172;91;44;87;186;32;112;213,0.1,19,99,19,0.0595676578018393,,False,,,0.7618288144603934,,,,19,0,55.08879999979399,1.8103999900631609,70.07079999311827,2.2726000024704263
SupportRiskOnly_B10,JILONG_EI_0039,290,B10,13;219;57;104;201;157;232;61;90;49;35;155;10;177;112;213;93;3;165,0.1,19,96,19,0.0754875910284782,,False,,,0.7401315789473684,,,,19,0,54.47810000623576,1.8151999975088984,72.01740000164136,3.0520000000251457
SupportRiskOnly_B10,JILONG_EI_0039,300,B10,13;57;219;104;34;174;201;106;232;20;112;172;61;10;177;213;93;66;179,0.1,19,98,19,0.0833058939743167,,False,,,0.7459720730397422,,,,19,0,54.64479999500327,1.7822000081650913,70.5178999924101,2.217699991888366
SupportRiskOnly_B10,JILONG_EI_0039,310,B10,13;58;218;105;34;158;119;61;87;112;91;232;172;36;93;10;177;23;3,0.1,19,97,19,0.0594681103598257,,False,,,0.7569180683667933,,,,19,0,54.62020001141354,1.669500008574687,70.8842000021832,2.4645999947097152
SupportRiskOnly_B10,JILONG_EI_0039,320,B10,13;219;58;34;88;217;158;90;46;4;121;172;44;112;26;23;135;177;66,0.1,19,97,19,0.0788492315703226,,False,,,0.74877916440586,,,,19,0,55.90199999278411,1.6876000008778649,70.28440000431146,2.2738999978173524
SupportRiskOnly_B10,JILONG_EI_0039,330,B10,13;57;34;88;217;119;235;192;61;158;90;172;112;93;3;206;121;27;23,0.1,19,102,19,0.0681593677971682,,False,,,0.7992776057791537,,,,19,0,54.71149999357294,2.374900010181591,70.64390000596177,2.492800005711615
SupportRiskOnly_B10,JILONG_EI_0039,340,B10,119;57;34;105;13;235;202;174;87;233;46;172;44;23;3;91;178;25;128,0.1,19,99,19,0.0709773261557075,,False,,,0.7836257309941521,,,,19,0,54.86519999976736,1.7033000040100887,70.53700000687968,2.233799998066388
SupportRiskOnly_B10,JILONG_EI_0039,350,B10,13;34;119;58;88;235;217;192;157;61;90;20;23;206;121;66;93;185;203,0.1,19,103,19,0.0604023248156457,,False,,,0.7889626980071538,,,,19,0,54.04229999112431,1.7990000051213428,69.83629999740515,2.574600002844818
SupportRiskOnly_B10,JILONG_EI_0039,360,B10,34;57;235;104;217;158;192;29;90;172;61;23;32;93;3;203;135;128;185,0.1,19,101,19,0.0594757678553652,,False,,,0.7498697238144868,,,,19,0,54.7361000062665,1.773199997842312,70.73150000360329,2.255300001706928
SupportRiskOnly_B10,JILONG_EI_0039,370,B10,35;57;49;104;13;157;201;235;192;46;90;233;44;3;206;93;23;203;135,0.1,19,100,19,0.0630824482544738,,False,,,0.7784210526315789,,,,19,0,56.41619999369141,1.752900003339164,70.07920001342427,2.565700007835403
SupportRiskOnly_B10,JILONG_EI_0039,380,B10,34;58;119;105;217;235;192;14;61;157;87;91;66;24;112;20;93;27;213,0.1,19,98,19,0.093046228300572,,False,,,0.7524167561761546,,,,19,0,54.92900000535883,2.442299999529496,70.16960000328254,2.239299996290356
SupportRiskOnly_B10,JILONG_EI_0039,390,B10,34;57;13;219;88;90;217;192;119;157;46;44;121;66;4;93;112;213;23,0.1,19,101,19,0.0594145078910491,,False,,,0.767587285044294,,,,19,0,54.57520000345539,1.7259000014746562,70.39280000026338,2.282999994349666
SupportRiskOnly_B10,JILONG_EI_0039,400,B10,57;13;34;219;105;103;201;158;192;61;3;172;112;232;66;206;91;178;5,0.1,19,103,19,0.0657549141977624,,False,,,0.7766990291262136,,,,19,0,55.1835999940522,1.7560999986017125,71.10560000000987,2.2907999955350533
SupportRiskOnly_B10,JILONG_EI_0039,410,B10,35;90;58;13;119;251;49;46;88;218;157;192;3;44;93;206;121;216;165,0.1,19,102,19,0.0591311805560873,,False,,,0.8013415892672858,,,,19,0,54.72810000355821,1.7319000035058707,70.76430000597611,2.2194999910425395
SupportRiskOnly_B10,JILONG_EI_0039,420,B10,34;57;13;119;251;105;217;174;192;3;61;66;87;112;91;172;206;32;93,0.1,19,100,19,0.0463737929872655,,False,,,0.7952631578947369,,,,19,0,54.53600001055747,1.7742000054568052,71.59930000489112,2.289500000188127
SupportRiskOnly_B10,JILONG_EI_0039,430,B10,13;251;34;74;192;103;158;41;3;201;46;66;233;172;112;44;135;121;212,0.1,19,97,19,0.0808018929328973,,False,,,0.7976125881714594,,,,19,0,54.51839999295771,1.779999991413206,70.83810000040103,2.305100002558902
SupportRiskOnly_B10,JILONG_EI_0039,440,B10,90;35;57;29;192;251;88;174;218;3;119;61;172;24;66;212;93;33;165,0.1,19,99,19,0.0666738136625035,,False,,,0.7814992025518341,,,,19,0,54.575799993472174,1.788599998690188,70.76839999353979,2.2539000055985525
SupportRiskOnly_B10,JILONG_EI_0039,450,B10,119;90;58;13;192;34;235;157;3;217;46;88;206;44;171;203;128;212;178,0.1,19,101,19,0.0619721114012451,,False,,,0.8181344450234497,,,,19,0,54.55870000878349,1.7518000095151365,70.91149999178015,2.289800002472475
SupportRiskOnly_B10,JILONG_EI_0039,460,B10,90;119;58;35;192;29;235;3;217;158;88;61;156;66;206;203;128;212;165,0.1,19,102,19,0.0656630242512883,,False,,,0.8028895768833849,,,,19,0,54.94729999918491,1.883300006738864,70.00259999767877,2.300099993590265
SupportRiskOnly_B10,JILONG_EI_0039,470,B10,90;13;119;57;192;3;46;35;157;217;88;235;60;171;66;212;203;128;32,0.1,19,102,19,0.0473692674074017,,False,,,0.8142414860681114,,,,19,0,54.56640000920743,1.791699993191287,70.08109999878798,2.213900006609037
SupportRiskOnly_B10,JILONG_EI_0039,480,B10,90;119;58;29;34;174;192;3;201;88;235;61;233;172;93;212;66;178;206,0.1,19,102,19,0.0646905223177707,,False,,,0.8034055727554179,,,,19,0,55.51810000906698,1.7284999921685085,70.03400000394322,2.249299999675713
SupportRiskOnly_B10,JILONG_EI_0039,490,B10,90;58;103;13;219;35;46;3;217;174;192;135;171;44;212;72;49;68;178,0.1,19,104,19,0.0726696326699389,,False,,,0.7955465587044535,,,,19,0,56.363199997576885,1.7549000040162357,70.08190000487957,2.2332999942591414
SupportRiskOnly_B10,JILONG_EI_0039,500,B10,90;57;103;29;35;157;217;192;3;61;235;170;135;212;66;206;203;165;32,0.1,19,104,19,0.0746605815102112,,False,,,0.7768218623481783,,,,19,0,54.95639999571722,1.7905999993672594,71.94860000163317,3.9622000040253615
SupportRiskOnly_B10,JILONG_EI_0039,510,B10,90;13;119;58;46;51;217;174;192;3;235;88;172;212;44;178;23;170;206,0.1,19,104,19,0.064966192157193,,False,,,0.8066801619433199,,,,19,0,54.08460000762716,1.770799994119443,71.1967000097502,2.3690000089118257
SupportRiskOnly_B10,JILONG_EI_0039,520,B10,119;13;90;57;35;158;3;217;176;46;171;235;212;5;44;88;93;206;165,0.1,19,104,19,0.0621482337986538,,False,,,0.8026315789473685,,,,19,0,56.33780000789557,1.7469000013079494,70.91869998839684,2.2379000001819804
SupportRiskOnly_B10,JILONG_EI_0039,530,B10,90;57;29;103;157;35;3;176;201;61;112;171;66;212;232;206;165;203;178,0.1,19,104,19,0.0818279973351915,,False,,,0.7930161943319839,,,,19,0,54.20939999748953,1.8315000052098185,70.13520000327844,2.246600008220412
SupportRiskOnly_B10,JILONG_EI_0039,540,B10,13;90;58;46;104;174;35;192;3;217;206;171;72;203;112;213;165;44;49,0.1,19,105,19,0.0590775780873107,,False,,,0.8225563909774436,,,,19,0,53.95940000016708,1.746199995977804,69.43390000378713,2.257100000861101
SupportRiskOnly_B10,JILONG_EI_0039,550,B10,90;29;57;119;157;35;3;217;171;203;178;235;165;176;49;61;93;212;206,0.1,19,103,19,0.07140614590592,,False,,,0.7746550843127237,,,,19,0,54.87279999942984,1.793899995391257,70.93459999305196,2.2690000041620806
SupportRiskOnly_B10,JILONG_EI_0039,560,B10,90;13;46;58;103;174;34;3;206;36;217;66;171;235;44;5;213;134;68,0.1,19,102,19,0.075334441117688,,False,,,0.8111455108359134,,,,19,0,54.39299999852665,1.8140000029234216,70.35330000508111,2.2655999928247184
SupportRiskOnly_B10,JILONG_EI_0039,570,B10,13;90;57;46;104;3;158;35;201;206;178;171;233;60;235;102;134;213;165,0.1,19,101,19,0.0733434922774157,,False,,,0.7962480458572173,,,,19,0,54.62249999982305,2.8430999955162406,70.28219998755958,2.248300006613136
SupportRiskOnly_B10,JILONG_EI_0039,580,B10,13;74;106;119;3;157;46;35;217;41;235;88;178;44;170;206;165;203;128,0.1,19,101,19,0.0823716795184966,,False,,,0.7926003126628453,,,,19,0,56.31299999367912,1.741899992339313,69.95780000579543,2.278400002978742
SupportRiskOnly_B10,JILONG_EI_0039,590,B10,13;58;90;103;174;3;46;51;202;178;235;134;172;44;213;170;206;216;128,0.1,19,102,19,0.0790023814811127,,False,,,0.804953560371517,,,,19,0,55.42039999272674,2.449799998430535,70.00390000757761,2.2428999945987016
SupportRiskOnly_B10,JILONG_EI_0039,600,B10,13;90;57;3;119;46;35;174;217;171;178;235;88;44;213;206;203;66;93,0.1,19,103,19,0.0685728725563017,,False,,,0.8119570771589167,,,,19,0,54.45659998804331,1.694499995210208,69.88739999360405,2.2388000070350245
SupportRiskOnly_B10,JILONG_EI_0039,610,B10,13;90;58;103;35;157;3;46;218;178;206;171;44;49;68;72;213;215;134,0.1,19,102,19,0.0903048448974278,,False,,,0.7910216718266254,,,,19,0,54.14700000255834,2.1148999949218705,70.40799999958836,2.643800005898811
SupportRiskOnly_B10,JILONG_EI_0039,620,B10,13;3;74;106;174;46;35;103;218;178;171;44;5;213;49;41;206;165;135,0.1,19,101,19,0.0867364519760167,,False,,,0.7899947889525795,,,,19,0,54.73040000651963,1.7502999980933964,70.31179999466985,2.2272000060183927
SupportRiskOnly_B10,JILONG_EI_0039,630,B10,29;58;219;3;119;90;157;217;35;178;206;61;171;5;88;165;213;66;215,0.1,19,102,19,0.0810699052767801,,False,,,0.7941176470588235,,,,19,0,54.50830000336282,1.7984000005526468,72.05419999081641,2.993999994941987
SupportRiskOnly_B10,JILONG_EI_0039,640,B10,13;46;58;3;251;174;217;36;178;105;34;103;206;171;44;213;203;135;91,0.1,19,100,19,0.0714903783568546,,False,,,0.8321052631578947,,,,19,0,55.98590000590775,1.7693000118015334,70.65019999572542,2.7611999976215884
SupportRiskOnly_B10,JILONG_EI_0039,650,B10,29;58;251;3;157;217;178;51;119;90;206;171;49;213;203;60;87;100;27,0.1,19,99,19,0.0819581747593632,,False,,,0.7804359383306751,,,,19,0,54.9516000028234,2.019099993049167,70.08019999193493,3.1211000023176894
SupportRiskOnly_B10,JILONG_EI_0039,660,B10,13;58;3;46;251;217;158;178;35;119;90;171;49;44;213;68;206;100;93,0.1,19,98,19,0.0804573056336194,,False,,,0.8045112781954887,,,,19,0,56.18349999713246,1.7446999991079792,70.72849999531172,2.215699991211295
SupportRiskOnly_B10,JILONG_EI_0039,670,B10,58;29;217;251;174;3;206;103;178;90;34;171;36;213;61;66;134;93;23,0.1,19,99,19,0.0754186735686226,,False,,,0.7814992025518341,,,,19,0,54.84269998851232,2.790800004731864,71.65160001022741,3.14990000333637
SupportRiskOnly_B10,JILONG_EI_0039,680,B10,58;29;217;3;251;90;157;178;206;35;104;171;49;102;213;134;5;215;61,0.1,19,99,19,0.0875328315121256,,False,,,0.7963849016480595,,,,19,0,55.61870000383351,1.7112000059569257,70.66589999885764,2.222399998572655
SupportRiskOnly_B10,JILONG_EI_0039,690,B10,13;46;57;174;3;217;178;206;103;171;235;49;51;44;213;105;134;165;5,0.1,19,97,19,0.0755105635150967,,False,,,0.8024959305480195,,,,19,0,54.85850000695791,1.7955000075744465,70.17289999930654,3.323199998703785
SupportRiskOnly_B10,JILONG_EI_0039,700,B10,58;29;3;217;206;158;178;35;119;90;171;235;128;66;88;213;61;33;5,0.1,19,98,19,0.0710998460843396,,False,,,0.7991407089151451,,,,19,0,54.486199995153584,1.7530000041006133,71.74150001083035,3.0618000018876046
SupportRiskOnly_B10,JILONG_EI_0039,710,B10,13;58;46;157;178;3;202;206;119;90;171;35;88;49;128;235;213;44;216,0.1,19,97,19,0.073573217143601,,False,,,0.8166033640803039,,,,19,0,54.08459999307525,1.7913000046974048,70.32500000786968,2.18390001100488
SupportRiskOnly_B10,JILONG_EI_0039,720,B10,58;29;219;206;174;3;178;217;103;171;49;36;128;213;134;105;61;71;5,0.1,19,100,19,0.0885819084010383,,False,,,0.7963157894736842,,,,19,0,54.439300001831725,1.75199999648612,70.35539999196772,2.236800006357953
SupportRiskOnly_B10,JILONG_EI_0039,730,B10,13;58;3;84;174;46;206;178;217;103;35;171;235;44;5;66;134;213;105,0.1,19,101,19,0.0705408489099555,,False,,,0.8259510161542469,,,,19,0,55.68130000028759,2.1434999944176525,71.58060000801925,3.001900011440739
SupportRiskOnly_B10,JILONG_EI_0039,740,B10,84;58;13;46;157;178;90;206;3;51;119;201;171;235;88;44;213;49;112,0.1,19,100,19,0.0777006072393962,,False,,,0.8242105263157894,,,,19,0,55.64220000815112,1.736000005621463,71.71790000575129,3.319900002679788
SupportRiskOnly_B10,JILONG_EI_0039,750,B10,84;3;13;174;206;217;178;57;46;35;103;171;49;5;135;213;128;44;235,0.1,19,100,19,0.0705408489099555,,False,,,0.8194736842105262,,,,19,0,54.85799998859875,1.859700001659803,69.97460000275169,2.240700006950646
SupportRiskOnly_B10,JILONG_EI_0039,760,B10,84;13;58;206;3;174;46;178;217;119;51;171;49;5;88;44;213;165;10,0.1,19,100,19,0.0692314171726995,,False,,,0.8110526315789474,,,,19,0,54.2567000084091,1.9439000025158748,69.91140000172891,2.3849999997764826
SupportRiskOnly_B10,JILONG_EI_0039,770,B10,84;13;58;3;206;217;174;178;46;35;103;90;171;135;49;5;44;213;144,0.1,19,100,19,0.0703264390348492,,False,,,0.8210526315789473,,,,19,0,54.40100000123493,1.8597999878693368,70.05310000386089,2.9346999945119023
SupportRiskOnly_B10,JILONG_EI_0039,780,B10,13;3;84;206;157;178;58;46;217;119;90;49;51;88;171;5;44;213;144,0.1,19,103,19,0.0726313451922414,,False,,,0.8191108840061317,,,,19,0,54.4919999956619,2.2093000006861985,69.8361999966437,2.3554000072181225
SupportRiskOnly_B10,JILONG_EI_0039,790,B10,84;13;217;174;3;58;206;178;46;103;35;90;49;171;44;135;72;116;165,0.1,19,102,19,0.0772488150025652,,False,,,0.8142414860681114,,,,19,0,54.60850000963546,1.994700010982342,69.94020000274759,2.2025000071153045
SupportRiskOnly_B10,JILONG_EI_0039,800,B10,84;13;217;3;90;174;57;178;206;104;46;51;171;102;5;49;134;44;112,0.1,19,101,19,0.0695147445076613,,False,,,0.8108389786347056,,,,19,0,55.701900011627,1.801800011890009,70.74090000241995,2.3126000014599413
SupportRiskOnly_B10,JILONG_EI_0039,810,B10,84;29;58;217;3;157;161;206;35;103;66;105;171;61;5;134;10;165;229,0.1,19,101,19,0.073634477107917,,False,,,0.7884314747264201,,,,19,0,54.31079999834765,1.8395000079181043,70.0974000064889,2.2828999935882166
SupportRiskOnly_B10,JILONG_EI_0039,820,B10,13;46;84;219;174;178;217;206;3;74;5;51;103;171;135;176;41;44;49,0.1,19,104,19,0.0781830294583853,,False,,,0.8294534412955467,,,,19,0,54.48929998965468,1.7923999985214325,70.85560000268742,2.459100011037662
SupportRiskOnly_B10,JILONG_EI_0039,830,B10,13;84;219;217;90;161;174;206;3;5;58;46;35;88;171;49;102;10;44,0.1,19,103,19,0.0639936902236754,,False,,,0.8375063873275422,,,,19,0,54.24139999377076,1.7793000006349755,69.76980000035837,2.647200002684258
SupportRiskOnly_B10,JILONG_EI_0039,840,B10,13;90;84;217;3;174;206;178;58;5;46;103;36;172;44;170;49;135;128,0.1,19,100,19,0.0681670252927077,,False,,,0.8215789473684211,,,,19,0,54.32920000748709,1.9702999998116864,71.34220001171343,2.427399987936951
SupportRiskOnly_B10,JILONG_EI_0039,850,B10,13;84;217;157;58;161;3;5;206;46;35;90;103;134;171;49;44;229;165,0.1,19,99,19,0.0696985244006095,,False,,,0.8171185539606592,,,,19,0,54.83100000128616,1.9490999984554944,70.12170000234619,2.48470000224188
SupportRiskOnly_B10,JILONG_EI_0039,860,B10,29;3;84;174;178;90;202;58;206;192;5;51;135;171;88;102;49;10;229,0.1,19,99,19,0.0516498074139871,,False,,,0.8059542796384902,,,,19,0,54.28650000249036,1.753599994117394,70.38630000897683,2.733400004217401
SupportRiskOnly_B10,JILONG_EI_0039,870,B10,13;84;58;219;46;3;90;158;161;217;88;5;35;206;171;44;66;102;134,0.1,19,99,19,0.0705867938831925,,False,,,0.8389154704944178,,,,19,0,54.5367000013357,2.4714000028325245,70.41010000102688,2.3830999998608604
SupportRiskOnly_B10,JILONG_EI_0039,880,B10,13;84;3;90;174;217;46;178;206;103;5;57;35;171;44;49;135;117;10,0.1,19,98,19,0.0805798255622516,,False,,,0.8114930182599357,,,,19,0,54.38869999488816,2.224900003056973,70.63899999775458,2.227699995273724
SupportRiskOnly_B10,JILONG_EI_0039,890,B10,13;84;90;219;251;174;3;217;178;57;206;88;34;5;46;135;171;36;44,0.1,19,100,19,0.0572857241310656,,False,,,0.8321052631578948,,,,19,0,55.39199999475386,1.724900008412078,70.52419999672566,2.212999999755993
SupportRiskOnly_B10,JILONG_EI_0039,900,B10,90;14;84;219;57;251;157;3;161;103;206;217;5;35;46;171;44;134;66,0.1,19,100,19,0.066229678921212,,False,,,0.8531578947368421,,,,19,0,56.86140000761952,1.771000010194257,71.40529999742284,2.780100010568276
SupportRiskOnly_B10,JILONG_EI_0039,910,B10,13;90;84;219;217;58;3;174;178;88;5;35;46;171;49;44;102;206;128,0.1,19,100,19,0.065356724429708,,False,,,0.826842105263158,,,,19,0,56.14479999348987,2.399200006038882,71.94149999122601,2.9018999921390787
SupportRiskOnly_B10,JILONG_EI_0039,920,B10,90;29;84;217;57;161;174;5;103;19;171;51;49;10;61;206;128;235;165,0.1,19,99,19,0.0656630242512883,,False,,,0.7873471557682086,,,,19,0,56.08339999162126,1.824299994041212,70.27719999314286,2.358099998673424
SupportRiskOnly_B10,JILONG_EI_0039,930,B10,90;13;84;217;57;158;46;178;5;88;119;19;206;171;44;49;51;128;116,0.1,19,100,19,0.0756483984348079,,False,,,0.8031578947368422,,,,19,0,56.15530000068247,1.8239000055473296,69.92429999809247,2.88169999839738
SupportRiskOnly_B10,JILONG_EI_0039,940,B10,90;13;84;58;174;217;3;5;161;35;103;46;171;49;134;206;128;235;44,0.1,19,97,19,0.0597361227037085,,False,,,0.7981551817688551,,,,19,0,53.93829999957234,1.7928000015672296,70.32339999568649,2.3827999975765124
SupportRiskOnly_B10,JILONG_EI_0039,950,B10,90;84;13;219;174;5;57;46;178;201;19;103;171;49;44;51;206;135;128,0.1,19,98,19,0.0698746467980182,,False,,,0.8012889366272826,,,,19,0,55.29619999288116,3.230799993616529,70.87209999735933,2.471900006639771
SupportRiskOnly_B10,JILONG_EI_0039,960,B10,90;13;84;217;58;157;3;46;161;103;35;5;128;44;66;170;206;165;235,0.1,19,96,19,0.0730907949246119,,False,,,0.8015350877192983,,,,19,0,55.22729999211151,1.745800007483922,70.49620000179857,2.215900007286109
SupportRiskOnly_B10,JILONG_EI_0039,970,B10,90;13;84;174;217;5;57;46;128;3;178;104;34;36;171;134;235;44;10,0.1,19,95,19,0.0597361227037085,,False,,,0.8232686980609418,,,,19,0,55.02290000731591,1.6936999891186133,69.89189999876544,2.6304000057280064
SupportRiskOnly_B10,JILONG_EI_0039,980,B10,90;13;84;217;58;174;20;161;103;49;171;134;46;51;44;206;165;128;235,0.1,19,97,19,0.0679985603908385,,False,,,0.7786218122626153,,,,19,0,55.721600001561455,1.6410999960498884,69.92869998794049,2.2250999900279567
SupportRiskOnly_B10,JILONG_EI_0039,990,B10,90;13;84;217;157;57;46;88;119;161;3;35;49;44;171;5;206;128;165,0.1,19,96,19,0.0629139833526047,,False,,,0.8020833333333334,,,,19,0,56.870600004913285,1.755699995555915,72.221400012495,2.974800008814782
SupportRiskOnly_B10,JILONG_EI_0039,1000,B10,90;29;84;217;174;3;103;161;49;58;5;128;134;35;171;10;121;165;229,0.1,19,96,19,0.0447580614284292,,False,,,0.7911184210526315,,,,19,0,54.79510000441224,1.8016999965766445,71.18139999511186,3.058800008147955
SupportRiskOnly_B10,JILONG_EI_0039,1010,B10,90;219;13;84;217;3;46;128;158;178;103;58;49;135;44;36;171;5;190,0.1,19,96,19,0.0691165547396068,,False,,,0.8234649122807017,,,,19,0,54.32029999792576,1.717300008749589,70.02799998736009,2.2748999908799306
SupportRiskOnly_B10,JILONG_EI_0039,1020,B10,90;84;14;128;217;57;174;3;5;119;46;34;161;88;171;44;36;206;235,0.1,19,99,19,0.0562060172599949,,False,,,0.8165869218500796,,,,19,0,54.64600000414066,1.743700006045401,70.74290000309702,3.0876999953761697
SupportRiskOnly_B10,JILONG_EI_0039,1030,B10,90;29;217;68;3;157;35;58;178;104;134;128;102;171;5;66;72;100;165,0.1,19,96,19,0.0692773621459365,,False,,,0.7867324561403508,,,,19,0,54.31799999496434,1.7984000005526468,69.8846000013873,2.209499987657182
SupportRiskOnly_B10,JILONG_EI_0039,1040,B10,90;13;217;46;158;103;3;58;161;44;134;235;5;36;49;172;165;170;72,0.1,19,97,19,0.0739331194339579,,False,,,0.7840477482365708,,,,19,0,54.77460000838619,2.375500000198372,70.44830000086222,2.209199999924749
SupportRiskOnly_B10,JILONG_EI_0039,1050,B10,90;13;84;219;58;3;217;174;119;5;178;49;171;46;88;44;35;206;128,0.1,19,98,19,0.0546285731788561,,False,,,0.7991407089151449,,,,19,0,53.96780000592116,1.761200008331798,70.87529999262188,2.282300003571436
SupportRiskOnly_B10,JILONG_EI_0039,1060,B10,90;13;84;58;104;157;201;232;235;5;161;46;3;35;128;49;134;44;102,0.1,19,94,19,0.073167369880007,,False,,,0.8029115341545353,,,,19,0,54.940799993346445,3.643200005171821,71.50689999980386,3.0841999978292733
SupportRiskOnly_B10,JILONG_EI_0039,1070,B10,84;90;14;58;217;104;3;158;5;178;46;34;135;36;44;171;128;66;165,0.1,19,95,19,0.0702422065839146,,False,,,0.7795013850415513,,,,19,0,54.18389999249485,1.7072999908123163,71.68130000354722,3.148099989630282
SupportRiskOnly_B10,JILONG_EI_0039,1080,B10,84;90;13;219;58;103;217;174;3;35;161;128;5;46;44;172;49;170;165,0.1,19,97,19,0.0650274521215091,,False,,,0.7791644058600108,,,,19,0,55.22239999845624,2.8684999997494742,71.69309999153484,3.019199997652322
SupportRiskOnly_B10,JILONG_EI_0039,1090,B10,90;13;84;57;157;202;119;232;3;128;35;161;46;10;44;49;170;116;179,0.1,19,95,19,0.0928701059031633,,False,,,0.7606648199445982,,,,19,0,54.10150000534486,1.7428000137442723,69.92069999978412,2.227899996796623
SupportRiskOnly_B10,JILONG_EI_0039,1100,B10,90;13;84;217;58;174;103;3;128;161;46;134;34;36;171;44;229;185;5,0.1,19,95,19,0.0685192700875251,,False,,,0.7595567867036012,,,,19,0,54.39390000537969,1.7958999960683286,69.76990000111982,2.315600009751506
SupportRiskOnly_B10,JILONG_EI_0039,1110,B10,90;84;217;29;58;3;119;158;178;34;235;172;206;128;61;88;36;5;66,0.1,19,98,19,0.0619874263923241,,False,,,0.7352309344790547,,,,19,0,55.58810000366066,1.7211000085808337,71.24420000764076,2.245099996798672
SupportRiskOnly_B10,JILONG_EI_0039,1120,B10,90;84;219;46;58;14;217;104;134;3;174;35;161;44;102;206;171;185;23,0.1,19,98,19,0.0690552947752908,,False,,,0.7824919441460795,,,,19,0,55.18770001071971,1.731600001221523,70.71269999141805,2.242100003059022
SupportRiskOnly_B10,JILONG_EI_0039,1130,B10,90;13;84;217;57;103;174;134;4;35;177;171;44;235;46;10;66;214;165,0.1,19,96,19,0.071467405870236,,False,,,0.7330043859649122,,,,19,0,54.70449999847915,1.8360999965807423,72.53019999188837,3.0441999988397583
SupportRiskOnly_B10,JILONG_EI_0039,1140,B10,90;84;217;219;14;58;157;104;3;134;34;161;5;171;36;206;44;102;10,0.1,19,100,19,0.0715669533122497,,False,,,0.7763157894736842,,,,19,0,56.98709998978302,2.4019000120460987,70.74360000842717,2.535299994633533
SupportRiskOnly_B10,JILONG_EI_0039,1150,B10,90;84;232;201;29;103;174;3;35;57;134;178;171;33;121;144;66;27;235,0.1,19,97,19,0.0707935462627593,,False,,,0.7335865436787847,,,,19,0,55.27910000819247,1.882799988379702,71.62889999744948,2.967799999169074
SupportRiskOnly_B10,JILONG_EI_0039,1160,B10,90;84;219;217;88;58;46;119;158;14;3;161;44;51;172;133;33;190;170,0.1,19,100,19,0.0811235077455567,,False,,,0.7831578947368422,,,,19,0,55.31019999762066,2.776199995423667,69.7366999957012,2.1976999996695668
SupportRiskOnly_B10,JILONG_EI_0039,1170,B10,90;217;13;84;219;3;103;174;57;135;46;177;155;44;35;165;66;78;213,0.1,19,100,19,0.0931764057247436,,False,,,0.7589473684210525,,,,19,0,55.37509999703616,1.7531000048620626,69.58130000566598,2.3336000012932345
SupportRiskOnly_B10,JILONG_EI_0039,1180,B10,90;84;2;13;217;235;119;128;157;178;57;20;155;44;46;88;50;78;121,0.1,19,101,19,0.0826396918623794,,False,,,0.7602918186555498,,,,19,0,55.79560001206119,1.7732999986037612,71.31129999470431,3.1116000027395785
SupportRiskOnly_B10,JILONG_EI_0039,1190,B10,90;232;13;84;3;57;218;119;35;174;46;161;128;155;44;78;5;66;185,0.1,19,99,19,0.083114456585829,,False,,,0.772461456671983,,,,19,0,54.18759999156464,1.731399999698624,70.38710000051651,2.217499990365468
SupportRiskOnly_B10,JILONG_EI_0039,1200,B10,90;84;217;13;57;3;103;50;158;36;171;178;235;5;46;134;78;44;213,0.1,19,97,19,0.0982073802942009,,False,,,0.7628865979381443,,,,19,0,54.87219999486115,2.560799999628216,70.77340000250842,2.3612999939359725
SupportRiskOnly_B10,JILONG_EI_0039,1210,B10,90;84;232;219;13;3;58;201;174;119;50;161;171;128;36;46;44;78;214,0.1,19,100,19,0.0893553154505287,,False,,,0.7742105263157896,,,,19,0,54.18459999782499,1.757299993187189,70.14640000124928,2.261200002976693
SupportRiskOnly_B10,JILONG_EI_0039,1220,B10,90;84;217;2;13;57;119;50;157;4;171;46;178;36;128;44;78;10;165,0.1,19,98,19,0.0886048808876568,,False,,,0.7647690655209451,,,,19,0,56.73380001098849,1.882099997601472,70.04719998803921,2.2536000033142045
SupportRiskOnly_B10,JILONG_EI_0039,1230,B10,90;84;217;3;29;57;119;35;158;171;5;178;66;78;27;60;185;121;213,0.1,19,98,19,0.1062554081062247,,False,,,0.7250268528464018,,,,19,0,55.64889998640865,2.480800001649186,69.83900000341237,2.198899994255044
SupportRiskOnly_B10,JILONG_EI_0039,1240,B10,84;90;217;14;103;2;57;50;46;44;174;4;161;172;36;134;10;78;121,0.1,19,100,19,0.0812153976920308,,False,,,0.778421052631579,,,,19,0,54.63589999999385,1.7627000052016228,71.29410000925418,3.418199994484894
SupportRiskOnly_B10,JILONG_EI_0039,1250,B10,84;90;232;13;219;58;104;102;201;50;3;157;46;171;36;134;161;78;44,0.1,19,100,19,0.100466341478356,,False,,,0.7978947368421053,,,,19,0,56.55220001062844,1.7648999928496778,71.96480000857264,3.3987000060733408
SupportRiskOnly_B10,JILONG_EI_0039,1260,B10,84;90;217;2;14;104;57;158;128;172;235;35;102;161;4;78;44;134;10,0.1,19,99,19,0.0894854928747004,,False,,,0.7777777777777777,,,,19,0,55.39960000896826,2.4972000101115555,70.90110001445282,2.2587000130442902
SupportRiskOnly_B10,JILONG_EI_0039,1270,B10,84;90;219;232;3;103;57;29;201;157;176;178;35;171;128;33;78;5;66,0.1,19,98,19,0.0767357628014181,,False,,,0.7717508055853921,,,,19,0,54.88920000789221,1.7345000087516382,70.17009999253787,2.5738000113051385
SupportRiskOnly_B10,JILONG_EI_0039,1280,B10,84;90;217;3;57;29;119;33;174;161;88;78;36;172;206;213;215;170;235,0.1,19,98,19,0.0765443254129304,,False,,,0.7422126745435016,,,,19,0,54.76440000347793,1.775400000042282,69.95350000215694,2.284200003487058
SupportRiskOnly_B10,JILONG_EI_0039,1290,B10,90;2;84;219;232;13;46;58;119;33;4;201;44;178;174;171;78;35;72,0.1,19,99,19,0.0810469327901616,,False,,,0.8219032429558745,,,,19,0,55.03160000080243,1.7836999904830009,70.10630000149831,2.290699994773604
SupportRiskOnly_B10,JILONG_EI_0039,1300,B10,84;90;217;3;119;29;174;235;161;35;33;171;78;58;128;213;166;185;133,0.1,19,97,19,0.0854040477521421,,False,,,0.7563754747693977,,,,19,0,54.503199993632734,1.7460000090068206,70.29050000710413,2.211699989857152
SupportRiskOnly_B10,JILONG_EI_0039,1310,B10,90;84;2;217;119;158;58;14;36;33;235;44;78;46;178;171;128;88;213,0.1,19,98,19,0.092157958817989,,False,,,0.7765843179377013,,,,19,0,54.79330000525806,1.76159999682568,69.87700000172481,2.6169999910052866
SupportRiskOnly_B10,JILONG_EI_0039,1320,B10,84;90;2;13;58;217;103;192;157;34;161;135;78;235;36;46;166;155;44,0.1,19,99,19,0.0883981285080901,,False,,,0.7639553429027113,,,,19,0,58.42560000019148,1.9921000057365743,75.87960000091698,2.510699996491894
SupportRiskOnly_B10,JILONG_EI_0039,1330,B10,90;84;3;219;217;13;34;57;119;174;172;78;178;166;88;36;66;185;60,0.1,19,99,19,0.0708165187493778,,False,,,0.7666135034556087,,,,19,0,55.116999996243976,1.7480999958934262,70.24149999779183,2.1784999989904463
SupportRiskOnly_B10,JILONG_EI_0039,1340,B10,90;84;2;217;34;14;119;174;58;161;78;172;36;166;88;44;5;185;203,0.1,19,99,19,0.0808708103927529,,False,,,0.7522594364699628,,,,19,0,54.53900000429712,2.500499991583638,70.88199999998324,2.235400010249577
SupportRiskOnly_B10,JILONG_EI_0039,1350,B10,84;90;3;217;13;34;174;119;58;178;46;166;171;36;128;235;78;213;23,0.1,19,100,19,0.0655634768092747,,False,,,0.7736842105263159,,,,19,0,55.02610000257846,2.8544000088004395,70.6305999920005,2.255300001706928
SupportRiskOnly_B10,JILONG_EI_0039,1360,B10,84;90;13;232;202;34;103;3;174;58;161;44;166;78;206;155;128;135;36,0.1,19,100,19,0.0827775267820906,,False,,,0.7910526315789475,,,,19,0,54.983900001388974,1.785200001904741,70.39190000796225,2.2335999965434894
SupportRiskOnly_B10,JILONG_EI_0039,1370,B10,84;90;217;2;219;13;35;157;119;58;178;33;88;165;78;155;44;66;46,0.1,19,99,19,0.086123852332856,,False,,,0.7634237107921318,,,,19,0,55.489900012617,1.7950000037671998,71.7103000060888,3.11140000121668
SupportRiskOnly_B10,JILONG_EI_0039,1380,B10,84;90;2;217;13;103;174;58;34;36;161;78;46;171;128;72;235;44;179,0.1,19,100,19,0.0990879922812445,,False,,,0.7715789473684209,,,,19,0,54.821500001708046,1.767599998856895,72.69830000586808,3.456499995081685
SupportRiskOnly_B10,JILONG_EI_0039,1390,B10,84;90;3;232;34;102;202;158;29;120;161;57;172;78;36;88;165;213;5,0.1,19,98,19,0.0796456111064315,,False,,,0.7685284640171859,,,,19,0,54.74320000212174,1.706499999272637,70.3841999929864,2.207600002293475
SupportRiskOnly_B10,JILONG_EI_0039,1400,B10,84;90;217;2;58;104;174;34;13;44;178;102;46;172;203;20;166;78;134,0.1,19,96,19,0.0860702498640794,,False,,,0.7757675438596492,,,,19,0,55.04320000181906,1.7262000037590042,70.23230000049807,2.271899997140281
SupportRiskOnly_B10,JILONG_EI_0039,1410,B10,84;90;219;13;2;232;104;34;174;201;46;161;102;36;78;172;58;128;60,0.1,19,99,19,0.0753267836221485,,False,,,0.8112706007442849,,,,19,0,54.51220000395551,1.7127000028267505,70.14280000294093,2.2339999995892867
SupportRiskOnly_B10,JILONG_EI_0039,1420,B10,84;219;90;3;14;217;104;58;34;174;161;78;166;171;102;66;44;36;179,0.1,19,100,19,0.1080242895758513,,False,,,0.7957894736842106,,,,19,0,55.15010000090115,2.482900003087707,70.18150000658352,2.192599989939481
SupportRiskOnly_B10,JILONG_EI_0039,1430,B10,84;219;90;2;13;232;34;104;157;201;57;78;177;102;36;155;46;166;10,0.1,19,99,19,0.0760083007251648,,False,,,0.7894736842105262,,,,19,0,55.07119999674615,1.7540999979246408,70.72499999776483,2.7064000023528934
SupportRiskOnly_B10,JILONG_EI_0039,1440,B10,84;90;3;217;13;103;34;174;58;161;78;44;10;165;156;36;213;133;170,0.1,19,95,19,0.1197785452289974,,False,,,0.7545706371191135,,,,19,0,54.29060000460595,1.830799999879673,70.1853999926243,3.2060999947134405
SupportRiskOnly_B10,JILONG_EI_0049,10,B10,78;219;57;106;84;217;4;13;128;50;119;251;10;206;156;158;177;213;170,0.1,19,116,19,0.0700201392132689,,False,,,0.8443738656987297,,,,19,0,54.86099999689032,3.574600006686524,70.55029999173712,2.6837000041268766
SupportRiskOnly_B10,JILONG_EI_0049,20,B10,219;58;217;13;84;119;90;4;112;50;251;77;10;157;177;206;155;121;44,0.1,19,118,19,0.0696525794273724,,False,,,0.8528099910793934,,,,19,0,54.38620000495576,1.8834000075003128,69.90970000333618,2.2598000068683177
SupportRiskOnly_B10,JILONG_EI_0049,30,B10,57;217;219;77;106;84;29;119;251;49;35;112;158;10;177;156;3;213;185,0.1,19,119,19,0.0701196866552825,,False,,,0.8385670057496682,,,,19,0,56.06050000642426,1.9555000035325063,70.19490000675432,2.264500013552606
SupportRiskOnly_B10,JILONG_EI_0049,40,B10,58;235;217;77;106;104;50;134;158;13;192;203;185;10;178;20;46;102;112,0.1,19,116,19,0.0689557473332771,,False,,,0.8303085299455536,,,,19,0,56.1842000024626,2.491200008080341,71.30460000189487,2.2635000059381127
SupportRiskOnly_B10,JILONG_EI_0049,50,B10,58;61;219;105;232;251;201;66;13;35;157;119;33;100;91;177;5;213;155,0.1,19,115,19,0.0735579021525219,,False,,,0.8379862700228833,,,,19,0,54.35199999192264,1.9705000013345848,69.49409999651834,2.2191000025486574
SupportRiskOnly_B10,JILONG_EI_0049,60,B10,74;219;119;61;106;217;50;29;20;84;157;213;128;177;155;186;47;88;133,0.1,19,114,19,0.0795537211599574,,False,,,0.8388734995383196,,,,19,0,54.77160000009462,1.7791999998735264,71.43830000131857,2.3000000073807314
SupportRiskOnly_B10,JILONG_EI_0049,70,B10,58;60;219;13;119;90;128;217;84;174;34;251;121;177;66;20;171;229;165,0.1,19,116,19,0.0436247520885819,,False,,,0.838475499092559,,,,19,0,54.24630000197794,1.8622000061441213,70.69670000055339,2.712700006668456
SupportRiskOnly_B10,JILONG_EI_0049,80,B10,44;57;219;128;106;49;13;104;157;217;135;177;51;171;20;47;69;215;179,0.1,19,114,19,0.0963695813647188,,False,,,0.8236380424746076,,,,19,0,55.39439999847673,1.771300012478605,70.55390000459738,2.622900006826967
SupportRiskOnly_B10,JILONG_EI_0049,90,B10,57;219;44;106;128;119;201;157;49;171;215;35;177;68;47;4;233;252;99,0.1,19,110,19,0.0812766576563469,,False,,,0.7866028708133971,,,,19,0,54.8411999916425,1.7998000112129375,70.35449999966659,2.2046999947633594
SupportRiskOnly_B10,JILONG_EI_0049,100,B10,28;57;219;106;128;192;217;61;158;171;104;50;47;4;52;190;214;252;185,0.1,19,111,19,0.0822338445987855,,False,,,0.8060692271218588,,,,19,0,54.73430000711232,1.7987000028369948,70.30849999864586,2.26759999350179
SupportRiskOnly_B10,JILONG_EI_0049,110,B10,13;58;218;106;176;128;171;104;214;157;50;4;216;252;27;47;52;32;185,0.1,19,109,19,0.0704030139902443,,False,,,0.8213423466924192,,,,19,0,56.547100000898354,2.118199990945868,72.34690000768751,3.0304999963846058
SupportRiskOnly_B10,JILONG_EI_0049,120,B10,58;202;29;235;106;27;128;4;176;174;171;49;103;47;35;216;61;229;135,0.1,19,111,19,0.0819198872816656,,False,,,0.811284969179706,,,,19,0,54.82309999933932,1.888300001155585,72.1697000117274,3.243300001486205
SupportRiskOnly_B10,JILONG_EI_0049,130,B10,57;27;106;202;128;235;13;4;176;157;66;60;104;47;171;206;35;134;200,0.1,19,113,19,0.0657395992066834,,False,,,0.8313926408942711,,,,19,0,54.75789999763947,2.170099993236363,70.82130000344478,2.380599995376542
SupportRiskOnly_B10,JILONG_EI_0049,140,B10,219;57;27;4;112;217;106;157;29;177;120;61;35;47;66;171;88;212;32,0.1,19,110,19,0.085235582850273,,False,,,0.8210526315789475,,,,19,0,57.0265999995172,1.8376000080024824,71.64029999694321,2.9405999957816675
SupportRiskOnly_B10,JILONG_EI_0049,150,B10,58;4;202;27;112;235;174;106;49;29;60;47;192;104;51;212;171;134;233,0.1,19,109,19,0.0633121731206591,,False,,,0.8140994688556253,,,,19,0,55.22059999930207,1.7369999986840412,69.86040000629146,2.3204000026453286
SupportRiskOnly_B10,JILONG_EI_0049,160,B10,57;90;4;26;218;112;157;121;13;35;49;177;171;213;88;45;102;134;100,0.1,19,109,19,0.0876400364496787,,False,,,0.772573635924674,,,,19,0,56.69810000108555,1.7982999997911977,71.5974000049755,3.143499998259358
SupportRiskOnly_B10,JILONG_EI_0049,170,B10,58;26;202;106;4;174;235;192;128;29;35;120;66;156;212;88;161;33;170,0.1,19,106,19,0.0715822683033287,,False,,,0.7934458788480636,,,,19,0,55.55629999435041,2.628799993544817,70.75089999125339,2.567899995483458
SupportRiskOnly_B10,JILONG_EI_0049,180,B10,57;90;10;217;157;20;13;219;121;50;112;177;171;60;88;52;32;165;229,0.1,19,110,19,0.0575384214838694,,False,,,0.7899521531100478,,,,19,0,55.0641000008909,1.787399989552796,70.011700008763,2.3043999972287565
SupportRiskOnly_B10,JILONG_EI_0049,190,B10,57;25;202;106;13;174;235;4;50;128;177;120;171;88;233;36;213;60;102,0.1,19,110,19,0.077470882373211,,False,,,0.7861244019138757,,,,19,0,54.98449999140576,1.8272000015713277,70.2329999912763,2.248399992822669
SupportRiskOnly_B10,JILONG_EI_0049,200,B10,57;10;202;157;105;4;13;192;35;128;233;235;49;171;91;229;103;135;178,0.1,19,110,19,0.0500570483417693,,False,,,0.791866028708134,,,,19,0,55.03920000046492,2.6769999967655167,71.03989999450278,3.0343999969772995
SupportRiskOnly_B10,JILONG_EI_0049,210,B10,57;218;13;174;105;49;4;24;128;35;10;192;232;156;252;170;91;71;161,0.1,19,110,19,0.0695760044719774,,False,,,0.762200956937799,,,,19,0,54.295600013574585,2.305499991052784,71.5117000072496,2.9205000028014183
SupportRiskOnly_B10,JILONG_EI_0049,220,B10,219;57;217;106;29;158;24;104;20;49;177;51;112;10;171;252;213;99;102,0.1,19,112,19,0.0718119931695139,,False,,,0.7885338345864662,,,,19,0,54.431900003692135,1.7591000068932772,70.30110000050627,2.235299994936213
SupportRiskOnly_B10,JILONG_EI_0049,230,B10,57;217;90;192;157;104;13;219;50;10;4;171;128;229;252;36;135;60;23,0.1,19,112,19,0.0447274314462711,,False,,,0.7673872180451128,,,,19,0,54.19339999207296,1.810400004615076,70.79410000005737,2.2557999909622595
SupportRiskOnly_B10,JILONG_EI_0049,240,B10,74;13;202;174;106;119;88;49;233;177;3;35;235;10;171;112;23;69;212,0.1,19,111,19,0.0431806173472903,,False,,,0.7989568515884305,,,,19,0,54.68370000016876,1.813399998354725,70.45600000128616,2.8321999998297542
SupportRiskOnly_B10,JILONG_EI_0049,250,B10,219;57;217;119;13;105;157;192;4;50;10;171;91;112;36;69;161;215;60,0.1,19,111,19,0.0597514376947875,,False,,,0.7652916073968705,,,,19,0,54.54789999930654,1.7502000118838623,70.06159999582451,2.267999996547587
SupportRiskOnly_B10,JILONG_EI_0049,260,B10,219;57;217;13;105;174;10;192;4;119;251;49;35;156;170;91;87;60;128,0.1,19,113,19,0.045026073772312,,False,,,0.7894736842105264,,,,19,0,54.862899996805936,1.812999995308928,70.03649999387562,2.6378000038675964
SupportRiskOnly_B10,JILONG_EI_0049,270,B10,13;219;58;104;232;157;4;201;192;10;66;106;35;171;33;46;134;60;102,0.1,19,111,19,0.0591618105382453,,False,,,0.7814129919393077,,,,19,0,54.7727999946801,1.747700007399544,69.81309999537189,2.2772000083932653
SupportRiskOnly_B10,JILONG_EI_0049,280,B10,13;219;74;232;105;174;192;4;119;201;49;10;35;171;45;87;68;133;41,0.1,19,110,19,0.077065035109617,,False,,,0.7779904306220097,,,,19,0,55.09860000165645,2.556200008257292,70.28790000185836,2.2385999909602106
SupportRiskOnly_B10,JILONG_EI_0049,290,B10,13;218;57;104;232;157;4;177;10;33;51;171;91;135;60;229;179;241;185,0.1,19,110,19,0.0833671539386328,,False,,,0.7526315789473684,,,,19,0,54.68760000076145,1.8053999956464395,70.29139999940526,2.606199996080249
SupportRiskOnly_B10,JILONG_EI_0049,300,B10,219;74;13;88;192;217;174;119;4;121;33;10;66;35;156;170;161;229;45,0.1,19,111,19,0.0516344924229081,,False,,,0.7951635846372689,,,,19,0,56.75679999694694,1.970099998288788,70.81210000615101,2.366000000620261
SupportRiskOnly_B10,JILONG_EI_0049,310,B10,13;57;218;105;232;157;192;251;20;50;10;119;91;46;155;161;60;87;213,0.1,19,113,19,0.0502867732079546,,False,,,0.7633907778295296,,,,19,0,55.24500001047272,2.097100004903041,71.03439999627881,3.7420000007841736
SupportRiskOnly_B10,JILONG_EI_0049,320,B10,13;219;57;233;174;104;251;201;192;4;50;106;10;45;171;36;135;213;99,0.1,19,112,19,0.048112044474734,,False,,,0.7796052631578947,,,,19,0,55.60700000205543,2.996099996380508,70.30639999720734,2.399300006800331
SupportRiskOnly_B10,JILONG_EI_0049,330,B10,219;13;105;217;57;157;177;34;4;91;46;103;66;60;155;10;36;32;135,0.1,19,110,19,0.0558001699964009,,False,,,0.7488038277511961,,,,19,0,54.88419999892358,1.9987999985460192,70.75020000047516,3.610500003560446
SupportRiskOnly_B10,JILONG_EI_0049,340,B10,219;105;13;233;57;174;201;192;119;34;3;45;5;172;170;91;66;10;165,0.1,19,110,19,0.0462665880497124,,False,,,0.769377990430622,,,,19,0,55.10759999742732,1.9809999939752745,71.56460000260267,2.3750000109430403
SupportRiskOnly_B10,JILONG_EI_0049,350,B10,219;13;105;57;217;158;119;192;3;34;46;156;170;91;213;60;36;178;10,0.1,19,109,19,0.0649125896884165,,False,,,0.736842105263158,,,,19,0,55.62600000121165,2.3819999914849177,71.24409999232739,2.3721000034129247
SupportRiskOnly_B10,JILONG_EI_0049,360,B10,218;13;105;74;157;192;3;34;72;45;103;232;135;155;161;66;112;36;229,0.1,19,107,19,0.0537785911739706,,False,,,0.7171667486473193,,,,19,0,55.48039999848697,2.8437000000849366,72.02179999148939,2.420200005872175
SupportRiskOnly_B10,JILONG_EI_0049,370,B10,219;105;29;233;58;201;174;34;3;176;91;172;103;135;61;170;128;10;66,0.1,19,105,19,0.068833227404645,,False,,,0.7363408521303259,,,,19,0,56.74630000430625,1.9574000034481287,70.14450000133365,2.348199996049516
SupportRiskOnly_B10,JILONG_EI_0049,380,B10,219;88;13;217;58;106;157;3;35;176;46;33;60;119;155;165;128;178;213,0.1,19,107,19,0.0531813065218889,,False,,,0.7525823905558289,,,,19,0,55.003899993607774,1.881200005300343,71.05100000626408,2.776100009214133
SupportRiskOnly_B10,JILONG_EI_0049,390,B10,235;13;105;202;57;174;3;91;233;34;177;45;172;135;103;66;170;128;229,0.1,19,106,19,0.0522547495616083,,False,,,0.7581926514399207,,,,19,0,54.5373000059044,1.8067000055452809,70.09449999895878,2.261200002976693
SupportRiskOnly_B10,JILONG_EI_0049,400,B10,219;90;57;104;217;158;13;3;176;34;46;60;172;134;170;213;112;68;178,0.1,19,106,19,0.0625617385577873,,False,,,0.7442899702085404,,,,19,0,54.630600003292784,1.8225999956484884,70.19160001073033,2.2589000000152737
SupportRiskOnly_B10,JILONG_EI_0049,410,B10,219;105;58;157;201;13;3;176;233;35;46;91;49;171;229;134;103;165;112,0.1,19,105,19,0.050263800721336,,False,,,0.7553884711779449,,,,19,0,54.66900000465103,1.7879000079119578,70.97149999754038,2.2490000119432807
SupportRiskOnly_B10,JILONG_EI_0049,420,B10,219;88;74;174;106;201;29;3;176;34;233;120;172;60;170;100;229;41;165,0.1,19,106,19,0.0664211163096997,,False,,,0.7646474677259186,,,,19,0,54.61829999694601,1.761100007570349,70.44919999316335,2.4391000042669475
SupportRiskOnly_B10,JILONG_EI_0049,430,B10,219;58;105;217;174;13;46;4;34;91;177;156;134;66;229;165;170;103;10,0.1,19,107,19,0.0523006945348454,,False,,,0.7324151500245942,,,,19,0,55.45680000795983,2.613699994981289,70.08580000547227,2.296599996043369
SupportRiskOnly_B10,JILONG_EI_0049,440,B10,219;57;90;104;201;13;157;3;34;176;46;60;233;229;135;178;155;66;206,0.1,19,108,19,0.0544983957546844,,False,,,0.7592592592592593,,,,19,0,54.90699999791104,1.7432000022381544,70.37070000660606,2.3406999971484765
SupportRiskOnly_B10,JILONG_EI_0049,450,B10,219;58;174;106;13;217;88;3;34;45;172;177;120;213;206;134;185;165;215,0.1,19,108,19,0.0532502239817445,,False,,,0.7558479532163743,,,,19,0,54.44759999227245,1.763699998264201,69.90000000223517,2.299699990544468
SupportRiskOnly_B10,JILONG_EI_0049,460,B10,219;106;57;158;201;104;29;3;35;60;172;233;177;229;49;135;165;170;128,0.1,19,106,19,0.06407792267461,,False,,,0.7492552135054619,,,,19,0,54.93570001272019,1.8672000005608425,70.35920000635087,2.2425000061048195
SupportRiskOnly_B10,JILONG_EI_0049,470,B10,219;90;57;174;13;46;217;3;121;88;172;51;229;177;165;33;100;60;134,0.1,19,104,19,0.047223774992151,,False,,,0.7591093117408906,,,,19,0,56.64219999744091,1.7740000039339066,71.4775000087684,3.071799990721047
SupportRiskOnly_B10,JILONG_EI_0049,480,B10,219;57;90;157;13;201;104;3;34;213;45;165;66;178;176;171;68;215;36,0.1,19,104,19,0.0807865779418183,,False,,,0.7267206477732794,,,,19,0,54.20300000696443,1.802799990400672,70.71270000596996,2.3031000018818304
SupportRiskOnly_B10,JILONG_EI_0049,490,B10,219;90;57;174;3;13;217;46;104;35;172;60;213;161;165;5;170;102;134,0.1,19,102,19,0.0634500080403703,,False,,,0.739938080495356,,,,19,0,54.94669999461621,1.842799989390187,70.47990000864957,2.2475000005215406
SupportRiskOnly_B10,JILONG_EI_0049,500,B10,219;74;105;158;29;3;201;103;50;192;172;213;72;61;41;178;215;233;170,0.1,19,105,19,0.1007190388311598,,False,,,0.7393483709273183,,,,19,0,54.32419999851845,2.0843000093009323,69.89290000637993,2.224199997726828
SupportRiskOnly_B10,JILONG_EI_0049,510,B10,219;58;90;174;3;13;46;217;119;88;121;60;51;156;206;213;177;165;215,0.1,19,103,19,0.0599811625609728,,False,,,0.7695452222789985,,,,19,0,54.41100000462029,1.757500009262003,70.34099999873433,2.224900003056973
SupportRiskOnly_B10,JILONG_EI_0049,520,B10,218;57;90;157;3;29;104;216;35;213;134;178;66;60;171;176;206;185;102,0.1,19,105,19,0.0791478738963634,,False,,,0.7413533834586467,,,,19,0,54.46739999752026,2.2105999960331246,69.569400002365,2.2308000043267384
SupportRiskOnly_B10,JILONG_EI_0049,530,B10,219;90;57;13;174;3;84;119;121;201;46;213;35;172;88;60;177;166;66,0.1,19,105,19,0.0511750426905376,,False,,,0.7759398496240602,,,,19,0,54.28919999394566,1.7657999997027218,70.29679999686778,2.243299997644499
SupportRiskOnly_B10,JILONG_EI_0049,540,B10,90;235;57;13;158;84;104;3;202;134;46;216;213;51;165;156;178;5;206,0.1,19,105,19,0.0563897971529431,,False,,,0.7789473684210526,,,,19,0,54.5406000019284,1.86089999624528,70.46930000069551,2.322000000276603
SupportRiskOnly_B10,JILONG_EI_0049,550,B10,219;90;57;174;29;84;3;217;134;213;104;192;35;60;166;156;178;170;66,0.1,19,106,19,0.0623396711871415,,False,,,0.7586891757696127,,,,19,0,54.65800000820309,1.784599997336045,70.7782999961637,2.265400005853735
SupportRiskOnly_B10,JILONG_EI_0049,560,B10,219;74;13;105;157;46;103;217;4;213;134;206;34;165;41;60;176;68;171,0.1,19,108,19,0.0742317617599987,,False,,,0.7592592592592592,,,,19,0,54.928799989284016,1.850800006650388,70.46190000255592,2.21580000652466
SupportRiskOnly_B10,JILONG_EI_0049,570,B10,219;58;90;174;13;3;88;119;201;121;213;46;233;34;60;165;178;100;172,0.1,19,105,19,0.0536713862364175,,False,,,0.7924812030075187,,,,19,0,55.55299999832641,1.7167000041808933,70.33930000034161,2.26390000898391
SupportRiskOnly_B10,JILONG_EI_0049,580,B10,219;90;57;3;158;13;84;213;201;103;134;46;35;121;165;156;49;190;60,0.1,19,103,19,0.064047292692452,,False,,,0.7761880429228412,,,,19,0,55.14119999133982,1.7736000008881092,71.1857999995118,2.248200005851686
SupportRiskOnly_B10,JILONG_EI_0049,590,B10,219;74;105;174;29;84;213;3;217;134;165;103;51;5;178;41;172;176;61,0.1,19,106,19,0.0831067990902895,,False,,,0.7711022840119166,,,,19,0,54.90059999283403,1.7756000015651807,71.06880001083482,2.358600002480671
SupportRiskOnly_B10,JILONG_EI_0049,600,B10,90;218;58;13;157;84;3;213;104;46;216;178;35;134;60;165;49;102;155,0.1,19,105,19,0.0696142919496749,,False,,,0.7729323308270676,,,,19,0,54.41690000589006,1.8931999948108569,70.94510000024457,2.9137999954400584
SupportRiskOnly_B10,JILONG_EI_0049,610,B10,219;90;57;13;174;217;84;3;213;104;161;46;35;134;49;165;156;60;215,0.1,19,105,19,0.0591771255293243,,False,,,0.7744360902255639,,,,19,0,54.0463999932399,1.8201000057160852,70.65579999471083,2.889700001105666
SupportRiskOnly_B10,JILONG_EI_0049,620,B10,90;235;58;13;174;3;88;119;213;217;121;46;192;161;51;165;100;49;172,0.1,19,107,19,0.0440305993521758,,False,,,0.790949335956714,,,,19,0,54.6706000022823,2.519700006814673,70.06480000563897,2.216799999587238
SupportRiskOnly_B10,JILONG_EI_0049,630,B10,74;13;219;105;157;3;217;119;213;46;178;190;34;5;41;60;165;100;176,0.1,19,107,19,0.0665359787427923,,False,,,0.7727496310870635,,,,19,0,54.43659999582451,2.062699990347028,71.52369999676012,3.146500006550923
SupportRiskOnly_B10,JILONG_EI_0049,640,B10,219;90;58;13;3;174;84;104;217;213;161;206;134;165;35;46;5;156;66,0.1,19,107,19,0.044650856490876,,False,,,0.7963600590260698,,,,19,0,54.53370000759605,2.566300012404099,70.23310000658967,2.956099997390993
SupportRiskOnly_B10,JILONG_EI_0049,650,B10,90;13;235;57;3;174;103;84;217;213;134;161;121;46;35;165;5;60;156,0.1,19,105,19,0.0566348370102074,,False,,,0.7954887218045111,,,,19,0,54.76539999654051,1.785200001904741,70.49509999342263,2.3268000077223405
SupportRiskOnly_B10,JILONG_EI_0049,660,B10,219;91;89;58;3;158;29;84;103;201;213;178;206;121;134;233;165;5;35,0.1,19,106,19,0.057124916724736,,False,,,0.8058589870903675,,,,19,0,54.036499990616,1.7293999990215525,70.44090000272263,3.054500004509464
SupportRiskOnly_B10,JILONG_EI_0049,670,B10,219;74;13;174;105;46;3;84;217;103;213;161;35;134;49;41;60;165;10,0.1,19,106,19,0.0648053847508633,,False,,,0.797914597815293,,,,19,0,53.99270000634715,1.796600001398474,70.4595999995945,3.463100001681596
SupportRiskOnly_B10,JILONG_EI_0049,680,B10,90;13;104;218;174;84;58;3;213;161;46;166;5;134;216;49;36;156;112,0.1,19,106,19,0.0474917873360338,,False,,,0.7770605759682224,,,,19,0,54.45369999506511,1.8228999979328364,70.3841999929864,2.2526999964611605
SupportRiskOnly_B10,JILONG_EI_0049,690,B10,74;235;157;104;13;84;3;217;106;190;213;178;192;5;134;165;60;51;102,0.1,19,107,19,0.0659310365951711,,False,,,0.795868175110674,,,,19,0,54.46050000318792,1.748599999700673,70.5759999982547,2.22609999764245
SupportRiskOnly_B10,JILONG_EI_0049,700,B10,219;13;91;174;89;84;57;3;103;217;161;213;46;165;121;35;134;156;49,0.1,19,105,19,0.0504628956053633,,False,,,0.812531328320802,,,,19,0,55.33319999813102,3.1927999953040853,70.4247999965446,2.2819000005256385
SupportRiskOnly_B10,JILONG_EI_0049,710,B10,219;74;105;13;174;3;84;103;46;201;161;213;35;233;166;5;134;49;172,0.1,19,105,19,0.0475453898048104,,False,,,0.7969924812030075,,,,19,0,54.58190001081675,1.7976999952225017,69.78189999063034,2.2084000083850697
SupportRiskOnly_B10,JILONG_EI_0049,720,B10,219;74;105;158;13;217;251;3;46;103;213;134;178;165;190;35;5;100;60,0.1,19,107,19,0.0601266549762234,,False,,,0.7978357107722577,,,,19,0,54.16000001423527,1.759699996910058,70.33539999974892,2.246000003651716
SupportRiskOnly_B10,JILONG_EI_0049,730,B10,219;13;74;104;174;84;217;3;251;213;161;106;46;35;166;5;215;156;134,0.1,19,108,19,0.0471165700545979,,False,,,0.7855750487329435,,,,19,0,54.04590000398457,2.03719999990426,70.03709999844432,2.20459999400191
SupportRiskOnly_B10,JILONG_EI_0049,740,B10,219;13;90;104;58;157;3;217;213;178;46;190;165;35;5;100;32;176;60,0.1,19,105,19,0.0551416253800032,,False,,,0.7694235588972431,,,,19,0,54.233999995631166,1.7994999943766743,72.58729999011848,2.3490000021411106
SupportRiskOnly_B10,JILONG_EI_0049,750,B10,13;105;235;74;174;103;217;3;161;213;206;5;134;165;35;46;32;215;41,0.1,19,104,19,0.0637180203842531,,False,,,0.7808704453441295,,,,19,0,56.10349999915343,1.815600000554696,71.12520000373479,2.26539999130182
SupportRiskOnly_B10,JILONG_EI_0049,760,B10,219;13;105;74;217;174;103;20;213;177;166;156;100;134;34;60;215;66;52,0.1,19,104,19,0.0756560559303474,,False,,,0.7378542510121457,,,,19,0,55.67379998683464,1.8075999978464097,71.2201999995159,3.128099997411482
SupportRiskOnly_B10,JILONG_EI_0049,770,B10,13;105;235;119;58;91;84;217;158;190;3;161;213;46;35;5;165;32;23,0.1,19,106,19,0.041986048043127,,False,,,0.8083416087388282,,,,19,0,54.505900014191866,1.8540000019129368,71.9152999954531,2.363499996135942
SupportRiskOnly_B10,JILONG_EI_0049,780,B10,219;119;90;121;88;29;57;174;217;213;178;206;4;35;49;99;215;165;176,0.1,19,105,19,0.0477061972111401,,False,,,0.7824561403508771,,,,19,0,56.12129998917226,2.105999999912456,70.93120001081843,2.28909999714233
SupportRiskOnly_B10,JILONG_EI_0049,790,B10,219;74;13;104;46;217;174;161;213;134;192;5;19;51;32;156;60;165;102,0.1,19,104,19,0.0635955004556209,,False,,,0.7687246963562754,,,,19,0,55.28129999584053,1.793899995391257,70.74939999438357,3.183199994964525
SupportRiskOnly_B10,JILONG_EI_0049,800,B10,219;13;89;58;103;157;91;217;190;3;46;161;213;121;134;35;5;165;49,0.1,19,102,19,0.0513052201147092,,False,,,0.8126934984520123,,,,19,0,56.40729999868199,1.8979000014951453,69.91869999910705,2.2806999913882464
SupportRiskOnly_B10,JILONG_EI_0049,810,B10,219;13;74;105;217;174;103;213;178;50;5;46;19;165;134;10;100;60;215,0.1,19,102,19,0.0597820676769455,,False,,,0.7714138286893705,,,,19,0,54.521000012755394,2.050799987046048,70.40650000271853,2.289500000188127
SupportRiskOnly_B10,JILONG_EI_0049,820,B10,219;90;58;104;217;13;174;213;161;19;50;5;156;135;46;166;215;99;44,0.1,19,103,19,0.0686571050072363,,False,,,0.737864077669903,,,,19,0,55.38570000499021,1.7997999966610223,69.67200001236051,2.3548000026494265
SupportRiskOnly_B10,JILONG_EI_0049,830,B10,219;13;217;74;105;190;84;103;158;213;35;161;33;3;46;165;5;60;66,0.1,19,106,19,0.0572857241310656,,False,,,0.8053624627606754,,,,19,0,54.25560000003316,1.70090000028722,70.2441000030376,2.227599994512275
SupportRiskOnly_B10,JILONG_EI_0049,840,B10,235;217;74;174;104;13;213;33;5;178;19;46;51;41;134;215;176;166;100,0.1,19,106,19,0.0642540450720187,,False,,,0.7442899702085403,,,,19,0,55.14810000022408,1.7689999949652702,70.43970000813715,2.307000002474524
SupportRiskOnly_B10,JILONG_EI_0049,850,B10,219;13;89;57;217;121;174;103;91;213;161;46;33;35;5;165;156;3;134,0.1,19,106,19,0.0500876783239273,,False,,,0.7944389275074478,,,,19,0,54.91069999698084,2.5273000064771622,70.55779999063816,2.2630999883404
SupportRiskOnly_B10,JILONG_EI_0049,860,B10,219;13;74;190;88;201;157;233;46;213;177;20;119;50;165;121;100;215;32,0.1,19,106,19,0.0608005145837002,,False,,,0.7904667328699105,,,,19,0,54.417699997429736,1.7995999951381236,70.78209999599494,2.242000002297573
SupportRiskOnly_B10,JILONG_EI_0049,870,B10,219;74;174;105;217;13;103;5;161;46;35;213;33;206;60;215;165;135;128,0.1,19,106,19,0.0582888560467413,,False,,,0.7864945382323734,,,,19,0,55.11329999717418,1.7565999878570435,72.67550000688061,2.2712000063620508
SupportRiskOnly_B10,JILONG_EI_0049,880,B10,219;58;89;190;217;29;158;103;178;5;91;121;213;50;36;156;128;10;61,0.1,19,105,19,0.0800361433789464,,False,,,0.7809523809523808,,,,19,0,55.13569999311585,1.83649999962654,70.5926999944495,2.298199993674644
SupportRiskOnly_B10,JILONG_EI_0049,890,B10,219;13;105;74;232;174;46;4;103;201;161;50;213;165;156;60;100;134;10,0.1,19,105,19,0.0634806380225283,,False,,,0.7684210526315789,,,,19,0,54.313300002831966,2.049499991699122,70.11200000124518,2.22389999544248
SupportRiskOnly_B10,JILONG_EI_0049,900,B10,219;13;232;104;90;58;190;157;50;4;213;177;201;46;166;128;44;100;171,0.1,19,107,19,0.0735808746391405,,False,,,0.76586325627152,,,,19,0,54.80129999341443,1.956599997356534,69.7206000040751,2.236899992567487
SupportRiskOnly_B10,JILONG_EI_0049,910,B10,219;13;74;232;105;84;174;4;46;103;50;161;206;213;165;201;32;156;60,0.1,19,109,19,0.0572550941489076,,False,,,0.7870593915982617,,,,19,0,54.62460000126157,1.8180000042775648,70.57490000443067,2.226399999926798
SupportRiskOnly_B10,JILONG_EI_0049,920,B10,219;217;74;13;4;104;174;35;106;215;178;33;46;213;134;128;165;176;102,0.1,19,108,19,0.0556240475989922,,False,,,0.7602339181286549,,,,19,0,54.382399990572594,1.9638999947346747,70.68230000732001,2.2459999890998006
SupportRiskOnly_B10,JILONG_EI_0049,930,B10,219;90;232;58;121;13;190;88;5;158;50;161;46;229;128;3;201;10;172,0.1,19,106,19,0.0389153923317839,,False,,,0.7934458788480636,,,,19,0,57.30080000648741,1.7947000014828518,71.85209999443032,2.4123999901348725
SupportRiskOnly_B10,JILONG_EI_0049,940,B10,219;232;74;104;29;174;4;50;161;106;128;156;213;165;60;36;135;100;206,0.1,19,105,19,0.0588095657434279,,False,,,0.7408521303258145,,,,19,0,54.589599996688776,1.709299991489388,69.78279999748338,2.21429999510292
SupportRiskOnly_B10,JILONG_EI_0049,950,B10,219;13;232;58;46;89;103;190;91;121;4;35;158;178;33;128;213;172;176,0.1,19,105,19,0.0466035178534508,,False,,,0.8090225563909774,,,,19,0,54.306799996993504,1.7487000004621225,70.23219999973662,2.245199997560121
SupportRiskOnly_B10,JILONG_EI_0049,960,B10,219;13;232;74;105;174;4;46;161;33;192;35;103;156;165;201;128;10;229,0.1,19,107,19,0.0485714942071046,,False,,,0.7678307919331037,,,,19,0,54.388799995649606,1.7862999957287684,70.19020000007004,2.205400000093505
SupportRiskOnly_B10,JILONG_EI_0049,970,B10,219;232;90;13;104;58;190;4;157;33;178;51;46;134;201;213;60;165;170,0.1,19,106,19,0.0692007871905414,,False,,,0.759682224428997,,,,19,0,53.9983999915421,1.7698000010568649,69.90610000502784,2.2010999964550138
SupportRiskOnly_B10,JILONG_EI_0049,980,B10,219;13;217;105;74;174;4;33;35;103;215;177;156;134;61;41;213;66;100,0.1,19,106,19,0.093482705546324,,False,,,0.7467725918570011,,,,19,0,54.485999993630685,1.768000001902692,70.59959998878185,2.190199986216612
SupportRiskOnly_B10,JILONG_EI_0049,990,B10,219;13;74;121;232;88;190;46;158;3;5;161;50;165;156;134;201;128;229,0.1,19,106,19,0.0489467114885405,,False,,,0.7785501489572989,,,,19,0,54.85440000484232,1.749299990478903,70.55419999232981,2.196200002799742
SupportRiskOnly_B10,JILONG_EI_0049,1000,B10,219;13;105;232;74;174;4;103;46;33;206;35;128;178;166;60;135;172;100,0.1,19,106,19,0.0467183802865434,,False,,,0.7681231380337635,,,,19,0,55.13280000013765,1.780000005965121,69.98169999860693,2.2438000014517456
SupportRiskOnly_B10,JILONG_EI_0049,1010,B10,219;104;13;58;232;174;90;4;156;161;34;128;135;46;166;201;44;10;212,0.1,19,105,19,0.0647594397776263,,False,,,0.7568922305764412,,,,19,0,55.34170000464656,1.78460001188796,69.75280000187922,2.2413999977288768
SupportRiskOnly_B10,JILONG_EI_0049,1020,B10,219;13;74;105;217;190;103;157;46;134;51;215;177;4;165;49;128;60;229,0.1,19,106,19,0.0633887480760542,,False,,,0.7666335650446873,,,,19,0,55.025199995725416,1.8591999978525564,70.24010000168346,2.252199992653914
SupportRiskOnly_B10,JILONG_EI_0049,1030,B10,219;29;74;121;233;174;88;156;35;134;178;4;176;49;170;201;68;102;213,0.1,19,105,19,0.0790789564365078,,False,,,0.7468671679197996,,,,19,0,54.85299999418203,1.7650000081630424,72.00749999901745,3.037999995285645
SupportRiskOnly_B10,JILONG_EI_0049,1040,B10,219;74;105;46;190;217;13;103;158;35;161;4;156;49;135;128;100;10;165,0.1,19,106,19,0.0533267989371396,,False,,,0.7696127110228401,,,,19,0,55.60279999917839,1.8017999973380936,71.89509998715948,2.8024999919580296
SupportRiskOnly_B10,JILONG_EI_0049,1050,B10,219;74;104;29;217;174;4;106;161;206;128;51;172;61;215;134;165;147;41,0.1,19,104,19,0.0774019649133554,,False,,,0.7378542510121457,,,,19,0,55.95259999972768,1.793299990822561,69.82370000332594,2.468700011377223
SupportRiskOnly_B10,JILONG_EI_0049,1060,B10,219;58;90;13;190;232;104;46;4;128;157;177;35;60;201;66;135;147;100,0.1,19,104,19,0.0543911908171313,,False,,,0.7631578947368421,,,,19,0,54.9336999974912,1.7965000006370246,69.96600001002662,2.3727000079816207
SupportRiskOnly_B10,JILONG_EI_0049,1070,B10,219;13;74;105;233;103;174;46;128;156;161;4;51;134;165;215;44;147;201,0.1,19,103,19,0.0808708103927529,,False,,,0.7593254982115483,,,,19,0,53.6776000080863,2.519400004530325,71.19339999917429,2.2430999961216003
SupportRiskOnly_B10,JILONG_EI_0049,1080,B10,219;13;57;232;121;190;90;4;158;88;128;161;35;156;46;201;229;147;49,0.1,19,103,19,0.047598992273587,,False,,,0.7644353602452734,,,,19,0,55.82910000521224,1.7758000030880794,71.96689999545924,3.0412000051001087
SupportRiskOnly_B10,JILONG_EI_0049,1090,B10,219;90;13;232;104;58;174;128;46;3;5;35;177;134;170;172;213;60;201,0.1,19,103,19,0.0564433996217197,,False,,,0.7572815533980582,,,,19,0,55.25900000066031,1.7309999966528269,71.0183000046527,2.375500000198372
SupportRiskOnly_B10,JILONG_EI_0049,1100,B10,219;105;74;13;217;103;190;128;178;158;35;4;61;171;215;134;165;213;41,0.1,19,102,19,0.095649776784005,,False,,,0.7358101135190919,,,,19,0,54.64339999889489,1.790800000890158,71.95559999672696,2.8636000060942024
SupportRiskOnly_B10,JILONG_EI_0049,1110,B10,219;13;232;104;90;58;174;46;161;156;4;34;201;112;36;134;60;102;212,0.1,19,101,19,0.0622401237451279,,False,,,0.750911933298593,,,,19,0,54.48569999134634,1.7330999980913475,71.19850000890438,2.2575999901164323
SupportRiskOnly_B10,JILONG_EI_0049,1120,B10,219;13;232;74;105;190;157;103;46;35;177;128;5;134;72;201;170;44;166,0.1,19,100,19,0.0760312732117833,,False,,,0.7305263157894736,,,,19,0,54.60099999618251,1.7571000062162057,71.67269999627024,2.238700006273575
SupportRiskOnly_B10,JILONG_EI_0049,1130,B10,219;104;232;13;90;57;190;46;3;158;156;35;161;128;165;135;213;49;60,0.1,19,99,19,0.058855510716665,,False,,,0.7426900584795322,,,,19,0,53.76749999413733,1.7309999966528269,71.05729999602772,2.2976000036578625
SupportRiskOnly_B10,JILONG_EI_0049,1140,B10,219;121;57;29;232;89;174;91;103;178;4;51;61;156;134;206;49;100;170,0.1,19,98,19,0.0794235437357857,,False,,,0.7481203007518797,,,,19,0,54.14839999866672,1.7833000019891188,69.878600013908,2.248300006613136
SupportRiskOnly_B10,JILONG_EI_0049,1150,B10,219;217;104;58;29;90;190;35;4;161;157;49;10;215;171;213;102;99;61,0.1,19,101,19,0.0873260791325589,,False,,,0.7186034392912974,,,,19,0,54.82669999764767,1.8093999970005823,70.27010001183953,2.754899993306026
SupportRiskOnly_B10,JILONG_EI_0049,1160,B10,219;13;105;232;74;84;46;174;103;156;5;35;177;3;33;135;201;206;44,0.1,19,103,19,0.0670337159528604,,False,,,0.7792539601430762,,,,19,0,54.605900004389696,3.438200001255609,71.22750001144595,3.169300005538389
SupportRiskOnly_B10,JILONG_EI_0049,1170,B10,219;13;232;105;91;190;58;103;178;35;158;156;128;176;60;49;3;165;201,0.1,19,101,19,0.0630594757678553,,False,,,0.7639395518499218,,,,19,0,54.48330000217538,1.7528000025777146,71.12609999603592,2.333099997485988
SupportRiskOnly_B10,JILONG_EI_0049,1180,B10,219;13;232;104;74;174;106;46;161;4;135;50;172;100;201;52;229;41;170,0.1,19,100,19,0.0657166267200649,,False,,,0.7247368421052631,,,,19,0,53.945100007695146,1.7704000056255609,70.36230000085197,2.254399994853884
SupportRiskOnly_B10,JILONG_EI_0049,1190,B10,219;13;232;88;74;121;174;35;177;3;156;134;61;49;165;201;100;170;144,0.1,19,102,19,0.0787343691372299,,False,,,0.7285861713106295,,,,19,0,54.8692000011215,2.6257999998051678,69.90899999800604,2.228600002126768
SupportRiskOnly_B10,JILONG_EI_0049,1200,B10,219;232;29;105;74;190;3;103;157;161;49;135;51;10;201;165;179;112;170,0.1,19,103,19,0.0794465162224043,,False,,,0.7291773122125703,,,,19,0,55.86530000437051,2.42019999132026,69.98759999987669,2.2896000009495765
SupportRiskOnly_B10,JILONG_EI_0049,1210,B10,219;13;232;104;58;46;3;174;91;178;49;156;35;201;100;206;135;128;44,0.1,19,105,19,0.0706403963519691,,False,,,0.7739348370927318,,,,19,0,55.64099999901373,2.6010000001406297,70.87189999583643,2.7348000003257766
SupportRiskOnly_B10,JILONG_EI_0049,1220,B10,219;13;232;104;74;174;106;3;50;177;134;156;23;60;201;52;165;100;32,0.1,19,104,19,0.0582658835601228,,False,,,0.7348178137651822,,,,19,0,54.36919999192469,1.8425000016577544,70.08510000014212,2.1972999966237694
SupportRiskOnly_B10,JILONG_EI_0049,1230,B10,219;232;104;29;74;3;190;186;161;35;158;61;49;135;172;229;166;10;41,0.1,19,103,19,0.0761155056627179,,False,,,0.7322432294328053,,,,19,0,54.69619999348652,1.8571000109659508,69.87419999495614,2.286999995703809
SupportRiskOnly_B10,JILONG_EI_0049,1240,B10,219;13;217;121;58;103;90;186;174;4;177;156;35;46;49;229;44;135;215,0.1,19,104,19,0.0713984884103805,,False,,,0.7727732793522266,,,,19,0,53.99020000186283,1.7869000002974644,70.28770000033546,2.245400013634935
SupportRiskOnly_B10,JILONG_EI_0049,1250,B10,219;13;104;232;74;190;106;178;3;157;135;50;201;229;46;100;165;44;171,0.1,19,105,19,0.0751889487024373,,False,,,0.7664160401002507,,,,19,0,54.838700001710095,2.5963999942177907,69.73089999519289,2.369699999690056
SupportRiskOnly_B10,JILONG_EI_0049,1260,B10,219;232;105;13;57;174;91;2;4;103;35;186;134;177;46;66;156;44;229,0.1,19,104,19,0.0650887120858252,,False,,,0.7560728744939272,,,,19,0,55.42350000177976,2.491899998858571,70.88619998830836,2.4174999998649582
SupportRiskOnly_B10,JILONG_EI_0049,1270,B10,219;232;104;58;29;190;106;3;50;161;5;135;61;201;157;165;128;52;133,0.1,19,106,19,0.0879616512623381,,False,,,0.7621648460774577,,,,19,0,57.65689999680035,1.864300007582642,70.2780999999959,2.6461000088602304
SupportRiskOnly_B10,JILONG_EI_0049,1280,B10,219;13;233;104;46;74;174;3;106;35;178;49;156;201;60;206;135;215;212,0.1,19,104,19,0.0629675858213812,,False,,,0.7586032388663967,,,,19,0,54.26109999825712,1.8434999947203323,70.73300000047311,2.341300001717173
SupportRiskOnly_B10,JILONG_EI_0049,1290,B10,219;13;232;105;57;46;103;2;91;174;50;177;4;156;44;206;201;100;170,0.1,19,106,19,0.0738412294874838,,False,,,0.7512413108242304,,,,19,0,55.7915000099456,1.8815999937942247,69.59180001285858,2.294399993843399
SupportRiskOnly_B10,JILONG_EI_0049,1300,B10,219;217;121;13;89;58;46;3;35;190;91;158;103;177;135;49;156;10;44,0.1,19,104,19,0.0712300235085113,,False,,,0.7727732793522267,,,,19,0,54.69979999179486,1.8246000108774751,70.71729999734089,2.541300011216663
SupportRiskOnly_B10,JILONG_EI_0049,1310,B10,219;13;104;216;90;58;4;190;50;161;157;135;46;229;44;165;186;102;100,0.1,19,104,19,0.0751200312425818,,False,,,0.7459514170040485,,,,19,0,55.92469999101013,3.12839999969583,71.11859999713488,2.2918000031495467
SupportRiskOnly_B10,JILONG_EI_0049,1320,B10,219;13;106;74;233;104;4;174;178;134;61;201;51;156;49;165;213;215;170,0.1,19,103,19,0.091782741536553,,False,,,0.7644353602452734,,,,19,0,55.67929999961052,1.8482000014046207,70.72540000081062,2.3886999988462776
SupportRiskOnly_B10,JILONG_EI_0049,1330,B10,235;203;104;58;232;29;106;190;4;177;35;135;156;158;128;49;229;165;60,0.1,19,102,19,0.0564433996217197,,False,,,0.7662538699690401,,,,19,0,55.53969999891706,1.8672000005608425,70.82419999642298,2.886899994337
SupportRiskOnly_B10,JILONG_EI_0049,1340,B10,219;13;232;58;104;106;46;174;3;50;161;5;201;135;156;165;44;213;10,0.1,19,103,19,0.0702728365660727,,False,,,0.7501277465508431,,,,19,0,56.25709999003448,2.620800005388446,72.79750000452623,3.263100006734021
SupportRiskOnly_B10,JILONG_EI_0049,1350,B10,219;217;104;57;29;174;106;50;178;156;20;134;206;61;212;166;144;214;102,0.1,19,104,19,0.0800208283878674,,False,,,0.7226720647773278,,,,19,0,55.189599996083416,2.663900013430976,72.37639999948442,3.281600002082996
SupportRiskOnly_B10,JILONG_EI_0049,1360,B10,219;13;74;88;121;232;174;35;3;46;49;134;156;177;201;44;41;206;128,0.1,19,103,19,0.0785123017665842,,False,,,0.7802759325498212,,,,19,0,54.79290000221226,2.0591000065905973,70.84590000158641,2.2438000014517456
SupportRiskOnly_B10,JILONG_EI_0049,1370,B10,219;232;104;58;29;50;174;106;4;135;178;176;165;156;61;201;229;100;112,0.1,19,103,19,0.0693079921280945,,False,,,0.7409299948901379,,,,19,0,54.806600004667416,2.4839999969117343,70.47349998902064,2.291000011609867
SupportRiskOnly_B10,JILONG_EI_0049,1380,B10,235;13;203;103;57;121;233;190;46;2;90;161;4;35;157;134;49;201;171,0.1,19,106,19,0.0512209876637746,,False,,,0.8093346573982124,,,,19,0,54.76119999366347,1.8188999965786932,70.07919999887235,2.2782000014558434
SupportRiskOnly_B10,JILONG_EI_0049,1390,B10,219;58;104;233;29;174;3;106;134;156;178;35;49;229;128;72;100;165;61,0.1,19,104,19,0.0676310006049421,,False,,,0.756578947368421,,,,19,0,54.44059999717865,1.894400003948249,70.64669999817852,2.7165000064997
SupportRiskOnly_B10,JILONG_EI_0049,1400,B10,219;232;74;105;13;174;46;4;103;161;49;135;201;44;10;165;156;51;213,0.1,19,101,19,0.0825631169069844,,False,,,0.750911933298593,,,,19,0,54.363900009775534,1.7374000017298386,70.43859999976121,2.801099995849654
SupportRiskOnly_B10,JILONG_EI_0049,1410,B10,219;217;104;57;13;174;135;4;106;177;49;46;35;156;44;10;215;133;78,0.1,19,106,19,0.1062018056374482,,False,,,0.7423038728897716,,,,19,0,54.18669999926351,1.7909000016516077,69.62629999907222,2.823699993314221
SupportRiskOnly_B10,JILONG_EI_0049,1420,B10,219;58;121;233;29;90;3;88;49;119;178;174;61;35;229;10;201;156;100,0.1,19,106,19,0.07140614590592,,False,,,0.7715988083416088,,,,19,0,54.36850000114646,1.8018999980995432,70.09109998762142,2.544100003433414
SupportRiskOnly_B10,JILONG_EI_0049,1430,B10,219;104;232;57;106;174;29;3;49;177;134;229;10;171;60;201;36;144;165,0.1,19,107,19,0.0576532839169621,,False,,,0.7378258730939498,,,,19,0,56.9307999976445,2.68389999109786,71.60579999617767,2.6735999999800697
SupportRiskOnly_B10,JILONG_EI_0049,1440,B10,203;235;13;105;74;216;103;46;174;3;135;178;66;44;35;128;156;41;10,0.1,19,106,19,0.0871882442128477,,False,,,0.7795431976166831,,,,19,0,54.73050000728108,2.9030000005150214,70.70790001307614,2.2723000001860783
SupportRiskOnly_B10,JILONG_EI_0059,10,B10,78;219;57;106;217;84;4;128;13;50;119;251;10;156;158;177;213;206;170,0.1,19,115,19,0.0700201392132689,,False,,,0.8366132723112127,,,,19,0,54.71959999704268,1.8646999960765245,69.90410000435077,3.028999999514781
SupportRiskOnly_B10,JILONG_EI_0059,20,B10,219;58;217;84;106;13;119;4;112;50;77;10;157;177;251;155;206;46;213,0.1,19,115,19,0.0540083160401559,,False,,,0.8320366132723113,,,,19,0,54.67569999746047,1.944599993294105,70.18059999973048,2.29879999824334
SupportRiskOnly_B10,JILONG_EI_0059,30,B10,84;57;77;235;217;90;29;104;49;112;134;35;157;4;177;203;155;102;206,0.1,19,116,19,0.0670490309439394,,False,,,0.8461887477313974,,,,19,0,54.28869999013841,1.836600000387989,70.20450000709388,2.27870000526309
SupportRiskOnly_B10,JILONG_EI_0059,40,B10,57;219;77;105;232;201;50;192;29;4;158;119;178;155;128;100;91;68;213,0.1,19,114,19,0.0771262950739331,,False,,,0.8291782086795937,,,,19,0,56.20910000288859,1.811000009183772,70.38100001227576,2.7942000015173107
SupportRiskOnly_B10,JILONG_EI_0059,50,B10,58;235;61;4;66;13;104;217;106;157;33;177;213;203;185;112;155;133;69,0.1,19,111,19,0.0916219341302233,,False,,,0.8368895211000474,,,,19,0,55.1734999899054,1.981399997021072,71.27320001018234,2.426299994112924
SupportRiskOnly_B10,JILONG_EI_0059,60,B10,74;235;4;61;106;33;174;202;232;104;177;51;135;171;112;13;10;179;41,0.1,19,112,19,0.087012121815439,,False,,,0.8096804511278194,,,,19,0,54.65839999669697,1.7988000035984442,72.38659998984076,3.01210000179708
SupportRiskOnly_B10,JILONG_EI_0059,70,B10,60;57;219;13;106;46;49;157;171;20;216;103;185;190;52;214;252;99;134,0.1,19,112,19,0.0709160661913914,,False,,,0.787124060150376,,,,19,0,54.282999990391545,1.7930000030901283,71.06260000728071,2.3360000050161034
SupportRiskOnly_B10,JILONG_EI_0059,80,B10,44;106;218;13;58;171;157;50;232;3;5;104;176;36;229;252;128;190;71,0.1,19,112,19,0.0757020009035844,,False,,,0.7969924812030075,,,,19,0,55.29079999541864,2.5421000027563423,70.10290000471286,2.2824999905424197
SupportRiskOnly_B10,JILONG_EI_0059,90,B10,44;106;218;33;158;171;232;74;120;88;19;177;52;185;100;165;66;25;214,0.1,19,107,19,0.1032766423413558,,False,,,0.7594687653713723,,,,19,0,56.37799999385607,2.4886000028345734,72.20980001147836,2.519600006053224
SupportRiskOnly_B10,JILONG_EI_0059,100,B10,28;202;90;235;121;34;157;171;61;20;232;58;161;69;206;147;26;213;40,0.1,19,102,19,0.1303688615601381,,False,,,0.7776057791537668,,,,19,0,54.97349999495782,2.4598000018158928,70.52219999604858,2.474699998856522
SupportRiskOnly_B10,JILONG_EI_0059,110,B10,13;219;106;217;171;157;50;120;206;27;215;4;177;252;57;212;60;128;185,0.1,19,101,19,0.0763299155378242,,False,,,0.7764460656591975,,,,19,0,56.25049999798648,1.81719999818597,74.18309999047779,2.5249999889638275
SupportRiskOnly_B10,JILONG_EI_0059,120,B10,27;29;235;121;217;215;186;33;158;91;212;156;35;61;135;128;89;58;177,0.1,19,100,19,0.0960556240475989,,False,,,0.8052631578947368,,,,19,0,54.66110000270419,1.795099989976734,70.67900001129601,2.4123000039253384
SupportRiskOnly_B10,JILONG_EI_0059,130,B10,27;235;13;106;217;174;171;120;33;203;20;212;177;61;206;88;66;41;52,0.1,19,99,19,0.1000911241969201,,False,,,0.7830940988835726,,,,19,0,54.60820000735112,1.8115999992005527,71.04589999653399,2.5391000090166926
SupportRiskOnly_B10,JILONG_EI_0059,140,B10,27;235;202;157;121;171;60;91;49;29;134;57;20;200;233;206;177;88;102,0.1,19,98,19,0.0846229832071122,,False,,,0.7894736842105263,,,,19,0,54.702300010831095,1.811000009183772,70.22599999618251,2.3445999977411702
SupportRiskOnly_B10,JILONG_EI_0059,150,B10,27;219;174;251;90;121;201;171;13;60;88;32;34;135;112;20;57;177;232,0.1,19,102,19,0.0652954644653919,,False,,,0.80546955624355,,,,19,0,54.59749999863561,1.7806000105338171,70.7230999978492,2.6590999914333224
SupportRiskOnly_B10,JILONG_EI_0059,160,B10,202;26;90;157;251;121;58;171;192;29;232;35;88;49;213;134;178;4;102,0.1,19,100,19,0.0802735257406712,,False,,,0.7831578947368422,,,,19,0,54.748900001868606,1.8595000001369044,70.35190000897273,2.9439000063575804
SupportRiskOnly_B10,JILONG_EI_0059,170,B10,58;10;251;174;90;217;13;219;121;156;192;50;32;45;20;88;229;186;165,0.1,19,102,19,0.0373379482506451,,False,,,0.804953560371517,,,,19,0,55.201600000145845,1.7585000023245811,70.59909999952652,2.9383999935816973
SupportRiskOnly_B10,JILONG_EI_0059,180,B10,57;202;251;25;157;106;13;104;171;176;49;20;60;216;51;133;101;23;27,0.1,19,97,19,0.1274590132551248,,False,,,0.7411828540423224,,,,19,0,54.89040000247769,1.7930000030901283,70.52389999444131,2.2403999901143834
SupportRiskOnly_B10,JILONG_EI_0059,190,B10,58;25;13;90;202;157;235;121;35;171;33;177;88;66;4;196;100;102;133,0.1,19,98,19,0.1007879562910154,,False,,,0.7631578947368421,,,,19,0,55.82190000859555,2.444600002490916,70.11030000285245,2.1807000011904165
SupportRiskOnly_B10,JILONG_EI_0059,200,B10,57;10;202;174;13;105;235;50;156;91;20;233;177;196;170;60;135;86;52,0.1,19,94,19,0.092219218782305,,False,,,0.7519596864501681,,,,19,0,54.768200003309175,1.7085999861592427,70.29529999999795,2.259300003061071
SupportRiskOnly_B10,JILONG_EI_0059,210,B10,58;217;219;157;29;251;121;40;171;89;33;91;177;35;26;103;185;213;70,0.1,19,95,19,0.1174889540626842,,False,,,0.7523545706371192,,,,19,0,55.22479998762719,1.9159000075887889,70.92589999956544,2.2830999951111157
SupportRiskOnly_B10,JILONG_EI_0059,220,B10,13;40;202;174;58;104;106;235;33;233;171;177;20;213;60;112;66;135;133,0.1,19,98,19,0.0894778353791608,,False,,,0.7556390977443609,,,,19,0,55.36939999728929,1.768900008755736,70.68309999885969,2.486999990651384
SupportRiskOnly_B10,JILONG_EI_0059,230,B10,219;217;58;157;40;106;104;251;29;33;171;112;35;177;61;213;185;241;69,0.1,19,99,19,0.108246356946497,,False,,,0.7570441254651781,,,,19,0,54.61579999246169,2.316800004336983,69.9354999960633,2.4360000097658485
SupportRiskOnly_B10,JILONG_EI_0059,240,B10,219;88;217;13;58;158;106;120;33;192;171;252;24;36;112;229;185;196;61,0.1,19,99,19,0.0822108721121669,,False,,,0.7570441254651781,,,,19,0,54.55630000506062,2.733300003455952,70.01430001400877,2.458399991155602
SupportRiskOnly_B10,JILONG_EI_0059,250,B10,219;13;57;88;157;233;106;201;120;49;252;171;112;177;35;213;61;25;23,0.1,19,101,19,0.0905881722323896,,False,,,0.774361646690985,,,,19,0,54.38370000047144,2.0392999867908657,71.90389999595936,3.0581000028178096
SupportRiskOnly_B10,JILONG_EI_0059,260,B10,219;57;174;13;217;88;106;49;120;156;252;35;99;170;61;177;10;112;196,0.1,19,102,19,0.0760236157162438,,False,,,0.7698658410732714,,,,19,0,56.7834999965271,1.7856000049505385,70.22550000692718,2.3224000033224
SupportRiskOnly_B10,JILONG_EI_0059,270,B10,13;57;202;235;105;157;233;49;91;35;4;155;61;10;177;87;196;135;229,0.1,19,101,19,0.0763375730333637,,False,,,0.7462219906201147,,,,19,0,55.57699999189936,1.9403999904170632,70.22030001098756,2.355299991904758
SupportRiskOnly_B10,JILONG_EI_0059,280,B10,13;57;202;233;104;157;235;192;33;10;106;20;155;61;51;213;102;23;144,0.1,19,102,19,0.0768199952523527,,False,,,0.7507739938080495,,,,19,0,55.259300002944656,1.7517000087536871,70.26040001073852,2.4033999943640083
SupportRiskOnly_B10,JILONG_EI_0059,290,B10,13;57;219;105;119;217;174;35;192;49;172;91;10;46;252;60;4;185;87,0.1,19,106,19,0.0378203704696342,,False,,,0.7750744786494539,,,,19,0,54.88499999046326,1.765500011970289,69.99910000013188,2.231699996627867
SupportRiskOnly_B10,JILONG_EI_0059,300,B10,13;219;105;57;119;157;217;10;49;192;35;4;61;155;91;23;87;112;185,0.1,19,104,19,0.0588172232389674,,False,,,0.7621457489878543,,,,19,0,54.45270000200253,1.857099996414036,70.85049999295734,2.2573000023839995
SupportRiskOnly_B10,JILONG_EI_0059,310,B10,13;119;58;219;105;157;217;33;192;4;35;91;66;252;171;60;23;10;46,0.1,19,105,19,0.0425527027130506,,False,,,0.7548872180451128,,,,19,0,54.72830000508111,2.074999996693805,71.887499987497,3.1970999989425763
SupportRiskOnly_B10,JILONG_EI_0059,320,B10,57;104;13;219;174;217;4;49;35;192;106;172;61;252;10;170;23;135;213,0.1,19,105,19,0.060164942453921,,False,,,0.7353383458646616,,,,19,0,55.251800004043616,1.8527999927755443,71.31830000435002,2.344399996218272
SupportRiskOnly_B10,JILONG_EI_0059,330,B10,58;218;29;104;157;232;50;192;4;106;23;252;61;171;10;72;36;32;135,0.1,19,107,19,0.0579902137207005,,False,,,0.7245450073782587,,,,19,0,54.09320000035223,1.7804999952204523,70.96490000549238,2.222099996288307
SupportRiskOnly_B10,JILONG_EI_0059,340,B10,13;119;58;219;105;217;174;192;34;172;4;61;66;91;252;10;178;36;32,0.1,19,108,19,0.0540006585446164,,False,,,0.7626705653021443,,,,19,0,54.70249999780208,1.7946000007214025,70.48229999782052,2.558200008934364
SupportRiskOnly_B10,JILONG_EI_0059,350,B10,57;218;119;13;105;158;35;46;192;156;232;33;10;252;91;5;66;23;60,0.1,19,106,19,0.0446278840042575,,False,,,0.7482621648460773,,,,19,0,55.14419999963138,1.7957000090973452,70.5764000013005,2.394899987848476
SupportRiskOnly_B10,JILONG_EI_0059,360,B10,58;235;13;202;89;157;233;121;34;103;192;61;66;91;155;4;135;10;112,0.1,19,105,19,0.0609689794855694,,False,,,0.7598997493734336,,,,19,0,55.54359999950975,1.7573000077391043,70.4705000098329,2.2776999976485968
SupportRiskOnly_B10,JILONG_EI_0059,370,B10,57;219;88;174;29;217;34;172;120;192;106;252;66;3;61;24;102;185;68,0.1,19,105,19,0.0799901984057094,,False,,,0.743859649122807,,,,19,0,55.5445000063628,1.8023000011453405,71.63479999871925,2.413099995465018
SupportRiskOnly_B10,JILONG_EI_0059,380,B10,57;13;105;235;202;158;35;192;233;46;172;49;103;91;60;3;10;213;24,0.1,19,104,19,0.0612140193428337,,False,,,0.772267206477733,,,,19,0,55.41509999602568,2.0871000015176837,70.75590000022203,2.80689999635797
SupportRiskOnly_B10,JILONG_EI_0059,390,B10,58;218;174;88;13;34;4;121;46;177;172;232;90;252;135;66;10;24;60,0.1,19,103,19,0.0480048395371809,,False,,,0.7588145120081758,,,,19,0,54.158600003574975,2.44689999090042,72.22769998770673,3.037300004507415
SupportRiskOnly_B10,JILONG_EI_0059,400,B10,57;13;235;105;217;157;34;4;192;46;103;203;66;155;91;93;36;215;24,0.1,19,105,19,0.0617117565529018,,False,,,0.7438596491228071,,,,19,0,54.24139999377076,1.7351999995298684,69.96990001061931,2.2622999968007207
SupportRiskOnly_B10,JILONG_EI_0059,410,B10,74;219;13;105;201;174;35;4;46;172;192;233;49;252;41;135;178;10;103,0.1,19,107,19,0.0560834973313628,,False,,,0.7840629611411707,,,,19,0,54.22219999309164,1.7369999986840412,70.53730000916403,2.216799999587238
SupportRiskOnly_B10,JILONG_EI_0059,420,B10,219;57;105;201;29;34;158;192;4;172;119;232;61;91;66;23;10;128;165,0.1,19,108,19,0.060632049681831,,False,,,0.7753411306042884,,,,19,0,54.51139999786392,1.815600000554696,71.13159999425989,2.2761000000173226
SupportRiskOnly_B10,JILONG_EI_0059,430,B10,13;219;74;105;174;192;35;217;46;3;172;119;72;60;33;24;10;206;66,0.1,19,108,19,0.0430427824275792,,False,,,0.7763157894736842,,,,19,0,54.49819999921601,1.828899999964051,71.0700000054203,2.2594999900320545
SupportRiskOnly_B10,JILONG_EI_0059,440,B10,58;105;235;157;29;192;34;201;3;119;232;171;203;91;60;66;23;165;161,0.1,19,106,19,0.0572014916801311,,False,,,0.766137040714995,,,,19,0,54.37079998955596,1.753899996401742,69.92959999479353,2.2261999984039
SupportRiskOnly_B10,JILONG_EI_0059,450,B10,57;105;218;13;174;192;35;46;3;156;119;232;60;49;5;10;178;170;213,0.1,19,106,19,0.0586947033103353,,False,,,0.7502482621648461,,,,19,0,54.207299996051006,1.7259000014746562,70.55730000138283,2.216299995779991
SupportRiskOnly_B10,JILONG_EI_0059,460,B10,57;105;119;235;158;192;14;202;34;3;171;61;36;232;10;206;165;91;161,0.1,19,106,19,0.0628986683615256,,False,,,0.7586891757696128,,,,19,0,54.23529999097809,1.811399997677654,70.43649999832269,2.3387999972328544
SupportRiskOnly_B10,JILONG_EI_0059,470,B10,58;90;119;13;218;157;192;35;4;46;171;121;88;178;165;60;216;66;206,0.1,19,106,19,0.0551339678844637,,False,,,0.7730883813306851,,,,19,0,54.23660000087693,1.7509000026620924,70.16000000294298,2.3185000027297065
SupportRiskOnly_B10,JILONG_EI_0059,480,B10,58;13;105;174;119;217;219;192;46;50;3;172;112;165;212;206;36;91;170,0.1,19,104,19,0.0369474159781301,,False,,,0.7651821862348178,,,,19,0,55.896399993798696,2.8857000143034384,71.44319999497384,2.300499996636063
SupportRiskOnly_B10,JILONG_EI_0059,490,B10,90;57;29;217;104;174;235;192;35;3;135;156;203;178;61;112;49;10;212,0.1,19,102,19,0.06579320167546,,False,,,0.785345717234262,,,,19,0,57.1775999997044,1.804200001060963,70.64710000122432,2.6338999887229875
SupportRiskOnly_B10,JILONG_EI_0059,500,B10,90;57;13;119;158;217;235;34;46;192;3;121;203;60;171;165;112;178;24,0.1,19,103,19,0.0557848550053219,,False,,,0.7889626980071538,,,,19,0,55.174900000565685,1.782799998181872,69.82640000933316,2.687400003196672
SupportRiskOnly_B10,JILONG_EI_0059,510,B10,90;219;58;13;119;157;201;35;46;3;192;171;233;121;112;44;49;213;178,0.1,19,104,19,0.074040324371511,,False,,,0.7788461538461539,,,,19,0,54.01880000135861,1.736000005621463,70.18520000565331,2.388499997323379
SupportRiskOnly_B10,JILONG_EI_0059,520,B10,90;174;57;29;104;219;3;176;201;34;66;134;171;178;61;206;165;102;128,0.1,19,107,19,0.0759470407608487,,False,,,0.7663551401869159,,,,19,0,54.310500010615215,1.771700000972487,70.31179999466985,2.278499989188276
SupportRiskOnly_B10,JILONG_EI_0059,530,B10,74;105;13;174;46;103;219;3;176;217;50;178;171;135;60;206;165;41;128,0.1,19,107,19,0.0604406122933433,,False,,,0.7771765863256271,,,,19,0,54.925100004766136,2.139999996870756,70.4468000039924,2.90839999797754
SupportRiskOnly_B10,JILONG_EI_0059,540,B10,90;13;58;119;174;219;3;217;46;121;35;192;178;156;165;88;49;128;68,0.1,19,107,19,0.0459602882281321,,False,,,0.7806197737333989,,,,19,0,55.25080001098104,1.8432999931974337,70.85980000556447,2.5556999898981303
SupportRiskOnly_B10,JILONG_EI_0059,550,B10,90;29;174;58;3;235;103;217;176;178;34;203;5;134;121;171;61;66;10,0.1,19,105,19,0.0635955004556209,,False,,,0.7894736842105262,,,,19,0,54.163699998753145,1.8000999989453703,69.70180000644177,3.309299994725734
SupportRiskOnly_B10,JILONG_EI_0059,560,B10,90;157;13;3;235;46;58;201;103;178;51;206;121;135;60;10;171;176;165,0.1,19,105,19,0.0658468041442365,,False,,,0.8020050125313282,,,,19,0,54.580599986366,1.7149000050267205,70.60799999453593,2.2601000091526657
SupportRiskOnly_B10,JILONG_EI_0059,570,B10,90;13;174;218;3;58;46;120;178;35;216;10;172;213;88;134;165;128;66,0.1,19,103,19,0.0482192494122872,,False,,,0.765968318855391,,,,19,0,54.09259999578353,1.7733999993652103,71.4146999962395,2.2682999988319352
SupportRiskOnly_B10,JILONG_EI_0059,580,B10,105;13;74;158;3;235;46;217;178;103;206;34;134;10;156;213;203;128;72,0.1,19,104,19,0.0518871897757119,,False,,,0.7839068825910931,,,,19,0,54.89769999985583,3.0611000111093745,71.2787000084063,2.2110999998403718
SupportRiskOnly_B10,JILONG_EI_0059,590,B10,90;58;29;174;219;3;217;104;178;34;60;229;5;165;155;134;10;206;185,0.1,19,105,19,0.049360216247674,,False,,,0.7644110275689223,,,,19,0,55.58230000315234,2.0560999982990324,71.16229999519419,2.3166000028140843
SupportRiskOnly_B10,JILONG_EI_0059,600,B10,105;13;157;84;219;3;74;119;251;46;178;201;35;49;165;44;229;171;233,0.1,19,107,19,0.0718196506650534,,False,,,0.807673389080177,,,,19,0,58.228499998222105,1.9580000080168247,75.36609999078792,3.256000010878779
SupportRiskOnly_B10,JILONG_EI_0059,610,B10,90;13;251;174;46;84;3;178;218;58;121;103;35;206;49;216;134;170;165,0.1,19,106,19,0.0474075548850992,,False,,,0.813803376365442,,,,19,0,54.485200002091005,1.768000001902692,70.88949999888428,2.307899994775653
SupportRiskOnly_B10,JILONG_EI_0059,620,B10,105;29;174;84;219;3;251;217;58;178;103;50;206;91;213;61;5;134;36,0.1,19,107,19,0.0644531399560459,,False,,,0.8037383177570092,,,,19,0,54.84430000069551,1.7703000048641115,71.22330000856891,2.377900003921241
SupportRiskOnly_B10,JILONG_EI_0059,630,B10,13;90;46;174;3;235;58;217;178;103;121;35;60;66;68;156;206;100;213,0.1,19,101,19,0.0698440168158602,,False,,,0.7993746743095363,,,,19,0,54.594999994151294,1.7560999986017125,70.75800000166055,2.2778000129619613
SupportRiskOnly_B10,JILONG_EI_0059,640,B10,13;90;157;219;3;46;178;201;103;233;58;35;49;190;121;5;134;229;165,0.1,19,101,19,0.0525304194010307,,False,,,0.795205836373111,,,,19,0,55.13849999988452,2.245800002128817,70.48660000145901,2.286200004164129
SupportRiskOnly_B10,JILONG_EI_0059,650,B10,219;105;13;3;174;46;74;217;178;103;5;35;49;229;44;206;41;71;155,0.1,19,102,19,0.0920048089071988,,False,,,0.7729618163054696,,,,19,0,54.608799997367896,1.814100003684871,71.48790000064764,3.0737000051885843
SupportRiskOnly_B10,JILONG_EI_0059,660,B10,13;89;58;158;3;217;46;235;178;206;121;103;91;213;5;49;134;51;203,0.1,19,101,19,0.0521781746062132,,False,,,0.8071912454403335,,,,19,0,55.02969998633489,1.766700006555766,70.8401000010781,2.5529999984428287
SupportRiskOnly_B10,JILONG_EI_0059,670,B10,13;105;174;217;3;84;235;74;46;178;5;49;103;213;60;206;171;215;165,0.1,19,103,19,0.0615815791287301,,False,,,0.7812979049565661,,,,19,0,54.82359998859465,2.593299999716692,69.78979999257717,2.397799995378591
SupportRiskOnly_B10,JILONG_EI_0059,680,B10,13;90;174;217;84;3;58;235;46;178;5;104;206;49;213;35;44;165;102,0.1,19,103,19,0.0713142559594459,,False,,,0.7991824220746041,,,,19,0,54.17899999883957,2.2558000055141747,70.21169998915866,2.369699999690056
SupportRiskOnly_B10,JILONG_EI_0059,690,B10,219;13;105;157;58;84;3;178;217;46;192;190;35;103;5;91;49;44;213,0.1,19,105,19,0.0696985244006095,,False,,,0.8135338345864662,,,,19,0,54.56779999076389,1.8189999973401427,71.79089999408461,2.9818000039085746
SupportRiskOnly_B10,JILONG_EI_0059,700,B10,13;90;174;46;84;3;161;235;217;58;121;35;206;88;49;213;165;44;172,0.1,19,103,19,0.0609383495034114,,False,,,0.8124680633622893,,,,19,0,54.33410000114236,1.75939999462571,69.94109999504872,2.231399994343519
SupportRiskOnly_B10,JILONG_EI_0059,710,B10,13;89;84;219;178;174;46;3;217;103;58;206;35;5;49;60;121;91;229,0.1,19,103,19,0.0445972540220995,,False,,,0.8048032703117016,,,,19,0,54.89260000467766,1.7768000107025728,70.23369999660645,2.234700004919432
SupportRiskOnly_B10,JILONG_EI_0059,720,B10,13;106;161;84;174;235;46;74;217;3;5;103;49;206;213;44;35;134;165,0.1,19,102,19,0.0655405043226562,,False,,,0.8039215686274509,,,,19,0,54.559900003368966,1.796900003682822,70.91160000709351,2.4800000101095065
SupportRiskOnly_B10,JILONG_EI_0059,730,B10,13;90;174;84;178;58;235;217;3;5;46;103;121;66;213;35;33;44;135,0.1,19,101,19,0.0672098383502691,,False,,,0.8061490359562272,,,,19,0,56.180900006438605,1.7268999945372343,70.07470000826288,2.2601000091526657
SupportRiskOnly_B10,JILONG_EI_0059,740,B10,13;219;89;157;161;46;190;4;217;58;103;121;49;213;35;91;44;68;165,0.1,19,103,19,0.0813149451340444,,False,,,0.801226366888094,,,,19,0,55.0333999999566,2.391800007899292,71.43550000910182,2.941500002634712
SupportRiskOnly_B10,JILONG_EI_0059,750,B10,13;219;105;174;178;74;217;3;46;103;5;206;213;35;156;60;49;72;41,0.1,19,101,19,0.0690629522708303,,False,,,0.7899947889525795,,,,19,0,54.69699999957811,1.9184999982826407,70.27550000930205,2.2050000115996227
SupportRiskOnly_B10,JILONG_EI_0059,760,B10,13;90;58;46;174;161;235;201;4;233;103;121;213;35;49;44;134;206;203,0.1,19,99,19,0.0696296069407539,,False,,,0.787878787878788,,,,19,0,54.61349998950027,2.379999990807846,70.5387000052724,2.4489000061294064
SupportRiskOnly_B10,JILONG_EI_0059,770,B10,13;89;158;4;58;178;46;235;217;206;103;49;91;213;121;35;100;128;170,0.1,19,99,19,0.0592766729713379,,False,,,0.7878787878787878,,,,19,0,56.75550000160001,1.7210999940289184,70.44419999874663,2.228099998319521
SupportRiskOnly_B10,JILONG_EI_0059,780,B10,13;58;90;46;219;174;161;217;4;50;121;213;88;166;206;135;128;44;215,0.1,19,103,19,0.0624468761246946,,False,,,0.7746550843127236,,,,19,0,54.58409999846481,1.8638000037753957,69.78950000484474,2.2391999955289066
SupportRiskOnly_B10,JILONG_EI_0059,790,B10,13;58;105;157;178;3;190;235;46;201;5;103;213;233;49;128;35;91;166,0.1,19,101,19,0.0573852715730793,,False,,,0.8275143303804066,,,,19,0,54.47060000733472,1.7571000062162057,69.96670000080485,2.6522999978624284
SupportRiskOnly_B10,JILONG_EI_0059,800,B10,13;90;219;174;46;58;161;217;3;5;120;213;35;44;134;206;165;128;100,0.1,19,103,19,0.0621099463209562,,False,,,0.794072560040879,,,,19,0,54.07309999282006,1.7294999997830018,69.76969999959692,2.2261999984039
SupportRiskOnly_B10,JILONG_EI_0059,810,B10,13;90;58;219;174;178;46;103;213;3;5;217;35;44;172;206;121;66;165,0.1,19,103,19,0.0684580101232091,,False,,,0.7843638221768012,,,,19,0,56.00689999118913,2.5067999958992004,72.68830000248272,2.4679999914951622
SupportRiskOnly_B10,JILONG_EI_0059,820,B10,13;219;74;46;158;105;190;161;4;232;103;213;201;35;60;49;128;156;165,0.1,19,102,19,0.0687030499804733,,False,,,0.7905056759545923,,,,19,0,55.68529998708982,1.7210999940289184,71.03019999340177,2.3465999984182417
SupportRiskOnly_B10,JILONG_EI_0059,830,B10,13;219;90;174;58;46;178;217;103;3;121;5;213;128;49;206;35;44;170,0.1,19,101,19,0.0710539011111026,,False,,,0.7842626367899949,,,,19,0,54.94249999173917,1.7723999917507172,71.6130999935558,3.0873999930918217
SupportRiskOnly_B10,JILONG_EI_0059,840,B10,13;90;219;174;46;58;161;5;232;3;103;128;121;201;213;206;35;49;166,0.1,19,103,19,0.0451868811786417,,False,,,0.7940725600408788,,,,19,0,54.89819998911116,2.3567000025650486,71.77550000778865,3.045099991140887
SupportRiskOnly_B10,JILONG_EI_0059,850,B10,13;90;46;219;58;157;190;178;3;217;103;121;128;213;35;5;49;166;100,0.1,19,102,19,0.0516804373961452,,False,,,0.7946336429308565,,,,19,0,55.26699998881668,2.4874999944586307,71.75580000330228,2.601799991680309
SupportRiskOnly_B10,JILONG_EI_0059,860,B10,13;90;251;46;174;218;161;232;20;58;206;103;134;121;213;165;179;155;32,0.1,19,102,19,0.058480293435229,,False,,,0.7889576883384933,,,,19,0,54.63959999906365,1.9395000126678497,70.43210000847466,2.4508999922545627
SupportRiskOnly_B10,JILONG_EI_0059,870,B10,13;90;219;251;46;174;217;58;178;192;103;35;4;134;121;214;206;144;165,0.1,19,104,19,0.0414040783821243,,False,,,0.799089068825911,,,,19,0,54.738500009989366,1.7728000093484295,70.91970001056325,2.350700000533834
SupportRiskOnly_B10,JILONG_EI_0059,880,B10,13;219;90;232;46;161;190;158;3;58;35;103;201;121;5;172;128;213;165,0.1,19,101,19,0.0530051841244802,,False,,,0.8004168837936426,,,,19,0,57.45320000278298,1.7944999999599531,70.628300003591,2.335499986656941
SupportRiskOnly_B10,JILONG_EI_0059,890,B10,13;90;232;46;84;219;174;58;161;121;35;103;128;5;134;3;206;165;201,0.1,19,102,19,0.0390838572336531,,False,,,0.8008255933952528,,,,19,0,55.66759999783244,1.7512000049464405,71.6039999970235,2.5803000025916845
SupportRiskOnly_B10,JILONG_EI_0059,900,B10,13;74;84;232;219;46;105;157;178;192;190;3;103;50;128;165;201;41;229,0.1,19,103,19,0.0601725999494605,,False,,,0.8053142565150742,,,,19,0,54.35279999801424,1.7992000066442415,69.76030000078026,2.2238000092329457
SupportRiskOnly_B10,JILONG_EI_0059,910,B10,13;90;84;219;232;58;174;46;192;178;121;128;35;103;49;3;206;44;213,0.1,19,105,19,0.0609919519721879,,False,,,0.8130325814536341,,,,19,0,54.89289999241009,2.5375999975949526,71.06780000322033,2.3159999982453883
SupportRiskOnly_B10,JILONG_EI_0059,920,B10,13;90;84;219;46;232;174;58;192;161;206;128;3;88;50;5;120;201;60,0.1,19,105,19,0.0357375316828878,,False,,,0.81203007518797,,,,19,0,55.91550000826828,2.026700007263571,71.2531999888597,2.956099997390993
SupportRiskOnly_B10,JILONG_EI_0059,930,B10,13;84;90;219;232;46;174;178;58;103;121;50;176;134;3;44;128;229;165,0.1,19,102,19,0.0560069223759677,,False,,,0.7807017543859649,,,,19,0,56.09319999348372,1.8182000058004637,71.05729999602772,2.3126000014599413
SupportRiskOnly_B10,JILONG_EI_0059,940,B10,13;74;232;84;219;46;105;157;190;178;35;3;49;103;170;214;116;44;134,0.1,19,102,19,0.0906417747011662,,False,,,0.7884416924664602,,,,19,0,56.349299993598834,1.7991000058827922,71.37930000317283,2.6320000033592805
SupportRiskOnly_B10,JILONG_EI_0059,950,B10,219;13;90;58;84;46;158;217;161;190;104;50;3;128;156;102;165;213;32,0.1,19,102,19,0.0541078634821695,,False,,,0.7879256965944271,,,,19,0,55.23369999718852,2.5102000072365627,71.01729999703821,2.215500004240312
SupportRiskOnly_B10,JILONG_EI_0059,960,B10,90;29;84;235;232;174;103;128;161;58;202;35;61;66;206;155;165;134;32,0.1,19,100,19,0.0624545336202341,,False,,,0.7984210526315788,,,,19,0,54.87409999477677,1.7154999950435013,70.18330000573769,2.235499996459112
SupportRiskOnly_B10,JILONG_EI_0059,970,B10,13;219;90;46;84;128;217;174;104;161;57;35;3;172;49;135;44;213;165,0.1,19,101,19,0.0618036464993759,,False,,,0.7936425221469515,,,,19,0,54.2561000038404,1.7804000090109184,71.42860000021756,2.9140999977244064
SupportRiskOnly_B10,JILONG_EI_0059,980,B10,13;90;84;219;174;58;128;46;217;178;104;3;35;49;206;60;170;135;156,0.1,19,102,19,0.0520326821909626,,False,,,0.7972136222910217,,,,19,0,54.24830000265501,2.0564000005833805,71.20540000323672,3.1657000072300434
SupportRiskOnly_B10,JILONG_EI_0059,990,B10,13;90;84;219;128;174;104;46;232;58;161;50;5;3;44;201;32;102;156,0.1,19,102,19,0.0674701931986124,,False,,,0.782249742002064,,,,19,0,54.251099994871765,2.195099994423799,70.17959999211598,2.24980000348296
SupportRiskOnly_B10,JILONG_EI_0059,1000,B10,13;90;128;84;219;174;46;58;232;103;161;50;5;3;32;172;44;185;36,0.1,19,102,19,0.060195572436079,,False,,,0.7734778121775027,,,,19,0,54.9207000003662,2.258099993923679,70.75620000250638,2.240599991637282
SupportRiskOnly_B10,JILONG_EI_0059,1010,B10,13;74;84;219;46;128;105;157;217;35;190;3;177;5;49;103;41;44;171,0.1,19,100,19,0.0796992135752081,,False,,,0.8052631578947369,,,,19,0,55.52819999866188,1.7990000051213428,70.44169999426231,2.300199994351715
SupportRiskOnly_B10,JILONG_EI_0059,1020,B10,84;74;29;128;106;232;218;158;3;161;50;5;120;190;61;156;229;102;116,0.1,19,99,19,0.0842401084301368,,False,,,0.7889420520999469,,,,19,0,55.400199998985045,2.4021999997785315,70.06080000428483,2.2782000014558434
SupportRiskOnly_B10,JILONG_EI_0059,1030,B10,219;13;90;84;46;58;128;174;3;217;178;50;5;120;44;36;215;156;170,0.1,19,99,19,0.0732439448354021,,False,,,0.797979797979798,,,,19,0,55.40580001252238,2.5287000025855377,70.3434000024572,2.2544999956153333
SupportRiskOnly_B10,JILONG_EI_0059,1040,B10,74;13;84;219;46;174;128;105;232;3;161;50;5;103;44;165;201;213;156,0.1,19,99,19,0.07312142490677,,False,,,0.7900053163211058,,,,19,0,54.48510000132956,2.1729999862145637,70.6787999952212,2.225799995358102
SupportRiskOnly_B10,JILONG_EI_0059,1050,B10,219;13;74;84;128;174;3;217;35;46;161;104;5;44;166;172;33;66;199,0.1,19,99,19,0.0541920959331041,,False,,,0.7777777777777777,,,,19,0,54.38950000097975,1.9185999990440905,70.45450000441633,2.2215999924810603
SupportRiskOnly_B10,JILONG_EI_0059,1060,B10,219;74;13;84;46;3;128;174;103;217;178;50;5;44;105;166;156;170;199,0.1,19,96,19,0.0677994655068113,,False,,,0.769736842105263,,,,19,0,54.703000001609325,1.8166999943787232,71.61829998949543,2.243599999928847
SupportRiskOnly_B10,JILONG_EI_0059,1070,B10,13;58;90;84;219;46;174;192;128;3;217;104;161;35;5;134;44;156;214,0.1,19,99,19,0.0608617745480163,,False,,,0.8133971291866029,,,,19,0,55.19519999506883,1.781899991328828,70.67359999928158,2.252200007205829
SupportRiskOnly_B10,JILONG_EI_0059,1080,B10,13;74;84;219;46;217;157;192;3;128;178;34;5;103;190;105;44;171;165,0.1,19,100,19,0.0664747187784763,,False,,,0.7957894736842106,,,,19,0,55.67240000527818,1.7801000067265704,70.38370000373106,2.248300006613136
SupportRiskOnly_B10,JILONG_EI_0059,1090,B10,29;90;84;219;128;217;174;3;57;35;161;61;88;120;206;49;156;102;170,0.1,19,99,19,0.0747294989700668,,False,,,0.7900053163211058,,,,19,0,55.47459999797866,2.5295000086771324,70.61029999749735,2.2232000046642497
SupportRiskOnly_B10,JILONG_EI_0059,1100,B10,13;90;84;57;46;128;158;235;217;3;104;50;178;134;190;203;44;156;36,0.1,19,96,19,0.0666125536981874,,False,,,0.7976973684210528,,,,19,0,54.60990000574384,1.709899996058084,71.46079999802168,2.2375000116880983
SupportRiskOnly_B10,JILONG_EI_0059,1110,B10,57;90;29;84;219;232;128;174;3;103;161;121;50;201;134;156;78;60;36,0.1,19,97,19,0.079637953610892,,False,,,0.770482908301682,,,,19,0,56.163099987315945,2.722000004723668,70.40929999493528,2.225499993073754
SupportRiskOnly_B10,JILONG_EI_0059,1120,B10,219;13;74;46;232;104;174;35;128;44;178;5;100;3;166;156;68;78;23,0.1,19,98,19,0.0945394399307762,,False,,,0.7744360902255639,,,,19,0,55.98370000370778,2.599300001747906,71.12949999282137,2.337099998840131
SupportRiskOnly_B10,JILONG_EI_0059,1130,B10,219;13;90;57;128;217;104;157;46;3;50;161;190;44;100;171;78;135;69,0.1,19,97,19,0.0928241609299262,,False,,,0.7688551275094954,,,,19,0,55.00159999064636,1.844300000811927,70.04239999514539,2.222399998572655
SupportRiskOnly_B10,JILONG_EI_0059,1140,B10,219;74;29;106;104;174;128;217;34;178;156;20;61;100;170;135;102;41;133,0.1,19,97,19,0.1115237650374068,,False,,,0.731958762886598,,,,19,0,54.62429999897722,1.7841999942902476,69.9124000093434,2.2450000105891377
SupportRiskOnly_B10,JILONG_EI_0059,1150,B10,219;13;58;90;46;104;158;217;35;178;128;44;3;206;171;100;134;49;78,0.1,19,98,19,0.0885589359144198,,False,,,0.7610096670247045,,,,19,0,54.160600004252046,1.7638999997870997,69.68590000178665,2.2625999990850687
SupportRiskOnly_B10,JILONG_EI_0059,1160,B10,219;13;74;46;232;106;103;174;35;178;128;44;172;72;134;201;49;170;3,0.1,19,97,19,0.0721182929910943,,False,,,0.7525773195876289,,,,19,0,54.63389999931678,2.0037999929627404,70.42109999747481,2.215300002717413
SupportRiskOnly_B10,JILONG_EI_0059,1170,B10,219;29;74;232;105;174;161;50;128;20;103;156;134;61;41;201;100;166;213,0.1,19,96,19,0.0927552434700706,,False,,,0.705592105263158,,,,19,0,54.55539999820758,2.81419999373611,70.66390001273248,2.263299989863299
SupportRiskOnly_B10,JILONG_EI_0059,1180,B10,219;13;46;74;217;106;104;174;35;44;177;3;128;134;171;100;49;41;185,0.1,19,96,19,0.0785505892442817,,False,,,0.7368421052631579,,,,19,0,54.41539999446832,1.7669999942881986,70.96260000253096,2.2475000005215406
SupportRiskOnly_B10,JILONG_EI_0059,1190,B10,219;13;74;104;217;157;46;3;34;190;178;44;128;135;171;41;66;102;78,0.1,19,95,19,0.1132313865427173,,False,,,0.7246537396121885,,,,19,0,54.88849998801015,1.7292999982601032,70.49230000120588,2.232500002719462
SupportRiskOnly_B10,JILONG_EI_0059,1200,B10,58;219;29;104;90;174;233;161;3;50;172;206;61;128;170;201;135;100;36,0.1,19,97,19,0.0712683109862088,,False,,,0.7238198589256647,,,,19,0,54.64139999821782,1.710199998342432,69.90839999343734,2.192300002207048
SupportRiskOnly_B10,JILONG_EI_0059,1210,B10,219;13;74;217;46;104;158;3;50;190;177;44;135;171;100;144;78;41;5,0.1,19,98,19,0.1011095711036748,,False,,,0.7524167561761547,,,,19,0,55.31539999356028,1.800600002752617,69.99660001019947,2.227999997558072
SupportRiskOnly_B10,JILONG_EI_0059,1220,B10,219;13;74;46;3;103;233;105;174;176;135;44;100;171;178;78;35;201;33,0.1,19,98,19,0.0954047369267407,,False,,,0.7738990332975294,,,,19,0,54.5574999996461,1.7389000131515786,70.19130000844598,2.2552000009454787
SupportRiskOnly_B10,JILONG_EI_0059,1230,B10,219;74;84;14;105;119;232;3;46;174;161;87;172;34;78;128;44;41;201,0.1,19,99,19,0.0911854568844713,,False,,,0.7682083997873471,,,,19,0,55.48569999518804,1.7980000120587647,73.18819999636617,2.630200004205108
SupportRiskOnly_B10,JILONG_EI_0059,1240,B10,219;13;74;104;217;46;4;190;157;178;100;78;34;128;44;135;171;102;166,0.1,19,97,19,0.1000834667013806,,False,,,0.7444384156266955,,,,19,0,54.27419999614358,1.7663000035099683,69.8903999873437,2.3021999950287864
SupportRiskOnly_B10,JILONG_EI_0059,1250,B10,219;84;14;58;104;3;46;232;90;174;178;44;78;35;156;33;170;165;128,0.1,19,98,19,0.0906877196744032,,False,,,0.7728249194414607,,,,19,0,54.13809999299701,1.7000999941956252,69.68050000432413,3.2777999876998365
SupportRiskOnly_B10,JILONG_EI_0059,1260,B10,13;84;219;104;74;46;217;174;206;3;161;33;51;172;78;5;44;165;128,0.1,19,101,19,0.0794082287447067,,False,,,0.7623762376237624,,,,19,0,54.43089999607764,1.760700004524551,70.88839999050833,3.063800002564676
SupportRiskOnly_B10,JILONG_EI_0059,1270,B10,13;219;104;57;46;3;33;233;90;158;190;100;35;178;78;171;44;165;134,0.1,19,97,19,0.0914764417149727,,False,,,0.7769940314704286,,,,19,0,54.45109998981934,2.5105000095209107,70.35589999577496,2.32539999706205
SupportRiskOnly_B10,JILONG_EI_0059,1280,B10,219;58;14;104;33;46;232;3;90;174;100;78;161;134;172;44;51;170;201,0.1,19,96,19,0.0943250300556699,,False,,,0.7680921052631579,,,,19,0,56.45939998794347,1.7822999943746254,71.68280000041705,2.2631000028923154
SupportRiskOnly_B10,JILONG_EI_0059,1290,B10,58;13;219;104;90;33;46;3;217;190;157;100;78;134;35;178;171;60;128,0.1,19,98,19,0.0753114686310695,,False,,,0.7814178302900107,,,,19,0,54.85820000467356,1.803799998015165,70.54040000366513,2.241499998490326
SupportRiskOnly_B10,JILONG_EI_0059,1300,B10,13;219;74;2;104;46;217;33;190;78;100;35;134;156;158;161;44;4;229,0.1,19,98,19,0.0908332120896539,,False,,,0.7814178302900107,,,,19,0,54.40509998879861,2.0051000028615817,70.67510001070332,2.439299991237931
SupportRiskOnly_B10,JILONG_EI_0059,1310,B10,3;29;58;218;105;103;33;190;61;216;158;134;172;91;178;35;100;144;166,0.1,19,93,19,0.0743695966797099,,False,,,0.7617430673457839,,,,19,0,56.6872999916086,1.873200002592057,70.37289999425411,2.199599999585189
SupportRiskOnly_B10,JILONG_EI_0059,1320,B10,219;13;84;217;104;3;57;46;90;33;78;174;44;161;134;172;206;35;128,0.1,19,97,19,0.0733970947461923,,False,,,0.8035811177428105,,,,19,0,55.58559999917634,2.480200011632405,70.60099999944214,2.8875999996671453
SupportRiskOnly_B10,JILONG_EI_0059,1330,B10,84;219;13;3;57;105;33;233;78;35;161;103;190;46;157;134;44;201;91,0.1,19,96,19,0.0920660688715148,,False,,,0.788377192982456,,,,19,0,55.27870000514668,2.373400013311766,70.48450000002049,2.2301999997580424
SupportRiskOnly_B10,JILONG_EI_0059,1340,B10,219;2;13;84;57;105;46;35;217;174;78;103;178;134;172;206;33;91;5,0.1,19,99,19,0.0569947393005643,,False,,,0.7878787878787877,,,,19,0,55.02649999107234,1.751399991917424,72.12899999285582,3.0014999938430265
SupportRiskOnly_B10,JILONG_EI_0059,1350,B10,57;13;84;219;3;89;174;46;217;34;78;161;103;134;172;206;121;91;44,0.1,19,98,19,0.0776010597973826,,False,,,0.8045112781954887,,,,19,0,56.27199998707511,1.7625000036787242,70.32689999323338,2.193799999076873
SupportRiskOnly_B10,JILONG_EI_0059,1360,B10,219;57;2;13;89;34;217;100;78;174;161;134;172;103;20;46;44;91;199,0.1,19,96,19,0.0839108361219379,,False,,,0.7708333333333334,,,,19,0,54.82090001169127,1.6996999911498278,69.82869999774266,2.199000009568408
SupportRiskOnly_B10,JILONG_EI_0059,1370,B10,219;3;29;57;104;90;34;217;78;252;174;161;135;172;165;60;128;102;100,0.1,19,95,19,0.0761155056627179,,False,,,0.7385041551246537,,,,19,0,54.83239999739453,2.354399999603629,71.65649998933077,2.541599998949096
SupportRiskOnly_B10,JILONG_EI_0059,1380,B10,219;13;58;2;84;89;34;217;46;135;174;44;78;178;103;20;121;156;165,0.1,19,96,19,0.0896999027498066,,False,,,0.7905701754385965,,,,19,0,54.9853999982588,1.7577999969944358,71.70880000921898,2.5055000005522743
SupportRiskOnly_B10,JILONG_EI_0059,1390,B10,219;58;3;90;104;13;34;217;174;46;177;78;135;100;166;172;229;44;133,0.1,19,94,19,0.0944092625066045,,False,,,0.7536394176931692,,,,19,0,55.04930000461172,1.7739000031724572,71.8431999994209,2.2461999906226997
SupportRiskOnly_B10,JILONG_EI_0059,1400,B10,58;219;90;29;104;3;217;34;78;158;161;190;135;156;166;229;179;101;185,0.1,19,95,19,0.1102066758046113,,False,,,0.737950138504155,,,,19,0,54.4439999939641,1.8623000069055704,71.25860000087414,2.521600006730296
SupportRiskOnly_B10,JILONG_EI_0059,1410,B10,13;58;104;218;90;46;3;190;34;78;216;158;178;44;134;172;100;229;166,0.1,19,93,19,0.0894318904059238,,False,,,0.7594793435200905,,,,19,0,55.58569999993779,1.7949999892152846,71.8804999924032,3.1226999999489635
SupportRiskOnly_B10,JILONG_EI_0059,1420,B10,84;219;90;58;13;104;2;35;78;158;190;46;217;161;134;49;4;166;172,0.1,19,99,19,0.0564587146127987,,False,,,0.7852206273258905,,,,19,0,54.96940000739414,1.798199999029748,69.97779999801423,2.318300001206808
SupportRiskOnly_B10,JILONG_EI_0059,1430,B10,219;90;57;104;13;3;158;78;190;46;217;34;178;229;44;135;166;171;128,0.1,19,98,19,0.0866981644983191,,False,,,0.7518796992481204,,,,19,0,54.696499995770864,1.7667999927653,69.5899999991525,2.255999992485158
SupportRiskOnly_B10,JILONG_EI_0059,1440,B10,219;2;13;90;84;104;58;217;78;174;4;166;34;161;46;206;135;172;44,0.1,19,99,19,0.0704872464411789,,False,,,0.7788410419989367,,,,19,0,54.468400005134754,1.738099992508069,70.86500000150409,2.3673999967286363
SupportRiskOnly_B10,JILONG_EI_0069,10,B10,78;219;57;106;217;84;4;13;128;50;119;251;10;206;156;158;177;213;170,0.1,19,115,19,0.0700201392132689,,False,,,0.8402745995423341,,,,19,0,54.28960001154337,1.865799989900552,69.64820000575855,2.26539999130182
SupportRiskOnly_B10,JILONG_EI_0069,20,B10,219;58;217;84;13;119;90;4;112;49;77;10;157;35;177;251;155;121;44,0.1,19,117,19,0.0741092418313666,,False,,,0.8493027440395862,,,,19,0,54.771299997810274,1.8053999956464395,69.66739999188576,2.265699993586168
SupportRiskOnly_B10,JILONG_EI_0069,30,B10,74;77;235;13;106;119;232;201;50;112;4;157;192;203;10;206;178;155;46,0.1,19,116,19,0.0583271435244389,,False,,,0.8443738656987297,,,,19,0,54.1011999885086,1.7879000079119578,69.5724999968661,2.243299997644499
SupportRiskOnly_B10,JILONG_EI_0069,40,B10,57;106;77;29;119;235;217;66;35;157;112;4;155;33;185;203;100;213;68,0.1,19,112,19,0.0784510418022681,,False,,,0.8233082706766918,,,,19,0,54.384699993534014,2.5359999999636784,70.42180000280496,2.3249999940162525
SupportRiskOnly_B10,JILONG_EI_0069,50,B10,58;4;61;106;104;218;134;50;158;13;213;216;102;156;192;128;186;178;10,0.1,19,111,19,0.0790406689588103,,False,,,0.8146040777619724,,,,19,0,55.43459999898914,1.741899992339313,70.5588999990141,2.8957000031368807
SupportRiskOnly_B10,JILONG_EI_0069,60,B10,74;106;4;61;218;13;128;156;49;104;174;51;47;135;176;133;69;229;41,0.1,19,111,19,0.0928471334165447,,False,,,0.8117591275486011,,,,19,0,55.91789999743924,1.7953000060515478,72.69060000544414,3.8149000029079616
SupportRiskOnly_B10,JILONG_EI_0069,70,B10,58;44;105;235;201;13;47;157;34;20;91;103;128;203;171;66;177;179;190,0.1,19,112,19,0.0920660688715148,,False,,,0.8073308270676692,,,,19,0,54.34610000520479,1.8259000062244013,72.14629999361932,2.5480999902356416
SupportRiskOnly_B10,JILONG_EI_0069,80,B10,44;57;13;202;235;33;121;112;177;171;90;46;4;174;88;119;51;215;233,0.1,19,110,19,0.064499084929283,,False,,,0.8282296650717703,,,,19,0,54.75910000677686,1.7779000045266002,71.80180000432301,2.3397000040858984
SupportRiskOnly_B10,JILONG_EI_0069,90,B10,44;58;90;218;33;171;177;4;158;121;215;52;252;99;135;128;71;206;165,0.1,19,106,19,0.0923570537020162,,False,,,0.7353525322740814,,,,19,0,56.61379999946803,1.804300001822412,72.11639999877661,2.7120000013383105
SupportRiskOnly_B10,JILONG_EI_0069,100,B10,28;58;219;192;217;61;156;20;50;106;120;174;52;178;214;252;170;112;26,0.1,19,107,19,0.112128707185028,,False,,,0.8017707820954254,,,,19,0,55.30290000024252,1.787999994121492,71.1823000019649,3.186500005540438
SupportRiskOnly_B10,JILONG_EI_0069,110,B10,13;219;58;217;157;170;5;47;192;3;27;106;120;49;36;60;161;212;206,0.1,19,107,19,0.0712759684817483,,False,,,0.809149040826365,,,,19,0,55.3178999980446,1.8407000025035811,73.3814999985043,3.600900003220886
SupportRiskOnly_B10,JILONG_EI_0069,120,B10,219;29;27;57;217;170;212;176;4;106;32;206;158;172;120;252;34;61;66,0.1,19,105,19,0.0799748834146304,,False,,,0.8135338345864662,,,,19,0,54.36490000283811,1.7582000000402331,71.15820000763051,3.108600008999929
SupportRiskOnly_B10,JILONG_EI_0069,130,B10,27;202;58;13;235;47;174;20;170;177;60;50;88;135;91;200;212;99;156,0.1,19,101,19,0.0781906869539248,,False,,,0.8191766545075561,,,,19,0,54.39299999852665,1.750800001900643,70.8333000075072,2.251999991131015
SupportRiskOnly_B10,JILONG_EI_0069,140,B10,27;57;219;47;251;217;50;157;29;171;60;105;134;19;112;229;177;69;91,0.1,19,100,19,0.0711151610754186,,False,,,0.8194736842105265,,,,19,0,54.73030000575818,1.774400006979704,70.80089999362826,2.375600000959821
SupportRiskOnly_B10,JILONG_EI_0069,150,B10,219;74;27;47;251;174;50;29;217;61;106;104;19;171;177;213;112;165;41,0.1,19,101,19,0.0919588639339617,,False,,,0.8144867118290776,,,,19,0,55.16890001308639,1.9631999894045291,72.07999999809545,3.046500001801178
SupportRiskOnly_B10,JILONG_EI_0069,160,B10,219;90;57;26;174;251;50;13;217;20;120;156;134;170;88;45;112;177;213,0.1,19,102,19,0.0751736337113583,,False,,,0.8039215686274509,,,,19,0,54.93899999419227,1.7332999996142462,70.69349999073893,2.190899991546757
SupportRiskOnly_B10,JILONG_EI_0069,170,B10,58;219;10;251;157;35;90;29;217;49;192;121;4;170;88;112;60;178;102,0.1,19,106,19,0.0621099463209562,,False,,,0.8063555114200596,,,,19,0,54.77380000229459,1.7377000040141866,69.94060000579339,2.241199996205978
SupportRiskOnly_B10,JILONG_EI_0069,180,B10,58;219;13;251;174;26;201;105;50;47;19;177;170;156;60;128;232;229;133,0.1,19,107,19,0.0891409055754225,,False,,,0.7904574520413182,,,,19,0,54.83670000103302,2.343700005440041,69.88699999055825,2.23500000720378
SupportRiskOnly_B10,JILONG_EI_0069,190,B10,57;90;25;219;251;157;13;217;20;104;33;112;177;171;66;185;44;134;213,0.1,19,102,19,0.0929007358853213,,False,,,0.8034055727554179,,,,19,0,55.25069999566768,1.7786999960662797,70.5963999935193,2.249199998914264
SupportRiskOnly_B10,JILONG_EI_0069,200,B10,58;10;219;13;174;50;4;233;121;88;47;156;229;201;32;112;170;36;177,0.1,19,103,19,0.0505547855518374,,False,,,0.797138477261114,,,,19,0,54.95089999749325,2.645300002768636,70.19180001225322,2.5246000004699454
SupportRiskOnly_B10,JILONG_EI_0069,210,B10,219;74;13;158;49;88;41;217;120;19;51;112;155;213;177;185;44;102;166,0.1,19,101,19,0.0967984011149313,,False,,,0.7759249609171444,,,,19,0,54.26499999884982,1.7736000008881092,71.6633000120055,3.1971999997040257
SupportRiskOnly_B10,JILONG_EI_0069,220,B10,219;74;40;29;157;217;50;105;19;170;112;61;135;177;179;100;71;32;215,0.1,19,100,19,0.1282017903224571,,False,,,0.7426315789473685,,,,19,0,57.2365000116406,1.9060000049648809,70.07470000826288,2.289700001711026
SupportRiskOnly_B10,JILONG_EI_0069,230,B10,219;57;13;174;90;217;88;50;47;192;121;19;156;252;24;170;229;60;128,0.1,19,104,19,0.0507309079492461,,False,,,0.7990890688259108,,,,19,0,54.59050000354182,3.1549999985145405,70.62959999893792,2.5231000036001205
SupportRiskOnly_B10,JILONG_EI_0069,240,B10,219;57;13;157;119;233;88;50;19;121;177;61;23;201;171;252;213;241;32,0.1,19,103,19,0.0757173158946634,,False,,,0.7833418497700563,,,,19,0,54.20250000315718,2.411199995549396,70.73149998905137,2.450800006045029
SupportRiskOnly_B10,JILONG_EI_0069,250,B10,219;57;13;104;174;217;10;35;49;47;106;156;4;177;252;135;44;170;165,0.1,19,105,19,0.0672174958458086,,False,,,0.7839598997493734,,,,19,0,53.981600009137765,2.220199996372685,71.51449999946635,2.3930999886943027
SupportRiskOnly_B10,JILONG_EI_0069,260,B10,219;13;57;119;232;88;157;192;50;46;20;121;10;23;201;252;91;44;213,0.1,19,104,19,0.0643842224961904,,False,,,0.798076923076923,,,,19,0,54.43859999650158,2.2689000034006312,69.64679999509826,2.1983000042382628
SupportRiskOnly_B10,JILONG_EI_0069,270,B10,13;202;74;119;233;235;105;174;35;47;49;3;61;177;156;10;170;87;41,0.1,19,106,19,0.0782289744316224,,False,,,0.7959285004965243,,,,19,0,56.17159999383148,1.815900002839044,70.74290000309702,2.434599999105558
SupportRiskOnly_B10,JILONG_EI_0069,280,B10,219;57;13;104;233;157;35;66;47;23;45;177;135;201;252;170;10;112;102,0.1,19,111,19,0.0668882235376097,,False,,,0.7880512091038406,,,,19,0,54.894200002308935,1.9290000054752452,70.3639999992447,2.2443999914685264
SupportRiskOnly_B10,JILONG_EI_0069,290,B10,57;218;104;13;174;232;50;47;176;61;156;36;252;134;170;10;23;3;102,0.1,19,110,19,0.0699435642578738,,False,,,0.7636363636363637,,,,19,0,55.8275999937905,1.7410999862477183,71.89380000636447,2.94690000009723
SupportRiskOnly_B10,JILONG_EI_0069,300,B10,57;219;13;119;105;233;157;192;35;47;4;23;49;61;10;171;252;201;87,0.1,19,109,19,0.0594145078910491,,False,,,0.7928536938676968,,,,19,0,54.65340000228025,1.8546000064816328,70.49750001169741,2.288899995619431
SupportRiskOnly_B10,JILONG_EI_0069,310,B10,57;219;119;88;217;158;29;35;4;177;121;156;47;61;49;23;170;252;91,0.1,19,108,19,0.0698516743113997,,False,,,0.7923976608187134,,,,19,0,54.33310000807978,1.7416000046068802,72.1905000100378,2.242900009150617
SupportRiskOnly_B10,JILONG_EI_0069,320,B10,219;57;104;232;13;174;34;4;46;10;156;201;177;66;91;60;252;24;170,0.1,19,109,19,0.0667350736268196,,False,,,0.7527764365041043,,,,19,0,55.66790000011679,1.8989000091096384,72.28009999380447,2.492800005711615
SupportRiskOnly_B10,JILONG_EI_0069,330,B10,218;57;13;104;232;157;35;4;33;47;192;61;171;252;135;10;112;66;213,0.1,19,109,19,0.0641698126210841,,False,,,0.7566393046837278,,,,19,0,56.44699999538716,1.7822999943746254,70.20889999694191,2.2470999974757437
SupportRiskOnly_B10,JILONG_EI_0069,340,B10,219;57;105;13;119;232;157;4;34;177;47;155;45;201;87;10;66;112;229,0.1,19,109,19,0.048096729483655,,False,,,0.754707870593916,,,,19,0,56.916600005934015,1.7927999870153144,70.59960000333376,2.2191000025486574
SupportRiskOnly_B10,JILONG_EI_0069,350,B10,218;58;104;232;13;174;35;4;156;49;47;192;61;135;91;170;112;229;178,0.1,19,108,19,0.0678147804978903,,False,,,0.7422027290448344,,,,19,0,56.24370000441559,3.1534000008832663,70.40090000373311,2.2308000043267384
SupportRiskOnly_B10,JILONG_EI_0069,360,B10,219;13;74;104;217;157;192;4;49;35;46;106;171;72;60;41;229;68;102,0.1,19,109,19,0.0741705017956827,,False,,,0.7469821342346692,,,,19,0,56.24379999062512,1.7856000049505385,71.47239999903832,2.2966999968048185
SupportRiskOnly_B10,JILONG_EI_0069,370,B10,218;57;105;119;13;232;157;35;4;49;176;47;61;171;87;99;10;165;229,0.1,19,108,19,0.0594221653865886,,False,,,0.7534113060428849,,,,19,0,55.20879999676254,1.7654999974183738,70.7910999917658,2.270700002554804
SupportRiskOnly_B10,JILONG_EI_0069,380,B10,235;74;13;88;202;233;119;157;4;192;34;121;47;45;171;66;213;41;161,0.1,19,108,19,0.0639018002772013,,False,,,0.7602339181286549,,,,19,0,55.68330000096466,2.260499997646548,72.74619999225251,3.132300000288524
SupportRiskOnly_B10,JILONG_EI_0069,390,B10,219;58;105;217;13;158;4;192;35;172;46;103;49;60;135;72;229;91;170,0.1,19,106,19,0.0518948472712514,,False,,,0.7631578947368421,,,,19,0,54.2115999996895,1.7404000100214034,70.37519999721553,2.5003000046126544
SupportRiskOnly_B10,JILONG_EI_0069,400,B10,218;13;57;104;157;232;3;34;177;61;134;90;171;23;66;229;10;112;68,0.1,19,104,19,0.0706403963519691,,False,,,0.722672064777328,,,,19,0,53.99659999238793,1.760700004524551,70.35009999526665,2.594300007331185
SupportRiskOnly_B10,JILONG_EI_0069,410,B10,219;57;13;174;104;201;233;4;34;156;176;46;91;135;60;229;66;102;24,0.1,19,103,19,0.0680904503373126,,False,,,0.7485947879407256,,,,19,0,54.37289999099448,1.8007999897236004,70.35930000711232,2.257100000861101
SupportRiskOnly_B10,JILONG_EI_0069,420,B10,219;57;13;105;157;217;3;34;192;103;46;135;171;229;178;60;112;66;10,0.1,19,104,19,0.0557312525365454,,False,,,0.7241902834008096,,,,19,0,55.00969999411609,1.7948999884538352,69.82760000391863,2.259600005345419
SupportRiskOnly_B10,JILONG_EI_0069,430,B10,219;13;58;88;174;3;35;201;233;156;120;176;33;46;134;90;165;229;170,0.1,19,102,19,0.0474534998583363,,False,,,0.7647058823529411,,,,19,0,54.58540000836365,2.700600001844577,71.81770000897814,3.079499991144985
SupportRiskOnly_B10,JILONG_EI_0069,440,B10,218;57;13;104;157;192;34;3;84;232;135;46;90;155;66;213;178;60;102,0.1,19,102,19,0.0626995734774984,,False,,,0.7332301341589268,,,,19,0,55.93459999363404,3.1346000032499437,70.84490000852384,2.3307999945245683
SupportRiskOnly_B10,JILONG_EI_0069,450,B10,235;74;105;174;202;3;13;34;84;192;172;103;233;135;61;229;66;41;161,0.1,19,102,19,0.0709390386780099,,False,,,0.7678018575851393,,,,19,0,54.44630001147743,1.7984000005526468,70.1901000138605,2.229799996712245
SupportRiskOnly_B10,JILONG_EI_0069,460,B10,219;57;104;157;13;201;34;3;84;192;106;233;46;60;135;155;66;178;165,0.1,19,104,19,0.054536683232382,,False,,,0.7656882591093117,,,,19,0,54.34850000892766,1.7662000027485192,69.74900000204798,2.2326000034809117
SupportRiskOnly_B10,JILONG_EI_0069,470,B10,219;105;13;74;3;158;35;201;84;176;156;233;103;49;134;46;178;170;112,0.1,19,103,19,0.0594910828464442,,False,,,0.7675012774655086,,,,19,0,54.97620000096504,1.7536999948788434,71.43849998828955,2.986499996040948
SupportRiskOnly_B10,JILONG_EI_0069,480,B10,218;104;74;174;3;29;34;176;106;172;216;66;135;61;100;68;36;213;112,0.1,19,102,19,0.0762763130690476,,False,,,0.7156862745098039,,,,19,0,54.49710000539199,1.7080999969039112,71.4981000055559,3.0368000007001683
SupportRiskOnly_B10,JILONG_EI_0069,490,B10,219;13;105;157;58;217;3;35;176;46;91;103;49;60;178;155;134;252;165,0.1,19,102,19,0.0536560712453385,,False,,,0.7559339525283798,,,,19,0,54.60069999389816,1.73940000240691,70.26829999813344,2.5114000018220395
SupportRiskOnly_B10,JILONG_EI_0069,500,B10,219;13;3;57;105;201;174;34;172;233;103;176;66;61;135;252;36;128;229,0.1,19,103,19,0.063189653192027,,False,,,0.7516607051609607,,,,19,0,55.116999996243976,2.081399987218901,71.19129999773577,2.2606999991694465
SupportRiskOnly_B10,JILONG_EI_0069,510,B10,219;105;3;57;201;157;29;34;176;232;103;91;178;206;66;171;5;165;213,0.1,19,104,19,0.0617806740127573,,False,,,0.729757085020243,,,,19,0,54.44999999599531,1.7669999942881986,69.75940000847913,2.222399998572655
SupportRiskOnly_B10,JILONG_EI_0069,520,B10,235;105;3;74;158;217;13;156;35;46;103;177;49;72;60;41;100;134;112,0.1,19,102,19,0.0705561639010345,,False,,,0.7285861713106295,,,,19,0,54.707099989173,2.442700002575293,69.94119999581017,2.212499995948747
SupportRiskOnly_B10,JILONG_EI_0069,530,B10,219;58;90;104;3;174;201;13;192;46;172;232;34;178;165;213;66;252;24,0.1,19,100,19,0.0534110313880742,,False,,,0.7521052631578948,,,,19,0,56.285300001036376,2.471200001309626,69.50809998670593,2.225700009148568
SupportRiskOnly_B10,JILONG_EI_0069,540,B10,218;105;3;57;157;13;84;35;216;46;103;91;192;155;33;147;60;178;66,0.1,19,99,19,0.0562289897466134,,False,,,0.743753322700691,,,,19,0,54.36819999886211,2.101799997035414,70.06800000090152,2.248699995107017
SupportRiskOnly_B10,JILONG_EI_0069,550,B10,219;90;13;3;217;57;174;121;84;88;172;34;192;61;147;134;178;213;165,0.1,19,99,19,0.0564051121440221,,False,,,0.7575757575757575,,,,19,0,55.76659999496769,1.7256999999517575,71.22160001017619,2.6911999884760007
SupportRiskOnly_B10,JILONG_EI_0069,560,B10,105;219;3;74;157;13;201;84;103;233;35;192;155;49;178;147;165;229;46,0.1,19,99,19,0.0522164620839108,,False,,,0.7634237107921318,,,,19,0,54.82799999299459,1.78089999826625,70.91760000912473,2.2203999978955835
SupportRiskOnly_B10,JILONG_EI_0069,570,B10,219;3;13;74;105;158;217;84;103;172;206;213;192;35;49;60;112;134;178,0.1,19,101,19,0.0533574289192976,,False,,,0.7608129233976029,,,,19,0,55.02839999098797,2.1164000063436106,69.97419999970589,2.213100000517443
SupportRiskOnly_B10,JILONG_EI_0069,580,B10,219;105;58;3;174;13;201;84;46;103;156;35;192;134;49;91;233;229;178,0.1,19,102,19,0.0488318490554479,,False,,,0.7714138286893704,,,,19,0,54.10239999764599,1.887400008854456,70.04009999218397,2.2234999923966825
SupportRiskOnly_B10,JILONG_EI_0069,590,B10,219;104;157;3;29;57;90;201;176;155;213;135;51;165;61;49;100;178;233,0.1,19,103,19,0.0847072156580468,,False,,,0.739908022483393,,,,19,0,57.22070000774693,1.846400002250448,72.66029999300372,3.157699989969842
SupportRiskOnly_B10,JILONG_EI_0069,600,B10,219;105;174;4;13;74;217;46;103;134;192;156;213;35;60;178;165;41;68,0.1,19,103,19,0.0792703938249956,,False,,,0.7552376085845683,,,,19,0,54.42550001316704,2.223599993158132,70.1582000037888,2.237799999420531
SupportRiskOnly_B10,JILONG_EI_0069,610,B10,219;90;57;4;121;158;13;201;88;119;46;177;233;155;51;213;165;49;44,0.1,19,103,19,0.0757479458768215,,False,,,0.7603474706182933,,,,19,0,54.84219999925699,2.4418999964836985,71.59729998966213,3.1439000013051555
SupportRiskOnly_B10,JILONG_EI_0069,620,B10,219;105;57;3;174;217;13;119;91;46;35;192;178;156;49;213;165;112;44,0.1,19,103,19,0.0678530679755879,,False,,,0.7445068983137456,,,,19,0,56.29040001076646,1.8582000047899785,72.4527999991551,3.504899999825284
SupportRiskOnly_B10,JILONG_EI_0069,630,B10,219;157;105;57;3;13;217;119;213;176;46;178;91;171;35;49;165;100;44,0.1,19,105,19,0.075334441117688,,False,,,0.7383458646616542,,,,19,0,55.25910000142176,1.764300002832897,70.46219999028835,2.8159000066807494
SupportRiskOnly_B10,JILONG_EI_0069,640,B10,219;57;90;104;174;3;217;29;134;213;50;177;172;61;165;36;102;170;100,0.1,19,105,19,0.0838342611665428,,False,,,0.7473684210526317,,,,19,0,54.36170000757557,1.8058999994536864,71.31240000308026,3.361600000062026
SupportRiskOnly_B10,JILONG_EI_0069,650,B10,219;105;74;13;217;158;3;103;46;134;178;192;213;171;60;50;41;36;165,0.1,19,108,19,0.075724973390203,,False,,,0.7675438596491229,,,,19,0,55.93380000209436,2.1286999981384724,69.93729999521747,2.270800003316253
SupportRiskOnly_B10,JILONG_EI_0069,660,B10,219;90;58;104;13;3;157;217;46;35;134;213;192;49;178;155;165;190;100,0.1,19,108,19,0.0510295502752869,,False,,,0.7704678362573099,,,,19,0,54.17810000653844,1.7689999949652702,70.84089999261778,2.236800006357953
SupportRiskOnly_B10,JILONG_EI_0069,670,B10,219;105;57;13;217;4;174;119;213;91;46;192;156;50;206;165;178;36;60,0.1,19,108,19,0.0531736490263494,,False,,,0.7538986354775828,,,,19,0,56.62750000192318,1.786499997251667,69.9148999992758,2.32690000848379
SupportRiskOnly_B10,JILONG_EI_0069,680,B10,219;57;90;104;3;201;29;158;134;233;192;213;61;49;178;171;51;165;102,0.1,19,107,19,0.0910093344870626,,False,,,0.7638957206099362,,,,19,0,54.512000002432615,1.7839000065578148,71.01169999805279,2.266399998916313
SupportRiskOnly_B10,JILONG_EI_0069,690,B10,219;74;105;46;3;157;13;103;217;134;192;213;50;166;161;41;190;36;100,0.1,19,107,19,0.0646062898668361,,False,,,0.7609444171175601,,,,19,0,54.81879999570083,2.155900001525879,70.67129999632016,2.2234999923966825
SupportRiskOnly_B10,JILONG_EI_0069,700,B10,219;13;106;104;57;217;174;4;134;251;46;213;176;165;178;35;66;156;44,0.1,19,107,19,0.0690859247574488,,False,,,0.7791441219872111,,,,19,0,54.24100000527688,1.8265999970026316,69.9429000087548,2.2573000023839995
SupportRiskOnly_B10,JILONG_EI_0069,710,B10,219;90;104;57;3;13;158;46;217;251;134;213;161;166;35;171;33;100;5,0.1,19,107,19,0.045944973237053,,False,,,0.7461878996556812,,,,19,0,54.237800010014325,2.15280000702478,70.01860000309534,2.2434999991673976
SupportRiskOnly_B10,JILONG_EI_0069,720,B10,219;105;119;74;29;157;201;3;251;61;233;165;178;213;35;41;100;155;190,0.1,19,106,19,0.0929466808585584,,False,,,0.7502482621648462,,,,19,0,54.50209999980871,1.863400000729598,70.07480000902433,2.274099999340251
SupportRiskOnly_B10,JILONG_EI_0069,730,B10,235;90;121;13;174;103;58;202;3;46;134;216;192;161;213;60;165;156;35,0.1,19,107,19,0.0601266549762234,,False,,,0.793408755533694,,,,19,0,54.13409999164287,1.814100003684871,69.71089998842217,2.2560000070370734
SupportRiskOnly_B10,JILONG_EI_0069,740,B10,219;106;13;104;74;158;3;251;217;46;134;161;192;213;50;100;171;165;102,0.1,19,107,19,0.0549425304959759,,False,,,0.7673389080177078,,,,19,0,54.57520000345539,2.2705000010319054,71.52219999989029,2.969499997561797
SupportRiskOnly_B10,JILONG_EI_0069,750,B10,219;106;74;104;4;157;13;46;134;201;233;178;35;192;49;213;99;44;41,0.1,19,106,19,0.085702690078183,,False,,,0.7740814299900697,,,,19,0,54.56769999000244,1.7960999975912273,70.09900000412017,2.23060000280384
SupportRiskOnly_B10,JILONG_EI_0069,760,B10,219;105;91;57;119;174;29;3;217;176;213;61;49;35;165;156;99;178;5,0.1,19,105,19,0.069660236922912,,False,,,0.7458646616541353,,,,19,0,55.62539999664296,1.7915000062203037,70.01860000309534,2.2794999968027696
SupportRiskOnly_B10,JILONG_EI_0069,770,B10,219;90;58;46;121;103;13;134;4;158;201;161;190;233;213;60;100;172;49,0.1,19,102,19,0.0607775420970817,,False,,,0.8003095975232197,,,,19,0,54.45369999506511,1.728900009766221,70.75970000005327,2.449300009175204
SupportRiskOnly_B10,JILONG_EI_0069,780,B10,219;105;13;74;157;3;103;134;201;161;233;213;206;147;99;61;35;165;49,0.1,19,102,19,0.0768276527478922,,False,,,0.7647058823529411,,,,19,0,55.26649999956135,1.774799995473586,71.01479999255389,2.326000001630746
SupportRiskOnly_B10,JILONG_EI_0069,790,B10,219;90;13;174;104;58;134;4;46;201;178;213;100;51;166;233;172;176;49,0.1,19,101,19,0.0496435435826358,,False,,,0.7529963522668056,,,,19,0,54.68149999796879,1.7592999938642606,70.73550000495743,2.894899997045286
SupportRiskOnly_B10,JILONG_EI_0069,800,B10,219;13;90;104;174;57;3;46;217;135;192;161;213;35;99;172;165;49;44,0.1,19,105,19,0.0623090412049835,,False,,,0.7548872180451128,,,,19,0,54.43960000411607,1.80980000004638,70.80399998812936,2.2376999986590818
SupportRiskOnly_B10,JILONG_EI_0069,810,B10,105;235;74;29;202;174;134;103;3;61;192;233;161;35;213;41;99;165;171,0.1,19,108,19,0.0850364879662457,,False,,,0.7797270955165692,,,,19,0,54.63980000058655,1.7921999969985336,70.41870000830386,2.2801000013714656
SupportRiskOnly_B10,JILONG_EI_0069,820,B10,219;13;90;46;157;58;217;104;3;134;178;192;190;99;36;213;50;128;5,0.1,19,110,19,0.0443598716603747,,False,,,0.7822966507177034,,,,19,0,54.981399996904656,1.80170001112856,71.3672999991104,2.2077999892644584
SupportRiskOnly_B10,JILONG_EI_0069,830,B10,219;105;74;217;13;84;174;3;103;134;46;161;192;35;206;165;213;60;172,0.1,19,112,19,0.0490232864439356,,False,,,0.794172932330827,,,,19,0,54.468900008942,1.774399992427789,70.88719999592286,2.2973000013735145
SupportRiskOnly_B10,JILONG_EI_0069,840,B10,219;90;13;84;57;121;158;3;217;46;88;192;135;161;35;190;165;213;156,0.1,19,111,19,0.0487246441178948,,False,,,0.7984826932195354,,,,19,0,54.42040000343695,1.8501000013202429,70.92959999863524,2.266300012706779
SupportRiskOnly_B10,JILONG_EI_0069,850,B10,219;90;174;29;84;104;201;3;233;57;134;61;192;178;35;213;5;66;166,0.1,19,111,19,0.067929642930983,,False,,,0.7828354670459935,,,,19,0,54.409800010034814,1.8317000067327167,70.25910000083968,2.254000006360002
SupportRiskOnly_B10,JILONG_EI_0069,860,B10,219;13;105;74;46;174;3;103;35;192;233;201;135;41;213;100;161;165;44,0.1,19,111,19,0.0883445260393135,,False,,,0.7823613086770981,,,,19,0,54.70429999695625,2.2428000083891675,69.95619999361224,2.267999996547587
SupportRiskOnly_B10,JILONG_EI_0069,870,B10,219;90;13;157;58;121;88;217;46;3;192;119;190;51;178;213;99;60;165,0.1,19,111,19,0.0551569403710822,,False,,,0.786628733997155,,,,19,0,54.02870000398252,2.169200000935234,69.95509999978822,2.247300013550557
SupportRiskOnly_B10,JILONG_EI_0069,880,B10,13;235;105;74;174;202;46;103;3;233;134;161;35;229;165;41;5;156;100,0.1,19,111,19,0.0619185089324685,,False,,,0.7866287339971552,,,,19,0,54.0445000078762,1.7705000063870102,70.75909999548458,2.28459999198094
SupportRiskOnly_B10,JILONG_EI_0069,890,B10,219;105;13;91;58;158;46;190;103;3;217;176;134;50;178;128;213;165;44,0.1,19,109,19,0.0693156496236341,,False,,,0.7870593915982618,,,,19,0,55.11299999488983,1.8381999980192631,73.05919998907484,3.1251000036718324
SupportRiskOnly_B10,JILONG_EI_0069,900,B10,105;219;29;174;57;91;3;103;233;201;61;134;177;128;50;213;172;165;52,0.1,19,109,19,0.0785429317487422,,False,,,0.7802993722839209,,,,19,0,53.839100000914186,1.797299992176704,69.72709999536164,2.4551999958930537
SupportRiskOnly_B10,JILONG_EI_0069,910,B10,219;90;13;46;104;157;35;233;57;190;161;4;135;165;201;128;171;66;102,0.1,19,109,19,0.0615662641376511,,False,,,0.790922259777885,,,,19,0,54.27159999089781,1.7506000003777444,69.93040000088513,2.3406999971484765
SupportRiskOnly_B10,JILONG_EI_0069,920,B10,13;105;219;74;174;4;217;103;46;50;178;206;134;213;100;176;41;166;60,0.1,19,109,19,0.0624162461425366,,False,,,0.7638821825205214,,,,19,0,54.56040000717621,1.7617000121390447,70.1627000089502,2.213799991295673
SupportRiskOnly_B10,JILONG_EI_0069,930,B10,219;90;13;121;57;174;46;217;4;103;161;35;134;165;128;155;99;23;213,0.1,19,107,19,0.0445972540220995,,False,,,0.7624200688637481,,,,19,0,54.39960000512656,1.773199997842312,70.5051000113599,2.27650000306312
SupportRiskOnly_B10,JILONG_EI_0069,940,B10,219;105;13;74;174;46;233;3;103;178;50;201;5;128;134;165;156;213;170,0.1,19,107,19,0.0622171512585093,,False,,,0.7565174618789966,,,,19,0,56.17110000457615,1.7685000057099387,70.19410000066273,2.2834999981569126
SupportRiskOnly_B10,JILONG_EI_0069,950,B10,235;13;90;104;46;58;217;157;190;20;134;50;161;128;60;116;165;147;72,0.1,19,108,19,0.0582658835601228,,False,,,0.760233918128655,,,,19,0,55.29930000193417,1.7760999908205122,71.64619999821298,3.0685999954584986
SupportRiskOnly_B10,JILONG_EI_0069,960,B10,219;106;13;74;104;174;217;35;61;192;4;178;134;172;165;66;41;213;99,0.1,19,110,19,0.0767510777924971,,False,,,0.776555023923445,,,,19,0,54.75440000009257,2.3680000012973323,70.15220000175759,2.245199997560121
SupportRiskOnly_B10,JILONG_EI_0069,970,B10,219;105;13;46;57;174;251;103;3;91;233;50;201;177;5;134;44;99;229,0.1,19,113,19,0.061022581954346,,False,,,0.808104331625524,,,,19,0,54.40130000351928,2.5584999966667965,70.25620000786148,2.758899994660169
SupportRiskOnly_B10,JILONG_EI_0069,980,B10,13;219;90;104;251;57;157;3;217;190;46;161;50;5;134;165;68;213;99,0.1,19,112,19,0.0489467114885405,,False,,,0.7880639097744361,,,,19,0,54.33379999885801,2.6480000087758526,70.34859999839682,2.236700005596504
SupportRiskOnly_B10,JILONG_EI_0069,990,B10,219;105;13;74;46;174;4;35;201;103;178;233;134;176;100;171;41;206;128,0.1,19,112,19,0.0609153770167928,,False,,,0.7551691729323309,,,,19,0,54.340000002412125,1.7733999993652103,70.3067000140436,2.23060000280384
SupportRiskOnly_B10,JILONG_EI_0069,1000,B10,219;105;13;57;174;217;3;46;91;51;103;161;5;135;155;32;165;60;99,0.1,19,110,19,0.0504782105964423,,False,,,0.7727272727272727,,,,19,0,54.48439999599941,1.738799997838214,70.59279999521095,2.256299994769506
SupportRiskOnly_B10,JILONG_EI_0069,1010,B10,219;90;104;29;58;174;217;20;61;50;178;134;155;99;102;165;147;72;213,0.1,19,111,19,0.0737799695231677,,False,,,0.7349454717875771,,,,19,0,55.08859999827109,1.810100002330728,70.64360000367742,2.2696000087307766
SupportRiskOnly_B10,JILONG_EI_0069,1020,B10,219;13;105;74;46;174;35;103;201;3;134;161;233;155;5;165;49;99;213,0.1,19,108,19,0.0528750067003086,,False,,,0.7621832358674464,,,,19,0,54.39119999937248,1.7997000104514882,71.12280000001192,2.260799999930896
SupportRiskOnly_B10,JILONG_EI_0069,1030,B10,13;235;90;121;57;157;202;46;232;3;88;190;119;50;155;99;178;5;44,0.1,19,107,19,0.0587100183014143,,False,,,0.8027545499262174,,,,19,0,55.30540000472684,2.0226000051479787,70.26659999974072,2.2369999933289364
SupportRiskOnly_B10,JILONG_EI_0069,1040,B10,219;13;90;104;174;46;58;217;4;35;161;66;135;128;172;170;165;44;99,0.1,19,106,19,0.0652954644653919,,False,,,0.7547169811320755,,,,19,0,54.518600009032525,2.2182999964570627,70.88410000142176,2.3367000103462487
SupportRiskOnly_B10,JILONG_EI_0069,1050,B10,219;13;90;46;121;57;174;103;3;232;50;201;155;178;134;128;5;166;99,0.1,19,106,19,0.0405464388816993,,False,,,0.7760675273088381,,,,19,0,55.42590000550263,2.705100007005967,70.81160000234377,2.591099997516721
SupportRiskOnly_B10,JILONG_EI_0069,1060,B10,219;90;29;104;58;158;61;20;216;51;161;190;156;135;165;100;49;229;170,0.1,19,107,19,0.0890873031066459,,False,,,0.7407771765863257,,,,19,0,55.85140000039246,1.7850000003818425,71.50730000284966,2.4548999936087057
SupportRiskOnly_B10,JILONG_EI_0069,1070,B10,13;219;90;46;174;104;57;35;4;217;161;155;44;134;165;215;213;102;99,0.1,19,107,19,0.0795077761867203,,False,,,0.750614854894245,,,,19,0,54.321599993272685,1.7550000047776848,70.77330000174697,2.2742000001017004
SupportRiskOnly_B10,JILONG_EI_0069,1080,B10,219;106;74;46;104;13;157;4;35;201;190;178;33;155;135;232;165;41;44,0.1,19,107,19,0.0837423712200687,,False,,,0.7702902115100836,,,,19,0,54.10310000297613,1.7961999983526766,70.01930000842549,2.9629999917233363
SupportRiskOnly_B10,JILONG_EI_0069,1090,B10,219;13;105;58;91;103;174;4;35;217;46;161;172;33;134;206;128;44;165,0.1,19,109,19,0.0582199385868857,,False,,,0.7609850313858039,,,,19,0,54.00819999340456,1.7587000038474798,69.83910000417382,2.2475000005215406
SupportRiskOnly_B10,JILONG_EI_0069,1100,B10,219;105;57;29;174;5;35;103;91;201;61;161;3;171;134;33;232;206;128,0.1,19,109,19,0.0666048962026479,,False,,,0.7658136166103331,,,,19,0,54.50580001343042,2.2287000028882176,70.38440000906121,2.2256999945966527
SupportRiskOnly_B10,JILONG_EI_0069,1110,B10,219;90;13;46;121;58;88;157;217;190;51;178;4;134;128;33;176;165;155,0.1,19,108,19,0.0431193573829743,,False,,,0.7953216374269007,,,,19,0,54.8071999946842,2.1418999967863783,70.58139999571722,2.259600005345419
SupportRiskOnly_B10,JILONG_EI_0069,1120,B10,105;13;203;235;74;174;103;33;35;201;161;4;135;46;232;44;172;165;128,0.1,19,106,19,0.0669035385286888,,False,,,0.785501489572989,,,,19,0,59.49860000691842,2.0274999988032505,78.41679999546614,2.6166999887209386
SupportRiskOnly_B10,JILONG_EI_0069,1130,B10,219;13;106;104;57;174;46;33;35;217;178;128;5;134;3;172;206;44;213,0.1,19,107,19,0.0591464955471663,,False,,,0.7638957206099359,,,,19,0,55.59370000264608,1.9228999881306663,69.59369999822229,2.2268000029725954
SupportRiskOnly_B10,JILONG_EI_0069,1140,B10,219;90;13;46;104;174;58;33;19;201;161;44;128;155;5;229;66;233;206,0.1,19,107,19,0.0587176757969538,,False,,,0.7599606492867682,,,,19,0,54.97969999851193,1.813299997593276,69.95560000359546,2.2084000083850697
SupportRiskOnly_B10,JILONG_EI_0069,1150,B10,219;106;13;74;104;157;46;217;35;33;190;5;3;177;128;171;165;44;100,0.1,19,106,19,0.0669647984930048,,False,,,0.7706057596822243,,,,19,0,54.09049999434501,2.5843999901553616,69.93519999377895,2.218200010247529
SupportRiskOnly_B10,JILONG_EI_0069,1160,B10,219;106;13;57;103;174;46;5;19;217;33;178;128;156;134;44;23;51;213,0.1,19,107,19,0.071842623151672,,False,,,0.7530742744712249,,,,19,0,54.20330000924878,2.3628000053577125,70.3161999990698,2.376199990976602
SupportRiskOnly_B10,JILONG_EI_0069,1170,B10,90;218;57;29;121;128;88;174;61;35;119;155;161;216;33;5;3;68;229,0.1,19,106,19,0.0672481258279667,,False,,,0.7730883813306854,,,,19,0,54.96359999233391,1.782499995897524,70.48670000222046,2.238400003989227
SupportRiskOnly_B10,JILONG_EI_0069,1180,B10,219;90;13;46;104;128;57;190;157;201;19;134;49;178;155;5;166;44;51,0.1,19,104,19,0.0711917360308137,,False,,,0.7758097165991903,,,,19,0,57.549299992388114,1.89870000758674,74.61850000254344,3.0472999933408573
SupportRiskOnly_B10,JILONG_EI_0069,1190,B10,90;235;203;58;13;128;104;217;174;46;35;4;44;135;33;171;161;102;165,0.1,19,104,19,0.0687872824314079,,False,,,0.7945344129554656,,,,19,0,55.098500000895,2.06620000244584,70.22199999482837,2.242600006866269
SupportRiskOnly_B10,JILONG_EI_0069,1200,B10,219;90;57;13;128;104;174;192;46;35;201;178;44;156;233;66;213;4;133,0.1,19,105,19,0.0895008078657794,,False,,,0.7654135338345864,,,,19,0,56.619499999214895,2.3096999939298257,70.17229999473784,2.2911999985808507
SupportRiskOnly_B10,JILONG_EI_0069,1210,B10,219;106;74;128;13;104;46;217;174;192;35;41;5;172;161;44;166;100;134,0.1,19,105,19,0.0676692880826397,,False,,,0.7518796992481204,,,,19,0,54.64539999957197,2.799100009724498,70.18999999854714,2.2782000014558434
SupportRiskOnly_B10,JILONG_EI_0069,1220,B10,219;106;13;128;58;103;174;46;201;35;178;155;233;60;135;4;66;99;213,0.1,19,101,19,0.0615356341554931,,False,,,0.7290255341323606,,,,19,0,54.8834000073839,1.7718000017339364,71.5665000025183,4.046399990329519
SupportRiskOnly_B10,JILONG_EI_0069,1230,B10,106;219;29;104;57;174;128;217;35;61;5;155;161;229;165;66;33;71;100,0.1,19,102,19,0.0805338805890145,,False,,,0.7192982456140351,,,,19,0,56.23689999629278,1.7942000122275203,71.17650000145659,2.235899999504909
SupportRiskOnly_B10,JILONG_EI_0069,1240,B10,13;90;219;46;121;57;128;157;217;5;119;35;190;88;155;178;176;44;229,0.1,19,105,19,0.061520319164414,,False,,,0.7899749373433583,,,,19,0,54.42630000470672,2.550300006987527,70.40440000128001,2.463500000885688
SupportRiskOnly_B10,JILONG_EI_0069,1250,B10,219;90;30;58;104;128;174;217;171;50;5;177;134;165;36;61;100;213;215,0.1,19,105,19,0.0744002266618679,,False,,,0.7177944862155389,,,,19,0,54.66429999796674,2.2677999950246885,70.03580000309739,2.2289999906206504
SupportRiskOnly_B10,JILONG_EI_0069,1260,B10,219;90;13;57;46;104;2;158;128;201;35;190;178;134;156;232;66;4;165,0.1,19,106,19,0.0518642172890934,,False,,,0.7735849056603773,,,,19,0,55.411200009984896,2.303599991137162,70.94510000024457,2.265400005853735
SupportRiskOnly_B10,JILONG_EI_0069,1270,B10,106;219;57;13;46;104;217;174;155;128;20;135;161;51;44;206;165;33;229,0.1,19,106,19,0.0629752433169207,,False,,,0.7502482621648461,,,,19,0,55.76280000968836,2.4271000002045184,72.05570000223815,3.0365999991772696
SupportRiskOnly_B10,JILONG_EI_0069,1280,B10,219;90;13;104;58;174;46;217;2;192;35;128;178;5;134;171;165;44;213,0.1,19,109,19,0.0638635127995038,,False,,,0.766779333655239,,,,19,0,54.08940000052098,1.948599994648248,71.84060000872705,3.0020999984117225
SupportRiskOnly_B10,JILONG_EI_0069,1290,B10,90;57;203;235;13;121;232;103;46;157;128;192;190;3;201;135;171;35;161,0.1,19,106,19,0.051060180257445,,False,,,0.8147964250248262,,,,19,0,55.13029999565333,1.8026999896392224,70.43919998977799,2.308199997060001
SupportRiskOnly_B10,JILONG_EI_0069,1300,B10,219;105;13;57;91;232;174;46;119;178;128;201;20;171;51;44;49;229;165,0.1,19,103,19,0.0732362873398626,,False,,,0.748083801737353,,,,19,0,56.05949999880977,2.4839999969117343,72.45200000761542,2.289199997903779
SupportRiskOnly_B10,JILONG_EI_0069,1310,B10,219;90;104;58;29;174;217;61;5;161;35;112;155;134;66;3;72;68;186,0.1,19,103,19,0.0633734330849752,,False,,,0.7358201328564129,,,,19,0,54.46650000521913,2.154699992388487,70.38799999281764,2.2406000061891973
SupportRiskOnly_B10,JILONG_EI_0069,1320,B10,219;90;13;57;121;217;46;103;174;5;128;35;178;3;135;170;156;165;213,0.1,19,101,19,0.0588401957255859,,False,,,0.7540385617509119,,,,19,0,54.32480000308715,2.0255999988876283,72.75239999580663,2.75950001378078
SupportRiskOnly_B10,JILONG_EI_0069,1330,B10,219;106;74;104;232;13;2;46;157;201;155;190;128;35;161;5;41;135;229,0.1,19,104,19,0.0581739936136487,,False,,,0.7768218623481783,,,,19,0,54.11110000568442,2.3326000082306564,70.25309999880847,2.4818000092636794
SupportRiskOnly_B10,JILONG_EI_0069,1340,B10,90;203;58;235;232;13;104;46;174;3;128;35;177;171;206;165;201;44;49,0.1,19,103,19,0.0643229625318743,,False,,,0.7736331119059784,,,,19,0,54.81469999358524,1.7598999984329566,71.02339999983087,2.543100010370836
SupportRiskOnly_B10,JILONG_EI_0069,1350,B10,219;90;57;217;104;29;174;186;128;134;178;155;5;49;51;3;229;166;102,0.1,19,103,19,0.049796693493426,,False,,,0.7506387327542157,,,,19,0,54.7694999986561,1.726199989207089,70.92340000963304,2.2743000008631498
SupportRiskOnly_B10,JILONG_EI_0069,1360,B10,219;90;57;13;232;104;46;2;174;155;35;161;186;128;135;44;66;68;165,0.1,19,103,19,0.065808516666539,,False,,,0.7511497189575881,,,,19,0,54.90089999511838,2.4174999998649582,70.18409999727737,2.646099994308315
SupportRiskOnly_B10,JILONG_EI_0069,1370,B10,106;203;57;232;235;13;88;119;3;46;190;158;171;201;35;177;5;128;66,0.1,19,103,19,0.0466494628266879,,False,,,0.7818088911599388,,,,19,0,54.93810000189114,1.9627000001491977,71.08100000186823,2.1696000039810315
SupportRiskOnly_B10,JILONG_EI_0069,1380,B10,219;90;104;58;232;13;46;174;155;178;3;35;66;134;206;128;166;201;100,0.1,19,100,19,0.0435481771331868,,False,,,0.741578947368421,,,,19,0,54.77889999747276,1.8780000100377947,70.83130000683013,2.5414999981876463
SupportRiskOnly_B10,JILONG_EI_0069,1390,B10,219;57;106;29;104;232;157;155;190;3;61;161;35;165;135;201;66;213;112,0.1,19,101,19,0.0793316537893116,,False,,,0.7264200104220948,,,,19,0,55.16299999726471,2.5645000132499263,70.97559999965597,2.409399996395223
SupportRiskOnly_B10,JILONG_EI_0069,1400,B10,13;90;57;121;203;235;232;46;103;3;171;35;134;174;178;201;213;128;44,0.1,19,101,19,0.0755641659838733,,False,,,0.7988535695674831,,,,19,0,55.409599997801706,1.8213000003015625,71.80939998943359,3.5238999989815056
SupportRiskOnly_B10,JILONG_EI_0069,1410,B10,106;219;104;57;217;3;13;155;35;186;158;135;190;46;177;229;66;165;100,0.1,19,102,19,0.0465958603579113,,False,,,0.7574819401444789,,,,19,0,54.75409999780823,1.7919000092661008,71.06010000279639,2.260500012198463
SupportRiskOnly_B10,JILONG_EI_0069,1420,B10,90;219;58;104;232;29;2;174;178;156;201;35;134;213;66;166;170;99;5,0.1,19,103,19,0.0610302394498855,,False,,,0.7301992846193153,,,,19,0,55.83880000631325,1.8928999925265089,70.16529999964405,2.225899996119552
SupportRiskOnly_B10,JILONG_EI_0069,1430,B10,106;219;58;104;232;13;3;46;128;161;157;155;35;186;190;166;44;99;229,0.1,19,104,19,0.0605478172308964,,False,,,0.7778340080971661,,,,19,0,55.98949998966418,1.7453999898862094,71.29049999639392,2.534699990064837
SupportRiskOnly_B10,JILONG_EI_0069,1440,B10,219;57;90;2;217;104;29;174;206;171;35;176;166;99;178;128;213;49;61,0.1,19,104,19,0.0639171152682803,,False,,,0.7484817813765182,,,,19,0,55.85970000538509,1.7303999920841306,69.74070001160726,2.2084000083850697
SupportRiskOnly_B10,JILONG_EI_0079,10,B10,78;219;57;106;217;84;4;128;13;50;119;251;10;156;206;158;177;213;170,0.1,19,115,19,0.0700201392132689,,False,,,0.8389016018306635,,,,19,0,54.15359999460634,1.8334000051254409,71.81730000593234,2.990900000440888
SupportRiskOnly_B10,JILONG_EI_0079,20,B10,58;84;217;219;13;119;90;4;112;50;77;10;157;177;251;121;155;206;46,0.1,19,116,19,0.0474075548850992,,False,,,0.8421052631578947,,,,19,0,54.485999993630685,1.7406999977538362,71.49040000513196,2.969900000607595
SupportRiskOnly_B10,JILONG_EI_0079,30,B10,84;58;77;235;106;29;232;201;104;49;112;4;134;35;157;177;203;206;155,0.1,19,115,19,0.0625157935845502,,False,,,0.8695652173913043,,,,19,0,54.12790000264067,1.7755000008037314,71.21769999503158,2.924000000348314
SupportRiskOnly_B10,JILONG_EI_0079,40,B10,74;235;77;105;66;217;33;29;192;4;158;203;112;178;206;155;102;100;10,0.1,19,113,19,0.0707935462627593,,False,,,0.8346530041918957,,,,19,0,54.57609999575652,1.7770000122254714,71.41579999006353,2.926800007116981
SupportRiskOnly_B10,JILONG_EI_0079,50,B10,58;4;61;219;106;201;50;13;174;104;177;232;128;206;68;213;171;133;135,0.1,19,111,19,0.0868589719046488,,False,,,0.8278805120910384,,,,19,0,56.80229999416042,1.779699989128858,71.19139999849722,2.358500001719221
SupportRiskOnly_B10,JILONG_EI_0079,60,B10,57;13;219;61;106;4;33;171;157;177;216;213;185;104;51;69;206;112;93,0.1,19,111,19,0.0843396558721504,,False,,,0.8340445708866762,,,,19,0,56.15839999518357,1.800300000468269,71.94069999968633,2.519900008337572
SupportRiskOnly_B10,JILONG_EI_0079,70,B10,60;106;219;57;13;46;157;50;171;20;103;217;177;52;215;190;179;229;252,0.1,19,113,19,0.0823487070318781,,False,,,0.7876106194690266,,,,19,0,56.02479999652133,1.838799988036044,71.65309999254532,2.5787000049604103
SupportRiskOnly_B10,JILONG_EI_0079,80,B10,44;106;235;202;58;13;50;158;171;3;120;5;88;215;36;233;177;99;128,0.1,19,113,19,0.0693692520924106,,False,,,0.8164881229622729,,,,19,0,54.83710000407882,1.831000001402572,70.05000000935979,2.243900002213195
SupportRiskOnly_B10,JILONG_EI_0079,90,B10,44;90;218;33;121;157;186;176;35;119;41;4;214;190;71;165;66;69;155,0.1,19,106,19,0.102166305488127,,False,,,0.7606752730883815,,,,19,0,55.13680000149179,2.876099999411963,71.60500000463799,3.1583000090904534
SupportRiskOnly_B10,JILONG_EI_0079,100,B10,28;235;74;119;202;174;34;105;61;171;14;41;161;20;213;52;206;216;147,0.1,19,103,19,0.0989195273793753,,False,,,0.7669902912621358,,,,19,0,54.45190001046285,2.358899990213104,69.78459999663755,2.2184999979799613
SupportRiskOnly_B10,JILONG_EI_0079,110,B10,13;219;157;49;91;121;217;171;19;206;27;135;252;60;185;89;212;177;41,0.1,19,97,19,0.0868513144091093,,False,,,0.7856755290287574,,,,19,0,54.46189999929629,1.6909999976633117,70.39380000787787,2.4615000002086163
SupportRiskOnly_B10,JILONG_EI_0079,120,B10,29;27;235;174;202;212;104;33;106;19;171;58;177;134;200;206;25;61;66,0.1,19,95,19,0.0990650197946259,,False,,,0.7772853185595567,,,,19,0,55.63170000095852,1.738199993269518,70.92019999981858,3.032700013136491
SupportRiskOnly_B10,JILONG_EI_0079,130,B10,27;13;219;174;104;33;171;91;201;206;4;252;135;61;57;128;177;51;212,0.1,19,95,19,0.0859324149443682,,False,,,0.7695290858725761,,,,19,0,54.52780000632629,2.3236999986693263,71.98130000324454,2.358900004765019
SupportRiskOnly_B10,JILONG_EI_0079,140,B10,27;202;235;174;104;29;106;60;171;33;4;232;134;206;41;177;112;66;100,0.1,19,93,19,0.0782749194048594,,False,,,0.7521222410865874,,,,19,0,54.36480000207666,1.7654999974183738,71.17710000602528,2.292299992404878
SupportRiskOnly_B10,JILONG_EI_0079,150,B10,90;27;174;218;171;104;29;33;57;60;252;20;185;216;206;177;133;112;229,0.1,19,93,19,0.0880918286865097,,False,,,0.7492925863044708,,,,19,0,54.92680000315886,2.4880999990273267,70.11380000039935,2.2224999993341044
SupportRiskOnly_B10,JILONG_EI_0079,160,B10,202;26;58;174;106;235;13;120;171;192;88;134;45;32;34;216;20;206;213,0.1,19,95,19,0.0655328468271167,,False,,,0.8027700831024931,,,,19,0,54.15330000687391,2.1415999945020303,72.0283999980893,3.1420999875990674
SupportRiskOnly_B10,JILONG_EI_0079,170,B10,90;58;10;13;157;202;121;235;171;192;35;32;60;88;232;206;4;102;178,0.1,19,98,19,0.056313222197548,,False,,,0.7889366272824919,,,,19,0,54.73150000034366,1.7356000025756655,70.57239999994636,3.37579999177251
SupportRiskOnly_B10,JILONG_EI_0079,180,B10,57;13;202;26;174;106;235;104;20;156;176;232;49;60;206;170;135;196;101,0.1,19,93,19,0.103866269497898,,False,,,0.7775891341256367,,,,19,0,55.61739999393467,2.459299998008646,70.84230000327807,2.250999998068437
SupportRiskOnly_B10,JILONG_EI_0079,190,B10,58;25;90;202;157;29;121;50;171;235;177;88;232;196;206;20;60;86;23,0.1,19,97,19,0.0976560406153563,,False,,,0.7835051546391751,,,,19,0,53.974900001776405,1.7637999990256503,73.11119999212679,3.2126000005519018
SupportRiskOnly_B10,JILONG_EI_0079,200,B10,10;13;106;57;174;202;232;104;156;235;35;177;33;206;60;170;135;196;70,0.1,19,93,19,0.0792550788339165,,False,,,0.7589134125636673,,,,19,0,56.60809999972116,2.019000006839633,69.82319999951869,2.2305000020423904
SupportRiskOnly_B10,JILONG_EI_0079,210,B10,202;13;105;157;58;232;25;171;33;235;91;190;177;44;213;103;165;20;135,0.1,19,91,19,0.0958718441546507,,False,,,0.7553499132446501,,,,19,0,54.22639999596868,1.768399990396574,70.82810001156759,2.3535999935120344
SupportRiskOnly_B10,JILONG_EI_0079,220,B10,13;40;174;217;74;106;120;203;171;33;235;88;177;36;66;45;112;196;185,0.1,19,92,19,0.0837883161933058,,False,,,0.7637299771167048,,,,19,0,54.66789999627508,2.094700001180172,71.14509999519214,2.2726000024704263
SupportRiskOnly_B10,JILONG_EI_0079,230,B10,202;157;13;121;232;49;57;192;235;91;171;89;112;190;20;61;24;135;213,0.1,19,94,19,0.0760312732117833,,False,,,0.7737961926091825,,,,19,0,56.34539999300614,1.7428999999538064,71.29539999004919,2.4754000041866675
SupportRiskOnly_B10,JILONG_EI_0079,240,B10,13;217;157;106;74;33;120;235;171;190;4;88;203;177;35;41;61;112;229,0.1,19,96,19,0.0755947959660313,,False,,,0.7680921052631579,,,,19,0,54.90129999816418,1.7146999889519066,71.01879999390803,3.1993000011425465
SupportRiskOnly_B10,JILONG_EI_0079,250,B10,13;202;174;121;233;57;88;49;235;156;91;10;46;177;51;20;170;213;112,0.1,19,97,19,0.0587253332924933,,False,,,0.7797069994574063,,,,19,0,54.14369999198243,1.821599988033995,70.40589999814983,2.2563000093214214
SupportRiskOnly_B10,JILONG_EI_0079,260,B10,13;157;106;88;217;219;58;33;120;190;155;10;61;23;252;35;177;4;112,0.1,19,101,19,0.0560758398358232,,False,,,0.792079207920792,,,,19,0,55.52329999045469,1.7383999947924167,70.38960000500083,2.258200009237044
SupportRiskOnly_B10,JILONG_EI_0079,270,B10,13;174;105;57;233;202;235;33;10;91;156;20;23;61;177;102;135;66;170,0.1,19,101,19,0.079653268601971,,False,,,0.768108389786347,,,,19,0,54.99450000934303,1.8079000001307577,69.97530000808183,2.2323999874060974
SupportRiskOnly_B10,JILONG_EI_0079,280,B10,219;57;104;29;157;217;106;49;192;190;171;61;35;10;213;102;185;241;3,0.1,19,103,19,0.0889418106913952,,False,,,0.7424629535002555,,,,19,0,54.00979999103584,1.9352999952388927,69.80669999029487,2.2050999978091568
SupportRiskOnly_B10,JILONG_EI_0079,290,B10,13;219;57;104;174;233;106;201;49;46;172;4;35;10;177;99;44;112;170,0.1,19,105,19,0.066244993912291,,False,,,0.7528822055137845,,,,19,0,54.846099999849685,1.778199992259033,70.36229998630006,2.261500005261041
SupportRiskOnly_B10,JILONG_EI_0079,300,B10,13;57;219;105;157;217;119;33;190;91;61;155;10;35;87;66;4;177;24,0.1,19,106,19,0.0708701212181543,,False,,,0.7631578947368421,,,,19,0,56.82610000076238,1.7877000063890591,70.33499999670312,2.422000005026348
SupportRiskOnly_B10,JILONG_EI_0079,310,B10,219;57;104;13;174;217;106;49;172;23;46;10;51;20;102;185;178;71;93,0.1,19,106,19,0.0720417180356992,,False,,,0.7249255213505461,,,,19,0,55.06309999327641,1.8100000015692783,70.93079999322072,2.235400010249577
SupportRiskOnly_B10,JILONG_EI_0079,320,B10,219;57;105;158;119;232;29;201;34;172;91;61;190;4;32;87;10;66;177,0.1,19,105,19,0.0639554027459779,,False,,,0.7724310776942356,,,,19,0,55.13680000149179,1.8034000095212832,71.94950000848621,2.3422999947797507
SupportRiskOnly_B10,JILONG_EI_0079,330,B10,219;57;13;119;157;88;217;121;35;49;4;23;90;46;190;10;171;252;177,0.1,19,106,19,0.0384636000949529,,False,,,0.7929493545183712,,,,19,0,55.872699987958185,1.767199995811097,71.40719999733847,2.300399995874613
SupportRiskOnly_B10,JILONG_EI_0079,340,B10,219;58;119;174;105;13;217;172;23;61;4;35;33;91;66;87;10;229;170,0.1,19,102,19,0.0573852715730793,,False,,,0.759029927760578,,,,19,0,54.48919998889323,1.7948999884538352,70.26789999508765,2.8587999986484647
SupportRiskOnly_B10,JILONG_EI_0079,350,B10,58;219;119;13;105;217;157;35;23;192;4;49;46;91;155;10;190;72;60,0.1,19,103,19,0.0397960043188274,,False,,,0.7685232498722535,,,,19,0,55.00929999107029,1.7928000015672296,70.7544000033522,2.494600004865788
SupportRiskOnly_B10,JILONG_EI_0079,360,B10,57;219;119;105;13;174;217;34;172;4;61;23;192;66;252;91;212;36;87,0.1,19,105,19,0.0515962049452106,,False,,,0.7714285714285714,,,,19,0,54.53910000505857,1.8659000052139163,70.31489998917095,2.2056999878259376
SupportRiskOnly_B10,JILONG_EI_0079,370,B10,58;219;119;13;105;157;217;46;34;3;23;66;252;171;190;91;212;10;60,0.1,19,104,19,0.0455467834689986,,False,,,0.750506072874494,,,,19,0,54.6335000108229,2.402699989033863,70.7434999931138,2.3037000064505264
SupportRiskOnly_B10,JILONG_EI_0079,380,B10,57;219;13;105;174;34;201;233;172;3;103;61;23;252;135;177;93;212;91,0.1,19,104,19,0.064904932192877,,False,,,0.7677125506072875,,,,19,0,54.57209999440238,1.786100008757785,70.82110000192188,2.256899999338202
SupportRiskOnly_B10,JILONG_EI_0079,390,B10,13;219;58;104;158;35;3;217;172;49;192;106;46;23;252;190;135;178;72,0.1,19,105,19,0.0353087119326753,,False,,,0.7679197994987469,,,,19,0,59.06690000847448,1.9208000012440607,74.94950000545941,2.5616000057198107
SupportRiskOnly_B10,JILONG_EI_0079,400,B10,219;57;105;13;174;34;3;201;61;103;156;232;24;66;252;176;91;213;68,0.1,19,106,19,0.0860243048908424,,False,,,0.7547169811320755,,,,19,0,54.72000000008848,1.8606999947223808,69.61269999737851,2.5445999926887453
SupportRiskOnly_B10,JILONG_EI_0079,410,B10,219;74;13;105;157;35;4;46;217;119;60;49;41;252;155;190;23;177;72,0.1,19,105,19,0.0569334793362482,,False,,,0.756390977443609,,,,19,0,54.60030000540428,1.7982999997911977,71.17180000932422,3.0482000001939014
SupportRiskOnly_B10,JILONG_EI_0079,420,B10,219;58;13;105;158;34;4;201;172;103;192;61;91;252;190;66;23;10;233,0.1,19,104,19,0.0610149244588065,,False,,,0.7611336032388664,,,,19,0,55.21569999109488,1.7732999986037612,69.79819999833126,2.264800001285039
SupportRiskOnly_B10,JILONG_EI_0079,430,B10,219;74;13;174;105;35;4;217;192;103;172;46;49;60;252;41;135;23;178,0.1,19,106,19,0.0570789717514989,,False,,,0.7631578947368421,,,,19,0,54.2252000013832,1.773199997842312,69.90660000883508,2.2262999991653487
SupportRiskOnly_B10,JILONG_EI_0079,440,B10,218;58;90;29;157;88;3;34;120;192;61;252;190;155;66;23;36;185;99,0.1,19,107,19,0.06626030890337,,False,,,0.7407771765863257,,,,19,0,54.06750000838656,1.761299994541332,71.98649999918416,3.19360000139568
SupportRiskOnly_B10,JILONG_EI_0079,450,B10,218;57;105;174;14;35;3;103;192;91;156;46;135;252;60;5;49;24;165,0.1,19,107,19,0.0583194860288993,,False,,,0.7599606492867682,,,,19,0,57.27700001443736,1.934400002937764,72.71909998962656,2.538600005209446
SupportRiskOnly_B10,JILONG_EI_0079,460,B10,219;90;58;13;104;158;3;192;201;35;61;172;49;252;112;232;23;170;190,0.1,19,106,19,0.0623396711871415,,False,,,0.7755710029791459,,,,19,0,54.61569999170024,1.724099987768568,70.07119999616407,2.9429999995045364
SupportRiskOnly_B10,JILONG_EI_0079,470,B10,74;219;174;105;29;3;192;119;217;34;156;60;112;178;66;41;10;213;72,0.1,19,105,19,0.0654103268984845,,False,,,0.7483709273182957,,,,19,0,54.26049999368843,1.7782000068109485,69.65730000229087,2.905999994254671
SupportRiskOnly_B10,JILONG_EI_0079,480,B10,219;58;90;157;13;3;46;104;192;35;201;49;112;135;44;233;206;171;102,0.1,19,107,19,0.0727385501297945,,False,,,0.7722577471716675,,,,19,0,54.22989999351557,1.7286999936914071,69.82450000941753,3.081000002566725
SupportRiskOnly_B10,JILONG_EI_0079,490,B10,90;57;202;235;174;192;4;29;34;103;121;61;233;134;172;112;161;66;24,0.1,19,106,19,0.067148578385953,,False,,,0.7775571002979147,,,,19,0,54.21299999579787,1.7733000131556764,70.19709999440238,3.3939999993890524
SupportRiskOnly_B10,JILONG_EI_0079,500,B10,90;58;174;235;192;4;13;46;202;35;104;60;49;172;178;135;233;206;170,0.1,19,106,19,0.0472314324876905,,False,,,0.782025819265144,,,,19,0,54.44939999142662,1.836299998103641,70.17770000675227,2.2449000098276883
SupportRiskOnly_B10,JILONG_EI_0079,510,B10,90;58;192;235;157;3;29;103;201;35;121;61;49;134;233;206;203;155;161,0.1,19,107,19,0.0714597483746965,,False,,,0.76586325627152,,,,19,0,54.58339999313466,1.7722999909892678,70.69169999158476,3.9499999984400342
SupportRiskOnly_B10,JILONG_EI_0079,520,B10,105;219;57;192;174;3;13;251;46;103;91;217;35;49;44;178;172;165;100,0.1,19,107,19,0.0631283932277109,,False,,,0.8081652729955731,,,,19,0,54.41029999929015,1.800300000468269,70.48229999782052,2.3501999967265874
SupportRiskOnly_B10,JILONG_EI_0079,530,B10,105;58;13;218;158;3;251;176;34;103;91;61;66;156;112;190;10;185;36,0.1,19,108,19,0.0718962256204485,,False,,,0.7709551656920077,,,,19,0,54.76780000026338,1.959200002602301,70.66480000503361,2.289500000188127
SupportRiskOnly_B10,JILONG_EI_0079,540,B10,90;58;29;174;235;119;3;176;201;206;35;121;88;49;60;112;178;165;213,0.1,19,107,19,0.055394322732807,,False,,,0.8007870142646335,,,,19,0,54.39039999328088,2.108599990606308,70.4286999971373,2.2653000050922856
SupportRiskOnly_B10,JILONG_EI_0079,550,B10,13;74;105;157;46;218;251;3;103;35;192;49;44;41;229;178;135;165;171,0.1,19,106,19,0.0869355468600439,,False,,,0.79493545183714,,,,19,0,54.66599999635946,1.7632000090088695,70.7752000016626,2.236400003312156
SupportRiskOnly_B10,JILONG_EI_0079,560,B10,90;58;174;29;219;3;217;192;35;119;49;61;121;252;165;178;88;172;206,0.1,19,106,19,0.0540772335000114,,False,,,0.7904667328699106,,,,19,0,55.15430000377819,2.5310000055469573,70.18099998822436,2.2234000061871484
SupportRiskOnly_B10,JILONG_EI_0079,570,B10,58;13;90;174;3;235;217;46;192;119;51;178;49;121;44;165;171;206;213,0.1,19,107,19,0.0679679304086805,,False,,,0.7899655681259222,,,,19,0,57.045399997150525,1.833899994380772,70.98569998925086,2.5350999931106344
SupportRiskOnly_B10,JILONG_EI_0079,580,B10,58;13;90;157;119;3;235;46;201;121;51;178;49;44;165;176;233;206;88,0.1,19,107,19,0.0700967141686639,,False,,,0.7757009345794392,,,,19,0,54.99820000841282,1.857399998698384,70.66860000486486,2.333399999770336
SupportRiskOnly_B10,JILONG_EI_0079,590,B10,74;13;105;174;219;3;35;46;252;103;217;178;60;66;134;68;5;41;165,0.1,19,108,19,0.0694994295165823,,False,,,0.7953216374269004,,,,19,0,54.46590000065044,1.9002000044565648,70.23979999939911,2.284999995026737
SupportRiskOnly_B10,JILONG_EI_0079,600,B10,58;90;29;119;174;219;20;61;206;201;178;51;165;252;49;121;213;156;87,0.1,19,107,19,0.0795077761867203,,False,,,0.7860304968027545,,,,19,0,54.373400009353645,2.329199996893294,70.28670000727288,2.287000010255724
SupportRiskOnly_B10,JILONG_EI_0079,610,B10,13;90;58;157;46;219;119;3;206;35;165;217;44;178;121;49;100;213;171,0.1,19,106,19,0.0739407769294974,,False,,,0.7904667328699105,,,,19,0,55.46229999163188,2.231500009656884,70.47849999798927,2.272599987918511
SupportRiskOnly_B10,JILONG_EI_0079,620,B10,13;174;58;105;219;91;46;103;134;35;178;3;206;165;201;44;66;233;213,0.1,19,104,19,0.0761078481671784,,False,,,0.8102226720647774,,,,19,0,55.33869999635499,1.7726999940350652,69.977100007236,2.2779999999329448
SupportRiskOnly_B10,JILONG_EI_0079,630,B10,13;105;174;46;74;219;103;217;206;178;60;165;35;134;4;41;49;213;68,0.1,19,103,19,0.0742853642287753,,False,,,0.7889626980071538,,,,19,0,56.15849999594502,1.8115000129910184,70.25730000168551,2.901900006690994
SupportRiskOnly_B10,JILONG_EI_0079,640,B10,13;58;90;174;219;206;104;46;3;178;201;165;35;135;44;49;213;171;215,0.1,19,103,19,0.0807865779418183,,False,,,0.7920286152273889,,,,19,0,57.22890001197811,1.764300002832897,72.72400001238566,3.160099993692711
SupportRiskOnly_B10,JILONG_EI_0079,650,B10,13;219;58;157;90;46;84;3;178;119;201;206;121;165;66;34;44;5;36,0.1,19,105,19,0.0689557473332771,,False,,,0.8155388471177945,,,,19,0,55.95399999583606,2.7762000099755824,70.58079999114852,2.690099994651973
SupportRiskOnly_B10,JILONG_EI_0079,660,B10,13;219;90;119;174;84;57;46;3;178;121;206;165;217;35;49;5;44;213,0.1,19,105,19,0.0597514376947875,,False,,,0.8165413533834587,,,,19,0,56.83849999331869,1.7886999994516373,70.59470000967849,2.334700009669177
SupportRiskOnly_B10,JILONG_EI_0079,670,B10,219;13;174;84;105;58;46;119;251;91;3;178;206;217;35;49;165;5;44,0.1,19,105,19,0.0526069943564257,,False,,,0.8285714285714285,,,,19,0,54.92409999715164,1.7947000014828518,70.63669999479316,2.264199996716343
SupportRiskOnly_B10,JILONG_EI_0079,680,B10,13;158;219;46;105;74;251;206;103;178;3;5;35;134;201;165;41;44;213,0.1,19,104,19,0.0899602575981499,,False,,,0.8147773279352227,,,,19,0,54.390999997849576,1.8225000094389543,70.09490000200458,2.345300003071316
SupportRiskOnly_B10,JILONG_EI_0079,690,B10,13;251;90;46;157;58;219;103;178;134;206;35;3;217;121;5;44;66;68,0.1,19,105,19,0.0722025254420289,,False,,,0.8095238095238094,,,,19,0,54.57000000751577,1.8606000085128471,70.84079999185633,2.37199998809956
SupportRiskOnly_B10,JILONG_EI_0079,700,B10,13;90;174;219;46;251;58;119;178;3;206;35;217;88;121;60;165;5;213,0.1,19,107,19,0.044199064254045,,False,,,0.8066896212493851,,,,19,0,55.09130000427831,1.8287999992026016,70.50699999672361,2.298099992913194
SupportRiskOnly_B10,JILONG_EI_0079,710,B10,13;219;90;58;46;84;174;206;178;119;217;20;34;121;165;44;156;170;72,0.1,19,107,19,0.0653643819252475,,False,,,0.7983275946876537,,,,19,0,54.24430000130087,2.0188999915262684,70.0689999939641,2.5613000034354627
SupportRiskOnly_B10,JILONG_EI_0079,720,B10,13;90;46;174;84;219;58;192;178;120;134;3;217;206;5;35;213;155;102,0.1,19,105,19,0.0453783185671294,,False,,,0.8090225563909774,,,,19,0,55.88260000513401,2.5591000012354925,71.80050000897609,2.471300002071075
SupportRiskOnly_B10,JILONG_EI_0079,730,B10,13;219;90;46;157;84;58;192;3;178;121;119;206;201;34;213;60;165;88,0.1,19,106,19,0.0533191414416001,,False,,,0.8018867924528301,,,,19,0,54.38359999970999,2.642699997522868,70.60259999707341,2.230400001280941
SupportRiskOnly_B10,JILONG_EI_0079,740,B10,13;219;90;46;84;174;58;192;103;3;206;161;35;216;121;135;213;155;66,0.1,19,105,19,0.0460904656523037,,False,,,0.8020050125313282,,,,19,0,55.40800000017043,2.442099998006597,70.06159999582451,2.454399989801459
SupportRiskOnly_B10,JILONG_EI_0079,750,B10,13;90;46;84;219;174;58;206;178;192;104;3;217;35;5;213;134;44;165,0.1,19,105,19,0.0588248807345069,,False,,,0.800501253132832,,,,19,0,54.935599997406825,2.25720000162255,70.00190000690054,2.243599999928847
SupportRiskOnly_B10,JILONG_EI_0079,760,B10,13;90;46;58;84;219;174;206;3;161;5;103;121;35;201;213;49;10;233,0.1,19,104,19,0.0448576088704428,,False,,,0.805668016194332,,,,19,0,55.11810000461992,2.9074000049149618,72.00729999749456,3.1583999952999875
SupportRiskOnly_B10,JILONG_EI_0079,770,B10,13;90;46;219;157;58;178;206;5;103;35;3;233;121;135;213;165;201;60,0.1,19,102,19,0.0642387300809397,,False,,,0.7776057791537667,,,,19,0,55.01920000824612,1.9162000098731369,70.33049999154173,2.6532000047154725
SupportRiskOnly_B10,JILONG_EI_0079,780,B10,13;90;46;174;235;58;161;233;206;203;5;35;103;121;213;201;3;44;100,0.1,19,101,19,0.0714597483746965,,False,,,0.7790515893694634,,,,19,0,54.838700001710095,1.7927000008057803,72.76619999902323,3.547900007106364
SupportRiskOnly_B10,JILONG_EI_0079,790,B10,13;219;90;46;58;174;178;233;206;5;35;3;104;176;213;134;172;165;44,0.1,19,103,19,0.0608234870703187,,False,,,0.7726111394992335,,,,19,0,55.15719999675639,2.627399997436441,72.55630000145175,2.9790999979013577
SupportRiskOnly_B10,JILONG_EI_0079,800,B10,13;90;219;46;158;161;58;217;206;121;4;35;49;103;213;44;68;135;10,0.1,19,103,19,0.0762303680958105,,False,,,0.7634133878385283,,,,19,0,57.2771000006469,2.1096999989822507,71.68180000735447,2.648800000315532
SupportRiskOnly_B10,JILONG_EI_0079,810,B10,13;90;46;219;157;58;178;217;206;35;120;176;5;134;3;102;213;66;155,0.1,19,103,19,0.0556623350766898,,False,,,0.7618804292284108,,,,19,0,54.771099996287376,2.3109000030672178,71.84859999688342,3.131199991912581
SupportRiskOnly_B10,JILONG_EI_0079,820,B10,13;90;219;46;58;174;161;103;217;20;34;121;206;213;156;32;135;215;165,0.1,19,101,19,0.0556087326079132,,False,,,0.7462219906201146,,,,19,0,54.98950000037439,1.8087000062223524,71.21130000450648,2.934500007540919
SupportRiskOnly_B10,JILONG_EI_0079,830,B10,13;90;46;219;157;57;178;233;35;206;49;201;103;176;5;213;60;144;170,0.1,19,103,19,0.0698363593203207,,False,,,0.7705671946857435,,,,19,0,54.27639999834355,2.361499995458871,71.84950000373647,3.0470000056084245
SupportRiskOnly_B10,JILONG_EI_0079,840,B10,13;219;106;46;74;161;174;192;233;41;35;104;201;206;213;49;4;44;102,0.1,19,103,19,0.0860243048908424,,False,,,0.7823198773633112,,,,19,0,54.24440000206232,1.8096999992849303,69.7163000004366,2.26459999976214
SupportRiskOnly_B10,JILONG_EI_0079,850,B10,13;46;105;58;219;192;91;174;161;103;216;51;3;206;100;213;32;172;165,0.1,19,101,19,0.0505701005429164,,False,,,0.785304846274101,,,,19,0,54.102800000691786,2.149499996448867,70.06019999971613,2.230099998996593
SupportRiskOnly_B10,JILONG_EI_0079,860,B10,219;13;90;46;192;157;58;178;35;190;103;3;217;134;121;128;213;32;44,0.1,19,103,19,0.069254389659318,,False,,,0.7945835462442514,,,,19,0,54.25259999174159,2.289500000188127,70.35940000787377,2.253699989523738
SupportRiskOnly_B10,JILONG_EI_0079,870,B10,13;219;90;46;192;58;174;161;35;103;217;3;206;165;128;213;60;32;135,0.1,19,102,19,0.048923739001922,,False,,,0.785861713106295,,,,19,0,55.497199995443225,2.171000000089407,70.1487000042107,2.2836999996798117
SupportRiskOnly_B10,JILONG_EI_0079,880,B10,13;219;46;74;105;158;192;178;35;190;217;103;41;135;144;172;165;229;44,0.1,19,101,19,0.0830914840992105,,False,,,0.774882751433038,,,,19,0,54.6669000032125,2.176399997551925,70.5595000035828,2.7289999998174608
SupportRiskOnly_B10,JILONG_EI_0079,890,B10,13;219;46;105;58;174;161;91;217;35;5;103;134;206;44;32;172;165;213,0.1,19,101,19,0.0650427671125881,,False,,,0.774882751433038,,,,19,0,54.58219999854919,1.7722000047797335,70.85209999058861,2.3086000001057982
SupportRiskOnly_B10,JILONG_EI_0079,900,B10,13;219;46;105;58;174;178;91;217;20;134;103;206;34;165;44;69;156;185,0.1,19,100,19,0.0782136594405433,,False,,,0.7573684210526316,,,,19,0,54.61399999330752,1.8367000011494383,71.78790000034496,2.3095000069588423
SupportRiskOnly_B10,JILONG_EI_0079,910,B10,13;90;46;235;157;58;161;217;206;203;35;104;128;5;134;44;33;68;199,0.1,19,100,19,0.0651806020322993,,False,,,0.7821052631578947,,,,19,0,55.98360000294633,2.51649999700021,71.47270000132266,3.204599997843616
SupportRiskOnly_B10,JILONG_EI_0079,920,B10,219;13;58;105;46;217;158;178;206;128;103;35;91;44;100;5;133;156;49,0.1,19,99,19,0.0881224586686678,,False,,,0.7767145135566187,,,,19,0,55.27019999863114,1.7278000013902783,71.28279999596998,2.426299994112924
SupportRiskOnly_B10,JILONG_EI_0079,930,B10,13;219;46;105;74;174;161;217;128;35;44;206;103;41;100;5;66;170;199,0.1,19,100,19,0.0819581747593632,,False,,,0.7600000000000001,,,,19,0,54.3102999945404,1.7359000048600135,70.55449999461416,2.22829999984242
SupportRiskOnly_B10,JILONG_EI_0079,940,B10,29;219;84;58;105;174;178;201;35;61;91;232;206;128;103;134;165;156;5,0.1,19,102,19,0.0719268556026066,,False,,,0.759029927760578,,,,19,0,54.151899996213615,2.0720999891636893,70.04299999971408,2.2570999863091856
SupportRiskOnly_B10,JILONG_EI_0079,950,B10,13;219;46;105;157;58;217;161;190;44;91;35;103;100;134;32;165;5;199,0.1,19,100,19,0.0680598203551546,,False,,,0.7673684210526316,,,,19,0,54.82020000636112,1.7631999944569543,71.46360000479035,2.3445999977411702
SupportRiskOnly_B10,JILONG_EI_0079,960,B10,13;46;219;90;174;121;217;58;178;35;88;44;100;134;172;33;102;199;23,0.1,19,101,19,0.0659310365951711,,False,,,0.7545596664929651,,,,19,0,54.758500002208166,2.3089000023901463,70.812299993122,2.325800000107847
SupportRiskOnly_B10,JILONG_EI_0079,970,B10,219;13;46;105;74;217;174;161;20;103;60;34;128;116;135;41;78;213;23,0.1,19,98,19,0.0995091545359174,,False,,,0.7508055853920516,,,,19,0,54.76609998731874,2.0062000112375244,70.78660000115633,2.436800001305528
SupportRiskOnly_B10,JILONG_EI_0079,980,B10,13;219;58;106;46;174;178;35;120;217;33;44;3;128;87;78;165;213;241,0.1,19,98,19,0.0930845157782695,,False,,,0.7540279269602578,,,,19,0,55.10640000284184,2.372299990383908,72.65769998775795,3.145200011203997
SupportRiskOnly_B10,JILONG_EI_0079,990,B10,219;13;84;46;105;74;157;161;190;103;3;217;33;44;35;135;41;71;165,0.1,19,100,19,0.0955119418642938,,False,,,0.7926315789473685,,,,19,0,54.403000001912005,1.741500003845431,70.74110000394285,2.246100004413165
SupportRiskOnly_B10,JILONG_EI_0079,1000,B10,219;29;84;74;174;106;104;161;217;33;61;3;35;172;41;66;215;71;179,0.1,19,100,19,0.1074040324371511,,False,,,0.7442105263157895,,,,19,0,55.01069998717867,1.7702000041026622,70.32509999407921,2.247900003567338
SupportRiskOnly_B10,JILONG_EI_0079,1010,B10,13;219;46;74;157;106;104;178;201;44;33;190;35;233;100;41;128;171;102,0.1,19,98,19,0.0959867065877434,,False,,,0.7717508055853921,,,,19,0,54.83969999477267,1.7585000023245811,70.65949999378063,2.5313000078313053
SupportRiskOnly_B10,JILONG_EI_0079,1020,B10,219;13;46;74;158;103;128;161;105;217;35;33;190;44;4;170;41;100;166,0.1,19,98,19,0.0849139680376136,,False,,,0.780343716433942,,,,19,0,55.20180000166874,1.78829999640584,72.02040000993293,3.468700000667013
SupportRiskOnly_B10,JILONG_EI_0079,1030,B10,219;13;46;90;58;157;104;128;217;178;33;35;190;44;100;78;166;213;155,0.1,19,98,19,0.0944245774976836,,False,,,0.7642320085929107,,,,19,0,54.88399999740068,1.9019000028492885,71.22319999325555,2.263699992909096
SupportRiskOnly_B10,JILONG_EI_0079,1040,B10,219;29;251;90;58;103;128;161;174;217;33;35;61;206;172;116;165;121;170,0.1,19,100,19,0.0773866499222764,,False,,,0.7578947368421052,,,,19,0,54.877200003829785,1.9108999986201525,71.57329999608919,2.246600008220412
SupportRiskOnly_B10,JILONG_EI_0079,1050,B10,219;46;13;105;251;58;33;91;128;201;174;178;35;232;103;44;78;100;166,0.1,19,100,19,0.089163878062041,,False,,,0.7968421052631579,,,,19,0,55.10569999751169,1.8004000012297183,70.87179999507498,2.284200003487058
SupportRiskOnly_B10,JILONG_EI_0079,1060,B10,219;46;14;58;90;104;217;33;128;157;35;190;161;44;78;100;229;170;134,0.1,19,97,19,0.0937660328812858,,False,,,0.7623440043407488,,,,19,0,55.95740000717342,3.526700005750172,72.15320000250358,3.609099992900156
SupportRiskOnly_B10,JILONG_EI_0079,1070,B10,219;13;74;105;46;33;128;174;217;35;103;177;4;172;41;78;44;170;99,0.1,19,96,19,0.1007113813356203,,False,,,0.7494517543859649,,,,19,0,55.14779999793973,1.798199999029748,70.12659999600146,2.557499989052303
SupportRiskOnly_B10,JILONG_EI_0079,1080,B10,219;29;84;90;104;58;217;33;174;61;178;35;128;156;10;214;102;165;170,0.1,19,95,19,0.0845234357650986,,False,,,0.7152354570637119,,,,19,0,55.462999996962026,1.7712999979266897,71.6138999996474,3.842399994027801
SupportRiskOnly_B10,JILONG_EI_0079,1090,B10,219;13;46;104;74;217;174;20;50;128;161;78;32;44;41;134;172;101;165,0.1,19,96,19,0.1145714482621313,,False,,,0.7297149122807017,,,,19,0,54.80930001067463,2.4751999881118536,70.35660000110511,2.2197000071173534
SupportRiskOnly_B10,JILONG_EI_0079,1100,B10,219;29;90;217;104;58;158;35;33;161;190;78;4;135;128;172;165;213;27,0.1,19,96,19,0.0891026180977249,,False,,,0.7077850877192983,,,,19,0,57.05030000535771,2.498900008504279,71.81950000813231,2.326899993931874
SupportRiskOnly_B10,JILONG_EI_0079,1110,B10,219;13;46;74;232;158;201;105;103;35;33;78;178;190;128;4;44;41;155,0.1,19,96,19,0.1072049375531238,,False,,,0.7724780701754387,,,,19,0,55.28950000007171,2.446300000883639,70.11240000429098,2.191299994592555
SupportRiskOnly_B10,JILONG_EI_0079,1120,B10,219;13;46;74;104;232;157;33;161;3;206;35;72;201;78;128;60;134;116,0.1,19,97,19,0.0847684756223629,,False,,,0.7373846988605535,,,,19,0,54.24009999842383,1.730899995891377,69.97729999420699,2.240400004666298
SupportRiskOnly_B10,JILONG_EI_0079,1130,B10,219;29;104;74;158;217;61;33;35;206;161;4;128;134;171;41;102;164;27,0.1,19,95,19,0.1268847010896616,,False,,,0.679224376731302,,,,19,0,54.28189999656752,2.556699997512624,70.63950000156183,3.1799999997019768
SupportRiskOnly_B10,JILONG_EI_0079,1140,B10,219;46;13;104;74;232;174;78;35;49;134;201;4;178;44;144;100;41;156,0.1,19,92,19,0.10820041197326,,False,,,0.7265446224256292,,,,19,0,54.40870000165887,1.871899992693216,69.93040000088513,2.259099986986257
SupportRiskOnly_B10,JILONG_EI_0079,1150,B10,219;13;46;58;104;217;90;158;35;78;190;128;4;134;32;161;44;166;172,0.1,19,96,19,0.0799595684235514,,False,,,0.7461622807017544,,,,19,0,54.98179999995045,1.8287999992026016,70.30790000862908,2.2701999987475574
SupportRiskOnly_B10,JILONG_EI_0079,1160,B10,219;13;46;74;105;217;128;174;103;78;5;34;32;178;36;44;165;133;41,0.1,19,94,19,0.1148624330926327,,False,,,0.7194848824188129,,,,19,0,55.07240000588354,1.7948000022443011,70.04629999573808,2.238900007796474
SupportRiskOnly_B10,JILONG_EI_0079,1170,B10,235;13;46;57;104;128;232;90;157;35;203;78;201;161;190;4;32;44;102,0.1,19,96,19,0.0970740709543536,,False,,,0.787280701754386,,,,19,0,54.1083999996772,1.7764999938663095,69.90930000029039,2.2536000033142045
SupportRiskOnly_B10,JILONG_EI_0079,1180,B10,219;13;46;57;128;192;89;121;174;78;91;35;232;206;103;201;4;32;161,0.1,19,97,19,0.0615739216331906,,False,,,0.8068366793271838,,,,19,0,54.76410000119358,1.873299988801591,69.58900000608992,2.3508000012952834
SupportRiskOnly_B10,JILONG_EI_0079,1190,B10,13;219;57;217;46;128;90;88;78;120;158;20;34;178;44;155;190;100;166,0.1,19,94,19,0.087433284070112,,False,,,0.7777155655095185,,,,19,0,54.349000012734905,1.6912999999476597,69.95570000435691,2.250200006528757
SupportRiskOnly_B10,JILONG_EI_0079,1200,B10,219;13;57;90;174;46;104;128;217;78;35;3;161;155;33;5;100;44;102,0.1,19,96,19,0.088742715807368,,False,,,0.7658991228070176,,,,19,0,54.69200000516139,1.8061000009765849,70.60239999555051,2.517999993870035
SupportRiskOnly_B10,JILONG_EI_0079,1210,B10,219;13;57;46;104;128;232;90;174;78;20;161;200;34;155;100;166;134;44,0.1,19,94,19,0.0823869945095756,,False,,,0.753639417693169,,,,19,0,54.3352000095183,1.885599995148368,70.4707000113558,2.2770999930799007
SupportRiskOnly_B10,JILONG_EI_0079,1220,B10,219;57;29;217;104;128;90;157;78;35;4;177;155;33;100;199;135;166;27,0.1,19,94,19,0.0856720600960249,,False,,,0.7374020156774916,,,,19,0,54.11759999697097,1.7523999995319173,70.96470000396948,2.2622999968007207
SupportRiskOnly_B10,JILONG_EI_0079,1230,B10,219;13;58;46;217;104;128;78;91;158;161;44;206;51;4;171;33;100;133,0.1,19,92,19,0.1051220987663774,,False,,,0.7654462242562928,,,,19,0,54.6079999912763,1.7478999943705276,71.47830000030808,2.235499996459112
SupportRiskOnly_B10,JILONG_EI_0079,1240,B10,219;57;46;14;104;217;91;128;174;78;161;4;35;171;33;44;100;68;134,0.1,19,90,19,0.0918057140231715,,False,,,0.7350877192982456,,,,19,0,56.33740000484977,1.726199989207089,70.39199999417178,2.296299993759021
SupportRiskOnly_B10,JILONG_EI_0079,1250,B10,219;14;57;104;46;217;91;78;174;5;161;50;171;3;128;100;102;44;36,0.1,19,90,19,0.0950371771408443,,False,,,0.697076023391813,,,,19,0,57.62500000128057,1.724000001559034,70.52959999418817,2.2305000020423904
SupportRiskOnly_B10,JILONG_EI_0079,1260,B10,13;219;74;104;46;233;78;201;174;35;4;161;155;41;33;100;44;133;71,0.1,19,89,19,0.1328269176283204,,False,,,0.7149615612063868,,,,19,0,55.42240000795573,1.816900010453537,71.12670000060461,2.470399995218031
SupportRiskOnly_B10,JILONG_EI_0079,1270,B10,219;13;58;104;78;91;46;217;157;20;178;155;50;190;44;144;100;102;214,0.1,19,92,19,0.1062171206285272,,False,,,0.6956521739130435,,,,19,0,55.11510001088027,1.7732999986037612,70.8120999915991,2.2555000032298267
SupportRiskOnly_B10,JILONG_EI_0079,1280,B10,219;13;2;74;104;46;78;217;174;176;4;35;178;33;171;60;41;128;66,0.1,19,91,19,0.0807712629507393,,False,,,0.7061885482938115,,,,19,0,54.57569999271072,1.7992000066442415,70.23409999965224,2.507899989723228
SupportRiskOnly_B10,JILONG_EI_0079,1290,B10,29;218;84;74;103;3;105;78;157;232;161;34;128;171;200;36;41;134;190,0.1,19,89,19,0.0879693087578776,,False,,,0.7049083382613838,,,,19,0,54.46549999760464,1.7451000021537766,72.19759999134112,3.088099998421967
SupportRiskOnly_B10,JILONG_EI_0079,1300,B10,219;13;84;46;74;104;2;217;78;174;44;206;34;177;4;171;41;128;134,0.1,19,90,19,0.0878927338024825,,False,,,0.7520467836257311,,,,19,0,55.20139999862295,1.7091000045184046,69.67409999924712,2.256499996292405
SupportRiskOnly_B10,JILONG_EI_0079,1310,B10,219;14;74;2;104;78;217;128;34;174;46;178;171;4;135;44;133;41;66,0.1,19,87,19,0.1120061872563959,,False,,,0.7059891107078039,,,,19,0,54.89859999215696,2.036899997619912,70.16550000116695,2.35870000324212
SupportRiskOnly_B10,JILONG_EI_0079,1320,B10,13;219;58;119;89;217;78;46;91;174;34;128;161;3;121;155;100;166;87,0.1,19,88,19,0.055846114969638,,False,,,0.7547846889952153,,,,19,0,54.5395999943139,1.761899999110028,70.32030000118539,2.302900000358932
SupportRiskOnly_B10,JILONG_EI_0079,1330,B10,13;218;57;104;90;174;78;46;3;34;232;156;135;44;161;128;102;170;165,0.1,19,86,19,0.0999915767549065,,False,,,0.7037943696450429,,,,19,0,54.95960000553168,1.727700000628829,70.81430000835098,2.372699993429705
SupportRiskOnly_B10,JILONG_EI_0079,1340,B10,13;235;217;46;3;57;103;203;78;158;34;89;121;91;171;161;60;128;134,0.1,19,86,19,0.0745457190771186,,False,,,0.7668298653610771,,,,19,0,54.14220000966452,1.7251999961445108,69.81040000391658,2.202499992563389
SupportRiskOnly_B10,JILONG_EI_0079,1350,B10,84;219;29;57;104;217;35;157;61;3;155;91;178;49;93;144;133;190;102,0.1,19,86,19,0.0932529806801387,,False,,,0.6952264381884945,,,,19,0,54.51149999862537,1.6751999937696382,70.05239999853075,3.776700003072619
SupportRiskOnly_B10,JILONG_EI_0079,1360,B10,13;2;84;219;57;217;46;104;174;78;34;44;20;134;171;161;102;166;91,0.1,19,89,19,0.0887656882939865,,False,,,0.7616794795978712,,,,19,0,53.96240000845864,2.1338999940780923,71.24230000772513,3.1479999888688326
SupportRiskOnly_B10,JILONG_EI_0079,1370,B10,13;3;57;235;104;217;158;78;50;203;156;178;44;128;170;46;166;134;102,0.1,19,88,19,0.1047621964760205,,False,,,0.7159090909090908,,,,19,0,54.29239998920821,1.7846999980974942,69.97739999496844,2.274400001624599
SupportRiskOnly_B10,JILONG_EI_0079,1380,B10,219;13;58;217;3;50;90;103;78;158;121;128;171;161;44;199;46;133;166,0.1,19,90,19,0.1008645312464105,,False,,,0.743859649122807,,,,19,0,54.49419999786187,1.7254999984288588,70.4128000070341,2.271500008646399
SupportRiskOnly_B10,JILONG_EI_0079,1390,B10,13;218;74;3;50;104;46;216;158;78;128;166;41;44;229;178;171;100;134,0.1,19,89,19,0.1070900751200312,,False,,,0.7285629804849201,,,,19,0,56.13250000169501,1.7088000022340566,70.7271999999648,2.210999999078922
SupportRiskOnly_B10,JILONG_EI_0079,1400,B10,219;13;84;3;217;57;89;50;120;46;158;78;206;166;5;177;171;44;128,0.1,19,92,19,0.0796302961153525,,False,,,0.761441647597254,,,,19,0,54.369899997254834,1.7588999908184633,69.6001000032993,2.287299997988157
SupportRiskOnly_B10,JILONG_EI_0079,1410,B10,2;84;218;14;74;106;50;120;4;216;157;88;128;229;46;78;166;155;60,0.1,19,90,19,0.0660841865059613,,False,,,0.771345029239766,,,,19,0,55.05080000148155,1.7499999958090484,69.8186999943573,2.21580000652466
SupportRiskOnly_B10,JILONG_EI_0079,1420,B10,13;219;3;217;58;120;35;90;158;128;46;161;78;44;49;155;133;229;166,0.1,19,92,19,0.0996163594734706,,False,,,0.754004576659039,,,,19,0,55.46830000821501,2.5176000053761527,70.35009999526665,2.279299995279871
SupportRiskOnly_B10,JILONG_EI_0079,1430,B10,84;3;29;58;218;120;50;90;158;232;229;78;155;23;161;166;88;134;200,0.1,19,92,19,0.0620103988789426,,False,,,0.7511441647597256,,,,19,0,54.23819999850821,1.767099995049648,70.8094000001438,2.530300000216812
SupportRiskOnly_B10,JILONG_EI_0079,1440,B10,13;58;104;218;3;50;90;83;232;158;44;229;46;78;190;178;128;171;166,0.1,19,91,19,0.0841941634568997,,False,,,0.7553499132446501,,,,19,0,54.782400009571575,1.7894999909913167,72.09029998921324,3.0701999930897728
SupportRiskOnly_B10,JILONG_EI_0089,10,B10,78;219;57;106;84;217;4;128;50;13;119;251;10;156;206;158;213;177;170,0.1,19,115,19,0.0700201392132689,,False,,,0.8389016018306638,,,,19,0,54.327300007571466,1.784299995051697,69.78760000492912,2.2330000065267086
SupportRiskOnly_B10,JILONG_EI_0089,20,B10,57;219;217;13;106;119;4;84;112;50;251;77;10;157;177;155;185;213;46,0.1,19,116,19,0.0606243921862915,,False,,,0.838021778584392,,,,19,0,55.54729999857955,1.8148000090150165,70.32250000338536,3.3989999938057736
SupportRiskOnly_B10,JILONG_EI_0089,30,B10,58;219;217;77;90;119;13;251;49;112;35;4;84;10;157;177;121;213;155,0.1,19,116,19,0.0582735410556623,,False,,,0.8366606170598911,,,,19,0,54.41520000749733,1.7540000117151069,70.99469999957364,2.227300006779842
SupportRiskOnly_B10,JILONG_EI_0089,40,B10,58;219;217;13;77;105;119;66;10;35;33;158;177;128;4;156;100;213;186,0.1,19,114,19,0.0684656676187486,,False,,,0.8167128347183749,,,,19,0,54.38270000740886,1.8005000019911677,70.34700000076555,2.900399995269254
SupportRiskOnly_B10,JILONG_EI_0089,50,B10,74;219;61;4;104;232;201;134;50;29;128;156;192;106;178;213;102;68;174,0.1,19,115,19,0.0867670819581747,,False,,,0.8535469107551489,,,,19,0,54.87589999393094,1.7537000094307589,70.05989999743178,2.3145000013755634
SupportRiskOnly_B10,JILONG_EI_0089,60,B10,4;235;106;217;57;61;119;128;49;156;203;177;13;51;88;133;158;69;179,0.1,19,115,19,0.1019978405862578,,False,,,0.8237986270022882,,,,19,0,56.210499998996966,1.8119000014849007,71.40780000190716,2.3859000066295266
SupportRiskOnly_B10,JILONG_EI_0089,70,B10,4;60;74;219;217;119;106;128;156;34;177;186;66;46;229;41;28;165;36,0.1,19,114,19,0.0775934023018431,,False,,,0.7954755309325947,,,,19,0,55.73020000883844,2.427200000965968,70.71230000292417,2.18239999958314
SupportRiskOnly_B10,JILONG_EI_0089,80,B10,44;58;4;119;128;218;232;105;50;91;156;13;177;47;174;52;213;252;99,0.1,19,118,19,0.0664211163096997,,False,,,0.7952720785013381,,,,19,0,54.53859998669941,2.449699997669086,70.65720000537112,2.3138999968068674
SupportRiskOnly_B10,JILONG_EI_0089,90,B10,44;57;119;90;235;217;128;50;84;47;4;121;156;176;52;215;158;185;203,0.1,19,112,19,0.0725241402546883,,False,,,0.7843045112781954,,,,19,0,55.19329999515321,1.8334000051254409,71.84640000923537,3.1546999962301925
SupportRiskOnly_B10,JILONG_EI_0089,100,B10,28;57;119;201;128;4;235;61;106;232;33;47;192;157;155;35;88;66;214,0.1,19,113,19,0.0803883881737638,,False,,,0.7964601769911503,,,,19,0,54.944700008491054,1.8389000033494085,70.62969999969937,2.2889000101713464
SupportRiskOnly_B10,JILONG_EI_0089,110,B10,13;58;217;119;4;128;219;176;121;215;50;157;155;91;10;185;61;88;229,0.1,19,113,19,0.0646445773445337,,False,,,0.7964601769911506,,,,19,0,54.17509999824688,2.055699995253235,70.43989999510814,2.301399988937192
SupportRiskOnly_B10,JILONG_EI_0089,120,B10,219;57;27;29;104;217;128;20;135;50;91;176;214;157;252;155;61;185;32,0.1,19,113,19,0.0877548988827714,,False,,,0.83977643223102,,,,19,0,54.47350000031293,1.9795999978668988,70.57979999808595,2.3687000066274777
SupportRiskOnly_B10,JILONG_EI_0089,130,B10,27;57;202;13;235;112;119;232;121;90;157;20;176;34;66;60;155;32;206,0.1,19,115,19,0.0599735050654333,,False,,,0.8471395881006863,,,,19,0,54.68939999991562,1.9266000017523768,70.91949999448843,2.224800002295524
SupportRiskOnly_B10,JILONG_EI_0089,140,B10,57;27;217;219;119;128;121;20;174;176;91;49;185;29;156;60;215;88;51,0.1,19,111,19,0.0796762410885895,,False,,,0.8051209103840683,,,,19,0,54.58730000827927,2.1092000097269192,70.47180000517983,2.370300004258752
SupportRiskOnly_B10,JILONG_EI_0089,150,B10,202;74;27;105;4;235;35;119;128;157;177;232;66;155;61;213;29;200;41,0.1,19,111,19,0.1047468814849415,,False,,,0.7904220009483167,,,,19,0,56.14610000338871,1.913400003104471,72.34420000168029,2.521799993701279
SupportRiskOnly_B10,JILONG_EI_0089,160,B10,57;26;217;219;192;121;174;119;20;90;128;156;185;50;88;29;212;161;252,0.1,19,112,19,0.0648130422464028,,False,,,0.800281954887218,,,,19,0,54.42779998702463,1.8270000000484288,70.39059999806341,2.556399995228276
SupportRiskOnly_B10,JILONG_EI_0089,170,B10,58;26;90;217;157;219;121;119;112;35;176;5;13;3;49;185;212;88;155,0.1,19,110,19,0.0609613219900299,,False,,,0.8210526315789475,,,,19,0,54.74049999611452,1.821500001824461,69.81699999596458,2.263000002130866
SupportRiskOnly_B10,JILONG_EI_0089,180,B10,57;10;90;202;157;192;121;119;112;235;20;49;232;51;200;88;212;13;165,0.1,19,110,19,0.0433950272223966,,False,,,0.7913875598086124,,,,19,0,54.61300000024494,1.7762999923434108,69.81390000146348,2.260799999930896
SupportRiskOnly_B10,JILONG_EI_0089,190,B10,58;25;217;105;4;219;174;119;156;128;177;13;35;49;229;91;185;252;100,0.1,19,112,19,0.0622477812406674,,False,,,0.799812030075188,,,,19,0,56.34589999681339,1.781500002834946,69.7916999924928,2.2409999946830794
SupportRiskOnly_B10,JILONG_EI_0089,200,B10,219;57;217;10;4;90;157;192;104;128;35;33;135;29;66;229;185;102;171,0.1,19,111,19,0.0565046595860357,,False,,,0.7880512091038406,,,,19,0,54.974400001810864,2.610200011986308,71.946800002479,4.7341000026790425
SupportRiskOnly_B10,JILONG_EI_0089,210,B10,57;217;105;174;24;4;10;119;235;156;128;49;13;176;229;35;91;185;178,0.1,19,110,19,0.0548812705316599,,False,,,0.7889952153110048,,,,19,0,55.02749999868684,1.9180000090273095,70.37609998951666,2.263999995193444
SupportRiskOnly_B10,JILONG_EI_0089,220,B10,219;74;40;217;104;10;112;158;50;4;156;13;176;106;135;213;252;185;32,0.1,19,111,19,0.0658161741620785,,False,,,0.7643432906590801,,,,19,0,54.642899995087646,1.8623000069055704,70.25989999237936,2.3089000023901463
SupportRiskOnly_B10,JILONG_EI_0089,230,B10,219;57;217;174;90;121;88;119;49;128;10;4;29;156;35;177;229;252;170,0.1,19,112,19,0.0455697559556171,,False,,,0.8143796992481203,,,,19,0,54.20240000239573,1.8065000040223824,69.85819998953957,2.9427999979816377
SupportRiskOnly_B10,JILONG_EI_0089,240,B10,219;13;232;192;201;57;157;121;50;4;88;10;128;135;229;90;155;32;36,0.1,19,111,19,0.0412509284713341,,False,,,0.8018018018018017,,,,19,0,54.76959999941755,1.8395999941276384,69.850600004429,2.28239998978097
SupportRiskOnly_B10,JILONG_EI_0089,250,B10,219;105;217;13;74;174;49;192;35;156;103;4;112;134;10;229;170;45;69,0.1,19,111,19,0.0565429470637333,,False,,,0.7875770507349454,,,,19,0,54.63420000160113,1.7460999952163547,70.50050000543706,2.248099990538321
SupportRiskOnly_B10,JILONG_EI_0089,260,B10,219;217;13;88;4;74;157;49;121;35;176;135;128;155;46;229;10;60;69,0.1,19,111,19,0.0512286451593142,,False,,,0.7695590327169274,,,,19,0,57.7424999937648,1.869500003522262,74.71240000450052,2.869699994334951
SupportRiskOnly_B10,JILONG_EI_0089,270,B10,13;218;232;104;58;158;177;4;156;49;35;10;112;106;170;229;135;46;68,0.1,19,112,19,0.0586487583370982,,False,,,0.781484962406015,,,,19,0,54.40100000123493,1.7978999967454,70.44520000636112,3.0049000051803887
SupportRiskOnly_B10,JILONG_EI_0089,280,B10,202;105;13;233;235;4;58;174;192;50;119;156;91;10;112;229;170;161;36,0.1,19,113,19,0.0448422938793638,,False,,,0.7945971122496507,,,,19,0,54.67489999136888,1.8034000095212832,70.48239999858197,2.2475000005215406
SupportRiskOnly_B10,JILONG_EI_0089,290,B10,13;219;104;217;192;4;157;49;74;35;112;106;135;155;10;60;46;213;185,0.1,19,114,19,0.0538092211561286,,False,,,0.7677746999076639,,,,19,0,54.72349999763537,1.8360999965807423,70.634700008668,2.2335999965434894
SupportRiskOnly_B10,JILONG_EI_0089,300,B10,13;218;119;105;232;174;4;74;50;177;156;112;36;170;10;229;45;87;99,0.1,19,113,19,0.0518412448024749,,False,,,0.7517466231951561,,,,19,0,55.45529999653809,1.7785999953048304,70.38160000229254,2.250699995784089
SupportRiskOnly_B10,JILONG_EI_0089,310,B10,219;13;104;201;233;4;49;84;192;58;158;156;35;112;91;135;10;46;161,0.1,19,113,19,0.0468102702330175,,False,,,0.792268281322776,,,,19,0,54.37370001163799,2.330600007553585,69.85779998649377,2.2234000061871484
SupportRiskOnly_B10,JILONG_EI_0089,320,B10,219;105;29;217;119;157;74;3;84;49;51;112;192;155;60;229;161;5;41,0.1,19,116,19,0.0623549861782205,,False,,,0.7726860254083485,,,,19,0,55.01159999403171,1.9338999991305168,72.12979999894742,2.9555999935837463
SupportRiskOnly_B10,JILONG_EI_0089,330,B10,219;13;104;192;201;174;233;84;57;34;156;66;91;3;10;112;135;36;46,0.1,19,112,19,0.0426599076506038,,False,,,0.8153195488721805,,,,19,0,55.23830000311136,1.8834999937098476,69.82809999317396,2.285800001118332
SupportRiskOnly_B10,JILONG_EI_0089,340,B10,218;105;74;34;174;13;84;119;4;156;176;216;66;128;10;36;46;165;87,0.1,19,114,19,0.0409522861452933,,False,,,0.7843951985226224,,,,19,0,54.43699999887031,1.7714999994495884,69.62829999974929,2.32089999190066
SupportRiskOnly_B10,JILONG_EI_0089,350,B10,13;218;105;157;34;58;103;176;216;91;66;20;135;128;155;46;60;10;213,0.1,19,115,19,0.0609842944766484,,False,,,0.7652173913043478,,,,19,0,54.38779998803511,1.8884000019170344,70.24420000379905,2.566099996329285
SupportRiskOnly_B10,JILONG_EI_0089,360,B10,219;105;217;13;174;74;49;119;35;156;176;4;46;112;229;178;41;165;170,0.1,19,115,19,0.0605248447442779,,False,,,0.765675057208238,,,,19,0,56.00080000294838,1.7692999972496182,69.89690000773408,2.266299998154864
SupportRiskOnly_B10,JILONG_EI_0089,370,B10,235;88;202;192;233;57;34;13;174;4;119;66;156;121;91;112;10;161;60,0.1,19,115,19,0.043777901999372,,False,,,0.8050343249427917,,,,19,0,53.97459999949206,1.7762999923434108,70.05989999743178,2.7306999982101843
SupportRiskOnly_B10,JILONG_EI_0089,380,B10,218;104;13;74;34;157;4;176;216;106;66;155;135;112;72;68;61;212;24,0.1,19,115,19,0.078810944092625,,False,,,0.7437070938215102,,,,19,0,54.84949999663513,2.200800008722581,70.94420000794344,2.349199989112094
SupportRiskOnly_B10,JILONG_EI_0089,390,B10,219;105;217;46;74;34;174;3;119;156;177;13;112;72;213;66;52;60;170,0.1,19,114,19,0.0633734330849752,,False,,,0.7511542012927054,,,,19,0,54.45329999201931,1.888300001155585,70.20679999550339,2.275599996210076
SupportRiskOnly_B10,JILONG_EI_0089,400,B10,219;13;90;201;88;57;34;158;119;233;46;4;176;172;121;206;112;165;60,0.1,19,114,19,0.0408680536943587,,False,,,0.8065558633425669,,,,19,0,56.08159999246709,1.899700000649318,70.07580000208691,2.2364999895216897
SupportRiskOnly_B10,JILONG_EI_0089,410,B10,90;219;13;104;174;217;34;58;192;4;46;156;135;10;72;229;178;102;36,0.1,19,114,19,0.0492070663368838,,False,,,0.7820867959372114,,,,19,0,54.24160000984557,1.822400008677505,70.09239999752026,2.29350000154227
SupportRiskOnly_B10,JILONG_EI_0089,420,B10,105;218;57;157;13;34;46;91;119;3;216;192;171;60;213;165;161;100;128,0.1,19,114,19,0.0600653950119074,,False,,,0.7585410895660202,,,,19,0,54.70649999915622,1.7971000052057209,70.15610000235029,2.237499997136183
SupportRiskOnly_B10,JILONG_EI_0089,430,B10,219;90;13;217;104;34;174;84;4;57;46;156;134;192;206;165;161;66;213,0.1,19,115,19,0.0413734483999663,,False,,,0.7794050343249427,,,,19,0,53.94979999982752,1.789900008589029,69.88160000764765,2.2520999918924645
SupportRiskOnly_B10,JILONG_EI_0089,440,B10,90;219;13;201;88;57;34;158;84;119;3;46;233;156;192;60;121;5;178,0.1,19,115,19,0.0498732684488211,,False,,,0.8091533180778032,,,,19,0,54.42179999954533,1.7941999976756051,69.75469998724293,2.426099992590025
SupportRiskOnly_B10,JILONG_EI_0089,450,B10,105;13;219;57;217;157;35;84;3;49;119;91;192;46;171;165;206;213;161,0.1,19,113,19,0.045899028263816,,False,,,0.7843502561714019,,,,19,0,54.918800000450574,2.5095000019064173,70.89819999237079,2.2243999992497265
SupportRiskOnly_B10,JILONG_EI_0089,460,B10,219;90;13;4;57;201;104;34;174;84;233;46;156;192;135;66;178;36;229,0.1,19,113,19,0.0480048395371809,,False,,,0.7969259431765254,,,,19,0,56.1710000038147,2.307599992491305,69.70799999544397,2.232099999673665
SupportRiskOnly_B10,JILONG_EI_0089,470,B10,219;74;29;106;104;34;4;217;174;176;72;135;60;156;213;66;165;170;41,0.1,19,112,19,0.0708930937047729,,False,,,0.7664473684210527,,,,19,0,55.09389999497216,2.478599999449216,71.09230000060052,2.926300003309734
SupportRiskOnly_B10,JILONG_EI_0089,480,B10,13;218;57;90;3;34;157;88;46;119;121;216;192;171;165;178;36;60;128,0.1,19,111,19,0.0558537724651775,,False,,,0.791370317686107,,,,19,0,54.71229999966454,1.8917000124929475,69.9317999969935,3.257500007748604
SupportRiskOnly_B10,JILONG_EI_0089,490,B10,219;90;13;217;158;88;57;49;35;46;3;156;192;134;165;213;121;102;68,0.1,19,112,19,0.0628756958749071,,False,,,0.7810150375939849,,,,19,0,53.95719999796711,1.8834000075003128,71.9268000102602,3.00470000365749
SupportRiskOnly_B10,JILONG_EI_0089,500,B10,235;90;104;202;174;58;29;34;4;233;72;192;135;156;66;166;213;61;36,0.1,19,110,19,0.0660382415327243,,False,,,0.7770334928229665,,,,19,0,54.97720000857953,1.940599991939962,70.50329999765381,2.684799997950904
SupportRiskOnly_B10,JILONG_EI_0089,510,B10,13;105;218;57;157;46;103;91;3;34;251;192;135;166;232;178;206;213;155,0.1,19,111,19,0.0474917873360338,,False,,,0.7837837837837839,,,,19,0,55.3966000006767,1.7602999869268388,70.41620000381954,2.872400000342168
SupportRiskOnly_B10,JILONG_EI_0089,520,B10,219;90;217;13;104;57;174;3;251;34;176;46;60;147;156;165;134;206;229,0.1,19,111,19,0.0373456057461846,,False,,,0.797534376481745,,,,19,0,55.03540000063367,1.829599990742281,71.13179999578279,2.2182999964570627
SupportRiskOnly_B10,JILONG_EI_0089,530,B10,90;219;57;217;29;103;158;4;49;251;35;213;121;178;192;156;166;128;134,0.1,19,109,19,0.0538475086338262,,False,,,0.7904394012554321,,,,19,0,55.11099999421276,2.5710999907460064,71.07630000973586,2.265100003569387
SupportRiskOnly_B10,JILONG_EI_0089,540,B10,90;13;217;57;3;157;104;34;219;46;192;213;165;171;66;161;128;102;60,0.1,19,109,19,0.0647747547687053,,False,,,0.7783679381941093,,,,19,0,55.372800008626655,2.6569000037852675,70.11259999126196,2.543599999626167
SupportRiskOnly_B10,JILONG_EI_0089,550,B10,219;90;57;201;119;174;88;29;49;233;3;51;213;121;192;156;178;128;10,0.1,19,109,19,0.0544601082769869,,False,,,0.7880251086431675,,,,19,0,56.67940000421368,1.7287000082433224,69.7059999947669,4.112299997359514
SupportRiskOnly_B10,JILONG_EI_0089,560,B10,13;218;74;105;119;34;158;46;3;213;72;192;216;161;171;66;206;165;68,0.1,19,111,19,0.057170861697973,,False,,,0.7728781412991939,,,,19,0,56.80040000879672,2.4938000133261085,69.76389999908861,2.2560000070370734
SupportRiskOnly_B10,JILONG_EI_0089,570,B10,219;90;217;119;58;88;157;3;29;34;176;213;147;60;178;121;5;128;171,0.1,19,112,19,0.0521552021195947,,False,,,0.7828947368421053,,,,19,0,54.60010000388138,1.7463999975007027,70.72600000537932,2.489499995135702
SupportRiskOnly_B10,JILONG_EI_0089,580,B10,219;13;90;217;57;103;46;3;34;174;161;229;165;192;134;156;36;100;170,0.1,19,111,19,0.0552028853443192,,False,,,0.7904220009483168,,,,19,0,54.91039999469649,1.7854000034276396,71.37930000317283,2.30990001000464
SupportRiskOnly_B10,JILONG_EI_0089,590,B10,219;90;217;119;58;3;158;13;84;49;213;88;46;35;178;192;121;128;171,0.1,19,112,19,0.0434333147000941,,False,,,0.81203007518797,,,,19,0,55.30510000244249,2.443599994876422,70.603400003165,2.4150999961420894
SupportRiskOnly_B10,JILONG_EI_0089,600,B10,218;90;57;103;4;157;34;29;213;161;206;192;165;60;66;134;216;155;121,0.1,19,112,19,0.0638175678262667,,False,,,0.7448308270676692,,,,19,0,54.71949999628123,1.8279000069014728,70.4468000039924,2.2215999924810603
SupportRiskOnly_B10,JILONG_EI_0089,610,B10,219;90;3;217;13;104;46;58;174;49;213;161;35;156;5;102;72;165;135,0.1,19,111,19,0.054551998223461,,False,,,0.7913703176861071,,,,19,0,54.04550000093877,1.7954000068129972,70.28909999644384,2.2619999945163727
SupportRiskOnly_B10,JILONG_EI_0089,620,B10,219;105;74;201;3;103;84;233;158;34;14;176;178;213;46;190;60;41;36,0.1,19,111,19,0.075740288381282,,False,,,0.8122332859174964,,,,19,0,54.40779999480583,1.7521999980090186,70.0591000058921,2.2406000061891973
SupportRiskOnly_B10,JILONG_EI_0089,630,B10,219;90;13;57;3;217;157;104;213;34;161;46;165;134;147;171;66;102;100,0.1,19,110,19,0.0606779946550681,,False,,,0.7851674641148325,,,,19,0,54.66480000177398,3.177000005962327,70.30449999729171,2.237799999420531
SupportRiskOnly_B10,JILONG_EI_0089,640,B10,89;13;218;91;174;103;49;4;213;58;46;121;161;51;192;156;165;134;128,0.1,19,111,19,0.0538934536070632,,False,,,0.7989568515884305,,,,19,0,56.563999998616055,1.797299992176704,71.18930001161061,3.177599995979108
SupportRiskOnly_B10,JILONG_EI_0089,650,B10,219;105;13;217;3;74;103;158;213;34;178;176;45;165;206;147;72;134;156,0.1,19,110,19,0.0566348370102074,,False,,,0.7913875598086125,,,,19,0,53.77500000759028,1.8017999973380936,70.64610000816174,2.4735000042710453
SupportRiskOnly_B10,JILONG_EI_0089,660,B10,219;90;58;29;3;217;88;213;174;119;49;161;35;128;60;156;215;10;100,0.1,19,108,19,0.0622018362674303,,False,,,0.7787524366471734,,,,19,0,54.229499990469776,1.8057000124827027,70.03639999311417,2.225799995358102
SupportRiskOnly_B10,JILONG_EI_0089,670,B10,219;90;217;13;3;103;84;57;46;157;213;49;161;134;165;35;190;155;121,0.1,19,110,19,0.0510065777886684,,False,,,0.8023923444976077,,,,19,0,54.40209999505896,1.7765999946277589,69.6660000103293,2.3895000049378723
SupportRiskOnly_B10,JILONG_EI_0089,680,B10,13;219;3;105;74;217;103;213;158;46;34;178;192;36;60;112;166;156;134,0.1,19,112,19,0.0625770535488663,,False,,,0.793703007518797,,,,19,0,56.04739999398589,2.120200006174855,70.83690000581555,2.498699992429465
SupportRiskOnly_B10,JILONG_EI_0089,690,B10,218;57;90;3;13;174;88;161;119;213;5;50;46;166;121;216;112;36;156,0.1,19,112,19,0.0466724353133064,,False,,,0.7951127819548872,,,,19,0,54.245799998170696,1.755399993271567,70.06139999430161,2.189299993915484
SupportRiskOnly_B10,JILONG_EI_0089,700,B10,219;13;89;217;58;3;91;157;103;213;49;161;121;165;134;46;51;171;128,0.1,19,111,19,0.0579672412340819,,False,,,0.790896159317212,,,,19,0,55.061399994883686,2.2115999890957028,71.83450000593439,3.0488000047625974
SupportRiskOnly_B10,JILONG_EI_0089,710,B10,219;13;105;74;3;201;158;213;103;178;233;134;190;34;72;41;165;156;45,0.1,19,110,19,0.0788415740747831,,False,,,0.7985645933014355,,,,19,0,58.11120000726078,1.996599996346049,76.01469999644905,2.6760000037029386
SupportRiskOnly_B10,JILONG_EI_0089,720,B10,219;90;217;57;174;3;104;29;161;213;49;206;35;166;134;102;60;128;170,0.1,19,109,19,0.0636491029243975,,False,,,0.7986479961371318,,,,19,0,55.28919999778736,1.8233000009786335,71.52019999921322,3.0399999959627166
SupportRiskOnly_B10,JILONG_EI_0089,730,B10,219;90;217;4;46;58;13;157;104;213;161;49;165;36;102;134;128;68;155,0.1,19,110,19,0.0659999540550267,,False,,,0.7708133971291866,,,,19,0,54.15669998910744,1.7506999865872783,70.7745999970939,2.73209999431856
SupportRiskOnly_B10,JILONG_EI_0089,740,B10,219;105;3;13;74;217;174;84;103;213;46;178;34;192;5;134;166;60;156,0.1,19,112,19,0.0522853795437664,,False,,,0.8040413533834586,,,,19,0,55.29220000607893,1.8694000027608129,70.44749999477062,2.241199996205978
SupportRiskOnly_B10,JILONG_EI_0089,750,B10,218;89;3;57;13;158;91;103;161;121;213;49;165;232;5;35;100;190;46,0.1,19,110,19,0.0535412088122458,,False,,,0.776555023923445,,,,19,0,54.81529999815393,1.7586999892955646,70.53370001085568,2.8119000053266063
SupportRiskOnly_B10,JILONG_EI_0089,760,B10,219;13;104;106;58;217;174;4;213;161;49;215;165;134;102;156;51;128;46,0.1,19,110,19,0.064093237665689,,False,,,0.7688995215311006,,,,19,0,54.73150000034366,1.8065000040223824,70.88649999059271,2.264399998239241
SupportRiskOnly_B10,JILONG_EI_0089,770,B10,235;90;3;104;157;217;29;58;213;161;190;66;165;34;134;5;36;102;215,0.1,19,110,19,0.0693079921280945,,False,,,0.775598086124402,,,,19,0,55.67850000807084,2.6320000033592805,72.00359999842476,3.006500002811663
SupportRiskOnly_B10,JILONG_EI_0089,780,B10,219;74;105;13;4;217;46;103;174;178;213;50;176;156;206;147;165;134;41,0.1,19,110,19,0.059307302953496,,False,,,0.7928229665071771,,,,19,0,55.92889999388717,2.156299990019761,71.92719999875408,3.2140999974217266
SupportRiskOnly_B10,JILONG_EI_0089,790,B10,219;13;104;3;217;74;158;161;213;165;35;33;134;5;106;46;60;102;128,0.1,19,109,19,0.0602568324003951,,False,,,0.7870593915982615,,,,19,0,54.84870000509545,1.81420000444632,70.4286999971373,2.7584999916143715
SupportRiskOnly_B10,JILONG_EI_0089,800,B10,219;88;3;58;217;90;174;13;121;213;161;49;46;119;156;51;165;100;215,0.1,19,108,19,0.056703754470063,,False,,,0.7816764132553606,,,,19,0,54.1938999958802,2.256599997053854,69.61210000736173,2.2366999910445884
SupportRiskOnly_B10,JILONG_EI_0089,810,B10,219;3;74;104;201;157;232;29;161;213;50;72;192;135;190;102;36;165;60,0.1,19,109,19,0.0725854002190043,,False,,,0.7619507484307098,,,,19,0,54.19860000256449,1.759699996910058,70.45729999663308,2.2419000015361235
SupportRiskOnly_B10,JILONG_EI_0089,820,B10,219;4;58;217;90;103;13;174;46;251;213;178;49;121;176;156;165;35;134,0.1,19,107,19,0.0487705890911318,,False,,,0.8125922282341368,,,,19,0,54.3951999861747,2.4979000008897856,70.69360000605229,2.2462000051746145
SupportRiskOnly_B10,JILONG_EI_0089,830,B10,218;89;57;3;13;174;232;251;103;161;213;5;34;121;91;165;66;46;134,0.1,19,107,19,0.0439310519101622,,False,,,0.8047220855878012,,,,19,0,55.15699999523349,2.753900000243448,71.95260000298731,3.039400005945936
SupportRiskOnly_B10,JILONG_EI_0089,840,B10,219;104;58;3;217;90;174;213;14;161;34;128;5;156;166;215;102;185;100,0.1,19,107,19,0.0643459350184928,,False,,,0.778652238071815,,,,19,0,54.64940000092611,1.8256999901495876,70.4258000041591,2.4313999892910942
SupportRiskOnly_B10,JILONG_EI_0089,850,B10,219;105;74;4;217;158;190;103;161;29;33;213;35;165;134;60;66;156;128,0.1,19,106,19,0.0674089332342963,,False,,,0.7919563058589872,,,,19,0,55.31659998814576,1.7638000135775656,70.32379999873228,2.2544999956153333
SupportRiskOnly_B10,JILONG_EI_0089,860,B10,219;13;74;3;104;233;174;33;201;178;46;213;206;5;171;35;135;41;165,0.1,19,107,19,0.0645603448935991,,False,,,0.7914412198721101,,,,19,0,54.93569999816828,1.760999992256984,69.63899999391288,2.242000002297573
SupportRiskOnly_B10,JILONG_EI_0089,870,B10,218;104;3;90;58;232;13;157;33;161;213;46;190;35;66;102;135;10;170,0.1,19,107,19,0.0634423505448308,,False,,,0.7766847024102311,,,,19,0,54.56950000370853,1.755999997840263,69.80040000053123,2.220899987150915
SupportRiskOnly_B10,JILONG_EI_0089,880,B10,219;217;4;104;57;90;174;33;29;213;156;177;165;134;36;60;215;100;66,0.1,19,106,19,0.0686724199983153,,False,,,0.7701092353525323,,,,19,0,55.53700000746176,1.815000010537915,72.42890000634361,3.324800010886974
SupportRiskOnly_B10,JILONG_EI_0089,890,B10,219;104;217;3;74;158;33;5;161;13;46;213;190;156;128;165;51;134;102,0.1,19,106,19,0.0630747907589343,,False,,,0.7646474677259186,,,,19,0,54.69750000338536,1.710199998342432,71.36699999682605,2.4738999927649274
SupportRiskOnly_B10,JILONG_EI_0089,900,B10,219;103;232;121;74;3;174;49;178;201;13;213;176;35;206;165;156;134;128,0.1,19,106,19,0.0569947393005643,,False,,,0.782025819265144,,,,19,0,54.16999998851679,1.7212999955518171,70.04849999793805,2.245700001367368
SupportRiskOnly_B10,JILONG_EI_0089,910,B10,235;13;217;104;74;4;161;46;158;49;190;213;60;171;135;166;35;215;99,0.1,19,106,19,0.0649738496527325,,False,,,0.7631578947368421,,,,19,0,54.01539999002125,1.743100001476705,70.19850000506267,2.3573000071337447
SupportRiskOnly_B10,JILONG_EI_0089,920,B10,219;88;58;217;13;174;3;90;121;49;213;161;5;119;156;165;36;46;99,0.1,19,106,19,0.0458071383173419,,False,,,0.7760675273088381,,,,19,0,54.55060000531376,2.158499992219731,70.12749998830259,2.368199988268316
SupportRiskOnly_B10,JILONG_EI_0089,930,B10,218;104;232;57;29;157;90;4;178;34;229;190;134;165;128;171;176;61;36,0.1,19,107,19,0.0705255339188764,,False,,,0.7530742744712247,,,,19,0,55.06379999860656,1.8276000046171248,70.17700000142213,2.2604000114370137
SupportRiskOnly_B10,JILONG_EI_0089,940,B10,219;217;105;13;74;174;103;3;49;5;161;46;156;213;128;72;35;165;100,0.1,19,105,19,0.0523466395080824,,False,,,0.7904761904761903,,,,19,0,54.83090000052471,1.8343999981880188,70.18320000497624,2.2009999956935644
SupportRiskOnly_B10,JILONG_EI_0089,950,B10,219;232;104;58;13;158;90;4;49;201;190;128;192;46;156;161;213;60;134,0.1,19,105,19,0.0573240116087632,,False,,,0.7994987468671678,,,,19,0,56.2699000001885,2.437999995891005,70.13259999803267,2.880799991544336
SupportRiskOnly_B10,JILONG_EI_0089,960,B10,219;232;74;104;13;3;174;49;5;128;156;201;161;165;229;46;102;51;100,0.1,19,106,19,0.0621558912941933,,False,,,0.7676266137040715,,,,19,0,56.61919999693055,1.840600001742132,70.41309999476653,2.199599999585189
SupportRiskOnly_B10,JILONG_EI_0089,970,B10,217;219;103;89;58;121;4;29;91;157;49;190;178;213;134;215;35;60;171,0.1,19,105,19,0.0720187455490807,,False,,,0.7739348370927318,,,,19,0,55.163299999549054,1.7616999975871297,71.59029999456834,2.262099995277822
SupportRiskOnly_B10,JILONG_EI_0089,980,B10,219;232;13;104;74;174;49;3;161;201;156;128;134;46;165;36;213;5;68,0.1,19,106,19,0.0621558912941933,,False,,,0.7651439920556108,,,,19,0,55.3174999949988,2.291600001626648,70.95950000802986,2.284399990458041
SupportRiskOnly_B10,JILONG_EI_0089,990,B10,219;232;13;105;57;3;103;158;190;49;161;5;156;201;91;128;134;46;165,0.1,19,108,19,0.0524385294545565,,False,,,0.7884990253411307,,,,19,0,56.295000002137385,1.8463000014889983,71.46029999421444,2.2982000082265586
SupportRiskOnly_B10,JILONG_EI_0089,1000,B10,219;217;88;90;174;58;121;29;3;206;49;178;119;156;5;186;35;128;100,0.1,19,109,19,0.0403703164842906,,False,,,0.7928536938676968,,,,19,0,55.3282000037143,1.8140000029234216,70.43089999933727,3.257900010794401
SupportRiskOnly_B10,JILONG_EI_0089,1010,B10,218;104;74;216;13;3;174;34;161;46;128;66;156;165;186;134;60;52;213,0.1,19,108,19,0.0657549141977624,,False,,,0.746588693957115,,,,19,0,54.91489999985788,1.8281000084243717,71.22090000484604,2.6455000042915344
SupportRiskOnly_B10,JILONG_EI_0089,1020,B10,219;217;90;13;84;57;104;190;3;158;34;128;5;177;156;147;134;215;102,0.1,19,108,19,0.0525457343921097,,False,,,0.7962962962962963,,,,19,0,55.0533999921754,1.921500006574206,70.69760000740644,2.578500003437512
SupportRiskOnly_B10,JILONG_EI_0089,1030,B10,219;217;74;121;84;103;174;13;4;161;49;128;46;72;51;60;156;229;41,0.1,19,108,19,0.0649968221393511,,False,,,0.7758284600389864,,,,19,0,54.73629999323748,1.8115999992005527,70.7955999969272,2.556799998274073
SupportRiskOnly_B10,JILONG_EI_0089,1040,B10,235;232;105;202;74;84;4;174;29;178;103;49;165;35;176;170;61;213;156,0.1,19,107,19,0.0812536851697283,,False,,,0.76586325627152,,,,19,0,54.55880000954494,1.9158000068273395,70.8706000004895,2.3830999998608604
SupportRiskOnly_B10,JILONG_EI_0089,1050,B10,219;217;104;13;84;74;3;157;46;190;49;5;161;134;36;128;171;166;44,0.1,19,108,19,0.065372039420787,,False,,,0.7733918128654971,,,,19,0,54.92989999765996,2.214700012700632,70.91579999541864,2.325099994777702
SupportRiskOnly_B10,JILONG_EI_0089,1060,B10,219;217;74;105;13;174;5;3;206;103;34;156;161;128;215;60;170;213;66,0.1,19,107,19,0.0685499000696832,,False,,,0.7648794884407281,,,,19,0,54.27140000392683,2.287299997988157,70.97929999872576,2.29060000856407
SupportRiskOnly_B10,JILONG_EI_0089,1070,B10,219;217;58;104;13;158;46;4;190;49;90;156;35;161;165;134;185;102;23,0.1,19,106,19,0.0581969661002672,,False,,,0.7586891757696127,,,,19,0,55.31800001335796,1.7749999969964847,69.80539999494795,2.360299986321479
SupportRiskOnly_B10,JILONG_EI_0089,1080,B10,219;217;90;13;104;57;174;3;5;34;178;134;156;128;213;165;147;215;100,0.1,19,106,19,0.0527524867716764,,False,,,0.7408142999006951,,,,19,0,54.412600002251565,1.7896000063046813,72.39330001175404,2.787999997963197
SupportRiskOnly_B10,JILONG_EI_0089,1090,B10,219;232;74;104;13;84;201;174;3;49;161;35;135;156;60;179;206;147;72,0.1,19,110,19,0.064468454947125,,False,,,0.755023923444976,,,,19,0,54.37969999911729,1.8029999919235704,70.85139999981038,2.246399992145598
SupportRiskOnly_B10,JILONG_EI_0089,1100,B10,232;218;13;74;121;88;174;4;177;119;156;50;36;128;46;206;41;44;213,0.1,19,109,19,0.0788415740747831,,False,,,0.7411878319652342,,,,19,0,54.58270000235643,1.7619999998714777,70.42920000094455,2.222699986305088
SupportRiskOnly_B10,JILONG_EI_0089,1110,B10,219;232;89;57;103;29;174;3;5;201;121;49;161;35;91;134;156;61;165,0.1,19,107,19,0.0738795169651813,,False,,,0.764387604525332,,,,19,0,54.35619999479968,1.7813000013120472,69.7407999978168,2.619799997773953
SupportRiskOnly_B10,JILONG_EI_0089,1120,B10,217;219;104;74;13;84;190;158;4;46;50;178;134;60;171;215;176;166;52,0.1,19,108,19,0.0590852355828502,,False,,,0.7582846003898636,,,,19,0,54.15539999376051,1.7960999975912273,70.6036000046879,2.418999996734783
SupportRiskOnly_B10,JILONG_EI_0089,1130,B10,232;219;104;58;84;90;3;13;157;5;50;161;201;206;72;135;128;46;36,0.1,19,108,19,0.0399568117251571,,False,,,0.7772904483430798,,,,19,0,54.06619999848772,1.9086999964201825,70.38080001075286,2.283300011185929
SupportRiskOnly_B10,JILONG_EI_0089,1140,B10,235;217;84;105;13;74;174;103;203;4;156;49;35;177;229;170;165;144;147,0.1,19,107,19,0.0526835693118208,,False,,,0.7712739793408755,,,,19,0,54.55300000903662,2.21649999730289,70.52919999114238,2.234999992651865
SupportRiskOnly_B10,JILONG_EI_0089,1150,B10,219;13;232;104;58;84;90;5;161;158;201;190;34;3;156;134;60;66;46,0.1,19,108,19,0.0525840218698072,,False,,,0.8011695906432749,,,,19,0,55.33920000016224,2.520500012906268,70.90449999668635,2.294399993843399
SupportRiskOnly_B10,JILONG_EI_0089,1160,B10,232;218;121;88;74;84;29;190;178;49;4;119;51;158;165;186;156;61;10,0.1,19,107,19,0.0714291183925385,,False,,,0.7899655681259222,,,,19,0,54.43569998897146,1.8057999986922368,70.75600000098348,2.28390000120271
SupportRiskOnly_B10,JILONG_EI_0089,1170,B10,219;217;104;84;58;174;13;5;49;161;106;19;156;46;186;128;135;165;102,0.1,19,108,19,0.0434486296911732,,False,,,0.7889863547758286,,,,19,0,55.240000001504086,2.045500004896894,71.53990000369959,2.5239999959012493
SupportRiskOnly_B10,JILONG_EI_0089,1180,B10,232;219;105;84;58;103;14;174;177;201;35;49;3;134;156;91;5;60;46,0.1,19,106,19,0.0539240835892213,,False,,,0.7859980139026813,,,,19,0,55.00159999064636,2.3000000073807314,71.04599999729544,2.3560000117868185
SupportRiskOnly_B10,JILONG_EI_0089,1190,B10,219;104;13;232;74;190;3;106;157;36;50;46;161;134;100;165;201;171;5,0.1,19,106,19,0.0524997894188726,,False,,,0.7780536246276067,,,,19,0,56.028200007858686,1.8591999978525564,70.77060001029167,2.304699999513105
SupportRiskOnly_B10,JILONG_EI_0089,1200,B10,219;232;104;90;58;174;3;29;156;178;49;5;72;51;229;135;100;165;61,0.1,19,105,19,0.0703723840080863,,False,,,0.7588972431077694,,,,19,0,55.070499991416,1.8592999986140055,70.28899999568239,2.2052999993320554
SupportRiskOnly_B10,JILONG_EI_0089,1210,B10,217;219;105;57;103;13;158;4;161;35;49;190;156;134;44;215;229;75;128,0.1,19,105,19,0.0762992855556661,,False,,,0.7588972431077693,,,,19,0,54.90229999122676,1.8256999901495876,71.56310000573285,2.254399994853884
SupportRiskOnly_B10,JILONG_EI_0089,1220,B10,232;235;74;104;13;202;174;3;46;177;5;106;147;35;60;134;49;156;229,0.1,19,105,19,0.0457075908753283,,False,,,0.7994987468671678,,,,19,0,55.16899999929592,1.7996000096900389,70.22489998780657,2.277300009154714
SupportRiskOnly_B10,JILONG_EI_0089,1230,B10,217;219;104;58;90;13;3;190;158;161;135;100;5;36;33;156;213;199;165,0.1,19,104,19,0.054115520977709,,False,,,0.7586032388663968,,,,19,0,55.17669999971986,1.7573999939486384,70.01019999734126,2.3001000081421807
SupportRiskOnly_B10,JILONG_EI_0089,1240,B10,232;104;218;90;29;5;174;58;2;178;134;156;49;61;35;229;170;128;147,0.1,19,103,19,0.0688944873689611,,False,,,0.7434849259070005,,,,19,0,54.795599993667565,1.7774000007193536,70.40460000280291,2.229499994427897
SupportRiskOnly_B10,JILONG_EI_0089,1250,B10,219;232;104;90;201;3;13;158;46;57;177;190;156;134;34;36;229;5;60,0.1,19,104,19,0.0573393265998422,,False,,,0.7722672064777327,,,,19,0,55.00839999876917,2.501099996152334,70.75650000479072,2.268099997309037
SupportRiskOnly_B10,JILONG_EI_0089,1260,B10,219;232;121;88;13;74;3;157;161;119;35;49;190;171;201;41;165;229;5,0.1,19,109,19,0.0632815431385011,,False,,,0.7807822308063737,,,,19,0,54.64969998865854,1.785500004189089,70.51240000873804,2.318600003491156
SupportRiskOnly_B10,JILONG_EI_0089,1270,B10,217;219;104;58;174;13;4;134;106;178;156;36;66;34;46;166;68;23;10,0.1,19,108,19,0.0497124610424914,,False,,,0.7514619883040935,,,,19,0,54.3074000015622,1.7740999901434409,71.13260000187438,2.3741999902995303
SupportRiskOnly_B10,JILONG_EI_0089,1280,B10,232;103;235;84;203;105;74;29;158;2;5;177;134;34;201;147;165;190;156,0.1,19,110,19,0.0520403396865021,,False,,,0.8129186602870814,,,,19,0,54.40219999582041,2.177499991375953,70.2610000007553,2.246600008220412
SupportRiskOnly_B10,JILONG_EI_0089,1290,B10,219;217;13;104;84;106;57;206;3;161;158;46;34;5;135;156;60;229;179,0.1,19,110,19,0.0615126616688745,,False,,,0.8038277511961722,,,,19,0,54.1261000034865,1.7691999964881688,69.99760000326205,2.2266000014496967
SupportRiskOnly_B10,JILONG_EI_0089,1300,B10,219;232;88;121;74;13;177;174;119;20;34;100;201;156;61;112;213;165;10,0.1,19,110,19,0.0745457190771186,,False,,,0.7564593301435407,,,,19,0,54.56899999990128,1.8853999936254693,70.12950000353158,2.223299990873784
SupportRiskOnly_B10,JILONG_EI_0089,1310,B10,217;104;235;58;90;203;29;158;178;34;36;190;72;134;3;156;128;176;5,0.1,19,108,19,0.045914343254895,,False,,,0.7865497076023392,,,,19,0,55.92490000708494,1.895699999295175,70.19679999211803,2.271299992571585
SupportRiskOnly_B10,JILONG_EI_0089,1320,B10,232;104;202;106;235;57;3;49;35;174;14;161;46;5;165;156;44;134;229,0.1,19,110,19,0.063641445428858,,False,,,0.7904306220095694,,,,19,0,54.47920000005979,3.1353999947896227,70.22359999245964,2.3249000078067183
SupportRiskOnly_B10,JILONG_EI_0089,1330,B10,219;217;90;104;58;186;158;2;72;190;49;134;156;29;177;20;51;60;215,0.1,19,111,19,0.0617194140484413,,False,,,0.7980085348506402,,,,19,0,55.583300010766834,2.607499991427176,71.75990000541788,2.3280000023078173
SupportRiskOnly_B10,JILONG_EI_0089,1340,B10,219;217;13;121;103;3;74;186;174;49;156;206;178;46;36;229;165;5;135,0.1,19,109,19,0.0494214762119901,,False,,,0.7807822308063738,,,,19,0,54.84910000814125,1.7736000008881092,70.08610000775661,2.3991000052774325
SupportRiskOnly_B10,JILONG_EI_0089,1350,B10,232;104;218;13;106;58;4;174;2;161;33;156;35;10;68;229;185;166;100,0.1,19,110,19,0.0517799848381588,,False,,,0.7698564593301435,,,,19,0,54.396399995312095,1.6909999976633117,70.46550000086427,2.5170000008074567
SupportRiskOnly_B10,JILONG_EI_0089,1360,B10,217;219;104;106;29;74;158;3;177;186;134;49;156;166;36;213;61;41;5,0.1,19,110,19,0.0860472773774609,,False,,,0.7722488038277513,,,,19,0,54.34209998929873,1.7777000030037016,70.0520999962464,2.931499999249354
SupportRiskOnly_B10,JILONG_EI_0089,1370,B10,219;216;89;13;103;3;121;174;57;178;135;171;46;166;34;91;252;60;52,0.1,19,110,19,0.0578983237742264,,False,,,0.7894736842105263,,,,19,0,53.904500004136935,1.8020999996224416,69.891600011033,2.277700012200512
SupportRiskOnly_B10,JILONG_EI_0089,1380,B10,232;104;203;13;235;106;57;201;157;161;3;134;49;36;190;147;165;102;229,0.1,19,108,19,0.0582582260645833,,False,,,0.8011695906432749,,,,19,0,54.29040000308305,1.7542999994475394,70.60679999995045,2.4886000028345734
SupportRiskOnly_B10,JILONG_EI_0089,1390,B10,217;104;13;90;219;58;156;174;3;186;134;178;10;33;35;46;66;229;44,0.1,19,109,19,0.0632585706518825,,False,,,0.7880251086431675,,,,19,0,54.117899999255314,1.82679999852553,70.7098999992013,2.778199996100738
SupportRiskOnly_B10,JILONG_EI_0089,1400,B10,219;105;217;29;74;158;103;4;49;190;186;177;156;229;135;23;166;133;36,0.1,19,109,19,0.0688408849001845,,False,,,0.7769193626267504,,,,19,0,54.77869999594986,1.7340999911539257,69.80779999867082,2.696199997444637
SupportRiskOnly_B10,JILONG_EI_0089,1410,B10,219;104;13;216;106;57;174;186;3;46;134;75;161;165;156;36;229;49;68,0.1,19,107,19,0.0525763643742677,,False,,,0.7875061485489423,,,,19,0,54.5918999996502,1.821199999540113,70.08480001240969,2.2729000047547743
SupportRiskOnly_B10,JILONG_EI_0089,1420,B10,232;121;88;235;2;13;202;90;58;20;158;119;156;166;60;178;229;50;170,0.1,19,107,19,0.0565965495325099,,False,,,0.8061977373339891,,,,19,0,54.084099989268,1.8188999965786932,70.15780000074301,2.4074999964796007
SupportRiskOnly_B10,JILONG_EI_0089,1430,B10,217;104;219;58;3;174;29;186;50;134;106;177;156;36;166;229;61;10;206,0.1,19,107,19,0.061083841918662,,False,,,0.7727496310870634,,,,19,0,54.3183000118006,1.817500000470318,70.15259999025147,2.595600002678111
SupportRiskOnly_B10,JILONG_EI_0089,1440,B10,232;121;103;57;13;202;89;235;135;2;192;161;190;157;4;49;36;171;91,0.1,19,107,19,0.047629622255745,,False,,,0.8263649778652238,,,,19,0,55.56770000839606,1.832299996749498,73.2589000108419,2.427200000965968
SupportRiskOnly_B10,JILONG_EI_0099,10,B10,78;219;57;106;84;217;4;128;13;50;119;251;10;156;158;177;213;206;170,0.1,19,115,19,0.0700201392132689,,False,,,0.8379862700228834,,,,19,0,54.34999999124557,1.936899992870167,72.34169999719597,3.205599990906194
SupportRiskOnly_B10,JILONG_EI_0099,20,B10,57;219;217;106;13;4;84;128;50;251;104;77;10;134;157;155;178;102;46,0.1,19,114,19,0.06189553644585,,False,,,0.8384118190212372,,,,19,0,55.41660000744741,2.6122999988729134,70.10269998863805,3.15950000367593
SupportRiskOnly_B10,JILONG_EI_0099,30,B10,58;219;77;217;90;112;4;251;49;29;119;35;84;157;10;121;178;185;192,0.1,19,116,19,0.0585415533995451,,False,,,0.8366606170598911,,,,19,0,56.72940000658855,1.8691000004764649,70.85920000099577,2.780700000585057
SupportRiskOnly_B10,JILONG_EI_0099,40,B10,219;58;217;77;4;105;119;112;66;33;13;192;251;35;158;10;156;100;91,0.1,19,115,19,0.0562213322510739,,False,,,0.8448512585812358,,,,19,0,56.15140000008978,2.6248999929521237,71.01680000778288,2.2473999997600917
SupportRiskOnly_B10,JILONG_EI_0099,50,B10,74;219;61;13;4;217;119;112;50;106;156;174;68;177;10;213;133;206;215,0.1,19,113,19,0.0891332480798829,,False,,,0.7922682813227759,,,,19,0,54.84979999891948,1.8433000077493489,71.6104000021005,2.9433000017888844
SupportRiskOnly_B10,JILONG_EI_0099,60,B10,57;235;61;232;201;50;4;90;29;84;104;156;203;112;213;134;158;179;36,0.1,19,114,19,0.088275608579458,,False,,,0.8333333333333333,,,,19,0,54.33529999572784,2.467800004524179,70.2441000030376,2.2104999952716757
SupportRiskOnly_B10,JILONG_EI_0099,70,B10,57;60;219;217;49;105;156;119;112;215;4;46;51;91;186;69;174;13;229,0.1,19,112,19,0.0558384574740985,,False,,,0.7951127819548872,,,,19,0,55.98850001115352,1.7989000043598935,70.0768000097014,2.9993999924045056
SupportRiskOnly_B10,JILONG_EI_0099,80,B10,44;58;219;232;201;106;128;13;50;104;156;20;135;174;52;178;214;252;99,0.1,19,115,19,0.0781217694940692,,False,,,0.7954233409610985,,,,19,0,55.3135999944061,1.7643999890424311,71.52289999066852,2.345499990042299
SupportRiskOnly_B10,JILONG_EI_0099,90,B10,44;57;219;128;217;186;106;33;119;156;214;20;66;176;174;88;252;165;68,0.1,19,113,19,0.070173289124059,,False,,,0.7834187238006521,,,,19,0,55.57450000196695,1.8445000023348257,72.39869999466464,3.7368000048445538
SupportRiskOnly_B10,JILONG_EI_0099,100,B10,28;57;128;219;217;106;119;156;61;34;3;5;176;174;186;88;215;252;66,0.1,19,112,19,0.0708394912359963,,False,,,0.7838345864661654,,,,19,0,55.49080000491813,1.8928000063169748,71.10519999696407,2.3797000030754134
SupportRiskOnly_B10,JILONG_EI_0099,110,B10,58;219;128;28;217;104;90;4;156;49;206;176;35;158;102;252;134;185;60,0.1,19,110,19,0.0713065984639064,,False,,,0.7789473684210527,,,,19,0,54.606799996690825,1.7866999987745658,69.94739999936428,2.230400001280941
SupportRiskOnly_B10,JILONG_EI_0099,120,B10,57;13;219;128;232;201;27;121;156;20;91;252;103;176;50;174;135;61;213,0.1,19,111,19,0.0890490156289484,,False,,,0.817923186344239,,,,19,0,54.85939999925904,2.9137999954400584,69.67520000762306,2.2641000105068088
SupportRiskOnly_B10,JILONG_EI_0099,130,B10,58;219;27;128;232;201;29;121;252;91;156;176;119;19;50;88;61;190;212,0.1,19,111,19,0.07748619736429,,False,,,0.8098624940730205,,,,19,0,54.64360000041779,1.859399999375455,71.57490000827238,3.065199998673052
SupportRiskOnly_B10,JILONG_EI_0099,140,B10,57;219;27;128;217;120;13;156;252;176;212;34;90;174;88;134;4;66;52,0.1,19,108,19,0.0590086606274551,,False,,,0.7899610136452242,,,,19,0,54.08500001067296,1.7542999994475394,70.54829999106005,2.4839999969117343
SupportRiskOnly_B10,JILONG_EI_0099,150,B10,219;57;27;128;201;120;90;232;29;156;252;177;174;35;212;49;4;88;165,0.1,19,107,19,0.0673706457565988,,False,,,0.8091490408263651,,,,19,0,54.87750000611413,1.8100000015692783,70.71929999801796,2.2764000023016706
SupportRiskOnly_B10,JILONG_EI_0099,160,B10,57;219;26;128;105;217;13;156;135;33;158;176;212;51;91;4;103;178;45,0.1,19,107,19,0.080043800874486,,False,,,0.7855386128873585,,,,19,0,56.60180000995752,1.8009999912464991,70.49840000399854,2.271399993333034
SupportRiskOnly_B10,JILONG_EI_0099,170,B10,58;202;235;26;90;128;121;176;232;156;29;35;174;135;213;4;88;200;49,0.1,19,107,19,0.0655864492958932,,False,,,0.8076733890801772,,,,19,0,54.29219998768531,1.8103999900631609,70.33760000194889,2.2576999908778816
SupportRiskOnly_B10,JILONG_EI_0099,180,B10,57;90;219;10;217;128;192;121;157;13;33;20;119;155;88;45;185;165;252,0.1,19,108,19,0.0436630395662794,,False,,,0.8001949317738792,,,,19,0,54.66270000033546,1.9661999976960944,70.33659999433439,2.5209000014001504
SupportRiskOnly_B10,JILONG_EI_0099,190,B10,57;25;202;235;90;128;157;13;120;232;176;33;200;20;155;60;134;71;66,0.1,19,107,19,0.0805874830577911,,False,,,0.8007870142646335,,,,19,0,54.659200002788566,2.6910000015050173,70.32579999940936,2.3207999911392108
SupportRiskOnly_B10,JILONG_EI_0099,200,B10,57;217;219;25;90;13;128;174;104;156;176;34;4;135;252;229;102;165;170,0.1,19,108,19,0.0667503886178986,,False,,,0.7821637426900585,,,,19,0,54.46900000970345,1.9601000094553456,70.34530000237282,2.223000003141351
SupportRiskOnly_B10,JILONG_EI_0099,210,B10,58;219;217;10;90;13;128;157;176;121;33;40;119;35;252;190;213;88;60,0.1,19,109,19,0.0649125896884165,,False,,,0.7947851279575083,,,,19,0,54.800699988845736,1.7567999893799424,70.71020000148565,2.2265000006882474
SupportRiskOnly_B10,JILONG_EI_0099,220,B10,219;74;217;13;40;105;128;176;157;10;33;119;252;20;185;212;155;69;206,0.1,19,108,19,0.0665666087249504,,False,,,0.7694931773879143,,,,19,0,54.04649999400135,1.7685999919194728,69.5519000000786,3.470800002105534
SupportRiskOnly_B10,JILONG_EI_0099,230,B10,57;219;217;13;90;174;128;104;49;176;156;135;10;35;165;3;206;69;170,0.1,19,108,19,0.0475760197869684,,False,,,0.7738791423001948,,,,19,0,54.607399986707605,1.7556000093463808,70.27999999991152,2.228500001365319
SupportRiskOnly_B10,JILONG_EI_0099,240,B10,219;57;13;217;90;128;104;49;176;157;4;135;10;171;23;206;35;196;61,0.1,19,109,19,0.0683201752034979,,False,,,0.75374215354901,,,,19,0,55.32369999855291,2.1546000061789528,71.08910000533797,2.3927000002004206
SupportRiskOnly_B10,JILONG_EI_0099,250,B10,58;219;217;90;13;128;49;157;88;176;121;135;206;10;20;23;170;196;229,0.1,19,108,19,0.0525993368608862,,False,,,0.7641325536062379,,,,19,0,55.76620000647381,1.845200007664971,72.768800004269,2.9609000048367307
SupportRiskOnly_B10,JILONG_EI_0099,260,B10,219;13;57;105;233;201;174;128;156;50;192;46;135;91;103;10;161;23;206,0.1,19,109,19,0.0439923118744783,,False,,,0.7807822308063738,,,,19,0,57.35350000031758,1.7560999986017125,71.39080000342801,3.0069999920669943
SupportRiskOnly_B10,JILONG_EI_0099,270,B10,13;58;219;105;217;128;157;33;192;35;10;66;135;91;61;103;213;23;185,0.1,19,108,19,0.0719881155669226,,False,,,0.7582846003898636,,,,19,0,55.33420000574552,1.807699998607859,71.29150000400841,2.893299999414012
SupportRiskOnly_B10,JILONG_EI_0099,280,B10,13;219;74;217;105;112;158;156;49;192;35;103;46;23;41;135;161;229;170,0.1,19,110,19,0.0679679304086805,,False,,,0.7464114832535886,,,,19,0,55.19319999439176,1.796299999114126,70.5617999919923,2.21869999950286
SupportRiskOnly_B10,JILONG_EI_0099,290,B10,13;219;57;217;88;90;192;157;128;49;120;35;61;23;10;99;229;4;165,0.1,19,111,19,0.0558001699964009,,False,,,0.7700331910858227,,,,19,0,55.125299986684695,1.789200003258884,69.9319999985164,2.200100003392436
SupportRiskOnly_B10,JILONG_EI_0099,300,B10,235;13;202;233;58;105;174;112;34;177;156;200;46;91;10;66;103;135;20,0.1,19,108,19,0.0481273594658131,,False,,,0.780214424951267,,,,19,0,54.21270000806544,2.078799996525049,70.01890000537969,2.1832000056747347
SupportRiskOnly_B10,JILONG_EI_0099,310,B10,13;217;57;89;219;192;119;157;34;128;121;61;4;23;91;66;87;10;171,0.1,19,108,19,0.0559762923938096,,False,,,0.7563352826510721,,,,19,0,55.67820000578649,1.7848000134108588,72.43020000169054,2.572700002929196
SupportRiskOnly_B10,JILONG_EI_0099,320,B10,13;219;119;217;88;74;192;106;49;158;35;172;46;128;4;23;178;60;213,0.1,19,108,19,0.0491917513458048,,False,,,0.776803118908382,,,,19,0,54.0327999915462,1.7528000025777146,70.59979999030475,2.2419000015361235
SupportRiskOnly_B10,JILONG_EI_0099,330,B10,13;217;57;104;90;235;49;157;192;51;61;128;10;20;206;135;161;170;165,0.1,19,108,19,0.0733128622952577,,False,,,0.7324561403508772,,,,19,0,53.97959999390878,1.7407999985152856,71.54410000657663,3.915799999958836
SupportRiskOnly_B10,JILONG_EI_0099,340,B10,218;58;13;119;90;232;192;88;174;46;33;156;35;121;200;66;112;68;4,0.1,19,105,19,0.0411513810293205,,False,,,0.7809523809523808,,,,19,0,54.17489999672398,1.7460999952163547,70.78150000597816,2.3025000118650496
SupportRiskOnly_B10,JILONG_EI_0099,350,B10,219;13;217;119;57;105;34;157;46;192;91;87;112;66;23;10;171;60;213,0.1,19,104,19,0.0489926564617776,,False,,,0.7419028340080972,,,,19,0,55.71869999403134,1.7633000097703189,71.03320000169333,2.2646999859716743
SupportRiskOnly_B10,JILONG_EI_0099,360,B10,13;119;218;90;57;88;158;49;46;216;35;192;156;3;213;93;10;121;165,0.1,19,105,19,0.0510065777886684,,False,,,0.7629072681704261,,,,19,0,55.55319999984931,1.8112999969162047,70.41420000314247,3.264999992097728
SupportRiskOnly_B10,JILONG_EI_0099,370,B10,119;217;13;90;192;57;219;174;34;88;46;156;4;66;128;23;121;161;36,0.1,19,107,19,0.0373302907551056,,False,,,0.7653713723561238,,,,19,0,54.92169999342877,1.8731999880401415,70.86350000463426,2.3160999990068376
SupportRiskOnly_B10,JILONG_EI_0099,380,B10,13;105;218;57;119;157;34;232;4;46;192;200;112;66;91;213;155;178;60,0.1,19,106,19,0.0545596557190005,,False,,,0.7348560079443892,,,,19,0,56.48729999666102,1.7963999998755753,70.18670000252314,2.2698000102536757
SupportRiskOnly_B10,JILONG_EI_0099,390,B10,13;90;217;119;58;235;192;88;35;46;174;4;49;172;112;213;186;241;10,0.1,19,105,19,0.0388694473585469,,False,,,0.7789473684210526,,,,19,0,53.96319999999832,1.82170000334736,70.16629999270663,2.2391999955289066
SupportRiskOnly_B10,JILONG_EI_0099,400,B10,105;13;217;57;192;219;34;119;158;46;3;206;112;156;66;5;213;44;161,0.1,19,106,19,0.0660765290104218,,False,,,0.7606752730883813,,,,19,0,56.02199998975266,1.711100005195476,70.58020000113174,2.2664999996777624
SupportRiskOnly_B10,JILONG_EI_0099,410,B10,58;217;29;104;90;192;219;34;157;3;72;66;135;61;112;102;178;229;170,0.1,19,102,19,0.0779686195832791,,False,,,0.7476780185758514,,,,19,0,54.778000005171634,2.1643999934894964,70.26740000583231,2.2529999987455085
SupportRiskOnly_B10,JILONG_EI_0099,420,B10,13;105;201;57;233;46;192;103;34;235;158;4;66;172;135;128;60;93;161,0.1,19,102,19,0.0566501520012864,,False,,,0.7739938080495355,,,,19,0,54.26140000054147,1.975599996512756,70.4771000018809,2.3175999958766624
SupportRiskOnly_B10,JILONG_EI_0099,430,B10,217;13;105;74;34;192;46;174;103;235;3;41;156;66;134;112;23;206;165,0.1,19,105,19,0.0515043149987365,,False,,,0.7634085213032581,,,,19,0,54.39900000055786,2.418000003672205,70.21870001335628,2.251699988846667
SupportRiskOnly_B10,JILONG_EI_0099,440,B10,218;58;13;105;34;192;157;46;103;3;216;171;112;135;66;161;91;213;72,0.1,19,104,19,0.0548812705316599,,False,,,0.7383603238866396,,,,19,0,54.382099988288246,1.9066999957431108,69.91689999995288,2.2049999970477074
SupportRiskOnly_B10,JILONG_EI_0099,450,B10,217;90;58;192;13;35;104;158;4;46;235;49;112;172;135;178;60;170;206,0.1,19,106,19,0.0515655749630525,,False,,,0.7740814299900695,,,,19,0,54.30099999648519,1.7582000000402331,71.43039999937173,3.144199989037588
SupportRiskOnly_B10,JILONG_EI_0099,460,B10,13;217;57;88;90;34;219;192;4;119;174;46;171;161;213;206;121;66;24,0.1,19,107,19,0.0465728878712928,,False,,,0.7766847024102311,,,,19,0,54.12250000517815,2.518499997677281,70.98920000134967,2.499800000805408
SupportRiskOnly_B10,JILONG_EI_0099,470,B10,217;58;105;119;34;13;192;46;3;157;235;171;5;165;60;66;161;72;68,0.1,19,106,19,0.055830799978559,,False,,,0.7492552135054618,,,,19,0,55.37770000228193,1.7667999927653,71.82560001092497,3.126800002064556
SupportRiskOnly_B10,JILONG_EI_0099,480,B10,13;192;105;57;202;103;34;46;233;158;3;172;235;200;66;135;165;161;170,0.1,19,106,19,0.0529898691334012,,False,,,0.7745779543197615,,,,19,0,54.65910000202712,1.821099998778664,71.05300000694115,3.0375000060303137
SupportRiskOnly_B10,JILONG_EI_0099,490,B10,58;106;217;119;88;46;13;192;34;174;4;171;235;165;178;60;93;206;213,0.1,19,106,19,0.0491840938502653,,False,,,0.772591857000993,,,,19,0,54.36059999919962,1.861800003098324,70.79470000462607,2.299599989783019
SupportRiskOnly_B10,JILONG_EI_0099,500,B10,119;13;105;218;74;157;192;35;4;46;49;216;165;171;41;161;128;87;44,0.1,19,104,19,0.0812153976920308,,False,,,0.7742914979757085,,,,19,0,54.45210001198575,1.7457000067224726,70.83450000209268,2.250999998068437
SupportRiskOnly_B10,JILONG_EI_0099,510,B10,217;13;57;119;90;34;84;192;46;88;174;4;235;165;156;60;178;66;170,0.1,19,107,19,0.0527218567895184,,False,,,0.8091490408263649,,,,19,0,54.46549999760464,1.8945000047096985,71.6480999981286,2.4640000046929345
SupportRiskOnly_B10,JILONG_EI_0099,520,B10,219;58;13;217;105;103;84;192;4;158;46;34;165;171;134;112;161;44;36,0.1,19,109,19,0.066214363930133,,False,,,0.7957508450024143,,,,19,0,55.4108000069391,2.104400002281181,70.66840000334196,2.276599989272654
SupportRiskOnly_B10,JILONG_EI_0099,530,B10,13;90;201;119;58;3;88;84;192;35;46;157;233;235;49;206;178;165;44,0.1,19,105,19,0.065808516666539,,False,,,0.8180451127819549,,,,19,0,54.7865999978967,2.370000001974404,70.44170000881422,2.2232000046642497
SupportRiskOnly_B10,JILONG_EI_0099,540,B10,217;90;13;57;34;103;84;4;46;174;192;235;171;60;178;66;165;213;135,0.1,19,103,19,0.0563055647020085,,False,,,0.7690342360756259,,,,19,0,54.39970000588801,2.0779000042239204,70.13300000107847,2.226399999926798
SupportRiskOnly_B10,JILONG_EI_0099,550,B10,217;13;105;74;84;219;3;119;158;46;51;176;49;72;178;172;165;44;112,0.1,19,108,19,0.0611987043517547,,False,,,0.7962962962962962,,,,19,0,54.48399999295361,1.8125999922631308,70.36880000669044,2.2582999954465777
SupportRiskOnly_B10,JILONG_EI_0099,560,B10,217;29;58;84;104;157;34;3;90;235;176;66;178;61;171;165;135;102;5,0.1,19,107,19,0.0764983804396934,,False,,,0.7830791933103787,,,,19,0,54.23420001170598,2.351699993596412,70.09649999963585,2.2330000065267086
SupportRiskOnly_B10,JILONG_EI_0099,570,B10,57;218;13;103;105;4;46;34;174;206;91;216;165;177;172;44;36;68;66,0.1,19,105,19,0.0760159582207043,,False,,,0.7914786967418546,,,,19,0,53.93940000794828,2.056299999821931,69.82910000078846,2.4750999873504043
SupportRiskOnly_B10,JILONG_EI_0099,580,B10,13;58;217;34;105;158;4;103;46;192;178;235;44;171;165;112;213;100;190,0.1,19,104,19,0.0759010957876117,,False,,,0.7732793522267207,,,,19,0,55.03119999775663,2.3049000010360032,70.20810000540223,2.375500000198372
SupportRiskOnly_B10,JILONG_EI_0099,590,B10,13;217;57;174;88;35;3;90;120;46;49;165;171;60;178;235;112;176;229,0.1,19,103,19,0.047629622255745,,False,,,0.7858967807869187,,,,19,0,54.88029999833088,2.2985999967204407,71.62220000464004,2.2342999873217195
SupportRiskOnly_B10,JILONG_EI_0099,600,B10,217;13;58;105;157;46;103;34;4;178;128;171;165;235;44;91;176;66;213,0.1,19,105,19,0.0777465522126333,,False,,,0.7719298245614035,,,,19,0,54.299099996569566,2.202000003308058,72.0617999904789,3.068300007726066
SupportRiskOnly_B10,JILONG_EI_0099,610,B10,217;13;105;3;74;158;46;103;5;35;178;165;171;49;235;41;206;68;44,0.1,19,104,19,0.0920124664027383,,False,,,0.7656882591093117,,,,19,0,54.63850000523962,1.7560000123921782,70.0549999892246,2.25499999942258
SupportRiskOnly_B10,JILONG_EI_0099,620,B10,13;217;58;104;84;174;90;46;34;3;178;165;156;5;60;102;170;36;213,0.1,19,104,19,0.0721106354955548,,False,,,0.7747975708502025,,,,19,0,55.09679998795036,1.92679998872336,71.61509999423288,3.3823999983724207
SupportRiskOnly_B10,JILONG_EI_0099,630,B10,57;217;13;104;84;219;174;251;34;4;46;178;106;165;171;134;128;66;102,0.1,19,106,19,0.0446431989953365,,False,,,0.8033763654419066,,,,19,0,54.21670000941958,1.732099990476854,70.08210000640247,2.46319999860134
SupportRiskOnly_B10,JILONG_EI_0099,640,B10,13;58;217;88;84;158;119;251;46;90;34;3;5;178;121;165;171;128;60,0.1,19,103,19,0.04458959652656,,False,,,0.8206438426162495,,,,19,0,54.74479999975301,2.3603000008733943,69.89479999174364,2.9789999971399084
SupportRiskOnly_B10,JILONG_EI_0099,650,B10,13;217;57;84;157;119;251;89;3;46;35;49;178;165;171;91;213;5;44,0.1,19,105,19,0.0724169353171351,,False,,,0.8045112781954886,,,,19,0,54.11759999697097,1.735700003337115,71.83050000458024,3.013699999428354
SupportRiskOnly_B10,JILONG_EI_0099,660,B10,29;217;58;84;174;88;251;3;49;119;161;51;90;5;165;128;172;61;229,0.1,19,105,19,0.0578906662786868,,False,,,0.7989974937343358,,,,19,0,57.92390000715386,2.416799994534813,70.30770000710618,2.496799992513843
SupportRiskOnly_B10,JILONG_EI_0099,670,B10,84;13;217;74;103;158;46;105;34;178;192;4;72;171;66;165;134;213;206,0.1,19,105,19,0.0516804373961452,,False,,,0.7974937343358396,,,,19,0,54.72030000237282,1.7727999947965143,70.00979999429546,2.2342000011121854
SupportRiskOnly_B10,JILONG_EI_0099,680,B10,13;84;217;90;57;3;219;157;104;46;161;49;5;51;171;165;134;102;44,0.1,19,106,19,0.0760312732117833,,False,,,0.8162859980139028,,,,19,0,55.092900001909584,2.4649999977555126,70.18419999803882,2.214599997387268
SupportRiskOnly_B10,JILONG_EI_0099,690,B10,84;13;201;219;174;74;104;3;178;35;232;46;49;165;171;5;213;134;71,0.1,19,106,19,0.067569740640626,,False,,,0.8003972194637538,,,,19,0,55.31660000269767,2.4569000088376924,71.33819999580737,2.213400002801791
SupportRiskOnly_B10,JILONG_EI_0099,700,B10,84;217;58;14;219;103;158;161;89;34;3;5;46;206;66;91;128;171;36,0.1,19,107,19,0.0465958603579113,,False,,,0.8111165764879488,,,,19,0,54.06900000525639,1.7336000018985942,69.71080000221264,2.4591999972471967
SupportRiskOnly_B10,JILONG_EI_0099,710,B10,13;84;219;174;58;104;46;3;217;178;49;35;5;72;91;128;171;60;165,0.1,19,106,19,0.0449877862946144,,False,,,0.8018867924528301,,,,19,0,54.94649999309331,2.4295999901369214,71.14899999578483,2.585300011560321
SupportRiskOnly_B10,JILONG_EI_0099,720,B10,84;57;3;29;217;119;157;105;161;34;206;213;128;66;235;91;5;171;10,0.1,19,107,19,0.0478134021486932,,False,,,0.7752090506640432,,,,19,0,54.88159999367781,1.7965000006370246,71.47909999184776,2.2699999972246587
SupportRiskOnly_B10,JILONG_EI_0099,730,B10,84;58;13;3;202;174;105;103;161;46;233;35;49;213;200;44;112;171;91,0.1,19,108,19,0.0699895092311108,,False,,,0.8118908382066276,,,,19,0,54.62539999280125,1.7835000035120174,71.07079999695998,2.239999987068586
SupportRiskOnly_B10,JILONG_EI_0099,740,B10,84;13;90;217;57;88;4;158;178;119;49;46;51;165;213;121;171;112;190,0.1,19,108,19,0.0511750426905376,,False,,,0.8026315789473685,,,,19,0,55.057299992768094,2.836100000422448,72.1563000115566,2.9784999933326617
SupportRiskOnly_B10,JILONG_EI_0099,750,B10,84;13;74;174;3;218;161;103;46;105;232;50;213;165;134;128;171;5;41,0.1,19,106,19,0.0570023967961038,,False,,,0.7964250248262165,,,,19,0,55.85739998787176,2.241199996205978,71.09840000339318,2.2356999979820102
SupportRiskOnly_B10,JILONG_EI_0099,760,B10,84;3;57;13;217;89;178;46;103;157;35;121;66;91;135;213;171;33;235,0.1,19,106,19,0.0574159015552373,,False,,,0.8038728897715987,,,,19,0,56.783799998811446,1.728300005197525,71.32810000621248,2.476199995726347
SupportRiskOnly_B10,JILONG_EI_0099,770,B10,84;219;13;3;90;58;88;161;201;174;46;119;233;51;49;165;156;213;5,0.1,19,108,19,0.0513741375745648,,False,,,0.8289473684210527,,,,19,0,56.02240000735037,1.8033000087598337,70.04830001096707,2.2074000007705763
SupportRiskOnly_B10,JILONG_EI_0099,780,B10,84;13;217;74;219;3;161;105;103;158;192;46;35;49;5;72;213;156;165,0.1,19,108,19,0.0517646698470798,,False,,,0.8347953216374269,,,,19,0,54.42590000166092,2.76030000532046,69.9663999985205,2.290699994773604
SupportRiskOnly_B10,JILONG_EI_0099,790,B10,84;90;3;57;178;218;14;104;174;46;216;171;66;35;213;128;102;5;60,0.1,19,106,19,0.0654792443583401,,False,,,0.8023833167825223,,,,19,0,54.07329999434296,1.7728999955579638,70.85779999033548,2.244199989945628
SupportRiskOnly_B10,JILONG_EI_0099,800,B10,84;13;57;217;3;161;105;103;158;46;134;156;34;235;213;165;44;91;5,0.1,19,106,19,0.0745380615815791,,False,,,0.810824230387289,,,,19,0,55.26999999710824,1.777500001480803,70.8405000041239,2.304599998751655
SupportRiskOnly_B10,JILONG_EI_0099,810,B10,58;84;3;217;29;90;161;157;104;35;5;134;171;49;213;128;102;165;72,0.1,19,105,19,0.0599045876055777,,False,,,0.7849624060150375,,,,19,0,55.663899998762645,1.7939999961527064,71.2438999908045,2.227399992989376
SupportRiskOnly_B10,JILONG_EI_0099,820,B10,84;13;46;74;3;217;178;174;103;105;171;134;34;213;235;5;66;36;72,0.1,19,104,19,0.0509146878421943,,False,,,0.7940283400809716,,,,19,0,54.79599999671336,1.9268999894848091,70.61330000578891,2.8151000005891547
SupportRiskOnly_B10,JILONG_EI_0099,830,B10,90;84;3;217;57;14;88;158;161;46;120;235;49;35;165;156;134;102;213,0.1,19,103,19,0.0605171872487384,,False,,,0.8206438426162496,,,,19,0,53.95970000245143,1.7767999961506575,71.26580001204275,2.9873000021325424
SupportRiskOnly_B10,JILONG_EI_0099,840,B10,84;13;219;58;3;217;90;161;46;174;103;49;171;121;5;35;135;213;44,0.1,19,107,19,0.0666584986714245,,False,,,0.8194786030496803,,,,19,0,54.65089999779593,1.8410000047879291,71.26710000738967,2.260599998407997
SupportRiskOnly_B10,JILONG_EI_0099,850,B10,84;219;13;74;3;178;217;157;88;106;46;119;171;34;128;5;213;185;44,0.1,19,107,19,0.0709543536690889,,False,,,0.8017707820954255,,,,19,0,53.77339999540709,1.8038999987766149,70.44179999502376,2.25499999942258
SupportRiskOnly_B10,JILONG_EI_0099,860,B10,219;84;74;161;46;232;174;201;4;14;103;105;35;134;49;156;213;44;41,0.1,19,105,19,0.0884593884724062,,False,,,0.8155388471177945,,,,19,0,54.332600004272535,1.8528999935369936,70.40039999992587,2.273300007800572
SupportRiskOnly_B10,JILONG_EI_0099,870,B10,84;90;13;219;58;217;46;178;3;158;104;135;171;51;102;33;5;213;165,0.1,19,106,19,0.0599275600921962,,False,,,0.8023833167825224,,,,19,0,54.78840001160279,1.788900000974536,70.64969999191817,2.28390000120271
SupportRiskOnly_B10,JILONG_EI_0099,880,B10,84;219;57;29;161;217;33;105;4;157;103;35;91;171;66;134;128;213;60,0.1,19,105,19,0.0625234510800897,,False,,,0.8085213032581454,,,,19,0,54.92779999622144,1.9213000050513076,70.3085999994073,2.2594000038225204
SupportRiskOnly_B10,JILONG_EI_0099,890,B10,13;3;74;84;219;174;105;217;46;161;33;103;35;72;134;128;171;5;165,0.1,19,105,19,0.0385172025637295,,False,,,0.8145363408521303,,,,19,0,54.930400001467206,1.7534999933559448,70.02100000681821,2.484199998434633
SupportRiskOnly_B10,JILONG_EI_0099,900,B10,90;58;217;84;3;88;178;158;33;235;206;14;5;128;120;46;156;35;44,0.1,19,102,19,0.0629522708303022,,False,,,0.7961816305469556,,,,19,0,54.37319999327883,1.731399999698624,73.26470001135021,2.7473999944049865
SupportRiskOnly_B10,JILONG_EI_0099,910,B10,84;219;251;74;217;13;104;4;161;46;174;50;135;128;171;102;116;44;213,0.1,19,105,19,0.0814680950448346,,False,,,0.7939849624060151,,,,19,0,56.04589999711607,2.649600006407127,73.38770000205841,3.5745999921346083
SupportRiskOnly_B10,JILONG_EI_0099,920,B10,218;84;3;58;103;251;90;13;178;157;35;49;232;5;128;190;46;134;121,0.1,19,107,19,0.0403703164842906,,False,,,0.8307919331037875,,,,19,0,55.41280000761617,1.7733999993652103,72.23550000344403,3.516100012348033
SupportRiskOnly_B10,JILONG_EI_0099,930,B10,217;13;57;105;161;3;174;128;119;235;68;50;5;46;91;172;165;100;10,0.1,19,105,19,0.0413887633910453,,False,,,0.7919799498746867,,,,19,0,54.30279999563936,1.7694999987725168,70.88250000379048,2.2096000029705465
SupportRiskOnly_B10,JILONG_EI_0099,940,B10,219;90;13;84;58;174;3;232;161;103;201;192;134;50;5;128;171;46;44,0.1,19,108,19,0.0599045876055777,,False,,,0.8230994152046783,,,,19,0,54.67190001218114,1.7616999975871297,70.65740000689402,2.684799997950904
SupportRiskOnly_B10,JILONG_EI_0099,950,B10,219;217;74;14;46;161;105;3;158;50;128;103;5;134;190;171;100;41;165,0.1,19,104,19,0.0599199025966567,,False,,,0.8061740890688259,,,,19,0,55.95129998982884,2.532399987103417,70.32349999644794,2.239900000859052
SupportRiskOnly_B10,JILONG_EI_0099,960,B10,218;88;90;57;50;232;4;128;178;29;174;134;102;156;120;61;100;200;206,0.1,19,101,19,0.0724322503082142,,False,,,0.7811360083376758,,,,19,0,54.756199999246746,1.7436000052839518,71.3541000004625,2.3095999931683764
SupportRiskOnly_B10,JILONG_EI_0099,970,B10,219;217;84;74;35;104;157;161;3;14;128;49;46;135;190;5;44;213;165,0.1,19,101,19,0.06969086690507,,False,,,0.7957269411151642,,,,19,0,55.60229999537114,1.7896999925142154,72.34199999948032,2.468799997586757
SupportRiskOnly_B10,JILONG_EI_0099,980,B10,219;90;217;84;57;103;13;128;49;3;161;174;46;134;51;5;166;171;213,0.1,19,102,19,0.0468179277285571,,False,,,0.8080495356037152,,,,19,0,54.69800000719261,2.6969000027747825,70.74840000132099,2.330000002984889
SupportRiskOnly_B10,JILONG_EI_0099,990,B10,217;74;49;4;128;158;46;178;105;235;103;14;35;190;165;156;213;41;72,0.1,19,101,19,0.0714138034014595,,False,,,0.7707139134966128,,,,19,0,55.60249999689404,2.2997000050963834,73.39350000256673,3.209599992260337
SupportRiskOnly_B10,JILONG_EI_0099,1000,B10,90;232;219;58;128;13;88;49;3;174;161;201;35;120;46;102;5;44;156,0.1,19,102,19,0.0729682749959798,,False,,,0.8204334365325078,,,,19,0,54.51709999761079,1.734799996484071,71.26649998826906,3.019800002221018
SupportRiskOnly_B10,JILONG_EI_0099,1010,B10,217;219;57;90;103;49;46;128;158;3;178;13;135;51;176;44;172;206;165,0.1,19,103,19,0.0686877349893943,,False,,,0.7889626980071539,,,,19,0,54.76400000043213,1.827400003094226,69.67230000009295,4.107500004465692
SupportRiskOnly_B10,JILONG_EI_0099,1020,B10,219;232;13;84;57;89;174;49;128;161;3;103;91;35;201;171;44;134;121,0.1,19,103,19,0.0670949759171765,,False,,,0.8109351047521717,,,,19,0,54.35819999547675,2.235199994174764,70.1810999889858,2.1844000002602115
SupportRiskOnly_B10,JILONG_EI_0099,1030,B10,13;58;217;90;235;157;4;66;88;119;128;46;190;178;35;100;44;165;185,0.1,19,102,19,0.0730907949246119,,False,,,0.7930856553147574,,,,19,0,54.25679999461863,2.8962000069441274,69.97589999809861,2.310399999259971
SupportRiskOnly_B10,JILONG_EI_0099,1040,B10,219;74;128;232;13;103;174;46;72;3;178;50;5;201;156;36;134;121;166,0.1,19,100,19,0.0496129136004778,,False,,,0.798421052631579,,,,19,0,54.862400007550605,2.4400999973295256,70.08359998872038,2.2438000014517456
SupportRiskOnly_B10,JILONG_EI_0099,1050,B10,13;90;217;219;57;88;3;161;50;158;46;128;120;190;134;171;44;213;102,0.1,19,99,19,0.0745533765726581,,False,,,0.8118022328548644,,,,19,0,54.6089999988908,1.8091000092681495,70.35219999670517,2.2467999951913957
SupportRiskOnly_B10,JILONG_EI_0099,1060,B10,219;217;90;57;29;174;35;103;3;49;144;134;177;166;156;61;213;10;170,0.1,19,101,19,0.0803730731826848,,False,,,0.7826993225638353,,,,19,0,54.43570000352338,2.413099995465018,69.86399999004789,2.2947000106796622
SupportRiskOnly_B10,JILONG_EI_0099,1070,B10,219;217;58;50;89;4;46;178;174;103;166;91;128;44;134;171;36;185;116,0.1,19,101,19,0.0840486710416491,,False,,,0.7738405419489318,,,,19,0,54.56150000100024,1.8524999904911963,70.98980000591837,2.259900007629767
SupportRiskOnly_B10,JILONG_EI_0099,1080,B10,90;218;232;88;57;3;158;120;161;50;13;46;134;165;190;44;200;156;36,0.1,19,101,19,0.070173289124059,,False,,,0.7873892652423137,,,,19,0,54.48800000885967,2.036100006080233,69.77630000619683,2.246400006697513
SupportRiskOnly_B10,JILONG_EI_0099,1090,B10,219;217;74;13;103;35;174;3;178;44;66;46;166;144;121;72;155;135;117,0.1,19,103,19,0.0833977839207908,,False,,,0.7664793050587635,,,,19,0,55.175699992105365,3.2590999908279628,71.97049999376759,2.256200008559972
SupportRiskOnly_B10,JILONG_EI_0099,1100,B10,235;217;89;58;13;174;3;50;103;46;161;5;44;134;91;165;156;71;229,0.1,19,100,19,0.0828923892151832,,False,,,0.756842105263158,,,,19,0,56.38110000290908,1.7660000012256205,70.3646000038134,2.2533000010298565
SupportRiskOnly_B10,JILONG_EI_0099,1110,B10,219;217;106;57;88;46;35;157;119;3;13;49;178;144;44;190;133;166;155,0.1,19,103,19,0.0793239962937721,,False,,,0.7833418497700562,,,,19,0,54.33600000105798,1.799699995899573,70.03970000369009,2.253700004075654
SupportRiskOnly_B10,JILONG_EI_0099,1120,B10,219;90;217;104;174;3;34;57;29;178;166;144;102;134;156;61;66;36;229,0.1,19,100,19,0.078374466846873,,False,,,0.7642105263157895,,,,19,0,54.40419999649748,2.4668999976711348,69.89320000866428,2.475500004948117
SupportRiskOnly_B10,JILONG_EI_0099,1130,B10,84;219;217;89;13;158;103;4;57;34;161;46;128;135;44;190;156;166;66,0.1,19,103,19,0.0686953924849338,,False,,,0.7874297393970363,,,,19,0,54.08240000542719,1.8477999983588236,70.57769999664742,2.3502999974880368
SupportRiskOnly_B10,JILONG_EI_0099,1140,B10,219;13;217;90;57;174;104;3;49;178;35;5;46;44;155;185;10;102;229,0.1,19,102,19,0.0728380975718081,,False,,,0.7564499484004128,,,,19,0,54.21349999960512,1.7560999986017125,70.3057000064291,2.402999991318211
SupportRiskOnly_B10,JILONG_EI_0099,1150,B10,219;217;13;58;104;4;106;158;49;161;46;51;190;171;72;44;166;102;100,0.1,19,101,19,0.0756713709214264,,False,,,0.7462219906201145,,,,19,0,54.68489999475423,1.73940000240691,70.66359999589622,2.242300004581921
SupportRiskOnly_B10,JILONG_EI_0099,1160,B10,219;104;232;90;58;3;13;174;201;161;34;5;128;100;44;165;156;66;135,0.1,19,99,19,0.0691854721994624,,False,,,0.7581073896863371,,,,19,0,55.32200000016019,2.465700003085658,70.23800000024494,2.345400003832765
SupportRiskOnly_B10,JILONG_EI_0099,1170,B10,218;88;74;232;120;14;157;106;35;177;49;4;46;134;206;128;41;44;102,0.1,19,98,19,0.0817820523619545,,False,,,0.7626208378088077,,,,19,0,54.03859999205452,1.7201000009663403,70.27779999771155,2.250999998068437
SupportRiskOnly_B10,JILONG_EI_0099,1180,B10,217;103;219;13;174;58;89;2;178;34;46;166;20;121;44;135;91;156;144,0.1,19,97,19,0.0671638933770321,,False,,,0.7775366250678242,,,,19,0,54.29889999504667,1.720999993267469,69.7476000059396,2.5258000096073374
SupportRiskOnly_B10,JILONG_EI_0099,1190,B10,235;104;90;217;3;174;58;29;5;178;35;61;166;134;128;72;49;156;185,0.1,19,97,19,0.0673323582789013,,False,,,0.7623440043407488,,,,19,0,56.93550000432879,1.8281000084243717,71.5621999988798,2.2287000028882176
SupportRiskOnly_B10,JILONG_EI_0099,1200,B10,219;104;217;74;174;192;106;46;161;3;13;49;128;44;35;156;135;165;100,0.1,19,97,19,0.0644148524783484,,False,,,0.7818773738469885,,,,19,0,54.86780000501312,1.7729999963194132,71.02289999602363,2.2336999973049387
SupportRiskOnly_B10,JILONG_EI_0099,1210,B10,90;57;88;217;158;46;120;161;166;13;235;66;20;206;34;128;102;44;100,0.1,19,94,19,0.0725317977502278,,False,,,0.780515117581187,,,,19,0,54.69420000736136,1.723699999274686,71.2140000105137,2.234100000350736
SupportRiskOnly_B10,JILONG_EI_0099,1220,B10,219;90;103;217;174;13;3;58;35;161;46;49;121;134;171;166;44;185;5,0.1,19,95,19,0.0660841865059613,,False,,,0.7673130193905817,,,,19,0,54.70620001142379,1.7517000087536871,71.91080000484362,2.252899997984059
SupportRiskOnly_B10,JILONG_EI_0099,1230,B10,219;2;84;74;104;232;174;29;201;178;51;135;49;4;165;156;133;60;170,0.1,19,96,19,0.082287447067562,,False,,,0.7653508771929824,,,,19,0,54.4067000009818,1.9409000087762247,70.48299998859875,2.2698999964632094
SupportRiskOnly_B10,JILONG_EI_0099,1240,B10,217;13;46;104;90;57;235;3;158;161;128;166;49;44;35;190;135;171;185,0.1,19,92,19,0.0698746467980182,,False,,,0.795766590389016,,,,19,0,54.70049999712501,2.850800010492094,69.99350000114646,2.2188000002643093
SupportRiskOnly_B10,JILONG_EI_0099,1250,B10,58;2;219;88;217;46;174;178;13;120;49;5;134;35;156;166;170;44;102,0.1,19,94,19,0.0773253899579603,,False,,,0.7737961926091825,,,,19,0,54.61780000769068,2.266700001200661,70.41559999925084,2.491200008080341
SupportRiskOnly_B10,JILONG_EI_0099,1260,B10,219;217;58;72;13;104;174;3;161;46;135;66;36;171;102;165;44;91;5,0.1,19,95,19,0.0738029420097862,,False,,,0.7551246537396122,,,,19,0,55.33329999889247,2.73880000167992,71.68379999347962,2.3475000052712858
SupportRiskOnly_B10,JILONG_EI_0099,1270,B10,219;217;2;84;57;104;174;161;14;35;46;135;128;165;156;102;44;170;179,0.1,19,93,19,0.0935822529883376,,False,,,0.7453310696095077,,,,19,0,54.91789999359753,1.7793999868445098,71.07029999315273,2.9179999983171
SupportRiskOnly_B10,JILONG_EI_0099,1280,B10,219;232;90;103;58;158;3;201;46;178;128;166;171;206;35;121;66;44;10,0.1,19,93,19,0.075349756108767,,False,,,0.7764572722127902,,,,19,0,54.15820000052918,1.7483999981777745,71.69779999821912,2.5735000090207905
SupportRiskOnly_B10,JILONG_EI_0099,1290,B10,84;217;58;13;235;89;157;119;161;35;3;203;166;61;190;121;91;49;133,0.1,19,92,19,0.0739024894517998,,False,,,0.7774599542334095,,,,19,0,54.56499999854714,1.720300002489239,69.89599998632912,2.280299988342449
SupportRiskOnly_B10,JILONG_EI_0099,1300,B10,84;219;58;217;174;3;88;29;106;177;120;134;35;156;165;128;102;33;185,0.1,19,91,19,0.0533267989371396,,False,,,0.7883169462116829,,,,19,0,54.11810000077821,1.8890000064857304,71.00179999542888,2.413900001556613
SupportRiskOnly_B10,JILONG_EI_0099,1310,B10,84;74;218;13;3;104;46;232;178;158;44;135;166;171;35;190;41;214;33,0.1,19,92,19,0.08356624882266,,False,,,0.7808924485125859,,,,19,0,55.0873999891337,1.7443999968236312,71.4019000006374,2.323299995623529
SupportRiskOnly_B10,JILONG_EI_0099,1320,B10,219;217;84;58;90;88;174;2;161;13;4;120;51;165;44;128;156;46;134,0.1,19,97,19,0.0600883674985259,,False,,,0.7889310906131307,,,,19,0,54.79019999620505,2.220499998657033,71.35769999877084,2.3281000030692667
SupportRiskOnly_B10,JILONG_EI_0099,1330,B10,219;57;217;3;13;103;105;158;178;176;171;36;190;34;46;166;135;78;60,0.1,19,96,19,0.0790176964721918,,False,,,0.7686403508771931,,,,19,0,55.13930000597611,1.764600005117245,70.03470000927337,2.318400001968257
SupportRiskOnly_B10,JILONG_EI_0099,1340,B10,219;58;2;88;232;174;201;90;29;161;35;66;165;102;121;128;4;156;135,0.1,19,94,19,0.0575690514660275,,False,,,0.7889137737961925,,,,19,0,54.889599996386096,2.4453000078210607,69.65350000245962,2.7541999879758805
SupportRiskOnly_B10,JILONG_EI_0099,1350,B10,217;3;235;58;104;90;178;13;157;44;46;35;165;72;171;134;33;112;190,0.1,19,93,19,0.0660535565238033,,False,,,0.765704584040747,,,,19,0,55.65049999859184,1.703700007055886,70.49770001322031,3.685900010168552
SupportRiskOnly_B10,JILONG_EI_0099,1360,B10,219;217;74;2;103;46;161;13;158;105;4;33;35;166;156;135;128;213;190,0.1,19,94,19,0.0519561072355675,,False,,,0.7788353863381858,,,,19,0,54.58730000827927,1.796600001398474,70.5902000045171,2.37429999106098
SupportRiskOnly_B10,JILONG_EI_0099,1370,B10,219;3;104;13;232;74;178;106;201;174;46;171;134;51;102;128;44;165;33,0.1,19,95,19,0.0781217694940692,,False,,,0.7994459833795015,,,,19,0,54.674200000590645,1.8472000083420423,71.88070000847802,2.477400004863739
SupportRiskOnly_B10,JILONG_EI_0099,1380,B10,219;58;217;90;104;3;174;161;13;46;165;35;135;72;156;44;49;102;133,0.1,19,93,19,0.0866981644983191,,False,,,0.7668364459535936,,,,19,0,55.00170000595972,1.846400002250448,70.51819999469444,2.3024999973131344
SupportRiskOnly_B10,JILONG_EI_0099,1390,B10,2;219;104;217;57;90;178;29;174;166;36;34;61;4;66;156;185;215;100,0.1,19,91,19,0.0794158862402462,,False,,,0.739733950260266,,,,19,0,54.88019999756944,1.860299991676584,70.08630000927951,2.264199996716343
SupportRiskOnly_B10,JILONG_EI_0099,1400,B10,90;104;217;235;58;2;46;34;158;13;161;44;5;165;78;156;102;36;190,0.1,19,94,19,0.0999532892772089,,False,,,0.77491601343785,,,,19,0,55.556400009663776,1.7653999966569245,70.10300000547431,2.317799997399561
SupportRiskOnly_B10,JILONG_EI_0099,1410,B10,218;3;104;74;232;174;34;178;29;166;171;200;135;41;60;78;102;36;164,0.1,19,91,19,0.1223131762525748,,False,,,0.73048004626952,,,,19,0,55.21650001173839,1.7311000119661912,71.28369998827111,2.3065999994287267
SupportRiskOnly_B10,JILONG_EI_0099,1420,B10,217;104;2;219;90;57;166;161;34;158;44;46;134;78;156;4;36;14;170,0.1,19,92,19,0.0948533972478961,,False,,,0.7568649885583524,,,,19,0,54.503199993632734,1.81420000444632,71.78330000897404,2.4969999940367416
SupportRiskOnly_B10,JILONG_EI_0099,1430,B10,2;104;84;219;217;58;13;174;34;134;178;46;166;91;78;72;4;44;102,0.1,19,95,19,0.0823257345452596,,False,,,0.787257617728532,,,,19,0,55.2179999940563,1.7496000073151663,72.15909998922143,2.3109000030672178
SupportRiskOnly_B10,JILONG_EI_0099,1440,B10,104;84;3;218;90;57;232;166;174;13;178;35;171;78;134;44;49;185;102,0.1,19,94,19,0.0964997587888905,,False,,,0.7609182530795073,,,,19,0,56.496000004699454,1.9763999880524352,72.45829999737907,3.503100000671111
SupportRiskOnly_B10,JILONG_EI_0109,10,B10,78;219;57;106;217;84;4;128;13;50;119;251;10;156;192;158;206;213;178,0.1,19,115,19,0.0633964055715937,,False,,,0.8407322654462243,,,,19,0,55.126699997344986,1.961200003279373,70.82210000953637,2.2899000032339245
SupportRiskOnly_B10,JILONG_EI_0109,20,B10,219;58;217;90;119;84;112;50;251;29;4;77;157;10;177;121;155;206;213,0.1,19,114,19,0.0564127696395616,,False,,,0.8236380424746075,,,,19,0,54.61269999796059,2.235300009488128,71.44650000554975,3.0435999942710623
SupportRiskOnly_B10,JILONG_EI_0109,30,B10,74;217;219;77;106;119;251;49;112;29;35;84;157;177;4;213;155;185;133,0.1,19,115,19,0.082708609322235,,False,,,0.79954233409611,,,,19,0,54.526399995666,1.895399997010827,70.58809998852666,2.2726000024704263
SupportRiskOnly_B10,JILONG_EI_0109,40,B10,57;219;119;217;77;105;13;66;33;174;192;46;128;251;178;35;100;91;3,0.1,19,113,19,0.0522700645526874,,False,,,0.8299953423381463,,,,19,0,54.50389999896288,1.8279000069014728,70.09710000420455,2.8378999995766208
SupportRiskOnly_B10,JILONG_EI_0109,50,B10,57;235;13;61;217;119;128;50;105;158;177;203;20;91;68;213;156;185;206,0.1,19,113,19,0.0812383701786493,,False,,,0.8141592920353983,,,,19,0,54.54009999812115,1.81940000038594,70.19150000996888,2.3207000049296767
SupportRiskOnly_B10,JILONG_EI_0109,60,B10,57;219;104;61;201;13;232;134;49;90;156;112;51;102;158;213;176;5;19,0.1,19,113,19,0.080089745847723,,False,,,0.8379133674895204,,,,19,0,55.31250000058208,1.8061000009765849,71.55510000302456,2.382699996815063
SupportRiskOnly_B10,JILONG_EI_0109,70,B10,74;60;219;217;29;119;112;105;33;156;251;185;66;174;177;19;69;41;179,0.1,19,110,19,0.0827928417731696,,False,,,0.8138755980861244,,,,19,0,54.30369998794049,1.8140000029234216,70.31690000439994,2.2785000037401915
SupportRiskOnly_B10,JILONG_EI_0109,80,B10,44;219;57;13;112;104;217;156;33;91;135;20;185;174;46;99;215;52;229,0.1,19,110,19,0.0776699772572382,,False,,,0.7976076555023923,,,,19,0,54.7353000001749,1.8016999965766445,70.61680000333581,2.2360000002663583
SupportRiskOnly_B10,JILONG_EI_0109,90,B10,44;219;57;201;105;156;119;215;33;112;170;174;19;91;233;252;51;71;161,0.1,19,108,19,0.0963848963557978,,False,,,0.7509746588693957,,,,19,0,54.93209999985993,1.798199999029748,70.46820000687148,2.6612999936332926
SupportRiskOnly_B10,JILONG_EI_0109,100,B10,28;219;58;217;104;156;90;61;33;174;134;112;170;19;214;252;52;165;25,0.1,19,107,19,0.1031464649171841,,False,,,0.7702902115100836,,,,19,0,54.94149999867659,1.8485999898985028,69.93230000080075,2.5676000077510253
SupportRiskOnly_B10,JILONG_EI_0109,110,B10,218;74;28;121;119;156;216;34;214;174;170;88;20;112;60;252;10;212;133,0.1,19,104,19,0.0905881722323896,,False,,,0.7540485829959515,,,,19,0,54.71020001277793,1.827799991588108,69.89769999927375,2.350399998249486
SupportRiskOnly_B10,JILONG_EI_0109,120,B10,13;57;218;27;105;119;156;216;49;174;212;192;170;91;35;128;4;252;45,0.1,19,106,19,0.0694764570299637,,False,,,0.7924528301886792,,,,19,0,54.41349999455269,1.9041999912587928,71.67350000236183,3.5351000115042552
SupportRiskOnly_B10,JILONG_EI_0109,130,B10,57;27;235;202;29;121;119;156;158;4;88;33;91;170;61;212;190;233;36,0.1,19,106,19,0.0929007358853213,,False,,,0.8142999006951341,,,,19,0,54.52859999786597,1.804300001822412,70.33570000203326,3.078199995798059
SupportRiskOnly_B10,JILONG_EI_0109,140,B10,74;13;27;202;235;174;4;121;119;156;176;88;232;50;170;213;112;45;200,0.1,19,106,19,0.0690935822529883,,False,,,0.7924528301886793,,,,19,0,54.70880000211764,1.83649999962654,69.82609999249689,2.7995999989798293
SupportRiskOnly_B10,JILONG_EI_0109,150,B10,57;4;27;218;174;120;29;90;156;35;112;192;88;185;33;60;66;102;69,0.1,19,104,19,0.0835585913271205,,False,,,0.7894736842105263,,,,19,0,54.7013000032166,2.549099997850135,71.48969999980181,2.416799994534813
SupportRiskOnly_B10,JILONG_EI_0109,160,B10,57;202;4;26;174;235;119;121;90;29;156;200;50;177;233;88;170;60;69,0.1,19,107,19,0.080074430856644,,False,,,0.810132808657157,,,,19,0,54.459299994050525,1.7976999952225017,70.55419999232981,2.449199993861839
SupportRiskOnly_B10,JILONG_EI_0109,170,B10,58;26;217;13;157;4;90;219;119;186;121;50;155;88;60;176;68;178;100,0.1,19,106,19,0.0734506972149688,,False,,,0.7825223435948362,,,,19,0,54.221500002313405,1.8008000042755157,70.54229998902883,3.0583999905502424
SupportRiskOnly_B10,JILONG_EI_0109,180,B10,57;13;174;10;90;202;4;119;156;235;50;192;121;233;170;45;88;165;36,0.1,19,107,19,0.0472773774609276,,False,,,0.7801278898180029,,,,19,0,55.37250000634231,2.672400005394593,70.53329999325797,2.299699990544468
SupportRiskOnly_B10,JILONG_EI_0109,190,B10,57;90;25;13;217;157;4;219;104;186;135;50;60;155;177;190;102;229;68,0.1,19,105,19,0.0800974033432625,,False,,,0.7844611528822054,,,,19,0,54.30059999343939,1.81650000740774,70.05920000665355,2.39730000612326
SupportRiskOnly_B10,JILONG_EI_0109,200,B10,58;13;219;25;217;90;186;174;4;104;156;35;33;135;176;166;213;215;60,0.1,19,109,19,0.0695760044719774,,False,,,0.7885079671656205,,,,19,0,55.63960000290536,2.1693000016966835,70.28189999982715,2.2907999955350533
SupportRiskOnly_B10,JILONG_EI_0109,210,B10,74;13;217;105;174;219;50;10;41;4;156;186;103;176;134;23;32;44;165,0.1,19,109,19,0.0696832094095305,,False,,,0.7725736359246741,,,,19,0,54.76450000423938,1.809500012313947,71.47460000123829,2.3252999963006005
SupportRiskOnly_B10,JILONG_EI_0109,220,B10,13;74;218;157;120;50;40;20;232;186;46;106;10;112;190;176;88;155;102,0.1,19,107,19,0.0645373724069805,,False,,,0.7722577471716675,,,,19,0,57.04529999638908,2.0600999996531755,70.52890000340994,2.39579999470152
SupportRiskOnly_B10,JILONG_EI_0109,230,B10,13;217;90;57;174;219;50;156;120;4;186;192;112;88;46;229;24;161;36,0.1,19,108,19,0.0455544409645381,,False,,,0.7699805068226121,,,,19,0,55.38489999889862,1.8786000000545755,70.68289999733679,2.230900005088188
SupportRiskOnly_B10,JILONG_EI_0109,240,B10,13;219;217;90;58;158;49;46;88;156;120;4;35;186;40;112;10;190;176,0.1,19,106,19,0.0570713142559594,,False,,,0.785501489572989,,,,19,0,54.95649999647867,2.53139999404084,70.56699998793192,2.2541999933309853
SupportRiskOnly_B10,JILONG_EI_0109,250,B10,13;217;74;235;106;88;174;49;156;35;192;119;186;46;4;112;213;60;23,0.1,19,107,19,0.044650856490876,,False,,,0.7781603541564192,,,,19,0,54.82680001296103,3.505599990603514,70.62690000748262,2.251600002637133
SupportRiskOnly_B10,JILONG_EI_0109,260,B10,13;219;217;57;88;90;157;49;121;35;186;46;177;135;155;23;3;10;190,0.1,19,107,19,0.0396275394169582,,False,,,0.7619281849483521,,,,19,0,55.13190000783652,2.4569000088376924,70.31090000236873,2.317399994353764
SupportRiskOnly_B10,JILONG_EI_0109,270,B10,13;232;218;104;74;174;50;156;106;46;186;4;176;134;229;10;102;196;99,0.1,19,107,19,0.0517723273426193,,False,,,0.7466797835710771,,,,19,0,54.327399993781,1.9111000001430511,70.3399000049103,2.203600000939332
SupportRiskOnly_B10,JILONG_EI_0109,280,B10,219;13;217;105;57;158;192;49;35;4;156;91;103;186;135;46;213;23;190,0.1,19,107,19,0.0483800568186169,,False,,,0.7737333989178554,,,,19,0,55.009800009429455,1.804300001822412,70.67720001214184,2.243299997644499
SupportRiskOnly_B10,JILONG_EI_0109,290,B10,233;13;219;105;201;174;74;4;50;46;156;192;103;170;112;134;10;213;93,0.1,19,108,19,0.0548200105673438,,False,,,0.7568226120857698,,,,19,0,54.93529999512248,2.0604000019375235,70.028000001912,2.3274000122910365
SupportRiskOnly_B10,JILONG_EI_0109,300,B10,13;217;104;235;90;157;57;49;35;4;192;46;186;23;112;155;190;135;161,0.1,19,108,19,0.0383181076797022,,False,,,0.760233918128655,,,,19,0,54.46209998626728,1.857800001744181,71.88160000077914,3.0206000083126128
SupportRiskOnly_B10,JILONG_EI_0109,310,B10,13;233;202;89;235;157;46;119;57;121;33;4;23;51;91;192;170;87;190,0.1,19,107,19,0.0418711856100343,,False,,,0.7904574520413181,,,,19,0,55.11359999945853,2.5104999949689955,69.93820000207052,2.255300001706928
SupportRiskOnly_B10,JILONG_EI_0109,320,B10,13;218;232;105;119;174;74;49;156;4;35;46;24;192;185;60;68;72;213,0.1,19,107,19,0.0677994655068113,,False,,,0.7604525332021644,,,,19,0,55.23090000497177,1.912599997012876,69.85949999943841,2.23280000500381
SupportRiskOnly_B10,JILONG_EI_0109,330,B10,217;13;219;105;158;192;74;46;34;23;172;66;3;103;186;135;229;36;60,0.1,19,106,19,0.0489926564617776,,False,,,0.7725918570009931,,,,19,0,54.72260000533424,1.7422000091755765,70.20620000548661,2.2224000131245703
SupportRiskOnly_B10,JILONG_EI_0109,340,B10,13;217;219;104;90;23;192;157;34;57;3;46;66;102;171;135;185;60;93,0.1,19,106,19,0.0603410648513297,,False,,,0.7606752730883815,,,,19,0,54.74999999569263,4.302100001950748,70.50799998978619,2.427500003250316
SupportRiskOnly_B10,JILONG_EI_0109,350,B10,13;218;88;232;58;174;3;46;119;34;23;90;177;156;121;66;186;229;36,0.1,19,105,19,0.0399874417073152,,False,,,0.7819548872180452,,,,19,0,54.21679999562912,2.216400011093356,69.52720000117552,2.700500001083128
SupportRiskOnly_B10,JILONG_EI_0109,360,B10,13;217;105;235;157;74;46;35;23;119;33;3;192;72;66;171;178;41;60,0.1,19,105,19,0.0634040630671332,,False,,,0.7553884711779449,,,,19,0,54.47719999938272,2.231899998150766,71.05959999898914,2.636799996253103
SupportRiskOnly_B10,JILONG_EI_0109,370,B10,13;233;219;105;46;201;58;158;34;23;119;91;3;156;192;170;72;66;229,0.1,19,105,19,0.0489773414706985,,False,,,0.7854636591478696,,,,19,0,54.78519998723641,1.895699999295175,70.2943999931449,2.4840000114636496
SupportRiskOnly_B10,JILONG_EI_0109,380,B10,13;217;104;174;219;57;46;34;90;23;3;172;192;134;102;170;66;36;44,0.1,19,107,19,0.0685881875473807,,False,,,0.748155435317265,,,,19,0,53.945100007695146,1.9017000013263896,69.97729999420699,2.292599994689226
SupportRiskOnly_B10,JILONG_EI_0109,390,B10,217;13;105;192;84;219;157;57;119;49;23;4;91;35;46;171;60;213;161,0.1,19,108,19,0.0514660275210389,,False,,,0.7768031189083822,,,,19,0,54.01039999560453,1.826800013077445,69.6585999976378,2.7057999977841973
SupportRiskOnly_B10,JILONG_EI_0109,400,B10,13;218;105;232;84;158;57;103;33;46;4;91;51;192;135;156;23;170;44,0.1,19,106,19,0.0724552227948327,,False,,,0.772591857000993,,,,19,0,55.68299999868032,2.0020000083604828,70.24309999542311,2.242699993075803
SupportRiskOnly_B10,JILONG_EI_0109,410,B10,13;217;104;235;84;174;34;3;74;46;176;172;134;23;72;66;41;102;112,0.1,19,107,19,0.0481886194301291,,False,,,0.763895720609936,,,,19,0,55.28429998958018,1.8935999978566544,71.14949999959208,2.286700007971376
SupportRiskOnly_B10,JILONG_EI_0109,420,B10,13;217;105;157;3;84;219;192;58;34;103;46;91;24;135;171;66;93;36,0.1,19,109,19,0.0555245001569786,,False,,,0.7943022694350553,,,,19,0,54.541499994229525,1.833700007409789,70.2990999998292,2.3495000059483573
SupportRiskOnly_B10,JILONG_EI_0109,430,B10,217;105;13;174;74;84;192;49;3;235;35;103;46;172;23;135;60;41;178,0.1,19,105,19,0.0585032659218476,,False,,,0.7809523809523808,,,,19,0,54.22320000070613,1.8801999976858497,71.9126000039978,4.226299992296845
SupportRiskOnly_B10,JILONG_EI_0109,440,B10,13;218;158;105;3;84;34;119;46;91;57;192;232;156;23;66;229;161;44,0.1,19,108,19,0.0622860687183649,,False,,,0.7675438596491228,,,,19,0,54.46040000242647,1.972999991266988,69.70720000390429,2.2812000097474083
SupportRiskOnly_B10,JILONG_EI_0109,450,B10,13;84;217;105;157;192;34;3;74;103;235;46;72;23;171;41;44;135;213,0.1,19,105,19,0.0793622837714697,,False,,,0.7634085213032581,,,,19,0,54.874200010090135,1.75939999462571,71.47360000817571,2.259899993077852
SupportRiskOnly_B10,JILONG_EI_0109,460,B10,13;84;217;104;174;3;192;57;46;34;90;235;172;206;135;44;102;178;229,0.1,19,105,19,0.061926166428008,,False,,,0.7719298245614035,,,,19,0,55.37770000228193,2.7202000055694957,71.43209999776445,2.3647000052733347
SupportRiskOnly_B10,JILONG_EI_0109,470,B10,192;13;217;105;3;157;84;219;35;46;49;74;103;41;171;23;60;5;165,0.1,19,106,19,0.0616658115796647,,False,,,0.7899702085402185,,,,19,0,55.59279999579303,1.8720999942161145,71.38539999141358,2.302900000358932
SupportRiskOnly_B10,JILONG_EI_0109,480,B10,13;217;104;174;84;219;3;74;34;172;177;45;206;23;186;66;5;41;134,0.1,19,106,19,0.047193145009993,,False,,,0.7432969215491558,,,,19,0,55.04819999623578,1.851699998951517,70.93180000083521,2.32980000146199
SupportRiskOnly_B10,JILONG_EI_0109,490,B10,13;201;105;233;84;219;192;3;158;46;74;35;49;103;172;44;23;213;5,0.1,19,107,19,0.0686724199983153,,False,,,0.8042302016724053,,,,19,0,55.14379999658559,1.7736000008881092,71.01729999703821,2.236200001789257
SupportRiskOnly_B10,JILONG_EI_0109,500,B10,217;29;104;157;84;192;235;91;57;3;50;60;171;165;112;161;5;206;93,0.1,19,107,19,0.0501336232971644,,False,,,0.7432365961633054,,,,19,0,55.25089999719057,1.8151999975088984,69.97879999107681,2.284900008817204
SupportRiskOnly_B10,JILONG_EI_0109,510,B10,13;217;105;174;219;192;74;46;3;50;103;156;68;100;41;44;161;5;206,0.1,19,106,19,0.0820270922192187,,False,,,0.7696127110228401,,,,19,0,54.412600002251565,1.7853000026661905,70.08099999802653,2.224800002295524
SupportRiskOnly_B10,JILONG_EI_0109,520,B10,219;217;13;105;3;192;58;174;46;49;35;91;103;134;156;178;165;44;213,0.1,19,103,19,0.0737187095588516,,False,,,0.7823198773633112,,,,19,0,55.2177999925334,1.7746000085026026,70.23850000405218,2.231899998150766
SupportRiskOnly_B10,JILONG_EI_0109,530,B10,217;13;105;219;192;157;3;74;49;46;51;103;134;171;165;41;44;161;190,0.1,19,102,19,0.0859017849622102,,False,,,0.7466460268317853,,,,19,0,54.40500000258908,1.7871999880298972,70.67599998845253,2.881799999158829
SupportRiskOnly_B10,JILONG_EI_0109,540,B10,218;29;105;3;158;192;57;232;91;35;33;103;66;172;60;68;161;135;212,0.1,19,103,19,0.0640090052147544,,False,,,0.7593254982115484,,,,19,0,54.95600000722334,1.810699992347509,70.77449999633245,2.318700004252605
SupportRiskOnly_B10,JILONG_EI_0109,550,B10,13;217;46;174;90;104;3;219;192;57;33;51;156;178;165;213;44;100;102,0.1,19,103,19,0.0823640220229571,,False,,,0.7802759325498212,,,,19,0,54.49229999794625,1.7625000036787242,70.12780000513885,2.736700000241399
SupportRiskOnly_B10,JILONG_EI_0109,560,B10,217;219;13;90;3;192;157;121;88;34;57;45;161;134;165;171;212;36;185,0.1,19,104,19,0.0568798768674717,,False,,,0.7646761133603239,,,,19,0,53.99760000000242,1.7565000016475096,69.91710000147577,2.679600002011284
SupportRiskOnly_B10,JILONG_EI_0109,570,B10,13;219;217;3;105;74;174;35;46;33;192;103;156;134;41;161;165;44;66,0.1,19,105,19,0.0801510058120391,,False,,,0.7704260651629072,,,,19,0,53.97239999729209,1.7265000060433522,72.70829999470152,3.126299998257309
SupportRiskOnly_B10,JILONG_EI_0109,580,B10,13;219;217;3;158;104;46;90;57;49;192;35;156;178;134;60;213;68;100,0.1,19,104,19,0.0673093857922827,,False,,,0.7611336032388664,,,,19,0,56.778900005156174,2.0864999969489872,70.77140000183135,2.36610000138171
SupportRiskOnly_B10,JILONG_EI_0109,590,B10,13;219;201;3;232;105;157;91;46;33;57;192;103;35;161;165;171;44;134,0.1,19,105,19,0.0738948319562603,,False,,,0.7919799498746866,,,,19,0,56.78009999974165,1.9736999965971336,71.54760000412352,2.3384999949485064
SupportRiskOnly_B10,JILONG_EI_0109,600,B10,13;219;217;3;174;120;90;58;34;88;46;176;156;178;134;165;213;44;206,0.1,19,104,19,0.0644378249649669,,False,,,0.769736842105263,,,,19,0,55.34700000134762,1.7816000035963953,69.55669999297243,2.6218999992124736
SupportRiskOnly_B10,JILONG_EI_0109,610,B10,13;218;3;121;174;74;34;176;216;103;41;45;172;165;213;5;66;135;93,0.1,19,104,19,0.0661531039658169,,False,,,0.7469635627530365,,,,19,0,55.431400003726594,1.7960999975912273,69.84200001170393,2.227300006779842
SupportRiskOnly_B10,JILONG_EI_0109,620,B10,13;219;217;57;3;105;157;91;49;46;161;119;51;60;112;213;165;69;171,0.1,19,105,19,0.0651729445367598,,False,,,0.7709273182957393,,,,19,0,55.578900006366894,2.509600002667866,69.9505000084173,2.9488000000128523
SupportRiskOnly_B10,JILONG_EI_0109,630,B10,29;90;217;235;174;120;58;176;3;33;88;35;156;178;134;165;229;61;206,0.1,19,104,19,0.0638481978084247,,False,,,0.7672064777327936,,,,19,0,54.45630000031088,1.7287999944528565,70.42509999882895,3.0578000005334616
SupportRiskOnly_B10,JILONG_EI_0109,640,B10,13;218;46;105;158;74;34;176;3;232;103;165;44;41;213;156;134;100;178,0.1,19,105,19,0.092234533773384,,False,,,0.7724310776942356,,,,19,0,54.30259999411646,1.7567000031704083,70.64370000443887,2.2470999974757437
SupportRiskOnly_B10,JILONG_EI_0109,650,B10,219;13;233;201;157;3;90;57;104;161;49;192;46;35;213;102;134;206;165,0.1,19,109,19,0.0593302754401145,,False,,,0.8054080154514727,,,,19,0,54.39039999328088,1.941199996508658,70.10460000310559,2.321899999515153
SupportRiskOnly_B10,JILONG_EI_0109,660,B10,13;217;84;174;3;90;161;58;46;235;104;33;192;186;165;35;213;172;134,0.1,19,108,19,0.0364343637769831,,False,,,0.8123781676413255,,,,19,0,54.5916999981273,1.9255999941378832,70.42309999815188,2.246699994429946
SupportRiskOnly_B10,JILONG_EI_0109,670,B10,13;219;233;84;3;174;90;161;103;57;49;201;121;192;46;206;165;134;51,0.1,19,109,19,0.0430887274008162,,False,,,0.8372766779333656,,,,19,0,54.17749998741783,1.887900012661703,70.02170001214836,2.5636000063968822
SupportRiskOnly_B10,JILONG_EI_0109,680,B10,29;90;218;84;57;157;161;3;216;33;103;192;134;121;165;213;60;35;112,0.1,19,107,19,0.0606550221684495,,False,,,0.8170191834727004,,,,19,0,54.37410000013188,1.7107000021496788,70.0034999899799,2.2551000001840293
SupportRiskOnly_B10,JILONG_EI_0109,690,B10,13;217;219;105;119;91;158;46;161;3;192;34;57;165;213;156;5;100;66,0.1,19,106,19,0.0507615379314041,,False,,,0.8123138033763656,,,,19,0,55.113300011726096,1.7145000019809231,70.67190000088885,2.367400011280552
SupportRiskOnly_B10,JILONG_EI_0109,700,B10,90;13;219;3;217;119;174;178;57;192;49;45;35;88;165;121;213;172;206,0.1,19,108,19,0.0440229418566363,,False,,,0.810916179337232,,,,19,0,55.06050000258256,1.7814000020734966,70.68980000622105,2.238999994006008
SupportRiskOnly_B10,JILONG_EI_0109,710,B10,13;74;157;202;46;161;3;233;134;103;35;235;105;213;41;33;165;99;93,0.1,19,105,19,0.06626030890337,,False,,,0.8205513784461153,,,,19,0,59.9478999938583,1.933799998369068,78.26140000543091,2.932699993834831
SupportRiskOnly_B10,JILONG_EI_0109,720,B10,219;29;90;174;3;161;217;134;57;120;49;165;88;35;213;112;156;100;170,0.1,19,105,19,0.0578523788009893,,False,,,0.7924812030075187,,,,19,0,56.49970000376925,1.792600000044331,71.14179999916814,2.2748999908799306
SupportRiskOnly_B10,JILONG_EI_0109,730,B10,13;218;46;158;3;74;178;105;134;103;213;216;49;165;35;176;23;41;206,0.1,19,107,19,0.0672098383502691,,False,,,0.8022626660108214,,,,19,0,54.57059999753256,1.8111000099452208,70.3298000007635,2.304200010257773
SupportRiskOnly_B10,JILONG_EI_0109,740,B10,219;90;13;57;157;161;3;201;134;233;192;104;46;66;165;33;213;35;60,0.1,19,108,19,0.059789725172485,,False,,,0.8192007797270954,,,,19,0,54.83929999172688,1.8100000015692783,71.65749999694526,3.3413999917684123
SupportRiskOnly_B10,JILONG_EI_0109,750,B10,13;84;219;174;105;57;91;3;217;161;134;103;192;46;165;213;156;34;215,0.1,19,109,19,0.052415556967938,,False,,,0.8309995171414775,,,,19,0,54.81689999578521,1.883599994471297,72.55609999992885,3.010500004165806
SupportRiskOnly_B10,JILONG_EI_0109,760,B10,84;13;218;119;161;90;157;58;192;3;88;50;46;121;213;216;165;206;44,0.1,19,109,19,0.0639860327281359,,False,,,0.8039594398841141,,,,19,0,54.45619999954943,1.923700008774176,70.28249998984393,2.277799998410046
SupportRiskOnly_B10,JILONG_EI_0109,770,B10,84;219;29;217;119;90;174;161;58;192;3;49;35;88;213;165;61;156;185,0.1,19,107,19,0.070548506405495,,False,,,0.7904574520413182,,,,19,0,54.526699997950345,1.957500004209578,71.69440000143368,3.316999995149672
SupportRiskOnly_B10,JILONG_EI_0109,780,B10,13;84;46;74;134;158;202;178;235;105;103;192;233;20;213;49;165;41;112,0.1,19,107,19,0.0629829008124602,,False,,,0.8484997540580422,,,,19,0,54.30179998802487,1.7718000017339364,70.12449999456294,2.264800001285039
SupportRiskOnly_B10,JILONG_EI_0109,790,B10,219;251;29;161;74;217;134;157;192;3;106;104;33;213;100;190;60;66;165,0.1,19,108,19,0.0561677297822974,,False,,,0.8250487329434698,,,,19,0,54.875100002391264,2.115299997967668,70.0762000051327,2.215899992734194
SupportRiskOnly_B10,JILONG_EI_0109,800,B10,174;134;251;161;14;201;74;46;192;105;103;33;213;233;20;165;99;44;68,0.1,19,107,19,0.0802122657763551,,False,,,0.8184948352188882,,,,19,0,56.01840000599623,1.7860000079963356,70.77820000995416,2.336999998078681
SupportRiskOnly_B10,JILONG_EI_0109,810,B10,13;219;217;251;134;161;158;74;105;35;3;33;46;213;103;100;165;41;72,0.1,19,106,19,0.0622401237451279,,False,,,0.8123138033763656,,,,19,0,54.60890001268126,2.099599994835444,71.15000000339933,3.154200006974861
SupportRiskOnly_B10,JILONG_EI_0109,820,B10,13;218;74;174;251;178;134;105;46;213;20;103;49;165;176;99;156;23;216,0.1,19,107,19,0.0556853075633083,,False,,,0.7835710772257748,,,,19,0,54.71359999501146,1.7634999967413023,70.40009999764152,2.512499995646067
SupportRiskOnly_B10,JILONG_EI_0109,830,B10,219;57;14;161;157;134;217;121;91;3;46;49;88;213;35;99;165;60;102,0.1,19,105,19,0.0657319417111439,,False,,,0.8035087719298245,,,,19,0,54.59830000472721,2.420799995888956,71.42969999404158,2.934100004495121
SupportRiskOnly_B10,JILONG_EI_0109,840,B10,13;219;174;58;90;217;161;134;3;46;120;213;35;33;165;87;99;156;23,0.1,19,106,19,0.0441071743075709,,False,,,0.814299900695134,,,,19,0,54.40490000182763,2.1092999959364533,69.51610000396613,2.322399988770485
SupportRiskOnly_B10,JILONG_EI_0109,850,B10,29;218;161;174;134;74;105;103;33;213;3;186;5;41;165;116;23;172;206,0.1,19,105,19,0.0692007871905414,,False,,,0.7769423558897243,,,,19,0,54.64380000194069,2.4397999950451776,71.21270000061486,2.980699995532632
SupportRiskOnly_B10,JILONG_EI_0109,860,B10,219;13;158;178;217;58;46;3;134;120;91;33;213;89;35;128;190;176;166,0.1,19,104,19,0.0432112473294484,,False,,,0.8122469635627532,,,,19,0,55.74569999589585,2.4702999944565818,71.25219999579713,3.007799998158589
SupportRiskOnly_B10,JILONG_EI_0109,870,B10,219;161;119;14;174;217;58;3;89;121;91;213;46;165;128;33;35;100;44,0.1,19,100,19,0.0639324302593593,,False,,,0.7994736842105263,,,,19,0,54.15890000585932,1.7410000000381842,70.13940000615548,2.319299994269386
SupportRiskOnly_B10,JILONG_EI_0109,880,B10,218;13;157;90;161;57;103;134;46;3;128;213;165;121;33;35;5;60;99,0.1,19,100,19,0.0576915713946596,,False,,,0.7831578947368422,,,,19,0,54.78210000728723,1.8740999948931856,70.59230000595562,2.873999997973442
SupportRiskOnly_B10,JILONG_EI_0109,890,B10,219;217;174;29;161;74;104;134;3;33;128;213;156;35;41;166;99;66;23,0.1,19,100,19,0.0619797688967846,,False,,,0.7763157894736842,,,,19,0,54.48830001114402,1.8025000026682392,71.38169999234378,2.293400000780821
SupportRiskOnly_B10,JILONG_EI_0109,900,B10,13;219;46;90;217;161;58;158;134;4;128;120;33;88;35;213;165;99;23,0.1,19,100,19,0.0420855954851406,,False,,,0.8168421052631579,,,,19,0,54.04990000533871,1.711999997496605,70.62140000925865,2.361799997743219
SupportRiskOnly_B10,JILONG_EI_0109,910,B10,235;90;161;14;201;174;4;46;103;57;121;134;33;233;128;213;35;166;23,0.1,19,101,19,0.0477827721665352,,False,,,0.825951016154247,,,,19,0,54.19920000713319,1.869899992016144,70.35290000203531,2.255900006275624
SupportRiskOnly_B10,JILONG_EI_0109,920,B10,13;218;105;178;157;74;3;103;33;166;213;35;134;112;46;99;44;216;171,0.1,19,101,19,0.0801586633075786,,False,,,0.7842626367899947,,,,19,0,54.01630001142621,1.8191999988630412,71.41439999395516,2.272700003231876
SupportRiskOnly_B10,JILONG_EI_0109,930,B10,219;29;174;161;90;217;3;104;33;58;35;134;165;213;172;100;206;128;72,0.1,19,102,19,0.0419554180609689,,False,,,0.7987616099071208,,,,19,0,55.45809998875484,1.8383999995421616,71.58839999465272,2.397000003838912
SupportRiskOnly_B10,JILONG_EI_0109,940,B10,218;161;90;46;13;158;3;58;103;35;134;121;128;33;66;166;213;172;44,0.1,19,102,19,0.0715439808256311,,False,,,0.7966976264189886,,,,19,0,56.41940000350587,1.81719999818597,72.0086000073934,2.426099992590025
SupportRiskOnly_B10,JILONG_EI_0109,950,B10,219;217;90;178;3;29;174;104;58;35;134;128;33;165;99;156;213;72;185,0.1,19,102,19,0.0531430190441914,,False,,,0.7739938080495355,,,,19,0,54.378400003770366,1.7955000075744465,71.76810000964906,2.3230999941006303
SupportRiskOnly_B10,JILONG_EI_0109,960,B10,219;13;90;217;46;161;4;157;192;134;35;104;58;128;165;33;190;72;93,0.1,19,103,19,0.0374298381971192,,False,,,0.8191108840061319,,,,19,0,54.48500000056811,1.7948999884538352,70.13940000615548,3.04110000433866
SupportRiskOnly_B10,JILONG_EI_0109,970,B10,218;13;74;128;161;174;192;3;103;35;134;165;49;121;46;156;44;99;41,0.1,19,103,19,0.0809550428436875,,False,,,0.7904956566172714,,,,19,0,55.09110000275541,1.777500001480803,71.52040000073612,2.256199994008057
SupportRiskOnly_B10,JILONG_EI_0109,980,B10,219;128;90;13;161;4;158;217;35;192;104;46;57;165;134;49;60;100;102,0.1,19,103,19,0.056251962233232,,False,,,0.8216658150229945,,,,19,0,54.32640000071842,1.7284000059589744,70.568999988609,2.2877000010339543
SupportRiskOnly_B10,JILONG_EI_0109,990,B10,219;90;217;13;178;128;174;192;3;104;35;58;165;5;46;99;66;170;213,0.1,19,104,19,0.0485102342427885,,False,,,0.8011133603238867,,,,19,0,54.53160000615753,2.8395999979693443,70.51280001178384,2.240400004666298
SupportRiskOnly_B10,JILONG_EI_0109,1000,B10,13;235;46;161;217;74;104;157;128;192;4;50;165;134;23;44;206;171;215,0.1,19,105,19,0.0688408849001845,,False,,,0.7949874686716791,,,,19,0,55.14379999658559,1.7638999997870997,69.71160000830423,2.265700008138083
SupportRiskOnly_B10,JILONG_EI_0109,1010,B10,219;29;232;161;58;201;35;158;192;103;91;128;89;3;121;165;99;134;156,0.1,19,104,19,0.0557848550053219,,False,,,0.8274291497975709,,,,19,0,54.9713999935193,1.7719000024953857,69.695900005172,2.244599992991425
SupportRiskOnly_B10,JILONG_EI_0109,1020,B10,13;217;128;161;58;174;89;119;235;3;50;46;166;91;116;156;44;68;213,0.1,19,102,19,0.084018041059491,,False,,,0.7894736842105263,,,,19,0,54.51909999828786,1.7453000036766753,69.86319999850821,2.184800003306009
SupportRiskOnly_B10,JILONG_EI_0109,1030,B10,219;232;74;128;14;174;104;178;35;165;201;3;46;99;41;66;229;171;117,0.1,19,102,19,0.0800974033432625,,False,,,0.7770897832817337,,,,19,0,54.63020000024699,1.727700000628829,71.1044000054244,2.4588999949628487
SupportRiskOnly_B10,JILONG_EI_0109,1040,B10,13;232;219;58;105;128;161;157;103;35;46;165;3;186;91;206;44;66;100,0.1,19,104,19,0.0688408849001845,,False,,,0.7935222672064778,,,,19,0,56.280300006619655,1.7989999905694276,71.27590000163764,2.333199998247437
SupportRiskOnly_B10,JILONG_EI_0109,1050,B10,218;29;90;58;128;232;174;161;104;50;165;3;99;172;60;72;102;170;134,0.1,19,102,19,0.0565123170815753,,False,,,0.7807017543859649,,,,19,0,56.301700009498745,1.8051999941235408,70.38370000373106,3.0008999892743304
SupportRiskOnly_B10,JILONG_EI_0109,1060,B10,219;13;217;128;46;58;158;50;161;105;165;3;103;156;44;93;100;135;215,0.1,19,103,19,0.0798447059904587,,False,,,0.7812979049565661,,,,19,0,54.619299990008585,1.7698000010568649,70.24180000007618,2.87209999805782
SupportRiskOnly_B10,JILONG_EI_0109,1070,B10,219;90;57;128;29;232;174;35;104;178;201;166;3;99;172;61;102;33;213,0.1,19,105,19,0.0768276527478922,,False,,,0.7944862155388471,,,,19,0,54.212699993513525,1.7703000048641115,70.11159999819938,2.7428000030340627
SupportRiskOnly_B10,JILONG_EI_0109,1080,B10,235;13;46;74;217;161;121;50;128;157;88;23;3;165;134;99;44;171;41,0.1,19,105,19,0.0778078121769494,,False,,,0.8095238095238095,,,,19,0,54.53629999828991,1.7851000011432916,69.98900001053698,3.194199991412461
SupportRiskOnly_B10,JILONG_EI_0109,1090,B10,219;90;84;58;13;232;174;104;35;128;177;46;3;165;201;44;23;172;49,0.1,19,106,19,0.0588019082478884,,False,,,0.8212512413108243,,,,19,0,54.497799996170215,1.7493000050308185,70.2191999880597,2.8651000029640272
SupportRiskOnly_B10,JILONG_EI_0109,1100,B10,218;232;128;104;13;46;57;158;50;178;106;20;190;166;99;156;185;134;229,0.1,19,104,19,0.0505854155339954,,False,,,0.8066801619433198,,,,19,0,54.600099989329465,1.7749999969964847,71.1581999930786,2.630200004205108
SupportRiskOnly_B10,JILONG_EI_0109,1110,B10,13;219;217;74;46;161;50;128;105;157;103;3;165;99;155;44;41;134;213,0.1,19,104,19,0.0848067631000605,,False,,,0.791497975708502,,,,19,0,54.60179998772219,2.1434999944176525,70.9878000052413,2.303699991898611
SupportRiskOnly_B10,JILONG_EI_0109,1120,B10,219;13;128;57;104;35;233;106;174;161;46;3;201;66;155;165;102;44;100,0.1,19,103,19,0.0774172799044344,,False,,,0.798160449667859,,,,19,0,54.66379999415949,2.489699996658601,69.97880000562873,2.229399993666448
SupportRiskOnly_B10,JILONG_EI_0109,1130,B10,219;13;104;217;58;46;128;158;35;178;3;49;99;172;165;170;135;44;91,0.1,19,103,19,0.0720187455490807,,False,,,0.7721001532958611,,,,19,0,54.67319999297615,1.7528999887872487,71.65699999313802,3.184400004101917
SupportRiskOnly_B10,JILONG_EI_0109,1140,B10,29;235;104;128;74;217;106;174;35;203;161;3;165;155;99;66;61;135;33,0.1,19,104,19,0.0625923685399453,,False,,,0.792004048582996,,,,19,0,54.87469999934547,2.7794000052381307,70.07370000064839,2.2653000050922856
SupportRiskOnly_B10,JILONG_EI_0109,1150,B10,13;219;104;46;233;58;106;128;35;158;201;161;165;44;99;3;171;49;135,0.1,19,102,19,0.0709237236869309,,False,,,0.7946336429308566,,,,19,0,54.56370000320021,2.140199998393655,70.19329999457113,2.277100007631816
SupportRiskOnly_B10,JILONG_EI_0109,1160,B10,219;104;74;217;13;46;161;106;128;35;157;99;44;3;165;155;49;135;133,0.1,19,105,19,0.0807100029864232,,False,,,0.7729323308270676,,,,19,0,54.5676000037929,2.5129999994533136,73.7107000022661,3.302599987364374
SupportRiskOnly_B10,JILONG_EI_0109,1170,B10,219;104;128;232;90;29;174;58;178;35;201;176;165;99;23;3;172;66;170,0.1,19,105,19,0.0507691954269436,,False,,,0.7699248120300751,,,,19,0,54.96579999453388,1.813200011383742,71.66329999745358,3.155800004606135
SupportRiskOnly_B10,JILONG_EI_0109,1180,B10,104;218;13;46;128;35;106;158;161;232;74;100;3;44;156;165;190;5;66,0.1,19,103,19,0.0716588432587238,,False,,,0.7726111394992335,,,,19,0,54.476499994052574,1.803699997253716,71.18100000661798,2.4917999980971217
SupportRiskOnly_B10,JILONG_EI_0109,1190,B10,104;217;235;29;106;174;35;128;177;57;3;155;99;23;203;61;166;49;102,0.1,19,101,19,0.0665512937338714,,False,,,0.7644606565919749,,,,19,0,55.325299996184185,1.7853000026661905,70.57659998827148,2.2292000066954643
SupportRiskOnly_B10,JILONG_EI_0109,1200,B10,219;13;104;217;58;106;46;34;128;157;178;3;44;99;171;66;165;185;52,0.1,19,100,19,0.0787037391550719,,False,,,0.7752631578947368,,,,19,0,54.50379999820143,1.763699998264201,70.68250000884291,2.325199995539151
SupportRiskOnly_B10,JILONG_EI_0109,1210,B10,13;217;104;219;251;57;2;128;106;35;161;174;46;100;44;23;66;4;155,0.1,19,101,19,0.0561294423045998,,False,,,0.7863470557582074,,,,19,0,54.4825000106357,1.7401999939465895,70.77510000090115,2.250200006528757
SupportRiskOnly_B10,JILONG_EI_0109,1220,B10,217;121;251;29;74;3;103;128;34;158;161;99;203;66;155;134;165;41;61,0.1,19,98,19,0.0817514223797964,,False,,,0.7395273899033297,,,,19,0,54.95610000798479,1.8254000024171544,73.06510000489652,2.9706999921472743
SupportRiskOnly_B10,JILONG_EI_0109,1230,B10,13;217;235;104;46;90;2;128;35;57;174;178;99;44;165;156;78;66;134,0.1,19,98,19,0.0892404530174361,,False,,,0.7706766917293233,,,,19,0,56.41499999910593,1.8071999948006123,71.91939999756869,3.052100000786595
SupportRiskOnly_B10,JILONG_EI_0109,1240,B10,219;217;104;90;13;46;3;34;157;58;128;186;161;100;155;44;166;134;5,0.1,19,99,19,0.0592307279981009,,False,,,0.7814992025518341,,,,19,0,54.27160000544973,1.7567000031704083,69.73569998808671,2.229699995950796
SupportRiskOnly_B10,JILONG_EI_0109,1250,B10,219;217;13;105;3;128;74;35;158;46;103;161;99;171;166;60;134;41;78,0.1,19,97,19,0.0886278533742754,,False,,,0.7531199131850245,,,,19,0,54.56759998924099,1.8017999973380936,69.88990001264028,2.254000006360002
SupportRiskOnly_B10,JILONG_EI_0109,1260,B10,232;90;13;219;3;58;104;201;128;174;35;161;100;156;170;46;44;78;165,0.1,19,96,19,0.0991033072723235,,False,,,0.7763157894736842,,,,19,0,53.98539999441709,1.7699000018183142,71.76980000804178,3.0657000024802983
SupportRiskOnly_B10,JILONG_EI_0109,1270,B10,217;219;3;29;58;128;104;106;34;158;178;99;171;165;78;66;133;185;199,0.1,19,98,19,0.0893553154505287,,False,,,0.7470461868958109,,,,19,0,54.30249999335501,1.778799996827729,70.8842000021832,2.513700004783459
SupportRiskOnly_B10,JILONG_EI_0109,1280,B10,217;13;104;235;3;90;128;58;46;203;35;157;177;44;99;78;165;155;199,0.1,19,99,19,0.0863076322258042,,False,,,0.7846889952153111,,,,19,0,56.39830000291113,2.5243000127375126,72.19659999827854,2.403899998171255
SupportRiskOnly_B10,JILONG_EI_0109,1290,B10,219;232;3;104;58;128;13;106;34;178;174;46;100;201;155;78;165;44;213,0.1,19,98,19,0.0933525281221523,,False,,,0.7733619763694952,,,,19,0,55.33950000244658,1.7484999989392236,71.52280000445899,2.344499996979721
SupportRiskOnly_B10,JILONG_EI_0109,1300,B10,232;3;13;219;104;58;106;35;158;161;128;61;99;155;201;135;199;23;179,0.1,19,99,19,0.0788032865970855,,False,,,0.7309941520467835,,,,19,0,54.40009999438189,1.7702000041026622,70.70719999319408,2.439299991237931
SupportRiskOnly_B10,JILONG_EI_0109,1310,B10,219;2;217;13;58;104;128;35;90;174;46;178;100;156;135;44;4;78;170,0.1,19,98,19,0.0926327235414385,,False,,,0.7620837808807733,,,,19,0,54.14159999054391,1.7899999947985634,69.88719999208115,2.2200000094017014
SupportRiskOnly_B10,JILONG_EI_0109,1320,B10,217;74;3;104;14;235;128;35;158;161;100;166;155;203;78;46;135;41;5,0.1,19,99,19,0.0797987610172217,,False,,,0.7527910685805422,,,,19,0,54.21629999182187,1.8044000025838611,70.77039999421686,2.2396999993361533
SupportRiskOnly_B10,JILONG_EI_0109,1330,B10,3;217;13;219;104;90;35;58;128;157;100;177;46;44;10;78;155;166;66,0.1,19,99,19,0.0888346057538421,,False,,,0.7655502392344498,,,,19,0,56.23119999654591,2.3885999980848283,71.42980000935495,2.2825000050943345
SupportRiskOnly_B10,JILONG_EI_0109,1340,B10,219;217;3;84;29;128;104;174;34;90;161;57;155;23;166;78;229;5;116,0.1,19,101,19,0.0671715508725716,,False,,,0.7467430953621678,,,,19,0,56.311899999855086,1.8020999996224416,74.3030000012368,4.006900009699166
SupportRiskOnly_B10,JILONG_EI_0109,1350,B10,219;232;3;13;46;121;74;103;34;128;100;158;177;201;166;155;44;23;78,0.1,19,102,19,0.0936052254749561,,False,,,0.7884416924664602,,,,19,0,55.99610001081601,1.863400000729598,70.74640000064392,2.2031999978935346
SupportRiskOnly_B10,JILONG_EI_0109,1360,B10,218;232;2;128;104;174;58;35;106;46;178;100;14;171;78;166;23;72;200,0.1,19,103,19,0.062799120919512,,False,,,0.7966274910577414,,,,19,0,54.384699993534014,1.7389999993611127,71.51840000005905,3.008300001965836
SupportRiskOnly_B10,JILONG_EI_0109,1370,B10,219;3;217;13;74;128;105;119;50;46;177;23;100;174;156;44;78;165;10,0.1,19,103,19,0.0836811112557527,,False,,,0.7812979049565663,,,,19,0,54.60930000117514,2.1333000040613115,69.90070000756532,2.2706000017933547
SupportRiskOnly_B10,JILONG_EI_0109,1380,B10,218;2;74;128;232;29;104;106;35;178;78;174;100;155;23;10;4;166;185,0.1,19,101,19,0.0670030859707024,,False,,,0.7608129233976029,,,,19,0,54.40720000478905,1.945500000147149,72.18610000563785,2.8064000071026385
SupportRiskOnly_B10,JILONG_EI_0109,1390,B10,219;3;104;217;13;128;57;106;46;34;161;174;100;78;44;23;156;186;10,0.1,19,102,19,0.0813455751162025,,False,,,0.781217750257998,,,,19,0,55.434099995181896,1.7980999982682988,71.67029999254737,2.348800000618212
SupportRiskOnly_B10,JILONG_EI_0109,1400,B10,218;13;3;104;128;232;58;176;106;35;158;100;178;156;78;23;229;46;166,0.1,19,100,19,0.0690552947752908,,False,,,0.7768421052631579,,,,19,0,55.00780000875238,1.973299993551336,70.96630000160076,2.333199998247437
SupportRiskOnly_B10,JILONG_EI_0109,1410,B10,3;13;217;84;219;104;74;128;174;106;177;34;78;46;155;44;23;135;10,0.1,19,100,19,0.0750817437648842,,False,,,0.8026315789473685,,,,19,0,55.78979999700096,1.7865999980131164,71.88540000061039,2.641699989908375
SupportRiskOnly_B10,JILONG_EI_0109,1420,B10,104;218;2;232;90;58;13;128;78;34;100;177;157;20;155;66;10;60;229,0.1,19,101,19,0.0749898538184101,,False,,,0.7649817613340282,,,,19,0,55.42560000321828,1.7361000063829124,70.77549998939503,2.245499999844469
SupportRiskOnly_B10,JILONG_EI_0109,1430,B10,219;13;3;84;217;104;90;34;58;78;128;161;174;171;46;44;10;206;133,0.1,19,103,19,0.0905422272591526,,False,,,0.7838528359734287,,,,19,0,54.88359999435488,1.743999993777834,70.85399999050424,2.286599992658012
SupportRiskOnly_B10,JILONG_EI_0109,1440,B10,2;235;203;84;104;90;29;232;58;201;178;128;35;158;78;156;66;229;4,0.1,19,103,19,0.0755565084883338,,False,,,0.8099131323454267,,,,19,0,55.20849999447819,1.7574000085005537,70.92679999186657,2.293499986990355
SupportRiskOnly_B10,JILONG_EI_0119,10,B10,78;219;57;106;217;84;4;128;13;50;119;251;10;156;192;158;213;206;178,0.1,19,115,19,0.0633964055715937,,False,,,0.8384439359267735,,,,19,0,54.36770000960678,1.9468999962555245,70.3330999967875,2.219300004071556
SupportRiskOnly_B10,JILONG_EI_0119,20,B10,219;58;106;84;217;13;4;128;33;251;104;10;66;77;35;134;157;155;177,0.1,19,113,19,0.054957845487055,,False,,,0.8570097810898929,,,,19,0,54.26910000096541,1.8973999976878984,69.66019999526907,2.2545999963767827
SupportRiskOnly_B10,JILONG_EI_0119,30,B10,219;57;77;90;217;112;119;49;29;4;84;157;251;35;121;206;213;10;185,0.1,19,114,19,0.0600117925431308,,False,,,0.8176361957525392,,,,19,0,54.703000001609325,1.7924999992828816,70.15910001064185,2.2434999991673976
SupportRiskOnly_B10,JILONG_EI_0119,40,B10,58;235;77;119;201;50;232;112;105;13;4;158;203;156;100;213;91;10;206,0.1,19,111,19,0.0660229265416453,,False,,,0.838311996206733,,,,19,0,53.82719999761321,1.815900002839044,70.54620000417344,2.335799988941289
SupportRiskOnly_B10,JILONG_EI_0119,50,B10,74;235;61;217;29;50;105;4;134;128;158;203;156;102;68;215;170;206;36,0.1,19,110,19,0.0944245774976836,,False,,,0.807177033492823,,,,19,0,54.9511999997776,1.8568999948911369,72.62099999934435,2.890899995691143
SupportRiskOnly_B10,JILONG_EI_0119,60,B10,57;219;61;201;66;84;104;106;174;20;215;29;34;156;135;170;133;179;233,0.1,19,111,19,0.1100228959116631,,False,,,0.8288288288288289,,,,19,0,55.67970000265632,1.8744999979389831,70.18039999820758,2.334400007384829
SupportRiskOnly_B10,JILONG_EI_0119,70,B10,57;60;219;106;217;49;158;51;46;3;5;103;112;186;156;69;28;214;99,0.1,19,108,19,0.0776240322840012,,False,,,0.8050682261208577,,,,19,0,55.1982000033604,2.1455999958561733,70.5422000028193,2.251300000352785
SupportRiskOnly_B10,JILONG_EI_0119,80,B10,44;219;57;106;217;214;13;158;120;66;19;171;52;88;128;185;33;165;190,0.1,19,106,19,0.0765519829084699,,False,,,0.7790466732869911,,,,19,0,54.52829999558162,1.7579999985173345,70.21610000811052,2.2838000004412606
SupportRiskOnly_B10,JILONG_EI_0119,90,B10,44;219;74;106;33;217;214;158;120;185;155;4;41;71;165;35;190;176;46,0.1,19,102,19,0.0979776554280157,,False,,,0.7569659442724458,,,,19,0,54.05839999730233,1.7822999943746254,71.57960000040475,2.26759999350179
SupportRiskOnly_B10,JILONG_EI_0119,100,B10,28;219;57;90;217;33;174;121;185;134;61;155;4;215;14;229;161;25;88,0.1,19,101,19,0.0962011164628496,,False,,,0.7785304846274101,,,,19,0,54.40860000089742,1.8696000042837115,69.88599999749567,2.783599993563257
SupportRiskOnly_B10,JILONG_EI_0119,110,B10,219;28;58;106;201;174;33;155;176;4;119;232;206;60;51;26;213;88;69,0.1,19,98,19,0.0885512784188803,,False,,,0.7685284640171858,,,,19,0,54.7278999874834,1.752999989548698,70.56340000417549,2.857700004824437
SupportRiskOnly_B10,JILONG_EI_0119,120,B10,219;13;106;27;74;216;158;155;185;119;33;20;252;190;45;66;212;88;178,0.1,19,99,19,0.076207395609192,,False,,,0.7729930887825625,,,,19,0,54.265300001134165,1.7920999962370845,71.18079999054316,2.282100002048537
SupportRiskOnly_B10,JILONG_EI_0119,130,B10,219;27;13;106;216;74;158;212;155;104;185;49;4;135;61;252;35;206;40,0.1,19,100,19,0.1063243255660803,,False,,,0.7978947368421053,,,,19,0,54.45619999954943,1.7709999956423417,70.51410000713076,3.091299993684516
SupportRiskOnly_B10,JILONG_EI_0119,140,B10,219;27;106;217;57;174;212;119;29;155;185;49;112;206;4;60;88;179;177,0.1,19,101,19,0.0807023454908837,,False,,,0.7727983324648254,,,,19,0,54.73010000423528,1.8506000051274896,70.43069999781437,2.4938999995356426
SupportRiskOnly_B10,JILONG_EI_0119,150,B10,219;27;105;57;232;201;91;158;119;212;206;13;155;4;33;66;45;133;35,0.1,19,102,19,0.0822185296077065,,False,,,0.7889576883384933,,,,19,0,54.39790000673384,1.8070000078296289,70.0176999962423,2.287900002556853
SupportRiskOnly_B10,JILONG_EI_0119,160,B10,219;74;10;120;33;232;201;174;106;206;13;4;170;156;229;45;88;134;51,0.1,19,98,19,0.053663728740878,,False,,,0.7653061224489794,,,,19,0,55.25639999541454,1.7517000087536871,70.22819999838248,2.22609999764245
SupportRiskOnly_B10,JILONG_EI_0119,170,B10,219;26;57;90;33;121;13;174;201;232;135;155;212;206;60;4;112;103;101,0.1,19,97,19,0.0886661408519729,,False,,,0.7731958762886597,,,,19,0,56.39030000020284,1.8284999969182536,72.057000012137,2.4050000065471977
SupportRiskOnly_B10,JILONG_EI_0119,180,B10,57;219;10;90;33;217;174;13;120;185;60;206;155;4;35;213;112;102;215,0.1,19,100,19,0.0615662641376511,,False,,,0.761578947368421,,,,19,0,55.82939999294467,1.7846999980974942,71.86779999756254,2.3064999986672774
SupportRiskOnly_B10,JILONG_EI_0119,190,B10,57;219;25;13;217;106;33;174;120;185;88;20;206;60;155;112;212;51;86,0.1,19,99,19,0.0838878636353194,,False,,,0.7506645401382244,,,,19,0,56.84980000660289,1.803799998015165,71.65999998687766,3.104100003838539
SupportRiskOnly_B10,JILONG_EI_0119,200,B10,57;219;25;13;33;217;106;174;120;206;185;4;35;88;156;112;177;196;23,0.1,19,99,19,0.0685422425741437,,False,,,0.7384370015948963,,,,19,0,56.29120000230614,1.924800002598204,71.4598000049591,2.318999991985038
SupportRiskOnly_B10,JILONG_EI_0119,210,B10,57;10;202;235;13;33;106;232;174;200;93;206;103;135;196;4;171;112;36,0.1,19,98,19,0.0519407922444885,,False,,,0.7690655209452203,,,,19,0,55.34329998772591,1.727399998344481,71.84800000686664,2.605700006824918
SupportRiskOnly_B10,JILONG_EI_0119,220,B10,57;13;218;106;10;232;174;34;24;200;206;104;93;196;4;186;32;172;229,0.1,19,98,19,0.0492530113101209,,False,,,0.7524167561761547,,,,19,0,55.01039999944624,1.7029999871738255,71.5762000036193,2.9079999949317425
SupportRiskOnly_B10,JILONG_EI_0119,230,B10,57;235;217;106;29;174;10;33;24;203;93;206;104;170;135;196;172;68;165,0.1,19,95,19,0.0689940348109747,,False,,,0.7362880886426593,,,,19,0,56.61349999718368,1.750199997331947,69.72590000077616,2.318399987416342
SupportRiskOnly_B10,JILONG_EI_0119,240,B10,57;202;235;13;105;10;33;232;174;91;200;46;206;93;103;135;172;196;70,0.1,19,97,19,0.0620103988789426,,False,,,0.7764514378730331,,,,19,0,55.30529998941347,1.7260000022361055,70.12180000310764,2.264399998239241
SupportRiskOnly_B10,JILONG_EI_0119,250,B10,57;13;217;219;90;121;49;174;10;88;206;93;46;186;135;35;60;213;144,0.1,19,98,19,0.0445513090488624,,False,,,0.761546723952739,,,,19,0,55.10789999971166,1.7383000085828826,70.7438999961596,2.323900000192225
SupportRiskOnly_B10,JILONG_EI_0119,260,B10,13;57;219;217;90;49;10;104;158;93;206;61;186;172;213;23;35;135;144,0.1,19,100,19,0.0623703011692995,,False,,,0.751578947368421,,,,19,0,55.82959999446757,1.7736000008881092,70.58349999715574,2.263299989863299
SupportRiskOnly_B10,JILONG_EI_0119,270,B10,13;58;235;105;217;174;91;49;40;93;10;206;203;61;185;51;213;3;135,0.1,19,101,19,0.0887044283296705,,False,,,0.7535174570088587,,,,19,0,55.53420000069309,2.2327999904518947,70.2817999990657,2.2173000033944845
SupportRiskOnly_B10,JILONG_EI_0119,280,B10,13;58;218;90;104;232;174;50;93;200;206;61;213;186;32;10;135;128;177,0.1,19,102,19,0.0583730884976759,,False,,,0.7574819401444788,,,,19,0,54.26589999115095,1.8930000078398732,70.41369999933522,2.3631000076420605
SupportRiskOnly_B10,JILONG_EI_0119,290,B10,58;13;105;219;217;33;91;158;46;93;87;10;206;51;213;186;172;44;20,0.1,19,101,19,0.0665359787427923,,False,,,0.7686294945284002,,,,19,0,55.8867000072496,2.4794000055408105,70.03709999844432,2.249600001960061
SupportRiskOnly_B10,JILONG_EI_0119,300,B10,58;13;217;219;105;33;91;174;93;10;206;35;186;213;45;66;23;135;241,0.1,19,99,19,0.0507385654447856,,False,,,0.7448165869218502,,,,19,0,54.59230000269599,2.73429999651853,69.98459999158513,2.2661999973934144
SupportRiskOnly_B10,JILONG_EI_0119,310,B10,57;217;29;235;90;88;33;157;121;3;206;61;213;51;186;10;93;23;128,0.1,19,98,19,0.0661837339479749,,False,,,0.7561761546723953,,,,19,0,54.27120000240393,1.720600004773587,71.72539999010041,3.0146999924909323
SupportRiskOnly_B10,JILONG_EI_0119,320,B10,58;13;217;90;235;46;104;34;174;93;206;186;213;10;66;23;3;128;161,0.1,19,99,19,0.0379275754071873,,False,,,0.74481658692185,,,,19,0,54.412600002251565,1.787100001820363,70.45600000128616,2.2791000083088875
SupportRiskOnly_B10,JILONG_EI_0119,330,B10,57;13;217;219;90;88;192;49;121;119;172;35;174;93;23;3;206;61;186,0.1,19,103,19,0.0459220007504345,,False,,,0.7925396014307614,,,,19,0,54.65140000160318,1.7468999867560342,70.6785999936983,3.4370000066701323
SupportRiskOnly_B10,JILONG_EI_0119,340,B10,58;217;29;105;235;91;34;157;93;3;206;26;103;186;32;213;61;23;128,0.1,19,101,19,0.0871422992396107,,False,,,0.7357998957790516,,,,19,0,54.03300000762101,1.7488000012235716,69.91139998717699,2.7409000031184405
SupportRiskOnly_B10,JILONG_EI_0119,350,B10,13;57;217;90;88;235;46;119;35;49;3;172;174;93;206;121;10;170;44,0.1,19,101,19,0.0583424585155179,,False,,,0.7868681605002606,,,,19,0,54.92229999799747,1.9513000006554648,70.30300000042189,2.295600002980791
SupportRiskOnly_B10,JILONG_EI_0119,360,B10,13;217;58;219;119;90;192;88;46;157;35;3;206;93;10;33;185;121;144,0.1,19,104,19,0.0367330061030239,,False,,,0.7545546558704453,,,,19,0,54.71240000042599,1.7319000035058707,70.34250001015607,2.23579999874346
SupportRiskOnly_B10,JILONG_EI_0119,370,B10,13;217;57;119;90;34;235;172;174;46;88;93;3;206;121;10;112;177;203,0.1,19,102,19,0.0287615532463952,,False,,,0.7590299277605779,,,,19,0,55.74060000071768,2.4062000011326745,70.6307999935234,2.2256999945966527
SupportRiskOnly_B10,JILONG_EI_0119,380,B10,13;217;57;119;105;235;34;172;174;91;93;46;3;206;87;24;112;66;178,0.1,19,100,19,0.0439463669012412,,False,,,0.7626315789473684,,,,19,0,55.68730000231881,1.7546999879414216,71.22739999613259,2.3311999975703657
SupportRiskOnly_B10,JILONG_EI_0119,390,B10,13;58;217;90;104;34;235;172;174;176;61;3;206;135;32;112;66;93;25,0.1,19,103,19,0.066666156166964,,False,,,0.7526826775677057,,,,19,0,56.29459999909159,1.738099992508069,72.0183000084944,3.178200000547804
SupportRiskOnly_B10,JILONG_EI_0119,400,B10,13;57;217;35;119;90;46;157;88;235;49;93;3;206;99;44;171;23;203,0.1,19,101,19,0.0603027773736321,,False,,,0.7514330380406462,,,,19,0,55.4106000054162,1.7393000016454607,70.32199999957811,2.22090000170283
SupportRiskOnly_B10,JILONG_EI_0119,410,B10,13;57;201;34;233;119;90;46;172;158;235;66;206;203;93;4;88;212;23,0.1,19,101,19,0.0407761637478846,,False,,,0.7722772277227723,,,,19,0,55.131899993284605,1.837200004956685,70.65789999614935,2.276200000778772
SupportRiskOnly_B10,JILONG_EI_0119,420,B10,13;57;217;219;34;104;90;46;174;172;135;206;212;66;24;20;44;93;178,0.1,19,100,19,0.0720110880535412,,False,,,0.7442105263157895,,,,19,0,54.64129999745637,2.117100011673756,70.91120000404771,2.589399999123998
SupportRiskOnly_B10,JILONG_EI_0119,430,B10,13;57;34;192;217;119;105;174;46;206;235;172;91;93;203;212;87;32;44,0.1,19,100,19,0.049796693493426,,False,,,0.7689473684210527,,,,19,0,57.12060000223573,2.21280001278501,71.0049000044819,2.242600006866269
SupportRiskOnly_B10,JILONG_EI_0119,440,B10,13;90;58;119;34;251;217;46;157;206;88;3;203;176;66;212;178;165;44,0.1,19,98,19,0.0621099463209562,,False,,,0.7653061224489796,,,,19,0,56.97019999206532,1.925100004882552,71.04969999636523,3.4754999942379072
SupportRiskOnly_B10,JILONG_EI_0119,450,B10,13;251;90;57;34;219;119;201;233;46;192;157;3;88;206;93;212;44;171,0.1,19,102,19,0.0623932736559181,,False,,,0.7910216718266254,,,,19,0,54.35109999962151,1.771700000972487,71.39909999386873,2.6856000040424988
SupportRiskOnly_B10,JILONG_EI_0119,460,B10,90;29;119;57;35;251;202;232;206;174;192;3;172;49;88;200;61;178;5,0.1,19,101,19,0.0543605608349733,,False,,,0.791558103178739,,,,19,0,55.24380000133533,2.4685999960638583,70.7401999970898,2.3714999988442287
SupportRiskOnly_B10,JILONG_EI_0119,470,B10,90;13;58;103;34;192;46;218;232;157;3;44;66;171;206;72;200;165;68,0.1,19,100,19,0.0725700852279253,,False,,,0.78,,,,19,0,56.93749999045394,1.7450000013923272,70.52509998902678,2.690299996174872
SupportRiskOnly_B10,JILONG_EI_0119,480,B10,90;13;58;192;34;218;119;46;174;232;172;93;3;88;44;186;32;161;213,0.1,19,97,19,0.055409637723886,,False,,,0.7726532826912642,,,,19,0,54.72290000761859,1.814500006730668,69.7331999981543,2.3612999939359725
SupportRiskOnly_B10,JILONG_EI_0119,490,B10,90;13;34;57;103;192;217;174;235;46;3;203;172;93;135;66;178;44;36,0.1,19,99,19,0.0664134588141602,,False,,,0.771398192450824,,,,19,0,55.03519999911077,1.7588000046089292,71.06290000956506,2.253400001791306
SupportRiskOnly_B10,JILONG_EI_0119,500,B10,90;29;192;34;58;218;119;157;88;171;232;66;3;61;206;5;24;100;161,0.1,19,101,19,0.0727538651208735,,False,,,0.7498697238144868,,,,19,0,54.70009999407921,1.8051999941235408,70.53550001000986,2.2613000037381425
SupportRiskOnly_B10,JILONG_EI_0119,510,B10,13;90;192;218;34;58;104;46;157;44;171;5;232;178;134;32;93;185;213,0.1,19,101,19,0.0737876270187072,,False,,,0.7670661803022408,,,,19,0,56.26490000577178,1.6973000019788742,70.14429999981076,2.217200002633035
SupportRiskOnly_B10,JILONG_EI_0119,520,B10,13;192;106;74;46;217;35;103;174;41;171;44;206;203;49;134;93;161;112,0.1,19,102,19,0.0759546982563882,,False,,,0.78328173374613,,,,19,0,54.08960000204388,1.8826000014087183,70.49180001195055,2.217499990365468
SupportRiskOnly_B10,JILONG_EI_0119,530,B10,90;13;192;217;58;34;104;174;46;3;172;112;44;178;170;72;213;5;66,0.1,19,101,19,0.0662909388855281,,False,,,0.7717561229807192,,,,19,0,54.13049999333453,1.815900002839044,70.3127000015229,2.31280000298284
SupportRiskOnly_B10,JILONG_EI_0119,540,B10,13;192;90;34;217;57;174;46;103;206;171;93;44;165;161;32;112;5;66,0.1,19,102,19,0.0631360507232504,,False,,,0.7688338493292054,,,,19,0,55.50020000373479,1.7556000093463808,71.47860000259243,2.2745000023860484
SupportRiskOnly_B10,JILONG_EI_0119,550,B10,13;90;192;217;119;58;51;46;174;206;49;44;171;178;88;10;165;112;213,0.1,19,101,19,0.0684044076544325,,False,,,0.7701928087545596,,,,19,0,55.19819998880848,1.7706000071484596,70.19640000362415,2.344399996218272
SupportRiskOnly_B10,JILONG_EI_0119,560,B10,13;192;74;84;217;105;46;157;34;103;44;3;41;170;161;93;5;66;36,0.1,19,99,19,0.088696770834131,,False,,,0.7644869750132909,,,,19,0,54.34280000918079,1.7348999972455204,69.99950000317767,2.2422000038204715
SupportRiskOnly_B10,JILONG_EI_0119,570,B10,13;192;90;217;84;58;174;119;46;34;206;44;171;5;161;88;32;213;93,0.1,19,98,19,0.0580514736850165,,False,,,0.77765843179377,,,,19,0,54.73160000110511,1.7299000028287992,70.53729999461211,2.798300003632903
SupportRiskOnly_B10,JILONG_EI_0119,580,B10,13;192;106;217;119;74;46;34;158;178;44;93;3;68;171;41;87;213;165,0.1,19,98,19,0.0917061665811579,,False,,,0.7674543501611172,,,,19,0,54.24470000434667,1.7561999993631616,69.57099999999627,2.3575000086566438
SupportRiskOnly_B10,JILONG_EI_0119,590,B10,29;192;217;106;74;174;34;103;171;178;206;135;61;165;93;144;41;213;3,0.1,19,99,19,0.0870963542663736,,False,,,0.7331206804891015,,,,19,0,54.19960001017898,1.7914999916683882,69.9635000055423,2.267299991217442
SupportRiskOnly_B10,JILONG_EI_0119,600,B10,13;192;217;46;90;57;35;157;119;3;44;49;178;206;170;88;93;112;213,0.1,19,100,19,0.074492116608342,,False,,,0.7778947368421053,,,,19,0,55.18120000488125,2.577899998868816,71.12989999586716,2.3043999972287565
SupportRiskOnly_B10,JILONG_EI_0119,610,B10,13;192;217;58;174;105;34;46;103;206;3;171;91;161;203;44;66;32;68,0.1,19,103,19,0.0678147804978903,,False,,,0.794072560040879,,,,19,0,54.52770000556484,1.7699000018183142,72.34470000548754,3.024199992069043
SupportRiskOnly_B10,JILONG_EI_0119,620,B10,29;219;217;57;105;34;158;176;119;206;178;3;172;91;93;32;112;170;5,0.1,19,104,19,0.0426752226416828,,False,,,0.7722672064777328,,,,19,0,54.93130000832025,2.7854999934788798,70.05100000242237,2.2514000011142343
SupportRiskOnly_B10,JILONG_EI_0119,630,B10,13;217;174;46;51;58;103;105;176;3;49;44;178;206;135;171;72;213;165,0.1,19,100,19,0.0747677864477644,,False,,,0.788421052631579,,,,19,0,54.40850000013597,1.9406000064918767,69.7068000008585,2.2477000020444398
SupportRiskOnly_B10,JILONG_EI_0119,640,B10,13;217;58;174;34;3;176;106;46;119;206;44;178;171;213;88;32;93;23,0.1,19,100,19,0.0613441967670053,,False,,,0.7710526315789474,,,,19,0,54.16539999714587,1.83649999962654,70.7605999923544,2.280500004417263
SupportRiskOnly_B10,JILONG_EI_0119,650,B10,13;58;217;157;46;206;103;51;176;106;3;49;178;171;44;135;213;5;93,0.1,19,100,19,0.0803424432005268,,False,,,0.7957894736842106,,,,19,0,55.107499996665865,1.962100010132417,71.04999999864958,2.492200001142919
SupportRiskOnly_B10,JILONG_EI_0119,660,B10,13;217;219;90;206;174;3;35;58;119;178;46;176;44;213;49;171;87;78,0.1,19,104,19,0.0855801701495508,,False,,,0.8016194331983806,,,,19,0,54.66930000693537,2.3390999995172024,72.65829999232665,2.440100011881441
SupportRiskOnly_B10,JILONG_EI_0119,670,B10,29;90;217;219;119;174;3;58;34;178;176;171;206;213;61;32;36;5;66,0.1,19,102,19,0.0658544616397761,,False,,,0.7729618163054696,,,,19,0,56.04260000109207,1.7534000071464106,70.33250000677072,2.2955000022193417
SupportRiskOnly_B10,JILONG_EI_0119,680,B10,13;58;251;174;90;217;46;3;206;192;34;103;178;5;134;44;32;93;213,0.1,19,102,19,0.0613135667848473,,False,,,0.8111455108359134,,,,19,0,54.83090000052471,1.7525000002933666,70.15129999490455,2.265699993586168
SupportRiskOnly_B10,JILONG_EI_0119,690,B10,14;174;251;90;217;57;46;3;206;35;119;178;171;44;49;93;213;10;5,0.1,19,100,19,0.0658774341263946,,False,,,0.7963157894736842,,,,19,0,54.86060000839643,2.215300002717413,70.52620001195464,2.27209999866318
SupportRiskOnly_B10,JILONG_EI_0119,700,B10,13;251;58;90;217;157;3;206;103;51;178;46;171;44;213;32;135;5;241,0.1,19,99,19,0.0846306407026517,,False,,,0.7926634768740032,,,,19,0,54.62880000413861,1.7374999879393729,71.16059999680147,2.3167000035755336
SupportRiskOnly_B10,JILONG_EI_0119,710,B10,251;29;217;90;206;174;58;34;119;3;178;171;213;32;61;68;5;93;23,0.1,19,99,19,0.0695913194630564,,False,,,0.7660818713450293,,,,19,0,54.60740000125952,1.7520000110380352,71.19990000501275,2.2261999984039
SupportRiskOnly_B10,JILONG_EI_0119,720,B10,29;251;174;90;217;58;3;206;34;103;171;161;213;32;165;5;66;93;23,0.1,19,98,19,0.0492530113101209,,False,,,0.7604726100966702,,,,19,0,54.723099994589575,1.7924999992828816,71.75329999881797,2.225100004579872
SupportRiskOnly_B10,JILONG_EI_0119,730,B10,13;46;3;206;217;174;74;51;178;103;105;44;213;49;171;5;165;203;135,0.1,19,95,19,0.0767663927835762,,False,,,0.7650969529085871,,,,19,0,54.60110001149587,1.743700006045401,70.66430000122637,2.2471999982371926
SupportRiskOnly_B10,JILONG_EI_0119,740,B10,13;217;3;58;158;206;119;35;90;46;178;213;5;171;49;44;71;203;121,0.1,19,98,19,0.0850824329394828,,False,,,0.765843179377014,,,,19,0,54.07309999282006,1.8063000024994835,69.89040000189561,2.290399992489256
SupportRiskOnly_B10,JILONG_EI_0119,750,B10,14;174;84;217;3;206;46;35;74;119;178;252;171;213;5;49;44;105;87,0.1,19,100,19,0.0635495554823839,,False,,,0.8026315789473684,,,,19,0,54.33319999428932,1.821199999540113,72.4566999997478,3.21510000503622
SupportRiskOnly_B10,JILONG_EI_0119,760,B10,29;217;3;58;206;157;119;90;34;178;171;252;213;93;61;99;32;5;36,0.1,19,97,19,0.0727844951030316,,False,,,0.7601736299511666,,,,19,0,56.683800008613616,1.7629999929340556,71.0345999978017,2.909300004830584
SupportRiskOnly_B10,JILONG_EI_0119,770,B10,13;3;217;174;58;90;51;103;178;46;44;213;171;206;49;5;165;203;135,0.1,19,93,19,0.0754646185418597,,False,,,0.7498585172608943,,,,19,0,54.47650000860449,2.097800010233186,70.61320000502747,2.2822000028099865
SupportRiskOnly_B10,JILONG_EI_0119,780,B10,14;217;58;174;3;206;46;35;178;104;91;213;102;171;128;44;49;135;68,0.1,19,94,19,0.086108537341777,,False,,,0.7793952967525196,,,,19,0,56.504500011214986,1.855399998021312,73.22829999611713,2.431100001558661
SupportRiskOnly_B10,JILONG_EI_0119,790,B10,29;217;58;174;3;90;206;35;178;171;103;213;49;134;203;128;235;61;100,0.1,19,95,19,0.0737723120276282,,False,,,0.7401662049861496,,,,19,0,54.936399988946505,2.0117999956710264,70.77120000030845,2.4581000034231693
SupportRiskOnly_B10,JILONG_EI_0119,800,B10,13;219;217;58;3;174;161;90;206;51;46;88;213;171;120;49;102;44;93,0.1,19,95,19,0.0764447779709168,,False,,,0.7867036011080333,,,,19,0,54.61110000032932,2.2138999920571223,69.73639999341685,2.243900002213195
SupportRiskOnly_B10,JILONG_EI_0119,810,B10,219;14;3;201;58;174;233;161;34;171;213;89;103;44;206;32;135;66;100,0.1,19,94,19,0.0773330474534998,,False,,,0.7844344904815229,,,,19,0,55.07980000402313,1.7502999980933964,69.71660000272095,2.226399999926798
SupportRiskOnly_B10,JILONG_EI_0119,820,B10,29;217;90;58;3;157;178;35;206;171;176;213;120;203;235;49;88;61;116,0.1,19,93,19,0.0839108361219379,,False,,,0.7702320316921335,,,,19,0,54.13849999604281,2.255599989439361,69.94760000088718,2.211799990618601
SupportRiskOnly_B10,JILONG_EI_0119,830,B10,46;13;84;58;3;217;161;174;35;206;171;44;89;213;103;235;33;165;203,0.1,19,91,19,0.0686111600339992,,False,,,0.7894736842105262,,,,19,0,53.9161999913631,1.7468999867560342,69.75650000094902,2.210000006016344
SupportRiskOnly_B10,JILONG_EI_0119,840,B10,29;217;3;57;178;158;171;34;235;89;120;206;128;213;66;68;36;61;203,0.1,19,92,19,0.083956781095175,,False,,,0.7431350114416476,,,,19,0,54.41520000749733,1.716600003419444,72.54120000288822,3.0630999972345307
SupportRiskOnly_B10,JILONG_EI_0119,850,B10,14;217;174;3;178;58;46;171;89;35;235;44;206;128;49;103;213;203;135,0.1,19,93,19,0.0724016203260561,,False,,,0.7685342388228635,,,,19,0,54.35389999183826,1.8345999997109173,70.47930000408087,2.520499998354353
SupportRiskOnly_B10,JILONG_EI_0119,860,B10,13;84;3;217;161;58;157;89;171;46;34;44;235;120;206;134;203;128;185,0.1,19,101,19,0.0647134948043892,,False,,,0.7842626367899947,,,,19,0,54.812799993669614,1.7671000096015632,69.9118000047747,2.9128000023774803
SupportRiskOnly_B10,JILONG_EI_0119,870,B10,219;217;29;3;174;58;178;89;171;35;103;206;49;78;165;60;128;117;215,0.1,19,101,19,0.1008032712820944,,False,,,0.757686294945284,,,,19,0,54.15609999909066,2.431400003843009,70.88940001267474,3.45730000117328
SupportRiskOnly_B10,JILONG_EI_0119,880,B10,3;217;219;58;14;90;178;46;174;171;35;44;88;206;33;78;120;185;99,0.1,19,99,19,0.0857562925469595,,False,,,0.7841573631047315,,,,19,0,54.5055999973556,1.7405999969923869,70.40769999730401,2.23060000280384
SupportRiskOnly_B10,JILONG_EI_0119,890,B10,217;13;219;3;174;58;178;171;89;103;35;128;44;206;46;33;135;78;10,0.1,19,97,19,0.0866369045340031,,False,,,0.7802495930548019,,,,19,0,54.48969999270048,1.7588999908184633,70.07829999201931,2.210700011346489
SupportRiskOnly_B10,JILONG_EI_0119,900,B10,29;161;202;57;3;174;232;90;206;128;171;235;34;200;104;135;78;66;36,0.1,19,95,19,0.067117948403795,,False,,,0.7916897506925208,,,,19,0,54.62860000261571,1.9887000089511275,70.78909999108873,2.237000007880852
SupportRiskOnly_B10,JILONG_EI_0119,910,B10,219;217;58;14;178;3;174;90;46;171;104;34;128;44;206;72;135;93;165,0.1,19,97,19,0.0594604528642862,,False,,,0.803038524145415,,,,19,0,54.65389999153558,1.8296000052941963,71.12670000060461,2.229199992143549
SupportRiskOnly_B10,JILONG_EI_0119,920,B10,58;3;217;161;29;158;171;128;235;35;103;49;206;105;61;203;135;69;179,0.1,19,93,19,0.090067462535703,,False,,,0.7696661007357102,,,,19,0,56.26430000120308,2.5485999940428883,70.73920000402723,2.3329999967245385
SupportRiskOnly_B10,JILONG_EI_0119,930,B10,90;174;217;46;161;14;3;58;206;128;171;35;44;49;235;103;135;5;203,0.1,19,96,19,0.0624468761246946,,False,,,0.8042763157894737,,,,19,0,54.88100000366103,2.0951000042259693,70.7786999992095,2.953399991383776
SupportRiskOnly_B10,JILONG_EI_0119,940,B10,217;178;29;58;157;106;3;128;171;34;206;235;88;5;120;203;68;66;102,0.1,19,97,19,0.0609842944766484,,False,,,0.749864351600651,,,,19,0,54.871499989531,1.8050000071525572,70.55059999402147,2.292599994689226
SupportRiskOnly_B10,JILONG_EI_0119,950,B10,58;174;13;202;161;106;232;3;35;171;44;46;103;49;206;235;93;135;5,0.1,19,96,19,0.0632662281474221,,False,,,0.8031798245614034,,,,19,0,54.33070000435691,1.8186999950557947,71.39469998946879,2.547800002503209
SupportRiskOnly_B10,JILONG_EI_0119,960,B10,58;90;217;174;178;29;3;206;128;172;34;88;186;134;5;116;120;23;165,0.1,19,96,19,0.0458224533084209,,False,,,0.7702850877192983,,,,19,0,54.16539999714587,1.7361999925924465,70.70180001028348,2.260499997646548
SupportRiskOnly_B10,JILONG_EI_0119,970,B10,219;161;58;13;217;174;128;3;46;206;171;35;44;103;49;105;91;135;185,0.1,19,93,19,0.0674778506941519,,False,,,0.7900396151669495,,,,19,0,54.97700000705663,1.8533999973442403,69.63130000804085,2.3123999999370426
SupportRiskOnly_B10,JILONG_EI_0119,980,B10,84;219;90;217;128;178;29;174;57;3;35;171;206;103;33;135;78;185;71,0.1,19,97,19,0.0865833020652265,,False,,,0.7807921866521974,,,,19,0,54.15359999460634,1.7697000002954155,70.94119999965187,2.2551000001840293
SupportRiskOnly_B10,JILONG_EI_0119,990,B10,217;13;174;161;74;128;33;3;44;171;35;206;105;46;87;134;235;41;78,0.1,19,96,19,0.093919182792076,,False,,,0.7790570175438597,,,,19,0,54.72159999771975,1.7995000089285895,70.30459999805316,2.3190999927464877
SupportRiskOnly_B10,JILONG_EI_0119,1000,B10,219;217;90;158;33;178;29;57;3;88;128;171;35;134;206;120;78;100;185,0.1,19,96,19,0.073182684871086,,False,,,0.7900219298245613,,,,19,0,55.11750000005122,2.373099996475503,69.92449999961536,2.235200008726679
SupportRiskOnly_B10,JILONG_EI_0119,1010,B10,217;29;74;161;157;3;33;171;128;35;103;206;105;78;235;100;41;185;10,0.1,19,94,19,0.0924489436484903,,False,,,0.7491601343784995,,,,19,0,53.83530000108294,2.1649999980581924,69.71169999451376,2.265699993586168
SupportRiskOnly_B10,JILONG_EI_0119,1020,B10,251;90;13;174;201;58;46;178;232;171;44;3;34;88;206;128;78;120;36,0.1,19,95,19,0.0872265316905452,,False,,,0.8182825484764543,,,,19,0,54.71699999179691,2.534699990064837,70.0034999899799,2.1707999985665083
SupportRiskOnly_B10,JILONG_EI_0119,1030,B10,219;217;251;13;74;174;161;171;35;78;103;44;3;206;128;105;46;33;117,0.1,19,95,19,0.0992947446608112,,False,,,0.7922437673130193,,,,19,0,54.088899996713735,1.8299000075785443,69.96490000165068,2.3236999986693263
SupportRiskOnly_B10,JILONG_EI_0119,1040,B10,90;219;58;251;217;29;158;178;128;171;78;33;3;103;35;99;134;241;148,0.1,19,93,19,0.0975641506688822,,False,,,0.765704584040747,,,,19,0,54.62330000591464,1.78829999640584,70.51239999418613,2.282300003571436
SupportRiskOnly_B10,JILONG_EI_0119,1050,B10,218;174;14;33;161;232;3;74;46;128;78;171;44;103;105;200;51;134;41,0.1,19,92,19,0.1037820370469634,,False,,,0.7900457665903892,,,,19,0,55.44139999256004,2.674999996088445,71.85259999823757,2.895899990107864
SupportRiskOnly_B10,JILONG_EI_0119,1060,B10,90;13;217;33;174;161;78;172;58;128;3;235;103;35;44;46;170;135;66,0.1,19,91,19,0.0917903990320925,,False,,,0.7796414112203586,,,,19,0,54.39840001054108,1.753299991833046,70.06579999870155,2.21350000356324
SupportRiskOnly_B10,JILONG_EI_0119,1070,B10,29;217;106;161;157;74;33;128;171;78;103;3;35;235;185;133;101;215;195,0.1,19,90,19,0.1411506152797666,,False,,,0.7222222222222223,,,,19,0,54.73790000542067,1.7394999886164442,70.91950000904035,3.5407999966992065
SupportRiskOnly_B10,JILONG_EI_0119,1080,B10,90;13;219;58;217;174;46;178;128;171;33;78;3;103;44;35;24;68;164,0.1,19,91,19,0.1252919420174437,,False,,,0.7582417582417582,,,,19,0,53.97110000194516,1.719399995636195,71.94809999782592,2.97580000187736
SupportRiskOnly_B10,JILONG_EI_0119,1090,B10,90;14;217;58;174;161;78;128;172;235;88;206;35;49;44;170;120;3;116,0.1,19,88,19,0.096989838503419,,False,,,0.7541866028708133,,,,19,0,54.56940000294708,1.7709999956423417,72.2379000071669,3.200100007234141
SupportRiskOnly_B10,JILONG_EI_0119,1100,B10,90;219;217;174;29;161;171;103;57;35;128;78;49;3;185;27;179;135;213,0.1,19,88,19,0.1127949092969653,,False,,,0.6889952153110048,,,,19,0,54.34689999674447,1.9434999994700772,71.1509999964619,2.3062999971443787
SupportRiskOnly_B10,JILONG_EI_0119,1110,B10,218;57;29;158;106;232;178;88;78;35;171;144;33;112;120;3;200;25;213,0.1,19,88,19,0.0937583753857463,,False,,,0.7278708133971291,,,,19,0,54.81079999299254,2.3911000025691465,70.86000000708736,2.18460000178311
SupportRiskOnly_B10,JILONG_EI_0119,1120,B10,90;217;14;46;57;174;161;3;103;78;128;235;44;171;35;49;185;135;215,0.1,19,87,19,0.1000681517103016,,False,,,0.7683000604960677,,,,19,0,54.64210000354797,1.746499998262152,69.9183999968227,2.562699999543838
SupportRiskOnly_B10,JILONG_EI_0119,1130,B10,13;219;57;90;217;128;157;161;103;78;171;35;44;49;3;179;135;133;229,0.1,19,88,19,0.124664027383204,,False,,,0.7194976076555024,,,,19,0,54.22309999994468,1.7814000020734966,70.02909999573603,2.200700007961132
SupportRiskOnly_B10,JILONG_EI_0119,1140,B10,219;57;217;29;106;174;103;78;128;172;35;177;170;3;99;27;49;229;68,0.1,19,88,19,0.0973727132803945,,False,,,0.7177033492822966,,,,19,0,55.40199999813922,1.7025999986799434,71.60060000023805,2.602099993964657
SupportRiskOnly_B10,JILONG_EI_0119,1150,B10,219;90;57;217;14;161;158;103;171;35;78;44;3;121;128;49;185;179;116,0.1,19,88,19,0.1233316231593295,,False,,,0.7111244019138756,,,,19,0,55.8385000040289,1.85570000030566,71.51290000183508,2.325000008568168
SupportRiskOnly_B10,JILONG_EI_0119,1160,B10,90;219;217;13;57;2;174;78;103;178;171;35;121;128;44;46;49;185;229,0.1,19,90,19,0.092157958817989,,False,,,0.7514619883040936,,,,19,0,55.88970000098925,1.8186000088462608,71.2739999871701,2.435300004435703
SupportRiskOnly_B10,JILONG_EI_0119,1170,B10,58;219;106;29;2;201;232;88;161;174;78;35;171;128;120;49;102;133;229,0.1,19,91,19,0.0911395119112343,,False,,,0.7541931752458069,,,,19,0,55.02640000486281,1.8331999890506268,71.56060000124853,2.5387999921804294
SupportRiskOnly_B10,JILONG_EI_0119,1180,B10,90;13;219;217;57;2;174;161;103;78;172;35;44;121;128;33;5;170;46,0.1,19,94,19,0.0855112526896953,,False,,,0.7637178051511758,,,,19,0,54.47070000809617,1.7722000047797335,71.7947999946773,2.405099992756732
SupportRiskOnly_B10,JILONG_EI_0119,1190,B10,90;217;13;3;57;161;174;171;78;235;120;35;128;46;44;88;33;102;179,0.1,19,92,19,0.1052675911816281,,False,,,0.7305491990846681,,,,19,0,54.63569999847096,1.778100006049499,70.00149998930283,2.241700000013225
SupportRiskOnly_B10,JILONG_EI_0119,1200,B10,219;2;217;74;14;106;158;78;103;178;171;72;36;50;60;144;46;185;41,0.1,19,92,19,0.0962011164628496,,False,,,0.7374141876430208,,,,19,0,54.23510000400711,1.8980000022565944,70.54539999808185,2.289700001711026
SupportRiskOnly_B10,JILONG_EI_0119,1210,B10,2;90;219;58;217;174;29;78;161;103;171;35;121;33;128;185;229;60;241,0.1,19,90,19,0.0845310932606381,,False,,,0.7239766081871345,,,,19,0,55.76930000097491,2.437100003589876,70.44529999257065,3.0632999987574294
SupportRiskOnly_B10,JILONG_EI_0119,1220,B10,2;90;13;217;57;157;78;103;33;235;44;176;155;178;36;121;144;46;229,0.1,19,89,19,0.0930538857961115,,False,,,0.7451212300413957,,,,19,0,54.948900011368096,1.7396999901393428,70.78579999506474,2.2601000091526657
SupportRiskOnly_B10,JILONG_EI_0119,1230,B10,2;219;217;14;74;174;172;78;161;88;33;120;102;44;36;170;128;46;41,0.1,19,87,19,0.1082846444241946,,False,,,0.7416817906836055,,,,19,0,54.83559999265708,1.7822000081650913,72.2574999963399,2.430799999274313
SupportRiskOnly_B10,JILONG_EI_0119,1240,B10,90;13;58;3;202;232;174;93;161;172;235;103;121;46;50;44;36;128;170,0.1,19,86,19,0.0675314531629285,,False,,,0.7747858017135862,,,,19,0,54.63800000143237,2.177800008212216,70.0656999979401,2.222000010078773
SupportRiskOnly_B10,JILONG_EI_0119,1250,B10,90;217;2;158;58;14;78;171;161;103;121;35;33;44;46;133;185;196;214,0.1,19,86,19,0.127642793148073,,False,,,0.7031823745410036,,,,19,0,54.18310000095517,2.094700001180172,69.97150000825059,2.2311999928206205
SupportRiskOnly_B10,JILONG_EI_0119,1260,B10,84;219;13;217;2;58;90;174;103;172;161;33;78;121;186;44;36;128;46,0.1,19,88,19,0.0782213169360828,,False,,,0.7811004784688995,,,,19,0,54.551099994569086,1.6773999959696084,70.90399999287911,2.2735999955330044
SupportRiskOnly_B10,JILONG_EI_0119,1270,B10,3;90;217;58;192;119;174;29;171;78;33;178;88;36;121;144;185;116;24,0.1,19,84,19,0.0904197073305204,,False,,,0.7167919799498746,,,,19,0,54.0268000040669,1.825200000894256,69.99069999437779,2.216900000348687
SupportRiskOnly_B10,JILONG_EI_0119,1280,B10,13;217;74;2;174;103;161;78;172;33;46;105;44;235;36;170;135;41;165,0.1,19,85,19,0.1068450352627669,,False,,,0.7015479876160992,,,,19,0,54.12699999578763,2.9175999952713028,69.78689999959897,2.285599999595433
SupportRiskOnly_B10,JILONG_EI_0119,1290,B10,90;219;217;2;158;58;29;93;171;33;103;161;35;121;128;165;61;185;71,0.1,19,86,19,0.090940417027207,,False,,,0.7178702570379437,,,,19,0,54.56030000641477,1.760300001478754,70.47560000501107,2.2847999935038388
SupportRiskOnly_B10,JILONG_EI_0119,1300,B10,2;90;13;84;217;58;157;78;161;44;46;103;171;50;20;121;128;235;71,0.1,19,86,19,0.1047009365117044,,False,,,0.7356181150550797,,,,19,0,55.61350000789389,2.668399989488534,70.03220000478905,2.4018000112846494
SupportRiskOnly_B10,JILONG_EI_0119,1310,B10,2;13;90;217;58;174;88;156;78;49;177;102;35;44;120;235;99;170;144,0.1,19,81,19,0.1003821090274214,,False,,,0.723846653671215,,,,19,0,54.08830000669696,1.6903999930946156,69.87069999740925,3.0445000011241063
SupportRiskOnly_B10,JILONG_EI_0119,1320,B10,90;217;14;3;58;161;174;93;103;171;49;235;44;35;121;128;46;185;133,0.1,19,80,19,0.0858098950157361,,False,,,0.7197368421052632,,,,19,0,54.28810000012163,1.734199991915375,70.8942999917781,2.285399998072535
SupportRiskOnly_B10,JILONG_EI_0119,1330,B10,2;13;84;219;58;217;90;174;178;78;49;103;156;35;60;170;121;128;135,0.1,19,84,19,0.0795460636644179,,False,,,0.7581453634085212,,,,19,0,54.38639999192674,2.3062999971443787,70.54439999046735,2.3467000137316063
SupportRiskOnly_B10,JILONG_EI_0119,1340,B10,2;84;90;58;217;158;13;93;44;161;88;171;49;102;120;36;203;235;185,0.1,19,81,19,0.0786960816595324,,False,,,0.7485380116959064,,,,19,0,53.97130000346806,1.7191999941132965,69.97440000122879,2.663499995833263
SupportRiskOnly_B10,JILONG_EI_0119,1350,B10,219;3;90;217;174;29;83;178;103;93;171;58;206;49;60;35;121;135;241,0.1,19,81,19,0.0598050401635641,,False,,,0.7459389213775179,,,,19,0,54.01089999941178,1.7263000045204535,69.939399996656,2.7390000032028183
SupportRiskOnly_B10,JILONG_EI_0119,1360,B10,90;219;217;13;2;174;58;172;103;93;44;161;35;49;128;170;46;166;135,0.1,19,84,19,0.0668805660420702,,False,,,0.7243107769423559,,,,19,0,54.458700004033744,1.7144000012194738,70.92840000404976,2.251500001875684
SupportRiskOnly_B10,JILONG_EI_0119,1370,B10,90;219;217;2;14;172;88;158;46;178;58;78;102;44;50;36;120;166;170,0.1,19,83,19,0.0999915767549065,,False,,,0.7146480659480026,,,,19,0,54.52990000776481,1.7417000053683296,71.55590000911616,3.037599992239848
SupportRiskOnly_B10,JILONG_EI_0119,1380,B10,13;74;217;3;106;174;103;172;161;46;235;78;50;44;135;36;100;133;170,0.1,19,77,19,0.1106814405280608,,False,,,0.7019822282980177,,,,19,0,54.67029999999795,1.7003999964799732,72.04329999512993,2.5520000053802505
SupportRiskOnly_B10,JILONG_EI_0119,1390,B10,219;13;90;217;3;174;172;178;46;88;93;58;206;35;102;135;128;44;170,0.1,19,81,19,0.0733588072684947,,False,,,0.7316439246263806,,,,19,0,55.48510000517126,1.731399999698624,71.02899999881629,2.27650000306312
SupportRiskOnly_B10,JILONG_EI_0119,1400,B10,219;13;84;217;74;2;105;158;171;161;103;72;78;46;50;60;135;36;166,0.1,19,80,19,0.0746452665191322,,False,,,0.7486842105263157,,,,19,0,54.89649999071844,1.718200001050718,70.53409999934956,2.2743000008631498
SupportRiskOnly_B10,JILONG_EI_0119,1410,B10,90;2;84;217;58;14;172;174;178;206;44;104;72;93;102;185;36;46;49,0.1,19,80,19,0.0715592958167101,,False,,,0.7322368421052632,,,,19,0,54.88090000289958,1.655100000789389,70.1373999909265,2.456500005791895
SupportRiskOnly_B10,JILONG_EI_0119,1420,B10,3;90;217;13;158;83;171;161;58;103;72;44;78;36;179;46;166;49;185,0.1,19,78,19,0.1116156549838809,,False,,,0.6902834008097166,,,,19,0,54.939200010267086,1.7370999994454903,71.39599999936763,2.6707000070018694
SupportRiskOnly_B10,JILONG_EI_0119,1430,B10,219;217;13;105;3;74;174;172;103;166;178;100;60;93;23;36;170;46;49,0.1,19,80,19,0.0598433276412616,,False,,,0.7203947368421052,,,,19,0,55.00609999580775,1.740000006975606,70.4942000011215,2.2815000120317563
SupportRiskOnly_B10,JILONG_EI_0119,1440,B10,90;13;2;84;218;232;58;158;104;172;161;44;206;102;186;200;93;35;46,0.1,19,83,19,0.0674319057209149,,False,,,0.7596702599873177,,,,19,0,54.46690000826493,1.7039999947883189,71.00769999669865,2.245700001367368
SupportRiskOnly_B10,JILONG_EI_0129,10,B10,78;219;57;106;84;217;4;128;50;13;251;10;119;156;206;158;213;170;177,0.1,19,114,19,0.0700201392132689,,False,,,0.8379501385041552,,,,19,0,54.276499999105,1.8437999970046803,70.02460000512656,2.235499996459112
SupportRiskOnly_B10,JILONG_EI_0129,20,B10,58;219;217;106;4;84;119;13;50;112;251;77;10;157;177;155;213;186;190,0.1,19,116,19,0.054582628205619,,False,,,0.8484573502722322,,,,19,0,54.17079999460839,1.7800999921746552,70.32080000499263,2.449199993861839
SupportRiskOnly_B10,JILONG_EI_0129,30,B10,57;219;4;106;77;13;217;49;119;35;112;157;10;186;178;155;46;68;192,0.1,19,114,19,0.0630518182723158,,False,,,0.8176361957525392,,,,19,0,54.381499998271465,1.8296000052941963,71.02000000304542,2.7894999948330224
SupportRiskOnly_B10,JILONG_EI_0129,40,B10,219;4;57;90;77;119;232;201;66;29;33;157;251;178;155;121;112;192;213,0.1,19,113,19,0.06750848067631,,False,,,0.8318584070796461,,,,19,0,54.92860000231303,1.8238000047858804,70.24620000447612,2.8910999972140417
SupportRiskOnly_B10,JILONG_EI_0129,50,B10,57;235;106;119;61;232;50;201;203;158;20;213;13;156;112;100;69;133;177,0.1,19,112,19,0.0973267683071574,,False,,,0.8167293233082707,,,,19,0,55.38209999212995,1.834499998949468,70.78930000716355,2.36379999842029
SupportRiskOnly_B10,JILONG_EI_0129,60,B10,74;106;219;61;104;134;217;156;34;177;185;102;3;5;47;112;158;229;66,0.1,19,113,19,0.0776699772572382,,False,,,0.8150908244061481,,,,19,0,55.89380000310484,1.854499991168268,70.5627999996068,2.328200003830716
SupportRiskOnly_B10,JILONG_EI_0129,70,B10,58;44;219;106;217;156;33;119;185;128;51;177;47;88;19;179;215;174;213,0.1,19,113,19,0.0923647111975557,,False,,,0.7973917093619004,,,,19,0,54.39010000554845,1.824899998609908,70.08729998779017,2.2093000006861985
SupportRiskOnly_B10,JILONG_EI_0129,80,B10,44;58;105;235;128;232;76;202;156;50;103;177;135;4;13;36;99;214;46,0.1,19,112,19,0.0697291543827675,,False,,,0.7913533834586467,,,,19,0,54.68469999323133,1.9475000008242205,70.08420000784099,2.260900000692345
SupportRiskOnly_B10,JILONG_EI_0129,90,B10,44;57;90;218;232;121;157;33;128;192;119;214;185;155;51;88;252;10;20,0.1,19,109,19,0.0707322862984432,,False,,,0.7614678899082569,,,,19,0,54.46999998821411,1.919300004374236,70.09290000132751,2.291899989359081
SupportRiskOnly_B10,JILONG_EI_0129,100,B10,28;58;235;61;106;104;202;157;216;50;177;112;135;171;4;52;26;213;71,0.1,19,106,19,0.129449962095397,,False,,,0.7835153922542205,,,,19,0,54.98639999132138,1.7870000010589138,71.54169998830184,2.297099999850616
SupportRiskOnly_B10,JILONG_EI_0129,110,B10,13;57;106;218;216;128;104;156;49;27;176;185;61;158;252;35;229;135;100,0.1,19,107,19,0.091315634308643,,False,,,0.7555336940482045,,,,19,0,54.31269999826327,1.7806999967433512,70.16640000801999,2.4335000052815303
SupportRiskOnly_B10,JILONG_EI_0129,120,B10,27;106;58;235;29;202;157;50;120;215;61;171;177;128;20;88;233;32;52,0.1,19,105,19,0.0964997587888905,,False,,,0.8115288220551378,,,,19,0,54.584700003033504,1.8337999936193228,70.55089999630582,2.246700008981861
SupportRiskOnly_B10,JILONG_EI_0129,130,B10,27;74;235;121;217;13;171;203;60;34;157;119;177;185;88;41;165;32;128,0.1,19,103,19,0.0862233997748696,,False,,,0.8226877874297395,,,,19,0,54.73439999332186,1.7757999885361642,70.20839999313466,2.235500011011027
SupportRiskOnly_B10,JILONG_EI_0129,140,B10,27;57;121;202;235;91;171;47;192;157;119;60;232;33;200;112;88;165;29,0.1,19,104,19,0.0655175318360377,,False,,,0.826923076923077,,,,19,0,54.65070001082495,2.56239999725949,70.56920000468381,2.593700002762489
SupportRiskOnly_B10,JILONG_EI_0129,150,B10,202;58;27;105;171;235;91;232;174;47;192;13;61;20;212;66;161;134;32,0.1,19,109,19,0.0783361793691755,,False,,,0.8068565910188316,,,,19,0,54.36290000216104,2.8663999983109534,71.33819999580737,3.0994999979157
SupportRiskOnly_B10,JILONG_EI_0129,160,B10,90;58;26;219;121;217;171;157;20;47;176;29;212;49;88;165;178;135;185,0.1,19,110,19,0.0762380255913501,,False,,,0.8258373205741626,,,,19,0,54.37490000622347,2.606900001410395,70.26710000354797,2.2622999968007207
SupportRiskOnly_B10,JILONG_EI_0129,170,B10,58;26;202;121;171;235;35;157;91;192;232;213;134;4;88;49;112;60;69,0.1,19,104,19,0.0794082287447067,,False,,,0.8092105263157895,,,,19,0,55.381499987561256,1.9099000055575743,71.14610000280663,2.2969000128796324
SupportRiskOnly_B10,JILONG_EI_0129,180,B10,57;90;10;202;121;156;177;158;232;235;13;20;229;88;128;33;170;165;133,0.1,19,105,19,0.0680674778506941,,False,,,0.8005012531328319,,,,19,0,54.75039999873843,1.7359999910695478,71.05899999442045,2.2637000074610114
SupportRiskOnly_B10,JILONG_EI_0129,190,B10,57;25;105;217;157;171;13;235;177;49;91;35;212;112;5;185;135;215;102,0.1,19,102,19,0.0861315098283955,,False,,,0.7977296181630545,,,,19,0,54.76220000127796,1.7499000095995143,71.32899999851361,2.3058999940985814
SupportRiskOnly_B10,JILONG_EI_0129,200,B10,74;106;25;217;174;219;156;104;177;20;50;229;13;252;170;165;45;179;100,0.1,19,104,19,0.0882296636062209,,False,,,0.784919028340081,,,,19,0,54.53249999845866,1.761899999110028,71.2655000097584,2.639800004544668
SupportRiskOnly_B10,JILONG_EI_0129,210,B10,57;202;121;13;157;171;88;233;235;112;10;177;91;33;213;66;24;3;45,0.1,19,101,19,0.0640166627102939,,False,,,0.7889525794684732,,,,19,0,55.35539999254979,1.82459999632556,73.05349998932797,3.4023000043816864
SupportRiskOnly_B10,JILONG_EI_0129,220,B10,57;106;217;156;120;174;24;49;10;192;235;112;29;51;20;88;212;170;178,0.1,19,102,19,0.0660152690461057,,False,,,0.785345717234262,,,,19,0,55.22550000750925,1.7751000123098493,70.42089999595191,2.2554000024683774
SupportRiskOnly_B10,JILONG_EI_0129,230,B10,57;218;90;104;232;49;174;171;177;112;10;229;46;135;36;185;4;165;44,0.1,19,103,19,0.0700813991775849,,False,,,0.7521716913643332,,,,19,0,54.59759999939706,1.768600006471388,70.98400000541005,2.75429998873733
SupportRiskOnly_B10,JILONG_EI_0129,240,B10,57;219;217;105;157;13;49;171;177;91;35;213;112;5;103;99;135;68;61,0.1,19,105,19,0.0820424072102978,,False,,,0.7619047619047619,,,,19,0,54.17160000069998,1.7013000033330172,69.76339999528136,2.7226999955018982
SupportRiskOnly_B10,JILONG_EI_0129,250,B10,58;202;88;13;106;156;174;233;235;120;34;4;112;177;10;170;40;229;44,0.1,19,101,19,0.0863306047124227,,False,,,0.7983324648254299,,,,19,0,54.28579999716021,1.807500011636876,70.19909999507945,2.421499986667186
SupportRiskOnly_B10,JILONG_EI_0129,260,B10,57;201;104;232;157;235;33;171;106;29;177;20;61;135;213;10;51;101;144,0.1,19,104,19,0.106515762954568,,False,,,0.7687246963562754,,,,19,0,55.574300000444055,1.7820999928517267,71.38329998997506,2.863800007617101
SupportRiskOnly_B10,JILONG_EI_0129,270,B10,57;13;88;217;219;121;119;174;49;156;46;192;3;90;35;170;112;44;213,0.1,19,108,19,0.0660382415327243,,False,,,0.8109161793372319,,,,19,0,55.027399997925386,2.4563000042689964,69.76569999824278,2.158600007533096
SupportRiskOnly_B10,JILONG_EI_0129,280,B10,57;105;13;202;119;232;157;235;49;171;177;35;61;91;112;165;87;213;10,0.1,19,107,19,0.0709620111646285,,False,,,0.7894736842105263,,,,19,0,54.33009999978822,1.7663000035099683,70.10309999168385,2.248200005851686
SupportRiskOnly_B10,JILONG_EI_0129,290,B10,57;104;13;217;219;174;156;49;106;46;20;177;170;112;102;60;229;179;241,0.1,19,106,19,0.0859707024220658,,False,,,0.7487586891757696,,,,19,0,54.27760000748094,1.734799996484071,71.32380000257399,2.8363000019453466
SupportRiskOnly_B10,JILONG_EI_0129,300,B10,57;104;232;218;157;13;35;49;3;171;90;46;60;185;178;10;213;102;134,0.1,19,107,19,0.0726926051565575,,False,,,0.748647319232661,,,,19,0,55.54950000077952,1.793599993106909,70.25170000270009,2.310399999259971
SupportRiskOnly_B10,JILONG_EI_0129,310,B10,57;105;219;119;13;201;233;158;156;49;4;35;91;45;87;170;112;229;23,0.1,19,105,19,0.056765014434379,,False,,,0.7974937343358395,,,,19,0,54.422300003352575,2.116299991030246,71.64310000371188,2.232899991213344
SupportRiskOnly_B10,JILONG_EI_0129,320,B10,57;13;104;218;232;157;34;90;46;171;192;23;32;36;213;112;66;178;60,0.1,19,106,19,0.0585798408772426,,False,,,0.7671300893743794,,,,19,0,56.21419999806676,2.6018000062322244,69.77199998800643,2.21280001278501
SupportRiskOnly_B10,JILONG_EI_0129,330,B10,13;57;119;218;88;174;232;49;35;156;121;192;90;128;229;170;46;60;10,0.1,19,109,19,0.0479742095550229,,False,,,0.7880251086431675,,,,19,0,54.536899988306686,2.07570000202395,72.19110000005458,3.0398999952012677
SupportRiskOnly_B10,JILONG_EI_0129,340,B10,219;74;13;217;105;119;157;34;171;4;87;66;177;45;252;112;229;68;23,0.1,19,110,19,0.0526529393296628,,False,,,0.7794258373205742,,,,19,0,55.91090000234544,2.203999989433214,69.85010000062175,2.3381999926641583
SupportRiskOnly_B10,JILONG_EI_0129,350,B10,57;218;13;90;104;34;157;4;232;155;46;178;165;102;135;66;10;176;60,0.1,19,110,19,0.0600117925431308,,False,,,0.771291866028708,,,,19,0,54.23069999960717,1.775400000042282,71.65329999406822,2.2754999954486266
SupportRiskOnly_B10,JILONG_EI_0129,360,B10,57;201;104;13;233;235;35;157;49;91;46;192;3;171;206;135;102;229;5,0.1,19,108,19,0.0553024327863329,,False,,,0.7953216374269005,,,,19,0,55.34350000380073,2.581600012490526,71.41709999996237,2.386399995884858
SupportRiskOnly_B10,JILONG_EI_0129,370,B10,57;217;105;34;13;156;158;103;251;20;45;177;66;135;229;165;100;170;206,0.1,19,108,19,0.0681670252927077,,False,,,0.7626705653021442,,,,19,0,54.78979999315925,2.290999997057952,70.18260000040755,2.3501999967265874
SupportRiskOnly_B10,JILONG_EI_0129,380,B10,74;218;34;157;104;13;192;251;4;106;171;61;178;72;229;68;41;66;102,0.1,19,109,19,0.0928011884433077,,False,,,0.7590535972959923,,,,19,0,53.98389999754727,1.7435000045225024,70.16570000268985,2.411000008578412
SupportRiskOnly_B10,JILONG_EI_0129,390,B10,57;13;219;201;34;105;251;157;233;103;4;46;192;60;171;213;135;91;128,0.1,19,109,19,0.0572474366533681,,False,,,0.8058908739739257,,,,19,0,54.68329999712296,1.8072999955620617,69.65620000846684,2.202300005592406
SupportRiskOnly_B10,JILONG_EI_0129,400,B10,13;57;202;35;105;192;235;157;4;49;119;233;147;45;171;229;178;87;24,0.1,19,109,19,0.0573240116087632,,False,,,0.7976822790922259,,,,19,0,54.3694000079995,1.781500002834946,70.48940000822768,2.924100001109764
SupportRiskOnly_B10,JILONG_EI_0129,410,B10,57;34;13;218;90;192;88;157;46;147;251;4;121;119;66;36;155;206;213,0.1,19,112,19,0.0405004939084623,,False,,,0.7998120300751881,,,,19,0,55.99369999254122,1.7600999999558553,71.3495999953011,2.248999997391365
SupportRiskOnly_B10,JILONG_EI_0129,420,B10,57;34;217;219;90;104;192;147;29;174;156;3;165;178;66;206;60;68;135,0.1,19,112,19,0.0567956444165371,,False,,,0.8059210526315791,,,,19,0,56.59530000411905,1.8257000047015024,72.35980000405107,2.261499990709126
SupportRiskOnly_B10,JILONG_EI_0129,430,B10,57;34;105;218;13;192;157;147;103;84;4;46;171;178;165;66;213;135;91,0.1,19,111,19,0.0549042430182784,,False,,,0.7970602181128497,,,,19,0,55.15070000546984,1.887899998109788,70.83280000369996,2.289399999426678
SupportRiskOnly_B10,JILONG_EI_0129,440,B10,35;74;105;201;147;158;13;84;156;192;4;103;235;49;45;233;178;165;72,0.1,19,113,19,0.059291987962417,,False,,,0.8174196553330229,,,,19,0,54.3753999954788,3.5601999989012256,70.30200000735931,2.23129999358207
SupportRiskOnly_B10,JILONG_EI_0129,450,B10,57;34;202;105;157;3;147;13;84;192;119;251;213;46;66;60;171;178;36,0.1,19,115,19,0.0565352895681938,,False,,,0.7986270022883295,,,,19,0,54.66120000346564,1.8569999956525864,70.20360000024084,2.278600004501641
SupportRiskOnly_B10,JILONG_EI_0129,460,B10,34;74;219;13;217;105;174;147;84;156;192;103;4;251;45;66;178;229;112,0.1,19,115,19,0.0446661714819551,,False,,,0.8205949656750572,,,,19,0,54.16400000103749,2.352800001972355,73.0417999875499,3.5447000118438154
SupportRiskOnly_B10,JILONG_EI_0129,470,B10,57;90;35;218;13;104;4;157;147;84;192;251;46;213;171;165;66;178;134,0.1,19,116,19,0.0497277760335704,,False,,,0.8185117967332123,,,,19,0,55.56729999079835,1.8138000014005229,71.49650000792462,2.4249999987659976
SupportRiskOnly_B10,JILONG_EI_0129,480,B10,219;57;34;84;119;201;29;3;105;147;158;156;176;251;5;213;36;91;233,0.1,19,117,19,0.0486633841535787,,False,,,0.8376068376068375,,,,19,0,54.80359999637585,1.8717999919317665,70.83759999659378,2.250999998068437
SupportRiskOnly_B10,JILONG_EI_0129,490,B10,57;119;84;34;202;90;157;4;88;13;176;235;147;206;46;121;171;178;213,0.1,19,117,19,0.0416338032483096,,False,,,0.8421052631578947,,,,19,0,54.993500001728535,1.833899994380772,70.5426000058651,2.259300003061071
SupportRiskOnly_B10,JILONG_EI_0129,500,B10,57;84;35;105;13;3;217;119;157;251;176;60;147;213;178;165;171;112;91,0.1,19,116,19,0.0544830807636054,,False,,,0.8194192377495464,,,,19,0,54.28449998726137,2.0613000087905675,69.89890000841115,2.2028000093996525
SupportRiskOnly_B10,JILONG_EI_0129,510,B10,57;84;13;34;90;201;104;4;174;219;156;213;178;206;147;192;46;66;102,0.1,19,117,19,0.0557235950410058,,False,,,0.8196131354026089,,,,19,0,54.22060001001228,1.9237999949837103,69.83449999825098,2.5249000027542934
SupportRiskOnly_B10,JILONG_EI_0129,520,B10,58;84;3;35;218;103;106;157;29;171;178;213;49;192;165;232;10;135;60,0.1,19,114,19,0.0649585346616535,,False,,,0.7843951985226224,,,,19,0,54.00299999746494,2.447800012305379,70.74999999895226,2.369100009673275
SupportRiskOnly_B10,JILONG_EI_0129,530,B10,105;57;3;13;34;218;119;158;84;156;213;36;46;178;192;91;170;232;166,0.1,19,115,19,0.0561370998001393,,False,,,0.8091533180778032,,,,19,0,55.05710000579711,2.367900000535883,71.71590000507422,2.278100000694394
SupportRiskOnly_B10,JILONG_EI_0129,540,B10,105;74;35;119;3;217;157;13;84;171;49;213;178;176;165;46;215;147;235,0.1,19,115,19,0.0562136747555344,,False,,,0.7867276887871855,,,,19,0,55.42859999695793,1.852200002758764,71.22179999714717,2.79430000227876
SupportRiskOnly_B10,JILONG_EI_0129,550,B10,90;57;3;103;217;13;174;34;156;213;36;68;46;178;165;134;170;5;147,0.1,19,112,19,0.0684809826098276,,False,,,0.7922932330827067,,,,19,0,54.36080000072252,1.864899997599423,70.44420001329854,2.575500009697862
SupportRiskOnly_B10,JILONG_EI_0129,560,B10,105;74;35;4;29;157;201;103;219;213;178;171;66;233;166;60;100;41;68,0.1,19,111,19,0.0960556240475989,,False,,,0.7818871503082029,,,,19,0,54.32720000681002,1.804300001822412,70.08349998795893,2.6113000058103357
SupportRiskOnly_B10,JILONG_EI_0129,570,B10,57;105;3;217;13;158;219;35;103;213;156;165;206;91;46;178;49;10;215,0.1,19,112,19,0.0639554027459779,,False,,,0.7937030075187971,,,,19,0,54.41869999049232,2.04319998738356,70.00799999514129,2.2544999956153333
SupportRiskOnly_B10,JILONG_EI_0129,580,B10,219;90;3;57;13;174;104;217;34;36;213;156;178;102;165;170;215;66;252,0.1,19,110,19,0.0737340245499307,,False,,,0.790909090909091,,,,19,0,54.88989999867045,2.5077999889617786,69.66069999907631,2.2689000034006312
SupportRiskOnly_B10,JILONG_EI_0129,590,B10,3;105;218;157;57;29;119;35;213;178;171;216;91;49;165;60;185;252;128,0.1,19,111,19,0.0702958090526912,,False,,,0.7667140825035562,,,,19,0,54.56550000235438,1.8501000013202429,70.73529998888262,2.237199994851835
SupportRiskOnly_B10,JILONG_EI_0129,600,B10,219;3;105;57;217;13;46;158;103;36;34;213;178;156;134;44;91;66;165,0.1,19,112,19,0.0838112886799243,,False,,,0.7979323308270676,,,,19,0,55.9516000066651,2.315899997483939,72.20160000724718,2.519100002245977
SupportRiskOnly_B10,JILONG_EI_0129,610,B10,90;219;3;57;13;35;201;174;88;213;233;178;121;155;49;46;119;165;100,0.1,19,112,19,0.051060180257445,,False,,,0.7988721804511277,,,,19,0,54.95550000341609,1.8038999987766149,71.0187000076985,2.228099998319521
SupportRiskOnly_B10,JILONG_EI_0129,620,B10,105;219;3;74;157;29;217;36;103;34;213;178;206;171;66;134;10;112;165,0.1,19,112,19,0.0620410288611006,,False,,,0.7993421052631579,,,,19,0,56.632099993294105,1.814499992178753,71.3331000006292,3.1980999920051545
SupportRiskOnly_B10,JILONG_EI_0129,630,B10,219;90;57;4;174;35;104;217;13;46;213;161;171;60;102;49;112;165;135,0.1,19,113,19,0.0608694320435558,,False,,,0.7876106194690266,,,,19,0,54.05390000669286,1.8071000085910784,69.72480000695214,3.013300010934472
SupportRiskOnly_B10,JILONG_EI_0129,640,B10,219;3;105;13;217;158;74;35;103;161;213;46;156;165;134;49;41;10;170,0.1,19,113,19,0.0765060379352329,,False,,,0.7843502561714019,,,,19,0,54.02340000728145,1.8311000021640207,70.9839000046486,2.422300007310696
SupportRiskOnly_B10,JILONG_EI_0129,650,B10,219;90;3;217;157;57;29;36;104;84;178;213;34;171;206;102;5;165;134,0.1,19,113,19,0.061926166428008,,False,,,0.7987890079180252,,,,19,0,54.97090000426397,1.804500003345311,70.98819999373518,2.256499996292405
SupportRiskOnly_B10,JILONG_EI_0129,660,B10,219;90;3;13;57;35;46;217;174;84;103;213;161;192;155;66;165;121;134,0.1,19,113,19,0.0452481411429577,,False,,,0.8062412668840241,,,,19,0,54.37739999615587,1.8885999888880176,71.00270000228193,2.248799995868467
SupportRiskOnly_B10,JILONG_EI_0129,670,B10,3;105;57;218;174;36;13;84;103;91;213;232;34;46;178;155;166;60;134,0.1,19,114,19,0.0546515456654746,,False,,,0.7880886426592797,,,,19,0,54.855199996382,2.1444000012706965,70.76380000216886,2.2366999910445884
SupportRiskOnly_B10,JILONG_EI_0129,680,B10,219;90;3;157;217;57;29;35;88;213;161;171;119;165;206;100;10;49;121,0.1,19,113,19,0.0531889640174284,,False,,,0.7745691662785281,,,,19,0,55.15010000090115,1.835400005802512,70.65130000410136,2.2701999987475574
SupportRiskOnly_B10,JILONG_EI_0129,690,B10,3;219;90;217;57;158;46;13;103;36;34;213;178;171;190;165;134;121;128,0.1,19,110,19,0.0558997174384145,,False,,,0.7851674641148326,,,,19,0,54.69920000177808,1.8909999926108867,70.50110001000576,2.231599995866418
SupportRiskOnly_B10,JILONG_EI_0129,700,B10,219;4;89;217;57;174;35;13;46;103;213;91;161;49;156;60;165;134;68,0.1,19,110,19,0.0672098383502691,,False,,,0.7827751196172249,,,,19,0,55.4485000029672,1.835100003518164,71.35880000714678,2.345900007640012
SupportRiskOnly_B10,JILONG_EI_0129,710,B10,3;217;74;105;157;235;29;103;35;213;171;177;165;49;134;128;100;5;41,0.1,19,112,19,0.0739790644071949,,False,,,0.7593984962406014,,,,19,0,55.49259998952039,2.389100001892075,70.47779999265913,2.3670999944442883
SupportRiskOnly_B10,JILONG_EI_0129,720,B10,90;217;3;57;158;46;13;219;104;36;213;34;102;178;171;134;165;66;252,0.1,19,113,19,0.062377958664839,,False,,,0.8034466697717745,,,,19,0,54.82420000771526,1.8290000007255005,70.10340000852011,2.236100001027808
SupportRiskOnly_B10,JILONG_EI_0129,730,B10,219;217;3;106;57;174;29;103;35;213;165;171;161;134;49;252;10;215;241,0.1,19,113,19,0.0647824122642448,,False,,,0.768979972054029,,,,19,0,54.170400006114505,2.1680000063497573,70.0628000049619,2.35279998742044
SupportRiskOnly_B10,JILONG_EI_0129,740,B10,46;217;4;106;57;157;103;14;36;34;229;235;161;155;165;134;190;100;44,0.1,19,112,19,0.0751123737470423,,False,,,0.7786654135338346,,,,19,0,54.731900003389455,2.7053999947384,71.10949998605065,2.290899996296502
SupportRiskOnly_B10,JILONG_EI_0129,750,B10,13;219;3;90;217;158;57;46;251;121;35;103;178;213;171;206;166;49;135,0.1,19,113,19,0.0510448652663659,,False,,,0.8108989287377737,,,,19,0,55.25469999702182,1.8948999932035804,72.19590000750031,2.9058999934932217
SupportRiskOnly_B10,JILONG_EI_0129,760,B10,217;105;74;3;174;219;251;29;103;36;213;161;171;34;60;5;165;134;66,0.1,19,112,19,0.0611987043517547,,False,,,0.7796052631578947,,,,19,0,55.03610000596382,1.8736999918473884,71.59050001064315,2.624400003696792
SupportRiskOnly_B10,JILONG_EI_0129,770,B10,217;89;4;13;46;158;57;35;103;91;235;229;121;156;177;134;190;165;170,0.1,19,111,19,0.0592690154757984,,False,,,0.7904220009483168,,,,19,0,55.58029998792336,2.110700006596744,70.47099999908824,2.652499999385327
SupportRiskOnly_B10,JILONG_EI_0129,780,B10,90;217;3;13;57;157;219;46;104;36;206;213;134;161;34;102;155;10;166,0.1,19,112,19,0.0554862126792811,,False,,,0.8068609022556391,,,,19,0,55.0706999929389,3.326100006233901,70.03110001096502,2.250300007290207
SupportRiskOnly_B10,JILONG_EI_0129,790,B10,13;105;217;3;174;58;84;219;103;35;46;178;213;171;165;60;135;91;112,0.1,19,114,19,0.0565429470637333,,False,,,0.8088642659279778,,,,19,0,54.415000005974434,1.8342999974265692,70.00659999903291,2.311300006113015
SupportRiskOnly_B10,JILONG_EI_0129,800,B10,219;90;217;57;3;158;29;88;36;206;213;121;161;165;171;34;5;102;134,0.1,19,113,19,0.0603257498602507,,False,,,0.7936655798789009,,,,19,0,54.24179999681655,1.82170000334736,71.0700000054203,2.86469999991823
SupportRiskOnly_B10,JILONG_EI_0129,810,B10,13;46;201;106;3;158;103;74;35;178;232;235;213;171;165;100;134;49;10,0.1,19,110,19,0.064966192157193,,False,,,0.8043062200956937,,,,19,0,54.380900008254685,1.883300006738864,70.6410999991931,2.375600000959821
SupportRiskOnly_B10,JILONG_EI_0129,820,B10,219;217;90;58;4;157;13;104;46;192;190;51;161;171;229;49;135;102;185,0.1,19,111,19,0.0592690154757984,,False,,,0.8070175438596492,,,,19,0,54.71359999501146,1.9127999985357744,70.33879999653436,2.262699999846518
SupportRiskOnly_B10,JILONG_EI_0129,830,B10,90;218;4;174;57;46;13;84;216;103;35;213;178;49;171;121;128;44;165,0.1,19,112,19,0.0746299515280532,,False,,,0.8125000000000001,,,,19,0,55.17690000124276,3.2722999894758686,70.75179999810643,2.3480999952880666
SupportRiskOnly_B10,JILONG_EI_0129,840,B10,13;217;90;4;219;158;57;104;46;36;206;49;213;68;171;161;102;165;60,0.1,19,111,19,0.0739637494161159,,False,,,0.7937411095305832,,,,19,0,54.27930000587367,1.8140000029234216,71.75020000431687,3.404999995836988
SupportRiskOnly_B10,JILONG_EI_0129,850,B10,219;217;29;105;3;57;158;103;35;91;66;213;190;5;178;171;10;215;68,0.1,19,108,19,0.0726926051565575,,False,,,0.7850877192982456,,,,19,0,54.11969999840949,2.1972000104142357,69.73600000492297,2.289100011694245
SupportRiskOnly_B10,JILONG_EI_0129,860,B10,219;90;46;217;57;13;84;20;104;157;178;51;213;171;165;134;102;49;44,0.1,19,108,19,0.0874715715478095,,False,,,0.8167641325536061,,,,19,0,54.36530000588391,1.8035999964922669,70.21580000582617,2.333199998247437
SupportRiskOnly_B10,JILONG_EI_0129,870,B10,202;174;13;74;84;4;106;235;103;46;216;35;213;171;161;134;49;165;179,0.1,19,109,19,0.0669341685108468,,False,,,0.8121680347658137,,,,19,0,54.2459999996936,1.8166999943787232,70.08289999794215,2.266000010422431
SupportRiskOnly_B10,JILONG_EI_0129,880,B10,217;90;46;13;219;158;104;19;57;171;190;178;68;102;134;49;213;128;60,0.1,19,110,19,0.07015797413298,,False,,,0.7870813397129187,,,,19,0,56.24420000822283,1.7690000095171854,71.36040000477806,2.3240000009536743
SupportRiskOnly_B10,JILONG_EI_0129,890,B10,218;13;90;84;57;157;19;104;216;46;161;5;134;10;66;213;171;165;252,0.1,19,111,19,0.0505164980741398,,False,,,0.7852062588904695,,,,19,0,55.680699995718896,1.8626000091899184,70.99269999889657,2.340799997909926
SupportRiskOnly_B10,JILONG_EI_0129,900,B10,219;90;217;29;84;103;174;121;20;58;161;206;134;51;166;171;213;215;49,0.1,19,111,19,0.0581433636314906,,False,,,0.7894736842105264,,,,19,0,54.937900000368245,1.8821999983629207,70.37159999890719,2.26249999832362
SupportRiskOnly_B10,JILONG_EI_0129,910,B10,13;46;202;90;84;35;104;58;158;235;4;178;216;134;190;170;165;156;213,0.1,19,110,19,0.0617500440305993,,False,,,0.8110047846889952,,,,19,0,54.60149999998976,1.7642000020714477,70.32189999881666,2.615800010971725
SupportRiskOnly_B10,JILONG_EI_0129,920,B10,219;105;13;217;74;84;103;36;4;174;134;46;161;171;44;34;213;66;166,0.1,19,112,19,0.0710692161021816,,False,,,0.8026315789473685,,,,19,0,54.7208999923896,1.8330000020796435,70.83369999600109,2.227900011348538
SupportRiskOnly_B10,JILONG_EI_0129,930,B10,219;57;201;13;84;106;88;20;157;46;232;134;206;178;171;102;60;34;213,0.1,19,112,19,0.0694534845433452,,False,,,0.8125,,,,19,0,55.34909998823423,1.8179999897256491,70.74579999607522,2.387999993516132
SupportRiskOnly_B10,JILONG_EI_0129,940,B10,84;90;218;232;13;158;58;35;103;121;3;46;134;5;190;161;128;171;213,0.1,19,111,19,0.0483034818632218,,False,,,0.8231389284020864,,,,19,0,55.42129999957979,2.29199999012053,70.54770000104327,2.256799998576753
SupportRiskOnly_B10,JILONG_EI_0129,950,B10,219;90;217;84;104;29;174;4;134;176;36;178;171;34;128;213;215;57;23,0.1,19,110,19,0.0505394705607584,,False,,,0.7698564593301436,,,,19,0,58.47469999571331,2.293800003826618,74.91530000697821,2.5133000017376617
SupportRiskOnly_B10,JILONG_EI_0129,960,B10,13;219;217;46;74;105;84;103;158;3;134;35;161;49;206;5;171;10;165,0.1,19,110,19,0.0448958963481403,,False,,,0.8210526315789475,,,,19,0,55.88150001130998,2.53139999404084,69.81459999224171,2.27719999384135
SupportRiskOnly_B10,JILONG_EI_0129,970,B10,217;235;13;84;89;157;3;121;46;103;34;190;134;58;177;91;36;171;66,0.1,19,109,19,0.0504705531009028,,False,,,0.7962337035248673,,,,19,0,54.05380000593141,1.9322000007377935,70.19620000210125,2.4338999937754124
SupportRiskOnly_B10,JILONG_EI_0129,980,B10,219;217;74;46;84;104;106;174;3;13;34;134;178;171;36;213;10;165;102,0.1,19,109,19,0.0554326102105045,,False,,,0.7986479961371318,,,,19,0,54.35700000089128,2.6279999874532223,71.08599999628495,2.2674000065308064
SupportRiskOnly_B10,JILONG_EI_0129,990,B10,84;219;13;90;217;46;104;3;158;57;35;161;5;49;166;170;135;156;128,0.1,19,111,19,0.0480890719881155,,False,,,0.8103366524419157,,,,19,0,54.57990001013968,1.8240999925183128,70.96090000413824,2.272899990202859
SupportRiskOnly_B10,JILONG_EI_0129,1000,B10,84;217;105;103;13;74;219;3;157;46;206;34;36;178;171;165;134;128;44,0.1,19,109,19,0.0714291183925385,,False,,,0.7996137131820377,,,,19,0,56.31929999799468,2.154599991627037,70.03059999260586,2.6032000023406
SupportRiskOnly_B10,JILONG_EI_0129,1010,B10,84;217;29;219;104;74;174;4;106;161;34;36;213;128;171;215;60;134;23,0.1,19,110,19,0.0578523788009893,,False,,,0.761244019138756,,,,19,0,54.96629999834113,1.789900008589029,71.09310000669211,2.48470000224188
SupportRiskOnly_B10,JILONG_EI_0129,1020,B10,13;84;201;104;232;46;74;158;3;235;35;190;5;106;128;178;229;134;49,0.1,19,111,19,0.0445359940577834,,False,,,0.8231389284020864,,,,19,0,54.490299997269176,1.7325000080745667,72.1140999958152,2.595300000393763
SupportRiskOnly_B10,JILONG_EI_0129,1030,B10,84;217;13;104;174;74;3;106;35;171;206;128;161;49;135;102;46;212;41,0.1,19,109,19,0.0605248447442779,,False,,,0.7648478995654274,,,,19,0,53.9680999936536,2.023699998972006,69.8390999896219,2.4150999961420894
SupportRiskOnly_B10,JILONG_EI_0129,1040,B10,84;219;90;13;57;121;217;103;157;20;192;34;46;128;178;186;134;213;155,0.1,19,111,19,0.0475530473003499,,False,,,0.8060692271218587,,,,19,0,53.97809999703895,1.800900005036965,69.96900000376627,2.33719999960158
SupportRiskOnly_B10,JILONG_EI_0129,1050,B10,84;90;218;232;104;3;29;58;158;35;128;186;5;161;49;165;156;135;102,0.1,19,112,19,0.054521368241303,,False,,,0.787593984962406,,,,19,0,54.84909999358933,1.8012999935308471,70.81330000073649,2.913600008469075
SupportRiskOnly_B10,JILONG_EI_0129,1060,B10,219;105;217;84;46;3;174;14;103;58;36;171;34;128;178;10;66;44;176,0.1,19,110,19,0.0654332993851031,,False,,,0.7980861244019138,,,,19,0,54.23740000696853,1.8198000034317372,70.68959999014623,2.2253999923123047
SupportRiskOnly_B10,JILONG_EI_0129,1070,B10,13;219;104;217;84;3;158;57;190;106;46;34;128;134;161;36;171;60;166,0.1,19,109,19,0.0474305273717178,,False,,,0.7928536938676969,,,,19,0,53.98090000380762,1.791699993191287,69.80209999892395,2.259900007629767
SupportRiskOnly_B10,JILONG_EI_0129,1080,B10,104;202;13;84;235;216;3;90;157;58;46;51;49;161;170;135;166;229;102,0.1,19,109,19,0.061880221454771,,False,,,0.7875422501207147,,,,19,0,54.374699990148656,1.8066999909933656,70.3295999992406,2.227299992227927
SupportRiskOnly_B10,JILONG_EI_0129,1090,B10,219;104;13;90;217;84;174;3;57;46;128;35;171;178;134;49;206;165;147,0.1,19,108,19,0.0358523941159804,,False,,,0.7972709551656921,,,,19,0,54.22629999520723,1.7165000026579946,69.96209999488201,2.426999999443069
SupportRiskOnly_B10,JILONG_EI_0129,1100,B10,104;29;218;84;3;90;158;232;128;36;58;206;34;134;171;161;5;66;165,0.1,19,106,19,0.045447236026985,,False,,,0.7904667328699105,,,,19,0,54.09940000390634,1.8236000032629816,69.85220000206027,2.901600004406646
SupportRiskOnly_B10,JILONG_EI_0129,1110,B10,219;104;217;84;74;174;13;46;3;128;106;35;134;178;165;186;156;5;44,0.1,19,107,19,0.0605631322219754,,False,,,0.779144121987211,,,,19,0,54.50629998813383,1.761299994541332,70.05749999370892,2.7563000039663166
SupportRiskOnly_B10,JILONG_EI_0129,1120,B10,84;104;13;90;217;219;174;3;58;161;128;36;165;171;134;102;66;46;215,0.1,19,106,19,0.0556393625900712,,False,,,0.782522343594836,,,,19,0,56.184100001701154,1.7589999915799126,71.045700009563,2.894500008551404
SupportRiskOnly_B10,JILONG_EI_0129,1130,B10,84;103;235;121;13;201;89;3;157;190;35;57;128;232;171;134;10;165;161,0.1,19,105,19,0.0539240835892213,,False,,,0.8125313283208019,,,,19,0,54.49150000640657,1.7583000008016825,70.27219999872614,2.274700003908947
SupportRiskOnly_B10,JILONG_EI_0129,1140,B10,84;219;13;104;217;158;74;3;46;128;106;135;161;206;36;171;34;229;60,0.1,19,107,19,0.0488241915599084,,False,,,0.8076733890801769,,,,19,0,54.31190000672359,2.141300006769597,71.02070000837557,2.255600003991276
SupportRiskOnly_B10,JILONG_EI_0129,1150,B10,84;219;90;104;29;174;217;3;128;58;34;134;178;36;156;186;66;5;166,0.1,19,104,19,0.0421698279360752,,False,,,0.784412955465587,,,,19,0,54.64459999348037,2.055699995253235,70.38860001193825,2.3535999935120344
SupportRiskOnly_B10,JILONG_EI_0129,1160,B10,13;84;219;90;121;57;217;46;88;174;128;3;34;119;206;161;36;166;171,0.1,19,104,19,0.0324065211232014,,False,,,0.8233805668016194,,,,19,0,55.7457999966573,1.788900000974536,70.7342000096105,2.227300006779842
SupportRiskOnly_B10,JILONG_EI_0129,1170,B10,218;105;13;84;232;103;58;158;128;35;165;3;134;186;49;161;190;44;229,0.1,19,104,19,0.0650121371304301,,False,,,0.7899797570850202,,,,19,0,56.29920000501443,1.789899994037114,70.57650000206195,2.309100003913045
SupportRiskOnly_B10,JILONG_EI_0129,1180,B10,90;13;104;217;219;174;3;68;128;134;171;100;58;206;34;5;178;36;46,0.1,19,107,19,0.0466418053311483,,False,,,0.8101328086571569,,,,19,0,56.65030000091065,1.7592999938642606,71.08419999713078,2.3471000022254884
SupportRiskOnly_B10,JILONG_EI_0129,1190,B10,90;13;104;202;235;216;58;174;3;35;161;128;134;102;171;46;166;213;147,0.1,19,106,19,0.0535412088122458,,False,,,0.7939424031777558,,,,19,0,55.019500010530464,1.864899997599423,69.95150000147987,2.250200006528757
SupportRiskOnly_B10,JILONG_EI_0129,1200,B10,219;217;74;84;106;103;174;29;3;128;178;36;134;165;156;252;34;66;229,0.1,19,107,19,0.0511520702039191,,False,,,0.794392523364486,,,,19,0,54.44880000140984,2.225899996119552,69.85739999799989,2.263600006699562
SupportRiskOnly_B10,JILONG_EI_0129,1210,B10,232;13;84;219;58;104;201;90;158;3;46;190;35;128;134;161;171;44;229,0.1,19,108,19,0.0666355261848059,,False,,,0.8386939571150097,,,,19,0,55.255100000067614,1.8434000085107984,70.24240000464488,2.377700002398342
SupportRiskOnly_B10,JILONG_EI_0129,1220,B10,3;218;232;13;58;186;121;90;157;88;128;134;46;206;36;229;178;165;102,0.1,19,107,19,0.0519561072355675,,False,,,0.8155435317265125,,,,19,0,54.82800000754651,1.871599990408868,70.26219999534078,2.6194999954896048
SupportRiskOnly_B10,JILONG_EI_0129,1230,B10,90;13;217;58;2;219;104;174;186;128;20;134;161;51;46;49;60;229;23,0.1,19,109,19,0.042904947507868,,False,,,0.7802993722839208,,,,19,0,54.755600009229966,1.7527000018162653,69.84679999004584,2.376400007051416
SupportRiskOnly_B10,JILONG_EI_0129,1240,B10,84;90;57;219;121;103;3;217;46;14;158;128;35;171;134;178;190;5;185,0.1,19,110,19,0.0494597636896876,,False,,,0.8153110047846891,,,,19,0,55.22650000057183,2.5414999981876463,70.96040000033099,2.7233000000705943
SupportRiskOnly_B10,JILONG_EI_0129,1250,B10,105;13;58;232;2;219;174;201;36;4;46;119;128;161;44;165;170;68;229,0.1,19,108,19,0.0758245208322166,,False,,,0.8001949317738791,,,,19,0,54.80249998799991,1.8872000073315576,70.17359999008477,2.636400007759221
SupportRiskOnly_B10,JILONG_EI_0129,1260,B10,90;232;104;13;84;219;58;174;186;3;46;35;135;166;252;102;10;156;213,0.1,19,108,19,0.0455391259734591,,False,,,0.804093567251462,,,,19,0,54.39370000385679,1.7622000013943762,70.8267000009073,2.695200004382059
SupportRiskOnly_B10,JILONG_EI_0129,1270,B10,37;219;232;13;74;121;186;3;103;157;206;128;165;35;134;178;176;66;229,0.1,19,108,19,0.0456463309110122,,False,,,0.7958089668615984,,,,19,0,55.01310000545345,1.7939999961527064,71.62270000844728,2.2625999990850687
SupportRiskOnly_B10,JILONG_EI_0129,1280,B10,217;90;235;104;13;58;203;174;3;171;46;36;166;161;134;102;44;23;215,0.1,19,104,19,0.0754493035507806,,False,,,0.8051619433198379,,,,19,0,56.1087999958545,3.134200000204146,70.7296999898972,2.40019999910146
SupportRiskOnly_B10,JILONG_EI_0129,1290,B10,90;13;232;121;84;219;57;158;201;103;35;2;4;128;134;190;166;171;46,0.1,19,108,19,0.0420090205297455,,False,,,0.8230994152046783,,,,19,0,54.58179999550339,1.8469999922672289,70.03580000309739,2.2160000080475584
SupportRiskOnly_B10,JILONG_EI_0129,1300,B10,13;106;174;104;202;3;74;216;235;165;35;135;171;128;178;5;102;41;213,0.1,19,106,19,0.0725164827591487,,False,,,0.804369414101291,,,,19,0,53.9478999999119,1.9071999995503572,70.16909999947529,2.2415000130422413
SupportRiskOnly_B10,JILONG_EI_0129,1310,B10,106;13;84;219;104;217;74;158;186;36;46;72;4;156;161;190;229;44;134,0.1,19,107,19,0.0643535925140323,,False,,,0.794392523364486,,,,19,0,55.18209999718238,3.405800001928583,69.44039999507368,2.631900002597831
SupportRiskOnly_B10,JILONG_EI_0129,1320,B10,90;13;121;218;84;232;186;103;58;174;46;35;206;3;66;128;178;165;229,0.1,19,109,19,0.0396581693991163,,False,,,0.816030902945437,,,,19,0,53.82899999676738,1.7761000053724274,70.06990000081714,2.271000004839152
SupportRiskOnly_B10,JILONG_EI_0129,1330,B10,13;219;106;104;84;74;201;232;158;3;171;46;36;229;44;178;102;135;149,0.1,19,107,19,0.0888192907627631,,False,,,0.7993113625184457,,,,19,0,54.36809999810066,1.900399991427548,71.95569999748841,3.045200006454252
SupportRiskOnly_B10,JILONG_EI_0129,1340,B10,90;219;104;29;186;217;174;58;4;51;165;229;134;161;156;206;147;72;61,0.1,19,107,19,0.0625081360890107,,False,,,0.7535661583866208,,,,19,0,55.34039999474771,1.857800001744181,71.41410000622272,2.299499989021569
SupportRiskOnly_B10,JILONG_EI_0129,1350,B10,13;104;90;202;84;235;46;157;232;3;36;57;171;190;229;178;66;166;102,0.1,19,106,19,0.0569334793362482,,False,,,0.8068520357497517,,,,19,0,54.90040000586305,1.7788999975891784,71.00909999280702,2.265199989778921
SupportRiskOnly_B10,JILONG_EI_0129,1360,B10,219;13;105;3;74;232;103;201;35;158;206;46;135;171;161;229;165;128;44,0.1,19,106,19,0.0756943434080449,,False,,,0.8033763654419067,,,,19,0,55.1015999953961,1.7648999928496778,70.32399998570327,2.250200006528757
SupportRiskOnly_B10,JILONG_EI_0129,1370,B10,106;2;104;13;217;219;58;174;186;36;156;229;4;46;166;134;178;144;147,0.1,19,107,19,0.0392140346578248,,False,,,0.7757009345794392,,,,19,0,55.232600003364496,1.741200001561083,70.97849999263417,2.680699995835312
SupportRiskOnly_B10,JILONG_EI_0129,1380,B10,90;121;202;57;3;232;29;235;88;158;119;36;166;66;156;190;161;229;147,0.1,19,107,19,0.048471946765091,,False,,,0.795376291195278,,,,19,0,54.586700003710575,1.791999995475635,71.1003000033088,2.3290000099223107
SupportRiskOnly_B10,JILONG_EI_0129,1390,B10,106;13;104;217;84;46;174;58;203;3;35;171;135;165;44;49;185;229;5,0.1,19,107,19,0.0620716588432587,,False,,,0.8012788981800295,,,,19,0,54.38560000038706,2.041599989752285,71.4429000072414,2.471200001309626
SupportRiskOnly_B10,JILONG_EI_0129,1400,B10,90;2;121;103;202;14;57;158;216;36;134;235;4;46;178;156;34;213;166,0.1,19,105,19,0.0590699205917712,,False,,,0.8140350877192982,,,,19,0,58.14459999965038,1.8815999937942247,75.19620000675786,3.545800005667843
SupportRiskOnly_B10,JILONG_EI_0129,1410,B10,90;121;217;219;186;13;3;88;174;192;119;36;34;165;156;161;229;44;68,0.1,19,108,19,0.0692467321637785,,False,,,0.8040935672514621,,,,19,0,56.3012000056915,1.7782999930204824,70.25940000312403,2.554899998358451
SupportRiskOnly_B10,JILONG_EI_0129,1420,B10,219;90;84;104;186;3;29;232;206;158;35;135;58;178;166;102;156;71;60,0.1,19,108,19,0.076597927881707,,False,,,0.7914230019493177,,,,19,0,54.10269999993034,1.7853999888757244,69.89359999715816,2.1866000024601817
SupportRiskOnly_B10,JILONG_EI_0129,1430,B10,106;74;201;219;46;3;14;104;174;171;134;36;232;165;83;34;178;44;229,0.1,19,107,19,0.069239074668239,,False,,,0.8121003443187407,,,,19,0,53.815000006579794,1.7315999866696077,70.86939999135211,2.240599991637282
SupportRiskOnly_B10,JILONG_EI_0129,1440,B10,13;106;104;3;217;186;235;58;174;35;156;161;112;66;46;68;166;179;229,0.1,19,106,19,0.0634270355537517,,False,,,0.7760675273088381,,,,19,0,54.582099997787736,1.7580999992787838,70.60679999995045,2.2803000028943643
SupportRiskOnly_B10,JILONG_EI_0139,10,B10,78;219;57;106;84;217;4;128;13;50;119;251;10;156;158;213;177;206;170,0.1,19,115,19,0.0700201392132689,,False,,,0.8375286041189932,,,,19,0,54.38999999023508,1.868599996669218,69.53530000464525,2.655400006915442
SupportRiskOnly_B10,JILONG_EI_0139,20,B10,219;58;84;217;13;119;90;4;112;50;77;10;157;251;155;206;178;121;192,0.1,19,114,19,0.0479971820416414,,False,,,0.8301015697137581,,,,19,0,54.25529999774881,1.7592000076547265,70.57530000747647,2.220800000941381
SupportRiskOnly_B10,JILONG_EI_0139,30,B10,57;84;77;13;235;106;4;128;232;201;33;104;66;134;35;158;206;203;178,0.1,19,113,19,0.0608694320435558,,False,,,0.8663251047973918,,,,19,0,54.58029999863356,2.554599996074103,70.07549999980256,2.314600002137013
SupportRiskOnly_B10,JILONG_EI_0139,40,B10,58;4;235;128;77;106;49;201;29;157;203;102;100;51;206;120;10;192;155,0.1,19,114,19,0.0750740862693447,,False,,,0.8190212373037857,,,,19,0,54.29240000376012,1.7544000002089888,70.00469999911729,2.3741999902995303
SupportRiskOnly_B10,JILONG_EI_0139,50,B10,57;61;219;106;112;217;4;50;157;155;29;185;103;68;178;133;206;213;215,0.1,19,109,19,0.1055049735433529,,False,,,0.809270883631096,,,,19,0,54.83029999595601,1.7980999982682988,70.74270000157412,2.297499988344498
SupportRiskOnly_B10,JILONG_EI_0139,60,B10,74;106;219;61;50;217;84;158;20;192;29;185;171;119;206;112;213;179;215,0.1,19,113,19,0.0877395838916923,,False,,,0.7945971122496506,,,,19,0,54.29539999749977,1.8183000065619128,70.98119999864139,2.6190000062342733
SupportRiskOnly_B10,JILONG_EI_0139,70,B10,57;60;106;235;119;50;202;157;216;171;46;3;5;69;177;206;112;88;13,0.1,19,111,19,0.0522777220482269,,False,,,0.8136557610241821,,,,19,0,55.07010000292212,1.7288999952143058,69.54979999864008,2.2687999880872667
SupportRiskOnly_B10,JILONG_EI_0139,80,B10,44;105;119;218;74;158;34;186;66;206;232;128;13;4;36;214;41;252;99,0.1,19,111,19,0.0737416820454702,,False,,,0.7980085348506402,,,,19,0,54.35170000419021,1.9109999993816016,69.75889999011997,2.235499996459112
SupportRiskOnly_B10,JILONG_EI_0139,90,B10,44;90;174;121;217;235;58;33;171;135;203;19;206;52;88;229;185;176;165,0.1,19,103,19,0.0659310365951711,,False,,,0.8088911599386817,,,,19,0,56.13009999797214,1.7977999959839508,71.95009999850299,3.000700002303347
SupportRiskOnly_B10,JILONG_EI_0139,100,B10,28;105;157;202;57;91;61;171;206;119;49;216;235;20;26;176;213;52;71,0.1,19,102,19,0.1278495455276397,,False,,,0.8173374613003096,,,,19,0,54.69750000338536,1.7302999913226813,70.47190000594128,2.458199989632704
SupportRiskOnly_B10,JILONG_EI_0139,110,B10,13;106;217;157;171;104;27;206;203;74;135;252;60;112;161;185;69;25;147,0.1,19,102,19,0.0936894579258907,,False,,,0.8137254901960783,,,,19,0,54.3961999937892,1.72460000612773,71.61909999558702,3.0157000001054257
SupportRiskOnly_B10,JILONG_EI_0139,120,B10,27;106;174;201;29;104;33;171;206;135;233;61;128;212;178;41;20;203;235,0.1,19,96,19,0.1020284705684159,,False,,,0.7922149122807017,,,,19,0,54.269700005534105,1.7114999936893582,70.1342999964254,2.5596999912522733
SupportRiskOnly_B10,JILONG_EI_0139,130,B10,27;13;106;158;202;212;33;104;206;171;200;134;61;66;235;74;35;40;177,0.1,19,95,19,0.1093337213131073,,False,,,0.785595567867036,,,,19,0,54.68899999686983,1.769200011040084,69.8296000045957,2.2425000061048195
SupportRiskOnly_B10,JILONG_EI_0139,140,B10,27;106;174;33;202;120;60;29;171;74;200;206;20;51;41;229;101;177;133,0.1,19,95,19,0.1239825102801877,,False,,,0.7479224376731302,,,,19,0,54.41419999988284,2.13649999932386,73.51539999945089,3.193999989889562
SupportRiskOnly_B10,JILONG_EI_0139,150,B10,106;27;202;158;58;120;34;13;155;60;32;206;213;216;100;52;134;165;23,0.1,19,94,19,0.0786501366862953,,False,,,0.7625979843225084,,,,19,0,55.283800000324845,2.993800007971004,71.59999999566935,2.2561000077985227
SupportRiskOnly_B10,JILONG_EI_0139,160,B10,26;106;202;57;174;135;45;156;50;232;206;104;213;52;32;178;70;165;20,0.1,19,91,19,0.0978857654815416,,False,,,0.7264314632735686,,,,19,0,55.5467999947723,1.7205000040121377,71.06149999890476,2.2914000001037493
SupportRiskOnly_B10,JILONG_EI_0139,170,B10,90;26;58;202;157;121;29;155;35;134;235;49;206;88;216;165;112;213;102,0.1,19,96,19,0.0806717155087257,,False,,,0.7642543859649122,,,,19,0,55.17380000674166,1.8871999927796423,70.28110000828747,2.2809000074630603
SupportRiskOnly_B10,JILONG_EI_0139,180,B10,57;10;106;217;157;13;120;235;49;206;20;155;185;203;60;177;100;52;165,0.1,19,95,19,0.064483769938204,,False,,,0.7645429362880887,,,,19,0,55.07289999513887,2.5454999995417893,70.37380000110716,2.2539000055985525
SupportRiskOnly_B10,JILONG_EI_0139,190,B10,58;25;90;202;158;13;121;235;50;171;88;206;135;177;216;32;27;20;196,0.1,19,94,19,0.0916831940945394,,False,,,0.7653975363941768,,,,19,0,55.05439999978989,2.4542999890400097,70.47809999494348,2.358099998673424
SupportRiskOnly_B10,JILONG_EI_0139,200,B10,25;74;217;105;174;50;13;235;171;196;206;203;135;103;4;185;32;177;60,0.1,19,95,19,0.0797757885306031,,False,,,0.754016620498615,,,,19,0,56.281499986653216,1.7446999991079792,70.48969999596011,2.223600007710047
SupportRiskOnly_B10,JILONG_EI_0139,210,B10,13;57;202;106;158;35;49;10;235;120;156;233;206;24;213;112;3;178;86,0.1,19,97,19,0.0778078121769494,,False,,,0.74877916440586,,,,19,0,54.93089999072254,1.7081999976653606,70.73340000351891,2.28689999494236
SupportRiskOnly_B10,JILONG_EI_0139,220,B10,106;40;217;174;58;29;192;50;20;104;10;235;171;206;135;185;60;196;52,0.1,19,94,19,0.0865220421009104,,False,,,0.7687569988801792,,,,19,0,56.240099991555326,2.174399996874854,72.06229999428615,2.357499994104728
SupportRiskOnly_B10,JILONG_EI_0139,230,B10,13;58;105;202;157;91;40;10;34;233;235;20;206;61;155;229;66;177;196,0.1,19,96,19,0.0981690928165034,,False,,,0.7642543859649124,,,,19,0,55.69010000908747,1.8912000086857008,71.3123000023188,2.300399995874613
SupportRiskOnly_B10,JILONG_EI_0139,240,B10,57;13;106;218;33;174;104;192;51;10;20;232;206;155;24;61;186;112;213,0.1,19,99,19,0.0673936182432173,,False,,,0.7836257309941521,,,,19,0,55.69810001179576,2.576700004283339,71.40460000664461,2.2812999959569424
SupportRiskOnly_B10,JILONG_EI_0139,250,B10,13;58;105;219;33;217;158;91;35;206;61;155;4;10;103;23;196;135;241,0.1,19,99,19,0.0777159222304753,,False,,,0.7533227006911217,,,,19,0,54.61520000244491,1.820799996494316,70.82989999616984,2.2398000000976026
SupportRiskOnly_B10,JILONG_EI_0139,260,B10,88;58;13;33;219;106;174;217;20;61;206;170;156;177;112;120;213;93;102,0.1,19,101,19,0.080120375829881,,False,,,0.7649817613340283,,,,19,0,54.703200003132224,1.78240000968799,70.78420001198538,2.261500005261041
SupportRiskOnly_B10,JILONG_EI_0139,270,B10,13;58;105;219;33;233;157;201;91;4;46;252;176;206;35;155;10;66;213,0.1,19,103,19,0.0462665880497124,,False,,,0.7807869187531937,,,,19,0,54.15240000002086,1.7038999940268695,69.79530000535306,2.6006999978562817
SupportRiskOnly_B10,JILONG_EI_0139,280,B10,13;219;58;105;33;217;158;91;61;23;87;177;213;206;36;155;112;66;185,0.1,19,102,19,0.0728304400762686,,False,,,0.7647058823529411,,,,19,0,54.20400000002701,1.740000006975606,69.77480000932701,2.281799999764189
SupportRiskOnly_B10,JILONG_EI_0139,290,B10,13;219;58;106;88;217;49;174;46;112;20;172;213;206;177;51;10;44;120,0.1,19,103,19,0.0636337879333185,,False,,,0.774144098109351,,,,19,0,56.73080000269693,1.7443999968236312,69.53759999305476,2.2563999955309555
SupportRiskOnly_B10,JILONG_EI_0139,300,B10,13;219;57;105;119;157;33;201;233;192;87;91;61;3;206;93;213;171;112,0.1,19,106,19,0.0661684189568959,,False,,,0.7924528301886793,,,,19,0,53.9102000038838,2.1521000016946346,70.18969999626279,2.5347999908262864
SupportRiskOnly_B10,JILONG_EI_0139,310,B10,219;119;58;106;29;174;88;34;217;4;176;172;206;61;99;32;93;10;112,0.1,19,108,19,0.0452021961697207,,False,,,0.7850877192982456,,,,19,0,55.29820000811014,2.439899995806627,70.66509999276605,2.262000009068288
SupportRiskOnly_B10,JILONG_EI_0139,320,B10,58;219;119;105;13;174;49;217;35;91;87;61;155;176;24;3;206;93;213,0.1,19,104,19,0.0654869018538796,,False,,,0.7940283400809718,,,,19,0,54.30629999318626,1.7210999940289184,70.16840000869706,2.295599988428876
SupportRiskOnly_B10,JILONG_EI_0139,330,B10,219;57;119;105;13;157;201;33;232;46;91;4;23;35;176;87;206;155;165,0.1,19,106,19,0.0386090925102036,,False,,,0.7869910625620655,,,,19,0,54.338000001735054,1.866199992946349,70.17269999778364,2.816699998220429
SupportRiskOnly_B10,JILONG_EI_0139,340,B10,219;57;119;90;157;34;217;13;121;88;61;20;176;24;66;206;213;155;32,0.1,19,107,19,0.0702345490883751,,False,,,0.779636005902607,,,,19,0,54.3562000093516,1.7963999998755753,69.82140000036452,2.214699998148717
SupportRiskOnly_B10,JILONG_EI_0139,350,B10,57;219;119;105;35;158;29;201;33;4;172;232;91;24;61;176;93;206;87,0.1,19,107,19,0.0689557473332771,,False,,,0.791933103787506,,,,19,0,54.44750000606291,1.7602000007173046,71.0687999962829,2.549799988628365
SupportRiskOnly_B10,JILONG_EI_0139,360,B10,219;57;104;13;34;174;106;217;3;172;46;23;176;5;66;206;178;60;213,0.1,19,109,19,0.0438851069369252,,False,,,0.7870593915982618,,,,19,0,54.44079999870155,2.329099996131845,70.95249999838416,2.3517999943578616
SupportRiskOnly_B10,JILONG_EI_0139,370,B10,219;57;119;13;34;105;174;217;192;3;61;206;172;24;91;66;36;93;10,0.1,19,108,19,0.0614667166956375,,False,,,0.7826510721247563,,,,19,0,55.88719999650493,2.628199988976121,72.19409999379423,2.698900003451854
SupportRiskOnly_B10,JILONG_EI_0139,380,B10,57;219;119;90;35;13;158;49;201;3;192;88;23;121;46;232;172;206;68,0.1,19,106,19,0.0416644332304676,,False,,,0.801390268123138,,,,19,0,56.14660000719596,1.7740000039339066,70.18689998949412,2.1935999975539744
SupportRiskOnly_B10,JILONG_EI_0139,390,B10,219;58;13;104;34;106;157;201;3;192;66;61;23;135;232;206;155;72;93,0.1,19,104,19,0.0599581900743542,,False,,,0.7798582995951416,,,,19,0,56.1537000030512,1.7645000043557957,71.0724999953527,2.277400009916164
SupportRiskOnly_B10,JILONG_EI_0139,400,B10,219;57;13;34;119;105;174;217;46;192;3;23;66;91;60;172;206;93;215,0.1,19,102,19,0.040737876270187,,False,,,0.7755417956656347,,,,19,0,54.33819998870604,1.7399000062141567,70.39499998791143,2.2653000050922856
SupportRiskOnly_B10,JILONG_EI_0139,410,B10,219;13;57;35;90;157;103;201;4;206;33;192;61;24;112;135;232;93;66,0.1,19,103,19,0.0746988689879088,,False,,,0.7956055186509964,,,,19,0,54.92149999190588,1.7786000098567456,70.56439999723807,2.299600004334934
SupportRiskOnly_B10,JILONG_EI_0139,420,B10,219;58;90;29;34;174;4;217;103;192;23;36;135;61;172;178;206;121;185,0.1,19,102,19,0.0650580821036671,,False,,,0.7745098039215685,,,,19,0,55.068300003767945,1.88460000208579,70.87949999549892,2.256799998576753
SupportRiskOnly_B10,JILONG_EI_0139,430,B10,219;57;13;34;119;105;4;157;46;201;192;206;23;91;232;60;66;36;171,0.1,19,105,19,0.0506466754983115,,False,,,0.7849624060150376,,,,19,0,54.78669999865815,2.2809999936725944,70.8030000096187,2.252500009490177
SupportRiskOnly_B10,JILONG_EI_0139,440,B10,90;219;119;58;35;174;13;3;217;49;61;177;23;112;5;206;171;72;185,0.1,19,105,19,0.0564663721083382,,False,,,0.7884711779448621,,,,19,0,56.23339999874588,2.1339999948395416,70.51189999037888,2.2369000071194023
SupportRiskOnly_B10,JILONG_EI_0139,450,B10,219;90;57;34;29;4;157;217;103;206;135;24;66;60;177;36;165;213;155,0.1,19,103,19,0.0751966061979768,,False,,,0.7761880429228412,,,,19,0,54.86439999367576,1.7877000063890591,69.91229999403004,2.2572999878320843
SupportRiskOnly_B10,JILONG_EI_0139,460,B10,90;218;13;119;34;58;174;3;46;178;24;88;232;66;172;206;212;32;93,0.1,19,104,19,0.0444900490845464,,False,,,0.7839068825910931,,,,19,0,55.03670001053251,1.8505999905755743,69.79989999672398,2.243999988422729
SupportRiskOnly_B10,JILONG_EI_0139,470,B10,219;90;119;13;57;3;34;158;217;206;61;24;172;177;66;213;170;36;87,0.1,19,101,19,0.0820500647058373,,False,,,0.7790515893694633,,,,19,0,54.92190000950359,2.054399999906309,69.94709999707993,2.2616999922320247
SupportRiskOnly_B10,JILONG_EI_0139,480,B10,90;13;218;35;174;3;57;119;206;46;192;178;171;5;60;165;49;23;121,0.1,19,103,19,0.0439310519101622,,False,,,0.7812979049565663,,,,19,0,54.311100000632,1.8075999978464097,69.5004000008339,2.2443000052589923
SupportRiskOnly_B10,JILONG_EI_0139,490,B10,219;90;58;35;29;119;3;157;201;206;192;121;171;61;66;165;23;68;213,0.1,19,104,19,0.0812307126831098,,False,,,0.7904858299595141,,,,19,0,54.42850000690669,1.905199998873286,70.50529999833088,2.384799998253584
SupportRiskOnly_B10,JILONG_EI_0139,500,B10,90;119;3;35;29;219;57;174;217;206;192;178;165;60;171;121;128;212;49,0.1,19,105,19,0.0484106868007749,,False,,,0.7764411027568922,,,,19,0,54.797799995867535,1.9548999989638105,70.83919999422505,2.252700011013076
SupportRiskOnly_B10,JILONG_EI_0139,510,B10,90;13;3;34;103;219;157;46;57;251;217;192;135;206;36;112;178;212;171,0.1,19,109,19,0.0480201545282599,,False,,,0.8107194591984548,,,,19,0,54.20690000755712,2.5210000021616,70.277899998473,2.256199994008057
SupportRiskOnly_B10,JILONG_EI_0139,520,B10,90;29;35;3;219;103;251;174;217;57;192;61;49;135;5;24;229;172;178,0.1,19,111,19,0.0700354542043479,,False,,,0.7946894262683736,,,,19,0,56.211299990536645,3.1094000005396083,70.01029999810271,2.6519999955780804
SupportRiskOnly_B10,JILONG_EI_0139,530,B10,90;29;4;35;219;174;119;251;201;58;192;165;60;112;178;233;206;215;213,0.1,19,110,19,0.0581280486404116,,False,,,0.7861244019138757,,,,19,0,54.74369999137707,1.767900001141243,70.41339999705087,2.242600006866269
SupportRiskOnly_B10,JILONG_EI_0139,540,B10,90;29;3;157;219;58;251;103;35;217;192;206;165;5;178;112;66;135;170,0.1,19,111,19,0.0533650864148371,,False,,,0.8027501185395922,,,,19,0,54.62099998840131,1.8019999988609925,70.86809999600518,2.5000000023283064
SupportRiskOnly_B10,JILONG_EI_0139,550,B10,105;74;29;3;219;158;103;51;217;206;41;178;165;176;61;171;49;134;72,0.1,19,109,19,0.0858328675023546,,False,,,0.779816513761468,,,,19,0,54.33500000799541,1.7719000024953857,69.866899997578,2.253700004075654
SupportRiskOnly_B10,JILONG_EI_0139,560,B10,90;58;174;3;46;219;14;35;178;104;201;206;102;134;68;176;165;171;44,0.1,19,106,19,0.0827928417731696,,False,,,0.7959285004965243,,,,19,0,54.71470000338741,1.7564000008860603,70.54690000950359,2.2446000075433403
SupportRiskOnly_B10,JILONG_EI_0139,570,B10,90;58;29;174;219;35;3;103;178;206;201;66;112;60;176;5;171;134;233,0.1,19,108,19,0.0562749347198505,,False,,,0.7792397660818713,,,,19,0,54.550400003790855,1.862499993876554,70.54210000205785,2.517500004614704
SupportRiskOnly_B10,JILONG_EI_0139,580,B10,90;58;157;29;219;119;3;178;36;34;206;61;112;176;201;170;24;233;213,0.1,19,106,19,0.0888882082226187,,False,,,0.7780536246276067,,,,19,0,55.002300010528415,1.7577999969944358,69.94570000097156,3.0270999995991588
SupportRiskOnly_B10,JILONG_EI_0139,590,B10,13;58;90;46;174;218;251;3;178;103;36;34;206;156;232;134;66;165;212,0.1,19,105,19,0.0500876783239273,,False,,,0.7959899749373434,,,,19,0,56.449200012139045,2.5698999961605296,71.9115999963833,2.3278000007849187
SupportRiskOnly_B10,JILONG_EI_0139,600,B10,105;74;157;29;202;119;251;3;178;35;206;49;41;171;216;213;165;100;68,0.1,19,104,19,0.0798523634859982,,False,,,0.7651821862348178,,,,19,0,54.967699994449504,1.8988000083481893,71.03429999551736,2.409099994110875
SupportRiskOnly_B10,JILONG_EI_0139,610,B10,251;106;13;174;58;218;119;4;46;36;178;34;206;88;171;44;213;215;66,0.1,19,104,19,0.0734124097372713,,False,,,0.7899797570850202,,,,19,0,54.88530000729952,2.413399997749366,71.49529999878723,2.9317000007722527
SupportRiskOnly_B10,JILONG_EI_0139,620,B10,90;58;217;29;84;157;251;4;206;104;35;178;49;61;135;229;171;71;10,0.1,19,104,19,0.0827392393043931,,False,,,0.785425101214575,,,,19,0,54.22340000222903,1.9465999939711764,71.2333999981638,2.202000003308058
SupportRiskOnly_B10,JILONG_EI_0139,630,B10,58;90;217;174;46;13;84;3;235;178;192;103;51;49;206;5;60;213;156,0.1,19,105,19,0.0570713142559594,,False,,,0.8426065162907268,,,,19,0,56.941599992569536,1.9298999977763744,71.95359999604989,3.308100000140257
SupportRiskOnly_B10,JILONG_EI_0139,640,B10,219;90;58;29;84;157;3;217;178;192;35;206;103;49;213;134;121;171;10,0.1,19,105,19,0.0524921319233331,,False,,,0.7969924812030074,,,,19,0,56.2181999994209,1.7859999934444204,72.41720000456553,2.337800004170276
SupportRiskOnly_B10,JILONG_EI_0139,650,B10,13;105;46;57;174;3;84;217;235;192;178;36;103;91;34;213;44;10;171,0.1,19,106,19,0.0707476012895222,,False,,,0.8306852035749753,,,,19,0,55.08089999784716,2.008600000408478,71.12980000965763,2.29060000856407
SupportRiskOnly_B10,JILONG_EI_0139,660,B10,29;57;158;105;3;206;235;178;217;35;49;103;61;229;10;171;91;215;134,0.1,19,105,19,0.0795690361510364,,False,,,0.7904761904761903,,,,19,0,55.41980000270996,2.122600009897724,70.88020000082906,2.2838000004412606
SupportRiskOnly_B10,JILONG_EI_0139,670,B10,13;46;58;157;219;206;3;105;217;178;35;60;49;229;103;10;171;128;72,0.1,19,106,19,0.0546898331431721,,False,,,0.8133068520357497,,,,19,0,55.11810000461992,1.761100007570349,70.28590000118129,2.641099999891594
SupportRiskOnly_B10,JILONG_EI_0139,680,B10,90;206;174;29;58;178;3;217;235;35;120;213;5;66;10;128;170;68;215,0.1,19,104,19,0.0651652870412203,,False,,,0.7859311740890689,,,,19,0,54.29280000680592,1.7667999927653,70.40379999671131,2.27870000526309
SupportRiskOnly_B10,JILONG_EI_0139,690,B10,46;206;13;84;174;178;58;89;235;3;217;35;103;44;213;10;171;49;134,0.1,19,104,19,0.070142659141901,,False,,,0.812753036437247,,,,19,0,54.82969999138732,1.7110000044340268,71.44679999328218,2.807199998642318
SupportRiskOnly_B10,JILONG_EI_0139,700,B10,219;206;105;157;84;29;178;58;20;201;233;34;61;213;103;66;135;91;165,0.1,19,102,19,0.083083826603671,,False,,,0.782765737874097,,,,19,0,54.66740000701975,1.8280999938724565,71.05690000753384,3.170700001646765
SupportRiskOnly_B10,JILONG_EI_0139,710,B10,206;46;84;219;158;3;178;90;58;14;5;35;217;120;44;49;229;10;128,0.1,19,102,19,0.0584879509307685,,False,,,0.8374613003095974,,,,19,0,54.83720000484027,1.7473999905632809,70.12350000150036,2.2601999953622
SupportRiskOnly_B10,JILONG_EI_0139,720,B10,206;13;84;157;58;235;3;46;178;105;217;35;103;213;5;44;10;171;91,0.1,19,102,19,0.0744844591128025,,False,,,0.8276573787409699,,,,19,0,56.13690000609495,1.7743000062182546,70.41109999408945,2.2258000099100173
SupportRiskOnly_B10,JILONG_EI_0139,730,B10,206;84;174;29;58;90;161;235;3;217;103;50;213;60;5;36;10;128;171,0.1,19,102,19,0.0548889280271994,,False,,,0.8147574819401444,,,,19,0,54.47989999083802,1.7722000047797335,70.13350000488572,2.252299993415363
SupportRiskOnly_B10,JILONG_EI_0139,740,B10,46;13;84;174;206;178;58;105;235;217;5;35;10;213;44;103;134;3;66,0.1,19,103,19,0.0669341685108468,,False,,,0.826264690853347,,,,19,0,53.99439999018796,1.7897000070661306,71.41780000529252,2.307699993252754
SupportRiskOnly_B10,JILONG_EI_0139,750,B10,13;46;58;157;161;206;105;218;5;216;44;35;229;165;171;103;10;49;135,0.1,19,102,19,0.0763452305289032,,False,,,0.8101135190918471,,,,19,0,55.05150000681169,1.766899993526749,71.45099999615923,2.2979000059422106
SupportRiskOnly_B10,JILONG_EI_0139,760,B10,13;46;58;206;174;89;235;161;217;44;20;229;171;10;51;103;49;100;215,0.1,19,104,19,0.07966858359305,,False,,,0.799089068825911,,,,19,0,54.532099995412864,1.8485000036889687,70.65110000257846,2.441799995722249
SupportRiskOnly_B10,JILONG_EI_0139,770,B10,13;219;206;157;89;178;46;58;35;201;5;3;233;44;229;171;10;49;68,0.1,19,104,19,0.0802275807674342,,False,,,0.8122469635627532,,,,19,0,55.83670000487473,2.0592999935615808,70.15850000607315,2.252200007205829
SupportRiskOnly_B10,JILONG_EI_0139,780,B10,13;219;174;206;90;46;58;178;232;5;35;44;229;103;201;172;49;165;135,0.1,19,103,19,0.0685345850786041,,False,,,0.8037812979049566,,,,19,0,56.47169999429025,1.7838000057963654,69.86529999994673,2.227699995273724
SupportRiskOnly_B10,JILONG_EI_0139,790,B10,13;219;46;158;90;58;206;161;5;232;103;35;49;213;171;44;165;201;135,0.1,19,102,19,0.0800820883521835,,False,,,0.8018575851393187,,,,19,0,54.67539999517612,1.850999993621372,70.09360000665765,2.232500002719462
SupportRiskOnly_B10,JILONG_EI_0139,800,B10,13;90;84;219;58;206;157;46;178;217;119;5;35;49;229;171;60;144;88,0.1,19,102,19,0.0491075188948702,,False,,,0.8163054695562435,,,,19,0,54.756600002292544,1.8032000079983843,71.77229999797419,2.925599997979589
SupportRiskOnly_B10,JILONG_EI_0139,810,B10,13;219;46;105;174;58;206;161;5;103;91;233;35;49;213;44;156;201;165,0.1,19,101,19,0.0779839345743581,,False,,,0.8118811881188118,,,,19,0,55.608099995879456,1.7976000090129671,70.93800000438932,2.271500008646399
SupportRiskOnly_B10,JILONG_EI_0139,820,B10,13;90;219;46;174;206;178;58;5;233;103;3;35;144;44;171;213;66;201,0.1,19,99,19,0.0772411575070257,,False,,,0.7953216374269005,,,,19,0,55.83460000343621,1.7893000040203333,70.95500000286847,2.989999993587844
SupportRiskOnly_B10,JILONG_EI_0139,830,B10,13;219;206;157;89;161;58;46;5;103;3;217;134;35;91;44;229;171;33,0.1,19,98,19,0.0678224379934298,,False,,,0.7969924812030074,,,,19,0,54.9821000022348,1.73789999098517,70.35530000575818,3.2518000080017373
SupportRiskOnly_B10,JILONG_EI_0139,840,B10,13;90;219;158;58;46;178;206;5;3;103;233;44;36;144;156;201;50;112,0.1,19,98,19,0.0758168633366771,,False,,,0.7873254564983888,,,,19,0,54.77850000897888,1.731099997414276,69.85590000113007,2.7091999945696443
SupportRiskOnly_B10,JILONG_EI_0139,850,B10,13;58;235;46;90;174;206;161;3;217;5;103;35;44;49;171;179;229;199,0.1,19,99,19,0.0777006072393962,,False,,,0.7825624667729931,,,,19,0,54.38509999657981,1.831000001402572,71.35700000799261,2.2985999967204407
SupportRiskOnly_B10,JILONG_EI_0139,860,B10,13;206;46;235;90;58;158;178;217;5;103;128;3;213;147;49;44;35;171,0.1,19,103,19,0.0730525074469144,,False,,,0.8042922841083291,,,,19,0,55.20829999295529,1.741500003845431,70.60020000790246,2.44399999792222
SupportRiskOnly_B10,JILONG_EI_0139,870,B10,13;90;219;157;58;206;217;46;161;5;128;103;35;3;213;147;44;171;165,0.1,19,105,19,0.0728457550673476,,False,,,0.794486215538847,,,,19,0,55.16479999641888,3.093999999691732,70.7615999999689,2.229999998235144
SupportRiskOnly_B10,JILONG_EI_0139,880,B10,13;90;235;46;174;58;178;206;202;5;147;103;233;35;3;44;128;213;66,0.1,19,104,19,0.066199048939054,,False,,,0.8001012145748988,,,,19,0,55.999500007601455,1.749899995047599,71.37540000258014,2.3313999990932643
SupportRiskOnly_B10,JILONG_EI_0139,890,B10,13;90;84;219;251;46;58;158;206;161;103;5;147;217;35;172;49;44;134,0.1,19,104,19,0.0578370638099103,,False,,,0.8076923076923075,,,,19,0,54.94429999089334,1.8485000036889687,70.22799999685958,2.26910000492353
SupportRiskOnly_B10,JILONG_EI_0139,900,B10,13;90;235;46;157;58;5;190;161;202;103;35;216;3;147;49;100;170;135,0.1,19,100,19,0.0558154849874799,,False,,,0.7763157894736843,,,,19,0,56.72649999905843,1.7271999968215823,70.6410999991931,2.5726000021677464
SupportRiskOnly_B10,JILONG_EI_0139,910,B10,13;90;84;219;251;46;158;58;206;178;4;103;217;35;128;147;44;135;213,0.1,19,105,19,0.0656247367735908,,False,,,0.8130325814536341,,,,19,0,54.33269999048207,1.7829999997047707,70.69049999699928,2.2975999891059478
SupportRiskOnly_B10,JILONG_EI_0139,920,B10,13;90;84;58;235;46;174;232;206;161;4;104;128;35;102;201;147;49;166,0.1,19,104,19,0.0430504399231187,,False,,,0.8162955465587045,,,,19,0,54.53969999507535,1.85570000030566,70.29329999932088,2.272400000947528
SupportRiskOnly_B10,JILONG_EI_0139,930,B10,13;219;90;46;58;157;232;206;161;103;5;35;44;147;72;49;166;201;116,0.1,19,103,19,0.0786271641996768,,False,,,0.7889626980071538,,,,19,0,55.21620000945404,2.8584000101545826,70.45430000289343,2.2662000119453296
SupportRiskOnly_B10,JILONG_EI_0139,940,B10,13;90;46;235;58;206;158;217;178;103;34;147;165;20;171;68;213;60;100,0.1,19,97,19,0.0715975832944077,,False,,,0.7710255018990776,,,,19,0,56.45380000350997,2.518900000723079,70.54070000594947,2.6470000011613597
SupportRiskOnly_B10,JILONG_EI_0139,950,B10,13;90;219;46;58;174;217;206;161;35;5;103;3;171;44;33;165;214;23,0.1,19,98,19,0.06626030890337,,False,,,0.7599355531686358,,,,19,0,53.93639999965672,2.4197000020649284,70.27270000253338,2.2470999974757437
SupportRiskOnly_B10,JILONG_EI_0139,960,B10,13;90;58;46;232;158;235;206;178;35;102;49;104;202;128;171;134;44;199,0.1,19,97,19,0.072294415388503,,False,,,0.7731958762886597,,,,19,0,54.30899999919348,2.021799999056384,71.48379999853205,3.007399995112792
SupportRiskOnly_B10,JILONG_EI_0139,970,B10,13;90;232;46;58;157;235;206;128;161;103;171;49;3;201;121;36;44;134,0.1,19,97,19,0.0748290464120804,,False,,,0.7900162778079217,,,,19,0,54.38419998972677,1.7791999998735264,70.35049999831244,2.2558000055141747
SupportRiskOnly_B10,JILONG_EI_0139,980,B10,13;90;232;58;174;46;128;103;206;218;35;178;3;171;44;66;135;213;23,0.1,19,97,19,0.0716894732408818,,False,,,0.7775366250678242,,,,19,0,56.37170000409242,1.78829999640584,71.31050000316463,2.4526999914087355
SupportRiskOnly_B10,JILONG_EI_0139,990,B10,13;90;46;219;232;174;206;57;128;103;172;161;44;3;35;134;66;201;78,0.1,19,96,19,0.0878927338024825,,False,,,0.7801535087719299,,,,19,0,57.01079999562353,2.552199992351234,70.61969999631401,2.300799998920411
SupportRiskOnly_B10,JILONG_EI_0139,1000,B10,13;90;219;232;58;46;157;103;128;190;177;134;3;171;34;44;78;36;165,0.1,19,97,19,0.0936205404660351,,False,,,0.770482908301682,,,,19,0,54.24949999724049,1.9984999962616712,70.20480000937823,2.2481999912997708
SupportRiskOnly_B10,JILONG_EI_0139,1010,B10,13;90;217;46;235;158;57;128;103;3;190;161;35;44;171;134;49;203;121,0.1,19,96,19,0.0676692880826397,,False,,,0.7839912280701755,,,,19,0,54.442299995571375,1.8028999911621213,69.92290000198409,2.2203999978955835
SupportRiskOnly_B10,JILONG_EI_0139,1020,B10,13;90;46;232;128;57;174;235;206;161;44;35;3;103;202;134;172;49;170,0.1,19,98,19,0.0648513297241004,,False,,,0.7921589688506981,,,,19,0,54.14800001017284,1.738099992508069,70.08720000158064,2.253099999506958
SupportRiskOnly_B10,JILONG_EI_0139,1030,B10,13;90;219;128;46;57;174;217;178;35;44;3;206;103;171;135;5;49;121,0.1,19,97,19,0.0627914634239725,,False,,,0.7791644058600108,,,,19,0,54.16699999477714,1.7285000067204237,71.1202999955276,2.42019999132026
SupportRiskOnly_B10,JILONG_EI_0139,1040,B10,219;13;90;46;128;232;174;58;4;103;49;161;206;44;172;35;170;121;68,0.1,19,97,19,0.0703876989991653,,False,,,0.7737384698860553,,,,19,0,55.23800000082701,2.5510999985272065,71.3296000030823,2.441100004944019
SupportRiskOnly_B10,JILONG_EI_0139,1050,B10,13;90;128;232;158;235;46;57;178;44;3;206;49;102;171;35;100;120;229,0.1,19,96,19,0.0767281053058786,,False,,,0.7752192982456141,,,,19,0,56.96729999908712,1.7737000016495583,71.98779999453109,2.421400000457652
SupportRiskOnly_B10,JILONG_EI_0139,1060,B10,13;90;46;235;57;157;217;128;44;35;161;3;206;103;170;49;93;121;215,0.1,19,97,19,0.0799365959369328,,False,,,0.7661421595225176,,,,19,0,54.37659999006428,1.8693000019993635,70.0601000135066,2.204200005508028
SupportRiskOnly_B10,JILONG_EI_0139,1070,B10,13;90;46;235;57;174;232;206;3;44;35;128;177;102;49;156;120;170;78,0.1,19,95,19,0.098674487522111,,False,,,0.7745152354570637,,,,19,0,54.4240000017453,1.742199994623661,70.49329999426845,2.235199994174764
SupportRiskOnly_B10,JILONG_EI_0139,1080,B10,13;90;46;57;217;235;174;119;44;3;161;206;35;128;49;171;68;179;100,0.1,19,96,19,0.0825707744025239,,False,,,0.7680921052631579,,,,19,0,54.10569999366999,1.7513000057078898,69.98319999547675,2.2056000016164035
SupportRiskOnly_B10,JILONG_EI_0139,1090,B10,13;90;57;46;235;217;157;103;44;3;178;206;34;128;134;170;36;199;66,0.1,19,96,19,0.0766055853772465,,False,,,0.7680921052631579,,,,19,0,54.83179999282584,1.8137000006390736,70.00629999674857,2.4668000114616007
SupportRiskOnly_B10,JILONG_EI_0139,1100,B10,13;219;90;46;84;57;158;232;50;161;44;3;206;102;172;5;120;170;36,0.1,19,98,19,0.0720034305580017,,False,,,0.7851772287862513,,,,19,0,55.11810000461992,1.742499996908009,70.88939999812283,3.219499994884245
SupportRiskOnly_B10,JILONG_EI_0139,1110,B10,90;29;219;217;57;174;35;103;61;3;147;166;144;172;112;5;49;178;170,0.1,19,99,19,0.0676539730915606,,False,,,0.7554492291334396,,,,19,0,54.62019999686163,1.8035999964922669,70.92529999499675,2.272500001708977
SupportRiskOnly_B10,JILONG_EI_0139,1120,B10,13;90;46;235;58;174;232;44;206;103;34;147;161;166;155;20;128;229;68,0.1,19,96,19,0.0667274161312801,,False,,,0.7631578947368421,,,,19,0,54.58129999169614,1.7832999874372035,70.85200000437908,2.2998000058578327
SupportRiskOnly_B10,JILONG_EI_0139,1130,B10,13;74;106;219;46;158;232;128;41;3;178;103;44;147;49;156;134;35;190,0.1,19,100,19,0.0826243768713004,,False,,,0.8047368421052631,,,,19,0,54.32520000613295,2.484199998434633,70.93159999931231,2.21869999950286
SupportRiskOnly_B10,JILONG_EI_0139,1140,B10,13;90;219;217;46;57;174;88;161;102;147;49;35;166;44;172;5;120;23,0.1,19,98,19,0.0616122091108881,,False,,,0.7851772287862513,,,,19,0,54.87659999926109,1.810999994631857,71.13959999696817,2.4788000009721145
SupportRiskOnly_B10,JILONG_EI_0139,1150,B10,13;219;90;46;174;58;233;161;103;49;44;35;166;134;3;171;69;78;241,0.1,19,96,19,0.0985136801157813,,False,,,0.7505482456140351,,,,19,0,55.60930000501685,2.40019999910146,70.98570000380278,2.2723000001860783
SupportRiskOnly_B10,JILONG_EI_0139,1160,B10,13;90;46;235;157;217;57;3;103;178;44;128;166;36;50;190;133;203;171,0.1,19,94,19,0.0872877916548613,,False,,,0.7782754759238522,,,,19,0,54.508099987288006,2.0462999964365736,70.3743000049144,2.20380000246223
SupportRiskOnly_B10,JILONG_EI_0139,1170,B10,90;13;84;219;46;57;174;3;217;35;103;161;166;44;170;214;148;116;78,0.1,19,94,19,0.1253991469549969,,False,,,0.7463605823068309,,,,19,0,56.23020000348333,1.7691000102786347,70.36670000525191,2.2366999910445884
SupportRiskOnly_B10,JILONG_EI_0139,1180,B10,90;13;84;219;3;217;46;174;57;103;161;34;128;36;60;27;78;165;213,0.1,19,92,19,0.0940034152430106,,False,,,0.7665903890160182,,,,19,0,54.635499996948056,1.706499999272637,69.90709999809042,2.219000001787208
SupportRiskOnly_B10,JILONG_EI_0139,1190,B10,90;13;219;57;3;217;46;174;34;102;206;128;177;44;78;36;120;170;166,0.1,19,94,19,0.0931304607515066,,False,,,0.7704367301231801,,,,19,0,54.26789999182802,1.8433000077493489,71.44569999945816,2.954700001282617
SupportRiskOnly_B10,JILONG_EI_0139,1200,B10,13;74;219;105;46;217;158;119;3;35;41;206;72;161;44;10;33;78;128,0.1,19,95,19,0.0912696893354059,,False,,,0.7833795013850414,,,,19,0,55.31229999905918,1.783700005034916,70.37289999425411,2.242700007627718
SupportRiskOnly_B10,JILONG_EI_0139,1210,B10,13;90;219;57;217;2;46;157;103;161;34;78;44;166;10;171;190;20;213,0.1,19,92,19,0.0964078688424164,,False,,,0.7643020594965676,,,,19,0,55.25299999862909,1.6999000072246415,71.11809999332763,2.2433999984059483
SupportRiskOnly_B10,JILONG_EI_0139,1220,B10,219;29;90;3;58;217;174;34;161;78;128;102;166;10;5;66;120;36;156,0.1,19,92,19,0.0751276887381213,,False,,,0.7488558352402747,,,,19,0,55.69619999732822,2.056199999060482,71.77420001244172,2.396500000031665
SupportRiskOnly_B10,JILONG_EI_0139,1230,B10,13;90;46;219;3;217;57;174;34;103;161;166;44;78;10;68;128;171;66,0.1,19,93,19,0.0924872311261878,,False,,,0.7724957555178268,,,,19,0,54.3381000024965,1.741200001561083,72.12270000309218,2.911200004746206
SupportRiskOnly_B10,JILONG_EI_0139,1240,B10,106;29;74;219;2;158;217;78;103;161;35;41;10;33;190;128;66;156;166,0.1,19,95,19,0.0864224946588968,,False,,,0.7490304709141274,,,,19,0,56.321700001717545,1.7282000044360757,69.93290000536945,2.196800007368438
SupportRiskOnly_B10,JILONG_EI_0139,1250,B10,90;13;219;3;46;217;57;174;33;103;161;78;44;10;156;66;36;213;134,0.1,19,92,19,0.097365055784855,,False,,,0.761441647597254,,,,19,0,55.74640000122599,2.0266000065021217,69.89289999182802,2.262100009829737
SupportRiskOnly_B10,JILONG_EI_0139,1260,B10,2;90;14;46;217;235;57;157;33;161;103;203;128;78;206;166;44;10;171,0.1,19,94,19,0.08746391405227,,False,,,0.7989921612541995,,,,19,0,56.68329999025445,1.7709999956423417,70.61690000409726,2.177199989091605
SupportRiskOnly_B10,JILONG_EI_0139,1270,B10,219;90;3;14;46;33;217;119;158;78;178;57;35;44;144;10;190;5;171,0.1,19,94,19,0.0866675345161611,,False,,,0.7799552071668533,,,,19,0,54.62929999339394,1.7363999941153452,70.56019999436103,2.2947999968891963
SupportRiskOnly_B10,JILONG_EI_0139,1280,B10,219;90;13;57;3;46;174;217;33;103;161;78;134;35;156;128;185;24;166,0.1,19,94,19,0.0785735617309002,,False,,,0.7553191489361701,,,,19,0,56.924899996374734,1.8027000041911376,73.22569999087136,2.689199987798929
SupportRiskOnly_B10,JILONG_EI_0139,1290,B10,2;90;14;203;57;174;232;46;235;161;78;33;103;201;35;133;44;135;156,0.1,19,89,19,0.1089202165539738,,False,,,0.7634535777646363,,,,19,0,54.57680000108667,1.713800011202693,69.94040000427049,2.256799998576753
SupportRiskOnly_B10,JILONG_EI_0139,1300,B10,3;90;13;84;219;217;158;46;57;103;33;78;161;190;5;44;36;170;134,0.1,19,93,19,0.0924412861529508,,False,,,0.7617430673457839,,,,19,0,54.49059999955352,1.8160999898100272,69.90970000333618,2.5661999970907345
SupportRiskOnly_B10,JILONG_EI_0139,1310,B10,2;90;219;29;57;174;232;178;102;78;104;34;144;200;20;135;170;10;165,0.1,19,93,19,0.0799978559012489,,False,,,0.7255234861346916,,,,19,0,54.4064999994589,1.7120999982580545,71.35990000097081,4.191200001514517
SupportRiskOnly_B10,JILONG_EI_0139,1320,B10,13;46;106;74;217;174;3;119;235;34;161;166;78;41;203;88;44;128;36,0.1,19,93,19,0.0910782519469182,,False,,,0.7866440294284098,,,,19,0,56.42419999639969,1.99129999964498,70.64050000917632,2.256899999338202
SupportRiskOnly_B10,JILONG_EI_0139,1330,B10,90;84;14;217;58;2;157;46;103;235;78;34;177;166;190;44;203;121;135,0.1,19,93,19,0.0841482184836627,,False,,,0.7719298245614035,,,,19,0,55.18579999625217,2.06090000574477,71.40590000199154,2.6846000109799206
SupportRiskOnly_B10,JILONG_EI_0139,1340,B10,90;13;84;219;57;3;158;34;46;104;78;232;161;134;44;201;190;102;165,0.1,19,92,19,0.0945394399307762,,False,,,0.7900457665903889,,,,19,0,54.52700000023469,1.7785999953048304,70.63809999090154,2.2224999993341044
SupportRiskOnly_B10,JILONG_EI_0139,1350,B10,90;14;2;46;174;34;57;217;78;104;235;178;203;134;165;102;44;128;171,0.1,19,90,19,0.0916678791034604,,False,,,0.7812865497076024,,,,19,0,55.12240000825841,1.7250000091735274,71.11419999273494,2.380499994615093
SupportRiskOnly_B10,JILONG_EI_0139,1360,B10,90;13;2;217;57;174;34;103;235;78;161;203;171;135;121;60;213;128;46,0.1,19,88,19,0.0745610340681976,,False,,,0.763755980861244,,,,19,0,54.53019999549724,1.942799994139932,70.64079999690875,2.2427999938372523
SupportRiskOnly_B10,JILONG_EI_0139,1370,B10,90;3;84;13;119;174;218;78;57;35;216;171;46;166;178;44;33;144;133,0.1,19,90,19,0.1003361640541844,,False,,,0.7666666666666666,,,,19,0,54.390500008594245,1.917499990668148,70.58539999707136,2.298099992913194
SupportRiskOnly_B10,JILONG_EI_0139,1380,B10,90;2;13;219;57;174;33;104;78;217;166;161;134;171;206;4;46;44;102,0.1,19,90,19,0.0840946160148861,,False,,,0.7964912280701754,,,,19,0,55.02630000410136,1.8446999893058087,70.89380000252277,2.2844999912194908
SupportRiskOnly_B10,JILONG_EI_0139,1390,B10,84;90;3;29;57;33;158;217;78;166;235;103;171;203;135;161;35;5;23,0.1,19,88,19,0.0687336799626314,,False,,,0.7966507177033493,,,,19,0,55.78799999784678,1.8007999897236004,71.53450000623707,2.29800000670366
SupportRiskOnly_B10,JILONG_EI_0139,1400,B10,90;13;84;3;217;57;46;33;119;157;166;78;203;178;235;44;35;171;199,0.1,19,89,19,0.0854576502209187,,False,,,0.7965700768775872,,,,19,0,55.18389999633655,3.49949998781085,69.97599999886006,2.671900001587346
SupportRiskOnly_B10,JILONG_EI_0139,1410,B10,90;84;219;3;14;57;174;217;78;33;104;161;166;134;102;171;60;35;164,0.1,19,91,19,0.0965150737799695,,False,,,0.8027761711972238,,,,19,0,54.31959999259561,1.7669000080786643,70.09340000513475,2.311500007635914
SupportRiskOnly_B10,JILONG_EI_0139,1420,B10,90;2;84;219;13;57;78;103;33;158;46;166;217;252;171;178;44;134;20,0.1,19,90,19,0.0871269842485316,,False,,,0.8087719298245615,,,,19,0,54.83219999587163,2.5298999971710145,70.72979999065865,2.2870999964652583
SupportRiskOnly_B10,JILONG_EI_0139,1430,B10,219;2;90;13;84;57;252;46;217;78;33;166;174;104;171;161;134;102;44,0.1,19,91,19,0.0832522915055402,,False,,,0.8143435511856565,,,,19,0,54.62780001107603,2.023599998210557,70.50889999663923,2.324200002476573
SupportRiskOnly_B10,JILONG_EI_0139,1440,B10,219;90;3;13;57;217;83;252;104;78;158;165;34;172;178;147;134;102;170,0.1,19,94,19,0.0741322143179851,,False,,,0.8040313549832028,,,,19,0,55.01909999293275,2.3609000054420903,70.27820000075735,2.241499998490326
SupportRiskOnly_B10,JILONG_EI_0149,10,B10,78;219;57;106;84;217;4;128;13;50;119;251;10;156;158;213;177;170;215,0.1,19,115,19,0.0778384421591074,,False,,,0.8329519450800915,,,,19,0,54.60640000819694,1.8841999990399927,69.46719999541529,2.244199989945628
SupportRiskOnly_B10,JILONG_EI_0149,20,B10,219;58;217;106;84;13;119;4;112;33;251;77;66;35;157;10;177;155;213,0.1,19,114,19,0.0597667526858665,,False,,,0.8559556786703602,,,,19,0,56.32519999926444,1.8434000085107984,69.89179999800399,2.2221999970497563
SupportRiskOnly_B10,JILONG_EI_0149,30,B10,219;57;77;106;217;13;119;84;50;112;157;4;177;155;206;213;46;185;44,0.1,19,113,19,0.083114456585829,,False,,,0.8020493712156497,,,,19,0,54.78489999950398,1.8716000049607828,69.5891999930609,2.2266000014496967
SupportRiskOnly_B10,JILONG_EI_0149,40,B10,58;235;90;4;77;232;201;49;134;104;29;157;128;203;177;213;155;51;102,0.1,19,111,19,0.084002726068412,,False,,,0.8520625889046942,,,,19,0,54.22219999309164,2.3889000003691763,71.61620000260882,3.0666999955428764
SupportRiskOnly_B10,JILONG_EI_0149,50,B10,74;235;61;106;4;29;192;217;66;104;112;158;178;185;34;203;156;68;100,0.1,19,107,19,0.0817131349020989,,False,,,0.853418593212002,,,,19,0,54.88250000053085,1.839999997173436,70.56809999630786,2.2889000101713464
SupportRiskOnly_B10,JILONG_EI_0149,60,B10,106;235;57;61;156;84;50;202;119;4;29;216;158;133;112;10;229;179;36,0.1,19,113,19,0.0960939115252965,,False,,,0.8206800186306473,,,,19,0,54.5090999949025,1.853100009611808,71.88040000619367,2.3197999980766326
SupportRiskOnly_B10,JILONG_EI_0149,70,B10,60;219;57;105;50;157;20;91;186;29;217;103;135;176;69;215;99;128;165,0.1,19,108,19,0.0621635487897328,,False,,,0.8001949317738791,,,,19,0,54.510299989487976,1.8410000047879291,69.93740001053084,2.591500000562519
SupportRiskOnly_B10,JILONG_EI_0149,80,B10,44;235;57;106;5;156;33;202;3;120;174;88;35;177;233;214;112;66;170,0.1,19,104,19,0.0745840065548161,,False,,,0.7970647773279352,,,,19,0,54.10190000839066,1.7872000025818124,69.98529999691527,2.255299987155013
SupportRiskOnly_B10,JILONG_EI_0149,90,B10,44;235;74;121;170;49;20;203;201;157;41;52;161;71;232;213;100;147;102,0.1,19,102,19,0.1309967761943778,,False,,,0.7770897832817337,,,,19,0,54.726800008211285,1.7600999999558553,70.05029999709222,2.4167000083252788
SupportRiskOnly_B10,JILONG_EI_0149,100,B10,28;235;57;121;61;90;170;49;19;217;156;52;158;88;25;177;203;128;215,0.1,19,99,19,0.1147705431461586,,False,,,0.8006379585326954,,,,19,0,54.66139999043662,2.401100005954504,70.43599999451544,2.315800011274405
SupportRiskOnly_B10,JILONG_EI_0149,110,B10,28;235;58;105;4;61;217;170;49;172;174;135;10;206;91;128;212;177;40,0.1,19,98,19,0.0985596250890183,,False,,,0.7824919441460795,,,,19,0,56.1982000072021,1.822100006393157,70.79599999997299,2.335600001970306
SupportRiskOnly_B10,JILONG_EI_0149,120,B10,13;218;27;251;121;20;61;34;212;57;90;171;157;200;32;128;177;52;134,0.1,19,100,19,0.0922115612867655,,False,,,0.8152631578947368,,,,19,0,54.87170000560582,1.822799997171387,72.70300001255237,3.104400006122887
SupportRiskOnly_B10,JILONG_EI_0149,130,B10,27;235;13;171;33;120;217;60;174;91;57;4;89;203;185;213;177;52;133,0.1,19,95,19,0.0949452871943702,,False,,,0.8121883656509695,,,,19,0,56.25819999841042,1.7584000015631318,70.3403000079561,2.3055000056046997
SupportRiskOnly_B10,JILONG_EI_0149,140,B10,27;219;171;217;121;29;157;20;49;135;61;213;57;128;69;178;51;101;190,0.1,19,94,19,0.1281022428804435,,False,,,0.7777155655095185,,,,19,0,54.67599999974482,1.9533000013325363,71.41689999843948,2.3514999920735136
SupportRiskOnly_B10,JILONG_EI_0149,150,B10,235;27;202;171;121;232;58;13;35;60;112;66;165;174;229;4;134;102;70,0.1,19,92,19,0.0889418106913952,,False,,,0.7837528604118993,,,,19,0,55.42960000457242,2.478599999449216,73.20290000643581,3.213200005120598
SupportRiskOnly_B10,JILONG_EI_0149,160,B10,26;57;235;202;121;171;192;29;157;20;34;60;232;134;112;213;103;23;179,0.1,19,95,19,0.0943939475155255,,False,,,0.7728531855955678,,,,19,0,56.35089999123011,1.7884000117192045,71.43720000749454,2.4993999977596104
SupportRiskOnly_B10,JILONG_EI_0149,170,B10,58;26;121;13;218;171;192;35;90;157;252;49;232;45;4;112;185;179;102,0.1,19,93,19,0.091315634308643,,False,,,0.758347481607244,,,,19,0,54.739300001529045,1.7335000011371449,70.24729999830015,2.2335999965434894
SupportRiskOnly_B10,JILONG_EI_0149,180,B10,57;10;235;121;217;176;171;157;29;90;20;50;203;88;213;100;231;52;165,0.1,19,94,19,0.0572244641667496,,False,,,0.7687569988801791,,,,19,0,54.74280001362786,1.7430000007152555,70.37899999704678,2.975199997308664
SupportRiskOnly_B10,JILONG_EI_0149,190,B10,25;58;219;13;121;251;174;156;201;90;170;49;177;232;35;229;135;60;5,0.1,19,93,19,0.0759393832653092,,False,,,0.7928692699490661,,,,19,0,55.41879999509547,1.7528000025777146,71.4529999968363,2.379300000029616
SupportRiskOnly_B10,JILONG_EI_0149,200,B10,202;41;121;74;251;157;192;10;232;171;34;13;20;213;144;60;135;86;179,0.1,19,94,19,0.0997618518887212,,False,,,0.7575587905935052,,,,19,0,56.04350000794511,1.808900007745251,72.26760000048671,3.066899997065775
SupportRiskOnly_B10,JILONG_EI_0149,210,B10,251;105;40;202;232;174;156;50;29;170;4;74;229;60;177;196;36;27;135,0.1,19,94,19,0.1104900031395731,,False,,,0.746360582306831,,,,19,0,55.4029999912018,1.7709000094328076,70.56639999791514,2.3195000103442
SupportRiskOnly_B10,JILONG_EI_0149,220,B10,251;106;40;217;104;13;157;171;49;51;74;20;203;196;45;112;229;102;69,0.1,19,94,19,0.0979699979324762,,False,,,0.7592385218365062,,,,19,0,55.2663999987999,1.7506000003777444,70.51409999257885,2.4728999997023493
SupportRiskOnly_B10,JILONG_EI_0149,230,B10,57;251;217;121;174;10;33;156;88;112;29;170;99;3;203;24;66;213;5,0.1,19,94,19,0.058480293435229,,False,,,0.7782754759238523,,,,19,0,54.08190000161994,1.7422000091755765,71.25030001043342,3.2219999993685637
SupportRiskOnly_B10,JILONG_EI_0149,240,B10,13;202;235;105;58;157;233;33;171;10;46;177;35;5;23;60;241;103;69,0.1,19,95,19,0.066214363930133,,False,,,0.7562326869806094,,,,19,0,54.79610001202673,1.7649999936111271,70.05290000233799,2.231200007372536
SupportRiskOnly_B10,JILONG_EI_0149,250,B10,235;217;104;157;171;106;57;29;34;20;203;177;60;112;213;68;26;215;133,0.1,19,95,19,0.1098391160187149,,False,,,0.7069252077562327,,,,19,0,54.07009999908041,1.8270000000484288,70.3489999868907,2.3757000017212704
SupportRiskOnly_B10,JILONG_EI_0149,260,B10,13;219;88;121;232;251;157;74;201;192;49;4;171;23;46;206;35;10;112,0.1,19,97,19,0.0394897044972471,,False,,,0.8003255561584373,,,,19,0,55.24639999202918,1.815600000554696,70.39209999493323,2.2470999974757437
SupportRiskOnly_B10,JILONG_EI_0149,270,B10,202;235;157;88;233;121;29;171;58;49;35;5;177;61;213;25;68;23;135,0.1,19,92,19,0.0994096070939038,,False,,,0.7637299771167048,,,,19,0,54.77309999696445,2.529400007915683,71.74440000380855,3.0322999955387786
SupportRiskOnly_B10,JILONG_EI_0149,280,B10,105;13;217;157;235;171;58;35;46;33;87;203;177;60;23;165;25;144;66,0.1,19,93,19,0.0728380975718081,,False,,,0.7283531409168081,,,,19,0,54.29929999809247,2.074499992886558,70.26820001192391,2.389799992670305
SupportRiskOnly_B10,JILONG_EI_0149,290,B10,13;174;217;235;88;121;156;57;192;34;170;4;10;112;23;206;102;36;213,0.1,19,96,19,0.0566424945057469,,False,,,0.7708333333333334,,,,19,0,54.36200000985991,1.7769999976735562,70.22010000946466,2.4116999993566424
SupportRiskOnly_B10,JILONG_EI_0149,300,B10,13;219;105;157;217;251;58;171;119;35;206;87;4;177;49;112;91;213;93,0.1,19,101,19,0.0455238109823801,,False,,,0.781657113079729,,,,19,0,54.39689999911934,1.85500000952743,71.15230000636075,2.4822000123094767
SupportRiskOnly_B10,JILONG_EI_0149,310,B10,13;105;202;235;57;157;119;232;171;33;35;23;3;177;66;46;229;60;71,0.1,19,99,19,0.0675467681540075,,False,,,0.7682083997873471,,,,19,0,54.89949999901,1.8027000041911376,71.0899999976391,2.496899993275292
SupportRiskOnly_B10,JILONG_EI_0149,320,B10,105;218;157;13;74;35;119;49;171;4;232;23;177;61;93;10;213;68;41,0.1,19,99,19,0.0909327595316675,,False,,,0.7182349813928761,,,,19,0,55.75679999310523,1.8794999923557043,71.7311000043992,2.516700013075024
SupportRiskOnly_B10,JILONG_EI_0149,330,B10,105;13;235;217;58;158;156;34;119;20;170;24;66;206;203;178;60;46;93,0.1,19,102,19,0.0713448859416039,,False,,,0.7585139318885448,,,,19,0,53.99680000846274,1.7748999962350354,70.0321000040276,2.620400002342649
SupportRiskOnly_B10,JILONG_EI_0149,340,B10,104;218;57;13;157;35;106;33;46;171;232;177;206;93;102;24;165;112;229,0.1,19,102,19,0.0635725279690024,,False,,,0.7420020639834881,,,,19,0,55.12099999759812,1.850499989814125,70.27189999644179,2.845099996193312
SupportRiskOnly_B10,JILONG_EI_0149,350,B10,104;218;13;157;57;35;49;106;46;170;5;24;177;213;60;134;93;215;165,0.1,19,100,19,0.0805338805890145,,False,,,0.7142105263157895,,,,19,0,54.582099997787736,1.978799991775304,70.4608000087319,2.431500004604459
SupportRiskOnly_B10,JILONG_EI_0149,360,B10,105;218;29;174;156;58;49;36;119;91;23;3;177;170;61;229;5;93;216,0.1,19,102,19,0.0763758605110612,,False,,,0.7043343653250774,,,,19,0,55.53209999925457,1.8419000116409732,72.45599999441765,2.481899995473213
SupportRiskOnly_B10,JILONG_EI_0149,370,B10,219;217;104;13;157;58;90;34;192;46;4;155;24;60;66;135;161;213;10,0.1,19,100,19,0.0612369918294522,,False,,,0.7436842105263157,,,,19,0,57.83989999326877,1.9792000093730169,72.5836000056006,2.4402999988524243
SupportRiskOnly_B10,JILONG_EI_0149,380,B10,219;105;119;201;57;13;158;192;35;233;33;156;46;112;60;170;206;66;178,0.1,19,101,19,0.0629522708303022,,False,,,0.7967691505992706,,,,19,0,55.0643000024138,1.812600006815046,73.17319999856409,3.2949999877018854
SupportRiskOnly_B10,JILONG_EI_0149,390,B10,219;105;119;13;192;217;174;33;58;4;172;35;46;66;112;24;60;100;165,0.1,19,102,19,0.0476525947423635,,False,,,0.7698658410732714,,,,19,0,54.36760000884533,1.782199993613176,70.52549999207258,2.249400000437163
SupportRiskOnly_B10,JILONG_EI_0149,400,B10,119;219;57;201;105;13;33;157;192;233;4;46;51;112;171;165;60;161;213,0.1,19,101,19,0.0620869738343377,,False,,,0.7722772277227723,,,,19,0,55.78890000469983,2.685799991013482,70.45790000120178,2.255900006275624
SupportRiskOnly_B10,JILONG_EI_0149,410,B10,219;119;58;105;217;192;33;157;29;112;171;35;66;4;178;91;68;206;60,0.1,19,104,19,0.05846497844415,,False,,,0.763663967611336,,,,19,0,54.88149999291636,2.0817000040551648,71.29330000316259,2.304400011780672
SupportRiskOnly_B10,JILONG_EI_0149,420,B10,58;219;119;105;201;174;192;34;233;13;172;46;4;36;66;165;112;60;72,0.1,19,105,19,0.042904947507868,,False,,,0.768922305764411,,,,19,0,55.61700000544079,1.848600004450418,71.96330001170281,2.373900002567097
SupportRiskOnly_B10,JILONG_EI_0149,430,B10,57;219;90;201;88;192;158;119;251;4;49;35;121;172;233;14;165;178;112,0.1,19,105,19,0.0419247880788109,,False,,,0.8090225563909774,,,,19,0,54.99569998937659,1.8189999973401427,71.55009999405593,2.404499988188036
SupportRiskOnly_B10,JILONG_EI_0149,440,B10,57;219;90;251;217;157;34;104;192;4;29;171;165;135;66;102;60;36;206,0.1,19,106,19,0.0597208077126295,,False,,,0.7785501489572989,,,,19,0,54.68190000101458,2.4572000111220405,69.95140000071842,2.206999997724779
SupportRiskOnly_B10,JILONG_EI_0149,450,B10,57;219;105;201;103;174;192;46;251;4;35;49;147;232;156;13;91;134;165,0.1,19,107,19,0.0423689228201024,,False,,,0.8066896212493851,,,,19,0,55.22639999981038,2.261100002215244,71.29199999326374,3.060699993511662
SupportRiskOnly_B10,JILONG_EI_0149,460,B10,57;235;105;202;119;34;84;158;3;233;29;192;171;5;60;178;66;165;24,0.1,19,108,19,0.0602568324003951,,False,,,0.7909356725146199,,,,19,0,54.69789999187924,1.8025000026682392,69.55429998924956,2.236400003312156
SupportRiskOnly_B10,JILONG_EI_0149,470,B10,57;84;219;105;119;217;34;157;206;29;192;4;171;147;252;36;178;165;112,0.1,19,108,19,0.0414806533375194,,False,,,0.7792397660818715,,,,19,0,53.99270000634715,2.5282999995397404,69.42010000057053,2.2363999887602404
SupportRiskOnly_B10,JILONG_EI_0149,480,B10,58;84;90;218;103;174;35;13;46;33;192;3;172;121;232;72;60;178;66,0.1,19,108,19,0.0430198099409607,,False,,,0.8021442495126706,,,,19,0,54.1947000019718,2.675600000657141,70.4152999969665,2.2994000028120354
SupportRiskOnly_B10,JILONG_EI_0149,490,B10,57;84;219;90;104;201;35;29;157;3;233;176;171;206;147;49;135;165;213,0.1,19,107,19,0.0512439601503932,,False,,,0.7983275946876537,,,,19,0,55.14500000572298,2.115900002536364,71.5976000064984,3.015100010088645
SupportRiskOnly_B10,JILONG_EI_0149,500,B10,58;84;90;202;235;35;104;158;46;3;13;147;233;176;172;178;206;170;60,0.1,19,108,19,0.0486174391803416,,False,,,0.8089668615984406,,,,19,0,54.00540000118781,1.7655999981798232,70.29309999779798,2.3058999940985814
SupportRiskOnly_B10,JILONG_EI_0149,510,B10,57;90;219;119;34;217;29;84;174;147;88;4;178;36;171;165;66;60;252,0.1,19,106,19,0.0481579894479711,,False,,,0.7924528301886792,,,,19,0,55.148200000985526,2.436199996736832,70.18389999575447,2.184199998737313
SupportRiskOnly_B10,JILONG_EI_0149,520,B10,119;74;105;218;13;34;157;147;84;4;46;178;232;36;170;165;60;252;41,0.1,19,109,19,0.066681471158043,,False,,,0.791887976822791,,,,19,0,54.125199996633455,1.96460000006482,69.73699999798555,2.260799999930896
SupportRiskOnly_B10,JILONG_EI_0149,530,B10,90;58;35;29;119;217;174;147;84;219;3;178;176;5;156;213;128;33;60,0.1,19,106,19,0.0488931090197639,,False,,,0.785501489572989,,,,19,0,55.30590000853408,1.7503999988548458,70.30839999788441,2.306700000190176
SupportRiskOnly_B10,JILONG_EI_0149,540,B10,219;90;57;103;13;147;34;201;84;3;46;157;36;178;206;233;135;171;229,0.1,19,106,19,0.0537403036962731,,False,,,0.8157894736842105,,,,19,0,54.82570000458509,2.366699991398491,70.771099999547,2.242300004581921
SupportRiskOnly_B10,JILONG_EI_0149,550,B10,74;105;29;217;34;3;147;219;103;157;178;36;68;134;171;213;66;60;176,0.1,19,105,19,0.0746835539968298,,False,,,0.7774436090225564,,,,19,0,56.26270000357181,1.826400010031648,72.07819999894127,2.590499992948025
SupportRiskOnly_B10,JILONG_EI_0149,560,B10,90;58;13;119;35;3;147;217;219;158;46;49;178;172;170;128;165;229;10,0.1,19,104,19,0.0465346003935952,,False,,,0.77834008097166,,,,19,0,54.2282999958843,1.789899994037114,70.35979999636766,2.291900003910996
SupportRiskOnly_B10,JILONG_EI_0149,570,B10,90;29;57;34;119;3;147;217;219;174;206;36;178;172;213;165;60;215;170,0.1,19,106,19,0.0645526873980596,,False,,,0.772591857000993,,,,19,0,54.185200002393685,1.9548999989638105,71.01590000092983,2.314000012120232
SupportRiskOnly_B10,JILONG_EI_0149,580,B10,105;74;219;3;34;147;13;46;201;157;103;232;36;178;134;171;229;5;165,0.1,19,106,19,0.0570636567604199,,False,,,0.8073485600794439,,,,19,0,54.80319999333005,1.786499997251667,70.11869999405462,2.2075000015320256
SupportRiskOnly_B10,JILONG_EI_0149,590,B10,90;3;29;147;35;58;174;218;104;49;178;232;206;172;213;135;128;165;102,0.1,19,106,19,0.0531736490263494,,False,,,0.772591857000993,,,,19,0,55.95340000581928,1.723800000036135,69.78990000789054,2.4259000056190416
SupportRiskOnly_B10,JILONG_EI_0149,600,B10,90;219;13;3;46;217;34;147;157;58;103;206;36;178;171;213;60;66;100,0.1,19,105,19,0.0656400517646698,,False,,,0.7949874686716791,,,,19,0,55.33610000566114,1.8860999989556149,72.09260000672657,2.959400007966906
SupportRiskOnly_B10,JILONG_EI_0149,610,B10,90;13;3;218;58;147;174;35;46;206;104;178;216;49;5;171;229;71;165,0.1,19,106,19,0.0591771255293243,,False,,,0.7631578947368421,,,,19,0,54.70239999704063,2.110699992044829,70.42400000500493,2.30990001000464
SupportRiskOnly_B10,JILONG_EI_0149,620,B10,105;13;3;74;219;217;46;147;174;34;103;161;36;213;171;165;5;215;135,0.1,19,107,19,0.0566960969745235,,False,,,0.7889818002951304,,,,19,0,54.16919999697711,1.768600006471388,71.47650000115391,2.446800004690885
SupportRiskOnly_B10,JILONG_EI_0149,630,B10,90;219;3;29;157;58;217;178;35;147;119;213;206;128;166;170;60;49;10,0.1,19,105,19,0.0597820676769455,,False,,,0.7629072681704261,,,,19,0,56.420799999614246,1.956499996595085,70.56599999486934,2.2693000064464286
SupportRiskOnly_B10,JILONG_EI_0149,640,B10,90;13;3;46;174;202;235;58;178;206;147;120;213;51;233;166;134;10;155,0.1,19,103,19,0.0425297302264321,,False,,,0.7956055186509964,,,,19,0,54.52980000700336,1.956499996595085,71.33900000189897,2.2803000028943643
SupportRiskOnly_B10,JILONG_EI_0149,650,B10,90;3;29;217;174;84;58;235;161;206;213;119;35;147;165;121;128;10;156,0.1,19,103,19,0.0442373517317426,,False,,,0.7853857945835463,,,,19,0,57.5855000060983,1.7860999942058695,71.09640000271611,2.8143999952590093
SupportRiskOnly_B10,JILONG_EI_0149,660,B10,90;219;3;46;217;84;158;206;57;178;13;103;36;213;34;134;10;171;66,0.1,19,104,19,0.0542074109241831,,False,,,0.8071862348178137,,,,19,0,55.50770000263583,1.791700007743202,76.35879999725148,3.336000008857809
SupportRiskOnly_B10,JILONG_EI_0149,670,B10,105;3;29;217;74;157;192;251;178;206;119;213;49;36;60;10;165;100;170,0.1,19,103,19,0.0677611780291138,,False,,,0.7889626980071539,,,,19,0,54.10480000136886,2.184299999498762,69.51949998619966,2.4036999966483563
SupportRiskOnly_B10,JILONG_EI_0149,680,B10,90;219;3;13;46;174;217;57;161;251;192;229;206;35;103;128;10;179;155,0.1,19,105,19,0.0501183083060854,,False,,,0.8050125313283208,,,,19,0,54.70049999712501,1.8260999931953847,70.80469999345951,2.4587999942013994
SupportRiskOnly_B10,JILONG_EI_0149,690,B10,90;4;29;219;178;206;201;174;213;57;36;233;121;10;172;60;103;165;49,0.1,19,105,19,0.0633274881117381,,False,,,0.7724310776942356,,,,19,0,55.16990000614896,1.8654000014066696,69.90050000604242,2.419899989035912
SupportRiskOnly_B10,JILONG_EI_0149,700,B10,105;13;46;3;217;235;91;161;158;206;213;119;35;10;215;170;68;172;58,0.1,19,105,19,0.0639630602415174,,False,,,0.7959899749373432,,,,19,0,56.46279999928083,1.867699989816174,70.67680000909604,2.466999998432584
SupportRiskOnly_B10,JILONG_EI_0149,710,B10,90;13;3;46;174;178;218;213;119;216;206;36;128;10;5;166;88;172;58,0.1,19,105,19,0.0429279199944866,,False,,,0.7739348370927318,,,,19,0,55.100199999287724,1.7853000026661905,71.60969999677036,2.3772999993525445
SupportRiskOnly_B10,JILONG_EI_0149,720,B10,90;13;206;235;157;202;178;46;20;229;58;72;10;233;104;49;112;60;134,0.1,19,104,19,0.047193145009993,,False,,,0.7950404858299595,,,,19,0,55.709100008243695,1.819700002670288,71.84830000915099,2.411199995549396
SupportRiskOnly_B10,JILONG_EI_0149,730,B10,105;29;206;174;219;161;201;74;3;213;49;36;10;232;100;156;147;103;165,0.1,19,104,19,0.062332013691602,,False,,,0.7808704453441295,,,,19,0,54.01570000685752,1.9237999949837103,69.778100005351,2.2259999968810007
SupportRiskOnly_B10,JILONG_EI_0149,740,B10,90;13;46;218;3;206;158;178;213;35;216;144;5;120;10;171;58;49;165,0.1,19,101,19,0.0541997534286436,,False,,,0.7738405419489317,,,,19,0,54.882899989024736,1.7380000062985346,69.63070000347216,2.2192000033101067
SupportRiskOnly_B10,JILONG_EI_0149,750,B10,90;13;219;217;174;46;3;161;213;206;166;36;103;10;60;58;34;121;215,0.1,19,100,19,0.0564510571172592,,False,,,0.7742105263157896,,,,19,0,54.15719999291469,3.06470000941772,69.56240000727121,2.21939999028109
SupportRiskOnly_B10,JILONG_EI_0149,760,B10,90;13;219;157;217;46;178;3;190;213;166;103;36;176;41;128;170;135;10,0.1,19,99,19,0.0723709903438981,,False,,,0.7634237107921319,,,,19,0,54.72719999670517,1.7305000073974952,70.74129999091383,2.295900005265139
SupportRiskOnly_B10,JILONG_EI_0149,770,B10,90;13;84;219;174;46;217;161;206;4;229;103;36;165;66;41;179;10;171,0.1,19,101,19,0.0734047522417318,,False,,,0.7686294945284002,,,,19,0,55.11459999252111,1.7621000006329268,70.52579999435693,2.265700008138083
SupportRiskOnly_B10,JILONG_EI_0149,780,B10,105;13;219;217;174;74;178;206;5;46;19;213;103;172;165;68;10;112;185,0.1,19,99,19,0.0547740655941067,,False,,,0.7676767676767677,,,,19,0,55.2285000012489,1.8287999992026016,70.96050000109244,2.9765000072075054
SupportRiskOnly_B10,JILONG_EI_0149,790,B10,219;89;29;217;174;91;206;161;5;19;103;213;121;49;52;60;57;171;24,0.1,19,99,19,0.0695989769585959,,False,,,0.7496012759170654,,,,19,0,56.44499999471009,1.7888000002130866,71.87879999401048,3.329799990751781
SupportRiskOnly_B10,JILONG_EI_0149,800,B10,219;13;106;174;46;206;74;217;178;103;19;5;49;213;134;156;170;41;60,0.1,19,96,19,0.0736880795766936,,False,,,0.7642543859649124,,,,19,0,55.31690000498202,1.755100005539134,70.1237999892328,2.2764000023016706
SupportRiskOnly_B10,JILONG_EI_0149,810,B10,219;106;13;174;46;206;201;161;74;103;3;5;35;212;233;128;214;172;44,0.1,19,95,19,0.0708471487315358,,False,,,0.7734072022160664,,,,19,0,54.43679999734741,1.7751999985193834,69.93420000071637,2.252199992653914
SupportRiskOnly_B10,JILONG_EI_0149,820,B10,219;89;13;157;206;45;103;5;178;91;3;201;36;213;166;66;57;170;199,0.1,19,94,19,0.072761522616413,,False,,,0.7620380739081747,,,,19,0,54.27140000392683,1.674500002991408,71.36609998997301,2.749300008872524
SupportRiskOnly_B10,JILONG_EI_0149,830,B10,219;105;29;174;74;206;217;103;161;20;213;166;49;61;23;41;148;51;171,0.1,19,95,19,0.108215726964339,,False,,,0.7196675900277008,,,,19,0,54.90639999334235,1.8256999901495876,70.88860000658315,2.4153999984264374
SupportRiskOnly_B10,JILONG_EI_0149,840,B10,89;46;13;219;174;217;103;5;91;177;3;206;36;212;214;165;57;49;23,0.1,19,94,19,0.048035469519339,,False,,,0.767077267637178,,,,19,0,54.98709999665152,1.7369999986840412,70.91730000684038,2.445799997076392
SupportRiskOnly_B10,JILONG_EI_0149,850,B10,13;219;105;206;174;217;46;74;103;178;5;3;35;213;128;215;49;60;170,0.1,19,93,19,0.0649125896884165,,False,,,0.7668364459535936,,,,19,0,54.79199999535922,1.9663999992189929,70.7239000039408,2.444500001729466
SupportRiskOnly_B10,JILONG_EI_0149,860,B10,13;90;218;174;206;161;103;5;232;46;3;36;213;172;49;44;78;121;128,0.1,19,94,19,0.0890183856467903,,False,,,0.7413213885778276,,,,19,0,55.2938000037102,2.226300013717264,70.61860000248998,2.443599994876422
SupportRiskOnly_B10,JILONG_EI_0149,870,B10,13;219;89;174;46;206;232;103;5;178;35;91;201;213;121;156;49;41;144,0.1,19,94,19,0.0700967141686639,,False,,,0.7564389697648375,,,,19,0,55.594999997993,1.8047999910777437,70.54569998581428,2.434900001389906
SupportRiskOnly_B10,JILONG_EI_0149,880,B10,13;90;235;174;206;5;161;103;35;202;46;216;121;229;134;10;44;165;128,0.1,19,91,19,0.0648130422464028,,False,,,0.7501445922498554,,,,19,0,55.06540001078975,1.756900004693307,70.3427999978885,2.4372000043513253
SupportRiskOnly_B10,JILONG_EI_0149,890,B10,13;106;219;174;46;74;104;217;206;5;36;177;49;102;212;44;156;128;41,0.1,19,92,19,0.0854959376986162,,False,,,0.7545766590389016,,,,19,0,55.72459999530111,1.7880999948829412,71.14339999679942,3.39949999761302
SupportRiskOnly_B10,JILONG_EI_0149,900,B10,13;89;219;157;190;103;46;161;5;36;201;213;34;91;134;66;44;233;41,0.1,19,91,19,0.0954736543865963,,False,,,0.7501445922498554,,,,19,0,55.999400006840006,1.8894999957410616,73.1350999994902,2.544100003433414
SupportRiskOnly_B10,JILONG_EI_0149,910,B10,219;13;105;174;46;74;103;206;5;161;35;216;49;213;172;60;165;240;170,0.1,19,91,19,0.081820339839652,,False,,,0.7501445922498554,,,,19,0,54.74490000051446,2.2481000050902367,70.09140000445768,2.3452000023098662
SupportRiskOnly_B10,JILONG_EI_0149,920,B10,13;90;158;235;46;104;232;206;4;36;202;49;178;213;166;102;44;135;156,0.1,19,91,19,0.084439203314164,,False,,,0.7669172932330827,,,,19,0,54.3757999985246,2.558399995905347,69.81089999317192,2.394700000877492
SupportRiskOnly_B10,JILONG_EI_0149,930,B10,13;90;219;174;232;206;103;46;177;36;201;213;4;44;166;49;121;128;41,0.1,19,93,19,0.0832369765144611,,False,,,0.7543859649122806,,,,19,0,54.364700001315214,1.845799997681752,70.10340000852011,2.271299992571585
SupportRiskOnly_B10,JILONG_EI_0149,940,B10,13;105;219;46;174;217;103;74;206;161;4;36;49;213;134;44;68;164;41,0.1,19,92,19,0.1096400211346877,,False,,,0.7620137299771168,,,,19,0,55.00439999741502,2.535899999202229,69.9051999981748,2.226399999926798
SupportRiskOnly_B10,JILONG_EI_0149,950,B10,13;219;90;84;158;232;206;46;35;103;178;4;121;49;201;44;172;213;144,0.1,19,91,19,0.0750894012604237,,False,,,0.7848467322151532,,,,19,0,55.4956999985734,1.7234999977517873,71.14710001042113,2.384799998253584
SupportRiskOnly_B10,JILONG_EI_0149,960,B10,13;89;235;174;46;103;232;121;91;161;36;49;206;203;4;44;201;213;156,0.1,19,88,19,0.0792397638428375,,False,,,0.7661483253588518,,,,19,0,55.93030000454746,2.632499992614612,70.24689999525435,2.810000005410984
SupportRiskOnly_B10,JILONG_EI_0149,970,B10,13;46;105;218;232;174;103;74;4;35;178;206;49;44;213;144;171;166;10,0.1,19,91,19,0.0714750633657756,,False,,,0.7518796992481204,,,,19,0,54.07969999941997,1.7343000072287396,70.23430000117514,2.773400003206916
SupportRiskOnly_B10,JILONG_EI_0149,980,B10,13;219;174;105;232;206;46;128;103;49;74;5;161;3;35;44;172;201;213,0.1,19,94,19,0.0691931296950019,,False,,,0.7911534154535275,,,,19,0,53.8795000029495,1.753899996401742,71.24210000620224,2.774599997792393
SupportRiskOnly_B10,JILONG_EI_0149,990,B10,13;219;157;105;217;46;190;103;49;3;178;36;128;74;44;5;215;166;41,0.1,19,94,19,0.0880611987043517,,False,,,0.7681970884658454,,,,19,0,53.97380000795238,1.767099995049648,70.36470000457484,2.8181000088807195
SupportRiskOnly_B10,JILONG_EI_0149,1000,B10,13;90;219;46;174;104;206;4;161;232;134;35;128;49;44;57;201;94;102,0.1,19,94,19,0.0792091338606795,,False,,,0.7586786114221725,,,,19,0,54.90619999181945,2.1077000128570944,70.42730000102893,2.959999997983686
SupportRiskOnly_B10,JILONG_EI_0149,1010,B10,13;219;90;158;46;103;19;232;190;128;5;121;178;49;172;165;201;57;44,0.1,19,94,19,0.0685422425741437,,False,,,0.7687569988801791,,,,19,0,54.51349999930244,1.675999999861233,71.36560000071768,2.686899999389425
SupportRiskOnly_B10,JILONG_EI_0149,1020,B10,13;219;174;105;46;217;103;57;3;5;35;161;206;128;49;44;156;165;212,0.1,19,93,19,0.0676616305871001,,False,,,0.7719298245614036,,,,19,0,54.64570000185631,2.687500003958121,70.24440000532195,2.29869999748189
SupportRiskOnly_B10,JILONG_EI_0149,1030,B10,13;235;46;217;158;89;206;103;35;5;57;203;178;128;49;166;44;156;3,0.1,19,93,19,0.0710615586066421,,False,,,0.7923033389926427,,,,19,0,54.57429999660235,1.7285999929299578,69.75750000856351,2.242000002297573
SupportRiskOnly_B10,JILONG_EI_0149,1040,B10,13;219;232;174;90;46;104;128;35;5;57;177;206;49;166;135;172;201;102,0.1,19,94,19,0.0460062332013691,,False,,,0.7777155655095184,,,,19,0,54.25849999301136,2.1349000016925856,69.77650000771973,2.2012999979779124
SupportRiskOnly_B10,JILONG_EI_0149,1050,B10,13;218;232;46;158;89;190;103;57;35;134;121;161;4;66;44;213;171;100,0.1,19,90,19,0.079216791356219,,False,,,0.7660818713450293,,,,19,0,54.72179999924265,1.7302000051131472,70.01479998871218,2.519500005291775
SupportRiskOnly_B10,JILONG_EI_0149,1060,B10,13;219;46;217;74;174;105;103;36;206;34;178;128;72;172;44;5;3;41,0.1,19,90,19,0.07234036036174,,False,,,0.7678362573099415,,,,19,0,55.09740000707097,2.234700004919432,73.41749999613967,3.17949999589473
SupportRiskOnly_B10,JILONG_EI_0149,1070,B10,13;232;235;174;46;106;104;57;161;35;3;203;44;5;156;201;128;170;102,0.1,19,88,19,0.0811235077455567,,False,,,0.7488038277511962,,,,19,0,56.74349999753758,1.7425999976694584,73.70259999879636,2.7578000008361414
SupportRiskOnly_B10,JILONG_EI_0149,1080,B10,219;13;90;46;232;158;190;88;57;36;34;128;178;201;44;5;171;120;3,0.1,19,90,19,0.0697597843649256,,False,,,0.7871345029239766,,,,19,0,56.167699993238784,1.7825999966589734,71.32190000265837,2.6010000001406297
SupportRiskOnly_B10,JILONG_EI_0149,1090,B10,13;46;174;218;105;103;74;206;128;35;232;156;4;166;134;177;44;213;78,0.1,19,92,19,0.0930385708050325,,False,,,0.7860411899313501,,,,19,0,55.181600007927045,1.7650999943725765,70.43880000128411,2.3653000098420307
SupportRiskOnly_B10,JILONG_EI_0149,1100,B10,13;219;174;46;217;88;74;106;128;20;161;134;171;52;34;102;44;100;214,0.1,19,91,19,0.0826167193757609,,False,,,0.7547715442452285,,,,19,0,54.38010000216309,1.6802000027382746,70.40060000144877,2.5492999993730336
SupportRiskOnly_B10,JILONG_EI_0149,1110,B10,13;90;84;219;46;174;19;103;217;252;58;206;121;44;178;166;134;144;172,0.1,19,95,19,0.0533957163969951,,False,,,0.8088642659279779,,,,19,0,54.47259999345988,1.7019999941112474,72.0222000090871,2.9132000054232776
SupportRiskOnly_B10,JILONG_EI_0149,1120,B10,13;219;158;105;46;217;74;103;190;166;128;35;161;44;135;172;5;3;41,0.1,19,90,19,0.0768199952523527,,False,,,0.7953216374269005,,,,19,0,54.763699998147786,1.6916000022320077,70.71559999894816,2.243599999928847
SupportRiskOnly_B10,JILONG_EI_0149,1130,B10,13;46;90;235;174;104;217;166;57;36;203;128;4;44;172;178;49;215;102,0.1,19,91,19,0.0742470767510777,,False,,,0.7790630422209369,,,,19,0,55.25060000945814,1.7547000024933368,73.05069999711122,3.276300005381927
SupportRiskOnly_B10,JILONG_EI_0149,1140,B10,13;219;90;157;217;104;46;57;166;35;190;171;44;5;177;49;93;3;179,0.1,19,89,19,0.0805491955800935,,False,,,0.7699586043761087,,,,19,0,55.08969999209512,2.4649999977555126,70.68190000427421,2.3058999940985814
SupportRiskOnly_B10,JILONG_EI_0149,1150,B10,219;13;46;90;174;103;166;217;121;5;57;161;49;156;44;35;100;3;135,0.1,19,92,19,0.0670413734483999,,False,,,0.7757437070938216,,,,19,0,54.72840000584256,1.76159999682568,70.36250000237487,2.271500008646399
SupportRiskOnly_B10,JILONG_EI_0149,1160,B10,37;219;13;46;89;174;19;217;58;103;128;161;166;171;44;91;5;49;23,0.1,19,95,19,0.0572168066712101,,False,,,0.7878116343490306,,,,19,0,54.52779999177437,2.127900006598793,70.18670000252314,2.2520000056829304
SupportRiskOnly_B10,JILONG_EI_0149,1170,B10,13;219;90;158;46;104;57;232;128;166;206;178;4;201;44;171;35;93;135,0.1,19,96,19,0.0700890566731244,,False,,,0.7878289473684211,,,,19,0,54.405100003350526,2.1099000005051494,70.08990000758786,2.2170000011101365
SupportRiskOnly_B10,JILONG_EI_0149,1180,B10,13;90;174;218;57;119;232;46;166;88;161;44;171;36;5;49;213;93;3,0.1,19,94,19,0.066681471158043,,False,,,0.7849944008958567,,,,19,0,54.47110001114197,1.7445000121369958,70.60639999690466,2.268700001877733
SupportRiskOnly_B10,JILONG_EI_0149,1190,B10,219;13;174;105;46;57;3;103;206;166;216;128;60;35;171;178;49;93;135,0.1,19,92,19,0.0549195580093574,,False,,,0.7894736842105262,,,,19,0,54.52520000108052,1.781800005119294,71.79349999933038,2.5391000090166926
SupportRiskOnly_B10,JILONG_EI_0149,1200,B10,13;219;46;90;158;3;57;104;128;166;206;44;93;161;156;35;179;201;49,0.1,19,94,19,0.0869278893645044,,False,,,0.7838745800671894,,,,19,0,55.36790000041947,2.1351000032154843,70.66749999648891,2.4997000000439584
SupportRiskOnly_B10,JILONG_EI_0149,1210,B10,13;219;90;57;174;217;3;104;166;46;206;35;161;44;134;171;93;66;102,0.1,19,93,19,0.0699359067623343,,False,,,0.7736276174306734,,,,19,0,53.92330000177026,2.2668000019621104,70.2789000060875,2.198899994255044
SupportRiskOnly_B10,JILONG_EI_0149,1220,B10,13;46;218;3;90;57;174;103;232;135;128;44;177;171;165;35;93;121;100,0.1,19,94,19,0.0691931296950019,,False,,,0.7642777155655096,,,,19,0,54.504500003531575,1.7749999969964847,69.9161000084132,2.640799997607246
SupportRiskOnly_B10,JILONG_EI_0149,1230,B10,13;3;235;105;46;158;217;57;103;190;44;178;34;203;156;36;134;91;5,0.1,19,95,19,0.0734660122060478,,False,,,0.795567867036011,,,,19,0,54.4406999979401,1.7334000003756955,70.31790001201443,2.630000002682209
SupportRiskOnly_B10,JILONG_EI_0149,1240,B10,13;90;219;3;46;157;217;58;104;34;161;44;190;166;36;100;171;135;102,0.1,19,93,19,0.0776699772572382,,False,,,0.77475947934352,,,,19,0,54.83899998944253,1.7841000080807137,72.24839999980759,3.3669999975245446
SupportRiskOnly_B10,JILONG_EI_0149,1250,B10,13;3;174;218;105;232;74;46;34;128;103;44;36;134;178;171;165;41;71,0.1,19,94,19,0.0980159429057132,,False,,,0.7637178051511757,,,,19,0,54.84140000771731,1.9170000014128163,70.06059998821001,2.2709000040777028
SupportRiskOnly_B10,JILONG_EI_0149,1260,B10,13;105;219;3;217;46;158;74;103;161;44;72;36;156;190;49;179;128;170,0.1,19,96,19,0.093513335528482,,False,,,0.7609649122807017,,,,19,0,54.77860000974033,1.7988000035984442,70.74480000301264,2.4012000067159534
SupportRiskOnly_B10,JILONG_EI_0149,1270,B10,90;219;13;3;232;46;174;58;104;166;44;36;155;178;49;144;102;196;201,0.1,19,95,19,0.0863995221722783,,False,,,0.7495844875346261,,,,19,0,54.96779999521095,1.9570000004023316,69.97100000444334,2.3744999925838783
SupportRiskOnly_B10,JILONG_EI_0149,1280,B10,90;2;13;84;219;217;46;174;104;57;4;44;36;161;206;166;134;171;128,0.1,19,99,19,0.0545137107457634,,False,,,0.8022328548644339,,,,19,0,54.09330000111368,1.8848000036086887,70.6097999936901,2.838599990354851
SupportRiskOnly_B10,JILONG_EI_0149,1290,B10,13;2;105;84;219;46;232;174;103;57;4;44;36;134;91;161;156;179;34,0.1,19,97,19,0.0777388947170938,,False,,,0.7938144329896907,,,,19,0,54.23310000333004,1.8360999965807423,70.32020000042394,2.409399996395223
SupportRiskOnly_B10,JILONG_EI_0149,1300,B10,13;90;3;84;219;46;104;158;58;232;36;44;178;135;190;156;78;213;170,0.1,19,95,19,0.1032153823770397,,False,,,0.7800554016620498,,,,19,0,54.577000002609566,1.705200003925711,70.31400001142174,2.5922999921021983
SupportRiskOnly_B10,JILONG_EI_0149,1310,B10,13;219;105;174;3;217;46;74;103;36;161;44;171;166;134;49;128;78;212,0.1,19,91,19,0.0906877196744032,,False,,,0.7541931752458069,,,,19,0,54.640899994410574,1.7075999930966643,70.81940000352915,2.25720000162255
SupportRiskOnly_B10,JILONG_EI_0149,1320,B10,219;90;14;104;3;217;174;57;46;35;206;60;161;172;165;78;212;170;179,0.1,19,94,19,0.089209823035278,,False,,,0.7435610302351625,,,,19,0,55.12210000597406,1.92090000200551,70.80289999430533,2.2385000047506765
SupportRiskOnly_B10,JILONG_EI_0149,1330,B10,13;2;105;217;46;235;58;174;203;103;44;178;78;20;172;52;34;100;170,0.1,19,92,19,0.0996776194377866,,False,,,0.7597254004576659,,,,19,0,54.8722999956226,2.488500002073124,71.92939998640213,2.4855999945430085
SupportRiskOnly_B10,JILONG_EI_0149,1340,B10,90;13;2;219;58;232;174;88;119;46;161;172;36;60;166;78;201;170;121,0.1,19,93,19,0.0738105995053257,,False,,,0.7713638936049803,,,,19,0,54.81929999950808,1.7297000013059003,70.28479999280535,2.237400010926649
SupportRiskOnly_B10,JILONG_EI_0149,1350,B10,219;13;2;90;46;58;158;232;104;161;44;172;206;128;36;78;135;170;165,0.1,19,92,19,0.0904350223215995,,False,,,0.7751716247139587,,,,19,0,55.616599987843074,1.751699994201772,71.11900000018068,2.4434000079054385
SupportRiskOnly_B10,JILONG_EI_0149,1360,B10,2;106;218;14;57;232;46;174;103;252;36;178;4;156;78;134;44;49;170,0.1,19,92,19,0.0966452512041411,,False,,,0.7723112128146453,,,,19,0,56.126099996618,1.7736000008881092,72.09709999733604,3.508900001179427
SupportRiskOnly_B10,JILONG_EI_0149,1370,B10,90;219;2;13;217;58;46;157;104;78;161;44;171;100;36;166;190;34;213,0.1,19,93,19,0.0958948166412693,,False,,,0.7606112054329371,,,,19,0,54.27139998937491,1.985800001421012,70.31650000135414,2.283000008901581
SupportRiskOnly_B10,JILONG_EI_0149,1380,B10,2;13;106;218;74;46;174;232;103;78;176;35;156;44;134;178;165;170;100,0.1,19,92,19,0.0997541943931817,,False,,,0.7568649885583525,,,,19,0,54.63179999787826,2.991100001963787,70.03240000631195,2.2880000033183023
SupportRiskOnly_B10,JILONG_EI_0149,1390,B10,2;90;217;219;14;158;58;46;104;166;161;36;78;172;112;190;5;179;215,0.1,19,95,19,0.0816978199110199,,False,,,0.775623268698061,,,,19,0,55.7563000038499,1.7042999970726669,69.90309999673627,2.2271000052569434
SupportRiskOnly_B10,JILONG_EI_0149,1400,B10,3;13;106;218;46;57;174;104;78;216;161;166;135;171;35;44;133;128;100,0.1,19,91,19,0.1040959943640832,,False,,,0.7460960092539041,,,,19,0,54.15159999392927,1.7419999931007624,70.89629999245517,2.4190999974962324
SupportRiskOnly_B10,JILONG_EI_0149,1410,B10,90;13;2;46;203;57;158;235;217;103;78;135;161;206;36;166;44;172;229,0.1,19,94,19,0.0891868505486595,,False,,,0.8045912653975364,,,,19,0,55.17859999963548,1.760800005286001,70.61330000578891,2.27650000306312
SupportRiskOnly_B10,JILONG_EI_0149,1420,B10,2;106;13;217;174;58;104;46;78;178;135;4;35;60;166;172;214;100;49,0.1,19,96,19,0.0731137674112304,,False,,,0.7691885964912281,,,,19,0,56.64059999980964,1.753599994117394,71.833299996797,3.121600006124936
SupportRiskOnly_B10,JILONG_EI_0149,1430,B10,90;13;2;58;217;104;157;46;203;78;44;161;134;190;171;49;179;36;215,0.1,19,96,19,0.1113629576310771,,False,,,0.7828947368421053,,,,19,0,54.18080001254566,2.032400007010437,69.93880000663921,2.798999994411133
SupportRiskOnly_B10,JILONG_EI_0149,1440,B10,90;3;219;14;217;58;158;103;135;46;166;78;156;161;34;121;190;60;128,0.1,19,97,19,0.0755335360017152,,False,,,0.7889310906131307,,,,19,0,54.43770000420045,1.7440999945392832,69.66779999493156,2.5774999958230183
SupportRiskOnly_B10,JILONG_EI_0159,10,B10,78;219;57;106;217;84;4;128;13;50;119;251;10;156;158;206;177;213;170,0.1,19,115,19,0.0700201392132689,,False,,,0.840274599542334,,,,19,0,53.92019999271725,2.186400000937283,69.91029999335296,2.249999990453944
SupportRiskOnly_B10,JILONG_EI_0159,20,B10,219;58;217;84;106;119;4;112;50;13;251;77;10;157;177;155;206;46;213,0.1,19,114,19,0.0540083160401559,,False,,,0.8287165281625114,,,,19,0,54.96199999470264,1.788599998690188,69.8495999968145,2.572700002929196
SupportRiskOnly_B10,JILONG_EI_0159,30,B10,57;84;219;77;217;90;4;33;29;119;112;66;35;157;251;121;177;10;155,0.1,19,115,19,0.0561830447733764,,False,,,0.8535469107551487,,,,19,0,54.86210000526626,1.9107999978587031,70.40649998816662,2.271399993333034
SupportRiskOnly_B10,JILONG_EI_0159,40,B10,74;4;235;77;105;201;232;49;134;128;13;192;158;10;203;178;100;102;51,0.1,19,111,19,0.0770726926051565,,False,,,0.8482693219535326,,,,19,0,54.47769998863805,2.8762000001734123,70.09090000065044,2.374899995629676
SupportRiskOnly_B10,JILONG_EI_0159,50,B10,58;235;61;13;104;50;106;232;202;174;177;20;112;155;68;213;133;206;135,0.1,19,109,19,0.0824941994471288,,False,,,0.816030902945437,,,,19,0,54.519999990588985,2.4639999901410192,70.1130999950692,2.2735000093234703
SupportRiskOnly_B10,JILONG_EI_0159,60,B10,57;61;218;29;119;90;232;4;157;112;34;213;66;185;155;121;177;69;88,0.1,19,111,19,0.0776163747884616,,False,,,0.8245614035087718,,,,19,0,55.25330000091344,2.0080000103916973,70.91080000100192,2.395199990132824
SupportRiskOnly_B10,JILONG_EI_0159,70,B10,57;60;119;217;235;13;106;46;157;185;49;203;3;5;171;215;36;190;179,0.1,19,110,19,0.0742470767510777,,False,,,0.8153110047846891,,,,19,0,54.923999996390194,2.5086999958148226,70.17419999465346,2.331100011360832
SupportRiskOnly_B10,JILONG_EI_0159,80,B10,44;58;106;218;13;104;232;157;50;171;185;19;52;135;214;252;99;128;190,0.1,19,107,19,0.0734583547105083,,False,,,0.7757009345794392,,,,19,0,54.81010000221431,2.3138999968068674,70.8596999902511,2.3273999977391213
SupportRiskOnly_B10,JILONG_EI_0159,90,B10,44;57;217;219;119;158;215;91;105;171;49;176;185;229;252;52;71;25;165,0.1,19,107,19,0.1127872518014258,,False,,,0.7683226758484998,,,,19,0,57.51959999906831,2.929599999333732,74.98429999395739,2.726000006077811
SupportRiskOnly_B10,JILONG_EI_0159,100,B10,28;57;219;217;121;186;91;157;61;214;103;4;50;206;155;14;89;69;161,0.1,19,103,19,0.0860013324042238,,False,,,0.7782319877363311,,,,19,0,55.68459999631159,1.7698000010568649,70.89869999617804,2.721799988648854
SupportRiskOnly_B10,JILONG_EI_0159,110,B10,13;57;219;201;232;121;90;174;171;20;49;60;26;88;134;177;212;206;165,0.1,19,100,19,0.074461486626184,,False,,,0.753157894736842,,,,19,0,55.06199999945238,1.7851000011432916,70.41539999772795,3.0761999951209877
SupportRiskOnly_B10,JILONG_EI_0159,120,B10,58;235;27;202;216;120;171;157;29;91;33;212;112;190;61;177;66;165;20,0.1,19,99,19,0.0958335566769532,,False,,,0.7745879851143009,,,,19,0,54.96259999927133,1.780599995981902,70.93390000227373,2.49949999852106
SupportRiskOnly_B10,JILONG_EI_0159,130,B10,27;57;219;216;13;104;174;171;91;212;33;185;252;45;206;135;51;165;178,0.1,19,99,19,0.0780451945386741,,False,,,0.7591706539074959,,,,19,0,56.50380000588484,1.8754000047920272,71.83760000043549,2.260900000692345
SupportRiskOnly_B10,JILONG_EI_0159,140,B10,57;27;219;174;106;217;120;252;171;33;29;185;112;61;213;88;35;206;165,0.1,19,98,19,0.0840869585193466,,False,,,0.7765843179377013,,,,19,0,54.97470000409521,1.8418999970890584,70.77360000403132,2.301200001966208
SupportRiskOnly_B10,JILONG_EI_0159,150,B10,58;27;202;106;235;157;29;104;171;232;33;206;60;135;200;213;66;133;165,0.1,19,99,19,0.0927092984968336,,False,,,0.7788410419989367,,,,19,0,54.87550000543706,1.8223999941255895,71.28100001136772,2.318400001968257
SupportRiskOnly_B10,JILONG_EI_0159,160,B10,57;26;105;202;174;13;232;235;155;33;206;91;200;60;134;20;177;212;52,0.1,19,101,19,0.0742087892733802,,False,,,0.7660239708181344,,,,19,0,54.28029999893624,1.804200001060963,70.26080001378432,2.2433999984059483
SupportRiskOnly_B10,JILONG_EI_0159,170,B10,57;26;90;202;157;120;235;29;171;232;33;88;35;206;102;134;229;179;60,0.1,19,101,19,0.0940493602162476,,False,,,0.7535174570088587,,,,19,0,54.36460000055376,1.8114000122295693,70.40310000593308,2.4040999996941537
SupportRiskOnly_B10,JILONG_EI_0159,180,B10,58;10;90;202;174;121;13;235;156;88;49;233;135;45;20;206;177;101;213,0.1,19,100,19,0.0728993575361242,,False,,,0.7705263157894736,,,,19,0,54.620100010652095,1.7261000029975548,69.7649000067031,2.646499997354113
SupportRiskOnly_B10,JILONG_EI_0159,190,B10,57;13;25;217;157;106;104;252;203;49;155;35;185;206;177;135;100;213;23,0.1,19,96,19,0.0716128982854867,,False,,,0.7582236842105262,,,,19,0,54.567700004554354,1.7522000125609338,70.85960000404157,2.2668000019621104
SupportRiskOnly_B10,JILONG_EI_0159,200,B10,57;10;217;13;106;157;203;171;20;235;120;49;88;190;185;44;196;51;86,0.1,19,98,19,0.1020437855594949,,False,,,0.7545649838882921,,,,19,0,58.41179999697488,1.8482000014046207,73.78700000117533,2.601100000902079
SupportRiskOnly_B10,JILONG_EI_0159,210,B10,57;13;202;174;106;25;192;235;233;49;171;104;20;206;196;60;52;70;135,0.1,19,100,19,0.0916755365989999,,False,,,0.7326315789473683,,,,19,0,54.68980000296142,1.8622000061441213,70.07000000157859,2.3145999875850976
SupportRiskOnly_B10,JILONG_EI_0159,220,B10,58;13;106;217;40;10;158;203;33;171;120;88;252;20;66;206;213;185;102,0.1,19,100,19,0.0793086813026931,,False,,,0.7689473684210527,,,,19,0,54.82990000746213,1.7891000024974346,71.00999999966007,2.560499997343868
SupportRiskOnly_B10,JILONG_EI_0159,230,B10,57;13;202;106;157;10;233;235;50;88;155;120;93;206;61;24;4;32;165,0.1,19,103,19,0.0652724919787734,,False,,,0.747061829330608,,,,19,0,54.70189999323338,1.858400006312877,69.92320000426844,2.5811999948928133
SupportRiskOnly_B10,JILONG_EI_0159,240,B10,58;13;217;105;219;157;49;35;171;91;252;190;61;3;10;40;135;103;112,0.1,19,103,19,0.0848527080732975,,False,,,0.7567705671946858,,,,19,0,54.44270001316909,2.4400999973295256,69.89710000925697,2.591600001323968
SupportRiskOnly_B10,JILONG_EI_0159,250,B10,74;13;202;174;106;232;104;235;192;10;34;155;20;46;41;206;213;66;32,0.1,19,104,19,0.0486097816848021,,False,,,0.77834008097166,,,,19,0,54.60439999296796,1.9161999953212216,71.0972000088077,2.464199991663918
SupportRiskOnly_B10,JILONG_EI_0159,260,B10,13;57;202;157;106;233;104;10;49;235;61;171;51;177;206;4;213;112;23,0.1,19,103,19,0.0701350016463615,,False,,,0.7634133878385283,,,,19,0,54.99279999639839,1.9078000041190533,70.50229999003932,2.372899994952604
SupportRiskOnly_B10,JILONG_EI_0159,270,B10,13;58;219;217;90;157;121;88;49;23;10;46;171;252;176;206;36;196;185,0.1,19,99,19,0.0530128416200197,,False,,,0.772461456671983,,,,19,0,54.94159999943804,2.147899998817593,70.81319999997504,2.391900008660741
SupportRiskOnly_B10,JILONG_EI_0159,280,B10,13;57;105;202;233;157;235;49;61;91;23;35;10;155;206;4;177;103;196,0.1,19,102,19,0.0766745028371021,,False,,,0.7652218782249742,,,,19,0,54.50499999278691,1.8915999971795827,70.75959999929182,2.44540000858251
SupportRiskOnly_B10,JILONG_EI_0159,290,B10,58;13;88;217;90;219;157;121;46;10;49;35;252;171;23;177;206;93;213,0.1,19,103,19,0.047193145009993,,False,,,0.7731221257026061,,,,19,0,54.30939998768736,1.794400013750419,70.77039999421686,2.361600010772236
SupportRiskOnly_B10,JILONG_EI_0159,300,B10,57;13;105;202;233;158;235;49;61;156;20;91;170;87;206;177;213;10;112,0.1,19,103,19,0.0779150171145025,,False,,,0.7613694430250383,,,,19,0,56.503100000554696,1.7924000130733475,70.78049999836367,2.2443999914685264
SupportRiskOnly_B10,JILONG_EI_0159,310,B10,74;13;88;217;219;174;49;106;172;120;10;46;23;252;35;41;206;177;186,0.1,19,105,19,0.0420243355208245,,False,,,0.775438596491228,,,,19,0,57.89960001129657,2.103499995428137,72.4245999881532,2.5034999998752028
SupportRiskOnly_B10,JILONG_EI_0159,320,B10,57;29;90;218;104;157;34;232;61;23;252;171;66;206;20;177;93;32;213,0.1,19,104,19,0.0724781952814512,,False,,,0.7525303643724697,,,,19,0,58.17590000515338,1.9388000073377043,71.8368000088958,2.478399997926317
SupportRiskOnly_B10,JILONG_EI_0159,330,B10,13;105;74;119;217;219;174;34;252;46;23;172;87;10;177;206;66;41;186,0.1,19,107,19,0.0412202984891761,,False,,,0.76340383669454,,,,19,0,57.43790000269655,1.798100012820214,71.44010000047274,2.9024999967077747
SupportRiskOnly_B10,JILONG_EI_0159,340,B10,90;119;57;13;88;218;158;34;46;232;23;252;121;172;176;66;3;206;186,0.1,19,107,19,0.026862494352597,,False,,,0.7820954254795868,,,,19,0,55.48960001033265,1.79569999454543,71.68589999491815,2.257400003145449
SupportRiskOnly_B10,JILONG_EI_0159,350,B10,58;90;13;104;235;217;34;157;24;46;203;176;171;3;206;93;229;102;135,0.1,19,107,19,0.0560452098536652,,False,,,0.7565174618789965,,,,19,0,56.902399999671616,1.798199999029748,71.8605000001844,2.4754999903962016
SupportRiskOnly_B10,JILONG_EI_0159,360,B10,105;29;57;202;34;233;158;119;235;23;192;3;61;172;91;66;87;206;170,0.1,19,109,19,0.0609230345123324,,False,,,0.7798165137614679,,,,19,0,55.9069000009913,1.8965000053867695,72.75969999318477,2.9144000000087544
SupportRiskOnly_B10,JILONG_EI_0159,370,B10,13;90;35;57;104;233;201;219;174;46;49;23;192;3;172;206;252;112;135,0.1,19,111,19,0.030354312318613,,False,,,0.8326220957799905,,,,19,0,55.02899999555666,1.9472999993013216,71.41379998938646,3.128099997411482
SupportRiskOnly_B10,JILONG_EI_0159,380,B10,219;90;13;57;217;34;157;88;119;251;46;23;192;3;206;66;112;155;178,0.1,19,111,19,0.034688454793975,,False,,,0.8060692271218588,,,,19,0,55.09379999421071,2.786299999570474,70.62910000968259,2.2585999977309257
SupportRiskOnly_B10,JILONG_EI_0159,390,B10,13;251;90;35;57;218;158;49;104;232;46;23;192;3;156;60;93;206;135,0.1,19,111,19,0.0452404836474182,,False,,,0.7951635846372689,,,,19,0,55.18900000606664,2.4017000105232,70.64920000266284,2.2942999930819497
SupportRiskOnly_B10,JILONG_EI_0159,400,B10,13;105;74;219;217;34;119;251;157;46;192;3;23;41;66;93;171;206;72,0.1,19,111,19,0.0464350529515816,,False,,,0.7776197249881461,,,,19,0,55.30239999643527,1.7918000085046517,71.94069999968633,3.395399995497428
SupportRiskOnly_B10,JILONG_EI_0159,410,B10,13;90;57;217;35;235;119;158;46;3;88;172;192;203;49;23;206;121;44,0.1,19,107,19,0.0517340398649217,,False,,,0.7968519429414659,,,,19,0,54.71280000347178,1.8617000023368744,70.4933999950299,2.862800000002608
SupportRiskOnly_B10,JILONG_EI_0159,420,B10,13;90;58;34;218;103;157;3;46;232;66;72;24;252;176;170;135;206;121,0.1,19,106,19,0.0509759478065104,,False,,,0.7711022840119166,,,,19,0,54.15879999054596,1.7537000094307589,70.67099999403581,2.3665000044275075
SupportRiskOnly_B10,JILONG_EI_0159,430,B10,13;90;217;35;57;103;174;172;3;46;192;235;66;23;213;60;206;203;135,0.1,19,108,19,0.0475683622914289,,False,,,0.776803118908382,,,,19,0,54.03640000440646,1.7271999968215823,69.9635000055423,2.198100002715364
SupportRiskOnly_B10,JILONG_EI_0159,440,B10,13;74;201;105;233;119;157;34;46;4;192;41;235;66;171;44;206;203;68,0.1,19,108,19,0.0839031786263984,,False,,,0.7831384015594542,,,,19,0,56.0884000005899,1.7923999985214325,72.05850000900682,3.0664999940199777
SupportRiskOnly_B10,JILONG_EI_0159,450,B10,13;90;58;103;233;158;35;3;201;46;172;192;49;252;121;93;44;170;206,0.1,19,108,19,0.0716128982854867,,False,,,0.8021442495126706,,,,19,0,54.36400001053698,1.7859999934444204,69.89660000544973,2.635299999383278
SupportRiskOnly_B10,JILONG_EI_0159,460,B10,13;58;105;119;202;157;4;46;34;233;206;192;171;66;87;44;91;165;235,0.1,19,106,19,0.0590163181229946,,False,,,0.7889771598808341,,,,19,0,54.373999999370426,1.7799000052036718,70.22940000751987,2.3068000009516254
SupportRiskOnly_B10,JILONG_EI_0159,470,B10,13;57;90;103;158;34;3;46;217;172;192;206;44;235;66;36;135;170;178,0.1,19,106,19,0.075724973390203,,False,,,0.7671300893743793,,,,19,0,54.95969999174122,2.41729999834206,70.73780000791885,2.2178999934112653
SupportRiskOnly_B10,JILONG_EI_0159,480,B10,13;58;90;35;3;157;104;218;46;192;171;49;44;102;5;135;232;206;213,0.1,19,107,19,0.0736880795766936,,False,,,0.7776684702410231,,,,19,0,54.349900005036034,1.7447999998694286,70.87690000480507,2.1972000104142357
SupportRiskOnly_B10,JILONG_EI_0159,490,B10,13;105;58;3;103;174;34;217;46;172;192;60;112;91;212;206;203;135;72,0.1,19,104,19,0.0383181076797022,,False,,,0.7626518218623481,,,,19,0,54.21760000172071,1.7511000041849911,70.24950000050012,2.2342000011121854
SupportRiskOnly_B10,JILONG_EI_0159,500,B10,13;90;58;3;35;119;157;202;46;233;88;192;171;49;44;206;165;161;235,0.1,19,103,19,0.0629982158035393,,False,,,0.7777210015329586,,,,19,0,54.55820000497624,2.410400004009716,71.88499999756459,2.9568999889306724
SupportRiskOnly_B10,JILONG_EI_0159,510,B10,13;90;57;3;174;119;218;46;35;172;192;88;44;66;178;68;206;165;170,0.1,19,101,19,0.0730984524201514,,False,,,0.7529963522668056,,,,19,0,55.6598999974085,2.2009000094840303,69.87170000502374,2.2630999883404
SupportRiskOnly_B10,JILONG_EI_0159,520,B10,13;90;57;3;192;218;119;157;46;34;171;206;88;44;36;213;93;161;185,0.1,19,102,19,0.0763758605110612,,False,,,0.7657378740970073,,,,19,0,54.90799999097362,1.807600012398325,70.13700000243261,2.290999997057952
SupportRiskOnly_B10,JILONG_EI_0159,530,B10,13;90;58;192;46;4;104;218;158;35;172;49;44;178;102;206;215;212;165,0.1,19,104,19,0.0799901984057094,,False,,,0.7535425101214575,,,,19,0,56.25039999722503,1.8453000084264204,70.20919999922626,2.369499998167157
SupportRiskOnly_B10,JILONG_EI_0159,540,B10,13;74;217;105;3;103;174;46;51;171;192;206;41;44;165;134;161;235;212,0.1,19,106,19,0.0819811472459817,,False,,,0.7676266137040715,,,,19,0,54.811100009828806,1.8050999933620917,70.55589999072254,2.273499994771555
SupportRiskOnly_B10,JILONG_EI_0159,550,B10,13;90;57;157;46;103;3;217;35;192;171;66;165;60;206;68;161;215;213,0.1,19,106,19,0.0777542097081728,,False,,,0.7621648460774578,,,,19,0,54.20410000078846,1.7708999948808923,69.91380000545178,3.559400007361546
SupportRiskOnly_B10,JILONG_EI_0159,560,B10,13;58;90;3;217;219;174;119;46;206;34;192;172;88;44;165;178;36;66,0.1,19,107,19,0.0577681463500547,,False,,,0.8130841121495327,,,,19,0,54.17089999536984,1.7873000033432618,70.1517999987118,2.2323000011965632
SupportRiskOnly_B10,JILONG_EI_0159,570,B10,13;105;74;219;217;4;46;103;157;35;192;49;171;41;44;178;206;165;213,0.1,19,107,19,0.0893859454326867,,False,,,0.7845548450565666,,,,19,0,55.1296000048751,2.058300000499002,75.21310000447556,3.1702999986009672
SupportRiskOnly_B10,JILONG_EI_0159,580,B10,13;3;58;90;219;217;174;46;104;192;51;172;44;165;161;206;212;49;102,0.1,19,107,19,0.0682818877258004,,False,,,0.7663551401869159,,,,19,0,55.21890000090934,1.908000005641952,71.69640000211075,2.3106000007828698
SupportRiskOnly_B10,JILONG_EI_0159,590,B10,13;105;84;58;3;157;201;46;103;233;35;192;171;178;165;44;5;49;212,0.1,19,109,19,0.0788032865970855,,False,,,0.803476581361661,,,,19,0,55.177000002004206,2.861300003132783,70.99970000854228,2.268800002639182
SupportRiskOnly_B10,JILONG_EI_0159,600,B10,13;90;58;84;158;3;217;35;192;103;46;171;165;66;178;213;44;206;121,0.1,19,108,19,0.0760083007251648,,False,,,0.7694931773879141,,,,19,0,57.57699999958277,1.9054000003961848,74.96969999920111,2.610900002764538
SupportRiskOnly_B10,JILONG_EI_0159,610,B10,29;119;74;84;105;3;217;158;192;49;61;172;206;35;178;87;41;213;93,0.1,19,108,19,0.0805951405533306,,False,,,0.7855750487329435,,,,19,0,55.11299999488983,2.440500000375323,70.90449999668635,2.2235000069485977
SupportRiskOnly_B10,JILONG_EI_0159,620,B10,13;119;58;46;84;174;3;90;218;192;156;34;88;36;178;66;44;216;10,0.1,19,108,19,0.0657319417111439,,False,,,0.7933723196881091,,,,19,0,54.41009999776725,1.7978999967454,70.56079999892972,2.2080000053392723
SupportRiskOnly_B10,JILONG_EI_0159,630,B10,13;74;84;3;157;217;105;103;192;46;35;171;49;178;60;165;134;213;206,0.1,19,108,19,0.0625234510800897,,False,,,0.7997076023391813,,,,19,0,54.187300003832206,1.798799989046529,71.75279999501072,3.0221000051824376
SupportRiskOnly_B10,JILONG_EI_0159,640,B10,13;84;57;3;158;233;201;46;89;103;192;206;51;178;156;91;165;44;213,0.1,19,108,19,0.0867517669670957,,False,,,0.8226120857699805,,,,19,0,54.14249999739695,1.8857000104617327,70.30700000177603,2.2376999986590818
SupportRiskOnly_B10,JILONG_EI_0159,650,B10,13;3;84;174;119;74;46;233;105;192;35;201;49;178;172;41;87;10;206,0.1,19,109,19,0.0502791157124151,,False,,,0.8174794785127958,,,,19,0,54.66789999627508,1.7554999940330165,69.740399994771,2.276899991557002
SupportRiskOnly_B10,JILONG_EI_0159,660,B10,13;3;84;58;174;46;217;104;192;106;178;49;171;35;134;213;44;102;206,0.1,19,108,19,0.0724705377859117,,False,,,0.8084795321637427,,,,19,0,54.39540000224952,1.8328000005567449,70.68699999945238,2.2477000020444398
SupportRiskOnly_B10,JILONG_EI_0159,670,B10,13;90;84;219;3;157;217;46;57;103;35;178;171;176;5;60;213;49;134,0.1,19,109,19,0.0586181283549402,,False,,,0.8083051665861902,,,,19,0,54.7560999984853,2.4200000043492764,70.3164000005927,2.2232000046642497
SupportRiskOnly_B10,JILONG_EI_0159,680,B10,13;84;3;217;174;206;74;178;106;104;46;35;171;66;213;165;176;41;134,0.1,19,107,19,0.0589856881408366,,False,,,0.8061977373339893,,,,19,0,54.071699996711686,1.80460000410676,70.57940000959206,2.238799992483109
SupportRiskOnly_B10,JILONG_EI_0159,690,B10,13;3;217;84;119;57;158;46;206;105;178;35;156;213;91;44;87;93;66,0.1,19,107,19,0.075349756108767,,False,,,0.810132808657157,,,,19,0,54.292100001475774,1.7370999994454903,71.17640000069514,2.63499999709893
SupportRiskOnly_B10,JILONG_EI_0159,700,B10,13;84;217;90;57;119;251;4;174;46;88;178;35;171;213;121;206;165;215,0.1,19,107,19,0.0477980871576142,,False,,,0.8248893261190359,,,,19,0,55.04550000478048,1.767900001141243,71.47149999218527,2.382000006036833
SupportRiskOnly_B10,JILONG_EI_0159,710,B10,84;29;217;57;251;174;90;4;103;178;51;171;213;49;61;10;206;121;128,0.1,19,105,19,0.0711917360308137,,False,,,0.7919799498746866,,,,19,0,54.371000005630776,1.9007999944733456,69.97630000114441,2.2366000048350543
SupportRiskOnly_B10,JILONG_EI_0159,720,B10,13;84;57;46;3;219;157;217;251;90;35;103;178;5;171;134;213;44;49,0.1,19,105,19,0.0728304400762686,,False,,,0.8360902255639097,,,,19,0,54.20929999672808,1.8585000070743265,71.10520001151599,3.161900007398799
SupportRiskOnly_B10,JILONG_EI_0159,730,B10,13;84;57;90;3;251;174;217;46;178;103;171;51;134;5;213;49;206;165,0.1,19,105,19,0.0501259658016249,,False,,,0.7994987468671678,,,,19,0,54.15820000052918,2.597099999547936,71.08870000229217,3.195700002834201
SupportRiskOnly_B10,JILONG_EI_0159,740,B10,13;90;58;84;3;217;46;158;161;5;88;35;171;102;66;135;44;213;206,0.1,19,105,19,0.0793393112848511,,False,,,0.7989974937343358,,,,19,0,54.27000000781845,1.8064000032609329,69.95410000672564,2.260299996123649
SupportRiskOnly_B10,JILONG_EI_0159,750,B10,13;90;84;57;174;3;217;178;103;46;34;5;171;135;36;213;206;121;165,0.1,19,105,19,0.0504552381098238,,False,,,0.7934837092731829,,,,19,0,54.75690000457689,1.8029999919235704,69.88209999690298,2.276200000778772
SupportRiskOnly_B10,JILONG_EI_0159,760,B10,13;90;84;3;57;157;218;178;35;103;171;46;5;213;134;206;44;121;165,0.1,19,105,19,0.0762303680958105,,False,,,0.7819548872180451,,,,19,0,55.90180000581313,1.873500004876405,70.08570000471082,2.2115999890957028
SupportRiskOnly_B10,JILONG_EI_0159,770,B10,90;29;84;219;58;174;3;161;5;104;201;233;171;51;165;49;102;213;61,0.1,19,104,19,0.0831986890367636,,False,,,0.805161943319838,,,,19,0,56.25989999680314,2.4627999955555424,70.49969999934547,2.2776000114390627
SupportRiskOnly_B10,JILONG_EI_0159,780,B10,219;13;90;84;174;46;57;161;3;103;217;35;171;49;5;213;10;60;206,0.1,19,104,19,0.0509759478065104,,False,,,0.8046558704453441,,,,19,0,54.33220000122674,1.7078000091714785,70.34800000838004,2.245800002128817
SupportRiskOnly_B10,JILONG_EI_0159,790,B10,13;90;84;57;174;178;46;218;3;103;172;34;5;213;66;170;206;135;216,0.1,19,105,19,0.053724988705194,,False,,,0.7774436090225564,,,,19,0,55.07449999277014,2.442400000290945,70.01820000004955,2.2261999984039
SupportRiskOnly_B10,JILONG_EI_0159,800,B10,13;90;58;84;174;161;46;3;103;217;5;35;171;44;49;134;206;213;72,0.1,19,106,19,0.0656323942691303,,False,,,0.7894736842105264,,,,19,0,54.30519999936223,1.8257000047015024,71.44269999116659,2.29649999528192
SupportRiskOnly_B10,JILONG_EI_0159,810,B10,90;29;84;217;157;178;104;3;5;57;206;155;34;235;165;102;61;10;135,0.1,19,103,19,0.0726543176788599,,False,,,0.7838528359734287,,,,19,0,55.11520001164172,2.535500010708347,70.78110000293236,2.273799997055903
SupportRiskOnly_B10,JILONG_EI_0159,820,B10,84;90;13;219;174;217;46;161;58;103;20;156;34;206;121;44;128;170;66,0.1,19,104,19,0.0700584266909664,,False,,,0.7803643724696356,,,,19,0,56.08500000380445,1.8928999925265089,71.24459999613464,2.2401000023819506
SupportRiskOnly_B10,JILONG_EI_0159,830,B10,13;84;90;219;158;178;46;3;217;57;35;88;134;49;171;120;102;206;128,0.1,19,102,19,0.048517891738328,,False,,,0.8085655314757482,,,,19,0,55.44290000398178,1.7835999897215515,72.11320000351407,3.2147999881999567
SupportRiskOnly_B10,JILONG_EI_0159,840,B10,13;84;90;219;58;217;174;161;103;3;46;134;35;171;49;206;128;60;185,0.1,19,101,19,0.0496971460514124,,False,,,0.7941636268890047,,,,19,0,54.966900002909824,1.852000001235865,70.74700000521261,2.1593999990727752
SupportRiskOnly_B10,JILONG_EI_0159,850,B10,219;84;90;13;217;161;157;3;103;46;58;206;134;35;171;5;44;10;128,0.1,19,103,19,0.0640855801701495,,False,,,0.8083801737353092,,,,19,0,54.69469999661669,1.783700005034916,70.95149999076966,2.183899996452965
SupportRiskOnly_B10,JILONG_EI_0159,860,B10,84;219;90;13;174;217;178;3;57;103;46;206;134;156;35;49;170;116;44,0.1,19,104,19,0.0833441814520143,,False,,,0.7925101214574898,,,,19,0,54.49640000006184,1.778100006049499,71.0415999928955,2.2425000061048195
SupportRiskOnly_B10,JILONG_EI_0159,870,B10,219;84;90;14;217;178;3;46;158;58;103;206;134;35;66;155;44;213;10,0.1,19,105,19,0.0728687275539662,,False,,,0.7934837092731829,,,,19,0,55.71609998878557,2.3403000086545944,70.39259999874048,2.463800003170036
SupportRiskOnly_B10,JILONG_EI_0159,880,B10,13;84;90;219;217;174;161;3;46;103;58;5;34;66;135;23;171;206;72,0.1,19,106,19,0.0355231218077815,,False,,,0.7954319761668321,,,,19,0,54.5875999960117,1.8485000036889687,71.2877999903867,2.504000003682449
SupportRiskOnly_B10,JILONG_EI_0159,890,B10,84;90;29;218;178;174;58;3;88;35;134;61;102;172;206;216;66;170;10,0.1,19,105,19,0.0781141119985297,,False,,,0.762406015037594,,,,19,0,55.36269998992793,3.132799989543855,70.36550001066644,2.4730999866733328
SupportRiskOnly_B10,JILONG_EI_0159,900,B10,90;13;84;217;46;161;174;57;103;3;134;50;5;44;171;206;121;235;165,0.1,19,104,19,0.0588172232389674,,False,,,0.7899797570850202,,,,19,0,54.61690000083763,2.222099996288307,70.01670000317972,2.231099992059171
SupportRiskOnly_B10,JILONG_EI_0159,910,B10,90;13;217;178;174;46;68;4;103;235;35;134;57;100;66;171;10;206;128,0.1,19,102,19,0.0540466035178534,,False,,,0.804437564499484,,,,19,0,54.38620000495576,1.81420000444632,71.36699999682605,2.489700011210516
SupportRiskOnly_B10,JILONG_EI_0159,920,B10,90;14;84;217;174;161;57;103;4;46;35;134;171;44;206;121;128;66;235,0.1,19,103,19,0.0625770535488663,,False,,,0.7853857945835463,,,,19,0,55.19389999972191,2.6784000074258074,72.65499999630265,2.996900002472102
SupportRiskOnly_B10,JILONG_EI_0159,930,B10,90;14;84;219;157;217;57;178;103;192;3;134;165;35;5;46;49;171;206,0.1,19,105,19,0.0461823555987778,,False,,,0.8140350877192982,,,,19,0,55.094900002586655,1.7651000089244917,71.1373999947682,3.040099996724166
SupportRiskOnly_B10,JILONG_EI_0159,940,B10,13;90;219;174;217;57;178;103;134;3;46;5;100;171;206;34;128;36;44,0.1,19,103,19,0.0659463515862502,,False,,,0.7966274910577416,,,,19,0,54.33279999124352,1.800900005036965,70.37289999425411,2.2883000056026503
SupportRiskOnly_B10,JILONG_EI_0159,950,B10,13;90;219;217;57;161;174;103;134;3;5;46;100;35;172;206;44;128;93,0.1,19,103,19,0.0607698846015422,,False,,,0.7787429739397037,,,,19,0,56.45600000570994,1.7866999987745658,70.47700000111945,2.2107999975560237
SupportRiskOnly_B10,JILONG_EI_0159,960,B10,13;90;219;217;58;178;174;103;46;134;3;5;44;155;206;34;128;100;36,0.1,19,103,19,0.0634500080403703,,False,,,0.7828308635666839,,,,19,0,54.851099994266406,1.827999993111007,70.61690000409726,2.175900008296594
SupportRiskOnly_B10,JILONG_EI_0159,970,B10,219;13;90;174;161;217;103;57;3;46;35;135;206;156;44;128;68;66;100,0.1,19,102,19,0.0764447779709168,,False,,,0.7708978328173375,,,,19,0,53.88289999973495,1.7035000055329874,70.7747999986168,2.4065000034170225
SupportRiskOnly_B10,JILONG_EI_0159,980,B10,219;29;90;158;178;103;5;57;201;3;61;176;232;134;10;51;206;171;100,0.1,19,102,19,0.0778767296368049,,False,,,0.7739938080495354,,,,19,0,54.97109999123495,2.015099991695024,71.21270000061486,2.4444000009680167
SupportRiskOnly_B10,JILONG_EI_0159,990,B10,13;105;84;74;157;103;202;46;235;178;232;3;35;134;44;41;5;66;206,0.1,19,101,19,0.0791708463829819,,False,,,0.8238665971860345,,,,19,0,56.19170000136364,1.8130000098608436,70.93220000388101,2.501099996152334
SupportRiskOnly_B10,JILONG_EI_0159,1000,B10,219;13;90;58;174;103;46;217;178;134;128;5;44;3;172;206;165;51;116,0.1,19,101,19,0.0750587712782657,,False,,,0.7806149035956227,,,,19,0,54.61399999330752,1.7353000002913177,70.84080000640824,2.241000009234994
SupportRiskOnly_B10,JILONG_EI_0159,1010,B10,105;13;219;74;46;174;161;128;103;232;3;201;134;5;44;35;10;206;165,0.1,19,100,19,0.0645526873980596,,False,,,0.806842105263158,,,,19,0,54.869700004928745,1.7187000048579648,70.46139999874867,2.3311999975703657
SupportRiskOnly_B10,JILONG_EI_0159,1020,B10,13;74;174;217;235;103;161;106;46;128;44;35;5;3;206;41;156;135;66,0.1,19,99,19,0.0799059659547748,,False,,,0.786815523657629,,,,19,0,54.16340001102071,1.7454000044381246,69.5421999989776,2.2449000098276883
SupportRiskOnly_B10,JILONG_EI_0159,1030,B10,13;219;57;251;90;232;158;103;128;178;46;5;3;201;44;68;206;135;49,0.1,19,99,19,0.0734506972149688,,False,,,0.8064859117490697,,,,19,0,54.807399996207096,1.7825999966589734,70.78080000064801,2.464500008500181
SupportRiskOnly_B10,JILONG_EI_0159,1040,B10,29;251;90;232;174;88;58;161;202;120;102;35;128;5;3;172;206;66;61,0.1,19,99,19,0.0632815431385011,,False,,,0.8001063264221159,,,,19,0,54.57220000971574,1.7669000080786643,71.64530000591185,2.250099991215393
SupportRiskOnly_B10,JILONG_EI_0159,1050,B10,219;217;74;14;103;106;46;157;178;3;5;44;206;165;34;135;36;215;100,0.1,19,99,19,0.0793469687803906,,False,,,0.7745879851143009,,,,19,0,56.58410000614822,1.821800004108809,71.13329999265261,2.327299996977672
SupportRiskOnly_B10,JILONG_EI_0159,1060,B10,13;90;174;57;128;218;103;46;3;161;206;35;5;216;135;60;49;165;171,0.1,19,97,19,0.0535641812988643,,False,,,0.7986977753662506,,,,19,0,55.042299994966015,1.6961000073933974,70.43210000847466,2.292799996212125
SupportRiskOnly_B10,JILONG_EI_0159,1070,B10,84;219;90;29;58;128;174;217;103;178;51;3;172;206;61;135;165;117;10,0.1,19,99,19,0.0812000827009518,,False,,,0.7820308346624136,,,,19,0,54.415799997514114,1.7665000050328672,70.85849999566562,4.045899986522272
SupportRiskOnly_B10,JILONG_EI_0159,1080,B10,84;128;58;46;90;13;232;174;235;88;202;35;120;161;44;33;102;5;3,0.1,19,99,19,0.0592613579802589,,False,,,0.8399787347155767,,,,19,0,54.42869999387767,1.73940000240691,70.92080000438727,2.2650000028079376
SupportRiskOnly_B10,JILONG_EI_0159,1090,B10,84;219;58;128;29;232;91;174;103;105;178;50;172;5;135;201;206;165;61,0.1,19,102,19,0.0641774701166236,,False,,,0.8178534571723426,,,,19,0,54.60990000574384,1.8401999986963349,70.68400000571273,2.2323999874060974
SupportRiskOnly_B10,JILONG_EI_0159,1100,B10,219;13;57;174;46;217;106;161;104;128;35;3;44;5;102;10;172;206;135,0.1,19,100,19,0.0621482337986538,,False,,,0.81,,,,19,0,54.59559999871999,1.7136999958893284,70.53289999021217,2.413499998510815
SupportRiskOnly_B10,JILONG_EI_0159,1110,B10,219;74;14;217;158;103;106;46;128;178;50;134;23;3;172;206;165;100;41,0.1,19,95,19,0.0565506045592728,,False,,,0.7916897506925207,,,,19,0,54.99669999699108,1.729899988276884,70.5086000089068,2.241800000774674
SupportRiskOnly_B10,JILONG_EI_0159,1120,B10,13;58;217;174;103;106;128;235;46;161;35;66;3;206;44;165;134;172;33,0.1,19,98,19,0.0616045516153486,,False,,,0.7814178302900107,,,,19,0,54.6083999943221,1.6896000015549362,69.89719999546651,2.251900004921481
SupportRiskOnly_B10,JILONG_EI_0159,1130,B10,13;219;174;57;128;232;89;33;46;103;161;121;91;206;201;20;51;44;10,0.1,19,96,19,0.0680445053640756,,False,,,0.8009868421052632,,,,19,0,54.09720000170637,1.7557999963173645,70.72259999404196,2.235499996459112
SupportRiskOnly_B10,JILONG_EI_0159,1140,B10,13;74;128;33;157;202;232;120;4;178;46;206;102;44;88;51;134;100;171,0.1,19,95,19,0.0795996661331944,,False,,,0.7695290858725762,,,,19,0,54.78920000314247,1.825200000894256,70.92500000726432,2.2838000004412606
SupportRiskOnly_B10,JILONG_EI_0159,1150,B10,219;217;58;128;13;33;174;90;103;46;161;3;172;206;44;134;68;35;5,0.1,19,95,19,0.0628680383793676,,False,,,0.785595567867036,,,,19,0,54.81590000272263,1.7476000066380948,70.53859998995904,2.403000005870126
SupportRiskOnly_B10,JILONG_EI_0159,1160,B10,219;29;128;58;217;158;90;33;120;177;61;134;172;206;4;88;66;116;102,0.1,19,95,19,0.0787420266327694,,False,,,0.7700831024930747,,,,19,0,54.36569999437779,1.78310000046622,70.04209999286104,2.244199989945628
SupportRiskOnly_B10,JILONG_EI_0159,1170,B10,13;219;46;128;174;57;103;232;90;161;3;50;201;172;206;44;134;36;5,0.1,19,95,19,0.0627455184507355,,False,,,0.7950138504155124,,,,19,0,54.10110000229906,1.7941999976756051,70.14119999075774,2.26170000678394
SupportRiskOnly_B10,JILONG_EI_0159,1180,B10,29;232;74;218;128;174;104;178;35;49;134;172;206;4;10;165;71;170;102,0.1,19,93,19,0.0726466601833204,,False,,,0.7334465195246181,,,,19,0,54.03600000136066,1.7231999954674393,70.53019999875687,2.2089999984018505
SupportRiskOnly_B10,JILONG_EI_0159,1190,B10,219;58;14;46;217;128;120;158;50;90;161;134;88;172;44;206;4;165;36,0.1,19,95,19,0.0599735050654333,,False,,,0.8121883656509695,,,,19,0,55.85370000335388,2.102800004649908,70.50630000594538,2.358699988690205
SupportRiskOnly_B10,JILONG_EI_0159,1200,B10,219;46;74;174;217;120;50;14;128;178;88;172;206;165;10;5;170;213;36,0.1,19,95,19,0.0508840578600362,,False,,,0.7706371191135734,,,,19,0,54.71989999932703,2.411199995549396,72.01420000637881,2.291200013132766
SupportRiskOnly_B10,JILONG_EI_0159,1210,B10,13;219;90;217;46;57;157;120;50;3;128;161;206;44;155;5;185;179;23,0.1,19,95,19,0.0762763130690476,,False,,,0.7828254847645431,,,,19,0,55.31870000413619,1.7801000067265704,71.27030000265222,2.3021000088192523
SupportRiskOnly_B10,JILONG_EI_0159,1220,B10,219;13;57;217;2;174;103;106;35;46;128;161;66;172;4;135;44;23;170,0.1,19,95,19,0.0660535565238033,,False,,,0.7722991689750692,,,,19,0,54.71129999205005,1.7514000064693391,70.25229999271687,2.2668000019621104
SupportRiskOnly_B10,JILONG_EI_0159,1230,B10,235;217;13;74;3;106;46;120;158;178;50;172;206;128;44;5;170;102;23,0.1,19,93,19,0.0728227825807291,,False,,,0.7702320316921336,,,,19,0,55.0187999906484,1.7718000017339364,70.27739999466576,2.896700010751374
SupportRiskOnly_B10,JILONG_EI_0159,1240,B10,13;219;58;3;217;105;174;103;161;50;61;172;91;5;170;23;133;128;36,0.1,19,94,19,0.0798829934681563,,False,,,0.7312430011198209,,,,19,0,54.14310000196565,1.834800001233816,70.6404999946244,2.31500000518281
SupportRiskOnly_B10,JILONG_EI_0159,1250,B10,219;13;57;105;232;2;174;46;201;103;178;35;44;49;4;171;144;91;78,0.1,19,92,19,0.0925102036128064,,False,,,0.77116704805492,,,,19,0,54.557800001930445,1.745899993693456,70.14689999050461,2.6759999891510238
SupportRiskOnly_B10,JILONG_EI_0159,1260,B10,3;13;57;232;120;106;202;46;158;235;177;88;206;51;156;144;200;78;5,0.1,19,95,19,0.0693309646147131,,False,,,0.7761772853185597,,,,19,0,54.3902000063099,1.7395999893778935,72.1546999993734,3.04100000357721
SupportRiskOnly_B10,JILONG_EI_0159,1270,B10,2;58;29;232;105;174;119;218;161;66;206;155;4;10;91;78;36;23;165,0.1,19,94,19,0.0621788637808118,,False,,,0.7402015677491601,,,,19,0,54.7563000000082,1.949199999216944,69.83259999833535,2.567000003182329
SupportRiskOnly_B10,JILONG_EI_0159,1280,B10,219;2;217;13;74;46;103;105;157;44;178;155;72;4;78;134;50;41;36,0.1,19,93,19,0.1028784525733013,,False,,,0.7702320316921336,,,,19,0,55.41249999077991,1.896599991596304,71.08229999721516,2.410100001725368
SupportRiskOnly_B10,JILONG_EI_0159,1290,B10,219;3;232;14;105;74;174;35;201;161;103;171;128;78;44;134;5;66;23,0.1,19,92,19,0.0929926258317954,,False,,,0.7723112128146453,,,,19,0,55.2800000004936,1.7322999919997528,70.53240000095684,2.36610000138171
SupportRiskOnly_B10,JILONG_EI_0159,1300,B10,219;84;58;217;2;105;174;29;128;156;178;103;78;4;51;60;170;91;165,0.1,19,90,19,0.0857716075380386,,False,,,0.7578947368421052,,,,19,0,54.34039999090601,1.704900001641363,70.54510001034942,3.185000008670613
SupportRiskOnly_B10,JILONG_EI_0159,1310,B10,84;57;105;3;217;235;46;13;103;158;178;78;206;155;44;35;5;66;165,0.1,19,89,19,0.0925484910905039,,False,,,0.7770549970431697,,,,19,0,54.28519999259152,2.0832000009249896,70.84389998635743,2.244200004497543
SupportRiskOnly_B10,JILONG_EI_0159,1320,B10,84;58;217;105;13;161;3;174;235;103;78;44;156;35;46;170;128;66;215,0.1,19,88,19,0.1029780000153149,,False,,,0.7440191387559809,,,,19,0,56.61230000259821,1.8561000033514572,70.77850001223851,2.261500005261041
SupportRiskOnly_B10,JILONG_EI_0159,1330,B10,219;90;2;84;217;88;174;120;13;161;58;206;102;155;78;128;4;35;46,0.1,19,90,19,0.0602185449226975,,False,,,0.8023391812865497,,,,19,0,55.27290000463836,1.9146999984513968,69.97409999894444,2.2070999984862283
SupportRiskOnly_B10,JILONG_EI_0159,1340,B10,90;84;219;217;2;120;58;29;174;128;78;88;172;178;4;35;170;66;133,0.1,19,91,19,0.0801280333254206,,False,,,0.777327935222672,,,,19,0,54.56300001242198,1.7702999903121963,70.2171000011731,2.935399999842048
SupportRiskOnly_B10,JILONG_EI_0159,1350,B10,90;13;84;217;3;119;58;46;44;157;161;88;171;206;128;235;51;78;121,0.1,19,91,19,0.0859477299354473,,False,,,0.7848467322151532,,,,19,0,54.2392000061227,1.7551999917486685,70.2993000013521,2.227699995273724
SupportRiskOnly_B10,JILONG_EI_0159,1360,B10,84;90;13;217;3;58;174;104;171;178;61;50;36;5;165;144;102;134;10,0.1,19,89,19,0.0707476012895222,,False,,,0.7202838557066824,,,,19,0,54.67449998832308,1.7888000002130866,69.89980000071228,2.1837999956915155
SupportRiskOnly_B10,JILONG_EI_0159,1370,B10,90;84;219;232;3;104;158;29;57;201;50;128;171;206;177;78;36;60;102,0.1,19,91,19,0.0862004272882511,,False,,,0.7732793522267206,,,,19,0,54.357100001652725,1.6782000020612031,70.50859999435488,2.45649999123998
SupportRiskOnly_B10,JILONG_EI_0159,1380,B10,90;217;84;219;2;103;174;46;58;128;13;4;44;50;176;78;178;206;171,0.1,19,92,19,0.0775857448063036,,False,,,0.8146453089244851,,,,19,0,56.06289999559522,1.7576999962329865,72.69759998598602,2.4624000070616603
SupportRiskOnly_B10,JILONG_EI_0159,1390,B10,219;13;84;232;90;3;58;88;161;201;171;33;157;120;66;206;78;128;44,0.1,19,91,19,0.0879539937667986,,False,,,0.8230190861769809,,,,19,0,54.17660000966862,1.725200010696426,70.94560000405181,2.21869999950286
SupportRiskOnly_B10,JILONG_EI_0159,1400,B10,217;90;58;3;206;14;104;178;33;174;46;171;78;35;128;102;100;44;133,0.1,19,91,19,0.1096476786302272,,False,,,0.7703875072296125,,,,19,0,54.12740001338534,1.6754999960539865,70.72580000385642,2.737900009378791
SupportRiskOnly_B10,JILONG_EI_0159,1410,B10,2;219;232;74;13;105;103;161;33;201;78;156;158;206;128;4;46;44;51,0.1,19,94,19,0.0969056060524844,,False,,,0.7866741321388578,,,,19,0,54.62120000447612,1.7264000052819028,71.64370000828058,3.009500011103228
SupportRiskOnly_B10,JILONG_EI_0159,1420,B10,90;2;217;58;119;174;206;14;178;88;235;78;155;66;4;35;46;166;33,0.1,19,94,19,0.0572780666355261,,False,,,0.7989921612541994,,,,19,0,54.83359999198001,1.7716000002110377,70.99269999889657,2.3462999961338937
SupportRiskOnly_B10,JILONG_EI_0159,1430,B10,3;84;219;90;13;232;103;161;174;5;57;78;201;66;171;206;128;44;46,0.1,19,95,19,0.0870733817797551,,False,,,0.8232686980609418,,,,19,0,55.987400002777576,2.396099996985868,70.9288999933051,3.0848000023979694
SupportRiskOnly_B10,JILONG_EI_0159,1440,B10,2;90;232;218;57;13;178;88;157;134;206;78;46;36;44;66;33;214;120,0.1,19,95,19,0.0923187662243186,,False,,,0.7889196675900277,,,,19,0,55.087500004447065,1.7223000031663105,71.32669999555219,2.4662000068929046
SupportRiskOnly_B10,JILONG_EI_0169,10,B10,78;219;57;106;84;217;4;128;13;50;119;251;10;156;158;177;213;206;170,0.1,19,115,19,0.0700201392132689,,False,,,0.8361556064073227,,,,19,0,54.3692000064766,1.7939999961527064,69.8396999941906,2.213800005847588
SupportRiskOnly_B10,JILONG_EI_0169,20,B10,57;219;217;106;13;128;33;251;77;104;4;66;35;134;84;157;10;177;155,0.1,19,115,19,0.0553790077417279,,False,,,0.8480549199084668,,,,19,0,54.17879999731667,1.8058999994536864,69.62679998832755,2.2951999999349937
SupportRiskOnly_B10,JILONG_EI_0169,30,B10,58;219;217;77;90;112;13;50;104;84;192;157;251;178;20;102;46;185;213,0.1,19,115,19,0.0723863053349771,,False,,,0.8183066361556065,,,,19,0,54.253299997071736,1.7425000114599245,70.28519999585114,2.239900000859052
SupportRiskOnly_B10,JILONG_EI_0169,40,B10,74;235;217;112;77;105;49;29;203;119;157;35;177;100;3;5;68;155;133,0.1,19,113,19,0.0858941274666707,,False,,,0.8104331625523987,,,,19,0,54.515099996933714,1.7859999934444204,70.05629999912344,2.2237999946810305
SupportRiskOnly_B10,JILONG_EI_0169,50,B10,61;74;219;217;50;105;112;13;84;119;174;156;192;213;19;41;215;179;186,0.1,19,113,19,0.0873413941236379,,False,,,0.783884489986027,,,,19,0,55.22209999617189,2.732499997364357,70.36109999171458,2.2742000001017004
SupportRiskOnly_B10,JILONG_EI_0169,60,B10,57;61;201;13;232;235;119;112;156;66;106;158;33;213;35;176;88;69;4,0.1,19,110,19,0.0759317257697697,,False,,,0.8196172248803828,,,,19,0,54.97579999791924,2.4492000084137544,71.62759998755064,2.484199998434633
SupportRiskOnly_B10,JILONG_EI_0169,70,B10,60;74;217;13;128;105;4;33;219;156;215;51;186;174;134;46;103;177;229,0.1,19,110,19,0.0588172232389674,,False,,,0.8028708133971293,,,,19,0,56.53800000436604,2.55950000428129,70.73459999810439,2.254399994853884
SupportRiskOnly_B10,JILONG_EI_0169,80,B10,44;128;13;4;218;58;90;33;104;232;186;157;135;155;51;99;102;178;46,0.1,19,109,19,0.0741245568224456,,False,,,0.8145823273780782,,,,19,0,55.06020000029821,1.83419999666512,70.4081000003498,2.278799991472624
SupportRiskOnly_B10,JILONG_EI_0169,90,B10,44;4;128;201;74;104;219;49;106;232;158;156;35;13;161;134;170;213;165,0.1,19,110,19,0.0853504452833656,,False,,,0.7789473684210527,,,,19,0,55.00039999606088,1.800900005036965,70.78070001443848,2.2726999886799604
SupportRiskOnly_B10,JILONG_EI_0169,100,B10,28;219;4;128;217;57;121;61;90;33;186;157;155;66;52;135;190;88;252,0.1,19,111,19,0.0761537931404155,,False,,,0.8060692271218587,,,,19,0,54.84549999528099,2.1096999989822507,70.40219999908004,2.2671999904559925
SupportRiskOnly_B10,JILONG_EI_0169,110,B10,13;106;217;112;4;235;104;34;74;186;192;156;174;27;66;214;36;71;45,0.1,19,111,19,0.0828617592330252,,False,,,0.7946894262683737,,,,19,0,56.42119998810813,2.4753999896347523,72.54039999679662,2.3843000089982525
SupportRiskOnly_B10,JILONG_EI_0169,120,B10,219;27;90;201;121;128;4;214;176;13;33;232;58;252;157;61;170;88;66,0.1,19,107,19,0.0877472413872318,,False,,,0.8160354156419086,,,,19,0,56.67250000988133,1.742499996908009,70.24139999703038,2.249400000437163
SupportRiskOnly_B10,JILONG_EI_0169,130,B10,27;13;202;121;235;112;90;58;174;216;4;49;192;60;170;156;135;35;102,0.1,19,107,19,0.0797298435573661,,False,,,0.8165272995573044,,,,19,0,54.83049999747891,1.757500009262003,70.45569999900181,2.281499997479841
SupportRiskOnly_B10,JILONG_EI_0169,140,B10,27;218;121;216;186;90;20;174;112;29;50;61;177;58;155;134;88;252;212,0.1,19,107,19,0.0796762410885895,,False,,,0.7894736842105262,,,,19,0,54.72359999839682,1.8797999946400523,70.76259999303147,2.2788000060245395
SupportRiskOnly_B10,JILONG_EI_0169,150,B10,217;27;219;121;186;50;74;157;29;4;176;212;60;128;155;88;252;215;135,0.1,19,107,19,0.0700048242221898,,False,,,0.778652238071815,,,,19,0,55.17429999599699,1.81940000038594,71.37179998971988,2.309600007720292
SupportRiskOnly_B10,JILONG_EI_0169,160,B10,26;235;201;121;74;232;157;50;212;112;29;134;170;4;88;32;178;68;214,0.1,19,104,19,0.0902818724108093,,False,,,0.7474696356275303,,,,19,0,55.26099998678546,1.808600005460903,71.07389999146108,2.276899991557002
SupportRiskOnly_B10,JILONG_EI_0169,170,B10,58;26;217;13;157;105;50;186;91;235;128;192;212;20;135;103;32;165;155,0.1,19,107,19,0.0652724919787734,,False,,,0.777176586325627,,,,19,0,54.15589999756776,1.7302000051131472,70.65380000858568,2.513100000214763
SupportRiskOnly_B10,JILONG_EI_0169,180,B10,57;13;217;174;90;10;104;49;156;35;235;185;177;213;4;128;135;45;69,0.1,19,106,19,0.0620333713655611,,False,,,0.7686196623634558,,,,19,0,54.26560000341851,1.786199994967319,70.09560000733472,2.3339000035775825
SupportRiskOnly_B10,JILONG_EI_0169,190,B10,58;13;25;90;218;157;104;232;50;192;186;229;200;4;155;32;135;100;102,0.1,19,105,19,0.0634117205626727,,False,,,0.7719298245614035,,,,19,0,56.68890000379179,1.799699995899573,71.01240000338294,2.4895999958971515
SupportRiskOnly_B10,JILONG_EI_0169,200,B10,74;25;217;13;174;219;105;50;156;186;4;32;212;176;103;52;23;206;133,0.1,19,107,19,0.0746069790414347,,False,,,0.7324151500245941,,,,19,0,55.86510000284761,1.7949999892152846,71.34819999919273,2.31799999892246
SupportRiskOnly_B10,JILONG_EI_0169,210,B10,219;13;233;74;120;201;174;106;35;10;49;41;88;4;156;229;170;176;45,0.1,19,107,19,0.0653950119074055,,False,,,0.7919331037875061,,,,19,0,55.28919999778736,1.873700006399304,71.05680000677239,2.824399998644367
SupportRiskOnly_B10,JILONG_EI_0169,220,B10,219;13;90;217;58;104;40;50;157;4;185;155;32;229;60;161;10;135;128,0.1,19,107,19,0.0712223660129718,,False,,,0.7452041318248893,,,,19,0,54.71729999408126,1.8296000052941963,69.58170000871178,2.216299995779991
SupportRiskOnly_B10,JILONG_EI_0169,230,B10,202;13;90;57;235;232;174;104;49;46;35;156;4;200;112;229;170;177;102,0.1,19,109,19,0.0566424945057469,,False,,,0.7889908256880734,,,,19,0,54.19890000484884,2.339899991056882,69.75260000035632,2.2385000047506765
SupportRiskOnly_B10,JILONG_EI_0169,240,B10,219;13;105;74;217;158;50;192;4;46;156;119;186;229;32;10;112;36;40,0.1,19,111,19,0.0582275960824252,,False,,,0.7501185395922237,,,,19,0,53.92899998696521,1.8680000066524367,71.25280000036582,2.285599999595433
SupportRiskOnly_B10,JILONG_EI_0169,250,B10,13;219;88;106;217;74;33;174;35;120;46;156;192;4;66;112;213;170;134,0.1,19,109,19,0.0462895605363309,,False,,,0.7889908256880735,,,,19,0,54.883200005861,1.839999997173436,71.1167999979807,2.3424999963026494
SupportRiskOnly_B10,JILONG_EI_0169,260,B10,13;218;232;88;106;50;157;74;120;4;46;200;229;155;10;23;32;177;68,0.1,19,109,19,0.0463125330229495,,False,,,0.7740222114920328,,,,19,0,55.26049999753013,1.849299995228648,72.22240000555757,2.2830999951111157
SupportRiskOnly_B10,JILONG_EI_0169,270,B10,13;202;233;106;104;74;174;235;50;46;156;4;200;229;32;176;24;135;170,0.1,19,112,19,0.0503939781455077,,False,,,0.7758458646616541,,,,19,0,55.99639999854844,1.7592999938642606,69.7474000044167,3.173900011461228
SupportRiskOnly_B10,JILONG_EI_0169,280,B10,13;219;217;105;49;74;174;35;46;4;156;229;23;102;10;185;177;206;165,0.1,19,111,19,0.0550956804067661,,False,,,0.7491702228544334,,,,19,0,54.12980000255629,1.7745000077411532,69.65599999239203,2.593400000478141
SupportRiskOnly_B10,JILONG_EI_0169,290,B10,13;218;104;232;90;157;49;4;58;51;46;192;23;200;155;229;161;69;135,0.1,19,111,19,0.0501565957837829,,False,,,0.7676623992413467,,,,19,0,54.29870000807568,1.7660000012256205,70.27229999948759,2.2105999960331246
SupportRiskOnly_B10,JILONG_EI_0169,300,B10,218;29;104;90;158;57;34;3;156;23;66;216;229;5;177;170;112;60;102,0.1,19,112,19,0.0727768376074921,,False,,,0.756578947368421,,,,19,0,54.3751999939559,1.8566999933682384,69.85650000569876,2.227799996035173
SupportRiskOnly_B10,JILONG_EI_0169,310,B10,13;219;217;90;88;174;46;49;121;3;58;35;192;156;213;23;170;112;68,0.1,19,112,19,0.0521322296329762,,False,,,0.8021616541353384,,,,19,0,55.51249999552965,1.8297000060556456,71.0250999982236,2.277100007631816
SupportRiskOnly_B10,JILONG_EI_0169,320,B10,13;218;105;74;34;157;46;3;23;192;66;200;103;171;178;112;229;36;232,0.1,19,114,19,0.053694358723036,,False,,,0.7460757156048015,,,,19,0,55.07380000199191,1.940800008014776,72.48389998858329,3.265199993620626
SupportRiskOnly_B10,JILONG_EI_0169,330,B10,13;219;90;217;104;174;49;3;23;46;58;35;192;156;60;186;102;10;161,0.1,19,114,19,0.0517799848381588,,False,,,0.7751615881809788,,,,19,0,54.67209999915213,1.851900000474416,70.39890000305604,2.2788999922340736
SupportRiskOnly_B10,JILONG_EI_0169,340,B10,13;218;105;91;34;119;46;174;3;23;58;176;172;66;200;213;170;93;232,0.1,19,113,19,0.0432648497982249,,False,,,0.7503493246390313,,,,19,0,54.897099995287135,1.8343999981880188,70.0864999962505,2.284999995026737
SupportRiskOnly_B10,JILONG_EI_0169,350,B10,13;233;219;201;104;90;46;49;157;23;3;57;51;177;171;112;135;102;229,0.1,19,113,19,0.0608234870703187,,False,,,0.7992547741034002,,,,19,0,55.18630000005942,1.8429999909130856,70.64040000841487,2.2797999990871176
SupportRiskOnly_B10,JILONG_EI_0169,360,B10,13;217;105;235;74;46;34;174;4;119;23;176;156;112;66;72;68;41;170,0.1,19,112,19,0.0585262384084661,,False,,,0.7918233082706766,,,,19,0,56.34739999368321,1.8380999972578136,71.80559998960234,3.0120000010356307
SupportRiskOnly_B10,JILONG_EI_0169,370,B10,219;104;13;90;217;3;34;23;158;46;58;112;176;171;66;135;36;102;60,0.1,19,114,19,0.0552564878130958,,False,,,0.7700831024930748,,,,19,0,55.17819999658968,1.8791000038618224,70.92769999871962,2.3636999976588413
SupportRiskOnly_B10,JILONG_EI_0169,380,B10,13;218;119;105;74;49;157;4;46;35;23;112;176;206;171;216;87;41;229,0.1,19,112,19,0.0527448292761369,,False,,,0.7593984962406016,,,,19,0,54.33849999099039,1.782799998181872,69.5871000061743,2.2579000069526955
SupportRiskOnly_B10,JILONG_EI_0169,390,B10,13;88;90;218;119;46;50;57;121;174;128;24;3;156;176;170;200;165;229,0.1,19,113,19,0.0513281926013278,,False,,,0.7708430367955286,,,,19,0,54.52340000192635,1.9176999921910465,69.79619999765418,2.252299993415363
SupportRiskOnly_B10,JILONG_EI_0169,400,B10,90;219;217;104;13;58;34;84;157;176;23;46;3;112;155;135;206;72;66,0.1,19,116,19,0.0299408075594795,,False,,,0.7935571687840292,,,,19,0,54.74939999112394,2.7817999944090843,70.91850000142585,2.308499999344349
SupportRiskOnly_B10,JILONG_EI_0169,410,B10,218;90;29;88;119;34;192;174;121;23;3;171;58;128;178;213;60;216;10,0.1,19,114,19,0.0518871897757119,,False,,,0.7469990766389658,,,,19,0,56.59459999878891,1.8383999995421616,71.30959999631159,2.513700004783459
SupportRiskOnly_B10,JILONG_EI_0169,420,B10,105;217;74;13;46;235;103;34;84;157;176;3;134;171;23;229;66;36;41,0.1,19,114,19,0.0590546056006922,,False,,,0.7867036011080334,,,,19,0,54.47800000547432,1.857499999459833,70.52319998911116,3.657499997643754
SupportRiskOnly_B10,JILONG_EI_0169,430,B10,219;90;201;104;13;233;34;158;84;176;3;57;156;46;134;23;128;165;102,0.1,19,114,19,0.0497430910246494,,False,,,0.7890120036934442,,,,19,0,54.63159999635536,1.7727000085869804,70.6254000106128,2.2446000075433403
SupportRiskOnly_B10,JILONG_EI_0169,440,B10,90;202;84;104;49;46;13;3;35;157;176;233;171;72;235;135;23;58;128,0.1,19,114,19,0.0349564671378578,,False,,,0.7931671283471837,,,,19,0,54.27449999842793,1.8488999921828508,70.07239999074955,2.517800006899052
SupportRiskOnly_B10,JILONG_EI_0169,450,B10,84;218;90;13;119;34;88;174;3;121;176;46;57;155;23;178;128;60;216,0.1,19,113,19,0.0398036618143669,,False,,,0.7941313460642757,,,,19,0,54.63389999931678,1.8191999988630412,70.5220000090776,2.2825000050943345
SupportRiskOnly_B10,JILONG_EI_0169,460,B10,84;219;90;217;13;192;34;103;158;46;3;171;206;57;134;128;165;66;23,0.1,19,113,19,0.0379428903982663,,False,,,0.8108989287377737,,,,19,0,54.39459999615792,1.8128999945474789,70.56290000036824,2.327900001546368
SupportRiskOnly_B10,JILONG_EI_0169,470,B10,105;84;219;74;217;34;29;103;174;3;176;156;5;41;128;213;165;36;72,0.1,19,111,19,0.0597514376947875,,False,,,0.7875770507349454,,,,19,0,54.50269998982549,1.7711000109557062,70.90259999677073,2.250300007290207
SupportRiskOnly_B10,JILONG_EI_0169,480,B10,90;84;219;104;217;34;3;157;46;176;57;14;171;128;60;66;135;165;102,0.1,19,111,19,0.0549501879915154,,False,,,0.7842579421526789,,,,19,0,54.75060000026133,1.7383999947924167,70.50500001059845,2.3785000084899366
SupportRiskOnly_B10,JILONG_EI_0169,490,B10,218;90;88;49;119;174;13;84;3;35;57;176;121;156;46;128;232;165;213,0.1,19,111,19,0.038570805032506,,False,,,0.7942152678994784,,,,19,0,54.25560000003316,1.797000004444271,70.28299999365117,2.201499999500811
SupportRiskOnly_B10,JILONG_EI_0169,500,B10,90;217;119;34;84;3;29;157;58;235;88;176;171;128;178;165;121;23;66,0.1,19,109,19,0.0437702445038325,,False,,,0.7614678899082568,,,,19,0,54.141500004334375,1.8065000040223824,70.75169999734499,2.240400004666298
SupportRiskOnly_B10,JILONG_EI_0169,510,B10,104;90;201;57;34;84;174;46;3;176;13;233;156;134;128;213;60;170;165,0.1,19,110,19,0.0586870458147958,,False,,,0.7641148325358852,,,,19,0,54.66930000693537,2.119299999321811,70.9876000037184,2.303600005689077
SupportRiskOnly_B10,JILONG_EI_0169,520,B10,219;90;104;217;49;58;3;84;158;176;13;35;128;172;135;46;206;5;72,0.1,19,111,19,0.0278809412593517,,False,,,0.7728781412991939,,,,19,0,54.28899999242276,1.8859999981941653,70.49870000628289,2.2329000057652597
SupportRiskOnly_B10,JILONG_EI_0169,530,B10,105;218;74;103;49;174;84;3;29;161;51;216;112;171;23;41;213;135;5,0.1,19,111,19,0.0680215328774571,,False,,,0.7581792318634423,,,,19,0,54.54880000615958,2.139699994586408,70.26939999195747,2.301499989698641
SupportRiskOnly_B10,JILONG_EI_0169,540,B10,219;90;217;3;157;46;119;49;84;57;88;161;13;35;121;112;192;155;165,0.1,19,112,19,0.0366794036342473,,False,,,0.8204887218045113,,,,19,0,54.668100012349896,1.83350000588689,70.3065000125207,2.224299998488277
SupportRiskOnly_B10,JILONG_EI_0169,550,B10,219;91;105;217;58;3;34;174;103;29;84;161;156;128;166;72;60;186;134,0.1,19,113,19,0.0462972180318704,,False,,,0.8164881229622729,,,,19,0,55.56790000991896,1.8540000019129368,70.25090001116041,2.332200005184859
SupportRiskOnly_B10,JILONG_EI_0169,560,B10,90;104;217;3;34;13;84;57;161;158;46;166;206;213;128;156;66;102;134,0.1,19,111,19,0.0563361946841666,,False,,,0.7828354670459933,,,,19,0,54.87810001068283,1.8309000006411225,72.31689999753144,3.2592000061413278
SupportRiskOnly_B10,JILONG_EI_0169,570,B10,84;217;105;57;3;119;49;157;91;161;29;166;51;128;171;23;5;235;60,0.1,19,109,19,0.0527984317449135,,False,,,0.7802993722839208,,,,19,0,54.70409999543335,1.8639000045368448,70.31769999593962,2.518299996154383
SupportRiskOnly_B10,JILONG_EI_0169,580,B10,84;218;13;88;3;90;49;57;119;178;174;46;176;165;232;35;112;156;213,0.1,19,109,19,0.0441607767763475,,False,,,0.8198937711250605,,,,19,0,54.64930000016466,2.859499989426695,70.5422000028193,2.325099994777702
SupportRiskOnly_B10,JILONG_EI_0169,590,B10,217;84;219;90;104;3;57;161;158;34;13;134;165;155;128;66;23;46;102,0.1,19,111,19,0.0470093651170448,,False,,,0.7875770507349454,,,,19,0,55.27559999609366,2.1352000039769337,70.86589999380521,2.445999998599291
SupportRiskOnly_B10,JILONG_EI_0169,600,B10,105;84;219;74;217;3;119;157;49;161;29;206;213;51;128;165;23;171;5,0.1,19,111,19,0.051527287485355,,False,,,0.7823613086770983,,,,19,0,54.54430000099819,1.8568999948911369,69.66439999814611,3.216900004190393
SupportRiskOnly_B10,JILONG_EI_0169,610,B10,219;217;84;90;57;3;104;13;174;34;161;46;156;134;60;229;128;165;102,0.1,19,111,19,0.0533574289192976,,False,,,0.7833096254148885,,,,19,0,54.27930000587367,1.808900007745251,70.00500000140164,2.3397000040858984
SupportRiskOnly_B10,JILONG_EI_0169,620,B10,84;218;105;58;3;103;91;33;157;176;13;178;35;232;134;213;165;46;5,0.1,19,111,19,0.0490462589305541,,False,,,0.7984826932195354,,,,19,0,54.73750000237487,2.5655999925220385,71.18169999739621,2.3082999978214502
SupportRiskOnly_B10,JILONG_EI_0169,630,B10,84;217;90;3;57;104;49;161;251;174;46;13;156;5;134;51;165;213;128,0.1,19,113,19,0.0467030652954644,,False,,,0.7955286446204006,,,,19,0,54.5062000019243,1.961800007848069,70.78529999125749,2.43360000604298
SupportRiskOnly_B10,JILONG_EI_0169,640,B10,84;217;105;74;3;103;161;251;158;34;29;134;165;72;41;213;5;128;156,0.1,19,113,19,0.0654792443583401,,False,,,0.7894736842105263,,,,19,0,55.57779999799095,2.502900009858422,71.27080000645947,2.3053000040818006
SupportRiskOnly_B10,JILONG_EI_0169,650,B10,84;217;88;106;3;58;157;219;161;49;251;13;46;213;165;192;171;119;35,0.1,19,115,19,0.0441224892986499,,False,,,0.8118993135011442,,,,19,0,54.80790000001434,1.7617999983485788,71.5143999987049,3.086800003075041
SupportRiskOnly_B10,JILONG_EI_0169,660,B10,84;219;201;89;3;57;174;121;232;103;91;49;161;13;213;156;128;60;51,0.1,19,113,19,0.0637256778797926,,False,,,0.8295295761527713,,,,19,0,54.56140000023879,1.797800010535866,70.19500000751577,3.2741000031819567
SupportRiskOnly_B10,JILONG_EI_0169,670,B10,84;217;105;13;3;74;219;161;119;33;157;128;165;213;46;35;206;66;5,0.1,19,114,19,0.0439233944146227,,False,,,0.7843951985226223,,,,19,0,54.775600001448765,1.9937000033678487,70.19149999541696,2.254800012451597
SupportRiskOnly_B10,JILONG_EI_0169,680,B10,84;90;217;58;104;13;3;235;178;174;176;49;213;134;46;165;156;128;36,0.1,19,113,19,0.0479742095550229,,False,,,0.8015836050302747,,,,19,0,54.46519999532029,2.40759999724105,70.23990000016056,2.2603000106755644
SupportRiskOnly_B10,JILONG_EI_0169,690,B10,84;218;232;105;57;119;161;158;29;91;3;49;213;166;5;156;206;51;128,0.1,19,114,19,0.051090810239603,,False,,,0.7987072945521699,,,,19,0,55.53289999079425,1.895699999295175,70.30779999331571,2.463600001647137
SupportRiskOnly_B10,JILONG_EI_0169,700,B10,219;84;217;103;58;90;13;157;3;50;46;161;213;134;165;171;190;121;5,0.1,19,111,19,0.0485791517026441,,False,,,0.7970602181128497,,,,19,0,55.04630001087207,1.845799997681752,71.02960000338499,2.303999994182959
SupportRiskOnly_B10,JILONG_EI_0169,710,B10,84;219;119;217;105;57;13;49;3;213;178;174;91;165;176;156;128;35;60,0.1,19,110,19,0.0524997894188726,,False,,,0.7976076555023924,,,,19,0,54.33719999564346,1.7291999974986538,70.12350000150036,2.227699995273724
SupportRiskOnly_B10,JILONG_EI_0169,720,B10,119;88;218;74;13;232;84;161;106;50;213;157;166;4;171;46;128;41;200,0.1,19,112,19,0.0569717668139458,,False,,,0.7875939849624061,,,,19,0,54.33590000029653,1.7804999952204523,69.68279999273364,2.285399998072535
SupportRiskOnly_B10,JILONG_EI_0169,730,B10,119;217;219;58;13;105;3;84;49;158;213;165;161;192;156;5;128;35;215,0.1,19,113,19,0.0529592391512432,,False,,,0.8095016301816488,,,,19,0,55.274300000746734,2.480699986335821,70.58790000155568,2.9675999976461758
SupportRiskOnly_B10,JILONG_EI_0169,740,B10,84;119;202;57;89;49;3;174;29;233;213;206;178;121;165;235;192;128;171,0.1,19,114,19,0.0429815224632631,,False,,,0.8125577100646353,,,,19,0,54.851999986567535,2.587499999208376,69.61930000397842,2.282100002048537
SupportRiskOnly_B10,JILONG_EI_0169,750,B10,219;217;84;104;90;57;161;13;49;46;213;157;4;134;166;192;155;186;51,0.1,19,115,19,0.0445666240399414,,False,,,0.8389016018306636,,,,19,0,54.30960000376217,1.860599993960932,70.74360000842717,2.387000000453554
SupportRiskOnly_B10,JILONG_EI_0169,760,B10,84;103;218;57;105;3;213;216;50;14;158;161;46;165;156;192;206;60;91,0.1,19,111,19,0.0617040990573623,,False,,,0.8188715030820294,,,,19,0,54.44079999870155,1.8552999972598627,70.4637000017101,2.2468999959528446
SupportRiskOnly_B10,JILONG_EI_0169,770,B10,84;219;217;119;58;88;161;50;90;213;174;3;13;192;5;165;121;128;46,0.1,19,111,19,0.0311889793324195,,False,,,0.8383119962067331,,,,19,0,55.051799994544126,1.9019000028492885,69.89459999022074,2.226399999926798
SupportRiskOnly_B10,JILONG_EI_0169,780,B10,84;105;217;103;74;49;157;213;178;3;35;29;134;192;190;165;5;72;235,0.1,19,110,19,0.053303826450521,,False,,,0.8138755980861244,,,,19,0,54.29580000054557,2.21580000652466,72.01540000096429,2.271499994094484
SupportRiskOnly_B10,JILONG_EI_0169,790,B10,84;104;217;219;57;161;49;3;90;213;13;158;156;192;46;165;102;128;185,0.1,19,110,19,0.0600883674985259,,False,,,0.8148325358851675,,,,19,0,55.16370000259485,1.795999996829778,70.58189999952447,2.275899998494424
SupportRiskOnly_B10,JILONG_EI_0169,800,B10,84;201;13;104;90;219;49;57;3;213;161;232;174;192;165;35;134;155;5,0.1,19,112,19,0.0438927644324647,,False,,,0.8167293233082705,,,,19,0,55.18899999151472,2.016700003878213,71.26609999977518,2.701599994907156
SupportRiskOnly_B10,JILONG_EI_0169,810,B10,84;217;90;103;219;58;49;213;176;3;157;13;178;121;166;134;60;46;206,0.1,19,111,19,0.0515196299898155,,False,,,0.8041725936462779,,,,19,0,55.75410000164993,1.8487999914214013,72.4220999982208,2.5815000117290765
SupportRiskOnly_B10,JILONG_EI_0169,820,B10,84;218;105;119;74;161;174;29;3;33;213;216;165;128;66;156;41;5;170,0.1,19,110,19,0.0700201392132689,,False,,,0.8110047846889952,,,,19,0,55.61920000764076,1.8770000024233011,71.66010000219103,2.335899989702739
SupportRiskOnly_B10,JILONG_EI_0169,830,B10,84;217;104;57;219;158;213;3;134;49;161;106;46;51;215;171;206;166;102,0.1,19,110,19,0.0643842224961904,,False,,,0.8004784688995216,,,,19,0,55.99240001174621,1.8054999964078888,71.32280000951141,2.2702999995090067
SupportRiskOnly_B10,JILONG_EI_0169,840,B10,84;88;217;57;157;235;161;3;13;50;213;134;165;106;215;155;102;190;116,0.1,19,108,19,0.0736574495945356,,False,,,0.7797270955165692,,,,19,0,54.843699996126816,1.8283999961568045,70.40779999806546,3.332000007503666
SupportRiskOnly_B10,JILONG_EI_0169,850,B10,84;219;58;103;105;232;201;178;49;3;134;174;213;156;29;176;206;165;35,0.1,19,110,19,0.0569105068496297,,False,,,0.8401913875598087,,,,19,0,54.47439999261405,1.7551999917486685,70.419400013634,2.2693999926559627
SupportRiskOnly_B10,JILONG_EI_0169,860,B10,84;217;104;13;219;161;74;49;4;134;157;213;128;72;165;60;155;46;51,0.1,19,110,19,0.0570789717514989,,False,,,0.7904306220095694,,,,19,0,54.49130000488367,1.8122999899787828,70.15239998872858,2.2105999960331246
SupportRiskOnly_B10,JILONG_EI_0169,870,B10,84;219;217;104;74;161;50;174;4;29;213;156;215;206;165;36;186;134;128,0.1,19,110,19,0.0541691234464855,,False,,,0.7655502392344499,,,,19,0,54.602000003797,1.7542000132380051,70.40290000441018,2.298399995197542
SupportRiskOnly_B10,JILONG_EI_0169,880,B10,84;219;104;232;57;90;161;158;33;3;35;213;201;66;46;190;134;165;14,0.1,19,107,19,0.0509759478065104,,False,,,0.8017707820954254,,,,19,0,54.29099999309983,1.8395000079181043,70.50869999511633,2.288100004079752
SupportRiskOnly_B10,JILONG_EI_0169,890,B10,219;84;217;89;103;13;58;177;49;121;3;157;128;213;165;91;5;171;46,0.1,19,106,19,0.0506313605072325,,False,,,0.7969215491559086,,,,19,0,53.98199999763165,1.8115999992005527,70.5420000012964,2.3566000018035997
SupportRiskOnly_B10,JILONG_EI_0169,900,B10,84;218;105;232;74;161;119;13;174;3;156;49;128;213;206;60;72;165;35,0.1,19,108,19,0.0505088405786003,,False,,,0.8026315789473684,,,,19,0,54.41389999759849,1.83350000588689,69.77370000095107,2.2743000008631498
SupportRiskOnly_B10,JILONG_EI_0169,910,B10,217;104;74;84;219;178;158;29;49;3;134;213;128;171;215;51;165;41;102,0.1,19,107,19,0.0851590078948779,,False,,,0.7678307919331037,,,,19,0,55.13019999489188,2.350700000533834,70.37180000043008,2.242900009150617
SupportRiskOnly_B10,JILONG_EI_0169,920,B10,84;232;90;104;202;161;57;235;49;157;3;165;35;213;155;46;13;134;190,0.1,19,107,19,0.0471395425412164,,False,,,0.82193802262666,,,,19,0,54.957100001047365,2.1597000013571237,70.45059998927172,2.316799989785068
SupportRiskOnly_B10,JILONG_EI_0169,930,B10,84;217;105;103;174;161;74;156;49;3;128;29;213;165;235;215;134;185;52,0.1,19,104,19,0.0706633688385876,,False,,,0.7732793522267207,,,,19,0,55.33600000489969,1.8004000012297183,70.83769999735523,2.302599998074584
SupportRiskOnly_B10,JILONG_EI_0169,940,B10,217;88;84;219;161;119;74;3;190;49;157;46;121;35;112;166;171;13;213,0.1,19,105,19,0.046350820500647,,False,,,0.7919799498746866,,,,19,0,55.16940000234172,1.761899999110028,70.10540000919718,2.3818000045139343
SupportRiskOnly_B10,JILONG_EI_0169,950,B10,84;219;232;104;58;128;201;161;3;158;29;66;5;156;165;90;33;213;72,0.1,19,104,19,0.0541231784732485,,False,,,0.7965587044534413,,,,19,0,54.99239999335259,1.7797999898903072,70.45849999121856,2.266399998916313
SupportRiskOnly_B10,JILONG_EI_0169,960,B10,217;84;105;103;219;57;178;174;13;46;128;3;49;176;60;5;156;35;213,0.1,19,106,19,0.0547970380807253,,False,,,0.8162859980139027,,,,19,0,55.46390000381507,1.719099993351847,70.22439999855123,2.641999992192723
SupportRiskOnly_B10,JILONG_EI_0169,970,B10,84;218;232;104;161;90;157;3;165;34;57;134;14;66;213;171;36;200;102,0.1,19,106,19,0.0648743022107189,,False,,,0.7725918570009931,,,,19,0,54.89840000518598,1.821099998778664,70.28049998916686,2.225599993835204
SupportRiskOnly_B10,JILONG_EI_0169,980,B10,219;217;84;104;74;161;156;174;29;20;49;72;165;215;213;134;51;170;60,0.1,19,107,19,0.07530381113553,,False,,,0.7693064436792917,,,,19,0,54.260799995972775,1.7556000093463808,69.91760000528302,2.22540000686422
SupportRiskOnly_B10,JILONG_EI_0169,990,B10,219;232;88;119;13;161;100;201;58;121;3;158;35;90;156;165;190;46;68,0.1,19,107,19,0.0582429110735043,,False,,,0.8135759960649286,,,,19,0,54.10239999764599,1.7689999949652702,70.24159999855328,2.935800002887845
SupportRiskOnly_B10,JILONG_EI_0169,1000,B10,217;105;235;103;74;13;161;157;3;49;100;166;35;171;213;135;215;128;5,0.1,19,104,19,0.0641621551255446,,False,,,0.7914979757085019,,,,19,0,54.474800010211766,1.686499992501922,69.60819999221712,2.709399996092543
SupportRiskOnly_B10,JILONG_EI_0169,1010,B10,232;104;218;29;74;178;4;156;174;35;100;206;49;165;212;176;41;135;102,0.1,19,104,19,0.0726160302011624,,False,,,0.7545546558704453,,,,19,0,54.44540000462439,1.7239000007975849,71.10760000068694,3.209300004527904
SupportRiskOnly_B10,JILONG_EI_0169,1020,B10,232;104;202;161;235;13;58;46;158;3;90;156;166;100;66;213;34;36;190,0.1,19,105,19,0.0550956804067661,,False,,,0.8040100250626565,,,,19,0,56.60650000208989,1.753900010953657,71.26620000053663,2.589399999123998
SupportRiskOnly_B10,JILONG_EI_0169,1030,B10,217;104;251;90;57;161;157;165;3;206;35;155;13;100;49;128;60;5;213,0.1,19,106,19,0.0564204271351011,,False,,,0.775571002979146,,,,19,0,54.831899993587285,2.0760999905178323,70.72930000140332,2.253099999506958
SupportRiskOnly_B10,JILONG_EI_0169,1040,B10,232;219;105;13;74;103;251;174;201;161;156;3;134;49;165;83;35;61;212,0.1,19,107,19,0.0715210083390126,,False,,,0.8032464338416134,,,,19,0,55.63350000011269,2.151699998648837,70.95599999593105,2.3650000075576827
SupportRiskOnly_B10,JILONG_EI_0169,1050,B10,232;219;89;119;13;190;177;57;4;156;158;165;121;201;100;34;128;91;66,0.1,19,107,19,0.0517187248738427,,False,,,0.7840629611411707,,,,19,0,56.592100008856505,1.8053999956464395,71.95240000146441,2.519600006053224
SupportRiskOnly_B10,JILONG_EI_0169,1060,B10,232;218;104;84;74;29;166;178;34;174;3;206;156;72;60;36;23;102;200,0.1,19,107,19,0.0606626796639891,,False,,,0.7658632562715199,,,,19,0,56.372999999439344,2.861100001609884,70.3159999975469,2.237400010926649
SupportRiskOnly_B10,JILONG_EI_0169,1070,B10,217;104;58;235;84;90;35;161;13;46;157;3;49;166;171;72;203;5;213,0.1,19,108,19,0.0453017436117343,,False,,,0.8001949317738791,,,,19,0,54.67119999229908,2.2554000024683774,70.52769999427255,2.2825999913038686
SupportRiskOnly_B10,JILONG_EI_0169,1080,B10,219;232;88;74;174;34;156;201;177;3;29;119;165;100;66;36;23;212;206,0.1,19,107,19,0.0558844024473355,,False,,,0.7757009345794392,,,,19,0,54.44440001156181,1.774400006979704,71.35820000257809,2.669100009370595
SupportRiskOnly_B10,JILONG_EI_0169,1090,B10,219;217;105;13;103;192;57;158;34;178;4;156;165;190;199;83;44;185;36,0.1,19,107,19,0.076582612890628,,False,,,0.7914412198721101,,,,19,0,54.62920000718441,2.8673999913735315,70.32410000101663,2.252500009490177
SupportRiskOnly_B10,JILONG_EI_0169,1100,B10,232;104;74;218;192;161;34;29;3;156;174;5;60;83;128;36;166;213;41,0.1,19,105,19,0.0669801134840838,,False,,,0.7649122807017544,,,,19,0,54.80340000940487,1.7650999943725765,70.55649999529123,2.219899994088337
SupportRiskOnly_B10,JILONG_EI_0169,1110,B10,232;219;104;58;90;192;49;35;201;157;3;161;5;190;155;165;83;134;112,0.1,19,106,19,0.0443522141648352,,False,,,0.7994041708043693,,,,19,0,54.28070000198204,2.028200004133396,70.83810000040103,2.4258000048575923
SupportRiskOnly_B10,JILONG_EI_0169,1120,B10,217;104;57;235;156;34;3;174;177;90;46;13;165;100;203;5;215;52;44,0.1,19,106,19,0.075724973390203,,False,,,0.7701092353525322,,,,19,0,54.47239999193698,1.8026999896392224,70.09520000428893,2.218099994934164
SupportRiskOnly_B10,JILONG_EI_0169,1130,B10,84;232;104;219;90;13;161;201;34;158;192;3;190;156;57;166;5;213;61,0.1,19,110,19,0.0686724199983153,,False,,,0.7999999999999999,,,,19,0,54.10269999993034,2.33569998817984,69.99220000579953,2.2396999993361533
SupportRiskOnly_B10,JILONG_EI_0169,1140,B10,217;104;219;29;35;57;178;192;3;49;157;90;206;83;165;155;5;215;116,0.1,19,107,19,0.0611604168740571,,False,,,0.7742252828332514,,,,19,0,54.49680000310764,2.045599991106428,71.98290000087582,2.581399996415712
SupportRiskOnly_B10,JILONG_EI_0169,1150,B10,232;104;218;13;90;34;174;3;58;161;156;192;128;83;44;165;46;52;213,0.1,19,107,19,0.0695683469764378,,False,,,0.7904574520413183,,,,19,0,56.19410000508651,2.2202000109246,72.80460000038147,3.378800000064075
SupportRiskOnly_B10,JILONG_EI_0169,1160,B10,217;89;103;121;34;57;235;3;29;156;177;190;158;60;165;186;66;134;229,0.1,19,101,19,0.0617040990573623,,False,,,0.7842626367899947,,,,19,0,55.753399996319786,1.8183000065619128,70.98489999771118,2.4916999973356724
SupportRiskOnly_B10,JILONG_EI_0169,1170,B10,219;232;104;84;74;201;13;49;35;174;156;3;161;165;5;46;135;229;102,0.1,19,102,19,0.0564357421261802,,False,,,0.7946336429308566,,,,19,0,54.57790000946261,1.7928000015672296,71.02989999111742,2.2173000033944845
SupportRiskOnly_B10,JILONG_EI_0169,1180,B10,219;217;88;90;34;3;57;157;178;14;5;171;120;166;60;176;100;66;190,0.1,19,103,19,0.0520326821909626,,False,,,0.7751660705160962,,,,19,0,54.62540000735317,1.8931999948108569,70.29019999026787,2.3277000000234693
SupportRiskOnly_B10,JILONG_EI_0169,1190,B10,219;232;104;13;74;49;156;174;2;35;161;201;4;166;83;46;10;213;72,0.1,19,105,19,0.0472161174966115,,False,,,0.7829573934837092,,,,19,0,54.141500004334375,1.7616999975871297,69.97419999970589,2.1948000066913664
SupportRiskOnly_B10,JILONG_EI_0169,1200,B10,219;232;105;103;74;49;29;3;177;158;156;165;72;201;51;190;61;5;213,0.1,19,102,19,0.0865526720830685,,False,,,0.7977296181630545,,,,19,0,54.05560000508558,1.813900002161972,70.86409999465104,3.114599996479228
SupportRiskOnly_B10,JILONG_EI_0169,1210,B10,217;104;74;235;13;49;3;161;156;35;174;46;203;166;44;100;185;135;93,0.1,19,103,19,0.0732975473041787,,False,,,0.7772100153295862,,,,19,0,55.81489999894984,1.7780999914975837,71.19729999976698,2.2892999986652285
SupportRiskOnly_B10,JILONG_EI_0169,1220,B10,219;232;104;58;3;13;34;201;177;174;90;166;156;46;10;60;5;66;100,0.1,19,103,19,0.0516957523872242,,False,,,0.7879407256004088,,,,19,0,54.60210000455845,1.7324999935226515,70.25760000396986,2.229999998235144
SupportRiskOnly_B10,JILONG_EI_0169,1230,B10,218;105;216;74;13;3;103;34;178;190;156;158;165;176;5;52;66;100;72,0.1,19,105,19,0.0632279406697245,,False,,,0.7894736842105262,,,,19,0,54.255399998510256,1.7591999931028113,70.40470000356436,2.6612000074237585
SupportRiskOnly_B10,JILONG_EI_0169,1240,B10,217;219;104;57;49;29;161;2;157;90;155;166;35;100;229;128;68;4;102,0.1,19,103,19,0.061068526927583,,False,,,0.7537046499744506,,,,19,0,54.05340000288561,2.0576999959303066,70.11630000488367,2.195799999753945
SupportRiskOnly_B10,JILONG_EI_0169,1250,B10,232;105;235;202;13;74;3;49;174;103;156;177;46;100;200;165;51;134;41,0.1,19,100,19,0.0659310365951711,,False,,,0.8026315789473685,,,,19,0,54.36999999801628,1.876599999377504,71.33399999293033,2.2671000042464584
SupportRiskOnly_B10,JILONG_EI_0169,1260,B10,217;104;90;57;29;3;34;156;158;161;100;66;165;36;5;60;203;135;213,0.1,19,103,19,0.0689710623243562,,False,,,0.7491057741440982,,,,19,0,54.56659999617841,2.083299987134524,71.66309999593068,2.5491999986115843
SupportRiskOnly_B10,JILONG_EI_0169,1270,B10,104;218;232;3;58;13;35;49;156;174;177;72;186;44;166;100;10;91;133,0.1,19,101,19,0.0784050968290311,,False,,,0.7738405419489317,,,,19,0,56.1333000077866,1.833599992096424,71.04019999678712,2.6698000001488253
SupportRiskOnly_B10,JILONG_EI_0169,1280,B10,219;13;217;104;57;49;3;156;178;190;158;186;165;60;51;100;91;93;214,0.1,19,102,19,0.0682665727347213,,False,,,0.7471620227038184,,,,19,0,55.119199998443946,1.7893000040203333,70.47550000424962,2.239299996290356
SupportRiskOnly_B10,JILONG_EI_0169,1290,B10,219;104;217;74;3;13;161;174;49;171;72;35;166;100;46;44;206;215;179,0.1,19,105,19,0.0824176244917337,,False,,,0.7498746867167919,,,,19,0,56.38000000908505,1.8328000005567449,70.51829999545589,2.5083999935304746
SupportRiskOnly_B10,JILONG_EI_0169,1300,B10,88;217;58;13;219;121;3;156;177;49;119;190;100;165;10;112;5;46;36,0.1,19,105,19,0.042843687543552,,False,,,0.7844611528822054,,,,19,0,54.72239998925943,1.7654000112088395,70.85519999964163,3.321299998788163
SupportRiskOnly_B10,JILONG_EI_0169,1310,B10,219;104;232;201;29;74;3;157;178;50;206;135;171;61;213;72;102;165;68,0.1,19,103,19,0.095228614529332,,False,,,0.7588145120081758,,,,19,0,54.22689999977592,1.803499995730817,72.52289999451023,3.1013999978313223
SupportRiskOnly_B10,JILONG_EI_0169,1320,B10,2;217;104;235;57;156;174;161;35;106;49;203;13;4;100;46;166;60;134,0.1,19,106,19,0.0470935975679794,,False,,,0.8033763654419066,,,,19,0,54.79189999459777,2.4290000001201406,70.08920000225771,2.278799991472624
SupportRiskOnly_B10,JILONG_EI_0169,1330,B10,104;232;74;3;218;174;177;49;206;171;72;29;10;112;199;51;165;135;69,0.1,19,101,19,0.0491381488770282,,False,,,0.7529963522668056,,,,19,0,54.58179999550339,1.7483999981777745,72.71079999918584,3.1349000055342917
SupportRiskOnly_B10,JILONG_EI_0169,1340,B10,219;104;217;13;57;90;4;156;158;178;190;66;35;100;112;44;93;199;170,0.1,19,103,19,0.0787879716060065,,False,,,0.7904956566172714,,,,19,0,55.42340000101831,1.8219999910797924,71.12340000458062,2.8029999957652763
SupportRiskOnly_B10,JILONG_EI_0169,1350,B10,105;103;216;84;57;3;202;29;235;174;161;49;156;10;112;36;229;206;165,0.1,19,103,19,0.0520786271641996,,False,,,0.7971384772611141,,,,19,0,55.26629999803845,2.503799987607636,71.44369999878109,2.209700003731996
SupportRiskOnly_B10,JILONG_EI_0169,1360,B10,104;217;13;219;74;3;46;49;157;177;171;100;10;35;112;190;60;166;134,0.1,19,104,19,0.0533497714237581,,False,,,0.7646761133603238,,,,19,0,55.01419999927748,1.7662000027485192,70.54029998835176,2.258500011521392
SupportRiskOnly_B10,JILONG_EI_0169,1370,B10,104;232;219;57;201;174;156;29;4;178;90;10;66;34;229;112;165;199;133,0.1,19,104,19,0.0646369198489941,,False,,,0.8036437246963564,,,,19,0,54.81549999967683,1.781800005119294,70.68740000249818,2.2606999991694465
SupportRiskOnly_B10,JILONG_EI_0169,1380,B10,219;104;232;84;74;13;4;158;49;161;156;35;201;10;112;229;44;170;72,0.1,19,104,19,0.0767357628014181,,False,,,0.7778340080971661,,,,19,0,54.61959999229293,1.7622999876039105,71.08439999865368,2.441400007228367
SupportRiskOnly_B10,JILONG_EI_0169,1390,B10,217;13;104;3;58;174;235;203;100;90;10;178;156;49;60;112;5;46;166,0.1,19,104,19,0.0469710776393472,,False,,,0.8102226720647773,,,,19,0,54.66120000346564,1.8254000024171544,70.4937999980757,2.251600002637133
SupportRiskOnly_B10,JILONG_EI_0169,1400,B10,218;121;88;232;57;29;174;119;156;186;177;3;10;49;35;112;91;200;179,0.1,19,102,19,0.0573622990864607,,False,,,0.7930856553147575,,,,19,0,54.56730000150856,1.840099997934885,70.08330000098795,2.1972000104142357
SupportRiskOnly_B10,JILONG_EI_0169,1410,B10,219;217;104;58;13;2;4;106;161;49;186;158;36;72;155;112;190;229;166,0.1,19,105,19,0.0369933609513672,,False,,,0.8060150375939849,,,,19,0,54.557900002691895,2.515300002414733,69.59939999796916,2.2533000010298565
SupportRiskOnly_B10,JILONG_EI_0169,1420,B10,219;104;217;74;3;174;156;29;106;49;186;178;35;100;165;112;61;135;213,0.1,19,102,19,0.0741628443001432,,False,,,0.7724458204334365,,,,19,0,54.2286999989301,1.7782000068109485,70.56000000739004,2.3400999925797805
SupportRiskOnly_B10,JILONG_EI_0169,1430,B10,57;217;105;3;119;235;13;157;177;46;171;66;203;36;112;100;60;185;93,0.1,19,103,19,0.062377958664839,,False,,,0.7838528359734288,,,,19,0,54.76020000060089,2.0003000099677597,71.21649998589419,2.2791999945184216
SupportRiskOnly_B10,JILONG_EI_0169,1440,B10,104;232;2;13;218;74;174;4;156;161;106;49;100;186;10;51;112;44;166,0.1,19,105,19,0.063189653192027,,False,,,0.8045112781954886,,,,19,0,54.83269999967888,2.442699988023378,70.92529999499675,2.4348000006284565
SupportRiskOnly_B10,JILONG_EI_0179,10,B10,78;219;57;106;217;84;4;128;13;50;119;251;10;156;206;177;158;213;170,0.1,19,115,19,0.0700201392132689,,False,,,0.8361556064073227,,,,19,0,55.15770000056364,1.8477999983588236,69.69820000813343,2.2610000014537945
SupportRiskOnly_B10,JILONG_EI_0179,20,B10,219;58;217;13;84;106;119;112;50;251;4;77;10;157;177;206;155;46;213,0.1,19,116,19,0.0540083160401559,,False,,,0.8298548094373865,,,,19,0,54.41080000309739,2.4373000051127747,70.54729999799747,2.301100001204759
SupportRiskOnly_B10,JILONG_EI_0179,30,B10,57;217;84;219;77;90;29;119;251;49;112;35;192;157;121;206;178;3;185,0.1,19,116,19,0.0582352535779647,,False,,,0.838475499092559,,,,19,0,54.2445999890333,1.7862999957287684,70.15539999702014,2.3913999903015792
SupportRiskOnly_B10,JILONG_EI_0179,40,B10,58;235;217;77;84;105;119;66;29;112;203;33;158;177;35;91;206;156;185,0.1,19,114,19,0.067148578385953,,False,,,0.830101569713758,,,,19,0,55.1666999963345,2.170400010072626,70.24990000354592,2.2349000064423308
SupportRiskOnly_B10,JILONG_EI_0179,50,B10,74;61;119;232;251;201;174;13;219;128;177;50;20;156;121;100;68;213;133,0.1,19,113,19,0.0942025101270378,,False,,,0.8253376804843969,,,,19,0,54.97290000494104,1.936300002853386,70.02009999996517,2.267299991217442
SupportRiskOnly_B10,JILONG_EI_0179,60,B10,13;57;128;61;217;235;104;134;90;156;33;158;213;102;51;177;185;203;5,0.1,19,112,19,0.0863382622079622,,False,,,0.8552631578947368,,,,19,0,55.874999990919605,2.000299995415844,71.70139999652747,2.3828999983379617
SupportRiskOnly_B10,JILONG_EI_0179,70,B10,57;128;60;218;104;46;156;216;13;34;178;66;135;192;158;91;20;186;69,0.1,19,116,19,0.0644914274337435,,False,,,0.8157894736842106,,,,19,0,54.85770000086632,2.570700002252124,73.028400001931,3.0910999921616167
SupportRiskOnly_B10,JILONG_EI_0179,80,B10,44;57;218;128;119;13;90;156;121;49;174;176;35;216;185;88;99;179;4,0.1,19,112,19,0.0782902343959384,,False,,,0.8035714285714285,,,,19,0,54.961500005447306,2.29879999824334,69.96569999319036,2.369800000451505
SupportRiskOnly_B10,JILONG_EI_0179,90,B10,44;58;217;128;219;104;49;156;158;177;4;106;51;215;185;190;229;252;71,0.1,19,110,19,0.0965457037621275,,False,,,0.7569377990430621,,,,19,0,54.89889999444131,2.018400002270937,70.52619999740273,2.264299997477792
SupportRiskOnly_B10,JILONG_EI_0179,100,B10,28;57;217;128;219;106;119;215;156;61;4;50;176;52;174;88;186;213;165,0.1,19,108,19,0.084829735586679,,False,,,0.7880116959064328,,,,19,0,56.02850001014304,1.872599998023361,70.27310000557918,2.250200006528757
SupportRiskOnly_B10,JILONG_EI_0179,110,B10,57;28;202;128;235;106;119;156;66;176;4;158;35;33;88;214;233;60;10,0.1,19,107,19,0.066244993912291,,False,,,0.7825873093949828,,,,19,0,56.935800006613135,2.549699987866916,70.13839999854099,2.256199994008057
SupportRiskOnly_B10,JILONG_EI_0179,120,B10,13;217;57;235;128;27;119;121;4;214;156;203;91;176;174;49;35;88;185,0.1,19,105,19,0.0633810905805147,,False,,,0.8090225563909774,,,,19,0,54.54969999846071,1.8963999900734048,70.28729999728967,2.318400001968257
SupportRiskOnly_B10,JILONG_EI_0179,130,B10,27;74;13;202;128;4;120;134;235;156;174;177;106;34;61;41;233;32;36,0.1,19,105,19,0.0914611267238936,,False,,,0.801503759398496,,,,19,0,56.64169999363367,1.8924000032711772,70.57199999690056,2.254700011690147
SupportRiskOnly_B10,JILONG_EI_0179,140,B10,57;27;201;29;128;120;4;174;235;176;155;91;50;88;212;203;215;178;69,0.1,19,102,19,0.0756943434080449,,False,,,0.7889576883384933,,,,19,0,54.94859999453183,2.2400000016205013,70.06450000335462,2.278699990711175
SupportRiskOnly_B10,JILONG_EI_0179,150,B10,58;202;27;112;192;4;120;29;158;33;156;212;106;235;88;66;161;60;200,0.1,19,103,19,0.0737952845142467,,False,,,0.7874297393970364,,,,19,0,54.648399993311614,1.803399994969368,70.3023999958532,2.3142999998526648
SupportRiskOnly_B10,JILONG_EI_0179,160,B10,57;217;90;26;174;4;128;104;135;176;29;50;212;155;185;235;60;165;36,0.1,19,101,19,0.0726007152100833,,False,,,0.7946847316310578,,,,19,0,55.21770000632387,2.3071999894455075,70.64550000359304,2.2723000001860783
SupportRiskOnly_B10,JILONG_EI_0179,170,B10,58;26;217;13;4;90;128;121;174;176;103;33;135;156;35;235;212;185;45,0.1,19,104,19,0.0717813631873559,,False,,,0.8107287449392713,,,,19,0,54.63129999407101,1.8983000045409424,70.2677999943262,2.2570000000996515
SupportRiskOnly_B10,JILONG_EI_0179,180,B10,57;202;90;10;174;4;192;121;29;128;33;200;135;103;213;60;156;233;252,0.1,19,105,19,0.0523160095259244,,False,,,0.7984962406015036,,,,19,0,55.025999987265095,1.777899989974685,69.58090000262018,2.2319999989122152
SupportRiskOnly_B10,JILONG_EI_0179,190,B10,58;25;13;217;157;105;4;192;50;112;91;235;135;155;203;190;103;185;165,0.1,19,106,19,0.0621788637808118,,False,,,0.7800397219463754,,,,19,0,54.36059999919962,1.8431000062264504,69.84559999546036,2.268399999593385
SupportRiskOnly_B10,JILONG_EI_0179,200,B10,57;202;13;25;105;4;174;50;177;233;112;235;156;60;200;32;91;103;134,0.1,19,107,19,0.0663828288320022,,False,,,0.7830791933103788,,,,19,0,54.40850000013597,1.830499997595325,73.87179999204818,3.231499998946674
SupportRiskOnly_B10,JILONG_EI_0179,210,B10,57;202;13;105;4;10;174;50;233;176;128;235;229;91;24;68;103;171;206,0.1,19,106,19,0.0503710056588892,,False,,,0.7596822244289969,,,,19,0,56.27869999443647,2.702300000237301,71.70179999957327,2.373399998759851
SupportRiskOnly_B10,JILONG_EI_0179,220,B10,58;217;106;40;104;4;13;219;158;176;49;112;190;10;35;213;252;156;170,0.1,19,107,19,0.0703800415036258,,False,,,0.7993113625184456,,,,19,0,55.64559999038465,1.8456999969203025,71.76859999890439,3.0116999987512827
SupportRiskOnly_B10,JILONG_EI_0179,230,B10,13;57;217;104;174;219;106;4;49;177;46;10;112;51;229;156;23;135;185,0.1,19,107,19,0.0464733404292792,,False,,,0.7604525332021642,,,,19,0,54.59590000100434,1.8582999909995124,71.18569999875035,3.964200004702434
SupportRiskOnly_B10,JILONG_EI_0179,240,B10,74;13;202;105;233;157;192;235;33;4;112;35;10;66;103;161;229;190;24,0.1,19,108,19,0.0541078634821695,,False,,,0.7748538011695906,,,,19,0,54.26659999648109,1.797000004444271,69.71969999722205,2.7433999930508435
SupportRiskOnly_B10,JILONG_EI_0179,250,B10,13;57;219;217;105;192;174;49;20;112;51;91;156;10;213;102;45;99;69,0.1,19,108,19,0.0655175318360377,,False,,,0.7553606237816765,,,,19,0,54.60930000117514,1.914700013003312,70.19130000844598,2.4065000034170225
SupportRiskOnly_B10,JILONG_EI_0179,260,B10,13;74;217;88;121;219;174;192;49;3;46;128;23;35;156;213;170;99;10,0.1,19,109,19,0.0472314324876905,,False,,,0.7566393046837275,,,,19,0,55.260299996007234,1.891699997941032,70.5071999982465,2.255900006275624
SupportRiskOnly_B10,JILONG_EI_0179,270,B10,13;58;233;105;201;158;235;192;33;45;4;91;35;156;112;213;87;206;203,0.1,19,107,19,0.0533650864148371,,False,,,0.7835710772257747,,,,19,0,54.89930001203902,2.208599995356053,70.05200001003686,2.2422000038204715
SupportRiskOnly_B10,JILONG_EI_0179,280,B10,57;13;217;90;174;88;235;192;121;50;4;112;45;156;135;23;206;203;178,0.1,19,109,19,0.0396122244258792,,False,,,0.7759536455818445,,,,19,0,54.52489999879617,2.2207000001799315,72.17010000022128,2.2640000097453594
SupportRiskOnly_B10,JILONG_EI_0179,290,B10,192;74;29;217;105;157;219;251;33;119;35;128;66;23;161;190;213;4;165,0.1,19,111,19,0.0462512730586334,,False,,,0.7501185395922237,,,,19,0,54.7666000056779,1.7808000120567158,71.28129999910016,2.225500007625669
SupportRiskOnly_B10,JILONG_EI_0179,300,B10,13;233;74;192;105;202;235;158;119;23;49;172;46;51;112;20;60;229;10,0.1,19,109,19,0.0456769608931702,,False,,,0.7740222114920329,,,,19,0,55.06870000681374,1.7598999984329566,70.39850000001024,2.412500005448237
SupportRiskOnly_B10,JILONG_EI_0179,310,B10,219;233;29;104;57;90;174;192;201;49;172;35;23;60;135;3;128;213;26,0.1,19,111,19,0.0712070510218927,,False,,,0.7705073494547179,,,,19,0,54.78959999163635,1.8054000101983547,70.35279998672195,2.562600013334304
SupportRiskOnly_B10,JILONG_EI_0179,320,B10,13;218;119;105;232;58;158;192;91;23;172;46;50;112;32;3;190;72;36,0.1,19,111,19,0.0294200978627929,,False,,,0.7752489331436699,,,,19,0,55.112000001827255,2.0695999992312863,71.29139998869505,3.074199994443916
SupportRiskOnly_B10,JILONG_EI_0179,330,B10,218;119;232;174;89;58;29;192;121;23;172;34;91;66;112;60;3;213;68,0.1,19,108,19,0.0497124610424914,,False,,,0.7694931773879142,,,,19,0,55.55109999841079,1.783700005034916,72.19789999362547,3.032399996300228
SupportRiskOnly_B10,JILONG_EI_0179,340,B10,217;13;105;235;192;74;157;23;34;119;45;3;112;190;178;155;72;66;229,0.1,19,109,19,0.0455467834689986,,False,,,0.7436021245774989,,,,19,0,54.921599992667325,1.833200003602542,71.0726999968756,2.665899999556132
SupportRiskOnly_B10,JILONG_EI_0179,350,B10,217;105;235;57;119;174;192;29;34;172;23;91;3;60;161;93;213;87;185,0.1,19,108,19,0.0518335873069353,,False,,,0.7422027290448342,,,,19,0,54.20600000070408,1.8317999929422517,70.13300000107847,2.396599986241199
SupportRiskOnly_B10,JILONG_EI_0179,360,B10,13;218;105;58;158;192;232;34;46;3;23;103;172;134;91;66;190;161;213,0.1,19,105,19,0.0463967654738841,,False,,,0.743358395989975,,,,19,0,54.41079998854548,1.7993000074056908,70.75139999506064,2.2298000112641603
SupportRiskOnly_B10,JILONG_EI_0179,370,B10,105;217;235;174;13;74;192;34;46;119;23;172;3;165;41;170;72;60;161,0.1,19,106,19,0.0569870818050248,,False,,,0.7403177755710031,,,,19,0,57.51119999331422,1.7963999998755753,72.23059999523684,3.61150001117494
SupportRiskOnly_B10,JILONG_EI_0179,380,B10,105;13;217;192;174;58;235;46;35;172;135;103;49;24;4;91;128;161;196,0.1,19,105,19,0.0581969661002672,,False,,,0.7583959899749374,,,,19,0,54.9886999942828,1.717599996482022,69.97500000579748,2.303999994182959
SupportRiskOnly_B10,JILONG_EI_0179,390,B10,219;90;217;13;57;88;174;192;120;34;46;3;156;23;161;5;60;66;229,0.1,19,106,19,0.0433337672580805,,False,,,0.7725918570009932,,,,19,0,54.51839999295771,1.7561999993631616,70.6765000068117,2.204800010076724
SupportRiskOnly_B10,JILONG_EI_0179,400,B10,219;13;90;217;58;192;104;157;34;46;135;3;23;178;190;66;213;165;185,0.1,19,107,19,0.0517570123515403,,False,,,0.7525823905558289,,,,19,0,54.42280000715982,1.7642000020714477,71.33620000968222,3.048099999432452
SupportRiskOnly_B10,JILONG_EI_0179,410,B10,13;90;58;218;174;104;192;34;3;46;232;172;135;23;161;60;170;102;32,0.1,19,108,19,0.0515502599719735,,False,,,0.746588693957115,,,,19,0,54.76769999950193,1.8192999996244907,70.61090000206605,2.4662000068929046
SupportRiskOnly_B10,JILONG_EI_0179,420,B10,13;105;58;233;235;201;174;84;34;119;91;177;3;46;172;5;66;23;203,0.1,19,109,19,0.0350177271021739,,False,,,0.7957508450024143,,,,19,0,54.76309999357909,1.8431999924359843,71.62229999084957,2.8781000000890344
SupportRiskOnly_B10,JILONG_EI_0179,430,B10,105;13;219;58;217;158;34;84;192;119;46;3;91;172;60;161;5;66;206,0.1,19,107,19,0.0385172025637295,,False,,,0.7806197737333987,,,,19,0,57.45619999652263,3.032900000107474,70.66690000647213,2.4784999986877665
SupportRiskOnly_B10,JILONG_EI_0179,440,B10,90;57;217;13;174;84;219;192;34;88;120;46;206;134;172;4;178;165;24,0.1,19,110,19,0.0378356854607132,,False,,,0.7799043062200957,,,,19,0,54.84560001059435,2.40910000866279,70.92460000421852,2.198900008806959
SupportRiskOnly_B10,JILONG_EI_0179,450,B10,13;105;58;218;157;35;192;46;103;49;91;135;3;60;216;171;213;161;5,0.1,19,106,19,0.0640319777013729,,False,,,0.7547169811320755,,,,19,0,54.7190000070259,2.2979000059422106,69.75059999967925,2.248200005851686
SupportRiskOnly_B10,JILONG_EI_0179,460,B10,219;90;13;57;174;119;233;201;192;34;121;88;172;45;3;66;161;165;100,0.1,19,105,19,0.0449877862946144,,False,,,0.7964912280701754,,,,19,0,54.67720000888221,1.880299998447299,69.94529999792576,2.25430000864435
SupportRiskOnly_B10,JILONG_EI_0179,470,B10,219;74;105;13;158;217;119;34;46;177;156;41;5;60;3;206;170;72;213,0.1,19,106,19,0.0704719314500999,,False,,,0.7502482621648462,,,,19,0,54.36569999437779,1.910300008603372,70.83539999439381,2.362900006119162
SupportRiskOnly_B10,JILONG_EI_0179,480,B10,13;105;218;58;174;103;34;46;192;91;178;134;172;216;128;229;20;32;170,0.1,19,103,19,0.0490309439394751,,False,,,0.7271333673990803,,,,19,0,55.75149999640416,1.843500009272248,72.01750000240281,2.528800003346987
SupportRiskOnly_B10,JILONG_EI_0179,490,B10,13;90;217;58;157;219;35;104;192;49;46;5;171;60;161;134;190;213;165,0.1,19,105,19,0.0560222373670467,,False,,,0.7568922305764412,,,,19,0,55.80660000850912,1.845200007664971,71.96250000561122,2.3196999973151837
SupportRiskOnly_B10,JILONG_EI_0179,500,B10,13;219;105;174;217;74;103;3;34;192;46;206;172;161;66;135;60;215;212,0.1,19,108,19,0.052430871959017,,False,,,0.7534113060428851,,,,19,0,54.88540000806097,2.4338999937754124,69.69669999671169,2.8221999964443967
SupportRiskOnly_B10,JILONG_EI_0179,510,B10,29;90;235;233;158;201;58;34;120;192;134;178;61;190;88;156;165;203;212,0.1,19,107,19,0.0752808386489114,,False,,,0.7624200688637481,,,,19,0,54.20840000442695,1.747400005115196,70.24909999745432,2.382399994530715
SupportRiskOnly_B10,JILONG_EI_0179,520,B10,219;13;90;217;174;58;104;35;46;192;49;60;161;213;134;23;172;206;165,0.1,19,107,19,0.0453017436117343,,False,,,0.7702902115100836,,,,19,0,54.800300000351854,1.8148999952245504,71.47779999650083,3.1854999979259446
SupportRiskOnly_B10,JILONG_EI_0179,530,B10,13;219;105;58;157;217;34;103;46;192;91;134;178;3;171;206;66;212;215,0.1,19,106,19,0.0548506405495018,,False,,,0.7611717974180735,,,,19,0,54.63279999094084,1.7374000017298386,70.57879999047145,2.2555000032298267
SupportRiskOnly_B10,JILONG_EI_0179,540,B10,13;106;74;235;217;174;176;34;119;3;206;45;172;112;178;165;66;213;68,0.1,19,106,19,0.0528443767181505,,False,,,0.7571996027805362,,,,19,0,55.10589999903459,1.8016000103671104,72.34710000921041,3.1564999953843653
SupportRiskOnly_B10,JILONG_EI_0179,550,B10,13;90;219;3;233;174;57;201;34;121;103;46;192;206;156;60;134;5;178,0.1,19,104,19,0.0513052201147092,,False,,,0.7995951417004048,,,,19,0,55.37529999855906,1.753899996401742,70.86330000311136,2.260799999930896
SupportRiskOnly_B10,JILONG_EI_0179,560,B10,219;13;105;174;58;46;34;91;3;217;192;103;178;213;5;171;206;165;72,0.1,19,104,19,0.0436706970618189,,False,,,0.7722672064777327,,,,19,0,54.449799994472414,1.834499998949468,70.49129999359138,2.7575000131037086
SupportRiskOnly_B10,JILONG_EI_0179,570,B10,29;219;157;105;74;3;217;35;192;119;49;178;190;5;41;165;60;212;215,0.1,19,102,19,0.0724475652992932,,False,,,0.7389060887512899,,,,19,0,54.38950000097975,1.8275000038556757,70.73799999488983,2.236899992567487
SupportRiskOnly_B10,JILONG_EI_0179,580,B10,13;90;174;235;46;57;202;121;233;34;192;3;103;206;5;178;213;172;68,0.1,19,102,19,0.0469481051527287,,False,,,0.8018575851393188,,,,19,0,54.62919999263249,2.619599996251054,72.18559998727869,3.0184000061126426
SupportRiskOnly_B10,JILONG_EI_0179,590,B10,219;13;58;105;84;158;251;46;217;3;34;176;119;178;60;165;190;91;5,0.1,19,104,19,0.039864921778683,,False,,,0.8081983805668016,,,,19,0,54.23979999613948,1.7733999993652103,70.57670000358485,2.22609999764245
SupportRiskOnly_B10,JILONG_EI_0179,600,B10,13;251;174;84;218;74;3;105;46;192;103;35;178;216;165;134;49;213;5,0.1,19,104,19,0.0472008025055325,,False,,,0.7920040485829959,,,,19,0,56.49329999869224,1.7619999998714777,70.63000000198372,2.3687000066274777
SupportRiskOnly_B10,JILONG_EI_0179,610,B10,13;90;84;157;251;218;57;46;3;121;88;119;177;51;206;165;213;216;44,0.1,19,103,19,0.0699435642578738,,False,,,0.8124680633622893,,,,19,0,55.12760000419803,1.7770999984350055,71.16949999181088,2.3358000034932047
SupportRiskOnly_B10,JILONG_EI_0179,620,B10,13;174;3;84;219;217;119;90;57;178;34;46;88;121;156;176;60;165;213,0.1,19,104,19,0.048533206729407,,False,,,0.8041497975708501,,,,19,0,54.15909999283031,1.7567000031704083,70.67249999090564,2.392199996393174
SupportRiskOnly_B10,JILONG_EI_0179,630,B10,13;218;74;3;119;105;158;206;161;35;41;46;49;213;68;216;172;165;44,0.1,19,100,19,0.0914764417149727,,False,,,0.7626315789473685,,,,19,0,54.23809999774676,1.7148000042652711,71.17030001245439,3.016499991645105
SupportRiskOnly_B10,JILONG_EI_0179,640,B10,29;58;174;89;235;233;201;161;103;3;121;206;34;134;91;213;36;61;203,0.1,19,100,19,0.074070954353669,,False,,,0.7989473684210526,,,,19,0,54.428199990070425,1.7364999948767943,71.12320000305772,3.175799996824935
SupportRiskOnly_B10,JILONG_EI_0179,650,B10,13;219;58;46;105;217;157;178;3;34;119;213;44;66;206;91;52;170;166,0.1,19,102,19,0.0800131708923279,,False,,,0.7657378740970072,,,,19,0,54.27139998937491,1.8648000113898888,71.89960000687279,3.3453999931225558
SupportRiskOnly_B10,JILONG_EI_0179,660,B10,13;57;235;174;119;161;89;217;46;49;19;60;206;121;213;203;91;156;166,0.1,19,101,19,0.0486557266580392,,False,,,0.7863470557582074,,,,19,0,55.437199989683,2.556000006734393,71.5687999909278,3.217299992684275
SupportRiskOnly_B10,JILONG_EI_0179,670,B10,13;58;3;46;90;174;235;161;103;217;35;192;121;49;134;213;5;206;203,0.1,19,101,19,0.0398955517608411,,False,,,0.7967691505992704,,,,19,0,54.19000000983942,1.9207000004826116,70.57729999360163,2.268099997309037
SupportRiskOnly_B10,JILONG_EI_0179,680,B10,219;13;58;90;158;178;3;104;34;217;190;46;134;66;102;213;128;100;24,0.1,19,101,19,0.0652571769876944,,False,,,0.7665450755601876,,,,19,0,54.07959999865852,1.740300009259954,70.66700000723358,2.4547000066377223
SupportRiskOnly_B10,JILONG_EI_0179,690,B10,13;174;74;219;105;3;46;161;35;103;233;201;41;60;49;213;134;206;156,0.1,19,101,19,0.0749209363585545,,False,,,0.7863470557582075,,,,19,0,54.977099993266165,2.911200004746206,70.06559999717865,2.2232000046642497
SupportRiskOnly_B10,JILONG_EI_0179,700,B10,13;74;219;157;3;178;46;121;217;119;34;88;213;190;44;41;166;155;185,0.1,19,101,19,0.0854499927253792,,False,,,0.761334028139656,,,,19,0,54.10830001346767,1.7905999993672594,70.94029999279883,2.9269999940879643
SupportRiskOnly_B10,JILONG_EI_0179,710,B10,13;219;58;174;46;89;161;3;217;120;206;34;91;5;165;213;172;102;60,0.1,19,99,19,0.0536254412631804,,False,,,0.7836257309941521,,,,19,0,55.35059999965597,2.4255000025732443,70.5523000069661,2.9503000114345923
SupportRiskOnly_B10,JILONG_EI_0179,720,B10,13;219;74;46;3;158;161;105;233;34;103;206;201;213;165;44;100;170;172,0.1,19,100,19,0.084423888323085,,False,,,0.7647368421052632,,,,19,0,54.21990000468213,1.7751999985193834,70.14730000810232,2.6513999910093844
SupportRiskOnly_B10,JILONG_EI_0179,730,B10,13;90;58;174;218;178;35;88;3;46;120;206;213;33;216;176;23;44;165,0.1,19,101,19,0.0644378249649669,,False,,,0.7931214174048984,,,,19,0,55.58109999401495,2.395700008491985,71.46079999802168,3.227400011382997
SupportRiskOnly_B10,JILONG_EI_0179,740,B10,219;13;74;46;105;161;174;3;233;103;206;34;213;201;60;66;156;165;179,0.1,19,100,19,0.0790023814811127,,False,,,0.7589473684210527,,,,19,0,56.41200000536628,1.7484999989392236,70.73350000428036,2.4530000082449988
SupportRiskOnly_B10,JILONG_EI_0179,750,B10,13;57;235;90;161;46;233;157;3;104;190;202;34;213;44;171;215;102;93,0.1,19,98,19,0.0863382622079622,,False,,,0.761546723952739,,,,19,0,55.0614000094356,1.7591999931028113,70.603400003165,2.7713000017683957
SupportRiskOnly_B10,JILONG_EI_0179,760,B10,13;219;74;174;105;178;46;217;192;3;103;206;35;49;213;165;41;44;172,0.1,19,100,19,0.0802122657763551,,False,,,0.7773684210526316,,,,19,0,54.77479999535717,1.7726999940350652,70.67109999479726,2.374899995629676
SupportRiskOnly_B10,JILONG_EI_0179,770,B10,13;219;90;58;233;161;121;158;46;34;3;206;88;213;201;165;134;32;172,0.1,19,101,19,0.0460138906969086,,False,,,0.7863470557582074,,,,19,0,54.799400008050725,1.7814000020734966,72.02239999605808,2.371900001890026
SupportRiskOnly_B10,JILONG_EI_0179,780,B10,13;219;74;46;105;178;3;174;233;103;49;213;35;156;206;100;165;60;134,0.1,19,101,19,0.062768490937354,,False,,,0.7691505992704534,,,,19,0,54.71929999475833,1.731299998937175,71.90119998995215,2.7387000009184703
SupportRiskOnly_B10,JILONG_EI_0179,790,B10,13;58;219;46;90;161;174;3;217;49;119;35;213;88;206;121;44;165;172,0.1,19,103,19,0.0598050401635641,,False,,,0.7838528359734289,,,,19,0,54.69479999737814,2.177699992898852,70.8293999923626,2.275300008477643
SupportRiskOnly_B10,JILONG_EI_0179,800,B10,219;13;90;84;57;46;3;178;157;233;103;190;213;35;44;201;121;49;166,0.1,19,103,19,0.0769808026586824,,False,,,0.7966274910577414,,,,19,0,54.66769999475218,1.7869000002974644,72.27899999998044,3.0445000011241063
SupportRiskOnly_B10,JILONG_EI_0179,810,B10,13;74;84;218;46;174;105;161;19;103;213;50;60;216;206;128;41;165;134,0.1,19,102,19,0.0636797329065555,,False,,,0.7781217750257997,,,,19,0,54.59759999939706,1.809199995477684,70.56740000552963,2.267899995786138
SupportRiskOnly_B10,JILONG_EI_0179,820,B10,219;13;84;57;106;46;217;158;178;3;104;35;190;213;128;49;166;172;44,0.1,19,105,19,0.065372039420787,,False,,,0.7899749373433584,,,,19,0,55.985400002100505,1.7643999890424311,70.67709999682847,2.5247000012313947
SupportRiskOnly_B10,JILONG_EI_0179,830,B10,13;105;74;84;219;174;161;217;3;103;46;35;213;5;49;206;128;44;135,0.1,19,103,19,0.0632126256786455,,False,,,0.7945835462442514,,,,19,0,54.41700000665151,1.7979999975068497,72.08249998802785,2.680100005818531
SupportRiskOnly_B10,JILONG_EI_0179,840,B10,29;90;58;219;174;178;104;3;217;34;213;176;61;100;144;66;156;32;93,0.1,19,101,19,0.0721029780000153,,False,,,0.7540385617509119,,,,19,0,54.66069999965839,1.797800010535866,71.71679999737535,3.068999998504296
SupportRiskOnly_B10,JILONG_EI_0179,850,B10,219;13;90;46;57;217;161;158;88;3;120;35;190;213;60;128;49;165;100,0.1,19,100,19,0.055003790460292,,False,,,0.7857894736842105,,,,19,0,54.904000004171394,1.896299989311956,70.3067000140436,2.2793999960413203
SupportRiskOnly_B10,JILONG_EI_0179,860,B10,13;90;235;58;46;174;3;103;178;217;121;128;34;213;203;135;44;32;172,0.1,19,102,19,0.0639018002772013,,False,,,0.7868937048503613,,,,19,0,54.36439999903087,1.96690000302624,72.30100000742823,3.208099995390512
SupportRiskOnly_B10,JILONG_EI_0179,870,B10,13;219;74;46;157;105;3;161;233;192;201;103;128;35;213;190;44;49;165,0.1,19,104,19,0.078389781837952,,False,,,0.8066801619433199,,,,19,0,54.42770000081509,3.0134999979054555,69.93769999826327,2.268800002639182
SupportRiskOnly_B10,JILONG_EI_0179,880,B10,13;219;174;89;57;46;217;192;3;161;128;103;91;35;213;134;206;49;44,0.1,19,103,19,0.0637103628887136,,False,,,0.8094021461420542,,,,19,0,54.74329998833127,2.518900000723079,70.1820999966003,2.289199997903779
SupportRiskOnly_B10,JILONG_EI_0179,890,B10,219;90;57;13;232;46;3;158;178;192;88;128;120;35;213;190;201;44;134,0.1,19,102,19,0.0700354542043479,,False,,,0.8003095975232197,,,,19,0,55.67689999588765,2.701699995668605,70.75249998888467,2.742900003795512
SupportRiskOnly_B10,JILONG_EI_0179,900,B10,219;13;232;90;58;174;3;161;46;103;34;128;135;165;44;213;121;201;100,0.1,19,101,19,0.0718196506650534,,False,,,0.77853048462741,,,,19,0,55.03920000046492,2.5908000097842887,70.49370001186617,2.3244999902090058
SupportRiskOnly_B10,JILONG_EI_0179,910,B10,232;13;74;219;105;174;3;161;103;46;35;128;165;41;201;213;156;44;134,0.1,19,99,19,0.0911165394246157,,False,,,0.758107389686337,,,,19,0,54.70870000135619,2.778199996100738,70.97220000287052,2.330999996047467
SupportRiskOnly_B10,JILONG_EI_0179,920,B10,219;13;232;58;90;174;3;46;161;88;120;51;128;60;116;166;201;32;213,0.1,19,99,19,0.0639936902236754,,False,,,0.746943115364168,,,,19,0,56.4623000100255,1.84760001138784,69.96090000029653,2.252199992653914
SupportRiskOnly_B10,JILONG_EI_0179,930,B10,13;232;90;235;57;158;46;4;104;178;33;190;203;128;44;35;68;100;135,0.1,19,98,19,0.070533191414416,,False,,,0.7669172932330827,,,,19,0,54.69159998756368,2.0050999883096665,70.07529999827966,2.2929999977350235
SupportRiskOnly_B10,JILONG_EI_0179,940,B10,219;74;13;105;232;251;46;161;174;3;103;34;128;201;93;213;41;32;135,0.1,19,102,19,0.058901455689902,,False,,,0.7930856553147575,,,,19,0,54.444000008516014,1.959200002602301,70.23460000345949,2.418099989881739
SupportRiskOnly_B10,JILONG_EI_0179,950,B10,13;219;233;251;90;174;58;4;178;46;121;103;128;33;35;156;165;213;134,0.1,19,101,19,0.0484030293052354,,False,,,0.7998957790515893,,,,19,0,55.36670000583399,1.834100010455586,70.36949999746867,2.611899995827116
SupportRiskOnly_B10,JILONG_EI_0179,960,B10,219;13;74;217;128;46;3;104;157;106;161;33;190;165;35;44;170;5;66,0.1,19,99,19,0.0702345490883751,,False,,,0.7825624667729931,,,,19,0,55.50200000288896,1.9616000063251704,71.43949999590404,2.6227999915136024
SupportRiskOnly_B10,JILONG_EI_0179,970,B10,219;13;90;58;233;128;46;33;192;3;103;158;161;134;165;190;35;44;201,0.1,19,100,19,0.0682972027168794,,False,,,0.8021052631578948,,,,19,0,54.97189999732655,2.0656999986385927,70.4968999925768,2.290400007041171
SupportRiskOnly_B10,JILONG_EI_0179,980,B10,219;13;232;90;128;174;33;192;4;104;57;178;46;165;44;201;35;100;134,0.1,19,100,19,0.0625923685399453,,False,,,0.7810526315789473,,,,19,0,55.09399999573361,1.758799990057014,69.51889999618288,2.3883999965619296
SupportRiskOnly_B10,JILONG_EI_0179,990,B10,219;13;232;46;128;105;74;33;192;3;158;190;161;103;35;44;165;100;134,0.1,19,102,19,0.0656400517646698,,False,,,0.8008255933952528,,,,19,0,55.576300001121126,1.763699998264201,70.8504000067478,2.37129999732133
SupportRiskOnly_B10,JILONG_EI_0179,1000,B10,13;90;219;58;128;46;217;104;174;192;3;50;178;206;165;60;32;135;156,0.1,19,104,19,0.0429508924811051,,False,,,0.7970647773279351,,,,19,0,55.48570000973996,2.223999996203929,70.33190000220202,2.341799990972504
SupportRiskOnly_B10,JILONG_EI_0179,1010,B10,219;13;128;104;57;46;157;233;106;177;3;50;190;135;165;201;44;32;93,0.1,19,104,19,0.0666125536981874,,False,,,0.7909919028340081,,,,19,0,55.573600009665824,1.900600007502362,72.92469999811146,3.701199995703064
SupportRiskOnly_B10,JILONG_EI_0179,1020,B10,219;13;128;104;57;90;174;46;233;161;50;4;44;135;166;116;69;102;156,0.1,19,103,19,0.0841405609881232,,False,,,0.7777210015329586,,,,19,0,55.5783000017982,1.8592999986140055,71.36940000054892,2.3927999864099547
SupportRiskOnly_B10,JILONG_EI_0179,1030,B10,219;13;104;74;128;46;233;174;35;3;33;178;44;176;23;165;66;134;41,0.1,19,101,19,0.0720340605401597,,False,,,0.7847837415320479,,,,19,0,56.36180000146851,1.9761000003200024,75.23419999051839,3.6868999886792153
SupportRiskOnly_B10,JILONG_EI_0179,1040,B10,219;13;104;46;57;128;217;158;161;50;90;190;165;3;135;44;100;156;170,0.1,19,100,19,0.0740939268402876,,False,,,0.7778947368421053,,,,19,0,55.35670000244863,1.8198000034317372,71.22889999300241,2.395899995462969
SupportRiskOnly_B10,JILONG_EI_0179,1050,B10,219;29;84;90;88;232;128;58;121;3;50;174;161;61;135;201;206;171;165,0.1,19,102,19,0.0608847470346348,,False,,,0.7941176470588235,,,,19,0,54.858499992406,1.797500008251518,71.0895999945933,2.47349998971913
SupportRiskOnly_B10,JILONG_EI_0179,1060,B10,219;13;46;74;105;103;128;233;50;190;178;158;3;44;134;165;41;185;93,0.1,19,100,19,0.0845693807383357,,False,,,0.788421052631579,,,,19,0,56.730500000412576,1.796700002159923,70.64559998980258,2.510300007998012
SupportRiskOnly_B10,JILONG_EI_0179,1070,B10,219;13;90;128;104;232;46;58;50;174;161;3;134;44;165;156;170;199;23,0.1,19,98,19,0.0635572129779234,,False,,,0.7599355531686358,,,,19,0,55.8782999869436,1.8027000041911376,71.9470000040019,2.850899996701628
SupportRiskOnly_B10,JILONG_EI_0179,1080,B10,219;30;58;217;50;89;128;103;121;91;174;3;161;206;44;134;165;171;199,0.1,19,98,19,0.0602721473914741,,False,,,0.7567132116004297,,,,19,0,55.95899999025278,2.385100000537932,72.13650000630878,3.1890999962342903
SupportRiskOnly_B10,JILONG_EI_0179,1090,B10,219;13;46;74;217;50;104;128;106;190;178;157;3;44;41;134;165;229;100,0.1,19,98,19,0.0777695246992518,,False,,,0.7701396348012889,,,,19,0,54.29240000376012,1.733899989631027,71.38929999200627,3.026299993507564
SupportRiskOnly_B10,JILONG_EI_0179,1100,B10,219;13;232;104;90;50;57;46;158;128;190;161;3;165;201;44;134;100;170,0.1,19,98,19,0.0725624277323858,,False,,,0.7674543501611172,,,,19,0,55.45299999357667,2.3745000071357936,70.88889999431558,2.4224999942816794
SupportRiskOnly_B10,JILONG_EI_0179,1110,B10,219;29;74;174;49;217;104;35;3;106;112;178;61;206;41;134;144;100;199,0.1,19,100,19,0.0720570330267782,,False,,,0.7594736842105264,,,,19,0,55.87830000149552,2.296599996043369,70.4402000119444,2.227399992989376
SupportRiskOnly_B10,JILONG_EI_0179,1120,B10,219;13;46;58;217;104;50;174;90;128;3;161;72;44;100;199;23;69;102,0.1,19,99,19,0.0655941067914328,,False,,,0.7501329080276449,,,,19,0,54.629700010991655,1.903299998957664,70.19100000616163,2.2207000001799315
SupportRiskOnly_B10,JILONG_EI_0179,1130,B10,219;30;50;74;233;104;128;157;3;178;201;72;135;44;190;41;100;78;23,0.1,19,97,19,0.1046779640250859,,False,,,0.7189365165491047,,,,19,0,54.10419999680016,1.8540000019129368,72.02770000731107,2.7834000065922737
SupportRiskOnly_B10,JILONG_EI_0179,1140,B10,219;13;46;50;58;104;128;217;90;174;161;20;23;206;72;165;44;78;100,0.1,19,100,19,0.0781064545029902,,False,,,0.7689473684210526,,,,19,0,54.25909999758005,1.6513000009581449,70.41110000864137,2.202600007876754
SupportRiskOnly_B10,JILONG_EI_0179,1150,B10,219;58;104;13;46;50;232;90;3;158;112;177;23;190;72;100;135;165;44,0.1,19,100,19,0.0580821036671746,,False,,,0.756842105263158,,,,19,0,54.225600004429,1.7762000061338767,69.90699999732897,2.25569999020081
SupportRiskOnly_B10,JILONG_EI_0179,1160,B10,219;13;74;217;46;35;104;49;206;128;174;178;23;3;72;135;78;165;44,0.1,19,100,19,0.0812460276741888,,False,,,0.7642105263157895,,,,19,0,55.31670000345912,1.971399993635714,72.68399999884423,2.383299986831844
SupportRiskOnly_B10,JILONG_EI_0179,1170,B10,219;104;58;90;29;50;232;128;3;61;100;158;161;23;165;72;134;190;102,0.1,19,98,19,0.068427380141051,,False,,,0.7551020408163264,,,,19,0,54.3957999907434,1.7207000055350363,69.82730000163428,2.231699996627867
SupportRiskOnly_B10,JILONG_EI_0179,1180,B10,219;13;104;46;58;50;232;128;90;3;157;178;23;206;44;72;100;134;78,0.1,19,101,19,0.0805951405533306,,False,,,0.7639395518499219,,,,19,0,54.466000001411885,1.7702000041026622,71.53950000065379,3.0115000117802992
SupportRiskOnly_B10,JILONG_EI_0179,1190,B10,219;30;104;58;90;232;50;174;128;100;161;72;78;4;133;135;156;44;213,0.1,19,102,19,0.1028325076000643,,False,,,0.7497420020639834,,,,19,0,54.08859999442939,1.7444999975850806,70.07879999582656,2.30320000264328
SupportRiskOnly_B10,JILONG_EI_0179,1200,B10,219;13;46;104;232;74;35;49;100;174;178;135;166;78;3;206;128;72;44,0.1,19,99,19,0.0815293550091507,,False,,,0.7623604465709729,,,,19,0,53.9957000000868,1.7154000088339671,70.72840000910219,2.2536000033142045
SupportRiskOnly_B10,JILONG_EI_0179,1210,B10,219;232;57;104;46;90;13;3;50;174;128;100;177;135;165;44;78;171;201,0.1,19,98,19,0.0882526360928394,,False,,,0.7674543501611172,,,,19,0,54.13859999680426,1.778100006049499,70.57419999910053,3.3164000051328912
SupportRiskOnly_B10,JILONG_EI_0179,1220,B10,219;232;104;58;13;3;50;90;46;161;158;128;206;78;72;134;156;60;100,0.1,19,98,19,0.0692773621459365,,False,,,0.7491944146079484,,,,19,0,54.22979999275413,1.7540000117151069,71.32060000731144,2.8910999972140417
SupportRiskOnly_B10,JILONG_EI_0179,1230,B10,219;13;232;104;46;57;50;90;174;128;3;178;100;176;206;44;78;135;156,0.1,19,99,19,0.0820883521835348,,False,,,0.7639553429027114,,,,19,0,54.45080000208691,1.791699993191287,71.9834999908926,3.507499990519136
SupportRiskOnly_B10,JILONG_EI_0179,1240,B10,219;104;217;29;57;35;90;49;112;61;177;100;3;174;206;135;172;165;170,0.1,19,98,19,0.066696786149122,,False,,,0.7282491944146079,,,,19,0,54.495699994731694,1.7577999969944358,70.41939999908209,2.25210000644438
SupportRiskOnly_B10,JILONG_EI_0179,1250,B10,219;13;104;232;46;57;90;161;3;35;128;33;44;100;78;206;158;201;166,0.1,19,100,19,0.0872724766637823,,False,,,0.7742105263157895,,,,19,0,54.79120000381954,1.7758999892976135,70.12590000522323,2.275599996210076
SupportRiskOnly_B10,JILONG_EI_0179,1260,B10,219;232;105;30;103;3;57;78;91;34;128;206;135;178;165;158;66;172;100,0.1,19,101,19,0.0705561639010345,,False,,,0.7436164669098488,,,,19,0,54.928300000028685,1.7924999992828816,70.60510000155773,2.2262999991653487
SupportRiskOnly_B10,JILONG_EI_0179,1270,B10,219;13;46;90;217;58;88;121;119;206;35;78;174;161;3;100;49;44;166,0.1,19,101,19,0.0770190901363799,,False,,,0.802501302761855,,,,19,0,55.40569999720901,2.401999998255633,70.81210000615101,2.267500007292256
SupportRiskOnly_B10,JILONG_EI_0179,1280,B10,219;13;104;232;57;2;90;46;128;34;161;174;78;206;20;166;133;100;135,0.1,19,103,19,0.0706174238653506,,False,,,0.7761880429228412,,,,19,0,54.84199999773409,1.7985000013140962,71.45000000309665,2.244299990707077
SupportRiskOnly_B10,JILONG_EI_0179,1290,B10,235;203;13;46;104;232;74;3;178;78;34;128;174;44;41;206;72;100;165,0.1,19,101,19,0.0934750480507845,,False,,,0.7759249609171444,,,,19,0,54.14400000881869,1.7653999966569245,69.96799999615178,2.442999990307726
SupportRiskOnly_B10,JILONG_EI_0179,1300,B10,219;58;104;217;13;2;106;78;35;177;46;158;166;49;206;72;100;134;172,0.1,19,103,19,0.0591541530427058,,False,,,0.7761880429228412,,,,19,0,54.61230000946671,1.7303999920841306,69.69609999214299,2.2938999900361523
SupportRiskOnly_B10,JILONG_EI_0179,1310,B10,219;13;90;217;104;3;78;57;161;46;34;128;100;44;174;206;135;166;155,0.1,19,99,19,0.0781906869539248,,False,,,0.7788410419989368,,,,19,0,54.78649999713525,1.7265999922528863,70.70209999801591,2.904199995100498
SupportRiskOnly_B10,JILONG_EI_0179,1320,B10,235;13;217;105;74;103;203;2;35;178;78;46;166;158;206;135;155;33;112,0.1,19,101,19,0.0666125536981874,,False,,,0.7910369984366858,,,,19,0,55.18640000082087,1.8213000003015625,70.84630000463221,2.371900001890026
SupportRiskOnly_B10,JILONG_EI_0179,1330,B10,219;13;90;104;3;57;217;78;50;177;174;206;155;165;44;100;112;213;102,0.1,19,99,19,0.0942407976047354,,False,,,0.7644869750132909,,,,19,0,55.09000000893138,1.762499989126809,71.65120000718161,2.5741999997990206
SupportRiskOnly_B10,JILONG_EI_0179,1340,B10,219;13;217;121;74;174;3;88;78;177;166;100;206;35;46;155;33;5;44,0.1,19,99,19,0.0802964982272897,,False,,,0.7522594364699628,,,,19,0,54.55620000429917,1.749500006553717,69.94070000655483,2.64469999819994
SupportRiskOnly_B10,JILONG_EI_0179,1350,B10,219;13;217;58;104;2;106;46;78;34;178;158;155;206;128;100;20;133;166,0.1,19,99,19,0.0780145645565161,,False,,,0.757044125465178,,,,19,0,54.40049999742769,2.2335999965434894,70.08639999548905,2.3747999948682263
SupportRiskOnly_B10,JILONG_EI_0179,1360,B10,219;13;3;217;58;104;90;161;78;34;174;166;155;206;44;46;134;185;199,0.1,19,97,19,0.079216791356219,,False,,,0.7400976668475312,,,,19,0,54.14650001330301,1.7742000054568052,70.4229000111809,2.257500003906898
SupportRiskOnly_B10,JILONG_EI_0179,1370,B10,219;30;217;58;2;89;120;78;91;35;178;158;206;155;100;4;165;229;49,0.1,19,101,19,0.0676233431094026,,False,,,0.7441375716519021,,,,19,0,54.23769999470096,1.8063999887090176,70.02740001189522,2.273100006277673
SupportRiskOnly_B10,JILONG_EI_0179,1380,B10,219;13;104;46;217;57;106;3;78;35;177;157;44;206;229;171;68;199;23,0.1,19,98,19,0.0934367605730869,,False,,,0.7529538131041891,,,,19,0,54.59040000278037,1.8054999964078888,70.03889999759849,3.0916000105207786
SupportRiskOnly_B10,JILONG_EI_0179,1390,B10,219;13;233;74;103;106;78;161;3;34;201;174;206;46;166;155;134;44;229,0.1,19,99,19,0.0870504092931366,,False,,,0.7607655502392344,,,,19,0,54.70179999247193,1.6903000068850815,70.90690000040922,3.6485000018728897
SupportRiskOnly_B10,JILONG_EI_0179,1400,B10,13;235;84;104;203;217;74;106;46;78;3;50;178;166;206;128;44;158;155,0.1,19,100,19,0.0804726206246984,,False,,,0.8110526315789474,,,,19,0,54.672699989168905,1.8469999922672289,69.74930000433233,2.347900008317083
SupportRiskOnly_B10,JILONG_EI_0179,1410,B10,219;217;29;2;106;88;58;120;78;166;100;177;35;206;155;229;133;174;199,0.1,19,99,19,0.0752119211890559,,False,,,0.7628920786815524,,,,19,0,54.66339999111369,2.297400002134964,71.43869998981245,3.049299994017929
SupportRiskOnly_B10,JILONG_EI_0179,1420,B10,219;13;58;232;46;3;120;106;78;166;155;177;44;200;206;88;100;174;35,0.1,19,97,19,0.0805951405533306,,False,,,0.7748236570808464,,,,19,0,54.0132000023732,1.7736000008881092,72.32159998966381,3.8179999974090606
SupportRiskOnly_B10,JILONG_EI_0179,1430,B10,13;84;219;104;58;217;2;106;78;166;174;161;229;206;135;155;44;49;23,0.1,19,99,19,0.0746376090235927,,False,,,0.7666135034556086,,,,19,0,55.07450000732206,1.7594999953871593,71.00609999906737,2.4074999964796007
SupportRiskOnly_B10,JILONG_EI_0179,1440,B10,219;3;216;29;121;89;57;174;103;166;61;178;91;100;206;49;155;135;229,0.1,19,99,19,0.0698057293381626,,False,,,0.784688995215311,,,,19,0,54.90839999401942,1.6940999921644109,70.30599999416154,2.3283999908016995
SupportRiskOnly_B10,JILONG_EI_0189,10,B10,78;219;57;106;217;84;4;128;13;50;119;251;10;156;192;158;206;213;178,0.1,19,115,19,0.0633964055715937,,False,,,0.8407322654462243,,,,19,0,55.20620000606869,1.7913000046974048,70.6410999991931,2.270400000270456
SupportRiskOnly_B10,JILONG_EI_0189,20,B10,58;219;106;13;217;128;84;4;33;104;251;77;66;35;134;157;10;177;155,0.1,19,114,19,0.054957845487055,,False,,,0.8541089566020313,,,,19,0,55.40729999484029,2.600499996333383,71.5667000040412,3.0706000106874853
SupportRiskOnly_B10,JILONG_EI_0189,30,B10,219;57;77;90;217;112;29;251;49;119;35;157;177;121;100;10;3;206;68,0.1,19,115,19,0.0646522348400732,,False,,,0.8247139588100686,,,,19,0,54.17709999892395,1.91869999980554,70.83890000649262,2.2135999897727743
SupportRiskOnly_B10,JILONG_EI_0189,40,B10,74;219;77;217;105;50;112;13;174;251;20;177;46;134;156;102;10;185;44,0.1,19,115,19,0.0910552794602997,,False,,,0.8041189931350115,,,,19,0,54.75590001151431,1.7322000057902187,70.49680000636727,2.2185999987414107
SupportRiskOnly_B10,JILONG_EI_0189,50,B10,57;219;61;232;201;106;13;128;66;104;158;156;34;5;192;135;178;133;69,0.1,19,111,19,0.0903431323751254,,False,,,0.8330962541488858,,,,19,0,56.84309999924153,1.754500000970438,70.90780000726227,2.211900005931966
SupportRiskOnly_B10,JILONG_EI_0189,60,B10,58;235;106;61;217;29;104;50;156;203;158;185;19;213;112;52;179;190;215,0.1,19,109,19,0.0986438575399529,,False,,,0.8150651859005311,,,,19,0,55.13680000149179,1.8112999969162047,70.7583000039449,3.0226999951992184
SupportRiskOnly_B10,JILONG_EI_0189,70,B10,60;219;105;217;74;251;49;156;215;51;13;103;213;158;176;46;186;99;41,0.1,19,111,19,0.0774479098865924,,False,,,0.8074917022285444,,,,19,0,55.65159999241587,2.1704999962821603,70.80119999591261,3.3361999958287925
SupportRiskOnly_B10,JILONG_EI_0189,80,B10,44;235;90;58;201;13;121;156;35;49;158;203;88;119;177;170;233;229;165,0.1,19,108,19,0.0807406329685812,,False,,,0.8060428849902533,,,,19,0,54.44980000902433,1.7772999999579042,69.95389999065083,2.214000007370487
SupportRiskOnly_B10,JILONG_EI_0189,90,B10,44;218;57;121;216;91;156;33;170;174;20;134;214;252;177;66;68;112;89,0.1,19,104,19,0.0879233637846405,,False,,,0.7651821862348178,,,,19,0,55.09499998879619,2.50899999809917,69.87509998725727,2.2093000006861985
SupportRiskOnly_B10,JILONG_EI_0189,100,B10,28;218;121;33;216;214;61;156;58;91;170;158;206;36;252;161;71;100;26,0.1,19,102,19,0.1370155676884318,,False,,,0.7848297213622292,,,,19,0,55.253599988645874,1.8595000001369044,70.53159999486525,2.2637000074610114
SupportRiskOnly_B10,JILONG_EI_0189,110,B10,28;218;106;104;58;156;174;232;170;128;49;252;20;60;51;213;178;176;25,0.1,19,101,19,0.0965150737799695,,False,,,0.7707139134966128,,,,19,0,54.35209999268409,2.542300004279241,69.82150000112597,2.212000006693416
SupportRiskOnly_B10,JILONG_EI_0189,120,B10,13;235;217;27;120;106;58;158;203;155;35;61;185;88;49;212;102;147;69,0.1,19,102,19,0.0970357834766561,,False,,,0.7858617131062952,,,,19,0,53.95899999712128,1.7383000085828826,70.47729998885188,2.227499993750825
SupportRiskOnly_B10,JILONG_EI_0189,130,B10,27;202;235;106;120;58;13;174;212;155;61;233;34;88;200;4;133;177;52,0.1,19,105,19,0.0977479305618304,,False,,,0.7789473684210526,,,,19,0,54.353299987269565,1.771399998688139,72.08830000308808,3.2513000041944906
SupportRiskOnly_B10,JILONG_EI_0189,140,B10,217;27;4;219;105;58;174;29;91;192;212;135;186;156;35;252;66;60;69,0.1,19,105,19,0.0713678584282224,,False,,,0.8165413533834587,,,,19,0,55.69259999901988,1.7207000055350363,69.97630000114441,2.24980000348296
SupportRiskOnly_B10,JILONG_EI_0189,150,B10,4;202;27;58;106;235;104;13;158;176;134;200;155;35;33;212;45;165;68,0.1,19,103,19,0.0718502806472115,,False,,,0.8042922841083291,,,,19,0,54.25130001094658,1.882099997601472,70.40430000051856,2.3059999948600307
SupportRiskOnly_B10,JILONG_EI_0189,160,B10,4;57;202;26;106;174;29;120;192;233;88;35;156;170;235;112;49;213;60,0.1,19,102,19,0.0774096224088949,,False,,,0.8013415892672858,,,,19,0,56.60269998770673,2.414699993096292,70.5932999990182,2.234500003396533
SupportRiskOnly_B10,JILONG_EI_0189,170,B10,58;4;26;90;217;13;219;121;174;88;185;177;156;135;49;229;35;102;45,0.1,19,101,19,0.0807789204462788,,False,,,0.7998957790515894,,,,19,0,54.41379999683704,1.7494000057922676,70.14490000437945,2.7280999929644167
SupportRiskOnly_B10,JILONG_EI_0189,180,B10,57;4;10;202;90;157;13;235;121;192;233;34;155;60;165;88;134;32;112,0.1,19,105,19,0.0403932889709091,,False,,,0.7829573934837092,,,,19,0,54.81899999722373,1.736600010190159,70.08480001240969,2.2896000009495765
SupportRiskOnly_B10,JILONG_EI_0189,190,B10,58;25;4;217;106;174;219;104;13;192;185;156;35;60;166;66;100;32;135,0.1,19,104,19,0.0672174958458086,,False,,,0.7687246963562753,,,,19,0,54.95989999326412,1.78829999640584,69.9702999991132,2.242100003059022
SupportRiskOnly_B10,JILONG_EI_0189,200,B10,57;217;13;219;4;25;106;157;192;104;50;185;190;60;23;102;171;213;179,0.1,19,103,19,0.0942101676225773,,False,,,0.7838528359734288,,,,19,0,55.69400000968017,1.8314000044483687,70.45569999900181,2.259699991554953
SupportRiskOnly_B10,JILONG_EI_0189,210,B10,74;217;4;13;10;106;219;158;41;104;192;49;60;170;156;35;101;215;71,0.1,19,103,19,0.1106201805637448,,False,,,0.7726111394992335,,,,19,0,54.73340000025928,1.8165999936172736,70.29010000405833,2.283299996634014
SupportRiskOnly_B10,JILONG_EI_0189,220,B10,57;13;217;4;106;174;219;120;46;192;10;49;24;88;185;229;35;60;155,0.1,19,106,19,0.0511903576816166,,False,,,0.7869910625620655,,,,19,0,55.00880000181496,2.2185999987414107,69.85830000485294,2.468200007569976
SupportRiskOnly_B10,JILONG_EI_0189,230,B10,57;13;217;219;105;4;192;157;10;33;91;46;60;103;93;170;51;99;135,0.1,19,106,19,0.0567956444165371,,False,,,0.7676266137040715,,,,19,0,55.21380000573117,1.8857999966712669,70.30829999712296,2.3800999915692955
SupportRiskOnly_B10,JILONG_EI_0189,240,B10,58;217;13;4;106;219;174;120;10;88;192;49;35;40;46;156;229;186;196,0.1,19,106,19,0.0655098743404982,,False,,,0.7850049652432969,,,,19,0,54.40029999590479,2.6803000073414296,70.00890000199433,2.3787999962223694
SupportRiskOnly_B10,JILONG_EI_0189,250,B10,57;13;217;219;105;4;157;33;192;35;10;91;46;213;66;93;112;190;170,0.1,19,106,19,0.0495516536361617,,False,,,0.7547169811320755,,,,19,0,55.574300000444055,2.095900010317564,70.68509999953676,2.584100002422929
SupportRiskOnly_B10,JILONG_EI_0189,260,B10,57;13;217;88;90;4;235;121;158;33;192;35;10;46;229;172;102;196;60,0.1,19,104,19,0.0611833893606756,,False,,,0.77834008097166,,,,19,0,56.421599991153926,2.0253999973647296,71.65189999795984,3.1285000004572794
SupportRiskOnly_B10,JILONG_EI_0189,270,B10,57;13;217;219;105;192;174;4;34;10;93;46;23;213;103;66;36;156;32,0.1,19,106,19,0.0476372797512845,,False,,,0.7467725918570008,,,,19,0,54.8354000056861,1.7690999957267195,70.61009999597445,2.701200006413273
SupportRiskOnly_B10,JILONG_EI_0189,280,B10,58;217;13;219;90;88;158;33;120;35;177;10;4;23;172;229;46;93;102,0.1,19,105,19,0.0464503679426606,,False,,,0.7724310776942356,,,,19,0,56.94120000407565,1.7809999990276992,70.71909999649506,2.2807000059401616
SupportRiskOnly_B10,JILONG_EI_0189,290,B10,58;217;13;90;104;235;33;174;192;10;20;51;203;46;23;161;93;156;135,0.1,19,105,19,0.0436706970618189,,False,,,0.7609022556390977,,,,19,0,54.63009999948554,2.172199994674884,70.30890000169165,3.0488999909721315
SupportRiskOnly_B10,JILONG_EI_0189,300,B10,57;217;105;29;33;219;158;192;35;10;119;91;172;4;87;66;68;93;178,0.1,19,108,19,0.0501565957837829,,False,,,0.7490253411306043,,,,19,0,54.506800006493,1.814499992178753,70.6281000020681,2.2834999981569126
SupportRiskOnly_B10,JILONG_EI_0189,310,B10,13;74;217;219;105;119;49;192;174;46;35;10;172;4;72;213;170;241;161,0.1,19,108,19,0.0504322656232052,,False,,,0.7607212475633528,,,,19,0,55.160999996587634,1.8591999978525564,71.52409999980591,2.289500000188127
SupportRiskOnly_B10,JILONG_EI_0189,320,B10,219;58;13;217;90;119;49;88;157;121;46;192;35;10;4;93;229;24;185,0.1,19,106,19,0.0482651943855242,,False,,,0.769116186693148,,,,19,0,54.71370001032483,1.741200001561083,70.84580000082497,2.3554000072181225
SupportRiskOnly_B10,JILONG_EI_0189,330,B10,74;217;13;219;105;119;33;174;172;192;3;10;35;46;93;66;23;72;229,0.1,19,109,19,0.0297034251977548,,False,,,0.7561564461612748,,,,19,0,54.46829998982139,1.797299992176704,70.88619998830836,2.2766000038245693
SupportRiskOnly_B10,JILONG_EI_0189,340,B10,57;218;232;29;105;49;119;158;177;91;3;172;51;23;213;93;185;87;26,0.1,19,109,19,0.0770267476319195,,False,,,0.7368421052631579,,,,19,0,54.51270000776276,1.8223999941255895,69.65869999839924,3.047300007892773
SupportRiskOnly_B10,JILONG_EI_0189,350,B10,217;58;235;105;13;46;174;192;49;119;3;35;172;24;5;93;128;229;170,0.1,19,108,19,0.0457994808218024,,False,,,0.7524366471734892,,,,19,0,54.4445999985328,1.779999991413206,69.88260000071023,2.223300005425699
SupportRiskOnly_B10,JILONG_EI_0189,360,B10,217;58;90;104;13;235;192;33;157;3;46;35;66;102;135;112;178;10;171,0.1,19,107,19,0.0539393985803003,,False,,,0.7614363010329562,,,,19,0,55.60059999697842,2.23869999172166,69.77970000298228,2.227299992227927
SupportRiskOnly_B10,JILONG_EI_0189,370,B10,218;232;84;57;105;13;119;174;46;33;3;192;172;66;35;23;206;91;128,0.1,19,108,19,0.0249940654409568,,False,,,0.7607212475633529,,,,19,0,56.00899999262765,2.2923000069567934,71.55789999524131,2.3529000027338043
SupportRiskOnly_B10,JILONG_EI_0189,380,B10,217;13;84;74;105;119;235;192;33;174;3;46;66;41;172;161;35;213;170,0.1,19,106,19,0.0577222013768176,,False,,,0.7393247269116188,,,,19,0,54.22050000925083,1.835099988966249,69.69410000601783,2.480800001649186
SupportRiskOnly_B10,JILONG_EI_0189,390,B10,217;58;84;90;104;29;49;219;192;157;4;51;102;135;24;61;171;72;229,0.1,19,107,19,0.0804802781202379,,False,,,0.7515986227250369,,,,19,0,54.56550000235438,1.8051999941235408,71.94070001423825,2.501399998436682
SupportRiskOnly_B10,JILONG_EI_0189,400,B10,90;13;217;58;119;46;34;84;219;192;158;88;3;172;121;66;112;36;170,0.1,19,106,19,0.0381266702912145,,False,,,0.7755710029791459,,,,19,0,54.485400003613904,1.804399988031946,70.16790000488982,2.2552000009454787
SupportRiskOnly_B10,JILONG_EI_0189,410,B10,219;105;233;201;58;13;84;103;192;34;3;174;46;172;91;66;134;128;93,0.1,19,106,19,0.0371465108621574,,False,,,0.7869910625620656,,,,19,0,54.2901000007987,1.8038999987766149,69.9639000085881,2.3209000064525758
SupportRiskOnly_B10,JILONG_EI_0189,420,B10,90;218;232;13;57;46;34;84;104;192;3;157;134;171;206;60;66;93;229,0.1,19,108,19,0.0446431989953365,,False,,,0.7582846003898636,,,,19,0,54.24280000443105,1.8176000012317672,70.47679999959655,2.27719999384135
SupportRiskOnly_B10,JILONG_EI_0189,430,B10,219;217;105;58;192;13;34;84;103;3;158;206;46;172;134;178;23;165;91,0.1,19,108,19,0.0381802727599911,,False,,,0.7651072124756336,,,,19,0,54.769899987149984,1.907399986521341,70.55940000282135,2.296299993759021
SupportRiskOnly_B10,JILONG_EI_0189,440,B10,105;233;202;13;58;192;235;34;84;119;174;3;46;172;161;60;206;213;93,0.1,19,106,19,0.0407685062523451,,False,,,0.7686196623634559,,,,19,0,55.00790000951383,1.8084000039380044,70.26339998992626,2.2465000074589625
SupportRiskOnly_B10,JILONG_EI_0189,450,B10,219;90;13;217;58;119;34;192;174;46;3;172;121;88;68;93;66;178;165,0.1,19,104,19,0.0418022681501788,,False,,,0.7484817813765182,,,,19,0,54.18249999638647,1.799999998183921,69.7826000105124,2.2581999946851283
SupportRiskOnly_B10,JILONG_EI_0189,460,B10,13;90;58;218;232;192;34;46;157;103;3;134;171;93;161;213;23;60;165,0.1,19,105,19,0.059337932935654,,False,,,0.7488721804511278,,,,19,0,54.03179999848362,1.8026000034296883,70.20550000015646,3.177399994456209
SupportRiskOnly_B10,JILONG_EI_0189,470,B10,13;90;58;217;192;35;49;219;119;174;46;172;3;121;5;165;178;93;24,0.1,19,106,19,0.0434409721956337,,False,,,0.759682224428997,,,,19,0,54.67660000431352,1.8284999969182536,72.22859999455977,3.3390000025974587
SupportRiskOnly_B10,JILONG_EI_0189,480,B10,13;105;74;201;233;219;192;46;34;158;103;41;172;135;4;165;60;68;161,0.1,19,106,19,0.074492116608342,,False,,,0.7715988083416088,,,,19,0,55.21620000945404,1.8056999979307875,71.74990000203252,2.385100000537932
SupportRiskOnly_B10,JILONG_EI_0189,490,B10,13;90;58;217;219;192;174;34;120;46;172;4;165;178;102;88;36;134;93,0.1,19,106,19,0.0458224533084209,,False,,,0.7328699106256207,,,,19,0,55.16790000547189,2.0046999998157844,70.23219999973662,2.2409999946830794
SupportRiskOnly_B10,JILONG_EI_0189,500,B10,29;105;58;218;232;174;192;35;49;91;103;3;171;134;161;165;100;206;72,0.1,19,107,19,0.0451945386741812,,False,,,0.749631087063453,,,,19,0,54.88039999909233,2.1542000031331554,70.23640000261366,2.329099996131845
SupportRiskOnly_B10,JILONG_EI_0189,510,B10,13;105;217;57;46;192;157;235;119;3;34;161;66;171;213;165;60;93;100,0.1,19,107,19,0.0609306920078719,,False,,,0.7466797835710772,,,,19,0,54.87480000010692,1.767399997333996,69.88579999597277,2.4975999986054376
SupportRiskOnly_B10,JILONG_EI_0189,520,B10,13;90;217;58;192;174;119;46;3;35;235;121;49;172;88;178;112;170;68,0.1,19,108,19,0.0460904656523037,,False,,,0.7811890838206628,,,,19,0,55.57899999257643,2.520499998354353,71.3254999864148,2.272400000947528
SupportRiskOnly_B10,JILONG_EI_0189,530,B10,13;90;217;58;176;174;34;3;104;46;235;206;165;156;178;135;213;69;215,0.1,19,108,19,0.057124916724736,,False,,,0.7631578947368421,,,,19,0,54.88870000408497,1.836199997342192,71.32709999859799,2.4002999998629093
SupportRiskOnly_B10,JILONG_EI_0189,540,B10,29;105;74;201;233;84;219;3;119;34;158;176;41;5;165;171;60;178;229,0.1,19,109,19,0.0681517103016287,,False,,,0.8020280057943022,,,,19,0,55.5129999993369,1.873400004114956,71.55730000522453,2.321199994185008
SupportRiskOnly_B10,JILONG_EI_0189,550,B10,13;106;58;46;217;84;174;3;251;35;103;177;33;165;156;134;213;5;206,0.1,19,109,19,0.0458147958128814,,False,,,0.7904394012554321,,,,19,0,54.32339999242686,1.814399991417304,70.39539999095723,2.985600003739819
SupportRiskOnly_B10,JILONG_EI_0189,560,B10,13;251;58;105;84;219;3;157;201;46;233;34;177;103;5;165;171;134;213,0.1,19,111,19,0.0538628236249052,,False,,,0.8207681365576102,,,,19,0,55.54660000780132,2.24539999908302,69.39670001156628,2.2228999878279865
SupportRiskOnly_B10,JILONG_EI_0189,570,B10,105;251;29;74;174;3;218;34;178;192;119;206;41;172;216;165;112;5;66,0.1,19,108,19,0.050233170739178,,False,,,0.7724171539961013,,,,19,0,54.30630000773817,1.809500012313947,71.87280000653118,2.9532999906223267
SupportRiskOnly_B10,JILONG_EI_0189,580,B10,13;90;58;46;219;3;174;217;34;104;178;192;134;213;68;5;165;102;66,0.1,19,105,19,0.0563055647020085,,False,,,0.7789473684210526,,,,19,0,54.34640000748914,1.7253999976674097,71.03650001226924,2.5615999911678955
SupportRiskOnly_B10,JILONG_EI_0189,590,B10,13;105;217;58;3;174;49;46;35;235;177;91;134;103;213;93;5;165;171,0.1,19,105,19,0.0514047675567229,,False,,,0.7779448621553884,,,,19,0,54.44760000682436,2.284200003487058,70.13760000700131,2.2229000023799017
SupportRiskOnly_B10,JILONG_EI_0189,600,B10,13;105;84;57;3;217;174;46;34;178;192;134;103;235;213;165;93;5;156,0.1,19,107,19,0.0495822836183197,,False,,,0.7752090506640433,,,,19,0,54.60780000430532,2.62020000081975,70.24580000143033,2.243299997644499
SupportRiskOnly_B10,JILONG_EI_0189,610,B10,219;13;105;58;3;84;233;174;201;46;49;134;178;35;192;206;213;165;5,0.1,19,110,19,0.0439769968833993,,False,,,0.8220095693779905,,,,19,0,54.25209998793434,2.2415000130422413,70.59780000417959,2.207899990025908
SupportRiskOnly_B10,JILONG_EI_0189,620,B10,29;58;105;3;218;157;178;192;34;119;213;216;190;93;5;165;60;170;66,0.1,19,108,19,0.0687566524492499,,False,,,0.7348927875243665,,,,19,0,54.24769999808632,2.526299998862669,69.85770000028424,2.2938999900361523
SupportRiskOnly_B10,JILONG_EI_0189,630,B10,13;58;90;217;46;174;3;119;178;121;192;35;49;206;213;88;235;5;93,0.1,19,110,19,0.0382568477153862,,False,,,0.8014354066985646,,,,19,0,55.12999999336898,2.5018000014824797,69.62000000930857,2.2484000073745847
SupportRiskOnly_B10,JILONG_EI_0189,640,B10,13;105;74;218;119;3;46;158;178;176;41;34;213;165;232;172;128;66;185,0.1,19,108,19,0.0634346930492913,,False,,,0.7743664717348927,,,,19,0,54.12289999367204,1.851699998951517,70.48150000628084,2.227999997558072
SupportRiskOnly_B10,JILONG_EI_0189,650,B10,29;58;105;174;84;219;3;233;161;201;119;5;213;51;49;91;172;215;128,0.1,19,108,19,0.0535029213345483,,False,,,0.7967836257309941,,,,19,0,54.43660001037642,1.8070000078296289,70.08990000758786,2.252500009490177
SupportRiskOnly_B10,JILONG_EI_0189,660,B10,13;219;57;46;84;3;217;105;174;161;134;103;213;5;34;93;172;206;215,0.1,19,108,19,0.0457918233262629,,False,,,0.8114035087719297,,,,19,0,55.03660000977106,1.750499999616295,69.49150000582449,2.248300006613136
SupportRiskOnly_B10,JILONG_EI_0189,670,B10,219;13;58;174;3;105;178;46;233;192;119;201;213;5;35;49;93;172;91,0.1,19,108,19,0.0452711136295763,,False,,,0.8001949317738791,,,,19,0,54.87390000780579,1.7823000089265406,70.0382999930298,2.240500005427748
SupportRiskOnly_B10,JILONG_EI_0189,680,B10,58;13;218;90;157;161;3;46;104;213;134;50;165;93;206;128;44;171;68,0.1,19,109,19,0.0784127543245706,,False,,,0.767262192177692,,,,19,0,55.10500000673346,1.7695999995339662,70.11889999557752,2.2616000060224906
SupportRiskOnly_B10,JILONG_EI_0189,690,B10,13;74;105;84;219;3;178;158;233;46;119;201;35;213;128;33;165;41;5,0.1,19,108,19,0.0617806740127573,,False,,,0.8128654970760235,,,,19,0,54.64669999491889,1.7268000083277002,70.00959999277256,2.2350999934133142
SupportRiskOnly_B10,JILONG_EI_0189,700,B10,106;13;58;84;219;174;161;3;46;217;120;213;128;35;93;156;206;44;49,0.1,19,108,19,0.0645909748757571,,False,,,0.8099415204678363,,,,19,0,55.390299996361136,1.7939000099431723,70.15619998855982,2.359300007810816
SupportRiskOnly_B10,JILONG_EI_0189,710,B10,219;29;105;58;3;178;174;217;103;213;35;134;93;91;155;128;100;165;215,0.1,19,106,19,0.0619031939413895,,False,,,0.7775571002979146,,,,19,0,54.40700000326615,1.7795000021578744,70.1724000100512,2.5483999925199896
SupportRiskOnly_B10,JILONG_EI_0189,720,B10,13;74;219;106;161;174;3;46;217;206;213;35;41;44;104;93;166;179;100,0.1,19,106,19,0.0918822889785666,,False,,,0.785004965243297,,,,19,0,54.439500003354624,1.760300001478754,70.65100000181701,3.535200012265705
SupportRiskOnly_B10,JILONG_EI_0189,730,B10,58;90;29;219;178;174;4;121;233;201;213;35;93;103;165;134;172;33;68,0.1,19,103,19,0.0626689434953404,,False,,,0.7777210015329586,,,,19,0,54.346700009773485,1.919699992868118,70.4117999994196,2.304599998751655
SupportRiskOnly_B10,JILONG_EI_0189,740,B10,13;58;219;105;161;174;46;3;217;213;49;165;134;44;206;35;93;172;102,0.1,19,104,19,0.0732822323130996,,False,,,0.7828947368421053,,,,19,0,54.58360000920948,1.9699000113178045,70.7721000071615,2.2597999923164025
SupportRiskOnly_B10,JILONG_EI_0189,750,B10,14;74;219;161;174;3;105;233;45;213;201;41;166;49;103;35;134;93;172,0.1,19,104,19,0.070548506405495,,False,,,0.7747975708502025,,,,19,0,54.70000000786968,1.7944999999599531,70.57830000121612,2.268500000354834
SupportRiskOnly_B10,JILONG_EI_0189,760,B10,219;13;58;89;174;178;46;3;217;213;34;165;120;44;91;66;156;112;170,0.1,19,103,19,0.0769731451631429,,False,,,0.7792539601430761,,,,19,0,55.84510001062881,1.869200001237914,71.05509999382775,2.241499998490326
SupportRiskOnly_B10,JILONG_EI_0189,770,B10,13;219;58;161;90;157;3;233;46;213;166;201;35;190;103;49;121;44;100,0.1,19,102,19,0.0789334640212572,,False,,,0.7936016511867904,,,,19,0,56.77599999762606,1.840600001742132,74.25669999793172,2.321799998753704
SupportRiskOnly_B10,JILONG_EI_0189,780,B10,219;58;14;174;161;90;46;192;217;20;213;88;166;34;44;134;112;179;156,0.1,19,101,19,0.0797528160439846,,False,,,0.7800937988535696,,,,19,0,54.468100002850406,1.828299995395355,69.97660000342876,2.2258000099100173
SupportRiskOnly_B10,JILONG_EI_0189,790,B10,13;74;84;174;218;161;105;46;192;103;5;166;3;213;35;41;134;10;33,0.1,19,102,19,0.0533650864148371,,False,,,0.8065015479876161,,,,19,0,54.13879999832716,1.7557999963173645,69.59060000372119,2.242000002297573
SupportRiskOnly_B10,JILONG_EI_0189,800,B10,219;13;57;174;178;105;46;192;217;103;4;213;35;165;49;116;134;172;112,0.1,19,102,19,0.0572014916801311,,False,,,0.785345717234262,,,,19,0,53.79239999456331,1.7275999998673797,70.54580000112765,2.24089999392163
SupportRiskOnly_B10,JILONG_EI_0189,810,B10,29;219;74;174;161;192;217;105;103;5;3;213;165;35;206;135;72;41;66,0.1,19,102,19,0.0600960249940654,,False,,,0.7874097007223941,,,,19,0,54.65970000659581,1.7657999997027218,70.57710000663064,2.2410999954445288
SupportRiskOnly_B10,JILONG_EI_0189,820,B10,13;219;58;46;174;178;89;192;217;103;121;5;3;213;35;166;91;93;33,0.1,19,100,19,0.0437242995305955,,False,,,0.8036842105263159,,,,19,0,54.6875,1.7491000035079196,70.97549999889452,2.6144000003114343
SupportRiskOnly_B10,JILONG_EI_0189,830,B10,218;58;29;174;178;89;103;213;20;165;176;34;93;156;100;216;112;71;185,0.1,19,101,19,0.084829735586679,,False,,,0.7404898384575299,,,,19,0,54.020900002797134,1.7786999960662797,71.35969999944791,2.7335000049788505
SupportRiskOnly_B10,JILONG_EI_0189,840,B10,13;219;74;158;46;161;105;217;5;206;35;103;213;165;3;49;41;100;93,0.1,19,102,19,0.0660688715148823,,False,,,0.8008255933952528,,,,19,0,54.21000000205822,1.7697000002954155,70.34849999763537,2.2327000042423606
SupportRiskOnly_B10,JILONG_EI_0189,850,B10,219;14;58;174;178;105;232;46;201;35;103;213;5;166;3;60;93;33;100,0.1,19,100,19,0.0605171872487384,,False,,,0.7857894736842105,,,,19,0,54.60660000971984,2.208500009146519,70.78239999827929,2.2582999954465777
SupportRiskOnly_B10,JILONG_EI_0189,860,B10,13;219;74;232;157;161;46;192;4;88;121;213;35;166;128;49;201;134;93,0.1,19,101,19,0.0509989202931289,,False,,,0.7926003126628453,,,,19,0,56.28629999409896,1.7473999905632809,70.03860000986606,2.2473999997600917
SupportRiskOnly_B10,JILONG_EI_0189,870,B10,219;29;58;174;178;192;233;4;103;90;213;166;35;121;128;135;33;201;156,0.1,19,101,19,0.055830799978559,,False,,,0.7800937988535696,,,,19,0,54.76590000034776,1.8423000001348555,70.60080001247115,2.238399989437312
SupportRiskOnly_B10,JILONG_EI_0189,880,B10,219;13;90;46;161;174;58;192;217;103;128;4;165;213;34;172;44;116;93,0.1,19,101,19,0.0758092058411376,,False,,,0.7889525794684731,,,,19,0,56.43009999766946,1.7616999975871297,69.81269999232609,2.18239999958314
SupportRiskOnly_B10,JILONG_EI_0189,890,B10,84;14;74;235;232;161;158;192;202;46;88;120;128;5;213;35;3;165;49,0.1,19,100,19,0.0436017796019633,,False,,,0.83,,,,19,0,54.46050000318792,2.142299999832176,70.51759999012575,2.237100008642301
SupportRiskOnly_B10,JILONG_EI_0189,900,B10,219;13;84;58;174;232;178;46;192;128;90;103;35;213;201;165;33;5;44,0.1,19,102,19,0.0689404323421981,,False,,,0.8240454076367388,,,,19,0,55.06050000258256,2.106300002196804,70.27589999779593,2.3320999898714945
SupportRiskOnly_B10,JILONG_EI_0189,910,B10,13;218;84;232;74;174;161;46;192;128;103;105;35;213;41;49;165;44;156,0.1,19,103,19,0.0843396558721504,,False,,,0.8216658150229943,,,,19,0,54.224399995291606,1.7407999985152856,69.83880000188947,2.226399999926798
SupportRiskOnly_B10,JILONG_EI_0189,920,B10,13;219;105;232;58;178;174;192;46;103;128;35;5;165;91;213;44;201;135,0.1,19,105,19,0.0729682749959798,,False,,,0.8125313283208019,,,,19,0,54.08830000669696,1.7029000009642914,70.0244999898132,2.2110999998403718
SupportRiskOnly_B10,JILONG_EI_0189,930,B10,13;219;58;105;232;177;174;103;35;46;144;4;165;156;100;134;213;33;112,0.1,19,102,19,0.0513511650879463,,False,,,0.7884416924664602,,,,19,0,56.39479999081232,2.0083999988855794,70.52389999444131,2.46319999860134
SupportRiskOnly_B10,JILONG_EI_0189,940,B10,13;58;218;105;161;158;46;103;165;35;232;190;4;134;44;213;172;33;112,0.1,19,101,19,0.0703570690170072,,False,,,0.7769671704012507,,,,19,0,54.65380000532605,2.624100001412444,69.80019999900833,2.2366000048350543
SupportRiskOnly_B10,JILONG_EI_0189,950,B10,219;13;58;251;217;46;178;105;103;157;35;144;165;44;49;5;171;93;199,0.1,19,101,19,0.0729376450138217,,False,,,0.7847837415320479,,,,19,0,54.909799990127794,2.069699999992736,69.92009999521542,2.23869999172166
SupportRiskOnly_B10,JILONG_EI_0189,960,B10,219;13;74;251;161;232;103;46;121;158;128;165;35;41;44;66;201;172;33,0.1,19,100,19,0.0849445980197716,,False,,,0.7863157894736842,,,,19,0,54.83059999824036,1.801500009605661,71.56830000167247,2.3569000040879478
SupportRiskOnly_B10,JILONG_EI_0189,970,B10,13;219;232;90;58;46;128;174;178;103;165;49;20;44;51;201;134;172;100,0.1,19,99,19,0.0754186735686226,,False,,,0.7926634768740032,,,,19,0,55.15899999591056,1.7516000079922378,70.85999999253545,2.195900000515394
SupportRiskOnly_B10,JILONG_EI_0189,980,B10,219;232;29;74;105;174;128;178;103;165;35;49;201;156;93;213;41;100;199,0.1,19,99,19,0.0783974393334916,,False,,,0.771398192450824,,,,19,0,54.65019999246579,1.7494000057922676,70.82029999583028,2.4396999942837283
SupportRiskOnly_B10,JILONG_EI_0189,990,B10,219;13;232;84;105;74;46;128;161;103;158;34;44;206;165;156;20;93;213,0.1,19,102,19,0.0764600929619958,,False,,,0.8018575851393188,,,,19,0,54.29839999123942,1.7070000030798838,70.95890000346117,2.24609998986125
SupportRiskOnly_B10,JILONG_EI_0189,1000,B10,218;14;232;128;57;105;46;177;174;103;35;44;165;156;49;134;5;214;93,0.1,19,101,19,0.0751736337113583,,False,,,0.7826993225638352,,,,19,0,54.35780000698287,1.7224000039277598,70.95500000286847,2.227899996796623
SupportRiskOnly_B10,JILONG_EI_0189,1010,B10,13;219;57;217;128;105;178;46;35;157;103;49;165;206;44;134;213;155;116,0.1,19,98,19,0.0885819084010383,,False,,,0.7733619763694952,,,,19,0,54.66739999246784,1.7402000084985048,70.34019999264274,2.262699999846518
SupportRiskOnly_B10,JILONG_EI_0189,1020,B10,13;235;58;105;128;46;232;202;161;158;165;103;44;190;34;156;66;213;179,0.1,19,96,19,0.0931764057247436,,False,,,0.7955043859649122,,,,19,0,56.23230000492185,1.709200005279854,70.83080000302289,2.2114000021247198
SupportRiskOnly_B10,JILONG_EI_0189,1030,B10,219;105;29;74;217;128;178;174;165;103;35;49;156;93;213;3;41;61;135,0.1,19,97,19,0.0923417387109372,,False,,,0.7504069451980467,,,,19,0,56.39069998869672,2.609999995911494,70.45929999731015,2.290599994012154
SupportRiskOnly_B10,JILONG_EI_0189,1040,B10,219;13;105;57;232;46;161;128;103;158;35;201;165;44;33;213;156;3;170,0.1,19,98,19,0.0888652357360001,,False,,,0.7776584317937703,,,,19,0,54.15160000848118,1.7865999980131164,70.98459999542683,2.302599998074584
SupportRiskOnly_B10,JILONG_EI_0189,1050,B10,13;219;57;105;217;46;174;178;103;176;165;206;34;44;172;112;91;3;52,0.1,19,99,19,0.0645067424248225,,False,,,0.7698032961190856,,,,19,0,54.1263000050094,1.781500002834946,70.44419999874663,2.235600011772476
SupportRiskOnly_B10,JILONG_EI_0189,1060,B10,219;57;13;105;174;192;46;232;161;103;44;128;49;165;201;172;35;93;101,0.1,19,97,19,0.0892710829995941,,False,,,0.7574606619641888,,,,19,0,53.96900000050664,1.767900001141243,69.77869999536779,2.3587999894516543
SupportRiskOnly_B10,JILONG_EI_0189,1070,B10,13;218;106;74;192;46;232;104;158;161;128;206;165;156;35;10;33;5;44,0.1,19,99,19,0.0637103628887136,,False,,,0.7639553429027114,,,,19,0,54.383800001232885,1.7465999990236014,71.0106999904383,2.6288999943062663
SupportRiskOnly_B10,JILONG_EI_0189,1080,B10,219;90;13;57;121;217;46;174;178;103;128;165;156;44;50;185;5;68;78,0.1,19,98,19,0.1002595890987893,,False,,,0.7534908700322234,,,,19,0,53.8961999991443,1.8056999979307875,71.16069999756292,2.39799999690149
SupportRiskOnly_B10,JILONG_EI_0189,1090,B10,13;219;105;74;192;46;232;161;35;103;158;49;165;44;172;112;5;41;201,0.1,19,96,19,0.0822108721121669,,False,,,0.7609649122807017,,,,19,0,55.35239999881014,1.8379000102868304,72.56190000043716,3.023700002813712
SupportRiskOnly_B10,JILONG_EI_0189,1100,B10,219;13;58;105;192;46;232;174;103;161;128;49;44;93;172;165;170;35;135,0.1,19,96,19,0.068879172377882,,False,,,0.7467105263157894,,,,19,0,54.85369999951217,2.229999998235144,70.64859999809414,2.4597000010544434
SupportRiskOnly_B10,JILONG_EI_0189,1110,B10,218;13;192;74;104;46;106;232;158;161;35;44;172;33;112;170;102;93;165,0.1,19,95,19,0.0773866499222764,,False,,,0.7623268698060942,,,,19,0,54.24669999047183,2.083300001686439,69.53149999026209,2.239900000859052
SupportRiskOnly_B10,JILONG_EI_0189,1120,B10,13;235;84;192;105;232;58;46;174;103;178;203;49;128;44;170;201;166;172,0.1,19,95,19,0.0688561998912635,,False,,,0.804432132963989,,,,19,0,54.6427999943262,2.141800010576844,69.69749998825137,2.191899999161251
SupportRiskOnly_B10,JILONG_EI_0189,1130,B10,219;192;29;105;232;57;161;174;166;35;103;93;170;172;33;112;91;60;135,0.1,19,95,19,0.0539011111026027,,False,,,0.7628808864265929,,,,19,0,54.46220000158064,2.1102000027894974,70.93769998755306,2.353799995034933
SupportRiskOnly_B10,JILONG_EI_0189,1140,B10,219;13;232;74;192;105;161;157;46;166;103;128;44;93;50;171;20;201;135,0.1,19,95,19,0.0747524714566853,,False,,,0.771191135734072,,,,19,0,55.21329998737201,1.8429000047035515,71.05320000846405,2.20759998774156
SupportRiskOnly_B10,JILONG_EI_0189,1150,B10,218;13;232;90;104;46;177;158;128;57;49;44;134;93;10;172;35;102;170,0.1,19,95,19,0.0780834820163717,,False,,,0.7761772853185596,,,,19,0,55.4623000061838,3.6488000041572377,71.2857000035001,2.339900005608797
SupportRiskOnly_B10,JILONG_EI_0189,1160,B10,219;232;29;74;105;174;103;161;166;135;50;172;201;112;60;93;41;69;170,0.1,19,95,19,0.0776010597973826,,False,,,0.7285318559556786,,,,19,0,54.65869999898132,1.73940000240691,70.19520000903867,2.7360000094631687
SupportRiskOnly_B10,JILONG_EI_0189,1170,B10,13;219;232;46;105;192;74;178;103;174;35;44;128;135;172;33;78;199;3,0.1,19,99,19,0.0815063825225321,,False,,,0.7740563530037213,,,,19,0,53.89740000828169,1.7684000049484894,69.89240000257269,2.562099994975142
SupportRiskOnly_B10,JILONG_EI_0189,1180,B10,219;217;14;105;57;174;192;46;161;3;128;103;134;50;172;44;78;215;71,0.1,19,98,19,0.1013699259520181,,False,,,0.7604726100966703,,,,19,0,54.14950000704266,1.7537999956402928,69.885200005956,2.278999992995523
SupportRiskOnly_B10,JILONG_EI_0189,1190,B10,13;218;232;46;74;104;174;106;177;3;44;35;72;93;135;172;112;49;102,0.1,19,96,19,0.0655787918003537,,False,,,0.7905701754385965,,,,19,0,54.97589999868069,2.439599993522279,71.8269000062719,2.390099994954653
SupportRiskOnly_B10,JILONG_EI_0189,1200,B10,219;29;232;58;3;105;161;158;103;35;93;135;112;156;201;49;61;179;214,0.1,19,95,19,0.099080334785705,,False,,,0.7457063711911358,,,,19,0,56.93379999138415,1.8458999984432007,72.94840000395197,2.358999990974553
SupportRiskOnly_B10,JILONG_EI_0189,1210,B10,219;13;232;104;46;3;174;74;161;128;44;93;135;10;171;201;34;102;116,0.1,19,95,19,0.0863306047124227,,False,,,0.7578947368421052,,,,19,0,55.715899987262674,2.0339999900897965,72.56549999874551,2.3911000025691465
SupportRiskOnly_B10,JILONG_EI_0189,1220,B10,219;3;29;217;105;178;58;174;128;35;103;134;93;10;171;215;166;213;185,0.1,19,93,19,0.0641238676478471,,False,,,0.745897000565931,,,,19,0,56.609899998875335,1.8025000026682392,70.76999999117106,2.918400001362897
SupportRiskOnly_B10,JILONG_EI_0189,1230,B10,218;13;3;90;46;232;58;104;177;158;44;78;134;172;35;112;144;102;100,0.1,19,93,19,0.0940493602162476,,False,,,0.7560837577815507,,,,19,0,54.50800000107847,1.7974999936996028,70.2603999961866,2.3178999981610104
SupportRiskOnly_B10,JILONG_EI_0189,1240,B10,219;3;232;13;105;74;161;174;103;35;78;44;135;10;172;112;100;41;201,0.1,19,93,19,0.1035523121807781,,False,,,0.7430673457838143,,,,19,0,54.87429999629967,1.7910000024130568,70.74629999988247,2.2385999909602106
SupportRiskOnly_B10,JILONG_EI_0189,1250,B10,218;90;13;3;232;58;46;121;158;88;178;166;78;172;100;10;112;44;49,0.1,19,94,19,0.0839644385907145,,False,,,0.7827547592385219,,,,19,0,54.66910000541248,1.9883000059053304,70.46360000094865,2.2690000041620806
SupportRiskOnly_B10,JILONG_EI_0189,1260,B10,235;3;106;217;13;58;104;174;177;203;172;100;206;78;44;35;135;10;112,0.1,19,93,19,0.0794541737179438,,False,,,0.7826825127334465,,,,19,0,55.80339999869466,1.7117999959737062,70.34359998942818,2.247999989776872
SupportRiskOnly_B10,JILONG_EI_0189,1270,B10,219;13;3;46;74;104;232;106;161;174;10;78;172;128;100;50;201;44;135,0.1,19,91,19,0.0831680590546056,,False,,,0.777327935222672,,,,19,0,55.09460000030231,2.3059999948600307,70.74460000148974,2.601799991680309
SupportRiskOnly_B10,JILONG_EI_0189,1280,B10,218;3;232;29;104;58;106;177;174;100;128;78;10;172;35;66;102;60;133,0.1,19,89,19,0.0949912321676072,,False,,,0.7445298639858071,,,,19,0,54.6899999899324,1.7136999958893284,70.31590001133736,2.251800004160032
SupportRiskOnly_B10,JILONG_EI_0189,1290,B10,219;13;2;46;90;217;104;58;178;174;100;78;44;206;4;134;10;172;144,0.1,19,93,19,0.0771492675605516,,False,,,0.7758913412563667,,,,19,0,54.13590000534896,1.8168999959016217,70.62699999369215,2.2095999884186317
SupportRiskOnly_B10,JILONG_EI_0189,1300,B10,218;3;29;105;232;74;103;174;177;78;100;10;172;33;165;35;128;66;41,0.1,19,90,19,0.0824482544738917,,False,,,0.747953216374269,,,,19,0,54.42570000013802,1.7881000094348565,70.01710000622552,2.220199996372685
SupportRiskOnly_B10,JILONG_EI_0189,1310,B10,218;2;13;74;46;104;106;232;161;83;174;78;44;10;172;33;20;128;102,0.1,19,94,19,0.0841711909702812,,False,,,0.7721164613661814,,,,19,0,54.33460000494961,1.7838999920058995,70.74889999057632,2.380300007644109
SupportRiskOnly_B10,JILONG_EI_0189,1320,B10,219;217;3;90;104;29;57;177;83;158;33;78;35;10;156;135;128;166;215,0.1,19,93,19,0.0734277247283503,,False,,,0.7238256932654216,,,,19,0,55.23250000260305,2.031500000157393,72.2509000042919,3.115100000286475
SupportRiskOnly_B10,JILONG_EI_0189,1330,B10,219;217;90;3;13;46;57;119;174;178;33;100;78;44;88;121;10;156;128,0.1,19,92,19,0.0826856368356165,,False,,,0.772883295194508,,,,19,0,53.97210000955965,1.7157000111183152,71.71859999652952,3.321599986520596
SupportRiskOnly_B10,JILONG_EI_0189,1340,B10,13;219;232;90;57;3;174;104;161;78;33;100;35;201;46;10;171;166;213,0.1,19,91,19,0.0719498280892251,,False,,,0.7536148062463852,,,,19,0,56.76300000050105,1.7703000048641115,70.71749999886379,2.2393999970518053
SupportRiskOnly_B10,JILONG_EI_0189,1350,B10,218;90;2;13;57;104;216;174;177;78;33;46;100;35;10;156;44;213;185,0.1,19,92,19,0.0998460843396558,,False,,,0.7391304347826088,,,,19,0,54.37690000690054,2.5581999943824485,69.54280000354629,2.2035000001778826
SupportRiskOnly_B10,JILONG_EI_0189,1360,B10,219;217;13;57;3;90;46;174;103;78;178;176;206;34;121;100;10;156;44,0.1,19,92,19,0.0867517669670957,,False,,,0.7786041189931351,,,,19,0,54.755700009991415,2.4181000044336542,71.07109999924432,2.997699994011782
SupportRiskOnly_B10,JILONG_EI_0189,1370,B10,13;218;74;232;106;3;46;120;174;178;78;88;34;10;171;5;100;165;41,0.1,19,92,19,0.0754799335329387,,False,,,0.7625858123569793,,,,19,0,54.751899995608255,2.658900004462339,71.72999999602325,3.387600008863956
SupportRiskOnly_B10,JILONG_EI_0189,1380,B10,13;219;217;90;57;46;174;2;120;78;161;88;44;34;128;10;156;199;20,0.1,19,94,19,0.080526223093475,,False,,,0.7698768197088465,,,,19,0,54.739400002290495,1.7534000071464106,72.11530000495259,3.3997999998973683
SupportRiskOnly_B10,JILONG_EI_0189,1390,B10,90;13;217;203;235;174;58;104;2;78;178;34;44;10;100;155;165;20;134,0.1,19,90,19,0.0846229832071122,,False,,,0.7602339181286549,,,,19,0,54.28830000164453,2.08540000312496,69.7993000067072,2.18759999552276
SupportRiskOnly_B10,JILONG_EI_0189,1400,B10,90;217;14;104;57;2;174;46;78;235;161;203;35;100;49;171;166;10;44,0.1,19,91,19,0.0843549708632294,,False,,,0.7767495662232504,,,,19,0,54.39430000842549,1.8196000019088387,70.34780000685714,2.261400004499592
SupportRiskOnly_B10,JILONG_EI_0189,1410,B10,74;29;218;3;232;174;104;106;177;78;100;34;10;156;200;165;128;170;102,0.1,19,89,19,0.0847072156580468,,False,,,0.742755765819042,,,,19,0,54.24860000493936,1.709599993773736,71.28049999300856,3.195099998265505
SupportRiskOnly_B10,JILONG_EI_0189,1420,B10,13;90;218;174;57;2;46;216;121;178;78;103;44;166;10;33;155;35;100,0.1,19,89,19,0.0901210650044796,,False,,,0.7752808988764045,,,,19,0,54.58029999863356,1.8205000087618828,71.16379999206401,2.755599998636171
SupportRiskOnly_B10,JILONG_EI_0189,1430,B10,219;2;13;84;90;217;174;104;58;78;161;166;34;10;44;155;133;46;213,0.1,19,90,19,0.0950678071230023,,False,,,0.7543859649122807,,,,19,0,55.1844000001438,1.7265999922528863,72.39359999948647,3.858000010950491
SupportRiskOnly_B10,JILONG_EI_0189,1440,B10,2;219;104;174;13;74;106;232;78;178;201;46;100;166;44;156;35;170;41,0.1,19,90,19,0.1116998874348155,,False,,,0.7573099415204678,,,,19,0,56.28119999892078,1.837800009525381,72.52430000517052,3.3785999985411763
SupportRiskOnly_B10,JILONG_EI_0199,10,B10,78;219;57;106;217;84;4;128;13;50;119;251;10;156;158;206;177;213;170,0.1,19,115,19,0.0700201392132689,,False,,,0.8402745995423341,,,,19,0,54.80749999696855,1.8746999994618816,70.72090001020115,2.3086000001057982
SupportRiskOnly_B10,JILONG_EI_0199,20,B10,58;84;13;106;217;119;235;4;112;33;77;66;35;10;157;177;155;203;206,0.1,19,115,19,0.0548889280271994,,False,,,0.8498855835240275,,,,19,0,54.824699996970594,1.8312000029254705,70.89679999626242,2.270700002554804
SupportRiskOnly_B10,JILONG_EI_0199,30,B10,58;77;90;235;84;29;4;201;50;232;104;134;112;157;177;10;155;203;102,0.1,19,116,19,0.0696449219318329,,False,,,0.8588929219600725,,,,19,0,54.502300001331605,1.7832000012276694,70.50570000137668,2.959100005682558
SupportRiskOnly_B10,JILONG_EI_0199,40,B10,74;4;13;219;77;105;49;201;84;192;158;251;155;178;46;103;51;206;213,0.1,19,114,19,0.0732362873398626,,False,,,0.8421052631578947,,,,19,0,54.10449999908451,1.7694999987725168,70.31320000533015,2.384799998253584
SupportRiskOnly_B10,JILONG_EI_0199,50,B10,57;61;218;4;50;105;174;112;29;177;216;91;100;185;206;68;213;171;133,0.1,19,109,19,0.0969132635480239,,False,,,0.8348623853211009,,,,19,0,54.43299999751616,1.8001999997068197,69.86370000231545,2.271500008646399
SupportRiskOnly_B10,JILONG_EI_0199,60,B10,58;61;13;217;66;174;106;20;34;171;104;128;235;135;203;185;69;206;215,0.1,19,109,19,0.0726160302011624,,False,,,0.8329309512312894,,,,19,0,55.12299999827519,1.8294000037712976,71.36170000012498,2.379999990807846
SupportRiskOnly_B10,JILONG_EI_0199,70,B10,60;74;106;217;13;128;174;171;50;3;5;120;46;215;206;88;41;36;179,0.1,19,109,19,0.0748060739254619,,False,,,0.8305166586190247,,,,19,0,54.54320000717416,2.2951999999349937,70.0483999971766,2.2003000049153343
SupportRiskOnly_B10,JILONG_EI_0199,80,B10,44;57;90;13;202;121;158;49;171;35;119;99;4;214;233;252;112;190;71,0.1,19,107,19,0.0789564365078757,,False,,,0.8116084604033449,,,,19,0,54.85279999265913,1.902999996673316,70.37219998892397,2.2746000031474978
SupportRiskOnly_B10,JILONG_EI_0199,90,B10,44;57;106;119;174;171;50;176;201;19;52;229;235;112;165;25;206;46;88,0.1,19,99,19,0.0829766216661178,,False,,,0.7432216905901117,,,,19,0,54.64709999796469,1.7685999919194728,72.13030000275467,2.997399991727434
SupportRiskOnly_B10,JILONG_EI_0199,100,B10,28;57;106;186;50;174;61;104;217;19;135;156;14;161;26;206;69;213;165,0.1,19,100,19,0.1049536338645082,,False,,,0.7568421052631579,,,,19,0,54.62950000946876,1.781800005119294,72.27309999871068,3.133099991828203
SupportRiskOnly_B10,JILONG_EI_0199,110,B10,13;57;106;156;50;158;202;104;19;206;134;27;216;177;60;170;212;165;179,0.1,19,100,19,0.0958948166412693,,False,,,0.7678947368421053,,,,19,0,54.683800000930205,1.7250000091735274,70.52720000501722,2.594099991256371
SupportRiskOnly_B10,JILONG_EI_0199,120,B10,57;29;27;106;156;50;174;252;202;119;206;212;20;170;61;200;177;165;112,0.1,19,95,19,0.0912007718755503,,False,,,0.7667590027700831,,,,19,0,55.01739999454003,1.7626999906497076,70.74480000301264,2.2594999900320545
SupportRiskOnly_B10,JILONG_EI_0199,130,B10,57;27;156;174;121;13;50;91;202;135;170;45;89;206;103;20;216;165;101,0.1,19,94,19,0.0996010444823915,,False,,,0.7637178051511759,,,,19,0,54.35770000622142,1.7979000112973154,70.23860000481363,2.23280000500381
SupportRiskOnly_B10,JILONG_EI_0199,140,B10,27;57;29;174;121;33;171;91;35;66;202;135;61;216;206;177;235;4;70,0.1,19,96,19,0.1005965189025277,,False,,,0.7878289473684211,,,,19,0,54.69129999983125,1.778799996827729,70.24249999085441,2.2538999910466373
SupportRiskOnly_B10,JILONG_EI_0199,150,B10,58;27;29;174;156;202;121;91;60;49;51;170;134;216;206;235;229;71;178,0.1,19,95,19,0.1021739629836665,,False,,,0.7734072022160665,,,,19,0,54.59749999863561,1.7221000016434118,70.69500000216067,2.2610999876633286
SupportRiskOnly_B10,JILONG_EI_0199,160,B10,90;57;26;174;202;13;156;120;34;60;252;170;88;232;206;102;32;213;200,0.1,19,92,19,0.0827851842776301,,False,,,0.7597254004576658,,,,19,0,54.44930000521708,1.7758999892976135,70.45420000213198,2.3803999938536435
SupportRiskOnly_B10,JILONG_EI_0199,170,B10,58;10;90;174;202;29;156;120;49;170;235;35;206;60;215;134;213;179;177,0.1,19,89,19,0.0840639860327281,,False,,,0.7368421052631579,,,,19,0,55.79119999310933,1.7460000090068206,73.71630000125151,3.3927000040421262
SupportRiskOnly_B10,JILONG_EI_0199,180,B10,13;57;106;26;84;202;174;156;20;120;50;170;206;45;216;32;133;23;52,0.1,19,92,19,0.0907872671164169,,False,,,0.754004576659039,,,,19,0,55.008199997246265,2.3973999923327938,70.27380001090933,2.188599988585338
SupportRiskOnly_B10,JILONG_EI_0199,190,B10,90;58;25;84;202;174;121;13;50;156;192;20;170;135;32;112;44;196;216,0.1,19,96,19,0.0931610907336646,,False,,,0.7790570175438597,,,,19,0,54.15279998851474,1.7053000046871605,70.1002999994671,2.2160000080475584
SupportRiskOnly_B10,JILONG_EI_0199,200,B10,10;13;74;217;174;105;156;185;203;50;41;196;4;135;60;112;103;165;144,0.1,19,95,19,0.0776470047706197,,False,,,0.7423822714681441,,,,19,0,53.96110001311172,1.7437999922549352,71.87669999257196,3.154599995468743
SupportRiskOnly_B10,JILONG_EI_0199,210,B10,57;121;174;29;202;25;156;192;34;91;233;89;170;20;112;66;86;196;165,0.1,19,94,19,0.0968826335658659,,False,,,0.7687569988801791,,,,19,0,55.22559999371879,1.7158999980892986,70.49969999934547,2.49499999335967
SupportRiskOnly_B10,JILONG_EI_0199,220,B10,13;40;174;58;202;104;156;49;106;176;10;35;170;112;61;196;135;102;235,0.1,19,94,19,0.1055585760121294,,False,,,0.7625979843225084,,,,19,0,54.1631999949459,1.7364999948767943,70.9601999988081,2.2812999959569424
SupportRiskOnly_B10,JILONG_EI_0199,230,B10,13;174;57;202;121;156;91;88;50;112;232;61;170;20;24;177;135;241;213,0.1,19,93,19,0.0910169919826021,,False,,,0.7447651386530844,,,,19,0,55.24449999211356,1.8182000058004637,71.10870000906289,2.2800000006100163
SupportRiskOnly_B10,JILONG_EI_0199,240,B10,174;13;74;105;217;156;46;49;51;41;170;112;44;23;20;203;135;100;55,0.1,19,95,19,0.1032919573324348,,False,,,0.7124653739612188,,,,19,0,55.214099993463606,1.7408999992767349,70.69860000046901,2.226999989943579
SupportRiskOnly_B10,JILONG_EI_0199,250,B10,157;58;29;201;104;106;171;33;233;190;61;112;66;235;36;213;40;3;27,0.1,19,95,19,0.1181092112013844,,False,,,0.7673130193905817,,,,19,0,54.23009999503847,1.862700009951368,71.9661999901291,2.453900000546128
SupportRiskOnly_B10,JILONG_EI_0199,260,B10,13;174;74;88;120;202;156;33;106;232;10;35;235;61;170;177;112;3;102,0.1,19,96,19,0.0737646545320887,,False,,,0.7933114035087719,,,,19,0,56.58689999836497,1.7798000044422224,72.124199999962,2.4719999928493053
SupportRiskOnly_B10,JILONG_EI_0199,270,B10,13;57;157;88;217;120;34;106;20;155;46;235;190;23;185;60;112;177;102,0.1,19,99,19,0.0613441967670053,,False,,,0.7745879851143008,,,,19,0,55.53719999443274,1.8619999900693076,73.2475999975577,3.5356000007595867
SupportRiskOnly_B10,JILONG_EI_0199,280,B10,13;157;105;49;218;74;10;35;61;171;103;190;232;23;4;213;112;185;177,0.1,19,99,19,0.0787573416238485,,False,,,0.7666135034556086,,,,19,0,55.47169999044854,2.447499995469116,72.06109999970067,3.440699991188012
SupportRiskOnly_B10,JILONG_EI_0199,290,B10,13;88;157;219;57;33;233;106;119;46;201;155;10;176;190;20;51;93;112,0.1,19,103,19,0.0452481411429577,,False,,,0.7981604496678589,,,,19,0,54.140099993674085,1.7902999970829114,70.19520000903867,2.956399999675341
SupportRiskOnly_B10,JILONG_EI_0199,300,B10,119;105;174;13;219;74;156;217;192;49;61;93;170;87;35;229;3;165;99,0.1,19,101,19,0.0658544616397761,,False,,,0.7665450755601876,,,,19,0,54.57269999897108,1.8119000014849007,69.95860001188703,2.3286000068765134
SupportRiskOnly_B10,JILONG_EI_0199,310,B10,13;88;57;157;219;106;119;217;33;61;155;66;93;23;190;4;35;212;185,0.1,19,99,19,0.065823831657618,,False,,,0.7666135034556087,,,,19,0,54.606100005912594,2.0904999983031303,69.7877999919001,2.249500001198612
SupportRiskOnly_B10,JILONG_EI_0199,320,B10,13;104;174;219;58;106;156;24;46;217;35;49;102;212;4;44;170;93;135,0.1,19,98,19,0.0865679870741475,,False,,,0.7438238453276047,,,,19,0,54.53550000675023,1.728600007481873,70.15210000099614,2.2031000116840005
SupportRiskOnly_B10,JILONG_EI_0199,330,B10,219;13;157;105;57;23;91;119;217;87;61;66;171;20;34;93;99;112;190,0.1,19,98,19,0.0617270715439808,,False,,,0.7604726100966702,,,,19,0,54.55869999423157,1.7666000057943163,70.29279999551363,2.5568999990355223
SupportRiskOnly_B10,JILONG_EI_0199,340,B10,219;105;13;158;74;156;119;201;24;46;49;232;51;44;93;170;4;112;190,0.1,19,98,19,0.0863152897213437,,False,,,0.7481203007518797,,,,19,0,56.89150000398513,1.7805000097723678,70.51350000256207,2.2566999978153035
SupportRiskOnly_B10,JILONG_EI_0199,350,B10,219;57;105;29;157;217;23;61;35;102;91;66;33;112;155;4;93;135;178,0.1,19,98,19,0.077892044627884,,False,,,0.757250268528464,,,,19,0,54.470999995828606,1.731600001221523,69.8361999966437,2.698299998883158
SupportRiskOnly_B10,JILONG_EI_0199,360,B10,104;13;158;219;58;46;172;217;106;24;35;3;66;33;102;44;128;72;170,0.1,19,102,19,0.0804496481380799,,False,,,0.785861713106295,,,,19,0,54.51089999405667,1.7863999964902175,69.7476000059396,2.242300004581921
SupportRiskOnly_B10,JILONG_EI_0199,370,B10,104;13;57;157;219;192;106;201;61;33;24;66;171;35;232;3;93;135;213,0.1,19,103,19,0.0824099669961942,,False,,,0.7598364844149209,,,,19,0,54.75419999856968,1.771700000972487,70.23749999643769,2.2332000080496077
SupportRiskOnly_B10,JILONG_EI_0199,380,B10,57;104;13;157;217;90;46;33;24;35;60;93;3;155;66;102;177;112;190,0.1,19,99,19,0.0700124817177294,,False,,,0.7219564061669325,,,,19,0,55.36869999195915,2.6351000124122947,70.49840000399854,2.360700003919192
SupportRiskOnly_B10,JILONG_EI_0199,390,B10,57;119;174;105;13;218;172;34;61;91;24;20;66;232;93;68;229;170;178,0.1,19,98,19,0.0846612706848098,,False,,,0.7303974221267454,,,,19,0,55.34040000929963,1.774799995473586,69.61449999653269,2.760499992291443
SupportRiskOnly_B10,JILONG_EI_0199,400,B10,57;13;105;157;218;119;33;35;46;3;66;24;232;44;91;155;93;190;185,0.1,19,97,19,0.0761308206537969,,False,,,0.728160607704829,,,,19,0,55.46400000457652,1.7941999976756051,70.87270000192802,2.3301999899558723
SupportRiskOnly_B10,JILONG_EI_0199,410,B10,57;13;157;105;217;103;34;4;61;24;235;155;93;66;206;203;91;36;177,0.1,19,99,19,0.0800208283878674,,False,,,0.7288676236044657,,,,19,0,54.46339999616612,1.9541999936336647,70.25520000024699,2.730500011239201
SupportRiskOnly_B10,JILONG_EI_0199,420,B10,57;13;158;104;217;90;172;49;35;23;4;46;206;60;235;203;93;102;177,0.1,19,99,19,0.0544677657725264,,False,,,0.7549175970228602,,,,19,0,54.76649999036454,1.7893000040203333,69.9839000008069,2.395400006207637
SupportRiskOnly_B10,JILONG_EI_0199,430,B10,57;157;90;29;103;202;34;192;3;61;24;121;232;155;66;206;93;235;5,0.1,19,100,19,0.071390830914841,,False,,,0.7410526315789474,,,,19,0,54.45700000564102,2.2173000033944845,70.4461999994237,2.699600008782
SupportRiskOnly_B10,JILONG_EI_0199,440,B10,58;90;13;174;88;119;201;172;35;46;33;121;24;4;44;233;206;235;178,0.1,19,97,19,0.0681593677971682,,False,,,0.7693977211068909,,,,19,0,53.87740000151098,1.7699999880278483,71.14260000525974,3.073600004427135
SupportRiskOnly_B10,JILONG_EI_0199,450,B10,58;13;90;157;103;218;34;4;61;121;24;171;206;135;72;66;165;112;213,0.1,19,98,19,0.0793546262759301,,False,,,0.7201933404940923,,,,19,0,54.02029999822844,1.6916000022320077,69.74849999824073,3.114300008746796
SupportRiskOnly_B10,JILONG_EI_0199,460,B10,58;13;90;157;35;104;217;3;206;49;46;44;176;24;135;155;102;93;165,0.1,19,96,19,0.0805874830577911,,False,,,0.7341008771929826,,,,19,0,54.443600005470216,1.7894999909913167,70.82290000107605,2.351200004341081
SupportRiskOnly_B10,JILONG_EI_0199,470,B10,57;105;13;158;119;201;4;46;35;192;156;49;91;60;24;206;178;170;93,0.1,19,95,19,0.0750970587559632,,False,,,0.746814404432133,,,,19,0,54.92789999698289,1.8425999878672883,71.26599999901373,2.3778999893693253
SupportRiskOnly_B10,JILONG_EI_0199,480,B10,57;90;29;157;219;217;103;35;3;33;61;66;121;135;24;171;206;68;161,0.1,19,96,19,0.0877395838916923,,False,,,0.7401315789473685,,,,19,0,54.81380000128411,1.7330999980913475,71.41960000444669,2.2597000061068684
SupportRiskOnly_B10,JILONG_EI_0199,490,B10,58;90;13;174;3;119;201;34;88;46;156;44;121;206;36;178;170;24;66,0.1,19,98,19,0.0869355468600439,,False,,,0.7551020408163265,,,,19,0,55.43520000355784,1.7268000083277002,71.55750000674743,2.2295999951893464
SupportRiskOnly_B10,JILONG_EI_0199,500,B10,58;90;13;3;157;119;35;202;49;45;121;171;88;23;206;213;5;68;215,0.1,19,98,19,0.061910851436929,,False,,,0.7309344790547798,,,,19,0,54.88139999215491,1.8440999992890283,70.45220000145491,2.260499997646548
SupportRiskOnly_B10,JILONG_EI_0199,510,B10,57;90;29;157;3;119;34;217;61;171;23;178;206;203;121;88;112;185;68,0.1,19,100,19,0.0745610340681976,,False,,,0.7157894736842105,,,,19,0,54.63860000600107,2.2738999978173524,70.51780000620056,2.182700001867488
SupportRiskOnly_B10,JILONG_EI_0199,520,B10,58;90;13;3;174;35;103;46;201;49;206;135;60;23;156;203;121;72;178,0.1,19,99,19,0.0570406842738014,,False,,,0.772461456671983,,,,19,0,54.698399995686486,1.7368000117130578,70.65060001332313,2.2674999927403405
SupportRiskOnly_B10,JILONG_EI_0199,530,B10,74;105;29;3;174;119;34;218;206;41;23;61;66;172;178;68;170;165;36,0.1,19,98,19,0.0908178970985749,,False,,,0.7298603651987111,,,,19,0,55.058600002666935,1.871400003437884,71.57559999905061,3.476300000329502
SupportRiskOnly_B10,JILONG_EI_0199,540,B10,74;119;13;105;3;157;35;46;201;206;41;23;44;49;178;176;171;213;68,0.1,19,99,19,0.0976636981108958,,False,,,0.7751196172248803,,,,19,0,54.197799996472895,1.7594999953871593,70.06450000335462,2.2192000033101067
SupportRiskOnly_B10,JILONG_EI_0199,550,B10,58;90;119;3;14;174;84;35;217;46;206;178;176;49;44;23;156;121;185,0.1,19,100,19,0.0631513657143294,,False,,,0.7705263157894737,,,,19,0,53.924599997117184,1.7396999901393428,70.0001999939559,2.719200012506917
SupportRiskOnly_B10,JILONG_EI_0199,560,B10,90;58;3;29;157;103;35;84;206;201;61;135;178;176;171;24;121;66;165,0.1,19,99,19,0.0894701778836213,,False,,,0.7751196172248803,,,,19,0,53.87980000523385,1.7389999993611127,70.04189999133814,2.812399994581938
SupportRiskOnly_B10,JILONG_EI_0199,570,B10,90;58;3;35;158;13;84;46;103;178;49;206;60;218;135;176;171;24;121,0.1,19,99,19,0.0618572489681524,,False,,,0.7921318447634236,,,,19,0,54.19520000577904,1.7164000018965453,70.57809999969322,2.2555000032298267
SupportRiskOnly_B10,JILONG_EI_0199,580,B10,90;58;3;157;35;29;84;104;178;49;206;201;61;176;102;213;134;93;165,0.1,19,100,19,0.0867977119403328,,False,,,0.7784210526315789,,,,19,0,54.56469999626279,1.6505000094184652,70.54319999588188,2.264399998239241
SupportRiskOnly_B10,JILONG_EI_0199,590,B10,58;90;3;35;174;84;29;119;178;217;206;176;88;49;61;121;155;213;24,0.1,19,100,19,0.0707093138118247,,False,,,0.7573684210526316,,,,19,0,55.886799993459135,2.171900006942451,71.37459999648854,2.290700009325519
SupportRiskOnly_B10,JILONG_EI_0199,600,B10,58;90;3;119;157;46;34;13;206;178;217;68;44;165;213;36;121;88;100,0.1,19,100,19,0.0804879356157775,,False,,,0.7778947368421052,,,,19,0,54.427999988547526,1.786799999536015,70.33299999602605,2.2920000046724454
SupportRiskOnly_B10,JILONG_EI_0199,610,B10,58;90;4;35;174;219;29;103;178;217;206;61;165;49;134;213;121;156;215,0.1,19,101,19,0.0807712629507393,,False,,,0.7623762376237625,,,,19,0,53.96440000913572,1.7577999969944358,69.56509999872651,2.245099996798672
SupportRiskOnly_B10,JILONG_EI_0199,620,B10,58;90;13;35;157;4;46;120;178;192;206;202;44;165;112;88;102;213;66,0.1,19,99,19,0.0789870664900337,,False,,,0.7846889952153111,,,,19,0,54.27520000375807,1.7063999985111875,70.38889999967068,2.366700005950406
SupportRiskOnly_B10,JILONG_EI_0199,630,B10,57;35;105;3;29;157;119;178;192;206;218;91;5;61;49;165;171;68;213,0.1,19,99,19,0.0815599849913087,,False,,,0.7740563530037214,,,,19,0,54.15909999283031,1.707399991573766,70.24970000202302,2.248800010420382
SupportRiskOnly_B10,JILONG_EI_0199,640,B10,74;13;46;4;84;35;174;119;105;206;178;192;60;201;165;41;213;66;171,0.1,19,99,19,0.0716128982854867,,False,,,0.8011695906432749,,,,19,0,54.6708000038052,1.6983999958029017,70.74559999455232,2.221400005510077
SupportRiskOnly_B10,JILONG_EI_0199,650,B10,58;29;35;3;90;157;84;119;178;192;206;165;217;61;121;128;171;49;24,0.1,19,99,19,0.0741015843358271,,False,,,0.7655502392344498,,,,19,0,54.27259999851231,1.6971000004559755,71.6814999905182,2.616799989482388
SupportRiskOnly_B10,JILONG_EI_0199,660,B10,57;46;90;174;35;13;84;3;119;178;206;218;44;252;176;213;165;121;216,0.1,19,101,19,0.0621865212763513,,False,,,0.7993746743095361,,,,19,0,53.9930000086315,1.7557999963173645,70.28919999720529,2.2880000033183023
SupportRiskOnly_B10,JILONG_EI_0199,670,B10,13;74;157;106;103;46;35;3;206;178;252;134;218;44;41;176;213;66;216,0.1,19,100,19,0.0892251380263571,,False,,,0.8010526315789473,,,,19,0,54.59299999347422,1.9560000073397528,70.33729999966454,2.3049000010360032
SupportRiskOnly_B10,JILONG_EI_0199,680,B10,13;58;46;157;20;104;34;178;106;190;252;135;201;176;213;44;165;102;66,0.1,19,101,19,0.0881071436775888,,False,,,0.7785304846274101,,,,19,0,54.3891999986954,2.8993000014452264,69.79399999545421,2.2261999984039
SupportRiskOnly_B10,JILONG_EI_0199,690,B10,58;29;157;35;90;103;3;178;61;49;190;217;252;134;121;5;213;165;72,0.1,19,100,19,0.0745074315994211,,False,,,0.791578947368421,,,,19,0,54.13330000010319,1.7978999967454,70.07139999768697,2.2330000065267086
SupportRiskOnly_B10,JILONG_EI_0199,700,B10,13;46;174;219;58;35;3;105;206;192;217;178;119;91;252;60;112;213;5,0.1,19,101,19,0.0413964208865848,,False,,,0.8301198540906722,,,,19,0,54.68529999780003,2.1224999945843592,71.39549999556039,2.319600011105649
SupportRiskOnly_B10,JILONG_EI_0199,710,B10,13;46;157;219;58;90;4;35;192;104;178;134;49;165;190;217;252;44;213,0.1,19,100,19,0.0671715508725716,,False,,,0.8178947368421053,,,,19,0,54.88999999943189,2.230300000519492,70.75889999396168,2.249199998914264
SupportRiskOnly_B10,JILONG_EI_0199,720,B10,13;219;157;74;46;35;105;3;192;178;119;49;190;165;201;252;213;44;68,0.1,19,98,19,0.0819352022727446,,False,,,0.8109559613319013,,,,19,0,54.85690000932664,2.389199988101609,71.11330000043381,2.3498999944422394
SupportRiskOnly_B10,JILONG_EI_0199,730,B10,219;13;90;174;46;35;58;252;178;119;3;217;206;165;121;213;88;49;172,0.1,19,98,19,0.0382415327243071,,False,,,0.8029001074113854,,,,19,0,55.19389999972191,1.7687999934423717,70.47109999984968,2.293799989274703
SupportRiskOnly_B10,JILONG_EI_0199,740,B10,219;13;46;84;157;90;58;35;120;192;3;178;134;217;190;252;44;213;66,0.1,19,96,19,0.0656936542334464,,False,,,0.8174342105263158,,,,19,0,54.437600003439,1.7527000018162653,70.75839999015443,2.351600007386878
SupportRiskOnly_B10,JILONG_EI_0199,750,B10,219;13;46;90;84;157;4;58;35;192;103;178;190;252;134;121;165;44;217,0.1,19,96,19,0.0629369558392232,,False,,,0.8130482456140351,,,,19,0,54.56610000692308,1.7866999987745658,71.5251000074204,3.0555999983334914
SupportRiskOnly_B10,JILONG_EI_0199,760,B10,13;219;90;157;46;4;58;51;119;178;206;165;121;100;60;88;201;171;213,0.1,19,95,19,0.0675467681540075,,False,,,0.7905817174515235,,,,19,0,57.74220000603236,2.3782000062055886,72.31129999854602,2.380599995376542
SupportRiskOnly_B10,JILONG_EI_0199,770,B10,219;13;90;46;174;4;35;58;178;206;135;121;165;103;49;217;100;213;68,0.1,19,93,19,0.0558078274919404,,False,,,0.7877758913412564,,,,19,0,54.8382999986643,1.68159999884665,70.37689999560826,2.504600008251145
SupportRiskOnly_B10,JILONG_EI_0199,780,B10,13;219;90;46;84;157;3;58;35;178;190;103;44;217;165;121;135;215;171,0.1,19,95,19,0.0774785398687505,,False,,,0.7900277008310249,,,,19,0,55.19230000209063,1.744299996062182,70.54650000645779,2.334700009669177
SupportRiskOnly_B10,JILONG_EI_0199,790,B10,13;219;90;46;84;174;36;4;34;178;58;217;206;165;103;44;156;213;66,0.1,19,97,19,0.0748137314210014,,False,,,0.7889310906131307,,,,19,0,54.60580000362825,1.7769999976735562,69.7134000074584,2.268399999593385
SupportRiskOnly_B10,JILONG_EI_0199,800,B10,13;219;90;46;157;35;161;3;58;49;201;206;165;103;44;213;100;134;215,0.1,19,97,19,0.08746391405227,,False,,,0.7693977211068909,,,,19,0,54.44930000521708,2.55440000910312,70.31090000236873,2.331600000616163
SupportRiskOnly_B10,JILONG_EI_0199,810,B10,13;90;46;219;158;20;161;58;51;165;49;134;217;44;206;121;102;156;213,0.1,19,97,19,0.0866292470384636,,False,,,0.7710255018990776,,,,19,0,54.86340000061318,1.7510000034235418,71.2889999995241,2.4725999974180013
SupportRiskOnly_B10,JILONG_EI_0199,820,B10,13;90;46;251;157;35;178;3;58;206;5;103;23;44;165;218;135;216;68,0.1,19,96,19,0.0773330474534998,,False,,,0.7883771929824562,,,,19,0,54.6565999975428,1.710800002911128,70.57649998751003,2.2356999979820102
SupportRiskOnly_B10,JILONG_EI_0199,830,B10,13;90;46;251;157;35;161;58;4;134;217;206;128;165;60;171;33;103;66,0.1,19,96,19,0.054988475469213,,False,,,0.7554824561403508,,,,19,0,54.23490000248421,1.7396999901393428,70.1998000004096,2.217400004155934
SupportRiskOnly_B10,JILONG_EI_0199,840,B10,13;90;46;251;157;35;178;57;3;217;206;44;103;134;144;165;5;24;155,0.1,19,94,19,0.0785199592621237,,False,,,0.7502799552071668,,,,19,0,54.14089999976568,1.7364999948767943,70.72319999861065,2.346099994610995
SupportRiskOnly_B10,JILONG_EI_0199,850,B10,13;90;46;251;157;35;161;3;41;5;103;217;206;134;165;44;68;213;199,0.1,19,97,19,0.0915989616436048,,False,,,0.7661421595225176,,,,19,0,54.08349999925122,1.7619999998714777,70.2915000001667,2.273900012369268
SupportRiskOnly_B10,JILONG_EI_0199,860,B10,13;90;46;157;35;235;178;120;3;217;5;57;206;165;44;134;93;199;23,0.1,19,96,19,0.0638941427816618,,False,,,0.7697368421052632,,,,19,0,54.65160000312608,1.7570000054547563,69.93620000139344,2.249400000437163
SupportRiskOnly_B10,JILONG_EI_0199,870,B10,13;90;219;46;157;35;161;5;3;217;44;103;58;206;135;71;199;23;170,0.1,19,97,19,0.0857792650335781,,False,,,0.7677699403147042,,,,19,0,54.69789999187924,1.8088000069838015,71.02889999805484,2.3702999897068366
SupportRiskOnly_B10,JILONG_EI_0199,880,B10,13;90;46;157;235;36;178;217;34;103;5;41;206;44;165;66;171;23;3,0.1,19,95,19,0.0883674985259321,,False,,,0.7667590027700831,,,,19,0,54.43899999954738,1.835100003518164,70.74330000614282,2.3064999986672774
SupportRiskOnly_B10,JILONG_EI_0199,890,B10,13;90;219;46;251;157;35;161;58;3;201;103;190;5;121;44;171;49;23,0.1,19,98,19,0.0715746108077892,,False,,,0.7873254564983888,,,,19,0,54.80319999333005,2.357100005610846,71.62220000464004,3.2584000000497326
SupportRiskOnly_B10,JILONG_EI_0199,900,B10,13;90;46;219;251;157;5;35;192;161;41;3;217;44;206;103;165;134;49,0.1,19,97,19,0.0755947959660313,,False,,,0.7900162778079218,,,,19,0,55.163299999549054,1.7684000049484894,69.67520000762306,2.275200007716194
SupportRiskOnly_B10,JILONG_EI_0199,910,B10,13;219;90;46;251;157;178;192;5;35;217;103;44;3;58;206;33;93;68,0.1,19,97,19,0.069675551913991,,False,,,0.7911014650027128,,,,19,0,55.97610000404529,1.7311999981757251,70.65950000833254,2.2970000136410818
SupportRiskOnly_B10,JILONG_EI_0199,920,B10,13;90;219;46;251;174;161;192;5;36;58;103;217;44;172;206;100;165;179,0.1,19,97,19,0.075740288381282,,False,,,0.7970699945740639,,,,19,0,55.6776000012178,1.7460000090068206,70.8466999931261,2.449199993861839
SupportRiskOnly_B10,JILONG_EI_0199,930,B10,13;46;84;219;74;251;157;105;35;178;5;217;103;44;134;206;128;41;155,0.1,19,96,19,0.0767434202969576,,False,,,0.8152412280701754,,,,19,0,55.35460000101011,1.731399999698624,71.22630000230856,3.137100007734261
SupportRiskOnly_B10,JILONG_EI_0199,940,B10,13;46;90;84;219;251;174;192;178;35;58;5;3;233;44;88;200;206;121,0.1,19,97,19,0.0508687428689572,,False,,,0.8225718936516548,,,,19,0,54.71519999264274,1.7334000003756955,70.9089000010863,2.259000000776723
SupportRiskOnly_B10,JILONG_EI_0199,950,B10,13;219;46;84;74;157;5;192;206;161;36;105;44;103;3;217;165;128;66,0.1,19,95,19,0.0665206637517133,,False,,,0.8099722991689751,,,,19,0,54.70609999611042,1.6813999973237514,70.26770000811666,2.7243999938946217
SupportRiskOnly_B10,JILONG_EI_0199,960,B10,13;46;219;90;35;158;5;178;58;128;3;103;134;217;44;206;49;116;155,0.1,19,94,19,0.0768812552166688,,False,,,0.8006718924972006,,,,19,0,54.540700002689846,1.7340000049443915,71.04840000101831,2.221700007794425
SupportRiskOnly_B10,JILONG_EI_0199,970,B10,13;219;46;157;91;35;161;58;5;128;105;103;44;217;206;100;49;133;93,0.1,19,93,19,0.0835432763360415,,False,,,0.7855121675155631,,,,19,0,54.62459998670965,1.724100002320483,71.2478000059491,2.265499992063269
SupportRiskOnly_B10,JILONG_EI_0199,980,B10,13;219;46;157;35;74;5;178;105;233;103;44;190;128;201;134;41;165;93,0.1,19,93,19,0.0893323429639102,,False,,,0.7781550650820599,,,,19,0,54.92179999419022,1.7484999989392236,71.42130000283942,2.228199999080971
SupportRiskOnly_B10,JILONG_EI_0199,990,B10,13;219;46;174;35;5;91;233;58;178;105;44;172;206;165;103;128;201;134,0.1,19,93,19,0.0669877709796234,,False,,,0.7968307866440294,,,,19,0,55.54139999730978,2.525499992771074,72.85950001096353,2.43209999462124
SupportRiskOnly_B10,JILONG_EI_0199,1000,B10,13;219;46;157;5;91;35;233;58;161;89;120;190;44;128;165;201;66;102,0.1,19,92,19,0.0801127183343415,,False,,,0.7934782608695651,,,,19,0,56.89360000542365,1.7584000015631318,70.20830000692513,2.453799999784678
SupportRiskOnly_B10,JILONG_EI_0199,1010,B10,13;219;90;46;58;158;5;233;35;178;104;201;3;165;44;156;134;144;190,0.1,19,94,19,0.0743466241930914,,False,,,0.7905935050391938,,,,19,0,54.200599988689646,1.821800004108809,71.25560000713449,2.9402999934973195
SupportRiskOnly_B10,JILONG_EI_0199,1020,B10,13;219;46;90;157;5;217;161;35;104;3;58;128;44;134;165;190;155;68,0.1,19,94,19,0.0700737416820454,,False,,,0.7721164613661814,,,,19,0,55.00729999039322,2.477799993357621,70.41010000102688,2.2112000006018206
SupportRiskOnly_B10,JILONG_EI_0199,1030,B10,13;219;46;90;157;20;233;103;128;161;51;58;201;44;165;93;23;215;121,0.1,19,95,19,0.0847225306491259,,False,,,0.7656509695290858,,,,19,0,55.02529999648687,1.6936999891186133,71.67720000143163,2.2462000051746145
SupportRiskOnly_B10,JILONG_EI_0199,1040,B10,13;219;46;157;128;35;74;217;5;161;120;3;88;41;44;23;102;116;213,0.1,19,95,19,0.1005965189025277,,False,,,0.7800554016620499,,,,19,0,54.41149999387562,1.7550000047776848,71.32899999851361,2.3314999998547137
SupportRiskOnly_B10,JILONG_EI_0199,1050,B10,13;219;46;157;217;128;35;90;178;5;120;3;58;44;23;68;171;100;213,0.1,19,95,19,0.0797911035216822,,False,,,0.7601108033240997,,,,19,0,54.43389998981729,1.72529999690596,70.89209998957813,2.3674999974900857
SupportRiskOnly_B10,JILONG_EI_0199,1060,B10,13;219;46;157;217;35;90;161;5;103;3;58;128;49;23;121;135;44;100,0.1,19,97,19,0.0660305840371848,,False,,,0.7623440043407488,,,,19,0,54.26180000358727,1.7323999927612022,70.3429999994114,2.234700004919432
SupportRiskOnly_B10,JILONG_EI_0199,1070,B10,219;13;46;217;158;90;35;178;128;88;3;58;121;172;33;5;23;135;100,0.1,19,98,19,0.0391221447113507,,False,,,0.7771213748657357,,,,19,0,54.04109999653883,1.7826000112108886,70.38280001142994,2.232599988928996
SupportRiskOnly_B10,JILONG_EI_0199,1080,B10,29;219;217;157;74;35;128;161;61;120;3;72;10;33;5;41;23;94;117,0.1,19,100,19,0.1016226233048219,,False,,,0.75,,,,19,0,54.608300008112565,1.6999999934341758,70.53209999867249,2.1741999953519557
SupportRiskOnly_B10,JILONG_EI_0199,1090,B10,13;219;46;35;232;157;90;58;103;3;206;121;201;177;44;10;33;5;23,0.1,19,98,19,0.0657395992066834,,False,,,0.7883995703544575,,,,19,0,54.24099999072496,1.7416000046068802,69.96670000080485,2.410700006294064
SupportRiskOnly_B10,JILONG_EI_0199,1100,B10,219;29;90;157;217;35;104;128;161;4;10;33;57;61;23;69;166;155;185,0.1,19,96,19,0.0715516383211706,,False,,,0.7225877192982457,,,,19,0,54.63689999305643,1.7793000006349755,70.74199999624398,2.215599990449846
SupportRiskOnly_B10,JILONG_EI_0199,1110,B10,219;13;46;106;158;217;128;74;20;104;34;161;44;172;68;23;41;165;78,0.1,19,98,19,0.1041189668507018,,False,,,0.7738990332975295,,,,19,0,54.59639999025967,2.664100000401959,70.13770000776276,2.7024000009987503
SupportRiskOnly_B10,JILONG_EI_0199,1120,B10,13;219;46;174;106;74;217;35;128;88;120;178;4;134;172;33;23;27;78,0.1,19,98,19,0.074009694389353,,False,,,0.7851772287862513,,,,19,0,55.83929999556858,1.779099999112077,70.13130000268575,2.265400005853735
SupportRiskOnly_B10,JILONG_EI_0199,1130,B10,219;13;46;157;106;232;74;103;20;161;128;201;49;51;44;190;23;41;78,0.1,19,97,19,0.1112634101890635,,False,,,0.7721106890938687,,,,19,0,56.14130001049489,1.7309999966528269,70.24119999550749,2.256899999338202
SupportRiskOnly_B10,JILONG_EI_0199,1140,B10,219;13;46;174;90;58;35;128;217;178;4;172;33;66;120;23;44;170;78,0.1,19,96,19,0.0857409775558805,,False,,,0.7637061403508771,,,,19,0,54.60040000616573,1.783400002750568,70.32030000118539,2.398099997662939
SupportRiskOnly_B10,JILONG_EI_0199,1150,B10,13;219;46;157;217;105;74;128;103;161;4;36;41;50;23;78;44;68;166,0.1,19,95,19,0.1086062592368539,,False,,,0.761218836565097,,,,19,0,54.52859999786597,1.7435000045225024,70.57530000747647,2.309600007720292
SupportRiskOnly_B10,JILONG_EI_0199,1160,B10,219;13;46;217;158;74;105;35;4;161;41;33;103;156;44;23;78;101;134,0.1,19,92,19,0.1261572390134082,,False,,,0.7448512585812357,,,,19,0,54.81080000754446,1.7322000057902187,70.89550000091549,2.8402000025380403
SupportRiskOnly_B10,JILONG_EI_0199,1170,B10,13;219;157;119;232;46;105;74;35;178;200;4;78;144;33;41;60;23;165,0.1,19,94,19,0.0855954851406299,,False,,,0.7849944008958567,,,,19,0,54.22679999901448,1.717000006465241,70.2651000028709,2.520199996070005
SupportRiskOnly_B10,JILONG_EI_0199,1180,B10,13;219;174;232;89;91;5;46;57;35;201;3;161;78;172;33;103;44;23,0.1,19,95,19,0.0863306047124227,,False,,,0.805540166204986,,,,19,0,55.51049999485258,1.9946000102208927,70.26680000126362,2.198200003476813
SupportRiskOnly_B10,JILONG_EI_0199,1190,B10,13;219;46;58;174;105;34;78;232;3;91;178;103;112;36;5;201;199;23,0.1,19,98,19,0.065839146648697,,False,,,0.7900107411385607,,,,19,0,55.54270000720862,2.4065000034170225,71.66520001192112,3.775500008487143
SupportRiskOnly_B10,JILONG_EI_0199,1200,B10,219;13;57;46;105;157;35;217;33;3;161;78;44;103;5;23;165;128;171,0.1,19,94,19,0.0914151817506566,,False,,,0.7816349384098544,,,,19,0,55.611900010262616,1.698100008070469,71.57860000734217,2.297200000612065
SupportRiskOnly_B10,JILONG_EI_0199,1210,B10,13;235;90;46;57;158;217;203;3;33;161;35;128;78;172;103;5;23;165,0.1,19,95,19,0.0648743022107189,,False,,,0.8121883656509695,,,,19,0,54.94729999918491,1.7468000005465,71.34100000257604,2.254000006360002
SupportRiskOnly_B10,JILONG_EI_0199,1220,B10,219;29;84;105;57;158;217;61;20;103;49;177;51;144;214;27;156;116;241,0.1,19,97,19,0.1208812245866866,,False,,,0.7362995116657624,,,,19,0,54.59400000108872,1.8118000007234516,71.82880000618752,2.353999996557832
SupportRiskOnly_B10,JILONG_EI_0199,1230,B10,13;46;219;57;105;174;35;217;161;3;78;44;103;134;172;33;5;66;128,0.1,19,95,19,0.082693294331156,,False,,,0.7811634349030471,,,,19,0,54.75590001151431,1.8182000058004637,70.06050000200048,2.248600008897484
SupportRiskOnly_B10,JILONG_EI_0199,1240,B10,13;57;235;46;105;157;203;33;201;35;232;103;3;78;178;190;5;128;66,0.1,19,94,19,0.0746222940325137,,False,,,0.8068309070548711,,,,19,0,54.31789999420289,2.5674000062281266,70.83810000040103,3.323400000226684
SupportRiskOnly_B10,JILONG_EI_0199,1250,B10,13;219;57;46;105;174;128;33;5;35;3;217;161;78;103;44;68;166;164,0.1,19,95,19,0.1104364006707966,,False,,,0.7889196675900277,,,,19,0,55.08909998752642,1.756699988618493,71.93629999528639,3.290199994808063
SupportRiskOnly_B10,JILONG_EI_0199,1260,B10,29;219;57;217;90;158;34;128;78;120;3;206;88;177;172;36;5;102;60,0.1,19,94,19,0.078374466846873,,False,,,0.7793952967525196,,,,19,0,54.897299996810034,1.8893999949796123,73.16410000203177,3.248600012739189
SupportRiskOnly_B10,JILONG_EI_0199,1270,B10,13;57;219;46;217;90;174;35;33;120;78;161;44;5;3;165;128;100;71,0.1,19,94,19,0.0963159788959422,,False,,,0.7704367301231801,,,,19,0,55.559999993420206,1.722199987852946,71.09100000525359,2.281799999764189
SupportRiskOnly_B10,JILONG_EI_0199,1280,B10,13;57;251;90;46;203;157;3;217;78;120;35;49;5;178;100;128;133;166,0.1,19,94,19,0.0797451585484451,,False,,,0.7827547592385218,,,,19,0,54.457299993373454,1.81049999082461,71.36860000900924,2.4679999914951622
SupportRiskOnly_B10,JILONG_EI_0199,1290,B10,13;57;251;106;203;158;3;217;78;103;46;35;128;161;49;44;100;172;5,0.1,19,94,19,0.0879693087578776,,False,,,0.7933930571108623,,,,19,0,56.72249999770429,1.7820999928517267,69.60600000456907,2.293700003065169
SupportRiskOnly_B10,JILONG_EI_0199,1300,B10,219;29;251;90;57;2;201;158;34;120;232;78;100;128;172;20;161;166;170,0.1,19,96,19,0.0738795169651813,,False,,,0.7807017543859649,,,,19,0,53.90919999626931,2.1852000063518062,70.3429999994114,2.217100001871586
SupportRiskOnly_B10,JILONG_EI_0199,1310,B10,13;219;57;46;3;105;232;35;157;78;201;103;49;44;100;190;5;178;10,0.1,19,92,19,0.0977249580752119,,False,,,0.7866132723112128,,,,19,0,54.21060000662692,1.885200006654486,71.06639999256004,2.279300009831786
SupportRiskOnly_B10,JILONG_EI_0199,1320,B10,219;2;29;84;57;105;232;174;34;78;201;161;172;36;5;128;103;166;10,0.1,19,95,19,0.0658697766308551,,False,,,0.7678670360110803,,,,19,0,55.21320000116248,2.21130000136327,71.25649999943562,2.36169999698177
SupportRiskOnly_B10,JILONG_EI_0199,1330,B10,84;13;219;57;46;3;106;158;35;78;128;120;232;206;201;44;49;172;161,0.1,19,99,19,0.0843243408810714,,False,,,0.8171185539606592,,,,19,0,55.1127000071574,2.108800006681122,71.64270000066608,2.4698000052012503
SupportRiskOnly_B10,JILONG_EI_0199,1340,B10,84;219;2;29;90;57;157;217;78;34;120;161;20;128;166;88;185;10;171,0.1,19,98,19,0.0689787198198957,,False,,,0.7497314715359827,,,,19,0,54.478499994729646,1.9274000078439717,69.53269999939948,2.2256999945966527
SupportRiskOnly_B10,JILONG_EI_0199,1350,B10,219;2;84;29;58;106;78;217;174;35;128;161;166;88;172;33;5;120;10,0.1,19,97,19,0.0526223093475048,,False,,,0.7818773738469885,,,,19,0,54.27750000671949,2.899099999922328,70.49510000797454,2.250899997306988
SupportRiskOnly_B10,JILONG_EI_0199,1360,B10,219;29;3;57;217;106;78;34;174;166;103;100;172;178;5;36;144;133;10,0.1,19,94,19,0.0840563285371886,,False,,,0.7564389697648377,,,,19,0,54.76419998740312,1.75419999868609,71.44489999336656,2.66909999481868
SupportRiskOnly_B10,JILONG_EI_0199,1370,B10,219;13;46;3;217;105;57;78;166;158;35;128;44;49;161;206;171;5;100,0.1,19,97,19,0.0871652717262292,,False,,,0.8171459576776994,,,,19,0,54.89980000129435,1.7586000030860305,69.92090000130702,2.29869999748189
SupportRiskOnly_B10,JILONG_EI_0199,1380,B10,219;29;2;106;74;78;34;174;201;166;232;161;20;100;172;41;120;66;88,0.1,19,95,19,0.0795001186911808,,False,,,0.7894736842105263,,,,19,0,55.10310000681784,1.7220000008819625,70.50359999993816,2.2407999931601807
SupportRiskOnly_B10,JILONG_EI_0199,1390,B10,219;3;29;106;57;217;78;34;157;206;166;36;103;5;100;171;161;214;10,0.1,19,95,19,0.0798293909993797,,False,,,0.7545706371191135,,,,19,0,56.764900000416674,1.8020999996224416,74.04389999283012,3.2518000080017373
SupportRiskOnly_B10,JILONG_EI_0199,1400,B10,219;2;13;57;106;46;34;78;174;44;217;172;161;20;100;120;102;166;88,0.1,19,95,19,0.0872877916548613,,False,,,0.7789473684210527,,,,19,0,54.434100005892105,2.590699994470924,71.34049999876879,2.955700008897111
SupportRiskOnly_B10,JILONG_EI_0199,1410,B10,219;13;90;3;57;46;78;34;217;174;128;172;5;178;100;120;36;166;10,0.1,19,94,19,0.059759095190327,,False,,,0.7827547592385219,,,,19,0,54.449699993710965,1.7410000000381842,70.47740000416525,2.23280000500381
SupportRiskOnly_B10,JILONG_EI_0199,1420,B10,219;13;90;57;3;78;34;217;174;5;46;103;44;172;161;36;100;166;213,0.1,19,93,19,0.0912390593532479,,False,,,0.7747594793435201,,,,19,0,54.54029999964405,1.7584000015631318,70.50229999003932,2.2600000083912164
SupportRiskOnly_B10,JILONG_EI_0199,1430,B10,13;235;90;57;46;78;35;217;174;3;203;161;103;5;171;49;60;199;166,0.1,19,95,19,0.0707016563162852,,False,,,0.7806094182825486,,,,19,0,54.72630000440404,2.2475000005215406,70.89740000083111,2.242900009150617
SupportRiskOnly_B10,JILONG_EI_0199,1440,B10,2;13;219;57;106;78;46;34;174;176;232;201;44;36;5;178;120;155;165,0.1,19,97,19,0.0862310572704091,,False,,,0.781334780249593,,,,19,0,54.77089999476448,2.0508000015979637,70.72010000410955,2.8423999901860952
