Reading data file: claw.data
         first 5 lines are comments and will be skipped
Reading data file: amr.data
         first 5 lines are comments and will be skipped
  
 Running amrclaw ...  
  
Reading data file: geoclaw.data
         first 5 lines are comments and will be skipped
Reading data file: refinement.data
         first 5 lines are comments and will be skipped
Reading data file: dtopo.data
         first 5 lines are comments and will be skipped
Reading data file: topo.data
         first 5 lines are comments and will be skipped
 *** in file: /root/autodl-tmp/Debris-flow-jilong-final/sim/dclaw/jilong_published_route_rebase/published_route_domain_64m.tt3
     Shifting xllcorner by 0.5*dx to cell center
 *** in file: /root/autodl-tmp/Debris-flow-jilong-final/sim/dclaw/jilong_published_route_rebase/published_route_domain_64m.tt3
     Shifting yllcorner by 0.5*dy to cell center
  
 Reading topography file  /root/autodl-tmp/Debris-flow-jilong-final/sim/dclaw/jilong_published_route_rebase/published_route_domain_64m.tt3                                      
 **** WARNING
 **** topo arrays do not quite cover domain
 **** area of overlap =    179568640.00000000     
 **** area of domain  =    181350400.00000000     
 **** error is less than 1% so proceeding...
Reading data file: auxinit_dclaw.data       
         first 5 lines are comments and will be skipped
  
 Reading auxinit file  /root/autodl-tmp/Debris-flow-jilong-final/sim/dclaw/jilong_published_route_rebase/entrainment/erodible_thickness_fullroute_8m.tt3                     
Reading data file: fgout_grids.data
         first 5 lines are comments and will be skipped
Reading data file: regions.data
         first 5 lines are comments and will be skipped
Reading data file: flagregions.data
         first 5 lines are comments and will be skipped
Reading data file: gauges.data
         first 5 lines are comments and will be skipped
Reading data file: fgmax_grids.data
         first 5 lines are comments and will be skipped
 +++ fgbb:    338894.00000000000        356430.00000000000        3127228.0000000000        3137468.0000000000     
 +++ fgll:    338894.00000000000        3127228.0000000000              275         161
 +++ fg%x(npts), fg%y(1):    356430.00000000000        3127228.0000000000     
Reading data file: dclaw.data               
         first 5 lines are comments and will be skipped
Reading data file: pinit_dclaw.data         
         first 5 lines are comments and will be skipped
Reading data file: qinit_dclaw.data         
         first 5 lines are comments and will be skipped
Reading data file: flowgrades.data          
         first 5 lines are comments and will be skipped
 rnode allocated...
 node allocated...
 listOfGrids allocated...
 Storage allocated...
 bndList allocated...
Gridding level   1 at t =  0.000000E+00:     1 grids with       44275 cells
  max threads set to           12
  
 Done reading data, starting computation ...  
  
 Total mass at initial time:    0.0000000000000000     
GEOCLAW: Frame    0 output files done at time t =  0.000000D+00

 AMRCLAW: level  1  CFL = .000E+00  dt = 0.5000E-01  final t = 0.500000E-01
 AMRCLAW: level  1  CFL = .000E+00  dt = 0.5000E+00  final t = 0.550000E+00
 AMRCLAW: level  1  CFL = .164E-01  dt = 0.5000E+00  final t = 0.105000E+01
 AMRCLAW: level  1  CFL = .382E-01  dt = 0.5000E+00  final t = 0.155000E+01
 AMRCLAW: level  1  CFL = .531E-01  dt = 0.5000E+00  final t = 0.205000E+01
 AMRCLAW: level  1  CFL = .737E-01  dt = 0.5000E+00  final t = 0.255000E+01
 AMRCLAW: level  1  CFL = .934E-01  dt = 0.5000E+00  final t = 0.305000E+01
 AMRCLAW: level  1  CFL = .112E+00  dt = 0.5000E+00  final t = 0.355000E+01
 AMRCLAW: level  1  CFL = .130E+00  dt = 0.5000E+00  final t = 0.405000E+01
 AMRCLAW: level  1  CFL = .147E+00  dt = 0.5000E+00  final t = 0.455000E+01
 AMRCLAW: level  1  CFL = .163E+00  dt = 0.5000E+00  final t = 0.505000E+01
 AMRCLAW: level  1  CFL = .178E+00  dt = 0.5000E+00  final t = 0.555000E+01
 AMRCLAW: level  1  CFL = .191E+00  dt = 0.5000E+00  final t = 0.605000E+01
 AMRCLAW: level  1  CFL = .204E+00  dt = 0.5000E+00  final t = 0.655000E+01
 AMRCLAW: level  1  CFL = .216E+00  dt = 0.5000E+00  final t = 0.705000E+01
 AMRCLAW: level  1  CFL = .227E+00  dt = 0.5000E+00  final t = 0.755000E+01
 AMRCLAW: level  1  CFL = .241E+00  dt = 0.5000E+00  final t = 0.805000E+01
 AMRCLAW: level  1  CFL = .256E+00  dt = 0.5000E+00  final t = 0.855000E+01
 AMRCLAW: level  1  CFL = .271E+00  dt = 0.5000E+00  final t = 0.905000E+01
 AMRCLAW: level  1  CFL = .285E+00  dt = 0.5000E+00  final t = 0.955000E+01
 AMRCLAW: level  1  CFL = .298E+00  dt = 0.5000E+00  final t = 0.100500E+02
 AMRCLAW: level  1  CFL = .312E+00  dt = 0.5000E+00  final t = 0.105500E+02
 AMRCLAW: level  1  CFL = .325E+00  dt = 0.5000E+00  final t = 0.110500E+02
 AMRCLAW: level  1  CFL = .337E+00  dt = 0.5000E+00  final t = 0.115500E+02
 AMRCLAW: level  1  CFL = .348E+00  dt = 0.5000E+00  final t = 0.120500E+02
 AMRCLAW: level  1  CFL = .358E+00  dt = 0.5000E+00  final t = 0.125500E+02
 AMRCLAW: level  1  CFL = .368E+00  dt = 0.5000E+00  final t = 0.130500E+02
 AMRCLAW: level  1  CFL = .380E+00  dt = 0.5000E+00  final t = 0.135500E+02
 AMRCLAW: level  1  CFL = .391E+00  dt = 0.5000E+00  final t = 0.140500E+02
 AMRCLAW: level  1  CFL = .400E+00  dt = 0.5000E+00  final t = 0.145500E+02
 AMRCLAW: level  1  CFL = .409E+00  dt = 0.5000E+00  final t = 0.150500E+02
 AMRCLAW: level  1  CFL = .417E+00  dt = 0.5000E+00  final t = 0.155500E+02
 AMRCLAW: level  1  CFL = .424E+00  dt = 0.5000E+00  final t = 0.160500E+02
 AMRCLAW: level  1  CFL = .430E+00  dt = 0.5000E+00  final t = 0.165500E+02
 AMRCLAW: level  1  CFL = .436E+00  dt = 0.5000E+00  final t = 0.170500E+02
 AMRCLAW: level  1  CFL = .442E+00  dt = 0.5000E+00  final t = 0.175500E+02
 AMRCLAW: level  1  CFL = .447E+00  dt = 0.5000E+00  final t = 0.180500E+02
 AMRCLAW: level  1  CFL = .449E+00  dt = 0.5000E+00  final t = 0.185500E+02
 AMRCLAW: level  1  CFL = .450E+00  dt = 0.5000E+00  final t = 0.190500E+02
 AMRCLAW: level  1  CFL = .451E+00  dt = 0.4996E+00  final t = 0.195496E+02
 AMRCLAW: level  1  CFL = .451E+00  dt = 0.4982E+00  final t = 0.200478E+02
 AMRCLAW: level  1  CFL = .451E+00  dt = 0.4968E+00  final t = 0.205445E+02
 AMRCLAW: level  1  CFL = .451E+00  dt = 0.4954E+00  final t = 0.210399E+02
 AMRCLAW: level  1  CFL = .451E+00  dt = 0.4940E+00  final t = 0.215338E+02
 AMRCLAW: level  1  CFL = .451E+00  dt = 0.4926E+00  final t = 0.220264E+02
 AMRCLAW: level  1  CFL = .451E+00  dt = 0.4914E+00  final t = 0.225178E+02
 AMRCLAW: level  1  CFL = .452E+00  dt = 0.4902E+00  final t = 0.230081E+02
 AMRCLAW: level  1  CFL = .452E+00  dt = 0.4878E+00  final t = 0.234959E+02
 AMRCLAW: level  1  CFL = .452E+00  dt = 0.4855E+00  final t = 0.239814E+02
 AMRCLAW: level  1  CFL = .451E+00  dt = 0.4834E+00  final t = 0.244648E+02
 AMRCLAW: level  1  CFL = .451E+00  dt = 0.4820E+00  final t = 0.249468E+02
 AMRCLAW: level  1  CFL = .451E+00  dt = 0.4812E+00  final t = 0.254281E+02
 AMRCLAW: level  1  CFL = .451E+00  dt = 0.4805E+00  final t = 0.259085E+02
 AMRCLAW: level  1  CFL = .451E+00  dt = 0.4797E+00  final t = 0.263882E+02
 AMRCLAW: level  1  CFL = .451E+00  dt = 0.4789E+00  final t = 0.268671E+02
 AMRCLAW: level  1  CFL = .451E+00  dt = 0.4782E+00  final t = 0.273453E+02
 AMRCLAW: level  1  CFL = .451E+00  dt = 0.4774E+00  final t = 0.278227E+02
 AMRCLAW: level  1  CFL = .451E+00  dt = 0.4767E+00  final t = 0.282995E+02
 AMRCLAW: level  1  CFL = .451E+00  dt = 0.4761E+00  final t = 0.287755E+02
 AMRCLAW: level  1  CFL = .451E+00  dt = 0.4754E+00  final t = 0.292509E+02
 AMRCLAW: level  1  CFL = .451E+00  dt = 0.4748E+00  final t = 0.297257E+02
 AMRCLAW: level  1  CFL = .261E+00  dt = 0.2743E+00  final t = 0.300000E+02
GEOCLAW: Frame    1 output files done at time t =  0.300000D+02

 AMRCLAW: level  1  CFL = .450E+00  dt = 0.4736E+00  final t = 0.304736E+02
 AMRCLAW: level  1  CFL = .451E+00  dt = 0.4732E+00  final t = 0.309468E+02
 AMRCLAW: level  1  CFL = .451E+00  dt = 0.4727E+00  final t = 0.314195E+02
 AMRCLAW: level  1  CFL = .451E+00  dt = 0.4721E+00  final t = 0.318916E+02
 AMRCLAW: level  1  CFL = .450E+00  dt = 0.4716E+00  final t = 0.323632E+02
 AMRCLAW: level  1  CFL = .450E+00  dt = 0.4710E+00  final t = 0.328342E+02
 AMRCLAW: level  1  CFL = .450E+00  dt = 0.4706E+00  final t = 0.333048E+02
 AMRCLAW: level  1  CFL = .450E+00  dt = 0.4701E+00  final t = 0.337748E+02
 AMRCLAW: level  1  CFL = .450E+00  dt = 0.4696E+00  final t = 0.342445E+02
 AMRCLAW: level  1  CFL = .450E+00  dt = 0.4692E+00  final t = 0.347136E+02
 AMRCLAW: level  1  CFL = .450E+00  dt = 0.4687E+00  final t = 0.351824E+02
 AMRCLAW: level  1  CFL = .450E+00  dt = 0.4683E+00  final t = 0.356507E+02
 AMRCLAW: level  1  CFL = .450E+00  dt = 0.4679E+00  final t = 0.361185E+02
 AMRCLAW: level  1  CFL = .450E+00  dt = 0.4674E+00  final t = 0.365859E+02
 AMRCLAW: level  1  CFL = .450E+00  dt = 0.4670E+00  final t = 0.370529E+02
 AMRCLAW: level  1  CFL = .450E+00  dt = 0.4666E+00  final t = 0.375195E+02
 AMRCLAW: level  1  CFL = .450E+00  dt = 0.4662E+00  final t = 0.379857E+02
 AMRCLAW: level  1  CFL = .450E+00  dt = 0.4658E+00  final t = 0.384515E+02
 AMRCLAW: level  1  CFL = .450E+00  dt = 0.4654E+00  final t = 0.389168E+02
 AMRCLAW: level  1  CFL = .450E+00  dt = 0.4650E+00  final t = 0.393818E+02
 AMRCLAW: level  1  CFL = .450E+00  dt = 0.4646E+00  final t = 0.398465E+02
 AMRCLAW: level  1  CFL = .450E+00  dt = 0.4643E+00  final t = 0.403107E+02
 AMRCLAW: level  1  CFL = .450E+00  dt = 0.4639E+00  final t = 0.407746E+02
 AMRCLAW: level  1  CFL = .450E+00  dt = 0.4636E+00  final t = 0.412382E+02
 AMRCLAW: level  1  CFL = .450E+00  dt = 0.4633E+00  final t = 0.417015E+02
 AMRCLAW: level  1  CFL = .450E+00  dt = 0.4630E+00  final t = 0.421645E+02
 AMRCLAW: level  1  CFL = .450E+00  dt = 0.4627E+00  final t = 0.426272E+02
 AMRCLAW: level  1  CFL = .450E+00  dt = 0.4624E+00  final t = 0.430896E+02
 AMRCLAW: level  1  CFL = .450E+00  dt = 0.4622E+00  final t = 0.435518E+02
 AMRCLAW: level  1  CFL = .450E+00  dt = 0.4619E+00  final t = 0.440137E+02
 AMRCLAW: level  1  CFL = .450E+00  dt = 0.4617E+00  final t = 0.444754E+02
 AMRCLAW: level  1  CFL = .450E+00  dt = 0.4615E+00  final t = 0.449369E+02
 AMRCLAW: level  1  CFL = .450E+00  dt = 0.4613E+00  final t = 0.453982E+02
 AMRCLAW: level  1  CFL = .450E+00  dt = 0.4611E+00  final t = 0.458593E+02
 AMRCLAW: level  1  CFL = .450E+00  dt = 0.4609E+00  final t = 0.463202E+02
 AMRCLAW: level  1  CFL = .450E+00  dt = 0.4608E+00  final t = 0.467810E+02
 AMRCLAW: level  1  CFL = .450E+00  dt = 0.4606E+00  final t = 0.472416E+02
 AMRCLAW: level  1  CFL = .450E+00  dt = 0.4605E+00  final t = 0.477022E+02
 AMRCLAW: level  1  CFL = .450E+00  dt = 0.4604E+00  final t = 0.481626E+02
 AMRCLAW: level  1  CFL = .450E+00  dt = 0.4603E+00  final t = 0.486229E+02
 AMRCLAW: level  1  CFL = .450E+00  dt = 0.4603E+00  final t = 0.490831E+02
 AMRCLAW: level  1  CFL = .450E+00  dt = 0.4602E+00  final t = 0.495434E+02
 AMRCLAW: level  1  CFL = .450E+00  dt = 0.4602E+00  final t = 0.500035E+02
 AMRCLAW: level  1  CFL = .450E+00  dt = 0.4602E+00  final t = 0.504637E+02
 AMRCLAW: level  1  CFL = .450E+00  dt = 0.4601E+00  final t = 0.509238E+02
 AMRCLAW: level  1  CFL = .450E+00  dt = 0.4601E+00  final t = 0.513840E+02
 AMRCLAW: level  1  CFL = .450E+00  dt = 0.4602E+00  final t = 0.518441E+02
 AMRCLAW: level  1  CFL = .450E+00  dt = 0.4602E+00  final t = 0.523043E+02
 AMRCLAW: level  1  CFL = .450E+00  dt = 0.4602E+00  final t = 0.527645E+02
 AMRCLAW: level  1  CFL = .450E+00  dt = 0.4602E+00  final t = 0.532247E+02
 AMRCLAW: level  1  CFL = .450E+00  dt = 0.4601E+00  final t = 0.536848E+02
 AMRCLAW: level  1  CFL = .450E+00  dt = 0.4604E+00  final t = 0.541452E+02
 AMRCLAW: level  1  CFL = .450E+00  dt = 0.4601E+00  final t = 0.546053E+02
 AMRCLAW: level  1  CFL = .450E+00  dt = 0.4605E+00  final t = 0.550658E+02
 AMRCLAW: level  1  CFL = .449E+00  dt = 0.4601E+00  final t = 0.555259E+02
 AMRCLAW: level  1  CFL = .451E+00  dt = 0.4608E+00  final t = 0.559867E+02
 AMRCLAW: level  1  CFL = .449E+00  dt = 0.4602E+00  final t = 0.564468E+02
 AMRCLAW: level  1  CFL = .451E+00  dt = 0.4610E+00  final t = 0.569078E+02
 AMRCLAW: level  1  CFL = .449E+00  dt = 0.4603E+00  final t = 0.573681E+02
 AMRCLAW: level  1  CFL = .451E+00  dt = 0.4611E+00  final t = 0.578291E+02
 AMRCLAW: level  1  CFL = .449E+00  dt = 0.4604E+00  final t = 0.582895E+02
 AMRCLAW: level  1  CFL = .451E+00  dt = 0.4612E+00  final t = 0.587508E+02
 AMRCLAW: level  1  CFL = .449E+00  dt = 0.4606E+00  final t = 0.592114E+02
 AMRCLAW: level  1  CFL = .451E+00  dt = 0.4615E+00  final t = 0.596729E+02
 AMRCLAW: level  1  CFL = .319E+00  dt = 0.3271E+00  final t = 0.600000E+02
GEOCLAW: Frame    2 output files done at time t =  0.600000D+02

 AMRCLAW: level  1  CFL = .450E+00  dt = 0.4619E+00  final t = 0.604619E+02
 AMRCLAW: level  1  CFL = .449E+00  dt = 0.4615E+00  final t = 0.609233E+02
 AMRCLAW: level  1  CFL = .451E+00  dt = 0.4624E+00  final t = 0.613857E+02
 AMRCLAW: level  1  CFL = .449E+00  dt = 0.4618E+00  final t = 0.618475E+02
 AMRCLAW: level  1  CFL = .449E+00  dt = 0.4628E+00  final t = 0.623104E+02
 AMRCLAW: level  1  CFL = .451E+00  dt = 0.4635E+00  final t = 0.627739E+02
 AMRCLAW: level  1  CFL = .449E+00  dt = 0.4628E+00  final t = 0.632366E+02
 AMRCLAW: level  1  CFL = .449E+00  dt = 0.4637E+00  final t = 0.637004E+02
 AMRCLAW: level  1  CFL = .449E+00  dt = 0.4644E+00  final t = 0.641648E+02
 AMRCLAW: level  1  CFL = .451E+00  dt = 0.4650E+00  final t = 0.646298E+02
 AMRCLAW: level  1  CFL = .449E+00  dt = 0.4640E+00  final t = 0.650938E+02
 AMRCLAW: level  1  CFL = .449E+00  dt = 0.4650E+00  final t = 0.655589E+02
 AMRCLAW: level  1  CFL = .449E+00  dt = 0.4658E+00  final t = 0.660246E+02
 AMRCLAW: level  1  CFL = .450E+00  dt = 0.4663E+00  final t = 0.664910E+02
 AMRCLAW: level  1  CFL = .450E+00  dt = 0.4668E+00  final t = 0.669578E+02
 AMRCLAW: level  1  CFL = .450E+00  dt = 0.4673E+00  final t = 0.674251E+02
 AMRCLAW: level  1  CFL = .450E+00  dt = 0.4677E+00  final t = 0.678928E+02
 AMRCLAW: level  1  CFL = .450E+00  dt = 0.4682E+00  final t = 0.683609E+02
 AMRCLAW: level  1  CFL = .450E+00  dt = 0.4686E+00  final t = 0.688295E+02
 AMRCLAW: level  1  CFL = .450E+00  dt = 0.4690E+00  final t = 0.692985E+02
 AMRCLAW: level  1  CFL = .450E+00  dt = 0.4695E+00  final t = 0.697680E+02
 AMRCLAW: level  1  CFL = .450E+00  dt = 0.4700E+00  final t = 0.702380E+02
 AMRCLAW: level  1  CFL = .450E+00  dt = 0.4704E+00  final t = 0.707084E+02
 AMRCLAW: level  1  CFL = .450E+00  dt = 0.4709E+00  final t = 0.711794E+02
 AMRCLAW: level  1  CFL = .449E+00  dt = 0.4714E+00  final t = 0.716508E+02
 AMRCLAW: level  1  CFL = .450E+00  dt = 0.4720E+00  final t = 0.721228E+02
 AMRCLAW: level  1  CFL = .449E+00  dt = 0.4723E+00  final t = 0.725950E+02
 AMRCLAW: level  1  CFL = .450E+00  dt = 0.4730E+00  final t = 0.730680E+02
 AMRCLAW: level  1  CFL = .450E+00  dt = 0.4734E+00  final t = 0.735414E+02
 AMRCLAW: level  1  CFL = .449E+00  dt = 0.4739E+00  final t = 0.740153E+02
 AMRCLAW: level  1  CFL = .449E+00  dt = 0.4745E+00  final t = 0.744898E+02
 AMRCLAW: level  1  CFL = .450E+00  dt = 0.4754E+00  final t = 0.749652E+02
 AMRCLAW: level  1  CFL = .449E+00  dt = 0.4759E+00  final t = 0.754411E+02
 AMRCLAW: level  1  CFL = .449E+00  dt = 0.4765E+00  final t = 0.759176E+02
 AMRCLAW: level  1  CFL = .449E+00  dt = 0.4772E+00  final t = 0.763948E+02
 AMRCLAW: level  1  CFL = .449E+00  dt = 0.4778E+00  final t = 0.768726E+02
 AMRCLAW: level  1  CFL = .449E+00  dt = 0.4785E+00  final t = 0.773511E+02
 AMRCLAW: level  1  CFL = .449E+00  dt = 0.4793E+00  final t = 0.778304E+02
 AMRCLAW: level  1  CFL = .449E+00  dt = 0.4800E+00  final t = 0.783104E+02
 AMRCLAW: level  1  CFL = .449E+00  dt = 0.4807E+00  final t = 0.787911E+02
 AMRCLAW: level  1  CFL = .449E+00  dt = 0.4815E+00  final t = 0.792725E+02
 AMRCLAW: level  1  CFL = .449E+00  dt = 0.4822E+00  final t = 0.797548E+02
 AMRCLAW: level  1  CFL = .449E+00  dt = 0.4830E+00  final t = 0.802378E+02
 AMRCLAW: level  1  CFL = .449E+00  dt = 0.4839E+00  final t = 0.807217E+02
 AMRCLAW: level  1  CFL = .449E+00  dt = 0.4847E+00  final t = 0.812064E+02
 AMRCLAW: level  1  CFL = .451E+00  dt = 0.4856E+00  final t = 0.816920E+02
 AMRCLAW: level  1  CFL = .450E+00  dt = 0.4845E+00  final t = 0.821765E+02
 AMRCLAW: level  1  CFL = .452E+00  dt = 0.4842E+00  final t = 0.826608E+02
 AMRCLAW: level  1  CFL = .452E+00  dt = 0.4824E+00  final t = 0.831432E+02
 AMRCLAW: level  1  CFL = .451E+00  dt = 0.4808E+00  final t = 0.836240E+02
 AMRCLAW: level  1  CFL = .450E+00  dt = 0.4793E+00  final t = 0.841033E+02
 AMRCLAW: level  1  CFL = .452E+00  dt = 0.4790E+00  final t = 0.845823E+02
 AMRCLAW: level  1  CFL = .452E+00  dt = 0.4771E+00  final t = 0.850594E+02
 AMRCLAW: level  1  CFL = .450E+00  dt = 0.4755E+00  final t = 0.855350E+02
 AMRCLAW: level  1  CFL = .452E+00  dt = 0.4752E+00  final t = 0.860101E+02
 AMRCLAW: level  1  CFL = .450E+00  dt = 0.4734E+00  final t = 0.864835E+02
 AMRCLAW: level  1  CFL = .452E+00  dt = 0.4729E+00  final t = 0.869564E+02
 AMRCLAW: level  1  CFL = .450E+00  dt = 0.4711E+00  final t = 0.874275E+02
 AMRCLAW: level  1  CFL = .452E+00  dt = 0.4707E+00  final t = 0.878982E+02
 AMRCLAW: level  1  CFL = .450E+00  dt = 0.4690E+00  final t = 0.883672E+02
 AMRCLAW: level  1  CFL = .451E+00  dt = 0.4687E+00  final t = 0.888359E+02
 AMRCLAW: level  1  CFL = .452E+00  dt = 0.4681E+00  final t = 0.893040E+02
 AMRCLAW: level  1  CFL = .450E+00  dt = 0.4665E+00  final t = 0.897705E+02
 AMRCLAW: level  1  CFL = .222E+00  dt = 0.2295E+00  final t = 0.900000E+02
GEOCLAW: Frame    3 output files done at time t =  0.900000D+02

 AMRCLAW: level  1  CFL = .450E+00  dt = 0.4657E+00  final t = 0.904657E+02
 AMRCLAW: level  1  CFL = .451E+00  dt = 0.4654E+00  final t = 0.909311E+02
 AMRCLAW: level  1  CFL = .451E+00  dt = 0.4648E+00  final t = 0.913958E+02
 AMRCLAW: level  1  CFL = .451E+00  dt = 0.4642E+00  final t = 0.918600E+02
 AMRCLAW: level  1  CFL = .450E+00  dt = 0.4636E+00  final t = 0.923236E+02
 AMRCLAW: level  1  CFL = .450E+00  dt = 0.4632E+00  final t = 0.927868E+02
 AMRCLAW: level  1  CFL = .450E+00  dt = 0.4627E+00  final t = 0.932495E+02
 AMRCLAW: level  1  CFL = .450E+00  dt = 0.4624E+00  final t = 0.937119E+02
 AMRCLAW: level  1  CFL = .450E+00  dt = 0.4621E+00  final t = 0.941740E+02
 AMRCLAW: level  1  CFL = .450E+00  dt = 0.4618E+00  final t = 0.946358E+02
 AMRCLAW: level  1  CFL = .450E+00  dt = 0.4616E+00  final t = 0.950975E+02
 AMRCLAW: level  1  CFL = .450E+00  dt = 0.4615E+00  final t = 0.955590E+02
 AMRCLAW: level  1  CFL = .450E+00  dt = 0.4614E+00  final t = 0.960204E+02
 AMRCLAW: level  1  CFL = .450E+00  dt = 0.4614E+00  final t = 0.964818E+02
 AMRCLAW: level  1  CFL = .450E+00  dt = 0.4613E+00  final t = 0.969431E+02
 AMRCLAW: level  1  CFL = .450E+00  dt = 0.4613E+00  final t = 0.974045E+02
 AMRCLAW: level  1  CFL = .450E+00  dt = 0.4613E+00  final t = 0.978657E+02
 AMRCLAW: level  1  CFL = .450E+00  dt = 0.4612E+00  final t = 0.983269E+02
 AMRCLAW: level  1  CFL = .450E+00  dt = 0.4612E+00  final t = 0.987881E+02
 AMRCLAW: level  1  CFL = .450E+00  dt = 0.4612E+00  final t = 0.992493E+02
 AMRCLAW: level  1  CFL = .450E+00  dt = 0.4613E+00  final t = 0.997106E+02
 AMRCLAW: level  1  CFL = .450E+00  dt = 0.4615E+00  final t = 0.100172E+03
 AMRCLAW: level  1  CFL = .450E+00  dt = 0.4618E+00  final t = 0.100634E+03
 AMRCLAW: level  1  CFL = .450E+00  dt = 0.4620E+00  final t = 0.101096E+03
 AMRCLAW: level  1  CFL = .450E+00  dt = 0.4623E+00  final t = 0.101558E+03
 AMRCLAW: level  1  CFL = .450E+00  dt = 0.4625E+00  final t = 0.102021E+03
 AMRCLAW: level  1  CFL = .450E+00  dt = 0.4627E+00  final t = 0.102483E+03
 AMRCLAW: level  1  CFL = .450E+00  dt = 0.4628E+00  final t = 0.102946E+03
 AMRCLAW: level  1  CFL = .450E+00  dt = 0.4629E+00  final t = 0.103409E+03
 AMRCLAW: level  1  CFL = .450E+00  dt = 0.4630E+00  final t = 0.103872E+03
 AMRCLAW: level  1  CFL = .450E+00  dt = 0.4630E+00  final t = 0.104335E+03
 AMRCLAW: level  1  CFL = .450E+00  dt = 0.4631E+00  final t = 0.104798E+03
 AMRCLAW: level  1  CFL = .450E+00  dt = 0.4631E+00  final t = 0.105261E+03
 AMRCLAW: level  1  CFL = .450E+00  dt = 0.4632E+00  final t = 0.105725E+03
 AMRCLAW: level  1  CFL = .450E+00  dt = 0.4634E+00  final t = 0.106188E+03
 AMRCLAW: level  1  CFL = .450E+00  dt = 0.4639E+00  final t = 0.106652E+03
 AMRCLAW: level  1  CFL = .450E+00  dt = 0.4644E+00  final t = 0.107116E+03
 AMRCLAW: level  1  CFL = .450E+00  dt = 0.4649E+00  final t = 0.107581E+03
 AMRCLAW: level  1  CFL = .450E+00  dt = 0.4653E+00  final t = 0.108046E+03
 AMRCLAW: level  1  CFL = .450E+00  dt = 0.4657E+00  final t = 0.108512E+03
 AMRCLAW: level  1  CFL = .449E+00  dt = 0.4661E+00  final t = 0.108978E+03
 AMRCLAW: level  1  CFL = .449E+00  dt = 0.4670E+00  final t = 0.109445E+03
 AMRCLAW: level  1  CFL = .449E+00  dt = 0.4680E+00  final t = 0.109913E+03
 AMRCLAW: level  1  CFL = .449E+00  dt = 0.4688E+00  final t = 0.110382E+03
 AMRCLAW: level  1  CFL = .449E+00  dt = 0.4695E+00  final t = 0.110852E+03
 AMRCLAW: level  1  CFL = .450E+00  dt = 0.4700E+00  final t = 0.111322E+03
 AMRCLAW: level  1  CFL = .450E+00  dt = 0.4705E+00  final t = 0.111792E+03
 AMRCLAW: level  1  CFL = .449E+00  dt = 0.4710E+00  final t = 0.112263E+03
 AMRCLAW: level  1  CFL = .449E+00  dt = 0.4718E+00  final t = 0.112735E+03
 AMRCLAW: level  1  CFL = .449E+00  dt = 0.4725E+00  final t = 0.113207E+03
 AMRCLAW: level  1  CFL = .450E+00  dt = 0.4732E+00  final t = 0.113681E+03
 AMRCLAW: level  1  CFL = .449E+00  dt = 0.4737E+00  final t = 0.114154E+03
 AMRCLAW: level  1  CFL = .449E+00  dt = 0.4744E+00  final t = 0.114629E+03
 AMRCLAW: level  1  CFL = .450E+00  dt = 0.4750E+00  final t = 0.115104E+03
 AMRCLAW: level  1  CFL = .451E+00  dt = 0.4754E+00  final t = 0.115579E+03
 AMRCLAW: level  1  CFL = .451E+00  dt = 0.4747E+00  final t = 0.116054E+03
 AMRCLAW: level  1  CFL = .451E+00  dt = 0.4737E+00  final t = 0.116527E+03
 AMRCLAW: level  1  CFL = .450E+00  dt = 0.4728E+00  final t = 0.117000E+03
 AMRCLAW: level  1  CFL = .451E+00  dt = 0.4724E+00  final t = 0.117473E+03
 AMRCLAW: level  1  CFL = .450E+00  dt = 0.4714E+00  final t = 0.117944E+03
 AMRCLAW: level  1  CFL = .451E+00  dt = 0.4710E+00  final t = 0.118415E+03
 AMRCLAW: level  1  CFL = .450E+00  dt = 0.4704E+00  final t = 0.118885E+03
 AMRCLAW: level  1  CFL = .450E+00  dt = 0.4702E+00  final t = 0.119356E+03
 AMRCLAW: level  1  CFL = .449E+00  dt = 0.4699E+00  final t = 0.119826E+03
 AMRCLAW: level  1  CFL = .167E+00  dt = 0.1745E+00  final t = 0.120000E+03
GEOCLAW: Frame    4 output files done at time t =  0.120000D+03

 AMRCLAW: level  1  CFL = .450E+00  dt = 0.4701E+00  final t = 0.120470E+03
 AMRCLAW: level  1  CFL = .450E+00  dt = 0.4703E+00  final t = 0.120940E+03
 AMRCLAW: level  1  CFL = .450E+00  dt = 0.4702E+00  final t = 0.121411E+03
 AMRCLAW: level  1  CFL = .450E+00  dt = 0.4705E+00  final t = 0.121881E+03
 AMRCLAW: level  1  CFL = .449E+00  dt = 0.4707E+00  final t = 0.122352E+03
 AMRCLAW: level  1  CFL = .449E+00  dt = 0.4714E+00  final t = 0.122823E+03
 AMRCLAW: level  1  CFL = .450E+00  dt = 0.4723E+00  final t = 0.123295E+03
 AMRCLAW: level  1  CFL = .449E+00  dt = 0.4722E+00  final t = 0.123768E+03
 AMRCLAW: level  1  CFL = .449E+00  dt = 0.4734E+00  final t = 0.124241E+03
 AMRCLAW: level  1  CFL = .449E+00  dt = 0.4739E+00  final t = 0.124715E+03
 AMRCLAW: level  1  CFL = .450E+00  dt = 0.4750E+00  final t = 0.125190E+03
 AMRCLAW: level  1  CFL = .449E+00  dt = 0.4753E+00  final t = 0.125665E+03
 AMRCLAW: level  1  CFL = .454E+00  dt = 0.4769E+00  final t = 0.126142E+03
 AMRCLAW: level  1  CFL = .455E+00  dt = 0.4722E+00  final t = 0.126614E+03
 AMRCLAW: level  1  CFL = .456E+00  dt = 0.4666E+00  final t = 0.127081E+03
 AMRCLAW: level  1  CFL = .455E+00  dt = 0.4602E+00  final t = 0.127541E+03
 AMRCLAW: level  1  CFL = .453E+00  dt = 0.4556E+00  final t = 0.127997E+03
 AMRCLAW: level  1  CFL = .452E+00  dt = 0.4524E+00  final t = 0.128449E+03
 AMRCLAW: level  1  CFL = .449E+00  dt = 0.4508E+00  final t = 0.128900E+03
 AMRCLAW: level  1  CFL = .449E+00  dt = 0.4517E+00  final t = 0.129352E+03
 AMRCLAW: level  1  CFL = .450E+00  dt = 0.4527E+00  final t = 0.129804E+03
 AMRCLAW: level  1  CFL = .450E+00  dt = 0.4531E+00  final t = 0.130257E+03
 AMRCLAW: level  1  CFL = .453E+00  dt = 0.4536E+00  final t = 0.130711E+03
 AMRCLAW: level  1  CFL = .453E+00  dt = 0.4509E+00  final t = 0.131162E+03
 AMRCLAW: level  1  CFL = .454E+00  dt = 0.4475E+00  final t = 0.131609E+03
 AMRCLAW: level  1  CFL = .455E+00  dt = 0.4434E+00  final t = 0.132053E+03
 AMRCLAW: level  1  CFL = .452E+00  dt = 0.4384E+00  final t = 0.132491E+03
 AMRCLAW: level  1  CFL = .453E+00  dt = 0.4365E+00  final t = 0.132928E+03
 AMRCLAW: level  1  CFL = .453E+00  dt = 0.4335E+00  final t = 0.133361E+03
 AMRCLAW: level  1  CFL = .451E+00  dt = 0.4308E+00  final t = 0.133792E+03
 AMRCLAW: level  1  CFL = .450E+00  dt = 0.4301E+00  final t = 0.134222E+03
 AMRCLAW: level  1  CFL = .450E+00  dt = 0.4298E+00  final t = 0.134652E+03
 AMRCLAW: level  1  CFL = .450E+00  dt = 0.4297E+00  final t = 0.135081E+03
 AMRCLAW: level  1  CFL = .450E+00  dt = 0.4296E+00  final t = 0.135511E+03
 AMRCLAW: level  1  CFL = .450E+00  dt = 0.4296E+00  final t = 0.135941E+03
 AMRCLAW: level  1  CFL = .450E+00  dt = 0.4296E+00  final t = 0.136370E+03
 AMRCLAW: level  1  CFL = .450E+00  dt = 0.4296E+00  final t = 0.136800E+03
 AMRCLAW: level  1  CFL = .450E+00  dt = 0.4296E+00  final t = 0.137229E+03
 AMRCLAW: level  1  CFL = .451E+00  dt = 0.4294E+00  final t = 0.137659E+03
 AMRCLAW: level  1  CFL = .450E+00  dt = 0.4289E+00  final t = 0.138088E+03
 AMRCLAW: level  1  CFL = .450E+00  dt = 0.4285E+00  final t = 0.138516E+03
 AMRCLAW: level  1  CFL = .451E+00  dt = 0.4281E+00  final t = 0.138944E+03
 AMRCLAW: level  1  CFL = .450E+00  dt = 0.4276E+00  final t = 0.139372E+03
 AMRCLAW: level  1  CFL = .450E+00  dt = 0.4272E+00  final t = 0.139799E+03
 AMRCLAW: level  1  CFL = .450E+00  dt = 0.4273E+00  final t = 0.140226E+03
 AMRCLAW: level  1  CFL = .450E+00  dt = 0.4274E+00  final t = 0.140654E+03
 AMRCLAW: level  1  CFL = .450E+00  dt = 0.4274E+00  final t = 0.141081E+03
 AMRCLAW: level  1  CFL = .450E+00  dt = 0.4275E+00  final t = 0.141509E+03
 AMRCLAW: level  1  CFL = .450E+00  dt = 0.4276E+00  final t = 0.141936E+03
 AMRCLAW: level  1  CFL = .450E+00  dt = 0.4277E+00  final t = 0.142364E+03
 AMRCLAW: level  1  CFL = .450E+00  dt = 0.4278E+00  final t = 0.142792E+03
 AMRCLAW: level  1  CFL = .450E+00  dt = 0.4279E+00  final t = 0.143220E+03
 AMRCLAW: level  1  CFL = .450E+00  dt = 0.4279E+00  final t = 0.143647E+03
 AMRCLAW: level  1  CFL = .450E+00  dt = 0.4280E+00  final t = 0.144076E+03
 AMRCLAW: level  1  CFL = .450E+00  dt = 0.4281E+00  final t = 0.144504E+03
 AMRCLAW: level  1  CFL = .450E+00  dt = 0.4282E+00  final t = 0.144932E+03
 AMRCLAW: level  1  CFL = .450E+00  dt = 0.4283E+00  final t = 0.145360E+03
 AMRCLAW: level  1  CFL = .450E+00  dt = 0.4284E+00  final t = 0.145788E+03
 AMRCLAW: level  1  CFL = .450E+00  dt = 0.4285E+00  final t = 0.146217E+03
 AMRCLAW: level  1  CFL = .450E+00  dt = 0.4286E+00  final t = 0.146646E+03
 AMRCLAW: level  1  CFL = .450E+00  dt = 0.4286E+00  final t = 0.147074E+03
 AMRCLAW: level  1  CFL = .450E+00  dt = 0.4287E+00  final t = 0.147503E+03
 AMRCLAW: level  1  CFL = .450E+00  dt = 0.4288E+00  final t = 0.147932E+03
 AMRCLAW: level  1  CFL = .450E+00  dt = 0.4288E+00  final t = 0.148360E+03
 AMRCLAW: level  1  CFL = .450E+00  dt = 0.4288E+00  final t = 0.148789E+03
 AMRCLAW: level  1  CFL = .450E+00  dt = 0.4288E+00  final t = 0.149218E+03
 AMRCLAW: level  1  CFL = .450E+00  dt = 0.4288E+00  final t = 0.149647E+03
 AMRCLAW: level  1  CFL = .371E+00  dt = 0.3531E+00  final t = 0.150000E+03
GEOCLAW: Frame    5 output files done at time t =  0.150000D+03

 AMRCLAW: level  1  CFL = .450E+00  dt = 0.4286E+00  final t = 0.150429E+03
 AMRCLAW: level  1  CFL = .450E+00  dt = 0.4285E+00  final t = 0.150857E+03
 AMRCLAW: level  1  CFL = .450E+00  dt = 0.4283E+00  final t = 0.151285E+03
 AMRCLAW: level  1  CFL = .450E+00  dt = 0.4281E+00  final t = 0.151714E+03
 AMRCLAW: level  1  CFL = .450E+00  dt = 0.4279E+00  final t = 0.152142E+03
 AMRCLAW: level  1  CFL = .450E+00  dt = 0.4276E+00  final t = 0.152569E+03
 AMRCLAW: level  1  CFL = .450E+00  dt = 0.4273E+00  final t = 0.152996E+03
 AMRCLAW: level  1  CFL = .450E+00  dt = 0.4270E+00  final t = 0.153423E+03
 AMRCLAW: level  1  CFL = .450E+00  dt = 0.4268E+00  final t = 0.153850E+03
 AMRCLAW: level  1  CFL = .450E+00  dt = 0.4265E+00  final t = 0.154277E+03
 AMRCLAW: level  1  CFL = .450E+00  dt = 0.4264E+00  final t = 0.154703E+03
 AMRCLAW: level  1  CFL = .450E+00  dt = 0.4263E+00  final t = 0.155129E+03
 AMRCLAW: level  1  CFL = .450E+00  dt = 0.4264E+00  final t = 0.155556E+03
 AMRCLAW: level  1  CFL = .450E+00  dt = 0.4266E+00  final t = 0.155982E+03
 AMRCLAW: level  1  CFL = .450E+00  dt = 0.4268E+00  final t = 0.156409E+03
 AMRCLAW: level  1  CFL = .450E+00  dt = 0.4271E+00  final t = 0.156836E+03
 AMRCLAW: level  1  CFL = .450E+00  dt = 0.4274E+00  final t = 0.157264E+03
 AMRCLAW: level  1  CFL = .449E+00  dt = 0.4278E+00  final t = 0.157692E+03
 AMRCLAW: level  1  CFL = .448E+00  dt = 0.4286E+00  final t = 0.158120E+03
 AMRCLAW: level  1  CFL = .449E+00  dt = 0.4301E+00  final t = 0.158550E+03
 AMRCLAW: level  1  CFL = .450E+00  dt = 0.4310E+00  final t = 0.158981E+03
 AMRCLAW: level  1  CFL = .450E+00  dt = 0.4312E+00  final t = 0.159413E+03
 AMRCLAW: level  1  CFL = .450E+00  dt = 0.4313E+00  final t = 0.159844E+03
 AMRCLAW: level  1  CFL = .450E+00  dt = 0.4314E+00  final t = 0.160275E+03
 AMRCLAW: level  1  CFL = .450E+00  dt = 0.4315E+00  final t = 0.160707E+03
 AMRCLAW: level  1  CFL = .450E+00  dt = 0.4315E+00  final t = 0.161138E+03
 AMRCLAW: level  1  CFL = .450E+00  dt = 0.4315E+00  final t = 0.161570E+03
 AMRCLAW: level  1  CFL = .449E+00  dt = 0.4314E+00  final t = 0.162001E+03
 AMRCLAW: level  1  CFL = .449E+00  dt = 0.4319E+00  final t = 0.162433E+03
 AMRCLAW: level  1  CFL = .449E+00  dt = 0.4330E+00  final t = 0.162866E+03
 AMRCLAW: level  1  CFL = .450E+00  dt = 0.4339E+00  final t = 0.163300E+03
 AMRCLAW: level  1  CFL = .450E+00  dt = 0.4337E+00  final t = 0.163734E+03
 AMRCLAW: level  1  CFL = .450E+00  dt = 0.4337E+00  final t = 0.164167E+03
 AMRCLAW: level  1  CFL = .450E+00  dt = 0.4336E+00  final t = 0.164601E+03
 AMRCLAW: level  1  CFL = .450E+00  dt = 0.4336E+00  final t = 0.165034E+03
 AMRCLAW: level  1  CFL = .450E+00  dt = 0.4337E+00  final t = 0.165468E+03
 AMRCLAW: level  1  CFL = .450E+00  dt = 0.4338E+00  final t = 0.165902E+03
 AMRCLAW: level  1  CFL = .450E+00  dt = 0.4339E+00  final t = 0.166336E+03
 AMRCLAW: level  1  CFL = .450E+00  dt = 0.4341E+00  final t = 0.166770E+03
 AMRCLAW: level  1  CFL = .450E+00  dt = 0.4343E+00  final t = 0.167204E+03
 AMRCLAW: level  1  CFL = .450E+00  dt = 0.4346E+00  final t = 0.167639E+03
 AMRCLAW: level  1  CFL = .450E+00  dt = 0.4350E+00  final t = 0.168074E+03
 AMRCLAW: level  1  CFL = .450E+00  dt = 0.4351E+00  final t = 0.168509E+03
 AMRCLAW: level  1  CFL = .450E+00  dt = 0.4350E+00  final t = 0.168944E+03
 AMRCLAW: level  1  CFL = .450E+00  dt = 0.4350E+00  final t = 0.169379E+03
 AMRCLAW: level  1  CFL = .450E+00  dt = 0.4350E+00  final t = 0.169814E+03
 AMRCLAW: level  1  CFL = .450E+00  dt = 0.4351E+00  final t = 0.170249E+03
 AMRCLAW: level  1  CFL = .450E+00  dt = 0.4352E+00  final t = 0.170684E+03
 AMRCLAW: level  1  CFL = .450E+00  dt = 0.4354E+00  final t = 0.171120E+03
 AMRCLAW: level  1  CFL = .450E+00  dt = 0.4356E+00  final t = 0.171555E+03
 AMRCLAW: level  1  CFL = .450E+00  dt = 0.4359E+00  final t = 0.171991E+03
 AMRCLAW: level  1  CFL = .450E+00  dt = 0.4362E+00  final t = 0.172427E+03
 AMRCLAW: level  1  CFL = .450E+00  dt = 0.4365E+00  final t = 0.172864E+03
 AMRCLAW: level  1  CFL = .450E+00  dt = 0.4369E+00  final t = 0.173301E+03
 AMRCLAW: level  1  CFL = .450E+00  dt = 0.4373E+00  final t = 0.173738E+03
 AMRCLAW: level  1  CFL = .449E+00  dt = 0.4378E+00  final t = 0.174176E+03
 AMRCLAW: level  1  CFL = .449E+00  dt = 0.4383E+00  final t = 0.174614E+03
 AMRCLAW: level  1  CFL = .449E+00  dt = 0.4388E+00  final t = 0.175053E+03
 AMRCLAW: level  1  CFL = .449E+00  dt = 0.4394E+00  final t = 0.175492E+03
 AMRCLAW: level  1  CFL = .449E+00  dt = 0.4401E+00  final t = 0.175933E+03
 AMRCLAW: level  1  CFL = .449E+00  dt = 0.4407E+00  final t = 0.176373E+03
 AMRCLAW: level  1  CFL = .450E+00  dt = 0.4414E+00  final t = 0.176815E+03
 AMRCLAW: level  1  CFL = .450E+00  dt = 0.4412E+00  final t = 0.177256E+03
 AMRCLAW: level  1  CFL = .450E+00  dt = 0.4411E+00  final t = 0.177697E+03
 AMRCLAW: level  1  CFL = .450E+00  dt = 0.4409E+00  final t = 0.178138E+03
 AMRCLAW: level  1  CFL = .450E+00  dt = 0.4408E+00  final t = 0.178579E+03
 AMRCLAW: level  1  CFL = .450E+00  dt = 0.4407E+00  final t = 0.179019E+03
 AMRCLAW: level  1  CFL = .450E+00  dt = 0.4406E+00  final t = 0.179460E+03
 AMRCLAW: level  1  CFL = .450E+00  dt = 0.4405E+00  final t = 0.179900E+03
 AMRCLAW: level  1  CFL = .102E+00  dt = 0.9954E-01  final t = 0.180000E+03
GEOCLAW: Frame    6 output files done at time t =  0.180000D+03

 AMRCLAW: level  1  CFL = .450E+00  dt = 0.4405E+00  final t = 0.180441E+03
 AMRCLAW: level  1  CFL = .450E+00  dt = 0.4406E+00  final t = 0.180881E+03
 AMRCLAW: level  1  CFL = .450E+00  dt = 0.4407E+00  final t = 0.181322E+03
 AMRCLAW: level  1  CFL = .450E+00  dt = 0.4408E+00  final t = 0.181763E+03
 AMRCLAW: level  1  CFL = .450E+00  dt = 0.4410E+00  final t = 0.182204E+03
 AMRCLAW: level  1  CFL = .450E+00  dt = 0.4413E+00  final t = 0.182645E+03
 AMRCLAW: level  1  CFL = .450E+00  dt = 0.4416E+00  final t = 0.183086E+03
 AMRCLAW: level  1  CFL = .450E+00  dt = 0.4418E+00  final t = 0.183528E+03
 AMRCLAW: level  1  CFL = .450E+00  dt = 0.4421E+00  final t = 0.183970E+03
 AMRCLAW: level  1  CFL = .450E+00  dt = 0.4425E+00  final t = 0.184413E+03
 AMRCLAW: level  1  CFL = .450E+00  dt = 0.4429E+00  final t = 0.184856E+03
 AMRCLAW: level  1  CFL = .449E+00  dt = 0.4433E+00  final t = 0.185299E+03
 AMRCLAW: level  1  CFL = .449E+00  dt = 0.4438E+00  final t = 0.185743E+03
 AMRCLAW: level  1  CFL = .449E+00  dt = 0.4444E+00  final t = 0.186187E+03
 AMRCLAW: level  1  CFL = .449E+00  dt = 0.4450E+00  final t = 0.186632E+03
 AMRCLAW: level  1  CFL = .450E+00  dt = 0.4456E+00  final t = 0.187078E+03
 AMRCLAW: level  1  CFL = .449E+00  dt = 0.4459E+00  final t = 0.187524E+03
 AMRCLAW: level  1  CFL = .449E+00  dt = 0.4465E+00  final t = 0.187970E+03
 AMRCLAW: level  1  CFL = .449E+00  dt = 0.4472E+00  final t = 0.188418E+03
 AMRCLAW: level  1  CFL = .449E+00  dt = 0.4481E+00  final t = 0.188866E+03
 AMRCLAW: level  1  CFL = .449E+00  dt = 0.4491E+00  final t = 0.189315E+03
 AMRCLAW: level  1  CFL = .450E+00  dt = 0.4497E+00  final t = 0.189764E+03
 AMRCLAW: level  1  CFL = .449E+00  dt = 0.4501E+00  final t = 0.190215E+03
 AMRCLAW: level  1  CFL = .449E+00  dt = 0.4506E+00  final t = 0.190665E+03
 AMRCLAW: level  1  CFL = .449E+00  dt = 0.4512E+00  final t = 0.191116E+03
 AMRCLAW: level  1  CFL = .449E+00  dt = 0.4518E+00  final t = 0.191568E+03
 AMRCLAW: level  1  CFL = .449E+00  dt = 0.4524E+00  final t = 0.192021E+03
 AMRCLAW: level  1  CFL = .449E+00  dt = 0.4531E+00  final t = 0.192474E+03
 AMRCLAW: level  1  CFL = .449E+00  dt = 0.4538E+00  final t = 0.192928E+03
 AMRCLAW: level  1  CFL = .449E+00  dt = 0.4546E+00  final t = 0.193382E+03
 AMRCLAW: level  1  CFL = .449E+00  dt = 0.4554E+00  final t = 0.193838E+03
 AMRCLAW: level  1  CFL = .449E+00  dt = 0.4562E+00  final t = 0.194294E+03
 AMRCLAW: level  1  CFL = .449E+00  dt = 0.4571E+00  final t = 0.194751E+03
 AMRCLAW: level  1  CFL = .449E+00  dt = 0.4580E+00  final t = 0.195209E+03
 AMRCLAW: level  1  CFL = .451E+00  dt = 0.4589E+00  final t = 0.195668E+03
 AMRCLAW: level  1  CFL = .451E+00  dt = 0.4581E+00  final t = 0.196126E+03
 AMRCLAW: level  1  CFL = .451E+00  dt = 0.4575E+00  final t = 0.196583E+03
 AMRCLAW: level  1  CFL = .452E+00  dt = 0.4569E+00  final t = 0.197040E+03
 AMRCLAW: level  1  CFL = .452E+00  dt = 0.4552E+00  final t = 0.197496E+03
 AMRCLAW: level  1  CFL = .452E+00  dt = 0.4533E+00  final t = 0.197949E+03
 AMRCLAW: level  1  CFL = .452E+00  dt = 0.4517E+00  final t = 0.198401E+03
 AMRCLAW: level  1  CFL = .451E+00  dt = 0.4501E+00  final t = 0.198851E+03
 AMRCLAW: level  1  CFL = .451E+00  dt = 0.4488E+00  final t = 0.199299E+03
 AMRCLAW: level  1  CFL = .451E+00  dt = 0.4475E+00  final t = 0.199747E+03
 AMRCLAW: level  1  CFL = .451E+00  dt = 0.4464E+00  final t = 0.200193E+03
 AMRCLAW: level  1  CFL = .451E+00  dt = 0.4454E+00  final t = 0.200639E+03
 AMRCLAW: level  1  CFL = .451E+00  dt = 0.4444E+00  final t = 0.201083E+03
 AMRCLAW: level  1  CFL = .451E+00  dt = 0.4436E+00  final t = 0.201527E+03
 AMRCLAW: level  1  CFL = .451E+00  dt = 0.4428E+00  final t = 0.201969E+03
 AMRCLAW: level  1  CFL = .451E+00  dt = 0.4421E+00  final t = 0.202412E+03
 AMRCLAW: level  1  CFL = .451E+00  dt = 0.4415E+00  final t = 0.202853E+03
 AMRCLAW: level  1  CFL = .451E+00  dt = 0.4409E+00  final t = 0.203294E+03
 AMRCLAW: level  1  CFL = .450E+00  dt = 0.4404E+00  final t = 0.203734E+03
 AMRCLAW: level  1  CFL = .450E+00  dt = 0.4399E+00  final t = 0.204174E+03
 AMRCLAW: level  1  CFL = .450E+00  dt = 0.4395E+00  final t = 0.204614E+03
 AMRCLAW: level  1  CFL = .450E+00  dt = 0.4391E+00  final t = 0.205053E+03
 AMRCLAW: level  1  CFL = .450E+00  dt = 0.4387E+00  final t = 0.205491E+03
 AMRCLAW: level  1  CFL = .450E+00  dt = 0.4383E+00  final t = 0.205930E+03
 AMRCLAW: level  1  CFL = .450E+00  dt = 0.4380E+00  final t = 0.206368E+03
 AMRCLAW: level  1  CFL = .450E+00  dt = 0.4377E+00  final t = 0.206806E+03
 AMRCLAW: level  1  CFL = .450E+00  dt = 0.4374E+00  final t = 0.207243E+03
 AMRCLAW: level  1  CFL = .450E+00  dt = 0.4371E+00  final t = 0.207680E+03
 AMRCLAW: level  1  CFL = .450E+00  dt = 0.4368E+00  final t = 0.208117E+03
 AMRCLAW: level  1  CFL = .450E+00  dt = 0.4365E+00  final t = 0.208553E+03
 AMRCLAW: level  1  CFL = .450E+00  dt = 0.4361E+00  final t = 0.208989E+03
 AMRCLAW: level  1  CFL = .450E+00  dt = 0.4358E+00  final t = 0.209425E+03
 AMRCLAW: level  1  CFL = .450E+00  dt = 0.4355E+00  final t = 0.209861E+03
 AMRCLAW: level  1  CFL = .144E+00  dt = 0.1395E+00  final t = 0.210000E+03
GEOCLAW: Frame    7 output files done at time t =  0.210000D+03

 AMRCLAW: level  1  CFL = .450E+00  dt = 0.4349E+00  final t = 0.210435E+03
 AMRCLAW: level  1  CFL = .450E+00  dt = 0.4348E+00  final t = 0.210870E+03
 AMRCLAW: level  1  CFL = .450E+00  dt = 0.4345E+00  final t = 0.211304E+03
 AMRCLAW: level  1  CFL = .450E+00  dt = 0.4343E+00  final t = 0.211739E+03
 AMRCLAW: level  1  CFL = .450E+00  dt = 0.4341E+00  final t = 0.212173E+03
 AMRCLAW: level  1  CFL = .450E+00  dt = 0.4339E+00  final t = 0.212607E+03
 AMRCLAW: level  1  CFL = .450E+00  dt = 0.4338E+00  final t = 0.213040E+03
 AMRCLAW: level  1  CFL = .450E+00  dt = 0.4337E+00  final t = 0.213474E+03
 AMRCLAW: level  1  CFL = .450E+00  dt = 0.4336E+00  final t = 0.213908E+03
 AMRCLAW: level  1  CFL = .450E+00  dt = 0.4336E+00  final t = 0.214341E+03
 AMRCLAW: level  1  CFL = .450E+00  dt = 0.4336E+00  final t = 0.214775E+03
 AMRCLAW: level  1  CFL = .450E+00  dt = 0.4337E+00  final t = 0.215209E+03
 AMRCLAW: level  1  CFL = .450E+00  dt = 0.4339E+00  final t = 0.215642E+03
 AMRCLAW: level  1  CFL = .450E+00  dt = 0.4341E+00  final t = 0.216077E+03
 AMRCLAW: level  1  CFL = .450E+00  dt = 0.4343E+00  final t = 0.216511E+03
 AMRCLAW: level  1  CFL = .450E+00  dt = 0.4346E+00  final t = 0.216945E+03
 AMRCLAW: level  1  CFL = .450E+00  dt = 0.4349E+00  final t = 0.217380E+03
 AMRCLAW: level  1  CFL = .450E+00  dt = 0.4353E+00  final t = 0.217816E+03
 AMRCLAW: level  1  CFL = .450E+00  dt = 0.4357E+00  final t = 0.218251E+03
 AMRCLAW: level  1  CFL = .450E+00  dt = 0.4361E+00  final t = 0.218688E+03
 AMRCLAW: level  1  CFL = .450E+00  dt = 0.4366E+00  final t = 0.219124E+03
 AMRCLAW: level  1  CFL = .449E+00  dt = 0.4371E+00  final t = 0.219561E+03
 AMRCLAW: level  1  CFL = .449E+00  dt = 0.4376E+00  final t = 0.219999E+03
 AMRCLAW: level  1  CFL = .450E+00  dt = 0.4381E+00  final t = 0.220437E+03
 AMRCLAW: level  1  CFL = .450E+00  dt = 0.4385E+00  final t = 0.220875E+03
 AMRCLAW: level  1  CFL = .450E+00  dt = 0.4386E+00  final t = 0.221314E+03
 AMRCLAW: level  1  CFL = .450E+00  dt = 0.4388E+00  final t = 0.221753E+03
 AMRCLAW: level  1  CFL = .450E+00  dt = 0.4389E+00  final t = 0.222192E+03
 AMRCLAW: level  1  CFL = .450E+00  dt = 0.4392E+00  final t = 0.222631E+03
 AMRCLAW: level  1  CFL = .450E+00  dt = 0.4395E+00  final t = 0.223070E+03
 AMRCLAW: level  1  CFL = .450E+00  dt = 0.4398E+00  final t = 0.223510E+03
 AMRCLAW: level  1  CFL = .450E+00  dt = 0.4401E+00  final t = 0.223950E+03
 AMRCLAW: level  1  CFL = .450E+00  dt = 0.4405E+00  final t = 0.224391E+03
 AMRCLAW: level  1  CFL = .450E+00  dt = 0.4409E+00  final t = 0.224831E+03
 AMRCLAW: level  1  CFL = .450E+00  dt = 0.4413E+00  final t = 0.225273E+03
 AMRCLAW: level  1  CFL = .450E+00  dt = 0.4414E+00  final t = 0.225714E+03
 AMRCLAW: level  1  CFL = .453E+00  dt = 0.4413E+00  final t = 0.226155E+03
 AMRCLAW: level  1  CFL = .452E+00  dt = 0.4386E+00  final t = 0.226594E+03
 AMRCLAW: level  1  CFL = .452E+00  dt = 0.4364E+00  final t = 0.227030E+03
 AMRCLAW: level  1  CFL = .452E+00  dt = 0.4346E+00  final t = 0.227465E+03
 AMRCLAW: level  1  CFL = .452E+00  dt = 0.4329E+00  final t = 0.227898E+03
 AMRCLAW: level  1  CFL = .451E+00  dt = 0.4313E+00  final t = 0.228329E+03
 AMRCLAW: level  1  CFL = .451E+00  dt = 0.4299E+00  final t = 0.228759E+03
 AMRCLAW: level  1  CFL = .451E+00  dt = 0.4287E+00  final t = 0.229188E+03
 AMRCLAW: level  1  CFL = .451E+00  dt = 0.4277E+00  final t = 0.229616E+03
 AMRCLAW: level  1  CFL = .451E+00  dt = 0.4268E+00  final t = 0.230042E+03
 AMRCLAW: level  1  CFL = .451E+00  dt = 0.4261E+00  final t = 0.230469E+03
 AMRCLAW: level  1  CFL = .451E+00  dt = 0.4254E+00  final t = 0.230894E+03
 AMRCLAW: level  1  CFL = .451E+00  dt = 0.4247E+00  final t = 0.231319E+03
 AMRCLAW: level  1  CFL = .451E+00  dt = 0.4241E+00  final t = 0.231743E+03
 AMRCLAW: level  1  CFL = .450E+00  dt = 0.4235E+00  final t = 0.232166E+03
 AMRCLAW: level  1  CFL = .450E+00  dt = 0.4231E+00  final t = 0.232589E+03
 AMRCLAW: level  1  CFL = .450E+00  dt = 0.4227E+00  final t = 0.233012E+03
 AMRCLAW: level  1  CFL = .450E+00  dt = 0.4223E+00  final t = 0.233434E+03
 AMRCLAW: level  1  CFL = .450E+00  dt = 0.4220E+00  final t = 0.233856E+03
 AMRCLAW: level  1  CFL = .450E+00  dt = 0.4217E+00  final t = 0.234278E+03
 AMRCLAW: level  1  CFL = .450E+00  dt = 0.4215E+00  final t = 0.234699E+03
 AMRCLAW: level  1  CFL = .450E+00  dt = 0.4212E+00  final t = 0.235121E+03
 AMRCLAW: level  1  CFL = .450E+00  dt = 0.4210E+00  final t = 0.235542E+03
 AMRCLAW: level  1  CFL = .450E+00  dt = 0.4207E+00  final t = 0.235962E+03
 AMRCLAW: level  1  CFL = .450E+00  dt = 0.4205E+00  final t = 0.236383E+03
 AMRCLAW: level  1  CFL = .450E+00  dt = 0.4203E+00  final t = 0.236803E+03
 AMRCLAW: level  1  CFL = .450E+00  dt = 0.4201E+00  final t = 0.237223E+03
 AMRCLAW: level  1  CFL = .450E+00  dt = 0.4199E+00  final t = 0.237643E+03
 AMRCLAW: level  1  CFL = .450E+00  dt = 0.4197E+00  final t = 0.238063E+03
 AMRCLAW: level  1  CFL = .450E+00  dt = 0.4195E+00  final t = 0.238482E+03
 AMRCLAW: level  1  CFL = .450E+00  dt = 0.4193E+00  final t = 0.238902E+03
 AMRCLAW: level  1  CFL = .450E+00  dt = 0.4192E+00  final t = 0.239321E+03
 AMRCLAW: level  1  CFL = .450E+00  dt = 0.4191E+00  final t = 0.239740E+03
 AMRCLAW: level  1  CFL = .280E+00  dt = 0.2602E+00  final t = 0.240000E+03
GEOCLAW: Frame    8 output files done at time t =  0.240000D+03

 AMRCLAW: level  1  CFL = .450E+00  dt = 0.4188E+00  final t = 0.240419E+03
 AMRCLAW: level  1  CFL = .450E+00  dt = 0.4187E+00  final t = 0.240838E+03
 AMRCLAW: level  1  CFL = .450E+00  dt = 0.4186E+00  final t = 0.241256E+03
 AMRCLAW: level  1  CFL = .450E+00  dt = 0.4185E+00  final t = 0.241675E+03
 AMRCLAW: level  1  CFL = .450E+00  dt = 0.4184E+00  final t = 0.242093E+03
 AMRCLAW: level  1  CFL = .450E+00  dt = 0.4183E+00  final t = 0.242511E+03
 AMRCLAW: level  1  CFL = .450E+00  dt = 0.4182E+00  final t = 0.242929E+03
 AMRCLAW: level  1  CFL = .450E+00  dt = 0.4181E+00  final t = 0.243347E+03
 AMRCLAW: level  1  CFL = .450E+00  dt = 0.4180E+00  final t = 0.243765E+03
 AMRCLAW: level  1  CFL = .450E+00  dt = 0.4179E+00  final t = 0.244183E+03
 AMRCLAW: level  1  CFL = .450E+00  dt = 0.4179E+00  final t = 0.244601E+03
 AMRCLAW: level  1  CFL = .450E+00  dt = 0.4178E+00  final t = 0.245019E+03
 AMRCLAW: level  1  CFL = .450E+00  dt = 0.4178E+00  final t = 0.245437E+03
 AMRCLAW: level  1  CFL = .450E+00  dt = 0.4177E+00  final t = 0.245855E+03
 AMRCLAW: level  1  CFL = .450E+00  dt = 0.4177E+00  final t = 0.246272E+03
 AMRCLAW: level  1  CFL = .450E+00  dt = 0.4177E+00  final t = 0.246690E+03
 AMRCLAW: level  1  CFL = .450E+00  dt = 0.4177E+00  final t = 0.247108E+03
 AMRCLAW: level  1  CFL = .450E+00  dt = 0.4176E+00  final t = 0.247525E+03
 AMRCLAW: level  1  CFL = .450E+00  dt = 0.4176E+00  final t = 0.247943E+03
 AMRCLAW: level  1  CFL = .450E+00  dt = 0.4177E+00  final t = 0.248360E+03
 AMRCLAW: level  1  CFL = .450E+00  dt = 0.4177E+00  final t = 0.248778E+03
 AMRCLAW: level  1  CFL = .450E+00  dt = 0.4177E+00  final t = 0.249196E+03
 AMRCLAW: level  1  CFL = .450E+00  dt = 0.4178E+00  final t = 0.249614E+03
 AMRCLAW: level  1  CFL = .451E+00  dt = 0.4178E+00  final t = 0.250031E+03
 AMRCLAW: level  1  CFL = .451E+00  dt = 0.4170E+00  final t = 0.250449E+03
 AMRCLAW: level  1  CFL = .451E+00  dt = 0.4158E+00  final t = 0.250864E+03
 AMRCLAW: level  1  CFL = .451E+00  dt = 0.4147E+00  final t = 0.251279E+03
 AMRCLAW: level  1  CFL = .451E+00  dt = 0.4138E+00  final t = 0.251693E+03
 AMRCLAW: level  1  CFL = .451E+00  dt = 0.4130E+00  final t = 0.252106E+03
 AMRCLAW: level  1  CFL = .451E+00  dt = 0.4122E+00  final t = 0.252518E+03
 AMRCLAW: level  1  CFL = .451E+00  dt = 0.4116E+00  final t = 0.252930E+03
 AMRCLAW: level  1  CFL = .451E+00  dt = 0.4109E+00  final t = 0.253341E+03
 AMRCLAW: level  1  CFL = .451E+00  dt = 0.4104E+00  final t = 0.253751E+03
 AMRCLAW: level  1  CFL = .451E+00  dt = 0.4098E+00  final t = 0.254161E+03
 AMRCLAW: level  1  CFL = .450E+00  dt = 0.4093E+00  final t = 0.254570E+03
 AMRCLAW: level  1  CFL = .450E+00  dt = 0.4089E+00  final t = 0.254979E+03
 AMRCLAW: level  1  CFL = .451E+00  dt = 0.4085E+00  final t = 0.255387E+03
 AMRCLAW: level  1  CFL = .451E+00  dt = 0.4078E+00  final t = 0.255795E+03
 AMRCLAW: level  1  CFL = .450E+00  dt = 0.4072E+00  final t = 0.256202E+03
 AMRCLAW: level  1  CFL = .450E+00  dt = 0.4068E+00  final t = 0.256609E+03
 AMRCLAW: level  1  CFL = .451E+00  dt = 0.4064E+00  final t = 0.257016E+03
 AMRCLAW: level  1  CFL = .450E+00  dt = 0.4060E+00  final t = 0.257422E+03
 AMRCLAW: level  1  CFL = .450E+00  dt = 0.4057E+00  final t = 0.257827E+03
 AMRCLAW: level  1  CFL = .450E+00  dt = 0.4053E+00  final t = 0.258233E+03
 AMRCLAW: level  1  CFL = .450E+00  dt = 0.4050E+00  final t = 0.258638E+03
 AMRCLAW: level  1  CFL = .450E+00  dt = 0.4047E+00  final t = 0.259042E+03
 AMRCLAW: level  1  CFL = .450E+00  dt = 0.4044E+00  final t = 0.259447E+03
 AMRCLAW: level  1  CFL = .450E+00  dt = 0.4042E+00  final t = 0.259851E+03
 AMRCLAW: level  1  CFL = .450E+00  dt = 0.4040E+00  final t = 0.260255E+03
 AMRCLAW: level  1  CFL = .450E+00  dt = 0.4037E+00  final t = 0.260659E+03
 AMRCLAW: level  1  CFL = .450E+00  dt = 0.4035E+00  final t = 0.261062E+03
 AMRCLAW: level  1  CFL = .450E+00  dt = 0.4033E+00  final t = 0.261465E+03
 AMRCLAW: level  1  CFL = .450E+00  dt = 0.4031E+00  final t = 0.261869E+03
 AMRCLAW: level  1  CFL = .450E+00  dt = 0.4030E+00  final t = 0.262271E+03
 AMRCLAW: level  1  CFL = .450E+00  dt = 0.4028E+00  final t = 0.262674E+03
 AMRCLAW: level  1  CFL = .450E+00  dt = 0.4027E+00  final t = 0.263077E+03
 AMRCLAW: level  1  CFL = .450E+00  dt = 0.4026E+00  final t = 0.263480E+03
 AMRCLAW: level  1  CFL = .450E+00  dt = 0.4025E+00  final t = 0.263882E+03
 AMRCLAW: level  1  CFL = .450E+00  dt = 0.4024E+00  final t = 0.264285E+03
 AMRCLAW: level  1  CFL = .450E+00  dt = 0.4023E+00  final t = 0.264687E+03
 AMRCLAW: level  1  CFL = .450E+00  dt = 0.4022E+00  final t = 0.265089E+03
 AMRCLAW: level  1  CFL = .450E+00  dt = 0.4021E+00  final t = 0.265491E+03
 AMRCLAW: level  1  CFL = .450E+00  dt = 0.4020E+00  final t = 0.265893E+03
 AMRCLAW: level  1  CFL = .450E+00  dt = 0.4019E+00  final t = 0.266295E+03
 AMRCLAW: level  1  CFL = .450E+00  dt = 0.4018E+00  final t = 0.266697E+03
 AMRCLAW: level  1  CFL = .450E+00  dt = 0.4018E+00  final t = 0.267099E+03
 AMRCLAW: level  1  CFL = .450E+00  dt = 0.4017E+00  final t = 0.267500E+03
 AMRCLAW: level  1  CFL = .450E+00  dt = 0.4017E+00  final t = 0.267902E+03
 AMRCLAW: level  1  CFL = .450E+00  dt = 0.4016E+00  final t = 0.268304E+03
 AMRCLAW: level  1  CFL = .450E+00  dt = 0.4016E+00  final t = 0.268705E+03
 AMRCLAW: level  1  CFL = .450E+00  dt = 0.4016E+00  final t = 0.269107E+03
 AMRCLAW: level  1  CFL = .450E+00  dt = 0.4016E+00  final t = 0.269508E+03
 AMRCLAW: level  1  CFL = .450E+00  dt = 0.4016E+00  final t = 0.269910E+03
 AMRCLAW: level  1  CFL = .101E+00  dt = 0.9009E-01  final t = 0.270000E+03
GEOCLAW: Frame    9 output files done at time t =  0.270000D+03

 AMRCLAW: level  1  CFL = .450E+00  dt = 0.4016E+00  final t = 0.270402E+03
 AMRCLAW: level  1  CFL = .450E+00  dt = 0.4016E+00  final t = 0.270803E+03
 AMRCLAW: level  1  CFL = .450E+00  dt = 0.4016E+00  final t = 0.271205E+03
 AMRCLAW: level  1  CFL = .450E+00  dt = 0.4017E+00  final t = 0.271606E+03
 AMRCLAW: level  1  CFL = .450E+00  dt = 0.4017E+00  final t = 0.272008E+03
 AMRCLAW: level  1  CFL = .450E+00  dt = 0.4017E+00  final t = 0.272410E+03
 AMRCLAW: level  1  CFL = .450E+00  dt = 0.4018E+00  final t = 0.272812E+03
 AMRCLAW: level  1  CFL = .450E+00  dt = 0.4018E+00  final t = 0.273213E+03
 AMRCLAW: level  1  CFL = .450E+00  dt = 0.4019E+00  final t = 0.273615E+03
 AMRCLAW: level  1  CFL = .450E+00  dt = 0.4020E+00  final t = 0.274017E+03
 AMRCLAW: level  1  CFL = .450E+00  dt = 0.4021E+00  final t = 0.274419E+03
 AMRCLAW: level  1  CFL = .450E+00  dt = 0.4022E+00  final t = 0.274822E+03
 AMRCLAW: level  1  CFL = .450E+00  dt = 0.4022E+00  final t = 0.275224E+03
 AMRCLAW: level  1  CFL = .450E+00  dt = 0.4023E+00  final t = 0.275626E+03
 AMRCLAW: level  1  CFL = .450E+00  dt = 0.4024E+00  final t = 0.276029E+03
 AMRCLAW: level  1  CFL = .450E+00  dt = 0.4025E+00  final t = 0.276431E+03
 AMRCLAW: level  1  CFL = .450E+00  dt = 0.4026E+00  final t = 0.276834E+03
 AMRCLAW: level  1  CFL = .450E+00  dt = 0.4027E+00  final t = 0.277236E+03
 AMRCLAW: level  1  CFL = .450E+00  dt = 0.4029E+00  final t = 0.277639E+03
 AMRCLAW: level  1  CFL = .450E+00  dt = 0.4030E+00  final t = 0.278042E+03
 AMRCLAW: level  1  CFL = .450E+00  dt = 0.4031E+00  final t = 0.278445E+03
 AMRCLAW: level  1  CFL = .450E+00  dt = 0.4033E+00  final t = 0.278849E+03
 AMRCLAW: level  1  CFL = .450E+00  dt = 0.4035E+00  final t = 0.279252E+03
 AMRCLAW: level  1  CFL = .450E+00  dt = 0.4036E+00  final t = 0.279656E+03
 AMRCLAW: level  1  CFL = .450E+00  dt = 0.4038E+00  final t = 0.280060E+03
 AMRCLAW: level  1  CFL = .450E+00  dt = 0.4040E+00  final t = 0.280464E+03
 AMRCLAW: level  1  CFL = .450E+00  dt = 0.4042E+00  final t = 0.280868E+03
 AMRCLAW: level  1  CFL = .450E+00  dt = 0.4044E+00  final t = 0.281272E+03
 AMRCLAW: level  1  CFL = .450E+00  dt = 0.4045E+00  final t = 0.281677E+03
 AMRCLAW: level  1  CFL = .450E+00  dt = 0.4047E+00  final t = 0.282081E+03
 AMRCLAW: level  1  CFL = .450E+00  dt = 0.4049E+00  final t = 0.282486E+03
 AMRCLAW: level  1  CFL = .450E+00  dt = 0.4051E+00  final t = 0.282891E+03
 AMRCLAW: level  1  CFL = .450E+00  dt = 0.4053E+00  final t = 0.283297E+03
 AMRCLAW: level  1  CFL = .450E+00  dt = 0.4054E+00  final t = 0.283702E+03
 AMRCLAW: level  1  CFL = .450E+00  dt = 0.4056E+00  final t = 0.284108E+03
 AMRCLAW: level  1  CFL = .450E+00  dt = 0.4058E+00  final t = 0.284514E+03
 AMRCLAW: level  1  CFL = .450E+00  dt = 0.4060E+00  final t = 0.284919E+03
 AMRCLAW: level  1  CFL = .450E+00  dt = 0.4061E+00  final t = 0.285326E+03
 AMRCLAW: level  1  CFL = .450E+00  dt = 0.4065E+00  final t = 0.285732E+03
 AMRCLAW: level  1  CFL = .450E+00  dt = 0.4066E+00  final t = 0.286139E+03
 AMRCLAW: level  1  CFL = .450E+00  dt = 0.4068E+00  final t = 0.286545E+03
 AMRCLAW: level  1  CFL = .450E+00  dt = 0.4071E+00  final t = 0.286953E+03
 AMRCLAW: level  1  CFL = .450E+00  dt = 0.4072E+00  final t = 0.287360E+03
 AMRCLAW: level  1  CFL = .450E+00  dt = 0.4075E+00  final t = 0.287767E+03
 AMRCLAW: level  1  CFL = .450E+00  dt = 0.4077E+00  final t = 0.288175E+03
 AMRCLAW: level  1  CFL = .450E+00  dt = 0.4079E+00  final t = 0.288583E+03
 AMRCLAW: level  1  CFL = .450E+00  dt = 0.4081E+00  final t = 0.288991E+03
 AMRCLAW: level  1  CFL = .450E+00  dt = 0.4083E+00  final t = 0.289399E+03
 AMRCLAW: level  1  CFL = .450E+00  dt = 0.4087E+00  final t = 0.289808E+03
 AMRCLAW: level  1  CFL = .450E+00  dt = 0.4089E+00  final t = 0.290217E+03
 AMRCLAW: level  1  CFL = .450E+00  dt = 0.4092E+00  final t = 0.290626E+03
 AMRCLAW: level  1  CFL = .450E+00  dt = 0.4094E+00  final t = 0.291035E+03
 AMRCLAW: level  1  CFL = .450E+00  dt = 0.4097E+00  final t = 0.291445E+03
 AMRCLAW: level  1  CFL = .450E+00  dt = 0.4099E+00  final t = 0.291855E+03
 AMRCLAW: level  1  CFL = .450E+00  dt = 0.4102E+00  final t = 0.292265E+03
 AMRCLAW: level  1  CFL = .450E+00  dt = 0.4104E+00  final t = 0.292676E+03
 AMRCLAW: level  1  CFL = .450E+00  dt = 0.4106E+00  final t = 0.293086E+03
 AMRCLAW: level  1  CFL = .450E+00  dt = 0.4108E+00  final t = 0.293497E+03
 AMRCLAW: level  1  CFL = .450E+00  dt = 0.4110E+00  final t = 0.293908E+03
 AMRCLAW: level  1  CFL = .450E+00  dt = 0.4112E+00  final t = 0.294319E+03
 AMRCLAW: level  1  CFL = .450E+00  dt = 0.4114E+00  final t = 0.294731E+03
 AMRCLAW: level  1  CFL = .450E+00  dt = 0.4116E+00  final t = 0.295142E+03
 AMRCLAW: level  1  CFL = .450E+00  dt = 0.4118E+00  final t = 0.295554E+03
 AMRCLAW: level  1  CFL = .450E+00  dt = 0.4120E+00  final t = 0.295966E+03
 AMRCLAW: level  1  CFL = .450E+00  dt = 0.4123E+00  final t = 0.296378E+03
 AMRCLAW: level  1  CFL = .450E+00  dt = 0.4126E+00  final t = 0.296791E+03
 AMRCLAW: level  1  CFL = .450E+00  dt = 0.4129E+00  final t = 0.297204E+03
 AMRCLAW: level  1  CFL = .450E+00  dt = 0.4132E+00  final t = 0.297617E+03
 AMRCLAW: level  1  CFL = .450E+00  dt = 0.4135E+00  final t = 0.298030E+03
 AMRCLAW: level  1  CFL = .450E+00  dt = 0.4137E+00  final t = 0.298444E+03
 AMRCLAW: level  1  CFL = .450E+00  dt = 0.4140E+00  final t = 0.298858E+03
 AMRCLAW: level  1  CFL = .450E+00  dt = 0.4143E+00  final t = 0.299273E+03
 AMRCLAW: level  1  CFL = .450E+00  dt = 0.4146E+00  final t = 0.299687E+03
 AMRCLAW: level  1  CFL = .339E+00  dt = 0.3128E+00  final t = 0.300000E+03
GEOCLAW: Frame   10 output files done at time t =  0.300000D+03

 AMRCLAW: level  1  CFL = .450E+00  dt = 0.4152E+00  final t = 0.300415E+03
 AMRCLAW: level  1  CFL = .450E+00  dt = 0.4155E+00  final t = 0.300831E+03
 AMRCLAW: level  1  CFL = .450E+00  dt = 0.4158E+00  final t = 0.301246E+03
 AMRCLAW: level  1  CFL = .450E+00  dt = 0.4160E+00  final t = 0.301663E+03
 AMRCLAW: level  1  CFL = .450E+00  dt = 0.4163E+00  final t = 0.302079E+03
 AMRCLAW: level  1  CFL = .450E+00  dt = 0.4166E+00  final t = 0.302495E+03
 AMRCLAW: level  1  CFL = .450E+00  dt = 0.4169E+00  final t = 0.302912E+03
 AMRCLAW: level  1  CFL = .450E+00  dt = 0.4172E+00  final t = 0.303330E+03
 AMRCLAW: level  1  CFL = .450E+00  dt = 0.4175E+00  final t = 0.303747E+03
 AMRCLAW: level  1  CFL = .450E+00  dt = 0.4178E+00  final t = 0.304165E+03
 AMRCLAW: level  1  CFL = .450E+00  dt = 0.4181E+00  final t = 0.304583E+03
 AMRCLAW: level  1  CFL = .450E+00  dt = 0.4183E+00  final t = 0.305001E+03
 AMRCLAW: level  1  CFL = .450E+00  dt = 0.4186E+00  final t = 0.305420E+03
 AMRCLAW: level  1  CFL = .450E+00  dt = 0.4189E+00  final t = 0.305839E+03
 AMRCLAW: level  1  CFL = .450E+00  dt = 0.4191E+00  final t = 0.306258E+03
 AMRCLAW: level  1  CFL = .450E+00  dt = 0.4194E+00  final t = 0.306677E+03
 AMRCLAW: level  1  CFL = .450E+00  dt = 0.4197E+00  final t = 0.307097E+03
 AMRCLAW: level  1  CFL = .450E+00  dt = 0.4199E+00  final t = 0.307517E+03
 AMRCLAW: level  1  CFL = .450E+00  dt = 0.4202E+00  final t = 0.307937E+03
 AMRCLAW: level  1  CFL = .450E+00  dt = 0.4205E+00  final t = 0.308358E+03
 AMRCLAW: level  1  CFL = .450E+00  dt = 0.4207E+00  final t = 0.308778E+03
 AMRCLAW: level  1  CFL = .450E+00  dt = 0.4210E+00  final t = 0.309199E+03
 AMRCLAW: level  1  CFL = .450E+00  dt = 0.4212E+00  final t = 0.309621E+03
 AMRCLAW: level  1  CFL = .450E+00  dt = 0.4215E+00  final t = 0.310042E+03
 AMRCLAW: level  1  CFL = .450E+00  dt = 0.4218E+00  final t = 0.310464E+03
 AMRCLAW: level  1  CFL = .450E+00  dt = 0.4220E+00  final t = 0.310886E+03
 AMRCLAW: level  1  CFL = .450E+00  dt = 0.4223E+00  final t = 0.311308E+03
 AMRCLAW: level  1  CFL = .450E+00  dt = 0.4226E+00  final t = 0.311731E+03
 AMRCLAW: level  1  CFL = .450E+00  dt = 0.4229E+00  final t = 0.312154E+03
 AMRCLAW: level  1  CFL = .450E+00  dt = 0.4232E+00  final t = 0.312577E+03
 AMRCLAW: level  1  CFL = .450E+00  dt = 0.4235E+00  final t = 0.313000E+03
 AMRCLAW: level  1  CFL = .450E+00  dt = 0.4238E+00  final t = 0.313424E+03
 AMRCLAW: level  1  CFL = .450E+00  dt = 0.4241E+00  final t = 0.313848E+03
 AMRCLAW: level  1  CFL = .450E+00  dt = 0.4244E+00  final t = 0.314273E+03
 AMRCLAW: level  1  CFL = .450E+00  dt = 0.4247E+00  final t = 0.314697E+03
 AMRCLAW: level  1  CFL = .450E+00  dt = 0.4250E+00  final t = 0.315122E+03
 AMRCLAW: level  1  CFL = .450E+00  dt = 0.4254E+00  final t = 0.315548E+03
 AMRCLAW: level  1  CFL = .450E+00  dt = 0.4257E+00  final t = 0.315973E+03
 AMRCLAW: level  1  CFL = .450E+00  dt = 0.4260E+00  final t = 0.316400E+03
 AMRCLAW: level  1  CFL = .450E+00  dt = 0.4264E+00  final t = 0.316826E+03
 AMRCLAW: level  1  CFL = .450E+00  dt = 0.4267E+00  final t = 0.317253E+03
 AMRCLAW: level  1  CFL = .450E+00  dt = 0.4270E+00  final t = 0.317680E+03
 AMRCLAW: level  1  CFL = .450E+00  dt = 0.4274E+00  final t = 0.318107E+03
 AMRCLAW: level  1  CFL = .450E+00  dt = 0.4277E+00  final t = 0.318535E+03
 AMRCLAW: level  1  CFL = .450E+00  dt = 0.4281E+00  final t = 0.318963E+03
 AMRCLAW: level  1  CFL = .450E+00  dt = 0.4284E+00  final t = 0.319391E+03
 AMRCLAW: level  1  CFL = .450E+00  dt = 0.4288E+00  final t = 0.319820E+03
 AMRCLAW: level  1  CFL = .450E+00  dt = 0.4291E+00  final t = 0.320249E+03
 AMRCLAW: level  1  CFL = .450E+00  dt = 0.4294E+00  final t = 0.320678E+03
 AMRCLAW: level  1  CFL = .450E+00  dt = 0.4298E+00  final t = 0.321108E+03
 AMRCLAW: level  1  CFL = .450E+00  dt = 0.4301E+00  final t = 0.321538E+03
 AMRCLAW: level  1  CFL = .450E+00  dt = 0.4305E+00  final t = 0.321969E+03
 AMRCLAW: level  1  CFL = .450E+00  dt = 0.4308E+00  final t = 0.322400E+03
 AMRCLAW: level  1  CFL = .450E+00  dt = 0.4312E+00  final t = 0.322831E+03
 AMRCLAW: level  1  CFL = .450E+00  dt = 0.4316E+00  final t = 0.323262E+03
 AMRCLAW: level  1  CFL = .450E+00  dt = 0.4320E+00  final t = 0.323694E+03
 AMRCLAW: level  1  CFL = .450E+00  dt = 0.4324E+00  final t = 0.324127E+03
 AMRCLAW: level  1  CFL = .450E+00  dt = 0.4328E+00  final t = 0.324560E+03
 AMRCLAW: level  1  CFL = .450E+00  dt = 0.4332E+00  final t = 0.324993E+03
 AMRCLAW: level  1  CFL = .450E+00  dt = 0.4336E+00  final t = 0.325426E+03
 AMRCLAW: level  1  CFL = .450E+00  dt = 0.4339E+00  final t = 0.325860E+03
 AMRCLAW: level  1  CFL = .450E+00  dt = 0.4343E+00  final t = 0.326295E+03
 AMRCLAW: level  1  CFL = .450E+00  dt = 0.4347E+00  final t = 0.326729E+03
 AMRCLAW: level  1  CFL = .450E+00  dt = 0.4351E+00  final t = 0.327165E+03
 AMRCLAW: level  1  CFL = .450E+00  dt = 0.4355E+00  final t = 0.327600E+03
 AMRCLAW: level  1  CFL = .450E+00  dt = 0.4359E+00  final t = 0.328036E+03
 AMRCLAW: level  1  CFL = .450E+00  dt = 0.4363E+00  final t = 0.328472E+03
 AMRCLAW: level  1  CFL = .450E+00  dt = 0.4367E+00  final t = 0.328909E+03
 AMRCLAW: level  1  CFL = .450E+00  dt = 0.4371E+00  final t = 0.329346E+03
 AMRCLAW: level  1  CFL = .450E+00  dt = 0.4376E+00  final t = 0.329784E+03
 AMRCLAW: level  1  CFL = .222E+00  dt = 0.2165E+00  final t = 0.330000E+03
GEOCLAW: Frame   11 output files done at time t =  0.330000D+03

 AMRCLAW: level  1  CFL = .450E+00  dt = 0.4385E+00  final t = 0.330438E+03
 AMRCLAW: level  1  CFL = .450E+00  dt = 0.4387E+00  final t = 0.330877E+03
 AMRCLAW: level  1  CFL = .449E+00  dt = 0.4392E+00  final t = 0.331316E+03
 AMRCLAW: level  1  CFL = .449E+00  dt = 0.4400E+00  final t = 0.331756E+03
 AMRCLAW: level  1  CFL = .449E+00  dt = 0.4409E+00  final t = 0.332197E+03
 AMRCLAW: level  1  CFL = .449E+00  dt = 0.4420E+00  final t = 0.332639E+03
 AMRCLAW: level  1  CFL = .449E+00  dt = 0.4431E+00  final t = 0.333082E+03
 AMRCLAW: level  1  CFL = .449E+00  dt = 0.4442E+00  final t = 0.333527E+03
 AMRCLAW: level  1  CFL = .449E+00  dt = 0.4453E+00  final t = 0.333972E+03
 AMRCLAW: level  1  CFL = .450E+00  dt = 0.4460E+00  final t = 0.334418E+03
 AMRCLAW: level  1  CFL = .450E+00  dt = 0.4465E+00  final t = 0.334864E+03
 AMRCLAW: level  1  CFL = .450E+00  dt = 0.4469E+00  final t = 0.335311E+03
 AMRCLAW: level  1  CFL = .450E+00  dt = 0.4473E+00  final t = 0.335759E+03
 AMRCLAW: level  1  CFL = .450E+00  dt = 0.4476E+00  final t = 0.336206E+03
 AMRCLAW: level  1  CFL = .450E+00  dt = 0.4480E+00  final t = 0.336654E+03
 AMRCLAW: level  1  CFL = .450E+00  dt = 0.4483E+00  final t = 0.337103E+03
 AMRCLAW: level  1  CFL = .450E+00  dt = 0.4481E+00  final t = 0.337551E+03
 AMRCLAW: level  1  CFL = .450E+00  dt = 0.4480E+00  final t = 0.337999E+03
 AMRCLAW: level  1  CFL = .450E+00  dt = 0.4481E+00  final t = 0.338447E+03
 AMRCLAW: level  1  CFL = .450E+00  dt = 0.4483E+00  final t = 0.338895E+03
 AMRCLAW: level  1  CFL = .450E+00  dt = 0.4485E+00  final t = 0.339344E+03
 AMRCLAW: level  1  CFL = .450E+00  dt = 0.4487E+00  final t = 0.339792E+03
 AMRCLAW: level  1  CFL = .450E+00  dt = 0.4490E+00  final t = 0.340241E+03
 AMRCLAW: level  1  CFL = .450E+00  dt = 0.4493E+00  final t = 0.340691E+03
 AMRCLAW: level  1  CFL = .450E+00  dt = 0.4496E+00  final t = 0.341140E+03
 AMRCLAW: level  1  CFL = .450E+00  dt = 0.4499E+00  final t = 0.341590E+03
 AMRCLAW: level  1  CFL = .450E+00  dt = 0.4502E+00  final t = 0.342040E+03
 AMRCLAW: level  1  CFL = .450E+00  dt = 0.4505E+00  final t = 0.342491E+03
 AMRCLAW: level  1  CFL = .450E+00  dt = 0.4508E+00  final t = 0.342941E+03
 AMRCLAW: level  1  CFL = .450E+00  dt = 0.4511E+00  final t = 0.343393E+03
 AMRCLAW: level  1  CFL = .450E+00  dt = 0.4514E+00  final t = 0.343844E+03
 AMRCLAW: level  1  CFL = .450E+00  dt = 0.4517E+00  final t = 0.344296E+03
 AMRCLAW: level  1  CFL = .450E+00  dt = 0.4520E+00  final t = 0.344748E+03
 AMRCLAW: level  1  CFL = .449E+00  dt = 0.4523E+00  final t = 0.345200E+03
 AMRCLAW: level  1  CFL = .450E+00  dt = 0.4528E+00  final t = 0.345653E+03
 AMRCLAW: level  1  CFL = .449E+00  dt = 0.4533E+00  final t = 0.346106E+03
 AMRCLAW: level  1  CFL = .449E+00  dt = 0.4539E+00  final t = 0.346560E+03
 AMRCLAW: level  1  CFL = .449E+00  dt = 0.4545E+00  final t = 0.347015E+03
 AMRCLAW: level  1  CFL = .450E+00  dt = 0.4551E+00  final t = 0.347470E+03
 AMRCLAW: level  1  CFL = .450E+00  dt = 0.4554E+00  final t = 0.347925E+03
 AMRCLAW: level  1  CFL = .450E+00  dt = 0.4556E+00  final t = 0.348381E+03
 AMRCLAW: level  1  CFL = .450E+00  dt = 0.4558E+00  final t = 0.348836E+03
 AMRCLAW: level  1  CFL = .450E+00  dt = 0.4560E+00  final t = 0.349292E+03
 AMRCLAW: level  1  CFL = .450E+00  dt = 0.4562E+00  final t = 0.349749E+03
 AMRCLAW: level  1  CFL = .450E+00  dt = 0.4563E+00  final t = 0.350205E+03
 AMRCLAW: level  1  CFL = .450E+00  dt = 0.4565E+00  final t = 0.350661E+03
 AMRCLAW: level  1  CFL = .450E+00  dt = 0.4567E+00  final t = 0.351118E+03
 AMRCLAW: level  1  CFL = .450E+00  dt = 0.4569E+00  final t = 0.351575E+03
 AMRCLAW: level  1  CFL = .450E+00  dt = 0.4571E+00  final t = 0.352032E+03
 AMRCLAW: level  1  CFL = .450E+00  dt = 0.4573E+00  final t = 0.352489E+03
 AMRCLAW: level  1  CFL = .450E+00  dt = 0.4576E+00  final t = 0.352947E+03
 AMRCLAW: level  1  CFL = .450E+00  dt = 0.4579E+00  final t = 0.353405E+03
 AMRCLAW: level  1  CFL = .450E+00  dt = 0.4583E+00  final t = 0.353863E+03
 AMRCLAW: level  1  CFL = .450E+00  dt = 0.4587E+00  final t = 0.354322E+03
 AMRCLAW: level  1  CFL = .449E+00  dt = 0.4592E+00  final t = 0.354781E+03
 AMRCLAW: level  1  CFL = .449E+00  dt = 0.4597E+00  final t = 0.355241E+03
 AMRCLAW: level  1  CFL = .449E+00  dt = 0.4603E+00  final t = 0.355701E+03
 AMRCLAW: level  1  CFL = .449E+00  dt = 0.4609E+00  final t = 0.356162E+03
 AMRCLAW: level  1  CFL = .449E+00  dt = 0.4615E+00  final t = 0.356623E+03
 AMRCLAW: level  1  CFL = .449E+00  dt = 0.4622E+00  final t = 0.357086E+03
 AMRCLAW: level  1  CFL = .449E+00  dt = 0.4630E+00  final t = 0.357549E+03
 AMRCLAW: level  1  CFL = .449E+00  dt = 0.4638E+00  final t = 0.358012E+03
 AMRCLAW: level  1  CFL = .449E+00  dt = 0.4646E+00  final t = 0.358477E+03
 AMRCLAW: level  1  CFL = .449E+00  dt = 0.4655E+00  final t = 0.358943E+03
 AMRCLAW: level  1  CFL = .449E+00  dt = 0.4664E+00  final t = 0.359409E+03
 AMRCLAW: level  1  CFL = .449E+00  dt = 0.4673E+00  final t = 0.359876E+03
 AMRCLAW: level  1  CFL = .119E+00  dt = 0.1238E+00  final t = 0.360000E+03
GEOCLAW: Frame   12 output files done at time t =  0.360000D+03

 AMRCLAW: level  1  CFL = .450E+00  dt = 0.4691E+00  final t = 0.360469E+03
 AMRCLAW: level  1  CFL = .449E+00  dt = 0.4693E+00  final t = 0.360938E+03
 AMRCLAW: level  1  CFL = .449E+00  dt = 0.4702E+00  final t = 0.361409E+03
 AMRCLAW: level  1  CFL = .449E+00  dt = 0.4711E+00  final t = 0.361880E+03
 AMRCLAW: level  1  CFL = .449E+00  dt = 0.4720E+00  final t = 0.362352E+03
 AMRCLAW: level  1  CFL = .449E+00  dt = 0.4728E+00  final t = 0.362825E+03
 AMRCLAW: level  1  CFL = .449E+00  dt = 0.4736E+00  final t = 0.363298E+03
 AMRCLAW: level  1  CFL = .449E+00  dt = 0.4742E+00  final t = 0.363772E+03
 AMRCLAW: level  1  CFL = .450E+00  dt = 0.4748E+00  final t = 0.364247E+03
 AMRCLAW: level  1  CFL = .450E+00  dt = 0.4753E+00  final t = 0.364723E+03
 AMRCLAW: level  1  CFL = .450E+00  dt = 0.4758E+00  final t = 0.365198E+03
 AMRCLAW: level  1  CFL = .450E+00  dt = 0.4761E+00  final t = 0.365674E+03
 AMRCLAW: level  1  CFL = .450E+00  dt = 0.4765E+00  final t = 0.366151E+03
 AMRCLAW: level  1  CFL = .450E+00  dt = 0.4767E+00  final t = 0.366628E+03
 AMRCLAW: level  1  CFL = .450E+00  dt = 0.4769E+00  final t = 0.367105E+03
 AMRCLAW: level  1  CFL = .450E+00  dt = 0.4771E+00  final t = 0.367582E+03
 AMRCLAW: level  1  CFL = .450E+00  dt = 0.4774E+00  final t = 0.368059E+03
 AMRCLAW: level  1  CFL = .450E+00  dt = 0.4776E+00  final t = 0.368537E+03
 AMRCLAW: level  1  CFL = .450E+00  dt = 0.4779E+00  final t = 0.369015E+03
 AMRCLAW: level  1  CFL = .450E+00  dt = 0.4783E+00  final t = 0.369493E+03
 AMRCLAW: level  1  CFL = .450E+00  dt = 0.4787E+00  final t = 0.369972E+03
 AMRCLAW: level  1  CFL = .450E+00  dt = 0.4791E+00  final t = 0.370451E+03
 AMRCLAW: level  1  CFL = .450E+00  dt = 0.4796E+00  final t = 0.370930E+03
 AMRCLAW: level  1  CFL = .449E+00  dt = 0.4801E+00  final t = 0.371410E+03
 AMRCLAW: level  1  CFL = .449E+00  dt = 0.4806E+00  final t = 0.371891E+03
 AMRCLAW: level  1  CFL = .449E+00  dt = 0.4813E+00  final t = 0.372372E+03
 AMRCLAW: level  1  CFL = .449E+00  dt = 0.4819E+00  final t = 0.372854E+03
 AMRCLAW: level  1  CFL = .449E+00  dt = 0.4827E+00  final t = 0.373337E+03
 AMRCLAW: level  1  CFL = .449E+00  dt = 0.4835E+00  final t = 0.373820E+03
 AMRCLAW: level  1  CFL = .449E+00  dt = 0.4844E+00  final t = 0.374305E+03
 AMRCLAW: level  1  CFL = .449E+00  dt = 0.4853E+00  final t = 0.374790E+03
 AMRCLAW: level  1  CFL = .449E+00  dt = 0.4864E+00  final t = 0.375276E+03
 AMRCLAW: level  1  CFL = .449E+00  dt = 0.4874E+00  final t = 0.375764E+03
 AMRCLAW: level  1  CFL = .449E+00  dt = 0.4885E+00  final t = 0.376252E+03
 AMRCLAW: level  1  CFL = .449E+00  dt = 0.4897E+00  final t = 0.376742E+03
 AMRCLAW: level  1  CFL = .449E+00  dt = 0.4909E+00  final t = 0.377233E+03
 AMRCLAW: level  1  CFL = .449E+00  dt = 0.4921E+00  final t = 0.377725E+03
 AMRCLAW: level  1  CFL = .449E+00  dt = 0.4934E+00  final t = 0.378218E+03
 AMRCLAW: level  1  CFL = .449E+00  dt = 0.4947E+00  final t = 0.378713E+03
 AMRCLAW: level  1  CFL = .449E+00  dt = 0.4960E+00  final t = 0.379209E+03
 AMRCLAW: level  1  CFL = .449E+00  dt = 0.4973E+00  final t = 0.379706E+03
 AMRCLAW: level  1  CFL = .449E+00  dt = 0.4987E+00  final t = 0.380205E+03
 AMRCLAW: level  1  CFL = .449E+00  dt = 0.5000E+00  final t = 0.380705E+03
 AMRCLAW: level  1  CFL = .447E+00  dt = 0.5000E+00  final t = 0.381205E+03
 AMRCLAW: level  1  CFL = .446E+00  dt = 0.5000E+00  final t = 0.381705E+03
 AMRCLAW: level  1  CFL = .445E+00  dt = 0.5000E+00  final t = 0.382205E+03
 AMRCLAW: level  1  CFL = .444E+00  dt = 0.5000E+00  final t = 0.382705E+03
 AMRCLAW: level  1  CFL = .442E+00  dt = 0.5000E+00  final t = 0.383205E+03
 AMRCLAW: level  1  CFL = .441E+00  dt = 0.5000E+00  final t = 0.383705E+03
 AMRCLAW: level  1  CFL = .440E+00  dt = 0.5000E+00  final t = 0.384205E+03
 AMRCLAW: level  1  CFL = .438E+00  dt = 0.5000E+00  final t = 0.384705E+03
 AMRCLAW: level  1  CFL = .437E+00  dt = 0.5000E+00  final t = 0.385205E+03
 AMRCLAW: level  1  CFL = .436E+00  dt = 0.5000E+00  final t = 0.385705E+03
 AMRCLAW: level  1  CFL = .433E+00  dt = 0.5000E+00  final t = 0.386205E+03
 AMRCLAW: level  1  CFL = .432E+00  dt = 0.5000E+00  final t = 0.386705E+03
 AMRCLAW: level  1  CFL = .430E+00  dt = 0.5000E+00  final t = 0.387205E+03
 AMRCLAW: level  1  CFL = .429E+00  dt = 0.5000E+00  final t = 0.387705E+03
 AMRCLAW: level  1  CFL = .427E+00  dt = 0.5000E+00  final t = 0.388205E+03
 AMRCLAW: level  1  CFL = .425E+00  dt = 0.5000E+00  final t = 0.388705E+03
 AMRCLAW: level  1  CFL = .424E+00  dt = 0.5000E+00  final t = 0.389205E+03
 AMRCLAW: level  1  CFL = .423E+00  dt = 0.5000E+00  final t = 0.389705E+03
 AMRCLAW: level  1  CFL = .250E+00  dt = 0.2949E+00  final t = 0.390000E+03
GEOCLAW: Frame   13 output files done at time t =  0.390000D+03

 AMRCLAW: level  1  CFL = .423E+00  dt = 0.5000E+00  final t = 0.390500E+03
 AMRCLAW: level  1  CFL = .423E+00  dt = 0.5000E+00  final t = 0.391000E+03
 AMRCLAW: level  1  CFL = .423E+00  dt = 0.5000E+00  final t = 0.391500E+03
 AMRCLAW: level  1  CFL = .423E+00  dt = 0.5000E+00  final t = 0.392000E+03
 AMRCLAW: level  1  CFL = .422E+00  dt = 0.5000E+00  final t = 0.392500E+03
 AMRCLAW: level  1  CFL = .422E+00  dt = 0.5000E+00  final t = 0.393000E+03
 AMRCLAW: level  1  CFL = .421E+00  dt = 0.5000E+00  final t = 0.393500E+03
 AMRCLAW: level  1  CFL = .421E+00  dt = 0.5000E+00  final t = 0.394000E+03
 AMRCLAW: level  1  CFL = .421E+00  dt = 0.5000E+00  final t = 0.394500E+03
 AMRCLAW: level  1  CFL = .420E+00  dt = 0.5000E+00  final t = 0.395000E+03
 AMRCLAW: level  1  CFL = .420E+00  dt = 0.5000E+00  final t = 0.395500E+03
 AMRCLAW: level  1  CFL = .420E+00  dt = 0.5000E+00  final t = 0.396000E+03
 AMRCLAW: level  1  CFL = .419E+00  dt = 0.5000E+00  final t = 0.396500E+03
 AMRCLAW: level  1  CFL = .419E+00  dt = 0.5000E+00  final t = 0.397000E+03
 AMRCLAW: level  1  CFL = .419E+00  dt = 0.5000E+00  final t = 0.397500E+03
 AMRCLAW: level  1  CFL = .418E+00  dt = 0.5000E+00  final t = 0.398000E+03
 AMRCLAW: level  1  CFL = .418E+00  dt = 0.5000E+00  final t = 0.398500E+03
 AMRCLAW: level  1  CFL = .418E+00  dt = 0.5000E+00  final t = 0.399000E+03
 AMRCLAW: level  1  CFL = .418E+00  dt = 0.5000E+00  final t = 0.399500E+03
 AMRCLAW: level  1  CFL = .418E+00  dt = 0.5000E+00  final t = 0.400000E+03
 AMRCLAW: level  1  CFL = .418E+00  dt = 0.5000E+00  final t = 0.400500E+03
 AMRCLAW: level  1  CFL = .418E+00  dt = 0.5000E+00  final t = 0.401000E+03
 AMRCLAW: level  1  CFL = .418E+00  dt = 0.5000E+00  final t = 0.401500E+03
 AMRCLAW: level  1  CFL = .418E+00  dt = 0.5000E+00  final t = 0.402000E+03
 AMRCLAW: level  1  CFL = .417E+00  dt = 0.5000E+00  final t = 0.402500E+03
 AMRCLAW: level  1  CFL = .417E+00  dt = 0.5000E+00  final t = 0.403000E+03
 AMRCLAW: level  1  CFL = .417E+00  dt = 0.5000E+00  final t = 0.403500E+03
 AMRCLAW: level  1  CFL = .417E+00  dt = 0.5000E+00  final t = 0.404000E+03
 AMRCLAW: level  1  CFL = .417E+00  dt = 0.5000E+00  final t = 0.404500E+03
 AMRCLAW: level  1  CFL = .417E+00  dt = 0.5000E+00  final t = 0.405000E+03
 AMRCLAW: level  1  CFL = .416E+00  dt = 0.5000E+00  final t = 0.405500E+03
 AMRCLAW: level  1  CFL = .416E+00  dt = 0.5000E+00  final t = 0.406000E+03
 AMRCLAW: level  1  CFL = .416E+00  dt = 0.5000E+00  final t = 0.406500E+03
 AMRCLAW: level  1  CFL = .416E+00  dt = 0.5000E+00  final t = 0.407000E+03
 AMRCLAW: level  1  CFL = .416E+00  dt = 0.5000E+00  final t = 0.407500E+03
 AMRCLAW: level  1  CFL = .415E+00  dt = 0.5000E+00  final t = 0.408000E+03
 AMRCLAW: level  1  CFL = .415E+00  dt = 0.5000E+00  final t = 0.408500E+03
 AMRCLAW: level  1  CFL = .415E+00  dt = 0.5000E+00  final t = 0.409000E+03
 AMRCLAW: level  1  CFL = .415E+00  dt = 0.5000E+00  final t = 0.409500E+03
 AMRCLAW: level  1  CFL = .415E+00  dt = 0.5000E+00  final t = 0.410000E+03
 AMRCLAW: level  1  CFL = .414E+00  dt = 0.5000E+00  final t = 0.410500E+03
 AMRCLAW: level  1  CFL = .414E+00  dt = 0.5000E+00  final t = 0.411000E+03
 AMRCLAW: level  1  CFL = .414E+00  dt = 0.5000E+00  final t = 0.411500E+03
 AMRCLAW: level  1  CFL = .414E+00  dt = 0.5000E+00  final t = 0.412000E+03
 AMRCLAW: level  1  CFL = .413E+00  dt = 0.5000E+00  final t = 0.412500E+03
 AMRCLAW: level  1  CFL = .413E+00  dt = 0.5000E+00  final t = 0.413000E+03
 AMRCLAW: level  1  CFL = .413E+00  dt = 0.5000E+00  final t = 0.413500E+03
 AMRCLAW: level  1  CFL = .412E+00  dt = 0.5000E+00  final t = 0.414000E+03
 AMRCLAW: level  1  CFL = .412E+00  dt = 0.5000E+00  final t = 0.414500E+03
 AMRCLAW: level  1  CFL = .412E+00  dt = 0.5000E+00  final t = 0.415000E+03
 AMRCLAW: level  1  CFL = .411E+00  dt = 0.5000E+00  final t = 0.415500E+03
 AMRCLAW: level  1  CFL = .411E+00  dt = 0.5000E+00  final t = 0.416000E+03
 AMRCLAW: level  1  CFL = .411E+00  dt = 0.5000E+00  final t = 0.416500E+03
 AMRCLAW: level  1  CFL = .411E+00  dt = 0.5000E+00  final t = 0.417000E+03
 AMRCLAW: level  1  CFL = .410E+00  dt = 0.5000E+00  final t = 0.417500E+03
 AMRCLAW: level  1  CFL = .410E+00  dt = 0.5000E+00  final t = 0.418000E+03
 AMRCLAW: level  1  CFL = .410E+00  dt = 0.5000E+00  final t = 0.418500E+03
 AMRCLAW: level  1  CFL = .410E+00  dt = 0.5000E+00  final t = 0.419000E+03
 AMRCLAW: level  1  CFL = .409E+00  dt = 0.5000E+00  final t = 0.419500E+03
 AMRCLAW: level  1  CFL = .409E+00  dt = 0.5000E+00  final t = 0.420000E+03
GEOCLAW: Frame   14 output files done at time t =  0.420000D+03

 AMRCLAW: level  1  CFL = .409E+00  dt = 0.5000E+00  final t = 0.420500E+03
 AMRCLAW: level  1  CFL = .409E+00  dt = 0.5000E+00  final t = 0.421000E+03
 AMRCLAW: level  1  CFL = .408E+00  dt = 0.5000E+00  final t = 0.421500E+03
 AMRCLAW: level  1  CFL = .408E+00  dt = 0.5000E+00  final t = 0.422000E+03
 AMRCLAW: level  1  CFL = .408E+00  dt = 0.5000E+00  final t = 0.422500E+03
 AMRCLAW: level  1  CFL = .408E+00  dt = 0.5000E+00  final t = 0.423000E+03
 AMRCLAW: level  1  CFL = .407E+00  dt = 0.5000E+00  final t = 0.423500E+03
 AMRCLAW: level  1  CFL = .407E+00  dt = 0.5000E+00  final t = 0.424000E+03
 AMRCLAW: level  1  CFL = .407E+00  dt = 0.5000E+00  final t = 0.424500E+03
 AMRCLAW: level  1  CFL = .407E+00  dt = 0.5000E+00  final t = 0.425000E+03
 AMRCLAW: level  1  CFL = .407E+00  dt = 0.5000E+00  final t = 0.425500E+03
 AMRCLAW: level  1  CFL = .407E+00  dt = 0.5000E+00  final t = 0.426000E+03
 AMRCLAW: level  1  CFL = .406E+00  dt = 0.5000E+00  final t = 0.426500E+03
 AMRCLAW: level  1  CFL = .406E+00  dt = 0.5000E+00  final t = 0.427000E+03
 AMRCLAW: level  1  CFL = .406E+00  dt = 0.5000E+00  final t = 0.427500E+03
 AMRCLAW: level  1  CFL = .405E+00  dt = 0.5000E+00  final t = 0.428000E+03
 AMRCLAW: level  1  CFL = .405E+00  dt = 0.5000E+00  final t = 0.428500E+03
 AMRCLAW: level  1  CFL = .405E+00  dt = 0.5000E+00  final t = 0.429000E+03
 AMRCLAW: level  1  CFL = .404E+00  dt = 0.5000E+00  final t = 0.429500E+03
 AMRCLAW: level  1  CFL = .404E+00  dt = 0.5000E+00  final t = 0.430000E+03
 AMRCLAW: level  1  CFL = .404E+00  dt = 0.5000E+00  final t = 0.430500E+03
 AMRCLAW: level  1  CFL = .403E+00  dt = 0.5000E+00  final t = 0.431000E+03
 AMRCLAW: level  1  CFL = .403E+00  dt = 0.5000E+00  final t = 0.431500E+03
 AMRCLAW: level  1  CFL = .402E+00  dt = 0.5000E+00  final t = 0.432000E+03
 AMRCLAW: level  1  CFL = .401E+00  dt = 0.5000E+00  final t = 0.432500E+03
 AMRCLAW: level  1  CFL = .401E+00  dt = 0.5000E+00  final t = 0.433000E+03
 AMRCLAW: level  1  CFL = .400E+00  dt = 0.5000E+00  final t = 0.433500E+03
 AMRCLAW: level  1  CFL = .400E+00  dt = 0.5000E+00  final t = 0.434000E+03
 AMRCLAW: level  1  CFL = .399E+00  dt = 0.5000E+00  final t = 0.434500E+03
 AMRCLAW: level  1  CFL = .399E+00  dt = 0.5000E+00  final t = 0.435000E+03
 AMRCLAW: level  1  CFL = .398E+00  dt = 0.5000E+00  final t = 0.435500E+03
 AMRCLAW: level  1  CFL = .398E+00  dt = 0.5000E+00  final t = 0.436000E+03
 AMRCLAW: level  1  CFL = .397E+00  dt = 0.5000E+00  final t = 0.436500E+03
 AMRCLAW: level  1  CFL = .397E+00  dt = 0.5000E+00  final t = 0.437000E+03
 AMRCLAW: level  1  CFL = .396E+00  dt = 0.5000E+00  final t = 0.437500E+03
 AMRCLAW: level  1  CFL = .395E+00  dt = 0.5000E+00  final t = 0.438000E+03
 AMRCLAW: level  1  CFL = .395E+00  dt = 0.5000E+00  final t = 0.438500E+03
 AMRCLAW: level  1  CFL = .394E+00  dt = 0.5000E+00  final t = 0.439000E+03
 AMRCLAW: level  1  CFL = .394E+00  dt = 0.5000E+00  final t = 0.439500E+03
 AMRCLAW: level  1  CFL = .393E+00  dt = 0.5000E+00  final t = 0.440000E+03
 AMRCLAW: level  1  CFL = .393E+00  dt = 0.5000E+00  final t = 0.440500E+03
 AMRCLAW: level  1  CFL = .392E+00  dt = 0.5000E+00  final t = 0.441000E+03
 AMRCLAW: level  1  CFL = .392E+00  dt = 0.5000E+00  final t = 0.441500E+03
 AMRCLAW: level  1  CFL = .391E+00  dt = 0.5000E+00  final t = 0.442000E+03
 AMRCLAW: level  1  CFL = .390E+00  dt = 0.5000E+00  final t = 0.442500E+03
 AMRCLAW: level  1  CFL = .390E+00  dt = 0.5000E+00  final t = 0.443000E+03
 AMRCLAW: level  1  CFL = .390E+00  dt = 0.5000E+00  final t = 0.443500E+03
 AMRCLAW: level  1  CFL = .389E+00  dt = 0.5000E+00  final t = 0.444000E+03
 AMRCLAW: level  1  CFL = .389E+00  dt = 0.5000E+00  final t = 0.444500E+03
 AMRCLAW: level  1  CFL = .388E+00  dt = 0.5000E+00  final t = 0.445000E+03
 AMRCLAW: level  1  CFL = .388E+00  dt = 0.5000E+00  final t = 0.445500E+03
 AMRCLAW: level  1  CFL = .387E+00  dt = 0.5000E+00  final t = 0.446000E+03
 AMRCLAW: level  1  CFL = .387E+00  dt = 0.5000E+00  final t = 0.446500E+03
 AMRCLAW: level  1  CFL = .387E+00  dt = 0.5000E+00  final t = 0.447000E+03
 AMRCLAW: level  1  CFL = .386E+00  dt = 0.5000E+00  final t = 0.447500E+03
 AMRCLAW: level  1  CFL = .386E+00  dt = 0.5000E+00  final t = 0.448000E+03
 AMRCLAW: level  1  CFL = .385E+00  dt = 0.5000E+00  final t = 0.448500E+03
 AMRCLAW: level  1  CFL = .385E+00  dt = 0.5000E+00  final t = 0.449000E+03
 AMRCLAW: level  1  CFL = .385E+00  dt = 0.5000E+00  final t = 0.449500E+03
 AMRCLAW: level  1  CFL = .384E+00  dt = 0.5000E+00  final t = 0.450000E+03
GEOCLAW: Frame   15 output files done at time t =  0.450000D+03

 AMRCLAW: level  1  CFL = .384E+00  dt = 0.5000E+00  final t = 0.450500E+03
 AMRCLAW: level  1  CFL = .383E+00  dt = 0.5000E+00  final t = 0.451000E+03
 AMRCLAW: level  1  CFL = .383E+00  dt = 0.5000E+00  final t = 0.451500E+03
 AMRCLAW: level  1  CFL = .383E+00  dt = 0.5000E+00  final t = 0.452000E+03
 AMRCLAW: level  1  CFL = .383E+00  dt = 0.5000E+00  final t = 0.452500E+03
 AMRCLAW: level  1  CFL = .383E+00  dt = 0.5000E+00  final t = 0.453000E+03
 AMRCLAW: level  1  CFL = .383E+00  dt = 0.5000E+00  final t = 0.453500E+03
 AMRCLAW: level  1  CFL = .383E+00  dt = 0.5000E+00  final t = 0.454000E+03
 AMRCLAW: level  1  CFL = .383E+00  dt = 0.5000E+00  final t = 0.454500E+03
 AMRCLAW: level  1  CFL = .383E+00  dt = 0.5000E+00  final t = 0.455000E+03
 AMRCLAW: level  1  CFL = .383E+00  dt = 0.5000E+00  final t = 0.455500E+03
 AMRCLAW: level  1  CFL = .382E+00  dt = 0.5000E+00  final t = 0.456000E+03
 AMRCLAW: level  1  CFL = .382E+00  dt = 0.5000E+00  final t = 0.456500E+03
 AMRCLAW: level  1  CFL = .382E+00  dt = 0.5000E+00  final t = 0.457000E+03
 AMRCLAW: level  1  CFL = .382E+00  dt = 0.5000E+00  final t = 0.457500E+03
 AMRCLAW: level  1  CFL = .383E+00  dt = 0.5000E+00  final t = 0.458000E+03
 AMRCLAW: level  1  CFL = .383E+00  dt = 0.5000E+00  final t = 0.458500E+03
 AMRCLAW: level  1  CFL = .383E+00  dt = 0.5000E+00  final t = 0.459000E+03
 AMRCLAW: level  1  CFL = .383E+00  dt = 0.5000E+00  final t = 0.459500E+03
 AMRCLAW: level  1  CFL = .384E+00  dt = 0.5000E+00  final t = 0.460000E+03
 AMRCLAW: level  1  CFL = .384E+00  dt = 0.5000E+00  final t = 0.460500E+03
 AMRCLAW: level  1  CFL = .384E+00  dt = 0.5000E+00  final t = 0.461000E+03
 AMRCLAW: level  1  CFL = .384E+00  dt = 0.5000E+00  final t = 0.461500E+03
 AMRCLAW: level  1  CFL = .384E+00  dt = 0.5000E+00  final t = 0.462000E+03
 AMRCLAW: level  1  CFL = .383E+00  dt = 0.5000E+00  final t = 0.462500E+03
 AMRCLAW: level  1  CFL = .383E+00  dt = 0.5000E+00  final t = 0.463000E+03
 AMRCLAW: level  1  CFL = .383E+00  dt = 0.5000E+00  final t = 0.463500E+03
 AMRCLAW: level  1  CFL = .382E+00  dt = 0.5000E+00  final t = 0.464000E+03
 AMRCLAW: level  1  CFL = .382E+00  dt = 0.5000E+00  final t = 0.464500E+03
 AMRCLAW: level  1  CFL = .382E+00  dt = 0.5000E+00  final t = 0.465000E+03
 AMRCLAW: level  1  CFL = .382E+00  dt = 0.5000E+00  final t = 0.465500E+03
 AMRCLAW: level  1  CFL = .382E+00  dt = 0.5000E+00  final t = 0.466000E+03
 AMRCLAW: level  1  CFL = .382E+00  dt = 0.5000E+00  final t = 0.466500E+03
 AMRCLAW: level  1  CFL = .382E+00  dt = 0.5000E+00  final t = 0.467000E+03
 AMRCLAW: level  1  CFL = .382E+00  dt = 0.5000E+00  final t = 0.467500E+03
 AMRCLAW: level  1  CFL = .382E+00  dt = 0.5000E+00  final t = 0.468000E+03
 AMRCLAW: level  1  CFL = .382E+00  dt = 0.5000E+00  final t = 0.468500E+03
 AMRCLAW: level  1  CFL = .382E+00  dt = 0.5000E+00  final t = 0.469000E+03
 AMRCLAW: level  1  CFL = .382E+00  dt = 0.5000E+00  final t = 0.469500E+03
 AMRCLAW: level  1  CFL = .382E+00  dt = 0.5000E+00  final t = 0.470000E+03
 AMRCLAW: level  1  CFL = .382E+00  dt = 0.5000E+00  final t = 0.470500E+03
 AMRCLAW: level  1  CFL = .382E+00  dt = 0.5000E+00  final t = 0.471000E+03
 AMRCLAW: level  1  CFL = .382E+00  dt = 0.5000E+00  final t = 0.471500E+03
 AMRCLAW: level  1  CFL = .381E+00  dt = 0.5000E+00  final t = 0.472000E+03
 AMRCLAW: level  1  CFL = .381E+00  dt = 0.5000E+00  final t = 0.472500E+03
 AMRCLAW: level  1  CFL = .381E+00  dt = 0.5000E+00  final t = 0.473000E+03
 AMRCLAW: level  1  CFL = .381E+00  dt = 0.5000E+00  final t = 0.473500E+03
 AMRCLAW: level  1  CFL = .381E+00  dt = 0.5000E+00  final t = 0.474000E+03
 AMRCLAW: level  1  CFL = .381E+00  dt = 0.5000E+00  final t = 0.474500E+03
 AMRCLAW: level  1  CFL = .381E+00  dt = 0.5000E+00  final t = 0.475000E+03
 AMRCLAW: level  1  CFL = .381E+00  dt = 0.5000E+00  final t = 0.475500E+03
 AMRCLAW: level  1  CFL = .380E+00  dt = 0.5000E+00  final t = 0.476000E+03
 AMRCLAW: level  1  CFL = .380E+00  dt = 0.5000E+00  final t = 0.476500E+03
 AMRCLAW: level  1  CFL = .380E+00  dt = 0.5000E+00  final t = 0.477000E+03
 AMRCLAW: level  1  CFL = .380E+00  dt = 0.5000E+00  final t = 0.477500E+03
 AMRCLAW: level  1  CFL = .379E+00  dt = 0.5000E+00  final t = 0.478000E+03
 AMRCLAW: level  1  CFL = .379E+00  dt = 0.5000E+00  final t = 0.478500E+03
 AMRCLAW: level  1  CFL = .379E+00  dt = 0.5000E+00  final t = 0.479000E+03
 AMRCLAW: level  1  CFL = .378E+00  dt = 0.5000E+00  final t = 0.479500E+03
 AMRCLAW: level  1  CFL = .378E+00  dt = 0.5000E+00  final t = 0.480000E+03
GEOCLAW: Frame   16 output files done at time t =  0.480000D+03

 AMRCLAW: level  1  CFL = .378E+00  dt = 0.5000E+00  final t = 0.480500E+03
 AMRCLAW: level  1  CFL = .377E+00  dt = 0.5000E+00  final t = 0.481000E+03
 AMRCLAW: level  1  CFL = .377E+00  dt = 0.5000E+00  final t = 0.481500E+03
 AMRCLAW: level  1  CFL = .377E+00  dt = 0.5000E+00  final t = 0.482000E+03
 AMRCLAW: level  1  CFL = .376E+00  dt = 0.5000E+00  final t = 0.482500E+03
 AMRCLAW: level  1  CFL = .376E+00  dt = 0.5000E+00  final t = 0.483000E+03
 AMRCLAW: level  1  CFL = .376E+00  dt = 0.5000E+00  final t = 0.483500E+03
 AMRCLAW: level  1  CFL = .376E+00  dt = 0.5000E+00  final t = 0.484000E+03
 AMRCLAW: level  1  CFL = .376E+00  dt = 0.5000E+00  final t = 0.484500E+03
 AMRCLAW: level  1  CFL = .376E+00  dt = 0.5000E+00  final t = 0.485000E+03
 AMRCLAW: level  1  CFL = .375E+00  dt = 0.5000E+00  final t = 0.485500E+03
 AMRCLAW: level  1  CFL = .375E+00  dt = 0.5000E+00  final t = 0.486000E+03
 AMRCLAW: level  1  CFL = .375E+00  dt = 0.5000E+00  final t = 0.486500E+03
 AMRCLAW: level  1  CFL = .375E+00  dt = 0.5000E+00  final t = 0.487000E+03
 AMRCLAW: level  1  CFL = .375E+00  dt = 0.5000E+00  final t = 0.487500E+03
 AMRCLAW: level  1  CFL = .375E+00  dt = 0.5000E+00  final t = 0.488000E+03
 AMRCLAW: level  1  CFL = .375E+00  dt = 0.5000E+00  final t = 0.488500E+03
 AMRCLAW: level  1  CFL = .375E+00  dt = 0.5000E+00  final t = 0.489000E+03
 AMRCLAW: level  1  CFL = .375E+00  dt = 0.5000E+00  final t = 0.489500E+03
 AMRCLAW: level  1  CFL = .374E+00  dt = 0.5000E+00  final t = 0.490000E+03
 AMRCLAW: level  1  CFL = .374E+00  dt = 0.5000E+00  final t = 0.490500E+03
 AMRCLAW: level  1  CFL = .374E+00  dt = 0.5000E+00  final t = 0.491000E+03
 AMRCLAW: level  1  CFL = .374E+00  dt = 0.5000E+00  final t = 0.491500E+03
 AMRCLAW: level  1  CFL = .374E+00  dt = 0.5000E+00  final t = 0.492000E+03
 AMRCLAW: level  1  CFL = .373E+00  dt = 0.5000E+00  final t = 0.492500E+03
 AMRCLAW: level  1  CFL = .373E+00  dt = 0.5000E+00  final t = 0.493000E+03
 AMRCLAW: level  1  CFL = .373E+00  dt = 0.5000E+00  final t = 0.493500E+03
 AMRCLAW: level  1  CFL = .372E+00  dt = 0.5000E+00  final t = 0.494000E+03
 AMRCLAW: level  1  CFL = .372E+00  dt = 0.5000E+00  final t = 0.494500E+03
 AMRCLAW: level  1  CFL = .372E+00  dt = 0.5000E+00  final t = 0.495000E+03
 AMRCLAW: level  1  CFL = .372E+00  dt = 0.5000E+00  final t = 0.495500E+03
 AMRCLAW: level  1  CFL = .371E+00  dt = 0.5000E+00  final t = 0.496000E+03
 AMRCLAW: level  1  CFL = .371E+00  dt = 0.5000E+00  final t = 0.496500E+03
 AMRCLAW: level  1  CFL = .371E+00  dt = 0.5000E+00  final t = 0.497000E+03
 AMRCLAW: level  1  CFL = .370E+00  dt = 0.5000E+00  final t = 0.497500E+03
 AMRCLAW: level  1  CFL = .370E+00  dt = 0.5000E+00  final t = 0.498000E+03
 AMRCLAW: level  1  CFL = .370E+00  dt = 0.5000E+00  final t = 0.498500E+03
 AMRCLAW: level  1  CFL = .369E+00  dt = 0.5000E+00  final t = 0.499000E+03
 AMRCLAW: level  1  CFL = .369E+00  dt = 0.5000E+00  final t = 0.499500E+03
 AMRCLAW: level  1  CFL = .369E+00  dt = 0.5000E+00  final t = 0.500000E+03
 AMRCLAW: level  1  CFL = .368E+00  dt = 0.5000E+00  final t = 0.500500E+03
 AMRCLAW: level  1  CFL = .368E+00  dt = 0.5000E+00  final t = 0.501000E+03
 AMRCLAW: level  1  CFL = .368E+00  dt = 0.5000E+00  final t = 0.501500E+03
 AMRCLAW: level  1  CFL = .368E+00  dt = 0.5000E+00  final t = 0.502000E+03
 AMRCLAW: level  1  CFL = .367E+00  dt = 0.5000E+00  final t = 0.502500E+03
 AMRCLAW: level  1  CFL = .367E+00  dt = 0.5000E+00  final t = 0.503000E+03
 AMRCLAW: level  1  CFL = .367E+00  dt = 0.5000E+00  final t = 0.503500E+03
 AMRCLAW: level  1  CFL = .367E+00  dt = 0.5000E+00  final t = 0.504000E+03
 AMRCLAW: level  1  CFL = .367E+00  dt = 0.5000E+00  final t = 0.504500E+03
 AMRCLAW: level  1  CFL = .366E+00  dt = 0.5000E+00  final t = 0.505000E+03
 AMRCLAW: level  1  CFL = .366E+00  dt = 0.5000E+00  final t = 0.505500E+03
 AMRCLAW: level  1  CFL = .366E+00  dt = 0.5000E+00  final t = 0.506000E+03
 AMRCLAW: level  1  CFL = .366E+00  dt = 0.5000E+00  final t = 0.506500E+03
 AMRCLAW: level  1  CFL = .366E+00  dt = 0.5000E+00  final t = 0.507000E+03
 AMRCLAW: level  1  CFL = .365E+00  dt = 0.5000E+00  final t = 0.507500E+03
 AMRCLAW: level  1  CFL = .365E+00  dt = 0.5000E+00  final t = 0.508000E+03
 AMRCLAW: level  1  CFL = .365E+00  dt = 0.5000E+00  final t = 0.508500E+03
 AMRCLAW: level  1  CFL = .365E+00  dt = 0.5000E+00  final t = 0.509000E+03
 AMRCLAW: level  1  CFL = .365E+00  dt = 0.5000E+00  final t = 0.509500E+03
 AMRCLAW: level  1  CFL = .365E+00  dt = 0.5000E+00  final t = 0.510000E+03
GEOCLAW: Frame   17 output files done at time t =  0.510000D+03

 AMRCLAW: level  1  CFL = .364E+00  dt = 0.5000E+00  final t = 0.510500E+03
 AMRCLAW: level  1  CFL = .364E+00  dt = 0.5000E+00  final t = 0.511000E+03
 AMRCLAW: level  1  CFL = .364E+00  dt = 0.5000E+00  final t = 0.511500E+03
 AMRCLAW: level  1  CFL = .364E+00  dt = 0.5000E+00  final t = 0.512000E+03
 AMRCLAW: level  1  CFL = .364E+00  dt = 0.5000E+00  final t = 0.512500E+03
 AMRCLAW: level  1  CFL = .364E+00  dt = 0.5000E+00  final t = 0.513000E+03
 AMRCLAW: level  1  CFL = .364E+00  dt = 0.5000E+00  final t = 0.513500E+03
 AMRCLAW: level  1  CFL = .363E+00  dt = 0.5000E+00  final t = 0.514000E+03
 AMRCLAW: level  1  CFL = .363E+00  dt = 0.5000E+00  final t = 0.514500E+03
 AMRCLAW: level  1  CFL = .363E+00  dt = 0.5000E+00  final t = 0.515000E+03
 AMRCLAW: level  1  CFL = .362E+00  dt = 0.5000E+00  final t = 0.515500E+03
 AMRCLAW: level  1  CFL = .362E+00  dt = 0.5000E+00  final t = 0.516000E+03
 AMRCLAW: level  1  CFL = .361E+00  dt = 0.5000E+00  final t = 0.516500E+03
 AMRCLAW: level  1  CFL = .360E+00  dt = 0.5000E+00  final t = 0.517000E+03
 AMRCLAW: level  1  CFL = .359E+00  dt = 0.5000E+00  final t = 0.517500E+03
 AMRCLAW: level  1  CFL = .358E+00  dt = 0.5000E+00  final t = 0.518000E+03
 AMRCLAW: level  1  CFL = .357E+00  dt = 0.5000E+00  final t = 0.518500E+03
 AMRCLAW: level  1  CFL = .356E+00  dt = 0.5000E+00  final t = 0.519000E+03
 AMRCLAW: level  1  CFL = .355E+00  dt = 0.5000E+00  final t = 0.519500E+03
 AMRCLAW: level  1  CFL = .354E+00  dt = 0.5000E+00  final t = 0.520000E+03
 AMRCLAW: level  1  CFL = .353E+00  dt = 0.5000E+00  final t = 0.520500E+03
 AMRCLAW: level  1  CFL = .352E+00  dt = 0.5000E+00  final t = 0.521000E+03
 AMRCLAW: level  1  CFL = .352E+00  dt = 0.5000E+00  final t = 0.521500E+03
 AMRCLAW: level  1  CFL = .351E+00  dt = 0.5000E+00  final t = 0.522000E+03
 AMRCLAW: level  1  CFL = .350E+00  dt = 0.5000E+00  final t = 0.522500E+03
 AMRCLAW: level  1  CFL = .349E+00  dt = 0.5000E+00  final t = 0.523000E+03
 AMRCLAW: level  1  CFL = .348E+00  dt = 0.5000E+00  final t = 0.523500E+03
 AMRCLAW: level  1  CFL = .347E+00  dt = 0.5000E+00  final t = 0.524000E+03
 AMRCLAW: level  1  CFL = .346E+00  dt = 0.5000E+00  final t = 0.524500E+03
 AMRCLAW: level  1  CFL = .343E+00  dt = 0.5000E+00  final t = 0.525000E+03
 AMRCLAW: level  1  CFL = .339E+00  dt = 0.5000E+00  final t = 0.525500E+03
 AMRCLAW: level  1  CFL = .334E+00  dt = 0.5000E+00  final t = 0.526000E+03
 AMRCLAW: level  1  CFL = .332E+00  dt = 0.5000E+00  final t = 0.526500E+03
 AMRCLAW: level  1  CFL = .332E+00  dt = 0.5000E+00  final t = 0.527000E+03
 AMRCLAW: level  1  CFL = .331E+00  dt = 0.5000E+00  final t = 0.527500E+03
 AMRCLAW: level  1  CFL = .331E+00  dt = 0.5000E+00  final t = 0.528000E+03
 AMRCLAW: level  1  CFL = .331E+00  dt = 0.5000E+00  final t = 0.528500E+03
 AMRCLAW: level  1  CFL = .331E+00  dt = 0.5000E+00  final t = 0.529000E+03
 AMRCLAW: level  1  CFL = .331E+00  dt = 0.5000E+00  final t = 0.529500E+03
 AMRCLAW: level  1  CFL = .331E+00  dt = 0.5000E+00  final t = 0.530000E+03
 AMRCLAW: level  1  CFL = .331E+00  dt = 0.5000E+00  final t = 0.530500E+03
 AMRCLAW: level  1  CFL = .331E+00  dt = 0.5000E+00  final t = 0.531000E+03
 AMRCLAW: level  1  CFL = .331E+00  dt = 0.5000E+00  final t = 0.531500E+03
 AMRCLAW: level  1  CFL = .330E+00  dt = 0.5000E+00  final t = 0.532000E+03
 AMRCLAW: level  1  CFL = .330E+00  dt = 0.5000E+00  final t = 0.532500E+03
 AMRCLAW: level  1  CFL = .330E+00  dt = 0.5000E+00  final t = 0.533000E+03
 AMRCLAW: level  1  CFL = .330E+00  dt = 0.5000E+00  final t = 0.533500E+03
 AMRCLAW: level  1  CFL = .330E+00  dt = 0.5000E+00  final t = 0.534000E+03
 AMRCLAW: level  1  CFL = .329E+00  dt = 0.5000E+00  final t = 0.534500E+03
 AMRCLAW: level  1  CFL = .328E+00  dt = 0.5000E+00  final t = 0.535000E+03
 AMRCLAW: level  1  CFL = .327E+00  dt = 0.5000E+00  final t = 0.535500E+03
 AMRCLAW: level  1  CFL = .325E+00  dt = 0.5000E+00  final t = 0.536000E+03
 AMRCLAW: level  1  CFL = .322E+00  dt = 0.5000E+00  final t = 0.536500E+03
 AMRCLAW: level  1  CFL = .320E+00  dt = 0.5000E+00  final t = 0.537000E+03
 AMRCLAW: level  1  CFL = .317E+00  dt = 0.5000E+00  final t = 0.537500E+03
 AMRCLAW: level  1  CFL = .313E+00  dt = 0.5000E+00  final t = 0.538000E+03
 AMRCLAW: level  1  CFL = .310E+00  dt = 0.5000E+00  final t = 0.538500E+03
 AMRCLAW: level  1  CFL = .306E+00  dt = 0.5000E+00  final t = 0.539000E+03
 AMRCLAW: level  1  CFL = .303E+00  dt = 0.5000E+00  final t = 0.539500E+03
 AMRCLAW: level  1  CFL = .299E+00  dt = 0.5000E+00  final t = 0.540000E+03
GEOCLAW: Frame   18 output files done at time t =  0.540000D+03

 AMRCLAW: level  1  CFL = .296E+00  dt = 0.5000E+00  final t = 0.540500E+03
 AMRCLAW: level  1  CFL = .293E+00  dt = 0.5000E+00  final t = 0.541000E+03
 AMRCLAW: level  1  CFL = .291E+00  dt = 0.5000E+00  final t = 0.541500E+03
 AMRCLAW: level  1  CFL = .291E+00  dt = 0.5000E+00  final t = 0.542000E+03
 AMRCLAW: level  1  CFL = .290E+00  dt = 0.5000E+00  final t = 0.542500E+03
 AMRCLAW: level  1  CFL = .290E+00  dt = 0.5000E+00  final t = 0.543000E+03
 AMRCLAW: level  1  CFL = .290E+00  dt = 0.5000E+00  final t = 0.543500E+03
 AMRCLAW: level  1  CFL = .290E+00  dt = 0.5000E+00  final t = 0.544000E+03
 AMRCLAW: level  1  CFL = .290E+00  dt = 0.5000E+00  final t = 0.544500E+03
 AMRCLAW: level  1  CFL = .290E+00  dt = 0.5000E+00  final t = 0.545000E+03
 AMRCLAW: level  1  CFL = .290E+00  dt = 0.5000E+00  final t = 0.545500E+03
 AMRCLAW: level  1  CFL = .290E+00  dt = 0.5000E+00  final t = 0.546000E+03
 AMRCLAW: level  1  CFL = .289E+00  dt = 0.5000E+00  final t = 0.546500E+03
 AMRCLAW: level  1  CFL = .289E+00  dt = 0.5000E+00  final t = 0.547000E+03
 AMRCLAW: level  1  CFL = .289E+00  dt = 0.5000E+00  final t = 0.547500E+03
 AMRCLAW: level  1  CFL = .289E+00  dt = 0.5000E+00  final t = 0.548000E+03
 AMRCLAW: level  1  CFL = .289E+00  dt = 0.5000E+00  final t = 0.548500E+03
 AMRCLAW: level  1  CFL = .289E+00  dt = 0.5000E+00  final t = 0.549000E+03
 AMRCLAW: level  1  CFL = .289E+00  dt = 0.5000E+00  final t = 0.549500E+03
 AMRCLAW: level  1  CFL = .288E+00  dt = 0.5000E+00  final t = 0.550000E+03
 AMRCLAW: level  1  CFL = .288E+00  dt = 0.5000E+00  final t = 0.550500E+03
 AMRCLAW: level  1  CFL = .303E+00  dt = 0.5000E+00  final t = 0.551000E+03
 AMRCLAW: level  1  CFL = .287E+00  dt = 0.5000E+00  final t = 0.551500E+03
 AMRCLAW: level  1  CFL = .286E+00  dt = 0.5000E+00  final t = 0.552000E+03
 AMRCLAW: level  1  CFL = .285E+00  dt = 0.5000E+00  final t = 0.552500E+03
 AMRCLAW: level  1  CFL = .284E+00  dt = 0.5000E+00  final t = 0.553000E+03
 AMRCLAW: level  1  CFL = .283E+00  dt = 0.5000E+00  final t = 0.553500E+03
 AMRCLAW: level  1  CFL = .282E+00  dt = 0.5000E+00  final t = 0.554000E+03
 AMRCLAW: level  1  CFL = .281E+00  dt = 0.5000E+00  final t = 0.554500E+03
 AMRCLAW: level  1  CFL = .304E+00  dt = 0.5000E+00  final t = 0.555000E+03
 AMRCLAW: level  1  CFL = .279E+00  dt = 0.5000E+00  final t = 0.555500E+03
 AMRCLAW: level  1  CFL = .279E+00  dt = 0.5000E+00  final t = 0.556000E+03
 AMRCLAW: level  1  CFL = .279E+00  dt = 0.5000E+00  final t = 0.556500E+03
 AMRCLAW: level  1  CFL = .279E+00  dt = 0.5000E+00  final t = 0.557000E+03
 AMRCLAW: level  1  CFL = .279E+00  dt = 0.5000E+00  final t = 0.557500E+03
 AMRCLAW: level  1  CFL = .278E+00  dt = 0.5000E+00  final t = 0.558000E+03
 AMRCLAW: level  1  CFL = .278E+00  dt = 0.5000E+00  final t = 0.558500E+03
 AMRCLAW: level  1  CFL = .277E+00  dt = 0.5000E+00  final t = 0.559000E+03
 AMRCLAW: level  1  CFL = .277E+00  dt = 0.5000E+00  final t = 0.559500E+03
 AMRCLAW: level  1  CFL = .277E+00  dt = 0.5000E+00  final t = 0.560000E+03
 AMRCLAW: level  1  CFL = .278E+00  dt = 0.5000E+00  final t = 0.560500E+03
 AMRCLAW: level  1  CFL = .278E+00  dt = 0.5000E+00  final t = 0.561000E+03
 AMRCLAW: level  1  CFL = .279E+00  dt = 0.5000E+00  final t = 0.561500E+03
 AMRCLAW: level  1  CFL = .279E+00  dt = 0.5000E+00  final t = 0.562000E+03
 AMRCLAW: level  1  CFL = .280E+00  dt = 0.5000E+00  final t = 0.562500E+03
 AMRCLAW: level  1  CFL = .280E+00  dt = 0.5000E+00  final t = 0.563000E+03
 AMRCLAW: level  1  CFL = .281E+00  dt = 0.5000E+00  final t = 0.563500E+03
 AMRCLAW: level  1  CFL = .284E+00  dt = 0.5000E+00  final t = 0.564000E+03
 AMRCLAW: level  1  CFL = .287E+00  dt = 0.5000E+00  final t = 0.564500E+03
 AMRCLAW: level  1  CFL = .290E+00  dt = 0.5000E+00  final t = 0.565000E+03
 AMRCLAW: level  1  CFL = .291E+00  dt = 0.5000E+00  final t = 0.565500E+03
 AMRCLAW: level  1  CFL = .292E+00  dt = 0.5000E+00  final t = 0.566000E+03
 AMRCLAW: level  1  CFL = .293E+00  dt = 0.5000E+00  final t = 0.566500E+03
 AMRCLAW: level  1  CFL = .293E+00  dt = 0.5000E+00  final t = 0.567000E+03
 AMRCLAW: level  1  CFL = .292E+00  dt = 0.5000E+00  final t = 0.567500E+03
 AMRCLAW: level  1  CFL = .292E+00  dt = 0.5000E+00  final t = 0.568000E+03
 AMRCLAW: level  1  CFL = .291E+00  dt = 0.5000E+00  final t = 0.568500E+03
 AMRCLAW: level  1  CFL = .317E+00  dt = 0.5000E+00  final t = 0.569000E+03
 AMRCLAW: level  1  CFL = .289E+00  dt = 0.5000E+00  final t = 0.569500E+03
 AMRCLAW: level  1  CFL = .288E+00  dt = 0.5000E+00  final t = 0.570000E+03
GEOCLAW: Frame   19 output files done at time t =  0.570000D+03

 AMRCLAW: level  1  CFL = .287E+00  dt = 0.5000E+00  final t = 0.570500E+03
 AMRCLAW: level  1  CFL = .285E+00  dt = 0.5000E+00  final t = 0.571000E+03
 AMRCLAW: level  1  CFL = .284E+00  dt = 0.5000E+00  final t = 0.571500E+03
 AMRCLAW: level  1  CFL = .283E+00  dt = 0.5000E+00  final t = 0.572000E+03
 AMRCLAW: level  1  CFL = .282E+00  dt = 0.5000E+00  final t = 0.572500E+03
 AMRCLAW: level  1  CFL = .282E+00  dt = 0.5000E+00  final t = 0.573000E+03
 AMRCLAW: level  1  CFL = .282E+00  dt = 0.5000E+00  final t = 0.573500E+03
 AMRCLAW: level  1  CFL = .281E+00  dt = 0.5000E+00  final t = 0.574000E+03
 AMRCLAW: level  1  CFL = .281E+00  dt = 0.5000E+00  final t = 0.574500E+03
 AMRCLAW: level  1  CFL = .281E+00  dt = 0.5000E+00  final t = 0.575000E+03
 AMRCLAW: level  1  CFL = .281E+00  dt = 0.5000E+00  final t = 0.575500E+03
 AMRCLAW: level  1  CFL = .280E+00  dt = 0.5000E+00  final t = 0.576000E+03
 AMRCLAW: level  1  CFL = .280E+00  dt = 0.5000E+00  final t = 0.576500E+03
 AMRCLAW: level  1  CFL = .280E+00  dt = 0.5000E+00  final t = 0.577000E+03
 AMRCLAW: level  1  CFL = .279E+00  dt = 0.5000E+00  final t = 0.577500E+03
 AMRCLAW: level  1  CFL = .279E+00  dt = 0.5000E+00  final t = 0.578000E+03
 AMRCLAW: level  1  CFL = .279E+00  dt = 0.5000E+00  final t = 0.578500E+03
 AMRCLAW: level  1  CFL = .279E+00  dt = 0.5000E+00  final t = 0.579000E+03
 AMRCLAW: level  1  CFL = .279E+00  dt = 0.5000E+00  final t = 0.579500E+03
 AMRCLAW: level  1  CFL = .278E+00  dt = 0.5000E+00  final t = 0.580000E+03
 AMRCLAW: level  1  CFL = .278E+00  dt = 0.5000E+00  final t = 0.580500E+03
 AMRCLAW: level  1  CFL = .278E+00  dt = 0.5000E+00  final t = 0.581000E+03
 AMRCLAW: level  1  CFL = .278E+00  dt = 0.5000E+00  final t = 0.581500E+03
 AMRCLAW: level  1  CFL = .278E+00  dt = 0.5000E+00  final t = 0.582000E+03
 AMRCLAW: level  1  CFL = .278E+00  dt = 0.5000E+00  final t = 0.582500E+03
 AMRCLAW: level  1  CFL = .278E+00  dt = 0.5000E+00  final t = 0.583000E+03
 AMRCLAW: level  1  CFL = .278E+00  dt = 0.5000E+00  final t = 0.583500E+03
 AMRCLAW: level  1  CFL = .278E+00  dt = 0.5000E+00  final t = 0.584000E+03
 AMRCLAW: level  1  CFL = .278E+00  dt = 0.5000E+00  final t = 0.584500E+03
 AMRCLAW: level  1  CFL = .278E+00  dt = 0.5000E+00  final t = 0.585000E+03
 AMRCLAW: level  1  CFL = .278E+00  dt = 0.5000E+00  final t = 0.585500E+03
 AMRCLAW: level  1  CFL = .278E+00  dt = 0.5000E+00  final t = 0.586000E+03
 AMRCLAW: level  1  CFL = .278E+00  dt = 0.5000E+00  final t = 0.586500E+03
 AMRCLAW: level  1  CFL = .278E+00  dt = 0.5000E+00  final t = 0.587000E+03
 AMRCLAW: level  1  CFL = .278E+00  dt = 0.5000E+00  final t = 0.587500E+03
 AMRCLAW: level  1  CFL = .278E+00  dt = 0.5000E+00  final t = 0.588000E+03
 AMRCLAW: level  1  CFL = .278E+00  dt = 0.5000E+00  final t = 0.588500E+03
 AMRCLAW: level  1  CFL = .346E+00  dt = 0.5000E+00  final t = 0.589000E+03
 AMRCLAW: level  1  CFL = .278E+00  dt = 0.5000E+00  final t = 0.589500E+03
 AMRCLAW: level  1  CFL = .278E+00  dt = 0.5000E+00  final t = 0.590000E+03
 AMRCLAW: level  1  CFL = .278E+00  dt = 0.5000E+00  final t = 0.590500E+03
 AMRCLAW: level  1  CFL = .278E+00  dt = 0.5000E+00  final t = 0.591000E+03
 AMRCLAW: level  1  CFL = .278E+00  dt = 0.5000E+00  final t = 0.591500E+03
 AMRCLAW: level  1  CFL = .279E+00  dt = 0.5000E+00  final t = 0.592000E+03
 AMRCLAW: level  1  CFL = .279E+00  dt = 0.5000E+00  final t = 0.592500E+03
 AMRCLAW: level  1  CFL = .279E+00  dt = 0.5000E+00  final t = 0.593000E+03
 AMRCLAW: level  1  CFL = .279E+00  dt = 0.5000E+00  final t = 0.593500E+03
 AMRCLAW: level  1  CFL = .279E+00  dt = 0.5000E+00  final t = 0.594000E+03
 AMRCLAW: level  1  CFL = .280E+00  dt = 0.5000E+00  final t = 0.594500E+03
 AMRCLAW: level  1  CFL = .280E+00  dt = 0.5000E+00  final t = 0.595000E+03
 AMRCLAW: level  1  CFL = .280E+00  dt = 0.5000E+00  final t = 0.595500E+03
 AMRCLAW: level  1  CFL = .280E+00  dt = 0.5000E+00  final t = 0.596000E+03
 AMRCLAW: level  1  CFL = .280E+00  dt = 0.5000E+00  final t = 0.596500E+03
 AMRCLAW: level  1  CFL = .279E+00  dt = 0.5000E+00  final t = 0.597000E+03
 AMRCLAW: level  1  CFL = .279E+00  dt = 0.5000E+00  final t = 0.597500E+03
 AMRCLAW: level  1  CFL = .278E+00  dt = 0.5000E+00  final t = 0.598000E+03
 AMRCLAW: level  1  CFL = .278E+00  dt = 0.5000E+00  final t = 0.598500E+03
 AMRCLAW: level  1  CFL = .277E+00  dt = 0.5000E+00  final t = 0.599000E+03
 AMRCLAW: level  1  CFL = .277E+00  dt = 0.5000E+00  final t = 0.599500E+03
 AMRCLAW: level  1  CFL = .276E+00  dt = 0.5000E+00  final t = 0.600000E+03
GEOCLAW: Frame   20 output files done at time t =  0.600000D+03

 AMRCLAW: level  1  CFL = .276E+00  dt = 0.5000E+00  final t = 0.600500E+03
 AMRCLAW: level  1  CFL = .276E+00  dt = 0.5000E+00  final t = 0.601000E+03
 AMRCLAW: level  1  CFL = .276E+00  dt = 0.5000E+00  final t = 0.601500E+03
 AMRCLAW: level  1  CFL = .276E+00  dt = 0.5000E+00  final t = 0.602000E+03
 AMRCLAW: level  1  CFL = .276E+00  dt = 0.5000E+00  final t = 0.602500E+03
 AMRCLAW: level  1  CFL = .277E+00  dt = 0.5000E+00  final t = 0.603000E+03
 AMRCLAW: level  1  CFL = .277E+00  dt = 0.5000E+00  final t = 0.603500E+03
 AMRCLAW: level  1  CFL = .277E+00  dt = 0.5000E+00  final t = 0.604000E+03
 AMRCLAW: level  1  CFL = .278E+00  dt = 0.5000E+00  final t = 0.604500E+03
 AMRCLAW: level  1  CFL = .278E+00  dt = 0.5000E+00  final t = 0.605000E+03
 AMRCLAW: level  1  CFL = .279E+00  dt = 0.5000E+00  final t = 0.605500E+03
 AMRCLAW: level  1  CFL = .279E+00  dt = 0.5000E+00  final t = 0.606000E+03
 AMRCLAW: level  1  CFL = .279E+00  dt = 0.5000E+00  final t = 0.606500E+03
 AMRCLAW: level  1  CFL = .280E+00  dt = 0.5000E+00  final t = 0.607000E+03
 AMRCLAW: level  1  CFL = .280E+00  dt = 0.5000E+00  final t = 0.607500E+03
 AMRCLAW: level  1  CFL = .281E+00  dt = 0.5000E+00  final t = 0.608000E+03
 AMRCLAW: level  1  CFL = .281E+00  dt = 0.5000E+00  final t = 0.608500E+03
 AMRCLAW: level  1  CFL = .282E+00  dt = 0.5000E+00  final t = 0.609000E+03
 AMRCLAW: level  1  CFL = .282E+00  dt = 0.5000E+00  final t = 0.609500E+03
 AMRCLAW: level  1  CFL = .282E+00  dt = 0.5000E+00  final t = 0.610000E+03
 AMRCLAW: level  1  CFL = .283E+00  dt = 0.5000E+00  final t = 0.610500E+03
 AMRCLAW: level  1  CFL = .283E+00  dt = 0.5000E+00  final t = 0.611000E+03
 AMRCLAW: level  1  CFL = .283E+00  dt = 0.5000E+00  final t = 0.611500E+03
 AMRCLAW: level  1  CFL = .284E+00  dt = 0.5000E+00  final t = 0.612000E+03
 AMRCLAW: level  1  CFL = .284E+00  dt = 0.5000E+00  final t = 0.612500E+03
 AMRCLAW: level  1  CFL = .284E+00  dt = 0.5000E+00  final t = 0.613000E+03
 AMRCLAW: level  1  CFL = .285E+00  dt = 0.5000E+00  final t = 0.613500E+03
 AMRCLAW: level  1  CFL = .285E+00  dt = 0.5000E+00  final t = 0.614000E+03
 AMRCLAW: level  1  CFL = .285E+00  dt = 0.5000E+00  final t = 0.614500E+03
 AMRCLAW: level  1  CFL = .285E+00  dt = 0.5000E+00  final t = 0.615000E+03
 AMRCLAW: level  1  CFL = .285E+00  dt = 0.5000E+00  final t = 0.615500E+03
 AMRCLAW: level  1  CFL = .286E+00  dt = 0.5000E+00  final t = 0.616000E+03
 AMRCLAW: level  1  CFL = .286E+00  dt = 0.5000E+00  final t = 0.616500E+03
 AMRCLAW: level  1  CFL = .286E+00  dt = 0.5000E+00  final t = 0.617000E+03
 AMRCLAW: level  1  CFL = .286E+00  dt = 0.5000E+00  final t = 0.617500E+03
 AMRCLAW: level  1  CFL = .286E+00  dt = 0.5000E+00  final t = 0.618000E+03
 AMRCLAW: level  1  CFL = .286E+00  dt = 0.5000E+00  final t = 0.618500E+03
 AMRCLAW: level  1  CFL = .286E+00  dt = 0.5000E+00  final t = 0.619000E+03
 AMRCLAW: level  1  CFL = .286E+00  dt = 0.5000E+00  final t = 0.619500E+03
 AMRCLAW: level  1  CFL = .287E+00  dt = 0.5000E+00  final t = 0.620000E+03
 AMRCLAW: level  1  CFL = .287E+00  dt = 0.5000E+00  final t = 0.620500E+03
 AMRCLAW: level  1  CFL = .287E+00  dt = 0.5000E+00  final t = 0.621000E+03
 AMRCLAW: level  1  CFL = .287E+00  dt = 0.5000E+00  final t = 0.621500E+03
 AMRCLAW: level  1  CFL = .287E+00  dt = 0.5000E+00  final t = 0.622000E+03
 AMRCLAW: level  1  CFL = .287E+00  dt = 0.5000E+00  final t = 0.622500E+03
 AMRCLAW: level  1  CFL = .287E+00  dt = 0.5000E+00  final t = 0.623000E+03
 AMRCLAW: level  1  CFL = .287E+00  dt = 0.5000E+00  final t = 0.623500E+03
 AMRCLAW: level  1  CFL = .287E+00  dt = 0.5000E+00  final t = 0.624000E+03
 AMRCLAW: level  1  CFL = .287E+00  dt = 0.5000E+00  final t = 0.624500E+03
 AMRCLAW: level  1  CFL = .287E+00  dt = 0.5000E+00  final t = 0.625000E+03
 AMRCLAW: level  1  CFL = .287E+00  dt = 0.5000E+00  final t = 0.625500E+03
 AMRCLAW: level  1  CFL = .287E+00  dt = 0.5000E+00  final t = 0.626000E+03
 AMRCLAW: level  1  CFL = .287E+00  dt = 0.5000E+00  final t = 0.626500E+03
 AMRCLAW: level  1  CFL = .287E+00  dt = 0.5000E+00  final t = 0.627000E+03
 AMRCLAW: level  1  CFL = .287E+00  dt = 0.5000E+00  final t = 0.627500E+03
 AMRCLAW: level  1  CFL = .287E+00  dt = 0.5000E+00  final t = 0.628000E+03
 AMRCLAW: level  1  CFL = .287E+00  dt = 0.5000E+00  final t = 0.628500E+03
 AMRCLAW: level  1  CFL = .287E+00  dt = 0.5000E+00  final t = 0.629000E+03
 AMRCLAW: level  1  CFL = .287E+00  dt = 0.5000E+00  final t = 0.629500E+03
 AMRCLAW: level  1  CFL = .287E+00  dt = 0.5000E+00  final t = 0.630000E+03
GEOCLAW: Frame   21 output files done at time t =  0.630000D+03

 AMRCLAW: level  1  CFL = .287E+00  dt = 0.5000E+00  final t = 0.630500E+03
 AMRCLAW: level  1  CFL = .286E+00  dt = 0.5000E+00  final t = 0.631000E+03
 AMRCLAW: level  1  CFL = .286E+00  dt = 0.5000E+00  final t = 0.631500E+03
 AMRCLAW: level  1  CFL = .286E+00  dt = 0.5000E+00  final t = 0.632000E+03
 AMRCLAW: level  1  CFL = .286E+00  dt = 0.5000E+00  final t = 0.632500E+03
 AMRCLAW: level  1  CFL = .286E+00  dt = 0.5000E+00  final t = 0.633000E+03
 AMRCLAW: level  1  CFL = .286E+00  dt = 0.5000E+00  final t = 0.633500E+03
 AMRCLAW: level  1  CFL = .286E+00  dt = 0.5000E+00  final t = 0.634000E+03
 AMRCLAW: level  1  CFL = .286E+00  dt = 0.5000E+00  final t = 0.634500E+03
 AMRCLAW: level  1  CFL = .286E+00  dt = 0.5000E+00  final t = 0.635000E+03
 AMRCLAW: level  1  CFL = .318E+00  dt = 0.5000E+00  final t = 0.635500E+03
 AMRCLAW: level  1  CFL = .285E+00  dt = 0.5000E+00  final t = 0.636000E+03
 AMRCLAW: level  1  CFL = .285E+00  dt = 0.5000E+00  final t = 0.636500E+03
 AMRCLAW: level  1  CFL = .285E+00  dt = 0.5000E+00  final t = 0.637000E+03
 AMRCLAW: level  1  CFL = .285E+00  dt = 0.5000E+00  final t = 0.637500E+03
 AMRCLAW: level  1  CFL = .285E+00  dt = 0.5000E+00  final t = 0.638000E+03
 AMRCLAW: level  1  CFL = .284E+00  dt = 0.5000E+00  final t = 0.638500E+03
 AMRCLAW: level  1  CFL = .284E+00  dt = 0.5000E+00  final t = 0.639000E+03
 AMRCLAW: level  1  CFL = .284E+00  dt = 0.5000E+00  final t = 0.639500E+03
 AMRCLAW: level  1  CFL = .284E+00  dt = 0.5000E+00  final t = 0.640000E+03
 AMRCLAW: level  1  CFL = .283E+00  dt = 0.5000E+00  final t = 0.640500E+03
 AMRCLAW: level  1  CFL = .283E+00  dt = 0.5000E+00  final t = 0.641000E+03
 AMRCLAW: level  1  CFL = .283E+00  dt = 0.5000E+00  final t = 0.641500E+03
 AMRCLAW: level  1  CFL = .283E+00  dt = 0.5000E+00  final t = 0.642000E+03
 AMRCLAW: level  1  CFL = .283E+00  dt = 0.5000E+00  final t = 0.642500E+03
 AMRCLAW: level  1  CFL = .282E+00  dt = 0.5000E+00  final t = 0.643000E+03
 AMRCLAW: level  1  CFL = .282E+00  dt = 0.5000E+00  final t = 0.643500E+03
 AMRCLAW: level  1  CFL = .282E+00  dt = 0.5000E+00  final t = 0.644000E+03
 AMRCLAW: level  1  CFL = .281E+00  dt = 0.5000E+00  final t = 0.644500E+03
 AMRCLAW: level  1  CFL = .281E+00  dt = 0.5000E+00  final t = 0.645000E+03
 AMRCLAW: level  1  CFL = .281E+00  dt = 0.5000E+00  final t = 0.645500E+03
 AMRCLAW: level  1  CFL = .281E+00  dt = 0.5000E+00  final t = 0.646000E+03
 AMRCLAW: level  1  CFL = .280E+00  dt = 0.5000E+00  final t = 0.646500E+03
 AMRCLAW: level  1  CFL = .280E+00  dt = 0.5000E+00  final t = 0.647000E+03
 AMRCLAW: level  1  CFL = .280E+00  dt = 0.5000E+00  final t = 0.647500E+03
 AMRCLAW: level  1  CFL = .279E+00  dt = 0.5000E+00  final t = 0.648000E+03
 AMRCLAW: level  1  CFL = .279E+00  dt = 0.5000E+00  final t = 0.648500E+03
 AMRCLAW: level  1  CFL = .279E+00  dt = 0.5000E+00  final t = 0.649000E+03
 AMRCLAW: level  1  CFL = .279E+00  dt = 0.5000E+00  final t = 0.649500E+03
 AMRCLAW: level  1  CFL = .280E+00  dt = 0.5000E+00  final t = 0.650000E+03
 AMRCLAW: level  1  CFL = .281E+00  dt = 0.5000E+00  final t = 0.650500E+03
 AMRCLAW: level  1  CFL = .281E+00  dt = 0.5000E+00  final t = 0.651000E+03
 AMRCLAW: level  1  CFL = .282E+00  dt = 0.5000E+00  final t = 0.651500E+03
 AMRCLAW: level  1  CFL = .283E+00  dt = 0.5000E+00  final t = 0.652000E+03
 AMRCLAW: level  1  CFL = .284E+00  dt = 0.5000E+00  final t = 0.652500E+03
 AMRCLAW: level  1  CFL = .284E+00  dt = 0.5000E+00  final t = 0.653000E+03
 AMRCLAW: level  1  CFL = .285E+00  dt = 0.5000E+00  final t = 0.653500E+03
 AMRCLAW: level  1  CFL = .285E+00  dt = 0.5000E+00  final t = 0.654000E+03
 AMRCLAW: level  1  CFL = .286E+00  dt = 0.5000E+00  final t = 0.654500E+03
 AMRCLAW: level  1  CFL = .286E+00  dt = 0.5000E+00  final t = 0.655000E+03
 AMRCLAW: level  1  CFL = .286E+00  dt = 0.5000E+00  final t = 0.655500E+03
 AMRCLAW: level  1  CFL = .286E+00  dt = 0.5000E+00  final t = 0.656000E+03
 AMRCLAW: level  1  CFL = .286E+00  dt = 0.5000E+00  final t = 0.656500E+03
 AMRCLAW: level  1  CFL = .286E+00  dt = 0.5000E+00  final t = 0.657000E+03
 AMRCLAW: level  1  CFL = .286E+00  dt = 0.5000E+00  final t = 0.657500E+03
 AMRCLAW: level  1  CFL = .285E+00  dt = 0.5000E+00  final t = 0.658000E+03
 AMRCLAW: level  1  CFL = .285E+00  dt = 0.5000E+00  final t = 0.658500E+03
 AMRCLAW: level  1  CFL = .285E+00  dt = 0.5000E+00  final t = 0.659000E+03
 AMRCLAW: level  1  CFL = .285E+00  dt = 0.5000E+00  final t = 0.659500E+03
 AMRCLAW: level  1  CFL = .284E+00  dt = 0.5000E+00  final t = 0.660000E+03
GEOCLAW: Frame   22 output files done at time t =  0.660000D+03

 AMRCLAW: level  1  CFL = .284E+00  dt = 0.5000E+00  final t = 0.660500E+03
 AMRCLAW: level  1  CFL = .284E+00  dt = 0.5000E+00  final t = 0.661000E+03
 AMRCLAW: level  1  CFL = .283E+00  dt = 0.5000E+00  final t = 0.661500E+03
 AMRCLAW: level  1  CFL = .283E+00  dt = 0.5000E+00  final t = 0.662000E+03
 AMRCLAW: level  1  CFL = .283E+00  dt = 0.5000E+00  final t = 0.662500E+03
 AMRCLAW: level  1  CFL = .283E+00  dt = 0.5000E+00  final t = 0.663000E+03
 AMRCLAW: level  1  CFL = .282E+00  dt = 0.5000E+00  final t = 0.663500E+03
 AMRCLAW: level  1  CFL = .282E+00  dt = 0.5000E+00  final t = 0.664000E+03
 AMRCLAW: level  1  CFL = .282E+00  dt = 0.5000E+00  final t = 0.664500E+03
 AMRCLAW: level  1  CFL = .282E+00  dt = 0.5000E+00  final t = 0.665000E+03
 AMRCLAW: level  1  CFL = .282E+00  dt = 0.5000E+00  final t = 0.665500E+03
 AMRCLAW: level  1  CFL = .281E+00  dt = 0.5000E+00  final t = 0.666000E+03
 AMRCLAW: level  1  CFL = .281E+00  dt = 0.5000E+00  final t = 0.666500E+03
 AMRCLAW: level  1  CFL = .281E+00  dt = 0.5000E+00  final t = 0.667000E+03
 AMRCLAW: level  1  CFL = .281E+00  dt = 0.5000E+00  final t = 0.667500E+03
 AMRCLAW: level  1  CFL = .281E+00  dt = 0.5000E+00  final t = 0.668000E+03
 AMRCLAW: level  1  CFL = .281E+00  dt = 0.5000E+00  final t = 0.668500E+03
 AMRCLAW: level  1  CFL = .281E+00  dt = 0.5000E+00  final t = 0.669000E+03
 AMRCLAW: level  1  CFL = .280E+00  dt = 0.5000E+00  final t = 0.669500E+03
 AMRCLAW: level  1  CFL = .280E+00  dt = 0.5000E+00  final t = 0.670000E+03
 AMRCLAW: level  1  CFL = .280E+00  dt = 0.5000E+00  final t = 0.670500E+03
 AMRCLAW: level  1  CFL = .280E+00  dt = 0.5000E+00  final t = 0.671000E+03
 AMRCLAW: level  1  CFL = .280E+00  dt = 0.5000E+00  final t = 0.671500E+03
 AMRCLAW: level  1  CFL = .280E+00  dt = 0.5000E+00  final t = 0.672000E+03
 AMRCLAW: level  1  CFL = .280E+00  dt = 0.5000E+00  final t = 0.672500E+03
 AMRCLAW: level  1  CFL = .280E+00  dt = 0.5000E+00  final t = 0.673000E+03
 AMRCLAW: level  1  CFL = .280E+00  dt = 0.5000E+00  final t = 0.673500E+03
 AMRCLAW: level  1  CFL = .280E+00  dt = 0.5000E+00  final t = 0.674000E+03
 AMRCLAW: level  1  CFL = .280E+00  dt = 0.5000E+00  final t = 0.674500E+03
 AMRCLAW: level  1  CFL = .280E+00  dt = 0.5000E+00  final t = 0.675000E+03
 AMRCLAW: level  1  CFL = .280E+00  dt = 0.5000E+00  final t = 0.675500E+03
 AMRCLAW: level  1  CFL = .280E+00  dt = 0.5000E+00  final t = 0.676000E+03
 AMRCLAW: level  1  CFL = .280E+00  dt = 0.5000E+00  final t = 0.676500E+03
 AMRCLAW: level  1  CFL = .280E+00  dt = 0.5000E+00  final t = 0.677000E+03
 AMRCLAW: level  1  CFL = .279E+00  dt = 0.5000E+00  final t = 0.677500E+03
 AMRCLAW: level  1  CFL = .279E+00  dt = 0.5000E+00  final t = 0.678000E+03
 AMRCLAW: level  1  CFL = .279E+00  dt = 0.5000E+00  final t = 0.678500E+03
 AMRCLAW: level  1  CFL = .279E+00  dt = 0.5000E+00  final t = 0.679000E+03
 AMRCLAW: level  1  CFL = .279E+00  dt = 0.5000E+00  final t = 0.679500E+03
 AMRCLAW: level  1  CFL = .279E+00  dt = 0.5000E+00  final t = 0.680000E+03
 AMRCLAW: level  1  CFL = .279E+00  dt = 0.5000E+00  final t = 0.680500E+03
 AMRCLAW: level  1  CFL = .279E+00  dt = 0.5000E+00  final t = 0.681000E+03
 AMRCLAW: level  1  CFL = .279E+00  dt = 0.5000E+00  final t = 0.681500E+03
 AMRCLAW: level  1  CFL = .279E+00  dt = 0.5000E+00  final t = 0.682000E+03
 AMRCLAW: level  1  CFL = .279E+00  dt = 0.5000E+00  final t = 0.682500E+03
 AMRCLAW: level  1  CFL = .279E+00  dt = 0.5000E+00  final t = 0.683000E+03
 AMRCLAW: level  1  CFL = .279E+00  dt = 0.5000E+00  final t = 0.683500E+03
 AMRCLAW: level  1  CFL = .279E+00  dt = 0.5000E+00  final t = 0.684000E+03
 AMRCLAW: level  1  CFL = .279E+00  dt = 0.5000E+00  final t = 0.684500E+03
 AMRCLAW: level  1  CFL = .279E+00  dt = 0.5000E+00  final t = 0.685000E+03
 AMRCLAW: level  1  CFL = .279E+00  dt = 0.5000E+00  final t = 0.685500E+03
 AMRCLAW: level  1  CFL = .279E+00  dt = 0.5000E+00  final t = 0.686000E+03
 AMRCLAW: level  1  CFL = .279E+00  dt = 0.5000E+00  final t = 0.686500E+03
 AMRCLAW: level  1  CFL = .279E+00  dt = 0.5000E+00  final t = 0.687000E+03
 AMRCLAW: level  1  CFL = .279E+00  dt = 0.5000E+00  final t = 0.687500E+03
 AMRCLAW: level  1  CFL = .279E+00  dt = 0.5000E+00  final t = 0.688000E+03
 AMRCLAW: level  1  CFL = .279E+00  dt = 0.5000E+00  final t = 0.688500E+03
 AMRCLAW: level  1  CFL = .279E+00  dt = 0.5000E+00  final t = 0.689000E+03
 AMRCLAW: level  1  CFL = .279E+00  dt = 0.5000E+00  final t = 0.689500E+03
 AMRCLAW: level  1  CFL = .279E+00  dt = 0.5000E+00  final t = 0.690000E+03
GEOCLAW: Frame   23 output files done at time t =  0.690000D+03

 AMRCLAW: level  1  CFL = .279E+00  dt = 0.5000E+00  final t = 0.690500E+03
 AMRCLAW: level  1  CFL = .279E+00  dt = 0.5000E+00  final t = 0.691000E+03
 AMRCLAW: level  1  CFL = .279E+00  dt = 0.5000E+00  final t = 0.691500E+03
 AMRCLAW: level  1  CFL = .279E+00  dt = 0.5000E+00  final t = 0.692000E+03
 AMRCLAW: level  1  CFL = .279E+00  dt = 0.5000E+00  final t = 0.692500E+03
 AMRCLAW: level  1  CFL = .279E+00  dt = 0.5000E+00  final t = 0.693000E+03
 AMRCLAW: level  1  CFL = .279E+00  dt = 0.5000E+00  final t = 0.693500E+03
 AMRCLAW: level  1  CFL = .279E+00  dt = 0.5000E+00  final t = 0.694000E+03
 AMRCLAW: level  1  CFL = .279E+00  dt = 0.5000E+00  final t = 0.694500E+03
 AMRCLAW: level  1  CFL = .279E+00  dt = 0.5000E+00  final t = 0.695000E+03
 AMRCLAW: level  1  CFL = .279E+00  dt = 0.5000E+00  final t = 0.695500E+03
 AMRCLAW: level  1  CFL = .279E+00  dt = 0.5000E+00  final t = 0.696000E+03
 AMRCLAW: level  1  CFL = .279E+00  dt = 0.5000E+00  final t = 0.696500E+03
 AMRCLAW: level  1  CFL = .278E+00  dt = 0.5000E+00  final t = 0.697000E+03
 AMRCLAW: level  1  CFL = .278E+00  dt = 0.5000E+00  final t = 0.697500E+03
 AMRCLAW: level  1  CFL = .278E+00  dt = 0.5000E+00  final t = 0.698000E+03
 AMRCLAW: level  1  CFL = .278E+00  dt = 0.5000E+00  final t = 0.698500E+03
 AMRCLAW: level  1  CFL = .278E+00  dt = 0.5000E+00  final t = 0.699000E+03
 AMRCLAW: level  1  CFL = .278E+00  dt = 0.5000E+00  final t = 0.699500E+03
 AMRCLAW: level  1  CFL = .285E+00  dt = 0.5000E+00  final t = 0.700000E+03
 AMRCLAW: level  1  CFL = .292E+00  dt = 0.5000E+00  final t = 0.700500E+03
 AMRCLAW: level  1  CFL = .298E+00  dt = 0.5000E+00  final t = 0.701000E+03
 AMRCLAW: level  1  CFL = .304E+00  dt = 0.5000E+00  final t = 0.701500E+03
 AMRCLAW: level  1  CFL = .310E+00  dt = 0.5000E+00  final t = 0.702000E+03
 AMRCLAW: level  1  CFL = .278E+00  dt = 0.5000E+00  final t = 0.702500E+03
 AMRCLAW: level  1  CFL = .278E+00  dt = 0.5000E+00  final t = 0.703000E+03
 AMRCLAW: level  1  CFL = .278E+00  dt = 0.5000E+00  final t = 0.703500E+03
 AMRCLAW: level  1  CFL = .277E+00  dt = 0.5000E+00  final t = 0.704000E+03
 AMRCLAW: level  1  CFL = .277E+00  dt = 0.5000E+00  final t = 0.704500E+03
 AMRCLAW: level  1  CFL = .277E+00  dt = 0.5000E+00  final t = 0.705000E+03
 AMRCLAW: level  1  CFL = .277E+00  dt = 0.5000E+00  final t = 0.705500E+03
 AMRCLAW: level  1  CFL = .277E+00  dt = 0.5000E+00  final t = 0.706000E+03
 AMRCLAW: level  1  CFL = .277E+00  dt = 0.5000E+00  final t = 0.706500E+03
 AMRCLAW: level  1  CFL = .277E+00  dt = 0.5000E+00  final t = 0.707000E+03
 AMRCLAW: level  1  CFL = .276E+00  dt = 0.5000E+00  final t = 0.707500E+03
 AMRCLAW: level  1  CFL = .275E+00  dt = 0.5000E+00  final t = 0.708000E+03
 AMRCLAW: level  1  CFL = .274E+00  dt = 0.5000E+00  final t = 0.708500E+03
 AMRCLAW: level  1  CFL = .272E+00  dt = 0.5000E+00  final t = 0.709000E+03
 AMRCLAW: level  1  CFL = .271E+00  dt = 0.5000E+00  final t = 0.709500E+03
 AMRCLAW: level  1  CFL = .269E+00  dt = 0.5000E+00  final t = 0.710000E+03
 AMRCLAW: level  1  CFL = .267E+00  dt = 0.5000E+00  final t = 0.710500E+03
 AMRCLAW: level  1  CFL = .266E+00  dt = 0.5000E+00  final t = 0.711000E+03
 AMRCLAW: level  1  CFL = .264E+00  dt = 0.5000E+00  final t = 0.711500E+03
 AMRCLAW: level  1  CFL = .263E+00  dt = 0.5000E+00  final t = 0.712000E+03
 AMRCLAW: level  1  CFL = .262E+00  dt = 0.5000E+00  final t = 0.712500E+03
 AMRCLAW: level  1  CFL = .261E+00  dt = 0.5000E+00  final t = 0.713000E+03
 AMRCLAW: level  1  CFL = .260E+00  dt = 0.5000E+00  final t = 0.713500E+03
 AMRCLAW: level  1  CFL = .260E+00  dt = 0.5000E+00  final t = 0.714000E+03
 AMRCLAW: level  1  CFL = .259E+00  dt = 0.5000E+00  final t = 0.714500E+03
 AMRCLAW: level  1  CFL = .258E+00  dt = 0.5000E+00  final t = 0.715000E+03
 AMRCLAW: level  1  CFL = .258E+00  dt = 0.5000E+00  final t = 0.715500E+03
 AMRCLAW: level  1  CFL = .258E+00  dt = 0.5000E+00  final t = 0.716000E+03
 AMRCLAW: level  1  CFL = .257E+00  dt = 0.5000E+00  final t = 0.716500E+03
 AMRCLAW: level  1  CFL = .257E+00  dt = 0.5000E+00  final t = 0.717000E+03
 AMRCLAW: level  1  CFL = .257E+00  dt = 0.5000E+00  final t = 0.717500E+03
 AMRCLAW: level  1  CFL = .257E+00  dt = 0.5000E+00  final t = 0.718000E+03
 AMRCLAW: level  1  CFL = .257E+00  dt = 0.5000E+00  final t = 0.718500E+03
 AMRCLAW: level  1  CFL = .257E+00  dt = 0.5000E+00  final t = 0.719000E+03
 AMRCLAW: level  1  CFL = .258E+00  dt = 0.5000E+00  final t = 0.719500E+03
 AMRCLAW: level  1  CFL = .258E+00  dt = 0.5000E+00  final t = 0.720000E+03
GEOCLAW: Frame   24 output files done at time t =  0.720000D+03

 AMRCLAW: level  1  CFL = .258E+00  dt = 0.5000E+00  final t = 0.720500E+03
 AMRCLAW: level  1  CFL = .258E+00  dt = 0.5000E+00  final t = 0.721000E+03
 AMRCLAW: level  1  CFL = .257E+00  dt = 0.5000E+00  final t = 0.721500E+03
 AMRCLAW: level  1  CFL = .257E+00  dt = 0.5000E+00  final t = 0.722000E+03
 AMRCLAW: level  1  CFL = .257E+00  dt = 0.5000E+00  final t = 0.722500E+03
 AMRCLAW: level  1  CFL = .257E+00  dt = 0.5000E+00  final t = 0.723000E+03
 AMRCLAW: level  1  CFL = .257E+00  dt = 0.5000E+00  final t = 0.723500E+03
 AMRCLAW: level  1  CFL = .257E+00  dt = 0.5000E+00  final t = 0.724000E+03
 AMRCLAW: level  1  CFL = .257E+00  dt = 0.5000E+00  final t = 0.724500E+03
 AMRCLAW: level  1  CFL = .257E+00  dt = 0.5000E+00  final t = 0.725000E+03
 AMRCLAW: level  1  CFL = .257E+00  dt = 0.5000E+00  final t = 0.725500E+03
 AMRCLAW: level  1  CFL = .256E+00  dt = 0.5000E+00  final t = 0.726000E+03
 AMRCLAW: level  1  CFL = .256E+00  dt = 0.5000E+00  final t = 0.726500E+03
 AMRCLAW: level  1  CFL = .256E+00  dt = 0.5000E+00  final t = 0.727000E+03
 AMRCLAW: level  1  CFL = .256E+00  dt = 0.5000E+00  final t = 0.727500E+03
 AMRCLAW: level  1  CFL = .256E+00  dt = 0.5000E+00  final t = 0.728000E+03
 AMRCLAW: level  1  CFL = .256E+00  dt = 0.5000E+00  final t = 0.728500E+03
 AMRCLAW: level  1  CFL = .256E+00  dt = 0.5000E+00  final t = 0.729000E+03
 AMRCLAW: level  1  CFL = .256E+00  dt = 0.5000E+00  final t = 0.729500E+03
 AMRCLAW: level  1  CFL = .256E+00  dt = 0.5000E+00  final t = 0.730000E+03
 AMRCLAW: level  1  CFL = .255E+00  dt = 0.5000E+00  final t = 0.730500E+03
 AMRCLAW: level  1  CFL = .255E+00  dt = 0.5000E+00  final t = 0.731000E+03
 AMRCLAW: level  1  CFL = .255E+00  dt = 0.5000E+00  final t = 0.731500E+03
 AMRCLAW: level  1  CFL = .255E+00  dt = 0.5000E+00  final t = 0.732000E+03
 AMRCLAW: level  1  CFL = .255E+00  dt = 0.5000E+00  final t = 0.732500E+03
 AMRCLAW: level  1  CFL = .255E+00  dt = 0.5000E+00  final t = 0.733000E+03
 AMRCLAW: level  1  CFL = .255E+00  dt = 0.5000E+00  final t = 0.733500E+03
 AMRCLAW: level  1  CFL = .255E+00  dt = 0.5000E+00  final t = 0.734000E+03
 AMRCLAW: level  1  CFL = .254E+00  dt = 0.5000E+00  final t = 0.734500E+03
 AMRCLAW: level  1  CFL = .256E+00  dt = 0.5000E+00  final t = 0.735000E+03
 AMRCLAW: level  1  CFL = .258E+00  dt = 0.5000E+00  final t = 0.735500E+03
 AMRCLAW: level  1  CFL = .260E+00  dt = 0.5000E+00  final t = 0.736000E+03
 AMRCLAW: level  1  CFL = .260E+00  dt = 0.5000E+00  final t = 0.736500E+03
 AMRCLAW: level  1  CFL = .261E+00  dt = 0.5000E+00  final t = 0.737000E+03
 AMRCLAW: level  1  CFL = .261E+00  dt = 0.5000E+00  final t = 0.737500E+03
 AMRCLAW: level  1  CFL = .260E+00  dt = 0.5000E+00  final t = 0.738000E+03
 AMRCLAW: level  1  CFL = .260E+00  dt = 0.5000E+00  final t = 0.738500E+03
 AMRCLAW: level  1  CFL = .260E+00  dt = 0.5000E+00  final t = 0.739000E+03
 AMRCLAW: level  1  CFL = .260E+00  dt = 0.5000E+00  final t = 0.739500E+03
 AMRCLAW: level  1  CFL = .260E+00  dt = 0.5000E+00  final t = 0.740000E+03
 AMRCLAW: level  1  CFL = .260E+00  dt = 0.5000E+00  final t = 0.740500E+03
 AMRCLAW: level  1  CFL = .260E+00  dt = 0.5000E+00  final t = 0.741000E+03
 AMRCLAW: level  1  CFL = .260E+00  dt = 0.5000E+00  final t = 0.741500E+03
 AMRCLAW: level  1  CFL = .260E+00  dt = 0.5000E+00  final t = 0.742000E+03
 AMRCLAW: level  1  CFL = .260E+00  dt = 0.5000E+00  final t = 0.742500E+03
 AMRCLAW: level  1  CFL = .260E+00  dt = 0.5000E+00  final t = 0.743000E+03
 AMRCLAW: level  1  CFL = .260E+00  dt = 0.5000E+00  final t = 0.743500E+03
 AMRCLAW: level  1  CFL = .260E+00  dt = 0.5000E+00  final t = 0.744000E+03
 AMRCLAW: level  1  CFL = .260E+00  dt = 0.5000E+00  final t = 0.744500E+03
 AMRCLAW: level  1  CFL = .260E+00  dt = 0.5000E+00  final t = 0.745000E+03
 AMRCLAW: level  1  CFL = .260E+00  dt = 0.5000E+00  final t = 0.745500E+03
 AMRCLAW: level  1  CFL = .260E+00  dt = 0.5000E+00  final t = 0.746000E+03
 AMRCLAW: level  1  CFL = .260E+00  dt = 0.5000E+00  final t = 0.746500E+03
 AMRCLAW: level  1  CFL = .261E+00  dt = 0.5000E+00  final t = 0.747000E+03
 AMRCLAW: level  1  CFL = .261E+00  dt = 0.5000E+00  final t = 0.747500E+03
 AMRCLAW: level  1  CFL = .261E+00  dt = 0.5000E+00  final t = 0.748000E+03
 AMRCLAW: level  1  CFL = .261E+00  dt = 0.5000E+00  final t = 0.748500E+03
 AMRCLAW: level  1  CFL = .261E+00  dt = 0.5000E+00  final t = 0.749000E+03
 AMRCLAW: level  1  CFL = .261E+00  dt = 0.5000E+00  final t = 0.749500E+03
 AMRCLAW: level  1  CFL = .261E+00  dt = 0.5000E+00  final t = 0.750000E+03
GEOCLAW: Frame   25 output files done at time t =  0.750000D+03

 AMRCLAW: level  1  CFL = .261E+00  dt = 0.5000E+00  final t = 0.750500E+03
 AMRCLAW: level  1  CFL = .261E+00  dt = 0.5000E+00  final t = 0.751000E+03
 AMRCLAW: level  1  CFL = .262E+00  dt = 0.5000E+00  final t = 0.751500E+03
 AMRCLAW: level  1  CFL = .262E+00  dt = 0.5000E+00  final t = 0.752000E+03
 AMRCLAW: level  1  CFL = .262E+00  dt = 0.5000E+00  final t = 0.752500E+03
 AMRCLAW: level  1  CFL = .262E+00  dt = 0.5000E+00  final t = 0.753000E+03
 AMRCLAW: level  1  CFL = .262E+00  dt = 0.5000E+00  final t = 0.753500E+03
 AMRCLAW: level  1  CFL = .262E+00  dt = 0.5000E+00  final t = 0.754000E+03
 AMRCLAW: level  1  CFL = .262E+00  dt = 0.5000E+00  final t = 0.754500E+03
 AMRCLAW: level  1  CFL = .262E+00  dt = 0.5000E+00  final t = 0.755000E+03
 AMRCLAW: level  1  CFL = .262E+00  dt = 0.5000E+00  final t = 0.755500E+03
 AMRCLAW: level  1  CFL = .263E+00  dt = 0.5000E+00  final t = 0.756000E+03
 AMRCLAW: level  1  CFL = .263E+00  dt = 0.5000E+00  final t = 0.756500E+03
 AMRCLAW: level  1  CFL = .263E+00  dt = 0.5000E+00  final t = 0.757000E+03
 AMRCLAW: level  1  CFL = .263E+00  dt = 0.5000E+00  final t = 0.757500E+03
 AMRCLAW: level  1  CFL = .263E+00  dt = 0.5000E+00  final t = 0.758000E+03
 AMRCLAW: level  1  CFL = .263E+00  dt = 0.5000E+00  final t = 0.758500E+03
 AMRCLAW: level  1  CFL = .264E+00  dt = 0.5000E+00  final t = 0.759000E+03
 AMRCLAW: level  1  CFL = .264E+00  dt = 0.5000E+00  final t = 0.759500E+03
 AMRCLAW: level  1  CFL = .265E+00  dt = 0.5000E+00  final t = 0.760000E+03
 AMRCLAW: level  1  CFL = .265E+00  dt = 0.5000E+00  final t = 0.760500E+03
 AMRCLAW: level  1  CFL = .265E+00  dt = 0.5000E+00  final t = 0.761000E+03
 AMRCLAW: level  1  CFL = .265E+00  dt = 0.5000E+00  final t = 0.761500E+03
 AMRCLAW: level  1  CFL = .265E+00  dt = 0.5000E+00  final t = 0.762000E+03
 AMRCLAW: level  1  CFL = .265E+00  dt = 0.5000E+00  final t = 0.762500E+03
 AMRCLAW: level  1  CFL = .265E+00  dt = 0.5000E+00  final t = 0.763000E+03
 AMRCLAW: level  1  CFL = .265E+00  dt = 0.5000E+00  final t = 0.763500E+03
 AMRCLAW: level  1  CFL = .265E+00  dt = 0.5000E+00  final t = 0.764000E+03
 AMRCLAW: level  1  CFL = .265E+00  dt = 0.5000E+00  final t = 0.764500E+03
 AMRCLAW: level  1  CFL = .265E+00  dt = 0.5000E+00  final t = 0.765000E+03
 AMRCLAW: level  1  CFL = .265E+00  dt = 0.5000E+00  final t = 0.765500E+03
 AMRCLAW: level  1  CFL = .265E+00  dt = 0.5000E+00  final t = 0.766000E+03
 AMRCLAW: level  1  CFL = .265E+00  dt = 0.5000E+00  final t = 0.766500E+03
 AMRCLAW: level  1  CFL = .265E+00  dt = 0.5000E+00  final t = 0.767000E+03
 AMRCLAW: level  1  CFL = .265E+00  dt = 0.5000E+00  final t = 0.767500E+03
 AMRCLAW: level  1  CFL = .265E+00  dt = 0.5000E+00  final t = 0.768000E+03
 AMRCLAW: level  1  CFL = .266E+00  dt = 0.5000E+00  final t = 0.768500E+03
 AMRCLAW: level  1  CFL = .266E+00  dt = 0.5000E+00  final t = 0.769000E+03
 AMRCLAW: level  1  CFL = .266E+00  dt = 0.5000E+00  final t = 0.769500E+03
 AMRCLAW: level  1  CFL = .266E+00  dt = 0.5000E+00  final t = 0.770000E+03
 AMRCLAW: level  1  CFL = .266E+00  dt = 0.5000E+00  final t = 0.770500E+03
 AMRCLAW: level  1  CFL = .266E+00  dt = 0.5000E+00  final t = 0.771000E+03
 AMRCLAW: level  1  CFL = .266E+00  dt = 0.5000E+00  final t = 0.771500E+03
 AMRCLAW: level  1  CFL = .266E+00  dt = 0.5000E+00  final t = 0.772000E+03
 AMRCLAW: level  1  CFL = .266E+00  dt = 0.5000E+00  final t = 0.772500E+03
 AMRCLAW: level  1  CFL = .266E+00  dt = 0.5000E+00  final t = 0.773000E+03
 AMRCLAW: level  1  CFL = .266E+00  dt = 0.5000E+00  final t = 0.773500E+03
 AMRCLAW: level  1  CFL = .266E+00  dt = 0.5000E+00  final t = 0.774000E+03
 AMRCLAW: level  1  CFL = .266E+00  dt = 0.5000E+00  final t = 0.774500E+03
 AMRCLAW: level  1  CFL = .266E+00  dt = 0.5000E+00  final t = 0.775000E+03
 AMRCLAW: level  1  CFL = .267E+00  dt = 0.5000E+00  final t = 0.775500E+03
 AMRCLAW: level  1  CFL = .267E+00  dt = 0.5000E+00  final t = 0.776000E+03
 AMRCLAW: level  1  CFL = .267E+00  dt = 0.5000E+00  final t = 0.776500E+03
 AMRCLAW: level  1  CFL = .267E+00  dt = 0.5000E+00  final t = 0.777000E+03
 AMRCLAW: level  1  CFL = .267E+00  dt = 0.5000E+00  final t = 0.777500E+03
 AMRCLAW: level  1  CFL = .267E+00  dt = 0.5000E+00  final t = 0.778000E+03
 AMRCLAW: level  1  CFL = .267E+00  dt = 0.5000E+00  final t = 0.778500E+03
 AMRCLAW: level  1  CFL = .267E+00  dt = 0.5000E+00  final t = 0.779000E+03
 AMRCLAW: level  1  CFL = .267E+00  dt = 0.5000E+00  final t = 0.779500E+03
 AMRCLAW: level  1  CFL = .267E+00  dt = 0.5000E+00  final t = 0.780000E+03
GEOCLAW: Frame   26 output files done at time t =  0.780000D+03

 AMRCLAW: level  1  CFL = .267E+00  dt = 0.5000E+00  final t = 0.780500E+03
 AMRCLAW: level  1  CFL = .267E+00  dt = 0.5000E+00  final t = 0.781000E+03
 AMRCLAW: level  1  CFL = .267E+00  dt = 0.5000E+00  final t = 0.781500E+03
 AMRCLAW: level  1  CFL = .267E+00  dt = 0.5000E+00  final t = 0.782000E+03
 AMRCLAW: level  1  CFL = .267E+00  dt = 0.5000E+00  final t = 0.782500E+03
 AMRCLAW: level  1  CFL = .267E+00  dt = 0.5000E+00  final t = 0.783000E+03
 AMRCLAW: level  1  CFL = .267E+00  dt = 0.5000E+00  final t = 0.783500E+03
 AMRCLAW: level  1  CFL = .267E+00  dt = 0.5000E+00  final t = 0.784000E+03
 AMRCLAW: level  1  CFL = .267E+00  dt = 0.5000E+00  final t = 0.784500E+03
 AMRCLAW: level  1  CFL = .267E+00  dt = 0.5000E+00  final t = 0.785000E+03
 AMRCLAW: level  1  CFL = .267E+00  dt = 0.5000E+00  final t = 0.785500E+03
 AMRCLAW: level  1  CFL = .267E+00  dt = 0.5000E+00  final t = 0.786000E+03
 AMRCLAW: level  1  CFL = .267E+00  dt = 0.5000E+00  final t = 0.786500E+03
 AMRCLAW: level  1  CFL = .267E+00  dt = 0.5000E+00  final t = 0.787000E+03
 AMRCLAW: level  1  CFL = .268E+00  dt = 0.5000E+00  final t = 0.787500E+03
 AMRCLAW: level  1  CFL = .268E+00  dt = 0.5000E+00  final t = 0.788000E+03
 AMRCLAW: level  1  CFL = .268E+00  dt = 0.5000E+00  final t = 0.788500E+03
 AMRCLAW: level  1  CFL = .268E+00  dt = 0.5000E+00  final t = 0.789000E+03
 AMRCLAW: level  1  CFL = .268E+00  dt = 0.5000E+00  final t = 0.789500E+03
 AMRCLAW: level  1  CFL = .268E+00  dt = 0.5000E+00  final t = 0.790000E+03
 AMRCLAW: level  1  CFL = .268E+00  dt = 0.5000E+00  final t = 0.790500E+03
 AMRCLAW: level  1  CFL = .268E+00  dt = 0.5000E+00  final t = 0.791000E+03
 AMRCLAW: level  1  CFL = .268E+00  dt = 0.5000E+00  final t = 0.791500E+03
 AMRCLAW: level  1  CFL = .268E+00  dt = 0.5000E+00  final t = 0.792000E+03
 AMRCLAW: level  1  CFL = .268E+00  dt = 0.5000E+00  final t = 0.792500E+03
 AMRCLAW: level  1  CFL = .268E+00  dt = 0.5000E+00  final t = 0.793000E+03
 AMRCLAW: level  1  CFL = .268E+00  dt = 0.5000E+00  final t = 0.793500E+03
 AMRCLAW: level  1  CFL = .268E+00  dt = 0.5000E+00  final t = 0.794000E+03
 AMRCLAW: level  1  CFL = .268E+00  dt = 0.5000E+00  final t = 0.794500E+03
 AMRCLAW: level  1  CFL = .268E+00  dt = 0.5000E+00  final t = 0.795000E+03
 AMRCLAW: level  1  CFL = .268E+00  dt = 0.5000E+00  final t = 0.795500E+03
 AMRCLAW: level  1  CFL = .268E+00  dt = 0.5000E+00  final t = 0.796000E+03
 AMRCLAW: level  1  CFL = .268E+00  dt = 0.5000E+00  final t = 0.796500E+03
 AMRCLAW: level  1  CFL = .268E+00  dt = 0.5000E+00  final t = 0.797000E+03
 AMRCLAW: level  1  CFL = .268E+00  dt = 0.5000E+00  final t = 0.797500E+03
 AMRCLAW: level  1  CFL = .269E+00  dt = 0.5000E+00  final t = 0.798000E+03
 AMRCLAW: level  1  CFL = .269E+00  dt = 0.5000E+00  final t = 0.798500E+03
 AMRCLAW: level  1  CFL = .269E+00  dt = 0.5000E+00  final t = 0.799000E+03
 AMRCLAW: level  1  CFL = .269E+00  dt = 0.5000E+00  final t = 0.799500E+03
 AMRCLAW: level  1  CFL = .269E+00  dt = 0.5000E+00  final t = 0.800000E+03
 AMRCLAW: level  1  CFL = .269E+00  dt = 0.5000E+00  final t = 0.800500E+03
 AMRCLAW: level  1  CFL = .269E+00  dt = 0.5000E+00  final t = 0.801000E+03
 AMRCLAW: level  1  CFL = .269E+00  dt = 0.5000E+00  final t = 0.801500E+03
 AMRCLAW: level  1  CFL = .269E+00  dt = 0.5000E+00  final t = 0.802000E+03
 AMRCLAW: level  1  CFL = .269E+00  dt = 0.5000E+00  final t = 0.802500E+03
 AMRCLAW: level  1  CFL = .269E+00  dt = 0.5000E+00  final t = 0.803000E+03
 AMRCLAW: level  1  CFL = .269E+00  dt = 0.5000E+00  final t = 0.803500E+03
 AMRCLAW: level  1  CFL = .269E+00  dt = 0.5000E+00  final t = 0.804000E+03
 AMRCLAW: level  1  CFL = .269E+00  dt = 0.5000E+00  final t = 0.804500E+03
 AMRCLAW: level  1  CFL = .269E+00  dt = 0.5000E+00  final t = 0.805000E+03
 AMRCLAW: level  1  CFL = .269E+00  dt = 0.5000E+00  final t = 0.805500E+03
 AMRCLAW: level  1  CFL = .269E+00  dt = 0.5000E+00  final t = 0.806000E+03
 AMRCLAW: level  1  CFL = .269E+00  dt = 0.5000E+00  final t = 0.806500E+03
 AMRCLAW: level  1  CFL = .269E+00  dt = 0.5000E+00  final t = 0.807000E+03
 AMRCLAW: level  1  CFL = .269E+00  dt = 0.5000E+00  final t = 0.807500E+03
 AMRCLAW: level  1  CFL = .269E+00  dt = 0.5000E+00  final t = 0.808000E+03
 AMRCLAW: level  1  CFL = .269E+00  dt = 0.5000E+00  final t = 0.808500E+03
 AMRCLAW: level  1  CFL = .269E+00  dt = 0.5000E+00  final t = 0.809000E+03
 AMRCLAW: level  1  CFL = .268E+00  dt = 0.5000E+00  final t = 0.809500E+03
 AMRCLAW: level  1  CFL = .268E+00  dt = 0.5000E+00  final t = 0.810000E+03
GEOCLAW: Frame   27 output files done at time t =  0.810000D+03

 AMRCLAW: level  1  CFL = .268E+00  dt = 0.5000E+00  final t = 0.810500E+03
 AMRCLAW: level  1  CFL = .268E+00  dt = 0.5000E+00  final t = 0.811000E+03
 AMRCLAW: level  1  CFL = .268E+00  dt = 0.5000E+00  final t = 0.811500E+03
 AMRCLAW: level  1  CFL = .268E+00  dt = 0.5000E+00  final t = 0.812000E+03
 AMRCLAW: level  1  CFL = .267E+00  dt = 0.5000E+00  final t = 0.812500E+03
 AMRCLAW: level  1  CFL = .267E+00  dt = 0.5000E+00  final t = 0.813000E+03
 AMRCLAW: level  1  CFL = .267E+00  dt = 0.5000E+00  final t = 0.813500E+03
 AMRCLAW: level  1  CFL = .285E+00  dt = 0.5000E+00  final t = 0.814000E+03
 AMRCLAW: level  1  CFL = .267E+00  dt = 0.5000E+00  final t = 0.814500E+03
 AMRCLAW: level  1  CFL = .267E+00  dt = 0.5000E+00  final t = 0.815000E+03
 AMRCLAW: level  1  CFL = .266E+00  dt = 0.5000E+00  final t = 0.815500E+03
 AMRCLAW: level  1  CFL = .266E+00  dt = 0.5000E+00  final t = 0.816000E+03
 AMRCLAW: level  1  CFL = .266E+00  dt = 0.5000E+00  final t = 0.816500E+03
 AMRCLAW: level  1  CFL = .266E+00  dt = 0.5000E+00  final t = 0.817000E+03
 AMRCLAW: level  1  CFL = .266E+00  dt = 0.5000E+00  final t = 0.817500E+03
 AMRCLAW: level  1  CFL = .266E+00  dt = 0.5000E+00  final t = 0.818000E+03
 AMRCLAW: level  1  CFL = .265E+00  dt = 0.5000E+00  final t = 0.818500E+03
 AMRCLAW: level  1  CFL = .265E+00  dt = 0.5000E+00  final t = 0.819000E+03
 AMRCLAW: level  1  CFL = .265E+00  dt = 0.5000E+00  final t = 0.819500E+03
 AMRCLAW: level  1  CFL = .265E+00  dt = 0.5000E+00  final t = 0.820000E+03
 AMRCLAW: level  1  CFL = .265E+00  dt = 0.5000E+00  final t = 0.820500E+03
 AMRCLAW: level  1  CFL = .265E+00  dt = 0.5000E+00  final t = 0.821000E+03
 AMRCLAW: level  1  CFL = .265E+00  dt = 0.5000E+00  final t = 0.821500E+03
 AMRCLAW: level  1  CFL = .264E+00  dt = 0.5000E+00  final t = 0.822000E+03
 AMRCLAW: level  1  CFL = .264E+00  dt = 0.5000E+00  final t = 0.822500E+03
 AMRCLAW: level  1  CFL = .264E+00  dt = 0.5000E+00  final t = 0.823000E+03
 AMRCLAW: level  1  CFL = .264E+00  dt = 0.5000E+00  final t = 0.823500E+03
 AMRCLAW: level  1  CFL = .264E+00  dt = 0.5000E+00  final t = 0.824000E+03
 AMRCLAW: level  1  CFL = .264E+00  dt = 0.5000E+00  final t = 0.824500E+03
 AMRCLAW: level  1  CFL = .264E+00  dt = 0.5000E+00  final t = 0.825000E+03
 AMRCLAW: level  1  CFL = .263E+00  dt = 0.5000E+00  final t = 0.825500E+03
 AMRCLAW: level  1  CFL = .263E+00  dt = 0.5000E+00  final t = 0.826000E+03
 AMRCLAW: level  1  CFL = .263E+00  dt = 0.5000E+00  final t = 0.826500E+03
 AMRCLAW: level  1  CFL = .263E+00  dt = 0.5000E+00  final t = 0.827000E+03
 AMRCLAW: level  1  CFL = .263E+00  dt = 0.5000E+00  final t = 0.827500E+03
 AMRCLAW: level  1  CFL = .263E+00  dt = 0.5000E+00  final t = 0.828000E+03
 AMRCLAW: level  1  CFL = .263E+00  dt = 0.5000E+00  final t = 0.828500E+03
 AMRCLAW: level  1  CFL = .263E+00  dt = 0.5000E+00  final t = 0.829000E+03
 AMRCLAW: level  1  CFL = .262E+00  dt = 0.5000E+00  final t = 0.829500E+03
 AMRCLAW: level  1  CFL = .262E+00  dt = 0.5000E+00  final t = 0.830000E+03
 AMRCLAW: level  1  CFL = .262E+00  dt = 0.5000E+00  final t = 0.830500E+03
 AMRCLAW: level  1  CFL = .262E+00  dt = 0.5000E+00  final t = 0.831000E+03
 AMRCLAW: level  1  CFL = .262E+00  dt = 0.5000E+00  final t = 0.831500E+03
 AMRCLAW: level  1  CFL = .262E+00  dt = 0.5000E+00  final t = 0.832000E+03
 AMRCLAW: level  1  CFL = .262E+00  dt = 0.5000E+00  final t = 0.832500E+03
 AMRCLAW: level  1  CFL = .262E+00  dt = 0.5000E+00  final t = 0.833000E+03
 AMRCLAW: level  1  CFL = .261E+00  dt = 0.5000E+00  final t = 0.833500E+03
 AMRCLAW: level  1  CFL = .261E+00  dt = 0.5000E+00  final t = 0.834000E+03
 AMRCLAW: level  1  CFL = .261E+00  dt = 0.5000E+00  final t = 0.834500E+03
 AMRCLAW: level  1  CFL = .261E+00  dt = 0.5000E+00  final t = 0.835000E+03
 AMRCLAW: level  1  CFL = .261E+00  dt = 0.5000E+00  final t = 0.835500E+03
 AMRCLAW: level  1  CFL = .261E+00  dt = 0.5000E+00  final t = 0.836000E+03
 AMRCLAW: level  1  CFL = .261E+00  dt = 0.5000E+00  final t = 0.836500E+03
 AMRCLAW: level  1  CFL = .261E+00  dt = 0.5000E+00  final t = 0.837000E+03
 AMRCLAW: level  1  CFL = .260E+00  dt = 0.5000E+00  final t = 0.837500E+03
 AMRCLAW: level  1  CFL = .260E+00  dt = 0.5000E+00  final t = 0.838000E+03
 AMRCLAW: level  1  CFL = .260E+00  dt = 0.5000E+00  final t = 0.838500E+03
 AMRCLAW: level  1  CFL = .260E+00  dt = 0.5000E+00  final t = 0.839000E+03
 AMRCLAW: level  1  CFL = .260E+00  dt = 0.5000E+00  final t = 0.839500E+03
 AMRCLAW: level  1  CFL = .260E+00  dt = 0.5000E+00  final t = 0.840000E+03
GEOCLAW: Frame   28 output files done at time t =  0.840000D+03

 AMRCLAW: level  1  CFL = .260E+00  dt = 0.5000E+00  final t = 0.840500E+03
 AMRCLAW: level  1  CFL = .260E+00  dt = 0.5000E+00  final t = 0.841000E+03
 AMRCLAW: level  1  CFL = .260E+00  dt = 0.5000E+00  final t = 0.841500E+03
 AMRCLAW: level  1  CFL = .259E+00  dt = 0.5000E+00  final t = 0.842000E+03
 AMRCLAW: level  1  CFL = .259E+00  dt = 0.5000E+00  final t = 0.842500E+03
 AMRCLAW: level  1  CFL = .259E+00  dt = 0.5000E+00  final t = 0.843000E+03
 AMRCLAW: level  1  CFL = .259E+00  dt = 0.5000E+00  final t = 0.843500E+03
 AMRCLAW: level  1  CFL = .259E+00  dt = 0.5000E+00  final t = 0.844000E+03
 AMRCLAW: level  1  CFL = .259E+00  dt = 0.5000E+00  final t = 0.844500E+03
 AMRCLAW: level  1  CFL = .259E+00  dt = 0.5000E+00  final t = 0.845000E+03
 AMRCLAW: level  1  CFL = .259E+00  dt = 0.5000E+00  final t = 0.845500E+03
 AMRCLAW: level  1  CFL = .259E+00  dt = 0.5000E+00  final t = 0.846000E+03
 AMRCLAW: level  1  CFL = .258E+00  dt = 0.5000E+00  final t = 0.846500E+03
 AMRCLAW: level  1  CFL = .258E+00  dt = 0.5000E+00  final t = 0.847000E+03
 AMRCLAW: level  1  CFL = .258E+00  dt = 0.5000E+00  final t = 0.847500E+03
 AMRCLAW: level  1  CFL = .258E+00  dt = 0.5000E+00  final t = 0.848000E+03
 AMRCLAW: level  1  CFL = .258E+00  dt = 0.5000E+00  final t = 0.848500E+03
 AMRCLAW: level  1  CFL = .258E+00  dt = 0.5000E+00  final t = 0.849000E+03
 AMRCLAW: level  1  CFL = .258E+00  dt = 0.5000E+00  final t = 0.849500E+03
 AMRCLAW: level  1  CFL = .258E+00  dt = 0.5000E+00  final t = 0.850000E+03
 AMRCLAW: level  1  CFL = .258E+00  dt = 0.5000E+00  final t = 0.850500E+03
 AMRCLAW: level  1  CFL = .257E+00  dt = 0.5000E+00  final t = 0.851000E+03
 AMRCLAW: level  1  CFL = .257E+00  dt = 0.5000E+00  final t = 0.851500E+03
 AMRCLAW: level  1  CFL = .257E+00  dt = 0.5000E+00  final t = 0.852000E+03
 AMRCLAW: level  1  CFL = .257E+00  dt = 0.5000E+00  final t = 0.852500E+03
 AMRCLAW: level  1  CFL = .257E+00  dt = 0.5000E+00  final t = 0.853000E+03
 AMRCLAW: level  1  CFL = .257E+00  dt = 0.5000E+00  final t = 0.853500E+03
 AMRCLAW: level  1  CFL = .257E+00  dt = 0.5000E+00  final t = 0.854000E+03
 AMRCLAW: level  1  CFL = .257E+00  dt = 0.5000E+00  final t = 0.854500E+03
 AMRCLAW: level  1  CFL = .257E+00  dt = 0.5000E+00  final t = 0.855000E+03
 AMRCLAW: level  1  CFL = .257E+00  dt = 0.5000E+00  final t = 0.855500E+03
 AMRCLAW: level  1  CFL = .256E+00  dt = 0.5000E+00  final t = 0.856000E+03
 AMRCLAW: level  1  CFL = .256E+00  dt = 0.5000E+00  final t = 0.856500E+03
 AMRCLAW: level  1  CFL = .256E+00  dt = 0.5000E+00  final t = 0.857000E+03
 AMRCLAW: level  1  CFL = .256E+00  dt = 0.5000E+00  final t = 0.857500E+03
 AMRCLAW: level  1  CFL = .256E+00  dt = 0.5000E+00  final t = 0.858000E+03
 AMRCLAW: level  1  CFL = .256E+00  dt = 0.5000E+00  final t = 0.858500E+03
 AMRCLAW: level  1  CFL = .256E+00  dt = 0.5000E+00  final t = 0.859000E+03
 AMRCLAW: level  1  CFL = .256E+00  dt = 0.5000E+00  final t = 0.859500E+03
 AMRCLAW: level  1  CFL = .256E+00  dt = 0.5000E+00  final t = 0.860000E+03
 AMRCLAW: level  1  CFL = .256E+00  dt = 0.5000E+00  final t = 0.860500E+03
 AMRCLAW: level  1  CFL = .255E+00  dt = 0.5000E+00  final t = 0.861000E+03
 AMRCLAW: level  1  CFL = .255E+00  dt = 0.5000E+00  final t = 0.861500E+03
 AMRCLAW: level  1  CFL = .255E+00  dt = 0.5000E+00  final t = 0.862000E+03
 AMRCLAW: level  1  CFL = .255E+00  dt = 0.5000E+00  final t = 0.862500E+03
 AMRCLAW: level  1  CFL = .255E+00  dt = 0.5000E+00  final t = 0.863000E+03
 AMRCLAW: level  1  CFL = .255E+00  dt = 0.5000E+00  final t = 0.863500E+03
 AMRCLAW: level  1  CFL = .255E+00  dt = 0.5000E+00  final t = 0.864000E+03
 AMRCLAW: level  1  CFL = .255E+00  dt = 0.5000E+00  final t = 0.864500E+03
 AMRCLAW: level  1  CFL = .255E+00  dt = 0.5000E+00  final t = 0.865000E+03
 AMRCLAW: level  1  CFL = .255E+00  dt = 0.5000E+00  final t = 0.865500E+03
 AMRCLAW: level  1  CFL = .254E+00  dt = 0.5000E+00  final t = 0.866000E+03
 AMRCLAW: level  1  CFL = .254E+00  dt = 0.5000E+00  final t = 0.866500E+03
 AMRCLAW: level  1  CFL = .254E+00  dt = 0.5000E+00  final t = 0.867000E+03
 AMRCLAW: level  1  CFL = .254E+00  dt = 0.5000E+00  final t = 0.867500E+03
 AMRCLAW: level  1  CFL = .254E+00  dt = 0.5000E+00  final t = 0.868000E+03
 AMRCLAW: level  1  CFL = .254E+00  dt = 0.5000E+00  final t = 0.868500E+03
 AMRCLAW: level  1  CFL = .254E+00  dt = 0.5000E+00  final t = 0.869000E+03
 AMRCLAW: level  1  CFL = .254E+00  dt = 0.5000E+00  final t = 0.869500E+03
 AMRCLAW: level  1  CFL = .254E+00  dt = 0.5000E+00  final t = 0.870000E+03
GEOCLAW: Frame   29 output files done at time t =  0.870000D+03

 AMRCLAW: level  1  CFL = .254E+00  dt = 0.5000E+00  final t = 0.870500E+03
 AMRCLAW: level  1  CFL = .254E+00  dt = 0.5000E+00  final t = 0.871000E+03
 AMRCLAW: level  1  CFL = .253E+00  dt = 0.5000E+00  final t = 0.871500E+03
 AMRCLAW: level  1  CFL = .253E+00  dt = 0.5000E+00  final t = 0.872000E+03
 AMRCLAW: level  1  CFL = .253E+00  dt = 0.5000E+00  final t = 0.872500E+03
 AMRCLAW: level  1  CFL = .253E+00  dt = 0.5000E+00  final t = 0.873000E+03
 AMRCLAW: level  1  CFL = .253E+00  dt = 0.5000E+00  final t = 0.873500E+03
 AMRCLAW: level  1  CFL = .253E+00  dt = 0.5000E+00  final t = 0.874000E+03
 AMRCLAW: level  1  CFL = .253E+00  dt = 0.5000E+00  final t = 0.874500E+03
 AMRCLAW: level  1  CFL = .253E+00  dt = 0.5000E+00  final t = 0.875000E+03
 AMRCLAW: level  1  CFL = .253E+00  dt = 0.5000E+00  final t = 0.875500E+03
 AMRCLAW: level  1  CFL = .253E+00  dt = 0.5000E+00  final t = 0.876000E+03
 AMRCLAW: level  1  CFL = .253E+00  dt = 0.5000E+00  final t = 0.876500E+03
 AMRCLAW: level  1  CFL = .253E+00  dt = 0.5000E+00  final t = 0.877000E+03
 AMRCLAW: level  1  CFL = .252E+00  dt = 0.5000E+00  final t = 0.877500E+03
 AMRCLAW: level  1  CFL = .252E+00  dt = 0.5000E+00  final t = 0.878000E+03
 AMRCLAW: level  1  CFL = .252E+00  dt = 0.5000E+00  final t = 0.878500E+03
 AMRCLAW: level  1  CFL = .252E+00  dt = 0.5000E+00  final t = 0.879000E+03
 AMRCLAW: level  1  CFL = .252E+00  dt = 0.5000E+00  final t = 0.879500E+03
 AMRCLAW: level  1  CFL = .252E+00  dt = 0.5000E+00  final t = 0.880000E+03
 AMRCLAW: level  1  CFL = .251E+00  dt = 0.5000E+00  final t = 0.880500E+03
 AMRCLAW: level  1  CFL = .251E+00  dt = 0.5000E+00  final t = 0.881000E+03
 AMRCLAW: level  1  CFL = .251E+00  dt = 0.5000E+00  final t = 0.881500E+03
 AMRCLAW: level  1  CFL = .251E+00  dt = 0.5000E+00  final t = 0.882000E+03
 AMRCLAW: level  1  CFL = .251E+00  dt = 0.5000E+00  final t = 0.882500E+03
 AMRCLAW: level  1  CFL = .251E+00  dt = 0.5000E+00  final t = 0.883000E+03
 AMRCLAW: level  1  CFL = .251E+00  dt = 0.5000E+00  final t = 0.883500E+03
 AMRCLAW: level  1  CFL = .251E+00  dt = 0.5000E+00  final t = 0.884000E+03
 AMRCLAW: level  1  CFL = .251E+00  dt = 0.5000E+00  final t = 0.884500E+03
 AMRCLAW: level  1  CFL = .251E+00  dt = 0.5000E+00  final t = 0.885000E+03
 AMRCLAW: level  1  CFL = .250E+00  dt = 0.5000E+00  final t = 0.885500E+03
 AMRCLAW: level  1  CFL = .250E+00  dt = 0.5000E+00  final t = 0.886000E+03
 AMRCLAW: level  1  CFL = .250E+00  dt = 0.5000E+00  final t = 0.886500E+03
 AMRCLAW: level  1  CFL = .250E+00  dt = 0.5000E+00  final t = 0.887000E+03
 AMRCLAW: level  1  CFL = .250E+00  dt = 0.5000E+00  final t = 0.887500E+03
 AMRCLAW: level  1  CFL = .250E+00  dt = 0.5000E+00  final t = 0.888000E+03
 AMRCLAW: level  1  CFL = .250E+00  dt = 0.5000E+00  final t = 0.888500E+03
 AMRCLAW: level  1  CFL = .250E+00  dt = 0.5000E+00  final t = 0.889000E+03
 AMRCLAW: level  1  CFL = .250E+00  dt = 0.5000E+00  final t = 0.889500E+03
 AMRCLAW: level  1  CFL = .250E+00  dt = 0.5000E+00  final t = 0.890000E+03
 AMRCLAW: level  1  CFL = .250E+00  dt = 0.5000E+00  final t = 0.890500E+03
 AMRCLAW: level  1  CFL = .250E+00  dt = 0.5000E+00  final t = 0.891000E+03
 AMRCLAW: level  1  CFL = .249E+00  dt = 0.5000E+00  final t = 0.891500E+03
 AMRCLAW: level  1  CFL = .249E+00  dt = 0.5000E+00  final t = 0.892000E+03
 AMRCLAW: level  1  CFL = .249E+00  dt = 0.5000E+00  final t = 0.892500E+03
 AMRCLAW: level  1  CFL = .249E+00  dt = 0.5000E+00  final t = 0.893000E+03
 AMRCLAW: level  1  CFL = .249E+00  dt = 0.5000E+00  final t = 0.893500E+03
 AMRCLAW: level  1  CFL = .249E+00  dt = 0.5000E+00  final t = 0.894000E+03
 AMRCLAW: level  1  CFL = .249E+00  dt = 0.5000E+00  final t = 0.894500E+03
 AMRCLAW: level  1  CFL = .249E+00  dt = 0.5000E+00  final t = 0.895000E+03
 AMRCLAW: level  1  CFL = .249E+00  dt = 0.5000E+00  final t = 0.895500E+03
 AMRCLAW: level  1  CFL = .251E+00  dt = 0.5000E+00  final t = 0.896000E+03
 AMRCLAW: level  1  CFL = .254E+00  dt = 0.5000E+00  final t = 0.896500E+03
 AMRCLAW: level  1  CFL = .258E+00  dt = 0.5000E+00  final t = 0.897000E+03
 AMRCLAW: level  1  CFL = .262E+00  dt = 0.5000E+00  final t = 0.897500E+03
 AMRCLAW: level  1  CFL = .265E+00  dt = 0.5000E+00  final t = 0.898000E+03
 AMRCLAW: level  1  CFL = .249E+00  dt = 0.5000E+00  final t = 0.898500E+03
 AMRCLAW: level  1  CFL = .248E+00  dt = 0.5000E+00  final t = 0.899000E+03
 AMRCLAW: level  1  CFL = .248E+00  dt = 0.5000E+00  final t = 0.899500E+03
 AMRCLAW: level  1  CFL = .248E+00  dt = 0.5000E+00  final t = 0.900000E+03
GEOCLAW: Frame   30 output files done at time t =  0.900000D+03

 Done integrating to time    900.00000000000000     
 Writing to file fgmax0001.txt                 
See fort.amr for more info on this run and memory usage

============================== Timing Data ==============================

Integration Time (stepgrid + BC + overhead)
Level           Wall Time (seconds)    CPU Time (seconds)   Total Cell Updates
  1                    74.936                269.252            0.841E+08
total                  74.936                269.252            0.841E+08

All levels:
stepgrid               74.731                268.651    
BC/ghost cells          0.197                  0.582
Regridding              0.000                  0.000  
Output (valout)         8.773                 11.823  

Total time:            84.128                281.987  
Using 12 thread(s)

Note: The CPU times are summed over all threads.
      Total time includes more than the subroutines listed above
Note: timings are also recorded for each output step
      in the file timing.csv.

=========================================================================

 maximum Courant number seen =    0.45623
