Reading data file: claw.data
         first 5 lines are comments and will be skipped
Reading data file: amr.data
         first 5 lines are comments and will be skipped
  
 Running amrclaw ...  
  
Reading data file: geoclaw.data
         first 5 lines are comments and will be skipped
Reading data file: refinement.data
         first 5 lines are comments and will be skipped
Reading data file: dtopo.data
         first 5 lines are comments and will be skipped
Reading data file: topo.data
         first 5 lines are comments and will be skipped
 *** in file: /root/autodl-tmp/Debris-flow-jilong-final/sim/dclaw/jilong_published_route_rebase/published_route_domain_64m.tt3
     Shifting xllcorner by 0.5*dx to cell center
 *** in file: /root/autodl-tmp/Debris-flow-jilong-final/sim/dclaw/jilong_published_route_rebase/published_route_domain_64m.tt3
     Shifting yllcorner by 0.5*dy to cell center
  
 Reading topography file  /root/autodl-tmp/Debris-flow-jilong-final/sim/dclaw/jilong_published_route_rebase/published_route_domain_64m.tt3                                      
 **** WARNING
 **** topo arrays do not quite cover domain
 **** area of overlap =    179568640.00000000     
 **** area of domain  =    181350400.00000000     
 **** error is less than 1% so proceeding...
Reading data file: auxinit_dclaw.data       
         first 5 lines are comments and will be skipped
  
 Reading auxinit file  /root/autodl-tmp/Debris-flow-jilong-final/sim/dclaw/jilong_published_route_rebase/entrainment/erodible_thickness_e4_published.tt3                     
Reading data file: fgout_grids.data
         first 5 lines are comments and will be skipped
Reading data file: regions.data
         first 5 lines are comments and will be skipped
Reading data file: flagregions.data
         first 5 lines are comments and will be skipped
Reading data file: gauges.data
         first 5 lines are comments and will be skipped
Reading data file: fgmax_grids.data
         first 5 lines are comments and will be skipped
 +++ fgbb:    338894.00000000000        356430.00000000000        3127228.0000000000        3137468.0000000000     
 +++ fgll:    338894.00000000000        3127228.0000000000              275         161
 +++ fg%x(npts), fg%y(1):    356430.00000000000        3127228.0000000000     
Reading data file: dclaw.data               
         first 5 lines are comments and will be skipped
Reading data file: pinit_dclaw.data         
         first 5 lines are comments and will be skipped
Reading data file: qinit_dclaw.data         
         first 5 lines are comments and will be skipped
Reading data file: flowgrades.data          
         first 5 lines are comments and will be skipped
 rnode allocated...
 node allocated...
 listOfGrids allocated...
 Storage allocated...
 bndList allocated...
Gridding level   1 at t =  0.000000E+00:     1 grids with       44275 cells
  max threads set to           12
  
 Done reading data, starting computation ...  
  
 Total mass at initial time:    0.0000000000000000     
GEOCLAW: Frame    0 output files done at time t =  0.000000D+00

 AMRCLAW: level  1  CFL = .000E+00  dt = 0.5000E-01  final t = 0.500000E-01
 AMRCLAW: level  1  CFL = .000E+00  dt = 0.5000E+00  final t = 0.550000E+00
 AMRCLAW: level  1  CFL = .868E-02  dt = 0.5000E+00  final t = 0.105000E+01
 AMRCLAW: level  1  CFL = .216E-01  dt = 0.5000E+00  final t = 0.155000E+01
 AMRCLAW: level  1  CFL = .343E-01  dt = 0.5000E+00  final t = 0.205000E+01
 AMRCLAW: level  1  CFL = .415E-01  dt = 0.5000E+00  final t = 0.255000E+01
 AMRCLAW: level  1  CFL = .543E-01  dt = 0.5000E+00  final t = 0.305000E+01
 AMRCLAW: level  1  CFL = .672E-01  dt = 0.5000E+00  final t = 0.355000E+01
 AMRCLAW: level  1  CFL = .800E-01  dt = 0.5000E+00  final t = 0.405000E+01
 AMRCLAW: level  1  CFL = .937E-01  dt = 0.5000E+00  final t = 0.455000E+01
 AMRCLAW: level  1  CFL = .107E+00  dt = 0.5000E+00  final t = 0.505000E+01
 AMRCLAW: level  1  CFL = .120E+00  dt = 0.5000E+00  final t = 0.555000E+01
 AMRCLAW: level  1  CFL = .133E+00  dt = 0.5000E+00  final t = 0.605000E+01
 AMRCLAW: level  1  CFL = .144E+00  dt = 0.5000E+00  final t = 0.655000E+01
 AMRCLAW: level  1  CFL = .156E+00  dt = 0.5000E+00  final t = 0.705000E+01
 AMRCLAW: level  1  CFL = .168E+00  dt = 0.5000E+00  final t = 0.755000E+01
 AMRCLAW: level  1  CFL = .180E+00  dt = 0.5000E+00  final t = 0.805000E+01
 AMRCLAW: level  1  CFL = .191E+00  dt = 0.5000E+00  final t = 0.855000E+01
 AMRCLAW: level  1  CFL = .202E+00  dt = 0.5000E+00  final t = 0.905000E+01
 AMRCLAW: level  1  CFL = .213E+00  dt = 0.5000E+00  final t = 0.955000E+01
 AMRCLAW: level  1  CFL = .224E+00  dt = 0.5000E+00  final t = 0.100500E+02
 AMRCLAW: level  1  CFL = .234E+00  dt = 0.5000E+00  final t = 0.105500E+02
 AMRCLAW: level  1  CFL = .243E+00  dt = 0.5000E+00  final t = 0.110500E+02
 AMRCLAW: level  1  CFL = .253E+00  dt = 0.5000E+00  final t = 0.115500E+02
 AMRCLAW: level  1  CFL = .262E+00  dt = 0.5000E+00  final t = 0.120500E+02
 AMRCLAW: level  1  CFL = .270E+00  dt = 0.5000E+00  final t = 0.125500E+02
 AMRCLAW: level  1  CFL = .279E+00  dt = 0.5000E+00  final t = 0.130500E+02
 AMRCLAW: level  1  CFL = .286E+00  dt = 0.5000E+00  final t = 0.135500E+02
 AMRCLAW: level  1  CFL = .294E+00  dt = 0.5000E+00  final t = 0.140500E+02
 AMRCLAW: level  1  CFL = .300E+00  dt = 0.5000E+00  final t = 0.145500E+02
 AMRCLAW: level  1  CFL = .307E+00  dt = 0.5000E+00  final t = 0.150500E+02
 AMRCLAW: level  1  CFL = .314E+00  dt = 0.5000E+00  final t = 0.155500E+02
 AMRCLAW: level  1  CFL = .320E+00  dt = 0.5000E+00  final t = 0.160500E+02
 AMRCLAW: level  1  CFL = .325E+00  dt = 0.5000E+00  final t = 0.165500E+02
 AMRCLAW: level  1  CFL = .331E+00  dt = 0.5000E+00  final t = 0.170500E+02
 AMRCLAW: level  1  CFL = .337E+00  dt = 0.5000E+00  final t = 0.175500E+02
 AMRCLAW: level  1  CFL = .343E+00  dt = 0.5000E+00  final t = 0.180500E+02
 AMRCLAW: level  1  CFL = .348E+00  dt = 0.5000E+00  final t = 0.185500E+02
 AMRCLAW: level  1  CFL = .353E+00  dt = 0.5000E+00  final t = 0.190500E+02
 AMRCLAW: level  1  CFL = .358E+00  dt = 0.5000E+00  final t = 0.195500E+02
 AMRCLAW: level  1  CFL = .363E+00  dt = 0.5000E+00  final t = 0.200500E+02
 AMRCLAW: level  1  CFL = .368E+00  dt = 0.5000E+00  final t = 0.205500E+02
 AMRCLAW: level  1  CFL = .372E+00  dt = 0.5000E+00  final t = 0.210500E+02
 AMRCLAW: level  1  CFL = .376E+00  dt = 0.5000E+00  final t = 0.215500E+02
 AMRCLAW: level  1  CFL = .380E+00  dt = 0.5000E+00  final t = 0.220500E+02
 AMRCLAW: level  1  CFL = .383E+00  dt = 0.5000E+00  final t = 0.225500E+02
 AMRCLAW: level  1  CFL = .387E+00  dt = 0.5000E+00  final t = 0.230500E+02
 AMRCLAW: level  1  CFL = .390E+00  dt = 0.5000E+00  final t = 0.235500E+02
 AMRCLAW: level  1  CFL = .394E+00  dt = 0.5000E+00  final t = 0.240500E+02
 AMRCLAW: level  1  CFL = .397E+00  dt = 0.5000E+00  final t = 0.245500E+02
 AMRCLAW: level  1  CFL = .400E+00  dt = 0.5000E+00  final t = 0.250500E+02
 AMRCLAW: level  1  CFL = .403E+00  dt = 0.5000E+00  final t = 0.255500E+02
 AMRCLAW: level  1  CFL = .405E+00  dt = 0.5000E+00  final t = 0.260500E+02
 AMRCLAW: level  1  CFL = .408E+00  dt = 0.5000E+00  final t = 0.265500E+02
 AMRCLAW: level  1  CFL = .411E+00  dt = 0.5000E+00  final t = 0.270500E+02
 AMRCLAW: level  1  CFL = .413E+00  dt = 0.5000E+00  final t = 0.275500E+02
 AMRCLAW: level  1  CFL = .416E+00  dt = 0.5000E+00  final t = 0.280500E+02
 AMRCLAW: level  1  CFL = .418E+00  dt = 0.5000E+00  final t = 0.285500E+02
 AMRCLAW: level  1  CFL = .421E+00  dt = 0.5000E+00  final t = 0.290500E+02
 AMRCLAW: level  1  CFL = .423E+00  dt = 0.5000E+00  final t = 0.295500E+02
 AMRCLAW: level  1  CFL = .383E+00  dt = 0.4500E+00  final t = 0.300000E+02
GEOCLAW: Frame    1 output files done at time t =  0.300000D+02

 AMRCLAW: level  1  CFL = .427E+00  dt = 0.5000E+00  final t = 0.305000E+02
 AMRCLAW: level  1  CFL = .428E+00  dt = 0.5000E+00  final t = 0.310000E+02
 AMRCLAW: level  1  CFL = .429E+00  dt = 0.5000E+00  final t = 0.315000E+02
 AMRCLAW: level  1  CFL = .430E+00  dt = 0.5000E+00  final t = 0.320000E+02
 AMRCLAW: level  1  CFL = .430E+00  dt = 0.5000E+00  final t = 0.325000E+02
 AMRCLAW: level  1  CFL = .430E+00  dt = 0.5000E+00  final t = 0.330000E+02
 AMRCLAW: level  1  CFL = .430E+00  dt = 0.5000E+00  final t = 0.335000E+02
 AMRCLAW: level  1  CFL = .431E+00  dt = 0.5000E+00  final t = 0.340000E+02
 AMRCLAW: level  1  CFL = .431E+00  dt = 0.5000E+00  final t = 0.345000E+02
 AMRCLAW: level  1  CFL = .431E+00  dt = 0.5000E+00  final t = 0.350000E+02
 AMRCLAW: level  1  CFL = .432E+00  dt = 0.5000E+00  final t = 0.355000E+02
 AMRCLAW: level  1  CFL = .432E+00  dt = 0.5000E+00  final t = 0.360000E+02
 AMRCLAW: level  1  CFL = .432E+00  dt = 0.5000E+00  final t = 0.365000E+02
 AMRCLAW: level  1  CFL = .432E+00  dt = 0.5000E+00  final t = 0.370000E+02
 AMRCLAW: level  1  CFL = .433E+00  dt = 0.5000E+00  final t = 0.375000E+02
 AMRCLAW: level  1  CFL = .433E+00  dt = 0.5000E+00  final t = 0.380000E+02
 AMRCLAW: level  1  CFL = .433E+00  dt = 0.5000E+00  final t = 0.385000E+02
 AMRCLAW: level  1  CFL = .433E+00  dt = 0.5000E+00  final t = 0.390000E+02
 AMRCLAW: level  1  CFL = .433E+00  dt = 0.5000E+00  final t = 0.395000E+02
 AMRCLAW: level  1  CFL = .433E+00  dt = 0.5000E+00  final t = 0.400000E+02
 AMRCLAW: level  1  CFL = .434E+00  dt = 0.5000E+00  final t = 0.405000E+02
 AMRCLAW: level  1  CFL = .435E+00  dt = 0.5000E+00  final t = 0.410000E+02
 AMRCLAW: level  1  CFL = .435E+00  dt = 0.5000E+00  final t = 0.415000E+02
 AMRCLAW: level  1  CFL = .436E+00  dt = 0.5000E+00  final t = 0.420000E+02
 AMRCLAW: level  1  CFL = .436E+00  dt = 0.5000E+00  final t = 0.425000E+02
 AMRCLAW: level  1  CFL = .436E+00  dt = 0.5000E+00  final t = 0.430000E+02
 AMRCLAW: level  1  CFL = .436E+00  dt = 0.5000E+00  final t = 0.435000E+02
 AMRCLAW: level  1  CFL = .436E+00  dt = 0.5000E+00  final t = 0.440000E+02
 AMRCLAW: level  1  CFL = .436E+00  dt = 0.5000E+00  final t = 0.445000E+02
 AMRCLAW: level  1  CFL = .436E+00  dt = 0.5000E+00  final t = 0.450000E+02
 AMRCLAW: level  1  CFL = .436E+00  dt = 0.5000E+00  final t = 0.455000E+02
 AMRCLAW: level  1  CFL = .436E+00  dt = 0.5000E+00  final t = 0.460000E+02
 AMRCLAW: level  1  CFL = .436E+00  dt = 0.5000E+00  final t = 0.465000E+02
 AMRCLAW: level  1  CFL = .437E+00  dt = 0.5000E+00  final t = 0.470000E+02
 AMRCLAW: level  1  CFL = .437E+00  dt = 0.5000E+00  final t = 0.475000E+02
 AMRCLAW: level  1  CFL = .437E+00  dt = 0.5000E+00  final t = 0.480000E+02
 AMRCLAW: level  1  CFL = .437E+00  dt = 0.5000E+00  final t = 0.485000E+02
 AMRCLAW: level  1  CFL = .437E+00  dt = 0.5000E+00  final t = 0.490000E+02
 AMRCLAW: level  1  CFL = .437E+00  dt = 0.5000E+00  final t = 0.495000E+02
 AMRCLAW: level  1  CFL = .437E+00  dt = 0.5000E+00  final t = 0.500000E+02
 AMRCLAW: level  1  CFL = .436E+00  dt = 0.5000E+00  final t = 0.505000E+02
 AMRCLAW: level  1  CFL = .436E+00  dt = 0.5000E+00  final t = 0.510000E+02
 AMRCLAW: level  1  CFL = .436E+00  dt = 0.5000E+00  final t = 0.515000E+02
 AMRCLAW: level  1  CFL = .436E+00  dt = 0.5000E+00  final t = 0.520000E+02
 AMRCLAW: level  1  CFL = .436E+00  dt = 0.5000E+00  final t = 0.525000E+02
 AMRCLAW: level  1  CFL = .436E+00  dt = 0.5000E+00  final t = 0.530000E+02
 AMRCLAW: level  1  CFL = .436E+00  dt = 0.5000E+00  final t = 0.535000E+02
 AMRCLAW: level  1  CFL = .436E+00  dt = 0.5000E+00  final t = 0.540000E+02
 AMRCLAW: level  1  CFL = .436E+00  dt = 0.5000E+00  final t = 0.545000E+02
 AMRCLAW: level  1  CFL = .436E+00  dt = 0.5000E+00  final t = 0.550000E+02
 AMRCLAW: level  1  CFL = .436E+00  dt = 0.5000E+00  final t = 0.555000E+02
 AMRCLAW: level  1  CFL = .436E+00  dt = 0.5000E+00  final t = 0.560000E+02
 AMRCLAW: level  1  CFL = .435E+00  dt = 0.5000E+00  final t = 0.565000E+02
 AMRCLAW: level  1  CFL = .435E+00  dt = 0.5000E+00  final t = 0.570000E+02
 AMRCLAW: level  1  CFL = .435E+00  dt = 0.5000E+00  final t = 0.575000E+02
 AMRCLAW: level  1  CFL = .435E+00  dt = 0.5000E+00  final t = 0.580000E+02
 AMRCLAW: level  1  CFL = .435E+00  dt = 0.5000E+00  final t = 0.585000E+02
 AMRCLAW: level  1  CFL = .434E+00  dt = 0.5000E+00  final t = 0.590000E+02
 AMRCLAW: level  1  CFL = .433E+00  dt = 0.5000E+00  final t = 0.595000E+02
 AMRCLAW: level  1  CFL = .433E+00  dt = 0.5000E+00  final t = 0.600000E+02
GEOCLAW: Frame    2 output files done at time t =  0.600000D+02

 AMRCLAW: level  1  CFL = .433E+00  dt = 0.5000E+00  final t = 0.605000E+02
 AMRCLAW: level  1  CFL = .433E+00  dt = 0.5000E+00  final t = 0.610000E+02
 AMRCLAW: level  1  CFL = .432E+00  dt = 0.5000E+00  final t = 0.615000E+02
 AMRCLAW: level  1  CFL = .432E+00  dt = 0.5000E+00  final t = 0.620000E+02
 AMRCLAW: level  1  CFL = .432E+00  dt = 0.5000E+00  final t = 0.625000E+02
 AMRCLAW: level  1  CFL = .432E+00  dt = 0.5000E+00  final t = 0.630000E+02
 AMRCLAW: level  1  CFL = .431E+00  dt = 0.5000E+00  final t = 0.635000E+02
 AMRCLAW: level  1  CFL = .431E+00  dt = 0.5000E+00  final t = 0.640000E+02
 AMRCLAW: level  1  CFL = .431E+00  dt = 0.5000E+00  final t = 0.645000E+02
 AMRCLAW: level  1  CFL = .431E+00  dt = 0.5000E+00  final t = 0.650000E+02
 AMRCLAW: level  1  CFL = .430E+00  dt = 0.5000E+00  final t = 0.655000E+02
 AMRCLAW: level  1  CFL = .430E+00  dt = 0.5000E+00  final t = 0.660000E+02
 AMRCLAW: level  1  CFL = .430E+00  dt = 0.5000E+00  final t = 0.665000E+02
 AMRCLAW: level  1  CFL = .429E+00  dt = 0.5000E+00  final t = 0.670000E+02
 AMRCLAW: level  1  CFL = .429E+00  dt = 0.5000E+00  final t = 0.675000E+02
 AMRCLAW: level  1  CFL = .429E+00  dt = 0.5000E+00  final t = 0.680000E+02
 AMRCLAW: level  1  CFL = .428E+00  dt = 0.5000E+00  final t = 0.685000E+02
 AMRCLAW: level  1  CFL = .428E+00  dt = 0.5000E+00  final t = 0.690000E+02
 AMRCLAW: level  1  CFL = .428E+00  dt = 0.5000E+00  final t = 0.695000E+02
 AMRCLAW: level  1  CFL = .427E+00  dt = 0.5000E+00  final t = 0.700000E+02
 AMRCLAW: level  1  CFL = .427E+00  dt = 0.5000E+00  final t = 0.705000E+02
 AMRCLAW: level  1  CFL = .427E+00  dt = 0.5000E+00  final t = 0.710000E+02
 AMRCLAW: level  1  CFL = .426E+00  dt = 0.5000E+00  final t = 0.715000E+02
 AMRCLAW: level  1  CFL = .426E+00  dt = 0.5000E+00  final t = 0.720000E+02
 AMRCLAW: level  1  CFL = .425E+00  dt = 0.5000E+00  final t = 0.725000E+02
 AMRCLAW: level  1  CFL = .424E+00  dt = 0.5000E+00  final t = 0.730000E+02
 AMRCLAW: level  1  CFL = .422E+00  dt = 0.5000E+00  final t = 0.735000E+02
 AMRCLAW: level  1  CFL = .420E+00  dt = 0.5000E+00  final t = 0.740000E+02
 AMRCLAW: level  1  CFL = .417E+00  dt = 0.5000E+00  final t = 0.745000E+02
 AMRCLAW: level  1  CFL = .415E+00  dt = 0.5000E+00  final t = 0.750000E+02
 AMRCLAW: level  1  CFL = .412E+00  dt = 0.5000E+00  final t = 0.755000E+02
 AMRCLAW: level  1  CFL = .409E+00  dt = 0.5000E+00  final t = 0.760000E+02
 AMRCLAW: level  1  CFL = .407E+00  dt = 0.5000E+00  final t = 0.765000E+02
 AMRCLAW: level  1  CFL = .404E+00  dt = 0.5000E+00  final t = 0.770000E+02
 AMRCLAW: level  1  CFL = .401E+00  dt = 0.5000E+00  final t = 0.775000E+02
 AMRCLAW: level  1  CFL = .398E+00  dt = 0.5000E+00  final t = 0.780000E+02
 AMRCLAW: level  1  CFL = .394E+00  dt = 0.5000E+00  final t = 0.785000E+02
 AMRCLAW: level  1  CFL = .391E+00  dt = 0.5000E+00  final t = 0.790000E+02
 AMRCLAW: level  1  CFL = .388E+00  dt = 0.5000E+00  final t = 0.795000E+02
 AMRCLAW: level  1  CFL = .384E+00  dt = 0.5000E+00  final t = 0.800000E+02
 AMRCLAW: level  1  CFL = .381E+00  dt = 0.5000E+00  final t = 0.805000E+02
 AMRCLAW: level  1  CFL = .377E+00  dt = 0.5000E+00  final t = 0.810000E+02
 AMRCLAW: level  1  CFL = .373E+00  dt = 0.5000E+00  final t = 0.815000E+02
 AMRCLAW: level  1  CFL = .370E+00  dt = 0.5000E+00  final t = 0.820000E+02
 AMRCLAW: level  1  CFL = .365E+00  dt = 0.5000E+00  final t = 0.825000E+02
 AMRCLAW: level  1  CFL = .361E+00  dt = 0.5000E+00  final t = 0.830000E+02
 AMRCLAW: level  1  CFL = .357E+00  dt = 0.5000E+00  final t = 0.835000E+02
 AMRCLAW: level  1  CFL = .352E+00  dt = 0.5000E+00  final t = 0.840000E+02
 AMRCLAW: level  1  CFL = .348E+00  dt = 0.5000E+00  final t = 0.845000E+02
 AMRCLAW: level  1  CFL = .343E+00  dt = 0.5000E+00  final t = 0.850000E+02
 AMRCLAW: level  1  CFL = .338E+00  dt = 0.5000E+00  final t = 0.855000E+02
 AMRCLAW: level  1  CFL = .333E+00  dt = 0.5000E+00  final t = 0.860000E+02
 AMRCLAW: level  1  CFL = .327E+00  dt = 0.5000E+00  final t = 0.865000E+02
 AMRCLAW: level  1  CFL = .322E+00  dt = 0.5000E+00  final t = 0.870000E+02
 AMRCLAW: level  1  CFL = .316E+00  dt = 0.5000E+00  final t = 0.875000E+02
 AMRCLAW: level  1  CFL = .310E+00  dt = 0.5000E+00  final t = 0.880000E+02
 AMRCLAW: level  1  CFL = .308E+00  dt = 0.5000E+00  final t = 0.885000E+02
 AMRCLAW: level  1  CFL = .310E+00  dt = 0.5000E+00  final t = 0.890000E+02
 AMRCLAW: level  1  CFL = .311E+00  dt = 0.5000E+00  final t = 0.895000E+02
 AMRCLAW: level  1  CFL = .313E+00  dt = 0.5000E+00  final t = 0.900000E+02
GEOCLAW: Frame    3 output files done at time t =  0.900000D+02

 AMRCLAW: level  1  CFL = .314E+00  dt = 0.5000E+00  final t = 0.905000E+02
 AMRCLAW: level  1  CFL = .316E+00  dt = 0.5000E+00  final t = 0.910000E+02
 AMRCLAW: level  1  CFL = .318E+00  dt = 0.5000E+00  final t = 0.915000E+02
 AMRCLAW: level  1  CFL = .320E+00  dt = 0.5000E+00  final t = 0.920000E+02
 AMRCLAW: level  1  CFL = .321E+00  dt = 0.5000E+00  final t = 0.925000E+02
 AMRCLAW: level  1  CFL = .323E+00  dt = 0.5000E+00  final t = 0.930000E+02
 AMRCLAW: level  1  CFL = .325E+00  dt = 0.5000E+00  final t = 0.935000E+02
 AMRCLAW: level  1  CFL = .327E+00  dt = 0.5000E+00  final t = 0.940000E+02
 AMRCLAW: level  1  CFL = .329E+00  dt = 0.5000E+00  final t = 0.945000E+02
 AMRCLAW: level  1  CFL = .330E+00  dt = 0.5000E+00  final t = 0.950000E+02
 AMRCLAW: level  1  CFL = .331E+00  dt = 0.5000E+00  final t = 0.955000E+02
 AMRCLAW: level  1  CFL = .333E+00  dt = 0.5000E+00  final t = 0.960000E+02
 AMRCLAW: level  1  CFL = .334E+00  dt = 0.5000E+00  final t = 0.965000E+02
 AMRCLAW: level  1  CFL = .335E+00  dt = 0.5000E+00  final t = 0.970000E+02
 AMRCLAW: level  1  CFL = .337E+00  dt = 0.5000E+00  final t = 0.975000E+02
 AMRCLAW: level  1  CFL = .340E+00  dt = 0.5000E+00  final t = 0.980000E+02
 AMRCLAW: level  1  CFL = .343E+00  dt = 0.5000E+00  final t = 0.985000E+02
 AMRCLAW: level  1  CFL = .345E+00  dt = 0.5000E+00  final t = 0.990000E+02
 AMRCLAW: level  1  CFL = .347E+00  dt = 0.5000E+00  final t = 0.995000E+02
 AMRCLAW: level  1  CFL = .349E+00  dt = 0.5000E+00  final t = 0.100000E+03
 AMRCLAW: level  1  CFL = .351E+00  dt = 0.5000E+00  final t = 0.100500E+03
 AMRCLAW: level  1  CFL = .352E+00  dt = 0.5000E+00  final t = 0.101000E+03
 AMRCLAW: level  1  CFL = .353E+00  dt = 0.5000E+00  final t = 0.101500E+03
 AMRCLAW: level  1  CFL = .354E+00  dt = 0.5000E+00  final t = 0.102000E+03
 AMRCLAW: level  1  CFL = .355E+00  dt = 0.5000E+00  final t = 0.102500E+03
 AMRCLAW: level  1  CFL = .356E+00  dt = 0.5000E+00  final t = 0.103000E+03
 AMRCLAW: level  1  CFL = .356E+00  dt = 0.5000E+00  final t = 0.103500E+03
 AMRCLAW: level  1  CFL = .357E+00  dt = 0.5000E+00  final t = 0.104000E+03
 AMRCLAW: level  1  CFL = .357E+00  dt = 0.5000E+00  final t = 0.104500E+03
 AMRCLAW: level  1  CFL = .357E+00  dt = 0.5000E+00  final t = 0.105000E+03
 AMRCLAW: level  1  CFL = .358E+00  dt = 0.5000E+00  final t = 0.105500E+03
 AMRCLAW: level  1  CFL = .358E+00  dt = 0.5000E+00  final t = 0.106000E+03
 AMRCLAW: level  1  CFL = .358E+00  dt = 0.5000E+00  final t = 0.106500E+03
 AMRCLAW: level  1  CFL = .358E+00  dt = 0.5000E+00  final t = 0.107000E+03
 AMRCLAW: level  1  CFL = .358E+00  dt = 0.5000E+00  final t = 0.107500E+03
 AMRCLAW: level  1  CFL = .358E+00  dt = 0.5000E+00  final t = 0.108000E+03
 AMRCLAW: level  1  CFL = .358E+00  dt = 0.5000E+00  final t = 0.108500E+03
 AMRCLAW: level  1  CFL = .358E+00  dt = 0.5000E+00  final t = 0.109000E+03
 AMRCLAW: level  1  CFL = .358E+00  dt = 0.5000E+00  final t = 0.109500E+03
 AMRCLAW: level  1  CFL = .358E+00  dt = 0.5000E+00  final t = 0.110000E+03
 AMRCLAW: level  1  CFL = .357E+00  dt = 0.5000E+00  final t = 0.110500E+03
 AMRCLAW: level  1  CFL = .357E+00  dt = 0.5000E+00  final t = 0.111000E+03
 AMRCLAW: level  1  CFL = .357E+00  dt = 0.5000E+00  final t = 0.111500E+03
 AMRCLAW: level  1  CFL = .357E+00  dt = 0.5000E+00  final t = 0.112000E+03
 AMRCLAW: level  1  CFL = .356E+00  dt = 0.5000E+00  final t = 0.112500E+03
 AMRCLAW: level  1  CFL = .356E+00  dt = 0.5000E+00  final t = 0.113000E+03
 AMRCLAW: level  1  CFL = .356E+00  dt = 0.5000E+00  final t = 0.113500E+03
 AMRCLAW: level  1  CFL = .355E+00  dt = 0.5000E+00  final t = 0.114000E+03
 AMRCLAW: level  1  CFL = .355E+00  dt = 0.5000E+00  final t = 0.114500E+03
 AMRCLAW: level  1  CFL = .355E+00  dt = 0.5000E+00  final t = 0.115000E+03
 AMRCLAW: level  1  CFL = .354E+00  dt = 0.5000E+00  final t = 0.115500E+03
 AMRCLAW: level  1  CFL = .354E+00  dt = 0.5000E+00  final t = 0.116000E+03
 AMRCLAW: level  1  CFL = .354E+00  dt = 0.5000E+00  final t = 0.116500E+03
 AMRCLAW: level  1  CFL = .353E+00  dt = 0.5000E+00  final t = 0.117000E+03
 AMRCLAW: level  1  CFL = .353E+00  dt = 0.5000E+00  final t = 0.117500E+03
 AMRCLAW: level  1  CFL = .353E+00  dt = 0.5000E+00  final t = 0.118000E+03
 AMRCLAW: level  1  CFL = .352E+00  dt = 0.5000E+00  final t = 0.118500E+03
 AMRCLAW: level  1  CFL = .352E+00  dt = 0.5000E+00  final t = 0.119000E+03
 AMRCLAW: level  1  CFL = .352E+00  dt = 0.5000E+00  final t = 0.119500E+03
 AMRCLAW: level  1  CFL = .351E+00  dt = 0.5000E+00  final t = 0.120000E+03
GEOCLAW: Frame    4 output files done at time t =  0.120000D+03

 AMRCLAW: level  1  CFL = .351E+00  dt = 0.5000E+00  final t = 0.120500E+03
 AMRCLAW: level  1  CFL = .350E+00  dt = 0.5000E+00  final t = 0.121000E+03
 AMRCLAW: level  1  CFL = .350E+00  dt = 0.5000E+00  final t = 0.121500E+03
 AMRCLAW: level  1  CFL = .349E+00  dt = 0.5000E+00  final t = 0.122000E+03
 AMRCLAW: level  1  CFL = .349E+00  dt = 0.5000E+00  final t = 0.122500E+03
 AMRCLAW: level  1  CFL = .348E+00  dt = 0.5000E+00  final t = 0.123000E+03
 AMRCLAW: level  1  CFL = .347E+00  dt = 0.5000E+00  final t = 0.123500E+03
 AMRCLAW: level  1  CFL = .346E+00  dt = 0.5000E+00  final t = 0.124000E+03
 AMRCLAW: level  1  CFL = .346E+00  dt = 0.5000E+00  final t = 0.124500E+03
 AMRCLAW: level  1  CFL = .345E+00  dt = 0.5000E+00  final t = 0.125000E+03
 AMRCLAW: level  1  CFL = .343E+00  dt = 0.5000E+00  final t = 0.125500E+03
 AMRCLAW: level  1  CFL = .342E+00  dt = 0.5000E+00  final t = 0.126000E+03
 AMRCLAW: level  1  CFL = .341E+00  dt = 0.5000E+00  final t = 0.126500E+03
 AMRCLAW: level  1  CFL = .340E+00  dt = 0.5000E+00  final t = 0.127000E+03
 AMRCLAW: level  1  CFL = .339E+00  dt = 0.5000E+00  final t = 0.127500E+03
 AMRCLAW: level  1  CFL = .338E+00  dt = 0.5000E+00  final t = 0.128000E+03
 AMRCLAW: level  1  CFL = .337E+00  dt = 0.5000E+00  final t = 0.128500E+03
 AMRCLAW: level  1  CFL = .336E+00  dt = 0.5000E+00  final t = 0.129000E+03
 AMRCLAW: level  1  CFL = .334E+00  dt = 0.5000E+00  final t = 0.129500E+03
 AMRCLAW: level  1  CFL = .333E+00  dt = 0.5000E+00  final t = 0.130000E+03
 AMRCLAW: level  1  CFL = .332E+00  dt = 0.5000E+00  final t = 0.130500E+03
 AMRCLAW: level  1  CFL = .330E+00  dt = 0.5000E+00  final t = 0.131000E+03
 AMRCLAW: level  1  CFL = .329E+00  dt = 0.5000E+00  final t = 0.131500E+03
 AMRCLAW: level  1  CFL = .328E+00  dt = 0.5000E+00  final t = 0.132000E+03
 AMRCLAW: level  1  CFL = .326E+00  dt = 0.5000E+00  final t = 0.132500E+03
 AMRCLAW: level  1  CFL = .325E+00  dt = 0.5000E+00  final t = 0.133000E+03
 AMRCLAW: level  1  CFL = .324E+00  dt = 0.5000E+00  final t = 0.133500E+03
 AMRCLAW: level  1  CFL = .323E+00  dt = 0.5000E+00  final t = 0.134000E+03
 AMRCLAW: level  1  CFL = .322E+00  dt = 0.5000E+00  final t = 0.134500E+03
 AMRCLAW: level  1  CFL = .320E+00  dt = 0.5000E+00  final t = 0.135000E+03
 AMRCLAW: level  1  CFL = .319E+00  dt = 0.5000E+00  final t = 0.135500E+03
 AMRCLAW: level  1  CFL = .318E+00  dt = 0.5000E+00  final t = 0.136000E+03
 AMRCLAW: level  1  CFL = .317E+00  dt = 0.5000E+00  final t = 0.136500E+03
 AMRCLAW: level  1  CFL = .315E+00  dt = 0.5000E+00  final t = 0.137000E+03
 AMRCLAW: level  1  CFL = .314E+00  dt = 0.5000E+00  final t = 0.137500E+03
 AMRCLAW: level  1  CFL = .312E+00  dt = 0.5000E+00  final t = 0.138000E+03
 AMRCLAW: level  1  CFL = .311E+00  dt = 0.5000E+00  final t = 0.138500E+03
 AMRCLAW: level  1  CFL = .309E+00  dt = 0.5000E+00  final t = 0.139000E+03
 AMRCLAW: level  1  CFL = .307E+00  dt = 0.5000E+00  final t = 0.139500E+03
 AMRCLAW: level  1  CFL = .306E+00  dt = 0.5000E+00  final t = 0.140000E+03
 AMRCLAW: level  1  CFL = .304E+00  dt = 0.5000E+00  final t = 0.140500E+03
 AMRCLAW: level  1  CFL = .302E+00  dt = 0.5000E+00  final t = 0.141000E+03
 AMRCLAW: level  1  CFL = .301E+00  dt = 0.5000E+00  final t = 0.141500E+03
 AMRCLAW: level  1  CFL = .299E+00  dt = 0.5000E+00  final t = 0.142000E+03
 AMRCLAW: level  1  CFL = .297E+00  dt = 0.5000E+00  final t = 0.142500E+03
 AMRCLAW: level  1  CFL = .295E+00  dt = 0.5000E+00  final t = 0.143000E+03
 AMRCLAW: level  1  CFL = .293E+00  dt = 0.5000E+00  final t = 0.143500E+03
 AMRCLAW: level  1  CFL = .291E+00  dt = 0.5000E+00  final t = 0.144000E+03
 AMRCLAW: level  1  CFL = .290E+00  dt = 0.5000E+00  final t = 0.144500E+03
 AMRCLAW: level  1  CFL = .288E+00  dt = 0.5000E+00  final t = 0.145000E+03
 AMRCLAW: level  1  CFL = .286E+00  dt = 0.5000E+00  final t = 0.145500E+03
 AMRCLAW: level  1  CFL = .283E+00  dt = 0.5000E+00  final t = 0.146000E+03
 AMRCLAW: level  1  CFL = .281E+00  dt = 0.5000E+00  final t = 0.146500E+03
 AMRCLAW: level  1  CFL = .280E+00  dt = 0.5000E+00  final t = 0.147000E+03
 AMRCLAW: level  1  CFL = .280E+00  dt = 0.5000E+00  final t = 0.147500E+03
 AMRCLAW: level  1  CFL = .280E+00  dt = 0.5000E+00  final t = 0.148000E+03
 AMRCLAW: level  1  CFL = .279E+00  dt = 0.5000E+00  final t = 0.148500E+03
 AMRCLAW: level  1  CFL = .279E+00  dt = 0.5000E+00  final t = 0.149000E+03
 AMRCLAW: level  1  CFL = .279E+00  dt = 0.5000E+00  final t = 0.149500E+03
 AMRCLAW: level  1  CFL = .278E+00  dt = 0.5000E+00  final t = 0.150000E+03
GEOCLAW: Frame    5 output files done at time t =  0.150000D+03

 AMRCLAW: level  1  CFL = .276E+00  dt = 0.5000E+00  final t = 0.150500E+03
 AMRCLAW: level  1  CFL = .274E+00  dt = 0.5000E+00  final t = 0.151000E+03
 AMRCLAW: level  1  CFL = .271E+00  dt = 0.5000E+00  final t = 0.151500E+03
 AMRCLAW: level  1  CFL = .268E+00  dt = 0.5000E+00  final t = 0.152000E+03
 AMRCLAW: level  1  CFL = .264E+00  dt = 0.5000E+00  final t = 0.152500E+03
 AMRCLAW: level  1  CFL = .262E+00  dt = 0.5000E+00  final t = 0.153000E+03
 AMRCLAW: level  1  CFL = .260E+00  dt = 0.5000E+00  final t = 0.153500E+03
 AMRCLAW: level  1  CFL = .259E+00  dt = 0.5000E+00  final t = 0.154000E+03
 AMRCLAW: level  1  CFL = .258E+00  dt = 0.5000E+00  final t = 0.154500E+03
 AMRCLAW: level  1  CFL = .257E+00  dt = 0.5000E+00  final t = 0.155000E+03
 AMRCLAW: level  1  CFL = .255E+00  dt = 0.5000E+00  final t = 0.155500E+03
 AMRCLAW: level  1  CFL = .254E+00  dt = 0.5000E+00  final t = 0.156000E+03
 AMRCLAW: level  1  CFL = .253E+00  dt = 0.5000E+00  final t = 0.156500E+03
 AMRCLAW: level  1  CFL = .251E+00  dt = 0.5000E+00  final t = 0.157000E+03
 AMRCLAW: level  1  CFL = .249E+00  dt = 0.5000E+00  final t = 0.157500E+03
 AMRCLAW: level  1  CFL = .246E+00  dt = 0.5000E+00  final t = 0.158000E+03
 AMRCLAW: level  1  CFL = .245E+00  dt = 0.5000E+00  final t = 0.158500E+03
 AMRCLAW: level  1  CFL = .246E+00  dt = 0.5000E+00  final t = 0.159000E+03
 AMRCLAW: level  1  CFL = .246E+00  dt = 0.5000E+00  final t = 0.159500E+03
 AMRCLAW: level  1  CFL = .245E+00  dt = 0.5000E+00  final t = 0.160000E+03
 AMRCLAW: level  1  CFL = .244E+00  dt = 0.5000E+00  final t = 0.160500E+03
 AMRCLAW: level  1  CFL = .241E+00  dt = 0.5000E+00  final t = 0.161000E+03
 AMRCLAW: level  1  CFL = .240E+00  dt = 0.5000E+00  final t = 0.161500E+03
 AMRCLAW: level  1  CFL = .238E+00  dt = 0.5000E+00  final t = 0.162000E+03
 AMRCLAW: level  1  CFL = .237E+00  dt = 0.5000E+00  final t = 0.162500E+03
 AMRCLAW: level  1  CFL = .236E+00  dt = 0.5000E+00  final t = 0.163000E+03
 AMRCLAW: level  1  CFL = .236E+00  dt = 0.5000E+00  final t = 0.163500E+03
 AMRCLAW: level  1  CFL = .236E+00  dt = 0.5000E+00  final t = 0.164000E+03
 AMRCLAW: level  1  CFL = .236E+00  dt = 0.5000E+00  final t = 0.164500E+03
 AMRCLAW: level  1  CFL = .236E+00  dt = 0.5000E+00  final t = 0.165000E+03
 AMRCLAW: level  1  CFL = .236E+00  dt = 0.5000E+00  final t = 0.165500E+03
 AMRCLAW: level  1  CFL = .236E+00  dt = 0.5000E+00  final t = 0.166000E+03
 AMRCLAW: level  1  CFL = .236E+00  dt = 0.5000E+00  final t = 0.166500E+03
 AMRCLAW: level  1  CFL = .237E+00  dt = 0.5000E+00  final t = 0.167000E+03
 AMRCLAW: level  1  CFL = .237E+00  dt = 0.5000E+00  final t = 0.167500E+03
 AMRCLAW: level  1  CFL = .237E+00  dt = 0.5000E+00  final t = 0.168000E+03
 AMRCLAW: level  1  CFL = .237E+00  dt = 0.5000E+00  final t = 0.168500E+03
 AMRCLAW: level  1  CFL = .237E+00  dt = 0.5000E+00  final t = 0.169000E+03
 AMRCLAW: level  1  CFL = .237E+00  dt = 0.5000E+00  final t = 0.169500E+03
 AMRCLAW: level  1  CFL = .237E+00  dt = 0.5000E+00  final t = 0.170000E+03
 AMRCLAW: level  1  CFL = .238E+00  dt = 0.5000E+00  final t = 0.170500E+03
 AMRCLAW: level  1  CFL = .239E+00  dt = 0.5000E+00  final t = 0.171000E+03
 AMRCLAW: level  1  CFL = .240E+00  dt = 0.5000E+00  final t = 0.171500E+03
 AMRCLAW: level  1  CFL = .240E+00  dt = 0.5000E+00  final t = 0.172000E+03
 AMRCLAW: level  1  CFL = .241E+00  dt = 0.5000E+00  final t = 0.172500E+03
 AMRCLAW: level  1  CFL = .242E+00  dt = 0.5000E+00  final t = 0.173000E+03
 AMRCLAW: level  1  CFL = .243E+00  dt = 0.5000E+00  final t = 0.173500E+03
 AMRCLAW: level  1  CFL = .243E+00  dt = 0.5000E+00  final t = 0.174000E+03
 AMRCLAW: level  1  CFL = .244E+00  dt = 0.5000E+00  final t = 0.174500E+03
 AMRCLAW: level  1  CFL = .244E+00  dt = 0.5000E+00  final t = 0.175000E+03
 AMRCLAW: level  1  CFL = .245E+00  dt = 0.5000E+00  final t = 0.175500E+03
 AMRCLAW: level  1  CFL = .245E+00  dt = 0.5000E+00  final t = 0.176000E+03
 AMRCLAW: level  1  CFL = .245E+00  dt = 0.5000E+00  final t = 0.176500E+03
 AMRCLAW: level  1  CFL = .245E+00  dt = 0.5000E+00  final t = 0.177000E+03
 AMRCLAW: level  1  CFL = .246E+00  dt = 0.5000E+00  final t = 0.177500E+03
 AMRCLAW: level  1  CFL = .247E+00  dt = 0.5000E+00  final t = 0.178000E+03
 AMRCLAW: level  1  CFL = .248E+00  dt = 0.5000E+00  final t = 0.178500E+03
 AMRCLAW: level  1  CFL = .249E+00  dt = 0.5000E+00  final t = 0.179000E+03
 AMRCLAW: level  1  CFL = .250E+00  dt = 0.5000E+00  final t = 0.179500E+03
 AMRCLAW: level  1  CFL = .251E+00  dt = 0.5000E+00  final t = 0.180000E+03
GEOCLAW: Frame    6 output files done at time t =  0.180000D+03

 AMRCLAW: level  1  CFL = .252E+00  dt = 0.5000E+00  final t = 0.180500E+03
 AMRCLAW: level  1  CFL = .253E+00  dt = 0.5000E+00  final t = 0.181000E+03
 AMRCLAW: level  1  CFL = .254E+00  dt = 0.5000E+00  final t = 0.181500E+03
 AMRCLAW: level  1  CFL = .255E+00  dt = 0.5000E+00  final t = 0.182000E+03
 AMRCLAW: level  1  CFL = .258E+00  dt = 0.5000E+00  final t = 0.182500E+03
 AMRCLAW: level  1  CFL = .260E+00  dt = 0.5000E+00  final t = 0.183000E+03
 AMRCLAW: level  1  CFL = .262E+00  dt = 0.5000E+00  final t = 0.183500E+03
 AMRCLAW: level  1  CFL = .264E+00  dt = 0.5000E+00  final t = 0.184000E+03
 AMRCLAW: level  1  CFL = .265E+00  dt = 0.5000E+00  final t = 0.184500E+03
 AMRCLAW: level  1  CFL = .267E+00  dt = 0.5000E+00  final t = 0.185000E+03
 AMRCLAW: level  1  CFL = .268E+00  dt = 0.5000E+00  final t = 0.185500E+03
 AMRCLAW: level  1  CFL = .270E+00  dt = 0.5000E+00  final t = 0.186000E+03
 AMRCLAW: level  1  CFL = .271E+00  dt = 0.5000E+00  final t = 0.186500E+03
 AMRCLAW: level  1  CFL = .272E+00  dt = 0.5000E+00  final t = 0.187000E+03
 AMRCLAW: level  1  CFL = .274E+00  dt = 0.5000E+00  final t = 0.187500E+03
 AMRCLAW: level  1  CFL = .275E+00  dt = 0.5000E+00  final t = 0.188000E+03
 AMRCLAW: level  1  CFL = .276E+00  dt = 0.5000E+00  final t = 0.188500E+03
 AMRCLAW: level  1  CFL = .277E+00  dt = 0.5000E+00  final t = 0.189000E+03
 AMRCLAW: level  1  CFL = .278E+00  dt = 0.5000E+00  final t = 0.189500E+03
 AMRCLAW: level  1  CFL = .279E+00  dt = 0.5000E+00  final t = 0.190000E+03
 AMRCLAW: level  1  CFL = .280E+00  dt = 0.5000E+00  final t = 0.190500E+03
 AMRCLAW: level  1  CFL = .284E+00  dt = 0.5000E+00  final t = 0.191000E+03
 AMRCLAW: level  1  CFL = .288E+00  dt = 0.5000E+00  final t = 0.191500E+03
 AMRCLAW: level  1  CFL = .291E+00  dt = 0.5000E+00  final t = 0.192000E+03
 AMRCLAW: level  1  CFL = .294E+00  dt = 0.5000E+00  final t = 0.192500E+03
 AMRCLAW: level  1  CFL = .297E+00  dt = 0.5000E+00  final t = 0.193000E+03
 AMRCLAW: level  1  CFL = .299E+00  dt = 0.5000E+00  final t = 0.193500E+03
 AMRCLAW: level  1  CFL = .302E+00  dt = 0.5000E+00  final t = 0.194000E+03
 AMRCLAW: level  1  CFL = .303E+00  dt = 0.5000E+00  final t = 0.194500E+03
 AMRCLAW: level  1  CFL = .303E+00  dt = 0.5000E+00  final t = 0.195000E+03
 AMRCLAW: level  1  CFL = .303E+00  dt = 0.5000E+00  final t = 0.195500E+03
 AMRCLAW: level  1  CFL = .302E+00  dt = 0.5000E+00  final t = 0.196000E+03
 AMRCLAW: level  1  CFL = .301E+00  dt = 0.5000E+00  final t = 0.196500E+03
 AMRCLAW: level  1  CFL = .300E+00  dt = 0.5000E+00  final t = 0.197000E+03
 AMRCLAW: level  1  CFL = .300E+00  dt = 0.5000E+00  final t = 0.197500E+03
 AMRCLAW: level  1  CFL = .301E+00  dt = 0.5000E+00  final t = 0.198000E+03
 AMRCLAW: level  1  CFL = .307E+00  dt = 0.5000E+00  final t = 0.198500E+03
 AMRCLAW: level  1  CFL = .313E+00  dt = 0.5000E+00  final t = 0.199000E+03
 AMRCLAW: level  1  CFL = .318E+00  dt = 0.5000E+00  final t = 0.199500E+03
 AMRCLAW: level  1  CFL = .325E+00  dt = 0.5000E+00  final t = 0.200000E+03
 AMRCLAW: level  1  CFL = .330E+00  dt = 0.5000E+00  final t = 0.200500E+03
 AMRCLAW: level  1  CFL = .335E+00  dt = 0.5000E+00  final t = 0.201000E+03
 AMRCLAW: level  1  CFL = .339E+00  dt = 0.5000E+00  final t = 0.201500E+03
 AMRCLAW: level  1  CFL = .344E+00  dt = 0.5000E+00  final t = 0.202000E+03
 AMRCLAW: level  1  CFL = .349E+00  dt = 0.5000E+00  final t = 0.202500E+03
 AMRCLAW: level  1  CFL = .353E+00  dt = 0.5000E+00  final t = 0.203000E+03
 AMRCLAW: level  1  CFL = .359E+00  dt = 0.5000E+00  final t = 0.203500E+03
 AMRCLAW: level  1  CFL = .363E+00  dt = 0.5000E+00  final t = 0.204000E+03
 AMRCLAW: level  1  CFL = .367E+00  dt = 0.5000E+00  final t = 0.204500E+03
 AMRCLAW: level  1  CFL = .371E+00  dt = 0.5000E+00  final t = 0.205000E+03
 AMRCLAW: level  1  CFL = .373E+00  dt = 0.5000E+00  final t = 0.205500E+03
 AMRCLAW: level  1  CFL = .376E+00  dt = 0.5000E+00  final t = 0.206000E+03
 AMRCLAW: level  1  CFL = .379E+00  dt = 0.5000E+00  final t = 0.206500E+03
 AMRCLAW: level  1  CFL = .382E+00  dt = 0.5000E+00  final t = 0.207000E+03
 AMRCLAW: level  1  CFL = .384E+00  dt = 0.5000E+00  final t = 0.207500E+03
 AMRCLAW: level  1  CFL = .386E+00  dt = 0.5000E+00  final t = 0.208000E+03
 AMRCLAW: level  1  CFL = .387E+00  dt = 0.5000E+00  final t = 0.208500E+03
 AMRCLAW: level  1  CFL = .388E+00  dt = 0.5000E+00  final t = 0.209000E+03
 AMRCLAW: level  1  CFL = .389E+00  dt = 0.5000E+00  final t = 0.209500E+03
 AMRCLAW: level  1  CFL = .390E+00  dt = 0.5000E+00  final t = 0.210000E+03
GEOCLAW: Frame    7 output files done at time t =  0.210000D+03

 AMRCLAW: level  1  CFL = .391E+00  dt = 0.5000E+00  final t = 0.210500E+03
 AMRCLAW: level  1  CFL = .391E+00  dt = 0.5000E+00  final t = 0.211000E+03
 AMRCLAW: level  1  CFL = .392E+00  dt = 0.5000E+00  final t = 0.211500E+03
 AMRCLAW: level  1  CFL = .392E+00  dt = 0.5000E+00  final t = 0.212000E+03
 AMRCLAW: level  1  CFL = .393E+00  dt = 0.5000E+00  final t = 0.212500E+03
 AMRCLAW: level  1  CFL = .393E+00  dt = 0.5000E+00  final t = 0.213000E+03
 AMRCLAW: level  1  CFL = .394E+00  dt = 0.5000E+00  final t = 0.213500E+03
 AMRCLAW: level  1  CFL = .394E+00  dt = 0.5000E+00  final t = 0.214000E+03
 AMRCLAW: level  1  CFL = .394E+00  dt = 0.5000E+00  final t = 0.214500E+03
 AMRCLAW: level  1  CFL = .395E+00  dt = 0.5000E+00  final t = 0.215000E+03
 AMRCLAW: level  1  CFL = .395E+00  dt = 0.5000E+00  final t = 0.215500E+03
 AMRCLAW: level  1  CFL = .395E+00  dt = 0.5000E+00  final t = 0.216000E+03
 AMRCLAW: level  1  CFL = .396E+00  dt = 0.5000E+00  final t = 0.216500E+03
 AMRCLAW: level  1  CFL = .396E+00  dt = 0.5000E+00  final t = 0.217000E+03
 AMRCLAW: level  1  CFL = .396E+00  dt = 0.5000E+00  final t = 0.217500E+03
 AMRCLAW: level  1  CFL = .397E+00  dt = 0.5000E+00  final t = 0.218000E+03
 AMRCLAW: level  1  CFL = .397E+00  dt = 0.5000E+00  final t = 0.218500E+03
 AMRCLAW: level  1  CFL = .397E+00  dt = 0.5000E+00  final t = 0.219000E+03
 AMRCLAW: level  1  CFL = .398E+00  dt = 0.5000E+00  final t = 0.219500E+03
 AMRCLAW: level  1  CFL = .398E+00  dt = 0.5000E+00  final t = 0.220000E+03
 AMRCLAW: level  1  CFL = .398E+00  dt = 0.5000E+00  final t = 0.220500E+03
 AMRCLAW: level  1  CFL = .398E+00  dt = 0.5000E+00  final t = 0.221000E+03
 AMRCLAW: level  1  CFL = .399E+00  dt = 0.5000E+00  final t = 0.221500E+03
 AMRCLAW: level  1  CFL = .399E+00  dt = 0.5000E+00  final t = 0.222000E+03
 AMRCLAW: level  1  CFL = .399E+00  dt = 0.5000E+00  final t = 0.222500E+03
 AMRCLAW: level  1  CFL = .399E+00  dt = 0.5000E+00  final t = 0.223000E+03
 AMRCLAW: level  1  CFL = .399E+00  dt = 0.5000E+00  final t = 0.223500E+03
 AMRCLAW: level  1  CFL = .400E+00  dt = 0.5000E+00  final t = 0.224000E+03
 AMRCLAW: level  1  CFL = .400E+00  dt = 0.5000E+00  final t = 0.224500E+03
 AMRCLAW: level  1  CFL = .400E+00  dt = 0.5000E+00  final t = 0.225000E+03
 AMRCLAW: level  1  CFL = .400E+00  dt = 0.5000E+00  final t = 0.225500E+03
 AMRCLAW: level  1  CFL = .400E+00  dt = 0.5000E+00  final t = 0.226000E+03
 AMRCLAW: level  1  CFL = .400E+00  dt = 0.5000E+00  final t = 0.226500E+03
 AMRCLAW: level  1  CFL = .401E+00  dt = 0.5000E+00  final t = 0.227000E+03
 AMRCLAW: level  1  CFL = .401E+00  dt = 0.5000E+00  final t = 0.227500E+03
 AMRCLAW: level  1  CFL = .401E+00  dt = 0.5000E+00  final t = 0.228000E+03
 AMRCLAW: level  1  CFL = .401E+00  dt = 0.5000E+00  final t = 0.228500E+03
 AMRCLAW: level  1  CFL = .401E+00  dt = 0.5000E+00  final t = 0.229000E+03
 AMRCLAW: level  1  CFL = .401E+00  dt = 0.5000E+00  final t = 0.229500E+03
 AMRCLAW: level  1  CFL = .401E+00  dt = 0.5000E+00  final t = 0.230000E+03
 AMRCLAW: level  1  CFL = .401E+00  dt = 0.5000E+00  final t = 0.230500E+03
 AMRCLAW: level  1  CFL = .401E+00  dt = 0.5000E+00  final t = 0.231000E+03
 AMRCLAW: level  1  CFL = .401E+00  dt = 0.5000E+00  final t = 0.231500E+03
 AMRCLAW: level  1  CFL = .401E+00  dt = 0.5000E+00  final t = 0.232000E+03
 AMRCLAW: level  1  CFL = .400E+00  dt = 0.5000E+00  final t = 0.232500E+03
 AMRCLAW: level  1  CFL = .400E+00  dt = 0.5000E+00  final t = 0.233000E+03
 AMRCLAW: level  1  CFL = .400E+00  dt = 0.5000E+00  final t = 0.233500E+03
 AMRCLAW: level  1  CFL = .400E+00  dt = 0.5000E+00  final t = 0.234000E+03
 AMRCLAW: level  1  CFL = .400E+00  dt = 0.5000E+00  final t = 0.234500E+03
 AMRCLAW: level  1  CFL = .399E+00  dt = 0.5000E+00  final t = 0.235000E+03
 AMRCLAW: level  1  CFL = .399E+00  dt = 0.5000E+00  final t = 0.235500E+03
 AMRCLAW: level  1  CFL = .399E+00  dt = 0.5000E+00  final t = 0.236000E+03
 AMRCLAW: level  1  CFL = .399E+00  dt = 0.5000E+00  final t = 0.236500E+03
 AMRCLAW: level  1  CFL = .398E+00  dt = 0.5000E+00  final t = 0.237000E+03
 AMRCLAW: level  1  CFL = .398E+00  dt = 0.5000E+00  final t = 0.237500E+03
 AMRCLAW: level  1  CFL = .398E+00  dt = 0.5000E+00  final t = 0.238000E+03
 AMRCLAW: level  1  CFL = .397E+00  dt = 0.5000E+00  final t = 0.238500E+03
 AMRCLAW: level  1  CFL = .397E+00  dt = 0.5000E+00  final t = 0.239000E+03
 AMRCLAW: level  1  CFL = .396E+00  dt = 0.5000E+00  final t = 0.239500E+03
 AMRCLAW: level  1  CFL = .396E+00  dt = 0.5000E+00  final t = 0.240000E+03
GEOCLAW: Frame    8 output files done at time t =  0.240000D+03

 AMRCLAW: level  1  CFL = .395E+00  dt = 0.5000E+00  final t = 0.240500E+03
 AMRCLAW: level  1  CFL = .395E+00  dt = 0.5000E+00  final t = 0.241000E+03
 AMRCLAW: level  1  CFL = .394E+00  dt = 0.5000E+00  final t = 0.241500E+03
 AMRCLAW: level  1  CFL = .394E+00  dt = 0.5000E+00  final t = 0.242000E+03
 AMRCLAW: level  1  CFL = .393E+00  dt = 0.5000E+00  final t = 0.242500E+03
 AMRCLAW: level  1  CFL = .392E+00  dt = 0.5000E+00  final t = 0.243000E+03
 AMRCLAW: level  1  CFL = .391E+00  dt = 0.5000E+00  final t = 0.243500E+03
 AMRCLAW: level  1  CFL = .390E+00  dt = 0.5000E+00  final t = 0.244000E+03
 AMRCLAW: level  1  CFL = .390E+00  dt = 0.5000E+00  final t = 0.244500E+03
 AMRCLAW: level  1  CFL = .389E+00  dt = 0.5000E+00  final t = 0.245000E+03
 AMRCLAW: level  1  CFL = .388E+00  dt = 0.5000E+00  final t = 0.245500E+03
 AMRCLAW: level  1  CFL = .387E+00  dt = 0.5000E+00  final t = 0.246000E+03
 AMRCLAW: level  1  CFL = .386E+00  dt = 0.5000E+00  final t = 0.246500E+03
 AMRCLAW: level  1  CFL = .385E+00  dt = 0.5000E+00  final t = 0.247000E+03
 AMRCLAW: level  1  CFL = .384E+00  dt = 0.5000E+00  final t = 0.247500E+03
 AMRCLAW: level  1  CFL = .383E+00  dt = 0.5000E+00  final t = 0.248000E+03
 AMRCLAW: level  1  CFL = .382E+00  dt = 0.5000E+00  final t = 0.248500E+03
 AMRCLAW: level  1  CFL = .381E+00  dt = 0.5000E+00  final t = 0.249000E+03
 AMRCLAW: level  1  CFL = .380E+00  dt = 0.5000E+00  final t = 0.249500E+03
 AMRCLAW: level  1  CFL = .379E+00  dt = 0.5000E+00  final t = 0.250000E+03
 AMRCLAW: level  1  CFL = .378E+00  dt = 0.5000E+00  final t = 0.250500E+03
 AMRCLAW: level  1  CFL = .377E+00  dt = 0.5000E+00  final t = 0.251000E+03
 AMRCLAW: level  1  CFL = .376E+00  dt = 0.5000E+00  final t = 0.251500E+03
 AMRCLAW: level  1  CFL = .375E+00  dt = 0.5000E+00  final t = 0.252000E+03
 AMRCLAW: level  1  CFL = .374E+00  dt = 0.5000E+00  final t = 0.252500E+03
 AMRCLAW: level  1  CFL = .374E+00  dt = 0.5000E+00  final t = 0.253000E+03
 AMRCLAW: level  1  CFL = .373E+00  dt = 0.5000E+00  final t = 0.253500E+03
 AMRCLAW: level  1  CFL = .372E+00  dt = 0.5000E+00  final t = 0.254000E+03
 AMRCLAW: level  1  CFL = .371E+00  dt = 0.5000E+00  final t = 0.254500E+03
 AMRCLAW: level  1  CFL = .370E+00  dt = 0.5000E+00  final t = 0.255000E+03
 AMRCLAW: level  1  CFL = .369E+00  dt = 0.5000E+00  final t = 0.255500E+03
 AMRCLAW: level  1  CFL = .368E+00  dt = 0.5000E+00  final t = 0.256000E+03
 AMRCLAW: level  1  CFL = .368E+00  dt = 0.5000E+00  final t = 0.256500E+03
 AMRCLAW: level  1  CFL = .367E+00  dt = 0.5000E+00  final t = 0.257000E+03
 AMRCLAW: level  1  CFL = .366E+00  dt = 0.5000E+00  final t = 0.257500E+03
 AMRCLAW: level  1  CFL = .365E+00  dt = 0.5000E+00  final t = 0.258000E+03
 AMRCLAW: level  1  CFL = .364E+00  dt = 0.5000E+00  final t = 0.258500E+03
 AMRCLAW: level  1  CFL = .363E+00  dt = 0.5000E+00  final t = 0.259000E+03
 AMRCLAW: level  1  CFL = .362E+00  dt = 0.5000E+00  final t = 0.259500E+03
 AMRCLAW: level  1  CFL = .361E+00  dt = 0.5000E+00  final t = 0.260000E+03
 AMRCLAW: level  1  CFL = .360E+00  dt = 0.5000E+00  final t = 0.260500E+03
 AMRCLAW: level  1  CFL = .358E+00  dt = 0.5000E+00  final t = 0.261000E+03
 AMRCLAW: level  1  CFL = .357E+00  dt = 0.5000E+00  final t = 0.261500E+03
 AMRCLAW: level  1  CFL = .356E+00  dt = 0.5000E+00  final t = 0.262000E+03
 AMRCLAW: level  1  CFL = .355E+00  dt = 0.5000E+00  final t = 0.262500E+03
 AMRCLAW: level  1  CFL = .354E+00  dt = 0.5000E+00  final t = 0.263000E+03
 AMRCLAW: level  1  CFL = .353E+00  dt = 0.5000E+00  final t = 0.263500E+03
 AMRCLAW: level  1  CFL = .352E+00  dt = 0.5000E+00  final t = 0.264000E+03
 AMRCLAW: level  1  CFL = .351E+00  dt = 0.5000E+00  final t = 0.264500E+03
 AMRCLAW: level  1  CFL = .350E+00  dt = 0.5000E+00  final t = 0.265000E+03
 AMRCLAW: level  1  CFL = .349E+00  dt = 0.5000E+00  final t = 0.265500E+03
 AMRCLAW: level  1  CFL = .349E+00  dt = 0.5000E+00  final t = 0.266000E+03
 AMRCLAW: level  1  CFL = .354E+00  dt = 0.5000E+00  final t = 0.266500E+03
 AMRCLAW: level  1  CFL = .358E+00  dt = 0.5000E+00  final t = 0.267000E+03
 AMRCLAW: level  1  CFL = .361E+00  dt = 0.5000E+00  final t = 0.267500E+03
 AMRCLAW: level  1  CFL = .364E+00  dt = 0.5000E+00  final t = 0.268000E+03
 AMRCLAW: level  1  CFL = .369E+00  dt = 0.5000E+00  final t = 0.268500E+03
 AMRCLAW: level  1  CFL = .372E+00  dt = 0.5000E+00  final t = 0.269000E+03
 AMRCLAW: level  1  CFL = .375E+00  dt = 0.5000E+00  final t = 0.269500E+03
 AMRCLAW: level  1  CFL = .378E+00  dt = 0.5000E+00  final t = 0.270000E+03
GEOCLAW: Frame    9 output files done at time t =  0.270000D+03

 AMRCLAW: level  1  CFL = .380E+00  dt = 0.5000E+00  final t = 0.270500E+03
 AMRCLAW: level  1  CFL = .377E+00  dt = 0.5000E+00  final t = 0.271000E+03
 AMRCLAW: level  1  CFL = .376E+00  dt = 0.5000E+00  final t = 0.271500E+03
 AMRCLAW: level  1  CFL = .376E+00  dt = 0.5000E+00  final t = 0.272000E+03
 AMRCLAW: level  1  CFL = .376E+00  dt = 0.5000E+00  final t = 0.272500E+03
 AMRCLAW: level  1  CFL = .377E+00  dt = 0.5000E+00  final t = 0.273000E+03
 AMRCLAW: level  1  CFL = .377E+00  dt = 0.5000E+00  final t = 0.273500E+03
 AMRCLAW: level  1  CFL = .377E+00  dt = 0.5000E+00  final t = 0.274000E+03
 AMRCLAW: level  1  CFL = .378E+00  dt = 0.5000E+00  final t = 0.274500E+03
 AMRCLAW: level  1  CFL = .378E+00  dt = 0.5000E+00  final t = 0.275000E+03
 AMRCLAW: level  1  CFL = .379E+00  dt = 0.5000E+00  final t = 0.275500E+03
 AMRCLAW: level  1  CFL = .379E+00  dt = 0.5000E+00  final t = 0.276000E+03
 AMRCLAW: level  1  CFL = .379E+00  dt = 0.5000E+00  final t = 0.276500E+03
 AMRCLAW: level  1  CFL = .380E+00  dt = 0.5000E+00  final t = 0.277000E+03
 AMRCLAW: level  1  CFL = .380E+00  dt = 0.5000E+00  final t = 0.277500E+03
 AMRCLAW: level  1  CFL = .380E+00  dt = 0.5000E+00  final t = 0.278000E+03
 AMRCLAW: level  1  CFL = .380E+00  dt = 0.5000E+00  final t = 0.278500E+03
 AMRCLAW: level  1  CFL = .383E+00  dt = 0.5000E+00  final t = 0.279000E+03
 AMRCLAW: level  1  CFL = .385E+00  dt = 0.5000E+00  final t = 0.279500E+03
 AMRCLAW: level  1  CFL = .387E+00  dt = 0.5000E+00  final t = 0.280000E+03
 AMRCLAW: level  1  CFL = .388E+00  dt = 0.5000E+00  final t = 0.280500E+03
 AMRCLAW: level  1  CFL = .390E+00  dt = 0.5000E+00  final t = 0.281000E+03
 AMRCLAW: level  1  CFL = .391E+00  dt = 0.5000E+00  final t = 0.281500E+03
 AMRCLAW: level  1  CFL = .392E+00  dt = 0.5000E+00  final t = 0.282000E+03
 AMRCLAW: level  1  CFL = .392E+00  dt = 0.5000E+00  final t = 0.282500E+03
 AMRCLAW: level  1  CFL = .393E+00  dt = 0.5000E+00  final t = 0.283000E+03
 AMRCLAW: level  1  CFL = .394E+00  dt = 0.5000E+00  final t = 0.283500E+03
 AMRCLAW: level  1  CFL = .394E+00  dt = 0.5000E+00  final t = 0.284000E+03
 AMRCLAW: level  1  CFL = .395E+00  dt = 0.5000E+00  final t = 0.284500E+03
 AMRCLAW: level  1  CFL = .395E+00  dt = 0.5000E+00  final t = 0.285000E+03
 AMRCLAW: level  1  CFL = .395E+00  dt = 0.5000E+00  final t = 0.285500E+03
 AMRCLAW: level  1  CFL = .396E+00  dt = 0.5000E+00  final t = 0.286000E+03
 AMRCLAW: level  1  CFL = .396E+00  dt = 0.5000E+00  final t = 0.286500E+03
 AMRCLAW: level  1  CFL = .396E+00  dt = 0.5000E+00  final t = 0.287000E+03
 AMRCLAW: level  1  CFL = .396E+00  dt = 0.5000E+00  final t = 0.287500E+03
 AMRCLAW: level  1  CFL = .397E+00  dt = 0.5000E+00  final t = 0.288000E+03
 AMRCLAW: level  1  CFL = .397E+00  dt = 0.5000E+00  final t = 0.288500E+03
 AMRCLAW: level  1  CFL = .397E+00  dt = 0.5000E+00  final t = 0.289000E+03
 AMRCLAW: level  1  CFL = .398E+00  dt = 0.5000E+00  final t = 0.289500E+03
 AMRCLAW: level  1  CFL = .398E+00  dt = 0.5000E+00  final t = 0.290000E+03
 AMRCLAW: level  1  CFL = .398E+00  dt = 0.5000E+00  final t = 0.290500E+03
 AMRCLAW: level  1  CFL = .399E+00  dt = 0.5000E+00  final t = 0.291000E+03
 AMRCLAW: level  1  CFL = .399E+00  dt = 0.5000E+00  final t = 0.291500E+03
 AMRCLAW: level  1  CFL = .399E+00  dt = 0.5000E+00  final t = 0.292000E+03
 AMRCLAW: level  1  CFL = .399E+00  dt = 0.5000E+00  final t = 0.292500E+03
 AMRCLAW: level  1  CFL = .400E+00  dt = 0.5000E+00  final t = 0.293000E+03
 AMRCLAW: level  1  CFL = .400E+00  dt = 0.5000E+00  final t = 0.293500E+03
 AMRCLAW: level  1  CFL = .400E+00  dt = 0.5000E+00  final t = 0.294000E+03
 AMRCLAW: level  1  CFL = .400E+00  dt = 0.5000E+00  final t = 0.294500E+03
 AMRCLAW: level  1  CFL = .400E+00  dt = 0.5000E+00  final t = 0.295000E+03
 AMRCLAW: level  1  CFL = .400E+00  dt = 0.5000E+00  final t = 0.295500E+03
 AMRCLAW: level  1  CFL = .401E+00  dt = 0.5000E+00  final t = 0.296000E+03
 AMRCLAW: level  1  CFL = .401E+00  dt = 0.5000E+00  final t = 0.296500E+03
 AMRCLAW: level  1  CFL = .401E+00  dt = 0.5000E+00  final t = 0.297000E+03
 AMRCLAW: level  1  CFL = .401E+00  dt = 0.5000E+00  final t = 0.297500E+03
 AMRCLAW: level  1  CFL = .401E+00  dt = 0.5000E+00  final t = 0.298000E+03
 AMRCLAW: level  1  CFL = .400E+00  dt = 0.5000E+00  final t = 0.298500E+03
 AMRCLAW: level  1  CFL = .400E+00  dt = 0.5000E+00  final t = 0.299000E+03
 AMRCLAW: level  1  CFL = .400E+00  dt = 0.5000E+00  final t = 0.299500E+03
 AMRCLAW: level  1  CFL = .400E+00  dt = 0.5000E+00  final t = 0.300000E+03
GEOCLAW: Frame   10 output files done at time t =  0.300000D+03

 AMRCLAW: level  1  CFL = .400E+00  dt = 0.5000E+00  final t = 0.300500E+03
 AMRCLAW: level  1  CFL = .400E+00  dt = 0.5000E+00  final t = 0.301000E+03
 AMRCLAW: level  1  CFL = .400E+00  dt = 0.5000E+00  final t = 0.301500E+03
 AMRCLAW: level  1  CFL = .399E+00  dt = 0.5000E+00  final t = 0.302000E+03
 AMRCLAW: level  1  CFL = .399E+00  dt = 0.5000E+00  final t = 0.302500E+03
 AMRCLAW: level  1  CFL = .399E+00  dt = 0.5000E+00  final t = 0.303000E+03
 AMRCLAW: level  1  CFL = .398E+00  dt = 0.5000E+00  final t = 0.303500E+03
 AMRCLAW: level  1  CFL = .398E+00  dt = 0.5000E+00  final t = 0.304000E+03
 AMRCLAW: level  1  CFL = .398E+00  dt = 0.5000E+00  final t = 0.304500E+03
 AMRCLAW: level  1  CFL = .398E+00  dt = 0.5000E+00  final t = 0.305000E+03
 AMRCLAW: level  1  CFL = .397E+00  dt = 0.5000E+00  final t = 0.305500E+03
 AMRCLAW: level  1  CFL = .397E+00  dt = 0.5000E+00  final t = 0.306000E+03
 AMRCLAW: level  1  CFL = .397E+00  dt = 0.5000E+00  final t = 0.306500E+03
 AMRCLAW: level  1  CFL = .396E+00  dt = 0.5000E+00  final t = 0.307000E+03
 AMRCLAW: level  1  CFL = .396E+00  dt = 0.5000E+00  final t = 0.307500E+03
 AMRCLAW: level  1  CFL = .396E+00  dt = 0.5000E+00  final t = 0.308000E+03
 AMRCLAW: level  1  CFL = .396E+00  dt = 0.5000E+00  final t = 0.308500E+03
 AMRCLAW: level  1  CFL = .395E+00  dt = 0.5000E+00  final t = 0.309000E+03
 AMRCLAW: level  1  CFL = .395E+00  dt = 0.5000E+00  final t = 0.309500E+03
 AMRCLAW: level  1  CFL = .395E+00  dt = 0.5000E+00  final t = 0.310000E+03
 AMRCLAW: level  1  CFL = .394E+00  dt = 0.5000E+00  final t = 0.310500E+03
 AMRCLAW: level  1  CFL = .394E+00  dt = 0.5000E+00  final t = 0.311000E+03
 AMRCLAW: level  1  CFL = .394E+00  dt = 0.5000E+00  final t = 0.311500E+03
 AMRCLAW: level  1  CFL = .393E+00  dt = 0.5000E+00  final t = 0.312000E+03
 AMRCLAW: level  1  CFL = .393E+00  dt = 0.5000E+00  final t = 0.312500E+03
 AMRCLAW: level  1  CFL = .392E+00  dt = 0.5000E+00  final t = 0.313000E+03
 AMRCLAW: level  1  CFL = .392E+00  dt = 0.5000E+00  final t = 0.313500E+03
 AMRCLAW: level  1  CFL = .391E+00  dt = 0.5000E+00  final t = 0.314000E+03
 AMRCLAW: level  1  CFL = .391E+00  dt = 0.5000E+00  final t = 0.314500E+03
 AMRCLAW: level  1  CFL = .390E+00  dt = 0.5000E+00  final t = 0.315000E+03
 AMRCLAW: level  1  CFL = .390E+00  dt = 0.5000E+00  final t = 0.315500E+03
 AMRCLAW: level  1  CFL = .389E+00  dt = 0.5000E+00  final t = 0.316000E+03
 AMRCLAW: level  1  CFL = .389E+00  dt = 0.5000E+00  final t = 0.316500E+03
 AMRCLAW: level  1  CFL = .389E+00  dt = 0.5000E+00  final t = 0.317000E+03
 AMRCLAW: level  1  CFL = .388E+00  dt = 0.5000E+00  final t = 0.317500E+03
 AMRCLAW: level  1  CFL = .388E+00  dt = 0.5000E+00  final t = 0.318000E+03
 AMRCLAW: level  1  CFL = .387E+00  dt = 0.5000E+00  final t = 0.318500E+03
 AMRCLAW: level  1  CFL = .387E+00  dt = 0.5000E+00  final t = 0.319000E+03
 AMRCLAW: level  1  CFL = .387E+00  dt = 0.5000E+00  final t = 0.319500E+03
 AMRCLAW: level  1  CFL = .386E+00  dt = 0.5000E+00  final t = 0.320000E+03
 AMRCLAW: level  1  CFL = .386E+00  dt = 0.5000E+00  final t = 0.320500E+03
 AMRCLAW: level  1  CFL = .385E+00  dt = 0.5000E+00  final t = 0.321000E+03
 AMRCLAW: level  1  CFL = .385E+00  dt = 0.5000E+00  final t = 0.321500E+03
 AMRCLAW: level  1  CFL = .385E+00  dt = 0.5000E+00  final t = 0.322000E+03
 AMRCLAW: level  1  CFL = .384E+00  dt = 0.5000E+00  final t = 0.322500E+03
 AMRCLAW: level  1  CFL = .384E+00  dt = 0.5000E+00  final t = 0.323000E+03
 AMRCLAW: level  1  CFL = .383E+00  dt = 0.5000E+00  final t = 0.323500E+03
 AMRCLAW: level  1  CFL = .383E+00  dt = 0.5000E+00  final t = 0.324000E+03
 AMRCLAW: level  1  CFL = .383E+00  dt = 0.5000E+00  final t = 0.324500E+03
 AMRCLAW: level  1  CFL = .382E+00  dt = 0.5000E+00  final t = 0.325000E+03
 AMRCLAW: level  1  CFL = .382E+00  dt = 0.5000E+00  final t = 0.325500E+03
 AMRCLAW: level  1  CFL = .381E+00  dt = 0.5000E+00  final t = 0.326000E+03
 AMRCLAW: level  1  CFL = .381E+00  dt = 0.5000E+00  final t = 0.326500E+03
 AMRCLAW: level  1  CFL = .380E+00  dt = 0.5000E+00  final t = 0.327000E+03
 AMRCLAW: level  1  CFL = .380E+00  dt = 0.5000E+00  final t = 0.327500E+03
 AMRCLAW: level  1  CFL = .379E+00  dt = 0.5000E+00  final t = 0.328000E+03
 AMRCLAW: level  1  CFL = .379E+00  dt = 0.5000E+00  final t = 0.328500E+03
 AMRCLAW: level  1  CFL = .378E+00  dt = 0.5000E+00  final t = 0.329000E+03
 AMRCLAW: level  1  CFL = .378E+00  dt = 0.5000E+00  final t = 0.329500E+03
 AMRCLAW: level  1  CFL = .377E+00  dt = 0.5000E+00  final t = 0.330000E+03
GEOCLAW: Frame   11 output files done at time t =  0.330000D+03

 AMRCLAW: level  1  CFL = .377E+00  dt = 0.5000E+00  final t = 0.330500E+03
 AMRCLAW: level  1  CFL = .376E+00  dt = 0.5000E+00  final t = 0.331000E+03
 AMRCLAW: level  1  CFL = .376E+00  dt = 0.5000E+00  final t = 0.331500E+03
 AMRCLAW: level  1  CFL = .375E+00  dt = 0.5000E+00  final t = 0.332000E+03
 AMRCLAW: level  1  CFL = .374E+00  dt = 0.5000E+00  final t = 0.332500E+03
 AMRCLAW: level  1  CFL = .374E+00  dt = 0.5000E+00  final t = 0.333000E+03
 AMRCLAW: level  1  CFL = .373E+00  dt = 0.5000E+00  final t = 0.333500E+03
 AMRCLAW: level  1  CFL = .373E+00  dt = 0.5000E+00  final t = 0.334000E+03
 AMRCLAW: level  1  CFL = .372E+00  dt = 0.5000E+00  final t = 0.334500E+03
 AMRCLAW: level  1  CFL = .372E+00  dt = 0.5000E+00  final t = 0.335000E+03
 AMRCLAW: level  1  CFL = .371E+00  dt = 0.5000E+00  final t = 0.335500E+03
 AMRCLAW: level  1  CFL = .370E+00  dt = 0.5000E+00  final t = 0.336000E+03
 AMRCLAW: level  1  CFL = .370E+00  dt = 0.5000E+00  final t = 0.336500E+03
 AMRCLAW: level  1  CFL = .369E+00  dt = 0.5000E+00  final t = 0.337000E+03
 AMRCLAW: level  1  CFL = .368E+00  dt = 0.5000E+00  final t = 0.337500E+03
 AMRCLAW: level  1  CFL = .367E+00  dt = 0.5000E+00  final t = 0.338000E+03
 AMRCLAW: level  1  CFL = .366E+00  dt = 0.5000E+00  final t = 0.338500E+03
 AMRCLAW: level  1  CFL = .365E+00  dt = 0.5000E+00  final t = 0.339000E+03
 AMRCLAW: level  1  CFL = .363E+00  dt = 0.5000E+00  final t = 0.339500E+03
 AMRCLAW: level  1  CFL = .362E+00  dt = 0.5000E+00  final t = 0.340000E+03
 AMRCLAW: level  1  CFL = .362E+00  dt = 0.5000E+00  final t = 0.340500E+03
 AMRCLAW: level  1  CFL = .361E+00  dt = 0.5000E+00  final t = 0.341000E+03
 AMRCLAW: level  1  CFL = .360E+00  dt = 0.5000E+00  final t = 0.341500E+03
 AMRCLAW: level  1  CFL = .360E+00  dt = 0.5000E+00  final t = 0.342000E+03
 AMRCLAW: level  1  CFL = .360E+00  dt = 0.5000E+00  final t = 0.342500E+03
 AMRCLAW: level  1  CFL = .359E+00  dt = 0.5000E+00  final t = 0.343000E+03
 AMRCLAW: level  1  CFL = .359E+00  dt = 0.5000E+00  final t = 0.343500E+03
 AMRCLAW: level  1  CFL = .359E+00  dt = 0.5000E+00  final t = 0.344000E+03
 AMRCLAW: level  1  CFL = .359E+00  dt = 0.5000E+00  final t = 0.344500E+03
 AMRCLAW: level  1  CFL = .358E+00  dt = 0.5000E+00  final t = 0.345000E+03
 AMRCLAW: level  1  CFL = .358E+00  dt = 0.5000E+00  final t = 0.345500E+03
 AMRCLAW: level  1  CFL = .358E+00  dt = 0.5000E+00  final t = 0.346000E+03
 AMRCLAW: level  1  CFL = .358E+00  dt = 0.5000E+00  final t = 0.346500E+03
 AMRCLAW: level  1  CFL = .357E+00  dt = 0.5000E+00  final t = 0.347000E+03
 AMRCLAW: level  1  CFL = .357E+00  dt = 0.5000E+00  final t = 0.347500E+03
 AMRCLAW: level  1  CFL = .357E+00  dt = 0.5000E+00  final t = 0.348000E+03
 AMRCLAW: level  1  CFL = .357E+00  dt = 0.5000E+00  final t = 0.348500E+03
 AMRCLAW: level  1  CFL = .356E+00  dt = 0.5000E+00  final t = 0.349000E+03
 AMRCLAW: level  1  CFL = .356E+00  dt = 0.5000E+00  final t = 0.349500E+03
 AMRCLAW: level  1  CFL = .356E+00  dt = 0.5000E+00  final t = 0.350000E+03
 AMRCLAW: level  1  CFL = .355E+00  dt = 0.5000E+00  final t = 0.350500E+03
 AMRCLAW: level  1  CFL = .355E+00  dt = 0.5000E+00  final t = 0.351000E+03
 AMRCLAW: level  1  CFL = .354E+00  dt = 0.5000E+00  final t = 0.351500E+03
 AMRCLAW: level  1  CFL = .354E+00  dt = 0.5000E+00  final t = 0.352000E+03
 AMRCLAW: level  1  CFL = .354E+00  dt = 0.5000E+00  final t = 0.352500E+03
 AMRCLAW: level  1  CFL = .353E+00  dt = 0.5000E+00  final t = 0.353000E+03
 AMRCLAW: level  1  CFL = .353E+00  dt = 0.5000E+00  final t = 0.353500E+03
 AMRCLAW: level  1  CFL = .353E+00  dt = 0.5000E+00  final t = 0.354000E+03
 AMRCLAW: level  1  CFL = .352E+00  dt = 0.5000E+00  final t = 0.354500E+03
 AMRCLAW: level  1  CFL = .352E+00  dt = 0.5000E+00  final t = 0.355000E+03
 AMRCLAW: level  1  CFL = .351E+00  dt = 0.5000E+00  final t = 0.355500E+03
 AMRCLAW: level  1  CFL = .351E+00  dt = 0.5000E+00  final t = 0.356000E+03
 AMRCLAW: level  1  CFL = .351E+00  dt = 0.5000E+00  final t = 0.356500E+03
 AMRCLAW: level  1  CFL = .350E+00  dt = 0.5000E+00  final t = 0.357000E+03
 AMRCLAW: level  1  CFL = .350E+00  dt = 0.5000E+00  final t = 0.357500E+03
 AMRCLAW: level  1  CFL = .349E+00  dt = 0.5000E+00  final t = 0.358000E+03
 AMRCLAW: level  1  CFL = .349E+00  dt = 0.5000E+00  final t = 0.358500E+03
 AMRCLAW: level  1  CFL = .349E+00  dt = 0.5000E+00  final t = 0.359000E+03
 AMRCLAW: level  1  CFL = .348E+00  dt = 0.5000E+00  final t = 0.359500E+03
 AMRCLAW: level  1  CFL = .348E+00  dt = 0.5000E+00  final t = 0.360000E+03
GEOCLAW: Frame   12 output files done at time t =  0.360000D+03

 AMRCLAW: level  1  CFL = .347E+00  dt = 0.5000E+00  final t = 0.360500E+03
 AMRCLAW: level  1  CFL = .347E+00  dt = 0.5000E+00  final t = 0.361000E+03
 AMRCLAW: level  1  CFL = .346E+00  dt = 0.5000E+00  final t = 0.361500E+03
 AMRCLAW: level  1  CFL = .346E+00  dt = 0.5000E+00  final t = 0.362000E+03
 AMRCLAW: level  1  CFL = .346E+00  dt = 0.5000E+00  final t = 0.362500E+03
 AMRCLAW: level  1  CFL = .345E+00  dt = 0.5000E+00  final t = 0.363000E+03
 AMRCLAW: level  1  CFL = .345E+00  dt = 0.5000E+00  final t = 0.363500E+03
 AMRCLAW: level  1  CFL = .344E+00  dt = 0.5000E+00  final t = 0.364000E+03
 AMRCLAW: level  1  CFL = .344E+00  dt = 0.5000E+00  final t = 0.364500E+03
 AMRCLAW: level  1  CFL = .344E+00  dt = 0.5000E+00  final t = 0.365000E+03
 AMRCLAW: level  1  CFL = .343E+00  dt = 0.5000E+00  final t = 0.365500E+03
 AMRCLAW: level  1  CFL = .344E+00  dt = 0.5000E+00  final t = 0.366000E+03
 AMRCLAW: level  1  CFL = .351E+00  dt = 0.5000E+00  final t = 0.366500E+03
 AMRCLAW: level  1  CFL = .358E+00  dt = 0.5000E+00  final t = 0.367000E+03
 AMRCLAW: level  1  CFL = .364E+00  dt = 0.5000E+00  final t = 0.367500E+03
 AMRCLAW: level  1  CFL = .369E+00  dt = 0.5000E+00  final t = 0.368000E+03
 AMRCLAW: level  1  CFL = .373E+00  dt = 0.5000E+00  final t = 0.368500E+03
 AMRCLAW: level  1  CFL = .377E+00  dt = 0.5000E+00  final t = 0.369000E+03
 AMRCLAW: level  1  CFL = .380E+00  dt = 0.5000E+00  final t = 0.369500E+03
 AMRCLAW: level  1  CFL = .385E+00  dt = 0.5000E+00  final t = 0.370000E+03
 AMRCLAW: level  1  CFL = .389E+00  dt = 0.5000E+00  final t = 0.370500E+03
 AMRCLAW: level  1  CFL = .392E+00  dt = 0.5000E+00  final t = 0.371000E+03
 AMRCLAW: level  1  CFL = .394E+00  dt = 0.5000E+00  final t = 0.371500E+03
 AMRCLAW: level  1  CFL = .397E+00  dt = 0.5000E+00  final t = 0.372000E+03
 AMRCLAW: level  1  CFL = .398E+00  dt = 0.5000E+00  final t = 0.372500E+03
 AMRCLAW: level  1  CFL = .400E+00  dt = 0.5000E+00  final t = 0.373000E+03
 AMRCLAW: level  1  CFL = .401E+00  dt = 0.5000E+00  final t = 0.373500E+03
 AMRCLAW: level  1  CFL = .402E+00  dt = 0.5000E+00  final t = 0.374000E+03
 AMRCLAW: level  1  CFL = .403E+00  dt = 0.5000E+00  final t = 0.374500E+03
 AMRCLAW: level  1  CFL = .404E+00  dt = 0.5000E+00  final t = 0.375000E+03
 AMRCLAW: level  1  CFL = .404E+00  dt = 0.5000E+00  final t = 0.375500E+03
 AMRCLAW: level  1  CFL = .405E+00  dt = 0.5000E+00  final t = 0.376000E+03
 AMRCLAW: level  1  CFL = .405E+00  dt = 0.5000E+00  final t = 0.376500E+03
 AMRCLAW: level  1  CFL = .405E+00  dt = 0.5000E+00  final t = 0.377000E+03
 AMRCLAW: level  1  CFL = .405E+00  dt = 0.5000E+00  final t = 0.377500E+03
 AMRCLAW: level  1  CFL = .405E+00  dt = 0.5000E+00  final t = 0.378000E+03
 AMRCLAW: level  1  CFL = .405E+00  dt = 0.5000E+00  final t = 0.378500E+03
 AMRCLAW: level  1  CFL = .405E+00  dt = 0.5000E+00  final t = 0.379000E+03
 AMRCLAW: level  1  CFL = .405E+00  dt = 0.5000E+00  final t = 0.379500E+03
 AMRCLAW: level  1  CFL = .405E+00  dt = 0.5000E+00  final t = 0.380000E+03
 AMRCLAW: level  1  CFL = .405E+00  dt = 0.5000E+00  final t = 0.380500E+03
 AMRCLAW: level  1  CFL = .405E+00  dt = 0.5000E+00  final t = 0.381000E+03
 AMRCLAW: level  1  CFL = .404E+00  dt = 0.5000E+00  final t = 0.381500E+03
 AMRCLAW: level  1  CFL = .404E+00  dt = 0.5000E+00  final t = 0.382000E+03
 AMRCLAW: level  1  CFL = .404E+00  dt = 0.5000E+00  final t = 0.382500E+03
 AMRCLAW: level  1  CFL = .404E+00  dt = 0.5000E+00  final t = 0.383000E+03
 AMRCLAW: level  1  CFL = .404E+00  dt = 0.5000E+00  final t = 0.383500E+03
 AMRCLAW: level  1  CFL = .403E+00  dt = 0.5000E+00  final t = 0.384000E+03
 AMRCLAW: level  1  CFL = .403E+00  dt = 0.5000E+00  final t = 0.384500E+03
 AMRCLAW: level  1  CFL = .403E+00  dt = 0.5000E+00  final t = 0.385000E+03
 AMRCLAW: level  1  CFL = .403E+00  dt = 0.5000E+00  final t = 0.385500E+03
 AMRCLAW: level  1  CFL = .403E+00  dt = 0.5000E+00  final t = 0.386000E+03
 AMRCLAW: level  1  CFL = .402E+00  dt = 0.5000E+00  final t = 0.386500E+03
 AMRCLAW: level  1  CFL = .402E+00  dt = 0.5000E+00  final t = 0.387000E+03
 AMRCLAW: level  1  CFL = .402E+00  dt = 0.5000E+00  final t = 0.387500E+03
 AMRCLAW: level  1  CFL = .402E+00  dt = 0.5000E+00  final t = 0.388000E+03
 AMRCLAW: level  1  CFL = .401E+00  dt = 0.5000E+00  final t = 0.388500E+03
 AMRCLAW: level  1  CFL = .401E+00  dt = 0.5000E+00  final t = 0.389000E+03
 AMRCLAW: level  1  CFL = .401E+00  dt = 0.5000E+00  final t = 0.389500E+03
 AMRCLAW: level  1  CFL = .401E+00  dt = 0.5000E+00  final t = 0.390000E+03
GEOCLAW: Frame   13 output files done at time t =  0.390000D+03

 AMRCLAW: level  1  CFL = .400E+00  dt = 0.5000E+00  final t = 0.390500E+03
 AMRCLAW: level  1  CFL = .400E+00  dt = 0.5000E+00  final t = 0.391000E+03
 AMRCLAW: level  1  CFL = .400E+00  dt = 0.5000E+00  final t = 0.391500E+03
 AMRCLAW: level  1  CFL = .400E+00  dt = 0.5000E+00  final t = 0.392000E+03
 AMRCLAW: level  1  CFL = .399E+00  dt = 0.5000E+00  final t = 0.392500E+03
 AMRCLAW: level  1  CFL = .399E+00  dt = 0.5000E+00  final t = 0.393000E+03
 AMRCLAW: level  1  CFL = .399E+00  dt = 0.5000E+00  final t = 0.393500E+03
 AMRCLAW: level  1  CFL = .398E+00  dt = 0.5000E+00  final t = 0.394000E+03
 AMRCLAW: level  1  CFL = .398E+00  dt = 0.5000E+00  final t = 0.394500E+03
 AMRCLAW: level  1  CFL = .398E+00  dt = 0.5000E+00  final t = 0.395000E+03
 AMRCLAW: level  1  CFL = .398E+00  dt = 0.5000E+00  final t = 0.395500E+03
 AMRCLAW: level  1  CFL = .397E+00  dt = 0.5000E+00  final t = 0.396000E+03
 AMRCLAW: level  1  CFL = .397E+00  dt = 0.5000E+00  final t = 0.396500E+03
 AMRCLAW: level  1  CFL = .397E+00  dt = 0.5000E+00  final t = 0.397000E+03
 AMRCLAW: level  1  CFL = .396E+00  dt = 0.5000E+00  final t = 0.397500E+03
 AMRCLAW: level  1  CFL = .396E+00  dt = 0.5000E+00  final t = 0.398000E+03
 AMRCLAW: level  1  CFL = .396E+00  dt = 0.5000E+00  final t = 0.398500E+03
 AMRCLAW: level  1  CFL = .396E+00  dt = 0.5000E+00  final t = 0.399000E+03
 AMRCLAW: level  1  CFL = .396E+00  dt = 0.5000E+00  final t = 0.399500E+03
 AMRCLAW: level  1  CFL = .396E+00  dt = 0.5000E+00  final t = 0.400000E+03
 AMRCLAW: level  1  CFL = .396E+00  dt = 0.5000E+00  final t = 0.400500E+03
 AMRCLAW: level  1  CFL = .396E+00  dt = 0.5000E+00  final t = 0.401000E+03
 AMRCLAW: level  1  CFL = .396E+00  dt = 0.5000E+00  final t = 0.401500E+03
 AMRCLAW: level  1  CFL = .396E+00  dt = 0.5000E+00  final t = 0.402000E+03
 AMRCLAW: level  1  CFL = .396E+00  dt = 0.5000E+00  final t = 0.402500E+03
 AMRCLAW: level  1  CFL = .396E+00  dt = 0.5000E+00  final t = 0.403000E+03
 AMRCLAW: level  1  CFL = .396E+00  dt = 0.5000E+00  final t = 0.403500E+03
 AMRCLAW: level  1  CFL = .396E+00  dt = 0.5000E+00  final t = 0.404000E+03
 AMRCLAW: level  1  CFL = .396E+00  dt = 0.5000E+00  final t = 0.404500E+03
 AMRCLAW: level  1  CFL = .395E+00  dt = 0.5000E+00  final t = 0.405000E+03
 AMRCLAW: level  1  CFL = .395E+00  dt = 0.5000E+00  final t = 0.405500E+03
 AMRCLAW: level  1  CFL = .395E+00  dt = 0.5000E+00  final t = 0.406000E+03
 AMRCLAW: level  1  CFL = .395E+00  dt = 0.5000E+00  final t = 0.406500E+03
 AMRCLAW: level  1  CFL = .394E+00  dt = 0.5000E+00  final t = 0.407000E+03
 AMRCLAW: level  1  CFL = .394E+00  dt = 0.5000E+00  final t = 0.407500E+03
 AMRCLAW: level  1  CFL = .394E+00  dt = 0.5000E+00  final t = 0.408000E+03
 AMRCLAW: level  1  CFL = .394E+00  dt = 0.5000E+00  final t = 0.408500E+03
 AMRCLAW: level  1  CFL = .393E+00  dt = 0.5000E+00  final t = 0.409000E+03
 AMRCLAW: level  1  CFL = .393E+00  dt = 0.5000E+00  final t = 0.409500E+03
 AMRCLAW: level  1  CFL = .393E+00  dt = 0.5000E+00  final t = 0.410000E+03
 AMRCLAW: level  1  CFL = .392E+00  dt = 0.5000E+00  final t = 0.410500E+03
 AMRCLAW: level  1  CFL = .392E+00  dt = 0.5000E+00  final t = 0.411000E+03
 AMRCLAW: level  1  CFL = .392E+00  dt = 0.5000E+00  final t = 0.411500E+03
 AMRCLAW: level  1  CFL = .391E+00  dt = 0.5000E+00  final t = 0.412000E+03
 AMRCLAW: level  1  CFL = .391E+00  dt = 0.5000E+00  final t = 0.412500E+03
 AMRCLAW: level  1  CFL = .391E+00  dt = 0.5000E+00  final t = 0.413000E+03
 AMRCLAW: level  1  CFL = .391E+00  dt = 0.5000E+00  final t = 0.413500E+03
 AMRCLAW: level  1  CFL = .390E+00  dt = 0.5000E+00  final t = 0.414000E+03
 AMRCLAW: level  1  CFL = .390E+00  dt = 0.5000E+00  final t = 0.414500E+03
 AMRCLAW: level  1  CFL = .390E+00  dt = 0.5000E+00  final t = 0.415000E+03
 AMRCLAW: level  1  CFL = .389E+00  dt = 0.5000E+00  final t = 0.415500E+03
 AMRCLAW: level  1  CFL = .389E+00  dt = 0.5000E+00  final t = 0.416000E+03
 AMRCLAW: level  1  CFL = .388E+00  dt = 0.5000E+00  final t = 0.416500E+03
 AMRCLAW: level  1  CFL = .388E+00  dt = 0.5000E+00  final t = 0.417000E+03
 AMRCLAW: level  1  CFL = .388E+00  dt = 0.5000E+00  final t = 0.417500E+03
 AMRCLAW: level  1  CFL = .387E+00  dt = 0.5000E+00  final t = 0.418000E+03
 AMRCLAW: level  1  CFL = .387E+00  dt = 0.5000E+00  final t = 0.418500E+03
 AMRCLAW: level  1  CFL = .387E+00  dt = 0.5000E+00  final t = 0.419000E+03
 AMRCLAW: level  1  CFL = .387E+00  dt = 0.5000E+00  final t = 0.419500E+03
 AMRCLAW: level  1  CFL = .386E+00  dt = 0.5000E+00  final t = 0.420000E+03
GEOCLAW: Frame   14 output files done at time t =  0.420000D+03

 AMRCLAW: level  1  CFL = .386E+00  dt = 0.5000E+00  final t = 0.420500E+03
 AMRCLAW: level  1  CFL = .386E+00  dt = 0.5000E+00  final t = 0.421000E+03
 AMRCLAW: level  1  CFL = .386E+00  dt = 0.5000E+00  final t = 0.421500E+03
 AMRCLAW: level  1  CFL = .386E+00  dt = 0.5000E+00  final t = 0.422000E+03
 AMRCLAW: level  1  CFL = .385E+00  dt = 0.5000E+00  final t = 0.422500E+03
 AMRCLAW: level  1  CFL = .385E+00  dt = 0.5000E+00  final t = 0.423000E+03
 AMRCLAW: level  1  CFL = .385E+00  dt = 0.5000E+00  final t = 0.423500E+03
 AMRCLAW: level  1  CFL = .385E+00  dt = 0.5000E+00  final t = 0.424000E+03
 AMRCLAW: level  1  CFL = .385E+00  dt = 0.5000E+00  final t = 0.424500E+03
 AMRCLAW: level  1  CFL = .384E+00  dt = 0.5000E+00  final t = 0.425000E+03
 AMRCLAW: level  1  CFL = .384E+00  dt = 0.5000E+00  final t = 0.425500E+03
 AMRCLAW: level  1  CFL = .384E+00  dt = 0.5000E+00  final t = 0.426000E+03
 AMRCLAW: level  1  CFL = .383E+00  dt = 0.5000E+00  final t = 0.426500E+03
 AMRCLAW: level  1  CFL = .383E+00  dt = 0.5000E+00  final t = 0.427000E+03
 AMRCLAW: level  1  CFL = .383E+00  dt = 0.5000E+00  final t = 0.427500E+03
 AMRCLAW: level  1  CFL = .382E+00  dt = 0.5000E+00  final t = 0.428000E+03
 AMRCLAW: level  1  CFL = .382E+00  dt = 0.5000E+00  final t = 0.428500E+03
 AMRCLAW: level  1  CFL = .382E+00  dt = 0.5000E+00  final t = 0.429000E+03
 AMRCLAW: level  1  CFL = .381E+00  dt = 0.5000E+00  final t = 0.429500E+03
 AMRCLAW: level  1  CFL = .381E+00  dt = 0.5000E+00  final t = 0.430000E+03
 AMRCLAW: level  1  CFL = .381E+00  dt = 0.5000E+00  final t = 0.430500E+03
 AMRCLAW: level  1  CFL = .380E+00  dt = 0.5000E+00  final t = 0.431000E+03
 AMRCLAW: level  1  CFL = .380E+00  dt = 0.5000E+00  final t = 0.431500E+03
 AMRCLAW: level  1  CFL = .380E+00  dt = 0.5000E+00  final t = 0.432000E+03
 AMRCLAW: level  1  CFL = .380E+00  dt = 0.5000E+00  final t = 0.432500E+03
 AMRCLAW: level  1  CFL = .380E+00  dt = 0.5000E+00  final t = 0.433000E+03
 AMRCLAW: level  1  CFL = .379E+00  dt = 0.5000E+00  final t = 0.433500E+03
 AMRCLAW: level  1  CFL = .379E+00  dt = 0.5000E+00  final t = 0.434000E+03
 AMRCLAW: level  1  CFL = .379E+00  dt = 0.5000E+00  final t = 0.434500E+03
 AMRCLAW: level  1  CFL = .379E+00  dt = 0.5000E+00  final t = 0.435000E+03
 AMRCLAW: level  1  CFL = .379E+00  dt = 0.5000E+00  final t = 0.435500E+03
 AMRCLAW: level  1  CFL = .378E+00  dt = 0.5000E+00  final t = 0.436000E+03
 AMRCLAW: level  1  CFL = .378E+00  dt = 0.5000E+00  final t = 0.436500E+03
 AMRCLAW: level  1  CFL = .378E+00  dt = 0.5000E+00  final t = 0.437000E+03
 AMRCLAW: level  1  CFL = .378E+00  dt = 0.5000E+00  final t = 0.437500E+03
 AMRCLAW: level  1  CFL = .377E+00  dt = 0.5000E+00  final t = 0.438000E+03
 AMRCLAW: level  1  CFL = .377E+00  dt = 0.5000E+00  final t = 0.438500E+03
 AMRCLAW: level  1  CFL = .377E+00  dt = 0.5000E+00  final t = 0.439000E+03
 AMRCLAW: level  1  CFL = .376E+00  dt = 0.5000E+00  final t = 0.439500E+03
 AMRCLAW: level  1  CFL = .376E+00  dt = 0.5000E+00  final t = 0.440000E+03
 AMRCLAW: level  1  CFL = .376E+00  dt = 0.5000E+00  final t = 0.440500E+03
 AMRCLAW: level  1  CFL = .375E+00  dt = 0.5000E+00  final t = 0.441000E+03
 AMRCLAW: level  1  CFL = .375E+00  dt = 0.5000E+00  final t = 0.441500E+03
 AMRCLAW: level  1  CFL = .375E+00  dt = 0.5000E+00  final t = 0.442000E+03
 AMRCLAW: level  1  CFL = .374E+00  dt = 0.5000E+00  final t = 0.442500E+03
 AMRCLAW: level  1  CFL = .374E+00  dt = 0.5000E+00  final t = 0.443000E+03
 AMRCLAW: level  1  CFL = .373E+00  dt = 0.5000E+00  final t = 0.443500E+03
 AMRCLAW: level  1  CFL = .373E+00  dt = 0.5000E+00  final t = 0.444000E+03
 AMRCLAW: level  1  CFL = .372E+00  dt = 0.5000E+00  final t = 0.444500E+03
 AMRCLAW: level  1  CFL = .372E+00  dt = 0.5000E+00  final t = 0.445000E+03
 AMRCLAW: level  1  CFL = .371E+00  dt = 0.5000E+00  final t = 0.445500E+03
 AMRCLAW: level  1  CFL = .371E+00  dt = 0.5000E+00  final t = 0.446000E+03
 AMRCLAW: level  1  CFL = .370E+00  dt = 0.5000E+00  final t = 0.446500E+03
 AMRCLAW: level  1  CFL = .370E+00  dt = 0.5000E+00  final t = 0.447000E+03
 AMRCLAW: level  1  CFL = .369E+00  dt = 0.5000E+00  final t = 0.447500E+03
 AMRCLAW: level  1  CFL = .369E+00  dt = 0.5000E+00  final t = 0.448000E+03
 AMRCLAW: level  1  CFL = .368E+00  dt = 0.5000E+00  final t = 0.448500E+03
 AMRCLAW: level  1  CFL = .367E+00  dt = 0.5000E+00  final t = 0.449000E+03
 AMRCLAW: level  1  CFL = .367E+00  dt = 0.5000E+00  final t = 0.449500E+03
 AMRCLAW: level  1  CFL = .366E+00  dt = 0.5000E+00  final t = 0.450000E+03
GEOCLAW: Frame   15 output files done at time t =  0.450000D+03

 AMRCLAW: level  1  CFL = .365E+00  dt = 0.5000E+00  final t = 0.450500E+03
 AMRCLAW: level  1  CFL = .365E+00  dt = 0.5000E+00  final t = 0.451000E+03
 AMRCLAW: level  1  CFL = .364E+00  dt = 0.5000E+00  final t = 0.451500E+03
 AMRCLAW: level  1  CFL = .364E+00  dt = 0.5000E+00  final t = 0.452000E+03
 AMRCLAW: level  1  CFL = .363E+00  dt = 0.5000E+00  final t = 0.452500E+03
 AMRCLAW: level  1  CFL = .362E+00  dt = 0.5000E+00  final t = 0.453000E+03
 AMRCLAW: level  1  CFL = .361E+00  dt = 0.5000E+00  final t = 0.453500E+03
 AMRCLAW: level  1  CFL = .361E+00  dt = 0.5000E+00  final t = 0.454000E+03
 AMRCLAW: level  1  CFL = .360E+00  dt = 0.5000E+00  final t = 0.454500E+03
 AMRCLAW: level  1  CFL = .359E+00  dt = 0.5000E+00  final t = 0.455000E+03
 AMRCLAW: level  1  CFL = .359E+00  dt = 0.5000E+00  final t = 0.455500E+03
 AMRCLAW: level  1  CFL = .359E+00  dt = 0.5000E+00  final t = 0.456000E+03
 AMRCLAW: level  1  CFL = .359E+00  dt = 0.5000E+00  final t = 0.456500E+03
 AMRCLAW: level  1  CFL = .359E+00  dt = 0.5000E+00  final t = 0.457000E+03
 AMRCLAW: level  1  CFL = .359E+00  dt = 0.5000E+00  final t = 0.457500E+03
 AMRCLAW: level  1  CFL = .359E+00  dt = 0.5000E+00  final t = 0.458000E+03
 AMRCLAW: level  1  CFL = .359E+00  dt = 0.5000E+00  final t = 0.458500E+03
 AMRCLAW: level  1  CFL = .359E+00  dt = 0.5000E+00  final t = 0.459000E+03
 AMRCLAW: level  1  CFL = .359E+00  dt = 0.5000E+00  final t = 0.459500E+03
 AMRCLAW: level  1  CFL = .359E+00  dt = 0.5000E+00  final t = 0.460000E+03
 AMRCLAW: level  1  CFL = .359E+00  dt = 0.5000E+00  final t = 0.460500E+03
 AMRCLAW: level  1  CFL = .359E+00  dt = 0.5000E+00  final t = 0.461000E+03
 AMRCLAW: level  1  CFL = .359E+00  dt = 0.5000E+00  final t = 0.461500E+03
 AMRCLAW: level  1  CFL = .359E+00  dt = 0.5000E+00  final t = 0.462000E+03
 AMRCLAW: level  1  CFL = .359E+00  dt = 0.5000E+00  final t = 0.462500E+03
 AMRCLAW: level  1  CFL = .359E+00  dt = 0.5000E+00  final t = 0.463000E+03
 AMRCLAW: level  1  CFL = .359E+00  dt = 0.5000E+00  final t = 0.463500E+03
 AMRCLAW: level  1  CFL = .359E+00  dt = 0.5000E+00  final t = 0.464000E+03
 AMRCLAW: level  1  CFL = .359E+00  dt = 0.5000E+00  final t = 0.464500E+03
 AMRCLAW: level  1  CFL = .359E+00  dt = 0.5000E+00  final t = 0.465000E+03
 AMRCLAW: level  1  CFL = .359E+00  dt = 0.5000E+00  final t = 0.465500E+03
 AMRCLAW: level  1  CFL = .359E+00  dt = 0.5000E+00  final t = 0.466000E+03
 AMRCLAW: level  1  CFL = .359E+00  dt = 0.5000E+00  final t = 0.466500E+03
 AMRCLAW: level  1  CFL = .359E+00  dt = 0.5000E+00  final t = 0.467000E+03
 AMRCLAW: level  1  CFL = .359E+00  dt = 0.5000E+00  final t = 0.467500E+03
 AMRCLAW: level  1  CFL = .359E+00  dt = 0.5000E+00  final t = 0.468000E+03
 AMRCLAW: level  1  CFL = .359E+00  dt = 0.5000E+00  final t = 0.468500E+03
 AMRCLAW: level  1  CFL = .359E+00  dt = 0.5000E+00  final t = 0.469000E+03
 AMRCLAW: level  1  CFL = .359E+00  dt = 0.5000E+00  final t = 0.469500E+03
 AMRCLAW: level  1  CFL = .359E+00  dt = 0.5000E+00  final t = 0.470000E+03
 AMRCLAW: level  1  CFL = .359E+00  dt = 0.5000E+00  final t = 0.470500E+03
 AMRCLAW: level  1  CFL = .359E+00  dt = 0.5000E+00  final t = 0.471000E+03
 AMRCLAW: level  1  CFL = .359E+00  dt = 0.5000E+00  final t = 0.471500E+03
 AMRCLAW: level  1  CFL = .359E+00  dt = 0.5000E+00  final t = 0.472000E+03
 AMRCLAW: level  1  CFL = .359E+00  dt = 0.5000E+00  final t = 0.472500E+03
 AMRCLAW: level  1  CFL = .358E+00  dt = 0.5000E+00  final t = 0.473000E+03
 AMRCLAW: level  1  CFL = .358E+00  dt = 0.5000E+00  final t = 0.473500E+03
 AMRCLAW: level  1  CFL = .358E+00  dt = 0.5000E+00  final t = 0.474000E+03
 AMRCLAW: level  1  CFL = .358E+00  dt = 0.5000E+00  final t = 0.474500E+03
 AMRCLAW: level  1  CFL = .358E+00  dt = 0.5000E+00  final t = 0.475000E+03
 AMRCLAW: level  1  CFL = .358E+00  dt = 0.5000E+00  final t = 0.475500E+03
 AMRCLAW: level  1  CFL = .358E+00  dt = 0.5000E+00  final t = 0.476000E+03
 AMRCLAW: level  1  CFL = .357E+00  dt = 0.5000E+00  final t = 0.476500E+03
 AMRCLAW: level  1  CFL = .357E+00  dt = 0.5000E+00  final t = 0.477000E+03
 AMRCLAW: level  1  CFL = .357E+00  dt = 0.5000E+00  final t = 0.477500E+03
 AMRCLAW: level  1  CFL = .357E+00  dt = 0.5000E+00  final t = 0.478000E+03
 AMRCLAW: level  1  CFL = .357E+00  dt = 0.5000E+00  final t = 0.478500E+03
 AMRCLAW: level  1  CFL = .356E+00  dt = 0.5000E+00  final t = 0.479000E+03
 AMRCLAW: level  1  CFL = .356E+00  dt = 0.5000E+00  final t = 0.479500E+03
 AMRCLAW: level  1  CFL = .356E+00  dt = 0.5000E+00  final t = 0.480000E+03
GEOCLAW: Frame   16 output files done at time t =  0.480000D+03

 AMRCLAW: level  1  CFL = .356E+00  dt = 0.5000E+00  final t = 0.480500E+03
 AMRCLAW: level  1  CFL = .356E+00  dt = 0.5000E+00  final t = 0.481000E+03
 AMRCLAW: level  1  CFL = .355E+00  dt = 0.5000E+00  final t = 0.481500E+03
 AMRCLAW: level  1  CFL = .355E+00  dt = 0.5000E+00  final t = 0.482000E+03
 AMRCLAW: level  1  CFL = .355E+00  dt = 0.5000E+00  final t = 0.482500E+03
 AMRCLAW: level  1  CFL = .355E+00  dt = 0.5000E+00  final t = 0.483000E+03
 AMRCLAW: level  1  CFL = .355E+00  dt = 0.5000E+00  final t = 0.483500E+03
 AMRCLAW: level  1  CFL = .354E+00  dt = 0.5000E+00  final t = 0.484000E+03
 AMRCLAW: level  1  CFL = .354E+00  dt = 0.5000E+00  final t = 0.484500E+03
 AMRCLAW: level  1  CFL = .354E+00  dt = 0.5000E+00  final t = 0.485000E+03
 AMRCLAW: level  1  CFL = .354E+00  dt = 0.5000E+00  final t = 0.485500E+03
 AMRCLAW: level  1  CFL = .354E+00  dt = 0.5000E+00  final t = 0.486000E+03
 AMRCLAW: level  1  CFL = .353E+00  dt = 0.5000E+00  final t = 0.486500E+03
 AMRCLAW: level  1  CFL = .353E+00  dt = 0.5000E+00  final t = 0.487000E+03
 AMRCLAW: level  1  CFL = .353E+00  dt = 0.5000E+00  final t = 0.487500E+03
 AMRCLAW: level  1  CFL = .353E+00  dt = 0.5000E+00  final t = 0.488000E+03
 AMRCLAW: level  1  CFL = .352E+00  dt = 0.5000E+00  final t = 0.488500E+03
 AMRCLAW: level  1  CFL = .352E+00  dt = 0.5000E+00  final t = 0.489000E+03
 AMRCLAW: level  1  CFL = .352E+00  dt = 0.5000E+00  final t = 0.489500E+03
 AMRCLAW: level  1  CFL = .352E+00  dt = 0.5000E+00  final t = 0.490000E+03
 AMRCLAW: level  1  CFL = .351E+00  dt = 0.5000E+00  final t = 0.490500E+03
 AMRCLAW: level  1  CFL = .351E+00  dt = 0.5000E+00  final t = 0.491000E+03
 AMRCLAW: level  1  CFL = .351E+00  dt = 0.5000E+00  final t = 0.491500E+03
 AMRCLAW: level  1  CFL = .350E+00  dt = 0.5000E+00  final t = 0.492000E+03
 AMRCLAW: level  1  CFL = .350E+00  dt = 0.5000E+00  final t = 0.492500E+03
 AMRCLAW: level  1  CFL = .350E+00  dt = 0.5000E+00  final t = 0.493000E+03
 AMRCLAW: level  1  CFL = .350E+00  dt = 0.5000E+00  final t = 0.493500E+03
 AMRCLAW: level  1  CFL = .349E+00  dt = 0.5000E+00  final t = 0.494000E+03
 AMRCLAW: level  1  CFL = .349E+00  dt = 0.5000E+00  final t = 0.494500E+03
 AMRCLAW: level  1  CFL = .349E+00  dt = 0.5000E+00  final t = 0.495000E+03
 AMRCLAW: level  1  CFL = .349E+00  dt = 0.5000E+00  final t = 0.495500E+03
 AMRCLAW: level  1  CFL = .348E+00  dt = 0.5000E+00  final t = 0.496000E+03
 AMRCLAW: level  1  CFL = .348E+00  dt = 0.5000E+00  final t = 0.496500E+03
 AMRCLAW: level  1  CFL = .348E+00  dt = 0.5000E+00  final t = 0.497000E+03
 AMRCLAW: level  1  CFL = .347E+00  dt = 0.5000E+00  final t = 0.497500E+03
 AMRCLAW: level  1  CFL = .347E+00  dt = 0.5000E+00  final t = 0.498000E+03
 AMRCLAW: level  1  CFL = .347E+00  dt = 0.5000E+00  final t = 0.498500E+03
 AMRCLAW: level  1  CFL = .347E+00  dt = 0.5000E+00  final t = 0.499000E+03
 AMRCLAW: level  1  CFL = .346E+00  dt = 0.5000E+00  final t = 0.499500E+03
 AMRCLAW: level  1  CFL = .346E+00  dt = 0.5000E+00  final t = 0.500000E+03
 AMRCLAW: level  1  CFL = .346E+00  dt = 0.5000E+00  final t = 0.500500E+03
 AMRCLAW: level  1  CFL = .346E+00  dt = 0.5000E+00  final t = 0.501000E+03
 AMRCLAW: level  1  CFL = .345E+00  dt = 0.5000E+00  final t = 0.501500E+03
 AMRCLAW: level  1  CFL = .345E+00  dt = 0.5000E+00  final t = 0.502000E+03
 AMRCLAW: level  1  CFL = .345E+00  dt = 0.5000E+00  final t = 0.502500E+03
 AMRCLAW: level  1  CFL = .345E+00  dt = 0.5000E+00  final t = 0.503000E+03
 AMRCLAW: level  1  CFL = .344E+00  dt = 0.5000E+00  final t = 0.503500E+03
 AMRCLAW: level  1  CFL = .344E+00  dt = 0.5000E+00  final t = 0.504000E+03
 AMRCLAW: level  1  CFL = .344E+00  dt = 0.5000E+00  final t = 0.504500E+03
 AMRCLAW: level  1  CFL = .344E+00  dt = 0.5000E+00  final t = 0.505000E+03
 AMRCLAW: level  1  CFL = .344E+00  dt = 0.5000E+00  final t = 0.505500E+03
 AMRCLAW: level  1  CFL = .343E+00  dt = 0.5000E+00  final t = 0.506000E+03
 AMRCLAW: level  1  CFL = .343E+00  dt = 0.5000E+00  final t = 0.506500E+03
 AMRCLAW: level  1  CFL = .343E+00  dt = 0.5000E+00  final t = 0.507000E+03
 AMRCLAW: level  1  CFL = .343E+00  dt = 0.5000E+00  final t = 0.507500E+03
 AMRCLAW: level  1  CFL = .342E+00  dt = 0.5000E+00  final t = 0.508000E+03
 AMRCLAW: level  1  CFL = .342E+00  dt = 0.5000E+00  final t = 0.508500E+03
 AMRCLAW: level  1  CFL = .342E+00  dt = 0.5000E+00  final t = 0.509000E+03
 AMRCLAW: level  1  CFL = .342E+00  dt = 0.5000E+00  final t = 0.509500E+03
 AMRCLAW: level  1  CFL = .341E+00  dt = 0.5000E+00  final t = 0.510000E+03
GEOCLAW: Frame   17 output files done at time t =  0.510000D+03

 AMRCLAW: level  1  CFL = .341E+00  dt = 0.5000E+00  final t = 0.510500E+03
 AMRCLAW: level  1  CFL = .341E+00  dt = 0.5000E+00  final t = 0.511000E+03
 AMRCLAW: level  1  CFL = .341E+00  dt = 0.5000E+00  final t = 0.511500E+03
 AMRCLAW: level  1  CFL = .340E+00  dt = 0.5000E+00  final t = 0.512000E+03
 AMRCLAW: level  1  CFL = .340E+00  dt = 0.5000E+00  final t = 0.512500E+03
 AMRCLAW: level  1  CFL = .340E+00  dt = 0.5000E+00  final t = 0.513000E+03
 AMRCLAW: level  1  CFL = .340E+00  dt = 0.5000E+00  final t = 0.513500E+03
 AMRCLAW: level  1  CFL = .339E+00  dt = 0.5000E+00  final t = 0.514000E+03
 AMRCLAW: level  1  CFL = .339E+00  dt = 0.5000E+00  final t = 0.514500E+03
 AMRCLAW: level  1  CFL = .339E+00  dt = 0.5000E+00  final t = 0.515000E+03
 AMRCLAW: level  1  CFL = .338E+00  dt = 0.5000E+00  final t = 0.515500E+03
 AMRCLAW: level  1  CFL = .338E+00  dt = 0.5000E+00  final t = 0.516000E+03
 AMRCLAW: level  1  CFL = .338E+00  dt = 0.5000E+00  final t = 0.516500E+03
 AMRCLAW: level  1  CFL = .338E+00  dt = 0.5000E+00  final t = 0.517000E+03
 AMRCLAW: level  1  CFL = .337E+00  dt = 0.5000E+00  final t = 0.517500E+03
 AMRCLAW: level  1  CFL = .337E+00  dt = 0.5000E+00  final t = 0.518000E+03
 AMRCLAW: level  1  CFL = .337E+00  dt = 0.5000E+00  final t = 0.518500E+03
 AMRCLAW: level  1  CFL = .336E+00  dt = 0.5000E+00  final t = 0.519000E+03
 AMRCLAW: level  1  CFL = .336E+00  dt = 0.5000E+00  final t = 0.519500E+03
 AMRCLAW: level  1  CFL = .336E+00  dt = 0.5000E+00  final t = 0.520000E+03
 AMRCLAW: level  1  CFL = .336E+00  dt = 0.5000E+00  final t = 0.520500E+03
 AMRCLAW: level  1  CFL = .335E+00  dt = 0.5000E+00  final t = 0.521000E+03
 AMRCLAW: level  1  CFL = .335E+00  dt = 0.5000E+00  final t = 0.521500E+03
 AMRCLAW: level  1  CFL = .335E+00  dt = 0.5000E+00  final t = 0.522000E+03
 AMRCLAW: level  1  CFL = .335E+00  dt = 0.5000E+00  final t = 0.522500E+03
 AMRCLAW: level  1  CFL = .334E+00  dt = 0.5000E+00  final t = 0.523000E+03
 AMRCLAW: level  1  CFL = .334E+00  dt = 0.5000E+00  final t = 0.523500E+03
 AMRCLAW: level  1  CFL = .334E+00  dt = 0.5000E+00  final t = 0.524000E+03
 AMRCLAW: level  1  CFL = .333E+00  dt = 0.5000E+00  final t = 0.524500E+03
 AMRCLAW: level  1  CFL = .333E+00  dt = 0.5000E+00  final t = 0.525000E+03
 AMRCLAW: level  1  CFL = .333E+00  dt = 0.5000E+00  final t = 0.525500E+03
 AMRCLAW: level  1  CFL = .333E+00  dt = 0.5000E+00  final t = 0.526000E+03
 AMRCLAW: level  1  CFL = .333E+00  dt = 0.5000E+00  final t = 0.526500E+03
 AMRCLAW: level  1  CFL = .333E+00  dt = 0.5000E+00  final t = 0.527000E+03
 AMRCLAW: level  1  CFL = .333E+00  dt = 0.5000E+00  final t = 0.527500E+03
 AMRCLAW: level  1  CFL = .333E+00  dt = 0.5000E+00  final t = 0.528000E+03
 AMRCLAW: level  1  CFL = .333E+00  dt = 0.5000E+00  final t = 0.528500E+03
 AMRCLAW: level  1  CFL = .332E+00  dt = 0.5000E+00  final t = 0.529000E+03
 AMRCLAW: level  1  CFL = .332E+00  dt = 0.5000E+00  final t = 0.529500E+03
 AMRCLAW: level  1  CFL = .332E+00  dt = 0.5000E+00  final t = 0.530000E+03
 AMRCLAW: level  1  CFL = .332E+00  dt = 0.5000E+00  final t = 0.530500E+03
 AMRCLAW: level  1  CFL = .332E+00  dt = 0.5000E+00  final t = 0.531000E+03
 AMRCLAW: level  1  CFL = .331E+00  dt = 0.5000E+00  final t = 0.531500E+03
 AMRCLAW: level  1  CFL = .331E+00  dt = 0.5000E+00  final t = 0.532000E+03
 AMRCLAW: level  1  CFL = .331E+00  dt = 0.5000E+00  final t = 0.532500E+03
 AMRCLAW: level  1  CFL = .331E+00  dt = 0.5000E+00  final t = 0.533000E+03
 AMRCLAW: level  1  CFL = .331E+00  dt = 0.5000E+00  final t = 0.533500E+03
 AMRCLAW: level  1  CFL = .331E+00  dt = 0.5000E+00  final t = 0.534000E+03
 AMRCLAW: level  1  CFL = .331E+00  dt = 0.5000E+00  final t = 0.534500E+03
 AMRCLAW: level  1  CFL = .330E+00  dt = 0.5000E+00  final t = 0.535000E+03
 AMRCLAW: level  1  CFL = .330E+00  dt = 0.5000E+00  final t = 0.535500E+03
 AMRCLAW: level  1  CFL = .330E+00  dt = 0.5000E+00  final t = 0.536000E+03
 AMRCLAW: level  1  CFL = .330E+00  dt = 0.5000E+00  final t = 0.536500E+03
 AMRCLAW: level  1  CFL = .329E+00  dt = 0.5000E+00  final t = 0.537000E+03
 AMRCLAW: level  1  CFL = .329E+00  dt = 0.5000E+00  final t = 0.537500E+03
 AMRCLAW: level  1  CFL = .329E+00  dt = 0.5000E+00  final t = 0.538000E+03
 AMRCLAW: level  1  CFL = .329E+00  dt = 0.5000E+00  final t = 0.538500E+03
 AMRCLAW: level  1  CFL = .328E+00  dt = 0.5000E+00  final t = 0.539000E+03
 AMRCLAW: level  1  CFL = .328E+00  dt = 0.5000E+00  final t = 0.539500E+03
 AMRCLAW: level  1  CFL = .328E+00  dt = 0.5000E+00  final t = 0.540000E+03
GEOCLAW: Frame   18 output files done at time t =  0.540000D+03

 AMRCLAW: level  1  CFL = .327E+00  dt = 0.5000E+00  final t = 0.540500E+03
 AMRCLAW: level  1  CFL = .327E+00  dt = 0.5000E+00  final t = 0.541000E+03
 AMRCLAW: level  1  CFL = .327E+00  dt = 0.5000E+00  final t = 0.541500E+03
 AMRCLAW: level  1  CFL = .326E+00  dt = 0.5000E+00  final t = 0.542000E+03
 AMRCLAW: level  1  CFL = .326E+00  dt = 0.5000E+00  final t = 0.542500E+03
 AMRCLAW: level  1  CFL = .326E+00  dt = 0.5000E+00  final t = 0.543000E+03
 AMRCLAW: level  1  CFL = .325E+00  dt = 0.5000E+00  final t = 0.543500E+03
 AMRCLAW: level  1  CFL = .325E+00  dt = 0.5000E+00  final t = 0.544000E+03
 AMRCLAW: level  1  CFL = .325E+00  dt = 0.5000E+00  final t = 0.544500E+03
 AMRCLAW: level  1  CFL = .324E+00  dt = 0.5000E+00  final t = 0.545000E+03
 AMRCLAW: level  1  CFL = .324E+00  dt = 0.5000E+00  final t = 0.545500E+03
 AMRCLAW: level  1  CFL = .324E+00  dt = 0.5000E+00  final t = 0.546000E+03
 AMRCLAW: level  1  CFL = .323E+00  dt = 0.5000E+00  final t = 0.546500E+03
 AMRCLAW: level  1  CFL = .323E+00  dt = 0.5000E+00  final t = 0.547000E+03
 AMRCLAW: level  1  CFL = .323E+00  dt = 0.5000E+00  final t = 0.547500E+03
 AMRCLAW: level  1  CFL = .322E+00  dt = 0.5000E+00  final t = 0.548000E+03
 AMRCLAW: level  1  CFL = .322E+00  dt = 0.5000E+00  final t = 0.548500E+03
 AMRCLAW: level  1  CFL = .322E+00  dt = 0.5000E+00  final t = 0.549000E+03
 AMRCLAW: level  1  CFL = .322E+00  dt = 0.5000E+00  final t = 0.549500E+03
 AMRCLAW: level  1  CFL = .321E+00  dt = 0.5000E+00  final t = 0.550000E+03
 AMRCLAW: level  1  CFL = .321E+00  dt = 0.5000E+00  final t = 0.550500E+03
 AMRCLAW: level  1  CFL = .321E+00  dt = 0.5000E+00  final t = 0.551000E+03
 AMRCLAW: level  1  CFL = .321E+00  dt = 0.5000E+00  final t = 0.551500E+03
 AMRCLAW: level  1  CFL = .321E+00  dt = 0.5000E+00  final t = 0.552000E+03
 AMRCLAW: level  1  CFL = .320E+00  dt = 0.5000E+00  final t = 0.552500E+03
 AMRCLAW: level  1  CFL = .320E+00  dt = 0.5000E+00  final t = 0.553000E+03
 AMRCLAW: level  1  CFL = .320E+00  dt = 0.5000E+00  final t = 0.553500E+03
 AMRCLAW: level  1  CFL = .320E+00  dt = 0.5000E+00  final t = 0.554000E+03
 AMRCLAW: level  1  CFL = .320E+00  dt = 0.5000E+00  final t = 0.554500E+03
 AMRCLAW: level  1  CFL = .320E+00  dt = 0.5000E+00  final t = 0.555000E+03
 AMRCLAW: level  1  CFL = .320E+00  dt = 0.5000E+00  final t = 0.555500E+03
 AMRCLAW: level  1  CFL = .320E+00  dt = 0.5000E+00  final t = 0.556000E+03
 AMRCLAW: level  1  CFL = .320E+00  dt = 0.5000E+00  final t = 0.556500E+03
 AMRCLAW: level  1  CFL = .319E+00  dt = 0.5000E+00  final t = 0.557000E+03
 AMRCLAW: level  1  CFL = .319E+00  dt = 0.5000E+00  final t = 0.557500E+03
 AMRCLAW: level  1  CFL = .319E+00  dt = 0.5000E+00  final t = 0.558000E+03
 AMRCLAW: level  1  CFL = .319E+00  dt = 0.5000E+00  final t = 0.558500E+03
 AMRCLAW: level  1  CFL = .319E+00  dt = 0.5000E+00  final t = 0.559000E+03
 AMRCLAW: level  1  CFL = .319E+00  dt = 0.5000E+00  final t = 0.559500E+03
 AMRCLAW: level  1  CFL = .319E+00  dt = 0.5000E+00  final t = 0.560000E+03
 AMRCLAW: level  1  CFL = .319E+00  dt = 0.5000E+00  final t = 0.560500E+03
 AMRCLAW: level  1  CFL = .319E+00  dt = 0.5000E+00  final t = 0.561000E+03
 AMRCLAW: level  1  CFL = .319E+00  dt = 0.5000E+00  final t = 0.561500E+03
 AMRCLAW: level  1  CFL = .319E+00  dt = 0.5000E+00  final t = 0.562000E+03
 AMRCLAW: level  1  CFL = .319E+00  dt = 0.5000E+00  final t = 0.562500E+03
 AMRCLAW: level  1  CFL = .318E+00  dt = 0.5000E+00  final t = 0.563000E+03
 AMRCLAW: level  1  CFL = .318E+00  dt = 0.5000E+00  final t = 0.563500E+03
 AMRCLAW: level  1  CFL = .318E+00  dt = 0.5000E+00  final t = 0.564000E+03
 AMRCLAW: level  1  CFL = .318E+00  dt = 0.5000E+00  final t = 0.564500E+03
 AMRCLAW: level  1  CFL = .318E+00  dt = 0.5000E+00  final t = 0.565000E+03
 AMRCLAW: level  1  CFL = .318E+00  dt = 0.5000E+00  final t = 0.565500E+03
 AMRCLAW: level  1  CFL = .317E+00  dt = 0.5000E+00  final t = 0.566000E+03
 AMRCLAW: level  1  CFL = .317E+00  dt = 0.5000E+00  final t = 0.566500E+03
 AMRCLAW: level  1  CFL = .317E+00  dt = 0.5000E+00  final t = 0.567000E+03
 AMRCLAW: level  1  CFL = .317E+00  dt = 0.5000E+00  final t = 0.567500E+03
 AMRCLAW: level  1  CFL = .317E+00  dt = 0.5000E+00  final t = 0.568000E+03
 AMRCLAW: level  1  CFL = .317E+00  dt = 0.5000E+00  final t = 0.568500E+03
 AMRCLAW: level  1  CFL = .316E+00  dt = 0.5000E+00  final t = 0.569000E+03
 AMRCLAW: level  1  CFL = .316E+00  dt = 0.5000E+00  final t = 0.569500E+03
 AMRCLAW: level  1  CFL = .316E+00  dt = 0.5000E+00  final t = 0.570000E+03
GEOCLAW: Frame   19 output files done at time t =  0.570000D+03

 AMRCLAW: level  1  CFL = .316E+00  dt = 0.5000E+00  final t = 0.570500E+03
 AMRCLAW: level  1  CFL = .316E+00  dt = 0.5000E+00  final t = 0.571000E+03
 AMRCLAW: level  1  CFL = .316E+00  dt = 0.5000E+00  final t = 0.571500E+03
 AMRCLAW: level  1  CFL = .315E+00  dt = 0.5000E+00  final t = 0.572000E+03
 AMRCLAW: level  1  CFL = .315E+00  dt = 0.5000E+00  final t = 0.572500E+03
 AMRCLAW: level  1  CFL = .315E+00  dt = 0.5000E+00  final t = 0.573000E+03
 AMRCLAW: level  1  CFL = .315E+00  dt = 0.5000E+00  final t = 0.573500E+03
 AMRCLAW: level  1  CFL = .315E+00  dt = 0.5000E+00  final t = 0.574000E+03
 AMRCLAW: level  1  CFL = .315E+00  dt = 0.5000E+00  final t = 0.574500E+03
 AMRCLAW: level  1  CFL = .315E+00  dt = 0.5000E+00  final t = 0.575000E+03
 AMRCLAW: level  1  CFL = .314E+00  dt = 0.5000E+00  final t = 0.575500E+03
 AMRCLAW: level  1  CFL = .314E+00  dt = 0.5000E+00  final t = 0.576000E+03
 AMRCLAW: level  1  CFL = .314E+00  dt = 0.5000E+00  final t = 0.576500E+03
 AMRCLAW: level  1  CFL = .314E+00  dt = 0.5000E+00  final t = 0.577000E+03
 AMRCLAW: level  1  CFL = .314E+00  dt = 0.5000E+00  final t = 0.577500E+03
 AMRCLAW: level  1  CFL = .314E+00  dt = 0.5000E+00  final t = 0.578000E+03
 AMRCLAW: level  1  CFL = .314E+00  dt = 0.5000E+00  final t = 0.578500E+03
 AMRCLAW: level  1  CFL = .314E+00  dt = 0.5000E+00  final t = 0.579000E+03
 AMRCLAW: level  1  CFL = .313E+00  dt = 0.5000E+00  final t = 0.579500E+03
 AMRCLAW: level  1  CFL = .313E+00  dt = 0.5000E+00  final t = 0.580000E+03
 AMRCLAW: level  1  CFL = .313E+00  dt = 0.5000E+00  final t = 0.580500E+03
 AMRCLAW: level  1  CFL = .313E+00  dt = 0.5000E+00  final t = 0.581000E+03
 AMRCLAW: level  1  CFL = .313E+00  dt = 0.5000E+00  final t = 0.581500E+03
 AMRCLAW: level  1  CFL = .313E+00  dt = 0.5000E+00  final t = 0.582000E+03
 AMRCLAW: level  1  CFL = .313E+00  dt = 0.5000E+00  final t = 0.582500E+03
 AMRCLAW: level  1  CFL = .313E+00  dt = 0.5000E+00  final t = 0.583000E+03
 AMRCLAW: level  1  CFL = .313E+00  dt = 0.5000E+00  final t = 0.583500E+03
 AMRCLAW: level  1  CFL = .313E+00  dt = 0.5000E+00  final t = 0.584000E+03
 AMRCLAW: level  1  CFL = .313E+00  dt = 0.5000E+00  final t = 0.584500E+03
 AMRCLAW: level  1  CFL = .313E+00  dt = 0.5000E+00  final t = 0.585000E+03
 AMRCLAW: level  1  CFL = .313E+00  dt = 0.5000E+00  final t = 0.585500E+03
 AMRCLAW: level  1  CFL = .312E+00  dt = 0.5000E+00  final t = 0.586000E+03
 AMRCLAW: level  1  CFL = .312E+00  dt = 0.5000E+00  final t = 0.586500E+03
 AMRCLAW: level  1  CFL = .312E+00  dt = 0.5000E+00  final t = 0.587000E+03
 AMRCLAW: level  1  CFL = .312E+00  dt = 0.5000E+00  final t = 0.587500E+03
 AMRCLAW: level  1  CFL = .312E+00  dt = 0.5000E+00  final t = 0.588000E+03
 AMRCLAW: level  1  CFL = .312E+00  dt = 0.5000E+00  final t = 0.588500E+03
 AMRCLAW: level  1  CFL = .312E+00  dt = 0.5000E+00  final t = 0.589000E+03
 AMRCLAW: level  1  CFL = .312E+00  dt = 0.5000E+00  final t = 0.589500E+03
 AMRCLAW: level  1  CFL = .311E+00  dt = 0.5000E+00  final t = 0.590000E+03
 AMRCLAW: level  1  CFL = .312E+00  dt = 0.5000E+00  final t = 0.590500E+03
 AMRCLAW: level  1  CFL = .312E+00  dt = 0.5000E+00  final t = 0.591000E+03
 AMRCLAW: level  1  CFL = .311E+00  dt = 0.5000E+00  final t = 0.591500E+03
 AMRCLAW: level  1  CFL = .311E+00  dt = 0.5000E+00  final t = 0.592000E+03
 AMRCLAW: level  1  CFL = .311E+00  dt = 0.5000E+00  final t = 0.592500E+03
 AMRCLAW: level  1  CFL = .311E+00  dt = 0.5000E+00  final t = 0.593000E+03
 AMRCLAW: level  1  CFL = .311E+00  dt = 0.5000E+00  final t = 0.593500E+03
 AMRCLAW: level  1  CFL = .310E+00  dt = 0.5000E+00  final t = 0.594000E+03
 AMRCLAW: level  1  CFL = .310E+00  dt = 0.5000E+00  final t = 0.594500E+03
 AMRCLAW: level  1  CFL = .310E+00  dt = 0.5000E+00  final t = 0.595000E+03
 AMRCLAW: level  1  CFL = .309E+00  dt = 0.5000E+00  final t = 0.595500E+03
 AMRCLAW: level  1  CFL = .309E+00  dt = 0.5000E+00  final t = 0.596000E+03
 AMRCLAW: level  1  CFL = .309E+00  dt = 0.5000E+00  final t = 0.596500E+03
 AMRCLAW: level  1  CFL = .308E+00  dt = 0.5000E+00  final t = 0.597000E+03
 AMRCLAW: level  1  CFL = .308E+00  dt = 0.5000E+00  final t = 0.597500E+03
 AMRCLAW: level  1  CFL = .307E+00  dt = 0.5000E+00  final t = 0.598000E+03
 AMRCLAW: level  1  CFL = .307E+00  dt = 0.5000E+00  final t = 0.598500E+03
 AMRCLAW: level  1  CFL = .307E+00  dt = 0.5000E+00  final t = 0.599000E+03
 AMRCLAW: level  1  CFL = .306E+00  dt = 0.5000E+00  final t = 0.599500E+03
 AMRCLAW: level  1  CFL = .306E+00  dt = 0.5000E+00  final t = 0.600000E+03
GEOCLAW: Frame   20 output files done at time t =  0.600000D+03

 AMRCLAW: level  1  CFL = .305E+00  dt = 0.5000E+00  final t = 0.600500E+03
 AMRCLAW: level  1  CFL = .305E+00  dt = 0.5000E+00  final t = 0.601000E+03
 AMRCLAW: level  1  CFL = .304E+00  dt = 0.5000E+00  final t = 0.601500E+03
 AMRCLAW: level  1  CFL = .304E+00  dt = 0.5000E+00  final t = 0.602000E+03
 AMRCLAW: level  1  CFL = .304E+00  dt = 0.5000E+00  final t = 0.602500E+03
 AMRCLAW: level  1  CFL = .303E+00  dt = 0.5000E+00  final t = 0.603000E+03
 AMRCLAW: level  1  CFL = .303E+00  dt = 0.5000E+00  final t = 0.603500E+03
 AMRCLAW: level  1  CFL = .302E+00  dt = 0.5000E+00  final t = 0.604000E+03
 AMRCLAW: level  1  CFL = .302E+00  dt = 0.5000E+00  final t = 0.604500E+03
 AMRCLAW: level  1  CFL = .302E+00  dt = 0.5000E+00  final t = 0.605000E+03
 AMRCLAW: level  1  CFL = .301E+00  dt = 0.5000E+00  final t = 0.605500E+03
 AMRCLAW: level  1  CFL = .301E+00  dt = 0.5000E+00  final t = 0.606000E+03
 AMRCLAW: level  1  CFL = .300E+00  dt = 0.5000E+00  final t = 0.606500E+03
 AMRCLAW: level  1  CFL = .300E+00  dt = 0.5000E+00  final t = 0.607000E+03
 AMRCLAW: level  1  CFL = .300E+00  dt = 0.5000E+00  final t = 0.607500E+03
 AMRCLAW: level  1  CFL = .299E+00  dt = 0.5000E+00  final t = 0.608000E+03
 AMRCLAW: level  1  CFL = .299E+00  dt = 0.5000E+00  final t = 0.608500E+03
 AMRCLAW: level  1  CFL = .299E+00  dt = 0.5000E+00  final t = 0.609000E+03
 AMRCLAW: level  1  CFL = .299E+00  dt = 0.5000E+00  final t = 0.609500E+03
 AMRCLAW: level  1  CFL = .298E+00  dt = 0.5000E+00  final t = 0.610000E+03
 AMRCLAW: level  1  CFL = .298E+00  dt = 0.5000E+00  final t = 0.610500E+03
 AMRCLAW: level  1  CFL = .298E+00  dt = 0.5000E+00  final t = 0.611000E+03
 AMRCLAW: level  1  CFL = .298E+00  dt = 0.5000E+00  final t = 0.611500E+03
 AMRCLAW: level  1  CFL = .297E+00  dt = 0.5000E+00  final t = 0.612000E+03
 AMRCLAW: level  1  CFL = .297E+00  dt = 0.5000E+00  final t = 0.612500E+03
 AMRCLAW: level  1  CFL = .297E+00  dt = 0.5000E+00  final t = 0.613000E+03
 AMRCLAW: level  1  CFL = .297E+00  dt = 0.5000E+00  final t = 0.613500E+03
 AMRCLAW: level  1  CFL = .297E+00  dt = 0.5000E+00  final t = 0.614000E+03
 AMRCLAW: level  1  CFL = .297E+00  dt = 0.5000E+00  final t = 0.614500E+03
 AMRCLAW: level  1  CFL = .297E+00  dt = 0.5000E+00  final t = 0.615000E+03
 AMRCLAW: level  1  CFL = .296E+00  dt = 0.5000E+00  final t = 0.615500E+03
 AMRCLAW: level  1  CFL = .296E+00  dt = 0.5000E+00  final t = 0.616000E+03
 AMRCLAW: level  1  CFL = .296E+00  dt = 0.5000E+00  final t = 0.616500E+03
 AMRCLAW: level  1  CFL = .296E+00  dt = 0.5000E+00  final t = 0.617000E+03
 AMRCLAW: level  1  CFL = .296E+00  dt = 0.5000E+00  final t = 0.617500E+03
 AMRCLAW: level  1  CFL = .296E+00  dt = 0.5000E+00  final t = 0.618000E+03
 AMRCLAW: level  1  CFL = .296E+00  dt = 0.5000E+00  final t = 0.618500E+03
 AMRCLAW: level  1  CFL = .296E+00  dt = 0.5000E+00  final t = 0.619000E+03
 AMRCLAW: level  1  CFL = .296E+00  dt = 0.5000E+00  final t = 0.619500E+03
 AMRCLAW: level  1  CFL = .296E+00  dt = 0.5000E+00  final t = 0.620000E+03
 AMRCLAW: level  1  CFL = .296E+00  dt = 0.5000E+00  final t = 0.620500E+03
 AMRCLAW: level  1  CFL = .296E+00  dt = 0.5000E+00  final t = 0.621000E+03
 AMRCLAW: level  1  CFL = .296E+00  dt = 0.5000E+00  final t = 0.621500E+03
 AMRCLAW: level  1  CFL = .296E+00  dt = 0.5000E+00  final t = 0.622000E+03
 AMRCLAW: level  1  CFL = .296E+00  dt = 0.5000E+00  final t = 0.622500E+03
 AMRCLAW: level  1  CFL = .296E+00  dt = 0.5000E+00  final t = 0.623000E+03
 AMRCLAW: level  1  CFL = .296E+00  dt = 0.5000E+00  final t = 0.623500E+03
 AMRCLAW: level  1  CFL = .296E+00  dt = 0.5000E+00  final t = 0.624000E+03
 AMRCLAW: level  1  CFL = .296E+00  dt = 0.5000E+00  final t = 0.624500E+03
 AMRCLAW: level  1  CFL = .296E+00  dt = 0.5000E+00  final t = 0.625000E+03
 AMRCLAW: level  1  CFL = .296E+00  dt = 0.5000E+00  final t = 0.625500E+03
 AMRCLAW: level  1  CFL = .295E+00  dt = 0.5000E+00  final t = 0.626000E+03
 AMRCLAW: level  1  CFL = .295E+00  dt = 0.5000E+00  final t = 0.626500E+03
 AMRCLAW: level  1  CFL = .295E+00  dt = 0.5000E+00  final t = 0.627000E+03
 AMRCLAW: level  1  CFL = .295E+00  dt = 0.5000E+00  final t = 0.627500E+03
 AMRCLAW: level  1  CFL = .295E+00  dt = 0.5000E+00  final t = 0.628000E+03
 AMRCLAW: level  1  CFL = .295E+00  dt = 0.5000E+00  final t = 0.628500E+03
 AMRCLAW: level  1  CFL = .294E+00  dt = 0.5000E+00  final t = 0.629000E+03
 AMRCLAW: level  1  CFL = .294E+00  dt = 0.5000E+00  final t = 0.629500E+03
 AMRCLAW: level  1  CFL = .294E+00  dt = 0.5000E+00  final t = 0.630000E+03
GEOCLAW: Frame   21 output files done at time t =  0.630000D+03

 AMRCLAW: level  1  CFL = .293E+00  dt = 0.5000E+00  final t = 0.630500E+03
 AMRCLAW: level  1  CFL = .293E+00  dt = 0.5000E+00  final t = 0.631000E+03
 AMRCLAW: level  1  CFL = .292E+00  dt = 0.5000E+00  final t = 0.631500E+03
 AMRCLAW: level  1  CFL = .292E+00  dt = 0.5000E+00  final t = 0.632000E+03
 AMRCLAW: level  1  CFL = .291E+00  dt = 0.5000E+00  final t = 0.632500E+03
 AMRCLAW: level  1  CFL = .291E+00  dt = 0.5000E+00  final t = 0.633000E+03
 AMRCLAW: level  1  CFL = .290E+00  dt = 0.5000E+00  final t = 0.633500E+03
 AMRCLAW: level  1  CFL = .290E+00  dt = 0.5000E+00  final t = 0.634000E+03
 AMRCLAW: level  1  CFL = .289E+00  dt = 0.5000E+00  final t = 0.634500E+03
 AMRCLAW: level  1  CFL = .289E+00  dt = 0.5000E+00  final t = 0.635000E+03
 AMRCLAW: level  1  CFL = .288E+00  dt = 0.5000E+00  final t = 0.635500E+03
 AMRCLAW: level  1  CFL = .287E+00  dt = 0.5000E+00  final t = 0.636000E+03
 AMRCLAW: level  1  CFL = .287E+00  dt = 0.5000E+00  final t = 0.636500E+03
 AMRCLAW: level  1  CFL = .286E+00  dt = 0.5000E+00  final t = 0.637000E+03
 AMRCLAW: level  1  CFL = .286E+00  dt = 0.5000E+00  final t = 0.637500E+03
 AMRCLAW: level  1  CFL = .285E+00  dt = 0.5000E+00  final t = 0.638000E+03
 AMRCLAW: level  1  CFL = .284E+00  dt = 0.5000E+00  final t = 0.638500E+03
 AMRCLAW: level  1  CFL = .284E+00  dt = 0.5000E+00  final t = 0.639000E+03
 AMRCLAW: level  1  CFL = .283E+00  dt = 0.5000E+00  final t = 0.639500E+03
 AMRCLAW: level  1  CFL = .283E+00  dt = 0.5000E+00  final t = 0.640000E+03
 AMRCLAW: level  1  CFL = .282E+00  dt = 0.5000E+00  final t = 0.640500E+03
 AMRCLAW: level  1  CFL = .281E+00  dt = 0.5000E+00  final t = 0.641000E+03
 AMRCLAW: level  1  CFL = .281E+00  dt = 0.5000E+00  final t = 0.641500E+03
 AMRCLAW: level  1  CFL = .280E+00  dt = 0.5000E+00  final t = 0.642000E+03
 AMRCLAW: level  1  CFL = .280E+00  dt = 0.5000E+00  final t = 0.642500E+03
 AMRCLAW: level  1  CFL = .279E+00  dt = 0.5000E+00  final t = 0.643000E+03
 AMRCLAW: level  1  CFL = .279E+00  dt = 0.5000E+00  final t = 0.643500E+03
 AMRCLAW: level  1  CFL = .278E+00  dt = 0.5000E+00  final t = 0.644000E+03
 AMRCLAW: level  1  CFL = .278E+00  dt = 0.5000E+00  final t = 0.644500E+03
 AMRCLAW: level  1  CFL = .278E+00  dt = 0.5000E+00  final t = 0.645000E+03
 AMRCLAW: level  1  CFL = .277E+00  dt = 0.5000E+00  final t = 0.645500E+03
 AMRCLAW: level  1  CFL = .277E+00  dt = 0.5000E+00  final t = 0.646000E+03
 AMRCLAW: level  1  CFL = .277E+00  dt = 0.5000E+00  final t = 0.646500E+03
 AMRCLAW: level  1  CFL = .276E+00  dt = 0.5000E+00  final t = 0.647000E+03
 AMRCLAW: level  1  CFL = .276E+00  dt = 0.5000E+00  final t = 0.647500E+03
 AMRCLAW: level  1  CFL = .276E+00  dt = 0.5000E+00  final t = 0.648000E+03
 AMRCLAW: level  1  CFL = .275E+00  dt = 0.5000E+00  final t = 0.648500E+03
 AMRCLAW: level  1  CFL = .275E+00  dt = 0.5000E+00  final t = 0.649000E+03
 AMRCLAW: level  1  CFL = .275E+00  dt = 0.5000E+00  final t = 0.649500E+03
 AMRCLAW: level  1  CFL = .275E+00  dt = 0.5000E+00  final t = 0.650000E+03
 AMRCLAW: level  1  CFL = .275E+00  dt = 0.5000E+00  final t = 0.650500E+03
 AMRCLAW: level  1  CFL = .275E+00  dt = 0.5000E+00  final t = 0.651000E+03
 AMRCLAW: level  1  CFL = .274E+00  dt = 0.5000E+00  final t = 0.651500E+03
 AMRCLAW: level  1  CFL = .274E+00  dt = 0.5000E+00  final t = 0.652000E+03
 AMRCLAW: level  1  CFL = .274E+00  dt = 0.5000E+00  final t = 0.652500E+03
 AMRCLAW: level  1  CFL = .274E+00  dt = 0.5000E+00  final t = 0.653000E+03
 AMRCLAW: level  1  CFL = .274E+00  dt = 0.5000E+00  final t = 0.653500E+03
 AMRCLAW: level  1  CFL = .274E+00  dt = 0.5000E+00  final t = 0.654000E+03
 AMRCLAW: level  1  CFL = .274E+00  dt = 0.5000E+00  final t = 0.654500E+03
 AMRCLAW: level  1  CFL = .274E+00  dt = 0.5000E+00  final t = 0.655000E+03
 AMRCLAW: level  1  CFL = .274E+00  dt = 0.5000E+00  final t = 0.655500E+03
 AMRCLAW: level  1  CFL = .274E+00  dt = 0.5000E+00  final t = 0.656000E+03
 AMRCLAW: level  1  CFL = .274E+00  dt = 0.5000E+00  final t = 0.656500E+03
 AMRCLAW: level  1  CFL = .274E+00  dt = 0.5000E+00  final t = 0.657000E+03
 AMRCLAW: level  1  CFL = .274E+00  dt = 0.5000E+00  final t = 0.657500E+03
 AMRCLAW: level  1  CFL = .275E+00  dt = 0.5000E+00  final t = 0.658000E+03
 AMRCLAW: level  1  CFL = .275E+00  dt = 0.5000E+00  final t = 0.658500E+03
 AMRCLAW: level  1  CFL = .275E+00  dt = 0.5000E+00  final t = 0.659000E+03
 AMRCLAW: level  1  CFL = .275E+00  dt = 0.5000E+00  final t = 0.659500E+03
 AMRCLAW: level  1  CFL = .275E+00  dt = 0.5000E+00  final t = 0.660000E+03
GEOCLAW: Frame   22 output files done at time t =  0.660000D+03

 AMRCLAW: level  1  CFL = .275E+00  dt = 0.5000E+00  final t = 0.660500E+03
 AMRCLAW: level  1  CFL = .275E+00  dt = 0.5000E+00  final t = 0.661000E+03
 AMRCLAW: level  1  CFL = .275E+00  dt = 0.5000E+00  final t = 0.661500E+03
 AMRCLAW: level  1  CFL = .295E+00  dt = 0.5000E+00  final t = 0.662000E+03
 AMRCLAW: level  1  CFL = .275E+00  dt = 0.5000E+00  final t = 0.662500E+03
 AMRCLAW: level  1  CFL = .275E+00  dt = 0.5000E+00  final t = 0.663000E+03
 AMRCLAW: level  1  CFL = .275E+00  dt = 0.5000E+00  final t = 0.663500E+03
 AMRCLAW: level  1  CFL = .275E+00  dt = 0.5000E+00  final t = 0.664000E+03
 AMRCLAW: level  1  CFL = .275E+00  dt = 0.5000E+00  final t = 0.664500E+03
 AMRCLAW: level  1  CFL = .275E+00  dt = 0.5000E+00  final t = 0.665000E+03
 AMRCLAW: level  1  CFL = .275E+00  dt = 0.5000E+00  final t = 0.665500E+03
 AMRCLAW: level  1  CFL = .275E+00  dt = 0.5000E+00  final t = 0.666000E+03
 AMRCLAW: level  1  CFL = .274E+00  dt = 0.5000E+00  final t = 0.666500E+03
 AMRCLAW: level  1  CFL = .274E+00  dt = 0.5000E+00  final t = 0.667000E+03
 AMRCLAW: level  1  CFL = .274E+00  dt = 0.5000E+00  final t = 0.667500E+03
 AMRCLAW: level  1  CFL = .274E+00  dt = 0.5000E+00  final t = 0.668000E+03
 AMRCLAW: level  1  CFL = .273E+00  dt = 0.5000E+00  final t = 0.668500E+03
 AMRCLAW: level  1  CFL = .273E+00  dt = 0.5000E+00  final t = 0.669000E+03
 AMRCLAW: level  1  CFL = .273E+00  dt = 0.5000E+00  final t = 0.669500E+03
 AMRCLAW: level  1  CFL = .272E+00  dt = 0.5000E+00  final t = 0.670000E+03
 AMRCLAW: level  1  CFL = .272E+00  dt = 0.5000E+00  final t = 0.670500E+03
 AMRCLAW: level  1  CFL = .272E+00  dt = 0.5000E+00  final t = 0.671000E+03
 AMRCLAW: level  1  CFL = .271E+00  dt = 0.5000E+00  final t = 0.671500E+03
 AMRCLAW: level  1  CFL = .271E+00  dt = 0.5000E+00  final t = 0.672000E+03
 AMRCLAW: level  1  CFL = .270E+00  dt = 0.5000E+00  final t = 0.672500E+03
 AMRCLAW: level  1  CFL = .270E+00  dt = 0.5000E+00  final t = 0.673000E+03
 AMRCLAW: level  1  CFL = .269E+00  dt = 0.5000E+00  final t = 0.673500E+03
 AMRCLAW: level  1  CFL = .269E+00  dt = 0.5000E+00  final t = 0.674000E+03
 AMRCLAW: level  1  CFL = .268E+00  dt = 0.5000E+00  final t = 0.674500E+03
 AMRCLAW: level  1  CFL = .268E+00  dt = 0.5000E+00  final t = 0.675000E+03
 AMRCLAW: level  1  CFL = .267E+00  dt = 0.5000E+00  final t = 0.675500E+03
 AMRCLAW: level  1  CFL = .267E+00  dt = 0.5000E+00  final t = 0.676000E+03
 AMRCLAW: level  1  CFL = .266E+00  dt = 0.5000E+00  final t = 0.676500E+03
 AMRCLAW: level  1  CFL = .266E+00  dt = 0.5000E+00  final t = 0.677000E+03
 AMRCLAW: level  1  CFL = .265E+00  dt = 0.5000E+00  final t = 0.677500E+03
 AMRCLAW: level  1  CFL = .265E+00  dt = 0.5000E+00  final t = 0.678000E+03
 AMRCLAW: level  1  CFL = .265E+00  dt = 0.5000E+00  final t = 0.678500E+03
 AMRCLAW: level  1  CFL = .264E+00  dt = 0.5000E+00  final t = 0.679000E+03
 AMRCLAW: level  1  CFL = .264E+00  dt = 0.5000E+00  final t = 0.679500E+03
 AMRCLAW: level  1  CFL = .263E+00  dt = 0.5000E+00  final t = 0.680000E+03
 AMRCLAW: level  1  CFL = .263E+00  dt = 0.5000E+00  final t = 0.680500E+03
 AMRCLAW: level  1  CFL = .262E+00  dt = 0.5000E+00  final t = 0.681000E+03
 AMRCLAW: level  1  CFL = .262E+00  dt = 0.5000E+00  final t = 0.681500E+03
 AMRCLAW: level  1  CFL = .261E+00  dt = 0.5000E+00  final t = 0.682000E+03
 AMRCLAW: level  1  CFL = .261E+00  dt = 0.5000E+00  final t = 0.682500E+03
 AMRCLAW: level  1  CFL = .260E+00  dt = 0.5000E+00  final t = 0.683000E+03
 AMRCLAW: level  1  CFL = .260E+00  dt = 0.5000E+00  final t = 0.683500E+03
 AMRCLAW: level  1  CFL = .261E+00  dt = 0.5000E+00  final t = 0.684000E+03
 AMRCLAW: level  1  CFL = .263E+00  dt = 0.5000E+00  final t = 0.684500E+03
 AMRCLAW: level  1  CFL = .265E+00  dt = 0.5000E+00  final t = 0.685000E+03
 AMRCLAW: level  1  CFL = .267E+00  dt = 0.5000E+00  final t = 0.685500E+03
 AMRCLAW: level  1  CFL = .269E+00  dt = 0.5000E+00  final t = 0.686000E+03
 AMRCLAW: level  1  CFL = .271E+00  dt = 0.5000E+00  final t = 0.686500E+03
 AMRCLAW: level  1  CFL = .274E+00  dt = 0.5000E+00  final t = 0.687000E+03
 AMRCLAW: level  1  CFL = .276E+00  dt = 0.5000E+00  final t = 0.687500E+03
 AMRCLAW: level  1  CFL = .278E+00  dt = 0.5000E+00  final t = 0.688000E+03
 AMRCLAW: level  1  CFL = .280E+00  dt = 0.5000E+00  final t = 0.688500E+03
 AMRCLAW: level  1  CFL = .281E+00  dt = 0.5000E+00  final t = 0.689000E+03
 AMRCLAW: level  1  CFL = .283E+00  dt = 0.5000E+00  final t = 0.689500E+03
 AMRCLAW: level  1  CFL = .284E+00  dt = 0.5000E+00  final t = 0.690000E+03
GEOCLAW: Frame   23 output files done at time t =  0.690000D+03

 AMRCLAW: level  1  CFL = .286E+00  dt = 0.5000E+00  final t = 0.690500E+03
 AMRCLAW: level  1  CFL = .287E+00  dt = 0.5000E+00  final t = 0.691000E+03
 AMRCLAW: level  1  CFL = .287E+00  dt = 0.5000E+00  final t = 0.691500E+03
 AMRCLAW: level  1  CFL = .288E+00  dt = 0.5000E+00  final t = 0.692000E+03
 AMRCLAW: level  1  CFL = .288E+00  dt = 0.5000E+00  final t = 0.692500E+03
 AMRCLAW: level  1  CFL = .289E+00  dt = 0.5000E+00  final t = 0.693000E+03
 AMRCLAW: level  1  CFL = .289E+00  dt = 0.5000E+00  final t = 0.693500E+03
 AMRCLAW: level  1  CFL = .289E+00  dt = 0.5000E+00  final t = 0.694000E+03
 AMRCLAW: level  1  CFL = .288E+00  dt = 0.5000E+00  final t = 0.694500E+03
 AMRCLAW: level  1  CFL = .288E+00  dt = 0.5000E+00  final t = 0.695000E+03
 AMRCLAW: level  1  CFL = .288E+00  dt = 0.5000E+00  final t = 0.695500E+03
 AMRCLAW: level  1  CFL = .287E+00  dt = 0.5000E+00  final t = 0.696000E+03
 AMRCLAW: level  1  CFL = .287E+00  dt = 0.5000E+00  final t = 0.696500E+03
 AMRCLAW: level  1  CFL = .286E+00  dt = 0.5000E+00  final t = 0.697000E+03
 AMRCLAW: level  1  CFL = .286E+00  dt = 0.5000E+00  final t = 0.697500E+03
 AMRCLAW: level  1  CFL = .285E+00  dt = 0.5000E+00  final t = 0.698000E+03
 AMRCLAW: level  1  CFL = .284E+00  dt = 0.5000E+00  final t = 0.698500E+03
 AMRCLAW: level  1  CFL = .283E+00  dt = 0.5000E+00  final t = 0.699000E+03
 AMRCLAW: level  1  CFL = .282E+00  dt = 0.5000E+00  final t = 0.699500E+03
 AMRCLAW: level  1  CFL = .282E+00  dt = 0.5000E+00  final t = 0.700000E+03
 AMRCLAW: level  1  CFL = .281E+00  dt = 0.5000E+00  final t = 0.700500E+03
 AMRCLAW: level  1  CFL = .281E+00  dt = 0.5000E+00  final t = 0.701000E+03
 AMRCLAW: level  1  CFL = .280E+00  dt = 0.5000E+00  final t = 0.701500E+03
 AMRCLAW: level  1  CFL = .280E+00  dt = 0.5000E+00  final t = 0.702000E+03
 AMRCLAW: level  1  CFL = .279E+00  dt = 0.5000E+00  final t = 0.702500E+03
 AMRCLAW: level  1  CFL = .279E+00  dt = 0.5000E+00  final t = 0.703000E+03
 AMRCLAW: level  1  CFL = .279E+00  dt = 0.5000E+00  final t = 0.703500E+03
 AMRCLAW: level  1  CFL = .279E+00  dt = 0.5000E+00  final t = 0.704000E+03
 AMRCLAW: level  1  CFL = .279E+00  dt = 0.5000E+00  final t = 0.704500E+03
 AMRCLAW: level  1  CFL = .279E+00  dt = 0.5000E+00  final t = 0.705000E+03
 AMRCLAW: level  1  CFL = .279E+00  dt = 0.5000E+00  final t = 0.705500E+03
 AMRCLAW: level  1  CFL = .279E+00  dt = 0.5000E+00  final t = 0.706000E+03
 AMRCLAW: level  1  CFL = .279E+00  dt = 0.5000E+00  final t = 0.706500E+03
 AMRCLAW: level  1  CFL = .279E+00  dt = 0.5000E+00  final t = 0.707000E+03
 AMRCLAW: level  1  CFL = .279E+00  dt = 0.5000E+00  final t = 0.707500E+03
 AMRCLAW: level  1  CFL = .279E+00  dt = 0.5000E+00  final t = 0.708000E+03
 AMRCLAW: level  1  CFL = .279E+00  dt = 0.5000E+00  final t = 0.708500E+03
 AMRCLAW: level  1  CFL = .280E+00  dt = 0.5000E+00  final t = 0.709000E+03
 AMRCLAW: level  1  CFL = .280E+00  dt = 0.5000E+00  final t = 0.709500E+03
 AMRCLAW: level  1  CFL = .280E+00  dt = 0.5000E+00  final t = 0.710000E+03
 AMRCLAW: level  1  CFL = .280E+00  dt = 0.5000E+00  final t = 0.710500E+03
 AMRCLAW: level  1  CFL = .280E+00  dt = 0.5000E+00  final t = 0.711000E+03
 AMRCLAW: level  1  CFL = .280E+00  dt = 0.5000E+00  final t = 0.711500E+03
 AMRCLAW: level  1  CFL = .280E+00  dt = 0.5000E+00  final t = 0.712000E+03
 AMRCLAW: level  1  CFL = .280E+00  dt = 0.5000E+00  final t = 0.712500E+03
 AMRCLAW: level  1  CFL = .280E+00  dt = 0.5000E+00  final t = 0.713000E+03
 AMRCLAW: level  1  CFL = .280E+00  dt = 0.5000E+00  final t = 0.713500E+03
 AMRCLAW: level  1  CFL = .280E+00  dt = 0.5000E+00  final t = 0.714000E+03
 AMRCLAW: level  1  CFL = .280E+00  dt = 0.5000E+00  final t = 0.714500E+03
 AMRCLAW: level  1  CFL = .280E+00  dt = 0.5000E+00  final t = 0.715000E+03
 AMRCLAW: level  1  CFL = .280E+00  dt = 0.5000E+00  final t = 0.715500E+03
 AMRCLAW: level  1  CFL = .280E+00  dt = 0.5000E+00  final t = 0.716000E+03
 AMRCLAW: level  1  CFL = .280E+00  dt = 0.5000E+00  final t = 0.716500E+03
 AMRCLAW: level  1  CFL = .280E+00  dt = 0.5000E+00  final t = 0.717000E+03
 AMRCLAW: level  1  CFL = .280E+00  dt = 0.5000E+00  final t = 0.717500E+03
 AMRCLAW: level  1  CFL = .280E+00  dt = 0.5000E+00  final t = 0.718000E+03
 AMRCLAW: level  1  CFL = .280E+00  dt = 0.5000E+00  final t = 0.718500E+03
 AMRCLAW: level  1  CFL = .280E+00  dt = 0.5000E+00  final t = 0.719000E+03
 AMRCLAW: level  1  CFL = .280E+00  dt = 0.5000E+00  final t = 0.719500E+03
 AMRCLAW: level  1  CFL = .280E+00  dt = 0.5000E+00  final t = 0.720000E+03
GEOCLAW: Frame   24 output files done at time t =  0.720000D+03

 AMRCLAW: level  1  CFL = .280E+00  dt = 0.5000E+00  final t = 0.720500E+03
 AMRCLAW: level  1  CFL = .280E+00  dt = 0.5000E+00  final t = 0.721000E+03
 AMRCLAW: level  1  CFL = .280E+00  dt = 0.5000E+00  final t = 0.721500E+03
 AMRCLAW: level  1  CFL = .280E+00  dt = 0.5000E+00  final t = 0.722000E+03
 AMRCLAW: level  1  CFL = .280E+00  dt = 0.5000E+00  final t = 0.722500E+03
 AMRCLAW: level  1  CFL = .280E+00  dt = 0.5000E+00  final t = 0.723000E+03
 AMRCLAW: level  1  CFL = .280E+00  dt = 0.5000E+00  final t = 0.723500E+03
 AMRCLAW: level  1  CFL = .280E+00  dt = 0.5000E+00  final t = 0.724000E+03
 AMRCLAW: level  1  CFL = .279E+00  dt = 0.5000E+00  final t = 0.724500E+03
 AMRCLAW: level  1  CFL = .279E+00  dt = 0.5000E+00  final t = 0.725000E+03
 AMRCLAW: level  1  CFL = .279E+00  dt = 0.5000E+00  final t = 0.725500E+03
 AMRCLAW: level  1  CFL = .279E+00  dt = 0.5000E+00  final t = 0.726000E+03
 AMRCLAW: level  1  CFL = .279E+00  dt = 0.5000E+00  final t = 0.726500E+03
 AMRCLAW: level  1  CFL = .279E+00  dt = 0.5000E+00  final t = 0.727000E+03
 AMRCLAW: level  1  CFL = .279E+00  dt = 0.5000E+00  final t = 0.727500E+03
 AMRCLAW: level  1  CFL = .279E+00  dt = 0.5000E+00  final t = 0.728000E+03
 AMRCLAW: level  1  CFL = .279E+00  dt = 0.5000E+00  final t = 0.728500E+03
 AMRCLAW: level  1  CFL = .279E+00  dt = 0.5000E+00  final t = 0.729000E+03
 AMRCLAW: level  1  CFL = .279E+00  dt = 0.5000E+00  final t = 0.729500E+03
 AMRCLAW: level  1  CFL = .279E+00  dt = 0.5000E+00  final t = 0.730000E+03
 AMRCLAW: level  1  CFL = .279E+00  dt = 0.5000E+00  final t = 0.730500E+03
 AMRCLAW: level  1  CFL = .279E+00  dt = 0.5000E+00  final t = 0.731000E+03
 AMRCLAW: level  1  CFL = .279E+00  dt = 0.5000E+00  final t = 0.731500E+03
 AMRCLAW: level  1  CFL = .279E+00  dt = 0.5000E+00  final t = 0.732000E+03
 AMRCLAW: level  1  CFL = .279E+00  dt = 0.5000E+00  final t = 0.732500E+03
 AMRCLAW: level  1  CFL = .279E+00  dt = 0.5000E+00  final t = 0.733000E+03
 AMRCLAW: level  1  CFL = .279E+00  dt = 0.5000E+00  final t = 0.733500E+03
 AMRCLAW: level  1  CFL = .279E+00  dt = 0.5000E+00  final t = 0.734000E+03
 AMRCLAW: level  1  CFL = .279E+00  dt = 0.5000E+00  final t = 0.734500E+03
 AMRCLAW: level  1  CFL = .279E+00  dt = 0.5000E+00  final t = 0.735000E+03
 AMRCLAW: level  1  CFL = .279E+00  dt = 0.5000E+00  final t = 0.735500E+03
 AMRCLAW: level  1  CFL = .279E+00  dt = 0.5000E+00  final t = 0.736000E+03
 AMRCLAW: level  1  CFL = .279E+00  dt = 0.5000E+00  final t = 0.736500E+03
 AMRCLAW: level  1  CFL = .279E+00  dt = 0.5000E+00  final t = 0.737000E+03
 AMRCLAW: level  1  CFL = .279E+00  dt = 0.5000E+00  final t = 0.737500E+03
 AMRCLAW: level  1  CFL = .279E+00  dt = 0.5000E+00  final t = 0.738000E+03
 AMRCLAW: level  1  CFL = .279E+00  dt = 0.5000E+00  final t = 0.738500E+03
 AMRCLAW: level  1  CFL = .279E+00  dt = 0.5000E+00  final t = 0.739000E+03
 AMRCLAW: level  1  CFL = .279E+00  dt = 0.5000E+00  final t = 0.739500E+03
 AMRCLAW: level  1  CFL = .279E+00  dt = 0.5000E+00  final t = 0.740000E+03
 AMRCLAW: level  1  CFL = .279E+00  dt = 0.5000E+00  final t = 0.740500E+03
 AMRCLAW: level  1  CFL = .279E+00  dt = 0.5000E+00  final t = 0.741000E+03
 AMRCLAW: level  1  CFL = .278E+00  dt = 0.5000E+00  final t = 0.741500E+03
 AMRCLAW: level  1  CFL = .278E+00  dt = 0.5000E+00  final t = 0.742000E+03
 AMRCLAW: level  1  CFL = .278E+00  dt = 0.5000E+00  final t = 0.742500E+03
 AMRCLAW: level  1  CFL = .278E+00  dt = 0.5000E+00  final t = 0.743000E+03
 AMRCLAW: level  1  CFL = .278E+00  dt = 0.5000E+00  final t = 0.743500E+03
 AMRCLAW: level  1  CFL = .278E+00  dt = 0.5000E+00  final t = 0.744000E+03
 AMRCLAW: level  1  CFL = .278E+00  dt = 0.5000E+00  final t = 0.744500E+03
 AMRCLAW: level  1  CFL = .278E+00  dt = 0.5000E+00  final t = 0.745000E+03
 AMRCLAW: level  1  CFL = .278E+00  dt = 0.5000E+00  final t = 0.745500E+03
 AMRCLAW: level  1  CFL = .278E+00  dt = 0.5000E+00  final t = 0.746000E+03
 AMRCLAW: level  1  CFL = .278E+00  dt = 0.5000E+00  final t = 0.746500E+03
 AMRCLAW: level  1  CFL = .278E+00  dt = 0.5000E+00  final t = 0.747000E+03
 AMRCLAW: level  1  CFL = .278E+00  dt = 0.5000E+00  final t = 0.747500E+03
 AMRCLAW: level  1  CFL = .278E+00  dt = 0.5000E+00  final t = 0.748000E+03
 AMRCLAW: level  1  CFL = .278E+00  dt = 0.5000E+00  final t = 0.748500E+03
 AMRCLAW: level  1  CFL = .278E+00  dt = 0.5000E+00  final t = 0.749000E+03
 AMRCLAW: level  1  CFL = .278E+00  dt = 0.5000E+00  final t = 0.749500E+03
 AMRCLAW: level  1  CFL = .278E+00  dt = 0.5000E+00  final t = 0.750000E+03
GEOCLAW: Frame   25 output files done at time t =  0.750000D+03

 AMRCLAW: level  1  CFL = .278E+00  dt = 0.5000E+00  final t = 0.750500E+03
 AMRCLAW: level  1  CFL = .278E+00  dt = 0.5000E+00  final t = 0.751000E+03
 AMRCLAW: level  1  CFL = .278E+00  dt = 0.5000E+00  final t = 0.751500E+03
 AMRCLAW: level  1  CFL = .278E+00  dt = 0.5000E+00  final t = 0.752000E+03
 AMRCLAW: level  1  CFL = .278E+00  dt = 0.5000E+00  final t = 0.752500E+03
 AMRCLAW: level  1  CFL = .278E+00  dt = 0.5000E+00  final t = 0.753000E+03
 AMRCLAW: level  1  CFL = .278E+00  dt = 0.5000E+00  final t = 0.753500E+03
 AMRCLAW: level  1  CFL = .278E+00  dt = 0.5000E+00  final t = 0.754000E+03
 AMRCLAW: level  1  CFL = .278E+00  dt = 0.5000E+00  final t = 0.754500E+03
 AMRCLAW: level  1  CFL = .278E+00  dt = 0.5000E+00  final t = 0.755000E+03
 AMRCLAW: level  1  CFL = .277E+00  dt = 0.5000E+00  final t = 0.755500E+03
 AMRCLAW: level  1  CFL = .277E+00  dt = 0.5000E+00  final t = 0.756000E+03
 AMRCLAW: level  1  CFL = .277E+00  dt = 0.5000E+00  final t = 0.756500E+03
 AMRCLAW: level  1  CFL = .277E+00  dt = 0.5000E+00  final t = 0.757000E+03
 AMRCLAW: level  1  CFL = .277E+00  dt = 0.5000E+00  final t = 0.757500E+03
 AMRCLAW: level  1  CFL = .277E+00  dt = 0.5000E+00  final t = 0.758000E+03
 AMRCLAW: level  1  CFL = .277E+00  dt = 0.5000E+00  final t = 0.758500E+03
 AMRCLAW: level  1  CFL = .277E+00  dt = 0.5000E+00  final t = 0.759000E+03
 AMRCLAW: level  1  CFL = .277E+00  dt = 0.5000E+00  final t = 0.759500E+03
 AMRCLAW: level  1  CFL = .277E+00  dt = 0.5000E+00  final t = 0.760000E+03
 AMRCLAW: level  1  CFL = .277E+00  dt = 0.5000E+00  final t = 0.760500E+03
 AMRCLAW: level  1  CFL = .277E+00  dt = 0.5000E+00  final t = 0.761000E+03
 AMRCLAW: level  1  CFL = .277E+00  dt = 0.5000E+00  final t = 0.761500E+03
 AMRCLAW: level  1  CFL = .277E+00  dt = 0.5000E+00  final t = 0.762000E+03
 AMRCLAW: level  1  CFL = .277E+00  dt = 0.5000E+00  final t = 0.762500E+03
 AMRCLAW: level  1  CFL = .277E+00  dt = 0.5000E+00  final t = 0.763000E+03
 AMRCLAW: level  1  CFL = .277E+00  dt = 0.5000E+00  final t = 0.763500E+03
 AMRCLAW: level  1  CFL = .277E+00  dt = 0.5000E+00  final t = 0.764000E+03
 AMRCLAW: level  1  CFL = .277E+00  dt = 0.5000E+00  final t = 0.764500E+03
 AMRCLAW: level  1  CFL = .276E+00  dt = 0.5000E+00  final t = 0.765000E+03
 AMRCLAW: level  1  CFL = .276E+00  dt = 0.5000E+00  final t = 0.765500E+03
 AMRCLAW: level  1  CFL = .276E+00  dt = 0.5000E+00  final t = 0.766000E+03
 AMRCLAW: level  1  CFL = .276E+00  dt = 0.5000E+00  final t = 0.766500E+03
 AMRCLAW: level  1  CFL = .276E+00  dt = 0.5000E+00  final t = 0.767000E+03
 AMRCLAW: level  1  CFL = .276E+00  dt = 0.5000E+00  final t = 0.767500E+03
 AMRCLAW: level  1  CFL = .276E+00  dt = 0.5000E+00  final t = 0.768000E+03
 AMRCLAW: level  1  CFL = .276E+00  dt = 0.5000E+00  final t = 0.768500E+03
 AMRCLAW: level  1  CFL = .276E+00  dt = 0.5000E+00  final t = 0.769000E+03
 AMRCLAW: level  1  CFL = .276E+00  dt = 0.5000E+00  final t = 0.769500E+03
 AMRCLAW: level  1  CFL = .276E+00  dt = 0.5000E+00  final t = 0.770000E+03
 AMRCLAW: level  1  CFL = .275E+00  dt = 0.5000E+00  final t = 0.770500E+03
 AMRCLAW: level  1  CFL = .275E+00  dt = 0.5000E+00  final t = 0.771000E+03
 AMRCLAW: level  1  CFL = .275E+00  dt = 0.5000E+00  final t = 0.771500E+03
 AMRCLAW: level  1  CFL = .275E+00  dt = 0.5000E+00  final t = 0.772000E+03
 AMRCLAW: level  1  CFL = .275E+00  dt = 0.5000E+00  final t = 0.772500E+03
 AMRCLAW: level  1  CFL = .274E+00  dt = 0.5000E+00  final t = 0.773000E+03
 AMRCLAW: level  1  CFL = .274E+00  dt = 0.5000E+00  final t = 0.773500E+03
 AMRCLAW: level  1  CFL = .274E+00  dt = 0.5000E+00  final t = 0.774000E+03
 AMRCLAW: level  1  CFL = .273E+00  dt = 0.5000E+00  final t = 0.774500E+03
 AMRCLAW: level  1  CFL = .273E+00  dt = 0.5000E+00  final t = 0.775000E+03
 AMRCLAW: level  1  CFL = .273E+00  dt = 0.5000E+00  final t = 0.775500E+03
 AMRCLAW: level  1  CFL = .272E+00  dt = 0.5000E+00  final t = 0.776000E+03
 AMRCLAW: level  1  CFL = .272E+00  dt = 0.5000E+00  final t = 0.776500E+03
 AMRCLAW: level  1  CFL = .271E+00  dt = 0.5000E+00  final t = 0.777000E+03
 AMRCLAW: level  1  CFL = .271E+00  dt = 0.5000E+00  final t = 0.777500E+03
 AMRCLAW: level  1  CFL = .270E+00  dt = 0.5000E+00  final t = 0.778000E+03
 AMRCLAW: level  1  CFL = .270E+00  dt = 0.5000E+00  final t = 0.778500E+03
 AMRCLAW: level  1  CFL = .269E+00  dt = 0.5000E+00  final t = 0.779000E+03
 AMRCLAW: level  1  CFL = .269E+00  dt = 0.5000E+00  final t = 0.779500E+03
 AMRCLAW: level  1  CFL = .268E+00  dt = 0.5000E+00  final t = 0.780000E+03
GEOCLAW: Frame   26 output files done at time t =  0.780000D+03

 AMRCLAW: level  1  CFL = .268E+00  dt = 0.5000E+00  final t = 0.780500E+03
 AMRCLAW: level  1  CFL = .267E+00  dt = 0.5000E+00  final t = 0.781000E+03
 AMRCLAW: level  1  CFL = .267E+00  dt = 0.5000E+00  final t = 0.781500E+03
 AMRCLAW: level  1  CFL = .266E+00  dt = 0.5000E+00  final t = 0.782000E+03
 AMRCLAW: level  1  CFL = .266E+00  dt = 0.5000E+00  final t = 0.782500E+03
 AMRCLAW: level  1  CFL = .265E+00  dt = 0.5000E+00  final t = 0.783000E+03
 AMRCLAW: level  1  CFL = .265E+00  dt = 0.5000E+00  final t = 0.783500E+03
 AMRCLAW: level  1  CFL = .264E+00  dt = 0.5000E+00  final t = 0.784000E+03
 AMRCLAW: level  1  CFL = .264E+00  dt = 0.5000E+00  final t = 0.784500E+03
 AMRCLAW: level  1  CFL = .264E+00  dt = 0.5000E+00  final t = 0.785000E+03
 AMRCLAW: level  1  CFL = .263E+00  dt = 0.5000E+00  final t = 0.785500E+03
 AMRCLAW: level  1  CFL = .263E+00  dt = 0.5000E+00  final t = 0.786000E+03
 AMRCLAW: level  1  CFL = .262E+00  dt = 0.5000E+00  final t = 0.786500E+03
 AMRCLAW: level  1  CFL = .262E+00  dt = 0.5000E+00  final t = 0.787000E+03
 AMRCLAW: level  1  CFL = .262E+00  dt = 0.5000E+00  final t = 0.787500E+03
 AMRCLAW: level  1  CFL = .261E+00  dt = 0.5000E+00  final t = 0.788000E+03
 AMRCLAW: level  1  CFL = .261E+00  dt = 0.5000E+00  final t = 0.788500E+03
 AMRCLAW: level  1  CFL = .261E+00  dt = 0.5000E+00  final t = 0.789000E+03
 AMRCLAW: level  1  CFL = .261E+00  dt = 0.5000E+00  final t = 0.789500E+03
 AMRCLAW: level  1  CFL = .260E+00  dt = 0.5000E+00  final t = 0.790000E+03
 AMRCLAW: level  1  CFL = .260E+00  dt = 0.5000E+00  final t = 0.790500E+03
 AMRCLAW: level  1  CFL = .260E+00  dt = 0.5000E+00  final t = 0.791000E+03
 AMRCLAW: level  1  CFL = .260E+00  dt = 0.5000E+00  final t = 0.791500E+03
 AMRCLAW: level  1  CFL = .260E+00  dt = 0.5000E+00  final t = 0.792000E+03
 AMRCLAW: level  1  CFL = .260E+00  dt = 0.5000E+00  final t = 0.792500E+03
 AMRCLAW: level  1  CFL = .260E+00  dt = 0.5000E+00  final t = 0.793000E+03
 AMRCLAW: level  1  CFL = .260E+00  dt = 0.5000E+00  final t = 0.793500E+03
 AMRCLAW: level  1  CFL = .260E+00  dt = 0.5000E+00  final t = 0.794000E+03
 AMRCLAW: level  1  CFL = .259E+00  dt = 0.5000E+00  final t = 0.794500E+03
 AMRCLAW: level  1  CFL = .259E+00  dt = 0.5000E+00  final t = 0.795000E+03
 AMRCLAW: level  1  CFL = .259E+00  dt = 0.5000E+00  final t = 0.795500E+03
 AMRCLAW: level  1  CFL = .259E+00  dt = 0.5000E+00  final t = 0.796000E+03
 AMRCLAW: level  1  CFL = .259E+00  dt = 0.5000E+00  final t = 0.796500E+03
 AMRCLAW: level  1  CFL = .259E+00  dt = 0.5000E+00  final t = 0.797000E+03
 AMRCLAW: level  1  CFL = .259E+00  dt = 0.5000E+00  final t = 0.797500E+03
 AMRCLAW: level  1  CFL = .259E+00  dt = 0.5000E+00  final t = 0.798000E+03
 AMRCLAW: level  1  CFL = .259E+00  dt = 0.5000E+00  final t = 0.798500E+03
 AMRCLAW: level  1  CFL = .259E+00  dt = 0.5000E+00  final t = 0.799000E+03
 AMRCLAW: level  1  CFL = .259E+00  dt = 0.5000E+00  final t = 0.799500E+03
 AMRCLAW: level  1  CFL = .259E+00  dt = 0.5000E+00  final t = 0.800000E+03
 AMRCLAW: level  1  CFL = .259E+00  dt = 0.5000E+00  final t = 0.800500E+03
 AMRCLAW: level  1  CFL = .259E+00  dt = 0.5000E+00  final t = 0.801000E+03
 AMRCLAW: level  1  CFL = .259E+00  dt = 0.5000E+00  final t = 0.801500E+03
 AMRCLAW: level  1  CFL = .259E+00  dt = 0.5000E+00  final t = 0.802000E+03
 AMRCLAW: level  1  CFL = .258E+00  dt = 0.5000E+00  final t = 0.802500E+03
 AMRCLAW: level  1  CFL = .258E+00  dt = 0.5000E+00  final t = 0.803000E+03
 AMRCLAW: level  1  CFL = .258E+00  dt = 0.5000E+00  final t = 0.803500E+03
 AMRCLAW: level  1  CFL = .258E+00  dt = 0.5000E+00  final t = 0.804000E+03
 AMRCLAW: level  1  CFL = .258E+00  dt = 0.5000E+00  final t = 0.804500E+03
 AMRCLAW: level  1  CFL = .258E+00  dt = 0.5000E+00  final t = 0.805000E+03
 AMRCLAW: level  1  CFL = .258E+00  dt = 0.5000E+00  final t = 0.805500E+03
 AMRCLAW: level  1  CFL = .258E+00  dt = 0.5000E+00  final t = 0.806000E+03
 AMRCLAW: level  1  CFL = .258E+00  dt = 0.5000E+00  final t = 0.806500E+03
 AMRCLAW: level  1  CFL = .258E+00  dt = 0.5000E+00  final t = 0.807000E+03
 AMRCLAW: level  1  CFL = .258E+00  dt = 0.5000E+00  final t = 0.807500E+03
 AMRCLAW: level  1  CFL = .258E+00  dt = 0.5000E+00  final t = 0.808000E+03
 AMRCLAW: level  1  CFL = .258E+00  dt = 0.5000E+00  final t = 0.808500E+03
 AMRCLAW: level  1  CFL = .258E+00  dt = 0.5000E+00  final t = 0.809000E+03
 AMRCLAW: level  1  CFL = .258E+00  dt = 0.5000E+00  final t = 0.809500E+03
 AMRCLAW: level  1  CFL = .258E+00  dt = 0.5000E+00  final t = 0.810000E+03
GEOCLAW: Frame   27 output files done at time t =  0.810000D+03

 AMRCLAW: level  1  CFL = .258E+00  dt = 0.5000E+00  final t = 0.810500E+03
 AMRCLAW: level  1  CFL = .258E+00  dt = 0.5000E+00  final t = 0.811000E+03
 AMRCLAW: level  1  CFL = .258E+00  dt = 0.5000E+00  final t = 0.811500E+03
 AMRCLAW: level  1  CFL = .258E+00  dt = 0.5000E+00  final t = 0.812000E+03
 AMRCLAW: level  1  CFL = .258E+00  dt = 0.5000E+00  final t = 0.812500E+03
 AMRCLAW: level  1  CFL = .258E+00  dt = 0.5000E+00  final t = 0.813000E+03
 AMRCLAW: level  1  CFL = .258E+00  dt = 0.5000E+00  final t = 0.813500E+03
 AMRCLAW: level  1  CFL = .257E+00  dt = 0.5000E+00  final t = 0.814000E+03
 AMRCLAW: level  1  CFL = .257E+00  dt = 0.5000E+00  final t = 0.814500E+03
 AMRCLAW: level  1  CFL = .257E+00  dt = 0.5000E+00  final t = 0.815000E+03
 AMRCLAW: level  1  CFL = .257E+00  dt = 0.5000E+00  final t = 0.815500E+03
 AMRCLAW: level  1  CFL = .257E+00  dt = 0.5000E+00  final t = 0.816000E+03
 AMRCLAW: level  1  CFL = .257E+00  dt = 0.5000E+00  final t = 0.816500E+03
 AMRCLAW: level  1  CFL = .257E+00  dt = 0.5000E+00  final t = 0.817000E+03
 AMRCLAW: level  1  CFL = .257E+00  dt = 0.5000E+00  final t = 0.817500E+03
 AMRCLAW: level  1  CFL = .257E+00  dt = 0.5000E+00  final t = 0.818000E+03
 AMRCLAW: level  1  CFL = .257E+00  dt = 0.5000E+00  final t = 0.818500E+03
 AMRCLAW: level  1  CFL = .257E+00  dt = 0.5000E+00  final t = 0.819000E+03
 AMRCLAW: level  1  CFL = .257E+00  dt = 0.5000E+00  final t = 0.819500E+03
 AMRCLAW: level  1  CFL = .257E+00  dt = 0.5000E+00  final t = 0.820000E+03
 AMRCLAW: level  1  CFL = .257E+00  dt = 0.5000E+00  final t = 0.820500E+03
 AMRCLAW: level  1  CFL = .257E+00  dt = 0.5000E+00  final t = 0.821000E+03
 AMRCLAW: level  1  CFL = .256E+00  dt = 0.5000E+00  final t = 0.821500E+03
 AMRCLAW: level  1  CFL = .256E+00  dt = 0.5000E+00  final t = 0.822000E+03
 AMRCLAW: level  1  CFL = .256E+00  dt = 0.5000E+00  final t = 0.822500E+03
 AMRCLAW: level  1  CFL = .256E+00  dt = 0.5000E+00  final t = 0.823000E+03
 AMRCLAW: level  1  CFL = .256E+00  dt = 0.5000E+00  final t = 0.823500E+03
 AMRCLAW: level  1  CFL = .256E+00  dt = 0.5000E+00  final t = 0.824000E+03
 AMRCLAW: level  1  CFL = .256E+00  dt = 0.5000E+00  final t = 0.824500E+03
 AMRCLAW: level  1  CFL = .256E+00  dt = 0.5000E+00  final t = 0.825000E+03
 AMRCLAW: level  1  CFL = .256E+00  dt = 0.5000E+00  final t = 0.825500E+03
 AMRCLAW: level  1  CFL = .256E+00  dt = 0.5000E+00  final t = 0.826000E+03
 AMRCLAW: level  1  CFL = .256E+00  dt = 0.5000E+00  final t = 0.826500E+03
 AMRCLAW: level  1  CFL = .256E+00  dt = 0.5000E+00  final t = 0.827000E+03
 AMRCLAW: level  1  CFL = .255E+00  dt = 0.5000E+00  final t = 0.827500E+03
 AMRCLAW: level  1  CFL = .255E+00  dt = 0.5000E+00  final t = 0.828000E+03
 AMRCLAW: level  1  CFL = .255E+00  dt = 0.5000E+00  final t = 0.828500E+03
 AMRCLAW: level  1  CFL = .255E+00  dt = 0.5000E+00  final t = 0.829000E+03
 AMRCLAW: level  1  CFL = .255E+00  dt = 0.5000E+00  final t = 0.829500E+03
 AMRCLAW: level  1  CFL = .255E+00  dt = 0.5000E+00  final t = 0.830000E+03
 AMRCLAW: level  1  CFL = .255E+00  dt = 0.5000E+00  final t = 0.830500E+03
 AMRCLAW: level  1  CFL = .255E+00  dt = 0.5000E+00  final t = 0.831000E+03
 AMRCLAW: level  1  CFL = .255E+00  dt = 0.5000E+00  final t = 0.831500E+03
 AMRCLAW: level  1  CFL = .255E+00  dt = 0.5000E+00  final t = 0.832000E+03
 AMRCLAW: level  1  CFL = .255E+00  dt = 0.5000E+00  final t = 0.832500E+03
 AMRCLAW: level  1  CFL = .255E+00  dt = 0.5000E+00  final t = 0.833000E+03
 AMRCLAW: level  1  CFL = .255E+00  dt = 0.5000E+00  final t = 0.833500E+03
 AMRCLAW: level  1  CFL = .254E+00  dt = 0.5000E+00  final t = 0.834000E+03
 AMRCLAW: level  1  CFL = .254E+00  dt = 0.5000E+00  final t = 0.834500E+03
 AMRCLAW: level  1  CFL = .254E+00  dt = 0.5000E+00  final t = 0.835000E+03
 AMRCLAW: level  1  CFL = .254E+00  dt = 0.5000E+00  final t = 0.835500E+03
 AMRCLAW: level  1  CFL = .254E+00  dt = 0.5000E+00  final t = 0.836000E+03
 AMRCLAW: level  1  CFL = .254E+00  dt = 0.5000E+00  final t = 0.836500E+03
 AMRCLAW: level  1  CFL = .254E+00  dt = 0.5000E+00  final t = 0.837000E+03
 AMRCLAW: level  1  CFL = .254E+00  dt = 0.5000E+00  final t = 0.837500E+03
 AMRCLAW: level  1  CFL = .254E+00  dt = 0.5000E+00  final t = 0.838000E+03
 AMRCLAW: level  1  CFL = .254E+00  dt = 0.5000E+00  final t = 0.838500E+03
 AMRCLAW: level  1  CFL = .254E+00  dt = 0.5000E+00  final t = 0.839000E+03
 AMRCLAW: level  1  CFL = .254E+00  dt = 0.5000E+00  final t = 0.839500E+03
 AMRCLAW: level  1  CFL = .253E+00  dt = 0.5000E+00  final t = 0.840000E+03
GEOCLAW: Frame   28 output files done at time t =  0.840000D+03

 AMRCLAW: level  1  CFL = .253E+00  dt = 0.5000E+00  final t = 0.840500E+03
 AMRCLAW: level  1  CFL = .253E+00  dt = 0.5000E+00  final t = 0.841000E+03
 AMRCLAW: level  1  CFL = .253E+00  dt = 0.5000E+00  final t = 0.841500E+03
 AMRCLAW: level  1  CFL = .253E+00  dt = 0.5000E+00  final t = 0.842000E+03
 AMRCLAW: level  1  CFL = .253E+00  dt = 0.5000E+00  final t = 0.842500E+03
 AMRCLAW: level  1  CFL = .253E+00  dt = 0.5000E+00  final t = 0.843000E+03
 AMRCLAW: level  1  CFL = .253E+00  dt = 0.5000E+00  final t = 0.843500E+03
 AMRCLAW: level  1  CFL = .253E+00  dt = 0.5000E+00  final t = 0.844000E+03
 AMRCLAW: level  1  CFL = .253E+00  dt = 0.5000E+00  final t = 0.844500E+03
 AMRCLAW: level  1  CFL = .253E+00  dt = 0.5000E+00  final t = 0.845000E+03
 AMRCLAW: level  1  CFL = .252E+00  dt = 0.5000E+00  final t = 0.845500E+03
 AMRCLAW: level  1  CFL = .252E+00  dt = 0.5000E+00  final t = 0.846000E+03
 AMRCLAW: level  1  CFL = .252E+00  dt = 0.5000E+00  final t = 0.846500E+03
 AMRCLAW: level  1  CFL = .252E+00  dt = 0.5000E+00  final t = 0.847000E+03
 AMRCLAW: level  1  CFL = .252E+00  dt = 0.5000E+00  final t = 0.847500E+03
 AMRCLAW: level  1  CFL = .252E+00  dt = 0.5000E+00  final t = 0.848000E+03
 AMRCLAW: level  1  CFL = .252E+00  dt = 0.5000E+00  final t = 0.848500E+03
 AMRCLAW: level  1  CFL = .252E+00  dt = 0.5000E+00  final t = 0.849000E+03
 AMRCLAW: level  1  CFL = .252E+00  dt = 0.5000E+00  final t = 0.849500E+03
 AMRCLAW: level  1  CFL = .252E+00  dt = 0.5000E+00  final t = 0.850000E+03
 AMRCLAW: level  1  CFL = .251E+00  dt = 0.5000E+00  final t = 0.850500E+03
 AMRCLAW: level  1  CFL = .251E+00  dt = 0.5000E+00  final t = 0.851000E+03
 AMRCLAW: level  1  CFL = .251E+00  dt = 0.5000E+00  final t = 0.851500E+03
 AMRCLAW: level  1  CFL = .251E+00  dt = 0.5000E+00  final t = 0.852000E+03
 AMRCLAW: level  1  CFL = .251E+00  dt = 0.5000E+00  final t = 0.852500E+03
 AMRCLAW: level  1  CFL = .251E+00  dt = 0.5000E+00  final t = 0.853000E+03
 AMRCLAW: level  1  CFL = .251E+00  dt = 0.5000E+00  final t = 0.853500E+03
 AMRCLAW: level  1  CFL = .251E+00  dt = 0.5000E+00  final t = 0.854000E+03
 AMRCLAW: level  1  CFL = .251E+00  dt = 0.5000E+00  final t = 0.854500E+03
 AMRCLAW: level  1  CFL = .251E+00  dt = 0.5000E+00  final t = 0.855000E+03
 AMRCLAW: level  1  CFL = .250E+00  dt = 0.5000E+00  final t = 0.855500E+03
 AMRCLAW: level  1  CFL = .250E+00  dt = 0.5000E+00  final t = 0.856000E+03
 AMRCLAW: level  1  CFL = .250E+00  dt = 0.5000E+00  final t = 0.856500E+03
 AMRCLAW: level  1  CFL = .250E+00  dt = 0.5000E+00  final t = 0.857000E+03
 AMRCLAW: level  1  CFL = .250E+00  dt = 0.5000E+00  final t = 0.857500E+03
 AMRCLAW: level  1  CFL = .250E+00  dt = 0.5000E+00  final t = 0.858000E+03
 AMRCLAW: level  1  CFL = .250E+00  dt = 0.5000E+00  final t = 0.858500E+03
 AMRCLAW: level  1  CFL = .250E+00  dt = 0.5000E+00  final t = 0.859000E+03
 AMRCLAW: level  1  CFL = .250E+00  dt = 0.5000E+00  final t = 0.859500E+03
 AMRCLAW: level  1  CFL = .250E+00  dt = 0.5000E+00  final t = 0.860000E+03
 AMRCLAW: level  1  CFL = .250E+00  dt = 0.5000E+00  final t = 0.860500E+03
 AMRCLAW: level  1  CFL = .249E+00  dt = 0.5000E+00  final t = 0.861000E+03
 AMRCLAW: level  1  CFL = .249E+00  dt = 0.5000E+00  final t = 0.861500E+03
 AMRCLAW: level  1  CFL = .249E+00  dt = 0.5000E+00  final t = 0.862000E+03
 AMRCLAW: level  1  CFL = .249E+00  dt = 0.5000E+00  final t = 0.862500E+03
 AMRCLAW: level  1  CFL = .249E+00  dt = 0.5000E+00  final t = 0.863000E+03
 AMRCLAW: level  1  CFL = .249E+00  dt = 0.5000E+00  final t = 0.863500E+03
 AMRCLAW: level  1  CFL = .249E+00  dt = 0.5000E+00  final t = 0.864000E+03
 AMRCLAW: level  1  CFL = .249E+00  dt = 0.5000E+00  final t = 0.864500E+03
 AMRCLAW: level  1  CFL = .249E+00  dt = 0.5000E+00  final t = 0.865000E+03
 AMRCLAW: level  1  CFL = .249E+00  dt = 0.5000E+00  final t = 0.865500E+03
 AMRCLAW: level  1  CFL = .249E+00  dt = 0.5000E+00  final t = 0.866000E+03
 AMRCLAW: level  1  CFL = .249E+00  dt = 0.5000E+00  final t = 0.866500E+03
 AMRCLAW: level  1  CFL = .248E+00  dt = 0.5000E+00  final t = 0.867000E+03
 AMRCLAW: level  1  CFL = .248E+00  dt = 0.5000E+00  final t = 0.867500E+03
 AMRCLAW: level  1  CFL = .248E+00  dt = 0.5000E+00  final t = 0.868000E+03
 AMRCLAW: level  1  CFL = .248E+00  dt = 0.5000E+00  final t = 0.868500E+03
 AMRCLAW: level  1  CFL = .248E+00  dt = 0.5000E+00  final t = 0.869000E+03
 AMRCLAW: level  1  CFL = .248E+00  dt = 0.5000E+00  final t = 0.869500E+03
 AMRCLAW: level  1  CFL = .248E+00  dt = 0.5000E+00  final t = 0.870000E+03
GEOCLAW: Frame   29 output files done at time t =  0.870000D+03

 AMRCLAW: level  1  CFL = .248E+00  dt = 0.5000E+00  final t = 0.870500E+03
 AMRCLAW: level  1  CFL = .248E+00  dt = 0.5000E+00  final t = 0.871000E+03
 AMRCLAW: level  1  CFL = .248E+00  dt = 0.5000E+00  final t = 0.871500E+03
 AMRCLAW: level  1  CFL = .248E+00  dt = 0.5000E+00  final t = 0.872000E+03
 AMRCLAW: level  1  CFL = .248E+00  dt = 0.5000E+00  final t = 0.872500E+03
 AMRCLAW: level  1  CFL = .248E+00  dt = 0.5000E+00  final t = 0.873000E+03
 AMRCLAW: level  1  CFL = .247E+00  dt = 0.5000E+00  final t = 0.873500E+03
 AMRCLAW: level  1  CFL = .247E+00  dt = 0.5000E+00  final t = 0.874000E+03
 AMRCLAW: level  1  CFL = .247E+00  dt = 0.5000E+00  final t = 0.874500E+03
 AMRCLAW: level  1  CFL = .247E+00  dt = 0.5000E+00  final t = 0.875000E+03
 AMRCLAW: level  1  CFL = .247E+00  dt = 0.5000E+00  final t = 0.875500E+03
 AMRCLAW: level  1  CFL = .247E+00  dt = 0.5000E+00  final t = 0.876000E+03
 AMRCLAW: level  1  CFL = .247E+00  dt = 0.5000E+00  final t = 0.876500E+03
 AMRCLAW: level  1  CFL = .247E+00  dt = 0.5000E+00  final t = 0.877000E+03
 AMRCLAW: level  1  CFL = .247E+00  dt = 0.5000E+00  final t = 0.877500E+03
 AMRCLAW: level  1  CFL = .247E+00  dt = 0.5000E+00  final t = 0.878000E+03
 AMRCLAW: level  1  CFL = .247E+00  dt = 0.5000E+00  final t = 0.878500E+03
 AMRCLAW: level  1  CFL = .247E+00  dt = 0.5000E+00  final t = 0.879000E+03
 AMRCLAW: level  1  CFL = .247E+00  dt = 0.5000E+00  final t = 0.879500E+03
 AMRCLAW: level  1  CFL = .247E+00  dt = 0.5000E+00  final t = 0.880000E+03
 AMRCLAW: level  1  CFL = .246E+00  dt = 0.5000E+00  final t = 0.880500E+03
 AMRCLAW: level  1  CFL = .246E+00  dt = 0.5000E+00  final t = 0.881000E+03
 AMRCLAW: level  1  CFL = .246E+00  dt = 0.5000E+00  final t = 0.881500E+03
 AMRCLAW: level  1  CFL = .246E+00  dt = 0.5000E+00  final t = 0.882000E+03
 AMRCLAW: level  1  CFL = .246E+00  dt = 0.5000E+00  final t = 0.882500E+03
 AMRCLAW: level  1  CFL = .246E+00  dt = 0.5000E+00  final t = 0.883000E+03
 AMRCLAW: level  1  CFL = .246E+00  dt = 0.5000E+00  final t = 0.883500E+03
 AMRCLAW: level  1  CFL = .246E+00  dt = 0.5000E+00  final t = 0.884000E+03
 AMRCLAW: level  1  CFL = .246E+00  dt = 0.5000E+00  final t = 0.884500E+03
 AMRCLAW: level  1  CFL = .246E+00  dt = 0.5000E+00  final t = 0.885000E+03
 AMRCLAW: level  1  CFL = .246E+00  dt = 0.5000E+00  final t = 0.885500E+03
 AMRCLAW: level  1  CFL = .246E+00  dt = 0.5000E+00  final t = 0.886000E+03
 AMRCLAW: level  1  CFL = .246E+00  dt = 0.5000E+00  final t = 0.886500E+03
 AMRCLAW: level  1  CFL = .246E+00  dt = 0.5000E+00  final t = 0.887000E+03
 AMRCLAW: level  1  CFL = .246E+00  dt = 0.5000E+00  final t = 0.887500E+03
 AMRCLAW: level  1  CFL = .246E+00  dt = 0.5000E+00  final t = 0.888000E+03
 AMRCLAW: level  1  CFL = .246E+00  dt = 0.5000E+00  final t = 0.888500E+03
 AMRCLAW: level  1  CFL = .246E+00  dt = 0.5000E+00  final t = 0.889000E+03
 AMRCLAW: level  1  CFL = .246E+00  dt = 0.5000E+00  final t = 0.889500E+03
 AMRCLAW: level  1  CFL = .245E+00  dt = 0.5000E+00  final t = 0.890000E+03
 AMRCLAW: level  1  CFL = .245E+00  dt = 0.5000E+00  final t = 0.890500E+03
 AMRCLAW: level  1  CFL = .245E+00  dt = 0.5000E+00  final t = 0.891000E+03
 AMRCLAW: level  1  CFL = .245E+00  dt = 0.5000E+00  final t = 0.891500E+03
 AMRCLAW: level  1  CFL = .245E+00  dt = 0.5000E+00  final t = 0.892000E+03
 AMRCLAW: level  1  CFL = .245E+00  dt = 0.5000E+00  final t = 0.892500E+03
 AMRCLAW: level  1  CFL = .245E+00  dt = 0.5000E+00  final t = 0.893000E+03
 AMRCLAW: level  1  CFL = .245E+00  dt = 0.5000E+00  final t = 0.893500E+03
 AMRCLAW: level  1  CFL = .245E+00  dt = 0.5000E+00  final t = 0.894000E+03
 AMRCLAW: level  1  CFL = .245E+00  dt = 0.5000E+00  final t = 0.894500E+03
 AMRCLAW: level  1  CFL = .245E+00  dt = 0.5000E+00  final t = 0.895000E+03
 AMRCLAW: level  1  CFL = .245E+00  dt = 0.5000E+00  final t = 0.895500E+03
 AMRCLAW: level  1  CFL = .245E+00  dt = 0.5000E+00  final t = 0.896000E+03
 AMRCLAW: level  1  CFL = .245E+00  dt = 0.5000E+00  final t = 0.896500E+03
 AMRCLAW: level  1  CFL = .245E+00  dt = 0.5000E+00  final t = 0.897000E+03
 AMRCLAW: level  1  CFL = .245E+00  dt = 0.5000E+00  final t = 0.897500E+03
 AMRCLAW: level  1  CFL = .245E+00  dt = 0.5000E+00  final t = 0.898000E+03
 AMRCLAW: level  1  CFL = .245E+00  dt = 0.5000E+00  final t = 0.898500E+03
 AMRCLAW: level  1  CFL = .245E+00  dt = 0.5000E+00  final t = 0.899000E+03
 AMRCLAW: level  1  CFL = .245E+00  dt = 0.5000E+00  final t = 0.899500E+03
 AMRCLAW: level  1  CFL = .245E+00  dt = 0.5000E+00  final t = 0.900000E+03
GEOCLAW: Frame   30 output files done at time t =  0.900000D+03

 Done integrating to time    900.00000000000000     
 Writing to file fgmax0001.txt                 
See fort.amr for more info on this run and memory usage

============================== Timing Data ==============================

Integration Time (stepgrid + BC + overhead)
Level           Wall Time (seconds)    CPU Time (seconds)   Total Cell Updates
  1                    65.627                246.886            0.797E+08
total                  65.627                246.886            0.797E+08

All levels:
stepgrid               65.448                246.394    
BC/ghost cells          0.171                  0.479
Regridding              0.000                  0.000  
Output (valout)         9.021                 11.963  

Total time:            75.028                259.637  
Using 12 thread(s)

Note: The CPU times are summed over all threads.
      Total time includes more than the subroutines listed above
Note: timings are also recorded for each output step
      in the file timing.csv.

=========================================================================

 maximum Courant number seen =    0.43655
