Reading data file: claw.data
         first 5 lines are comments and will be skipped
Reading data file: amr.data
         first 5 lines are comments and will be skipped
  
 Running amrclaw ...  
  
Reading data file: geoclaw.data
         first 5 lines are comments and will be skipped
Reading data file: refinement.data
         first 5 lines are comments and will be skipped
Reading data file: dtopo.data
         first 5 lines are comments and will be skipped
Reading data file: topo.data
         first 5 lines are comments and will be skipped
 *** in file: /root/autodl-tmp/Debris-flow-jilong-final/sim/dclaw/jilong_published_route_rebase/published_route_domain_64m.tt3
     Shifting xllcorner by 0.5*dx to cell center
 *** in file: /root/autodl-tmp/Debris-flow-jilong-final/sim/dclaw/jilong_published_route_rebase/published_route_domain_64m.tt3
     Shifting yllcorner by 0.5*dy to cell center
  
 Reading topography file  /root/autodl-tmp/Debris-flow-jilong-final/sim/dclaw/jilong_published_route_rebase/published_route_domain_64m.tt3                                      
 **** WARNING
 **** topo arrays do not quite cover domain
 **** area of overlap =    179568640.00000000     
 **** area of domain  =    181350400.00000000     
 **** error is less than 1% so proceeding...
Reading data file: auxinit_dclaw.data       
         first 5 lines are comments and will be skipped
  
 Reading auxinit file  /root/autodl-tmp/Debris-flow-jilong-final/sim/dclaw/jilong_published_route_rebase/entrainment/erodible_thickness_fullroute_8m.tt3                     
Reading data file: fgout_grids.data
         first 5 lines are comments and will be skipped
Reading data file: regions.data
         first 5 lines are comments and will be skipped
Reading data file: flagregions.data
         first 5 lines are comments and will be skipped
Reading data file: gauges.data
         first 5 lines are comments and will be skipped
Reading data file: fgmax_grids.data
         first 5 lines are comments and will be skipped
 +++ fgbb:    338894.00000000000        356430.00000000000        3127228.0000000000        3137468.0000000000     
 +++ fgll:    338894.00000000000        3127228.0000000000              275         161
 +++ fg%x(npts), fg%y(1):    356430.00000000000        3127228.0000000000     
Reading data file: dclaw.data               
         first 5 lines are comments and will be skipped
Reading data file: pinit_dclaw.data         
         first 5 lines are comments and will be skipped
Reading data file: qinit_dclaw.data         
         first 5 lines are comments and will be skipped
Reading data file: flowgrades.data          
         first 5 lines are comments and will be skipped
 rnode allocated...
 node allocated...
 listOfGrids allocated...
 Storage allocated...
 bndList allocated...
Gridding level   1 at t =  0.000000E+00:     1 grids with       44275 cells
  max threads set to           12
  
 Done reading data, starting computation ...  
  
 Total mass at initial time:    0.0000000000000000     
GEOCLAW: Frame    0 output files done at time t =  0.000000D+00

 AMRCLAW: level  1  CFL = .000E+00  dt = 0.5000E-01  final t = 0.500000E-01
 AMRCLAW: level  1  CFL = .000E+00  dt = 0.5000E+00  final t = 0.550000E+00
 AMRCLAW: level  1  CFL = .164E-01  dt = 0.5000E+00  final t = 0.105000E+01
 AMRCLAW: level  1  CFL = .382E-01  dt = 0.5000E+00  final t = 0.155000E+01
 AMRCLAW: level  1  CFL = .531E-01  dt = 0.5000E+00  final t = 0.205000E+01
 AMRCLAW: level  1  CFL = .737E-01  dt = 0.5000E+00  final t = 0.255000E+01
 AMRCLAW: level  1  CFL = .934E-01  dt = 0.5000E+00  final t = 0.305000E+01
 AMRCLAW: level  1  CFL = .112E+00  dt = 0.5000E+00  final t = 0.355000E+01
 AMRCLAW: level  1  CFL = .130E+00  dt = 0.5000E+00  final t = 0.405000E+01
 AMRCLAW: level  1  CFL = .147E+00  dt = 0.5000E+00  final t = 0.455000E+01
 AMRCLAW: level  1  CFL = .163E+00  dt = 0.5000E+00  final t = 0.505000E+01
 AMRCLAW: level  1  CFL = .178E+00  dt = 0.5000E+00  final t = 0.555000E+01
 AMRCLAW: level  1  CFL = .191E+00  dt = 0.5000E+00  final t = 0.605000E+01
 AMRCLAW: level  1  CFL = .204E+00  dt = 0.5000E+00  final t = 0.655000E+01
 AMRCLAW: level  1  CFL = .216E+00  dt = 0.5000E+00  final t = 0.705000E+01
 AMRCLAW: level  1  CFL = .227E+00  dt = 0.5000E+00  final t = 0.755000E+01
 AMRCLAW: level  1  CFL = .241E+00  dt = 0.5000E+00  final t = 0.805000E+01
 AMRCLAW: level  1  CFL = .256E+00  dt = 0.5000E+00  final t = 0.855000E+01
 AMRCLAW: level  1  CFL = .271E+00  dt = 0.5000E+00  final t = 0.905000E+01
 AMRCLAW: level  1  CFL = .285E+00  dt = 0.5000E+00  final t = 0.955000E+01
 AMRCLAW: level  1  CFL = .298E+00  dt = 0.5000E+00  final t = 0.100500E+02
 AMRCLAW: level  1  CFL = .312E+00  dt = 0.5000E+00  final t = 0.105500E+02
 AMRCLAW: level  1  CFL = .325E+00  dt = 0.5000E+00  final t = 0.110500E+02
 AMRCLAW: level  1  CFL = .337E+00  dt = 0.5000E+00  final t = 0.115500E+02
 AMRCLAW: level  1  CFL = .348E+00  dt = 0.5000E+00  final t = 0.120500E+02
 AMRCLAW: level  1  CFL = .358E+00  dt = 0.5000E+00  final t = 0.125500E+02
 AMRCLAW: level  1  CFL = .368E+00  dt = 0.5000E+00  final t = 0.130500E+02
 AMRCLAW: level  1  CFL = .380E+00  dt = 0.5000E+00  final t = 0.135500E+02
 AMRCLAW: level  1  CFL = .391E+00  dt = 0.5000E+00  final t = 0.140500E+02
 AMRCLAW: level  1  CFL = .400E+00  dt = 0.5000E+00  final t = 0.145500E+02
 AMRCLAW: level  1  CFL = .409E+00  dt = 0.5000E+00  final t = 0.150500E+02
 AMRCLAW: level  1  CFL = .417E+00  dt = 0.5000E+00  final t = 0.155500E+02
 AMRCLAW: level  1  CFL = .424E+00  dt = 0.5000E+00  final t = 0.160500E+02
 AMRCLAW: level  1  CFL = .430E+00  dt = 0.5000E+00  final t = 0.165500E+02
 AMRCLAW: level  1  CFL = .436E+00  dt = 0.5000E+00  final t = 0.170500E+02
 AMRCLAW: level  1  CFL = .442E+00  dt = 0.5000E+00  final t = 0.175500E+02
 AMRCLAW: level  1  CFL = .447E+00  dt = 0.5000E+00  final t = 0.180500E+02
 AMRCLAW: level  1  CFL = .449E+00  dt = 0.5000E+00  final t = 0.185500E+02
 AMRCLAW: level  1  CFL = .450E+00  dt = 0.5000E+00  final t = 0.190500E+02
 AMRCLAW: level  1  CFL = .451E+00  dt = 0.4996E+00  final t = 0.195496E+02
 AMRCLAW: level  1  CFL = .451E+00  dt = 0.4982E+00  final t = 0.200478E+02
 AMRCLAW: level  1  CFL = .451E+00  dt = 0.4968E+00  final t = 0.205445E+02
 AMRCLAW: level  1  CFL = .451E+00  dt = 0.4954E+00  final t = 0.210399E+02
 AMRCLAW: level  1  CFL = .451E+00  dt = 0.4940E+00  final t = 0.215338E+02
 AMRCLAW: level  1  CFL = .451E+00  dt = 0.4926E+00  final t = 0.220264E+02
 AMRCLAW: level  1  CFL = .451E+00  dt = 0.4914E+00  final t = 0.225178E+02
 AMRCLAW: level  1  CFL = .452E+00  dt = 0.4902E+00  final t = 0.230081E+02
 AMRCLAW: level  1  CFL = .452E+00  dt = 0.4878E+00  final t = 0.234959E+02
 AMRCLAW: level  1  CFL = .452E+00  dt = 0.4855E+00  final t = 0.239814E+02
 AMRCLAW: level  1  CFL = .451E+00  dt = 0.4834E+00  final t = 0.244648E+02
 AMRCLAW: level  1  CFL = .451E+00  dt = 0.4820E+00  final t = 0.249468E+02
 AMRCLAW: level  1  CFL = .451E+00  dt = 0.4812E+00  final t = 0.254281E+02
 AMRCLAW: level  1  CFL = .451E+00  dt = 0.4805E+00  final t = 0.259085E+02
 AMRCLAW: level  1  CFL = .451E+00  dt = 0.4797E+00  final t = 0.263882E+02
 AMRCLAW: level  1  CFL = .451E+00  dt = 0.4789E+00  final t = 0.268671E+02
 AMRCLAW: level  1  CFL = .451E+00  dt = 0.4782E+00  final t = 0.273453E+02
 AMRCLAW: level  1  CFL = .451E+00  dt = 0.4774E+00  final t = 0.278227E+02
 AMRCLAW: level  1  CFL = .451E+00  dt = 0.4767E+00  final t = 0.282995E+02
 AMRCLAW: level  1  CFL = .451E+00  dt = 0.4761E+00  final t = 0.287755E+02
 AMRCLAW: level  1  CFL = .451E+00  dt = 0.4754E+00  final t = 0.292509E+02
 AMRCLAW: level  1  CFL = .451E+00  dt = 0.4748E+00  final t = 0.297257E+02
 AMRCLAW: level  1  CFL = .261E+00  dt = 0.2743E+00  final t = 0.300000E+02
GEOCLAW: Frame    1 output files done at time t =  0.300000D+02

 AMRCLAW: level  1  CFL = .450E+00  dt = 0.4736E+00  final t = 0.304736E+02
 AMRCLAW: level  1  CFL = .451E+00  dt = 0.4732E+00  final t = 0.309468E+02
 AMRCLAW: level  1  CFL = .451E+00  dt = 0.4727E+00  final t = 0.314195E+02
 AMRCLAW: level  1  CFL = .451E+00  dt = 0.4721E+00  final t = 0.318916E+02
 AMRCLAW: level  1  CFL = .450E+00  dt = 0.4716E+00  final t = 0.323632E+02
 AMRCLAW: level  1  CFL = .450E+00  dt = 0.4710E+00  final t = 0.328342E+02
 AMRCLAW: level  1  CFL = .450E+00  dt = 0.4706E+00  final t = 0.333048E+02
 AMRCLAW: level  1  CFL = .450E+00  dt = 0.4701E+00  final t = 0.337748E+02
 AMRCLAW: level  1  CFL = .450E+00  dt = 0.4696E+00  final t = 0.342445E+02
 AMRCLAW: level  1  CFL = .450E+00  dt = 0.4692E+00  final t = 0.347136E+02
 AMRCLAW: level  1  CFL = .450E+00  dt = 0.4687E+00  final t = 0.351824E+02
 AMRCLAW: level  1  CFL = .450E+00  dt = 0.4683E+00  final t = 0.356507E+02
 AMRCLAW: level  1  CFL = .450E+00  dt = 0.4679E+00  final t = 0.361185E+02
 AMRCLAW: level  1  CFL = .450E+00  dt = 0.4674E+00  final t = 0.365859E+02
 AMRCLAW: level  1  CFL = .450E+00  dt = 0.4670E+00  final t = 0.370529E+02
 AMRCLAW: level  1  CFL = .450E+00  dt = 0.4666E+00  final t = 0.375195E+02
 AMRCLAW: level  1  CFL = .450E+00  dt = 0.4662E+00  final t = 0.379857E+02
 AMRCLAW: level  1  CFL = .450E+00  dt = 0.4658E+00  final t = 0.384515E+02
 AMRCLAW: level  1  CFL = .450E+00  dt = 0.4654E+00  final t = 0.389168E+02
 AMRCLAW: level  1  CFL = .450E+00  dt = 0.4650E+00  final t = 0.393818E+02
 AMRCLAW: level  1  CFL = .450E+00  dt = 0.4646E+00  final t = 0.398465E+02
 AMRCLAW: level  1  CFL = .450E+00  dt = 0.4643E+00  final t = 0.403107E+02
 AMRCLAW: level  1  CFL = .450E+00  dt = 0.4639E+00  final t = 0.407746E+02
 AMRCLAW: level  1  CFL = .450E+00  dt = 0.4636E+00  final t = 0.412382E+02
 AMRCLAW: level  1  CFL = .450E+00  dt = 0.4633E+00  final t = 0.417015E+02
 AMRCLAW: level  1  CFL = .450E+00  dt = 0.4630E+00  final t = 0.421645E+02
 AMRCLAW: level  1  CFL = .450E+00  dt = 0.4627E+00  final t = 0.426272E+02
 AMRCLAW: level  1  CFL = .450E+00  dt = 0.4624E+00  final t = 0.430896E+02
 AMRCLAW: level  1  CFL = .450E+00  dt = 0.4622E+00  final t = 0.435518E+02
 AMRCLAW: level  1  CFL = .450E+00  dt = 0.4619E+00  final t = 0.440137E+02
 AMRCLAW: level  1  CFL = .450E+00  dt = 0.4617E+00  final t = 0.444754E+02
 AMRCLAW: level  1  CFL = .450E+00  dt = 0.4615E+00  final t = 0.449369E+02
 AMRCLAW: level  1  CFL = .450E+00  dt = 0.4613E+00  final t = 0.453982E+02
 AMRCLAW: level  1  CFL = .450E+00  dt = 0.4611E+00  final t = 0.458593E+02
 AMRCLAW: level  1  CFL = .450E+00  dt = 0.4609E+00  final t = 0.463202E+02
 AMRCLAW: level  1  CFL = .450E+00  dt = 0.4608E+00  final t = 0.467810E+02
 AMRCLAW: level  1  CFL = .450E+00  dt = 0.4606E+00  final t = 0.472416E+02
 AMRCLAW: level  1  CFL = .450E+00  dt = 0.4605E+00  final t = 0.477022E+02
 AMRCLAW: level  1  CFL = .450E+00  dt = 0.4604E+00  final t = 0.481626E+02
 AMRCLAW: level  1  CFL = .450E+00  dt = 0.4603E+00  final t = 0.486229E+02
 AMRCLAW: level  1  CFL = .450E+00  dt = 0.4603E+00  final t = 0.490831E+02
 AMRCLAW: level  1  CFL = .450E+00  dt = 0.4602E+00  final t = 0.495434E+02
 AMRCLAW: level  1  CFL = .450E+00  dt = 0.4602E+00  final t = 0.500035E+02
 AMRCLAW: level  1  CFL = .450E+00  dt = 0.4602E+00  final t = 0.504637E+02
 AMRCLAW: level  1  CFL = .450E+00  dt = 0.4601E+00  final t = 0.509238E+02
 AMRCLAW: level  1  CFL = .450E+00  dt = 0.4601E+00  final t = 0.513840E+02
 AMRCLAW: level  1  CFL = .450E+00  dt = 0.4602E+00  final t = 0.518441E+02
 AMRCLAW: level  1  CFL = .450E+00  dt = 0.4602E+00  final t = 0.523043E+02
 AMRCLAW: level  1  CFL = .450E+00  dt = 0.4602E+00  final t = 0.527645E+02
 AMRCLAW: level  1  CFL = .450E+00  dt = 0.4602E+00  final t = 0.532247E+02
 AMRCLAW: level  1  CFL = .450E+00  dt = 0.4601E+00  final t = 0.536848E+02
 AMRCLAW: level  1  CFL = .450E+00  dt = 0.4604E+00  final t = 0.541452E+02
 AMRCLAW: level  1  CFL = .450E+00  dt = 0.4601E+00  final t = 0.546053E+02
 AMRCLAW: level  1  CFL = .450E+00  dt = 0.4605E+00  final t = 0.550658E+02
 AMRCLAW: level  1  CFL = .449E+00  dt = 0.4601E+00  final t = 0.555259E+02
 AMRCLAW: level  1  CFL = .451E+00  dt = 0.4608E+00  final t = 0.559867E+02
 AMRCLAW: level  1  CFL = .449E+00  dt = 0.4602E+00  final t = 0.564468E+02
 AMRCLAW: level  1  CFL = .451E+00  dt = 0.4610E+00  final t = 0.569078E+02
 AMRCLAW: level  1  CFL = .449E+00  dt = 0.4603E+00  final t = 0.573681E+02
 AMRCLAW: level  1  CFL = .451E+00  dt = 0.4611E+00  final t = 0.578291E+02
 AMRCLAW: level  1  CFL = .449E+00  dt = 0.4604E+00  final t = 0.582895E+02
 AMRCLAW: level  1  CFL = .451E+00  dt = 0.4612E+00  final t = 0.587508E+02
 AMRCLAW: level  1  CFL = .449E+00  dt = 0.4606E+00  final t = 0.592114E+02
 AMRCLAW: level  1  CFL = .451E+00  dt = 0.4615E+00  final t = 0.596729E+02
 AMRCLAW: level  1  CFL = .319E+00  dt = 0.3271E+00  final t = 0.600000E+02
GEOCLAW: Frame    2 output files done at time t =  0.600000D+02

 AMRCLAW: level  1  CFL = .450E+00  dt = 0.4619E+00  final t = 0.604619E+02
 AMRCLAW: level  1  CFL = .449E+00  dt = 0.4615E+00  final t = 0.609233E+02
 AMRCLAW: level  1  CFL = .451E+00  dt = 0.4624E+00  final t = 0.613857E+02
 AMRCLAW: level  1  CFL = .449E+00  dt = 0.4618E+00  final t = 0.618475E+02
 AMRCLAW: level  1  CFL = .449E+00  dt = 0.4628E+00  final t = 0.623104E+02
 AMRCLAW: level  1  CFL = .451E+00  dt = 0.4635E+00  final t = 0.627739E+02
 AMRCLAW: level  1  CFL = .449E+00  dt = 0.4628E+00  final t = 0.632366E+02
 AMRCLAW: level  1  CFL = .449E+00  dt = 0.4637E+00  final t = 0.637004E+02
 AMRCLAW: level  1  CFL = .449E+00  dt = 0.4644E+00  final t = 0.641648E+02
 AMRCLAW: level  1  CFL = .451E+00  dt = 0.4650E+00  final t = 0.646298E+02
 AMRCLAW: level  1  CFL = .449E+00  dt = 0.4640E+00  final t = 0.650938E+02
 AMRCLAW: level  1  CFL = .449E+00  dt = 0.4650E+00  final t = 0.655589E+02
 AMRCLAW: level  1  CFL = .449E+00  dt = 0.4658E+00  final t = 0.660246E+02
 AMRCLAW: level  1  CFL = .450E+00  dt = 0.4663E+00  final t = 0.664910E+02
 AMRCLAW: level  1  CFL = .450E+00  dt = 0.4668E+00  final t = 0.669578E+02
 AMRCLAW: level  1  CFL = .450E+00  dt = 0.4673E+00  final t = 0.674251E+02
 AMRCLAW: level  1  CFL = .450E+00  dt = 0.4677E+00  final t = 0.678928E+02
 AMRCLAW: level  1  CFL = .450E+00  dt = 0.4682E+00  final t = 0.683609E+02
 AMRCLAW: level  1  CFL = .450E+00  dt = 0.4686E+00  final t = 0.688295E+02
 AMRCLAW: level  1  CFL = .450E+00  dt = 0.4690E+00  final t = 0.692985E+02
 AMRCLAW: level  1  CFL = .450E+00  dt = 0.4695E+00  final t = 0.697680E+02
 AMRCLAW: level  1  CFL = .450E+00  dt = 0.4700E+00  final t = 0.702380E+02
 AMRCLAW: level  1  CFL = .450E+00  dt = 0.4704E+00  final t = 0.707084E+02
 AMRCLAW: level  1  CFL = .450E+00  dt = 0.4709E+00  final t = 0.711794E+02
 AMRCLAW: level  1  CFL = .449E+00  dt = 0.4714E+00  final t = 0.716508E+02
 AMRCLAW: level  1  CFL = .450E+00  dt = 0.4720E+00  final t = 0.721228E+02
 AMRCLAW: level  1  CFL = .449E+00  dt = 0.4723E+00  final t = 0.725950E+02
 AMRCLAW: level  1  CFL = .450E+00  dt = 0.4730E+00  final t = 0.730680E+02
 AMRCLAW: level  1  CFL = .450E+00  dt = 0.4734E+00  final t = 0.735414E+02
 AMRCLAW: level  1  CFL = .449E+00  dt = 0.4739E+00  final t = 0.740153E+02
 AMRCLAW: level  1  CFL = .449E+00  dt = 0.4745E+00  final t = 0.744898E+02
 AMRCLAW: level  1  CFL = .450E+00  dt = 0.4754E+00  final t = 0.749652E+02
 AMRCLAW: level  1  CFL = .449E+00  dt = 0.4759E+00  final t = 0.754411E+02
 AMRCLAW: level  1  CFL = .449E+00  dt = 0.4765E+00  final t = 0.759176E+02
 AMRCLAW: level  1  CFL = .449E+00  dt = 0.4772E+00  final t = 0.763948E+02
 AMRCLAW: level  1  CFL = .449E+00  dt = 0.4778E+00  final t = 0.768726E+02
 AMRCLAW: level  1  CFL = .449E+00  dt = 0.4785E+00  final t = 0.773511E+02
 AMRCLAW: level  1  CFL = .449E+00  dt = 0.4793E+00  final t = 0.778304E+02
 AMRCLAW: level  1  CFL = .449E+00  dt = 0.4800E+00  final t = 0.783104E+02
 AMRCLAW: level  1  CFL = .449E+00  dt = 0.4807E+00  final t = 0.787911E+02
 AMRCLAW: level  1  CFL = .449E+00  dt = 0.4815E+00  final t = 0.792725E+02
 AMRCLAW: level  1  CFL = .449E+00  dt = 0.4822E+00  final t = 0.797548E+02
 AMRCLAW: level  1  CFL = .449E+00  dt = 0.4830E+00  final t = 0.802378E+02
 AMRCLAW: level  1  CFL = .449E+00  dt = 0.4839E+00  final t = 0.807217E+02
 AMRCLAW: level  1  CFL = .449E+00  dt = 0.4847E+00  final t = 0.812064E+02
 AMRCLAW: level  1  CFL = .451E+00  dt = 0.4856E+00  final t = 0.816920E+02
 AMRCLAW: level  1  CFL = .450E+00  dt = 0.4845E+00  final t = 0.821765E+02
 AMRCLAW: level  1  CFL = .452E+00  dt = 0.4842E+00  final t = 0.826608E+02
 AMRCLAW: level  1  CFL = .452E+00  dt = 0.4824E+00  final t = 0.831432E+02
 AMRCLAW: level  1  CFL = .451E+00  dt = 0.4808E+00  final t = 0.836240E+02
 AMRCLAW: level  1  CFL = .450E+00  dt = 0.4793E+00  final t = 0.841033E+02
 AMRCLAW: level  1  CFL = .452E+00  dt = 0.4790E+00  final t = 0.845823E+02
 AMRCLAW: level  1  CFL = .452E+00  dt = 0.4771E+00  final t = 0.850594E+02
 AMRCLAW: level  1  CFL = .450E+00  dt = 0.4755E+00  final t = 0.855350E+02
 AMRCLAW: level  1  CFL = .452E+00  dt = 0.4752E+00  final t = 0.860101E+02
 AMRCLAW: level  1  CFL = .450E+00  dt = 0.4734E+00  final t = 0.864835E+02
 AMRCLAW: level  1  CFL = .452E+00  dt = 0.4729E+00  final t = 0.869564E+02
 AMRCLAW: level  1  CFL = .450E+00  dt = 0.4711E+00  final t = 0.874275E+02
 AMRCLAW: level  1  CFL = .452E+00  dt = 0.4707E+00  final t = 0.878982E+02
 AMRCLAW: level  1  CFL = .450E+00  dt = 0.4690E+00  final t = 0.883672E+02
 AMRCLAW: level  1  CFL = .451E+00  dt = 0.4687E+00  final t = 0.888359E+02
 AMRCLAW: level  1  CFL = .452E+00  dt = 0.4681E+00  final t = 0.893040E+02
 AMRCLAW: level  1  CFL = .450E+00  dt = 0.4665E+00  final t = 0.897705E+02
 AMRCLAW: level  1  CFL = .222E+00  dt = 0.2295E+00  final t = 0.900000E+02
GEOCLAW: Frame    3 output files done at time t =  0.900000D+02

 AMRCLAW: level  1  CFL = .450E+00  dt = 0.4657E+00  final t = 0.904657E+02
 AMRCLAW: level  1  CFL = .451E+00  dt = 0.4654E+00  final t = 0.909311E+02
 AMRCLAW: level  1  CFL = .451E+00  dt = 0.4648E+00  final t = 0.913958E+02
 AMRCLAW: level  1  CFL = .451E+00  dt = 0.4642E+00  final t = 0.918600E+02
 AMRCLAW: level  1  CFL = .450E+00  dt = 0.4636E+00  final t = 0.923236E+02
 AMRCLAW: level  1  CFL = .450E+00  dt = 0.4632E+00  final t = 0.927868E+02
 AMRCLAW: level  1  CFL = .450E+00  dt = 0.4627E+00  final t = 0.932495E+02
 AMRCLAW: level  1  CFL = .450E+00  dt = 0.4624E+00  final t = 0.937119E+02
 AMRCLAW: level  1  CFL = .450E+00  dt = 0.4621E+00  final t = 0.941740E+02
 AMRCLAW: level  1  CFL = .450E+00  dt = 0.4618E+00  final t = 0.946358E+02
 AMRCLAW: level  1  CFL = .450E+00  dt = 0.4616E+00  final t = 0.950975E+02
 AMRCLAW: level  1  CFL = .450E+00  dt = 0.4615E+00  final t = 0.955590E+02
 AMRCLAW: level  1  CFL = .450E+00  dt = 0.4614E+00  final t = 0.960204E+02
 AMRCLAW: level  1  CFL = .450E+00  dt = 0.4614E+00  final t = 0.964818E+02
 AMRCLAW: level  1  CFL = .450E+00  dt = 0.4613E+00  final t = 0.969431E+02
 AMRCLAW: level  1  CFL = .450E+00  dt = 0.4613E+00  final t = 0.974045E+02
 AMRCLAW: level  1  CFL = .450E+00  dt = 0.4613E+00  final t = 0.978657E+02
 AMRCLAW: level  1  CFL = .450E+00  dt = 0.4612E+00  final t = 0.983269E+02
 AMRCLAW: level  1  CFL = .450E+00  dt = 0.4612E+00  final t = 0.987881E+02
 AMRCLAW: level  1  CFL = .450E+00  dt = 0.4612E+00  final t = 0.992493E+02
 AMRCLAW: level  1  CFL = .450E+00  dt = 0.4613E+00  final t = 0.997106E+02
 AMRCLAW: level  1  CFL = .450E+00  dt = 0.4615E+00  final t = 0.100172E+03
 AMRCLAW: level  1  CFL = .450E+00  dt = 0.4618E+00  final t = 0.100634E+03
 AMRCLAW: level  1  CFL = .450E+00  dt = 0.4620E+00  final t = 0.101096E+03
 AMRCLAW: level  1  CFL = .450E+00  dt = 0.4623E+00  final t = 0.101558E+03
 AMRCLAW: level  1  CFL = .450E+00  dt = 0.4625E+00  final t = 0.102021E+03
 AMRCLAW: level  1  CFL = .450E+00  dt = 0.4627E+00  final t = 0.102483E+03
 AMRCLAW: level  1  CFL = .450E+00  dt = 0.4628E+00  final t = 0.102946E+03
 AMRCLAW: level  1  CFL = .450E+00  dt = 0.4629E+00  final t = 0.103409E+03
 AMRCLAW: level  1  CFL = .450E+00  dt = 0.4630E+00  final t = 0.103872E+03
 AMRCLAW: level  1  CFL = .450E+00  dt = 0.4630E+00  final t = 0.104335E+03
 AMRCLAW: level  1  CFL = .450E+00  dt = 0.4631E+00  final t = 0.104798E+03
 AMRCLAW: level  1  CFL = .450E+00  dt = 0.4631E+00  final t = 0.105261E+03
 AMRCLAW: level  1  CFL = .450E+00  dt = 0.4632E+00  final t = 0.105725E+03
 AMRCLAW: level  1  CFL = .450E+00  dt = 0.4634E+00  final t = 0.106188E+03
 AMRCLAW: level  1  CFL = .450E+00  dt = 0.4639E+00  final t = 0.106652E+03
 AMRCLAW: level  1  CFL = .450E+00  dt = 0.4644E+00  final t = 0.107116E+03
 AMRCLAW: level  1  CFL = .450E+00  dt = 0.4649E+00  final t = 0.107581E+03
 AMRCLAW: level  1  CFL = .450E+00  dt = 0.4653E+00  final t = 0.108046E+03
 AMRCLAW: level  1  CFL = .450E+00  dt = 0.4657E+00  final t = 0.108512E+03
 AMRCLAW: level  1  CFL = .449E+00  dt = 0.4661E+00  final t = 0.108978E+03
 AMRCLAW: level  1  CFL = .449E+00  dt = 0.4670E+00  final t = 0.109445E+03
 AMRCLAW: level  1  CFL = .449E+00  dt = 0.4680E+00  final t = 0.109913E+03
 AMRCLAW: level  1  CFL = .449E+00  dt = 0.4688E+00  final t = 0.110382E+03
 AMRCLAW: level  1  CFL = .449E+00  dt = 0.4695E+00  final t = 0.110852E+03
 AMRCLAW: level  1  CFL = .450E+00  dt = 0.4700E+00  final t = 0.111322E+03
 AMRCLAW: level  1  CFL = .450E+00  dt = 0.4705E+00  final t = 0.111792E+03
 AMRCLAW: level  1  CFL = .449E+00  dt = 0.4710E+00  final t = 0.112263E+03
 AMRCLAW: level  1  CFL = .449E+00  dt = 0.4718E+00  final t = 0.112735E+03
 AMRCLAW: level  1  CFL = .449E+00  dt = 0.4725E+00  final t = 0.113207E+03
 AMRCLAW: level  1  CFL = .450E+00  dt = 0.4732E+00  final t = 0.113681E+03
 AMRCLAW: level  1  CFL = .449E+00  dt = 0.4737E+00  final t = 0.114154E+03
 AMRCLAW: level  1  CFL = .449E+00  dt = 0.4744E+00  final t = 0.114629E+03
 AMRCLAW: level  1  CFL = .450E+00  dt = 0.4750E+00  final t = 0.115104E+03
 AMRCLAW: level  1  CFL = .451E+00  dt = 0.4754E+00  final t = 0.115579E+03
 AMRCLAW: level  1  CFL = .451E+00  dt = 0.4747E+00  final t = 0.116054E+03
 AMRCLAW: level  1  CFL = .451E+00  dt = 0.4737E+00  final t = 0.116527E+03
 AMRCLAW: level  1  CFL = .450E+00  dt = 0.4728E+00  final t = 0.117000E+03
 AMRCLAW: level  1  CFL = .451E+00  dt = 0.4724E+00  final t = 0.117473E+03
 AMRCLAW: level  1  CFL = .450E+00  dt = 0.4714E+00  final t = 0.117944E+03
 AMRCLAW: level  1  CFL = .451E+00  dt = 0.4710E+00  final t = 0.118415E+03
 AMRCLAW: level  1  CFL = .450E+00  dt = 0.4704E+00  final t = 0.118885E+03
 AMRCLAW: level  1  CFL = .450E+00  dt = 0.4702E+00  final t = 0.119356E+03
 AMRCLAW: level  1  CFL = .449E+00  dt = 0.4699E+00  final t = 0.119826E+03
 AMRCLAW: level  1  CFL = .167E+00  dt = 0.1745E+00  final t = 0.120000E+03
GEOCLAW: Frame    4 output files done at time t =  0.120000D+03

 AMRCLAW: level  1  CFL = .450E+00  dt = 0.4701E+00  final t = 0.120470E+03
 AMRCLAW: level  1  CFL = .450E+00  dt = 0.4703E+00  final t = 0.120940E+03
 AMRCLAW: level  1  CFL = .450E+00  dt = 0.4702E+00  final t = 0.121411E+03
 AMRCLAW: level  1  CFL = .450E+00  dt = 0.4705E+00  final t = 0.121881E+03
 AMRCLAW: level  1  CFL = .449E+00  dt = 0.4707E+00  final t = 0.122352E+03
 AMRCLAW: level  1  CFL = .449E+00  dt = 0.4714E+00  final t = 0.122823E+03
 AMRCLAW: level  1  CFL = .450E+00  dt = 0.4723E+00  final t = 0.123295E+03
 AMRCLAW: level  1  CFL = .449E+00  dt = 0.4722E+00  final t = 0.123768E+03
 AMRCLAW: level  1  CFL = .449E+00  dt = 0.4734E+00  final t = 0.124241E+03
 AMRCLAW: level  1  CFL = .449E+00  dt = 0.4739E+00  final t = 0.124715E+03
 AMRCLAW: level  1  CFL = .450E+00  dt = 0.4750E+00  final t = 0.125190E+03
 AMRCLAW: level  1  CFL = .449E+00  dt = 0.4753E+00  final t = 0.125665E+03
 AMRCLAW: level  1  CFL = .454E+00  dt = 0.4769E+00  final t = 0.126142E+03
 AMRCLAW: level  1  CFL = .455E+00  dt = 0.4722E+00  final t = 0.126614E+03
 AMRCLAW: level  1  CFL = .456E+00  dt = 0.4666E+00  final t = 0.127081E+03
 AMRCLAW: level  1  CFL = .455E+00  dt = 0.4602E+00  final t = 0.127541E+03
 AMRCLAW: level  1  CFL = .453E+00  dt = 0.4556E+00  final t = 0.127997E+03
 AMRCLAW: level  1  CFL = .452E+00  dt = 0.4524E+00  final t = 0.128449E+03
 AMRCLAW: level  1  CFL = .449E+00  dt = 0.4508E+00  final t = 0.128900E+03
 AMRCLAW: level  1  CFL = .449E+00  dt = 0.4517E+00  final t = 0.129352E+03
 AMRCLAW: level  1  CFL = .450E+00  dt = 0.4527E+00  final t = 0.129804E+03
 AMRCLAW: level  1  CFL = .450E+00  dt = 0.4531E+00  final t = 0.130257E+03
 AMRCLAW: level  1  CFL = .453E+00  dt = 0.4536E+00  final t = 0.130711E+03
 AMRCLAW: level  1  CFL = .453E+00  dt = 0.4509E+00  final t = 0.131162E+03
 AMRCLAW: level  1  CFL = .454E+00  dt = 0.4475E+00  final t = 0.131609E+03
 AMRCLAW: level  1  CFL = .455E+00  dt = 0.4434E+00  final t = 0.132053E+03
 AMRCLAW: level  1  CFL = .452E+00  dt = 0.4384E+00  final t = 0.132491E+03
 AMRCLAW: level  1  CFL = .453E+00  dt = 0.4365E+00  final t = 0.132928E+03
 AMRCLAW: level  1  CFL = .453E+00  dt = 0.4335E+00  final t = 0.133361E+03
 AMRCLAW: level  1  CFL = .451E+00  dt = 0.4308E+00  final t = 0.133792E+03
 AMRCLAW: level  1  CFL = .450E+00  dt = 0.4301E+00  final t = 0.134222E+03
 AMRCLAW: level  1  CFL = .450E+00  dt = 0.4298E+00  final t = 0.134652E+03
 AMRCLAW: level  1  CFL = .450E+00  dt = 0.4297E+00  final t = 0.135081E+03
 AMRCLAW: level  1  CFL = .450E+00  dt = 0.4296E+00  final t = 0.135511E+03
 AMRCLAW: level  1  CFL = .450E+00  dt = 0.4296E+00  final t = 0.135941E+03
 AMRCLAW: level  1  CFL = .450E+00  dt = 0.4296E+00  final t = 0.136370E+03
 AMRCLAW: level  1  CFL = .450E+00  dt = 0.4296E+00  final t = 0.136800E+03
 AMRCLAW: level  1  CFL = .450E+00  dt = 0.4296E+00  final t = 0.137229E+03
 AMRCLAW: level  1  CFL = .451E+00  dt = 0.4294E+00  final t = 0.137659E+03
 AMRCLAW: level  1  CFL = .450E+00  dt = 0.4289E+00  final t = 0.138088E+03
 AMRCLAW: level  1  CFL = .450E+00  dt = 0.4285E+00  final t = 0.138516E+03
 AMRCLAW: level  1  CFL = .451E+00  dt = 0.4281E+00  final t = 0.138944E+03
 AMRCLAW: level  1  CFL = .450E+00  dt = 0.4276E+00  final t = 0.139372E+03
 AMRCLAW: level  1  CFL = .450E+00  dt = 0.4272E+00  final t = 0.139799E+03
 AMRCLAW: level  1  CFL = .450E+00  dt = 0.4273E+00  final t = 0.140226E+03
 AMRCLAW: level  1  CFL = .450E+00  dt = 0.4274E+00  final t = 0.140654E+03
 AMRCLAW: level  1  CFL = .450E+00  dt = 0.4274E+00  final t = 0.141081E+03
 AMRCLAW: level  1  CFL = .450E+00  dt = 0.4275E+00  final t = 0.141509E+03
 AMRCLAW: level  1  CFL = .450E+00  dt = 0.4276E+00  final t = 0.141936E+03
 AMRCLAW: level  1  CFL = .450E+00  dt = 0.4277E+00  final t = 0.142364E+03
 AMRCLAW: level  1  CFL = .450E+00  dt = 0.4278E+00  final t = 0.142792E+03
 AMRCLAW: level  1  CFL = .450E+00  dt = 0.4279E+00  final t = 0.143220E+03
 AMRCLAW: level  1  CFL = .450E+00  dt = 0.4279E+00  final t = 0.143647E+03
 AMRCLAW: level  1  CFL = .450E+00  dt = 0.4280E+00  final t = 0.144076E+03
 AMRCLAW: level  1  CFL = .450E+00  dt = 0.4281E+00  final t = 0.144504E+03
 AMRCLAW: level  1  CFL = .450E+00  dt = 0.4282E+00  final t = 0.144932E+03
 AMRCLAW: level  1  CFL = .450E+00  dt = 0.4283E+00  final t = 0.145360E+03
 AMRCLAW: level  1  CFL = .450E+00  dt = 0.4284E+00  final t = 0.145788E+03
 AMRCLAW: level  1  CFL = .450E+00  dt = 0.4285E+00  final t = 0.146217E+03
 AMRCLAW: level  1  CFL = .450E+00  dt = 0.4286E+00  final t = 0.146646E+03
 AMRCLAW: level  1  CFL = .450E+00  dt = 0.4286E+00  final t = 0.147074E+03
 AMRCLAW: level  1  CFL = .450E+00  dt = 0.4287E+00  final t = 0.147503E+03
 AMRCLAW: level  1  CFL = .450E+00  dt = 0.4288E+00  final t = 0.147932E+03
 AMRCLAW: level  1  CFL = .450E+00  dt = 0.4288E+00  final t = 0.148360E+03
 AMRCLAW: level  1  CFL = .450E+00  dt = 0.4288E+00  final t = 0.148789E+03
 AMRCLAW: level  1  CFL = .450E+00  dt = 0.4288E+00  final t = 0.149218E+03
 AMRCLAW: level  1  CFL = .450E+00  dt = 0.4288E+00  final t = 0.149647E+03
 AMRCLAW: level  1  CFL = .371E+00  dt = 0.3531E+00  final t = 0.150000E+03
GEOCLAW: Frame    5 output files done at time t =  0.150000D+03

 AMRCLAW: level  1  CFL = .450E+00  dt = 0.4286E+00  final t = 0.150429E+03
 AMRCLAW: level  1  CFL = .450E+00  dt = 0.4285E+00  final t = 0.150857E+03
 AMRCLAW: level  1  CFL = .450E+00  dt = 0.4283E+00  final t = 0.151285E+03
 AMRCLAW: level  1  CFL = .450E+00  dt = 0.4281E+00  final t = 0.151714E+03
 AMRCLAW: level  1  CFL = .450E+00  dt = 0.4279E+00  final t = 0.152142E+03
 AMRCLAW: level  1  CFL = .450E+00  dt = 0.4276E+00  final t = 0.152569E+03
 AMRCLAW: level  1  CFL = .450E+00  dt = 0.4273E+00  final t = 0.152996E+03
 AMRCLAW: level  1  CFL = .450E+00  dt = 0.4270E+00  final t = 0.153423E+03
 AMRCLAW: level  1  CFL = .450E+00  dt = 0.4268E+00  final t = 0.153850E+03
 AMRCLAW: level  1  CFL = .450E+00  dt = 0.4265E+00  final t = 0.154277E+03
 AMRCLAW: level  1  CFL = .450E+00  dt = 0.4264E+00  final t = 0.154703E+03
 AMRCLAW: level  1  CFL = .450E+00  dt = 0.4263E+00  final t = 0.155129E+03
 AMRCLAW: level  1  CFL = .450E+00  dt = 0.4264E+00  final t = 0.155556E+03
 AMRCLAW: level  1  CFL = .450E+00  dt = 0.4266E+00  final t = 0.155982E+03
 AMRCLAW: level  1  CFL = .450E+00  dt = 0.4268E+00  final t = 0.156409E+03
 AMRCLAW: level  1  CFL = .450E+00  dt = 0.4271E+00  final t = 0.156836E+03
 AMRCLAW: level  1  CFL = .450E+00  dt = 0.4274E+00  final t = 0.157264E+03
 AMRCLAW: level  1  CFL = .449E+00  dt = 0.4278E+00  final t = 0.157692E+03
 AMRCLAW: level  1  CFL = .448E+00  dt = 0.4286E+00  final t = 0.158120E+03
 AMRCLAW: level  1  CFL = .449E+00  dt = 0.4301E+00  final t = 0.158550E+03
 AMRCLAW: level  1  CFL = .450E+00  dt = 0.4310E+00  final t = 0.158981E+03
 AMRCLAW: level  1  CFL = .450E+00  dt = 0.4312E+00  final t = 0.159413E+03
 AMRCLAW: level  1  CFL = .450E+00  dt = 0.4313E+00  final t = 0.159844E+03
 AMRCLAW: level  1  CFL = .450E+00  dt = 0.4314E+00  final t = 0.160275E+03
 AMRCLAW: level  1  CFL = .450E+00  dt = 0.4315E+00  final t = 0.160707E+03
 AMRCLAW: level  1  CFL = .450E+00  dt = 0.4315E+00  final t = 0.161138E+03
 AMRCLAW: level  1  CFL = .450E+00  dt = 0.4315E+00  final t = 0.161570E+03
 AMRCLAW: level  1  CFL = .449E+00  dt = 0.4314E+00  final t = 0.162001E+03
 AMRCLAW: level  1  CFL = .449E+00  dt = 0.4319E+00  final t = 0.162433E+03
 AMRCLAW: level  1  CFL = .449E+00  dt = 0.4330E+00  final t = 0.162866E+03
 AMRCLAW: level  1  CFL = .450E+00  dt = 0.4339E+00  final t = 0.163300E+03
 AMRCLAW: level  1  CFL = .450E+00  dt = 0.4337E+00  final t = 0.163734E+03
 AMRCLAW: level  1  CFL = .450E+00  dt = 0.4337E+00  final t = 0.164167E+03
 AMRCLAW: level  1  CFL = .450E+00  dt = 0.4336E+00  final t = 0.164601E+03
 AMRCLAW: level  1  CFL = .450E+00  dt = 0.4336E+00  final t = 0.165034E+03
 AMRCLAW: level  1  CFL = .450E+00  dt = 0.4337E+00  final t = 0.165468E+03
 AMRCLAW: level  1  CFL = .450E+00  dt = 0.4338E+00  final t = 0.165902E+03
 AMRCLAW: level  1  CFL = .450E+00  dt = 0.4339E+00  final t = 0.166336E+03
 AMRCLAW: level  1  CFL = .450E+00  dt = 0.4341E+00  final t = 0.166770E+03
 AMRCLAW: level  1  CFL = .450E+00  dt = 0.4343E+00  final t = 0.167204E+03
 AMRCLAW: level  1  CFL = .450E+00  dt = 0.4346E+00  final t = 0.167639E+03
 AMRCLAW: level  1  CFL = .450E+00  dt = 0.4350E+00  final t = 0.168074E+03
 AMRCLAW: level  1  CFL = .450E+00  dt = 0.4351E+00  final t = 0.168509E+03
 AMRCLAW: level  1  CFL = .450E+00  dt = 0.4350E+00  final t = 0.168944E+03
 AMRCLAW: level  1  CFL = .450E+00  dt = 0.4350E+00  final t = 0.169379E+03
 AMRCLAW: level  1  CFL = .450E+00  dt = 0.4350E+00  final t = 0.169814E+03
 AMRCLAW: level  1  CFL = .450E+00  dt = 0.4351E+00  final t = 0.170249E+03
 AMRCLAW: level  1  CFL = .450E+00  dt = 0.4352E+00  final t = 0.170684E+03
 AMRCLAW: level  1  CFL = .450E+00  dt = 0.4354E+00  final t = 0.171120E+03
 AMRCLAW: level  1  CFL = .450E+00  dt = 0.4356E+00  final t = 0.171555E+03
 AMRCLAW: level  1  CFL = .450E+00  dt = 0.4359E+00  final t = 0.171991E+03
 AMRCLAW: level  1  CFL = .450E+00  dt = 0.4362E+00  final t = 0.172427E+03
 AMRCLAW: level  1  CFL = .450E+00  dt = 0.4365E+00  final t = 0.172864E+03
 AMRCLAW: level  1  CFL = .450E+00  dt = 0.4369E+00  final t = 0.173301E+03
 AMRCLAW: level  1  CFL = .450E+00  dt = 0.4373E+00  final t = 0.173738E+03
 AMRCLAW: level  1  CFL = .449E+00  dt = 0.4378E+00  final t = 0.174176E+03
 AMRCLAW: level  1  CFL = .449E+00  dt = 0.4383E+00  final t = 0.174614E+03
 AMRCLAW: level  1  CFL = .449E+00  dt = 0.4388E+00  final t = 0.175053E+03
 AMRCLAW: level  1  CFL = .449E+00  dt = 0.4394E+00  final t = 0.175492E+03
 AMRCLAW: level  1  CFL = .449E+00  dt = 0.4401E+00  final t = 0.175933E+03
 AMRCLAW: level  1  CFL = .449E+00  dt = 0.4407E+00  final t = 0.176373E+03
 AMRCLAW: level  1  CFL = .450E+00  dt = 0.4414E+00  final t = 0.176815E+03
 AMRCLAW: level  1  CFL = .450E+00  dt = 0.4412E+00  final t = 0.177256E+03
 AMRCLAW: level  1  CFL = .450E+00  dt = 0.4411E+00  final t = 0.177697E+03
 AMRCLAW: level  1  CFL = .450E+00  dt = 0.4409E+00  final t = 0.178138E+03
 AMRCLAW: level  1  CFL = .450E+00  dt = 0.4408E+00  final t = 0.178579E+03
 AMRCLAW: level  1  CFL = .450E+00  dt = 0.4407E+00  final t = 0.179019E+03
 AMRCLAW: level  1  CFL = .450E+00  dt = 0.4406E+00  final t = 0.179460E+03
 AMRCLAW: level  1  CFL = .450E+00  dt = 0.4405E+00  final t = 0.179900E+03
 AMRCLAW: level  1  CFL = .102E+00  dt = 0.9954E-01  final t = 0.180000E+03
GEOCLAW: Frame    6 output files done at time t =  0.180000D+03

 AMRCLAW: level  1  CFL = .450E+00  dt = 0.4405E+00  final t = 0.180441E+03
 AMRCLAW: level  1  CFL = .450E+00  dt = 0.4406E+00  final t = 0.180881E+03
 AMRCLAW: level  1  CFL = .450E+00  dt = 0.4407E+00  final t = 0.181322E+03
 AMRCLAW: level  1  CFL = .450E+00  dt = 0.4408E+00  final t = 0.181763E+03
 AMRCLAW: level  1  CFL = .450E+00  dt = 0.4410E+00  final t = 0.182204E+03
 AMRCLAW: level  1  CFL = .450E+00  dt = 0.4413E+00  final t = 0.182645E+03
 AMRCLAW: level  1  CFL = .450E+00  dt = 0.4416E+00  final t = 0.183086E+03
 AMRCLAW: level  1  CFL = .450E+00  dt = 0.4418E+00  final t = 0.183528E+03
 AMRCLAW: level  1  CFL = .450E+00  dt = 0.4421E+00  final t = 0.183970E+03
 AMRCLAW: level  1  CFL = .450E+00  dt = 0.4425E+00  final t = 0.184413E+03
 AMRCLAW: level  1  CFL = .450E+00  dt = 0.4429E+00  final t = 0.184856E+03
 AMRCLAW: level  1  CFL = .449E+00  dt = 0.4433E+00  final t = 0.185299E+03
 AMRCLAW: level  1  CFL = .449E+00  dt = 0.4438E+00  final t = 0.185743E+03
 AMRCLAW: level  1  CFL = .449E+00  dt = 0.4444E+00  final t = 0.186187E+03
 AMRCLAW: level  1  CFL = .449E+00  dt = 0.4450E+00  final t = 0.186632E+03
 AMRCLAW: level  1  CFL = .450E+00  dt = 0.4456E+00  final t = 0.187078E+03
 AMRCLAW: level  1  CFL = .449E+00  dt = 0.4459E+00  final t = 0.187524E+03
 AMRCLAW: level  1  CFL = .449E+00  dt = 0.4465E+00  final t = 0.187970E+03
 AMRCLAW: level  1  CFL = .449E+00  dt = 0.4472E+00  final t = 0.188418E+03
 AMRCLAW: level  1  CFL = .449E+00  dt = 0.4481E+00  final t = 0.188866E+03
 AMRCLAW: level  1  CFL = .449E+00  dt = 0.4491E+00  final t = 0.189315E+03
 AMRCLAW: level  1  CFL = .450E+00  dt = 0.4497E+00  final t = 0.189764E+03
 AMRCLAW: level  1  CFL = .449E+00  dt = 0.4501E+00  final t = 0.190215E+03
 AMRCLAW: level  1  CFL = .449E+00  dt = 0.4506E+00  final t = 0.190665E+03
 AMRCLAW: level  1  CFL = .449E+00  dt = 0.4512E+00  final t = 0.191116E+03
 AMRCLAW: level  1  CFL = .449E+00  dt = 0.4518E+00  final t = 0.191568E+03
 AMRCLAW: level  1  CFL = .449E+00  dt = 0.4524E+00  final t = 0.192021E+03
 AMRCLAW: level  1  CFL = .449E+00  dt = 0.4531E+00  final t = 0.192474E+03
 AMRCLAW: level  1  CFL = .449E+00  dt = 0.4538E+00  final t = 0.192928E+03
 AMRCLAW: level  1  CFL = .449E+00  dt = 0.4546E+00  final t = 0.193382E+03
 AMRCLAW: level  1  CFL = .449E+00  dt = 0.4554E+00  final t = 0.193838E+03
 AMRCLAW: level  1  CFL = .449E+00  dt = 0.4562E+00  final t = 0.194294E+03
 AMRCLAW: level  1  CFL = .449E+00  dt = 0.4571E+00  final t = 0.194751E+03
 AMRCLAW: level  1  CFL = .449E+00  dt = 0.4580E+00  final t = 0.195209E+03
 AMRCLAW: level  1  CFL = .451E+00  dt = 0.4589E+00  final t = 0.195668E+03
 AMRCLAW: level  1  CFL = .451E+00  dt = 0.4581E+00  final t = 0.196126E+03
 AMRCLAW: level  1  CFL = .451E+00  dt = 0.4575E+00  final t = 0.196583E+03
 AMRCLAW: level  1  CFL = .452E+00  dt = 0.4569E+00  final t = 0.197040E+03
 AMRCLAW: level  1  CFL = .452E+00  dt = 0.4552E+00  final t = 0.197496E+03
 AMRCLAW: level  1  CFL = .452E+00  dt = 0.4533E+00  final t = 0.197949E+03
 AMRCLAW: level  1  CFL = .452E+00  dt = 0.4517E+00  final t = 0.198401E+03
 AMRCLAW: level  1  CFL = .451E+00  dt = 0.4501E+00  final t = 0.198851E+03
 AMRCLAW: level  1  CFL = .451E+00  dt = 0.4488E+00  final t = 0.199299E+03
 AMRCLAW: level  1  CFL = .451E+00  dt = 0.4475E+00  final t = 0.199747E+03
 AMRCLAW: level  1  CFL = .451E+00  dt = 0.4464E+00  final t = 0.200193E+03
 AMRCLAW: level  1  CFL = .451E+00  dt = 0.4454E+00  final t = 0.200639E+03
 AMRCLAW: level  1  CFL = .451E+00  dt = 0.4444E+00  final t = 0.201083E+03
 AMRCLAW: level  1  CFL = .451E+00  dt = 0.4436E+00  final t = 0.201527E+03
 AMRCLAW: level  1  CFL = .451E+00  dt = 0.4428E+00  final t = 0.201969E+03
 AMRCLAW: level  1  CFL = .451E+00  dt = 0.4421E+00  final t = 0.202412E+03
 AMRCLAW: level  1  CFL = .451E+00  dt = 0.4415E+00  final t = 0.202853E+03
 AMRCLAW: level  1  CFL = .451E+00  dt = 0.4409E+00  final t = 0.203294E+03
 AMRCLAW: level  1  CFL = .450E+00  dt = 0.4404E+00  final t = 0.203734E+03
 AMRCLAW: level  1  CFL = .450E+00  dt = 0.4399E+00  final t = 0.204174E+03
 AMRCLAW: level  1  CFL = .450E+00  dt = 0.4395E+00  final t = 0.204614E+03
 AMRCLAW: level  1  CFL = .450E+00  dt = 0.4391E+00  final t = 0.205053E+03
 AMRCLAW: level  1  CFL = .450E+00  dt = 0.4387E+00  final t = 0.205491E+03
 AMRCLAW: level  1  CFL = .450E+00  dt = 0.4383E+00  final t = 0.205930E+03
 AMRCLAW: level  1  CFL = .450E+00  dt = 0.4380E+00  final t = 0.206368E+03
 AMRCLAW: level  1  CFL = .450E+00  dt = 0.4377E+00  final t = 0.206806E+03
 AMRCLAW: level  1  CFL = .450E+00  dt = 0.4374E+00  final t = 0.207243E+03
 AMRCLAW: level  1  CFL = .450E+00  dt = 0.4371E+00  final t = 0.207680E+03
 AMRCLAW: level  1  CFL = .450E+00  dt = 0.4368E+00  final t = 0.208117E+03
 AMRCLAW: level  1  CFL = .450E+00  dt = 0.4365E+00  final t = 0.208553E+03
 AMRCLAW: level  1  CFL = .450E+00  dt = 0.4361E+00  final t = 0.208989E+03
 AMRCLAW: level  1  CFL = .450E+00  dt = 0.4358E+00  final t = 0.209425E+03
 AMRCLAW: level  1  CFL = .450E+00  dt = 0.4355E+00  final t = 0.209861E+03
 AMRCLAW: level  1  CFL = .144E+00  dt = 0.1395E+00  final t = 0.210000E+03
GEOCLAW: Frame    7 output files done at time t =  0.210000D+03

 AMRCLAW: level  1  CFL = .450E+00  dt = 0.4349E+00  final t = 0.210435E+03
 AMRCLAW: level  1  CFL = .450E+00  dt = 0.4348E+00  final t = 0.210870E+03
 AMRCLAW: level  1  CFL = .450E+00  dt = 0.4345E+00  final t = 0.211304E+03
 AMRCLAW: level  1  CFL = .450E+00  dt = 0.4343E+00  final t = 0.211739E+03
 AMRCLAW: level  1  CFL = .450E+00  dt = 0.4341E+00  final t = 0.212173E+03
 AMRCLAW: level  1  CFL = .450E+00  dt = 0.4339E+00  final t = 0.212607E+03
 AMRCLAW: level  1  CFL = .450E+00  dt = 0.4338E+00  final t = 0.213040E+03
 AMRCLAW: level  1  CFL = .450E+00  dt = 0.4337E+00  final t = 0.213474E+03
 AMRCLAW: level  1  CFL = .450E+00  dt = 0.4336E+00  final t = 0.213908E+03
 AMRCLAW: level  1  CFL = .450E+00  dt = 0.4336E+00  final t = 0.214341E+03
 AMRCLAW: level  1  CFL = .450E+00  dt = 0.4336E+00  final t = 0.214775E+03
 AMRCLAW: level  1  CFL = .450E+00  dt = 0.4337E+00  final t = 0.215209E+03
 AMRCLAW: level  1  CFL = .450E+00  dt = 0.4339E+00  final t = 0.215642E+03
 AMRCLAW: level  1  CFL = .450E+00  dt = 0.4341E+00  final t = 0.216077E+03
 AMRCLAW: level  1  CFL = .450E+00  dt = 0.4343E+00  final t = 0.216511E+03
 AMRCLAW: level  1  CFL = .450E+00  dt = 0.4346E+00  final t = 0.216945E+03
 AMRCLAW: level  1  CFL = .450E+00  dt = 0.4349E+00  final t = 0.217380E+03
 AMRCLAW: level  1  CFL = .450E+00  dt = 0.4353E+00  final t = 0.217816E+03
 AMRCLAW: level  1  CFL = .450E+00  dt = 0.4357E+00  final t = 0.218251E+03
 AMRCLAW: level  1  CFL = .450E+00  dt = 0.4361E+00  final t = 0.218688E+03
 AMRCLAW: level  1  CFL = .450E+00  dt = 0.4366E+00  final t = 0.219124E+03
 AMRCLAW: level  1  CFL = .449E+00  dt = 0.4371E+00  final t = 0.219561E+03
 AMRCLAW: level  1  CFL = .449E+00  dt = 0.4376E+00  final t = 0.219999E+03
 AMRCLAW: level  1  CFL = .450E+00  dt = 0.4381E+00  final t = 0.220437E+03
 AMRCLAW: level  1  CFL = .450E+00  dt = 0.4385E+00  final t = 0.220875E+03
 AMRCLAW: level  1  CFL = .450E+00  dt = 0.4386E+00  final t = 0.221314E+03
 AMRCLAW: level  1  CFL = .450E+00  dt = 0.4388E+00  final t = 0.221753E+03
 AMRCLAW: level  1  CFL = .450E+00  dt = 0.4389E+00  final t = 0.222192E+03
 AMRCLAW: level  1  CFL = .450E+00  dt = 0.4392E+00  final t = 0.222631E+03
 AMRCLAW: level  1  CFL = .450E+00  dt = 0.4395E+00  final t = 0.223070E+03
 AMRCLAW: level  1  CFL = .450E+00  dt = 0.4398E+00  final t = 0.223510E+03
 AMRCLAW: level  1  CFL = .450E+00  dt = 0.4401E+00  final t = 0.223950E+03
 AMRCLAW: level  1  CFL = .450E+00  dt = 0.4405E+00  final t = 0.224391E+03
 AMRCLAW: level  1  CFL = .450E+00  dt = 0.4409E+00  final t = 0.224831E+03
 AMRCLAW: level  1  CFL = .450E+00  dt = 0.4413E+00  final t = 0.225273E+03
 AMRCLAW: level  1  CFL = .450E+00  dt = 0.4414E+00  final t = 0.225714E+03
 AMRCLAW: level  1  CFL = .453E+00  dt = 0.4413E+00  final t = 0.226155E+03
 AMRCLAW: level  1  CFL = .452E+00  dt = 0.4386E+00  final t = 0.226594E+03
 AMRCLAW: level  1  CFL = .452E+00  dt = 0.4364E+00  final t = 0.227030E+03
 AMRCLAW: level  1  CFL = .452E+00  dt = 0.4346E+00  final t = 0.227465E+03
 AMRCLAW: level  1  CFL = .452E+00  dt = 0.4329E+00  final t = 0.227898E+03
 AMRCLAW: level  1  CFL = .451E+00  dt = 0.4313E+00  final t = 0.228329E+03
 AMRCLAW: level  1  CFL = .451E+00  dt = 0.4299E+00  final t = 0.228759E+03
 AMRCLAW: level  1  CFL = .451E+00  dt = 0.4287E+00  final t = 0.229188E+03
 AMRCLAW: level  1  CFL = .451E+00  dt = 0.4277E+00  final t = 0.229616E+03
 AMRCLAW: level  1  CFL = .451E+00  dt = 0.4268E+00  final t = 0.230042E+03
 AMRCLAW: level  1  CFL = .451E+00  dt = 0.4261E+00  final t = 0.230469E+03
 AMRCLAW: level  1  CFL = .451E+00  dt = 0.4254E+00  final t = 0.230894E+03
 AMRCLAW: level  1  CFL = .451E+00  dt = 0.4247E+00  final t = 0.231319E+03
 AMRCLAW: level  1  CFL = .451E+00  dt = 0.4241E+00  final t = 0.231743E+03
 AMRCLAW: level  1  CFL = .450E+00  dt = 0.4235E+00  final t = 0.232166E+03
 AMRCLAW: level  1  CFL = .450E+00  dt = 0.4231E+00  final t = 0.232589E+03
 AMRCLAW: level  1  CFL = .450E+00  dt = 0.4227E+00  final t = 0.233012E+03
 AMRCLAW: level  1  CFL = .450E+00  dt = 0.4223E+00  final t = 0.233434E+03
 AMRCLAW: level  1  CFL = .450E+00  dt = 0.4220E+00  final t = 0.233856E+03
 AMRCLAW: level  1  CFL = .450E+00  dt = 0.4217E+00  final t = 0.234278E+03
 AMRCLAW: level  1  CFL = .450E+00  dt = 0.4215E+00  final t = 0.234699E+03
 AMRCLAW: level  1  CFL = .450E+00  dt = 0.4212E+00  final t = 0.235121E+03
 AMRCLAW: level  1  CFL = .450E+00  dt = 0.4210E+00  final t = 0.235542E+03
 AMRCLAW: level  1  CFL = .450E+00  dt = 0.4207E+00  final t = 0.235962E+03
 AMRCLAW: level  1  CFL = .450E+00  dt = 0.4205E+00  final t = 0.236383E+03
 AMRCLAW: level  1  CFL = .450E+00  dt = 0.4203E+00  final t = 0.236803E+03
 AMRCLAW: level  1  CFL = .450E+00  dt = 0.4201E+00  final t = 0.237223E+03
 AMRCLAW: level  1  CFL = .450E+00  dt = 0.4199E+00  final t = 0.237643E+03
 AMRCLAW: level  1  CFL = .450E+00  dt = 0.4197E+00  final t = 0.238063E+03
 AMRCLAW: level  1  CFL = .450E+00  dt = 0.4195E+00  final t = 0.238482E+03
 AMRCLAW: level  1  CFL = .450E+00  dt = 0.4193E+00  final t = 0.238902E+03
 AMRCLAW: level  1  CFL = .450E+00  dt = 0.4192E+00  final t = 0.239321E+03
 AMRCLAW: level  1  CFL = .450E+00  dt = 0.4191E+00  final t = 0.239740E+03
 AMRCLAW: level  1  CFL = .280E+00  dt = 0.2602E+00  final t = 0.240000E+03
GEOCLAW: Frame    8 output files done at time t =  0.240000D+03

 AMRCLAW: level  1  CFL = .450E+00  dt = 0.4188E+00  final t = 0.240419E+03
 AMRCLAW: level  1  CFL = .450E+00  dt = 0.4187E+00  final t = 0.240838E+03
 AMRCLAW: level  1  CFL = .450E+00  dt = 0.4186E+00  final t = 0.241256E+03
 AMRCLAW: level  1  CFL = .450E+00  dt = 0.4185E+00  final t = 0.241675E+03
 AMRCLAW: level  1  CFL = .450E+00  dt = 0.4184E+00  final t = 0.242093E+03
 AMRCLAW: level  1  CFL = .450E+00  dt = 0.4183E+00  final t = 0.242511E+03
 AMRCLAW: level  1  CFL = .450E+00  dt = 0.4182E+00  final t = 0.242929E+03
 AMRCLAW: level  1  CFL = .450E+00  dt = 0.4181E+00  final t = 0.243347E+03
 AMRCLAW: level  1  CFL = .450E+00  dt = 0.4180E+00  final t = 0.243765E+03
 AMRCLAW: level  1  CFL = .450E+00  dt = 0.4179E+00  final t = 0.244183E+03
 AMRCLAW: level  1  CFL = .450E+00  dt = 0.4179E+00  final t = 0.244601E+03
 AMRCLAW: level  1  CFL = .450E+00  dt = 0.4178E+00  final t = 0.245019E+03
 AMRCLAW: level  1  CFL = .450E+00  dt = 0.4178E+00  final t = 0.245437E+03
 AMRCLAW: level  1  CFL = .450E+00  dt = 0.4177E+00  final t = 0.245855E+03
 AMRCLAW: level  1  CFL = .450E+00  dt = 0.4177E+00  final t = 0.246272E+03
 AMRCLAW: level  1  CFL = .450E+00  dt = 0.4177E+00  final t = 0.246690E+03
 AMRCLAW: level  1  CFL = .450E+00  dt = 0.4177E+00  final t = 0.247108E+03
 AMRCLAW: level  1  CFL = .450E+00  dt = 0.4176E+00  final t = 0.247525E+03
 AMRCLAW: level  1  CFL = .450E+00  dt = 0.4176E+00  final t = 0.247943E+03
 AMRCLAW: level  1  CFL = .450E+00  dt = 0.4177E+00  final t = 0.248360E+03
 AMRCLAW: level  1  CFL = .450E+00  dt = 0.4177E+00  final t = 0.248778E+03
 AMRCLAW: level  1  CFL = .450E+00  dt = 0.4177E+00  final t = 0.249196E+03
 AMRCLAW: level  1  CFL = .450E+00  dt = 0.4178E+00  final t = 0.249614E+03
 AMRCLAW: level  1  CFL = .451E+00  dt = 0.4178E+00  final t = 0.250031E+03
 AMRCLAW: level  1  CFL = .451E+00  dt = 0.4170E+00  final t = 0.250449E+03
 AMRCLAW: level  1  CFL = .451E+00  dt = 0.4158E+00  final t = 0.250864E+03
 AMRCLAW: level  1  CFL = .451E+00  dt = 0.4147E+00  final t = 0.251279E+03
 AMRCLAW: level  1  CFL = .451E+00  dt = 0.4138E+00  final t = 0.251693E+03
 AMRCLAW: level  1  CFL = .451E+00  dt = 0.4130E+00  final t = 0.252106E+03
 AMRCLAW: level  1  CFL = .451E+00  dt = 0.4122E+00  final t = 0.252518E+03
 AMRCLAW: level  1  CFL = .451E+00  dt = 0.4116E+00  final t = 0.252930E+03
 AMRCLAW: level  1  CFL = .451E+00  dt = 0.4109E+00  final t = 0.253341E+03
 AMRCLAW: level  1  CFL = .451E+00  dt = 0.4104E+00  final t = 0.253751E+03
 AMRCLAW: level  1  CFL = .451E+00  dt = 0.4098E+00  final t = 0.254161E+03
 AMRCLAW: level  1  CFL = .450E+00  dt = 0.4093E+00  final t = 0.254570E+03
 AMRCLAW: level  1  CFL = .450E+00  dt = 0.4089E+00  final t = 0.254979E+03
 AMRCLAW: level  1  CFL = .451E+00  dt = 0.4085E+00  final t = 0.255387E+03
 AMRCLAW: level  1  CFL = .451E+00  dt = 0.4078E+00  final t = 0.255795E+03
 AMRCLAW: level  1  CFL = .450E+00  dt = 0.4072E+00  final t = 0.256202E+03
 AMRCLAW: level  1  CFL = .450E+00  dt = 0.4068E+00  final t = 0.256609E+03
 AMRCLAW: level  1  CFL = .451E+00  dt = 0.4064E+00  final t = 0.257016E+03
 AMRCLAW: level  1  CFL = .450E+00  dt = 0.4060E+00  final t = 0.257422E+03
 AMRCLAW: level  1  CFL = .450E+00  dt = 0.4057E+00  final t = 0.257827E+03
 AMRCLAW: level  1  CFL = .450E+00  dt = 0.4053E+00  final t = 0.258233E+03
 AMRCLAW: level  1  CFL = .450E+00  dt = 0.4050E+00  final t = 0.258638E+03
 AMRCLAW: level  1  CFL = .450E+00  dt = 0.4047E+00  final t = 0.259042E+03
 AMRCLAW: level  1  CFL = .450E+00  dt = 0.4044E+00  final t = 0.259447E+03
 AMRCLAW: level  1  CFL = .450E+00  dt = 0.4042E+00  final t = 0.259851E+03
 AMRCLAW: level  1  CFL = .450E+00  dt = 0.4040E+00  final t = 0.260255E+03
 AMRCLAW: level  1  CFL = .450E+00  dt = 0.4037E+00  final t = 0.260659E+03
 AMRCLAW: level  1  CFL = .450E+00  dt = 0.4035E+00  final t = 0.261062E+03
 AMRCLAW: level  1  CFL = .450E+00  dt = 0.4033E+00  final t = 0.261465E+03
 AMRCLAW: level  1  CFL = .450E+00  dt = 0.4031E+00  final t = 0.261869E+03
 AMRCLAW: level  1  CFL = .450E+00  dt = 0.4030E+00  final t = 0.262271E+03
 AMRCLAW: level  1  CFL = .450E+00  dt = 0.4028E+00  final t = 0.262674E+03
 AMRCLAW: level  1  CFL = .450E+00  dt = 0.4027E+00  final t = 0.263077E+03
 AMRCLAW: level  1  CFL = .450E+00  dt = 0.4026E+00  final t = 0.263480E+03
 AMRCLAW: level  1  CFL = .450E+00  dt = 0.4025E+00  final t = 0.263882E+03
 AMRCLAW: level  1  CFL = .450E+00  dt = 0.4024E+00  final t = 0.264285E+03
 AMRCLAW: level  1  CFL = .450E+00  dt = 0.4023E+00  final t = 0.264687E+03
 AMRCLAW: level  1  CFL = .450E+00  dt = 0.4022E+00  final t = 0.265089E+03
 AMRCLAW: level  1  CFL = .450E+00  dt = 0.4021E+00  final t = 0.265491E+03
 AMRCLAW: level  1  CFL = .450E+00  dt = 0.4020E+00  final t = 0.265893E+03
 AMRCLAW: level  1  CFL = .450E+00  dt = 0.4019E+00  final t = 0.266295E+03
 AMRCLAW: level  1  CFL = .450E+00  dt = 0.4018E+00  final t = 0.266697E+03
 AMRCLAW: level  1  CFL = .450E+00  dt = 0.4018E+00  final t = 0.267099E+03
 AMRCLAW: level  1  CFL = .450E+00  dt = 0.4017E+00  final t = 0.267500E+03
 AMRCLAW: level  1  CFL = .450E+00  dt = 0.4017E+00  final t = 0.267902E+03
 AMRCLAW: level  1  CFL = .450E+00  dt = 0.4016E+00  final t = 0.268304E+03
 AMRCLAW: level  1  CFL = .450E+00  dt = 0.4016E+00  final t = 0.268705E+03
 AMRCLAW: level  1  CFL = .450E+00  dt = 0.4016E+00  final t = 0.269107E+03
 AMRCLAW: level  1  CFL = .450E+00  dt = 0.4016E+00  final t = 0.269508E+03
 AMRCLAW: level  1  CFL = .450E+00  dt = 0.4016E+00  final t = 0.269910E+03
 AMRCLAW: level  1  CFL = .101E+00  dt = 0.9009E-01  final t = 0.270000E+03
GEOCLAW: Frame    9 output files done at time t =  0.270000D+03

 AMRCLAW: level  1  CFL = .450E+00  dt = 0.4016E+00  final t = 0.270402E+03
 AMRCLAW: level  1  CFL = .450E+00  dt = 0.4016E+00  final t = 0.270803E+03
 AMRCLAW: level  1  CFL = .450E+00  dt = 0.4016E+00  final t = 0.271205E+03
 AMRCLAW: level  1  CFL = .450E+00  dt = 0.4017E+00  final t = 0.271606E+03
 AMRCLAW: level  1  CFL = .450E+00  dt = 0.4017E+00  final t = 0.272008E+03
 AMRCLAW: level  1  CFL = .450E+00  dt = 0.4017E+00  final t = 0.272410E+03
 AMRCLAW: level  1  CFL = .450E+00  dt = 0.4018E+00  final t = 0.272812E+03
 AMRCLAW: level  1  CFL = .450E+00  dt = 0.4018E+00  final t = 0.273213E+03
 AMRCLAW: level  1  CFL = .450E+00  dt = 0.4019E+00  final t = 0.273615E+03
 AMRCLAW: level  1  CFL = .450E+00  dt = 0.4020E+00  final t = 0.274017E+03
 AMRCLAW: level  1  CFL = .450E+00  dt = 0.4021E+00  final t = 0.274419E+03
 AMRCLAW: level  1  CFL = .450E+00  dt = 0.4022E+00  final t = 0.274822E+03
 AMRCLAW: level  1  CFL = .450E+00  dt = 0.4022E+00  final t = 0.275224E+03
 AMRCLAW: level  1  CFL = .450E+00  dt = 0.4023E+00  final t = 0.275626E+03
 AMRCLAW: level  1  CFL = .450E+00  dt = 0.4024E+00  final t = 0.276029E+03
 AMRCLAW: level  1  CFL = .450E+00  dt = 0.4025E+00  final t = 0.276431E+03
 AMRCLAW: level  1  CFL = .450E+00  dt = 0.4026E+00  final t = 0.276834E+03
 AMRCLAW: level  1  CFL = .450E+00  dt = 0.4027E+00  final t = 0.277236E+03
 AMRCLAW: level  1  CFL = .450E+00  dt = 0.4029E+00  final t = 0.277639E+03
 AMRCLAW: level  1  CFL = .450E+00  dt = 0.4030E+00  final t = 0.278042E+03
 AMRCLAW: level  1  CFL = .450E+00  dt = 0.4031E+00  final t = 0.278445E+03
 AMRCLAW: level  1  CFL = .450E+00  dt = 0.4033E+00  final t = 0.278849E+03
 AMRCLAW: level  1  CFL = .450E+00  dt = 0.4035E+00  final t = 0.279252E+03
 AMRCLAW: level  1  CFL = .450E+00  dt = 0.4036E+00  final t = 0.279656E+03
 AMRCLAW: level  1  CFL = .450E+00  dt = 0.4038E+00  final t = 0.280060E+03
 AMRCLAW: level  1  CFL = .450E+00  dt = 0.4040E+00  final t = 0.280464E+03
 AMRCLAW: level  1  CFL = .450E+00  dt = 0.4042E+00  final t = 0.280868E+03
 AMRCLAW: level  1  CFL = .450E+00  dt = 0.4044E+00  final t = 0.281272E+03
 AMRCLAW: level  1  CFL = .450E+00  dt = 0.4045E+00  final t = 0.281677E+03
 AMRCLAW: level  1  CFL = .450E+00  dt = 0.4047E+00  final t = 0.282081E+03
 AMRCLAW: level  1  CFL = .450E+00  dt = 0.4049E+00  final t = 0.282486E+03
 AMRCLAW: level  1  CFL = .450E+00  dt = 0.4051E+00  final t = 0.282891E+03
 AMRCLAW: level  1  CFL = .450E+00  dt = 0.4053E+00  final t = 0.283297E+03
 AMRCLAW: level  1  CFL = .450E+00  dt = 0.4054E+00  final t = 0.283702E+03
 AMRCLAW: level  1  CFL = .450E+00  dt = 0.4056E+00  final t = 0.284108E+03
 AMRCLAW: level  1  CFL = .450E+00  dt = 0.4058E+00  final t = 0.284514E+03
 AMRCLAW: level  1  CFL = .450E+00  dt = 0.4060E+00  final t = 0.284919E+03
 AMRCLAW: level  1  CFL = .450E+00  dt = 0.4061E+00  final t = 0.285326E+03
 AMRCLAW: level  1  CFL = .450E+00  dt = 0.4065E+00  final t = 0.285732E+03
 AMRCLAW: level  1  CFL = .450E+00  dt = 0.4066E+00  final t = 0.286139E+03
 AMRCLAW: level  1  CFL = .450E+00  dt = 0.4068E+00  final t = 0.286545E+03
 AMRCLAW: level  1  CFL = .450E+00  dt = 0.4071E+00  final t = 0.286953E+03
 AMRCLAW: level  1  CFL = .450E+00  dt = 0.4072E+00  final t = 0.287360E+03
 AMRCLAW: level  1  CFL = .450E+00  dt = 0.4075E+00  final t = 0.287767E+03
 AMRCLAW: level  1  CFL = .450E+00  dt = 0.4077E+00  final t = 0.288175E+03
 AMRCLAW: level  1  CFL = .450E+00  dt = 0.4079E+00  final t = 0.288583E+03
 AMRCLAW: level  1  CFL = .450E+00  dt = 0.4081E+00  final t = 0.288991E+03
 AMRCLAW: level  1  CFL = .450E+00  dt = 0.4083E+00  final t = 0.289399E+03
 AMRCLAW: level  1  CFL = .450E+00  dt = 0.4087E+00  final t = 0.289808E+03
 AMRCLAW: level  1  CFL = .450E+00  dt = 0.4089E+00  final t = 0.290217E+03
 AMRCLAW: level  1  CFL = .450E+00  dt = 0.4092E+00  final t = 0.290626E+03
 AMRCLAW: level  1  CFL = .450E+00  dt = 0.4094E+00  final t = 0.291035E+03
 AMRCLAW: level  1  CFL = .450E+00  dt = 0.4097E+00  final t = 0.291445E+03
 AMRCLAW: level  1  CFL = .450E+00  dt = 0.4099E+00  final t = 0.291855E+03
 AMRCLAW: level  1  CFL = .450E+00  dt = 0.4102E+00  final t = 0.292265E+03
 AMRCLAW: level  1  CFL = .450E+00  dt = 0.4104E+00  final t = 0.292676E+03
 AMRCLAW: level  1  CFL = .450E+00  dt = 0.4106E+00  final t = 0.293086E+03
 AMRCLAW: level  1  CFL = .450E+00  dt = 0.4108E+00  final t = 0.293497E+03
 AMRCLAW: level  1  CFL = .450E+00  dt = 0.4110E+00  final t = 0.293908E+03
 AMRCLAW: level  1  CFL = .450E+00  dt = 0.4112E+00  final t = 0.294319E+03
 AMRCLAW: level  1  CFL = .450E+00  dt = 0.4114E+00  final t = 0.294731E+03
 AMRCLAW: level  1  CFL = .450E+00  dt = 0.4116E+00  final t = 0.295142E+03
 AMRCLAW: level  1  CFL = .450E+00  dt = 0.4118E+00  final t = 0.295554E+03
 AMRCLAW: level  1  CFL = .450E+00  dt = 0.4120E+00  final t = 0.295966E+03
 AMRCLAW: level  1  CFL = .450E+00  dt = 0.4123E+00  final t = 0.296378E+03
 AMRCLAW: level  1  CFL = .450E+00  dt = 0.4126E+00  final t = 0.296791E+03
 AMRCLAW: level  1  CFL = .450E+00  dt = 0.4129E+00  final t = 0.297204E+03
 AMRCLAW: level  1  CFL = .450E+00  dt = 0.4132E+00  final t = 0.297617E+03
 AMRCLAW: level  1  CFL = .450E+00  dt = 0.4135E+00  final t = 0.298030E+03
 AMRCLAW: level  1  CFL = .450E+00  dt = 0.4137E+00  final t = 0.298444E+03
 AMRCLAW: level  1  CFL = .450E+00  dt = 0.4140E+00  final t = 0.298858E+03
 AMRCLAW: level  1  CFL = .450E+00  dt = 0.4143E+00  final t = 0.299273E+03
 AMRCLAW: level  1  CFL = .450E+00  dt = 0.4146E+00  final t = 0.299687E+03
 AMRCLAW: level  1  CFL = .339E+00  dt = 0.3128E+00  final t = 0.300000E+03
GEOCLAW: Frame   10 output files done at time t =  0.300000D+03

 AMRCLAW: level  1  CFL = .450E+00  dt = 0.4152E+00  final t = 0.300415E+03
 AMRCLAW: level  1  CFL = .450E+00  dt = 0.4155E+00  final t = 0.300831E+03
 AMRCLAW: level  1  CFL = .450E+00  dt = 0.4158E+00  final t = 0.301246E+03
 AMRCLAW: level  1  CFL = .450E+00  dt = 0.4160E+00  final t = 0.301663E+03
 AMRCLAW: level  1  CFL = .450E+00  dt = 0.4163E+00  final t = 0.302079E+03
 AMRCLAW: level  1  CFL = .450E+00  dt = 0.4166E+00  final t = 0.302495E+03
 AMRCLAW: level  1  CFL = .450E+00  dt = 0.4169E+00  final t = 0.302912E+03
 AMRCLAW: level  1  CFL = .450E+00  dt = 0.4172E+00  final t = 0.303330E+03
 AMRCLAW: level  1  CFL = .450E+00  dt = 0.4175E+00  final t = 0.303747E+03
 AMRCLAW: level  1  CFL = .450E+00  dt = 0.4178E+00  final t = 0.304165E+03
 AMRCLAW: level  1  CFL = .450E+00  dt = 0.4181E+00  final t = 0.304583E+03
 AMRCLAW: level  1  CFL = .450E+00  dt = 0.4183E+00  final t = 0.305001E+03
 AMRCLAW: level  1  CFL = .450E+00  dt = 0.4186E+00  final t = 0.305420E+03
 AMRCLAW: level  1  CFL = .450E+00  dt = 0.4189E+00  final t = 0.305839E+03
 AMRCLAW: level  1  CFL = .450E+00  dt = 0.4191E+00  final t = 0.306258E+03
 AMRCLAW: level  1  CFL = .450E+00  dt = 0.4194E+00  final t = 0.306677E+03
 AMRCLAW: level  1  CFL = .450E+00  dt = 0.4197E+00  final t = 0.307097E+03
 AMRCLAW: level  1  CFL = .450E+00  dt = 0.4199E+00  final t = 0.307517E+03
 AMRCLAW: level  1  CFL = .450E+00  dt = 0.4202E+00  final t = 0.307937E+03
 AMRCLAW: level  1  CFL = .450E+00  dt = 0.4205E+00  final t = 0.308358E+03
 AMRCLAW: level  1  CFL = .450E+00  dt = 0.4207E+00  final t = 0.308778E+03
 AMRCLAW: level  1  CFL = .450E+00  dt = 0.4210E+00  final t = 0.309199E+03
 AMRCLAW: level  1  CFL = .450E+00  dt = 0.4212E+00  final t = 0.309621E+03
 AMRCLAW: level  1  CFL = .450E+00  dt = 0.4215E+00  final t = 0.310042E+03
 AMRCLAW: level  1  CFL = .450E+00  dt = 0.4218E+00  final t = 0.310464E+03
 AMRCLAW: level  1  CFL = .450E+00  dt = 0.4220E+00  final t = 0.310886E+03
 AMRCLAW: level  1  CFL = .450E+00  dt = 0.4223E+00  final t = 0.311308E+03
 AMRCLAW: level  1  CFL = .450E+00  dt = 0.4226E+00  final t = 0.311731E+03
 AMRCLAW: level  1  CFL = .450E+00  dt = 0.4229E+00  final t = 0.312154E+03
 AMRCLAW: level  1  CFL = .450E+00  dt = 0.4232E+00  final t = 0.312577E+03
 AMRCLAW: level  1  CFL = .450E+00  dt = 0.4235E+00  final t = 0.313000E+03
 AMRCLAW: level  1  CFL = .450E+00  dt = 0.4238E+00  final t = 0.313424E+03
 AMRCLAW: level  1  CFL = .450E+00  dt = 0.4241E+00  final t = 0.313848E+03
 AMRCLAW: level  1  CFL = .450E+00  dt = 0.4244E+00  final t = 0.314273E+03
 AMRCLAW: level  1  CFL = .450E+00  dt = 0.4247E+00  final t = 0.314697E+03
 AMRCLAW: level  1  CFL = .450E+00  dt = 0.4250E+00  final t = 0.315122E+03
 AMRCLAW: level  1  CFL = .450E+00  dt = 0.4254E+00  final t = 0.315548E+03
 AMRCLAW: level  1  CFL = .450E+00  dt = 0.4257E+00  final t = 0.315973E+03
 AMRCLAW: level  1  CFL = .450E+00  dt = 0.4260E+00  final t = 0.316400E+03
 AMRCLAW: level  1  CFL = .450E+00  dt = 0.4264E+00  final t = 0.316826E+03
 AMRCLAW: level  1  CFL = .450E+00  dt = 0.4267E+00  final t = 0.317253E+03
 AMRCLAW: level  1  CFL = .450E+00  dt = 0.4270E+00  final t = 0.317680E+03
 AMRCLAW: level  1  CFL = .450E+00  dt = 0.4274E+00  final t = 0.318107E+03
 AMRCLAW: level  1  CFL = .450E+00  dt = 0.4277E+00  final t = 0.318535E+03
 AMRCLAW: level  1  CFL = .450E+00  dt = 0.4281E+00  final t = 0.318963E+03
 AMRCLAW: level  1  CFL = .450E+00  dt = 0.4284E+00  final t = 0.319391E+03
 AMRCLAW: level  1  CFL = .450E+00  dt = 0.4288E+00  final t = 0.319820E+03
 AMRCLAW: level  1  CFL = .450E+00  dt = 0.4291E+00  final t = 0.320249E+03
 AMRCLAW: level  1  CFL = .450E+00  dt = 0.4294E+00  final t = 0.320678E+03
 AMRCLAW: level  1  CFL = .450E+00  dt = 0.4298E+00  final t = 0.321108E+03
 AMRCLAW: level  1  CFL = .450E+00  dt = 0.4301E+00  final t = 0.321538E+03
 AMRCLAW: level  1  CFL = .450E+00  dt = 0.4305E+00  final t = 0.321969E+03
 AMRCLAW: level  1  CFL = .450E+00  dt = 0.4308E+00  final t = 0.322400E+03
 AMRCLAW: level  1  CFL = .450E+00  dt = 0.4312E+00  final t = 0.322831E+03
 AMRCLAW: level  1  CFL = .450E+00  dt = 0.4316E+00  final t = 0.323262E+03
 AMRCLAW: level  1  CFL = .450E+00  dt = 0.4320E+00  final t = 0.323694E+03
 AMRCLAW: level  1  CFL = .450E+00  dt = 0.4324E+00  final t = 0.324127E+03
 AMRCLAW: level  1  CFL = .450E+00  dt = 0.4328E+00  final t = 0.324560E+03
 AMRCLAW: level  1  CFL = .450E+00  dt = 0.4332E+00  final t = 0.324993E+03
 AMRCLAW: level  1  CFL = .450E+00  dt = 0.4336E+00  final t = 0.325426E+03
 AMRCLAW: level  1  CFL = .450E+00  dt = 0.4339E+00  final t = 0.325860E+03
 AMRCLAW: level  1  CFL = .450E+00  dt = 0.4343E+00  final t = 0.326295E+03
 AMRCLAW: level  1  CFL = .450E+00  dt = 0.4347E+00  final t = 0.326729E+03
 AMRCLAW: level  1  CFL = .450E+00  dt = 0.4351E+00  final t = 0.327165E+03
 AMRCLAW: level  1  CFL = .450E+00  dt = 0.4355E+00  final t = 0.327600E+03
 AMRCLAW: level  1  CFL = .450E+00  dt = 0.4359E+00  final t = 0.328036E+03
 AMRCLAW: level  1  CFL = .450E+00  dt = 0.4363E+00  final t = 0.328472E+03
 AMRCLAW: level  1  CFL = .450E+00  dt = 0.4367E+00  final t = 0.328909E+03
 AMRCLAW: level  1  CFL = .450E+00  dt = 0.4371E+00  final t = 0.329346E+03
 AMRCLAW: level  1  CFL = .450E+00  dt = 0.4376E+00  final t = 0.329784E+03
 AMRCLAW: level  1  CFL = .222E+00  dt = 0.2165E+00  final t = 0.330000E+03
GEOCLAW: Frame   11 output files done at time t =  0.330000D+03

 AMRCLAW: level  1  CFL = .450E+00  dt = 0.4385E+00  final t = 0.330438E+03
 AMRCLAW: level  1  CFL = .450E+00  dt = 0.4387E+00  final t = 0.330877E+03
 AMRCLAW: level  1  CFL = .449E+00  dt = 0.4392E+00  final t = 0.331316E+03
 AMRCLAW: level  1  CFL = .449E+00  dt = 0.4400E+00  final t = 0.331756E+03
 AMRCLAW: level  1  CFL = .449E+00  dt = 0.4409E+00  final t = 0.332197E+03
 AMRCLAW: level  1  CFL = .449E+00  dt = 0.4420E+00  final t = 0.332639E+03
 AMRCLAW: level  1  CFL = .449E+00  dt = 0.4431E+00  final t = 0.333082E+03
 AMRCLAW: level  1  CFL = .449E+00  dt = 0.4442E+00  final t = 0.333527E+03
 AMRCLAW: level  1  CFL = .449E+00  dt = 0.4453E+00  final t = 0.333972E+03
 AMRCLAW: level  1  CFL = .450E+00  dt = 0.4460E+00  final t = 0.334418E+03
 AMRCLAW: level  1  CFL = .450E+00  dt = 0.4465E+00  final t = 0.334864E+03
 AMRCLAW: level  1  CFL = .450E+00  dt = 0.4469E+00  final t = 0.335311E+03
 AMRCLAW: level  1  CFL = .450E+00  dt = 0.4473E+00  final t = 0.335759E+03
 AMRCLAW: level  1  CFL = .450E+00  dt = 0.4476E+00  final t = 0.336206E+03
 AMRCLAW: level  1  CFL = .450E+00  dt = 0.4480E+00  final t = 0.336654E+03
 AMRCLAW: level  1  CFL = .450E+00  dt = 0.4483E+00  final t = 0.337103E+03
 AMRCLAW: level  1  CFL = .450E+00  dt = 0.4481E+00  final t = 0.337551E+03
 AMRCLAW: level  1  CFL = .450E+00  dt = 0.4480E+00  final t = 0.337999E+03
 AMRCLAW: level  1  CFL = .450E+00  dt = 0.4481E+00  final t = 0.338447E+03
 AMRCLAW: level  1  CFL = .450E+00  dt = 0.4483E+00  final t = 0.338895E+03
 AMRCLAW: level  1  CFL = .450E+00  dt = 0.4485E+00  final t = 0.339344E+03
 AMRCLAW: level  1  CFL = .450E+00  dt = 0.4487E+00  final t = 0.339792E+03
 AMRCLAW: level  1  CFL = .450E+00  dt = 0.4490E+00  final t = 0.340241E+03
 AMRCLAW: level  1  CFL = .450E+00  dt = 0.4493E+00  final t = 0.340691E+03
 AMRCLAW: level  1  CFL = .450E+00  dt = 0.4496E+00  final t = 0.341140E+03
 AMRCLAW: level  1  CFL = .450E+00  dt = 0.4499E+00  final t = 0.341590E+03
 AMRCLAW: level  1  CFL = .450E+00  dt = 0.4502E+00  final t = 0.342040E+03
 AMRCLAW: level  1  CFL = .450E+00  dt = 0.4505E+00  final t = 0.342491E+03
 AMRCLAW: level  1  CFL = .450E+00  dt = 0.4508E+00  final t = 0.342941E+03
 AMRCLAW: level  1  CFL = .450E+00  dt = 0.4511E+00  final t = 0.343393E+03
 AMRCLAW: level  1  CFL = .450E+00  dt = 0.4514E+00  final t = 0.343844E+03
 AMRCLAW: level  1  CFL = .450E+00  dt = 0.4517E+00  final t = 0.344296E+03
 AMRCLAW: level  1  CFL = .450E+00  dt = 0.4520E+00  final t = 0.344748E+03
 AMRCLAW: level  1  CFL = .449E+00  dt = 0.4523E+00  final t = 0.345200E+03
 AMRCLAW: level  1  CFL = .450E+00  dt = 0.4528E+00  final t = 0.345653E+03
 AMRCLAW: level  1  CFL = .449E+00  dt = 0.4533E+00  final t = 0.346106E+03
 AMRCLAW: level  1  CFL = .449E+00  dt = 0.4539E+00  final t = 0.346560E+03
 AMRCLAW: level  1  CFL = .449E+00  dt = 0.4545E+00  final t = 0.347015E+03
 AMRCLAW: level  1  CFL = .450E+00  dt = 0.4551E+00  final t = 0.347470E+03
 AMRCLAW: level  1  CFL = .450E+00  dt = 0.4554E+00  final t = 0.347925E+03
 AMRCLAW: level  1  CFL = .450E+00  dt = 0.4556E+00  final t = 0.348381E+03
 AMRCLAW: level  1  CFL = .450E+00  dt = 0.4558E+00  final t = 0.348836E+03
 AMRCLAW: level  1  CFL = .450E+00  dt = 0.4560E+00  final t = 0.349292E+03
 AMRCLAW: level  1  CFL = .450E+00  dt = 0.4562E+00  final t = 0.349749E+03
 AMRCLAW: level  1  CFL = .450E+00  dt = 0.4563E+00  final t = 0.350205E+03
 AMRCLAW: level  1  CFL = .450E+00  dt = 0.4565E+00  final t = 0.350661E+03
 AMRCLAW: level  1  CFL = .450E+00  dt = 0.4567E+00  final t = 0.351118E+03
 AMRCLAW: level  1  CFL = .450E+00  dt = 0.4569E+00  final t = 0.351575E+03
 AMRCLAW: level  1  CFL = .450E+00  dt = 0.4571E+00  final t = 0.352032E+03
 AMRCLAW: level  1  CFL = .450E+00  dt = 0.4573E+00  final t = 0.352489E+03
 AMRCLAW: level  1  CFL = .450E+00  dt = 0.4576E+00  final t = 0.352947E+03
 AMRCLAW: level  1  CFL = .450E+00  dt = 0.4579E+00  final t = 0.353405E+03
 AMRCLAW: level  1  CFL = .450E+00  dt = 0.4583E+00  final t = 0.353863E+03
 AMRCLAW: level  1  CFL = .450E+00  dt = 0.4587E+00  final t = 0.354322E+03
 AMRCLAW: level  1  CFL = .449E+00  dt = 0.4592E+00  final t = 0.354781E+03
 AMRCLAW: level  1  CFL = .449E+00  dt = 0.4597E+00  final t = 0.355241E+03
 AMRCLAW: level  1  CFL = .449E+00  dt = 0.4603E+00  final t = 0.355701E+03
 AMRCLAW: level  1  CFL = .449E+00  dt = 0.4609E+00  final t = 0.356162E+03
 AMRCLAW: level  1  CFL = .449E+00  dt = 0.4615E+00  final t = 0.356623E+03
 AMRCLAW: level  1  CFL = .449E+00  dt = 0.4622E+00  final t = 0.357086E+03
 AMRCLAW: level  1  CFL = .449E+00  dt = 0.4630E+00  final t = 0.357549E+03
 AMRCLAW: level  1  CFL = .449E+00  dt = 0.4638E+00  final t = 0.358012E+03
 AMRCLAW: level  1  CFL = .449E+00  dt = 0.4646E+00  final t = 0.358477E+03
 AMRCLAW: level  1  CFL = .449E+00  dt = 0.4655E+00  final t = 0.358943E+03
 AMRCLAW: level  1  CFL = .449E+00  dt = 0.4664E+00  final t = 0.359409E+03
 AMRCLAW: level  1  CFL = .449E+00  dt = 0.4673E+00  final t = 0.359876E+03
 AMRCLAW: level  1  CFL = .119E+00  dt = 0.1238E+00  final t = 0.360000E+03
GEOCLAW: Frame   12 output files done at time t =  0.360000D+03

 AMRCLAW: level  1  CFL = .450E+00  dt = 0.4691E+00  final t = 0.360469E+03
 AMRCLAW: level  1  CFL = .449E+00  dt = 0.4693E+00  final t = 0.360938E+03
 AMRCLAW: level  1  CFL = .449E+00  dt = 0.4702E+00  final t = 0.361409E+03
 AMRCLAW: level  1  CFL = .449E+00  dt = 0.4711E+00  final t = 0.361880E+03
 AMRCLAW: level  1  CFL = .449E+00  dt = 0.4720E+00  final t = 0.362352E+03
 AMRCLAW: level  1  CFL = .449E+00  dt = 0.4728E+00  final t = 0.362825E+03
 AMRCLAW: level  1  CFL = .449E+00  dt = 0.4736E+00  final t = 0.363298E+03
 AMRCLAW: level  1  CFL = .449E+00  dt = 0.4742E+00  final t = 0.363772E+03
 AMRCLAW: level  1  CFL = .450E+00  dt = 0.4748E+00  final t = 0.364247E+03
 AMRCLAW: level  1  CFL = .450E+00  dt = 0.4753E+00  final t = 0.364723E+03
 AMRCLAW: level  1  CFL = .450E+00  dt = 0.4758E+00  final t = 0.365198E+03
 AMRCLAW: level  1  CFL = .450E+00  dt = 0.4761E+00  final t = 0.365674E+03
 AMRCLAW: level  1  CFL = .450E+00  dt = 0.4765E+00  final t = 0.366151E+03
 AMRCLAW: level  1  CFL = .450E+00  dt = 0.4767E+00  final t = 0.366628E+03
 AMRCLAW: level  1  CFL = .450E+00  dt = 0.4769E+00  final t = 0.367105E+03
 AMRCLAW: level  1  CFL = .450E+00  dt = 0.4771E+00  final t = 0.367582E+03
 AMRCLAW: level  1  CFL = .450E+00  dt = 0.4774E+00  final t = 0.368059E+03
 AMRCLAW: level  1  CFL = .450E+00  dt = 0.4776E+00  final t = 0.368537E+03
 AMRCLAW: level  1  CFL = .450E+00  dt = 0.4779E+00  final t = 0.369015E+03
 AMRCLAW: level  1  CFL = .450E+00  dt = 0.4783E+00  final t = 0.369493E+03
 AMRCLAW: level  1  CFL = .450E+00  dt = 0.4787E+00  final t = 0.369972E+03
 AMRCLAW: level  1  CFL = .450E+00  dt = 0.4791E+00  final t = 0.370451E+03
 AMRCLAW: level  1  CFL = .450E+00  dt = 0.4796E+00  final t = 0.370930E+03
 AMRCLAW: level  1  CFL = .449E+00  dt = 0.4801E+00  final t = 0.371410E+03
 AMRCLAW: level  1  CFL = .449E+00  dt = 0.4806E+00  final t = 0.371891E+03
 AMRCLAW: level  1  CFL = .449E+00  dt = 0.4813E+00  final t = 0.372372E+03
 AMRCLAW: level  1  CFL = .449E+00  dt = 0.4819E+00  final t = 0.372854E+03
 AMRCLAW: level  1  CFL = .449E+00  dt = 0.4827E+00  final t = 0.373337E+03
 AMRCLAW: level  1  CFL = .449E+00  dt = 0.4835E+00  final t = 0.373820E+03
 AMRCLAW: level  1  CFL = .449E+00  dt = 0.4844E+00  final t = 0.374305E+03
 AMRCLAW: level  1  CFL = .449E+00  dt = 0.4853E+00  final t = 0.374790E+03
 AMRCLAW: level  1  CFL = .449E+00  dt = 0.4864E+00  final t = 0.375276E+03
 AMRCLAW: level  1  CFL = .449E+00  dt = 0.4874E+00  final t = 0.375764E+03
 AMRCLAW: level  1  CFL = .449E+00  dt = 0.4885E+00  final t = 0.376252E+03
 AMRCLAW: level  1  CFL = .449E+00  dt = 0.4897E+00  final t = 0.376742E+03
 AMRCLAW: level  1  CFL = .449E+00  dt = 0.4909E+00  final t = 0.377233E+03
 AMRCLAW: level  1  CFL = .449E+00  dt = 0.4921E+00  final t = 0.377725E+03
 AMRCLAW: level  1  CFL = .449E+00  dt = 0.4934E+00  final t = 0.378218E+03
 AMRCLAW: level  1  CFL = .449E+00  dt = 0.4947E+00  final t = 0.378713E+03
 AMRCLAW: level  1  CFL = .449E+00  dt = 0.4960E+00  final t = 0.379209E+03
 AMRCLAW: level  1  CFL = .449E+00  dt = 0.4973E+00  final t = 0.379706E+03
 AMRCLAW: level  1  CFL = .449E+00  dt = 0.4987E+00  final t = 0.380205E+03
 AMRCLAW: level  1  CFL = .449E+00  dt = 0.5000E+00  final t = 0.380705E+03
 AMRCLAW: level  1  CFL = .447E+00  dt = 0.5000E+00  final t = 0.381205E+03
 AMRCLAW: level  1  CFL = .446E+00  dt = 0.5000E+00  final t = 0.381705E+03
 AMRCLAW: level  1  CFL = .445E+00  dt = 0.5000E+00  final t = 0.382205E+03
 AMRCLAW: level  1  CFL = .444E+00  dt = 0.5000E+00  final t = 0.382705E+03
 AMRCLAW: level  1  CFL = .442E+00  dt = 0.5000E+00  final t = 0.383205E+03
 AMRCLAW: level  1  CFL = .441E+00  dt = 0.5000E+00  final t = 0.383705E+03
 AMRCLAW: level  1  CFL = .440E+00  dt = 0.5000E+00  final t = 0.384205E+03
 AMRCLAW: level  1  CFL = .438E+00  dt = 0.5000E+00  final t = 0.384705E+03
 AMRCLAW: level  1  CFL = .437E+00  dt = 0.5000E+00  final t = 0.385205E+03
 AMRCLAW: level  1  CFL = .436E+00  dt = 0.5000E+00  final t = 0.385705E+03
 AMRCLAW: level  1  CFL = .433E+00  dt = 0.5000E+00  final t = 0.386205E+03
 AMRCLAW: level  1  CFL = .432E+00  dt = 0.5000E+00  final t = 0.386705E+03
 AMRCLAW: level  1  CFL = .430E+00  dt = 0.5000E+00  final t = 0.387205E+03
 AMRCLAW: level  1  CFL = .429E+00  dt = 0.5000E+00  final t = 0.387705E+03
 AMRCLAW: level  1  CFL = .427E+00  dt = 0.5000E+00  final t = 0.388205E+03
 AMRCLAW: level  1  CFL = .425E+00  dt = 0.5000E+00  final t = 0.388705E+03
 AMRCLAW: level  1  CFL = .424E+00  dt = 0.5000E+00  final t = 0.389205E+03
 AMRCLAW: level  1  CFL = .423E+00  dt = 0.5000E+00  final t = 0.389705E+03
 AMRCLAW: level  1  CFL = .250E+00  dt = 0.2949E+00  final t = 0.390000E+03
GEOCLAW: Frame   13 output files done at time t =  0.390000D+03

 AMRCLAW: level  1  CFL = .423E+00  dt = 0.5000E+00  final t = 0.390500E+03
 AMRCLAW: level  1  CFL = .423E+00  dt = 0.5000E+00  final t = 0.391000E+03
 AMRCLAW: level  1  CFL = .423E+00  dt = 0.5000E+00  final t = 0.391500E+03
 AMRCLAW: level  1  CFL = .423E+00  dt = 0.5000E+00  final t = 0.392000E+03
 AMRCLAW: level  1  CFL = .422E+00  dt = 0.5000E+00  final t = 0.392500E+03
 AMRCLAW: level  1  CFL = .422E+00  dt = 0.5000E+00  final t = 0.393000E+03
 AMRCLAW: level  1  CFL = .421E+00  dt = 0.5000E+00  final t = 0.393500E+03
 AMRCLAW: level  1  CFL = .421E+00  dt = 0.5000E+00  final t = 0.394000E+03
 AMRCLAW: level  1  CFL = .421E+00  dt = 0.5000E+00  final t = 0.394500E+03
 AMRCLAW: level  1  CFL = .420E+00  dt = 0.5000E+00  final t = 0.395000E+03
 AMRCLAW: level  1  CFL = .420E+00  dt = 0.5000E+00  final t = 0.395500E+03
 AMRCLAW: level  1  CFL = .420E+00  dt = 0.5000E+00  final t = 0.396000E+03
 AMRCLAW: level  1  CFL = .419E+00  dt = 0.5000E+00  final t = 0.396500E+03
 AMRCLAW: level  1  CFL = .419E+00  dt = 0.5000E+00  final t = 0.397000E+03
 AMRCLAW: level  1  CFL = .419E+00  dt = 0.5000E+00  final t = 0.397500E+03
 AMRCLAW: level  1  CFL = .418E+00  dt = 0.5000E+00  final t = 0.398000E+03
 AMRCLAW: level  1  CFL = .418E+00  dt = 0.5000E+00  final t = 0.398500E+03
 AMRCLAW: level  1  CFL = .418E+00  dt = 0.5000E+00  final t = 0.399000E+03
 AMRCLAW: level  1  CFL = .418E+00  dt = 0.5000E+00  final t = 0.399500E+03
 AMRCLAW: level  1  CFL = .418E+00  dt = 0.5000E+00  final t = 0.400000E+03
 AMRCLAW: level  1  CFL = .418E+00  dt = 0.5000E+00  final t = 0.400500E+03
 AMRCLAW: level  1  CFL = .418E+00  dt = 0.5000E+00  final t = 0.401000E+03
 AMRCLAW: level  1  CFL = .418E+00  dt = 0.5000E+00  final t = 0.401500E+03
 AMRCLAW: level  1  CFL = .418E+00  dt = 0.5000E+00  final t = 0.402000E+03
 AMRCLAW: level  1  CFL = .417E+00  dt = 0.5000E+00  final t = 0.402500E+03
 AMRCLAW: level  1  CFL = .417E+00  dt = 0.5000E+00  final t = 0.403000E+03
 AMRCLAW: level  1  CFL = .417E+00  dt = 0.5000E+00  final t = 0.403500E+03
 AMRCLAW: level  1  CFL = .417E+00  dt = 0.5000E+00  final t = 0.404000E+03
 AMRCLAW: level  1  CFL = .417E+00  dt = 0.5000E+00  final t = 0.404500E+03
 AMRCLAW: level  1  CFL = .417E+00  dt = 0.5000E+00  final t = 0.405000E+03
 AMRCLAW: level  1  CFL = .416E+00  dt = 0.5000E+00  final t = 0.405500E+03
 AMRCLAW: level  1  CFL = .416E+00  dt = 0.5000E+00  final t = 0.406000E+03
 AMRCLAW: level  1  CFL = .416E+00  dt = 0.5000E+00  final t = 0.406500E+03
 AMRCLAW: level  1  CFL = .416E+00  dt = 0.5000E+00  final t = 0.407000E+03
 AMRCLAW: level  1  CFL = .416E+00  dt = 0.5000E+00  final t = 0.407500E+03
 AMRCLAW: level  1  CFL = .415E+00  dt = 0.5000E+00  final t = 0.408000E+03
 AMRCLAW: level  1  CFL = .415E+00  dt = 0.5000E+00  final t = 0.408500E+03
 AMRCLAW: level  1  CFL = .415E+00  dt = 0.5000E+00  final t = 0.409000E+03
 AMRCLAW: level  1  CFL = .415E+00  dt = 0.5000E+00  final t = 0.409500E+03
 AMRCLAW: level  1  CFL = .415E+00  dt = 0.5000E+00  final t = 0.410000E+03
 AMRCLAW: level  1  CFL = .414E+00  dt = 0.5000E+00  final t = 0.410500E+03
 AMRCLAW: level  1  CFL = .414E+00  dt = 0.5000E+00  final t = 0.411000E+03
 AMRCLAW: level  1  CFL = .414E+00  dt = 0.5000E+00  final t = 0.411500E+03
 AMRCLAW: level  1  CFL = .414E+00  dt = 0.5000E+00  final t = 0.412000E+03
 AMRCLAW: level  1  CFL = .413E+00  dt = 0.5000E+00  final t = 0.412500E+03
 AMRCLAW: level  1  CFL = .413E+00  dt = 0.5000E+00  final t = 0.413000E+03
 AMRCLAW: level  1  CFL = .413E+00  dt = 0.5000E+00  final t = 0.413500E+03
 AMRCLAW: level  1  CFL = .412E+00  dt = 0.5000E+00  final t = 0.414000E+03
 AMRCLAW: level  1  CFL = .412E+00  dt = 0.5000E+00  final t = 0.414500E+03
 AMRCLAW: level  1  CFL = .412E+00  dt = 0.5000E+00  final t = 0.415000E+03
 AMRCLAW: level  1  CFL = .411E+00  dt = 0.5000E+00  final t = 0.415500E+03
 AMRCLAW: level  1  CFL = .411E+00  dt = 0.5000E+00  final t = 0.416000E+03
 AMRCLAW: level  1  CFL = .411E+00  dt = 0.5000E+00  final t = 0.416500E+03
 AMRCLAW: level  1  CFL = .411E+00  dt = 0.5000E+00  final t = 0.417000E+03
 AMRCLAW: level  1  CFL = .410E+00  dt = 0.5000E+00  final t = 0.417500E+03
 AMRCLAW: level  1  CFL = .410E+00  dt = 0.5000E+00  final t = 0.418000E+03
 AMRCLAW: level  1  CFL = .410E+00  dt = 0.5000E+00  final t = 0.418500E+03
 AMRCLAW: level  1  CFL = .410E+00  dt = 0.5000E+00  final t = 0.419000E+03
 AMRCLAW: level  1  CFL = .409E+00  dt = 0.5000E+00  final t = 0.419500E+03
 AMRCLAW: level  1  CFL = .409E+00  dt = 0.5000E+00  final t = 0.420000E+03
GEOCLAW: Frame   14 output files done at time t =  0.420000D+03

 AMRCLAW: level  1  CFL = .409E+00  dt = 0.5000E+00  final t = 0.420500E+03
 AMRCLAW: level  1  CFL = .409E+00  dt = 0.5000E+00  final t = 0.421000E+03
 AMRCLAW: level  1  CFL = .408E+00  dt = 0.5000E+00  final t = 0.421500E+03
 AMRCLAW: level  1  CFL = .408E+00  dt = 0.5000E+00  final t = 0.422000E+03
 AMRCLAW: level  1  CFL = .408E+00  dt = 0.5000E+00  final t = 0.422500E+03
 AMRCLAW: level  1  CFL = .408E+00  dt = 0.5000E+00  final t = 0.423000E+03
 AMRCLAW: level  1  CFL = .407E+00  dt = 0.5000E+00  final t = 0.423500E+03
 AMRCLAW: level  1  CFL = .407E+00  dt = 0.5000E+00  final t = 0.424000E+03
 AMRCLAW: level  1  CFL = .407E+00  dt = 0.5000E+00  final t = 0.424500E+03
 AMRCLAW: level  1  CFL = .407E+00  dt = 0.5000E+00  final t = 0.425000E+03
 AMRCLAW: level  1  CFL = .407E+00  dt = 0.5000E+00  final t = 0.425500E+03
 AMRCLAW: level  1  CFL = .407E+00  dt = 0.5000E+00  final t = 0.426000E+03
 AMRCLAW: level  1  CFL = .406E+00  dt = 0.5000E+00  final t = 0.426500E+03
 AMRCLAW: level  1  CFL = .406E+00  dt = 0.5000E+00  final t = 0.427000E+03
 AMRCLAW: level  1  CFL = .406E+00  dt = 0.5000E+00  final t = 0.427500E+03
 AMRCLAW: level  1  CFL = .405E+00  dt = 0.5000E+00  final t = 0.428000E+03
 AMRCLAW: level  1  CFL = .405E+00  dt = 0.5000E+00  final t = 0.428500E+03
 AMRCLAW: level  1  CFL = .405E+00  dt = 0.5000E+00  final t = 0.429000E+03
 AMRCLAW: level  1  CFL = .404E+00  dt = 0.5000E+00  final t = 0.429500E+03
 AMRCLAW: level  1  CFL = .404E+00  dt = 0.5000E+00  final t = 0.430000E+03
 AMRCLAW: level  1  CFL = .404E+00  dt = 0.5000E+00  final t = 0.430500E+03
 AMRCLAW: level  1  CFL = .403E+00  dt = 0.5000E+00  final t = 0.431000E+03
 AMRCLAW: level  1  CFL = .403E+00  dt = 0.5000E+00  final t = 0.431500E+03
 AMRCLAW: level  1  CFL = .402E+00  dt = 0.5000E+00  final t = 0.432000E+03
 AMRCLAW: level  1  CFL = .401E+00  dt = 0.5000E+00  final t = 0.432500E+03
 AMRCLAW: level  1  CFL = .401E+00  dt = 0.5000E+00  final t = 0.433000E+03
 AMRCLAW: level  1  CFL = .400E+00  dt = 0.5000E+00  final t = 0.433500E+03
 AMRCLAW: level  1  CFL = .400E+00  dt = 0.5000E+00  final t = 0.434000E+03
 AMRCLAW: level  1  CFL = .399E+00  dt = 0.5000E+00  final t = 0.434500E+03
 AMRCLAW: level  1  CFL = .399E+00  dt = 0.5000E+00  final t = 0.435000E+03
 AMRCLAW: level  1  CFL = .398E+00  dt = 0.5000E+00  final t = 0.435500E+03
 AMRCLAW: level  1  CFL = .398E+00  dt = 0.5000E+00  final t = 0.436000E+03
 AMRCLAW: level  1  CFL = .397E+00  dt = 0.5000E+00  final t = 0.436500E+03
 AMRCLAW: level  1  CFL = .397E+00  dt = 0.5000E+00  final t = 0.437000E+03
 AMRCLAW: level  1  CFL = .396E+00  dt = 0.5000E+00  final t = 0.437500E+03
 AMRCLAW: level  1  CFL = .395E+00  dt = 0.5000E+00  final t = 0.438000E+03
 AMRCLAW: level  1  CFL = .395E+00  dt = 0.5000E+00  final t = 0.438500E+03
 AMRCLAW: level  1  CFL = .394E+00  dt = 0.5000E+00  final t = 0.439000E+03
 AMRCLAW: level  1  CFL = .394E+00  dt = 0.5000E+00  final t = 0.439500E+03
 AMRCLAW: level  1  CFL = .393E+00  dt = 0.5000E+00  final t = 0.440000E+03
 AMRCLAW: level  1  CFL = .393E+00  dt = 0.5000E+00  final t = 0.440500E+03
 AMRCLAW: level  1  CFL = .392E+00  dt = 0.5000E+00  final t = 0.441000E+03
 AMRCLAW: level  1  CFL = .392E+00  dt = 0.5000E+00  final t = 0.441500E+03
 AMRCLAW: level  1  CFL = .391E+00  dt = 0.5000E+00  final t = 0.442000E+03
 AMRCLAW: level  1  CFL = .390E+00  dt = 0.5000E+00  final t = 0.442500E+03
 AMRCLAW: level  1  CFL = .390E+00  dt = 0.5000E+00  final t = 0.443000E+03
 AMRCLAW: level  1  CFL = .390E+00  dt = 0.5000E+00  final t = 0.443500E+03
 AMRCLAW: level  1  CFL = .389E+00  dt = 0.5000E+00  final t = 0.444000E+03
 AMRCLAW: level  1  CFL = .389E+00  dt = 0.5000E+00  final t = 0.444500E+03
 AMRCLAW: level  1  CFL = .388E+00  dt = 0.5000E+00  final t = 0.445000E+03
 AMRCLAW: level  1  CFL = .388E+00  dt = 0.5000E+00  final t = 0.445500E+03
 AMRCLAW: level  1  CFL = .387E+00  dt = 0.5000E+00  final t = 0.446000E+03
 AMRCLAW: level  1  CFL = .387E+00  dt = 0.5000E+00  final t = 0.446500E+03
 AMRCLAW: level  1  CFL = .387E+00  dt = 0.5000E+00  final t = 0.447000E+03
 AMRCLAW: level  1  CFL = .386E+00  dt = 0.5000E+00  final t = 0.447500E+03
 AMRCLAW: level  1  CFL = .386E+00  dt = 0.5000E+00  final t = 0.448000E+03
 AMRCLAW: level  1  CFL = .385E+00  dt = 0.5000E+00  final t = 0.448500E+03
 AMRCLAW: level  1  CFL = .385E+00  dt = 0.5000E+00  final t = 0.449000E+03
 AMRCLAW: level  1  CFL = .385E+00  dt = 0.5000E+00  final t = 0.449500E+03
 AMRCLAW: level  1  CFL = .384E+00  dt = 0.5000E+00  final t = 0.450000E+03
GEOCLAW: Frame   15 output files done at time t =  0.450000D+03

 AMRCLAW: level  1  CFL = .384E+00  dt = 0.5000E+00  final t = 0.450500E+03
 AMRCLAW: level  1  CFL = .383E+00  dt = 0.5000E+00  final t = 0.451000E+03
 AMRCLAW: level  1  CFL = .383E+00  dt = 0.5000E+00  final t = 0.451500E+03
 AMRCLAW: level  1  CFL = .383E+00  dt = 0.5000E+00  final t = 0.452000E+03
 AMRCLAW: level  1  CFL = .383E+00  dt = 0.5000E+00  final t = 0.452500E+03
 AMRCLAW: level  1  CFL = .383E+00  dt = 0.5000E+00  final t = 0.453000E+03
 AMRCLAW: level  1  CFL = .383E+00  dt = 0.5000E+00  final t = 0.453500E+03
 AMRCLAW: level  1  CFL = .383E+00  dt = 0.5000E+00  final t = 0.454000E+03
 AMRCLAW: level  1  CFL = .383E+00  dt = 0.5000E+00  final t = 0.454500E+03
 AMRCLAW: level  1  CFL = .383E+00  dt = 0.5000E+00  final t = 0.455000E+03
 AMRCLAW: level  1  CFL = .383E+00  dt = 0.5000E+00  final t = 0.455500E+03
 AMRCLAW: level  1  CFL = .382E+00  dt = 0.5000E+00  final t = 0.456000E+03
 AMRCLAW: level  1  CFL = .382E+00  dt = 0.5000E+00  final t = 0.456500E+03
 AMRCLAW: level  1  CFL = .382E+00  dt = 0.5000E+00  final t = 0.457000E+03
 AMRCLAW: level  1  CFL = .382E+00  dt = 0.5000E+00  final t = 0.457500E+03
 AMRCLAW: level  1  CFL = .383E+00  dt = 0.5000E+00  final t = 0.458000E+03
 AMRCLAW: level  1  CFL = .383E+00  dt = 0.5000E+00  final t = 0.458500E+03
 AMRCLAW: level  1  CFL = .383E+00  dt = 0.5000E+00  final t = 0.459000E+03
 AMRCLAW: level  1  CFL = .383E+00  dt = 0.5000E+00  final t = 0.459500E+03
 AMRCLAW: level  1  CFL = .384E+00  dt = 0.5000E+00  final t = 0.460000E+03
 AMRCLAW: level  1  CFL = .384E+00  dt = 0.5000E+00  final t = 0.460500E+03
 AMRCLAW: level  1  CFL = .384E+00  dt = 0.5000E+00  final t = 0.461000E+03
 AMRCLAW: level  1  CFL = .384E+00  dt = 0.5000E+00  final t = 0.461500E+03
 AMRCLAW: level  1  CFL = .384E+00  dt = 0.5000E+00  final t = 0.462000E+03
 AMRCLAW: level  1  CFL = .383E+00  dt = 0.5000E+00  final t = 0.462500E+03
 AMRCLAW: level  1  CFL = .383E+00  dt = 0.5000E+00  final t = 0.463000E+03
 AMRCLAW: level  1  CFL = .383E+00  dt = 0.5000E+00  final t = 0.463500E+03
 AMRCLAW: level  1  CFL = .382E+00  dt = 0.5000E+00  final t = 0.464000E+03
 AMRCLAW: level  1  CFL = .382E+00  dt = 0.5000E+00  final t = 0.464500E+03
 AMRCLAW: level  1  CFL = .382E+00  dt = 0.5000E+00  final t = 0.465000E+03
 AMRCLAW: level  1  CFL = .382E+00  dt = 0.5000E+00  final t = 0.465500E+03
 AMRCLAW: level  1  CFL = .382E+00  dt = 0.5000E+00  final t = 0.466000E+03
 AMRCLAW: level  1  CFL = .382E+00  dt = 0.5000E+00  final t = 0.466500E+03
 AMRCLAW: level  1  CFL = .382E+00  dt = 0.5000E+00  final t = 0.467000E+03
 AMRCLAW: level  1  CFL = .382E+00  dt = 0.5000E+00  final t = 0.467500E+03
 AMRCLAW: level  1  CFL = .382E+00  dt = 0.5000E+00  final t = 0.468000E+03
 AMRCLAW: level  1  CFL = .382E+00  dt = 0.5000E+00  final t = 0.468500E+03
 AMRCLAW: level  1  CFL = .382E+00  dt = 0.5000E+00  final t = 0.469000E+03
 AMRCLAW: level  1  CFL = .382E+00  dt = 0.5000E+00  final t = 0.469500E+03
 AMRCLAW: level  1  CFL = .382E+00  dt = 0.5000E+00  final t = 0.470000E+03
 AMRCLAW: level  1  CFL = .382E+00  dt = 0.5000E+00  final t = 0.470500E+03
 AMRCLAW: level  1  CFL = .382E+00  dt = 0.5000E+00  final t = 0.471000E+03
 AMRCLAW: level  1  CFL = .382E+00  dt = 0.5000E+00  final t = 0.471500E+03
 AMRCLAW: level  1  CFL = .381E+00  dt = 0.5000E+00  final t = 0.472000E+03
 AMRCLAW: level  1  CFL = .381E+00  dt = 0.5000E+00  final t = 0.472500E+03
 AMRCLAW: level  1  CFL = .381E+00  dt = 0.5000E+00  final t = 0.473000E+03
 AMRCLAW: level  1  CFL = .381E+00  dt = 0.5000E+00  final t = 0.473500E+03
 AMRCLAW: level  1  CFL = .381E+00  dt = 0.5000E+00  final t = 0.474000E+03
 AMRCLAW: level  1  CFL = .381E+00  dt = 0.5000E+00  final t = 0.474500E+03
 AMRCLAW: level  1  CFL = .381E+00  dt = 0.5000E+00  final t = 0.475000E+03
 AMRCLAW: level  1  CFL = .381E+00  dt = 0.5000E+00  final t = 0.475500E+03
 AMRCLAW: level  1  CFL = .380E+00  dt = 0.5000E+00  final t = 0.476000E+03
 AMRCLAW: level  1  CFL = .380E+00  dt = 0.5000E+00  final t = 0.476500E+03
 AMRCLAW: level  1  CFL = .380E+00  dt = 0.5000E+00  final t = 0.477000E+03
 AMRCLAW: level  1  CFL = .380E+00  dt = 0.5000E+00  final t = 0.477500E+03
 AMRCLAW: level  1  CFL = .379E+00  dt = 0.5000E+00  final t = 0.478000E+03
 AMRCLAW: level  1  CFL = .379E+00  dt = 0.5000E+00  final t = 0.478500E+03
 AMRCLAW: level  1  CFL = .379E+00  dt = 0.5000E+00  final t = 0.479000E+03
 AMRCLAW: level  1  CFL = .378E+00  dt = 0.5000E+00  final t = 0.479500E+03
 AMRCLAW: level  1  CFL = .378E+00  dt = 0.5000E+00  final t = 0.480000E+03
GEOCLAW: Frame   16 output files done at time t =  0.480000D+03

 AMRCLAW: level  1  CFL = .378E+00  dt = 0.5000E+00  final t = 0.480500E+03
 AMRCLAW: level  1  CFL = .377E+00  dt = 0.5000E+00  final t = 0.481000E+03
 AMRCLAW: level  1  CFL = .377E+00  dt = 0.5000E+00  final t = 0.481500E+03
 AMRCLAW: level  1  CFL = .377E+00  dt = 0.5000E+00  final t = 0.482000E+03
 AMRCLAW: level  1  CFL = .376E+00  dt = 0.5000E+00  final t = 0.482500E+03
 AMRCLAW: level  1  CFL = .376E+00  dt = 0.5000E+00  final t = 0.483000E+03
 AMRCLAW: level  1  CFL = .376E+00  dt = 0.5000E+00  final t = 0.483500E+03
 AMRCLAW: level  1  CFL = .376E+00  dt = 0.5000E+00  final t = 0.484000E+03
 AMRCLAW: level  1  CFL = .376E+00  dt = 0.5000E+00  final t = 0.484500E+03
 AMRCLAW: level  1  CFL = .376E+00  dt = 0.5000E+00  final t = 0.485000E+03
 AMRCLAW: level  1  CFL = .375E+00  dt = 0.5000E+00  final t = 0.485500E+03
 AMRCLAW: level  1  CFL = .375E+00  dt = 0.5000E+00  final t = 0.486000E+03
 AMRCLAW: level  1  CFL = .375E+00  dt = 0.5000E+00  final t = 0.486500E+03
 AMRCLAW: level  1  CFL = .375E+00  dt = 0.5000E+00  final t = 0.487000E+03
 AMRCLAW: level  1  CFL = .375E+00  dt = 0.5000E+00  final t = 0.487500E+03
 AMRCLAW: level  1  CFL = .375E+00  dt = 0.5000E+00  final t = 0.488000E+03
 AMRCLAW: level  1  CFL = .375E+00  dt = 0.5000E+00  final t = 0.488500E+03
 AMRCLAW: level  1  CFL = .375E+00  dt = 0.5000E+00  final t = 0.489000E+03
 AMRCLAW: level  1  CFL = .375E+00  dt = 0.5000E+00  final t = 0.489500E+03
 AMRCLAW: level  1  CFL = .374E+00  dt = 0.5000E+00  final t = 0.490000E+03
 AMRCLAW: level  1  CFL = .374E+00  dt = 0.5000E+00  final t = 0.490500E+03
 AMRCLAW: level  1  CFL = .374E+00  dt = 0.5000E+00  final t = 0.491000E+03
 AMRCLAW: level  1  CFL = .374E+00  dt = 0.5000E+00  final t = 0.491500E+03
 AMRCLAW: level  1  CFL = .374E+00  dt = 0.5000E+00  final t = 0.492000E+03
 AMRCLAW: level  1  CFL = .373E+00  dt = 0.5000E+00  final t = 0.492500E+03
 AMRCLAW: level  1  CFL = .373E+00  dt = 0.5000E+00  final t = 0.493000E+03
 AMRCLAW: level  1  CFL = .373E+00  dt = 0.5000E+00  final t = 0.493500E+03
 AMRCLAW: level  1  CFL = .372E+00  dt = 0.5000E+00  final t = 0.494000E+03
 AMRCLAW: level  1  CFL = .372E+00  dt = 0.5000E+00  final t = 0.494500E+03
 AMRCLAW: level  1  CFL = .372E+00  dt = 0.5000E+00  final t = 0.495000E+03
 AMRCLAW: level  1  CFL = .372E+00  dt = 0.5000E+00  final t = 0.495500E+03
 AMRCLAW: level  1  CFL = .371E+00  dt = 0.5000E+00  final t = 0.496000E+03
 AMRCLAW: level  1  CFL = .371E+00  dt = 0.5000E+00  final t = 0.496500E+03
 AMRCLAW: level  1  CFL = .371E+00  dt = 0.5000E+00  final t = 0.497000E+03
 AMRCLAW: level  1  CFL = .370E+00  dt = 0.5000E+00  final t = 0.497500E+03
 AMRCLAW: level  1  CFL = .370E+00  dt = 0.5000E+00  final t = 0.498000E+03
 AMRCLAW: level  1  CFL = .370E+00  dt = 0.5000E+00  final t = 0.498500E+03
 AMRCLAW: level  1  CFL = .369E+00  dt = 0.5000E+00  final t = 0.499000E+03
 AMRCLAW: level  1  CFL = .369E+00  dt = 0.5000E+00  final t = 0.499500E+03
 AMRCLAW: level  1  CFL = .369E+00  dt = 0.5000E+00  final t = 0.500000E+03
 AMRCLAW: level  1  CFL = .368E+00  dt = 0.5000E+00  final t = 0.500500E+03
 AMRCLAW: level  1  CFL = .368E+00  dt = 0.5000E+00  final t = 0.501000E+03
 AMRCLAW: level  1  CFL = .368E+00  dt = 0.5000E+00  final t = 0.501500E+03
 AMRCLAW: level  1  CFL = .368E+00  dt = 0.5000E+00  final t = 0.502000E+03
 AMRCLAW: level  1  CFL = .367E+00  dt = 0.5000E+00  final t = 0.502500E+03
 AMRCLAW: level  1  CFL = .367E+00  dt = 0.5000E+00  final t = 0.503000E+03
 AMRCLAW: level  1  CFL = .367E+00  dt = 0.5000E+00  final t = 0.503500E+03
 AMRCLAW: level  1  CFL = .367E+00  dt = 0.5000E+00  final t = 0.504000E+03
 AMRCLAW: level  1  CFL = .367E+00  dt = 0.5000E+00  final t = 0.504500E+03
 AMRCLAW: level  1  CFL = .366E+00  dt = 0.5000E+00  final t = 0.505000E+03
 AMRCLAW: level  1  CFL = .366E+00  dt = 0.5000E+00  final t = 0.505500E+03
 AMRCLAW: level  1  CFL = .366E+00  dt = 0.5000E+00  final t = 0.506000E+03
 AMRCLAW: level  1  CFL = .366E+00  dt = 0.5000E+00  final t = 0.506500E+03
 AMRCLAW: level  1  CFL = .366E+00  dt = 0.5000E+00  final t = 0.507000E+03
 AMRCLAW: level  1  CFL = .365E+00  dt = 0.5000E+00  final t = 0.507500E+03
 AMRCLAW: level  1  CFL = .365E+00  dt = 0.5000E+00  final t = 0.508000E+03
 AMRCLAW: level  1  CFL = .365E+00  dt = 0.5000E+00  final t = 0.508500E+03
 AMRCLAW: level  1  CFL = .365E+00  dt = 0.5000E+00  final t = 0.509000E+03
 AMRCLAW: level  1  CFL = .365E+00  dt = 0.5000E+00  final t = 0.509500E+03
 AMRCLAW: level  1  CFL = .365E+00  dt = 0.5000E+00  final t = 0.510000E+03
GEOCLAW: Frame   17 output files done at time t =  0.510000D+03

 AMRCLAW: level  1  CFL = .364E+00  dt = 0.5000E+00  final t = 0.510500E+03
 AMRCLAW: level  1  CFL = .364E+00  dt = 0.5000E+00  final t = 0.511000E+03
 AMRCLAW: level  1  CFL = .364E+00  dt = 0.5000E+00  final t = 0.511500E+03
 AMRCLAW: level  1  CFL = .364E+00  dt = 0.5000E+00  final t = 0.512000E+03
 AMRCLAW: level  1  CFL = .364E+00  dt = 0.5000E+00  final t = 0.512500E+03
 AMRCLAW: level  1  CFL = .364E+00  dt = 0.5000E+00  final t = 0.513000E+03
 AMRCLAW: level  1  CFL = .364E+00  dt = 0.5000E+00  final t = 0.513500E+03
 AMRCLAW: level  1  CFL = .363E+00  dt = 0.5000E+00  final t = 0.514000E+03
 AMRCLAW: level  1  CFL = .363E+00  dt = 0.5000E+00  final t = 0.514500E+03
 AMRCLAW: level  1  CFL = .363E+00  dt = 0.5000E+00  final t = 0.515000E+03
 AMRCLAW: level  1  CFL = .362E+00  dt = 0.5000E+00  final t = 0.515500E+03
 AMRCLAW: level  1  CFL = .362E+00  dt = 0.5000E+00  final t = 0.516000E+03
 AMRCLAW: level  1  CFL = .361E+00  dt = 0.5000E+00  final t = 0.516500E+03
 AMRCLAW: level  1  CFL = .360E+00  dt = 0.5000E+00  final t = 0.517000E+03
 AMRCLAW: level  1  CFL = .359E+00  dt = 0.5000E+00  final t = 0.517500E+03
 AMRCLAW: level  1  CFL = .358E+00  dt = 0.5000E+00  final t = 0.518000E+03
 AMRCLAW: level  1  CFL = .357E+00  dt = 0.5000E+00  final t = 0.518500E+03
 AMRCLAW: level  1  CFL = .356E+00  dt = 0.5000E+00  final t = 0.519000E+03
 AMRCLAW: level  1  CFL = .355E+00  dt = 0.5000E+00  final t = 0.519500E+03
 AMRCLAW: level  1  CFL = .354E+00  dt = 0.5000E+00  final t = 0.520000E+03
 AMRCLAW: level  1  CFL = .353E+00  dt = 0.5000E+00  final t = 0.520500E+03
 AMRCLAW: level  1  CFL = .352E+00  dt = 0.5000E+00  final t = 0.521000E+03
 AMRCLAW: level  1  CFL = .352E+00  dt = 0.5000E+00  final t = 0.521500E+03
 AMRCLAW: level  1  CFL = .351E+00  dt = 0.5000E+00  final t = 0.522000E+03
 AMRCLAW: level  1  CFL = .350E+00  dt = 0.5000E+00  final t = 0.522500E+03
 AMRCLAW: level  1  CFL = .349E+00  dt = 0.5000E+00  final t = 0.523000E+03
 AMRCLAW: level  1  CFL = .348E+00  dt = 0.5000E+00  final t = 0.523500E+03
 AMRCLAW: level  1  CFL = .347E+00  dt = 0.5000E+00  final t = 0.524000E+03
 AMRCLAW: level  1  CFL = .346E+00  dt = 0.5000E+00  final t = 0.524500E+03
 AMRCLAW: level  1  CFL = .343E+00  dt = 0.5000E+00  final t = 0.525000E+03
 AMRCLAW: level  1  CFL = .339E+00  dt = 0.5000E+00  final t = 0.525500E+03
 AMRCLAW: level  1  CFL = .334E+00  dt = 0.5000E+00  final t = 0.526000E+03
 AMRCLAW: level  1  CFL = .332E+00  dt = 0.5000E+00  final t = 0.526500E+03
 AMRCLAW: level  1  CFL = .332E+00  dt = 0.5000E+00  final t = 0.527000E+03
 AMRCLAW: level  1  CFL = .331E+00  dt = 0.5000E+00  final t = 0.527500E+03
 AMRCLAW: level  1  CFL = .331E+00  dt = 0.5000E+00  final t = 0.528000E+03
 AMRCLAW: level  1  CFL = .331E+00  dt = 0.5000E+00  final t = 0.528500E+03
 AMRCLAW: level  1  CFL = .331E+00  dt = 0.5000E+00  final t = 0.529000E+03
 AMRCLAW: level  1  CFL = .331E+00  dt = 0.5000E+00  final t = 0.529500E+03
 AMRCLAW: level  1  CFL = .331E+00  dt = 0.5000E+00  final t = 0.530000E+03
 AMRCLAW: level  1  CFL = .331E+00  dt = 0.5000E+00  final t = 0.530500E+03
 AMRCLAW: level  1  CFL = .331E+00  dt = 0.5000E+00  final t = 0.531000E+03
 AMRCLAW: level  1  CFL = .331E+00  dt = 0.5000E+00  final t = 0.531500E+03
 AMRCLAW: level  1  CFL = .330E+00  dt = 0.5000E+00  final t = 0.532000E+03
 AMRCLAW: level  1  CFL = .330E+00  dt = 0.5000E+00  final t = 0.532500E+03
 AMRCLAW: level  1  CFL = .330E+00  dt = 0.5000E+00  final t = 0.533000E+03
 AMRCLAW: level  1  CFL = .330E+00  dt = 0.5000E+00  final t = 0.533500E+03
 AMRCLAW: level  1  CFL = .330E+00  dt = 0.5000E+00  final t = 0.534000E+03
 AMRCLAW: level  1  CFL = .329E+00  dt = 0.5000E+00  final t = 0.534500E+03
 AMRCLAW: level  1  CFL = .328E+00  dt = 0.5000E+00  final t = 0.535000E+03
 AMRCLAW: level  1  CFL = .327E+00  dt = 0.5000E+00  final t = 0.535500E+03
 AMRCLAW: level  1  CFL = .325E+00  dt = 0.5000E+00  final t = 0.536000E+03
 AMRCLAW: level  1  CFL = .322E+00  dt = 0.5000E+00  final t = 0.536500E+03
 AMRCLAW: level  1  CFL = .320E+00  dt = 0.5000E+00  final t = 0.537000E+03
 AMRCLAW: level  1  CFL = .317E+00  dt = 0.5000E+00  final t = 0.537500E+03
 AMRCLAW: level  1  CFL = .313E+00  dt = 0.5000E+00  final t = 0.538000E+03
 AMRCLAW: level  1  CFL = .310E+00  dt = 0.5000E+00  final t = 0.538500E+03
 AMRCLAW: level  1  CFL = .306E+00  dt = 0.5000E+00  final t = 0.539000E+03
 AMRCLAW: level  1  CFL = .303E+00  dt = 0.5000E+00  final t = 0.539500E+03
 AMRCLAW: level  1  CFL = .299E+00  dt = 0.5000E+00  final t = 0.540000E+03
GEOCLAW: Frame   18 output files done at time t =  0.540000D+03

 AMRCLAW: level  1  CFL = .296E+00  dt = 0.5000E+00  final t = 0.540500E+03
 AMRCLAW: level  1  CFL = .293E+00  dt = 0.5000E+00  final t = 0.541000E+03
 AMRCLAW: level  1  CFL = .291E+00  dt = 0.5000E+00  final t = 0.541500E+03
 AMRCLAW: level  1  CFL = .291E+00  dt = 0.5000E+00  final t = 0.542000E+03
 AMRCLAW: level  1  CFL = .290E+00  dt = 0.5000E+00  final t = 0.542500E+03
 AMRCLAW: level  1  CFL = .290E+00  dt = 0.5000E+00  final t = 0.543000E+03
 AMRCLAW: level  1  CFL = .290E+00  dt = 0.5000E+00  final t = 0.543500E+03
 AMRCLAW: level  1  CFL = .290E+00  dt = 0.5000E+00  final t = 0.544000E+03
 AMRCLAW: level  1  CFL = .290E+00  dt = 0.5000E+00  final t = 0.544500E+03
 AMRCLAW: level  1  CFL = .290E+00  dt = 0.5000E+00  final t = 0.545000E+03
 AMRCLAW: level  1  CFL = .290E+00  dt = 0.5000E+00  final t = 0.545500E+03
 AMRCLAW: level  1  CFL = .290E+00  dt = 0.5000E+00  final t = 0.546000E+03
 AMRCLAW: level  1  CFL = .289E+00  dt = 0.5000E+00  final t = 0.546500E+03
 AMRCLAW: level  1  CFL = .289E+00  dt = 0.5000E+00  final t = 0.547000E+03
 AMRCLAW: level  1  CFL = .289E+00  dt = 0.5000E+00  final t = 0.547500E+03
 AMRCLAW: level  1  CFL = .289E+00  dt = 0.5000E+00  final t = 0.548000E+03
 AMRCLAW: level  1  CFL = .289E+00  dt = 0.5000E+00  final t = 0.548500E+03
 AMRCLAW: level  1  CFL = .289E+00  dt = 0.5000E+00  final t = 0.549000E+03
 AMRCLAW: level  1  CFL = .289E+00  dt = 0.5000E+00  final t = 0.549500E+03
 AMRCLAW: level  1  CFL = .288E+00  dt = 0.5000E+00  final t = 0.550000E+03
 AMRCLAW: level  1  CFL = .288E+00  dt = 0.5000E+00  final t = 0.550500E+03
 AMRCLAW: level  1  CFL = .303E+00  dt = 0.5000E+00  final t = 0.551000E+03
 AMRCLAW: level  1  CFL = .287E+00  dt = 0.5000E+00  final t = 0.551500E+03
 AMRCLAW: level  1  CFL = .286E+00  dt = 0.5000E+00  final t = 0.552000E+03
 AMRCLAW: level  1  CFL = .285E+00  dt = 0.5000E+00  final t = 0.552500E+03
 AMRCLAW: level  1  CFL = .284E+00  dt = 0.5000E+00  final t = 0.553000E+03
 AMRCLAW: level  1  CFL = .283E+00  dt = 0.5000E+00  final t = 0.553500E+03
 AMRCLAW: level  1  CFL = .282E+00  dt = 0.5000E+00  final t = 0.554000E+03
 AMRCLAW: level  1  CFL = .281E+00  dt = 0.5000E+00  final t = 0.554500E+03
 AMRCLAW: level  1  CFL = .304E+00  dt = 0.5000E+00  final t = 0.555000E+03
 AMRCLAW: level  1  CFL = .279E+00  dt = 0.5000E+00  final t = 0.555500E+03
 AMRCLAW: level  1  CFL = .279E+00  dt = 0.5000E+00  final t = 0.556000E+03
 AMRCLAW: level  1  CFL = .279E+00  dt = 0.5000E+00  final t = 0.556500E+03
 AMRCLAW: level  1  CFL = .279E+00  dt = 0.5000E+00  final t = 0.557000E+03
 AMRCLAW: level  1  CFL = .279E+00  dt = 0.5000E+00  final t = 0.557500E+03
 AMRCLAW: level  1  CFL = .278E+00  dt = 0.5000E+00  final t = 0.558000E+03
 AMRCLAW: level  1  CFL = .278E+00  dt = 0.5000E+00  final t = 0.558500E+03
 AMRCLAW: level  1  CFL = .277E+00  dt = 0.5000E+00  final t = 0.559000E+03
 AMRCLAW: level  1  CFL = .277E+00  dt = 0.5000E+00  final t = 0.559500E+03
 AMRCLAW: level  1  CFL = .277E+00  dt = 0.5000E+00  final t = 0.560000E+03
 AMRCLAW: level  1  CFL = .278E+00  dt = 0.5000E+00  final t = 0.560500E+03
 AMRCLAW: level  1  CFL = .278E+00  dt = 0.5000E+00  final t = 0.561000E+03
 AMRCLAW: level  1  CFL = .279E+00  dt = 0.5000E+00  final t = 0.561500E+03
 AMRCLAW: level  1  CFL = .279E+00  dt = 0.5000E+00  final t = 0.562000E+03
 AMRCLAW: level  1  CFL = .280E+00  dt = 0.5000E+00  final t = 0.562500E+03
 AMRCLAW: level  1  CFL = .280E+00  dt = 0.5000E+00  final t = 0.563000E+03
 AMRCLAW: level  1  CFL = .281E+00  dt = 0.5000E+00  final t = 0.563500E+03
 AMRCLAW: level  1  CFL = .284E+00  dt = 0.5000E+00  final t = 0.564000E+03
 AMRCLAW: level  1  CFL = .287E+00  dt = 0.5000E+00  final t = 0.564500E+03
 AMRCLAW: level  1  CFL = .290E+00  dt = 0.5000E+00  final t = 0.565000E+03
 AMRCLAW: level  1  CFL = .291E+00  dt = 0.5000E+00  final t = 0.565500E+03
 AMRCLAW: level  1  CFL = .292E+00  dt = 0.5000E+00  final t = 0.566000E+03
 AMRCLAW: level  1  CFL = .293E+00  dt = 0.5000E+00  final t = 0.566500E+03
 AMRCLAW: level  1  CFL = .293E+00  dt = 0.5000E+00  final t = 0.567000E+03
 AMRCLAW: level  1  CFL = .292E+00  dt = 0.5000E+00  final t = 0.567500E+03
 AMRCLAW: level  1  CFL = .292E+00  dt = 0.5000E+00  final t = 0.568000E+03
 AMRCLAW: level  1  CFL = .291E+00  dt = 0.5000E+00  final t = 0.568500E+03
 AMRCLAW: level  1  CFL = .317E+00  dt = 0.5000E+00  final t = 0.569000E+03
 AMRCLAW: level  1  CFL = .289E+00  dt = 0.5000E+00  final t = 0.569500E+03
 AMRCLAW: level  1  CFL = .288E+00  dt = 0.5000E+00  final t = 0.570000E+03
GEOCLAW: Frame   19 output files done at time t =  0.570000D+03

 AMRCLAW: level  1  CFL = .287E+00  dt = 0.5000E+00  final t = 0.570500E+03
 AMRCLAW: level  1  CFL = .285E+00  dt = 0.5000E+00  final t = 0.571000E+03
 AMRCLAW: level  1  CFL = .284E+00  dt = 0.5000E+00  final t = 0.571500E+03
 AMRCLAW: level  1  CFL = .283E+00  dt = 0.5000E+00  final t = 0.572000E+03
 AMRCLAW: level  1  CFL = .282E+00  dt = 0.5000E+00  final t = 0.572500E+03
 AMRCLAW: level  1  CFL = .282E+00  dt = 0.5000E+00  final t = 0.573000E+03
 AMRCLAW: level  1  CFL = .282E+00  dt = 0.5000E+00  final t = 0.573500E+03
 AMRCLAW: level  1  CFL = .281E+00  dt = 0.5000E+00  final t = 0.574000E+03
 AMRCLAW: level  1  CFL = .281E+00  dt = 0.5000E+00  final t = 0.574500E+03
 AMRCLAW: level  1  CFL = .281E+00  dt = 0.5000E+00  final t = 0.575000E+03
 AMRCLAW: level  1  CFL = .281E+00  dt = 0.5000E+00  final t = 0.575500E+03
 AMRCLAW: level  1  CFL = .280E+00  dt = 0.5000E+00  final t = 0.576000E+03
 AMRCLAW: level  1  CFL = .280E+00  dt = 0.5000E+00  final t = 0.576500E+03
 AMRCLAW: level  1  CFL = .280E+00  dt = 0.5000E+00  final t = 0.577000E+03
 AMRCLAW: level  1  CFL = .279E+00  dt = 0.5000E+00  final t = 0.577500E+03
 AMRCLAW: level  1  CFL = .279E+00  dt = 0.5000E+00  final t = 0.578000E+03
 AMRCLAW: level  1  CFL = .279E+00  dt = 0.5000E+00  final t = 0.578500E+03
 AMRCLAW: level  1  CFL = .279E+00  dt = 0.5000E+00  final t = 0.579000E+03
 AMRCLAW: level  1  CFL = .279E+00  dt = 0.5000E+00  final t = 0.579500E+03
 AMRCLAW: level  1  CFL = .278E+00  dt = 0.5000E+00  final t = 0.580000E+03
 AMRCLAW: level  1  CFL = .278E+00  dt = 0.5000E+00  final t = 0.580500E+03
 AMRCLAW: level  1  CFL = .278E+00  dt = 0.5000E+00  final t = 0.581000E+03
 AMRCLAW: level  1  CFL = .278E+00  dt = 0.5000E+00  final t = 0.581500E+03
 AMRCLAW: level  1  CFL = .278E+00  dt = 0.5000E+00  final t = 0.582000E+03
 AMRCLAW: level  1  CFL = .278E+00  dt = 0.5000E+00  final t = 0.582500E+03
 AMRCLAW: level  1  CFL = .278E+00  dt = 0.5000E+00  final t = 0.583000E+03
 AMRCLAW: level  1  CFL = .278E+00  dt = 0.5000E+00  final t = 0.583500E+03
 AMRCLAW: level  1  CFL = .278E+00  dt = 0.5000E+00  final t = 0.584000E+03
 AMRCLAW: level  1  CFL = .278E+00  dt = 0.5000E+00  final t = 0.584500E+03
 AMRCLAW: level  1  CFL = .278E+00  dt = 0.5000E+00  final t = 0.585000E+03
 AMRCLAW: level  1  CFL = .278E+00  dt = 0.5000E+00  final t = 0.585500E+03
 AMRCLAW: level  1  CFL = .278E+00  dt = 0.5000E+00  final t = 0.586000E+03
 AMRCLAW: level  1  CFL = .278E+00  dt = 0.5000E+00  final t = 0.586500E+03
 AMRCLAW: level  1  CFL = .278E+00  dt = 0.5000E+00  final t = 0.587000E+03
 AMRCLAW: level  1  CFL = .278E+00  dt = 0.5000E+00  final t = 0.587500E+03
 AMRCLAW: level  1  CFL = .278E+00  dt = 0.5000E+00  final t = 0.588000E+03
 AMRCLAW: level  1  CFL = .278E+00  dt = 0.5000E+00  final t = 0.588500E+03
 AMRCLAW: level  1  CFL = .346E+00  dt = 0.5000E+00  final t = 0.589000E+03
 AMRCLAW: level  1  CFL = .278E+00  dt = 0.5000E+00  final t = 0.589500E+03
 AMRCLAW: level  1  CFL = .278E+00  dt = 0.5000E+00  final t = 0.590000E+03
 AMRCLAW: level  1  CFL = .278E+00  dt = 0.5000E+00  final t = 0.590500E+03
 AMRCLAW: level  1  CFL = .278E+00  dt = 0.5000E+00  final t = 0.591000E+03
 AMRCLAW: level  1  CFL = .278E+00  dt = 0.5000E+00  final t = 0.591500E+03
 AMRCLAW: level  1  CFL = .279E+00  dt = 0.5000E+00  final t = 0.592000E+03
 AMRCLAW: level  1  CFL = .279E+00  dt = 0.5000E+00  final t = 0.592500E+03
 AMRCLAW: level  1  CFL = .279E+00  dt = 0.5000E+00  final t = 0.593000E+03
 AMRCLAW: level  1  CFL = .279E+00  dt = 0.5000E+00  final t = 0.593500E+03
 AMRCLAW: level  1  CFL = .279E+00  dt = 0.5000E+00  final t = 0.594000E+03
 AMRCLAW: level  1  CFL = .280E+00  dt = 0.5000E+00  final t = 0.594500E+03
 AMRCLAW: level  1  CFL = .280E+00  dt = 0.5000E+00  final t = 0.595000E+03
 AMRCLAW: level  1  CFL = .280E+00  dt = 0.5000E+00  final t = 0.595500E+03
 AMRCLAW: level  1  CFL = .280E+00  dt = 0.5000E+00  final t = 0.596000E+03
 AMRCLAW: level  1  CFL = .280E+00  dt = 0.5000E+00  final t = 0.596500E+03
 AMRCLAW: level  1  CFL = .279E+00  dt = 0.5000E+00  final t = 0.597000E+03
 AMRCLAW: level  1  CFL = .279E+00  dt = 0.5000E+00  final t = 0.597500E+03
 AMRCLAW: level  1  CFL = .278E+00  dt = 0.5000E+00  final t = 0.598000E+03
 AMRCLAW: level  1  CFL = .278E+00  dt = 0.5000E+00  final t = 0.598500E+03
 AMRCLAW: level  1  CFL = .277E+00  dt = 0.5000E+00  final t = 0.599000E+03
 AMRCLAW: level  1  CFL = .277E+00  dt = 0.5000E+00  final t = 0.599500E+03
 AMRCLAW: level  1  CFL = .276E+00  dt = 0.5000E+00  final t = 0.600000E+03
GEOCLAW: Frame   20 output files done at time t =  0.600000D+03

 AMRCLAW: level  1  CFL = .276E+00  dt = 0.5000E+00  final t = 0.600500E+03
 AMRCLAW: level  1  CFL = .276E+00  dt = 0.5000E+00  final t = 0.601000E+03
 AMRCLAW: level  1  CFL = .276E+00  dt = 0.5000E+00  final t = 0.601500E+03
 AMRCLAW: level  1  CFL = .276E+00  dt = 0.5000E+00  final t = 0.602000E+03
 AMRCLAW: level  1  CFL = .276E+00  dt = 0.5000E+00  final t = 0.602500E+03
 AMRCLAW: level  1  CFL = .277E+00  dt = 0.5000E+00  final t = 0.603000E+03
 AMRCLAW: level  1  CFL = .277E+00  dt = 0.5000E+00  final t = 0.603500E+03
 AMRCLAW: level  1  CFL = .277E+00  dt = 0.5000E+00  final t = 0.604000E+03
 AMRCLAW: level  1  CFL = .278E+00  dt = 0.5000E+00  final t = 0.604500E+03
 AMRCLAW: level  1  CFL = .278E+00  dt = 0.5000E+00  final t = 0.605000E+03
 AMRCLAW: level  1  CFL = .279E+00  dt = 0.5000E+00  final t = 0.605500E+03
 AMRCLAW: level  1  CFL = .279E+00  dt = 0.5000E+00  final t = 0.606000E+03
 AMRCLAW: level  1  CFL = .279E+00  dt = 0.5000E+00  final t = 0.606500E+03
 AMRCLAW: level  1  CFL = .280E+00  dt = 0.5000E+00  final t = 0.607000E+03
 AMRCLAW: level  1  CFL = .280E+00  dt = 0.5000E+00  final t = 0.607500E+03
 AMRCLAW: level  1  CFL = .281E+00  dt = 0.5000E+00  final t = 0.608000E+03
 AMRCLAW: level  1  CFL = .281E+00  dt = 0.5000E+00  final t = 0.608500E+03
 AMRCLAW: level  1  CFL = .282E+00  dt = 0.5000E+00  final t = 0.609000E+03
 AMRCLAW: level  1  CFL = .282E+00  dt = 0.5000E+00  final t = 0.609500E+03
 AMRCLAW: level  1  CFL = .282E+00  dt = 0.5000E+00  final t = 0.610000E+03
 AMRCLAW: level  1  CFL = .283E+00  dt = 0.5000E+00  final t = 0.610500E+03
 AMRCLAW: level  1  CFL = .283E+00  dt = 0.5000E+00  final t = 0.611000E+03
 AMRCLAW: level  1  CFL = .283E+00  dt = 0.5000E+00  final t = 0.611500E+03
 AMRCLAW: level  1  CFL = .284E+00  dt = 0.5000E+00  final t = 0.612000E+03
 AMRCLAW: level  1  CFL = .284E+00  dt = 0.5000E+00  final t = 0.612500E+03
 AMRCLAW: level  1  CFL = .284E+00  dt = 0.5000E+00  final t = 0.613000E+03
 AMRCLAW: level  1  CFL = .285E+00  dt = 0.5000E+00  final t = 0.613500E+03
 AMRCLAW: level  1  CFL = .285E+00  dt = 0.5000E+00  final t = 0.614000E+03
 AMRCLAW: level  1  CFL = .285E+00  dt = 0.5000E+00  final t = 0.614500E+03
 AMRCLAW: level  1  CFL = .285E+00  dt = 0.5000E+00  final t = 0.615000E+03
 AMRCLAW: level  1  CFL = .285E+00  dt = 0.5000E+00  final t = 0.615500E+03
 AMRCLAW: level  1  CFL = .286E+00  dt = 0.5000E+00  final t = 0.616000E+03
 AMRCLAW: level  1  CFL = .286E+00  dt = 0.5000E+00  final t = 0.616500E+03
 AMRCLAW: level  1  CFL = .286E+00  dt = 0.5000E+00  final t = 0.617000E+03
 AMRCLAW: level  1  CFL = .286E+00  dt = 0.5000E+00  final t = 0.617500E+03
 AMRCLAW: level  1  CFL = .286E+00  dt = 0.5000E+00  final t = 0.618000E+03
 AMRCLAW: level  1  CFL = .286E+00  dt = 0.5000E+00  final t = 0.618500E+03
 AMRCLAW: level  1  CFL = .286E+00  dt = 0.5000E+00  final t = 0.619000E+03
 AMRCLAW: level  1  CFL = .286E+00  dt = 0.5000E+00  final t = 0.619500E+03
 AMRCLAW: level  1  CFL = .287E+00  dt = 0.5000E+00  final t = 0.620000E+03
 AMRCLAW: level  1  CFL = .287E+00  dt = 0.5000E+00  final t = 0.620500E+03
 AMRCLAW: level  1  CFL = .287E+00  dt = 0.5000E+00  final t = 0.621000E+03
 AMRCLAW: level  1  CFL = .287E+00  dt = 0.5000E+00  final t = 0.621500E+03
 AMRCLAW: level  1  CFL = .287E+00  dt = 0.5000E+00  final t = 0.622000E+03
 AMRCLAW: level  1  CFL = .287E+00  dt = 0.5000E+00  final t = 0.622500E+03
 AMRCLAW: level  1  CFL = .287E+00  dt = 0.5000E+00  final t = 0.623000E+03
 AMRCLAW: level  1  CFL = .287E+00  dt = 0.5000E+00  final t = 0.623500E+03
 AMRCLAW: level  1  CFL = .287E+00  dt = 0.5000E+00  final t = 0.624000E+03
 AMRCLAW: level  1  CFL = .287E+00  dt = 0.5000E+00  final t = 0.624500E+03
 AMRCLAW: level  1  CFL = .287E+00  dt = 0.5000E+00  final t = 0.625000E+03
 AMRCLAW: level  1  CFL = .287E+00  dt = 0.5000E+00  final t = 0.625500E+03
 AMRCLAW: level  1  CFL = .287E+00  dt = 0.5000E+00  final t = 0.626000E+03
 AMRCLAW: level  1  CFL = .287E+00  dt = 0.5000E+00  final t = 0.626500E+03
 AMRCLAW: level  1  CFL = .287E+00  dt = 0.5000E+00  final t = 0.627000E+03
 AMRCLAW: level  1  CFL = .287E+00  dt = 0.5000E+00  final t = 0.627500E+03
 AMRCLAW: level  1  CFL = .287E+00  dt = 0.5000E+00  final t = 0.628000E+03
 AMRCLAW: level  1  CFL = .287E+00  dt = 0.5000E+00  final t = 0.628500E+03
 AMRCLAW: level  1  CFL = .287E+00  dt = 0.5000E+00  final t = 0.629000E+03
 AMRCLAW: level  1  CFL = .287E+00  dt = 0.5000E+00  final t = 0.629500E+03
 AMRCLAW: level  1  CFL = .287E+00  dt = 0.5000E+00  final t = 0.630000E+03
GEOCLAW: Frame   21 output files done at time t =  0.630000D+03

 AMRCLAW: level  1  CFL = .287E+00  dt = 0.5000E+00  final t = 0.630500E+03
 AMRCLAW: level  1  CFL = .286E+00  dt = 0.5000E+00  final t = 0.631000E+03
 AMRCLAW: level  1  CFL = .286E+00  dt = 0.5000E+00  final t = 0.631500E+03
 AMRCLAW: level  1  CFL = .286E+00  dt = 0.5000E+00  final t = 0.632000E+03
 AMRCLAW: level  1  CFL = .286E+00  dt = 0.5000E+00  final t = 0.632500E+03
 AMRCLAW: level  1  CFL = .286E+00  dt = 0.5000E+00  final t = 0.633000E+03
 AMRCLAW: level  1  CFL = .286E+00  dt = 0.5000E+00  final t = 0.633500E+03
 AMRCLAW: level  1  CFL = .286E+00  dt = 0.5000E+00  final t = 0.634000E+03
 AMRCLAW: level  1  CFL = .286E+00  dt = 0.5000E+00  final t = 0.634500E+03
 AMRCLAW: level  1  CFL = .286E+00  dt = 0.5000E+00  final t = 0.635000E+03
 AMRCLAW: level  1  CFL = .318E+00  dt = 0.5000E+00  final t = 0.635500E+03
 AMRCLAW: level  1  CFL = .285E+00  dt = 0.5000E+00  final t = 0.636000E+03
 AMRCLAW: level  1  CFL = .285E+00  dt = 0.5000E+00  final t = 0.636500E+03
 AMRCLAW: level  1  CFL = .285E+00  dt = 0.5000E+00  final t = 0.637000E+03
 AMRCLAW: level  1  CFL = .285E+00  dt = 0.5000E+00  final t = 0.637500E+03
 AMRCLAW: level  1  CFL = .285E+00  dt = 0.5000E+00  final t = 0.638000E+03
 AMRCLAW: level  1  CFL = .284E+00  dt = 0.5000E+00  final t = 0.638500E+03
 AMRCLAW: level  1  CFL = .284E+00  dt = 0.5000E+00  final t = 0.639000E+03
 AMRCLAW: level  1  CFL = .284E+00  dt = 0.5000E+00  final t = 0.639500E+03
 AMRCLAW: level  1  CFL = .284E+00  dt = 0.5000E+00  final t = 0.640000E+03
 AMRCLAW: level  1  CFL = .283E+00  dt = 0.5000E+00  final t = 0.640500E+03
 AMRCLAW: level  1  CFL = .283E+00  dt = 0.5000E+00  final t = 0.641000E+03
 AMRCLAW: level  1  CFL = .283E+00  dt = 0.5000E+00  final t = 0.641500E+03
 AMRCLAW: level  1  CFL = .283E+00  dt = 0.5000E+00  final t = 0.642000E+03
 AMRCLAW: level  1  CFL = .283E+00  dt = 0.5000E+00  final t = 0.642500E+03
 AMRCLAW: level  1  CFL = .282E+00  dt = 0.5000E+00  final t = 0.643000E+03
 AMRCLAW: level  1  CFL = .282E+00  dt = 0.5000E+00  final t = 0.643500E+03
 AMRCLAW: level  1  CFL = .282E+00  dt = 0.5000E+00  final t = 0.644000E+03
 AMRCLAW: level  1  CFL = .281E+00  dt = 0.5000E+00  final t = 0.644500E+03
 AMRCLAW: level  1  CFL = .281E+00  dt = 0.5000E+00  final t = 0.645000E+03
 AMRCLAW: level  1  CFL = .281E+00  dt = 0.5000E+00  final t = 0.645500E+03
 AMRCLAW: level  1  CFL = .281E+00  dt = 0.5000E+00  final t = 0.646000E+03
 AMRCLAW: level  1  CFL = .280E+00  dt = 0.5000E+00  final t = 0.646500E+03
 AMRCLAW: level  1  CFL = .280E+00  dt = 0.5000E+00  final t = 0.647000E+03
 AMRCLAW: level  1  CFL = .280E+00  dt = 0.5000E+00  final t = 0.647500E+03
 AMRCLAW: level  1  CFL = .279E+00  dt = 0.5000E+00  final t = 0.648000E+03
 AMRCLAW: level  1  CFL = .279E+00  dt = 0.5000E+00  final t = 0.648500E+03
 AMRCLAW: level  1  CFL = .279E+00  dt = 0.5000E+00  final t = 0.649000E+03
 AMRCLAW: level  1  CFL = .279E+00  dt = 0.5000E+00  final t = 0.649500E+03
 AMRCLAW: level  1  CFL = .280E+00  dt = 0.5000E+00  final t = 0.650000E+03
 AMRCLAW: level  1  CFL = .281E+00  dt = 0.5000E+00  final t = 0.650500E+03
 AMRCLAW: level  1  CFL = .281E+00  dt = 0.5000E+00  final t = 0.651000E+03
 AMRCLAW: level  1  CFL = .282E+00  dt = 0.5000E+00  final t = 0.651500E+03
 AMRCLAW: level  1  CFL = .283E+00  dt = 0.5000E+00  final t = 0.652000E+03
 AMRCLAW: level  1  CFL = .284E+00  dt = 0.5000E+00  final t = 0.652500E+03
 AMRCLAW: level  1  CFL = .284E+00  dt = 0.5000E+00  final t = 0.653000E+03
 AMRCLAW: level  1  CFL = .285E+00  dt = 0.5000E+00  final t = 0.653500E+03
 AMRCLAW: level  1  CFL = .285E+00  dt = 0.5000E+00  final t = 0.654000E+03
 AMRCLAW: level  1  CFL = .286E+00  dt = 0.5000E+00  final t = 0.654500E+03
 AMRCLAW: level  1  CFL = .286E+00  dt = 0.5000E+00  final t = 0.655000E+03
 AMRCLAW: level  1  CFL = .286E+00  dt = 0.5000E+00  final t = 0.655500E+03
 AMRCLAW: level  1  CFL = .286E+00  dt = 0.5000E+00  final t = 0.656000E+03
 AMRCLAW: level  1  CFL = .286E+00  dt = 0.5000E+00  final t = 0.656500E+03
 AMRCLAW: level  1  CFL = .286E+00  dt = 0.5000E+00  final t = 0.657000E+03
 AMRCLAW: level  1  CFL = .286E+00  dt = 0.5000E+00  final t = 0.657500E+03
 AMRCLAW: level  1  CFL = .285E+00  dt = 0.5000E+00  final t = 0.658000E+03
 AMRCLAW: level  1  CFL = .285E+00  dt = 0.5000E+00  final t = 0.658500E+03
 AMRCLAW: level  1  CFL = .285E+00  dt = 0.5000E+00  final t = 0.659000E+03
 AMRCLAW: level  1  CFL = .285E+00  dt = 0.5000E+00  final t = 0.659500E+03
 AMRCLAW: level  1  CFL = .284E+00  dt = 0.5000E+00  final t = 0.660000E+03
GEOCLAW: Frame   22 output files done at time t =  0.660000D+03

 AMRCLAW: level  1  CFL = .284E+00  dt = 0.5000E+00  final t = 0.660500E+03
 AMRCLAW: level  1  CFL = .284E+00  dt = 0.5000E+00  final t = 0.661000E+03
 AMRCLAW: level  1  CFL = .283E+00  dt = 0.5000E+00  final t = 0.661500E+03
 AMRCLAW: level  1  CFL = .283E+00  dt = 0.5000E+00  final t = 0.662000E+03
 AMRCLAW: level  1  CFL = .283E+00  dt = 0.5000E+00  final t = 0.662500E+03
 AMRCLAW: level  1  CFL = .283E+00  dt = 0.5000E+00  final t = 0.663000E+03
 AMRCLAW: level  1  CFL = .282E+00  dt = 0.5000E+00  final t = 0.663500E+03
 AMRCLAW: level  1  CFL = .282E+00  dt = 0.5000E+00  final t = 0.664000E+03
 AMRCLAW: level  1  CFL = .282E+00  dt = 0.5000E+00  final t = 0.664500E+03
 AMRCLAW: level  1  CFL = .282E+00  dt = 0.5000E+00  final t = 0.665000E+03
 AMRCLAW: level  1  CFL = .282E+00  dt = 0.5000E+00  final t = 0.665500E+03
 AMRCLAW: level  1  CFL = .281E+00  dt = 0.5000E+00  final t = 0.666000E+03
 AMRCLAW: level  1  CFL = .281E+00  dt = 0.5000E+00  final t = 0.666500E+03
 AMRCLAW: level  1  CFL = .281E+00  dt = 0.5000E+00  final t = 0.667000E+03
 AMRCLAW: level  1  CFL = .281E+00  dt = 0.5000E+00  final t = 0.667500E+03
 AMRCLAW: level  1  CFL = .281E+00  dt = 0.5000E+00  final t = 0.668000E+03
 AMRCLAW: level  1  CFL = .281E+00  dt = 0.5000E+00  final t = 0.668500E+03
 AMRCLAW: level  1  CFL = .281E+00  dt = 0.5000E+00  final t = 0.669000E+03
 AMRCLAW: level  1  CFL = .280E+00  dt = 0.5000E+00  final t = 0.669500E+03
 AMRCLAW: level  1  CFL = .280E+00  dt = 0.5000E+00  final t = 0.670000E+03
 AMRCLAW: level  1  CFL = .280E+00  dt = 0.5000E+00  final t = 0.670500E+03
 AMRCLAW: level  1  CFL = .280E+00  dt = 0.5000E+00  final t = 0.671000E+03
 AMRCLAW: level  1  CFL = .280E+00  dt = 0.5000E+00  final t = 0.671500E+03
 AMRCLAW: level  1  CFL = .280E+00  dt = 0.5000E+00  final t = 0.672000E+03
 AMRCLAW: level  1  CFL = .280E+00  dt = 0.5000E+00  final t = 0.672500E+03
 AMRCLAW: level  1  CFL = .280E+00  dt = 0.5000E+00  final t = 0.673000E+03
 AMRCLAW: level  1  CFL = .280E+00  dt = 0.5000E+00  final t = 0.673500E+03
 AMRCLAW: level  1  CFL = .280E+00  dt = 0.5000E+00  final t = 0.674000E+03
 AMRCLAW: level  1  CFL = .280E+00  dt = 0.5000E+00  final t = 0.674500E+03
 AMRCLAW: level  1  CFL = .280E+00  dt = 0.5000E+00  final t = 0.675000E+03
 AMRCLAW: level  1  CFL = .280E+00  dt = 0.5000E+00  final t = 0.675500E+03
 AMRCLAW: level  1  CFL = .280E+00  dt = 0.5000E+00  final t = 0.676000E+03
 AMRCLAW: level  1  CFL = .280E+00  dt = 0.5000E+00  final t = 0.676500E+03
 AMRCLAW: level  1  CFL = .280E+00  dt = 0.5000E+00  final t = 0.677000E+03
 AMRCLAW: level  1  CFL = .279E+00  dt = 0.5000E+00  final t = 0.677500E+03
 AMRCLAW: level  1  CFL = .279E+00  dt = 0.5000E+00  final t = 0.678000E+03
 AMRCLAW: level  1  CFL = .279E+00  dt = 0.5000E+00  final t = 0.678500E+03
 AMRCLAW: level  1  CFL = .279E+00  dt = 0.5000E+00  final t = 0.679000E+03
 AMRCLAW: level  1  CFL = .279E+00  dt = 0.5000E+00  final t = 0.679500E+03
 AMRCLAW: level  1  CFL = .279E+00  dt = 0.5000E+00  final t = 0.680000E+03
 AMRCLAW: level  1  CFL = .279E+00  dt = 0.5000E+00  final t = 0.680500E+03
 AMRCLAW: level  1  CFL = .279E+00  dt = 0.5000E+00  final t = 0.681000E+03
 AMRCLAW: level  1  CFL = .279E+00  dt = 0.5000E+00  final t = 0.681500E+03
 AMRCLAW: level  1  CFL = .279E+00  dt = 0.5000E+00  final t = 0.682000E+03
 AMRCLAW: level  1  CFL = .279E+00  dt = 0.5000E+00  final t = 0.682500E+03
 AMRCLAW: level  1  CFL = .279E+00  dt = 0.5000E+00  final t = 0.683000E+03
 AMRCLAW: level  1  CFL = .279E+00  dt = 0.5000E+00  final t = 0.683500E+03
 AMRCLAW: level  1  CFL = .279E+00  dt = 0.5000E+00  final t = 0.684000E+03
 AMRCLAW: level  1  CFL = .279E+00  dt = 0.5000E+00  final t = 0.684500E+03
 AMRCLAW: level  1  CFL = .279E+00  dt = 0.5000E+00  final t = 0.685000E+03
 AMRCLAW: level  1  CFL = .279E+00  dt = 0.5000E+00  final t = 0.685500E+03
 AMRCLAW: level  1  CFL = .279E+00  dt = 0.5000E+00  final t = 0.686000E+03
 AMRCLAW: level  1  CFL = .279E+00  dt = 0.5000E+00  final t = 0.686500E+03
 AMRCLAW: level  1  CFL = .279E+00  dt = 0.5000E+00  final t = 0.687000E+03
 AMRCLAW: level  1  CFL = .279E+00  dt = 0.5000E+00  final t = 0.687500E+03
 AMRCLAW: level  1  CFL = .279E+00  dt = 0.5000E+00  final t = 0.688000E+03
 AMRCLAW: level  1  CFL = .279E+00  dt = 0.5000E+00  final t = 0.688500E+03
 AMRCLAW: level  1  CFL = .279E+00  dt = 0.5000E+00  final t = 0.689000E+03
 AMRCLAW: level  1  CFL = .279E+00  dt = 0.5000E+00  final t = 0.689500E+03
 AMRCLAW: level  1  CFL = .279E+00  dt = 0.5000E+00  final t = 0.690000E+03
GEOCLAW: Frame   23 output files done at time t =  0.690000D+03

 AMRCLAW: level  1  CFL = .279E+00  dt = 0.5000E+00  final t = 0.690500E+03
 AMRCLAW: level  1  CFL = .279E+00  dt = 0.5000E+00  final t = 0.691000E+03
 AMRCLAW: level  1  CFL = .279E+00  dt = 0.5000E+00  final t = 0.691500E+03
 AMRCLAW: level  1  CFL = .279E+00  dt = 0.5000E+00  final t = 0.692000E+03
 AMRCLAW: level  1  CFL = .279E+00  dt = 0.5000E+00  final t = 0.692500E+03
 AMRCLAW: level  1  CFL = .279E+00  dt = 0.5000E+00  final t = 0.693000E+03
 AMRCLAW: level  1  CFL = .279E+00  dt = 0.5000E+00  final t = 0.693500E+03
 AMRCLAW: level  1  CFL = .279E+00  dt = 0.5000E+00  final t = 0.694000E+03
 AMRCLAW: level  1  CFL = .279E+00  dt = 0.5000E+00  final t = 0.694500E+03
 AMRCLAW: level  1  CFL = .279E+00  dt = 0.5000E+00  final t = 0.695000E+03
 AMRCLAW: level  1  CFL = .279E+00  dt = 0.5000E+00  final t = 0.695500E+03
 AMRCLAW: level  1  CFL = .279E+00  dt = 0.5000E+00  final t = 0.696000E+03
 AMRCLAW: level  1  CFL = .279E+00  dt = 0.5000E+00  final t = 0.696500E+03
 AMRCLAW: level  1  CFL = .278E+00  dt = 0.5000E+00  final t = 0.697000E+03
 AMRCLAW: level  1  CFL = .278E+00  dt = 0.5000E+00  final t = 0.697500E+03
 AMRCLAW: level  1  CFL = .278E+00  dt = 0.5000E+00  final t = 0.698000E+03
 AMRCLAW: level  1  CFL = .278E+00  dt = 0.5000E+00  final t = 0.698500E+03
 AMRCLAW: level  1  CFL = .278E+00  dt = 0.5000E+00  final t = 0.699000E+03
 AMRCLAW: level  1  CFL = .278E+00  dt = 0.5000E+00  final t = 0.699500E+03
 AMRCLAW: level  1  CFL = .285E+00  dt = 0.5000E+00  final t = 0.700000E+03
 AMRCLAW: level  1  CFL = .292E+00  dt = 0.5000E+00  final t = 0.700500E+03
 AMRCLAW: level  1  CFL = .298E+00  dt = 0.5000E+00  final t = 0.701000E+03
 AMRCLAW: level  1  CFL = .304E+00  dt = 0.5000E+00  final t = 0.701500E+03
 AMRCLAW: level  1  CFL = .310E+00  dt = 0.5000E+00  final t = 0.702000E+03
 AMRCLAW: level  1  CFL = .278E+00  dt = 0.5000E+00  final t = 0.702500E+03
 AMRCLAW: level  1  CFL = .278E+00  dt = 0.5000E+00  final t = 0.703000E+03
 AMRCLAW: level  1  CFL = .278E+00  dt = 0.5000E+00  final t = 0.703500E+03
 AMRCLAW: level  1  CFL = .277E+00  dt = 0.5000E+00  final t = 0.704000E+03
 AMRCLAW: level  1  CFL = .277E+00  dt = 0.5000E+00  final t = 0.704500E+03
 AMRCLAW: level  1  CFL = .277E+00  dt = 0.5000E+00  final t = 0.705000E+03
 AMRCLAW: level  1  CFL = .277E+00  dt = 0.5000E+00  final t = 0.705500E+03
 AMRCLAW: level  1  CFL = .277E+00  dt = 0.5000E+00  final t = 0.706000E+03
 AMRCLAW: level  1  CFL = .277E+00  dt = 0.5000E+00  final t = 0.706500E+03
 AMRCLAW: level  1  CFL = .277E+00  dt = 0.5000E+00  final t = 0.707000E+03
 AMRCLAW: level  1  CFL = .276E+00  dt = 0.5000E+00  final t = 0.707500E+03
 AMRCLAW: level  1  CFL = .275E+00  dt = 0.5000E+00  final t = 0.708000E+03
 AMRCLAW: level  1  CFL = .274E+00  dt = 0.5000E+00  final t = 0.708500E+03
 AMRCLAW: level  1  CFL = .272E+00  dt = 0.5000E+00  final t = 0.709000E+03
 AMRCLAW: level  1  CFL = .271E+00  dt = 0.5000E+00  final t = 0.709500E+03
 AMRCLAW: level  1  CFL = .269E+00  dt = 0.5000E+00  final t = 0.710000E+03
 AMRCLAW: level  1  CFL = .267E+00  dt = 0.5000E+00  final t = 0.710500E+03
 AMRCLAW: level  1  CFL = .266E+00  dt = 0.5000E+00  final t = 0.711000E+03
 AMRCLAW: level  1  CFL = .264E+00  dt = 0.5000E+00  final t = 0.711500E+03
 AMRCLAW: level  1  CFL = .263E+00  dt = 0.5000E+00  final t = 0.712000E+03
 AMRCLAW: level  1  CFL = .262E+00  dt = 0.5000E+00  final t = 0.712500E+03
 AMRCLAW: level  1  CFL = .261E+00  dt = 0.5000E+00  final t = 0.713000E+03
 AMRCLAW: level  1  CFL = .260E+00  dt = 0.5000E+00  final t = 0.713500E+03
 AMRCLAW: level  1  CFL = .260E+00  dt = 0.5000E+00  final t = 0.714000E+03
 AMRCLAW: level  1  CFL = .259E+00  dt = 0.5000E+00  final t = 0.714500E+03
 AMRCLAW: level  1  CFL = .258E+00  dt = 0.5000E+00  final t = 0.715000E+03
 AMRCLAW: level  1  CFL = .258E+00  dt = 0.5000E+00  final t = 0.715500E+03
 AMRCLAW: level  1  CFL = .258E+00  dt = 0.5000E+00  final t = 0.716000E+03
 AMRCLAW: level  1  CFL = .257E+00  dt = 0.5000E+00  final t = 0.716500E+03
 AMRCLAW: level  1  CFL = .257E+00  dt = 0.5000E+00  final t = 0.717000E+03
 AMRCLAW: level  1  CFL = .257E+00  dt = 0.5000E+00  final t = 0.717500E+03
 AMRCLAW: level  1  CFL = .257E+00  dt = 0.5000E+00  final t = 0.718000E+03
 AMRCLAW: level  1  CFL = .257E+00  dt = 0.5000E+00  final t = 0.718500E+03
 AMRCLAW: level  1  CFL = .257E+00  dt = 0.5000E+00  final t = 0.719000E+03
 AMRCLAW: level  1  CFL = .258E+00  dt = 0.5000E+00  final t = 0.719500E+03
 AMRCLAW: level  1  CFL = .258E+00  dt = 0.5000E+00  final t = 0.720000E+03
GEOCLAW: Frame   24 output files done at time t =  0.720000D+03

 AMRCLAW: level  1  CFL = .258E+00  dt = 0.5000E+00  final t = 0.720500E+03
 AMRCLAW: level  1  CFL = .258E+00  dt = 0.5000E+00  final t = 0.721000E+03
 AMRCLAW: level  1  CFL = .257E+00  dt = 0.5000E+00  final t = 0.721500E+03
 AMRCLAW: level  1  CFL = .257E+00  dt = 0.5000E+00  final t = 0.722000E+03
 AMRCLAW: level  1  CFL = .257E+00  dt = 0.5000E+00  final t = 0.722500E+03
 AMRCLAW: level  1  CFL = .257E+00  dt = 0.5000E+00  final t = 0.723000E+03
 AMRCLAW: level  1  CFL = .257E+00  dt = 0.5000E+00  final t = 0.723500E+03
 AMRCLAW: level  1  CFL = .257E+00  dt = 0.5000E+00  final t = 0.724000E+03
 AMRCLAW: level  1  CFL = .257E+00  dt = 0.5000E+00  final t = 0.724500E+03
 AMRCLAW: level  1  CFL = .257E+00  dt = 0.5000E+00  final t = 0.725000E+03
 AMRCLAW: level  1  CFL = .257E+00  dt = 0.5000E+00  final t = 0.725500E+03
 AMRCLAW: level  1  CFL = .256E+00  dt = 0.5000E+00  final t = 0.726000E+03
 AMRCLAW: level  1  CFL = .256E+00  dt = 0.5000E+00  final t = 0.726500E+03
 AMRCLAW: level  1  CFL = .256E+00  dt = 0.5000E+00  final t = 0.727000E+03
 AMRCLAW: level  1  CFL = .256E+00  dt = 0.5000E+00  final t = 0.727500E+03
 AMRCLAW: level  1  CFL = .256E+00  dt = 0.5000E+00  final t = 0.728000E+03
 AMRCLAW: level  1  CFL = .256E+00  dt = 0.5000E+00  final t = 0.728500E+03
 AMRCLAW: level  1  CFL = .256E+00  dt = 0.5000E+00  final t = 0.729000E+03
 AMRCLAW: level  1  CFL = .256E+00  dt = 0.5000E+00  final t = 0.729500E+03
 AMRCLAW: level  1  CFL = .256E+00  dt = 0.5000E+00  final t = 0.730000E+03
 AMRCLAW: level  1  CFL = .255E+00  dt = 0.5000E+00  final t = 0.730500E+03
 AMRCLAW: level  1  CFL = .255E+00  dt = 0.5000E+00  final t = 0.731000E+03
 AMRCLAW: level  1  CFL = .255E+00  dt = 0.5000E+00  final t = 0.731500E+03
 AMRCLAW: level  1  CFL = .255E+00  dt = 0.5000E+00  final t = 0.732000E+03
 AMRCLAW: level  1  CFL = .255E+00  dt = 0.5000E+00  final t = 0.732500E+03
 AMRCLAW: level  1  CFL = .255E+00  dt = 0.5000E+00  final t = 0.733000E+03
 AMRCLAW: level  1  CFL = .255E+00  dt = 0.5000E+00  final t = 0.733500E+03
 AMRCLAW: level  1  CFL = .255E+00  dt = 0.5000E+00  final t = 0.734000E+03
 AMRCLAW: level  1  CFL = .254E+00  dt = 0.5000E+00  final t = 0.734500E+03
 AMRCLAW: level  1  CFL = .256E+00  dt = 0.5000E+00  final t = 0.735000E+03
 AMRCLAW: level  1  CFL = .258E+00  dt = 0.5000E+00  final t = 0.735500E+03
 AMRCLAW: level  1  CFL = .260E+00  dt = 0.5000E+00  final t = 0.736000E+03
 AMRCLAW: level  1  CFL = .260E+00  dt = 0.5000E+00  final t = 0.736500E+03
 AMRCLAW: level  1  CFL = .261E+00  dt = 0.5000E+00  final t = 0.737000E+03
 AMRCLAW: level  1  CFL = .261E+00  dt = 0.5000E+00  final t = 0.737500E+03
 AMRCLAW: level  1  CFL = .260E+00  dt = 0.5000E+00  final t = 0.738000E+03
 AMRCLAW: level  1  CFL = .260E+00  dt = 0.5000E+00  final t = 0.738500E+03
 AMRCLAW: level  1  CFL = .260E+00  dt = 0.5000E+00  final t = 0.739000E+03
 AMRCLAW: level  1  CFL = .260E+00  dt = 0.5000E+00  final t = 0.739500E+03
 AMRCLAW: level  1  CFL = .260E+00  dt = 0.5000E+00  final t = 0.740000E+03
 AMRCLAW: level  1  CFL = .260E+00  dt = 0.5000E+00  final t = 0.740500E+03
 AMRCLAW: level  1  CFL = .260E+00  dt = 0.5000E+00  final t = 0.741000E+03
 AMRCLAW: level  1  CFL = .260E+00  dt = 0.5000E+00  final t = 0.741500E+03
 AMRCLAW: level  1  CFL = .260E+00  dt = 0.5000E+00  final t = 0.742000E+03
 AMRCLAW: level  1  CFL = .260E+00  dt = 0.5000E+00  final t = 0.742500E+03
 AMRCLAW: level  1  CFL = .260E+00  dt = 0.5000E+00  final t = 0.743000E+03
 AMRCLAW: level  1  CFL = .260E+00  dt = 0.5000E+00  final t = 0.743500E+03
 AMRCLAW: level  1  CFL = .260E+00  dt = 0.5000E+00  final t = 0.744000E+03
 AMRCLAW: level  1  CFL = .260E+00  dt = 0.5000E+00  final t = 0.744500E+03
 AMRCLAW: level  1  CFL = .260E+00  dt = 0.5000E+00  final t = 0.745000E+03
 AMRCLAW: level  1  CFL = .260E+00  dt = 0.5000E+00  final t = 0.745500E+03
 AMRCLAW: level  1  CFL = .260E+00  dt = 0.5000E+00  final t = 0.746000E+03
 AMRCLAW: level  1  CFL = .260E+00  dt = 0.5000E+00  final t = 0.746500E+03
 AMRCLAW: level  1  CFL = .261E+00  dt = 0.5000E+00  final t = 0.747000E+03
 AMRCLAW: level  1  CFL = .261E+00  dt = 0.5000E+00  final t = 0.747500E+03
 AMRCLAW: level  1  CFL = .261E+00  dt = 0.5000E+00  final t = 0.748000E+03
 AMRCLAW: level  1  CFL = .261E+00  dt = 0.5000E+00  final t = 0.748500E+03
 AMRCLAW: level  1  CFL = .261E+00  dt = 0.5000E+00  final t = 0.749000E+03
 AMRCLAW: level  1  CFL = .261E+00  dt = 0.5000E+00  final t = 0.749500E+03
 AMRCLAW: level  1  CFL = .261E+00  dt = 0.5000E+00  final t = 0.750000E+03
GEOCLAW: Frame   25 output files done at time t =  0.750000D+03

 AMRCLAW: level  1  CFL = .261E+00  dt = 0.5000E+00  final t = 0.750500E+03
 AMRCLAW: level  1  CFL = .261E+00  dt = 0.5000E+00  final t = 0.751000E+03
 AMRCLAW: level  1  CFL = .262E+00  dt = 0.5000E+00  final t = 0.751500E+03
 AMRCLAW: level  1  CFL = .262E+00  dt = 0.5000E+00  final t = 0.752000E+03
 AMRCLAW: level  1  CFL = .262E+00  dt = 0.5000E+00  final t = 0.752500E+03
 AMRCLAW: level  1  CFL = .262E+00  dt = 0.5000E+00  final t = 0.753000E+03
 AMRCLAW: level  1  CFL = .262E+00  dt = 0.5000E+00  final t = 0.753500E+03
 AMRCLAW: level  1  CFL = .262E+00  dt = 0.5000E+00  final t = 0.754000E+03
 AMRCLAW: level  1  CFL = .262E+00  dt = 0.5000E+00  final t = 0.754500E+03
 AMRCLAW: level  1  CFL = .262E+00  dt = 0.5000E+00  final t = 0.755000E+03
 AMRCLAW: level  1  CFL = .262E+00  dt = 0.5000E+00  final t = 0.755500E+03
 AMRCLAW: level  1  CFL = .263E+00  dt = 0.5000E+00  final t = 0.756000E+03
 AMRCLAW: level  1  CFL = .263E+00  dt = 0.5000E+00  final t = 0.756500E+03
 AMRCLAW: level  1  CFL = .263E+00  dt = 0.5000E+00  final t = 0.757000E+03
 AMRCLAW: level  1  CFL = .263E+00  dt = 0.5000E+00  final t = 0.757500E+03
 AMRCLAW: level  1  CFL = .263E+00  dt = 0.5000E+00  final t = 0.758000E+03
 AMRCLAW: level  1  CFL = .263E+00  dt = 0.5000E+00  final t = 0.758500E+03
 AMRCLAW: level  1  CFL = .264E+00  dt = 0.5000E+00  final t = 0.759000E+03
 AMRCLAW: level  1  CFL = .264E+00  dt = 0.5000E+00  final t = 0.759500E+03
 AMRCLAW: level  1  CFL = .265E+00  dt = 0.5000E+00  final t = 0.760000E+03
 AMRCLAW: level  1  CFL = .265E+00  dt = 0.5000E+00  final t = 0.760500E+03
 AMRCLAW: level  1  CFL = .265E+00  dt = 0.5000E+00  final t = 0.761000E+03
 AMRCLAW: level  1  CFL = .265E+00  dt = 0.5000E+00  final t = 0.761500E+03
 AMRCLAW: level  1  CFL = .265E+00  dt = 0.5000E+00  final t = 0.762000E+03
 AMRCLAW: level  1  CFL = .265E+00  dt = 0.5000E+00  final t = 0.762500E+03
 AMRCLAW: level  1  CFL = .265E+00  dt = 0.5000E+00  final t = 0.763000E+03
 AMRCLAW: level  1  CFL = .265E+00  dt = 0.5000E+00  final t = 0.763500E+03
 AMRCLAW: level  1  CFL = .265E+00  dt = 0.5000E+00  final t = 0.764000E+03
 AMRCLAW: level  1  CFL = .265E+00  dt = 0.5000E+00  final t = 0.764500E+03
 AMRCLAW: level  1  CFL = .265E+00  dt = 0.5000E+00  final t = 0.765000E+03
 AMRCLAW: level  1  CFL = .265E+00  dt = 0.5000E+00  final t = 0.765500E+03
 AMRCLAW: level  1  CFL = .265E+00  dt = 0.5000E+00  final t = 0.766000E+03
 AMRCLAW: level  1  CFL = .265E+00  dt = 0.5000E+00  final t = 0.766500E+03
 AMRCLAW: level  1  CFL = .265E+00  dt = 0.5000E+00  final t = 0.767000E+03
 AMRCLAW: level  1  CFL = .265E+00  dt = 0.5000E+00  final t = 0.767500E+03
 AMRCLAW: level  1  CFL = .265E+00  dt = 0.5000E+00  final t = 0.768000E+03
 AMRCLAW: level  1  CFL = .266E+00  dt = 0.5000E+00  final t = 0.768500E+03
 AMRCLAW: level  1  CFL = .266E+00  dt = 0.5000E+00  final t = 0.769000E+03
 AMRCLAW: level  1  CFL = .266E+00  dt = 0.5000E+00  final t = 0.769500E+03
 AMRCLAW: level  1  CFL = .266E+00  dt = 0.5000E+00  final t = 0.770000E+03
 AMRCLAW: level  1  CFL = .266E+00  dt = 0.5000E+00  final t = 0.770500E+03
 AMRCLAW: level  1  CFL = .266E+00  dt = 0.5000E+00  final t = 0.771000E+03
 AMRCLAW: level  1  CFL = .266E+00  dt = 0.5000E+00  final t = 0.771500E+03
 AMRCLAW: level  1  CFL = .266E+00  dt = 0.5000E+00  final t = 0.772000E+03
 AMRCLAW: level  1  CFL = .266E+00  dt = 0.5000E+00  final t = 0.772500E+03
 AMRCLAW: level  1  CFL = .266E+00  dt = 0.5000E+00  final t = 0.773000E+03
 AMRCLAW: level  1  CFL = .266E+00  dt = 0.5000E+00  final t = 0.773500E+03
 AMRCLAW: level  1  CFL = .266E+00  dt = 0.5000E+00  final t = 0.774000E+03
 AMRCLAW: level  1  CFL = .266E+00  dt = 0.5000E+00  final t = 0.774500E+03
 AMRCLAW: level  1  CFL = .266E+00  dt = 0.5000E+00  final t = 0.775000E+03
 AMRCLAW: level  1  CFL = .267E+00  dt = 0.5000E+00  final t = 0.775500E+03
 AMRCLAW: level  1  CFL = .267E+00  dt = 0.5000E+00  final t = 0.776000E+03
 AMRCLAW: level  1  CFL = .267E+00  dt = 0.5000E+00  final t = 0.776500E+03
 AMRCLAW: level  1  CFL = .267E+00  dt = 0.5000E+00  final t = 0.777000E+03
 AMRCLAW: level  1  CFL = .267E+00  dt = 0.5000E+00  final t = 0.777500E+03
 AMRCLAW: level  1  CFL = .267E+00  dt = 0.5000E+00  final t = 0.778000E+03
 AMRCLAW: level  1  CFL = .267E+00  dt = 0.5000E+00  final t = 0.778500E+03
 AMRCLAW: level  1  CFL = .267E+00  dt = 0.5000E+00  final t = 0.779000E+03
 AMRCLAW: level  1  CFL = .267E+00  dt = 0.5000E+00  final t = 0.779500E+03
 AMRCLAW: level  1  CFL = .267E+00  dt = 0.5000E+00  final t = 0.780000E+03
GEOCLAW: Frame   26 output files done at time t =  0.780000D+03

 AMRCLAW: level  1  CFL = .267E+00  dt = 0.5000E+00  final t = 0.780500E+03
 AMRCLAW: level  1  CFL = .267E+00  dt = 0.5000E+00  final t = 0.781000E+03
 AMRCLAW: level  1  CFL = .267E+00  dt = 0.5000E+00  final t = 0.781500E+03
 AMRCLAW: level  1  CFL = .267E+00  dt = 0.5000E+00  final t = 0.782000E+03
 AMRCLAW: level  1  CFL = .267E+00  dt = 0.5000E+00  final t = 0.782500E+03
 AMRCLAW: level  1  CFL = .267E+00  dt = 0.5000E+00  final t = 0.783000E+03
 AMRCLAW: level  1  CFL = .267E+00  dt = 0.5000E+00  final t = 0.783500E+03
 AMRCLAW: level  1  CFL = .267E+00  dt = 0.5000E+00  final t = 0.784000E+03
 AMRCLAW: level  1  CFL = .267E+00  dt = 0.5000E+00  final t = 0.784500E+03
 AMRCLAW: level  1  CFL = .267E+00  dt = 0.5000E+00  final t = 0.785000E+03
 AMRCLAW: level  1  CFL = .267E+00  dt = 0.5000E+00  final t = 0.785500E+03
 AMRCLAW: level  1  CFL = .267E+00  dt = 0.5000E+00  final t = 0.786000E+03
 AMRCLAW: level  1  CFL = .267E+00  dt = 0.5000E+00  final t = 0.786500E+03
 AMRCLAW: level  1  CFL = .267E+00  dt = 0.5000E+00  final t = 0.787000E+03
 AMRCLAW: level  1  CFL = .268E+00  dt = 0.5000E+00  final t = 0.787500E+03
 AMRCLAW: level  1  CFL = .268E+00  dt = 0.5000E+00  final t = 0.788000E+03
 AMRCLAW: level  1  CFL = .268E+00  dt = 0.5000E+00  final t = 0.788500E+03
 AMRCLAW: level  1  CFL = .268E+00  dt = 0.5000E+00  final t = 0.789000E+03
 AMRCLAW: level  1  CFL = .268E+00  dt = 0.5000E+00  final t = 0.789500E+03
 AMRCLAW: level  1  CFL = .268E+00  dt = 0.5000E+00  final t = 0.790000E+03
 AMRCLAW: level  1  CFL = .268E+00  dt = 0.5000E+00  final t = 0.790500E+03
 AMRCLAW: level  1  CFL = .268E+00  dt = 0.5000E+00  final t = 0.791000E+03
 AMRCLAW: level  1  CFL = .268E+00  dt = 0.5000E+00  final t = 0.791500E+03
 AMRCLAW: level  1  CFL = .268E+00  dt = 0.5000E+00  final t = 0.792000E+03
 AMRCLAW: level  1  CFL = .268E+00  dt = 0.5000E+00  final t = 0.792500E+03
 AMRCLAW: level  1  CFL = .268E+00  dt = 0.5000E+00  final t = 0.793000E+03
 AMRCLAW: level  1  CFL = .268E+00  dt = 0.5000E+00  final t = 0.793500E+03
 AMRCLAW: level  1  CFL = .268E+00  dt = 0.5000E+00  final t = 0.794000E+03
 AMRCLAW: level  1  CFL = .268E+00  dt = 0.5000E+00  final t = 0.794500E+03
 AMRCLAW: level  1  CFL = .268E+00  dt = 0.5000E+00  final t = 0.795000E+03
 AMRCLAW: level  1  CFL = .268E+00  dt = 0.5000E+00  final t = 0.795500E+03
 AMRCLAW: level  1  CFL = .268E+00  dt = 0.5000E+00  final t = 0.796000E+03
 AMRCLAW: level  1  CFL = .268E+00  dt = 0.5000E+00  final t = 0.796500E+03
 AMRCLAW: level  1  CFL = .268E+00  dt = 0.5000E+00  final t = 0.797000E+03
 AMRCLAW: level  1  CFL = .268E+00  dt = 0.5000E+00  final t = 0.797500E+03
 AMRCLAW: level  1  CFL = .269E+00  dt = 0.5000E+00  final t = 0.798000E+03
 AMRCLAW: level  1  CFL = .269E+00  dt = 0.5000E+00  final t = 0.798500E+03
 AMRCLAW: level  1  CFL = .269E+00  dt = 0.5000E+00  final t = 0.799000E+03
 AMRCLAW: level  1  CFL = .269E+00  dt = 0.5000E+00  final t = 0.799500E+03
 AMRCLAW: level  1  CFL = .269E+00  dt = 0.5000E+00  final t = 0.800000E+03
 AMRCLAW: level  1  CFL = .269E+00  dt = 0.5000E+00  final t = 0.800500E+03
 AMRCLAW: level  1  CFL = .269E+00  dt = 0.5000E+00  final t = 0.801000E+03
 AMRCLAW: level  1  CFL = .269E+00  dt = 0.5000E+00  final t = 0.801500E+03
 AMRCLAW: level  1  CFL = .269E+00  dt = 0.5000E+00  final t = 0.802000E+03
 AMRCLAW: level  1  CFL = .269E+00  dt = 0.5000E+00  final t = 0.802500E+03
 AMRCLAW: level  1  CFL = .269E+00  dt = 0.5000E+00  final t = 0.803000E+03
 AMRCLAW: level  1  CFL = .269E+00  dt = 0.5000E+00  final t = 0.803500E+03
 AMRCLAW: level  1  CFL = .269E+00  dt = 0.5000E+00  final t = 0.804000E+03
 AMRCLAW: level  1  CFL = .269E+00  dt = 0.5000E+00  final t = 0.804500E+03
 AMRCLAW: level  1  CFL = .269E+00  dt = 0.5000E+00  final t = 0.805000E+03
 AMRCLAW: level  1  CFL = .269E+00  dt = 0.5000E+00  final t = 0.805500E+03
 AMRCLAW: level  1  CFL = .269E+00  dt = 0.5000E+00  final t = 0.806000E+03
 AMRCLAW: level  1  CFL = .269E+00  dt = 0.5000E+00  final t = 0.806500E+03
 AMRCLAW: level  1  CFL = .269E+00  dt = 0.5000E+00  final t = 0.807000E+03
 AMRCLAW: level  1  CFL = .269E+00  dt = 0.5000E+00  final t = 0.807500E+03
 AMRCLAW: level  1  CFL = .269E+00  dt = 0.5000E+00  final t = 0.808000E+03
 AMRCLAW: level  1  CFL = .269E+00  dt = 0.5000E+00  final t = 0.808500E+03
 AMRCLAW: level  1  CFL = .269E+00  dt = 0.5000E+00  final t = 0.809000E+03
 AMRCLAW: level  1  CFL = .268E+00  dt = 0.5000E+00  final t = 0.809500E+03
 AMRCLAW: level  1  CFL = .268E+00  dt = 0.5000E+00  final t = 0.810000E+03
GEOCLAW: Frame   27 output files done at time t =  0.810000D+03

 AMRCLAW: level  1  CFL = .268E+00  dt = 0.5000E+00  final t = 0.810500E+03
 AMRCLAW: level  1  CFL = .268E+00  dt = 0.5000E+00  final t = 0.811000E+03
 AMRCLAW: level  1  CFL = .268E+00  dt = 0.5000E+00  final t = 0.811500E+03
 AMRCLAW: level  1  CFL = .268E+00  dt = 0.5000E+00  final t = 0.812000E+03
 AMRCLAW: level  1  CFL = .267E+00  dt = 0.5000E+00  final t = 0.812500E+03
 AMRCLAW: level  1  CFL = .267E+00  dt = 0.5000E+00  final t = 0.813000E+03
 AMRCLAW: level  1  CFL = .267E+00  dt = 0.5000E+00  final t = 0.813500E+03
 AMRCLAW: level  1  CFL = .285E+00  dt = 0.5000E+00  final t = 0.814000E+03
 AMRCLAW: level  1  CFL = .267E+00  dt = 0.5000E+00  final t = 0.814500E+03
 AMRCLAW: level  1  CFL = .267E+00  dt = 0.5000E+00  final t = 0.815000E+03
 AMRCLAW: level  1  CFL = .266E+00  dt = 0.5000E+00  final t = 0.815500E+03
 AMRCLAW: level  1  CFL = .266E+00  dt = 0.5000E+00  final t = 0.816000E+03
 AMRCLAW: level  1  CFL = .266E+00  dt = 0.5000E+00  final t = 0.816500E+03
 AMRCLAW: level  1  CFL = .266E+00  dt = 0.5000E+00  final t = 0.817000E+03
 AMRCLAW: level  1  CFL = .266E+00  dt = 0.5000E+00  final t = 0.817500E+03
 AMRCLAW: level  1  CFL = .266E+00  dt = 0.5000E+00  final t = 0.818000E+03
 AMRCLAW: level  1  CFL = .265E+00  dt = 0.5000E+00  final t = 0.818500E+03
 AMRCLAW: level  1  CFL = .265E+00  dt = 0.5000E+00  final t = 0.819000E+03
 AMRCLAW: level  1  CFL = .265E+00  dt = 0.5000E+00  final t = 0.819500E+03
 AMRCLAW: level  1  CFL = .265E+00  dt = 0.5000E+00  final t = 0.820000E+03
 AMRCLAW: level  1  CFL = .265E+00  dt = 0.5000E+00  final t = 0.820500E+03
 AMRCLAW: level  1  CFL = .265E+00  dt = 0.5000E+00  final t = 0.821000E+03
 AMRCLAW: level  1  CFL = .265E+00  dt = 0.5000E+00  final t = 0.821500E+03
 AMRCLAW: level  1  CFL = .264E+00  dt = 0.5000E+00  final t = 0.822000E+03
 AMRCLAW: level  1  CFL = .264E+00  dt = 0.5000E+00  final t = 0.822500E+03
 AMRCLAW: level  1  CFL = .264E+00  dt = 0.5000E+00  final t = 0.823000E+03
 AMRCLAW: level  1  CFL = .264E+00  dt = 0.5000E+00  final t = 0.823500E+03
 AMRCLAW: level  1  CFL = .264E+00  dt = 0.5000E+00  final t = 0.824000E+03
 AMRCLAW: level  1  CFL = .264E+00  dt = 0.5000E+00  final t = 0.824500E+03
 AMRCLAW: level  1  CFL = .264E+00  dt = 0.5000E+00  final t = 0.825000E+03
 AMRCLAW: level  1  CFL = .263E+00  dt = 0.5000E+00  final t = 0.825500E+03
 AMRCLAW: level  1  CFL = .263E+00  dt = 0.5000E+00  final t = 0.826000E+03
 AMRCLAW: level  1  CFL = .263E+00  dt = 0.5000E+00  final t = 0.826500E+03
 AMRCLAW: level  1  CFL = .263E+00  dt = 0.5000E+00  final t = 0.827000E+03
 AMRCLAW: level  1  CFL = .263E+00  dt = 0.5000E+00  final t = 0.827500E+03
 AMRCLAW: level  1  CFL = .263E+00  dt = 0.5000E+00  final t = 0.828000E+03
 AMRCLAW: level  1  CFL = .263E+00  dt = 0.5000E+00  final t = 0.828500E+03
 AMRCLAW: level  1  CFL = .263E+00  dt = 0.5000E+00  final t = 0.829000E+03
 AMRCLAW: level  1  CFL = .262E+00  dt = 0.5000E+00  final t = 0.829500E+03
 AMRCLAW: level  1  CFL = .262E+00  dt = 0.5000E+00  final t = 0.830000E+03
 AMRCLAW: level  1  CFL = .262E+00  dt = 0.5000E+00  final t = 0.830500E+03
 AMRCLAW: level  1  CFL = .262E+00  dt = 0.5000E+00  final t = 0.831000E+03
 AMRCLAW: level  1  CFL = .262E+00  dt = 0.5000E+00  final t = 0.831500E+03
 AMRCLAW: level  1  CFL = .262E+00  dt = 0.5000E+00  final t = 0.832000E+03
 AMRCLAW: level  1  CFL = .262E+00  dt = 0.5000E+00  final t = 0.832500E+03
 AMRCLAW: level  1  CFL = .262E+00  dt = 0.5000E+00  final t = 0.833000E+03
 AMRCLAW: level  1  CFL = .261E+00  dt = 0.5000E+00  final t = 0.833500E+03
 AMRCLAW: level  1  CFL = .261E+00  dt = 0.5000E+00  final t = 0.834000E+03
 AMRCLAW: level  1  CFL = .261E+00  dt = 0.5000E+00  final t = 0.834500E+03
 AMRCLAW: level  1  CFL = .261E+00  dt = 0.5000E+00  final t = 0.835000E+03
 AMRCLAW: level  1  CFL = .261E+00  dt = 0.5000E+00  final t = 0.835500E+03
 AMRCLAW: level  1  CFL = .261E+00  dt = 0.5000E+00  final t = 0.836000E+03
 AMRCLAW: level  1  CFL = .261E+00  dt = 0.5000E+00  final t = 0.836500E+03
 AMRCLAW: level  1  CFL = .261E+00  dt = 0.5000E+00  final t = 0.837000E+03
 AMRCLAW: level  1  CFL = .260E+00  dt = 0.5000E+00  final t = 0.837500E+03
 AMRCLAW: level  1  CFL = .260E+00  dt = 0.5000E+00  final t = 0.838000E+03
 AMRCLAW: level  1  CFL = .260E+00  dt = 0.5000E+00  final t = 0.838500E+03
 AMRCLAW: level  1  CFL = .260E+00  dt = 0.5000E+00  final t = 0.839000E+03
 AMRCLAW: level  1  CFL = .260E+00  dt = 0.5000E+00  final t = 0.839500E+03
 AMRCLAW: level  1  CFL = .260E+00  dt = 0.5000E+00  final t = 0.840000E+03
GEOCLAW: Frame   28 output files done at time t =  0.840000D+03

 AMRCLAW: level  1  CFL = .260E+00  dt = 0.5000E+00  final t = 0.840500E+03
 AMRCLAW: level  1  CFL = .260E+00  dt = 0.5000E+00  final t = 0.841000E+03
 AMRCLAW: level  1  CFL = .260E+00  dt = 0.5000E+00  final t = 0.841500E+03
 AMRCLAW: level  1  CFL = .259E+00  dt = 0.5000E+00  final t = 0.842000E+03
 AMRCLAW: level  1  CFL = .259E+00  dt = 0.5000E+00  final t = 0.842500E+03
 AMRCLAW: level  1  CFL = .259E+00  dt = 0.5000E+00  final t = 0.843000E+03
 AMRCLAW: level  1  CFL = .259E+00  dt = 0.5000E+00  final t = 0.843500E+03
 AMRCLAW: level  1  CFL = .259E+00  dt = 0.5000E+00  final t = 0.844000E+03
 AMRCLAW: level  1  CFL = .259E+00  dt = 0.5000E+00  final t = 0.844500E+03
 AMRCLAW: level  1  CFL = .259E+00  dt = 0.5000E+00  final t = 0.845000E+03
 AMRCLAW: level  1  CFL = .259E+00  dt = 0.5000E+00  final t = 0.845500E+03
 AMRCLAW: level  1  CFL = .259E+00  dt = 0.5000E+00  final t = 0.846000E+03
 AMRCLAW: level  1  CFL = .258E+00  dt = 0.5000E+00  final t = 0.846500E+03
 AMRCLAW: level  1  CFL = .258E+00  dt = 0.5000E+00  final t = 0.847000E+03
 AMRCLAW: level  1  CFL = .258E+00  dt = 0.5000E+00  final t = 0.847500E+03
 AMRCLAW: level  1  CFL = .258E+00  dt = 0.5000E+00  final t = 0.848000E+03
 AMRCLAW: level  1  CFL = .258E+00  dt = 0.5000E+00  final t = 0.848500E+03
 AMRCLAW: level  1  CFL = .258E+00  dt = 0.5000E+00  final t = 0.849000E+03
 AMRCLAW: level  1  CFL = .258E+00  dt = 0.5000E+00  final t = 0.849500E+03
 AMRCLAW: level  1  CFL = .258E+00  dt = 0.5000E+00  final t = 0.850000E+03
 AMRCLAW: level  1  CFL = .258E+00  dt = 0.5000E+00  final t = 0.850500E+03
 AMRCLAW: level  1  CFL = .257E+00  dt = 0.5000E+00  final t = 0.851000E+03
 AMRCLAW: level  1  CFL = .257E+00  dt = 0.5000E+00  final t = 0.851500E+03
 AMRCLAW: level  1  CFL = .257E+00  dt = 0.5000E+00  final t = 0.852000E+03
 AMRCLAW: level  1  CFL = .257E+00  dt = 0.5000E+00  final t = 0.852500E+03
 AMRCLAW: level  1  CFL = .257E+00  dt = 0.5000E+00  final t = 0.853000E+03
 AMRCLAW: level  1  CFL = .257E+00  dt = 0.5000E+00  final t = 0.853500E+03
 AMRCLAW: level  1  CFL = .257E+00  dt = 0.5000E+00  final t = 0.854000E+03
 AMRCLAW: level  1  CFL = .257E+00  dt = 0.5000E+00  final t = 0.854500E+03
 AMRCLAW: level  1  CFL = .257E+00  dt = 0.5000E+00  final t = 0.855000E+03
 AMRCLAW: level  1  CFL = .257E+00  dt = 0.5000E+00  final t = 0.855500E+03
 AMRCLAW: level  1  CFL = .256E+00  dt = 0.5000E+00  final t = 0.856000E+03
 AMRCLAW: level  1  CFL = .256E+00  dt = 0.5000E+00  final t = 0.856500E+03
 AMRCLAW: level  1  CFL = .256E+00  dt = 0.5000E+00  final t = 0.857000E+03
 AMRCLAW: level  1  CFL = .256E+00  dt = 0.5000E+00  final t = 0.857500E+03
 AMRCLAW: level  1  CFL = .256E+00  dt = 0.5000E+00  final t = 0.858000E+03
 AMRCLAW: level  1  CFL = .256E+00  dt = 0.5000E+00  final t = 0.858500E+03
 AMRCLAW: level  1  CFL = .256E+00  dt = 0.5000E+00  final t = 0.859000E+03
 AMRCLAW: level  1  CFL = .256E+00  dt = 0.5000E+00  final t = 0.859500E+03
 AMRCLAW: level  1  CFL = .256E+00  dt = 0.5000E+00  final t = 0.860000E+03
 AMRCLAW: level  1  CFL = .256E+00  dt = 0.5000E+00  final t = 0.860500E+03
 AMRCLAW: level  1  CFL = .255E+00  dt = 0.5000E+00  final t = 0.861000E+03
 AMRCLAW: level  1  CFL = .255E+00  dt = 0.5000E+00  final t = 0.861500E+03
 AMRCLAW: level  1  CFL = .255E+00  dt = 0.5000E+00  final t = 0.862000E+03
 AMRCLAW: level  1  CFL = .255E+00  dt = 0.5000E+00  final t = 0.862500E+03
 AMRCLAW: level  1  CFL = .255E+00  dt = 0.5000E+00  final t = 0.863000E+03
 AMRCLAW: level  1  CFL = .255E+00  dt = 0.5000E+00  final t = 0.863500E+03
 AMRCLAW: level  1  CFL = .255E+00  dt = 0.5000E+00  final t = 0.864000E+03
 AMRCLAW: level  1  CFL = .255E+00  dt = 0.5000E+00  final t = 0.864500E+03
 AMRCLAW: level  1  CFL = .255E+00  dt = 0.5000E+00  final t = 0.865000E+03
 AMRCLAW: level  1  CFL = .255E+00  dt = 0.5000E+00  final t = 0.865500E+03
 AMRCLAW: level  1  CFL = .254E+00  dt = 0.5000E+00  final t = 0.866000E+03
 AMRCLAW: level  1  CFL = .254E+00  dt = 0.5000E+00  final t = 0.866500E+03
 AMRCLAW: level  1  CFL = .254E+00  dt = 0.5000E+00  final t = 0.867000E+03
 AMRCLAW: level  1  CFL = .254E+00  dt = 0.5000E+00  final t = 0.867500E+03
 AMRCLAW: level  1  CFL = .254E+00  dt = 0.5000E+00  final t = 0.868000E+03
 AMRCLAW: level  1  CFL = .254E+00  dt = 0.5000E+00  final t = 0.868500E+03
 AMRCLAW: level  1  CFL = .254E+00  dt = 0.5000E+00  final t = 0.869000E+03
 AMRCLAW: level  1  CFL = .254E+00  dt = 0.5000E+00  final t = 0.869500E+03
 AMRCLAW: level  1  CFL = .254E+00  dt = 0.5000E+00  final t = 0.870000E+03
GEOCLAW: Frame   29 output files done at time t =  0.870000D+03

 AMRCLAW: level  1  CFL = .254E+00  dt = 0.5000E+00  final t = 0.870500E+03
 AMRCLAW: level  1  CFL = .254E+00  dt = 0.5000E+00  final t = 0.871000E+03
 AMRCLAW: level  1  CFL = .253E+00  dt = 0.5000E+00  final t = 0.871500E+03
 AMRCLAW: level  1  CFL = .253E+00  dt = 0.5000E+00  final t = 0.872000E+03
 AMRCLAW: level  1  CFL = .253E+00  dt = 0.5000E+00  final t = 0.872500E+03
 AMRCLAW: level  1  CFL = .253E+00  dt = 0.5000E+00  final t = 0.873000E+03
 AMRCLAW: level  1  CFL = .253E+00  dt = 0.5000E+00  final t = 0.873500E+03
 AMRCLAW: level  1  CFL = .253E+00  dt = 0.5000E+00  final t = 0.874000E+03
 AMRCLAW: level  1  CFL = .253E+00  dt = 0.5000E+00  final t = 0.874500E+03
 AMRCLAW: level  1  CFL = .253E+00  dt = 0.5000E+00  final t = 0.875000E+03
 AMRCLAW: level  1  CFL = .253E+00  dt = 0.5000E+00  final t = 0.875500E+03
 AMRCLAW: level  1  CFL = .253E+00  dt = 0.5000E+00  final t = 0.876000E+03
 AMRCLAW: level  1  CFL = .253E+00  dt = 0.5000E+00  final t = 0.876500E+03
 AMRCLAW: level  1  CFL = .253E+00  dt = 0.5000E+00  final t = 0.877000E+03
 AMRCLAW: level  1  CFL = .252E+00  dt = 0.5000E+00  final t = 0.877500E+03
 AMRCLAW: level  1  CFL = .252E+00  dt = 0.5000E+00  final t = 0.878000E+03
 AMRCLAW: level  1  CFL = .252E+00  dt = 0.5000E+00  final t = 0.878500E+03
 AMRCLAW: level  1  CFL = .252E+00  dt = 0.5000E+00  final t = 0.879000E+03
 AMRCLAW: level  1  CFL = .252E+00  dt = 0.5000E+00  final t = 0.879500E+03
 AMRCLAW: level  1  CFL = .252E+00  dt = 0.5000E+00  final t = 0.880000E+03
 AMRCLAW: level  1  CFL = .251E+00  dt = 0.5000E+00  final t = 0.880500E+03
 AMRCLAW: level  1  CFL = .251E+00  dt = 0.5000E+00  final t = 0.881000E+03
 AMRCLAW: level  1  CFL = .251E+00  dt = 0.5000E+00  final t = 0.881500E+03
 AMRCLAW: level  1  CFL = .251E+00  dt = 0.5000E+00  final t = 0.882000E+03
 AMRCLAW: level  1  CFL = .251E+00  dt = 0.5000E+00  final t = 0.882500E+03
 AMRCLAW: level  1  CFL = .251E+00  dt = 0.5000E+00  final t = 0.883000E+03
 AMRCLAW: level  1  CFL = .251E+00  dt = 0.5000E+00  final t = 0.883500E+03
 AMRCLAW: level  1  CFL = .251E+00  dt = 0.5000E+00  final t = 0.884000E+03
 AMRCLAW: level  1  CFL = .251E+00  dt = 0.5000E+00  final t = 0.884500E+03
 AMRCLAW: level  1  CFL = .251E+00  dt = 0.5000E+00  final t = 0.885000E+03
 AMRCLAW: level  1  CFL = .250E+00  dt = 0.5000E+00  final t = 0.885500E+03
 AMRCLAW: level  1  CFL = .250E+00  dt = 0.5000E+00  final t = 0.886000E+03
 AMRCLAW: level  1  CFL = .250E+00  dt = 0.5000E+00  final t = 0.886500E+03
 AMRCLAW: level  1  CFL = .250E+00  dt = 0.5000E+00  final t = 0.887000E+03
 AMRCLAW: level  1  CFL = .250E+00  dt = 0.5000E+00  final t = 0.887500E+03
 AMRCLAW: level  1  CFL = .250E+00  dt = 0.5000E+00  final t = 0.888000E+03
 AMRCLAW: level  1  CFL = .250E+00  dt = 0.5000E+00  final t = 0.888500E+03
 AMRCLAW: level  1  CFL = .250E+00  dt = 0.5000E+00  final t = 0.889000E+03
 AMRCLAW: level  1  CFL = .250E+00  dt = 0.5000E+00  final t = 0.889500E+03
 AMRCLAW: level  1  CFL = .250E+00  dt = 0.5000E+00  final t = 0.890000E+03
 AMRCLAW: level  1  CFL = .250E+00  dt = 0.5000E+00  final t = 0.890500E+03
 AMRCLAW: level  1  CFL = .250E+00  dt = 0.5000E+00  final t = 0.891000E+03
 AMRCLAW: level  1  CFL = .249E+00  dt = 0.5000E+00  final t = 0.891500E+03
 AMRCLAW: level  1  CFL = .249E+00  dt = 0.5000E+00  final t = 0.892000E+03
 AMRCLAW: level  1  CFL = .249E+00  dt = 0.5000E+00  final t = 0.892500E+03
 AMRCLAW: level  1  CFL = .249E+00  dt = 0.5000E+00  final t = 0.893000E+03
 AMRCLAW: level  1  CFL = .249E+00  dt = 0.5000E+00  final t = 0.893500E+03
 AMRCLAW: level  1  CFL = .249E+00  dt = 0.5000E+00  final t = 0.894000E+03
 AMRCLAW: level  1  CFL = .249E+00  dt = 0.5000E+00  final t = 0.894500E+03
 AMRCLAW: level  1  CFL = .249E+00  dt = 0.5000E+00  final t = 0.895000E+03
 AMRCLAW: level  1  CFL = .249E+00  dt = 0.5000E+00  final t = 0.895500E+03
 AMRCLAW: level  1  CFL = .251E+00  dt = 0.5000E+00  final t = 0.896000E+03
 AMRCLAW: level  1  CFL = .254E+00  dt = 0.5000E+00  final t = 0.896500E+03
 AMRCLAW: level  1  CFL = .258E+00  dt = 0.5000E+00  final t = 0.897000E+03
 AMRCLAW: level  1  CFL = .262E+00  dt = 0.5000E+00  final t = 0.897500E+03
 AMRCLAW: level  1  CFL = .265E+00  dt = 0.5000E+00  final t = 0.898000E+03
 AMRCLAW: level  1  CFL = .249E+00  dt = 0.5000E+00  final t = 0.898500E+03
 AMRCLAW: level  1  CFL = .248E+00  dt = 0.5000E+00  final t = 0.899000E+03
 AMRCLAW: level  1  CFL = .248E+00  dt = 0.5000E+00  final t = 0.899500E+03
 AMRCLAW: level  1  CFL = .248E+00  dt = 0.5000E+00  final t = 0.900000E+03
GEOCLAW: Frame   30 output files done at time t =  0.900000D+03

 AMRCLAW: level  1  CFL = .248E+00  dt = 0.5000E+00  final t = 0.900500E+03
 AMRCLAW: level  1  CFL = .248E+00  dt = 0.5000E+00  final t = 0.901000E+03
 AMRCLAW: level  1  CFL = .248E+00  dt = 0.5000E+00  final t = 0.901500E+03
 AMRCLAW: level  1  CFL = .248E+00  dt = 0.5000E+00  final t = 0.902000E+03
 AMRCLAW: level  1  CFL = .248E+00  dt = 0.5000E+00  final t = 0.902500E+03
 AMRCLAW: level  1  CFL = .248E+00  dt = 0.5000E+00  final t = 0.903000E+03
 AMRCLAW: level  1  CFL = .248E+00  dt = 0.5000E+00  final t = 0.903500E+03
 AMRCLAW: level  1  CFL = .248E+00  dt = 0.5000E+00  final t = 0.904000E+03
 AMRCLAW: level  1  CFL = .248E+00  dt = 0.5000E+00  final t = 0.904500E+03
 AMRCLAW: level  1  CFL = .248E+00  dt = 0.5000E+00  final t = 0.905000E+03
 AMRCLAW: level  1  CFL = .248E+00  dt = 0.5000E+00  final t = 0.905500E+03
 AMRCLAW: level  1  CFL = .248E+00  dt = 0.5000E+00  final t = 0.906000E+03
 AMRCLAW: level  1  CFL = .248E+00  dt = 0.5000E+00  final t = 0.906500E+03
 AMRCLAW: level  1  CFL = .248E+00  dt = 0.5000E+00  final t = 0.907000E+03
 AMRCLAW: level  1  CFL = .248E+00  dt = 0.5000E+00  final t = 0.907500E+03
 AMRCLAW: level  1  CFL = .248E+00  dt = 0.5000E+00  final t = 0.908000E+03
 AMRCLAW: level  1  CFL = .247E+00  dt = 0.5000E+00  final t = 0.908500E+03
 AMRCLAW: level  1  CFL = .248E+00  dt = 0.5000E+00  final t = 0.909000E+03
 AMRCLAW: level  1  CFL = .247E+00  dt = 0.5000E+00  final t = 0.909500E+03
 AMRCLAW: level  1  CFL = .248E+00  dt = 0.5000E+00  final t = 0.910000E+03
 AMRCLAW: level  1  CFL = .248E+00  dt = 0.5000E+00  final t = 0.910500E+03
 AMRCLAW: level  1  CFL = .248E+00  dt = 0.5000E+00  final t = 0.911000E+03
 AMRCLAW: level  1  CFL = .248E+00  dt = 0.5000E+00  final t = 0.911500E+03
 AMRCLAW: level  1  CFL = .248E+00  dt = 0.5000E+00  final t = 0.912000E+03
 AMRCLAW: level  1  CFL = .248E+00  dt = 0.5000E+00  final t = 0.912500E+03
 AMRCLAW: level  1  CFL = .248E+00  dt = 0.5000E+00  final t = 0.913000E+03
 AMRCLAW: level  1  CFL = .248E+00  dt = 0.5000E+00  final t = 0.913500E+03
 AMRCLAW: level  1  CFL = .248E+00  dt = 0.5000E+00  final t = 0.914000E+03
 AMRCLAW: level  1  CFL = .248E+00  dt = 0.5000E+00  final t = 0.914500E+03
 AMRCLAW: level  1  CFL = .248E+00  dt = 0.5000E+00  final t = 0.915000E+03
 AMRCLAW: level  1  CFL = .248E+00  dt = 0.5000E+00  final t = 0.915500E+03
 AMRCLAW: level  1  CFL = .248E+00  dt = 0.5000E+00  final t = 0.916000E+03
 AMRCLAW: level  1  CFL = .248E+00  dt = 0.5000E+00  final t = 0.916500E+03
 AMRCLAW: level  1  CFL = .248E+00  dt = 0.5000E+00  final t = 0.917000E+03
 AMRCLAW: level  1  CFL = .248E+00  dt = 0.5000E+00  final t = 0.917500E+03
 AMRCLAW: level  1  CFL = .249E+00  dt = 0.5000E+00  final t = 0.918000E+03
 AMRCLAW: level  1  CFL = .249E+00  dt = 0.5000E+00  final t = 0.918500E+03
 AMRCLAW: level  1  CFL = .249E+00  dt = 0.5000E+00  final t = 0.919000E+03
 AMRCLAW: level  1  CFL = .249E+00  dt = 0.5000E+00  final t = 0.919500E+03
 AMRCLAW: level  1  CFL = .249E+00  dt = 0.5000E+00  final t = 0.920000E+03
 AMRCLAW: level  1  CFL = .249E+00  dt = 0.5000E+00  final t = 0.920500E+03
 AMRCLAW: level  1  CFL = .249E+00  dt = 0.5000E+00  final t = 0.921000E+03
 AMRCLAW: level  1  CFL = .249E+00  dt = 0.5000E+00  final t = 0.921500E+03
 AMRCLAW: level  1  CFL = .249E+00  dt = 0.5000E+00  final t = 0.922000E+03
 AMRCLAW: level  1  CFL = .249E+00  dt = 0.5000E+00  final t = 0.922500E+03
 AMRCLAW: level  1  CFL = .249E+00  dt = 0.5000E+00  final t = 0.923000E+03
 AMRCLAW: level  1  CFL = .250E+00  dt = 0.5000E+00  final t = 0.923500E+03
 AMRCLAW: level  1  CFL = .250E+00  dt = 0.5000E+00  final t = 0.924000E+03
 AMRCLAW: level  1  CFL = .250E+00  dt = 0.5000E+00  final t = 0.924500E+03
 AMRCLAW: level  1  CFL = .250E+00  dt = 0.5000E+00  final t = 0.925000E+03
 AMRCLAW: level  1  CFL = .250E+00  dt = 0.5000E+00  final t = 0.925500E+03
 AMRCLAW: level  1  CFL = .250E+00  dt = 0.5000E+00  final t = 0.926000E+03
 AMRCLAW: level  1  CFL = .250E+00  dt = 0.5000E+00  final t = 0.926500E+03
 AMRCLAW: level  1  CFL = .250E+00  dt = 0.5000E+00  final t = 0.927000E+03
 AMRCLAW: level  1  CFL = .250E+00  dt = 0.5000E+00  final t = 0.927500E+03
 AMRCLAW: level  1  CFL = .250E+00  dt = 0.5000E+00  final t = 0.928000E+03
 AMRCLAW: level  1  CFL = .250E+00  dt = 0.5000E+00  final t = 0.928500E+03
 AMRCLAW: level  1  CFL = .250E+00  dt = 0.5000E+00  final t = 0.929000E+03
 AMRCLAW: level  1  CFL = .251E+00  dt = 0.5000E+00  final t = 0.929500E+03
 AMRCLAW: level  1  CFL = .251E+00  dt = 0.5000E+00  final t = 0.930000E+03
GEOCLAW: Frame   31 output files done at time t =  0.930000D+03

 AMRCLAW: level  1  CFL = .251E+00  dt = 0.5000E+00  final t = 0.930500E+03
 AMRCLAW: level  1  CFL = .251E+00  dt = 0.5000E+00  final t = 0.931000E+03
 AMRCLAW: level  1  CFL = .251E+00  dt = 0.5000E+00  final t = 0.931500E+03
 AMRCLAW: level  1  CFL = .251E+00  dt = 0.5000E+00  final t = 0.932000E+03
 AMRCLAW: level  1  CFL = .251E+00  dt = 0.5000E+00  final t = 0.932500E+03
 AMRCLAW: level  1  CFL = .251E+00  dt = 0.5000E+00  final t = 0.933000E+03
 AMRCLAW: level  1  CFL = .251E+00  dt = 0.5000E+00  final t = 0.933500E+03
 AMRCLAW: level  1  CFL = .251E+00  dt = 0.5000E+00  final t = 0.934000E+03
 AMRCLAW: level  1  CFL = .251E+00  dt = 0.5000E+00  final t = 0.934500E+03
 AMRCLAW: level  1  CFL = .251E+00  dt = 0.5000E+00  final t = 0.935000E+03
 AMRCLAW: level  1  CFL = .251E+00  dt = 0.5000E+00  final t = 0.935500E+03
 AMRCLAW: level  1  CFL = .251E+00  dt = 0.5000E+00  final t = 0.936000E+03
 AMRCLAW: level  1  CFL = .251E+00  dt = 0.5000E+00  final t = 0.936500E+03
 AMRCLAW: level  1  CFL = .251E+00  dt = 0.5000E+00  final t = 0.937000E+03
 AMRCLAW: level  1  CFL = .251E+00  dt = 0.5000E+00  final t = 0.937500E+03
 AMRCLAW: level  1  CFL = .251E+00  dt = 0.5000E+00  final t = 0.938000E+03
 AMRCLAW: level  1  CFL = .251E+00  dt = 0.5000E+00  final t = 0.938500E+03
 AMRCLAW: level  1  CFL = .251E+00  dt = 0.5000E+00  final t = 0.939000E+03
 AMRCLAW: level  1  CFL = .251E+00  dt = 0.5000E+00  final t = 0.939500E+03
 AMRCLAW: level  1  CFL = .251E+00  dt = 0.5000E+00  final t = 0.940000E+03
 AMRCLAW: level  1  CFL = .251E+00  dt = 0.5000E+00  final t = 0.940500E+03
 AMRCLAW: level  1  CFL = .251E+00  dt = 0.5000E+00  final t = 0.941000E+03
 AMRCLAW: level  1  CFL = .251E+00  dt = 0.5000E+00  final t = 0.941500E+03
 AMRCLAW: level  1  CFL = .251E+00  dt = 0.5000E+00  final t = 0.942000E+03
 AMRCLAW: level  1  CFL = .251E+00  dt = 0.5000E+00  final t = 0.942500E+03
 AMRCLAW: level  1  CFL = .252E+00  dt = 0.5000E+00  final t = 0.943000E+03
 AMRCLAW: level  1  CFL = .252E+00  dt = 0.5000E+00  final t = 0.943500E+03
 AMRCLAW: level  1  CFL = .252E+00  dt = 0.5000E+00  final t = 0.944000E+03
 AMRCLAW: level  1  CFL = .252E+00  dt = 0.5000E+00  final t = 0.944500E+03
 AMRCLAW: level  1  CFL = .252E+00  dt = 0.5000E+00  final t = 0.945000E+03
 AMRCLAW: level  1  CFL = .252E+00  dt = 0.5000E+00  final t = 0.945500E+03
 AMRCLAW: level  1  CFL = .252E+00  dt = 0.5000E+00  final t = 0.946000E+03
 AMRCLAW: level  1  CFL = .252E+00  dt = 0.5000E+00  final t = 0.946500E+03
 AMRCLAW: level  1  CFL = .252E+00  dt = 0.5000E+00  final t = 0.947000E+03
 AMRCLAW: level  1  CFL = .252E+00  dt = 0.5000E+00  final t = 0.947500E+03
 AMRCLAW: level  1  CFL = .252E+00  dt = 0.5000E+00  final t = 0.948000E+03
 AMRCLAW: level  1  CFL = .252E+00  dt = 0.5000E+00  final t = 0.948500E+03
 AMRCLAW: level  1  CFL = .252E+00  dt = 0.5000E+00  final t = 0.949000E+03
 AMRCLAW: level  1  CFL = .252E+00  dt = 0.5000E+00  final t = 0.949500E+03
 AMRCLAW: level  1  CFL = .252E+00  dt = 0.5000E+00  final t = 0.950000E+03
 AMRCLAW: level  1  CFL = .252E+00  dt = 0.5000E+00  final t = 0.950500E+03
 AMRCLAW: level  1  CFL = .252E+00  dt = 0.5000E+00  final t = 0.951000E+03
 AMRCLAW: level  1  CFL = .253E+00  dt = 0.5000E+00  final t = 0.951500E+03
 AMRCLAW: level  1  CFL = .253E+00  dt = 0.5000E+00  final t = 0.952000E+03
 AMRCLAW: level  1  CFL = .253E+00  dt = 0.5000E+00  final t = 0.952500E+03
 AMRCLAW: level  1  CFL = .253E+00  dt = 0.5000E+00  final t = 0.953000E+03
 AMRCLAW: level  1  CFL = .253E+00  dt = 0.5000E+00  final t = 0.953500E+03
 AMRCLAW: level  1  CFL = .253E+00  dt = 0.5000E+00  final t = 0.954000E+03
 AMRCLAW: level  1  CFL = .253E+00  dt = 0.5000E+00  final t = 0.954500E+03
 AMRCLAW: level  1  CFL = .253E+00  dt = 0.5000E+00  final t = 0.955000E+03
 AMRCLAW: level  1  CFL = .253E+00  dt = 0.5000E+00  final t = 0.955500E+03
 AMRCLAW: level  1  CFL = .253E+00  dt = 0.5000E+00  final t = 0.956000E+03
 AMRCLAW: level  1  CFL = .253E+00  dt = 0.5000E+00  final t = 0.956500E+03
 AMRCLAW: level  1  CFL = .253E+00  dt = 0.5000E+00  final t = 0.957000E+03
 AMRCLAW: level  1  CFL = .253E+00  dt = 0.5000E+00  final t = 0.957500E+03
 AMRCLAW: level  1  CFL = .253E+00  dt = 0.5000E+00  final t = 0.958000E+03
 AMRCLAW: level  1  CFL = .253E+00  dt = 0.5000E+00  final t = 0.958500E+03
 AMRCLAW: level  1  CFL = .253E+00  dt = 0.5000E+00  final t = 0.959000E+03
 AMRCLAW: level  1  CFL = .253E+00  dt = 0.5000E+00  final t = 0.959500E+03
 AMRCLAW: level  1  CFL = .253E+00  dt = 0.5000E+00  final t = 0.960000E+03
GEOCLAW: Frame   32 output files done at time t =  0.960000D+03

 AMRCLAW: level  1  CFL = .253E+00  dt = 0.5000E+00  final t = 0.960500E+03
 AMRCLAW: level  1  CFL = .278E+00  dt = 0.5000E+00  final t = 0.961000E+03
 AMRCLAW: level  1  CFL = .254E+00  dt = 0.5000E+00  final t = 0.961500E+03
 AMRCLAW: level  1  CFL = .254E+00  dt = 0.5000E+00  final t = 0.962000E+03
 AMRCLAW: level  1  CFL = .254E+00  dt = 0.5000E+00  final t = 0.962500E+03
 AMRCLAW: level  1  CFL = .254E+00  dt = 0.5000E+00  final t = 0.963000E+03
 AMRCLAW: level  1  CFL = .254E+00  dt = 0.5000E+00  final t = 0.963500E+03
 AMRCLAW: level  1  CFL = .254E+00  dt = 0.5000E+00  final t = 0.964000E+03
 AMRCLAW: level  1  CFL = .254E+00  dt = 0.5000E+00  final t = 0.964500E+03
 AMRCLAW: level  1  CFL = .254E+00  dt = 0.5000E+00  final t = 0.965000E+03
 AMRCLAW: level  1  CFL = .254E+00  dt = 0.5000E+00  final t = 0.965500E+03
 AMRCLAW: level  1  CFL = .254E+00  dt = 0.5000E+00  final t = 0.966000E+03
 AMRCLAW: level  1  CFL = .254E+00  dt = 0.5000E+00  final t = 0.966500E+03
 AMRCLAW: level  1  CFL = .254E+00  dt = 0.5000E+00  final t = 0.967000E+03
 AMRCLAW: level  1  CFL = .254E+00  dt = 0.5000E+00  final t = 0.967500E+03
 AMRCLAW: level  1  CFL = .254E+00  dt = 0.5000E+00  final t = 0.968000E+03
 AMRCLAW: level  1  CFL = .254E+00  dt = 0.5000E+00  final t = 0.968500E+03
 AMRCLAW: level  1  CFL = .254E+00  dt = 0.5000E+00  final t = 0.969000E+03
 AMRCLAW: level  1  CFL = .254E+00  dt = 0.5000E+00  final t = 0.969500E+03
 AMRCLAW: level  1  CFL = .254E+00  dt = 0.5000E+00  final t = 0.970000E+03
 AMRCLAW: level  1  CFL = .254E+00  dt = 0.5000E+00  final t = 0.970500E+03
 AMRCLAW: level  1  CFL = .255E+00  dt = 0.5000E+00  final t = 0.971000E+03
 AMRCLAW: level  1  CFL = .255E+00  dt = 0.5000E+00  final t = 0.971500E+03
 AMRCLAW: level  1  CFL = .255E+00  dt = 0.5000E+00  final t = 0.972000E+03
 AMRCLAW: level  1  CFL = .255E+00  dt = 0.5000E+00  final t = 0.972500E+03
 AMRCLAW: level  1  CFL = .255E+00  dt = 0.5000E+00  final t = 0.973000E+03
 AMRCLAW: level  1  CFL = .255E+00  dt = 0.5000E+00  final t = 0.973500E+03
 AMRCLAW: level  1  CFL = .255E+00  dt = 0.5000E+00  final t = 0.974000E+03
 AMRCLAW: level  1  CFL = .255E+00  dt = 0.5000E+00  final t = 0.974500E+03
 AMRCLAW: level  1  CFL = .255E+00  dt = 0.5000E+00  final t = 0.975000E+03
 AMRCLAW: level  1  CFL = .255E+00  dt = 0.5000E+00  final t = 0.975500E+03
 AMRCLAW: level  1  CFL = .255E+00  dt = 0.5000E+00  final t = 0.976000E+03
 AMRCLAW: level  1  CFL = .255E+00  dt = 0.5000E+00  final t = 0.976500E+03
 AMRCLAW: level  1  CFL = .255E+00  dt = 0.5000E+00  final t = 0.977000E+03
 AMRCLAW: level  1  CFL = .255E+00  dt = 0.5000E+00  final t = 0.977500E+03
 AMRCLAW: level  1  CFL = .255E+00  dt = 0.5000E+00  final t = 0.978000E+03
 AMRCLAW: level  1  CFL = .255E+00  dt = 0.5000E+00  final t = 0.978500E+03
 AMRCLAW: level  1  CFL = .255E+00  dt = 0.5000E+00  final t = 0.979000E+03
 AMRCLAW: level  1  CFL = .255E+00  dt = 0.5000E+00  final t = 0.979500E+03
 AMRCLAW: level  1  CFL = .255E+00  dt = 0.5000E+00  final t = 0.980000E+03
 AMRCLAW: level  1  CFL = .255E+00  dt = 0.5000E+00  final t = 0.980500E+03
 AMRCLAW: level  1  CFL = .255E+00  dt = 0.5000E+00  final t = 0.981000E+03
 AMRCLAW: level  1  CFL = .258E+00  dt = 0.5000E+00  final t = 0.981500E+03
 AMRCLAW: level  1  CFL = .261E+00  dt = 0.5000E+00  final t = 0.982000E+03
 AMRCLAW: level  1  CFL = .264E+00  dt = 0.5000E+00  final t = 0.982500E+03
 AMRCLAW: level  1  CFL = .267E+00  dt = 0.5000E+00  final t = 0.983000E+03
 AMRCLAW: level  1  CFL = .270E+00  dt = 0.5000E+00  final t = 0.983500E+03
 AMRCLAW: level  1  CFL = .273E+00  dt = 0.5000E+00  final t = 0.984000E+03
 AMRCLAW: level  1  CFL = .333E+00  dt = 0.5000E+00  final t = 0.984500E+03
 AMRCLAW: level  1  CFL = .333E+00  dt = 0.5000E+00  final t = 0.985000E+03
 AMRCLAW: level  1  CFL = .333E+00  dt = 0.5000E+00  final t = 0.985500E+03
 AMRCLAW: level  1  CFL = .333E+00  dt = 0.5000E+00  final t = 0.986000E+03
 AMRCLAW: level  1  CFL = .333E+00  dt = 0.5000E+00  final t = 0.986500E+03
 AMRCLAW: level  1  CFL = .333E+00  dt = 0.5000E+00  final t = 0.987000E+03
 AMRCLAW: level  1  CFL = .333E+00  dt = 0.5000E+00  final t = 0.987500E+03
 AMRCLAW: level  1  CFL = .333E+00  dt = 0.5000E+00  final t = 0.988000E+03
 AMRCLAW: level  1  CFL = .333E+00  dt = 0.5000E+00  final t = 0.988500E+03
 AMRCLAW: level  1  CFL = .333E+00  dt = 0.5000E+00  final t = 0.989000E+03
 AMRCLAW: level  1  CFL = .333E+00  dt = 0.5000E+00  final t = 0.989500E+03
 AMRCLAW: level  1  CFL = .256E+00  dt = 0.5000E+00  final t = 0.990000E+03
GEOCLAW: Frame   33 output files done at time t =  0.990000D+03

 AMRCLAW: level  1  CFL = .256E+00  dt = 0.5000E+00  final t = 0.990500E+03
 AMRCLAW: level  1  CFL = .256E+00  dt = 0.5000E+00  final t = 0.991000E+03
 AMRCLAW: level  1  CFL = .256E+00  dt = 0.5000E+00  final t = 0.991500E+03
 AMRCLAW: level  1  CFL = .256E+00  dt = 0.5000E+00  final t = 0.992000E+03
 AMRCLAW: level  1  CFL = .256E+00  dt = 0.5000E+00  final t = 0.992500E+03
 AMRCLAW: level  1  CFL = .256E+00  dt = 0.5000E+00  final t = 0.993000E+03
 AMRCLAW: level  1  CFL = .256E+00  dt = 0.5000E+00  final t = 0.993500E+03
 AMRCLAW: level  1  CFL = .257E+00  dt = 0.5000E+00  final t = 0.994000E+03
 AMRCLAW: level  1  CFL = .257E+00  dt = 0.5000E+00  final t = 0.994500E+03
 AMRCLAW: level  1  CFL = .257E+00  dt = 0.5000E+00  final t = 0.995000E+03
 AMRCLAW: level  1  CFL = .257E+00  dt = 0.5000E+00  final t = 0.995500E+03
 AMRCLAW: level  1  CFL = .257E+00  dt = 0.5000E+00  final t = 0.996000E+03
 AMRCLAW: level  1  CFL = .257E+00  dt = 0.5000E+00  final t = 0.996500E+03
 AMRCLAW: level  1  CFL = .257E+00  dt = 0.5000E+00  final t = 0.997000E+03
 AMRCLAW: level  1  CFL = .257E+00  dt = 0.5000E+00  final t = 0.997500E+03
 AMRCLAW: level  1  CFL = .257E+00  dt = 0.5000E+00  final t = 0.998000E+03
 AMRCLAW: level  1  CFL = .257E+00  dt = 0.5000E+00  final t = 0.998500E+03
 AMRCLAW: level  1  CFL = .257E+00  dt = 0.5000E+00  final t = 0.999000E+03
 AMRCLAW: level  1  CFL = .257E+00  dt = 0.5000E+00  final t = 0.999500E+03
 AMRCLAW: level  1  CFL = .257E+00  dt = 0.5000E+00  final t = 0.100000E+04
 AMRCLAW: level  1  CFL = .257E+00  dt = 0.5000E+00  final t = 0.100050E+04
 AMRCLAW: level  1  CFL = .257E+00  dt = 0.5000E+00  final t = 0.100100E+04
 AMRCLAW: level  1  CFL = .257E+00  dt = 0.5000E+00  final t = 0.100150E+04
 AMRCLAW: level  1  CFL = .257E+00  dt = 0.5000E+00  final t = 0.100200E+04
 AMRCLAW: level  1  CFL = .257E+00  dt = 0.5000E+00  final t = 0.100250E+04
 AMRCLAW: level  1  CFL = .257E+00  dt = 0.5000E+00  final t = 0.100300E+04
 AMRCLAW: level  1  CFL = .257E+00  dt = 0.5000E+00  final t = 0.100350E+04
 AMRCLAW: level  1  CFL = .257E+00  dt = 0.5000E+00  final t = 0.100400E+04
 AMRCLAW: level  1  CFL = .257E+00  dt = 0.5000E+00  final t = 0.100450E+04
 AMRCLAW: level  1  CFL = .257E+00  dt = 0.5000E+00  final t = 0.100500E+04
 AMRCLAW: level  1  CFL = .257E+00  dt = 0.5000E+00  final t = 0.100550E+04
 AMRCLAW: level  1  CFL = .257E+00  dt = 0.5000E+00  final t = 0.100600E+04
 AMRCLAW: level  1  CFL = .257E+00  dt = 0.5000E+00  final t = 0.100650E+04
 AMRCLAW: level  1  CFL = .258E+00  dt = 0.5000E+00  final t = 0.100700E+04
 AMRCLAW: level  1  CFL = .258E+00  dt = 0.5000E+00  final t = 0.100750E+04
 AMRCLAW: level  1  CFL = .258E+00  dt = 0.5000E+00  final t = 0.100800E+04
 AMRCLAW: level  1  CFL = .258E+00  dt = 0.5000E+00  final t = 0.100850E+04
 AMRCLAW: level  1  CFL = .258E+00  dt = 0.5000E+00  final t = 0.100900E+04
 AMRCLAW: level  1  CFL = .258E+00  dt = 0.5000E+00  final t = 0.100950E+04
 AMRCLAW: level  1  CFL = .258E+00  dt = 0.5000E+00  final t = 0.101000E+04
 AMRCLAW: level  1  CFL = .258E+00  dt = 0.5000E+00  final t = 0.101050E+04
 AMRCLAW: level  1  CFL = .258E+00  dt = 0.5000E+00  final t = 0.101100E+04
 AMRCLAW: level  1  CFL = .258E+00  dt = 0.5000E+00  final t = 0.101150E+04
 AMRCLAW: level  1  CFL = .258E+00  dt = 0.5000E+00  final t = 0.101200E+04
 AMRCLAW: level  1  CFL = .258E+00  dt = 0.5000E+00  final t = 0.101250E+04
 AMRCLAW: level  1  CFL = .258E+00  dt = 0.5000E+00  final t = 0.101300E+04
 AMRCLAW: level  1  CFL = .258E+00  dt = 0.5000E+00  final t = 0.101350E+04
 AMRCLAW: level  1  CFL = .259E+00  dt = 0.5000E+00  final t = 0.101400E+04
 AMRCLAW: level  1  CFL = .264E+00  dt = 0.5000E+00  final t = 0.101450E+04
 AMRCLAW: level  1  CFL = .258E+00  dt = 0.5000E+00  final t = 0.101500E+04
 AMRCLAW: level  1  CFL = .258E+00  dt = 0.5000E+00  final t = 0.101550E+04
 AMRCLAW: level  1  CFL = .258E+00  dt = 0.5000E+00  final t = 0.101600E+04
 AMRCLAW: level  1  CFL = .258E+00  dt = 0.5000E+00  final t = 0.101650E+04
 AMRCLAW: level  1  CFL = .258E+00  dt = 0.5000E+00  final t = 0.101700E+04
 AMRCLAW: level  1  CFL = .258E+00  dt = 0.5000E+00  final t = 0.101750E+04
 AMRCLAW: level  1  CFL = .258E+00  dt = 0.5000E+00  final t = 0.101800E+04
 AMRCLAW: level  1  CFL = .258E+00  dt = 0.5000E+00  final t = 0.101850E+04
 AMRCLAW: level  1  CFL = .258E+00  dt = 0.5000E+00  final t = 0.101900E+04
 AMRCLAW: level  1  CFL = .258E+00  dt = 0.5000E+00  final t = 0.101950E+04
 AMRCLAW: level  1  CFL = .258E+00  dt = 0.5000E+00  final t = 0.102000E+04
GEOCLAW: Frame   34 output files done at time t =  0.102000D+04

 AMRCLAW: level  1  CFL = .258E+00  dt = 0.5000E+00  final t = 0.102050E+04
 AMRCLAW: level  1  CFL = .259E+00  dt = 0.5000E+00  final t = 0.102100E+04
 AMRCLAW: level  1  CFL = .259E+00  dt = 0.5000E+00  final t = 0.102150E+04
 AMRCLAW: level  1  CFL = .259E+00  dt = 0.5000E+00  final t = 0.102200E+04
 AMRCLAW: level  1  CFL = .259E+00  dt = 0.5000E+00  final t = 0.102250E+04
 AMRCLAW: level  1  CFL = .259E+00  dt = 0.5000E+00  final t = 0.102300E+04
 AMRCLAW: level  1  CFL = .259E+00  dt = 0.5000E+00  final t = 0.102350E+04
 AMRCLAW: level  1  CFL = .259E+00  dt = 0.5000E+00  final t = 0.102400E+04
 AMRCLAW: level  1  CFL = .259E+00  dt = 0.5000E+00  final t = 0.102450E+04
 AMRCLAW: level  1  CFL = .259E+00  dt = 0.5000E+00  final t = 0.102500E+04
 AMRCLAW: level  1  CFL = .259E+00  dt = 0.5000E+00  final t = 0.102550E+04
 AMRCLAW: level  1  CFL = .259E+00  dt = 0.5000E+00  final t = 0.102600E+04
 AMRCLAW: level  1  CFL = .259E+00  dt = 0.5000E+00  final t = 0.102650E+04
 AMRCLAW: level  1  CFL = .259E+00  dt = 0.5000E+00  final t = 0.102700E+04
 AMRCLAW: level  1  CFL = .259E+00  dt = 0.5000E+00  final t = 0.102750E+04
 AMRCLAW: level  1  CFL = .259E+00  dt = 0.5000E+00  final t = 0.102800E+04
 AMRCLAW: level  1  CFL = .259E+00  dt = 0.5000E+00  final t = 0.102850E+04
 AMRCLAW: level  1  CFL = .259E+00  dt = 0.5000E+00  final t = 0.102900E+04
 AMRCLAW: level  1  CFL = .259E+00  dt = 0.5000E+00  final t = 0.102950E+04
 AMRCLAW: level  1  CFL = .259E+00  dt = 0.5000E+00  final t = 0.103000E+04
 AMRCLAW: level  1  CFL = .259E+00  dt = 0.5000E+00  final t = 0.103050E+04
 AMRCLAW: level  1  CFL = .259E+00  dt = 0.5000E+00  final t = 0.103100E+04
 AMRCLAW: level  1  CFL = .259E+00  dt = 0.5000E+00  final t = 0.103150E+04
 AMRCLAW: level  1  CFL = .259E+00  dt = 0.5000E+00  final t = 0.103200E+04
 AMRCLAW: level  1  CFL = .259E+00  dt = 0.5000E+00  final t = 0.103250E+04
 AMRCLAW: level  1  CFL = .259E+00  dt = 0.5000E+00  final t = 0.103300E+04
 AMRCLAW: level  1  CFL = .259E+00  dt = 0.5000E+00  final t = 0.103350E+04
 AMRCLAW: level  1  CFL = .259E+00  dt = 0.5000E+00  final t = 0.103400E+04
 AMRCLAW: level  1  CFL = .277E+00  dt = 0.5000E+00  final t = 0.103450E+04
 AMRCLAW: level  1  CFL = .259E+00  dt = 0.5000E+00  final t = 0.103500E+04
 AMRCLAW: level  1  CFL = .259E+00  dt = 0.5000E+00  final t = 0.103550E+04
 AMRCLAW: level  1  CFL = .259E+00  dt = 0.5000E+00  final t = 0.103600E+04
 AMRCLAW: level  1  CFL = .260E+00  dt = 0.5000E+00  final t = 0.103650E+04
 AMRCLAW: level  1  CFL = .260E+00  dt = 0.5000E+00  final t = 0.103700E+04
 AMRCLAW: level  1  CFL = .260E+00  dt = 0.5000E+00  final t = 0.103750E+04
 AMRCLAW: level  1  CFL = .260E+00  dt = 0.5000E+00  final t = 0.103800E+04
 AMRCLAW: level  1  CFL = .260E+00  dt = 0.5000E+00  final t = 0.103850E+04
 AMRCLAW: level  1  CFL = .260E+00  dt = 0.5000E+00  final t = 0.103900E+04
 AMRCLAW: level  1  CFL = .260E+00  dt = 0.5000E+00  final t = 0.103950E+04
 AMRCLAW: level  1  CFL = .260E+00  dt = 0.5000E+00  final t = 0.104000E+04
 AMRCLAW: level  1  CFL = .260E+00  dt = 0.5000E+00  final t = 0.104050E+04
 AMRCLAW: level  1  CFL = .260E+00  dt = 0.5000E+00  final t = 0.104100E+04
 AMRCLAW: level  1  CFL = .260E+00  dt = 0.5000E+00  final t = 0.104150E+04
 AMRCLAW: level  1  CFL = .260E+00  dt = 0.5000E+00  final t = 0.104200E+04
 AMRCLAW: level  1  CFL = .260E+00  dt = 0.5000E+00  final t = 0.104250E+04
 AMRCLAW: level  1  CFL = .260E+00  dt = 0.5000E+00  final t = 0.104300E+04
 AMRCLAW: level  1  CFL = .260E+00  dt = 0.5000E+00  final t = 0.104350E+04
 AMRCLAW: level  1  CFL = .260E+00  dt = 0.5000E+00  final t = 0.104400E+04
 AMRCLAW: level  1  CFL = .260E+00  dt = 0.5000E+00  final t = 0.104450E+04
 AMRCLAW: level  1  CFL = .260E+00  dt = 0.5000E+00  final t = 0.104500E+04
 AMRCLAW: level  1  CFL = .260E+00  dt = 0.5000E+00  final t = 0.104550E+04
 AMRCLAW: level  1  CFL = .260E+00  dt = 0.5000E+00  final t = 0.104600E+04
 AMRCLAW: level  1  CFL = .260E+00  dt = 0.5000E+00  final t = 0.104650E+04
 AMRCLAW: level  1  CFL = .260E+00  dt = 0.5000E+00  final t = 0.104700E+04
 AMRCLAW: level  1  CFL = .260E+00  dt = 0.5000E+00  final t = 0.104750E+04
 AMRCLAW: level  1  CFL = .260E+00  dt = 0.5000E+00  final t = 0.104800E+04
 AMRCLAW: level  1  CFL = .260E+00  dt = 0.5000E+00  final t = 0.104850E+04
 AMRCLAW: level  1  CFL = .260E+00  dt = 0.5000E+00  final t = 0.104900E+04
 AMRCLAW: level  1  CFL = .260E+00  dt = 0.5000E+00  final t = 0.104950E+04
 AMRCLAW: level  1  CFL = .260E+00  dt = 0.5000E+00  final t = 0.105000E+04
GEOCLAW: Frame   35 output files done at time t =  0.105000D+04

 AMRCLAW: level  1  CFL = .260E+00  dt = 0.5000E+00  final t = 0.105050E+04
 AMRCLAW: level  1  CFL = .260E+00  dt = 0.5000E+00  final t = 0.105100E+04
 AMRCLAW: level  1  CFL = .260E+00  dt = 0.5000E+00  final t = 0.105150E+04
 AMRCLAW: level  1  CFL = .260E+00  dt = 0.5000E+00  final t = 0.105200E+04
 AMRCLAW: level  1  CFL = .260E+00  dt = 0.5000E+00  final t = 0.105250E+04
 AMRCLAW: level  1  CFL = .260E+00  dt = 0.5000E+00  final t = 0.105300E+04
 AMRCLAW: level  1  CFL = .260E+00  dt = 0.5000E+00  final t = 0.105350E+04
 AMRCLAW: level  1  CFL = .260E+00  dt = 0.5000E+00  final t = 0.105400E+04
 AMRCLAW: level  1  CFL = .260E+00  dt = 0.5000E+00  final t = 0.105450E+04
 AMRCLAW: level  1  CFL = .260E+00  dt = 0.5000E+00  final t = 0.105500E+04
 AMRCLAW: level  1  CFL = .261E+00  dt = 0.5000E+00  final t = 0.105550E+04
 AMRCLAW: level  1  CFL = .261E+00  dt = 0.5000E+00  final t = 0.105600E+04
 AMRCLAW: level  1  CFL = .261E+00  dt = 0.5000E+00  final t = 0.105650E+04
 AMRCLAW: level  1  CFL = .261E+00  dt = 0.5000E+00  final t = 0.105700E+04
 AMRCLAW: level  1  CFL = .261E+00  dt = 0.5000E+00  final t = 0.105750E+04
 AMRCLAW: level  1  CFL = .261E+00  dt = 0.5000E+00  final t = 0.105800E+04
 AMRCLAW: level  1  CFL = .261E+00  dt = 0.5000E+00  final t = 0.105850E+04
 AMRCLAW: level  1  CFL = .261E+00  dt = 0.5000E+00  final t = 0.105900E+04
 AMRCLAW: level  1  CFL = .261E+00  dt = 0.5000E+00  final t = 0.105950E+04
 AMRCLAW: level  1  CFL = .261E+00  dt = 0.5000E+00  final t = 0.106000E+04
 AMRCLAW: level  1  CFL = .261E+00  dt = 0.5000E+00  final t = 0.106050E+04
 AMRCLAW: level  1  CFL = .261E+00  dt = 0.5000E+00  final t = 0.106100E+04
 AMRCLAW: level  1  CFL = .261E+00  dt = 0.5000E+00  final t = 0.106150E+04
 AMRCLAW: level  1  CFL = .261E+00  dt = 0.5000E+00  final t = 0.106200E+04
 AMRCLAW: level  1  CFL = .261E+00  dt = 0.5000E+00  final t = 0.106250E+04
 AMRCLAW: level  1  CFL = .261E+00  dt = 0.5000E+00  final t = 0.106300E+04
 AMRCLAW: level  1  CFL = .261E+00  dt = 0.5000E+00  final t = 0.106350E+04
 AMRCLAW: level  1  CFL = .261E+00  dt = 0.5000E+00  final t = 0.106400E+04
 AMRCLAW: level  1  CFL = .261E+00  dt = 0.5000E+00  final t = 0.106450E+04
 AMRCLAW: level  1  CFL = .261E+00  dt = 0.5000E+00  final t = 0.106500E+04
 AMRCLAW: level  1  CFL = .261E+00  dt = 0.5000E+00  final t = 0.106550E+04
 AMRCLAW: level  1  CFL = .261E+00  dt = 0.5000E+00  final t = 0.106600E+04
 AMRCLAW: level  1  CFL = .261E+00  dt = 0.5000E+00  final t = 0.106650E+04
 AMRCLAW: level  1  CFL = .261E+00  dt = 0.5000E+00  final t = 0.106700E+04
 AMRCLAW: level  1  CFL = .261E+00  dt = 0.5000E+00  final t = 0.106750E+04
 AMRCLAW: level  1  CFL = .261E+00  dt = 0.5000E+00  final t = 0.106800E+04
 AMRCLAW: level  1  CFL = .261E+00  dt = 0.5000E+00  final t = 0.106850E+04
 AMRCLAW: level  1  CFL = .261E+00  dt = 0.5000E+00  final t = 0.106900E+04
 AMRCLAW: level  1  CFL = .261E+00  dt = 0.5000E+00  final t = 0.106950E+04
 AMRCLAW: level  1  CFL = .261E+00  dt = 0.5000E+00  final t = 0.107000E+04
 AMRCLAW: level  1  CFL = .261E+00  dt = 0.5000E+00  final t = 0.107050E+04
 AMRCLAW: level  1  CFL = .261E+00  dt = 0.5000E+00  final t = 0.107100E+04
 AMRCLAW: level  1  CFL = .261E+00  dt = 0.5000E+00  final t = 0.107150E+04
 AMRCLAW: level  1  CFL = .261E+00  dt = 0.5000E+00  final t = 0.107200E+04
 AMRCLAW: level  1  CFL = .261E+00  dt = 0.5000E+00  final t = 0.107250E+04
 AMRCLAW: level  1  CFL = .261E+00  dt = 0.5000E+00  final t = 0.107300E+04
 AMRCLAW: level  1  CFL = .261E+00  dt = 0.5000E+00  final t = 0.107350E+04
 AMRCLAW: level  1  CFL = .261E+00  dt = 0.5000E+00  final t = 0.107400E+04
 AMRCLAW: level  1  CFL = .261E+00  dt = 0.5000E+00  final t = 0.107450E+04
 AMRCLAW: level  1  CFL = .261E+00  dt = 0.5000E+00  final t = 0.107500E+04
 AMRCLAW: level  1  CFL = .261E+00  dt = 0.5000E+00  final t = 0.107550E+04
 AMRCLAW: level  1  CFL = .261E+00  dt = 0.5000E+00  final t = 0.107600E+04
 AMRCLAW: level  1  CFL = .261E+00  dt = 0.5000E+00  final t = 0.107650E+04
 AMRCLAW: level  1  CFL = .261E+00  dt = 0.5000E+00  final t = 0.107700E+04
 AMRCLAW: level  1  CFL = .261E+00  dt = 0.5000E+00  final t = 0.107750E+04
 AMRCLAW: level  1  CFL = .261E+00  dt = 0.5000E+00  final t = 0.107800E+04
 AMRCLAW: level  1  CFL = .261E+00  dt = 0.5000E+00  final t = 0.107850E+04
 AMRCLAW: level  1  CFL = .261E+00  dt = 0.5000E+00  final t = 0.107900E+04
 AMRCLAW: level  1  CFL = .261E+00  dt = 0.5000E+00  final t = 0.107950E+04
 AMRCLAW: level  1  CFL = .261E+00  dt = 0.5000E+00  final t = 0.108000E+04
GEOCLAW: Frame   36 output files done at time t =  0.108000D+04

 AMRCLAW: level  1  CFL = .261E+00  dt = 0.5000E+00  final t = 0.108050E+04
 AMRCLAW: level  1  CFL = .261E+00  dt = 0.5000E+00  final t = 0.108100E+04
 AMRCLAW: level  1  CFL = .261E+00  dt = 0.5000E+00  final t = 0.108150E+04
 AMRCLAW: level  1  CFL = .261E+00  dt = 0.5000E+00  final t = 0.108200E+04
 AMRCLAW: level  1  CFL = .261E+00  dt = 0.5000E+00  final t = 0.108250E+04
 AMRCLAW: level  1  CFL = .261E+00  dt = 0.5000E+00  final t = 0.108300E+04
 AMRCLAW: level  1  CFL = .261E+00  dt = 0.5000E+00  final t = 0.108350E+04
 AMRCLAW: level  1  CFL = .261E+00  dt = 0.5000E+00  final t = 0.108400E+04
 AMRCLAW: level  1  CFL = .261E+00  dt = 0.5000E+00  final t = 0.108450E+04
 AMRCLAW: level  1  CFL = .261E+00  dt = 0.5000E+00  final t = 0.108500E+04
 AMRCLAW: level  1  CFL = .261E+00  dt = 0.5000E+00  final t = 0.108550E+04
 AMRCLAW: level  1  CFL = .261E+00  dt = 0.5000E+00  final t = 0.108600E+04
 AMRCLAW: level  1  CFL = .261E+00  dt = 0.5000E+00  final t = 0.108650E+04
 AMRCLAW: level  1  CFL = .261E+00  dt = 0.5000E+00  final t = 0.108700E+04
 AMRCLAW: level  1  CFL = .261E+00  dt = 0.5000E+00  final t = 0.108750E+04
 AMRCLAW: level  1  CFL = .261E+00  dt = 0.5000E+00  final t = 0.108800E+04
 AMRCLAW: level  1  CFL = .261E+00  dt = 0.5000E+00  final t = 0.108850E+04
 AMRCLAW: level  1  CFL = .261E+00  dt = 0.5000E+00  final t = 0.108900E+04
 AMRCLAW: level  1  CFL = .262E+00  dt = 0.5000E+00  final t = 0.108950E+04
 AMRCLAW: level  1  CFL = .262E+00  dt = 0.5000E+00  final t = 0.109000E+04
 AMRCLAW: level  1  CFL = .262E+00  dt = 0.5000E+00  final t = 0.109050E+04
 AMRCLAW: level  1  CFL = .262E+00  dt = 0.5000E+00  final t = 0.109100E+04
 AMRCLAW: level  1  CFL = .262E+00  dt = 0.5000E+00  final t = 0.109150E+04
 AMRCLAW: level  1  CFL = .262E+00  dt = 0.5000E+00  final t = 0.109200E+04
 AMRCLAW: level  1  CFL = .262E+00  dt = 0.5000E+00  final t = 0.109250E+04
 AMRCLAW: level  1  CFL = .262E+00  dt = 0.5000E+00  final t = 0.109300E+04
 AMRCLAW: level  1  CFL = .262E+00  dt = 0.5000E+00  final t = 0.109350E+04
 AMRCLAW: level  1  CFL = .262E+00  dt = 0.5000E+00  final t = 0.109400E+04
 AMRCLAW: level  1  CFL = .262E+00  dt = 0.5000E+00  final t = 0.109450E+04
 AMRCLAW: level  1  CFL = .263E+00  dt = 0.5000E+00  final t = 0.109500E+04
 AMRCLAW: level  1  CFL = .263E+00  dt = 0.5000E+00  final t = 0.109550E+04
 AMRCLAW: level  1  CFL = .263E+00  dt = 0.5000E+00  final t = 0.109600E+04
 AMRCLAW: level  1  CFL = .263E+00  dt = 0.5000E+00  final t = 0.109650E+04
 AMRCLAW: level  1  CFL = .270E+00  dt = 0.5000E+00  final t = 0.109700E+04
 AMRCLAW: level  1  CFL = .263E+00  dt = 0.5000E+00  final t = 0.109750E+04
 AMRCLAW: level  1  CFL = .263E+00  dt = 0.5000E+00  final t = 0.109800E+04
 AMRCLAW: level  1  CFL = .263E+00  dt = 0.5000E+00  final t = 0.109850E+04
 AMRCLAW: level  1  CFL = .263E+00  dt = 0.5000E+00  final t = 0.109900E+04
 AMRCLAW: level  1  CFL = .263E+00  dt = 0.5000E+00  final t = 0.109950E+04
 AMRCLAW: level  1  CFL = .263E+00  dt = 0.5000E+00  final t = 0.110000E+04
 AMRCLAW: level  1  CFL = .263E+00  dt = 0.5000E+00  final t = 0.110050E+04
 AMRCLAW: level  1  CFL = .263E+00  dt = 0.5000E+00  final t = 0.110100E+04
 AMRCLAW: level  1  CFL = .263E+00  dt = 0.5000E+00  final t = 0.110150E+04
 AMRCLAW: level  1  CFL = .263E+00  dt = 0.5000E+00  final t = 0.110200E+04
 AMRCLAW: level  1  CFL = .264E+00  dt = 0.5000E+00  final t = 0.110250E+04
 AMRCLAW: level  1  CFL = .264E+00  dt = 0.5000E+00  final t = 0.110300E+04
 AMRCLAW: level  1  CFL = .264E+00  dt = 0.5000E+00  final t = 0.110350E+04
 AMRCLAW: level  1  CFL = .264E+00  dt = 0.5000E+00  final t = 0.110400E+04
 AMRCLAW: level  1  CFL = .264E+00  dt = 0.5000E+00  final t = 0.110450E+04
 AMRCLAW: level  1  CFL = .264E+00  dt = 0.5000E+00  final t = 0.110500E+04
 AMRCLAW: level  1  CFL = .264E+00  dt = 0.5000E+00  final t = 0.110550E+04
 AMRCLAW: level  1  CFL = .264E+00  dt = 0.5000E+00  final t = 0.110600E+04
 AMRCLAW: level  1  CFL = .264E+00  dt = 0.5000E+00  final t = 0.110650E+04
 AMRCLAW: level  1  CFL = .264E+00  dt = 0.5000E+00  final t = 0.110700E+04
 AMRCLAW: level  1  CFL = .264E+00  dt = 0.5000E+00  final t = 0.110750E+04
 AMRCLAW: level  1  CFL = .264E+00  dt = 0.5000E+00  final t = 0.110800E+04
 AMRCLAW: level  1  CFL = .264E+00  dt = 0.5000E+00  final t = 0.110850E+04
 AMRCLAW: level  1  CFL = .264E+00  dt = 0.5000E+00  final t = 0.110900E+04
 AMRCLAW: level  1  CFL = .264E+00  dt = 0.5000E+00  final t = 0.110950E+04
 AMRCLAW: level  1  CFL = .264E+00  dt = 0.5000E+00  final t = 0.111000E+04
GEOCLAW: Frame   37 output files done at time t =  0.111000D+04

 AMRCLAW: level  1  CFL = .265E+00  dt = 0.5000E+00  final t = 0.111050E+04
 AMRCLAW: level  1  CFL = .265E+00  dt = 0.5000E+00  final t = 0.111100E+04
 AMRCLAW: level  1  CFL = .265E+00  dt = 0.5000E+00  final t = 0.111150E+04
 AMRCLAW: level  1  CFL = .265E+00  dt = 0.5000E+00  final t = 0.111200E+04
 AMRCLAW: level  1  CFL = .265E+00  dt = 0.5000E+00  final t = 0.111250E+04
 AMRCLAW: level  1  CFL = .265E+00  dt = 0.5000E+00  final t = 0.111300E+04
 AMRCLAW: level  1  CFL = .265E+00  dt = 0.5000E+00  final t = 0.111350E+04
 AMRCLAW: level  1  CFL = .265E+00  dt = 0.5000E+00  final t = 0.111400E+04
 AMRCLAW: level  1  CFL = .265E+00  dt = 0.5000E+00  final t = 0.111450E+04
 AMRCLAW: level  1  CFL = .265E+00  dt = 0.5000E+00  final t = 0.111500E+04
 AMRCLAW: level  1  CFL = .265E+00  dt = 0.5000E+00  final t = 0.111550E+04
 AMRCLAW: level  1  CFL = .265E+00  dt = 0.5000E+00  final t = 0.111600E+04
 AMRCLAW: level  1  CFL = .265E+00  dt = 0.5000E+00  final t = 0.111650E+04
 AMRCLAW: level  1  CFL = .265E+00  dt = 0.5000E+00  final t = 0.111700E+04
 AMRCLAW: level  1  CFL = .265E+00  dt = 0.5000E+00  final t = 0.111750E+04
 AMRCLAW: level  1  CFL = .265E+00  dt = 0.5000E+00  final t = 0.111800E+04
 AMRCLAW: level  1  CFL = .265E+00  dt = 0.5000E+00  final t = 0.111850E+04
 AMRCLAW: level  1  CFL = .266E+00  dt = 0.5000E+00  final t = 0.111900E+04
 AMRCLAW: level  1  CFL = .266E+00  dt = 0.5000E+00  final t = 0.111950E+04
 AMRCLAW: level  1  CFL = .266E+00  dt = 0.5000E+00  final t = 0.112000E+04
 AMRCLAW: level  1  CFL = .266E+00  dt = 0.5000E+00  final t = 0.112050E+04
 AMRCLAW: level  1  CFL = .266E+00  dt = 0.5000E+00  final t = 0.112100E+04
 AMRCLAW: level  1  CFL = .266E+00  dt = 0.5000E+00  final t = 0.112150E+04
 AMRCLAW: level  1  CFL = .266E+00  dt = 0.5000E+00  final t = 0.112200E+04
 AMRCLAW: level  1  CFL = .266E+00  dt = 0.5000E+00  final t = 0.112250E+04
 AMRCLAW: level  1  CFL = .266E+00  dt = 0.5000E+00  final t = 0.112300E+04
 AMRCLAW: level  1  CFL = .266E+00  dt = 0.5000E+00  final t = 0.112350E+04
 AMRCLAW: level  1  CFL = .266E+00  dt = 0.5000E+00  final t = 0.112400E+04
 AMRCLAW: level  1  CFL = .266E+00  dt = 0.5000E+00  final t = 0.112450E+04
 AMRCLAW: level  1  CFL = .266E+00  dt = 0.5000E+00  final t = 0.112500E+04
 AMRCLAW: level  1  CFL = .266E+00  dt = 0.5000E+00  final t = 0.112550E+04
 AMRCLAW: level  1  CFL = .266E+00  dt = 0.5000E+00  final t = 0.112600E+04
 AMRCLAW: level  1  CFL = .266E+00  dt = 0.5000E+00  final t = 0.112650E+04
 AMRCLAW: level  1  CFL = .266E+00  dt = 0.5000E+00  final t = 0.112700E+04
 AMRCLAW: level  1  CFL = .267E+00  dt = 0.5000E+00  final t = 0.112750E+04
 AMRCLAW: level  1  CFL = .267E+00  dt = 0.5000E+00  final t = 0.112800E+04
 AMRCLAW: level  1  CFL = .267E+00  dt = 0.5000E+00  final t = 0.112850E+04
 AMRCLAW: level  1  CFL = .267E+00  dt = 0.5000E+00  final t = 0.112900E+04
 AMRCLAW: level  1  CFL = .267E+00  dt = 0.5000E+00  final t = 0.112950E+04
 AMRCLAW: level  1  CFL = .267E+00  dt = 0.5000E+00  final t = 0.113000E+04
 AMRCLAW: level  1  CFL = .267E+00  dt = 0.5000E+00  final t = 0.113050E+04
 AMRCLAW: level  1  CFL = .267E+00  dt = 0.5000E+00  final t = 0.113100E+04
 AMRCLAW: level  1  CFL = .267E+00  dt = 0.5000E+00  final t = 0.113150E+04
 AMRCLAW: level  1  CFL = .267E+00  dt = 0.5000E+00  final t = 0.113200E+04
 AMRCLAW: level  1  CFL = .267E+00  dt = 0.5000E+00  final t = 0.113250E+04
 AMRCLAW: level  1  CFL = .267E+00  dt = 0.5000E+00  final t = 0.113300E+04
 AMRCLAW: level  1  CFL = .267E+00  dt = 0.5000E+00  final t = 0.113350E+04
 AMRCLAW: level  1  CFL = .267E+00  dt = 0.5000E+00  final t = 0.113400E+04
 AMRCLAW: level  1  CFL = .267E+00  dt = 0.5000E+00  final t = 0.113450E+04
 AMRCLAW: level  1  CFL = .267E+00  dt = 0.5000E+00  final t = 0.113500E+04
 AMRCLAW: level  1  CFL = .267E+00  dt = 0.5000E+00  final t = 0.113550E+04
 AMRCLAW: level  1  CFL = .267E+00  dt = 0.5000E+00  final t = 0.113600E+04
 AMRCLAW: level  1  CFL = .268E+00  dt = 0.5000E+00  final t = 0.113650E+04
 AMRCLAW: level  1  CFL = .268E+00  dt = 0.5000E+00  final t = 0.113700E+04
 AMRCLAW: level  1  CFL = .268E+00  dt = 0.5000E+00  final t = 0.113750E+04
 AMRCLAW: level  1  CFL = .268E+00  dt = 0.5000E+00  final t = 0.113800E+04
 AMRCLAW: level  1  CFL = .268E+00  dt = 0.5000E+00  final t = 0.113850E+04
 AMRCLAW: level  1  CFL = .268E+00  dt = 0.5000E+00  final t = 0.113900E+04
 AMRCLAW: level  1  CFL = .268E+00  dt = 0.5000E+00  final t = 0.113950E+04
 AMRCLAW: level  1  CFL = .268E+00  dt = 0.5000E+00  final t = 0.114000E+04
GEOCLAW: Frame   38 output files done at time t =  0.114000D+04

 AMRCLAW: level  1  CFL = .268E+00  dt = 0.5000E+00  final t = 0.114050E+04
 AMRCLAW: level  1  CFL = .268E+00  dt = 0.5000E+00  final t = 0.114100E+04
 AMRCLAW: level  1  CFL = .268E+00  dt = 0.5000E+00  final t = 0.114150E+04
 AMRCLAW: level  1  CFL = .268E+00  dt = 0.5000E+00  final t = 0.114200E+04
 AMRCLAW: level  1  CFL = .268E+00  dt = 0.5000E+00  final t = 0.114250E+04
 AMRCLAW: level  1  CFL = .268E+00  dt = 0.5000E+00  final t = 0.114300E+04
 AMRCLAW: level  1  CFL = .268E+00  dt = 0.5000E+00  final t = 0.114350E+04
 AMRCLAW: level  1  CFL = .268E+00  dt = 0.5000E+00  final t = 0.114400E+04
 AMRCLAW: level  1  CFL = .268E+00  dt = 0.5000E+00  final t = 0.114450E+04
 AMRCLAW: level  1  CFL = .268E+00  dt = 0.5000E+00  final t = 0.114500E+04
 AMRCLAW: level  1  CFL = .268E+00  dt = 0.5000E+00  final t = 0.114550E+04
 AMRCLAW: level  1  CFL = .268E+00  dt = 0.5000E+00  final t = 0.114600E+04
 AMRCLAW: level  1  CFL = .268E+00  dt = 0.5000E+00  final t = 0.114650E+04
 AMRCLAW: level  1  CFL = .269E+00  dt = 0.5000E+00  final t = 0.114700E+04
 AMRCLAW: level  1  CFL = .269E+00  dt = 0.5000E+00  final t = 0.114750E+04
 AMRCLAW: level  1  CFL = .269E+00  dt = 0.5000E+00  final t = 0.114800E+04
 AMRCLAW: level  1  CFL = .269E+00  dt = 0.5000E+00  final t = 0.114850E+04
 AMRCLAW: level  1  CFL = .269E+00  dt = 0.5000E+00  final t = 0.114900E+04
 AMRCLAW: level  1  CFL = .269E+00  dt = 0.5000E+00  final t = 0.114950E+04
 AMRCLAW: level  1  CFL = .269E+00  dt = 0.5000E+00  final t = 0.115000E+04
 AMRCLAW: level  1  CFL = .269E+00  dt = 0.5000E+00  final t = 0.115050E+04
 AMRCLAW: level  1  CFL = .269E+00  dt = 0.5000E+00  final t = 0.115100E+04
 AMRCLAW: level  1  CFL = .269E+00  dt = 0.5000E+00  final t = 0.115150E+04
 AMRCLAW: level  1  CFL = .269E+00  dt = 0.5000E+00  final t = 0.115200E+04
 AMRCLAW: level  1  CFL = .269E+00  dt = 0.5000E+00  final t = 0.115250E+04
 AMRCLAW: level  1  CFL = .269E+00  dt = 0.5000E+00  final t = 0.115300E+04
 AMRCLAW: level  1  CFL = .269E+00  dt = 0.5000E+00  final t = 0.115350E+04
 AMRCLAW: level  1  CFL = .269E+00  dt = 0.5000E+00  final t = 0.115400E+04
 AMRCLAW: level  1  CFL = .269E+00  dt = 0.5000E+00  final t = 0.115450E+04
 AMRCLAW: level  1  CFL = .269E+00  dt = 0.5000E+00  final t = 0.115500E+04
 AMRCLAW: level  1  CFL = .269E+00  dt = 0.5000E+00  final t = 0.115550E+04
 AMRCLAW: level  1  CFL = .269E+00  dt = 0.5000E+00  final t = 0.115600E+04
 AMRCLAW: level  1  CFL = .269E+00  dt = 0.5000E+00  final t = 0.115650E+04
 AMRCLAW: level  1  CFL = .269E+00  dt = 0.5000E+00  final t = 0.115700E+04
 AMRCLAW: level  1  CFL = .270E+00  dt = 0.5000E+00  final t = 0.115750E+04
 AMRCLAW: level  1  CFL = .270E+00  dt = 0.5000E+00  final t = 0.115800E+04
 AMRCLAW: level  1  CFL = .270E+00  dt = 0.5000E+00  final t = 0.115850E+04
 AMRCLAW: level  1  CFL = .270E+00  dt = 0.5000E+00  final t = 0.115900E+04
 AMRCLAW: level  1  CFL = .270E+00  dt = 0.5000E+00  final t = 0.115950E+04
 AMRCLAW: level  1  CFL = .270E+00  dt = 0.5000E+00  final t = 0.116000E+04
 AMRCLAW: level  1  CFL = .270E+00  dt = 0.5000E+00  final t = 0.116050E+04
 AMRCLAW: level  1  CFL = .270E+00  dt = 0.5000E+00  final t = 0.116100E+04
 AMRCLAW: level  1  CFL = .270E+00  dt = 0.5000E+00  final t = 0.116150E+04
 AMRCLAW: level  1  CFL = .270E+00  dt = 0.5000E+00  final t = 0.116200E+04
 AMRCLAW: level  1  CFL = .270E+00  dt = 0.5000E+00  final t = 0.116250E+04
 AMRCLAW: level  1  CFL = .270E+00  dt = 0.5000E+00  final t = 0.116300E+04
 AMRCLAW: level  1  CFL = .270E+00  dt = 0.5000E+00  final t = 0.116350E+04
 AMRCLAW: level  1  CFL = .270E+00  dt = 0.5000E+00  final t = 0.116400E+04
 AMRCLAW: level  1  CFL = .270E+00  dt = 0.5000E+00  final t = 0.116450E+04
 AMRCLAW: level  1  CFL = .270E+00  dt = 0.5000E+00  final t = 0.116500E+04
 AMRCLAW: level  1  CFL = .270E+00  dt = 0.5000E+00  final t = 0.116550E+04
 AMRCLAW: level  1  CFL = .270E+00  dt = 0.5000E+00  final t = 0.116600E+04
 AMRCLAW: level  1  CFL = .270E+00  dt = 0.5000E+00  final t = 0.116650E+04
 AMRCLAW: level  1  CFL = .270E+00  dt = 0.5000E+00  final t = 0.116700E+04
 AMRCLAW: level  1  CFL = .270E+00  dt = 0.5000E+00  final t = 0.116750E+04
 AMRCLAW: level  1  CFL = .270E+00  dt = 0.5000E+00  final t = 0.116800E+04
 AMRCLAW: level  1  CFL = .270E+00  dt = 0.5000E+00  final t = 0.116850E+04
 AMRCLAW: level  1  CFL = .271E+00  dt = 0.5000E+00  final t = 0.116900E+04
 AMRCLAW: level  1  CFL = .271E+00  dt = 0.5000E+00  final t = 0.116950E+04
 AMRCLAW: level  1  CFL = .271E+00  dt = 0.5000E+00  final t = 0.117000E+04
GEOCLAW: Frame   39 output files done at time t =  0.117000D+04

 AMRCLAW: level  1  CFL = .271E+00  dt = 0.5000E+00  final t = 0.117050E+04
 AMRCLAW: level  1  CFL = .271E+00  dt = 0.5000E+00  final t = 0.117100E+04
 AMRCLAW: level  1  CFL = .271E+00  dt = 0.5000E+00  final t = 0.117150E+04
 AMRCLAW: level  1  CFL = .271E+00  dt = 0.5000E+00  final t = 0.117200E+04
 AMRCLAW: level  1  CFL = .271E+00  dt = 0.5000E+00  final t = 0.117250E+04
 AMRCLAW: level  1  CFL = .271E+00  dt = 0.5000E+00  final t = 0.117300E+04
 AMRCLAW: level  1  CFL = .271E+00  dt = 0.5000E+00  final t = 0.117350E+04
 AMRCLAW: level  1  CFL = .271E+00  dt = 0.5000E+00  final t = 0.117400E+04
 AMRCLAW: level  1  CFL = .271E+00  dt = 0.5000E+00  final t = 0.117450E+04
 AMRCLAW: level  1  CFL = .271E+00  dt = 0.5000E+00  final t = 0.117500E+04
 AMRCLAW: level  1  CFL = .271E+00  dt = 0.5000E+00  final t = 0.117550E+04
 AMRCLAW: level  1  CFL = .271E+00  dt = 0.5000E+00  final t = 0.117600E+04
 AMRCLAW: level  1  CFL = .271E+00  dt = 0.5000E+00  final t = 0.117650E+04
 AMRCLAW: level  1  CFL = .271E+00  dt = 0.5000E+00  final t = 0.117700E+04
 AMRCLAW: level  1  CFL = .271E+00  dt = 0.5000E+00  final t = 0.117750E+04
 AMRCLAW: level  1  CFL = .271E+00  dt = 0.5000E+00  final t = 0.117800E+04
 AMRCLAW: level  1  CFL = .271E+00  dt = 0.5000E+00  final t = 0.117850E+04
 AMRCLAW: level  1  CFL = .271E+00  dt = 0.5000E+00  final t = 0.117900E+04
 AMRCLAW: level  1  CFL = .271E+00  dt = 0.5000E+00  final t = 0.117950E+04
 AMRCLAW: level  1  CFL = .271E+00  dt = 0.5000E+00  final t = 0.118000E+04
 AMRCLAW: level  1  CFL = .271E+00  dt = 0.5000E+00  final t = 0.118050E+04
 AMRCLAW: level  1  CFL = .271E+00  dt = 0.5000E+00  final t = 0.118100E+04
 AMRCLAW: level  1  CFL = .271E+00  dt = 0.5000E+00  final t = 0.118150E+04
 AMRCLAW: level  1  CFL = .271E+00  dt = 0.5000E+00  final t = 0.118200E+04
 AMRCLAW: level  1  CFL = .272E+00  dt = 0.5000E+00  final t = 0.118250E+04
 AMRCLAW: level  1  CFL = .272E+00  dt = 0.5000E+00  final t = 0.118300E+04
 AMRCLAW: level  1  CFL = .272E+00  dt = 0.5000E+00  final t = 0.118350E+04
 AMRCLAW: level  1  CFL = .272E+00  dt = 0.5000E+00  final t = 0.118400E+04
 AMRCLAW: level  1  CFL = .272E+00  dt = 0.5000E+00  final t = 0.118450E+04
 AMRCLAW: level  1  CFL = .272E+00  dt = 0.5000E+00  final t = 0.118500E+04
 AMRCLAW: level  1  CFL = .272E+00  dt = 0.5000E+00  final t = 0.118550E+04
 AMRCLAW: level  1  CFL = .272E+00  dt = 0.5000E+00  final t = 0.118600E+04
 AMRCLAW: level  1  CFL = .272E+00  dt = 0.5000E+00  final t = 0.118650E+04
 AMRCLAW: level  1  CFL = .272E+00  dt = 0.5000E+00  final t = 0.118700E+04
 AMRCLAW: level  1  CFL = .272E+00  dt = 0.5000E+00  final t = 0.118750E+04
 AMRCLAW: level  1  CFL = .272E+00  dt = 0.5000E+00  final t = 0.118800E+04
 AMRCLAW: level  1  CFL = .272E+00  dt = 0.5000E+00  final t = 0.118850E+04
 AMRCLAW: level  1  CFL = .272E+00  dt = 0.5000E+00  final t = 0.118900E+04
 AMRCLAW: level  1  CFL = .272E+00  dt = 0.5000E+00  final t = 0.118950E+04
 AMRCLAW: level  1  CFL = .272E+00  dt = 0.5000E+00  final t = 0.119000E+04
 AMRCLAW: level  1  CFL = .272E+00  dt = 0.5000E+00  final t = 0.119050E+04
 AMRCLAW: level  1  CFL = .272E+00  dt = 0.5000E+00  final t = 0.119100E+04
 AMRCLAW: level  1  CFL = .272E+00  dt = 0.5000E+00  final t = 0.119150E+04
 AMRCLAW: level  1  CFL = .272E+00  dt = 0.5000E+00  final t = 0.119200E+04
 AMRCLAW: level  1  CFL = .272E+00  dt = 0.5000E+00  final t = 0.119250E+04
 AMRCLAW: level  1  CFL = .272E+00  dt = 0.5000E+00  final t = 0.119300E+04
 AMRCLAW: level  1  CFL = .272E+00  dt = 0.5000E+00  final t = 0.119350E+04
 AMRCLAW: level  1  CFL = .272E+00  dt = 0.5000E+00  final t = 0.119400E+04
 AMRCLAW: level  1  CFL = .272E+00  dt = 0.5000E+00  final t = 0.119450E+04
 AMRCLAW: level  1  CFL = .272E+00  dt = 0.5000E+00  final t = 0.119500E+04
 AMRCLAW: level  1  CFL = .272E+00  dt = 0.5000E+00  final t = 0.119550E+04
 AMRCLAW: level  1  CFL = .272E+00  dt = 0.5000E+00  final t = 0.119600E+04
 AMRCLAW: level  1  CFL = .272E+00  dt = 0.5000E+00  final t = 0.119650E+04
 AMRCLAW: level  1  CFL = .272E+00  dt = 0.5000E+00  final t = 0.119700E+04
 AMRCLAW: level  1  CFL = .272E+00  dt = 0.5000E+00  final t = 0.119750E+04
 AMRCLAW: level  1  CFL = .272E+00  dt = 0.5000E+00  final t = 0.119800E+04
 AMRCLAW: level  1  CFL = .272E+00  dt = 0.5000E+00  final t = 0.119850E+04
 AMRCLAW: level  1  CFL = .272E+00  dt = 0.5000E+00  final t = 0.119900E+04
 AMRCLAW: level  1  CFL = .272E+00  dt = 0.5000E+00  final t = 0.119950E+04
 AMRCLAW: level  1  CFL = .272E+00  dt = 0.5000E+00  final t = 0.120000E+04
GEOCLAW: Frame   40 output files done at time t =  0.120000D+04

 AMRCLAW: level  1  CFL = .272E+00  dt = 0.5000E+00  final t = 0.120050E+04
 AMRCLAW: level  1  CFL = .272E+00  dt = 0.5000E+00  final t = 0.120100E+04
 AMRCLAW: level  1  CFL = .272E+00  dt = 0.5000E+00  final t = 0.120150E+04
 AMRCLAW: level  1  CFL = .272E+00  dt = 0.5000E+00  final t = 0.120200E+04
 AMRCLAW: level  1  CFL = .273E+00  dt = 0.5000E+00  final t = 0.120250E+04
 AMRCLAW: level  1  CFL = .273E+00  dt = 0.5000E+00  final t = 0.120300E+04
 AMRCLAW: level  1  CFL = .273E+00  dt = 0.5000E+00  final t = 0.120350E+04
 AMRCLAW: level  1  CFL = .273E+00  dt = 0.5000E+00  final t = 0.120400E+04
 AMRCLAW: level  1  CFL = .273E+00  dt = 0.5000E+00  final t = 0.120450E+04
 AMRCLAW: level  1  CFL = .273E+00  dt = 0.5000E+00  final t = 0.120500E+04
 AMRCLAW: level  1  CFL = .273E+00  dt = 0.5000E+00  final t = 0.120550E+04
 AMRCLAW: level  1  CFL = .273E+00  dt = 0.5000E+00  final t = 0.120600E+04
 AMRCLAW: level  1  CFL = .273E+00  dt = 0.5000E+00  final t = 0.120650E+04
 AMRCLAW: level  1  CFL = .273E+00  dt = 0.5000E+00  final t = 0.120700E+04
 AMRCLAW: level  1  CFL = .273E+00  dt = 0.5000E+00  final t = 0.120750E+04
 AMRCLAW: level  1  CFL = .273E+00  dt = 0.5000E+00  final t = 0.120800E+04
 AMRCLAW: level  1  CFL = .273E+00  dt = 0.5000E+00  final t = 0.120850E+04
 AMRCLAW: level  1  CFL = .273E+00  dt = 0.5000E+00  final t = 0.120900E+04
 AMRCLAW: level  1  CFL = .273E+00  dt = 0.5000E+00  final t = 0.120950E+04
 AMRCLAW: level  1  CFL = .273E+00  dt = 0.5000E+00  final t = 0.121000E+04
 AMRCLAW: level  1  CFL = .273E+00  dt = 0.5000E+00  final t = 0.121050E+04
 AMRCLAW: level  1  CFL = .273E+00  dt = 0.5000E+00  final t = 0.121100E+04
 AMRCLAW: level  1  CFL = .273E+00  dt = 0.5000E+00  final t = 0.121150E+04
 AMRCLAW: level  1  CFL = .273E+00  dt = 0.5000E+00  final t = 0.121200E+04
 AMRCLAW: level  1  CFL = .273E+00  dt = 0.5000E+00  final t = 0.121250E+04
 AMRCLAW: level  1  CFL = .273E+00  dt = 0.5000E+00  final t = 0.121300E+04
 AMRCLAW: level  1  CFL = .273E+00  dt = 0.5000E+00  final t = 0.121350E+04
 AMRCLAW: level  1  CFL = .273E+00  dt = 0.5000E+00  final t = 0.121400E+04
 AMRCLAW: level  1  CFL = .273E+00  dt = 0.5000E+00  final t = 0.121450E+04
 AMRCLAW: level  1  CFL = .273E+00  dt = 0.5000E+00  final t = 0.121500E+04
 AMRCLAW: level  1  CFL = .273E+00  dt = 0.5000E+00  final t = 0.121550E+04
 AMRCLAW: level  1  CFL = .273E+00  dt = 0.5000E+00  final t = 0.121600E+04
 AMRCLAW: level  1  CFL = .273E+00  dt = 0.5000E+00  final t = 0.121650E+04
 AMRCLAW: level  1  CFL = .273E+00  dt = 0.5000E+00  final t = 0.121700E+04
 AMRCLAW: level  1  CFL = .273E+00  dt = 0.5000E+00  final t = 0.121750E+04
 AMRCLAW: level  1  CFL = .273E+00  dt = 0.5000E+00  final t = 0.121800E+04
 AMRCLAW: level  1  CFL = .273E+00  dt = 0.5000E+00  final t = 0.121850E+04
 AMRCLAW: level  1  CFL = .273E+00  dt = 0.5000E+00  final t = 0.121900E+04
 AMRCLAW: level  1  CFL = .273E+00  dt = 0.5000E+00  final t = 0.121950E+04
 AMRCLAW: level  1  CFL = .273E+00  dt = 0.5000E+00  final t = 0.122000E+04
 AMRCLAW: level  1  CFL = .273E+00  dt = 0.5000E+00  final t = 0.122050E+04
 AMRCLAW: level  1  CFL = .273E+00  dt = 0.5000E+00  final t = 0.122100E+04
 AMRCLAW: level  1  CFL = .273E+00  dt = 0.5000E+00  final t = 0.122150E+04
 AMRCLAW: level  1  CFL = .273E+00  dt = 0.5000E+00  final t = 0.122200E+04
 AMRCLAW: level  1  CFL = .273E+00  dt = 0.5000E+00  final t = 0.122250E+04
 AMRCLAW: level  1  CFL = .273E+00  dt = 0.5000E+00  final t = 0.122300E+04
 AMRCLAW: level  1  CFL = .273E+00  dt = 0.5000E+00  final t = 0.122350E+04
 AMRCLAW: level  1  CFL = .273E+00  dt = 0.5000E+00  final t = 0.122400E+04
 AMRCLAW: level  1  CFL = .273E+00  dt = 0.5000E+00  final t = 0.122450E+04
 AMRCLAW: level  1  CFL = .273E+00  dt = 0.5000E+00  final t = 0.122500E+04
 AMRCLAW: level  1  CFL = .273E+00  dt = 0.5000E+00  final t = 0.122550E+04
 AMRCLAW: level  1  CFL = .273E+00  dt = 0.5000E+00  final t = 0.122600E+04
 AMRCLAW: level  1  CFL = .273E+00  dt = 0.5000E+00  final t = 0.122650E+04
 AMRCLAW: level  1  CFL = .273E+00  dt = 0.5000E+00  final t = 0.122700E+04
 AMRCLAW: level  1  CFL = .273E+00  dt = 0.5000E+00  final t = 0.122750E+04
 AMRCLAW: level  1  CFL = .273E+00  dt = 0.5000E+00  final t = 0.122800E+04
 AMRCLAW: level  1  CFL = .278E+00  dt = 0.5000E+00  final t = 0.122850E+04
 AMRCLAW: level  1  CFL = .272E+00  dt = 0.5000E+00  final t = 0.122900E+04
 AMRCLAW: level  1  CFL = .272E+00  dt = 0.5000E+00  final t = 0.122950E+04
 AMRCLAW: level  1  CFL = .272E+00  dt = 0.5000E+00  final t = 0.123000E+04
GEOCLAW: Frame   41 output files done at time t =  0.123000D+04

 AMRCLAW: level  1  CFL = .272E+00  dt = 0.5000E+00  final t = 0.123050E+04
 AMRCLAW: level  1  CFL = .272E+00  dt = 0.5000E+00  final t = 0.123100E+04
 AMRCLAW: level  1  CFL = .272E+00  dt = 0.5000E+00  final t = 0.123150E+04
 AMRCLAW: level  1  CFL = .272E+00  dt = 0.5000E+00  final t = 0.123200E+04
 AMRCLAW: level  1  CFL = .272E+00  dt = 0.5000E+00  final t = 0.123250E+04
 AMRCLAW: level  1  CFL = .272E+00  dt = 0.5000E+00  final t = 0.123300E+04
 AMRCLAW: level  1  CFL = .272E+00  dt = 0.5000E+00  final t = 0.123350E+04
 AMRCLAW: level  1  CFL = .272E+00  dt = 0.5000E+00  final t = 0.123400E+04
 AMRCLAW: level  1  CFL = .272E+00  dt = 0.5000E+00  final t = 0.123450E+04
 AMRCLAW: level  1  CFL = .272E+00  dt = 0.5000E+00  final t = 0.123500E+04
 AMRCLAW: level  1  CFL = .272E+00  dt = 0.5000E+00  final t = 0.123550E+04
 AMRCLAW: level  1  CFL = .272E+00  dt = 0.5000E+00  final t = 0.123600E+04
 AMRCLAW: level  1  CFL = .272E+00  dt = 0.5000E+00  final t = 0.123650E+04
 AMRCLAW: level  1  CFL = .272E+00  dt = 0.5000E+00  final t = 0.123700E+04
 AMRCLAW: level  1  CFL = .272E+00  dt = 0.5000E+00  final t = 0.123750E+04
 AMRCLAW: level  1  CFL = .272E+00  dt = 0.5000E+00  final t = 0.123800E+04
 AMRCLAW: level  1  CFL = .272E+00  dt = 0.5000E+00  final t = 0.123850E+04
 AMRCLAW: level  1  CFL = .272E+00  dt = 0.5000E+00  final t = 0.123900E+04
 AMRCLAW: level  1  CFL = .274E+00  dt = 0.5000E+00  final t = 0.123950E+04
 AMRCLAW: level  1  CFL = .278E+00  dt = 0.5000E+00  final t = 0.124000E+04
 AMRCLAW: level  1  CFL = .280E+00  dt = 0.5000E+00  final t = 0.124050E+04
 AMRCLAW: level  1  CFL = .281E+00  dt = 0.5000E+00  final t = 0.124100E+04
 AMRCLAW: level  1  CFL = .282E+00  dt = 0.5000E+00  final t = 0.124150E+04
 AMRCLAW: level  1  CFL = .284E+00  dt = 0.5000E+00  final t = 0.124200E+04
 AMRCLAW: level  1  CFL = .285E+00  dt = 0.5000E+00  final t = 0.124250E+04
 AMRCLAW: level  1  CFL = .287E+00  dt = 0.5000E+00  final t = 0.124300E+04
 AMRCLAW: level  1  CFL = .287E+00  dt = 0.5000E+00  final t = 0.124350E+04
 AMRCLAW: level  1  CFL = .287E+00  dt = 0.5000E+00  final t = 0.124400E+04
 AMRCLAW: level  1  CFL = .286E+00  dt = 0.5000E+00  final t = 0.124450E+04
 AMRCLAW: level  1  CFL = .285E+00  dt = 0.5000E+00  final t = 0.124500E+04
 AMRCLAW: level  1  CFL = .283E+00  dt = 0.5000E+00  final t = 0.124550E+04
 AMRCLAW: level  1  CFL = .281E+00  dt = 0.5000E+00  final t = 0.124600E+04
 AMRCLAW: level  1  CFL = .280E+00  dt = 0.5000E+00  final t = 0.124650E+04
 AMRCLAW: level  1  CFL = .278E+00  dt = 0.5000E+00  final t = 0.124700E+04
 AMRCLAW: level  1  CFL = .277E+00  dt = 0.5000E+00  final t = 0.124750E+04
 AMRCLAW: level  1  CFL = .275E+00  dt = 0.5000E+00  final t = 0.124800E+04
 AMRCLAW: level  1  CFL = .274E+00  dt = 0.5000E+00  final t = 0.124850E+04
 AMRCLAW: level  1  CFL = .273E+00  dt = 0.5000E+00  final t = 0.124900E+04
 AMRCLAW: level  1  CFL = .272E+00  dt = 0.5000E+00  final t = 0.124950E+04
 AMRCLAW: level  1  CFL = .272E+00  dt = 0.5000E+00  final t = 0.125000E+04
 AMRCLAW: level  1  CFL = .272E+00  dt = 0.5000E+00  final t = 0.125050E+04
 AMRCLAW: level  1  CFL = .272E+00  dt = 0.5000E+00  final t = 0.125100E+04
 AMRCLAW: level  1  CFL = .272E+00  dt = 0.5000E+00  final t = 0.125150E+04
 AMRCLAW: level  1  CFL = .272E+00  dt = 0.5000E+00  final t = 0.125200E+04
 AMRCLAW: level  1  CFL = .272E+00  dt = 0.5000E+00  final t = 0.125250E+04
 AMRCLAW: level  1  CFL = .272E+00  dt = 0.5000E+00  final t = 0.125300E+04
 AMRCLAW: level  1  CFL = .272E+00  dt = 0.5000E+00  final t = 0.125350E+04
 AMRCLAW: level  1  CFL = .272E+00  dt = 0.5000E+00  final t = 0.125400E+04
 AMRCLAW: level  1  CFL = .272E+00  dt = 0.5000E+00  final t = 0.125450E+04
 AMRCLAW: level  1  CFL = .272E+00  dt = 0.5000E+00  final t = 0.125500E+04
 AMRCLAW: level  1  CFL = .272E+00  dt = 0.5000E+00  final t = 0.125550E+04
 AMRCLAW: level  1  CFL = .272E+00  dt = 0.5000E+00  final t = 0.125600E+04
 AMRCLAW: level  1  CFL = .272E+00  dt = 0.5000E+00  final t = 0.125650E+04
 AMRCLAW: level  1  CFL = .272E+00  dt = 0.5000E+00  final t = 0.125700E+04
 AMRCLAW: level  1  CFL = .273E+00  dt = 0.5000E+00  final t = 0.125750E+04
 AMRCLAW: level  1  CFL = .272E+00  dt = 0.5000E+00  final t = 0.125800E+04
 AMRCLAW: level  1  CFL = .272E+00  dt = 0.5000E+00  final t = 0.125850E+04
 AMRCLAW: level  1  CFL = .272E+00  dt = 0.5000E+00  final t = 0.125900E+04
 AMRCLAW: level  1  CFL = .272E+00  dt = 0.5000E+00  final t = 0.125950E+04
 AMRCLAW: level  1  CFL = .272E+00  dt = 0.5000E+00  final t = 0.126000E+04
GEOCLAW: Frame   42 output files done at time t =  0.126000D+04

 AMRCLAW: level  1  CFL = .272E+00  dt = 0.5000E+00  final t = 0.126050E+04
 AMRCLAW: level  1  CFL = .273E+00  dt = 0.5000E+00  final t = 0.126100E+04
 AMRCLAW: level  1  CFL = .279E+00  dt = 0.5000E+00  final t = 0.126150E+04
 AMRCLAW: level  1  CFL = .283E+00  dt = 0.5000E+00  final t = 0.126200E+04
 AMRCLAW: level  1  CFL = .285E+00  dt = 0.5000E+00  final t = 0.126250E+04
 AMRCLAW: level  1  CFL = .285E+00  dt = 0.5000E+00  final t = 0.126300E+04
 AMRCLAW: level  1  CFL = .285E+00  dt = 0.5000E+00  final t = 0.126350E+04
 AMRCLAW: level  1  CFL = .285E+00  dt = 0.5000E+00  final t = 0.126400E+04
 AMRCLAW: level  1  CFL = .284E+00  dt = 0.5000E+00  final t = 0.126450E+04
 AMRCLAW: level  1  CFL = .283E+00  dt = 0.5000E+00  final t = 0.126500E+04
 AMRCLAW: level  1  CFL = .282E+00  dt = 0.5000E+00  final t = 0.126550E+04
 AMRCLAW: level  1  CFL = .282E+00  dt = 0.5000E+00  final t = 0.126600E+04
 AMRCLAW: level  1  CFL = .281E+00  dt = 0.5000E+00  final t = 0.126650E+04
 AMRCLAW: level  1  CFL = .281E+00  dt = 0.5000E+00  final t = 0.126700E+04
 AMRCLAW: level  1  CFL = .281E+00  dt = 0.5000E+00  final t = 0.126750E+04
 AMRCLAW: level  1  CFL = .281E+00  dt = 0.5000E+00  final t = 0.126800E+04
 AMRCLAW: level  1  CFL = .281E+00  dt = 0.5000E+00  final t = 0.126850E+04
 AMRCLAW: level  1  CFL = .282E+00  dt = 0.5000E+00  final t = 0.126900E+04
 AMRCLAW: level  1  CFL = .283E+00  dt = 0.5000E+00  final t = 0.126950E+04
 AMRCLAW: level  1  CFL = .284E+00  dt = 0.5000E+00  final t = 0.127000E+04
 AMRCLAW: level  1  CFL = .285E+00  dt = 0.5000E+00  final t = 0.127050E+04
 AMRCLAW: level  1  CFL = .286E+00  dt = 0.5000E+00  final t = 0.127100E+04
 AMRCLAW: level  1  CFL = .286E+00  dt = 0.5000E+00  final t = 0.127150E+04
 AMRCLAW: level  1  CFL = .287E+00  dt = 0.5000E+00  final t = 0.127200E+04
 AMRCLAW: level  1  CFL = .288E+00  dt = 0.5000E+00  final t = 0.127250E+04
 AMRCLAW: level  1  CFL = .288E+00  dt = 0.5000E+00  final t = 0.127300E+04
 AMRCLAW: level  1  CFL = .288E+00  dt = 0.5000E+00  final t = 0.127350E+04
 AMRCLAW: level  1  CFL = .287E+00  dt = 0.5000E+00  final t = 0.127400E+04
 AMRCLAW: level  1  CFL = .286E+00  dt = 0.5000E+00  final t = 0.127450E+04
 AMRCLAW: level  1  CFL = .285E+00  dt = 0.5000E+00  final t = 0.127500E+04
 AMRCLAW: level  1  CFL = .284E+00  dt = 0.5000E+00  final t = 0.127550E+04
 AMRCLAW: level  1  CFL = .282E+00  dt = 0.5000E+00  final t = 0.127600E+04
 AMRCLAW: level  1  CFL = .279E+00  dt = 0.5000E+00  final t = 0.127650E+04
 AMRCLAW: level  1  CFL = .275E+00  dt = 0.5000E+00  final t = 0.127700E+04
 AMRCLAW: level  1  CFL = .272E+00  dt = 0.5000E+00  final t = 0.127750E+04
 AMRCLAW: level  1  CFL = .272E+00  dt = 0.5000E+00  final t = 0.127800E+04
 AMRCLAW: level  1  CFL = .272E+00  dt = 0.5000E+00  final t = 0.127850E+04
 AMRCLAW: level  1  CFL = .272E+00  dt = 0.5000E+00  final t = 0.127900E+04
 AMRCLAW: level  1  CFL = .272E+00  dt = 0.5000E+00  final t = 0.127950E+04
 AMRCLAW: level  1  CFL = .272E+00  dt = 0.5000E+00  final t = 0.128000E+04
 AMRCLAW: level  1  CFL = .272E+00  dt = 0.5000E+00  final t = 0.128050E+04
 AMRCLAW: level  1  CFL = .272E+00  dt = 0.5000E+00  final t = 0.128100E+04
 AMRCLAW: level  1  CFL = .272E+00  dt = 0.5000E+00  final t = 0.128150E+04
 AMRCLAW: level  1  CFL = .272E+00  dt = 0.5000E+00  final t = 0.128200E+04
 AMRCLAW: level  1  CFL = .272E+00  dt = 0.5000E+00  final t = 0.128250E+04
 AMRCLAW: level  1  CFL = .272E+00  dt = 0.5000E+00  final t = 0.128300E+04
 AMRCLAW: level  1  CFL = .272E+00  dt = 0.5000E+00  final t = 0.128350E+04
 AMRCLAW: level  1  CFL = .272E+00  dt = 0.5000E+00  final t = 0.128400E+04
 AMRCLAW: level  1  CFL = .272E+00  dt = 0.5000E+00  final t = 0.128450E+04
 AMRCLAW: level  1  CFL = .272E+00  dt = 0.5000E+00  final t = 0.128500E+04
 AMRCLAW: level  1  CFL = .272E+00  dt = 0.5000E+00  final t = 0.128550E+04
 AMRCLAW: level  1  CFL = .272E+00  dt = 0.5000E+00  final t = 0.128600E+04
 AMRCLAW: level  1  CFL = .272E+00  dt = 0.5000E+00  final t = 0.128650E+04
 AMRCLAW: level  1  CFL = .272E+00  dt = 0.5000E+00  final t = 0.128700E+04
 AMRCLAW: level  1  CFL = .272E+00  dt = 0.5000E+00  final t = 0.128750E+04
 AMRCLAW: level  1  CFL = .272E+00  dt = 0.5000E+00  final t = 0.128800E+04
 AMRCLAW: level  1  CFL = .272E+00  dt = 0.5000E+00  final t = 0.128850E+04
 AMRCLAW: level  1  CFL = .272E+00  dt = 0.5000E+00  final t = 0.128900E+04
 AMRCLAW: level  1  CFL = .272E+00  dt = 0.5000E+00  final t = 0.128950E+04
 AMRCLAW: level  1  CFL = .272E+00  dt = 0.5000E+00  final t = 0.129000E+04
GEOCLAW: Frame   43 output files done at time t =  0.129000D+04

 AMRCLAW: level  1  CFL = .272E+00  dt = 0.5000E+00  final t = 0.129050E+04
 AMRCLAW: level  1  CFL = .272E+00  dt = 0.5000E+00  final t = 0.129100E+04
 AMRCLAW: level  1  CFL = .272E+00  dt = 0.5000E+00  final t = 0.129150E+04
 AMRCLAW: level  1  CFL = .272E+00  dt = 0.5000E+00  final t = 0.129200E+04
 AMRCLAW: level  1  CFL = .272E+00  dt = 0.5000E+00  final t = 0.129250E+04
 AMRCLAW: level  1  CFL = .272E+00  dt = 0.5000E+00  final t = 0.129300E+04
 AMRCLAW: level  1  CFL = .272E+00  dt = 0.5000E+00  final t = 0.129350E+04
 AMRCLAW: level  1  CFL = .272E+00  dt = 0.5000E+00  final t = 0.129400E+04
 AMRCLAW: level  1  CFL = .272E+00  dt = 0.5000E+00  final t = 0.129450E+04
 AMRCLAW: level  1  CFL = .272E+00  dt = 0.5000E+00  final t = 0.129500E+04
 AMRCLAW: level  1  CFL = .272E+00  dt = 0.5000E+00  final t = 0.129550E+04
 AMRCLAW: level  1  CFL = .272E+00  dt = 0.5000E+00  final t = 0.129600E+04
 AMRCLAW: level  1  CFL = .272E+00  dt = 0.5000E+00  final t = 0.129650E+04
 AMRCLAW: level  1  CFL = .271E+00  dt = 0.5000E+00  final t = 0.129700E+04
 AMRCLAW: level  1  CFL = .271E+00  dt = 0.5000E+00  final t = 0.129750E+04
 AMRCLAW: level  1  CFL = .271E+00  dt = 0.5000E+00  final t = 0.129800E+04
 AMRCLAW: level  1  CFL = .271E+00  dt = 0.5000E+00  final t = 0.129850E+04
 AMRCLAW: level  1  CFL = .271E+00  dt = 0.5000E+00  final t = 0.129900E+04
 AMRCLAW: level  1  CFL = .271E+00  dt = 0.5000E+00  final t = 0.129950E+04
 AMRCLAW: level  1  CFL = .271E+00  dt = 0.5000E+00  final t = 0.130000E+04
 AMRCLAW: level  1  CFL = .271E+00  dt = 0.5000E+00  final t = 0.130050E+04
 AMRCLAW: level  1  CFL = .271E+00  dt = 0.5000E+00  final t = 0.130100E+04
 AMRCLAW: level  1  CFL = .271E+00  dt = 0.5000E+00  final t = 0.130150E+04
 AMRCLAW: level  1  CFL = .271E+00  dt = 0.5000E+00  final t = 0.130200E+04
 AMRCLAW: level  1  CFL = .271E+00  dt = 0.5000E+00  final t = 0.130250E+04
 AMRCLAW: level  1  CFL = .271E+00  dt = 0.5000E+00  final t = 0.130300E+04
 AMRCLAW: level  1  CFL = .271E+00  dt = 0.5000E+00  final t = 0.130350E+04
 AMRCLAW: level  1  CFL = .271E+00  dt = 0.5000E+00  final t = 0.130400E+04
 AMRCLAW: level  1  CFL = .271E+00  dt = 0.5000E+00  final t = 0.130450E+04
 AMRCLAW: level  1  CFL = .271E+00  dt = 0.5000E+00  final t = 0.130500E+04
 AMRCLAW: level  1  CFL = .271E+00  dt = 0.5000E+00  final t = 0.130550E+04
 AMRCLAW: level  1  CFL = .271E+00  dt = 0.5000E+00  final t = 0.130600E+04
 AMRCLAW: level  1  CFL = .271E+00  dt = 0.5000E+00  final t = 0.130650E+04
 AMRCLAW: level  1  CFL = .271E+00  dt = 0.5000E+00  final t = 0.130700E+04
 AMRCLAW: level  1  CFL = .271E+00  dt = 0.5000E+00  final t = 0.130750E+04
 AMRCLAW: level  1  CFL = .271E+00  dt = 0.5000E+00  final t = 0.130800E+04
 AMRCLAW: level  1  CFL = .271E+00  dt = 0.5000E+00  final t = 0.130850E+04
 AMRCLAW: level  1  CFL = .271E+00  dt = 0.5000E+00  final t = 0.130900E+04
 AMRCLAW: level  1  CFL = .271E+00  dt = 0.5000E+00  final t = 0.130950E+04
 AMRCLAW: level  1  CFL = .271E+00  dt = 0.5000E+00  final t = 0.131000E+04
 AMRCLAW: level  1  CFL = .271E+00  dt = 0.5000E+00  final t = 0.131050E+04
 AMRCLAW: level  1  CFL = .271E+00  dt = 0.5000E+00  final t = 0.131100E+04
 AMRCLAW: level  1  CFL = .271E+00  dt = 0.5000E+00  final t = 0.131150E+04
 AMRCLAW: level  1  CFL = .271E+00  dt = 0.5000E+00  final t = 0.131200E+04
 AMRCLAW: level  1  CFL = .271E+00  dt = 0.5000E+00  final t = 0.131250E+04
 AMRCLAW: level  1  CFL = .271E+00  dt = 0.5000E+00  final t = 0.131300E+04
 AMRCLAW: level  1  CFL = .271E+00  dt = 0.5000E+00  final t = 0.131350E+04
 AMRCLAW: level  1  CFL = .271E+00  dt = 0.5000E+00  final t = 0.131400E+04
 AMRCLAW: level  1  CFL = .271E+00  dt = 0.5000E+00  final t = 0.131450E+04
 AMRCLAW: level  1  CFL = .271E+00  dt = 0.5000E+00  final t = 0.131500E+04
 AMRCLAW: level  1  CFL = .271E+00  dt = 0.5000E+00  final t = 0.131550E+04
 AMRCLAW: level  1  CFL = .271E+00  dt = 0.5000E+00  final t = 0.131600E+04
 AMRCLAW: level  1  CFL = .271E+00  dt = 0.5000E+00  final t = 0.131650E+04
 AMRCLAW: level  1  CFL = .271E+00  dt = 0.5000E+00  final t = 0.131700E+04
 AMRCLAW: level  1  CFL = .271E+00  dt = 0.5000E+00  final t = 0.131750E+04
 AMRCLAW: level  1  CFL = .271E+00  dt = 0.5000E+00  final t = 0.131800E+04
 AMRCLAW: level  1  CFL = .271E+00  dt = 0.5000E+00  final t = 0.131850E+04
 AMRCLAW: level  1  CFL = .271E+00  dt = 0.5000E+00  final t = 0.131900E+04
 AMRCLAW: level  1  CFL = .271E+00  dt = 0.5000E+00  final t = 0.131950E+04
 AMRCLAW: level  1  CFL = .271E+00  dt = 0.5000E+00  final t = 0.132000E+04
GEOCLAW: Frame   44 output files done at time t =  0.132000D+04

 AMRCLAW: level  1  CFL = .271E+00  dt = 0.5000E+00  final t = 0.132050E+04
 AMRCLAW: level  1  CFL = .271E+00  dt = 0.5000E+00  final t = 0.132100E+04
 AMRCLAW: level  1  CFL = .271E+00  dt = 0.5000E+00  final t = 0.132150E+04
 AMRCLAW: level  1  CFL = .271E+00  dt = 0.5000E+00  final t = 0.132200E+04
 AMRCLAW: level  1  CFL = .271E+00  dt = 0.5000E+00  final t = 0.132250E+04
 AMRCLAW: level  1  CFL = .271E+00  dt = 0.5000E+00  final t = 0.132300E+04
 AMRCLAW: level  1  CFL = .271E+00  dt = 0.5000E+00  final t = 0.132350E+04
 AMRCLAW: level  1  CFL = .271E+00  dt = 0.5000E+00  final t = 0.132400E+04
 AMRCLAW: level  1  CFL = .271E+00  dt = 0.5000E+00  final t = 0.132450E+04
 AMRCLAW: level  1  CFL = .271E+00  dt = 0.5000E+00  final t = 0.132500E+04
 AMRCLAW: level  1  CFL = .271E+00  dt = 0.5000E+00  final t = 0.132550E+04
 AMRCLAW: level  1  CFL = .271E+00  dt = 0.5000E+00  final t = 0.132600E+04
 AMRCLAW: level  1  CFL = .271E+00  dt = 0.5000E+00  final t = 0.132650E+04
 AMRCLAW: level  1  CFL = .271E+00  dt = 0.5000E+00  final t = 0.132700E+04
 AMRCLAW: level  1  CFL = .271E+00  dt = 0.5000E+00  final t = 0.132750E+04
 AMRCLAW: level  1  CFL = .271E+00  dt = 0.5000E+00  final t = 0.132800E+04
 AMRCLAW: level  1  CFL = .271E+00  dt = 0.5000E+00  final t = 0.132850E+04
 AMRCLAW: level  1  CFL = .271E+00  dt = 0.5000E+00  final t = 0.132900E+04
 AMRCLAW: level  1  CFL = .271E+00  dt = 0.5000E+00  final t = 0.132950E+04
 AMRCLAW: level  1  CFL = .271E+00  dt = 0.5000E+00  final t = 0.133000E+04
 AMRCLAW: level  1  CFL = .271E+00  dt = 0.5000E+00  final t = 0.133050E+04
 AMRCLAW: level  1  CFL = .271E+00  dt = 0.5000E+00  final t = 0.133100E+04
 AMRCLAW: level  1  CFL = .271E+00  dt = 0.5000E+00  final t = 0.133150E+04
 AMRCLAW: level  1  CFL = .271E+00  dt = 0.5000E+00  final t = 0.133200E+04
 AMRCLAW: level  1  CFL = .271E+00  dt = 0.5000E+00  final t = 0.133250E+04
 AMRCLAW: level  1  CFL = .271E+00  dt = 0.5000E+00  final t = 0.133300E+04
 AMRCLAW: level  1  CFL = .271E+00  dt = 0.5000E+00  final t = 0.133350E+04
 AMRCLAW: level  1  CFL = .271E+00  dt = 0.5000E+00  final t = 0.133400E+04
 AMRCLAW: level  1  CFL = .271E+00  dt = 0.5000E+00  final t = 0.133450E+04
 AMRCLAW: level  1  CFL = .271E+00  dt = 0.5000E+00  final t = 0.133500E+04
 AMRCLAW: level  1  CFL = .271E+00  dt = 0.5000E+00  final t = 0.133550E+04
 AMRCLAW: level  1  CFL = .271E+00  dt = 0.5000E+00  final t = 0.133600E+04
 AMRCLAW: level  1  CFL = .271E+00  dt = 0.5000E+00  final t = 0.133650E+04
 AMRCLAW: level  1  CFL = .271E+00  dt = 0.5000E+00  final t = 0.133700E+04
 AMRCLAW: level  1  CFL = .271E+00  dt = 0.5000E+00  final t = 0.133750E+04
 AMRCLAW: level  1  CFL = .271E+00  dt = 0.5000E+00  final t = 0.133800E+04
 AMRCLAW: level  1  CFL = .271E+00  dt = 0.5000E+00  final t = 0.133850E+04
 AMRCLAW: level  1  CFL = .271E+00  dt = 0.5000E+00  final t = 0.133900E+04
 AMRCLAW: level  1  CFL = .271E+00  dt = 0.5000E+00  final t = 0.133950E+04
 AMRCLAW: level  1  CFL = .271E+00  dt = 0.5000E+00  final t = 0.134000E+04
 AMRCLAW: level  1  CFL = .271E+00  dt = 0.5000E+00  final t = 0.134050E+04
 AMRCLAW: level  1  CFL = .271E+00  dt = 0.5000E+00  final t = 0.134100E+04
 AMRCLAW: level  1  CFL = .271E+00  dt = 0.5000E+00  final t = 0.134150E+04
 AMRCLAW: level  1  CFL = .271E+00  dt = 0.5000E+00  final t = 0.134200E+04
 AMRCLAW: level  1  CFL = .271E+00  dt = 0.5000E+00  final t = 0.134250E+04
 AMRCLAW: level  1  CFL = .271E+00  dt = 0.5000E+00  final t = 0.134300E+04
 AMRCLAW: level  1  CFL = .271E+00  dt = 0.5000E+00  final t = 0.134350E+04
 AMRCLAW: level  1  CFL = .271E+00  dt = 0.5000E+00  final t = 0.134400E+04
 AMRCLAW: level  1  CFL = .271E+00  dt = 0.5000E+00  final t = 0.134450E+04
 AMRCLAW: level  1  CFL = .271E+00  dt = 0.5000E+00  final t = 0.134500E+04
 AMRCLAW: level  1  CFL = .271E+00  dt = 0.5000E+00  final t = 0.134550E+04
 AMRCLAW: level  1  CFL = .271E+00  dt = 0.5000E+00  final t = 0.134600E+04
 AMRCLAW: level  1  CFL = .271E+00  dt = 0.5000E+00  final t = 0.134650E+04
 AMRCLAW: level  1  CFL = .271E+00  dt = 0.5000E+00  final t = 0.134700E+04
 AMRCLAW: level  1  CFL = .271E+00  dt = 0.5000E+00  final t = 0.134750E+04
 AMRCLAW: level  1  CFL = .271E+00  dt = 0.5000E+00  final t = 0.134800E+04
 AMRCLAW: level  1  CFL = .271E+00  dt = 0.5000E+00  final t = 0.134850E+04
 AMRCLAW: level  1  CFL = .271E+00  dt = 0.5000E+00  final t = 0.134900E+04
 AMRCLAW: level  1  CFL = .271E+00  dt = 0.5000E+00  final t = 0.134950E+04
 AMRCLAW: level  1  CFL = .271E+00  dt = 0.5000E+00  final t = 0.135000E+04
GEOCLAW: Frame   45 output files done at time t =  0.135000D+04

 AMRCLAW: level  1  CFL = .271E+00  dt = 0.5000E+00  final t = 0.135050E+04
 AMRCLAW: level  1  CFL = .271E+00  dt = 0.5000E+00  final t = 0.135100E+04
 AMRCLAW: level  1  CFL = .271E+00  dt = 0.5000E+00  final t = 0.135150E+04
 AMRCLAW: level  1  CFL = .271E+00  dt = 0.5000E+00  final t = 0.135200E+04
 AMRCLAW: level  1  CFL = .271E+00  dt = 0.5000E+00  final t = 0.135250E+04
 AMRCLAW: level  1  CFL = .271E+00  dt = 0.5000E+00  final t = 0.135300E+04
 AMRCLAW: level  1  CFL = .271E+00  dt = 0.5000E+00  final t = 0.135350E+04
 AMRCLAW: level  1  CFL = .271E+00  dt = 0.5000E+00  final t = 0.135400E+04
 AMRCLAW: level  1  CFL = .271E+00  dt = 0.5000E+00  final t = 0.135450E+04
 AMRCLAW: level  1  CFL = .271E+00  dt = 0.5000E+00  final t = 0.135500E+04
 AMRCLAW: level  1  CFL = .271E+00  dt = 0.5000E+00  final t = 0.135550E+04
 AMRCLAW: level  1  CFL = .271E+00  dt = 0.5000E+00  final t = 0.135600E+04
 AMRCLAW: level  1  CFL = .271E+00  dt = 0.5000E+00  final t = 0.135650E+04
 AMRCLAW: level  1  CFL = .271E+00  dt = 0.5000E+00  final t = 0.135700E+04
 AMRCLAW: level  1  CFL = .271E+00  dt = 0.5000E+00  final t = 0.135750E+04
 AMRCLAW: level  1  CFL = .271E+00  dt = 0.5000E+00  final t = 0.135800E+04
 AMRCLAW: level  1  CFL = .271E+00  dt = 0.5000E+00  final t = 0.135850E+04
 AMRCLAW: level  1  CFL = .271E+00  dt = 0.5000E+00  final t = 0.135900E+04
 AMRCLAW: level  1  CFL = .271E+00  dt = 0.5000E+00  final t = 0.135950E+04
 AMRCLAW: level  1  CFL = .271E+00  dt = 0.5000E+00  final t = 0.136000E+04
 AMRCLAW: level  1  CFL = .271E+00  dt = 0.5000E+00  final t = 0.136050E+04
 AMRCLAW: level  1  CFL = .271E+00  dt = 0.5000E+00  final t = 0.136100E+04
 AMRCLAW: level  1  CFL = .271E+00  dt = 0.5000E+00  final t = 0.136150E+04
 AMRCLAW: level  1  CFL = .271E+00  dt = 0.5000E+00  final t = 0.136200E+04
 AMRCLAW: level  1  CFL = .270E+00  dt = 0.5000E+00  final t = 0.136250E+04
 AMRCLAW: level  1  CFL = .270E+00  dt = 0.5000E+00  final t = 0.136300E+04
 AMRCLAW: level  1  CFL = .270E+00  dt = 0.5000E+00  final t = 0.136350E+04
 AMRCLAW: level  1  CFL = .270E+00  dt = 0.5000E+00  final t = 0.136400E+04
 AMRCLAW: level  1  CFL = .270E+00  dt = 0.5000E+00  final t = 0.136450E+04
 AMRCLAW: level  1  CFL = .270E+00  dt = 0.5000E+00  final t = 0.136500E+04
 AMRCLAW: level  1  CFL = .270E+00  dt = 0.5000E+00  final t = 0.136550E+04
 AMRCLAW: level  1  CFL = .270E+00  dt = 0.5000E+00  final t = 0.136600E+04
 AMRCLAW: level  1  CFL = .270E+00  dt = 0.5000E+00  final t = 0.136650E+04
 AMRCLAW: level  1  CFL = .270E+00  dt = 0.5000E+00  final t = 0.136700E+04
 AMRCLAW: level  1  CFL = .270E+00  dt = 0.5000E+00  final t = 0.136750E+04
 AMRCLAW: level  1  CFL = .270E+00  dt = 0.5000E+00  final t = 0.136800E+04
 AMRCLAW: level  1  CFL = .270E+00  dt = 0.5000E+00  final t = 0.136850E+04
 AMRCLAW: level  1  CFL = .270E+00  dt = 0.5000E+00  final t = 0.136900E+04
 AMRCLAW: level  1  CFL = .270E+00  dt = 0.5000E+00  final t = 0.136950E+04
 AMRCLAW: level  1  CFL = .270E+00  dt = 0.5000E+00  final t = 0.137000E+04
 AMRCLAW: level  1  CFL = .270E+00  dt = 0.5000E+00  final t = 0.137050E+04
 AMRCLAW: level  1  CFL = .270E+00  dt = 0.5000E+00  final t = 0.137100E+04
 AMRCLAW: level  1  CFL = .270E+00  dt = 0.5000E+00  final t = 0.137150E+04
 AMRCLAW: level  1  CFL = .270E+00  dt = 0.5000E+00  final t = 0.137200E+04
 AMRCLAW: level  1  CFL = .270E+00  dt = 0.5000E+00  final t = 0.137250E+04
 AMRCLAW: level  1  CFL = .270E+00  dt = 0.5000E+00  final t = 0.137300E+04
 AMRCLAW: level  1  CFL = .270E+00  dt = 0.5000E+00  final t = 0.137350E+04
 AMRCLAW: level  1  CFL = .270E+00  dt = 0.5000E+00  final t = 0.137400E+04
 AMRCLAW: level  1  CFL = .270E+00  dt = 0.5000E+00  final t = 0.137450E+04
 AMRCLAW: level  1  CFL = .270E+00  dt = 0.5000E+00  final t = 0.137500E+04
 AMRCLAW: level  1  CFL = .270E+00  dt = 0.5000E+00  final t = 0.137550E+04
 AMRCLAW: level  1  CFL = .270E+00  dt = 0.5000E+00  final t = 0.137600E+04
 AMRCLAW: level  1  CFL = .270E+00  dt = 0.5000E+00  final t = 0.137650E+04
 AMRCLAW: level  1  CFL = .270E+00  dt = 0.5000E+00  final t = 0.137700E+04
 AMRCLAW: level  1  CFL = .270E+00  dt = 0.5000E+00  final t = 0.137750E+04
 AMRCLAW: level  1  CFL = .270E+00  dt = 0.5000E+00  final t = 0.137800E+04
 AMRCLAW: level  1  CFL = .270E+00  dt = 0.5000E+00  final t = 0.137850E+04
 AMRCLAW: level  1  CFL = .270E+00  dt = 0.5000E+00  final t = 0.137900E+04
 AMRCLAW: level  1  CFL = .270E+00  dt = 0.5000E+00  final t = 0.137950E+04
 AMRCLAW: level  1  CFL = .270E+00  dt = 0.5000E+00  final t = 0.138000E+04
GEOCLAW: Frame   46 output files done at time t =  0.138000D+04

 AMRCLAW: level  1  CFL = .270E+00  dt = 0.5000E+00  final t = 0.138050E+04
 AMRCLAW: level  1  CFL = .270E+00  dt = 0.5000E+00  final t = 0.138100E+04
 AMRCLAW: level  1  CFL = .270E+00  dt = 0.5000E+00  final t = 0.138150E+04
 AMRCLAW: level  1  CFL = .270E+00  dt = 0.5000E+00  final t = 0.138200E+04
 AMRCLAW: level  1  CFL = .270E+00  dt = 0.5000E+00  final t = 0.138250E+04
 AMRCLAW: level  1  CFL = .270E+00  dt = 0.5000E+00  final t = 0.138300E+04
 AMRCLAW: level  1  CFL = .270E+00  dt = 0.5000E+00  final t = 0.138350E+04
 AMRCLAW: level  1  CFL = .270E+00  dt = 0.5000E+00  final t = 0.138400E+04
 AMRCLAW: level  1  CFL = .272E+00  dt = 0.5000E+00  final t = 0.138450E+04
 AMRCLAW: level  1  CFL = .279E+00  dt = 0.5000E+00  final t = 0.138500E+04
 AMRCLAW: level  1  CFL = .286E+00  dt = 0.5000E+00  final t = 0.138550E+04
 AMRCLAW: level  1  CFL = .293E+00  dt = 0.5000E+00  final t = 0.138600E+04
 AMRCLAW: level  1  CFL = .270E+00  dt = 0.5000E+00  final t = 0.138650E+04
 AMRCLAW: level  1  CFL = .270E+00  dt = 0.5000E+00  final t = 0.138700E+04
 AMRCLAW: level  1  CFL = .270E+00  dt = 0.5000E+00  final t = 0.138750E+04
 AMRCLAW: level  1  CFL = .270E+00  dt = 0.5000E+00  final t = 0.138800E+04
 AMRCLAW: level  1  CFL = .270E+00  dt = 0.5000E+00  final t = 0.138850E+04
 AMRCLAW: level  1  CFL = .270E+00  dt = 0.5000E+00  final t = 0.138900E+04
 AMRCLAW: level  1  CFL = .270E+00  dt = 0.5000E+00  final t = 0.138950E+04
 AMRCLAW: level  1  CFL = .270E+00  dt = 0.5000E+00  final t = 0.139000E+04
 AMRCLAW: level  1  CFL = .270E+00  dt = 0.5000E+00  final t = 0.139050E+04
 AMRCLAW: level  1  CFL = .270E+00  dt = 0.5000E+00  final t = 0.139100E+04
 AMRCLAW: level  1  CFL = .270E+00  dt = 0.5000E+00  final t = 0.139150E+04
 AMRCLAW: level  1  CFL = .270E+00  dt = 0.5000E+00  final t = 0.139200E+04
 AMRCLAW: level  1  CFL = .270E+00  dt = 0.5000E+00  final t = 0.139250E+04
 AMRCLAW: level  1  CFL = .270E+00  dt = 0.5000E+00  final t = 0.139300E+04
 AMRCLAW: level  1  CFL = .270E+00  dt = 0.5000E+00  final t = 0.139350E+04
 AMRCLAW: level  1  CFL = .270E+00  dt = 0.5000E+00  final t = 0.139400E+04
 AMRCLAW: level  1  CFL = .270E+00  dt = 0.5000E+00  final t = 0.139450E+04
 AMRCLAW: level  1  CFL = .270E+00  dt = 0.5000E+00  final t = 0.139500E+04
 AMRCLAW: level  1  CFL = .270E+00  dt = 0.5000E+00  final t = 0.139550E+04
 AMRCLAW: level  1  CFL = .270E+00  dt = 0.5000E+00  final t = 0.139600E+04
 AMRCLAW: level  1  CFL = .270E+00  dt = 0.5000E+00  final t = 0.139650E+04
 AMRCLAW: level  1  CFL = .270E+00  dt = 0.5000E+00  final t = 0.139700E+04
 AMRCLAW: level  1  CFL = .270E+00  dt = 0.5000E+00  final t = 0.139750E+04
 AMRCLAW: level  1  CFL = .270E+00  dt = 0.5000E+00  final t = 0.139800E+04
 AMRCLAW: level  1  CFL = .270E+00  dt = 0.5000E+00  final t = 0.139850E+04
 AMRCLAW: level  1  CFL = .270E+00  dt = 0.5000E+00  final t = 0.139900E+04
 AMRCLAW: level  1  CFL = .270E+00  dt = 0.5000E+00  final t = 0.139950E+04
 AMRCLAW: level  1  CFL = .270E+00  dt = 0.5000E+00  final t = 0.140000E+04
 AMRCLAW: level  1  CFL = .270E+00  dt = 0.5000E+00  final t = 0.140050E+04
 AMRCLAW: level  1  CFL = .270E+00  dt = 0.5000E+00  final t = 0.140100E+04
 AMRCLAW: level  1  CFL = .270E+00  dt = 0.5000E+00  final t = 0.140150E+04
 AMRCLAW: level  1  CFL = .270E+00  dt = 0.5000E+00  final t = 0.140200E+04
 AMRCLAW: level  1  CFL = .270E+00  dt = 0.5000E+00  final t = 0.140250E+04
 AMRCLAW: level  1  CFL = .270E+00  dt = 0.5000E+00  final t = 0.140300E+04
 AMRCLAW: level  1  CFL = .270E+00  dt = 0.5000E+00  final t = 0.140350E+04
 AMRCLAW: level  1  CFL = .270E+00  dt = 0.5000E+00  final t = 0.140400E+04
 AMRCLAW: level  1  CFL = .270E+00  dt = 0.5000E+00  final t = 0.140450E+04
 AMRCLAW: level  1  CFL = .270E+00  dt = 0.5000E+00  final t = 0.140500E+04
 AMRCLAW: level  1  CFL = .270E+00  dt = 0.5000E+00  final t = 0.140550E+04
 AMRCLAW: level  1  CFL = .270E+00  dt = 0.5000E+00  final t = 0.140600E+04
 AMRCLAW: level  1  CFL = .270E+00  dt = 0.5000E+00  final t = 0.140650E+04
 AMRCLAW: level  1  CFL = .270E+00  dt = 0.5000E+00  final t = 0.140700E+04
 AMRCLAW: level  1  CFL = .270E+00  dt = 0.5000E+00  final t = 0.140750E+04
 AMRCLAW: level  1  CFL = .270E+00  dt = 0.5000E+00  final t = 0.140800E+04
 AMRCLAW: level  1  CFL = .270E+00  dt = 0.5000E+00  final t = 0.140850E+04
 AMRCLAW: level  1  CFL = .270E+00  dt = 0.5000E+00  final t = 0.140900E+04
 AMRCLAW: level  1  CFL = .270E+00  dt = 0.5000E+00  final t = 0.140950E+04
 AMRCLAW: level  1  CFL = .270E+00  dt = 0.5000E+00  final t = 0.141000E+04
GEOCLAW: Frame   47 output files done at time t =  0.141000D+04

 AMRCLAW: level  1  CFL = .270E+00  dt = 0.5000E+00  final t = 0.141050E+04
 AMRCLAW: level  1  CFL = .270E+00  dt = 0.5000E+00  final t = 0.141100E+04
 AMRCLAW: level  1  CFL = .270E+00  dt = 0.5000E+00  final t = 0.141150E+04
 AMRCLAW: level  1  CFL = .270E+00  dt = 0.5000E+00  final t = 0.141200E+04
 AMRCLAW: level  1  CFL = .270E+00  dt = 0.5000E+00  final t = 0.141250E+04
 AMRCLAW: level  1  CFL = .270E+00  dt = 0.5000E+00  final t = 0.141300E+04
 AMRCLAW: level  1  CFL = .270E+00  dt = 0.5000E+00  final t = 0.141350E+04
 AMRCLAW: level  1  CFL = .270E+00  dt = 0.5000E+00  final t = 0.141400E+04
 AMRCLAW: level  1  CFL = .270E+00  dt = 0.5000E+00  final t = 0.141450E+04
 AMRCLAW: level  1  CFL = .269E+00  dt = 0.5000E+00  final t = 0.141500E+04
 AMRCLAW: level  1  CFL = .269E+00  dt = 0.5000E+00  final t = 0.141550E+04
 AMRCLAW: level  1  CFL = .269E+00  dt = 0.5000E+00  final t = 0.141600E+04
 AMRCLAW: level  1  CFL = .269E+00  dt = 0.5000E+00  final t = 0.141650E+04
 AMRCLAW: level  1  CFL = .269E+00  dt = 0.5000E+00  final t = 0.141700E+04
 AMRCLAW: level  1  CFL = .269E+00  dt = 0.5000E+00  final t = 0.141750E+04
 AMRCLAW: level  1  CFL = .269E+00  dt = 0.5000E+00  final t = 0.141800E+04
 AMRCLAW: level  1  CFL = .269E+00  dt = 0.5000E+00  final t = 0.141850E+04
 AMRCLAW: level  1  CFL = .269E+00  dt = 0.5000E+00  final t = 0.141900E+04
 AMRCLAW: level  1  CFL = .269E+00  dt = 0.5000E+00  final t = 0.141950E+04
 AMRCLAW: level  1  CFL = .269E+00  dt = 0.5000E+00  final t = 0.142000E+04
 AMRCLAW: level  1  CFL = .269E+00  dt = 0.5000E+00  final t = 0.142050E+04
 AMRCLAW: level  1  CFL = .269E+00  dt = 0.5000E+00  final t = 0.142100E+04
 AMRCLAW: level  1  CFL = .269E+00  dt = 0.5000E+00  final t = 0.142150E+04
 AMRCLAW: level  1  CFL = .269E+00  dt = 0.5000E+00  final t = 0.142200E+04
 AMRCLAW: level  1  CFL = .269E+00  dt = 0.5000E+00  final t = 0.142250E+04
 AMRCLAW: level  1  CFL = .269E+00  dt = 0.5000E+00  final t = 0.142300E+04
 AMRCLAW: level  1  CFL = .269E+00  dt = 0.5000E+00  final t = 0.142350E+04
 AMRCLAW: level  1  CFL = .269E+00  dt = 0.5000E+00  final t = 0.142400E+04
 AMRCLAW: level  1  CFL = .269E+00  dt = 0.5000E+00  final t = 0.142450E+04
 AMRCLAW: level  1  CFL = .269E+00  dt = 0.5000E+00  final t = 0.142500E+04
 AMRCLAW: level  1  CFL = .269E+00  dt = 0.5000E+00  final t = 0.142550E+04
 AMRCLAW: level  1  CFL = .269E+00  dt = 0.5000E+00  final t = 0.142600E+04
 AMRCLAW: level  1  CFL = .269E+00  dt = 0.5000E+00  final t = 0.142650E+04
 AMRCLAW: level  1  CFL = .269E+00  dt = 0.5000E+00  final t = 0.142700E+04
 AMRCLAW: level  1  CFL = .269E+00  dt = 0.5000E+00  final t = 0.142750E+04
 AMRCLAW: level  1  CFL = .269E+00  dt = 0.5000E+00  final t = 0.142800E+04
 AMRCLAW: level  1  CFL = .269E+00  dt = 0.5000E+00  final t = 0.142850E+04
 AMRCLAW: level  1  CFL = .269E+00  dt = 0.5000E+00  final t = 0.142900E+04
 AMRCLAW: level  1  CFL = .268E+00  dt = 0.5000E+00  final t = 0.142950E+04
 AMRCLAW: level  1  CFL = .268E+00  dt = 0.5000E+00  final t = 0.143000E+04
 AMRCLAW: level  1  CFL = .268E+00  dt = 0.5000E+00  final t = 0.143050E+04
 AMRCLAW: level  1  CFL = .268E+00  dt = 0.5000E+00  final t = 0.143100E+04
 AMRCLAW: level  1  CFL = .268E+00  dt = 0.5000E+00  final t = 0.143150E+04
 AMRCLAW: level  1  CFL = .268E+00  dt = 0.5000E+00  final t = 0.143200E+04
 AMRCLAW: level  1  CFL = .268E+00  dt = 0.5000E+00  final t = 0.143250E+04
 AMRCLAW: level  1  CFL = .268E+00  dt = 0.5000E+00  final t = 0.143300E+04
 AMRCLAW: level  1  CFL = .268E+00  dt = 0.5000E+00  final t = 0.143350E+04
 AMRCLAW: level  1  CFL = .268E+00  dt = 0.5000E+00  final t = 0.143400E+04
 AMRCLAW: level  1  CFL = .268E+00  dt = 0.5000E+00  final t = 0.143450E+04
 AMRCLAW: level  1  CFL = .268E+00  dt = 0.5000E+00  final t = 0.143500E+04
 AMRCLAW: level  1  CFL = .268E+00  dt = 0.5000E+00  final t = 0.143550E+04
 AMRCLAW: level  1  CFL = .268E+00  dt = 0.5000E+00  final t = 0.143600E+04
 AMRCLAW: level  1  CFL = .268E+00  dt = 0.5000E+00  final t = 0.143650E+04
 AMRCLAW: level  1  CFL = .268E+00  dt = 0.5000E+00  final t = 0.143700E+04
 AMRCLAW: level  1  CFL = .268E+00  dt = 0.5000E+00  final t = 0.143750E+04
 AMRCLAW: level  1  CFL = .268E+00  dt = 0.5000E+00  final t = 0.143800E+04
 AMRCLAW: level  1  CFL = .268E+00  dt = 0.5000E+00  final t = 0.143850E+04
 AMRCLAW: level  1  CFL = .268E+00  dt = 0.5000E+00  final t = 0.143900E+04
 AMRCLAW: level  1  CFL = .268E+00  dt = 0.5000E+00  final t = 0.143950E+04
 AMRCLAW: level  1  CFL = .268E+00  dt = 0.5000E+00  final t = 0.144000E+04
GEOCLAW: Frame   48 output files done at time t =  0.144000D+04

 AMRCLAW: level  1  CFL = .268E+00  dt = 0.5000E+00  final t = 0.144050E+04
 AMRCLAW: level  1  CFL = .268E+00  dt = 0.5000E+00  final t = 0.144100E+04
 AMRCLAW: level  1  CFL = .268E+00  dt = 0.5000E+00  final t = 0.144150E+04
 AMRCLAW: level  1  CFL = .268E+00  dt = 0.5000E+00  final t = 0.144200E+04
 AMRCLAW: level  1  CFL = .268E+00  dt = 0.5000E+00  final t = 0.144250E+04
 AMRCLAW: level  1  CFL = .268E+00  dt = 0.5000E+00  final t = 0.144300E+04
 AMRCLAW: level  1  CFL = .268E+00  dt = 0.5000E+00  final t = 0.144350E+04
 AMRCLAW: level  1  CFL = .267E+00  dt = 0.5000E+00  final t = 0.144400E+04
 AMRCLAW: level  1  CFL = .267E+00  dt = 0.5000E+00  final t = 0.144450E+04
 AMRCLAW: level  1  CFL = .267E+00  dt = 0.5000E+00  final t = 0.144500E+04
 AMRCLAW: level  1  CFL = .267E+00  dt = 0.5000E+00  final t = 0.144550E+04
 AMRCLAW: level  1  CFL = .267E+00  dt = 0.5000E+00  final t = 0.144600E+04
 AMRCLAW: level  1  CFL = .267E+00  dt = 0.5000E+00  final t = 0.144650E+04
 AMRCLAW: level  1  CFL = .267E+00  dt = 0.5000E+00  final t = 0.144700E+04
 AMRCLAW: level  1  CFL = .267E+00  dt = 0.5000E+00  final t = 0.144750E+04
 AMRCLAW: level  1  CFL = .267E+00  dt = 0.5000E+00  final t = 0.144800E+04
 AMRCLAW: level  1  CFL = .267E+00  dt = 0.5000E+00  final t = 0.144850E+04
 AMRCLAW: level  1  CFL = .267E+00  dt = 0.5000E+00  final t = 0.144900E+04
 AMRCLAW: level  1  CFL = .267E+00  dt = 0.5000E+00  final t = 0.144950E+04
 AMRCLAW: level  1  CFL = .267E+00  dt = 0.5000E+00  final t = 0.145000E+04
 AMRCLAW: level  1  CFL = .267E+00  dt = 0.5000E+00  final t = 0.145050E+04
 AMRCLAW: level  1  CFL = .267E+00  dt = 0.5000E+00  final t = 0.145100E+04
 AMRCLAW: level  1  CFL = .267E+00  dt = 0.5000E+00  final t = 0.145150E+04
 AMRCLAW: level  1  CFL = .267E+00  dt = 0.5000E+00  final t = 0.145200E+04
 AMRCLAW: level  1  CFL = .267E+00  dt = 0.5000E+00  final t = 0.145250E+04
 AMRCLAW: level  1  CFL = .267E+00  dt = 0.5000E+00  final t = 0.145300E+04
 AMRCLAW: level  1  CFL = .267E+00  dt = 0.5000E+00  final t = 0.145350E+04
 AMRCLAW: level  1  CFL = .267E+00  dt = 0.5000E+00  final t = 0.145400E+04
 AMRCLAW: level  1  CFL = .267E+00  dt = 0.5000E+00  final t = 0.145450E+04
 AMRCLAW: level  1  CFL = .267E+00  dt = 0.5000E+00  final t = 0.145500E+04
 AMRCLAW: level  1  CFL = .267E+00  dt = 0.5000E+00  final t = 0.145550E+04
 AMRCLAW: level  1  CFL = .267E+00  dt = 0.5000E+00  final t = 0.145600E+04
 AMRCLAW: level  1  CFL = .267E+00  dt = 0.5000E+00  final t = 0.145650E+04
 AMRCLAW: level  1  CFL = .267E+00  dt = 0.5000E+00  final t = 0.145700E+04
 AMRCLAW: level  1  CFL = .267E+00  dt = 0.5000E+00  final t = 0.145750E+04
 AMRCLAW: level  1  CFL = .267E+00  dt = 0.5000E+00  final t = 0.145800E+04
 AMRCLAW: level  1  CFL = .267E+00  dt = 0.5000E+00  final t = 0.145850E+04
 AMRCLAW: level  1  CFL = .267E+00  dt = 0.5000E+00  final t = 0.145900E+04
 AMRCLAW: level  1  CFL = .267E+00  dt = 0.5000E+00  final t = 0.145950E+04
 AMRCLAW: level  1  CFL = .267E+00  dt = 0.5000E+00  final t = 0.146000E+04
 AMRCLAW: level  1  CFL = .267E+00  dt = 0.5000E+00  final t = 0.146050E+04
 AMRCLAW: level  1  CFL = .267E+00  dt = 0.5000E+00  final t = 0.146100E+04
 AMRCLAW: level  1  CFL = .267E+00  dt = 0.5000E+00  final t = 0.146150E+04
 AMRCLAW: level  1  CFL = .267E+00  dt = 0.5000E+00  final t = 0.146200E+04
 AMRCLAW: level  1  CFL = .267E+00  dt = 0.5000E+00  final t = 0.146250E+04
 AMRCLAW: level  1  CFL = .267E+00  dt = 0.5000E+00  final t = 0.146300E+04
 AMRCLAW: level  1  CFL = .267E+00  dt = 0.5000E+00  final t = 0.146350E+04
 AMRCLAW: level  1  CFL = .266E+00  dt = 0.5000E+00  final t = 0.146400E+04
 AMRCLAW: level  1  CFL = .266E+00  dt = 0.5000E+00  final t = 0.146450E+04
 AMRCLAW: level  1  CFL = .266E+00  dt = 0.5000E+00  final t = 0.146500E+04
 AMRCLAW: level  1  CFL = .266E+00  dt = 0.5000E+00  final t = 0.146550E+04
 AMRCLAW: level  1  CFL = .266E+00  dt = 0.5000E+00  final t = 0.146600E+04
 AMRCLAW: level  1  CFL = .266E+00  dt = 0.5000E+00  final t = 0.146650E+04
 AMRCLAW: level  1  CFL = .266E+00  dt = 0.5000E+00  final t = 0.146700E+04
 AMRCLAW: level  1  CFL = .266E+00  dt = 0.5000E+00  final t = 0.146750E+04
 AMRCLAW: level  1  CFL = .266E+00  dt = 0.5000E+00  final t = 0.146800E+04
 AMRCLAW: level  1  CFL = .266E+00  dt = 0.5000E+00  final t = 0.146850E+04
 AMRCLAW: level  1  CFL = .266E+00  dt = 0.5000E+00  final t = 0.146900E+04
 AMRCLAW: level  1  CFL = .266E+00  dt = 0.5000E+00  final t = 0.146950E+04
 AMRCLAW: level  1  CFL = .266E+00  dt = 0.5000E+00  final t = 0.147000E+04
GEOCLAW: Frame   49 output files done at time t =  0.147000D+04

 AMRCLAW: level  1  CFL = .266E+00  dt = 0.5000E+00  final t = 0.147050E+04
 AMRCLAW: level  1  CFL = .266E+00  dt = 0.5000E+00  final t = 0.147100E+04
 AMRCLAW: level  1  CFL = .266E+00  dt = 0.5000E+00  final t = 0.147150E+04
 AMRCLAW: level  1  CFL = .266E+00  dt = 0.5000E+00  final t = 0.147200E+04
 AMRCLAW: level  1  CFL = .266E+00  dt = 0.5000E+00  final t = 0.147250E+04
 AMRCLAW: level  1  CFL = .266E+00  dt = 0.5000E+00  final t = 0.147300E+04
 AMRCLAW: level  1  CFL = .272E+00  dt = 0.5000E+00  final t = 0.147350E+04
 AMRCLAW: level  1  CFL = .281E+00  dt = 0.5000E+00  final t = 0.147400E+04
 AMRCLAW: level  1  CFL = .289E+00  dt = 0.5000E+00  final t = 0.147450E+04
 AMRCLAW: level  1  CFL = .296E+00  dt = 0.5000E+00  final t = 0.147500E+04
 AMRCLAW: level  1  CFL = .266E+00  dt = 0.5000E+00  final t = 0.147550E+04
 AMRCLAW: level  1  CFL = .266E+00  dt = 0.5000E+00  final t = 0.147600E+04
 AMRCLAW: level  1  CFL = .266E+00  dt = 0.5000E+00  final t = 0.147650E+04
 AMRCLAW: level  1  CFL = .266E+00  dt = 0.5000E+00  final t = 0.147700E+04
 AMRCLAW: level  1  CFL = .266E+00  dt = 0.5000E+00  final t = 0.147750E+04
 AMRCLAW: level  1  CFL = .266E+00  dt = 0.5000E+00  final t = 0.147800E+04
 AMRCLAW: level  1  CFL = .266E+00  dt = 0.5000E+00  final t = 0.147850E+04
 AMRCLAW: level  1  CFL = .266E+00  dt = 0.5000E+00  final t = 0.147900E+04
 AMRCLAW: level  1  CFL = .266E+00  dt = 0.5000E+00  final t = 0.147950E+04
 AMRCLAW: level  1  CFL = .266E+00  dt = 0.5000E+00  final t = 0.148000E+04
 AMRCLAW: level  1  CFL = .266E+00  dt = 0.5000E+00  final t = 0.148050E+04
 AMRCLAW: level  1  CFL = .266E+00  dt = 0.5000E+00  final t = 0.148100E+04
 AMRCLAW: level  1  CFL = .266E+00  dt = 0.5000E+00  final t = 0.148150E+04
 AMRCLAW: level  1  CFL = .266E+00  dt = 0.5000E+00  final t = 0.148200E+04
 AMRCLAW: level  1  CFL = .266E+00  dt = 0.5000E+00  final t = 0.148250E+04
 AMRCLAW: level  1  CFL = .266E+00  dt = 0.5000E+00  final t = 0.148300E+04
 AMRCLAW: level  1  CFL = .266E+00  dt = 0.5000E+00  final t = 0.148350E+04
 AMRCLAW: level  1  CFL = .266E+00  dt = 0.5000E+00  final t = 0.148400E+04
 AMRCLAW: level  1  CFL = .266E+00  dt = 0.5000E+00  final t = 0.148450E+04
 AMRCLAW: level  1  CFL = .266E+00  dt = 0.5000E+00  final t = 0.148500E+04
 AMRCLAW: level  1  CFL = .266E+00  dt = 0.5000E+00  final t = 0.148550E+04
 AMRCLAW: level  1  CFL = .266E+00  dt = 0.5000E+00  final t = 0.148600E+04
 AMRCLAW: level  1  CFL = .266E+00  dt = 0.5000E+00  final t = 0.148650E+04
 AMRCLAW: level  1  CFL = .266E+00  dt = 0.5000E+00  final t = 0.148700E+04
 AMRCLAW: level  1  CFL = .266E+00  dt = 0.5000E+00  final t = 0.148750E+04
 AMRCLAW: level  1  CFL = .266E+00  dt = 0.5000E+00  final t = 0.148800E+04
 AMRCLAW: level  1  CFL = .266E+00  dt = 0.5000E+00  final t = 0.148850E+04
 AMRCLAW: level  1  CFL = .266E+00  dt = 0.5000E+00  final t = 0.148900E+04
 AMRCLAW: level  1  CFL = .266E+00  dt = 0.5000E+00  final t = 0.148950E+04
 AMRCLAW: level  1  CFL = .266E+00  dt = 0.5000E+00  final t = 0.149000E+04
 AMRCLAW: level  1  CFL = .266E+00  dt = 0.5000E+00  final t = 0.149050E+04
 AMRCLAW: level  1  CFL = .266E+00  dt = 0.5000E+00  final t = 0.149100E+04
 AMRCLAW: level  1  CFL = .266E+00  dt = 0.5000E+00  final t = 0.149150E+04
 AMRCLAW: level  1  CFL = .266E+00  dt = 0.5000E+00  final t = 0.149200E+04
 AMRCLAW: level  1  CFL = .266E+00  dt = 0.5000E+00  final t = 0.149250E+04
 AMRCLAW: level  1  CFL = .266E+00  dt = 0.5000E+00  final t = 0.149300E+04
 AMRCLAW: level  1  CFL = .266E+00  dt = 0.5000E+00  final t = 0.149350E+04
 AMRCLAW: level  1  CFL = .266E+00  dt = 0.5000E+00  final t = 0.149400E+04
 AMRCLAW: level  1  CFL = .266E+00  dt = 0.5000E+00  final t = 0.149450E+04
 AMRCLAW: level  1  CFL = .266E+00  dt = 0.5000E+00  final t = 0.149500E+04
 AMRCLAW: level  1  CFL = .266E+00  dt = 0.5000E+00  final t = 0.149550E+04
 AMRCLAW: level  1  CFL = .266E+00  dt = 0.5000E+00  final t = 0.149600E+04
 AMRCLAW: level  1  CFL = .266E+00  dt = 0.5000E+00  final t = 0.149650E+04
 AMRCLAW: level  1  CFL = .266E+00  dt = 0.5000E+00  final t = 0.149700E+04
 AMRCLAW: level  1  CFL = .266E+00  dt = 0.5000E+00  final t = 0.149750E+04
 AMRCLAW: level  1  CFL = .266E+00  dt = 0.5000E+00  final t = 0.149800E+04
 AMRCLAW: level  1  CFL = .266E+00  dt = 0.5000E+00  final t = 0.149850E+04
 AMRCLAW: level  1  CFL = .266E+00  dt = 0.5000E+00  final t = 0.149900E+04
 AMRCLAW: level  1  CFL = .266E+00  dt = 0.5000E+00  final t = 0.149950E+04
 AMRCLAW: level  1  CFL = .266E+00  dt = 0.5000E+00  final t = 0.150000E+04
GEOCLAW: Frame   50 output files done at time t =  0.150000D+04

 AMRCLAW: level  1  CFL = .266E+00  dt = 0.5000E+00  final t = 0.150050E+04
 AMRCLAW: level  1  CFL = .270E+00  dt = 0.5000E+00  final t = 0.150100E+04
 AMRCLAW: level  1  CFL = .266E+00  dt = 0.5000E+00  final t = 0.150150E+04
 AMRCLAW: level  1  CFL = .266E+00  dt = 0.5000E+00  final t = 0.150200E+04
 AMRCLAW: level  1  CFL = .266E+00  dt = 0.5000E+00  final t = 0.150250E+04
 AMRCLAW: level  1  CFL = .266E+00  dt = 0.5000E+00  final t = 0.150300E+04
 AMRCLAW: level  1  CFL = .266E+00  dt = 0.5000E+00  final t = 0.150350E+04
 AMRCLAW: level  1  CFL = .266E+00  dt = 0.5000E+00  final t = 0.150400E+04
 AMRCLAW: level  1  CFL = .266E+00  dt = 0.5000E+00  final t = 0.150450E+04
 AMRCLAW: level  1  CFL = .266E+00  dt = 0.5000E+00  final t = 0.150500E+04
 AMRCLAW: level  1  CFL = .266E+00  dt = 0.5000E+00  final t = 0.150550E+04
 AMRCLAW: level  1  CFL = .266E+00  dt = 0.5000E+00  final t = 0.150600E+04
 AMRCLAW: level  1  CFL = .266E+00  dt = 0.5000E+00  final t = 0.150650E+04
 AMRCLAW: level  1  CFL = .266E+00  dt = 0.5000E+00  final t = 0.150700E+04
 AMRCLAW: level  1  CFL = .266E+00  dt = 0.5000E+00  final t = 0.150750E+04
 AMRCLAW: level  1  CFL = .266E+00  dt = 0.5000E+00  final t = 0.150800E+04
 AMRCLAW: level  1  CFL = .266E+00  dt = 0.5000E+00  final t = 0.150850E+04
 AMRCLAW: level  1  CFL = .266E+00  dt = 0.5000E+00  final t = 0.150900E+04
 AMRCLAW: level  1  CFL = .266E+00  dt = 0.5000E+00  final t = 0.150950E+04
 AMRCLAW: level  1  CFL = .266E+00  dt = 0.5000E+00  final t = 0.151000E+04
 AMRCLAW: level  1  CFL = .266E+00  dt = 0.5000E+00  final t = 0.151050E+04
 AMRCLAW: level  1  CFL = .266E+00  dt = 0.5000E+00  final t = 0.151100E+04
 AMRCLAW: level  1  CFL = .266E+00  dt = 0.5000E+00  final t = 0.151150E+04
 AMRCLAW: level  1  CFL = .266E+00  dt = 0.5000E+00  final t = 0.151200E+04
 AMRCLAW: level  1  CFL = .266E+00  dt = 0.5000E+00  final t = 0.151250E+04
 AMRCLAW: level  1  CFL = .266E+00  dt = 0.5000E+00  final t = 0.151300E+04
 AMRCLAW: level  1  CFL = .266E+00  dt = 0.5000E+00  final t = 0.151350E+04
 AMRCLAW: level  1  CFL = .266E+00  dt = 0.5000E+00  final t = 0.151400E+04
 AMRCLAW: level  1  CFL = .266E+00  dt = 0.5000E+00  final t = 0.151450E+04
 AMRCLAW: level  1  CFL = .266E+00  dt = 0.5000E+00  final t = 0.151500E+04
 AMRCLAW: level  1  CFL = .266E+00  dt = 0.5000E+00  final t = 0.151550E+04
 AMRCLAW: level  1  CFL = .266E+00  dt = 0.5000E+00  final t = 0.151600E+04
 AMRCLAW: level  1  CFL = .266E+00  dt = 0.5000E+00  final t = 0.151650E+04
 AMRCLAW: level  1  CFL = .266E+00  dt = 0.5000E+00  final t = 0.151700E+04
 AMRCLAW: level  1  CFL = .266E+00  dt = 0.5000E+00  final t = 0.151750E+04
 AMRCLAW: level  1  CFL = .266E+00  dt = 0.5000E+00  final t = 0.151800E+04
 AMRCLAW: level  1  CFL = .266E+00  dt = 0.5000E+00  final t = 0.151850E+04
 AMRCLAW: level  1  CFL = .266E+00  dt = 0.5000E+00  final t = 0.151900E+04
 AMRCLAW: level  1  CFL = .266E+00  dt = 0.5000E+00  final t = 0.151950E+04
 AMRCLAW: level  1  CFL = .266E+00  dt = 0.5000E+00  final t = 0.152000E+04
 AMRCLAW: level  1  CFL = .266E+00  dt = 0.5000E+00  final t = 0.152050E+04
 AMRCLAW: level  1  CFL = .266E+00  dt = 0.5000E+00  final t = 0.152100E+04
 AMRCLAW: level  1  CFL = .266E+00  dt = 0.5000E+00  final t = 0.152150E+04
 AMRCLAW: level  1  CFL = .266E+00  dt = 0.5000E+00  final t = 0.152200E+04
 AMRCLAW: level  1  CFL = .266E+00  dt = 0.5000E+00  final t = 0.152250E+04
 AMRCLAW: level  1  CFL = .266E+00  dt = 0.5000E+00  final t = 0.152300E+04
 AMRCLAW: level  1  CFL = .266E+00  dt = 0.5000E+00  final t = 0.152350E+04
 AMRCLAW: level  1  CFL = .266E+00  dt = 0.5000E+00  final t = 0.152400E+04
 AMRCLAW: level  1  CFL = .266E+00  dt = 0.5000E+00  final t = 0.152450E+04
 AMRCLAW: level  1  CFL = .266E+00  dt = 0.5000E+00  final t = 0.152500E+04
 AMRCLAW: level  1  CFL = .266E+00  dt = 0.5000E+00  final t = 0.152550E+04
 AMRCLAW: level  1  CFL = .266E+00  dt = 0.5000E+00  final t = 0.152600E+04
 AMRCLAW: level  1  CFL = .266E+00  dt = 0.5000E+00  final t = 0.152650E+04
 AMRCLAW: level  1  CFL = .266E+00  dt = 0.5000E+00  final t = 0.152700E+04
 AMRCLAW: level  1  CFL = .266E+00  dt = 0.5000E+00  final t = 0.152750E+04
 AMRCLAW: level  1  CFL = .266E+00  dt = 0.5000E+00  final t = 0.152800E+04
 AMRCLAW: level  1  CFL = .266E+00  dt = 0.5000E+00  final t = 0.152850E+04
 AMRCLAW: level  1  CFL = .266E+00  dt = 0.5000E+00  final t = 0.152900E+04
 AMRCLAW: level  1  CFL = .266E+00  dt = 0.5000E+00  final t = 0.152950E+04
 AMRCLAW: level  1  CFL = .266E+00  dt = 0.5000E+00  final t = 0.153000E+04
GEOCLAW: Frame   51 output files done at time t =  0.153000D+04

 AMRCLAW: level  1  CFL = .266E+00  dt = 0.5000E+00  final t = 0.153050E+04
 AMRCLAW: level  1  CFL = .266E+00  dt = 0.5000E+00  final t = 0.153100E+04
 AMRCLAW: level  1  CFL = .266E+00  dt = 0.5000E+00  final t = 0.153150E+04
 AMRCLAW: level  1  CFL = .266E+00  dt = 0.5000E+00  final t = 0.153200E+04
 AMRCLAW: level  1  CFL = .266E+00  dt = 0.5000E+00  final t = 0.153250E+04
 AMRCLAW: level  1  CFL = .266E+00  dt = 0.5000E+00  final t = 0.153300E+04
 AMRCLAW: level  1  CFL = .266E+00  dt = 0.5000E+00  final t = 0.153350E+04
 AMRCLAW: level  1  CFL = .266E+00  dt = 0.5000E+00  final t = 0.153400E+04
 AMRCLAW: level  1  CFL = .266E+00  dt = 0.5000E+00  final t = 0.153450E+04
 AMRCLAW: level  1  CFL = .266E+00  dt = 0.5000E+00  final t = 0.153500E+04
 AMRCLAW: level  1  CFL = .266E+00  dt = 0.5000E+00  final t = 0.153550E+04
 AMRCLAW: level  1  CFL = .266E+00  dt = 0.5000E+00  final t = 0.153600E+04
 AMRCLAW: level  1  CFL = .266E+00  dt = 0.5000E+00  final t = 0.153650E+04
 AMRCLAW: level  1  CFL = .266E+00  dt = 0.5000E+00  final t = 0.153700E+04
 AMRCLAW: level  1  CFL = .266E+00  dt = 0.5000E+00  final t = 0.153750E+04
 AMRCLAW: level  1  CFL = .266E+00  dt = 0.5000E+00  final t = 0.153800E+04
 AMRCLAW: level  1  CFL = .266E+00  dt = 0.5000E+00  final t = 0.153850E+04
 AMRCLAW: level  1  CFL = .266E+00  dt = 0.5000E+00  final t = 0.153900E+04
 AMRCLAW: level  1  CFL = .266E+00  dt = 0.5000E+00  final t = 0.153950E+04
 AMRCLAW: level  1  CFL = .266E+00  dt = 0.5000E+00  final t = 0.154000E+04
 AMRCLAW: level  1  CFL = .266E+00  dt = 0.5000E+00  final t = 0.154050E+04
 AMRCLAW: level  1  CFL = .266E+00  dt = 0.5000E+00  final t = 0.154100E+04
 AMRCLAW: level  1  CFL = .266E+00  dt = 0.5000E+00  final t = 0.154150E+04
 AMRCLAW: level  1  CFL = .266E+00  dt = 0.5000E+00  final t = 0.154200E+04
 AMRCLAW: level  1  CFL = .266E+00  dt = 0.5000E+00  final t = 0.154250E+04
 AMRCLAW: level  1  CFL = .266E+00  dt = 0.5000E+00  final t = 0.154300E+04
 AMRCLAW: level  1  CFL = .266E+00  dt = 0.5000E+00  final t = 0.154350E+04
 AMRCLAW: level  1  CFL = .266E+00  dt = 0.5000E+00  final t = 0.154400E+04
 AMRCLAW: level  1  CFL = .266E+00  dt = 0.5000E+00  final t = 0.154450E+04
 AMRCLAW: level  1  CFL = .266E+00  dt = 0.5000E+00  final t = 0.154500E+04
 AMRCLAW: level  1  CFL = .266E+00  dt = 0.5000E+00  final t = 0.154550E+04
 AMRCLAW: level  1  CFL = .266E+00  dt = 0.5000E+00  final t = 0.154600E+04
 AMRCLAW: level  1  CFL = .266E+00  dt = 0.5000E+00  final t = 0.154650E+04
 AMRCLAW: level  1  CFL = .266E+00  dt = 0.5000E+00  final t = 0.154700E+04
 AMRCLAW: level  1  CFL = .266E+00  dt = 0.5000E+00  final t = 0.154750E+04
 AMRCLAW: level  1  CFL = .266E+00  dt = 0.5000E+00  final t = 0.154800E+04
 AMRCLAW: level  1  CFL = .266E+00  dt = 0.5000E+00  final t = 0.154850E+04
 AMRCLAW: level  1  CFL = .266E+00  dt = 0.5000E+00  final t = 0.154900E+04
 AMRCLAW: level  1  CFL = .266E+00  dt = 0.5000E+00  final t = 0.154950E+04
 AMRCLAW: level  1  CFL = .266E+00  dt = 0.5000E+00  final t = 0.155000E+04
 AMRCLAW: level  1  CFL = .266E+00  dt = 0.5000E+00  final t = 0.155050E+04
 AMRCLAW: level  1  CFL = .266E+00  dt = 0.5000E+00  final t = 0.155100E+04
 AMRCLAW: level  1  CFL = .266E+00  dt = 0.5000E+00  final t = 0.155150E+04
 AMRCLAW: level  1  CFL = .266E+00  dt = 0.5000E+00  final t = 0.155200E+04
 AMRCLAW: level  1  CFL = .266E+00  dt = 0.5000E+00  final t = 0.155250E+04
 AMRCLAW: level  1  CFL = .266E+00  dt = 0.5000E+00  final t = 0.155300E+04
 AMRCLAW: level  1  CFL = .266E+00  dt = 0.5000E+00  final t = 0.155350E+04
 AMRCLAW: level  1  CFL = .266E+00  dt = 0.5000E+00  final t = 0.155400E+04
 AMRCLAW: level  1  CFL = .266E+00  dt = 0.5000E+00  final t = 0.155450E+04
 AMRCLAW: level  1  CFL = .266E+00  dt = 0.5000E+00  final t = 0.155500E+04
 AMRCLAW: level  1  CFL = .266E+00  dt = 0.5000E+00  final t = 0.155550E+04
 AMRCLAW: level  1  CFL = .266E+00  dt = 0.5000E+00  final t = 0.155600E+04
 AMRCLAW: level  1  CFL = .266E+00  dt = 0.5000E+00  final t = 0.155650E+04
 AMRCLAW: level  1  CFL = .266E+00  dt = 0.5000E+00  final t = 0.155700E+04
 AMRCLAW: level  1  CFL = .266E+00  dt = 0.5000E+00  final t = 0.155750E+04
 AMRCLAW: level  1  CFL = .266E+00  dt = 0.5000E+00  final t = 0.155800E+04
 AMRCLAW: level  1  CFL = .266E+00  dt = 0.5000E+00  final t = 0.155850E+04
 AMRCLAW: level  1  CFL = .266E+00  dt = 0.5000E+00  final t = 0.155900E+04
 AMRCLAW: level  1  CFL = .266E+00  dt = 0.5000E+00  final t = 0.155950E+04
 AMRCLAW: level  1  CFL = .266E+00  dt = 0.5000E+00  final t = 0.156000E+04
GEOCLAW: Frame   52 output files done at time t =  0.156000D+04

 AMRCLAW: level  1  CFL = .266E+00  dt = 0.5000E+00  final t = 0.156050E+04
 AMRCLAW: level  1  CFL = .266E+00  dt = 0.5000E+00  final t = 0.156100E+04
 AMRCLAW: level  1  CFL = .266E+00  dt = 0.5000E+00  final t = 0.156150E+04
 AMRCLAW: level  1  CFL = .266E+00  dt = 0.5000E+00  final t = 0.156200E+04
 AMRCLAW: level  1  CFL = .267E+00  dt = 0.5000E+00  final t = 0.156250E+04
 AMRCLAW: level  1  CFL = .267E+00  dt = 0.5000E+00  final t = 0.156300E+04
 AMRCLAW: level  1  CFL = .267E+00  dt = 0.5000E+00  final t = 0.156350E+04
 AMRCLAW: level  1  CFL = .267E+00  dt = 0.5000E+00  final t = 0.156400E+04
 AMRCLAW: level  1  CFL = .267E+00  dt = 0.5000E+00  final t = 0.156450E+04
 AMRCLAW: level  1  CFL = .267E+00  dt = 0.5000E+00  final t = 0.156500E+04
 AMRCLAW: level  1  CFL = .267E+00  dt = 0.5000E+00  final t = 0.156550E+04
 AMRCLAW: level  1  CFL = .267E+00  dt = 0.5000E+00  final t = 0.156600E+04
 AMRCLAW: level  1  CFL = .267E+00  dt = 0.5000E+00  final t = 0.156650E+04
 AMRCLAW: level  1  CFL = .267E+00  dt = 0.5000E+00  final t = 0.156700E+04
 AMRCLAW: level  1  CFL = .267E+00  dt = 0.5000E+00  final t = 0.156750E+04
 AMRCLAW: level  1  CFL = .267E+00  dt = 0.5000E+00  final t = 0.156800E+04
 AMRCLAW: level  1  CFL = .267E+00  dt = 0.5000E+00  final t = 0.156850E+04
 AMRCLAW: level  1  CFL = .267E+00  dt = 0.5000E+00  final t = 0.156900E+04
 AMRCLAW: level  1  CFL = .267E+00  dt = 0.5000E+00  final t = 0.156950E+04
 AMRCLAW: level  1  CFL = .267E+00  dt = 0.5000E+00  final t = 0.157000E+04
 AMRCLAW: level  1  CFL = .267E+00  dt = 0.5000E+00  final t = 0.157050E+04
 AMRCLAW: level  1  CFL = .267E+00  dt = 0.5000E+00  final t = 0.157100E+04
 AMRCLAW: level  1  CFL = .267E+00  dt = 0.5000E+00  final t = 0.157150E+04
 AMRCLAW: level  1  CFL = .267E+00  dt = 0.5000E+00  final t = 0.157200E+04
 AMRCLAW: level  1  CFL = .267E+00  dt = 0.5000E+00  final t = 0.157250E+04
 AMRCLAW: level  1  CFL = .267E+00  dt = 0.5000E+00  final t = 0.157300E+04
 AMRCLAW: level  1  CFL = .267E+00  dt = 0.5000E+00  final t = 0.157350E+04
 AMRCLAW: level  1  CFL = .267E+00  dt = 0.5000E+00  final t = 0.157400E+04
 AMRCLAW: level  1  CFL = .267E+00  dt = 0.5000E+00  final t = 0.157450E+04
 AMRCLAW: level  1  CFL = .267E+00  dt = 0.5000E+00  final t = 0.157500E+04
 AMRCLAW: level  1  CFL = .267E+00  dt = 0.5000E+00  final t = 0.157550E+04
 AMRCLAW: level  1  CFL = .267E+00  dt = 0.5000E+00  final t = 0.157600E+04
 AMRCLAW: level  1  CFL = .267E+00  dt = 0.5000E+00  final t = 0.157650E+04
 AMRCLAW: level  1  CFL = .267E+00  dt = 0.5000E+00  final t = 0.157700E+04
 AMRCLAW: level  1  CFL = .267E+00  dt = 0.5000E+00  final t = 0.157750E+04
 AMRCLAW: level  1  CFL = .267E+00  dt = 0.5000E+00  final t = 0.157800E+04
 AMRCLAW: level  1  CFL = .267E+00  dt = 0.5000E+00  final t = 0.157850E+04
 AMRCLAW: level  1  CFL = .267E+00  dt = 0.5000E+00  final t = 0.157900E+04
 AMRCLAW: level  1  CFL = .267E+00  dt = 0.5000E+00  final t = 0.157950E+04
 AMRCLAW: level  1  CFL = .267E+00  dt = 0.5000E+00  final t = 0.158000E+04
 AMRCLAW: level  1  CFL = .267E+00  dt = 0.5000E+00  final t = 0.158050E+04
 AMRCLAW: level  1  CFL = .267E+00  dt = 0.5000E+00  final t = 0.158100E+04
 AMRCLAW: level  1  CFL = .267E+00  dt = 0.5000E+00  final t = 0.158150E+04
 AMRCLAW: level  1  CFL = .267E+00  dt = 0.5000E+00  final t = 0.158200E+04
 AMRCLAW: level  1  CFL = .267E+00  dt = 0.5000E+00  final t = 0.158250E+04
 AMRCLAW: level  1  CFL = .267E+00  dt = 0.5000E+00  final t = 0.158300E+04
 AMRCLAW: level  1  CFL = .267E+00  dt = 0.5000E+00  final t = 0.158350E+04
 AMRCLAW: level  1  CFL = .271E+00  dt = 0.5000E+00  final t = 0.158400E+04
 AMRCLAW: level  1  CFL = .276E+00  dt = 0.5000E+00  final t = 0.158450E+04
 AMRCLAW: level  1  CFL = .281E+00  dt = 0.5000E+00  final t = 0.158500E+04
 AMRCLAW: level  1  CFL = .286E+00  dt = 0.5000E+00  final t = 0.158550E+04
 AMRCLAW: level  1  CFL = .291E+00  dt = 0.5000E+00  final t = 0.158600E+04
 AMRCLAW: level  1  CFL = .295E+00  dt = 0.5000E+00  final t = 0.158650E+04
 AMRCLAW: level  1  CFL = .348E+00  dt = 0.5000E+00  final t = 0.158700E+04
 AMRCLAW: level  1  CFL = .402E+00  dt = 0.5000E+00  final t = 0.158750E+04
 AMRCLAW: level  1  CFL = .356E+00  dt = 0.5000E+00  final t = 0.158800E+04
 AMRCLAW: level  1  CFL = .346E+00  dt = 0.5000E+00  final t = 0.158850E+04
 AMRCLAW: level  1  CFL = .350E+00  dt = 0.5000E+00  final t = 0.158900E+04
 AMRCLAW: level  1  CFL = .357E+00  dt = 0.5000E+00  final t = 0.158950E+04
 AMRCLAW: level  1  CFL = .365E+00  dt = 0.5000E+00  final t = 0.159000E+04
GEOCLAW: Frame   53 output files done at time t =  0.159000D+04

 AMRCLAW: level  1  CFL = .375E+00  dt = 0.5000E+00  final t = 0.159050E+04
 AMRCLAW: level  1  CFL = .385E+00  dt = 0.5000E+00  final t = 0.159100E+04
 AMRCLAW: level  1  CFL = .394E+00  dt = 0.5000E+00  final t = 0.159150E+04
 AMRCLAW: level  1  CFL = .403E+00  dt = 0.5000E+00  final t = 0.159200E+04
 AMRCLAW: level  1  CFL = .403E+00  dt = 0.5000E+00  final t = 0.159250E+04
 AMRCLAW: level  1  CFL = .404E+00  dt = 0.5000E+00  final t = 0.159300E+04
 AMRCLAW: level  1  CFL = .404E+00  dt = 0.5000E+00  final t = 0.159350E+04
 AMRCLAW: level  1  CFL = .404E+00  dt = 0.5000E+00  final t = 0.159400E+04
 AMRCLAW: level  1  CFL = .404E+00  dt = 0.5000E+00  final t = 0.159450E+04
 AMRCLAW: level  1  CFL = .404E+00  dt = 0.5000E+00  final t = 0.159500E+04
 AMRCLAW: level  1  CFL = .404E+00  dt = 0.5000E+00  final t = 0.159550E+04
 AMRCLAW: level  1  CFL = .405E+00  dt = 0.5000E+00  final t = 0.159600E+04
 AMRCLAW: level  1  CFL = .405E+00  dt = 0.5000E+00  final t = 0.159650E+04
 AMRCLAW: level  1  CFL = .405E+00  dt = 0.5000E+00  final t = 0.159700E+04
 AMRCLAW: level  1  CFL = .405E+00  dt = 0.5000E+00  final t = 0.159750E+04
 AMRCLAW: level  1  CFL = .405E+00  dt = 0.5000E+00  final t = 0.159800E+04
 AMRCLAW: level  1  CFL = .405E+00  dt = 0.5000E+00  final t = 0.159850E+04
 AMRCLAW: level  1  CFL = .406E+00  dt = 0.5000E+00  final t = 0.159900E+04
 AMRCLAW: level  1  CFL = .406E+00  dt = 0.5000E+00  final t = 0.159950E+04
 AMRCLAW: level  1  CFL = .406E+00  dt = 0.5000E+00  final t = 0.160000E+04
 AMRCLAW: level  1  CFL = .406E+00  dt = 0.5000E+00  final t = 0.160050E+04
 AMRCLAW: level  1  CFL = .406E+00  dt = 0.5000E+00  final t = 0.160100E+04
 AMRCLAW: level  1  CFL = .406E+00  dt = 0.5000E+00  final t = 0.160150E+04
 AMRCLAW: level  1  CFL = .406E+00  dt = 0.5000E+00  final t = 0.160200E+04
 AMRCLAW: level  1  CFL = .406E+00  dt = 0.5000E+00  final t = 0.160250E+04
 AMRCLAW: level  1  CFL = .406E+00  dt = 0.5000E+00  final t = 0.160300E+04
 AMRCLAW: level  1  CFL = .407E+00  dt = 0.5000E+00  final t = 0.160350E+04
 AMRCLAW: level  1  CFL = .407E+00  dt = 0.5000E+00  final t = 0.160400E+04
 AMRCLAW: level  1  CFL = .407E+00  dt = 0.5000E+00  final t = 0.160450E+04
 AMRCLAW: level  1  CFL = .407E+00  dt = 0.5000E+00  final t = 0.160500E+04
 AMRCLAW: level  1  CFL = .407E+00  dt = 0.5000E+00  final t = 0.160550E+04
 AMRCLAW: level  1  CFL = .407E+00  dt = 0.5000E+00  final t = 0.160600E+04
 AMRCLAW: level  1  CFL = .407E+00  dt = 0.5000E+00  final t = 0.160650E+04
 AMRCLAW: level  1  CFL = .407E+00  dt = 0.5000E+00  final t = 0.160700E+04
 AMRCLAW: level  1  CFL = .407E+00  dt = 0.5000E+00  final t = 0.160750E+04
 AMRCLAW: level  1  CFL = .407E+00  dt = 0.5000E+00  final t = 0.160800E+04
 AMRCLAW: level  1  CFL = .407E+00  dt = 0.5000E+00  final t = 0.160850E+04
 AMRCLAW: level  1  CFL = .407E+00  dt = 0.5000E+00  final t = 0.160900E+04
 AMRCLAW: level  1  CFL = .407E+00  dt = 0.5000E+00  final t = 0.160950E+04
 AMRCLAW: level  1  CFL = .407E+00  dt = 0.5000E+00  final t = 0.161000E+04
 AMRCLAW: level  1  CFL = .408E+00  dt = 0.5000E+00  final t = 0.161050E+04
 AMRCLAW: level  1  CFL = .408E+00  dt = 0.5000E+00  final t = 0.161100E+04
 AMRCLAW: level  1  CFL = .408E+00  dt = 0.5000E+00  final t = 0.161150E+04
 AMRCLAW: level  1  CFL = .408E+00  dt = 0.5000E+00  final t = 0.161200E+04
 AMRCLAW: level  1  CFL = .408E+00  dt = 0.5000E+00  final t = 0.161250E+04
 AMRCLAW: level  1  CFL = .408E+00  dt = 0.5000E+00  final t = 0.161300E+04
 AMRCLAW: level  1  CFL = .408E+00  dt = 0.5000E+00  final t = 0.161350E+04
 AMRCLAW: level  1  CFL = .408E+00  dt = 0.5000E+00  final t = 0.161400E+04
 AMRCLAW: level  1  CFL = .408E+00  dt = 0.5000E+00  final t = 0.161450E+04
 AMRCLAW: level  1  CFL = .408E+00  dt = 0.5000E+00  final t = 0.161500E+04
 AMRCLAW: level  1  CFL = .408E+00  dt = 0.5000E+00  final t = 0.161550E+04
 AMRCLAW: level  1  CFL = .408E+00  dt = 0.5000E+00  final t = 0.161600E+04
 AMRCLAW: level  1  CFL = .408E+00  dt = 0.5000E+00  final t = 0.161650E+04
 AMRCLAW: level  1  CFL = .408E+00  dt = 0.5000E+00  final t = 0.161700E+04
 AMRCLAW: level  1  CFL = .408E+00  dt = 0.5000E+00  final t = 0.161750E+04
 AMRCLAW: level  1  CFL = .409E+00  dt = 0.5000E+00  final t = 0.161800E+04
 AMRCLAW: level  1  CFL = .409E+00  dt = 0.5000E+00  final t = 0.161850E+04
 AMRCLAW: level  1  CFL = .409E+00  dt = 0.5000E+00  final t = 0.161900E+04
 AMRCLAW: level  1  CFL = .409E+00  dt = 0.5000E+00  final t = 0.161950E+04
 AMRCLAW: level  1  CFL = .409E+00  dt = 0.5000E+00  final t = 0.162000E+04
GEOCLAW: Frame   54 output files done at time t =  0.162000D+04

 AMRCLAW: level  1  CFL = .409E+00  dt = 0.5000E+00  final t = 0.162050E+04
 AMRCLAW: level  1  CFL = .409E+00  dt = 0.5000E+00  final t = 0.162100E+04
 AMRCLAW: level  1  CFL = .409E+00  dt = 0.5000E+00  final t = 0.162150E+04
 AMRCLAW: level  1  CFL = .409E+00  dt = 0.5000E+00  final t = 0.162200E+04
 AMRCLAW: level  1  CFL = .409E+00  dt = 0.5000E+00  final t = 0.162250E+04
 AMRCLAW: level  1  CFL = .409E+00  dt = 0.5000E+00  final t = 0.162300E+04
 AMRCLAW: level  1  CFL = .409E+00  dt = 0.5000E+00  final t = 0.162350E+04
 AMRCLAW: level  1  CFL = .410E+00  dt = 0.5000E+00  final t = 0.162400E+04
 AMRCLAW: level  1  CFL = .410E+00  dt = 0.5000E+00  final t = 0.162450E+04
 AMRCLAW: level  1  CFL = .410E+00  dt = 0.5000E+00  final t = 0.162500E+04
 AMRCLAW: level  1  CFL = .410E+00  dt = 0.5000E+00  final t = 0.162550E+04
 AMRCLAW: level  1  CFL = .410E+00  dt = 0.5000E+00  final t = 0.162600E+04
 AMRCLAW: level  1  CFL = .410E+00  dt = 0.5000E+00  final t = 0.162650E+04
 AMRCLAW: level  1  CFL = .410E+00  dt = 0.5000E+00  final t = 0.162700E+04
 AMRCLAW: level  1  CFL = .410E+00  dt = 0.5000E+00  final t = 0.162750E+04
 AMRCLAW: level  1  CFL = .410E+00  dt = 0.5000E+00  final t = 0.162800E+04
 AMRCLAW: level  1  CFL = .410E+00  dt = 0.5000E+00  final t = 0.162850E+04
 AMRCLAW: level  1  CFL = .410E+00  dt = 0.5000E+00  final t = 0.162900E+04
 AMRCLAW: level  1  CFL = .410E+00  dt = 0.5000E+00  final t = 0.162950E+04
 AMRCLAW: level  1  CFL = .410E+00  dt = 0.5000E+00  final t = 0.163000E+04
 AMRCLAW: level  1  CFL = .411E+00  dt = 0.5000E+00  final t = 0.163050E+04
 AMRCLAW: level  1  CFL = .411E+00  dt = 0.5000E+00  final t = 0.163100E+04
 AMRCLAW: level  1  CFL = .411E+00  dt = 0.5000E+00  final t = 0.163150E+04
 AMRCLAW: level  1  CFL = .411E+00  dt = 0.5000E+00  final t = 0.163200E+04
 AMRCLAW: level  1  CFL = .411E+00  dt = 0.5000E+00  final t = 0.163250E+04
 AMRCLAW: level  1  CFL = .411E+00  dt = 0.5000E+00  final t = 0.163300E+04
 AMRCLAW: level  1  CFL = .411E+00  dt = 0.5000E+00  final t = 0.163350E+04
 AMRCLAW: level  1  CFL = .411E+00  dt = 0.5000E+00  final t = 0.163400E+04
 AMRCLAW: level  1  CFL = .411E+00  dt = 0.5000E+00  final t = 0.163450E+04
 AMRCLAW: level  1  CFL = .411E+00  dt = 0.5000E+00  final t = 0.163500E+04
 AMRCLAW: level  1  CFL = .411E+00  dt = 0.5000E+00  final t = 0.163550E+04
 AMRCLAW: level  1  CFL = .411E+00  dt = 0.5000E+00  final t = 0.163600E+04
 AMRCLAW: level  1  CFL = .411E+00  dt = 0.5000E+00  final t = 0.163650E+04
 AMRCLAW: level  1  CFL = .411E+00  dt = 0.5000E+00  final t = 0.163700E+04
 AMRCLAW: level  1  CFL = .411E+00  dt = 0.5000E+00  final t = 0.163750E+04
 AMRCLAW: level  1  CFL = .411E+00  dt = 0.5000E+00  final t = 0.163800E+04
 AMRCLAW: level  1  CFL = .412E+00  dt = 0.5000E+00  final t = 0.163850E+04
 AMRCLAW: level  1  CFL = .412E+00  dt = 0.5000E+00  final t = 0.163900E+04
 AMRCLAW: level  1  CFL = .412E+00  dt = 0.5000E+00  final t = 0.163950E+04
 AMRCLAW: level  1  CFL = .412E+00  dt = 0.5000E+00  final t = 0.164000E+04
 AMRCLAW: level  1  CFL = .412E+00  dt = 0.5000E+00  final t = 0.164050E+04
 AMRCLAW: level  1  CFL = .412E+00  dt = 0.5000E+00  final t = 0.164100E+04
 AMRCLAW: level  1  CFL = .412E+00  dt = 0.5000E+00  final t = 0.164150E+04
 AMRCLAW: level  1  CFL = .412E+00  dt = 0.5000E+00  final t = 0.164200E+04
 AMRCLAW: level  1  CFL = .412E+00  dt = 0.5000E+00  final t = 0.164250E+04
 AMRCLAW: level  1  CFL = .412E+00  dt = 0.5000E+00  final t = 0.164300E+04
 AMRCLAW: level  1  CFL = .412E+00  dt = 0.5000E+00  final t = 0.164350E+04
 AMRCLAW: level  1  CFL = .412E+00  dt = 0.5000E+00  final t = 0.164400E+04
 AMRCLAW: level  1  CFL = .412E+00  dt = 0.5000E+00  final t = 0.164450E+04
 AMRCLAW: level  1  CFL = .412E+00  dt = 0.5000E+00  final t = 0.164500E+04
 AMRCLAW: level  1  CFL = .412E+00  dt = 0.5000E+00  final t = 0.164550E+04
 AMRCLAW: level  1  CFL = .412E+00  dt = 0.5000E+00  final t = 0.164600E+04
 AMRCLAW: level  1  CFL = .412E+00  dt = 0.5000E+00  final t = 0.164650E+04
 AMRCLAW: level  1  CFL = .412E+00  dt = 0.5000E+00  final t = 0.164700E+04
 AMRCLAW: level  1  CFL = .412E+00  dt = 0.5000E+00  final t = 0.164750E+04
 AMRCLAW: level  1  CFL = .412E+00  dt = 0.5000E+00  final t = 0.164800E+04
 AMRCLAW: level  1  CFL = .413E+00  dt = 0.5000E+00  final t = 0.164850E+04
 AMRCLAW: level  1  CFL = .413E+00  dt = 0.5000E+00  final t = 0.164900E+04
 AMRCLAW: level  1  CFL = .413E+00  dt = 0.5000E+00  final t = 0.164950E+04
 AMRCLAW: level  1  CFL = .413E+00  dt = 0.5000E+00  final t = 0.165000E+04
GEOCLAW: Frame   55 output files done at time t =  0.165000D+04

 AMRCLAW: level  1  CFL = .413E+00  dt = 0.5000E+00  final t = 0.165050E+04
 AMRCLAW: level  1  CFL = .413E+00  dt = 0.5000E+00  final t = 0.165100E+04
 AMRCLAW: level  1  CFL = .413E+00  dt = 0.5000E+00  final t = 0.165150E+04
 AMRCLAW: level  1  CFL = .413E+00  dt = 0.5000E+00  final t = 0.165200E+04
 AMRCLAW: level  1  CFL = .413E+00  dt = 0.5000E+00  final t = 0.165250E+04
 AMRCLAW: level  1  CFL = .413E+00  dt = 0.5000E+00  final t = 0.165300E+04
 AMRCLAW: level  1  CFL = .413E+00  dt = 0.5000E+00  final t = 0.165350E+04
 AMRCLAW: level  1  CFL = .413E+00  dt = 0.5000E+00  final t = 0.165400E+04
 AMRCLAW: level  1  CFL = .413E+00  dt = 0.5000E+00  final t = 0.165450E+04
 AMRCLAW: level  1  CFL = .413E+00  dt = 0.5000E+00  final t = 0.165500E+04
 AMRCLAW: level  1  CFL = .413E+00  dt = 0.5000E+00  final t = 0.165550E+04
 AMRCLAW: level  1  CFL = .413E+00  dt = 0.5000E+00  final t = 0.165600E+04
 AMRCLAW: level  1  CFL = .413E+00  dt = 0.5000E+00  final t = 0.165650E+04
 AMRCLAW: level  1  CFL = .413E+00  dt = 0.5000E+00  final t = 0.165700E+04
 AMRCLAW: level  1  CFL = .413E+00  dt = 0.5000E+00  final t = 0.165750E+04
 AMRCLAW: level  1  CFL = .414E+00  dt = 0.5000E+00  final t = 0.165800E+04
 AMRCLAW: level  1  CFL = .414E+00  dt = 0.5000E+00  final t = 0.165850E+04
 AMRCLAW: level  1  CFL = .414E+00  dt = 0.5000E+00  final t = 0.165900E+04
 AMRCLAW: level  1  CFL = .414E+00  dt = 0.5000E+00  final t = 0.165950E+04
 AMRCLAW: level  1  CFL = .414E+00  dt = 0.5000E+00  final t = 0.166000E+04
 AMRCLAW: level  1  CFL = .414E+00  dt = 0.5000E+00  final t = 0.166050E+04
 AMRCLAW: level  1  CFL = .414E+00  dt = 0.5000E+00  final t = 0.166100E+04
 AMRCLAW: level  1  CFL = .414E+00  dt = 0.5000E+00  final t = 0.166150E+04
 AMRCLAW: level  1  CFL = .414E+00  dt = 0.5000E+00  final t = 0.166200E+04
 AMRCLAW: level  1  CFL = .414E+00  dt = 0.5000E+00  final t = 0.166250E+04
 AMRCLAW: level  1  CFL = .414E+00  dt = 0.5000E+00  final t = 0.166300E+04
 AMRCLAW: level  1  CFL = .414E+00  dt = 0.5000E+00  final t = 0.166350E+04
 AMRCLAW: level  1  CFL = .414E+00  dt = 0.5000E+00  final t = 0.166400E+04
 AMRCLAW: level  1  CFL = .414E+00  dt = 0.5000E+00  final t = 0.166450E+04
 AMRCLAW: level  1  CFL = .415E+00  dt = 0.5000E+00  final t = 0.166500E+04
 AMRCLAW: level  1  CFL = .415E+00  dt = 0.5000E+00  final t = 0.166550E+04
 AMRCLAW: level  1  CFL = .415E+00  dt = 0.5000E+00  final t = 0.166600E+04
 AMRCLAW: level  1  CFL = .415E+00  dt = 0.5000E+00  final t = 0.166650E+04
 AMRCLAW: level  1  CFL = .415E+00  dt = 0.5000E+00  final t = 0.166700E+04
 AMRCLAW: level  1  CFL = .415E+00  dt = 0.5000E+00  final t = 0.166750E+04
 AMRCLAW: level  1  CFL = .415E+00  dt = 0.5000E+00  final t = 0.166800E+04
 AMRCLAW: level  1  CFL = .415E+00  dt = 0.5000E+00  final t = 0.166850E+04
 AMRCLAW: level  1  CFL = .415E+00  dt = 0.5000E+00  final t = 0.166900E+04
 AMRCLAW: level  1  CFL = .415E+00  dt = 0.5000E+00  final t = 0.166950E+04
 AMRCLAW: level  1  CFL = .415E+00  dt = 0.5000E+00  final t = 0.167000E+04
 AMRCLAW: level  1  CFL = .415E+00  dt = 0.5000E+00  final t = 0.167050E+04
 AMRCLAW: level  1  CFL = .416E+00  dt = 0.5000E+00  final t = 0.167100E+04
 AMRCLAW: level  1  CFL = .416E+00  dt = 0.5000E+00  final t = 0.167150E+04
 AMRCLAW: level  1  CFL = .416E+00  dt = 0.5000E+00  final t = 0.167200E+04
 AMRCLAW: level  1  CFL = .416E+00  dt = 0.5000E+00  final t = 0.167250E+04
 AMRCLAW: level  1  CFL = .416E+00  dt = 0.5000E+00  final t = 0.167300E+04
 AMRCLAW: level  1  CFL = .416E+00  dt = 0.5000E+00  final t = 0.167350E+04
 AMRCLAW: level  1  CFL = .416E+00  dt = 0.5000E+00  final t = 0.167400E+04
 AMRCLAW: level  1  CFL = .416E+00  dt = 0.5000E+00  final t = 0.167450E+04
 AMRCLAW: level  1  CFL = .416E+00  dt = 0.5000E+00  final t = 0.167500E+04
 AMRCLAW: level  1  CFL = .416E+00  dt = 0.5000E+00  final t = 0.167550E+04
 AMRCLAW: level  1  CFL = .416E+00  dt = 0.5000E+00  final t = 0.167600E+04
 AMRCLAW: level  1  CFL = .416E+00  dt = 0.5000E+00  final t = 0.167650E+04
 AMRCLAW: level  1  CFL = .416E+00  dt = 0.5000E+00  final t = 0.167700E+04
 AMRCLAW: level  1  CFL = .416E+00  dt = 0.5000E+00  final t = 0.167750E+04
 AMRCLAW: level  1  CFL = .417E+00  dt = 0.5000E+00  final t = 0.167800E+04
 AMRCLAW: level  1  CFL = .417E+00  dt = 0.5000E+00  final t = 0.167850E+04
 AMRCLAW: level  1  CFL = .417E+00  dt = 0.5000E+00  final t = 0.167900E+04
 AMRCLAW: level  1  CFL = .417E+00  dt = 0.5000E+00  final t = 0.167950E+04
 AMRCLAW: level  1  CFL = .417E+00  dt = 0.5000E+00  final t = 0.168000E+04
GEOCLAW: Frame   56 output files done at time t =  0.168000D+04

 AMRCLAW: level  1  CFL = .417E+00  dt = 0.5000E+00  final t = 0.168050E+04
 AMRCLAW: level  1  CFL = .417E+00  dt = 0.5000E+00  final t = 0.168100E+04
 AMRCLAW: level  1  CFL = .417E+00  dt = 0.5000E+00  final t = 0.168150E+04
 AMRCLAW: level  1  CFL = .417E+00  dt = 0.5000E+00  final t = 0.168200E+04
 AMRCLAW: level  1  CFL = .417E+00  dt = 0.5000E+00  final t = 0.168250E+04
 AMRCLAW: level  1  CFL = .417E+00  dt = 0.5000E+00  final t = 0.168300E+04
 AMRCLAW: level  1  CFL = .417E+00  dt = 0.5000E+00  final t = 0.168350E+04
 AMRCLAW: level  1  CFL = .417E+00  dt = 0.5000E+00  final t = 0.168400E+04
 AMRCLAW: level  1  CFL = .417E+00  dt = 0.5000E+00  final t = 0.168450E+04
 AMRCLAW: level  1  CFL = .417E+00  dt = 0.5000E+00  final t = 0.168500E+04
 AMRCLAW: level  1  CFL = .417E+00  dt = 0.5000E+00  final t = 0.168550E+04
 AMRCLAW: level  1  CFL = .418E+00  dt = 0.5000E+00  final t = 0.168600E+04
 AMRCLAW: level  1  CFL = .418E+00  dt = 0.5000E+00  final t = 0.168650E+04
 AMRCLAW: level  1  CFL = .418E+00  dt = 0.5000E+00  final t = 0.168700E+04
 AMRCLAW: level  1  CFL = .418E+00  dt = 0.5000E+00  final t = 0.168750E+04
 AMRCLAW: level  1  CFL = .418E+00  dt = 0.5000E+00  final t = 0.168800E+04
 AMRCLAW: level  1  CFL = .418E+00  dt = 0.5000E+00  final t = 0.168850E+04
 AMRCLAW: level  1  CFL = .418E+00  dt = 0.5000E+00  final t = 0.168900E+04
 AMRCLAW: level  1  CFL = .418E+00  dt = 0.5000E+00  final t = 0.168950E+04
 AMRCLAW: level  1  CFL = .418E+00  dt = 0.5000E+00  final t = 0.169000E+04
 AMRCLAW: level  1  CFL = .418E+00  dt = 0.5000E+00  final t = 0.169050E+04
 AMRCLAW: level  1  CFL = .418E+00  dt = 0.5000E+00  final t = 0.169100E+04
 AMRCLAW: level  1  CFL = .418E+00  dt = 0.5000E+00  final t = 0.169150E+04
 AMRCLAW: level  1  CFL = .418E+00  dt = 0.5000E+00  final t = 0.169200E+04
 AMRCLAW: level  1  CFL = .418E+00  dt = 0.5000E+00  final t = 0.169250E+04
 AMRCLAW: level  1  CFL = .418E+00  dt = 0.5000E+00  final t = 0.169300E+04
 AMRCLAW: level  1  CFL = .418E+00  dt = 0.5000E+00  final t = 0.169350E+04
 AMRCLAW: level  1  CFL = .418E+00  dt = 0.5000E+00  final t = 0.169400E+04
 AMRCLAW: level  1  CFL = .418E+00  dt = 0.5000E+00  final t = 0.169450E+04
 AMRCLAW: level  1  CFL = .418E+00  dt = 0.5000E+00  final t = 0.169500E+04
 AMRCLAW: level  1  CFL = .418E+00  dt = 0.5000E+00  final t = 0.169550E+04
 AMRCLAW: level  1  CFL = .418E+00  dt = 0.5000E+00  final t = 0.169600E+04
 AMRCLAW: level  1  CFL = .419E+00  dt = 0.5000E+00  final t = 0.169650E+04
 AMRCLAW: level  1  CFL = .419E+00  dt = 0.5000E+00  final t = 0.169700E+04
 AMRCLAW: level  1  CFL = .419E+00  dt = 0.5000E+00  final t = 0.169750E+04
 AMRCLAW: level  1  CFL = .419E+00  dt = 0.5000E+00  final t = 0.169800E+04
 AMRCLAW: level  1  CFL = .419E+00  dt = 0.5000E+00  final t = 0.169850E+04
 AMRCLAW: level  1  CFL = .419E+00  dt = 0.5000E+00  final t = 0.169900E+04
 AMRCLAW: level  1  CFL = .419E+00  dt = 0.5000E+00  final t = 0.169950E+04
 AMRCLAW: level  1  CFL = .419E+00  dt = 0.5000E+00  final t = 0.170000E+04
 AMRCLAW: level  1  CFL = .419E+00  dt = 0.5000E+00  final t = 0.170050E+04
 AMRCLAW: level  1  CFL = .419E+00  dt = 0.5000E+00  final t = 0.170100E+04
 AMRCLAW: level  1  CFL = .419E+00  dt = 0.5000E+00  final t = 0.170150E+04
 AMRCLAW: level  1  CFL = .419E+00  dt = 0.5000E+00  final t = 0.170200E+04
 AMRCLAW: level  1  CFL = .419E+00  dt = 0.5000E+00  final t = 0.170250E+04
 AMRCLAW: level  1  CFL = .419E+00  dt = 0.5000E+00  final t = 0.170300E+04
 AMRCLAW: level  1  CFL = .419E+00  dt = 0.5000E+00  final t = 0.170350E+04
 AMRCLAW: level  1  CFL = .419E+00  dt = 0.5000E+00  final t = 0.170400E+04
 AMRCLAW: level  1  CFL = .419E+00  dt = 0.5000E+00  final t = 0.170450E+04
 AMRCLAW: level  1  CFL = .419E+00  dt = 0.5000E+00  final t = 0.170500E+04
 AMRCLAW: level  1  CFL = .419E+00  dt = 0.5000E+00  final t = 0.170550E+04
 AMRCLAW: level  1  CFL = .419E+00  dt = 0.5000E+00  final t = 0.170600E+04
 AMRCLAW: level  1  CFL = .420E+00  dt = 0.5000E+00  final t = 0.170650E+04
 AMRCLAW: level  1  CFL = .420E+00  dt = 0.5000E+00  final t = 0.170700E+04
 AMRCLAW: level  1  CFL = .420E+00  dt = 0.5000E+00  final t = 0.170750E+04
 AMRCLAW: level  1  CFL = .420E+00  dt = 0.5000E+00  final t = 0.170800E+04
 AMRCLAW: level  1  CFL = .420E+00  dt = 0.5000E+00  final t = 0.170850E+04
 AMRCLAW: level  1  CFL = .420E+00  dt = 0.5000E+00  final t = 0.170900E+04
 AMRCLAW: level  1  CFL = .420E+00  dt = 0.5000E+00  final t = 0.170950E+04
 AMRCLAW: level  1  CFL = .420E+00  dt = 0.5000E+00  final t = 0.171000E+04
GEOCLAW: Frame   57 output files done at time t =  0.171000D+04

 AMRCLAW: level  1  CFL = .420E+00  dt = 0.5000E+00  final t = 0.171050E+04
 AMRCLAW: level  1  CFL = .420E+00  dt = 0.5000E+00  final t = 0.171100E+04
 AMRCLAW: level  1  CFL = .420E+00  dt = 0.5000E+00  final t = 0.171150E+04
 AMRCLAW: level  1  CFL = .420E+00  dt = 0.5000E+00  final t = 0.171200E+04
 AMRCLAW: level  1  CFL = .420E+00  dt = 0.5000E+00  final t = 0.171250E+04
 AMRCLAW: level  1  CFL = .421E+00  dt = 0.5000E+00  final t = 0.171300E+04
 AMRCLAW: level  1  CFL = .421E+00  dt = 0.5000E+00  final t = 0.171350E+04
 AMRCLAW: level  1  CFL = .421E+00  dt = 0.5000E+00  final t = 0.171400E+04
 AMRCLAW: level  1  CFL = .421E+00  dt = 0.5000E+00  final t = 0.171450E+04
 AMRCLAW: level  1  CFL = .421E+00  dt = 0.5000E+00  final t = 0.171500E+04
 AMRCLAW: level  1  CFL = .422E+00  dt = 0.5000E+00  final t = 0.171550E+04
 AMRCLAW: level  1  CFL = .422E+00  dt = 0.5000E+00  final t = 0.171600E+04
 AMRCLAW: level  1  CFL = .422E+00  dt = 0.5000E+00  final t = 0.171650E+04
 AMRCLAW: level  1  CFL = .422E+00  dt = 0.5000E+00  final t = 0.171700E+04
 AMRCLAW: level  1  CFL = .423E+00  dt = 0.5000E+00  final t = 0.171750E+04
 AMRCLAW: level  1  CFL = .423E+00  dt = 0.5000E+00  final t = 0.171800E+04
 AMRCLAW: level  1  CFL = .423E+00  dt = 0.5000E+00  final t = 0.171850E+04
 AMRCLAW: level  1  CFL = .423E+00  dt = 0.5000E+00  final t = 0.171900E+04
 AMRCLAW: level  1  CFL = .424E+00  dt = 0.5000E+00  final t = 0.171950E+04
 AMRCLAW: level  1  CFL = .424E+00  dt = 0.5000E+00  final t = 0.172000E+04
 AMRCLAW: level  1  CFL = .424E+00  dt = 0.5000E+00  final t = 0.172050E+04
 AMRCLAW: level  1  CFL = .424E+00  dt = 0.5000E+00  final t = 0.172100E+04
 AMRCLAW: level  1  CFL = .424E+00  dt = 0.5000E+00  final t = 0.172150E+04
 AMRCLAW: level  1  CFL = .425E+00  dt = 0.5000E+00  final t = 0.172200E+04
 AMRCLAW: level  1  CFL = .425E+00  dt = 0.5000E+00  final t = 0.172250E+04
 AMRCLAW: level  1  CFL = .425E+00  dt = 0.5000E+00  final t = 0.172300E+04
 AMRCLAW: level  1  CFL = .425E+00  dt = 0.5000E+00  final t = 0.172350E+04
 AMRCLAW: level  1  CFL = .426E+00  dt = 0.5000E+00  final t = 0.172400E+04
 AMRCLAW: level  1  CFL = .426E+00  dt = 0.5000E+00  final t = 0.172450E+04
 AMRCLAW: level  1  CFL = .426E+00  dt = 0.5000E+00  final t = 0.172500E+04
 AMRCLAW: level  1  CFL = .426E+00  dt = 0.5000E+00  final t = 0.172550E+04
 AMRCLAW: level  1  CFL = .426E+00  dt = 0.5000E+00  final t = 0.172600E+04
 AMRCLAW: level  1  CFL = .427E+00  dt = 0.5000E+00  final t = 0.172650E+04
 AMRCLAW: level  1  CFL = .427E+00  dt = 0.5000E+00  final t = 0.172700E+04
 AMRCLAW: level  1  CFL = .427E+00  dt = 0.5000E+00  final t = 0.172750E+04
 AMRCLAW: level  1  CFL = .427E+00  dt = 0.5000E+00  final t = 0.172800E+04
 AMRCLAW: level  1  CFL = .427E+00  dt = 0.5000E+00  final t = 0.172850E+04
 AMRCLAW: level  1  CFL = .428E+00  dt = 0.5000E+00  final t = 0.172900E+04
 AMRCLAW: level  1  CFL = .428E+00  dt = 0.5000E+00  final t = 0.172950E+04
 AMRCLAW: level  1  CFL = .428E+00  dt = 0.5000E+00  final t = 0.173000E+04
 AMRCLAW: level  1  CFL = .428E+00  dt = 0.5000E+00  final t = 0.173050E+04
 AMRCLAW: level  1  CFL = .428E+00  dt = 0.5000E+00  final t = 0.173100E+04
 AMRCLAW: level  1  CFL = .428E+00  dt = 0.5000E+00  final t = 0.173150E+04
 AMRCLAW: level  1  CFL = .428E+00  dt = 0.5000E+00  final t = 0.173200E+04
 AMRCLAW: level  1  CFL = .428E+00  dt = 0.5000E+00  final t = 0.173250E+04
 AMRCLAW: level  1  CFL = .429E+00  dt = 0.5000E+00  final t = 0.173300E+04
 AMRCLAW: level  1  CFL = .429E+00  dt = 0.5000E+00  final t = 0.173350E+04
 AMRCLAW: level  1  CFL = .429E+00  dt = 0.5000E+00  final t = 0.173400E+04
 AMRCLAW: level  1  CFL = .429E+00  dt = 0.5000E+00  final t = 0.173450E+04
 AMRCLAW: level  1  CFL = .429E+00  dt = 0.5000E+00  final t = 0.173500E+04
 AMRCLAW: level  1  CFL = .429E+00  dt = 0.5000E+00  final t = 0.173550E+04
 AMRCLAW: level  1  CFL = .429E+00  dt = 0.5000E+00  final t = 0.173600E+04
 AMRCLAW: level  1  CFL = .429E+00  dt = 0.5000E+00  final t = 0.173650E+04
 AMRCLAW: level  1  CFL = .429E+00  dt = 0.5000E+00  final t = 0.173700E+04
 AMRCLAW: level  1  CFL = .429E+00  dt = 0.5000E+00  final t = 0.173750E+04
 AMRCLAW: level  1  CFL = .429E+00  dt = 0.5000E+00  final t = 0.173800E+04
 AMRCLAW: level  1  CFL = .429E+00  dt = 0.5000E+00  final t = 0.173850E+04
 AMRCLAW: level  1  CFL = .429E+00  dt = 0.5000E+00  final t = 0.173900E+04
 AMRCLAW: level  1  CFL = .429E+00  dt = 0.5000E+00  final t = 0.173950E+04
 AMRCLAW: level  1  CFL = .429E+00  dt = 0.5000E+00  final t = 0.174000E+04
GEOCLAW: Frame   58 output files done at time t =  0.174000D+04

 AMRCLAW: level  1  CFL = .429E+00  dt = 0.5000E+00  final t = 0.174050E+04
 AMRCLAW: level  1  CFL = .429E+00  dt = 0.5000E+00  final t = 0.174100E+04
 AMRCLAW: level  1  CFL = .429E+00  dt = 0.5000E+00  final t = 0.174150E+04
 AMRCLAW: level  1  CFL = .429E+00  dt = 0.5000E+00  final t = 0.174200E+04
 AMRCLAW: level  1  CFL = .429E+00  dt = 0.5000E+00  final t = 0.174250E+04
 AMRCLAW: level  1  CFL = .429E+00  dt = 0.5000E+00  final t = 0.174300E+04
 AMRCLAW: level  1  CFL = .429E+00  dt = 0.5000E+00  final t = 0.174350E+04
 AMRCLAW: level  1  CFL = .429E+00  dt = 0.5000E+00  final t = 0.174400E+04
 AMRCLAW: level  1  CFL = .429E+00  dt = 0.5000E+00  final t = 0.174450E+04
 AMRCLAW: level  1  CFL = .429E+00  dt = 0.5000E+00  final t = 0.174500E+04
 AMRCLAW: level  1  CFL = .429E+00  dt = 0.5000E+00  final t = 0.174550E+04
 AMRCLAW: level  1  CFL = .429E+00  dt = 0.5000E+00  final t = 0.174600E+04
 AMRCLAW: level  1  CFL = .429E+00  dt = 0.5000E+00  final t = 0.174650E+04
 AMRCLAW: level  1  CFL = .429E+00  dt = 0.5000E+00  final t = 0.174700E+04
 AMRCLAW: level  1  CFL = .429E+00  dt = 0.5000E+00  final t = 0.174750E+04
 AMRCLAW: level  1  CFL = .429E+00  dt = 0.5000E+00  final t = 0.174800E+04
 AMRCLAW: level  1  CFL = .429E+00  dt = 0.5000E+00  final t = 0.174850E+04
 AMRCLAW: level  1  CFL = .429E+00  dt = 0.5000E+00  final t = 0.174900E+04
 AMRCLAW: level  1  CFL = .429E+00  dt = 0.5000E+00  final t = 0.174950E+04
 AMRCLAW: level  1  CFL = .429E+00  dt = 0.5000E+00  final t = 0.175000E+04
 AMRCLAW: level  1  CFL = .429E+00  dt = 0.5000E+00  final t = 0.175050E+04
 AMRCLAW: level  1  CFL = .429E+00  dt = 0.5000E+00  final t = 0.175100E+04
 AMRCLAW: level  1  CFL = .429E+00  dt = 0.5000E+00  final t = 0.175150E+04
 AMRCLAW: level  1  CFL = .429E+00  dt = 0.5000E+00  final t = 0.175200E+04
 AMRCLAW: level  1  CFL = .429E+00  dt = 0.5000E+00  final t = 0.175250E+04
 AMRCLAW: level  1  CFL = .429E+00  dt = 0.5000E+00  final t = 0.175300E+04
 AMRCLAW: level  1  CFL = .429E+00  dt = 0.5000E+00  final t = 0.175350E+04
 AMRCLAW: level  1  CFL = .429E+00  dt = 0.5000E+00  final t = 0.175400E+04
 AMRCLAW: level  1  CFL = .429E+00  dt = 0.5000E+00  final t = 0.175450E+04
 AMRCLAW: level  1  CFL = .429E+00  dt = 0.5000E+00  final t = 0.175500E+04
 AMRCLAW: level  1  CFL = .428E+00  dt = 0.5000E+00  final t = 0.175550E+04
 AMRCLAW: level  1  CFL = .428E+00  dt = 0.5000E+00  final t = 0.175600E+04
 AMRCLAW: level  1  CFL = .428E+00  dt = 0.5000E+00  final t = 0.175650E+04
 AMRCLAW: level  1  CFL = .428E+00  dt = 0.5000E+00  final t = 0.175700E+04
 AMRCLAW: level  1  CFL = .428E+00  dt = 0.5000E+00  final t = 0.175750E+04
 AMRCLAW: level  1  CFL = .428E+00  dt = 0.5000E+00  final t = 0.175800E+04
 AMRCLAW: level  1  CFL = .428E+00  dt = 0.5000E+00  final t = 0.175850E+04
 AMRCLAW: level  1  CFL = .428E+00  dt = 0.5000E+00  final t = 0.175900E+04
 AMRCLAW: level  1  CFL = .428E+00  dt = 0.5000E+00  final t = 0.175950E+04
 AMRCLAW: level  1  CFL = .428E+00  dt = 0.5000E+00  final t = 0.176000E+04
 AMRCLAW: level  1  CFL = .428E+00  dt = 0.5000E+00  final t = 0.176050E+04
 AMRCLAW: level  1  CFL = .428E+00  dt = 0.5000E+00  final t = 0.176100E+04
 AMRCLAW: level  1  CFL = .428E+00  dt = 0.5000E+00  final t = 0.176150E+04
 AMRCLAW: level  1  CFL = .428E+00  dt = 0.5000E+00  final t = 0.176200E+04
 AMRCLAW: level  1  CFL = .428E+00  dt = 0.5000E+00  final t = 0.176250E+04
 AMRCLAW: level  1  CFL = .428E+00  dt = 0.5000E+00  final t = 0.176300E+04
 AMRCLAW: level  1  CFL = .428E+00  dt = 0.5000E+00  final t = 0.176350E+04
 AMRCLAW: level  1  CFL = .428E+00  dt = 0.5000E+00  final t = 0.176400E+04
 AMRCLAW: level  1  CFL = .428E+00  dt = 0.5000E+00  final t = 0.176450E+04
 AMRCLAW: level  1  CFL = .427E+00  dt = 0.5000E+00  final t = 0.176500E+04
 AMRCLAW: level  1  CFL = .427E+00  dt = 0.5000E+00  final t = 0.176550E+04
 AMRCLAW: level  1  CFL = .427E+00  dt = 0.5000E+00  final t = 0.176600E+04
 AMRCLAW: level  1  CFL = .427E+00  dt = 0.5000E+00  final t = 0.176650E+04
 AMRCLAW: level  1  CFL = .427E+00  dt = 0.5000E+00  final t = 0.176700E+04
 AMRCLAW: level  1  CFL = .427E+00  dt = 0.5000E+00  final t = 0.176750E+04
 AMRCLAW: level  1  CFL = .427E+00  dt = 0.5000E+00  final t = 0.176800E+04
 AMRCLAW: level  1  CFL = .427E+00  dt = 0.5000E+00  final t = 0.176850E+04
 AMRCLAW: level  1  CFL = .427E+00  dt = 0.5000E+00  final t = 0.176900E+04
 AMRCLAW: level  1  CFL = .427E+00  dt = 0.5000E+00  final t = 0.176950E+04
 AMRCLAW: level  1  CFL = .427E+00  dt = 0.5000E+00  final t = 0.177000E+04
GEOCLAW: Frame   59 output files done at time t =  0.177000D+04

 AMRCLAW: level  1  CFL = .427E+00  dt = 0.5000E+00  final t = 0.177050E+04
 AMRCLAW: level  1  CFL = .427E+00  dt = 0.5000E+00  final t = 0.177100E+04
 AMRCLAW: level  1  CFL = .427E+00  dt = 0.5000E+00  final t = 0.177150E+04
 AMRCLAW: level  1  CFL = .427E+00  dt = 0.5000E+00  final t = 0.177200E+04
 AMRCLAW: level  1  CFL = .427E+00  dt = 0.5000E+00  final t = 0.177250E+04
 AMRCLAW: level  1  CFL = .427E+00  dt = 0.5000E+00  final t = 0.177300E+04
 AMRCLAW: level  1  CFL = .427E+00  dt = 0.5000E+00  final t = 0.177350E+04
 AMRCLAW: level  1  CFL = .427E+00  dt = 0.5000E+00  final t = 0.177400E+04
 AMRCLAW: level  1  CFL = .426E+00  dt = 0.5000E+00  final t = 0.177450E+04
 AMRCLAW: level  1  CFL = .426E+00  dt = 0.5000E+00  final t = 0.177500E+04
 AMRCLAW: level  1  CFL = .426E+00  dt = 0.5000E+00  final t = 0.177550E+04
 AMRCLAW: level  1  CFL = .426E+00  dt = 0.5000E+00  final t = 0.177600E+04
 AMRCLAW: level  1  CFL = .426E+00  dt = 0.5000E+00  final t = 0.177650E+04
 AMRCLAW: level  1  CFL = .426E+00  dt = 0.5000E+00  final t = 0.177700E+04
 AMRCLAW: level  1  CFL = .426E+00  dt = 0.5000E+00  final t = 0.177750E+04
 AMRCLAW: level  1  CFL = .426E+00  dt = 0.5000E+00  final t = 0.177800E+04
 AMRCLAW: level  1  CFL = .426E+00  dt = 0.5000E+00  final t = 0.177850E+04
 AMRCLAW: level  1  CFL = .426E+00  dt = 0.5000E+00  final t = 0.177900E+04
 AMRCLAW: level  1  CFL = .426E+00  dt = 0.5000E+00  final t = 0.177950E+04
 AMRCLAW: level  1  CFL = .426E+00  dt = 0.5000E+00  final t = 0.178000E+04
 AMRCLAW: level  1  CFL = .426E+00  dt = 0.5000E+00  final t = 0.178050E+04
 AMRCLAW: level  1  CFL = .426E+00  dt = 0.5000E+00  final t = 0.178100E+04
 AMRCLAW: level  1  CFL = .426E+00  dt = 0.5000E+00  final t = 0.178150E+04
 AMRCLAW: level  1  CFL = .426E+00  dt = 0.5000E+00  final t = 0.178200E+04
 AMRCLAW: level  1  CFL = .426E+00  dt = 0.5000E+00  final t = 0.178250E+04
 AMRCLAW: level  1  CFL = .426E+00  dt = 0.5000E+00  final t = 0.178300E+04
 AMRCLAW: level  1  CFL = .426E+00  dt = 0.5000E+00  final t = 0.178350E+04
 AMRCLAW: level  1  CFL = .426E+00  dt = 0.5000E+00  final t = 0.178400E+04
 AMRCLAW: level  1  CFL = .426E+00  dt = 0.5000E+00  final t = 0.178450E+04
 AMRCLAW: level  1  CFL = .426E+00  dt = 0.5000E+00  final t = 0.178500E+04
 AMRCLAW: level  1  CFL = .426E+00  dt = 0.5000E+00  final t = 0.178550E+04
 AMRCLAW: level  1  CFL = .426E+00  dt = 0.5000E+00  final t = 0.178600E+04
 AMRCLAW: level  1  CFL = .426E+00  dt = 0.5000E+00  final t = 0.178650E+04
 AMRCLAW: level  1  CFL = .426E+00  dt = 0.5000E+00  final t = 0.178700E+04
 AMRCLAW: level  1  CFL = .426E+00  dt = 0.5000E+00  final t = 0.178750E+04
 AMRCLAW: level  1  CFL = .426E+00  dt = 0.5000E+00  final t = 0.178800E+04
 AMRCLAW: level  1  CFL = .426E+00  dt = 0.5000E+00  final t = 0.178850E+04
 AMRCLAW: level  1  CFL = .426E+00  dt = 0.5000E+00  final t = 0.178900E+04
 AMRCLAW: level  1  CFL = .426E+00  dt = 0.5000E+00  final t = 0.178950E+04
 AMRCLAW: level  1  CFL = .426E+00  dt = 0.5000E+00  final t = 0.179000E+04
 AMRCLAW: level  1  CFL = .426E+00  dt = 0.5000E+00  final t = 0.179050E+04
 AMRCLAW: level  1  CFL = .426E+00  dt = 0.5000E+00  final t = 0.179100E+04
 AMRCLAW: level  1  CFL = .426E+00  dt = 0.5000E+00  final t = 0.179150E+04
 AMRCLAW: level  1  CFL = .426E+00  dt = 0.5000E+00  final t = 0.179200E+04
 AMRCLAW: level  1  CFL = .426E+00  dt = 0.5000E+00  final t = 0.179250E+04
 AMRCLAW: level  1  CFL = .426E+00  dt = 0.5000E+00  final t = 0.179300E+04
 AMRCLAW: level  1  CFL = .426E+00  dt = 0.5000E+00  final t = 0.179350E+04
 AMRCLAW: level  1  CFL = .426E+00  dt = 0.5000E+00  final t = 0.179400E+04
 AMRCLAW: level  1  CFL = .426E+00  dt = 0.5000E+00  final t = 0.179450E+04
 AMRCLAW: level  1  CFL = .426E+00  dt = 0.5000E+00  final t = 0.179500E+04
 AMRCLAW: level  1  CFL = .426E+00  dt = 0.5000E+00  final t = 0.179550E+04
 AMRCLAW: level  1  CFL = .426E+00  dt = 0.5000E+00  final t = 0.179600E+04
 AMRCLAW: level  1  CFL = .426E+00  dt = 0.5000E+00  final t = 0.179650E+04
 AMRCLAW: level  1  CFL = .426E+00  dt = 0.5000E+00  final t = 0.179700E+04
 AMRCLAW: level  1  CFL = .426E+00  dt = 0.5000E+00  final t = 0.179750E+04
 AMRCLAW: level  1  CFL = .426E+00  dt = 0.5000E+00  final t = 0.179800E+04
 AMRCLAW: level  1  CFL = .426E+00  dt = 0.5000E+00  final t = 0.179850E+04
 AMRCLAW: level  1  CFL = .426E+00  dt = 0.5000E+00  final t = 0.179900E+04
 AMRCLAW: level  1  CFL = .426E+00  dt = 0.5000E+00  final t = 0.179950E+04
 AMRCLAW: level  1  CFL = .426E+00  dt = 0.5000E+00  final t = 0.180000E+04
GEOCLAW: Frame   60 output files done at time t =  0.180000D+04

 AMRCLAW: level  1  CFL = .426E+00  dt = 0.5000E+00  final t = 0.180050E+04
 AMRCLAW: level  1  CFL = .426E+00  dt = 0.5000E+00  final t = 0.180100E+04
 AMRCLAW: level  1  CFL = .426E+00  dt = 0.5000E+00  final t = 0.180150E+04
 AMRCLAW: level  1  CFL = .426E+00  dt = 0.5000E+00  final t = 0.180200E+04
 AMRCLAW: level  1  CFL = .426E+00  dt = 0.5000E+00  final t = 0.180250E+04
 AMRCLAW: level  1  CFL = .426E+00  dt = 0.5000E+00  final t = 0.180300E+04
 AMRCLAW: level  1  CFL = .426E+00  dt = 0.5000E+00  final t = 0.180350E+04
 AMRCLAW: level  1  CFL = .426E+00  dt = 0.5000E+00  final t = 0.180400E+04
 AMRCLAW: level  1  CFL = .426E+00  dt = 0.5000E+00  final t = 0.180450E+04
 AMRCLAW: level  1  CFL = .426E+00  dt = 0.5000E+00  final t = 0.180500E+04
 AMRCLAW: level  1  CFL = .426E+00  dt = 0.5000E+00  final t = 0.180550E+04
 AMRCLAW: level  1  CFL = .426E+00  dt = 0.5000E+00  final t = 0.180600E+04
 AMRCLAW: level  1  CFL = .426E+00  dt = 0.5000E+00  final t = 0.180650E+04
 AMRCLAW: level  1  CFL = .426E+00  dt = 0.5000E+00  final t = 0.180700E+04
 AMRCLAW: level  1  CFL = .426E+00  dt = 0.5000E+00  final t = 0.180750E+04
 AMRCLAW: level  1  CFL = .426E+00  dt = 0.5000E+00  final t = 0.180800E+04
 AMRCLAW: level  1  CFL = .426E+00  dt = 0.5000E+00  final t = 0.180850E+04
 AMRCLAW: level  1  CFL = .426E+00  dt = 0.5000E+00  final t = 0.180900E+04
 AMRCLAW: level  1  CFL = .426E+00  dt = 0.5000E+00  final t = 0.180950E+04
 AMRCLAW: level  1  CFL = .426E+00  dt = 0.5000E+00  final t = 0.181000E+04
 AMRCLAW: level  1  CFL = .426E+00  dt = 0.5000E+00  final t = 0.181050E+04
 AMRCLAW: level  1  CFL = .426E+00  dt = 0.5000E+00  final t = 0.181100E+04
 AMRCLAW: level  1  CFL = .426E+00  dt = 0.5000E+00  final t = 0.181150E+04
 AMRCLAW: level  1  CFL = .426E+00  dt = 0.5000E+00  final t = 0.181200E+04
 AMRCLAW: level  1  CFL = .426E+00  dt = 0.5000E+00  final t = 0.181250E+04
 AMRCLAW: level  1  CFL = .426E+00  dt = 0.5000E+00  final t = 0.181300E+04
 AMRCLAW: level  1  CFL = .426E+00  dt = 0.5000E+00  final t = 0.181350E+04
 AMRCLAW: level  1  CFL = .426E+00  dt = 0.5000E+00  final t = 0.181400E+04
 AMRCLAW: level  1  CFL = .426E+00  dt = 0.5000E+00  final t = 0.181450E+04
 AMRCLAW: level  1  CFL = .426E+00  dt = 0.5000E+00  final t = 0.181500E+04
 AMRCLAW: level  1  CFL = .426E+00  dt = 0.5000E+00  final t = 0.181550E+04
 AMRCLAW: level  1  CFL = .426E+00  dt = 0.5000E+00  final t = 0.181600E+04
 AMRCLAW: level  1  CFL = .426E+00  dt = 0.5000E+00  final t = 0.181650E+04
 AMRCLAW: level  1  CFL = .426E+00  dt = 0.5000E+00  final t = 0.181700E+04
 AMRCLAW: level  1  CFL = .426E+00  dt = 0.5000E+00  final t = 0.181750E+04
 AMRCLAW: level  1  CFL = .426E+00  dt = 0.5000E+00  final t = 0.181800E+04
 AMRCLAW: level  1  CFL = .426E+00  dt = 0.5000E+00  final t = 0.181850E+04
 AMRCLAW: level  1  CFL = .426E+00  dt = 0.5000E+00  final t = 0.181900E+04
 AMRCLAW: level  1  CFL = .426E+00  dt = 0.5000E+00  final t = 0.181950E+04
 AMRCLAW: level  1  CFL = .426E+00  dt = 0.5000E+00  final t = 0.182000E+04
 AMRCLAW: level  1  CFL = .426E+00  dt = 0.5000E+00  final t = 0.182050E+04
 AMRCLAW: level  1  CFL = .426E+00  dt = 0.5000E+00  final t = 0.182100E+04
 AMRCLAW: level  1  CFL = .426E+00  dt = 0.5000E+00  final t = 0.182150E+04
 AMRCLAW: level  1  CFL = .426E+00  dt = 0.5000E+00  final t = 0.182200E+04
 AMRCLAW: level  1  CFL = .426E+00  dt = 0.5000E+00  final t = 0.182250E+04
 AMRCLAW: level  1  CFL = .426E+00  dt = 0.5000E+00  final t = 0.182300E+04
 AMRCLAW: level  1  CFL = .426E+00  dt = 0.5000E+00  final t = 0.182350E+04
 AMRCLAW: level  1  CFL = .426E+00  dt = 0.5000E+00  final t = 0.182400E+04
 AMRCLAW: level  1  CFL = .426E+00  dt = 0.5000E+00  final t = 0.182450E+04
 AMRCLAW: level  1  CFL = .426E+00  dt = 0.5000E+00  final t = 0.182500E+04
 AMRCLAW: level  1  CFL = .426E+00  dt = 0.5000E+00  final t = 0.182550E+04
 AMRCLAW: level  1  CFL = .426E+00  dt = 0.5000E+00  final t = 0.182600E+04
 AMRCLAW: level  1  CFL = .426E+00  dt = 0.5000E+00  final t = 0.182650E+04
 AMRCLAW: level  1  CFL = .426E+00  dt = 0.5000E+00  final t = 0.182700E+04
 AMRCLAW: level  1  CFL = .426E+00  dt = 0.5000E+00  final t = 0.182750E+04
 AMRCLAW: level  1  CFL = .426E+00  dt = 0.5000E+00  final t = 0.182800E+04
 AMRCLAW: level  1  CFL = .426E+00  dt = 0.5000E+00  final t = 0.182850E+04
 AMRCLAW: level  1  CFL = .426E+00  dt = 0.5000E+00  final t = 0.182900E+04
 AMRCLAW: level  1  CFL = .426E+00  dt = 0.5000E+00  final t = 0.182950E+04
 AMRCLAW: level  1  CFL = .426E+00  dt = 0.5000E+00  final t = 0.183000E+04
GEOCLAW: Frame   61 output files done at time t =  0.183000D+04

 AMRCLAW: level  1  CFL = .426E+00  dt = 0.5000E+00  final t = 0.183050E+04
 AMRCLAW: level  1  CFL = .426E+00  dt = 0.5000E+00  final t = 0.183100E+04
 AMRCLAW: level  1  CFL = .426E+00  dt = 0.5000E+00  final t = 0.183150E+04
 AMRCLAW: level  1  CFL = .426E+00  dt = 0.5000E+00  final t = 0.183200E+04
 AMRCLAW: level  1  CFL = .426E+00  dt = 0.5000E+00  final t = 0.183250E+04
 AMRCLAW: level  1  CFL = .426E+00  dt = 0.5000E+00  final t = 0.183300E+04
 AMRCLAW: level  1  CFL = .426E+00  dt = 0.5000E+00  final t = 0.183350E+04
 AMRCLAW: level  1  CFL = .426E+00  dt = 0.5000E+00  final t = 0.183400E+04
 AMRCLAW: level  1  CFL = .426E+00  dt = 0.5000E+00  final t = 0.183450E+04
 AMRCLAW: level  1  CFL = .426E+00  dt = 0.5000E+00  final t = 0.183500E+04
 AMRCLAW: level  1  CFL = .426E+00  dt = 0.5000E+00  final t = 0.183550E+04
 AMRCLAW: level  1  CFL = .426E+00  dt = 0.5000E+00  final t = 0.183600E+04
 AMRCLAW: level  1  CFL = .426E+00  dt = 0.5000E+00  final t = 0.183650E+04
 AMRCLAW: level  1  CFL = .426E+00  dt = 0.5000E+00  final t = 0.183700E+04
 AMRCLAW: level  1  CFL = .426E+00  dt = 0.5000E+00  final t = 0.183750E+04
 AMRCLAW: level  1  CFL = .426E+00  dt = 0.5000E+00  final t = 0.183800E+04
 AMRCLAW: level  1  CFL = .426E+00  dt = 0.5000E+00  final t = 0.183850E+04
 AMRCLAW: level  1  CFL = .426E+00  dt = 0.5000E+00  final t = 0.183900E+04
 AMRCLAW: level  1  CFL = .426E+00  dt = 0.5000E+00  final t = 0.183950E+04
 AMRCLAW: level  1  CFL = .426E+00  dt = 0.5000E+00  final t = 0.184000E+04
 AMRCLAW: level  1  CFL = .426E+00  dt = 0.5000E+00  final t = 0.184050E+04
 AMRCLAW: level  1  CFL = .426E+00  dt = 0.5000E+00  final t = 0.184100E+04
 AMRCLAW: level  1  CFL = .426E+00  dt = 0.5000E+00  final t = 0.184150E+04
 AMRCLAW: level  1  CFL = .426E+00  dt = 0.5000E+00  final t = 0.184200E+04
 AMRCLAW: level  1  CFL = .426E+00  dt = 0.5000E+00  final t = 0.184250E+04
 AMRCLAW: level  1  CFL = .426E+00  dt = 0.5000E+00  final t = 0.184300E+04
 AMRCLAW: level  1  CFL = .426E+00  dt = 0.5000E+00  final t = 0.184350E+04
 AMRCLAW: level  1  CFL = .426E+00  dt = 0.5000E+00  final t = 0.184400E+04
 AMRCLAW: level  1  CFL = .426E+00  dt = 0.5000E+00  final t = 0.184450E+04
 AMRCLAW: level  1  CFL = .426E+00  dt = 0.5000E+00  final t = 0.184500E+04
 AMRCLAW: level  1  CFL = .426E+00  dt = 0.5000E+00  final t = 0.184550E+04
 AMRCLAW: level  1  CFL = .426E+00  dt = 0.5000E+00  final t = 0.184600E+04
 AMRCLAW: level  1  CFL = .426E+00  dt = 0.5000E+00  final t = 0.184650E+04
 AMRCLAW: level  1  CFL = .426E+00  dt = 0.5000E+00  final t = 0.184700E+04
 AMRCLAW: level  1  CFL = .426E+00  dt = 0.5000E+00  final t = 0.184750E+04
 AMRCLAW: level  1  CFL = .426E+00  dt = 0.5000E+00  final t = 0.184800E+04
 AMRCLAW: level  1  CFL = .426E+00  dt = 0.5000E+00  final t = 0.184850E+04
 AMRCLAW: level  1  CFL = .426E+00  dt = 0.5000E+00  final t = 0.184900E+04
 AMRCLAW: level  1  CFL = .426E+00  dt = 0.5000E+00  final t = 0.184950E+04
 AMRCLAW: level  1  CFL = .426E+00  dt = 0.5000E+00  final t = 0.185000E+04
 AMRCLAW: level  1  CFL = .426E+00  dt = 0.5000E+00  final t = 0.185050E+04
 AMRCLAW: level  1  CFL = .426E+00  dt = 0.5000E+00  final t = 0.185100E+04
 AMRCLAW: level  1  CFL = .426E+00  dt = 0.5000E+00  final t = 0.185150E+04
 AMRCLAW: level  1  CFL = .426E+00  dt = 0.5000E+00  final t = 0.185200E+04
 AMRCLAW: level  1  CFL = .426E+00  dt = 0.5000E+00  final t = 0.185250E+04
 AMRCLAW: level  1  CFL = .426E+00  dt = 0.5000E+00  final t = 0.185300E+04
 AMRCLAW: level  1  CFL = .426E+00  dt = 0.5000E+00  final t = 0.185350E+04
 AMRCLAW: level  1  CFL = .426E+00  dt = 0.5000E+00  final t = 0.185400E+04
 AMRCLAW: level  1  CFL = .426E+00  dt = 0.5000E+00  final t = 0.185450E+04
 AMRCLAW: level  1  CFL = .426E+00  dt = 0.5000E+00  final t = 0.185500E+04
 AMRCLAW: level  1  CFL = .426E+00  dt = 0.5000E+00  final t = 0.185550E+04
 AMRCLAW: level  1  CFL = .426E+00  dt = 0.5000E+00  final t = 0.185600E+04
 AMRCLAW: level  1  CFL = .426E+00  dt = 0.5000E+00  final t = 0.185650E+04
 AMRCLAW: level  1  CFL = .426E+00  dt = 0.5000E+00  final t = 0.185700E+04
 AMRCLAW: level  1  CFL = .426E+00  dt = 0.5000E+00  final t = 0.185750E+04
 AMRCLAW: level  1  CFL = .426E+00  dt = 0.5000E+00  final t = 0.185800E+04
 AMRCLAW: level  1  CFL = .426E+00  dt = 0.5000E+00  final t = 0.185850E+04
 AMRCLAW: level  1  CFL = .426E+00  dt = 0.5000E+00  final t = 0.185900E+04
 AMRCLAW: level  1  CFL = .426E+00  dt = 0.5000E+00  final t = 0.185950E+04
 AMRCLAW: level  1  CFL = .426E+00  dt = 0.5000E+00  final t = 0.186000E+04
GEOCLAW: Frame   62 output files done at time t =  0.186000D+04

 AMRCLAW: level  1  CFL = .426E+00  dt = 0.5000E+00  final t = 0.186050E+04
 AMRCLAW: level  1  CFL = .426E+00  dt = 0.5000E+00  final t = 0.186100E+04
 AMRCLAW: level  1  CFL = .426E+00  dt = 0.5000E+00  final t = 0.186150E+04
 AMRCLAW: level  1  CFL = .426E+00  dt = 0.5000E+00  final t = 0.186200E+04
 AMRCLAW: level  1  CFL = .426E+00  dt = 0.5000E+00  final t = 0.186250E+04
 AMRCLAW: level  1  CFL = .426E+00  dt = 0.5000E+00  final t = 0.186300E+04
 AMRCLAW: level  1  CFL = .426E+00  dt = 0.5000E+00  final t = 0.186350E+04
 AMRCLAW: level  1  CFL = .426E+00  dt = 0.5000E+00  final t = 0.186400E+04
 AMRCLAW: level  1  CFL = .426E+00  dt = 0.5000E+00  final t = 0.186450E+04
 AMRCLAW: level  1  CFL = .426E+00  dt = 0.5000E+00  final t = 0.186500E+04
 AMRCLAW: level  1  CFL = .426E+00  dt = 0.5000E+00  final t = 0.186550E+04
 AMRCLAW: level  1  CFL = .426E+00  dt = 0.5000E+00  final t = 0.186600E+04
 AMRCLAW: level  1  CFL = .426E+00  dt = 0.5000E+00  final t = 0.186650E+04
 AMRCLAW: level  1  CFL = .426E+00  dt = 0.5000E+00  final t = 0.186700E+04
 AMRCLAW: level  1  CFL = .426E+00  dt = 0.5000E+00  final t = 0.186750E+04
 AMRCLAW: level  1  CFL = .426E+00  dt = 0.5000E+00  final t = 0.186800E+04
 AMRCLAW: level  1  CFL = .426E+00  dt = 0.5000E+00  final t = 0.186850E+04
 AMRCLAW: level  1  CFL = .426E+00  dt = 0.5000E+00  final t = 0.186900E+04
 AMRCLAW: level  1  CFL = .426E+00  dt = 0.5000E+00  final t = 0.186950E+04
 AMRCLAW: level  1  CFL = .426E+00  dt = 0.5000E+00  final t = 0.187000E+04
 AMRCLAW: level  1  CFL = .426E+00  dt = 0.5000E+00  final t = 0.187050E+04
 AMRCLAW: level  1  CFL = .426E+00  dt = 0.5000E+00  final t = 0.187100E+04
 AMRCLAW: level  1  CFL = .426E+00  dt = 0.5000E+00  final t = 0.187150E+04
 AMRCLAW: level  1  CFL = .426E+00  dt = 0.5000E+00  final t = 0.187200E+04
 AMRCLAW: level  1  CFL = .426E+00  dt = 0.5000E+00  final t = 0.187250E+04
 AMRCLAW: level  1  CFL = .426E+00  dt = 0.5000E+00  final t = 0.187300E+04
 AMRCLAW: level  1  CFL = .426E+00  dt = 0.5000E+00  final t = 0.187350E+04
 AMRCLAW: level  1  CFL = .426E+00  dt = 0.5000E+00  final t = 0.187400E+04
 AMRCLAW: level  1  CFL = .426E+00  dt = 0.5000E+00  final t = 0.187450E+04
 AMRCLAW: level  1  CFL = .426E+00  dt = 0.5000E+00  final t = 0.187500E+04
 AMRCLAW: level  1  CFL = .426E+00  dt = 0.5000E+00  final t = 0.187550E+04
 AMRCLAW: level  1  CFL = .426E+00  dt = 0.5000E+00  final t = 0.187600E+04
 AMRCLAW: level  1  CFL = .426E+00  dt = 0.5000E+00  final t = 0.187650E+04
 AMRCLAW: level  1  CFL = .426E+00  dt = 0.5000E+00  final t = 0.187700E+04
 AMRCLAW: level  1  CFL = .426E+00  dt = 0.5000E+00  final t = 0.187750E+04
 AMRCLAW: level  1  CFL = .426E+00  dt = 0.5000E+00  final t = 0.187800E+04
 AMRCLAW: level  1  CFL = .426E+00  dt = 0.5000E+00  final t = 0.187850E+04
 AMRCLAW: level  1  CFL = .426E+00  dt = 0.5000E+00  final t = 0.187900E+04
 AMRCLAW: level  1  CFL = .426E+00  dt = 0.5000E+00  final t = 0.187950E+04
 AMRCLAW: level  1  CFL = .426E+00  dt = 0.5000E+00  final t = 0.188000E+04
 AMRCLAW: level  1  CFL = .426E+00  dt = 0.5000E+00  final t = 0.188050E+04
 AMRCLAW: level  1  CFL = .426E+00  dt = 0.5000E+00  final t = 0.188100E+04
 AMRCLAW: level  1  CFL = .426E+00  dt = 0.5000E+00  final t = 0.188150E+04
 AMRCLAW: level  1  CFL = .426E+00  dt = 0.5000E+00  final t = 0.188200E+04
 AMRCLAW: level  1  CFL = .426E+00  dt = 0.5000E+00  final t = 0.188250E+04
 AMRCLAW: level  1  CFL = .426E+00  dt = 0.5000E+00  final t = 0.188300E+04
 AMRCLAW: level  1  CFL = .426E+00  dt = 0.5000E+00  final t = 0.188350E+04
 AMRCLAW: level  1  CFL = .426E+00  dt = 0.5000E+00  final t = 0.188400E+04
 AMRCLAW: level  1  CFL = .426E+00  dt = 0.5000E+00  final t = 0.188450E+04
 AMRCLAW: level  1  CFL = .426E+00  dt = 0.5000E+00  final t = 0.188500E+04
 AMRCLAW: level  1  CFL = .426E+00  dt = 0.5000E+00  final t = 0.188550E+04
 AMRCLAW: level  1  CFL = .426E+00  dt = 0.5000E+00  final t = 0.188600E+04
 AMRCLAW: level  1  CFL = .426E+00  dt = 0.5000E+00  final t = 0.188650E+04
 AMRCLAW: level  1  CFL = .426E+00  dt = 0.5000E+00  final t = 0.188700E+04
 AMRCLAW: level  1  CFL = .426E+00  dt = 0.5000E+00  final t = 0.188750E+04
 AMRCLAW: level  1  CFL = .426E+00  dt = 0.5000E+00  final t = 0.188800E+04
 AMRCLAW: level  1  CFL = .426E+00  dt = 0.5000E+00  final t = 0.188850E+04
 AMRCLAW: level  1  CFL = .426E+00  dt = 0.5000E+00  final t = 0.188900E+04
 AMRCLAW: level  1  CFL = .426E+00  dt = 0.5000E+00  final t = 0.188950E+04
 AMRCLAW: level  1  CFL = .426E+00  dt = 0.5000E+00  final t = 0.189000E+04
GEOCLAW: Frame   63 output files done at time t =  0.189000D+04

 AMRCLAW: level  1  CFL = .426E+00  dt = 0.5000E+00  final t = 0.189050E+04
 AMRCLAW: level  1  CFL = .426E+00  dt = 0.5000E+00  final t = 0.189100E+04
 AMRCLAW: level  1  CFL = .426E+00  dt = 0.5000E+00  final t = 0.189150E+04
 AMRCLAW: level  1  CFL = .426E+00  dt = 0.5000E+00  final t = 0.189200E+04
 AMRCLAW: level  1  CFL = .426E+00  dt = 0.5000E+00  final t = 0.189250E+04
 AMRCLAW: level  1  CFL = .426E+00  dt = 0.5000E+00  final t = 0.189300E+04
 AMRCLAW: level  1  CFL = .426E+00  dt = 0.5000E+00  final t = 0.189350E+04
 AMRCLAW: level  1  CFL = .426E+00  dt = 0.5000E+00  final t = 0.189400E+04
 AMRCLAW: level  1  CFL = .426E+00  dt = 0.5000E+00  final t = 0.189450E+04
 AMRCLAW: level  1  CFL = .426E+00  dt = 0.5000E+00  final t = 0.189500E+04
 AMRCLAW: level  1  CFL = .426E+00  dt = 0.5000E+00  final t = 0.189550E+04
 AMRCLAW: level  1  CFL = .426E+00  dt = 0.5000E+00  final t = 0.189600E+04
 AMRCLAW: level  1  CFL = .426E+00  dt = 0.5000E+00  final t = 0.189650E+04
 AMRCLAW: level  1  CFL = .426E+00  dt = 0.5000E+00  final t = 0.189700E+04
 AMRCLAW: level  1  CFL = .426E+00  dt = 0.5000E+00  final t = 0.189750E+04
 AMRCLAW: level  1  CFL = .426E+00  dt = 0.5000E+00  final t = 0.189800E+04
 AMRCLAW: level  1  CFL = .426E+00  dt = 0.5000E+00  final t = 0.189850E+04
 AMRCLAW: level  1  CFL = .426E+00  dt = 0.5000E+00  final t = 0.189900E+04
 AMRCLAW: level  1  CFL = .426E+00  dt = 0.5000E+00  final t = 0.189950E+04
 AMRCLAW: level  1  CFL = .426E+00  dt = 0.5000E+00  final t = 0.190000E+04
 AMRCLAW: level  1  CFL = .426E+00  dt = 0.5000E+00  final t = 0.190050E+04
 AMRCLAW: level  1  CFL = .426E+00  dt = 0.5000E+00  final t = 0.190100E+04
 AMRCLAW: level  1  CFL = .426E+00  dt = 0.5000E+00  final t = 0.190150E+04
 AMRCLAW: level  1  CFL = .426E+00  dt = 0.5000E+00  final t = 0.190200E+04
 AMRCLAW: level  1  CFL = .426E+00  dt = 0.5000E+00  final t = 0.190250E+04
 AMRCLAW: level  1  CFL = .426E+00  dt = 0.5000E+00  final t = 0.190300E+04
 AMRCLAW: level  1  CFL = .426E+00  dt = 0.5000E+00  final t = 0.190350E+04
 AMRCLAW: level  1  CFL = .426E+00  dt = 0.5000E+00  final t = 0.190400E+04
 AMRCLAW: level  1  CFL = .426E+00  dt = 0.5000E+00  final t = 0.190450E+04
 AMRCLAW: level  1  CFL = .426E+00  dt = 0.5000E+00  final t = 0.190500E+04
 AMRCLAW: level  1  CFL = .426E+00  dt = 0.5000E+00  final t = 0.190550E+04
 AMRCLAW: level  1  CFL = .426E+00  dt = 0.5000E+00  final t = 0.190600E+04
 AMRCLAW: level  1  CFL = .426E+00  dt = 0.5000E+00  final t = 0.190650E+04
 AMRCLAW: level  1  CFL = .426E+00  dt = 0.5000E+00  final t = 0.190700E+04
 AMRCLAW: level  1  CFL = .426E+00  dt = 0.5000E+00  final t = 0.190750E+04
 AMRCLAW: level  1  CFL = .426E+00  dt = 0.5000E+00  final t = 0.190800E+04
 AMRCLAW: level  1  CFL = .426E+00  dt = 0.5000E+00  final t = 0.190850E+04
 AMRCLAW: level  1  CFL = .426E+00  dt = 0.5000E+00  final t = 0.190900E+04
 AMRCLAW: level  1  CFL = .426E+00  dt = 0.5000E+00  final t = 0.190950E+04
 AMRCLAW: level  1  CFL = .426E+00  dt = 0.5000E+00  final t = 0.191000E+04
 AMRCLAW: level  1  CFL = .426E+00  dt = 0.5000E+00  final t = 0.191050E+04
 AMRCLAW: level  1  CFL = .426E+00  dt = 0.5000E+00  final t = 0.191100E+04
 AMRCLAW: level  1  CFL = .426E+00  dt = 0.5000E+00  final t = 0.191150E+04
 AMRCLAW: level  1  CFL = .426E+00  dt = 0.5000E+00  final t = 0.191200E+04
 AMRCLAW: level  1  CFL = .426E+00  dt = 0.5000E+00  final t = 0.191250E+04
 AMRCLAW: level  1  CFL = .426E+00  dt = 0.5000E+00  final t = 0.191300E+04
 AMRCLAW: level  1  CFL = .426E+00  dt = 0.5000E+00  final t = 0.191350E+04
 AMRCLAW: level  1  CFL = .426E+00  dt = 0.5000E+00  final t = 0.191400E+04
 AMRCLAW: level  1  CFL = .426E+00  dt = 0.5000E+00  final t = 0.191450E+04
 AMRCLAW: level  1  CFL = .426E+00  dt = 0.5000E+00  final t = 0.191500E+04
 AMRCLAW: level  1  CFL = .426E+00  dt = 0.5000E+00  final t = 0.191550E+04
 AMRCLAW: level  1  CFL = .426E+00  dt = 0.5000E+00  final t = 0.191600E+04
 AMRCLAW: level  1  CFL = .426E+00  dt = 0.5000E+00  final t = 0.191650E+04
 AMRCLAW: level  1  CFL = .426E+00  dt = 0.5000E+00  final t = 0.191700E+04
 AMRCLAW: level  1  CFL = .426E+00  dt = 0.5000E+00  final t = 0.191750E+04
 AMRCLAW: level  1  CFL = .426E+00  dt = 0.5000E+00  final t = 0.191800E+04
 AMRCLAW: level  1  CFL = .426E+00  dt = 0.5000E+00  final t = 0.191850E+04
 AMRCLAW: level  1  CFL = .426E+00  dt = 0.5000E+00  final t = 0.191900E+04
 AMRCLAW: level  1  CFL = .426E+00  dt = 0.5000E+00  final t = 0.191950E+04
 AMRCLAW: level  1  CFL = .426E+00  dt = 0.5000E+00  final t = 0.192000E+04
GEOCLAW: Frame   64 output files done at time t =  0.192000D+04

 AMRCLAW: level  1  CFL = .426E+00  dt = 0.5000E+00  final t = 0.192050E+04
 AMRCLAW: level  1  CFL = .426E+00  dt = 0.5000E+00  final t = 0.192100E+04
 AMRCLAW: level  1  CFL = .426E+00  dt = 0.5000E+00  final t = 0.192150E+04
 AMRCLAW: level  1  CFL = .426E+00  dt = 0.5000E+00  final t = 0.192200E+04
 AMRCLAW: level  1  CFL = .426E+00  dt = 0.5000E+00  final t = 0.192250E+04
 AMRCLAW: level  1  CFL = .426E+00  dt = 0.5000E+00  final t = 0.192300E+04
 AMRCLAW: level  1  CFL = .426E+00  dt = 0.5000E+00  final t = 0.192350E+04
 AMRCLAW: level  1  CFL = .426E+00  dt = 0.5000E+00  final t = 0.192400E+04
 AMRCLAW: level  1  CFL = .426E+00  dt = 0.5000E+00  final t = 0.192450E+04
 AMRCLAW: level  1  CFL = .426E+00  dt = 0.5000E+00  final t = 0.192500E+04
 AMRCLAW: level  1  CFL = .426E+00  dt = 0.5000E+00  final t = 0.192550E+04
 AMRCLAW: level  1  CFL = .426E+00  dt = 0.5000E+00  final t = 0.192600E+04
 AMRCLAW: level  1  CFL = .426E+00  dt = 0.5000E+00  final t = 0.192650E+04
 AMRCLAW: level  1  CFL = .426E+00  dt = 0.5000E+00  final t = 0.192700E+04
 AMRCLAW: level  1  CFL = .426E+00  dt = 0.5000E+00  final t = 0.192750E+04
 AMRCLAW: level  1  CFL = .426E+00  dt = 0.5000E+00  final t = 0.192800E+04
 AMRCLAW: level  1  CFL = .426E+00  dt = 0.5000E+00  final t = 0.192850E+04
 AMRCLAW: level  1  CFL = .426E+00  dt = 0.5000E+00  final t = 0.192900E+04
 AMRCLAW: level  1  CFL = .426E+00  dt = 0.5000E+00  final t = 0.192950E+04
 AMRCLAW: level  1  CFL = .426E+00  dt = 0.5000E+00  final t = 0.193000E+04
 AMRCLAW: level  1  CFL = .426E+00  dt = 0.5000E+00  final t = 0.193050E+04
 AMRCLAW: level  1  CFL = .426E+00  dt = 0.5000E+00  final t = 0.193100E+04
 AMRCLAW: level  1  CFL = .426E+00  dt = 0.5000E+00  final t = 0.193150E+04
 AMRCLAW: level  1  CFL = .426E+00  dt = 0.5000E+00  final t = 0.193200E+04
 AMRCLAW: level  1  CFL = .426E+00  dt = 0.5000E+00  final t = 0.193250E+04
 AMRCLAW: level  1  CFL = .426E+00  dt = 0.5000E+00  final t = 0.193300E+04
 AMRCLAW: level  1  CFL = .426E+00  dt = 0.5000E+00  final t = 0.193350E+04
 AMRCLAW: level  1  CFL = .426E+00  dt = 0.5000E+00  final t = 0.193400E+04
 AMRCLAW: level  1  CFL = .426E+00  dt = 0.5000E+00  final t = 0.193450E+04
 AMRCLAW: level  1  CFL = .426E+00  dt = 0.5000E+00  final t = 0.193500E+04
 AMRCLAW: level  1  CFL = .426E+00  dt = 0.5000E+00  final t = 0.193550E+04
 AMRCLAW: level  1  CFL = .426E+00  dt = 0.5000E+00  final t = 0.193600E+04
 AMRCLAW: level  1  CFL = .426E+00  dt = 0.5000E+00  final t = 0.193650E+04
 AMRCLAW: level  1  CFL = .426E+00  dt = 0.5000E+00  final t = 0.193700E+04
 AMRCLAW: level  1  CFL = .426E+00  dt = 0.5000E+00  final t = 0.193750E+04
 AMRCLAW: level  1  CFL = .426E+00  dt = 0.5000E+00  final t = 0.193800E+04
 AMRCLAW: level  1  CFL = .426E+00  dt = 0.5000E+00  final t = 0.193850E+04
 AMRCLAW: level  1  CFL = .426E+00  dt = 0.5000E+00  final t = 0.193900E+04
 AMRCLAW: level  1  CFL = .426E+00  dt = 0.5000E+00  final t = 0.193950E+04
 AMRCLAW: level  1  CFL = .426E+00  dt = 0.5000E+00  final t = 0.194000E+04
 AMRCLAW: level  1  CFL = .426E+00  dt = 0.5000E+00  final t = 0.194050E+04
 AMRCLAW: level  1  CFL = .426E+00  dt = 0.5000E+00  final t = 0.194100E+04
 AMRCLAW: level  1  CFL = .426E+00  dt = 0.5000E+00  final t = 0.194150E+04
 AMRCLAW: level  1  CFL = .426E+00  dt = 0.5000E+00  final t = 0.194200E+04
 AMRCLAW: level  1  CFL = .426E+00  dt = 0.5000E+00  final t = 0.194250E+04
 AMRCLAW: level  1  CFL = .426E+00  dt = 0.5000E+00  final t = 0.194300E+04
 AMRCLAW: level  1  CFL = .426E+00  dt = 0.5000E+00  final t = 0.194350E+04
 AMRCLAW: level  1  CFL = .426E+00  dt = 0.5000E+00  final t = 0.194400E+04
 AMRCLAW: level  1  CFL = .426E+00  dt = 0.5000E+00  final t = 0.194450E+04
 AMRCLAW: level  1  CFL = .426E+00  dt = 0.5000E+00  final t = 0.194500E+04
 AMRCLAW: level  1  CFL = .426E+00  dt = 0.5000E+00  final t = 0.194550E+04
 AMRCLAW: level  1  CFL = .426E+00  dt = 0.5000E+00  final t = 0.194600E+04
 AMRCLAW: level  1  CFL = .426E+00  dt = 0.5000E+00  final t = 0.194650E+04
 AMRCLAW: level  1  CFL = .426E+00  dt = 0.5000E+00  final t = 0.194700E+04
 AMRCLAW: level  1  CFL = .426E+00  dt = 0.5000E+00  final t = 0.194750E+04
 AMRCLAW: level  1  CFL = .426E+00  dt = 0.5000E+00  final t = 0.194800E+04
 AMRCLAW: level  1  CFL = .426E+00  dt = 0.5000E+00  final t = 0.194850E+04
 AMRCLAW: level  1  CFL = .426E+00  dt = 0.5000E+00  final t = 0.194900E+04
 AMRCLAW: level  1  CFL = .426E+00  dt = 0.5000E+00  final t = 0.194950E+04
 AMRCLAW: level  1  CFL = .426E+00  dt = 0.5000E+00  final t = 0.195000E+04
GEOCLAW: Frame   65 output files done at time t =  0.195000D+04

 AMRCLAW: level  1  CFL = .426E+00  dt = 0.5000E+00  final t = 0.195050E+04
 AMRCLAW: level  1  CFL = .426E+00  dt = 0.5000E+00  final t = 0.195100E+04
 AMRCLAW: level  1  CFL = .426E+00  dt = 0.5000E+00  final t = 0.195150E+04
 AMRCLAW: level  1  CFL = .426E+00  dt = 0.5000E+00  final t = 0.195200E+04
 AMRCLAW: level  1  CFL = .426E+00  dt = 0.5000E+00  final t = 0.195250E+04
 AMRCLAW: level  1  CFL = .426E+00  dt = 0.5000E+00  final t = 0.195300E+04
 AMRCLAW: level  1  CFL = .426E+00  dt = 0.5000E+00  final t = 0.195350E+04
 AMRCLAW: level  1  CFL = .426E+00  dt = 0.5000E+00  final t = 0.195400E+04
 AMRCLAW: level  1  CFL = .426E+00  dt = 0.5000E+00  final t = 0.195450E+04
 AMRCLAW: level  1  CFL = .426E+00  dt = 0.5000E+00  final t = 0.195500E+04
 AMRCLAW: level  1  CFL = .426E+00  dt = 0.5000E+00  final t = 0.195550E+04
 AMRCLAW: level  1  CFL = .426E+00  dt = 0.5000E+00  final t = 0.195600E+04
 AMRCLAW: level  1  CFL = .426E+00  dt = 0.5000E+00  final t = 0.195650E+04
 AMRCLAW: level  1  CFL = .426E+00  dt = 0.5000E+00  final t = 0.195700E+04
 AMRCLAW: level  1  CFL = .426E+00  dt = 0.5000E+00  final t = 0.195750E+04
 AMRCLAW: level  1  CFL = .426E+00  dt = 0.5000E+00  final t = 0.195800E+04
 AMRCLAW: level  1  CFL = .426E+00  dt = 0.5000E+00  final t = 0.195850E+04
 AMRCLAW: level  1  CFL = .426E+00  dt = 0.5000E+00  final t = 0.195900E+04
 AMRCLAW: level  1  CFL = .426E+00  dt = 0.5000E+00  final t = 0.195950E+04
 AMRCLAW: level  1  CFL = .426E+00  dt = 0.5000E+00  final t = 0.196000E+04
 AMRCLAW: level  1  CFL = .426E+00  dt = 0.5000E+00  final t = 0.196050E+04
 AMRCLAW: level  1  CFL = .426E+00  dt = 0.5000E+00  final t = 0.196100E+04
 AMRCLAW: level  1  CFL = .426E+00  dt = 0.5000E+00  final t = 0.196150E+04
 AMRCLAW: level  1  CFL = .426E+00  dt = 0.5000E+00  final t = 0.196200E+04
 AMRCLAW: level  1  CFL = .426E+00  dt = 0.5000E+00  final t = 0.196250E+04
 AMRCLAW: level  1  CFL = .426E+00  dt = 0.5000E+00  final t = 0.196300E+04
 AMRCLAW: level  1  CFL = .426E+00  dt = 0.5000E+00  final t = 0.196350E+04
 AMRCLAW: level  1  CFL = .426E+00  dt = 0.5000E+00  final t = 0.196400E+04
 AMRCLAW: level  1  CFL = .426E+00  dt = 0.5000E+00  final t = 0.196450E+04
 AMRCLAW: level  1  CFL = .426E+00  dt = 0.5000E+00  final t = 0.196500E+04
 AMRCLAW: level  1  CFL = .426E+00  dt = 0.5000E+00  final t = 0.196550E+04
 AMRCLAW: level  1  CFL = .426E+00  dt = 0.5000E+00  final t = 0.196600E+04
 AMRCLAW: level  1  CFL = .427E+00  dt = 0.5000E+00  final t = 0.196650E+04
 AMRCLAW: level  1  CFL = .427E+00  dt = 0.5000E+00  final t = 0.196700E+04
 AMRCLAW: level  1  CFL = .427E+00  dt = 0.5000E+00  final t = 0.196750E+04
 AMRCLAW: level  1  CFL = .427E+00  dt = 0.5000E+00  final t = 0.196800E+04
 AMRCLAW: level  1  CFL = .427E+00  dt = 0.5000E+00  final t = 0.196850E+04
 AMRCLAW: level  1  CFL = .427E+00  dt = 0.5000E+00  final t = 0.196900E+04
 AMRCLAW: level  1  CFL = .427E+00  dt = 0.5000E+00  final t = 0.196950E+04
 AMRCLAW: level  1  CFL = .427E+00  dt = 0.5000E+00  final t = 0.197000E+04
 AMRCLAW: level  1  CFL = .427E+00  dt = 0.5000E+00  final t = 0.197050E+04
 AMRCLAW: level  1  CFL = .427E+00  dt = 0.5000E+00  final t = 0.197100E+04
 AMRCLAW: level  1  CFL = .427E+00  dt = 0.5000E+00  final t = 0.197150E+04
 AMRCLAW: level  1  CFL = .426E+00  dt = 0.5000E+00  final t = 0.197200E+04
 AMRCLAW: level  1  CFL = .426E+00  dt = 0.5000E+00  final t = 0.197250E+04
 AMRCLAW: level  1  CFL = .426E+00  dt = 0.5000E+00  final t = 0.197300E+04
 AMRCLAW: level  1  CFL = .426E+00  dt = 0.5000E+00  final t = 0.197350E+04
 AMRCLAW: level  1  CFL = .426E+00  dt = 0.5000E+00  final t = 0.197400E+04
 AMRCLAW: level  1  CFL = .426E+00  dt = 0.5000E+00  final t = 0.197450E+04
 AMRCLAW: level  1  CFL = .426E+00  dt = 0.5000E+00  final t = 0.197500E+04
 AMRCLAW: level  1  CFL = .426E+00  dt = 0.5000E+00  final t = 0.197550E+04
 AMRCLAW: level  1  CFL = .426E+00  dt = 0.5000E+00  final t = 0.197600E+04
 AMRCLAW: level  1  CFL = .426E+00  dt = 0.5000E+00  final t = 0.197650E+04
 AMRCLAW: level  1  CFL = .426E+00  dt = 0.5000E+00  final t = 0.197700E+04
 AMRCLAW: level  1  CFL = .426E+00  dt = 0.5000E+00  final t = 0.197750E+04
 AMRCLAW: level  1  CFL = .426E+00  dt = 0.5000E+00  final t = 0.197800E+04
 AMRCLAW: level  1  CFL = .426E+00  dt = 0.5000E+00  final t = 0.197850E+04
 AMRCLAW: level  1  CFL = .426E+00  dt = 0.5000E+00  final t = 0.197900E+04
 AMRCLAW: level  1  CFL = .426E+00  dt = 0.5000E+00  final t = 0.197950E+04
 AMRCLAW: level  1  CFL = .426E+00  dt = 0.5000E+00  final t = 0.198000E+04
GEOCLAW: Frame   66 output files done at time t =  0.198000D+04

 AMRCLAW: level  1  CFL = .426E+00  dt = 0.5000E+00  final t = 0.198050E+04
 AMRCLAW: level  1  CFL = .426E+00  dt = 0.5000E+00  final t = 0.198100E+04
 AMRCLAW: level  1  CFL = .426E+00  dt = 0.5000E+00  final t = 0.198150E+04
 AMRCLAW: level  1  CFL = .426E+00  dt = 0.5000E+00  final t = 0.198200E+04
 AMRCLAW: level  1  CFL = .426E+00  dt = 0.5000E+00  final t = 0.198250E+04
 AMRCLAW: level  1  CFL = .426E+00  dt = 0.5000E+00  final t = 0.198300E+04
 AMRCLAW: level  1  CFL = .426E+00  dt = 0.5000E+00  final t = 0.198350E+04
 AMRCLAW: level  1  CFL = .426E+00  dt = 0.5000E+00  final t = 0.198400E+04
 AMRCLAW: level  1  CFL = .426E+00  dt = 0.5000E+00  final t = 0.198450E+04
 AMRCLAW: level  1  CFL = .426E+00  dt = 0.5000E+00  final t = 0.198500E+04
 AMRCLAW: level  1  CFL = .426E+00  dt = 0.5000E+00  final t = 0.198550E+04
 AMRCLAW: level  1  CFL = .426E+00  dt = 0.5000E+00  final t = 0.198600E+04
 AMRCLAW: level  1  CFL = .426E+00  dt = 0.5000E+00  final t = 0.198650E+04
 AMRCLAW: level  1  CFL = .426E+00  dt = 0.5000E+00  final t = 0.198700E+04
 AMRCLAW: level  1  CFL = .426E+00  dt = 0.5000E+00  final t = 0.198750E+04
 AMRCLAW: level  1  CFL = .426E+00  dt = 0.5000E+00  final t = 0.198800E+04
 AMRCLAW: level  1  CFL = .426E+00  dt = 0.5000E+00  final t = 0.198850E+04
 AMRCLAW: level  1  CFL = .426E+00  dt = 0.5000E+00  final t = 0.198900E+04
 AMRCLAW: level  1  CFL = .426E+00  dt = 0.5000E+00  final t = 0.198950E+04
 AMRCLAW: level  1  CFL = .426E+00  dt = 0.5000E+00  final t = 0.199000E+04
 AMRCLAW: level  1  CFL = .426E+00  dt = 0.5000E+00  final t = 0.199050E+04
 AMRCLAW: level  1  CFL = .426E+00  dt = 0.5000E+00  final t = 0.199100E+04
 AMRCLAW: level  1  CFL = .426E+00  dt = 0.5000E+00  final t = 0.199150E+04
 AMRCLAW: level  1  CFL = .426E+00  dt = 0.5000E+00  final t = 0.199200E+04
 AMRCLAW: level  1  CFL = .426E+00  dt = 0.5000E+00  final t = 0.199250E+04
 AMRCLAW: level  1  CFL = .426E+00  dt = 0.5000E+00  final t = 0.199300E+04
 AMRCLAW: level  1  CFL = .426E+00  dt = 0.5000E+00  final t = 0.199350E+04
 AMRCLAW: level  1  CFL = .426E+00  dt = 0.5000E+00  final t = 0.199400E+04
 AMRCLAW: level  1  CFL = .426E+00  dt = 0.5000E+00  final t = 0.199450E+04
 AMRCLAW: level  1  CFL = .426E+00  dt = 0.5000E+00  final t = 0.199500E+04
 AMRCLAW: level  1  CFL = .426E+00  dt = 0.5000E+00  final t = 0.199550E+04
 AMRCLAW: level  1  CFL = .426E+00  dt = 0.5000E+00  final t = 0.199600E+04
 AMRCLAW: level  1  CFL = .426E+00  dt = 0.5000E+00  final t = 0.199650E+04
 AMRCLAW: level  1  CFL = .427E+00  dt = 0.5000E+00  final t = 0.199700E+04
 AMRCLAW: level  1  CFL = .427E+00  dt = 0.5000E+00  final t = 0.199750E+04
 AMRCLAW: level  1  CFL = .427E+00  dt = 0.5000E+00  final t = 0.199800E+04
 AMRCLAW: level  1  CFL = .427E+00  dt = 0.5000E+00  final t = 0.199850E+04
 AMRCLAW: level  1  CFL = .427E+00  dt = 0.5000E+00  final t = 0.199900E+04
 AMRCLAW: level  1  CFL = .427E+00  dt = 0.5000E+00  final t = 0.199950E+04
 AMRCLAW: level  1  CFL = .427E+00  dt = 0.5000E+00  final t = 0.200000E+04
 AMRCLAW: level  1  CFL = .427E+00  dt = 0.5000E+00  final t = 0.200050E+04
 AMRCLAW: level  1  CFL = .427E+00  dt = 0.5000E+00  final t = 0.200100E+04
 AMRCLAW: level  1  CFL = .427E+00  dt = 0.5000E+00  final t = 0.200150E+04
 AMRCLAW: level  1  CFL = .427E+00  dt = 0.5000E+00  final t = 0.200200E+04
 AMRCLAW: level  1  CFL = .427E+00  dt = 0.5000E+00  final t = 0.200250E+04
 AMRCLAW: level  1  CFL = .427E+00  dt = 0.5000E+00  final t = 0.200300E+04
 AMRCLAW: level  1  CFL = .427E+00  dt = 0.5000E+00  final t = 0.200350E+04
 AMRCLAW: level  1  CFL = .427E+00  dt = 0.5000E+00  final t = 0.200400E+04
 AMRCLAW: level  1  CFL = .427E+00  dt = 0.5000E+00  final t = 0.200450E+04
 AMRCLAW: level  1  CFL = .427E+00  dt = 0.5000E+00  final t = 0.200500E+04
 AMRCLAW: level  1  CFL = .427E+00  dt = 0.5000E+00  final t = 0.200550E+04
 AMRCLAW: level  1  CFL = .427E+00  dt = 0.5000E+00  final t = 0.200600E+04
 AMRCLAW: level  1  CFL = .427E+00  dt = 0.5000E+00  final t = 0.200650E+04
 AMRCLAW: level  1  CFL = .427E+00  dt = 0.5000E+00  final t = 0.200700E+04
 AMRCLAW: level  1  CFL = .427E+00  dt = 0.5000E+00  final t = 0.200750E+04
 AMRCLAW: level  1  CFL = .427E+00  dt = 0.5000E+00  final t = 0.200800E+04
 AMRCLAW: level  1  CFL = .426E+00  dt = 0.5000E+00  final t = 0.200850E+04
 AMRCLAW: level  1  CFL = .426E+00  dt = 0.5000E+00  final t = 0.200900E+04
 AMRCLAW: level  1  CFL = .426E+00  dt = 0.5000E+00  final t = 0.200950E+04
 AMRCLAW: level  1  CFL = .426E+00  dt = 0.5000E+00  final t = 0.201000E+04
GEOCLAW: Frame   67 output files done at time t =  0.201000D+04

 AMRCLAW: level  1  CFL = .426E+00  dt = 0.5000E+00  final t = 0.201050E+04
 AMRCLAW: level  1  CFL = .426E+00  dt = 0.5000E+00  final t = 0.201100E+04
 AMRCLAW: level  1  CFL = .426E+00  dt = 0.5000E+00  final t = 0.201150E+04
 AMRCLAW: level  1  CFL = .426E+00  dt = 0.5000E+00  final t = 0.201200E+04
 AMRCLAW: level  1  CFL = .426E+00  dt = 0.5000E+00  final t = 0.201250E+04
 AMRCLAW: level  1  CFL = .426E+00  dt = 0.5000E+00  final t = 0.201300E+04
 AMRCLAW: level  1  CFL = .426E+00  dt = 0.5000E+00  final t = 0.201350E+04
 AMRCLAW: level  1  CFL = .426E+00  dt = 0.5000E+00  final t = 0.201400E+04
 AMRCLAW: level  1  CFL = .426E+00  dt = 0.5000E+00  final t = 0.201450E+04
 AMRCLAW: level  1  CFL = .426E+00  dt = 0.5000E+00  final t = 0.201500E+04
 AMRCLAW: level  1  CFL = .426E+00  dt = 0.5000E+00  final t = 0.201550E+04
 AMRCLAW: level  1  CFL = .426E+00  dt = 0.5000E+00  final t = 0.201600E+04
 AMRCLAW: level  1  CFL = .426E+00  dt = 0.5000E+00  final t = 0.201650E+04
 AMRCLAW: level  1  CFL = .426E+00  dt = 0.5000E+00  final t = 0.201700E+04
 AMRCLAW: level  1  CFL = .426E+00  dt = 0.5000E+00  final t = 0.201750E+04
 AMRCLAW: level  1  CFL = .426E+00  dt = 0.5000E+00  final t = 0.201800E+04
 AMRCLAW: level  1  CFL = .426E+00  dt = 0.5000E+00  final t = 0.201850E+04
 AMRCLAW: level  1  CFL = .426E+00  dt = 0.5000E+00  final t = 0.201900E+04
 AMRCLAW: level  1  CFL = .426E+00  dt = 0.5000E+00  final t = 0.201950E+04
 AMRCLAW: level  1  CFL = .426E+00  dt = 0.5000E+00  final t = 0.202000E+04
 AMRCLAW: level  1  CFL = .426E+00  dt = 0.5000E+00  final t = 0.202050E+04
 AMRCLAW: level  1  CFL = .426E+00  dt = 0.5000E+00  final t = 0.202100E+04
 AMRCLAW: level  1  CFL = .426E+00  dt = 0.5000E+00  final t = 0.202150E+04
 AMRCLAW: level  1  CFL = .426E+00  dt = 0.5000E+00  final t = 0.202200E+04
 AMRCLAW: level  1  CFL = .426E+00  dt = 0.5000E+00  final t = 0.202250E+04
 AMRCLAW: level  1  CFL = .426E+00  dt = 0.5000E+00  final t = 0.202300E+04
 AMRCLAW: level  1  CFL = .426E+00  dt = 0.5000E+00  final t = 0.202350E+04
 AMRCLAW: level  1  CFL = .426E+00  dt = 0.5000E+00  final t = 0.202400E+04
 AMRCLAW: level  1  CFL = .426E+00  dt = 0.5000E+00  final t = 0.202450E+04
 AMRCLAW: level  1  CFL = .426E+00  dt = 0.5000E+00  final t = 0.202500E+04
 AMRCLAW: level  1  CFL = .426E+00  dt = 0.5000E+00  final t = 0.202550E+04
 AMRCLAW: level  1  CFL = .426E+00  dt = 0.5000E+00  final t = 0.202600E+04
 AMRCLAW: level  1  CFL = .426E+00  dt = 0.5000E+00  final t = 0.202650E+04
 AMRCLAW: level  1  CFL = .426E+00  dt = 0.5000E+00  final t = 0.202700E+04
 AMRCLAW: level  1  CFL = .426E+00  dt = 0.5000E+00  final t = 0.202750E+04
 AMRCLAW: level  1  CFL = .426E+00  dt = 0.5000E+00  final t = 0.202800E+04
 AMRCLAW: level  1  CFL = .426E+00  dt = 0.5000E+00  final t = 0.202850E+04
 AMRCLAW: level  1  CFL = .426E+00  dt = 0.5000E+00  final t = 0.202900E+04
 AMRCLAW: level  1  CFL = .426E+00  dt = 0.5000E+00  final t = 0.202950E+04
 AMRCLAW: level  1  CFL = .426E+00  dt = 0.5000E+00  final t = 0.203000E+04
 AMRCLAW: level  1  CFL = .426E+00  dt = 0.5000E+00  final t = 0.203050E+04
 AMRCLAW: level  1  CFL = .426E+00  dt = 0.5000E+00  final t = 0.203100E+04
 AMRCLAW: level  1  CFL = .426E+00  dt = 0.5000E+00  final t = 0.203150E+04
 AMRCLAW: level  1  CFL = .426E+00  dt = 0.5000E+00  final t = 0.203200E+04
 AMRCLAW: level  1  CFL = .426E+00  dt = 0.5000E+00  final t = 0.203250E+04
 AMRCLAW: level  1  CFL = .426E+00  dt = 0.5000E+00  final t = 0.203300E+04
 AMRCLAW: level  1  CFL = .426E+00  dt = 0.5000E+00  final t = 0.203350E+04
 AMRCLAW: level  1  CFL = .426E+00  dt = 0.5000E+00  final t = 0.203400E+04
 AMRCLAW: level  1  CFL = .426E+00  dt = 0.5000E+00  final t = 0.203450E+04
 AMRCLAW: level  1  CFL = .427E+00  dt = 0.5000E+00  final t = 0.203500E+04
 AMRCLAW: level  1  CFL = .427E+00  dt = 0.5000E+00  final t = 0.203550E+04
 AMRCLAW: level  1  CFL = .427E+00  dt = 0.5000E+00  final t = 0.203600E+04
 AMRCLAW: level  1  CFL = .427E+00  dt = 0.5000E+00  final t = 0.203650E+04
 AMRCLAW: level  1  CFL = .427E+00  dt = 0.5000E+00  final t = 0.203700E+04
 AMRCLAW: level  1  CFL = .427E+00  dt = 0.5000E+00  final t = 0.203750E+04
 AMRCLAW: level  1  CFL = .427E+00  dt = 0.5000E+00  final t = 0.203800E+04
 AMRCLAW: level  1  CFL = .427E+00  dt = 0.5000E+00  final t = 0.203850E+04
 AMRCLAW: level  1  CFL = .427E+00  dt = 0.5000E+00  final t = 0.203900E+04
 AMRCLAW: level  1  CFL = .427E+00  dt = 0.5000E+00  final t = 0.203950E+04
 AMRCLAW: level  1  CFL = .427E+00  dt = 0.5000E+00  final t = 0.204000E+04
GEOCLAW: Frame   68 output files done at time t =  0.204000D+04

 AMRCLAW: level  1  CFL = .427E+00  dt = 0.5000E+00  final t = 0.204050E+04
 AMRCLAW: level  1  CFL = .427E+00  dt = 0.5000E+00  final t = 0.204100E+04
 AMRCLAW: level  1  CFL = .427E+00  dt = 0.5000E+00  final t = 0.204150E+04
 AMRCLAW: level  1  CFL = .427E+00  dt = 0.5000E+00  final t = 0.204200E+04
 AMRCLAW: level  1  CFL = .426E+00  dt = 0.5000E+00  final t = 0.204250E+04
 AMRCLAW: level  1  CFL = .426E+00  dt = 0.5000E+00  final t = 0.204300E+04
 AMRCLAW: level  1  CFL = .426E+00  dt = 0.5000E+00  final t = 0.204350E+04
 AMRCLAW: level  1  CFL = .426E+00  dt = 0.5000E+00  final t = 0.204400E+04
 AMRCLAW: level  1  CFL = .426E+00  dt = 0.5000E+00  final t = 0.204450E+04
 AMRCLAW: level  1  CFL = .426E+00  dt = 0.5000E+00  final t = 0.204500E+04
 AMRCLAW: level  1  CFL = .426E+00  dt = 0.5000E+00  final t = 0.204550E+04
 AMRCLAW: level  1  CFL = .426E+00  dt = 0.5000E+00  final t = 0.204600E+04
 AMRCLAW: level  1  CFL = .426E+00  dt = 0.5000E+00  final t = 0.204650E+04
 AMRCLAW: level  1  CFL = .426E+00  dt = 0.5000E+00  final t = 0.204700E+04
 AMRCLAW: level  1  CFL = .426E+00  dt = 0.5000E+00  final t = 0.204750E+04
 AMRCLAW: level  1  CFL = .426E+00  dt = 0.5000E+00  final t = 0.204800E+04
 AMRCLAW: level  1  CFL = .426E+00  dt = 0.5000E+00  final t = 0.204850E+04
 AMRCLAW: level  1  CFL = .426E+00  dt = 0.5000E+00  final t = 0.204900E+04
 AMRCLAW: level  1  CFL = .426E+00  dt = 0.5000E+00  final t = 0.204950E+04
 AMRCLAW: level  1  CFL = .426E+00  dt = 0.5000E+00  final t = 0.205000E+04
 AMRCLAW: level  1  CFL = .426E+00  dt = 0.5000E+00  final t = 0.205050E+04
 AMRCLAW: level  1  CFL = .426E+00  dt = 0.5000E+00  final t = 0.205100E+04
 AMRCLAW: level  1  CFL = .426E+00  dt = 0.5000E+00  final t = 0.205150E+04
 AMRCLAW: level  1  CFL = .426E+00  dt = 0.5000E+00  final t = 0.205200E+04
 AMRCLAW: level  1  CFL = .426E+00  dt = 0.5000E+00  final t = 0.205250E+04
 AMRCLAW: level  1  CFL = .426E+00  dt = 0.5000E+00  final t = 0.205300E+04
 AMRCLAW: level  1  CFL = .426E+00  dt = 0.5000E+00  final t = 0.205350E+04
 AMRCLAW: level  1  CFL = .426E+00  dt = 0.5000E+00  final t = 0.205400E+04
 AMRCLAW: level  1  CFL = .426E+00  dt = 0.5000E+00  final t = 0.205450E+04
 AMRCLAW: level  1  CFL = .426E+00  dt = 0.5000E+00  final t = 0.205500E+04
 AMRCLAW: level  1  CFL = .426E+00  dt = 0.5000E+00  final t = 0.205550E+04
 AMRCLAW: level  1  CFL = .426E+00  dt = 0.5000E+00  final t = 0.205600E+04
 AMRCLAW: level  1  CFL = .426E+00  dt = 0.5000E+00  final t = 0.205650E+04
 AMRCLAW: level  1  CFL = .426E+00  dt = 0.5000E+00  final t = 0.205700E+04
 AMRCLAW: level  1  CFL = .426E+00  dt = 0.5000E+00  final t = 0.205750E+04
 AMRCLAW: level  1  CFL = .426E+00  dt = 0.5000E+00  final t = 0.205800E+04
 AMRCLAW: level  1  CFL = .426E+00  dt = 0.5000E+00  final t = 0.205850E+04
 AMRCLAW: level  1  CFL = .426E+00  dt = 0.5000E+00  final t = 0.205900E+04
 AMRCLAW: level  1  CFL = .426E+00  dt = 0.5000E+00  final t = 0.205950E+04
 AMRCLAW: level  1  CFL = .426E+00  dt = 0.5000E+00  final t = 0.206000E+04
 AMRCLAW: level  1  CFL = .426E+00  dt = 0.5000E+00  final t = 0.206050E+04
 AMRCLAW: level  1  CFL = .426E+00  dt = 0.5000E+00  final t = 0.206100E+04
 AMRCLAW: level  1  CFL = .426E+00  dt = 0.5000E+00  final t = 0.206150E+04
 AMRCLAW: level  1  CFL = .426E+00  dt = 0.5000E+00  final t = 0.206200E+04
 AMRCLAW: level  1  CFL = .426E+00  dt = 0.5000E+00  final t = 0.206250E+04
 AMRCLAW: level  1  CFL = .426E+00  dt = 0.5000E+00  final t = 0.206300E+04
 AMRCLAW: level  1  CFL = .426E+00  dt = 0.5000E+00  final t = 0.206350E+04
 AMRCLAW: level  1  CFL = .426E+00  dt = 0.5000E+00  final t = 0.206400E+04
 AMRCLAW: level  1  CFL = .426E+00  dt = 0.5000E+00  final t = 0.206450E+04
 AMRCLAW: level  1  CFL = .426E+00  dt = 0.5000E+00  final t = 0.206500E+04
 AMRCLAW: level  1  CFL = .426E+00  dt = 0.5000E+00  final t = 0.206550E+04
 AMRCLAW: level  1  CFL = .426E+00  dt = 0.5000E+00  final t = 0.206600E+04
 AMRCLAW: level  1  CFL = .426E+00  dt = 0.5000E+00  final t = 0.206650E+04
 AMRCLAW: level  1  CFL = .426E+00  dt = 0.5000E+00  final t = 0.206700E+04
 AMRCLAW: level  1  CFL = .426E+00  dt = 0.5000E+00  final t = 0.206750E+04
 AMRCLAW: level  1  CFL = .426E+00  dt = 0.5000E+00  final t = 0.206800E+04
 AMRCLAW: level  1  CFL = .426E+00  dt = 0.5000E+00  final t = 0.206850E+04
 AMRCLAW: level  1  CFL = .426E+00  dt = 0.5000E+00  final t = 0.206900E+04
 AMRCLAW: level  1  CFL = .426E+00  dt = 0.5000E+00  final t = 0.206950E+04
 AMRCLAW: level  1  CFL = .426E+00  dt = 0.5000E+00  final t = 0.207000E+04
GEOCLAW: Frame   69 output files done at time t =  0.207000D+04

 AMRCLAW: level  1  CFL = .426E+00  dt = 0.5000E+00  final t = 0.207050E+04
 AMRCLAW: level  1  CFL = .427E+00  dt = 0.5000E+00  final t = 0.207100E+04
 AMRCLAW: level  1  CFL = .427E+00  dt = 0.5000E+00  final t = 0.207150E+04
 AMRCLAW: level  1  CFL = .427E+00  dt = 0.5000E+00  final t = 0.207200E+04
 AMRCLAW: level  1  CFL = .427E+00  dt = 0.5000E+00  final t = 0.207250E+04
 AMRCLAW: level  1  CFL = .427E+00  dt = 0.5000E+00  final t = 0.207300E+04
 AMRCLAW: level  1  CFL = .427E+00  dt = 0.5000E+00  final t = 0.207350E+04
 AMRCLAW: level  1  CFL = .427E+00  dt = 0.5000E+00  final t = 0.207400E+04
 AMRCLAW: level  1  CFL = .427E+00  dt = 0.5000E+00  final t = 0.207450E+04
 AMRCLAW: level  1  CFL = .427E+00  dt = 0.5000E+00  final t = 0.207500E+04
 AMRCLAW: level  1  CFL = .427E+00  dt = 0.5000E+00  final t = 0.207550E+04
 AMRCLAW: level  1  CFL = .427E+00  dt = 0.5000E+00  final t = 0.207600E+04
 AMRCLAW: level  1  CFL = .427E+00  dt = 0.5000E+00  final t = 0.207650E+04
 AMRCLAW: level  1  CFL = .427E+00  dt = 0.5000E+00  final t = 0.207700E+04
 AMRCLAW: level  1  CFL = .427E+00  dt = 0.5000E+00  final t = 0.207750E+04
 AMRCLAW: level  1  CFL = .427E+00  dt = 0.5000E+00  final t = 0.207800E+04
 AMRCLAW: level  1  CFL = .427E+00  dt = 0.5000E+00  final t = 0.207850E+04
 AMRCLAW: level  1  CFL = .427E+00  dt = 0.5000E+00  final t = 0.207900E+04
 AMRCLAW: level  1  CFL = .427E+00  dt = 0.5000E+00  final t = 0.207950E+04
 AMRCLAW: level  1  CFL = .427E+00  dt = 0.5000E+00  final t = 0.208000E+04
 AMRCLAW: level  1  CFL = .427E+00  dt = 0.5000E+00  final t = 0.208050E+04
 AMRCLAW: level  1  CFL = .427E+00  dt = 0.5000E+00  final t = 0.208100E+04
 AMRCLAW: level  1  CFL = .427E+00  dt = 0.5000E+00  final t = 0.208150E+04
 AMRCLAW: level  1  CFL = .427E+00  dt = 0.5000E+00  final t = 0.208200E+04
 AMRCLAW: level  1  CFL = .427E+00  dt = 0.5000E+00  final t = 0.208250E+04
 AMRCLAW: level  1  CFL = .427E+00  dt = 0.5000E+00  final t = 0.208300E+04
 AMRCLAW: level  1  CFL = .427E+00  dt = 0.5000E+00  final t = 0.208350E+04
 AMRCLAW: level  1  CFL = .426E+00  dt = 0.5000E+00  final t = 0.208400E+04
 AMRCLAW: level  1  CFL = .426E+00  dt = 0.5000E+00  final t = 0.208450E+04
 AMRCLAW: level  1  CFL = .426E+00  dt = 0.5000E+00  final t = 0.208500E+04
 AMRCLAW: level  1  CFL = .426E+00  dt = 0.5000E+00  final t = 0.208550E+04
 AMRCLAW: level  1  CFL = .426E+00  dt = 0.5000E+00  final t = 0.208600E+04
 AMRCLAW: level  1  CFL = .426E+00  dt = 0.5000E+00  final t = 0.208650E+04
 AMRCLAW: level  1  CFL = .426E+00  dt = 0.5000E+00  final t = 0.208700E+04
 AMRCLAW: level  1  CFL = .426E+00  dt = 0.5000E+00  final t = 0.208750E+04
 AMRCLAW: level  1  CFL = .426E+00  dt = 0.5000E+00  final t = 0.208800E+04
 AMRCLAW: level  1  CFL = .426E+00  dt = 0.5000E+00  final t = 0.208850E+04
 AMRCLAW: level  1  CFL = .426E+00  dt = 0.5000E+00  final t = 0.208900E+04
 AMRCLAW: level  1  CFL = .426E+00  dt = 0.5000E+00  final t = 0.208950E+04
 AMRCLAW: level  1  CFL = .426E+00  dt = 0.5000E+00  final t = 0.209000E+04
 AMRCLAW: level  1  CFL = .426E+00  dt = 0.5000E+00  final t = 0.209050E+04
 AMRCLAW: level  1  CFL = .426E+00  dt = 0.5000E+00  final t = 0.209100E+04
 AMRCLAW: level  1  CFL = .426E+00  dt = 0.5000E+00  final t = 0.209150E+04
 AMRCLAW: level  1  CFL = .426E+00  dt = 0.5000E+00  final t = 0.209200E+04
 AMRCLAW: level  1  CFL = .426E+00  dt = 0.5000E+00  final t = 0.209250E+04
 AMRCLAW: level  1  CFL = .426E+00  dt = 0.5000E+00  final t = 0.209300E+04
 AMRCLAW: level  1  CFL = .426E+00  dt = 0.5000E+00  final t = 0.209350E+04
 AMRCLAW: level  1  CFL = .426E+00  dt = 0.5000E+00  final t = 0.209400E+04
 AMRCLAW: level  1  CFL = .426E+00  dt = 0.5000E+00  final t = 0.209450E+04
 AMRCLAW: level  1  CFL = .426E+00  dt = 0.5000E+00  final t = 0.209500E+04
 AMRCLAW: level  1  CFL = .426E+00  dt = 0.5000E+00  final t = 0.209550E+04
 AMRCLAW: level  1  CFL = .426E+00  dt = 0.5000E+00  final t = 0.209600E+04
 AMRCLAW: level  1  CFL = .426E+00  dt = 0.5000E+00  final t = 0.209650E+04
 AMRCLAW: level  1  CFL = .426E+00  dt = 0.5000E+00  final t = 0.209700E+04
 AMRCLAW: level  1  CFL = .426E+00  dt = 0.5000E+00  final t = 0.209750E+04
 AMRCLAW: level  1  CFL = .426E+00  dt = 0.5000E+00  final t = 0.209800E+04
 AMRCLAW: level  1  CFL = .426E+00  dt = 0.5000E+00  final t = 0.209850E+04
 AMRCLAW: level  1  CFL = .426E+00  dt = 0.5000E+00  final t = 0.209900E+04
 AMRCLAW: level  1  CFL = .426E+00  dt = 0.5000E+00  final t = 0.209950E+04
 AMRCLAW: level  1  CFL = .426E+00  dt = 0.5000E+00  final t = 0.210000E+04
GEOCLAW: Frame   70 output files done at time t =  0.210000D+04

 AMRCLAW: level  1  CFL = .426E+00  dt = 0.5000E+00  final t = 0.210050E+04
 AMRCLAW: level  1  CFL = .426E+00  dt = 0.5000E+00  final t = 0.210100E+04
 AMRCLAW: level  1  CFL = .426E+00  dt = 0.5000E+00  final t = 0.210150E+04
 AMRCLAW: level  1  CFL = .426E+00  dt = 0.5000E+00  final t = 0.210200E+04
 AMRCLAW: level  1  CFL = .426E+00  dt = 0.5000E+00  final t = 0.210250E+04
 AMRCLAW: level  1  CFL = .426E+00  dt = 0.5000E+00  final t = 0.210300E+04
 AMRCLAW: level  1  CFL = .426E+00  dt = 0.5000E+00  final t = 0.210350E+04
 AMRCLAW: level  1  CFL = .426E+00  dt = 0.5000E+00  final t = 0.210400E+04
 AMRCLAW: level  1  CFL = .426E+00  dt = 0.5000E+00  final t = 0.210450E+04
 AMRCLAW: level  1  CFL = .426E+00  dt = 0.5000E+00  final t = 0.210500E+04
 AMRCLAW: level  1  CFL = .426E+00  dt = 0.5000E+00  final t = 0.210550E+04
 AMRCLAW: level  1  CFL = .426E+00  dt = 0.5000E+00  final t = 0.210600E+04
 AMRCLAW: level  1  CFL = .426E+00  dt = 0.5000E+00  final t = 0.210650E+04
 AMRCLAW: level  1  CFL = .426E+00  dt = 0.5000E+00  final t = 0.210700E+04
 AMRCLAW: level  1  CFL = .426E+00  dt = 0.5000E+00  final t = 0.210750E+04
 AMRCLAW: level  1  CFL = .426E+00  dt = 0.5000E+00  final t = 0.210800E+04
 AMRCLAW: level  1  CFL = .426E+00  dt = 0.5000E+00  final t = 0.210850E+04
 AMRCLAW: level  1  CFL = .426E+00  dt = 0.5000E+00  final t = 0.210900E+04
 AMRCLAW: level  1  CFL = .426E+00  dt = 0.5000E+00  final t = 0.210950E+04
 AMRCLAW: level  1  CFL = .426E+00  dt = 0.5000E+00  final t = 0.211000E+04
 AMRCLAW: level  1  CFL = .426E+00  dt = 0.5000E+00  final t = 0.211050E+04
 AMRCLAW: level  1  CFL = .426E+00  dt = 0.5000E+00  final t = 0.211100E+04
 AMRCLAW: level  1  CFL = .426E+00  dt = 0.5000E+00  final t = 0.211150E+04
 AMRCLAW: level  1  CFL = .426E+00  dt = 0.5000E+00  final t = 0.211200E+04
 AMRCLAW: level  1  CFL = .426E+00  dt = 0.5000E+00  final t = 0.211250E+04
 AMRCLAW: level  1  CFL = .426E+00  dt = 0.5000E+00  final t = 0.211300E+04
 AMRCLAW: level  1  CFL = .426E+00  dt = 0.5000E+00  final t = 0.211350E+04
 AMRCLAW: level  1  CFL = .426E+00  dt = 0.5000E+00  final t = 0.211400E+04
 AMRCLAW: level  1  CFL = .426E+00  dt = 0.5000E+00  final t = 0.211450E+04
 AMRCLAW: level  1  CFL = .426E+00  dt = 0.5000E+00  final t = 0.211500E+04
 AMRCLAW: level  1  CFL = .426E+00  dt = 0.5000E+00  final t = 0.211550E+04
 AMRCLAW: level  1  CFL = .426E+00  dt = 0.5000E+00  final t = 0.211600E+04
 AMRCLAW: level  1  CFL = .426E+00  dt = 0.5000E+00  final t = 0.211650E+04
 AMRCLAW: level  1  CFL = .426E+00  dt = 0.5000E+00  final t = 0.211700E+04
 AMRCLAW: level  1  CFL = .426E+00  dt = 0.5000E+00  final t = 0.211750E+04
 AMRCLAW: level  1  CFL = .426E+00  dt = 0.5000E+00  final t = 0.211800E+04
 AMRCLAW: level  1  CFL = .426E+00  dt = 0.5000E+00  final t = 0.211850E+04
 AMRCLAW: level  1  CFL = .426E+00  dt = 0.5000E+00  final t = 0.211900E+04
 AMRCLAW: level  1  CFL = .426E+00  dt = 0.5000E+00  final t = 0.211950E+04
 AMRCLAW: level  1  CFL = .426E+00  dt = 0.5000E+00  final t = 0.212000E+04
 AMRCLAW: level  1  CFL = .426E+00  dt = 0.5000E+00  final t = 0.212050E+04
 AMRCLAW: level  1  CFL = .426E+00  dt = 0.5000E+00  final t = 0.212100E+04
 AMRCLAW: level  1  CFL = .426E+00  dt = 0.5000E+00  final t = 0.212150E+04
 AMRCLAW: level  1  CFL = .426E+00  dt = 0.5000E+00  final t = 0.212200E+04
 AMRCLAW: level  1  CFL = .426E+00  dt = 0.5000E+00  final t = 0.212250E+04
 AMRCLAW: level  1  CFL = .426E+00  dt = 0.5000E+00  final t = 0.212300E+04
 AMRCLAW: level  1  CFL = .426E+00  dt = 0.5000E+00  final t = 0.212350E+04
 AMRCLAW: level  1  CFL = .426E+00  dt = 0.5000E+00  final t = 0.212400E+04
 AMRCLAW: level  1  CFL = .426E+00  dt = 0.5000E+00  final t = 0.212450E+04
 AMRCLAW: level  1  CFL = .426E+00  dt = 0.5000E+00  final t = 0.212500E+04
 AMRCLAW: level  1  CFL = .426E+00  dt = 0.5000E+00  final t = 0.212550E+04
 AMRCLAW: level  1  CFL = .426E+00  dt = 0.5000E+00  final t = 0.212600E+04
 AMRCLAW: level  1  CFL = .426E+00  dt = 0.5000E+00  final t = 0.212650E+04
 AMRCLAW: level  1  CFL = .426E+00  dt = 0.5000E+00  final t = 0.212700E+04
 AMRCLAW: level  1  CFL = .426E+00  dt = 0.5000E+00  final t = 0.212750E+04
 AMRCLAW: level  1  CFL = .426E+00  dt = 0.5000E+00  final t = 0.212800E+04
 AMRCLAW: level  1  CFL = .426E+00  dt = 0.5000E+00  final t = 0.212850E+04
 AMRCLAW: level  1  CFL = .426E+00  dt = 0.5000E+00  final t = 0.212900E+04
 AMRCLAW: level  1  CFL = .426E+00  dt = 0.5000E+00  final t = 0.212950E+04
 AMRCLAW: level  1  CFL = .426E+00  dt = 0.5000E+00  final t = 0.213000E+04
GEOCLAW: Frame   71 output files done at time t =  0.213000D+04

 AMRCLAW: level  1  CFL = .426E+00  dt = 0.5000E+00  final t = 0.213050E+04
 AMRCLAW: level  1  CFL = .426E+00  dt = 0.5000E+00  final t = 0.213100E+04
 AMRCLAW: level  1  CFL = .426E+00  dt = 0.5000E+00  final t = 0.213150E+04
 AMRCLAW: level  1  CFL = .426E+00  dt = 0.5000E+00  final t = 0.213200E+04
 AMRCLAW: level  1  CFL = .426E+00  dt = 0.5000E+00  final t = 0.213250E+04
 AMRCLAW: level  1  CFL = .426E+00  dt = 0.5000E+00  final t = 0.213300E+04
 AMRCLAW: level  1  CFL = .426E+00  dt = 0.5000E+00  final t = 0.213350E+04
 AMRCLAW: level  1  CFL = .426E+00  dt = 0.5000E+00  final t = 0.213400E+04
 AMRCLAW: level  1  CFL = .426E+00  dt = 0.5000E+00  final t = 0.213450E+04
 AMRCLAW: level  1  CFL = .426E+00  dt = 0.5000E+00  final t = 0.213500E+04
 AMRCLAW: level  1  CFL = .426E+00  dt = 0.5000E+00  final t = 0.213550E+04
 AMRCLAW: level  1  CFL = .426E+00  dt = 0.5000E+00  final t = 0.213600E+04
 AMRCLAW: level  1  CFL = .426E+00  dt = 0.5000E+00  final t = 0.213650E+04
 AMRCLAW: level  1  CFL = .426E+00  dt = 0.5000E+00  final t = 0.213700E+04
 AMRCLAW: level  1  CFL = .426E+00  dt = 0.5000E+00  final t = 0.213750E+04
 AMRCLAW: level  1  CFL = .426E+00  dt = 0.5000E+00  final t = 0.213800E+04
 AMRCLAW: level  1  CFL = .426E+00  dt = 0.5000E+00  final t = 0.213850E+04
 AMRCLAW: level  1  CFL = .426E+00  dt = 0.5000E+00  final t = 0.213900E+04
 AMRCLAW: level  1  CFL = .426E+00  dt = 0.5000E+00  final t = 0.213950E+04
 AMRCLAW: level  1  CFL = .426E+00  dt = 0.5000E+00  final t = 0.214000E+04
 AMRCLAW: level  1  CFL = .426E+00  dt = 0.5000E+00  final t = 0.214050E+04
 AMRCLAW: level  1  CFL = .426E+00  dt = 0.5000E+00  final t = 0.214100E+04
 AMRCLAW: level  1  CFL = .426E+00  dt = 0.5000E+00  final t = 0.214150E+04
 AMRCLAW: level  1  CFL = .426E+00  dt = 0.5000E+00  final t = 0.214200E+04
 AMRCLAW: level  1  CFL = .426E+00  dt = 0.5000E+00  final t = 0.214250E+04
 AMRCLAW: level  1  CFL = .426E+00  dt = 0.5000E+00  final t = 0.214300E+04
 AMRCLAW: level  1  CFL = .426E+00  dt = 0.5000E+00  final t = 0.214350E+04
 AMRCLAW: level  1  CFL = .426E+00  dt = 0.5000E+00  final t = 0.214400E+04
 AMRCLAW: level  1  CFL = .426E+00  dt = 0.5000E+00  final t = 0.214450E+04
 AMRCLAW: level  1  CFL = .426E+00  dt = 0.5000E+00  final t = 0.214500E+04
 AMRCLAW: level  1  CFL = .426E+00  dt = 0.5000E+00  final t = 0.214550E+04
 AMRCLAW: level  1  CFL = .426E+00  dt = 0.5000E+00  final t = 0.214600E+04
 AMRCLAW: level  1  CFL = .426E+00  dt = 0.5000E+00  final t = 0.214650E+04
 AMRCLAW: level  1  CFL = .426E+00  dt = 0.5000E+00  final t = 0.214700E+04
 AMRCLAW: level  1  CFL = .426E+00  dt = 0.5000E+00  final t = 0.214750E+04
 AMRCLAW: level  1  CFL = .426E+00  dt = 0.5000E+00  final t = 0.214800E+04
 AMRCLAW: level  1  CFL = .426E+00  dt = 0.5000E+00  final t = 0.214850E+04
 AMRCLAW: level  1  CFL = .426E+00  dt = 0.5000E+00  final t = 0.214900E+04
 AMRCLAW: level  1  CFL = .426E+00  dt = 0.5000E+00  final t = 0.214950E+04
 AMRCLAW: level  1  CFL = .426E+00  dt = 0.5000E+00  final t = 0.215000E+04
 AMRCLAW: level  1  CFL = .426E+00  dt = 0.5000E+00  final t = 0.215050E+04
 AMRCLAW: level  1  CFL = .426E+00  dt = 0.5000E+00  final t = 0.215100E+04
 AMRCLAW: level  1  CFL = .426E+00  dt = 0.5000E+00  final t = 0.215150E+04
 AMRCLAW: level  1  CFL = .426E+00  dt = 0.5000E+00  final t = 0.215200E+04
 AMRCLAW: level  1  CFL = .426E+00  dt = 0.5000E+00  final t = 0.215250E+04
 AMRCLAW: level  1  CFL = .426E+00  dt = 0.5000E+00  final t = 0.215300E+04
 AMRCLAW: level  1  CFL = .426E+00  dt = 0.5000E+00  final t = 0.215350E+04
 AMRCLAW: level  1  CFL = .426E+00  dt = 0.5000E+00  final t = 0.215400E+04
 AMRCLAW: level  1  CFL = .426E+00  dt = 0.5000E+00  final t = 0.215450E+04
 AMRCLAW: level  1  CFL = .426E+00  dt = 0.5000E+00  final t = 0.215500E+04
 AMRCLAW: level  1  CFL = .426E+00  dt = 0.5000E+00  final t = 0.215550E+04
 AMRCLAW: level  1  CFL = .426E+00  dt = 0.5000E+00  final t = 0.215600E+04
 AMRCLAW: level  1  CFL = .426E+00  dt = 0.5000E+00  final t = 0.215650E+04
 AMRCLAW: level  1  CFL = .426E+00  dt = 0.5000E+00  final t = 0.215700E+04
 AMRCLAW: level  1  CFL = .426E+00  dt = 0.5000E+00  final t = 0.215750E+04
 AMRCLAW: level  1  CFL = .426E+00  dt = 0.5000E+00  final t = 0.215800E+04
 AMRCLAW: level  1  CFL = .426E+00  dt = 0.5000E+00  final t = 0.215850E+04
 AMRCLAW: level  1  CFL = .426E+00  dt = 0.5000E+00  final t = 0.215900E+04
 AMRCLAW: level  1  CFL = .426E+00  dt = 0.5000E+00  final t = 0.215950E+04
 AMRCLAW: level  1  CFL = .426E+00  dt = 0.5000E+00  final t = 0.216000E+04
GEOCLAW: Frame   72 output files done at time t =  0.216000D+04

 AMRCLAW: level  1  CFL = .426E+00  dt = 0.5000E+00  final t = 0.216050E+04
 AMRCLAW: level  1  CFL = .426E+00  dt = 0.5000E+00  final t = 0.216100E+04
 AMRCLAW: level  1  CFL = .426E+00  dt = 0.5000E+00  final t = 0.216150E+04
 AMRCLAW: level  1  CFL = .426E+00  dt = 0.5000E+00  final t = 0.216200E+04
 AMRCLAW: level  1  CFL = .426E+00  dt = 0.5000E+00  final t = 0.216250E+04
 AMRCLAW: level  1  CFL = .426E+00  dt = 0.5000E+00  final t = 0.216300E+04
 AMRCLAW: level  1  CFL = .426E+00  dt = 0.5000E+00  final t = 0.216350E+04
 AMRCLAW: level  1  CFL = .426E+00  dt = 0.5000E+00  final t = 0.216400E+04
 AMRCLAW: level  1  CFL = .426E+00  dt = 0.5000E+00  final t = 0.216450E+04
 AMRCLAW: level  1  CFL = .426E+00  dt = 0.5000E+00  final t = 0.216500E+04
 AMRCLAW: level  1  CFL = .426E+00  dt = 0.5000E+00  final t = 0.216550E+04
 AMRCLAW: level  1  CFL = .426E+00  dt = 0.5000E+00  final t = 0.216600E+04
 AMRCLAW: level  1  CFL = .426E+00  dt = 0.5000E+00  final t = 0.216650E+04
 AMRCLAW: level  1  CFL = .426E+00  dt = 0.5000E+00  final t = 0.216700E+04
 AMRCLAW: level  1  CFL = .426E+00  dt = 0.5000E+00  final t = 0.216750E+04
 AMRCLAW: level  1  CFL = .426E+00  dt = 0.5000E+00  final t = 0.216800E+04
 AMRCLAW: level  1  CFL = .426E+00  dt = 0.5000E+00  final t = 0.216850E+04
 AMRCLAW: level  1  CFL = .426E+00  dt = 0.5000E+00  final t = 0.216900E+04
 AMRCLAW: level  1  CFL = .426E+00  dt = 0.5000E+00  final t = 0.216950E+04
 AMRCLAW: level  1  CFL = .426E+00  dt = 0.5000E+00  final t = 0.217000E+04
 AMRCLAW: level  1  CFL = .426E+00  dt = 0.5000E+00  final t = 0.217050E+04
 AMRCLAW: level  1  CFL = .426E+00  dt = 0.5000E+00  final t = 0.217100E+04
 AMRCLAW: level  1  CFL = .426E+00  dt = 0.5000E+00  final t = 0.217150E+04
 AMRCLAW: level  1  CFL = .426E+00  dt = 0.5000E+00  final t = 0.217200E+04
 AMRCLAW: level  1  CFL = .426E+00  dt = 0.5000E+00  final t = 0.217250E+04
 AMRCLAW: level  1  CFL = .426E+00  dt = 0.5000E+00  final t = 0.217300E+04
 AMRCLAW: level  1  CFL = .426E+00  dt = 0.5000E+00  final t = 0.217350E+04
 AMRCLAW: level  1  CFL = .426E+00  dt = 0.5000E+00  final t = 0.217400E+04
 AMRCLAW: level  1  CFL = .426E+00  dt = 0.5000E+00  final t = 0.217450E+04
 AMRCLAW: level  1  CFL = .426E+00  dt = 0.5000E+00  final t = 0.217500E+04
 AMRCLAW: level  1  CFL = .426E+00  dt = 0.5000E+00  final t = 0.217550E+04
 AMRCLAW: level  1  CFL = .426E+00  dt = 0.5000E+00  final t = 0.217600E+04
 AMRCLAW: level  1  CFL = .426E+00  dt = 0.5000E+00  final t = 0.217650E+04
 AMRCLAW: level  1  CFL = .426E+00  dt = 0.5000E+00  final t = 0.217700E+04
 AMRCLAW: level  1  CFL = .426E+00  dt = 0.5000E+00  final t = 0.217750E+04
 AMRCLAW: level  1  CFL = .426E+00  dt = 0.5000E+00  final t = 0.217800E+04
 AMRCLAW: level  1  CFL = .426E+00  dt = 0.5000E+00  final t = 0.217850E+04
 AMRCLAW: level  1  CFL = .426E+00  dt = 0.5000E+00  final t = 0.217900E+04
 AMRCLAW: level  1  CFL = .426E+00  dt = 0.5000E+00  final t = 0.217950E+04
 AMRCLAW: level  1  CFL = .426E+00  dt = 0.5000E+00  final t = 0.218000E+04
 AMRCLAW: level  1  CFL = .425E+00  dt = 0.5000E+00  final t = 0.218050E+04
 AMRCLAW: level  1  CFL = .425E+00  dt = 0.5000E+00  final t = 0.218100E+04
 AMRCLAW: level  1  CFL = .425E+00  dt = 0.5000E+00  final t = 0.218150E+04
 AMRCLAW: level  1  CFL = .425E+00  dt = 0.5000E+00  final t = 0.218200E+04
 AMRCLAW: level  1  CFL = .425E+00  dt = 0.5000E+00  final t = 0.218250E+04
 AMRCLAW: level  1  CFL = .425E+00  dt = 0.5000E+00  final t = 0.218300E+04
 AMRCLAW: level  1  CFL = .425E+00  dt = 0.5000E+00  final t = 0.218350E+04
 AMRCLAW: level  1  CFL = .425E+00  dt = 0.5000E+00  final t = 0.218400E+04
 AMRCLAW: level  1  CFL = .425E+00  dt = 0.5000E+00  final t = 0.218450E+04
 AMRCLAW: level  1  CFL = .425E+00  dt = 0.5000E+00  final t = 0.218500E+04
 AMRCLAW: level  1  CFL = .425E+00  dt = 0.5000E+00  final t = 0.218550E+04
 AMRCLAW: level  1  CFL = .425E+00  dt = 0.5000E+00  final t = 0.218600E+04
 AMRCLAW: level  1  CFL = .425E+00  dt = 0.5000E+00  final t = 0.218650E+04
 AMRCLAW: level  1  CFL = .425E+00  dt = 0.5000E+00  final t = 0.218700E+04
 AMRCLAW: level  1  CFL = .425E+00  dt = 0.5000E+00  final t = 0.218750E+04
 AMRCLAW: level  1  CFL = .425E+00  dt = 0.5000E+00  final t = 0.218800E+04
 AMRCLAW: level  1  CFL = .425E+00  dt = 0.5000E+00  final t = 0.218850E+04
 AMRCLAW: level  1  CFL = .425E+00  dt = 0.5000E+00  final t = 0.218900E+04
 AMRCLAW: level  1  CFL = .425E+00  dt = 0.5000E+00  final t = 0.218950E+04
 AMRCLAW: level  1  CFL = .425E+00  dt = 0.5000E+00  final t = 0.219000E+04
GEOCLAW: Frame   73 output files done at time t =  0.219000D+04

 AMRCLAW: level  1  CFL = .425E+00  dt = 0.5000E+00  final t = 0.219050E+04
 AMRCLAW: level  1  CFL = .425E+00  dt = 0.5000E+00  final t = 0.219100E+04
 AMRCLAW: level  1  CFL = .425E+00  dt = 0.5000E+00  final t = 0.219150E+04
 AMRCLAW: level  1  CFL = .425E+00  dt = 0.5000E+00  final t = 0.219200E+04
 AMRCLAW: level  1  CFL = .425E+00  dt = 0.5000E+00  final t = 0.219250E+04
 AMRCLAW: level  1  CFL = .425E+00  dt = 0.5000E+00  final t = 0.219300E+04
 AMRCLAW: level  1  CFL = .425E+00  dt = 0.5000E+00  final t = 0.219350E+04
 AMRCLAW: level  1  CFL = .425E+00  dt = 0.5000E+00  final t = 0.219400E+04
 AMRCLAW: level  1  CFL = .425E+00  dt = 0.5000E+00  final t = 0.219450E+04
 AMRCLAW: level  1  CFL = .425E+00  dt = 0.5000E+00  final t = 0.219500E+04
 AMRCLAW: level  1  CFL = .425E+00  dt = 0.5000E+00  final t = 0.219550E+04
 AMRCLAW: level  1  CFL = .425E+00  dt = 0.5000E+00  final t = 0.219600E+04
 AMRCLAW: level  1  CFL = .425E+00  dt = 0.5000E+00  final t = 0.219650E+04
 AMRCLAW: level  1  CFL = .425E+00  dt = 0.5000E+00  final t = 0.219700E+04
 AMRCLAW: level  1  CFL = .425E+00  dt = 0.5000E+00  final t = 0.219750E+04
 AMRCLAW: level  1  CFL = .425E+00  dt = 0.5000E+00  final t = 0.219800E+04
 AMRCLAW: level  1  CFL = .425E+00  dt = 0.5000E+00  final t = 0.219850E+04
 AMRCLAW: level  1  CFL = .425E+00  dt = 0.5000E+00  final t = 0.219900E+04
 AMRCLAW: level  1  CFL = .425E+00  dt = 0.5000E+00  final t = 0.219950E+04
 AMRCLAW: level  1  CFL = .425E+00  dt = 0.5000E+00  final t = 0.220000E+04
 AMRCLAW: level  1  CFL = .425E+00  dt = 0.5000E+00  final t = 0.220050E+04
 AMRCLAW: level  1  CFL = .425E+00  dt = 0.5000E+00  final t = 0.220100E+04
 AMRCLAW: level  1  CFL = .425E+00  dt = 0.5000E+00  final t = 0.220150E+04
 AMRCLAW: level  1  CFL = .425E+00  dt = 0.5000E+00  final t = 0.220200E+04
 AMRCLAW: level  1  CFL = .425E+00  dt = 0.5000E+00  final t = 0.220250E+04
 AMRCLAW: level  1  CFL = .425E+00  dt = 0.5000E+00  final t = 0.220300E+04
 AMRCLAW: level  1  CFL = .425E+00  dt = 0.5000E+00  final t = 0.220350E+04
 AMRCLAW: level  1  CFL = .425E+00  dt = 0.5000E+00  final t = 0.220400E+04
 AMRCLAW: level  1  CFL = .425E+00  dt = 0.5000E+00  final t = 0.220450E+04
 AMRCLAW: level  1  CFL = .425E+00  dt = 0.5000E+00  final t = 0.220500E+04
 AMRCLAW: level  1  CFL = .425E+00  dt = 0.5000E+00  final t = 0.220550E+04
 AMRCLAW: level  1  CFL = .425E+00  dt = 0.5000E+00  final t = 0.220600E+04
 AMRCLAW: level  1  CFL = .425E+00  dt = 0.5000E+00  final t = 0.220650E+04
 AMRCLAW: level  1  CFL = .425E+00  dt = 0.5000E+00  final t = 0.220700E+04
 AMRCLAW: level  1  CFL = .425E+00  dt = 0.5000E+00  final t = 0.220750E+04
 AMRCLAW: level  1  CFL = .425E+00  dt = 0.5000E+00  final t = 0.220800E+04
 AMRCLAW: level  1  CFL = .425E+00  dt = 0.5000E+00  final t = 0.220850E+04
 AMRCLAW: level  1  CFL = .425E+00  dt = 0.5000E+00  final t = 0.220900E+04
 AMRCLAW: level  1  CFL = .425E+00  dt = 0.5000E+00  final t = 0.220950E+04
 AMRCLAW: level  1  CFL = .425E+00  dt = 0.5000E+00  final t = 0.221000E+04
 AMRCLAW: level  1  CFL = .425E+00  dt = 0.5000E+00  final t = 0.221050E+04
 AMRCLAW: level  1  CFL = .425E+00  dt = 0.5000E+00  final t = 0.221100E+04
 AMRCLAW: level  1  CFL = .425E+00  dt = 0.5000E+00  final t = 0.221150E+04
 AMRCLAW: level  1  CFL = .425E+00  dt = 0.5000E+00  final t = 0.221200E+04
 AMRCLAW: level  1  CFL = .425E+00  dt = 0.5000E+00  final t = 0.221250E+04
 AMRCLAW: level  1  CFL = .425E+00  dt = 0.5000E+00  final t = 0.221300E+04
 AMRCLAW: level  1  CFL = .425E+00  dt = 0.5000E+00  final t = 0.221350E+04
 AMRCLAW: level  1  CFL = .425E+00  dt = 0.5000E+00  final t = 0.221400E+04
 AMRCLAW: level  1  CFL = .425E+00  dt = 0.5000E+00  final t = 0.221450E+04
 AMRCLAW: level  1  CFL = .425E+00  dt = 0.5000E+00  final t = 0.221500E+04
 AMRCLAW: level  1  CFL = .425E+00  dt = 0.5000E+00  final t = 0.221550E+04
 AMRCLAW: level  1  CFL = .425E+00  dt = 0.5000E+00  final t = 0.221600E+04
 AMRCLAW: level  1  CFL = .425E+00  dt = 0.5000E+00  final t = 0.221650E+04
 AMRCLAW: level  1  CFL = .425E+00  dt = 0.5000E+00  final t = 0.221700E+04
 AMRCLAW: level  1  CFL = .425E+00  dt = 0.5000E+00  final t = 0.221750E+04
 AMRCLAW: level  1  CFL = .425E+00  dt = 0.5000E+00  final t = 0.221800E+04
 AMRCLAW: level  1  CFL = .425E+00  dt = 0.5000E+00  final t = 0.221850E+04
 AMRCLAW: level  1  CFL = .425E+00  dt = 0.5000E+00  final t = 0.221900E+04
 AMRCLAW: level  1  CFL = .425E+00  dt = 0.5000E+00  final t = 0.221950E+04
 AMRCLAW: level  1  CFL = .425E+00  dt = 0.5000E+00  final t = 0.222000E+04
GEOCLAW: Frame   74 output files done at time t =  0.222000D+04

 AMRCLAW: level  1  CFL = .425E+00  dt = 0.5000E+00  final t = 0.222050E+04
 AMRCLAW: level  1  CFL = .425E+00  dt = 0.5000E+00  final t = 0.222100E+04
 AMRCLAW: level  1  CFL = .425E+00  dt = 0.5000E+00  final t = 0.222150E+04
 AMRCLAW: level  1  CFL = .425E+00  dt = 0.5000E+00  final t = 0.222200E+04
 AMRCLAW: level  1  CFL = .425E+00  dt = 0.5000E+00  final t = 0.222250E+04
 AMRCLAW: level  1  CFL = .425E+00  dt = 0.5000E+00  final t = 0.222300E+04
 AMRCLAW: level  1  CFL = .424E+00  dt = 0.5000E+00  final t = 0.222350E+04
 AMRCLAW: level  1  CFL = .424E+00  dt = 0.5000E+00  final t = 0.222400E+04
 AMRCLAW: level  1  CFL = .424E+00  dt = 0.5000E+00  final t = 0.222450E+04
 AMRCLAW: level  1  CFL = .424E+00  dt = 0.5000E+00  final t = 0.222500E+04
 AMRCLAW: level  1  CFL = .424E+00  dt = 0.5000E+00  final t = 0.222550E+04
 AMRCLAW: level  1  CFL = .424E+00  dt = 0.5000E+00  final t = 0.222600E+04
 AMRCLAW: level  1  CFL = .424E+00  dt = 0.5000E+00  final t = 0.222650E+04
 AMRCLAW: level  1  CFL = .424E+00  dt = 0.5000E+00  final t = 0.222700E+04
 AMRCLAW: level  1  CFL = .424E+00  dt = 0.5000E+00  final t = 0.222750E+04
 AMRCLAW: level  1  CFL = .424E+00  dt = 0.5000E+00  final t = 0.222800E+04
 AMRCLAW: level  1  CFL = .424E+00  dt = 0.5000E+00  final t = 0.222850E+04
 AMRCLAW: level  1  CFL = .424E+00  dt = 0.5000E+00  final t = 0.222900E+04
 AMRCLAW: level  1  CFL = .424E+00  dt = 0.5000E+00  final t = 0.222950E+04
 AMRCLAW: level  1  CFL = .424E+00  dt = 0.5000E+00  final t = 0.223000E+04
 AMRCLAW: level  1  CFL = .424E+00  dt = 0.5000E+00  final t = 0.223050E+04
 AMRCLAW: level  1  CFL = .424E+00  dt = 0.5000E+00  final t = 0.223100E+04
 AMRCLAW: level  1  CFL = .424E+00  dt = 0.5000E+00  final t = 0.223150E+04
 AMRCLAW: level  1  CFL = .424E+00  dt = 0.5000E+00  final t = 0.223200E+04
 AMRCLAW: level  1  CFL = .424E+00  dt = 0.5000E+00  final t = 0.223250E+04
 AMRCLAW: level  1  CFL = .424E+00  dt = 0.5000E+00  final t = 0.223300E+04
 AMRCLAW: level  1  CFL = .424E+00  dt = 0.5000E+00  final t = 0.223350E+04
 AMRCLAW: level  1  CFL = .424E+00  dt = 0.5000E+00  final t = 0.223400E+04
 AMRCLAW: level  1  CFL = .424E+00  dt = 0.5000E+00  final t = 0.223450E+04
 AMRCLAW: level  1  CFL = .424E+00  dt = 0.5000E+00  final t = 0.223500E+04
 AMRCLAW: level  1  CFL = .424E+00  dt = 0.5000E+00  final t = 0.223550E+04
 AMRCLAW: level  1  CFL = .424E+00  dt = 0.5000E+00  final t = 0.223600E+04
 AMRCLAW: level  1  CFL = .424E+00  dt = 0.5000E+00  final t = 0.223650E+04
 AMRCLAW: level  1  CFL = .424E+00  dt = 0.5000E+00  final t = 0.223700E+04
 AMRCLAW: level  1  CFL = .424E+00  dt = 0.5000E+00  final t = 0.223750E+04
 AMRCLAW: level  1  CFL = .424E+00  dt = 0.5000E+00  final t = 0.223800E+04
 AMRCLAW: level  1  CFL = .424E+00  dt = 0.5000E+00  final t = 0.223850E+04
 AMRCLAW: level  1  CFL = .424E+00  dt = 0.5000E+00  final t = 0.223900E+04
 AMRCLAW: level  1  CFL = .424E+00  dt = 0.5000E+00  final t = 0.223950E+04
 AMRCLAW: level  1  CFL = .424E+00  dt = 0.5000E+00  final t = 0.224000E+04
 AMRCLAW: level  1  CFL = .424E+00  dt = 0.5000E+00  final t = 0.224050E+04
 AMRCLAW: level  1  CFL = .424E+00  dt = 0.5000E+00  final t = 0.224100E+04
 AMRCLAW: level  1  CFL = .424E+00  dt = 0.5000E+00  final t = 0.224150E+04
 AMRCLAW: level  1  CFL = .424E+00  dt = 0.5000E+00  final t = 0.224200E+04
 AMRCLAW: level  1  CFL = .424E+00  dt = 0.5000E+00  final t = 0.224250E+04
 AMRCLAW: level  1  CFL = .424E+00  dt = 0.5000E+00  final t = 0.224300E+04
 AMRCLAW: level  1  CFL = .424E+00  dt = 0.5000E+00  final t = 0.224350E+04
 AMRCLAW: level  1  CFL = .424E+00  dt = 0.5000E+00  final t = 0.224400E+04
 AMRCLAW: level  1  CFL = .424E+00  dt = 0.5000E+00  final t = 0.224450E+04
 AMRCLAW: level  1  CFL = .424E+00  dt = 0.5000E+00  final t = 0.224500E+04
 AMRCLAW: level  1  CFL = .424E+00  dt = 0.5000E+00  final t = 0.224550E+04
 AMRCLAW: level  1  CFL = .424E+00  dt = 0.5000E+00  final t = 0.224600E+04
 AMRCLAW: level  1  CFL = .424E+00  dt = 0.5000E+00  final t = 0.224650E+04
 AMRCLAW: level  1  CFL = .424E+00  dt = 0.5000E+00  final t = 0.224700E+04
 AMRCLAW: level  1  CFL = .424E+00  dt = 0.5000E+00  final t = 0.224750E+04
 AMRCLAW: level  1  CFL = .424E+00  dt = 0.5000E+00  final t = 0.224800E+04
 AMRCLAW: level  1  CFL = .424E+00  dt = 0.5000E+00  final t = 0.224850E+04
 AMRCLAW: level  1  CFL = .424E+00  dt = 0.5000E+00  final t = 0.224900E+04
 AMRCLAW: level  1  CFL = .424E+00  dt = 0.5000E+00  final t = 0.224950E+04
 AMRCLAW: level  1  CFL = .424E+00  dt = 0.5000E+00  final t = 0.225000E+04
GEOCLAW: Frame   75 output files done at time t =  0.225000D+04

 AMRCLAW: level  1  CFL = .424E+00  dt = 0.5000E+00  final t = 0.225050E+04
 AMRCLAW: level  1  CFL = .424E+00  dt = 0.5000E+00  final t = 0.225100E+04
 AMRCLAW: level  1  CFL = .424E+00  dt = 0.5000E+00  final t = 0.225150E+04
 AMRCLAW: level  1  CFL = .424E+00  dt = 0.5000E+00  final t = 0.225200E+04
 AMRCLAW: level  1  CFL = .424E+00  dt = 0.5000E+00  final t = 0.225250E+04
 AMRCLAW: level  1  CFL = .424E+00  dt = 0.5000E+00  final t = 0.225300E+04
 AMRCLAW: level  1  CFL = .424E+00  dt = 0.5000E+00  final t = 0.225350E+04
 AMRCLAW: level  1  CFL = .424E+00  dt = 0.5000E+00  final t = 0.225400E+04
 AMRCLAW: level  1  CFL = .424E+00  dt = 0.5000E+00  final t = 0.225450E+04
 AMRCLAW: level  1  CFL = .424E+00  dt = 0.5000E+00  final t = 0.225500E+04
 AMRCLAW: level  1  CFL = .424E+00  dt = 0.5000E+00  final t = 0.225550E+04
 AMRCLAW: level  1  CFL = .424E+00  dt = 0.5000E+00  final t = 0.225600E+04
 AMRCLAW: level  1  CFL = .424E+00  dt = 0.5000E+00  final t = 0.225650E+04
 AMRCLAW: level  1  CFL = .424E+00  dt = 0.5000E+00  final t = 0.225700E+04
 AMRCLAW: level  1  CFL = .424E+00  dt = 0.5000E+00  final t = 0.225750E+04
 AMRCLAW: level  1  CFL = .424E+00  dt = 0.5000E+00  final t = 0.225800E+04
 AMRCLAW: level  1  CFL = .424E+00  dt = 0.5000E+00  final t = 0.225850E+04
 AMRCLAW: level  1  CFL = .424E+00  dt = 0.5000E+00  final t = 0.225900E+04
 AMRCLAW: level  1  CFL = .424E+00  dt = 0.5000E+00  final t = 0.225950E+04
 AMRCLAW: level  1  CFL = .424E+00  dt = 0.5000E+00  final t = 0.226000E+04
 AMRCLAW: level  1  CFL = .424E+00  dt = 0.5000E+00  final t = 0.226050E+04
 AMRCLAW: level  1  CFL = .424E+00  dt = 0.5000E+00  final t = 0.226100E+04
 AMRCLAW: level  1  CFL = .424E+00  dt = 0.5000E+00  final t = 0.226150E+04
 AMRCLAW: level  1  CFL = .424E+00  dt = 0.5000E+00  final t = 0.226200E+04
 AMRCLAW: level  1  CFL = .424E+00  dt = 0.5000E+00  final t = 0.226250E+04
 AMRCLAW: level  1  CFL = .424E+00  dt = 0.5000E+00  final t = 0.226300E+04
 AMRCLAW: level  1  CFL = .424E+00  dt = 0.5000E+00  final t = 0.226350E+04
 AMRCLAW: level  1  CFL = .424E+00  dt = 0.5000E+00  final t = 0.226400E+04
 AMRCLAW: level  1  CFL = .424E+00  dt = 0.5000E+00  final t = 0.226450E+04
 AMRCLAW: level  1  CFL = .424E+00  dt = 0.5000E+00  final t = 0.226500E+04
 AMRCLAW: level  1  CFL = .424E+00  dt = 0.5000E+00  final t = 0.226550E+04
 AMRCLAW: level  1  CFL = .424E+00  dt = 0.5000E+00  final t = 0.226600E+04
 AMRCLAW: level  1  CFL = .424E+00  dt = 0.5000E+00  final t = 0.226650E+04
 AMRCLAW: level  1  CFL = .424E+00  dt = 0.5000E+00  final t = 0.226700E+04
 AMRCLAW: level  1  CFL = .424E+00  dt = 0.5000E+00  final t = 0.226750E+04
 AMRCLAW: level  1  CFL = .424E+00  dt = 0.5000E+00  final t = 0.226800E+04
 AMRCLAW: level  1  CFL = .424E+00  dt = 0.5000E+00  final t = 0.226850E+04
 AMRCLAW: level  1  CFL = .424E+00  dt = 0.5000E+00  final t = 0.226900E+04
 AMRCLAW: level  1  CFL = .424E+00  dt = 0.5000E+00  final t = 0.226950E+04
 AMRCLAW: level  1  CFL = .424E+00  dt = 0.5000E+00  final t = 0.227000E+04
 AMRCLAW: level  1  CFL = .424E+00  dt = 0.5000E+00  final t = 0.227050E+04
 AMRCLAW: level  1  CFL = .424E+00  dt = 0.5000E+00  final t = 0.227100E+04
 AMRCLAW: level  1  CFL = .424E+00  dt = 0.5000E+00  final t = 0.227150E+04
 AMRCLAW: level  1  CFL = .424E+00  dt = 0.5000E+00  final t = 0.227200E+04
 AMRCLAW: level  1  CFL = .424E+00  dt = 0.5000E+00  final t = 0.227250E+04
 AMRCLAW: level  1  CFL = .424E+00  dt = 0.5000E+00  final t = 0.227300E+04
 AMRCLAW: level  1  CFL = .424E+00  dt = 0.5000E+00  final t = 0.227350E+04
 AMRCLAW: level  1  CFL = .424E+00  dt = 0.5000E+00  final t = 0.227400E+04
 AMRCLAW: level  1  CFL = .424E+00  dt = 0.5000E+00  final t = 0.227450E+04
 AMRCLAW: level  1  CFL = .424E+00  dt = 0.5000E+00  final t = 0.227500E+04
 AMRCLAW: level  1  CFL = .424E+00  dt = 0.5000E+00  final t = 0.227550E+04
 AMRCLAW: level  1  CFL = .424E+00  dt = 0.5000E+00  final t = 0.227600E+04
 AMRCLAW: level  1  CFL = .424E+00  dt = 0.5000E+00  final t = 0.227650E+04
 AMRCLAW: level  1  CFL = .424E+00  dt = 0.5000E+00  final t = 0.227700E+04
 AMRCLAW: level  1  CFL = .424E+00  dt = 0.5000E+00  final t = 0.227750E+04
 AMRCLAW: level  1  CFL = .424E+00  dt = 0.5000E+00  final t = 0.227800E+04
 AMRCLAW: level  1  CFL = .424E+00  dt = 0.5000E+00  final t = 0.227850E+04
 AMRCLAW: level  1  CFL = .424E+00  dt = 0.5000E+00  final t = 0.227900E+04
 AMRCLAW: level  1  CFL = .424E+00  dt = 0.5000E+00  final t = 0.227950E+04
 AMRCLAW: level  1  CFL = .424E+00  dt = 0.5000E+00  final t = 0.228000E+04
GEOCLAW: Frame   76 output files done at time t =  0.228000D+04

 AMRCLAW: level  1  CFL = .424E+00  dt = 0.5000E+00  final t = 0.228050E+04
 AMRCLAW: level  1  CFL = .424E+00  dt = 0.5000E+00  final t = 0.228100E+04
 AMRCLAW: level  1  CFL = .424E+00  dt = 0.5000E+00  final t = 0.228150E+04
 AMRCLAW: level  1  CFL = .424E+00  dt = 0.5000E+00  final t = 0.228200E+04
 AMRCLAW: level  1  CFL = .424E+00  dt = 0.5000E+00  final t = 0.228250E+04
 AMRCLAW: level  1  CFL = .424E+00  dt = 0.5000E+00  final t = 0.228300E+04
 AMRCLAW: level  1  CFL = .424E+00  dt = 0.5000E+00  final t = 0.228350E+04
 AMRCLAW: level  1  CFL = .424E+00  dt = 0.5000E+00  final t = 0.228400E+04
 AMRCLAW: level  1  CFL = .424E+00  dt = 0.5000E+00  final t = 0.228450E+04
 AMRCLAW: level  1  CFL = .424E+00  dt = 0.5000E+00  final t = 0.228500E+04
 AMRCLAW: level  1  CFL = .424E+00  dt = 0.5000E+00  final t = 0.228550E+04
 AMRCLAW: level  1  CFL = .424E+00  dt = 0.5000E+00  final t = 0.228600E+04
 AMRCLAW: level  1  CFL = .424E+00  dt = 0.5000E+00  final t = 0.228650E+04
 AMRCLAW: level  1  CFL = .424E+00  dt = 0.5000E+00  final t = 0.228700E+04
 AMRCLAW: level  1  CFL = .424E+00  dt = 0.5000E+00  final t = 0.228750E+04
 AMRCLAW: level  1  CFL = .424E+00  dt = 0.5000E+00  final t = 0.228800E+04
 AMRCLAW: level  1  CFL = .424E+00  dt = 0.5000E+00  final t = 0.228850E+04
 AMRCLAW: level  1  CFL = .424E+00  dt = 0.5000E+00  final t = 0.228900E+04
 AMRCLAW: level  1  CFL = .424E+00  dt = 0.5000E+00  final t = 0.228950E+04
 AMRCLAW: level  1  CFL = .424E+00  dt = 0.5000E+00  final t = 0.229000E+04
 AMRCLAW: level  1  CFL = .424E+00  dt = 0.5000E+00  final t = 0.229050E+04
 AMRCLAW: level  1  CFL = .424E+00  dt = 0.5000E+00  final t = 0.229100E+04
 AMRCLAW: level  1  CFL = .424E+00  dt = 0.5000E+00  final t = 0.229150E+04
 AMRCLAW: level  1  CFL = .424E+00  dt = 0.5000E+00  final t = 0.229200E+04
 AMRCLAW: level  1  CFL = .424E+00  dt = 0.5000E+00  final t = 0.229250E+04
 AMRCLAW: level  1  CFL = .424E+00  dt = 0.5000E+00  final t = 0.229300E+04
 AMRCLAW: level  1  CFL = .424E+00  dt = 0.5000E+00  final t = 0.229350E+04
 AMRCLAW: level  1  CFL = .424E+00  dt = 0.5000E+00  final t = 0.229400E+04
 AMRCLAW: level  1  CFL = .424E+00  dt = 0.5000E+00  final t = 0.229450E+04
 AMRCLAW: level  1  CFL = .424E+00  dt = 0.5000E+00  final t = 0.229500E+04
 AMRCLAW: level  1  CFL = .424E+00  dt = 0.5000E+00  final t = 0.229550E+04
 AMRCLAW: level  1  CFL = .424E+00  dt = 0.5000E+00  final t = 0.229600E+04
 AMRCLAW: level  1  CFL = .424E+00  dt = 0.5000E+00  final t = 0.229650E+04
 AMRCLAW: level  1  CFL = .424E+00  dt = 0.5000E+00  final t = 0.229700E+04
 AMRCLAW: level  1  CFL = .424E+00  dt = 0.5000E+00  final t = 0.229750E+04
 AMRCLAW: level  1  CFL = .424E+00  dt = 0.5000E+00  final t = 0.229800E+04
 AMRCLAW: level  1  CFL = .424E+00  dt = 0.5000E+00  final t = 0.229850E+04
 AMRCLAW: level  1  CFL = .424E+00  dt = 0.5000E+00  final t = 0.229900E+04
 AMRCLAW: level  1  CFL = .424E+00  dt = 0.5000E+00  final t = 0.229950E+04
 AMRCLAW: level  1  CFL = .424E+00  dt = 0.5000E+00  final t = 0.230000E+04
 AMRCLAW: level  1  CFL = .424E+00  dt = 0.5000E+00  final t = 0.230050E+04
 AMRCLAW: level  1  CFL = .424E+00  dt = 0.5000E+00  final t = 0.230100E+04
 AMRCLAW: level  1  CFL = .424E+00  dt = 0.5000E+00  final t = 0.230150E+04
 AMRCLAW: level  1  CFL = .424E+00  dt = 0.5000E+00  final t = 0.230200E+04
 AMRCLAW: level  1  CFL = .424E+00  dt = 0.5000E+00  final t = 0.230250E+04
 AMRCLAW: level  1  CFL = .424E+00  dt = 0.5000E+00  final t = 0.230300E+04
 AMRCLAW: level  1  CFL = .424E+00  dt = 0.5000E+00  final t = 0.230350E+04
 AMRCLAW: level  1  CFL = .424E+00  dt = 0.5000E+00  final t = 0.230400E+04
 AMRCLAW: level  1  CFL = .424E+00  dt = 0.5000E+00  final t = 0.230450E+04
 AMRCLAW: level  1  CFL = .424E+00  dt = 0.5000E+00  final t = 0.230500E+04
 AMRCLAW: level  1  CFL = .424E+00  dt = 0.5000E+00  final t = 0.230550E+04
 AMRCLAW: level  1  CFL = .424E+00  dt = 0.5000E+00  final t = 0.230600E+04
 AMRCLAW: level  1  CFL = .424E+00  dt = 0.5000E+00  final t = 0.230650E+04
 AMRCLAW: level  1  CFL = .424E+00  dt = 0.5000E+00  final t = 0.230700E+04
 AMRCLAW: level  1  CFL = .424E+00  dt = 0.5000E+00  final t = 0.230750E+04
 AMRCLAW: level  1  CFL = .424E+00  dt = 0.5000E+00  final t = 0.230800E+04
 AMRCLAW: level  1  CFL = .424E+00  dt = 0.5000E+00  final t = 0.230850E+04
 AMRCLAW: level  1  CFL = .424E+00  dt = 0.5000E+00  final t = 0.230900E+04
 AMRCLAW: level  1  CFL = .424E+00  dt = 0.5000E+00  final t = 0.230950E+04
 AMRCLAW: level  1  CFL = .424E+00  dt = 0.5000E+00  final t = 0.231000E+04
GEOCLAW: Frame   77 output files done at time t =  0.231000D+04

 AMRCLAW: level  1  CFL = .424E+00  dt = 0.5000E+00  final t = 0.231050E+04
 AMRCLAW: level  1  CFL = .424E+00  dt = 0.5000E+00  final t = 0.231100E+04
 AMRCLAW: level  1  CFL = .424E+00  dt = 0.5000E+00  final t = 0.231150E+04
 AMRCLAW: level  1  CFL = .424E+00  dt = 0.5000E+00  final t = 0.231200E+04
 AMRCLAW: level  1  CFL = .424E+00  dt = 0.5000E+00  final t = 0.231250E+04
 AMRCLAW: level  1  CFL = .424E+00  dt = 0.5000E+00  final t = 0.231300E+04
 AMRCLAW: level  1  CFL = .424E+00  dt = 0.5000E+00  final t = 0.231350E+04
 AMRCLAW: level  1  CFL = .423E+00  dt = 0.5000E+00  final t = 0.231400E+04
 AMRCLAW: level  1  CFL = .423E+00  dt = 0.5000E+00  final t = 0.231450E+04
 AMRCLAW: level  1  CFL = .423E+00  dt = 0.5000E+00  final t = 0.231500E+04
 AMRCLAW: level  1  CFL = .423E+00  dt = 0.5000E+00  final t = 0.231550E+04
 AMRCLAW: level  1  CFL = .423E+00  dt = 0.5000E+00  final t = 0.231600E+04
 AMRCLAW: level  1  CFL = .423E+00  dt = 0.5000E+00  final t = 0.231650E+04
 AMRCLAW: level  1  CFL = .423E+00  dt = 0.5000E+00  final t = 0.231700E+04
 AMRCLAW: level  1  CFL = .423E+00  dt = 0.5000E+00  final t = 0.231750E+04
 AMRCLAW: level  1  CFL = .423E+00  dt = 0.5000E+00  final t = 0.231800E+04
 AMRCLAW: level  1  CFL = .423E+00  dt = 0.5000E+00  final t = 0.231850E+04
 AMRCLAW: level  1  CFL = .423E+00  dt = 0.5000E+00  final t = 0.231900E+04
 AMRCLAW: level  1  CFL = .423E+00  dt = 0.5000E+00  final t = 0.231950E+04
 AMRCLAW: level  1  CFL = .423E+00  dt = 0.5000E+00  final t = 0.232000E+04
 AMRCLAW: level  1  CFL = .423E+00  dt = 0.5000E+00  final t = 0.232050E+04
 AMRCLAW: level  1  CFL = .423E+00  dt = 0.5000E+00  final t = 0.232100E+04
 AMRCLAW: level  1  CFL = .423E+00  dt = 0.5000E+00  final t = 0.232150E+04
 AMRCLAW: level  1  CFL = .423E+00  dt = 0.5000E+00  final t = 0.232200E+04
 AMRCLAW: level  1  CFL = .423E+00  dt = 0.5000E+00  final t = 0.232250E+04
 AMRCLAW: level  1  CFL = .423E+00  dt = 0.5000E+00  final t = 0.232300E+04
 AMRCLAW: level  1  CFL = .423E+00  dt = 0.5000E+00  final t = 0.232350E+04
 AMRCLAW: level  1  CFL = .423E+00  dt = 0.5000E+00  final t = 0.232400E+04
 AMRCLAW: level  1  CFL = .423E+00  dt = 0.5000E+00  final t = 0.232450E+04
 AMRCLAW: level  1  CFL = .423E+00  dt = 0.5000E+00  final t = 0.232500E+04
 AMRCLAW: level  1  CFL = .423E+00  dt = 0.5000E+00  final t = 0.232550E+04
 AMRCLAW: level  1  CFL = .423E+00  dt = 0.5000E+00  final t = 0.232600E+04
 AMRCLAW: level  1  CFL = .423E+00  dt = 0.5000E+00  final t = 0.232650E+04
 AMRCLAW: level  1  CFL = .423E+00  dt = 0.5000E+00  final t = 0.232700E+04
 AMRCLAW: level  1  CFL = .423E+00  dt = 0.5000E+00  final t = 0.232750E+04
 AMRCLAW: level  1  CFL = .423E+00  dt = 0.5000E+00  final t = 0.232800E+04
 AMRCLAW: level  1  CFL = .423E+00  dt = 0.5000E+00  final t = 0.232850E+04
 AMRCLAW: level  1  CFL = .423E+00  dt = 0.5000E+00  final t = 0.232900E+04
 AMRCLAW: level  1  CFL = .423E+00  dt = 0.5000E+00  final t = 0.232950E+04
 AMRCLAW: level  1  CFL = .423E+00  dt = 0.5000E+00  final t = 0.233000E+04
 AMRCLAW: level  1  CFL = .423E+00  dt = 0.5000E+00  final t = 0.233050E+04
 AMRCLAW: level  1  CFL = .423E+00  dt = 0.5000E+00  final t = 0.233100E+04
 AMRCLAW: level  1  CFL = .423E+00  dt = 0.5000E+00  final t = 0.233150E+04
 AMRCLAW: level  1  CFL = .423E+00  dt = 0.5000E+00  final t = 0.233200E+04
 AMRCLAW: level  1  CFL = .423E+00  dt = 0.5000E+00  final t = 0.233250E+04
 AMRCLAW: level  1  CFL = .423E+00  dt = 0.5000E+00  final t = 0.233300E+04
 AMRCLAW: level  1  CFL = .423E+00  dt = 0.5000E+00  final t = 0.233350E+04
 AMRCLAW: level  1  CFL = .423E+00  dt = 0.5000E+00  final t = 0.233400E+04
 AMRCLAW: level  1  CFL = .423E+00  dt = 0.5000E+00  final t = 0.233450E+04
 AMRCLAW: level  1  CFL = .423E+00  dt = 0.5000E+00  final t = 0.233500E+04
 AMRCLAW: level  1  CFL = .423E+00  dt = 0.5000E+00  final t = 0.233550E+04
 AMRCLAW: level  1  CFL = .423E+00  dt = 0.5000E+00  final t = 0.233600E+04
 AMRCLAW: level  1  CFL = .423E+00  dt = 0.5000E+00  final t = 0.233650E+04
 AMRCLAW: level  1  CFL = .423E+00  dt = 0.5000E+00  final t = 0.233700E+04
 AMRCLAW: level  1  CFL = .423E+00  dt = 0.5000E+00  final t = 0.233750E+04
 AMRCLAW: level  1  CFL = .423E+00  dt = 0.5000E+00  final t = 0.233800E+04
 AMRCLAW: level  1  CFL = .423E+00  dt = 0.5000E+00  final t = 0.233850E+04
 AMRCLAW: level  1  CFL = .423E+00  dt = 0.5000E+00  final t = 0.233900E+04
 AMRCLAW: level  1  CFL = .423E+00  dt = 0.5000E+00  final t = 0.233950E+04
 AMRCLAW: level  1  CFL = .423E+00  dt = 0.5000E+00  final t = 0.234000E+04
GEOCLAW: Frame   78 output files done at time t =  0.234000D+04

 AMRCLAW: level  1  CFL = .423E+00  dt = 0.5000E+00  final t = 0.234050E+04
 AMRCLAW: level  1  CFL = .423E+00  dt = 0.5000E+00  final t = 0.234100E+04
 AMRCLAW: level  1  CFL = .423E+00  dt = 0.5000E+00  final t = 0.234150E+04
 AMRCLAW: level  1  CFL = .423E+00  dt = 0.5000E+00  final t = 0.234200E+04
 AMRCLAW: level  1  CFL = .423E+00  dt = 0.5000E+00  final t = 0.234250E+04
 AMRCLAW: level  1  CFL = .423E+00  dt = 0.5000E+00  final t = 0.234300E+04
 AMRCLAW: level  1  CFL = .423E+00  dt = 0.5000E+00  final t = 0.234350E+04
 AMRCLAW: level  1  CFL = .423E+00  dt = 0.5000E+00  final t = 0.234400E+04
 AMRCLAW: level  1  CFL = .423E+00  dt = 0.5000E+00  final t = 0.234450E+04
 AMRCLAW: level  1  CFL = .423E+00  dt = 0.5000E+00  final t = 0.234500E+04
 AMRCLAW: level  1  CFL = .423E+00  dt = 0.5000E+00  final t = 0.234550E+04
 AMRCLAW: level  1  CFL = .423E+00  dt = 0.5000E+00  final t = 0.234600E+04
 AMRCLAW: level  1  CFL = .423E+00  dt = 0.5000E+00  final t = 0.234650E+04
 AMRCLAW: level  1  CFL = .423E+00  dt = 0.5000E+00  final t = 0.234700E+04
 AMRCLAW: level  1  CFL = .423E+00  dt = 0.5000E+00  final t = 0.234750E+04
 AMRCLAW: level  1  CFL = .423E+00  dt = 0.5000E+00  final t = 0.234800E+04
 AMRCLAW: level  1  CFL = .423E+00  dt = 0.5000E+00  final t = 0.234850E+04
 AMRCLAW: level  1  CFL = .423E+00  dt = 0.5000E+00  final t = 0.234900E+04
 AMRCLAW: level  1  CFL = .423E+00  dt = 0.5000E+00  final t = 0.234950E+04
 AMRCLAW: level  1  CFL = .423E+00  dt = 0.5000E+00  final t = 0.235000E+04
 AMRCLAW: level  1  CFL = .423E+00  dt = 0.5000E+00  final t = 0.235050E+04
 AMRCLAW: level  1  CFL = .423E+00  dt = 0.5000E+00  final t = 0.235100E+04
 AMRCLAW: level  1  CFL = .423E+00  dt = 0.5000E+00  final t = 0.235150E+04
 AMRCLAW: level  1  CFL = .423E+00  dt = 0.5000E+00  final t = 0.235200E+04
 AMRCLAW: level  1  CFL = .423E+00  dt = 0.5000E+00  final t = 0.235250E+04
 AMRCLAW: level  1  CFL = .423E+00  dt = 0.5000E+00  final t = 0.235300E+04
 AMRCLAW: level  1  CFL = .423E+00  dt = 0.5000E+00  final t = 0.235350E+04
 AMRCLAW: level  1  CFL = .423E+00  dt = 0.5000E+00  final t = 0.235400E+04
 AMRCLAW: level  1  CFL = .423E+00  dt = 0.5000E+00  final t = 0.235450E+04
 AMRCLAW: level  1  CFL = .423E+00  dt = 0.5000E+00  final t = 0.235500E+04
 AMRCLAW: level  1  CFL = .423E+00  dt = 0.5000E+00  final t = 0.235550E+04
 AMRCLAW: level  1  CFL = .423E+00  dt = 0.5000E+00  final t = 0.235600E+04
 AMRCLAW: level  1  CFL = .423E+00  dt = 0.5000E+00  final t = 0.235650E+04
 AMRCLAW: level  1  CFL = .423E+00  dt = 0.5000E+00  final t = 0.235700E+04
 AMRCLAW: level  1  CFL = .423E+00  dt = 0.5000E+00  final t = 0.235750E+04
 AMRCLAW: level  1  CFL = .423E+00  dt = 0.5000E+00  final t = 0.235800E+04
 AMRCLAW: level  1  CFL = .423E+00  dt = 0.5000E+00  final t = 0.235850E+04
 AMRCLAW: level  1  CFL = .423E+00  dt = 0.5000E+00  final t = 0.235900E+04
 AMRCLAW: level  1  CFL = .423E+00  dt = 0.5000E+00  final t = 0.235950E+04
 AMRCLAW: level  1  CFL = .423E+00  dt = 0.5000E+00  final t = 0.236000E+04
 AMRCLAW: level  1  CFL = .423E+00  dt = 0.5000E+00  final t = 0.236050E+04
 AMRCLAW: level  1  CFL = .423E+00  dt = 0.5000E+00  final t = 0.236100E+04
 AMRCLAW: level  1  CFL = .423E+00  dt = 0.5000E+00  final t = 0.236150E+04
 AMRCLAW: level  1  CFL = .423E+00  dt = 0.5000E+00  final t = 0.236200E+04
 AMRCLAW: level  1  CFL = .423E+00  dt = 0.5000E+00  final t = 0.236250E+04
 AMRCLAW: level  1  CFL = .423E+00  dt = 0.5000E+00  final t = 0.236300E+04
 AMRCLAW: level  1  CFL = .423E+00  dt = 0.5000E+00  final t = 0.236350E+04
 AMRCLAW: level  1  CFL = .423E+00  dt = 0.5000E+00  final t = 0.236400E+04
 AMRCLAW: level  1  CFL = .423E+00  dt = 0.5000E+00  final t = 0.236450E+04
 AMRCLAW: level  1  CFL = .423E+00  dt = 0.5000E+00  final t = 0.236500E+04
 AMRCLAW: level  1  CFL = .423E+00  dt = 0.5000E+00  final t = 0.236550E+04
 AMRCLAW: level  1  CFL = .423E+00  dt = 0.5000E+00  final t = 0.236600E+04
 AMRCLAW: level  1  CFL = .423E+00  dt = 0.5000E+00  final t = 0.236650E+04
 AMRCLAW: level  1  CFL = .423E+00  dt = 0.5000E+00  final t = 0.236700E+04
 AMRCLAW: level  1  CFL = .423E+00  dt = 0.5000E+00  final t = 0.236750E+04
 AMRCLAW: level  1  CFL = .423E+00  dt = 0.5000E+00  final t = 0.236800E+04
 AMRCLAW: level  1  CFL = .423E+00  dt = 0.5000E+00  final t = 0.236850E+04
 AMRCLAW: level  1  CFL = .423E+00  dt = 0.5000E+00  final t = 0.236900E+04
 AMRCLAW: level  1  CFL = .423E+00  dt = 0.5000E+00  final t = 0.236950E+04
 AMRCLAW: level  1  CFL = .423E+00  dt = 0.5000E+00  final t = 0.237000E+04
GEOCLAW: Frame   79 output files done at time t =  0.237000D+04

 AMRCLAW: level  1  CFL = .423E+00  dt = 0.5000E+00  final t = 0.237050E+04
 AMRCLAW: level  1  CFL = .423E+00  dt = 0.5000E+00  final t = 0.237100E+04
 AMRCLAW: level  1  CFL = .423E+00  dt = 0.5000E+00  final t = 0.237150E+04
 AMRCLAW: level  1  CFL = .423E+00  dt = 0.5000E+00  final t = 0.237200E+04
 AMRCLAW: level  1  CFL = .423E+00  dt = 0.5000E+00  final t = 0.237250E+04
 AMRCLAW: level  1  CFL = .423E+00  dt = 0.5000E+00  final t = 0.237300E+04
 AMRCLAW: level  1  CFL = .423E+00  dt = 0.5000E+00  final t = 0.237350E+04
 AMRCLAW: level  1  CFL = .423E+00  dt = 0.5000E+00  final t = 0.237400E+04
 AMRCLAW: level  1  CFL = .423E+00  dt = 0.5000E+00  final t = 0.237450E+04
 AMRCLAW: level  1  CFL = .423E+00  dt = 0.5000E+00  final t = 0.237500E+04
 AMRCLAW: level  1  CFL = .423E+00  dt = 0.5000E+00  final t = 0.237550E+04
 AMRCLAW: level  1  CFL = .423E+00  dt = 0.5000E+00  final t = 0.237600E+04
 AMRCLAW: level  1  CFL = .423E+00  dt = 0.5000E+00  final t = 0.237650E+04
 AMRCLAW: level  1  CFL = .423E+00  dt = 0.5000E+00  final t = 0.237700E+04
 AMRCLAW: level  1  CFL = .423E+00  dt = 0.5000E+00  final t = 0.237750E+04
 AMRCLAW: level  1  CFL = .423E+00  dt = 0.5000E+00  final t = 0.237800E+04
 AMRCLAW: level  1  CFL = .423E+00  dt = 0.5000E+00  final t = 0.237850E+04
 AMRCLAW: level  1  CFL = .423E+00  dt = 0.5000E+00  final t = 0.237900E+04
 AMRCLAW: level  1  CFL = .423E+00  dt = 0.5000E+00  final t = 0.237950E+04
 AMRCLAW: level  1  CFL = .423E+00  dt = 0.5000E+00  final t = 0.238000E+04
 AMRCLAW: level  1  CFL = .423E+00  dt = 0.5000E+00  final t = 0.238050E+04
 AMRCLAW: level  1  CFL = .423E+00  dt = 0.5000E+00  final t = 0.238100E+04
 AMRCLAW: level  1  CFL = .422E+00  dt = 0.5000E+00  final t = 0.238150E+04
 AMRCLAW: level  1  CFL = .422E+00  dt = 0.5000E+00  final t = 0.238200E+04
 AMRCLAW: level  1  CFL = .422E+00  dt = 0.5000E+00  final t = 0.238250E+04
 AMRCLAW: level  1  CFL = .422E+00  dt = 0.5000E+00  final t = 0.238300E+04
 AMRCLAW: level  1  CFL = .422E+00  dt = 0.5000E+00  final t = 0.238350E+04
 AMRCLAW: level  1  CFL = .422E+00  dt = 0.5000E+00  final t = 0.238400E+04
 AMRCLAW: level  1  CFL = .422E+00  dt = 0.5000E+00  final t = 0.238450E+04
 AMRCLAW: level  1  CFL = .422E+00  dt = 0.5000E+00  final t = 0.238500E+04
 AMRCLAW: level  1  CFL = .422E+00  dt = 0.5000E+00  final t = 0.238550E+04
 AMRCLAW: level  1  CFL = .422E+00  dt = 0.5000E+00  final t = 0.238600E+04
 AMRCLAW: level  1  CFL = .422E+00  dt = 0.5000E+00  final t = 0.238650E+04
 AMRCLAW: level  1  CFL = .422E+00  dt = 0.5000E+00  final t = 0.238700E+04
 AMRCLAW: level  1  CFL = .422E+00  dt = 0.5000E+00  final t = 0.238750E+04
 AMRCLAW: level  1  CFL = .422E+00  dt = 0.5000E+00  final t = 0.238800E+04
 AMRCLAW: level  1  CFL = .422E+00  dt = 0.5000E+00  final t = 0.238850E+04
 AMRCLAW: level  1  CFL = .422E+00  dt = 0.5000E+00  final t = 0.238900E+04
 AMRCLAW: level  1  CFL = .422E+00  dt = 0.5000E+00  final t = 0.238950E+04
 AMRCLAW: level  1  CFL = .422E+00  dt = 0.5000E+00  final t = 0.239000E+04
 AMRCLAW: level  1  CFL = .422E+00  dt = 0.5000E+00  final t = 0.239050E+04
 AMRCLAW: level  1  CFL = .422E+00  dt = 0.5000E+00  final t = 0.239100E+04
 AMRCLAW: level  1  CFL = .422E+00  dt = 0.5000E+00  final t = 0.239150E+04
 AMRCLAW: level  1  CFL = .422E+00  dt = 0.5000E+00  final t = 0.239200E+04
 AMRCLAW: level  1  CFL = .422E+00  dt = 0.5000E+00  final t = 0.239250E+04
 AMRCLAW: level  1  CFL = .422E+00  dt = 0.5000E+00  final t = 0.239300E+04
 AMRCLAW: level  1  CFL = .422E+00  dt = 0.5000E+00  final t = 0.239350E+04
 AMRCLAW: level  1  CFL = .422E+00  dt = 0.5000E+00  final t = 0.239400E+04
 AMRCLAW: level  1  CFL = .422E+00  dt = 0.5000E+00  final t = 0.239450E+04
 AMRCLAW: level  1  CFL = .422E+00  dt = 0.5000E+00  final t = 0.239500E+04
 AMRCLAW: level  1  CFL = .422E+00  dt = 0.5000E+00  final t = 0.239550E+04
 AMRCLAW: level  1  CFL = .422E+00  dt = 0.5000E+00  final t = 0.239600E+04
 AMRCLAW: level  1  CFL = .422E+00  dt = 0.5000E+00  final t = 0.239650E+04
 AMRCLAW: level  1  CFL = .422E+00  dt = 0.5000E+00  final t = 0.239700E+04
 AMRCLAW: level  1  CFL = .422E+00  dt = 0.5000E+00  final t = 0.239750E+04
 AMRCLAW: level  1  CFL = .422E+00  dt = 0.5000E+00  final t = 0.239800E+04
 AMRCLAW: level  1  CFL = .422E+00  dt = 0.5000E+00  final t = 0.239850E+04
 AMRCLAW: level  1  CFL = .422E+00  dt = 0.5000E+00  final t = 0.239900E+04
 AMRCLAW: level  1  CFL = .422E+00  dt = 0.5000E+00  final t = 0.239950E+04
 AMRCLAW: level  1  CFL = .422E+00  dt = 0.5000E+00  final t = 0.240000E+04
GEOCLAW: Frame   80 output files done at time t =  0.240000D+04

 AMRCLAW: level  1  CFL = .422E+00  dt = 0.5000E+00  final t = 0.240050E+04
 AMRCLAW: level  1  CFL = .422E+00  dt = 0.5000E+00  final t = 0.240100E+04
 AMRCLAW: level  1  CFL = .422E+00  dt = 0.5000E+00  final t = 0.240150E+04
 AMRCLAW: level  1  CFL = .422E+00  dt = 0.5000E+00  final t = 0.240200E+04
 AMRCLAW: level  1  CFL = .422E+00  dt = 0.5000E+00  final t = 0.240250E+04
 AMRCLAW: level  1  CFL = .422E+00  dt = 0.5000E+00  final t = 0.240300E+04
 AMRCLAW: level  1  CFL = .422E+00  dt = 0.5000E+00  final t = 0.240350E+04
 AMRCLAW: level  1  CFL = .422E+00  dt = 0.5000E+00  final t = 0.240400E+04
 AMRCLAW: level  1  CFL = .422E+00  dt = 0.5000E+00  final t = 0.240450E+04
 AMRCLAW: level  1  CFL = .422E+00  dt = 0.5000E+00  final t = 0.240500E+04
 AMRCLAW: level  1  CFL = .422E+00  dt = 0.5000E+00  final t = 0.240550E+04
 AMRCLAW: level  1  CFL = .422E+00  dt = 0.5000E+00  final t = 0.240600E+04
 AMRCLAW: level  1  CFL = .422E+00  dt = 0.5000E+00  final t = 0.240650E+04
 AMRCLAW: level  1  CFL = .422E+00  dt = 0.5000E+00  final t = 0.240700E+04
 AMRCLAW: level  1  CFL = .422E+00  dt = 0.5000E+00  final t = 0.240750E+04
 AMRCLAW: level  1  CFL = .422E+00  dt = 0.5000E+00  final t = 0.240800E+04
 AMRCLAW: level  1  CFL = .422E+00  dt = 0.5000E+00  final t = 0.240850E+04
 AMRCLAW: level  1  CFL = .422E+00  dt = 0.5000E+00  final t = 0.240900E+04
 AMRCLAW: level  1  CFL = .422E+00  dt = 0.5000E+00  final t = 0.240950E+04
 AMRCLAW: level  1  CFL = .422E+00  dt = 0.5000E+00  final t = 0.241000E+04
 AMRCLAW: level  1  CFL = .422E+00  dt = 0.5000E+00  final t = 0.241050E+04
 AMRCLAW: level  1  CFL = .422E+00  dt = 0.5000E+00  final t = 0.241100E+04
 AMRCLAW: level  1  CFL = .422E+00  dt = 0.5000E+00  final t = 0.241150E+04
 AMRCLAW: level  1  CFL = .422E+00  dt = 0.5000E+00  final t = 0.241200E+04
 AMRCLAW: level  1  CFL = .422E+00  dt = 0.5000E+00  final t = 0.241250E+04
 AMRCLAW: level  1  CFL = .422E+00  dt = 0.5000E+00  final t = 0.241300E+04
 AMRCLAW: level  1  CFL = .422E+00  dt = 0.5000E+00  final t = 0.241350E+04
 AMRCLAW: level  1  CFL = .422E+00  dt = 0.5000E+00  final t = 0.241400E+04
 AMRCLAW: level  1  CFL = .422E+00  dt = 0.5000E+00  final t = 0.241450E+04
 AMRCLAW: level  1  CFL = .422E+00  dt = 0.5000E+00  final t = 0.241500E+04
 AMRCLAW: level  1  CFL = .422E+00  dt = 0.5000E+00  final t = 0.241550E+04
 AMRCLAW: level  1  CFL = .422E+00  dt = 0.5000E+00  final t = 0.241600E+04
 AMRCLAW: level  1  CFL = .422E+00  dt = 0.5000E+00  final t = 0.241650E+04
 AMRCLAW: level  1  CFL = .422E+00  dt = 0.5000E+00  final t = 0.241700E+04
 AMRCLAW: level  1  CFL = .422E+00  dt = 0.5000E+00  final t = 0.241750E+04
 AMRCLAW: level  1  CFL = .422E+00  dt = 0.5000E+00  final t = 0.241800E+04
 AMRCLAW: level  1  CFL = .422E+00  dt = 0.5000E+00  final t = 0.241850E+04
 AMRCLAW: level  1  CFL = .422E+00  dt = 0.5000E+00  final t = 0.241900E+04
 AMRCLAW: level  1  CFL = .422E+00  dt = 0.5000E+00  final t = 0.241950E+04
 AMRCLAW: level  1  CFL = .422E+00  dt = 0.5000E+00  final t = 0.242000E+04
 AMRCLAW: level  1  CFL = .422E+00  dt = 0.5000E+00  final t = 0.242050E+04
 AMRCLAW: level  1  CFL = .422E+00  dt = 0.5000E+00  final t = 0.242100E+04
 AMRCLAW: level  1  CFL = .422E+00  dt = 0.5000E+00  final t = 0.242150E+04
 AMRCLAW: level  1  CFL = .422E+00  dt = 0.5000E+00  final t = 0.242200E+04
 AMRCLAW: level  1  CFL = .421E+00  dt = 0.5000E+00  final t = 0.242250E+04
 AMRCLAW: level  1  CFL = .421E+00  dt = 0.5000E+00  final t = 0.242300E+04
 AMRCLAW: level  1  CFL = .421E+00  dt = 0.5000E+00  final t = 0.242350E+04
 AMRCLAW: level  1  CFL = .421E+00  dt = 0.5000E+00  final t = 0.242400E+04
 AMRCLAW: level  1  CFL = .421E+00  dt = 0.5000E+00  final t = 0.242450E+04
 AMRCLAW: level  1  CFL = .421E+00  dt = 0.5000E+00  final t = 0.242500E+04
 AMRCLAW: level  1  CFL = .421E+00  dt = 0.5000E+00  final t = 0.242550E+04
 AMRCLAW: level  1  CFL = .421E+00  dt = 0.5000E+00  final t = 0.242600E+04
 AMRCLAW: level  1  CFL = .421E+00  dt = 0.5000E+00  final t = 0.242650E+04
 AMRCLAW: level  1  CFL = .421E+00  dt = 0.5000E+00  final t = 0.242700E+04
 AMRCLAW: level  1  CFL = .421E+00  dt = 0.5000E+00  final t = 0.242750E+04
 AMRCLAW: level  1  CFL = .421E+00  dt = 0.5000E+00  final t = 0.242800E+04
 AMRCLAW: level  1  CFL = .421E+00  dt = 0.5000E+00  final t = 0.242850E+04
 AMRCLAW: level  1  CFL = .421E+00  dt = 0.5000E+00  final t = 0.242900E+04
 AMRCLAW: level  1  CFL = .421E+00  dt = 0.5000E+00  final t = 0.242950E+04
 AMRCLAW: level  1  CFL = .421E+00  dt = 0.5000E+00  final t = 0.243000E+04
GEOCLAW: Frame   81 output files done at time t =  0.243000D+04

 AMRCLAW: level  1  CFL = .421E+00  dt = 0.5000E+00  final t = 0.243050E+04
 AMRCLAW: level  1  CFL = .421E+00  dt = 0.5000E+00  final t = 0.243100E+04
 AMRCLAW: level  1  CFL = .421E+00  dt = 0.5000E+00  final t = 0.243150E+04
 AMRCLAW: level  1  CFL = .421E+00  dt = 0.5000E+00  final t = 0.243200E+04
 AMRCLAW: level  1  CFL = .421E+00  dt = 0.5000E+00  final t = 0.243250E+04
 AMRCLAW: level  1  CFL = .421E+00  dt = 0.5000E+00  final t = 0.243300E+04
 AMRCLAW: level  1  CFL = .421E+00  dt = 0.5000E+00  final t = 0.243350E+04
 AMRCLAW: level  1  CFL = .421E+00  dt = 0.5000E+00  final t = 0.243400E+04
 AMRCLAW: level  1  CFL = .421E+00  dt = 0.5000E+00  final t = 0.243450E+04
 AMRCLAW: level  1  CFL = .421E+00  dt = 0.5000E+00  final t = 0.243500E+04
 AMRCLAW: level  1  CFL = .421E+00  dt = 0.5000E+00  final t = 0.243550E+04
 AMRCLAW: level  1  CFL = .421E+00  dt = 0.5000E+00  final t = 0.243600E+04
 AMRCLAW: level  1  CFL = .421E+00  dt = 0.5000E+00  final t = 0.243650E+04
 AMRCLAW: level  1  CFL = .421E+00  dt = 0.5000E+00  final t = 0.243700E+04
 AMRCLAW: level  1  CFL = .421E+00  dt = 0.5000E+00  final t = 0.243750E+04
 AMRCLAW: level  1  CFL = .421E+00  dt = 0.5000E+00  final t = 0.243800E+04
 AMRCLAW: level  1  CFL = .421E+00  dt = 0.5000E+00  final t = 0.243850E+04
 AMRCLAW: level  1  CFL = .421E+00  dt = 0.5000E+00  final t = 0.243900E+04
 AMRCLAW: level  1  CFL = .421E+00  dt = 0.5000E+00  final t = 0.243950E+04
 AMRCLAW: level  1  CFL = .421E+00  dt = 0.5000E+00  final t = 0.244000E+04
 AMRCLAW: level  1  CFL = .421E+00  dt = 0.5000E+00  final t = 0.244050E+04
 AMRCLAW: level  1  CFL = .421E+00  dt = 0.5000E+00  final t = 0.244100E+04
 AMRCLAW: level  1  CFL = .421E+00  dt = 0.5000E+00  final t = 0.244150E+04
 AMRCLAW: level  1  CFL = .421E+00  dt = 0.5000E+00  final t = 0.244200E+04
 AMRCLAW: level  1  CFL = .421E+00  dt = 0.5000E+00  final t = 0.244250E+04
 AMRCLAW: level  1  CFL = .421E+00  dt = 0.5000E+00  final t = 0.244300E+04
 AMRCLAW: level  1  CFL = .421E+00  dt = 0.5000E+00  final t = 0.244350E+04
 AMRCLAW: level  1  CFL = .421E+00  dt = 0.5000E+00  final t = 0.244400E+04
 AMRCLAW: level  1  CFL = .421E+00  dt = 0.5000E+00  final t = 0.244450E+04
 AMRCLAW: level  1  CFL = .421E+00  dt = 0.5000E+00  final t = 0.244500E+04
 AMRCLAW: level  1  CFL = .421E+00  dt = 0.5000E+00  final t = 0.244550E+04
 AMRCLAW: level  1  CFL = .421E+00  dt = 0.5000E+00  final t = 0.244600E+04
 AMRCLAW: level  1  CFL = .421E+00  dt = 0.5000E+00  final t = 0.244650E+04
 AMRCLAW: level  1  CFL = .421E+00  dt = 0.5000E+00  final t = 0.244700E+04
 AMRCLAW: level  1  CFL = .421E+00  dt = 0.5000E+00  final t = 0.244750E+04
 AMRCLAW: level  1  CFL = .421E+00  dt = 0.5000E+00  final t = 0.244800E+04
 AMRCLAW: level  1  CFL = .421E+00  dt = 0.5000E+00  final t = 0.244850E+04
 AMRCLAW: level  1  CFL = .421E+00  dt = 0.5000E+00  final t = 0.244900E+04
 AMRCLAW: level  1  CFL = .421E+00  dt = 0.5000E+00  final t = 0.244950E+04
 AMRCLAW: level  1  CFL = .421E+00  dt = 0.5000E+00  final t = 0.245000E+04
 AMRCLAW: level  1  CFL = .421E+00  dt = 0.5000E+00  final t = 0.245050E+04
 AMRCLAW: level  1  CFL = .421E+00  dt = 0.5000E+00  final t = 0.245100E+04
 AMRCLAW: level  1  CFL = .421E+00  dt = 0.5000E+00  final t = 0.245150E+04
 AMRCLAW: level  1  CFL = .421E+00  dt = 0.5000E+00  final t = 0.245200E+04
 AMRCLAW: level  1  CFL = .421E+00  dt = 0.5000E+00  final t = 0.245250E+04
 AMRCLAW: level  1  CFL = .421E+00  dt = 0.5000E+00  final t = 0.245300E+04
 AMRCLAW: level  1  CFL = .421E+00  dt = 0.5000E+00  final t = 0.245350E+04
 AMRCLAW: level  1  CFL = .421E+00  dt = 0.5000E+00  final t = 0.245400E+04
 AMRCLAW: level  1  CFL = .421E+00  dt = 0.5000E+00  final t = 0.245450E+04
 AMRCLAW: level  1  CFL = .421E+00  dt = 0.5000E+00  final t = 0.245500E+04
 AMRCLAW: level  1  CFL = .421E+00  dt = 0.5000E+00  final t = 0.245550E+04
 AMRCLAW: level  1  CFL = .421E+00  dt = 0.5000E+00  final t = 0.245600E+04
 AMRCLAW: level  1  CFL = .421E+00  dt = 0.5000E+00  final t = 0.245650E+04
 AMRCLAW: level  1  CFL = .421E+00  dt = 0.5000E+00  final t = 0.245700E+04
 AMRCLAW: level  1  CFL = .421E+00  dt = 0.5000E+00  final t = 0.245750E+04
 AMRCLAW: level  1  CFL = .421E+00  dt = 0.5000E+00  final t = 0.245800E+04
 AMRCLAW: level  1  CFL = .421E+00  dt = 0.5000E+00  final t = 0.245850E+04
 AMRCLAW: level  1  CFL = .421E+00  dt = 0.5000E+00  final t = 0.245900E+04
 AMRCLAW: level  1  CFL = .421E+00  dt = 0.5000E+00  final t = 0.245950E+04
 AMRCLAW: level  1  CFL = .421E+00  dt = 0.5000E+00  final t = 0.246000E+04
GEOCLAW: Frame   82 output files done at time t =  0.246000D+04

 AMRCLAW: level  1  CFL = .421E+00  dt = 0.5000E+00  final t = 0.246050E+04
 AMRCLAW: level  1  CFL = .421E+00  dt = 0.5000E+00  final t = 0.246100E+04
 AMRCLAW: level  1  CFL = .421E+00  dt = 0.5000E+00  final t = 0.246150E+04
 AMRCLAW: level  1  CFL = .421E+00  dt = 0.5000E+00  final t = 0.246200E+04
 AMRCLAW: level  1  CFL = .421E+00  dt = 0.5000E+00  final t = 0.246250E+04
 AMRCLAW: level  1  CFL = .421E+00  dt = 0.5000E+00  final t = 0.246300E+04
 AMRCLAW: level  1  CFL = .421E+00  dt = 0.5000E+00  final t = 0.246350E+04
 AMRCLAW: level  1  CFL = .421E+00  dt = 0.5000E+00  final t = 0.246400E+04
 AMRCLAW: level  1  CFL = .421E+00  dt = 0.5000E+00  final t = 0.246450E+04
 AMRCLAW: level  1  CFL = .421E+00  dt = 0.5000E+00  final t = 0.246500E+04
 AMRCLAW: level  1  CFL = .421E+00  dt = 0.5000E+00  final t = 0.246550E+04
 AMRCLAW: level  1  CFL = .421E+00  dt = 0.5000E+00  final t = 0.246600E+04
 AMRCLAW: level  1  CFL = .421E+00  dt = 0.5000E+00  final t = 0.246650E+04
 AMRCLAW: level  1  CFL = .421E+00  dt = 0.5000E+00  final t = 0.246700E+04
 AMRCLAW: level  1  CFL = .421E+00  dt = 0.5000E+00  final t = 0.246750E+04
 AMRCLAW: level  1  CFL = .421E+00  dt = 0.5000E+00  final t = 0.246800E+04
 AMRCLAW: level  1  CFL = .421E+00  dt = 0.5000E+00  final t = 0.246850E+04
 AMRCLAW: level  1  CFL = .421E+00  dt = 0.5000E+00  final t = 0.246900E+04
 AMRCLAW: level  1  CFL = .421E+00  dt = 0.5000E+00  final t = 0.246950E+04
 AMRCLAW: level  1  CFL = .421E+00  dt = 0.5000E+00  final t = 0.247000E+04
 AMRCLAW: level  1  CFL = .421E+00  dt = 0.5000E+00  final t = 0.247050E+04
 AMRCLAW: level  1  CFL = .421E+00  dt = 0.5000E+00  final t = 0.247100E+04
 AMRCLAW: level  1  CFL = .421E+00  dt = 0.5000E+00  final t = 0.247150E+04
 AMRCLAW: level  1  CFL = .421E+00  dt = 0.5000E+00  final t = 0.247200E+04
 AMRCLAW: level  1  CFL = .421E+00  dt = 0.5000E+00  final t = 0.247250E+04
 AMRCLAW: level  1  CFL = .421E+00  dt = 0.5000E+00  final t = 0.247300E+04
 AMRCLAW: level  1  CFL = .421E+00  dt = 0.5000E+00  final t = 0.247350E+04
 AMRCLAW: level  1  CFL = .421E+00  dt = 0.5000E+00  final t = 0.247400E+04
 AMRCLAW: level  1  CFL = .421E+00  dt = 0.5000E+00  final t = 0.247450E+04
 AMRCLAW: level  1  CFL = .421E+00  dt = 0.5000E+00  final t = 0.247500E+04
 AMRCLAW: level  1  CFL = .421E+00  dt = 0.5000E+00  final t = 0.247550E+04
 AMRCLAW: level  1  CFL = .421E+00  dt = 0.5000E+00  final t = 0.247600E+04
 AMRCLAW: level  1  CFL = .421E+00  dt = 0.5000E+00  final t = 0.247650E+04
 AMRCLAW: level  1  CFL = .421E+00  dt = 0.5000E+00  final t = 0.247700E+04
 AMRCLAW: level  1  CFL = .421E+00  dt = 0.5000E+00  final t = 0.247750E+04
 AMRCLAW: level  1  CFL = .421E+00  dt = 0.5000E+00  final t = 0.247800E+04
 AMRCLAW: level  1  CFL = .421E+00  dt = 0.5000E+00  final t = 0.247850E+04
 AMRCLAW: level  1  CFL = .421E+00  dt = 0.5000E+00  final t = 0.247900E+04
 AMRCLAW: level  1  CFL = .421E+00  dt = 0.5000E+00  final t = 0.247950E+04
 AMRCLAW: level  1  CFL = .421E+00  dt = 0.5000E+00  final t = 0.248000E+04
 AMRCLAW: level  1  CFL = .421E+00  dt = 0.5000E+00  final t = 0.248050E+04
 AMRCLAW: level  1  CFL = .421E+00  dt = 0.5000E+00  final t = 0.248100E+04
 AMRCLAW: level  1  CFL = .421E+00  dt = 0.5000E+00  final t = 0.248150E+04
 AMRCLAW: level  1  CFL = .421E+00  dt = 0.5000E+00  final t = 0.248200E+04
 AMRCLAW: level  1  CFL = .421E+00  dt = 0.5000E+00  final t = 0.248250E+04
 AMRCLAW: level  1  CFL = .421E+00  dt = 0.5000E+00  final t = 0.248300E+04
 AMRCLAW: level  1  CFL = .421E+00  dt = 0.5000E+00  final t = 0.248350E+04
 AMRCLAW: level  1  CFL = .421E+00  dt = 0.5000E+00  final t = 0.248400E+04
 AMRCLAW: level  1  CFL = .420E+00  dt = 0.5000E+00  final t = 0.248450E+04
 AMRCLAW: level  1  CFL = .420E+00  dt = 0.5000E+00  final t = 0.248500E+04
 AMRCLAW: level  1  CFL = .420E+00  dt = 0.5000E+00  final t = 0.248550E+04
 AMRCLAW: level  1  CFL = .420E+00  dt = 0.5000E+00  final t = 0.248600E+04
 AMRCLAW: level  1  CFL = .420E+00  dt = 0.5000E+00  final t = 0.248650E+04
 AMRCLAW: level  1  CFL = .420E+00  dt = 0.5000E+00  final t = 0.248700E+04
 AMRCLAW: level  1  CFL = .420E+00  dt = 0.5000E+00  final t = 0.248750E+04
 AMRCLAW: level  1  CFL = .420E+00  dt = 0.5000E+00  final t = 0.248800E+04
 AMRCLAW: level  1  CFL = .420E+00  dt = 0.5000E+00  final t = 0.248850E+04
 AMRCLAW: level  1  CFL = .420E+00  dt = 0.5000E+00  final t = 0.248900E+04
 AMRCLAW: level  1  CFL = .420E+00  dt = 0.5000E+00  final t = 0.248950E+04
 AMRCLAW: level  1  CFL = .420E+00  dt = 0.5000E+00  final t = 0.249000E+04
GEOCLAW: Frame   83 output files done at time t =  0.249000D+04

 AMRCLAW: level  1  CFL = .420E+00  dt = 0.5000E+00  final t = 0.249050E+04
 AMRCLAW: level  1  CFL = .420E+00  dt = 0.5000E+00  final t = 0.249100E+04
 AMRCLAW: level  1  CFL = .420E+00  dt = 0.5000E+00  final t = 0.249150E+04
 AMRCLAW: level  1  CFL = .420E+00  dt = 0.5000E+00  final t = 0.249200E+04
 AMRCLAW: level  1  CFL = .420E+00  dt = 0.5000E+00  final t = 0.249250E+04
 AMRCLAW: level  1  CFL = .420E+00  dt = 0.5000E+00  final t = 0.249300E+04
 AMRCLAW: level  1  CFL = .420E+00  dt = 0.5000E+00  final t = 0.249350E+04
 AMRCLAW: level  1  CFL = .420E+00  dt = 0.5000E+00  final t = 0.249400E+04
 AMRCLAW: level  1  CFL = .420E+00  dt = 0.5000E+00  final t = 0.249450E+04
 AMRCLAW: level  1  CFL = .420E+00  dt = 0.5000E+00  final t = 0.249500E+04
 AMRCLAW: level  1  CFL = .420E+00  dt = 0.5000E+00  final t = 0.249550E+04
 AMRCLAW: level  1  CFL = .420E+00  dt = 0.5000E+00  final t = 0.249600E+04
 AMRCLAW: level  1  CFL = .420E+00  dt = 0.5000E+00  final t = 0.249650E+04
 AMRCLAW: level  1  CFL = .420E+00  dt = 0.5000E+00  final t = 0.249700E+04
 AMRCLAW: level  1  CFL = .420E+00  dt = 0.5000E+00  final t = 0.249750E+04
 AMRCLAW: level  1  CFL = .420E+00  dt = 0.5000E+00  final t = 0.249800E+04
 AMRCLAW: level  1  CFL = .420E+00  dt = 0.5000E+00  final t = 0.249850E+04
 AMRCLAW: level  1  CFL = .420E+00  dt = 0.5000E+00  final t = 0.249900E+04
 AMRCLAW: level  1  CFL = .420E+00  dt = 0.5000E+00  final t = 0.249950E+04
 AMRCLAW: level  1  CFL = .420E+00  dt = 0.5000E+00  final t = 0.250000E+04
 AMRCLAW: level  1  CFL = .420E+00  dt = 0.5000E+00  final t = 0.250050E+04
 AMRCLAW: level  1  CFL = .420E+00  dt = 0.5000E+00  final t = 0.250100E+04
 AMRCLAW: level  1  CFL = .420E+00  dt = 0.5000E+00  final t = 0.250150E+04
 AMRCLAW: level  1  CFL = .420E+00  dt = 0.5000E+00  final t = 0.250200E+04
 AMRCLAW: level  1  CFL = .420E+00  dt = 0.5000E+00  final t = 0.250250E+04
 AMRCLAW: level  1  CFL = .420E+00  dt = 0.5000E+00  final t = 0.250300E+04
 AMRCLAW: level  1  CFL = .420E+00  dt = 0.5000E+00  final t = 0.250350E+04
 AMRCLAW: level  1  CFL = .420E+00  dt = 0.5000E+00  final t = 0.250400E+04
 AMRCLAW: level  1  CFL = .420E+00  dt = 0.5000E+00  final t = 0.250450E+04
 AMRCLAW: level  1  CFL = .420E+00  dt = 0.5000E+00  final t = 0.250500E+04
 AMRCLAW: level  1  CFL = .420E+00  dt = 0.5000E+00  final t = 0.250550E+04
 AMRCLAW: level  1  CFL = .420E+00  dt = 0.5000E+00  final t = 0.250600E+04
 AMRCLAW: level  1  CFL = .420E+00  dt = 0.5000E+00  final t = 0.250650E+04
 AMRCLAW: level  1  CFL = .420E+00  dt = 0.5000E+00  final t = 0.250700E+04
 AMRCLAW: level  1  CFL = .420E+00  dt = 0.5000E+00  final t = 0.250750E+04
 AMRCLAW: level  1  CFL = .420E+00  dt = 0.5000E+00  final t = 0.250800E+04
 AMRCLAW: level  1  CFL = .420E+00  dt = 0.5000E+00  final t = 0.250850E+04
 AMRCLAW: level  1  CFL = .420E+00  dt = 0.5000E+00  final t = 0.250900E+04
 AMRCLAW: level  1  CFL = .420E+00  dt = 0.5000E+00  final t = 0.250950E+04
 AMRCLAW: level  1  CFL = .420E+00  dt = 0.5000E+00  final t = 0.251000E+04
 AMRCLAW: level  1  CFL = .420E+00  dt = 0.5000E+00  final t = 0.251050E+04
 AMRCLAW: level  1  CFL = .420E+00  dt = 0.5000E+00  final t = 0.251100E+04
 AMRCLAW: level  1  CFL = .420E+00  dt = 0.5000E+00  final t = 0.251150E+04
 AMRCLAW: level  1  CFL = .420E+00  dt = 0.5000E+00  final t = 0.251200E+04
 AMRCLAW: level  1  CFL = .420E+00  dt = 0.5000E+00  final t = 0.251250E+04
 AMRCLAW: level  1  CFL = .420E+00  dt = 0.5000E+00  final t = 0.251300E+04
 AMRCLAW: level  1  CFL = .420E+00  dt = 0.5000E+00  final t = 0.251350E+04
 AMRCLAW: level  1  CFL = .420E+00  dt = 0.5000E+00  final t = 0.251400E+04
 AMRCLAW: level  1  CFL = .420E+00  dt = 0.5000E+00  final t = 0.251450E+04
 AMRCLAW: level  1  CFL = .420E+00  dt = 0.5000E+00  final t = 0.251500E+04
 AMRCLAW: level  1  CFL = .420E+00  dt = 0.5000E+00  final t = 0.251550E+04
 AMRCLAW: level  1  CFL = .420E+00  dt = 0.5000E+00  final t = 0.251600E+04
 AMRCLAW: level  1  CFL = .420E+00  dt = 0.5000E+00  final t = 0.251650E+04
 AMRCLAW: level  1  CFL = .420E+00  dt = 0.5000E+00  final t = 0.251700E+04
 AMRCLAW: level  1  CFL = .420E+00  dt = 0.5000E+00  final t = 0.251750E+04
 AMRCLAW: level  1  CFL = .420E+00  dt = 0.5000E+00  final t = 0.251800E+04
 AMRCLAW: level  1  CFL = .420E+00  dt = 0.5000E+00  final t = 0.251850E+04
 AMRCLAW: level  1  CFL = .420E+00  dt = 0.5000E+00  final t = 0.251900E+04
 AMRCLAW: level  1  CFL = .420E+00  dt = 0.5000E+00  final t = 0.251950E+04
 AMRCLAW: level  1  CFL = .420E+00  dt = 0.5000E+00  final t = 0.252000E+04
GEOCLAW: Frame   84 output files done at time t =  0.252000D+04

 AMRCLAW: level  1  CFL = .420E+00  dt = 0.5000E+00  final t = 0.252050E+04
 AMRCLAW: level  1  CFL = .420E+00  dt = 0.5000E+00  final t = 0.252100E+04
 AMRCLAW: level  1  CFL = .420E+00  dt = 0.5000E+00  final t = 0.252150E+04
 AMRCLAW: level  1  CFL = .420E+00  dt = 0.5000E+00  final t = 0.252200E+04
 AMRCLAW: level  1  CFL = .420E+00  dt = 0.5000E+00  final t = 0.252250E+04
 AMRCLAW: level  1  CFL = .420E+00  dt = 0.5000E+00  final t = 0.252300E+04
 AMRCLAW: level  1  CFL = .420E+00  dt = 0.5000E+00  final t = 0.252350E+04
 AMRCLAW: level  1  CFL = .420E+00  dt = 0.5000E+00  final t = 0.252400E+04
 AMRCLAW: level  1  CFL = .420E+00  dt = 0.5000E+00  final t = 0.252450E+04
 AMRCLAW: level  1  CFL = .420E+00  dt = 0.5000E+00  final t = 0.252500E+04
 AMRCLAW: level  1  CFL = .420E+00  dt = 0.5000E+00  final t = 0.252550E+04
 AMRCLAW: level  1  CFL = .420E+00  dt = 0.5000E+00  final t = 0.252600E+04
 AMRCLAW: level  1  CFL = .420E+00  dt = 0.5000E+00  final t = 0.252650E+04
 AMRCLAW: level  1  CFL = .420E+00  dt = 0.5000E+00  final t = 0.252700E+04
 AMRCLAW: level  1  CFL = .420E+00  dt = 0.5000E+00  final t = 0.252750E+04
 AMRCLAW: level  1  CFL = .420E+00  dt = 0.5000E+00  final t = 0.252800E+04
 AMRCLAW: level  1  CFL = .420E+00  dt = 0.5000E+00  final t = 0.252850E+04
 AMRCLAW: level  1  CFL = .420E+00  dt = 0.5000E+00  final t = 0.252900E+04
 AMRCLAW: level  1  CFL = .420E+00  dt = 0.5000E+00  final t = 0.252950E+04
 AMRCLAW: level  1  CFL = .420E+00  dt = 0.5000E+00  final t = 0.253000E+04
 AMRCLAW: level  1  CFL = .420E+00  dt = 0.5000E+00  final t = 0.253050E+04
 AMRCLAW: level  1  CFL = .420E+00  dt = 0.5000E+00  final t = 0.253100E+04
 AMRCLAW: level  1  CFL = .420E+00  dt = 0.5000E+00  final t = 0.253150E+04
 AMRCLAW: level  1  CFL = .420E+00  dt = 0.5000E+00  final t = 0.253200E+04
 AMRCLAW: level  1  CFL = .420E+00  dt = 0.5000E+00  final t = 0.253250E+04
 AMRCLAW: level  1  CFL = .420E+00  dt = 0.5000E+00  final t = 0.253300E+04
 AMRCLAW: level  1  CFL = .420E+00  dt = 0.5000E+00  final t = 0.253350E+04
 AMRCLAW: level  1  CFL = .420E+00  dt = 0.5000E+00  final t = 0.253400E+04
 AMRCLAW: level  1  CFL = .420E+00  dt = 0.5000E+00  final t = 0.253450E+04
 AMRCLAW: level  1  CFL = .420E+00  dt = 0.5000E+00  final t = 0.253500E+04
 AMRCLAW: level  1  CFL = .420E+00  dt = 0.5000E+00  final t = 0.253550E+04
 AMRCLAW: level  1  CFL = .420E+00  dt = 0.5000E+00  final t = 0.253600E+04
 AMRCLAW: level  1  CFL = .420E+00  dt = 0.5000E+00  final t = 0.253650E+04
 AMRCLAW: level  1  CFL = .420E+00  dt = 0.5000E+00  final t = 0.253700E+04
 AMRCLAW: level  1  CFL = .420E+00  dt = 0.5000E+00  final t = 0.253750E+04
 AMRCLAW: level  1  CFL = .420E+00  dt = 0.5000E+00  final t = 0.253800E+04
 AMRCLAW: level  1  CFL = .420E+00  dt = 0.5000E+00  final t = 0.253850E+04
 AMRCLAW: level  1  CFL = .420E+00  dt = 0.5000E+00  final t = 0.253900E+04
 AMRCLAW: level  1  CFL = .420E+00  dt = 0.5000E+00  final t = 0.253950E+04
 AMRCLAW: level  1  CFL = .420E+00  dt = 0.5000E+00  final t = 0.254000E+04
 AMRCLAW: level  1  CFL = .420E+00  dt = 0.5000E+00  final t = 0.254050E+04
 AMRCLAW: level  1  CFL = .420E+00  dt = 0.5000E+00  final t = 0.254100E+04
 AMRCLAW: level  1  CFL = .420E+00  dt = 0.5000E+00  final t = 0.254150E+04
 AMRCLAW: level  1  CFL = .420E+00  dt = 0.5000E+00  final t = 0.254200E+04
 AMRCLAW: level  1  CFL = .420E+00  dt = 0.5000E+00  final t = 0.254250E+04
 AMRCLAW: level  1  CFL = .420E+00  dt = 0.5000E+00  final t = 0.254300E+04
 AMRCLAW: level  1  CFL = .420E+00  dt = 0.5000E+00  final t = 0.254350E+04
 AMRCLAW: level  1  CFL = .420E+00  dt = 0.5000E+00  final t = 0.254400E+04
 AMRCLAW: level  1  CFL = .420E+00  dt = 0.5000E+00  final t = 0.254450E+04
 AMRCLAW: level  1  CFL = .420E+00  dt = 0.5000E+00  final t = 0.254500E+04
 AMRCLAW: level  1  CFL = .420E+00  dt = 0.5000E+00  final t = 0.254550E+04
 AMRCLAW: level  1  CFL = .420E+00  dt = 0.5000E+00  final t = 0.254600E+04
 AMRCLAW: level  1  CFL = .420E+00  dt = 0.5000E+00  final t = 0.254650E+04
 AMRCLAW: level  1  CFL = .420E+00  dt = 0.5000E+00  final t = 0.254700E+04
 AMRCLAW: level  1  CFL = .420E+00  dt = 0.5000E+00  final t = 0.254750E+04
 AMRCLAW: level  1  CFL = .420E+00  dt = 0.5000E+00  final t = 0.254800E+04
 AMRCLAW: level  1  CFL = .420E+00  dt = 0.5000E+00  final t = 0.254850E+04
 AMRCLAW: level  1  CFL = .420E+00  dt = 0.5000E+00  final t = 0.254900E+04
 AMRCLAW: level  1  CFL = .420E+00  dt = 0.5000E+00  final t = 0.254950E+04
 AMRCLAW: level  1  CFL = .420E+00  dt = 0.5000E+00  final t = 0.255000E+04
GEOCLAW: Frame   85 output files done at time t =  0.255000D+04

 AMRCLAW: level  1  CFL = .420E+00  dt = 0.5000E+00  final t = 0.255050E+04
 AMRCLAW: level  1  CFL = .420E+00  dt = 0.5000E+00  final t = 0.255100E+04
 AMRCLAW: level  1  CFL = .420E+00  dt = 0.5000E+00  final t = 0.255150E+04
 AMRCLAW: level  1  CFL = .420E+00  dt = 0.5000E+00  final t = 0.255200E+04
 AMRCLAW: level  1  CFL = .420E+00  dt = 0.5000E+00  final t = 0.255250E+04
 AMRCLAW: level  1  CFL = .420E+00  dt = 0.5000E+00  final t = 0.255300E+04
 AMRCLAW: level  1  CFL = .420E+00  dt = 0.5000E+00  final t = 0.255350E+04
 AMRCLAW: level  1  CFL = .420E+00  dt = 0.5000E+00  final t = 0.255400E+04
 AMRCLAW: level  1  CFL = .420E+00  dt = 0.5000E+00  final t = 0.255450E+04
 AMRCLAW: level  1  CFL = .420E+00  dt = 0.5000E+00  final t = 0.255500E+04
 AMRCLAW: level  1  CFL = .420E+00  dt = 0.5000E+00  final t = 0.255550E+04
 AMRCLAW: level  1  CFL = .420E+00  dt = 0.5000E+00  final t = 0.255600E+04
 AMRCLAW: level  1  CFL = .420E+00  dt = 0.5000E+00  final t = 0.255650E+04
 AMRCLAW: level  1  CFL = .419E+00  dt = 0.5000E+00  final t = 0.255700E+04
 AMRCLAW: level  1  CFL = .419E+00  dt = 0.5000E+00  final t = 0.255750E+04
 AMRCLAW: level  1  CFL = .419E+00  dt = 0.5000E+00  final t = 0.255800E+04
 AMRCLAW: level  1  CFL = .419E+00  dt = 0.5000E+00  final t = 0.255850E+04
 AMRCLAW: level  1  CFL = .419E+00  dt = 0.5000E+00  final t = 0.255900E+04
 AMRCLAW: level  1  CFL = .419E+00  dt = 0.5000E+00  final t = 0.255950E+04
 AMRCLAW: level  1  CFL = .419E+00  dt = 0.5000E+00  final t = 0.256000E+04
 AMRCLAW: level  1  CFL = .419E+00  dt = 0.5000E+00  final t = 0.256050E+04
 AMRCLAW: level  1  CFL = .419E+00  dt = 0.5000E+00  final t = 0.256100E+04
 AMRCLAW: level  1  CFL = .419E+00  dt = 0.5000E+00  final t = 0.256150E+04
 AMRCLAW: level  1  CFL = .419E+00  dt = 0.5000E+00  final t = 0.256200E+04
 AMRCLAW: level  1  CFL = .419E+00  dt = 0.5000E+00  final t = 0.256250E+04
 AMRCLAW: level  1  CFL = .419E+00  dt = 0.5000E+00  final t = 0.256300E+04
 AMRCLAW: level  1  CFL = .419E+00  dt = 0.5000E+00  final t = 0.256350E+04
 AMRCLAW: level  1  CFL = .419E+00  dt = 0.5000E+00  final t = 0.256400E+04
 AMRCLAW: level  1  CFL = .419E+00  dt = 0.5000E+00  final t = 0.256450E+04
 AMRCLAW: level  1  CFL = .419E+00  dt = 0.5000E+00  final t = 0.256500E+04
 AMRCLAW: level  1  CFL = .419E+00  dt = 0.5000E+00  final t = 0.256550E+04
 AMRCLAW: level  1  CFL = .419E+00  dt = 0.5000E+00  final t = 0.256600E+04
 AMRCLAW: level  1  CFL = .419E+00  dt = 0.5000E+00  final t = 0.256650E+04
 AMRCLAW: level  1  CFL = .419E+00  dt = 0.5000E+00  final t = 0.256700E+04
 AMRCLAW: level  1  CFL = .419E+00  dt = 0.5000E+00  final t = 0.256750E+04
 AMRCLAW: level  1  CFL = .419E+00  dt = 0.5000E+00  final t = 0.256800E+04
 AMRCLAW: level  1  CFL = .419E+00  dt = 0.5000E+00  final t = 0.256850E+04
 AMRCLAW: level  1  CFL = .419E+00  dt = 0.5000E+00  final t = 0.256900E+04
 AMRCLAW: level  1  CFL = .419E+00  dt = 0.5000E+00  final t = 0.256950E+04
 AMRCLAW: level  1  CFL = .419E+00  dt = 0.5000E+00  final t = 0.257000E+04
 AMRCLAW: level  1  CFL = .419E+00  dt = 0.5000E+00  final t = 0.257050E+04
 AMRCLAW: level  1  CFL = .419E+00  dt = 0.5000E+00  final t = 0.257100E+04
 AMRCLAW: level  1  CFL = .419E+00  dt = 0.5000E+00  final t = 0.257150E+04
 AMRCLAW: level  1  CFL = .419E+00  dt = 0.5000E+00  final t = 0.257200E+04
 AMRCLAW: level  1  CFL = .419E+00  dt = 0.5000E+00  final t = 0.257250E+04
 AMRCLAW: level  1  CFL = .419E+00  dt = 0.5000E+00  final t = 0.257300E+04
 AMRCLAW: level  1  CFL = .419E+00  dt = 0.5000E+00  final t = 0.257350E+04
 AMRCLAW: level  1  CFL = .419E+00  dt = 0.5000E+00  final t = 0.257400E+04
 AMRCLAW: level  1  CFL = .419E+00  dt = 0.5000E+00  final t = 0.257450E+04
 AMRCLAW: level  1  CFL = .419E+00  dt = 0.5000E+00  final t = 0.257500E+04
 AMRCLAW: level  1  CFL = .419E+00  dt = 0.5000E+00  final t = 0.257550E+04
 AMRCLAW: level  1  CFL = .419E+00  dt = 0.5000E+00  final t = 0.257600E+04
 AMRCLAW: level  1  CFL = .419E+00  dt = 0.5000E+00  final t = 0.257650E+04
 AMRCLAW: level  1  CFL = .419E+00  dt = 0.5000E+00  final t = 0.257700E+04
 AMRCLAW: level  1  CFL = .419E+00  dt = 0.5000E+00  final t = 0.257750E+04
 AMRCLAW: level  1  CFL = .419E+00  dt = 0.5000E+00  final t = 0.257800E+04
 AMRCLAW: level  1  CFL = .419E+00  dt = 0.5000E+00  final t = 0.257850E+04
 AMRCLAW: level  1  CFL = .419E+00  dt = 0.5000E+00  final t = 0.257900E+04
 AMRCLAW: level  1  CFL = .419E+00  dt = 0.5000E+00  final t = 0.257950E+04
 AMRCLAW: level  1  CFL = .419E+00  dt = 0.5000E+00  final t = 0.258000E+04
GEOCLAW: Frame   86 output files done at time t =  0.258000D+04

 AMRCLAW: level  1  CFL = .419E+00  dt = 0.5000E+00  final t = 0.258050E+04
 AMRCLAW: level  1  CFL = .419E+00  dt = 0.5000E+00  final t = 0.258100E+04
 AMRCLAW: level  1  CFL = .419E+00  dt = 0.5000E+00  final t = 0.258150E+04
 AMRCLAW: level  1  CFL = .419E+00  dt = 0.5000E+00  final t = 0.258200E+04
 AMRCLAW: level  1  CFL = .419E+00  dt = 0.5000E+00  final t = 0.258250E+04
 AMRCLAW: level  1  CFL = .419E+00  dt = 0.5000E+00  final t = 0.258300E+04
 AMRCLAW: level  1  CFL = .419E+00  dt = 0.5000E+00  final t = 0.258350E+04
 AMRCLAW: level  1  CFL = .419E+00  dt = 0.5000E+00  final t = 0.258400E+04
 AMRCLAW: level  1  CFL = .419E+00  dt = 0.5000E+00  final t = 0.258450E+04
 AMRCLAW: level  1  CFL = .419E+00  dt = 0.5000E+00  final t = 0.258500E+04
 AMRCLAW: level  1  CFL = .419E+00  dt = 0.5000E+00  final t = 0.258550E+04
 AMRCLAW: level  1  CFL = .419E+00  dt = 0.5000E+00  final t = 0.258600E+04
 AMRCLAW: level  1  CFL = .419E+00  dt = 0.5000E+00  final t = 0.258650E+04
 AMRCLAW: level  1  CFL = .419E+00  dt = 0.5000E+00  final t = 0.258700E+04
 AMRCLAW: level  1  CFL = .419E+00  dt = 0.5000E+00  final t = 0.258750E+04
 AMRCLAW: level  1  CFL = .419E+00  dt = 0.5000E+00  final t = 0.258800E+04
 AMRCLAW: level  1  CFL = .419E+00  dt = 0.5000E+00  final t = 0.258850E+04
 AMRCLAW: level  1  CFL = .419E+00  dt = 0.5000E+00  final t = 0.258900E+04
 AMRCLAW: level  1  CFL = .419E+00  dt = 0.5000E+00  final t = 0.258950E+04
 AMRCLAW: level  1  CFL = .419E+00  dt = 0.5000E+00  final t = 0.259000E+04
 AMRCLAW: level  1  CFL = .419E+00  dt = 0.5000E+00  final t = 0.259050E+04
 AMRCLAW: level  1  CFL = .419E+00  dt = 0.5000E+00  final t = 0.259100E+04
 AMRCLAW: level  1  CFL = .419E+00  dt = 0.5000E+00  final t = 0.259150E+04
 AMRCLAW: level  1  CFL = .419E+00  dt = 0.5000E+00  final t = 0.259200E+04
 AMRCLAW: level  1  CFL = .419E+00  dt = 0.5000E+00  final t = 0.259250E+04
 AMRCLAW: level  1  CFL = .419E+00  dt = 0.5000E+00  final t = 0.259300E+04
 AMRCLAW: level  1  CFL = .419E+00  dt = 0.5000E+00  final t = 0.259350E+04
 AMRCLAW: level  1  CFL = .419E+00  dt = 0.5000E+00  final t = 0.259400E+04
 AMRCLAW: level  1  CFL = .419E+00  dt = 0.5000E+00  final t = 0.259450E+04
 AMRCLAW: level  1  CFL = .419E+00  dt = 0.5000E+00  final t = 0.259500E+04
 AMRCLAW: level  1  CFL = .419E+00  dt = 0.5000E+00  final t = 0.259550E+04
 AMRCLAW: level  1  CFL = .419E+00  dt = 0.5000E+00  final t = 0.259600E+04
 AMRCLAW: level  1  CFL = .419E+00  dt = 0.5000E+00  final t = 0.259650E+04
 AMRCLAW: level  1  CFL = .419E+00  dt = 0.5000E+00  final t = 0.259700E+04
 AMRCLAW: level  1  CFL = .419E+00  dt = 0.5000E+00  final t = 0.259750E+04
 AMRCLAW: level  1  CFL = .419E+00  dt = 0.5000E+00  final t = 0.259800E+04
 AMRCLAW: level  1  CFL = .419E+00  dt = 0.5000E+00  final t = 0.259850E+04
 AMRCLAW: level  1  CFL = .419E+00  dt = 0.5000E+00  final t = 0.259900E+04
 AMRCLAW: level  1  CFL = .419E+00  dt = 0.5000E+00  final t = 0.259950E+04
 AMRCLAW: level  1  CFL = .419E+00  dt = 0.5000E+00  final t = 0.260000E+04
 AMRCLAW: level  1  CFL = .419E+00  dt = 0.5000E+00  final t = 0.260050E+04
 AMRCLAW: level  1  CFL = .419E+00  dt = 0.5000E+00  final t = 0.260100E+04
 AMRCLAW: level  1  CFL = .419E+00  dt = 0.5000E+00  final t = 0.260150E+04
 AMRCLAW: level  1  CFL = .419E+00  dt = 0.5000E+00  final t = 0.260200E+04
 AMRCLAW: level  1  CFL = .419E+00  dt = 0.5000E+00  final t = 0.260250E+04
 AMRCLAW: level  1  CFL = .419E+00  dt = 0.5000E+00  final t = 0.260300E+04
 AMRCLAW: level  1  CFL = .419E+00  dt = 0.5000E+00  final t = 0.260350E+04
 AMRCLAW: level  1  CFL = .419E+00  dt = 0.5000E+00  final t = 0.260400E+04
 AMRCLAW: level  1  CFL = .419E+00  dt = 0.5000E+00  final t = 0.260450E+04
 AMRCLAW: level  1  CFL = .419E+00  dt = 0.5000E+00  final t = 0.260500E+04
 AMRCLAW: level  1  CFL = .419E+00  dt = 0.5000E+00  final t = 0.260550E+04
 AMRCLAW: level  1  CFL = .419E+00  dt = 0.5000E+00  final t = 0.260600E+04
 AMRCLAW: level  1  CFL = .419E+00  dt = 0.5000E+00  final t = 0.260650E+04
 AMRCLAW: level  1  CFL = .419E+00  dt = 0.5000E+00  final t = 0.260700E+04
 AMRCLAW: level  1  CFL = .419E+00  dt = 0.5000E+00  final t = 0.260750E+04
 AMRCLAW: level  1  CFL = .419E+00  dt = 0.5000E+00  final t = 0.260800E+04
 AMRCLAW: level  1  CFL = .419E+00  dt = 0.5000E+00  final t = 0.260850E+04
 AMRCLAW: level  1  CFL = .419E+00  dt = 0.5000E+00  final t = 0.260900E+04
 AMRCLAW: level  1  CFL = .419E+00  dt = 0.5000E+00  final t = 0.260950E+04
 AMRCLAW: level  1  CFL = .419E+00  dt = 0.5000E+00  final t = 0.261000E+04
GEOCLAW: Frame   87 output files done at time t =  0.261000D+04

 AMRCLAW: level  1  CFL = .419E+00  dt = 0.5000E+00  final t = 0.261050E+04
 AMRCLAW: level  1  CFL = .419E+00  dt = 0.5000E+00  final t = 0.261100E+04
 AMRCLAW: level  1  CFL = .419E+00  dt = 0.5000E+00  final t = 0.261150E+04
 AMRCLAW: level  1  CFL = .419E+00  dt = 0.5000E+00  final t = 0.261200E+04
 AMRCLAW: level  1  CFL = .419E+00  dt = 0.5000E+00  final t = 0.261250E+04
 AMRCLAW: level  1  CFL = .419E+00  dt = 0.5000E+00  final t = 0.261300E+04
 AMRCLAW: level  1  CFL = .419E+00  dt = 0.5000E+00  final t = 0.261350E+04
 AMRCLAW: level  1  CFL = .419E+00  dt = 0.5000E+00  final t = 0.261400E+04
 AMRCLAW: level  1  CFL = .419E+00  dt = 0.5000E+00  final t = 0.261450E+04
 AMRCLAW: level  1  CFL = .419E+00  dt = 0.5000E+00  final t = 0.261500E+04
 AMRCLAW: level  1  CFL = .419E+00  dt = 0.5000E+00  final t = 0.261550E+04
 AMRCLAW: level  1  CFL = .419E+00  dt = 0.5000E+00  final t = 0.261600E+04
 AMRCLAW: level  1  CFL = .419E+00  dt = 0.5000E+00  final t = 0.261650E+04
 AMRCLAW: level  1  CFL = .419E+00  dt = 0.5000E+00  final t = 0.261700E+04
 AMRCLAW: level  1  CFL = .419E+00  dt = 0.5000E+00  final t = 0.261750E+04
 AMRCLAW: level  1  CFL = .419E+00  dt = 0.5000E+00  final t = 0.261800E+04
 AMRCLAW: level  1  CFL = .419E+00  dt = 0.5000E+00  final t = 0.261850E+04
 AMRCLAW: level  1  CFL = .419E+00  dt = 0.5000E+00  final t = 0.261900E+04
 AMRCLAW: level  1  CFL = .419E+00  dt = 0.5000E+00  final t = 0.261950E+04
 AMRCLAW: level  1  CFL = .419E+00  dt = 0.5000E+00  final t = 0.262000E+04
 AMRCLAW: level  1  CFL = .419E+00  dt = 0.5000E+00  final t = 0.262050E+04
 AMRCLAW: level  1  CFL = .419E+00  dt = 0.5000E+00  final t = 0.262100E+04
 AMRCLAW: level  1  CFL = .419E+00  dt = 0.5000E+00  final t = 0.262150E+04
 AMRCLAW: level  1  CFL = .419E+00  dt = 0.5000E+00  final t = 0.262200E+04
 AMRCLAW: level  1  CFL = .419E+00  dt = 0.5000E+00  final t = 0.262250E+04
 AMRCLAW: level  1  CFL = .419E+00  dt = 0.5000E+00  final t = 0.262300E+04
 AMRCLAW: level  1  CFL = .419E+00  dt = 0.5000E+00  final t = 0.262350E+04
 AMRCLAW: level  1  CFL = .419E+00  dt = 0.5000E+00  final t = 0.262400E+04
 AMRCLAW: level  1  CFL = .419E+00  dt = 0.5000E+00  final t = 0.262450E+04
 AMRCLAW: level  1  CFL = .419E+00  dt = 0.5000E+00  final t = 0.262500E+04
 AMRCLAW: level  1  CFL = .419E+00  dt = 0.5000E+00  final t = 0.262550E+04
 AMRCLAW: level  1  CFL = .419E+00  dt = 0.5000E+00  final t = 0.262600E+04
 AMRCLAW: level  1  CFL = .419E+00  dt = 0.5000E+00  final t = 0.262650E+04
 AMRCLAW: level  1  CFL = .419E+00  dt = 0.5000E+00  final t = 0.262700E+04
 AMRCLAW: level  1  CFL = .419E+00  dt = 0.5000E+00  final t = 0.262750E+04
 AMRCLAW: level  1  CFL = .419E+00  dt = 0.5000E+00  final t = 0.262800E+04
 AMRCLAW: level  1  CFL = .419E+00  dt = 0.5000E+00  final t = 0.262850E+04
 AMRCLAW: level  1  CFL = .419E+00  dt = 0.5000E+00  final t = 0.262900E+04
 AMRCLAW: level  1  CFL = .419E+00  dt = 0.5000E+00  final t = 0.262950E+04
 AMRCLAW: level  1  CFL = .419E+00  dt = 0.5000E+00  final t = 0.263000E+04
 AMRCLAW: level  1  CFL = .419E+00  dt = 0.5000E+00  final t = 0.263050E+04
 AMRCLAW: level  1  CFL = .419E+00  dt = 0.5000E+00  final t = 0.263100E+04
 AMRCLAW: level  1  CFL = .419E+00  dt = 0.5000E+00  final t = 0.263150E+04
 AMRCLAW: level  1  CFL = .419E+00  dt = 0.5000E+00  final t = 0.263200E+04
 AMRCLAW: level  1  CFL = .419E+00  dt = 0.5000E+00  final t = 0.263250E+04
 AMRCLAW: level  1  CFL = .419E+00  dt = 0.5000E+00  final t = 0.263300E+04
 AMRCLAW: level  1  CFL = .419E+00  dt = 0.5000E+00  final t = 0.263350E+04
 AMRCLAW: level  1  CFL = .419E+00  dt = 0.5000E+00  final t = 0.263400E+04
 AMRCLAW: level  1  CFL = .419E+00  dt = 0.5000E+00  final t = 0.263450E+04
 AMRCLAW: level  1  CFL = .419E+00  dt = 0.5000E+00  final t = 0.263500E+04
 AMRCLAW: level  1  CFL = .419E+00  dt = 0.5000E+00  final t = 0.263550E+04
 AMRCLAW: level  1  CFL = .419E+00  dt = 0.5000E+00  final t = 0.263600E+04
 AMRCLAW: level  1  CFL = .419E+00  dt = 0.5000E+00  final t = 0.263650E+04
 AMRCLAW: level  1  CFL = .419E+00  dt = 0.5000E+00  final t = 0.263700E+04
 AMRCLAW: level  1  CFL = .419E+00  dt = 0.5000E+00  final t = 0.263750E+04
 AMRCLAW: level  1  CFL = .419E+00  dt = 0.5000E+00  final t = 0.263800E+04
 AMRCLAW: level  1  CFL = .419E+00  dt = 0.5000E+00  final t = 0.263850E+04
 AMRCLAW: level  1  CFL = .419E+00  dt = 0.5000E+00  final t = 0.263900E+04
 AMRCLAW: level  1  CFL = .419E+00  dt = 0.5000E+00  final t = 0.263950E+04
 AMRCLAW: level  1  CFL = .419E+00  dt = 0.5000E+00  final t = 0.264000E+04
GEOCLAW: Frame   88 output files done at time t =  0.264000D+04

 AMRCLAW: level  1  CFL = .419E+00  dt = 0.5000E+00  final t = 0.264050E+04
 AMRCLAW: level  1  CFL = .419E+00  dt = 0.5000E+00  final t = 0.264100E+04
 AMRCLAW: level  1  CFL = .419E+00  dt = 0.5000E+00  final t = 0.264150E+04
 AMRCLAW: level  1  CFL = .419E+00  dt = 0.5000E+00  final t = 0.264200E+04
 AMRCLAW: level  1  CFL = .419E+00  dt = 0.5000E+00  final t = 0.264250E+04
 AMRCLAW: level  1  CFL = .419E+00  dt = 0.5000E+00  final t = 0.264300E+04
 AMRCLAW: level  1  CFL = .419E+00  dt = 0.5000E+00  final t = 0.264350E+04
 AMRCLAW: level  1  CFL = .419E+00  dt = 0.5000E+00  final t = 0.264400E+04
 AMRCLAW: level  1  CFL = .419E+00  dt = 0.5000E+00  final t = 0.264450E+04
 AMRCLAW: level  1  CFL = .419E+00  dt = 0.5000E+00  final t = 0.264500E+04
 AMRCLAW: level  1  CFL = .419E+00  dt = 0.5000E+00  final t = 0.264550E+04
 AMRCLAW: level  1  CFL = .419E+00  dt = 0.5000E+00  final t = 0.264600E+04
 AMRCLAW: level  1  CFL = .419E+00  dt = 0.5000E+00  final t = 0.264650E+04
 AMRCLAW: level  1  CFL = .419E+00  dt = 0.5000E+00  final t = 0.264700E+04
 AMRCLAW: level  1  CFL = .419E+00  dt = 0.5000E+00  final t = 0.264750E+04
 AMRCLAW: level  1  CFL = .419E+00  dt = 0.5000E+00  final t = 0.264800E+04
 AMRCLAW: level  1  CFL = .419E+00  dt = 0.5000E+00  final t = 0.264850E+04
 AMRCLAW: level  1  CFL = .419E+00  dt = 0.5000E+00  final t = 0.264900E+04
 AMRCLAW: level  1  CFL = .419E+00  dt = 0.5000E+00  final t = 0.264950E+04
 AMRCLAW: level  1  CFL = .418E+00  dt = 0.5000E+00  final t = 0.265000E+04
 AMRCLAW: level  1  CFL = .418E+00  dt = 0.5000E+00  final t = 0.265050E+04
 AMRCLAW: level  1  CFL = .418E+00  dt = 0.5000E+00  final t = 0.265100E+04
 AMRCLAW: level  1  CFL = .418E+00  dt = 0.5000E+00  final t = 0.265150E+04
 AMRCLAW: level  1  CFL = .418E+00  dt = 0.5000E+00  final t = 0.265200E+04
 AMRCLAW: level  1  CFL = .418E+00  dt = 0.5000E+00  final t = 0.265250E+04
 AMRCLAW: level  1  CFL = .418E+00  dt = 0.5000E+00  final t = 0.265300E+04
 AMRCLAW: level  1  CFL = .418E+00  dt = 0.5000E+00  final t = 0.265350E+04
 AMRCLAW: level  1  CFL = .418E+00  dt = 0.5000E+00  final t = 0.265400E+04
 AMRCLAW: level  1  CFL = .418E+00  dt = 0.5000E+00  final t = 0.265450E+04
 AMRCLAW: level  1  CFL = .418E+00  dt = 0.5000E+00  final t = 0.265500E+04
 AMRCLAW: level  1  CFL = .418E+00  dt = 0.5000E+00  final t = 0.265550E+04
 AMRCLAW: level  1  CFL = .418E+00  dt = 0.5000E+00  final t = 0.265600E+04
 AMRCLAW: level  1  CFL = .418E+00  dt = 0.5000E+00  final t = 0.265650E+04
 AMRCLAW: level  1  CFL = .418E+00  dt = 0.5000E+00  final t = 0.265700E+04
 AMRCLAW: level  1  CFL = .418E+00  dt = 0.5000E+00  final t = 0.265750E+04
 AMRCLAW: level  1  CFL = .418E+00  dt = 0.5000E+00  final t = 0.265800E+04
 AMRCLAW: level  1  CFL = .418E+00  dt = 0.5000E+00  final t = 0.265850E+04
 AMRCLAW: level  1  CFL = .418E+00  dt = 0.5000E+00  final t = 0.265900E+04
 AMRCLAW: level  1  CFL = .418E+00  dt = 0.5000E+00  final t = 0.265950E+04
 AMRCLAW: level  1  CFL = .418E+00  dt = 0.5000E+00  final t = 0.266000E+04
 AMRCLAW: level  1  CFL = .418E+00  dt = 0.5000E+00  final t = 0.266050E+04
 AMRCLAW: level  1  CFL = .418E+00  dt = 0.5000E+00  final t = 0.266100E+04
 AMRCLAW: level  1  CFL = .418E+00  dt = 0.5000E+00  final t = 0.266150E+04
 AMRCLAW: level  1  CFL = .418E+00  dt = 0.5000E+00  final t = 0.266200E+04
 AMRCLAW: level  1  CFL = .418E+00  dt = 0.5000E+00  final t = 0.266250E+04
 AMRCLAW: level  1  CFL = .418E+00  dt = 0.5000E+00  final t = 0.266300E+04
 AMRCLAW: level  1  CFL = .418E+00  dt = 0.5000E+00  final t = 0.266350E+04
 AMRCLAW: level  1  CFL = .418E+00  dt = 0.5000E+00  final t = 0.266400E+04
 AMRCLAW: level  1  CFL = .418E+00  dt = 0.5000E+00  final t = 0.266450E+04
 AMRCLAW: level  1  CFL = .418E+00  dt = 0.5000E+00  final t = 0.266500E+04
 AMRCLAW: level  1  CFL = .418E+00  dt = 0.5000E+00  final t = 0.266550E+04
 AMRCLAW: level  1  CFL = .418E+00  dt = 0.5000E+00  final t = 0.266600E+04
 AMRCLAW: level  1  CFL = .418E+00  dt = 0.5000E+00  final t = 0.266650E+04
 AMRCLAW: level  1  CFL = .418E+00  dt = 0.5000E+00  final t = 0.266700E+04
 AMRCLAW: level  1  CFL = .418E+00  dt = 0.5000E+00  final t = 0.266750E+04
 AMRCLAW: level  1  CFL = .418E+00  dt = 0.5000E+00  final t = 0.266800E+04
 AMRCLAW: level  1  CFL = .418E+00  dt = 0.5000E+00  final t = 0.266850E+04
 AMRCLAW: level  1  CFL = .418E+00  dt = 0.5000E+00  final t = 0.266900E+04
 AMRCLAW: level  1  CFL = .418E+00  dt = 0.5000E+00  final t = 0.266950E+04
 AMRCLAW: level  1  CFL = .418E+00  dt = 0.5000E+00  final t = 0.267000E+04
GEOCLAW: Frame   89 output files done at time t =  0.267000D+04

 AMRCLAW: level  1  CFL = .418E+00  dt = 0.5000E+00  final t = 0.267050E+04
 AMRCLAW: level  1  CFL = .418E+00  dt = 0.5000E+00  final t = 0.267100E+04
 AMRCLAW: level  1  CFL = .418E+00  dt = 0.5000E+00  final t = 0.267150E+04
 AMRCLAW: level  1  CFL = .418E+00  dt = 0.5000E+00  final t = 0.267200E+04
 AMRCLAW: level  1  CFL = .418E+00  dt = 0.5000E+00  final t = 0.267250E+04
 AMRCLAW: level  1  CFL = .418E+00  dt = 0.5000E+00  final t = 0.267300E+04
 AMRCLAW: level  1  CFL = .418E+00  dt = 0.5000E+00  final t = 0.267350E+04
 AMRCLAW: level  1  CFL = .418E+00  dt = 0.5000E+00  final t = 0.267400E+04
 AMRCLAW: level  1  CFL = .418E+00  dt = 0.5000E+00  final t = 0.267450E+04
 AMRCLAW: level  1  CFL = .418E+00  dt = 0.5000E+00  final t = 0.267500E+04
 AMRCLAW: level  1  CFL = .418E+00  dt = 0.5000E+00  final t = 0.267550E+04
 AMRCLAW: level  1  CFL = .418E+00  dt = 0.5000E+00  final t = 0.267600E+04
 AMRCLAW: level  1  CFL = .418E+00  dt = 0.5000E+00  final t = 0.267650E+04
 AMRCLAW: level  1  CFL = .418E+00  dt = 0.5000E+00  final t = 0.267700E+04
 AMRCLAW: level  1  CFL = .418E+00  dt = 0.5000E+00  final t = 0.267750E+04
 AMRCLAW: level  1  CFL = .418E+00  dt = 0.5000E+00  final t = 0.267800E+04
 AMRCLAW: level  1  CFL = .418E+00  dt = 0.5000E+00  final t = 0.267850E+04
 AMRCLAW: level  1  CFL = .418E+00  dt = 0.5000E+00  final t = 0.267900E+04
 AMRCLAW: level  1  CFL = .418E+00  dt = 0.5000E+00  final t = 0.267950E+04
 AMRCLAW: level  1  CFL = .418E+00  dt = 0.5000E+00  final t = 0.268000E+04
 AMRCLAW: level  1  CFL = .418E+00  dt = 0.5000E+00  final t = 0.268050E+04
 AMRCLAW: level  1  CFL = .418E+00  dt = 0.5000E+00  final t = 0.268100E+04
 AMRCLAW: level  1  CFL = .418E+00  dt = 0.5000E+00  final t = 0.268150E+04
 AMRCLAW: level  1  CFL = .418E+00  dt = 0.5000E+00  final t = 0.268200E+04
 AMRCLAW: level  1  CFL = .418E+00  dt = 0.5000E+00  final t = 0.268250E+04
 AMRCLAW: level  1  CFL = .418E+00  dt = 0.5000E+00  final t = 0.268300E+04
 AMRCLAW: level  1  CFL = .418E+00  dt = 0.5000E+00  final t = 0.268350E+04
 AMRCLAW: level  1  CFL = .418E+00  dt = 0.5000E+00  final t = 0.268400E+04
 AMRCLAW: level  1  CFL = .418E+00  dt = 0.5000E+00  final t = 0.268450E+04
 AMRCLAW: level  1  CFL = .418E+00  dt = 0.5000E+00  final t = 0.268500E+04
 AMRCLAW: level  1  CFL = .418E+00  dt = 0.5000E+00  final t = 0.268550E+04
 AMRCLAW: level  1  CFL = .418E+00  dt = 0.5000E+00  final t = 0.268600E+04
 AMRCLAW: level  1  CFL = .418E+00  dt = 0.5000E+00  final t = 0.268650E+04
 AMRCLAW: level  1  CFL = .418E+00  dt = 0.5000E+00  final t = 0.268700E+04
 AMRCLAW: level  1  CFL = .418E+00  dt = 0.5000E+00  final t = 0.268750E+04
 AMRCLAW: level  1  CFL = .418E+00  dt = 0.5000E+00  final t = 0.268800E+04
 AMRCLAW: level  1  CFL = .418E+00  dt = 0.5000E+00  final t = 0.268850E+04
 AMRCLAW: level  1  CFL = .418E+00  dt = 0.5000E+00  final t = 0.268900E+04
 AMRCLAW: level  1  CFL = .418E+00  dt = 0.5000E+00  final t = 0.268950E+04
 AMRCLAW: level  1  CFL = .418E+00  dt = 0.5000E+00  final t = 0.269000E+04
 AMRCLAW: level  1  CFL = .418E+00  dt = 0.5000E+00  final t = 0.269050E+04
 AMRCLAW: level  1  CFL = .418E+00  dt = 0.5000E+00  final t = 0.269100E+04
 AMRCLAW: level  1  CFL = .418E+00  dt = 0.5000E+00  final t = 0.269150E+04
 AMRCLAW: level  1  CFL = .418E+00  dt = 0.5000E+00  final t = 0.269200E+04
 AMRCLAW: level  1  CFL = .418E+00  dt = 0.5000E+00  final t = 0.269250E+04
 AMRCLAW: level  1  CFL = .418E+00  dt = 0.5000E+00  final t = 0.269300E+04
 AMRCLAW: level  1  CFL = .418E+00  dt = 0.5000E+00  final t = 0.269350E+04
 AMRCLAW: level  1  CFL = .418E+00  dt = 0.5000E+00  final t = 0.269400E+04
 AMRCLAW: level  1  CFL = .418E+00  dt = 0.5000E+00  final t = 0.269450E+04
 AMRCLAW: level  1  CFL = .418E+00  dt = 0.5000E+00  final t = 0.269500E+04
 AMRCLAW: level  1  CFL = .418E+00  dt = 0.5000E+00  final t = 0.269550E+04
 AMRCLAW: level  1  CFL = .418E+00  dt = 0.5000E+00  final t = 0.269600E+04
 AMRCLAW: level  1  CFL = .418E+00  dt = 0.5000E+00  final t = 0.269650E+04
 AMRCLAW: level  1  CFL = .418E+00  dt = 0.5000E+00  final t = 0.269700E+04
 AMRCLAW: level  1  CFL = .418E+00  dt = 0.5000E+00  final t = 0.269750E+04
 AMRCLAW: level  1  CFL = .418E+00  dt = 0.5000E+00  final t = 0.269800E+04
 AMRCLAW: level  1  CFL = .418E+00  dt = 0.5000E+00  final t = 0.269850E+04
 AMRCLAW: level  1  CFL = .418E+00  dt = 0.5000E+00  final t = 0.269900E+04
 AMRCLAW: level  1  CFL = .418E+00  dt = 0.5000E+00  final t = 0.269950E+04
 AMRCLAW: level  1  CFL = .418E+00  dt = 0.5000E+00  final t = 0.270000E+04
GEOCLAW: Frame   90 output files done at time t =  0.270000D+04

 AMRCLAW: level  1  CFL = .418E+00  dt = 0.5000E+00  final t = 0.270050E+04
 AMRCLAW: level  1  CFL = .418E+00  dt = 0.5000E+00  final t = 0.270100E+04
 AMRCLAW: level  1  CFL = .418E+00  dt = 0.5000E+00  final t = 0.270150E+04
 AMRCLAW: level  1  CFL = .418E+00  dt = 0.5000E+00  final t = 0.270200E+04
 AMRCLAW: level  1  CFL = .418E+00  dt = 0.5000E+00  final t = 0.270250E+04
 AMRCLAW: level  1  CFL = .418E+00  dt = 0.5000E+00  final t = 0.270300E+04
 AMRCLAW: level  1  CFL = .418E+00  dt = 0.5000E+00  final t = 0.270350E+04
 AMRCLAW: level  1  CFL = .418E+00  dt = 0.5000E+00  final t = 0.270400E+04
 AMRCLAW: level  1  CFL = .418E+00  dt = 0.5000E+00  final t = 0.270450E+04
 AMRCLAW: level  1  CFL = .418E+00  dt = 0.5000E+00  final t = 0.270500E+04
 AMRCLAW: level  1  CFL = .418E+00  dt = 0.5000E+00  final t = 0.270550E+04
 AMRCLAW: level  1  CFL = .418E+00  dt = 0.5000E+00  final t = 0.270600E+04
 AMRCLAW: level  1  CFL = .418E+00  dt = 0.5000E+00  final t = 0.270650E+04
 AMRCLAW: level  1  CFL = .418E+00  dt = 0.5000E+00  final t = 0.270700E+04
 AMRCLAW: level  1  CFL = .418E+00  dt = 0.5000E+00  final t = 0.270750E+04
 AMRCLAW: level  1  CFL = .417E+00  dt = 0.5000E+00  final t = 0.270800E+04
 AMRCLAW: level  1  CFL = .417E+00  dt = 0.5000E+00  final t = 0.270850E+04
 AMRCLAW: level  1  CFL = .417E+00  dt = 0.5000E+00  final t = 0.270900E+04
 AMRCLAW: level  1  CFL = .417E+00  dt = 0.5000E+00  final t = 0.270950E+04
 AMRCLAW: level  1  CFL = .417E+00  dt = 0.5000E+00  final t = 0.271000E+04
 AMRCLAW: level  1  CFL = .417E+00  dt = 0.5000E+00  final t = 0.271050E+04
 AMRCLAW: level  1  CFL = .417E+00  dt = 0.5000E+00  final t = 0.271100E+04
 AMRCLAW: level  1  CFL = .417E+00  dt = 0.5000E+00  final t = 0.271150E+04
 AMRCLAW: level  1  CFL = .417E+00  dt = 0.5000E+00  final t = 0.271200E+04
 AMRCLAW: level  1  CFL = .417E+00  dt = 0.5000E+00  final t = 0.271250E+04
 AMRCLAW: level  1  CFL = .417E+00  dt = 0.5000E+00  final t = 0.271300E+04
 AMRCLAW: level  1  CFL = .417E+00  dt = 0.5000E+00  final t = 0.271350E+04
 AMRCLAW: level  1  CFL = .417E+00  dt = 0.5000E+00  final t = 0.271400E+04
 AMRCLAW: level  1  CFL = .417E+00  dt = 0.5000E+00  final t = 0.271450E+04
 AMRCLAW: level  1  CFL = .417E+00  dt = 0.5000E+00  final t = 0.271500E+04
 AMRCLAW: level  1  CFL = .417E+00  dt = 0.5000E+00  final t = 0.271550E+04
 AMRCLAW: level  1  CFL = .417E+00  dt = 0.5000E+00  final t = 0.271600E+04
 AMRCLAW: level  1  CFL = .417E+00  dt = 0.5000E+00  final t = 0.271650E+04
 AMRCLAW: level  1  CFL = .417E+00  dt = 0.5000E+00  final t = 0.271700E+04
 AMRCLAW: level  1  CFL = .417E+00  dt = 0.5000E+00  final t = 0.271750E+04
 AMRCLAW: level  1  CFL = .417E+00  dt = 0.5000E+00  final t = 0.271800E+04
 AMRCLAW: level  1  CFL = .417E+00  dt = 0.5000E+00  final t = 0.271850E+04
 AMRCLAW: level  1  CFL = .417E+00  dt = 0.5000E+00  final t = 0.271900E+04
 AMRCLAW: level  1  CFL = .417E+00  dt = 0.5000E+00  final t = 0.271950E+04
 AMRCLAW: level  1  CFL = .417E+00  dt = 0.5000E+00  final t = 0.272000E+04
 AMRCLAW: level  1  CFL = .417E+00  dt = 0.5000E+00  final t = 0.272050E+04
 AMRCLAW: level  1  CFL = .417E+00  dt = 0.5000E+00  final t = 0.272100E+04
 AMRCLAW: level  1  CFL = .417E+00  dt = 0.5000E+00  final t = 0.272150E+04
 AMRCLAW: level  1  CFL = .417E+00  dt = 0.5000E+00  final t = 0.272200E+04
 AMRCLAW: level  1  CFL = .417E+00  dt = 0.5000E+00  final t = 0.272250E+04
 AMRCLAW: level  1  CFL = .417E+00  dt = 0.5000E+00  final t = 0.272300E+04
 AMRCLAW: level  1  CFL = .417E+00  dt = 0.5000E+00  final t = 0.272350E+04
 AMRCLAW: level  1  CFL = .417E+00  dt = 0.5000E+00  final t = 0.272400E+04
 AMRCLAW: level  1  CFL = .417E+00  dt = 0.5000E+00  final t = 0.272450E+04
 AMRCLAW: level  1  CFL = .417E+00  dt = 0.5000E+00  final t = 0.272500E+04
 AMRCLAW: level  1  CFL = .417E+00  dt = 0.5000E+00  final t = 0.272550E+04
 AMRCLAW: level  1  CFL = .417E+00  dt = 0.5000E+00  final t = 0.272600E+04
 AMRCLAW: level  1  CFL = .417E+00  dt = 0.5000E+00  final t = 0.272650E+04
 AMRCLAW: level  1  CFL = .417E+00  dt = 0.5000E+00  final t = 0.272700E+04
 AMRCLAW: level  1  CFL = .417E+00  dt = 0.5000E+00  final t = 0.272750E+04
 AMRCLAW: level  1  CFL = .417E+00  dt = 0.5000E+00  final t = 0.272800E+04
 AMRCLAW: level  1  CFL = .417E+00  dt = 0.5000E+00  final t = 0.272850E+04
 AMRCLAW: level  1  CFL = .417E+00  dt = 0.5000E+00  final t = 0.272900E+04
 AMRCLAW: level  1  CFL = .417E+00  dt = 0.5000E+00  final t = 0.272950E+04
 AMRCLAW: level  1  CFL = .417E+00  dt = 0.5000E+00  final t = 0.273000E+04
GEOCLAW: Frame   91 output files done at time t =  0.273000D+04

 AMRCLAW: level  1  CFL = .417E+00  dt = 0.5000E+00  final t = 0.273050E+04
 AMRCLAW: level  1  CFL = .417E+00  dt = 0.5000E+00  final t = 0.273100E+04
 AMRCLAW: level  1  CFL = .417E+00  dt = 0.5000E+00  final t = 0.273150E+04
 AMRCLAW: level  1  CFL = .417E+00  dt = 0.5000E+00  final t = 0.273200E+04
 AMRCLAW: level  1  CFL = .417E+00  dt = 0.5000E+00  final t = 0.273250E+04
 AMRCLAW: level  1  CFL = .417E+00  dt = 0.5000E+00  final t = 0.273300E+04
 AMRCLAW: level  1  CFL = .417E+00  dt = 0.5000E+00  final t = 0.273350E+04
 AMRCLAW: level  1  CFL = .417E+00  dt = 0.5000E+00  final t = 0.273400E+04
 AMRCLAW: level  1  CFL = .417E+00  dt = 0.5000E+00  final t = 0.273450E+04
 AMRCLAW: level  1  CFL = .417E+00  dt = 0.5000E+00  final t = 0.273500E+04
 AMRCLAW: level  1  CFL = .417E+00  dt = 0.5000E+00  final t = 0.273550E+04
 AMRCLAW: level  1  CFL = .417E+00  dt = 0.5000E+00  final t = 0.273600E+04
 AMRCLAW: level  1  CFL = .417E+00  dt = 0.5000E+00  final t = 0.273650E+04
 AMRCLAW: level  1  CFL = .417E+00  dt = 0.5000E+00  final t = 0.273700E+04
 AMRCLAW: level  1  CFL = .417E+00  dt = 0.5000E+00  final t = 0.273750E+04
 AMRCLAW: level  1  CFL = .417E+00  dt = 0.5000E+00  final t = 0.273800E+04
 AMRCLAW: level  1  CFL = .417E+00  dt = 0.5000E+00  final t = 0.273850E+04
 AMRCLAW: level  1  CFL = .417E+00  dt = 0.5000E+00  final t = 0.273900E+04
 AMRCLAW: level  1  CFL = .417E+00  dt = 0.5000E+00  final t = 0.273950E+04
 AMRCLAW: level  1  CFL = .417E+00  dt = 0.5000E+00  final t = 0.274000E+04
 AMRCLAW: level  1  CFL = .417E+00  dt = 0.5000E+00  final t = 0.274050E+04
 AMRCLAW: level  1  CFL = .417E+00  dt = 0.5000E+00  final t = 0.274100E+04
 AMRCLAW: level  1  CFL = .417E+00  dt = 0.5000E+00  final t = 0.274150E+04
 AMRCLAW: level  1  CFL = .417E+00  dt = 0.5000E+00  final t = 0.274200E+04
 AMRCLAW: level  1  CFL = .417E+00  dt = 0.5000E+00  final t = 0.274250E+04
 AMRCLAW: level  1  CFL = .417E+00  dt = 0.5000E+00  final t = 0.274300E+04
 AMRCLAW: level  1  CFL = .417E+00  dt = 0.5000E+00  final t = 0.274350E+04
 AMRCLAW: level  1  CFL = .417E+00  dt = 0.5000E+00  final t = 0.274400E+04
 AMRCLAW: level  1  CFL = .417E+00  dt = 0.5000E+00  final t = 0.274450E+04
 AMRCLAW: level  1  CFL = .417E+00  dt = 0.5000E+00  final t = 0.274500E+04
 AMRCLAW: level  1  CFL = .417E+00  dt = 0.5000E+00  final t = 0.274550E+04
 AMRCLAW: level  1  CFL = .417E+00  dt = 0.5000E+00  final t = 0.274600E+04
 AMRCLAW: level  1  CFL = .417E+00  dt = 0.5000E+00  final t = 0.274650E+04
 AMRCLAW: level  1  CFL = .417E+00  dt = 0.5000E+00  final t = 0.274700E+04
 AMRCLAW: level  1  CFL = .417E+00  dt = 0.5000E+00  final t = 0.274750E+04
 AMRCLAW: level  1  CFL = .417E+00  dt = 0.5000E+00  final t = 0.274800E+04
 AMRCLAW: level  1  CFL = .417E+00  dt = 0.5000E+00  final t = 0.274850E+04
 AMRCLAW: level  1  CFL = .417E+00  dt = 0.5000E+00  final t = 0.274900E+04
 AMRCLAW: level  1  CFL = .417E+00  dt = 0.5000E+00  final t = 0.274950E+04
 AMRCLAW: level  1  CFL = .417E+00  dt = 0.5000E+00  final t = 0.275000E+04
 AMRCLAW: level  1  CFL = .417E+00  dt = 0.5000E+00  final t = 0.275050E+04
 AMRCLAW: level  1  CFL = .417E+00  dt = 0.5000E+00  final t = 0.275100E+04
 AMRCLAW: level  1  CFL = .417E+00  dt = 0.5000E+00  final t = 0.275150E+04
 AMRCLAW: level  1  CFL = .417E+00  dt = 0.5000E+00  final t = 0.275200E+04
 AMRCLAW: level  1  CFL = .417E+00  dt = 0.5000E+00  final t = 0.275250E+04
 AMRCLAW: level  1  CFL = .417E+00  dt = 0.5000E+00  final t = 0.275300E+04
 AMRCLAW: level  1  CFL = .417E+00  dt = 0.5000E+00  final t = 0.275350E+04
 AMRCLAW: level  1  CFL = .417E+00  dt = 0.5000E+00  final t = 0.275400E+04
 AMRCLAW: level  1  CFL = .417E+00  dt = 0.5000E+00  final t = 0.275450E+04
 AMRCLAW: level  1  CFL = .417E+00  dt = 0.5000E+00  final t = 0.275500E+04
 AMRCLAW: level  1  CFL = .417E+00  dt = 0.5000E+00  final t = 0.275550E+04
 AMRCLAW: level  1  CFL = .417E+00  dt = 0.5000E+00  final t = 0.275600E+04
 AMRCLAW: level  1  CFL = .417E+00  dt = 0.5000E+00  final t = 0.275650E+04
 AMRCLAW: level  1  CFL = .417E+00  dt = 0.5000E+00  final t = 0.275700E+04
 AMRCLAW: level  1  CFL = .417E+00  dt = 0.5000E+00  final t = 0.275750E+04
 AMRCLAW: level  1  CFL = .417E+00  dt = 0.5000E+00  final t = 0.275800E+04
 AMRCLAW: level  1  CFL = .417E+00  dt = 0.5000E+00  final t = 0.275850E+04
 AMRCLAW: level  1  CFL = .417E+00  dt = 0.5000E+00  final t = 0.275900E+04
 AMRCLAW: level  1  CFL = .417E+00  dt = 0.5000E+00  final t = 0.275950E+04
 AMRCLAW: level  1  CFL = .417E+00  dt = 0.5000E+00  final t = 0.276000E+04
GEOCLAW: Frame   92 output files done at time t =  0.276000D+04

 AMRCLAW: level  1  CFL = .417E+00  dt = 0.5000E+00  final t = 0.276050E+04
 AMRCLAW: level  1  CFL = .417E+00  dt = 0.5000E+00  final t = 0.276100E+04
 AMRCLAW: level  1  CFL = .417E+00  dt = 0.5000E+00  final t = 0.276150E+04
 AMRCLAW: level  1  CFL = .417E+00  dt = 0.5000E+00  final t = 0.276200E+04
 AMRCLAW: level  1  CFL = .417E+00  dt = 0.5000E+00  final t = 0.276250E+04
 AMRCLAW: level  1  CFL = .417E+00  dt = 0.5000E+00  final t = 0.276300E+04
 AMRCLAW: level  1  CFL = .417E+00  dt = 0.5000E+00  final t = 0.276350E+04
 AMRCLAW: level  1  CFL = .417E+00  dt = 0.5000E+00  final t = 0.276400E+04
 AMRCLAW: level  1  CFL = .417E+00  dt = 0.5000E+00  final t = 0.276450E+04
 AMRCLAW: level  1  CFL = .417E+00  dt = 0.5000E+00  final t = 0.276500E+04
 AMRCLAW: level  1  CFL = .417E+00  dt = 0.5000E+00  final t = 0.276550E+04
 AMRCLAW: level  1  CFL = .417E+00  dt = 0.5000E+00  final t = 0.276600E+04
 AMRCLAW: level  1  CFL = .417E+00  dt = 0.5000E+00  final t = 0.276650E+04
 AMRCLAW: level  1  CFL = .417E+00  dt = 0.5000E+00  final t = 0.276700E+04
 AMRCLAW: level  1  CFL = .417E+00  dt = 0.5000E+00  final t = 0.276750E+04
 AMRCLAW: level  1  CFL = .417E+00  dt = 0.5000E+00  final t = 0.276800E+04
 AMRCLAW: level  1  CFL = .417E+00  dt = 0.5000E+00  final t = 0.276850E+04
 AMRCLAW: level  1  CFL = .417E+00  dt = 0.5000E+00  final t = 0.276900E+04
 AMRCLAW: level  1  CFL = .417E+00  dt = 0.5000E+00  final t = 0.276950E+04
 AMRCLAW: level  1  CFL = .417E+00  dt = 0.5000E+00  final t = 0.277000E+04
 AMRCLAW: level  1  CFL = .417E+00  dt = 0.5000E+00  final t = 0.277050E+04
 AMRCLAW: level  1  CFL = .417E+00  dt = 0.5000E+00  final t = 0.277100E+04
 AMRCLAW: level  1  CFL = .417E+00  dt = 0.5000E+00  final t = 0.277150E+04
 AMRCLAW: level  1  CFL = .417E+00  dt = 0.5000E+00  final t = 0.277200E+04
 AMRCLAW: level  1  CFL = .417E+00  dt = 0.5000E+00  final t = 0.277250E+04
 AMRCLAW: level  1  CFL = .416E+00  dt = 0.5000E+00  final t = 0.277300E+04
 AMRCLAW: level  1  CFL = .416E+00  dt = 0.5000E+00  final t = 0.277350E+04
 AMRCLAW: level  1  CFL = .416E+00  dt = 0.5000E+00  final t = 0.277400E+04
 AMRCLAW: level  1  CFL = .416E+00  dt = 0.5000E+00  final t = 0.277450E+04
 AMRCLAW: level  1  CFL = .416E+00  dt = 0.5000E+00  final t = 0.277500E+04
 AMRCLAW: level  1  CFL = .416E+00  dt = 0.5000E+00  final t = 0.277550E+04
 AMRCLAW: level  1  CFL = .416E+00  dt = 0.5000E+00  final t = 0.277600E+04
 AMRCLAW: level  1  CFL = .416E+00  dt = 0.5000E+00  final t = 0.277650E+04
 AMRCLAW: level  1  CFL = .416E+00  dt = 0.5000E+00  final t = 0.277700E+04
 AMRCLAW: level  1  CFL = .416E+00  dt = 0.5000E+00  final t = 0.277750E+04
 AMRCLAW: level  1  CFL = .416E+00  dt = 0.5000E+00  final t = 0.277800E+04
 AMRCLAW: level  1  CFL = .416E+00  dt = 0.5000E+00  final t = 0.277850E+04
 AMRCLAW: level  1  CFL = .416E+00  dt = 0.5000E+00  final t = 0.277900E+04
 AMRCLAW: level  1  CFL = .416E+00  dt = 0.5000E+00  final t = 0.277950E+04
 AMRCLAW: level  1  CFL = .416E+00  dt = 0.5000E+00  final t = 0.278000E+04
 AMRCLAW: level  1  CFL = .416E+00  dt = 0.5000E+00  final t = 0.278050E+04
 AMRCLAW: level  1  CFL = .416E+00  dt = 0.5000E+00  final t = 0.278100E+04
 AMRCLAW: level  1  CFL = .416E+00  dt = 0.5000E+00  final t = 0.278150E+04
 AMRCLAW: level  1  CFL = .416E+00  dt = 0.5000E+00  final t = 0.278200E+04
 AMRCLAW: level  1  CFL = .416E+00  dt = 0.5000E+00  final t = 0.278250E+04
 AMRCLAW: level  1  CFL = .416E+00  dt = 0.5000E+00  final t = 0.278300E+04
 AMRCLAW: level  1  CFL = .416E+00  dt = 0.5000E+00  final t = 0.278350E+04
 AMRCLAW: level  1  CFL = .416E+00  dt = 0.5000E+00  final t = 0.278400E+04
 AMRCLAW: level  1  CFL = .416E+00  dt = 0.5000E+00  final t = 0.278450E+04
 AMRCLAW: level  1  CFL = .416E+00  dt = 0.5000E+00  final t = 0.278500E+04
 AMRCLAW: level  1  CFL = .416E+00  dt = 0.5000E+00  final t = 0.278550E+04
 AMRCLAW: level  1  CFL = .416E+00  dt = 0.5000E+00  final t = 0.278600E+04
 AMRCLAW: level  1  CFL = .416E+00  dt = 0.5000E+00  final t = 0.278650E+04
 AMRCLAW: level  1  CFL = .416E+00  dt = 0.5000E+00  final t = 0.278700E+04
 AMRCLAW: level  1  CFL = .416E+00  dt = 0.5000E+00  final t = 0.278750E+04
 AMRCLAW: level  1  CFL = .416E+00  dt = 0.5000E+00  final t = 0.278800E+04
 AMRCLAW: level  1  CFL = .416E+00  dt = 0.5000E+00  final t = 0.278850E+04
 AMRCLAW: level  1  CFL = .415E+00  dt = 0.5000E+00  final t = 0.278900E+04
 AMRCLAW: level  1  CFL = .415E+00  dt = 0.5000E+00  final t = 0.278950E+04
 AMRCLAW: level  1  CFL = .415E+00  dt = 0.5000E+00  final t = 0.279000E+04
GEOCLAW: Frame   93 output files done at time t =  0.279000D+04

 AMRCLAW: level  1  CFL = .415E+00  dt = 0.5000E+00  final t = 0.279050E+04
 AMRCLAW: level  1  CFL = .415E+00  dt = 0.5000E+00  final t = 0.279100E+04
 AMRCLAW: level  1  CFL = .415E+00  dt = 0.5000E+00  final t = 0.279150E+04
 AMRCLAW: level  1  CFL = .415E+00  dt = 0.5000E+00  final t = 0.279200E+04
 AMRCLAW: level  1  CFL = .414E+00  dt = 0.5000E+00  final t = 0.279250E+04
 AMRCLAW: level  1  CFL = .414E+00  dt = 0.5000E+00  final t = 0.279300E+04
 AMRCLAW: level  1  CFL = .414E+00  dt = 0.5000E+00  final t = 0.279350E+04
 AMRCLAW: level  1  CFL = .414E+00  dt = 0.5000E+00  final t = 0.279400E+04
 AMRCLAW: level  1  CFL = .414E+00  dt = 0.5000E+00  final t = 0.279450E+04
 AMRCLAW: level  1  CFL = .413E+00  dt = 0.5000E+00  final t = 0.279500E+04
 AMRCLAW: level  1  CFL = .413E+00  dt = 0.5000E+00  final t = 0.279550E+04
 AMRCLAW: level  1  CFL = .413E+00  dt = 0.5000E+00  final t = 0.279600E+04
 AMRCLAW: level  1  CFL = .413E+00  dt = 0.5000E+00  final t = 0.279650E+04
 AMRCLAW: level  1  CFL = .413E+00  dt = 0.5000E+00  final t = 0.279700E+04
 AMRCLAW: level  1  CFL = .412E+00  dt = 0.5000E+00  final t = 0.279750E+04
 AMRCLAW: level  1  CFL = .412E+00  dt = 0.5000E+00  final t = 0.279800E+04
 AMRCLAW: level  1  CFL = .412E+00  dt = 0.5000E+00  final t = 0.279850E+04
 AMRCLAW: level  1  CFL = .412E+00  dt = 0.5000E+00  final t = 0.279900E+04
 AMRCLAW: level  1  CFL = .412E+00  dt = 0.5000E+00  final t = 0.279950E+04
 AMRCLAW: level  1  CFL = .412E+00  dt = 0.5000E+00  final t = 0.280000E+04
 AMRCLAW: level  1  CFL = .411E+00  dt = 0.5000E+00  final t = 0.280050E+04
 AMRCLAW: level  1  CFL = .411E+00  dt = 0.5000E+00  final t = 0.280100E+04
 AMRCLAW: level  1  CFL = .411E+00  dt = 0.5000E+00  final t = 0.280150E+04
 AMRCLAW: level  1  CFL = .411E+00  dt = 0.5000E+00  final t = 0.280200E+04
 AMRCLAW: level  1  CFL = .411E+00  dt = 0.5000E+00  final t = 0.280250E+04
 AMRCLAW: level  1  CFL = .411E+00  dt = 0.5000E+00  final t = 0.280300E+04
 AMRCLAW: level  1  CFL = .411E+00  dt = 0.5000E+00  final t = 0.280350E+04
 AMRCLAW: level  1  CFL = .411E+00  dt = 0.5000E+00  final t = 0.280400E+04
 AMRCLAW: level  1  CFL = .411E+00  dt = 0.5000E+00  final t = 0.280450E+04
 AMRCLAW: level  1  CFL = .411E+00  dt = 0.5000E+00  final t = 0.280500E+04
 AMRCLAW: level  1  CFL = .411E+00  dt = 0.5000E+00  final t = 0.280550E+04
 AMRCLAW: level  1  CFL = .411E+00  dt = 0.5000E+00  final t = 0.280600E+04
 AMRCLAW: level  1  CFL = .411E+00  dt = 0.5000E+00  final t = 0.280650E+04
 AMRCLAW: level  1  CFL = .411E+00  dt = 0.5000E+00  final t = 0.280700E+04
 AMRCLAW: level  1  CFL = .411E+00  dt = 0.5000E+00  final t = 0.280750E+04
 AMRCLAW: level  1  CFL = .411E+00  dt = 0.5000E+00  final t = 0.280800E+04
 AMRCLAW: level  1  CFL = .411E+00  dt = 0.5000E+00  final t = 0.280850E+04
 AMRCLAW: level  1  CFL = .411E+00  dt = 0.5000E+00  final t = 0.280900E+04
 AMRCLAW: level  1  CFL = .411E+00  dt = 0.5000E+00  final t = 0.280950E+04
 AMRCLAW: level  1  CFL = .411E+00  dt = 0.5000E+00  final t = 0.281000E+04
 AMRCLAW: level  1  CFL = .411E+00  dt = 0.5000E+00  final t = 0.281050E+04
 AMRCLAW: level  1  CFL = .411E+00  dt = 0.5000E+00  final t = 0.281100E+04
 AMRCLAW: level  1  CFL = .411E+00  dt = 0.5000E+00  final t = 0.281150E+04
 AMRCLAW: level  1  CFL = .411E+00  dt = 0.5000E+00  final t = 0.281200E+04
 AMRCLAW: level  1  CFL = .411E+00  dt = 0.5000E+00  final t = 0.281250E+04
 AMRCLAW: level  1  CFL = .411E+00  dt = 0.5000E+00  final t = 0.281300E+04
 AMRCLAW: level  1  CFL = .411E+00  dt = 0.5000E+00  final t = 0.281350E+04
 AMRCLAW: level  1  CFL = .411E+00  dt = 0.5000E+00  final t = 0.281400E+04
 AMRCLAW: level  1  CFL = .411E+00  dt = 0.5000E+00  final t = 0.281450E+04
 AMRCLAW: level  1  CFL = .411E+00  dt = 0.5000E+00  final t = 0.281500E+04
 AMRCLAW: level  1  CFL = .411E+00  dt = 0.5000E+00  final t = 0.281550E+04
 AMRCLAW: level  1  CFL = .411E+00  dt = 0.5000E+00  final t = 0.281600E+04
 AMRCLAW: level  1  CFL = .411E+00  dt = 0.5000E+00  final t = 0.281650E+04
 AMRCLAW: level  1  CFL = .411E+00  dt = 0.5000E+00  final t = 0.281700E+04
 AMRCLAW: level  1  CFL = .411E+00  dt = 0.5000E+00  final t = 0.281750E+04
 AMRCLAW: level  1  CFL = .411E+00  dt = 0.5000E+00  final t = 0.281800E+04
 AMRCLAW: level  1  CFL = .411E+00  dt = 0.5000E+00  final t = 0.281850E+04
 AMRCLAW: level  1  CFL = .411E+00  dt = 0.5000E+00  final t = 0.281900E+04
 AMRCLAW: level  1  CFL = .411E+00  dt = 0.5000E+00  final t = 0.281950E+04
 AMRCLAW: level  1  CFL = .411E+00  dt = 0.5000E+00  final t = 0.282000E+04
GEOCLAW: Frame   94 output files done at time t =  0.282000D+04

 AMRCLAW: level  1  CFL = .411E+00  dt = 0.5000E+00  final t = 0.282050E+04
 AMRCLAW: level  1  CFL = .411E+00  dt = 0.5000E+00  final t = 0.282100E+04
 AMRCLAW: level  1  CFL = .411E+00  dt = 0.5000E+00  final t = 0.282150E+04
 AMRCLAW: level  1  CFL = .411E+00  dt = 0.5000E+00  final t = 0.282200E+04
 AMRCLAW: level  1  CFL = .411E+00  dt = 0.5000E+00  final t = 0.282250E+04
 AMRCLAW: level  1  CFL = .411E+00  dt = 0.5000E+00  final t = 0.282300E+04
 AMRCLAW: level  1  CFL = .411E+00  dt = 0.5000E+00  final t = 0.282350E+04
 AMRCLAW: level  1  CFL = .411E+00  dt = 0.5000E+00  final t = 0.282400E+04
 AMRCLAW: level  1  CFL = .411E+00  dt = 0.5000E+00  final t = 0.282450E+04
 AMRCLAW: level  1  CFL = .411E+00  dt = 0.5000E+00  final t = 0.282500E+04
 AMRCLAW: level  1  CFL = .411E+00  dt = 0.5000E+00  final t = 0.282550E+04
 AMRCLAW: level  1  CFL = .411E+00  dt = 0.5000E+00  final t = 0.282600E+04
 AMRCLAW: level  1  CFL = .411E+00  dt = 0.5000E+00  final t = 0.282650E+04
 AMRCLAW: level  1  CFL = .411E+00  dt = 0.5000E+00  final t = 0.282700E+04
 AMRCLAW: level  1  CFL = .411E+00  dt = 0.5000E+00  final t = 0.282750E+04
 AMRCLAW: level  1  CFL = .411E+00  dt = 0.5000E+00  final t = 0.282800E+04
 AMRCLAW: level  1  CFL = .411E+00  dt = 0.5000E+00  final t = 0.282850E+04
 AMRCLAW: level  1  CFL = .411E+00  dt = 0.5000E+00  final t = 0.282900E+04
 AMRCLAW: level  1  CFL = .411E+00  dt = 0.5000E+00  final t = 0.282950E+04
 AMRCLAW: level  1  CFL = .411E+00  dt = 0.5000E+00  final t = 0.283000E+04
 AMRCLAW: level  1  CFL = .411E+00  dt = 0.5000E+00  final t = 0.283050E+04
 AMRCLAW: level  1  CFL = .411E+00  dt = 0.5000E+00  final t = 0.283100E+04
 AMRCLAW: level  1  CFL = .411E+00  dt = 0.5000E+00  final t = 0.283150E+04
 AMRCLAW: level  1  CFL = .411E+00  dt = 0.5000E+00  final t = 0.283200E+04
 AMRCLAW: level  1  CFL = .411E+00  dt = 0.5000E+00  final t = 0.283250E+04
 AMRCLAW: level  1  CFL = .411E+00  dt = 0.5000E+00  final t = 0.283300E+04
 AMRCLAW: level  1  CFL = .412E+00  dt = 0.5000E+00  final t = 0.283350E+04
 AMRCLAW: level  1  CFL = .412E+00  dt = 0.5000E+00  final t = 0.283400E+04
 AMRCLAW: level  1  CFL = .412E+00  dt = 0.5000E+00  final t = 0.283450E+04
 AMRCLAW: level  1  CFL = .412E+00  dt = 0.5000E+00  final t = 0.283500E+04
 AMRCLAW: level  1  CFL = .412E+00  dt = 0.5000E+00  final t = 0.283550E+04
 AMRCLAW: level  1  CFL = .412E+00  dt = 0.5000E+00  final t = 0.283600E+04
 AMRCLAW: level  1  CFL = .412E+00  dt = 0.5000E+00  final t = 0.283650E+04
 AMRCLAW: level  1  CFL = .412E+00  dt = 0.5000E+00  final t = 0.283700E+04
 AMRCLAW: level  1  CFL = .412E+00  dt = 0.5000E+00  final t = 0.283750E+04
 AMRCLAW: level  1  CFL = .412E+00  dt = 0.5000E+00  final t = 0.283800E+04
 AMRCLAW: level  1  CFL = .412E+00  dt = 0.5000E+00  final t = 0.283850E+04
 AMRCLAW: level  1  CFL = .412E+00  dt = 0.5000E+00  final t = 0.283900E+04
 AMRCLAW: level  1  CFL = .412E+00  dt = 0.5000E+00  final t = 0.283950E+04
 AMRCLAW: level  1  CFL = .412E+00  dt = 0.5000E+00  final t = 0.284000E+04
 AMRCLAW: level  1  CFL = .412E+00  dt = 0.5000E+00  final t = 0.284050E+04
 AMRCLAW: level  1  CFL = .412E+00  dt = 0.5000E+00  final t = 0.284100E+04
 AMRCLAW: level  1  CFL = .412E+00  dt = 0.5000E+00  final t = 0.284150E+04
 AMRCLAW: level  1  CFL = .412E+00  dt = 0.5000E+00  final t = 0.284200E+04
 AMRCLAW: level  1  CFL = .412E+00  dt = 0.5000E+00  final t = 0.284250E+04
 AMRCLAW: level  1  CFL = .412E+00  dt = 0.5000E+00  final t = 0.284300E+04
 AMRCLAW: level  1  CFL = .412E+00  dt = 0.5000E+00  final t = 0.284350E+04
 AMRCLAW: level  1  CFL = .412E+00  dt = 0.5000E+00  final t = 0.284400E+04
 AMRCLAW: level  1  CFL = .412E+00  dt = 0.5000E+00  final t = 0.284450E+04
 AMRCLAW: level  1  CFL = .412E+00  dt = 0.5000E+00  final t = 0.284500E+04
 AMRCLAW: level  1  CFL = .412E+00  dt = 0.5000E+00  final t = 0.284550E+04
 AMRCLAW: level  1  CFL = .412E+00  dt = 0.5000E+00  final t = 0.284600E+04
 AMRCLAW: level  1  CFL = .412E+00  dt = 0.5000E+00  final t = 0.284650E+04
 AMRCLAW: level  1  CFL = .412E+00  dt = 0.5000E+00  final t = 0.284700E+04
 AMRCLAW: level  1  CFL = .412E+00  dt = 0.5000E+00  final t = 0.284750E+04
 AMRCLAW: level  1  CFL = .412E+00  dt = 0.5000E+00  final t = 0.284800E+04
 AMRCLAW: level  1  CFL = .412E+00  dt = 0.5000E+00  final t = 0.284850E+04
 AMRCLAW: level  1  CFL = .412E+00  dt = 0.5000E+00  final t = 0.284900E+04
 AMRCLAW: level  1  CFL = .412E+00  dt = 0.5000E+00  final t = 0.284950E+04
 AMRCLAW: level  1  CFL = .412E+00  dt = 0.5000E+00  final t = 0.285000E+04
GEOCLAW: Frame   95 output files done at time t =  0.285000D+04

 AMRCLAW: level  1  CFL = .412E+00  dt = 0.5000E+00  final t = 0.285050E+04
 AMRCLAW: level  1  CFL = .413E+00  dt = 0.5000E+00  final t = 0.285100E+04
 AMRCLAW: level  1  CFL = .413E+00  dt = 0.5000E+00  final t = 0.285150E+04
 AMRCLAW: level  1  CFL = .413E+00  dt = 0.5000E+00  final t = 0.285200E+04
 AMRCLAW: level  1  CFL = .413E+00  dt = 0.5000E+00  final t = 0.285250E+04
 AMRCLAW: level  1  CFL = .413E+00  dt = 0.5000E+00  final t = 0.285300E+04
 AMRCLAW: level  1  CFL = .413E+00  dt = 0.5000E+00  final t = 0.285350E+04
 AMRCLAW: level  1  CFL = .413E+00  dt = 0.5000E+00  final t = 0.285400E+04
 AMRCLAW: level  1  CFL = .413E+00  dt = 0.5000E+00  final t = 0.285450E+04
 AMRCLAW: level  1  CFL = .413E+00  dt = 0.5000E+00  final t = 0.285500E+04
 AMRCLAW: level  1  CFL = .413E+00  dt = 0.5000E+00  final t = 0.285550E+04
 AMRCLAW: level  1  CFL = .413E+00  dt = 0.5000E+00  final t = 0.285600E+04
 AMRCLAW: level  1  CFL = .413E+00  dt = 0.5000E+00  final t = 0.285650E+04
 AMRCLAW: level  1  CFL = .413E+00  dt = 0.5000E+00  final t = 0.285700E+04
 AMRCLAW: level  1  CFL = .413E+00  dt = 0.5000E+00  final t = 0.285750E+04
 AMRCLAW: level  1  CFL = .413E+00  dt = 0.5000E+00  final t = 0.285800E+04
 AMRCLAW: level  1  CFL = .413E+00  dt = 0.5000E+00  final t = 0.285850E+04
 AMRCLAW: level  1  CFL = .413E+00  dt = 0.5000E+00  final t = 0.285900E+04
 AMRCLAW: level  1  CFL = .413E+00  dt = 0.5000E+00  final t = 0.285950E+04
 AMRCLAW: level  1  CFL = .413E+00  dt = 0.5000E+00  final t = 0.286000E+04
 AMRCLAW: level  1  CFL = .413E+00  dt = 0.5000E+00  final t = 0.286050E+04
 AMRCLAW: level  1  CFL = .413E+00  dt = 0.5000E+00  final t = 0.286100E+04
 AMRCLAW: level  1  CFL = .413E+00  dt = 0.5000E+00  final t = 0.286150E+04
 AMRCLAW: level  1  CFL = .413E+00  dt = 0.5000E+00  final t = 0.286200E+04
 AMRCLAW: level  1  CFL = .413E+00  dt = 0.5000E+00  final t = 0.286250E+04
 AMRCLAW: level  1  CFL = .413E+00  dt = 0.5000E+00  final t = 0.286300E+04
 AMRCLAW: level  1  CFL = .413E+00  dt = 0.5000E+00  final t = 0.286350E+04
 AMRCLAW: level  1  CFL = .413E+00  dt = 0.5000E+00  final t = 0.286400E+04
 AMRCLAW: level  1  CFL = .413E+00  dt = 0.5000E+00  final t = 0.286450E+04
 AMRCLAW: level  1  CFL = .413E+00  dt = 0.5000E+00  final t = 0.286500E+04
 AMRCLAW: level  1  CFL = .413E+00  dt = 0.5000E+00  final t = 0.286550E+04
 AMRCLAW: level  1  CFL = .413E+00  dt = 0.5000E+00  final t = 0.286600E+04
 AMRCLAW: level  1  CFL = .414E+00  dt = 0.5000E+00  final t = 0.286650E+04
 AMRCLAW: level  1  CFL = .414E+00  dt = 0.5000E+00  final t = 0.286700E+04
 AMRCLAW: level  1  CFL = .414E+00  dt = 0.5000E+00  final t = 0.286750E+04
 AMRCLAW: level  1  CFL = .414E+00  dt = 0.5000E+00  final t = 0.286800E+04
 AMRCLAW: level  1  CFL = .414E+00  dt = 0.5000E+00  final t = 0.286850E+04
 AMRCLAW: level  1  CFL = .414E+00  dt = 0.5000E+00  final t = 0.286900E+04
 AMRCLAW: level  1  CFL = .414E+00  dt = 0.5000E+00  final t = 0.286950E+04
 AMRCLAW: level  1  CFL = .414E+00  dt = 0.5000E+00  final t = 0.287000E+04
 AMRCLAW: level  1  CFL = .414E+00  dt = 0.5000E+00  final t = 0.287050E+04
 AMRCLAW: level  1  CFL = .414E+00  dt = 0.5000E+00  final t = 0.287100E+04
 AMRCLAW: level  1  CFL = .414E+00  dt = 0.5000E+00  final t = 0.287150E+04
 AMRCLAW: level  1  CFL = .414E+00  dt = 0.5000E+00  final t = 0.287200E+04
 AMRCLAW: level  1  CFL = .414E+00  dt = 0.5000E+00  final t = 0.287250E+04
 AMRCLAW: level  1  CFL = .414E+00  dt = 0.5000E+00  final t = 0.287300E+04
 AMRCLAW: level  1  CFL = .414E+00  dt = 0.5000E+00  final t = 0.287350E+04
 AMRCLAW: level  1  CFL = .414E+00  dt = 0.5000E+00  final t = 0.287400E+04
 AMRCLAW: level  1  CFL = .414E+00  dt = 0.5000E+00  final t = 0.287450E+04
 AMRCLAW: level  1  CFL = .414E+00  dt = 0.5000E+00  final t = 0.287500E+04
 AMRCLAW: level  1  CFL = .414E+00  dt = 0.5000E+00  final t = 0.287550E+04
 AMRCLAW: level  1  CFL = .414E+00  dt = 0.5000E+00  final t = 0.287600E+04
 AMRCLAW: level  1  CFL = .414E+00  dt = 0.5000E+00  final t = 0.287650E+04
 AMRCLAW: level  1  CFL = .414E+00  dt = 0.5000E+00  final t = 0.287700E+04
 AMRCLAW: level  1  CFL = .413E+00  dt = 0.5000E+00  final t = 0.287750E+04
 AMRCLAW: level  1  CFL = .413E+00  dt = 0.5000E+00  final t = 0.287800E+04
 AMRCLAW: level  1  CFL = .413E+00  dt = 0.5000E+00  final t = 0.287850E+04
 AMRCLAW: level  1  CFL = .413E+00  dt = 0.5000E+00  final t = 0.287900E+04
 AMRCLAW: level  1  CFL = .413E+00  dt = 0.5000E+00  final t = 0.287950E+04
 AMRCLAW: level  1  CFL = .413E+00  dt = 0.5000E+00  final t = 0.288000E+04
GEOCLAW: Frame   96 output files done at time t =  0.288000D+04

 AMRCLAW: level  1  CFL = .413E+00  dt = 0.5000E+00  final t = 0.288050E+04
 AMRCLAW: level  1  CFL = .413E+00  dt = 0.5000E+00  final t = 0.288100E+04
 AMRCLAW: level  1  CFL = .413E+00  dt = 0.5000E+00  final t = 0.288150E+04
 AMRCLAW: level  1  CFL = .413E+00  dt = 0.5000E+00  final t = 0.288200E+04
 AMRCLAW: level  1  CFL = .413E+00  dt = 0.5000E+00  final t = 0.288250E+04
 AMRCLAW: level  1  CFL = .413E+00  dt = 0.5000E+00  final t = 0.288300E+04
 AMRCLAW: level  1  CFL = .413E+00  dt = 0.5000E+00  final t = 0.288350E+04
 AMRCLAW: level  1  CFL = .413E+00  dt = 0.5000E+00  final t = 0.288400E+04
 AMRCLAW: level  1  CFL = .413E+00  dt = 0.5000E+00  final t = 0.288450E+04
 AMRCLAW: level  1  CFL = .413E+00  dt = 0.5000E+00  final t = 0.288500E+04
 AMRCLAW: level  1  CFL = .413E+00  dt = 0.5000E+00  final t = 0.288550E+04
 AMRCLAW: level  1  CFL = .413E+00  dt = 0.5000E+00  final t = 0.288600E+04
 AMRCLAW: level  1  CFL = .413E+00  dt = 0.5000E+00  final t = 0.288650E+04
 AMRCLAW: level  1  CFL = .413E+00  dt = 0.5000E+00  final t = 0.288700E+04
 AMRCLAW: level  1  CFL = .413E+00  dt = 0.5000E+00  final t = 0.288750E+04
 AMRCLAW: level  1  CFL = .413E+00  dt = 0.5000E+00  final t = 0.288800E+04
 AMRCLAW: level  1  CFL = .413E+00  dt = 0.5000E+00  final t = 0.288850E+04
 AMRCLAW: level  1  CFL = .413E+00  dt = 0.5000E+00  final t = 0.288900E+04
 AMRCLAW: level  1  CFL = .413E+00  dt = 0.5000E+00  final t = 0.288950E+04
 AMRCLAW: level  1  CFL = .413E+00  dt = 0.5000E+00  final t = 0.289000E+04
 AMRCLAW: level  1  CFL = .413E+00  dt = 0.5000E+00  final t = 0.289050E+04
 AMRCLAW: level  1  CFL = .413E+00  dt = 0.5000E+00  final t = 0.289100E+04
 AMRCLAW: level  1  CFL = .413E+00  dt = 0.5000E+00  final t = 0.289150E+04
 AMRCLAW: level  1  CFL = .413E+00  dt = 0.5000E+00  final t = 0.289200E+04
 AMRCLAW: level  1  CFL = .413E+00  dt = 0.5000E+00  final t = 0.289250E+04
 AMRCLAW: level  1  CFL = .413E+00  dt = 0.5000E+00  final t = 0.289300E+04
 AMRCLAW: level  1  CFL = .413E+00  dt = 0.5000E+00  final t = 0.289350E+04
 AMRCLAW: level  1  CFL = .413E+00  dt = 0.5000E+00  final t = 0.289400E+04
 AMRCLAW: level  1  CFL = .413E+00  dt = 0.5000E+00  final t = 0.289450E+04
 AMRCLAW: level  1  CFL = .413E+00  dt = 0.5000E+00  final t = 0.289500E+04
 AMRCLAW: level  1  CFL = .413E+00  dt = 0.5000E+00  final t = 0.289550E+04
 AMRCLAW: level  1  CFL = .413E+00  dt = 0.5000E+00  final t = 0.289600E+04
 AMRCLAW: level  1  CFL = .413E+00  dt = 0.5000E+00  final t = 0.289650E+04
 AMRCLAW: level  1  CFL = .413E+00  dt = 0.5000E+00  final t = 0.289700E+04
 AMRCLAW: level  1  CFL = .413E+00  dt = 0.5000E+00  final t = 0.289750E+04
 AMRCLAW: level  1  CFL = .413E+00  dt = 0.5000E+00  final t = 0.289800E+04
 AMRCLAW: level  1  CFL = .413E+00  dt = 0.5000E+00  final t = 0.289850E+04
 AMRCLAW: level  1  CFL = .413E+00  dt = 0.5000E+00  final t = 0.289900E+04
 AMRCLAW: level  1  CFL = .413E+00  dt = 0.5000E+00  final t = 0.289950E+04
 AMRCLAW: level  1  CFL = .413E+00  dt = 0.5000E+00  final t = 0.290000E+04
 AMRCLAW: level  1  CFL = .413E+00  dt = 0.5000E+00  final t = 0.290050E+04
 AMRCLAW: level  1  CFL = .413E+00  dt = 0.5000E+00  final t = 0.290100E+04
 AMRCLAW: level  1  CFL = .413E+00  dt = 0.5000E+00  final t = 0.290150E+04
 AMRCLAW: level  1  CFL = .413E+00  dt = 0.5000E+00  final t = 0.290200E+04
 AMRCLAW: level  1  CFL = .413E+00  dt = 0.5000E+00  final t = 0.290250E+04
 AMRCLAW: level  1  CFL = .413E+00  dt = 0.5000E+00  final t = 0.290300E+04
 AMRCLAW: level  1  CFL = .413E+00  dt = 0.5000E+00  final t = 0.290350E+04
 AMRCLAW: level  1  CFL = .413E+00  dt = 0.5000E+00  final t = 0.290400E+04
 AMRCLAW: level  1  CFL = .413E+00  dt = 0.5000E+00  final t = 0.290450E+04
 AMRCLAW: level  1  CFL = .413E+00  dt = 0.5000E+00  final t = 0.290500E+04
 AMRCLAW: level  1  CFL = .413E+00  dt = 0.5000E+00  final t = 0.290550E+04
 AMRCLAW: level  1  CFL = .413E+00  dt = 0.5000E+00  final t = 0.290600E+04
 AMRCLAW: level  1  CFL = .413E+00  dt = 0.5000E+00  final t = 0.290650E+04
 AMRCLAW: level  1  CFL = .413E+00  dt = 0.5000E+00  final t = 0.290700E+04
 AMRCLAW: level  1  CFL = .413E+00  dt = 0.5000E+00  final t = 0.290750E+04
 AMRCLAW: level  1  CFL = .413E+00  dt = 0.5000E+00  final t = 0.290800E+04
 AMRCLAW: level  1  CFL = .413E+00  dt = 0.5000E+00  final t = 0.290850E+04
 AMRCLAW: level  1  CFL = .413E+00  dt = 0.5000E+00  final t = 0.290900E+04
 AMRCLAW: level  1  CFL = .413E+00  dt = 0.5000E+00  final t = 0.290950E+04
 AMRCLAW: level  1  CFL = .413E+00  dt = 0.5000E+00  final t = 0.291000E+04
GEOCLAW: Frame   97 output files done at time t =  0.291000D+04

 AMRCLAW: level  1  CFL = .413E+00  dt = 0.5000E+00  final t = 0.291050E+04
 AMRCLAW: level  1  CFL = .413E+00  dt = 0.5000E+00  final t = 0.291100E+04
 AMRCLAW: level  1  CFL = .413E+00  dt = 0.5000E+00  final t = 0.291150E+04
 AMRCLAW: level  1  CFL = .414E+00  dt = 0.5000E+00  final t = 0.291200E+04
 AMRCLAW: level  1  CFL = .414E+00  dt = 0.5000E+00  final t = 0.291250E+04
 AMRCLAW: level  1  CFL = .414E+00  dt = 0.5000E+00  final t = 0.291300E+04
 AMRCLAW: level  1  CFL = .414E+00  dt = 0.5000E+00  final t = 0.291350E+04
 AMRCLAW: level  1  CFL = .414E+00  dt = 0.5000E+00  final t = 0.291400E+04
 AMRCLAW: level  1  CFL = .414E+00  dt = 0.5000E+00  final t = 0.291450E+04
 AMRCLAW: level  1  CFL = .414E+00  dt = 0.5000E+00  final t = 0.291500E+04
 AMRCLAW: level  1  CFL = .414E+00  dt = 0.5000E+00  final t = 0.291550E+04
 AMRCLAW: level  1  CFL = .414E+00  dt = 0.5000E+00  final t = 0.291600E+04
 AMRCLAW: level  1  CFL = .414E+00  dt = 0.5000E+00  final t = 0.291650E+04
 AMRCLAW: level  1  CFL = .414E+00  dt = 0.5000E+00  final t = 0.291700E+04
 AMRCLAW: level  1  CFL = .414E+00  dt = 0.5000E+00  final t = 0.291750E+04
 AMRCLAW: level  1  CFL = .414E+00  dt = 0.5000E+00  final t = 0.291800E+04
 AMRCLAW: level  1  CFL = .414E+00  dt = 0.5000E+00  final t = 0.291850E+04
 AMRCLAW: level  1  CFL = .414E+00  dt = 0.5000E+00  final t = 0.291900E+04
 AMRCLAW: level  1  CFL = .414E+00  dt = 0.5000E+00  final t = 0.291950E+04
 AMRCLAW: level  1  CFL = .414E+00  dt = 0.5000E+00  final t = 0.292000E+04
 AMRCLAW: level  1  CFL = .414E+00  dt = 0.5000E+00  final t = 0.292050E+04
 AMRCLAW: level  1  CFL = .414E+00  dt = 0.5000E+00  final t = 0.292100E+04
 AMRCLAW: level  1  CFL = .414E+00  dt = 0.5000E+00  final t = 0.292150E+04
 AMRCLAW: level  1  CFL = .414E+00  dt = 0.5000E+00  final t = 0.292200E+04
 AMRCLAW: level  1  CFL = .414E+00  dt = 0.5000E+00  final t = 0.292250E+04
 AMRCLAW: level  1  CFL = .414E+00  dt = 0.5000E+00  final t = 0.292300E+04
 AMRCLAW: level  1  CFL = .414E+00  dt = 0.5000E+00  final t = 0.292350E+04
 AMRCLAW: level  1  CFL = .414E+00  dt = 0.5000E+00  final t = 0.292400E+04
 AMRCLAW: level  1  CFL = .414E+00  dt = 0.5000E+00  final t = 0.292450E+04
 AMRCLAW: level  1  CFL = .414E+00  dt = 0.5000E+00  final t = 0.292500E+04
 AMRCLAW: level  1  CFL = .414E+00  dt = 0.5000E+00  final t = 0.292550E+04
 AMRCLAW: level  1  CFL = .414E+00  dt = 0.5000E+00  final t = 0.292600E+04
 AMRCLAW: level  1  CFL = .414E+00  dt = 0.5000E+00  final t = 0.292650E+04
 AMRCLAW: level  1  CFL = .414E+00  dt = 0.5000E+00  final t = 0.292700E+04
 AMRCLAW: level  1  CFL = .414E+00  dt = 0.5000E+00  final t = 0.292750E+04
 AMRCLAW: level  1  CFL = .414E+00  dt = 0.5000E+00  final t = 0.292800E+04
 AMRCLAW: level  1  CFL = .414E+00  dt = 0.5000E+00  final t = 0.292850E+04
 AMRCLAW: level  1  CFL = .414E+00  dt = 0.5000E+00  final t = 0.292900E+04
 AMRCLAW: level  1  CFL = .414E+00  dt = 0.5000E+00  final t = 0.292950E+04
 AMRCLAW: level  1  CFL = .414E+00  dt = 0.5000E+00  final t = 0.293000E+04
 AMRCLAW: level  1  CFL = .414E+00  dt = 0.5000E+00  final t = 0.293050E+04
 AMRCLAW: level  1  CFL = .414E+00  dt = 0.5000E+00  final t = 0.293100E+04
 AMRCLAW: level  1  CFL = .414E+00  dt = 0.5000E+00  final t = 0.293150E+04
 AMRCLAW: level  1  CFL = .414E+00  dt = 0.5000E+00  final t = 0.293200E+04
 AMRCLAW: level  1  CFL = .414E+00  dt = 0.5000E+00  final t = 0.293250E+04
 AMRCLAW: level  1  CFL = .414E+00  dt = 0.5000E+00  final t = 0.293300E+04
 AMRCLAW: level  1  CFL = .414E+00  dt = 0.5000E+00  final t = 0.293350E+04
 AMRCLAW: level  1  CFL = .414E+00  dt = 0.5000E+00  final t = 0.293400E+04
 AMRCLAW: level  1  CFL = .414E+00  dt = 0.5000E+00  final t = 0.293450E+04
 AMRCLAW: level  1  CFL = .414E+00  dt = 0.5000E+00  final t = 0.293500E+04
 AMRCLAW: level  1  CFL = .414E+00  dt = 0.5000E+00  final t = 0.293550E+04
 AMRCLAW: level  1  CFL = .414E+00  dt = 0.5000E+00  final t = 0.293600E+04
 AMRCLAW: level  1  CFL = .414E+00  dt = 0.5000E+00  final t = 0.293650E+04
 AMRCLAW: level  1  CFL = .414E+00  dt = 0.5000E+00  final t = 0.293700E+04
 AMRCLAW: level  1  CFL = .414E+00  dt = 0.5000E+00  final t = 0.293750E+04
 AMRCLAW: level  1  CFL = .414E+00  dt = 0.5000E+00  final t = 0.293800E+04
 AMRCLAW: level  1  CFL = .414E+00  dt = 0.5000E+00  final t = 0.293850E+04
 AMRCLAW: level  1  CFL = .414E+00  dt = 0.5000E+00  final t = 0.293900E+04
 AMRCLAW: level  1  CFL = .414E+00  dt = 0.5000E+00  final t = 0.293950E+04
 AMRCLAW: level  1  CFL = .414E+00  dt = 0.5000E+00  final t = 0.294000E+04
GEOCLAW: Frame   98 output files done at time t =  0.294000D+04

 AMRCLAW: level  1  CFL = .414E+00  dt = 0.5000E+00  final t = 0.294050E+04
 AMRCLAW: level  1  CFL = .414E+00  dt = 0.5000E+00  final t = 0.294100E+04
 AMRCLAW: level  1  CFL = .414E+00  dt = 0.5000E+00  final t = 0.294150E+04
 AMRCLAW: level  1  CFL = .414E+00  dt = 0.5000E+00  final t = 0.294200E+04
 AMRCLAW: level  1  CFL = .414E+00  dt = 0.5000E+00  final t = 0.294250E+04
 AMRCLAW: level  1  CFL = .414E+00  dt = 0.5000E+00  final t = 0.294300E+04
 AMRCLAW: level  1  CFL = .414E+00  dt = 0.5000E+00  final t = 0.294350E+04
 AMRCLAW: level  1  CFL = .414E+00  dt = 0.5000E+00  final t = 0.294400E+04
 AMRCLAW: level  1  CFL = .414E+00  dt = 0.5000E+00  final t = 0.294450E+04
 AMRCLAW: level  1  CFL = .414E+00  dt = 0.5000E+00  final t = 0.294500E+04
 AMRCLAW: level  1  CFL = .414E+00  dt = 0.5000E+00  final t = 0.294550E+04
 AMRCLAW: level  1  CFL = .414E+00  dt = 0.5000E+00  final t = 0.294600E+04
 AMRCLAW: level  1  CFL = .414E+00  dt = 0.5000E+00  final t = 0.294650E+04
 AMRCLAW: level  1  CFL = .414E+00  dt = 0.5000E+00  final t = 0.294700E+04
 AMRCLAW: level  1  CFL = .414E+00  dt = 0.5000E+00  final t = 0.294750E+04
 AMRCLAW: level  1  CFL = .414E+00  dt = 0.5000E+00  final t = 0.294800E+04
 AMRCLAW: level  1  CFL = .414E+00  dt = 0.5000E+00  final t = 0.294850E+04
 AMRCLAW: level  1  CFL = .414E+00  dt = 0.5000E+00  final t = 0.294900E+04
 AMRCLAW: level  1  CFL = .414E+00  dt = 0.5000E+00  final t = 0.294950E+04
 AMRCLAW: level  1  CFL = .414E+00  dt = 0.5000E+00  final t = 0.295000E+04
 AMRCLAW: level  1  CFL = .414E+00  dt = 0.5000E+00  final t = 0.295050E+04
 AMRCLAW: level  1  CFL = .414E+00  dt = 0.5000E+00  final t = 0.295100E+04
 AMRCLAW: level  1  CFL = .414E+00  dt = 0.5000E+00  final t = 0.295150E+04
 AMRCLAW: level  1  CFL = .413E+00  dt = 0.5000E+00  final t = 0.295200E+04
 AMRCLAW: level  1  CFL = .413E+00  dt = 0.5000E+00  final t = 0.295250E+04
 AMRCLAW: level  1  CFL = .413E+00  dt = 0.5000E+00  final t = 0.295300E+04
 AMRCLAW: level  1  CFL = .413E+00  dt = 0.5000E+00  final t = 0.295350E+04
 AMRCLAW: level  1  CFL = .413E+00  dt = 0.5000E+00  final t = 0.295400E+04
 AMRCLAW: level  1  CFL = .413E+00  dt = 0.5000E+00  final t = 0.295450E+04
 AMRCLAW: level  1  CFL = .413E+00  dt = 0.5000E+00  final t = 0.295500E+04
 AMRCLAW: level  1  CFL = .413E+00  dt = 0.5000E+00  final t = 0.295550E+04
 AMRCLAW: level  1  CFL = .413E+00  dt = 0.5000E+00  final t = 0.295600E+04
 AMRCLAW: level  1  CFL = .413E+00  dt = 0.5000E+00  final t = 0.295650E+04
 AMRCLAW: level  1  CFL = .413E+00  dt = 0.5000E+00  final t = 0.295700E+04
 AMRCLAW: level  1  CFL = .413E+00  dt = 0.5000E+00  final t = 0.295750E+04
 AMRCLAW: level  1  CFL = .413E+00  dt = 0.5000E+00  final t = 0.295800E+04
 AMRCLAW: level  1  CFL = .413E+00  dt = 0.5000E+00  final t = 0.295850E+04
 AMRCLAW: level  1  CFL = .413E+00  dt = 0.5000E+00  final t = 0.295900E+04
 AMRCLAW: level  1  CFL = .413E+00  dt = 0.5000E+00  final t = 0.295950E+04
 AMRCLAW: level  1  CFL = .413E+00  dt = 0.5000E+00  final t = 0.296000E+04
 AMRCLAW: level  1  CFL = .413E+00  dt = 0.5000E+00  final t = 0.296050E+04
 AMRCLAW: level  1  CFL = .413E+00  dt = 0.5000E+00  final t = 0.296100E+04
 AMRCLAW: level  1  CFL = .413E+00  dt = 0.5000E+00  final t = 0.296150E+04
 AMRCLAW: level  1  CFL = .413E+00  dt = 0.5000E+00  final t = 0.296200E+04
 AMRCLAW: level  1  CFL = .413E+00  dt = 0.5000E+00  final t = 0.296250E+04
 AMRCLAW: level  1  CFL = .413E+00  dt = 0.5000E+00  final t = 0.296300E+04
 AMRCLAW: level  1  CFL = .413E+00  dt = 0.5000E+00  final t = 0.296350E+04
 AMRCLAW: level  1  CFL = .413E+00  dt = 0.5000E+00  final t = 0.296400E+04
 AMRCLAW: level  1  CFL = .413E+00  dt = 0.5000E+00  final t = 0.296450E+04
 AMRCLAW: level  1  CFL = .413E+00  dt = 0.5000E+00  final t = 0.296500E+04
 AMRCLAW: level  1  CFL = .413E+00  dt = 0.5000E+00  final t = 0.296550E+04
 AMRCLAW: level  1  CFL = .413E+00  dt = 0.5000E+00  final t = 0.296600E+04
 AMRCLAW: level  1  CFL = .413E+00  dt = 0.5000E+00  final t = 0.296650E+04
 AMRCLAW: level  1  CFL = .413E+00  dt = 0.5000E+00  final t = 0.296700E+04
 AMRCLAW: level  1  CFL = .413E+00  dt = 0.5000E+00  final t = 0.296750E+04
 AMRCLAW: level  1  CFL = .413E+00  dt = 0.5000E+00  final t = 0.296800E+04
 AMRCLAW: level  1  CFL = .413E+00  dt = 0.5000E+00  final t = 0.296850E+04
 AMRCLAW: level  1  CFL = .413E+00  dt = 0.5000E+00  final t = 0.296900E+04
 AMRCLAW: level  1  CFL = .413E+00  dt = 0.5000E+00  final t = 0.296950E+04
 AMRCLAW: level  1  CFL = .413E+00  dt = 0.5000E+00  final t = 0.297000E+04
GEOCLAW: Frame   99 output files done at time t =  0.297000D+04

 AMRCLAW: level  1  CFL = .413E+00  dt = 0.5000E+00  final t = 0.297050E+04
 AMRCLAW: level  1  CFL = .413E+00  dt = 0.5000E+00  final t = 0.297100E+04
 AMRCLAW: level  1  CFL = .413E+00  dt = 0.5000E+00  final t = 0.297150E+04
 AMRCLAW: level  1  CFL = .413E+00  dt = 0.5000E+00  final t = 0.297200E+04
 AMRCLAW: level  1  CFL = .413E+00  dt = 0.5000E+00  final t = 0.297250E+04
 AMRCLAW: level  1  CFL = .413E+00  dt = 0.5000E+00  final t = 0.297300E+04
 AMRCLAW: level  1  CFL = .413E+00  dt = 0.5000E+00  final t = 0.297350E+04
 AMRCLAW: level  1  CFL = .413E+00  dt = 0.5000E+00  final t = 0.297400E+04
 AMRCLAW: level  1  CFL = .413E+00  dt = 0.5000E+00  final t = 0.297450E+04
 AMRCLAW: level  1  CFL = .413E+00  dt = 0.5000E+00  final t = 0.297500E+04
 AMRCLAW: level  1  CFL = .413E+00  dt = 0.5000E+00  final t = 0.297550E+04
 AMRCLAW: level  1  CFL = .413E+00  dt = 0.5000E+00  final t = 0.297600E+04
 AMRCLAW: level  1  CFL = .413E+00  dt = 0.5000E+00  final t = 0.297650E+04
 AMRCLAW: level  1  CFL = .413E+00  dt = 0.5000E+00  final t = 0.297700E+04
 AMRCLAW: level  1  CFL = .413E+00  dt = 0.5000E+00  final t = 0.297750E+04
 AMRCLAW: level  1  CFL = .413E+00  dt = 0.5000E+00  final t = 0.297800E+04
 AMRCLAW: level  1  CFL = .413E+00  dt = 0.5000E+00  final t = 0.297850E+04
 AMRCLAW: level  1  CFL = .413E+00  dt = 0.5000E+00  final t = 0.297900E+04
 AMRCLAW: level  1  CFL = .413E+00  dt = 0.5000E+00  final t = 0.297950E+04
 AMRCLAW: level  1  CFL = .413E+00  dt = 0.5000E+00  final t = 0.298000E+04
 AMRCLAW: level  1  CFL = .413E+00  dt = 0.5000E+00  final t = 0.298050E+04
 AMRCLAW: level  1  CFL = .413E+00  dt = 0.5000E+00  final t = 0.298100E+04
 AMRCLAW: level  1  CFL = .413E+00  dt = 0.5000E+00  final t = 0.298150E+04
 AMRCLAW: level  1  CFL = .413E+00  dt = 0.5000E+00  final t = 0.298200E+04
 AMRCLAW: level  1  CFL = .413E+00  dt = 0.5000E+00  final t = 0.298250E+04
 AMRCLAW: level  1  CFL = .413E+00  dt = 0.5000E+00  final t = 0.298300E+04
 AMRCLAW: level  1  CFL = .413E+00  dt = 0.5000E+00  final t = 0.298350E+04
 AMRCLAW: level  1  CFL = .413E+00  dt = 0.5000E+00  final t = 0.298400E+04
 AMRCLAW: level  1  CFL = .413E+00  dt = 0.5000E+00  final t = 0.298450E+04
 AMRCLAW: level  1  CFL = .413E+00  dt = 0.5000E+00  final t = 0.298500E+04
 AMRCLAW: level  1  CFL = .413E+00  dt = 0.5000E+00  final t = 0.298550E+04
 AMRCLAW: level  1  CFL = .413E+00  dt = 0.5000E+00  final t = 0.298600E+04
 AMRCLAW: level  1  CFL = .413E+00  dt = 0.5000E+00  final t = 0.298650E+04
 AMRCLAW: level  1  CFL = .413E+00  dt = 0.5000E+00  final t = 0.298700E+04
 AMRCLAW: level  1  CFL = .413E+00  dt = 0.5000E+00  final t = 0.298750E+04
 AMRCLAW: level  1  CFL = .413E+00  dt = 0.5000E+00  final t = 0.298800E+04
 AMRCLAW: level  1  CFL = .413E+00  dt = 0.5000E+00  final t = 0.298850E+04
 AMRCLAW: level  1  CFL = .413E+00  dt = 0.5000E+00  final t = 0.298900E+04
 AMRCLAW: level  1  CFL = .413E+00  dt = 0.5000E+00  final t = 0.298950E+04
 AMRCLAW: level  1  CFL = .413E+00  dt = 0.5000E+00  final t = 0.299000E+04
 AMRCLAW: level  1  CFL = .413E+00  dt = 0.5000E+00  final t = 0.299050E+04
 AMRCLAW: level  1  CFL = .413E+00  dt = 0.5000E+00  final t = 0.299100E+04
 AMRCLAW: level  1  CFL = .413E+00  dt = 0.5000E+00  final t = 0.299150E+04
 AMRCLAW: level  1  CFL = .413E+00  dt = 0.5000E+00  final t = 0.299200E+04
 AMRCLAW: level  1  CFL = .413E+00  dt = 0.5000E+00  final t = 0.299250E+04
 AMRCLAW: level  1  CFL = .413E+00  dt = 0.5000E+00  final t = 0.299300E+04
 AMRCLAW: level  1  CFL = .413E+00  dt = 0.5000E+00  final t = 0.299350E+04
 AMRCLAW: level  1  CFL = .413E+00  dt = 0.5000E+00  final t = 0.299400E+04
 AMRCLAW: level  1  CFL = .413E+00  dt = 0.5000E+00  final t = 0.299450E+04
 AMRCLAW: level  1  CFL = .413E+00  dt = 0.5000E+00  final t = 0.299500E+04
 AMRCLAW: level  1  CFL = .413E+00  dt = 0.5000E+00  final t = 0.299550E+04
 AMRCLAW: level  1  CFL = .413E+00  dt = 0.5000E+00  final t = 0.299600E+04
 AMRCLAW: level  1  CFL = .413E+00  dt = 0.5000E+00  final t = 0.299650E+04
 AMRCLAW: level  1  CFL = .413E+00  dt = 0.5000E+00  final t = 0.299700E+04
 AMRCLAW: level  1  CFL = .413E+00  dt = 0.5000E+00  final t = 0.299750E+04
 AMRCLAW: level  1  CFL = .413E+00  dt = 0.5000E+00  final t = 0.299800E+04
 AMRCLAW: level  1  CFL = .413E+00  dt = 0.5000E+00  final t = 0.299850E+04
 AMRCLAW: level  1  CFL = .413E+00  dt = 0.5000E+00  final t = 0.299900E+04
 AMRCLAW: level  1  CFL = .413E+00  dt = 0.5000E+00  final t = 0.299950E+04
 AMRCLAW: level  1  CFL = .413E+00  dt = 0.5000E+00  final t = 0.300000E+04
GEOCLAW: Frame  100 output files done at time t =  0.300000D+04

 AMRCLAW: level  1  CFL = .413E+00  dt = 0.5000E+00  final t = 0.300050E+04
 AMRCLAW: level  1  CFL = .413E+00  dt = 0.5000E+00  final t = 0.300100E+04
 AMRCLAW: level  1  CFL = .413E+00  dt = 0.5000E+00  final t = 0.300150E+04
 AMRCLAW: level  1  CFL = .413E+00  dt = 0.5000E+00  final t = 0.300200E+04
 AMRCLAW: level  1  CFL = .413E+00  dt = 0.5000E+00  final t = 0.300250E+04
 AMRCLAW: level  1  CFL = .413E+00  dt = 0.5000E+00  final t = 0.300300E+04
 AMRCLAW: level  1  CFL = .413E+00  dt = 0.5000E+00  final t = 0.300350E+04
 AMRCLAW: level  1  CFL = .413E+00  dt = 0.5000E+00  final t = 0.300400E+04
 AMRCLAW: level  1  CFL = .413E+00  dt = 0.5000E+00  final t = 0.300450E+04
 AMRCLAW: level  1  CFL = .413E+00  dt = 0.5000E+00  final t = 0.300500E+04
 AMRCLAW: level  1  CFL = .413E+00  dt = 0.5000E+00  final t = 0.300550E+04
 AMRCLAW: level  1  CFL = .413E+00  dt = 0.5000E+00  final t = 0.300600E+04
 AMRCLAW: level  1  CFL = .413E+00  dt = 0.5000E+00  final t = 0.300650E+04
 AMRCLAW: level  1  CFL = .413E+00  dt = 0.5000E+00  final t = 0.300700E+04
 AMRCLAW: level  1  CFL = .413E+00  dt = 0.5000E+00  final t = 0.300750E+04
 AMRCLAW: level  1  CFL = .413E+00  dt = 0.5000E+00  final t = 0.300800E+04
 AMRCLAW: level  1  CFL = .413E+00  dt = 0.5000E+00  final t = 0.300850E+04
 AMRCLAW: level  1  CFL = .413E+00  dt = 0.5000E+00  final t = 0.300900E+04
 AMRCLAW: level  1  CFL = .413E+00  dt = 0.5000E+00  final t = 0.300950E+04
 AMRCLAW: level  1  CFL = .413E+00  dt = 0.5000E+00  final t = 0.301000E+04
 AMRCLAW: level  1  CFL = .413E+00  dt = 0.5000E+00  final t = 0.301050E+04
 AMRCLAW: level  1  CFL = .413E+00  dt = 0.5000E+00  final t = 0.301100E+04
 AMRCLAW: level  1  CFL = .413E+00  dt = 0.5000E+00  final t = 0.301150E+04
 AMRCLAW: level  1  CFL = .413E+00  dt = 0.5000E+00  final t = 0.301200E+04
 AMRCLAW: level  1  CFL = .413E+00  dt = 0.5000E+00  final t = 0.301250E+04
 AMRCLAW: level  1  CFL = .413E+00  dt = 0.5000E+00  final t = 0.301300E+04
 AMRCLAW: level  1  CFL = .413E+00  dt = 0.5000E+00  final t = 0.301350E+04
 AMRCLAW: level  1  CFL = .413E+00  dt = 0.5000E+00  final t = 0.301400E+04
 AMRCLAW: level  1  CFL = .413E+00  dt = 0.5000E+00  final t = 0.301450E+04
 AMRCLAW: level  1  CFL = .413E+00  dt = 0.5000E+00  final t = 0.301500E+04
 AMRCLAW: level  1  CFL = .413E+00  dt = 0.5000E+00  final t = 0.301550E+04
 AMRCLAW: level  1  CFL = .413E+00  dt = 0.5000E+00  final t = 0.301600E+04
 AMRCLAW: level  1  CFL = .413E+00  dt = 0.5000E+00  final t = 0.301650E+04
 AMRCLAW: level  1  CFL = .413E+00  dt = 0.5000E+00  final t = 0.301700E+04
 AMRCLAW: level  1  CFL = .413E+00  dt = 0.5000E+00  final t = 0.301750E+04
 AMRCLAW: level  1  CFL = .413E+00  dt = 0.5000E+00  final t = 0.301800E+04
 AMRCLAW: level  1  CFL = .413E+00  dt = 0.5000E+00  final t = 0.301850E+04
 AMRCLAW: level  1  CFL = .413E+00  dt = 0.5000E+00  final t = 0.301900E+04
 AMRCLAW: level  1  CFL = .413E+00  dt = 0.5000E+00  final t = 0.301950E+04
 AMRCLAW: level  1  CFL = .412E+00  dt = 0.5000E+00  final t = 0.302000E+04
 AMRCLAW: level  1  CFL = .412E+00  dt = 0.5000E+00  final t = 0.302050E+04
 AMRCLAW: level  1  CFL = .412E+00  dt = 0.5000E+00  final t = 0.302100E+04
 AMRCLAW: level  1  CFL = .412E+00  dt = 0.5000E+00  final t = 0.302150E+04
 AMRCLAW: level  1  CFL = .412E+00  dt = 0.5000E+00  final t = 0.302200E+04
 AMRCLAW: level  1  CFL = .412E+00  dt = 0.5000E+00  final t = 0.302250E+04
 AMRCLAW: level  1  CFL = .412E+00  dt = 0.5000E+00  final t = 0.302300E+04
 AMRCLAW: level  1  CFL = .412E+00  dt = 0.5000E+00  final t = 0.302350E+04
 AMRCLAW: level  1  CFL = .412E+00  dt = 0.5000E+00  final t = 0.302400E+04
 AMRCLAW: level  1  CFL = .412E+00  dt = 0.5000E+00  final t = 0.302450E+04
 AMRCLAW: level  1  CFL = .412E+00  dt = 0.5000E+00  final t = 0.302500E+04
 AMRCLAW: level  1  CFL = .412E+00  dt = 0.5000E+00  final t = 0.302550E+04
 AMRCLAW: level  1  CFL = .412E+00  dt = 0.5000E+00  final t = 0.302600E+04
 AMRCLAW: level  1  CFL = .412E+00  dt = 0.5000E+00  final t = 0.302650E+04
 AMRCLAW: level  1  CFL = .412E+00  dt = 0.5000E+00  final t = 0.302700E+04
 AMRCLAW: level  1  CFL = .412E+00  dt = 0.5000E+00  final t = 0.302750E+04
 AMRCLAW: level  1  CFL = .412E+00  dt = 0.5000E+00  final t = 0.302800E+04
 AMRCLAW: level  1  CFL = .412E+00  dt = 0.5000E+00  final t = 0.302850E+04
 AMRCLAW: level  1  CFL = .412E+00  dt = 0.5000E+00  final t = 0.302900E+04
 AMRCLAW: level  1  CFL = .412E+00  dt = 0.5000E+00  final t = 0.302950E+04
 AMRCLAW: level  1  CFL = .412E+00  dt = 0.5000E+00  final t = 0.303000E+04
GEOCLAW: Frame  101 output files done at time t =  0.303000D+04

 AMRCLAW: level  1  CFL = .412E+00  dt = 0.5000E+00  final t = 0.303050E+04
 AMRCLAW: level  1  CFL = .412E+00  dt = 0.5000E+00  final t = 0.303100E+04
 AMRCLAW: level  1  CFL = .412E+00  dt = 0.5000E+00  final t = 0.303150E+04
 AMRCLAW: level  1  CFL = .412E+00  dt = 0.5000E+00  final t = 0.303200E+04
 AMRCLAW: level  1  CFL = .412E+00  dt = 0.5000E+00  final t = 0.303250E+04
 AMRCLAW: level  1  CFL = .412E+00  dt = 0.5000E+00  final t = 0.303300E+04
 AMRCLAW: level  1  CFL = .412E+00  dt = 0.5000E+00  final t = 0.303350E+04
 AMRCLAW: level  1  CFL = .412E+00  dt = 0.5000E+00  final t = 0.303400E+04
 AMRCLAW: level  1  CFL = .412E+00  dt = 0.5000E+00  final t = 0.303450E+04
 AMRCLAW: level  1  CFL = .412E+00  dt = 0.5000E+00  final t = 0.303500E+04
 AMRCLAW: level  1  CFL = .412E+00  dt = 0.5000E+00  final t = 0.303550E+04
 AMRCLAW: level  1  CFL = .412E+00  dt = 0.5000E+00  final t = 0.303600E+04
 AMRCLAW: level  1  CFL = .412E+00  dt = 0.5000E+00  final t = 0.303650E+04
 AMRCLAW: level  1  CFL = .412E+00  dt = 0.5000E+00  final t = 0.303700E+04
 AMRCLAW: level  1  CFL = .412E+00  dt = 0.5000E+00  final t = 0.303750E+04
 AMRCLAW: level  1  CFL = .412E+00  dt = 0.5000E+00  final t = 0.303800E+04
 AMRCLAW: level  1  CFL = .412E+00  dt = 0.5000E+00  final t = 0.303850E+04
 AMRCLAW: level  1  CFL = .412E+00  dt = 0.5000E+00  final t = 0.303900E+04
 AMRCLAW: level  1  CFL = .412E+00  dt = 0.5000E+00  final t = 0.303950E+04
 AMRCLAW: level  1  CFL = .412E+00  dt = 0.5000E+00  final t = 0.304000E+04
 AMRCLAW: level  1  CFL = .412E+00  dt = 0.5000E+00  final t = 0.304050E+04
 AMRCLAW: level  1  CFL = .412E+00  dt = 0.5000E+00  final t = 0.304100E+04
 AMRCLAW: level  1  CFL = .412E+00  dt = 0.5000E+00  final t = 0.304150E+04
 AMRCLAW: level  1  CFL = .412E+00  dt = 0.5000E+00  final t = 0.304200E+04
 AMRCLAW: level  1  CFL = .412E+00  dt = 0.5000E+00  final t = 0.304250E+04
 AMRCLAW: level  1  CFL = .412E+00  dt = 0.5000E+00  final t = 0.304300E+04
 AMRCLAW: level  1  CFL = .412E+00  dt = 0.5000E+00  final t = 0.304350E+04
 AMRCLAW: level  1  CFL = .412E+00  dt = 0.5000E+00  final t = 0.304400E+04
 AMRCLAW: level  1  CFL = .412E+00  dt = 0.5000E+00  final t = 0.304450E+04
 AMRCLAW: level  1  CFL = .412E+00  dt = 0.5000E+00  final t = 0.304500E+04
 AMRCLAW: level  1  CFL = .412E+00  dt = 0.5000E+00  final t = 0.304550E+04
 AMRCLAW: level  1  CFL = .412E+00  dt = 0.5000E+00  final t = 0.304600E+04
 AMRCLAW: level  1  CFL = .412E+00  dt = 0.5000E+00  final t = 0.304650E+04
 AMRCLAW: level  1  CFL = .412E+00  dt = 0.5000E+00  final t = 0.304700E+04
 AMRCLAW: level  1  CFL = .412E+00  dt = 0.5000E+00  final t = 0.304750E+04
 AMRCLAW: level  1  CFL = .412E+00  dt = 0.5000E+00  final t = 0.304800E+04
 AMRCLAW: level  1  CFL = .412E+00  dt = 0.5000E+00  final t = 0.304850E+04
 AMRCLAW: level  1  CFL = .412E+00  dt = 0.5000E+00  final t = 0.304900E+04
 AMRCLAW: level  1  CFL = .412E+00  dt = 0.5000E+00  final t = 0.304950E+04
 AMRCLAW: level  1  CFL = .412E+00  dt = 0.5000E+00  final t = 0.305000E+04
 AMRCLAW: level  1  CFL = .412E+00  dt = 0.5000E+00  final t = 0.305050E+04
 AMRCLAW: level  1  CFL = .412E+00  dt = 0.5000E+00  final t = 0.305100E+04
 AMRCLAW: level  1  CFL = .412E+00  dt = 0.5000E+00  final t = 0.305150E+04
 AMRCLAW: level  1  CFL = .412E+00  dt = 0.5000E+00  final t = 0.305200E+04
 AMRCLAW: level  1  CFL = .412E+00  dt = 0.5000E+00  final t = 0.305250E+04
 AMRCLAW: level  1  CFL = .412E+00  dt = 0.5000E+00  final t = 0.305300E+04
 AMRCLAW: level  1  CFL = .412E+00  dt = 0.5000E+00  final t = 0.305350E+04
 AMRCLAW: level  1  CFL = .412E+00  dt = 0.5000E+00  final t = 0.305400E+04
 AMRCLAW: level  1  CFL = .412E+00  dt = 0.5000E+00  final t = 0.305450E+04
 AMRCLAW: level  1  CFL = .412E+00  dt = 0.5000E+00  final t = 0.305500E+04
 AMRCLAW: level  1  CFL = .412E+00  dt = 0.5000E+00  final t = 0.305550E+04
 AMRCLAW: level  1  CFL = .412E+00  dt = 0.5000E+00  final t = 0.305600E+04
 AMRCLAW: level  1  CFL = .412E+00  dt = 0.5000E+00  final t = 0.305650E+04
 AMRCLAW: level  1  CFL = .412E+00  dt = 0.5000E+00  final t = 0.305700E+04
 AMRCLAW: level  1  CFL = .412E+00  dt = 0.5000E+00  final t = 0.305750E+04
 AMRCLAW: level  1  CFL = .412E+00  dt = 0.5000E+00  final t = 0.305800E+04
 AMRCLAW: level  1  CFL = .412E+00  dt = 0.5000E+00  final t = 0.305850E+04
 AMRCLAW: level  1  CFL = .412E+00  dt = 0.5000E+00  final t = 0.305900E+04
 AMRCLAW: level  1  CFL = .412E+00  dt = 0.5000E+00  final t = 0.305950E+04
 AMRCLAW: level  1  CFL = .412E+00  dt = 0.5000E+00  final t = 0.306000E+04
GEOCLAW: Frame  102 output files done at time t =  0.306000D+04

 AMRCLAW: level  1  CFL = .412E+00  dt = 0.5000E+00  final t = 0.306050E+04
 AMRCLAW: level  1  CFL = .412E+00  dt = 0.5000E+00  final t = 0.306100E+04
 AMRCLAW: level  1  CFL = .412E+00  dt = 0.5000E+00  final t = 0.306150E+04
 AMRCLAW: level  1  CFL = .412E+00  dt = 0.5000E+00  final t = 0.306200E+04
 AMRCLAW: level  1  CFL = .412E+00  dt = 0.5000E+00  final t = 0.306250E+04
 AMRCLAW: level  1  CFL = .412E+00  dt = 0.5000E+00  final t = 0.306300E+04
 AMRCLAW: level  1  CFL = .412E+00  dt = 0.5000E+00  final t = 0.306350E+04
 AMRCLAW: level  1  CFL = .412E+00  dt = 0.5000E+00  final t = 0.306400E+04
 AMRCLAW: level  1  CFL = .412E+00  dt = 0.5000E+00  final t = 0.306450E+04
 AMRCLAW: level  1  CFL = .412E+00  dt = 0.5000E+00  final t = 0.306500E+04
 AMRCLAW: level  1  CFL = .412E+00  dt = 0.5000E+00  final t = 0.306550E+04
 AMRCLAW: level  1  CFL = .412E+00  dt = 0.5000E+00  final t = 0.306600E+04
 AMRCLAW: level  1  CFL = .412E+00  dt = 0.5000E+00  final t = 0.306650E+04
 AMRCLAW: level  1  CFL = .412E+00  dt = 0.5000E+00  final t = 0.306700E+04
 AMRCLAW: level  1  CFL = .412E+00  dt = 0.5000E+00  final t = 0.306750E+04
 AMRCLAW: level  1  CFL = .412E+00  dt = 0.5000E+00  final t = 0.306800E+04
 AMRCLAW: level  1  CFL = .412E+00  dt = 0.5000E+00  final t = 0.306850E+04
 AMRCLAW: level  1  CFL = .412E+00  dt = 0.5000E+00  final t = 0.306900E+04
 AMRCLAW: level  1  CFL = .412E+00  dt = 0.5000E+00  final t = 0.306950E+04
 AMRCLAW: level  1  CFL = .412E+00  dt = 0.5000E+00  final t = 0.307000E+04
 AMRCLAW: level  1  CFL = .412E+00  dt = 0.5000E+00  final t = 0.307050E+04
 AMRCLAW: level  1  CFL = .412E+00  dt = 0.5000E+00  final t = 0.307100E+04
 AMRCLAW: level  1  CFL = .412E+00  dt = 0.5000E+00  final t = 0.307150E+04
 AMRCLAW: level  1  CFL = .412E+00  dt = 0.5000E+00  final t = 0.307200E+04
 AMRCLAW: level  1  CFL = .412E+00  dt = 0.5000E+00  final t = 0.307250E+04
 AMRCLAW: level  1  CFL = .412E+00  dt = 0.5000E+00  final t = 0.307300E+04
 AMRCLAW: level  1  CFL = .412E+00  dt = 0.5000E+00  final t = 0.307350E+04
 AMRCLAW: level  1  CFL = .412E+00  dt = 0.5000E+00  final t = 0.307400E+04
 AMRCLAW: level  1  CFL = .412E+00  dt = 0.5000E+00  final t = 0.307450E+04
 AMRCLAW: level  1  CFL = .412E+00  dt = 0.5000E+00  final t = 0.307500E+04
 AMRCLAW: level  1  CFL = .412E+00  dt = 0.5000E+00  final t = 0.307550E+04
 AMRCLAW: level  1  CFL = .412E+00  dt = 0.5000E+00  final t = 0.307600E+04
 AMRCLAW: level  1  CFL = .412E+00  dt = 0.5000E+00  final t = 0.307650E+04
 AMRCLAW: level  1  CFL = .412E+00  dt = 0.5000E+00  final t = 0.307700E+04
 AMRCLAW: level  1  CFL = .412E+00  dt = 0.5000E+00  final t = 0.307750E+04
 AMRCLAW: level  1  CFL = .412E+00  dt = 0.5000E+00  final t = 0.307800E+04
 AMRCLAW: level  1  CFL = .412E+00  dt = 0.5000E+00  final t = 0.307850E+04
 AMRCLAW: level  1  CFL = .412E+00  dt = 0.5000E+00  final t = 0.307900E+04
 AMRCLAW: level  1  CFL = .412E+00  dt = 0.5000E+00  final t = 0.307950E+04
 AMRCLAW: level  1  CFL = .412E+00  dt = 0.5000E+00  final t = 0.308000E+04
 AMRCLAW: level  1  CFL = .412E+00  dt = 0.5000E+00  final t = 0.308050E+04
 AMRCLAW: level  1  CFL = .412E+00  dt = 0.5000E+00  final t = 0.308100E+04
 AMRCLAW: level  1  CFL = .412E+00  dt = 0.5000E+00  final t = 0.308150E+04
 AMRCLAW: level  1  CFL = .412E+00  dt = 0.5000E+00  final t = 0.308200E+04
 AMRCLAW: level  1  CFL = .412E+00  dt = 0.5000E+00  final t = 0.308250E+04
 AMRCLAW: level  1  CFL = .412E+00  dt = 0.5000E+00  final t = 0.308300E+04
 AMRCLAW: level  1  CFL = .412E+00  dt = 0.5000E+00  final t = 0.308350E+04
 AMRCLAW: level  1  CFL = .412E+00  dt = 0.5000E+00  final t = 0.308400E+04
 AMRCLAW: level  1  CFL = .412E+00  dt = 0.5000E+00  final t = 0.308450E+04
 AMRCLAW: level  1  CFL = .412E+00  dt = 0.5000E+00  final t = 0.308500E+04
 AMRCLAW: level  1  CFL = .412E+00  dt = 0.5000E+00  final t = 0.308550E+04
 AMRCLAW: level  1  CFL = .412E+00  dt = 0.5000E+00  final t = 0.308600E+04
 AMRCLAW: level  1  CFL = .412E+00  dt = 0.5000E+00  final t = 0.308650E+04
 AMRCLAW: level  1  CFL = .412E+00  dt = 0.5000E+00  final t = 0.308700E+04
 AMRCLAW: level  1  CFL = .412E+00  dt = 0.5000E+00  final t = 0.308750E+04
 AMRCLAW: level  1  CFL = .412E+00  dt = 0.5000E+00  final t = 0.308800E+04
 AMRCLAW: level  1  CFL = .412E+00  dt = 0.5000E+00  final t = 0.308850E+04
 AMRCLAW: level  1  CFL = .412E+00  dt = 0.5000E+00  final t = 0.308900E+04
 AMRCLAW: level  1  CFL = .412E+00  dt = 0.5000E+00  final t = 0.308950E+04
 AMRCLAW: level  1  CFL = .412E+00  dt = 0.5000E+00  final t = 0.309000E+04
GEOCLAW: Frame  103 output files done at time t =  0.309000D+04

 AMRCLAW: level  1  CFL = .412E+00  dt = 0.5000E+00  final t = 0.309050E+04
 AMRCLAW: level  1  CFL = .412E+00  dt = 0.5000E+00  final t = 0.309100E+04
 AMRCLAW: level  1  CFL = .412E+00  dt = 0.5000E+00  final t = 0.309150E+04
 AMRCLAW: level  1  CFL = .412E+00  dt = 0.5000E+00  final t = 0.309200E+04
 AMRCLAW: level  1  CFL = .412E+00  dt = 0.5000E+00  final t = 0.309250E+04
 AMRCLAW: level  1  CFL = .412E+00  dt = 0.5000E+00  final t = 0.309300E+04
 AMRCLAW: level  1  CFL = .412E+00  dt = 0.5000E+00  final t = 0.309350E+04
 AMRCLAW: level  1  CFL = .412E+00  dt = 0.5000E+00  final t = 0.309400E+04
 AMRCLAW: level  1  CFL = .412E+00  dt = 0.5000E+00  final t = 0.309450E+04
 AMRCLAW: level  1  CFL = .412E+00  dt = 0.5000E+00  final t = 0.309500E+04
 AMRCLAW: level  1  CFL = .412E+00  dt = 0.5000E+00  final t = 0.309550E+04
 AMRCLAW: level  1  CFL = .412E+00  dt = 0.5000E+00  final t = 0.309600E+04
 AMRCLAW: level  1  CFL = .412E+00  dt = 0.5000E+00  final t = 0.309650E+04
 AMRCLAW: level  1  CFL = .412E+00  dt = 0.5000E+00  final t = 0.309700E+04
 AMRCLAW: level  1  CFL = .412E+00  dt = 0.5000E+00  final t = 0.309750E+04
 AMRCLAW: level  1  CFL = .412E+00  dt = 0.5000E+00  final t = 0.309800E+04
 AMRCLAW: level  1  CFL = .412E+00  dt = 0.5000E+00  final t = 0.309850E+04
 AMRCLAW: level  1  CFL = .412E+00  dt = 0.5000E+00  final t = 0.309900E+04
 AMRCLAW: level  1  CFL = .412E+00  dt = 0.5000E+00  final t = 0.309950E+04
 AMRCLAW: level  1  CFL = .412E+00  dt = 0.5000E+00  final t = 0.310000E+04
 AMRCLAW: level  1  CFL = .412E+00  dt = 0.5000E+00  final t = 0.310050E+04
 AMRCLAW: level  1  CFL = .412E+00  dt = 0.5000E+00  final t = 0.310100E+04
 AMRCLAW: level  1  CFL = .412E+00  dt = 0.5000E+00  final t = 0.310150E+04
 AMRCLAW: level  1  CFL = .412E+00  dt = 0.5000E+00  final t = 0.310200E+04
 AMRCLAW: level  1  CFL = .412E+00  dt = 0.5000E+00  final t = 0.310250E+04
 AMRCLAW: level  1  CFL = .412E+00  dt = 0.5000E+00  final t = 0.310300E+04
 AMRCLAW: level  1  CFL = .412E+00  dt = 0.5000E+00  final t = 0.310350E+04
 AMRCLAW: level  1  CFL = .412E+00  dt = 0.5000E+00  final t = 0.310400E+04
 AMRCLAW: level  1  CFL = .412E+00  dt = 0.5000E+00  final t = 0.310450E+04
 AMRCLAW: level  1  CFL = .412E+00  dt = 0.5000E+00  final t = 0.310500E+04
 AMRCLAW: level  1  CFL = .412E+00  dt = 0.5000E+00  final t = 0.310550E+04
 AMRCLAW: level  1  CFL = .412E+00  dt = 0.5000E+00  final t = 0.310600E+04
 AMRCLAW: level  1  CFL = .412E+00  dt = 0.5000E+00  final t = 0.310650E+04
 AMRCLAW: level  1  CFL = .412E+00  dt = 0.5000E+00  final t = 0.310700E+04
 AMRCLAW: level  1  CFL = .412E+00  dt = 0.5000E+00  final t = 0.310750E+04
 AMRCLAW: level  1  CFL = .412E+00  dt = 0.5000E+00  final t = 0.310800E+04
 AMRCLAW: level  1  CFL = .412E+00  dt = 0.5000E+00  final t = 0.310850E+04
 AMRCLAW: level  1  CFL = .412E+00  dt = 0.5000E+00  final t = 0.310900E+04
 AMRCLAW: level  1  CFL = .412E+00  dt = 0.5000E+00  final t = 0.310950E+04
 AMRCLAW: level  1  CFL = .412E+00  dt = 0.5000E+00  final t = 0.311000E+04
 AMRCLAW: level  1  CFL = .412E+00  dt = 0.5000E+00  final t = 0.311050E+04
 AMRCLAW: level  1  CFL = .412E+00  dt = 0.5000E+00  final t = 0.311100E+04
 AMRCLAW: level  1  CFL = .412E+00  dt = 0.5000E+00  final t = 0.311150E+04
 AMRCLAW: level  1  CFL = .412E+00  dt = 0.5000E+00  final t = 0.311200E+04
 AMRCLAW: level  1  CFL = .412E+00  dt = 0.5000E+00  final t = 0.311250E+04
 AMRCLAW: level  1  CFL = .412E+00  dt = 0.5000E+00  final t = 0.311300E+04
 AMRCLAW: level  1  CFL = .412E+00  dt = 0.5000E+00  final t = 0.311350E+04
 AMRCLAW: level  1  CFL = .412E+00  dt = 0.5000E+00  final t = 0.311400E+04
 AMRCLAW: level  1  CFL = .412E+00  dt = 0.5000E+00  final t = 0.311450E+04
 AMRCLAW: level  1  CFL = .412E+00  dt = 0.5000E+00  final t = 0.311500E+04
 AMRCLAW: level  1  CFL = .412E+00  dt = 0.5000E+00  final t = 0.311550E+04
 AMRCLAW: level  1  CFL = .412E+00  dt = 0.5000E+00  final t = 0.311600E+04
 AMRCLAW: level  1  CFL = .412E+00  dt = 0.5000E+00  final t = 0.311650E+04
 AMRCLAW: level  1  CFL = .412E+00  dt = 0.5000E+00  final t = 0.311700E+04
 AMRCLAW: level  1  CFL = .412E+00  dt = 0.5000E+00  final t = 0.311750E+04
 AMRCLAW: level  1  CFL = .412E+00  dt = 0.5000E+00  final t = 0.311800E+04
 AMRCLAW: level  1  CFL = .412E+00  dt = 0.5000E+00  final t = 0.311850E+04
 AMRCLAW: level  1  CFL = .412E+00  dt = 0.5000E+00  final t = 0.311900E+04
 AMRCLAW: level  1  CFL = .412E+00  dt = 0.5000E+00  final t = 0.311950E+04
 AMRCLAW: level  1  CFL = .412E+00  dt = 0.5000E+00  final t = 0.312000E+04
GEOCLAW: Frame  104 output files done at time t =  0.312000D+04

 AMRCLAW: level  1  CFL = .412E+00  dt = 0.5000E+00  final t = 0.312050E+04
 AMRCLAW: level  1  CFL = .412E+00  dt = 0.5000E+00  final t = 0.312100E+04
 AMRCLAW: level  1  CFL = .412E+00  dt = 0.5000E+00  final t = 0.312150E+04
 AMRCLAW: level  1  CFL = .412E+00  dt = 0.5000E+00  final t = 0.312200E+04
 AMRCLAW: level  1  CFL = .412E+00  dt = 0.5000E+00  final t = 0.312250E+04
 AMRCLAW: level  1  CFL = .412E+00  dt = 0.5000E+00  final t = 0.312300E+04
 AMRCLAW: level  1  CFL = .412E+00  dt = 0.5000E+00  final t = 0.312350E+04
 AMRCLAW: level  1  CFL = .412E+00  dt = 0.5000E+00  final t = 0.312400E+04
 AMRCLAW: level  1  CFL = .412E+00  dt = 0.5000E+00  final t = 0.312450E+04
 AMRCLAW: level  1  CFL = .412E+00  dt = 0.5000E+00  final t = 0.312500E+04
 AMRCLAW: level  1  CFL = .412E+00  dt = 0.5000E+00  final t = 0.312550E+04
 AMRCLAW: level  1  CFL = .412E+00  dt = 0.5000E+00  final t = 0.312600E+04
 AMRCLAW: level  1  CFL = .412E+00  dt = 0.5000E+00  final t = 0.312650E+04
 AMRCLAW: level  1  CFL = .412E+00  dt = 0.5000E+00  final t = 0.312700E+04
 AMRCLAW: level  1  CFL = .412E+00  dt = 0.5000E+00  final t = 0.312750E+04
 AMRCLAW: level  1  CFL = .412E+00  dt = 0.5000E+00  final t = 0.312800E+04
 AMRCLAW: level  1  CFL = .412E+00  dt = 0.5000E+00  final t = 0.312850E+04
 AMRCLAW: level  1  CFL = .412E+00  dt = 0.5000E+00  final t = 0.312900E+04
 AMRCLAW: level  1  CFL = .412E+00  dt = 0.5000E+00  final t = 0.312950E+04
 AMRCLAW: level  1  CFL = .412E+00  dt = 0.5000E+00  final t = 0.313000E+04
 AMRCLAW: level  1  CFL = .412E+00  dt = 0.5000E+00  final t = 0.313050E+04
 AMRCLAW: level  1  CFL = .412E+00  dt = 0.5000E+00  final t = 0.313100E+04
 AMRCLAW: level  1  CFL = .412E+00  dt = 0.5000E+00  final t = 0.313150E+04
 AMRCLAW: level  1  CFL = .412E+00  dt = 0.5000E+00  final t = 0.313200E+04
 AMRCLAW: level  1  CFL = .412E+00  dt = 0.5000E+00  final t = 0.313250E+04
 AMRCLAW: level  1  CFL = .412E+00  dt = 0.5000E+00  final t = 0.313300E+04
 AMRCLAW: level  1  CFL = .412E+00  dt = 0.5000E+00  final t = 0.313350E+04
 AMRCLAW: level  1  CFL = .412E+00  dt = 0.5000E+00  final t = 0.313400E+04
 AMRCLAW: level  1  CFL = .412E+00  dt = 0.5000E+00  final t = 0.313450E+04
 AMRCLAW: level  1  CFL = .412E+00  dt = 0.5000E+00  final t = 0.313500E+04
 AMRCLAW: level  1  CFL = .412E+00  dt = 0.5000E+00  final t = 0.313550E+04
 AMRCLAW: level  1  CFL = .412E+00  dt = 0.5000E+00  final t = 0.313600E+04
 AMRCLAW: level  1  CFL = .412E+00  dt = 0.5000E+00  final t = 0.313650E+04
 AMRCLAW: level  1  CFL = .412E+00  dt = 0.5000E+00  final t = 0.313700E+04
 AMRCLAW: level  1  CFL = .412E+00  dt = 0.5000E+00  final t = 0.313750E+04
 AMRCLAW: level  1  CFL = .412E+00  dt = 0.5000E+00  final t = 0.313800E+04
 AMRCLAW: level  1  CFL = .412E+00  dt = 0.5000E+00  final t = 0.313850E+04
 AMRCLAW: level  1  CFL = .412E+00  dt = 0.5000E+00  final t = 0.313900E+04
 AMRCLAW: level  1  CFL = .411E+00  dt = 0.5000E+00  final t = 0.313950E+04
 AMRCLAW: level  1  CFL = .411E+00  dt = 0.5000E+00  final t = 0.314000E+04
 AMRCLAW: level  1  CFL = .411E+00  dt = 0.5000E+00  final t = 0.314050E+04
 AMRCLAW: level  1  CFL = .411E+00  dt = 0.5000E+00  final t = 0.314100E+04
 AMRCLAW: level  1  CFL = .411E+00  dt = 0.5000E+00  final t = 0.314150E+04
 AMRCLAW: level  1  CFL = .411E+00  dt = 0.5000E+00  final t = 0.314200E+04
 AMRCLAW: level  1  CFL = .411E+00  dt = 0.5000E+00  final t = 0.314250E+04
 AMRCLAW: level  1  CFL = .411E+00  dt = 0.5000E+00  final t = 0.314300E+04
 AMRCLAW: level  1  CFL = .411E+00  dt = 0.5000E+00  final t = 0.314350E+04
 AMRCLAW: level  1  CFL = .411E+00  dt = 0.5000E+00  final t = 0.314400E+04
 AMRCLAW: level  1  CFL = .411E+00  dt = 0.5000E+00  final t = 0.314450E+04
 AMRCLAW: level  1  CFL = .411E+00  dt = 0.5000E+00  final t = 0.314500E+04
 AMRCLAW: level  1  CFL = .411E+00  dt = 0.5000E+00  final t = 0.314550E+04
 AMRCLAW: level  1  CFL = .411E+00  dt = 0.5000E+00  final t = 0.314600E+04
 AMRCLAW: level  1  CFL = .411E+00  dt = 0.5000E+00  final t = 0.314650E+04
 AMRCLAW: level  1  CFL = .411E+00  dt = 0.5000E+00  final t = 0.314700E+04
 AMRCLAW: level  1  CFL = .411E+00  dt = 0.5000E+00  final t = 0.314750E+04
 AMRCLAW: level  1  CFL = .411E+00  dt = 0.5000E+00  final t = 0.314800E+04
 AMRCLAW: level  1  CFL = .411E+00  dt = 0.5000E+00  final t = 0.314850E+04
 AMRCLAW: level  1  CFL = .411E+00  dt = 0.5000E+00  final t = 0.314900E+04
 AMRCLAW: level  1  CFL = .411E+00  dt = 0.5000E+00  final t = 0.314950E+04
 AMRCLAW: level  1  CFL = .411E+00  dt = 0.5000E+00  final t = 0.315000E+04
GEOCLAW: Frame  105 output files done at time t =  0.315000D+04

 AMRCLAW: level  1  CFL = .411E+00  dt = 0.5000E+00  final t = 0.315050E+04
 AMRCLAW: level  1  CFL = .411E+00  dt = 0.5000E+00  final t = 0.315100E+04
 AMRCLAW: level  1  CFL = .411E+00  dt = 0.5000E+00  final t = 0.315150E+04
 AMRCLAW: level  1  CFL = .411E+00  dt = 0.5000E+00  final t = 0.315200E+04
 AMRCLAW: level  1  CFL = .411E+00  dt = 0.5000E+00  final t = 0.315250E+04
 AMRCLAW: level  1  CFL = .411E+00  dt = 0.5000E+00  final t = 0.315300E+04
 AMRCLAW: level  1  CFL = .411E+00  dt = 0.5000E+00  final t = 0.315350E+04
 AMRCLAW: level  1  CFL = .411E+00  dt = 0.5000E+00  final t = 0.315400E+04
 AMRCLAW: level  1  CFL = .411E+00  dt = 0.5000E+00  final t = 0.315450E+04
 AMRCLAW: level  1  CFL = .411E+00  dt = 0.5000E+00  final t = 0.315500E+04
 AMRCLAW: level  1  CFL = .411E+00  dt = 0.5000E+00  final t = 0.315550E+04
 AMRCLAW: level  1  CFL = .411E+00  dt = 0.5000E+00  final t = 0.315600E+04
 AMRCLAW: level  1  CFL = .411E+00  dt = 0.5000E+00  final t = 0.315650E+04
 AMRCLAW: level  1  CFL = .411E+00  dt = 0.5000E+00  final t = 0.315700E+04
 AMRCLAW: level  1  CFL = .411E+00  dt = 0.5000E+00  final t = 0.315750E+04
 AMRCLAW: level  1  CFL = .411E+00  dt = 0.5000E+00  final t = 0.315800E+04
 AMRCLAW: level  1  CFL = .411E+00  dt = 0.5000E+00  final t = 0.315850E+04
 AMRCLAW: level  1  CFL = .411E+00  dt = 0.5000E+00  final t = 0.315900E+04
 AMRCLAW: level  1  CFL = .411E+00  dt = 0.5000E+00  final t = 0.315950E+04
 AMRCLAW: level  1  CFL = .411E+00  dt = 0.5000E+00  final t = 0.316000E+04
 AMRCLAW: level  1  CFL = .411E+00  dt = 0.5000E+00  final t = 0.316050E+04
 AMRCLAW: level  1  CFL = .411E+00  dt = 0.5000E+00  final t = 0.316100E+04
 AMRCLAW: level  1  CFL = .411E+00  dt = 0.5000E+00  final t = 0.316150E+04
 AMRCLAW: level  1  CFL = .411E+00  dt = 0.5000E+00  final t = 0.316200E+04
 AMRCLAW: level  1  CFL = .411E+00  dt = 0.5000E+00  final t = 0.316250E+04
 AMRCLAW: level  1  CFL = .411E+00  dt = 0.5000E+00  final t = 0.316300E+04
 AMRCLAW: level  1  CFL = .411E+00  dt = 0.5000E+00  final t = 0.316350E+04
 AMRCLAW: level  1  CFL = .411E+00  dt = 0.5000E+00  final t = 0.316400E+04
 AMRCLAW: level  1  CFL = .411E+00  dt = 0.5000E+00  final t = 0.316450E+04
 AMRCLAW: level  1  CFL = .411E+00  dt = 0.5000E+00  final t = 0.316500E+04
 AMRCLAW: level  1  CFL = .411E+00  dt = 0.5000E+00  final t = 0.316550E+04
 AMRCLAW: level  1  CFL = .411E+00  dt = 0.5000E+00  final t = 0.316600E+04
 AMRCLAW: level  1  CFL = .411E+00  dt = 0.5000E+00  final t = 0.316650E+04
 AMRCLAW: level  1  CFL = .411E+00  dt = 0.5000E+00  final t = 0.316700E+04
 AMRCLAW: level  1  CFL = .411E+00  dt = 0.5000E+00  final t = 0.316750E+04
 AMRCLAW: level  1  CFL = .411E+00  dt = 0.5000E+00  final t = 0.316800E+04
 AMRCLAW: level  1  CFL = .411E+00  dt = 0.5000E+00  final t = 0.316850E+04
 AMRCLAW: level  1  CFL = .411E+00  dt = 0.5000E+00  final t = 0.316900E+04
 AMRCLAW: level  1  CFL = .411E+00  dt = 0.5000E+00  final t = 0.316950E+04
 AMRCLAW: level  1  CFL = .411E+00  dt = 0.5000E+00  final t = 0.317000E+04
 AMRCLAW: level  1  CFL = .411E+00  dt = 0.5000E+00  final t = 0.317050E+04
 AMRCLAW: level  1  CFL = .411E+00  dt = 0.5000E+00  final t = 0.317100E+04
 AMRCLAW: level  1  CFL = .411E+00  dt = 0.5000E+00  final t = 0.317150E+04
 AMRCLAW: level  1  CFL = .411E+00  dt = 0.5000E+00  final t = 0.317200E+04
 AMRCLAW: level  1  CFL = .411E+00  dt = 0.5000E+00  final t = 0.317250E+04
 AMRCLAW: level  1  CFL = .411E+00  dt = 0.5000E+00  final t = 0.317300E+04
 AMRCLAW: level  1  CFL = .411E+00  dt = 0.5000E+00  final t = 0.317350E+04
 AMRCLAW: level  1  CFL = .411E+00  dt = 0.5000E+00  final t = 0.317400E+04
 AMRCLAW: level  1  CFL = .411E+00  dt = 0.5000E+00  final t = 0.317450E+04
 AMRCLAW: level  1  CFL = .411E+00  dt = 0.5000E+00  final t = 0.317500E+04
 AMRCLAW: level  1  CFL = .411E+00  dt = 0.5000E+00  final t = 0.317550E+04
 AMRCLAW: level  1  CFL = .411E+00  dt = 0.5000E+00  final t = 0.317600E+04
 AMRCLAW: level  1  CFL = .411E+00  dt = 0.5000E+00  final t = 0.317650E+04
 AMRCLAW: level  1  CFL = .411E+00  dt = 0.5000E+00  final t = 0.317700E+04
 AMRCLAW: level  1  CFL = .411E+00  dt = 0.5000E+00  final t = 0.317750E+04
 AMRCLAW: level  1  CFL = .411E+00  dt = 0.5000E+00  final t = 0.317800E+04
 AMRCLAW: level  1  CFL = .411E+00  dt = 0.5000E+00  final t = 0.317850E+04
 AMRCLAW: level  1  CFL = .411E+00  dt = 0.5000E+00  final t = 0.317900E+04
 AMRCLAW: level  1  CFL = .411E+00  dt = 0.5000E+00  final t = 0.317950E+04
 AMRCLAW: level  1  CFL = .411E+00  dt = 0.5000E+00  final t = 0.318000E+04
GEOCLAW: Frame  106 output files done at time t =  0.318000D+04

 AMRCLAW: level  1  CFL = .411E+00  dt = 0.5000E+00  final t = 0.318050E+04
 AMRCLAW: level  1  CFL = .411E+00  dt = 0.5000E+00  final t = 0.318100E+04
 AMRCLAW: level  1  CFL = .411E+00  dt = 0.5000E+00  final t = 0.318150E+04
 AMRCLAW: level  1  CFL = .411E+00  dt = 0.5000E+00  final t = 0.318200E+04
 AMRCLAW: level  1  CFL = .411E+00  dt = 0.5000E+00  final t = 0.318250E+04
 AMRCLAW: level  1  CFL = .411E+00  dt = 0.5000E+00  final t = 0.318300E+04
 AMRCLAW: level  1  CFL = .411E+00  dt = 0.5000E+00  final t = 0.318350E+04
 AMRCLAW: level  1  CFL = .411E+00  dt = 0.5000E+00  final t = 0.318400E+04
 AMRCLAW: level  1  CFL = .411E+00  dt = 0.5000E+00  final t = 0.318450E+04
 AMRCLAW: level  1  CFL = .411E+00  dt = 0.5000E+00  final t = 0.318500E+04
 AMRCLAW: level  1  CFL = .411E+00  dt = 0.5000E+00  final t = 0.318550E+04
 AMRCLAW: level  1  CFL = .411E+00  dt = 0.5000E+00  final t = 0.318600E+04
 AMRCLAW: level  1  CFL = .411E+00  dt = 0.5000E+00  final t = 0.318650E+04
 AMRCLAW: level  1  CFL = .411E+00  dt = 0.5000E+00  final t = 0.318700E+04
 AMRCLAW: level  1  CFL = .411E+00  dt = 0.5000E+00  final t = 0.318750E+04
 AMRCLAW: level  1  CFL = .411E+00  dt = 0.5000E+00  final t = 0.318800E+04
 AMRCLAW: level  1  CFL = .411E+00  dt = 0.5000E+00  final t = 0.318850E+04
 AMRCLAW: level  1  CFL = .411E+00  dt = 0.5000E+00  final t = 0.318900E+04
 AMRCLAW: level  1  CFL = .411E+00  dt = 0.5000E+00  final t = 0.318950E+04
 AMRCLAW: level  1  CFL = .411E+00  dt = 0.5000E+00  final t = 0.319000E+04
 AMRCLAW: level  1  CFL = .411E+00  dt = 0.5000E+00  final t = 0.319050E+04
 AMRCLAW: level  1  CFL = .411E+00  dt = 0.5000E+00  final t = 0.319100E+04
 AMRCLAW: level  1  CFL = .411E+00  dt = 0.5000E+00  final t = 0.319150E+04
 AMRCLAW: level  1  CFL = .411E+00  dt = 0.5000E+00  final t = 0.319200E+04
 AMRCLAW: level  1  CFL = .411E+00  dt = 0.5000E+00  final t = 0.319250E+04
 AMRCLAW: level  1  CFL = .411E+00  dt = 0.5000E+00  final t = 0.319300E+04
 AMRCLAW: level  1  CFL = .411E+00  dt = 0.5000E+00  final t = 0.319350E+04
 AMRCLAW: level  1  CFL = .411E+00  dt = 0.5000E+00  final t = 0.319400E+04
 AMRCLAW: level  1  CFL = .411E+00  dt = 0.5000E+00  final t = 0.319450E+04
 AMRCLAW: level  1  CFL = .411E+00  dt = 0.5000E+00  final t = 0.319500E+04
 AMRCLAW: level  1  CFL = .411E+00  dt = 0.5000E+00  final t = 0.319550E+04
 AMRCLAW: level  1  CFL = .411E+00  dt = 0.5000E+00  final t = 0.319600E+04
 AMRCLAW: level  1  CFL = .411E+00  dt = 0.5000E+00  final t = 0.319650E+04
 AMRCLAW: level  1  CFL = .411E+00  dt = 0.5000E+00  final t = 0.319700E+04
 AMRCLAW: level  1  CFL = .411E+00  dt = 0.5000E+00  final t = 0.319750E+04
 AMRCLAW: level  1  CFL = .411E+00  dt = 0.5000E+00  final t = 0.319800E+04
 AMRCLAW: level  1  CFL = .411E+00  dt = 0.5000E+00  final t = 0.319850E+04
 AMRCLAW: level  1  CFL = .411E+00  dt = 0.5000E+00  final t = 0.319900E+04
 AMRCLAW: level  1  CFL = .411E+00  dt = 0.5000E+00  final t = 0.319950E+04
 AMRCLAW: level  1  CFL = .411E+00  dt = 0.5000E+00  final t = 0.320000E+04
 AMRCLAW: level  1  CFL = .411E+00  dt = 0.5000E+00  final t = 0.320050E+04
 AMRCLAW: level  1  CFL = .411E+00  dt = 0.5000E+00  final t = 0.320100E+04
 AMRCLAW: level  1  CFL = .411E+00  dt = 0.5000E+00  final t = 0.320150E+04
 AMRCLAW: level  1  CFL = .411E+00  dt = 0.5000E+00  final t = 0.320200E+04
 AMRCLAW: level  1  CFL = .411E+00  dt = 0.5000E+00  final t = 0.320250E+04
 AMRCLAW: level  1  CFL = .411E+00  dt = 0.5000E+00  final t = 0.320300E+04
 AMRCLAW: level  1  CFL = .411E+00  dt = 0.5000E+00  final t = 0.320350E+04
 AMRCLAW: level  1  CFL = .411E+00  dt = 0.5000E+00  final t = 0.320400E+04
 AMRCLAW: level  1  CFL = .411E+00  dt = 0.5000E+00  final t = 0.320450E+04
 AMRCLAW: level  1  CFL = .411E+00  dt = 0.5000E+00  final t = 0.320500E+04
 AMRCLAW: level  1  CFL = .411E+00  dt = 0.5000E+00  final t = 0.320550E+04
 AMRCLAW: level  1  CFL = .411E+00  dt = 0.5000E+00  final t = 0.320600E+04
 AMRCLAW: level  1  CFL = .411E+00  dt = 0.5000E+00  final t = 0.320650E+04
 AMRCLAW: level  1  CFL = .411E+00  dt = 0.5000E+00  final t = 0.320700E+04
 AMRCLAW: level  1  CFL = .411E+00  dt = 0.5000E+00  final t = 0.320750E+04
 AMRCLAW: level  1  CFL = .411E+00  dt = 0.5000E+00  final t = 0.320800E+04
 AMRCLAW: level  1  CFL = .411E+00  dt = 0.5000E+00  final t = 0.320850E+04
 AMRCLAW: level  1  CFL = .411E+00  dt = 0.5000E+00  final t = 0.320900E+04
 AMRCLAW: level  1  CFL = .411E+00  dt = 0.5000E+00  final t = 0.320950E+04
 AMRCLAW: level  1  CFL = .411E+00  dt = 0.5000E+00  final t = 0.321000E+04
GEOCLAW: Frame  107 output files done at time t =  0.321000D+04

 AMRCLAW: level  1  CFL = .411E+00  dt = 0.5000E+00  final t = 0.321050E+04
 AMRCLAW: level  1  CFL = .411E+00  dt = 0.5000E+00  final t = 0.321100E+04
 AMRCLAW: level  1  CFL = .411E+00  dt = 0.5000E+00  final t = 0.321150E+04
 AMRCLAW: level  1  CFL = .411E+00  dt = 0.5000E+00  final t = 0.321200E+04
 AMRCLAW: level  1  CFL = .411E+00  dt = 0.5000E+00  final t = 0.321250E+04
 AMRCLAW: level  1  CFL = .411E+00  dt = 0.5000E+00  final t = 0.321300E+04
 AMRCLAW: level  1  CFL = .411E+00  dt = 0.5000E+00  final t = 0.321350E+04
 AMRCLAW: level  1  CFL = .411E+00  dt = 0.5000E+00  final t = 0.321400E+04
 AMRCLAW: level  1  CFL = .411E+00  dt = 0.5000E+00  final t = 0.321450E+04
 AMRCLAW: level  1  CFL = .411E+00  dt = 0.5000E+00  final t = 0.321500E+04
 AMRCLAW: level  1  CFL = .411E+00  dt = 0.5000E+00  final t = 0.321550E+04
 AMRCLAW: level  1  CFL = .411E+00  dt = 0.5000E+00  final t = 0.321600E+04
 AMRCLAW: level  1  CFL = .411E+00  dt = 0.5000E+00  final t = 0.321650E+04
 AMRCLAW: level  1  CFL = .411E+00  dt = 0.5000E+00  final t = 0.321700E+04
 AMRCLAW: level  1  CFL = .411E+00  dt = 0.5000E+00  final t = 0.321750E+04
 AMRCLAW: level  1  CFL = .411E+00  dt = 0.5000E+00  final t = 0.321800E+04
 AMRCLAW: level  1  CFL = .411E+00  dt = 0.5000E+00  final t = 0.321850E+04
 AMRCLAW: level  1  CFL = .411E+00  dt = 0.5000E+00  final t = 0.321900E+04
 AMRCLAW: level  1  CFL = .411E+00  dt = 0.5000E+00  final t = 0.321950E+04
 AMRCLAW: level  1  CFL = .411E+00  dt = 0.5000E+00  final t = 0.322000E+04
 AMRCLAW: level  1  CFL = .411E+00  dt = 0.5000E+00  final t = 0.322050E+04
 AMRCLAW: level  1  CFL = .411E+00  dt = 0.5000E+00  final t = 0.322100E+04
 AMRCLAW: level  1  CFL = .411E+00  dt = 0.5000E+00  final t = 0.322150E+04
 AMRCLAW: level  1  CFL = .411E+00  dt = 0.5000E+00  final t = 0.322200E+04
 AMRCLAW: level  1  CFL = .411E+00  dt = 0.5000E+00  final t = 0.322250E+04
 AMRCLAW: level  1  CFL = .411E+00  dt = 0.5000E+00  final t = 0.322300E+04
 AMRCLAW: level  1  CFL = .411E+00  dt = 0.5000E+00  final t = 0.322350E+04
 AMRCLAW: level  1  CFL = .411E+00  dt = 0.5000E+00  final t = 0.322400E+04
 AMRCLAW: level  1  CFL = .411E+00  dt = 0.5000E+00  final t = 0.322450E+04
 AMRCLAW: level  1  CFL = .411E+00  dt = 0.5000E+00  final t = 0.322500E+04
 AMRCLAW: level  1  CFL = .411E+00  dt = 0.5000E+00  final t = 0.322550E+04
 AMRCLAW: level  1  CFL = .411E+00  dt = 0.5000E+00  final t = 0.322600E+04
 AMRCLAW: level  1  CFL = .411E+00  dt = 0.5000E+00  final t = 0.322650E+04
 AMRCLAW: level  1  CFL = .411E+00  dt = 0.5000E+00  final t = 0.322700E+04
 AMRCLAW: level  1  CFL = .411E+00  dt = 0.5000E+00  final t = 0.322750E+04
 AMRCLAW: level  1  CFL = .411E+00  dt = 0.5000E+00  final t = 0.322800E+04
 AMRCLAW: level  1  CFL = .411E+00  dt = 0.5000E+00  final t = 0.322850E+04
 AMRCLAW: level  1  CFL = .411E+00  dt = 0.5000E+00  final t = 0.322900E+04
 AMRCLAW: level  1  CFL = .411E+00  dt = 0.5000E+00  final t = 0.322950E+04
 AMRCLAW: level  1  CFL = .411E+00  dt = 0.5000E+00  final t = 0.323000E+04
 AMRCLAW: level  1  CFL = .411E+00  dt = 0.5000E+00  final t = 0.323050E+04
 AMRCLAW: level  1  CFL = .411E+00  dt = 0.5000E+00  final t = 0.323100E+04
 AMRCLAW: level  1  CFL = .411E+00  dt = 0.5000E+00  final t = 0.323150E+04
 AMRCLAW: level  1  CFL = .411E+00  dt = 0.5000E+00  final t = 0.323200E+04
 AMRCLAW: level  1  CFL = .411E+00  dt = 0.5000E+00  final t = 0.323250E+04
 AMRCLAW: level  1  CFL = .411E+00  dt = 0.5000E+00  final t = 0.323300E+04
 AMRCLAW: level  1  CFL = .411E+00  dt = 0.5000E+00  final t = 0.323350E+04
 AMRCLAW: level  1  CFL = .411E+00  dt = 0.5000E+00  final t = 0.323400E+04
 AMRCLAW: level  1  CFL = .411E+00  dt = 0.5000E+00  final t = 0.323450E+04
 AMRCLAW: level  1  CFL = .411E+00  dt = 0.5000E+00  final t = 0.323500E+04
 AMRCLAW: level  1  CFL = .411E+00  dt = 0.5000E+00  final t = 0.323550E+04
 AMRCLAW: level  1  CFL = .411E+00  dt = 0.5000E+00  final t = 0.323600E+04
 AMRCLAW: level  1  CFL = .411E+00  dt = 0.5000E+00  final t = 0.323650E+04
 AMRCLAW: level  1  CFL = .411E+00  dt = 0.5000E+00  final t = 0.323700E+04
 AMRCLAW: level  1  CFL = .411E+00  dt = 0.5000E+00  final t = 0.323750E+04
 AMRCLAW: level  1  CFL = .411E+00  dt = 0.5000E+00  final t = 0.323800E+04
 AMRCLAW: level  1  CFL = .411E+00  dt = 0.5000E+00  final t = 0.323850E+04
 AMRCLAW: level  1  CFL = .411E+00  dt = 0.5000E+00  final t = 0.323900E+04
 AMRCLAW: level  1  CFL = .411E+00  dt = 0.5000E+00  final t = 0.323950E+04
 AMRCLAW: level  1  CFL = .411E+00  dt = 0.5000E+00  final t = 0.324000E+04
GEOCLAW: Frame  108 output files done at time t =  0.324000D+04

 AMRCLAW: level  1  CFL = .411E+00  dt = 0.5000E+00  final t = 0.324050E+04
 AMRCLAW: level  1  CFL = .411E+00  dt = 0.5000E+00  final t = 0.324100E+04
 AMRCLAW: level  1  CFL = .411E+00  dt = 0.5000E+00  final t = 0.324150E+04
 AMRCLAW: level  1  CFL = .411E+00  dt = 0.5000E+00  final t = 0.324200E+04
 AMRCLAW: level  1  CFL = .411E+00  dt = 0.5000E+00  final t = 0.324250E+04
 AMRCLAW: level  1  CFL = .411E+00  dt = 0.5000E+00  final t = 0.324300E+04
 AMRCLAW: level  1  CFL = .411E+00  dt = 0.5000E+00  final t = 0.324350E+04
 AMRCLAW: level  1  CFL = .411E+00  dt = 0.5000E+00  final t = 0.324400E+04
 AMRCLAW: level  1  CFL = .411E+00  dt = 0.5000E+00  final t = 0.324450E+04
 AMRCLAW: level  1  CFL = .411E+00  dt = 0.5000E+00  final t = 0.324500E+04
 AMRCLAW: level  1  CFL = .411E+00  dt = 0.5000E+00  final t = 0.324550E+04
 AMRCLAW: level  1  CFL = .411E+00  dt = 0.5000E+00  final t = 0.324600E+04
 AMRCLAW: level  1  CFL = .411E+00  dt = 0.5000E+00  final t = 0.324650E+04
 AMRCLAW: level  1  CFL = .411E+00  dt = 0.5000E+00  final t = 0.324700E+04
 AMRCLAW: level  1  CFL = .411E+00  dt = 0.5000E+00  final t = 0.324750E+04
 AMRCLAW: level  1  CFL = .411E+00  dt = 0.5000E+00  final t = 0.324800E+04
 AMRCLAW: level  1  CFL = .411E+00  dt = 0.5000E+00  final t = 0.324850E+04
 AMRCLAW: level  1  CFL = .411E+00  dt = 0.5000E+00  final t = 0.324900E+04
 AMRCLAW: level  1  CFL = .411E+00  dt = 0.5000E+00  final t = 0.324950E+04
 AMRCLAW: level  1  CFL = .411E+00  dt = 0.5000E+00  final t = 0.325000E+04
 AMRCLAW: level  1  CFL = .411E+00  dt = 0.5000E+00  final t = 0.325050E+04
 AMRCLAW: level  1  CFL = .411E+00  dt = 0.5000E+00  final t = 0.325100E+04
 AMRCLAW: level  1  CFL = .411E+00  dt = 0.5000E+00  final t = 0.325150E+04
 AMRCLAW: level  1  CFL = .411E+00  dt = 0.5000E+00  final t = 0.325200E+04
 AMRCLAW: level  1  CFL = .411E+00  dt = 0.5000E+00  final t = 0.325250E+04
 AMRCLAW: level  1  CFL = .411E+00  dt = 0.5000E+00  final t = 0.325300E+04
 AMRCLAW: level  1  CFL = .411E+00  dt = 0.5000E+00  final t = 0.325350E+04
 AMRCLAW: level  1  CFL = .411E+00  dt = 0.5000E+00  final t = 0.325400E+04
 AMRCLAW: level  1  CFL = .411E+00  dt = 0.5000E+00  final t = 0.325450E+04
 AMRCLAW: level  1  CFL = .411E+00  dt = 0.5000E+00  final t = 0.325500E+04
 AMRCLAW: level  1  CFL = .411E+00  dt = 0.5000E+00  final t = 0.325550E+04
 AMRCLAW: level  1  CFL = .411E+00  dt = 0.5000E+00  final t = 0.325600E+04
 AMRCLAW: level  1  CFL = .411E+00  dt = 0.5000E+00  final t = 0.325650E+04
 AMRCLAW: level  1  CFL = .411E+00  dt = 0.5000E+00  final t = 0.325700E+04
 AMRCLAW: level  1  CFL = .411E+00  dt = 0.5000E+00  final t = 0.325750E+04
 AMRCLAW: level  1  CFL = .410E+00  dt = 0.5000E+00  final t = 0.325800E+04
 AMRCLAW: level  1  CFL = .410E+00  dt = 0.5000E+00  final t = 0.325850E+04
 AMRCLAW: level  1  CFL = .410E+00  dt = 0.5000E+00  final t = 0.325900E+04
 AMRCLAW: level  1  CFL = .410E+00  dt = 0.5000E+00  final t = 0.325950E+04
 AMRCLAW: level  1  CFL = .410E+00  dt = 0.5000E+00  final t = 0.326000E+04
 AMRCLAW: level  1  CFL = .410E+00  dt = 0.5000E+00  final t = 0.326050E+04
 AMRCLAW: level  1  CFL = .410E+00  dt = 0.5000E+00  final t = 0.326100E+04
 AMRCLAW: level  1  CFL = .410E+00  dt = 0.5000E+00  final t = 0.326150E+04
 AMRCLAW: level  1  CFL = .410E+00  dt = 0.5000E+00  final t = 0.326200E+04
 AMRCLAW: level  1  CFL = .410E+00  dt = 0.5000E+00  final t = 0.326250E+04
 AMRCLAW: level  1  CFL = .410E+00  dt = 0.5000E+00  final t = 0.326300E+04
 AMRCLAW: level  1  CFL = .410E+00  dt = 0.5000E+00  final t = 0.326350E+04
 AMRCLAW: level  1  CFL = .410E+00  dt = 0.5000E+00  final t = 0.326400E+04
 AMRCLAW: level  1  CFL = .410E+00  dt = 0.5000E+00  final t = 0.326450E+04
 AMRCLAW: level  1  CFL = .410E+00  dt = 0.5000E+00  final t = 0.326500E+04
 AMRCLAW: level  1  CFL = .410E+00  dt = 0.5000E+00  final t = 0.326550E+04
 AMRCLAW: level  1  CFL = .410E+00  dt = 0.5000E+00  final t = 0.326600E+04
 AMRCLAW: level  1  CFL = .410E+00  dt = 0.5000E+00  final t = 0.326650E+04
 AMRCLAW: level  1  CFL = .410E+00  dt = 0.5000E+00  final t = 0.326700E+04
 AMRCLAW: level  1  CFL = .410E+00  dt = 0.5000E+00  final t = 0.326750E+04
 AMRCLAW: level  1  CFL = .410E+00  dt = 0.5000E+00  final t = 0.326800E+04
 AMRCLAW: level  1  CFL = .410E+00  dt = 0.5000E+00  final t = 0.326850E+04
 AMRCLAW: level  1  CFL = .410E+00  dt = 0.5000E+00  final t = 0.326900E+04
 AMRCLAW: level  1  CFL = .410E+00  dt = 0.5000E+00  final t = 0.326950E+04
 AMRCLAW: level  1  CFL = .410E+00  dt = 0.5000E+00  final t = 0.327000E+04
GEOCLAW: Frame  109 output files done at time t =  0.327000D+04

 AMRCLAW: level  1  CFL = .410E+00  dt = 0.5000E+00  final t = 0.327050E+04
 AMRCLAW: level  1  CFL = .410E+00  dt = 0.5000E+00  final t = 0.327100E+04
 AMRCLAW: level  1  CFL = .410E+00  dt = 0.5000E+00  final t = 0.327150E+04
 AMRCLAW: level  1  CFL = .410E+00  dt = 0.5000E+00  final t = 0.327200E+04
 AMRCLAW: level  1  CFL = .410E+00  dt = 0.5000E+00  final t = 0.327250E+04
 AMRCLAW: level  1  CFL = .410E+00  dt = 0.5000E+00  final t = 0.327300E+04
 AMRCLAW: level  1  CFL = .410E+00  dt = 0.5000E+00  final t = 0.327350E+04
 AMRCLAW: level  1  CFL = .410E+00  dt = 0.5000E+00  final t = 0.327400E+04
 AMRCLAW: level  1  CFL = .410E+00  dt = 0.5000E+00  final t = 0.327450E+04
 AMRCLAW: level  1  CFL = .410E+00  dt = 0.5000E+00  final t = 0.327500E+04
 AMRCLAW: level  1  CFL = .410E+00  dt = 0.5000E+00  final t = 0.327550E+04
 AMRCLAW: level  1  CFL = .410E+00  dt = 0.5000E+00  final t = 0.327600E+04
 AMRCLAW: level  1  CFL = .410E+00  dt = 0.5000E+00  final t = 0.327650E+04
 AMRCLAW: level  1  CFL = .410E+00  dt = 0.5000E+00  final t = 0.327700E+04
 AMRCLAW: level  1  CFL = .410E+00  dt = 0.5000E+00  final t = 0.327750E+04
 AMRCLAW: level  1  CFL = .410E+00  dt = 0.5000E+00  final t = 0.327800E+04
 AMRCLAW: level  1  CFL = .410E+00  dt = 0.5000E+00  final t = 0.327850E+04
 AMRCLAW: level  1  CFL = .410E+00  dt = 0.5000E+00  final t = 0.327900E+04
 AMRCLAW: level  1  CFL = .410E+00  dt = 0.5000E+00  final t = 0.327950E+04
 AMRCLAW: level  1  CFL = .410E+00  dt = 0.5000E+00  final t = 0.328000E+04
 AMRCLAW: level  1  CFL = .410E+00  dt = 0.5000E+00  final t = 0.328050E+04
 AMRCLAW: level  1  CFL = .410E+00  dt = 0.5000E+00  final t = 0.328100E+04
 AMRCLAW: level  1  CFL = .410E+00  dt = 0.5000E+00  final t = 0.328150E+04
 AMRCLAW: level  1  CFL = .410E+00  dt = 0.5000E+00  final t = 0.328200E+04
 AMRCLAW: level  1  CFL = .410E+00  dt = 0.5000E+00  final t = 0.328250E+04
 AMRCLAW: level  1  CFL = .410E+00  dt = 0.5000E+00  final t = 0.328300E+04
 AMRCLAW: level  1  CFL = .410E+00  dt = 0.5000E+00  final t = 0.328350E+04
 AMRCLAW: level  1  CFL = .410E+00  dt = 0.5000E+00  final t = 0.328400E+04
 AMRCLAW: level  1  CFL = .410E+00  dt = 0.5000E+00  final t = 0.328450E+04
 AMRCLAW: level  1  CFL = .410E+00  dt = 0.5000E+00  final t = 0.328500E+04
 AMRCLAW: level  1  CFL = .410E+00  dt = 0.5000E+00  final t = 0.328550E+04
 AMRCLAW: level  1  CFL = .410E+00  dt = 0.5000E+00  final t = 0.328600E+04
 AMRCLAW: level  1  CFL = .410E+00  dt = 0.5000E+00  final t = 0.328650E+04
 AMRCLAW: level  1  CFL = .410E+00  dt = 0.5000E+00  final t = 0.328700E+04
 AMRCLAW: level  1  CFL = .410E+00  dt = 0.5000E+00  final t = 0.328750E+04
 AMRCLAW: level  1  CFL = .410E+00  dt = 0.5000E+00  final t = 0.328800E+04
 AMRCLAW: level  1  CFL = .410E+00  dt = 0.5000E+00  final t = 0.328850E+04
 AMRCLAW: level  1  CFL = .410E+00  dt = 0.5000E+00  final t = 0.328900E+04
 AMRCLAW: level  1  CFL = .410E+00  dt = 0.5000E+00  final t = 0.328950E+04
 AMRCLAW: level  1  CFL = .410E+00  dt = 0.5000E+00  final t = 0.329000E+04
 AMRCLAW: level  1  CFL = .410E+00  dt = 0.5000E+00  final t = 0.329050E+04
 AMRCLAW: level  1  CFL = .410E+00  dt = 0.5000E+00  final t = 0.329100E+04
 AMRCLAW: level  1  CFL = .410E+00  dt = 0.5000E+00  final t = 0.329150E+04
 AMRCLAW: level  1  CFL = .410E+00  dt = 0.5000E+00  final t = 0.329200E+04
 AMRCLAW: level  1  CFL = .410E+00  dt = 0.5000E+00  final t = 0.329250E+04
 AMRCLAW: level  1  CFL = .410E+00  dt = 0.5000E+00  final t = 0.329300E+04
 AMRCLAW: level  1  CFL = .410E+00  dt = 0.5000E+00  final t = 0.329350E+04
 AMRCLAW: level  1  CFL = .410E+00  dt = 0.5000E+00  final t = 0.329400E+04
 AMRCLAW: level  1  CFL = .410E+00  dt = 0.5000E+00  final t = 0.329450E+04
 AMRCLAW: level  1  CFL = .410E+00  dt = 0.5000E+00  final t = 0.329500E+04
 AMRCLAW: level  1  CFL = .410E+00  dt = 0.5000E+00  final t = 0.329550E+04
 AMRCLAW: level  1  CFL = .410E+00  dt = 0.5000E+00  final t = 0.329600E+04
 AMRCLAW: level  1  CFL = .410E+00  dt = 0.5000E+00  final t = 0.329650E+04
 AMRCLAW: level  1  CFL = .410E+00  dt = 0.5000E+00  final t = 0.329700E+04
 AMRCLAW: level  1  CFL = .410E+00  dt = 0.5000E+00  final t = 0.329750E+04
 AMRCLAW: level  1  CFL = .410E+00  dt = 0.5000E+00  final t = 0.329800E+04
 AMRCLAW: level  1  CFL = .410E+00  dt = 0.5000E+00  final t = 0.329850E+04
 AMRCLAW: level  1  CFL = .410E+00  dt = 0.5000E+00  final t = 0.329900E+04
 AMRCLAW: level  1  CFL = .410E+00  dt = 0.5000E+00  final t = 0.329950E+04
 AMRCLAW: level  1  CFL = .410E+00  dt = 0.5000E+00  final t = 0.330000E+04
GEOCLAW: Frame  110 output files done at time t =  0.330000D+04

 AMRCLAW: level  1  CFL = .410E+00  dt = 0.5000E+00  final t = 0.330050E+04
 AMRCLAW: level  1  CFL = .410E+00  dt = 0.5000E+00  final t = 0.330100E+04
 AMRCLAW: level  1  CFL = .410E+00  dt = 0.5000E+00  final t = 0.330150E+04
 AMRCLAW: level  1  CFL = .410E+00  dt = 0.5000E+00  final t = 0.330200E+04
 AMRCLAW: level  1  CFL = .410E+00  dt = 0.5000E+00  final t = 0.330250E+04
 AMRCLAW: level  1  CFL = .410E+00  dt = 0.5000E+00  final t = 0.330300E+04
 AMRCLAW: level  1  CFL = .410E+00  dt = 0.5000E+00  final t = 0.330350E+04
 AMRCLAW: level  1  CFL = .410E+00  dt = 0.5000E+00  final t = 0.330400E+04
 AMRCLAW: level  1  CFL = .410E+00  dt = 0.5000E+00  final t = 0.330450E+04
 AMRCLAW: level  1  CFL = .410E+00  dt = 0.5000E+00  final t = 0.330500E+04
 AMRCLAW: level  1  CFL = .410E+00  dt = 0.5000E+00  final t = 0.330550E+04
 AMRCLAW: level  1  CFL = .410E+00  dt = 0.5000E+00  final t = 0.330600E+04
 AMRCLAW: level  1  CFL = .410E+00  dt = 0.5000E+00  final t = 0.330650E+04
 AMRCLAW: level  1  CFL = .410E+00  dt = 0.5000E+00  final t = 0.330700E+04
 AMRCLAW: level  1  CFL = .410E+00  dt = 0.5000E+00  final t = 0.330750E+04
 AMRCLAW: level  1  CFL = .410E+00  dt = 0.5000E+00  final t = 0.330800E+04
 AMRCLAW: level  1  CFL = .410E+00  dt = 0.5000E+00  final t = 0.330850E+04
 AMRCLAW: level  1  CFL = .410E+00  dt = 0.5000E+00  final t = 0.330900E+04
 AMRCLAW: level  1  CFL = .410E+00  dt = 0.5000E+00  final t = 0.330950E+04
 AMRCLAW: level  1  CFL = .410E+00  dt = 0.5000E+00  final t = 0.331000E+04
 AMRCLAW: level  1  CFL = .410E+00  dt = 0.5000E+00  final t = 0.331050E+04
 AMRCLAW: level  1  CFL = .410E+00  dt = 0.5000E+00  final t = 0.331100E+04
 AMRCLAW: level  1  CFL = .410E+00  dt = 0.5000E+00  final t = 0.331150E+04
 AMRCLAW: level  1  CFL = .410E+00  dt = 0.5000E+00  final t = 0.331200E+04
 AMRCLAW: level  1  CFL = .410E+00  dt = 0.5000E+00  final t = 0.331250E+04
 AMRCLAW: level  1  CFL = .410E+00  dt = 0.5000E+00  final t = 0.331300E+04
 AMRCLAW: level  1  CFL = .410E+00  dt = 0.5000E+00  final t = 0.331350E+04
 AMRCLAW: level  1  CFL = .410E+00  dt = 0.5000E+00  final t = 0.331400E+04
 AMRCLAW: level  1  CFL = .410E+00  dt = 0.5000E+00  final t = 0.331450E+04
 AMRCLAW: level  1  CFL = .410E+00  dt = 0.5000E+00  final t = 0.331500E+04
 AMRCLAW: level  1  CFL = .410E+00  dt = 0.5000E+00  final t = 0.331550E+04
 AMRCLAW: level  1  CFL = .410E+00  dt = 0.5000E+00  final t = 0.331600E+04
 AMRCLAW: level  1  CFL = .410E+00  dt = 0.5000E+00  final t = 0.331650E+04
 AMRCLAW: level  1  CFL = .410E+00  dt = 0.5000E+00  final t = 0.331700E+04
 AMRCLAW: level  1  CFL = .410E+00  dt = 0.5000E+00  final t = 0.331750E+04
 AMRCLAW: level  1  CFL = .410E+00  dt = 0.5000E+00  final t = 0.331800E+04
 AMRCLAW: level  1  CFL = .410E+00  dt = 0.5000E+00  final t = 0.331850E+04
 AMRCLAW: level  1  CFL = .410E+00  dt = 0.5000E+00  final t = 0.331900E+04
 AMRCLAW: level  1  CFL = .410E+00  dt = 0.5000E+00  final t = 0.331950E+04
 AMRCLAW: level  1  CFL = .410E+00  dt = 0.5000E+00  final t = 0.332000E+04
 AMRCLAW: level  1  CFL = .410E+00  dt = 0.5000E+00  final t = 0.332050E+04
 AMRCLAW: level  1  CFL = .410E+00  dt = 0.5000E+00  final t = 0.332100E+04
 AMRCLAW: level  1  CFL = .410E+00  dt = 0.5000E+00  final t = 0.332150E+04
 AMRCLAW: level  1  CFL = .410E+00  dt = 0.5000E+00  final t = 0.332200E+04
 AMRCLAW: level  1  CFL = .410E+00  dt = 0.5000E+00  final t = 0.332250E+04
 AMRCLAW: level  1  CFL = .410E+00  dt = 0.5000E+00  final t = 0.332300E+04
 AMRCLAW: level  1  CFL = .410E+00  dt = 0.5000E+00  final t = 0.332350E+04
 AMRCLAW: level  1  CFL = .410E+00  dt = 0.5000E+00  final t = 0.332400E+04
 AMRCLAW: level  1  CFL = .410E+00  dt = 0.5000E+00  final t = 0.332450E+04
 AMRCLAW: level  1  CFL = .410E+00  dt = 0.5000E+00  final t = 0.332500E+04
 AMRCLAW: level  1  CFL = .410E+00  dt = 0.5000E+00  final t = 0.332550E+04
 AMRCLAW: level  1  CFL = .410E+00  dt = 0.5000E+00  final t = 0.332600E+04
 AMRCLAW: level  1  CFL = .410E+00  dt = 0.5000E+00  final t = 0.332650E+04
 AMRCLAW: level  1  CFL = .410E+00  dt = 0.5000E+00  final t = 0.332700E+04
 AMRCLAW: level  1  CFL = .410E+00  dt = 0.5000E+00  final t = 0.332750E+04
 AMRCLAW: level  1  CFL = .410E+00  dt = 0.5000E+00  final t = 0.332800E+04
 AMRCLAW: level  1  CFL = .410E+00  dt = 0.5000E+00  final t = 0.332850E+04
 AMRCLAW: level  1  CFL = .410E+00  dt = 0.5000E+00  final t = 0.332900E+04
 AMRCLAW: level  1  CFL = .410E+00  dt = 0.5000E+00  final t = 0.332950E+04
 AMRCLAW: level  1  CFL = .410E+00  dt = 0.5000E+00  final t = 0.333000E+04
GEOCLAW: Frame  111 output files done at time t =  0.333000D+04

 AMRCLAW: level  1  CFL = .410E+00  dt = 0.5000E+00  final t = 0.333050E+04
 AMRCLAW: level  1  CFL = .410E+00  dt = 0.5000E+00  final t = 0.333100E+04
 AMRCLAW: level  1  CFL = .410E+00  dt = 0.5000E+00  final t = 0.333150E+04
 AMRCLAW: level  1  CFL = .410E+00  dt = 0.5000E+00  final t = 0.333200E+04
 AMRCLAW: level  1  CFL = .410E+00  dt = 0.5000E+00  final t = 0.333250E+04
 AMRCLAW: level  1  CFL = .410E+00  dt = 0.5000E+00  final t = 0.333300E+04
 AMRCLAW: level  1  CFL = .410E+00  dt = 0.5000E+00  final t = 0.333350E+04
 AMRCLAW: level  1  CFL = .410E+00  dt = 0.5000E+00  final t = 0.333400E+04
 AMRCLAW: level  1  CFL = .410E+00  dt = 0.5000E+00  final t = 0.333450E+04
 AMRCLAW: level  1  CFL = .410E+00  dt = 0.5000E+00  final t = 0.333500E+04
 AMRCLAW: level  1  CFL = .410E+00  dt = 0.5000E+00  final t = 0.333550E+04
 AMRCLAW: level  1  CFL = .410E+00  dt = 0.5000E+00  final t = 0.333600E+04
 AMRCLAW: level  1  CFL = .410E+00  dt = 0.5000E+00  final t = 0.333650E+04
 AMRCLAW: level  1  CFL = .410E+00  dt = 0.5000E+00  final t = 0.333700E+04
 AMRCLAW: level  1  CFL = .410E+00  dt = 0.5000E+00  final t = 0.333750E+04
 AMRCLAW: level  1  CFL = .410E+00  dt = 0.5000E+00  final t = 0.333800E+04
 AMRCLAW: level  1  CFL = .410E+00  dt = 0.5000E+00  final t = 0.333850E+04
 AMRCLAW: level  1  CFL = .410E+00  dt = 0.5000E+00  final t = 0.333900E+04
 AMRCLAW: level  1  CFL = .410E+00  dt = 0.5000E+00  final t = 0.333950E+04
 AMRCLAW: level  1  CFL = .410E+00  dt = 0.5000E+00  final t = 0.334000E+04
 AMRCLAW: level  1  CFL = .410E+00  dt = 0.5000E+00  final t = 0.334050E+04
 AMRCLAW: level  1  CFL = .410E+00  dt = 0.5000E+00  final t = 0.334100E+04
 AMRCLAW: level  1  CFL = .410E+00  dt = 0.5000E+00  final t = 0.334150E+04
 AMRCLAW: level  1  CFL = .410E+00  dt = 0.5000E+00  final t = 0.334200E+04
 AMRCLAW: level  1  CFL = .410E+00  dt = 0.5000E+00  final t = 0.334250E+04
 AMRCLAW: level  1  CFL = .410E+00  dt = 0.5000E+00  final t = 0.334300E+04
 AMRCLAW: level  1  CFL = .410E+00  dt = 0.5000E+00  final t = 0.334350E+04
 AMRCLAW: level  1  CFL = .410E+00  dt = 0.5000E+00  final t = 0.334400E+04
 AMRCLAW: level  1  CFL = .410E+00  dt = 0.5000E+00  final t = 0.334450E+04
 AMRCLAW: level  1  CFL = .410E+00  dt = 0.5000E+00  final t = 0.334500E+04
 AMRCLAW: level  1  CFL = .410E+00  dt = 0.5000E+00  final t = 0.334550E+04
 AMRCLAW: level  1  CFL = .410E+00  dt = 0.5000E+00  final t = 0.334600E+04
 AMRCLAW: level  1  CFL = .410E+00  dt = 0.5000E+00  final t = 0.334650E+04
 AMRCLAW: level  1  CFL = .410E+00  dt = 0.5000E+00  final t = 0.334700E+04
 AMRCLAW: level  1  CFL = .410E+00  dt = 0.5000E+00  final t = 0.334750E+04
 AMRCLAW: level  1  CFL = .410E+00  dt = 0.5000E+00  final t = 0.334800E+04
 AMRCLAW: level  1  CFL = .410E+00  dt = 0.5000E+00  final t = 0.334850E+04
 AMRCLAW: level  1  CFL = .410E+00  dt = 0.5000E+00  final t = 0.334900E+04
 AMRCLAW: level  1  CFL = .410E+00  dt = 0.5000E+00  final t = 0.334950E+04
 AMRCLAW: level  1  CFL = .410E+00  dt = 0.5000E+00  final t = 0.335000E+04
 AMRCLAW: level  1  CFL = .410E+00  dt = 0.5000E+00  final t = 0.335050E+04
 AMRCLAW: level  1  CFL = .410E+00  dt = 0.5000E+00  final t = 0.335100E+04
 AMRCLAW: level  1  CFL = .410E+00  dt = 0.5000E+00  final t = 0.335150E+04
 AMRCLAW: level  1  CFL = .410E+00  dt = 0.5000E+00  final t = 0.335200E+04
 AMRCLAW: level  1  CFL = .410E+00  dt = 0.5000E+00  final t = 0.335250E+04
 AMRCLAW: level  1  CFL = .410E+00  dt = 0.5000E+00  final t = 0.335300E+04
 AMRCLAW: level  1  CFL = .410E+00  dt = 0.5000E+00  final t = 0.335350E+04
 AMRCLAW: level  1  CFL = .410E+00  dt = 0.5000E+00  final t = 0.335400E+04
 AMRCLAW: level  1  CFL = .410E+00  dt = 0.5000E+00  final t = 0.335450E+04
 AMRCLAW: level  1  CFL = .410E+00  dt = 0.5000E+00  final t = 0.335500E+04
 AMRCLAW: level  1  CFL = .410E+00  dt = 0.5000E+00  final t = 0.335550E+04
 AMRCLAW: level  1  CFL = .410E+00  dt = 0.5000E+00  final t = 0.335600E+04
 AMRCLAW: level  1  CFL = .410E+00  dt = 0.5000E+00  final t = 0.335650E+04
 AMRCLAW: level  1  CFL = .410E+00  dt = 0.5000E+00  final t = 0.335700E+04
 AMRCLAW: level  1  CFL = .410E+00  dt = 0.5000E+00  final t = 0.335750E+04
 AMRCLAW: level  1  CFL = .410E+00  dt = 0.5000E+00  final t = 0.335800E+04
 AMRCLAW: level  1  CFL = .410E+00  dt = 0.5000E+00  final t = 0.335850E+04
 AMRCLAW: level  1  CFL = .410E+00  dt = 0.5000E+00  final t = 0.335900E+04
 AMRCLAW: level  1  CFL = .410E+00  dt = 0.5000E+00  final t = 0.335950E+04
 AMRCLAW: level  1  CFL = .410E+00  dt = 0.5000E+00  final t = 0.336000E+04
GEOCLAW: Frame  112 output files done at time t =  0.336000D+04

 AMRCLAW: level  1  CFL = .410E+00  dt = 0.5000E+00  final t = 0.336050E+04
 AMRCLAW: level  1  CFL = .410E+00  dt = 0.5000E+00  final t = 0.336100E+04
 AMRCLAW: level  1  CFL = .410E+00  dt = 0.5000E+00  final t = 0.336150E+04
 AMRCLAW: level  1  CFL = .410E+00  dt = 0.5000E+00  final t = 0.336200E+04
 AMRCLAW: level  1  CFL = .409E+00  dt = 0.5000E+00  final t = 0.336250E+04
 AMRCLAW: level  1  CFL = .409E+00  dt = 0.5000E+00  final t = 0.336300E+04
 AMRCLAW: level  1  CFL = .409E+00  dt = 0.5000E+00  final t = 0.336350E+04
 AMRCLAW: level  1  CFL = .409E+00  dt = 0.5000E+00  final t = 0.336400E+04
 AMRCLAW: level  1  CFL = .409E+00  dt = 0.5000E+00  final t = 0.336450E+04
 AMRCLAW: level  1  CFL = .409E+00  dt = 0.5000E+00  final t = 0.336500E+04
 AMRCLAW: level  1  CFL = .409E+00  dt = 0.5000E+00  final t = 0.336550E+04
 AMRCLAW: level  1  CFL = .409E+00  dt = 0.5000E+00  final t = 0.336600E+04
 AMRCLAW: level  1  CFL = .409E+00  dt = 0.5000E+00  final t = 0.336650E+04
 AMRCLAW: level  1  CFL = .409E+00  dt = 0.5000E+00  final t = 0.336700E+04
 AMRCLAW: level  1  CFL = .409E+00  dt = 0.5000E+00  final t = 0.336750E+04
 AMRCLAW: level  1  CFL = .409E+00  dt = 0.5000E+00  final t = 0.336800E+04
 AMRCLAW: level  1  CFL = .409E+00  dt = 0.5000E+00  final t = 0.336850E+04
 AMRCLAW: level  1  CFL = .409E+00  dt = 0.5000E+00  final t = 0.336900E+04
 AMRCLAW: level  1  CFL = .409E+00  dt = 0.5000E+00  final t = 0.336950E+04
 AMRCLAW: level  1  CFL = .409E+00  dt = 0.5000E+00  final t = 0.337000E+04
 AMRCLAW: level  1  CFL = .409E+00  dt = 0.5000E+00  final t = 0.337050E+04
 AMRCLAW: level  1  CFL = .409E+00  dt = 0.5000E+00  final t = 0.337100E+04
 AMRCLAW: level  1  CFL = .409E+00  dt = 0.5000E+00  final t = 0.337150E+04
 AMRCLAW: level  1  CFL = .409E+00  dt = 0.5000E+00  final t = 0.337200E+04
 AMRCLAW: level  1  CFL = .409E+00  dt = 0.5000E+00  final t = 0.337250E+04
 AMRCLAW: level  1  CFL = .409E+00  dt = 0.5000E+00  final t = 0.337300E+04
 AMRCLAW: level  1  CFL = .409E+00  dt = 0.5000E+00  final t = 0.337350E+04
 AMRCLAW: level  1  CFL = .409E+00  dt = 0.5000E+00  final t = 0.337400E+04
 AMRCLAW: level  1  CFL = .409E+00  dt = 0.5000E+00  final t = 0.337450E+04
 AMRCLAW: level  1  CFL = .409E+00  dt = 0.5000E+00  final t = 0.337500E+04
 AMRCLAW: level  1  CFL = .409E+00  dt = 0.5000E+00  final t = 0.337550E+04
 AMRCLAW: level  1  CFL = .409E+00  dt = 0.5000E+00  final t = 0.337600E+04
 AMRCLAW: level  1  CFL = .409E+00  dt = 0.5000E+00  final t = 0.337650E+04
 AMRCLAW: level  1  CFL = .409E+00  dt = 0.5000E+00  final t = 0.337700E+04
 AMRCLAW: level  1  CFL = .409E+00  dt = 0.5000E+00  final t = 0.337750E+04
 AMRCLAW: level  1  CFL = .409E+00  dt = 0.5000E+00  final t = 0.337800E+04
 AMRCLAW: level  1  CFL = .409E+00  dt = 0.5000E+00  final t = 0.337850E+04
 AMRCLAW: level  1  CFL = .409E+00  dt = 0.5000E+00  final t = 0.337900E+04
 AMRCLAW: level  1  CFL = .409E+00  dt = 0.5000E+00  final t = 0.337950E+04
 AMRCLAW: level  1  CFL = .409E+00  dt = 0.5000E+00  final t = 0.338000E+04
 AMRCLAW: level  1  CFL = .409E+00  dt = 0.5000E+00  final t = 0.338050E+04
 AMRCLAW: level  1  CFL = .409E+00  dt = 0.5000E+00  final t = 0.338100E+04
 AMRCLAW: level  1  CFL = .409E+00  dt = 0.5000E+00  final t = 0.338150E+04
 AMRCLAW: level  1  CFL = .409E+00  dt = 0.5000E+00  final t = 0.338200E+04
 AMRCLAW: level  1  CFL = .409E+00  dt = 0.5000E+00  final t = 0.338250E+04
 AMRCLAW: level  1  CFL = .409E+00  dt = 0.5000E+00  final t = 0.338300E+04
 AMRCLAW: level  1  CFL = .409E+00  dt = 0.5000E+00  final t = 0.338350E+04
 AMRCLAW: level  1  CFL = .409E+00  dt = 0.5000E+00  final t = 0.338400E+04
 AMRCLAW: level  1  CFL = .409E+00  dt = 0.5000E+00  final t = 0.338450E+04
 AMRCLAW: level  1  CFL = .409E+00  dt = 0.5000E+00  final t = 0.338500E+04
 AMRCLAW: level  1  CFL = .409E+00  dt = 0.5000E+00  final t = 0.338550E+04
 AMRCLAW: level  1  CFL = .409E+00  dt = 0.5000E+00  final t = 0.338600E+04
 AMRCLAW: level  1  CFL = .409E+00  dt = 0.5000E+00  final t = 0.338650E+04
 AMRCLAW: level  1  CFL = .409E+00  dt = 0.5000E+00  final t = 0.338700E+04
 AMRCLAW: level  1  CFL = .409E+00  dt = 0.5000E+00  final t = 0.338750E+04
 AMRCLAW: level  1  CFL = .409E+00  dt = 0.5000E+00  final t = 0.338800E+04
 AMRCLAW: level  1  CFL = .409E+00  dt = 0.5000E+00  final t = 0.338850E+04
 AMRCLAW: level  1  CFL = .409E+00  dt = 0.5000E+00  final t = 0.338900E+04
 AMRCLAW: level  1  CFL = .409E+00  dt = 0.5000E+00  final t = 0.338950E+04
 AMRCLAW: level  1  CFL = .409E+00  dt = 0.5000E+00  final t = 0.339000E+04
GEOCLAW: Frame  113 output files done at time t =  0.339000D+04

 AMRCLAW: level  1  CFL = .409E+00  dt = 0.5000E+00  final t = 0.339050E+04
 AMRCLAW: level  1  CFL = .409E+00  dt = 0.5000E+00  final t = 0.339100E+04
 AMRCLAW: level  1  CFL = .409E+00  dt = 0.5000E+00  final t = 0.339150E+04
 AMRCLAW: level  1  CFL = .409E+00  dt = 0.5000E+00  final t = 0.339200E+04
 AMRCLAW: level  1  CFL = .409E+00  dt = 0.5000E+00  final t = 0.339250E+04
 AMRCLAW: level  1  CFL = .409E+00  dt = 0.5000E+00  final t = 0.339300E+04
 AMRCLAW: level  1  CFL = .409E+00  dt = 0.5000E+00  final t = 0.339350E+04
 AMRCLAW: level  1  CFL = .409E+00  dt = 0.5000E+00  final t = 0.339400E+04
 AMRCLAW: level  1  CFL = .409E+00  dt = 0.5000E+00  final t = 0.339450E+04
 AMRCLAW: level  1  CFL = .409E+00  dt = 0.5000E+00  final t = 0.339500E+04
 AMRCLAW: level  1  CFL = .409E+00  dt = 0.5000E+00  final t = 0.339550E+04
 AMRCLAW: level  1  CFL = .409E+00  dt = 0.5000E+00  final t = 0.339600E+04
 AMRCLAW: level  1  CFL = .409E+00  dt = 0.5000E+00  final t = 0.339650E+04
 AMRCLAW: level  1  CFL = .409E+00  dt = 0.5000E+00  final t = 0.339700E+04
 AMRCLAW: level  1  CFL = .409E+00  dt = 0.5000E+00  final t = 0.339750E+04
 AMRCLAW: level  1  CFL = .409E+00  dt = 0.5000E+00  final t = 0.339800E+04
 AMRCLAW: level  1  CFL = .409E+00  dt = 0.5000E+00  final t = 0.339850E+04
 AMRCLAW: level  1  CFL = .409E+00  dt = 0.5000E+00  final t = 0.339900E+04
 AMRCLAW: level  1  CFL = .409E+00  dt = 0.5000E+00  final t = 0.339950E+04
 AMRCLAW: level  1  CFL = .409E+00  dt = 0.5000E+00  final t = 0.340000E+04
 AMRCLAW: level  1  CFL = .409E+00  dt = 0.5000E+00  final t = 0.340050E+04
 AMRCLAW: level  1  CFL = .409E+00  dt = 0.5000E+00  final t = 0.340100E+04
 AMRCLAW: level  1  CFL = .409E+00  dt = 0.5000E+00  final t = 0.340150E+04
 AMRCLAW: level  1  CFL = .409E+00  dt = 0.5000E+00  final t = 0.340200E+04
 AMRCLAW: level  1  CFL = .409E+00  dt = 0.5000E+00  final t = 0.340250E+04
 AMRCLAW: level  1  CFL = .409E+00  dt = 0.5000E+00  final t = 0.340300E+04
 AMRCLAW: level  1  CFL = .409E+00  dt = 0.5000E+00  final t = 0.340350E+04
 AMRCLAW: level  1  CFL = .409E+00  dt = 0.5000E+00  final t = 0.340400E+04
 AMRCLAW: level  1  CFL = .409E+00  dt = 0.5000E+00  final t = 0.340450E+04
 AMRCLAW: level  1  CFL = .409E+00  dt = 0.5000E+00  final t = 0.340500E+04
 AMRCLAW: level  1  CFL = .409E+00  dt = 0.5000E+00  final t = 0.340550E+04
 AMRCLAW: level  1  CFL = .409E+00  dt = 0.5000E+00  final t = 0.340600E+04
 AMRCLAW: level  1  CFL = .409E+00  dt = 0.5000E+00  final t = 0.340650E+04
 AMRCLAW: level  1  CFL = .409E+00  dt = 0.5000E+00  final t = 0.340700E+04
 AMRCLAW: level  1  CFL = .409E+00  dt = 0.5000E+00  final t = 0.340750E+04
 AMRCLAW: level  1  CFL = .409E+00  dt = 0.5000E+00  final t = 0.340800E+04
 AMRCLAW: level  1  CFL = .409E+00  dt = 0.5000E+00  final t = 0.340850E+04
 AMRCLAW: level  1  CFL = .409E+00  dt = 0.5000E+00  final t = 0.340900E+04
 AMRCLAW: level  1  CFL = .409E+00  dt = 0.5000E+00  final t = 0.340950E+04
 AMRCLAW: level  1  CFL = .409E+00  dt = 0.5000E+00  final t = 0.341000E+04
 AMRCLAW: level  1  CFL = .409E+00  dt = 0.5000E+00  final t = 0.341050E+04
 AMRCLAW: level  1  CFL = .409E+00  dt = 0.5000E+00  final t = 0.341100E+04
 AMRCLAW: level  1  CFL = .409E+00  dt = 0.5000E+00  final t = 0.341150E+04
 AMRCLAW: level  1  CFL = .409E+00  dt = 0.5000E+00  final t = 0.341200E+04
 AMRCLAW: level  1  CFL = .409E+00  dt = 0.5000E+00  final t = 0.341250E+04
 AMRCLAW: level  1  CFL = .409E+00  dt = 0.5000E+00  final t = 0.341300E+04
 AMRCLAW: level  1  CFL = .409E+00  dt = 0.5000E+00  final t = 0.341350E+04
 AMRCLAW: level  1  CFL = .409E+00  dt = 0.5000E+00  final t = 0.341400E+04
 AMRCLAW: level  1  CFL = .409E+00  dt = 0.5000E+00  final t = 0.341450E+04
 AMRCLAW: level  1  CFL = .409E+00  dt = 0.5000E+00  final t = 0.341500E+04
 AMRCLAW: level  1  CFL = .409E+00  dt = 0.5000E+00  final t = 0.341550E+04
 AMRCLAW: level  1  CFL = .409E+00  dt = 0.5000E+00  final t = 0.341600E+04
 AMRCLAW: level  1  CFL = .409E+00  dt = 0.5000E+00  final t = 0.341650E+04
 AMRCLAW: level  1  CFL = .409E+00  dt = 0.5000E+00  final t = 0.341700E+04
 AMRCLAW: level  1  CFL = .409E+00  dt = 0.5000E+00  final t = 0.341750E+04
 AMRCLAW: level  1  CFL = .409E+00  dt = 0.5000E+00  final t = 0.341800E+04
 AMRCLAW: level  1  CFL = .409E+00  dt = 0.5000E+00  final t = 0.341850E+04
 AMRCLAW: level  1  CFL = .409E+00  dt = 0.5000E+00  final t = 0.341900E+04
 AMRCLAW: level  1  CFL = .409E+00  dt = 0.5000E+00  final t = 0.341950E+04
 AMRCLAW: level  1  CFL = .409E+00  dt = 0.5000E+00  final t = 0.342000E+04
GEOCLAW: Frame  114 output files done at time t =  0.342000D+04

 AMRCLAW: level  1  CFL = .409E+00  dt = 0.5000E+00  final t = 0.342050E+04
 AMRCLAW: level  1  CFL = .409E+00  dt = 0.5000E+00  final t = 0.342100E+04
 AMRCLAW: level  1  CFL = .409E+00  dt = 0.5000E+00  final t = 0.342150E+04
 AMRCLAW: level  1  CFL = .409E+00  dt = 0.5000E+00  final t = 0.342200E+04
 AMRCLAW: level  1  CFL = .409E+00  dt = 0.5000E+00  final t = 0.342250E+04
 AMRCLAW: level  1  CFL = .409E+00  dt = 0.5000E+00  final t = 0.342300E+04
 AMRCLAW: level  1  CFL = .409E+00  dt = 0.5000E+00  final t = 0.342350E+04
 AMRCLAW: level  1  CFL = .409E+00  dt = 0.5000E+00  final t = 0.342400E+04
 AMRCLAW: level  1  CFL = .409E+00  dt = 0.5000E+00  final t = 0.342450E+04
 AMRCLAW: level  1  CFL = .409E+00  dt = 0.5000E+00  final t = 0.342500E+04
 AMRCLAW: level  1  CFL = .409E+00  dt = 0.5000E+00  final t = 0.342550E+04
 AMRCLAW: level  1  CFL = .409E+00  dt = 0.5000E+00  final t = 0.342600E+04
 AMRCLAW: level  1  CFL = .409E+00  dt = 0.5000E+00  final t = 0.342650E+04
 AMRCLAW: level  1  CFL = .409E+00  dt = 0.5000E+00  final t = 0.342700E+04
 AMRCLAW: level  1  CFL = .409E+00  dt = 0.5000E+00  final t = 0.342750E+04
 AMRCLAW: level  1  CFL = .409E+00  dt = 0.5000E+00  final t = 0.342800E+04
 AMRCLAW: level  1  CFL = .409E+00  dt = 0.5000E+00  final t = 0.342850E+04
 AMRCLAW: level  1  CFL = .409E+00  dt = 0.5000E+00  final t = 0.342900E+04
 AMRCLAW: level  1  CFL = .409E+00  dt = 0.5000E+00  final t = 0.342950E+04
 AMRCLAW: level  1  CFL = .409E+00  dt = 0.5000E+00  final t = 0.343000E+04
 AMRCLAW: level  1  CFL = .409E+00  dt = 0.5000E+00  final t = 0.343050E+04
 AMRCLAW: level  1  CFL = .409E+00  dt = 0.5000E+00  final t = 0.343100E+04
 AMRCLAW: level  1  CFL = .409E+00  dt = 0.5000E+00  final t = 0.343150E+04
 AMRCLAW: level  1  CFL = .409E+00  dt = 0.5000E+00  final t = 0.343200E+04
 AMRCLAW: level  1  CFL = .409E+00  dt = 0.5000E+00  final t = 0.343250E+04
 AMRCLAW: level  1  CFL = .409E+00  dt = 0.5000E+00  final t = 0.343300E+04
 AMRCLAW: level  1  CFL = .409E+00  dt = 0.5000E+00  final t = 0.343350E+04
 AMRCLAW: level  1  CFL = .409E+00  dt = 0.5000E+00  final t = 0.343400E+04
 AMRCLAW: level  1  CFL = .409E+00  dt = 0.5000E+00  final t = 0.343450E+04
 AMRCLAW: level  1  CFL = .409E+00  dt = 0.5000E+00  final t = 0.343500E+04
 AMRCLAW: level  1  CFL = .409E+00  dt = 0.5000E+00  final t = 0.343550E+04
 AMRCLAW: level  1  CFL = .409E+00  dt = 0.5000E+00  final t = 0.343600E+04
 AMRCLAW: level  1  CFL = .409E+00  dt = 0.5000E+00  final t = 0.343650E+04
 AMRCLAW: level  1  CFL = .409E+00  dt = 0.5000E+00  final t = 0.343700E+04
 AMRCLAW: level  1  CFL = .409E+00  dt = 0.5000E+00  final t = 0.343750E+04
 AMRCLAW: level  1  CFL = .409E+00  dt = 0.5000E+00  final t = 0.343800E+04
 AMRCLAW: level  1  CFL = .409E+00  dt = 0.5000E+00  final t = 0.343850E+04
 AMRCLAW: level  1  CFL = .409E+00  dt = 0.5000E+00  final t = 0.343900E+04
 AMRCLAW: level  1  CFL = .409E+00  dt = 0.5000E+00  final t = 0.343950E+04
 AMRCLAW: level  1  CFL = .409E+00  dt = 0.5000E+00  final t = 0.344000E+04
 AMRCLAW: level  1  CFL = .409E+00  dt = 0.5000E+00  final t = 0.344050E+04
 AMRCLAW: level  1  CFL = .409E+00  dt = 0.5000E+00  final t = 0.344100E+04
 AMRCLAW: level  1  CFL = .409E+00  dt = 0.5000E+00  final t = 0.344150E+04
 AMRCLAW: level  1  CFL = .409E+00  dt = 0.5000E+00  final t = 0.344200E+04
 AMRCLAW: level  1  CFL = .409E+00  dt = 0.5000E+00  final t = 0.344250E+04
 AMRCLAW: level  1  CFL = .409E+00  dt = 0.5000E+00  final t = 0.344300E+04
 AMRCLAW: level  1  CFL = .409E+00  dt = 0.5000E+00  final t = 0.344350E+04
 AMRCLAW: level  1  CFL = .409E+00  dt = 0.5000E+00  final t = 0.344400E+04
 AMRCLAW: level  1  CFL = .409E+00  dt = 0.5000E+00  final t = 0.344450E+04
 AMRCLAW: level  1  CFL = .409E+00  dt = 0.5000E+00  final t = 0.344500E+04
 AMRCLAW: level  1  CFL = .409E+00  dt = 0.5000E+00  final t = 0.344550E+04
 AMRCLAW: level  1  CFL = .409E+00  dt = 0.5000E+00  final t = 0.344600E+04
 AMRCLAW: level  1  CFL = .409E+00  dt = 0.5000E+00  final t = 0.344650E+04
 AMRCLAW: level  1  CFL = .409E+00  dt = 0.5000E+00  final t = 0.344700E+04
 AMRCLAW: level  1  CFL = .409E+00  dt = 0.5000E+00  final t = 0.344750E+04
 AMRCLAW: level  1  CFL = .409E+00  dt = 0.5000E+00  final t = 0.344800E+04
 AMRCLAW: level  1  CFL = .409E+00  dt = 0.5000E+00  final t = 0.344850E+04
 AMRCLAW: level  1  CFL = .409E+00  dt = 0.5000E+00  final t = 0.344900E+04
 AMRCLAW: level  1  CFL = .409E+00  dt = 0.5000E+00  final t = 0.344950E+04
 AMRCLAW: level  1  CFL = .409E+00  dt = 0.5000E+00  final t = 0.345000E+04
GEOCLAW: Frame  115 output files done at time t =  0.345000D+04

 AMRCLAW: level  1  CFL = .409E+00  dt = 0.5000E+00  final t = 0.345050E+04
 AMRCLAW: level  1  CFL = .409E+00  dt = 0.5000E+00  final t = 0.345100E+04
 AMRCLAW: level  1  CFL = .409E+00  dt = 0.5000E+00  final t = 0.345150E+04
 AMRCLAW: level  1  CFL = .409E+00  dt = 0.5000E+00  final t = 0.345200E+04
 AMRCLAW: level  1  CFL = .409E+00  dt = 0.5000E+00  final t = 0.345250E+04
 AMRCLAW: level  1  CFL = .409E+00  dt = 0.5000E+00  final t = 0.345300E+04
 AMRCLAW: level  1  CFL = .409E+00  dt = 0.5000E+00  final t = 0.345350E+04
 AMRCLAW: level  1  CFL = .409E+00  dt = 0.5000E+00  final t = 0.345400E+04
 AMRCLAW: level  1  CFL = .409E+00  dt = 0.5000E+00  final t = 0.345450E+04
 AMRCLAW: level  1  CFL = .409E+00  dt = 0.5000E+00  final t = 0.345500E+04
 AMRCLAW: level  1  CFL = .409E+00  dt = 0.5000E+00  final t = 0.345550E+04
 AMRCLAW: level  1  CFL = .409E+00  dt = 0.5000E+00  final t = 0.345600E+04
 AMRCLAW: level  1  CFL = .409E+00  dt = 0.5000E+00  final t = 0.345650E+04
 AMRCLAW: level  1  CFL = .409E+00  dt = 0.5000E+00  final t = 0.345700E+04
 AMRCLAW: level  1  CFL = .409E+00  dt = 0.5000E+00  final t = 0.345750E+04
 AMRCLAW: level  1  CFL = .409E+00  dt = 0.5000E+00  final t = 0.345800E+04
 AMRCLAW: level  1  CFL = .409E+00  dt = 0.5000E+00  final t = 0.345850E+04
 AMRCLAW: level  1  CFL = .409E+00  dt = 0.5000E+00  final t = 0.345900E+04
 AMRCLAW: level  1  CFL = .409E+00  dt = 0.5000E+00  final t = 0.345950E+04
 AMRCLAW: level  1  CFL = .409E+00  dt = 0.5000E+00  final t = 0.346000E+04
 AMRCLAW: level  1  CFL = .409E+00  dt = 0.5000E+00  final t = 0.346050E+04
 AMRCLAW: level  1  CFL = .409E+00  dt = 0.5000E+00  final t = 0.346100E+04
 AMRCLAW: level  1  CFL = .409E+00  dt = 0.5000E+00  final t = 0.346150E+04
 AMRCLAW: level  1  CFL = .409E+00  dt = 0.5000E+00  final t = 0.346200E+04
 AMRCLAW: level  1  CFL = .409E+00  dt = 0.5000E+00  final t = 0.346250E+04
 AMRCLAW: level  1  CFL = .409E+00  dt = 0.5000E+00  final t = 0.346300E+04
 AMRCLAW: level  1  CFL = .409E+00  dt = 0.5000E+00  final t = 0.346350E+04
 AMRCLAW: level  1  CFL = .409E+00  dt = 0.5000E+00  final t = 0.346400E+04
 AMRCLAW: level  1  CFL = .409E+00  dt = 0.5000E+00  final t = 0.346450E+04
 AMRCLAW: level  1  CFL = .409E+00  dt = 0.5000E+00  final t = 0.346500E+04
 AMRCLAW: level  1  CFL = .409E+00  dt = 0.5000E+00  final t = 0.346550E+04
 AMRCLAW: level  1  CFL = .409E+00  dt = 0.5000E+00  final t = 0.346600E+04
 AMRCLAW: level  1  CFL = .409E+00  dt = 0.5000E+00  final t = 0.346650E+04
 AMRCLAW: level  1  CFL = .409E+00  dt = 0.5000E+00  final t = 0.346700E+04
 AMRCLAW: level  1  CFL = .409E+00  dt = 0.5000E+00  final t = 0.346750E+04
 AMRCLAW: level  1  CFL = .409E+00  dt = 0.5000E+00  final t = 0.346800E+04
 AMRCLAW: level  1  CFL = .409E+00  dt = 0.5000E+00  final t = 0.346850E+04
 AMRCLAW: level  1  CFL = .409E+00  dt = 0.5000E+00  final t = 0.346900E+04
 AMRCLAW: level  1  CFL = .409E+00  dt = 0.5000E+00  final t = 0.346950E+04
 AMRCLAW: level  1  CFL = .409E+00  dt = 0.5000E+00  final t = 0.347000E+04
 AMRCLAW: level  1  CFL = .409E+00  dt = 0.5000E+00  final t = 0.347050E+04
 AMRCLAW: level  1  CFL = .409E+00  dt = 0.5000E+00  final t = 0.347100E+04
 AMRCLAW: level  1  CFL = .409E+00  dt = 0.5000E+00  final t = 0.347150E+04
 AMRCLAW: level  1  CFL = .409E+00  dt = 0.5000E+00  final t = 0.347200E+04
 AMRCLAW: level  1  CFL = .409E+00  dt = 0.5000E+00  final t = 0.347250E+04
 AMRCLAW: level  1  CFL = .409E+00  dt = 0.5000E+00  final t = 0.347300E+04
 AMRCLAW: level  1  CFL = .409E+00  dt = 0.5000E+00  final t = 0.347350E+04
 AMRCLAW: level  1  CFL = .409E+00  dt = 0.5000E+00  final t = 0.347400E+04
 AMRCLAW: level  1  CFL = .409E+00  dt = 0.5000E+00  final t = 0.347450E+04
 AMRCLAW: level  1  CFL = .409E+00  dt = 0.5000E+00  final t = 0.347500E+04
 AMRCLAW: level  1  CFL = .408E+00  dt = 0.5000E+00  final t = 0.347550E+04
 AMRCLAW: level  1  CFL = .408E+00  dt = 0.5000E+00  final t = 0.347600E+04
 AMRCLAW: level  1  CFL = .408E+00  dt = 0.5000E+00  final t = 0.347650E+04
 AMRCLAW: level  1  CFL = .408E+00  dt = 0.5000E+00  final t = 0.347700E+04
 AMRCLAW: level  1  CFL = .408E+00  dt = 0.5000E+00  final t = 0.347750E+04
 AMRCLAW: level  1  CFL = .408E+00  dt = 0.5000E+00  final t = 0.347800E+04
 AMRCLAW: level  1  CFL = .408E+00  dt = 0.5000E+00  final t = 0.347850E+04
 AMRCLAW: level  1  CFL = .408E+00  dt = 0.5000E+00  final t = 0.347900E+04
 AMRCLAW: level  1  CFL = .408E+00  dt = 0.5000E+00  final t = 0.347950E+04
 AMRCLAW: level  1  CFL = .408E+00  dt = 0.5000E+00  final t = 0.348000E+04
GEOCLAW: Frame  116 output files done at time t =  0.348000D+04

 AMRCLAW: level  1  CFL = .408E+00  dt = 0.5000E+00  final t = 0.348050E+04
 AMRCLAW: level  1  CFL = .408E+00  dt = 0.5000E+00  final t = 0.348100E+04
 AMRCLAW: level  1  CFL = .408E+00  dt = 0.5000E+00  final t = 0.348150E+04
 AMRCLAW: level  1  CFL = .408E+00  dt = 0.5000E+00  final t = 0.348200E+04
 AMRCLAW: level  1  CFL = .408E+00  dt = 0.5000E+00  final t = 0.348250E+04
 AMRCLAW: level  1  CFL = .408E+00  dt = 0.5000E+00  final t = 0.348300E+04
 AMRCLAW: level  1  CFL = .408E+00  dt = 0.5000E+00  final t = 0.348350E+04
 AMRCLAW: level  1  CFL = .408E+00  dt = 0.5000E+00  final t = 0.348400E+04
 AMRCLAW: level  1  CFL = .408E+00  dt = 0.5000E+00  final t = 0.348450E+04
 AMRCLAW: level  1  CFL = .408E+00  dt = 0.5000E+00  final t = 0.348500E+04
 AMRCLAW: level  1  CFL = .408E+00  dt = 0.5000E+00  final t = 0.348550E+04
 AMRCLAW: level  1  CFL = .408E+00  dt = 0.5000E+00  final t = 0.348600E+04
 AMRCLAW: level  1  CFL = .408E+00  dt = 0.5000E+00  final t = 0.348650E+04
 AMRCLAW: level  1  CFL = .408E+00  dt = 0.5000E+00  final t = 0.348700E+04
 AMRCLAW: level  1  CFL = .408E+00  dt = 0.5000E+00  final t = 0.348750E+04
 AMRCLAW: level  1  CFL = .408E+00  dt = 0.5000E+00  final t = 0.348800E+04
 AMRCLAW: level  1  CFL = .408E+00  dt = 0.5000E+00  final t = 0.348850E+04
 AMRCLAW: level  1  CFL = .408E+00  dt = 0.5000E+00  final t = 0.348900E+04
 AMRCLAW: level  1  CFL = .408E+00  dt = 0.5000E+00  final t = 0.348950E+04
 AMRCLAW: level  1  CFL = .409E+00  dt = 0.5000E+00  final t = 0.349000E+04
 AMRCLAW: level  1  CFL = .409E+00  dt = 0.5000E+00  final t = 0.349050E+04
 AMRCLAW: level  1  CFL = .409E+00  dt = 0.5000E+00  final t = 0.349100E+04
 AMRCLAW: level  1  CFL = .409E+00  dt = 0.5000E+00  final t = 0.349150E+04
 AMRCLAW: level  1  CFL = .409E+00  dt = 0.5000E+00  final t = 0.349200E+04
 AMRCLAW: level  1  CFL = .409E+00  dt = 0.5000E+00  final t = 0.349250E+04
 AMRCLAW: level  1  CFL = .409E+00  dt = 0.5000E+00  final t = 0.349300E+04
 AMRCLAW: level  1  CFL = .409E+00  dt = 0.5000E+00  final t = 0.349350E+04
 AMRCLAW: level  1  CFL = .409E+00  dt = 0.5000E+00  final t = 0.349400E+04
 AMRCLAW: level  1  CFL = .409E+00  dt = 0.5000E+00  final t = 0.349450E+04
 AMRCLAW: level  1  CFL = .409E+00  dt = 0.5000E+00  final t = 0.349500E+04
 AMRCLAW: level  1  CFL = .409E+00  dt = 0.5000E+00  final t = 0.349550E+04
 AMRCLAW: level  1  CFL = .409E+00  dt = 0.5000E+00  final t = 0.349600E+04
 AMRCLAW: level  1  CFL = .409E+00  dt = 0.5000E+00  final t = 0.349650E+04
 AMRCLAW: level  1  CFL = .409E+00  dt = 0.5000E+00  final t = 0.349700E+04
 AMRCLAW: level  1  CFL = .409E+00  dt = 0.5000E+00  final t = 0.349750E+04
 AMRCLAW: level  1  CFL = .409E+00  dt = 0.5000E+00  final t = 0.349800E+04
 AMRCLAW: level  1  CFL = .409E+00  dt = 0.5000E+00  final t = 0.349850E+04
 AMRCLAW: level  1  CFL = .409E+00  dt = 0.5000E+00  final t = 0.349900E+04
 AMRCLAW: level  1  CFL = .409E+00  dt = 0.5000E+00  final t = 0.349950E+04
 AMRCLAW: level  1  CFL = .409E+00  dt = 0.5000E+00  final t = 0.350000E+04
 AMRCLAW: level  1  CFL = .409E+00  dt = 0.5000E+00  final t = 0.350050E+04
 AMRCLAW: level  1  CFL = .409E+00  dt = 0.5000E+00  final t = 0.350100E+04
 AMRCLAW: level  1  CFL = .408E+00  dt = 0.5000E+00  final t = 0.350150E+04
 AMRCLAW: level  1  CFL = .408E+00  dt = 0.5000E+00  final t = 0.350200E+04
 AMRCLAW: level  1  CFL = .408E+00  dt = 0.5000E+00  final t = 0.350250E+04
 AMRCLAW: level  1  CFL = .408E+00  dt = 0.5000E+00  final t = 0.350300E+04
 AMRCLAW: level  1  CFL = .408E+00  dt = 0.5000E+00  final t = 0.350350E+04
 AMRCLAW: level  1  CFL = .408E+00  dt = 0.5000E+00  final t = 0.350400E+04
 AMRCLAW: level  1  CFL = .408E+00  dt = 0.5000E+00  final t = 0.350450E+04
 AMRCLAW: level  1  CFL = .408E+00  dt = 0.5000E+00  final t = 0.350500E+04
 AMRCLAW: level  1  CFL = .408E+00  dt = 0.5000E+00  final t = 0.350550E+04
 AMRCLAW: level  1  CFL = .408E+00  dt = 0.5000E+00  final t = 0.350600E+04
 AMRCLAW: level  1  CFL = .408E+00  dt = 0.5000E+00  final t = 0.350650E+04
 AMRCLAW: level  1  CFL = .408E+00  dt = 0.5000E+00  final t = 0.350700E+04
 AMRCLAW: level  1  CFL = .408E+00  dt = 0.5000E+00  final t = 0.350750E+04
 AMRCLAW: level  1  CFL = .408E+00  dt = 0.5000E+00  final t = 0.350800E+04
 AMRCLAW: level  1  CFL = .408E+00  dt = 0.5000E+00  final t = 0.350850E+04
 AMRCLAW: level  1  CFL = .408E+00  dt = 0.5000E+00  final t = 0.350900E+04
 AMRCLAW: level  1  CFL = .408E+00  dt = 0.5000E+00  final t = 0.350950E+04
 AMRCLAW: level  1  CFL = .408E+00  dt = 0.5000E+00  final t = 0.351000E+04
GEOCLAW: Frame  117 output files done at time t =  0.351000D+04

 AMRCLAW: level  1  CFL = .408E+00  dt = 0.5000E+00  final t = 0.351050E+04
 AMRCLAW: level  1  CFL = .408E+00  dt = 0.5000E+00  final t = 0.351100E+04
 AMRCLAW: level  1  CFL = .408E+00  dt = 0.5000E+00  final t = 0.351150E+04
 AMRCLAW: level  1  CFL = .408E+00  dt = 0.5000E+00  final t = 0.351200E+04
 AMRCLAW: level  1  CFL = .408E+00  dt = 0.5000E+00  final t = 0.351250E+04
 AMRCLAW: level  1  CFL = .408E+00  dt = 0.5000E+00  final t = 0.351300E+04
 AMRCLAW: level  1  CFL = .408E+00  dt = 0.5000E+00  final t = 0.351350E+04
 AMRCLAW: level  1  CFL = .408E+00  dt = 0.5000E+00  final t = 0.351400E+04
 AMRCLAW: level  1  CFL = .408E+00  dt = 0.5000E+00  final t = 0.351450E+04
 AMRCLAW: level  1  CFL = .408E+00  dt = 0.5000E+00  final t = 0.351500E+04
 AMRCLAW: level  1  CFL = .408E+00  dt = 0.5000E+00  final t = 0.351550E+04
 AMRCLAW: level  1  CFL = .409E+00  dt = 0.5000E+00  final t = 0.351600E+04
 AMRCLAW: level  1  CFL = .409E+00  dt = 0.5000E+00  final t = 0.351650E+04
 AMRCLAW: level  1  CFL = .409E+00  dt = 0.5000E+00  final t = 0.351700E+04
 AMRCLAW: level  1  CFL = .409E+00  dt = 0.5000E+00  final t = 0.351750E+04
 AMRCLAW: level  1  CFL = .409E+00  dt = 0.5000E+00  final t = 0.351800E+04
 AMRCLAW: level  1  CFL = .409E+00  dt = 0.5000E+00  final t = 0.351850E+04
 AMRCLAW: level  1  CFL = .409E+00  dt = 0.5000E+00  final t = 0.351900E+04
 AMRCLAW: level  1  CFL = .409E+00  dt = 0.5000E+00  final t = 0.351950E+04
 AMRCLAW: level  1  CFL = .409E+00  dt = 0.5000E+00  final t = 0.352000E+04
 AMRCLAW: level  1  CFL = .409E+00  dt = 0.5000E+00  final t = 0.352050E+04
 AMRCLAW: level  1  CFL = .409E+00  dt = 0.5000E+00  final t = 0.352100E+04
 AMRCLAW: level  1  CFL = .409E+00  dt = 0.5000E+00  final t = 0.352150E+04
 AMRCLAW: level  1  CFL = .409E+00  dt = 0.5000E+00  final t = 0.352200E+04
 AMRCLAW: level  1  CFL = .409E+00  dt = 0.5000E+00  final t = 0.352250E+04
 AMRCLAW: level  1  CFL = .409E+00  dt = 0.5000E+00  final t = 0.352300E+04
 AMRCLAW: level  1  CFL = .409E+00  dt = 0.5000E+00  final t = 0.352350E+04
 AMRCLAW: level  1  CFL = .409E+00  dt = 0.5000E+00  final t = 0.352400E+04
 AMRCLAW: level  1  CFL = .409E+00  dt = 0.5000E+00  final t = 0.352450E+04
 AMRCLAW: level  1  CFL = .409E+00  dt = 0.5000E+00  final t = 0.352500E+04
 AMRCLAW: level  1  CFL = .408E+00  dt = 0.5000E+00  final t = 0.352550E+04
 AMRCLAW: level  1  CFL = .408E+00  dt = 0.5000E+00  final t = 0.352600E+04
 AMRCLAW: level  1  CFL = .408E+00  dt = 0.5000E+00  final t = 0.352650E+04
 AMRCLAW: level  1  CFL = .408E+00  dt = 0.5000E+00  final t = 0.352700E+04
 AMRCLAW: level  1  CFL = .408E+00  dt = 0.5000E+00  final t = 0.352750E+04
 AMRCLAW: level  1  CFL = .408E+00  dt = 0.5000E+00  final t = 0.352800E+04
 AMRCLAW: level  1  CFL = .408E+00  dt = 0.5000E+00  final t = 0.352850E+04
 AMRCLAW: level  1  CFL = .408E+00  dt = 0.5000E+00  final t = 0.352900E+04
 AMRCLAW: level  1  CFL = .408E+00  dt = 0.5000E+00  final t = 0.352950E+04
 AMRCLAW: level  1  CFL = .408E+00  dt = 0.5000E+00  final t = 0.353000E+04
 AMRCLAW: level  1  CFL = .408E+00  dt = 0.5000E+00  final t = 0.353050E+04
 AMRCLAW: level  1  CFL = .408E+00  dt = 0.5000E+00  final t = 0.353100E+04
 AMRCLAW: level  1  CFL = .407E+00  dt = 0.5000E+00  final t = 0.353150E+04
 AMRCLAW: level  1  CFL = .407E+00  dt = 0.5000E+00  final t = 0.353200E+04
 AMRCLAW: level  1  CFL = .407E+00  dt = 0.5000E+00  final t = 0.353250E+04
 AMRCLAW: level  1  CFL = .407E+00  dt = 0.5000E+00  final t = 0.353300E+04
 AMRCLAW: level  1  CFL = .407E+00  dt = 0.5000E+00  final t = 0.353350E+04
 AMRCLAW: level  1  CFL = .407E+00  dt = 0.5000E+00  final t = 0.353400E+04
 AMRCLAW: level  1  CFL = .408E+00  dt = 0.5000E+00  final t = 0.353450E+04
 AMRCLAW: level  1  CFL = .408E+00  dt = 0.5000E+00  final t = 0.353500E+04
 AMRCLAW: level  1  CFL = .408E+00  dt = 0.5000E+00  final t = 0.353550E+04
 AMRCLAW: level  1  CFL = .408E+00  dt = 0.5000E+00  final t = 0.353600E+04
 AMRCLAW: level  1  CFL = .408E+00  dt = 0.5000E+00  final t = 0.353650E+04
 AMRCLAW: level  1  CFL = .408E+00  dt = 0.5000E+00  final t = 0.353700E+04
 AMRCLAW: level  1  CFL = .408E+00  dt = 0.5000E+00  final t = 0.353750E+04
 AMRCLAW: level  1  CFL = .408E+00  dt = 0.5000E+00  final t = 0.353800E+04
 AMRCLAW: level  1  CFL = .408E+00  dt = 0.5000E+00  final t = 0.353850E+04
 AMRCLAW: level  1  CFL = .408E+00  dt = 0.5000E+00  final t = 0.353900E+04
 AMRCLAW: level  1  CFL = .408E+00  dt = 0.5000E+00  final t = 0.353950E+04
 AMRCLAW: level  1  CFL = .408E+00  dt = 0.5000E+00  final t = 0.354000E+04
GEOCLAW: Frame  118 output files done at time t =  0.354000D+04

 AMRCLAW: level  1  CFL = .409E+00  dt = 0.5000E+00  final t = 0.354050E+04
 AMRCLAW: level  1  CFL = .409E+00  dt = 0.5000E+00  final t = 0.354100E+04
 AMRCLAW: level  1  CFL = .409E+00  dt = 0.5000E+00  final t = 0.354150E+04
 AMRCLAW: level  1  CFL = .409E+00  dt = 0.5000E+00  final t = 0.354200E+04
 AMRCLAW: level  1  CFL = .409E+00  dt = 0.5000E+00  final t = 0.354250E+04
 AMRCLAW: level  1  CFL = .409E+00  dt = 0.5000E+00  final t = 0.354300E+04
 AMRCLAW: level  1  CFL = .409E+00  dt = 0.5000E+00  final t = 0.354350E+04
 AMRCLAW: level  1  CFL = .409E+00  dt = 0.5000E+00  final t = 0.354400E+04
 AMRCLAW: level  1  CFL = .409E+00  dt = 0.5000E+00  final t = 0.354450E+04
 AMRCLAW: level  1  CFL = .409E+00  dt = 0.5000E+00  final t = 0.354500E+04
 AMRCLAW: level  1  CFL = .409E+00  dt = 0.5000E+00  final t = 0.354550E+04
 AMRCLAW: level  1  CFL = .409E+00  dt = 0.5000E+00  final t = 0.354600E+04
 AMRCLAW: level  1  CFL = .409E+00  dt = 0.5000E+00  final t = 0.354650E+04
 AMRCLAW: level  1  CFL = .409E+00  dt = 0.5000E+00  final t = 0.354700E+04
 AMRCLAW: level  1  CFL = .408E+00  dt = 0.5000E+00  final t = 0.354750E+04
 AMRCLAW: level  1  CFL = .408E+00  dt = 0.5000E+00  final t = 0.354800E+04
 AMRCLAW: level  1  CFL = .408E+00  dt = 0.5000E+00  final t = 0.354850E+04
 AMRCLAW: level  1  CFL = .408E+00  dt = 0.5000E+00  final t = 0.354900E+04
 AMRCLAW: level  1  CFL = .408E+00  dt = 0.5000E+00  final t = 0.354950E+04
 AMRCLAW: level  1  CFL = .408E+00  dt = 0.5000E+00  final t = 0.355000E+04
 AMRCLAW: level  1  CFL = .408E+00  dt = 0.5000E+00  final t = 0.355050E+04
 AMRCLAW: level  1  CFL = .408E+00  dt = 0.5000E+00  final t = 0.355100E+04
 AMRCLAW: level  1  CFL = .408E+00  dt = 0.5000E+00  final t = 0.355150E+04
 AMRCLAW: level  1  CFL = .408E+00  dt = 0.5000E+00  final t = 0.355200E+04
 AMRCLAW: level  1  CFL = .407E+00  dt = 0.5000E+00  final t = 0.355250E+04
 AMRCLAW: level  1  CFL = .407E+00  dt = 0.5000E+00  final t = 0.355300E+04
 AMRCLAW: level  1  CFL = .407E+00  dt = 0.5000E+00  final t = 0.355350E+04
 AMRCLAW: level  1  CFL = .407E+00  dt = 0.5000E+00  final t = 0.355400E+04
 AMRCLAW: level  1  CFL = .407E+00  dt = 0.5000E+00  final t = 0.355450E+04
 AMRCLAW: level  1  CFL = .407E+00  dt = 0.5000E+00  final t = 0.355500E+04
 AMRCLAW: level  1  CFL = .407E+00  dt = 0.5000E+00  final t = 0.355550E+04
 AMRCLAW: level  1  CFL = .407E+00  dt = 0.5000E+00  final t = 0.355600E+04
 AMRCLAW: level  1  CFL = .407E+00  dt = 0.5000E+00  final t = 0.355650E+04
 AMRCLAW: level  1  CFL = .407E+00  dt = 0.5000E+00  final t = 0.355700E+04
 AMRCLAW: level  1  CFL = .407E+00  dt = 0.5000E+00  final t = 0.355750E+04
 AMRCLAW: level  1  CFL = .407E+00  dt = 0.5000E+00  final t = 0.355800E+04
 AMRCLAW: level  1  CFL = .407E+00  dt = 0.5000E+00  final t = 0.355850E+04
 AMRCLAW: level  1  CFL = .407E+00  dt = 0.5000E+00  final t = 0.355900E+04
 AMRCLAW: level  1  CFL = .408E+00  dt = 0.5000E+00  final t = 0.355950E+04
 AMRCLAW: level  1  CFL = .408E+00  dt = 0.5000E+00  final t = 0.356000E+04
 AMRCLAW: level  1  CFL = .408E+00  dt = 0.5000E+00  final t = 0.356050E+04
 AMRCLAW: level  1  CFL = .408E+00  dt = 0.5000E+00  final t = 0.356100E+04
 AMRCLAW: level  1  CFL = .408E+00  dt = 0.5000E+00  final t = 0.356150E+04
 AMRCLAW: level  1  CFL = .408E+00  dt = 0.5000E+00  final t = 0.356200E+04
 AMRCLAW: level  1  CFL = .408E+00  dt = 0.5000E+00  final t = 0.356250E+04
 AMRCLAW: level  1  CFL = .408E+00  dt = 0.5000E+00  final t = 0.356300E+04
 AMRCLAW: level  1  CFL = .408E+00  dt = 0.5000E+00  final t = 0.356350E+04
 AMRCLAW: level  1  CFL = .408E+00  dt = 0.5000E+00  final t = 0.356400E+04
 AMRCLAW: level  1  CFL = .408E+00  dt = 0.5000E+00  final t = 0.356450E+04
 AMRCLAW: level  1  CFL = .408E+00  dt = 0.5000E+00  final t = 0.356500E+04
 AMRCLAW: level  1  CFL = .408E+00  dt = 0.5000E+00  final t = 0.356550E+04
 AMRCLAW: level  1  CFL = .409E+00  dt = 0.5000E+00  final t = 0.356600E+04
 AMRCLAW: level  1  CFL = .409E+00  dt = 0.5000E+00  final t = 0.356650E+04
 AMRCLAW: level  1  CFL = .409E+00  dt = 0.5000E+00  final t = 0.356700E+04
 AMRCLAW: level  1  CFL = .409E+00  dt = 0.5000E+00  final t = 0.356750E+04
 AMRCLAW: level  1  CFL = .408E+00  dt = 0.5000E+00  final t = 0.356800E+04
 AMRCLAW: level  1  CFL = .408E+00  dt = 0.5000E+00  final t = 0.356850E+04
 AMRCLAW: level  1  CFL = .408E+00  dt = 0.5000E+00  final t = 0.356900E+04
 AMRCLAW: level  1  CFL = .408E+00  dt = 0.5000E+00  final t = 0.356950E+04
 AMRCLAW: level  1  CFL = .408E+00  dt = 0.5000E+00  final t = 0.357000E+04
GEOCLAW: Frame  119 output files done at time t =  0.357000D+04

 AMRCLAW: level  1  CFL = .408E+00  dt = 0.5000E+00  final t = 0.357050E+04
 AMRCLAW: level  1  CFL = .408E+00  dt = 0.5000E+00  final t = 0.357100E+04
 AMRCLAW: level  1  CFL = .408E+00  dt = 0.5000E+00  final t = 0.357150E+04
 AMRCLAW: level  1  CFL = .408E+00  dt = 0.5000E+00  final t = 0.357200E+04
 AMRCLAW: level  1  CFL = .408E+00  dt = 0.5000E+00  final t = 0.357250E+04
 AMRCLAW: level  1  CFL = .408E+00  dt = 0.5000E+00  final t = 0.357300E+04
 AMRCLAW: level  1  CFL = .408E+00  dt = 0.5000E+00  final t = 0.357350E+04
 AMRCLAW: level  1  CFL = .407E+00  dt = 0.5000E+00  final t = 0.357400E+04
 AMRCLAW: level  1  CFL = .407E+00  dt = 0.5000E+00  final t = 0.357450E+04
 AMRCLAW: level  1  CFL = .407E+00  dt = 0.5000E+00  final t = 0.357500E+04
 AMRCLAW: level  1  CFL = .407E+00  dt = 0.5000E+00  final t = 0.357550E+04
 AMRCLAW: level  1  CFL = .407E+00  dt = 0.5000E+00  final t = 0.357600E+04
 AMRCLAW: level  1  CFL = .407E+00  dt = 0.5000E+00  final t = 0.357650E+04
 AMRCLAW: level  1  CFL = .407E+00  dt = 0.5000E+00  final t = 0.357700E+04
 AMRCLAW: level  1  CFL = .407E+00  dt = 0.5000E+00  final t = 0.357750E+04
 AMRCLAW: level  1  CFL = .407E+00  dt = 0.5000E+00  final t = 0.357800E+04
 AMRCLAW: level  1  CFL = .407E+00  dt = 0.5000E+00  final t = 0.357850E+04
 AMRCLAW: level  1  CFL = .407E+00  dt = 0.5000E+00  final t = 0.357900E+04
 AMRCLAW: level  1  CFL = .407E+00  dt = 0.5000E+00  final t = 0.357950E+04
 AMRCLAW: level  1  CFL = .407E+00  dt = 0.5000E+00  final t = 0.358000E+04
 AMRCLAW: level  1  CFL = .407E+00  dt = 0.5000E+00  final t = 0.358050E+04
 AMRCLAW: level  1  CFL = .407E+00  dt = 0.5000E+00  final t = 0.358100E+04
 AMRCLAW: level  1  CFL = .407E+00  dt = 0.5000E+00  final t = 0.358150E+04
 AMRCLAW: level  1  CFL = .407E+00  dt = 0.5000E+00  final t = 0.358200E+04
 AMRCLAW: level  1  CFL = .407E+00  dt = 0.5000E+00  final t = 0.358250E+04
 AMRCLAW: level  1  CFL = .407E+00  dt = 0.5000E+00  final t = 0.358300E+04
 AMRCLAW: level  1  CFL = .407E+00  dt = 0.5000E+00  final t = 0.358350E+04
 AMRCLAW: level  1  CFL = .408E+00  dt = 0.5000E+00  final t = 0.358400E+04
 AMRCLAW: level  1  CFL = .408E+00  dt = 0.5000E+00  final t = 0.358450E+04
 AMRCLAW: level  1  CFL = .408E+00  dt = 0.5000E+00  final t = 0.358500E+04
 AMRCLAW: level  1  CFL = .408E+00  dt = 0.5000E+00  final t = 0.358550E+04
 AMRCLAW: level  1  CFL = .408E+00  dt = 0.5000E+00  final t = 0.358600E+04
 AMRCLAW: level  1  CFL = .408E+00  dt = 0.5000E+00  final t = 0.358650E+04
 AMRCLAW: level  1  CFL = .408E+00  dt = 0.5000E+00  final t = 0.358700E+04
 AMRCLAW: level  1  CFL = .408E+00  dt = 0.5000E+00  final t = 0.358750E+04
 AMRCLAW: level  1  CFL = .408E+00  dt = 0.5000E+00  final t = 0.358800E+04
 AMRCLAW: level  1  CFL = .408E+00  dt = 0.5000E+00  final t = 0.358850E+04
 AMRCLAW: level  1  CFL = .408E+00  dt = 0.5000E+00  final t = 0.358900E+04
 AMRCLAW: level  1  CFL = .408E+00  dt = 0.5000E+00  final t = 0.358950E+04
 AMRCLAW: level  1  CFL = .408E+00  dt = 0.5000E+00  final t = 0.359000E+04
 AMRCLAW: level  1  CFL = .408E+00  dt = 0.5000E+00  final t = 0.359050E+04
 AMRCLAW: level  1  CFL = .408E+00  dt = 0.5000E+00  final t = 0.359100E+04
 AMRCLAW: level  1  CFL = .408E+00  dt = 0.5000E+00  final t = 0.359150E+04
 AMRCLAW: level  1  CFL = .408E+00  dt = 0.5000E+00  final t = 0.359200E+04
 AMRCLAW: level  1  CFL = .408E+00  dt = 0.5000E+00  final t = 0.359250E+04
 AMRCLAW: level  1  CFL = .408E+00  dt = 0.5000E+00  final t = 0.359300E+04
 AMRCLAW: level  1  CFL = .408E+00  dt = 0.5000E+00  final t = 0.359350E+04
 AMRCLAW: level  1  CFL = .408E+00  dt = 0.5000E+00  final t = 0.359400E+04
 AMRCLAW: level  1  CFL = .408E+00  dt = 0.5000E+00  final t = 0.359450E+04
 AMRCLAW: level  1  CFL = .408E+00  dt = 0.5000E+00  final t = 0.359500E+04
 AMRCLAW: level  1  CFL = .407E+00  dt = 0.5000E+00  final t = 0.359550E+04
 AMRCLAW: level  1  CFL = .407E+00  dt = 0.5000E+00  final t = 0.359600E+04
 AMRCLAW: level  1  CFL = .407E+00  dt = 0.5000E+00  final t = 0.359650E+04
 AMRCLAW: level  1  CFL = .407E+00  dt = 0.5000E+00  final t = 0.359700E+04
 AMRCLAW: level  1  CFL = .407E+00  dt = 0.5000E+00  final t = 0.359750E+04
 AMRCLAW: level  1  CFL = .407E+00  dt = 0.5000E+00  final t = 0.359800E+04
 AMRCLAW: level  1  CFL = .407E+00  dt = 0.5000E+00  final t = 0.359850E+04
 AMRCLAW: level  1  CFL = .407E+00  dt = 0.5000E+00  final t = 0.359900E+04
 AMRCLAW: level  1  CFL = .407E+00  dt = 0.5000E+00  final t = 0.359950E+04
 AMRCLAW: level  1  CFL = .407E+00  dt = 0.5000E+00  final t = 0.360000E+04
GEOCLAW: Frame  120 output files done at time t =  0.360000D+04

 Done integrating to time    3600.0000000000000     
 Writing to file fgmax0001.txt                 
See fort.amr for more info on this run and memory usage

============================== Timing Data ==============================

Integration Time (stepgrid + BC + overhead)
Level           Wall Time (seconds)    CPU Time (seconds)   Total Cell Updates
  1                   270.175               1014.647            0.323E+09
total                 270.175               1014.647            0.323E+09

All levels:
stepgrid              269.431               1012.596    
BC/ghost cells          0.715                  1.995
Regridding              0.000                  0.000  
Output (valout)        34.110                 45.884  

Total time:           305.877               1064.092  
Using 12 thread(s)

Note: The CPU times are summed over all threads.
      Total time includes more than the subroutines listed above
Note: timings are also recorded for each output step
      in the file timing.csv.

=========================================================================

 maximum Courant number seen =    0.45623
