__change_den_c,__change_den_dz,__change_den_h,__change_den_hu,__change_den_hv,__change_den_ice,__change_num_c,__change_num_dz,__change_num_h,__change_num_hu,__change_num_hv,__change_num_ice,__new_intersection,__new_pred,__new_truth,__new_union,active_cell_coverage_fraction,budget_fraction,budget_max_count,case_wall_runtime_seconds,change_region_c_rel_l2,change_region_dz_rel_l2,change_region_h_rel_l2,change_region_hu_rel_l2,change_region_hv_rel_l2,change_region_ice_rel_l2,change_region_momentum_rel_l2,debris_front_final_error_km,debris_front_mae_km,false_positive_wet_fraction,final_wet_iou,front_zone_h_rel_l2,front_zone_momentum_rel_l2,front_zone_wet_iou,mean_wet_iou,method,mixture_volume_relative_error,newly_wet_iou,newly_wet_precision,newly_wet_recall,scenario_id,selected_patch_count,trajectory_c_rel_l2,trajectory_dz_rel_l2,trajectory_h_rel_l2,trajectory_hu_rel_l2,trajectory_hv_rel_l2,trajectory_ice_rel_l2,trajectory_momentum_rel_l2,wet_overprediction_ratio
40222.31467985641,72501.22977417707,34331585.49860616,43822686784.623886,44527558414.58065,256.1750057976751,8057.393643140793,61808.5248695612,65038608.46400416,14243081474.844238,13222951487.543793,88.77127222867844,9537,800996,15222,806681,0.201771125541236,0.1,19,24.71207239999785,0.4475728777874967,0.923318426533424,1.37638106746627,0.5701018875367072,0.5449413474511378,0.5886644981327622,0.5575631832267592,2.6700000762939453,13.08042269504406,0.5013165566401474,0.2795054327463469,13.019008495485744,1.6321744808563097,0.6244302989558053,0.4007240023668316,DynamicOnly_B10,2.1270340015892835,0.0118225172032067,0.0119064264990087,0.6265273945605045,JILONG_EI_0009,19.0,1.4368337126384805,1.052152037181537,11.801577194450203,0.7298475233163085,3.960681304129322,1.028512920065764,2.807973398643631,1.3110764245925772
34723.52818476036,80957.28886890411,25376808.590233617,29555542556.124622,32695617830.37517,132.39841732103378,6914.9435523450375,67616.01801609993,58130185.27381214,10226857885.564968,7704921421.9507265,68.22648498998913,8913,721935,13878,726900,0.1705574720565225,0.1,19,24.237017100007503,0.446254281997291,0.9138960865065408,1.5134997432099038,0.5882360577159208,0.4854442181097529,0.7178523091762564,0.5367078741741813,4.170000076293945,12.18485937828959,0.4878106585806165,0.2883084577114428,9.520231386292329,1.1775287832280934,0.616090901293802,0.4044540007356033,DynamicOnly_B10,135.11601560525924,0.0122616591002888,0.0123459868270689,0.6422395157803719,JILONG_EI_0019,19.0,1.2975660402668816,1.025284058222908,13771.56628682928,0.6968891087197331,3.0207302640916054,1.0368722238518784,2.148042597401562,1.2585731111372465
37156.73530562222,92481.5048237443,28811680.589952502,36007318607.353355,38825466307.84117,337.49634789254924,8364.224165380001,78662.60125637054,86286302.22926712,14557693071.091356,10922650903.666891,92.04990686958295,8458,702404,14980,708926,0.1995403481948305,0.1,19,24.559004099995946,0.4744539399754379,0.9222670822634352,1.7305598881269584,0.6358444553750061,0.530402651570613,0.5222484238093913,0.5835212674916537,2.040000915527344,11.873450850202165,0.4861707103287475,0.2955271565495208,13.2909577875108,1.2754763582833404,0.6151747832840438,0.4018245477668752,DynamicOnly_B10,306.8482580914149,0.0119307233759235,0.0120415031805058,0.5646194926568758,JILONG_EI_0029,19.0,1.490497686271078,1.025178484478601,28278.578667438807,0.7325854658894189,3.4155682041670468,0.9877433129817076,2.448558568462787,1.2431477232007495
31955.091040883213,76885.32242523134,20727144.440217003,24945357901.36344,27596105776.552704,365.7411123409984,7854.887152373791,64012.53864979744,175492926.65593326,11125492325.193829,8189131972.879069,95.3971276116581,7921,690891,13648,696618,0.1697159452029619,0.1,19,24.415055500008748,0.4957924916346308,0.9124536347999768,2.9097794433416118,0.6678281934880131,0.5447472350274998,0.5107175224125211,0.6063062552933844,3.149999618530273,13.166014235961688,0.4923616891226373,0.3009659379766141,24.16152150267308,1.4798863092580543,0.6443085013716042,0.3997027585418464,DynamicOnly_B10,116.38174621104372,0.0113706507727334,0.0114649054626561,0.5803780773739742,JILONG_EI_0039,19.0,1.4996643263841836,1.0138233252595157,8691.541362254718,0.8515598358928578,3.0871425705016,0.9584604551170776,2.2381166122931706,1.2596994676669435
41456.80176700652,81330.60382030904,34403119.76943549,44620929967.68163,47197874190.75491,157.03875714167316,9819.421105146408,66808.44433403015,37025479.62299973,18113743609.101303,14241491972.698456,81.46010789067468,8115,681867,15879,689631,0.1838685390944926,0.1,19,24.37829639999836,0.4866817321783577,0.9063348533912374,1.0374123954435703,0.6371398947126076,0.549308760822735,0.720226448591146,0.5936171876161174,1.5,10.087133036001578,0.4744105795923824,0.2943434006340731,4.727702999312596,1.4690013045873824,0.5989293298432314,0.4029188882594659,DynamicOnly_B10,1.036734945413493,0.0117671624390434,0.0119011478778119,0.511052333270357,JILONG_EI_0049,19.0,1.4027571575279845,1.0350566693085856,6.732250698742676,0.7537693348363522,1.8057493464738643,1.1096515806295169,1.3799866726804515,1.1922839367811795
35336.20548405871,71319.21658104658,25095066.9514793,30098298892.845078,32967696484.868637,158.63836451845418,7606.281770586967,58578.334090948105,61902202.09471354,10472555744.8338,8660619493.347168,69.92076975548783,8824,699565,14334,705075,0.180547738528859,0.1,19,24.26037649999489,0.4639554160891059,0.906285906363947,1.5705756866341385,0.5898687177759424,0.5125428476481951,0.6638943741752648,0.5508024930061091,3.0,11.365141001411937,0.4834824398595216,0.2888556966226869,9.477189162042832,1.2138866702277968,0.6173469741021823,0.4044133003027211,DynamicOnly_B10,226.11839291797003,0.0125149806758146,0.0126135527077541,0.6155992744523511,JILONG_EI_0059,19.0,1.3670529103542537,1.0204415085932883,21882.393911994448,0.719737320090713,3.412790778657247,1.0543302263746166,2.430826036877366,1.239137017735744
41179.61009020358,93895.09017384052,32519565.917531945,41913293246.8365,43899213296.85787,56.4482686781848,10471.634985014796,82545.66719961166,48862004.835697,18458925037.91239,12665438522.597534,119.0092997830488,8139,642945,15482,650288,0.1754926215776312,0.1,19,24.365659900009632,0.5042734841967841,0.9376174888861032,1.225782089156114,0.663631985916813,0.5371328909112497,1.4519950534585684,0.6022474169285223,1.6499996185302734,10.424685545630387,0.4720805057404361,0.2984568727142984,6.075487297720704,1.0873102358399418,0.5965668348788259,0.3966877046895696,DynamicOnly_B10,804.3818647558653,0.0125159929139089,0.0126589366119963,0.5257072729621496,JILONG_EI_0069,19.0,1.3423248990056216,1.0433346051379038,86314.99494202006,1.132936782196639,2.4824667866499666,1.3502574014914728,1.9213000113895464,1.159399568686026
34522.367499114014,70680.4330277443,22762082.71220981,27021347192.559574,30356389200.495186,84.34853874377063,8279.32897028327,59411.30667924881,81179312.47978263,10771800596.335367,7930161880.023524,76.50196275622832,8404,665105,14159,670860,0.1699812455171745,0.1,19,24.269426900005783,0.4897193719741383,0.9168218422893374,1.888498681178292,0.6313797572688519,0.5111118737095254,0.952352019806038,0.5709155673048589,3.060001373291016,10.758803074654768,0.4840621262596484,0.2860735345126604,12.317745964446503,1.301478410878668,0.5995000157404766,0.3953017260109479,DynamicOnly_B10,225.9348871814924,0.0125272038875473,0.0126355988904007,0.5935447418603008,JILONG_EI_0079,19.0,1.3352960186390714,1.030197967670542,20718.54753707414,0.7792204463430983,2.260101894865826,1.1885182093514817,1.6700864641767807,1.201464935246885
41530.30475248397,92778.21813547613,36418069.18719026,48247420689.86666,49005519897.72861,335.1282274788109,9442.62313914299,76543.8508245945,33604164.94412196,18904564129.74708,15154821988.5419,93.51880876613173,8355,757196,15977,764818,0.1835491577180323,0.1,19,24.40206340000441,0.4768302174861796,0.9083059099076938,0.9605900759701488,0.6259595704292903,0.5561000309256509,0.5282554402446521,0.5917892027430002,1.529998779296875,10.39468556100672,0.4925639012270442,0.2754722706926636,4.322442563716491,1.478486638035426,0.6136947673692605,0.3991048989073458,DynamicOnly_B10,0.7618264795430882,0.0109241675797379,0.0110341311892825,0.5229392251361332,JILONG_EI_0089,19.0,1.486068501005687,1.0428997628631256,4.969093406354586,0.7445101141800886,2.0530565136523005,0.9944797009126934,1.5363342597449958,1.2575025913353606
35330.011182207614,81570.61096382141,25931617.838365976,31422612033.22519,34421923012.18359,374.2275019290392,7431.791805803776,66355.75228762627,26669040.718070984,12568036090.227806,10331116060.97258,92.72696217699212,8200,632290,14577,638667,0.1708012356645302,0.1,19,24.28452859999379,0.4586431166510379,0.9019291658532956,1.0141189332018905,0.6324301528067313,0.5478429229335776,0.497777389465131,0.5897254001271894,2.790000915527344,11.736503761965078,0.4522125700775555,0.311744966442953,4.83724009392948,1.2782250217362556,0.6453325027273484,0.4243394406627797,DynamicOnly_B10,0.7938675257960024,0.0128392417331723,0.0129687327017665,0.562530013034232,JILONG_EI_0099,19.0,1.3623159230530275,1.026253178263263,7.287373825501578,0.7380911643827217,2.4247234052042868,0.9154915994476664,1.7713253161936873,1.1796979790612114
35432.725008778274,74914.23455935717,26718022.109859217,30719942261.082848,34298382133.7913,100.1941066053114,6906.2417350411415,61181.03677356243,39021974.17829512,10177725223.868116,8016209429.488855,64.04923819114833,9018,668647,13949,673578,0.1789753462676941,0.1,19,24.34128510000301,0.4414877025129667,0.9037040797728996,1.2085161713542347,0.5755925488829089,0.4834457093014776,0.7995320834235943,0.5289875231662134,4.350000381469727,11.988803073973722,0.4580558522604332,0.3119085877521871,7.734709698767662,1.163816935027991,0.6128388000666039,0.4238857273842626,DynamicOnly_B10,52.21646357309024,0.0133882044841131,0.0134869370534826,0.6464979568427844,JILONG_EI_0109,19.0,1.2147362986977397,1.028682460134761,5390.948918607146,0.6816522476436334,1.9518903199707551,1.0057775369631723,1.4350914929527985,1.2050458119462857
29664.16461913288,49934.99145291746,18274056.568535265,19964594959.49474,23527586264.43009,437.5020383175179,6499.710839867592,40543.29901254177,31983452.89229117,8356797915.685997,6914889515.142279,112.34912594724656,7761,753018,12548,757805,0.1684624557247862,0.1,19,24.31873810000252,0.4680917175735817,0.901066932666128,1.3229553637456617,0.646978275872991,0.5421306177445665,0.5067512266841312,0.592567623331836,5.279999732971191,13.279091180829734,0.4909458656493389,0.3007327174259318,8.334139802123284,1.7933740280772454,0.658457184875229,0.4193981534556943,DynamicOnly_B10,2.7207628786081357,0.0102414209460217,0.0103065265372142,0.6185049410264584,JILONG_EI_0119,19.0,1.4278203117215424,1.0417076569078176,14.158670664751,0.7839832446587736,3.34539044520851,0.8934714600941289,2.382024024087519,1.3424151735055547
40077.152742907405,102325.2629685998,33278552.74885588,42683483816.23633,45267366764.87392,275.5953811859654,9945.459595561028,89598.49737071991,115711359.81332996,17612711786.88391,13642159999.921724,106.02989192586212,8448,775751,15637,782940,0.2001597545006929,0.1,19,24.36902250000276,0.4981544323212258,0.9357480449906644,1.8646863134674925,0.6423669445910019,0.5489704317015298,0.620266308634271,0.5961270636723028,1.6800003051757812,11.163986161142796,0.5184002096577618,0.2749509162303665,14.0390734223229,1.2447627121755391,0.6063129974673734,0.3772203029306908,DynamicOnly_B10,2602.441806821485,0.01079009885815,0.0108900923105481,0.5402570825605935,JILONG_EI_0129,19.0,1.6321432807033258,1.0345927670046433,282324.18946878694,0.782743280065986,3.599526859598184,1.1208127061774962,2.592953837256296,1.2914996641241412
34078.62169221509,68648.96600997448,22901121.856757905,27420508326.108334,30356588774.160496,272.2324782969081,7639.127952694893,57308.33891057968,132773688.30738834,9856004557.066343,8199288459.248836,79.7096609292949,8733,723165,14236,728668,0.1816006441655414,0.1,19,24.457589099998582,0.4734573701616223,0.9136753539488892,2.4078400341258703,0.5995324535239347,0.5197106290601389,0.5411099407542804,0.5590162230118869,3.180000305175781,13.182587773701943,0.4963818918636556,0.2917146144994246,13.0288082426698,1.3776462637223033,0.6323530485907506,0.3994716130258396,DynamicOnly_B10,458.4194689607281,0.0119848820038755,0.0120760822218995,0.6134447878617589,JILONG_EI_0139,19.0,1.4953703202838449,1.0125005562959726,44633.0113721971,0.7566551703167377,3.806182448685669,1.0344526543198334,2.708436614881769,1.2814811552588234
37309.28019087389,61085.04558469355,28859161.51000511,35094244483.431915,37345145842.27022,324.94154228115826,7297.475945830345,52661.07752752304,174796728.06191802,11032793209.846523,10522573585.875134,93.25461165883448,9601,808025,14504,812928,0.1945420243355208,0.1,19,24.341041199993924,0.4422602437380527,0.928490403586634,2.4610746959669587,0.5606925562623257,0.5308158788034331,0.5357134376756041,0.5454944237893063,4.980001449584961,14.866690672409366,0.5108089196779392,0.2794061955616148,15.8793724610394,1.1878334117663636,0.6365654072693092,0.3958067811402107,DynamicOnly_B10,1074.5573693489443,0.0118103940324358,0.0118820581046378,0.6619553226696084,JILONG_EI_0149,19.0,1.5319822224348794,1.0477362727756698,128331.04776073663,0.7788336308045947,4.768191237531688,1.0246083700522048,3.357873540049246,1.3391479918355649
32328.623210713267,76689.6539349556,21810423.04252069,25000767984.394268,28560699926.19287,183.4296433017298,7125.968217909336,64169.69424414635,56232322.13884306,10091197010.465311,7502264747.015076,59.00522273106799,8266,686967,13511,692212,0.1557340496494994,0.1,19,24.355859800009057,0.4694921506112391,0.9147377368933276,1.6056872706293517,0.6353231311612993,0.5125211238343572,0.5671663631047801,0.5731250821353935,3.810001373291016,11.876619907122263,0.4850350083508104,0.2937387271321824,10.14406056071738,1.335193391011923,0.6297323788345097,0.4030371024533904,DynamicOnly_B10,88.93572930232428,0.0119414283485406,0.0120326012748792,0.6117977943897565,JILONG_EI_0159,19.0,1.3650546517627962,1.0260942566898767,7703.042061222465,0.8065553731154713,2.427271911252166,0.9849261118428682,1.7814916927371505,1.2379856911132765
38451.372286666185,84426.82640565932,33327082.84270499,40651093598.54572,43246621440.80403,295.98925423133187,7098.841230988503,69798.46890187263,29701475.25629852,13027421608.438398,10509444538.77638,74.73236012449524,9313,720596,14841,726124,0.1760005156046996,0.1,19,24.331963300006464,0.4296727481626202,0.9092487564866676,0.9440399212633904,0.5660999512717978,0.492962392753274,0.502477218968032,0.5296625319971225,3.239999771118164,11.937659760104848,0.4643904096887807,0.3158592132505176,5.37332467088474,1.348469769335556,0.6275979778937048,0.4259846084762261,DynamicOnly_B10,0.4764045357580505,0.0128256330874616,0.0129240240023536,0.6275183612964086,JILONG_EI_0169,19.0,1.3052735143579228,1.0380644382700204,4.058338054738082,0.6982608231559536,1.5861651568918005,0.9375010785712528,1.2087454871574557,1.2418024861933863
36491.659354142845,68698.8699157536,27100964.614665315,32932665280.28005,35219395577.81594,152.8823588847772,7373.570851266384,55218.94930899143,32219571.56202382,10980609508.477049,8894287427.187302,62.18521939788747,8812,673161,14387,678736,0.1839762226255169,0.1,19,24.31898860000365,0.4495128619699912,0.8965391784846558,1.0903539619410492,0.5774305851017758,0.5025330517816694,0.6377711914152411,0.5400238566554862,3.09000015258789,11.402112898482404,0.4617673788078978,0.3068266446007447,5.714352111616771,1.2807567487613936,0.61682494624405,0.4221724713061652,DynamicOnly_B10,1.1992620340552709,0.0129829565545366,0.0130904790978681,0.6124973934802252,JILONG_EI_0179,19.0,1.2873573813109267,1.025626864319775,6.715221116496446,0.7057096608752946,2.51384190794103,0.9747406844470582,1.8189353278608469,1.214527839375885
33691.83037099242,55903.44233979285,24481840.55096493,26994969340.09335,31369451238.91772,210.35014229263103,6197.126577913761,45701.09424877167,40377015.28745769,7871491256.021275,7302776444.047702,60.77037175584019,9195,867331,13435,871571,0.1677500959314024,0.1,19,24.353363800008083,0.4288771227887121,0.9041573641088084,1.284236690797943,0.5399917060881804,0.4824924726205796,0.5374951396836244,0.5098938590850774,5.190000534057617,13.61640865913212,0.5135076958108887,0.2781610864986564,10.022948676005065,1.2699162974026872,0.6423849965498605,0.407676679323224,DynamicOnly_B10,73.66005242720053,0.0105499150384764,0.0106014889355966,0.6844064011909192,JILONG_EI_0189,19.0,1.2822593987010982,1.0346393585219262,8097.137572642109,0.7057536128041401,3.495738477117829,0.9344601314796558,2.464490349046192,1.4033371418680571
32012.05909247789,72230.42800281942,20442455.09004381,23060578331.02716,26804702911.097485,91.30969125659487,7936.124713093042,62712.537244558334,62885570.83872077,9444880379.149342,7126811787.9635935,78.63637908878836,8329,692268,13170,697109,0.1600888779982285,0.1,19,24.35830990000977,0.4979060885903908,0.931787954374445,1.753916757924681,0.6399751835879686,0.5156347118282149,0.9280114115347716,0.5764800630140999,4.229999542236328,11.927746602557075,0.4993160538836872,0.2850185939436869,11.456645271402202,1.379311324434776,0.6009756736683142,0.3894235085304358,DynamicOnly_B10,149.30795830661344,0.0119479163229853,0.0120314675819191,0.632422171602126,JILONG_EI_0199,19.0,1.4238060267173422,1.0259782766849348,15441.646075432043,0.9389358302653534,3.0724925713165248,1.125645827574686,2.234848869676806,1.249932972180521
40222.31467985641,72501.22977417707,34331585.49860616,43822686784.623886,44527558414.58065,256.1750057976751,8595.485957622528,58159.74626934528,21024664.44967556,14185997668.901764,12544730149.785835,87.24767126869344,9453,1102693,15222,1108462,0.052389393858178,0.05,10,19.913805599993797,0.4622763631191094,0.8956504841468611,0.7825599295963569,0.5689583057091283,0.5307820418402031,0.5835909448584505,0.5500491682778017,3.270000457763672,11.758112138593113,0.5794690583732953,0.2301436869458881,18.638709233927333,2.171065617027158,0.6054960849433937,0.3623605562307325,EngineeringROI_B05,0.8750956515967552,0.0085280325351703,0.008572648960318,0.6210090658257785,JILONG_EI_0009,10.0,1.543632419748448,1.1177665126244425,4.54284896307442,0.7181757305942384,3.259955332418191,0.9980106805592734,2.3283755071321584,1.5633731735123224
34723.52818476036,80957.28886890411,25376808.590233617,29555542556.124622,32695617830.37517,132.39841732103378,7889.602563619614,68026.58110809326,13923775.13281089,10925721191.309326,8415725920.48819,67.18897983492747,8733,949003,13878,954148,0.056302374078867,0.05,10,19.645950100006303,0.4766676074557299,0.9166664667121648,0.7407301096296427,0.6080028132694204,0.5073422345293429,0.7123732887065568,0.5574048672338652,4.829999923706055,11.827659723659355,0.5531969121516955,0.2508500991782375,57.40960897370729,1.1553923438912772,0.5741482532369985,0.3745807345779705,EngineeringROI_B05,0.6009450172149801,0.0091526681395339,0.0092022891392334,0.6292693471681798,JILONG_EI_0019,10.0,1.4588088689071512,1.0961018886198388,9.579485497944734,0.7252188536499423,3.96517881636075,1.003284333544462,2.7907091823981114,1.4612443730835247
37156.73530562222,92481.5048237443,28811680.589952502,36007318607.353355,38825466307.84117,337.49634789254924,9212.356808423996,78760.14825558662,20471813.649686813,15415343108.889343,11658244146.536034,96.48314661017298,8278,995626,14980,1002328,0.0569735748337259,0.05,10,19.468611899996176,0.4979280599109413,0.9228387421863056,0.8429345676682479,0.6543064582928456,0.547971829799935,0.5346766157880196,0.6014879730582546,2.729999542236328,11.428951130150915,0.5695117621127491,0.2468298032764411,13.624017137262484,2.3273941156032767,0.5961885954811755,0.3629935453356195,EngineeringROI_B05,0.6698972227309432,0.0082587735751171,0.0083143670414392,0.55260347129506,JILONG_EI_0029,10.0,1.616569648332306,1.087693515491044,5.242245415740873,0.7476315954461955,3.9517627688495134,1.005878666474223,2.8185706074803165,1.5065215069323852
31955.091040883213,76885.32242523134,20727144.440217003,24945357901.36344,27596105776.552704,365.7411123409984,8528.414511680603,64494.507632136345,12986765.53619839,11467798667.953438,8574378235.986987,100.5944188220925,7708,901729,13648,907669,0.0616266200920771,0.05,10,19.499207800006843,0.5166115607893846,0.9158822572515264,0.7915543920499575,0.6780241457507766,0.5574134172401892,0.5244451243643103,0.6176200156836393,4.680000305175781,12.262817045122803,0.5551546128479028,0.2584555087821164,9.922937880398838,2.52258452210572,0.6097732405806796,0.3710060883672161,EngineeringROI_B05,0.7528792452223031,0.0084920824661853,0.0085480227429748,0.5647713950762017,JILONG_EI_0039,10.0,1.633390013554075,1.0809011490576776,3.0534909685411,0.7803841371667297,3.201193332815492,0.961092580915736,2.301837420420862,1.4600381842276675
41456.80176700652,81330.60382030904,34403119.76943549,44620929967.68163,47197874190.75491,157.03875714167316,10685.431920409204,67277.02651643753,21124080.67861159,18197365340.164448,13933530500.669811,83.24201081556706,8149,1032313,15879,1040043,0.0526255531476986,0.05,10,19.835740499998792,0.5076894554973119,0.9095077328778788,0.7835920028967699,0.6386088730072603,0.5433371084213795,0.7280611487399054,0.5915556422554487,2.34000015258789,10.620839207530857,0.5709516394969442,0.2363942276580599,11.103431892336925,1.2770112561062517,0.5765841470460671,0.3612894905364882,EngineeringROI_B05,0.5012573162230028,0.0078352529655023,0.007893923645251,0.5131935260406827,JILONG_EI_0049,10.0,1.5221697675923178,1.1137338802526542,3.626719624860154,0.7724138793767463,2.899590322287098,1.0382437862166138,2.114914631620678,1.5019226650328994
35336.20548405871,71319.21658104658,25095066.9514793,30098298892.845078,32967696484.868637,158.63836451845418,8512.579956531525,58327.741095781326,15445715.20711612,11074928463.27148,8795358038.097113,69.73011409107917,8638,965315,14334,971011,0.0610791623380546,0.05,10,19.535628800003902,0.4908181862278702,0.9043453227658556,0.7845304998350466,0.6065959264209343,0.5165144311715578,0.6629886230967613,0.5613121426056678,3.84000015258789,11.553802925962168,0.5627327099359928,0.2478997479697563,15.472641580979086,1.913425743583573,0.5934540050016399,0.3656398207855171,EngineeringROI_B05,0.7385465919044572,0.0088958827448916,0.0089483743648446,0.6026231338077299,JILONG_EI_0059,10.0,1.4983481203287037,1.1004782051019897,3.8418151775175984,0.7297431882903999,3.2959227685971517,1.01368514114013,2.35300037825914,1.4712886830084282
41179.61009020358,93895.09017384052,32519565.917531945,41913293246.8365,43899213296.85787,56.4482686781848,11509.65186280012,79818.41124749184,33164777.27826348,18827294575.737007,13622822039.85175,115.51722661021124,7877,976819,15482,984424,0.0522316175438327,0.05,10,19.718799199996283,0.5286764665352134,0.9219982523756264,1.0098716317355212,0.670221053174766,0.5570641021398319,1.430533602728739,0.6149401324832054,2.399999618530273,10.27447568526218,0.5754661495175571,0.231468724166437,26.38013825442494,1.0713252578841654,0.5307549659518,0.3478452182846561,EngineeringROI_B05,0.4874974798689601,0.0080016334425003,0.0080639299604123,0.508784394781036,JILONG_EI_0069,10.0,1.5198961648914708,1.0938511175540455,8.128416482197736,0.8024041789313769,3.768555795285425,1.3546995978812475,2.7082917742924515,1.4472645815564282
34522.367499114014,70680.4330277443,22762082.71220981,27021347192.559574,30356389200.495186,84.34853874377063,9160.264417171478,58296.54604315758,13496440.861075314,11248408316.279984,8613980742.857729,75.26441310577344,8260,913614,14159,919513,0.0608602855905503,0.05,10,19.46957879999536,0.5151144339033696,0.9081797444902368,0.7700228795023061,0.6451965516501971,0.5326928801179196,0.944617654503407,0.5883612158759155,3.930000305175781,11.295845242479528,0.5618101694581717,0.2447962474347698,15.077619279995464,1.997714333497745,0.5663774773113267,0.3590191733726396,EngineeringROI_B05,0.5244892237690217,0.0089830160095615,0.009041017322414,0.5833745320997246,JILONG_EI_0079,10.0,1.4917339471763384,1.0967915271732631,4.400913209653705,0.7695600213711761,3.854589124570159,1.1212074475378648,2.740098097969713,1.4238890396924777
41530.30475248397,92778.21813547613,36418069.18719026,48247420689.86666,49005519897.72861,335.1282274788109,10004.963389396667,77661.26590204239,23816329.379790302,19323131791.73984,14887136069.226074,96.05569485945892,8335,1059742,15977,1067384,0.0530742079384405,0.05,10,19.4992188999895,0.4908233246817933,0.9149117791650724,0.8086841956707217,0.6328513451257625,0.5511668366209609,0.5353724936320167,0.5930985557114228,2.3699989318847656,11.02888129557763,0.5694871869236479,0.2345061728395061,9.100483844958069,1.6987507518434202,0.5983079083344628,0.367066891446641,EngineeringROI_B05,0.5177851291410176,0.0078088110745523,0.0078651218881576,0.521687425674407,JILONG_EI_0089,10.0,1.5405898122359734,1.1049838057889407,3.05055887146804,0.7499404318201431,3.101818422306083,0.9629472034552244,2.243122711663517,1.5244469771029117
35330.011182207614,81570.61096382141,25931617.838365976,31422612033.22519,34421923012.18359,374.2275019290392,8630.121666431427,68716.56801557541,17147688.415391922,13151634010.016665,10457476456.339111,99.39953423432806,8119,936948,14577,943406,0.0596292900055219,0.05,10,19.62183869999717,0.4942384987041378,0.9178334321923864,0.8131824279836943,0.6469470183659127,0.5511830875895666,0.5153761589208556,0.5987974531098068,3.5699996948242188,11.730633803656405,0.5472256523884175,0.2546357847596389,9.112902954124914,2.4880726379620928,0.6120113852296571,0.3787306175350557,EngineeringROI_B05,0.6118477646747416,0.0086060508413132,0.0086653688358372,0.5569733141249914,JILONG_EI_0099,10.0,1.502023511706686,1.0906813915010765,2.8280697602597464,0.7418212501243182,2.9965504817302357,0.9313833038534648,2.1557338092807905,1.447598513476165
35432.725008778274,74914.23455935717,26718022.109859217,30719942261.082848,34298382133.7913,100.1941066053114,7874.092325031757,61494.852516293526,14092343.823919771,10672762315.263077,8409242408.341309,63.4300504932791,8836,965999,13949,971112,0.0517805697857347,0.05,10,19.56952080001065,0.4714091137412987,0.9060187989149152,0.7262555475681157,0.5894245509556733,0.4951555127252905,0.7956580113359124,0.5417440036924513,5.039999008178711,11.719149152860574,0.545279499877997,0.2496448142886137,52.886247487496505,1.2325923016549971,0.5661572487337805,0.3849697312660731,EngineeringROI_B05,0.5816491237982012,0.0090988475067757,0.0091470073985583,0.6334504265538748,JILONG_EI_0109,10.0,1.3816829284715115,1.105202742177917,8.08123586236229,0.7141426390239214,4.280910421123399,1.0395786086052117,3.000646138333644,1.4654922518254003
29664.16461913288,49934.99145291746,18274056.568535265,19964594959.49474,23527586264.43009,437.5020383175179,7096.230663657188,39809.90196108818,10439547.438897671,8474549056.389723,6920525357.89353,114.77329877608106,7695,861427,12548,866280,0.0636700546830265,0.05,10,19.501705999995465,0.4891001552106695,0.8928799361935248,0.755828656223064,0.6515204428332544,0.5423514991198929,0.512189170518543,0.5949566207094653,6.720000267028809,13.215633868541516,0.5259574457695123,0.2763452079296467,11.466590631553506,2.884392713758143,0.6437681391727217,0.3990675412982373,EngineeringROI_B05,0.7886508818190152,0.0088828092533591,0.0089328521163139,0.6132451386675167,JILONG_EI_0119,10.0,1.5368392531065156,1.1021078918665677,2.660495201032819,0.7563918338751527,3.2955814310230607,0.8998406534550657,2.343851916189643,1.4344144450203835
40077.152742907405,102325.2629685998,33278552.74885588,42683483816.23633,45267366764.87392,275.5953811859654,10479.266556978226,88410.64588195086,60318862.708165534,18395961707.950104,13679648486.003977,106.03473307895509,8125,1048918,15637,1056430,0.0601316004420927,0.05,10,19.561008700009552,0.5113485324220634,0.9295245122851138,1.346307783867685,0.6564948429090691,0.5497241961837295,0.6202804686500408,0.6039033538599692,2.399999618530273,12.078671423809512,0.58731886206939,0.2289937759336099,24.362134999333843,1.5689448028084467,0.5904588033026991,0.3485815744795446,EngineeringROI_B05,0.848292284179383,0.0076909970371912,0.0077460773864115,0.5196009464731086,JILONG_EI_0129,10.0,1.6899571506200932,1.0806614886466217,10.157890167768375,0.7640360893054776,3.894378609337259,1.0767526953831663,2.793319393148575,1.543106946672584
34078.62169221509,68648.96600997448,22901121.856757905,27420508326.108334,30356588774.160496,272.2324782969081,8500.293581962585,56086.87223517895,14619901.736980438,10445142843.761671,8428885824.999508,81.00548820362746,8563,972478,14236,978151,0.0641925192224409,0.05,10,19.491949299990665,0.4994315247179055,0.9038858977603772,0.7989946071100413,0.6171907961433378,0.5269368874426418,0.5454905778034065,0.5715502858782231,3.930000305175781,11.919929628693302,0.5682474287050023,0.2541293393057111,17.020506272400247,1.9338186675650764,0.6042210321752738,0.3644508973366281,EngineeringROI_B05,0.8189358478273934,0.0087542720909143,0.0088053405835401,0.6015032312447317,JILONG_EI_0139,10.0,1.615315646280476,1.0897706591008058,4.218683518404432,0.7533685695122886,3.6530615873679433,1.028425721529367,2.603446134129235,1.5072269736552368
37309.28019087389,61085.04558469355,28859161.51000511,35094244483.431915,37345145842.27022,324.94154228115826,7894.337362647057,49434.70006096363,16133471.467485514,10830285731.647903,9817215816.942158,91.8415975199757,9498,1072805,14504,1077811,0.0589000199094884,0.05,10,19.45547790000273,0.4599910755181786,0.8995980400782533,0.747690836913504,0.5555229541845506,0.512716258432306,0.531639322592703,0.5338833297512039,4.170000076293945,12.179155064090876,0.5829393060189394,0.2392369167311162,34.483393499669056,2.5067788428044238,0.6026001252491047,0.3574553291515205,EngineeringROI_B05,1.1385269854131532,0.0088123056825361,0.0088534262983487,0.654853833425262,JILONG_EI_0149,10.0,1.6152265227611915,1.105173566845089,6.864563764731922,0.7139090320504886,3.759638770114733,0.9993940511007304,2.660559061206253,1.5595597581875429
32328.623210713267,76689.6539349556,21810423.04252069,25000767984.394268,28560699926.19287,183.4296433017298,7886.7811369895935,64644.64207148552,13072448.76678341,10458679513.935196,7783549839.75902,59.5189167456468,8067,878439,13511,883883,0.0617376537774,0.05,10,19.462225399998715,0.4939196333426323,0.9181166821552208,0.7741879894802163,0.6467877005540067,0.5220407827228817,0.5696298619395017,0.5835965561548139,4.560001373291016,11.869436892615235,0.5440481152050017,0.2513046071268823,9.83562154350012,2.058878329922591,0.58796138597741,0.3756497766529711,EngineeringROI_B05,0.4425934756146109,0.0091267735661846,0.0091833354393418,0.597069054844201,JILONG_EI_0159,10.0,1.489123621788238,1.0885252758921746,2.7049654977234145,0.7430411621009131,3.0612352942704453,0.9382081739741666,2.190383949638647,1.4135483605531325
38451.372286666185,84426.82640565932,33327082.84270499,40651093598.54572,43246621440.80403,295.98925423133187,7982.926383256912,70757.65791034698,22704061.34019285,13694628386.8665,11673533382.658094,77.11856200577174,9093,1040672,14841,1046420,0.0500496567314916,0.05,10,19.499458300007973,0.4556434590857212,0.9154750071497202,0.8253784492765096,0.5804155099219656,0.5195472763574422,0.510436226274345,0.549881910318993,3.8699989318847656,11.732978952057818,0.5535251668387385,0.2395060188361504,12.826438620093612,3.178235129957055,0.5905714534796808,0.3835948639763239,EngineeringROI_B05,0.4749149527934484,0.0086896274918292,0.0087376233818148,0.6126945623610269,JILONG_EI_0169,10.0,1.4369802097460245,1.109390353229644,3.037666921200548,0.7155232664345249,3.9699723525237913,0.9556154128784882,2.7983058696677623,1.507683000313723
36491.659354142845,68698.8699157536,27100964.614665315,32932665280.28005,35219395577.81594,152.8823588847772,8385.83542072773,55548.536480903625,15996666.56986466,11246554150.705627,9238826272.727646,61.7982182238728,8689,988325,14387,994023,0.054399911853718,0.05,10,19.81425460000173,0.479376081750964,0.8992107994141412,0.7682850311565781,0.5843812852869407,0.5121739091121761,0.6357835534234324,0.5482548978975903,3.809999465942383,11.427253593651342,0.5527411832298293,0.2496463455708993,12.977498545853225,1.655997816452856,0.5820138473822816,0.3805041449708921,EngineeringROI_B05,0.6860476216942591,0.0087412464299115,0.0087916424253155,0.6039480086188921,JILONG_EI_0179,10.0,1.4415868324523855,1.108908147355164,3.1096562089557995,0.7238230099063411,3.707762400488833,1.0177298622200432,2.628331865890891,1.492434843303321
33691.83037099242,55903.44233979285,24481840.55096493,26994969340.09335,31369451238.91772,210.35014229263103,6947.881017550826,44068.06746965647,12326897.308729526,8076689658.789412,7125915086.750826,58.55173142221963,8981,962477,13435,966931,0.0552681867646145,0.05,10,19.545722500013653,0.454112946471176,0.8878563953322184,0.7095857028350924,0.5469848259117922,0.4766140720377561,0.5275923211221759,0.5103697352999219,5.789999008178711,12.309149149052324,0.5412204211694549,0.2614685218349635,17.044077447841673,2.8444953244738764,0.6259912095082382,0.3910371972848537,EngineeringROI_B05,0.6366688154430656,0.0092881498266163,0.0093311320686104,0.6684778563453666,JILONG_EI_0189,10.0,1.4194647293953415,1.1129951176890076,2.987385313139709,0.7006258310258133,3.7427365920819846,0.940997333187734,2.630654334806722,1.4786396124781245
32012.05909247789,72230.42800281942,20442455.09004381,23060578331.02716,26804702911.097485,91.30969125659487,8705.801368176937,61198.28765439987,12091367.450359892,9789025972.671192,7573325188.862864,77.76694912280286,8134,911959,13170,916995,0.0627841781677995,0.05,10,19.59149809999508,0.5214919058593466,0.9204697936629376,0.7690794083197215,0.651530337944496,0.531542266106357,0.922866950857598,0.5900721690510669,4.85999870300293,11.724718521388484,0.5647911657955821,0.2550943961642193,16.12404589757557,1.0334417464557335,0.5558034070575951,0.3604909965155404,EngineeringROI_B05,0.5827548933423089,0.0088702773733771,0.0089192606246552,0.6176157934700076,JILONG_EI_0199,10.0,1.5468430122889512,1.0703029834501716,3.507581611441841,0.7869607294626353,3.614150677627596,1.1272597115645018,2.5688212144577545,1.4572534030723567
40222.31467985641,72501.22977417707,34331585.49860616,43822686784.623886,44527558414.58065,256.1750057976751,8044.09669482708,58060.55367290974,25399129.00727415,14182686215.38202,11609741157.175508,87.44016622952643,9488,902731,15222,908465,0.1292691069403285,0.1,19,25.170514400000684,0.4472034152129416,0.8948863834117089,0.8601268040475206,0.5688918955421626,0.510618831603935,0.584234379918424,0.5403090334427142,4.979999542236328,12.00356645996754,0.5385850582736523,0.2755354801107387,16.584166943560373,1.5877191830959627,0.611530200722843,0.3751558387857627,EngineeringROI_B10,1.0822307026624842,0.0104439906875884,0.0105103292121351,0.6233083694652477,JILONG_EI_0009,19.0,1.4210816273284017,1.076371371376402,7.126930992545435,0.7053390624730825,2.364344759486351,0.9244341323715156,1.7228354861053574,1.3764457168314277
34723.52818476036,80957.28886890411,25376808.590233617,29555542556.124622,32695617830.37517,132.39841732103378,7235.915279984474,66918.94947135448,14582793.201655362,11278673951.30374,7838778525.592303,66.61817910356834,8649,585210,13878,590439,0.1314205973016687,0.1,19,24.69734620000236,0.4564937264495492,0.9091731035521652,0.7580569898005042,0.6177454466626959,0.4896428565307218,0.7093408680990342,0.5541677956196251,4.710000991821289,11.545352111452482,0.4527003917365383,0.3292298883481248,22.953937478597364,1.0476865665599455,0.5769025666819276,0.4032499440108119,EngineeringROI_B10,0.4206433491758375,0.0146484226143598,0.0147793099912851,0.6232166018158236,JILONG_EI_0019,19.0,1.3047303148206308,1.0526875813269778,7.674866208203602,0.704112269380958,1.6400040019488258,0.9417087181183368,1.2426398381815476,1.0988675431105748
37156.73530562222,92481.5048237443,28811680.589952502,36007318607.353355,38825466307.84117,337.49634789254924,8724.505985677242,77445.64424073696,20016810.56825604,15487644821.09194,10650486109.999664,93.9803381020538,8278,769140,14980,775842,0.1306911676744781,0.1,19,24.89943730000232,0.4845645605874827,0.9151052660035311,0.8335144703294834,0.6558390915827924,0.5237528207338087,0.5276961950883051,0.5910052116318649,2.729999542236328,11.524615587992267,0.5226354203342228,0.2758920113672245,12.288191081958717,1.881655004535538,0.6025123627119751,0.3706983291577227,EngineeringROI_B10,0.4710158839460597,0.0106696982117492,0.0107626699950594,0.55260347129506,JILONG_EI_0029,19.0,1.492960469921983,1.0512690879559543,5.999989212376772,0.7319151082181737,1.9751976357516896,0.9107001763871824,1.478685361494427,1.2672913393423193
31955.091040883213,76885.32242523134,20727144.440217003,24945357901.36344,27596105776.552704,365.7411123409984,8018.868165016174,63589.67681330442,15811228.230755627,11538055309.663277,8079374891.224654,97.62044798529683,7692,621525,13648,627481,0.1397165365317841,0.1,19,24.812047400002484,0.5009409178047372,0.9094348422983136,0.8733997572694803,0.6800979074344126,0.5410843585249548,0.5166346227562746,0.6110404692169787,5.549999237060547,13.414196305966875,0.4769542400682826,0.3376230866725163,9.01220231073409,2.22031341707009,0.6188984612145899,0.396810912225081,EngineeringROI_B10,0.7571235649032099,0.0122585385055483,0.0123760106190418,0.563599062133646,JILONG_EI_0039,19.0,1.4963539476921648,1.0362249778287498,7.527793183343663,0.7417486472518794,1.7723814682086798,0.900080714660494,1.3456791889344424,1.1705226746928417
41456.80176700652,81330.60382030904,34403119.76943549,44620929967.68163,47197874190.75491,157.03875714167316,10298.730712890623,66192.45810031891,21378653.7435146,18354430714.21232,13697670883.739418,82.99891656102717,8110,823013,15879,830782,0.1111158438687709,0.1,19,24.87638919999881,0.4984182704519679,0.9021468899586732,0.7882995215720283,0.641358936924471,0.5387188158375779,0.7269972815590082,0.5908298643266588,4.079999923706055,10.6672029647377,0.5253410267583429,0.2699118436182445,10.573466935656668,1.063539892241259,0.5802294807400872,0.3742591494245346,EngineeringROI_B10,0.471871638193386,0.0097618869932184,0.0098540363274942,0.5107374519806033,JILONG_EI_0049,19.0,1.3887767509980429,1.0744466488604385,4.284918493925427,0.7528798593019894,1.860550253824773,0.956245442884583,1.4154129359755097,1.3012017486621872
35336.20548405871,71319.21658104658,25095066.9514793,30098298892.845078,32967696484.868637,158.63836451845418,7903.040045142174,57433.84700870514,21749337.25880676,10960821319.282995,8478537298.684958,69.03956655261021,8623,683462,14334,689173,0.1276753375041159,0.1,19,25.170030299996142,0.4729194059751553,0.8973888548942512,0.9309553124192982,0.6034628975146106,0.5071263372487717,0.6596976182519426,0.5551921776723556,3.690000534057617,11.733147086823111,0.4891938614169234,0.3310241527803782,15.162802815042316,1.5414259724569168,0.6025916384334755,0.3910574046794637,EngineeringROI_B10,0.767148076862846,0.0125120978332,0.0126166487675979,0.6015766708525185,JILONG_EI_0059,19.0,1.3491100686281885,1.0612100190804432,7.18167983149007,0.6961802361989143,1.9766891682916723,0.9389124861359944,1.463753553022907,1.1973896073259132
41179.61009020358,93895.09017384052,32519565.917531945,41913293246.8365,43899213296.85787,56.4482686781848,10905.66010338068,78591.22458148003,18207266.334230226,18582500531.37423,13019506853.880823,121.6077271343859,8048,792534,15482,799968,0.1114744167328189,0.1,19,24.610879400002887,0.5146178711173737,0.9148830599694462,0.7482556461717867,0.6658496625500668,0.5445890421936037,1.4677607593676805,0.6068509571551339,3.5699996948242188,10.042028341155786,0.5410175737928681,0.2577612765621297,61.46411107515724,0.9834698775845528,0.524824123022152,0.3490704615628581,EngineeringROI_B10,0.6476170884327699,0.0100604024160966,0.0101547693852882,0.5198294793954269,JILONG_EI_0069,19.0,1.380985919691995,1.0623100911826366,15.52648510872077,0.7682093318899947,2.1516251221036247,1.174069760941505,1.6073500620917065,1.2484843940515822
34522.367499114014,70680.4330277443,22762082.71220981,27021347192.559574,30356389200.495186,84.34853874377063,8615.153698712587,58434.68328952789,21124689.34957064,11446334959.1512,8079612414.944941,75.59558626184455,8234,568576,14159,574501,0.1274154612492438,0.1,19,24.685617600000118,0.4995526064051399,0.909255101678009,0.9633612358391914,0.6508482276137245,0.5159055592996837,0.946693593361625,0.5833569170217807,3.75,11.39286746431168,0.4638128518892844,0.3222385861561119,43.4570331009854,1.8282667232521344,0.5667683964187294,0.3856322422577514,EngineeringROI_B10,0.7810177356270257,0.0143324380636413,0.0144817931112111,0.5815382442262872,JILONG_EI_0079,19.0,1.3098291448199328,1.052844285076996,12.863532594957688,0.737802561106186,1.740951148382898,1.002090469998672,1.3228094307008054,1.071713527665648
41530.30475248397,92778.21813547613,36418069.18719026,48247420689.86666,49005519897.72861,335.1282274788109,9689.867715239525,76140.21638679504,23026231.95117796,19443704199.45096,15222601423.252428,95.980500269834,8295,750745,15977,758427,0.1183703105284607,0.1,19,24.645462000000407,0.4830325140089619,0.9059078848292966,0.795157169777518,0.6348227064494053,0.5573422129695361,0.535162901703884,0.5970385995133727,2.3699989318847656,11.002237862640328,0.4960596681651973,0.2938655462184874,9.548346952141568,1.6819094194419295,0.5976563123577722,0.3913899673179337,EngineeringROI_B10,0.2799861965364135,0.0109371106250173,0.0110490246355287,0.5191838267509545,JILONG_EI_0089,19.0,1.4851158071799646,1.0785327596308236,3.1670908864968443,0.7310381113999557,2.0082880774383365,0.9242998136225196,1.5035127555700534,1.2393419563804162
35330.011182207614,81570.61096382141,25931617.838365976,31422612033.22519,34421923012.18359,374.2275019290392,7777.403926074505,66937.43642365932,15343593.021029944,13361521259.198326,9974221025.576584,95.69413783882072,8062,534262,14577,540777,0.1287000061259964,0.1,19,24.630289100008667,0.4691864270467675,0.9058737608482882,0.7692167435633036,0.6520889063428227,0.5382969628190948,0.505678881490047,0.5953206431851078,3.5699996948242188,11.956666788293257,0.4262312768166172,0.3384645942993345,8.832035731479063,2.213765239643738,0.6173483070562226,0.4187964952946563,EngineeringROI_B10,0.2178633981934568,0.0149081784173513,0.0150899745817595,0.5530630445221925,JILONG_EI_0099,19.0,1.3832212109512338,1.0558202316854977,3.2097835484187915,0.7251579258121332,1.5523887149068458,0.8982993486335134,1.20066324808084,1.0576082923485606
35432.725008778274,74914.23455935717,26718022.109859217,30719942261.082848,34298382133.7913,100.1941066053114,7227.868020892143,60627.62884652615,14650328.854009189,10986222818.109957,8191652941.746233,63.3931725498277,8713,575154,13949,580390,0.132809156492833,0.1,19,24.73745129999588,0.4516508480920604,0.8996076054936731,0.740493983476136,0.598017652630728,0.4887074445102693,0.7954266817293559,0.5431032027778496,4.680000305175781,11.17859148937212,0.4371777267282768,0.334881021474173,28.034864854102864,1.1319686511360905,0.5733391985563202,0.4157934473164089,EngineeringROI_B10,0.280874009623047,0.0150123193025379,0.0151489861845696,0.6246325901498315,JILONG_EI_0109,19.0,1.255932050417809,1.0574692423818075,5.242122308239124,0.7022624562718133,1.4797061421431703,0.9588743130316224,1.1410134758090575,1.085664076629989
29664.16461913288,49934.99145291746,18274056.568535265,19964594959.49474,23527586264.43009,437.5020383175179,6612.052519798279,39556.855336904526,16896407.31323292,8784132611.36338,6703332013.44346,112.00744284938504,7600,582678,12548,587626,0.1408437836876626,0.1,19,24.68241660000058,0.4721196603207702,0.8900376729833204,0.9615673371998564,0.663314040118731,0.5337730934106196,0.5059800583486731,0.5967392020276203,5.789999961853027,12.90461554164653,0.4468177771564507,0.3534564844791468,13.592023849176986,2.927111373303195,0.6598365748999133,0.420619330493086,EngineeringROI_B10,1.31716948927812,0.0129333964120035,0.0130432245597053,0.6056742110296461,JILONG_EI_0119,19.0,1.4189882471856778,1.0571135162728424,8.45483557846842,0.7669260879874031,2.645212475634112,0.8808350087299891,1.911503533566001,1.1398980470993685
40077.152742907405,102325.2629685998,33278552.74885588,42683483816.23633,45267366764.87392,275.5953811859654,10158.280240774156,87253.80440354347,25293946.5686042,19347653934.88282,14029263581.55702,102.8883824587935,7975,703929,15637,711591,0.144288380431185,0.1,19,24.857858999996097,0.5034561669274809,0.9234231356701902,0.8718185048068459,0.6732621904776674,0.5567046147996222,0.6110084303108451,0.6160317424714891,2.399999618530273,11.832167933975066,0.5057411419662433,0.2911218169304886,38.81303378793434,1.189210906301758,0.5678372289387539,0.3735790562008034,EngineeringROI_B10,0.754545931367339,0.0112072805867415,0.011329267582384,0.5100083136151435,JILONG_EI_0129,19.0,1.5495296264607543,1.0481178869092114,14.673193273064834,0.7506270385250018,2.14044926601922,0.9391046071163366,1.5976704001344844,1.2023259187370376
34078.62169221509,68648.96600997448,22901121.856757905,27420508326.108334,30356588774.160496,272.2324782969081,7948.346287846565,56037.084278821945,17159982.46983075,10339951665.03456,7835716724.752476,78.78456388351385,8600,698272,14236,703908,0.1381936521063643,0.1,19,24.64639920000627,0.4829446720754637,0.9034846218342332,0.8656254990165957,0.6140751224909877,0.5080575151416102,0.537960760960054,0.5608766192853109,3.930000305175781,12.337342792509736,0.5000562630847508,0.3318014705882353,16.99106115783403,1.6220065166711264,0.6028036517068007,0.3865114696883206,EngineeringROI_B10,1.0840824858166689,0.0122175056967671,0.0123161175014893,0.6041022759202023,JILONG_EI_0139,19.0,1.4700295429952392,1.045267079765058,12.224912190478676,0.7219413471877405,2.1470354097927618,0.9345778612681164,1.5838033493076624,1.2289211066385983
37309.28019087389,61085.04558469355,28859161.51000511,35094244483.431915,37345145842.27022,324.94154228115826,7362.678178191185,49959.385771512985,43945594.09659642,10953328314.4668,9349488272.23284,90.99520820796396,9463,919590,14504,924631,0.1253057148740044,0.1,19,24.70974340000248,0.4442316259701193,0.9043594769267526,1.2340018638577095,0.5586696825690337,0.5003533832233598,0.5291839245533699,0.5294083079925189,4.020000457763672,12.611958180065756,0.5610265072955524,0.2598172211909181,36.32137604395998,1.7671095697957588,0.6092917920884972,0.3543455352124357,EngineeringROI_B10,1.6623932799692405,0.0102343529472838,0.0102904555290944,0.6524407060121346,JILONG_EI_0149,19.0,1.5036715981306048,1.0658577880670228,11.583096951888717,0.704622170594615,2.770270302005156,0.941776825715442,1.9892363116001748,1.388527221709189
32328.623210713267,76689.6539349556,21810423.04252069,25000767984.394268,28560699926.19287,183.4296433017298,7887.786573797464,64227.94254267216,15990298.712074392,11410048403.568226,7823760806.623136,57.35590020732408,7955,586398,13511,591954,0.1289573298823553,0.1,19,24.71622539999953,0.4939511157145026,0.915152806900907,0.8562414417876735,0.6755648867361553,0.5233875154614881,0.5591834245431382,0.5992477560769084,4.409999847412109,12.13048979348236,0.463825917649752,0.3267190569744597,13.33544726817371,2.6046992423488216,0.5903719082304304,0.3943353388655772,EngineeringROI_B10,0.3979676219159895,0.0134385442112056,0.0135658716434912,0.588779512989416,JILONG_EI_0159,19.0,1.3440425737069062,1.054358647550666,6.805228716878193,0.7527685218502695,2.2533262224083024,0.908467165714452,1.654769101246971,1.1051063274761963
38451.372286666185,84426.82640565932,33327082.84270499,40651093598.54572,43246621440.80403,295.98925423133187,7334.580264091492,69703.91830205917,40653684.848717526,13690342024.126938,11142872562.758476,76.36489134424507,9165,749057,14841,754733,0.1186567221324593,0.1,19,24.622370400000364,0.4367487903590024,0.9086327032219538,1.1044633462826066,0.5803246689714565,0.5076010239326308,0.5079358857057481,0.5440532440090106,3.8699989318847656,12.11829812074384,0.4844128723350507,0.31699012597889,17.493412840692866,2.382328366617948,0.5885123271062014,0.4050451819764045,EngineeringROI_B10,0.2515190393502626,0.0121433672570299,0.0122353839560941,0.6175459874671518,JILONG_EI_0169,19.0,1.260505212732817,1.058594063884205,7.651611029776276,0.6712878158338779,2.03477787275093,0.882852371376509,1.4904622535222816,1.238714201695708
36491.659354142845,68698.8699157536,27100964.614665315,32932665280.28005,35219395577.81594,152.8823588847772,7739.934323728085,55216.36967241764,16228295.842422543,12043565230.643522,8960398740.692226,60.40175723775136,8486,592772,14387,598673,0.1269362828304486,0.1,19,24.6435521000094,0.4605447455515855,0.8965182366495151,0.7738273647945338,0.6047335932537212,0.5043972602332452,0.628559072442465,0.5551510119555001,3.809999465942383,11.733958553729783,0.4408845751005453,0.3469483129264417,13.655870950230732,1.584820035084047,0.5906756303895846,0.42159156798215,EngineeringROI_B10,0.3283507875213777,0.014174683007251,0.0143157908943067,0.5898380482379927,JILONG_EI_0179,19.0,1.304237182267494,1.060585846952256,3.267461684497368,0.7076044633254707,1.7762299239967625,0.9371384368261526,1.3349783411019809,1.119983001148842
33691.83037099242,55903.44233979285,24481840.55096493,26994969340.09335,31369451238.91772,210.35014229263103,6408.432544544339,43542.90707051754,11842697.777469926,8714629534.955671,7054950384.217623,58.0867141866174,8842,669599,13435,674192,0.1246805654464872,0.1,19,24.692487400010577,0.4361276345091164,0.8825502347219163,0.6955098590752673,0.5681762100741529,0.4742349105614849,0.525493078437887,0.5197996383970386,5.700000762939453,12.21422560997045,0.4648774248501736,0.3415349085095043,61.01438377904509,3.38404679360512,0.6263193969899518,0.4159012149519481,EngineeringROI_B10,0.6992030488695244,0.0131149583501435,0.0132049181674405,0.6581317454410123,JILONG_EI_0189,19.0,1.3158800056410942,1.0729620664135648,9.126974797569336,0.7013206859113835,2.260765738474606,0.9116061903196188,1.639811442211191,1.195815549306933
32012.05909247789,72230.42800281942,20442455.09004381,23060578331.02716,26804702911.097485,91.30969125659487,8079.712437927723,61011.39718401432,13655823.480408749,9903905695.768513,7073209435.606755,78.34693616052074,8133,632069,13170,637106,0.1432315928696804,0.1,19,24.608973300011712,0.5023901861488914,0.919063230044244,0.8173205545412062,0.6553422243079464,0.5136919496984503,0.926301935784214,0.5834891846409154,4.709999084472656,12.195422761247192,0.4980719013545603,0.3101634955540682,23.5093274786893,1.0232457592550614,0.5524222337804919,0.3699316836634523,EngineeringROI_B10,0.8528831568132716,0.0127655366610893,0.0128672660737989,0.6175398633257403,JILONG_EI_0199,19.0,1.3732782334493012,1.0271662672069204,14.34544856435128,0.7613004713848477,2.462525357498939,1.018528719181957,1.7930984201265543,1.1442754631238663
40222.31467985641,72501.22977417707,34331585.49860616,43822686784.623886,44527558414.58065,256.1750057976751,8166.951606869698,55557.46121740341,36583780.08945227,14671961859.30365,12311039870.615936,93.23637625854174,9474,676921,15222,682669,0.2540931972511293,0.2,37,37.43886500000372,0.4506054720569082,0.8753838082008998,1.0322796328125317,0.5786215365955542,0.5258149476400565,0.6032874842187488,0.5526386449713679,5.069999694824219,15.25720300020038,0.4812788876362698,0.317777589565512,21.69863267923261,1.541894192615677,0.6171322866566266,0.3889455132308137,EngineeringROI_B20,1.829544440178484,0.0138778822533321,0.01399572475961,0.62238864800946,JILONG_EI_0009,37.0,1.378030201183298,1.0551305445948502,9.377747137016552,0.7176872304853089,2.310542548707712,0.9346364234187003,1.6897295032116393,1.1534352393657463
34723.52818476036,80957.28886890411,25376808.590233617,29555542556.124622,32695617830.37517,132.39841732103378,8044.732084989548,65587.91001224518,39882915.27269296,11884195780.197702,10000492403.4043,78.32029993144116,8494,495718,13878,501102,0.2539461627013602,0.2,37,37.16755159999593,0.4813310401172161,0.9000858163909048,1.2536460769832276,0.6341112099312085,0.5530519372741023,0.7691229564217879,0.5929204860006216,5.850000381469727,11.088591409453624,0.4373139819933239,0.3180068867733441,22.441185913178533,1.2131662769319422,0.5251743549708124,0.3814460094353198,EngineeringROI_B20,0.9301209761754472,0.0169506407877039,0.0171347419298875,0.6120478455108805,JILONG_EI_0019,37.0,1.319144112669235,1.03542918567166,8.425294195886533,0.7380280001977416,2.3524993872707625,0.9650962588069948,1.7114533407304433,0.9612545999669332
37156.73530562222,92481.5048237443,28811680.589952502,36007318607.353355,38825466307.84117,337.49634789254924,9239.590472221376,75651.39139389992,26731772.352381617,17297186290.046135,12364281223.661331,83.84821250063935,7840,500996,14980,508136,0.2534388004448154,0.2,37,37.0888896999968,0.4986635068000661,0.9044426131954224,0.9632290705793958,0.6930943213701729,0.5643208506834739,0.4984394010848681,0.6295791880208884,2.729999542236328,12.349930263169997,0.446049576740365,0.3093553459119497,12.94938945824012,1.3493356913761263,0.5803948299068009,0.374128152726499,EngineeringROI_B20,0.7121679973651988,0.0154289402837035,0.0156488275355491,0.5233644859813084,JILONG_EI_0029,37.0,1.4905715235200216,1.0311748966426455,7.313762836681525,0.774355640980548,2.9211701848535565,0.9108975265291204,2.1191746338903763,0.9646420794398964
31955.091040883213,76885.32242523134,20727144.440217003,24945357901.36344,27596105776.552704,365.7411123409984,8355.213892281055,63182.89130592346,39277507.7753863,12847339327.859297,10327617790.384945,83.88598485071851,7322,442668,13648,448994,0.2630993160154817,0.2,37,37.093562800000655,0.5113388101379022,0.9065213312529576,1.3765824381282432,0.7176484114133458,0.6117530989298606,0.4789143090565708,0.6641380858166435,5.549999237060547,15.346993331100558,0.4178705210221635,0.3438359061112286,11.085973592026129,1.862580985171201,0.6014453109765767,0.3957397637977008,EngineeringROI_B20,1.5155819338415275,0.016307567584422,0.0165406128294794,0.5364888628370457,JILONG_EI_0039,37.0,1.4840189746324328,1.0244367061421895,10.991800817750216,0.8165004669947112,2.761510223611978,0.8973142511936437,2.0130926712962136,0.9481287482311718
41456.80176700652,81330.60382030904,34403119.76943549,44620929967.68163,47197874190.75491,157.03875714167316,10687.797446131706,65143.0353051424,29553998.14635105,19234907944.212143,14420784962.402311,84.01938634228082,7850,565866,15879,573895,0.243913567295347,0.2,37,37.057027200004086,0.50774564817235,0.8949669484131936,0.9268494726853564,0.6565620060997378,0.5527557020025832,0.7314528356405325,0.6054293237379831,2.34000015258789,12.276250052990186,0.449101420831666,0.3252899364010475,15.541057340773062,1.1242960873696533,0.5946088427532268,0.3930522157788164,EngineeringROI_B20,1.1063679462568432,0.0136784603455335,0.0138725422626558,0.4943636249134076,JILONG_EI_0049,37.0,1.3379022492290442,1.0297127640403996,5.331948935059793,0.7533929223377868,1.3410606734546011,0.9419295612708328,1.0855466922040593,1.0456309180476482
35336.20548405871,71319.21658104658,25095066.9514793,30098298892.845078,32967696484.868637,158.63836451845418,8432.71218931675,57309.65963816643,46236829.32220072,12163331683.096443,10234650696.366096,81.01227548467288,8452,486410,14334,492292,0.2702214781689056,0.2,37,37.12986070000625,0.4885102528642288,0.8964181322593275,1.3573749904014685,0.6357045202298276,0.5571757558355381,0.7146136434164471,0.5959458804470575,5.490001678466797,15.434476124682837,0.4323240439427013,0.3261390887290168,16.794021275833295,1.5376704537531476,0.5953891327299851,0.3861894564113418,EngineeringROI_B20,1.4883553478394471,0.017168672251428,0.0173762874940893,0.5896469931631086,JILONG_EI_0059,37.0,1.3475600844884648,1.0360791959264124,13.933131063699454,0.7638602081274343,2.48892278142315,0.9651212892323278,1.8170161788241377,0.960856977417487
41179.61009020358,93895.09017384052,32519565.917531945,41913293246.8365,43899213296.85787,56.4482686781848,11510.421963632109,78531.2864317894,29593149.453270912,19240804265.33633,13582720106.215094,131.15745678047517,7877,587253,15482,594858,0.2540232162502265,0.2,37,37.12166740000248,0.5286941528814888,0.9145341224295376,0.95394475345696,0.6775412138091054,0.5562435742017094,1.5243025645535109,0.6184681107411513,2.309999465942383,11.162307880037314,0.4960178255349435,0.2828064909483163,94.37314777995084,1.0653130059221962,0.4838307030248137,0.3416037792224001,EngineeringROI_B20,1.280610925618298,0.0132418156938294,0.0134132988677793,0.508784394781036,JILONG_EI_0069,37.0,1.3562154288649164,1.042880044110288,21.81951516714337,0.7797872006763483,2.3539380860025583,1.1840575507983686,1.7442753630444832,1.0080085342567418
34522.367499114014,70680.4330277443,22762082.71220981,27021347192.559574,30356389200.495186,84.34853874377063,9120.296687364578,57060.989503741264,38119855.10700621,11957705155.538752,9618679623.980082,91.09526660964472,8183,508831,14159,514807,0.2661739068286992,0.2,37,37.04650799999945,0.51398944122557,0.8985040695784213,1.294105318425102,0.6652278479948968,0.5629018469885309,1.0392238950519457,0.6132218680096452,5.580001831054688,13.824336121158376,0.4530272498937086,0.31342094782955,44.79588240318645,1.395052872963067,0.5478955142602621,0.3725143671698952,EngineeringROI_B20,1.7304227053472363,0.0158952772592447,0.0160819604151476,0.577936294936083,JILONG_EI_0079,37.0,1.3147089409034425,1.0324624869797772,17.09437659834698,0.7698813286226668,2.0957344049044617,1.0540609314162652,1.5603339634102615,0.9803280123989736
41530.30475248397,92778.21813547613,36418069.18719026,48247420689.86666,49005519897.72861,335.1282274788109,10084.56818127632,73973.1086820364,32183130.44540204,20512673207.994984,15130913986.411991,88.25924324835711,7952,554932,15977,562957,0.2362320889052248,0.2,37,37.02220989999478,0.4927720812932731,0.8929228183578626,0.9400602398452996,0.6520397619203772,0.5556612105797818,0.5131857576112362,0.605395699761529,2.3699989318847656,12.162083356744713,0.4391925970911262,0.3202021147188172,11.432048596721716,1.154549706915663,0.6019227712581653,0.3990395730230736,EngineeringROI_B20,0.7889455443469555,0.0141254127757537,0.014329683636914,0.4977154659823496,JILONG_EI_0089,37.0,1.3689995438844402,1.0227467086720403,3.899006606574535,0.7224899986471762,1.4025663425991166,0.8802038592027314,1.111296985405584,1.0340476085208674
35330.011182207614,81570.61096382141,25931617.838365976,31422612033.22519,34421923012.18359,374.2275019290392,8230.91807642579,64685.38991653919,19374323.05109692,14114942618.821678,11816239976.122482,79.79552028324815,7706,434487,14577,441358,0.2487211450678496,0.2,37,37.23275920000742,0.4826721624418171,0.890504754590296,0.8643675656810478,0.6702215947280178,0.5858980961354631,0.4617654179692724,0.6275542772963132,2.729999542236328,13.373125289049414,0.3923882336403252,0.3425763062596999,8.824479271245806,2.122815814846457,0.6238424582969804,0.4141834297745755,EngineeringROI_B20,0.7139461034620691,0.0174597492285174,0.0177358586102691,0.5286410098099746,JILONG_EI_0099,37.0,1.376127467374182,1.024449197091803,3.855917297606092,0.741351589244535,1.6458017649088923,0.8638112758007095,1.2645177993550796,0.9319383719741068
35432.725008778274,74914.23455935717,26718022.109859217,30719942261.082848,34298382133.7913,100.1941066053114,7845.108389139175,59208.419984579086,20229896.715721056,11548048907.50651,9326728755.970188,72.9119973760423,8645,496457,13949,501761,0.2526628940738641,0.2,37,37.13371359999292,0.470540703291803,0.8890159702257336,0.8701511135211518,0.6131180611536029,0.5214682316731198,0.8530577035237913,0.5666214912814007,4.530000686645508,11.540915492135037,0.4200651530041451,0.329741594333034,24.214217939511936,1.2098441503933883,0.5285613087903357,0.4006590851952072,EngineeringROI_B20,0.5802129015980163,0.0172293183408036,0.0174133912906858,0.6197576887232059,JILONG_EI_0109,37.0,1.217755129441737,1.0309045722252417,5.657327210896536,0.7141175835251625,1.8882686946987688,0.957485090449973,1.4023979099888209,0.973691551381477
29664.16461913288,49934.99145291746,18274056.568535265,19964594959.49474,23527586264.43009,437.5020383175179,7247.285542011261,38782.13681870699,26511766.383131538,9038709778.964363,7779543843.627864,102.55531108349804,7555,595451,12548,600444,0.251322353760979,0.2,37,37.05837210000027,0.4942783919678796,0.8812789101124768,1.204486258306844,0.6728573009534388,0.5750271879756712,0.4841601465379665,0.6218488767927444,8.279999732971191,17.080489478119603,0.4526409363205518,0.3635375494071146,14.047034074868264,2.3775836810335105,0.6512731574635782,0.4181974327028063,EngineeringROI_B20,2.922536925874861,0.0125823557234313,0.0126878618055893,0.6020879821485495,JILONG_EI_0119,37.0,1.416553683600248,1.0785208141427758,13.256233275449969,0.7953611888795162,3.092052721861461,0.902268601854674,2.2143424786966857,1.1504365657527913
40077.152742907405,102325.2629685998,33278552.74885588,42683483816.23633,45267366764.87392,275.5953811859654,10451.4736597538,88710.1215993166,74261242.3091414,20988103318.06765,15035757550.40902,92.4798281811953,7644,529609,15637,537602,0.2532993170364812,0.2,37,37.07831529999385,0.5106699881391074,0.9310974828432846,1.4938221323172989,0.7012238309906955,0.5763284265890689,0.579278673145085,0.6399928268346556,2.399999618530273,11.859650306872554,0.4697133148382808,0.2941518202943454,90.03095411279796,1.964402471207552,0.529696657511754,0.354838729493203,EngineeringROI_B20,1.4287376922624055,0.0142186971030613,0.0144332894644917,0.4888405704419006,JILONG_EI_0129,37.0,1.5502844749656903,1.046048005020721,24.465102541122345,0.8052767223003783,2.730813915938596,0.9372555059903208,2.004777512934134,0.971662093344132
34078.62169221509,68648.96600997448,22901121.856757905,27420508326.108334,30356588774.160496,272.2324782969081,8538.705571711063,54988.6405364871,32329527.43009594,12249286809.676584,10671754637.924677,82.19623738832759,8216,525617,14236,531637,0.2611861120257564,0.2,37,37.04517209999904,0.5005586937046366,0.8949926965065926,1.1881500740387991,0.6683710815380076,0.5929136271479662,0.5494852012184583,0.6298531625937362,5.6100006103515625,15.546503884027471,0.4553227317363384,0.3271947773555491,17.90058665249429,1.7440579752684475,0.6002552803936668,0.3796735120315632,EngineeringROI_B20,2.461187731561454,0.0154541538681468,0.0156311534824786,0.5771284068558584,JILONG_EI_0139,37.0,1.4831175313852851,1.018697985255208,23.97555304420884,0.8159487429345007,2.8381443383957805,0.934592134511577,2.063326458576912,1.0126579937110796
37309.28019087389,61085.04558469355,28859161.51000511,35094244483.431915,37345145842.27022,324.94154228115826,7498.803989887238,48190.03929543495,35077264.42746037,11215236601.323551,10552213197.560392,97.2717240428494,9450,712297,14504,717351,0.2619997209268291,0.2,37,37.14043729999685,0.4483194344649379,0.8882008594322376,1.1024807216309065,0.5653094838404826,0.5315629447568718,0.5471302009187249,0.5481714118383991,6.120000839233398,15.85573428806725,0.5143056039991143,0.2978109621584931,33.9872416730693,2.0721350824995954,0.6033330066987678,0.3611493997648649,EngineeringROI_B20,2.931391842241391,0.0131734673820765,0.0132669378082457,0.6515444015444015,JILONG_EI_0149,37.0,1.4645577317403036,1.0423794200093224,16.011235838067236,0.743387128924059,3.177886484549361,0.958102270030353,2.270473045275633,1.171840669707554
32328.623210713267,76689.6539349556,21810423.04252069,25000767984.394268,28560699926.19287,183.4296433017298,8264.667793989182,63647.41600418091,25565319.53790687,12400400692.11805,9797911429.622534,56.75032410577083,7646,420188,13511,426053,0.2620517280840351,0.2,37,37.06570350000402,0.5056140061030188,0.9110075984214028,1.0826636803952543,0.7042732359319395,0.5857095853281094,0.5562236009293406,0.6437744572197791,6.240001678466797,13.25412633264815,0.4096565333521459,0.32345042432055,15.547094662082715,1.7268746769854295,0.5612074635021651,0.3853672845484134,EngineeringROI_B20,0.8438282674162321,0.0179461240737654,0.0181966167525012,0.5659092591221967,JILONG_EI_0159,37.0,1.366504071448435,1.0286181027054495,9.68466006041965,0.8018542282993731,2.2567989824665378,0.9129763256686916,1.6689439010668834,0.8934029081722423
38451.372286666185,84426.82640565932,33327082.84270499,40651093598.54572,43246621440.80403,295.98925423133187,7600.520157635212,66922.59376478195,21449738.65317656,15071954078.945868,12195296339.896805,70.07559823403834,8732,554764,14841,560873,0.2350485272508995,0.2,37,37.080046600007336,0.4445961889436582,0.890320042593429,0.8022548513267168,0.6089037719524311,0.5310312591952646,0.4865701190404407,0.5700928666218197,4.829999923706055,12.219440876395552,0.4295612098950163,0.3315201554152501,15.103327581516574,2.5641800112938453,0.5614724048575818,0.4094677502903955,EngineeringROI_B20,0.4940714621018133,0.0155685868280341,0.0157400263895999,0.5883700559261505,JILONG_EI_0169,37.0,1.294713001148564,1.0312014394582665,3.4831509801568217,0.6957781140127826,1.51388434070328,0.8992432637290982,1.1626360031480047,1.0327603678982094
36491.659354142845,68698.8699157536,27100964.614665315,32932665280.28005,35219395577.81594,152.8823588847772,8237.270334362984,53882.67849218845,25991950.36727631,12625714604.676102,10854457453.233814,66.56717070377842,8419,517562,14387,523530,0.2502110065437553,0.2,37,37.087512300000526,0.4751107461437517,0.8856248450240436,0.9793254931991344,0.619176612779398,0.5551535369220713,0.65985933008627,0.5869635611615192,5.6100006103515625,14.425000460404489,0.4176960918172956,0.357218940641038,13.472202128080768,1.565246171790326,0.602202820737059,0.4209353382320782,EngineeringROI_B20,1.0525053892812988,0.016081217886272,0.0162666501791089,0.5851810662403559,JILONG_EI_0179,37.0,1.2922845061198192,1.0300870828097202,5.325129853451206,0.7320361452437079,1.717170163193254,0.9149625538467598,1.3041280883550226,1.030370000534345
33691.83037099242,55903.44233979285,24481840.55096493,26994969340.09335,31369451238.91772,210.35014229263103,6898.515802323818,43205.70863878727,27884092.626391225,8664167137.926207,8486986888.72192,66.35509907513197,8906,597382,13435,601911,0.2560729257333541,0.2,37,37.08389979999629,0.4524968174189414,0.8791263367372516,1.0672255791612009,0.5665287986786537,0.5201436547761892,0.5616499776159004,0.5420914835268135,7.649999618530273,16.73767677034763,0.4524440857297678,0.3325150027277687,59.1209147193828,3.018711274888192,0.6045868792452789,0.4037009346099502,EngineeringROI_B20,1.6698762984674305,0.0147962074127238,0.0149083835803556,0.6628954224041682,JILONG_EI_0189,37.0,1.26600769122833,1.057017881357693,12.360652457768715,0.7097092338762,2.656590831112418,0.9165575722723516,1.902892731108122,1.0949681572655774
32012.05909247789,72230.42800281942,20442455.09004381,23060578331.02716,26804702911.097485,91.30969125659487,8591.15055167675,59556.031012415886,23972645.137641523,11159269606.006598,9480711081.657604,96.47115542525448,7814,491566,13170,496922,0.2721845090566901,0.2,37,37.12723909999477,0.5180466383763446,0.9080353991979936,1.0829077259245334,0.6956371830382215,0.5947233045871948,1.0278749990638965,0.6433621496930724,6.690000534057617,13.11507066307773,0.4661735255999444,0.2995984762689179,30.955460587604662,1.244270592570315,0.4499754709625972,0.3521135325993784,EngineeringROI_B20,1.9157210230916335,0.0157248018803755,0.0158961360224262,0.5933181473044798,JILONG_EI_0199,37.0,1.413493919400919,1.0124860701429532,23.087990089453974,0.8565486632535912,3.038569216854525,1.1012291484760384,2.1950142170151383,0.9479936339369296
40222.31467985641,72501.22977417707,34331585.49860616,43822686784.623886,44527558414.58065,256.1750057976751,8712.05580317974,55606.29132795334,44381055.22176933,15014158592.898296,13239430280.566986,91.60132692040946,9415,824278,15222,830085,0.1179189968851009,0.1,19,24.948433100013062,0.4654004453890196,0.8757684163077663,1.1369775298009308,0.585330290369254,0.5452808019085583,0.5979742806781541,0.5655004190542963,3.239999771118164,12.362517575075575,0.5158298612677927,0.2955099473146182,24.49493437675879,2.082508004526735,0.5946985981178324,0.3868186185181636,EngineeringROI_NoDiversity_B10,0.8478850359941605,0.0113422119421505,0.0114221172953785,0.618512679017212,JILONG_EI_0009,19.0,1.459944543145807,1.1054178088166051,5.828818673067636,0.705657922576001,2.9735263311075224,0.9117274292067752,2.13212442504114,1.3115054853194652
34723.52818476036,80957.28886890411,25376808.590233617,29555542556.124622,32695617830.37517,132.39841732103378,8692.02769458294,65720.66524767876,14128961.715981975,12295662320.498112,11293285920.392883,78.39075484772829,8508,577542,13878,582912,0.1178017946617046,0.1,19,24.59748799999943,0.5003208796372643,0.9009962791624996,0.7461680037234694,0.6449952192996338,0.5877131222833866,0.7694688202169541,0.6155744179150989,4.829999923706055,12.44680862736406,0.4426469649655545,0.3317464762438159,21.038223541465744,1.3176812620222982,0.5741589454575196,0.4158637435594586,EngineeringROI_NoDiversity_B10,0.2960553800635155,0.0145956851119894,0.0147313961582014,0.61305663640294,JILONG_EI_0019,19.0,1.3245599520661917,1.069797729217209,4.223600778244679,0.7369566119295979,2.274281465048168,0.9564212024865998,1.6599114449272858,1.1083069564965424
37156.73530562222,92481.5048237443,28811680.589952502,36007318607.353355,38825466307.84117,337.49634789254924,9665.169449806212,76511.83531147242,20384923.265671164,16709647824.605858,13005514599.77855,85.40127109651255,8010,716198,14980,723168,0.1338051095064404,0.1,19,24.595306999995955,0.5100185379011749,0.9095715459908076,0.8411437934652842,0.6812213609284854,0.5787692250033593,0.5030343342636229,0.6301487807601555,2.729999542236328,11.59552446122353,0.5041472979341349,0.2996680062904071,14.67998841914635,1.9285133304261053,0.5514427899548221,0.380752019348946,EngineeringROI_NoDiversity_B10,0.4516697866834598,0.0110762644364794,0.0111840580398158,0.534712950600801,JILONG_EI_0029,19.0,1.530398169211025,1.0582171614974425,6.855638414540132,0.7643300544895034,3.259528778662528,0.9102732036587092,2.3470785799601206,1.2228139901871606
31955.091040883213,76885.32242523134,20727144.440217003,24945357901.36344,27596105776.552704,365.7411123409984,9003.991180539131,62775.40152943134,14015057.154497728,14127959046.154182,10688907761.54688,81.5299313002721,7111,490745,13648,497282,0.1329858638378176,0.1,19,24.530265900000813,0.5308202728215325,0.9035933574638884,0.8222950949394625,0.752566433999061,0.6223615650264169,0.4721409260261188,0.6872620946283927,5.520000457763672,13.557042543107356,0.4253653245069032,0.346912220998899,9.117479151731422,2.197144134404893,0.6035894234264471,0.4134642920675032,EngineeringROI_NoDiversity_B10,0.2524474038666524,0.0142997333504932,0.0144902138585212,0.5210287221570926,JILONG_EI_0039,19.0,1.505871965364343,1.0437895691246466,2.780780866168787,0.8186294735585277,2.208948209816436,0.9006622127682572,1.6486632102177448,1.0336551290402285
41456.80176700652,81330.60382030904,34403119.76943549,44620929967.68163,47197874190.75491,157.03875714167316,11157.96595478058,64680.85803472996,49578932.00931243,18915357647.09232,16516258859.25558,85.87740739169288,7972,804683,15879,812590,0.1049330543452458,0.1,19,24.680667199994787,0.5187936103635993,0.8917864882470027,1.2004654627249425,0.651085419680745,0.5915543078193143,0.7394963549496029,0.6211974542127637,2.34000015258789,11.23300701275572,0.5215209373978806,0.2694790571986188,16.861938771137233,1.2639191033757609,0.5745883797350227,0.3753792057166246,EngineeringROI_NoDiversity_B10,0.5757095315465774,0.0098106055944572,0.0099070068586014,0.5020467283833995,JILONG_EI_0049,19.0,1.433906231498027,1.098251058151844,4.62941131228715,0.7520881692358254,1.9078643652739629,0.919109301913174,1.4461242251222262,1.28037536797119
35336.20548405871,71319.21658104658,25095066.9514793,30098298892.845078,32967696484.868637,158.63836451845418,9172.6282222867,56215.13720417023,17172966.242576234,13015443538.848251,10905965422.669235,77.25254065947273,8295,574747,14334,580786,0.1178086545014587,0.1,19,24.66312680000556,0.5094914963512446,0.8878167932040375,0.8272341957918485,0.6575950129209838,0.57515878365825,0.6978342383002246,0.6158795029498109,3.84000015258789,11.983521265909076,0.4466785437621089,0.3311033724340176,15.374716646794582,1.519926595096325,0.5945669347635524,0.4103461304780988,EngineeringROI_NoDiversity_B10,0.4581633898197181,0.01428236906537,0.0144324372289024,0.5786940142318961,JILONG_EI_0059,19.0,1.3858793651951389,1.0753201431925936,3.781220684926496,0.7519711915933919,2.1089110001782507,0.9424616583374562,1.5639389834237074,1.1007244418709388
41179.61009020358,93895.09017384052,32519565.917531945,41913293246.8365,43899213296.85787,56.4482686781848,12201.833283305168,77685.49490499496,36331089.93432432,19596178443.418373,15856838259.48792,135.53110085101773,7962,760763,15482,768283,0.0990639562535788,0.1,19,24.65124939999077,0.544341478200697,0.909595968320712,1.0569801796022218,0.6837696179129492,0.6010075523726074,1.5495092381056728,0.6427636433645739,3.6000003814697266,10.677482672400409,0.5275236968058337,0.2615192051943988,25.927581509584662,1.04840609795971,0.5239709850527534,0.3592750904234195,EngineeringROI_NoDiversity_B10,0.48198726939675,0.0103633687065833,0.0104658086684026,0.5142746415191836,JILONG_EI_0069,19.0,1.417977313205763,1.0743400648541532,8.411623833382837,0.7888430647205974,2.192144953585057,1.1611361893395984,1.639117974579275,1.22747679621139
34522.367499114014,70680.4330277443,22762082.71220981,27021347192.559574,30356389200.495186,84.34853874377063,9817.460075199604,55821.83823633194,14663511.23592126,12986786018.326397,12074051457.211246,88.65177443687082,7919,521259,14159,527499,0.1249935123996123,0.1,19,24.693935800009054,0.5332726200803853,0.8886944463148906,0.8026255667321681,0.6932619167171158,0.6306689577558637,1.0251913537026902,0.6608852886515955,5.25,11.783028370084269,0.4453862683955203,0.3161778618732261,14.466318311188449,1.7072485636230228,0.5730016753667992,0.3910057162675472,EngineeringROI_NoDiversity_B10,0.3891414654038774,0.0150123507343141,0.0151920638300729,0.5592909103750265,JILONG_EI_0079,19.0,1.3702786519657084,1.0700055227553495,4.315125710259209,0.7873949439552133,2.0751620916953453,1.0326368082589823,1.5514817621864383,1.0207306287925886
41530.30475248397,92778.21813547613,36418069.18719026,48247420689.86666,49005519897.72861,335.1282274788109,10402.919994711876,74865.04162359238,22992990.08168158,19402725141.701065,15490300716.759651,86.85207528756769,8158,871632,15977,879451,0.1064765714669804,0.1,19,24.582050700002583,0.5004896147754816,0.8982899099880224,0.7945829972934335,0.6341533854860172,0.5622214669278206,0.5090783118974364,0.5989877563826964,2.3699989318847656,11.592377505102355,0.53381529922168,0.2504850332594235,12.95246475490567,1.6027073656248716,0.5703963485582466,0.3737535660731041,EngineeringROI_NoDiversity_B10,0.4557318006197905,0.0092762416553054,0.0093594544486664,0.5106090004381298,JILONG_EI_0089,19.0,1.474072513008644,1.0940560190974222,3.863112351205215,0.7278947476393617,1.7557133312456807,0.8825571766777136,1.3376111942702469,1.3367024786757251
35330.011182207614,81570.61096382141,25931617.838365976,31422612033.22519,34421923012.18359,374.2275019290392,8718.830534934998,66831.6496064663,16832999.098042488,13447391169.08081,12219997813.63678,82.9656399299567,7925,663474,14577,670126,0.1129259375539747,0.1,19,24.669985999993514,0.4967721389475918,0.905157663856467,0.8056862347796382,0.6541809263158938,0.595824009428845,0.4708485999254871,0.6243541151131877,3.5699996948242188,11.238169241119438,0.4723682560849817,0.3056916362340786,8.675986907108918,2.42735171445886,0.6238450259394732,0.4047766237817267,EngineeringROI_NoDiversity_B10,0.3638118392711492,0.0118261341896897,0.011944703183546,0.5436646772312547,JILONG_EI_0099,19.0,1.4688604899387387,1.0761192245020634,2.785306059456788,0.7536165016568606,2.8349084564195706,0.8776733630930448,2.048927200975525,1.1864671224505838
35432.725008778274,74914.23455935717,26718022.109859217,30719942261.082848,34298382133.7913,100.1941066053114,8413.420181512833,59190.77004599571,13669584.082130153,10744667391.191462,10304340646.567924,77.70913732569585,8746,749452,13949,754655,0.1105871576142307,0.1,19,24.619637399999192,0.4872860881519713,0.8888834532051476,0.7152790381976563,0.5914067683856332,0.5481170180486865,0.8806735546025091,0.5689812178191408,4.950000762939453,11.784681032312678,0.4917189719305668,0.298351833165153,23.29782892498133,1.2145963801601682,0.5626647216906822,0.401946575337203,EngineeringROI_NoDiversity_B10,0.3866290705886059,0.0115894017796211,0.0116698601111211,0.6269983511362822,JILONG_EI_0109,19.0,1.329868270902486,1.0850498002478224,4.125947270290209,0.6993904512077952,2.7096591311300022,0.9624444434083832,1.9381351221510563,1.2599663435949775
29664.16461913288,49934.99145291746,18274056.568535265,19964594959.49474,23527586264.43009,437.5020383175179,7446.166777879,37756.02225154638,10508702.82921912,9027589968.997433,8666689571.654709,99.63924779490225,7498,612358,12548,617408,0.1256794963750266,0.1,19,24.75756189999811,0.5010145268274085,0.8695421259732068,0.7583279670544321,0.6724432845669928,0.6069290615662443,0.477227190164581,0.6378386730277109,5.789999961853027,12.794056264878986,0.4517100691559868,0.3398801290917473,11.456189154540375,2.944584676689711,0.6556685854667821,0.4262078989434687,EngineeringROI_NoDiversity_B10,0.6512534606974557,0.0121443194775577,0.012244471371322,0.5975454255658272,JILONG_EI_0119,19.0,1.5193210973424485,1.0903895034144444,2.8502443029364795,0.7833844071428037,3.509322681623375,0.9019482306743956,2.492200601375675,1.1857015522337877
40077.152742907405,102325.2629685998,33278552.74885588,42683483816.23633,45267366764.87392,275.5953811859654,11032.620161294935,85831.203566432,31769311.79324992,19017796809.27038,14509532327.189522,99.41789415756368,8154,881795,15637,889278,0.1152252069438169,0.1,19,24.71276170000783,0.524675642771712,0.9158643754552516,0.9770610213560492,0.6674983121654535,0.5661533627507463,0.6006151912145297,0.6174182422388288,2.399999618530273,11.542657427125045,0.5582806149440398,0.2540516863775733,15.771577153077398,1.1280809392462283,0.5869848236532283,0.3525068265470384,EngineeringROI_NoDiversity_B10,0.5818691568850636,0.0091692361668679,0.0092470472161897,0.5214555221589819,JILONG_EI_0129,19.0,1.6290600137453617,1.0684089056483954,8.364257627446785,0.7712799173913676,3.171749618155512,0.9487647401056256,2.297930236337546,1.362805504564976
34078.62169221509,68648.96600997448,22901121.856757905,27420508326.108334,30356588774.160496,272.2324782969081,8825.088451385498,53279.06502848864,14278251.555115374,12206736314.271507,10449242755.485231,77.56194966259696,8234,569804,14236,575806,0.1295341945463316,0.1,19,24.64054119998764,0.5088836794631401,0.8809703608254434,0.7896036291222474,0.6672092073104586,0.5866997803684967,0.5337702816959529,0.6262007140718427,5.700000762939453,12.725281678507445,0.4525612163447521,0.337419894120925,17.254013424910138,1.762241252996661,0.6102467710890721,0.4057198648817708,EngineeringROI_NoDiversity_B10,0.573217245695711,0.0142999551932421,0.0144505830074902,0.5783928069682495,JILONG_EI_0139,19.0,1.4881841065456152,1.0577070190978854,4.368563913970524,0.7740571737156139,2.4222946773561422,0.9220196737170048,1.7775909250290267,1.1056714787770956
37309.28019087389,61085.04558469355,28859161.51000511,35094244483.431915,37345145842.27022,324.94154228115826,7977.246631383896,46386.16489183903,23715970.589127693,12041871574.993431,11274960046.645052,94.73457478109958,9419,822490,14504,827575,0.1397310006900254,0.1,19,24.79735399999481,0.4624002652149656,0.871418513886004,0.9065225195865614,0.5857725914135378,0.5494654960699609,0.5399476263647442,0.5673451871185169,6.120000839233398,13.29021146578688,0.5300968253476311,0.2969575660528423,30.55883431386933,2.598914165615997,0.603434750142248,0.3729072383351691,EngineeringROI_NoDiversity_B10,1.5389734826126011,0.0113814457904117,0.011451810964267,0.6494070601213459,JILONG_EI_0149,19.0,1.5039286035717525,1.0741801154617563,8.646355413213485,0.7182471143328834,3.1774571259921403,0.9373473882148444,2.26598815356277,1.313337759834337
32328.623210713267,76689.6539349556,21810423.04252069,25000767984.394268,28560699926.19287,183.4296433017298,8741.462849229574,63020.03174805641,14533246.095725454,12032671801.733444,10142084880.7585,62.10284207283372,7730,553352,13511,559133,0.1211073865903639,0.1,19,24.64889299999049,0.5199941446251465,0.9065064943854574,0.816299008760475,0.6937521798717893,0.5959079745773206,0.5818633152350126,0.6434328002721366,4.409999847412109,11.039155292469012,0.4455349845535952,0.3138195777351247,10.321868527207863,2.8044709801620424,0.5975196448295937,0.4062309497764786,EngineeringROI_NoDiversity_B10,0.196637580453229,0.0138249754530675,0.0139694082609261,0.5721264155132855,JILONG_EI_0159,19.0,1.4685359946914889,1.0734733846907871,4.188102640921075,0.8771840443313093,2.9653088915014525,0.9567125615963994,2.152249838972896,1.0849814464178325
38451.372286666185,84426.82640565932,33327082.84270499,40651093598.54572,43246621440.80403,295.98925423133187,8624.707511544228,68430.64869642258,22095917.53164844,15108575527.16858,13254785170.159603,66.95954458392544,8708,860071,14841,866204,0.0936567540386907,0.1,19,24.66284980000637,0.4736049860839518,0.9002955349083349,0.8142492545619445,0.6096430725409412,0.5536180665212552,0.4756289418019414,0.581438489636009,4.019998550415039,11.980851277603325,0.5154835001457934,0.2750975915150622,12.395555559041568,3.121367131583083,0.5893471218043714,0.3936539435968434,EngineeringROI_NoDiversity_B10,0.3597253030695327,0.0100530590946243,0.0101247455151958,0.5867529142241089,JILONG_EI_0169,19.0,1.3705291785975504,1.0920139073927286,3.0299463302986385,0.7039917190407837,2.9318257747585266,0.8842981092180123,2.093599464417431,1.3373274825225885
36491.659354142845,68698.8699157536,27100964.614665315,32932665280.28005,35219395577.81594,152.8823588847772,8826.378652095795,53466.97283279896,16808289.2166422,12085684753.971102,12128719119.12103,69.06247383038085,8589,673811,14387,679609,0.1132831278146613,0.1,19,24.595445300001305,0.4918067344081913,0.8822019259016385,0.7875341251431772,0.6057901267335201,0.5868356917591692,0.6721131273621246,0.5960701782398548,3.779998779296875,11.188098737681416,0.4679920316673729,0.3141207891789437,13.409183556826658,1.8525890168704864,0.5900907500486194,0.4120451998765719,EngineeringROI_NoDiversity_B10,0.5242545012244647,0.0126381492887822,0.012746897868987,0.5969972892194342,JILONG_EI_0179,19.0,1.3873579785103884,1.0899847958309778,3.290245625404941,0.7291520118012951,2.647568566268007,0.9116065562366814,1.912891287965392,1.1999293662667985
33691.83037099242,55903.44233979285,24481840.55096493,26994969340.09335,31369451238.91772,210.35014229263103,7570.970174103975,41804.43478500843,12436016.249503732,8946604709.641825,9144490944.662512,62.28331267344687,8816,824226,13435,828845,0.1004689471539216,0.1,19,24.707482500001788,0.4740383359332265,0.8647526517532326,0.7127194452411558,0.5756887005456547,0.5399161351686423,0.5441447540771596,0.5567475900010478,5.700000762939453,12.218723549500954,0.5078371665780379,0.3034273388192058,25.213039659889255,3.0540518000670898,0.6131904766151901,0.4035900224040566,EngineeringROI_NoDiversity_B10,0.6960641904928113,0.0106364881250414,0.0106960954883733,0.6561965016747302,JILONG_EI_0189,19.0,1.3989072410007106,1.0997040570192416,4.331963309983412,0.7176954190826362,3.962793935341779,0.9084881125166074,2.7820096988233787,1.34893195981982
32012.05909247789,72230.42800281942,20442455.09004381,23060578331.02716,26804702911.097485,91.30969125659487,9094.678572714329,58456.28955686093,12360243.99357032,11549719129.837482,10875490603.870989,96.93639770205174,7820,522074,13170,527424,0.1383318060883896,0.1,19,24.597511400002983,0.5330118597628867,0.8996125981253987,0.7775834271592877,0.7077023116282471,0.6369699285442482,1.0303505355764433,0.6706086027018475,4.85999870300293,12.3209156161043,0.4514132028575719,0.3315502724120852,15.36158246728687,1.0303585634637271,0.546464848335283,0.3900098342780679,EngineeringROI_NoDiversity_B10,0.297944137517903,0.0148267807304938,0.0149787194918728,0.5937737281700836,JILONG_EI_0199,19.0,1.3995398840138515,1.0381789189921828,3.3544814315586606,0.810599940774027,2.3132083775573062,1.0738874546828534,1.706682969665146,1.0398447662782817
40222.31467985641,72501.22977417707,34331585.49860616,43822686784.623886,44527558414.58065,256.1750057976751,8072.902371048927,67863.95559954643,22097813.68876672,13250700877.66504,19421106778.436523,110.4657147085777,10700,1205710,15222,1210232,0.0271504480911139,0.1,19,15.431339499991736,0.4480034108719312,0.9674909211609736,0.8022832471507865,0.54988253325174,0.6604235433777402,0.6566672784180314,0.6081107800306346,5.340000152587891,15.243592045466665,0.5981609366657975,0.2096173973717874,0.9537053636692042,0.9478742313962302,0.5373226829202306,0.3525397413181909,FrontOnly_B10,0.1718271640407019,0.0088412800190376,0.0088744391271532,0.7029299697805808,JILONG_EI_0009,1.4375,1.6987197719428089,1.1384337206656818,4.4165259597087125,0.7936216689675215,4.135871972771955,1.0536378779971791,2.936475062437764,1.6550277779832667
34723.52818476036,80957.28886890411,25376808.590233617,29555542556.124622,32695617830.37517,132.39841732103378,6891.379085242748,76027.26261806488,16303280.488676583,8689672532.805664,9151204995.588104,58.480857376773415,10291,1085366,13878,1088953,0.0404845407927549,0.1,19,15.225054499998803,0.4454932693911958,0.9690734583701496,0.8015285535807456,0.542228370697356,0.5290471361987449,0.664607853232498,0.5353457759957103,5.819999694824219,13.235531943962506,0.5821254546831356,0.2191905411550704,1.5030083343048444,0.9383025058826252,0.5275254468512385,0.3604539049200041,FrontOnly_B10,0.1627327791497124,0.0094503619531788,0.0094815942272007,0.7415333621559302,JILONG_EI_0019,2.1875,1.574652725532543,1.128399794658833,1.2113087065689656,0.7640330776667554,4.289689798529662,1.065682422945547,3.0163499086963217,1.5868807835156276
37156.73530562222,92481.5048237443,28811680.589952502,36007318607.353355,38825466307.84117,337.49634789254924,8326.357201039791,86747.75945985317,18453728.91747245,10608729199.718693,13920414868.078026,150.30244207466342,10517,1228068,14980,1232531,0.0436007692379685,0.1,19,15.37905970000429,0.4733787349989935,0.968504603551362,0.8003091321447056,0.5427955656751766,0.5987806385969003,0.6673420324083338,0.5725260383293325,2.549999237060547,13.633732312267096,0.6169462436079702,0.2048227944181701,7.434218129224521,1.1278035238854591,0.5309745573128594,0.3375043874287203,FrontOnly_B10,0.0589179964321799,0.0085328482610173,0.0085638580274056,0.7020694259012016,JILONG_EI_0029,2.5069444444444446,1.80725285418007,1.1242630465288446,2.4992708678853464,0.7930208971848449,4.608592238471935,1.034171644876119,3.2768564102955398,1.7134533752308498
31955.091040883213,76885.32242523134,20727144.440217003,24945357901.36344,27596105776.552704,365.7411123409984,7622.808916211128,72001.58385241032,13356854.602124482,7368766425.119021,7223274244.901108,166.46138617760153,10019,1120464,13648,1124093,0.0347336552884791,0.1,19,15.291253300005335,0.488413305981615,0.9677190824347708,0.8027537856144621,0.5435037257969091,0.5116148615484338,0.6746365442737028,0.526995530830064,5.819999694824219,15.19563404754014,0.6062309432131442,0.2157051900443758,1.5390072562957005,0.948033590430764,0.5895724169997095,0.3418390978524135,FrontOnly_B10,0.0984491586093471,0.0089129636071036,0.0089418312413428,0.7341002344665886,JILONG_EI_0039,2.013888888888889,1.7985315146176526,1.1098344664436297,1.3030516091432809,0.7791703722109152,5.048530338537356,1.0011690747854751,3.565411788107036,1.659246647649424
41456.80176700652,81330.60382030904,34403119.76943549,44620929967.68163,47197874190.75491,157.03875714167316,9332.874467015266,75560.39460420609,22523231.1277738,14348295723.311708,16931900445.80597,76.07361975008517,10108,1164258,15879,1170029,0.0422091789548199,0.1,19,15.381075199999032,0.4744711546195489,0.9638736554905591,0.8091265147303401,0.5670623989485476,0.5989514684348008,0.6960070136193864,0.5836720780989821,4.14000129699707,12.736783349639053,0.6039382550363435,0.2042219541616405,18.5712911910671,1.1426452318210458,0.540372579540938,0.338444120021545,FrontOnly_B10,0.1720971685904116,0.0086391021077255,0.008681924453171,0.636564015366207,JILONG_EI_0049,2.3541666666666665,1.656439523441983,1.1708166192896516,9.097532720890564,0.8043659186982364,3.044648306552167,1.1520140673096908,2.219491594062913,1.5996423643798907
35336.20548405871,71319.21658104658,25095066.9514793,30098298892.845078,32967696484.868637,158.63836451845418,7610.016537904739,66608.11164879799,16163735.72093904,8674734512.44165,10547862228.562716,68.30797289125803,10278,1098794,14334,1102850,0.0399639906272254,0.1,19,15.214285699999891,0.4640693056955968,0.966407471213496,0.8025584859873349,0.5368551464957388,0.5656371464869521,0.656192990281284,0.5520881178911986,5.700000762939453,13.493239569858137,0.5905235050839761,0.2151988180124622,1.5270450096691794,0.9363916242852488,0.5473870296806645,0.3518764016259645,FrontOnly_B10,0.0893712232546579,0.0093194904112073,0.0093538916302782,0.7170364169108413,JILONG_EI_0059,2.2152777777777777,1.6380551258455434,1.137893941423877,1.7153207992780712,0.7688263112254352,3.871454921572838,1.0813070527789597,2.7504485387634223,1.5944438010680049
41179.61009020358,93895.09017384052,32519565.917531945,41913293246.8365,43899213296.85787,56.4482686781848,9356.220881640911,88818.11270093918,21307688.394976526,13352815848.069918,14574515346.849808,65.00955212240501,10121,1150936,15482,1156297,0.042011626205311,0.1,19,15.334694899996975,0.4766604492250864,0.9725889445441076,0.8094607565548935,0.5644305821901718,0.5761939477454675,1.073157027555005,0.570478686979412,2.309999465942383,11.83678335649567,0.6116847733614647,0.1994234143895713,13.098884675652066,1.07075384479054,0.4806133057196856,0.3294635331627677,FrontOnly_B10,0.139429366771141,0.0087529415020535,0.008793712248118,0.6537269086681308,JILONG_EI_0069,2.298611111111111,1.6525595762125411,1.1346630865312577,2.538731351203803,0.8123120020592225,3.264507698299871,1.4535020957271805,2.36505357738666,1.6024771157347804
34522.367499114014,70680.4330277443,22762082.71220981,27021347192.559574,30356389200.495186,84.34853874377063,7704.241039931774,66077.15847992897,14763116.358456075,7873078164.055362,8260560310.651138,47.08562598855134,10131,1055621,14159,1059649,0.040520222594887,0.1,19,15.410832300010952,0.4724051736800126,0.9668877958815708,0.8053469584146805,0.5397824780223,0.5216505829242432,0.7471458571424222,0.530266822263354,5.25,12.888380355424657,0.5933816669236405,0.2119227653254118,1.4920413939650516,0.9343607622640976,0.5118565398129298,0.3431520470878031,FrontOnly_B10,0.1391863226244489,0.0095607130285594,0.0095971944476284,0.715516632530546,JILONG_EI_0079,2.173611111111111,1.6072119885320968,1.132747209438983,1.3743608622562988,0.7731051292451908,3.531256951289968,1.1856420934305412,2.520560263721698,1.556083465408089
41530.30475248397,92778.21813547613,36418069.18719026,48247420689.86666,49005519897.72861,335.1282274788109,8816.44164800644,86273.84356236458,23755700.351941645,15133754790.99768,19478938633.80371,150.09022222276235,10548,1231423,15977,1236852,0.0326336934908735,0.1,19,15.044355999998515,0.4607486906575442,0.9643097538786012,0.8076542094947515,0.5600622438109275,0.6304637839306205,0.6692227489444204,0.5965767542714785,1.6499996185302734,12.517552565027785,0.6057071780753951,0.2054617117117117,24.834242340484167,1.4265163468598827,0.5568962069089841,0.3455397032130344,FrontOnly_B10,0.1047094190516627,0.00852810198795,0.0085657000072274,0.6601990361144144,JILONG_EI_0089,1.8263888888888888,1.701602199142812,1.164356331907718,5.376501079854816,0.7959106020251576,3.619347715696224,1.0354910801671244,2.6045481815527483,1.663381033553904
35330.011182207614,81570.61096382141,25931617.838365976,31422612033.22519,34421923012.18359,374.2275019290392,7593.014045596123,76169.22787857056,16835810.087755203,9157929378.743896,11564023643.637695,169.59234098855268,10350,1106767,14577,1110994,0.0418831504468148,0.1,19,15.286057899997104,0.4635912327561346,0.9663243404996632,0.8057535038729838,0.5398554665926448,0.5796114030337226,0.6731862971523739,0.5609904585701054,5.55000114440918,13.329507116700562,0.5859547173251441,0.2203633185592109,1.7330533174727474,0.9420767923736674,0.582834119279722,0.3577554809334586,FrontOnly_B10,0.0900889543320751,0.0093159819044927,0.009351561801174,0.7100226384029635,JILONG_EI_0099,2.3125,1.639075671278021,1.133069144876445,1.4939200687198853,0.756929822281012,4.243672379003062,0.9901208857710648,3.007914495725853,1.5946458771952807
35432.725008778274,74914.23455935717,26718022.109859217,30719942261.082848,34298382133.7913,100.1941066053114,6742.83711129427,69877.52002036572,17342086.92944017,8971524148.216797,8526651052.046875,47.37050467153035,10263,1039950,13949,1043636,0.041570097139585,0.1,19,15.822488300007535,0.4362335439333064,0.965798593127227,0.805653924502794,0.5404094286740386,0.4986001762673295,0.6875953281316501,0.5187743486638516,6.180000305175781,13.215532170542588,0.5666658298258789,0.2207375384816925,2.7257476519689288,0.9427894652783978,0.5289807811680358,0.3684976449423299,FrontOnly_B10,0.1904977986282966,0.0098338884438635,0.0098687436896004,0.7357516667861496,JILONG_EI_0109,2.2777777777777777,1.4698702715631475,1.1496324720082147,1.291003732335446,0.7580706243049762,3.706897922314476,1.0880804016511076,2.617588096420401,1.5166804487410304
29664.16461913288,49934.99145291746,18274056.568535265,19964594959.49474,23527586264.43009,437.5020383175179,6340.1865845918655,46336.100345015526,11684205.718393655,5632798352.345619,5785729258.962978,206.3974051603982,9466,1027743,12548,1030825,0.0281629923450569,0.1,19,14.90553699999873,0.4623117783779368,0.9632904403845356,0.7996171771046192,0.5311679352314305,0.4958957272737307,0.6868502744840815,0.5123886000378937,7.949999809265137,16.667324152840695,0.5700732123936855,0.2325241104090455,1.0129730614877497,0.9625945447592348,0.6582313721481869,0.3718344430494839,FrontOnly_B10,0.1054736927873491,0.0091829359978657,0.0092104738246818,0.7543831686324514,JILONG_EI_0119,1.5,1.6721908144564444,1.1207552966400118,2.8152141240778605,0.77806076074456,5.161100276147053,0.9461133847704488,3.613492854057242,1.5767396085793135
40077.152742907405,102325.2629685998,33278552.74885588,42683483816.23633,45267366764.87392,275.5953811859654,9163.36264026165,96676.43502634764,21424840.603151083,13038820120.26802,17387119321.7631,130.9558863844468,10540,1294483,15637,1299580,0.0368795620593217,0.1,19,15.310034900001485,0.4781663466153524,0.9720058504549516,0.8023735138035952,0.5526996853974542,0.6197566582987379,0.6893289924425652,0.5881687906716084,2.1300010681152344,13.0430769704647,0.6277385966393159,0.200576466598847,23.012824077397237,1.5818306005949705,0.5869902824936304,0.331982030746374,FrontOnly_B10,0.0780234307269021,0.0081103125625201,0.008142246750247,0.6740423354863465,JILONG_EI_0129,2.2152777777777777,1.8945975693518533,1.1138545845768923,4.175999297450613,0.8207268283204262,4.388907535539732,1.0848963120810884,3.1425853148108147,1.7798536651913457
34078.62169221509,68648.96600997448,22901121.856757905,27420508326.108334,30356588774.160496,272.2324782969081,7875.716946959495,64436.179792404175,14544046.656290635,7762596376.00022,9212190750.552608,116.12257797847349,10255,1143381,14236,1147362,0.0282984874744643,0.1,19,14.956670899991876,0.4807331145869609,0.9688307000768058,0.7969191273393895,0.5320662991972575,0.5508774274728515,0.6531130566358538,0.5420312295383001,5.880001068115234,15.40985958010588,0.6042657199513172,0.2145822848515349,1.3522427401313388,0.94180206631765,0.5727923983441063,0.3450043045345639,FrontOnly_B10,0.1604202997165053,0.0089378940561043,0.0089690138282864,0.720356841809497,JILONG_EI_0139,1.5972222222222223,1.7787352876177691,1.1126929210642271,1.0650110193728906,0.7838926139746747,4.702200338198239,1.0349691665647849,3.32605687649773,1.6652488703724908
37309.28019087389,61085.04558469355,28859161.51000511,35094244483.431915,37345145842.27022,324.94154228115826,7646.241140723228,57926.01235210896,18208430.83777465,10235790168.563711,14524608597.31773,138.5194083718036,10495,1203387,14504,1207396,0.0263631086539058,0.1,19,14.940263499986033,0.4527052802383958,0.9737990916753528,0.7943180034655327,0.540060903387029,0.6236416890762544,0.6529090602876596,0.5846439018428994,6.150001525878906,15.810422819894804,0.6013594900186681,0.2150309460654288,0.9441509369034078,0.952832055811518,0.543066469440414,0.3529863212101932,FrontOnly_B10,0.1564402365233501,0.0086922600373034,0.0087212176963852,0.7235934914506343,JILONG_EI_0149,1.375,1.7827504001620251,1.121398128549297,4.544187686237962,0.7944515374972775,4.921466271459404,1.0214737785086636,3.4646886224315243,1.6952413418233965
32328.623210713267,76689.6539349556,21810423.04252069,25000767984.394268,28560699926.19287,183.4296433017298,6902.541669070721,71777.95103478432,14084157.27866055,7285412517.511215,7977477064.630489,74.79393337655165,10028,1057492,13511,1060975,0.0390758274987471,0.1,19,15.21477109999978,0.4620733418724618,0.9674469046453364,0.8035878993826711,0.5398217750725264,0.5285040977702181,0.638555170506089,0.5338166871931525,5.370000839233398,13.149084605591398,0.5861865548186456,0.2198657004188551,1.6105982111262012,0.9341243402731751,0.5490457939252384,0.3540106061549117,FrontOnly_B10,0.1322861133530373,0.0094516835929216,0.0094828140543852,0.7422100510694989,JILONG_EI_0159,2.0625,1.6245877433833391,1.1209743869235655,1.1981594943934435,0.7617998658334537,4.394924072650511,1.0232056512523624,3.098347965586059,1.5773993821600238
38451.372286666185,84426.82640565932,33327082.84270499,40651093598.54572,43246621440.80403,295.98925423133187,7187.65738594532,79012.24927592278,21527283.938038573,12280600099.132856,13616896731.375011,122.29978543702484,10606,1175430,14841,1179665,0.0395421902479241,0.1,19,15.375402800011216,0.4323522881611398,0.9674019987725474,0.8037037024497248,0.5496341112282931,0.5611293427655488,0.6427985306051613,0.5555892420213572,5.879999160766602,13.360638580635085,0.5826028602117661,0.2157698144041087,2.2975856727456643,0.9635935399893898,0.5243086384732795,0.3664914620836205,FrontOnly_B10,0.1313354631574538,0.0089906880343148,0.0090230809150693,0.714641870493902,JILONG_EI_0169,2.1597222222222223,1.5648617079019218,1.153491088797635,1.349249424469018,0.769392482951727,4.22801161404988,1.0017865562812434,2.981172970106764,1.616495884293237
36491.659354142845,68698.8699157536,27100964.614665315,32932665280.28005,35219395577.81594,152.8823588847772,7413.03960621357,64061.77772831917,17725356.582067937,9648336520.005247,10309327305.039837,63.62529943137588,10177,1060542,14387,1064752,0.0432086948309352,0.1,19,15.37922339999932,0.4507143174804346,0.9656610102934028,0.8087329089176565,0.5412685347761451,0.5410335721855362,0.6451136512590229,0.5411471243272722,4.799999237060547,13.398591583673385,0.5758552951008009,0.2207548391273386,1.6151377876147874,0.9370995080754524,0.5560620011364475,0.3606731904151307,FrontOnly_B10,0.1342080073049306,0.0095580942792312,0.0095960367434764,0.7073747132828248,JILONG_EI_0179,2.361111111111111,1.5419902782587458,1.1492755560448604,1.5159217950229449,0.7586870531489341,3.4796367782938398,1.0618026938262173,2.478561020985155,1.535589883512784
33691.83037099242,55903.44233979285,24481840.55096493,26994969340.09335,31369451238.91772,210.35014229263103,6348.59469139576,52015.20324212313,15501187.07756111,7535691645.226845,7938209611.454392,81.44684740821255,10014,1057406,13435,1060827,0.0385033233530641,0.1,19,15.282684699996024,0.4340867183884853,0.9645969277546812,0.7957203157199789,0.5283480882097961,0.5030461395363075,0.6222511876963229,0.514903473324483,7.620000839233398,14.035957406189109,0.5633159046043856,0.2310378273520853,1.0400358887727112,0.9425084356744609,0.5850413786994809,0.3781937512152996,FrontOnly_B10,0.2009982766756547,0.0094398049823392,0.0094703453545752,0.7453665798288054,JILONG_EI_0189,2.083333333333333,1.5341543612117594,1.1448572601442952,1.1847858569380076,0.7609267570178596,4.418381030696052,0.9964540397111944,3.0966593412269314,1.5597239547402943
32012.05909247789,72230.42800281942,20442455.09004381,23060578331.02716,26804702911.097485,91.30969125659487,7058.547125995159,68393.64416718483,13146100.919352692,6667812818.409695,7068713462.870754,49.22544501299775,9873,1074278,13170,1077575,0.0357988980013085,0.1,19,15.071090400000683,0.4695705530807679,0.97307827845468,0.8019216799806704,0.537720510762541,0.5135286637004446,0.7342372070242804,0.5248549824158049,5.819999694824219,12.956619690211726,0.6019592335823742,0.2118557751069464,0.9496907158439948,0.9345534378530016,0.4894024535030231,0.3400948996112849,FrontOnly_B10,0.1912420229489745,0.0091622392872885,0.0091903585477874,0.7496583143507972,JILONG_EI_0199,1.8958333333333333,1.6772171536829388,1.0977573551661932,1.0608600294505726,0.7772365267445435,4.30002227688405,1.1074906583892992,3.033065629846593,1.6094259620184717
40222.31467985641,72501.22977417707,34331585.49860616,43822686784.623886,44527558414.58065,256.1750057976751,8068.9610414505,67864.63769173622,22095615.4529984,13262645168.084473,19516007944.126465,110.50622796408491,10705,1210032,15222,1214549,0.0,0.0,0,13.19514649998746,0.4478940360405667,0.9674957832143052,0.8022433415832705,0.5501303117390279,0.6620351555809946,0.6567876836067564,0.6091043099966342,2.520000457763672,11.474366307048731,0.5947240365573145,0.2141987123716721,0.9474652190096192,0.9522262298561278,0.5753343574729302,0.3580452322154162,FrozenGlobal,0.2470341135345973,0.0088139712765808,0.0088468734711148,0.7032584417290764,JILONG_EI_0009,0.0,1.6980102646508524,1.1368931773491993,1.0116978740898634,0.793966765648634,4.10642282360843,1.0542511275392152,2.916403503211113,1.67056273533611
34723.52818476036,80957.28886890411,25376808.590233617,29555542556.124622,32695617830.37517,132.39841732103378,6904.712146759033,76023.08014392853,16317721.831820477,8684316768.178955,9162458776.98706,58.46194897738295,10293,1085994,13878,1089579,0.0,0.0,0,13.480954099999508,0.445924019091215,0.969046802271526,0.8018834694740863,0.5420612473033399,0.5293723366241737,0.6645004019463956,0.5354342586795394,4.1100006103515625,11.74659593905329,0.5737960516047795,0.2284006755878914,0.9425433650652952,0.9505037243457832,0.6049987455302209,0.3723072957207813,FrozenGlobal,0.2571226445830226,0.0094467679718496,0.0094779529168669,0.7416774751405102,JILONG_EI_0019,0.0,1.5711540955173149,1.1209715892040364,1.003534919300496,0.764795454571607,4.297086717988478,1.0638947335988644,3.02147776110126,1.6108491892638177
37156.73530562222,92481.5048237443,28811680.589952502,36007318607.353355,38825466307.84117,337.49634789254924,8331.05643209815,86740.71957421303,18457007.157070227,10608485915.71099,14144447624.025532,150.34417528911575,10515,1235131,14980,1239596,0.0,0.0,0,13.054262200006631,0.4735122989466186,0.9684653039773532,0.8003802150296607,0.5427893418270993,0.6035797428389665,0.6674346736016302,0.5751318037408467,1.950000762939453,12.046479171535498,0.6098988765988146,0.2134538501651312,0.9456017494518016,0.9448559728108163,0.5971409667448065,0.3482765442072308,FrozenGlobal,0.2043355075209744,0.0084826023962645,0.0085132670137823,0.701935914552737,JILONG_EI_0029,0.0,1.802117170330264,1.109344454009909,1.0177542579918426,0.7923091895741187,4.658048868363546,1.0337207686537178,3.3108908728815143,1.743230415667466
31955.091040883213,76885.32242523134,20727144.440217003,24945357901.36344,27596105776.552704,365.7411123409984,7616.990192055702,71942.13663947582,13336244.188495044,7361897812.72034,7231748835.802757,166.45517100680763,10027,1121101,13648,1124722,0.0,0.0,0,13.5780042999977,0.4882268599565907,0.9673195073244646,0.802134198312757,0.5432503599991004,0.5119148955457495,0.6746239496997244,0.5270245302081243,4.649999618530273,14.88169033237746,0.5995181210359648,0.2200692929552162,0.9421803664765496,0.9412011673237198,0.6359549353129123,0.3511286353242991,FrozenGlobal,0.1904189159846305,0.0089150919071557,0.0089438864116613,0.7346864009378663,JILONG_EI_0039,0.0,1.7954139901324022,1.1036313071826496,1.0170897912231724,0.7782735001431168,5.034308917368157,1.0005056984842493,3.5555139980256287,1.678775409357382
41456.80176700652,81330.60382030904,34403119.76943549,44620929967.68163,47197874190.75491,157.03875714167316,9333.297550916672,75563.18106269836,22522395.31808144,14344274708.648205,17008578676.096588,76.10474600216462,10113,1168996,15879,1174762,0.0,0.0,0,13.093903300003149,0.4744819090142925,0.9638914278247708,0.8091115017410052,0.5669829356437057,0.6003061497997162,0.6961493880342086,0.5843495577124268,1.3800010681152344,10.388181961708137,0.6010358696485255,0.2106560827470082,0.9487051073839357,0.9461457598852108,0.580717671381555,0.3431622833888123,FrozenGlobal,0.2929114547792281,0.0086085522003605,0.0086510133482064,0.6368788966559608,JILONG_EI_0049,0.0,1.652829663912546,1.1424759946564835,1.0085351939508205,0.8024268708318263,3.0636181610600053,1.1508739379434376,2.2320564169277186,1.6138988093755655
35336.20548405871,71319.21658104658,25095066.9514793,30098298892.845078,32967696484.868637,158.63836451845418,7606.962638139725,66541.09319448471,16156429.878758335,8667186573.63086,10528332738.526855,68.29088675107823,10280,1099142,14334,1103196,0.0,0.0,0,13.630536200013012,0.4639761808418066,0.9659211683211828,0.802377091400228,0.5366215352178447,0.5651132619904842,0.6561109170902404,0.551699138320177,3.0,11.308943895413211,0.58421710473456,0.2218929192706655,0.945349733128861,0.9435564631674896,0.5991852411197106,0.3607421169418987,FrozenGlobal,0.2450607957407101,0.0093183804147223,0.0093527496902129,0.7171759453048695,JILONG_EI_0059,0.0,1.6321636634517174,1.124621086111612,1.0070739734514516,0.7693106031453227,3.886190923960044,1.079588070473533,2.7605661942289115,1.6121735400716293
41179.61009020358,93895.09017384052,32519565.917531945,41913293246.8365,43899213296.85787,56.4482686781848,9354.650477916002,88810.71224737167,21247337.99873373,13356103555.587008,14581109147.240952,65.00206787742647,10123,1152592,15482,1157951,0.0,0.0,0,13.902030099998228,0.4766204447848681,0.9725484249415156,0.8083136138827857,0.5645000644805501,0.5763242738031166,1.0730952520080987,0.5705796040891604,1.4099998474121094,10.28790215918651,0.6057407015010834,0.2088925122287721,0.949595424820844,0.9515242581490369,0.5752821727594108,0.3376040932050282,FrozenGlobal,0.283065918285832,0.0087421661192917,0.0087828129988755,0.6538560909443224,JILONG_EI_0069,0.0,1.6466094875278237,1.1244979151062446,1.010094327443164,0.8131892337937722,3.254404038990235,1.4516050016686848,2.358324862237012,1.6205314653853922
34522.367499114014,70680.4330277443,22762082.71220981,27021347192.559574,30356389200.495186,84.34853874377063,7704.4785967469215,66030.23512101173,14746577.723934025,7861886017.667666,8294932485.025772,47.05894301559438,10131,1056549,14159,1060577,0.0,0.0,0,12.983378899996753,0.472412456824638,0.9665444269961332,0.8048957301278932,0.5393986717804916,0.5227347497895254,0.7469341269436799,0.5306476163407499,3.060001373291016,11.229507267501363,0.5854891150888728,0.2199324324324324,0.9459630306704324,0.9414994142808504,0.5911123118462718,0.3541470905751178,FrozenGlobal,0.2594042097343708,0.0095523474486058,0.0095887649318678,0.715516632530546,JILONG_EI_0079,0.0,1.601824523169176,1.1236053662134338,1.005149478626294,0.7732864289256716,3.527635172127018,1.182383342846225,2.5181291323405635,1.578446275491887
41530.30475248397,92778.21813547613,36418069.18719026,48247420689.86666,49005519897.72861,335.1282274788109,8817.996001958847,86273.61745595932,23755716.8745738,15135819731.888184,19533585880.16919,150.12632371443942,10552,1239450,15977,1244875,0.0,0.0,0,13.042224999997416,0.4607893042641677,0.9643084902467408,0.8076544903656772,0.5601004516449162,0.6313475327853139,0.6693032288268164,0.5970652936172636,1.5,10.76202814312248,0.6037593658769376,0.2086061216495999,0.947763996111553,0.9524424390596384,0.5817253977419119,0.3495515420266576,FrozenGlobal,0.2665445242207745,0.0084763530474947,0.0085134535479446,0.6604493960067597,JILONG_EI_0089,0.0,1.6983030016166398,1.1359231495114153,1.010747920638021,0.7946591819734155,3.6438827339234736,1.03459928340938,2.6211790073012478,1.67962989344822
35330.011182207614,81570.61096382141,25931617.838365976,31422612033.22519,34421923012.18359,374.2275019290392,7591.257642388344,76009.1666507721,16797038.757894516,9154833879.48828,11585099083.155272,169.5875524943417,10355,1107705,14577,1111927,0.0,0.0,0,13.206731999991462,0.4635376110838459,0.9653084945587804,0.8048251808147314,0.53976421979629,0.5801393336568373,0.673176793269643,0.5612337847638483,2.760000228881836,11.35943684191771,0.5809009710899024,0.2242518703241895,0.9464672047128544,0.9375112949539558,0.6148541833962098,0.3650630887676034,FrozenGlobal,0.2454776483520983,0.0093126617125045,0.0093481567745925,0.7103656445084723,JILONG_EI_0099,0.0,1.6338070151397597,1.116579104218718,1.0062147097387764,0.7568244800268772,4.242228795270743,0.988964450402706,3.006910963253958,1.609893987557082
35432.725008778274,74914.23455935717,26718022.109859217,30719942261.082848,34298382133.7913,100.1941066053114,6766.162645876408,69894.72808229923,17374691.295805156,8960315310.613281,8545105935.9140625,47.36526393774496,10259,1040993,13949,1044683,0.0,0.0,0,13.026617700001225,0.436987425103589,0.9659175047524868,0.806410912432322,0.5400717349559011,0.4991394638925353,0.68755729176531,0.5188817505445789,4.350000381469727,11.88021287469999,0.5588583534523086,0.2290451536797955,0.9433486501488652,0.9502228311585532,0.5940200020736881,0.379883194715763,FrozenGlobal,0.3183646736371785,0.0098202038321672,0.0098550134342882,0.735464907878701,JILONG_EI_0109,0.0,1.4663550735395614,1.1348270018297415,0.9972235596751834,0.7588774973246598,3.702076694161624,1.0854794858317796,2.6144556217153987,1.5394287350870093
29664.16461913288,49934.99145291746,18274056.568535265,19964594959.49474,23527586264.43009,437.5020383175179,6345.335181772709,46329.745004832745,11712396.99672136,5627300851.771584,5765026817.296474,206.39283578162213,9471,1026538,12548,1029615,0.0,0.0,0,12.941191000005348,0.4624994521992562,0.9632243769012792,0.8005812413304574,0.5309086672190559,0.4950077275051917,0.6868426714417012,0.5118004216962028,6.750000953674316,15.5552116105674,0.5670167797704891,0.2324464892978595,0.9329913000921968,0.9512308412930262,0.6393368430109502,0.375997947825139,FrozenGlobal,0.2143161515780352,0.0091985839367142,0.0092261562650384,0.7547816385081287,JILONG_EI_0119,0.0,1.6698989575011631,1.1156214507672206,1.0067571659401289,0.7750286347822727,5.12234686978519,0.945271910724976,3.586676250305003,1.5833765287681596
40077.152742907405,102325.2629685998,33278552.74885588,42683483816.23633,45267366764.87392,275.5953811859654,9166.614590168,96677.79488044976,21423099.14124668,13032498025.505323,17426974303.05021,130.9965615189153,10546,1302104,15637,1307195,0.0,0.0,0,13.415854399994714,0.4782511863806241,0.9720126865649852,0.8023409037289521,0.5525656762074002,0.6204665588614142,0.6894360375451825,0.5884928162631882,1.5300006866455078,11.224196022311292,0.6259640516982267,0.2038180797304885,0.945627535207563,0.9556156536690656,0.5854766660562968,0.3353782033182225,FrozenGlobal,0.2078174989244418,0.0080676563175348,0.0080991994495063,0.674426040800665,JILONG_EI_0129,0.0,1.8905175767865008,1.1006866394772463,1.0217858656366516,0.8204335570518081,4.4142585320311305,1.085129132476789,3.160075462544582,1.7954032496205208
34078.62169221509,68648.96600997448,22901121.856757905,27420508326.108334,30356588774.160496,272.2324782969081,7871.601145505905,64419.88261532784,14542991.515370212,7758156477.568336,9223353205.400995,116.11448187371904,10260,1144689,14236,1148665,0.0,0.0,0,12.917914499994367,0.4806074840803016,0.9687081741604384,0.796890219386443,0.5319141169828197,0.5512110768168842,0.6530902886092441,0.5421385497301706,3.1500015258789062,12.803239678045813,0.5978321491538252,0.2203848088531187,0.9425815763447944,0.9444713378177348,0.6157843748814256,0.3540983432140281,FrozenGlobal,0.1979584583052289,0.0089321081429311,0.0089631332178434,0.7207080640629391,JILONG_EI_0139,0.0,1.7780260841023676,1.1115526160711495,1.0154774071887396,0.7838914737881756,4.712090028926955,1.0347074346746832,3.332852616617118,1.68509508248703
37309.28019087389,61085.04558469355,28859161.51000511,35094244483.431915,37345145842.27022,324.94154228115826,7649.722930073738,57922.4895581007,18216545.05522083,10236668760.60443,14576099719.546246,138.53487302753345,10497,1204854,14504,1208861,0.0,0.0,0,12.912802899998496,0.452808340356319,0.973769480231164,0.7944949695964446,0.5400840810324171,0.6247461457135779,0.6529455054766792,0.5852618535557875,3.3900012969970703,12.705845244963404,0.5960937991364125,0.2185824544865374,0.9439569341942422,0.9571328560970156,0.5837800390658168,0.360639469440898,FrozenGlobal,0.2031507685497562,0.0086833804713693,0.0087122589126981,0.7237313844456702,JILONG_EI_0149,0.0,1.782915077703091,1.1201700480192658,1.0159527598284832,0.794745193153841,4.9112404157124745,1.021596702023273,3.457720840712168,1.7123020264385915
32328.623210713267,76689.6539349556,21810423.04252069,25000767984.394268,28560699926.19287,183.4296433017298,6909.851628005505,71743.83194875717,14095359.773401717,7267844852.043549,7982492266.336212,74.78070347636276,10035,1057946,13511,1061422,0.0,0.0,0,13.144031599993468,0.462317950562469,0.9672169431655616,0.8039074215121133,0.5391705331430792,0.5286701990438973,0.638498692698305,0.5335971320149508,3.780000686645508,11.668521401537976,0.5784655640069083,0.2265770561618312,0.9436349899593756,0.9391220950191566,0.6179977352414286,0.3648923134633772,FrozenGlobal,0.2346088240242569,0.0094542981019801,0.0094853612566236,0.742728147435423,JILONG_EI_0159,0.0,1.6207314815343954,1.1135500023066454,1.0062712280847337,0.760823974034856,4.374733811334991,1.021404994662982,3.084436485697029,1.5991314525016918
38451.372286666185,84426.82640565932,33327082.84270499,40651093598.54572,43246621440.80403,295.98925423133187,7198.493124008179,78838.64291644096,21371426.77490042,12279652264.39482,13664388987.877945,122.29796160123789,10607,1175691,14841,1179925,0.0,0.0,0,12.97191959999327,0.4326780613277143,0.9663386225498828,0.800789016849913,0.5496129000353476,0.5621070289135169,0.6427937376150078,0.5560882858389599,3.149999618530273,11.641276673433628,0.5768927623057313,0.221897980623322,0.9484967802374158,0.9634388763689932,0.5820945705661001,0.3746438821381088,FrozenGlobal,0.2821452399116696,0.0089895544208318,0.0090219283808415,0.7147092513981538,JILONG_EI_0169,0.0,1.56012963516642,1.1360054820353036,1.0029122074533667,0.7696345631947263,4.232678227661454,1.001214021213885,2.984381945355051,1.6328576139572166
36491.659354142845,68698.8699157536,27100964.614665315,32932665280.28005,35219395577.81594,152.8823588847772,7416.151045322418,63972.074137330055,17724718.926971316,9639845646.487429,10312581267.07951,63.61683670780246,10176,1061415,14387,1065626,0.0,0.0,0,13.075245900006848,0.45080889562295,0.9649846818449416,0.8087183620368427,0.5410303147353562,0.5411189494248946,0.6450707469418522,0.5410761208886141,3.09000015258789,11.40676073771967,0.5712477278104149,0.2253484602917342,0.9470844919775774,0.941620113488121,0.5857026327477908,0.3673448378490435,FrozenGlobal,0.2912769959679973,0.009549316551961,0.0095872019897966,0.7073052060888302,JILONG_EI_0179,0.0,1.5371601330506537,1.1334780907158128,1.0010573143378487,0.7597244906967449,3.458675404175949,1.060144462209892,2.4645210913051483,1.5492574273958697
33691.83037099242,55903.44233979285,24481840.55096493,26994969340.09335,31369451238.91772,210.35014229263103,6357.820202291012,52016.66944527626,15519576.54633166,7531188407.856361,7943451770.095994,81.43539125352167,10017,1058155,13435,1061573,0.0,0.0,0,12.991567299992312,0.4344020021753331,0.9646105226750354,0.7961921678611631,0.5281901974327823,0.5032122105134661,0.6222074238381672,0.5149157672050194,5.100000381469727,12.213404366746545,0.556924207355931,0.2363589345746056,0.9361973905992772,0.9534720923686992,0.619900231411568,0.3876633768028392,FrozenGlobal,0.2777493528548798,0.0094359973360287,0.0094664770284126,0.7455898771864533,JILONG_EI_0189,0.0,1.5307450802336522,1.136640256741187,0.998873102396894,0.7610554520177196,4.4222889017125055,0.9952678310478752,3.0993280972594173,1.578749707702588
32012.05909247789,72230.42800281942,20442455.09004381,23060578331.02716,26804702911.097485,91.30969125659487,7070.229903131723,68375.89938902855,13143373.936928542,6657082283.58276,7082500669.638861,49.2227587522972,9872,1075048,13170,1078346,0.0,0.0,0,12.913120199998955,0.4699589913771149,0.972952037350532,0.8018385017151535,0.5372876587819271,0.5140292269854868,0.7342171728787035,0.52491337491718,4.229999542236328,11.659225609310916,0.5908162945334458,0.2245271507016473,0.9406730555151676,0.9396105064583322,0.6105012831383244,0.3554132689942553,FrozenGlobal,0.211665287511257,0.0091547610878141,0.0091828457892112,0.74958238420653,JILONG_EI_0199,0.0,1.6750196800650827,1.0959626816502273,1.0097355704918696,0.776811451934982,4.3230777859810745,1.1063616706995645,3.048718523948338,1.640952056828758
40222.31467985641,72501.22977417707,34331585.49860616,43822686784.623886,44527558414.58065,256.1750057976751,7582.579928398132,64971.921125650406,20706703.06085205,13217741131.267578,15851935535.825195,100.2260429049496,10597,1004582,15222,1009207,0.0522216202579895,0.05,10,19.32847939999192,0.4341851531344737,0.9466515876897128,0.7766199589265741,0.5491982195147915,0.5966597031947498,0.6254922235021111,0.5736093489706687,2.6700000762939453,12.242517882918978,0.5487529982316999,0.2868902646438533,0.9195124139499348,0.9298914999757906,0.6470388579134597,0.3832189057447717,RandomAll_B05,0.185912900293892,0.010500323521339,0.0105486660123314,0.6961634476415715,JILONG_EI_0009,10.0,1.5374990442418195,1.079506635506123,0.8941602225737423,0.7387733919495076,4.498711859068936,0.9868406296382592,3.1779800199682025,1.5023240789373102
34723.52818476036,80957.28886890411,25376808.590233617,29555542556.124622,32695617830.37517,132.39841732103378,6356.199123382568,74638.22653865814,15629877.942472974,8944291742.254604,8415746315.164068,60.51543437056976,10150,817625,13878,821353,0.0560657893729276,0.05,10,18.851409499999136,0.4278453574199638,0.9601800492388726,0.7848005365554097,0.5501150292768487,0.5073428492757274,0.6760700244770202,0.528082299466683,4.260000228881836,12.193191699155255,0.5122791572686582,0.3082020202020202,0.8650945258610633,0.9382901781665104,0.614901273557958,0.3973566611889061,RandomAll_B05,0.2680856555368721,0.0123576586437256,0.0124140039749273,0.7313733967430466,JILONG_EI_0019,10.0,1.3566726546019554,1.070526065699793,0.8690048690436516,0.6968460719931818,2.3088260203273494,0.96405507991674,1.6735997172511536,1.3572233329753924
37156.73530562222,92481.5048237443,28811680.589952502,36007318607.353355,38825466307.84117,337.49634789254924,8045.615963578224,84283.83388829231,18443977.58081913,10360589338.339054,11496486411.91909,136.12640816460376,10497,973616,14980,978099,0.0548827594891259,0.05,10,18.854125099998782,0.465329809824742,0.9546511440371406,0.8000976541544857,0.5364099674397049,0.5441570058403536,0.6350920171590263,0.5404432223570738,1.950000762939453,12.752112952861149,0.560239724902827,0.2888319353836595,1.071243229321909,0.9525309124761172,0.6387183868697197,0.3679115247886321,RandomAll_B05,0.2834736172343018,0.0107320424619593,0.0107814579875433,0.7007343124165554,JILONG_EI_0029,10.0,1.6964025069287685,1.0627540938777544,0.870960088634739,0.7509847014508991,4.198422615523256,0.9693972156835916,2.988799692749937,1.495202975550594
31955.091040883213,76885.32242523134,20727144.440217003,24945357901.36344,27596105776.552704,365.7411123409984,7146.278893947601,70378.80751347542,12414629.204884246,8273205511.44866,7397192717.356441,164.38738226963352,9851,790495,13648,794292,0.0558210154009252,0.05,10,18.81920440000249,0.4729006935916769,0.9567516767045494,0.773921905694077,0.5758933141949831,0.5177374331721977,0.6704205981335308,0.5461210708346936,4.619998931884766,12.317535492525971,0.5199658898749075,0.3244223309158374,0.8961075449920441,0.9594826503831588,0.6706353283822492,0.3894995921543949,RandomAll_B05,0.1402778920402822,0.0124022399822735,0.0124618119026685,0.7217907385697538,JILONG_EI_0039,10.0,1.5797822405581812,1.0498033909790685,0.8675798918162458,0.7442456917195711,3.2274470045966765,0.928301803010308,2.313499091641224,1.3633458367961186
41456.80176700652,81330.60382030904,34403119.76943549,44620929967.68163,47197874190.75491,157.03875714167316,9202.372629404068,73835.55467319489,20590915.844661325,14633846832.664192,15984046424.021973,77.10649287641617,10013,884283,15879,890149,0.056164698690313,0.05,10,19.110486599995056,0.471142204920764,0.952808828513345,0.7736400033365316,0.5726772672100495,0.5819452758218981,0.700716025990543,0.5774599064926277,1.6800003051757812,11.513706495920262,0.5372850657817912,0.2817051780675665,0.9393498709244495,0.9240322305750214,0.6089737112856656,0.3718720474874575,RandomAll_B05,0.26091929502062,0.011248678592011,0.0113232980844367,0.6305812708608854,JILONG_EI_0049,10.0,1.490834137881469,1.0870602693321307,0.8854714247169608,0.7349411495696482,2.6997501760488847,1.0204534181651672,1.972083942198622,1.3649792707487602
35336.20548405871,71319.21658104658,25095066.9514793,30098298892.845078,32967696484.868637,158.63836451845418,7294.66210603714,64916.83781909943,15438665.875511387,8791879805.918396,9455914892.437912,67.79095122103469,10245,919590,14334,923679,0.0528391121899671,0.05,10,18.82856989999709,0.4543521987388427,0.9540593593778186,0.7843514519007376,0.540467888496942,0.5355591896217252,0.6537049175358336,0.5379074580110423,3.09000015258789,12.08852134542671,0.5431397422136274,0.3088118339430571,0.8523302153884227,0.9292209105872824,0.6512406826713482,0.3804156440229513,RandomAll_B05,0.2001690775498737,0.0110915155589766,0.0111408345023325,0.7147341984093764,JILONG_EI_0059,10.0,1.5038750067238025,1.0748883651175467,0.8742407838622628,0.733815351030119,2.336869724063148,0.9648413872313776,1.7096517135162226,1.4505436530914235
41179.61009020358,93895.09017384052,32519565.917531945,41913293246.8365,43899213296.85787,56.4482686781848,9113.556078523396,87494.42235398293,20050379.37956417,13274111295.984053,13395528289.48682,71.33911089376039,10168,828862,15482,834176,0.0560056461267111,0.05,10,18.88044340000488,0.470438460459521,0.965314305867639,0.7852156146369998,0.5627646822593013,0.5523973089463039,1.1241869332858825,0.5574851193413686,1.6800003051757812,11.052377821578013,0.5413409670009993,0.2782786885245901,0.939786224328076,0.9338806838374676,0.5961467192663384,0.3559167751674587,RandomAll_B05,0.3902593660501537,0.0121892742059229,0.0122674220799119,0.6567626921586358,JILONG_EI_0069,10.0,1.4927798518502866,1.0861446036411375,0.8869395925816705,0.7647720337130222,1.988045808453739,1.2024435238588926,1.4989071516299326,1.302817003415918
34522.367499114014,70680.4330277443,22762082.71220981,27021347192.559574,30356389200.495186,84.34853874377063,7245.00376534462,64803.98529839516,14587532.88980168,7969969456.966803,7311238584.538179,49.10555222227083,10001,850770,14159,854928,0.0547179638038694,0.05,10,18.99105860000418,0.4581092089103731,0.9575275020988684,0.8005434814268307,0.5430937810111307,0.4907614285730661,0.7630034787421897,0.5160682474617664,3.240001678466797,11.435282105317627,0.5386643010864506,0.289547456948338,0.9283629283854212,0.9386786903628348,0.6175911161897242,0.3732327342890776,RandomAll_B05,0.198182644542222,0.0116980611232758,0.0117552334943639,0.706335193163359,JILONG_EI_0079,10.0,1.4345884782128315,1.0764001170935924,0.8826501215775157,0.7211029624394495,1.7062911933938776,0.9794166221779104,1.2958969158768612,1.3809286971445585
41530.30475248397,92778.21813547613,36418069.18719026,48247420689.86666,49005519897.72861,335.1282274788109,8725.841515779495,84103.26005589962,22094251.990487456,15900058480.116522,16734350436.625212,147.95476626150963,10349,932068,15977,937696,0.0534692602604058,0.05,10,18.853943900001468,0.458375188317546,0.9521018336399296,0.7788990840776686,0.5740666405004974,0.5843619494116222,0.6644449046542998,0.5792772925493186,1.770000457763672,12.008811146229297,0.5402989631008774,0.2795145273997793,0.9157803319701532,0.929377187348746,0.6200058319143995,0.3768136136883425,RandomAll_B05,0.27551607362571,0.0110366259427362,0.0111032671435989,0.6477436314702385,JILONG_EI_0089,10.0,1.557290840510004,1.0816828169596229,0.8768084733092439,0.7500243241154687,2.3302515825196948,0.9701952934321312,1.7216078733909914,1.4107196952949863
35330.011182207614,81570.61096382141,25931617.838365976,31422612033.22519,34421923012.18359,374.2275019290392,7146.095084905624,74450.08151006699,15601426.64642334,9626504423.342772,10056149133.779297,167.52425861763527,10192,758941,14577,763326,0.0547123270363195,0.05,10,18.91886130000057,0.4497410275701144,0.9553570904489124,0.7756527747279214,0.5534943164580778,0.5405032232959746,0.6690691446051437,0.5467413949929628,2.9099998474121094,12.306760802235402,0.4887711585474465,0.3346634281748785,0.9133035103851584,0.9481106316121116,0.6556791185493465,0.4130638603648612,RandomAll_B05,0.3393609568193917,0.0133520933388879,0.0134292388999935,0.6991836454688893,JILONG_EI_0099,10.0,1.4937550726980364,1.0633367211409563,0.8320479161048118,0.7287003373537413,3.4256511426328853,0.9705335997187148,2.4447296720079583,1.3096183704189532
35432.725008778274,74914.23455935717,26718022.109859217,30719942261.082848,34298382133.7913,100.1941066053114,6413.168737351894,68832.92247629166,16813106.47534275,9310820468.264175,7934109408.685349,50.75495756975505,10134,836876,13949,840691,0.0541010568194677,0.05,10,19.512144000007535,0.4254358235126246,0.9585525597594308,0.7932714591059883,0.5505335352579936,0.4809636725610126,0.7117347097442178,0.5150066416892436,4.350000381469727,12.293404548303457,0.5040884271402742,0.3094454887218045,0.89999715773112,0.961130216176526,0.6239489089655346,0.4098138949173638,RandomAll_B05,0.2899250289088033,0.0120543695602783,0.0121093208551804,0.7265036920209333,JILONG_EI_0109,10.0,1.323460283952669,1.0825937856893126,0.8686653501765318,0.7102162312989451,2.844958134042943,1.0102559569486456,2.0304302004475634,1.3711756813021536
29664.16461913288,49934.99145291746,18274056.568535265,19964594959.49474,23527586264.43009,437.5020383175179,6018.220231294632,45153.29900318384,11479100.262012664,5740306625.535312,5477024860.008566,198.28990085219712,9433,843650,12548,846765,0.0542556956877239,0.05,10,19.013223200003267,0.4504203221584424,0.9509162154362762,0.7925678328771105,0.5362129444443935,0.4824848364453944,0.6732250347973512,0.5078543567437455,6.570000648498535,13.334266101772135,0.5180263308444398,0.3241283805799935,0.936070376636772,1.0079127389776774,0.6857411110365709,0.403436926220409,RandomAll_B05,0.0633408934170446,0.0111400447585811,0.0111811770283885,0.7517532674529805,JILONG_EI_0119,10.0,1.5390717591283225,1.06486086660169,0.9140098089161458,0.7520077819125086,3.922975022356416,0.955604720023304,2.7670446253462497,1.4233672125635672
40077.152742907405,102325.2629685998,33278552.74885588,42683483816.23633,45267366764.87392,275.5953811859654,8833.517779767513,93427.9328276515,20486544.3642416,13797789245.865583,16076053520.421667,114.90563475759448,10245,982458,15637,987850,0.0566369109152493,0.05,10,18.88243519999378,0.4694814247402341,0.9555357389930884,0.7846069283158564,0.5685580643819382,0.5959325477039299,0.6457058122981763,0.5828080253980064,1.829999923706055,11.98342660267453,0.5725518214798139,0.2717526073955218,0.9119907752056118,0.9155862059269884,0.6106095624598316,0.3525592153911188,RandomAll_B05,0.3023879400499443,0.0103710077440907,0.0104279266899959,0.6551768241990151,JILONG_EI_0129,10.0,1.6829915637608823,1.0549335814272605,0.8731816670248838,0.7424168882974093,4.172107482355465,0.9750577662492278,2.9824860107508124,1.4803922753733056
34078.62169221509,68648.96600997448,22901121.856757905,27420508326.108334,30356588774.160496,272.2324782969081,7719.444546103477,63675.71890318394,14072492.858980415,8106611689.599219,7805808352.271356,114.32377289054682,10163,908373,14236,912446,0.0525864148371633,0.05,10,18.865131800004747,0.4759397905516223,0.9630967743379502,0.7838936377944594,0.5437282959386364,0.5070869784695395,0.6480347662488892,0.5247956883920162,3.270000457763672,13.283873480862717,0.5518809581317756,0.2990386106373081,0.8949396965045052,0.9362491182107858,0.6420918799896881,0.3699910250717778,RandomAll_B05,0.1761581882951586,0.0111381933834988,0.011188135270423,0.7138943523461646,JILONG_EI_0139,10.0,1.651168746778117,1.0718643184848915,0.8775115116167564,0.7425464031527564,3.1401583450288406,0.9456376947544968,2.253018988142056,1.4477350197739864
37309.28019087389,61085.04558469355,28859161.51000511,35094244483.431915,37345145842.27022,324.94154228115826,7311.105108976364,55529.25942206383,17761781.70901154,9920025199.868568,9857761012.347397,111.6551354251094,10375,1084040,14504,1088169,0.0557597554366091,0.05,10,18.910860899995896,0.4426730457328107,0.9534402667191164,0.7845152854988443,0.5316654502865029,0.5137739290405062,0.5861877421405918,0.5225182285112145,3.540000915527344,14.314196009527551,0.5814035276114795,0.267394361481283,0.896726053139064,0.954221513496459,0.6447117447828727,0.3595472383802192,RandomAll_B05,0.0995649790979548,0.0095343646069682,0.0095706800487066,0.7153199117484832,JILONG_EI_0149,10.0,1.648514864521925,1.073552824874971,0.9207452548016136,0.7474382935588253,3.909514558505061,0.9830002821503292,2.7673275071338423,1.5793365506024537
32328.623210713267,76689.6539349556,21810423.04252069,25000767984.394268,28560699926.19287,183.4296433017298,6469.731826007366,70880.08016443253,13615996.954015564,7296686341.53156,6970461511.500553,75.11853101063954,9991,765419,13511,768939,0.0533099418115422,0.05,10,18.855457800003933,0.4473521561120481,0.9613769627673104,0.7901193141845715,0.5402392876778763,0.4940220614869781,0.6399393008006736,0.5161100851390176,3.8700008392333984,12.002957952484278,0.5100523468608912,0.3197600436284312,0.8476957943853657,0.9235861835950736,0.6380175982146162,0.3904743441742215,RandomAll_B05,0.3715605723936073,0.0129932283315061,0.0130529814389243,0.7394715417067574,JILONG_EI_0159,10.0,1.4729165298659723,1.0768301205246875,0.8573952480658245,0.7333464307771242,2.0185916709209817,0.9449208593767838,1.496843467805059,1.3108843305172506
38451.372286666185,84426.82640565932,33327082.84270499,40651093598.54572,43246621440.80403,295.98925423133187,6865.806641578674,77847.62412595749,21056258.188809693,12626469139.567488,12245648179.696302,121.58658616742284,10522,922009,14841,926328,0.0529491355112952,0.05,10,18.962110399996163,0.4225614384606835,0.9602458724732452,0.7948623897441274,0.5573202766899537,0.5321263887293758,0.6409215291140612,0.5444792233971949,3.3299999237060547,12.967021417321888,0.5264109989667873,0.2875138940348277,0.8583957806180853,0.9422262905161686,0.6297400428084953,0.3917717919600903,RandomAll_B05,0.3464997384320419,0.0113588275427278,0.0114120361081074,0.7089818745367563,JILONG_EI_0169,10.0,1.4679272745782723,1.0938340619625786,0.8775692299790355,0.7414353638190899,2.4579235910899007,0.9696094120527856,1.784775242080768,1.402482342057396
36491.659354142845,68698.8699157536,27100964.614665315,32932665280.28005,35219395577.81594,152.8823588847772,7055.707452058792,62382.570751070976,17263629.994136482,9472491069.308271,9055695812.789215,64.1891260319205,10187,907229,14387,911429,0.0526837820200303,0.05,10,18.96299590000126,0.4397172231508987,0.9529208673988768,0.7981300914816777,0.5363134173819695,0.5070723896878865,0.6479657397517894,0.5214071289053825,3.180000305175781,11.66323962492842,0.5254352320425452,0.3043673012318029,0.8763946324043589,0.926926187674454,0.6290585395067883,0.3987125575605852,RandomAll_B05,0.1608696246758083,0.0111769539920279,0.0112286974953402,0.7080697852227705,JILONG_EI_0179,10.0,1.404503426692246,1.0790144539465722,0.9438942643234904,0.7069551373152168,2.276514600775262,0.958665583616366,1.6614935050921098,1.4393151032621765
33691.83037099242,55903.44233979285,24481840.55096493,26994969340.09335,31369451238.91772,210.35014229263103,5937.6779829781735,51228.99802350998,14991659.310259402,7693013648.945637,7515799972.788635,80.54265177272077,9959,952450,13435,955926,0.0527280785046442,0.05,10,18.87472369999159,0.4198034638763783,0.9572792722109198,0.7825332854726189,0.5338347394450759,0.4894790921471881,0.6187875355971442,0.5104739443836634,5.25,13.045141128180417,0.5347358712859316,0.2970668978471319,0.9172530019164772,0.9600641076080588,0.6496998355820991,0.3960810162584185,RandomAll_B05,0.2111552455555606,0.0104181704441557,0.0104561919260853,0.7412727949385932,JILONG_EI_0189,10.0,1.410246826218701,1.0909495303473424,0.9001822316272894,0.7352806733690883,3.741508210056832,0.9437419710257232,2.6347792194337805,1.479757207991765
32012.05909247789,72230.42800281942,20442455.09004381,23060578331.02716,26804702911.097485,91.30969125659487,6784.007352054119,67449.47755908966,12362205.566098822,6735608651.0807705,6623950907.860235,50.76749273058783,9836,904824,13170,908158,0.0576338211157992,0.05,10,18.82283480001206,0.4603480946772496,0.9663383181178312,0.7776451260132562,0.5404472678823115,0.4971106339990132,0.7456489669282479,0.5176031775826082,4.260000228881836,13.615141154384949,0.5632433908346923,0.2736096133107379,0.9606826311203266,0.921099035325518,0.6099611010169741,0.3579892999351255,RandomAll_B05,0.0578373656429881,0.0108307144791985,0.0108706223530764,0.7468488990129081,JILONG_EI_0199,10.0,1.501969608538111,1.062836950839375,0.9076061529612977,0.7405276401256385,2.798205272469932,0.9968769653985567,2.011873018290748,1.448104218554925
40222.31467985641,72501.22977417707,34331585.49860616,43822686784.623886,44527558414.58065,256.1750057976751,7645.601933479309,65149.17082262039,19652936.132484917,13081402720.013306,14455792596.091064,104.9211056922216,10593,903220,15222,907849,0.1000409250594945,0.1,19,24.348534399992783,0.4359857670050118,0.9479419868391532,0.7566007913139098,0.5463584415540681,0.5697790978581011,0.6399750633062707,0.5582850173814072,2.8199996948242188,12.726338062277982,0.5328620391894024,0.3140976580437777,1.1153249306529394,0.948482832365944,0.6487141995595205,0.3821683964312006,RandomAll_B10,0.1201818853885243,0.0116682399826402,0.011728039680255,0.6959006700827749,JILONG_EI_0009,19.0,1.4774337642329582,1.0566853560168332,0.9376811061703372,0.7177786559996723,3.368834133900908,0.9557459091325344,2.402329008859231,1.3906967798252687
34723.52818476036,80957.28886890411,25376808.590233617,29555542556.124622,32695617830.37517,132.39841732103378,6380.251755237579,73565.76685285568,14218708.30403791,8803508864.066334,8037562929.18735,63.51719456463121,10074,704379,13878,708183,0.1069127296504183,0.1,19,24.717314800000167,0.4286541025232203,0.9532567852818684,0.7485340667372188,0.545768460866138,0.4958124398087185,0.692634718883833,0.5201290829736167,4.319999694824219,12.733426802693964,0.4860646052180073,0.3365463308174957,1.0544483295485705,0.9552977007780368,0.6174558087551996,0.4000851461032759,RandomAll_B10,0.1283184959219015,0.0142251367231351,0.0143019595984548,0.7258971033290099,JILONG_EI_0019,19.0,1.3110147115646442,1.0492764735675677,0.9049694738887026,0.6873755704247715,2.204496492382554,0.9438062225246748,1.6028328770371931,1.2318758319995773
37156.73530562222,92481.5048237443,28811680.589952502,36007318607.353355,38825466307.84117,337.49634789254924,7685.845605134964,82834.06220197678,17163438.453914195,10380250413.015312,10639248805.36913,129.2746406047832,10344,818107,14980,822743,0.1045556568046632,0.1,19,24.16419809999934,0.4548069092219874,0.9464050216164952,0.7718232426780339,0.5369186932180012,0.5234764425845186,0.61890234856726,0.529987014105198,2.1599998474121094,13.09204250668556,0.5286135658846991,0.3033614836893525,1.0912022415937863,0.9255077519904586,0.6261250707830972,0.3749179876167154,RandomAll_B10,0.1551298430390288,0.0125725773418916,0.012643822874025,0.690520694259012,JILONG_EI_0029,19.0,1.5755874740139626,1.0386502461763625,0.8770889734490415,0.7247366236793101,3.5760753581521323,0.9502244150230458,2.5573485751447427,1.3307879558422229
31955.091040883213,76885.32242523134,20727144.440217003,24945357901.36344,27596105776.552704,365.7411123409984,6797.478722155094,68434.99414807558,12152197.845903073,8524159680.057307,6655614680.161294,132.21288106829203,9678,673539,13648,677509,0.1035204591264158,0.1,19,23.9611811000068,0.4612155049551267,0.9434467597674164,0.7656982928627842,0.5845624555154386,0.491100283708667,0.601242945644261,0.5375038440292819,3.299999237060547,13.93774654306996,0.4890885676201597,0.3353487952350871,1.4843166357442623,1.0534851337993132,0.6564854792068985,0.3974533222580276,RandomAll_B10,0.1754315851714483,0.0142846810891073,0.01436887841684,0.7091148886283705,JILONG_EI_0039,19.0,1.5601453576976974,1.023389569181858,0.9638518139316438,0.7373087531751046,3.27993886301215,0.9168809171523534,2.34801852428211,1.2341600592978594
41456.80176700652,81330.60382030904,34403119.76943549,44620929967.68163,47197874190.75491,157.03875714167316,8684.171703219414,72298.40860414505,20436780.79566896,13768148932.737185,13567864309.776123,72.10627420359398,9966,733870,15879,739783,0.1015820492138729,0.1,19,24.00756480000564,0.4576846039188648,0.9428386354531778,0.770738990225077,0.5554800538063663,0.5361601434191986,0.6776151435092559,0.5456344364060413,1.6800003051757812,11.20699313824827,0.4957729517623976,0.3270608545533017,1.1267462324136308,0.917041491876707,0.612354718885506,0.3891772387873488,RandomAll_B10,0.1436167315186458,0.013471517999197,0.0135800618638178,0.6276213867372,JILONG_EI_0049,19.0,1.418065768082134,1.0513381853231965,0.9294702470777144,0.7111602706031565,1.6794909969806644,0.9656908443680354,1.2862922631002314,1.2270687327844274
35336.20548405871,71319.21658104658,25095066.9514793,30098298892.845078,32967696484.868637,158.63836451845418,7014.7484520077705,64367.53489923477,14905407.634281456,8977259334.720764,7970479985.156494,69.24309664601144,10132,745359,14334,749561,0.1089538244510639,0.1,19,24.028731500002323,0.4455496379341137,0.950014330825668,0.7706864962813128,0.5461361322174164,0.4916974275462029,0.6606693038642498,0.5183919637178122,3.09000015258789,12.999929702643987,0.5068731673428594,0.3418841220698805,1.3954928994535791,0.972848491472122,0.6443063807577162,0.3850992803026661,RandomAll_B10,0.1587764524553163,0.0135172454276569,0.0135934495994547,0.7068508441467839,JILONG_EI_0059,19.0,1.4419906530462536,1.046641428313143,0.9784418150986984,0.7243339925027059,1.8657015748454693,0.94248598027875,1.3987926297671658,1.258265028201334
41179.61009020358,93895.09017384052,32519565.917531945,41913293246.8365,43899213296.85787,56.4482686781848,8937.657523036003,84889.53574180603,19381991.22446826,13740542321.151085,12057730086.310246,78.61346792976302,10035,746363,15482,751810,0.1040449975708722,0.1,19,24.24799610000628,0.4658764307175599,0.9508360463479388,0.7720169336346685,0.5725666444514542,0.5240882346043226,1.1801118311783163,0.5483022376428645,1.829999923706055,11.448042063342108,0.5214905749108437,0.2953814038444812,1.0454157180318888,0.9307257351448706,0.5827069459259382,0.3604848620789402,RandomAll_B10,0.2313523433910555,0.0133477873398864,0.0134452002577834,0.6481720707918873,JILONG_EI_0069,19.0,1.4237660030828756,1.051449579239684,0.9389605009357402,0.7373179508712879,1.806046988151884,1.1030237942067598,1.3729754622520447,1.2175562339865529
34522.367499114014,70680.4330277443,22762082.71220981,27021347192.559574,30356389200.495186,84.34853874377063,7261.953410923481,63254.12014746666,14244284.641020024,8137792352.010349,6718570246.166345,48.20215306278761,10075,761188,14159,765272,0.102891480951129,0.1,19,24.13635030000296,0.4586447678185152,0.946007999405153,0.7910689221322236,0.5487819305546129,0.4704498939853868,0.7559523772421924,0.5088438616767837,3.30000114440918,12.24549327352622,0.5245607710041869,0.3207769810293183,1.3439924556570493,0.952218176976646,0.6042200596740668,0.368781117274474,RandomAll_B10,0.172608552316413,0.0131652536614432,0.0132358891627298,0.7115615509569885,JILONG_EI_0079,19.0,1.420293197045641,1.0476645876213222,1.06193730042306,0.7295475981263794,2.260101200432106,1.1240838453462074,1.6584858672502514,1.267810828086828
41530.30475248397,92778.21813547613,36418069.18719026,48247420689.86666,49005519897.72861,335.1282274788109,8061.486526370048,83486.24884879589,21582032.655002445,16430715066.30573,16137912057.192778,145.66163226716014,10394,751438,15977,757021,0.105671205009023,0.1,19,24.04315499999211,0.440580231943792,0.9486029269348668,0.7698173844190175,0.5835676136106137,0.5738536809606323,0.65927571950925,0.578693167963838,1.7999992370605469,11.910839263375822,0.490694834550114,0.3278128734847191,1.2264092322201745,0.9233718495944898,0.637349917350147,0.3988663319395675,RandomAll_B10,0.1856194781120124,0.0137301343027472,0.0138321458323906,0.6505601802591224,JILONG_EI_0089,19.0,1.4884661258523393,1.050330246419142,0.893383948357963,0.7371500974838473,2.6132948415824133,0.9231856264799176,1.909069554589088,1.251108174537285
35330.011182207614,81570.61096382141,25931617.838365976,31422612033.22519,34421923012.18359,374.2275019290392,6666.978815078735,72759.23340678215,15501765.3716975,8907932917.288248,8690872263.611101,159.2617462670895,10301,642138,14577,646414,0.1047163046798358,0.1,19,23.953089200003888,0.4344028342298805,0.9444461482326668,0.7731713865419798,0.532435896012584,0.5024746067135492,0.6523608446864606,0.516989501762653,2.8800010681152344,13.486250083479616,0.457451251888131,0.3489465593634144,1.1996973651931702,0.960475280613666,0.6623405333531194,0.4193219716685128,RandomAll_B10,0.1440581701962933,0.0159356078302759,0.0160417231187065,0.7066611785689785,JILONG_EI_0099,19.0,1.4313319251230157,1.027745145034338,0.8839138662738456,0.6949482428097521,2.724029728710752,0.9022465152569435,1.963374955537219,1.1817543313981251
35432.725008778274,74914.23455935717,26718022.109859217,30719942261.082848,34298382133.7913,100.1941066053114,6220.833527028561,66349.78816390038,15550399.560196036,8894084337.05606,7643303501.509888,48.67288246236615,9965,656474,13949,660458,0.105488488657122,0.1,19,24.058463800000027,0.4190077086370113,0.9411039518345587,0.7629017722807367,0.5380720385558236,0.4720671012336834,0.6969834159711119,0.5043308900865017,4.409999847412109,12.720425764296918,0.4587493442480383,0.3530695770804911,1.1993747059914297,0.9713119647204794,0.629827292657212,0.4176948871173444,RandomAll_B10,0.1596830236851733,0.0150880146807215,0.0151795806079144,0.7143881281812317,JILONG_EI_0109,19.0,1.2422235588460782,1.0518503704978854,0.8640464165502858,0.6827657792340124,1.473798492924458,0.9305482385263342,1.1311338289496844,1.1802455278617257
29664.16461913288,49934.99145291746,18274056.568535265,19964594959.49474,23527586264.43009,437.5020383175179,5673.675195455551,43432.55864083767,10657747.406037364,5515247478.442977,4705746813.7439785,158.79568349274666,9473,753759,12548,756834,0.1052081392370922,0.1,19,24.04235360000166,0.4373369518106457,0.9326210581733204,0.7636867032138683,0.5255962409850305,0.4472245041290283,0.6024615101688507,0.4847758520833516,6.720000267028809,15.63507049793089,0.4914492913670875,0.3604109949942917,1.2980447175096888,1.0909231425164196,0.690553476190519,0.4173939769576268,RandomAll_B10,0.2684249363579785,0.0125166152683415,0.012567677467201,0.7549410264583998,JILONG_EI_0119,19.0,1.4780207097016207,1.0251224249971471,1.0198558125384252,0.7434527067689728,2.7033461875980973,0.8974818200676455,1.945271725617669,1.3399407755565207
40077.152742907405,102325.2629685998,33278552.74885588,42683483816.23633,45267366764.87392,275.5953811859654,8215.588814020157,93781.25817513466,20640317.86879625,13105567560.657196,13725583487.081186,119.89022505534984,10468,775625,15637,780794,0.1005687073041446,0.1,19,24.042821600000025,0.4527629882091263,0.9573408543971316,0.7875460818263563,0.5541125508476724,0.550646384314657,0.659562446616474,0.5523312684823335,1.829999923706055,12.062937218096708,0.5283185937374126,0.2901996520586529,1.073491914094982,0.9236528255126556,0.611573117520456,0.3621940336067254,RandomAll_B10,0.2540952234778265,0.0134068653191494,0.013496212731668,0.6694378717145233,JILONG_EI_0129,19.0,1.6397375702369408,1.0437234851319397,0.9186062806213472,0.7374773303163515,3.5118317524001035,0.971932950610658,2.5258540980720885,1.2647254365954448
34078.62169221509,68648.96600997448,22901121.856757905,27420508326.108334,30356588774.160496,272.2324782969081,7250.791923761368,60456.37143242359,13748441.96087706,8701875736.790932,8335356834.286126,96.14599110731352,9937,694694,14236,698993,0.1016628251564043,0.1,19,23.98166209999181,0.4612662831458077,0.9384346578609656,0.7748156131197025,0.5633375333763424,0.5240052214667992,0.5942861676393859,0.5430273041638822,4.710000991821289,13.158169306552326,0.4990318941114346,0.3403441682600382,1.156647974581382,0.977841585999958,0.6449268262239934,0.3857996815019586,RandomAll_B10,0.2557654618846878,0.0142161652548737,0.0143041396643702,0.6980191064905873,JILONG_EI_0139,19.0,1.5051057739507172,1.0331163684978033,1.166731509146296,0.7254041436693988,2.2628645795557145,0.931662105635112,1.6611078790322935,1.220977160825487
37309.28019087389,61085.04558469355,28859161.51000511,35094244483.431915,37345145842.27022,324.94154228115826,6806.607820510864,54615.12140619755,16149946.786079643,10599069892.350588,9948850213.858002,132.3112949203136,10421,931441,14504,935524,0.104790220782613,0.1,19,23.94824310000695,0.4271269052735518,0.9455598009369642,0.7480725062124363,0.5495610306789716,0.5161421972046729,0.6381104269559223,0.5325943328822684,4.980001449584961,15.136056674827993,0.5491287828002157,0.2974595504795373,1.3669218478179694,0.986072029599632,0.6578321074300434,0.3722756369399396,RandomAll_B10,0.276401868522011,0.0111392118213963,0.0111880408957733,0.7184914506343077,JILONG_EI_0149,19.0,1.5589809033616546,1.0348357834658477,1.056166435900049,0.7341991506927176,5.355964439042418,0.9682127870759348,3.756229433151157,1.435722032696748
32328.623210713267,76689.6539349556,21810423.04252069,25000767984.394268,28560699926.19287,183.4296433017298,6327.617947727442,69969.36676120758,12895035.63328864,7609323579.448266,6615206599.727759,75.35975018759919,9880,585105,13511,588736,0.1048406326282481,0.1,19,23.896068000001836,0.442411614474649,0.9551807968566608,0.7689165852791844,0.5516915744492901,0.4812683291056343,0.6409659576319291,0.5153386674100652,3.900001525878906,12.675000355906889,0.4564865468130181,0.3520610384462941,1.0318439155719803,0.9623785503481056,0.6386781495037218,0.4035080917998039,RandomAll_B10,0.1879892693699066,0.0167817154038482,0.0168858580938464,0.7312560136185331,JILONG_EI_0159,19.0,1.4040189481633196,1.0438077866874715,0.8773759611505154,0.7031215156963586,1.6077290927192118,0.9261471671098316,1.2250499661415832,1.117709982868903
38451.372286666185,84426.82640565932,33327082.84270499,40651093598.54572,43246621440.80403,295.98925423133187,6359.828745365143,77520.39242219925,20685632.19227177,12389428919.31693,12063203306.122328,118.75002355496886,10614,760359,14841,764586,0.1020757981450142,0.1,19,24.022527799999807,0.4066930855127135,0.9582255552160316,0.7878358670482652,0.552064126666239,0.5281475034966097,0.633401197328238,0.5398681933644988,3.3599987030029297,12.497832200952343,0.4828814909683537,0.3316453523302721,1.194573837700029,0.9818653608375888,0.6399219471050607,0.4099834789439527,RandomAll_B10,0.2798315532249983,0.0138820224278236,0.0139591955905039,0.7151809177279159,JILONG_EI_0169,19.0,1.3828437994569291,1.0650468872477623,0.8605852707306293,0.7162446396511178,2.627623409756653,0.939253758085722,1.8922279821794288,1.2598668242502145
36491.659354142845,68698.8699157536,27100964.614665315,32932665280.28005,35219395577.81594,152.8823588847772,6431.032742738724,59681.98239254952,16068471.354000196,9622655673.670908,7314989986.468333,54.82770498755093,10080,683331,14387,687638,0.1055211393672696,0.1,19,23.99717780000356,0.4198010826849088,0.932066338126998,0.7700074141338396,0.5405477112494881,0.4557387100335994,0.5988545397134364,0.4985250950986997,3.180000305175781,12.184859361237203,0.4594982499681168,0.3699462697084471,1.0747500143437825,0.9556468864166708,0.6426141134091504,0.4306455069731674,RandomAll_B10,0.1319157678297386,0.0146588757456685,0.0147512698823849,0.7006325154653507,JILONG_EI_0179,19.0,1.291014070245777,1.0370093958860205,0.8951939618441813,0.6917087152457754,1.5562608621445666,0.9119074094551184,1.190275731741704,1.2373201595019905
33691.83037099242,55903.44233979285,24481840.55096493,26994969340.09335,31369451238.91772,210.35014229263103,5827.626033723354,47956.78719431162,13625836.04398348,7366081159.056923,6399215525.970475,72.51378776321326,9827,771632,13435,775240,0.1027372143222393,0.1,19,23.974079799998435,0.415894842419782,0.9262021070734991,0.7460355912134211,0.5223683200540202,0.4516582089690579,0.5871362443149489,0.4856447508066337,5.159999847412109,13.13574493566779,0.4956395058643348,0.3451032644903398,1.0457460358721478,1.0060453329568868,0.653785507721278,0.4042103735459778,RandomAll_B10,0.1592286921529952,0.0126760745059594,0.012735345345968,0.7314477112020841,JILONG_EI_0189,19.0,1.3335183920789466,1.0455044932950242,0.9295821733296552,0.7095278539153727,2.6004891162298085,0.917671471781238,1.8656316736093252,1.2920926996797002
32012.05909247789,72230.42800281942,20442455.09004381,23060578331.02716,26804702911.097485,91.30969125659487,6681.800658583641,66100.0547324419,12625686.17303938,7269866431.444439,6773533277.608792,57.28366486964494,9806,802864,13170,806228,0.1051984078365107,0.1,19,24.01574889999756,0.4568671713763083,0.9566229934746112,0.7858885636995232,0.5614720196048666,0.502692187003474,0.7920579556303601,0.5306852197312928,4.260000228881836,12.561760967256316,0.5503269797078826,0.2943500924836051,1.0896849752909683,0.9855637119813828,0.5905392576857214,0.3506119200818599,RandomAll_B10,0.1657675424188558,0.0121628125046512,0.0122137746866218,0.7445709946848899,JILONG_EI_0199,19.0,1.4476592887660076,1.0449303887439203,0.9975420730419072,0.7582883130829701,2.230515800358232,1.0033058136536872,1.6399917841546725,1.3138734496713609
40222.31467985641,72501.22977417707,34331585.49860616,43822686784.623886,44527558414.58065,256.1750057976751,7049.2136298418045,62152.050094246864,19920117.73999977,15319671838.33484,12210420402.895449,95.49041017589624,10336,709646,15222,714532,0.2102214909313982,0.2,37,36.75413169999956,0.4186362258550663,0.9258807241573332,0.7617264221289517,0.5912555505497109,0.5236617676947709,0.6105363163623371,0.558213009393855,2.8199996948242188,12.753986063328655,0.4868036360959102,0.3453590192644483,2.9640569236205465,1.00863300211437,0.6384014755532704,0.392476582253174,RandomAll_B20,0.5794415366034402,0.01446541232583,0.0145650084690113,0.6790172119301011,JILONG_EI_0009,37.0,1.3732057018219517,1.0107776091438432,1.934934971197964,0.7188282079740386,2.9965024786665677,0.9175870510417076,2.149920965996238,1.1945617785800062
34723.52818476036,80957.28886890411,25376808.590233617,29555542556.124622,32695617830.37517,132.39841732103378,5860.909426033497,71327.05552840233,15711550.455035623,9436135301.42786,8415628699.191142,62.31761176104105,9889,485640,13878,489629,0.2092354288495294,0.2,37,36.38107319999836,0.4108379766629254,0.9386402430683912,0.7868483170047159,0.5650379422537082,0.5073393040267928,0.6860630090734152,0.5355090846143641,4.409999847412109,12.854685331610115,0.415024006998884,0.3574932425668235,1.9837203556775929,1.0419809962388669,0.6101164617540338,0.4108751367249371,RandomAll_B20,0.3286837818098171,0.0201969246102661,0.0203628201960299,0.7125666522553682,JILONG_EI_0019,37.0,1.2580817716697856,1.010551268438722,1.232280757705502,0.6711396215694481,1.2235578659237518,0.9231142308225816,0.9749887686685365,0.9897305045773824
37156.73530562222,92481.5048237443,28811680.589952502,36007318607.353355,38825466307.84117,337.49634789254924,7377.924889445305,81289.90860939026,17433343.383683182,13358361699.21285,10854219824.973446,118.65026174951656,10162,542684,14980,547502,0.1969605698538014,0.2,37,36.31483780000417,0.4456032405270886,0.9375423052221056,0.7778682520149172,0.609089634156666,0.5287385384400616,0.5929250672409503,0.5688196543085425,2.1599998474121094,13.879225690704835,0.4529661607603206,0.3314938522606254,2.240863407708125,1.012463347485023,0.638195564214827,0.3844130188193279,RandomAll_B20,0.282176731115345,0.0185606627920993,0.0187254461159717,0.6783711615487317,JILONG_EI_0029,37.0,1.4575027485074106,1.0074327079312404,1.228068481290416,0.7249510820072366,1.739568450774342,0.9106141372391312,1.3236390978725243,1.0257879902974172
31955.091040883213,76885.32242523134,20727144.440217003,24945357901.36344,27596105776.552704,365.7411123409984,6319.584191441536,66994.00286614895,13096792.02926845,8915694404.330452,7372547978.462708,129.73587923672096,9538,509104,13648,513214,0.2010761014669209,0.2,37,36.25684790000378,0.4447072629663366,0.9334611417066456,0.7949004240448254,0.5978369001636651,0.5168742578039414,0.5955841876663452,0.5567830788332205,4.85999870300293,14.990703836083412,0.4372353250018997,0.3677240529719741,2.396595217181091,1.1557462193598933,0.6476117018303648,0.4037593020651504,RandomAll_B20,0.5149712982553594,0.0185848398523812,0.0187348753889185,0.6988569753810082,JILONG_EI_0039,37.0,1.4860166450185992,0.9976924039540754,1.698797370296782,0.7218914135387731,1.5281229846814826,0.8980574719690833,1.1847795839661794,1.0404294602547113
41456.80176700652,81330.60382030904,34403119.76943549,44620929967.68163,47197874190.75491,157.03875714167316,8090.582803487778,69755.41616845131,19440651.19000914,14672033784.689837,12125892230.531582,69.55532322635696,9842,496397,15879,502434,0.2053131958217301,0.2,37,36.37316440000723,0.441765713371475,0.926108710003868,0.7517206668691707,0.5734239796613875,0.506868885887241,0.6655209969220794,0.5402375606826529,1.6500015258789062,12.084545597538249,0.4187825552606585,0.3514261184775351,2.29892242384597,0.9394139585463812,0.6092158427340851,0.4042579300707052,RandomAll_B20,0.3108339945759335,0.0195886424883666,0.0198268724428229,0.6198123307513067,JILONG_EI_0049,37.0,1.3671173612064598,1.008081225828352,1.257511058388611,0.7035605379456006,1.5566216628923797,0.9265027782956992,1.20491150037454,0.9780927428526835
35336.20548405871,71319.21658104658,25095066.9514793,30098298892.845078,32967696484.868637,158.63836451845418,6712.94267475605,62970.52553105354,14224508.852485675,8623059610.994421,7820213284.521995,74.07315184529159,10013,564938,14334,569259,0.205384399894837,0.2,37,36.29047649999848,0.4358594970803066,0.9396483963895425,0.7528777467047121,0.5352537502486138,0.4870404111301279,0.6833234112818034,0.5106184522999281,3.1500015258789062,13.290000276692526,0.4567339336821012,0.3532744382561936,2.1600465723657587,1.0329405659774704,0.6318524166366527,0.3894252462900762,RandomAll_B20,0.4699658235061418,0.0175895330596442,0.0177240688358722,0.6985489047021068,JILONG_EI_0059,37.0,1.3631096952685726,1.0129215547691417,1.508676712505614,0.691670039231934,1.484025274038681,0.9286825875810566,1.1460663093029866,1.055667503056038
41179.61009020358,93895.09017384052,32519565.917531945,41913293246.8365,43899213296.85787,56.4482686781848,9032.042279422283,81735.56243181229,21092440.42710224,14456795911.10058,12050790234.428265,86.05072881262235,9769,572501,15482,578214,0.2019685719366401,0.2,37,36.344094499989296,0.4683298785781123,0.9330052467789204,0.805361835977436,0.5873001774530126,0.5239373928546635,1.2346730350390909,0.5557888077543851,1.920000076293945,10.90804227488441,0.4766370524866218,0.3044268094464097,2.559705574581817,0.9486484546804258,0.5491532092187972,0.3605381921581941,RandomAll_B20,0.2389537154700065,0.0168951287931457,0.0170637256528809,0.6309908280583904,JILONG_EI_0069,37.0,1.3364254456617186,1.0196991013975851,1.2335720406934274,0.7415292405367888,2.073774163743019,1.1060677277597462,1.5494625089082903,1.019683492910415
34522.367499114014,70680.4330277443,22762082.71220981,27021347192.559574,30356389200.495186,84.34853874377063,6835.123149096966,60745.88659501076,14033910.035226973,8193730184.316465,7406546495.554262,59.77287965021199,9960,534227,14159,538426,0.1965105856367505,0.2,37,36.33202750000055,0.4449619616468411,0.9270621214465096,0.7852055226625395,0.5506648183291118,0.4939498076085037,0.8418085025201494,0.5214281158411469,3.3600006103515625,12.12419618845924,0.4537253471869339,0.3375589622641509,2.2260358899717767,1.0340725842794538,0.5795979639616347,0.3838203253566833,RandomAll_B20,0.402305214501064,0.0184983637491503,0.0186437600495669,0.7034395084398616,JILONG_EI_0079,37.0,1.324587715078014,1.008088134322148,1.4162951887295194,0.6963727561772916,1.8255135233733455,0.9611901044325276,1.3658043107147002,1.0252891780426083
41530.30475248397,92778.21813547613,36418069.18719026,48247420689.86666,49005519897.72861,335.1282274788109,7839.590868592262,81973.45954680443,23777590.1789217,16167732529.74121,14351559018.159817,133.76922496676733,10309,512270,15977,517938,0.2024227039637749,0.2,37,37.66381859999092,0.434474348025208,0.9399691893601604,0.8080262326264684,0.5788786168188103,0.5411616847524516,0.6317897862657298,0.5601906465018442,1.7999992370605469,12.41307675671744,0.421078397322034,0.3397411496003045,2.067359223320254,0.9511877326940242,0.6333006802575718,0.4048568809602069,RandomAll_B20,0.2381734156294264,0.0199039267248203,0.0201241532785445,0.645240032546786,JILONG_EI_0089,37.0,1.397738748375736,1.0080836799729742,1.1065871087919954,0.7120049526208245,1.872587522353812,0.877892652622911,1.409545652698284,0.9900915195787052
35330.011182207614,81570.61096382141,25931617.838365976,31422612033.22519,34421923012.18359,374.2275019290392,6741.93866288662,71000.28755092621,15084861.825938825,10560749878.296385,8339254431.554655,139.787625304232,9482,513591,14577,518686,0.1980978142955231,0.2,37,38.03260730000329,0.4368381015924918,0.9329603697894392,0.7627037152569568,0.5797306165159747,0.4922050301795329,0.6111763117521092,0.5357609844795821,3.0,12.26598622177688,0.4229294852811009,0.3616610823433851,2.153207838739816,1.0469938480448022,0.6461632160153564,0.4121496317744352,RandomAll_B20,0.2268994985872996,0.0182808095842185,0.0184621615254161,0.6504767784866571,JILONG_EI_0099,37.0,1.3430353610481862,1.006183234852441,1.1625385008744389,0.6768579231460238,1.2264970901404766,0.8922299237552797,0.983167219200061,1.021713829793528
35432.725008778274,74914.23455935717,26718022.109859217,30719942261.082848,34298382133.7913,100.1941066053114,5687.363032311201,65466.3440618515,15184342.012900284,9066688206.285233,7438055254.460186,50.54427488443918,10068,524199,13949,528080,0.2062675112033413,0.2,37,42.356245999995735,0.4006389772451481,0.9348175800678414,0.7538689153111976,0.543268022959897,0.4656856792899999,0.7102559762290069,0.5038328761021564,4.409999847412109,12.446596040370617,0.4166839180279256,0.3654638657151473,1.8792409364423173,1.028212267252561,0.5823670412016109,0.4220526679816911,RandomAll_B20,0.2197364938568496,0.0190652931374034,0.0192064464068035,0.7217721700480321,JILONG_EI_0109,37.0,1.1896467766034482,1.0216063879427055,1.2663828994045443,0.6810510254137967,1.267338075379272,0.9347022139624628,1.0042060344465358,1.0356082447431527
29664.16461913288,49934.99145291746,18274056.568535265,19964594959.49474,23527586264.43009,437.5020383175179,5494.34164506197,42944.8011739254,10354120.785840187,6221377862.486312,5097068432.705343,150.75321149457298,9322,604942,12548,608168,0.1991166334416443,0.2,37,39.33808990000398,0.4303697810208777,0.9273694996798044,0.752729836779892,0.5582298272364109,0.4654484034864293,0.5870069537420273,0.5101381616069963,6.810000419616699,16.11739419820443,0.4510428340111885,0.3839414652931549,2.724293903954253,1.3566090868730936,0.6873433626131826,0.4238403678446747,RandomAll_B20,0.7870932788135908,0.0153280014732771,0.0154097417603671,0.7429072362129423,JILONG_EI_0119,37.0,1.3962751377025349,1.00904160544456,1.6480340678874856,0.7200676815929903,1.8831204592105983,0.8844858623374915,1.4024058313144916,1.169631099312142
40077.152742907405,102325.2629685998,33278552.74885588,42683483816.23633,45267366764.87392,275.5953811859654,8434.79889845848,89484.2610129714,19691320.427825622,15750647646.704128,13129665759.955528,103.62087002639184,10055,574536,15637,580118,0.2022281823062504,0.2,37,38.0218959999911,0.4587635834938494,0.9351513243645698,0.7692282124188801,0.6074622276899142,0.5385601549210057,0.6131795322653862,0.5730347100121173,1.829999923706055,11.408391887595604,0.4749316544401977,0.3171153846153846,1.8398217458459596,0.9699210304529664,0.5898966908473628,0.3669106531533727,RandomAll_B20,0.3153457069532673,0.017332680592569,0.0175010791316819,0.6430261559122594,JILONG_EI_0129,37.0,1.5285704706522922,1.0077002406300477,1.2501203237814718,0.736944948871689,1.9387873395472068,0.9510524900497848,1.4611777453184132,1.0394097219224188
34078.62169221509,68648.96600997448,22901121.856757905,27420508326.108334,30356588774.160496,272.2324782969081,6962.433521986008,59690.94868707657,13751046.048686892,8504382904.41264,7143237323.821775,92.55200122981584,9957,634272,14236,638551,0.2014999757512641,0.2,37,40.42611109999416,0.4520011294722832,0.9324750933569486,0.774888988428897,0.5569082507322536,0.4850885859146798,0.5830730096992256,0.5204107866519212,4.950000762939453,15.10573439503258,0.485692184545637,0.3424092409240924,2.7406209440656704,1.0734050907207209,0.6302832942477631,0.3822237170205647,RandomAll_B20,0.6265946412154038,0.0155931162898499,0.0156983123959436,0.6994239955043552,JILONG_EI_0139,37.0,1.487244064242035,1.006247960920453,1.7029993415037676,0.7141289316988557,1.6107197022598907,0.9122890764159788,1.2341455244326285,1.1454933807791567
37309.28019087389,61085.04558469355,28859161.51000511,35094244483.431915,37345145842.27022,324.94154228115826,6640.599495172501,53118.63931798935,15472487.706721164,10042481274.459925,10347367804.310734,124.74580093092436,10329,735848,14504,740023,0.2042480594630053,0.2,37,40.279039300003205,0.4218860923266669,0.932515415011592,0.7322143210503503,0.5349369123996617,0.5263781621737759,0.6195984878136882,0.5305418071622199,4.980001449584961,14.635352312469148,0.5164827037790163,0.3155473781048758,3.381165714327744,1.1177989379072808,0.6519074178493803,0.3640241386862122,RandomAll_B20,0.7554047155443064,0.0139576742885018,0.0140368663093464,0.7121483728626585,JILONG_EI_0149,37.0,1.5346925820594868,1.010829034775979,1.8965561226682863,0.7106505742713987,3.5475719598826,0.9436572360594035,2.515765995015356,1.2039412818705952
32328.623210713267,76689.6539349556,21810423.04252069,25000767984.394268,28560699926.19287,183.4296433017298,6106.586048513651,67132.90973234177,13077147.718347132,8594966332.174643,6156564027.218721,64.9663565807265,9521,477943,13511,481933,0.2054958589965788,0.2,37,40.86769430000277,0.4346159253003287,0.93561967636452,0.7743271196873792,0.5863344543273846,0.4642851328080078,0.5951267821180285,0.5247981595285083,3.900001525878906,12.351972194414744,0.4147648183589778,0.3698949824970828,1.9730126606541396,1.0452780542616384,0.6119905678491288,0.414315272195786,RandomAll_B20,0.3080052651009025,0.0197558581794564,0.0199207855330028,0.7046850714232847,JILONG_EI_0159,37.0,1.3158556758127389,1.0110306341343631,1.3846425456783356,0.688182234827454,1.1284164527151306,0.9157636609659836,0.9266070563342292,1.0030568109898133
38451.372286666185,84426.82640565932,33327082.84270499,40651093598.54572,43246621440.80403,295.98925423133187,6295.244007110596,73320.33233523369,18461319.112725604,13547407898.538452,10977631753.01242,107.83442986437488,10223,569078,14841,573696,0.2057286681318008,0.2,37,40.911460499992245,0.4046228103357219,0.9319057258457544,0.7442737708204495,0.577287278015598,0.5038232867420294,0.6035882141500014,0.5406669125113158,3.4499988555908203,12.456126860539678,0.4288240059969561,0.3493382281905129,1.9315175203164283,1.013004943972592,0.6204895559219448,0.4167020199033179,RandomAll_B20,0.1633526490927247,0.0178195420571173,0.0179641455125659,0.6888349841654875,JILONG_EI_0169,37.0,1.2974527827936984,1.0182558875408307,1.0957395308267,0.6916106354398959,1.3693502972724727,0.9049472452659664,1.0717789755264342,1.059653075486852
36491.659354142845,68698.8699157536,27100964.614665315,32932665280.28005,35219395577.81594,152.8823588847772,6571.129309952259,58665.23564374447,16171496.617993824,9780856062.937984,8476706140.330007,61.822110527473455,9853,493631,14387,498165,0.2034254104630317,0.2,37,40.78762900001311,0.4243490172297456,0.9240928568602824,0.7724719753912714,0.5449730095388142,0.4905944317773798,0.635906444229906,0.5175852577660972,3.389999389648437,12.130774892341922,0.3959269097251648,0.3981810992487149,2.109410967138752,1.0328856856517514,0.6358827413152681,0.4438537928329409,RandomAll_B20,0.498346971035481,0.019778587415816,0.0199602537117806,0.6848543824285813,JILONG_EI_0179,37.0,1.2552337553709525,0.9955531281166896,1.527860996223283,0.6661550751515304,1.2268772251665438,0.9056859566697786,0.9778685840511026,1.0344260132517566
33691.83037099242,55903.44233979285,24481840.55096493,26994969340.09335,31369451238.91772,210.35014229263103,5179.978386104107,47136.01120144129,13155572.015266716,8082205713.419228,6819869139.644883,66.74547380994483,9763,691691,13435,695363,0.2042015295421923,0.2,37,43.26830379999592,0.3921043596508344,0.918241968975831,0.7330487130387098,0.5471715783641211,0.4662668718215321,0.5632996807669056,0.5052999800395056,5.280000686645508,13.310915774455898,0.4728999324632404,0.3605864364094261,2.112491232498499,1.1242706331519028,0.6372455192173128,0.4116789635668563,RandomAll_B20,0.5356737520338265,0.0140401488143602,0.0141146841580994,0.7266840342389281,JILONG_EI_0189,37.0,1.2606090525308211,1.009766371204481,1.474119133912962,0.6953776420170336,1.9031250669408832,0.9023861328753064,1.4058098092825,1.213681266419625
32012.05909247789,72230.42800281942,20442455.09004381,23060578331.02716,26804702911.097485,91.30969125659487,6103.058913379908,62145.9169921875,12041744.108816952,7687547130.974494,6507158307.876267,59.17520161560049,9590,588274,13170,591854,0.2015048148630286,0.2,37,42.937900600009016,0.4366334225685156,0.9275689580966956,0.7674996230836855,0.5773760942727031,0.4927086504245857,0.8050288341161391,0.533536402275514,4.229999542236328,12.273169206271708,0.4890015069859862,0.320802991537099,2.059760035258625,1.0904769255834934,0.521690438263789,0.3647919306466404,RandomAll_B20,0.4994717867508156,0.0162033204134803,0.0163019273331814,0.7281700835231587,JILONG_EI_0199,37.0,1.3820384974855011,1.005624158860953,1.7049286873436862,0.7340168967120505,1.833946736228674,0.990269836414657,1.3770143706708942,1.0812512581821334
40222.31467985641,72501.22977417707,34331585.49860616,43822686784.623886,44527558414.58065,256.1750057976751,7907.40246629715,63638.70919322968,19858038.89916801,14185320016.967283,16385565837.052734,104.73648344194832,10611,983111,15222,987722,0.0727681697479577,0.05,10,23.566706099998555,0.4433874458023507,0.9368886861797584,0.7605385779429985,0.5689447162418938,0.6066193797081118,0.6394117559623557,0.588234012182704,2.760000228881836,12.318169390441666,0.547769655436477,0.2878631063271924,1.0782625678393292,0.9326286314477096,0.6499160794545312,0.3798138282190557,RandomSupport_B05,0.1246485621552788,0.0107429013426854,0.010793287838301,0.6970831690973591,JILONG_EI_0009,10.0,1.492979836561862,1.0549204952996931,1.009107450733332,0.7393869189053841,4.853949325385387,0.9858397225645464,3.422261854515821,1.4726391591067318
34723.52818476036,80957.28886890411,25376808.590233617,29555542556.124622,32695617830.37517,132.39841732103378,5837.7426953315735,72301.12676882744,14529202.109588616,8614372806.627954,7205565335.72323,57.63994337332725,10131,705956,13878,709703,0.0787176183657373,0.05,10,23.513687700004084,0.4100252020521871,0.9450277356674612,0.7566627954937861,0.5398739387785811,0.4694499055631963,0.6598122524096056,0.5041138911985468,4.200000762939453,12.671702373165187,0.4837080567364965,0.3369924141008478,1.0218209347404963,0.9713213268966528,0.6147810969161218,0.4043630134121469,RandomSupport_B05,0.1913028591866767,0.0142749854516607,0.0143507527381309,0.7300043233895374,JILONG_EI_0019,10.0,1.337996815927143,1.0486548943733092,0.8999794172000876,0.7042085462107011,2.2124642663453136,0.9374517679977638,1.6118690279346448,1.2396550813122456
37156.73530562222,92481.5048237443,28811680.589952502,36007318607.353355,38825466307.84117,337.49634789254924,7773.287188649178,85108.85296738148,18124861.048909187,10645887780.082767,11234814383.892693,144.15196173717928,10521,850870,14980,855329,0.073216133237019,0.05,10,23.74204749999626,0.4573867530385669,0.959312105473151,0.7931458334914521,0.5437453439892049,0.537928569757717,0.6535453661171576,0.5407352396099647,1.950000762939453,13.151408652289652,0.5358859492568065,0.3086106172212344,1.1434285060258476,0.9342216326386332,0.6469157326087582,0.3728520259717087,RandomSupport_B05,0.2154688055152593,0.012300529971508,0.0123649911267291,0.7023364485981308,JILONG_EI_0029,10.0,1.6107254082347962,1.0519370272990458,0.8588286673567984,0.7298820301490996,3.723414166362708,0.9408097576477232,2.6592020119226327,1.3653895848838171
31955.091040883213,76885.32242523134,20727144.440217003,24945357901.36344,27596105776.552704,365.7411123409984,6640.170273900032,68633.2907473445,11951917.727441397,7987894263.912611,6851432420.552696,135.43218298606206,9818,673629,13648,677459,0.0748217079788551,0.05,10,23.29982710001059,0.4558475011714884,0.9448126323038272,0.7593623499973945,0.5658760118483277,0.4982723507420138,0.6085188679870329,0.5314421720183599,4.739999771118164,14.94084505778803,0.4905502249007017,0.3488694047069681,1.0390255874441765,0.9840389363402466,0.6584156916176693,0.3948373509536814,RandomSupport_B05,0.1146150122572516,0.0144923899453693,0.0145747881994391,0.7193728018757327,JILONG_EI_0039,10.0,1.5664345520170888,1.0361023063202697,0.8554540024281031,0.7233606866270589,1.903221614916214,0.9158764818644122,1.4251308875676354,1.2296255699557512
41456.80176700652,81330.60382030904,34403119.76943549,44620929967.68163,47197874190.75491,157.03875714167316,8569.178934812546,73994.46923971176,22039878.10096217,14740408140.982927,14663151995.815533,74.76576483301254,9931,683679,15879,689627,0.0735414172662911,0.05,10,23.4577605999948,0.4546442557401963,0.9538336316608216,0.8003974206215335,0.5747585568465037,0.5573813704723021,0.6899982121895172,0.5658927663706361,1.710000991821289,11.334375217763911,0.4770470513942125,0.3311138014527845,0.977544584331996,0.9099604670415335,0.6160245660380184,0.3987439153278533,RandomSupport_B05,0.2963637531233935,0.014400538261988,0.0145258227911051,0.6254172177089238,JILONG_EI_0049,10.0,1.4126073631404328,1.0634730915571389,0.8820582303229926,0.715890723092938,2.058248534304842,0.947058580098024,1.536389837715508,1.1870937373918502
35336.20548405871,71319.21658104658,25095066.9514793,30098298892.845078,32967696484.868637,158.63836451845418,7189.291130363941,63827.539055109024,14684745.209878547,9927299796.692888,8298034384.102073,68.04469277469408,9868,771899,14334,776365,0.0772558343734764,0.05,10,19.244362300014476,0.4510587162101349,0.9460209803073923,0.7649605321517093,0.5743076395432282,0.5016990901449936,0.6549271837336016,0.5375763111487275,3.1500015258789062,11.718803089295683,0.5040348003987055,0.3395202241288741,1.0040925946320216,0.9511746762563874,0.636240929198676,0.3977566710460797,RandomSupport_B05,0.0961357598300198,0.0127105163164233,0.012784055945143,0.6884330961350635,JILONG_EI_0059,10.0,1.4082758330314629,1.0496947087502655,0.9012730502949096,0.7090699079074596,2.1373286866913834,0.9397612132059688,1.5722715834203558,1.3115854940058762
41179.61009020358,93895.09017384052,32519565.917531945,41913293246.8365,43899213296.85787,56.4482686781848,9115.64069867134,87065.36062812805,20148730.3305314,13618879872.81384,14355405898.424229,68.28080354160659,10144,855325,15482,860663,0.0722731977446123,0.05,10,19.08918779999658,0.4704922610512384,0.9629445065660972,0.7871390752750905,0.5700261791120337,0.5718463712972413,1.0998260413092351,0.5709580620968856,1.8000011444091797,10.502307672496444,0.5560024740388685,0.2667569937036742,1.0677620406257604,0.9191326733963732,0.5794183356858733,0.3436743084257104,RandomSupport_B05,0.2233870410829576,0.0117862624511568,0.0118598193669073,0.6552125048443354,JILONG_EI_0069,10.0,1.4614135394198469,1.0666115126424425,0.8907545760521335,0.7453521211552724,3.022754329317572,1.2258216261989123,2.188730730398253,1.3087252039198278
34522.367499114014,70680.4330277443,22762082.71220981,27021347192.559574,30356389200.495186,84.34853874377063,7221.525369286537,63180.65695166588,13212792.948166132,8040918842.805075,7067367728.8678,54.44313480644885,9952,774058,14159,778265,0.0747277973043914,0.05,10,19.35307009999815,0.4573663247287655,0.9454584940069074,0.7618883206827566,0.5455057598647465,0.4825071890010942,0.8034017626217661,0.5131400373637861,3.180000305175781,11.252535446455152,0.5217842603873177,0.3199291408325952,0.9283654894789658,0.9455204568695031,0.6283847514562089,0.3764266214240827,RandomSupport_B05,0.1120331678319553,0.0127874181673337,0.0128569176986737,0.7028744967864963,JILONG_EI_0079,10.0,1.397199608512216,1.0486779328947298,0.9564567423858792,0.7175135050047059,1.8683046677460171,0.9860490992182408,1.3990887314968763,1.2965929091179742
41530.30475248397,92778.21813547613,36418069.18719026,48247420689.86666,49005519897.72861,335.1282274788109,8150.555076956749,84801.43266189098,23044999.86572629,15985513613.690008,17356256171.58084,147.99927988000138,10482,786160,15977,791655,0.0729347734529944,0.05,10,19.019544900002074,0.4430074545710611,0.9560455426497768,0.7954811568324797,0.5756072387222203,0.5951213423284755,0.664544849466679,0.5855216437875466,1.7099990844726562,12.418321805400447,0.5005747874370987,0.3174052983411735,1.0549799987085215,0.9184937506645244,0.6320921608320941,0.3950720547606748,RandomSupport_B05,0.3208961184752463,0.0132406161775015,0.0133331637325735,0.656068097890718,JILONG_EI_0089,10.0,1.4730341855957532,1.0625162227793914,0.875285210526688,0.7317538780148617,2.326830450505428,0.9203590215373024,1.715329986495301,1.2834159449408782
35330.011182207614,81570.61096382141,25931617.838365976,31422612033.22519,34421923012.18359,374.2275019290392,6873.5270347595215,74003.0589249134,16341387.603734257,9077274042.033936,9298837615.756985,160.63707693481106,10390,763035,14577,767222,0.07252350213006,0.05,10,18.834667400005856,0.4410805781268663,0.9524846342966308,0.7938339331450812,0.5374729127444781,0.5197527159671887,0.655171573600292,0.5282833739972397,3.0,13.085704267024994,0.4966909670545202,0.3311246730601569,0.9593533482232692,0.9477917793820496,0.6613043941982589,0.4025127630744073,RandomSupport_B05,0.2867588352518971,0.0135423645307355,0.0136166755129188,0.712766687247033,JILONG_EI_0099,10.0,1.4512839360908163,1.0518399661752855,0.8324978512827043,0.7094566138695385,2.3229837227956223,0.9120317775038128,1.6975026190867115,1.295360825177934
35432.725008778274,74914.23455935717,26718022.109859217,30719942261.082848,34298382133.7913,100.1941066053114,6153.802432775497,68628.53371214867,16771641.022497175,8952958694.123709,7895106807.074274,50.13170196172696,10111,694724,13949,698562,0.0739539648384821,0.05,10,18.943025600005058,0.4167441361242842,0.957128364629055,0.7922926493228986,0.5398499840281197,0.4797800523136649,0.7073512672924924,0.509046123619912,4.409999847412109,12.609574747001025,0.466856137848374,0.3380467240470753,0.8772957694822986,0.9523479586271356,0.5908092931438009,0.4197378397351809,RandomSupport_B05,0.3099497320848257,0.0144740194857435,0.0145539811493485,0.7248548283031042,JILONG_EI_0109,10.0,1.2564833650856837,1.0732430094155954,0.8926813999704394,0.6857981171137866,2.492154707074943,0.9425570777059824,1.7908412253704689,1.2279099836022287
29664.16461913288,49934.99145291746,18274056.568535265,19964594959.49474,23527586264.43009,437.5020383175179,5814.815320014954,43335.168503940105,11020256.209131096,5759795789.171813,5042145499.145903,162.30811254425635,9414,781329,12548,784463,0.0743688522009769,0.05,10,19.01870210000197,0.4427432020769907,0.931574849186534,0.7765659841679188,0.5371224330329968,0.4629339159316448,0.6090880421509268,0.4983624494549271,5.340001106262207,14.464014274343638,0.5001809076947356,0.3507960965588084,1.114260111478788,1.076594720614077,0.7000383404182666,0.4131272965725091,RandomSupport_B05,0.1268830552637734,0.0120005659922775,0.0120487016352906,0.7502390819254064,JILONG_EI_0119,10.0,1.4809747579716923,1.041423435568034,0.9116748291999012,0.7417799253172294,2.915630663846186,0.9070624620769396,2.086470856732097,1.364864249590227
40077.152742907405,102325.2629685998,33278552.74885588,42683483816.23633,45267366764.87392,275.5953811859654,8759.62093615532,92169.17636704443,20645615.75938372,13901909642.235662,12424617459.01094,110.91080194688992,9894,847615,15637,853358,0.0735387584136732,0.05,10,18.860288600000786,0.4675135758094308,0.9490769339835908,0.787647147742582,0.5706992490664882,0.5239006014934847,0.6343821512947667,0.5471126598708889,1.829999923706055,11.741538809833829,0.5445182087494099,0.2851698952048269,0.9176774270836504,0.9210465525124176,0.6163675935621963,0.360794255665767,RandomSupport_B05,0.2676576519315474,0.0115941961052688,0.0116727523698849,0.6327300633113768,JILONG_EI_0129,10.0,1.636739663775123,1.04042208460395,0.9304097141638268,0.7274661390069256,3.194093687993136,0.9556314756351594,2.30602225508498,1.3424690415708975
34078.62169221509,68648.96600997448,22901121.856757905,27420508326.108334,30356588774.160496,272.2324782969081,7494.324961185455,63320.91451096535,13818105.4203095,8122202727.788711,8139419502.528194,115.43577879986148,10183,820549,14236,824602,0.0750243657253903,0.05,10,18.930347599991364,0.4689486063985854,0.9604098136710608,0.7767761310547728,0.5442509074118614,0.5178097605230559,0.6511787957535432,0.5305228268314456,3.210000991821289,14.330493231946734,0.5294904172792858,0.3251870324189526,1.2037685023628304,0.982050280158182,0.655496180566382,0.3796491536735855,RandomSupport_B05,0.1312705950898919,0.0123489877540922,0.0124099840472659,0.7152992413599326,JILONG_EI_0139,10.0,1.6160565379995009,1.0547671307765525,0.927009362590718,0.7477414174712235,3.3850969214171647,0.976765391129914,2.4201066742005524,1.362280570406842
37309.28019087389,61085.04558469355,28859161.51000511,35094244483.431915,37345145842.27022,324.94154228115826,7383.614040851593,55205.30818581581,15982776.39826402,10578402565.625614,11725122425.623022,135.52180071818543,10361,995251,14504,999394,0.0727719453186751,0.05,10,19.055414400005247,0.4448627665713541,0.950655068876158,0.7441907326239454,0.5490249695117922,0.5603270814794273,0.6458058326840452,0.5548803690720718,3.570001602172852,13.183426920142209,0.5718726085330418,0.2792606337425064,1.240714799587756,0.9803842997344788,0.65474269630119,0.354480451591097,RandomSupport_B05,0.1260862245194545,0.0103672825732393,0.0104104391756451,0.7143546607832322,JILONG_EI_0149,10.0,1.6176259409529128,1.0539895205204508,0.9697068898534768,0.7418631189503476,4.292039483979495,0.98320699078636,3.0275959477951284,1.4737619577006278
32328.623210713267,76689.6539349556,21810423.04252069,25000767984.394268,28560699926.19287,183.4296433017298,6531.401911556721,69427.55828380585,13556532.585365854,7642157423.319805,6405868380.720961,75.41236423934372,9936,706570,13511,710145,0.0749650733120114,0.05,10,18.751083199997083,0.4494792005189162,0.9514753837585972,0.7883921047766022,0.5528805537627725,0.4735922451380856,0.6411896707664408,0.5121314099700843,3.8700008392333984,12.59748289197475,0.4932030705205938,0.3293342955078477,1.081785199528709,0.9557539367016058,0.6336297624689409,0.3960654932856937,RandomSupport_B05,0.1567186339308026,0.0139915087763766,0.0140623009751333,0.7354007845459255,JILONG_EI_0159,10.0,1.4141171131233226,1.0492026908670866,0.8833061125047478,2.2694659543855704,3.1724009100831307,0.9599578695456809,2.7415339117473168,1.2502917188609264
38451.372286666185,84426.82640565932,33327082.84270499,40651093598.54572,43246621440.80403,295.98925423133187,6377.787694811821,76439.09422564507,20444282.0160299,12547014849.817984,12675153270.376389,113.7588893671157,10525,839103,14841,843419,0.0746991348731706,0.05,10,19.08924799998931,0.4072668927644361,0.9515191514163464,0.7832263339319522,0.5555639912005012,0.5413778929222545,0.6199471951603595,0.5482973433571938,3.3599987030029297,12.585211555093109,0.5034835817825184,0.3127035830618892,1.091391918916156,0.9502094581813504,0.6172289555928202,0.4036580597590352,RandomSupport_B05,0.312281475880411,0.0124789695276013,0.012543156203708,0.7091840172495115,JILONG_EI_0169,10.0,1.3606469177326463,1.0669658821952772,0.8431539317074218,0.7158982422243408,2.67343278426634,0.9388887778943776,1.922711024461172,1.333934301140234
36491.659354142845,68698.8699157536,27100964.614665315,32932665280.28005,35219395577.81594,152.8823588847772,6570.56748354435,60670.37282848358,16346670.744466648,9785135625.192076,7881344595.290378,63.23794821947797,10073,765838,14387,770152,0.0714099214766374,0.05,10,18.82013740000548,0.4243308760877136,0.939752598721132,0.7766445213844323,0.5450922215406278,0.4730523551586474,0.6431469254031303,0.509138008203462,3.270000457763672,11.580000237469942,0.4836111244779544,0.3524549098196393,0.8622520826538443,0.9205341358128184,0.6366282047426371,0.4224303055622622,RandomSupport_B05,0.1331247408468995,0.0130792363065992,0.0131529122347023,0.7001459651073886,JILONG_EI_0179,10.0,1.30823179877581,1.0480473589801185,0.9066386925722774,0.6981636272567094,2.4469158622608838,0.91206546117186,1.7727827056721124,1.3186332790082556
33691.83037099242,55903.44233979285,24481840.55096493,26994969340.09335,31369451238.91772,210.35014229263103,6092.357898890972,50437.78293675184,14043731.229807943,8068174117.861275,7281210711.989884,76.43750570433335,9859,914547,13435,918123,0.0727788051584293,0.05,10,19.543080900009954,0.4252363692492721,0.9498580738846112,0.7573893990133637,0.546696397096491,0.4817795248281399,0.6028119434072462,0.5128276089303524,5.190000534057617,12.515915691445937,0.5278388066604995,0.3031008880477507,0.9950265936452144,0.9725560561840942,0.6499614378628321,0.3969647557167309,RandomSupport_B05,0.0890177331565572,0.0107382126359975,0.0107802004708341,0.7338295496836621,JILONG_EI_0189,10.0,1.4030190935441602,1.0795773019357484,0.8865507858354966,0.7294305952340208,3.1094008524921706,0.9350475897095613,2.208564809828613,1.439309903494005
32012.05909247789,72230.42800281942,20442455.09004381,23060578331.02716,26804702911.097485,91.30969125659487,6648.316244035959,66766.62841761112,12924241.720170684,7134619468.760593,6922069643.896887,51.94754427477085,9737,789774,13170,793207,0.0721927408643951,0.05,10,18.95292920000793,0.4557209875636776,0.9614343372889412,0.7951261007697297,0.5562247505891397,0.5081740491030117,0.7542652050863267,0.5309362566079447,4.379999160766602,14.874295957701309,0.5384529723178497,0.2970389170896785,0.9886755899290556,0.9440026149445706,0.6178992826480355,0.3633105405290571,RandomSupport_B05,0.1690257014309878,0.0122754842052578,0.0123288434412882,0.739331814730448,JILONG_EI_0199,10.0,1.4266412811750255,1.0554448504165674,0.8858375841743388,0.7283318113339714,1.781919511136062,0.9899385155619096,1.3421792204777432,1.3213489698478629
40222.31467985641,72501.22977417707,34331585.49860616,43822686784.623886,44527558414.58065,256.1750057976751,7403.732354402542,62579.98668193817,18632511.8389864,14027705530.911377,12248438101.943115,90.5009979302942,10429,766380,15222,771173,0.1423507149973751,0.1,19,24.31259009998757,0.4290341137684639,0.92906274754147,0.7366967818423202,0.5657750867785488,0.5244763564832405,0.5943719513237139,0.5453520299233624,2.8199996948242188,12.563239565827477,0.5005648281972714,0.332585762937121,1.9418347635846056,0.9564789488790836,0.6493724283468891,0.3906735768381475,RandomSupport_B10,0.4057942827155993,0.0135235543775521,0.0136081317362144,0.6851267901721193,JILONG_EI_0009,19.0,1.4549742008886668,1.0279468983484883,1.2909629461917504,0.7153564461391912,3.8447630274664735,0.9232740954177822,2.7267153117722738,1.255136604880278
34723.52818476036,80957.28886890411,25376808.590233617,29555542556.124622,32695617830.37517,132.39841732103378,6194.846980333328,69771.35672426224,14157285.93394849,8669651686.47421,7096731240.827001,60.67544665802643,10011,634244,13878,638111,0.1432649880585611,0.1,19,24.014276100002466,0.4223800219220849,0.9283475723680352,0.7469155478141591,0.5416033683747193,0.4658910902414022,0.676963251929784,0.5032598797801972,4.290000915527344,12.359155032049182,0.4731641665624384,0.3437618505877891,1.6573833467795285,1.0364032087824997,0.6055214120291593,0.3930636874273288,RandomSupport_B10,0.1829214533841903,0.0156884930678204,0.0157841461645675,0.7213575443147427,JILONG_EI_0019,19.0,1.3096110912336554,1.0207849985121078,1.0586157075147589,0.6654850276017608,1.7723409269218011,0.9353646142294284,1.3161799082271664,1.1379206018861785
37156.73530562222,92481.5048237443,28811680.589952502,36007318607.353355,38825466307.84117,337.49634789254924,7245.382586479187,82070.22351861,18367624.368896388,11316272290.255974,10330648546.267822,138.11340641465762,10192,632058,14980,636846,0.1412862699403311,0.1,19,24.041921699987142,0.4415825338217813,0.9420313678441862,0.7984398398126472,0.5606041438644565,0.5158286420235916,0.6397103533554226,0.5378387767852948,2.25,13.52957755085868,0.4792249586691308,0.3313531353135313,1.5164324444824244,0.9486587980112342,0.6220944464674113,0.3856023681306559,RandomSupport_B10,0.1692762085335593,0.016003869067247,0.0161251024431302,0.680373831775701,JILONG_EI_0029,19.0,1.4957562877293122,1.0191195624029086,0.9757050662508092,0.704323861023706,2.2065271547732057,0.919230520711258,1.6250501693987045,1.1316705256484467
31955.091040883213,76885.32242523134,20727144.440217003,24945357901.36344,27596105776.552704,365.7411123409984,6614.551634192467,67292.91272687912,12310700.516397525,8762860114.111534,6584620497.355271,119.59925780211256,9686,635213,13648,639175,0.140486593426976,0.1,19,24.143401799999992,0.4549672919155624,0.9355412547823272,0.7706756656903913,0.5926906414154914,0.488474024565409,0.5718437141317421,0.5404648612370859,3.180000305175781,14.479436805340606,0.4787484469771729,0.3472169632714881,1.934055569581452,1.0977986796421408,0.6393816747540975,0.3985742390347734,RandomSupport_B10,0.2962387130815174,0.0151539093362537,0.0152484284798957,0.7097010550996483,JILONG_EI_0039,19.0,1.51439923724535,1.0089508139139325,1.1260303912120304,0.7253350045423118,2.5017599990105928,0.9114480631124064,1.8207743193392592,1.1881323420408347
41456.80176700652,81330.60382030904,34403119.76943549,44620929967.68163,47197874190.75491,157.03875714167316,8194.332351624966,71576.51709842682,20725238.99765324,14667201506.45732,13405935289.99038,77.15145655174709,10012,601333,15879,607200,0.141171939277762,0.1,19,24.062454600003548,0.4445891807340905,0.9381197574902904,0.7761592900231707,0.5733295424331253,0.5329510721441697,0.7009203030550426,0.5529420965061935,1.7400016784667969,11.874335784386922,0.4533368131203099,0.3453579930415675,2.1294185220343267,0.9216772247112228,0.6191502601741316,0.4025135565458744,RandomSupport_B10,0.2349379502199954,0.0164888010540184,0.0166496766350757,0.6305182946029347,JILONG_EI_0049,19.0,1.3801236343044063,1.0272710542303585,1.0958036663752886,0.7140127218895214,1.668608732407572,0.9303001789385368,1.2800447894047335,1.0974133680010758
35336.20548405871,71319.21658104658,25095066.9514793,30098298892.845078,32967696484.868637,158.63836451845418,6493.749781847,62282.378326416016,14739894.227891818,8683028533.054726,7621310825.984397,63.485890728809125,10210,609678,14334,613802,0.1451387878524894,0.1,19,24.03680689999601,0.4286845378420444,0.9345000138680456,0.766395602603558,0.5371117320912978,0.4808067272071866,0.6326077333973031,0.5084567015276358,3.270000457763672,13.193916126590716,0.4603768919122906,0.3653882486302663,1.7931879851859265,0.9796470613829494,0.6299034711221557,0.4050584980013284,RandomSupport_B10,0.2977680645173012,0.0166340285629567,0.0167465448974704,0.7122924515138831,JILONG_EI_0059,19.0,1.3592377679918344,1.0188199324431462,1.1550016532013274,0.7039599449756959,1.688581644879792,0.922159756542087,1.2793252645950228,1.1308919342040362
41179.61009020358,93895.09017384052,32519565.917531945,41913293246.8365,43899213296.85787,56.4482686781848,8251.347198784351,85348.29237389565,20832410.99632221,13915597899.971657,12453565812.731195,69.1283525031775,10196,559896,15482,565182,0.1457357534422569,0.1,19,23.970538000008677,0.447632196085412,0.953401819612715,0.8003821556977798,0.5762023730453658,0.5326212522806337,1.1066308937844465,0.5543357456325381,1.739999771118164,10.240069936934884,0.4679629679377829,0.3104512148091014,1.4559298639071048,0.9229340825409268,0.5645582899499876,0.3664605969122127,RandomSupport_B10,0.1962318395724493,0.0180402065175465,0.0182105248117507,0.6585712440253197,JILONG_EI_0069,19.0,1.3597785328301273,1.0329305828947295,1.0923177113679616,0.7256236003418027,2.6029441006154883,1.0846033383172144,1.900085523627076,1.0149630673563828
34522.367499114014,70680.4330277443,22762082.71220981,27021347192.559574,30356389200.495186,84.34853874377063,6819.358376204968,60100.60790801048,12711632.317048268,7892446419.447393,6774352589.399334,59.083256604980704,9987,605229,14159,609401,0.1395709377624287,0.1,19,24.066657999996096,0.4444485273207951,0.9221250746734184,0.7472994500570159,0.5404460191940277,0.4723988615393381,0.8369382776965231,0.5055870771480484,3.240001678466797,12.030845382709948,0.4758047331393945,0.3397553222232926,1.570680123643679,0.9754673032803648,0.6171389483590326,0.3839052273879607,RandomSupport_B10,0.2702513343884211,0.0163882238460389,0.0165011921107547,0.7053464227699696,JILONG_EI_0079,19.0,1.3481000891239103,1.01307677584718,1.2221837416739112,0.7011685103559452,2.188069995732951,0.9942632591285858,1.604470286195116,1.1094857403045455
41530.30475248397,92778.21813547613,36418069.18719026,48247420689.86666,49005519897.72861,335.1282274788109,7927.081772565842,82938.08654344082,21565896.06546792,17466141446.181988,16172478650.254189,143.5380570508292,10036,585073,15977,591014,0.1381966831983487,0.1,19,24.073363699993934,0.4368920178680617,0.9454835825158634,0.7695295396594861,0.6016742648461875,0.5744679350208869,0.6544523430253181,0.5881223923703828,1.7999992370605469,11.616041887965467,0.4439185069193603,0.3369984024057889,1.3536858467359376,0.9502158358627856,0.6212443396143857,0.4051544697687602,RandomSupport_B10,0.1758390341759014,0.0169809852220082,0.0171534150439346,0.628152969894223,JILONG_EI_0089,19.0,1.415410620680504,1.0347577426769337,0.9375435561172332,0.716157697261536,1.4989863467505502,0.9065177102257446,1.1697814921628578,1.0755335367101748
35330.011182207614,81570.61096382141,25931617.838365976,31422612033.22519,34421923012.18359,374.2275019290392,6651.542813777924,69439.04238843918,14108312.02073145,9508605359.904625,7968736478.479965,121.03632675085146,10055,530029,14577,534551,0.1422663230152835,0.1,19,24.053014799996163,0.4338996581538722,0.9226457889184652,0.7376030802437794,0.5500944583093773,0.481146319611304,0.5687088901451056,0.5152023350251816,3.0,12.039296070454826,0.4215670987155283,0.3753262397109014,1.6628490041057358,1.047400760070429,0.6509055423925741,0.423876237448382,RandomSupport_B10,0.1423246645563313,0.0188101790100476,0.018970660095957,0.6897852781779515,JILONG_EI_0099,19.0,1.3840800284811738,1.002737829312164,1.0482601477957385,0.7213635761281106,2.026754164479757,0.8859596684169104,1.5046563703250782,1.056957494444975
35432.725008778274,74914.23455935717,26718022.109859217,30719942261.082848,34298382133.7913,100.1941066053114,5827.711721658707,66156.22517132759,15668992.0487993,8983403214.62333,7167566987.251954,47.33982537525722,10011,565726,13949,569664,0.1415709798786542,0.1,19,24.07319850000204,0.4055521922639414,0.939730202551378,0.7658053175261863,0.54076708450698,0.4571398304681333,0.6873726330437295,0.4984038878762856,4.409999847412109,12.6562241536754,0.4312223016659425,0.3642718446601942,1.432800245364108,1.0274591425398576,0.625763858564132,0.4211030566302756,RandomSupport_B10,0.1698146998492473,0.0175735170205594,0.0176958456920841,0.7176858556168901,JILONG_EI_0109,19.0,1.2080846080805043,1.0393592962256846,0.9335699607852324,0.6688081728477161,1.3753068204450103,0.926339686825002,1.0657440339679152,1.0801396583535512
29664.16461913288,49934.99145291746,18274056.568535265,19964594959.49474,23527586264.43009,437.5020383175179,5586.676804721355,43490.518325567245,10996994.98615453,6237490169.168715,5048598740.888125,160.81235080435596,9414,683560,12548,686694,0.1414737190498919,0.1,19,24.059883699999773,0.4339710036946062,0.9332431306765544,0.7757459752491629,0.5589522198021923,0.4632300665693456,0.6062749995199205,0.5094084434605464,6.810000419616699,16.015563594833225,0.4758787190130233,0.375517890772128,1.8180505282125343,1.1991109046063462,0.697551819371885,0.4172858920720954,RandomSupport_B10,0.5236952949490051,0.0137091630333161,0.013772017087015,0.7502390819254064,JILONG_EI_0119,19.0,1.474345608126643,1.0142815869368722,1.333623076190899,0.7447169995493322,2.701111752997388,0.90451972159982,1.9440388851189685,1.2544821100853167
40077.152742907405,102325.2629685998,33278552.74885588,42683483816.23633,45267366764.87392,275.5953811859654,8640.601395726204,92340.54581618308,20699255.71763631,14667595597.578709,13847105682.071814,114.77707301414802,10350,700353,15637,705640,0.1375055410488556,0.1,19,24.07959900000424,0.4643265910804305,0.949958830013522,0.7886696881669493,0.5862050212104188,0.5530786414354857,0.645344488426325,0.5693959728193343,1.829999923706055,12.321818446883787,0.5117615198397546,0.3045112781954887,1.793873157522379,0.9299560354140844,0.6220526817079103,0.3625848067995301,RandomSupport_B10,0.2147567174814421,0.0146675358539765,0.0147782618193967,0.6618916671995907,JILONG_EI_0129,19.0,1.600458387941875,1.0171903571677126,1.0993030980255458,0.7388306565935011,2.5081911826523355,0.9605904765461252,1.8411813097271796,1.1780755090375643
34078.62169221509,68648.96600997448,22901121.856757905,27420508326.108334,30356588774.160496,272.2324782969081,7281.339936614037,59771.16389477253,13920508.81682356,9335401115.821363,7006620364.64094,87.39059285253566,9459,695100,14236,699877,0.1427496492441626,0.1,19,24.01869959999749,0.4622369328601187,0.9331014326294528,0.7796490894999681,0.5834837168210348,0.4804274458036276,0.5665814798214661,0.5318326914229781,3.480001449584961,13.353169189425,0.4940696033604275,0.3439030907633383,1.8746578040436603,1.0594131478042452,0.6374934788173201,0.3937776313180098,RandomSupport_B10,0.4746580049950055,0.0135152319621876,0.0136081139404402,0.6644422590615341,JILONG_EI_0139,19.0,1.4611858273233094,1.0089621693510258,1.4166332910410004,0.7140916052890504,2.1730323900563384,0.9181784574426488,1.5991331566317892,1.2365294672033682
37309.28019087389,61085.04558469355,28859161.51000511,35094244483.431915,37345145842.27022,324.94154228115826,6620.942020654678,53354.60398578644,16552504.536982149,10313987434.248356,9652299415.215857,113.2218067831186,10419,853346,14504,857431,0.1420017140027515,0.1,19,24.081491799996,0.4212611968182715,0.9345843390929622,0.7573384447126972,0.5421199010038206,0.5083915373963509,0.5902859167514168,0.5250023650712758,3.6300010681152335,14.18535230172352,0.5403031541433351,0.3061693197117288,1.9966014369695315,1.0123136073791017,0.6542819289381034,0.3650017370963065,RandomSupport_B10,0.4963660342316929,0.0121514150992907,0.0122095843889817,0.7183535576392719,JILONG_EI_0149,19.0,1.5568357814291365,1.0160163347211657,1.3536893182970289,0.7274786762625699,4.522283087412007,0.9638732277444814,3.183365122922512,1.3362877259571884
32328.623210713267,76689.6539349556,21810423.04252069,25000767984.394268,28560699926.19287,183.4296433017298,6271.236050397158,68486.43538665771,12790252.43673318,7619280618.545892,6276600757.389136,70.71253918093208,9707,516735,13511,520539,0.1419932588514267,0.1,19,24.031778100004885,0.4404361617110472,0.9450045340430068,0.7657861604209508,0.5520524093305421,0.4687894498479101,0.6208882704581377,0.5093505900672148,3.900001525878906,14.689930099498977,0.4380256586635708,0.359178195333471,1.4667684160297636,1.0241246220807352,0.6200907671900591,0.399128362086138,RandomSupport_B10,0.1993961451368763,0.0186479783455226,0.0187852574336942,0.7184516320035527,JILONG_EI_0159,19.0,1.3411845147497148,1.0177716395043053,1.0334172981252987,0.6940284936494678,1.2913950552395026,0.925606528839851,1.0259885707612977,1.0269650646420985
38451.372286666185,84426.82640565932,33327082.84270499,40651093598.54572,43246621440.80403,295.98925423133187,6625.261581301689,74709.3460624218,18796406.682191007,12960639381.508295,10880216665.713257,114.28756558896188,10343,647468,14841,651966,0.1384515608102991,0.1,19,24.06993100000545,0.4150931752795357,0.9406915334738014,0.7509979749535473,0.5646470931610044,0.5015828509235893,0.6213860780116686,0.533071981296836,3.3299999237060547,12.653662429099352,0.4548925354329375,0.342351995713903,1.384560322803048,1.0031446167259233,0.6149160322481814,0.4115317017855124,RandomSupport_B10,0.1036070786223343,0.0158643242132258,0.0159745346488166,0.6969206926756957,JILONG_EI_0169,19.0,1.3121959446205578,1.0353543236960674,0.9487211546081415,0.6814675621268097,1.475699936108389,0.9079764095702052,1.1343210599906894,1.1373753031918692
36491.659354142845,68698.8699157536,27100964.614665315,32932665280.28005,35219395577.81594,152.8823588847772,6355.317730426788,59362.96551966667,15368486.175479274,9913198977.70328,7990338086.055522,59.827152440029536,10028,605705,14387,610064,0.1425612961247117,0.1,19,24.01966069999617,0.4173225263473119,0.9295719228111808,0.7530488867284946,0.5486475847031592,0.4763121156294956,0.6255621717767768,0.5125425476906619,3.389999389648437,12.374895260675803,0.4375218948799163,0.3874524714828897,1.4576012309761814,0.9864658719463965,0.6279392568979236,0.4335039919874162,RandomSupport_B10,0.2539107030051872,0.0164376196595767,0.0165559141826466,0.6970181413776326,JILONG_EI_0179,19.0,1.2754954297440484,1.013528887860118,1.0797537010819376,0.6849560269636585,1.470359606129923,0.9076149704935176,1.1342078781160032,1.1511353161986695
33691.83037099242,55903.44233979285,24481840.55096493,26994969340.09335,31369451238.91772,210.35014229263103,5519.120218680822,47319.35529720783,14458024.71384871,7526588800.602364,6986653971.712876,62.82299550453185,9827,649441,13435,653049,0.1422950386235566,0.1,19,23.988472099998035,0.4047367353492594,0.9200260704060436,0.7684797868771815,0.5280288790332605,0.4719338801884783,0.5464971672635841,0.4986641429179273,5.280000686645508,13.476170454055389,0.4590503077969066,0.3676945141627823,1.695827869723585,1.0736684869916708,0.6618626144209786,0.4167917331203913,RandomSupport_B10,0.3040243482313797,0.0150478754274181,0.0151314746066232,0.7314477112020841,JILONG_EI_0189,19.0,1.2942849323248276,1.0258698181299692,1.0769648092968145,0.6955122208572551,1.874188068570151,0.891099351889006,1.387230621947027,1.1725565808733889
32012.05909247789,72230.42800281942,20442455.09004381,23060578331.02716,26804702911.097485,91.30969125659487,6674.720877915621,64179.996082663536,11643007.808818065,7352164165.872854,6575617226.823169,52.06047727137116,9674,684238,13170,687734,0.1357124640204063,0.1,19,23.965463200001977,0.4566250677293592,0.9426267259308452,0.754685608372396,0.5646411175372001,0.4952936536024461,0.7550846392441234,0.5284961578851631,4.319999694824219,12.29725384817157,0.5200461936015002,0.3142640651638568,1.4977620348159033,1.01919356516105,0.5688048685624204,0.3568331839281107,RandomSupport_B10,0.2521468856472184,0.0140664850072847,0.0141383553675767,0.7345482156416098,JILONG_EI_0199,19.0,1.4256994626649582,1.027492499228369,1.2326649811147867,0.7452649410915032,2.9771181786258056,0.9947631617550812,2.1325676966104337,1.1842664719173748
40222.31467985641,72501.22977417707,34331585.49860616,43822686784.623886,44527558414.58065,256.1750057976751,7503.774589300156,59882.15918636322,28240507.8276639,14733776498.208069,11214227283.949276,101.66348583865096,10091,602237,15222,607368,0.2818666676876661,0.2,37,38.5953359999985,0.4319230289576592,0.9088161565033412,0.9069624792315396,0.5798391545234904,0.501845733065921,0.629961663301633,0.5419361187984849,4.409999847412109,13.712727431442357,0.4539253617208144,0.3505736659989073,5.491268967227083,1.0826256032475785,0.636519488809355,0.399880090184695,RandomSupport_B20,1.1816250737823688,0.0166143096113064,0.0167558618949018,0.6629220864538169,JILONG_EI_0009,37.0,1.4018837023685464,0.9961952894888234,2.795281626398453,0.7103887027182421,2.381553239571791,0.9378931145251848,1.73535713488646,1.0856140541224764
34723.52818476036,80957.28886890411,25376808.590233617,29555542556.124622,32695617830.37517,132.39841732103378,6311.690025687218,67511.3355717659,16198388.877246607,9153111634.520498,7657938359.660788,69.4874908868512,9732,434425,13878,438571,0.2782660494725262,0.2,37,38.15869530000782,0.4263447385196793,0.9131883700800044,0.7989459664113631,0.5564996704801756,0.4839618842723515,0.7244558408652766,0.5196652711583513,4.290000915527344,12.478510844844877,0.4062296003652595,0.3429106808244846,3.901921518097494,1.261008517170371,0.5418224508351963,0.3921432141808894,RandomSupport_B20,0.5810384168321032,0.0221902496973124,0.0224020256661103,0.7012537829658452,JILONG_EI_0019,37.0,1.250709167379889,0.9928552384697392,2.065748160107262,0.6737904386316572,1.483015506943106,0.9459044596447048,1.134921882552863,0.9034326534160348
37156.73530562222,92481.5048237443,28811680.589952502,36007318607.353355,38825466307.84117,337.49634789254924,7518.027365684509,79486.01722884178,20611082.88266187,12213214079.051762,10006040017.783928,110.32619011835604,9844,506468,14980,511604,0.2727950347948089,0.2,37,38.26049079999211,0.4498142159409553,0.9270815204577734,0.8457969390829485,0.5823976233983067,0.5076598036891595,0.5717481548076264,0.5449024791576115,2.190000534057617,14.243496701538144,0.4479185103031672,0.3135627530364372,3.533912962486303,1.100173477932121,0.5899644485819582,0.373365822067815,RandomSupport_B20,0.5378794228517229,0.0192414445547728,0.0194365685492469,0.6571428571428571,JILONG_EI_0029,37.0,1.4741294994246494,0.9850001600763144,2.078901737248513,0.7048522336406833,2.4111236734597905,0.9102255297131584,1.7619735456132084,0.9685036453595744
31955.091040883213,76885.32242523134,20727144.440217003,24945357901.36344,27596105776.552704,365.7411123409984,6481.992203652859,64939.928726136684,15502214.484916188,9549326034.451168,7609373062.321993,114.98044277403098,9024,445116,13648,449740,0.2788587077210527,0.2,37,38.20964640000602,0.4503853158776613,0.9190395131764086,0.8648228060193339,0.6187162051266847,0.5251103009982898,0.5606929528824107,0.5714669197502172,4.8899993896484375,15.060209565854572,0.4127246885555956,0.3602636334644413,4.07581034849743,1.293065863263953,0.6264668969671985,0.4045925071785998,RandomSupport_B20,0.9927411102564214,0.0200649264019211,0.0202733669425498,0.6611957796014069,JILONG_EI_0039,37.0,1.4356525316146782,0.9812250977027818,2.799880364161865,0.7192104102604143,1.5317902335612814,0.885632468699781,1.1862454848954014,0.963376384178253
41456.80176700652,81330.60382030904,34403119.76943549,44620929967.68163,47197874190.75491,157.03875714167316,8906.05966758728,69157.61359095573,25828829.472926863,16546447217.36826,13207672735.007135,75.9447222115214,9159,419759,15879,426479,0.280757926146008,0.2,37,38.20113720001245,0.4634948391210651,0.9221318042352772,0.8664698367597278,0.608952012977834,0.5289954425595466,0.6954171138249027,0.5692561596874671,1.770000457763672,12.663124967159495,0.3931750671906801,0.3476771137760758,4.449534140018701,1.0385624404990206,0.5964162682116677,0.3964346989713918,RandomSupport_B20,0.712715737831137,0.0214758522693966,0.0218196631876862,0.5767995465709428,JILONG_EI_0049,37.0,1.3618413845537758,0.9833160072237852,2.2848968128718994,0.7162679798753655,1.2322985076704824,0.9307605860864008,1.0059985465059538,0.8806295648766622
35336.20548405871,71319.21658104658,25095066.9514793,30098298892.845078,32967696484.868637,158.63836451845418,6346.003400564194,62448.129660367966,17165329.984263845,8979398258.567383,8062065113.706077,74.33804376628107,9944,480392,14334,484782,0.2796246699832131,0.2,37,38.26955029999954,0.4237797440924357,0.9357426743937376,0.8270502533002326,0.5462011896019086,0.4945142936010044,0.6845441323614225,0.5198233879242985,3.270000457763672,13.490070644425044,0.4300006320484691,0.3516834848636227,4.46244228240675,1.1853481265729977,0.6210039594406184,0.3864644924199935,RandomSupport_B20,1.0314843077096976,0.0205123127508859,0.0206997618611467,0.6937351751081345,JILONG_EI_0059,37.0,1.3608021706783897,1.0000966162641234,3.102964295651195,0.6864157795135233,1.3305293016903903,0.9378444013278115,1.049030389448402,0.9500611207617576
41179.61009020358,93895.09017384052,32519565.917531945,41913293246.8365,43899213296.85787,56.4482686781848,8852.42708414793,81081.22590398788,23001861.80964301,15501971824.072922,11894791272.358816,95.88891991314696,9903,437886,15482,443465,0.2821478679405336,0.2,37,38.2420276000048,0.4636497863873964,0.9292631414230758,0.8410254248637088,0.608159616829049,0.5205351293058751,1.3033435296841245,0.5650336770196221,1.8000011444091797,10.66993025872674,0.432607046351075,0.3017569094832015,3.5267288384309383,0.996809477477606,0.5104028945515753,0.3531281938114703,RandomSupport_B20,0.5239092864705098,0.0223309618571927,0.0226154752606842,0.6396460405632347,JILONG_EI_0069,37.0,1.3157338266424246,0.992529766179547,2.253898903221535,0.7504881158716744,1.5159801097076315,1.1482670950684806,1.1914033230300585,0.8557927034490633
34522.367499114014,70680.4330277443,22762082.71220981,27021347192.559574,30356389200.495186,84.34853874377063,6947.838914334774,60514.53488898277,16571102.747788709,9115351617.43764,7145771100.012995,63.3982065982572,9223,459392,14159,464328,0.2768950387086399,0.2,37,38.40653670000029,0.4486158201958741,0.9252950717300694,0.8532370519608594,0.580808835093725,0.4851762059737413,0.86696128638213,0.5323577222250649,3.240001678466797,11.722817127999496,0.4360288233642664,0.327500517705529,4.1419924664349885,1.182146657597489,0.5254001893355463,0.3701161861068196,RandomSupport_B20,0.8934890347636247,0.0198631140056167,0.0200765359431596,0.6513878098735787,JILONG_EI_0079,37.0,1.2988075416054423,0.9850045365310708,3.036037567466819,0.6947314741464068,1.5260623657729868,0.9943311164919344,1.1737496511695165,0.9169689062458954
41530.30475248397,92778.21813547613,36418069.18719026,48247420689.86666,49005519897.72861,335.1282274788109,7845.868746459484,75910.17671096325,24207531.25439904,17188707319.95792,13851794472.85976,110.1736813083755,9959,426033,15977,432051,0.279267426545474,0.2,37,38.30243029999838,0.4346482748985916,0.904538356292563,0.8152987797079146,0.5968766066025667,0.5316557546367999,0.5733679666070302,0.564953880202306,2.0699996948242188,12.888671350645852,0.3918552187179078,0.3315816068721576,2.9833440342239483,1.0184594645044074,0.6144311637517577,0.3974037702356104,RandomSupport_B20,0.3799864793436501,0.0230505194988554,0.0233761234458363,0.623333541966577,JILONG_EI_0089,37.0,1.387508394941257,0.9787117588491384,1.5415338899763242,0.7090564392088677,1.049019834477514,0.8749073181901926,0.8930996780604648,0.8833661651020405
35330.011182207614,81570.61096382141,25931617.838365976,31422612033.22519,34421923012.18359,374.2275019290392,6473.559350371361,67540.85348582268,16695032.702817395,10274061925.270794,7596580625.19593,109.56395681137975,9914,408692,14577,413355,0.2671347098106982,0.2,37,38.17055179999443,0.4280551037535779,0.9099476643229186,0.8023776642089424,0.5718076322654873,0.4697767416159762,0.5410856343854041,0.5209670025024654,3.0,12.882083430058426,0.3757052245034218,0.3660320533505432,2.723285554377637,1.1378967511551803,0.625183909981496,0.4218371766283193,RandomSupport_B20,0.4854220705892948,0.0239842266332813,0.0242578763469801,0.6801125060026069,JILONG_EI_0099,37.0,1.3329508531838112,0.9805246796451296,1.7217925911130143,0.6842998125234209,1.0946330633801853,0.8828025805821618,0.9072254897430944,0.9114382380111616
35432.725008778274,74914.23455935717,26718022.109859217,30719942261.082848,34298382133.7913,100.1941066053114,6002.808419644833,62932.52454185486,16948640.64668754,9904079686.732697,7959577715.996791,49.17272429336016,9915,424986,13949,429020,0.2709872277228565,0.2,37,38.21840769999835,0.4115996195405905,0.9165484001848354,0.7964624096493838,0.5678019313621486,0.4817349951957662,0.700553079348626,0.5241641376969639,4.409999847412109,12.537902194720049,0.382970594950376,0.3622063541343268,3.0320571303888206,1.1528474800774493,0.5928031802582927,0.41577908802814,RandomSupport_B20,0.480269882269441,0.0231108106848165,0.0233301802882918,0.7108036418381246,JILONG_EI_0109,37.0,1.2032735019623764,1.0031695059663368,1.632892190024328,0.6910433844515539,1.2219026652557003,0.9363466939020222,0.9806545972850508,0.9100051237862048
29664.16461913288,49934.99145291746,18274056.568535265,19964594959.49474,23527586264.43009,437.5020383175179,5567.989953458309,40897.39912211895,14339372.007103482,6822202184.837276,5027587112.219635,158.37848145927006,8982,532049,12548,535615,0.2783202368888787,0.2,37,38.486516099990695,0.4332446018775148,0.9049932812660344,0.885824287180998,0.5845639665318902,0.4622651090750883,0.6016695696391998,0.521975019980421,7.080000877380371,16.22706277824782,0.4284918202765909,0.3874822766862467,4.586905667032702,1.520672236204604,0.6797564767222299,0.4245680486939467,RandomSupport_B20,1.6353544685155983,0.0167695079488065,0.0168819037344304,0.7158112846668792,JILONG_EI_0119,37.0,1.3938846683544155,1.0021770001140864,3.448959667229493,0.7201544573985098,1.7550374486268887,0.887276962740725,1.3205708361483603,1.0825806236953812
40077.152742907405,102325.2629685998,33278552.74885588,42683483816.23633,45267366764.87392,275.5953811859654,8208.945319890976,88978.12435996532,23581351.163404748,15380789312.46807,13778915788.7911,113.28639903949087,10350,498391,15637,503678,0.2735004283943338,0.2,37,38.26179079999565,0.4525798889417065,0.9325028946848966,0.8417868310310389,0.6002876133511653,0.5517151464183221,0.6411400678052691,0.5757998425894497,2.040000915527344,12.856363665078067,0.4570160048363927,0.2982979994028068,3.771881189005055,1.0513263303494953,0.5602070053884076,0.3556225455990149,RandomSupport_B20,0.5722162838639465,0.0205488427130031,0.0207668276513821,0.6618916671995907,JILONG_EI_0129,37.0,1.5769053422292714,0.9918555709168534,2.0705740658096965,0.7802725384805992,2.139430311331016,0.9486044539751752,1.6041537033660611,0.9340612658289054
34078.62169221509,68648.96600997448,22901121.856757905,27420508326.108334,30356588774.160496,272.2324782969081,7116.379184007645,57847.38663810492,16406669.41599446,9730598949.722427,7786028675.211523,81.63701519280937,9282,551343,14236,556297,0.2761188132753746,0.2,37,38.21550930000376,0.4569708838208017,0.9179623555241992,0.8464120447328597,0.595706084371355,0.5064440995886088,0.5476127994623284,0.5506141778994121,4.950000762939453,15.02281688977505,0.4566283690537552,0.3498143443423881,4.249946231951896,1.2388779452554628,0.6250963700338537,0.3902450994721792,RandomSupport_B20,1.3747771851300798,0.0166853317562381,0.0168352550045978,0.6520089912896881,JILONG_EI_0139,37.0,1.4358141680691214,0.977671105285968,4.218627187540422,0.7249056121949383,1.7171976774376598,0.9043943098987932,1.305111612770211,1.059480503465953
37309.28019087389,61085.04558469355,28859161.51000511,35094244483.431915,37345145842.27022,324.94154228115826,6453.889098644257,52793.38960361481,17757765.29887687,11438103272.502144,9926774570.673653,125.32031562667376,10336,683425,14504,687593,0.2728752257897643,0.2,37,38.315532500011614,0.4159128265972308,0.9296560977706932,0.7844265806227582,0.5708987052504595,0.5155692416155099,0.6210236240646352,0.5430787550588884,5.820001602172852,15.332098050342571,0.504381726008716,0.3211729795775877,4.815565051112277,1.1467428543553326,0.6409113852465798,0.3641893869728835,RandomSupport_B20,1.352751439698498,0.0150321483784738,0.0151238248527636,0.7126309983452841,JILONG_EI_0149,37.0,1.517296538832697,1.002611430348253,3.1655590240201508,0.7233883541444724,3.466959715036157,0.9465280537829236,2.462909595289849,1.1441402708984694
32328.623210713267,76689.6539349556,21810423.04252069,25000767984.394268,28560699926.19287,183.4296433017298,6357.863362848759,66396.24291753769,16677983.484928846,9907626840.66212,7319032998.949234,76.77963113485629,8887,411622,13511,416246,0.2815626013022847,0.2,37,38.38769180000236,0.4434676968155525,0.9304721174576276,0.8744595499464834,0.6295179900177452,0.5062236483509143,0.6469761182532415,0.567119138567403,4.020000457763672,12.493098800241109,0.4084233103755698,0.3356963681971862,3.252404171935031,1.2068504449787008,0.5779282465143237,0.3804599159455802,RandomSupport_B20,0.6732198973339975,0.0213503553187297,0.0215901968310731,0.6577603434238768,JILONG_EI_0159,37.0,1.310301304087515,0.9903291947129532,2.4811913200052342,0.7098921157265234,1.0433229588919857,0.9335809942747384,0.886213093966067,0.8758420017384956
38451.372286666185,84426.82640565932,33327082.84270499,40651093598.54572,43246621440.80403,295.98925423133187,6034.520777463913,74484.83409452438,20152077.08107691,12785190715.054564,10428306540.694328,100.80436972843852,10282,453328,14841,457887,0.2813380877872305,0.2,37,38.166228000001865,0.3961553008887596,0.9392770155715724,0.777608962156313,0.5608122462741878,0.4910557514491543,0.5835817567894327,0.5260114778373131,3.3299999237060547,12.777482829102269,0.3916785876915817,0.3445939008111716,3.4181974768645125,1.1686442003756468,0.6095084202970574,0.4098795055395961,RandomSupport_B20,0.4364644425023052,0.0224553219462443,0.0226811491899904,0.6928104575163399,JILONG_EI_0169,37.0,1.2676487893689845,1.0175994650675892,1.502235687465881,0.6825256676449113,1.1403147446147737,0.8984736691059083,0.9307761071636192,0.9215355890888638
36491.659354142845,68698.8699157536,27100964.614665315,32932665280.28005,35219395577.81594,152.8823588847772,6643.981237411499,58987.057428240776,16586524.472231671,10143488285.192295,7910504071.67612,75.5510376251617,9701,447160,14387,451846,0.2796944382759064,0.2,37,38.3361494000128,0.4266948415915417,0.9266240533086648,0.7823216017930035,0.5549836973791529,0.4739266491071329,0.7029776687826007,0.514691659472016,3.389999389648437,12.902098000258,0.3817063873711967,0.381981618018382,3.453266933005476,1.1252867015586687,0.6299349885419737,0.4372309797558938,RandomSupport_B20,0.8732508814402945,0.0214697042797767,0.0216946954110385,0.6742892889414054,JILONG_EI_0179,37.0,1.2540528526967838,1.0001607229102096,1.98738709088,0.6806336366274819,1.3040102567428806,0.9322236218075324,1.0298350045504936,0.9714217251329184
33691.83037099242,55903.44233979285,24481840.55096493,26994969340.09335,31369451238.91772,210.35014229263103,5300.439491018653,44995.42815810442,15370905.877036097,8593439290.259306,7209171635.046053,67.09610188774286,9628,544270,13435,548077,0.2766113391343116,0.2,37,38.21138059999794,0.3966373773458284,0.8971497053697263,0.7923694065830298,0.564211699321507,0.4793902775488095,0.5647773088621296,0.5203437405136385,5.280000686645508,13.352746696972195,0.4298232934916411,0.3600762267746546,3.981051491047221,1.3388186518475471,0.6228715326617418,0.4135869202240418,RandomSupport_B20,0.988976403543618,0.0175668747274561,0.0176897495728223,0.7166356531447711,JILONG_EI_0189,37.0,1.2558331981264996,0.9973261269645628,2.352393879891523,0.6870822278669764,1.9587380475550005,0.90409684663448,1.439598313424593,1.0478186083397756
32012.05909247789,72230.42800281942,20442455.09004381,23060578331.02716,26804702911.097485,91.30969125659487,6477.18338650465,60557.98692679405,13636288.508867852,8260380648.55436,6696131353.879571,75.68905960787325,9209,569233,13170,573194,0.2706595507262284,0.2,37,38.24808939998911,0.449817442178264,0.9156418218151856,0.816735747336573,0.5985010724741251,0.499811774688601,0.9104542290671396,0.54766630952276,4.229999542236328,14.12112691137992,0.495483248284526,0.3064612922584517,3.758264150541589,1.2264926352075165,0.4912098023800392,0.3478540518242746,RandomSupport_B20,0.7929189481543352,0.0160661137415953,0.016177909573057,0.6992406985573273,JILONG_EI_0199,37.0,1.363010579276653,0.9913795344095888,2.621666702543914,0.7388979877103762,2.436065846220352,1.017418535758807,1.7707221103863116,1.0325922208009215
40222.31467985641,72501.22977417707,34331585.49860616,43822686784.623886,44527558414.58065,256.1750057976751,8069.428424596786,69137.65732836723,51560634.19778967,13279120820.314207,19791373705.108154,110.7855357065106,10708,1206797,15222,1211311,0.0416848000415206,0.1,19,15.51115259999642,0.4479070076667387,0.9765278717175804,1.22549683806399,0.5504719080964819,0.6666893669927405,0.6576171848872753,0.6118098504364028,2.520000457763672,11.624265788943616,0.5977953741437226,0.2069443642035935,23.32175670918077,2.7785142509327487,0.5610275464667753,0.3531481159428246,SectionOnly_B10,1.392823136269583,0.0088400088829375,0.0088730747590522,0.7034555248981736,JILONG_EI_0009,2.0902777777777777,1.702733810687389,1.1583004454171018,21.499089798226738,0.8061129291512974,4.320501023512036,1.0566596976455542,3.064412921624351,1.657537207866771
34723.52818476036,80957.28886890411,25376808.590233617,29555542556.124622,32695617830.37517,132.39841732103378,6885.806527078152,75891.89620447159,20895192.379293878,8693848730.406128,9118542324.672913,58.69618175816754,10291,1082466,13878,1086053,0.0414482153355812,0.1,19,15.141266499995254,0.4453131139252268,0.9682103571776864,0.9074123484376272,0.5423586506824336,0.5281021492155259,0.6658302599756007,0.5349182127927645,4.1100006103515625,11.93349675703924,0.57911893702017,0.2197551764552676,23.605255486614137,1.180432344654911,0.5533733116717401,0.3638965495766538,SectionOnly_B10,0.4787121384160598,0.0094755964948303,0.0095069960626938,0.7415333621559302,JILONG_EI_0019,2.0694444444444446,1.571199090981202,1.1221386448922104,5.944644947704455,0.7711225364000545,4.314872450839084,1.0636200374297085,3.034402387493752,1.590857336680933
37156.73530562222,92481.5048237443,28811680.589952502,36007318607.353355,38825466307.84117,337.49634789254924,8319.938047885895,86986.61865401268,24843413.01898956,10626211144.303322,14281664560.272203,150.64723594025145,10527,1230264,14980,1234717,0.0418710260788773,0.1,19,15.187784299996563,0.4731962256244176,0.969837071409198,0.928584294526726,0.5432426133751553,0.6065003753303357,0.6681070353824433,0.5769290281159566,1.920000076293945,12.224895370694307,0.6146092821638018,0.2042718221810604,12.97726826584014,2.6142841364242684,0.5593355964960194,0.3410173558436944,SectionOnly_B10,0.5637134548439892,0.0085258403342628,0.0085567000253604,0.7027369826435247,JILONG_EI_0029,2.1041666666666665,1.801954324593452,1.1144211151100591,7.058346059043954,0.8024040365170537,4.796246711663292,1.034105351390084,3.4074981532930955,1.7230448399900768
31955.091040883213,76885.32242523134,20727144.440217003,24945357901.36344,27596105776.552704,365.7411123409984,7614.425674021244,71961.03759050369,20059690.81559788,7373780133.910281,7181381770.568932,166.76238748455273,10019,1116465,13648,1120094,0.0413978566669984,0.1,19,15.186210799991386,0.4881446639735904,0.9674465681735276,0.9837672950110824,0.5436885943278981,0.5101291102200705,0.6752462194996703,0.5263291661937425,4.680000305175781,14.95678355956411,0.6045081956109088,0.2127521986549405,9.253702740612482,2.697237361510924,0.5931390293980207,0.3433579553231844,SectionOnly_B10,0.6992683940817601,0.0089447849912596,0.0089738594582006,0.7341002344665886,JILONG_EI_0039,2.0625,1.7959964471361882,1.106987079976227,5.042203631265665,0.7891817046549872,5.159989197300552,0.9999403415195058,3.643323776632542,1.6580391276027044
41456.80176700652,81330.60382030904,34403119.76943549,44620929967.68163,47197874190.75491,157.03875714167316,9355.79920887947,76983.1948518753,32174727.380413786,14342597170.160517,17227450811.529083,76.39540835726345,10103,1166924,15879,1172700,0.0481962769256686,0.1,19,15.635787499995786,0.4750535291859817,0.9729061910119088,0.9670713654151456,0.566949780830173,0.6041562743681322,0.697477502237249,0.5863700838846934,1.3800010681152344,10.516250102263358,0.6045680745844484,0.2059424996992662,16.00397227185395,1.4242323432329624,0.5690600317112653,0.3379731579729771,SectionOnly_B10,0.6443233614295514,0.0086151615929052,0.0086578046213806,0.6362491340764532,JILONG_EI_0049,3.0,1.6554939305790262,1.153416550522904,7.846197299879501,0.8155684944101463,3.149578904514044,1.1557676574814029,2.292996266095828,1.601642234873956
35336.20548405871,71319.21658104658,25095066.9514793,30098298892.845078,32967696484.868637,158.63836451845418,7603.390285253525,67149.89066314697,26993200.597726543,8671486613.583984,10582541837.596924,68.58094679336415,10277,1093386,14334,1097443,0.0414482153355812,0.1,19,15.153565200002047,0.4638672226827512,0.970329808194638,1.0371295579395003,0.5367546353818378,0.5665662436598031,0.6575028297902598,0.5525393052632294,2.970001220703125,11.46167852414342,0.5879685955645326,0.2145028785820557,15.35011628968591,2.1176469528660498,0.5748386666063152,0.3542718222212866,SectionOnly_B10,0.7628398749603045,0.0093644954681017,0.0093992423535695,0.7169666527138273,JILONG_EI_0059,2.0694444444444446,1.6341920551978464,1.132574910896576,8.194561340316818,0.7793862575121198,3.990999218955544,1.080418741316271,2.833493529726322,1.593490746102211
41179.61009020358,93895.09017384052,32519565.917531945,41913293246.8365,43899213296.85787,56.4482686781848,9308.537206232548,89387.4601264,29420233.86982014,13363462023.098726,14528307872.938126,65.12849642077094,10116,1150777,15482,1156143,0.0416496500099122,0.1,19,15.135232700005872,0.4754442554347288,0.9757012401186348,0.9511536754431136,0.5646555470803031,0.5752798314801167,1.07413832624298,0.5701153614404586,1.4099998474121094,10.271958131785992,0.61102290094178,0.2018049636500376,41.12207960754152,1.0896589093457671,0.5346147431248967,0.3302129565776537,SectionOnly_B10,0.6594488895565822,0.008749782682592,0.0087905823630468,0.6534039529776514,JILONG_EI_0069,2.0972222222222223,1.6453727440780608,1.1242686823726369,11.56484597316901,0.8186833371555603,3.3300822631644347,1.4561317734820942,2.4108402801700546,1.6040065676967816
34522.367499114014,70680.4330277443,22762082.71220981,27021347192.559574,30356389200.495186,84.34853874377063,7679.6149325966835,66900.76192355156,28616510.534609064,7875185632.404178,8182724325.397842,47.181160486773805,10132,1052740,14159,1056767,0.0414482153355812,0.1,19,15.128881500000716,0.4716495631161369,0.9728949098174324,1.1212496979675115,0.5398547177706916,0.5191871127856341,0.7479034347895291,0.529020867957908,3.060001373291016,11.347762517188189,0.5907287997254242,0.2127096204766107,42.462838780640254,2.544308918022575,0.5466949142475668,0.3460884507206377,SectionOnly_B10,0.8865465472078745,0.0095877331521518,0.0096244086859053,0.7155872589872166,JILONG_EI_0079,2.0694444444444446,1.6010797582442888,1.131643580141043,12.784311473980154,0.7829749290965125,3.627670477269403,1.184176906680977,2.5876149128567647,1.5588040594380184
41530.30475248397,92778.21813547613,36418069.18719026,48247420689.86666,49005519897.72861,335.1282274788109,8855.560808897018,87137.35703897476,33394154.698261023,15194804937.68994,19793214657.188965,150.5365580102025,10549,1237338,15977,1242766,0.0465543822570723,0.1,19,15.48437950000516,0.461769746178909,0.9691236186035282,0.9575837532061032,0.5611907631093501,0.6355294303214492,0.6702170719654503,0.5998025526017666,1.5,10.988541797631315,0.6077080766374514,0.2032871487070174,12.246140664771568,1.9987894728471864,0.5665768313934706,0.3437764113434762,SectionOnly_B10,0.4920063974447259,0.0084883236264912,0.0085255605178213,0.6602616260875008,JILONG_EI_0089,2.75,1.70020430724621,1.1442539848849196,5.746169389034438,0.8072285912762273,3.761012013601852,1.0366885599723858,2.7034566084064684,1.6658814879586827
35330.011182207614,81570.61096382141,25931617.838365976,31422612033.22519,34421923012.18359,374.2275019290392,7597.90692615509,75914.80853486061,21807960.032379627,9160818011.938232,11948881044.033203,169.8410510335808,10347,1101307,14577,1105537,0.0418007260156604,0.1,19,15.209465599997202,0.4637405760350926,0.9647091393715772,0.9170493659892128,0.5399406016381442,0.5891773657394492,0.6736797358719496,0.5662147170276365,2.760000228881836,11.980000205338,0.5839161006193833,0.2195581220185789,7.900863532643522,2.5593155211449594,0.5950037558958732,0.3594594427064815,SectionOnly_B10,0.3625065357565138,0.0093592525623294,0.0093952004300344,0.7098168347396584,JILONG_EI_0099,2.118055555555556,1.6353982488079868,1.1215366763777788,4.063071424986199,0.7676521996280895,4.309182219373413,0.9883380396084273,3.0542234674005884,1.5923173730077766
35432.725008778274,74914.23455935717,26718022.109859217,30719942261.082848,34298382133.7913,100.1941066053114,6753.564407706261,69570.685557127,24256440.073229317,8969852388.823975,8475089548.375,47.60040450997362,10257,1038976,13949,1042668,0.0416496500099122,0.1,19,15.310329800006002,0.4365804117810452,0.9636758337692236,0.952821129024076,0.5403590762136323,0.4970903479540217,0.6892618368881491,0.5179846352629172,4.200000762939453,12.062098005851665,0.5636192040997956,0.2217776320104952,23.805478515307257,1.1880345613366876,0.5451458195590136,0.372434973189703,SectionOnly_B10,0.3199533255341242,0.0098372636352127,0.0098722203400271,0.7353215284249767,JILONG_EI_0109,2.0972222222222223,1.4660773517644643,1.1372069538949536,5.63629410282626,0.7637165851419,3.7043750012537617,1.084978319504737,2.6167439446489857,1.523463050382794
29664.16461913288,49934.99145291746,18274056.568535265,19964594959.49474,23527586264.43009,437.5020383175179,6350.26713180542,47256.994320988655,25706582.276734684,5634811463.449318,5800896272.447353,206.6338399266051,9465,1022895,12548,1025978,0.0414985740041639,0.1,19,15.224606799994945,0.4626791575308337,0.9728156709379164,1.186054615091479,0.5312628440564044,0.4965452853624248,0.687243566258568,0.5127739207902935,6.750000953674316,14.882727488979594,0.5705233475256508,0.2259560454331608,13.571503520264708,3.189896587154113,0.6234864089283539,0.3700437391034697,SectionOnly_B10,1.14070041975336,0.0092253440132244,0.009253149150206,0.754303474657316,JILONG_EI_0119,2.076388888888889,1.6722275791697472,1.140424364951458,12.481098836958694,0.7906050683122079,5.231448202119701,0.944317216213314,3.662964312485874,1.5680599529286503
40077.152742907405,102325.2629685998,33278552.74885588,42683483816.23633,45267366764.87392,275.5953811859654,9149.330876350405,97759.08310580254,30433588.18255067,13078406284.001904,17472141424.458412,131.22108632823938,10561,1296986,15637,1302062,0.0421076107848167,0.1,19,15.185023700003512,0.4778001007255041,0.9774332870619916,0.9563004591547526,0.553538054157604,0.6212700991905608,0.6900266225993379,0.5893719713815582,1.5300006866455078,11.302028130922285,0.6309814256478392,0.1955613282132369,32.64406601941206,1.362499628202768,0.5346159059235003,0.3279009898684422,SectionOnly_B10,0.7261390089952081,0.0081109808903109,0.0081427247479926,0.6753853040864616,JILONG_EI_0129,2.125,1.8892828240706483,1.1015059666544456,9.915466196986342,0.8291841611650819,4.500771652534449,1.0852324269031308,3.221051669143728,1.7741109650948137
34078.62169221509,68648.96600997448,22901121.856757905,27420508326.108334,30356588774.160496,272.2324782969081,7865.834315299988,65407.52640533447,32866648.67341113,7771094516.959937,9244479148.7373,116.41332919932512,10252,1137641,14236,1141625,0.0413978566669984,0.1,19,15.133015300001716,0.4804314023966166,0.976105730581251,1.1979793510626136,0.5323574606440495,0.5518419858395361,0.6539301875729682,0.5426820275088625,3.1500015258789062,12.983496782715088,0.6015250063899134,0.214760427875182,17.35741819999533,2.518321564135065,0.589194789756819,0.34761894678287,SectionOnly_B10,1.2022587809935803,0.0089801817584583,0.0090116302067172,0.7201461084574319,JILONG_EI_0139,2.0625,1.779241168154343,1.122029959734062,10.835983514334789,0.7961317406797245,4.834376220271076,1.0349775254152638,3.418370705503825,1.664447341301648
37309.28019087389,61085.04558469355,28859161.51000511,35094244483.431915,37345145842.27022,324.94154228115826,7645.502813577652,59818.69476187229,60912048.12937588,10250047180.541807,14989071534.65562,138.8239011515495,10498,1199615,14504,1203621,0.0414482153355812,0.1,19,15.217940700007604,0.4526834229192036,0.9895802409720488,1.452813099113891,0.5404368868418508,0.633534523708615,0.6536262773305986,0.5902686256874774,3.30000114440918,12.77076944250327,0.5998086109075766,0.2119645060821531,36.49698114123279,3.1048387865244687,0.5627315076901769,0.3544445755122561,SectionOnly_B10,1.7287924181729286,0.0087220146541145,0.0087511409910679,0.7238003309431881,JILONG_EI_0149,2.0694444444444446,1.786358803186069,1.1393406701903095,16.708329913663874,0.8081081043589583,5.09320881703252,1.0220379642828783,3.583937974395968,1.6943017703460048
32328.623210713267,76689.6539349556,21810423.04252069,25000767984.394268,28560699926.19287,183.4296433017298,6897.486448168755,71653.81390738487,20617227.90580244,7276947793.607574,7964869413.105667,75.03687745557431,10032,1054192,13511,1057671,0.0414482153355812,0.1,19,15.343415399998776,0.461904106338079,0.966609962045088,0.9722615054499134,0.5395080817626642,0.5280863071478944,0.6395914004507517,0.5334480587344951,3.780000686645508,11.935175092695475,0.5835134783174892,0.2191551931559952,13.954385042303404,2.3867728437076066,0.5716695932566245,0.3569151863944184,SectionOnly_B10,0.4760733855360549,0.0094849910794566,0.0095162930471868,0.7425061061357412,JILONG_EI_0159,2.0694444444444446,1.6210437576144427,1.1177525090372864,5.181223060137157,0.7698116846663848,4.446284897172974,1.0215007297064416,3.1344429605641206,1.5796718567675712
38451.372286666185,84426.82640565932,33327082.84270499,40651093598.54572,43246621440.80403,295.98925423133187,7206.417943716049,79446.81489658356,31950884.260407,12285341104.778852,14415902389.672216,122.60114939247408,10607,1177073,14841,1181307,0.0481962769256686,0.1,19,15.635712599992983,0.4329161634117197,0.970058695619314,0.9791354856986818,0.5497401959046841,0.5773575164787857,0.6435900165336236,0.5641449139779646,3.149999618530273,11.86363645304333,0.5813344346049889,0.2150368950090058,12.607237280176362,3.237958298552741,0.545842780128589,0.3685200233290704,SectionOnly_B10,0.3471004469034485,0.0089790376252743,0.0090113357455315,0.7147092513981538,JILONG_EI_0169,3.0,1.5637549164734077,1.1464045804647436,4.695820568130577,0.7809784208743866,4.318988773396625,1.000324781947061,3.044656031136594,1.6222961463440857
36491.659354142845,68698.8699157536,27100964.614665315,32932665280.28005,35219395577.81594,152.8823588847772,7417.493227303028,64694.7547917366,29031082.736209363,9657424870.62561,10295968255.474152,63.887320699734005,10174,1057209,14387,1061422,0.0418007260156604,0.1,19,15.211879299997236,0.4508496876860269,0.9704200009773688,1.0349973603213445,0.5415234015258192,0.5406829170427427,0.64644063775593,0.5410892217560537,3.09000015258789,11.645000204236972,0.5743724074149632,0.219689590233132,12.838379687722568,1.933536280767353,0.5631712309726209,0.3619665018197083,SectionOnly_B10,0.5419401587968222,0.0095852544982108,0.0096234519380746,0.707166191700841,JILONG_EI_0179,2.118055555555556,1.5386340470215525,1.14462515506035,6.645188772764016,0.772431410558021,3.529181005371432,1.0608396379771077,2.5143182037647,1.5347182331881697
33691.83037099242,55903.44233979285,24481840.55096493,26994969340.09335,31369451238.91772,210.35014229263103,6345.62727034092,53101.20240426064,27560145.48550486,7545913049.927284,7919782916.285447,81.65770688235966,10017,1055331,13435,1058749,0.0414985740041639,0.1,19,15.1821520000085,0.4339852574599934,0.9746145755939072,1.0610081511686211,0.5287062921964281,0.5024619484021478,0.6230561467011134,0.5147669372071424,5.100000381469727,12.515454781235205,0.5610672167205593,0.2309835428275236,65.27649256885158,3.217499304105001,0.5992045979233765,0.380816356007701,SectionOnly_B10,0.7815311311615746,0.0094611659609595,0.0094918087310995,0.7455898771864533,JILONG_EI_0189,2.076388888888889,1.532810552614693,1.1572506174390358,11.732523405441215,0.7717117207130022,4.500891645888819,0.9954242514137124,3.15404725874161,1.56290198695667
32012.05909247789,72230.42800281942,20442455.09004381,23060578331.02716,26804702911.097485,91.30969125659487,7032.968995153904,69020.23358285427,18785658.422015924,6657364810.788387,7011627584.302893,49.42630170314773,9867,1071752,13170,1075055,0.0414985740041639,0.1,19,15.23699000000488,0.4687189870680394,0.9775255514934532,0.958620439093258,0.5372990599306464,0.5114508696531963,0.7357336518270243,0.5235632013219207,4.229999542236328,11.76734290527297,0.5973327873343104,0.2155888359428182,32.607008622084315,1.1633763651383002,0.5411391365817231,0.3457193906822625,SectionOnly_B10,0.7987746360822955,0.009178135072159,0.0092064208884144,0.7492027334851936,JILONG_EI_0199,2.076388888888889,1.67216896525868,1.0939910472498002,9.363991729058068,0.7848733360511734,4.358882913796538,1.104669642048859,3.07418469291681,1.618085866021996
40222.31467985641,72501.22977417707,34331585.49860616,43822686784.623886,44527558414.58065,256.1750057976751,8585.428294181824,58463.71404206753,18694933.721043587,14952842217.843018,12136702448.348145,86.32307960290612,9512,1015832,15222,1021542,0.0628867035247452,0.1,19,24.509902599995257,0.4620058268760613,0.8979879607045101,0.7379297757966677,0.5841338513689875,0.5220786233584118,0.5804904581881601,0.5537286225990841,2.5799999237060547,11.003450835044957,0.57459396338043,0.2504964914603468,0.9417685375316086,0.9411959794196444,0.6164294582791543,0.3510517643508595,SupportRiskOnly_B10,0.1987362175918388,0.0093114135297422,0.0093637530615298,0.6248850348180265,JILONG_EI_0009,19.0,1.5256488453617576,1.0884986042161724,1.1870542849641454,0.7227784510519877,3.4527777617815274,0.999952519679641,2.4602239159660213,1.4521083567385138
34723.52818476036,80957.28886890411,25376808.590233617,29555542556.124622,32695617830.37517,132.39841732103378,7686.429564476013,67799.86429357529,13841759.910320597,10760128174.626648,8354914291.767273,67.73527076371892,8741,883183,13878,888320,0.066192667692771,0.1,19,24.096687199999,0.4704900059454173,0.9151376735248866,0.7385453260762282,0.6033776986582421,0.5055058959594846,0.7152634592945861,0.5541328643885253,4.170000076293945,11.58872342791329,0.5519008772895055,0.2706994036093254,0.935114868739673,0.9449255186863064,0.6199141890427127,0.3598417838258128,SupportRiskOnly_B10,0.1801218526094795,0.0098399225504322,0.009897156082035,0.6298457991064995,JILONG_EI_0019,19.0,1.4442586983170622,1.076325966400778,1.17668966573107,0.7187320373886651,3.985303545089591,0.9967782107016252,2.803502758053844,1.3631344715854568
37156.73530562222,92481.5048237443,28811680.589952502,36007318607.353355,38825466307.84117,337.49634789254924,8785.204267323017,78645.42610526085,16757560.579120874,14580135580.024357,10748768414.18154,98.07545443157004,8546,949085,14980,955519,0.065620908025821,0.1,19,24.18029170000227,0.4862472493597303,0.9221663931114666,0.7626426749355639,0.636334383597425,0.5261638573979847,0.5390705738813091,0.5817846319209901,2.010000228881836,10.92697206024133,0.5779408568998965,0.2468643514826361,0.9399324574702124,0.9317279778937824,0.6286955794463006,0.3403509735457621,SupportRiskOnly_B10,0.1041260749863592,0.0089438305256096,0.0090044621925328,0.570493991989319,JILONG_EI_0029,19.0,1.6428482276879828,1.073325462537025,1.1218892267442966,0.7452149823613529,3.038938403050496,0.9986063284242734,2.193766678290559,1.4150998166983657
31955.091040883213,76885.32242523134,20727144.440217003,24945357901.36344,27596105776.552704,365.7411123409984,8214.534207224846,64639.1871304512,12122013.176795198,11339052241.922443,8468274679.958451,100.60917825621829,7801,802552,13648,808399,0.0759216753068741,0.1,19,24.2545356000046,0.5070157396168069,0.9169089737855944,0.7647467481356478,0.6742073898765227,0.5539538279373918,0.5244835968235722,0.6139907824729275,3.209999084472656,12.697394657932536,0.5434791142684647,0.2917013138200565,0.9272265759203446,0.9236351547824682,0.6450831405484019,0.3607786758543152,SupportRiskOnly_B10,0.1470140118634446,0.0096499377163999,0.0097202424266589,0.5715855803048066,JILONG_EI_0039,19.0,1.6042503773219223,1.0595504248693073,1.1315340284294573,0.7691575273795919,3.176811667402392,0.914563166571422,2.2833889417652657,1.3274346937400328
41456.80176700652,81330.60382030904,34403119.76943549,44620929967.68163,47197874190.75491,157.03875714167316,10427.895926237106,67012.73427414894,21028664.889721397,17874458912.330444,13688936855.64862,79.80161661702437,8273,965652,15879,973258,0.0649595450256483,0.1,19,24.31902879998961,0.5015340768625793,0.9077195119237338,0.7818202886460104,0.6329175572535871,0.5385470371611145,0.7128570022585067,0.5863083027842165,1.470001220703125,9.933776430525146,0.5724630812686016,0.2456461961503208,0.9468364352617716,0.9378260790472293,0.5903951337614918,0.344731601837539,SupportRiskOnly_B10,0.1232319641223288,0.0085003154353727,0.0085672685398052,0.521002582026576,JILONG_EI_0049,19.0,1.5179970001087135,1.0966265256206356,1.1494259218086789,0.7648102339824292,2.662233056215855,1.047865467736609,1.952396337224648,1.4013471937890285
35336.20548405871,71319.21658104658,25095066.9514793,30098298892.845078,32967696484.868637,158.63836451845418,8107.976047515869,57970.73627662659,13480639.530196402,10481051162.304682,8317806767.967474,69.88457377694537,8811,899468,14334,904991,0.0715889686119257,0.1,19,24.217648099991493,0.4790118669226286,0.9015734755009626,0.732927586995362,0.5901079222866408,0.5022964535927966,0.6637225123854017,0.5459691524990324,3.030000686645508,11.10253547533402,0.5596147562664343,0.2852836176120587,0.9275583607174596,0.9337226125832052,0.6186034327002834,0.3540344815110445,SupportRiskOnly_B10,0.2638622431413896,0.0097360084243931,0.0097957904005478,0.6146923398911679,JILONG_EI_0059,19.0,1.4810676782921557,1.074016788954009,1.2331608337790765,0.7137316726430296,2.918153364830605,1.0035569779635511,2.0946555435127503,1.3783482382208496
41179.61009020358,93895.09017384052,32519565.917531945,41913293246.8365,43899213296.85787,56.4482686781848,10984.29726305604,80167.37933707237,19737871.04288736,18336805123.809334,13179564519.935856,112.48305163000684,8087,887894,15482,895289,0.0667989924437535,0.1,19,24.25351409999712,0.5164699093527944,0.924011553929932,0.7790723366579597,0.6614331263944685,0.5479263186942016,1.411621394625726,0.6060281518145397,1.6200008392333984,9.778321867118349,0.5788385257309058,0.2365055762081784,0.9494147625034084,0.9448098697106856,0.5834867811914473,0.3235082026655971,SupportRiskOnly_B10,0.1240647930947791,0.0090328374413178,0.0091080692064593,0.5223485337811652,JILONG_EI_0069,19.0,1.4773584357558278,1.0829795973842251,1.1240571265299413,0.7656607006941532,2.0424370046384204,1.136623362889501,1.534795945204334,1.3077521486882926
34522.367499114014,70680.4330277443,22762082.71220981,27021347192.559574,30356389200.495186,84.34853874377063,8697.46441590786,58324.004871845245,13531365.52012825,10784980036.404974,8240662915.271669,74.07384232603542,8440,824844,14159,830563,0.076880244852674,0.1,19,24.302711900003487,0.5019333408460513,0.9083936046404948,0.771018527603316,0.6317658899246427,0.5210219484628597,0.9371166512540746,0.5758348771214453,3.060001373291016,10.833169180768689,0.5515783728539667,0.2905480269325833,0.9316813435319828,0.9321401008766932,0.5997858415279667,0.3505207379141861,SupportRiskOnly_B10,0.1521830244870609,0.0101617818275073,0.0102322378534607,0.5960872943004449,JILONG_EI_0079,19.0,1.451347620775043,1.074602759748499,1.2217499149826632,0.7566118169517765,2.931539982167378,1.0179789231319187,2.1121627258722824,1.3091459944134567
41530.30475248397,92778.21813547613,36418069.18719026,48247420689.86666,49005519897.72861,335.1282274788109,9813.43542546034,77219.92825841904,21141414.826980118,19082152615.23755,15073104608.271484,96.18262116277135,8470,963770,15977,971277,0.0598864542307237,0.1,19,24.20974000000569,0.4861026353169133,0.912308420188751,0.7619185822171359,0.628892813561638,0.5545987113259379,0.5357260927523233,0.5926215080545026,1.5599994659423828,10.330070157984752,0.561146272936981,0.245072719858638,0.947954985653598,0.939459247797566,0.6083496140985202,0.357382575158727,SupportRiskOnly_B10,0.1126736591125664,0.0087204782981579,0.0087884038722931,0.530137072041059,JILONG_EI_0089,19.0,1.546145345896091,1.091547378011819,1.13263694236188,0.7518346098815467,2.9031296494186485,0.9806696401784816,2.1081787119362763,1.4069387200358938
35330.011182207614,81570.61096382141,25931617.838365976,31422612033.22519,34421923012.18359,374.2275019290392,8357.243834674358,68046.51036155224,15281555.198773384,12910197296.105955,9755137761.384031,97.63918704161657,8157,834946,14577,841366,0.0660321261717031,0.1,19,24.177421100001084,0.4863620152661264,0.9133475569999836,0.7676601047207419,0.6409812090709751,0.532352305158017,0.5107921650653103,0.58670691125876,2.8500003814697266,11.265211576307324,0.5332023881641228,0.2686292548298068,0.9454188653974568,0.9257646725297752,0.6298627582595868,0.3716260162288603,SupportRiskOnly_B10,0.1990566269247246,0.009694948452873,0.0097694940750659,0.5595801605268573,JILONG_EI_0099,19.0,1.4806896357442063,1.0699167164253276,1.2036337524844305,0.7216082591190877,2.644529469684369,0.8880970521944576,1.914890486615785,1.324043263692323
35432.725008778274,74914.23455935717,26718022.109859217,30719942261.082848,34298382133.7913,100.1941066053114,7811.138267695904,61637.18443775177,14380958.314447602,10738483921.244783,8415956198.511246,63.344039332398,8805,847583,13949,852727,0.0669131103981131,0.1,19,24.25866039999528,0.4695208534028125,0.907066698532296,0.7336547965492108,0.5912365689679763,0.4953531349834977,0.7951183721266017,0.542771261373712,4.350000381469727,11.314680873502232,0.5290430119215856,0.280743004937691,0.944005792630806,0.948777537519958,0.6032977772972896,0.3771955823979909,SupportRiskOnly_B10,0.1590049908989635,0.0103256962662141,0.0103883631455562,0.6312280450211485,JILONG_EI_0109,19.0,1.351122063412174,1.0864835417208414,1.1637968397187857,0.70566498186898,3.5166793704988413,0.9429297977227312,2.481239031061972,1.324921715334358
29664.16461913288,49934.99145291746,18274056.568535265,19964594959.49474,23527586264.43009,437.5020383175179,6724.32840782404,40091.40355283022,10583335.787751997,8028040152.682574,6500546191.7153,119.01411186903408,7914,772551,12548,777185,0.0773807472694647,0.1,19,24.15224959999614,0.4761111985346476,0.8960312169925958,0.7610160308920275,0.6341244755506202,0.525637374171703,0.5215659002514972,0.5779710490843964,5.279999732971191,12.517816992922569,0.5093049487731733,0.3254915428865802,0.8967060300301094,0.9610618702468268,0.6618435281781994,0.3970891422547745,SupportRiskOnly_B10,0.2992557402313609,0.0101829036844509,0.0102439838923255,0.6306981192221868,JILONG_EI_0119,19.0,1.5229598997939904,1.0623939979250685,1.1816497842099165,0.7432968972780428,3.3184238481306405,0.8877906948260422,2.357045792051317,1.3281554265140585
40077.152742907405,102325.2629685998,33278552.74885588,42683483816.23633,45267366764.87392,275.5953811859654,10275.768996477129,87807.96005940437,19757363.178012773,18342039410.27234,13697418222.135628,105.7102965197555,8256,930927,15637,938308,0.0633021758348159,0.1,19,24.187907200001064,0.506359236564273,0.9263508603305866,0.7705170904795484,0.6555319769842374,0.5500811236185748,0.6193307994857091,0.60356292684353,1.6800003051757812,10.401608582247388,0.5826735893907169,0.2359262685929827,0.9374588686910204,0.9402842037240148,0.6133040581012157,0.3302140218860411,SupportRiskOnly_B10,0.0788113046085162,0.0087988165932721,0.0088685793837755,0.5279785125023981,JILONG_EI_0129,19.0,1.666179854720735,1.0661070354078572,1.161928073433771,0.759530254702196,3.0275576159667272,0.9741031272356886,2.1974734795816526,1.3802857276072686
34078.62169221509,68648.96600997448,22901121.856757905,27420508326.108334,30356588774.160496,272.2324782969081,8359.420940637589,56336.97711110115,12891426.680388508,10526549924.9702,8009413947.1908,81.75676377771617,8620,888823,14236,894439,0.074868822847244,0.1,19,24.15556199999992,0.4952757755090004,0.9058989785461922,0.7502778282600497,0.6195912508162382,0.5136577985249748,0.5480142829556083,0.5664084558648803,3.210000991821289,11.48577501745501,0.5628606121721197,0.2881802924958043,0.926822677817235,0.928607961656558,0.6329111398421241,0.3520793617505415,SupportRiskOnly_B10,0.2725072018616185,0.0096373257427281,0.0096982188804745,0.6055071649339702,JILONG_EI_0139,19.0,1.588146600553746,1.063876279185894,1.2264233227517138,0.7439974913043875,3.323054702465296,0.9823746492589192,2.3773427653158232,1.3905551689817055
37309.28019087389,61085.04558469355,28859161.51000511,35094244483.431915,37345145842.27022,324.94154228115826,7794.475963950157,49385.63739705086,15085550.87038945,11289698932.718378,9400725144.011906,91.2147810149936,9516,1009988,14504,1014976,0.0732676086237013,0.1,19,24.27220459999808,0.4570724299188953,0.899151515341497,0.7230007244945854,0.5671830342858358,0.5017225231214849,0.5298220042488268,0.5344379664748167,3.510000228881836,11.856760881106618,0.589319342378404,0.2558615819209039,0.9237262922131936,0.9409532065060046,0.6230815944569351,0.3356153992866569,SupportRiskOnly_B10,0.3786824902153586,0.0093755911469827,0.0094218941215143,0.6560948703805847,JILONG_EI_0149,19.0,1.595408188912354,1.0705994310845266,1.2474125647150878,0.7166199412234766,3.7782264003289536,0.9909726546716272,2.673599147095513,1.4522103249407892
32328.623210713267,76689.6539349556,21810423.04252069,25000767984.394268,28560699926.19287,183.4296433017298,7654.9682726264,64431.179332494736,12477448.971776225,10166141447.577583,7501905526.116051,59.17557470885004,8214,790966,13511,796263,0.0698648622203844,0.1,19,24.24755030000233,0.4866067093790182,0.9165995745321652,0.756364011488513,0.6376779488002265,0.5125088535060639,0.56798449641678,0.5743386423146369,3.810001373291016,11.46633820193754,0.5370264343061207,0.2739276634134339,0.931756796574216,0.928880596067198,0.6257306035029032,0.3613471470958609,SupportRiskOnly_B10,0.1477115046035666,0.0103156871536163,0.0103847700153988,0.6079490785286064,JILONG_EI_0159,19.0,1.4688137236551693,1.070647345293485,1.153260609900225,0.739662264491067,2.710077974701285,0.9229896149771132,1.9543588212603489,1.2888738907899124
38451.372286666185,84426.82640565932,33327082.84270499,40651093598.54572,43246621440.80403,295.98925423133187,8053.936660408974,70166.07735681534,18298386.737249438,14730655274.21562,11017480264.152355,77.32183959317148,9045,930697,14841,936493,0.0590564136204724,0.1,19,24.17114120000042,0.4576655079301217,0.911639987945729,0.7409821576317115,0.6019700946159151,0.5047368909651736,0.5111085155144663,0.5539847718332118,3.209999084472656,11.199149181868169,0.5415802625288184,0.2541689447785675,0.9472317245768948,0.9552956456005764,0.6187423203299156,0.3745863227765808,SupportRiskOnly_B10,0.1487302433576864,0.0096583743818693,0.0097185227845367,0.6094602789569437,JILONG_EI_0169,19.0,1.423807854674502,1.0893700605556111,1.140562372474516,0.7160112490450196,4.2734920556162015,0.9674294738293376,3.0052832694874057,1.3778298242108988
36491.659354142845,68698.8699157536,27100964.614665315,32932665280.28005,35219395577.81594,152.8823588847772,8263.869400382042,55733.87134933472,15265105.628962427,11536830807.981173,9056216164.413103,61.55048309604918,8709,890696,14387,896374,0.066417447093087,0.1,19,24.335980100004235,0.4758772207192176,0.9007096358199771,0.7505118128781438,0.5918747620328839,0.5070869579859273,0.6345079172236343,0.5496937619639324,3.09000015258789,11.031760771299751,0.5374698947902142,0.2987611181702668,0.9422202830209347,0.9380874933216232,0.6063828913371441,0.3780927672649915,SupportRiskOnly_B10,0.2219587527557625,0.0097158105879911,0.0097777468406729,0.6053381524987836,JILONG_EI_0179,19.0,1.4260086956734064,1.0841782058378169,1.1958371132948329,0.7174440435045288,3.4182743891918386,0.9376374717716331,2.4305195808404525,1.3831938470170189
33691.83037099242,55903.44233979285,24481840.55096493,26994969340.09335,31369451238.91772,210.35014229263103,7030.404862001538,44490.13337957859,12851462.766883148,8520108641.208341,7263090505.7730465,58.500174578574665,8972,914825,13435,919288,0.0696382216232359,0.1,19,24.169335400001728,0.4568018615353507,0.8920980259287331,0.724526456535469,0.5617992395458624,0.481179666999151,0.5273599882377196,0.5200240496338024,5.100000381469727,11.938936222120065,0.5418643422664325,0.2928806301139405,0.922439810785858,0.9589130010029604,0.6373734890223586,0.3779112593550808,SupportRiskOnly_B10,0.3041995759841515,0.0097597270931416,0.0098073402016779,0.6678079642724227,JILONG_EI_0189,19.0,1.4203916283543667,1.0841333183256063,1.2440093800375172,0.7089685830803765,4.011019262991768,0.9406375216092452,2.81353092624926,1.403598441191425
32012.05909247789,72230.42800281942,20442455.09004381,23060578331.02716,26804702911.097485,91.30969125659487,7900.524657487869,60882.32572460175,11755432.357109198,9075170124.9543,7156736471.727284,76.84756940972353,8445,830733,13170,835458,0.0792843793897656,0.1,19,24.118987699999707,0.4967880739332735,0.918090562289286,0.7583204661882454,0.6273245593875176,0.5167161240107072,0.9173955533941598,0.5705393868790257,4.229999542236328,11.408873360971327,0.5609686061085155,0.2889152945170599,0.9331814669259902,0.9349562920983332,0.6099002824344112,0.3454022995898203,SupportRiskOnly_B10,0.1813449121588615,0.0101082280617338,0.0101657211161709,0.6412300683371298,JILONG_EI_0199,19.0,1.500257959457858,1.0563733523266523,1.1532880832348371,0.774711479936513,3.156471664749882,1.029833117009394,2.2582629970997234,1.3361014092542625
