station,arrival_time_s,truth_arrival_time_s,arrival_error_s,missed_arrival,peak_Q_relative_error,peak_Qdebris_relative_error,peak_hmax_relative_error,peak_stage_absolute_error,wet_width_relative_error,method,scenario_id
gyirong_cctv_arrival,10.0,370.0,360.0,False,0.9530197887425929,0.9840195133635152,0.9427421346524868,2.869873046875,0.7857142857142857,DynamicOnly_B10,JILONG_EI_0009
rasuwagadhi_signal_loss,50.0,400.0,350.0,False,0.9452223961296896,0.9921013102883388,0.8993919585496086,37.330810546875,0.8,DynamicOnly_B10,JILONG_EI_0009
syabrubesi_signal_loss,530.0,1060.0,530.0,False,0.8407990266419054,0.9772068036491588,0.932699692780338,32.70703125,0.6,DynamicOnly_B10,JILONG_EI_0009
gyirong_cctv_arrival,10.0,400.0,390.0,False,0.950739037294538,0.982501594396786,0.9398835062980652,4.1278076171875,0.8235294117647058,DynamicOnly_B10,JILONG_EI_0019
rasuwagadhi_signal_loss,50.0,430.0,380.0,False,0.9389508348137754,0.9892287257855064,0.8811307918129628,34.849365234375,0.7777777777777778,DynamicOnly_B10,JILONG_EI_0019
syabrubesi_signal_loss,580.0,1170.0,590.0,False,0.8118529610622846,0.9745300751485264,0.9177230046948356,25.2041015625,0.6,DynamicOnly_B10,JILONG_EI_0019
gyirong_cctv_arrival,10.0,360.0,350.0,False,0.9486501010319842,0.9802641567721264,0.9405148487872196,0.0,0.6666666666666666,DynamicOnly_B10,JILONG_EI_0029
rasuwagadhi_signal_loss,10.0,390.0,380.0,False,0.8777528988487602,0.9829444703594172,0.8677428823549794,33.7313232421875,0.7777777777777778,DynamicOnly_B10,JILONG_EI_0029
syabrubesi_signal_loss,460.0,1010.0,550.0,False,0.8315953730353517,0.9770230273004497,0.9289910858995136,30.61328125,0.6,DynamicOnly_B10,JILONG_EI_0029
gyirong_cctv_arrival,10.0,380.0,370.0,False,0.9521232182044496,0.9797697258933252,0.9574918122270742,0.0,0.6666666666666666,DynamicOnly_B10,JILONG_EI_0039
rasuwagadhi_signal_loss,10.0,400.0,390.0,False,0.7094982354574514,0.9744827901098686,0.9025592803955078,30.664794921875,0.7777777777777778,DynamicOnly_B10,JILONG_EI_0039
syabrubesi_signal_loss,380.0,1100.0,720.0,False,0.7566335149256469,0.9703717646159764,0.9193882244710212,26.08203125,0.6,DynamicOnly_B10,JILONG_EI_0039
gyirong_cctv_arrival,10.0,350.0,340.0,False,0.9532634802516234,0.9840129077110092,0.9425250435796912,0.0,0.6666666666666666,DynamicOnly_B10,JILONG_EI_0049
rasuwagadhi_signal_loss,50.0,380.0,330.0,False,0.9626117160594752,0.9935231069053446,0.9013825808645428,35.32763671875,0.8181818181818182,DynamicOnly_B10,JILONG_EI_0049
syabrubesi_signal_loss,490.0,940.0,450.0,False,0.8731276447410846,0.9858901005846225,0.9335166919575114,33.26953125,0.6,DynamicOnly_B10,JILONG_EI_0049
gyirong_cctv_arrival,10.0,380.0,370.0,False,0.9524832212447708,0.981123348388867,0.9161779896708756,0.0,0.6666666666666666,DynamicOnly_B10,JILONG_EI_0059
rasuwagadhi_signal_loss,10.0,410.0,400.0,False,0.90903041010123,0.9853200641036226,0.8696163844634599,33.2474365234375,0.7777777777777778,DynamicOnly_B10,JILONG_EI_0059
syabrubesi_signal_loss,490.0,1100.0,610.0,False,0.7888391487702421,0.9759941658211336,0.924526270456503,28.34765625,0.6,DynamicOnly_B10,JILONG_EI_0059
gyirong_cctv_arrival,10.0,360.0,350.0,False,0.9555306396353104,0.9903015519443852,0.9616379310344828,0.0,0.6666666666666666,DynamicOnly_B10,JILONG_EI_0069
rasuwagadhi_signal_loss,50.0,380.0,330.0,False,0.9371854524708976,0.9958182175208304,0.9312228797620182,34.803466796875,0.8,DynamicOnly_B10,JILONG_EI_0069
syabrubesi_signal_loss,890.0,960.0,70.0,False,0.9483103415889816,0.9966368303665772,0.9321262587141752,32.39453125,0.6,DynamicOnly_B10,JILONG_EI_0069
gyirong_cctv_arrival,10.0,380.0,370.0,False,0.952434489217026,0.9843831806264504,0.9584445037353256,0.0,0.6666666666666666,DynamicOnly_B10,JILONG_EI_0079
rasuwagadhi_signal_loss,10.0,410.0,400.0,False,0.8479814294901642,0.9895503890802356,0.914931604417704,32.179443359375,0.7777777777777778,DynamicOnly_B10,JILONG_EI_0079
syabrubesi_signal_loss,640.0,1100.0,460.0,False,0.8083737368681063,0.9796079919642624,0.9228653169014084,27.59765625,0.6,DynamicOnly_B10,JILONG_EI_0079
gyirong_cctv_arrival,10.0,360.0,350.0,False,0.9186962111809692,0.9706380291957578,0.9538520761833336,0.0,0.7,DynamicOnly_B10,JILONG_EI_0089
rasuwagadhi_signal_loss,50.0,380.0,330.0,False,0.9575893801418668,0.9932935925085256,0.9175236293247768,36.458984375,0.8181818181818182,DynamicOnly_B10,JILONG_EI_0089
syabrubesi_signal_loss,400.0,950.0,550.0,False,0.787238969920243,0.9758915015707044,0.9341660405709992,33.64453125,0.6,DynamicOnly_B10,JILONG_EI_0089
gyirong_cctv_arrival,10.0,380.0,370.0,False,0.9481078686104556,0.9788169470105698,0.9451410444955978,0.0,0.6666666666666666,DynamicOnly_B10,JILONG_EI_0099
rasuwagadhi_signal_loss,10.0,400.0,390.0,False,0.7759163347549226,0.97878705285563,0.8782264215237865,33.0386962890625,0.7777777777777778,DynamicOnly_B10,JILONG_EI_0099
syabrubesi_signal_loss,330.0,1080.0,750.0,False,0.7715607385448862,0.9691377498212504,0.925042771599658,28.59765625,0.6,DynamicOnly_B10,JILONG_EI_0099
gyirong_cctv_arrival,10.0,400.0,390.0,False,0.9490171031949088,0.9833638396718148,0.9523568458696134,6.3778076171875,0.8571428571428571,DynamicOnly_B10,JILONG_EI_0109
rasuwagadhi_signal_loss,30.0,430.0,400.0,False,0.9264978098822656,0.991042090010776,0.8852079470784333,35.9111328125,0.7777777777777778,DynamicOnly_B10,JILONG_EI_0109
syabrubesi_signal_loss,610.0,1190.0,580.0,False,0.8327766385282747,0.9836923081560872,0.9173349056603772,25.2005615234375,0.5,DynamicOnly_B10,JILONG_EI_0109
gyirong_cctv_arrival,10.0,400.0,390.0,False,0.9522178778728768,0.9781230827127684,0.9251288308638014,0.3759765625,0.7272727272727273,DynamicOnly_B10,JILONG_EI_0119
rasuwagadhi_signal_loss,10.0,430.0,420.0,False,0.6310568374401953,0.949960721443756,0.8463615911643464,30.7156982421875,0.7777777777777778,DynamicOnly_B10,JILONG_EI_0119
syabrubesi_signal_loss,390.0,1240.0,850.0,False,0.5613896187311904,0.9321223480625628,0.9019854586129754,20.9500732421875,0.5,DynamicOnly_B10,JILONG_EI_0119
gyirong_cctv_arrival,10.0,350.0,340.0,False,0.95199416607121,0.9853332534131792,0.9615811544153922,0.0,0.6666666666666666,DynamicOnly_B10,JILONG_EI_0129
rasuwagadhi_signal_loss,40.0,380.0,340.0,False,0.9536288943967668,0.9959295484958344,0.9412734212352531,34.9005126953125,0.8,DynamicOnly_B10,JILONG_EI_0129
syabrubesi_signal_loss,520.0,950.0,430.0,False,0.7601049524769481,0.960369878500318,0.9321787925696594,32.42578125,0.6,DynamicOnly_B10,JILONG_EI_0129
gyirong_cctv_arrival,10.0,380.0,370.0,False,0.9486402113135712,0.9809932343618863,0.9574220885729908,0.0,0.6666666666666666,DynamicOnly_B10,JILONG_EI_0139
rasuwagadhi_signal_loss,10.0,400.0,390.0,False,0.8348770434628124,0.9817712507017348,0.9124984036959136,32.255615234375,0.7777777777777778,DynamicOnly_B10,JILONG_EI_0139
syabrubesi_signal_loss,480.0,1100.0,620.0,False,0.7836126428715534,0.9749250777928729,0.923804347826087,28.01953125,0.6,DynamicOnly_B10,JILONG_EI_0139
gyirong_cctv_arrival,10.0,380.0,370.0,False,0.9543810838364264,0.984212100035264,0.8835912937448523,2.9166259765625,0.7857142857142857,DynamicOnly_B10,JILONG_EI_0149
rasuwagadhi_signal_loss,10.0,410.0,400.0,False,0.9024676550001806,0.983295306347112,0.8581966107121818,35.057861328125,0.7777777777777778,DynamicOnly_B10,JILONG_EI_0149
syabrubesi_signal_loss,520.0,1120.0,600.0,False,0.7398651167977901,0.9503586881917429,0.9288180341186028,30.45703125,0.6,DynamicOnly_B10,JILONG_EI_0149
gyirong_cctv_arrival,10.0,390.0,380.0,False,0.9509583843648454,0.980498375601792,0.9170364743975392,0.0,0.6666666666666666,DynamicOnly_B10,JILONG_EI_0159
rasuwagadhi_signal_loss,10.0,420.0,410.0,False,0.8199151021280591,0.9783960903598264,0.8395086430660309,32.007080078125,0.7777777777777778,DynamicOnly_B10,JILONG_EI_0159
syabrubesi_signal_loss,410.0,1150.0,740.0,False,0.7490305163825431,0.9654507975568704,0.9155014464802316,24.56640625,0.5,DynamicOnly_B10,JILONG_EI_0159
gyirong_cctv_arrival,10.0,390.0,380.0,False,0.9515424878814772,0.983422472767043,0.933375909624582,6.8408203125,0.8636363636363636,DynamicOnly_B10,JILONG_EI_0169
rasuwagadhi_signal_loss,60.0,420.0,360.0,False,0.945569958258152,0.9917839692834716,0.8813862015444591,37.6943359375,0.7777777777777778,DynamicOnly_B10,JILONG_EI_0169
syabrubesi_signal_loss,550.0,1120.0,570.0,False,0.8516430209022455,0.9809761263344584,0.9289910858995136,30.58203125,0.6,DynamicOnly_B10,JILONG_EI_0169
gyirong_cctv_arrival,10.0,380.0,370.0,False,0.9501343776579068,0.9822541605016298,0.9340351855660988,0.3828125,0.75,DynamicOnly_B10,JILONG_EI_0179
rasuwagadhi_signal_loss,30.0,410.0,380.0,False,0.898148891607218,0.9877142821297475,0.8965842718652131,34.5013427734375,0.7777777777777778,DynamicOnly_B10,JILONG_EI_0179
syabrubesi_signal_loss,480.0,1110.0,630.0,False,0.8232756275908791,0.9849699502414476,0.9259923986486488,29.05078125,0.6,DynamicOnly_B10,JILONG_EI_0179
gyirong_cctv_arrival,10.0,410.0,400.0,False,0.9489408280178252,0.9808705113482448,0.9403286572568904,7.1322021484375,0.8636363636363636,DynamicOnly_B10,JILONG_EI_0189
rasuwagadhi_signal_loss,30.0,440.0,410.0,False,0.8952120862641304,0.9853275033826896,0.8722139885622552,35.406005859375,0.7777777777777778,DynamicOnly_B10,JILONG_EI_0189
syabrubesi_signal_loss,550.0,1250.0,700.0,False,0.7730096877745147,0.9578725715992032,0.9081980094290204,22.4195556640625,0.5,DynamicOnly_B10,JILONG_EI_0189
gyirong_cctv_arrival,10.0,390.0,380.0,False,0.962276689673314,0.9849953948260628,0.9567361111111112,0.0,0.6666666666666666,DynamicOnly_B10,JILONG_EI_0199
rasuwagadhi_signal_loss,10.0,420.0,410.0,False,0.7476635553259549,0.993043032905195,0.9265977384898584,31.600341796875,0.7777777777777778,DynamicOnly_B10,JILONG_EI_0199
syabrubesi_signal_loss,660.0,1170.0,510.0,False,0.7546431763982282,0.9794115882294868,0.9145955165692008,24.1790771484375,0.5,DynamicOnly_B10,JILONG_EI_0199
gyirong_cctv_arrival,10.0,370.0,360.0,False,0.9228528985332588,0.9732462523552462,0.8579867925876524,0.5755615234375,0.7857142857142857,EngineeringROI_B05,JILONG_EI_0009
rasuwagadhi_signal_loss,50.0,400.0,350.0,False,0.9160146640508964,0.9758165018342316,0.8344074038926885,34.556396484375,0.8,EngineeringROI_B05,JILONG_EI_0009
syabrubesi_signal_loss,650.0,1060.0,410.0,False,4.055100507661944,5.352660961076756,9.7645509312596,75.9559326171875,0.6,EngineeringROI_B05,JILONG_EI_0009
gyirong_cctv_arrival,10.0,400.0,390.0,False,0.9530179295204896,0.98123904893578,0.9526903827985128,4.1278076171875,0.8235294117647058,EngineeringROI_B05,JILONG_EI_0019
rasuwagadhi_signal_loss,50.0,430.0,380.0,False,0.9462444492681256,0.9916378198834044,0.9032435224235402,34.849365234375,0.7777777777777778,EngineeringROI_B05,JILONG_EI_0019
syabrubesi_signal_loss,1020.0,1170.0,150.0,False,1.8913761246741527,3.576765916065194,4.259716567634976,14.56396484375,0.6,EngineeringROI_B05,JILONG_EI_0019
gyirong_cctv_arrival,10.0,360.0,350.0,False,0.9206513243879344,0.9672369208791832,0.7732479714432673,0.0,0.6666666666666666,EngineeringROI_B05,JILONG_EI_0029
rasuwagadhi_signal_loss,10.0,390.0,380.0,False,0.8823287167113111,0.960286060205751,0.7506459738187907,29.7772216796875,0.7777777777777778,EngineeringROI_B05,JILONG_EI_0029
syabrubesi_signal_loss,680.0,1010.0,330.0,False,2.5013199389400054,3.5230032809695,5.5508770069388165,211.791259765625,0.6,EngineeringROI_B05,JILONG_EI_0029
gyirong_cctv_arrival,10.0,380.0,370.0,False,0.951138355981064,0.976654587418032,0.9574918122270742,0.0,0.6666666666666666,EngineeringROI_B05,JILONG_EI_0039
rasuwagadhi_signal_loss,10.0,400.0,390.0,False,0.8278844244777988,0.9874117982085632,0.9140428549107692,30.664794921875,0.7777777777777778,EngineeringROI_B05,JILONG_EI_0039
syabrubesi_signal_loss,130.0,1100.0,970.0,False,2.5723571362544577,4.296419110489137,10.12622272452852,342.7471923828125,0.6,EngineeringROI_B05,JILONG_EI_0039
gyirong_cctv_arrival,10.0,350.0,340.0,False,0.9558434335875224,0.9847419827262114,0.9363786780315896,0.6773681640625,0.6666666666666666,EngineeringROI_B05,JILONG_EI_0049
rasuwagadhi_signal_loss,50.0,380.0,330.0,False,0.9603022678709696,0.9954795592770024,0.9425881953867028,35.3316650390625,0.8181818181818182,EngineeringROI_B05,JILONG_EI_0049
syabrubesi_signal_loss,680.0,940.0,260.0,False,2.8824317066842555,3.68250433396222,5.72628094176783,66.172119140625,0.6,EngineeringROI_B05,JILONG_EI_0049
gyirong_cctv_arrival,10.0,380.0,370.0,False,0.9517581302384144,0.9801877253844562,0.7518638033157229,6.0545654296875,0.6666666666666666,EngineeringROI_B05,JILONG_EI_0059
rasuwagadhi_signal_loss,10.0,410.0,400.0,False,0.9342511691997416,0.9927668487564588,0.9233728987575468,33.369873046875,0.7777777777777778,EngineeringROI_B05,JILONG_EI_0059
syabrubesi_signal_loss,700.0,1100.0,400.0,False,2.4958062446198714,3.747024582896449,7.913419869724375,284.870361328125,0.6,EngineeringROI_B05,JILONG_EI_0059
gyirong_cctv_arrival,10.0,360.0,350.0,False,0.9560195090509942,0.9869881036411426,0.9616379310344828,0.0,0.6666666666666666,EngineeringROI_B05,JILONG_EI_0069
rasuwagadhi_signal_loss,50.0,380.0,330.0,False,0.952539483031646,0.9969868031198112,0.94102787456446,34.803466796875,0.8,EngineeringROI_B05,JILONG_EI_0069
syabrubesi_signal_loss,1110.0,960.0,150.0,False,1.4936160817626236,1.9534854421490424,4.679988184425833,27.592529296875,0.6,EngineeringROI_B05,JILONG_EI_0069
gyirong_cctv_arrival,10.0,380.0,370.0,False,0.9520702171956305,0.9825130323538314,0.8170101853801194,3.957275390625,0.6666666666666666,EngineeringROI_B05,JILONG_EI_0079
rasuwagadhi_signal_loss,10.0,410.0,400.0,False,0.9392455887223508,0.9934484523326828,0.9272767759067436,32.179443359375,0.7777777777777778,EngineeringROI_B05,JILONG_EI_0079
syabrubesi_signal_loss,830.0,1100.0,270.0,False,2.383095947668484,3.61688960599594,6.553478831976232,230.6827392578125,0.6,EngineeringROI_B05,JILONG_EI_0079
gyirong_cctv_arrival,10.0,360.0,350.0,False,0.9214280392903088,0.970280031533351,0.830828831113618,0.2618408203125,0.7,EngineeringROI_B05,JILONG_EI_0089
rasuwagadhi_signal_loss,50.0,380.0,330.0,False,0.9122571362268892,0.9715440562800002,0.8206149769478104,32.9793701171875,0.8181818181818182,EngineeringROI_B05,JILONG_EI_0089
syabrubesi_signal_loss,630.0,950.0,320.0,False,2.7358582034325134,3.6329135100279264,5.419286485725019,55.3948974609375,0.6,EngineeringROI_B05,JILONG_EI_0089
gyirong_cctv_arrival,10.0,380.0,370.0,False,0.9503953808932633,0.9764736421932612,0.950964024457982,0.0091552734375,0.6666666666666666,EngineeringROI_B05,JILONG_EI_0099
rasuwagadhi_signal_loss,10.0,400.0,390.0,False,0.9096787364459392,0.9886347906666606,0.9126297076602348,33.379150390625,0.7777777777777778,EngineeringROI_B05,JILONG_EI_0099
syabrubesi_signal_loss,160.0,1080.0,920.0,False,1.221877063248856,2.058186734760344,7.33448978159752,267.237060546875,0.6,EngineeringROI_B05,JILONG_EI_0099
gyirong_cctv_arrival,10.0,400.0,390.0,False,0.9509603330060268,0.9812184410985616,0.906707858989662,4.9732666015625,0.8571428571428571,EngineeringROI_B05,JILONG_EI_0109
rasuwagadhi_signal_loss,50.0,430.0,380.0,False,0.9548548148497032,0.9924938150025032,0.9048298895569062,35.9111328125,0.7777777777777778,EngineeringROI_B05,JILONG_EI_0109
syabrubesi_signal_loss,1070.0,1190.0,120.0,False,1.2540690844616025,2.6092569466307305,3.005002118956368,16.783935546875,0.5,EngineeringROI_B05,JILONG_EI_0109
gyirong_cctv_arrival,10.0,400.0,390.0,False,0.9507780564090188,0.9763621274785697,0.9309126208254028,0.0628662109375,0.7272727272727273,EngineeringROI_B05,JILONG_EI_0119
rasuwagadhi_signal_loss,10.0,430.0,420.0,False,0.7654414393762902,0.9854357656483128,0.913980053122763,31.1807861328125,0.7777777777777778,EngineeringROI_B05,JILONG_EI_0119
syabrubesi_signal_loss,100.0,1240.0,1140.0,False,3.7673030244584105,7.813864991297292,13.031501240911632,361.011962890625,0.5,EngineeringROI_B05,JILONG_EI_0119
gyirong_cctv_arrival,10.0,350.0,340.0,False,0.952587255376234,0.9837832683542904,0.7994705749722496,0.0,0.6666666666666666,EngineeringROI_B05,JILONG_EI_0129
rasuwagadhi_signal_loss,40.0,380.0,340.0,False,0.8959872870993381,0.964218351110809,0.7998138152419653,30.957275390625,0.8,EngineeringROI_B05,JILONG_EI_0129
syabrubesi_signal_loss,720.0,950.0,230.0,False,5.312412220005788,6.911654921252736,10.094839940499226,403.7989501953125,0.6,EngineeringROI_B05,JILONG_EI_0129
gyirong_cctv_arrival,10.0,380.0,370.0,False,0.9505605674467056,0.9791332731367244,0.9574220885729908,0.0,0.6666666666666666,EngineeringROI_B05,JILONG_EI_0139
rasuwagadhi_signal_loss,10.0,400.0,390.0,False,0.9002829906769454,0.9914865615008728,0.9220880889892578,32.255615234375,0.7777777777777778,EngineeringROI_B05,JILONG_EI_0139
syabrubesi_signal_loss,290.0,1100.0,810.0,False,3.877010096856677,5.751996506914649,11.229167798913045,400.7315673828125,0.6,EngineeringROI_B05,JILONG_EI_0139
gyirong_cctv_arrival,10.0,380.0,370.0,False,0.953847961953346,0.9807718533446002,0.9448355410344336,2.9166259765625,0.7857142857142857,EngineeringROI_B05,JILONG_EI_0149
rasuwagadhi_signal_loss,10.0,410.0,400.0,False,0.9108494880770892,0.9814882428698924,0.8535160766343486,34.302734375,0.7777777777777778,EngineeringROI_B05,JILONG_EI_0149
syabrubesi_signal_loss,310.0,1120.0,810.0,False,5.111101449642516,7.15119729937858,15.13387711971974,577.7120361328125,0.6,EngineeringROI_B05,JILONG_EI_0149
gyirong_cctv_arrival,10.0,390.0,380.0,False,0.9486644053082408,0.9772759764609584,0.9516169823172812,0.0,0.6666666666666666,EngineeringROI_B05,JILONG_EI_0159
rasuwagadhi_signal_loss,10.0,420.0,410.0,False,0.9214147635246932,0.9879269353011152,0.8978200292330719,32.253662109375,0.7777777777777778,EngineeringROI_B05,JILONG_EI_0159
syabrubesi_signal_loss,720.0,1150.0,430.0,False,1.7575590658412932,3.3888689297601915,6.038486168032787,194.605712890625,0.5,EngineeringROI_B05,JILONG_EI_0159
gyirong_cctv_arrival,10.0,390.0,380.0,False,0.9514738749978382,0.9817199391267531,0.8295226811075187,6.3648681640625,0.8636363636363636,EngineeringROI_B05,JILONG_EI_0169
rasuwagadhi_signal_loss,50.0,420.0,370.0,False,0.913435185560011,0.9685040892945574,0.7662185607665035,34.7523193359375,0.7777777777777778,EngineeringROI_B05,JILONG_EI_0169
syabrubesi_signal_loss,680.0,1120.0,440.0,False,1.8360363238990949,2.825846745091796,4.804568397361224,50.8812255859375,0.6,EngineeringROI_B05,JILONG_EI_0169
gyirong_cctv_arrival,10.0,380.0,370.0,False,0.9509385334949214,0.980655989716701,0.7055308744976214,7.0906982421875,0.75,EngineeringROI_B05,JILONG_EI_0179
rasuwagadhi_signal_loss,30.0,410.0,380.0,False,0.9429719118584058,0.9926382720351526,0.9215707882816756,34.574462890625,0.7777777777777778,EngineeringROI_B05,JILONG_EI_0179
syabrubesi_signal_loss,610.0,1110.0,500.0,False,2.215721412271182,3.3202000109905416,5.64538945378484,40.0965576171875,0.6,EngineeringROI_B05,JILONG_EI_0179
gyirong_cctv_arrival,10.0,410.0,400.0,False,0.9488893454263476,0.9783326186477256,0.9481178662791756,7.049072265625,0.8636363636363636,EngineeringROI_B05,JILONG_EI_0189
rasuwagadhi_signal_loss,50.0,440.0,390.0,False,0.9310693184289772,0.9901126414310604,0.9083110885402756,35.446044921875,0.7777777777777778,EngineeringROI_B05,JILONG_EI_0189
syabrubesi_signal_loss,760.0,1250.0,490.0,False,3.6693945393355647,7.193374203162356,7.388924072649293,49.1224365234375,0.5,EngineeringROI_B05,JILONG_EI_0189
gyirong_cctv_arrival,10.0,390.0,380.0,False,0.9605134181051436,0.9786773314971294,0.9567361111111112,0.0,0.6666666666666666,EngineeringROI_B05,JILONG_EI_0199
rasuwagadhi_signal_loss,10.0,420.0,410.0,False,0.8871390783574008,0.9942759211194512,0.9317978394796405,31.600341796875,0.7777777777777778,EngineeringROI_B05,JILONG_EI_0199
syabrubesi_signal_loss,1190.0,1170.0,20.0,False,2.097986685998652,3.971498456614276,3.0052568759137426,2.0010986328125,0.5,EngineeringROI_B05,JILONG_EI_0199
gyirong_cctv_arrival,10.0,370.0,360.0,False,0.9083852317021864,0.889036122983934,35.45711128048781,1166.20263671875,0.7857142857142857,EngineeringROI_B10,JILONG_EI_0009
rasuwagadhi_signal_loss,50.0,400.0,350.0,False,0.7707178925518938,0.7206967368981517,3.884275681798843,179.5615234375,0.8,EngineeringROI_B10,JILONG_EI_0009
syabrubesi_signal_loss,410.0,1060.0,650.0,False,2.257707717434958,3.0939072542237764,7.806447862663211,77.767578125,0.6,EngineeringROI_B10,JILONG_EI_0009
gyirong_cctv_arrival,10.0,400.0,390.0,False,0.8447510052014015,0.8042382454643968,17.35225830078125,548.1295166015625,0.8235294117647058,EngineeringROI_B10,JILONG_EI_0019
rasuwagadhi_signal_loss,10.0,430.0,420.0,False,0.7319101703780202,0.6550946084516475,2.8687825285630417,125.54833984375,0.7777777777777778,EngineeringROI_B10,JILONG_EI_0019
syabrubesi_signal_loss,1080.0,1170.0,90.0,False,1.0822510439024828,2.2959999652407883,3.432410871478873,9.5433349609375,0.6,EngineeringROI_B10,JILONG_EI_0019
gyirong_cctv_arrival,10.0,360.0,350.0,False,0.7711895824319991,0.707557517284051,18.60881407141005,594.208740234375,0.6666666666666666,EngineeringROI_B10,JILONG_EI_0029
rasuwagadhi_signal_loss,10.0,390.0,380.0,False,0.706062957249474,0.6323420183794582,3.849446732440261,168.5322265625,0.7777777777777778,EngineeringROI_B10,JILONG_EI_0029
syabrubesi_signal_loss,720.0,1010.0,290.0,False,1.4616108235969727,2.180059800461994,6.027357994833873,230.7584228515625,0.6,EngineeringROI_B10,JILONG_EI_0029
gyirong_cctv_arrival,10.0,380.0,370.0,False,0.8296942419202594,0.7671909785244694,18.227035855622272,552.864501953125,0.6666666666666666,EngineeringROI_B10,JILONG_EI_0039
rasuwagadhi_signal_loss,10.0,400.0,390.0,False,0.6123977704563487,0.4981070281963853,8.055972126380126,321.3173828125,0.7777777777777778,EngineeringROI_B10,JILONG_EI_0039
syabrubesi_signal_loss,140.0,1100.0,960.0,False,2.234940989182172,3.796161924161176,7.642842255059797,258.8720703125,0.6,EngineeringROI_B10,JILONG_EI_0039
gyirong_cctv_arrival,10.0,350.0,340.0,False,0.9174391884563076,0.906143755074448,9.70030570652174,0.0,0.6666666666666666,EngineeringROI_B10,JILONG_EI_0049
rasuwagadhi_signal_loss,40.0,380.0,340.0,False,0.7878092035229622,0.7479185876385257,1.530805114166384,74.0811767578125,0.8181818181818182,EngineeringROI_B10,JILONG_EI_0049
syabrubesi_signal_loss,730.0,940.0,210.0,False,1.13803295822022,1.578628382769499,4.4740403309939305,60.4051513671875,0.6,EngineeringROI_B10,JILONG_EI_0049
gyirong_cctv_arrival,10.0,380.0,370.0,False,0.8971637550581665,0.8690291808646716,23.341402170365534,730.199462890625,0.6666666666666666,EngineeringROI_B10,JILONG_EI_0059
rasuwagadhi_signal_loss,10.0,410.0,400.0,False,0.7159250375420911,0.6588140524484655,3.443859334127429,145.2965087890625,0.7777777777777778,EngineeringROI_B10,JILONG_EI_0059
syabrubesi_signal_loss,750.0,1100.0,350.0,False,1.6057803401538742,2.5384407678131407,6.111126251614987,220.1297607421875,0.6,EngineeringROI_B10,JILONG_EI_0059
gyirong_cctv_arrival,10.0,360.0,350.0,False,0.8659912093688995,0.8402037792214089,10.051780903633006,353.662353515625,0.6666666666666666,EngineeringROI_B10,JILONG_EI_0069
rasuwagadhi_signal_loss,40.0,380.0,340.0,False,0.7948578390054468,0.760094071618476,1.0603724888392858,50.5018310546875,0.8,EngineeringROI_B10,JILONG_EI_0069
syabrubesi_signal_loss,870.0,960.0,90.0,False,0.5858248680954702,0.8782805805483876,4.230228958898141,20.3145751953125,0.6,EngineeringROI_B10,JILONG_EI_0069
gyirong_cctv_arrival,10.0,380.0,370.0,False,0.8395856908018349,0.7999355181519019,21.10959386672892,0.0,0.6666666666666666,EngineeringROI_B10,JILONG_EI_0079
rasuwagadhi_signal_loss,10.0,410.0,400.0,False,0.6895213600348893,0.625623102114857,3.027957299089946,123.6500244140625,0.7777777777777778,EngineeringROI_B10,JILONG_EI_0079
syabrubesi_signal_loss,840.0,1100.0,260.0,False,1.382911330926999,2.251943996252537,5.159015494333187,181.836669921875,0.6,EngineeringROI_B10,JILONG_EI_0079
gyirong_cctv_arrival,10.0,360.0,350.0,False,0.92066264933885,0.9351990115980762,1.8116094947318009,0.0,0.7,EngineeringROI_B10,JILONG_EI_0089
rasuwagadhi_signal_loss,40.0,380.0,340.0,False,0.8205832894290519,0.7820398503233844,0.8139502285289115,2.0560302734375,0.8181818181818182,EngineeringROI_B10,JILONG_EI_0089
syabrubesi_signal_loss,640.0,950.0,310.0,False,3.1497380294735016,4.146174274537545,5.56281402610819,53.566162109375,0.6,EngineeringROI_B10,JILONG_EI_0089
gyirong_cctv_arrival,10.0,380.0,370.0,False,0.8583689613765243,0.8133887285781758,10.389917121362434,339.567626953125,0.6666666666666666,EngineeringROI_B10,JILONG_EI_0099
rasuwagadhi_signal_loss,10.0,400.0,390.0,False,0.6875316835999903,0.6249974990122766,1.964976091306776,84.7244873046875,0.7777777777777778,EngineeringROI_B10,JILONG_EI_0099
syabrubesi_signal_loss,270.0,1080.0,810.0,False,1.0803430882626812,1.863379680859836,5.270442234949743,10.2857666015625,0.6,EngineeringROI_B10,JILONG_EI_0099
gyirong_cctv_arrival,10.0,400.0,390.0,False,0.8822157519157952,0.8588353633554636,15.909613319885477,504.0609130859375,0.8571428571428571,EngineeringROI_B10,JILONG_EI_0109
rasuwagadhi_signal_loss,10.0,430.0,420.0,False,0.7391904398875097,0.6817728244249963,0.9361853569304968,42.200927734375,0.7777777777777778,EngineeringROI_B10,JILONG_EI_0109
syabrubesi_signal_loss,1100.0,1190.0,90.0,False,0.698597492745997,1.7198256000602477,2.7065703769899763,10.466064453125,0.5,EngineeringROI_B10,JILONG_EI_0109
gyirong_cctv_arrival,10.0,400.0,390.0,False,0.8893253337252871,0.8597000365599027,39.18000619688385,1109.864990234375,0.7272727272727273,EngineeringROI_B10,JILONG_EI_0119
rasuwagadhi_signal_loss,10.0,430.0,420.0,False,0.5608674762037057,0.4131644783661857,4.195278945127369,167.046630859375,0.7777777777777778,EngineeringROI_B10,JILONG_EI_0119
syabrubesi_signal_loss,60.0,1240.0,1180.0,False,2.9374296288478963,6.279581973990779,11.812379841303132,326.5146484375,0.5,EngineeringROI_B10,JILONG_EI_0119
gyirong_cctv_arrival,10.0,350.0,340.0,False,0.8404750806614646,0.8022008441530947,12.556417080352738,432.803466796875,0.6666666666666666,EngineeringROI_B10,JILONG_EI_0129
rasuwagadhi_signal_loss,40.0,380.0,340.0,False,0.7355940532387839,0.6731774154358022,2.209543136819049,102.2239990234375,0.8,EngineeringROI_B10,JILONG_EI_0129
syabrubesi_signal_loss,820.0,950.0,130.0,False,2.3332901948109765,3.1776379642778907,7.476765824545279,299.0880126953125,0.6,EngineeringROI_B10,JILONG_EI_0129
gyirong_cctv_arrival,10.0,380.0,370.0,False,0.8054308384993956,0.755739834020338,45.71989902269,1337.22021484375,0.6666666666666666,EngineeringROI_B10,JILONG_EI_0139
rasuwagadhi_signal_loss,10.0,400.0,390.0,False,0.6304286516370627,0.5325700551889063,9.060274939903849,368.80615234375,0.7777777777777778,EngineeringROI_B10,JILONG_EI_0139
syabrubesi_signal_loss,270.0,1100.0,830.0,False,3.025346395808763,4.572907224682534,9.151585427989133,326.5323486328125,0.6,EngineeringROI_B10,JILONG_EI_0139
gyirong_cctv_arrival,10.0,380.0,370.0,False,0.8567645324956046,0.8238511721985834,82.27923846933604,2564.3961181640625,0.7857142857142857,EngineeringROI_B10,JILONG_EI_0149
rasuwagadhi_signal_loss,10.0,410.0,400.0,False,0.7116894521429642,0.6390944372048393,14.42852581042988,640.2958984375,0.7777777777777778,EngineeringROI_B10,JILONG_EI_0149
syabrubesi_signal_loss,330.0,1120.0,790.0,False,3.6221899848750927,5.165235977899295,13.301668168663689,508.0709228515625,0.6,EngineeringROI_B10,JILONG_EI_0149
gyirong_cctv_arrival,10.0,390.0,380.0,False,0.8207826186408033,0.766979658831949,15.75568143302603,486.002685546875,0.6666666666666666,EngineeringROI_B10,JILONG_EI_0159
rasuwagadhi_signal_loss,10.0,420.0,410.0,False,0.6937793031472574,0.6112749713450651,4.31439607753651,177.206298828125,0.7777777777777778,EngineeringROI_B10,JILONG_EI_0159
syabrubesi_signal_loss,770.0,1150.0,380.0,False,1.052667387816698,2.2669792038605827,4.799575378947686,154.8714599609375,0.5,EngineeringROI_B10,JILONG_EI_0159
gyirong_cctv_arrival,10.0,390.0,380.0,False,0.918371870875516,0.9181693627896294,3.10874984658812,128.35791015625,0.8636363636363636,EngineeringROI_B10,JILONG_EI_0169
rasuwagadhi_signal_loss,50.0,420.0,370.0,False,0.7690050087708136,0.7185720713813483,0.7061447286542001,21.6046142578125,0.7777777777777778,EngineeringROI_B10,JILONG_EI_0169
syabrubesi_signal_loss,750.0,1120.0,370.0,False,0.3843165430830096,0.8674594877012922,3.5437981158833063,44.58984375,0.6,EngineeringROI_B10,JILONG_EI_0169
gyirong_cctv_arrival,10.0,380.0,370.0,False,0.9003497230008322,0.8928299350703752,5.991972707513123,1.6912841796875,0.75,EngineeringROI_B10,JILONG_EI_0179
rasuwagadhi_signal_loss,10.0,410.0,400.0,False,0.6682069924783487,0.6199441026226207,0.8757443009032316,3.71435546875,0.7777777777777778,EngineeringROI_B10,JILONG_EI_0179
syabrubesi_signal_loss,730.0,1110.0,380.0,False,1.6490554360522958,2.5589057187216846,4.287873964051943,39.7125244140625,0.6,EngineeringROI_B10,JILONG_EI_0179
gyirong_cctv_arrival,10.0,410.0,400.0,False,0.9320761112202992,0.9438766115341334,8.88084117818323,4.120361328125,0.8636363636363636,EngineeringROI_B10,JILONG_EI_0189
rasuwagadhi_signal_loss,10.0,440.0,430.0,False,0.6962551552551663,0.6193832371445427,1.218750521668002,0.4185791015625,0.7777777777777778,EngineeringROI_B10,JILONG_EI_0189
syabrubesi_signal_loss,820.0,1250.0,430.0,False,2.693396888075253,5.480793715302963,5.933874594846778,46.928955078125,0.5,EngineeringROI_B10,JILONG_EI_0189
gyirong_cctv_arrival,10.0,390.0,380.0,False,0.9216679611688569,0.9065057012417018,10.099465060763889,315.99853515625,0.6666666666666666,EngineeringROI_B10,JILONG_EI_0199
rasuwagadhi_signal_loss,10.0,420.0,410.0,False,0.657572610694699,0.5764017135796957,7.080155302474569,283.395263671875,0.7777777777777778,EngineeringROI_B10,JILONG_EI_0199
syabrubesi_signal_loss,900.0,1170.0,270.0,False,0.8723725344568385,2.0046924369716885,0.5918131748370492,25.3421630859375,0.5,EngineeringROI_B10,JILONG_EI_0199
gyirong_cctv_arrival,10.0,370.0,360.0,False,0.8989427368893259,0.8775993660875667,40.94587271341464,1341.820556640625,0.7857142857142857,EngineeringROI_B20,JILONG_EI_0009
rasuwagadhi_signal_loss,10.0,400.0,390.0,False,0.7696767035517728,0.7194283976959512,4.804456156398911,221.7760009765625,0.8,EngineeringROI_B20,JILONG_EI_0009
syabrubesi_signal_loss,240.0,1060.0,820.0,False,3.761893867431796,4.98419303959916,11.002213391657063,88.3074951171875,0.6,EngineeringROI_B20,JILONG_EI_0009
gyirong_cctv_arrival,10.0,400.0,390.0,False,0.7398224518517303,0.6719282248342363,43.08309733072917,1319.7855224609375,0.8235294117647058,EngineeringROI_B20,JILONG_EI_0019
rasuwagadhi_signal_loss,10.0,430.0,420.0,False,0.7428109409981464,0.6671171625557418,4.067516172552384,177.34765625,0.7777777777777778,EngineeringROI_B20,JILONG_EI_0019
syabrubesi_signal_loss,1070.0,1170.0,100.0,False,1.6743389823699104,3.2332173244649947,4.401961836120892,13.6241455078125,0.6,EngineeringROI_B20,JILONG_EI_0019
gyirong_cctv_arrival,10.0,360.0,350.0,False,0.636697712044955,0.5356635235614537,40.46415322058061,1251.79345703125,0.6666666666666666,EngineeringROI_B20,JILONG_EI_0029
rasuwagadhi_signal_loss,10.0,390.0,380.0,False,0.6542287979770517,0.5675075824105593,8.351028608119117,362.47412109375,0.7777777777777778,EngineeringROI_B20,JILONG_EI_0029
syabrubesi_signal_loss,790.0,1010.0,220.0,False,3.624175343364804,4.973769529193588,6.8347725891410045,261.282470703125,0.6,EngineeringROI_B20,JILONG_EI_0029
gyirong_cctv_arrival,10.0,380.0,370.0,False,0.8244872168591899,0.760072943157171,19.846769241266376,599.297119140625,0.6666666666666666,EngineeringROI_B20,JILONG_EI_0039
rasuwagadhi_signal_loss,10.0,400.0,390.0,False,0.6747232668323879,0.5941501898813858,10.5859367298403,422.166015625,0.7777777777777778,EngineeringROI_B20,JILONG_EI_0039
syabrubesi_signal_loss,110.0,1100.0,990.0,False,3.855771189214229,6.199224025423675,12.420599269779208,420.2525634765625,0.6,EngineeringROI_B20,JILONG_EI_0039
gyirong_cctv_arrival,10.0,350.0,340.0,False,0.9016178766667547,0.8824489497803762,7.969530306461353,0.0,0.6666666666666666,EngineeringROI_B20,JILONG_EI_0049
rasuwagadhi_signal_loss,10.0,380.0,370.0,False,0.7832023881129377,0.7391950850571193,1.3224219810040705,60.7841796875,0.8181818181818182,EngineeringROI_B20,JILONG_EI_0049
syabrubesi_signal_loss,760.0,940.0,180.0,False,3.151146309735218,4.006594334365516,8.33454971429249,107.25830078125,0.6,EngineeringROI_B20,JILONG_EI_0049
gyirong_cctv_arrival,10.0,380.0,370.0,False,0.8544007142050853,0.814299084017997,22.7126509464752,711.509521484375,0.6666666666666666,EngineeringROI_B20,JILONG_EI_0059
rasuwagadhi_signal_loss,10.0,410.0,400.0,False,0.7252669980180888,0.6599040195903382,5.575143491918909,234.4405517578125,0.7777777777777778,EngineeringROI_B20,JILONG_EI_0059
syabrubesi_signal_loss,800.0,1100.0,300.0,False,2.4895611367799724,3.7385442271889584,6.542183126076658,235.3560791015625,0.6,EngineeringROI_B20,JILONG_EI_0059
gyirong_cctv_arrival,10.0,360.0,350.0,False,0.7736957006887801,0.7301477641460968,17.02248114224138,574.500732421875,0.6666666666666666,EngineeringROI_B20,JILONG_EI_0069
rasuwagadhi_signal_loss,40.0,380.0,340.0,False,0.7819760817537281,0.7433114274124574,1.5121610953832754,70.450927734375,0.8,EngineeringROI_B20,JILONG_EI_0069
syabrubesi_signal_loss,820.0,960.0,140.0,False,1.5634405271132217,2.036186818819404,7.9425462032823395,31.2860107421875,0.6,EngineeringROI_B20,JILONG_EI_0069
gyirong_cctv_arrival,10.0,380.0,370.0,False,0.8109957404223805,0.7621676130165664,25.34470259138207,773.837890625,0.6666666666666666,EngineeringROI_B20,JILONG_EI_0079
rasuwagadhi_signal_loss,10.0,410.0,400.0,False,0.6871609681431277,0.6184004053087561,4.791489235241718,195.2957763671875,0.7777777777777778,EngineeringROI_B20,JILONG_EI_0079
syabrubesi_signal_loss,900.0,1100.0,200.0,False,1.840484103473572,2.876390659969812,5.936013664997799,209.2193603515625,0.6,EngineeringROI_B20,JILONG_EI_0079
gyirong_cctv_arrival,10.0,360.0,350.0,False,0.8879442396171423,0.8663014864528069,6.664230405142481,0.0,0.7,EngineeringROI_B20,JILONG_EI_0089
rasuwagadhi_signal_loss,10.0,380.0,370.0,False,0.770924216121208,0.7127576112750462,1.389591139190051,9.1204833984375,0.8181818181818182,EngineeringROI_B20,JILONG_EI_0089
syabrubesi_signal_loss,720.0,950.0,230.0,False,1.2604194150155124,1.80319195105767,4.176357209100301,62.983642578125,0.6,EngineeringROI_B20,JILONG_EI_0089
gyirong_cctv_arrival,10.0,380.0,370.0,False,0.8534284940118385,0.8068792310464021,10.207896205357144,334.20849609375,0.6666666666666666,EngineeringROI_B20,JILONG_EI_0099
rasuwagadhi_signal_loss,10.0,400.0,390.0,False,0.6796548015038891,0.5936679259195432,2.015219432066735,86.8433837890625,0.7777777777777778,EngineeringROI_B20,JILONG_EI_0099
syabrubesi_signal_loss,140.0,1080.0,940.0,False,1.358727647977822,2.2465475805446564,8.195477905795551,298.5450439453125,0.6,EngineeringROI_B20,JILONG_EI_0099
gyirong_cctv_arrival,10.0,400.0,390.0,False,0.8685570228647304,0.8395961574904393,17.24574603071317,543.5626220703125,0.8571428571428571,EngineeringROI_B20,JILONG_EI_0109
rasuwagadhi_signal_loss,10.0,430.0,420.0,False,0.7527312595170228,0.6887584926335825,0.9274122951902748,37.9111328125,0.7777777777777778,EngineeringROI_B20,JILONG_EI_0109
syabrubesi_signal_loss,990.0,1190.0,200.0,False,1.131240573008357,2.4125816711198964,4.947686191774764,18.335693359375,0.5,EngineeringROI_B20,JILONG_EI_0109
gyirong_cctv_arrival,10.0,400.0,390.0,False,0.8793712642621164,0.8415999499057719,35.27543599504249,1002.33544921875,0.7272727272727273,EngineeringROI_B20,JILONG_EI_0119
rasuwagadhi_signal_loss,10.0,430.0,420.0,False,0.5956972113870059,0.4669854123570541,3.2247833203742102,128.727294921875,0.7777777777777778,EngineeringROI_B20,JILONG_EI_0119
syabrubesi_signal_loss,50.0,1240.0,1190.0,False,2.9936392120614426,6.3835031376171605,12.768190934354028,353.0299072265625,0.5,EngineeringROI_B20,JILONG_EI_0119
gyirong_cctv_arrival,10.0,350.0,340.0,False,0.7837459075683763,0.7318608458867845,16.634429344474594,561.696044921875,0.6666666666666666,EngineeringROI_B20,JILONG_EI_0129
rasuwagadhi_signal_loss,10.0,380.0,370.0,False,0.6908692559745037,0.6178947184500857,5.143190086094726,233.658447265625,0.8,EngineeringROI_B20,JILONG_EI_0129
syabrubesi_signal_loss,890.0,950.0,60.0,False,4.887504758049488,6.378096452045392,8.177539364841332,46.4981689453125,0.6,EngineeringROI_B20,JILONG_EI_0129
gyirong_cctv_arrival,10.0,380.0,370.0,False,0.812321080830318,0.7643897748558284,35.5761558570257,1046.880859375,0.6666666666666666,EngineeringROI_B20,JILONG_EI_0139
rasuwagadhi_signal_loss,10.0,400.0,390.0,False,0.6501660753761221,0.5555037975503141,15.489636418269232,630.04638671875,0.7777777777777778,EngineeringROI_B20,JILONG_EI_0139
syabrubesi_signal_loss,270.0,1100.0,830.0,False,4.50368817145274,6.619603521581234,11.716127717391304,418.18408203125,0.6,EngineeringROI_B20,JILONG_EI_0139
gyirong_cctv_arrival,10.0,380.0,370.0,False,0.8351477807272761,0.7972672153671625,88.92767200963,2768.9722900390625,0.7857142857142857,EngineeringROI_B20,JILONG_EI_0149
rasuwagadhi_signal_loss,10.0,410.0,400.0,False,0.7123627135318263,0.6399372221194447,17.386823357117688,771.33544921875,0.7777777777777778,EngineeringROI_B20,JILONG_EI_0149
syabrubesi_signal_loss,280.0,1120.0,840.0,False,4.520260337742297,6.3631131028767145,15.90050803462632,607.5623779296875,0.6,EngineeringROI_B20,JILONG_EI_0149
gyirong_cctv_arrival,10.0,390.0,380.0,False,0.760678489220071,0.6888316319106246,24.32276343885575,732.377197265625,0.6666666666666666,EngineeringROI_B20,JILONG_EI_0159
rasuwagadhi_signal_loss,10.0,420.0,410.0,False,0.6968730050052399,0.6026809800534839,5.767857357321291,236.211669921875,0.7777777777777778,EngineeringROI_B20,JILONG_EI_0159
syabrubesi_signal_loss,780.0,1150.0,370.0,False,1.7870197423125,3.4357578791995214,5.68745809350892,183.2274169921875,0.5,EngineeringROI_B20,JILONG_EI_0159
gyirong_cctv_arrival,10.0,390.0,380.0,False,0.8926300674343278,0.879726581672068,6.32888438880707,6.6148681640625,0.8636363636363636,EngineeringROI_B20,JILONG_EI_0169
rasuwagadhi_signal_loss,10.0,420.0,410.0,False,0.7754746187917099,0.7167270602746223,0.8562734008952476,22.3671875,0.7777777777777778,EngineeringROI_B20,JILONG_EI_0169
syabrubesi_signal_loss,730.0,1120.0,390.0,False,1.0734090266477854,1.7970534470935131,3.8107146474878446,49.363525390625,0.6,EngineeringROI_B20,JILONG_EI_0169
gyirong_cctv_arrival,10.0,380.0,370.0,False,0.9044907411712292,0.8868861384733002,16.709403707349082,529.29833984375,0.75,EngineeringROI_B20,JILONG_EI_0179
rasuwagadhi_signal_loss,10.0,410.0,400.0,False,0.721673572187615,0.6604645371079125,1.4732204151915396,63.3087158203125,0.7777777777777778,EngineeringROI_B20,JILONG_EI_0179
syabrubesi_signal_loss,620.0,1110.0,490.0,False,2.181344435733644,3.2740158440883467,5.092223296294341,40.9222412109375,0.6,EngineeringROI_B20,JILONG_EI_0179
gyirong_cctv_arrival,10.0,410.0,400.0,False,0.8957265887682162,0.869656276439986,36.983254884834366,1140.6639404296875,0.8636363636363636,EngineeringROI_B20,JILONG_EI_0189
rasuwagadhi_signal_loss,10.0,440.0,430.0,False,0.684945956441909,0.590805022379907,2.009214743589744,89.184326171875,0.7777777777777778,EngineeringROI_B20,JILONG_EI_0189
syabrubesi_signal_loss,890.0,1250.0,360.0,False,3.107774219630462,6.207900519009213,5.886035309717129,46.310791015625,0.5,EngineeringROI_B20,JILONG_EI_0189
gyirong_cctv_arrival,10.0,390.0,380.0,False,0.996509531856442,0.9999516486773562,0.9567361111111112,0.0,0.6666666666666666,EngineeringROI_B20,JILONG_EI_0199
rasuwagadhi_signal_loss,10.0,420.0,410.0,False,0.6367099448060011,0.5420868664046773,11.73605303697183,469.287109375,0.7777777777777778,EngineeringROI_B20,JILONG_EI_0199
syabrubesi_signal_loss,1210.0,1170.0,40.0,False,2.8841018094341027,5.233017797721667,2.5958425659417643,5.9501953125,0.5,EngineeringROI_B20,JILONG_EI_0199
gyirong_cctv_arrival,10.0,370.0,360.0,False,0.9215875871096796,0.9763442855474648,0.705347334698933,5.5750732421875,0.7857142857142857,EngineeringROI_NoDiversity_B10,JILONG_EI_0009
rasuwagadhi_signal_loss,50.0,400.0,350.0,False,0.9075847386843297,0.9689144298617984,0.7859880565542036,33.754638671875,0.8,EngineeringROI_NoDiversity_B10,JILONG_EI_0009
syabrubesi_signal_loss,280.0,1060.0,780.0,False,5.010911437441831,6.5538127028828805,10.94019267233103,87.7330322265625,0.6,EngineeringROI_NoDiversity_B10,JILONG_EI_0009
gyirong_cctv_arrival,10.0,400.0,390.0,False,0.9531932790246476,0.9889741260068032,0.9579620718955992,4.1278076171875,0.8235294117647058,EngineeringROI_NoDiversity_B10,JILONG_EI_0019
rasuwagadhi_signal_loss,40.0,430.0,390.0,False,0.8347524710665555,0.9888343371226032,0.9021267753115968,34.849365234375,0.7777777777777778,EngineeringROI_NoDiversity_B10,JILONG_EI_0019
syabrubesi_signal_loss,920.0,1170.0,250.0,False,1.9472721789741751,3.6652439089419255,6.747243617957746,222.6331787109375,0.6,EngineeringROI_NoDiversity_B10,JILONG_EI_0019
gyirong_cctv_arrival,10.0,360.0,350.0,False,0.8057573021800641,0.7848731197827364,5.606952578246501,0.0,0.6666666666666666,EngineeringROI_NoDiversity_B10,JILONG_EI_0029
rasuwagadhi_signal_loss,10.0,390.0,380.0,False,0.661453654957972,0.5765444710934081,3.7040644375678857,162.4158935546875,0.7777777777777778,EngineeringROI_NoDiversity_B10,JILONG_EI_0029
syabrubesi_signal_loss,720.0,1010.0,290.0,False,3.0552606623036573,4.238834379897143,7.041095554345624,269.158203125,0.6,EngineeringROI_NoDiversity_B10,JILONG_EI_0029
gyirong_cctv_arrival,10.0,380.0,370.0,False,0.8966929892458748,0.8967535386679205,3.0537373238775927,121.0150146484375,0.6666666666666666,EngineeringROI_NoDiversity_B10,JILONG_EI_0039
rasuwagadhi_signal_loss,10.0,400.0,390.0,False,0.028823474679895,0.2519040473658223,5.418118160981861,217.04541015625,0.7777777777777778,EngineeringROI_NoDiversity_B10,JILONG_EI_0039
syabrubesi_signal_loss,120.0,1100.0,980.0,False,3.192526335180814,5.2158893290726605,9.528086728093376,322.3189697265625,0.6,EngineeringROI_NoDiversity_B10,JILONG_EI_0039
gyirong_cctv_arrival,10.0,350.0,340.0,False,0.9543506055684032,0.9845546368705278,0.9212398215768418,1.3154296875,0.6666666666666666,EngineeringROI_NoDiversity_B10,JILONG_EI_0049
rasuwagadhi_signal_loss,50.0,380.0,330.0,False,0.9658770560490404,0.9960200423868084,0.9425881953867028,35.3316650390625,0.8181818181818182,EngineeringROI_NoDiversity_B10,JILONG_EI_0049
syabrubesi_signal_loss,720.0,940.0,220.0,False,3.7504402562594494,4.729387860156504,7.284037426498482,87.406005859375,0.6,EngineeringROI_NoDiversity_B10,JILONG_EI_0049
gyirong_cctv_arrival,10.0,380.0,370.0,False,0.9524189870639848,0.9873745954905166,0.9538601230392256,0.0,0.6666666666666666,EngineeringROI_NoDiversity_B10,JILONG_EI_0059
rasuwagadhi_signal_loss,10.0,410.0,400.0,False,0.8312726001165275,0.9854359451433377,0.9009530105932946,33.369873046875,0.7777777777777778,EngineeringROI_NoDiversity_B10,JILONG_EI_0059
syabrubesi_signal_loss,800.0,1100.0,300.0,False,2.3263705423258214,3.5169444847079285,6.7994581381890615,244.6788330078125,0.6,EngineeringROI_NoDiversity_B10,JILONG_EI_0059
gyirong_cctv_arrival,10.0,360.0,350.0,False,0.9581554975470488,0.990004126805926,0.9616379310344828,0.0,0.6666666666666666,EngineeringROI_NoDiversity_B10,JILONG_EI_0069
rasuwagadhi_signal_loss,50.0,380.0,330.0,False,0.9722410682700564,0.9979454883389608,0.94102787456446,34.803466796875,0.8,EngineeringROI_NoDiversity_B10,JILONG_EI_0069
syabrubesi_signal_loss,860.0,960.0,100.0,False,0.6480109810975706,0.9519349737802896,3.469032529894461,28.5767822265625,0.6,EngineeringROI_NoDiversity_B10,JILONG_EI_0069
gyirong_cctv_arrival,10.0,380.0,370.0,False,0.9541426510163205,0.9893517182595684,0.8832388422914096,2.1171875,0.6666666666666666,EngineeringROI_NoDiversity_B10,JILONG_EI_0079
rasuwagadhi_signal_loss,10.0,410.0,400.0,False,0.7758338907657434,0.983982929204912,0.9134196970606072,32.179443359375,0.7777777777777778,EngineeringROI_NoDiversity_B10,JILONG_EI_0079
syabrubesi_signal_loss,860.0,1100.0,240.0,False,2.0428521796753536,3.1525610914484985,6.125680842869718,215.758056640625,0.6,EngineeringROI_NoDiversity_B10,JILONG_EI_0079
gyirong_cctv_arrival,10.0,360.0,350.0,False,0.9210676008202582,0.9693921144382378,0.9307603214892392,0.25830078125,0.7,EngineeringROI_NoDiversity_B10,JILONG_EI_0089
rasuwagadhi_signal_loss,50.0,380.0,330.0,False,0.9214102837058582,0.9741218179918376,0.8259731889582005,33.1236572265625,0.8181818181818182,EngineeringROI_NoDiversity_B10,JILONG_EI_0089
syabrubesi_signal_loss,660.0,950.0,290.0,False,2.71071532504342,3.601733316715772,5.325185040617956,63.5308837890625,0.6,EngineeringROI_NoDiversity_B10,JILONG_EI_0089
gyirong_cctv_arrival,10.0,380.0,370.0,False,0.947857803812291,0.9769337748391717,0.9525602794828868,8.2919921875,0.6666666666666666,EngineeringROI_NoDiversity_B10,JILONG_EI_0099
rasuwagadhi_signal_loss,10.0,400.0,390.0,False,0.9044982684831544,0.9878412119782062,0.912654254654851,33.3800048828125,0.7777777777777778,EngineeringROI_NoDiversity_B10,JILONG_EI_0099
syabrubesi_signal_loss,130.0,1080.0,950.0,False,1.3409808355434327,2.222120906689097,8.573852852331052,312.1944580078125,0.6,EngineeringROI_NoDiversity_B10,JILONG_EI_0099
gyirong_cctv_arrival,10.0,400.0,390.0,False,0.9491461585107528,0.9808890526171464,0.8040416107892617,1.7515869140625,0.8571428571428571,EngineeringROI_NoDiversity_B10,JILONG_EI_0109
rasuwagadhi_signal_loss,40.0,430.0,390.0,False,0.9536913484731436,0.9903794006798756,0.8805684472071276,35.9111328125,0.7777777777777778,EngineeringROI_NoDiversity_B10,JILONG_EI_0109
syabrubesi_signal_loss,1080.0,1190.0,110.0,False,0.9258110379639796,2.0836441148075355,2.529346394089033,12.37109375,0.5,EngineeringROI_NoDiversity_B10,JILONG_EI_0109
gyirong_cctv_arrival,10.0,400.0,390.0,False,0.9004995158238158,0.8866719279506121,0.7477747411971052,5.489501953125,0.7272727272727273,EngineeringROI_NoDiversity_B10,JILONG_EI_0119
rasuwagadhi_signal_loss,10.0,430.0,420.0,False,0.6686585330909789,0.9528998971539048,0.8584361023624173,30.81298828125,0.7777777777777778,EngineeringROI_NoDiversity_B10,JILONG_EI_0119
syabrubesi_signal_loss,70.0,1240.0,1170.0,False,2.8134996160746453,6.050458212537147,10.297530411073826,284.42919921875,0.5,EngineeringROI_NoDiversity_B10,JILONG_EI_0119
gyirong_cctv_arrival,10.0,350.0,340.0,False,0.955603055775103,0.9842078164091504,0.9584734991494224,0.0,0.6666666666666666,EngineeringROI_NoDiversity_B10,JILONG_EI_0129
rasuwagadhi_signal_loss,40.0,380.0,340.0,False,0.9578366359914112,0.9944377003690444,0.9210651670372544,34.896728515625,0.8,EngineeringROI_NoDiversity_B10,JILONG_EI_0129
syabrubesi_signal_loss,840.0,950.0,110.0,False,4.391402515020907,5.757308419313024,8.444092552728328,337.6285400390625,0.6,EngineeringROI_NoDiversity_B10,JILONG_EI_0129
gyirong_cctv_arrival,10.0,380.0,370.0,False,0.95432971129589,0.9776403695483136,0.921839351664481,0.33056640625,0.6666666666666666,EngineeringROI_NoDiversity_B10,JILONG_EI_0139
rasuwagadhi_signal_loss,10.0,400.0,390.0,False,0.7295858814895692,0.985472394473852,0.8948847257173979,32.1611328125,0.7777777777777778,EngineeringROI_NoDiversity_B10,JILONG_EI_0139
syabrubesi_signal_loss,260.0,1100.0,840.0,False,4.272079232661737,6.298951582251648,10.679313858695652,380.9677734375,0.6,EngineeringROI_NoDiversity_B10,JILONG_EI_0139
gyirong_cctv_arrival,10.0,380.0,370.0,False,0.8963330585221267,0.8832833287312576,33.64768515585403,1067.7542724609375,0.7857142857142857,EngineeringROI_NoDiversity_B10,JILONG_EI_0149
rasuwagadhi_signal_loss,10.0,410.0,400.0,False,0.6974150634375411,0.6295435795996284,4.329597069899577,192.590576171875,0.7777777777777778,EngineeringROI_NoDiversity_B10,JILONG_EI_0149
syabrubesi_signal_loss,310.0,1120.0,810.0,False,4.931575913254023,6.911739964324033,14.772829825852964,563.8660888671875,0.6,EngineeringROI_NoDiversity_B10,JILONG_EI_0149
gyirong_cctv_arrival,10.0,390.0,380.0,False,0.9518181802471758,0.985339368026789,0.957039003517002,0.0,0.6666666666666666,EngineeringROI_NoDiversity_B10,JILONG_EI_0159
rasuwagadhi_signal_loss,10.0,420.0,410.0,False,0.8445672295229297,0.9834844515371044,0.8956487070680306,32.253662109375,0.7777777777777778,EngineeringROI_NoDiversity_B10,JILONG_EI_0159
syabrubesi_signal_loss,760.0,1150.0,390.0,False,2.091589560080028,3.9205043445430703,5.474675766182497,176.07666015625,0.5,EngineeringROI_NoDiversity_B10,JILONG_EI_0159
gyirong_cctv_arrival,10.0,390.0,380.0,False,0.9532373028894642,0.982532922440168,0.8930993508520112,5.075927734375,0.8636363636363636,EngineeringROI_NoDiversity_B10,JILONG_EI_0169
rasuwagadhi_signal_loss,40.0,420.0,380.0,False,0.9160672881178078,0.9677074980245864,0.7620400016406773,34.5108642578125,0.7777777777777778,EngineeringROI_NoDiversity_B10,JILONG_EI_0169
syabrubesi_signal_loss,710.0,1120.0,410.0,False,1.5234083624705332,2.4041079053678587,4.425059511750405,50.7659912109375,0.6,EngineeringROI_NoDiversity_B10,JILONG_EI_0169
gyirong_cctv_arrival,10.0,380.0,370.0,False,0.949627535016784,0.9828888219074652,0.8565005485154199,2.6309814453125,0.75,EngineeringROI_NoDiversity_B10,JILONG_EI_0179
rasuwagadhi_signal_loss,30.0,410.0,380.0,False,0.9285355307965478,0.991567669580782,0.921566516485609,34.5743408203125,0.7777777777777778,EngineeringROI_NoDiversity_B10,JILONG_EI_0179
syabrubesi_signal_loss,460.0,1110.0,650.0,False,2.285193431037971,3.4135330388748946,5.14991636533995,42.9658203125,0.6,EngineeringROI_NoDiversity_B10,JILONG_EI_0179
gyirong_cctv_arrival,10.0,410.0,400.0,False,0.9500461318372884,0.9800803773110588,0.811805330201459,2.6988525390625,0.8636363636363636,EngineeringROI_NoDiversity_B10,JILONG_EI_0189
rasuwagadhi_signal_loss,40.0,440.0,400.0,False,0.9102602499548956,0.9904432156594472,0.9074548139871016,35.446044921875,0.7777777777777778,EngineeringROI_NoDiversity_B10,JILONG_EI_0189
syabrubesi_signal_loss,780.0,1250.0,470.0,False,3.6691708498414366,7.192981695800798,6.803421907739654,45.7950439453125,0.5,EngineeringROI_NoDiversity_B10,JILONG_EI_0189
gyirong_cctv_arrival,10.0,390.0,380.0,False,0.9945616861266924,0.9999379121510106,0.9423004447089302,0.2333984375,0.6666666666666666,EngineeringROI_NoDiversity_B10,JILONG_EI_0199
rasuwagadhi_signal_loss,10.0,420.0,410.0,False,0.737715443746422,0.9902522548588952,0.9205486494610567,31.600341796875,0.7777777777777778,EngineeringROI_NoDiversity_B10,JILONG_EI_0199
syabrubesi_signal_loss,1190.0,1170.0,20.0,False,2.328555533052361,4.341504135609422,3.8014922560307016,6.637451171875,0.5,EngineeringROI_NoDiversity_B10,JILONG_EI_0199
gyirong_cctv_arrival,10.0,370.0,360.0,False,0.9033265631436614,0.9650238018749804,0.9620121951219512,2.869873046875,0.7857142857142857,FrontOnly_B10,JILONG_EI_0009
rasuwagadhi_signal_loss,40.0,400.0,360.0,False,0.9530990779896488,0.9973454458453932,0.9423927842069436,37.407958984375,0.8,FrontOnly_B10,JILONG_EI_0009
syabrubesi_signal_loss,420.0,1060.0,640.0,False,0.2229284210895743,0.822821451206742,0.9259357598886327,32.52734375,0.6,FrontOnly_B10,JILONG_EI_0009
gyirong_cctv_arrival,10.0,400.0,390.0,False,0.9396093372959636,0.9738964668140792,0.9464475234349568,4.2635498046875,0.8235294117647058,FrontOnly_B10,JILONG_EI_0019
rasuwagadhi_signal_loss,40.0,430.0,390.0,False,0.9537736642312838,0.9940865563839896,0.9031740861131966,34.849365234375,0.7777777777777778,FrontOnly_B10,JILONG_EI_0019
syabrubesi_signal_loss,640.0,1170.0,530.0,False,0.4414645415020093,0.8728761825537987,0.9177230046948356,25.2041015625,0.6,FrontOnly_B10,JILONG_EI_0019
gyirong_cctv_arrival,10.0,360.0,350.0,False,0.940565839678834,0.9723658753752384,0.9589132424646736,0.0,0.6666666666666666,FrontOnly_B10,JILONG_EI_0029
rasuwagadhi_signal_loss,10.0,390.0,380.0,False,0.945245375461922,0.9955144664474684,0.9232205191356044,33.869873046875,0.7777777777777778,FrontOnly_B10,JILONG_EI_0029
syabrubesi_signal_loss,340.0,1010.0,670.0,False,0.1456475220990886,0.7619532634855896,0.9289910858995136,30.61328125,0.2,FrontOnly_B10,JILONG_EI_0029
gyirong_cctv_arrival,10.0,380.0,370.0,False,0.9418329014230572,0.9689327634135696,0.9574918122270742,0.0,0.6666666666666666,FrontOnly_B10,JILONG_EI_0039
rasuwagadhi_signal_loss,10.0,400.0,390.0,False,0.8727049041608331,0.9931618353116966,0.9142004307888284,30.664794921875,0.7777777777777778,FrontOnly_B10,JILONG_EI_0039
syabrubesi_signal_loss,130.0,1100.0,970.0,False,0.1877197118629514,0.695302384741584,0.7969201025660145,25.4288330078125,0.6,FrontOnly_B10,JILONG_EI_0039
gyirong_cctv_arrival,10.0,350.0,340.0,False,0.9065322227263504,0.9698377471829384,0.9578742133246528,7.8526611328125,0.6666666666666666,FrontOnly_B10,JILONG_EI_0049
rasuwagadhi_signal_loss,50.0,380.0,330.0,False,0.9401076265309944,0.9975173999740417,0.9425881953867028,35.3316650390625,0.8181818181818182,FrontOnly_B10,JILONG_EI_0049
syabrubesi_signal_loss,340.0,940.0,600.0,False,0.492363318381367,0.8778384422915034,0.9335166919575114,33.26953125,0.6,FrontOnly_B10,JILONG_EI_0049
gyirong_cctv_arrival,10.0,380.0,370.0,False,0.9422890805558722,0.9740414715554804,0.9429338420340038,0.0,0.6666666666666666,FrontOnly_B10,JILONG_EI_0059
rasuwagadhi_signal_loss,10.0,410.0,400.0,False,0.9449814523241497,0.993653527522595,0.901414925385662,33.369873046875,0.7777777777777778,FrontOnly_B10,JILONG_EI_0059
syabrubesi_signal_loss,420.0,1100.0,680.0,False,0.3428711925436659,0.8477552365014316,0.9154697717211556,27.987060546875,0.6,FrontOnly_B10,JILONG_EI_0059
gyirong_cctv_arrival,10.0,360.0,350.0,False,0.9038757616998392,0.9716555633228324,0.9578602231782058,7.845458984375,0.6666666666666666,FrontOnly_B10,JILONG_EI_0069
rasuwagadhi_signal_loss,50.0,380.0,330.0,False,0.9334950464052506,0.9972343204516216,0.94102787456446,34.803466796875,0.8,FrontOnly_B10,JILONG_EI_0069
syabrubesi_signal_loss,780.0,960.0,180.0,False,0.7068405939479878,0.9452956279062412,0.9321262587141752,32.39453125,0.6,FrontOnly_B10,JILONG_EI_0069
gyirong_cctv_arrival,10.0,380.0,370.0,False,0.9408462115857256,0.975039262831398,0.9523529614557452,8.1832275390625,0.6666666666666666,FrontOnly_B10,JILONG_EI_0079
rasuwagadhi_signal_loss,10.0,410.0,400.0,False,0.945285176300819,0.9945592396444228,0.9138517335677184,32.179443359375,0.7777777777777778,FrontOnly_B10,JILONG_EI_0079
syabrubesi_signal_loss,520.0,1100.0,580.0,False,0.4736603516776108,0.9073890704698642,0.9228653169014084,27.59765625,0.6,FrontOnly_B10,JILONG_EI_0079
gyirong_cctv_arrival,10.0,360.0,350.0,False,0.9055497025033296,0.9654621281574288,0.9591189307728032,7.8189697265625,0.7,FrontOnly_B10,JILONG_EI_0089
rasuwagadhi_signal_loss,40.0,380.0,340.0,False,0.9419640730663472,0.9972118238553528,0.9424319727891156,36.489501953125,0.8181818181818182,FrontOnly_B10,JILONG_EI_0089
syabrubesi_signal_loss,330.0,950.0,620.0,False,0.1358614448455693,0.7960927097347217,0.9341660405709992,33.64453125,0.6,FrontOnly_B10,JILONG_EI_0089
gyirong_cctv_arrival,10.0,380.0,370.0,False,0.9425331631522396,0.9727862736832488,0.9499862711265604,0.0,0.6666666666666666,FrontOnly_B10,JILONG_EI_0099
rasuwagadhi_signal_loss,10.0,400.0,390.0,False,0.9335935580296328,0.993012452884726,0.9127302020677238,33.3824462890625,0.7777777777777778,FrontOnly_B10,JILONG_EI_0099
syabrubesi_signal_loss,140.0,1080.0,940.0,False,0.0751218992317191,0.7590357533220705,0.8028321539468496,28.0460205078125,0.6,FrontOnly_B10,JILONG_EI_0099
gyirong_cctv_arrival,10.0,400.0,390.0,False,0.93956325235088,0.9758716987726886,0.9374169305486644,2.28662109375,0.8571428571428571,FrontOnly_B10,JILONG_EI_0109
rasuwagadhi_signal_loss,40.0,430.0,390.0,False,0.9580251532228162,0.992885739277602,0.88218423360834,35.9111328125,0.7777777777777778,FrontOnly_B10,JILONG_EI_0109
syabrubesi_signal_loss,810.0,1190.0,380.0,False,0.603293221002807,0.9158997574953428,0.9173349056603772,25.2005615234375,0.5,FrontOnly_B10,JILONG_EI_0109
gyirong_cctv_arrival,10.0,400.0,390.0,False,0.9413506992062592,0.9683190409693008,0.9377085742464146,0.3759765625,0.7272727272727273,FrontOnly_B10,JILONG_EI_0119
rasuwagadhi_signal_loss,10.0,430.0,420.0,False,0.822873823266445,0.988586573910498,0.8864471531968923,30.990234375,0.7777777777777778,FrontOnly_B10,JILONG_EI_0119
syabrubesi_signal_loss,140.0,1240.0,1100.0,False,0.3838719508866674,0.6276132092101359,0.7179129342371452,20.1370849609375,0.5,FrontOnly_B10,JILONG_EI_0119
gyirong_cctv_arrival,10.0,350.0,340.0,False,0.901103343113708,0.9604886509645572,0.9615811544153922,0.0,0.6666666666666666,FrontOnly_B10,JILONG_EI_0129
rasuwagadhi_signal_loss,40.0,380.0,340.0,False,0.9530675420756204,0.9972151815204066,0.9412734212352531,34.9005126953125,0.8,FrontOnly_B10,JILONG_EI_0129
syabrubesi_signal_loss,330.0,950.0,620.0,False,0.1888856525611019,0.7141512888933498,0.9321787925696594,32.42578125,0.8,FrontOnly_B10,JILONG_EI_0129
gyirong_cctv_arrival,10.0,380.0,370.0,False,0.940155354973355,0.9716439645842134,0.9574220885729908,0.0,0.6666666666666666,FrontOnly_B10,JILONG_EI_0139
rasuwagadhi_signal_loss,10.0,400.0,390.0,False,0.9219180874707746,0.9951410445511316,0.9222408118614784,32.255615234375,0.7777777777777778,FrontOnly_B10,JILONG_EI_0139
syabrubesi_signal_loss,250.0,1100.0,850.0,False,0.0196593308832159,0.7525359883557368,0.8867371932319973,27.39892578125,0.6,FrontOnly_B10,JILONG_EI_0139
gyirong_cctv_arrival,10.0,380.0,370.0,False,0.9424612773732738,0.9731099545392546,0.953432708601026,2.9166259765625,0.7857142857142857,FrontOnly_B10,JILONG_EI_0149
rasuwagadhi_signal_loss,10.0,410.0,400.0,False,0.9444052248175944,0.9950049146867308,0.9122138692091014,35.933349609375,0.7777777777777778,FrontOnly_B10,JILONG_EI_0149
syabrubesi_signal_loss,380.0,1120.0,740.0,False,0.0279314115307204,0.7800041469945374,0.9288180341186028,30.45703125,0.6,FrontOnly_B10,JILONG_EI_0149
gyirong_cctv_arrival,10.0,390.0,380.0,False,0.9401035104443622,0.971484158703712,0.9469619966122178,0.0,0.6666666666666666,FrontOnly_B10,JILONG_EI_0159
rasuwagadhi_signal_loss,10.0,420.0,410.0,False,0.932352717611062,0.9917621821919548,0.8961227499091744,32.253662109375,0.7777777777777778,FrontOnly_B10,JILONG_EI_0159
syabrubesi_signal_loss,460.0,1150.0,690.0,False,0.2575902055720465,0.844085481778735,0.9155014464802316,24.56640625,0.5,FrontOnly_B10,JILONG_EI_0159
gyirong_cctv_arrival,10.0,390.0,380.0,False,0.9431901998037752,0.9769616998513238,0.9391684890320092,6.8408203125,0.8636363636363636,FrontOnly_B10,JILONG_EI_0169
rasuwagadhi_signal_loss,40.0,420.0,380.0,False,0.9456653581492028,0.9944151669601506,0.8918495025021963,37.9805908203125,0.7777777777777778,FrontOnly_B10,JILONG_EI_0169
syabrubesi_signal_loss,620.0,1120.0,500.0,False,0.5004823191949124,0.8745329231397122,0.9289910858995136,30.58203125,0.6,FrontOnly_B10,JILONG_EI_0169
gyirong_cctv_arrival,10.0,380.0,370.0,False,0.942689451037804,0.9764435475418548,0.9339198635631972,8.36474609375,0.75,FrontOnly_B10,JILONG_EI_0179
rasuwagadhi_signal_loss,30.0,410.0,380.0,False,0.9527903196667652,0.9937682585553556,0.8970130693245904,34.486083984375,0.7777777777777778,FrontOnly_B10,JILONG_EI_0179
syabrubesi_signal_loss,400.0,1110.0,710.0,False,0.4429678625849904,0.8762594851395089,0.904795337367702,28.727783203125,0.6,FrontOnly_B10,JILONG_EI_0179
gyirong_cctv_arrival,10.0,410.0,400.0,False,0.938960335933128,0.9728909381161124,0.94578921079142,7.1322021484375,0.8636363636363636,FrontOnly_B10,JILONG_EI_0189
rasuwagadhi_signal_loss,40.0,440.0,400.0,False,0.943514884149681,0.993311066480502,0.908097824140152,35.446044921875,0.7777777777777778,FrontOnly_B10,JILONG_EI_0189
syabrubesi_signal_loss,500.0,1250.0,750.0,False,0.141169507704472,0.8075455656071966,0.9081980094290204,22.4195556640625,0.5,FrontOnly_B10,JILONG_EI_0189
gyirong_cctv_arrival,10.0,390.0,380.0,False,0.9450276786436748,0.9659832784458698,0.9567361111111112,0.0,0.6666666666666666,FrontOnly_B10,JILONG_EI_0199
rasuwagadhi_signal_loss,10.0,420.0,410.0,False,0.9366284829097395,0.9943559884416604,0.921529814670903,31.600341796875,0.7777777777777778,FrontOnly_B10,JILONG_EI_0199
syabrubesi_signal_loss,560.0,1170.0,610.0,False,0.2251110638048928,0.8751435174570281,0.9145955165692008,24.1790771484375,0.5,FrontOnly_B10,JILONG_EI_0199
gyirong_cctv_arrival,10.0,370.0,360.0,False,0.9030283623878212,0.9649962066346076,0.9620121951219512,2.869873046875,0.7857142857142857,FrozenGlobal,JILONG_EI_0009
rasuwagadhi_signal_loss,40.0,400.0,360.0,False,0.955010477308324,0.9973074965072766,0.9423927842069436,37.407958984375,0.8,FrozenGlobal,JILONG_EI_0009
syabrubesi_signal_loss,380.0,1060.0,680.0,False,0.2335850011770287,0.8273403558058765,0.932699692780338,32.70703125,0.6,FrozenGlobal,JILONG_EI_0009
gyirong_cctv_arrival,10.0,400.0,390.0,False,0.8936085038355589,0.9617689243036917,0.957269303003947,3.69873046875,0.8235294117647058,FrozenGlobal,JILONG_EI_0019
rasuwagadhi_signal_loss,50.0,430.0,380.0,False,0.9593615491524068,0.9966916248684662,0.9388547687861272,34.849365234375,0.7777777777777778,FrozenGlobal,JILONG_EI_0019
syabrubesi_signal_loss,390.0,1170.0,780.0,False,0.3466587197782324,0.8354589282392129,0.9177230046948356,25.2041015625,0.6,FrozenGlobal,JILONG_EI_0019
gyirong_cctv_arrival,10.0,360.0,350.0,False,0.8975646196069885,0.9574123108876345,0.9596293416277863,0.0,0.6666666666666666,FrozenGlobal,JILONG_EI_0029
rasuwagadhi_signal_loss,10.0,390.0,380.0,False,0.9483203294423516,0.9962247113752866,0.9387219406227372,33.869873046875,0.7777777777777778,FrozenGlobal,JILONG_EI_0029
syabrubesi_signal_loss,300.0,1010.0,710.0,False,0.139923782438122,0.7250724953012977,0.9289910858995136,30.61328125,0.6,FrozenGlobal,JILONG_EI_0029
gyirong_cctv_arrival,10.0,380.0,370.0,False,0.8967027748013594,0.9519025237919488,0.9574918122270742,0.0,0.6666666666666666,FrozenGlobal,JILONG_EI_0039
rasuwagadhi_signal_loss,10.0,400.0,390.0,False,0.8806272862676316,0.9940260037709004,0.9332610410094636,30.664794921875,0.7777777777777778,FrozenGlobal,JILONG_EI_0039
syabrubesi_signal_loss,250.0,1100.0,850.0,False,0.0281275891237113,0.8000480597760096,0.9193882244710212,26.08203125,0.6,FrozenGlobal,JILONG_EI_0039
gyirong_cctv_arrival,10.0,350.0,340.0,False,0.9060608039707948,0.9694638693648858,0.9579162192229488,7.8585205078125,0.6666666666666666,FrozenGlobal,JILONG_EI_0049
rasuwagadhi_signal_loss,50.0,380.0,330.0,False,0.942930308120736,0.9975324891601052,0.9425881953867028,35.3316650390625,0.8181818181818182,FrozenGlobal,JILONG_EI_0049
syabrubesi_signal_loss,340.0,940.0,600.0,False,0.4604171282119791,0.8690082671795103,0.9335166919575114,33.26953125,0.6,FrozenGlobal,JILONG_EI_0049
gyirong_cctv_arrival,10.0,380.0,370.0,False,0.8960999372734504,0.9608206649251494,0.9582052684017012,7.76611328125,0.6666666666666666,FrozenGlobal,JILONG_EI_0059
rasuwagadhi_signal_loss,10.0,410.0,400.0,False,0.9503798518298044,0.9961665536104204,0.936752615844544,33.369873046875,0.7777777777777778,FrozenGlobal,JILONG_EI_0059
syabrubesi_signal_loss,320.0,1100.0,780.0,False,0.3413125217783608,0.8522503073097362,0.924526270456503,28.34765625,0.6,FrozenGlobal,JILONG_EI_0059
gyirong_cctv_arrival,10.0,360.0,350.0,False,0.9036766809215596,0.9717445927728904,0.9578466406009468,7.8489990234375,0.6666666666666666,FrozenGlobal,JILONG_EI_0069
rasuwagadhi_signal_loss,50.0,380.0,330.0,False,0.9358652221647314,0.9972084364917638,0.94102787456446,34.803466796875,0.8,FrozenGlobal,JILONG_EI_0069
syabrubesi_signal_loss,410.0,960.0,550.0,False,0.5793361193988978,0.906391479478466,0.9321262587141752,32.39453125,0.6,FrozenGlobal,JILONG_EI_0069
gyirong_cctv_arrival,10.0,380.0,370.0,False,0.8945912858997398,0.9633555420465224,0.9561759639320658,7.8028564453125,0.6666666666666666,FrozenGlobal,JILONG_EI_0079
rasuwagadhi_signal_loss,10.0,410.0,400.0,False,0.9505997000356718,0.9963016171173644,0.9348035439137136,32.179443359375,0.7777777777777778,FrozenGlobal,JILONG_EI_0079
syabrubesi_signal_loss,310.0,1100.0,790.0,False,0.440602096097245,0.8887244618715193,0.9228653169014084,27.59765625,0.6,FrozenGlobal,JILONG_EI_0079
gyirong_cctv_arrival,10.0,360.0,350.0,False,0.9052690425930348,0.9651898972146546,0.9592209373854128,7.8189697265625,0.7,FrozenGlobal,JILONG_EI_0089
rasuwagadhi_signal_loss,40.0,380.0,340.0,False,0.9436694351809032,0.9972232208324576,0.9424319727891156,36.489501953125,0.8181818181818182,FrozenGlobal,JILONG_EI_0089
syabrubesi_signal_loss,340.0,950.0,610.0,False,0.1037016222080648,0.7845138944650221,0.9341660405709992,33.64453125,0.6,FrozenGlobal,JILONG_EI_0089
gyirong_cctv_arrival,10.0,380.0,370.0,False,0.896622025138832,0.9566008679279872,0.9587962962962964,0.0,0.6666666666666666,FrozenGlobal,JILONG_EI_0099
rasuwagadhi_signal_loss,10.0,400.0,390.0,False,0.9376646004864104,0.9949343271747232,0.93698808637379,33.4874267578125,0.7777777777777778,FrozenGlobal,JILONG_EI_0099
syabrubesi_signal_loss,260.0,1080.0,820.0,False,0.2545277404595154,0.8178562916682511,0.925042771599658,28.59765625,0.6,FrozenGlobal,JILONG_EI_0099
gyirong_cctv_arrival,10.0,400.0,390.0,False,0.8924698122355702,0.964837512105896,0.9521606977503476,1.578857421875,0.8571428571428571,FrozenGlobal,JILONG_EI_0109
rasuwagadhi_signal_loss,50.0,430.0,380.0,False,0.9663298546801704,0.9970729983849757,0.9403629316420014,35.9111328125,0.7777777777777778,FrozenGlobal,JILONG_EI_0109
syabrubesi_signal_loss,410.0,1190.0,780.0,False,0.4044901421077889,0.8574655414934513,0.9173349056603772,25.2005615234375,0.5,FrozenGlobal,JILONG_EI_0109
gyirong_cctv_arrival,10.0,400.0,390.0,False,0.8931737159082913,0.9509505121423204,0.9558781869688384,0.3759765625,0.7272727272727273,FrozenGlobal,JILONG_EI_0119
rasuwagadhi_signal_loss,10.0,430.0,420.0,False,0.8296726013613545,0.9930029182134132,0.93315560821485,31.237060546875,0.7777777777777778,FrozenGlobal,JILONG_EI_0119
syabrubesi_signal_loss,260.0,1240.0,980.0,False,0.1763706681028992,0.8178826769354358,0.9019854586129754,20.9500732421875,0.5,FrozenGlobal,JILONG_EI_0119
gyirong_cctv_arrival,10.0,350.0,340.0,False,0.9010473862226572,0.9604569923461408,0.9615811544153922,0.0,0.6666666666666666,FrozenGlobal,JILONG_EI_0129
rasuwagadhi_signal_loss,40.0,380.0,340.0,False,0.9517261891833064,0.9971986432613676,0.9412734212352531,34.9005126953125,0.8,FrozenGlobal,JILONG_EI_0129
syabrubesi_signal_loss,330.0,950.0,620.0,False,0.2558385258654581,0.6825685817932796,0.9321787925696594,32.42578125,0.8,FrozenGlobal,JILONG_EI_0129
gyirong_cctv_arrival,10.0,380.0,370.0,False,0.8932497028627666,0.9553551932263372,0.9574220885729908,0.0,0.6666666666666666,FrozenGlobal,JILONG_EI_0139
rasuwagadhi_signal_loss,10.0,400.0,390.0,False,0.928060261936473,0.9953517817782244,0.934903846153846,32.255615234375,0.7777777777777778,FrozenGlobal,JILONG_EI_0139
syabrubesi_signal_loss,290.0,1100.0,810.0,False,0.0635856282933432,0.808126558671143,0.923804347826087,28.01953125,0.6,FrozenGlobal,JILONG_EI_0139
gyirong_cctv_arrival,10.0,380.0,370.0,False,0.8989951816242738,0.9586145534267722,0.9605296502787634,2.9166259765625,0.7857142857142857,FrozenGlobal,JILONG_EI_0149
rasuwagadhi_signal_loss,10.0,410.0,400.0,False,0.949405761075098,0.9965820183454532,0.9403629316420014,35.957763671875,0.7777777777777778,FrozenGlobal,JILONG_EI_0149
syabrubesi_signal_loss,360.0,1120.0,760.0,False,0.0604142954136987,0.8029111310948244,0.9288180341186028,30.45703125,0.6,FrozenGlobal,JILONG_EI_0149
gyirong_cctv_arrival,10.0,390.0,380.0,False,0.8934323543661713,0.958081928767306,0.9577684381778742,0.0,0.6666666666666666,FrozenGlobal,JILONG_EI_0159
rasuwagadhi_signal_loss,10.0,420.0,410.0,False,0.9392220951495608,0.9952933566360364,0.9349538816295158,32.253662109375,0.7777777777777778,FrozenGlobal,JILONG_EI_0159
syabrubesi_signal_loss,300.0,1150.0,850.0,False,0.2344873625284686,0.8306557614564236,0.9155014464802316,24.56640625,0.5,FrozenGlobal,JILONG_EI_0159
gyirong_cctv_arrival,10.0,390.0,380.0,False,0.9000077203911334,0.964649482385346,0.956904527891718,6.8408203125,0.8636363636363636,FrozenGlobal,JILONG_EI_0169
rasuwagadhi_signal_loss,50.0,420.0,370.0,False,0.9485370170398056,0.9974620505358126,0.9433567603748326,38.207275390625,0.7777777777777778,FrozenGlobal,JILONG_EI_0169
syabrubesi_signal_loss,410.0,1120.0,710.0,False,0.4207114232975126,0.8414990655262855,0.9289910858995136,30.58203125,0.6,FrozenGlobal,JILONG_EI_0169
gyirong_cctv_arrival,10.0,380.0,370.0,False,0.8953359614360494,0.9637499206914236,0.9545950141165824,7.477294921875,0.75,FrozenGlobal,JILONG_EI_0179
rasuwagadhi_signal_loss,40.0,410.0,370.0,False,0.9568525193339564,0.9964238115039816,0.9385439360929556,34.583251953125,0.7777777777777778,FrozenGlobal,JILONG_EI_0179
syabrubesi_signal_loss,320.0,1110.0,790.0,False,0.4668876413404144,0.8797253004093063,0.9259923986486488,29.05078125,0.6,FrozenGlobal,JILONG_EI_0179
gyirong_cctv_arrival,10.0,410.0,400.0,False,0.8913614811631391,0.9592614232952222,0.958378505509339,7.1322021484375,0.8636363636363636,FrozenGlobal,JILONG_EI_0189
rasuwagadhi_signal_loss,50.0,440.0,390.0,False,0.9489702813556732,0.995834890834382,0.9397257834757836,35.446044921875,0.7777777777777778,FrozenGlobal,JILONG_EI_0189
syabrubesi_signal_loss,390.0,1250.0,860.0,False,0.1611564746846405,0.802150310012672,0.9081980094290204,22.4195556640625,0.5,FrozenGlobal,JILONG_EI_0189
gyirong_cctv_arrival,10.0,390.0,380.0,False,0.8934221332101273,0.9613712782811604,0.9567361111111112,0.0,0.6666666666666666,FrozenGlobal,JILONG_EI_0199
rasuwagadhi_signal_loss,10.0,420.0,410.0,False,0.9450144701123416,0.9962533369872876,0.933783255086072,31.600341796875,0.7777777777777778,FrozenGlobal,JILONG_EI_0199
syabrubesi_signal_loss,360.0,1170.0,810.0,False,0.2552571590463008,0.8567370684067489,0.9145955165692008,24.1790771484375,0.5,FrozenGlobal,JILONG_EI_0199
gyirong_cctv_arrival,10.0,370.0,360.0,False,0.8672594792781351,0.917085893156296,0.1069479444550304,2.869873046875,0.7857142857142857,RandomAll_B05,JILONG_EI_0009
rasuwagadhi_signal_loss,40.0,400.0,360.0,False,0.917843700197482,0.9407351040033016,0.0314075529697072,16.722412109375,0.8,RandomAll_B05,JILONG_EI_0009
syabrubesi_signal_loss,420.0,1060.0,640.0,False,0.4644831155140338,0.7737256794089797,0.76156738093738,28.73193359375,0.6,RandomAll_B05,JILONG_EI_0009
gyirong_cctv_arrival,10.0,400.0,390.0,False,0.8764753779409934,0.9231386051196058,0.009347661336263,4.1278076171875,0.8235294117647058,RandomAll_B05,JILONG_EI_0019
rasuwagadhi_signal_loss,50.0,430.0,380.0,False,0.8844017581577422,0.9291328666899736,0.3235397779872652,19.2537841796875,0.7777777777777778,RandomAll_B05,JILONG_EI_0019
syabrubesi_signal_loss,450.0,1170.0,720.0,False,0.7040147652920937,0.966633943510554,0.9177230046948356,25.2041015625,0.6,RandomAll_B05,JILONG_EI_0019
gyirong_cctv_arrival,10.0,360.0,350.0,False,0.8363416316380102,0.8906883116918862,0.1465212049232115,0.0,0.6666666666666666,RandomAll_B05,JILONG_EI_0029
rasuwagadhi_signal_loss,10.0,390.0,380.0,False,0.8586136270839462,0.9230755618558923,0.299404887338206,19.3193359375,0.7777777777777778,RandomAll_B05,JILONG_EI_0029
syabrubesi_signal_loss,290.0,1010.0,720.0,False,0.3808483354510304,0.2801162801480748,0.626166666732615,24.19873046875,0.6,RandomAll_B05,JILONG_EI_0029
gyirong_cctv_arrival,10.0,380.0,370.0,False,0.879781792591715,0.92656643671013,0.0214208078176173,0.0,0.6666666666666666,RandomAll_B05,JILONG_EI_0039
rasuwagadhi_signal_loss,10.0,400.0,390.0,False,0.8132101487021802,0.9058316267230776,0.3618664666305205,17.85595703125,0.7777777777777778,RandomAll_B05,JILONG_EI_0039
syabrubesi_signal_loss,270.0,1100.0,830.0,False,0.089045277458074,0.7094083505773753,0.7534405130142451,23.6531982421875,0.6,RandomAll_B05,JILONG_EI_0039
gyirong_cctv_arrival,10.0,350.0,340.0,False,0.8857189191584244,0.945171560217914,0.2715478279740338,0.0,0.6666666666666666,RandomAll_B05,JILONG_EI_0049
rasuwagadhi_signal_loss,50.0,380.0,330.0,False,0.931972164898207,0.9633324866565538,0.3531633270967605,21.2188720703125,0.8181818181818182,RandomAll_B05,JILONG_EI_0049
syabrubesi_signal_loss,480.0,940.0,460.0,False,0.6284900656464898,0.8846822119196889,0.8223994577781203,31.385498046875,0.6,RandomAll_B05,JILONG_EI_0049
gyirong_cctv_arrival,10.0,380.0,370.0,False,0.871235540240082,0.9349711678254028,0.205621098849543,0.0,0.6666666666666666,RandomAll_B05,JILONG_EI_0059
rasuwagadhi_signal_loss,10.0,410.0,400.0,False,0.8865322168599596,0.9581566641346196,0.3631390627189602,20.0692138671875,0.7777777777777778,RandomAll_B05,JILONG_EI_0059
syabrubesi_signal_loss,370.0,1100.0,730.0,False,0.3377027203570864,0.756295397601384,0.7638669141297911,25.300537109375,0.6,RandomAll_B05,JILONG_EI_0059
gyirong_cctv_arrival,10.0,360.0,350.0,False,0.9327896199692908,0.9712524103764026,0.3138399471790332,27.9234619140625,0.6666666666666666,RandomAll_B05,JILONG_EI_0069
rasuwagadhi_signal_loss,50.0,380.0,330.0,False,0.9262305052974962,0.967146730777563,0.579806507921385,24.4656982421875,0.8,RandomAll_B05,JILONG_EI_0069
syabrubesi_signal_loss,410.0,960.0,550.0,False,0.5986081082295334,0.8382567275397218,0.7732808698894994,28.62158203125,0.6,RandomAll_B05,JILONG_EI_0069
gyirong_cctv_arrival,10.0,380.0,370.0,False,0.8767309732750822,0.9378648840087614,0.3092831801961045,0.0,0.6666666666666666,RandomAll_B05,JILONG_EI_0079
rasuwagadhi_signal_loss,10.0,410.0,400.0,False,0.8980934570998694,0.9630941190626464,0.3774274405786547,18.56640625,0.7777777777777778,RandomAll_B05,JILONG_EI_0079
syabrubesi_signal_loss,370.0,1100.0,730.0,False,0.5247857808161872,0.805694081643939,0.7472569371612978,24.4261474609375,0.6,RandomAll_B05,JILONG_EI_0079
gyirong_cctv_arrival,10.0,360.0,350.0,False,0.931223694924331,0.968464039559072,0.3093340058893079,0.0,0.7,RandomAll_B05,JILONG_EI_0089
rasuwagadhi_signal_loss,40.0,380.0,340.0,False,0.9270736792491064,0.948880866012586,0.3054210014083758,20.0611572265625,0.8181818181818182,RandomAll_B05,JILONG_EI_0089
syabrubesi_signal_loss,370.0,950.0,580.0,False,0.5259017901100833,0.7936110485763167,0.7811446214958208,30.0565185546875,0.6,RandomAll_B05,JILONG_EI_0089
gyirong_cctv_arrival,10.0,380.0,370.0,False,0.8356971859833545,0.8920816198934324,0.1821361400462963,0.0,0.6666666666666666,RandomAll_B05,JILONG_EI_0099
rasuwagadhi_signal_loss,10.0,400.0,390.0,False,0.8242702142156633,0.8652429799608858,0.1128711373790022,14.9368896484375,0.7777777777777778,RandomAll_B05,JILONG_EI_0099
syabrubesi_signal_loss,260.0,1080.0,820.0,False,0.4005521984316628,0.7733206849980929,0.7986910569555643,26.4254150390625,0.6,RandomAll_B05,JILONG_EI_0099
gyirong_cctv_arrival,10.0,400.0,390.0,False,0.9254419695763404,0.9651920943000968,0.6788529292299746,6.3778076171875,0.8571428571428571,RandomAll_B05,JILONG_EI_0109
rasuwagadhi_signal_loss,50.0,430.0,380.0,False,0.9128975774025532,0.971057000373145,0.7875634395714962,33.119873046875,0.7777777777777778,RandomAll_B05,JILONG_EI_0109
syabrubesi_signal_loss,460.0,1190.0,730.0,False,0.5064909038432609,0.7136968451102916,0.6480774501584611,20.7684326171875,0.5,RandomAll_B05,JILONG_EI_0109
gyirong_cctv_arrival,10.0,400.0,390.0,False,0.9398918171095394,0.9703699745658024,0.7071732734485658,0.3759765625,0.7272727272727273,RandomAll_B05,JILONG_EI_0119
rasuwagadhi_signal_loss,10.0,430.0,420.0,False,0.7352348151590317,0.8837394822440715,0.5377987926416864,23.1112060546875,0.7777777777777778,RandomAll_B05,JILONG_EI_0119
syabrubesi_signal_loss,240.0,1240.0,1000.0,False,0.2643290586004738,0.3665055247224855,0.5909251441358186,16.710693359375,0.5,RandomAll_B05,JILONG_EI_0119
gyirong_cctv_arrival,10.0,350.0,340.0,False,0.932223881353168,0.9679029275128038,0.4492894508124692,0.0,0.6666666666666666,RandomAll_B05,JILONG_EI_0129
rasuwagadhi_signal_loss,30.0,380.0,350.0,False,0.8895433947068291,0.952061103498298,0.4114828010469075,21.4046630859375,0.8,RandomAll_B05,JILONG_EI_0129
syabrubesi_signal_loss,450.0,950.0,500.0,False,0.5515839299655664,0.7574551112587736,0.7085963151772325,25.9945068359375,0.6,RandomAll_B05,JILONG_EI_0129
gyirong_cctv_arrival,10.0,380.0,370.0,False,0.9220735428887552,0.9593525739383308,0.4295397341870557,0.0,0.6666666666666666,RandomAll_B05,JILONG_EI_0139
rasuwagadhi_signal_loss,10.0,400.0,390.0,False,0.833915279053601,0.8932923092713307,0.1447992412860577,16.552001953125,0.7777777777777778,RandomAll_B05,JILONG_EI_0139
syabrubesi_signal_loss,300.0,1100.0,800.0,False,0.3078729514707289,0.8488163115209936,0.8442729120669158,27.2276611328125,0.6,RandomAll_B05,JILONG_EI_0139
gyirong_cctv_arrival,10.0,380.0,370.0,False,0.8784391482720979,0.9284857978834888,0.5072370124116986,2.9166259765625,0.7857142857142857,RandomAll_B05,JILONG_EI_0149
rasuwagadhi_signal_loss,10.0,410.0,400.0,False,0.9046136675569862,0.9727295087549528,0.5392209161243613,27.8699951171875,0.7777777777777778,RandomAll_B05,JILONG_EI_0149
syabrubesi_signal_loss,360.0,1120.0,760.0,False,0.4702196183029951,0.8294919750669655,0.8607497536777772,29.5098876953125,0.6,RandomAll_B05,JILONG_EI_0149
gyirong_cctv_arrival,10.0,390.0,380.0,False,0.8708448383340549,0.9280819955615912,0.2993681073964547,0.0,0.6666666666666666,RandomAll_B05,JILONG_EI_0159
rasuwagadhi_signal_loss,10.0,420.0,410.0,False,0.8421272067991138,0.8983784910001275,0.2931259589228238,19.7186279296875,0.7777777777777778,RandomAll_B05,JILONG_EI_0159
syabrubesi_signal_loss,280.0,1150.0,870.0,False,0.2263297910620945,0.607524604979963,0.6536512972648716,19.585693359375,0.5,RandomAll_B05,JILONG_EI_0159
gyirong_cctv_arrival,10.0,390.0,380.0,False,0.9258158727972696,0.956973746533356,0.2960009717683787,6.8408203125,0.8636363636363636,RandomAll_B05,JILONG_EI_0169
rasuwagadhi_signal_loss,50.0,420.0,370.0,False,0.8985630301640307,0.9410798923850008,0.3677295036264851,23.9749755859375,0.7777777777777778,RandomAll_B05,JILONG_EI_0169
syabrubesi_signal_loss,410.0,1120.0,710.0,False,0.4002479414345668,0.8314035768982909,0.8276533748187741,29.2420654296875,0.6,RandomAll_B05,JILONG_EI_0169
gyirong_cctv_arrival,10.0,380.0,370.0,False,0.9320326328541596,0.9706929220995232,0.080948700992454,0.3828125,0.75,RandomAll_B05,JILONG_EI_0179
rasuwagadhi_signal_loss,40.0,410.0,370.0,False,0.9124958214565748,0.9548914786276448,0.2731315263735702,21.6939697265625,0.7777777777777778,RandomAll_B05,JILONG_EI_0179
syabrubesi_signal_loss,370.0,1110.0,740.0,False,0.5609696251098701,0.8578100622202384,0.7766616151139543,26.64892578125,0.6,RandomAll_B05,JILONG_EI_0179
gyirong_cctv_arrival,10.0,410.0,400.0,False,0.9418001516081164,0.9757013574384324,0.4467001336455098,7.1322021484375,0.8636363636363636,RandomAll_B05,JILONG_EI_0189
rasuwagadhi_signal_loss,10.0,440.0,430.0,False,0.8576379772883881,0.9236863659880394,0.3632139548277243,23.232421875,0.7777777777777778,RandomAll_B05,JILONG_EI_0189
syabrubesi_signal_loss,430.0,1250.0,820.0,False,0.1468877257380394,0.4731000258673254,0.568945427600347,17.5635986328125,0.5,RandomAll_B05,JILONG_EI_0189
gyirong_cctv_arrival,10.0,390.0,380.0,False,0.8574985270384993,0.9106973519497094,0.6167376030815972,0.0,0.6666666666666666,RandomAll_B05,JILONG_EI_0199
rasuwagadhi_signal_loss,10.0,420.0,410.0,False,0.8623084587156538,0.9271058720992892,0.1646425727760661,15.3487548828125,0.7777777777777778,RandomAll_B05,JILONG_EI_0199
syabrubesi_signal_loss,440.0,1170.0,730.0,False,0.374006850905062,0.7888966043438085,0.7812855592248036,21.6883544921875,0.5,RandomAll_B05,JILONG_EI_0199
gyirong_cctv_arrival,10.0,370.0,360.0,False,0.8795444365937944,0.9334063365668722,0.251738876714939,2.3924560546875,0.7857142857142857,RandomAll_B10,JILONG_EI_0009
rasuwagadhi_signal_loss,40.0,400.0,360.0,False,0.8880364580673364,0.890411308733188,0.2547142906526549,10.9859619140625,0.8,RandomAll_B10,JILONG_EI_0009
syabrubesi_signal_loss,450.0,1060.0,610.0,False,0.4606958474888563,0.6309587508879336,0.4915396460373464,23.5552978515625,0.6,RandomAll_B10,JILONG_EI_0009
gyirong_cctv_arrival,10.0,400.0,390.0,False,0.9297209563664672,0.95662026737117,0.5269556681315104,47.5289306640625,0.8235294117647058,RandomAll_B10,JILONG_EI_0019
rasuwagadhi_signal_loss,20.0,430.0,410.0,False,0.8702505589625892,0.8909038441143908,0.018449287194048,16.622802734375,0.7777777777777778,RandomAll_B10,JILONG_EI_0019
syabrubesi_signal_loss,510.0,1170.0,660.0,False,0.4453350937263292,0.6015469379702122,0.4568750229240023,16.935546875,0.6,RandomAll_B10,JILONG_EI_0019
gyirong_cctv_arrival,10.0,360.0,350.0,False,0.9342278404760638,0.9588790184893966,0.6885044064282011,0.0,0.6666666666666666,RandomAll_B10,JILONG_EI_0029
rasuwagadhi_signal_loss,10.0,390.0,380.0,False,0.8223512948148982,0.8414158276190177,0.3219522728944153,7.2630615234375,0.7777777777777778,RandomAll_B10,JILONG_EI_0029
syabrubesi_signal_loss,390.0,1010.0,620.0,False,0.4416217815806256,0.501273395178579,0.3942877029097447,16.3770751953125,0.6,RandomAll_B10,JILONG_EI_0029
gyirong_cctv_arrival,10.0,380.0,370.0,False,0.8596129228754603,0.9138350055529996,0.0019560568197325,0.0,0.6666666666666666,RandomAll_B10,JILONG_EI_0039
rasuwagadhi_signal_loss,10.0,400.0,390.0,False,0.7962091823614612,0.8668668252005601,0.1370660920248422,14.8624267578125,0.7777777777777778,RandomAll_B10,JILONG_EI_0039
syabrubesi_signal_loss,150.0,1100.0,950.0,False,0.484570351253647,0.659294446812532,0.142785318860683,8.60107421875,0.6,RandomAll_B10,JILONG_EI_0039
gyirong_cctv_arrival,10.0,350.0,340.0,False,0.9315560867611355,0.9687256008938956,0.1954484875075483,0.0,0.6666666666666666,RandomAll_B10,JILONG_EI_0049
rasuwagadhi_signal_loss,50.0,380.0,330.0,False,0.8992103201504714,0.907433600585368,0.0244037105399847,11.423583984375,0.8181818181818182,RandomAll_B10,JILONG_EI_0049
syabrubesi_signal_loss,430.0,940.0,510.0,False,0.4430978191846694,0.5568231583469408,0.462576974686433,20.7835693359375,0.6,RandomAll_B10,JILONG_EI_0049
gyirong_cctv_arrival,10.0,380.0,370.0,False,0.9158605410784442,0.9522065339880394,0.2845454522274804,0.0,0.6666666666666666,RandomAll_B10,JILONG_EI_0059
rasuwagadhi_signal_loss,10.0,410.0,400.0,False,0.8465533289451433,0.8762148601061189,0.1821138527361266,10.4666748046875,0.7777777777777778,RandomAll_B10,JILONG_EI_0059
syabrubesi_signal_loss,410.0,1100.0,690.0,False,0.0435979770606072,0.0584946811414415,0.2369535644951819,12.187744140625,0.6,RandomAll_B10,JILONG_EI_0059
gyirong_cctv_arrival,10.0,360.0,350.0,False,0.9367665740064498,0.963006822092554,0.3357650381003694,0.0,0.6666666666666666,RandomAll_B10,JILONG_EI_0069
rasuwagadhi_signal_loss,50.0,380.0,330.0,False,0.9052136593430844,0.9317442499942856,0.2445744637412892,12.6043701171875,0.8,RandomAll_B10,JILONG_EI_0069
syabrubesi_signal_loss,580.0,960.0,380.0,False,0.5122631099046813,0.5946433887276682,0.4153874971255325,16.1749267578125,0.6,RandomAll_B10,JILONG_EI_0069
gyirong_cctv_arrival,10.0,380.0,370.0,False,0.9359512973111556,0.966432914399892,0.4773975807930896,0.0,0.6666666666666666,RandomAll_B10,JILONG_EI_0079
rasuwagadhi_signal_loss,10.0,410.0,400.0,False,0.8786982296759529,0.925359960991021,0.0938642645837345,15.2191162109375,0.7777777777777778,RandomAll_B10,JILONG_EI_0079
syabrubesi_signal_loss,390.0,1100.0,710.0,False,0.3043386722015934,0.4543756180710977,0.4298355209995323,15.094970703125,0.6,RandomAll_B10,JILONG_EI_0079
gyirong_cctv_arrival,10.0,360.0,350.0,False,0.94330274757596,0.9699348977901104,0.0533226860894097,0.0,0.7,RandomAll_B10,JILONG_EI_0089
rasuwagadhi_signal_loss,20.0,380.0,360.0,False,0.9171338424564488,0.9401640820118032,0.0874613028805272,17.48876953125,0.8181818181818182,RandomAll_B10,JILONG_EI_0089
syabrubesi_signal_loss,330.0,950.0,620.0,False,0.0910723460354618,0.1372034516579219,0.3304682272345746,19.387451171875,0.6,RandomAll_B10,JILONG_EI_0089
gyirong_cctv_arrival,10.0,380.0,370.0,False,0.92690457198028,0.9462612847345034,1.3203251591435186,0.0,0.6666666666666666,RandomAll_B10,JILONG_EI_0099
rasuwagadhi_signal_loss,10.0,400.0,390.0,False,0.8056359984725271,0.8186159653986014,0.1369143533600149,9.2735595703125,0.7777777777777778,RandomAll_B10,JILONG_EI_0099
syabrubesi_signal_loss,290.0,1080.0,790.0,False,0.0901387947573865,0.2055492029402673,0.4398360435936163,18.25732421875,0.6,RandomAll_B10,JILONG_EI_0099
gyirong_cctv_arrival,10.0,400.0,390.0,False,0.9324167391203652,0.963467405363698,0.519116554081533,6.3778076171875,0.8571428571428571,RandomAll_B10,JILONG_EI_0109
rasuwagadhi_signal_loss,50.0,430.0,380.0,False,0.8655196484914138,0.8878241600555804,0.0264392769445912,14.48095703125,0.7777777777777778,RandomAll_B10,JILONG_EI_0109
syabrubesi_signal_loss,580.0,1190.0,610.0,False,0.4002356240309359,0.5629907982545255,0.4669098476193986,17.2928466796875,0.5,RandomAll_B10,JILONG_EI_0109
gyirong_cctv_arrival,10.0,400.0,390.0,False,0.8557997611136128,0.9091352934868168,0.5223580249645893,0.3759765625,0.7272727272727273,RandomAll_B10,JILONG_EI_0119
rasuwagadhi_signal_loss,10.0,430.0,420.0,False,0.6405360701615378,0.6362056561120991,0.3248155060537618,4.3951416015625,0.7777777777777778,RandomAll_B10,JILONG_EI_0119
syabrubesi_signal_loss,60.0,1240.0,1180.0,False,0.0876069441361315,0.3896214826696019,0.5222667036973924,16.5771484375,0.5,RandomAll_B10,JILONG_EI_0119
gyirong_cctv_arrival,10.0,350.0,340.0,False,0.9291079869433024,0.9583695641902302,0.6821799746392452,0.0,0.6666666666666666,RandomAll_B10,JILONG_EI_0129
rasuwagadhi_signal_loss,40.0,380.0,340.0,False,0.8641774826477715,0.8929764286418966,0.0858346593619882,12.16943359375,0.8,RandomAll_B10,JILONG_EI_0129
syabrubesi_signal_loss,360.0,950.0,590.0,False,0.2789616749145156,0.5609043677566551,0.6175604191357875,23.662109375,0.6,RandomAll_B10,JILONG_EI_0129
gyirong_cctv_arrival,10.0,380.0,370.0,False,0.9410202595747716,0.9641112895109144,0.2804290788169765,0.0,0.6666666666666666,RandomAll_B10,JILONG_EI_0139
rasuwagadhi_signal_loss,10.0,400.0,390.0,False,0.7529166176384222,0.7599943176380728,0.104556884765625,9.043212890625,0.7777777777777778,RandomAll_B10,JILONG_EI_0139
syabrubesi_signal_loss,350.0,1100.0,750.0,False,0.2683186252862326,0.5299411292163236,0.4344595469599184,18.052490234375,0.6,RandomAll_B10,JILONG_EI_0139
gyirong_cctv_arrival,10.0,380.0,370.0,False,0.9410122627873236,0.9748815596212768,1.2815551448460467,2.5947265625,0.7857142857142857,RandomAll_B10,JILONG_EI_0149
rasuwagadhi_signal_loss,10.0,410.0,400.0,False,0.8141679037509052,0.8029171791426184,0.5410357549881079,0.24072265625,0.7777777777777778,RandomAll_B10,JILONG_EI_0149
syabrubesi_signal_loss,480.0,1120.0,640.0,False,0.1834050022766885,0.4066329808843178,0.4434208563921608,19.9400634765625,0.6,RandomAll_B10,JILONG_EI_0149
gyirong_cctv_arrival,10.0,390.0,380.0,False,0.8633238119895409,0.9136330486194582,0.4135668045010846,0.0,0.6666666666666666,RandomAll_B10,JILONG_EI_0159
rasuwagadhi_signal_loss,10.0,420.0,410.0,False,0.7700074512144718,0.7447843927485246,0.395787607789681,6.04638671875,0.7777777777777778,RandomAll_B10,JILONG_EI_0159
syabrubesi_signal_loss,310.0,1150.0,840.0,False,0.110525353553583,0.3988377435910087,0.4651509269339139,16.4566650390625,0.5,RandomAll_B10,JILONG_EI_0159
gyirong_cctv_arrival,10.0,390.0,380.0,False,0.925489308293026,0.9572746058528522,0.1721043987021354,6.8408203125,0.8636363636363636,RandomAll_B10,JILONG_EI_0169
rasuwagadhi_signal_loss,10.0,420.0,410.0,False,0.89477719729797,0.902556306617698,0.0080395638543758,20.525390625,0.7777777777777778,RandomAll_B10,JILONG_EI_0169
syabrubesi_signal_loss,460.0,1120.0,660.0,False,0.4731956585760238,0.6000295857248816,0.489226008929928,22.59033203125,0.6,RandomAll_B10,JILONG_EI_0169
gyirong_cctv_arrival,10.0,380.0,370.0,False,0.9364809551377178,0.9649484901750256,0.5288785679133858,0.3828125,0.75,RandomAll_B10,JILONG_EI_0179
rasuwagadhi_signal_loss,40.0,410.0,370.0,False,0.8857450356582695,0.9184446144530244,0.0588179444955065,16.8548583984375,0.7777777777777778,RandomAll_B10,JILONG_EI_0179
syabrubesi_signal_loss,400.0,1110.0,710.0,False,0.5063194802309109,0.6690474587605227,0.5372805208773226,20.918212890625,0.6,RandomAll_B10,JILONG_EI_0179
gyirong_cctv_arrival,10.0,410.0,400.0,False,0.9250038576487278,0.9299954022297482,2.412140461228649,7.1322021484375,0.8636363636363636,RandomAll_B10,JILONG_EI_0189
rasuwagadhi_signal_loss,50.0,440.0,390.0,False,0.7996936627221746,0.7889828097243321,0.3563285458121883,6.3770751953125,0.7777777777777778,RandomAll_B10,JILONG_EI_0189
syabrubesi_signal_loss,480.0,1250.0,770.0,False,0.1158880123402037,0.5292610149422646,0.5790077876894808,18.147216796875,0.5,RandomAll_B10,JILONG_EI_0189
gyirong_cctv_arrival,10.0,390.0,380.0,False,0.8914322829002155,0.9119712486827556,0.9422732204861112,60.2620849609375,0.6666666666666666,RandomAll_B10,JILONG_EI_0199
rasuwagadhi_signal_loss,10.0,420.0,410.0,False,0.8138516943456058,0.842813920525621,0.0804929539258118,10.03955078125,0.7777777777777778,RandomAll_B10,JILONG_EI_0199
syabrubesi_signal_loss,570.0,1170.0,600.0,False,0.1397826402245668,0.4704953481602316,0.5681763885081628,16.36669921875,0.5,RandomAll_B10,JILONG_EI_0199
gyirong_cctv_arrival,10.0,370.0,360.0,False,0.9385270446372866,0.9658622033330708,1.5269493140243902,2.76806640625,0.7857142857142857,RandomAll_B20,JILONG_EI_0009
rasuwagadhi_signal_loss,20.0,400.0,380.0,False,0.8644960205507977,0.8713756136516488,0.3461663938850834,5.3157958984375,0.8,RandomAll_B20,JILONG_EI_0009
syabrubesi_signal_loss,480.0,1060.0,580.0,False,0.1247869015073583,0.4135010427401228,0.9887502175139208,16.7471923828125,0.6,RandomAll_B20,JILONG_EI_0009
gyirong_cctv_arrival,10.0,400.0,390.0,False,0.9053697225803444,0.9286230157054904,1.9556442260742188,4.1278076171875,0.8235294117647058,RandomAll_B20,JILONG_EI_0019
rasuwagadhi_signal_loss,20.0,430.0,410.0,False,0.8443849077878417,0.8449490923184642,0.1909857071893063,11.900390625,0.7777777777777778,RandomAll_B20,JILONG_EI_0019
syabrubesi_signal_loss,650.0,1170.0,520.0,False,0.0716641066356976,0.4063578942711685,0.2577174800102699,2.929443359375,0.6,RandomAll_B20,JILONG_EI_0019
gyirong_cctv_arrival,10.0,360.0,350.0,False,0.8825808578900025,0.938143399719888,0.7814788264644894,0.0,0.6666666666666666,RandomAll_B20,JILONG_EI_0029
rasuwagadhi_signal_loss,10.0,390.0,380.0,False,0.7543688035521162,0.7212724856713608,0.6375648448814265,1.6341552734375,0.7777777777777778,RandomAll_B20,JILONG_EI_0029
syabrubesi_signal_loss,370.0,1010.0,640.0,False,0.2100645466256344,0.5400532320883599,0.2467115207468091,3.6942138671875,0.6,RandomAll_B20,JILONG_EI_0029
gyirong_cctv_arrival,10.0,380.0,370.0,False,0.9204380557078268,0.9216450013313716,4.236953935248362,0.0,0.6666666666666666,RandomAll_B20,JILONG_EI_0039
rasuwagadhi_signal_loss,10.0,400.0,390.0,False,0.6001368921632625,0.4938854620369161,1.121799023745564,47.4296875,0.7777777777777778,RandomAll_B20,JILONG_EI_0039
syabrubesi_signal_loss,130.0,1100.0,970.0,False,1.0921919688168422,2.041895004619801,0.7726140026664559,1.1455078125,0.6,RandomAll_B20,JILONG_EI_0039
gyirong_cctv_arrival,10.0,350.0,340.0,False,0.9187144749964088,0.941127331415093,1.331709503321256,0.0,0.6666666666666666,RandomAll_B20,JILONG_EI_0049
rasuwagadhi_signal_loss,20.0,380.0,360.0,False,0.8670393004587029,0.8847534399929534,0.2383698627777306,9.7789306640625,0.8181818181818182,RandomAll_B20,JILONG_EI_0049
syabrubesi_signal_loss,420.0,940.0,520.0,False,0.0719009966287089,0.1193571282013843,0.2723485920606506,2.6275634765625,0.6,RandomAll_B20,JILONG_EI_0049
gyirong_cctv_arrival,10.0,380.0,370.0,False,0.9346810352677126,0.9599006686367776,2.4235634587141,0.1751708984375,0.6666666666666666,RandomAll_B20,JILONG_EI_0059
rasuwagadhi_signal_loss,10.0,410.0,400.0,False,0.7652783492290584,0.7113217552384304,0.9570411032090808,2.623046875,0.7777777777777778,RandomAll_B20,JILONG_EI_0059
syabrubesi_signal_loss,310.0,1100.0,790.0,False,0.2585507029073376,0.7090109426737924,0.4652120637852605,1.298583984375,0.6,RandomAll_B20,JILONG_EI_0059
gyirong_cctv_arrival,10.0,360.0,350.0,False,0.94021634878577,0.9640564907709752,1.4660978871613302,0.0,0.6666666666666666,RandomAll_B20,JILONG_EI_0069
rasuwagadhi_signal_loss,50.0,380.0,330.0,False,0.8913731261602472,0.8908133302355953,0.1119644218205574,5.816650390625,0.8,RandomAll_B20,JILONG_EI_0069
syabrubesi_signal_loss,650.0,960.0,310.0,False,0.384485434342544,0.3084111363300271,0.0785247779095662,2.972900390625,0.6,RandomAll_B20,JILONG_EI_0069
gyirong_cctv_arrival,10.0,380.0,370.0,False,0.9338781777082616,0.9435377917893631,4.7563950773746,0.0025634765625,0.6666666666666666,RandomAll_B20,JILONG_EI_0079
rasuwagadhi_signal_loss,10.0,410.0,400.0,False,0.7814753418745495,0.7507467021752833,0.6788623498290639,0.9918212890625,0.7777777777777778,RandomAll_B20,JILONG_EI_0079
syabrubesi_signal_loss,510.0,1100.0,590.0,False,0.2313487331584897,0.5309129886014677,0.2724987621038732,3.057861328125,0.6,RandomAll_B20,JILONG_EI_0079
gyirong_cctv_arrival,10.0,360.0,350.0,False,0.9246956061158068,0.9368690165083224,1.2766959822497606,0.0,0.7,RandomAll_B20,JILONG_EI_0089
rasuwagadhi_signal_loss,40.0,380.0,340.0,False,0.8516379859287935,0.8334895858386814,0.3180244705303996,4.3231201171875,0.8181818181818182,RandomAll_B20,JILONG_EI_0089
syabrubesi_signal_loss,390.0,950.0,560.0,False,0.0645162751111197,0.136218516330941,0.0112839375645661,12.1324462890625,0.6,RandomAll_B20,JILONG_EI_0089
gyirong_cctv_arrival,10.0,380.0,370.0,False,0.9282977110969411,0.9517470925454716,0.802581302703373,0.0,0.6666666666666666,RandomAll_B20,JILONG_EI_0099
rasuwagadhi_signal_loss,10.0,400.0,390.0,False,0.8052033208163469,0.8259716481806992,0.0749822575390915,12.737060546875,0.7777777777777778,RandomAll_B20,JILONG_EI_0099
syabrubesi_signal_loss,150.0,1080.0,930.0,False,0.1770884373154223,0.5253573016650546,0.4014518744319397,6.665771484375,0.6,RandomAll_B20,JILONG_EI_0099
gyirong_cctv_arrival,10.0,400.0,390.0,False,0.929609488372678,0.9493016205961252,1.4029652219709787,6.3778076171875,0.8571428571428571,RandomAll_B20,JILONG_EI_0109
rasuwagadhi_signal_loss,50.0,430.0,380.0,False,0.858694347205926,0.8506297403561578,0.1355017459753787,10.7674560546875,0.7777777777777778,RandomAll_B20,JILONG_EI_0109
syabrubesi_signal_loss,730.0,1190.0,460.0,False,0.1148993833991366,0.2625863100356245,0.157928466796875,6.4119873046875,0.5,RandomAll_B20,JILONG_EI_0109
gyirong_cctv_arrival,10.0,400.0,390.0,False,0.85160323221563,0.860579348450501,2.153788121901558,0.28076171875,0.7272727272727273,RandomAll_B20,JILONG_EI_0119
rasuwagadhi_signal_loss,10.0,430.0,420.0,False,0.6199820352045209,0.561521696840311,0.5266907798923776,0.5452880859375,0.7777777777777778,RandomAll_B20,JILONG_EI_0119
syabrubesi_signal_loss,140.0,1240.0,1100.0,False,1.4708302249329497,3.5342796532911174,1.126191482714625,2.705810546875,0.5,RandomAll_B20,JILONG_EI_0119
gyirong_cctv_arrival,10.0,350.0,340.0,False,0.9179683885519492,0.9440772615975036,1.651439694977183,0.0,0.6666666666666666,RandomAll_B20,JILONG_EI_0129
rasuwagadhi_signal_loss,30.0,380.0,350.0,False,0.8406346951942406,0.8293027801814191,0.3567110547417158,0.4876708984375,0.8,RandomAll_B20,JILONG_EI_0129
syabrubesi_signal_loss,500.0,950.0,450.0,False,0.3413638846430858,0.6811969512215135,0.6084456783330109,9.9764404296875,0.6,RandomAll_B20,JILONG_EI_0129
gyirong_cctv_arrival,10.0,380.0,370.0,False,0.9366717767877532,0.959338131755894,3.051920127972936,0.0501708984375,0.6666666666666666,RandomAll_B20,JILONG_EI_0139
rasuwagadhi_signal_loss,10.0,400.0,390.0,False,0.7471448062061953,0.711638142496454,1.061104266826923,3.613525390625,0.7777777777777778,RandomAll_B20,JILONG_EI_0139
syabrubesi_signal_loss,400.0,1100.0,700.0,False,0.4235699616211987,0.9708672357291256,0.4923839801290761,1.609130859375,0.6,RandomAll_B20,JILONG_EI_0139
gyirong_cctv_arrival,10.0,380.0,370.0,False,0.9247337633430778,0.956287655236885,3.041840976225925,1.5797119140625,0.7857142857142857,RandomAll_B20,JILONG_EI_0149
rasuwagadhi_signal_loss,10.0,410.0,400.0,False,0.7512424868732218,0.71265616709325,1.0885757328003876,5.12841796875,0.7777777777777778,RandomAll_B20,JILONG_EI_0149
syabrubesi_signal_loss,400.0,1120.0,720.0,False,1.0003689559299571,1.6681609143128922,1.799730909829407,23.7301025390625,0.6,RandomAll_B20,JILONG_EI_0149
gyirong_cctv_arrival,10.0,390.0,380.0,False,0.9222162637455172,0.944361974041984,1.7473647640997831,0.0,0.6666666666666666,RandomAll_B20,JILONG_EI_0159
rasuwagadhi_signal_loss,10.0,420.0,410.0,False,0.7770717383883375,0.7259674386091373,0.7990240379996156,6.71142578125,0.7777777777777778,RandomAll_B20,JILONG_EI_0159
syabrubesi_signal_loss,470.0,1150.0,680.0,False,0.1493421351281628,0.4101792951414733,0.081305891016755,5.3607177734375,0.5,RandomAll_B20,JILONG_EI_0159
gyirong_cctv_arrival,10.0,390.0,380.0,False,0.9324048977518096,0.9401032356605852,1.3091405195293324,6.8408203125,0.8636363636363636,RandomAll_B20,JILONG_EI_0169
rasuwagadhi_signal_loss,50.0,420.0,370.0,False,0.8399737611915126,0.8090114469244298,0.2132965455572289,5.589111328125,0.7777777777777778,RandomAll_B20,JILONG_EI_0169
syabrubesi_signal_loss,580.0,1120.0,540.0,False,0.2438735522178414,0.0047100669055507,0.1208119199187094,8.7957763671875,0.6,RandomAll_B20,JILONG_EI_0169
gyirong_cctv_arrival,10.0,380.0,370.0,False,0.9021264417198548,0.9130930046856032,2.131247180528215,0.0238037109375,0.75,RandomAll_B20,JILONG_EI_0179
rasuwagadhi_signal_loss,40.0,410.0,370.0,False,0.790648556367868,0.7696106840536302,0.63897363777687,0.2398681640625,0.7777777777777778,RandomAll_B20,JILONG_EI_0179
syabrubesi_signal_loss,510.0,1110.0,600.0,False,0.0630621526446137,0.2331909013494895,0.1854639826594172,4.24169921875,0.6,RandomAll_B20,JILONG_EI_0179
gyirong_cctv_arrival,10.0,410.0,400.0,False,0.9022358115742825,0.9074612704682622,3.021453541504917,7.064208984375,0.8636363636363636,RandomAll_B20,JILONG_EI_0189
rasuwagadhi_signal_loss,40.0,440.0,400.0,False,0.7733599212834349,0.7249291710719978,0.452033931373531,2.561767578125,0.7777777777777778,RandomAll_B20,JILONG_EI_0189
syabrubesi_signal_loss,500.0,1250.0,750.0,False,0.6799700815301604,1.947839042543709,0.6923963687630958,2.9970703125,0.5,RandomAll_B20,JILONG_EI_0189
gyirong_cctv_arrival,10.0,390.0,380.0,False,0.9014691244937,0.9040128108810134,4.598589409722222,162.3895263671875,0.6666666666666666,RandomAll_B20,JILONG_EI_0199
rasuwagadhi_signal_loss,10.0,420.0,410.0,False,0.7268585271212786,0.7018591444803258,0.716731159526604,2.6251220703125,0.7777777777777778,RandomAll_B20,JILONG_EI_0199
syabrubesi_signal_loss,550.0,1170.0,620.0,False,0.7405286187208722,1.7665877635415892,0.5052236813550804,0.591552734375,0.5,RandomAll_B20,JILONG_EI_0199
gyirong_cctv_arrival,10.0,370.0,360.0,False,0.8629559986558059,0.9220680856310166,0.0168946503429878,2.869873046875,0.7857142857142857,RandomSupport_B05,JILONG_EI_0009
rasuwagadhi_signal_loss,40.0,400.0,360.0,False,0.9046460423599127,0.9297559523312278,0.1098272169098876,17.017822265625,0.8,RandomSupport_B05,JILONG_EI_0009
syabrubesi_signal_loss,490.0,1060.0,570.0,False,0.4906834696490468,0.7238225888643531,0.6078783260878696,25.9344482421875,0.6,RandomSupport_B05,JILONG_EI_0009
gyirong_cctv_arrival,10.0,400.0,390.0,False,0.8493519270387947,0.9344490847683832,0.1089157104492187,4.1278076171875,0.8235294117647058,RandomSupport_B05,JILONG_EI_0019
rasuwagadhi_signal_loss,50.0,430.0,380.0,False,0.8893643384090643,0.9283419798371408,0.3275373161183616,18.9178466796875,0.7777777777777778,RandomSupport_B05,JILONG_EI_0019
syabrubesi_signal_loss,500.0,1170.0,670.0,False,0.3061818665464236,0.4249525912004686,0.4505324099545187,16.1634521484375,0.6,RandomSupport_B05,JILONG_EI_0019
gyirong_cctv_arrival,10.0,360.0,350.0,False,0.9072136963213072,0.933655935464986,1.006617995480171,0.0,0.6666666666666666,RandomSupport_B05,JILONG_EI_0029
rasuwagadhi_signal_loss,10.0,390.0,380.0,False,0.8361453162163247,0.8943395062649576,0.0338818925088251,16.409912109375,0.7777777777777778,RandomSupport_B05,JILONG_EI_0029
syabrubesi_signal_loss,300.0,1010.0,710.0,False,0.0974810310661766,0.2652467868307263,0.5212755496923116,21.25244140625,0.6,RandomSupport_B05,JILONG_EI_0029
gyirong_cctv_arrival,10.0,380.0,370.0,False,0.8750603005962377,0.933949092729194,0.3080245771782887,0.0,0.6666666666666666,RandomSupport_B05,JILONG_EI_0039
rasuwagadhi_signal_loss,10.0,400.0,390.0,False,0.7357146781953532,0.8095638380313678,0.063585251287707,12.953125,0.7777777777777778,RandomSupport_B05,JILONG_EI_0039
syabrubesi_signal_loss,280.0,1100.0,820.0,False,0.3913814239360242,0.0912591836768511,0.4918777760608325,18.392822265625,0.6,RandomSupport_B05,JILONG_EI_0039
gyirong_cctv_arrival,10.0,350.0,340.0,False,0.932850511330513,0.9651787635276148,0.4726728798686594,0.0,0.6666666666666666,RandomSupport_B05,JILONG_EI_0049
rasuwagadhi_signal_loss,10.0,380.0,370.0,False,0.9068648831420872,0.9398243842779236,0.1295616532924864,16.69580078125,0.8181818181818182,RandomSupport_B05,JILONG_EI_0049
syabrubesi_signal_loss,480.0,940.0,460.0,False,0.6392341082846933,0.8289194478158763,0.7247059985610892,28.825927734375,0.6,RandomSupport_B05,JILONG_EI_0049
gyirong_cctv_arrival,10.0,380.0,370.0,False,0.8823895950772731,0.9269196892816224,0.2025671099869451,0.0,0.6666666666666666,RandomSupport_B05,JILONG_EI_0059
rasuwagadhi_signal_loss,10.0,410.0,400.0,False,0.8635793724638159,0.9225788009346556,0.1014160703650504,15.802978515625,0.7777777777777778,RandomSupport_B05,JILONG_EI_0059
syabrubesi_signal_loss,390.0,1100.0,710.0,False,0.3853974136345902,0.6687348251111115,0.5818169698131999,20.702880859375,0.6,RandomSupport_B05,JILONG_EI_0059
gyirong_cctv_arrival,10.0,360.0,350.0,False,0.9341942816829646,0.946794354151948,1.4549785444889165,82.891357421875,0.6666666666666666,RandomSupport_B05,JILONG_EI_0069
rasuwagadhi_signal_loss,40.0,380.0,340.0,False,0.903690487201813,0.9283957930124171,0.1702333882295296,13.494140625,0.8,RandomSupport_B05,JILONG_EI_0069
syabrubesi_signal_loss,770.0,960.0,190.0,False,0.6614103034221368,0.7183448321927385,0.4461555037731167,17.67822265625,0.6,RandomSupport_B05,JILONG_EI_0069
gyirong_cctv_arrival,10.0,380.0,370.0,False,0.8280152766908498,0.8965572230841824,1.440860385955843,0.0,0.6666666666666666,RandomSupport_B05,JILONG_EI_0079
rasuwagadhi_signal_loss,10.0,410.0,400.0,False,0.8403397258708564,0.8740997678502267,0.1746529930361614,11.241455078125,0.7777777777777778,RandomSupport_B05,JILONG_EI_0079
syabrubesi_signal_loss,330.0,1100.0,770.0,False,0.3876232888834858,0.6367042741242909,0.5904910127881547,19.99755859375,0.6,RandomSupport_B05,JILONG_EI_0079
gyirong_cctv_arrival,10.0,360.0,350.0,False,0.9266719649236054,0.952960902918577,0.6623684821000958,0.0,0.7,RandomSupport_B05,JILONG_EI_0089
rasuwagadhi_signal_loss,40.0,380.0,340.0,False,0.8761477337896048,0.8929511591389216,0.1114446315635629,12.0887451171875,0.8181818181818182,RandomSupport_B05,JILONG_EI_0089
syabrubesi_signal_loss,410.0,950.0,540.0,False,0.2249112444698355,0.3419351708217958,0.4080765607391059,21.1158447265625,0.6,RandomSupport_B05,JILONG_EI_0089
gyirong_cctv_arrival,10.0,380.0,370.0,False,0.932240575165528,0.9562891930093156,0.1376785197585978,0.0,0.6666666666666666,RandomSupport_B05,JILONG_EI_0099
rasuwagadhi_signal_loss,10.0,400.0,390.0,False,0.8487334236627759,0.8725535782709563,0.0542586632655435,14.2569580078125,0.7777777777777778,RandomSupport_B05,JILONG_EI_0099
syabrubesi_signal_loss,280.0,1080.0,800.0,False,0.0391981447638313,0.2216489096740939,0.4964602219946268,20.117919921875,0.6,RandomSupport_B05,JILONG_EI_0099
gyirong_cctv_arrival,10.0,400.0,390.0,False,0.9494808776659464,0.983553516620757,0.8183821400647856,6.3778076171875,0.8571428571428571,RandomSupport_B05,JILONG_EI_0109
rasuwagadhi_signal_loss,50.0,430.0,380.0,False,0.8885042637955176,0.9413068276046724,0.4872886867402219,27.5487060546875,0.7777777777777778,RandomSupport_B05,JILONG_EI_0109
syabrubesi_signal_loss,550.0,1190.0,640.0,False,0.7146555771364443,0.9530894802686922,0.8880335249990787,25.2005615234375,0.5,RandomSupport_B05,JILONG_EI_0109
gyirong_cctv_arrival,10.0,400.0,390.0,False,0.898912221633084,0.9562346101438908,0.4721794150030984,0.3759765625,0.7272727272727273,RandomSupport_B05,JILONG_EI_0119
rasuwagadhi_signal_loss,10.0,430.0,420.0,False,0.6862175218631893,0.8107701720489567,0.4043575726790827,19.886474609375,0.7777777777777778,RandomSupport_B05,JILONG_EI_0119
syabrubesi_signal_loss,280.0,1240.0,960.0,False,0.1895217490984122,0.3449382333133062,0.5502323432256712,16.057861328125,0.5,RandomSupport_B05,JILONG_EI_0119
gyirong_cctv_arrival,10.0,350.0,340.0,False,0.9380684970972034,0.9765479129754328,0.2055337658408362,0.0,0.6666666666666666,RandomSupport_B05,JILONG_EI_0129
rasuwagadhi_signal_loss,40.0,380.0,340.0,False,0.8944791665230128,0.9076263857812016,0.141709147022467,12.6221923828125,0.8,RandomSupport_B05,JILONG_EI_0129
syabrubesi_signal_loss,480.0,950.0,470.0,False,0.4938157605521415,0.8112169947092435,0.7729911686097136,28.311279296875,0.6,RandomSupport_B05,JILONG_EI_0129
gyirong_cctv_arrival,10.0,380.0,370.0,False,0.8666186172434895,0.9150718503043852,1.2729187845988246,0.0,0.6666666666666666,RandomSupport_B05,JILONG_EI_0139
rasuwagadhi_signal_loss,10.0,400.0,390.0,False,0.7757708377505419,0.7922728282597937,0.5798768028846154,7.795166015625,0.7777777777777778,RandomSupport_B05,JILONG_EI_0139
syabrubesi_signal_loss,280.0,1100.0,820.0,False,0.0153796091070894,0.4659998210536006,0.5043914529551631,19.4400634765625,0.6,RandomSupport_B05,JILONG_EI_0139
gyirong_cctv_arrival,10.0,380.0,370.0,False,0.8965668477809221,0.9450308394518762,0.4775603459199189,2.9166259765625,0.7857142857142857,RandomSupport_B05,JILONG_EI_0149
rasuwagadhi_signal_loss,10.0,410.0,400.0,False,0.8942056759624897,0.97051259623536,0.6710071093268257,30.1749267578125,0.7777777777777778,RandomSupport_B05,JILONG_EI_0149
syabrubesi_signal_loss,390.0,1120.0,730.0,False,0.1858016919972278,0.023856873873693,0.2725642163224766,16.629150390625,0.6,RandomSupport_B05,JILONG_EI_0149
gyirong_cctv_arrival,10.0,390.0,380.0,False,0.932857512267986,0.9657283220270558,0.1459987416960412,0.0,0.6666666666666666,RandomSupport_B05,JILONG_EI_0159
rasuwagadhi_signal_loss,10.0,420.0,410.0,False,0.8309427166990643,0.8774270190084225,0.1585212021401806,15.3486328125,0.7777777777777778,RandomSupport_B05,JILONG_EI_0159
syabrubesi_signal_loss,410.0,1150.0,740.0,False,0.2891138546059675,0.6136673144144289,0.5714511852944943,17.9681396484375,0.5,RandomSupport_B05,JILONG_EI_0159
gyirong_cctv_arrival,10.0,390.0,380.0,False,0.863154979687871,0.9040409498008152,0.2182407444695017,6.8408203125,0.8636363636363636,RandomSupport_B05,JILONG_EI_0169
rasuwagadhi_signal_loss,50.0,420.0,370.0,False,0.8879019664545026,0.9306157257162392,0.2007295948115378,23.83984375,0.7777777777777778,RandomSupport_B05,JILONG_EI_0169
syabrubesi_signal_loss,520.0,1120.0,600.0,False,0.610092891740102,0.6656681433726422,0.456034161090078,19.7437744140625,0.6,RandomSupport_B05,JILONG_EI_0169
gyirong_cctv_arrival,10.0,380.0,370.0,False,0.8669140224062876,0.9333015617041756,0.2347173095062336,0.3828125,0.75,RandomSupport_B05,JILONG_EI_0179
rasuwagadhi_signal_loss,40.0,410.0,370.0,False,0.8449490012871552,0.8637514336665298,0.0303969262039306,11.6201171875,0.7777777777777778,RandomSupport_B05,JILONG_EI_0179
syabrubesi_signal_loss,470.0,1110.0,640.0,False,0.5802193353833356,0.8353710692124434,0.6843980325234903,24.883056640625,0.6,RandomSupport_B05,JILONG_EI_0179
gyirong_cctv_arrival,10.0,410.0,400.0,False,0.9193246044996068,0.9559170679333012,0.1701572331335727,7.1322021484375,0.8636363636363636,RandomSupport_B05,JILONG_EI_0189
rasuwagadhi_signal_loss,30.0,440.0,410.0,False,0.8998364812706542,0.9296131995542162,0.1782718669315349,22.449462890625,0.7777777777777778,RandomSupport_B05,JILONG_EI_0189
syabrubesi_signal_loss,430.0,1250.0,820.0,False,0.2034734007560394,0.6896151955954132,0.7260116808947747,19.8394775390625,0.5,RandomSupport_B05,JILONG_EI_0189
gyirong_cctv_arrival,10.0,390.0,380.0,False,0.9245735528932204,0.964001015805212,0.6926067437065972,0.0,0.6666666666666666,RandomSupport_B05,JILONG_EI_0199
rasuwagadhi_signal_loss,10.0,420.0,410.0,False,0.8102640157098188,0.8347973688160827,0.0425628041250978,9.766357421875,0.7777777777777778,RandomSupport_B05,JILONG_EI_0199
syabrubesi_signal_loss,430.0,1170.0,740.0,False,0.2818540421734137,0.5569572995847551,0.5072426005878411,15.787353515625,0.5,RandomSupport_B05,JILONG_EI_0199
gyirong_cctv_arrival,10.0,370.0,360.0,False,0.9440997397366748,0.9628406715360556,1.8757602896341463,2.1009521484375,0.7857142857142857,RandomSupport_B10,JILONG_EI_0009
rasuwagadhi_signal_loss,40.0,400.0,360.0,False,0.8302897571509446,0.8010518528223836,0.7223155500127638,2.2711181640625,0.8,RandomSupport_B10,JILONG_EI_0009
syabrubesi_signal_loss,490.0,1060.0,570.0,False,0.2664036589536793,0.3429207104550599,0.2615673809373799,16.43359375,0.6,RandomSupport_B10,JILONG_EI_0009
gyirong_cctv_arrival,10.0,400.0,390.0,False,0.9222567512628578,0.9388140852256648,0.5746444702148438,4.1278076171875,0.8235294117647058,RandomSupport_B10,JILONG_EI_0019
rasuwagadhi_signal_loss,30.0,430.0,400.0,False,0.8916557701682147,0.9061884461588292,0.0556458048737807,16.7767333984375,0.7777777777777778,RandomSupport_B10,JILONG_EI_0019
syabrubesi_signal_loss,610.0,1170.0,560.0,False,0.3556836867240757,0.4195428926694798,0.3287441199933978,13.43994140625,0.6,RandomSupport_B10,JILONG_EI_0019
gyirong_cctv_arrival,10.0,360.0,350.0,False,0.9358742671870124,0.949624015895946,1.9854133253952824,0.0,0.6666666666666666,RandomSupport_B10,JILONG_EI_0029
rasuwagadhi_signal_loss,10.0,390.0,380.0,False,0.8317242504867807,0.8118311963517486,0.4868657293740948,8.0889892578125,0.7777777777777778,RandomSupport_B10,JILONG_EI_0029
syabrubesi_signal_loss,380.0,1010.0,630.0,False,0.1798889747253423,0.1557160653322286,0.2078329670564475,11.9979248046875,0.6,RandomSupport_B10,JILONG_EI_0029
gyirong_cctv_arrival,10.0,380.0,370.0,False,0.8529161356012316,0.8783899313753744,0.8145882552367631,0.0,0.6666666666666666,RandomSupport_B10,JILONG_EI_0039
rasuwagadhi_signal_loss,10.0,400.0,390.0,False,0.6805849401769891,0.6531519248742912,0.7282707142152997,4.5755615234375,0.7777777777777778,RandomSupport_B10,JILONG_EI_0039
syabrubesi_signal_loss,140.0,1100.0,960.0,False,0.5847001189065645,1.1165503910236172,0.4661851758351541,4.55224609375,0.6,RandomSupport_B10,JILONG_EI_0039
gyirong_cctv_arrival,10.0,350.0,340.0,False,0.9421644227998592,0.960997945733274,0.3324340230600845,0.0,0.6666666666666666,RandomSupport_B10,JILONG_EI_0049
rasuwagadhi_signal_loss,50.0,380.0,330.0,False,0.8908287944898052,0.9269361497437584,0.0255103764734565,13.4696044921875,0.8181818181818182,RandomSupport_B10,JILONG_EI_0049
syabrubesi_signal_loss,430.0,940.0,510.0,False,0.1684754632545386,0.0448464388406225,0.014424765417536,8.8084716796875,0.6,RandomSupport_B10,JILONG_EI_0049
gyirong_cctv_arrival,10.0,380.0,370.0,False,0.9235149804823578,0.945999388523747,1.3773039735639687,0.0,0.6666666666666666,RandomSupport_B10,JILONG_EI_0059
rasuwagadhi_signal_loss,10.0,410.0,400.0,False,0.8367222131206882,0.8393595774336808,0.192029830408025,9.1552734375,0.7777777777777778,RandomSupport_B10,JILONG_EI_0059
syabrubesi_signal_loss,480.0,1100.0,620.0,False,0.2081590972052942,0.2918705703631055,0.2810796693313953,13.199462890625,0.6,RandomSupport_B10,JILONG_EI_0059
gyirong_cctv_arrival,10.0,360.0,350.0,False,0.9442372491537102,0.9695983946557466,1.0096237107450738,0.0069580078125,0.6666666666666666,RandomSupport_B10,JILONG_EI_0069
rasuwagadhi_signal_loss,50.0,380.0,330.0,False,0.9035108502815192,0.913814879786952,0.0517340789688588,7.7701416015625,0.8,RandomSupport_B10,JILONG_EI_0069
syabrubesi_signal_loss,680.0,960.0,280.0,False,0.4673842489881721,0.4940906954565712,0.2423868689031032,11.201416015625,0.6,RandomSupport_B10,JILONG_EI_0069
gyirong_cctv_arrival,10.0,380.0,370.0,False,0.916047464328412,0.9335150594604072,3.231266050226788,0.0,0.6666666666666666,RandomSupport_B10,JILONG_EI_0079
rasuwagadhi_signal_loss,10.0,410.0,400.0,False,0.7881445397900406,0.7685816666619107,0.6554005862384438,4.5614013671875,0.7777777777777778,RandomSupport_B10,JILONG_EI_0079
syabrubesi_signal_loss,370.0,1100.0,730.0,False,0.2401008062233362,0.3779716207775985,0.006899229237731,5.72705078125,0.6,RandomSupport_B10,JILONG_EI_0079
gyirong_cctv_arrival,10.0,360.0,350.0,False,0.932408267765711,0.9552858843715964,0.5836528909617457,0.0,0.7,RandomSupport_B10,JILONG_EI_0089
rasuwagadhi_signal_loss,10.0,380.0,370.0,False,0.8893063812860614,0.9154069848994468,0.0202050449085884,15.0191650390625,0.8181818181818182,RandomSupport_B10,JILONG_EI_0089
syabrubesi_signal_loss,410.0,950.0,540.0,False,0.2626225430903361,0.1556624421607887,0.06736144331682,13.4837646484375,0.6,RandomSupport_B10,JILONG_EI_0089
gyirong_cctv_arrival,10.0,380.0,370.0,False,0.8633526941528924,0.9006249697097038,0.1211467117228836,0.0,0.6666666666666666,RandomSupport_B10,JILONG_EI_0099
rasuwagadhi_signal_loss,10.0,400.0,390.0,False,0.8415087741707616,0.8925938039351897,0.1171835915685498,16.7122802734375,0.7777777777777778,RandomSupport_B10,JILONG_EI_0099
syabrubesi_signal_loss,140.0,1080.0,940.0,False,0.3332415665164623,0.755813082254215,0.2250354202309666,6.9459228515625,0.6,RandomSupport_B10,JILONG_EI_0099
gyirong_cctv_arrival,10.0,400.0,390.0,False,0.9395162479006164,0.9707922726932604,0.1001052816729567,6.3778076171875,0.8571428571428571,RandomSupport_B10,JILONG_EI_0109
rasuwagadhi_signal_loss,20.0,430.0,410.0,False,0.8722750704142322,0.9019785332145572,0.0906168619791666,16.7786865234375,0.7777777777777778,RandomSupport_B10,JILONG_EI_0109
syabrubesi_signal_loss,650.0,1190.0,540.0,False,0.2335415620401661,0.0275048883302349,0.0196481380822523,9.161376953125,0.5,RandomSupport_B10,JILONG_EI_0109
gyirong_cctv_arrival,10.0,400.0,390.0,False,0.8502976003583158,0.899138861544757,0.915437433604816,0.3759765625,0.7272727272727273,RandomSupport_B10,JILONG_EI_0119
rasuwagadhi_signal_loss,10.0,430.0,420.0,False,0.6434927864660224,0.5867529530113829,0.6282619578766785,3.407470703125,0.7777777777777778,RandomSupport_B10,JILONG_EI_0119
syabrubesi_signal_loss,120.0,1240.0,1120.0,False,0.7787117939685508,1.27122323673451,0.1570120519172958,7.286376953125,0.5,RandomSupport_B10,JILONG_EI_0119
gyirong_cctv_arrival,10.0,350.0,340.0,False,0.9166001897416772,0.9480174723468292,2.067157822520967,0.0,0.6666666666666666,RandomSupport_B10,JILONG_EI_0129
rasuwagadhi_signal_loss,40.0,380.0,340.0,False,0.78621471805473,0.7357477800972532,0.6167503849323387,6.2135009765625,0.8,RandomSupport_B10,JILONG_EI_0129
syabrubesi_signal_loss,450.0,950.0,500.0,False,0.3488731975798951,0.3702156376896341,0.2504626294776751,13.2357177734375,0.6,RandomSupport_B10,JILONG_EI_0129
gyirong_cctv_arrival,10.0,380.0,370.0,False,0.9346859620563396,0.958383522778148,1.381415465674549,0.0,0.6666666666666666,RandomSupport_B10,JILONG_EI_0139
rasuwagadhi_signal_loss,10.0,400.0,390.0,False,0.7239944916636118,0.7221627412802559,0.5713123497596154,3.7415771484375,0.7777777777777778,RandomSupport_B10,JILONG_EI_0139
syabrubesi_signal_loss,430.0,1100.0,670.0,False,0.2003419115414609,0.5186443511309162,0.21162109375,1.5135498046875,0.6,RandomSupport_B10,JILONG_EI_0139
gyirong_cctv_arrival,10.0,380.0,370.0,False,0.933659563884462,0.9660564134083416,1.7536691626013683,87.677490234375,0.7857142857142857,RandomSupport_B10,JILONG_EI_0149
rasuwagadhi_signal_loss,10.0,410.0,400.0,False,0.839791804114456,0.851424049539229,0.8820024830426356,5.259033203125,0.7777777777777778,RandomSupport_B10,JILONG_EI_0149
syabrubesi_signal_loss,410.0,1120.0,710.0,False,0.0794620024440235,0.2929744615258755,0.0018330379582148,9.7930908203125,0.6,RandomSupport_B10,JILONG_EI_0149
gyirong_cctv_arrival,10.0,390.0,380.0,False,0.9174222681933494,0.9346812454147868,1.142222903038571,0.0,0.6666666666666666,RandomSupport_B10,JILONG_EI_0159
rasuwagadhi_signal_loss,10.0,420.0,410.0,False,0.7978895390292435,0.8463235129574919,0.145590381197156,12.4312744140625,0.7777777777777778,RandomSupport_B10,JILONG_EI_0159
syabrubesi_signal_loss,380.0,1150.0,770.0,False,0.0562560687875268,0.2027502994052865,0.3080309552419841,13.0311279296875,0.5,RandomSupport_B10,JILONG_EI_0159
gyirong_cctv_arrival,10.0,390.0,380.0,False,0.8552484265534424,0.9118159463216172,0.2824644707673662,6.8408203125,0.8636363636363636,RandomSupport_B10,JILONG_EI_0169
rasuwagadhi_signal_loss,50.0,420.0,370.0,False,0.8764670797816816,0.8784529306925217,0.0783785369341951,13.8138427734375,0.7777777777777778,RandomSupport_B10,JILONG_EI_0169
syabrubesi_signal_loss,460.0,1120.0,660.0,False,0.1878075490838285,0.1382755959643218,0.1861368485362642,16.522216796875,0.6,RandomSupport_B10,JILONG_EI_0169
gyirong_cctv_arrival,10.0,380.0,370.0,False,0.9468101573325886,0.9649369904314422,2.4634819451279526,0.3828125,0.75,RandomSupport_B10,JILONG_EI_0179
rasuwagadhi_signal_loss,20.0,410.0,390.0,False,0.8559289775978182,0.8720477922160133,0.1341700778980573,12.956298828125,0.7777777777777778,RandomSupport_B10,JILONG_EI_0179
syabrubesi_signal_loss,430.0,1110.0,680.0,False,0.4793865769000861,0.6139230766095557,0.4101694467905405,17.782470703125,0.6,RandomSupport_B10,JILONG_EI_0179
gyirong_cctv_arrival,10.0,410.0,400.0,False,0.9214299383545212,0.9280577732948044,2.0875426108792703,7.1322021484375,0.8636363636363636,RandomSupport_B10,JILONG_EI_0189
rasuwagadhi_signal_loss,50.0,440.0,390.0,False,0.7834608264104845,0.766540238473427,0.4342253160612536,5.141357421875,0.7777777777777778,RandomSupport_B10,JILONG_EI_0189
syabrubesi_signal_loss,500.0,1250.0,750.0,False,0.116841721818813,0.3564245550424794,0.4604169906528287,15.375244140625,0.5,RandomSupport_B10,JILONG_EI_0189
gyirong_cctv_arrival,10.0,390.0,380.0,False,0.9975696488631705,0.9999364565673784,0.9567361111111112,0.0,0.6666666666666666,RandomSupport_B10,JILONG_EI_0199
rasuwagadhi_signal_loss,10.0,420.0,410.0,False,0.7951549839152691,0.837847625833792,0.1101346441277875,10.4844970703125,0.7777777777777778,RandomSupport_B10,JILONG_EI_0199
syabrubesi_signal_loss,500.0,1170.0,670.0,False,0.2800913664825988,0.5699143814208745,0.116833067776864,4.702880859375,0.5,RandomSupport_B10,JILONG_EI_0199
gyirong_cctv_arrival,10.0,370.0,360.0,False,0.9308848347983748,0.939630774779048,3.259253525152439,1.6080322265625,0.7857142857142857,RandomSupport_B20,JILONG_EI_0009
rasuwagadhi_signal_loss,10.0,400.0,390.0,False,0.8685903804206299,0.8515633140772352,0.6996741246170864,3.1551513671875,0.8,RandomSupport_B20,JILONG_EI_0009
syabrubesi_signal_loss,460.0,1060.0,600.0,False,0.007280527176452,0.2658327311490487,1.229760517173099,18.3272705078125,0.6,RandomSupport_B20,JILONG_EI_0009
gyirong_cctv_arrival,10.0,400.0,390.0,False,0.925311150665277,0.9409267329482098,3.4809661865234376,4.1278076171875,0.8235294117647058,RandomSupport_B20,JILONG_EI_0019
rasuwagadhi_signal_loss,50.0,430.0,380.0,False,0.8152257482838478,0.7873210809446616,0.3650761422394328,9.5146484375,0.7777777777777778,RandomSupport_B20,JILONG_EI_0019
syabrubesi_signal_loss,700.0,1170.0,470.0,False,0.9183186466866552,2.0365109967480386,1.7795809033890846,16.804931640625,0.6,RandomSupport_B20,JILONG_EI_0019
gyirong_cctv_arrival,10.0,360.0,350.0,False,0.9092399687826996,0.9242850825603556,3.2907776859771904,0.0054931640625,0.6666666666666666,RandomSupport_B20,JILONG_EI_0029
rasuwagadhi_signal_loss,10.0,390.0,380.0,False,0.7985514169372121,0.7696144487379086,0.7514945436956916,35.8758544921875,0.7777777777777778,RandomSupport_B20,JILONG_EI_0029
syabrubesi_signal_loss,440.0,1010.0,570.0,False,0.4823387970243507,0.9149761505330936,0.870035081860312,6.844970703125,0.6,RandomSupport_B20,JILONG_EI_0029
gyirong_cctv_arrival,10.0,380.0,370.0,False,0.9167328591432932,0.9236796142561255,6.410159448348799,0.0,0.6666666666666666,RandomSupport_B20,JILONG_EI_0039
rasuwagadhi_signal_loss,10.0,400.0,390.0,False,0.6921201837732418,0.6151961192398435,1.7691712003401026,72.97216796875,0.7777777777777778,RandomSupport_B20,JILONG_EI_0039
syabrubesi_signal_loss,140.0,1100.0,960.0,False,1.0580113610140311,2.0512320818816545,1.6423297169675712,6.2960205078125,0.6,RandomSupport_B20,JILONG_EI_0039
gyirong_cctv_arrival,10.0,350.0,340.0,False,0.9477799791966388,0.9565349829747674,2.998717259208937,0.4593505859375,0.6666666666666666,RandomSupport_B20,JILONG_EI_0049
rasuwagadhi_signal_loss,10.0,380.0,370.0,False,0.8735660688353422,0.8619334769568994,0.3458578246904681,4.222412109375,0.8181818181818182,RandomSupport_B20,JILONG_EI_0049
syabrubesi_signal_loss,490.0,940.0,450.0,False,0.0588726657265312,0.2770799903169663,0.9462001493740516,13.068115234375,0.6,RandomSupport_B20,JILONG_EI_0049
gyirong_cctv_arrival,10.0,380.0,370.0,False,0.9361597144930272,0.9478460549632698,5.678391706103133,0.0,0.6666666666666666,RandomSupport_B20,JILONG_EI_0059
rasuwagadhi_signal_loss,10.0,410.0,400.0,False,0.7856420590365797,0.7505709146916871,0.996554478757941,43.8553466796875,0.7777777777777778,RandomSupport_B20,JILONG_EI_0059
syabrubesi_signal_loss,430.0,1100.0,670.0,False,0.4556193882251903,0.9766144161679746,1.039203390799957,10.0242919921875,0.6,RandomSupport_B20,JILONG_EI_0059
gyirong_cctv_arrival,10.0,360.0,350.0,False,0.9166203499639118,0.903877294584167,4.126675069273399,0.0069580078125,0.6666666666666666,RandomSupport_B20,JILONG_EI_0069
rasuwagadhi_signal_loss,20.0,380.0,360.0,False,0.8529780508125671,0.8336249573975725,0.3142104305041376,13.7479248046875,0.8,RandomSupport_B20,JILONG_EI_0069
syabrubesi_signal_loss,720.0,960.0,240.0,False,0.0959523034247041,0.2980663692089165,1.137632149859605,18.646728515625,0.6,RandomSupport_B20,JILONG_EI_0069
gyirong_cctv_arrival,10.0,380.0,370.0,False,0.9122239483286558,0.9278855218746496,5.234295269977321,186.82373046875,0.6666666666666666,RandomSupport_B20,JILONG_EI_0079
rasuwagadhi_signal_loss,10.0,410.0,400.0,False,0.7581646775379929,0.7200520350309485,0.7341818317242874,32.0340576171875,0.7777777777777778,RandomSupport_B20,JILONG_EI_0079
syabrubesi_signal_loss,600.0,1100.0,500.0,False,0.6266242608328253,1.21984382319263,1.4092918718364875,10.5855712890625,0.6,RandomSupport_B20,JILONG_EI_0079
gyirong_cctv_arrival,10.0,360.0,350.0,False,0.8706890878708812,0.8635326644032459,1.8139442648467432,0.3201904296875,0.7,RandomSupport_B20,JILONG_EI_0089
rasuwagadhi_signal_loss,40.0,380.0,340.0,False,0.8511573520194397,0.8245853858479121,0.4930604272959183,2.101806640625,0.8181818181818182,RandomSupport_B20,JILONG_EI_0089
syabrubesi_signal_loss,440.0,950.0,510.0,False,0.0812224226654854,0.3408458502813573,0.3998719866700319,0.8721923828125,0.6,RandomSupport_B20,JILONG_EI_0089
gyirong_cctv_arrival,10.0,380.0,370.0,False,0.9110677321019416,0.9148890746777338,2.514118045221561,0.1510009765625,0.6666666666666666,RandomSupport_B20,JILONG_EI_0099
rasuwagadhi_signal_loss,10.0,400.0,390.0,False,0.7980051363974817,0.7802443667307898,0.4917948389798957,8.0806884765625,0.7777777777777778,RandomSupport_B20,JILONG_EI_0099
syabrubesi_signal_loss,150.0,1080.0,930.0,False,0.0596620719794693,0.3462909114595197,0.3569533296687874,6.9532470703125,0.6,RandomSupport_B20,JILONG_EI_0099
gyirong_cctv_arrival,10.0,400.0,390.0,False,0.9284305183443816,0.9596017281950712,1.9456002326262365,6.3778076171875,0.8571428571428571,RandomSupport_B20,JILONG_EI_0109
rasuwagadhi_signal_loss,20.0,430.0,410.0,False,0.8355894439680642,0.8096036215604204,0.3399574758302501,10.2486572265625,0.7777777777777778,RandomSupport_B20,JILONG_EI_0109
syabrubesi_signal_loss,660.0,1190.0,530.0,False,0.3446680880718455,1.1531073165599974,0.8267472177181604,2.982421875,0.5,RandomSupport_B20,JILONG_EI_0109
gyirong_cctv_arrival,10.0,400.0,390.0,False,0.916200611123266,0.9269808466631632,5.047280563916431,1.9151611328125,0.7272727272727273,RandomSupport_B20,JILONG_EI_0119
rasuwagadhi_signal_loss,10.0,430.0,420.0,False,0.5755809177826143,0.4309727986776548,1.424725814264909,58.525634765625,0.7777777777777778,RandomSupport_B20,JILONG_EI_0119
syabrubesi_signal_loss,180.0,1240.0,1060.0,False,1.7668630569192083,4.115420041054444,1.8663900831935123,7.668701171875,0.5,RandomSupport_B20,JILONG_EI_0119
gyirong_cctv_arrival,10.0,350.0,340.0,False,0.9343121793364192,0.9462337768699968,1.8594687056764925,0.0,0.6666666666666666,RandomSupport_B20,JILONG_EI_0129
rasuwagadhi_signal_loss,40.0,380.0,340.0,False,0.8417827619130364,0.8436712520401357,0.3199469667602793,16.207275390625,0.8,RandomSupport_B20,JILONG_EI_0129
syabrubesi_signal_loss,400.0,950.0,550.0,False,0.804022762948019,1.2610699480770862,1.3532395495718847,14.369873046875,0.6,RandomSupport_B20,JILONG_EI_0129
gyirong_cctv_arrival,10.0,380.0,370.0,False,0.9379534152351237,0.954991900150654,10.130752588504649,321.783447265625,0.6666666666666666,RandomSupport_B20,JILONG_EI_0139
rasuwagadhi_signal_loss,10.0,400.0,390.0,False,0.7535221412485231,0.6980861451048795,1.951046424278846,81.0108642578125,0.7777777777777778,RandomSupport_B20,JILONG_EI_0139
syabrubesi_signal_loss,390.0,1100.0,710.0,False,0.8053549435972996,1.4994310101524246,1.462209366508152,12.9384765625,0.6,RandomSupport_B20,JILONG_EI_0139
gyirong_cctv_arrival,10.0,380.0,370.0,False,0.9045321842372708,0.8970418910871655,9.266046708692349,317.6358642578125,0.7857142857142857,RandomSupport_B20,JILONG_EI_0149
rasuwagadhi_signal_loss,10.0,410.0,400.0,False,0.7124321574168797,0.6400241515939442,1.6965273533848662,10.705078125,0.7777777777777778,RandomSupport_B20,JILONG_EI_0149
syabrubesi_signal_loss,420.0,1120.0,700.0,False,1.7101834027165403,2.614935836867182,2.526578604158205,44.1729736328125,0.6,RandomSupport_B20,JILONG_EI_0149
gyirong_cctv_arrival,10.0,390.0,380.0,False,0.9011793934911336,0.9036369672175282,6.280375648217191,213.6275634765625,0.6666666666666666,RandomSupport_B20,JILONG_EI_0159
rasuwagadhi_signal_loss,10.0,420.0,410.0,False,0.72659750336551,0.6655102826041502,0.9809964390372792,42.132568359375,0.7777777777777778,RandomSupport_B20,JILONG_EI_0159
syabrubesi_signal_loss,490.0,1150.0,660.0,False,0.7612437955816459,1.8031559751206707,0.9036433220829316,6.3861083984375,0.5,RandomSupport_B20,JILONG_EI_0159
gyirong_cctv_arrival,10.0,390.0,380.0,False,0.9171619035487067,0.9313798479378562,2.377472568038169,5.037353515625,0.8636363636363636,RandomSupport_B20,JILONG_EI_0169
rasuwagadhi_signal_loss,10.0,420.0,410.0,False,0.8306462652936171,0.7994724409910668,0.3089382268657965,6.57861328125,0.7777777777777778,RandomSupport_B20,JILONG_EI_0169
syabrubesi_signal_loss,530.0,1120.0,590.0,False,0.1063846591139622,0.2054977274030797,0.5558985087241693,2.2916259765625,0.6,RandomSupport_B20,JILONG_EI_0169
gyirong_cctv_arrival,10.0,380.0,370.0,False,0.9429942296192748,0.9516446276457956,3.81296188074147,0.3897705078125,0.75,RandomSupport_B20,JILONG_EI_0179
rasuwagadhi_signal_loss,20.0,410.0,390.0,False,0.8240655015358196,0.8166382570946191,0.446403243010167,6.308349609375,0.7777777777777778,RandomSupport_B20,JILONG_EI_0179
syabrubesi_signal_loss,490.0,1110.0,620.0,False,0.1711189041045446,0.5733539239676586,0.8945724899704391,6.9970703125,0.6,RandomSupport_B20,JILONG_EI_0179
gyirong_cctv_arrival,10.0,410.0,400.0,False,0.9063441444359152,0.9174330503507944,3.69971916246118,5.9906005859375,0.8636363636363636,RandomSupport_B20,JILONG_EI_0189
rasuwagadhi_signal_loss,50.0,440.0,390.0,False,0.7697014288881904,0.7307023953455511,0.4095818065849804,2.3984375,0.7777777777777778,RandomSupport_B20,JILONG_EI_0189
syabrubesi_signal_loss,550.0,1250.0,700.0,False,1.1954673362853097,2.852380707063852,1.8094682568589573,17.3206787109375,0.5,RandomSupport_B20,JILONG_EI_0189
gyirong_cctv_arrival,10.0,390.0,380.0,False,0.91572155722888,0.9301017332253416,4.908545464409722,170.939697265625,0.6666666666666666,RandomSupport_B20,JILONG_EI_0199
rasuwagadhi_signal_loss,10.0,420.0,410.0,False,0.7540287214305078,0.7198958265173764,0.9447560198430164,39.8162841796875,0.7777777777777778,RandomSupport_B20,JILONG_EI_0199
syabrubesi_signal_loss,730.0,1170.0,440.0,False,0.9933928768813504,2.1989000003229324,0.9598063864903144,7.0609130859375,0.5,RandomSupport_B20,JILONG_EI_0199
gyirong_cctv_arrival,10.0,370.0,360.0,False,0.8102469359224941,0.7701709445220463,69.43798780487805,2253.9921875,0.7857142857142857,SectionOnly_B10,JILONG_EI_0009
rasuwagadhi_signal_loss,10.0,400.0,390.0,False,0.7712695720342355,0.7213687731129236,13.420924363938052,616.9970703125,0.8,SectionOnly_B10,JILONG_EI_0009
syabrubesi_signal_loss,220.0,1060.0,840.0,False,7.179342764352219,9.253160804371884,12.043717297907063,485.0728759765625,0.6,SectionOnly_B10,JILONG_EI_0009
gyirong_cctv_arrival,10.0,400.0,390.0,False,0.7548413592328139,0.6908663678086423,60.28162434895833,1834.5457763671875,0.8235294117647058,SectionOnly_B10,JILONG_EI_0019
rasuwagadhi_signal_loss,10.0,430.0,420.0,False,0.7277570487071628,0.647632731919963,7.491339358291185,325.060302734375,0.7777777777777778,SectionOnly_B10,JILONG_EI_0019
syabrubesi_signal_loss,950.0,1170.0,220.0,False,2.428715874242362,4.427322241194958,4.617344300176057,15.138671875,0.6,SectionOnly_B10,JILONG_EI_0019
gyirong_cctv_arrival,10.0,360.0,350.0,False,0.7815562495006546,0.7208071493911481,34.33861861715915,1068.416259765625,0.6666666666666666,SectionOnly_B10,JILONG_EI_0029
rasuwagadhi_signal_loss,10.0,390.0,380.0,False,0.7145026180692393,0.6428983900212265,9.750465299149168,422.826171875,0.7777777777777778,SectionOnly_B10,JILONG_EI_0029
syabrubesi_signal_loss,640.0,1010.0,370.0,False,4.372685321282807,5.94076433486669,8.996656420938006,343.744384765625,0.6,SectionOnly_B10,JILONG_EI_0029
gyirong_cctv_arrival,10.0,380.0,370.0,False,0.7212642925357755,0.6189665690889204,38.33537032614629,1127.171630859375,0.6666666666666666,SectionOnly_B10,JILONG_EI_0039
rasuwagadhi_signal_loss,10.0,400.0,390.0,False,0.6434859917227312,0.5261886171651838,16.670738244282333,662.617431640625,0.7777777777777778,SectionOnly_B10,JILONG_EI_0039
syabrubesi_signal_loss,100.0,1100.0,1000.0,False,4.204253812327493,6.711687741779273,14.706957581071755,497.8499755859375,0.6,SectionOnly_B10,JILONG_EI_0039
gyirong_cctv_arrival,10.0,350.0,340.0,False,0.8156576689981471,0.7788704519641582,22.01561367753624,0.8641357421875,0.6666666666666666,SectionOnly_B10,JILONG_EI_0049
rasuwagadhi_signal_loss,10.0,380.0,370.0,False,0.8207467519160622,0.7843605023466755,2.4567705462389755,117.2105712890625,0.8181818181818182,SectionOnly_B10,JILONG_EI_0049
syabrubesi_signal_loss,620.0,940.0,320.0,False,3.841963115373297,4.839771304563105,6.050013633345979,61.747314453125,0.6,SectionOnly_B10,JILONG_EI_0049
gyirong_cctv_arrival,10.0,380.0,370.0,False,0.79594316210698,0.7397408819539113,42.62265828981723,1306.187255859375,0.6666666666666666,SectionOnly_B10,JILONG_EI_0059
rasuwagadhi_signal_loss,10.0,410.0,400.0,False,0.736607196826163,0.6739422166902498,10.993162602765322,460.84814453125,0.7777777777777778,SectionOnly_B10,JILONG_EI_0059
syabrubesi_signal_loss,570.0,1100.0,530.0,False,3.1999987135379504,4.7032614928194,8.817969927594746,317.3558349609375,0.6,SectionOnly_B10,JILONG_EI_0059
gyirong_cctv_arrival,10.0,360.0,350.0,False,0.8524410541503616,0.8240461556454586,13.223563539100985,454.719482421875,0.6666666666666666,SectionOnly_B10,JILONG_EI_0069
rasuwagadhi_signal_loss,20.0,380.0,360.0,False,0.7381635373606544,0.6917291075819186,3.0209134091898955,137.1563720703125,0.8,SectionOnly_B10,JILONG_EI_0069
syabrubesi_signal_loss,900.0,960.0,60.0,False,4.234644370155068,5.200010520926762,7.222402086560805,35.515380859375,0.6,SectionOnly_B10,JILONG_EI_0069
gyirong_cctv_arrival,10.0,380.0,370.0,False,0.6846251346345321,0.603149912112722,81.5916572171825,2419.360107421875,0.6666666666666666,SectionOnly_B10,JILONG_EI_0079
rasuwagadhi_signal_loss,10.0,410.0,400.0,False,0.6914413826856909,0.6236216350410484,7.873389950885978,320.04833984375,0.7777777777777778,SectionOnly_B10,JILONG_EI_0079
syabrubesi_signal_loss,760.0,1100.0,340.0,False,2.6598070045903897,3.994515432259408,6.672718316736356,234.7005615234375,0.6,SectionOnly_B10,JILONG_EI_0079
gyirong_cctv_arrival,10.0,360.0,350.0,False,0.8381533480209342,0.8044873443859556,13.263925369671934,373.170654296875,0.7,SectionOnly_B10,JILONG_EI_0089
rasuwagadhi_signal_loss,10.0,380.0,370.0,False,0.8030110194657427,0.7529918511548438,2.5485185480442176,120.059326171875,0.8181818181818182,SectionOnly_B10,JILONG_EI_0089
syabrubesi_signal_loss,570.0,950.0,380.0,False,4.259172980470566,5.457109105947297,6.746018178296394,55.0343017578125,0.6,SectionOnly_B10,JILONG_EI_0089
gyirong_cctv_arrival,10.0,380.0,370.0,False,0.8101812166770656,0.7498971635037828,14.22061115244709,452.172119140625,0.6666666666666666,SectionOnly_B10,JILONG_EI_0099
rasuwagadhi_signal_loss,10.0,400.0,390.0,False,0.7409724480711448,0.6733547302281248,3.917509191176471,166.7503662109375,0.7777777777777778,SectionOnly_B10,JILONG_EI_0099
syabrubesi_signal_loss,130.0,1080.0,950.0,False,1.6255758495415198,2.6138368620783003,11.995845641306673,437.080322265625,0.6,SectionOnly_B10,JILONG_EI_0099
gyirong_cctv_arrival,10.0,400.0,390.0,False,0.8150299709778038,0.7742754763251326,31.07852965577824,958.3411865234376,0.8571428571428571,SectionOnly_B10,JILONG_EI_0109
rasuwagadhi_signal_loss,10.0,430.0,420.0,False,0.7490608998645664,0.6841385464625619,1.80564720148432,81.596923828125,0.7777777777777778,SectionOnly_B10,JILONG_EI_0109
syabrubesi_signal_loss,990.0,1190.0,200.0,False,1.6207314963677557,3.196363555901652,3.5961692954009434,16.369873046875,0.5,SectionOnly_B10,JILONG_EI_0109
gyirong_cctv_arrival,10.0,400.0,390.0,False,0.8350029083585406,0.7825339393834457,43.7867209631728,1236.84375,0.7272727272727273,SectionOnly_B10,JILONG_EI_0119
rasuwagadhi_signal_loss,10.0,430.0,420.0,False,0.6110480585271941,0.4785243077458944,12.173772585900474,482.78076171875,0.7777777777777778,SectionOnly_B10,JILONG_EI_0119
syabrubesi_signal_loss,50.0,1240.0,1190.0,False,3.2450106079849195,6.8482425374364455,11.733344912262304,324.359619140625,0.5,SectionOnly_B10,JILONG_EI_0119
gyirong_cctv_arrival,10.0,350.0,340.0,False,0.7628708788296302,0.7059773470583578,15.068554976566354,512.593994140625,0.6666666666666666,SectionOnly_B10,JILONG_EI_0129
rasuwagadhi_signal_loss,10.0,380.0,370.0,False,0.6964415002696094,0.6247823671760587,8.976962341689799,405.9708251953125,0.8,SectionOnly_B10,JILONG_EI_0129
syabrubesi_signal_loss,730.0,950.0,220.0,False,5.956274602262543,7.652590804220196,8.066661728424922,46.7701416015625,0.6,SectionOnly_B10,JILONG_EI_0129
gyirong_cctv_arrival,10.0,380.0,370.0,False,0.7365524648754721,0.6692706173981732,69.07680084745763,2003.010986328125,0.6666666666666666,SectionOnly_B10,JILONG_EI_0139
rasuwagadhi_signal_loss,10.0,400.0,390.0,False,0.6634635502506198,0.5723994633730016,26.49387620192308,1076.765380859375,0.7777777777777778,SectionOnly_B10,JILONG_EI_0139
syabrubesi_signal_loss,250.0,1100.0,850.0,False,5.043722392909928,7.367256100615961,12.947839673913045,461.9678955078125,0.6,SectionOnly_B10,JILONG_EI_0139
gyirong_cctv_arrival,10.0,380.0,370.0,False,0.8394309752447007,0.8029655276806537,154.11910795742523,4781.4361572265625,0.7857142857142857,SectionOnly_B10,JILONG_EI_0149
rasuwagadhi_signal_loss,10.0,410.0,400.0,False,0.6967621350103458,0.6204085034753493,45.95212847956307,2037.43115234375,0.7777777777777778,SectionOnly_B10,JILONG_EI_0149
syabrubesi_signal_loss,300.0,1120.0,820.0,False,7.835032032212881,10.732756975830434,16.420356607940697,626.4837646484375,0.6,SectionOnly_B10,JILONG_EI_0149
gyirong_cctv_arrival,10.0,390.0,380.0,False,0.6276587862910245,0.5158780025052555,65.57172756236443,1919.074951171875,0.6666666666666666,SectionOnly_B10,JILONG_EI_0159
rasuwagadhi_signal_loss,10.0,420.0,410.0,False,0.7093750965545745,0.6161141729718038,9.075192310001922,370.55322265625,0.7777777777777778,SectionOnly_B10,JILONG_EI_0159
syabrubesi_signal_loss,670.0,1150.0,480.0,False,2.417648836841097,4.439452949040196,7.702234133919961,248.0640869140625,0.5,SectionOnly_B10,JILONG_EI_0159
gyirong_cctv_arrival,10.0,390.0,380.0,False,0.7964987149641611,0.7496291898901226,15.778803080510556,4.2242431640625,0.8636363636363636,SectionOnly_B10,JILONG_EI_0169
rasuwagadhi_signal_loss,10.0,420.0,410.0,False,0.7610334179784145,0.6967849568593145,1.807588099795013,82.699462890625,0.7777777777777778,SectionOnly_B10,JILONG_EI_0169
syabrubesi_signal_loss,660.0,1120.0,460.0,False,2.8286809448811496,4.164936149629408,6.056956385484198,50.6072998046875,0.6,SectionOnly_B10,JILONG_EI_0169
gyirong_cctv_arrival,10.0,380.0,370.0,False,0.8707105853183725,0.842084636009564,24.02347235892389,746.356689453125,0.75,SectionOnly_B10,JILONG_EI_0179
rasuwagadhi_signal_loss,10.0,410.0,400.0,False,0.7763675648896387,0.7271867318899911,2.624698591820988,114.71337890625,0.7777777777777778,SectionOnly_B10,JILONG_EI_0179
syabrubesi_signal_loss,500.0,1110.0,610.0,False,2.502471279987664,3.705437605557335,6.407812170080237,38.6893310546875,0.6,SectionOnly_B10,JILONG_EI_0179
gyirong_cctv_arrival,10.0,410.0,400.0,False,0.7828776149595079,0.728592938505665,95.85334174430642,2917.1854248046875,0.8636363636363636,SectionOnly_B10,JILONG_EI_0189
rasuwagadhi_signal_loss,10.0,440.0,430.0,False,0.6354325630862353,0.5264965892702902,6.895013271233975,303.060791015625,0.7777777777777778,SectionOnly_B10,JILONG_EI_0189
syabrubesi_signal_loss,700.0,1250.0,550.0,False,4.288654049440038,8.279987221704785,8.14336694604505,51.5205078125,0.5,SectionOnly_B10,JILONG_EI_0189
gyirong_cctv_arrival,10.0,390.0,380.0,False,0.8264523008155269,0.785455752867827,33.600963541666665,976.531005859375,0.6666666666666666,SectionOnly_B10,JILONG_EI_0199
rasuwagadhi_signal_loss,10.0,420.0,410.0,False,0.5624193597270157,0.4484464429364874,12.885042241294991,514.606201171875,0.7777777777777778,SectionOnly_B10,JILONG_EI_0199
syabrubesi_signal_loss,980.0,1170.0,190.0,False,12.530574007296496,20.713207515834064,8.332620423672028,23.6947021484375,0.5,SectionOnly_B10,JILONG_EI_0199
gyirong_cctv_arrival,10.0,370.0,360.0,False,0.917086638126112,0.971499628203144,0.9620121951219512,2.869873046875,0.7857142857142857,SupportRiskOnly_B10,JILONG_EI_0009
rasuwagadhi_signal_loss,50.0,400.0,350.0,False,0.9521485986372656,0.995364791352394,0.9423927842069436,37.407958984375,0.8,SupportRiskOnly_B10,JILONG_EI_0009
syabrubesi_signal_loss,410.0,1060.0,650.0,False,0.7672598190852152,0.9600283505535327,0.932699692780338,32.70703125,0.6,SupportRiskOnly_B10,JILONG_EI_0009
gyirong_cctv_arrival,10.0,400.0,390.0,False,0.9185083954545624,0.9710693613909156,0.9267786582310994,4.1278076171875,0.8235294117647058,SupportRiskOnly_B10,JILONG_EI_0019
rasuwagadhi_signal_loss,50.0,430.0,380.0,False,0.9496783372177962,0.9928609889769542,0.9125310203243542,34.8297119140625,0.7777777777777778,SupportRiskOnly_B10,JILONG_EI_0019
syabrubesi_signal_loss,460.0,1170.0,710.0,False,0.5856920511693442,0.9283273144104977,0.9177230046948356,25.2041015625,0.6,SupportRiskOnly_B10,JILONG_EI_0019
gyirong_cctv_arrival,10.0,360.0,350.0,False,0.9109476696207818,0.965743732161856,0.9596293416277863,0.0,0.6666666666666666,SupportRiskOnly_B10,JILONG_EI_0029
rasuwagadhi_signal_loss,10.0,390.0,380.0,False,0.9365769987219108,0.9935216907915844,0.9387219406227372,33.869873046875,0.7777777777777778,SupportRiskOnly_B10,JILONG_EI_0029
syabrubesi_signal_loss,370.0,1010.0,640.0,False,0.6146047361538258,0.9215952126826388,0.9289910858995136,30.61328125,0.6,SupportRiskOnly_B10,JILONG_EI_0029
gyirong_cctv_arrival,10.0,380.0,370.0,False,0.9176374759591248,0.9629988272553688,0.9133631943615242,0.0,0.6666666666666666,SupportRiskOnly_B10,JILONG_EI_0039
rasuwagadhi_signal_loss,10.0,400.0,390.0,False,0.8706436092935749,0.9853477097295236,0.901047817916148,30.43603515625,0.7777777777777778,SupportRiskOnly_B10,JILONG_EI_0039
syabrubesi_signal_loss,330.0,1100.0,770.0,False,0.4912673101883452,0.8995886724555441,0.9193882244710212,26.08203125,0.6,SupportRiskOnly_B10,JILONG_EI_0039
gyirong_cctv_arrival,10.0,350.0,340.0,False,0.9550696104510878,0.9852853591350254,0.96237922705314,0.0,0.6666666666666666,SupportRiskOnly_B10,JILONG_EI_0049
rasuwagadhi_signal_loss,50.0,380.0,330.0,False,0.9594657041770652,0.9951044622456446,0.9425881953867028,35.3316650390625,0.8181818181818182,SupportRiskOnly_B10,JILONG_EI_0049
syabrubesi_signal_loss,400.0,940.0,540.0,False,0.7628127894107762,0.9625053913881642,0.9335166919575114,33.26953125,0.6,SupportRiskOnly_B10,JILONG_EI_0049
gyirong_cctv_arrival,10.0,380.0,370.0,False,0.9139674338031988,0.9674977672236404,0.906238063881976,0.0,0.6666666666666666,SupportRiskOnly_B10,JILONG_EI_0059
rasuwagadhi_signal_loss,10.0,410.0,400.0,False,0.9385398328986136,0.991187875184184,0.9064871555664792,33.2044677734375,0.7777777777777778,SupportRiskOnly_B10,JILONG_EI_0059
syabrubesi_signal_loss,370.0,1100.0,730.0,False,0.5617480712495916,0.9240230750551088,0.924526270456503,28.34765625,0.6,SupportRiskOnly_B10,JILONG_EI_0059
gyirong_cctv_arrival,10.0,360.0,350.0,False,0.9542084260398608,0.986876660153741,0.9616379310344828,7.8238525390625,0.6666666666666666,SupportRiskOnly_B10,JILONG_EI_0069
rasuwagadhi_signal_loss,50.0,380.0,330.0,False,0.9449449205688526,0.9968324108990912,0.94102787456446,34.803466796875,0.8,SupportRiskOnly_B10,JILONG_EI_0069
syabrubesi_signal_loss,530.0,960.0,430.0,False,0.8340679095993465,0.978718677880846,0.9321262587141752,32.39453125,0.6,SupportRiskOnly_B10,JILONG_EI_0069
gyirong_cctv_arrival,10.0,380.0,370.0,False,0.918879597351164,0.9717027016012564,0.8707526175418556,0.0,0.6666666666666666,SupportRiskOnly_B10,JILONG_EI_0079
rasuwagadhi_signal_loss,10.0,410.0,400.0,False,0.9435299819712324,0.992215103968458,0.9147664967964536,32.179443359375,0.7777777777777778,SupportRiskOnly_B10,JILONG_EI_0079
syabrubesi_signal_loss,390.0,1100.0,710.0,False,0.5826711146310257,0.958404445395045,0.9228653169014084,27.59765625,0.6,SupportRiskOnly_B10,JILONG_EI_0079
gyirong_cctv_arrival,10.0,360.0,350.0,False,0.9183853877708054,0.9718812655579204,0.9627035440613028,0.0,0.7,SupportRiskOnly_B10,JILONG_EI_0089
rasuwagadhi_signal_loss,50.0,380.0,330.0,False,0.95509295332119,0.9947329035641096,0.9424319727891156,36.489501953125,0.8181818181818182,SupportRiskOnly_B10,JILONG_EI_0089
syabrubesi_signal_loss,390.0,950.0,560.0,False,0.7075749280831339,0.9507539202337362,0.9341660405709992,33.64453125,0.6,SupportRiskOnly_B10,JILONG_EI_0089
gyirong_cctv_arrival,10.0,380.0,370.0,False,0.9091796680894656,0.9618852311589844,0.9587962962962964,0.0,0.6666666666666666,SupportRiskOnly_B10,JILONG_EI_0099
rasuwagadhi_signal_loss,10.0,400.0,390.0,False,0.922050719979686,0.9915131989738258,0.93698808637379,33.4874267578125,0.7777777777777778,SupportRiskOnly_B10,JILONG_EI_0099
syabrubesi_signal_loss,310.0,1080.0,770.0,False,0.5698231314966694,0.92952805193172,0.925042771599658,28.59765625,0.6,SupportRiskOnly_B10,JILONG_EI_0099
gyirong_cctv_arrival,10.0,400.0,390.0,False,0.913463170582714,0.9727002726981308,0.9594612181155648,6.3778076171875,0.8571428571428571,SupportRiskOnly_B10,JILONG_EI_0109
rasuwagadhi_signal_loss,60.0,430.0,370.0,False,0.9634154408148734,0.9954384985044168,0.9403629316420014,35.9111328125,0.7777777777777778,SupportRiskOnly_B10,JILONG_EI_0109
syabrubesi_signal_loss,460.0,1190.0,730.0,False,0.6299548716583614,0.963185190538126,0.9173349056603772,25.2005615234375,0.5,SupportRiskOnly_B10,JILONG_EI_0109
gyirong_cctv_arrival,10.0,400.0,390.0,False,0.9141911286432632,0.9617161762656884,0.90612070229506,0.3759765625,0.7272727272727273,SupportRiskOnly_B10,JILONG_EI_0119
rasuwagadhi_signal_loss,10.0,430.0,420.0,False,0.8000631217964131,0.9813640830556828,0.9034717192205396,30.996826171875,0.7777777777777778,SupportRiskOnly_B10,JILONG_EI_0119
syabrubesi_signal_loss,320.0,1240.0,920.0,False,0.2002690206810217,0.8734971681718393,0.8789058745040723,20.9500732421875,0.5,SupportRiskOnly_B10,JILONG_EI_0119
gyirong_cctv_arrival,10.0,350.0,340.0,False,0.955032421287103,0.9849410776396836,0.9615811544153922,0.0,0.6666666666666666,SupportRiskOnly_B10,JILONG_EI_0129
rasuwagadhi_signal_loss,40.0,380.0,340.0,False,0.947565943122753,0.9951964493586096,0.9412734212352531,34.9005126953125,0.8,SupportRiskOnly_B10,JILONG_EI_0129
syabrubesi_signal_loss,440.0,950.0,510.0,False,0.7273434481341773,0.9498417701583372,0.9321787925696594,32.42578125,0.6,SupportRiskOnly_B10,JILONG_EI_0129
gyirong_cctv_arrival,10.0,380.0,370.0,False,0.9161435348152536,0.9665754098814588,0.9134574126780132,0.0,0.6666666666666666,SupportRiskOnly_B10,JILONG_EI_0139
rasuwagadhi_signal_loss,10.0,400.0,390.0,False,0.9056367262231796,0.9889082837190236,0.905421436016376,32.0576171875,0.7777777777777778,SupportRiskOnly_B10,JILONG_EI_0139
syabrubesi_signal_loss,370.0,1100.0,730.0,False,0.6131913565937144,0.9290410613005984,0.923804347826087,28.01953125,0.6,SupportRiskOnly_B10,JILONG_EI_0139
gyirong_cctv_arrival,10.0,380.0,370.0,False,0.9206494881889252,0.9684161117838644,0.9403372685799306,2.9166259765625,0.7857142857142857,SupportRiskOnly_B10,JILONG_EI_0149
rasuwagadhi_signal_loss,10.0,410.0,400.0,False,0.924697266236552,0.9917385234187108,0.917038539163322,35.9178466796875,0.7777777777777778,SupportRiskOnly_B10,JILONG_EI_0149
syabrubesi_signal_loss,430.0,1120.0,690.0,False,0.7165483448936033,0.9447673157506016,0.9288180341186028,30.45703125,0.6,SupportRiskOnly_B10,JILONG_EI_0149
gyirong_cctv_arrival,10.0,390.0,380.0,False,0.9179319025448412,0.9689227919137,0.912010085298286,0.0,0.6666666666666666,SupportRiskOnly_B10,JILONG_EI_0159
rasuwagadhi_signal_loss,10.0,420.0,410.0,False,0.928037017326014,0.9891617212854484,0.9036400668168416,32.0750732421875,0.7777777777777778,SupportRiskOnly_B10,JILONG_EI_0159
syabrubesi_signal_loss,370.0,1150.0,780.0,False,0.5323440425404706,0.9260474104994612,0.9155014464802316,24.56640625,0.5,SupportRiskOnly_B10,JILONG_EI_0159
gyirong_cctv_arrival,10.0,390.0,380.0,False,0.9183886047606856,0.9736280690308082,0.9572662817946122,6.8408203125,0.8636363636363636,SupportRiskOnly_B10,JILONG_EI_0169
rasuwagadhi_signal_loss,60.0,420.0,360.0,False,0.963432950179679,0.9959199118411484,0.9433567603748326,38.207275390625,0.7777777777777778,SupportRiskOnly_B10,JILONG_EI_0169
syabrubesi_signal_loss,460.0,1120.0,660.0,False,0.7439655204352882,0.9640900750010926,0.9289910858995136,30.58203125,0.6,SupportRiskOnly_B10,JILONG_EI_0169
gyirong_cctv_arrival,10.0,380.0,370.0,False,0.9092645987498388,0.9680070780056372,0.9591207349081364,0.3828125,0.75,SupportRiskOnly_B10,JILONG_EI_0179
rasuwagadhi_signal_loss,40.0,410.0,370.0,False,0.9470044196289944,0.9940163150105824,0.9385439360929556,34.583251953125,0.7777777777777778,SupportRiskOnly_B10,JILONG_EI_0179
syabrubesi_signal_loss,360.0,1110.0,750.0,False,0.6202461885713317,0.9492082031603007,0.9259923986486488,29.05078125,0.6,SupportRiskOnly_B10,JILONG_EI_0179
gyirong_cctv_arrival,10.0,410.0,400.0,False,0.913015268724945,0.9691445807178644,0.9596920289855072,7.1322021484375,0.8636363636363636,SupportRiskOnly_B10,JILONG_EI_0189
rasuwagadhi_signal_loss,50.0,440.0,390.0,False,0.9408059278883588,0.9941463453585816,0.9397257834757836,35.446044921875,0.7777777777777778,SupportRiskOnly_B10,JILONG_EI_0189
syabrubesi_signal_loss,450.0,1250.0,800.0,False,0.4393594092111916,0.9074767984537392,0.9081980094290204,22.4195556640625,0.5,SupportRiskOnly_B10,JILONG_EI_0189
gyirong_cctv_arrival,10.0,390.0,380.0,False,0.9182590113832894,0.9731394891015772,0.9291642634073892,0.0,0.6666666666666666,SupportRiskOnly_B10,JILONG_EI_0199
rasuwagadhi_signal_loss,10.0,420.0,410.0,False,0.9357359624183978,0.9927559192376456,0.9204682841174108,31.600341796875,0.7777777777777778,SupportRiskOnly_B10,JILONG_EI_0199
syabrubesi_signal_loss,440.0,1170.0,730.0,False,0.485417858206015,0.9340465418102756,0.9145955165692008,24.1790771484375,0.5,SupportRiskOnly_B10,JILONG_EI_0199
