Reading data file: claw.data
         first 5 lines are comments and will be skipped
Reading data file: amr.data
         first 5 lines are comments and will be skipped
  
 Running amrclaw ...  
  
Reading data file: geoclaw.data
         first 5 lines are comments and will be skipped
Reading data file: refinement.data
         first 5 lines are comments and will be skipped
Reading data file: dtopo.data
         first 5 lines are comments and will be skipped
Reading data file: topo.data
         first 5 lines are comments and will be skipped
 *** in file: /root/autodl-tmp/Debris-flow-jilong-final/sim/dclaw/jilong_published_route_rebase/published_route_domain_64m.tt3
     Shifting xllcorner by 0.5*dx to cell center
 *** in file: /root/autodl-tmp/Debris-flow-jilong-final/sim/dclaw/jilong_published_route_rebase/published_route_domain_64m.tt3
     Shifting yllcorner by 0.5*dy to cell center
  
 Reading topography file  /root/autodl-tmp/Debris-flow-jilong-final/sim/dclaw/jilong_published_route_rebase/published_route_domain_64m.tt3                                      
 **** WARNING
 **** topo arrays do not quite cover domain
 **** area of overlap =    179568640.00000000     
 **** area of domain  =    181350400.00000000     
 **** error is less than 1% so proceeding...
Reading data file: auxinit_dclaw.data       
         first 5 lines are comments and will be skipped
  
 Reading auxinit file  /root/autodl-tmp/Debris-flow-jilong-final/sim/dclaw/jilong_published_route_rebase/entrainment/erodible_thickness_e4_published.tt3                     
Reading data file: fgout_grids.data
         first 5 lines are comments and will be skipped
Reading data file: regions.data
         first 5 lines are comments and will be skipped
Reading data file: flagregions.data
         first 5 lines are comments and will be skipped
Reading data file: gauges.data
         first 5 lines are comments and will be skipped
Reading data file: fgmax_grids.data
         first 5 lines are comments and will be skipped
 +++ fgbb:    338894.00000000000        356430.00000000000        3127228.0000000000        3137468.0000000000     
 +++ fgll:    338894.00000000000        3127228.0000000000              275         161
 +++ fg%x(npts), fg%y(1):    356430.00000000000        3127228.0000000000     
Reading data file: dclaw.data               
         first 5 lines are comments and will be skipped
Reading data file: pinit_dclaw.data         
         first 5 lines are comments and will be skipped
Reading data file: qinit_dclaw.data         
         first 5 lines are comments and will be skipped
Reading data file: flowgrades.data          
         first 5 lines are comments and will be skipped
 rnode allocated...
 node allocated...
 listOfGrids allocated...
 Storage allocated...
 bndList allocated...
Gridding level   1 at t =  0.000000E+00:     1 grids with       44275 cells
  max threads set to           12
  
 Done reading data, starting computation ...  
  
 Total mass at initial time:    0.0000000000000000     
GEOCLAW: Frame    0 output files done at time t =  0.000000D+00

 AMRCLAW: level  1  CFL = .000E+00  dt = 0.5000E-01  final t = 0.500000E-01
 AMRCLAW: level  1  CFL = .000E+00  dt = 0.5000E+00  final t = 0.550000E+00
 AMRCLAW: level  1  CFL = .105E-01  dt = 0.5000E+00  final t = 0.105000E+01
 AMRCLAW: level  1  CFL = .272E-01  dt = 0.5000E+00  final t = 0.155000E+01
 AMRCLAW: level  1  CFL = .452E-01  dt = 0.5000E+00  final t = 0.205000E+01
 AMRCLAW: level  1  CFL = .570E-01  dt = 0.5000E+00  final t = 0.255000E+01
 AMRCLAW: level  1  CFL = .743E-01  dt = 0.5000E+00  final t = 0.305000E+01
 AMRCLAW: level  1  CFL = .912E-01  dt = 0.5000E+00  final t = 0.355000E+01
 AMRCLAW: level  1  CFL = .107E+00  dt = 0.5000E+00  final t = 0.405000E+01
 AMRCLAW: level  1  CFL = .123E+00  dt = 0.5000E+00  final t = 0.455000E+01
 AMRCLAW: level  1  CFL = .138E+00  dt = 0.5000E+00  final t = 0.505000E+01
 AMRCLAW: level  1  CFL = .152E+00  dt = 0.5000E+00  final t = 0.555000E+01
 AMRCLAW: level  1  CFL = .166E+00  dt = 0.5000E+00  final t = 0.605000E+01
 AMRCLAW: level  1  CFL = .178E+00  dt = 0.5000E+00  final t = 0.655000E+01
 AMRCLAW: level  1  CFL = .190E+00  dt = 0.5000E+00  final t = 0.705000E+01
 AMRCLAW: level  1  CFL = .200E+00  dt = 0.5000E+00  final t = 0.755000E+01
 AMRCLAW: level  1  CFL = .209E+00  dt = 0.5000E+00  final t = 0.805000E+01
 AMRCLAW: level  1  CFL = .219E+00  dt = 0.5000E+00  final t = 0.855000E+01
 AMRCLAW: level  1  CFL = .231E+00  dt = 0.5000E+00  final t = 0.905000E+01
 AMRCLAW: level  1  CFL = .245E+00  dt = 0.5000E+00  final t = 0.955000E+01
 AMRCLAW: level  1  CFL = .259E+00  dt = 0.5000E+00  final t = 0.100500E+02
 AMRCLAW: level  1  CFL = .271E+00  dt = 0.5000E+00  final t = 0.105500E+02
 AMRCLAW: level  1  CFL = .283E+00  dt = 0.5000E+00  final t = 0.110500E+02
 AMRCLAW: level  1  CFL = .295E+00  dt = 0.5000E+00  final t = 0.115500E+02
 AMRCLAW: level  1  CFL = .306E+00  dt = 0.5000E+00  final t = 0.120500E+02
 AMRCLAW: level  1  CFL = .317E+00  dt = 0.5000E+00  final t = 0.125500E+02
 AMRCLAW: level  1  CFL = .327E+00  dt = 0.5000E+00  final t = 0.130500E+02
 AMRCLAW: level  1  CFL = .336E+00  dt = 0.5000E+00  final t = 0.135500E+02
 AMRCLAW: level  1  CFL = .344E+00  dt = 0.5000E+00  final t = 0.140500E+02
 AMRCLAW: level  1  CFL = .353E+00  dt = 0.5000E+00  final t = 0.145500E+02
 AMRCLAW: level  1  CFL = .362E+00  dt = 0.5000E+00  final t = 0.150500E+02
 AMRCLAW: level  1  CFL = .371E+00  dt = 0.5000E+00  final t = 0.155500E+02
 AMRCLAW: level  1  CFL = .379E+00  dt = 0.5000E+00  final t = 0.160500E+02
 AMRCLAW: level  1  CFL = .386E+00  dt = 0.5000E+00  final t = 0.165500E+02
 AMRCLAW: level  1  CFL = .392E+00  dt = 0.5000E+00  final t = 0.170500E+02
 AMRCLAW: level  1  CFL = .398E+00  dt = 0.5000E+00  final t = 0.175500E+02
 AMRCLAW: level  1  CFL = .404E+00  dt = 0.5000E+00  final t = 0.180500E+02
 AMRCLAW: level  1  CFL = .409E+00  dt = 0.5000E+00  final t = 0.185500E+02
 AMRCLAW: level  1  CFL = .414E+00  dt = 0.5000E+00  final t = 0.190500E+02
 AMRCLAW: level  1  CFL = .419E+00  dt = 0.5000E+00  final t = 0.195500E+02
 AMRCLAW: level  1  CFL = .424E+00  dt = 0.5000E+00  final t = 0.200500E+02
 AMRCLAW: level  1  CFL = .428E+00  dt = 0.5000E+00  final t = 0.205500E+02
 AMRCLAW: level  1  CFL = .432E+00  dt = 0.5000E+00  final t = 0.210500E+02
 AMRCLAW: level  1  CFL = .436E+00  dt = 0.5000E+00  final t = 0.215500E+02
 AMRCLAW: level  1  CFL = .440E+00  dt = 0.5000E+00  final t = 0.220500E+02
 AMRCLAW: level  1  CFL = .440E+00  dt = 0.5000E+00  final t = 0.225500E+02
 AMRCLAW: level  1  CFL = .441E+00  dt = 0.5000E+00  final t = 0.230500E+02
 AMRCLAW: level  1  CFL = .442E+00  dt = 0.5000E+00  final t = 0.235500E+02
 AMRCLAW: level  1  CFL = .443E+00  dt = 0.5000E+00  final t = 0.240500E+02
 AMRCLAW: level  1  CFL = .444E+00  dt = 0.5000E+00  final t = 0.245500E+02
 AMRCLAW: level  1  CFL = .445E+00  dt = 0.5000E+00  final t = 0.250500E+02
 AMRCLAW: level  1  CFL = .446E+00  dt = 0.5000E+00  final t = 0.255500E+02
 AMRCLAW: level  1  CFL = .447E+00  dt = 0.5000E+00  final t = 0.260500E+02
 AMRCLAW: level  1  CFL = .448E+00  dt = 0.5000E+00  final t = 0.265500E+02
 AMRCLAW: level  1  CFL = .448E+00  dt = 0.5000E+00  final t = 0.270500E+02
 AMRCLAW: level  1  CFL = .449E+00  dt = 0.5000E+00  final t = 0.275500E+02
 AMRCLAW: level  1  CFL = .450E+00  dt = 0.5000E+00  final t = 0.280500E+02
 AMRCLAW: level  1  CFL = .451E+00  dt = 0.5000E+00  final t = 0.285500E+02
 AMRCLAW: level  1  CFL = .451E+00  dt = 0.4993E+00  final t = 0.290493E+02
 AMRCLAW: level  1  CFL = .451E+00  dt = 0.4982E+00  final t = 0.295475E+02
 AMRCLAW: level  1  CFL = .411E+00  dt = 0.4525E+00  final t = 0.300000E+02
GEOCLAW: Frame    1 output files done at time t =  0.300000D+02

 AMRCLAW: level  1  CFL = .451E+00  dt = 0.4950E+00  final t = 0.304950E+02
 AMRCLAW: level  1  CFL = .451E+00  dt = 0.4936E+00  final t = 0.309886E+02
 AMRCLAW: level  1  CFL = .450E+00  dt = 0.4927E+00  final t = 0.314812E+02
 AMRCLAW: level  1  CFL = .450E+00  dt = 0.4921E+00  final t = 0.319734E+02
 AMRCLAW: level  1  CFL = .450E+00  dt = 0.4918E+00  final t = 0.324652E+02
 AMRCLAW: level  1  CFL = .451E+00  dt = 0.4913E+00  final t = 0.329565E+02
 AMRCLAW: level  1  CFL = .450E+00  dt = 0.4907E+00  final t = 0.334472E+02
 AMRCLAW: level  1  CFL = .450E+00  dt = 0.4904E+00  final t = 0.339376E+02
 AMRCLAW: level  1  CFL = .450E+00  dt = 0.4900E+00  final t = 0.344276E+02
 AMRCLAW: level  1  CFL = .450E+00  dt = 0.4895E+00  final t = 0.349171E+02
 AMRCLAW: level  1  CFL = .450E+00  dt = 0.4891E+00  final t = 0.354062E+02
 AMRCLAW: level  1  CFL = .450E+00  dt = 0.4887E+00  final t = 0.358948E+02
 AMRCLAW: level  1  CFL = .450E+00  dt = 0.4882E+00  final t = 0.363831E+02
 AMRCLAW: level  1  CFL = .450E+00  dt = 0.4878E+00  final t = 0.368709E+02
 AMRCLAW: level  1  CFL = .450E+00  dt = 0.4875E+00  final t = 0.373584E+02
 AMRCLAW: level  1  CFL = .450E+00  dt = 0.4871E+00  final t = 0.378455E+02
 AMRCLAW: level  1  CFL = .450E+00  dt = 0.4868E+00  final t = 0.383323E+02
 AMRCLAW: level  1  CFL = .450E+00  dt = 0.4865E+00  final t = 0.388187E+02
 AMRCLAW: level  1  CFL = .450E+00  dt = 0.4861E+00  final t = 0.393049E+02
 AMRCLAW: level  1  CFL = .450E+00  dt = 0.4858E+00  final t = 0.397907E+02
 AMRCLAW: level  1  CFL = .450E+00  dt = 0.4856E+00  final t = 0.402763E+02
 AMRCLAW: level  1  CFL = .450E+00  dt = 0.4853E+00  final t = 0.407615E+02
 AMRCLAW: level  1  CFL = .450E+00  dt = 0.4850E+00  final t = 0.412465E+02
 AMRCLAW: level  1  CFL = .450E+00  dt = 0.4847E+00  final t = 0.417313E+02
 AMRCLAW: level  1  CFL = .450E+00  dt = 0.4845E+00  final t = 0.422158E+02
 AMRCLAW: level  1  CFL = .450E+00  dt = 0.4843E+00  final t = 0.427000E+02
 AMRCLAW: level  1  CFL = .450E+00  dt = 0.4841E+00  final t = 0.431841E+02
 AMRCLAW: level  1  CFL = .450E+00  dt = 0.4839E+00  final t = 0.436680E+02
 AMRCLAW: level  1  CFL = .450E+00  dt = 0.4837E+00  final t = 0.441518E+02
 AMRCLAW: level  1  CFL = .450E+00  dt = 0.4836E+00  final t = 0.446354E+02
 AMRCLAW: level  1  CFL = .450E+00  dt = 0.4835E+00  final t = 0.451188E+02
 AMRCLAW: level  1  CFL = .450E+00  dt = 0.4833E+00  final t = 0.456021E+02
 AMRCLAW: level  1  CFL = .450E+00  dt = 0.4832E+00  final t = 0.460853E+02
 AMRCLAW: level  1  CFL = .450E+00  dt = 0.4831E+00  final t = 0.465684E+02
 AMRCLAW: level  1  CFL = .450E+00  dt = 0.4830E+00  final t = 0.470515E+02
 AMRCLAW: level  1  CFL = .450E+00  dt = 0.4829E+00  final t = 0.475344E+02
 AMRCLAW: level  1  CFL = .450E+00  dt = 0.4828E+00  final t = 0.480172E+02
 AMRCLAW: level  1  CFL = .450E+00  dt = 0.4828E+00  final t = 0.485000E+02
 AMRCLAW: level  1  CFL = .450E+00  dt = 0.4827E+00  final t = 0.489827E+02
 AMRCLAW: level  1  CFL = .450E+00  dt = 0.4826E+00  final t = 0.494653E+02
 AMRCLAW: level  1  CFL = .450E+00  dt = 0.4826E+00  final t = 0.499479E+02
 AMRCLAW: level  1  CFL = .450E+00  dt = 0.4826E+00  final t = 0.504305E+02
 AMRCLAW: level  1  CFL = .450E+00  dt = 0.4826E+00  final t = 0.509131E+02
 AMRCLAW: level  1  CFL = .450E+00  dt = 0.4826E+00  final t = 0.513956E+02
 AMRCLAW: level  1  CFL = .450E+00  dt = 0.4826E+00  final t = 0.518782E+02
 AMRCLAW: level  1  CFL = .450E+00  dt = 0.4826E+00  final t = 0.523608E+02
 AMRCLAW: level  1  CFL = .450E+00  dt = 0.4826E+00  final t = 0.528434E+02
 AMRCLAW: level  1  CFL = .450E+00  dt = 0.4826E+00  final t = 0.533260E+02
 AMRCLAW: level  1  CFL = .450E+00  dt = 0.4827E+00  final t = 0.538087E+02
 AMRCLAW: level  1  CFL = .450E+00  dt = 0.4828E+00  final t = 0.542914E+02
 AMRCLAW: level  1  CFL = .450E+00  dt = 0.4828E+00  final t = 0.547743E+02
 AMRCLAW: level  1  CFL = .450E+00  dt = 0.4829E+00  final t = 0.552572E+02
 AMRCLAW: level  1  CFL = .450E+00  dt = 0.4830E+00  final t = 0.557402E+02
 AMRCLAW: level  1  CFL = .450E+00  dt = 0.4831E+00  final t = 0.562232E+02
 AMRCLAW: level  1  CFL = .450E+00  dt = 0.4832E+00  final t = 0.567065E+02
 AMRCLAW: level  1  CFL = .450E+00  dt = 0.4833E+00  final t = 0.571898E+02
 AMRCLAW: level  1  CFL = .450E+00  dt = 0.4835E+00  final t = 0.576733E+02
 AMRCLAW: level  1  CFL = .450E+00  dt = 0.4836E+00  final t = 0.581569E+02
 AMRCLAW: level  1  CFL = .450E+00  dt = 0.4838E+00  final t = 0.586406E+02
 AMRCLAW: level  1  CFL = .450E+00  dt = 0.4839E+00  final t = 0.591246E+02
 AMRCLAW: level  1  CFL = .450E+00  dt = 0.4841E+00  final t = 0.596087E+02
 AMRCLAW: level  1  CFL = .363E+00  dt = 0.3913E+00  final t = 0.600000E+02
GEOCLAW: Frame    2 output files done at time t =  0.600000D+02

 AMRCLAW: level  1  CFL = .450E+00  dt = 0.4845E+00  final t = 0.604845E+02
 AMRCLAW: level  1  CFL = .450E+00  dt = 0.4847E+00  final t = 0.609692E+02
 AMRCLAW: level  1  CFL = .450E+00  dt = 0.4849E+00  final t = 0.614541E+02
 AMRCLAW: level  1  CFL = .450E+00  dt = 0.4851E+00  final t = 0.619392E+02
 AMRCLAW: level  1  CFL = .450E+00  dt = 0.4853E+00  final t = 0.624244E+02
 AMRCLAW: level  1  CFL = .450E+00  dt = 0.4854E+00  final t = 0.629098E+02
 AMRCLAW: level  1  CFL = .450E+00  dt = 0.4856E+00  final t = 0.633955E+02
 AMRCLAW: level  1  CFL = .450E+00  dt = 0.4859E+00  final t = 0.638813E+02
 AMRCLAW: level  1  CFL = .450E+00  dt = 0.4861E+00  final t = 0.643674E+02
 AMRCLAW: level  1  CFL = .450E+00  dt = 0.4863E+00  final t = 0.648537E+02
 AMRCLAW: level  1  CFL = .450E+00  dt = 0.4866E+00  final t = 0.653403E+02
 AMRCLAW: level  1  CFL = .450E+00  dt = 0.4868E+00  final t = 0.658271E+02
 AMRCLAW: level  1  CFL = .450E+00  dt = 0.4871E+00  final t = 0.663142E+02
 AMRCLAW: level  1  CFL = .450E+00  dt = 0.4874E+00  final t = 0.668016E+02
 AMRCLAW: level  1  CFL = .450E+00  dt = 0.4877E+00  final t = 0.672894E+02
 AMRCLAW: level  1  CFL = .450E+00  dt = 0.4880E+00  final t = 0.677774E+02
 AMRCLAW: level  1  CFL = .450E+00  dt = 0.4884E+00  final t = 0.682658E+02
 AMRCLAW: level  1  CFL = .450E+00  dt = 0.4887E+00  final t = 0.687545E+02
 AMRCLAW: level  1  CFL = .450E+00  dt = 0.4891E+00  final t = 0.692435E+02
 AMRCLAW: level  1  CFL = .450E+00  dt = 0.4894E+00  final t = 0.697329E+02
 AMRCLAW: level  1  CFL = .450E+00  dt = 0.4898E+00  final t = 0.702228E+02
 AMRCLAW: level  1  CFL = .450E+00  dt = 0.4902E+00  final t = 0.707130E+02
 AMRCLAW: level  1  CFL = .450E+00  dt = 0.4906E+00  final t = 0.712036E+02
 AMRCLAW: level  1  CFL = .450E+00  dt = 0.4910E+00  final t = 0.716946E+02
 AMRCLAW: level  1  CFL = .450E+00  dt = 0.4914E+00  final t = 0.721860E+02
 AMRCLAW: level  1  CFL = .450E+00  dt = 0.4918E+00  final t = 0.726778E+02
 AMRCLAW: level  1  CFL = .450E+00  dt = 0.4922E+00  final t = 0.731700E+02
 AMRCLAW: level  1  CFL = .450E+00  dt = 0.4926E+00  final t = 0.736626E+02
 AMRCLAW: level  1  CFL = .450E+00  dt = 0.4930E+00  final t = 0.741556E+02
 AMRCLAW: level  1  CFL = .450E+00  dt = 0.4934E+00  final t = 0.746490E+02
 AMRCLAW: level  1  CFL = .450E+00  dt = 0.4939E+00  final t = 0.751430E+02
 AMRCLAW: level  1  CFL = .449E+00  dt = 0.4945E+00  final t = 0.756374E+02
 AMRCLAW: level  1  CFL = .449E+00  dt = 0.4951E+00  final t = 0.761325E+02
 AMRCLAW: level  1  CFL = .449E+00  dt = 0.4957E+00  final t = 0.766282E+02
 AMRCLAW: level  1  CFL = .449E+00  dt = 0.4964E+00  final t = 0.771246E+02
 AMRCLAW: level  1  CFL = .449E+00  dt = 0.4971E+00  final t = 0.776217E+02
 AMRCLAW: level  1  CFL = .449E+00  dt = 0.4979E+00  final t = 0.781197E+02
 AMRCLAW: level  1  CFL = .449E+00  dt = 0.4987E+00  final t = 0.786184E+02
 AMRCLAW: level  1  CFL = .449E+00  dt = 0.4996E+00  final t = 0.791179E+02
 AMRCLAW: level  1  CFL = .449E+00  dt = 0.5000E+00  final t = 0.796179E+02
 AMRCLAW: level  1  CFL = .448E+00  dt = 0.5000E+00  final t = 0.801179E+02
 AMRCLAW: level  1  CFL = .447E+00  dt = 0.5000E+00  final t = 0.806179E+02
 AMRCLAW: level  1  CFL = .446E+00  dt = 0.5000E+00  final t = 0.811179E+02
 AMRCLAW: level  1  CFL = .445E+00  dt = 0.5000E+00  final t = 0.816179E+02
 AMRCLAW: level  1  CFL = .444E+00  dt = 0.5000E+00  final t = 0.821179E+02
 AMRCLAW: level  1  CFL = .443E+00  dt = 0.5000E+00  final t = 0.826179E+02
 AMRCLAW: level  1  CFL = .443E+00  dt = 0.5000E+00  final t = 0.831179E+02
 AMRCLAW: level  1  CFL = .442E+00  dt = 0.5000E+00  final t = 0.836179E+02
 AMRCLAW: level  1  CFL = .442E+00  dt = 0.5000E+00  final t = 0.841179E+02
 AMRCLAW: level  1  CFL = .445E+00  dt = 0.5000E+00  final t = 0.846179E+02
 AMRCLAW: level  1  CFL = .447E+00  dt = 0.5000E+00  final t = 0.851179E+02
 AMRCLAW: level  1  CFL = .448E+00  dt = 0.5000E+00  final t = 0.856179E+02
 AMRCLAW: level  1  CFL = .450E+00  dt = 0.5000E+00  final t = 0.861179E+02
 AMRCLAW: level  1  CFL = .451E+00  dt = 0.5000E+00  final t = 0.866179E+02
 AMRCLAW: level  1  CFL = .451E+00  dt = 0.4987E+00  final t = 0.871167E+02
 AMRCLAW: level  1  CFL = .451E+00  dt = 0.4974E+00  final t = 0.876140E+02
 AMRCLAW: level  1  CFL = .451E+00  dt = 0.4961E+00  final t = 0.881101E+02
 AMRCLAW: level  1  CFL = .451E+00  dt = 0.4949E+00  final t = 0.886050E+02
 AMRCLAW: level  1  CFL = .451E+00  dt = 0.4938E+00  final t = 0.890988E+02
 AMRCLAW: level  1  CFL = .451E+00  dt = 0.4928E+00  final t = 0.895916E+02
 AMRCLAW: level  1  CFL = .374E+00  dt = 0.4084E+00  final t = 0.900000E+02
GEOCLAW: Frame    3 output files done at time t =  0.900000D+02

 AMRCLAW: level  1  CFL = .451E+00  dt = 0.4911E+00  final t = 0.904911E+02
 AMRCLAW: level  1  CFL = .451E+00  dt = 0.4905E+00  final t = 0.909816E+02
 AMRCLAW: level  1  CFL = .451E+00  dt = 0.4898E+00  final t = 0.914713E+02
 AMRCLAW: level  1  CFL = .451E+00  dt = 0.4891E+00  final t = 0.919604E+02
 AMRCLAW: level  1  CFL = .450E+00  dt = 0.4886E+00  final t = 0.924490E+02
 AMRCLAW: level  1  CFL = .450E+00  dt = 0.4881E+00  final t = 0.929371E+02
 AMRCLAW: level  1  CFL = .450E+00  dt = 0.4878E+00  final t = 0.934249E+02
 AMRCLAW: level  1  CFL = .450E+00  dt = 0.4875E+00  final t = 0.939124E+02
 AMRCLAW: level  1  CFL = .450E+00  dt = 0.4874E+00  final t = 0.943998E+02
 AMRCLAW: level  1  CFL = .450E+00  dt = 0.4874E+00  final t = 0.948872E+02
 AMRCLAW: level  1  CFL = .450E+00  dt = 0.4875E+00  final t = 0.953747E+02
 AMRCLAW: level  1  CFL = .450E+00  dt = 0.4877E+00  final t = 0.958624E+02
 AMRCLAW: level  1  CFL = .450E+00  dt = 0.4879E+00  final t = 0.963504E+02
 AMRCLAW: level  1  CFL = .450E+00  dt = 0.4882E+00  final t = 0.968386E+02
 AMRCLAW: level  1  CFL = .450E+00  dt = 0.4883E+00  final t = 0.973269E+02
 AMRCLAW: level  1  CFL = .450E+00  dt = 0.4885E+00  final t = 0.978154E+02
 AMRCLAW: level  1  CFL = .450E+00  dt = 0.4887E+00  final t = 0.983040E+02
 AMRCLAW: level  1  CFL = .450E+00  dt = 0.4889E+00  final t = 0.987930E+02
 AMRCLAW: level  1  CFL = .450E+00  dt = 0.4893E+00  final t = 0.992823E+02
 AMRCLAW: level  1  CFL = .449E+00  dt = 0.4898E+00  final t = 0.997721E+02
 AMRCLAW: level  1  CFL = .449E+00  dt = 0.4904E+00  final t = 0.100262E+03
 AMRCLAW: level  1  CFL = .449E+00  dt = 0.4910E+00  final t = 0.100753E+03
 AMRCLAW: level  1  CFL = .449E+00  dt = 0.4918E+00  final t = 0.101245E+03
 AMRCLAW: level  1  CFL = .449E+00  dt = 0.4927E+00  final t = 0.101738E+03
 AMRCLAW: level  1  CFL = .449E+00  dt = 0.4939E+00  final t = 0.102232E+03
 AMRCLAW: level  1  CFL = .449E+00  dt = 0.4952E+00  final t = 0.102727E+03
 AMRCLAW: level  1  CFL = .449E+00  dt = 0.4966E+00  final t = 0.103224E+03
 AMRCLAW: level  1  CFL = .449E+00  dt = 0.4981E+00  final t = 0.103722E+03
 AMRCLAW: level  1  CFL = .449E+00  dt = 0.4995E+00  final t = 0.104221E+03
 AMRCLAW: level  1  CFL = .448E+00  dt = 0.5000E+00  final t = 0.104721E+03
 AMRCLAW: level  1  CFL = .447E+00  dt = 0.5000E+00  final t = 0.105221E+03
 AMRCLAW: level  1  CFL = .446E+00  dt = 0.5000E+00  final t = 0.105721E+03
 AMRCLAW: level  1  CFL = .446E+00  dt = 0.5000E+00  final t = 0.106221E+03
 AMRCLAW: level  1  CFL = .445E+00  dt = 0.5000E+00  final t = 0.106721E+03
 AMRCLAW: level  1  CFL = .445E+00  dt = 0.5000E+00  final t = 0.107221E+03
 AMRCLAW: level  1  CFL = .444E+00  dt = 0.5000E+00  final t = 0.107721E+03
 AMRCLAW: level  1  CFL = .443E+00  dt = 0.5000E+00  final t = 0.108221E+03
 AMRCLAW: level  1  CFL = .442E+00  dt = 0.5000E+00  final t = 0.108721E+03
 AMRCLAW: level  1  CFL = .442E+00  dt = 0.5000E+00  final t = 0.109221E+03
 AMRCLAW: level  1  CFL = .443E+00  dt = 0.5000E+00  final t = 0.109721E+03
 AMRCLAW: level  1  CFL = .443E+00  dt = 0.5000E+00  final t = 0.110221E+03
 AMRCLAW: level  1  CFL = .444E+00  dt = 0.5000E+00  final t = 0.110721E+03
 AMRCLAW: level  1  CFL = .444E+00  dt = 0.5000E+00  final t = 0.111221E+03
 AMRCLAW: level  1  CFL = .445E+00  dt = 0.5000E+00  final t = 0.111721E+03
 AMRCLAW: level  1  CFL = .445E+00  dt = 0.5000E+00  final t = 0.112221E+03
 AMRCLAW: level  1  CFL = .446E+00  dt = 0.5000E+00  final t = 0.112721E+03
 AMRCLAW: level  1  CFL = .446E+00  dt = 0.5000E+00  final t = 0.113221E+03
 AMRCLAW: level  1  CFL = .446E+00  dt = 0.5000E+00  final t = 0.113721E+03
 AMRCLAW: level  1  CFL = .446E+00  dt = 0.5000E+00  final t = 0.114221E+03
 AMRCLAW: level  1  CFL = .446E+00  dt = 0.5000E+00  final t = 0.114721E+03
 AMRCLAW: level  1  CFL = .447E+00  dt = 0.5000E+00  final t = 0.115221E+03
 AMRCLAW: level  1  CFL = .447E+00  dt = 0.5000E+00  final t = 0.115721E+03
 AMRCLAW: level  1  CFL = .447E+00  dt = 0.5000E+00  final t = 0.116221E+03
 AMRCLAW: level  1  CFL = .447E+00  dt = 0.5000E+00  final t = 0.116721E+03
 AMRCLAW: level  1  CFL = .447E+00  dt = 0.5000E+00  final t = 0.117221E+03
 AMRCLAW: level  1  CFL = .448E+00  dt = 0.5000E+00  final t = 0.117721E+03
 AMRCLAW: level  1  CFL = .448E+00  dt = 0.5000E+00  final t = 0.118221E+03
 AMRCLAW: level  1  CFL = .448E+00  dt = 0.5000E+00  final t = 0.118721E+03
 AMRCLAW: level  1  CFL = .447E+00  dt = 0.5000E+00  final t = 0.119221E+03
 AMRCLAW: level  1  CFL = .447E+00  dt = 0.5000E+00  final t = 0.119721E+03
 AMRCLAW: level  1  CFL = .249E+00  dt = 0.2788E+00  final t = 0.120000E+03
GEOCLAW: Frame    4 output files done at time t =  0.120000D+03

 AMRCLAW: level  1  CFL = .446E+00  dt = 0.5000E+00  final t = 0.120500E+03
 AMRCLAW: level  1  CFL = .446E+00  dt = 0.5000E+00  final t = 0.121000E+03
 AMRCLAW: level  1  CFL = .445E+00  dt = 0.5000E+00  final t = 0.121500E+03
 AMRCLAW: level  1  CFL = .445E+00  dt = 0.5000E+00  final t = 0.122000E+03
 AMRCLAW: level  1  CFL = .444E+00  dt = 0.5000E+00  final t = 0.122500E+03
 AMRCLAW: level  1  CFL = .443E+00  dt = 0.5000E+00  final t = 0.123000E+03
 AMRCLAW: level  1  CFL = .442E+00  dt = 0.5000E+00  final t = 0.123500E+03
 AMRCLAW: level  1  CFL = .441E+00  dt = 0.5000E+00  final t = 0.124000E+03
 AMRCLAW: level  1  CFL = .440E+00  dt = 0.5000E+00  final t = 0.124500E+03
 AMRCLAW: level  1  CFL = .439E+00  dt = 0.5000E+00  final t = 0.125000E+03
 AMRCLAW: level  1  CFL = .438E+00  dt = 0.5000E+00  final t = 0.125500E+03
 AMRCLAW: level  1  CFL = .436E+00  dt = 0.5000E+00  final t = 0.126000E+03
 AMRCLAW: level  1  CFL = .435E+00  dt = 0.5000E+00  final t = 0.126500E+03
 AMRCLAW: level  1  CFL = .434E+00  dt = 0.5000E+00  final t = 0.127000E+03
 AMRCLAW: level  1  CFL = .432E+00  dt = 0.5000E+00  final t = 0.127500E+03
 AMRCLAW: level  1  CFL = .431E+00  dt = 0.5000E+00  final t = 0.128000E+03
 AMRCLAW: level  1  CFL = .429E+00  dt = 0.5000E+00  final t = 0.128500E+03
 AMRCLAW: level  1  CFL = .427E+00  dt = 0.5000E+00  final t = 0.129000E+03
 AMRCLAW: level  1  CFL = .425E+00  dt = 0.5000E+00  final t = 0.129500E+03
 AMRCLAW: level  1  CFL = .423E+00  dt = 0.5000E+00  final t = 0.130000E+03
 AMRCLAW: level  1  CFL = .420E+00  dt = 0.5000E+00  final t = 0.130500E+03
 AMRCLAW: level  1  CFL = .420E+00  dt = 0.5000E+00  final t = 0.131000E+03
 AMRCLAW: level  1  CFL = .420E+00  dt = 0.5000E+00  final t = 0.131500E+03
 AMRCLAW: level  1  CFL = .421E+00  dt = 0.5000E+00  final t = 0.132000E+03
 AMRCLAW: level  1  CFL = .420E+00  dt = 0.5000E+00  final t = 0.132500E+03
 AMRCLAW: level  1  CFL = .420E+00  dt = 0.5000E+00  final t = 0.133000E+03
 AMRCLAW: level  1  CFL = .419E+00  dt = 0.5000E+00  final t = 0.133500E+03
 AMRCLAW: level  1  CFL = .419E+00  dt = 0.5000E+00  final t = 0.134000E+03
 AMRCLAW: level  1  CFL = .417E+00  dt = 0.5000E+00  final t = 0.134500E+03
 AMRCLAW: level  1  CFL = .416E+00  dt = 0.5000E+00  final t = 0.135000E+03
 AMRCLAW: level  1  CFL = .415E+00  dt = 0.5000E+00  final t = 0.135500E+03
 AMRCLAW: level  1  CFL = .413E+00  dt = 0.5000E+00  final t = 0.136000E+03
 AMRCLAW: level  1  CFL = .411E+00  dt = 0.5000E+00  final t = 0.136500E+03
 AMRCLAW: level  1  CFL = .409E+00  dt = 0.5000E+00  final t = 0.137000E+03
 AMRCLAW: level  1  CFL = .407E+00  dt = 0.5000E+00  final t = 0.137500E+03
 AMRCLAW: level  1  CFL = .404E+00  dt = 0.5000E+00  final t = 0.138000E+03
 AMRCLAW: level  1  CFL = .402E+00  dt = 0.5000E+00  final t = 0.138500E+03
 AMRCLAW: level  1  CFL = .399E+00  dt = 0.5000E+00  final t = 0.139000E+03
 AMRCLAW: level  1  CFL = .397E+00  dt = 0.5000E+00  final t = 0.139500E+03
 AMRCLAW: level  1  CFL = .398E+00  dt = 0.5000E+00  final t = 0.140000E+03
 AMRCLAW: level  1  CFL = .398E+00  dt = 0.5000E+00  final t = 0.140500E+03
 AMRCLAW: level  1  CFL = .400E+00  dt = 0.5000E+00  final t = 0.141000E+03
 AMRCLAW: level  1  CFL = .406E+00  dt = 0.5000E+00  final t = 0.141500E+03
 AMRCLAW: level  1  CFL = .410E+00  dt = 0.5000E+00  final t = 0.142000E+03
 AMRCLAW: level  1  CFL = .415E+00  dt = 0.5000E+00  final t = 0.142500E+03
 AMRCLAW: level  1  CFL = .418E+00  dt = 0.5000E+00  final t = 0.143000E+03
 AMRCLAW: level  1  CFL = .422E+00  dt = 0.5000E+00  final t = 0.143500E+03
 AMRCLAW: level  1  CFL = .425E+00  dt = 0.5000E+00  final t = 0.144000E+03
 AMRCLAW: level  1  CFL = .429E+00  dt = 0.5000E+00  final t = 0.144500E+03
 AMRCLAW: level  1  CFL = .432E+00  dt = 0.5000E+00  final t = 0.145000E+03
 AMRCLAW: level  1  CFL = .436E+00  dt = 0.5000E+00  final t = 0.145500E+03
 AMRCLAW: level  1  CFL = .439E+00  dt = 0.5000E+00  final t = 0.146000E+03
 AMRCLAW: level  1  CFL = .443E+00  dt = 0.5000E+00  final t = 0.146500E+03
 AMRCLAW: level  1  CFL = .449E+00  dt = 0.5000E+00  final t = 0.147000E+03
 AMRCLAW: level  1  CFL = .456E+00  dt = 0.5000E+00  final t = 0.147500E+03
 AMRCLAW: level  1  CFL = .456E+00  dt = 0.4937E+00  final t = 0.147994E+03
 AMRCLAW: level  1  CFL = .455E+00  dt = 0.4873E+00  final t = 0.148481E+03
 AMRCLAW: level  1  CFL = .455E+00  dt = 0.4817E+00  final t = 0.148963E+03
 AMRCLAW: level  1  CFL = .455E+00  dt = 0.4759E+00  final t = 0.149439E+03
 AMRCLAW: level  1  CFL = .452E+00  dt = 0.4711E+00  final t = 0.149910E+03
 AMRCLAW: level  1  CFL = .874E-01  dt = 0.9035E-01  final t = 0.150000E+03
GEOCLAW: Frame    5 output files done at time t =  0.150000D+03

 AMRCLAW: level  1  CFL = .451E+00  dt = 0.4655E+00  final t = 0.150465E+03
 AMRCLAW: level  1  CFL = .452E+00  dt = 0.4649E+00  final t = 0.150930E+03
 AMRCLAW: level  1  CFL = .450E+00  dt = 0.4631E+00  final t = 0.151393E+03
 AMRCLAW: level  1  CFL = .450E+00  dt = 0.4629E+00  final t = 0.151856E+03
 AMRCLAW: level  1  CFL = .450E+00  dt = 0.4629E+00  final t = 0.152319E+03
 AMRCLAW: level  1  CFL = .450E+00  dt = 0.4631E+00  final t = 0.152782E+03
 AMRCLAW: level  1  CFL = .450E+00  dt = 0.4634E+00  final t = 0.153246E+03
 AMRCLAW: level  1  CFL = .450E+00  dt = 0.4637E+00  final t = 0.153709E+03
 AMRCLAW: level  1  CFL = .450E+00  dt = 0.4642E+00  final t = 0.154174E+03
 AMRCLAW: level  1  CFL = .450E+00  dt = 0.4647E+00  final t = 0.154638E+03
 AMRCLAW: level  1  CFL = .450E+00  dt = 0.4651E+00  final t = 0.155103E+03
 AMRCLAW: level  1  CFL = .450E+00  dt = 0.4656E+00  final t = 0.155569E+03
 AMRCLAW: level  1  CFL = .450E+00  dt = 0.4659E+00  final t = 0.156035E+03
 AMRCLAW: level  1  CFL = .450E+00  dt = 0.4662E+00  final t = 0.156501E+03
 AMRCLAW: level  1  CFL = .450E+00  dt = 0.4662E+00  final t = 0.156967E+03
 AMRCLAW: level  1  CFL = .450E+00  dt = 0.4661E+00  final t = 0.157433E+03
 AMRCLAW: level  1  CFL = .450E+00  dt = 0.4658E+00  final t = 0.157899E+03
 AMRCLAW: level  1  CFL = .450E+00  dt = 0.4654E+00  final t = 0.158365E+03
 AMRCLAW: level  1  CFL = .450E+00  dt = 0.4649E+00  final t = 0.158830E+03
 AMRCLAW: level  1  CFL = .450E+00  dt = 0.4644E+00  final t = 0.159294E+03
 AMRCLAW: level  1  CFL = .450E+00  dt = 0.4640E+00  final t = 0.159758E+03
 AMRCLAW: level  1  CFL = .450E+00  dt = 0.4636E+00  final t = 0.160222E+03
 AMRCLAW: level  1  CFL = .450E+00  dt = 0.4632E+00  final t = 0.160685E+03
 AMRCLAW: level  1  CFL = .450E+00  dt = 0.4629E+00  final t = 0.161148E+03
 AMRCLAW: level  1  CFL = .450E+00  dt = 0.4626E+00  final t = 0.161610E+03
 AMRCLAW: level  1  CFL = .451E+00  dt = 0.4624E+00  final t = 0.162073E+03
 AMRCLAW: level  1  CFL = .450E+00  dt = 0.4619E+00  final t = 0.162535E+03
 AMRCLAW: level  1  CFL = .450E+00  dt = 0.4615E+00  final t = 0.162996E+03
 AMRCLAW: level  1  CFL = .450E+00  dt = 0.4613E+00  final t = 0.163458E+03
 AMRCLAW: level  1  CFL = .450E+00  dt = 0.4612E+00  final t = 0.163919E+03
 AMRCLAW: level  1  CFL = .450E+00  dt = 0.4611E+00  final t = 0.164380E+03
 AMRCLAW: level  1  CFL = .450E+00  dt = 0.4611E+00  final t = 0.164841E+03
 AMRCLAW: level  1  CFL = .450E+00  dt = 0.4610E+00  final t = 0.165302E+03
 AMRCLAW: level  1  CFL = .450E+00  dt = 0.4610E+00  final t = 0.165763E+03
 AMRCLAW: level  1  CFL = .450E+00  dt = 0.4611E+00  final t = 0.166224E+03
 AMRCLAW: level  1  CFL = .450E+00  dt = 0.4611E+00  final t = 0.166685E+03
 AMRCLAW: level  1  CFL = .450E+00  dt = 0.4611E+00  final t = 0.167146E+03
 AMRCLAW: level  1  CFL = .450E+00  dt = 0.4611E+00  final t = 0.167607E+03
 AMRCLAW: level  1  CFL = .450E+00  dt = 0.4611E+00  final t = 0.168068E+03
 AMRCLAW: level  1  CFL = .450E+00  dt = 0.4611E+00  final t = 0.168529E+03
 AMRCLAW: level  1  CFL = .450E+00  dt = 0.4610E+00  final t = 0.168990E+03
 AMRCLAW: level  1  CFL = .450E+00  dt = 0.4610E+00  final t = 0.169451E+03
 AMRCLAW: level  1  CFL = .450E+00  dt = 0.4609E+00  final t = 0.169912E+03
 AMRCLAW: level  1  CFL = .450E+00  dt = 0.4608E+00  final t = 0.170373E+03
 AMRCLAW: level  1  CFL = .450E+00  dt = 0.4607E+00  final t = 0.170834E+03
 AMRCLAW: level  1  CFL = .450E+00  dt = 0.4606E+00  final t = 0.171294E+03
 AMRCLAW: level  1  CFL = .450E+00  dt = 0.4606E+00  final t = 0.171755E+03
 AMRCLAW: level  1  CFL = .450E+00  dt = 0.4605E+00  final t = 0.172215E+03
 AMRCLAW: level  1  CFL = .450E+00  dt = 0.4605E+00  final t = 0.172676E+03
 AMRCLAW: level  1  CFL = .450E+00  dt = 0.4605E+00  final t = 0.173136E+03
 AMRCLAW: level  1  CFL = .450E+00  dt = 0.4605E+00  final t = 0.173597E+03
 AMRCLAW: level  1  CFL = .450E+00  dt = 0.4606E+00  final t = 0.174057E+03
 AMRCLAW: level  1  CFL = .450E+00  dt = 0.4606E+00  final t = 0.174518E+03
 AMRCLAW: level  1  CFL = .450E+00  dt = 0.4608E+00  final t = 0.174979E+03
 AMRCLAW: level  1  CFL = .450E+00  dt = 0.4609E+00  final t = 0.175440E+03
 AMRCLAW: level  1  CFL = .450E+00  dt = 0.4610E+00  final t = 0.175901E+03
 AMRCLAW: level  1  CFL = .450E+00  dt = 0.4612E+00  final t = 0.176362E+03
 AMRCLAW: level  1  CFL = .450E+00  dt = 0.4614E+00  final t = 0.176823E+03
 AMRCLAW: level  1  CFL = .450E+00  dt = 0.4615E+00  final t = 0.177285E+03
 AMRCLAW: level  1  CFL = .450E+00  dt = 0.4617E+00  final t = 0.177747E+03
 AMRCLAW: level  1  CFL = .450E+00  dt = 0.4618E+00  final t = 0.178208E+03
 AMRCLAW: level  1  CFL = .450E+00  dt = 0.4619E+00  final t = 0.178670E+03
 AMRCLAW: level  1  CFL = .450E+00  dt = 0.4620E+00  final t = 0.179132E+03
 AMRCLAW: level  1  CFL = .450E+00  dt = 0.4621E+00  final t = 0.179594E+03
 AMRCLAW: level  1  CFL = .395E+00  dt = 0.4056E+00  final t = 0.180000E+03
GEOCLAW: Frame    6 output files done at time t =  0.180000D+03

 AMRCLAW: level  1  CFL = .450E+00  dt = 0.4627E+00  final t = 0.180463E+03
 AMRCLAW: level  1  CFL = .450E+00  dt = 0.4627E+00  final t = 0.180925E+03
 AMRCLAW: level  1  CFL = .450E+00  dt = 0.4628E+00  final t = 0.181388E+03
 AMRCLAW: level  1  CFL = .450E+00  dt = 0.4628E+00  final t = 0.181851E+03
 AMRCLAW: level  1  CFL = .450E+00  dt = 0.4627E+00  final t = 0.182314E+03
 AMRCLAW: level  1  CFL = .450E+00  dt = 0.4627E+00  final t = 0.182776E+03
 AMRCLAW: level  1  CFL = .450E+00  dt = 0.4627E+00  final t = 0.183239E+03
 AMRCLAW: level  1  CFL = .450E+00  dt = 0.4627E+00  final t = 0.183702E+03
 AMRCLAW: level  1  CFL = .450E+00  dt = 0.4626E+00  final t = 0.184165E+03
 AMRCLAW: level  1  CFL = .450E+00  dt = 0.4626E+00  final t = 0.184627E+03
 AMRCLAW: level  1  CFL = .450E+00  dt = 0.4624E+00  final t = 0.185090E+03
 AMRCLAW: level  1  CFL = .450E+00  dt = 0.4624E+00  final t = 0.185552E+03
 AMRCLAW: level  1  CFL = .450E+00  dt = 0.4623E+00  final t = 0.186014E+03
 AMRCLAW: level  1  CFL = .450E+00  dt = 0.4621E+00  final t = 0.186476E+03
 AMRCLAW: level  1  CFL = .450E+00  dt = 0.4620E+00  final t = 0.186938E+03
 AMRCLAW: level  1  CFL = .450E+00  dt = 0.4619E+00  final t = 0.187400E+03
 AMRCLAW: level  1  CFL = .450E+00  dt = 0.4618E+00  final t = 0.187862E+03
 AMRCLAW: level  1  CFL = .450E+00  dt = 0.4617E+00  final t = 0.188324E+03
 AMRCLAW: level  1  CFL = .450E+00  dt = 0.4616E+00  final t = 0.188785E+03
 AMRCLAW: level  1  CFL = .450E+00  dt = 0.4615E+00  final t = 0.189247E+03
 AMRCLAW: level  1  CFL = .450E+00  dt = 0.4615E+00  final t = 0.189708E+03
 AMRCLAW: level  1  CFL = .450E+00  dt = 0.4614E+00  final t = 0.190170E+03
 AMRCLAW: level  1  CFL = .450E+00  dt = 0.4614E+00  final t = 0.190631E+03
 AMRCLAW: level  1  CFL = .450E+00  dt = 0.4613E+00  final t = 0.191092E+03
 AMRCLAW: level  1  CFL = .450E+00  dt = 0.4614E+00  final t = 0.191554E+03
 AMRCLAW: level  1  CFL = .450E+00  dt = 0.4615E+00  final t = 0.192015E+03
 AMRCLAW: level  1  CFL = .450E+00  dt = 0.4618E+00  final t = 0.192477E+03
 AMRCLAW: level  1  CFL = .449E+00  dt = 0.4622E+00  final t = 0.192939E+03
 AMRCLAW: level  1  CFL = .448E+00  dt = 0.4628E+00  final t = 0.193402E+03
 AMRCLAW: level  1  CFL = .448E+00  dt = 0.4645E+00  final t = 0.193867E+03
 AMRCLAW: level  1  CFL = .448E+00  dt = 0.4664E+00  final t = 0.194333E+03
 AMRCLAW: level  1  CFL = .448E+00  dt = 0.4682E+00  final t = 0.194801E+03
 AMRCLAW: level  1  CFL = .448E+00  dt = 0.4704E+00  final t = 0.195271E+03
 AMRCLAW: level  1  CFL = .447E+00  dt = 0.4729E+00  final t = 0.195744E+03
 AMRCLAW: level  1  CFL = .447E+00  dt = 0.4757E+00  final t = 0.196220E+03
 AMRCLAW: level  1  CFL = .447E+00  dt = 0.4788E+00  final t = 0.196699E+03
 AMRCLAW: level  1  CFL = .447E+00  dt = 0.4820E+00  final t = 0.197181E+03
 AMRCLAW: level  1  CFL = .450E+00  dt = 0.4847E+00  final t = 0.197666E+03
 AMRCLAW: level  1  CFL = .450E+00  dt = 0.4848E+00  final t = 0.198150E+03
 AMRCLAW: level  1  CFL = .450E+00  dt = 0.4849E+00  final t = 0.198635E+03
 AMRCLAW: level  1  CFL = .450E+00  dt = 0.4849E+00  final t = 0.199120E+03
 AMRCLAW: level  1  CFL = .450E+00  dt = 0.4850E+00  final t = 0.199605E+03
 AMRCLAW: level  1  CFL = .450E+00  dt = 0.4851E+00  final t = 0.200090E+03
 AMRCLAW: level  1  CFL = .450E+00  dt = 0.4852E+00  final t = 0.200576E+03
 AMRCLAW: level  1  CFL = .450E+00  dt = 0.4853E+00  final t = 0.201061E+03
 AMRCLAW: level  1  CFL = .451E+00  dt = 0.4849E+00  final t = 0.201546E+03
 AMRCLAW: level  1  CFL = .451E+00  dt = 0.4840E+00  final t = 0.202030E+03
 AMRCLAW: level  1  CFL = .451E+00  dt = 0.4832E+00  final t = 0.202513E+03
 AMRCLAW: level  1  CFL = .451E+00  dt = 0.4826E+00  final t = 0.202995E+03
 AMRCLAW: level  1  CFL = .451E+00  dt = 0.4819E+00  final t = 0.203477E+03
 AMRCLAW: level  1  CFL = .450E+00  dt = 0.4814E+00  final t = 0.203959E+03
 AMRCLAW: level  1  CFL = .450E+00  dt = 0.4809E+00  final t = 0.204440E+03
 AMRCLAW: level  1  CFL = .450E+00  dt = 0.4805E+00  final t = 0.204920E+03
 AMRCLAW: level  1  CFL = .450E+00  dt = 0.4802E+00  final t = 0.205400E+03
 AMRCLAW: level  1  CFL = .450E+00  dt = 0.4801E+00  final t = 0.205880E+03
 AMRCLAW: level  1  CFL = .450E+00  dt = 0.4800E+00  final t = 0.206361E+03
 AMRCLAW: level  1  CFL = .450E+00  dt = 0.4802E+00  final t = 0.206841E+03
 AMRCLAW: level  1  CFL = .450E+00  dt = 0.4805E+00  final t = 0.207321E+03
 AMRCLAW: level  1  CFL = .449E+00  dt = 0.4809E+00  final t = 0.207802E+03
 AMRCLAW: level  1  CFL = .449E+00  dt = 0.4816E+00  final t = 0.208284E+03
 AMRCLAW: level  1  CFL = .449E+00  dt = 0.4825E+00  final t = 0.208766E+03
 AMRCLAW: level  1  CFL = .449E+00  dt = 0.4837E+00  final t = 0.209250E+03
 AMRCLAW: level  1  CFL = .449E+00  dt = 0.4851E+00  final t = 0.209735E+03
 AMRCLAW: level  1  CFL = .245E+00  dt = 0.2650E+00  final t = 0.210000E+03
GEOCLAW: Frame    7 output files done at time t =  0.210000D+03

 AMRCLAW: level  1  CFL = .450E+00  dt = 0.4860E+00  final t = 0.210486E+03
 AMRCLAW: level  1  CFL = .450E+00  dt = 0.4861E+00  final t = 0.210972E+03
 AMRCLAW: level  1  CFL = .452E+00  dt = 0.4863E+00  final t = 0.211458E+03
 AMRCLAW: level  1  CFL = .455E+00  dt = 0.4842E+00  final t = 0.211943E+03
 AMRCLAW: level  1  CFL = .454E+00  dt = 0.4786E+00  final t = 0.212421E+03
 AMRCLAW: level  1  CFL = .450E+00  dt = 0.4743E+00  final t = 0.212896E+03
 AMRCLAW: level  1  CFL = .449E+00  dt = 0.4739E+00  final t = 0.213370E+03
 AMRCLAW: level  1  CFL = .449E+00  dt = 0.4753E+00  final t = 0.213845E+03
 AMRCLAW: level  1  CFL = .448E+00  dt = 0.4767E+00  final t = 0.214322E+03
 AMRCLAW: level  1  CFL = .448E+00  dt = 0.4784E+00  final t = 0.214800E+03
 AMRCLAW: level  1  CFL = .448E+00  dt = 0.4802E+00  final t = 0.215280E+03
 AMRCLAW: level  1  CFL = .448E+00  dt = 0.4823E+00  final t = 0.215762E+03
 AMRCLAW: level  1  CFL = .447E+00  dt = 0.4846E+00  final t = 0.216247E+03
 AMRCLAW: level  1  CFL = .448E+00  dt = 0.4875E+00  final t = 0.216735E+03
 AMRCLAW: level  1  CFL = .452E+00  dt = 0.4901E+00  final t = 0.217225E+03
 AMRCLAW: level  1  CFL = .452E+00  dt = 0.4875E+00  final t = 0.217712E+03
 AMRCLAW: level  1  CFL = .452E+00  dt = 0.4852E+00  final t = 0.218197E+03
 AMRCLAW: level  1  CFL = .452E+00  dt = 0.4833E+00  final t = 0.218681E+03
 AMRCLAW: level  1  CFL = .451E+00  dt = 0.4817E+00  final t = 0.219162E+03
 AMRCLAW: level  1  CFL = .451E+00  dt = 0.4803E+00  final t = 0.219643E+03
 AMRCLAW: level  1  CFL = .451E+00  dt = 0.4790E+00  final t = 0.220122E+03
 AMRCLAW: level  1  CFL = .451E+00  dt = 0.4780E+00  final t = 0.220600E+03
 AMRCLAW: level  1  CFL = .451E+00  dt = 0.4771E+00  final t = 0.221077E+03
 AMRCLAW: level  1  CFL = .451E+00  dt = 0.4763E+00  final t = 0.221553E+03
 AMRCLAW: level  1  CFL = .451E+00  dt = 0.4756E+00  final t = 0.222029E+03
 AMRCLAW: level  1  CFL = .450E+00  dt = 0.4750E+00  final t = 0.222504E+03
 AMRCLAW: level  1  CFL = .450E+00  dt = 0.4746E+00  final t = 0.222978E+03
 AMRCLAW: level  1  CFL = .450E+00  dt = 0.4742E+00  final t = 0.223452E+03
 AMRCLAW: level  1  CFL = .450E+00  dt = 0.4738E+00  final t = 0.223926E+03
 AMRCLAW: level  1  CFL = .450E+00  dt = 0.4736E+00  final t = 0.224400E+03
 AMRCLAW: level  1  CFL = .450E+00  dt = 0.4734E+00  final t = 0.224873E+03
 AMRCLAW: level  1  CFL = .450E+00  dt = 0.4733E+00  final t = 0.225347E+03
 AMRCLAW: level  1  CFL = .450E+00  dt = 0.4733E+00  final t = 0.225820E+03
 AMRCLAW: level  1  CFL = .450E+00  dt = 0.4733E+00  final t = 0.226293E+03
 AMRCLAW: level  1  CFL = .450E+00  dt = 0.4734E+00  final t = 0.226767E+03
 AMRCLAW: level  1  CFL = .450E+00  dt = 0.4735E+00  final t = 0.227240E+03
 AMRCLAW: level  1  CFL = .450E+00  dt = 0.4736E+00  final t = 0.227714E+03
 AMRCLAW: level  1  CFL = .450E+00  dt = 0.4737E+00  final t = 0.228187E+03
 AMRCLAW: level  1  CFL = .450E+00  dt = 0.4739E+00  final t = 0.228661E+03
 AMRCLAW: level  1  CFL = .450E+00  dt = 0.4741E+00  final t = 0.229136E+03
 AMRCLAW: level  1  CFL = .450E+00  dt = 0.4743E+00  final t = 0.229610E+03
 AMRCLAW: level  1  CFL = .450E+00  dt = 0.4745E+00  final t = 0.230084E+03
 AMRCLAW: level  1  CFL = .450E+00  dt = 0.4748E+00  final t = 0.230559E+03
 AMRCLAW: level  1  CFL = .450E+00  dt = 0.4750E+00  final t = 0.231034E+03
 AMRCLAW: level  1  CFL = .450E+00  dt = 0.4752E+00  final t = 0.231509E+03
 AMRCLAW: level  1  CFL = .450E+00  dt = 0.4755E+00  final t = 0.231985E+03
 AMRCLAW: level  1  CFL = .450E+00  dt = 0.4758E+00  final t = 0.232461E+03
 AMRCLAW: level  1  CFL = .450E+00  dt = 0.4760E+00  final t = 0.232937E+03
 AMRCLAW: level  1  CFL = .450E+00  dt = 0.4763E+00  final t = 0.233413E+03
 AMRCLAW: level  1  CFL = .450E+00  dt = 0.4766E+00  final t = 0.233889E+03
 AMRCLAW: level  1  CFL = .450E+00  dt = 0.4769E+00  final t = 0.234366E+03
 AMRCLAW: level  1  CFL = .450E+00  dt = 0.4772E+00  final t = 0.234844E+03
 AMRCLAW: level  1  CFL = .450E+00  dt = 0.4775E+00  final t = 0.235321E+03
 AMRCLAW: level  1  CFL = .450E+00  dt = 0.4779E+00  final t = 0.235799E+03
 AMRCLAW: level  1  CFL = .450E+00  dt = 0.4783E+00  final t = 0.236277E+03
 AMRCLAW: level  1  CFL = .450E+00  dt = 0.4786E+00  final t = 0.236756E+03
 AMRCLAW: level  1  CFL = .450E+00  dt = 0.4790E+00  final t = 0.237235E+03
 AMRCLAW: level  1  CFL = .450E+00  dt = 0.4794E+00  final t = 0.237714E+03
 AMRCLAW: level  1  CFL = .450E+00  dt = 0.4799E+00  final t = 0.238194E+03
 AMRCLAW: level  1  CFL = .451E+00  dt = 0.4803E+00  final t = 0.238675E+03
 AMRCLAW: level  1  CFL = .451E+00  dt = 0.4788E+00  final t = 0.239153E+03
 AMRCLAW: level  1  CFL = .451E+00  dt = 0.4774E+00  final t = 0.239631E+03
 AMRCLAW: level  1  CFL = .349E+00  dt = 0.3693E+00  final t = 0.240000E+03
GEOCLAW: Frame    8 output files done at time t =  0.240000D+03

 AMRCLAW: level  1  CFL = .450E+00  dt = 0.4759E+00  final t = 0.240476E+03
 AMRCLAW: level  1  CFL = .450E+00  dt = 0.4756E+00  final t = 0.240952E+03
 AMRCLAW: level  1  CFL = .450E+00  dt = 0.4754E+00  final t = 0.241427E+03
 AMRCLAW: level  1  CFL = .450E+00  dt = 0.4754E+00  final t = 0.241902E+03
 AMRCLAW: level  1  CFL = .450E+00  dt = 0.4755E+00  final t = 0.242378E+03
 AMRCLAW: level  1  CFL = .450E+00  dt = 0.4756E+00  final t = 0.242853E+03
 AMRCLAW: level  1  CFL = .450E+00  dt = 0.4758E+00  final t = 0.243329E+03
 AMRCLAW: level  1  CFL = .450E+00  dt = 0.4761E+00  final t = 0.243805E+03
 AMRCLAW: level  1  CFL = .450E+00  dt = 0.4764E+00  final t = 0.244282E+03
 AMRCLAW: level  1  CFL = .450E+00  dt = 0.4767E+00  final t = 0.244758E+03
 AMRCLAW: level  1  CFL = .450E+00  dt = 0.4770E+00  final t = 0.245235E+03
 AMRCLAW: level  1  CFL = .450E+00  dt = 0.4773E+00  final t = 0.245713E+03
 AMRCLAW: level  1  CFL = .450E+00  dt = 0.4776E+00  final t = 0.246190E+03
 AMRCLAW: level  1  CFL = .450E+00  dt = 0.4778E+00  final t = 0.246668E+03
 AMRCLAW: level  1  CFL = .450E+00  dt = 0.4779E+00  final t = 0.247146E+03
 AMRCLAW: level  1  CFL = .450E+00  dt = 0.4782E+00  final t = 0.247624E+03
 AMRCLAW: level  1  CFL = .450E+00  dt = 0.4784E+00  final t = 0.248103E+03
 AMRCLAW: level  1  CFL = .450E+00  dt = 0.4787E+00  final t = 0.248581E+03
 AMRCLAW: level  1  CFL = .450E+00  dt = 0.4790E+00  final t = 0.249060E+03
 AMRCLAW: level  1  CFL = .450E+00  dt = 0.4794E+00  final t = 0.249540E+03
 AMRCLAW: level  1  CFL = .450E+00  dt = 0.4797E+00  final t = 0.250019E+03
 AMRCLAW: level  1  CFL = .450E+00  dt = 0.4800E+00  final t = 0.250499E+03
 AMRCLAW: level  1  CFL = .450E+00  dt = 0.4804E+00  final t = 0.250980E+03
 AMRCLAW: level  1  CFL = .450E+00  dt = 0.4807E+00  final t = 0.251461E+03
 AMRCLAW: level  1  CFL = .450E+00  dt = 0.4811E+00  final t = 0.251942E+03
 AMRCLAW: level  1  CFL = .450E+00  dt = 0.4814E+00  final t = 0.252423E+03
 AMRCLAW: level  1  CFL = .450E+00  dt = 0.4817E+00  final t = 0.252905E+03
 AMRCLAW: level  1  CFL = .450E+00  dt = 0.4820E+00  final t = 0.253387E+03
 AMRCLAW: level  1  CFL = .451E+00  dt = 0.4823E+00  final t = 0.253869E+03
 AMRCLAW: level  1  CFL = .453E+00  dt = 0.4814E+00  final t = 0.254351E+03
 AMRCLAW: level  1  CFL = .452E+00  dt = 0.4784E+00  final t = 0.254829E+03
 AMRCLAW: level  1  CFL = .452E+00  dt = 0.4761E+00  final t = 0.255305E+03
 AMRCLAW: level  1  CFL = .451E+00  dt = 0.4744E+00  final t = 0.255780E+03
 AMRCLAW: level  1  CFL = .451E+00  dt = 0.4732E+00  final t = 0.256253E+03
 AMRCLAW: level  1  CFL = .451E+00  dt = 0.4722E+00  final t = 0.256725E+03
 AMRCLAW: level  1  CFL = .451E+00  dt = 0.4715E+00  final t = 0.257196E+03
 AMRCLAW: level  1  CFL = .450E+00  dt = 0.4710E+00  final t = 0.257667E+03
 AMRCLAW: level  1  CFL = .450E+00  dt = 0.4706E+00  final t = 0.258138E+03
 AMRCLAW: level  1  CFL = .450E+00  dt = 0.4703E+00  final t = 0.258608E+03
 AMRCLAW: level  1  CFL = .450E+00  dt = 0.4701E+00  final t = 0.259078E+03
 AMRCLAW: level  1  CFL = .450E+00  dt = 0.4700E+00  final t = 0.259548E+03
 AMRCLAW: level  1  CFL = .450E+00  dt = 0.4700E+00  final t = 0.260018E+03
 AMRCLAW: level  1  CFL = .450E+00  dt = 0.4701E+00  final t = 0.260489E+03
 AMRCLAW: level  1  CFL = .450E+00  dt = 0.4702E+00  final t = 0.260959E+03
 AMRCLAW: level  1  CFL = .450E+00  dt = 0.4704E+00  final t = 0.261429E+03
 AMRCLAW: level  1  CFL = .450E+00  dt = 0.4705E+00  final t = 0.261900E+03
 AMRCLAW: level  1  CFL = .450E+00  dt = 0.4708E+00  final t = 0.262370E+03
 AMRCLAW: level  1  CFL = .450E+00  dt = 0.4710E+00  final t = 0.262841E+03
 AMRCLAW: level  1  CFL = .450E+00  dt = 0.4713E+00  final t = 0.263313E+03
 AMRCLAW: level  1  CFL = .450E+00  dt = 0.4716E+00  final t = 0.263784E+03
 AMRCLAW: level  1  CFL = .450E+00  dt = 0.4719E+00  final t = 0.264256E+03
 AMRCLAW: level  1  CFL = .450E+00  dt = 0.4722E+00  final t = 0.264728E+03
 AMRCLAW: level  1  CFL = .450E+00  dt = 0.4725E+00  final t = 0.265201E+03
 AMRCLAW: level  1  CFL = .450E+00  dt = 0.4728E+00  final t = 0.265674E+03
 AMRCLAW: level  1  CFL = .450E+00  dt = 0.4731E+00  final t = 0.266147E+03
 AMRCLAW: level  1  CFL = .450E+00  dt = 0.4734E+00  final t = 0.266620E+03
 AMRCLAW: level  1  CFL = .450E+00  dt = 0.4737E+00  final t = 0.267094E+03
 AMRCLAW: level  1  CFL = .450E+00  dt = 0.4741E+00  final t = 0.267568E+03
 AMRCLAW: level  1  CFL = .450E+00  dt = 0.4744E+00  final t = 0.268042E+03
 AMRCLAW: level  1  CFL = .450E+00  dt = 0.4747E+00  final t = 0.268517E+03
 AMRCLAW: level  1  CFL = .450E+00  dt = 0.4751E+00  final t = 0.268992E+03
 AMRCLAW: level  1  CFL = .450E+00  dt = 0.4754E+00  final t = 0.269468E+03
 AMRCLAW: level  1  CFL = .450E+00  dt = 0.4758E+00  final t = 0.269943E+03
 AMRCLAW: level  1  CFL = .536E-01  dt = 0.5674E-01  final t = 0.270000E+03
GEOCLAW: Frame    9 output files done at time t =  0.270000D+03

 AMRCLAW: level  1  CFL = .450E+00  dt = 0.4765E+00  final t = 0.270476E+03
 AMRCLAW: level  1  CFL = .450E+00  dt = 0.4765E+00  final t = 0.270953E+03
 AMRCLAW: level  1  CFL = .450E+00  dt = 0.4769E+00  final t = 0.271430E+03
 AMRCLAW: level  1  CFL = .450E+00  dt = 0.4772E+00  final t = 0.271907E+03
 AMRCLAW: level  1  CFL = .450E+00  dt = 0.4776E+00  final t = 0.272385E+03
 AMRCLAW: level  1  CFL = .450E+00  dt = 0.4780E+00  final t = 0.272863E+03
 AMRCLAW: level  1  CFL = .450E+00  dt = 0.4784E+00  final t = 0.273341E+03
 AMRCLAW: level  1  CFL = .451E+00  dt = 0.4788E+00  final t = 0.273820E+03
 AMRCLAW: level  1  CFL = .456E+00  dt = 0.4779E+00  final t = 0.274298E+03
 AMRCLAW: level  1  CFL = .455E+00  dt = 0.4715E+00  final t = 0.274769E+03
 AMRCLAW: level  1  CFL = .454E+00  dt = 0.4662E+00  final t = 0.275235E+03
 AMRCLAW: level  1  CFL = .454E+00  dt = 0.4619E+00  final t = 0.275697E+03
 AMRCLAW: level  1  CFL = .453E+00  dt = 0.4583E+00  final t = 0.276156E+03
 AMRCLAW: level  1  CFL = .452E+00  dt = 0.4553E+00  final t = 0.276611E+03
 AMRCLAW: level  1  CFL = .452E+00  dt = 0.4529E+00  final t = 0.277064E+03
 AMRCLAW: level  1  CFL = .452E+00  dt = 0.4509E+00  final t = 0.277515E+03
 AMRCLAW: level  1  CFL = .452E+00  dt = 0.4491E+00  final t = 0.277964E+03
 AMRCLAW: level  1  CFL = .452E+00  dt = 0.4469E+00  final t = 0.278411E+03
 AMRCLAW: level  1  CFL = .452E+00  dt = 0.4452E+00  final t = 0.278856E+03
 AMRCLAW: level  1  CFL = .451E+00  dt = 0.4437E+00  final t = 0.279300E+03
 AMRCLAW: level  1  CFL = .451E+00  dt = 0.4424E+00  final t = 0.279742E+03
 AMRCLAW: level  1  CFL = .451E+00  dt = 0.4413E+00  final t = 0.280183E+03
 AMRCLAW: level  1  CFL = .451E+00  dt = 0.4404E+00  final t = 0.280624E+03
 AMRCLAW: level  1  CFL = .451E+00  dt = 0.4397E+00  final t = 0.281063E+03
 AMRCLAW: level  1  CFL = .451E+00  dt = 0.4391E+00  final t = 0.281503E+03
 AMRCLAW: level  1  CFL = .451E+00  dt = 0.4385E+00  final t = 0.281941E+03
 AMRCLAW: level  1  CFL = .450E+00  dt = 0.4379E+00  final t = 0.282379E+03
 AMRCLAW: level  1  CFL = .450E+00  dt = 0.4376E+00  final t = 0.282817E+03
 AMRCLAW: level  1  CFL = .450E+00  dt = 0.4373E+00  final t = 0.283254E+03
 AMRCLAW: level  1  CFL = .450E+00  dt = 0.4369E+00  final t = 0.283691E+03
 AMRCLAW: level  1  CFL = .450E+00  dt = 0.4366E+00  final t = 0.284127E+03
 AMRCLAW: level  1  CFL = .450E+00  dt = 0.4367E+00  final t = 0.284564E+03
 AMRCLAW: level  1  CFL = .450E+00  dt = 0.4366E+00  final t = 0.285001E+03
 AMRCLAW: level  1  CFL = .450E+00  dt = 0.4365E+00  final t = 0.285437E+03
 AMRCLAW: level  1  CFL = .450E+00  dt = 0.4364E+00  final t = 0.285874E+03
 AMRCLAW: level  1  CFL = .450E+00  dt = 0.4363E+00  final t = 0.286310E+03
 AMRCLAW: level  1  CFL = .450E+00  dt = 0.4365E+00  final t = 0.286746E+03
 AMRCLAW: level  1  CFL = .450E+00  dt = 0.4366E+00  final t = 0.287183E+03
 AMRCLAW: level  1  CFL = .450E+00  dt = 0.4366E+00  final t = 0.287619E+03
 AMRCLAW: level  1  CFL = .450E+00  dt = 0.4365E+00  final t = 0.288056E+03
 AMRCLAW: level  1  CFL = .450E+00  dt = 0.4366E+00  final t = 0.288493E+03
 AMRCLAW: level  1  CFL = .450E+00  dt = 0.4369E+00  final t = 0.288929E+03
 AMRCLAW: level  1  CFL = .450E+00  dt = 0.4370E+00  final t = 0.289366E+03
 AMRCLAW: level  1  CFL = .450E+00  dt = 0.4370E+00  final t = 0.289803E+03
 AMRCLAW: level  1  CFL = .450E+00  dt = 0.4370E+00  final t = 0.290240E+03
 AMRCLAW: level  1  CFL = .450E+00  dt = 0.4370E+00  final t = 0.290677E+03
 AMRCLAW: level  1  CFL = .450E+00  dt = 0.4370E+00  final t = 0.291114E+03
 AMRCLAW: level  1  CFL = .450E+00  dt = 0.4372E+00  final t = 0.291552E+03
 AMRCLAW: level  1  CFL = .450E+00  dt = 0.4376E+00  final t = 0.291989E+03
 AMRCLAW: level  1  CFL = .450E+00  dt = 0.4378E+00  final t = 0.292427E+03
 AMRCLAW: level  1  CFL = .450E+00  dt = 0.4379E+00  final t = 0.292865E+03
 AMRCLAW: level  1  CFL = .450E+00  dt = 0.4379E+00  final t = 0.293303E+03
 AMRCLAW: level  1  CFL = .450E+00  dt = 0.4380E+00  final t = 0.293741E+03
 AMRCLAW: level  1  CFL = .450E+00  dt = 0.4380E+00  final t = 0.294179E+03
 AMRCLAW: level  1  CFL = .450E+00  dt = 0.4381E+00  final t = 0.294617E+03
 AMRCLAW: level  1  CFL = .450E+00  dt = 0.4382E+00  final t = 0.295055E+03
 AMRCLAW: level  1  CFL = .450E+00  dt = 0.4384E+00  final t = 0.295493E+03
 AMRCLAW: level  1  CFL = .450E+00  dt = 0.4385E+00  final t = 0.295932E+03
 AMRCLAW: level  1  CFL = .450E+00  dt = 0.4387E+00  final t = 0.296371E+03
 AMRCLAW: level  1  CFL = .450E+00  dt = 0.4389E+00  final t = 0.296810E+03
 AMRCLAW: level  1  CFL = .450E+00  dt = 0.4391E+00  final t = 0.297249E+03
 AMRCLAW: level  1  CFL = .450E+00  dt = 0.4394E+00  final t = 0.297688E+03
 AMRCLAW: level  1  CFL = .450E+00  dt = 0.4396E+00  final t = 0.298128E+03
 AMRCLAW: level  1  CFL = .450E+00  dt = 0.4399E+00  final t = 0.298568E+03
 AMRCLAW: level  1  CFL = .450E+00  dt = 0.4402E+00  final t = 0.299008E+03
 AMRCLAW: level  1  CFL = .450E+00  dt = 0.4405E+00  final t = 0.299448E+03
 AMRCLAW: level  1  CFL = .450E+00  dt = 0.4408E+00  final t = 0.299889E+03
 AMRCLAW: level  1  CFL = .113E+00  dt = 0.1109E+00  final t = 0.300000E+03
GEOCLAW: Frame   10 output files done at time t =  0.300000D+03

 AMRCLAW: level  1  CFL = .450E+00  dt = 0.4415E+00  final t = 0.300442E+03
 AMRCLAW: level  1  CFL = .450E+00  dt = 0.4416E+00  final t = 0.300883E+03
 AMRCLAW: level  1  CFL = .450E+00  dt = 0.4420E+00  final t = 0.301325E+03
 AMRCLAW: level  1  CFL = .450E+00  dt = 0.4425E+00  final t = 0.301768E+03
 AMRCLAW: level  1  CFL = .450E+00  dt = 0.4429E+00  final t = 0.302211E+03
 AMRCLAW: level  1  CFL = .449E+00  dt = 0.4434E+00  final t = 0.302654E+03
 AMRCLAW: level  1  CFL = .449E+00  dt = 0.4439E+00  final t = 0.303098E+03
 AMRCLAW: level  1  CFL = .449E+00  dt = 0.4444E+00  final t = 0.303542E+03
 AMRCLAW: level  1  CFL = .449E+00  dt = 0.4450E+00  final t = 0.303987E+03
 AMRCLAW: level  1  CFL = .449E+00  dt = 0.4456E+00  final t = 0.304433E+03
 AMRCLAW: level  1  CFL = .450E+00  dt = 0.4462E+00  final t = 0.304879E+03
 AMRCLAW: level  1  CFL = .450E+00  dt = 0.4463E+00  final t = 0.305326E+03
 AMRCLAW: level  1  CFL = .450E+00  dt = 0.4464E+00  final t = 0.305772E+03
 AMRCLAW: level  1  CFL = .450E+00  dt = 0.4465E+00  final t = 0.306218E+03
 AMRCLAW: level  1  CFL = .450E+00  dt = 0.4466E+00  final t = 0.306665E+03
 AMRCLAW: level  1  CFL = .450E+00  dt = 0.4467E+00  final t = 0.307112E+03
 AMRCLAW: level  1  CFL = .450E+00  dt = 0.4467E+00  final t = 0.307558E+03
 AMRCLAW: level  1  CFL = .450E+00  dt = 0.4468E+00  final t = 0.308005E+03
 AMRCLAW: level  1  CFL = .450E+00  dt = 0.4469E+00  final t = 0.308452E+03
 AMRCLAW: level  1  CFL = .450E+00  dt = 0.4470E+00  final t = 0.308899E+03
 AMRCLAW: level  1  CFL = .450E+00  dt = 0.4471E+00  final t = 0.309346E+03
 AMRCLAW: level  1  CFL = .450E+00  dt = 0.4472E+00  final t = 0.309793E+03
 AMRCLAW: level  1  CFL = .450E+00  dt = 0.4473E+00  final t = 0.310241E+03
 AMRCLAW: level  1  CFL = .450E+00  dt = 0.4473E+00  final t = 0.310688E+03
 AMRCLAW: level  1  CFL = .450E+00  dt = 0.4474E+00  final t = 0.311135E+03
 AMRCLAW: level  1  CFL = .450E+00  dt = 0.4475E+00  final t = 0.311583E+03
 AMRCLAW: level  1  CFL = .450E+00  dt = 0.4476E+00  final t = 0.312031E+03
 AMRCLAW: level  1  CFL = .450E+00  dt = 0.4477E+00  final t = 0.312478E+03
 AMRCLAW: level  1  CFL = .450E+00  dt = 0.4478E+00  final t = 0.312926E+03
 AMRCLAW: level  1  CFL = .450E+00  dt = 0.4479E+00  final t = 0.313374E+03
 AMRCLAW: level  1  CFL = .450E+00  dt = 0.4480E+00  final t = 0.313822E+03
 AMRCLAW: level  1  CFL = .450E+00  dt = 0.4481E+00  final t = 0.314270E+03
 AMRCLAW: level  1  CFL = .450E+00  dt = 0.4483E+00  final t = 0.314718E+03
 AMRCLAW: level  1  CFL = .450E+00  dt = 0.4484E+00  final t = 0.315167E+03
 AMRCLAW: level  1  CFL = .450E+00  dt = 0.4486E+00  final t = 0.315615E+03
 AMRCLAW: level  1  CFL = .450E+00  dt = 0.4487E+00  final t = 0.316064E+03
 AMRCLAW: level  1  CFL = .450E+00  dt = 0.4489E+00  final t = 0.316513E+03
 AMRCLAW: level  1  CFL = .450E+00  dt = 0.4491E+00  final t = 0.316962E+03
 AMRCLAW: level  1  CFL = .450E+00  dt = 0.4494E+00  final t = 0.317412E+03
 AMRCLAW: level  1  CFL = .450E+00  dt = 0.4496E+00  final t = 0.317861E+03
 AMRCLAW: level  1  CFL = .450E+00  dt = 0.4499E+00  final t = 0.318311E+03
 AMRCLAW: level  1  CFL = .450E+00  dt = 0.4501E+00  final t = 0.318761E+03
 AMRCLAW: level  1  CFL = .450E+00  dt = 0.4504E+00  final t = 0.319212E+03
 AMRCLAW: level  1  CFL = .450E+00  dt = 0.4507E+00  final t = 0.319662E+03
 AMRCLAW: level  1  CFL = .450E+00  dt = 0.4510E+00  final t = 0.320113E+03
 AMRCLAW: level  1  CFL = .450E+00  dt = 0.4513E+00  final t = 0.320565E+03
 AMRCLAW: level  1  CFL = .450E+00  dt = 0.4517E+00  final t = 0.321016E+03
 AMRCLAW: level  1  CFL = .450E+00  dt = 0.4520E+00  final t = 0.321468E+03
 AMRCLAW: level  1  CFL = .450E+00  dt = 0.4524E+00  final t = 0.321921E+03
 AMRCLAW: level  1  CFL = .450E+00  dt = 0.4528E+00  final t = 0.322374E+03
 AMRCLAW: level  1  CFL = .450E+00  dt = 0.4531E+00  final t = 0.322827E+03
 AMRCLAW: level  1  CFL = .450E+00  dt = 0.4536E+00  final t = 0.323280E+03
 AMRCLAW: level  1  CFL = .450E+00  dt = 0.4540E+00  final t = 0.323734E+03
 AMRCLAW: level  1  CFL = .450E+00  dt = 0.4544E+00  final t = 0.324189E+03
 AMRCLAW: level  1  CFL = .450E+00  dt = 0.4548E+00  final t = 0.324643E+03
 AMRCLAW: level  1  CFL = .450E+00  dt = 0.4553E+00  final t = 0.325099E+03
 AMRCLAW: level  1  CFL = .450E+00  dt = 0.4557E+00  final t = 0.325554E+03
 AMRCLAW: level  1  CFL = .450E+00  dt = 0.4561E+00  final t = 0.326011E+03
 AMRCLAW: level  1  CFL = .450E+00  dt = 0.4566E+00  final t = 0.326467E+03
 AMRCLAW: level  1  CFL = .450E+00  dt = 0.4570E+00  final t = 0.326924E+03
 AMRCLAW: level  1  CFL = .450E+00  dt = 0.4574E+00  final t = 0.327382E+03
 AMRCLAW: level  1  CFL = .450E+00  dt = 0.4578E+00  final t = 0.327839E+03
 AMRCLAW: level  1  CFL = .450E+00  dt = 0.4582E+00  final t = 0.328297E+03
 AMRCLAW: level  1  CFL = .450E+00  dt = 0.4586E+00  final t = 0.328756E+03
 AMRCLAW: level  1  CFL = .450E+00  dt = 0.4590E+00  final t = 0.329215E+03
 AMRCLAW: level  1  CFL = .450E+00  dt = 0.4594E+00  final t = 0.329674E+03
 AMRCLAW: level  1  CFL = .318E+00  dt = 0.3255E+00  final t = 0.330000E+03
GEOCLAW: Frame   11 output files done at time t =  0.330000D+03

 AMRCLAW: level  1  CFL = .450E+00  dt = 0.4603E+00  final t = 0.330460E+03
 AMRCLAW: level  1  CFL = .449E+00  dt = 0.4606E+00  final t = 0.330921E+03
 AMRCLAW: level  1  CFL = .449E+00  dt = 0.4611E+00  final t = 0.331382E+03
 AMRCLAW: level  1  CFL = .449E+00  dt = 0.4618E+00  final t = 0.331844E+03
 AMRCLAW: level  1  CFL = .449E+00  dt = 0.4625E+00  final t = 0.332306E+03
 AMRCLAW: level  1  CFL = .449E+00  dt = 0.4632E+00  final t = 0.332769E+03
 AMRCLAW: level  1  CFL = .449E+00  dt = 0.4640E+00  final t = 0.333233E+03
 AMRCLAW: level  1  CFL = .449E+00  dt = 0.4648E+00  final t = 0.333698E+03
 AMRCLAW: level  1  CFL = .449E+00  dt = 0.4656E+00  final t = 0.334164E+03
 AMRCLAW: level  1  CFL = .449E+00  dt = 0.4663E+00  final t = 0.334630E+03
 AMRCLAW: level  1  CFL = .449E+00  dt = 0.4671E+00  final t = 0.335097E+03
 AMRCLAW: level  1  CFL = .449E+00  dt = 0.4679E+00  final t = 0.335565E+03
 AMRCLAW: level  1  CFL = .449E+00  dt = 0.4687E+00  final t = 0.336034E+03
 AMRCLAW: level  1  CFL = .449E+00  dt = 0.4695E+00  final t = 0.336503E+03
 AMRCLAW: level  1  CFL = .449E+00  dt = 0.4703E+00  final t = 0.336974E+03
 AMRCLAW: level  1  CFL = .449E+00  dt = 0.4710E+00  final t = 0.337445E+03
 AMRCLAW: level  1  CFL = .449E+00  dt = 0.4718E+00  final t = 0.337916E+03
 AMRCLAW: level  1  CFL = .449E+00  dt = 0.4725E+00  final t = 0.338389E+03
 AMRCLAW: level  1  CFL = .449E+00  dt = 0.4732E+00  final t = 0.338862E+03
 AMRCLAW: level  1  CFL = .449E+00  dt = 0.4739E+00  final t = 0.339336E+03
 AMRCLAW: level  1  CFL = .449E+00  dt = 0.4745E+00  final t = 0.339810E+03
 AMRCLAW: level  1  CFL = .449E+00  dt = 0.4751E+00  final t = 0.340286E+03
 AMRCLAW: level  1  CFL = .449E+00  dt = 0.4757E+00  final t = 0.340761E+03
 AMRCLAW: level  1  CFL = .450E+00  dt = 0.4762E+00  final t = 0.341237E+03
 AMRCLAW: level  1  CFL = .450E+00  dt = 0.4767E+00  final t = 0.341714E+03
 AMRCLAW: level  1  CFL = .450E+00  dt = 0.4771E+00  final t = 0.342191E+03
 AMRCLAW: level  1  CFL = .450E+00  dt = 0.4775E+00  final t = 0.342669E+03
 AMRCLAW: level  1  CFL = .450E+00  dt = 0.4778E+00  final t = 0.343147E+03
 AMRCLAW: level  1  CFL = .450E+00  dt = 0.4781E+00  final t = 0.343625E+03
 AMRCLAW: level  1  CFL = .450E+00  dt = 0.4783E+00  final t = 0.344103E+03
 AMRCLAW: level  1  CFL = .450E+00  dt = 0.4785E+00  final t = 0.344582E+03
 AMRCLAW: level  1  CFL = .450E+00  dt = 0.4787E+00  final t = 0.345060E+03
 AMRCLAW: level  1  CFL = .450E+00  dt = 0.4788E+00  final t = 0.345539E+03
 AMRCLAW: level  1  CFL = .450E+00  dt = 0.4789E+00  final t = 0.346018E+03
 AMRCLAW: level  1  CFL = .450E+00  dt = 0.4790E+00  final t = 0.346497E+03
 AMRCLAW: level  1  CFL = .450E+00  dt = 0.4790E+00  final t = 0.346976E+03
 AMRCLAW: level  1  CFL = .450E+00  dt = 0.4790E+00  final t = 0.347455E+03
 AMRCLAW: level  1  CFL = .450E+00  dt = 0.4790E+00  final t = 0.347934E+03
 AMRCLAW: level  1  CFL = .450E+00  dt = 0.4790E+00  final t = 0.348413E+03
 AMRCLAW: level  1  CFL = .450E+00  dt = 0.4789E+00  final t = 0.348892E+03
 AMRCLAW: level  1  CFL = .450E+00  dt = 0.4789E+00  final t = 0.349371E+03
 AMRCLAW: level  1  CFL = .450E+00  dt = 0.4788E+00  final t = 0.349850E+03
 AMRCLAW: level  1  CFL = .450E+00  dt = 0.4788E+00  final t = 0.350328E+03
 AMRCLAW: level  1  CFL = .450E+00  dt = 0.4788E+00  final t = 0.350807E+03
 AMRCLAW: level  1  CFL = .450E+00  dt = 0.4789E+00  final t = 0.351286E+03
 AMRCLAW: level  1  CFL = .450E+00  dt = 0.4789E+00  final t = 0.351765E+03
 AMRCLAW: level  1  CFL = .450E+00  dt = 0.4790E+00  final t = 0.352244E+03
 AMRCLAW: level  1  CFL = .450E+00  dt = 0.4791E+00  final t = 0.352723E+03
 AMRCLAW: level  1  CFL = .450E+00  dt = 0.4792E+00  final t = 0.353202E+03
 AMRCLAW: level  1  CFL = .450E+00  dt = 0.4793E+00  final t = 0.353682E+03
 AMRCLAW: level  1  CFL = .450E+00  dt = 0.4795E+00  final t = 0.354161E+03
 AMRCLAW: level  1  CFL = .450E+00  dt = 0.4797E+00  final t = 0.354641E+03
 AMRCLAW: level  1  CFL = .450E+00  dt = 0.4798E+00  final t = 0.355121E+03
 AMRCLAW: level  1  CFL = .450E+00  dt = 0.4800E+00  final t = 0.355601E+03
 AMRCLAW: level  1  CFL = .450E+00  dt = 0.4803E+00  final t = 0.356081E+03
 AMRCLAW: level  1  CFL = .450E+00  dt = 0.4805E+00  final t = 0.356561E+03
 AMRCLAW: level  1  CFL = .450E+00  dt = 0.4808E+00  final t = 0.357042E+03
 AMRCLAW: level  1  CFL = .450E+00  dt = 0.4812E+00  final t = 0.357523E+03
 AMRCLAW: level  1  CFL = .450E+00  dt = 0.4816E+00  final t = 0.358005E+03
 AMRCLAW: level  1  CFL = .450E+00  dt = 0.4820E+00  final t = 0.358487E+03
 AMRCLAW: level  1  CFL = .449E+00  dt = 0.4825E+00  final t = 0.358969E+03
 AMRCLAW: level  1  CFL = .449E+00  dt = 0.4830E+00  final t = 0.359452E+03
 AMRCLAW: level  1  CFL = .449E+00  dt = 0.4836E+00  final t = 0.359936E+03
 AMRCLAW: level  1  CFL = .593E-01  dt = 0.6388E-01  final t = 0.360000E+03
GEOCLAW: Frame   12 output files done at time t =  0.360000D+03

 AMRCLAW: level  1  CFL = .450E+00  dt = 0.4850E+00  final t = 0.360485E+03
 AMRCLAW: level  1  CFL = .449E+00  dt = 0.4851E+00  final t = 0.360970E+03
 AMRCLAW: level  1  CFL = .449E+00  dt = 0.4858E+00  final t = 0.361456E+03
 AMRCLAW: level  1  CFL = .449E+00  dt = 0.4866E+00  final t = 0.361942E+03
 AMRCLAW: level  1  CFL = .449E+00  dt = 0.4875E+00  final t = 0.362430E+03
 AMRCLAW: level  1  CFL = .449E+00  dt = 0.4884E+00  final t = 0.362918E+03
 AMRCLAW: level  1  CFL = .449E+00  dt = 0.4893E+00  final t = 0.363408E+03
 AMRCLAW: level  1  CFL = .449E+00  dt = 0.4903E+00  final t = 0.363898E+03
 AMRCLAW: level  1  CFL = .449E+00  dt = 0.4912E+00  final t = 0.364389E+03
 AMRCLAW: level  1  CFL = .449E+00  dt = 0.4922E+00  final t = 0.364881E+03
 AMRCLAW: level  1  CFL = .449E+00  dt = 0.4932E+00  final t = 0.365375E+03
 AMRCLAW: level  1  CFL = .449E+00  dt = 0.4941E+00  final t = 0.365869E+03
 AMRCLAW: level  1  CFL = .449E+00  dt = 0.4951E+00  final t = 0.366364E+03
 AMRCLAW: level  1  CFL = .449E+00  dt = 0.4961E+00  final t = 0.366860E+03
 AMRCLAW: level  1  CFL = .449E+00  dt = 0.4972E+00  final t = 0.367357E+03
 AMRCLAW: level  1  CFL = .449E+00  dt = 0.4982E+00  final t = 0.367855E+03
 AMRCLAW: level  1  CFL = .449E+00  dt = 0.4993E+00  final t = 0.368355E+03
 AMRCLAW: level  1  CFL = .449E+00  dt = 0.5000E+00  final t = 0.368855E+03
 AMRCLAW: level  1  CFL = .448E+00  dt = 0.5000E+00  final t = 0.369355E+03
 AMRCLAW: level  1  CFL = .447E+00  dt = 0.5000E+00  final t = 0.369855E+03
 AMRCLAW: level  1  CFL = .446E+00  dt = 0.5000E+00  final t = 0.370355E+03
 AMRCLAW: level  1  CFL = .445E+00  dt = 0.5000E+00  final t = 0.370855E+03
 AMRCLAW: level  1  CFL = .444E+00  dt = 0.5000E+00  final t = 0.371355E+03
 AMRCLAW: level  1  CFL = .443E+00  dt = 0.5000E+00  final t = 0.371855E+03
 AMRCLAW: level  1  CFL = .442E+00  dt = 0.5000E+00  final t = 0.372355E+03
 AMRCLAW: level  1  CFL = .441E+00  dt = 0.5000E+00  final t = 0.372855E+03
 AMRCLAW: level  1  CFL = .440E+00  dt = 0.5000E+00  final t = 0.373355E+03
 AMRCLAW: level  1  CFL = .439E+00  dt = 0.5000E+00  final t = 0.373855E+03
 AMRCLAW: level  1  CFL = .438E+00  dt = 0.5000E+00  final t = 0.374355E+03
 AMRCLAW: level  1  CFL = .437E+00  dt = 0.5000E+00  final t = 0.374855E+03
 AMRCLAW: level  1  CFL = .436E+00  dt = 0.5000E+00  final t = 0.375355E+03
 AMRCLAW: level  1  CFL = .436E+00  dt = 0.5000E+00  final t = 0.375855E+03
 AMRCLAW: level  1  CFL = .435E+00  dt = 0.5000E+00  final t = 0.376355E+03
 AMRCLAW: level  1  CFL = .434E+00  dt = 0.5000E+00  final t = 0.376855E+03
 AMRCLAW: level  1  CFL = .433E+00  dt = 0.5000E+00  final t = 0.377355E+03
 AMRCLAW: level  1  CFL = .432E+00  dt = 0.5000E+00  final t = 0.377855E+03
 AMRCLAW: level  1  CFL = .432E+00  dt = 0.5000E+00  final t = 0.378355E+03
 AMRCLAW: level  1  CFL = .431E+00  dt = 0.5000E+00  final t = 0.378855E+03
 AMRCLAW: level  1  CFL = .430E+00  dt = 0.5000E+00  final t = 0.379355E+03
 AMRCLAW: level  1  CFL = .430E+00  dt = 0.5000E+00  final t = 0.379855E+03
 AMRCLAW: level  1  CFL = .429E+00  dt = 0.5000E+00  final t = 0.380355E+03
 AMRCLAW: level  1  CFL = .428E+00  dt = 0.5000E+00  final t = 0.380855E+03
 AMRCLAW: level  1  CFL = .428E+00  dt = 0.5000E+00  final t = 0.381355E+03
 AMRCLAW: level  1  CFL = .427E+00  dt = 0.5000E+00  final t = 0.381855E+03
 AMRCLAW: level  1  CFL = .426E+00  dt = 0.5000E+00  final t = 0.382355E+03
 AMRCLAW: level  1  CFL = .426E+00  dt = 0.5000E+00  final t = 0.382855E+03
 AMRCLAW: level  1  CFL = .425E+00  dt = 0.5000E+00  final t = 0.383355E+03
 AMRCLAW: level  1  CFL = .425E+00  dt = 0.5000E+00  final t = 0.383855E+03
 AMRCLAW: level  1  CFL = .425E+00  dt = 0.5000E+00  final t = 0.384355E+03
 AMRCLAW: level  1  CFL = .424E+00  dt = 0.5000E+00  final t = 0.384855E+03
 AMRCLAW: level  1  CFL = .423E+00  dt = 0.5000E+00  final t = 0.385355E+03
 AMRCLAW: level  1  CFL = .423E+00  dt = 0.5000E+00  final t = 0.385855E+03
 AMRCLAW: level  1  CFL = .422E+00  dt = 0.5000E+00  final t = 0.386355E+03
 AMRCLAW: level  1  CFL = .422E+00  dt = 0.5000E+00  final t = 0.386855E+03
 AMRCLAW: level  1  CFL = .421E+00  dt = 0.5000E+00  final t = 0.387355E+03
 AMRCLAW: level  1  CFL = .420E+00  dt = 0.5000E+00  final t = 0.387855E+03
 AMRCLAW: level  1  CFL = .420E+00  dt = 0.5000E+00  final t = 0.388355E+03
 AMRCLAW: level  1  CFL = .419E+00  dt = 0.5000E+00  final t = 0.388855E+03
 AMRCLAW: level  1  CFL = .419E+00  dt = 0.5000E+00  final t = 0.389355E+03
 AMRCLAW: level  1  CFL = .418E+00  dt = 0.5000E+00  final t = 0.389855E+03
 AMRCLAW: level  1  CFL = .121E+00  dt = 0.1454E+00  final t = 0.390000E+03
GEOCLAW: Frame   13 output files done at time t =  0.390000D+03

 AMRCLAW: level  1  CFL = .417E+00  dt = 0.5000E+00  final t = 0.390500E+03
 AMRCLAW: level  1  CFL = .416E+00  dt = 0.5000E+00  final t = 0.391000E+03
 AMRCLAW: level  1  CFL = .416E+00  dt = 0.5000E+00  final t = 0.391500E+03
 AMRCLAW: level  1  CFL = .415E+00  dt = 0.5000E+00  final t = 0.392000E+03
 AMRCLAW: level  1  CFL = .414E+00  dt = 0.5000E+00  final t = 0.392500E+03
 AMRCLAW: level  1  CFL = .414E+00  dt = 0.5000E+00  final t = 0.393000E+03
 AMRCLAW: level  1  CFL = .413E+00  dt = 0.5000E+00  final t = 0.393500E+03
 AMRCLAW: level  1  CFL = .412E+00  dt = 0.5000E+00  final t = 0.394000E+03
 AMRCLAW: level  1  CFL = .412E+00  dt = 0.5000E+00  final t = 0.394500E+03
 AMRCLAW: level  1  CFL = .411E+00  dt = 0.5000E+00  final t = 0.395000E+03
 AMRCLAW: level  1  CFL = .410E+00  dt = 0.5000E+00  final t = 0.395500E+03
 AMRCLAW: level  1  CFL = .409E+00  dt = 0.5000E+00  final t = 0.396000E+03
 AMRCLAW: level  1  CFL = .408E+00  dt = 0.5000E+00  final t = 0.396500E+03
 AMRCLAW: level  1  CFL = .408E+00  dt = 0.5000E+00  final t = 0.397000E+03
 AMRCLAW: level  1  CFL = .407E+00  dt = 0.5000E+00  final t = 0.397500E+03
 AMRCLAW: level  1  CFL = .406E+00  dt = 0.5000E+00  final t = 0.398000E+03
 AMRCLAW: level  1  CFL = .405E+00  dt = 0.5000E+00  final t = 0.398500E+03
 AMRCLAW: level  1  CFL = .405E+00  dt = 0.5000E+00  final t = 0.399000E+03
 AMRCLAW: level  1  CFL = .404E+00  dt = 0.5000E+00  final t = 0.399500E+03
 AMRCLAW: level  1  CFL = .403E+00  dt = 0.5000E+00  final t = 0.400000E+03
 AMRCLAW: level  1  CFL = .403E+00  dt = 0.5000E+00  final t = 0.400500E+03
 AMRCLAW: level  1  CFL = .402E+00  dt = 0.5000E+00  final t = 0.401000E+03
 AMRCLAW: level  1  CFL = .401E+00  dt = 0.5000E+00  final t = 0.401500E+03
 AMRCLAW: level  1  CFL = .400E+00  dt = 0.5000E+00  final t = 0.402000E+03
 AMRCLAW: level  1  CFL = .399E+00  dt = 0.5000E+00  final t = 0.402500E+03
 AMRCLAW: level  1  CFL = .398E+00  dt = 0.5000E+00  final t = 0.403000E+03
 AMRCLAW: level  1  CFL = .397E+00  dt = 0.5000E+00  final t = 0.403500E+03
 AMRCLAW: level  1  CFL = .397E+00  dt = 0.5000E+00  final t = 0.404000E+03
 AMRCLAW: level  1  CFL = .396E+00  dt = 0.5000E+00  final t = 0.404500E+03
 AMRCLAW: level  1  CFL = .396E+00  dt = 0.5000E+00  final t = 0.405000E+03
 AMRCLAW: level  1  CFL = .395E+00  dt = 0.5000E+00  final t = 0.405500E+03
 AMRCLAW: level  1  CFL = .395E+00  dt = 0.5000E+00  final t = 0.406000E+03
 AMRCLAW: level  1  CFL = .395E+00  dt = 0.5000E+00  final t = 0.406500E+03
 AMRCLAW: level  1  CFL = .394E+00  dt = 0.5000E+00  final t = 0.407000E+03
 AMRCLAW: level  1  CFL = .394E+00  dt = 0.5000E+00  final t = 0.407500E+03
 AMRCLAW: level  1  CFL = .393E+00  dt = 0.5000E+00  final t = 0.408000E+03
 AMRCLAW: level  1  CFL = .393E+00  dt = 0.5000E+00  final t = 0.408500E+03
 AMRCLAW: level  1  CFL = .393E+00  dt = 0.5000E+00  final t = 0.409000E+03
 AMRCLAW: level  1  CFL = .392E+00  dt = 0.5000E+00  final t = 0.409500E+03
 AMRCLAW: level  1  CFL = .392E+00  dt = 0.5000E+00  final t = 0.410000E+03
 AMRCLAW: level  1  CFL = .391E+00  dt = 0.5000E+00  final t = 0.410500E+03
 AMRCLAW: level  1  CFL = .391E+00  dt = 0.5000E+00  final t = 0.411000E+03
 AMRCLAW: level  1  CFL = .390E+00  dt = 0.5000E+00  final t = 0.411500E+03
 AMRCLAW: level  1  CFL = .390E+00  dt = 0.5000E+00  final t = 0.412000E+03
 AMRCLAW: level  1  CFL = .389E+00  dt = 0.5000E+00  final t = 0.412500E+03
 AMRCLAW: level  1  CFL = .388E+00  dt = 0.5000E+00  final t = 0.413000E+03
 AMRCLAW: level  1  CFL = .388E+00  dt = 0.5000E+00  final t = 0.413500E+03
 AMRCLAW: level  1  CFL = .387E+00  dt = 0.5000E+00  final t = 0.414000E+03
 AMRCLAW: level  1  CFL = .387E+00  dt = 0.5000E+00  final t = 0.414500E+03
 AMRCLAW: level  1  CFL = .386E+00  dt = 0.5000E+00  final t = 0.415000E+03
 AMRCLAW: level  1  CFL = .385E+00  dt = 0.5000E+00  final t = 0.415500E+03
 AMRCLAW: level  1  CFL = .385E+00  dt = 0.5000E+00  final t = 0.416000E+03
 AMRCLAW: level  1  CFL = .384E+00  dt = 0.5000E+00  final t = 0.416500E+03
 AMRCLAW: level  1  CFL = .383E+00  dt = 0.5000E+00  final t = 0.417000E+03
 AMRCLAW: level  1  CFL = .382E+00  dt = 0.5000E+00  final t = 0.417500E+03
 AMRCLAW: level  1  CFL = .382E+00  dt = 0.5000E+00  final t = 0.418000E+03
 AMRCLAW: level  1  CFL = .381E+00  dt = 0.5000E+00  final t = 0.418500E+03
 AMRCLAW: level  1  CFL = .380E+00  dt = 0.5000E+00  final t = 0.419000E+03
 AMRCLAW: level  1  CFL = .379E+00  dt = 0.5000E+00  final t = 0.419500E+03
 AMRCLAW: level  1  CFL = .379E+00  dt = 0.5000E+00  final t = 0.420000E+03
GEOCLAW: Frame   14 output files done at time t =  0.420000D+03

 AMRCLAW: level  1  CFL = .378E+00  dt = 0.5000E+00  final t = 0.420500E+03
 AMRCLAW: level  1  CFL = .378E+00  dt = 0.5000E+00  final t = 0.421000E+03
 AMRCLAW: level  1  CFL = .377E+00  dt = 0.5000E+00  final t = 0.421500E+03
 AMRCLAW: level  1  CFL = .376E+00  dt = 0.5000E+00  final t = 0.422000E+03
 AMRCLAW: level  1  CFL = .376E+00  dt = 0.5000E+00  final t = 0.422500E+03
 AMRCLAW: level  1  CFL = .375E+00  dt = 0.5000E+00  final t = 0.423000E+03
 AMRCLAW: level  1  CFL = .374E+00  dt = 0.5000E+00  final t = 0.423500E+03
 AMRCLAW: level  1  CFL = .374E+00  dt = 0.5000E+00  final t = 0.424000E+03
 AMRCLAW: level  1  CFL = .373E+00  dt = 0.5000E+00  final t = 0.424500E+03
 AMRCLAW: level  1  CFL = .372E+00  dt = 0.5000E+00  final t = 0.425000E+03
 AMRCLAW: level  1  CFL = .372E+00  dt = 0.5000E+00  final t = 0.425500E+03
 AMRCLAW: level  1  CFL = .371E+00  dt = 0.5000E+00  final t = 0.426000E+03
 AMRCLAW: level  1  CFL = .370E+00  dt = 0.5000E+00  final t = 0.426500E+03
 AMRCLAW: level  1  CFL = .370E+00  dt = 0.5000E+00  final t = 0.427000E+03
 AMRCLAW: level  1  CFL = .369E+00  dt = 0.5000E+00  final t = 0.427500E+03
 AMRCLAW: level  1  CFL = .369E+00  dt = 0.5000E+00  final t = 0.428000E+03
 AMRCLAW: level  1  CFL = .368E+00  dt = 0.5000E+00  final t = 0.428500E+03
 AMRCLAW: level  1  CFL = .367E+00  dt = 0.5000E+00  final t = 0.429000E+03
 AMRCLAW: level  1  CFL = .367E+00  dt = 0.5000E+00  final t = 0.429500E+03
 AMRCLAW: level  1  CFL = .366E+00  dt = 0.5000E+00  final t = 0.430000E+03
 AMRCLAW: level  1  CFL = .366E+00  dt = 0.5000E+00  final t = 0.430500E+03
 AMRCLAW: level  1  CFL = .366E+00  dt = 0.5000E+00  final t = 0.431000E+03
 AMRCLAW: level  1  CFL = .365E+00  dt = 0.5000E+00  final t = 0.431500E+03
 AMRCLAW: level  1  CFL = .365E+00  dt = 0.5000E+00  final t = 0.432000E+03
 AMRCLAW: level  1  CFL = .365E+00  dt = 0.5000E+00  final t = 0.432500E+03
 AMRCLAW: level  1  CFL = .365E+00  dt = 0.5000E+00  final t = 0.433000E+03
 AMRCLAW: level  1  CFL = .364E+00  dt = 0.5000E+00  final t = 0.433500E+03
 AMRCLAW: level  1  CFL = .364E+00  dt = 0.5000E+00  final t = 0.434000E+03
 AMRCLAW: level  1  CFL = .364E+00  dt = 0.5000E+00  final t = 0.434500E+03
 AMRCLAW: level  1  CFL = .363E+00  dt = 0.5000E+00  final t = 0.435000E+03
 AMRCLAW: level  1  CFL = .363E+00  dt = 0.5000E+00  final t = 0.435500E+03
 AMRCLAW: level  1  CFL = .363E+00  dt = 0.5000E+00  final t = 0.436000E+03
 AMRCLAW: level  1  CFL = .362E+00  dt = 0.5000E+00  final t = 0.436500E+03
 AMRCLAW: level  1  CFL = .362E+00  dt = 0.5000E+00  final t = 0.437000E+03
 AMRCLAW: level  1  CFL = .362E+00  dt = 0.5000E+00  final t = 0.437500E+03
 AMRCLAW: level  1  CFL = .361E+00  dt = 0.5000E+00  final t = 0.438000E+03
 AMRCLAW: level  1  CFL = .361E+00  dt = 0.5000E+00  final t = 0.438500E+03
 AMRCLAW: level  1  CFL = .360E+00  dt = 0.5000E+00  final t = 0.439000E+03
 AMRCLAW: level  1  CFL = .359E+00  dt = 0.5000E+00  final t = 0.439500E+03
 AMRCLAW: level  1  CFL = .359E+00  dt = 0.5000E+00  final t = 0.440000E+03
 AMRCLAW: level  1  CFL = .358E+00  dt = 0.5000E+00  final t = 0.440500E+03
 AMRCLAW: level  1  CFL = .357E+00  dt = 0.5000E+00  final t = 0.441000E+03
 AMRCLAW: level  1  CFL = .356E+00  dt = 0.5000E+00  final t = 0.441500E+03
 AMRCLAW: level  1  CFL = .356E+00  dt = 0.5000E+00  final t = 0.442000E+03
 AMRCLAW: level  1  CFL = .355E+00  dt = 0.5000E+00  final t = 0.442500E+03
 AMRCLAW: level  1  CFL = .354E+00  dt = 0.5000E+00  final t = 0.443000E+03
 AMRCLAW: level  1  CFL = .354E+00  dt = 0.5000E+00  final t = 0.443500E+03
 AMRCLAW: level  1  CFL = .353E+00  dt = 0.5000E+00  final t = 0.444000E+03
 AMRCLAW: level  1  CFL = .353E+00  dt = 0.5000E+00  final t = 0.444500E+03
 AMRCLAW: level  1  CFL = .353E+00  dt = 0.5000E+00  final t = 0.445000E+03
 AMRCLAW: level  1  CFL = .353E+00  dt = 0.5000E+00  final t = 0.445500E+03
 AMRCLAW: level  1  CFL = .353E+00  dt = 0.5000E+00  final t = 0.446000E+03
 AMRCLAW: level  1  CFL = .353E+00  dt = 0.5000E+00  final t = 0.446500E+03
 AMRCLAW: level  1  CFL = .353E+00  dt = 0.5000E+00  final t = 0.447000E+03
 AMRCLAW: level  1  CFL = .352E+00  dt = 0.5000E+00  final t = 0.447500E+03
 AMRCLAW: level  1  CFL = .352E+00  dt = 0.5000E+00  final t = 0.448000E+03
 AMRCLAW: level  1  CFL = .352E+00  dt = 0.5000E+00  final t = 0.448500E+03
 AMRCLAW: level  1  CFL = .352E+00  dt = 0.5000E+00  final t = 0.449000E+03
 AMRCLAW: level  1  CFL = .352E+00  dt = 0.5000E+00  final t = 0.449500E+03
 AMRCLAW: level  1  CFL = .351E+00  dt = 0.5000E+00  final t = 0.450000E+03
GEOCLAW: Frame   15 output files done at time t =  0.450000D+03

 AMRCLAW: level  1  CFL = .351E+00  dt = 0.5000E+00  final t = 0.450500E+03
 AMRCLAW: level  1  CFL = .351E+00  dt = 0.5000E+00  final t = 0.451000E+03
 AMRCLAW: level  1  CFL = .351E+00  dt = 0.5000E+00  final t = 0.451500E+03
 AMRCLAW: level  1  CFL = .350E+00  dt = 0.5000E+00  final t = 0.452000E+03
 AMRCLAW: level  1  CFL = .350E+00  dt = 0.5000E+00  final t = 0.452500E+03
 AMRCLAW: level  1  CFL = .350E+00  dt = 0.5000E+00  final t = 0.453000E+03
 AMRCLAW: level  1  CFL = .349E+00  dt = 0.5000E+00  final t = 0.453500E+03
 AMRCLAW: level  1  CFL = .349E+00  dt = 0.5000E+00  final t = 0.454000E+03
 AMRCLAW: level  1  CFL = .349E+00  dt = 0.5000E+00  final t = 0.454500E+03
 AMRCLAW: level  1  CFL = .348E+00  dt = 0.5000E+00  final t = 0.455000E+03
 AMRCLAW: level  1  CFL = .348E+00  dt = 0.5000E+00  final t = 0.455500E+03
 AMRCLAW: level  1  CFL = .348E+00  dt = 0.5000E+00  final t = 0.456000E+03
 AMRCLAW: level  1  CFL = .347E+00  dt = 0.5000E+00  final t = 0.456500E+03
 AMRCLAW: level  1  CFL = .347E+00  dt = 0.5000E+00  final t = 0.457000E+03
 AMRCLAW: level  1  CFL = .347E+00  dt = 0.5000E+00  final t = 0.457500E+03
 AMRCLAW: level  1  CFL = .346E+00  dt = 0.5000E+00  final t = 0.458000E+03
 AMRCLAW: level  1  CFL = .346E+00  dt = 0.5000E+00  final t = 0.458500E+03
 AMRCLAW: level  1  CFL = .345E+00  dt = 0.5000E+00  final t = 0.459000E+03
 AMRCLAW: level  1  CFL = .345E+00  dt = 0.5000E+00  final t = 0.459500E+03
 AMRCLAW: level  1  CFL = .345E+00  dt = 0.5000E+00  final t = 0.460000E+03
 AMRCLAW: level  1  CFL = .344E+00  dt = 0.5000E+00  final t = 0.460500E+03
 AMRCLAW: level  1  CFL = .344E+00  dt = 0.5000E+00  final t = 0.461000E+03
 AMRCLAW: level  1  CFL = .343E+00  dt = 0.5000E+00  final t = 0.461500E+03
 AMRCLAW: level  1  CFL = .343E+00  dt = 0.5000E+00  final t = 0.462000E+03
 AMRCLAW: level  1  CFL = .343E+00  dt = 0.5000E+00  final t = 0.462500E+03
 AMRCLAW: level  1  CFL = .342E+00  dt = 0.5000E+00  final t = 0.463000E+03
 AMRCLAW: level  1  CFL = .342E+00  dt = 0.5000E+00  final t = 0.463500E+03
 AMRCLAW: level  1  CFL = .342E+00  dt = 0.5000E+00  final t = 0.464000E+03
 AMRCLAW: level  1  CFL = .341E+00  dt = 0.5000E+00  final t = 0.464500E+03
 AMRCLAW: level  1  CFL = .341E+00  dt = 0.5000E+00  final t = 0.465000E+03
 AMRCLAW: level  1  CFL = .341E+00  dt = 0.5000E+00  final t = 0.465500E+03
 AMRCLAW: level  1  CFL = .340E+00  dt = 0.5000E+00  final t = 0.466000E+03
 AMRCLAW: level  1  CFL = .340E+00  dt = 0.5000E+00  final t = 0.466500E+03
 AMRCLAW: level  1  CFL = .339E+00  dt = 0.5000E+00  final t = 0.467000E+03
 AMRCLAW: level  1  CFL = .339E+00  dt = 0.5000E+00  final t = 0.467500E+03
 AMRCLAW: level  1  CFL = .339E+00  dt = 0.5000E+00  final t = 0.468000E+03
 AMRCLAW: level  1  CFL = .338E+00  dt = 0.5000E+00  final t = 0.468500E+03
 AMRCLAW: level  1  CFL = .338E+00  dt = 0.5000E+00  final t = 0.469000E+03
 AMRCLAW: level  1  CFL = .338E+00  dt = 0.5000E+00  final t = 0.469500E+03
 AMRCLAW: level  1  CFL = .338E+00  dt = 0.5000E+00  final t = 0.470000E+03
 AMRCLAW: level  1  CFL = .338E+00  dt = 0.5000E+00  final t = 0.470500E+03
 AMRCLAW: level  1  CFL = .338E+00  dt = 0.5000E+00  final t = 0.471000E+03
 AMRCLAW: level  1  CFL = .338E+00  dt = 0.5000E+00  final t = 0.471500E+03
 AMRCLAW: level  1  CFL = .337E+00  dt = 0.5000E+00  final t = 0.472000E+03
 AMRCLAW: level  1  CFL = .336E+00  dt = 0.5000E+00  final t = 0.472500E+03
 AMRCLAW: level  1  CFL = .336E+00  dt = 0.5000E+00  final t = 0.473000E+03
 AMRCLAW: level  1  CFL = .336E+00  dt = 0.5000E+00  final t = 0.473500E+03
 AMRCLAW: level  1  CFL = .336E+00  dt = 0.5000E+00  final t = 0.474000E+03
 AMRCLAW: level  1  CFL = .335E+00  dt = 0.5000E+00  final t = 0.474500E+03
 AMRCLAW: level  1  CFL = .335E+00  dt = 0.5000E+00  final t = 0.475000E+03
 AMRCLAW: level  1  CFL = .334E+00  dt = 0.5000E+00  final t = 0.475500E+03
 AMRCLAW: level  1  CFL = .334E+00  dt = 0.5000E+00  final t = 0.476000E+03
 AMRCLAW: level  1  CFL = .334E+00  dt = 0.5000E+00  final t = 0.476500E+03
 AMRCLAW: level  1  CFL = .333E+00  dt = 0.5000E+00  final t = 0.477000E+03
 AMRCLAW: level  1  CFL = .333E+00  dt = 0.5000E+00  final t = 0.477500E+03
 AMRCLAW: level  1  CFL = .333E+00  dt = 0.5000E+00  final t = 0.478000E+03
 AMRCLAW: level  1  CFL = .333E+00  dt = 0.5000E+00  final t = 0.478500E+03
 AMRCLAW: level  1  CFL = .332E+00  dt = 0.5000E+00  final t = 0.479000E+03
 AMRCLAW: level  1  CFL = .332E+00  dt = 0.5000E+00  final t = 0.479500E+03
 AMRCLAW: level  1  CFL = .332E+00  dt = 0.5000E+00  final t = 0.480000E+03
GEOCLAW: Frame   16 output files done at time t =  0.480000D+03

 AMRCLAW: level  1  CFL = .331E+00  dt = 0.5000E+00  final t = 0.480500E+03
 AMRCLAW: level  1  CFL = .331E+00  dt = 0.5000E+00  final t = 0.481000E+03
 AMRCLAW: level  1  CFL = .331E+00  dt = 0.5000E+00  final t = 0.481500E+03
 AMRCLAW: level  1  CFL = .330E+00  dt = 0.5000E+00  final t = 0.482000E+03
 AMRCLAW: level  1  CFL = .330E+00  dt = 0.5000E+00  final t = 0.482500E+03
 AMRCLAW: level  1  CFL = .330E+00  dt = 0.5000E+00  final t = 0.483000E+03
 AMRCLAW: level  1  CFL = .329E+00  dt = 0.5000E+00  final t = 0.483500E+03
 AMRCLAW: level  1  CFL = .329E+00  dt = 0.5000E+00  final t = 0.484000E+03
 AMRCLAW: level  1  CFL = .329E+00  dt = 0.5000E+00  final t = 0.484500E+03
 AMRCLAW: level  1  CFL = .328E+00  dt = 0.5000E+00  final t = 0.485000E+03
 AMRCLAW: level  1  CFL = .328E+00  dt = 0.5000E+00  final t = 0.485500E+03
 AMRCLAW: level  1  CFL = .327E+00  dt = 0.5000E+00  final t = 0.486000E+03
 AMRCLAW: level  1  CFL = .327E+00  dt = 0.5000E+00  final t = 0.486500E+03
 AMRCLAW: level  1  CFL = .327E+00  dt = 0.5000E+00  final t = 0.487000E+03
 AMRCLAW: level  1  CFL = .326E+00  dt = 0.5000E+00  final t = 0.487500E+03
 AMRCLAW: level  1  CFL = .326E+00  dt = 0.5000E+00  final t = 0.488000E+03
 AMRCLAW: level  1  CFL = .326E+00  dt = 0.5000E+00  final t = 0.488500E+03
 AMRCLAW: level  1  CFL = .325E+00  dt = 0.5000E+00  final t = 0.489000E+03
 AMRCLAW: level  1  CFL = .325E+00  dt = 0.5000E+00  final t = 0.489500E+03
 AMRCLAW: level  1  CFL = .325E+00  dt = 0.5000E+00  final t = 0.490000E+03
 AMRCLAW: level  1  CFL = .324E+00  dt = 0.5000E+00  final t = 0.490500E+03
 AMRCLAW: level  1  CFL = .324E+00  dt = 0.5000E+00  final t = 0.491000E+03
 AMRCLAW: level  1  CFL = .323E+00  dt = 0.5000E+00  final t = 0.491500E+03
 AMRCLAW: level  1  CFL = .323E+00  dt = 0.5000E+00  final t = 0.492000E+03
 AMRCLAW: level  1  CFL = .322E+00  dt = 0.5000E+00  final t = 0.492500E+03
 AMRCLAW: level  1  CFL = .322E+00  dt = 0.5000E+00  final t = 0.493000E+03
 AMRCLAW: level  1  CFL = .321E+00  dt = 0.5000E+00  final t = 0.493500E+03
 AMRCLAW: level  1  CFL = .321E+00  dt = 0.5000E+00  final t = 0.494000E+03
 AMRCLAW: level  1  CFL = .321E+00  dt = 0.5000E+00  final t = 0.494500E+03
 AMRCLAW: level  1  CFL = .320E+00  dt = 0.5000E+00  final t = 0.495000E+03
 AMRCLAW: level  1  CFL = .320E+00  dt = 0.5000E+00  final t = 0.495500E+03
 AMRCLAW: level  1  CFL = .319E+00  dt = 0.5000E+00  final t = 0.496000E+03
 AMRCLAW: level  1  CFL = .319E+00  dt = 0.5000E+00  final t = 0.496500E+03
 AMRCLAW: level  1  CFL = .319E+00  dt = 0.5000E+00  final t = 0.497000E+03
 AMRCLAW: level  1  CFL = .319E+00  dt = 0.5000E+00  final t = 0.497500E+03
 AMRCLAW: level  1  CFL = .319E+00  dt = 0.5000E+00  final t = 0.498000E+03
 AMRCLAW: level  1  CFL = .320E+00  dt = 0.5000E+00  final t = 0.498500E+03
 AMRCLAW: level  1  CFL = .320E+00  dt = 0.5000E+00  final t = 0.499000E+03
 AMRCLAW: level  1  CFL = .320E+00  dt = 0.5000E+00  final t = 0.499500E+03
 AMRCLAW: level  1  CFL = .320E+00  dt = 0.5000E+00  final t = 0.500000E+03
 AMRCLAW: level  1  CFL = .319E+00  dt = 0.5000E+00  final t = 0.500500E+03
 AMRCLAW: level  1  CFL = .319E+00  dt = 0.5000E+00  final t = 0.501000E+03
 AMRCLAW: level  1  CFL = .319E+00  dt = 0.5000E+00  final t = 0.501500E+03
 AMRCLAW: level  1  CFL = .318E+00  dt = 0.5000E+00  final t = 0.502000E+03
 AMRCLAW: level  1  CFL = .318E+00  dt = 0.5000E+00  final t = 0.502500E+03
 AMRCLAW: level  1  CFL = .317E+00  dt = 0.5000E+00  final t = 0.503000E+03
 AMRCLAW: level  1  CFL = .316E+00  dt = 0.5000E+00  final t = 0.503500E+03
 AMRCLAW: level  1  CFL = .314E+00  dt = 0.5000E+00  final t = 0.504000E+03
 AMRCLAW: level  1  CFL = .313E+00  dt = 0.5000E+00  final t = 0.504500E+03
 AMRCLAW: level  1  CFL = .313E+00  dt = 0.5000E+00  final t = 0.505000E+03
 AMRCLAW: level  1  CFL = .313E+00  dt = 0.5000E+00  final t = 0.505500E+03
 AMRCLAW: level  1  CFL = .312E+00  dt = 0.5000E+00  final t = 0.506000E+03
 AMRCLAW: level  1  CFL = .312E+00  dt = 0.5000E+00  final t = 0.506500E+03
 AMRCLAW: level  1  CFL = .312E+00  dt = 0.5000E+00  final t = 0.507000E+03
 AMRCLAW: level  1  CFL = .311E+00  dt = 0.5000E+00  final t = 0.507500E+03
 AMRCLAW: level  1  CFL = .311E+00  dt = 0.5000E+00  final t = 0.508000E+03
 AMRCLAW: level  1  CFL = .310E+00  dt = 0.5000E+00  final t = 0.508500E+03
 AMRCLAW: level  1  CFL = .310E+00  dt = 0.5000E+00  final t = 0.509000E+03
 AMRCLAW: level  1  CFL = .309E+00  dt = 0.5000E+00  final t = 0.509500E+03
 AMRCLAW: level  1  CFL = .309E+00  dt = 0.5000E+00  final t = 0.510000E+03
GEOCLAW: Frame   17 output files done at time t =  0.510000D+03

 AMRCLAW: level  1  CFL = .309E+00  dt = 0.5000E+00  final t = 0.510500E+03
 AMRCLAW: level  1  CFL = .308E+00  dt = 0.5000E+00  final t = 0.511000E+03
 AMRCLAW: level  1  CFL = .308E+00  dt = 0.5000E+00  final t = 0.511500E+03
 AMRCLAW: level  1  CFL = .307E+00  dt = 0.5000E+00  final t = 0.512000E+03
 AMRCLAW: level  1  CFL = .307E+00  dt = 0.5000E+00  final t = 0.512500E+03
 AMRCLAW: level  1  CFL = .306E+00  dt = 0.5000E+00  final t = 0.513000E+03
 AMRCLAW: level  1  CFL = .306E+00  dt = 0.5000E+00  final t = 0.513500E+03
 AMRCLAW: level  1  CFL = .305E+00  dt = 0.5000E+00  final t = 0.514000E+03
 AMRCLAW: level  1  CFL = .304E+00  dt = 0.5000E+00  final t = 0.514500E+03
 AMRCLAW: level  1  CFL = .304E+00  dt = 0.5000E+00  final t = 0.515000E+03
 AMRCLAW: level  1  CFL = .303E+00  dt = 0.5000E+00  final t = 0.515500E+03
 AMRCLAW: level  1  CFL = .303E+00  dt = 0.5000E+00  final t = 0.516000E+03
 AMRCLAW: level  1  CFL = .303E+00  dt = 0.5000E+00  final t = 0.516500E+03
 AMRCLAW: level  1  CFL = .302E+00  dt = 0.5000E+00  final t = 0.517000E+03
 AMRCLAW: level  1  CFL = .302E+00  dt = 0.5000E+00  final t = 0.517500E+03
 AMRCLAW: level  1  CFL = .302E+00  dt = 0.5000E+00  final t = 0.518000E+03
 AMRCLAW: level  1  CFL = .301E+00  dt = 0.5000E+00  final t = 0.518500E+03
 AMRCLAW: level  1  CFL = .301E+00  dt = 0.5000E+00  final t = 0.519000E+03
 AMRCLAW: level  1  CFL = .301E+00  dt = 0.5000E+00  final t = 0.519500E+03
 AMRCLAW: level  1  CFL = .300E+00  dt = 0.5000E+00  final t = 0.520000E+03
 AMRCLAW: level  1  CFL = .300E+00  dt = 0.5000E+00  final t = 0.520500E+03
 AMRCLAW: level  1  CFL = .300E+00  dt = 0.5000E+00  final t = 0.521000E+03
 AMRCLAW: level  1  CFL = .300E+00  dt = 0.5000E+00  final t = 0.521500E+03
 AMRCLAW: level  1  CFL = .300E+00  dt = 0.5000E+00  final t = 0.522000E+03
 AMRCLAW: level  1  CFL = .299E+00  dt = 0.5000E+00  final t = 0.522500E+03
 AMRCLAW: level  1  CFL = .299E+00  dt = 0.5000E+00  final t = 0.523000E+03
 AMRCLAW: level  1  CFL = .299E+00  dt = 0.5000E+00  final t = 0.523500E+03
 AMRCLAW: level  1  CFL = .299E+00  dt = 0.5000E+00  final t = 0.524000E+03
 AMRCLAW: level  1  CFL = .299E+00  dt = 0.5000E+00  final t = 0.524500E+03
 AMRCLAW: level  1  CFL = .299E+00  dt = 0.5000E+00  final t = 0.525000E+03
 AMRCLAW: level  1  CFL = .299E+00  dt = 0.5000E+00  final t = 0.525500E+03
 AMRCLAW: level  1  CFL = .299E+00  dt = 0.5000E+00  final t = 0.526000E+03
 AMRCLAW: level  1  CFL = .299E+00  dt = 0.5000E+00  final t = 0.526500E+03
 AMRCLAW: level  1  CFL = .299E+00  dt = 0.5000E+00  final t = 0.527000E+03
 AMRCLAW: level  1  CFL = .299E+00  dt = 0.5000E+00  final t = 0.527500E+03
 AMRCLAW: level  1  CFL = .299E+00  dt = 0.5000E+00  final t = 0.528000E+03
 AMRCLAW: level  1  CFL = .299E+00  dt = 0.5000E+00  final t = 0.528500E+03
 AMRCLAW: level  1  CFL = .299E+00  dt = 0.5000E+00  final t = 0.529000E+03
 AMRCLAW: level  1  CFL = .299E+00  dt = 0.5000E+00  final t = 0.529500E+03
 AMRCLAW: level  1  CFL = .299E+00  dt = 0.5000E+00  final t = 0.530000E+03
 AMRCLAW: level  1  CFL = .299E+00  dt = 0.5000E+00  final t = 0.530500E+03
 AMRCLAW: level  1  CFL = .299E+00  dt = 0.5000E+00  final t = 0.531000E+03
 AMRCLAW: level  1  CFL = .299E+00  dt = 0.5000E+00  final t = 0.531500E+03
 AMRCLAW: level  1  CFL = .299E+00  dt = 0.5000E+00  final t = 0.532000E+03
 AMRCLAW: level  1  CFL = .299E+00  dt = 0.5000E+00  final t = 0.532500E+03
 AMRCLAW: level  1  CFL = .299E+00  dt = 0.5000E+00  final t = 0.533000E+03
 AMRCLAW: level  1  CFL = .299E+00  dt = 0.5000E+00  final t = 0.533500E+03
 AMRCLAW: level  1  CFL = .299E+00  dt = 0.5000E+00  final t = 0.534000E+03
 AMRCLAW: level  1  CFL = .299E+00  dt = 0.5000E+00  final t = 0.534500E+03
 AMRCLAW: level  1  CFL = .299E+00  dt = 0.5000E+00  final t = 0.535000E+03
 AMRCLAW: level  1  CFL = .299E+00  dt = 0.5000E+00  final t = 0.535500E+03
 AMRCLAW: level  1  CFL = .299E+00  dt = 0.5000E+00  final t = 0.536000E+03
 AMRCLAW: level  1  CFL = .299E+00  dt = 0.5000E+00  final t = 0.536500E+03
 AMRCLAW: level  1  CFL = .299E+00  dt = 0.5000E+00  final t = 0.537000E+03
 AMRCLAW: level  1  CFL = .299E+00  dt = 0.5000E+00  final t = 0.537500E+03
 AMRCLAW: level  1  CFL = .299E+00  dt = 0.5000E+00  final t = 0.538000E+03
 AMRCLAW: level  1  CFL = .299E+00  dt = 0.5000E+00  final t = 0.538500E+03
 AMRCLAW: level  1  CFL = .299E+00  dt = 0.5000E+00  final t = 0.539000E+03
 AMRCLAW: level  1  CFL = .299E+00  dt = 0.5000E+00  final t = 0.539500E+03
 AMRCLAW: level  1  CFL = .299E+00  dt = 0.5000E+00  final t = 0.540000E+03
GEOCLAW: Frame   18 output files done at time t =  0.540000D+03

 AMRCLAW: level  1  CFL = .299E+00  dt = 0.5000E+00  final t = 0.540500E+03
 AMRCLAW: level  1  CFL = .299E+00  dt = 0.5000E+00  final t = 0.541000E+03
 AMRCLAW: level  1  CFL = .299E+00  dt = 0.5000E+00  final t = 0.541500E+03
 AMRCLAW: level  1  CFL = .299E+00  dt = 0.5000E+00  final t = 0.542000E+03
 AMRCLAW: level  1  CFL = .299E+00  dt = 0.5000E+00  final t = 0.542500E+03
 AMRCLAW: level  1  CFL = .299E+00  dt = 0.5000E+00  final t = 0.543000E+03
 AMRCLAW: level  1  CFL = .299E+00  dt = 0.5000E+00  final t = 0.543500E+03
 AMRCLAW: level  1  CFL = .299E+00  dt = 0.5000E+00  final t = 0.544000E+03
 AMRCLAW: level  1  CFL = .299E+00  dt = 0.5000E+00  final t = 0.544500E+03
 AMRCLAW: level  1  CFL = .299E+00  dt = 0.5000E+00  final t = 0.545000E+03
 AMRCLAW: level  1  CFL = .299E+00  dt = 0.5000E+00  final t = 0.545500E+03
 AMRCLAW: level  1  CFL = .299E+00  dt = 0.5000E+00  final t = 0.546000E+03
 AMRCLAW: level  1  CFL = .299E+00  dt = 0.5000E+00  final t = 0.546500E+03
 AMRCLAW: level  1  CFL = .299E+00  dt = 0.5000E+00  final t = 0.547000E+03
 AMRCLAW: level  1  CFL = .299E+00  dt = 0.5000E+00  final t = 0.547500E+03
 AMRCLAW: level  1  CFL = .299E+00  dt = 0.5000E+00  final t = 0.548000E+03
 AMRCLAW: level  1  CFL = .299E+00  dt = 0.5000E+00  final t = 0.548500E+03
 AMRCLAW: level  1  CFL = .299E+00  dt = 0.5000E+00  final t = 0.549000E+03
 AMRCLAW: level  1  CFL = .299E+00  dt = 0.5000E+00  final t = 0.549500E+03
 AMRCLAW: level  1  CFL = .299E+00  dt = 0.5000E+00  final t = 0.550000E+03
 AMRCLAW: level  1  CFL = .299E+00  dt = 0.5000E+00  final t = 0.550500E+03
 AMRCLAW: level  1  CFL = .299E+00  dt = 0.5000E+00  final t = 0.551000E+03
 AMRCLAW: level  1  CFL = .299E+00  dt = 0.5000E+00  final t = 0.551500E+03
 AMRCLAW: level  1  CFL = .299E+00  dt = 0.5000E+00  final t = 0.552000E+03
 AMRCLAW: level  1  CFL = .299E+00  dt = 0.5000E+00  final t = 0.552500E+03
 AMRCLAW: level  1  CFL = .299E+00  dt = 0.5000E+00  final t = 0.553000E+03
 AMRCLAW: level  1  CFL = .299E+00  dt = 0.5000E+00  final t = 0.553500E+03
 AMRCLAW: level  1  CFL = .299E+00  dt = 0.5000E+00  final t = 0.554000E+03
 AMRCLAW: level  1  CFL = .299E+00  dt = 0.5000E+00  final t = 0.554500E+03
 AMRCLAW: level  1  CFL = .299E+00  dt = 0.5000E+00  final t = 0.555000E+03
 AMRCLAW: level  1  CFL = .299E+00  dt = 0.5000E+00  final t = 0.555500E+03
 AMRCLAW: level  1  CFL = .299E+00  dt = 0.5000E+00  final t = 0.556000E+03
 AMRCLAW: level  1  CFL = .299E+00  dt = 0.5000E+00  final t = 0.556500E+03
 AMRCLAW: level  1  CFL = .299E+00  dt = 0.5000E+00  final t = 0.557000E+03
 AMRCLAW: level  1  CFL = .315E+00  dt = 0.5000E+00  final t = 0.557500E+03
 AMRCLAW: level  1  CFL = .299E+00  dt = 0.5000E+00  final t = 0.558000E+03
 AMRCLAW: level  1  CFL = .298E+00  dt = 0.5000E+00  final t = 0.558500E+03
 AMRCLAW: level  1  CFL = .298E+00  dt = 0.5000E+00  final t = 0.559000E+03
 AMRCLAW: level  1  CFL = .298E+00  dt = 0.5000E+00  final t = 0.559500E+03
 AMRCLAW: level  1  CFL = .298E+00  dt = 0.5000E+00  final t = 0.560000E+03
 AMRCLAW: level  1  CFL = .298E+00  dt = 0.5000E+00  final t = 0.560500E+03
 AMRCLAW: level  1  CFL = .298E+00  dt = 0.5000E+00  final t = 0.561000E+03
 AMRCLAW: level  1  CFL = .298E+00  dt = 0.5000E+00  final t = 0.561500E+03
 AMRCLAW: level  1  CFL = .298E+00  dt = 0.5000E+00  final t = 0.562000E+03
 AMRCLAW: level  1  CFL = .298E+00  dt = 0.5000E+00  final t = 0.562500E+03
 AMRCLAW: level  1  CFL = .298E+00  dt = 0.5000E+00  final t = 0.563000E+03
 AMRCLAW: level  1  CFL = .297E+00  dt = 0.5000E+00  final t = 0.563500E+03
 AMRCLAW: level  1  CFL = .297E+00  dt = 0.5000E+00  final t = 0.564000E+03
 AMRCLAW: level  1  CFL = .297E+00  dt = 0.5000E+00  final t = 0.564500E+03
 AMRCLAW: level  1  CFL = .297E+00  dt = 0.5000E+00  final t = 0.565000E+03
 AMRCLAW: level  1  CFL = .297E+00  dt = 0.5000E+00  final t = 0.565500E+03
 AMRCLAW: level  1  CFL = .297E+00  dt = 0.5000E+00  final t = 0.566000E+03
 AMRCLAW: level  1  CFL = .297E+00  dt = 0.5000E+00  final t = 0.566500E+03
 AMRCLAW: level  1  CFL = .296E+00  dt = 0.5000E+00  final t = 0.567000E+03
 AMRCLAW: level  1  CFL = .296E+00  dt = 0.5000E+00  final t = 0.567500E+03
 AMRCLAW: level  1  CFL = .296E+00  dt = 0.5000E+00  final t = 0.568000E+03
 AMRCLAW: level  1  CFL = .296E+00  dt = 0.5000E+00  final t = 0.568500E+03
 AMRCLAW: level  1  CFL = .296E+00  dt = 0.5000E+00  final t = 0.569000E+03
 AMRCLAW: level  1  CFL = .295E+00  dt = 0.5000E+00  final t = 0.569500E+03
 AMRCLAW: level  1  CFL = .295E+00  dt = 0.5000E+00  final t = 0.570000E+03
GEOCLAW: Frame   19 output files done at time t =  0.570000D+03

 AMRCLAW: level  1  CFL = .295E+00  dt = 0.5000E+00  final t = 0.570500E+03
 AMRCLAW: level  1  CFL = .295E+00  dt = 0.5000E+00  final t = 0.571000E+03
 AMRCLAW: level  1  CFL = .294E+00  dt = 0.5000E+00  final t = 0.571500E+03
 AMRCLAW: level  1  CFL = .294E+00  dt = 0.5000E+00  final t = 0.572000E+03
 AMRCLAW: level  1  CFL = .294E+00  dt = 0.5000E+00  final t = 0.572500E+03
 AMRCLAW: level  1  CFL = .293E+00  dt = 0.5000E+00  final t = 0.573000E+03
 AMRCLAW: level  1  CFL = .293E+00  dt = 0.5000E+00  final t = 0.573500E+03
 AMRCLAW: level  1  CFL = .292E+00  dt = 0.5000E+00  final t = 0.574000E+03
 AMRCLAW: level  1  CFL = .292E+00  dt = 0.5000E+00  final t = 0.574500E+03
 AMRCLAW: level  1  CFL = .292E+00  dt = 0.5000E+00  final t = 0.575000E+03
 AMRCLAW: level  1  CFL = .291E+00  dt = 0.5000E+00  final t = 0.575500E+03
 AMRCLAW: level  1  CFL = .291E+00  dt = 0.5000E+00  final t = 0.576000E+03
 AMRCLAW: level  1  CFL = .290E+00  dt = 0.5000E+00  final t = 0.576500E+03
 AMRCLAW: level  1  CFL = .290E+00  dt = 0.5000E+00  final t = 0.577000E+03
 AMRCLAW: level  1  CFL = .290E+00  dt = 0.5000E+00  final t = 0.577500E+03
 AMRCLAW: level  1  CFL = .289E+00  dt = 0.5000E+00  final t = 0.578000E+03
 AMRCLAW: level  1  CFL = .289E+00  dt = 0.5000E+00  final t = 0.578500E+03
 AMRCLAW: level  1  CFL = .288E+00  dt = 0.5000E+00  final t = 0.579000E+03
 AMRCLAW: level  1  CFL = .288E+00  dt = 0.5000E+00  final t = 0.579500E+03
 AMRCLAW: level  1  CFL = .288E+00  dt = 0.5000E+00  final t = 0.580000E+03
 AMRCLAW: level  1  CFL = .287E+00  dt = 0.5000E+00  final t = 0.580500E+03
 AMRCLAW: level  1  CFL = .287E+00  dt = 0.5000E+00  final t = 0.581000E+03
 AMRCLAW: level  1  CFL = .287E+00  dt = 0.5000E+00  final t = 0.581500E+03
 AMRCLAW: level  1  CFL = .286E+00  dt = 0.5000E+00  final t = 0.582000E+03
 AMRCLAW: level  1  CFL = .286E+00  dt = 0.5000E+00  final t = 0.582500E+03
 AMRCLAW: level  1  CFL = .286E+00  dt = 0.5000E+00  final t = 0.583000E+03
 AMRCLAW: level  1  CFL = .285E+00  dt = 0.5000E+00  final t = 0.583500E+03
 AMRCLAW: level  1  CFL = .285E+00  dt = 0.5000E+00  final t = 0.584000E+03
 AMRCLAW: level  1  CFL = .285E+00  dt = 0.5000E+00  final t = 0.584500E+03
 AMRCLAW: level  1  CFL = .284E+00  dt = 0.5000E+00  final t = 0.585000E+03
 AMRCLAW: level  1  CFL = .284E+00  dt = 0.5000E+00  final t = 0.585500E+03
 AMRCLAW: level  1  CFL = .283E+00  dt = 0.5000E+00  final t = 0.586000E+03
 AMRCLAW: level  1  CFL = .283E+00  dt = 0.5000E+00  final t = 0.586500E+03
 AMRCLAW: level  1  CFL = .283E+00  dt = 0.5000E+00  final t = 0.587000E+03
 AMRCLAW: level  1  CFL = .282E+00  dt = 0.5000E+00  final t = 0.587500E+03
 AMRCLAW: level  1  CFL = .282E+00  dt = 0.5000E+00  final t = 0.588000E+03
 AMRCLAW: level  1  CFL = .281E+00  dt = 0.5000E+00  final t = 0.588500E+03
 AMRCLAW: level  1  CFL = .280E+00  dt = 0.5000E+00  final t = 0.589000E+03
 AMRCLAW: level  1  CFL = .280E+00  dt = 0.5000E+00  final t = 0.589500E+03
 AMRCLAW: level  1  CFL = .279E+00  dt = 0.5000E+00  final t = 0.590000E+03
 AMRCLAW: level  1  CFL = .279E+00  dt = 0.5000E+00  final t = 0.590500E+03
 AMRCLAW: level  1  CFL = .278E+00  dt = 0.5000E+00  final t = 0.591000E+03
 AMRCLAW: level  1  CFL = .277E+00  dt = 0.5000E+00  final t = 0.591500E+03
 AMRCLAW: level  1  CFL = .277E+00  dt = 0.5000E+00  final t = 0.592000E+03
 AMRCLAW: level  1  CFL = .276E+00  dt = 0.5000E+00  final t = 0.592500E+03
 AMRCLAW: level  1  CFL = .275E+00  dt = 0.5000E+00  final t = 0.593000E+03
 AMRCLAW: level  1  CFL = .275E+00  dt = 0.5000E+00  final t = 0.593500E+03
 AMRCLAW: level  1  CFL = .274E+00  dt = 0.5000E+00  final t = 0.594000E+03
 AMRCLAW: level  1  CFL = .274E+00  dt = 0.5000E+00  final t = 0.594500E+03
 AMRCLAW: level  1  CFL = .273E+00  dt = 0.5000E+00  final t = 0.595000E+03
 AMRCLAW: level  1  CFL = .273E+00  dt = 0.5000E+00  final t = 0.595500E+03
 AMRCLAW: level  1  CFL = .272E+00  dt = 0.5000E+00  final t = 0.596000E+03
 AMRCLAW: level  1  CFL = .272E+00  dt = 0.5000E+00  final t = 0.596500E+03
 AMRCLAW: level  1  CFL = .271E+00  dt = 0.5000E+00  final t = 0.597000E+03
 AMRCLAW: level  1  CFL = .271E+00  dt = 0.5000E+00  final t = 0.597500E+03
 AMRCLAW: level  1  CFL = .271E+00  dt = 0.5000E+00  final t = 0.598000E+03
 AMRCLAW: level  1  CFL = .270E+00  dt = 0.5000E+00  final t = 0.598500E+03
 AMRCLAW: level  1  CFL = .270E+00  dt = 0.5000E+00  final t = 0.599000E+03
 AMRCLAW: level  1  CFL = .270E+00  dt = 0.5000E+00  final t = 0.599500E+03
 AMRCLAW: level  1  CFL = .270E+00  dt = 0.5000E+00  final t = 0.600000E+03
GEOCLAW: Frame   20 output files done at time t =  0.600000D+03

 AMRCLAW: level  1  CFL = .269E+00  dt = 0.5000E+00  final t = 0.600500E+03
 AMRCLAW: level  1  CFL = .269E+00  dt = 0.5000E+00  final t = 0.601000E+03
 AMRCLAW: level  1  CFL = .269E+00  dt = 0.5000E+00  final t = 0.601500E+03
 AMRCLAW: level  1  CFL = .269E+00  dt = 0.5000E+00  final t = 0.602000E+03
 AMRCLAW: level  1  CFL = .269E+00  dt = 0.5000E+00  final t = 0.602500E+03
 AMRCLAW: level  1  CFL = .269E+00  dt = 0.5000E+00  final t = 0.603000E+03
 AMRCLAW: level  1  CFL = .269E+00  dt = 0.5000E+00  final t = 0.603500E+03
 AMRCLAW: level  1  CFL = .269E+00  dt = 0.5000E+00  final t = 0.604000E+03
 AMRCLAW: level  1  CFL = .269E+00  dt = 0.5000E+00  final t = 0.604500E+03
 AMRCLAW: level  1  CFL = .269E+00  dt = 0.5000E+00  final t = 0.605000E+03
 AMRCLAW: level  1  CFL = .269E+00  dt = 0.5000E+00  final t = 0.605500E+03
 AMRCLAW: level  1  CFL = .269E+00  dt = 0.5000E+00  final t = 0.606000E+03
 AMRCLAW: level  1  CFL = .269E+00  dt = 0.5000E+00  final t = 0.606500E+03
 AMRCLAW: level  1  CFL = .269E+00  dt = 0.5000E+00  final t = 0.607000E+03
 AMRCLAW: level  1  CFL = .269E+00  dt = 0.5000E+00  final t = 0.607500E+03
 AMRCLAW: level  1  CFL = .269E+00  dt = 0.5000E+00  final t = 0.608000E+03
 AMRCLAW: level  1  CFL = .270E+00  dt = 0.5000E+00  final t = 0.608500E+03
 AMRCLAW: level  1  CFL = .270E+00  dt = 0.5000E+00  final t = 0.609000E+03
 AMRCLAW: level  1  CFL = .270E+00  dt = 0.5000E+00  final t = 0.609500E+03
 AMRCLAW: level  1  CFL = .270E+00  dt = 0.5000E+00  final t = 0.610000E+03
 AMRCLAW: level  1  CFL = .270E+00  dt = 0.5000E+00  final t = 0.610500E+03
 AMRCLAW: level  1  CFL = .270E+00  dt = 0.5000E+00  final t = 0.611000E+03
 AMRCLAW: level  1  CFL = .270E+00  dt = 0.5000E+00  final t = 0.611500E+03
 AMRCLAW: level  1  CFL = .270E+00  dt = 0.5000E+00  final t = 0.612000E+03
 AMRCLAW: level  1  CFL = .270E+00  dt = 0.5000E+00  final t = 0.612500E+03
 AMRCLAW: level  1  CFL = .270E+00  dt = 0.5000E+00  final t = 0.613000E+03
 AMRCLAW: level  1  CFL = .270E+00  dt = 0.5000E+00  final t = 0.613500E+03
 AMRCLAW: level  1  CFL = .270E+00  dt = 0.5000E+00  final t = 0.614000E+03
 AMRCLAW: level  1  CFL = .270E+00  dt = 0.5000E+00  final t = 0.614500E+03
 AMRCLAW: level  1  CFL = .270E+00  dt = 0.5000E+00  final t = 0.615000E+03
 AMRCLAW: level  1  CFL = .270E+00  dt = 0.5000E+00  final t = 0.615500E+03
 AMRCLAW: level  1  CFL = .270E+00  dt = 0.5000E+00  final t = 0.616000E+03
 AMRCLAW: level  1  CFL = .270E+00  dt = 0.5000E+00  final t = 0.616500E+03
 AMRCLAW: level  1  CFL = .270E+00  dt = 0.5000E+00  final t = 0.617000E+03
 AMRCLAW: level  1  CFL = .270E+00  dt = 0.5000E+00  final t = 0.617500E+03
 AMRCLAW: level  1  CFL = .270E+00  dt = 0.5000E+00  final t = 0.618000E+03
 AMRCLAW: level  1  CFL = .270E+00  dt = 0.5000E+00  final t = 0.618500E+03
 AMRCLAW: level  1  CFL = .270E+00  dt = 0.5000E+00  final t = 0.619000E+03
 AMRCLAW: level  1  CFL = .270E+00  dt = 0.5000E+00  final t = 0.619500E+03
 AMRCLAW: level  1  CFL = .270E+00  dt = 0.5000E+00  final t = 0.620000E+03
 AMRCLAW: level  1  CFL = .270E+00  dt = 0.5000E+00  final t = 0.620500E+03
 AMRCLAW: level  1  CFL = .270E+00  dt = 0.5000E+00  final t = 0.621000E+03
 AMRCLAW: level  1  CFL = .270E+00  dt = 0.5000E+00  final t = 0.621500E+03
 AMRCLAW: level  1  CFL = .270E+00  dt = 0.5000E+00  final t = 0.622000E+03
 AMRCLAW: level  1  CFL = .270E+00  dt = 0.5000E+00  final t = 0.622500E+03
 AMRCLAW: level  1  CFL = .270E+00  dt = 0.5000E+00  final t = 0.623000E+03
 AMRCLAW: level  1  CFL = .270E+00  dt = 0.5000E+00  final t = 0.623500E+03
 AMRCLAW: level  1  CFL = .270E+00  dt = 0.5000E+00  final t = 0.624000E+03
 AMRCLAW: level  1  CFL = .270E+00  dt = 0.5000E+00  final t = 0.624500E+03
 AMRCLAW: level  1  CFL = .269E+00  dt = 0.5000E+00  final t = 0.625000E+03
 AMRCLAW: level  1  CFL = .269E+00  dt = 0.5000E+00  final t = 0.625500E+03
 AMRCLAW: level  1  CFL = .269E+00  dt = 0.5000E+00  final t = 0.626000E+03
 AMRCLAW: level  1  CFL = .269E+00  dt = 0.5000E+00  final t = 0.626500E+03
 AMRCLAW: level  1  CFL = .269E+00  dt = 0.5000E+00  final t = 0.627000E+03
 AMRCLAW: level  1  CFL = .269E+00  dt = 0.5000E+00  final t = 0.627500E+03
 AMRCLAW: level  1  CFL = .269E+00  dt = 0.5000E+00  final t = 0.628000E+03
 AMRCLAW: level  1  CFL = .269E+00  dt = 0.5000E+00  final t = 0.628500E+03
 AMRCLAW: level  1  CFL = .269E+00  dt = 0.5000E+00  final t = 0.629000E+03
 AMRCLAW: level  1  CFL = .269E+00  dt = 0.5000E+00  final t = 0.629500E+03
 AMRCLAW: level  1  CFL = .269E+00  dt = 0.5000E+00  final t = 0.630000E+03
GEOCLAW: Frame   21 output files done at time t =  0.630000D+03

 AMRCLAW: level  1  CFL = .269E+00  dt = 0.5000E+00  final t = 0.630500E+03
 AMRCLAW: level  1  CFL = .269E+00  dt = 0.5000E+00  final t = 0.631000E+03
 AMRCLAW: level  1  CFL = .269E+00  dt = 0.5000E+00  final t = 0.631500E+03
 AMRCLAW: level  1  CFL = .269E+00  dt = 0.5000E+00  final t = 0.632000E+03
 AMRCLAW: level  1  CFL = .268E+00  dt = 0.5000E+00  final t = 0.632500E+03
 AMRCLAW: level  1  CFL = .268E+00  dt = 0.5000E+00  final t = 0.633000E+03
 AMRCLAW: level  1  CFL = .268E+00  dt = 0.5000E+00  final t = 0.633500E+03
 AMRCLAW: level  1  CFL = .268E+00  dt = 0.5000E+00  final t = 0.634000E+03
 AMRCLAW: level  1  CFL = .268E+00  dt = 0.5000E+00  final t = 0.634500E+03
 AMRCLAW: level  1  CFL = .268E+00  dt = 0.5000E+00  final t = 0.635000E+03
 AMRCLAW: level  1  CFL = .268E+00  dt = 0.5000E+00  final t = 0.635500E+03
 AMRCLAW: level  1  CFL = .268E+00  dt = 0.5000E+00  final t = 0.636000E+03
 AMRCLAW: level  1  CFL = .268E+00  dt = 0.5000E+00  final t = 0.636500E+03
 AMRCLAW: level  1  CFL = .268E+00  dt = 0.5000E+00  final t = 0.637000E+03
 AMRCLAW: level  1  CFL = .268E+00  dt = 0.5000E+00  final t = 0.637500E+03
 AMRCLAW: level  1  CFL = .268E+00  dt = 0.5000E+00  final t = 0.638000E+03
 AMRCLAW: level  1  CFL = .268E+00  dt = 0.5000E+00  final t = 0.638500E+03
 AMRCLAW: level  1  CFL = .268E+00  dt = 0.5000E+00  final t = 0.639000E+03
 AMRCLAW: level  1  CFL = .268E+00  dt = 0.5000E+00  final t = 0.639500E+03
 AMRCLAW: level  1  CFL = .268E+00  dt = 0.5000E+00  final t = 0.640000E+03
 AMRCLAW: level  1  CFL = .267E+00  dt = 0.5000E+00  final t = 0.640500E+03
 AMRCLAW: level  1  CFL = .267E+00  dt = 0.5000E+00  final t = 0.641000E+03
 AMRCLAW: level  1  CFL = .267E+00  dt = 0.5000E+00  final t = 0.641500E+03
 AMRCLAW: level  1  CFL = .267E+00  dt = 0.5000E+00  final t = 0.642000E+03
 AMRCLAW: level  1  CFL = .267E+00  dt = 0.5000E+00  final t = 0.642500E+03
 AMRCLAW: level  1  CFL = .267E+00  dt = 0.5000E+00  final t = 0.643000E+03
 AMRCLAW: level  1  CFL = .267E+00  dt = 0.5000E+00  final t = 0.643500E+03
 AMRCLAW: level  1  CFL = .267E+00  dt = 0.5000E+00  final t = 0.644000E+03
 AMRCLAW: level  1  CFL = .267E+00  dt = 0.5000E+00  final t = 0.644500E+03
 AMRCLAW: level  1  CFL = .267E+00  dt = 0.5000E+00  final t = 0.645000E+03
 AMRCLAW: level  1  CFL = .267E+00  dt = 0.5000E+00  final t = 0.645500E+03
 AMRCLAW: level  1  CFL = .267E+00  dt = 0.5000E+00  final t = 0.646000E+03
 AMRCLAW: level  1  CFL = .267E+00  dt = 0.5000E+00  final t = 0.646500E+03
 AMRCLAW: level  1  CFL = .267E+00  dt = 0.5000E+00  final t = 0.647000E+03
 AMRCLAW: level  1  CFL = .267E+00  dt = 0.5000E+00  final t = 0.647500E+03
 AMRCLAW: level  1  CFL = .267E+00  dt = 0.5000E+00  final t = 0.648000E+03
 AMRCLAW: level  1  CFL = .267E+00  dt = 0.5000E+00  final t = 0.648500E+03
 AMRCLAW: level  1  CFL = .266E+00  dt = 0.5000E+00  final t = 0.649000E+03
 AMRCLAW: level  1  CFL = .266E+00  dt = 0.5000E+00  final t = 0.649500E+03
 AMRCLAW: level  1  CFL = .266E+00  dt = 0.5000E+00  final t = 0.650000E+03
 AMRCLAW: level  1  CFL = .266E+00  dt = 0.5000E+00  final t = 0.650500E+03
 AMRCLAW: level  1  CFL = .266E+00  dt = 0.5000E+00  final t = 0.651000E+03
 AMRCLAW: level  1  CFL = .266E+00  dt = 0.5000E+00  final t = 0.651500E+03
 AMRCLAW: level  1  CFL = .266E+00  dt = 0.5000E+00  final t = 0.652000E+03
 AMRCLAW: level  1  CFL = .266E+00  dt = 0.5000E+00  final t = 0.652500E+03
 AMRCLAW: level  1  CFL = .266E+00  dt = 0.5000E+00  final t = 0.653000E+03
 AMRCLAW: level  1  CFL = .266E+00  dt = 0.5000E+00  final t = 0.653500E+03
 AMRCLAW: level  1  CFL = .266E+00  dt = 0.5000E+00  final t = 0.654000E+03
 AMRCLAW: level  1  CFL = .266E+00  dt = 0.5000E+00  final t = 0.654500E+03
 AMRCLAW: level  1  CFL = .265E+00  dt = 0.5000E+00  final t = 0.655000E+03
 AMRCLAW: level  1  CFL = .265E+00  dt = 0.5000E+00  final t = 0.655500E+03
 AMRCLAW: level  1  CFL = .264E+00  dt = 0.5000E+00  final t = 0.656000E+03
 AMRCLAW: level  1  CFL = .264E+00  dt = 0.5000E+00  final t = 0.656500E+03
 AMRCLAW: level  1  CFL = .263E+00  dt = 0.5000E+00  final t = 0.657000E+03
 AMRCLAW: level  1  CFL = .261E+00  dt = 0.5000E+00  final t = 0.657500E+03
 AMRCLAW: level  1  CFL = .260E+00  dt = 0.5000E+00  final t = 0.658000E+03
 AMRCLAW: level  1  CFL = .258E+00  dt = 0.5000E+00  final t = 0.658500E+03
 AMRCLAW: level  1  CFL = .256E+00  dt = 0.5000E+00  final t = 0.659000E+03
 AMRCLAW: level  1  CFL = .254E+00  dt = 0.5000E+00  final t = 0.659500E+03
 AMRCLAW: level  1  CFL = .252E+00  dt = 0.5000E+00  final t = 0.660000E+03
GEOCLAW: Frame   22 output files done at time t =  0.660000D+03

 AMRCLAW: level  1  CFL = .251E+00  dt = 0.5000E+00  final t = 0.660500E+03
 AMRCLAW: level  1  CFL = .251E+00  dt = 0.5000E+00  final t = 0.661000E+03
 AMRCLAW: level  1  CFL = .251E+00  dt = 0.5000E+00  final t = 0.661500E+03
 AMRCLAW: level  1  CFL = .251E+00  dt = 0.5000E+00  final t = 0.662000E+03
 AMRCLAW: level  1  CFL = .251E+00  dt = 0.5000E+00  final t = 0.662500E+03
 AMRCLAW: level  1  CFL = .251E+00  dt = 0.5000E+00  final t = 0.663000E+03
 AMRCLAW: level  1  CFL = .251E+00  dt = 0.5000E+00  final t = 0.663500E+03
 AMRCLAW: level  1  CFL = .251E+00  dt = 0.5000E+00  final t = 0.664000E+03
 AMRCLAW: level  1  CFL = .251E+00  dt = 0.5000E+00  final t = 0.664500E+03
 AMRCLAW: level  1  CFL = .251E+00  dt = 0.5000E+00  final t = 0.665000E+03
 AMRCLAW: level  1  CFL = .251E+00  dt = 0.5000E+00  final t = 0.665500E+03
 AMRCLAW: level  1  CFL = .251E+00  dt = 0.5000E+00  final t = 0.666000E+03
 AMRCLAW: level  1  CFL = .251E+00  dt = 0.5000E+00  final t = 0.666500E+03
 AMRCLAW: level  1  CFL = .251E+00  dt = 0.5000E+00  final t = 0.667000E+03
 AMRCLAW: level  1  CFL = .251E+00  dt = 0.5000E+00  final t = 0.667500E+03
 AMRCLAW: level  1  CFL = .251E+00  dt = 0.5000E+00  final t = 0.668000E+03
 AMRCLAW: level  1  CFL = .251E+00  dt = 0.5000E+00  final t = 0.668500E+03
 AMRCLAW: level  1  CFL = .251E+00  dt = 0.5000E+00  final t = 0.669000E+03
 AMRCLAW: level  1  CFL = .251E+00  dt = 0.5000E+00  final t = 0.669500E+03
 AMRCLAW: level  1  CFL = .251E+00  dt = 0.5000E+00  final t = 0.670000E+03
 AMRCLAW: level  1  CFL = .251E+00  dt = 0.5000E+00  final t = 0.670500E+03
 AMRCLAW: level  1  CFL = .251E+00  dt = 0.5000E+00  final t = 0.671000E+03
 AMRCLAW: level  1  CFL = .251E+00  dt = 0.5000E+00  final t = 0.671500E+03
 AMRCLAW: level  1  CFL = .251E+00  dt = 0.5000E+00  final t = 0.672000E+03
 AMRCLAW: level  1  CFL = .251E+00  dt = 0.5000E+00  final t = 0.672500E+03
 AMRCLAW: level  1  CFL = .251E+00  dt = 0.5000E+00  final t = 0.673000E+03
 AMRCLAW: level  1  CFL = .251E+00  dt = 0.5000E+00  final t = 0.673500E+03
 AMRCLAW: level  1  CFL = .250E+00  dt = 0.5000E+00  final t = 0.674000E+03
 AMRCLAW: level  1  CFL = .250E+00  dt = 0.5000E+00  final t = 0.674500E+03
 AMRCLAW: level  1  CFL = .250E+00  dt = 0.5000E+00  final t = 0.675000E+03
 AMRCLAW: level  1  CFL = .250E+00  dt = 0.5000E+00  final t = 0.675500E+03
 AMRCLAW: level  1  CFL = .250E+00  dt = 0.5000E+00  final t = 0.676000E+03
 AMRCLAW: level  1  CFL = .250E+00  dt = 0.5000E+00  final t = 0.676500E+03
 AMRCLAW: level  1  CFL = .250E+00  dt = 0.5000E+00  final t = 0.677000E+03
 AMRCLAW: level  1  CFL = .250E+00  dt = 0.5000E+00  final t = 0.677500E+03
 AMRCLAW: level  1  CFL = .250E+00  dt = 0.5000E+00  final t = 0.678000E+03
 AMRCLAW: level  1  CFL = .250E+00  dt = 0.5000E+00  final t = 0.678500E+03
 AMRCLAW: level  1  CFL = .250E+00  dt = 0.5000E+00  final t = 0.679000E+03
 AMRCLAW: level  1  CFL = .250E+00  dt = 0.5000E+00  final t = 0.679500E+03
 AMRCLAW: level  1  CFL = .250E+00  dt = 0.5000E+00  final t = 0.680000E+03
 AMRCLAW: level  1  CFL = .250E+00  dt = 0.5000E+00  final t = 0.680500E+03
 AMRCLAW: level  1  CFL = .250E+00  dt = 0.5000E+00  final t = 0.681000E+03
 AMRCLAW: level  1  CFL = .250E+00  dt = 0.5000E+00  final t = 0.681500E+03
 AMRCLAW: level  1  CFL = .250E+00  dt = 0.5000E+00  final t = 0.682000E+03
 AMRCLAW: level  1  CFL = .249E+00  dt = 0.5000E+00  final t = 0.682500E+03
 AMRCLAW: level  1  CFL = .249E+00  dt = 0.5000E+00  final t = 0.683000E+03
 AMRCLAW: level  1  CFL = .249E+00  dt = 0.5000E+00  final t = 0.683500E+03
 AMRCLAW: level  1  CFL = .249E+00  dt = 0.5000E+00  final t = 0.684000E+03
 AMRCLAW: level  1  CFL = .249E+00  dt = 0.5000E+00  final t = 0.684500E+03
 AMRCLAW: level  1  CFL = .249E+00  dt = 0.5000E+00  final t = 0.685000E+03
 AMRCLAW: level  1  CFL = .249E+00  dt = 0.5000E+00  final t = 0.685500E+03
 AMRCLAW: level  1  CFL = .249E+00  dt = 0.5000E+00  final t = 0.686000E+03
 AMRCLAW: level  1  CFL = .249E+00  dt = 0.5000E+00  final t = 0.686500E+03
 AMRCLAW: level  1  CFL = .249E+00  dt = 0.5000E+00  final t = 0.687000E+03
 AMRCLAW: level  1  CFL = .249E+00  dt = 0.5000E+00  final t = 0.687500E+03
 AMRCLAW: level  1  CFL = .248E+00  dt = 0.5000E+00  final t = 0.688000E+03
 AMRCLAW: level  1  CFL = .248E+00  dt = 0.5000E+00  final t = 0.688500E+03
 AMRCLAW: level  1  CFL = .248E+00  dt = 0.5000E+00  final t = 0.689000E+03
 AMRCLAW: level  1  CFL = .248E+00  dt = 0.5000E+00  final t = 0.689500E+03
 AMRCLAW: level  1  CFL = .248E+00  dt = 0.5000E+00  final t = 0.690000E+03
GEOCLAW: Frame   23 output files done at time t =  0.690000D+03

 AMRCLAW: level  1  CFL = .248E+00  dt = 0.5000E+00  final t = 0.690500E+03
 AMRCLAW: level  1  CFL = .248E+00  dt = 0.5000E+00  final t = 0.691000E+03
 AMRCLAW: level  1  CFL = .248E+00  dt = 0.5000E+00  final t = 0.691500E+03
 AMRCLAW: level  1  CFL = .248E+00  dt = 0.5000E+00  final t = 0.692000E+03
 AMRCLAW: level  1  CFL = .247E+00  dt = 0.5000E+00  final t = 0.692500E+03
 AMRCLAW: level  1  CFL = .247E+00  dt = 0.5000E+00  final t = 0.693000E+03
 AMRCLAW: level  1  CFL = .247E+00  dt = 0.5000E+00  final t = 0.693500E+03
 AMRCLAW: level  1  CFL = .247E+00  dt = 0.5000E+00  final t = 0.694000E+03
 AMRCLAW: level  1  CFL = .247E+00  dt = 0.5000E+00  final t = 0.694500E+03
 AMRCLAW: level  1  CFL = .247E+00  dt = 0.5000E+00  final t = 0.695000E+03
 AMRCLAW: level  1  CFL = .247E+00  dt = 0.5000E+00  final t = 0.695500E+03
 AMRCLAW: level  1  CFL = .247E+00  dt = 0.5000E+00  final t = 0.696000E+03
 AMRCLAW: level  1  CFL = .247E+00  dt = 0.5000E+00  final t = 0.696500E+03
 AMRCLAW: level  1  CFL = .247E+00  dt = 0.5000E+00  final t = 0.697000E+03
 AMRCLAW: level  1  CFL = .247E+00  dt = 0.5000E+00  final t = 0.697500E+03
 AMRCLAW: level  1  CFL = .246E+00  dt = 0.5000E+00  final t = 0.698000E+03
 AMRCLAW: level  1  CFL = .246E+00  dt = 0.5000E+00  final t = 0.698500E+03
 AMRCLAW: level  1  CFL = .246E+00  dt = 0.5000E+00  final t = 0.699000E+03
 AMRCLAW: level  1  CFL = .246E+00  dt = 0.5000E+00  final t = 0.699500E+03
 AMRCLAW: level  1  CFL = .246E+00  dt = 0.5000E+00  final t = 0.700000E+03
 AMRCLAW: level  1  CFL = .246E+00  dt = 0.5000E+00  final t = 0.700500E+03
 AMRCLAW: level  1  CFL = .246E+00  dt = 0.5000E+00  final t = 0.701000E+03
 AMRCLAW: level  1  CFL = .246E+00  dt = 0.5000E+00  final t = 0.701500E+03
 AMRCLAW: level  1  CFL = .246E+00  dt = 0.5000E+00  final t = 0.702000E+03
 AMRCLAW: level  1  CFL = .246E+00  dt = 0.5000E+00  final t = 0.702500E+03
 AMRCLAW: level  1  CFL = .246E+00  dt = 0.5000E+00  final t = 0.703000E+03
 AMRCLAW: level  1  CFL = .246E+00  dt = 0.5000E+00  final t = 0.703500E+03
 AMRCLAW: level  1  CFL = .246E+00  dt = 0.5000E+00  final t = 0.704000E+03
 AMRCLAW: level  1  CFL = .245E+00  dt = 0.5000E+00  final t = 0.704500E+03
 AMRCLAW: level  1  CFL = .245E+00  dt = 0.5000E+00  final t = 0.705000E+03
 AMRCLAW: level  1  CFL = .245E+00  dt = 0.5000E+00  final t = 0.705500E+03
 AMRCLAW: level  1  CFL = .245E+00  dt = 0.5000E+00  final t = 0.706000E+03
 AMRCLAW: level  1  CFL = .245E+00  dt = 0.5000E+00  final t = 0.706500E+03
 AMRCLAW: level  1  CFL = .245E+00  dt = 0.5000E+00  final t = 0.707000E+03
 AMRCLAW: level  1  CFL = .245E+00  dt = 0.5000E+00  final t = 0.707500E+03
 AMRCLAW: level  1  CFL = .245E+00  dt = 0.5000E+00  final t = 0.708000E+03
 AMRCLAW: level  1  CFL = .245E+00  dt = 0.5000E+00  final t = 0.708500E+03
 AMRCLAW: level  1  CFL = .245E+00  dt = 0.5000E+00  final t = 0.709000E+03
 AMRCLAW: level  1  CFL = .245E+00  dt = 0.5000E+00  final t = 0.709500E+03
 AMRCLAW: level  1  CFL = .245E+00  dt = 0.5000E+00  final t = 0.710000E+03
 AMRCLAW: level  1  CFL = .245E+00  dt = 0.5000E+00  final t = 0.710500E+03
 AMRCLAW: level  1  CFL = .244E+00  dt = 0.5000E+00  final t = 0.711000E+03
 AMRCLAW: level  1  CFL = .244E+00  dt = 0.5000E+00  final t = 0.711500E+03
 AMRCLAW: level  1  CFL = .244E+00  dt = 0.5000E+00  final t = 0.712000E+03
 AMRCLAW: level  1  CFL = .244E+00  dt = 0.5000E+00  final t = 0.712500E+03
 AMRCLAW: level  1  CFL = .244E+00  dt = 0.5000E+00  final t = 0.713000E+03
 AMRCLAW: level  1  CFL = .244E+00  dt = 0.5000E+00  final t = 0.713500E+03
 AMRCLAW: level  1  CFL = .244E+00  dt = 0.5000E+00  final t = 0.714000E+03
 AMRCLAW: level  1  CFL = .244E+00  dt = 0.5000E+00  final t = 0.714500E+03
 AMRCLAW: level  1  CFL = .244E+00  dt = 0.5000E+00  final t = 0.715000E+03
 AMRCLAW: level  1  CFL = .244E+00  dt = 0.5000E+00  final t = 0.715500E+03
 AMRCLAW: level  1  CFL = .244E+00  dt = 0.5000E+00  final t = 0.716000E+03
 AMRCLAW: level  1  CFL = .244E+00  dt = 0.5000E+00  final t = 0.716500E+03
 AMRCLAW: level  1  CFL = .244E+00  dt = 0.5000E+00  final t = 0.717000E+03
 AMRCLAW: level  1  CFL = .244E+00  dt = 0.5000E+00  final t = 0.717500E+03
 AMRCLAW: level  1  CFL = .244E+00  dt = 0.5000E+00  final t = 0.718000E+03
 AMRCLAW: level  1  CFL = .244E+00  dt = 0.5000E+00  final t = 0.718500E+03
 AMRCLAW: level  1  CFL = .244E+00  dt = 0.5000E+00  final t = 0.719000E+03
 AMRCLAW: level  1  CFL = .244E+00  dt = 0.5000E+00  final t = 0.719500E+03
 AMRCLAW: level  1  CFL = .243E+00  dt = 0.5000E+00  final t = 0.720000E+03
GEOCLAW: Frame   24 output files done at time t =  0.720000D+03

 AMRCLAW: level  1  CFL = .243E+00  dt = 0.5000E+00  final t = 0.720500E+03
 AMRCLAW: level  1  CFL = .243E+00  dt = 0.5000E+00  final t = 0.721000E+03
 AMRCLAW: level  1  CFL = .243E+00  dt = 0.5000E+00  final t = 0.721500E+03
 AMRCLAW: level  1  CFL = .254E+00  dt = 0.5000E+00  final t = 0.722000E+03
 AMRCLAW: level  1  CFL = .243E+00  dt = 0.5000E+00  final t = 0.722500E+03
 AMRCLAW: level  1  CFL = .242E+00  dt = 0.5000E+00  final t = 0.723000E+03
 AMRCLAW: level  1  CFL = .242E+00  dt = 0.5000E+00  final t = 0.723500E+03
 AMRCLAW: level  1  CFL = .242E+00  dt = 0.5000E+00  final t = 0.724000E+03
 AMRCLAW: level  1  CFL = .241E+00  dt = 0.5000E+00  final t = 0.724500E+03
 AMRCLAW: level  1  CFL = .241E+00  dt = 0.5000E+00  final t = 0.725000E+03
 AMRCLAW: level  1  CFL = .240E+00  dt = 0.5000E+00  final t = 0.725500E+03
 AMRCLAW: level  1  CFL = .240E+00  dt = 0.5000E+00  final t = 0.726000E+03
 AMRCLAW: level  1  CFL = .240E+00  dt = 0.5000E+00  final t = 0.726500E+03
 AMRCLAW: level  1  CFL = .239E+00  dt = 0.5000E+00  final t = 0.727000E+03
 AMRCLAW: level  1  CFL = .239E+00  dt = 0.5000E+00  final t = 0.727500E+03
 AMRCLAW: level  1  CFL = .238E+00  dt = 0.5000E+00  final t = 0.728000E+03
 AMRCLAW: level  1  CFL = .238E+00  dt = 0.5000E+00  final t = 0.728500E+03
 AMRCLAW: level  1  CFL = .237E+00  dt = 0.5000E+00  final t = 0.729000E+03
 AMRCLAW: level  1  CFL = .237E+00  dt = 0.5000E+00  final t = 0.729500E+03
 AMRCLAW: level  1  CFL = .237E+00  dt = 0.5000E+00  final t = 0.730000E+03
 AMRCLAW: level  1  CFL = .236E+00  dt = 0.5000E+00  final t = 0.730500E+03
 AMRCLAW: level  1  CFL = .236E+00  dt = 0.5000E+00  final t = 0.731000E+03
 AMRCLAW: level  1  CFL = .235E+00  dt = 0.5000E+00  final t = 0.731500E+03
 AMRCLAW: level  1  CFL = .235E+00  dt = 0.5000E+00  final t = 0.732000E+03
 AMRCLAW: level  1  CFL = .235E+00  dt = 0.5000E+00  final t = 0.732500E+03
 AMRCLAW: level  1  CFL = .323E+00  dt = 0.5000E+00  final t = 0.733000E+03
 AMRCLAW: level  1  CFL = .234E+00  dt = 0.5000E+00  final t = 0.733500E+03
 AMRCLAW: level  1  CFL = .233E+00  dt = 0.5000E+00  final t = 0.734000E+03
 AMRCLAW: level  1  CFL = .233E+00  dt = 0.5000E+00  final t = 0.734500E+03
 AMRCLAW: level  1  CFL = .233E+00  dt = 0.5000E+00  final t = 0.735000E+03
 AMRCLAW: level  1  CFL = .233E+00  dt = 0.5000E+00  final t = 0.735500E+03
 AMRCLAW: level  1  CFL = .232E+00  dt = 0.5000E+00  final t = 0.736000E+03
 AMRCLAW: level  1  CFL = .232E+00  dt = 0.5000E+00  final t = 0.736500E+03
 AMRCLAW: level  1  CFL = .232E+00  dt = 0.5000E+00  final t = 0.737000E+03
 AMRCLAW: level  1  CFL = .231E+00  dt = 0.5000E+00  final t = 0.737500E+03
 AMRCLAW: level  1  CFL = .231E+00  dt = 0.5000E+00  final t = 0.738000E+03
 AMRCLAW: level  1  CFL = .231E+00  dt = 0.5000E+00  final t = 0.738500E+03
 AMRCLAW: level  1  CFL = .231E+00  dt = 0.5000E+00  final t = 0.739000E+03
 AMRCLAW: level  1  CFL = .231E+00  dt = 0.5000E+00  final t = 0.739500E+03
 AMRCLAW: level  1  CFL = .230E+00  dt = 0.5000E+00  final t = 0.740000E+03
 AMRCLAW: level  1  CFL = .230E+00  dt = 0.5000E+00  final t = 0.740500E+03
 AMRCLAW: level  1  CFL = .232E+00  dt = 0.5000E+00  final t = 0.741000E+03
 AMRCLAW: level  1  CFL = .230E+00  dt = 0.5000E+00  final t = 0.741500E+03
 AMRCLAW: level  1  CFL = .230E+00  dt = 0.5000E+00  final t = 0.742000E+03
 AMRCLAW: level  1  CFL = .230E+00  dt = 0.5000E+00  final t = 0.742500E+03
 AMRCLAW: level  1  CFL = .230E+00  dt = 0.5000E+00  final t = 0.743000E+03
 AMRCLAW: level  1  CFL = .229E+00  dt = 0.5000E+00  final t = 0.743500E+03
 AMRCLAW: level  1  CFL = .230E+00  dt = 0.5000E+00  final t = 0.744000E+03
 AMRCLAW: level  1  CFL = .229E+00  dt = 0.5000E+00  final t = 0.744500E+03
 AMRCLAW: level  1  CFL = .229E+00  dt = 0.5000E+00  final t = 0.745000E+03
 AMRCLAW: level  1  CFL = .229E+00  dt = 0.5000E+00  final t = 0.745500E+03
 AMRCLAW: level  1  CFL = .231E+00  dt = 0.5000E+00  final t = 0.746000E+03
 AMRCLAW: level  1  CFL = .229E+00  dt = 0.5000E+00  final t = 0.746500E+03
 AMRCLAW: level  1  CFL = .229E+00  dt = 0.5000E+00  final t = 0.747000E+03
 AMRCLAW: level  1  CFL = .228E+00  dt = 0.5000E+00  final t = 0.747500E+03
 AMRCLAW: level  1  CFL = .228E+00  dt = 0.5000E+00  final t = 0.748000E+03
 AMRCLAW: level  1  CFL = .228E+00  dt = 0.5000E+00  final t = 0.748500E+03
 AMRCLAW: level  1  CFL = .229E+00  dt = 0.5000E+00  final t = 0.749000E+03
 AMRCLAW: level  1  CFL = .228E+00  dt = 0.5000E+00  final t = 0.749500E+03
 AMRCLAW: level  1  CFL = .228E+00  dt = 0.5000E+00  final t = 0.750000E+03
GEOCLAW: Frame   25 output files done at time t =  0.750000D+03

 AMRCLAW: level  1  CFL = .227E+00  dt = 0.5000E+00  final t = 0.750500E+03
 AMRCLAW: level  1  CFL = .227E+00  dt = 0.5000E+00  final t = 0.751000E+03
 AMRCLAW: level  1  CFL = .227E+00  dt = 0.5000E+00  final t = 0.751500E+03
 AMRCLAW: level  1  CFL = .229E+00  dt = 0.5000E+00  final t = 0.752000E+03
 AMRCLAW: level  1  CFL = .227E+00  dt = 0.5000E+00  final t = 0.752500E+03
 AMRCLAW: level  1  CFL = .227E+00  dt = 0.5000E+00  final t = 0.753000E+03
 AMRCLAW: level  1  CFL = .227E+00  dt = 0.5000E+00  final t = 0.753500E+03
 AMRCLAW: level  1  CFL = .227E+00  dt = 0.5000E+00  final t = 0.754000E+03
 AMRCLAW: level  1  CFL = .227E+00  dt = 0.5000E+00  final t = 0.754500E+03
 AMRCLAW: level  1  CFL = .227E+00  dt = 0.5000E+00  final t = 0.755000E+03
 AMRCLAW: level  1  CFL = .228E+00  dt = 0.5000E+00  final t = 0.755500E+03
 AMRCLAW: level  1  CFL = .227E+00  dt = 0.5000E+00  final t = 0.756000E+03
 AMRCLAW: level  1  CFL = .227E+00  dt = 0.5000E+00  final t = 0.756500E+03
 AMRCLAW: level  1  CFL = .227E+00  dt = 0.5000E+00  final t = 0.757000E+03
 AMRCLAW: level  1  CFL = .227E+00  dt = 0.5000E+00  final t = 0.757500E+03
 AMRCLAW: level  1  CFL = .227E+00  dt = 0.5000E+00  final t = 0.758000E+03
 AMRCLAW: level  1  CFL = .227E+00  dt = 0.5000E+00  final t = 0.758500E+03
 AMRCLAW: level  1  CFL = .227E+00  dt = 0.5000E+00  final t = 0.759000E+03
 AMRCLAW: level  1  CFL = .227E+00  dt = 0.5000E+00  final t = 0.759500E+03
 AMRCLAW: level  1  CFL = .227E+00  dt = 0.5000E+00  final t = 0.760000E+03
 AMRCLAW: level  1  CFL = .227E+00  dt = 0.5000E+00  final t = 0.760500E+03
 AMRCLAW: level  1  CFL = .227E+00  dt = 0.5000E+00  final t = 0.761000E+03
 AMRCLAW: level  1  CFL = .227E+00  dt = 0.5000E+00  final t = 0.761500E+03
 AMRCLAW: level  1  CFL = .227E+00  dt = 0.5000E+00  final t = 0.762000E+03
 AMRCLAW: level  1  CFL = .227E+00  dt = 0.5000E+00  final t = 0.762500E+03
 AMRCLAW: level  1  CFL = .227E+00  dt = 0.5000E+00  final t = 0.763000E+03
 AMRCLAW: level  1  CFL = .227E+00  dt = 0.5000E+00  final t = 0.763500E+03
 AMRCLAW: level  1  CFL = .227E+00  dt = 0.5000E+00  final t = 0.764000E+03
 AMRCLAW: level  1  CFL = .226E+00  dt = 0.5000E+00  final t = 0.764500E+03
 AMRCLAW: level  1  CFL = .226E+00  dt = 0.5000E+00  final t = 0.765000E+03
 AMRCLAW: level  1  CFL = .226E+00  dt = 0.5000E+00  final t = 0.765500E+03
 AMRCLAW: level  1  CFL = .226E+00  dt = 0.5000E+00  final t = 0.766000E+03
 AMRCLAW: level  1  CFL = .227E+00  dt = 0.5000E+00  final t = 0.766500E+03
 AMRCLAW: level  1  CFL = .226E+00  dt = 0.5000E+00  final t = 0.767000E+03
 AMRCLAW: level  1  CFL = .228E+00  dt = 0.5000E+00  final t = 0.767500E+03
 AMRCLAW: level  1  CFL = .226E+00  dt = 0.5000E+00  final t = 0.768000E+03
 AMRCLAW: level  1  CFL = .230E+00  dt = 0.5000E+00  final t = 0.768500E+03
 AMRCLAW: level  1  CFL = .226E+00  dt = 0.5000E+00  final t = 0.769000E+03
 AMRCLAW: level  1  CFL = .226E+00  dt = 0.5000E+00  final t = 0.769500E+03
 AMRCLAW: level  1  CFL = .228E+00  dt = 0.5000E+00  final t = 0.770000E+03
 AMRCLAW: level  1  CFL = .226E+00  dt = 0.5000E+00  final t = 0.770500E+03
 AMRCLAW: level  1  CFL = .229E+00  dt = 0.5000E+00  final t = 0.771000E+03
 AMRCLAW: level  1  CFL = .226E+00  dt = 0.5000E+00  final t = 0.771500E+03
 AMRCLAW: level  1  CFL = .230E+00  dt = 0.5000E+00  final t = 0.772000E+03
 AMRCLAW: level  1  CFL = .226E+00  dt = 0.5000E+00  final t = 0.772500E+03
 AMRCLAW: level  1  CFL = .226E+00  dt = 0.5000E+00  final t = 0.773000E+03
 AMRCLAW: level  1  CFL = .227E+00  dt = 0.5000E+00  final t = 0.773500E+03
 AMRCLAW: level  1  CFL = .231E+00  dt = 0.5000E+00  final t = 0.774000E+03
 AMRCLAW: level  1  CFL = .228E+00  dt = 0.5000E+00  final t = 0.774500E+03
 AMRCLAW: level  1  CFL = .225E+00  dt = 0.5000E+00  final t = 0.775000E+03
 AMRCLAW: level  1  CFL = .229E+00  dt = 0.5000E+00  final t = 0.775500E+03
 AMRCLAW: level  1  CFL = .225E+00  dt = 0.5000E+00  final t = 0.776000E+03
 AMRCLAW: level  1  CFL = .229E+00  dt = 0.5000E+00  final t = 0.776500E+03
 AMRCLAW: level  1  CFL = .232E+00  dt = 0.5000E+00  final t = 0.777000E+03
 AMRCLAW: level  1  CFL = .236E+00  dt = 0.5000E+00  final t = 0.777500E+03
 AMRCLAW: level  1  CFL = .239E+00  dt = 0.5000E+00  final t = 0.778000E+03
 AMRCLAW: level  1  CFL = .242E+00  dt = 0.5000E+00  final t = 0.778500E+03
 AMRCLAW: level  1  CFL = .245E+00  dt = 0.5000E+00  final t = 0.779000E+03
 AMRCLAW: level  1  CFL = .248E+00  dt = 0.5000E+00  final t = 0.779500E+03
 AMRCLAW: level  1  CFL = .250E+00  dt = 0.5000E+00  final t = 0.780000E+03
GEOCLAW: Frame   26 output files done at time t =  0.780000D+03

 AMRCLAW: level  1  CFL = .253E+00  dt = 0.5000E+00  final t = 0.780500E+03
 AMRCLAW: level  1  CFL = .226E+00  dt = 0.5000E+00  final t = 0.781000E+03
 AMRCLAW: level  1  CFL = .229E+00  dt = 0.5000E+00  final t = 0.781500E+03
 AMRCLAW: level  1  CFL = .230E+00  dt = 0.5000E+00  final t = 0.782000E+03
 AMRCLAW: level  1  CFL = .234E+00  dt = 0.5000E+00  final t = 0.782500E+03
 AMRCLAW: level  1  CFL = .239E+00  dt = 0.5000E+00  final t = 0.783000E+03
 AMRCLAW: level  1  CFL = .243E+00  dt = 0.5000E+00  final t = 0.783500E+03
 AMRCLAW: level  1  CFL = .246E+00  dt = 0.5000E+00  final t = 0.784000E+03
 AMRCLAW: level  1  CFL = .250E+00  dt = 0.5000E+00  final t = 0.784500E+03
 AMRCLAW: level  1  CFL = .253E+00  dt = 0.5000E+00  final t = 0.785000E+03
 AMRCLAW: level  1  CFL = .257E+00  dt = 0.5000E+00  final t = 0.785500E+03
 AMRCLAW: level  1  CFL = .245E+00  dt = 0.5000E+00  final t = 0.786000E+03
 AMRCLAW: level  1  CFL = .232E+00  dt = 0.5000E+00  final t = 0.786500E+03
 AMRCLAW: level  1  CFL = .227E+00  dt = 0.5000E+00  final t = 0.787000E+03
 AMRCLAW: level  1  CFL = .231E+00  dt = 0.5000E+00  final t = 0.787500E+03
 AMRCLAW: level  1  CFL = .226E+00  dt = 0.5000E+00  final t = 0.788000E+03
 AMRCLAW: level  1  CFL = .230E+00  dt = 0.5000E+00  final t = 0.788500E+03
 AMRCLAW: level  1  CFL = .226E+00  dt = 0.5000E+00  final t = 0.789000E+03
 AMRCLAW: level  1  CFL = .229E+00  dt = 0.5000E+00  final t = 0.789500E+03
 AMRCLAW: level  1  CFL = .226E+00  dt = 0.5000E+00  final t = 0.790000E+03
 AMRCLAW: level  1  CFL = .228E+00  dt = 0.5000E+00  final t = 0.790500E+03
 AMRCLAW: level  1  CFL = .231E+00  dt = 0.5000E+00  final t = 0.791000E+03
 AMRCLAW: level  1  CFL = .226E+00  dt = 0.5000E+00  final t = 0.791500E+03
 AMRCLAW: level  1  CFL = .230E+00  dt = 0.5000E+00  final t = 0.792000E+03
 AMRCLAW: level  1  CFL = .225E+00  dt = 0.5000E+00  final t = 0.792500E+03
 AMRCLAW: level  1  CFL = .229E+00  dt = 0.5000E+00  final t = 0.793000E+03
 AMRCLAW: level  1  CFL = .225E+00  dt = 0.5000E+00  final t = 0.793500E+03
 AMRCLAW: level  1  CFL = .228E+00  dt = 0.5000E+00  final t = 0.794000E+03
 AMRCLAW: level  1  CFL = .231E+00  dt = 0.5000E+00  final t = 0.794500E+03
 AMRCLAW: level  1  CFL = .228E+00  dt = 0.5000E+00  final t = 0.795000E+03
 AMRCLAW: level  1  CFL = .229E+00  dt = 0.5000E+00  final t = 0.795500E+03
 AMRCLAW: level  1  CFL = .225E+00  dt = 0.5000E+00  final t = 0.796000E+03
 AMRCLAW: level  1  CFL = .228E+00  dt = 0.5000E+00  final t = 0.796500E+03
 AMRCLAW: level  1  CFL = .231E+00  dt = 0.5000E+00  final t = 0.797000E+03
 AMRCLAW: level  1  CFL = .227E+00  dt = 0.5000E+00  final t = 0.797500E+03
 AMRCLAW: level  1  CFL = .230E+00  dt = 0.5000E+00  final t = 0.798000E+03
 AMRCLAW: level  1  CFL = .231E+00  dt = 0.5000E+00  final t = 0.798500E+03
 AMRCLAW: level  1  CFL = .235E+00  dt = 0.5000E+00  final t = 0.799000E+03
 AMRCLAW: level  1  CFL = .239E+00  dt = 0.5000E+00  final t = 0.799500E+03
 AMRCLAW: level  1  CFL = .243E+00  dt = 0.5000E+00  final t = 0.800000E+03
 AMRCLAW: level  1  CFL = .247E+00  dt = 0.5000E+00  final t = 0.800500E+03
 AMRCLAW: level  1  CFL = .250E+00  dt = 0.5000E+00  final t = 0.801000E+03
 AMRCLAW: level  1  CFL = .254E+00  dt = 0.5000E+00  final t = 0.801500E+03
 AMRCLAW: level  1  CFL = .257E+00  dt = 0.5000E+00  final t = 0.802000E+03
 AMRCLAW: level  1  CFL = .260E+00  dt = 0.5000E+00  final t = 0.802500E+03
 AMRCLAW: level  1  CFL = .263E+00  dt = 0.5000E+00  final t = 0.803000E+03
 AMRCLAW: level  1  CFL = .266E+00  dt = 0.5000E+00  final t = 0.803500E+03
 AMRCLAW: level  1  CFL = .269E+00  dt = 0.5000E+00  final t = 0.804000E+03
 AMRCLAW: level  1  CFL = .326E+00  dt = 0.5000E+00  final t = 0.804500E+03
 AMRCLAW: level  1  CFL = .326E+00  dt = 0.5000E+00  final t = 0.805000E+03
 AMRCLAW: level  1  CFL = .268E+00  dt = 0.5000E+00  final t = 0.805500E+03
 AMRCLAW: level  1  CFL = .253E+00  dt = 0.5000E+00  final t = 0.806000E+03
 AMRCLAW: level  1  CFL = .241E+00  dt = 0.5000E+00  final t = 0.806500E+03
 AMRCLAW: level  1  CFL = .233E+00  dt = 0.5000E+00  final t = 0.807000E+03
 AMRCLAW: level  1  CFL = .228E+00  dt = 0.5000E+00  final t = 0.807500E+03
 AMRCLAW: level  1  CFL = .231E+00  dt = 0.5000E+00  final t = 0.808000E+03
 AMRCLAW: level  1  CFL = .227E+00  dt = 0.5000E+00  final t = 0.808500E+03
 AMRCLAW: level  1  CFL = .229E+00  dt = 0.5000E+00  final t = 0.809000E+03
 AMRCLAW: level  1  CFL = .232E+00  dt = 0.5000E+00  final t = 0.809500E+03
 AMRCLAW: level  1  CFL = .228E+00  dt = 0.5000E+00  final t = 0.810000E+03
GEOCLAW: Frame   27 output files done at time t =  0.810000D+03

 AMRCLAW: level  1  CFL = .230E+00  dt = 0.5000E+00  final t = 0.810500E+03
 AMRCLAW: level  1  CFL = .233E+00  dt = 0.5000E+00  final t = 0.811000E+03
 AMRCLAW: level  1  CFL = .229E+00  dt = 0.5000E+00  final t = 0.811500E+03
 AMRCLAW: level  1  CFL = .231E+00  dt = 0.5000E+00  final t = 0.812000E+03
 AMRCLAW: level  1  CFL = .233E+00  dt = 0.5000E+00  final t = 0.812500E+03
 AMRCLAW: level  1  CFL = .229E+00  dt = 0.5000E+00  final t = 0.813000E+03
 AMRCLAW: level  1  CFL = .233E+00  dt = 0.5000E+00  final t = 0.813500E+03
 AMRCLAW: level  1  CFL = .233E+00  dt = 0.5000E+00  final t = 0.814000E+03
 AMRCLAW: level  1  CFL = .234E+00  dt = 0.5000E+00  final t = 0.814500E+03
 AMRCLAW: level  1  CFL = .234E+00  dt = 0.5000E+00  final t = 0.815000E+03
 AMRCLAW: level  1  CFL = .232E+00  dt = 0.5000E+00  final t = 0.815500E+03
 AMRCLAW: level  1  CFL = .234E+00  dt = 0.5000E+00  final t = 0.816000E+03
 AMRCLAW: level  1  CFL = .230E+00  dt = 0.5000E+00  final t = 0.816500E+03
 AMRCLAW: level  1  CFL = .232E+00  dt = 0.5000E+00  final t = 0.817000E+03
 AMRCLAW: level  1  CFL = .234E+00  dt = 0.5000E+00  final t = 0.817500E+03
 AMRCLAW: level  1  CFL = .230E+00  dt = 0.5000E+00  final t = 0.818000E+03
 AMRCLAW: level  1  CFL = .232E+00  dt = 0.5000E+00  final t = 0.818500E+03
 AMRCLAW: level  1  CFL = .234E+00  dt = 0.5000E+00  final t = 0.819000E+03
 AMRCLAW: level  1  CFL = .235E+00  dt = 0.5000E+00  final t = 0.819500E+03
 AMRCLAW: level  1  CFL = .231E+00  dt = 0.5000E+00  final t = 0.820000E+03
 AMRCLAW: level  1  CFL = .234E+00  dt = 0.5000E+00  final t = 0.820500E+03
 AMRCLAW: level  1  CFL = .235E+00  dt = 0.5000E+00  final t = 0.821000E+03
 AMRCLAW: level  1  CFL = .231E+00  dt = 0.5000E+00  final t = 0.821500E+03
 AMRCLAW: level  1  CFL = .234E+00  dt = 0.5000E+00  final t = 0.822000E+03
 AMRCLAW: level  1  CFL = .234E+00  dt = 0.5000E+00  final t = 0.822500E+03
 AMRCLAW: level  1  CFL = .236E+00  dt = 0.5000E+00  final t = 0.823000E+03
 AMRCLAW: level  1  CFL = .232E+00  dt = 0.5000E+00  final t = 0.823500E+03
 AMRCLAW: level  1  CFL = .233E+00  dt = 0.5000E+00  final t = 0.824000E+03
 AMRCLAW: level  1  CFL = .235E+00  dt = 0.5000E+00  final t = 0.824500E+03
 AMRCLAW: level  1  CFL = .235E+00  dt = 0.5000E+00  final t = 0.825000E+03
 AMRCLAW: level  1  CFL = .233E+00  dt = 0.5000E+00  final t = 0.825500E+03
 AMRCLAW: level  1  CFL = .235E+00  dt = 0.5000E+00  final t = 0.826000E+03
 AMRCLAW: level  1  CFL = .230E+00  dt = 0.5000E+00  final t = 0.826500E+03
 AMRCLAW: level  1  CFL = .232E+00  dt = 0.5000E+00  final t = 0.827000E+03
 AMRCLAW: level  1  CFL = .234E+00  dt = 0.5000E+00  final t = 0.827500E+03
 AMRCLAW: level  1  CFL = .230E+00  dt = 0.5000E+00  final t = 0.828000E+03
 AMRCLAW: level  1  CFL = .232E+00  dt = 0.5000E+00  final t = 0.828500E+03
 AMRCLAW: level  1  CFL = .234E+00  dt = 0.5000E+00  final t = 0.829000E+03
 AMRCLAW: level  1  CFL = .230E+00  dt = 0.5000E+00  final t = 0.829500E+03
 AMRCLAW: level  1  CFL = .232E+00  dt = 0.5000E+00  final t = 0.830000E+03
 AMRCLAW: level  1  CFL = .233E+00  dt = 0.5000E+00  final t = 0.830500E+03
 AMRCLAW: level  1  CFL = .235E+00  dt = 0.5000E+00  final t = 0.831000E+03
 AMRCLAW: level  1  CFL = .232E+00  dt = 0.5000E+00  final t = 0.831500E+03
 AMRCLAW: level  1  CFL = .235E+00  dt = 0.5000E+00  final t = 0.832000E+03
 AMRCLAW: level  1  CFL = .235E+00  dt = 0.5000E+00  final t = 0.832500E+03
 AMRCLAW: level  1  CFL = .233E+00  dt = 0.5000E+00  final t = 0.833000E+03
 AMRCLAW: level  1  CFL = .233E+00  dt = 0.5000E+00  final t = 0.833500E+03
 AMRCLAW: level  1  CFL = .230E+00  dt = 0.5000E+00  final t = 0.834000E+03
 AMRCLAW: level  1  CFL = .233E+00  dt = 0.5000E+00  final t = 0.834500E+03
 AMRCLAW: level  1  CFL = .233E+00  dt = 0.5000E+00  final t = 0.835000E+03
 AMRCLAW: level  1  CFL = .235E+00  dt = 0.5000E+00  final t = 0.835500E+03
 AMRCLAW: level  1  CFL = .233E+00  dt = 0.5000E+00  final t = 0.836000E+03
 AMRCLAW: level  1  CFL = .233E+00  dt = 0.5000E+00  final t = 0.836500E+03
 AMRCLAW: level  1  CFL = .235E+00  dt = 0.5000E+00  final t = 0.837000E+03
 AMRCLAW: level  1  CFL = .233E+00  dt = 0.5000E+00  final t = 0.837500E+03
 AMRCLAW: level  1  CFL = .233E+00  dt = 0.5000E+00  final t = 0.838000E+03
 AMRCLAW: level  1  CFL = .230E+00  dt = 0.5000E+00  final t = 0.838500E+03
 AMRCLAW: level  1  CFL = .234E+00  dt = 0.5000E+00  final t = 0.839000E+03
 AMRCLAW: level  1  CFL = .233E+00  dt = 0.5000E+00  final t = 0.839500E+03
 AMRCLAW: level  1  CFL = .231E+00  dt = 0.5000E+00  final t = 0.840000E+03
GEOCLAW: Frame   28 output files done at time t =  0.840000D+03

 AMRCLAW: level  1  CFL = .231E+00  dt = 0.5000E+00  final t = 0.840500E+03
 AMRCLAW: level  1  CFL = .232E+00  dt = 0.5000E+00  final t = 0.841000E+03
 AMRCLAW: level  1  CFL = .234E+00  dt = 0.5000E+00  final t = 0.841500E+03
 AMRCLAW: level  1  CFL = .235E+00  dt = 0.5000E+00  final t = 0.842000E+03
 AMRCLAW: level  1  CFL = .231E+00  dt = 0.5000E+00  final t = 0.842500E+03
 AMRCLAW: level  1  CFL = .232E+00  dt = 0.5000E+00  final t = 0.843000E+03
 AMRCLAW: level  1  CFL = .234E+00  dt = 0.5000E+00  final t = 0.843500E+03
 AMRCLAW: level  1  CFL = .235E+00  dt = 0.5000E+00  final t = 0.844000E+03
 AMRCLAW: level  1  CFL = .233E+00  dt = 0.5000E+00  final t = 0.844500E+03
 AMRCLAW: level  1  CFL = .231E+00  dt = 0.5000E+00  final t = 0.845000E+03
 AMRCLAW: level  1  CFL = .232E+00  dt = 0.5000E+00  final t = 0.845500E+03
 AMRCLAW: level  1  CFL = .233E+00  dt = 0.5000E+00  final t = 0.846000E+03
 AMRCLAW: level  1  CFL = .234E+00  dt = 0.5000E+00  final t = 0.846500E+03
 AMRCLAW: level  1  CFL = .235E+00  dt = 0.5000E+00  final t = 0.847000E+03
 AMRCLAW: level  1  CFL = .236E+00  dt = 0.5000E+00  final t = 0.847500E+03
 AMRCLAW: level  1  CFL = .231E+00  dt = 0.5000E+00  final t = 0.848000E+03
 AMRCLAW: level  1  CFL = .232E+00  dt = 0.5000E+00  final t = 0.848500E+03
 AMRCLAW: level  1  CFL = .233E+00  dt = 0.5000E+00  final t = 0.849000E+03
 AMRCLAW: level  1  CFL = .233E+00  dt = 0.5000E+00  final t = 0.849500E+03
 AMRCLAW: level  1  CFL = .234E+00  dt = 0.5000E+00  final t = 0.850000E+03
 AMRCLAW: level  1  CFL = .235E+00  dt = 0.5000E+00  final t = 0.850500E+03
 AMRCLAW: level  1  CFL = .235E+00  dt = 0.5000E+00  final t = 0.851000E+03
 AMRCLAW: level  1  CFL = .236E+00  dt = 0.5000E+00  final t = 0.851500E+03
 AMRCLAW: level  1  CFL = .236E+00  dt = 0.5000E+00  final t = 0.852000E+03
 AMRCLAW: level  1  CFL = .250E+00  dt = 0.5000E+00  final t = 0.852500E+03
 AMRCLAW: level  1  CFL = .231E+00  dt = 0.5000E+00  final t = 0.853000E+03
 AMRCLAW: level  1  CFL = .231E+00  dt = 0.5000E+00  final t = 0.853500E+03
 AMRCLAW: level  1  CFL = .231E+00  dt = 0.5000E+00  final t = 0.854000E+03
 AMRCLAW: level  1  CFL = .234E+00  dt = 0.5000E+00  final t = 0.854500E+03
 AMRCLAW: level  1  CFL = .230E+00  dt = 0.5000E+00  final t = 0.855000E+03
 AMRCLAW: level  1  CFL = .232E+00  dt = 0.5000E+00  final t = 0.855500E+03
 AMRCLAW: level  1  CFL = .236E+00  dt = 0.5000E+00  final t = 0.856000E+03
 AMRCLAW: level  1  CFL = .230E+00  dt = 0.5000E+00  final t = 0.856500E+03
 AMRCLAW: level  1  CFL = .234E+00  dt = 0.5000E+00  final t = 0.857000E+03
 AMRCLAW: level  1  CFL = .229E+00  dt = 0.5000E+00  final t = 0.857500E+03
 AMRCLAW: level  1  CFL = .233E+00  dt = 0.5000E+00  final t = 0.858000E+03
 AMRCLAW: level  1  CFL = .228E+00  dt = 0.5000E+00  final t = 0.858500E+03
 AMRCLAW: level  1  CFL = .231E+00  dt = 0.5000E+00  final t = 0.859000E+03
 AMRCLAW: level  1  CFL = .234E+00  dt = 0.5000E+00  final t = 0.859500E+03
 AMRCLAW: level  1  CFL = .239E+00  dt = 0.5000E+00  final t = 0.860000E+03
 AMRCLAW: level  1  CFL = .233E+00  dt = 0.5000E+00  final t = 0.860500E+03
 AMRCLAW: level  1  CFL = .229E+00  dt = 0.5000E+00  final t = 0.861000E+03
 AMRCLAW: level  1  CFL = .233E+00  dt = 0.5000E+00  final t = 0.861500E+03
 AMRCLAW: level  1  CFL = .237E+00  dt = 0.5000E+00  final t = 0.862000E+03
 AMRCLAW: level  1  CFL = .232E+00  dt = 0.5000E+00  final t = 0.862500E+03
 AMRCLAW: level  1  CFL = .228E+00  dt = 0.5000E+00  final t = 0.863000E+03
 AMRCLAW: level  1  CFL = .232E+00  dt = 0.5000E+00  final t = 0.863500E+03
 AMRCLAW: level  1  CFL = .236E+00  dt = 0.5000E+00  final t = 0.864000E+03
 AMRCLAW: level  1  CFL = .232E+00  dt = 0.5000E+00  final t = 0.864500E+03
 AMRCLAW: level  1  CFL = .236E+00  dt = 0.5000E+00  final t = 0.865000E+03
 AMRCLAW: level  1  CFL = .232E+00  dt = 0.5000E+00  final t = 0.865500E+03
 AMRCLAW: level  1  CFL = .237E+00  dt = 0.5000E+00  final t = 0.866000E+03
 AMRCLAW: level  1  CFL = .233E+00  dt = 0.5000E+00  final t = 0.866500E+03
 AMRCLAW: level  1  CFL = .230E+00  dt = 0.5000E+00  final t = 0.867000E+03
 AMRCLAW: level  1  CFL = .235E+00  dt = 0.5000E+00  final t = 0.867500E+03
 AMRCLAW: level  1  CFL = .231E+00  dt = 0.5000E+00  final t = 0.868000E+03
 AMRCLAW: level  1  CFL = .236E+00  dt = 0.5000E+00  final t = 0.868500E+03
 AMRCLAW: level  1  CFL = .232E+00  dt = 0.5000E+00  final t = 0.869000E+03
 AMRCLAW: level  1  CFL = .237E+00  dt = 0.5000E+00  final t = 0.869500E+03
 AMRCLAW: level  1  CFL = .234E+00  dt = 0.5000E+00  final t = 0.870000E+03
GEOCLAW: Frame   29 output files done at time t =  0.870000D+03

 AMRCLAW: level  1  CFL = .229E+00  dt = 0.5000E+00  final t = 0.870500E+03
 AMRCLAW: level  1  CFL = .233E+00  dt = 0.5000E+00  final t = 0.871000E+03
 AMRCLAW: level  1  CFL = .237E+00  dt = 0.5000E+00  final t = 0.871500E+03
 AMRCLAW: level  1  CFL = .232E+00  dt = 0.5000E+00  final t = 0.872000E+03
 AMRCLAW: level  1  CFL = .234E+00  dt = 0.5000E+00  final t = 0.872500E+03
 AMRCLAW: level  1  CFL = .236E+00  dt = 0.5000E+00  final t = 0.873000E+03
 AMRCLAW: level  1  CFL = .239E+00  dt = 0.5000E+00  final t = 0.873500E+03
 AMRCLAW: level  1  CFL = .241E+00  dt = 0.5000E+00  final t = 0.874000E+03
 AMRCLAW: level  1  CFL = .244E+00  dt = 0.5000E+00  final t = 0.874500E+03
 AMRCLAW: level  1  CFL = .237E+00  dt = 0.5000E+00  final t = 0.875000E+03
 AMRCLAW: level  1  CFL = .239E+00  dt = 0.5000E+00  final t = 0.875500E+03
 AMRCLAW: level  1  CFL = .241E+00  dt = 0.5000E+00  final t = 0.876000E+03
 AMRCLAW: level  1  CFL = .244E+00  dt = 0.5000E+00  final t = 0.876500E+03
 AMRCLAW: level  1  CFL = .246E+00  dt = 0.5000E+00  final t = 0.877000E+03
 AMRCLAW: level  1  CFL = .240E+00  dt = 0.5000E+00  final t = 0.877500E+03
 AMRCLAW: level  1  CFL = .242E+00  dt = 0.5000E+00  final t = 0.878000E+03
 AMRCLAW: level  1  CFL = .244E+00  dt = 0.5000E+00  final t = 0.878500E+03
 AMRCLAW: level  1  CFL = .247E+00  dt = 0.5000E+00  final t = 0.879000E+03
 AMRCLAW: level  1  CFL = .244E+00  dt = 0.5000E+00  final t = 0.879500E+03
 AMRCLAW: level  1  CFL = .247E+00  dt = 0.5000E+00  final t = 0.880000E+03
 AMRCLAW: level  1  CFL = .251E+00  dt = 0.5000E+00  final t = 0.880500E+03
 AMRCLAW: level  1  CFL = .254E+00  dt = 0.5000E+00  final t = 0.881000E+03
 AMRCLAW: level  1  CFL = .254E+00  dt = 0.5000E+00  final t = 0.881500E+03
 AMRCLAW: level  1  CFL = .246E+00  dt = 0.5000E+00  final t = 0.882000E+03
 AMRCLAW: level  1  CFL = .239E+00  dt = 0.5000E+00  final t = 0.882500E+03
 AMRCLAW: level  1  CFL = .242E+00  dt = 0.5000E+00  final t = 0.883000E+03
 AMRCLAW: level  1  CFL = .245E+00  dt = 0.5000E+00  final t = 0.883500E+03
 AMRCLAW: level  1  CFL = .239E+00  dt = 0.5000E+00  final t = 0.884000E+03
 AMRCLAW: level  1  CFL = .242E+00  dt = 0.5000E+00  final t = 0.884500E+03
 AMRCLAW: level  1  CFL = .236E+00  dt = 0.5000E+00  final t = 0.885000E+03
 AMRCLAW: level  1  CFL = .239E+00  dt = 0.5000E+00  final t = 0.885500E+03
 AMRCLAW: level  1  CFL = .242E+00  dt = 0.5000E+00  final t = 0.886000E+03
 AMRCLAW: level  1  CFL = .246E+00  dt = 0.5000E+00  final t = 0.886500E+03
 AMRCLAW: level  1  CFL = .240E+00  dt = 0.5000E+00  final t = 0.887000E+03
 AMRCLAW: level  1  CFL = .243E+00  dt = 0.5000E+00  final t = 0.887500E+03
 AMRCLAW: level  1  CFL = .237E+00  dt = 0.5000E+00  final t = 0.888000E+03
 AMRCLAW: level  1  CFL = .241E+00  dt = 0.5000E+00  final t = 0.888500E+03
 AMRCLAW: level  1  CFL = .235E+00  dt = 0.5000E+00  final t = 0.889000E+03
 AMRCLAW: level  1  CFL = .239E+00  dt = 0.5000E+00  final t = 0.889500E+03
 AMRCLAW: level  1  CFL = .242E+00  dt = 0.5000E+00  final t = 0.890000E+03
 AMRCLAW: level  1  CFL = .237E+00  dt = 0.5000E+00  final t = 0.890500E+03
 AMRCLAW: level  1  CFL = .241E+00  dt = 0.5000E+00  final t = 0.891000E+03
 AMRCLAW: level  1  CFL = .235E+00  dt = 0.5000E+00  final t = 0.891500E+03
 AMRCLAW: level  1  CFL = .238E+00  dt = 0.5000E+00  final t = 0.892000E+03
 AMRCLAW: level  1  CFL = .242E+00  dt = 0.5000E+00  final t = 0.892500E+03
 AMRCLAW: level  1  CFL = .237E+00  dt = 0.5000E+00  final t = 0.893000E+03
 AMRCLAW: level  1  CFL = .241E+00  dt = 0.5000E+00  final t = 0.893500E+03
 AMRCLAW: level  1  CFL = .235E+00  dt = 0.5000E+00  final t = 0.894000E+03
 AMRCLAW: level  1  CFL = .239E+00  dt = 0.5000E+00  final t = 0.894500E+03
 AMRCLAW: level  1  CFL = .234E+00  dt = 0.5000E+00  final t = 0.895000E+03
 AMRCLAW: level  1  CFL = .237E+00  dt = 0.5000E+00  final t = 0.895500E+03
 AMRCLAW: level  1  CFL = .241E+00  dt = 0.5000E+00  final t = 0.896000E+03
 AMRCLAW: level  1  CFL = .236E+00  dt = 0.5000E+00  final t = 0.896500E+03
 AMRCLAW: level  1  CFL = .240E+00  dt = 0.5000E+00  final t = 0.897000E+03
 AMRCLAW: level  1  CFL = .235E+00  dt = 0.5000E+00  final t = 0.897500E+03
 AMRCLAW: level  1  CFL = .238E+00  dt = 0.5000E+00  final t = 0.898000E+03
 AMRCLAW: level  1  CFL = .234E+00  dt = 0.5000E+00  final t = 0.898500E+03
 AMRCLAW: level  1  CFL = .237E+00  dt = 0.5000E+00  final t = 0.899000E+03
 AMRCLAW: level  1  CFL = .241E+00  dt = 0.5000E+00  final t = 0.899500E+03
 AMRCLAW: level  1  CFL = .236E+00  dt = 0.5000E+00  final t = 0.900000E+03
GEOCLAW: Frame   30 output files done at time t =  0.900000D+03

 Done integrating to time    900.00000000000000     
 Writing to file fgmax0001.txt                 
See fort.amr for more info on this run and memory usage

============================== Timing Data ==============================

Integration Time (stepgrid + BC + overhead)
Level           Wall Time (seconds)    CPU Time (seconds)   Total Cell Updates
  1                    72.636                257.494            0.816E+08
total                  72.636                257.494            0.816E+08

All levels:
stepgrid               72.387                256.679    
BC/ghost cells          0.241                  0.801
Regridding              0.000                  0.000  
Output (valout)         8.856                 11.786  

Total time:            81.968                270.421  
Using 12 thread(s)

Note: The CPU times are summed over all threads.
      Total time includes more than the subroutines listed above
Note: timings are also recorded for each output step
      in the file timing.csv.

=========================================================================

 maximum Courant number seen =    0.45612
