Reading data file: claw.data
         first 5 lines are comments and will be skipped
Reading data file: amr.data
         first 5 lines are comments and will be skipped
  
 Running amrclaw ...  
  
Reading data file: geoclaw.data
         first 5 lines are comments and will be skipped
Reading data file: refinement.data
         first 5 lines are comments and will be skipped
Reading data file: dtopo.data
         first 5 lines are comments and will be skipped
Reading data file: topo.data
         first 5 lines are comments and will be skipped
 *** in file: /root/autodl-tmp/Debris-flow-jilong-final/sim/dclaw/jilong_published_route_rebase/published_route_domain_64m.tt3
     Shifting xllcorner by 0.5*dx to cell center
 *** in file: /root/autodl-tmp/Debris-flow-jilong-final/sim/dclaw/jilong_published_route_rebase/published_route_domain_64m.tt3
     Shifting yllcorner by 0.5*dy to cell center
  
 Reading topography file  /root/autodl-tmp/Debris-flow-jilong-final/sim/dclaw/jilong_published_route_rebase/published_route_domain_64m.tt3                                      
 **** WARNING
 **** topo arrays do not quite cover domain
 **** area of overlap =    179568640.00000000     
 **** area of domain  =    181350400.00000000     
 **** error is less than 1% so proceeding...
Reading data file: auxinit_dclaw.data       
         first 5 lines are comments and will be skipped
  
 Reading auxinit file  /root/autodl-tmp/Debris-flow-jilong-final/sim/dclaw/jilong_published_route_rebase/entrainment/erodible_thickness_fullroute_8m.tt3                     
Reading data file: fgout_grids.data
         first 5 lines are comments and will be skipped
Reading data file: regions.data
         first 5 lines are comments and will be skipped
Reading data file: flagregions.data
         first 5 lines are comments and will be skipped
Reading data file: gauges.data
         first 5 lines are comments and will be skipped
Reading data file: fgmax_grids.data
         first 5 lines are comments and will be skipped
 +++ fgbb:    338894.00000000000        356430.00000000000        3127228.0000000000        3137468.0000000000     
 +++ fgll:    338894.00000000000        3127228.0000000000              275         161
 +++ fg%x(npts), fg%y(1):    356430.00000000000        3127228.0000000000     
Reading data file: dclaw.data               
         first 5 lines are comments and will be skipped
Reading data file: pinit_dclaw.data         
         first 5 lines are comments and will be skipped
Reading data file: qinit_dclaw.data         
         first 5 lines are comments and will be skipped
Reading data file: flowgrades.data          
         first 5 lines are comments and will be skipped
 rnode allocated...
 node allocated...
 listOfGrids allocated...
 Storage allocated...
 bndList allocated...
Gridding level   1 at t =  0.000000E+00:     1 grids with       44275 cells
  max threads set to           12
  
 Done reading data, starting computation ...  
  
 Total mass at initial time:    0.0000000000000000     
GEOCLAW: Frame    0 output files done at time t =  0.000000D+00

 AMRCLAW: level  1  CFL = .000E+00  dt = 0.5000E-01  final t = 0.500000E-01
 AMRCLAW: level  1  CFL = .000E+00  dt = 0.5000E+00  final t = 0.550000E+00
 AMRCLAW: level  1  CFL = .161E-01  dt = 0.5000E+00  final t = 0.105000E+01
 AMRCLAW: level  1  CFL = .382E-01  dt = 0.5000E+00  final t = 0.155000E+01
 AMRCLAW: level  1  CFL = .535E-01  dt = 0.5000E+00  final t = 0.205000E+01
 AMRCLAW: level  1  CFL = .741E-01  dt = 0.5000E+00  final t = 0.255000E+01
 AMRCLAW: level  1  CFL = .939E-01  dt = 0.5000E+00  final t = 0.305000E+01
 AMRCLAW: level  1  CFL = .113E+00  dt = 0.5000E+00  final t = 0.355000E+01
 AMRCLAW: level  1  CFL = .131E+00  dt = 0.5000E+00  final t = 0.405000E+01
 AMRCLAW: level  1  CFL = .147E+00  dt = 0.5000E+00  final t = 0.455000E+01
 AMRCLAW: level  1  CFL = .163E+00  dt = 0.5000E+00  final t = 0.505000E+01
 AMRCLAW: level  1  CFL = .178E+00  dt = 0.5000E+00  final t = 0.555000E+01
 AMRCLAW: level  1  CFL = .192E+00  dt = 0.5000E+00  final t = 0.605000E+01
 AMRCLAW: level  1  CFL = .204E+00  dt = 0.5000E+00  final t = 0.655000E+01
 AMRCLAW: level  1  CFL = .217E+00  dt = 0.5000E+00  final t = 0.705000E+01
 AMRCLAW: level  1  CFL = .227E+00  dt = 0.5000E+00  final t = 0.755000E+01
 AMRCLAW: level  1  CFL = .242E+00  dt = 0.5000E+00  final t = 0.805000E+01
 AMRCLAW: level  1  CFL = .258E+00  dt = 0.5000E+00  final t = 0.855000E+01
 AMRCLAW: level  1  CFL = .273E+00  dt = 0.5000E+00  final t = 0.905000E+01
 AMRCLAW: level  1  CFL = .287E+00  dt = 0.5000E+00  final t = 0.955000E+01
 AMRCLAW: level  1  CFL = .300E+00  dt = 0.5000E+00  final t = 0.100500E+02
 AMRCLAW: level  1  CFL = .314E+00  dt = 0.5000E+00  final t = 0.105500E+02
 AMRCLAW: level  1  CFL = .327E+00  dt = 0.5000E+00  final t = 0.110500E+02
 AMRCLAW: level  1  CFL = .339E+00  dt = 0.5000E+00  final t = 0.115500E+02
 AMRCLAW: level  1  CFL = .350E+00  dt = 0.5000E+00  final t = 0.120500E+02
 AMRCLAW: level  1  CFL = .360E+00  dt = 0.5000E+00  final t = 0.125500E+02
 AMRCLAW: level  1  CFL = .371E+00  dt = 0.5000E+00  final t = 0.130500E+02
 AMRCLAW: level  1  CFL = .383E+00  dt = 0.5000E+00  final t = 0.135500E+02
 AMRCLAW: level  1  CFL = .393E+00  dt = 0.5000E+00  final t = 0.140500E+02
 AMRCLAW: level  1  CFL = .403E+00  dt = 0.5000E+00  final t = 0.145500E+02
 AMRCLAW: level  1  CFL = .412E+00  dt = 0.5000E+00  final t = 0.150500E+02
 AMRCLAW: level  1  CFL = .419E+00  dt = 0.5000E+00  final t = 0.155500E+02
 AMRCLAW: level  1  CFL = .427E+00  dt = 0.5000E+00  final t = 0.160500E+02
 AMRCLAW: level  1  CFL = .433E+00  dt = 0.5000E+00  final t = 0.165500E+02
 AMRCLAW: level  1  CFL = .439E+00  dt = 0.5000E+00  final t = 0.170500E+02
 AMRCLAW: level  1  CFL = .444E+00  dt = 0.5000E+00  final t = 0.175500E+02
 AMRCLAW: level  1  CFL = .447E+00  dt = 0.5000E+00  final t = 0.180500E+02
 AMRCLAW: level  1  CFL = .449E+00  dt = 0.5000E+00  final t = 0.185500E+02
 AMRCLAW: level  1  CFL = .450E+00  dt = 0.5000E+00  final t = 0.190500E+02
 AMRCLAW: level  1  CFL = .451E+00  dt = 0.5000E+00  final t = 0.195500E+02
 AMRCLAW: level  1  CFL = .451E+00  dt = 0.4986E+00  final t = 0.200486E+02
 AMRCLAW: level  1  CFL = .451E+00  dt = 0.4973E+00  final t = 0.205459E+02
 AMRCLAW: level  1  CFL = .451E+00  dt = 0.4959E+00  final t = 0.210418E+02
 AMRCLAW: level  1  CFL = .451E+00  dt = 0.4945E+00  final t = 0.215363E+02
 AMRCLAW: level  1  CFL = .451E+00  dt = 0.4932E+00  final t = 0.220294E+02
 AMRCLAW: level  1  CFL = .452E+00  dt = 0.4919E+00  final t = 0.225213E+02
 AMRCLAW: level  1  CFL = .452E+00  dt = 0.4894E+00  final t = 0.230107E+02
 AMRCLAW: level  1  CFL = .452E+00  dt = 0.4868E+00  final t = 0.234974E+02
 AMRCLAW: level  1  CFL = .451E+00  dt = 0.4844E+00  final t = 0.239818E+02
 AMRCLAW: level  1  CFL = .451E+00  dt = 0.4830E+00  final t = 0.244648E+02
 AMRCLAW: level  1  CFL = .451E+00  dt = 0.4822E+00  final t = 0.249471E+02
 AMRCLAW: level  1  CFL = .451E+00  dt = 0.4814E+00  final t = 0.254285E+02
 AMRCLAW: level  1  CFL = .451E+00  dt = 0.4806E+00  final t = 0.259091E+02
 AMRCLAW: level  1  CFL = .451E+00  dt = 0.4798E+00  final t = 0.263889E+02
 AMRCLAW: level  1  CFL = .451E+00  dt = 0.4791E+00  final t = 0.268680E+02
 AMRCLAW: level  1  CFL = .451E+00  dt = 0.4783E+00  final t = 0.273463E+02
 AMRCLAW: level  1  CFL = .451E+00  dt = 0.4776E+00  final t = 0.278239E+02
 AMRCLAW: level  1  CFL = .451E+00  dt = 0.4769E+00  final t = 0.283008E+02
 AMRCLAW: level  1  CFL = .451E+00  dt = 0.4762E+00  final t = 0.287770E+02
 AMRCLAW: level  1  CFL = .451E+00  dt = 0.4756E+00  final t = 0.292526E+02
 AMRCLAW: level  1  CFL = .451E+00  dt = 0.4749E+00  final t = 0.297275E+02
 AMRCLAW: level  1  CFL = .259E+00  dt = 0.2725E+00  final t = 0.300000E+02
GEOCLAW: Frame    1 output files done at time t =  0.300000D+02

 AMRCLAW: level  1  CFL = .450E+00  dt = 0.4737E+00  final t = 0.304737E+02
 AMRCLAW: level  1  CFL = .451E+00  dt = 0.4734E+00  final t = 0.309471E+02
 AMRCLAW: level  1  CFL = .451E+00  dt = 0.4728E+00  final t = 0.314199E+02
 AMRCLAW: level  1  CFL = .451E+00  dt = 0.4723E+00  final t = 0.318922E+02
 AMRCLAW: level  1  CFL = .450E+00  dt = 0.4717E+00  final t = 0.323639E+02
 AMRCLAW: level  1  CFL = .450E+00  dt = 0.4712E+00  final t = 0.328351E+02
 AMRCLAW: level  1  CFL = .450E+00  dt = 0.4707E+00  final t = 0.333058E+02
 AMRCLAW: level  1  CFL = .450E+00  dt = 0.4702E+00  final t = 0.337760E+02
 AMRCLAW: level  1  CFL = .450E+00  dt = 0.4698E+00  final t = 0.342457E+02
 AMRCLAW: level  1  CFL = .450E+00  dt = 0.4693E+00  final t = 0.347150E+02
 AMRCLAW: level  1  CFL = .450E+00  dt = 0.4689E+00  final t = 0.351839E+02
 AMRCLAW: level  1  CFL = .450E+00  dt = 0.4684E+00  final t = 0.356523E+02
 AMRCLAW: level  1  CFL = .450E+00  dt = 0.4680E+00  final t = 0.361203E+02
 AMRCLAW: level  1  CFL = .450E+00  dt = 0.4676E+00  final t = 0.365879E+02
 AMRCLAW: level  1  CFL = .450E+00  dt = 0.4671E+00  final t = 0.370550E+02
 AMRCLAW: level  1  CFL = .450E+00  dt = 0.4667E+00  final t = 0.375218E+02
 AMRCLAW: level  1  CFL = .450E+00  dt = 0.4663E+00  final t = 0.379881E+02
 AMRCLAW: level  1  CFL = .450E+00  dt = 0.4660E+00  final t = 0.384541E+02
 AMRCLAW: level  1  CFL = .450E+00  dt = 0.4656E+00  final t = 0.389196E+02
 AMRCLAW: level  1  CFL = .450E+00  dt = 0.4652E+00  final t = 0.393849E+02
 AMRCLAW: level  1  CFL = .450E+00  dt = 0.4649E+00  final t = 0.398497E+02
 AMRCLAW: level  1  CFL = .450E+00  dt = 0.4645E+00  final t = 0.403142E+02
 AMRCLAW: level  1  CFL = .450E+00  dt = 0.4642E+00  final t = 0.407784E+02
 AMRCLAW: level  1  CFL = .450E+00  dt = 0.4639E+00  final t = 0.412423E+02
 AMRCLAW: level  1  CFL = .450E+00  dt = 0.4636E+00  final t = 0.417059E+02
 AMRCLAW: level  1  CFL = .450E+00  dt = 0.4633E+00  final t = 0.421692E+02
 AMRCLAW: level  1  CFL = .450E+00  dt = 0.4630E+00  final t = 0.426323E+02
 AMRCLAW: level  1  CFL = .450E+00  dt = 0.4628E+00  final t = 0.430950E+02
 AMRCLAW: level  1  CFL = .450E+00  dt = 0.4625E+00  final t = 0.435576E+02
 AMRCLAW: level  1  CFL = .450E+00  dt = 0.4623E+00  final t = 0.440199E+02
 AMRCLAW: level  1  CFL = .450E+00  dt = 0.4621E+00  final t = 0.444820E+02
 AMRCLAW: level  1  CFL = .450E+00  dt = 0.4619E+00  final t = 0.449439E+02
 AMRCLAW: level  1  CFL = .450E+00  dt = 0.4617E+00  final t = 0.454057E+02
 AMRCLAW: level  1  CFL = .450E+00  dt = 0.4616E+00  final t = 0.458672E+02
 AMRCLAW: level  1  CFL = .450E+00  dt = 0.4614E+00  final t = 0.463287E+02
 AMRCLAW: level  1  CFL = .450E+00  dt = 0.4613E+00  final t = 0.467899E+02
 AMRCLAW: level  1  CFL = .450E+00  dt = 0.4612E+00  final t = 0.472511E+02
 AMRCLAW: level  1  CFL = .450E+00  dt = 0.4611E+00  final t = 0.477121E+02
 AMRCLAW: level  1  CFL = .450E+00  dt = 0.4610E+00  final t = 0.481731E+02
 AMRCLAW: level  1  CFL = .450E+00  dt = 0.4609E+00  final t = 0.486340E+02
 AMRCLAW: level  1  CFL = .450E+00  dt = 0.4608E+00  final t = 0.490948E+02
 AMRCLAW: level  1  CFL = .450E+00  dt = 0.4607E+00  final t = 0.495555E+02
 AMRCLAW: level  1  CFL = .450E+00  dt = 0.4607E+00  final t = 0.500162E+02
 AMRCLAW: level  1  CFL = .450E+00  dt = 0.4607E+00  final t = 0.504769E+02
 AMRCLAW: level  1  CFL = .450E+00  dt = 0.4607E+00  final t = 0.509376E+02
 AMRCLAW: level  1  CFL = .450E+00  dt = 0.4607E+00  final t = 0.513983E+02
 AMRCLAW: level  1  CFL = .450E+00  dt = 0.4607E+00  final t = 0.518590E+02
 AMRCLAW: level  1  CFL = .450E+00  dt = 0.4608E+00  final t = 0.523198E+02
 AMRCLAW: level  1  CFL = .450E+00  dt = 0.4608E+00  final t = 0.527806E+02
 AMRCLAW: level  1  CFL = .450E+00  dt = 0.4609E+00  final t = 0.532415E+02
 AMRCLAW: level  1  CFL = .450E+00  dt = 0.4610E+00  final t = 0.537024E+02
 AMRCLAW: level  1  CFL = .450E+00  dt = 0.4610E+00  final t = 0.541635E+02
 AMRCLAW: level  1  CFL = .450E+00  dt = 0.4611E+00  final t = 0.546246E+02
 AMRCLAW: level  1  CFL = .450E+00  dt = 0.4612E+00  final t = 0.550859E+02
 AMRCLAW: level  1  CFL = .450E+00  dt = 0.4614E+00  final t = 0.555472E+02
 AMRCLAW: level  1  CFL = .450E+00  dt = 0.4613E+00  final t = 0.560085E+02
 AMRCLAW: level  1  CFL = .450E+00  dt = 0.4616E+00  final t = 0.564702E+02
 AMRCLAW: level  1  CFL = .449E+00  dt = 0.4614E+00  final t = 0.569316E+02
 AMRCLAW: level  1  CFL = .450E+00  dt = 0.4620E+00  final t = 0.573935E+02
 AMRCLAW: level  1  CFL = .450E+00  dt = 0.4621E+00  final t = 0.578557E+02
 AMRCLAW: level  1  CFL = .449E+00  dt = 0.4619E+00  final t = 0.583176E+02
 AMRCLAW: level  1  CFL = .451E+00  dt = 0.4625E+00  final t = 0.587801E+02
 AMRCLAW: level  1  CFL = .449E+00  dt = 0.4619E+00  final t = 0.592421E+02
 AMRCLAW: level  1  CFL = .450E+00  dt = 0.4629E+00  final t = 0.597049E+02
 AMRCLAW: level  1  CFL = .287E+00  dt = 0.2951E+00  final t = 0.600000E+02
GEOCLAW: Frame    2 output files done at time t =  0.600000D+02

 AMRCLAW: level  1  CFL = .449E+00  dt = 0.4625E+00  final t = 0.604625E+02
 AMRCLAW: level  1  CFL = .449E+00  dt = 0.4631E+00  final t = 0.609256E+02
 AMRCLAW: level  1  CFL = .450E+00  dt = 0.4638E+00  final t = 0.613894E+02
 AMRCLAW: level  1  CFL = .451E+00  dt = 0.4642E+00  final t = 0.618536E+02
 AMRCLAW: level  1  CFL = .449E+00  dt = 0.4632E+00  final t = 0.623168E+02
 AMRCLAW: level  1  CFL = .449E+00  dt = 0.4641E+00  final t = 0.627810E+02
 AMRCLAW: level  1  CFL = .450E+00  dt = 0.4647E+00  final t = 0.632457E+02
 AMRCLAW: level  1  CFL = .450E+00  dt = 0.4652E+00  final t = 0.637108E+02
 AMRCLAW: level  1  CFL = .451E+00  dt = 0.4655E+00  final t = 0.641763E+02
 AMRCLAW: level  1  CFL = .449E+00  dt = 0.4645E+00  final t = 0.646408E+02
 AMRCLAW: level  1  CFL = .449E+00  dt = 0.4654E+00  final t = 0.651062E+02
 AMRCLAW: level  1  CFL = .449E+00  dt = 0.4661E+00  final t = 0.655723E+02
 AMRCLAW: level  1  CFL = .450E+00  dt = 0.4666E+00  final t = 0.660389E+02
 AMRCLAW: level  1  CFL = .450E+00  dt = 0.4671E+00  final t = 0.665060E+02
 AMRCLAW: level  1  CFL = .450E+00  dt = 0.4675E+00  final t = 0.669735E+02
 AMRCLAW: level  1  CFL = .450E+00  dt = 0.4679E+00  final t = 0.674415E+02
 AMRCLAW: level  1  CFL = .450E+00  dt = 0.4684E+00  final t = 0.679098E+02
 AMRCLAW: level  1  CFL = .450E+00  dt = 0.4688E+00  final t = 0.683786E+02
 AMRCLAW: level  1  CFL = .450E+00  dt = 0.4692E+00  final t = 0.688478E+02
 AMRCLAW: level  1  CFL = .450E+00  dt = 0.4697E+00  final t = 0.693175E+02
 AMRCLAW: level  1  CFL = .450E+00  dt = 0.4701E+00  final t = 0.697876E+02
 AMRCLAW: level  1  CFL = .450E+00  dt = 0.4706E+00  final t = 0.702582E+02
 AMRCLAW: level  1  CFL = .450E+00  dt = 0.4711E+00  final t = 0.707293E+02
 AMRCLAW: level  1  CFL = .450E+00  dt = 0.4716E+00  final t = 0.712008E+02
 AMRCLAW: level  1  CFL = .450E+00  dt = 0.4721E+00  final t = 0.716729E+02
 AMRCLAW: level  1  CFL = .450E+00  dt = 0.4726E+00  final t = 0.721455E+02
 AMRCLAW: level  1  CFL = .449E+00  dt = 0.4731E+00  final t = 0.726185E+02
 AMRCLAW: level  1  CFL = .449E+00  dt = 0.4736E+00  final t = 0.730922E+02
 AMRCLAW: level  1  CFL = .449E+00  dt = 0.4742E+00  final t = 0.735663E+02
 AMRCLAW: level  1  CFL = .449E+00  dt = 0.4747E+00  final t = 0.740411E+02
 AMRCLAW: level  1  CFL = .449E+00  dt = 0.4753E+00  final t = 0.745164E+02
 AMRCLAW: level  1  CFL = .450E+00  dt = 0.4759E+00  final t = 0.749923E+02
 AMRCLAW: level  1  CFL = .449E+00  dt = 0.4761E+00  final t = 0.754684E+02
 AMRCLAW: level  1  CFL = .450E+00  dt = 0.4770E+00  final t = 0.759454E+02
 AMRCLAW: level  1  CFL = .449E+00  dt = 0.4774E+00  final t = 0.764227E+02
 AMRCLAW: level  1  CFL = .450E+00  dt = 0.4782E+00  final t = 0.769010E+02
 AMRCLAW: level  1  CFL = .449E+00  dt = 0.4786E+00  final t = 0.773796E+02
 AMRCLAW: level  1  CFL = .449E+00  dt = 0.4792E+00  final t = 0.778588E+02
 AMRCLAW: level  1  CFL = .449E+00  dt = 0.4799E+00  final t = 0.783387E+02
 AMRCLAW: level  1  CFL = .449E+00  dt = 0.4806E+00  final t = 0.788193E+02
 AMRCLAW: level  1  CFL = .449E+00  dt = 0.4813E+00  final t = 0.793006E+02
 AMRCLAW: level  1  CFL = .449E+00  dt = 0.4821E+00  final t = 0.797827E+02
 AMRCLAW: level  1  CFL = .449E+00  dt = 0.4829E+00  final t = 0.802655E+02
 AMRCLAW: level  1  CFL = .449E+00  dt = 0.4837E+00  final t = 0.807492E+02
 AMRCLAW: level  1  CFL = .449E+00  dt = 0.4845E+00  final t = 0.812337E+02
 AMRCLAW: level  1  CFL = .449E+00  dt = 0.4853E+00  final t = 0.817190E+02
 AMRCLAW: level  1  CFL = .449E+00  dt = 0.4862E+00  final t = 0.822052E+02
 AMRCLAW: level  1  CFL = .449E+00  dt = 0.4871E+00  final t = 0.826924E+02
 AMRCLAW: level  1  CFL = .451E+00  dt = 0.4881E+00  final t = 0.831805E+02
 AMRCLAW: level  1  CFL = .452E+00  dt = 0.4871E+00  final t = 0.836676E+02
 AMRCLAW: level  1  CFL = .452E+00  dt = 0.4852E+00  final t = 0.841528E+02
 AMRCLAW: level  1  CFL = .451E+00  dt = 0.4835E+00  final t = 0.846364E+02
 AMRCLAW: level  1  CFL = .451E+00  dt = 0.4824E+00  final t = 0.851188E+02
 AMRCLAW: level  1  CFL = .451E+00  dt = 0.4815E+00  final t = 0.856003E+02
 AMRCLAW: level  1  CFL = .451E+00  dt = 0.4806E+00  final t = 0.860809E+02
 AMRCLAW: level  1  CFL = .451E+00  dt = 0.4796E+00  final t = 0.865605E+02
 AMRCLAW: level  1  CFL = .451E+00  dt = 0.4786E+00  final t = 0.870391E+02
 AMRCLAW: level  1  CFL = .451E+00  dt = 0.4775E+00  final t = 0.875166E+02
 AMRCLAW: level  1  CFL = .451E+00  dt = 0.4763E+00  final t = 0.879929E+02
 AMRCLAW: level  1  CFL = .451E+00  dt = 0.4752E+00  final t = 0.884681E+02
 AMRCLAW: level  1  CFL = .451E+00  dt = 0.4740E+00  final t = 0.889421E+02
 AMRCLAW: level  1  CFL = .451E+00  dt = 0.4730E+00  final t = 0.894151E+02
 AMRCLAW: level  1  CFL = .451E+00  dt = 0.4719E+00  final t = 0.898870E+02
 AMRCLAW: level  1  CFL = .108E+00  dt = 0.1130E+00  final t = 0.900000E+02
GEOCLAW: Frame    3 output files done at time t =  0.900000D+02

 AMRCLAW: level  1  CFL = .450E+00  dt = 0.4702E+00  final t = 0.904702E+02
 AMRCLAW: level  1  CFL = .451E+00  dt = 0.4700E+00  final t = 0.909401E+02
 AMRCLAW: level  1  CFL = .451E+00  dt = 0.4693E+00  final t = 0.914094E+02
 AMRCLAW: level  1  CFL = .450E+00  dt = 0.4687E+00  final t = 0.918781E+02
 AMRCLAW: level  1  CFL = .450E+00  dt = 0.4684E+00  final t = 0.923465E+02
 AMRCLAW: level  1  CFL = .450E+00  dt = 0.4682E+00  final t = 0.928147E+02
 AMRCLAW: level  1  CFL = .450E+00  dt = 0.4682E+00  final t = 0.932828E+02
 AMRCLAW: level  1  CFL = .450E+00  dt = 0.4683E+00  final t = 0.937511E+02
 AMRCLAW: level  1  CFL = .450E+00  dt = 0.4685E+00  final t = 0.942196E+02
 AMRCLAW: level  1  CFL = .450E+00  dt = 0.4687E+00  final t = 0.946883E+02
 AMRCLAW: level  1  CFL = .450E+00  dt = 0.4689E+00  final t = 0.951572E+02
 AMRCLAW: level  1  CFL = .450E+00  dt = 0.4693E+00  final t = 0.956264E+02
 AMRCLAW: level  1  CFL = .450E+00  dt = 0.4697E+00  final t = 0.960961E+02
 AMRCLAW: level  1  CFL = .451E+00  dt = 0.4701E+00  final t = 0.965662E+02
 AMRCLAW: level  1  CFL = .451E+00  dt = 0.4693E+00  final t = 0.970356E+02
 AMRCLAW: level  1  CFL = .450E+00  dt = 0.4687E+00  final t = 0.975043E+02
 AMRCLAW: level  1  CFL = .451E+00  dt = 0.4682E+00  final t = 0.979725E+02
 AMRCLAW: level  1  CFL = .451E+00  dt = 0.4677E+00  final t = 0.984402E+02
 AMRCLAW: level  1  CFL = .451E+00  dt = 0.4671E+00  final t = 0.989074E+02
 AMRCLAW: level  1  CFL = .451E+00  dt = 0.4665E+00  final t = 0.993739E+02
 AMRCLAW: level  1  CFL = .451E+00  dt = 0.4659E+00  final t = 0.998398E+02
 AMRCLAW: level  1  CFL = .450E+00  dt = 0.4652E+00  final t = 0.100305E+03
 AMRCLAW: level  1  CFL = .451E+00  dt = 0.4654E+00  final t = 0.100770E+03
 AMRCLAW: level  1  CFL = .450E+00  dt = 0.4643E+00  final t = 0.101235E+03
 AMRCLAW: level  1  CFL = .451E+00  dt = 0.4643E+00  final t = 0.101699E+03
 AMRCLAW: level  1  CFL = .450E+00  dt = 0.4632E+00  final t = 0.102162E+03
 AMRCLAW: level  1  CFL = .450E+00  dt = 0.4632E+00  final t = 0.102625E+03
 AMRCLAW: level  1  CFL = .450E+00  dt = 0.4629E+00  final t = 0.103088E+03
 AMRCLAW: level  1  CFL = .450E+00  dt = 0.4625E+00  final t = 0.103551E+03
 AMRCLAW: level  1  CFL = .450E+00  dt = 0.4621E+00  final t = 0.104013E+03
 AMRCLAW: level  1  CFL = .450E+00  dt = 0.4617E+00  final t = 0.104475E+03
 AMRCLAW: level  1  CFL = .450E+00  dt = 0.4614E+00  final t = 0.104936E+03
 AMRCLAW: level  1  CFL = .450E+00  dt = 0.4612E+00  final t = 0.105397E+03
 AMRCLAW: level  1  CFL = .450E+00  dt = 0.4610E+00  final t = 0.105858E+03
 AMRCLAW: level  1  CFL = .450E+00  dt = 0.4608E+00  final t = 0.106319E+03
 AMRCLAW: level  1  CFL = .450E+00  dt = 0.4607E+00  final t = 0.106780E+03
 AMRCLAW: level  1  CFL = .450E+00  dt = 0.4606E+00  final t = 0.107240E+03
 AMRCLAW: level  1  CFL = .450E+00  dt = 0.4605E+00  final t = 0.107701E+03
 AMRCLAW: level  1  CFL = .450E+00  dt = 0.4605E+00  final t = 0.108161E+03
 AMRCLAW: level  1  CFL = .450E+00  dt = 0.4605E+00  final t = 0.108622E+03
 AMRCLAW: level  1  CFL = .450E+00  dt = 0.4605E+00  final t = 0.109082E+03
 AMRCLAW: level  1  CFL = .450E+00  dt = 0.4606E+00  final t = 0.109543E+03
 AMRCLAW: level  1  CFL = .450E+00  dt = 0.4608E+00  final t = 0.110004E+03
 AMRCLAW: level  1  CFL = .450E+00  dt = 0.4612E+00  final t = 0.110465E+03
 AMRCLAW: level  1  CFL = .450E+00  dt = 0.4616E+00  final t = 0.110927E+03
 AMRCLAW: level  1  CFL = .450E+00  dt = 0.4620E+00  final t = 0.111389E+03
 AMRCLAW: level  1  CFL = .450E+00  dt = 0.4625E+00  final t = 0.111851E+03
 AMRCLAW: level  1  CFL = .450E+00  dt = 0.4629E+00  final t = 0.112314E+03
 AMRCLAW: level  1  CFL = .450E+00  dt = 0.4632E+00  final t = 0.112777E+03
 AMRCLAW: level  1  CFL = .449E+00  dt = 0.4637E+00  final t = 0.113241E+03
 AMRCLAW: level  1  CFL = .449E+00  dt = 0.4643E+00  final t = 0.113705E+03
 AMRCLAW: level  1  CFL = .449E+00  dt = 0.4650E+00  final t = 0.114170E+03
 AMRCLAW: level  1  CFL = .449E+00  dt = 0.4656E+00  final t = 0.114636E+03
 AMRCLAW: level  1  CFL = .449E+00  dt = 0.4663E+00  final t = 0.115102E+03
 AMRCLAW: level  1  CFL = .449E+00  dt = 0.4670E+00  final t = 0.115569E+03
 AMRCLAW: level  1  CFL = .449E+00  dt = 0.4677E+00  final t = 0.116037E+03
 AMRCLAW: level  1  CFL = .449E+00  dt = 0.4686E+00  final t = 0.116505E+03
 AMRCLAW: level  1  CFL = .449E+00  dt = 0.4695E+00  final t = 0.116975E+03
 AMRCLAW: level  1  CFL = .449E+00  dt = 0.4702E+00  final t = 0.117445E+03
 AMRCLAW: level  1  CFL = .449E+00  dt = 0.4710E+00  final t = 0.117916E+03
 AMRCLAW: level  1  CFL = .449E+00  dt = 0.4720E+00  final t = 0.118388E+03
 AMRCLAW: level  1  CFL = .449E+00  dt = 0.4731E+00  final t = 0.118861E+03
 AMRCLAW: level  1  CFL = .449E+00  dt = 0.4739E+00  final t = 0.119335E+03
 AMRCLAW: level  1  CFL = .450E+00  dt = 0.4744E+00  final t = 0.119809E+03
 AMRCLAW: level  1  CFL = .180E+00  dt = 0.1905E+00  final t = 0.120000E+03
GEOCLAW: Frame    4 output files done at time t =  0.120000D+03

 AMRCLAW: level  1  CFL = .450E+00  dt = 0.4752E+00  final t = 0.120475E+03
 AMRCLAW: level  1  CFL = .451E+00  dt = 0.4750E+00  final t = 0.120950E+03
 AMRCLAW: level  1  CFL = .451E+00  dt = 0.4741E+00  final t = 0.121424E+03
 AMRCLAW: level  1  CFL = .450E+00  dt = 0.4732E+00  final t = 0.121897E+03
 AMRCLAW: level  1  CFL = .450E+00  dt = 0.4732E+00  final t = 0.122371E+03
 AMRCLAW: level  1  CFL = .450E+00  dt = 0.4728E+00  final t = 0.122843E+03
 AMRCLAW: level  1  CFL = .450E+00  dt = 0.4730E+00  final t = 0.123316E+03
 AMRCLAW: level  1  CFL = .450E+00  dt = 0.4729E+00  final t = 0.123789E+03
 AMRCLAW: level  1  CFL = .449E+00  dt = 0.4733E+00  final t = 0.124263E+03
 AMRCLAW: level  1  CFL = .450E+00  dt = 0.4739E+00  final t = 0.124737E+03
 AMRCLAW: level  1  CFL = .449E+00  dt = 0.4735E+00  final t = 0.125210E+03
 AMRCLAW: level  1  CFL = .450E+00  dt = 0.4744E+00  final t = 0.125685E+03
 AMRCLAW: level  1  CFL = .450E+00  dt = 0.4744E+00  final t = 0.126159E+03
 AMRCLAW: level  1  CFL = .455E+00  dt = 0.4749E+00  final t = 0.126634E+03
 AMRCLAW: level  1  CFL = .456E+00  dt = 0.4692E+00  final t = 0.127103E+03
 AMRCLAW: level  1  CFL = .456E+00  dt = 0.4625E+00  final t = 0.127566E+03
 AMRCLAW: level  1  CFL = .454E+00  dt = 0.4568E+00  final t = 0.128022E+03
 AMRCLAW: level  1  CFL = .451E+00  dt = 0.4525E+00  final t = 0.128475E+03
 AMRCLAW: level  1  CFL = .450E+00  dt = 0.4513E+00  final t = 0.128926E+03
 AMRCLAW: level  1  CFL = .449E+00  dt = 0.4512E+00  final t = 0.129377E+03
 AMRCLAW: level  1  CFL = .449E+00  dt = 0.4517E+00  final t = 0.129829E+03
 AMRCLAW: level  1  CFL = .449E+00  dt = 0.4524E+00  final t = 0.130281E+03
 AMRCLAW: level  1  CFL = .449E+00  dt = 0.4532E+00  final t = 0.130735E+03
 AMRCLAW: level  1  CFL = .450E+00  dt = 0.4538E+00  final t = 0.131188E+03
 AMRCLAW: level  1  CFL = .452E+00  dt = 0.4543E+00  final t = 0.131643E+03
 AMRCLAW: level  1  CFL = .454E+00  dt = 0.4527E+00  final t = 0.132095E+03
 AMRCLAW: level  1  CFL = .454E+00  dt = 0.4492E+00  final t = 0.132544E+03
 AMRCLAW: level  1  CFL = .454E+00  dt = 0.4449E+00  final t = 0.132989E+03
 AMRCLAW: level  1  CFL = .453E+00  dt = 0.4413E+00  final t = 0.133431E+03
 AMRCLAW: level  1  CFL = .453E+00  dt = 0.4383E+00  final t = 0.133869E+03
 AMRCLAW: level  1  CFL = .452E+00  dt = 0.4354E+00  final t = 0.134304E+03
 AMRCLAW: level  1  CFL = .451E+00  dt = 0.4338E+00  final t = 0.134738E+03
 AMRCLAW: level  1  CFL = .450E+00  dt = 0.4332E+00  final t = 0.135171E+03
 AMRCLAW: level  1  CFL = .450E+00  dt = 0.4328E+00  final t = 0.135604E+03
 AMRCLAW: level  1  CFL = .450E+00  dt = 0.4326E+00  final t = 0.136037E+03
 AMRCLAW: level  1  CFL = .450E+00  dt = 0.4325E+00  final t = 0.136469E+03
 AMRCLAW: level  1  CFL = .450E+00  dt = 0.4325E+00  final t = 0.136902E+03
 AMRCLAW: level  1  CFL = .450E+00  dt = 0.4326E+00  final t = 0.137334E+03
 AMRCLAW: level  1  CFL = .450E+00  dt = 0.4326E+00  final t = 0.137767E+03
 AMRCLAW: level  1  CFL = .450E+00  dt = 0.4327E+00  final t = 0.138200E+03
 AMRCLAW: level  1  CFL = .450E+00  dt = 0.4326E+00  final t = 0.138632E+03
 AMRCLAW: level  1  CFL = .450E+00  dt = 0.4323E+00  final t = 0.139065E+03
 AMRCLAW: level  1  CFL = .450E+00  dt = 0.4319E+00  final t = 0.139497E+03
 AMRCLAW: level  1  CFL = .450E+00  dt = 0.4317E+00  final t = 0.139928E+03
 AMRCLAW: level  1  CFL = .450E+00  dt = 0.4314E+00  final t = 0.140360E+03
 AMRCLAW: level  1  CFL = .450E+00  dt = 0.4311E+00  final t = 0.140791E+03
 AMRCLAW: level  1  CFL = .450E+00  dt = 0.4309E+00  final t = 0.141222E+03
 AMRCLAW: level  1  CFL = .450E+00  dt = 0.4307E+00  final t = 0.141652E+03
 AMRCLAW: level  1  CFL = .450E+00  dt = 0.4306E+00  final t = 0.142083E+03
 AMRCLAW: level  1  CFL = .450E+00  dt = 0.4304E+00  final t = 0.142513E+03
 AMRCLAW: level  1  CFL = .450E+00  dt = 0.4303E+00  final t = 0.142944E+03
 AMRCLAW: level  1  CFL = .450E+00  dt = 0.4301E+00  final t = 0.143374E+03
 AMRCLAW: level  1  CFL = .450E+00  dt = 0.4300E+00  final t = 0.143804E+03
 AMRCLAW: level  1  CFL = .450E+00  dt = 0.4300E+00  final t = 0.144234E+03
 AMRCLAW: level  1  CFL = .450E+00  dt = 0.4301E+00  final t = 0.144664E+03
 AMRCLAW: level  1  CFL = .450E+00  dt = 0.4301E+00  final t = 0.145094E+03
 AMRCLAW: level  1  CFL = .450E+00  dt = 0.4301E+00  final t = 0.145524E+03
 AMRCLAW: level  1  CFL = .450E+00  dt = 0.4302E+00  final t = 0.145954E+03
 AMRCLAW: level  1  CFL = .450E+00  dt = 0.4302E+00  final t = 0.146385E+03
 AMRCLAW: level  1  CFL = .450E+00  dt = 0.4302E+00  final t = 0.146815E+03
 AMRCLAW: level  1  CFL = .450E+00  dt = 0.4303E+00  final t = 0.147245E+03
 AMRCLAW: level  1  CFL = .450E+00  dt = 0.4304E+00  final t = 0.147675E+03
 AMRCLAW: level  1  CFL = .450E+00  dt = 0.4304E+00  final t = 0.148106E+03
 AMRCLAW: level  1  CFL = .450E+00  dt = 0.4305E+00  final t = 0.148536E+03
 AMRCLAW: level  1  CFL = .450E+00  dt = 0.4306E+00  final t = 0.148967E+03
 AMRCLAW: level  1  CFL = .450E+00  dt = 0.4307E+00  final t = 0.149398E+03
 AMRCLAW: level  1  CFL = .450E+00  dt = 0.4308E+00  final t = 0.149828E+03
 AMRCLAW: level  1  CFL = .179E+00  dt = 0.1716E+00  final t = 0.150000E+03
GEOCLAW: Frame    5 output files done at time t =  0.150000D+03

 AMRCLAW: level  1  CFL = .450E+00  dt = 0.4310E+00  final t = 0.150431E+03
 AMRCLAW: level  1  CFL = .450E+00  dt = 0.4311E+00  final t = 0.150862E+03
 AMRCLAW: level  1  CFL = .450E+00  dt = 0.4312E+00  final t = 0.151293E+03
 AMRCLAW: level  1  CFL = .450E+00  dt = 0.4313E+00  final t = 0.151725E+03
 AMRCLAW: level  1  CFL = .450E+00  dt = 0.4315E+00  final t = 0.152156E+03
 AMRCLAW: level  1  CFL = .450E+00  dt = 0.4316E+00  final t = 0.152588E+03
 AMRCLAW: level  1  CFL = .450E+00  dt = 0.4318E+00  final t = 0.153020E+03
 AMRCLAW: level  1  CFL = .450E+00  dt = 0.4320E+00  final t = 0.153452E+03
 AMRCLAW: level  1  CFL = .450E+00  dt = 0.4321E+00  final t = 0.153884E+03
 AMRCLAW: level  1  CFL = .450E+00  dt = 0.4323E+00  final t = 0.154316E+03
 AMRCLAW: level  1  CFL = .450E+00  dt = 0.4325E+00  final t = 0.154748E+03
 AMRCLAW: level  1  CFL = .450E+00  dt = 0.4327E+00  final t = 0.155181E+03
 AMRCLAW: level  1  CFL = .450E+00  dt = 0.4329E+00  final t = 0.155614E+03
 AMRCLAW: level  1  CFL = .450E+00  dt = 0.4331E+00  final t = 0.156047E+03
 AMRCLAW: level  1  CFL = .450E+00  dt = 0.4333E+00  final t = 0.156480E+03
 AMRCLAW: level  1  CFL = .450E+00  dt = 0.4335E+00  final t = 0.156914E+03
 AMRCLAW: level  1  CFL = .450E+00  dt = 0.4338E+00  final t = 0.157348E+03
 AMRCLAW: level  1  CFL = .450E+00  dt = 0.4340E+00  final t = 0.157782E+03
 AMRCLAW: level  1  CFL = .450E+00  dt = 0.4341E+00  final t = 0.158216E+03
 AMRCLAW: level  1  CFL = .450E+00  dt = 0.4343E+00  final t = 0.158650E+03
 AMRCLAW: level  1  CFL = .450E+00  dt = 0.4344E+00  final t = 0.159084E+03
 AMRCLAW: level  1  CFL = .450E+00  dt = 0.4345E+00  final t = 0.159519E+03
 AMRCLAW: level  1  CFL = .450E+00  dt = 0.4348E+00  final t = 0.159954E+03
 AMRCLAW: level  1  CFL = .450E+00  dt = 0.4350E+00  final t = 0.160389E+03
 AMRCLAW: level  1  CFL = .450E+00  dt = 0.4351E+00  final t = 0.160824E+03
 AMRCLAW: level  1  CFL = .450E+00  dt = 0.4352E+00  final t = 0.161259E+03
 AMRCLAW: level  1  CFL = .450E+00  dt = 0.4354E+00  final t = 0.161695E+03
 AMRCLAW: level  1  CFL = .450E+00  dt = 0.4356E+00  final t = 0.162130E+03
 AMRCLAW: level  1  CFL = .450E+00  dt = 0.4358E+00  final t = 0.162566E+03
 AMRCLAW: level  1  CFL = .450E+00  dt = 0.4359E+00  final t = 0.163002E+03
 AMRCLAW: level  1  CFL = .450E+00  dt = 0.4360E+00  final t = 0.163438E+03
 AMRCLAW: level  1  CFL = .450E+00  dt = 0.4361E+00  final t = 0.163874E+03
 AMRCLAW: level  1  CFL = .450E+00  dt = 0.4362E+00  final t = 0.164310E+03
 AMRCLAW: level  1  CFL = .450E+00  dt = 0.4363E+00  final t = 0.164746E+03
 AMRCLAW: level  1  CFL = .450E+00  dt = 0.4365E+00  final t = 0.165183E+03
 AMRCLAW: level  1  CFL = .450E+00  dt = 0.4367E+00  final t = 0.165620E+03
 AMRCLAW: level  1  CFL = .450E+00  dt = 0.4370E+00  final t = 0.166057E+03
 AMRCLAW: level  1  CFL = .449E+00  dt = 0.4374E+00  final t = 0.166494E+03
 AMRCLAW: level  1  CFL = .449E+00  dt = 0.4379E+00  final t = 0.166932E+03
 AMRCLAW: level  1  CFL = .449E+00  dt = 0.4386E+00  final t = 0.167371E+03
 AMRCLAW: level  1  CFL = .449E+00  dt = 0.4393E+00  final t = 0.167810E+03
 AMRCLAW: level  1  CFL = .449E+00  dt = 0.4400E+00  final t = 0.168250E+03
 AMRCLAW: level  1  CFL = .449E+00  dt = 0.4408E+00  final t = 0.168691E+03
 AMRCLAW: level  1  CFL = .449E+00  dt = 0.4415E+00  final t = 0.169132E+03
 AMRCLAW: level  1  CFL = .449E+00  dt = 0.4423E+00  final t = 0.169575E+03
 AMRCLAW: level  1  CFL = .449E+00  dt = 0.4431E+00  final t = 0.170018E+03
 AMRCLAW: level  1  CFL = .449E+00  dt = 0.4438E+00  final t = 0.170461E+03
 AMRCLAW: level  1  CFL = .449E+00  dt = 0.4452E+00  final t = 0.170907E+03
 AMRCLAW: level  1  CFL = .449E+00  dt = 0.4467E+00  final t = 0.171353E+03
 AMRCLAW: level  1  CFL = .449E+00  dt = 0.4473E+00  final t = 0.171801E+03
 AMRCLAW: level  1  CFL = .449E+00  dt = 0.4479E+00  final t = 0.172249E+03
 AMRCLAW: level  1  CFL = .450E+00  dt = 0.4484E+00  final t = 0.172697E+03
 AMRCLAW: level  1  CFL = .450E+00  dt = 0.4489E+00  final t = 0.173146E+03
 AMRCLAW: level  1  CFL = .450E+00  dt = 0.4493E+00  final t = 0.173595E+03
 AMRCLAW: level  1  CFL = .450E+00  dt = 0.4496E+00  final t = 0.174045E+03
 AMRCLAW: level  1  CFL = .450E+00  dt = 0.4499E+00  final t = 0.174495E+03
 AMRCLAW: level  1  CFL = .450E+00  dt = 0.4502E+00  final t = 0.174945E+03
 AMRCLAW: level  1  CFL = .449E+00  dt = 0.4507E+00  final t = 0.175395E+03
 AMRCLAW: level  1  CFL = .449E+00  dt = 0.4514E+00  final t = 0.175847E+03
 AMRCLAW: level  1  CFL = .450E+00  dt = 0.4519E+00  final t = 0.176299E+03
 AMRCLAW: level  1  CFL = .450E+00  dt = 0.4520E+00  final t = 0.176751E+03
 AMRCLAW: level  1  CFL = .450E+00  dt = 0.4520E+00  final t = 0.177203E+03
 AMRCLAW: level  1  CFL = .450E+00  dt = 0.4521E+00  final t = 0.177655E+03
 AMRCLAW: level  1  CFL = .451E+00  dt = 0.4521E+00  final t = 0.178107E+03
 AMRCLAW: level  1  CFL = .450E+00  dt = 0.4512E+00  final t = 0.178558E+03
 AMRCLAW: level  1  CFL = .450E+00  dt = 0.4509E+00  final t = 0.179009E+03
 AMRCLAW: level  1  CFL = .450E+00  dt = 0.4512E+00  final t = 0.179460E+03
 AMRCLAW: level  1  CFL = .450E+00  dt = 0.4514E+00  final t = 0.179912E+03
 AMRCLAW: level  1  CFL = .878E-01  dt = 0.8828E-01  final t = 0.180000E+03
GEOCLAW: Frame    6 output files done at time t =  0.180000D+03

 AMRCLAW: level  1  CFL = .450E+00  dt = 0.4523E+00  final t = 0.180452E+03
 AMRCLAW: level  1  CFL = .450E+00  dt = 0.4524E+00  final t = 0.180905E+03
 AMRCLAW: level  1  CFL = .450E+00  dt = 0.4525E+00  final t = 0.181357E+03
 AMRCLAW: level  1  CFL = .450E+00  dt = 0.4526E+00  final t = 0.181810E+03
 AMRCLAW: level  1  CFL = .450E+00  dt = 0.4528E+00  final t = 0.182263E+03
 AMRCLAW: level  1  CFL = .450E+00  dt = 0.4531E+00  final t = 0.182716E+03
 AMRCLAW: level  1  CFL = .449E+00  dt = 0.4535E+00  final t = 0.183169E+03
 AMRCLAW: level  1  CFL = .449E+00  dt = 0.4540E+00  final t = 0.183623E+03
 AMRCLAW: level  1  CFL = .449E+00  dt = 0.4547E+00  final t = 0.184078E+03
 AMRCLAW: level  1  CFL = .449E+00  dt = 0.4555E+00  final t = 0.184534E+03
 AMRCLAW: level  1  CFL = .449E+00  dt = 0.4565E+00  final t = 0.184990E+03
 AMRCLAW: level  1  CFL = .449E+00  dt = 0.4576E+00  final t = 0.185448E+03
 AMRCLAW: level  1  CFL = .448E+00  dt = 0.4590E+00  final t = 0.185907E+03
 AMRCLAW: level  1  CFL = .448E+00  dt = 0.4607E+00  final t = 0.186367E+03
 AMRCLAW: level  1  CFL = .449E+00  dt = 0.4625E+00  final t = 0.186830E+03
 AMRCLAW: level  1  CFL = .449E+00  dt = 0.4633E+00  final t = 0.187293E+03
 AMRCLAW: level  1  CFL = .449E+00  dt = 0.4639E+00  final t = 0.187757E+03
 AMRCLAW: level  1  CFL = .449E+00  dt = 0.4645E+00  final t = 0.188221E+03
 AMRCLAW: level  1  CFL = .449E+00  dt = 0.4651E+00  final t = 0.188687E+03
 AMRCLAW: level  1  CFL = .449E+00  dt = 0.4657E+00  final t = 0.189152E+03
 AMRCLAW: level  1  CFL = .449E+00  dt = 0.4664E+00  final t = 0.189619E+03
 AMRCLAW: level  1  CFL = .449E+00  dt = 0.4670E+00  final t = 0.190086E+03
 AMRCLAW: level  1  CFL = .449E+00  dt = 0.4677E+00  final t = 0.190553E+03
 AMRCLAW: level  1  CFL = .449E+00  dt = 0.4684E+00  final t = 0.191022E+03
 AMRCLAW: level  1  CFL = .452E+00  dt = 0.4691E+00  final t = 0.191491E+03
 AMRCLAW: level  1  CFL = .451E+00  dt = 0.4675E+00  final t = 0.191958E+03
 AMRCLAW: level  1  CFL = .451E+00  dt = 0.4660E+00  final t = 0.192424E+03
 AMRCLAW: level  1  CFL = .451E+00  dt = 0.4649E+00  final t = 0.192889E+03
 AMRCLAW: level  1  CFL = .450E+00  dt = 0.4640E+00  final t = 0.193353E+03
 AMRCLAW: level  1  CFL = .450E+00  dt = 0.4635E+00  final t = 0.193817E+03
 AMRCLAW: level  1  CFL = .450E+00  dt = 0.4634E+00  final t = 0.194280E+03
 AMRCLAW: level  1  CFL = .450E+00  dt = 0.4637E+00  final t = 0.194744E+03
 AMRCLAW: level  1  CFL = .451E+00  dt = 0.4642E+00  final t = 0.195208E+03
 AMRCLAW: level  1  CFL = .451E+00  dt = 0.4634E+00  final t = 0.195671E+03
 AMRCLAW: level  1  CFL = .451E+00  dt = 0.4624E+00  final t = 0.196134E+03
 AMRCLAW: level  1  CFL = .451E+00  dt = 0.4616E+00  final t = 0.196595E+03
 AMRCLAW: level  1  CFL = .451E+00  dt = 0.4609E+00  final t = 0.197056E+03
 AMRCLAW: level  1  CFL = .451E+00  dt = 0.4604E+00  final t = 0.197517E+03
 AMRCLAW: level  1  CFL = .451E+00  dt = 0.4597E+00  final t = 0.197976E+03
 AMRCLAW: level  1  CFL = .450E+00  dt = 0.4591E+00  final t = 0.198435E+03
 AMRCLAW: level  1  CFL = .452E+00  dt = 0.4587E+00  final t = 0.198894E+03
 AMRCLAW: level  1  CFL = .452E+00  dt = 0.4569E+00  final t = 0.199351E+03
 AMRCLAW: level  1  CFL = .452E+00  dt = 0.4549E+00  final t = 0.199806E+03
 AMRCLAW: level  1  CFL = .452E+00  dt = 0.4531E+00  final t = 0.200259E+03
 AMRCLAW: level  1  CFL = .452E+00  dt = 0.4514E+00  final t = 0.200710E+03
 AMRCLAW: level  1  CFL = .451E+00  dt = 0.4498E+00  final t = 0.201160E+03
 AMRCLAW: level  1  CFL = .451E+00  dt = 0.4485E+00  final t = 0.201609E+03
 AMRCLAW: level  1  CFL = .451E+00  dt = 0.4472E+00  final t = 0.202056E+03
 AMRCLAW: level  1  CFL = .451E+00  dt = 0.4461E+00  final t = 0.202502E+03
 AMRCLAW: level  1  CFL = .451E+00  dt = 0.4451E+00  final t = 0.202947E+03
 AMRCLAW: level  1  CFL = .451E+00  dt = 0.4443E+00  final t = 0.203391E+03
 AMRCLAW: level  1  CFL = .451E+00  dt = 0.4435E+00  final t = 0.203835E+03
 AMRCLAW: level  1  CFL = .451E+00  dt = 0.4429E+00  final t = 0.204278E+03
 AMRCLAW: level  1  CFL = .450E+00  dt = 0.4424E+00  final t = 0.204720E+03
 AMRCLAW: level  1  CFL = .450E+00  dt = 0.4419E+00  final t = 0.205162E+03
 AMRCLAW: level  1  CFL = .450E+00  dt = 0.4416E+00  final t = 0.205604E+03
 AMRCLAW: level  1  CFL = .450E+00  dt = 0.4414E+00  final t = 0.206045E+03
 AMRCLAW: level  1  CFL = .450E+00  dt = 0.4412E+00  final t = 0.206486E+03
 AMRCLAW: level  1  CFL = .450E+00  dt = 0.4411E+00  final t = 0.206927E+03
 AMRCLAW: level  1  CFL = .450E+00  dt = 0.4410E+00  final t = 0.207368E+03
 AMRCLAW: level  1  CFL = .450E+00  dt = 0.4410E+00  final t = 0.207809E+03
 AMRCLAW: level  1  CFL = .450E+00  dt = 0.4410E+00  final t = 0.208250E+03
 AMRCLAW: level  1  CFL = .450E+00  dt = 0.4410E+00  final t = 0.208691E+03
 AMRCLAW: level  1  CFL = .450E+00  dt = 0.4410E+00  final t = 0.209132E+03
 AMRCLAW: level  1  CFL = .450E+00  dt = 0.4411E+00  final t = 0.209574E+03
 AMRCLAW: level  1  CFL = .435E+00  dt = 0.4265E+00  final t = 0.210000E+03
GEOCLAW: Frame    7 output files done at time t =  0.210000D+03

 AMRCLAW: level  1  CFL = .450E+00  dt = 0.4412E+00  final t = 0.210441E+03
 AMRCLAW: level  1  CFL = .450E+00  dt = 0.4412E+00  final t = 0.210882E+03
 AMRCLAW: level  1  CFL = .450E+00  dt = 0.4413E+00  final t = 0.211324E+03
 AMRCLAW: level  1  CFL = .450E+00  dt = 0.4414E+00  final t = 0.211765E+03
 AMRCLAW: level  1  CFL = .450E+00  dt = 0.4414E+00  final t = 0.212206E+03
 AMRCLAW: level  1  CFL = .450E+00  dt = 0.4415E+00  final t = 0.212648E+03
 AMRCLAW: level  1  CFL = .450E+00  dt = 0.4416E+00  final t = 0.213090E+03
 AMRCLAW: level  1  CFL = .450E+00  dt = 0.4418E+00  final t = 0.213531E+03
 AMRCLAW: level  1  CFL = .450E+00  dt = 0.4419E+00  final t = 0.213973E+03
 AMRCLAW: level  1  CFL = .450E+00  dt = 0.4421E+00  final t = 0.214415E+03
 AMRCLAW: level  1  CFL = .450E+00  dt = 0.4422E+00  final t = 0.214858E+03
 AMRCLAW: level  1  CFL = .450E+00  dt = 0.4425E+00  final t = 0.215300E+03
 AMRCLAW: level  1  CFL = .450E+00  dt = 0.4427E+00  final t = 0.215743E+03
 AMRCLAW: level  1  CFL = .450E+00  dt = 0.4429E+00  final t = 0.216186E+03
 AMRCLAW: level  1  CFL = .450E+00  dt = 0.4432E+00  final t = 0.216629E+03
 AMRCLAW: level  1  CFL = .450E+00  dt = 0.4435E+00  final t = 0.217073E+03
 AMRCLAW: level  1  CFL = .450E+00  dt = 0.4439E+00  final t = 0.217516E+03
 AMRCLAW: level  1  CFL = .450E+00  dt = 0.4442E+00  final t = 0.217961E+03
 AMRCLAW: level  1  CFL = .450E+00  dt = 0.4446E+00  final t = 0.218405E+03
 AMRCLAW: level  1  CFL = .450E+00  dt = 0.4450E+00  final t = 0.218850E+03
 AMRCLAW: level  1  CFL = .450E+00  dt = 0.4454E+00  final t = 0.219296E+03
 AMRCLAW: level  1  CFL = .451E+00  dt = 0.4459E+00  final t = 0.219742E+03
 AMRCLAW: level  1  CFL = .451E+00  dt = 0.4447E+00  final t = 0.220186E+03
 AMRCLAW: level  1  CFL = .451E+00  dt = 0.4433E+00  final t = 0.220630E+03
 AMRCLAW: level  1  CFL = .451E+00  dt = 0.4423E+00  final t = 0.221072E+03
 AMRCLAW: level  1  CFL = .450E+00  dt = 0.4417E+00  final t = 0.221514E+03
 AMRCLAW: level  1  CFL = .450E+00  dt = 0.4415E+00  final t = 0.221955E+03
 AMRCLAW: level  1  CFL = .450E+00  dt = 0.4416E+00  final t = 0.222397E+03
 AMRCLAW: level  1  CFL = .450E+00  dt = 0.4418E+00  final t = 0.222839E+03
 AMRCLAW: level  1  CFL = .450E+00  dt = 0.4419E+00  final t = 0.223280E+03
 AMRCLAW: level  1  CFL = .450E+00  dt = 0.4419E+00  final t = 0.223722E+03
 AMRCLAW: level  1  CFL = .449E+00  dt = 0.4423E+00  final t = 0.224165E+03
 AMRCLAW: level  1  CFL = .449E+00  dt = 0.4429E+00  final t = 0.224608E+03
 AMRCLAW: level  1  CFL = .450E+00  dt = 0.4434E+00  final t = 0.225051E+03
 AMRCLAW: level  1  CFL = .450E+00  dt = 0.4438E+00  final t = 0.225495E+03
 AMRCLAW: level  1  CFL = .450E+00  dt = 0.4442E+00  final t = 0.225939E+03
 AMRCLAW: level  1  CFL = .450E+00  dt = 0.4445E+00  final t = 0.226383E+03
 AMRCLAW: level  1  CFL = .450E+00  dt = 0.4448E+00  final t = 0.226828E+03
 AMRCLAW: level  1  CFL = .450E+00  dt = 0.4450E+00  final t = 0.227273E+03
 AMRCLAW: level  1  CFL = .453E+00  dt = 0.4452E+00  final t = 0.227718E+03
 AMRCLAW: level  1  CFL = .452E+00  dt = 0.4425E+00  final t = 0.228161E+03
 AMRCLAW: level  1  CFL = .452E+00  dt = 0.4403E+00  final t = 0.228601E+03
 AMRCLAW: level  1  CFL = .452E+00  dt = 0.4383E+00  final t = 0.229040E+03
 AMRCLAW: level  1  CFL = .451E+00  dt = 0.4366E+00  final t = 0.229476E+03
 AMRCLAW: level  1  CFL = .451E+00  dt = 0.4352E+00  final t = 0.229912E+03
 AMRCLAW: level  1  CFL = .451E+00  dt = 0.4340E+00  final t = 0.230345E+03
 AMRCLAW: level  1  CFL = .451E+00  dt = 0.4328E+00  final t = 0.230778E+03
 AMRCLAW: level  1  CFL = .451E+00  dt = 0.4318E+00  final t = 0.231210E+03
 AMRCLAW: level  1  CFL = .451E+00  dt = 0.4308E+00  final t = 0.231641E+03
 AMRCLAW: level  1  CFL = .451E+00  dt = 0.4299E+00  final t = 0.232071E+03
 AMRCLAW: level  1  CFL = .451E+00  dt = 0.4291E+00  final t = 0.232500E+03
 AMRCLAW: level  1  CFL = .451E+00  dt = 0.4283E+00  final t = 0.232928E+03
 AMRCLAW: level  1  CFL = .451E+00  dt = 0.4276E+00  final t = 0.233356E+03
 AMRCLAW: level  1  CFL = .451E+00  dt = 0.4269E+00  final t = 0.233783E+03
 AMRCLAW: level  1  CFL = .451E+00  dt = 0.4262E+00  final t = 0.234209E+03
 AMRCLAW: level  1  CFL = .450E+00  dt = 0.4257E+00  final t = 0.234635E+03
 AMRCLAW: level  1  CFL = .450E+00  dt = 0.4254E+00  final t = 0.235060E+03
 AMRCLAW: level  1  CFL = .450E+00  dt = 0.4251E+00  final t = 0.235485E+03
 AMRCLAW: level  1  CFL = .450E+00  dt = 0.4249E+00  final t = 0.235910E+03
 AMRCLAW: level  1  CFL = .450E+00  dt = 0.4247E+00  final t = 0.236335E+03
 AMRCLAW: level  1  CFL = .450E+00  dt = 0.4246E+00  final t = 0.236759E+03
 AMRCLAW: level  1  CFL = .450E+00  dt = 0.4244E+00  final t = 0.237184E+03
 AMRCLAW: level  1  CFL = .450E+00  dt = 0.4243E+00  final t = 0.237608E+03
 AMRCLAW: level  1  CFL = .450E+00  dt = 0.4242E+00  final t = 0.238032E+03
 AMRCLAW: level  1  CFL = .450E+00  dt = 0.4241E+00  final t = 0.238456E+03
 AMRCLAW: level  1  CFL = .450E+00  dt = 0.4241E+00  final t = 0.238880E+03
 AMRCLAW: level  1  CFL = .450E+00  dt = 0.4240E+00  final t = 0.239304E+03
 AMRCLAW: level  1  CFL = .450E+00  dt = 0.4240E+00  final t = 0.239728E+03
 AMRCLAW: level  1  CFL = .288E+00  dt = 0.2716E+00  final t = 0.240000E+03
GEOCLAW: Frame    8 output files done at time t =  0.240000D+03

 AMRCLAW: level  1  CFL = .450E+00  dt = 0.4239E+00  final t = 0.240424E+03
 AMRCLAW: level  1  CFL = .450E+00  dt = 0.4239E+00  final t = 0.240848E+03
 AMRCLAW: level  1  CFL = .450E+00  dt = 0.4239E+00  final t = 0.241272E+03
 AMRCLAW: level  1  CFL = .450E+00  dt = 0.4239E+00  final t = 0.241696E+03
 AMRCLAW: level  1  CFL = .450E+00  dt = 0.4239E+00  final t = 0.242119E+03
 AMRCLAW: level  1  CFL = .450E+00  dt = 0.4239E+00  final t = 0.242543E+03
 AMRCLAW: level  1  CFL = .450E+00  dt = 0.4239E+00  final t = 0.242967E+03
 AMRCLAW: level  1  CFL = .450E+00  dt = 0.4239E+00  final t = 0.243391E+03
 AMRCLAW: level  1  CFL = .450E+00  dt = 0.4239E+00  final t = 0.243815E+03
 AMRCLAW: level  1  CFL = .450E+00  dt = 0.4239E+00  final t = 0.244239E+03
 AMRCLAW: level  1  CFL = .450E+00  dt = 0.4240E+00  final t = 0.244663E+03
 AMRCLAW: level  1  CFL = .450E+00  dt = 0.4240E+00  final t = 0.245087E+03
 AMRCLAW: level  1  CFL = .450E+00  dt = 0.4241E+00  final t = 0.245511E+03
 AMRCLAW: level  1  CFL = .450E+00  dt = 0.4242E+00  final t = 0.245935E+03
 AMRCLAW: level  1  CFL = .450E+00  dt = 0.4242E+00  final t = 0.246359E+03
 AMRCLAW: level  1  CFL = .450E+00  dt = 0.4243E+00  final t = 0.246784E+03
 AMRCLAW: level  1  CFL = .450E+00  dt = 0.4244E+00  final t = 0.247208E+03
 AMRCLAW: level  1  CFL = .450E+00  dt = 0.4245E+00  final t = 0.247633E+03
 AMRCLAW: level  1  CFL = .450E+00  dt = 0.4245E+00  final t = 0.248057E+03
 AMRCLAW: level  1  CFL = .450E+00  dt = 0.4247E+00  final t = 0.248482E+03
 AMRCLAW: level  1  CFL = .450E+00  dt = 0.4250E+00  final t = 0.248907E+03
 AMRCLAW: level  1  CFL = .450E+00  dt = 0.4253E+00  final t = 0.249332E+03
 AMRCLAW: level  1  CFL = .450E+00  dt = 0.4256E+00  final t = 0.249758E+03
 AMRCLAW: level  1  CFL = .450E+00  dt = 0.4260E+00  final t = 0.250184E+03
 AMRCLAW: level  1  CFL = .450E+00  dt = 0.4264E+00  final t = 0.250610E+03
 AMRCLAW: level  1  CFL = .452E+00  dt = 0.4264E+00  final t = 0.251036E+03
 AMRCLAW: level  1  CFL = .452E+00  dt = 0.4243E+00  final t = 0.251461E+03
 AMRCLAW: level  1  CFL = .452E+00  dt = 0.4225E+00  final t = 0.251883E+03
 AMRCLAW: level  1  CFL = .451E+00  dt = 0.4210E+00  final t = 0.252304E+03
 AMRCLAW: level  1  CFL = .451E+00  dt = 0.4198E+00  final t = 0.252724E+03
 AMRCLAW: level  1  CFL = .451E+00  dt = 0.4187E+00  final t = 0.253143E+03
 AMRCLAW: level  1  CFL = .451E+00  dt = 0.4178E+00  final t = 0.253560E+03
 AMRCLAW: level  1  CFL = .451E+00  dt = 0.4169E+00  final t = 0.253977E+03
 AMRCLAW: level  1  CFL = .451E+00  dt = 0.4161E+00  final t = 0.254393E+03
 AMRCLAW: level  1  CFL = .451E+00  dt = 0.4154E+00  final t = 0.254809E+03
 AMRCLAW: level  1  CFL = .451E+00  dt = 0.4148E+00  final t = 0.255224E+03
 AMRCLAW: level  1  CFL = .451E+00  dt = 0.4142E+00  final t = 0.255638E+03
 AMRCLAW: level  1  CFL = .451E+00  dt = 0.4136E+00  final t = 0.256051E+03
 AMRCLAW: level  1  CFL = .451E+00  dt = 0.4131E+00  final t = 0.256465E+03
 AMRCLAW: level  1  CFL = .450E+00  dt = 0.4126E+00  final t = 0.256877E+03
 AMRCLAW: level  1  CFL = .450E+00  dt = 0.4122E+00  final t = 0.257289E+03
 AMRCLAW: level  1  CFL = .450E+00  dt = 0.4119E+00  final t = 0.257701E+03
 AMRCLAW: level  1  CFL = .450E+00  dt = 0.4115E+00  final t = 0.258113E+03
 AMRCLAW: level  1  CFL = .450E+00  dt = 0.4112E+00  final t = 0.258524E+03
 AMRCLAW: level  1  CFL = .450E+00  dt = 0.4109E+00  final t = 0.258935E+03
 AMRCLAW: level  1  CFL = .450E+00  dt = 0.4107E+00  final t = 0.259346E+03
 AMRCLAW: level  1  CFL = .450E+00  dt = 0.4104E+00  final t = 0.259756E+03
 AMRCLAW: level  1  CFL = .450E+00  dt = 0.4102E+00  final t = 0.260166E+03
 AMRCLAW: level  1  CFL = .450E+00  dt = 0.4100E+00  final t = 0.260576E+03
 AMRCLAW: level  1  CFL = .450E+00  dt = 0.4098E+00  final t = 0.260986E+03
 AMRCLAW: level  1  CFL = .450E+00  dt = 0.4097E+00  final t = 0.261396E+03
 AMRCLAW: level  1  CFL = .450E+00  dt = 0.4095E+00  final t = 0.261805E+03
 AMRCLAW: level  1  CFL = .450E+00  dt = 0.4094E+00  final t = 0.262215E+03
 AMRCLAW: level  1  CFL = .450E+00  dt = 0.4089E+00  final t = 0.262624E+03
 AMRCLAW: level  1  CFL = .450E+00  dt = 0.4090E+00  final t = 0.263033E+03
 AMRCLAW: level  1  CFL = .450E+00  dt = 0.4089E+00  final t = 0.263441E+03
 AMRCLAW: level  1  CFL = .450E+00  dt = 0.4086E+00  final t = 0.263850E+03
 AMRCLAW: level  1  CFL = .450E+00  dt = 0.4087E+00  final t = 0.264259E+03
 AMRCLAW: level  1  CFL = .450E+00  dt = 0.4084E+00  final t = 0.264667E+03
 AMRCLAW: level  1  CFL = .450E+00  dt = 0.4085E+00  final t = 0.265076E+03
 AMRCLAW: level  1  CFL = .450E+00  dt = 0.4083E+00  final t = 0.265484E+03
 AMRCLAW: level  1  CFL = .450E+00  dt = 0.4081E+00  final t = 0.265892E+03
 AMRCLAW: level  1  CFL = .450E+00  dt = 0.4084E+00  final t = 0.266300E+03
 AMRCLAW: level  1  CFL = .450E+00  dt = 0.4082E+00  final t = 0.266709E+03
 AMRCLAW: level  1  CFL = .450E+00  dt = 0.4080E+00  final t = 0.267117E+03
 AMRCLAW: level  1  CFL = .450E+00  dt = 0.4083E+00  final t = 0.267525E+03
 AMRCLAW: level  1  CFL = .450E+00  dt = 0.4081E+00  final t = 0.267933E+03
 AMRCLAW: level  1  CFL = .450E+00  dt = 0.4080E+00  final t = 0.268341E+03
 AMRCLAW: level  1  CFL = .450E+00  dt = 0.4083E+00  final t = 0.268749E+03
 AMRCLAW: level  1  CFL = .450E+00  dt = 0.4082E+00  final t = 0.269158E+03
 AMRCLAW: level  1  CFL = .450E+00  dt = 0.4081E+00  final t = 0.269566E+03
 AMRCLAW: level  1  CFL = .450E+00  dt = 0.4084E+00  final t = 0.269974E+03
 AMRCLAW: level  1  CFL = .285E-01  dt = 0.2588E-01  final t = 0.270000E+03
GEOCLAW: Frame    9 output files done at time t =  0.270000D+03

 AMRCLAW: level  1  CFL = .450E+00  dt = 0.4082E+00  final t = 0.270408E+03
 AMRCLAW: level  1  CFL = .450E+00  dt = 0.4082E+00  final t = 0.270816E+03
 AMRCLAW: level  1  CFL = .450E+00  dt = 0.4082E+00  final t = 0.271225E+03
 AMRCLAW: level  1  CFL = .450E+00  dt = 0.4085E+00  final t = 0.271633E+03
 AMRCLAW: level  1  CFL = .450E+00  dt = 0.4084E+00  final t = 0.272042E+03
 AMRCLAW: level  1  CFL = .450E+00  dt = 0.4084E+00  final t = 0.272450E+03
 AMRCLAW: level  1  CFL = .450E+00  dt = 0.4087E+00  final t = 0.272859E+03
 AMRCLAW: level  1  CFL = .450E+00  dt = 0.4086E+00  final t = 0.273267E+03
 AMRCLAW: level  1  CFL = .450E+00  dt = 0.4086E+00  final t = 0.273676E+03
 AMRCLAW: level  1  CFL = .450E+00  dt = 0.4089E+00  final t = 0.274085E+03
 AMRCLAW: level  1  CFL = .450E+00  dt = 0.4089E+00  final t = 0.274494E+03
 AMRCLAW: level  1  CFL = .450E+00  dt = 0.4092E+00  final t = 0.274903E+03
 AMRCLAW: level  1  CFL = .450E+00  dt = 0.4091E+00  final t = 0.275312E+03
 AMRCLAW: level  1  CFL = .450E+00  dt = 0.4094E+00  final t = 0.275721E+03
 AMRCLAW: level  1  CFL = .450E+00  dt = 0.4093E+00  final t = 0.276131E+03
 AMRCLAW: level  1  CFL = .450E+00  dt = 0.4096E+00  final t = 0.276540E+03
 AMRCLAW: level  1  CFL = .450E+00  dt = 0.4095E+00  final t = 0.276950E+03
 AMRCLAW: level  1  CFL = .450E+00  dt = 0.4098E+00  final t = 0.277360E+03
 AMRCLAW: level  1  CFL = .450E+00  dt = 0.4097E+00  final t = 0.277769E+03
 AMRCLAW: level  1  CFL = .450E+00  dt = 0.4100E+00  final t = 0.278179E+03
 AMRCLAW: level  1  CFL = .450E+00  dt = 0.4102E+00  final t = 0.278589E+03
 AMRCLAW: level  1  CFL = .450E+00  dt = 0.4101E+00  final t = 0.279000E+03
 AMRCLAW: level  1  CFL = .450E+00  dt = 0.4104E+00  final t = 0.279410E+03
 AMRCLAW: level  1  CFL = .450E+00  dt = 0.4106E+00  final t = 0.279821E+03
 AMRCLAW: level  1  CFL = .450E+00  dt = 0.4108E+00  final t = 0.280232E+03
 AMRCLAW: level  1  CFL = .450E+00  dt = 0.4110E+00  final t = 0.280643E+03
 AMRCLAW: level  1  CFL = .450E+00  dt = 0.4111E+00  final t = 0.281054E+03
 AMRCLAW: level  1  CFL = .450E+00  dt = 0.4113E+00  final t = 0.281465E+03
 AMRCLAW: level  1  CFL = .450E+00  dt = 0.4114E+00  final t = 0.281876E+03
 AMRCLAW: level  1  CFL = .450E+00  dt = 0.4116E+00  final t = 0.282288E+03
 AMRCLAW: level  1  CFL = .450E+00  dt = 0.4117E+00  final t = 0.282700E+03
 AMRCLAW: level  1  CFL = .450E+00  dt = 0.4119E+00  final t = 0.283112E+03
 AMRCLAW: level  1  CFL = .450E+00  dt = 0.4120E+00  final t = 0.283524E+03
 AMRCLAW: level  1  CFL = .450E+00  dt = 0.4122E+00  final t = 0.283936E+03
 AMRCLAW: level  1  CFL = .450E+00  dt = 0.4124E+00  final t = 0.284348E+03
 AMRCLAW: level  1  CFL = .450E+00  dt = 0.4125E+00  final t = 0.284761E+03
 AMRCLAW: level  1  CFL = .450E+00  dt = 0.4127E+00  final t = 0.285173E+03
 AMRCLAW: level  1  CFL = .450E+00  dt = 0.4129E+00  final t = 0.285586E+03
 AMRCLAW: level  1  CFL = .450E+00  dt = 0.4131E+00  final t = 0.285999E+03
 AMRCLAW: level  1  CFL = .450E+00  dt = 0.4133E+00  final t = 0.286413E+03
 AMRCLAW: level  1  CFL = .450E+00  dt = 0.4134E+00  final t = 0.286826E+03
 AMRCLAW: level  1  CFL = .450E+00  dt = 0.4136E+00  final t = 0.287240E+03
 AMRCLAW: level  1  CFL = .450E+00  dt = 0.4138E+00  final t = 0.287653E+03
 AMRCLAW: level  1  CFL = .450E+00  dt = 0.4140E+00  final t = 0.288067E+03
 AMRCLAW: level  1  CFL = .450E+00  dt = 0.4141E+00  final t = 0.288481E+03
 AMRCLAW: level  1  CFL = .450E+00  dt = 0.4142E+00  final t = 0.288896E+03
 AMRCLAW: level  1  CFL = .450E+00  dt = 0.4143E+00  final t = 0.289310E+03
 AMRCLAW: level  1  CFL = .450E+00  dt = 0.4144E+00  final t = 0.289724E+03
 AMRCLAW: level  1  CFL = .450E+00  dt = 0.4145E+00  final t = 0.290139E+03
 AMRCLAW: level  1  CFL = .450E+00  dt = 0.4146E+00  final t = 0.290553E+03
 AMRCLAW: level  1  CFL = .450E+00  dt = 0.4148E+00  final t = 0.290968E+03
 AMRCLAW: level  1  CFL = .450E+00  dt = 0.4150E+00  final t = 0.291383E+03
 AMRCLAW: level  1  CFL = .450E+00  dt = 0.4151E+00  final t = 0.291798E+03
 AMRCLAW: level  1  CFL = .450E+00  dt = 0.4153E+00  final t = 0.292214E+03
 AMRCLAW: level  1  CFL = .450E+00  dt = 0.4155E+00  final t = 0.292629E+03
 AMRCLAW: level  1  CFL = .450E+00  dt = 0.4156E+00  final t = 0.293045E+03
 AMRCLAW: level  1  CFL = .450E+00  dt = 0.4158E+00  final t = 0.293460E+03
 AMRCLAW: level  1  CFL = .450E+00  dt = 0.4159E+00  final t = 0.293876E+03
 AMRCLAW: level  1  CFL = .450E+00  dt = 0.4161E+00  final t = 0.294292E+03
 AMRCLAW: level  1  CFL = .450E+00  dt = 0.4163E+00  final t = 0.294709E+03
 AMRCLAW: level  1  CFL = .450E+00  dt = 0.4164E+00  final t = 0.295125E+03
 AMRCLAW: level  1  CFL = .450E+00  dt = 0.4166E+00  final t = 0.295542E+03
 AMRCLAW: level  1  CFL = .450E+00  dt = 0.4167E+00  final t = 0.295958E+03
 AMRCLAW: level  1  CFL = .450E+00  dt = 0.4169E+00  final t = 0.296375E+03
 AMRCLAW: level  1  CFL = .450E+00  dt = 0.4170E+00  final t = 0.296792E+03
 AMRCLAW: level  1  CFL = .450E+00  dt = 0.4171E+00  final t = 0.297209E+03
 AMRCLAW: level  1  CFL = .450E+00  dt = 0.4173E+00  final t = 0.297627E+03
 AMRCLAW: level  1  CFL = .450E+00  dt = 0.4174E+00  final t = 0.298044E+03
 AMRCLAW: level  1  CFL = .450E+00  dt = 0.4175E+00  final t = 0.298462E+03
 AMRCLAW: level  1  CFL = .450E+00  dt = 0.4177E+00  final t = 0.298879E+03
 AMRCLAW: level  1  CFL = .450E+00  dt = 0.4178E+00  final t = 0.299297E+03
 AMRCLAW: level  1  CFL = .450E+00  dt = 0.4180E+00  final t = 0.299715E+03
 AMRCLAW: level  1  CFL = .307E+00  dt = 0.2849E+00  final t = 0.300000E+03
GEOCLAW: Frame   10 output files done at time t =  0.300000D+03

 AMRCLAW: level  1  CFL = .450E+00  dt = 0.4182E+00  final t = 0.300418E+03
 AMRCLAW: level  1  CFL = .450E+00  dt = 0.4183E+00  final t = 0.300837E+03
 AMRCLAW: level  1  CFL = .450E+00  dt = 0.4185E+00  final t = 0.301255E+03
 AMRCLAW: level  1  CFL = .450E+00  dt = 0.4186E+00  final t = 0.301674E+03
 AMRCLAW: level  1  CFL = .450E+00  dt = 0.4188E+00  final t = 0.302092E+03
 AMRCLAW: level  1  CFL = .450E+00  dt = 0.4189E+00  final t = 0.302511E+03
 AMRCLAW: level  1  CFL = .450E+00  dt = 0.4191E+00  final t = 0.302930E+03
 AMRCLAW: level  1  CFL = .450E+00  dt = 0.4193E+00  final t = 0.303350E+03
 AMRCLAW: level  1  CFL = .450E+00  dt = 0.4195E+00  final t = 0.303769E+03
 AMRCLAW: level  1  CFL = .450E+00  dt = 0.4197E+00  final t = 0.304189E+03
 AMRCLAW: level  1  CFL = .450E+00  dt = 0.4198E+00  final t = 0.304609E+03
 AMRCLAW: level  1  CFL = .450E+00  dt = 0.4200E+00  final t = 0.305029E+03
 AMRCLAW: level  1  CFL = .450E+00  dt = 0.4202E+00  final t = 0.305449E+03
 AMRCLAW: level  1  CFL = .450E+00  dt = 0.4203E+00  final t = 0.305869E+03
 AMRCLAW: level  1  CFL = .450E+00  dt = 0.4205E+00  final t = 0.306290E+03
 AMRCLAW: level  1  CFL = .450E+00  dt = 0.4207E+00  final t = 0.306710E+03
 AMRCLAW: level  1  CFL = .450E+00  dt = 0.4208E+00  final t = 0.307131E+03
 AMRCLAW: level  1  CFL = .450E+00  dt = 0.4210E+00  final t = 0.307552E+03
 AMRCLAW: level  1  CFL = .450E+00  dt = 0.4212E+00  final t = 0.307973E+03
 AMRCLAW: level  1  CFL = .450E+00  dt = 0.4213E+00  final t = 0.308395E+03
 AMRCLAW: level  1  CFL = .450E+00  dt = 0.4215E+00  final t = 0.308816E+03
 AMRCLAW: level  1  CFL = .450E+00  dt = 0.4217E+00  final t = 0.309238E+03
 AMRCLAW: level  1  CFL = .450E+00  dt = 0.4219E+00  final t = 0.309660E+03
 AMRCLAW: level  1  CFL = .450E+00  dt = 0.4221E+00  final t = 0.310082E+03
 AMRCLAW: level  1  CFL = .450E+00  dt = 0.4223E+00  final t = 0.310504E+03
 AMRCLAW: level  1  CFL = .450E+00  dt = 0.4225E+00  final t = 0.310927E+03
 AMRCLAW: level  1  CFL = .450E+00  dt = 0.4227E+00  final t = 0.311349E+03
 AMRCLAW: level  1  CFL = .450E+00  dt = 0.4229E+00  final t = 0.311772E+03
 AMRCLAW: level  1  CFL = .450E+00  dt = 0.4231E+00  final t = 0.312195E+03
 AMRCLAW: level  1  CFL = .450E+00  dt = 0.4233E+00  final t = 0.312619E+03
 AMRCLAW: level  1  CFL = .450E+00  dt = 0.4236E+00  final t = 0.313042E+03
 AMRCLAW: level  1  CFL = .450E+00  dt = 0.4238E+00  final t = 0.313466E+03
 AMRCLAW: level  1  CFL = .450E+00  dt = 0.4241E+00  final t = 0.313890E+03
 AMRCLAW: level  1  CFL = .450E+00  dt = 0.4244E+00  final t = 0.314315E+03
 AMRCLAW: level  1  CFL = .450E+00  dt = 0.4247E+00  final t = 0.314739E+03
 AMRCLAW: level  1  CFL = .450E+00  dt = 0.4250E+00  final t = 0.315164E+03
 AMRCLAW: level  1  CFL = .450E+00  dt = 0.4253E+00  final t = 0.315589E+03
 AMRCLAW: level  1  CFL = .450E+00  dt = 0.4256E+00  final t = 0.316015E+03
 AMRCLAW: level  1  CFL = .450E+00  dt = 0.4259E+00  final t = 0.316441E+03
 AMRCLAW: level  1  CFL = .450E+00  dt = 0.4262E+00  final t = 0.316867E+03
 AMRCLAW: level  1  CFL = .450E+00  dt = 0.4266E+00  final t = 0.317294E+03
 AMRCLAW: level  1  CFL = .450E+00  dt = 0.4270E+00  final t = 0.317721E+03
 AMRCLAW: level  1  CFL = .450E+00  dt = 0.4273E+00  final t = 0.318148E+03
 AMRCLAW: level  1  CFL = .450E+00  dt = 0.4277E+00  final t = 0.318576E+03
 AMRCLAW: level  1  CFL = .450E+00  dt = 0.4281E+00  final t = 0.319004E+03
 AMRCLAW: level  1  CFL = .450E+00  dt = 0.4285E+00  final t = 0.319432E+03
 AMRCLAW: level  1  CFL = .450E+00  dt = 0.4289E+00  final t = 0.319861E+03
 AMRCLAW: level  1  CFL = .450E+00  dt = 0.4292E+00  final t = 0.320290E+03
 AMRCLAW: level  1  CFL = .450E+00  dt = 0.4296E+00  final t = 0.320720E+03
 AMRCLAW: level  1  CFL = .450E+00  dt = 0.4300E+00  final t = 0.321150E+03
 AMRCLAW: level  1  CFL = .450E+00  dt = 0.4304E+00  final t = 0.321580E+03
 AMRCLAW: level  1  CFL = .450E+00  dt = 0.4308E+00  final t = 0.322011E+03
 AMRCLAW: level  1  CFL = .450E+00  dt = 0.4312E+00  final t = 0.322442E+03
 AMRCLAW: level  1  CFL = .450E+00  dt = 0.4316E+00  final t = 0.322874E+03
 AMRCLAW: level  1  CFL = .450E+00  dt = 0.4320E+00  final t = 0.323306E+03
 AMRCLAW: level  1  CFL = .450E+00  dt = 0.4323E+00  final t = 0.323738E+03
 AMRCLAW: level  1  CFL = .450E+00  dt = 0.4327E+00  final t = 0.324171E+03
 AMRCLAW: level  1  CFL = .450E+00  dt = 0.4331E+00  final t = 0.324604E+03
 AMRCLAW: level  1  CFL = .450E+00  dt = 0.4335E+00  final t = 0.325038E+03
 AMRCLAW: level  1  CFL = .450E+00  dt = 0.4339E+00  final t = 0.325472E+03
 AMRCLAW: level  1  CFL = .450E+00  dt = 0.4343E+00  final t = 0.325906E+03
 AMRCLAW: level  1  CFL = .450E+00  dt = 0.4347E+00  final t = 0.326341E+03
 AMRCLAW: level  1  CFL = .450E+00  dt = 0.4350E+00  final t = 0.326776E+03
 AMRCLAW: level  1  CFL = .450E+00  dt = 0.4354E+00  final t = 0.327211E+03
 AMRCLAW: level  1  CFL = .450E+00  dt = 0.4358E+00  final t = 0.327647E+03
 AMRCLAW: level  1  CFL = .450E+00  dt = 0.4361E+00  final t = 0.328083E+03
 AMRCLAW: level  1  CFL = .450E+00  dt = 0.4365E+00  final t = 0.328519E+03
 AMRCLAW: level  1  CFL = .450E+00  dt = 0.4368E+00  final t = 0.328956E+03
 AMRCLAW: level  1  CFL = .449E+00  dt = 0.4372E+00  final t = 0.329393E+03
 AMRCLAW: level  1  CFL = .449E+00  dt = 0.4378E+00  final t = 0.329831E+03
 AMRCLAW: level  1  CFL = .173E+00  dt = 0.1688E+00  final t = 0.330000E+03
GEOCLAW: Frame   11 output files done at time t =  0.330000D+03

 AMRCLAW: level  1  CFL = .450E+00  dt = 0.4390E+00  final t = 0.330439E+03
 AMRCLAW: level  1  CFL = .449E+00  dt = 0.4392E+00  final t = 0.330878E+03
 AMRCLAW: level  1  CFL = .449E+00  dt = 0.4399E+00  final t = 0.331318E+03
 AMRCLAW: level  1  CFL = .449E+00  dt = 0.4405E+00  final t = 0.331759E+03
 AMRCLAW: level  1  CFL = .449E+00  dt = 0.4411E+00  final t = 0.332200E+03
 AMRCLAW: level  1  CFL = .449E+00  dt = 0.4418E+00  final t = 0.332642E+03
 AMRCLAW: level  1  CFL = .449E+00  dt = 0.4424E+00  final t = 0.333084E+03
 AMRCLAW: level  1  CFL = .449E+00  dt = 0.4430E+00  final t = 0.333527E+03
 AMRCLAW: level  1  CFL = .449E+00  dt = 0.4436E+00  final t = 0.333971E+03
 AMRCLAW: level  1  CFL = .449E+00  dt = 0.4443E+00  final t = 0.334415E+03
 AMRCLAW: level  1  CFL = .449E+00  dt = 0.4450E+00  final t = 0.334860E+03
 AMRCLAW: level  1  CFL = .450E+00  dt = 0.4460E+00  final t = 0.335306E+03
 AMRCLAW: level  1  CFL = .450E+00  dt = 0.4463E+00  final t = 0.335752E+03
 AMRCLAW: level  1  CFL = .450E+00  dt = 0.4466E+00  final t = 0.336199E+03
 AMRCLAW: level  1  CFL = .450E+00  dt = 0.4468E+00  final t = 0.336645E+03
 AMRCLAW: level  1  CFL = .450E+00  dt = 0.4470E+00  final t = 0.337093E+03
 AMRCLAW: level  1  CFL = .450E+00  dt = 0.4472E+00  final t = 0.337540E+03
 AMRCLAW: level  1  CFL = .450E+00  dt = 0.4474E+00  final t = 0.337987E+03
 AMRCLAW: level  1  CFL = .450E+00  dt = 0.4475E+00  final t = 0.338435E+03
 AMRCLAW: level  1  CFL = .450E+00  dt = 0.4476E+00  final t = 0.338882E+03
 AMRCLAW: level  1  CFL = .450E+00  dt = 0.4477E+00  final t = 0.339330E+03
 AMRCLAW: level  1  CFL = .450E+00  dt = 0.4477E+00  final t = 0.339778E+03
 AMRCLAW: level  1  CFL = .450E+00  dt = 0.4478E+00  final t = 0.340225E+03
 AMRCLAW: level  1  CFL = .450E+00  dt = 0.4478E+00  final t = 0.340673E+03
 AMRCLAW: level  1  CFL = .450E+00  dt = 0.4478E+00  final t = 0.341121E+03
 AMRCLAW: level  1  CFL = .450E+00  dt = 0.4477E+00  final t = 0.341569E+03
 AMRCLAW: level  1  CFL = .450E+00  dt = 0.4476E+00  final t = 0.342016E+03
 AMRCLAW: level  1  CFL = .450E+00  dt = 0.4474E+00  final t = 0.342464E+03
 AMRCLAW: level  1  CFL = .450E+00  dt = 0.4471E+00  final t = 0.342911E+03
 AMRCLAW: level  1  CFL = .450E+00  dt = 0.4468E+00  final t = 0.343358E+03
 AMRCLAW: level  1  CFL = .450E+00  dt = 0.4465E+00  final t = 0.343804E+03
 AMRCLAW: level  1  CFL = .450E+00  dt = 0.4462E+00  final t = 0.344250E+03
 AMRCLAW: level  1  CFL = .450E+00  dt = 0.4460E+00  final t = 0.344696E+03
 AMRCLAW: level  1  CFL = .450E+00  dt = 0.4459E+00  final t = 0.345142E+03
 AMRCLAW: level  1  CFL = .450E+00  dt = 0.4459E+00  final t = 0.345588E+03
 AMRCLAW: level  1  CFL = .450E+00  dt = 0.4460E+00  final t = 0.346034E+03
 AMRCLAW: level  1  CFL = .450E+00  dt = 0.4464E+00  final t = 0.346480E+03
 AMRCLAW: level  1  CFL = .449E+00  dt = 0.4467E+00  final t = 0.346927E+03
 AMRCLAW: level  1  CFL = .449E+00  dt = 0.4473E+00  final t = 0.347374E+03
 AMRCLAW: level  1  CFL = .449E+00  dt = 0.4478E+00  final t = 0.347822E+03
 AMRCLAW: level  1  CFL = .449E+00  dt = 0.4484E+00  final t = 0.348271E+03
 AMRCLAW: level  1  CFL = .449E+00  dt = 0.4490E+00  final t = 0.348720E+03
 AMRCLAW: level  1  CFL = .449E+00  dt = 0.4497E+00  final t = 0.349169E+03
 AMRCLAW: level  1  CFL = .449E+00  dt = 0.4503E+00  final t = 0.349620E+03
 AMRCLAW: level  1  CFL = .449E+00  dt = 0.4509E+00  final t = 0.350071E+03
 AMRCLAW: level  1  CFL = .450E+00  dt = 0.4515E+00  final t = 0.350522E+03
 AMRCLAW: level  1  CFL = .450E+00  dt = 0.4519E+00  final t = 0.350974E+03
 AMRCLAW: level  1  CFL = .450E+00  dt = 0.4522E+00  final t = 0.351426E+03
 AMRCLAW: level  1  CFL = .450E+00  dt = 0.4526E+00  final t = 0.351879E+03
 AMRCLAW: level  1  CFL = .450E+00  dt = 0.4529E+00  final t = 0.352332E+03
 AMRCLAW: level  1  CFL = .450E+00  dt = 0.4532E+00  final t = 0.352785E+03
 AMRCLAW: level  1  CFL = .450E+00  dt = 0.4535E+00  final t = 0.353238E+03
 AMRCLAW: level  1  CFL = .450E+00  dt = 0.4537E+00  final t = 0.353692E+03
 AMRCLAW: level  1  CFL = .450E+00  dt = 0.4540E+00  final t = 0.354146E+03
 AMRCLAW: level  1  CFL = .450E+00  dt = 0.4542E+00  final t = 0.354600E+03
 AMRCLAW: level  1  CFL = .450E+00  dt = 0.4544E+00  final t = 0.355055E+03
 AMRCLAW: level  1  CFL = .450E+00  dt = 0.4546E+00  final t = 0.355509E+03
 AMRCLAW: level  1  CFL = .450E+00  dt = 0.4548E+00  final t = 0.355964E+03
 AMRCLAW: level  1  CFL = .450E+00  dt = 0.4550E+00  final t = 0.356419E+03
 AMRCLAW: level  1  CFL = .450E+00  dt = 0.4552E+00  final t = 0.356874E+03
 AMRCLAW: level  1  CFL = .450E+00  dt = 0.4555E+00  final t = 0.357330E+03
 AMRCLAW: level  1  CFL = .450E+00  dt = 0.4558E+00  final t = 0.357785E+03
 AMRCLAW: level  1  CFL = .450E+00  dt = 0.4561E+00  final t = 0.358242E+03
 AMRCLAW: level  1  CFL = .449E+00  dt = 0.4566E+00  final t = 0.358698E+03
 AMRCLAW: level  1  CFL = .449E+00  dt = 0.4571E+00  final t = 0.359155E+03
 AMRCLAW: level  1  CFL = .449E+00  dt = 0.4577E+00  final t = 0.359613E+03
 AMRCLAW: level  1  CFL = .379E+00  dt = 0.3870E+00  final t = 0.360000E+03
GEOCLAW: Frame   12 output files done at time t =  0.360000D+03

 AMRCLAW: level  1  CFL = .449E+00  dt = 0.4591E+00  final t = 0.360459E+03
 AMRCLAW: level  1  CFL = .449E+00  dt = 0.4598E+00  final t = 0.360919E+03
 AMRCLAW: level  1  CFL = .449E+00  dt = 0.4605E+00  final t = 0.361379E+03
 AMRCLAW: level  1  CFL = .449E+00  dt = 0.4614E+00  final t = 0.361841E+03
 AMRCLAW: level  1  CFL = .449E+00  dt = 0.4622E+00  final t = 0.362303E+03
 AMRCLAW: level  1  CFL = .449E+00  dt = 0.4631E+00  final t = 0.362766E+03
 AMRCLAW: level  1  CFL = .449E+00  dt = 0.4640E+00  final t = 0.363230E+03
 AMRCLAW: level  1  CFL = .449E+00  dt = 0.4649E+00  final t = 0.363695E+03
 AMRCLAW: level  1  CFL = .449E+00  dt = 0.4658E+00  final t = 0.364161E+03
 AMRCLAW: level  1  CFL = .449E+00  dt = 0.4668E+00  final t = 0.364627E+03
 AMRCLAW: level  1  CFL = .449E+00  dt = 0.4677E+00  final t = 0.365095E+03
 AMRCLAW: level  1  CFL = .449E+00  dt = 0.4687E+00  final t = 0.365564E+03
 AMRCLAW: level  1  CFL = .449E+00  dt = 0.4697E+00  final t = 0.366034E+03
 AMRCLAW: level  1  CFL = .449E+00  dt = 0.4707E+00  final t = 0.366504E+03
 AMRCLAW: level  1  CFL = .449E+00  dt = 0.4716E+00  final t = 0.366976E+03
 AMRCLAW: level  1  CFL = .449E+00  dt = 0.4726E+00  final t = 0.367448E+03
 AMRCLAW: level  1  CFL = .449E+00  dt = 0.4735E+00  final t = 0.367922E+03
 AMRCLAW: level  1  CFL = .449E+00  dt = 0.4744E+00  final t = 0.368396E+03
 AMRCLAW: level  1  CFL = .449E+00  dt = 0.4751E+00  final t = 0.368871E+03
 AMRCLAW: level  1  CFL = .449E+00  dt = 0.4759E+00  final t = 0.369347E+03
 AMRCLAW: level  1  CFL = .449E+00  dt = 0.4766E+00  final t = 0.369824E+03
 AMRCLAW: level  1  CFL = .449E+00  dt = 0.4773E+00  final t = 0.370301E+03
 AMRCLAW: level  1  CFL = .449E+00  dt = 0.4780E+00  final t = 0.370779E+03
 AMRCLAW: level  1  CFL = .449E+00  dt = 0.4787E+00  final t = 0.371258E+03
 AMRCLAW: level  1  CFL = .449E+00  dt = 0.4794E+00  final t = 0.371737E+03
 AMRCLAW: level  1  CFL = .449E+00  dt = 0.4802E+00  final t = 0.372218E+03
 AMRCLAW: level  1  CFL = .449E+00  dt = 0.4809E+00  final t = 0.372698E+03
 AMRCLAW: level  1  CFL = .449E+00  dt = 0.4817E+00  final t = 0.373180E+03
 AMRCLAW: level  1  CFL = .449E+00  dt = 0.4824E+00  final t = 0.373663E+03
 AMRCLAW: level  1  CFL = .449E+00  dt = 0.4832E+00  final t = 0.374146E+03
 AMRCLAW: level  1  CFL = .449E+00  dt = 0.4839E+00  final t = 0.374630E+03
 AMRCLAW: level  1  CFL = .449E+00  dt = 0.4847E+00  final t = 0.375114E+03
 AMRCLAW: level  1  CFL = .449E+00  dt = 0.4854E+00  final t = 0.375600E+03
 AMRCLAW: level  1  CFL = .449E+00  dt = 0.4862E+00  final t = 0.376086E+03
 AMRCLAW: level  1  CFL = .449E+00  dt = 0.4869E+00  final t = 0.376573E+03
 AMRCLAW: level  1  CFL = .449E+00  dt = 0.4877E+00  final t = 0.377061E+03
 AMRCLAW: level  1  CFL = .449E+00  dt = 0.4884E+00  final t = 0.377549E+03
 AMRCLAW: level  1  CFL = .449E+00  dt = 0.4891E+00  final t = 0.378038E+03
 AMRCLAW: level  1  CFL = .449E+00  dt = 0.4899E+00  final t = 0.378528E+03
 AMRCLAW: level  1  CFL = .450E+00  dt = 0.4905E+00  final t = 0.379019E+03
 AMRCLAW: level  1  CFL = .450E+00  dt = 0.4906E+00  final t = 0.379509E+03
 AMRCLAW: level  1  CFL = .450E+00  dt = 0.4909E+00  final t = 0.380000E+03
 AMRCLAW: level  1  CFL = .449E+00  dt = 0.4914E+00  final t = 0.380492E+03
 AMRCLAW: level  1  CFL = .449E+00  dt = 0.4921E+00  final t = 0.380984E+03
 AMRCLAW: level  1  CFL = .449E+00  dt = 0.4927E+00  final t = 0.381476E+03
 AMRCLAW: level  1  CFL = .449E+00  dt = 0.4934E+00  final t = 0.381970E+03
 AMRCLAW: level  1  CFL = .449E+00  dt = 0.4941E+00  final t = 0.382464E+03
 AMRCLAW: level  1  CFL = .449E+00  dt = 0.4949E+00  final t = 0.382959E+03
 AMRCLAW: level  1  CFL = .449E+00  dt = 0.4956E+00  final t = 0.383454E+03
 AMRCLAW: level  1  CFL = .449E+00  dt = 0.4963E+00  final t = 0.383951E+03
 AMRCLAW: level  1  CFL = .449E+00  dt = 0.4969E+00  final t = 0.384447E+03
 AMRCLAW: level  1  CFL = .449E+00  dt = 0.4976E+00  final t = 0.384945E+03
 AMRCLAW: level  1  CFL = .449E+00  dt = 0.4983E+00  final t = 0.385443E+03
 AMRCLAW: level  1  CFL = .449E+00  dt = 0.4990E+00  final t = 0.385942E+03
 AMRCLAW: level  1  CFL = .449E+00  dt = 0.4997E+00  final t = 0.386442E+03
 AMRCLAW: level  1  CFL = .449E+00  dt = 0.5000E+00  final t = 0.386942E+03
 AMRCLAW: level  1  CFL = .448E+00  dt = 0.5000E+00  final t = 0.387442E+03
 AMRCLAW: level  1  CFL = .447E+00  dt = 0.5000E+00  final t = 0.387942E+03
 AMRCLAW: level  1  CFL = .447E+00  dt = 0.5000E+00  final t = 0.388442E+03
 AMRCLAW: level  1  CFL = .446E+00  dt = 0.5000E+00  final t = 0.388942E+03
 AMRCLAW: level  1  CFL = .445E+00  dt = 0.5000E+00  final t = 0.389442E+03
 AMRCLAW: level  1  CFL = .444E+00  dt = 0.5000E+00  final t = 0.389942E+03
 AMRCLAW: level  1  CFL = .515E-01  dt = 0.5806E-01  final t = 0.390000E+03
GEOCLAW: Frame   13 output files done at time t =  0.390000D+03

 AMRCLAW: level  1  CFL = .443E+00  dt = 0.5000E+00  final t = 0.390500E+03
 AMRCLAW: level  1  CFL = .442E+00  dt = 0.5000E+00  final t = 0.391000E+03
 AMRCLAW: level  1  CFL = .441E+00  dt = 0.5000E+00  final t = 0.391500E+03
 AMRCLAW: level  1  CFL = .440E+00  dt = 0.5000E+00  final t = 0.392000E+03
 AMRCLAW: level  1  CFL = .439E+00  dt = 0.5000E+00  final t = 0.392500E+03
 AMRCLAW: level  1  CFL = .438E+00  dt = 0.5000E+00  final t = 0.393000E+03
 AMRCLAW: level  1  CFL = .437E+00  dt = 0.5000E+00  final t = 0.393500E+03
 AMRCLAW: level  1  CFL = .436E+00  dt = 0.5000E+00  final t = 0.394000E+03
 AMRCLAW: level  1  CFL = .435E+00  dt = 0.5000E+00  final t = 0.394500E+03
 AMRCLAW: level  1  CFL = .434E+00  dt = 0.5000E+00  final t = 0.395000E+03
 AMRCLAW: level  1  CFL = .433E+00  dt = 0.5000E+00  final t = 0.395500E+03
 AMRCLAW: level  1  CFL = .432E+00  dt = 0.5000E+00  final t = 0.396000E+03
 AMRCLAW: level  1  CFL = .431E+00  dt = 0.5000E+00  final t = 0.396500E+03
 AMRCLAW: level  1  CFL = .430E+00  dt = 0.5000E+00  final t = 0.397000E+03
 AMRCLAW: level  1  CFL = .429E+00  dt = 0.5000E+00  final t = 0.397500E+03
 AMRCLAW: level  1  CFL = .428E+00  dt = 0.5000E+00  final t = 0.398000E+03
 AMRCLAW: level  1  CFL = .427E+00  dt = 0.5000E+00  final t = 0.398500E+03
 AMRCLAW: level  1  CFL = .426E+00  dt = 0.5000E+00  final t = 0.399000E+03
 AMRCLAW: level  1  CFL = .425E+00  dt = 0.5000E+00  final t = 0.399500E+03
 AMRCLAW: level  1  CFL = .424E+00  dt = 0.5000E+00  final t = 0.400000E+03
 AMRCLAW: level  1  CFL = .423E+00  dt = 0.5000E+00  final t = 0.400500E+03
 AMRCLAW: level  1  CFL = .422E+00  dt = 0.5000E+00  final t = 0.401000E+03
 AMRCLAW: level  1  CFL = .420E+00  dt = 0.5000E+00  final t = 0.401500E+03
 AMRCLAW: level  1  CFL = .419E+00  dt = 0.5000E+00  final t = 0.402000E+03
 AMRCLAW: level  1  CFL = .418E+00  dt = 0.5000E+00  final t = 0.402500E+03
 AMRCLAW: level  1  CFL = .417E+00  dt = 0.5000E+00  final t = 0.403000E+03
 AMRCLAW: level  1  CFL = .416E+00  dt = 0.5000E+00  final t = 0.403500E+03
 AMRCLAW: level  1  CFL = .414E+00  dt = 0.5000E+00  final t = 0.404000E+03
 AMRCLAW: level  1  CFL = .413E+00  dt = 0.5000E+00  final t = 0.404500E+03
 AMRCLAW: level  1  CFL = .412E+00  dt = 0.5000E+00  final t = 0.405000E+03
 AMRCLAW: level  1  CFL = .411E+00  dt = 0.5000E+00  final t = 0.405500E+03
 AMRCLAW: level  1  CFL = .410E+00  dt = 0.5000E+00  final t = 0.406000E+03
 AMRCLAW: level  1  CFL = .410E+00  dt = 0.5000E+00  final t = 0.406500E+03
 AMRCLAW: level  1  CFL = .409E+00  dt = 0.5000E+00  final t = 0.407000E+03
 AMRCLAW: level  1  CFL = .409E+00  dt = 0.5000E+00  final t = 0.407500E+03
 AMRCLAW: level  1  CFL = .409E+00  dt = 0.5000E+00  final t = 0.408000E+03
 AMRCLAW: level  1  CFL = .409E+00  dt = 0.5000E+00  final t = 0.408500E+03
 AMRCLAW: level  1  CFL = .409E+00  dt = 0.5000E+00  final t = 0.409000E+03
 AMRCLAW: level  1  CFL = .409E+00  dt = 0.5000E+00  final t = 0.409500E+03
 AMRCLAW: level  1  CFL = .409E+00  dt = 0.5000E+00  final t = 0.410000E+03
 AMRCLAW: level  1  CFL = .408E+00  dt = 0.5000E+00  final t = 0.410500E+03
 AMRCLAW: level  1  CFL = .408E+00  dt = 0.5000E+00  final t = 0.411000E+03
 AMRCLAW: level  1  CFL = .408E+00  dt = 0.5000E+00  final t = 0.411500E+03
 AMRCLAW: level  1  CFL = .408E+00  dt = 0.5000E+00  final t = 0.412000E+03
 AMRCLAW: level  1  CFL = .408E+00  dt = 0.5000E+00  final t = 0.412500E+03
 AMRCLAW: level  1  CFL = .407E+00  dt = 0.5000E+00  final t = 0.413000E+03
 AMRCLAW: level  1  CFL = .407E+00  dt = 0.5000E+00  final t = 0.413500E+03
 AMRCLAW: level  1  CFL = .407E+00  dt = 0.5000E+00  final t = 0.414000E+03
 AMRCLAW: level  1  CFL = .407E+00  dt = 0.5000E+00  final t = 0.414500E+03
 AMRCLAW: level  1  CFL = .407E+00  dt = 0.5000E+00  final t = 0.415000E+03
 AMRCLAW: level  1  CFL = .407E+00  dt = 0.5000E+00  final t = 0.415500E+03
 AMRCLAW: level  1  CFL = .407E+00  dt = 0.5000E+00  final t = 0.416000E+03
 AMRCLAW: level  1  CFL = .407E+00  dt = 0.5000E+00  final t = 0.416500E+03
 AMRCLAW: level  1  CFL = .407E+00  dt = 0.5000E+00  final t = 0.417000E+03
 AMRCLAW: level  1  CFL = .407E+00  dt = 0.5000E+00  final t = 0.417500E+03
 AMRCLAW: level  1  CFL = .407E+00  dt = 0.5000E+00  final t = 0.418000E+03
 AMRCLAW: level  1  CFL = .407E+00  dt = 0.5000E+00  final t = 0.418500E+03
 AMRCLAW: level  1  CFL = .407E+00  dt = 0.5000E+00  final t = 0.419000E+03
 AMRCLAW: level  1  CFL = .407E+00  dt = 0.5000E+00  final t = 0.419500E+03
 AMRCLAW: level  1  CFL = .406E+00  dt = 0.5000E+00  final t = 0.420000E+03
GEOCLAW: Frame   14 output files done at time t =  0.420000D+03

 AMRCLAW: level  1  CFL = .406E+00  dt = 0.5000E+00  final t = 0.420500E+03
 AMRCLAW: level  1  CFL = .406E+00  dt = 0.5000E+00  final t = 0.421000E+03
 AMRCLAW: level  1  CFL = .406E+00  dt = 0.5000E+00  final t = 0.421500E+03
 AMRCLAW: level  1  CFL = .406E+00  dt = 0.5000E+00  final t = 0.422000E+03
 AMRCLAW: level  1  CFL = .406E+00  dt = 0.5000E+00  final t = 0.422500E+03
 AMRCLAW: level  1  CFL = .405E+00  dt = 0.5000E+00  final t = 0.423000E+03
 AMRCLAW: level  1  CFL = .405E+00  dt = 0.5000E+00  final t = 0.423500E+03
 AMRCLAW: level  1  CFL = .405E+00  dt = 0.5000E+00  final t = 0.424000E+03
 AMRCLAW: level  1  CFL = .405E+00  dt = 0.5000E+00  final t = 0.424500E+03
 AMRCLAW: level  1  CFL = .405E+00  dt = 0.5000E+00  final t = 0.425000E+03
 AMRCLAW: level  1  CFL = .405E+00  dt = 0.5000E+00  final t = 0.425500E+03
 AMRCLAW: level  1  CFL = .404E+00  dt = 0.5000E+00  final t = 0.426000E+03
 AMRCLAW: level  1  CFL = .404E+00  dt = 0.5000E+00  final t = 0.426500E+03
 AMRCLAW: level  1  CFL = .404E+00  dt = 0.5000E+00  final t = 0.427000E+03
 AMRCLAW: level  1  CFL = .404E+00  dt = 0.5000E+00  final t = 0.427500E+03
 AMRCLAW: level  1  CFL = .404E+00  dt = 0.5000E+00  final t = 0.428000E+03
 AMRCLAW: level  1  CFL = .403E+00  dt = 0.5000E+00  final t = 0.428500E+03
 AMRCLAW: level  1  CFL = .403E+00  dt = 0.5000E+00  final t = 0.429000E+03
 AMRCLAW: level  1  CFL = .403E+00  dt = 0.5000E+00  final t = 0.429500E+03
 AMRCLAW: level  1  CFL = .403E+00  dt = 0.5000E+00  final t = 0.430000E+03
 AMRCLAW: level  1  CFL = .403E+00  dt = 0.5000E+00  final t = 0.430500E+03
 AMRCLAW: level  1  CFL = .402E+00  dt = 0.5000E+00  final t = 0.431000E+03
 AMRCLAW: level  1  CFL = .402E+00  dt = 0.5000E+00  final t = 0.431500E+03
 AMRCLAW: level  1  CFL = .402E+00  dt = 0.5000E+00  final t = 0.432000E+03
 AMRCLAW: level  1  CFL = .402E+00  dt = 0.5000E+00  final t = 0.432500E+03
 AMRCLAW: level  1  CFL = .402E+00  dt = 0.5000E+00  final t = 0.433000E+03
 AMRCLAW: level  1  CFL = .402E+00  dt = 0.5000E+00  final t = 0.433500E+03
 AMRCLAW: level  1  CFL = .401E+00  dt = 0.5000E+00  final t = 0.434000E+03
 AMRCLAW: level  1  CFL = .401E+00  dt = 0.5000E+00  final t = 0.434500E+03
 AMRCLAW: level  1  CFL = .401E+00  dt = 0.5000E+00  final t = 0.435000E+03
 AMRCLAW: level  1  CFL = .401E+00  dt = 0.5000E+00  final t = 0.435500E+03
 AMRCLAW: level  1  CFL = .401E+00  dt = 0.5000E+00  final t = 0.436000E+03
 AMRCLAW: level  1  CFL = .401E+00  dt = 0.5000E+00  final t = 0.436500E+03
 AMRCLAW: level  1  CFL = .400E+00  dt = 0.5000E+00  final t = 0.437000E+03
 AMRCLAW: level  1  CFL = .400E+00  dt = 0.5000E+00  final t = 0.437500E+03
 AMRCLAW: level  1  CFL = .400E+00  dt = 0.5000E+00  final t = 0.438000E+03
 AMRCLAW: level  1  CFL = .400E+00  dt = 0.5000E+00  final t = 0.438500E+03
 AMRCLAW: level  1  CFL = .399E+00  dt = 0.5000E+00  final t = 0.439000E+03
 AMRCLAW: level  1  CFL = .399E+00  dt = 0.5000E+00  final t = 0.439500E+03
 AMRCLAW: level  1  CFL = .399E+00  dt = 0.5000E+00  final t = 0.440000E+03
 AMRCLAW: level  1  CFL = .398E+00  dt = 0.5000E+00  final t = 0.440500E+03
 AMRCLAW: level  1  CFL = .398E+00  dt = 0.5000E+00  final t = 0.441000E+03
 AMRCLAW: level  1  CFL = .398E+00  dt = 0.5000E+00  final t = 0.441500E+03
 AMRCLAW: level  1  CFL = .397E+00  dt = 0.5000E+00  final t = 0.442000E+03
 AMRCLAW: level  1  CFL = .397E+00  dt = 0.5000E+00  final t = 0.442500E+03
 AMRCLAW: level  1  CFL = .396E+00  dt = 0.5000E+00  final t = 0.443000E+03
 AMRCLAW: level  1  CFL = .396E+00  dt = 0.5000E+00  final t = 0.443500E+03
 AMRCLAW: level  1  CFL = .396E+00  dt = 0.5000E+00  final t = 0.444000E+03
 AMRCLAW: level  1  CFL = .395E+00  dt = 0.5000E+00  final t = 0.444500E+03
 AMRCLAW: level  1  CFL = .395E+00  dt = 0.5000E+00  final t = 0.445000E+03
 AMRCLAW: level  1  CFL = .395E+00  dt = 0.5000E+00  final t = 0.445500E+03
 AMRCLAW: level  1  CFL = .394E+00  dt = 0.5000E+00  final t = 0.446000E+03
 AMRCLAW: level  1  CFL = .394E+00  dt = 0.5000E+00  final t = 0.446500E+03
 AMRCLAW: level  1  CFL = .394E+00  dt = 0.5000E+00  final t = 0.447000E+03
 AMRCLAW: level  1  CFL = .393E+00  dt = 0.5000E+00  final t = 0.447500E+03
 AMRCLAW: level  1  CFL = .393E+00  dt = 0.5000E+00  final t = 0.448000E+03
 AMRCLAW: level  1  CFL = .393E+00  dt = 0.5000E+00  final t = 0.448500E+03
 AMRCLAW: level  1  CFL = .392E+00  dt = 0.5000E+00  final t = 0.449000E+03
 AMRCLAW: level  1  CFL = .392E+00  dt = 0.5000E+00  final t = 0.449500E+03
 AMRCLAW: level  1  CFL = .392E+00  dt = 0.5000E+00  final t = 0.450000E+03
GEOCLAW: Frame   15 output files done at time t =  0.450000D+03

 AMRCLAW: level  1  CFL = .391E+00  dt = 0.5000E+00  final t = 0.450500E+03
 AMRCLAW: level  1  CFL = .391E+00  dt = 0.5000E+00  final t = 0.451000E+03
 AMRCLAW: level  1  CFL = .390E+00  dt = 0.5000E+00  final t = 0.451500E+03
 AMRCLAW: level  1  CFL = .390E+00  dt = 0.5000E+00  final t = 0.452000E+03
 AMRCLAW: level  1  CFL = .390E+00  dt = 0.5000E+00  final t = 0.452500E+03
 AMRCLAW: level  1  CFL = .389E+00  dt = 0.5000E+00  final t = 0.453000E+03
 AMRCLAW: level  1  CFL = .389E+00  dt = 0.5000E+00  final t = 0.453500E+03
 AMRCLAW: level  1  CFL = .389E+00  dt = 0.5000E+00  final t = 0.454000E+03
 AMRCLAW: level  1  CFL = .388E+00  dt = 0.5000E+00  final t = 0.454500E+03
 AMRCLAW: level  1  CFL = .388E+00  dt = 0.5000E+00  final t = 0.455000E+03
 AMRCLAW: level  1  CFL = .388E+00  dt = 0.5000E+00  final t = 0.455500E+03
 AMRCLAW: level  1  CFL = .388E+00  dt = 0.5000E+00  final t = 0.456000E+03
 AMRCLAW: level  1  CFL = .388E+00  dt = 0.5000E+00  final t = 0.456500E+03
 AMRCLAW: level  1  CFL = .387E+00  dt = 0.5000E+00  final t = 0.457000E+03
 AMRCLAW: level  1  CFL = .387E+00  dt = 0.5000E+00  final t = 0.457500E+03
 AMRCLAW: level  1  CFL = .386E+00  dt = 0.5000E+00  final t = 0.458000E+03
 AMRCLAW: level  1  CFL = .386E+00  dt = 0.5000E+00  final t = 0.458500E+03
 AMRCLAW: level  1  CFL = .385E+00  dt = 0.5000E+00  final t = 0.459000E+03
 AMRCLAW: level  1  CFL = .385E+00  dt = 0.5000E+00  final t = 0.459500E+03
 AMRCLAW: level  1  CFL = .386E+00  dt = 0.5000E+00  final t = 0.460000E+03
 AMRCLAW: level  1  CFL = .386E+00  dt = 0.5000E+00  final t = 0.460500E+03
 AMRCLAW: level  1  CFL = .386E+00  dt = 0.5000E+00  final t = 0.461000E+03
 AMRCLAW: level  1  CFL = .386E+00  dt = 0.5000E+00  final t = 0.461500E+03
 AMRCLAW: level  1  CFL = .386E+00  dt = 0.5000E+00  final t = 0.462000E+03
 AMRCLAW: level  1  CFL = .386E+00  dt = 0.5000E+00  final t = 0.462500E+03
 AMRCLAW: level  1  CFL = .386E+00  dt = 0.5000E+00  final t = 0.463000E+03
 AMRCLAW: level  1  CFL = .386E+00  dt = 0.5000E+00  final t = 0.463500E+03
 AMRCLAW: level  1  CFL = .387E+00  dt = 0.5000E+00  final t = 0.464000E+03
 AMRCLAW: level  1  CFL = .387E+00  dt = 0.5000E+00  final t = 0.464500E+03
 AMRCLAW: level  1  CFL = .387E+00  dt = 0.5000E+00  final t = 0.465000E+03
 AMRCLAW: level  1  CFL = .387E+00  dt = 0.5000E+00  final t = 0.465500E+03
 AMRCLAW: level  1  CFL = .388E+00  dt = 0.5000E+00  final t = 0.466000E+03
 AMRCLAW: level  1  CFL = .388E+00  dt = 0.5000E+00  final t = 0.466500E+03
 AMRCLAW: level  1  CFL = .388E+00  dt = 0.5000E+00  final t = 0.467000E+03
 AMRCLAW: level  1  CFL = .389E+00  dt = 0.5000E+00  final t = 0.467500E+03
 AMRCLAW: level  1  CFL = .389E+00  dt = 0.5000E+00  final t = 0.468000E+03
 AMRCLAW: level  1  CFL = .389E+00  dt = 0.5000E+00  final t = 0.468500E+03
 AMRCLAW: level  1  CFL = .389E+00  dt = 0.5000E+00  final t = 0.469000E+03
 AMRCLAW: level  1  CFL = .389E+00  dt = 0.5000E+00  final t = 0.469500E+03
 AMRCLAW: level  1  CFL = .389E+00  dt = 0.5000E+00  final t = 0.470000E+03
 AMRCLAW: level  1  CFL = .389E+00  dt = 0.5000E+00  final t = 0.470500E+03
 AMRCLAW: level  1  CFL = .389E+00  dt = 0.5000E+00  final t = 0.471000E+03
 AMRCLAW: level  1  CFL = .389E+00  dt = 0.5000E+00  final t = 0.471500E+03
 AMRCLAW: level  1  CFL = .389E+00  dt = 0.5000E+00  final t = 0.472000E+03
 AMRCLAW: level  1  CFL = .389E+00  dt = 0.5000E+00  final t = 0.472500E+03
 AMRCLAW: level  1  CFL = .389E+00  dt = 0.5000E+00  final t = 0.473000E+03
 AMRCLAW: level  1  CFL = .389E+00  dt = 0.5000E+00  final t = 0.473500E+03
 AMRCLAW: level  1  CFL = .389E+00  dt = 0.5000E+00  final t = 0.474000E+03
 AMRCLAW: level  1  CFL = .389E+00  dt = 0.5000E+00  final t = 0.474500E+03
 AMRCLAW: level  1  CFL = .390E+00  dt = 0.5000E+00  final t = 0.475000E+03
 AMRCLAW: level  1  CFL = .390E+00  dt = 0.5000E+00  final t = 0.475500E+03
 AMRCLAW: level  1  CFL = .391E+00  dt = 0.5000E+00  final t = 0.476000E+03
 AMRCLAW: level  1  CFL = .391E+00  dt = 0.5000E+00  final t = 0.476500E+03
 AMRCLAW: level  1  CFL = .391E+00  dt = 0.5000E+00  final t = 0.477000E+03
 AMRCLAW: level  1  CFL = .391E+00  dt = 0.5000E+00  final t = 0.477500E+03
 AMRCLAW: level  1  CFL = .391E+00  dt = 0.5000E+00  final t = 0.478000E+03
 AMRCLAW: level  1  CFL = .392E+00  dt = 0.5000E+00  final t = 0.478500E+03
 AMRCLAW: level  1  CFL = .392E+00  dt = 0.5000E+00  final t = 0.479000E+03
 AMRCLAW: level  1  CFL = .392E+00  dt = 0.5000E+00  final t = 0.479500E+03
 AMRCLAW: level  1  CFL = .392E+00  dt = 0.5000E+00  final t = 0.480000E+03
GEOCLAW: Frame   16 output files done at time t =  0.480000D+03

 AMRCLAW: level  1  CFL = .392E+00  dt = 0.5000E+00  final t = 0.480500E+03
 AMRCLAW: level  1  CFL = .392E+00  dt = 0.5000E+00  final t = 0.481000E+03
 AMRCLAW: level  1  CFL = .392E+00  dt = 0.5000E+00  final t = 0.481500E+03
 AMRCLAW: level  1  CFL = .392E+00  dt = 0.5000E+00  final t = 0.482000E+03
 AMRCLAW: level  1  CFL = .392E+00  dt = 0.5000E+00  final t = 0.482500E+03
 AMRCLAW: level  1  CFL = .392E+00  dt = 0.5000E+00  final t = 0.483000E+03
 AMRCLAW: level  1  CFL = .391E+00  dt = 0.5000E+00  final t = 0.483500E+03
 AMRCLAW: level  1  CFL = .391E+00  dt = 0.5000E+00  final t = 0.484000E+03
 AMRCLAW: level  1  CFL = .391E+00  dt = 0.5000E+00  final t = 0.484500E+03
 AMRCLAW: level  1  CFL = .391E+00  dt = 0.5000E+00  final t = 0.485000E+03
 AMRCLAW: level  1  CFL = .391E+00  dt = 0.5000E+00  final t = 0.485500E+03
 AMRCLAW: level  1  CFL = .390E+00  dt = 0.5000E+00  final t = 0.486000E+03
 AMRCLAW: level  1  CFL = .390E+00  dt = 0.5000E+00  final t = 0.486500E+03
 AMRCLAW: level  1  CFL = .390E+00  dt = 0.5000E+00  final t = 0.487000E+03
 AMRCLAW: level  1  CFL = .389E+00  dt = 0.5000E+00  final t = 0.487500E+03
 AMRCLAW: level  1  CFL = .389E+00  dt = 0.5000E+00  final t = 0.488000E+03
 AMRCLAW: level  1  CFL = .388E+00  dt = 0.5000E+00  final t = 0.488500E+03
 AMRCLAW: level  1  CFL = .388E+00  dt = 0.5000E+00  final t = 0.489000E+03
 AMRCLAW: level  1  CFL = .387E+00  dt = 0.5000E+00  final t = 0.489500E+03
 AMRCLAW: level  1  CFL = .387E+00  dt = 0.5000E+00  final t = 0.490000E+03
 AMRCLAW: level  1  CFL = .386E+00  dt = 0.5000E+00  final t = 0.490500E+03
 AMRCLAW: level  1  CFL = .386E+00  dt = 0.5000E+00  final t = 0.491000E+03
 AMRCLAW: level  1  CFL = .385E+00  dt = 0.5000E+00  final t = 0.491500E+03
 AMRCLAW: level  1  CFL = .385E+00  dt = 0.5000E+00  final t = 0.492000E+03
 AMRCLAW: level  1  CFL = .385E+00  dt = 0.5000E+00  final t = 0.492500E+03
 AMRCLAW: level  1  CFL = .384E+00  dt = 0.5000E+00  final t = 0.493000E+03
 AMRCLAW: level  1  CFL = .384E+00  dt = 0.5000E+00  final t = 0.493500E+03
 AMRCLAW: level  1  CFL = .384E+00  dt = 0.5000E+00  final t = 0.494000E+03
 AMRCLAW: level  1  CFL = .383E+00  dt = 0.5000E+00  final t = 0.494500E+03
 AMRCLAW: level  1  CFL = .383E+00  dt = 0.5000E+00  final t = 0.495000E+03
 AMRCLAW: level  1  CFL = .382E+00  dt = 0.5000E+00  final t = 0.495500E+03
 AMRCLAW: level  1  CFL = .382E+00  dt = 0.5000E+00  final t = 0.496000E+03
 AMRCLAW: level  1  CFL = .382E+00  dt = 0.5000E+00  final t = 0.496500E+03
 AMRCLAW: level  1  CFL = .381E+00  dt = 0.5000E+00  final t = 0.497000E+03
 AMRCLAW: level  1  CFL = .381E+00  dt = 0.5000E+00  final t = 0.497500E+03
 AMRCLAW: level  1  CFL = .381E+00  dt = 0.5000E+00  final t = 0.498000E+03
 AMRCLAW: level  1  CFL = .380E+00  dt = 0.5000E+00  final t = 0.498500E+03
 AMRCLAW: level  1  CFL = .380E+00  dt = 0.5000E+00  final t = 0.499000E+03
 AMRCLAW: level  1  CFL = .380E+00  dt = 0.5000E+00  final t = 0.499500E+03
 AMRCLAW: level  1  CFL = .379E+00  dt = 0.5000E+00  final t = 0.500000E+03
 AMRCLAW: level  1  CFL = .379E+00  dt = 0.5000E+00  final t = 0.500500E+03
 AMRCLAW: level  1  CFL = .379E+00  dt = 0.5000E+00  final t = 0.501000E+03
 AMRCLAW: level  1  CFL = .379E+00  dt = 0.5000E+00  final t = 0.501500E+03
 AMRCLAW: level  1  CFL = .378E+00  dt = 0.5000E+00  final t = 0.502000E+03
 AMRCLAW: level  1  CFL = .378E+00  dt = 0.5000E+00  final t = 0.502500E+03
 AMRCLAW: level  1  CFL = .378E+00  dt = 0.5000E+00  final t = 0.503000E+03
 AMRCLAW: level  1  CFL = .377E+00  dt = 0.5000E+00  final t = 0.503500E+03
 AMRCLAW: level  1  CFL = .377E+00  dt = 0.5000E+00  final t = 0.504000E+03
 AMRCLAW: level  1  CFL = .377E+00  dt = 0.5000E+00  final t = 0.504500E+03
 AMRCLAW: level  1  CFL = .376E+00  dt = 0.5000E+00  final t = 0.505000E+03
 AMRCLAW: level  1  CFL = .376E+00  dt = 0.5000E+00  final t = 0.505500E+03
 AMRCLAW: level  1  CFL = .376E+00  dt = 0.5000E+00  final t = 0.506000E+03
 AMRCLAW: level  1  CFL = .376E+00  dt = 0.5000E+00  final t = 0.506500E+03
 AMRCLAW: level  1  CFL = .375E+00  dt = 0.5000E+00  final t = 0.507000E+03
 AMRCLAW: level  1  CFL = .375E+00  dt = 0.5000E+00  final t = 0.507500E+03
 AMRCLAW: level  1  CFL = .375E+00  dt = 0.5000E+00  final t = 0.508000E+03
 AMRCLAW: level  1  CFL = .375E+00  dt = 0.5000E+00  final t = 0.508500E+03
 AMRCLAW: level  1  CFL = .375E+00  dt = 0.5000E+00  final t = 0.509000E+03
 AMRCLAW: level  1  CFL = .375E+00  dt = 0.5000E+00  final t = 0.509500E+03
 AMRCLAW: level  1  CFL = .375E+00  dt = 0.5000E+00  final t = 0.510000E+03
GEOCLAW: Frame   17 output files done at time t =  0.510000D+03

 AMRCLAW: level  1  CFL = .375E+00  dt = 0.5000E+00  final t = 0.510500E+03
 AMRCLAW: level  1  CFL = .374E+00  dt = 0.5000E+00  final t = 0.511000E+03
 AMRCLAW: level  1  CFL = .374E+00  dt = 0.5000E+00  final t = 0.511500E+03
 AMRCLAW: level  1  CFL = .374E+00  dt = 0.5000E+00  final t = 0.512000E+03
 AMRCLAW: level  1  CFL = .374E+00  dt = 0.5000E+00  final t = 0.512500E+03
 AMRCLAW: level  1  CFL = .374E+00  dt = 0.5000E+00  final t = 0.513000E+03
 AMRCLAW: level  1  CFL = .373E+00  dt = 0.5000E+00  final t = 0.513500E+03
 AMRCLAW: level  1  CFL = .373E+00  dt = 0.5000E+00  final t = 0.514000E+03
 AMRCLAW: level  1  CFL = .373E+00  dt = 0.5000E+00  final t = 0.514500E+03
 AMRCLAW: level  1  CFL = .373E+00  dt = 0.5000E+00  final t = 0.515000E+03
 AMRCLAW: level  1  CFL = .372E+00  dt = 0.5000E+00  final t = 0.515500E+03
 AMRCLAW: level  1  CFL = .372E+00  dt = 0.5000E+00  final t = 0.516000E+03
 AMRCLAW: level  1  CFL = .372E+00  dt = 0.5000E+00  final t = 0.516500E+03
 AMRCLAW: level  1  CFL = .371E+00  dt = 0.5000E+00  final t = 0.517000E+03
 AMRCLAW: level  1  CFL = .371E+00  dt = 0.5000E+00  final t = 0.517500E+03
 AMRCLAW: level  1  CFL = .371E+00  dt = 0.5000E+00  final t = 0.518000E+03
 AMRCLAW: level  1  CFL = .370E+00  dt = 0.5000E+00  final t = 0.518500E+03
 AMRCLAW: level  1  CFL = .370E+00  dt = 0.5000E+00  final t = 0.519000E+03
 AMRCLAW: level  1  CFL = .370E+00  dt = 0.5000E+00  final t = 0.519500E+03
 AMRCLAW: level  1  CFL = .370E+00  dt = 0.5000E+00  final t = 0.520000E+03
 AMRCLAW: level  1  CFL = .369E+00  dt = 0.5000E+00  final t = 0.520500E+03
 AMRCLAW: level  1  CFL = .369E+00  dt = 0.5000E+00  final t = 0.521000E+03
 AMRCLAW: level  1  CFL = .369E+00  dt = 0.5000E+00  final t = 0.521500E+03
 AMRCLAW: level  1  CFL = .368E+00  dt = 0.5000E+00  final t = 0.522000E+03
 AMRCLAW: level  1  CFL = .368E+00  dt = 0.5000E+00  final t = 0.522500E+03
 AMRCLAW: level  1  CFL = .368E+00  dt = 0.5000E+00  final t = 0.523000E+03
 AMRCLAW: level  1  CFL = .368E+00  dt = 0.5000E+00  final t = 0.523500E+03
 AMRCLAW: level  1  CFL = .367E+00  dt = 0.5000E+00  final t = 0.524000E+03
 AMRCLAW: level  1  CFL = .367E+00  dt = 0.5000E+00  final t = 0.524500E+03
 AMRCLAW: level  1  CFL = .367E+00  dt = 0.5000E+00  final t = 0.525000E+03
 AMRCLAW: level  1  CFL = .367E+00  dt = 0.5000E+00  final t = 0.525500E+03
 AMRCLAW: level  1  CFL = .366E+00  dt = 0.5000E+00  final t = 0.526000E+03
 AMRCLAW: level  1  CFL = .366E+00  dt = 0.5000E+00  final t = 0.526500E+03
 AMRCLAW: level  1  CFL = .366E+00  dt = 0.5000E+00  final t = 0.527000E+03
 AMRCLAW: level  1  CFL = .366E+00  dt = 0.5000E+00  final t = 0.527500E+03
 AMRCLAW: level  1  CFL = .366E+00  dt = 0.5000E+00  final t = 0.528000E+03
 AMRCLAW: level  1  CFL = .365E+00  dt = 0.5000E+00  final t = 0.528500E+03
 AMRCLAW: level  1  CFL = .365E+00  dt = 0.5000E+00  final t = 0.529000E+03
 AMRCLAW: level  1  CFL = .365E+00  dt = 0.5000E+00  final t = 0.529500E+03
 AMRCLAW: level  1  CFL = .365E+00  dt = 0.5000E+00  final t = 0.530000E+03
 AMRCLAW: level  1  CFL = .364E+00  dt = 0.5000E+00  final t = 0.530500E+03
 AMRCLAW: level  1  CFL = .364E+00  dt = 0.5000E+00  final t = 0.531000E+03
 AMRCLAW: level  1  CFL = .364E+00  dt = 0.5000E+00  final t = 0.531500E+03
 AMRCLAW: level  1  CFL = .364E+00  dt = 0.5000E+00  final t = 0.532000E+03
 AMRCLAW: level  1  CFL = .363E+00  dt = 0.5000E+00  final t = 0.532500E+03
 AMRCLAW: level  1  CFL = .363E+00  dt = 0.5000E+00  final t = 0.533000E+03
 AMRCLAW: level  1  CFL = .363E+00  dt = 0.5000E+00  final t = 0.533500E+03
 AMRCLAW: level  1  CFL = .362E+00  dt = 0.5000E+00  final t = 0.534000E+03
 AMRCLAW: level  1  CFL = .362E+00  dt = 0.5000E+00  final t = 0.534500E+03
 AMRCLAW: level  1  CFL = .361E+00  dt = 0.5000E+00  final t = 0.535000E+03
 AMRCLAW: level  1  CFL = .360E+00  dt = 0.5000E+00  final t = 0.535500E+03
 AMRCLAW: level  1  CFL = .359E+00  dt = 0.5000E+00  final t = 0.536000E+03
 AMRCLAW: level  1  CFL = .359E+00  dt = 0.5000E+00  final t = 0.536500E+03
 AMRCLAW: level  1  CFL = .358E+00  dt = 0.5000E+00  final t = 0.537000E+03
 AMRCLAW: level  1  CFL = .356E+00  dt = 0.5000E+00  final t = 0.537500E+03
 AMRCLAW: level  1  CFL = .355E+00  dt = 0.5000E+00  final t = 0.538000E+03
 AMRCLAW: level  1  CFL = .354E+00  dt = 0.5000E+00  final t = 0.538500E+03
 AMRCLAW: level  1  CFL = .353E+00  dt = 0.5000E+00  final t = 0.539000E+03
 AMRCLAW: level  1  CFL = .352E+00  dt = 0.5000E+00  final t = 0.539500E+03
 AMRCLAW: level  1  CFL = .351E+00  dt = 0.5000E+00  final t = 0.540000E+03
GEOCLAW: Frame   18 output files done at time t =  0.540000D+03

 AMRCLAW: level  1  CFL = .350E+00  dt = 0.5000E+00  final t = 0.540500E+03
 AMRCLAW: level  1  CFL = .349E+00  dt = 0.5000E+00  final t = 0.541000E+03
 AMRCLAW: level  1  CFL = .348E+00  dt = 0.5000E+00  final t = 0.541500E+03
 AMRCLAW: level  1  CFL = .347E+00  dt = 0.5000E+00  final t = 0.542000E+03
 AMRCLAW: level  1  CFL = .346E+00  dt = 0.5000E+00  final t = 0.542500E+03
 AMRCLAW: level  1  CFL = .345E+00  dt = 0.5000E+00  final t = 0.543000E+03
 AMRCLAW: level  1  CFL = .344E+00  dt = 0.5000E+00  final t = 0.543500E+03
 AMRCLAW: level  1  CFL = .342E+00  dt = 0.5000E+00  final t = 0.544000E+03
 AMRCLAW: level  1  CFL = .340E+00  dt = 0.5000E+00  final t = 0.544500E+03
 AMRCLAW: level  1  CFL = .337E+00  dt = 0.5000E+00  final t = 0.545000E+03
 AMRCLAW: level  1  CFL = .334E+00  dt = 0.5000E+00  final t = 0.545500E+03
 AMRCLAW: level  1  CFL = .331E+00  dt = 0.5000E+00  final t = 0.546000E+03
 AMRCLAW: level  1  CFL = .328E+00  dt = 0.5000E+00  final t = 0.546500E+03
 AMRCLAW: level  1  CFL = .328E+00  dt = 0.5000E+00  final t = 0.547000E+03
 AMRCLAW: level  1  CFL = .328E+00  dt = 0.5000E+00  final t = 0.547500E+03
 AMRCLAW: level  1  CFL = .327E+00  dt = 0.5000E+00  final t = 0.548000E+03
 AMRCLAW: level  1  CFL = .327E+00  dt = 0.5000E+00  final t = 0.548500E+03
 AMRCLAW: level  1  CFL = .327E+00  dt = 0.5000E+00  final t = 0.549000E+03
 AMRCLAW: level  1  CFL = .327E+00  dt = 0.5000E+00  final t = 0.549500E+03
 AMRCLAW: level  1  CFL = .326E+00  dt = 0.5000E+00  final t = 0.550000E+03
 AMRCLAW: level  1  CFL = .326E+00  dt = 0.5000E+00  final t = 0.550500E+03
 AMRCLAW: level  1  CFL = .326E+00  dt = 0.5000E+00  final t = 0.551000E+03
 AMRCLAW: level  1  CFL = .326E+00  dt = 0.5000E+00  final t = 0.551500E+03
 AMRCLAW: level  1  CFL = .325E+00  dt = 0.5000E+00  final t = 0.552000E+03
 AMRCLAW: level  1  CFL = .325E+00  dt = 0.5000E+00  final t = 0.552500E+03
 AMRCLAW: level  1  CFL = .325E+00  dt = 0.5000E+00  final t = 0.553000E+03
 AMRCLAW: level  1  CFL = .325E+00  dt = 0.5000E+00  final t = 0.553500E+03
 AMRCLAW: level  1  CFL = .324E+00  dt = 0.5000E+00  final t = 0.554000E+03
 AMRCLAW: level  1  CFL = .324E+00  dt = 0.5000E+00  final t = 0.554500E+03
 AMRCLAW: level  1  CFL = .324E+00  dt = 0.5000E+00  final t = 0.555000E+03
 AMRCLAW: level  1  CFL = .324E+00  dt = 0.5000E+00  final t = 0.555500E+03
 AMRCLAW: level  1  CFL = .323E+00  dt = 0.5000E+00  final t = 0.556000E+03
 AMRCLAW: level  1  CFL = .323E+00  dt = 0.5000E+00  final t = 0.556500E+03
 AMRCLAW: level  1  CFL = .323E+00  dt = 0.5000E+00  final t = 0.557000E+03
 AMRCLAW: level  1  CFL = .323E+00  dt = 0.5000E+00  final t = 0.557500E+03
 AMRCLAW: level  1  CFL = .323E+00  dt = 0.5000E+00  final t = 0.558000E+03
 AMRCLAW: level  1  CFL = .322E+00  dt = 0.5000E+00  final t = 0.558500E+03
 AMRCLAW: level  1  CFL = .322E+00  dt = 0.5000E+00  final t = 0.559000E+03
 AMRCLAW: level  1  CFL = .322E+00  dt = 0.5000E+00  final t = 0.559500E+03
 AMRCLAW: level  1  CFL = .322E+00  dt = 0.5000E+00  final t = 0.560000E+03
 AMRCLAW: level  1  CFL = .321E+00  dt = 0.5000E+00  final t = 0.560500E+03
 AMRCLAW: level  1  CFL = .321E+00  dt = 0.5000E+00  final t = 0.561000E+03
 AMRCLAW: level  1  CFL = .321E+00  dt = 0.5000E+00  final t = 0.561500E+03
 AMRCLAW: level  1  CFL = .321E+00  dt = 0.5000E+00  final t = 0.562000E+03
 AMRCLAW: level  1  CFL = .320E+00  dt = 0.5000E+00  final t = 0.562500E+03
 AMRCLAW: level  1  CFL = .320E+00  dt = 0.5000E+00  final t = 0.563000E+03
 AMRCLAW: level  1  CFL = .320E+00  dt = 0.5000E+00  final t = 0.563500E+03
 AMRCLAW: level  1  CFL = .319E+00  dt = 0.5000E+00  final t = 0.564000E+03
 AMRCLAW: level  1  CFL = .319E+00  dt = 0.5000E+00  final t = 0.564500E+03
 AMRCLAW: level  1  CFL = .318E+00  dt = 0.5000E+00  final t = 0.565000E+03
 AMRCLAW: level  1  CFL = .317E+00  dt = 0.5000E+00  final t = 0.565500E+03
 AMRCLAW: level  1  CFL = .315E+00  dt = 0.5000E+00  final t = 0.566000E+03
 AMRCLAW: level  1  CFL = .314E+00  dt = 0.5000E+00  final t = 0.566500E+03
 AMRCLAW: level  1  CFL = .312E+00  dt = 0.5000E+00  final t = 0.567000E+03
 AMRCLAW: level  1  CFL = .310E+00  dt = 0.5000E+00  final t = 0.567500E+03
 AMRCLAW: level  1  CFL = .308E+00  dt = 0.5000E+00  final t = 0.568000E+03
 AMRCLAW: level  1  CFL = .306E+00  dt = 0.5000E+00  final t = 0.568500E+03
 AMRCLAW: level  1  CFL = .304E+00  dt = 0.5000E+00  final t = 0.569000E+03
 AMRCLAW: level  1  CFL = .302E+00  dt = 0.5000E+00  final t = 0.569500E+03
 AMRCLAW: level  1  CFL = .300E+00  dt = 0.5000E+00  final t = 0.570000E+03
GEOCLAW: Frame   19 output files done at time t =  0.570000D+03

 AMRCLAW: level  1  CFL = .298E+00  dt = 0.5000E+00  final t = 0.570500E+03
 AMRCLAW: level  1  CFL = .297E+00  dt = 0.5000E+00  final t = 0.571000E+03
 AMRCLAW: level  1  CFL = .295E+00  dt = 0.5000E+00  final t = 0.571500E+03
 AMRCLAW: level  1  CFL = .293E+00  dt = 0.5000E+00  final t = 0.572000E+03
 AMRCLAW: level  1  CFL = .291E+00  dt = 0.5000E+00  final t = 0.572500E+03
 AMRCLAW: level  1  CFL = .290E+00  dt = 0.5000E+00  final t = 0.573000E+03
 AMRCLAW: level  1  CFL = .289E+00  dt = 0.5000E+00  final t = 0.573500E+03
 AMRCLAW: level  1  CFL = .288E+00  dt = 0.5000E+00  final t = 0.574000E+03
 AMRCLAW: level  1  CFL = .287E+00  dt = 0.5000E+00  final t = 0.574500E+03
 AMRCLAW: level  1  CFL = .286E+00  dt = 0.5000E+00  final t = 0.575000E+03
 AMRCLAW: level  1  CFL = .285E+00  dt = 0.5000E+00  final t = 0.575500E+03
 AMRCLAW: level  1  CFL = .284E+00  dt = 0.5000E+00  final t = 0.576000E+03
 AMRCLAW: level  1  CFL = .283E+00  dt = 0.5000E+00  final t = 0.576500E+03
 AMRCLAW: level  1  CFL = .282E+00  dt = 0.5000E+00  final t = 0.577000E+03
 AMRCLAW: level  1  CFL = .282E+00  dt = 0.5000E+00  final t = 0.577500E+03
 AMRCLAW: level  1  CFL = .281E+00  dt = 0.5000E+00  final t = 0.578000E+03
 AMRCLAW: level  1  CFL = .304E+00  dt = 0.5000E+00  final t = 0.578500E+03
 AMRCLAW: level  1  CFL = .280E+00  dt = 0.5000E+00  final t = 0.579000E+03
 AMRCLAW: level  1  CFL = .280E+00  dt = 0.5000E+00  final t = 0.579500E+03
 AMRCLAW: level  1  CFL = .280E+00  dt = 0.5000E+00  final t = 0.580000E+03
 AMRCLAW: level  1  CFL = .279E+00  dt = 0.5000E+00  final t = 0.580500E+03
 AMRCLAW: level  1  CFL = .279E+00  dt = 0.5000E+00  final t = 0.581000E+03
 AMRCLAW: level  1  CFL = .279E+00  dt = 0.5000E+00  final t = 0.581500E+03
 AMRCLAW: level  1  CFL = .302E+00  dt = 0.5000E+00  final t = 0.582000E+03
 AMRCLAW: level  1  CFL = .278E+00  dt = 0.5000E+00  final t = 0.582500E+03
 AMRCLAW: level  1  CFL = .278E+00  dt = 0.5000E+00  final t = 0.583000E+03
 AMRCLAW: level  1  CFL = .278E+00  dt = 0.5000E+00  final t = 0.583500E+03
 AMRCLAW: level  1  CFL = .278E+00  dt = 0.5000E+00  final t = 0.584000E+03
 AMRCLAW: level  1  CFL = .278E+00  dt = 0.5000E+00  final t = 0.584500E+03
 AMRCLAW: level  1  CFL = .277E+00  dt = 0.5000E+00  final t = 0.585000E+03
 AMRCLAW: level  1  CFL = .277E+00  dt = 0.5000E+00  final t = 0.585500E+03
 AMRCLAW: level  1  CFL = .277E+00  dt = 0.5000E+00  final t = 0.586000E+03
 AMRCLAW: level  1  CFL = .277E+00  dt = 0.5000E+00  final t = 0.586500E+03
 AMRCLAW: level  1  CFL = .276E+00  dt = 0.5000E+00  final t = 0.587000E+03
 AMRCLAW: level  1  CFL = .276E+00  dt = 0.5000E+00  final t = 0.587500E+03
 AMRCLAW: level  1  CFL = .276E+00  dt = 0.5000E+00  final t = 0.588000E+03
 AMRCLAW: level  1  CFL = .276E+00  dt = 0.5000E+00  final t = 0.588500E+03
 AMRCLAW: level  1  CFL = .276E+00  dt = 0.5000E+00  final t = 0.589000E+03
 AMRCLAW: level  1  CFL = .277E+00  dt = 0.5000E+00  final t = 0.589500E+03
 AMRCLAW: level  1  CFL = .278E+00  dt = 0.5000E+00  final t = 0.590000E+03
 AMRCLAW: level  1  CFL = .279E+00  dt = 0.5000E+00  final t = 0.590500E+03
 AMRCLAW: level  1  CFL = .280E+00  dt = 0.5000E+00  final t = 0.591000E+03
 AMRCLAW: level  1  CFL = .281E+00  dt = 0.5000E+00  final t = 0.591500E+03
 AMRCLAW: level  1  CFL = .282E+00  dt = 0.5000E+00  final t = 0.592000E+03
 AMRCLAW: level  1  CFL = .283E+00  dt = 0.5000E+00  final t = 0.592500E+03
 AMRCLAW: level  1  CFL = .283E+00  dt = 0.5000E+00  final t = 0.593000E+03
 AMRCLAW: level  1  CFL = .284E+00  dt = 0.5000E+00  final t = 0.593500E+03
 AMRCLAW: level  1  CFL = .284E+00  dt = 0.5000E+00  final t = 0.594000E+03
 AMRCLAW: level  1  CFL = .285E+00  dt = 0.5000E+00  final t = 0.594500E+03
 AMRCLAW: level  1  CFL = .285E+00  dt = 0.5000E+00  final t = 0.595000E+03
 AMRCLAW: level  1  CFL = .285E+00  dt = 0.5000E+00  final t = 0.595500E+03
 AMRCLAW: level  1  CFL = .316E+00  dt = 0.5000E+00  final t = 0.596000E+03
 AMRCLAW: level  1  CFL = .285E+00  dt = 0.5000E+00  final t = 0.596500E+03
 AMRCLAW: level  1  CFL = .285E+00  dt = 0.5000E+00  final t = 0.597000E+03
 AMRCLAW: level  1  CFL = .284E+00  dt = 0.5000E+00  final t = 0.597500E+03
 AMRCLAW: level  1  CFL = .284E+00  dt = 0.5000E+00  final t = 0.598000E+03
 AMRCLAW: level  1  CFL = .284E+00  dt = 0.5000E+00  final t = 0.598500E+03
 AMRCLAW: level  1  CFL = .284E+00  dt = 0.5000E+00  final t = 0.599000E+03
 AMRCLAW: level  1  CFL = .283E+00  dt = 0.5000E+00  final t = 0.599500E+03
 AMRCLAW: level  1  CFL = .283E+00  dt = 0.5000E+00  final t = 0.600000E+03
GEOCLAW: Frame   20 output files done at time t =  0.600000D+03

 AMRCLAW: level  1  CFL = .283E+00  dt = 0.5000E+00  final t = 0.600500E+03
 AMRCLAW: level  1  CFL = .282E+00  dt = 0.5000E+00  final t = 0.601000E+03
 AMRCLAW: level  1  CFL = .282E+00  dt = 0.5000E+00  final t = 0.601500E+03
 AMRCLAW: level  1  CFL = .282E+00  dt = 0.5000E+00  final t = 0.602000E+03
 AMRCLAW: level  1  CFL = .282E+00  dt = 0.5000E+00  final t = 0.602500E+03
 AMRCLAW: level  1  CFL = .282E+00  dt = 0.5000E+00  final t = 0.603000E+03
 AMRCLAW: level  1  CFL = .281E+00  dt = 0.5000E+00  final t = 0.603500E+03
 AMRCLAW: level  1  CFL = .281E+00  dt = 0.5000E+00  final t = 0.604000E+03
 AMRCLAW: level  1  CFL = .281E+00  dt = 0.5000E+00  final t = 0.604500E+03
 AMRCLAW: level  1  CFL = .281E+00  dt = 0.5000E+00  final t = 0.605000E+03
 AMRCLAW: level  1  CFL = .281E+00  dt = 0.5000E+00  final t = 0.605500E+03
 AMRCLAW: level  1  CFL = .281E+00  dt = 0.5000E+00  final t = 0.606000E+03
 AMRCLAW: level  1  CFL = .281E+00  dt = 0.5000E+00  final t = 0.606500E+03
 AMRCLAW: level  1  CFL = .280E+00  dt = 0.5000E+00  final t = 0.607000E+03
 AMRCLAW: level  1  CFL = .280E+00  dt = 0.5000E+00  final t = 0.607500E+03
 AMRCLAW: level  1  CFL = .280E+00  dt = 0.5000E+00  final t = 0.608000E+03
 AMRCLAW: level  1  CFL = .280E+00  dt = 0.5000E+00  final t = 0.608500E+03
 AMRCLAW: level  1  CFL = .280E+00  dt = 0.5000E+00  final t = 0.609000E+03
 AMRCLAW: level  1  CFL = .280E+00  dt = 0.5000E+00  final t = 0.609500E+03
 AMRCLAW: level  1  CFL = .280E+00  dt = 0.5000E+00  final t = 0.610000E+03
 AMRCLAW: level  1  CFL = .280E+00  dt = 0.5000E+00  final t = 0.610500E+03
 AMRCLAW: level  1  CFL = .280E+00  dt = 0.5000E+00  final t = 0.611000E+03
 AMRCLAW: level  1  CFL = .280E+00  dt = 0.5000E+00  final t = 0.611500E+03
 AMRCLAW: level  1  CFL = .280E+00  dt = 0.5000E+00  final t = 0.612000E+03
 AMRCLAW: level  1  CFL = .280E+00  dt = 0.5000E+00  final t = 0.612500E+03
 AMRCLAW: level  1  CFL = .280E+00  dt = 0.5000E+00  final t = 0.613000E+03
 AMRCLAW: level  1  CFL = .280E+00  dt = 0.5000E+00  final t = 0.613500E+03
 AMRCLAW: level  1  CFL = .280E+00  dt = 0.5000E+00  final t = 0.614000E+03
 AMRCLAW: level  1  CFL = .280E+00  dt = 0.5000E+00  final t = 0.614500E+03
 AMRCLAW: level  1  CFL = .344E+00  dt = 0.5000E+00  final t = 0.615000E+03
 AMRCLAW: level  1  CFL = .280E+00  dt = 0.5000E+00  final t = 0.615500E+03
 AMRCLAW: level  1  CFL = .280E+00  dt = 0.5000E+00  final t = 0.616000E+03
 AMRCLAW: level  1  CFL = .281E+00  dt = 0.5000E+00  final t = 0.616500E+03
 AMRCLAW: level  1  CFL = .281E+00  dt = 0.5000E+00  final t = 0.617000E+03
 AMRCLAW: level  1  CFL = .281E+00  dt = 0.5000E+00  final t = 0.617500E+03
 AMRCLAW: level  1  CFL = .281E+00  dt = 0.5000E+00  final t = 0.618000E+03
 AMRCLAW: level  1  CFL = .281E+00  dt = 0.5000E+00  final t = 0.618500E+03
 AMRCLAW: level  1  CFL = .281E+00  dt = 0.5000E+00  final t = 0.619000E+03
 AMRCLAW: level  1  CFL = .281E+00  dt = 0.5000E+00  final t = 0.619500E+03
 AMRCLAW: level  1  CFL = .281E+00  dt = 0.5000E+00  final t = 0.620000E+03
 AMRCLAW: level  1  CFL = .281E+00  dt = 0.5000E+00  final t = 0.620500E+03
 AMRCLAW: level  1  CFL = .281E+00  dt = 0.5000E+00  final t = 0.621000E+03
 AMRCLAW: level  1  CFL = .282E+00  dt = 0.5000E+00  final t = 0.621500E+03
 AMRCLAW: level  1  CFL = .282E+00  dt = 0.5000E+00  final t = 0.622000E+03
 AMRCLAW: level  1  CFL = .282E+00  dt = 0.5000E+00  final t = 0.622500E+03
 AMRCLAW: level  1  CFL = .282E+00  dt = 0.5000E+00  final t = 0.623000E+03
 AMRCLAW: level  1  CFL = .282E+00  dt = 0.5000E+00  final t = 0.623500E+03
 AMRCLAW: level  1  CFL = .282E+00  dt = 0.5000E+00  final t = 0.624000E+03
 AMRCLAW: level  1  CFL = .282E+00  dt = 0.5000E+00  final t = 0.624500E+03
 AMRCLAW: level  1  CFL = .283E+00  dt = 0.5000E+00  final t = 0.625000E+03
 AMRCLAW: level  1  CFL = .283E+00  dt = 0.5000E+00  final t = 0.625500E+03
 AMRCLAW: level  1  CFL = .283E+00  dt = 0.5000E+00  final t = 0.626000E+03
 AMRCLAW: level  1  CFL = .283E+00  dt = 0.5000E+00  final t = 0.626500E+03
 AMRCLAW: level  1  CFL = .283E+00  dt = 0.5000E+00  final t = 0.627000E+03
 AMRCLAW: level  1  CFL = .283E+00  dt = 0.5000E+00  final t = 0.627500E+03
 AMRCLAW: level  1  CFL = .283E+00  dt = 0.5000E+00  final t = 0.628000E+03
 AMRCLAW: level  1  CFL = .283E+00  dt = 0.5000E+00  final t = 0.628500E+03
 AMRCLAW: level  1  CFL = .283E+00  dt = 0.5000E+00  final t = 0.629000E+03
 AMRCLAW: level  1  CFL = .283E+00  dt = 0.5000E+00  final t = 0.629500E+03
 AMRCLAW: level  1  CFL = .283E+00  dt = 0.5000E+00  final t = 0.630000E+03
GEOCLAW: Frame   21 output files done at time t =  0.630000D+03

 AMRCLAW: level  1  CFL = .283E+00  dt = 0.5000E+00  final t = 0.630500E+03
 AMRCLAW: level  1  CFL = .283E+00  dt = 0.5000E+00  final t = 0.631000E+03
 AMRCLAW: level  1  CFL = .283E+00  dt = 0.5000E+00  final t = 0.631500E+03
 AMRCLAW: level  1  CFL = .283E+00  dt = 0.5000E+00  final t = 0.632000E+03
 AMRCLAW: level  1  CFL = .283E+00  dt = 0.5000E+00  final t = 0.632500E+03
 AMRCLAW: level  1  CFL = .283E+00  dt = 0.5000E+00  final t = 0.633000E+03
 AMRCLAW: level  1  CFL = .283E+00  dt = 0.5000E+00  final t = 0.633500E+03
 AMRCLAW: level  1  CFL = .283E+00  dt = 0.5000E+00  final t = 0.634000E+03
 AMRCLAW: level  1  CFL = .284E+00  dt = 0.5000E+00  final t = 0.634500E+03
 AMRCLAW: level  1  CFL = .284E+00  dt = 0.5000E+00  final t = 0.635000E+03
 AMRCLAW: level  1  CFL = .284E+00  dt = 0.5000E+00  final t = 0.635500E+03
 AMRCLAW: level  1  CFL = .284E+00  dt = 0.5000E+00  final t = 0.636000E+03
 AMRCLAW: level  1  CFL = .284E+00  dt = 0.5000E+00  final t = 0.636500E+03
 AMRCLAW: level  1  CFL = .284E+00  dt = 0.5000E+00  final t = 0.637000E+03
 AMRCLAW: level  1  CFL = .284E+00  dt = 0.5000E+00  final t = 0.637500E+03
 AMRCLAW: level  1  CFL = .284E+00  dt = 0.5000E+00  final t = 0.638000E+03
 AMRCLAW: level  1  CFL = .284E+00  dt = 0.5000E+00  final t = 0.638500E+03
 AMRCLAW: level  1  CFL = .284E+00  dt = 0.5000E+00  final t = 0.639000E+03
 AMRCLAW: level  1  CFL = .284E+00  dt = 0.5000E+00  final t = 0.639500E+03
 AMRCLAW: level  1  CFL = .285E+00  dt = 0.5000E+00  final t = 0.640000E+03
 AMRCLAW: level  1  CFL = .285E+00  dt = 0.5000E+00  final t = 0.640500E+03
 AMRCLAW: level  1  CFL = .285E+00  dt = 0.5000E+00  final t = 0.641000E+03
 AMRCLAW: level  1  CFL = .285E+00  dt = 0.5000E+00  final t = 0.641500E+03
 AMRCLAW: level  1  CFL = .285E+00  dt = 0.5000E+00  final t = 0.642000E+03
 AMRCLAW: level  1  CFL = .285E+00  dt = 0.5000E+00  final t = 0.642500E+03
 AMRCLAW: level  1  CFL = .285E+00  dt = 0.5000E+00  final t = 0.643000E+03
 AMRCLAW: level  1  CFL = .285E+00  dt = 0.5000E+00  final t = 0.643500E+03
 AMRCLAW: level  1  CFL = .285E+00  dt = 0.5000E+00  final t = 0.644000E+03
 AMRCLAW: level  1  CFL = .285E+00  dt = 0.5000E+00  final t = 0.644500E+03
 AMRCLAW: level  1  CFL = .285E+00  dt = 0.5000E+00  final t = 0.645000E+03
 AMRCLAW: level  1  CFL = .285E+00  dt = 0.5000E+00  final t = 0.645500E+03
 AMRCLAW: level  1  CFL = .285E+00  dt = 0.5000E+00  final t = 0.646000E+03
 AMRCLAW: level  1  CFL = .285E+00  dt = 0.5000E+00  final t = 0.646500E+03
 AMRCLAW: level  1  CFL = .285E+00  dt = 0.5000E+00  final t = 0.647000E+03
 AMRCLAW: level  1  CFL = .285E+00  dt = 0.5000E+00  final t = 0.647500E+03
 AMRCLAW: level  1  CFL = .285E+00  dt = 0.5000E+00  final t = 0.648000E+03
 AMRCLAW: level  1  CFL = .285E+00  dt = 0.5000E+00  final t = 0.648500E+03
 AMRCLAW: level  1  CFL = .285E+00  dt = 0.5000E+00  final t = 0.649000E+03
 AMRCLAW: level  1  CFL = .285E+00  dt = 0.5000E+00  final t = 0.649500E+03
 AMRCLAW: level  1  CFL = .285E+00  dt = 0.5000E+00  final t = 0.650000E+03
 AMRCLAW: level  1  CFL = .285E+00  dt = 0.5000E+00  final t = 0.650500E+03
 AMRCLAW: level  1  CFL = .285E+00  dt = 0.5000E+00  final t = 0.651000E+03
 AMRCLAW: level  1  CFL = .285E+00  dt = 0.5000E+00  final t = 0.651500E+03
 AMRCLAW: level  1  CFL = .285E+00  dt = 0.5000E+00  final t = 0.652000E+03
 AMRCLAW: level  1  CFL = .285E+00  dt = 0.5000E+00  final t = 0.652500E+03
 AMRCLAW: level  1  CFL = .285E+00  dt = 0.5000E+00  final t = 0.653000E+03
 AMRCLAW: level  1  CFL = .285E+00  dt = 0.5000E+00  final t = 0.653500E+03
 AMRCLAW: level  1  CFL = .285E+00  dt = 0.5000E+00  final t = 0.654000E+03
 AMRCLAW: level  1  CFL = .285E+00  dt = 0.5000E+00  final t = 0.654500E+03
 AMRCLAW: level  1  CFL = .285E+00  dt = 0.5000E+00  final t = 0.655000E+03
 AMRCLAW: level  1  CFL = .285E+00  dt = 0.5000E+00  final t = 0.655500E+03
 AMRCLAW: level  1  CFL = .285E+00  dt = 0.5000E+00  final t = 0.656000E+03
 AMRCLAW: level  1  CFL = .284E+00  dt = 0.5000E+00  final t = 0.656500E+03
 AMRCLAW: level  1  CFL = .284E+00  dt = 0.5000E+00  final t = 0.657000E+03
 AMRCLAW: level  1  CFL = .284E+00  dt = 0.5000E+00  final t = 0.657500E+03
 AMRCLAW: level  1  CFL = .284E+00  dt = 0.5000E+00  final t = 0.658000E+03
 AMRCLAW: level  1  CFL = .284E+00  dt = 0.5000E+00  final t = 0.658500E+03
 AMRCLAW: level  1  CFL = .284E+00  dt = 0.5000E+00  final t = 0.659000E+03
 AMRCLAW: level  1  CFL = .284E+00  dt = 0.5000E+00  final t = 0.659500E+03
 AMRCLAW: level  1  CFL = .284E+00  dt = 0.5000E+00  final t = 0.660000E+03
GEOCLAW: Frame   22 output files done at time t =  0.660000D+03

 AMRCLAW: level  1  CFL = .284E+00  dt = 0.5000E+00  final t = 0.660500E+03
 AMRCLAW: level  1  CFL = .284E+00  dt = 0.5000E+00  final t = 0.661000E+03
 AMRCLAW: level  1  CFL = .284E+00  dt = 0.5000E+00  final t = 0.661500E+03
 AMRCLAW: level  1  CFL = .284E+00  dt = 0.5000E+00  final t = 0.662000E+03
 AMRCLAW: level  1  CFL = .284E+00  dt = 0.5000E+00  final t = 0.662500E+03
 AMRCLAW: level  1  CFL = .314E+00  dt = 0.5000E+00  final t = 0.663000E+03
 AMRCLAW: level  1  CFL = .283E+00  dt = 0.5000E+00  final t = 0.663500E+03
 AMRCLAW: level  1  CFL = .283E+00  dt = 0.5000E+00  final t = 0.664000E+03
 AMRCLAW: level  1  CFL = .283E+00  dt = 0.5000E+00  final t = 0.664500E+03
 AMRCLAW: level  1  CFL = .283E+00  dt = 0.5000E+00  final t = 0.665000E+03
 AMRCLAW: level  1  CFL = .283E+00  dt = 0.5000E+00  final t = 0.665500E+03
 AMRCLAW: level  1  CFL = .283E+00  dt = 0.5000E+00  final t = 0.666000E+03
 AMRCLAW: level  1  CFL = .283E+00  dt = 0.5000E+00  final t = 0.666500E+03
 AMRCLAW: level  1  CFL = .283E+00  dt = 0.5000E+00  final t = 0.667000E+03
 AMRCLAW: level  1  CFL = .283E+00  dt = 0.5000E+00  final t = 0.667500E+03
 AMRCLAW: level  1  CFL = .283E+00  dt = 0.5000E+00  final t = 0.668000E+03
 AMRCLAW: level  1  CFL = .282E+00  dt = 0.5000E+00  final t = 0.668500E+03
 AMRCLAW: level  1  CFL = .282E+00  dt = 0.5000E+00  final t = 0.669000E+03
 AMRCLAW: level  1  CFL = .282E+00  dt = 0.5000E+00  final t = 0.669500E+03
 AMRCLAW: level  1  CFL = .282E+00  dt = 0.5000E+00  final t = 0.670000E+03
 AMRCLAW: level  1  CFL = .282E+00  dt = 0.5000E+00  final t = 0.670500E+03
 AMRCLAW: level  1  CFL = .282E+00  dt = 0.5000E+00  final t = 0.671000E+03
 AMRCLAW: level  1  CFL = .282E+00  dt = 0.5000E+00  final t = 0.671500E+03
 AMRCLAW: level  1  CFL = .282E+00  dt = 0.5000E+00  final t = 0.672000E+03
 AMRCLAW: level  1  CFL = .282E+00  dt = 0.5000E+00  final t = 0.672500E+03
 AMRCLAW: level  1  CFL = .282E+00  dt = 0.5000E+00  final t = 0.673000E+03
 AMRCLAW: level  1  CFL = .281E+00  dt = 0.5000E+00  final t = 0.673500E+03
 AMRCLAW: level  1  CFL = .281E+00  dt = 0.5000E+00  final t = 0.674000E+03
 AMRCLAW: level  1  CFL = .281E+00  dt = 0.5000E+00  final t = 0.674500E+03
 AMRCLAW: level  1  CFL = .281E+00  dt = 0.5000E+00  final t = 0.675000E+03
 AMRCLAW: level  1  CFL = .281E+00  dt = 0.5000E+00  final t = 0.675500E+03
 AMRCLAW: level  1  CFL = .281E+00  dt = 0.5000E+00  final t = 0.676000E+03
 AMRCLAW: level  1  CFL = .281E+00  dt = 0.5000E+00  final t = 0.676500E+03
 AMRCLAW: level  1  CFL = .281E+00  dt = 0.5000E+00  final t = 0.677000E+03
 AMRCLAW: level  1  CFL = .281E+00  dt = 0.5000E+00  final t = 0.677500E+03
 AMRCLAW: level  1  CFL = .281E+00  dt = 0.5000E+00  final t = 0.678000E+03
 AMRCLAW: level  1  CFL = .281E+00  dt = 0.5000E+00  final t = 0.678500E+03
 AMRCLAW: level  1  CFL = .280E+00  dt = 0.5000E+00  final t = 0.679000E+03
 AMRCLAW: level  1  CFL = .280E+00  dt = 0.5000E+00  final t = 0.679500E+03
 AMRCLAW: level  1  CFL = .280E+00  dt = 0.5000E+00  final t = 0.680000E+03
 AMRCLAW: level  1  CFL = .280E+00  dt = 0.5000E+00  final t = 0.680500E+03
 AMRCLAW: level  1  CFL = .280E+00  dt = 0.5000E+00  final t = 0.681000E+03
 AMRCLAW: level  1  CFL = .280E+00  dt = 0.5000E+00  final t = 0.681500E+03
 AMRCLAW: level  1  CFL = .280E+00  dt = 0.5000E+00  final t = 0.682000E+03
 AMRCLAW: level  1  CFL = .280E+00  dt = 0.5000E+00  final t = 0.682500E+03
 AMRCLAW: level  1  CFL = .280E+00  dt = 0.5000E+00  final t = 0.683000E+03
 AMRCLAW: level  1  CFL = .280E+00  dt = 0.5000E+00  final t = 0.683500E+03
 AMRCLAW: level  1  CFL = .280E+00  dt = 0.5000E+00  final t = 0.684000E+03
 AMRCLAW: level  1  CFL = .280E+00  dt = 0.5000E+00  final t = 0.684500E+03
 AMRCLAW: level  1  CFL = .280E+00  dt = 0.5000E+00  final t = 0.685000E+03
 AMRCLAW: level  1  CFL = .280E+00  dt = 0.5000E+00  final t = 0.685500E+03
 AMRCLAW: level  1  CFL = .280E+00  dt = 0.5000E+00  final t = 0.686000E+03
 AMRCLAW: level  1  CFL = .280E+00  dt = 0.5000E+00  final t = 0.686500E+03
 AMRCLAW: level  1  CFL = .280E+00  dt = 0.5000E+00  final t = 0.687000E+03
 AMRCLAW: level  1  CFL = .280E+00  dt = 0.5000E+00  final t = 0.687500E+03
 AMRCLAW: level  1  CFL = .280E+00  dt = 0.5000E+00  final t = 0.688000E+03
 AMRCLAW: level  1  CFL = .280E+00  dt = 0.5000E+00  final t = 0.688500E+03
 AMRCLAW: level  1  CFL = .280E+00  dt = 0.5000E+00  final t = 0.689000E+03
 AMRCLAW: level  1  CFL = .280E+00  dt = 0.5000E+00  final t = 0.689500E+03
 AMRCLAW: level  1  CFL = .280E+00  dt = 0.5000E+00  final t = 0.690000E+03
GEOCLAW: Frame   23 output files done at time t =  0.690000D+03

 AMRCLAW: level  1  CFL = .280E+00  dt = 0.5000E+00  final t = 0.690500E+03
 AMRCLAW: level  1  CFL = .280E+00  dt = 0.5000E+00  final t = 0.691000E+03
 AMRCLAW: level  1  CFL = .280E+00  dt = 0.5000E+00  final t = 0.691500E+03
 AMRCLAW: level  1  CFL = .280E+00  dt = 0.5000E+00  final t = 0.692000E+03
 AMRCLAW: level  1  CFL = .280E+00  dt = 0.5000E+00  final t = 0.692500E+03
 AMRCLAW: level  1  CFL = .280E+00  dt = 0.5000E+00  final t = 0.693000E+03
 AMRCLAW: level  1  CFL = .280E+00  dt = 0.5000E+00  final t = 0.693500E+03
 AMRCLAW: level  1  CFL = .280E+00  dt = 0.5000E+00  final t = 0.694000E+03
 AMRCLAW: level  1  CFL = .280E+00  dt = 0.5000E+00  final t = 0.694500E+03
 AMRCLAW: level  1  CFL = .280E+00  dt = 0.5000E+00  final t = 0.695000E+03
 AMRCLAW: level  1  CFL = .280E+00  dt = 0.5000E+00  final t = 0.695500E+03
 AMRCLAW: level  1  CFL = .280E+00  dt = 0.5000E+00  final t = 0.696000E+03
 AMRCLAW: level  1  CFL = .280E+00  dt = 0.5000E+00  final t = 0.696500E+03
 AMRCLAW: level  1  CFL = .280E+00  dt = 0.5000E+00  final t = 0.697000E+03
 AMRCLAW: level  1  CFL = .280E+00  dt = 0.5000E+00  final t = 0.697500E+03
 AMRCLAW: level  1  CFL = .280E+00  dt = 0.5000E+00  final t = 0.698000E+03
 AMRCLAW: level  1  CFL = .280E+00  dt = 0.5000E+00  final t = 0.698500E+03
 AMRCLAW: level  1  CFL = .280E+00  dt = 0.5000E+00  final t = 0.699000E+03
 AMRCLAW: level  1  CFL = .280E+00  dt = 0.5000E+00  final t = 0.699500E+03
 AMRCLAW: level  1  CFL = .280E+00  dt = 0.5000E+00  final t = 0.700000E+03
 AMRCLAW: level  1  CFL = .280E+00  dt = 0.5000E+00  final t = 0.700500E+03
 AMRCLAW: level  1  CFL = .280E+00  dt = 0.5000E+00  final t = 0.701000E+03
 AMRCLAW: level  1  CFL = .279E+00  dt = 0.5000E+00  final t = 0.701500E+03
 AMRCLAW: level  1  CFL = .279E+00  dt = 0.5000E+00  final t = 0.702000E+03
 AMRCLAW: level  1  CFL = .279E+00  dt = 0.5000E+00  final t = 0.702500E+03
 AMRCLAW: level  1  CFL = .279E+00  dt = 0.5000E+00  final t = 0.703000E+03
 AMRCLAW: level  1  CFL = .279E+00  dt = 0.5000E+00  final t = 0.703500E+03
 AMRCLAW: level  1  CFL = .279E+00  dt = 0.5000E+00  final t = 0.704000E+03
 AMRCLAW: level  1  CFL = .279E+00  dt = 0.5000E+00  final t = 0.704500E+03
 AMRCLAW: level  1  CFL = .279E+00  dt = 0.5000E+00  final t = 0.705000E+03
 AMRCLAW: level  1  CFL = .279E+00  dt = 0.5000E+00  final t = 0.705500E+03
 AMRCLAW: level  1  CFL = .279E+00  dt = 0.5000E+00  final t = 0.706000E+03
 AMRCLAW: level  1  CFL = .279E+00  dt = 0.5000E+00  final t = 0.706500E+03
 AMRCLAW: level  1  CFL = .279E+00  dt = 0.5000E+00  final t = 0.707000E+03
 AMRCLAW: level  1  CFL = .279E+00  dt = 0.5000E+00  final t = 0.707500E+03
 AMRCLAW: level  1  CFL = .279E+00  dt = 0.5000E+00  final t = 0.708000E+03
 AMRCLAW: level  1  CFL = .279E+00  dt = 0.5000E+00  final t = 0.708500E+03
 AMRCLAW: level  1  CFL = .279E+00  dt = 0.5000E+00  final t = 0.709000E+03
 AMRCLAW: level  1  CFL = .278E+00  dt = 0.5000E+00  final t = 0.709500E+03
 AMRCLAW: level  1  CFL = .278E+00  dt = 0.5000E+00  final t = 0.710000E+03
 AMRCLAW: level  1  CFL = .278E+00  dt = 0.5000E+00  final t = 0.710500E+03
 AMRCLAW: level  1  CFL = .278E+00  dt = 0.5000E+00  final t = 0.711000E+03
 AMRCLAW: level  1  CFL = .278E+00  dt = 0.5000E+00  final t = 0.711500E+03
 AMRCLAW: level  1  CFL = .278E+00  dt = 0.5000E+00  final t = 0.712000E+03
 AMRCLAW: level  1  CFL = .278E+00  dt = 0.5000E+00  final t = 0.712500E+03
 AMRCLAW: level  1  CFL = .278E+00  dt = 0.5000E+00  final t = 0.713000E+03
 AMRCLAW: level  1  CFL = .278E+00  dt = 0.5000E+00  final t = 0.713500E+03
 AMRCLAW: level  1  CFL = .278E+00  dt = 0.5000E+00  final t = 0.714000E+03
 AMRCLAW: level  1  CFL = .278E+00  dt = 0.5000E+00  final t = 0.714500E+03
 AMRCLAW: level  1  CFL = .277E+00  dt = 0.5000E+00  final t = 0.715000E+03
 AMRCLAW: level  1  CFL = .277E+00  dt = 0.5000E+00  final t = 0.715500E+03
 AMRCLAW: level  1  CFL = .277E+00  dt = 0.5000E+00  final t = 0.716000E+03
 AMRCLAW: level  1  CFL = .277E+00  dt = 0.5000E+00  final t = 0.716500E+03
 AMRCLAW: level  1  CFL = .277E+00  dt = 0.5000E+00  final t = 0.717000E+03
 AMRCLAW: level  1  CFL = .277E+00  dt = 0.5000E+00  final t = 0.717500E+03
 AMRCLAW: level  1  CFL = .277E+00  dt = 0.5000E+00  final t = 0.718000E+03
 AMRCLAW: level  1  CFL = .277E+00  dt = 0.5000E+00  final t = 0.718500E+03
 AMRCLAW: level  1  CFL = .277E+00  dt = 0.5000E+00  final t = 0.719000E+03
 AMRCLAW: level  1  CFL = .277E+00  dt = 0.5000E+00  final t = 0.719500E+03
 AMRCLAW: level  1  CFL = .276E+00  dt = 0.5000E+00  final t = 0.720000E+03
GEOCLAW: Frame   24 output files done at time t =  0.720000D+03

 AMRCLAW: level  1  CFL = .276E+00  dt = 0.5000E+00  final t = 0.720500E+03
 AMRCLAW: level  1  CFL = .276E+00  dt = 0.5000E+00  final t = 0.721000E+03
 AMRCLAW: level  1  CFL = .276E+00  dt = 0.5000E+00  final t = 0.721500E+03
 AMRCLAW: level  1  CFL = .276E+00  dt = 0.5000E+00  final t = 0.722000E+03
 AMRCLAW: level  1  CFL = .276E+00  dt = 0.5000E+00  final t = 0.722500E+03
 AMRCLAW: level  1  CFL = .276E+00  dt = 0.5000E+00  final t = 0.723000E+03
 AMRCLAW: level  1  CFL = .276E+00  dt = 0.5000E+00  final t = 0.723500E+03
 AMRCLAW: level  1  CFL = .276E+00  dt = 0.5000E+00  final t = 0.724000E+03
 AMRCLAW: level  1  CFL = .275E+00  dt = 0.5000E+00  final t = 0.724500E+03
 AMRCLAW: level  1  CFL = .275E+00  dt = 0.5000E+00  final t = 0.725000E+03
 AMRCLAW: level  1  CFL = .275E+00  dt = 0.5000E+00  final t = 0.725500E+03
 AMRCLAW: level  1  CFL = .275E+00  dt = 0.5000E+00  final t = 0.726000E+03
 AMRCLAW: level  1  CFL = .275E+00  dt = 0.5000E+00  final t = 0.726500E+03
 AMRCLAW: level  1  CFL = .275E+00  dt = 0.5000E+00  final t = 0.727000E+03
 AMRCLAW: level  1  CFL = .275E+00  dt = 0.5000E+00  final t = 0.727500E+03
 AMRCLAW: level  1  CFL = .275E+00  dt = 0.5000E+00  final t = 0.728000E+03
 AMRCLAW: level  1  CFL = .275E+00  dt = 0.5000E+00  final t = 0.728500E+03
 AMRCLAW: level  1  CFL = .274E+00  dt = 0.5000E+00  final t = 0.729000E+03
 AMRCLAW: level  1  CFL = .274E+00  dt = 0.5000E+00  final t = 0.729500E+03
 AMRCLAW: level  1  CFL = .274E+00  dt = 0.5000E+00  final t = 0.730000E+03
 AMRCLAW: level  1  CFL = .274E+00  dt = 0.5000E+00  final t = 0.730500E+03
 AMRCLAW: level  1  CFL = .274E+00  dt = 0.5000E+00  final t = 0.731000E+03
 AMRCLAW: level  1  CFL = .274E+00  dt = 0.5000E+00  final t = 0.731500E+03
 AMRCLAW: level  1  CFL = .274E+00  dt = 0.5000E+00  final t = 0.732000E+03
 AMRCLAW: level  1  CFL = .274E+00  dt = 0.5000E+00  final t = 0.732500E+03
 AMRCLAW: level  1  CFL = .274E+00  dt = 0.5000E+00  final t = 0.733000E+03
 AMRCLAW: level  1  CFL = .274E+00  dt = 0.5000E+00  final t = 0.733500E+03
 AMRCLAW: level  1  CFL = .274E+00  dt = 0.5000E+00  final t = 0.734000E+03
 AMRCLAW: level  1  CFL = .273E+00  dt = 0.5000E+00  final t = 0.734500E+03
 AMRCLAW: level  1  CFL = .273E+00  dt = 0.5000E+00  final t = 0.735000E+03
 AMRCLAW: level  1  CFL = .273E+00  dt = 0.5000E+00  final t = 0.735500E+03
 AMRCLAW: level  1  CFL = .273E+00  dt = 0.5000E+00  final t = 0.736000E+03
 AMRCLAW: level  1  CFL = .273E+00  dt = 0.5000E+00  final t = 0.736500E+03
 AMRCLAW: level  1  CFL = .273E+00  dt = 0.5000E+00  final t = 0.737000E+03
 AMRCLAW: level  1  CFL = .273E+00  dt = 0.5000E+00  final t = 0.737500E+03
 AMRCLAW: level  1  CFL = .273E+00  dt = 0.5000E+00  final t = 0.738000E+03
 AMRCLAW: level  1  CFL = .273E+00  dt = 0.5000E+00  final t = 0.738500E+03
 AMRCLAW: level  1  CFL = .273E+00  dt = 0.5000E+00  final t = 0.739000E+03
 AMRCLAW: level  1  CFL = .273E+00  dt = 0.5000E+00  final t = 0.739500E+03
 AMRCLAW: level  1  CFL = .273E+00  dt = 0.5000E+00  final t = 0.740000E+03
 AMRCLAW: level  1  CFL = .272E+00  dt = 0.5000E+00  final t = 0.740500E+03
 AMRCLAW: level  1  CFL = .272E+00  dt = 0.5000E+00  final t = 0.741000E+03
 AMRCLAW: level  1  CFL = .272E+00  dt = 0.5000E+00  final t = 0.741500E+03
 AMRCLAW: level  1  CFL = .272E+00  dt = 0.5000E+00  final t = 0.742000E+03
 AMRCLAW: level  1  CFL = .272E+00  dt = 0.5000E+00  final t = 0.742500E+03
 AMRCLAW: level  1  CFL = .272E+00  dt = 0.5000E+00  final t = 0.743000E+03
 AMRCLAW: level  1  CFL = .272E+00  dt = 0.5000E+00  final t = 0.743500E+03
 AMRCLAW: level  1  CFL = .272E+00  dt = 0.5000E+00  final t = 0.744000E+03
 AMRCLAW: level  1  CFL = .272E+00  dt = 0.5000E+00  final t = 0.744500E+03
 AMRCLAW: level  1  CFL = .272E+00  dt = 0.5000E+00  final t = 0.745000E+03
 AMRCLAW: level  1  CFL = .272E+00  dt = 0.5000E+00  final t = 0.745500E+03
 AMRCLAW: level  1  CFL = .272E+00  dt = 0.5000E+00  final t = 0.746000E+03
 AMRCLAW: level  1  CFL = .272E+00  dt = 0.5000E+00  final t = 0.746500E+03
 AMRCLAW: level  1  CFL = .272E+00  dt = 0.5000E+00  final t = 0.747000E+03
 AMRCLAW: level  1  CFL = .271E+00  dt = 0.5000E+00  final t = 0.747500E+03
 AMRCLAW: level  1  CFL = .270E+00  dt = 0.5000E+00  final t = 0.748000E+03
 AMRCLAW: level  1  CFL = .269E+00  dt = 0.5000E+00  final t = 0.748500E+03
 AMRCLAW: level  1  CFL = .268E+00  dt = 0.5000E+00  final t = 0.749000E+03
 AMRCLAW: level  1  CFL = .266E+00  dt = 0.5000E+00  final t = 0.749500E+03
 AMRCLAW: level  1  CFL = .264E+00  dt = 0.5000E+00  final t = 0.750000E+03
GEOCLAW: Frame   25 output files done at time t =  0.750000D+03

 AMRCLAW: level  1  CFL = .263E+00  dt = 0.5000E+00  final t = 0.750500E+03
 AMRCLAW: level  1  CFL = .261E+00  dt = 0.5000E+00  final t = 0.751000E+03
 AMRCLAW: level  1  CFL = .260E+00  dt = 0.5000E+00  final t = 0.751500E+03
 AMRCLAW: level  1  CFL = .258E+00  dt = 0.5000E+00  final t = 0.752000E+03
 AMRCLAW: level  1  CFL = .257E+00  dt = 0.5000E+00  final t = 0.752500E+03
 AMRCLAW: level  1  CFL = .256E+00  dt = 0.5000E+00  final t = 0.753000E+03
 AMRCLAW: level  1  CFL = .256E+00  dt = 0.5000E+00  final t = 0.753500E+03
 AMRCLAW: level  1  CFL = .255E+00  dt = 0.5000E+00  final t = 0.754000E+03
 AMRCLAW: level  1  CFL = .255E+00  dt = 0.5000E+00  final t = 0.754500E+03
 AMRCLAW: level  1  CFL = .254E+00  dt = 0.5000E+00  final t = 0.755000E+03
 AMRCLAW: level  1  CFL = .254E+00  dt = 0.5000E+00  final t = 0.755500E+03
 AMRCLAW: level  1  CFL = .253E+00  dt = 0.5000E+00  final t = 0.756000E+03
 AMRCLAW: level  1  CFL = .253E+00  dt = 0.5000E+00  final t = 0.756500E+03
 AMRCLAW: level  1  CFL = .253E+00  dt = 0.5000E+00  final t = 0.757000E+03
 AMRCLAW: level  1  CFL = .253E+00  dt = 0.5000E+00  final t = 0.757500E+03
 AMRCLAW: level  1  CFL = .260E+00  dt = 0.5000E+00  final t = 0.758000E+03
 AMRCLAW: level  1  CFL = .267E+00  dt = 0.5000E+00  final t = 0.758500E+03
 AMRCLAW: level  1  CFL = .273E+00  dt = 0.5000E+00  final t = 0.759000E+03
 AMRCLAW: level  1  CFL = .280E+00  dt = 0.5000E+00  final t = 0.759500E+03
 AMRCLAW: level  1  CFL = .286E+00  dt = 0.5000E+00  final t = 0.760000E+03
 AMRCLAW: level  1  CFL = .291E+00  dt = 0.5000E+00  final t = 0.760500E+03
 AMRCLAW: level  1  CFL = .297E+00  dt = 0.5000E+00  final t = 0.761000E+03
 AMRCLAW: level  1  CFL = .302E+00  dt = 0.5000E+00  final t = 0.761500E+03
 AMRCLAW: level  1  CFL = .307E+00  dt = 0.5000E+00  final t = 0.762000E+03
 AMRCLAW: level  1  CFL = .254E+00  dt = 0.5000E+00  final t = 0.762500E+03
 AMRCLAW: level  1  CFL = .254E+00  dt = 0.5000E+00  final t = 0.763000E+03
 AMRCLAW: level  1  CFL = .254E+00  dt = 0.5000E+00  final t = 0.763500E+03
 AMRCLAW: level  1  CFL = .254E+00  dt = 0.5000E+00  final t = 0.764000E+03
 AMRCLAW: level  1  CFL = .254E+00  dt = 0.5000E+00  final t = 0.764500E+03
 AMRCLAW: level  1  CFL = .254E+00  dt = 0.5000E+00  final t = 0.765000E+03
 AMRCLAW: level  1  CFL = .255E+00  dt = 0.5000E+00  final t = 0.765500E+03
 AMRCLAW: level  1  CFL = .255E+00  dt = 0.5000E+00  final t = 0.766000E+03
 AMRCLAW: level  1  CFL = .255E+00  dt = 0.5000E+00  final t = 0.766500E+03
 AMRCLAW: level  1  CFL = .254E+00  dt = 0.5000E+00  final t = 0.767000E+03
 AMRCLAW: level  1  CFL = .254E+00  dt = 0.5000E+00  final t = 0.767500E+03
 AMRCLAW: level  1  CFL = .254E+00  dt = 0.5000E+00  final t = 0.768000E+03
 AMRCLAW: level  1  CFL = .254E+00  dt = 0.5000E+00  final t = 0.768500E+03
 AMRCLAW: level  1  CFL = .254E+00  dt = 0.5000E+00  final t = 0.769000E+03
 AMRCLAW: level  1  CFL = .254E+00  dt = 0.5000E+00  final t = 0.769500E+03
 AMRCLAW: level  1  CFL = .254E+00  dt = 0.5000E+00  final t = 0.770000E+03
 AMRCLAW: level  1  CFL = .254E+00  dt = 0.5000E+00  final t = 0.770500E+03
 AMRCLAW: level  1  CFL = .254E+00  dt = 0.5000E+00  final t = 0.771000E+03
 AMRCLAW: level  1  CFL = .254E+00  dt = 0.5000E+00  final t = 0.771500E+03
 AMRCLAW: level  1  CFL = .254E+00  dt = 0.5000E+00  final t = 0.772000E+03
 AMRCLAW: level  1  CFL = .253E+00  dt = 0.5000E+00  final t = 0.772500E+03
 AMRCLAW: level  1  CFL = .253E+00  dt = 0.5000E+00  final t = 0.773000E+03
 AMRCLAW: level  1  CFL = .253E+00  dt = 0.5000E+00  final t = 0.773500E+03
 AMRCLAW: level  1  CFL = .253E+00  dt = 0.5000E+00  final t = 0.774000E+03
 AMRCLAW: level  1  CFL = .253E+00  dt = 0.5000E+00  final t = 0.774500E+03
 AMRCLAW: level  1  CFL = .253E+00  dt = 0.5000E+00  final t = 0.775000E+03
 AMRCLAW: level  1  CFL = .253E+00  dt = 0.5000E+00  final t = 0.775500E+03
 AMRCLAW: level  1  CFL = .253E+00  dt = 0.5000E+00  final t = 0.776000E+03
 AMRCLAW: level  1  CFL = .253E+00  dt = 0.5000E+00  final t = 0.776500E+03
 AMRCLAW: level  1  CFL = .253E+00  dt = 0.5000E+00  final t = 0.777000E+03
 AMRCLAW: level  1  CFL = .253E+00  dt = 0.5000E+00  final t = 0.777500E+03
 AMRCLAW: level  1  CFL = .255E+00  dt = 0.5000E+00  final t = 0.778000E+03
 AMRCLAW: level  1  CFL = .259E+00  dt = 0.5000E+00  final t = 0.778500E+03
 AMRCLAW: level  1  CFL = .258E+00  dt = 0.5000E+00  final t = 0.779000E+03
 AMRCLAW: level  1  CFL = .261E+00  dt = 0.5000E+00  final t = 0.779500E+03
 AMRCLAW: level  1  CFL = .264E+00  dt = 0.5000E+00  final t = 0.780000E+03
GEOCLAW: Frame   26 output files done at time t =  0.780000D+03

 AMRCLAW: level  1  CFL = .253E+00  dt = 0.5000E+00  final t = 0.780500E+03
 AMRCLAW: level  1  CFL = .253E+00  dt = 0.5000E+00  final t = 0.781000E+03
 AMRCLAW: level  1  CFL = .253E+00  dt = 0.5000E+00  final t = 0.781500E+03
 AMRCLAW: level  1  CFL = .253E+00  dt = 0.5000E+00  final t = 0.782000E+03
 AMRCLAW: level  1  CFL = .253E+00  dt = 0.5000E+00  final t = 0.782500E+03
 AMRCLAW: level  1  CFL = .253E+00  dt = 0.5000E+00  final t = 0.783000E+03
 AMRCLAW: level  1  CFL = .254E+00  dt = 0.5000E+00  final t = 0.783500E+03
 AMRCLAW: level  1  CFL = .254E+00  dt = 0.5000E+00  final t = 0.784000E+03
 AMRCLAW: level  1  CFL = .254E+00  dt = 0.5000E+00  final t = 0.784500E+03
 AMRCLAW: level  1  CFL = .254E+00  dt = 0.5000E+00  final t = 0.785000E+03
 AMRCLAW: level  1  CFL = .254E+00  dt = 0.5000E+00  final t = 0.785500E+03
 AMRCLAW: level  1  CFL = .255E+00  dt = 0.5000E+00  final t = 0.786000E+03
 AMRCLAW: level  1  CFL = .255E+00  dt = 0.5000E+00  final t = 0.786500E+03
 AMRCLAW: level  1  CFL = .255E+00  dt = 0.5000E+00  final t = 0.787000E+03
 AMRCLAW: level  1  CFL = .255E+00  dt = 0.5000E+00  final t = 0.787500E+03
 AMRCLAW: level  1  CFL = .255E+00  dt = 0.5000E+00  final t = 0.788000E+03
 AMRCLAW: level  1  CFL = .255E+00  dt = 0.5000E+00  final t = 0.788500E+03
 AMRCLAW: level  1  CFL = .256E+00  dt = 0.5000E+00  final t = 0.789000E+03
 AMRCLAW: level  1  CFL = .256E+00  dt = 0.5000E+00  final t = 0.789500E+03
 AMRCLAW: level  1  CFL = .256E+00  dt = 0.5000E+00  final t = 0.790000E+03
 AMRCLAW: level  1  CFL = .256E+00  dt = 0.5000E+00  final t = 0.790500E+03
 AMRCLAW: level  1  CFL = .256E+00  dt = 0.5000E+00  final t = 0.791000E+03
 AMRCLAW: level  1  CFL = .257E+00  dt = 0.5000E+00  final t = 0.791500E+03
 AMRCLAW: level  1  CFL = .256E+00  dt = 0.5000E+00  final t = 0.792000E+03
 AMRCLAW: level  1  CFL = .257E+00  dt = 0.5000E+00  final t = 0.792500E+03
 AMRCLAW: level  1  CFL = .257E+00  dt = 0.5000E+00  final t = 0.793000E+03
 AMRCLAW: level  1  CFL = .257E+00  dt = 0.5000E+00  final t = 0.793500E+03
 AMRCLAW: level  1  CFL = .257E+00  dt = 0.5000E+00  final t = 0.794000E+03
 AMRCLAW: level  1  CFL = .257E+00  dt = 0.5000E+00  final t = 0.794500E+03
 AMRCLAW: level  1  CFL = .257E+00  dt = 0.5000E+00  final t = 0.795000E+03
 AMRCLAW: level  1  CFL = .257E+00  dt = 0.5000E+00  final t = 0.795500E+03
 AMRCLAW: level  1  CFL = .258E+00  dt = 0.5000E+00  final t = 0.796000E+03
 AMRCLAW: level  1  CFL = .258E+00  dt = 0.5000E+00  final t = 0.796500E+03
 AMRCLAW: level  1  CFL = .258E+00  dt = 0.5000E+00  final t = 0.797000E+03
 AMRCLAW: level  1  CFL = .258E+00  dt = 0.5000E+00  final t = 0.797500E+03
 AMRCLAW: level  1  CFL = .258E+00  dt = 0.5000E+00  final t = 0.798000E+03
 AMRCLAW: level  1  CFL = .258E+00  dt = 0.5000E+00  final t = 0.798500E+03
 AMRCLAW: level  1  CFL = .258E+00  dt = 0.5000E+00  final t = 0.799000E+03
 AMRCLAW: level  1  CFL = .259E+00  dt = 0.5000E+00  final t = 0.799500E+03
 AMRCLAW: level  1  CFL = .259E+00  dt = 0.5000E+00  final t = 0.800000E+03
 AMRCLAW: level  1  CFL = .259E+00  dt = 0.5000E+00  final t = 0.800500E+03
 AMRCLAW: level  1  CFL = .259E+00  dt = 0.5000E+00  final t = 0.801000E+03
 AMRCLAW: level  1  CFL = .259E+00  dt = 0.5000E+00  final t = 0.801500E+03
 AMRCLAW: level  1  CFL = .259E+00  dt = 0.5000E+00  final t = 0.802000E+03
 AMRCLAW: level  1  CFL = .259E+00  dt = 0.5000E+00  final t = 0.802500E+03
 AMRCLAW: level  1  CFL = .259E+00  dt = 0.5000E+00  final t = 0.803000E+03
 AMRCLAW: level  1  CFL = .260E+00  dt = 0.5000E+00  final t = 0.803500E+03
 AMRCLAW: level  1  CFL = .260E+00  dt = 0.5000E+00  final t = 0.804000E+03
 AMRCLAW: level  1  CFL = .260E+00  dt = 0.5000E+00  final t = 0.804500E+03
 AMRCLAW: level  1  CFL = .260E+00  dt = 0.5000E+00  final t = 0.805000E+03
 AMRCLAW: level  1  CFL = .260E+00  dt = 0.5000E+00  final t = 0.805500E+03
 AMRCLAW: level  1  CFL = .260E+00  dt = 0.5000E+00  final t = 0.806000E+03
 AMRCLAW: level  1  CFL = .260E+00  dt = 0.5000E+00  final t = 0.806500E+03
 AMRCLAW: level  1  CFL = .260E+00  dt = 0.5000E+00  final t = 0.807000E+03
 AMRCLAW: level  1  CFL = .261E+00  dt = 0.5000E+00  final t = 0.807500E+03
 AMRCLAW: level  1  CFL = .261E+00  dt = 0.5000E+00  final t = 0.808000E+03
 AMRCLAW: level  1  CFL = .261E+00  dt = 0.5000E+00  final t = 0.808500E+03
 AMRCLAW: level  1  CFL = .261E+00  dt = 0.5000E+00  final t = 0.809000E+03
 AMRCLAW: level  1  CFL = .261E+00  dt = 0.5000E+00  final t = 0.809500E+03
 AMRCLAW: level  1  CFL = .261E+00  dt = 0.5000E+00  final t = 0.810000E+03
GEOCLAW: Frame   27 output files done at time t =  0.810000D+03

 AMRCLAW: level  1  CFL = .261E+00  dt = 0.5000E+00  final t = 0.810500E+03
 AMRCLAW: level  1  CFL = .261E+00  dt = 0.5000E+00  final t = 0.811000E+03
 AMRCLAW: level  1  CFL = .261E+00  dt = 0.5000E+00  final t = 0.811500E+03
 AMRCLAW: level  1  CFL = .262E+00  dt = 0.5000E+00  final t = 0.812000E+03
 AMRCLAW: level  1  CFL = .262E+00  dt = 0.5000E+00  final t = 0.812500E+03
 AMRCLAW: level  1  CFL = .263E+00  dt = 0.5000E+00  final t = 0.813000E+03
 AMRCLAW: level  1  CFL = .264E+00  dt = 0.5000E+00  final t = 0.813500E+03
 AMRCLAW: level  1  CFL = .265E+00  dt = 0.5000E+00  final t = 0.814000E+03
 AMRCLAW: level  1  CFL = .266E+00  dt = 0.5000E+00  final t = 0.814500E+03
 AMRCLAW: level  1  CFL = .266E+00  dt = 0.5000E+00  final t = 0.815000E+03
 AMRCLAW: level  1  CFL = .266E+00  dt = 0.5000E+00  final t = 0.815500E+03
 AMRCLAW: level  1  CFL = .266E+00  dt = 0.5000E+00  final t = 0.816000E+03
 AMRCLAW: level  1  CFL = .266E+00  dt = 0.5000E+00  final t = 0.816500E+03
 AMRCLAW: level  1  CFL = .266E+00  dt = 0.5000E+00  final t = 0.817000E+03
 AMRCLAW: level  1  CFL = .266E+00  dt = 0.5000E+00  final t = 0.817500E+03
 AMRCLAW: level  1  CFL = .266E+00  dt = 0.5000E+00  final t = 0.818000E+03
 AMRCLAW: level  1  CFL = .266E+00  dt = 0.5000E+00  final t = 0.818500E+03
 AMRCLAW: level  1  CFL = .266E+00  dt = 0.5000E+00  final t = 0.819000E+03
 AMRCLAW: level  1  CFL = .266E+00  dt = 0.5000E+00  final t = 0.819500E+03
 AMRCLAW: level  1  CFL = .266E+00  dt = 0.5000E+00  final t = 0.820000E+03
 AMRCLAW: level  1  CFL = .266E+00  dt = 0.5000E+00  final t = 0.820500E+03
 AMRCLAW: level  1  CFL = .266E+00  dt = 0.5000E+00  final t = 0.821000E+03
 AMRCLAW: level  1  CFL = .266E+00  dt = 0.5000E+00  final t = 0.821500E+03
 AMRCLAW: level  1  CFL = .266E+00  dt = 0.5000E+00  final t = 0.822000E+03
 AMRCLAW: level  1  CFL = .266E+00  dt = 0.5000E+00  final t = 0.822500E+03
 AMRCLAW: level  1  CFL = .266E+00  dt = 0.5000E+00  final t = 0.823000E+03
 AMRCLAW: level  1  CFL = .266E+00  dt = 0.5000E+00  final t = 0.823500E+03
 AMRCLAW: level  1  CFL = .266E+00  dt = 0.5000E+00  final t = 0.824000E+03
 AMRCLAW: level  1  CFL = .266E+00  dt = 0.5000E+00  final t = 0.824500E+03
 AMRCLAW: level  1  CFL = .266E+00  dt = 0.5000E+00  final t = 0.825000E+03
 AMRCLAW: level  1  CFL = .266E+00  dt = 0.5000E+00  final t = 0.825500E+03
 AMRCLAW: level  1  CFL = .266E+00  dt = 0.5000E+00  final t = 0.826000E+03
 AMRCLAW: level  1  CFL = .266E+00  dt = 0.5000E+00  final t = 0.826500E+03
 AMRCLAW: level  1  CFL = .266E+00  dt = 0.5000E+00  final t = 0.827000E+03
 AMRCLAW: level  1  CFL = .266E+00  dt = 0.5000E+00  final t = 0.827500E+03
 AMRCLAW: level  1  CFL = .266E+00  dt = 0.5000E+00  final t = 0.828000E+03
 AMRCLAW: level  1  CFL = .266E+00  dt = 0.5000E+00  final t = 0.828500E+03
 AMRCLAW: level  1  CFL = .266E+00  dt = 0.5000E+00  final t = 0.829000E+03
 AMRCLAW: level  1  CFL = .266E+00  dt = 0.5000E+00  final t = 0.829500E+03
 AMRCLAW: level  1  CFL = .266E+00  dt = 0.5000E+00  final t = 0.830000E+03
 AMRCLAW: level  1  CFL = .266E+00  dt = 0.5000E+00  final t = 0.830500E+03
 AMRCLAW: level  1  CFL = .266E+00  dt = 0.5000E+00  final t = 0.831000E+03
 AMRCLAW: level  1  CFL = .266E+00  dt = 0.5000E+00  final t = 0.831500E+03
 AMRCLAW: level  1  CFL = .267E+00  dt = 0.5000E+00  final t = 0.832000E+03
 AMRCLAW: level  1  CFL = .267E+00  dt = 0.5000E+00  final t = 0.832500E+03
 AMRCLAW: level  1  CFL = .267E+00  dt = 0.5000E+00  final t = 0.833000E+03
 AMRCLAW: level  1  CFL = .267E+00  dt = 0.5000E+00  final t = 0.833500E+03
 AMRCLAW: level  1  CFL = .267E+00  dt = 0.5000E+00  final t = 0.834000E+03
 AMRCLAW: level  1  CFL = .267E+00  dt = 0.5000E+00  final t = 0.834500E+03
 AMRCLAW: level  1  CFL = .267E+00  dt = 0.5000E+00  final t = 0.835000E+03
 AMRCLAW: level  1  CFL = .267E+00  dt = 0.5000E+00  final t = 0.835500E+03
 AMRCLAW: level  1  CFL = .267E+00  dt = 0.5000E+00  final t = 0.836000E+03
 AMRCLAW: level  1  CFL = .267E+00  dt = 0.5000E+00  final t = 0.836500E+03
 AMRCLAW: level  1  CFL = .267E+00  dt = 0.5000E+00  final t = 0.837000E+03
 AMRCLAW: level  1  CFL = .267E+00  dt = 0.5000E+00  final t = 0.837500E+03
 AMRCLAW: level  1  CFL = .267E+00  dt = 0.5000E+00  final t = 0.838000E+03
 AMRCLAW: level  1  CFL = .267E+00  dt = 0.5000E+00  final t = 0.838500E+03
 AMRCLAW: level  1  CFL = .267E+00  dt = 0.5000E+00  final t = 0.839000E+03
 AMRCLAW: level  1  CFL = .267E+00  dt = 0.5000E+00  final t = 0.839500E+03
 AMRCLAW: level  1  CFL = .267E+00  dt = 0.5000E+00  final t = 0.840000E+03
GEOCLAW: Frame   28 output files done at time t =  0.840000D+03

 AMRCLAW: level  1  CFL = .267E+00  dt = 0.5000E+00  final t = 0.840500E+03
 AMRCLAW: level  1  CFL = .267E+00  dt = 0.5000E+00  final t = 0.841000E+03
 AMRCLAW: level  1  CFL = .267E+00  dt = 0.5000E+00  final t = 0.841500E+03
 AMRCLAW: level  1  CFL = .267E+00  dt = 0.5000E+00  final t = 0.842000E+03
 AMRCLAW: level  1  CFL = .267E+00  dt = 0.5000E+00  final t = 0.842500E+03
 AMRCLAW: level  1  CFL = .267E+00  dt = 0.5000E+00  final t = 0.843000E+03
 AMRCLAW: level  1  CFL = .267E+00  dt = 0.5000E+00  final t = 0.843500E+03
 AMRCLAW: level  1  CFL = .267E+00  dt = 0.5000E+00  final t = 0.844000E+03
 AMRCLAW: level  1  CFL = .267E+00  dt = 0.5000E+00  final t = 0.844500E+03
 AMRCLAW: level  1  CFL = .267E+00  dt = 0.5000E+00  final t = 0.845000E+03
 AMRCLAW: level  1  CFL = .267E+00  dt = 0.5000E+00  final t = 0.845500E+03
 AMRCLAW: level  1  CFL = .267E+00  dt = 0.5000E+00  final t = 0.846000E+03
 AMRCLAW: level  1  CFL = .267E+00  dt = 0.5000E+00  final t = 0.846500E+03
 AMRCLAW: level  1  CFL = .267E+00  dt = 0.5000E+00  final t = 0.847000E+03
 AMRCLAW: level  1  CFL = .267E+00  dt = 0.5000E+00  final t = 0.847500E+03
 AMRCLAW: level  1  CFL = .267E+00  dt = 0.5000E+00  final t = 0.848000E+03
 AMRCLAW: level  1  CFL = .267E+00  dt = 0.5000E+00  final t = 0.848500E+03
 AMRCLAW: level  1  CFL = .267E+00  dt = 0.5000E+00  final t = 0.849000E+03
 AMRCLAW: level  1  CFL = .267E+00  dt = 0.5000E+00  final t = 0.849500E+03
 AMRCLAW: level  1  CFL = .267E+00  dt = 0.5000E+00  final t = 0.850000E+03
 AMRCLAW: level  1  CFL = .267E+00  dt = 0.5000E+00  final t = 0.850500E+03
 AMRCLAW: level  1  CFL = .267E+00  dt = 0.5000E+00  final t = 0.851000E+03
 AMRCLAW: level  1  CFL = .267E+00  dt = 0.5000E+00  final t = 0.851500E+03
 AMRCLAW: level  1  CFL = .267E+00  dt = 0.5000E+00  final t = 0.852000E+03
 AMRCLAW: level  1  CFL = .267E+00  dt = 0.5000E+00  final t = 0.852500E+03
 AMRCLAW: level  1  CFL = .267E+00  dt = 0.5000E+00  final t = 0.853000E+03
 AMRCLAW: level  1  CFL = .267E+00  dt = 0.5000E+00  final t = 0.853500E+03
 AMRCLAW: level  1  CFL = .267E+00  dt = 0.5000E+00  final t = 0.854000E+03
 AMRCLAW: level  1  CFL = .266E+00  dt = 0.5000E+00  final t = 0.854500E+03
 AMRCLAW: level  1  CFL = .266E+00  dt = 0.5000E+00  final t = 0.855000E+03
 AMRCLAW: level  1  CFL = .266E+00  dt = 0.5000E+00  final t = 0.855500E+03
 AMRCLAW: level  1  CFL = .266E+00  dt = 0.5000E+00  final t = 0.856000E+03
 AMRCLAW: level  1  CFL = .266E+00  dt = 0.5000E+00  final t = 0.856500E+03
 AMRCLAW: level  1  CFL = .266E+00  dt = 0.5000E+00  final t = 0.857000E+03
 AMRCLAW: level  1  CFL = .266E+00  dt = 0.5000E+00  final t = 0.857500E+03
 AMRCLAW: level  1  CFL = .266E+00  dt = 0.5000E+00  final t = 0.858000E+03
 AMRCLAW: level  1  CFL = .266E+00  dt = 0.5000E+00  final t = 0.858500E+03
 AMRCLAW: level  1  CFL = .266E+00  dt = 0.5000E+00  final t = 0.859000E+03
 AMRCLAW: level  1  CFL = .266E+00  dt = 0.5000E+00  final t = 0.859500E+03
 AMRCLAW: level  1  CFL = .266E+00  dt = 0.5000E+00  final t = 0.860000E+03
 AMRCLAW: level  1  CFL = .266E+00  dt = 0.5000E+00  final t = 0.860500E+03
 AMRCLAW: level  1  CFL = .266E+00  dt = 0.5000E+00  final t = 0.861000E+03
 AMRCLAW: level  1  CFL = .265E+00  dt = 0.5000E+00  final t = 0.861500E+03
 AMRCLAW: level  1  CFL = .265E+00  dt = 0.5000E+00  final t = 0.862000E+03
 AMRCLAW: level  1  CFL = .265E+00  dt = 0.5000E+00  final t = 0.862500E+03
 AMRCLAW: level  1  CFL = .265E+00  dt = 0.5000E+00  final t = 0.863000E+03
 AMRCLAW: level  1  CFL = .264E+00  dt = 0.5000E+00  final t = 0.863500E+03
 AMRCLAW: level  1  CFL = .264E+00  dt = 0.5000E+00  final t = 0.864000E+03
 AMRCLAW: level  1  CFL = .264E+00  dt = 0.5000E+00  final t = 0.864500E+03
 AMRCLAW: level  1  CFL = .264E+00  dt = 0.5000E+00  final t = 0.865000E+03
 AMRCLAW: level  1  CFL = .264E+00  dt = 0.5000E+00  final t = 0.865500E+03
 AMRCLAW: level  1  CFL = .263E+00  dt = 0.5000E+00  final t = 0.866000E+03
 AMRCLAW: level  1  CFL = .263E+00  dt = 0.5000E+00  final t = 0.866500E+03
 AMRCLAW: level  1  CFL = .263E+00  dt = 0.5000E+00  final t = 0.867000E+03
 AMRCLAW: level  1  CFL = .263E+00  dt = 0.5000E+00  final t = 0.867500E+03
 AMRCLAW: level  1  CFL = .263E+00  dt = 0.5000E+00  final t = 0.868000E+03
 AMRCLAW: level  1  CFL = .262E+00  dt = 0.5000E+00  final t = 0.868500E+03
 AMRCLAW: level  1  CFL = .262E+00  dt = 0.5000E+00  final t = 0.869000E+03
 AMRCLAW: level  1  CFL = .262E+00  dt = 0.5000E+00  final t = 0.869500E+03
 AMRCLAW: level  1  CFL = .262E+00  dt = 0.5000E+00  final t = 0.870000E+03
GEOCLAW: Frame   29 output files done at time t =  0.870000D+03

 AMRCLAW: level  1  CFL = .262E+00  dt = 0.5000E+00  final t = 0.870500E+03
 AMRCLAW: level  1  CFL = .262E+00  dt = 0.5000E+00  final t = 0.871000E+03
 AMRCLAW: level  1  CFL = .262E+00  dt = 0.5000E+00  final t = 0.871500E+03
 AMRCLAW: level  1  CFL = .261E+00  dt = 0.5000E+00  final t = 0.872000E+03
 AMRCLAW: level  1  CFL = .261E+00  dt = 0.5000E+00  final t = 0.872500E+03
 AMRCLAW: level  1  CFL = .261E+00  dt = 0.5000E+00  final t = 0.873000E+03
 AMRCLAW: level  1  CFL = .261E+00  dt = 0.5000E+00  final t = 0.873500E+03
 AMRCLAW: level  1  CFL = .261E+00  dt = 0.5000E+00  final t = 0.874000E+03
 AMRCLAW: level  1  CFL = .261E+00  dt = 0.5000E+00  final t = 0.874500E+03
 AMRCLAW: level  1  CFL = .261E+00  dt = 0.5000E+00  final t = 0.875000E+03
 AMRCLAW: level  1  CFL = .260E+00  dt = 0.5000E+00  final t = 0.875500E+03
 AMRCLAW: level  1  CFL = .260E+00  dt = 0.5000E+00  final t = 0.876000E+03
 AMRCLAW: level  1  CFL = .260E+00  dt = 0.5000E+00  final t = 0.876500E+03
 AMRCLAW: level  1  CFL = .260E+00  dt = 0.5000E+00  final t = 0.877000E+03
 AMRCLAW: level  1  CFL = .260E+00  dt = 0.5000E+00  final t = 0.877500E+03
 AMRCLAW: level  1  CFL = .260E+00  dt = 0.5000E+00  final t = 0.878000E+03
 AMRCLAW: level  1  CFL = .260E+00  dt = 0.5000E+00  final t = 0.878500E+03
 AMRCLAW: level  1  CFL = .260E+00  dt = 0.5000E+00  final t = 0.879000E+03
 AMRCLAW: level  1  CFL = .260E+00  dt = 0.5000E+00  final t = 0.879500E+03
 AMRCLAW: level  1  CFL = .260E+00  dt = 0.5000E+00  final t = 0.880000E+03
 AMRCLAW: level  1  CFL = .260E+00  dt = 0.5000E+00  final t = 0.880500E+03
 AMRCLAW: level  1  CFL = .260E+00  dt = 0.5000E+00  final t = 0.881000E+03
 AMRCLAW: level  1  CFL = .259E+00  dt = 0.5000E+00  final t = 0.881500E+03
 AMRCLAW: level  1  CFL = .259E+00  dt = 0.5000E+00  final t = 0.882000E+03
 AMRCLAW: level  1  CFL = .259E+00  dt = 0.5000E+00  final t = 0.882500E+03
 AMRCLAW: level  1  CFL = .259E+00  dt = 0.5000E+00  final t = 0.883000E+03
 AMRCLAW: level  1  CFL = .259E+00  dt = 0.5000E+00  final t = 0.883500E+03
 AMRCLAW: level  1  CFL = .259E+00  dt = 0.5000E+00  final t = 0.884000E+03
 AMRCLAW: level  1  CFL = .259E+00  dt = 0.5000E+00  final t = 0.884500E+03
 AMRCLAW: level  1  CFL = .258E+00  dt = 0.5000E+00  final t = 0.885000E+03
 AMRCLAW: level  1  CFL = .258E+00  dt = 0.5000E+00  final t = 0.885500E+03
 AMRCLAW: level  1  CFL = .258E+00  dt = 0.5000E+00  final t = 0.886000E+03
 AMRCLAW: level  1  CFL = .258E+00  dt = 0.5000E+00  final t = 0.886500E+03
 AMRCLAW: level  1  CFL = .258E+00  dt = 0.5000E+00  final t = 0.887000E+03
 AMRCLAW: level  1  CFL = .258E+00  dt = 0.5000E+00  final t = 0.887500E+03
 AMRCLAW: level  1  CFL = .258E+00  dt = 0.5000E+00  final t = 0.888000E+03
 AMRCLAW: level  1  CFL = .257E+00  dt = 0.5000E+00  final t = 0.888500E+03
 AMRCLAW: level  1  CFL = .257E+00  dt = 0.5000E+00  final t = 0.889000E+03
 AMRCLAW: level  1  CFL = .257E+00  dt = 0.5000E+00  final t = 0.889500E+03
 AMRCLAW: level  1  CFL = .257E+00  dt = 0.5000E+00  final t = 0.890000E+03
 AMRCLAW: level  1  CFL = .257E+00  dt = 0.5000E+00  final t = 0.890500E+03
 AMRCLAW: level  1  CFL = .257E+00  dt = 0.5000E+00  final t = 0.891000E+03
 AMRCLAW: level  1  CFL = .257E+00  dt = 0.5000E+00  final t = 0.891500E+03
 AMRCLAW: level  1  CFL = .257E+00  dt = 0.5000E+00  final t = 0.892000E+03
 AMRCLAW: level  1  CFL = .257E+00  dt = 0.5000E+00  final t = 0.892500E+03
 AMRCLAW: level  1  CFL = .257E+00  dt = 0.5000E+00  final t = 0.893000E+03
 AMRCLAW: level  1  CFL = .257E+00  dt = 0.5000E+00  final t = 0.893500E+03
 AMRCLAW: level  1  CFL = .256E+00  dt = 0.5000E+00  final t = 0.894000E+03
 AMRCLAW: level  1  CFL = .256E+00  dt = 0.5000E+00  final t = 0.894500E+03
 AMRCLAW: level  1  CFL = .256E+00  dt = 0.5000E+00  final t = 0.895000E+03
 AMRCLAW: level  1  CFL = .256E+00  dt = 0.5000E+00  final t = 0.895500E+03
 AMRCLAW: level  1  CFL = .256E+00  dt = 0.5000E+00  final t = 0.896000E+03
 AMRCLAW: level  1  CFL = .256E+00  dt = 0.5000E+00  final t = 0.896500E+03
 AMRCLAW: level  1  CFL = .256E+00  dt = 0.5000E+00  final t = 0.897000E+03
 AMRCLAW: level  1  CFL = .256E+00  dt = 0.5000E+00  final t = 0.897500E+03
 AMRCLAW: level  1  CFL = .256E+00  dt = 0.5000E+00  final t = 0.898000E+03
 AMRCLAW: level  1  CFL = .256E+00  dt = 0.5000E+00  final t = 0.898500E+03
 AMRCLAW: level  1  CFL = .256E+00  dt = 0.5000E+00  final t = 0.899000E+03
 AMRCLAW: level  1  CFL = .256E+00  dt = 0.5000E+00  final t = 0.899500E+03
 AMRCLAW: level  1  CFL = .256E+00  dt = 0.5000E+00  final t = 0.900000E+03
GEOCLAW: Frame   30 output files done at time t =  0.900000D+03

 Done integrating to time    900.00000000000000     
 Writing to file fgmax0001.txt                 
See fort.amr for more info on this run and memory usage

============================== Timing Data ==============================

Integration Time (stepgrid + BC + overhead)
Level           Wall Time (seconds)    CPU Time (seconds)   Total Cell Updates
  1                    73.650                268.478            0.839E+08
total                  73.650                268.478            0.839E+08

All levels:
stepgrid               73.428                267.828    
BC/ghost cells          0.215                  0.628
Regridding              0.000                  0.000  
Output (valout)         8.795                 11.798  

Total time:            82.880                281.250  
Using 12 thread(s)

Note: The CPU times are summed over all threads.
      Total time includes more than the subroutines listed above
Note: timings are also recorded for each output step
      in the file timing.csv.

=========================================================================

 maximum Courant number seen =    0.45647
