method,scenario_id,time_s,budget,selected_patch_ids,budget_fraction,budget_max_count,candidate_count,selected_count,actual_active_fraction,predicted_front_chainage_m,front_available,mean_selected_dynamic_rank,mean_selected_front_rank,mean_selected_support_risk_rank,mean_selected_section_rank,mean_selected_base_score,selected_section_patch_count,first_pass_count,second_pass_count,global_forward_runtime_ms,roi_scoring_runtime_ms,local_correction_runtime_ms,support_guard_runtime_ms
EngineeringROI_B10,JILONG_EI_0009,10,B10,78;128;195;106;235;84;202;192;4;29;34;206;66;158;119;57;10;156;232,0.1,19,128,19,0.0778690721412654,,False,0.6932565789473685,0.0,0.7665903890160183,0.0526315789473684,0.3781196367276888,1,19,0,302.37569999007974,64.36769998981617,117.80220000946429,19.7457000031136
EngineeringROI_B10,JILONG_EI_0009,20,B10,195;77;13;112;202;33;121;5;46;69;44;74;10;66;158;192;232;206;235,0.1,19,126,19,0.0958565291635717,13770.0,True,0.7000835421888054,0.0526315789473684,0.674976915974146,0.087719298245614,0.3788528338389834,2,19,0,55.05919999268372,19.550500001059845,67.81110000156332,2.448799990816042
EngineeringROI_B10,JILONG_EI_0009,30,B10,77;74;29;210;50;69;105;119;128;192;232;27;202;235;99;4;158;56;156,0.1,19,126,19,0.114716940677382,16950.0,True,0.674185463659148,0.0526315789473684,0.6832789939450397,0.0350877192982456,0.3612959389624503,1,19,0,55.32130000938196,7.377100002486259,67.03649999690242,2.2006000071996823
EngineeringROI_B10,JILONG_EI_0009,40,B10,77;84;106;50;210;112;74;251;29;202;119;20;174;155;27;177;147;166;88,0.1,19,126,19,0.0905192547725341,17100.0,True,0.7556390977443609,0.0526315789473684,0.6449760765550239,0.0,0.3633116883116883,0,19,0,54.48469999828376,4.874899997957982,68.40340000053402,2.267899995786138
EngineeringROI_B10,JILONG_EI_0009,50,B10,61;58;13;121;210;50;112;90;158;19;202;156;235;86;93;100;134;190;177,0.1,19,122,19,0.1042797742570315,17100.0,True,0.6975841242450389,0.0526315789473684,0.6718824087245139,0.0175438596491228,0.359910492891511,1,19,0,54.61720000312198,4.825800002436154,70.06359999650158,2.261200002976693
EngineeringROI_B10,JILONG_EI_0009,60,B10,61;49;57;203;157;251;91;29;176;210;120;217;4;93;35;128;88;10;206,0.1,19,121,19,0.0794541737179438,17160.0,True,0.7042192257503262,0.0526315789473684,0.7153110047846891,0.0,0.3680404523705959,0,19,0,54.30869999690913,4.791600003954954,70.1645999943139,2.2954000014578924
EngineeringROI_B10,JILONG_EI_0009,70,B10,60;57;34;195;218;128;157;251;66;29;104;4;91;68;27;25;93;32;155,0.1,19,122,19,0.1116692574526575,17820.0,True,0.7372735116479724,0.0,0.6733890801770781,0.0526315789473684,0.3658235426931047,1,19,0,54.4575999956578,5.173199999262579,70.58610000240151,2.2449999960372224
EngineeringROI_B10,JILONG_EI_0009,80,B10,44;76;218;13;46;4;128;49;210;157;58;135;121;69;51;192;216;206;252,0.1,19,124,19,0.0871576142306897,17820.0,True,0.7037351443123938,0.0526315789473684,0.7134502923976609,0.0350877192982456,0.3762261837389172,1,19,0,55.005200003506616,5.368199999793433,70.22580000921153,2.313600009074434
EngineeringROI_B10,JILONG_EI_0009,90,B10,44;90;33;210;218;156;66;128;206;174;41;252;104;14;20;177;77;23;69,0.1,19,120,19,0.1197479152468393,17970.0,True,0.6706140350877194,0.0526315789473684,0.6260651629072681,0.0350877192982456,0.3460996240601504,1,19,0,54.43629999354016,4.692600006819703,70.07800000428688,2.214399995864369
EngineeringROI_B10,JILONG_EI_0009,100,B10,28;61;218;33;195;74;121;158;128;4;252;156;26;69;206;185;51;133;99,0.1,19,116,19,0.1439149711695292,17970.0,True,0.6547186932849364,0.0,0.6737884314747266,0.087719298245614,0.3540566057513192,2,19,0,54.0303000016138,4.725099992356263,69.86089999554679,2.2335999965434894
EngineeringROI_B10,JILONG_EI_0009,110,B10,28;61;202;210;10;235;112;34;20;229;74;120;156;206;192;69;178;158;32,0.1,19,117,19,0.1075648398434808,17970.0,True,0.6324786324786323,0.0526315789473684,0.6609311740890689,0.0350877192982456,0.3452822762033288,1,19,0,53.92429999483284,5.03739999840036,70.76990000496153,2.228600002126768
EngineeringROI_B10,JILONG_EI_0009,120,B10,27;61;13;219;252;217;210;33;104;186;157;91;135;128;69;4;57;177;71,0.1,19,117,19,0.1183236210764907,18090.0,True,0.6752136752136753,0.0526315789473684,0.717234262125903,0.0350877192982456,0.370041808896298,1,19,0,54.214000003412366,4.734599991934374,70.97440000507049,3.125999995972961
EngineeringROI_B10,JILONG_EI_0009,130,B10,27;235;60;29;217;176;104;210;203;174;4;112;106;69;49;74;171;185;40,0.1,19,119,19,0.1122741996002787,18120.0,True,0.6961521450685538,0.0526315789473684,0.6988866396761134,0.0350877192982456,0.3706895207475703,1,19,0,54.21599998953752,4.736600007163361,70.15929999761283,2.224900003056973
EngineeringROI_B10,JILONG_EI_0009,140,B10,27;61;202;29;69;232;103;112;210;229;121;89;192;170;20;49;157;91;101,0.1,19,120,19,0.1397492935960364,18120.0,True,0.6969298245614036,0.0526315789473684,0.694014447884417,0.0350877192982456,0.3696658926728586,1,19,0,54.49550000776071,7.130400001187809,71.24629999452736,2.192899992223829
EngineeringROI_B10,JILONG_EI_0009,150,B10,27;58;202;106;235;3;29;170;210;112;60;177;104;102;69;213;5;232;157,0.1,19,119,19,0.1130322916586901,18120.0,True,0.6479433878814683,0.0526315789473684,0.726842105263158,0.0350877192982456,0.3656261978475601,1,19,0,54.45579999650363,5.062700001872145,70.53269998868927,2.264800001285039
EngineeringROI_B10,JILONG_EI_0009,160,B10,58;26;219;121;128;195;217;29;170;61;177;88;69;20;156;213;49;101;93,0.1,19,117,19,0.1460360974339732,18120.0,True,0.6734143049932525,0.0,0.6926315789473684,0.087719298245614,0.3634412955465587,2,19,0,55.16940000234172,6.386599998222664,71.77700000465848,2.431700006127357
EngineeringROI_B10,JILONG_EI_0009,170,B10,26;58;106;201;195;128;235;45;233;156;20;86;170;174;177;50;77;229;165,0.1,19,118,19,0.1385930117695706,18120.0,True,0.6766280107047279,0.0,0.6668369954011242,0.0789473684210526,0.3556030936317261,2,19,0,54.31010000756942,6.663299995125271,70.20070000726264,2.198599991970696
EngineeringROI_B10,JILONG_EI_0009,180,B10,25;57;105;218;50;195;128;28;170;177;232;86;60;156;158;213;20;93;100,0.1,19,120,19,0.1388533666179139,18120.0,True,0.6986842105263158,0.0,0.6270242914979757,0.0789473684210526,0.351163967611336,2,19,0,54.96389999461826,5.4472000047098845,70.36759999755304,2.2690999903716147
EngineeringROI_B10,JILONG_EI_0009,190,B10,25;58;106;202;195;233;13;88;192;49;45;170;206;27;86;157;4;77;229,0.1,19,119,19,0.1369925952018132,18120.0,True,0.6850950906678461,0.0,0.649624060150376,0.0789473684210526,0.3534166298098186,2,19,0,54.43810000724625,6.386699998984113,70.55589999072254,2.601499989395961
EngineeringROI_B10,JILONG_EI_0009,200,B10,41;10;217;105;74;157;50;195;29;170;177;86;61;219;52;4;112;94;55,0.1,19,118,19,0.1518251640618419,18090.0,True,0.6333630686886709,0.0,0.6449851042701094,0.0789473684210526,0.3393238853449581,2,19,0,54.59669999254402,5.028900006436743,71.76880000042729,3.01949999993667
EngineeringROI_B10,JILONG_EI_0009,210,B10,40;58;217;105;219;112;86;50;170;61;195;157;135;28;177;36;26;99;214,0.1,19,118,19,0.1693608288473172,18090.0,True,0.679750223015165,0.0,0.5878848063555113,0.0789473684210526,0.3366455994479323,2,19,0,54.45370000961702,5.164000001968816,69.86230000620708,2.2896000009495765
EngineeringROI_B10,JILONG_EI_0009,220,B10,40;88;58;217;195;106;219;112;29;86;50;10;155;120;60;214;177;186;36,0.1,19,118,19,0.1076567297899549,18090.0,True,0.7042818911685995,0.0,0.631578947368421,0.0789473684210526,0.3537020517395182,2,19,0,56.42290000105277,4.57809999352321,70.15889999456704,2.448800005367957
EngineeringROI_B10,JILONG_EI_0009,230,B10,58;40;195;232;88;219;112;106;201;86;120;45;35;27;49;77;177;252;170,0.1,19,118,19,0.1453775528175754,18090.0,True,0.7007136485280998,0.0,0.6402657128257537,0.0789473684210526,0.3549816824437265,2,19,0,55.24209998839069,6.506300007458776,70.03770000301301,2.3927000002004206
EngineeringROI_B10,JILONG_EI_0009,240,B10,58;195;104;219;217;106;29;10;112;24;77;86;66;192;252;33;170;35;157,0.1,19,118,19,0.1071360200932683,18090.0,True,0.6752899197145407,0.0,0.6806336228921819,0.0789473684210526,0.3587177277569438,2,19,0,54.94580000231508,4.698099990491755,71.01739999779966,2.2434999991673976
EngineeringROI_B10,JILONG_EI_0009,250,B10,58;195;219;217;88;10;112;90;86;77;252;29;192;23;49;170;157;20;56,0.1,19,118,19,0.1106278380592843,17970.0,True,0.6944692239072258,0.0,0.6188042922841085,0.0789473684210526,0.3480552211530966,2,19,0,55.9575999941444,4.692300004535355,70.21019999228884,2.558399995905347
EngineeringROI_B10,JILONG_EI_0009,260,B10,58;195;88;219;217;10;86;29;106;128;77;35;4;177;23;49;157;170;55,0.1,19,118,19,0.1190587406482835,17970.0,True,0.6859946476360393,0.0,0.6015037593984963,0.0789473684210526,0.341611443863897,2,19,0,55.57949999638368,5.340999996406026,72.18940000166185,4.1772999975364655
EngineeringROI_B10,JILONG_EI_0009,270,B10,58;195;217;88;10;77;219;112;86;23;192;35;106;29;49;157;170;55;4,0.1,19,117,19,0.1134993988866001,17970.0,True,0.6707152496626181,0.0,0.601578947368421,0.0789473684210526,0.3378103913630229,2,19,0,58.76420000276994,6.642799999099225,70.12829999439418,2.519600006053224
EngineeringROI_B10,JILONG_EI_0009,280,B10,58;195;105;232;112;119;86;219;23;35;60;13;201;66;93;26;177;157;170,0.1,19,119,19,0.1192348630456922,17970.0,True,0.6612118531623176,0.0,0.6284523189161021,0.0789473684210526,0.3421528851248681,2,19,0,55.313499993644655,7.080099996528588,69.87390000722371,2.4665000091772527
EngineeringROI_B10,JILONG_EI_0009,290,B10,195;58;217;119;128;105;86;10;13;23;176;77;35;66;235;33;4;44;174,0.1,19,120,19,0.1053977686057997,17970.0,True,0.6416666666666666,0.0,0.6469085334695963,0.0789473684210526,0.3418806421393288,2,19,0,54.86210000526626,7.991899998160079,70.2002000034554,2.473999993526377
EngineeringROI_B10,JILONG_EI_0009,300,B10,195;57;119;217;128;86;105;23;34;77;176;29;4;25;219;27;66;157;55,0.1,19,120,19,0.1430420166780253,17970.0,True,0.7057017543859648,0.0,0.5815273477812178,0.0789473684210526,0.3415441176470588,2,19,0,55.31609999889042,5.464599991682917,71.84509999933653,2.609100003610365
EngineeringROI_B10,JILONG_EI_0009,310,B10,195;58;119;217;105;86;112;10;34;77;235;4;23;29;157;66;177;190;55,0.1,19,121,19,0.111692229939276,17970.0,True,0.7033492822966507,0.0,0.5774291497975709,0.0789473684210526,0.3399314501288185,2,19,0,55.25560000387486,5.632499989587814,71.09409999975469,2.490999992005527
EngineeringROI_B10,JILONG_EI_0009,320,B10,195;58;217;86;105;34;206;119;112;77;4;177;29;235;25;27;157;23;66,0.1,19,120,19,0.1305679564441653,17970.0,True,0.6973684210526316,0.0,0.5508771929824562,0.0789473684210526,0.3317982456140351,2,19,0,56.01810000371188,5.2986000082455575,70.4264000087278,2.3858000058680773
EngineeringROI_B10,JILONG_EI_0009,330,B10,195;58;218;105;232;34;86;176;119;77;25;13;23;128;20;158;27;66;170,0.1,19,120,19,0.1326814252130698,17970.0,True,0.6815789473684211,0.0,0.5605759682224429,0.0789473684210526,0.3302755710029792,2,19,0,54.141400003572926,4.929100003209896,71.76829999662004,3.3416999940527603
EngineeringROI_B10,JILONG_EI_0009,340,B10,195;58;218;105;86;34;176;232;14;77;119;66;128;25;27;4;174;170;45,0.1,19,120,19,0.1313796509713533,17970.0,True,0.6899122807017545,0.0,0.5573044761436301,0.0789473684210526,0.3315410313166092,2,19,0,54.24179999681655,5.2930999954696745,69.83740000578109,2.260299996123649
EngineeringROI_B10,JILONG_EI_0009,350,B10,195;58;218;105;34;86;232;176;77;29;119;25;158;27;4;66;170;156;56,0.1,19,121,19,0.1530120758704658,17970.0,True,0.6903001304915181,0.0,0.5395966551893752,0.0789473684210526,0.3272110385254865,2,19,0,55.05730000732001,4.996600007871166,70.39930000610184,2.245499999844469
EngineeringROI_B10,JILONG_EI_0009,360,B10,195;58;218;34;105;86;232;119;206;77;177;66;13;45;25;23;158;27;156,0.1,19,122,19,0.1388916540956115,17820.0,True,0.6902502157031924,0.0,0.5706627680311891,0.0789473684210526,0.3349650880388585,2,19,0,55.18429999938235,5.040799995185807,70.45860000653192,2.2729999909643084
EngineeringROI_B10,JILONG_EI_0009,370,B10,195;58;218;105;34;86;232;119;46;77;177;28;66;25;158;23;20;156;99,0.1,19,122,19,0.1324210703647265,17820.0,True,0.6932700603968939,0.0,0.5543531726512543,0.0789473684210526,0.3316426503673002,2,19,0,56.82870000600815,5.70569999399595,70.6715999986045,3.187900001648813
EngineeringROI_B10,JILONG_EI_0009,380,B10,195;58;105;218;34;86;46;232;77;177;27;25;66;23;147;135;174;13;156,0.1,19,122,19,0.1310503786631544,17820.0,True,0.6699741156169111,0.0,0.5701754385964912,0.0789473684210526,0.3297742306586137,2,19,0,54.34719999902882,5.462000000989065,69.85570001415908,2.4698999914107844
EngineeringROI_B10,JILONG_EI_0009,390,B10,195;58;218;105;86;34;29;77;232;25;192;66;158;27;135;4;170;190;156,0.1,19,123,19,0.1412195327396221,17820.0,True,0.670517757809157,0.0,0.5519072911636891,0.0789473684210526,0.3253431043484747,2,19,0,54.27509998844471,4.921699990518391,70.06929999624845,2.40019999910146
EngineeringROI_B10,JILONG_EI_0009,400,B10,195;58;217;105;86;46;49;35;235;119;77;147;25;28;158;176;170;14;4,0.1,19,122,19,0.1256212143256426,17100.0,True,0.6492666091458152,0.0,0.5906432748538012,0.0789473684210526,0.3297143131051672,2,19,0,54.60070000845008,5.875599992577918,69.78199999139179,2.575999998953193
EngineeringROI_B10,JILONG_EI_0009,410,B10,195;58;105;218;86;35;49;119;45;25;192;77;158;206;27;170;99;13;56,0.1,19,122,19,0.1513044543651553,17100.0,True,0.6941328731665228,0.0,0.5292397660818713,0.0789473684210526,0.3255800019173617,2,19,0,54.77539999992587,5.312499997671694,71.60139999177773,3.297400005976669
EngineeringROI_B10,JILONG_EI_0009,420,B10,195;58;218;105;86;33;35;60;29;10;66;119;177;158;170;147;206;84;56,0.1,19,122,19,0.1046549915384674,17100.0,True,0.6660914581535807,0.0,0.5506454816285998,0.0789473684210526,0.3239210770508083,2,19,0,54.040100003476255,4.7052000008989125,71.33140000223648,2.32759999926202
EngineeringROI_B10,JILONG_EI_0009,430,B10,195;58;217;86;105;34;29;235;60;25;119;192;147;206;158;27;84;66;79,0.1,19,122,19,0.1222902037659563,17100.0,True,0.6587575496117344,0.0,0.5413533834586466,0.0789473684210526,0.3197645753728583,2,19,0,54.77430000610184,5.669000005582348,69.59199999982957,2.261400004499592
EngineeringROI_B10,JILONG_EI_0009,440,B10,195;58;217;86;105;29;34;61;235;119;25;192;84;27;174;72;4;66;170,0.1,19,122,19,0.1288909649210129,17100.0,True,0.6130284728213977,0.0,0.5635551142005959,0.0789473684210526,0.3138827388607616,2,19,0,55.10109999158885,5.322199998772703,70.27640000160318,2.448200000799261
EngineeringROI_B10,JILONG_EI_0009,450,B10,195;58;218;86;105;46;60;35;13;232;25;49;177;119;158;79;4;27;68,0.1,19,122,19,0.1349557013883039,17100.0,True,0.6488352027610008,0.0,0.5425101214574899,0.0789473684210526,0.3175731731598858,2,19,0,54.72359999839682,7.152100006351247,70.13940000615548,2.281199995195493
EngineeringROI_B10,JILONG_EI_0009,460,B10,195;58;218;86;105;29;35;10;60;177;66;24;5;79;158;135;170;156;3,0.1,19,122,19,0.1205825822606458,17100.0,True,0.676876617773943,0.0,0.4999999999999999,0.0789473684210526,0.3139559965487489,2,19,0,54.91630001051817,4.73000000056345,71.52060000225902,3.6575999984052032
EngineeringROI_B10,JILONG_EI_0009,470,B10,195;58;86;217;105;14;46;51;77;25;235;177;27;135;174;147;49;165;99,0.1,19,121,19,0.1325359327978191,17100.0,True,0.6528925619834711,0.0,0.5452222789984672,0.0789473684210526,0.3192655523507476,2,19,0,54.63800000143237,6.382899999152869,69.77159999951255,2.23950001236517
EngineeringROI_B10,JILONG_EI_0009,480,B10,195;58;218;86;105;60;119;29;49;27;51;232;165;177;25;174;3;99;56,0.1,19,124,19,0.1356065885091621,17100.0,True,0.6871816638370118,0.0,0.5198609731876861,0.0789473684210526,0.3214975013614377,2,19,0,56.09650000405964,4.780000002938323,71.15870001143776,3.0989000078989197
EngineeringROI_B10,JILONG_EI_0009,490,B10,195;74;41;86;218;46;88;60;119;27;35;49;177;99;3;165;174;206;106,0.1,19,124,19,0.1124732944843059,17100.0,True,0.6235144312393889,0.0,0.6084604033448106,0.0789473684210526,0.327730550751313,2,19,0,54.76509999425616,5.197699996642768,69.86429999233223,2.3923999979160726
EngineeringROI_B10,JILONG_EI_0009,500,B10,195;58;86;218;29;35;90;88;135;77;177;66;27;25;166;206;99;3;157,0.1,19,124,19,0.1369313352374972,17100.0,True,0.6922750424448217,0.0,0.5129096325719962,0.0789473684210526,0.3210330108594675,2,19,0,56.29599999519996,4.867600000579841,70.17239999549929,2.264399998239241
EngineeringROI_B10,JILONG_EI_0009,510,B10,195;74;86;60;29;218;119;105;41;27;177;206;166;3;99;66;5;35;174,0.1,19,124,19,0.1134917413910606,17100.0,True,0.6893039049235993,0.0,0.5223807181505165,0.0789473684210526,0.3226579978737921,2,19,0,55.119399999966845,6.014400001731701,70.04030000825878,2.3037000064505264
EngineeringROI_B10,JILONG_EI_0009,520,B10,195;74;86;29;217;61;105;166;10;219;177;41;99;3;134;190;35;147;66,0.1,19,124,19,0.1083688768751292,17100.0,True,0.6625636672325976,0.0,0.5318295739348371,0.0789473684210526,0.3183351523971218,2,19,0,56.09369999729097,6.829299993114546,70.23440000193659,2.2517000033985823
EngineeringROI_B10,JILONG_EI_0009,530,B10,195;74;86;29;60;217;134;27;105;177;219;35;166;99;25;49;3;174;213,0.1,19,124,19,0.1245185349679533,17100.0,True,0.6485568760611207,0.0,0.5358395989974938,0.0789473684210526,0.3158359608699168,2,19,0,55.15410000225529,7.821699997293763,70.47599999350496,2.622600004542619
EngineeringROI_B10,JILONG_EI_0009,540,B10,195;74;86;218;61;29;105;49;10;177;135;41;35;213;174;165;99;147;3,0.1,19,124,19,0.1174200366028286,17100.0,True,0.6511035653650254,0.0,0.5163853028798411,0.0789473684210526,0.3116090591664798,2,19,0,54.33469999115914,4.829099998460151,74.24479999463074,5.12929999968037
EngineeringROI_B10,JILONG_EI_0009,550,B10,195;74;86;29;27;60;105;217;219;119;165;177;213;41;49;51;20;157;99,0.1,19,124,19,0.13158640335092,17100.0,True,0.646434634974533,0.0,0.5292949354518373,0.0789473684210526,0.3136692347118557,2,19,0,56.15089999628253,5.073300009826198,70.83169999532402,2.425400001811795
EngineeringROI_B10,JILONG_EI_0009,560,B10,195;74;86;29;27;217;61;147;105;219;41;213;192;35;166;3;206;135;66,0.1,19,124,19,0.1280562979072064,17160.0,True,0.648981324278438,0.0,0.5307427447122479,0.0789473684210526,0.3146678593529347,2,19,0,54.48019999312237,5.443499991088174,70.56120000197552,2.285499998833984
EngineeringROI_B10,JILONG_EI_0009,570,B10,195;74;86;29;60;217;147;27;120;219;41;49;99;106;35;206;88;213;166,0.1,19,124,19,0.1126877043594122,17160.0,True,0.6808149405772496,0.0,0.5071323167732416,0.0789473684210526,0.3167236564428859,2,19,0,55.36339999525808,5.06630000018049,70.73769999260549,2.261200002976693
EngineeringROI_B10,JILONG_EI_0009,580,B10,195;57;86;14;90;217;28;60;119;10;147;219;46;99;213;35;68;49;156,0.1,19,123,19,0.1059644232757234,17160.0,True,0.6508344030808729,0.0,0.5461767626613705,0.0789473684210526,0.318989633540824,2,19,0,55.12770000495948,4.844399998546578,70.59040000604,2.6596000097924843
EngineeringROI_B10,JILONG_EI_0009,590,B10,195;57;86;29;27;89;217;219;77;120;99;213;156;3;91;177;34;25;66,0.1,19,124,19,0.1403159482659601,17160.0,True,0.6578947368421052,0.0,0.5575968222442899,0.0789473684210526,0.3236097318768619,2,19,0,55.70709999301471,4.753499990329146,70.59560000197962,3.292299996246584
EngineeringROI_B10,JILONG_EI_0009,600,B10,195;74;86;29;217;10;41;105;61;119;219;99;5;34;3;213;156;177;52,0.1,19,124,19,0.1212947293458201,17160.0,True,0.654074702886248,0.0,0.5696881091617934,0.0789473684210526,0.3256775451172735,2,19,0,55.16970000462607,7.701599999563768,72.43359999847598,3.5211999929742888
EngineeringROI_B10,JILONG_EI_0009,610,B10,195;74;29;86;84;218;60;10;105;41;34;3;213;232;190;135;155;112;157,0.1,19,125,19,0.1007573263088574,17160.0,True,0.6197894736842104,0.0,0.5867446393762183,0.0789473684210526,0.3213703703703704,2,19,0,55.60209999384824,5.27969999529887,70.57329999224748,2.3501000105170533
EngineeringROI_B10,JILONG_EI_0009,620,B10,195;29;58;84;86;89;10;217;3;61;219;213;35;190;155;120;5;147;112,0.1,19,125,19,0.0936511704481932,17160.0,True,0.6690526315789472,0.0,0.544019138755981,0.0789473684210526,0.3230047846889952,2,19,0,54.81739999959245,5.396699998527765,71.00589999754447,2.299300002050586
EngineeringROI_B10,JILONG_EI_0009,630,B10,195;74;219;84;29;86;10;60;217;41;35;104;3;106;66;213;206;174;135,0.1,19,124,19,0.0960326515609804,17190.0,True,0.6519524617996604,0.0,0.5981308411214954,0.0789473684210526,0.332257667835552,2,19,0,54.99170000257436,4.934800002956763,71.52379999752156,2.3394999880110845
EngineeringROI_B10,JILONG_EI_0009,640,B10,195;74;29;84;86;10;104;201;41;5;35;60;219;3;232;213;106;49;190,0.1,19,125,19,0.0988276374329012,17190.0,True,0.6778947368421052,0.0,0.5803959439884114,0.0789473684210526,0.3343095123128923,2,19,0,54.70819999754895,4.824800009373576,70.2954000007594,2.2431999968830496
EngineeringROI_B10,JILONG_EI_0009,650,B10,195;74;29;86;27;201;219;61;35;41;147;104;166;3;213;49;68;99;156,0.1,19,124,19,0.1482261411582727,17190.0,True,0.6956706281833618,0.0,0.5386128873585834,0.0789473684210526,0.3283077209907494,2,19,0,54.1936999943573,4.881000000750646,69.56380000337958,2.314400000614114
EngineeringROI_B10,JILONG_EI_0009,660,B10,195;74;29;86;10;218;35;166;5;61;105;3;119;213;41;147;192;174;216,0.1,19,124,19,0.1094868712238975,17190.0,True,0.6472835314091681,0.0,0.5635551142005958,0.0789473684210526,0.3224465035077041,2,19,0,54.33879999327473,4.753299988806248,70.21849999728147,2.6571999915177003
EngineeringROI_B10,JILONG_EI_0009,670,B10,195;74;29;86;60;217;35;27;166;219;5;3;88;121;135;25;213;147;156,0.1,19,125,19,0.1256824742899587,17190.0,True,0.7233684210526314,0.0,0.530250860796852,0.0789473684210526,0.333141662567634,2,19,0,54.79070000001229,4.88259999838192,69.97039999987464,2.301400003489107
EngineeringROI_B10,JILONG_EI_0009,680,B10,195;74;86;29;35;10;217;61;147;206;5;3;166;105;119;213;41;68;174,0.1,19,125,19,0.1144565858290387,17190.0,True,0.7002105263157894,0.0,0.5526315789473685,0.0789473684210526,0.3329473684210526,2,19,0,56.07700000109617,5.301900004269555,69.8534999974072,2.2689999896101654
EngineeringROI_B10,JILONG_EI_0009,690,B10,195;84;74;86;29;5;217;27;35;219;3;25;105;61;134;147;229;190;165,0.1,19,125,19,0.1275049582283618,17190.0,True,0.7069473684210528,0.0,0.5523856369896704,0.0789473684210526,0.3345700934579439,2,19,0,54.39359998854343,4.745900005218573,69.85870000789873,2.630299990414642
EngineeringROI_B10,JILONG_EI_0009,700,B10,195;74;86;29;5;217;27;60;147;35;229;3;105;134;68;165;41;192;219,0.1,19,124,19,0.1166542870488778,17190.0,True,0.7024617996604414,0.0,0.5440236104279389,0.0789473684210526,0.3313581946273582,2,19,0,56.38369999360293,4.9196000036317855,70.36850000440609,2.466399993863888
EngineeringROI_B10,JILONG_EI_0009,710,B10,195;74;86;29;147;5;218;35;3;199;10;105;61;213;68;161;41;192;134,0.1,19,125,19,0.1188902757464143,17190.0,True,0.6938947368421053,0.0,0.526803118908382,0.0789473684210526,0.324911306042885,2,19,0,54.195000004256144,4.762800002936274,70.54299999435898,2.234400002635084
EngineeringROI_B10,JILONG_EI_0009,720,B10,195;74;29;86;147;60;35;10;217;219;190;3;105;213;68;161;41;5;93,0.1,19,125,19,0.1078481671784426,17190.0,True,0.7351578947368421,0.0,0.4965886939571149,0.0789473684210526,0.3276734892787524,2,19,0,54.31150000367779,5.057300004409626,69.56790000549518,2.652800001669675
EngineeringROI_B10,JILONG_EI_0009,730,B10,195;74;147;86;29;219;35;5;61;217;27;3;105;213;68;41;174;156;119,0.1,19,123,19,0.13891462658223,17190.0,True,0.7073170731707318,0.0,0.5197994987468672,0.0789473684210526,0.3265159850846628,2,19,0,55.04579999251291,5.164200003491715,69.71539999358356,2.287200011778623
EngineeringROI_B10,JILONG_EI_0009,740,B10,195;58;147;86;29;60;89;219;10;121;201;35;5;3;213;68;91;199;155,0.1,19,123,19,0.0965457037621275,17190.0,True,0.6842105263157895,0.0,0.5503759398496242,0.0789473684210526,0.3283834586466165,2,19,0,54.949600002146326,6.575499995960854,69.65989999298472,2.227199991466477
EngineeringROI_B10,JILONG_EI_0009,750,B10,195;74;147;86;219;28;105;10;14;5;201;46;3;35;60;41;213;161;174,0.1,19,124,19,0.1160952898744936,17190.0,True,0.6791171477079797,0.0,0.5508771929824561,0.0789473684210526,0.3272354272778721,2,19,0,56.31849999190308,6.540999995195307,71.50210000691004,2.264299997477792
EngineeringROI_B10,JILONG_EI_0009,760,B10,195;58;147;86;219;35;5;217;28;88;3;106;60;46;120;134;213;10;190,0.1,19,124,19,0.0919435489428827,17190.0,True,0.6774193548387099,0.0,0.5708502024291497,0.0789473684210526,0.331804231422228,2,19,0,53.84100000082981,5.298099989886396,70.06820000242442,2.2625000128755346
EngineeringROI_B10,JILONG_EI_0009,770,B10,195;58;147;86;35;218;28;105;68;5;3;10;61;190;100;134;214;128;232,0.1,19,124,19,0.1164245621826925,17190.0,True,0.7113752122241086,0.0,0.528798411122145,0.0789473684210526,0.3297802479418265,2,19,0,54.095600004075095,5.098800000268966,70.03650000842754,2.264199996716343
EngineeringROI_B10,JILONG_EI_0009,780,B10,195;58;147;86;35;217;5;27;89;68;3;29;219;134;199;60;166;121;161,0.1,19,123,19,0.1047009365117044,17190.0,True,0.7030380830124091,0.0,0.5526315789473685,0.0789473684210526,0.3336542575952075,2,19,0,54.77620000601746,5.144900002051145,69.28830000106245,2.6538000092841685
EngineeringROI_B10,JILONG_EI_0009,790,B10,195;58;147;86;219;35;166;5;27;88;3;29;217;61;199;68;116;156;213,0.1,19,124,19,0.1391826389261128,17190.0,True,0.7644312393887944,0.0,0.5017215937038858,0.0789473684210526,0.3362750503784332,2,19,0,54.616199995507486,5.951800005277619,70.29429999238346,2.44389999716077
EngineeringROI_B10,JILONG_EI_0009,800,B10,195;58;147;5;86;35;218;10;28;88;3;60;46;199;213;135;206;177;174,0.1,19,124,19,0.0986438575399529,17190.0,True,0.6748726655348047,0.0,0.5789473684210527,0.0789473684210526,0.3331918505942275,2,19,0,54.820800010929815,5.853800001204945,69.62140000541694,2.4237000034190714
EngineeringROI_B10,JILONG_EI_0009,810,B10,195;74;147;86;5;218;35;41;105;3;60;177;29;27;213;174;119;68;133,0.1,19,124,19,0.1407753979983306,17190.0,True,0.7313242784380305,0.0,0.5053653551354113,0.0789473684210526,0.3289092504986236,2,19,0,54.94620000536088,5.089199999929406,70.66219999978784,2.4639999901410192
EngineeringROI_B10,JILONG_EI_0009,820,B10,195;74;86;147;5;217;219;35;3;177;88;60;41;68;29;121;213;157;10,0.1,19,125,19,0.1123967195289108,17190.0,True,0.7326315789473685,0.0,0.5196729688298416,0.0789473684210526,0.3328129790495657,2,19,0,54.783100000349805,4.963200000929646,71.31870000739582,2.566799987107516
EngineeringROI_B10,JILONG_EI_0009,830,B10,195;74;86;219;147;217;35;5;88;41;44;206;177;106;68;10;3;156;213,0.1,19,124,19,0.1232856781860924,17190.0,True,0.7334465195246181,0.0,0.4787940725600408,0.0789473684210526,0.3227969901264279,2,19,0,54.571800006669946,5.575700008193962,70.12040000699926,2.420799995888956
EngineeringROI_B10,JILONG_EI_0009,840,B10,195;58;86;5;35;147;218;88;28;3;177;232;121;190;60;25;214;170;90,0.1,19,123,19,0.1208276221179101,17190.0,True,0.6726572528883183,0.0,0.5373684210526315,0.0789473684210526,0.3222432605905007,2,19,0,55.34070001158398,4.8931999917840585,70.11330001114402,2.415900002233684
EngineeringROI_B10,JILONG_EI_0009,850,B10,195;74;86;218;35;88;232;190;28;147;170;41;161;61;3;10;5;121;100,0.1,19,124,19,0.1284085427020238,17220.0,True,0.7215619694397283,0.0,0.4798160449667858,0.0789473684210526,0.3200813457068917,2,19,0,54.70629999763332,5.339899988030084,70.7447000022512,2.361199993174523
EngineeringROI_B10,JILONG_EI_0009,860,B10,195;74;86;219;217;28;88;3;5;60;35;199;46;170;41;161;174;164;156,0.1,19,124,19,0.1411199852976085,17220.0,True,0.7020373514431238,0.0,0.521671826625387,0.0789473684210526,0.3256641366223909,2,19,0,54.67359999602195,5.316900002071634,70.15169999795035,2.3849999997764826
EngineeringROI_B10,JILONG_EI_0009,870,B10,195;58;86;217;28;88;35;3;203;199;161;5;106;46;170;68;24;60;56,0.1,19,123,19,0.1296950019526613,17220.0,True,0.7218656397090286,0.0,0.4651780967570442,0.0789473684210526,0.3164977762217813,2,19,0,54.78180000500288,4.973200004315004,70.16329999896698,2.4341999960597605
EngineeringROI_B10,JILONG_EI_0009,880,B10,195;58;86;218;88;28;3;60;56;35;5;121;68;161;90;25;170;100;216,0.1,19,124,19,0.1446883782190197,17220.0,True,0.7071307300509337,0.0,0.4505907626208378,0.0789473684210526,0.309167215273206,2,19,0,54.197100005694665,4.930600000079721,69.81480000831652,2.4203999928431585
EngineeringROI_B10,JILONG_EI_0009,890,B10,195;58;86;219;88;217;28;135;3;61;56;10;35;177;68;100;5;90;156,0.1,19,124,19,0.135468753589451,17220.0,True,0.7449066213921902,0.0,0.4531578947368421,0.0789473684210526,0.3192529711375212,2,19,0,54.79529999138322,5.201700012548827,69.99819999327883,2.2229000023799017
EngineeringROI_B10,JILONG_EI_0009,900,B10,195;58;86;28;88;218;3;61;68;177;25;56;5;213;134;90;148;215;206,0.1,19,124,19,0.1759845624889923,17220.0,True,0.6948217317487267,0.0,0.4721052631578947,0.0789473684210526,0.3114685908319186,2,19,0,54.21329999808222,5.0731000083033,69.51420000405051,2.284999995026737
EngineeringROI_B10,JILONG_EI_0009,910,B10,195;58;86;218;28;88;3;134;60;68;161;121;10;56;5;46;156;90;66,0.1,19,124,19,0.1202533099524469,17220.0,True,0.6731748726655349,0.0,0.5021052631578948,0.0789473684210526,0.3135568760611205,2,19,0,54.4514000066556,5.335900001227856,71.65549999626819,3.65889999375213
EngineeringROI_B10,JILONG_EI_0009,920,B10,195;74;86;28;217;88;219;134;3;41;60;177;51;49;106;190;5;158;155,0.1,19,124,19,0.1145025308022758,17220.0,True,0.6544991511035654,0.0,0.5436842105263158,0.0789473684210526,0.3192826825127334,2,19,0,55.20350000006147,6.733599992003292,70.05639999988489,2.227300006779842
EngineeringROI_B10,JILONG_EI_0009,930,B10,195;58;86;28;217;88;3;219;177;68;135;61;190;56;49;25;94;116;90,0.1,19,124,19,0.1686869692398404,17220.0,True,0.7538200339558575,0.0,0.4269602577873254,0.0789473684210526,0.3149319150410588,2,19,0,54.16440000408329,5.576900002779439,69.91950000519864,2.209500002209097
EngineeringROI_B10,JILONG_EI_0009,940,B10,195;58;86;217;88;28;203;3;68;60;135;10;177;156;174;235;116;49;56,0.1,19,124,19,0.1334854622447182,17220.0,True,0.724533106960951,0.0,0.4683136412459721,0.0789473684210526,0.3179485291569939,2,19,0,54.076400003395975,5.148200012627058,69.69829999434296,2.201199997216463
EngineeringROI_B10,JILONG_EI_0009,950,B10,195;58;84;86;217;28;88;3;5;219;60;177;10;106;56;174;156;52;46,0.1,19,123,19,0.1141579435029979,17220.0,True,0.6786478391099701,0.0,0.5515574650912998,0.0789473684210526,0.3272881681555805,2,19,0,54.66559999331366,4.539300003671087,70.05039999785367,2.208899997640401
EngineeringROI_B10,JILONG_EI_0009,960,B10,195;58;84;86;219;14;201;28;88;206;177;3;5;156;25;56;60;135;174,0.1,19,123,19,0.1321377430297647,17220.0,True,0.7252888318356869,0.0,0.4986435160065111,0.0789473684210526,0.3257199290658126,2,19,0,54.23379999410827,4.697999989730306,70.47829999646638,2.188200000091456
EngineeringROI_B10,JILONG_EI_0009,970,B10,195;58;86;218;3;28;88;68;177;190;5;156;60;25;216;135;106;213;116,0.1,19,123,19,0.1447113507056382,17220.0,True,0.7244330338040222,0.0,0.4592797783933518,0.0789473684210526,0.3156650451546066,2,19,0,54.15769999672193,5.187500006286427,70.17160000395961,2.228099998319521
EngineeringROI_B10,JILONG_EI_0009,980,B10,195;58;3;86;28;218;177;216;104;68;134;156;46;25;174;56;166;49;90,0.1,19,122,19,0.1323291804182524,17220.0,True,0.6578947368421053,0.0,0.5290570175438597,0.0789473684210526,0.3164747807017544,2,19,0,55.74619999970309,6.581399997230619,70.1489000057336,2.238399989437312
EngineeringROI_B10,JILONG_EI_0009,990,B10,195;58;86;3;104;28;177;217;219;206;166;68;56;156;25;174;61;94;215,0.1,19,124,19,0.1673086200427288,17220.0,True,0.7423599320882852,0.0,0.478517722878625,0.0789473684210526,0.3249562558469908,2,19,0,54.40110000199638,4.665999993449077,70.30910000321455,2.427900006296113
EngineeringROI_B10,JILONG_EI_0009,1000,B10,195;58;86;3;27;218;104;177;135;94;25;61;216;156;68;185;166;72;33,0.1,19,123,19,0.161879455705217,17220.0,True,0.7406931964056482,0.0,0.450657894736842,0.0789473684210526,0.3175746148908857,2,19,0,54.32629999995697,4.861599998548627,71.12019999476615,2.87949999619741
EngineeringROI_B10,JILONG_EI_0009,1010,B10,195;58;3;86;88;219;177;44;201;10;135;156;68;121;33;56;46;206;213,0.1,19,124,19,0.1308512837791272,17220.0,True,0.6595925297113754,0.0,0.5471491228070174,0.0789473684210526,0.3214222552348613,2,19,0,54.4042000110494,5.201499996474013,69.41680000454653,2.395700008491985
EngineeringROI_B10,JILONG_EI_0009,1020,B10,195;58;86;3;44;218;104;177;135;206;216;68;156;174;25;90;94;13;128,0.1,19,124,19,0.1368164728044046,17220.0,True,0.6413412563667231,0.0,0.5455043859649124,0.0789473684210526,0.3164482526881721,2,19,0,55.04289999953471,5.039399999077432,69.91830001061317,2.584200003184378
EngineeringROI_B10,JILONG_EI_0009,1030,B10,195;58;3;86;44;219;104;217;161;68;5;190;135;128;25;56;157;13;90,0.1,19,123,19,0.1349174139106064,17220.0,True,0.6195977749251176,0.0,0.5866228070175438,0.0789473684210526,0.3212919875909285,2,19,0,54.029899998568,4.915700003039092,70.28909999644384,3.45579998975154
EngineeringROI_B10,JILONG_EI_0009,1040,B10,195;58;3;86;44;203;161;68;88;201;135;190;156;25;49;13;56;233;106,0.1,19,123,19,0.1435244388970143,17220.0,True,0.6576807873341891,0.0,0.5606874328678839,0.0789473684210526,0.3243288971557814,2,19,0,54.804700004751794,5.294100003084168,69.90010000299662,2.591700002085417
EngineeringROI_B10,JILONG_EI_0009,1050,B10,195;58;3;86;44;218;135;10;88;177;13;174;216;156;68;49;46;94;170,0.1,19,122,19,0.1295265370507921,17220.0,True,0.6514236410698878,0.0,0.5493421052631579,0.0789473684210526,0.3199282786885246,2,19,0,54.69360000279266,5.5511999962618575,70.93190000159666,2.4206999951275066
EngineeringROI_B10,JILONG_EI_0009,1060,B10,195;58;3;86;44;225;217;104;13;203;177;135;68;170;190;10;33;215;56,0.1,19,124,19,0.1494972854178312,20520.0,True,0.6901528013582343,0.0526315789473684,0.4705882352941176,0.0789473684210526,0.3230799960051932,2,19,0,55.57799999951385,5.087500001536682,70.28600000194274,3.2047999993665144
EngineeringROI_B10,JILONG_EI_0009,1070,B10,195;58;3;225;60;86;28;203;10;217;104;68;156;177;174;170;134;206;214,0.1,19,124,19,0.1391749814305733,20610.0,True,0.7253820033955857,0.0526315789473684,0.490035769034236,0.0789473684210526,0.3367491799495606,2,19,0,54.72240000381135,5.364800003007986,71.90450000052806,3.296800001407973
EngineeringROI_B10,JILONG_EI_0009,1080,B10,195;58;225;3;86;44;135;203;88;68;201;177;13;56;174;170;94;166;215,0.1,19,123,19,0.1688477766461701,20700.0,True,0.7107402652973898,0.0526315789473684,0.4824561403508771,0.0789473684210526,0.331193838254172,2,19,0,55.65309998928569,6.554199993843213,70.96889999229461,2.20610000542365
EngineeringROI_B10,JILONG_EI_0009,1090,B10,195;58;225;3;44;86;206;68;177;88;203;201;134;10;13;56;174;49;46,0.1,19,124,19,0.1414492576058074,20760.0,True,0.7143463497453313,0.0526315789473684,0.5172064777327935,0.0789473684210526,0.3407829437116363,2,19,0,54.63840000447817,4.688200002419762,70.27909999305848,2.279899999848567
EngineeringROI_B10,JILONG_EI_0009,1100,B10,195;225;58;3;86;44;203;68;177;201;13;134;104;156;10;232;174;56;49,0.1,19,123,19,0.1470622018362674,20820.0,True,0.7180145485665383,0.0526315789473684,0.5053653551354113,0.0789473684210526,0.3387397127675926,2,19,0,56.56940001063049,4.719100004876964,70.3912000026321,2.540800007409416
EngineeringROI_B10,JILONG_EI_0009,1110,B10,195;225;58;3;86;44;177;218;135;68;104;13;156;213;216;174;56;106;116,0.1,19,124,19,0.1628672726298136,20910.0,True,0.6994906621392191,0.0526315789473684,0.5051599587203303,0.0789473684210526,0.3340573920569925,2,19,0,54.09160000272095,4.707699990831316,70.33440000668634,2.229100005934015
EngineeringROI_B10,JILONG_EI_0009,1120,B10,195;225;58;2;86;134;177;44;203;13;217;104;68;156;77;56;214;90;174,0.1,19,125,19,0.1626069177814704,20940.0,True,0.7423157894736842,0.0526315789473684,0.4895247828308636,0.0789473684210526,0.3408548799182422,2,19,0,53.94519999390468,5.019199990783818,71.58060000801925,2.84470000769943
EngineeringROI_B10,JILONG_EI_0009,1130,B10,195;225;58;3;86;217;134;14;44;68;177;88;219;171;49;90;206;174;116,0.1,19,124,19,0.1351088512990941,21030.0,True,0.6799660441426145,0.0526315789473684,0.5592105263157895,0.0789473684210526,0.3426888794567063,2,19,0,54.73000000347383,5.237999997916631,70.0634000095306,2.2809000074630603
EngineeringROI_B10,JILONG_EI_0009,1140,B10,195;225;57;217;3;86;44;219;68;177;134;88;13;206;174;49;156;116;90,0.1,19,124,19,0.1370691701572083,21060.0,True,0.7130730050933787,0.0526315789473684,0.5370464997445069,0.0789473684210526,0.3454246130515766,2,19,0,55.38870001328178,6.597200001124293,69.55939999897964,3.06980000459589
EngineeringROI_B10,JILONG_EI_0009,1150,B10,195;225;58;3;86;217;44;203;177;68;13;135;104;49;156;56;90;174;77,0.1,19,124,19,0.1593524821771791,21090.0,True,0.7105263157894737,0.0526315789473684,0.5247828308635668,0.0789473684210526,0.3417220235053654,2,19,0,54.89070000476204,5.014700000174344,69.74710000213236,2.209400001447648
EngineeringROI_B10,JILONG_EI_0009,1160,B10,195;225;2;57;86;177;44;218;104;13;68;134;49;46;90;174;116;171;94,0.1,19,125,19,0.1484175785467605,21090.0,True,0.6774736842105263,0.0526315789473684,0.54437564499484,0.0789473684210526,0.3383570691434469,2,19,0,54.70680000144057,5.376400004024617,71.68549999187235,2.229799996712245
EngineeringROI_B10,JILONG_EI_0009,1170,B10,195;225;58;3;86;44;177;203;13;68;135;104;217;49;174;90;214;56;116,0.1,19,124,19,0.1533796356563622,21120.0,True,0.7300509337860781,0.0526315789473684,0.505050505050505,0.0789473684210526,0.341670096551251,2,19,0,54.466200002934784,4.683599996496923,69.83739999122918,2.2089999984018505
EngineeringROI_B10,JILONG_EI_0009,1180,B10,195;225;58;86;44;135;3;177;13;219;88;217;49;68;90;121;174;116;128,0.1,19,124,19,0.1320305380922115,21120.0,True,0.668081494057725,0.0526315789473684,0.5483351235230934,0.0789473684210526,0.3369988912373098,2,19,0,54.74920000415296,4.748299994389527,69.98250000469852,2.325099994777702
EngineeringROI_B10,JILONG_EI_0009,1190,B10,195;225;57;86;3;44;177;203;104;135;201;174;13;68;49;10;235;128;156,0.1,19,124,19,0.1347642639998162,21120.0,True,0.6842105263157895,0.0526315789473684,0.5390749601275918,0.0789473684210526,0.3387161084529506,2,19,0,54.172800009837374,4.654299991670996,70.09290000132751,2.223000003141351
EngineeringROI_B10,JILONG_EI_0009,1200,B10,195;225;57;86;44;3;219;177;135;68;201;104;13;49;174;90;156;25;94,0.1,19,124,19,0.1628136701610371,21120.0,True,0.701188455008489,0.0526315789473684,0.5150375939849624,0.0789473684210526,0.3369512490904681,2,19,0,56.17029999848455,4.739800002425909,69.88409999758005,2.213399988249876
EngineeringROI_B10,JILONG_EI_0009,1210,B10,195;225;57;3;86;44;219;68;201;13;88;177;121;135;174;90;49;46;25,0.1,19,124,19,0.1445811732814665,21180.0,True,0.6617147707979626,0.0526315789473684,0.5605263157894738,0.0789473684210526,0.3384550084889643,2,19,0,54.0982999955304,5.162799992831424,70.148099999642,2.2022000048309565
EngineeringROI_B10,JILONG_EI_0009,1220,B10,195;225;2;58;86;44;203;177;206;104;13;135;174;217;68;56;49;156;90,0.1,19,124,19,0.1391902964216523,21210.0,True,0.7084040747028862,0.0526315789473684,0.5409067222511725,0.0789473684210526,0.34522243608062,2,19,0,54.255499999271706,4.805999997188337,69.99180000275373,2.254400009405799
EngineeringROI_B10,JILONG_EI_0009,1230,B10,195;225;58;3;86;44;135;177;218;104;13;174;68;90;216;156;33;56;25,0.1,19,122,19,0.161412348477307,21210.0,True,0.723037100949094,0.0526315789473684,0.5010741138560688,0.0789473684210526,0.338922540543396,2,19,0,54.439400002593175,4.703700004029088,70.15769999998156,2.575500009697862
EngineeringROI_B10,JILONG_EI_0009,1240,B10,195;225;58;2;86;44;219;177;68;216;13;104;49;174;134;46;25;106;56,0.1,19,124,19,0.1535557580537709,21210.0,True,0.7117996604414261,0.0526315789473684,0.5169359041167274,0.0789473684210526,0.3400786279816436,2,19,0,54.69910000101663,4.704600010882132,70.56409999495372,2.214699998148717
EngineeringROI_B10,JILONG_EI_0009,1250,B10,195;225;58;219;86;3;44;177;88;216;206;174;134;68;49;90;46;25;56,0.1,19,124,19,0.1551714896126073,21210.0,True,0.734295415959253,0.0526315789473684,0.4984210526315789,0.0789473684210526,0.3410738539898132,2,19,0,54.16250000416767,4.703200000221841,70.1474999950733,2.2087000106694177
EngineeringROI_B10,JILONG_EI_0009,1260,B10,195;225;58;86;44;203;135;217;177;68;104;174;49;3;90;128;156;72;235,0.1,19,123,19,0.126800468638727,21210.0,True,0.6461275139067182,0.0526315789473684,0.5763157894736842,0.0789473684210526,0.3385055626872058,2,19,0,54.16169999807608,5.205999987083487,69.4249999942258,2.311600008397363
EngineeringROI_B10,JILONG_EI_0009,1270,B10,195;225;2;57;86;217;219;44;135;177;128;174;68;104;49;90;46;171;214,0.1,19,125,19,0.1296873444571218,21210.0,True,0.6686315789473685,0.0526315789473684,0.5887512899896802,0.0789473684210526,0.3472404540763674,2,19,0,54.32640000071842,5.4785999964224175,70.0661000009859,2.241800000774674
EngineeringROI_B10,JILONG_EI_0009,1280,B10,195;225;57;3;219;86;217;44;134;104;77;174;177;68;90;128;33;251;46,0.1,19,124,19,0.1357291084377943,21210.0,True,0.6969439728353141,0.0526315789473684,0.5639097744360902,0.0789473684210526,0.3481081736599563,2,19,0,54.36769999505486,5.301800003508106,71.40970000182278,2.5305000017397106
EngineeringROI_B10,JILONG_EI_0009,1290,B10,195;225;57;86;217;3;177;44;68;203;206;104;251;134;33;46;90;157;10,0.1,19,123,19,0.1242045776508335,21210.0,True,0.7115960633290545,0.0526315789473684,0.5406234031681144,0.0789473684210526,0.3459496034663974,2,19,0,54.81010000221431,4.801100003533065,70.44870000390802,2.2311999928206205
EngineeringROI_B10,JILONG_EI_0009,1300,B10,225;195;58;86;217;135;44;88;174;3;33;219;177;68;112;156;106;56;116,0.1,19,122,19,0.1520395739369481,21210.0,True,0.730802415875755,0.0526315789473684,0.5078947368421052,0.0789473684210526,0.3425690250215703,2,19,0,54.64370000117924,5.673699997714721,69.99409999116324,2.520400012144819
EngineeringROI_B10,JILONG_EI_0009,1310,B10,225;195;58;86;44;217;203;3;33;68;135;174;104;177;90;128;25;171;72,0.1,19,121,19,0.1416177225076766,21240.0,True,0.7059591126576772,0.0526315789473684,0.538795442213782,0.0789473684210526,0.34408337555997,2,19,0,55.33010000362992,4.652799994801171,70.09269999980461,2.6950000028591603
EngineeringROI_B10,JILONG_EI_0009,1320,B10,225;195;57;2;217;86;219;44;128;33;68;104;46;177;190;135;90;20;156,0.1,19,123,19,0.1271910009112419,21240.0,True,0.6949080017115961,0.0526315789473684,0.5856553147574819,0.0789473684210526,0.3530355659593748,2,19,0,54.93290000595152,4.678600002080202,70.25710000016261,2.519100002245977
EngineeringROI_B10,JILONG_EI_0009,1330,B10,225;195;57;2;217;86;128;44;104;177;174;33;68;135;219;90;10;214;171,0.1,19,123,19,0.1286688975503671,21240.0,True,0.7389816003423192,0.0526315789473684,0.5536635706914345,0.0789473684210526,0.3560560296005436,2,19,0,54.97519999335054,4.771799998707138,70.58709999546409,2.214399995864369
EngineeringROI_B10,JILONG_EI_0009,1340,B10,225;195;57;3;217;128;86;203;44;104;33;177;174;90;68;135;46;156;116,0.1,19,122,19,0.1395195687298512,21240.0,True,0.731665228645384,0.0526315789473684,0.5622720166753518,0.0789473684210526,0.3563790481722892,2,19,0,54.50470000505448,7.5059000082546845,69.84149999334477,2.4656000023242086
EngineeringROI_B10,JILONG_EI_0009,1350,B10,195;57;240;217;2;86;128;135;33;203;46;104;68;44;90;177;157;199;116,0.1,19,122,19,0.1351165087946336,22170.0,True,0.7277825711820536,0.0526315789473684,0.5528921313183949,0.0789473684210526,0.3530634124672173,2,19,0,55.186800003866665,4.837100001168437,70.28930001251865,2.275600010761991
EngineeringROI_B10,JILONG_EI_0009,1360,B10,195;57;217;86;203;240;44;135;3;33;104;174;90;68;128;176;156;46;116,0.1,19,122,19,0.1315481158732225,22410.0,True,0.691544434857636,0.0526315789473684,0.5586242834809798,0.0789473684210526,0.3454369164267591,2,19,0,54.29510000976734,5.307400002493523,69.750099995872,2.2566999978153035
EngineeringROI_B10,JILONG_EI_0009,1370,B10,195;57;217;219;135;86;3;44;174;240;33;104;68;176;90;77;46;171;25,0.1,19,122,19,0.1522156963343569,22470.0,True,0.682053494391717,0.0526315789473684,0.5716519020323084,0.0789473684210526,0.3463210859481116,2,19,0,54.248400003416464,6.36500000837259,70.26639999821782,2.222699986305088
EngineeringROI_B10,JILONG_EI_0009,1380,B10,195;57;217;86;219;44;135;3;177;104;49;240;68;174;77;106;25;112;171,0.1,19,122,19,0.1577290931228032,22470.0,True,0.6872303710094909,0.0526315789473684,0.5347368421052631,0.0789473684210526,0.3383865401207938,2,19,0,54.61750000540633,4.591599994455464,70.01539999328088,2.6882000092882663
EngineeringROI_B10,JILONG_EI_0009,1390,B10,195;57;217;86;44;3;104;240;203;50;46;177;135;90;174;10;77;68;199,0.1,19,123,19,0.1362268456478624,22470.0,True,0.7103123662815576,0.0526315789473684,0.5273477812177502,0.0789473684210526,0.3423097737169322,2,19,0,54.43459999514744,4.570499993860722,70.4392000043299,2.2308000043267384
EngineeringROI_B10,JILONG_EI_0009,1400,B10,195;57;217;2;86;104;203;44;128;174;90;49;240;135;177;68;156;206;20,0.1,19,124,19,0.1255829268479451,22470.0,True,0.6969439728353142,0.0526315789473684,0.5421052631578948,0.0789473684210526,0.3426570458404074,2,19,0,54.50389999896288,5.171199998585507,71.10539999848697,3.0132000101730227
EngineeringROI_B10,JILONG_EI_0009,1410,B10,195;57;217;2;86;46;219;206;104;135;44;90;50;174;68;128;240;177;94,0.1,19,124,19,0.1270991109647678,22500.0,True,0.7308998302207131,0.0526315789473684,0.532695374800638,0.0789473684210526,0.348793538097443,2,19,0,56.96000000170898,4.663500003516674,71.13740000932012,2.771200001006946
EngineeringROI_B10,JILONG_EI_0009,1420,B10,195;58;217;2;219;86;44;88;50;68;135;174;128;121;56;240;177;90;156,0.1,19,123,19,0.1356448759868597,22710.0,True,0.7094565682498931,0.0526315789473684,0.5306122448979591,0.0789473684210526,0.3429119401290683,2,19,0,54.51610000454821,5.639099996187724,69.93500000680797,2.231099992059171
EngineeringROI_B10,JILONG_EI_0009,1430,B10,195;57;217;203;3;86;50;44;104;90;177;174;68;240;134;235;46;112;156,0.1,19,121,19,0.1224356961812069,22980.0,True,0.6746411483253588,0.0526315789473684,0.5641447368421053,0.0789473684210526,0.3425912081339713,2,19,0,54.606100005912594,4.610499992850237,69.4804000086151,2.235499996459112
EngineeringROI_B10,JILONG_EI_0009,1440,B10,195;57;217;2;174;86;219;50;104;90;135;46;240;44;68;177;20;133;171,0.1,19,124,19,0.1378425772066988,22980.0,True,0.6888794567062819,0.0526315789473684,0.561584373304395,0.0789473684210526,0.3455106943447745,2,19,0,55.992800000240095,6.955499993637204,69.52900000032969,2.208800011430867
EngineeringROI_B10,JILONG_EI_0019,10,B10,78;106;112;84;119;195;202;206;29;66;5;192;235;158;27;57;33;232;86,0.1,19,128,19,0.1088972440673553,,False,0.7171052631578947,0.0,0.7107551487414188,0.0701754385964912,0.3745089626239512,2,19,0,54.66919999162201,5.662199997459538,70.0490000017453,2.2640000097453594
EngineeringROI_B10,JILONG_EI_0019,20,B10,77;128;13;202;46;119;232;74;44;66;174;10;69;20;235;195;206;41;177,0.1,19,126,19,0.1120597897251724,,False,0.6666666666666667,0.0,0.6734022556390977,0.087719298245614,0.3569470551378446,2,19,0,54.44290000014007,4.469599996809848,70.36450000305194,5.214200005866587
EngineeringROI_B10,JILONG_EI_0019,30,B10,86;77;29;74;119;105;232;49;128;195;84;201;27;251;177;4;158;219;35,0.1,19,126,19,0.1155286352045699,0.0,True,0.5906432748538011,0.0526315789473684,0.7679633867276888,0.0701754385964912,0.3703534197813374,2,19,0,56.63600000843872,5.310900000040419,69.5659000048181,2.220599999418482
EngineeringROI_B10,JILONG_EI_0019,40,B10,101;77;106;119;29;74;251;112;50;69;174;195;4;218;26;232;177;155;141,0.1,19,125,19,0.1174430090894472,1560.0,True,0.7136842105263158,0.0526315789473684,0.6917293233082706,0.087719298245614,0.3864411027568922,2,19,0,56.22870000661351,4.660999999032356,69.90729999961331,2.285199996549636
EngineeringROI_B10,JILONG_EI_0019,50,B10,195;61;106;58;13;158;66;128;4;120;10;232;251;156;202;69;93;206;100,0.1,19,124,19,0.0854423352298397,13770.0,True,0.6451612903225806,0.0526315789473684,0.7109879963065558,0.087719298245614,0.3741250409555297,2,19,0,54.190299997571856,5.232399998931214,69.94120001036208,2.218100009486079
EngineeringROI_B10,JILONG_EI_0019,60,B10,195;61;58;13;251;157;91;134;203;190;88;121;49;93;217;176;68;4;27,0.1,19,124,19,0.1004893139649746,13830.0,True,0.7249575551782683,0.0526315789473684,0.6691729323308271,0.0526315789473684,0.3748484113509581,1,19,0,55.38679999881424,4.840699999476783,70.71739999810234,2.810599995427765
EngineeringROI_B10,JILONG_EI_0019,70,B10,195;60;46;218;13;104;157;57;34;91;251;66;93;3;192;27;70;25;232,0.1,19,124,19,0.1140047935922077,14040.0,True,0.7576400679117148,0.0526315789473684,0.6497607655502392,0.0526315789473684,0.3781659978391727,1,19,0,56.55680000199936,4.724400001578033,70.32130000879988,2.273300007800572
EngineeringROI_B10,JILONG_EI_0019,80,B10,195;44;219;57;13;217;157;91;121;49;77;135;46;252;103;51;89;71;99,0.1,19,125,19,0.1190281106661255,14790.0,True,0.697263157894737,0.0526315789473684,0.6743728480078701,0.0526315789473684,0.3692247909493359,1,19,0,54.89400000078604,5.021999997552484,70.43989999510814,2.313300006790086
EngineeringROI_B10,JILONG_EI_0019,90,B10,195;44;57;33;157;90;235;155;120;77;217;203;14;36;46;23;86;112;88,0.1,19,123,19,0.1150079255078833,14790.0,True,0.7021822849807446,0.0526315789473684,0.6175438596491227,0.0701754385964912,0.3606332905434318,2,19,0,57.10639999597333,5.698599998140708,70.2138000051491,2.6413000014144927
EngineeringROI_B10,JILONG_EI_0019,100,B10,195;28;61;74;33;158;219;120;252;41;106;19;217;190;156;128;176;10;94,0.1,19,118,19,0.1123660895467528,14790.0,True,0.6726137377341658,0.0526315789473684,0.6745435016111707,0.0526315789473684,0.3631050993100184,1,19,0,54.53029999625869,5.669199992553331,70.27679999009706,2.271799996378832
EngineeringROI_B10,JILONG_EI_0019,110,B10,195;28;57;60;91;202;33;252;20;158;104;155;26;133;78;229;190;86;52,0.1,19,119,19,0.1650649738496527,14790.0,True,0.6961521450685538,0.0526315789473684,0.5946825827455234,0.0701754385964912,0.3534104363394842,2,19,0,54.66930000693537,4.714299997431226,70.1515999971889,2.690099994651973
EngineeringROI_B10,JILONG_EI_0019,120,B10,195;27;29;252;61;90;58;104;217;33;219;20;156;186;158;213;135;40;177,0.1,19,119,19,0.1301621091805714,14790.0,True,0.6735957540911102,0.0526315789473684,0.7410526315789474,0.0526315789473684,0.3799778858911986,1,19,0,55.658600002061576,6.5455000003566965,70.76609999057837,2.4938999995356426
EngineeringROI_B10,JILONG_EI_0019,130,B10,195;27;235;217;104;61;74;13;174;106;156;50;186;69;32;41;20;94;213,0.1,19,118,19,0.1295341945463316,14850.0,True,0.623550401427297,0.0526315789473684,0.7113079729025533,0.087719298245614,0.3688023128807082,2,19,0,54.48289999912959,4.698599994299002,70.14219999837223,2.251500001875684
EngineeringROI_B10,JILONG_EI_0019,140,B10,195;27;58;202;252;174;61;29;104;91;69;102;192;233;155;49;215;25;229,0.1,19,119,19,0.1307670513281926,14850.0,True,0.7266696152145069,0.0526315789473684,0.6465428276573788,0.087719298245614,0.378390830016217,2,19,0,54.814000002807006,6.373700001859106,70.87550000869669,2.5510999985272065
EngineeringROI_B10,JILONG_EI_0019,150,B10,195;27;106;202;29;74;252;104;170;60;69;215;176;206;32;156;41;20;229,0.1,19,120,19,0.1137980412126409,14790.0,True,0.6846491228070176,0.0526315789473684,0.6528340080971661,0.087719298245614,0.3694585020242915,2,19,0,54.95279999740888,5.2610999991884455,70.60930000443477,2.2234999923966825
EngineeringROI_B10,JILONG_EI_0019,160,B10,195;26;106;219;217;29;252;60;74;156;69;174;20;88;170;32;177;50;40,0.1,19,120,19,0.1211798669127275,14790.0,True,0.6469298245614035,0.0526315789473684,0.6584210526315789,0.087719298245614,0.3614254385964912,2,19,0,54.81010000221431,5.533599993214011,69.65049999416806,2.22540000686422
EngineeringROI_B10,JILONG_EI_0019,170,B10,195;58;26;106;232;218;29;156;61;174;186;20;86;32;200;88;66;112;94,0.1,19,118,19,0.1316323483241571,14790.0,True,0.7100802854594113,0.0526315789473684,0.5921052631578947,0.0701754385964912,0.3562481415402914,2,19,0,55.028099988703616,4.731799999717623,69.66519998968579,2.2207000001799315
EngineeringROI_B10,JILONG_EI_0019,180,B10,195;10;58;106;201;28;232;60;69;156;174;235;35;133;49;78;88;40;120,0.1,19,118,19,0.148409921051221,14790.0,True,0.6574487065120428,0.0526315789473684,0.6147585458491589,0.087719298245614,0.353139532388546,2,19,0,54.61859999923036,4.653900003177114,70.1755000045523,2.215600005001761
EngineeringROI_B10,JILONG_EI_0019,190,B10,195;25;57;105;29;202;69;91;158;156;232;27;60;20;50;170;78;206;71,0.1,19,118,19,0.1577444081138822,14790.0,True,0.7056199821587869,0.0526315789473684,0.5952631578947368,0.087719298245614,0.3603085043116265,2,19,0,54.98240000451915,4.704799997853115,70.17809999524616,2.227300006779842
EngineeringROI_B10,JILONG_EI_0019,200,B10,195;25;90;58;29;121;201;233;157;60;88;69;5;27;78;49;102;134;55,0.1,19,118,19,0.1604551615348684,14790.0,True,0.7082961641391614,0.0526315789473684,0.6152631578947368,0.087719298245614,0.3659775498067202,2,19,0,55.6598999974085,6.603400004678406,69.83759999275208,2.40759999724105
EngineeringROI_B10,JILONG_EI_0019,210,B10,195;41;10;106;201;157;29;74;88;60;232;120;78;219;86;51;155;20;99,0.1,19,117,19,0.1303382315779801,14790.0,True,0.6761133603238867,0.0526315789473684,0.6289207868155235,0.0789473684210526,0.3591532736269578,2,19,0,54.49389999557752,4.802499999641441,71.3155999983428,2.249700002721511
EngineeringROI_B10,JILONG_EI_0019,220,B10,195;58;40;10;105;216;29;219;174;86;78;91;50;155;135;185;60;52;112,0.1,19,117,19,0.1364795430006662,14790.0,True,0.6828609986504723,0.0526315789473684,0.6070870244919228,0.0789473684210526,0.3553817426277041,2,19,0,54.78789999324363,5.459799998789094,70.19090000540018,2.2311000066110864
EngineeringROI_B10,JILONG_EI_0019,230,B10,195;58;40;10;90;216;219;29;88;86;120;78;157;155;185;49;52;60;192,0.1,19,117,19,0.1406988230429355,15060.0,True,0.6585695006747638,0.0526315789473684,0.6454013822434874,0.0789473684210526,0.3588874575716682,2,19,0,56.05060000380036,5.327400009264238,69.7682000027271,2.2012999979779124
EngineeringROI_B10,JILONG_EI_0019,240,B10,195;58;88;10;90;40;219;233;78;28;201;120;86;60;157;155;252;34;128,0.1,19,119,19,0.1423068971062324,15060.0,True,0.6917293233082707,0.0526315789473684,0.6705263157894737,0.0789473684210526,0.3734586466165413,2,19,0,54.243899998255074,5.406800002674572,69.98680000833701,2.219000001787208
EngineeringROI_B10,JILONG_EI_0019,250,B10,195;88;58;219;10;29;233;90;78;252;201;120;86;157;24;49;155;56;51,0.1,19,119,19,0.1304224640289147,15060.0,True,0.7271118973905352,0.0526315789473684,0.6336842105263157,0.0789473684210526,0.373093763821318,2,19,0,54.67940001108218,7.09909999568481,70.18389999575447,2.343299987842329
EngineeringROI_B10,JILONG_EI_0019,260,B10,195;88;57;10;78;233;219;29;90;252;120;86;201;157;49;23;170;60;36,0.1,19,121,19,0.1189132482330329,15060.0,True,0.6872553284036537,0.0526315789473684,0.6651629072681704,0.0789473684210526,0.3709992957600613,2,19,0,55.60449999757111,6.588999996893108,69.95420000748709,2.831999998306856
EngineeringROI_B10,JILONG_EI_0019,270,B10,195;88;57;90;78;10;23;219;232;29;86;201;174;252;49;120;112;170;60,0.1,19,121,19,0.1074116899326906,15060.0,True,0.6820356676816007,0.0526315789473684,0.654573326520184,0.0789473684210526,0.3670469853925514,2,19,0,54.70389999391045,4.696999996667728,71.39700000698213,3.0383999983314425
EngineeringROI_B10,JILONG_EI_0019,280,B10,195;88;90;57;10;46;78;233;219;23;86;13;201;252;157;135;49;35;44,0.1,19,120,19,0.1232856781860924,15060.0,True,0.6535087719298245,0.0526315789473684,0.6897773279352226,0.0789473684210526,0.3687162618083671,2,19,0,57.65489999612328,5.799200007459149,71.4360999991186,2.8276999946683645
EngineeringROI_B10,JILONG_EI_0019,290,B10,195;90;58;88;219;78;29;217;23;10;86;157;252;120;51;60;177;170;128,0.1,19,120,19,0.1163173572451394,15060.0,True,0.6837719298245615,0.0526315789473684,0.6210526315789473,0.0789473684210526,0.3591008771929824,2,19,0,54.40160000580363,5.2869000064674765,70.23990000016056,2.4775000056251884
EngineeringROI_B10,JILONG_EI_0019,300,B10,195;105;57;217;78;23;10;46;13;219;86;91;34;157;252;135;66;44;155,0.1,19,120,19,0.1192654930278503,15120.0,True,0.6504385964912279,0.0526315789473684,0.6371997956055186,0.0789473684210526,0.354804334866292,2,19,0,54.582099997787736,5.01149999035988,72.7379000018118,3.057299996726215
EngineeringROI_B10,JILONG_EI_0019,310,B10,195;57;89;23;217;78;46;219;86;10;174;120;35;13;252;33;91;156;44,0.1,19,120,19,0.1159497974592429,15120.0,True,0.6026315789473684,0.0526315789473684,0.6980071538068472,0.0789473684210526,0.3580544200306592,2,19,0,55.24420000438113,6.506100005935878,70.43059999705292,2.2382999886758626
EngineeringROI_B10,JILONG_EI_0019,320,B10,195;90;219;78;217;88;57;46;23;86;174;120;13;44;25;35;33;252;156,0.1,19,120,19,0.1322219754806992,15120.0,True,0.6557017543859649,0.0526315789473684,0.6550843127235564,0.0789473684210526,0.3605912536194856,2,19,0,56.1903999914648,5.0249000050826,70.42610000644345,2.238900007796474
EngineeringROI_B10,JILONG_EI_0019,330,B10,195;23;105;217;78;46;74;86;41;157;235;72;44;10;13;50;20;155;135,0.1,19,121,19,0.1330719574855847,15120.0,True,0.6498477598956068,0.0526315789473684,0.6346448645886561,0.0789473684210526,0.3540178929631709,2,19,0,54.89929999748711,5.436200008261949,70.79780001367908,2.244500006781891
EngineeringROI_B10,JILONG_EI_0019,340,B10,195;90;23;46;218;58;78;232;86;88;174;44;172;120;10;13;35;252;33,0.1,19,121,19,0.1087670666431836,15120.0,True,0.6624619399739016,0.0526315789473684,0.6591722023505365,0.0789473684210526,0.3633032724232148,2,19,0,55.472100008046255,5.198200000450015,70.78130000445526,2.4299999931827188
EngineeringROI_B10,JILONG_EI_0019,350,B10,195;58;90;46;23;218;119;78;86;232;44;88;13;10;157;50;252;155;121,0.1,19,122,19,0.112986346685453,15120.0,True,0.6660914581535808,0.0526315789473684,0.6591478696741855,0.0789473684210526,0.3642045687990468,2,19,0,55.05919999268372,4.753499990329146,70.6079000083264,2.5935000012395903
EngineeringROI_B10,JILONG_EI_0019,360,B10,195;119;90;58;24;46;78;218;86;232;44;88;174;66;13;34;26;156;252,0.1,19,122,19,0.1457757425856299,15120.0,True,0.7062122519413289,0.0526315789473684,0.6271519921298573,0.0789473684210526,0.3662357978599017,2,19,0,54.09180000424385,4.754299996420741,72.212999992189,3.0287999979918823
EngineeringROI_B10,JILONG_EI_0019,370,B10,195;46;93;58;119;90;217;13;86;23;34;44;235;174;66;88;10;156;192,0.1,19,122,19,0.0935822529883376,15120.0,True,0.6734253666954273,0.0526315789473684,0.6429990069513406,0.0789473684210526,0.3620008302537972,2,19,0,54.156199999852106,4.83669999812264,69.80460000340827,2.207999990787357
EngineeringROI_B10,JILONG_EI_0019,380,B10,195;90;46;23;41;78;86;217;13;120;44;49;174;35;235;72;10;155;3,0.1,19,122,19,0.125988774111539,15120.0,True,0.6337359792924935,0.0526315789473684,0.659880834160874,0.0789473684210526,0.3562989402054471,2,19,0,54.19110000366345,4.745500002172776,70.66659998963587,2.230900005088188
EngineeringROI_B10,JILONG_EI_0019,390,B10,195;46;90;23;58;251;119;13;78;232;86;49;218;44;174;88;51;25;121,0.1,19,121,19,0.1290977173005796,15120.0,True,0.6916050456720314,0.0526315789473684,0.656641604010025,0.0789473684210526,0.3699563992626193,2,19,0,54.3216000078246,4.775199995492585,70.36129999323748,2.2016000002622604
EngineeringROI_B10,JILONG_EI_0019,400,B10,195;46;90;58;23;13;119;232;93;86;44;201;49;174;35;172;88;176;25,0.1,19,121,19,0.1120061872563959,15120.0,True,0.7007394519356241,0.0526315789473684,0.6170426065162907,0.0789473684210526,0.362340251455084,2,19,0,55.74359999445733,5.081299997982569,70.34449999628123,2.256499996292405
EngineeringROI_B10,JILONG_EI_0019,410,B10,195;90;58;46;13;78;232;23;86;201;104;44;135;50;158;25;235;172;206,0.1,19,121,19,0.1366097204248378,15120.0,True,0.6463679860809046,0.0526315789473684,0.6634615384615384,0.0789473684210526,0.360352117977716,2,19,0,54.50820000260137,4.720299999462441,70.04049999522977,2.373299997998401
EngineeringROI_B10,JILONG_EI_0019,420,B10,195;46;13;90;23;217;86;34;78;41;44;104;135;66;158;3;156;10;192,0.1,19,122,19,0.1353768636429769,15120.0,True,0.6268334771354617,0.0526315789473684,0.6591722023505365,0.0789473684210526,0.3543961567136048,2,19,0,55.18710000615101,4.699500001152046,70.78910000564065,2.747200007434003
EngineeringROI_B10,JILONG_EI_0019,430,B10,195;13;90;46;58;23;34;86;217;44;120;78;158;66;88;84;156;3;25,0.1,19,122,19,0.1380033846130284,15120.0,True,0.6699741156169111,0.0526315789473684,0.624425140521206,0.0789473684210526,0.3564945508766344,2,19,0,55.93560000124853,5.0319000001763925,69.55759999982547,2.202699994086288
EngineeringROI_B10,JILONG_EI_0019,440,B10,195;13;90;34;23;58;86;219;46;232;120;93;44;201;174;66;172;84;3,0.1,19,122,19,0.0919665214295012,15150.0,True,0.6475409836065574,0.0526315789473684,0.6791979949874688,0.0789473684210526,0.3645794814906117,2,19,0,54.09390000568237,4.828100005397573,70.16680001106579,2.215699991211295
EngineeringROI_B10,JILONG_EI_0019,450,B10,195;90;13;46;23;86;34;78;232;41;201;60;158;84;120;20;66;235;176,0.1,19,122,19,0.1199776401130246,15150.0,True,0.6678170836928387,0.0526315789473684,0.627491057741441,0.0789473684210526,0.3567217722006752,2,19,0,55.99860000074841,5.03079999180045,72.65830000687856,2.7226999955018982
EngineeringROI_B10,JILONG_EI_0019,460,B10,195;13;90;46;219;86;23;84;49;78;44;35;232;158;135;201;41;88;3,0.1,19,122,19,0.1338070770573776,15150.0,True,0.6540120793787748,0.0526315789473684,0.6806680161943319,0.0789473684210526,0.366564760735382,2,19,0,53.950400004396215,4.830999998375773,70.20750000083353,2.239200010080822
EngineeringROI_B10,JILONG_EI_0019,470,B10,195;13;46;219;90;23;84;86;49;78;176;58;174;217;135;60;35;3;252,0.1,19,122,19,0.093061543291651,15150.0,True,0.678602243313201,0.0526315789473684,0.6525293817066938,0.0789473684210526,0.3656776430970789,2,19,0,54.36039999767672,4.748100007418543,71.542200006661,3.0316000047605485
EngineeringROI_B10,JILONG_EI_0019,480,B10,195;29;219;84;90;86;78;24;49;217;176;158;58;135;3;60;35;104;27,0.1,19,122,19,0.1303765190556776,15150.0,True,0.6975841242450389,0.0526315789473684,0.6070175438596492,0.0789473684210526,0.3590451538682773,2,19,0,54.930500002228655,4.755600006319583,69.74330000230111,2.263799993670545
EngineeringROI_B10,JILONG_EI_0019,490,B10,195;29;219;84;90;86;78;34;23;41;174;217;147;60;3;104;252;192;135,0.1,19,123,19,0.1049766063511268,15150.0,True,0.6598202824133506,0.0526315789473684,0.6266601082144614,0.0789473684210526,0.3545148344990582,2,19,0,54.419899999629706,4.636500001652166,69.55110000853892,2.2290000051725656
EngineeringROI_B10,JILONG_EI_0019,500,B10,195;29;84;219;90;86;23;61;147;49;93;158;51;217;41;3;88;171;120,0.1,19,123,19,0.1126111294040171,15150.0,True,0.6957637997432605,0.0526315789473684,0.6030075187969924,0.0789473684210526,0.3575875664771685,2,19,0,54.58809999981895,5.116599990287796,70.07010000234004,2.213600004324689
EngineeringROI_B10,JILONG_EI_0019,510,B10,195;84;90;219;29;86;78;49;23;174;119;3;217;41;60;35;88;27;171,0.1,19,122,19,0.132459357842424,15150.0,True,0.7018981880931837,0.0526315789473684,0.5929824561403509,0.0789473684210526,0.3566148979004889,2,19,0,54.47299999650568,5.380200003855862,70.45129999460187,2.246300005936064
EngineeringROI_B10,JILONG_EI_0019,520,B10,195;84;219;90;29;86;49;58;217;174;119;23;77;3;35;206;27;147;88,0.1,19,123,19,0.1002289591166313,15150.0,True,0.7004706889174155,0.0526315789473684,0.5976389572060994,0.0789473684210526,0.3574221483729839,2,19,0,54.663600007188506,4.7334999981103465,69.82910000078846,2.328799993847497
EngineeringROI_B10,JILONG_EI_0019,530,B10,195;84;90;58;29;218;86;34;78;23;158;60;3;119;66;176;27;170;156,0.1,19,122,19,0.1325971927621352,15150.0,True,0.6945642795513374,0.0526315789473684,0.6070516096065406,0.0789473684210526,0.3582987091315747,2,19,0,54.8211999994237,6.527400008053519,69.95790000655688,2.259600005345419
EngineeringROI_B10,JILONG_EI_0019,540,B10,195;84;90;218;29;86;58;3;23;34;119;176;78;174;60;27;206;171;66,0.1,19,122,19,0.1175885015046978,15150.0,True,0.7023295944779984,0.0526315789473684,0.5894736842105264,0.0789473684210526,0.3558455565142364,2,19,0,54.688100004568696,5.390400008764118,70.059300007415,2.2388999932445586
EngineeringROI_B10,JILONG_EI_0019,550,B10,195;84;90;29;86;218;49;41;3;23;51;61;158;176;93;135;172;27;55,0.1,19,121,19,0.1480576762564036,15150.0,True,0.758155719878208,0.0526315789473684,0.5343358395989974,0.0789473684210526,0.3560176267114066,2,19,0,56.34049999935087,4.748599996673875,69.92789999640081,2.5314999948022887
EngineeringROI_B10,JILONG_EI_0019,560,B10,195;84;90;86;58;49;44;13;3;217;174;78;46;219;23;176;35;135;147,0.1,19,122,19,0.1078864546561401,15150.0,True,0.6328731665228645,0.0526315789473684,0.6732869910625622,0.0789473684210526,0.3594347762384619,2,19,0,54.66789999627508,4.731799999717623,70.67629999073688,2.219900008640252
EngineeringROI_B10,JILONG_EI_0019,570,B10,195;84;58;90;86;13;174;60;3;217;35;49;78;23;27;147;135;46;176,0.1,19,121,19,0.1139971360966682,15150.0,True,0.6807307525010874,0.0526315789473684,0.6027327935222672,0.0789473684210526,0.3537606233479439,2,19,0,54.69960000482388,4.985899999155663,70.37640000635292,2.196899993577972
EngineeringROI_B10,JILONG_EI_0019,580,B10,195;84;74;86;13;174;35;41;44;217;3;106;78;49;147;135;170;176;172,0.1,19,121,19,0.1308972287523642,15150.0,True,0.6711613745106568,0.0526315789473684,0.6030075187969924,0.0789473684210526,0.3514369601690175,2,19,0,56.16739999095444,4.777599999215454,70.37460000719875,2.3304999922402203
EngineeringROI_B10,JILONG_EI_0019,590,B10,195;84;58;86;13;3;35;219;174;78;90;217;44;206;147;24;49;172;26,0.1,19,124,19,0.1387921066535978,15150.0,True,0.7292020373514432,0.0526315789473684,0.5526315789473684,0.0789473684210526,0.3533531409168081,2,19,0,55.60059999697842,4.714399998192675,70.14579999668058,2.2606999991694465
EngineeringROI_B10,JILONG_EI_0019,600,B10,195;84;58;13;86;35;78;3;174;201;91;44;49;105;147;172;46;23;26,0.1,19,122,19,0.138508779318636,15150.0,True,0.633304572907679,0.0526315789473684,0.6186693147964251,0.0789473684210526,0.3458882087681312,2,19,0,54.791299990029074,5.506900008185767,69.85649999114685,2.2674000065308064
EngineeringROI_B10,JILONG_EI_0019,610,B10,195;84;13;74;86;51;174;3;201;78;44;41;23;106;147;49;172;104;116,0.1,19,123,19,0.1447572956788752,15150.0,True,0.6683782627299957,0.0526315789473684,0.6076998050682261,0.0789473684210526,0.3519142537916608,2,19,0,54.93529999512248,4.971499991370365,70.16839999414515,2.1975999989081174
EngineeringROI_B10,JILONG_EI_0019,620,B10,195;84;13;58;86;35;3;60;174;218;90;78;104;27;23;66;216;172;165,0.1,19,125,19,0.1222519162882587,15150.0,True,0.6943157894736843,0.0526315789473684,0.5799311362518446,0.0789473684210526,0.3514564682734873,2,19,0,54.40989999624435,4.7990000020945445,70.03199998871423,2.2339000133797526
EngineeringROI_B10,JILONG_EI_0019,630,B10,195;84;13;58;86;44;174;51;218;3;90;78;216;49;23;206;165;147;172,0.1,19,126,19,0.1169299568883001,15150.0,True,0.7038429406850459,0.0526315789473684,0.5751196172248804,0.0789473684210526,0.3526353763195868,2,19,0,54.70700000296347,4.760700001497753,69.88260000071023,2.503800002159551
EngineeringROI_B10,JILONG_EI_0019,640,B10,195;84;13;74;86;3;119;51;78;44;41;217;174;219;23;165;106;49;156,0.1,19,125,19,0.1322372904717783,15150.0,True,0.6728421052631578,0.0526315789473684,0.6235182550972024,0.0789473684210526,0.3569848269321953,2,19,0,54.362199996830896,4.8473000060766935,70.29740000143647,2.4163000052794814
EngineeringROI_B10,JILONG_EI_0019,650,B10,195;84;13;86;58;35;3;44;78;90;174;218;23;66;147;161;165;25;172,0.1,19,124,19,0.1358363133753474,15150.0,True,0.732597623089983,0.0526315789473684,0.5287524366471735,0.0789473684210526,0.3482322517763943,2,19,0,54.75359999400098,7.725699993898161,72.01740000164136,2.9839000053470954
EngineeringROI_B10,JILONG_EI_0019,660,B10,195;84;13;86;74;35;41;60;3;174;78;217;206;23;147;161;27;165;105,0.1,19,125,19,0.1327886301506229,15150.0,True,0.704421052631579,0.0526315789473684,0.5639787542250121,0.0789473684210526,0.349994688556253,2,19,0,54.902099989703856,4.799100002855994,70.09049999760464,2.3341999913100158
EngineeringROI_B10,JILONG_EI_0019,670,B10,195;84;13;86;58;35;44;3;147;90;23;218;174;78;49;161;25;46;172,0.1,19,125,19,0.1316782932973941,15150.0,True,0.728421052631579,0.0526315789473684,0.5430622009569379,0.0789473684210526,0.3507655502392344,2,19,0,55.85619999328628,4.933300006086938,71.58220000565052,3.074599997489713
EngineeringROI_B10,JILONG_EI_0019,680,B10,195;84;13;86;3;58;35;44;174;23;90;218;78;49;172;26;232;170;55,0.1,19,125,19,0.1553858994877135,15150.0,True,0.7768421052631579,0.0526315789473684,0.4918660287081339,0.0789473684210526,0.3500717703349282,2,19,0,55.0958000094397,6.832000013673678,69.79439999850001,2.827899996191263
EngineeringROI_B10,JILONG_EI_0019,690,B10,195;13;84;86;58;174;35;3;44;90;77;201;23;49;147;88;172;165;116,0.1,19,125,19,0.1256748167944192,15150.0,True,0.7309473684210527,0.0526315789473684,0.5311443746982134,0.0789473684210526,0.3484176726219217,2,19,0,54.02770001091994,4.78480001038406,70.05589999607764,2.2529999987455085
EngineeringROI_B10,JILONG_EI_0019,700,B10,195;13;84;58;86;35;174;3;78;60;201;90;27;147;23;49;165;156;116,0.1,19,126,19,0.1411046703065295,15150.0,True,0.7602339181286549,0.0526315789473684,0.5201517306780465,0.0789473684210526,0.3529911490437806,2,19,0,58.26720000186469,5.79680000373628,75.40319999679923,2.959400007966906
EngineeringROI_B10,JILONG_EI_0019,710,B10,195;13;84;86;35;74;174;44;41;3;78;218;147;23;49;105;46;206;161,0.1,19,127,19,0.1266396612323973,15150.0,True,0.680066307501036,0.0526315789473684,0.5860597439544807,0.0789473684210526,0.3494262497059844,2,19,0,55.49440000322648,4.704200007836334,69.8880999989342,2.365799999097362
EngineeringROI_B10,JILONG_EI_0019,720,B10,195;13;84;86;90;51;174;147;44;3;57;78;23;218;49;165;116;25;55,0.1,19,126,19,0.1624078228974431,15150.0,True,0.7527151211361737,0.0526315789473684,0.4985645933014355,0.0789473684210526,0.3457146654515075,2,19,0,54.2146999941906,5.268900000373833,69.94339999801014,2.200100003392436
EngineeringROI_B10,JILONG_EI_0019,730,B10,195;13;84;86;174;58;35;3;23;60;78;90;147;218;27;66;25;216;155,0.1,19,126,19,0.1390218315197831,15150.0,True,0.7556390977443609,0.0526315789473684,0.5049786628733997,0.0789473684210526,0.3480491769965455,2,19,0,53.865200010477565,4.982500002370216,69.71949999569915,2.3422999947797507
EngineeringROI_B10,JILONG_EI_0019,740,B10,195;13;74;86;83;174;51;23;218;3;41;44;147;206;78;105;116;216;49,0.1,19,126,19,0.141518175065663,15150.0,True,0.706766917293233,0.0526315789473684,0.552390149686142,0.0789473684210526,0.347684003586949,2,19,0,55.337400001008064,6.566800002474338,69.75500000407919,2.167900005588308
EngineeringROI_B10,JILONG_EI_0019,750,B10,195;13;83;86;58;35;147;217;174;3;44;23;78;91;206;105;25;117;156,0.1,19,126,19,0.1500945700699129,15150.0,True,0.7318295739348372,0.0526315789473684,0.5339712918660285,0.0789473684210526,0.3493449532923217,2,19,0,55.00399999436922,4.759100003866479,71.5209999907529,2.93430000601802
EngineeringROI_B10,JILONG_EI_0019,760,B10,195;13;58;86;147;174;35;23;3;218;44;78;68;105;100;156;25;91;128,0.1,19,126,19,0.1455536752149842,15150.0,True,0.7025898078529658,0.0526315789473684,0.5482456140350878,0.0789473684210526,0.3456035923141186,2,19,0,54.90470000950154,5.08859999536071,71.52450000285171,3.2626000029267743
EngineeringROI_B10,JILONG_EI_0019,770,B10,195;13;58;35;86;147;174;3;23;60;78;201;105;116;165;25;156;134;27,0.1,19,126,19,0.1606159689411981,15150.0,True,0.7309941520467835,0.0526315789473684,0.5029239766081872,0.0789473684210526,0.3413742690058479,2,19,0,54.87459999858402,4.779199996846728,71.53570000082254,2.2284000006038696
EngineeringROI_B10,JILONG_EI_0019,780,B10,195;58;13;86;147;35;23;44;174;201;3;78;120;134;165;89;26;219;161,0.1,19,126,19,0.1438154237275156,15150.0,True,0.6862990810359232,0.0526315789473684,0.555114200595829,0.0789473684210526,0.3432480572500433,2,19,0,55.989800006500445,4.96710000152234,70.91150000633206,2.2756999969715253
EngineeringROI_B10,JILONG_EI_0019,790,B10,195;13;103;35;147;74;23;3;41;174;44;217;78;71;165;134;5;105;101,0.1,19,125,19,0.1508450046327848,15150.0,True,0.679578947368421,0.0526315789473684,0.6161866931479644,0.0526315789473684,0.3502571996027805,1,19,0,55.09310000343248,5.370700004277751,70.19079999008682,2.2542000078829005
EngineeringROI_B10,JILONG_EI_0019,800,B10,195;13;147;103;74;23;51;174;3;217;78;44;41;105;71;133;165;46;155,0.1,19,126,19,0.1493211630204225,15150.0,True,0.6867167919799497,0.0526315789473684,0.5858987090367428,0.0526315789473684,0.3444696647278573,1,19,0,54.614199994830415,5.394699997850694,70.64329998684116,2.197900001192465
EngineeringROI_B10,JILONG_EI_0019,810,B10,195;13;74;86;23;174;147;3;51;44;78;105;41;201;117;46;235;165;155,0.1,19,126,19,0.154474657518512,15150.0,True,0.6700083542188805,0.0526315789473684,0.551638530287984,0.0789473684210526,0.3383064579688215,2,19,0,55.76860001019668,6.731300003593788,70.54960000095889,2.2219999955268577
EngineeringROI_B10,JILONG_EI_0019,820,B10,195;13;86;58;44;3;174;35;201;90;66;206;23;77;116;46;165;161;219,0.1,19,125,19,0.1312035285739446,15150.0,True,0.6821052631578948,0.0526315789473684,0.512280701754386,0.0789473684210526,0.3314912280701754,2,19,0,56.71109999821056,7.665199998882599,70.16970000404399,2.960300000268034
EngineeringROI_B10,JILONG_EI_0019,830,B10,195;13;58;84;86;23;174;217;60;51;3;105;78;206;165;25;192;55;5,0.1,19,125,19,0.1326584527264513,15150.0,True,0.6972631578947368,0.0526315789473684,0.5126518218623483,0.0789473684210526,0.3353734817813766,2,19,0,56.56949999684002,5.421000008936971,71.75899999856483,3.057699999772012
EngineeringROI_B10,JILONG_EI_0019,840,B10,195;13;23;58;86;174;217;35;105;44;147;78;4;165;100;25;161;156;192,0.1,19,124,19,0.1417708724184668,15150.0,True,0.6799660441426146,0.0526315789473684,0.5348370927318296,0.0789473684210526,0.3365955210607163,2,19,0,54.38829999184236,4.726799990748987,69.85450000502169,2.579899999545887
EngineeringROI_B10,JILONG_EI_0019,850,B10,195;74;23;86;13;217;35;174;44;105;41;147;78;3;161;165;5;117;171,0.1,19,125,19,0.1508832921104823,15150.0,True,0.7141052631578947,0.0526315789473684,0.5004965243296922,0.0789473684210526,0.336545183714002,2,19,0,54.77550000068732,5.934400003752671,71.30110000434797,3.114899998763576
EngineeringROI_B10,JILONG_EI_0019,860,B10,195;13;84;74;86;217;174;35;61;105;23;147;41;3;116;5;161;66;219,0.1,19,125,19,0.1153371978160822,15150.0,True,0.6968421052631578,0.0526315789473684,0.5282833251352681,0.0789473684210526,0.3391760944417117,2,19,0,55.99459999939427,4.699300014181063,69.61590000719298,2.584700006991625
EngineeringROI_B10,JILONG_EI_0019,870,B10,195;13;86;74;217;44;174;35;147;23;41;105;5;3;206;78;100;46;161,0.1,19,124,19,0.1295341945463316,15150.0,True,0.6854838709677419,0.0526315789473684,0.5337636544190665,0.0789473684210526,0.3377066181888074,2,19,0,53.76260000048205,4.669499990995973,70.34989999374375,2.237799999420531
EngineeringROI_B10,JILONG_EI_0019,880,B10,195;13;217;86;74;174;35;61;5;147;105;41;3;116;66;156;134;161;166,0.1,19,124,19,0.1248018623029152,15150.0,True,0.6744482173174873,0.0526315789473684,0.5333333333333333,0.0789473684210526,0.3348401245048104,2,19,0,54.153999997652136,4.989900000509806,70.00579999294132,2.282000001287088
EngineeringROI_B10,JILONG_EI_0019,890,B10,195;13;74;86;217;44;174;35;206;5;41;105;147;3;166;116;78;66;171,0.1,19,124,19,0.1421996921686793,15150.0,True,0.7101018675721562,0.0526315789473684,0.5393483709273184,0.0789473684210526,0.3452572964669739,2,19,0,54.47460000868887,4.875099999480881,69.62180000846274,2.2046000085538253
EngineeringROI_B10,JILONG_EI_0019,900,B10,195;13;74;217;86;35;174;60;105;147;5;3;66;41;116;78;128;156;235,0.1,19,124,19,0.1303152590913615,15150.0,True,0.7071307300509337,0.0526315789473684,0.5060728744939271,0.0789473684210526,0.3361956379783204,2,19,0,54.85380000027362,4.646500005037524,69.74310000077821,2.3059999948600307
EngineeringROI_B10,JILONG_EI_0019,910,B10,195;13;74;86;219;217;35;174;44;147;41;105;3;128;133;165;161;78;199,0.1,19,125,19,0.144588830777006,15150.0,True,0.7275789473684211,0.0526315789473684,0.4967418546365915,0.0789473684210526,0.3389749373433584,2,19,0,53.94899999373592,4.786800011061132,70.26290000067092,2.214400010416284
EngineeringROI_B10,JILONG_EI_0019,920,B10,195;13;74;35;102;217;174;147;61;105;41;71;3;128;161;116;165;27;199,0.1,19,124,19,0.1450942254826136,15150.0,True,0.7512733446519524,0.0526315789473684,0.4893724696356274,0.0526315789473684,0.3364772430455792,1,19,0,54.606799996690825,4.906100002699532,70.01550000859424,2.3832000006223097
EngineeringROI_B10,JILONG_EI_0019,930,B10,195;13;217;74;35;86;61;157;147;41;134;105;3;161;27;116;128;5;214,0.1,19,124,19,0.1470162568630303,15150.0,True,0.7050084889643463,0.0526315789473684,0.5048543689320389,0.0789473684210526,0.3353604513162015,2,19,0,54.81169999984559,6.759399999282323,70.27159999415744,2.289500000188127
EngineeringROI_B10,JILONG_EI_0019,940,B10,195;13;74;86;217;35;174;44;117;105;147;3;41;161;77;128;219;46;5,0.1,19,125,19,0.138478149336478,15150.0,True,0.6871578947368421,0.0526315789473684,0.520242914979757,0.0789473684210526,0.334744939271255,2,19,0,53.84029999549966,4.751200001919642,69.95040000765584,2.326000001630746
EngineeringROI_B10,JILONG_EI_0019,950,B10,195;13;74;217;84;86;35;157;60;147;105;46;3;206;117;161;41;128;5,0.1,19,125,19,0.1107350429968374,15150.0,True,0.7010526315789475,0.0526315789473684,0.5182957393483708,0.0789473684210526,0.3377318295739348,2,19,0,56.21140000585001,4.694400005973876,70.03889999759849,2.24240000534337
EngineeringROI_B10,JILONG_EI_0019,960,B10,195;13;217;74;86;35;174;147;44;3;117;161;105;41;128;46;66;5;219,0.1,19,124,19,0.1227802834804848,15150.0,True,0.6888794567062817,0.0526315789473684,0.5063873275421563,0.0789473684210526,0.3317114329042148,2,19,0,54.83609999646433,5.547699998714961,71.41269999556243,3.216400000383146
EngineeringROI_B10,JILONG_EI_0019,970,B10,195;13;74;86;218;174;35;232;106;44;161;3;120;100;128;133;41;5;156,0.1,19,123,19,0.128109900375983,15150.0,True,0.6974753958065897,0.0526315789473684,0.5057894736842105,0.0789473684210526,0.3337109542148053,2,19,0,54.41100000462029,4.98120000702329,69.81059999088757,2.2914000001037493
EngineeringROI_B10,JILONG_EI_0019,980,B10,195;13;74;86;217;35;158;133;44;161;3;105;41;128;66;164;219;10;171,0.1,19,124,19,0.1545588899694465,15150.0,True,0.6421901528013582,0.0526315789473684,0.5493101686254471,0.0789473684210526,0.3307698171988066,2,19,0,54.44730000454001,4.763100005220622,70.02549999742769,2.3122999991755933
EngineeringROI_B10,JILONG_EI_0019,990,B10,195;13;74;86;217;35;157;161;3;134;116;66;61;105;219;5;10;41;128,0.1,19,124,19,0.1242658376151495,15150.0,True,0.6646859083191851,0.0526315789473684,0.5423116615067078,0.0789473684210526,0.3346441292985785,2,19,0,53.99980000220239,4.997800002456643,70.05360000766814,2.628999995067716
EngineeringROI_B10,JILONG_EI_0019,1000,B10,195;74;86;13;217;35;158;134;66;44;161;3;105;128;165;41;46;235;10,0.1,19,123,19,0.1157660175662947,15150.0,True,0.6341463414634145,0.0526315789473684,0.5554976550286609,0.0789473684210526,0.3303057359651241,2,19,0,55.92559999786317,5.382299990742467,70.73219999438152,2.2566999978153035
EngineeringROI_B10,JILONG_EI_0019,1010,B10,195;13;74;86;217;35;174;161;3;128;61;105;133;165;41;66;155;251;10,0.1,19,123,19,0.1258585966873674,15150.0,True,0.6829268292682925,0.0526315789473684,0.5263157894736842,0.0789473684210526,0.3352053915275995,2,19,0,55.339300000923686,5.001600002287887,70.20419999025762,2.289399999426678
EngineeringROI_B10,JILONG_EI_0019,1020,B10,195;13;74;86;217;44;117;3;161;174;51;77;128;251;5;41;105;10;155,0.1,19,123,19,0.1442289284866491,16890.0,True,0.6859221223791184,0.0,0.5148514851485149,0.0789473684210526,0.3199302439871715,2,19,0,56.90189999586437,4.731399996671826,72.51300000643823,3.137499996228144
EngineeringROI_B10,JILONG_EI_0019,1030,B10,195;74;13;217;86;84;77;3;161;174;35;133;44;41;251;128;120;10;192,0.1,19,124,19,0.1364335980274291,16950.0,True,0.6748726655348047,0.0,0.5294117647058824,0.0789473684210526,0.3208079496654349,2,19,0,56.56789999920875,4.711799992946908,70.69269999919925,2.9174000083003198
EngineeringROI_B10,JILONG_EI_0019,1040,B10,195;74;102;219;217;35;174;161;133;206;44;77;14;71;120;128;3;66;41,0.1,19,125,19,0.1488157683148149,16950.0,True,0.7073684210526316,0.0,0.5414278269932256,0.0526315789473684,0.3253569567483064,1,19,0,54.40459999954328,5.22189999173861,70.3773999994155,2.2319999989122152
EngineeringROI_B10,JILONG_EI_0019,1050,B10,195;13;58;219;119;86;90;232;35;161;201;61;157;133;3;121;25;128;49,0.1,19,124,19,0.1333859148027046,16950.0,True,0.6731748726655348,0.0,0.6042105263157895,0.0789473684210526,0.3390831918505942,2,19,0,54.75949999527074,5.269899993436411,70.34150000254158,2.593900004285388
EngineeringROI_B10,JILONG_EI_0019,1060,B10,195;13;74;218;86;35;174;161;216;44;134;5;25;206;116;3;128;46;120,0.1,19,124,19,0.1260040891026181,16950.0,True,0.7198641765704584,0.0,0.5289473684210527,0.0789473684210526,0.3319397283531408,2,19,0,55.24099999456666,4.66710000182502,70.65130000410136,3.132099998765625
EngineeringROI_B10,JILONG_EI_0019,1070,B10,195;74;86;217;161;44;35;158;14;128;134;25;120;106;3;77;46;156;165,0.1,19,124,19,0.1421996921686793,16950.0,True,0.66553480475382,0.0,0.5390749601275918,0.0789473684210526,0.3208892833256161,2,19,0,54.83139998978004,6.707499996991828,69.81380000070203,2.2160999942570925
EngineeringROI_B10,JILONG_EI_0019,1080,B10,195;217;58;86;161;90;174;3;61;14;128;25;5;120;133;94;66;206;35,0.1,19,125,19,0.1378655496933173,16950.0,True,0.7216842105263158,0.0,0.5205263157894738,0.0789473684210526,0.3302894736842105,2,19,0,55.17989999498241,6.5630000026430935,70.94700000016019,2.264099995954893
EngineeringROI_B10,JILONG_EI_0019,1090,B10,195;217;58;13;161;86;90;35;84;44;174;3;94;25;46;133;128;66;219,0.1,19,124,19,0.1375975373494345,16950.0,True,0.7296264855687605,0.0,0.5549765502866076,0.0789473684210526,0.3408876010691051,2,19,0,54.99119999876712,4.764700002851896,69.94499999564141,2.230300000519492
EngineeringROI_B10,JILONG_EI_0019,1100,B10,195;13;217;74;86;35;161;3;206;61;174;25;133;106;66;128;94;235;104,0.1,19,125,19,0.1386695867249657,16950.0,True,0.7048421052631578,0.0,0.5489473684210526,0.0789473684210526,0.3331842105263158,2,19,0,56.398700005956925,6.546899996465072,69.92500000342261,2.7141000027768314
EngineeringROI_B10,JILONG_EI_0019,1110,B10,195;13;217;58;86;90;161;44;35;3;158;25;128;117;46;66;120;94;155,0.1,19,124,19,0.1478432663812973,16950.0,True,0.75169779286927,0.0,0.5091193329859302,0.0789473684210526,0.3349411235690632,2,19,0,54.08539999916684,4.5913999929325655,70.281199994497,2.257400003145449
EngineeringROI_B10,JILONG_EI_0019,1120,B10,195;217;57;13;35;86;90;161;174;5;60;3;134;66;116;128;25;219;120,0.1,19,124,19,0.1085220267859193,16950.0,True,0.7109507640067911,0.0,0.5561584373304395,0.0789473684210526,0.3365141424395708,2,19,0,54.0022999921348,5.5653999879723415,71.77070000034291,2.841699999407865
EngineeringROI_B10,JILONG_EI_0019,1130,B10,195;217;13;86;57;90;3;161;44;174;35;23;133;128;5;25;156;120;33,0.1,19,124,19,0.1300089592697812,16950.0,True,0.730899830220713,0.0,0.528421052631579,0.0789473684210526,0.3345670628183362,2,19,0,54.4582000002265,4.788099991856143,69.57469999906607,2.6397000037832186
EngineeringROI_B10,JILONG_EI_0019,1140,B10,195;13;217;57;86;161;90;44;35;3;23;174;134;25;33;5;66;46;120,0.1,19,124,19,0.1112021502247475,16950.0,True,0.7406621392190154,0.0,0.5279269602577873,0.0789473684210526,0.3368841169744638,2,19,0,55.25939998915419,6.431000001612119,74.49630000337493,3.777599995373748
EngineeringROI_B10,JILONG_EI_0019,1150,B10,195;13;57;217;86;3;90;161;44;35;174;5;134;66;33;25;116;219;128,0.1,19,124,19,0.1229257758957355,16950.0,True,0.7139219015280137,0.0,0.5646929824561404,0.0789473684210526,0.3393905631013016,2,19,0,56.74499999440741,4.62260001222603,69.56090001040138,2.2566999978153035
EngineeringROI_B10,JILONG_EI_0019,1160,B10,195;13;57;217;161;102;3;90;60;5;174;23;134;35;33;25;128;235;116,0.1,19,123,19,0.0975794656599612,16950.0,True,0.7278562259306803,0.0,0.6006511123168746,0.0526315789473684,0.3452847292987309,1,19,0,54.858699993928894,5.477200000314042,69.53759999305476,2.243200011434965
EngineeringROI_B10,JILONG_EI_0019,1170,B10,195;13;57;161;3;218;86;90;44;174;225;23;216;35;33;134;5;25;155,0.1,19,124,19,0.1362804481166389,20310.0,True,0.7262308998302206,0.0526315789473684,0.5378289473684211,0.0789473684210526,0.3489096986417657,2,19,0,53.97310000262223,5.309900006977841,69.58660000236705,2.282700006617233
EngineeringROI_B10,JILONG_EI_0019,1180,B10,195;13;57;3;217;86;225;90;174;161;35;44;5;46;219;66;133;128;33,0.1,19,123,19,0.1300242742608602,20310.0,True,0.6803594351732991,0.0526315789473684,0.5734072022160664,0.0789473684210526,0.3463363961894467,2,19,0,54.24669999047183,5.338399991160259,69.6200999955181,2.22389999544248
EngineeringROI_B10,JILONG_EI_0019,1190,B10,195;13;57;217;3;225;86;90;35;174;161;44;235;192;5;134;25;121;46,0.1,19,123,19,0.1305373264620073,20310.0,True,0.6919127086007704,0.0526315789473684,0.5429362880886427,0.0789473684210526,0.3416069860144584,2,19,0,55.36090000532568,4.662000006646849,69.76100000611041,2.457399998093024
EngineeringROI_B10,JILONG_EI_0019,1200,B10,195;2;13;57;225;217;86;90;161;174;44;35;134;46;77;66;5;219;25,0.1,19,124,19,0.1506612247398366,20310.0,True,0.7453310696095077,0.0526315789473684,0.5160065111231686,0.0789473684210526,0.3482291320252743,2,19,0,54.50769999879412,4.709700006060302,69.80769999790937,2.421099998173304
EngineeringROI_B10,JILONG_EI_0019,1210,B10,195;13;225;2;57;217;102;90;174;35;161;44;134;46;77;128;156;25;214,0.1,19,123,19,0.1525143386603977,20310.0,True,0.7351305091998289,0.0526315789473684,0.5553728070175438,0.0526315789473684,0.3489416185280274,1,19,0,54.90789999021217,4.7627000021748245,70.02120000834111,2.234800005680881
EngineeringROI_B10,JILONG_EI_0019,1220,B10,195;225;3;57;217;13;86;90;35;161;174;44;5;128;134;77;219;26;49,0.1,19,123,19,0.1531269383035584,20430.0,True,0.7124518613607189,0.0526315789473684,0.5425935973955507,0.0789473684210526,0.3466561015311726,2,19,0,54.84090000391007,5.852200003573671,69.77960000222083,2.2547999978996813
EngineeringROI_B10,JILONG_EI_0019,1230,B10,195;225;3;13;57;217;86;90;44;174;35;161;206;66;77;128;219;156;133,0.1,19,123,19,0.1545512324739071,20430.0,True,0.7120239623448866,0.0526315789473684,0.5534626038781164,0.0789473684210526,0.349266378397856,2,19,0,54.371000005630776,4.699500001152046,72.70140000036918,2.8479000029619783
EngineeringROI_B10,JILONG_EI_0019,1240,B10,195;225;13;3;57;217;86;90;174;161;44;35;235;66;77;128;229;133;26,0.1,19,122,19,0.1738404637379298,20490.0,True,0.7717860224331319,0.0526315789473684,0.4646293152235427,0.0789473684210526,0.3419985712562739,2,19,0,54.53370000759605,4.585099988617003,70.71519999590237,2.261200002976693
EngineeringROI_B10,JILONG_EI_0019,1250,B10,195;225;3;217;57;86;90;35;44;229;157;161;66;128;14;219;133;94;25,0.1,19,122,19,0.1695905537135024,20490.0,True,0.728213977566868,0.0526315789473684,0.4937070938215103,0.0789473684210526,0.3383750046891998,2,19,0,54.603000011411496,4.960899997968227,70.25729998713359,2.2653000050922856
EngineeringROI_B10,JILONG_EI_0019,1260,B10,195;225;3;217;74;13;86;60;229;35;158;41;161;84;23;128;66;105;133,0.1,19,123,19,0.1361502706924673,20490.0,True,0.750106974753958,0.0526315789473684,0.5075187969924813,0.0789473684210526,0.3473011797787151,2,19,0,55.04490000021178,6.983800005400553,71.87139999587089,2.898599996115081
EngineeringROI_B10,JILONG_EI_0019,1270,B10,195;225;3;217;57;13;86;44;90;23;161;229;66;174;128;219;35;133;25,0.1,19,123,19,0.1502860074584006,20490.0,True,0.7642276422764227,0.0526315789473684,0.5037593984962406,0.0789473684210526,0.3498914970352711,2,19,0,55.673499999102205,5.297799987602048,70.59540000045672,2.2327000042423606
EngineeringROI_B10,JILONG_EI_0019,1280,B10,195;225;3;218;86;58;232;229;90;174;23;206;66;44;161;5;34;133;128,0.1,19,124,19,0.1295801395195687,20490.0,True,0.7381154499151104,0.0526315789473684,0.5406698564593301,0.0789473684210526,0.3525910634357154,2,19,0,54.72000000008848,5.41460000385996,71.9126000039978,2.5800000003073364
EngineeringROI_B10,JILONG_EI_0019,1290,B10,195;225;2;13;86;232;90;201;58;23;66;229;161;60;174;219;10;34;134,0.1,19,123,19,0.1040041044176091,20490.0,True,0.7180145485665383,0.0526315789473684,0.5574650912996778,0.0789473684210526,0.3517646468086593,2,19,0,54.789099987829104,4.6971999981906265,70.18330000573769,2.7030000055674464
EngineeringROI_B10,JILONG_EI_0019,1300,B10,195;225;3;58;13;217;86;44;229;35;23;91;206;158;66;161;235;156;128,0.1,19,123,19,0.1287914174789993,20580.0,True,0.7312794180573385,0.0526315789473684,0.5577862181226262,0.0789473684210526,0.3551611458870964,2,19,0,53.940000012516975,4.6648999996250495,70.62309999309946,2.238400003989227
EngineeringROI_B10,JILONG_EI_0019,1310,B10,195;225;3;23;217;13;57;86;119;229;91;50;44;157;219;77;128;161;105,0.1,19,122,19,0.1348408389552113,20670.0,True,0.7031924072476272,0.0526315789473684,0.5886143931256713,0.0789473684210526,0.3558464369354299,2,19,0,54.118399988510646,4.591499993694015,70.24250000540633,2.316500002052635
EngineeringROI_B10,JILONG_EI_0019,1320,B10,195;225;3;217;23;13;58;86;91;35;46;66;229;157;44;94;235;105;25,0.1,19,122,19,0.1508526621283243,20700.0,True,0.7666091458153581,0.0526315789473684,0.5236028214867064,0.0789473684210526,0.3554477286676213,2,19,0,55.39670000143815,6.061000007321127,70.11529999726918,2.178100010496564
EngineeringROI_B10,JILONG_EI_0019,1330,B10,195;225;3;13;217;23;57;86;91;229;35;60;174;161;105;156;66;134;25,0.1,19,122,19,0.1286535825592881,20730.0,True,0.7838654012079378,0.0526315789473684,0.5035268583830711,0.0789473684210526,0.3547428017398575,2,19,0,55.28099999355618,5.407999997260049,70.63170000037644,2.5849999947240576
EngineeringROI_B10,JILONG_EI_0019,1340,B10,195;225;2;217;23;57;102;44;229;91;35;161;66;158;46;133;105;33;25,0.1,19,122,19,0.147988758796548,20790.0,True,0.7644521138912858,0.0526315789473684,0.5501899077590885,0.0526315789473684,0.3549762948862777,1,19,0,54.02890000550542,5.018800002289936,69.89459999022074,2.194699991378002
EngineeringROI_B10,JILONG_EI_0019,1350,B10,195;225;3;217;57;86;229;66;161;23;35;174;60;206;219;28;91;14;105,0.1,19,123,19,0.1163326722362184,20820.0,True,0.7424047924689774,0.0526315789473684,0.5393380358111773,0.0789473684210526,0.3533304439121439,2,19,0,54.84430000069551,4.5913999929325655,71.71760000346694,3.006899991305545
EngineeringROI_B10,JILONG_EI_0019,1360,B10,195;225;3;217;57;13;86;66;229;219;23;44;35;161;206;174;46;156;90,0.1,19,123,19,0.1217312065915721,20820.0,True,0.7672229353872486,0.0526315789473684,0.5553168635875403,0.0789473684210526,0.3635296865858025,2,19,0,53.98050000076182,4.763999997521751,69.73000000289176,2.258000007714145
EngineeringROI_B10,JILONG_EI_0019,1370,B10,225;195;3;57;217;13;23;86;161;229;219;46;35;44;66;157;121;94;25,0.1,19,123,19,0.1540764677504575,20880.0,True,0.8027385537013265,0.0526315789473684,0.5268528464017186,0.0789473684210526,0.3652925868678666,2,19,0,53.98190001142211,5.0654000078793615,69.02930000796914,2.2349000064423308
EngineeringROI_B10,JILONG_EI_0019,1380,B10,195;225;3;57;217;86;66;23;161;229;46;91;158;60;34;5;28;105;235,0.1,19,122,19,0.1208199646223706,20910.0,True,0.7372735116479724,0.0526315789473684,0.5539880629408573,0.0789473684210526,0.3557101304893126,2,19,0,54.25489999470301,5.154900005436502,69.60430000617635,2.261800007545389
EngineeringROI_B10,JILONG_EI_0019,1390,B10,225;195;3;57;217;86;46;44;229;219;161;66;158;34;94;156;91;128;134,0.1,19,123,19,0.1404308106990527,20940.0,True,0.7244330338040222,0.0526315789473684,0.5422149122807017,0.0789473684210526,0.3495567233632862,2,19,0,55.52490000263788,4.755600006319583,71.19639999291394,2.459200011799112
EngineeringROI_B10,JILONG_EI_0019,1400,B10,225;195;2;57;217;86;66;46;91;161;229;158;14;44;34;94;4;235;105,0.1,19,122,19,0.1325435902933586,21030.0,True,0.7036238136324419,0.0526315789473684,0.5844875346260388,0.0789473684210526,0.3549225739067254,2,19,0,54.648399993311614,4.732499990495853,70.14070000150241,2.3527000012109056
EngineeringROI_B10,JILONG_EI_0019,1410,B10,225;195;3;57;217;86;229;46;174;66;161;91;35;44;14;128;94;10;235,0.1,19,122,19,0.1329494375569526,21060.0,True,0.7463330457290769,0.0526315789473684,0.5183927560837578,0.0789473684210526,0.3490761872953139,2,19,0,54.4752999994671,6.924399989657104,70.15910001064185,2.218099994934164
EngineeringROI_B10,JILONG_EI_0019,1420,B10,225;195;3;217;57;86;13;229;219;35;161;158;60;90;128;156;66;133;94,0.1,19,123,19,0.1410280953511344,21060.0,True,0.7522464698331193,0.0526315789473684,0.5268817204301076,0.0789473684210526,0.352676784407912,2,19,0,54.44730000454001,4.724400001578033,72.06029999360908,3.4460000024409965
EngineeringROI_B10,JILONG_EI_0019,1430,B10,225;195;2;217;57;229;86;219;161;44;158;128;35;66;90;14;156;94;26,0.1,19,123,19,0.1611979386022007,21090.0,True,0.7689345314505778,0.0526315789473684,0.5202216066481994,0.0789473684210526,0.3551837713667995,2,19,0,55.91640000056941,5.9809999947901815,69.57200000761077,2.23869999172166
EngineeringROI_B10,JILONG_EI_0019,1440,B10,225;195;3;217;57;13;86;229;66;158;235;46;128;161;77;34;119;90;44,0.1,19,122,19,0.1373065525189331,21090.0,True,0.7329594477998274,0.0526315789473684,0.5778621812262615,0.0789473684210526,0.3606001440986275,2,19,0,54.735699988668784,6.808499994804151,70.1509999926202,2.7734999894164503
EngineeringROI_B10,JILONG_EI_0029,10,B10,78;128;195;106;235;84;202;192;4;34;66;29;206;158;119;10;232;57;86,0.1,19,128,19,0.0904350223215995,,False,0.7035361842105263,0.0,0.7391304347826086,0.0701754385964912,0.3782105143974065,2,19,0,54.79680000280496,5.171299999346957,69.75020001118537,2.243599999928847
EngineeringROI_B10,JILONG_EI_0029,20,B10,86;77;13;112;202;121;33;232;195;192;46;20;44;235;10;66;90;157;206,0.1,19,126,19,0.111692229939276,0.0,True,0.7205513784461153,0.0526315789473684,0.6634349030470914,0.0701754385964912,0.3766983247592666,2,19,0,54.9483000067994,4.612300006556325,71.78710000880528,2.8840000013588
EngineeringROI_B10,JILONG_EI_0029,30,B10,195;77;74;13;69;49;112;105;119;44;232;235;201;4;99;206;35;192;157,0.1,19,124,19,0.102196935470285,13860.0,True,0.6421901528013582,0.0526315789473684,0.7283834586466165,0.087719298245614,0.3777311221602393,2,19,0,55.18840000149794,4.591799995978363,70.36330000846647,2.846400006092153
EngineeringROI_B10,JILONG_EI_0029,40,B10,195;77;84;106;29;50;74;112;119;251;232;4;202;27;155;206;88;177;23,0.1,19,124,19,0.0832216615233821,14790.0,True,0.735993208828523,0.0526315789473684,0.7055476529160739,0.0526315789473684,0.3867010049098334,1,19,0,54.71479998959694,5.1663999911397696,70.35069999983534,2.22090000170283
EngineeringROI_B10,JILONG_EI_0029,50,B10,195;61;58;50;121;112;158;5;19;13;232;251;156;202;27;68;134;94;86,0.1,19,122,19,0.1307670513281926,14850.0,True,0.7018981880931839,0.0526315789473684,0.6429990069513407,0.0701754385964912,0.366926053147096,2,19,0,56.092099999659695,4.802299998118542,71.62699999753386,3.078699999605305
EngineeringROI_B10,JILONG_EI_0029,60,B10,195;61;58;203;49;157;91;4;235;104;10;28;217;93;135;176;206;128;213,0.1,19,121,19,0.0955655443330704,14850.0,True,0.6720313179643324,0.0526315789473684,0.693064436792917,0.0526315789473684,0.3675897281629964,1,19,0,55.63149999943562,7.2183000011136755,72.34900000912603,3.2045000116340816
EngineeringROI_B10,JILONG_EI_0029,70,B10,195;60;57;218;157;66;91;128;34;29;232;121;20;119;25;88;27;70;52,0.1,19,125,19,0.1257437342542748,14850.0,True,0.727578947368421,0.0526315789473684,0.6591478696741856,0.0526315789473684,0.3729974937343358,1,19,0,54.86370000289753,5.645400000503287,71.65700000768993,2.9898999928263947
EngineeringROI_B10,JILONG_EI_0029,80,B10,195;44;219;57;217;157;91;121;46;112;49;51;192;77;206;147;71;135;101,0.1,19,124,19,0.1355836160225436,14850.0,True,0.7071307300509339,0.0526315789473684,0.6296114117068373,0.0526315789473684,0.360501324913127,1,19,0,54.48459999752231,5.162900008144788,69.74809999519493,2.26170000678394
EngineeringROI_B10,JILONG_EI_0029,90,B10,195;44;57;91;157;218;155;49;121;206;77;26;51;119;128;46;185;89;100,0.1,19,122,19,0.1297715769080564,15060.0,True,0.6738567730802416,0.0526315789473684,0.6169028340080972,0.0526315789473684,0.3490056912457689,1,19,0,54.1096000088146,5.189200004679151,71.31699999445118,2.2391999955289066
EngineeringROI_B10,JILONG_EI_0029,100,B10,195;28;61;57;219;90;121;185;158;49;26;232;252;156;176;20;133;69;190,0.1,19,121,19,0.1395808286941673,15060.0,True,0.638538494997825,0.0526315789473684,0.6713106295149638,0.087719298245614,0.3625500004264428,2,19,0,54.264500009594485,5.331799999112263,70.46190000255592,2.961899997899309
EngineeringROI_B10,JILONG_EI_0029,110,B10,195;28;76;57;203;121;185;235;217;90;156;128;50;174;26;69;135;229;88,0.1,19,120,19,0.099080334785705,15060.0,True,0.6223684210526316,0.0526315789473684,0.6678947368421052,0.087719298245614,0.3576535087719298,2,19,0,54.04899999848567,5.493200005730614,71.47160000749864,3.1195999908959493
EngineeringROI_B10,JILONG_EI_0029,120,B10,195;27;61;251;13;219;217;58;157;91;104;186;66;34;128;206;69;135;20,0.1,19,118,19,0.0996929344288656,15060.0,True,0.6690454950936664,0.0526315789473684,0.6737884314747264,0.087719298245614,0.3707962009403437,2,19,0,54.74540000432171,5.109899997478351,71.24679999833461,2.342099993256852
EngineeringROI_B10,JILONG_EI_0029,130,B10,195;27;29;58;61;252;219;174;217;90;104;69;156;50;186;32;112;94;40,0.1,19,118,19,0.1284927751529584,15060.0,True,0.6935771632471008,0.0526315789473684,0.6353771025501899,0.087719298245614,0.3673262857475682,2,19,0,55.4759000078775,6.599500004085712,70.88579999981448,2.811500002280809
EngineeringROI_B10,JILONG_EI_0029,140,B10,195;27;202;58;60;252;69;90;232;174;103;121;170;29;112;156;94;25;49,0.1,19,120,19,0.1261036365446317,15240.0,True,0.7078947368421054,0.0526315789473684,0.6262626262626263,0.087719298245614,0.3686270600744284,2,19,0,54.59339999652002,4.619500003173016,70.21750000421889,3.008400002727285
EngineeringROI_B10,JILONG_EI_0029,150,B10,195;27;202;106;252;74;3;61;29;232;170;41;177;50;112;119;156;94;69,0.1,19,119,19,0.1317012657840126,15240.0,True,0.6722689075630253,0.0526315789473684,0.6529442417926002,0.087719298245614,0.3663910066371519,2,19,0,54.362399998353794,4.622699998435564,70.26670000050217,2.5956999888876453
EngineeringROI_B10,JILONG_EI_0029,160,B10,195;26;58;106;219;232;201;60;119;50;28;170;156;251;94;3;88;86;40,0.1,19,119,19,0.1554931044252666,15240.0,True,0.6873065015479876,0.0526315789473684,0.620337250894226,0.0701754385964912,0.3576126924965183,2,19,0,55.30920000455808,6.135599993285723,69.88640000054147,2.466300007654354
EngineeringROI_B10,JILONG_EI_0029,170,B10,195;58;26;106;218;232;251;45;50;156;200;77;170;112;119;20;229;88;86,0.1,19,119,19,0.1245338499590324,15240.0,True,0.6762494471472799,0.0526315789473684,0.631578947368421,0.0701754385964912,0.3576588530148901,2,19,0,54.14230001042597,4.765299992868677,71.03539998934139,3.116399995633401
EngineeringROI_B10,JILONG_EI_0029,180,B10,195;10;57;106;201;50;232;61;88;28;156;69;213;94;170;158;119;206;133,0.1,19,119,19,0.1424906769991806,15240.0,True,0.6594427244582043,0.0526315789473684,0.6224696356275304,0.087719298245614,0.3555658093196792,2,19,0,54.64459999348037,4.696700008935295,70.33200000296347,2.1917999983998016
EngineeringROI_B10,JILONG_EI_0029,190,B10,195;25;57;105;202;251;29;156;206;49;69;233;77;170;102;35;174;27;91,0.1,19,120,19,0.1334701472536392,15240.0,True,0.6495614035087719,0.0526315789473684,0.6514399205561073,0.087719298245614,0.3603380503144654,2,19,0,54.48060001072008,4.698399992776103,70.50539999909233,2.176499998313375
EngineeringROI_B10,JILONG_EI_0029,200,B10,195;25;57;105;251;201;49;157;232;77;45;206;229;27;36;69;55;102;170,0.1,19,120,19,0.1630357375316828,15240.0,True,0.6864035087719298,0.0526315789473684,0.5971470732907034,0.087719298245614,0.3559753648139039,2,19,0,54.725099995266646,4.82929999998305,70.20180000108667,2.5976000033551827
EngineeringROI_B10,JILONG_EI_0029,210,B10,195;57;10;217;105;251;157;69;45;50;20;219;77;24;155;135;100;214;206,0.1,19,120,19,0.1019365806219417,15240.0,True,0.6710526315789473,0.0526315789473684,0.6355140186915887,0.087719298245614,0.3617293818658796,2,19,0,55.373499999404885,6.570499986992218,70.59899999876507,2.252199992653914
EngineeringROI_B10,JILONG_EI_0029,220,B10,195;40;74;10;251;104;217;106;50;29;86;157;77;206;185;112;177;155;214,0.1,19,120,19,0.1264635388349886,15240.0,True,0.687719298245614,0.0526315789473684,0.6678252234359485,0.0789473684210526,0.3717808672624958,2,19,0,54.534099996089935,4.652500007068738,69.9118000047747,3.08029999723658
EngineeringROI_B10,JILONG_EI_0029,230,B10,195;40;251;74;10;217;88;106;219;86;4;112;135;45;77;157;206;50;177,0.1,19,120,19,0.1169759018615371,15240.0,True,0.7333333333333334,0.0526315789473684,0.6290963257199602,0.0789473684210526,0.3735021516054286,2,19,0,56.77239999931771,6.378600010066293,70.18120000429917,2.2070999984862283
EngineeringROI_B10,JILONG_EI_0029,240,B10,195;88;57;217;251;10;106;29;49;86;112;24;157;206;93;135;177;61;35,0.1,19,120,19,0.1104746881484941,15240.0,True,0.731578947368421,0.0526315789473684,0.6020050125313283,0.0789473684210526,0.3662907268170425,2,19,0,54.69440000888426,4.8633999977028,71.55000000784639,3.100599991739728
EngineeringROI_B10,JILONG_EI_0029,250,B10,195;58;88;251;217;106;112;219;10;49;86;77;29;157;177;135;206;155;40,0.1,19,120,19,0.1158196200350713,15240.0,True,0.7153508771929825,0.0526315789473684,0.6015740285292671,0.0789473684210526,0.3621259632726676,2,19,0,54.553399997530505,5.2291000029072165,70.4361000098288,2.365699998335913
EngineeringROI_B10,JILONG_EI_0029,260,B10,195;57;88;232;202;90;10;77;86;50;128;28;235;157;135;206;177;14;55,0.1,19,120,19,0.1222059713150217,15270.0,True,0.6956140350877194,0.0526315789473684,0.5949874686716793,0.0789473684210526,0.3555451127819548,2,19,0,56.34459998691455,6.775999994715676,71.11509999958798,2.3246999917319044
EngineeringROI_B10,JILONG_EI_0029,270,B10,195;57;104;232;202;34;90;10;28;86;66;157;206;94;177;112;61;135;36,0.1,19,120,19,0.1275049582283618,15270.0,True,0.6855263157894737,0.0526315789473684,0.5908639523336644,0.0789473684210526,0.3519923038728897,2,19,0,54.78649999713525,5.068799990112893,70.73399999353569,2.214899999671616
EngineeringROI_B10,JILONG_EI_0029,280,B10,195;58;88;217;10;34;86;29;90;206;219;77;157;252;128;177;66;40;135,0.1,19,121,19,0.11646284966039,15270.0,True,0.6811657242279252,0.0526315789473684,0.5862573099415205,0.0789473684210526,0.3497504953844667,2,19,0,54.3043000070611,4.693099996075034,70.39749999239575,2.2658000088995323
EngineeringROI_B10,JILONG_EI_0029,290,B10,195;58;105;217;35;49;86;10;29;206;219;119;77;157;177;112;40;133;213,0.1,19,122,19,0.1379344671531729,15270.0,True,0.6755823986194996,0.0526315789473684,0.5832535885167465,0.0789473684210526,0.3476037336261667,2,19,0,55.95339999126736,5.554699993808754,70.02749999810476,2.215999993495643
EngineeringROI_B10,JILONG_EI_0029,300,B10,195;57;88;119;217;10;34;90;86;23;206;28;157;77;66;219;4;192;128,0.1,19,123,19,0.0997848243753398,15270.0,True,0.6388532306375696,0.0526315789473684,0.6535885167464116,0.0789473684210526,0.3560051736881005,2,19,0,57.47079999127891,5.625500009045936,71.66410000354517,2.9900999943492934
EngineeringROI_B10,JILONG_EI_0029,310,B10,195;57;119;105;86;34;218;232;13;206;23;77;66;26;128;157;20;44;192,0.1,19,123,19,0.1326431377353722,15270.0,True,0.6546854942233633,0.0526315789473684,0.6396396396396395,0.0789473684210526,0.3564760203078559,2,19,0,54.36760000884533,8.2436999946367,70.63750000088476,3.530000001774169
EngineeringROI_B10,JILONG_EI_0029,320,B10,195;57;35;105;119;217;86;206;49;14;219;10;77;128;157;28;23;192;4,0.1,19,123,19,0.1001294116746177,15270.0,True,0.6461275139067179,0.0526315789473684,0.6253588516746412,0.0789473684210526,0.3507663282374451,2,19,0,55.09009999514092,6.308399999397807,70.77659999777097,2.2809999936725944
EngineeringROI_B10,JILONG_EI_0029,330,B10,195;57;34;217;90;119;86;88;251;157;29;206;128;77;27;203;25;176;66,0.1,19,124,19,0.1257590492453538,15270.0,True,0.6850594227504244,0.0526315789473684,0.5958474167069049,0.0789473684210526,0.3531214467064376,2,19,0,54.81139999756124,5.436499995994382,69.49170000734739,2.270800003316253
EngineeringROI_B10,JILONG_EI_0029,340,B10,195;57;218;34;13;119;105;86;206;232;128;157;77;176;44;25;20;66;23,0.1,19,124,19,0.1292661822024488,15270.0,True,0.7054329371816639,0.0526315789473684,0.5708133971291866,0.0789473684210526,0.3519563204198178,2,19,0,54.37339999480173,4.797999994480051,71.25590000941884,2.9866999975638464
EngineeringROI_B10,JILONG_EI_0029,350,B10,195;58;218;34;13;86;105;77;119;128;157;4;176;206;10;40;72;44;66,0.1,19,124,19,0.1302386841359664,15270.0,True,0.6952461799660441,0.0526315789473684,0.5614035087719297,0.0789473684210526,0.3470571590265988,2,19,0,54.84409999917261,5.4429000010713935,69.90860000951216,2.3160999990068376
EngineeringROI_B10,JILONG_EI_0029,360,B10,195;74;34;41;217;105;86;206;13;44;128;77;157;235;119;192;203;10;161,0.1,19,123,19,0.1244572750036373,15270.0,True,0.6409927257167308,0.0526315789473684,0.6228874939642685,0.0789473684210526,0.3488647917623551,2,19,0,54.45060000056401,4.67519999074284,71.34220001171343,2.98099999781698
EngineeringROI_B10,JILONG_EI_0029,370,B10,195;34;57;120;217;86;88;90;44;128;77;206;157;219;25;66;155;20;161,0.1,19,123,19,0.1374903324118813,15270.0,True,0.6439880188275569,0.0526315789473684,0.6033492822966506,0.0789473684210526,0.344729062123157,2,19,0,54.34050000621937,4.969500005245209,70.2467999944929,2.2412999969674274
EngineeringROI_B10,JILONG_EI_0029,380,B10,195;34;57;120;86;217;44;88;10;128;206;157;77;90;235;161;66;13;192,0.1,19,123,19,0.1143340659004066,15270.0,True,0.6213093709884467,0.0526315789473684,0.618421052631579,0.0789473684210526,0.3428273427471117,2,19,0,54.15429999993648,4.840900000999682,70.45450000441633,2.2324000019580126
EngineeringROI_B10,JILONG_EI_0029,390,B10,195;74;120;217;34;86;41;44;88;128;206;106;156;174;93;161;66;4;10,0.1,19,123,19,0.1131854415694802,15270.0,True,0.6204535729567823,0.0526315789473684,0.6205741626794258,0.0789473684210526,0.3431516707511572,2,19,0,54.71069998748135,5.193799996050075,69.83079999918118,2.254699997138232
EngineeringROI_B10,JILONG_EI_0029,400,B10,195;74;218;34;86;105;119;44;41;216;156;206;128;66;174;77;161;14;46,0.1,19,123,19,0.1323521529048709,15270.0,True,0.6388532306375696,0.0526315789473684,0.594881699661999,0.0789473684210526,0.3413284694169974,2,19,0,54.591799998888746,5.063000004156493,69.80670000484679,2.5093999865930527
EngineeringROI_B10,JILONG_EI_0029,410,B10,195;74;218;34;86;119;29;105;61;216;41;156;206;161;66;174;10;20;55,0.1,19,124,19,0.1344656216737753,15270.0,True,0.684634974533107,0.0526315789473684,0.5552873008208594,0.0789473684210526,0.3428753056805969,2,19,0,54.189600006793626,4.680899990489706,71.74300000770018,2.977600001031533
EngineeringROI_B10,JILONG_EI_0029,420,B10,195;58;217;86;35;119;49;206;105;44;147;156;77;25;219;161;4;174;192,0.1,19,124,19,0.1302999441002825,15270.0,True,0.5721561969439728,0.0526315789473684,0.6645933014354067,0.0789473684210526,0.3420821114369501,2,19,0,54.49970001063775,5.737999992561527,70.04160000360571,2.205599987064488
EngineeringROI_B10,JILONG_EI_0029,430,B10,195;217;86;57;88;34;147;120;13;106;61;206;156;66;134;26;158;161;192,0.1,19,124,19,0.1205825822606458,15270.0,True,0.5823429541595925,0.0526315789473684,0.6450989859971028,0.0789473684210526,0.3397552218812791,2,19,0,54.44210000860039,4.8144000029424205,69.66119998833165,2.204200005508028
EngineeringROI_B10,JILONG_EI_0029,440,B10,195;86;74;217;106;34;147;88;41;119;28;206;14;61;176;172;66;4;235,0.1,19,124,19,0.1101454158402952,15270.0,True,0.6566213921901528,0.0526315789473684,0.5929502655721874,0.0789473684210526,0.3452876512826903,2,19,0,55.31320000591222,4.673000003094785,70.29319999855943,3.148100004182197
EngineeringROI_B10,JILONG_EI_0029,450,B10,195;86;57;147;217;49;35;119;106;29;61;4;88;176;206;93;79;157;26,0.1,19,124,19,0.1248018623029152,16890.0,True,0.635823429541596,0.0,0.6086124401913875,0.0789473684210526,0.330845809538509,2,19,0,55.60979999427218,6.732800000463612,70.11649999185465,2.238400003989227
EngineeringROI_B10,JILONG_EI_0029,460,B10,195;86;217;147;74;176;35;41;119;44;105;77;46;66;170;156;72;252;219,0.1,19,125,19,0.1309125437434432,16890.0,True,0.6126315789473684,0.0,0.6149834044570885,0.0789473684210526,0.3266405879563774,2,19,0,54.17419999139384,5.328800005372614,69.68129999586381,2.401199992164038
EngineeringROI_B10,JILONG_EI_0029,470,B10,195;86;217;57;34;147;119;28;90;4;252;88;176;61;128;170;157;165;219,0.1,19,125,19,0.108652204210091,16890.0,True,0.5296842105263156,0.0,0.6704377766847024,0.0789473684210526,0.3197673389080177,2,19,0,54.804400002467446,4.958799996529706,69.91000000562053,2.2228999878279865
EngineeringROI_B10,JILONG_EI_0029,480,B10,195;86;147;74;218;51;119;232;44;4;41;252;13;46;176;165;49;128;72,0.1,19,124,19,0.1016915407646775,16950.0,True,0.6239388794567062,0.0,0.6072492552135055,0.0789473684210526,0.327533875772816,2,19,0,54.62769999576267,4.679300007410348,71.45950000267476,3.0509000062011182
EngineeringROI_B10,JILONG_EI_0029,490,B10,195;86;147;58;217;119;29;20;34;90;235;77;176;155;27;99;121;68;40,0.1,19,125,19,0.1337994195618381,16950.0,True,0.6235789473684209,0.0,0.5928500496524329,0.0789473684210526,0.3238440913604767,2,19,0,55.658500001300126,6.596799998078495,70.17079999786802,2.620700004626997
EngineeringROI_B10,JILONG_EI_0029,500,B10,195;86;147;218;119;57;44;51;90;46;13;4;49;170;232;88;112;157;77,0.1,19,126,19,0.1193497254787849,16950.0,True,0.5555555555555555,0.0,0.6676413255360625,0.0789473684210526,0.3255360623781675,2,19,0,54.36190000909846,5.447100003948435,70.59820000722539,2.2166999988257885
EngineeringROI_B10,JILONG_EI_0029,510,B10,195;86;217;74;147;119;41;34;29;60;20;206;112;10;105;156;192;229;219,0.1,19,126,19,0.0913232918041825,16950.0,True,0.5618212197159566,0.0,0.6393762183235867,0.0789473684210526,0.320036201615149,2,19,0,55.057199992006645,5.449799995403737,70.1002999994671,2.2584000107599422
EngineeringROI_B10,JILONG_EI_0029,520,B10,195;58;86;217;229;51;44;10;119;219;90;20;46;77;49;88;192;206;155,0.1,19,126,19,0.1117994348768291,16950.0,True,0.5927318295739348,0.0,0.6224880382775119,0.0789473684210526,0.3235418090681248,2,19,0,58.12149999837857,4.821299997274764,72.11130000359844,4.016199993202463
EngineeringROI_B10,JILONG_EI_0029,530,B10,195;218;86;58;44;119;35;4;90;229;46;156;77;170;72;177;66;147;166,0.1,19,126,19,0.1248707797627707,16980.0,True,0.6228070175438597,0.0,0.5639787542250122,0.0789473684210526,0.3164332850474811,2,19,0,55.02339999657124,6.133599992608652,70.733399988967,2.23950001236517
EngineeringROI_B10,JILONG_EI_0029,540,B10,195;58;86;29;217;60;35;119;219;90;5;156;27;229;166;170;49;25;147,0.1,19,126,19,0.1245338499590324,17010.0,True,0.6445279866332497,0.0,0.5746799431009958,0.0789473684210526,0.3245388245388245,2,19,0,55.206799996085465,5.286599989631213,70.37840000703,2.2824999905424197
EngineeringROI_B10,JILONG_EI_0029,550,B10,195;58;35;86;218;44;135;90;10;46;157;213;155;104;192;4;49;161;165,0.1,19,126,19,0.1096553361257667,17010.0,True,0.5346700083542189,0.0,0.6537904394012555,0.0789473684210526,0.3168519540441317,2,19,0,54.090300007374026,4.632700001820922,72.20179999421816,3.0115999979898334
EngineeringROI_B10,JILONG_EI_0029,560,B10,195;35;86;58;44;119;201;90;77;213;46;156;219;165;66;88;192;4;13,0.1,19,126,19,0.1251464496021931,17010.0,True,0.5618212197159564,0.0,0.6403508771929824,0.0789473684210526,0.3202798663324979,2,19,0,54.41310000605881,4.816100001335144,70.1007000025129,2.248500008136034
EngineeringROI_B10,JILONG_EI_0029,570,B10,195;35;58;86;217;60;29;119;90;219;27;213;4;68;66;155;157;165;192,0.1,19,126,19,0.1176497614690139,17010.0,True,0.6019214703425229,0.0,0.6224046354418157,0.0789473684210526,0.3258183685513478,2,19,0,54.90079999435693,5.47819999337662,70.42079999519046,2.248300006613136
EngineeringROI_B10,JILONG_EI_0029,580,B10,195;35;84;86;41;74;44;119;217;219;213;157;66;3;13;155;10;161;46,0.1,19,127,19,0.119862777679932,17010.0,True,0.6187318690426855,0.0,0.5964912280701755,0.0789473684210526,0.3235426163834784,2,19,0,55.42040000727866,6.558100008987822,70.57749999512453,2.2730999917257577
EngineeringROI_B10,JILONG_EI_0029,590,B10,195;84;35;86;58;44;119;14;201;90;147;170;213;4;157;192;46;40;10,0.1,19,127,19,0.1313873084668928,17040.0,True,0.6174886033982595,0.0,0.5960170697012802,0.0789473684210526,0.323113260380148,2,19,0,54.34849999437574,6.713099995977245,69.7234999970533,2.255900006275624
EngineeringROI_B10,JILONG_EI_0029,600,B10,195;35;84;86;74;44;201;134;4;120;46;147;88;206;41;13;170;213;66,0.1,19,127,19,0.1214249067699918,17040.0,True,0.6100290095317034,0.0,0.6111901375059269,0.0789473684210526,0.3250416288646707,2,19,0,54.17819999274798,5.249299996648915,71.28069999453146,3.0820999963907525
EngineeringROI_B10,JILONG_EI_0029,610,B10,195;35;84;86;44;217;57;46;134;90;147;10;3;157;170;165;5;66;213,0.1,19,127,19,0.1116539424615785,17040.0,True,0.5897223373394115,0.0,0.6320531057373163,0.0789473684210526,0.3251807028744451,2,19,0,54.671899997629225,4.635400007828139,69.76129999384284,2.9760000034002587
EngineeringROI_B10,JILONG_EI_0029,620,B10,195;35;86;57;44;218;134;90;3;170;120;156;213;10;165;174;68;14;232,0.1,19,128,19,0.1178335413619621,17040.0,True,0.5974506578947368,0.0,0.5692901979719942,0.0789473684210526,0.3114220560719459,2,19,0,54.577999995672144,5.288100001052953,70.12409999151714,2.299300002050586
EngineeringROI_B10,JILONG_EI_0029,630,B10,195;35;86;44;74;217;134;3;41;157;120;170;213;235;88;165;46;112;68,0.1,19,128,19,0.1329953825301896,17070.0,True,0.5645559210526315,0.0,0.5854636591478698,0.0789473684210526,0.3072417371553884,2,19,0,54.734699995606206,6.693399991490878,72.2712999995565,3.034499997738749
EngineeringROI_B10,JILONG_EI_0029,640,B10,195;51;86;20;44;58;135;217;90;157;213;40;170;165;46;10;128;121;49,0.1,19,127,19,0.1399560459756032,17070.0,True,0.603812681309573,0.0,0.5627151992129856,0.0789473684210526,0.3113688122359028,2,19,0,54.11219999950845,4.875900005572476,70.36570001218934,2.5295999948866665
EngineeringROI_B10,JILONG_EI_0029,650,B10,195;58;35;103;29;217;60;3;90;71;135;213;27;157;68;40;170;49;166,0.1,19,127,19,0.1487851383326569,17100.0,True,0.6647326978864484,0.0,0.5666502705361534,0.0526315789473684,0.3210036368424925,1,19,0,54.28889999166131,5.268299995805137,70.47700000111945,2.2689999896101654
EngineeringROI_B10,JILONG_EI_0029,660,B10,195;84;58;86;44;35;217;3;90;10;192;119;46;156;170;206;213;56;165,0.1,19,127,19,0.120345199898921,17100.0,True,0.6493990882718608,0.0,0.5880382775119618,0.0789473684210526,0.3290961835512188,2,19,0,54.62819999956992,5.820300008053891,69.67520000762306,2.3031999880913645
EngineeringROI_B10,JILONG_EI_0029,670,B10,195;84;58;103;35;44;3;10;217;90;72;134;157;46;170;116;213;166;66,0.1,19,127,19,0.107779249718587,17100.0,True,0.6481558226274347,0.0,0.6190246257846452,0.0526315789473684,0.3299530068398621,1,19,0,54.414700003690086,7.251499991980381,70.01209999725688,3.0507999908877537
EngineeringROI_B10,JILONG_EI_0029,680,B10,195;84;35;86;74;3;201;28;134;41;61;232;235;156;174;165;213;49;105,0.1,19,126,19,0.1351165087946336,17100.0,True,0.6094402673350041,0.0,0.6095238095238095,0.0789473684210526,0.3244778613199666,2,19,0,54.78890000085812,4.676399999880232,71.72530000389088,3.013399997144006
EngineeringROI_B10,JILONG_EI_0029,690,B10,195;84;103;35;74;3;217;44;134;71;66;10;41;206;213;156;105;170;174,0.1,19,125,19,0.1261342665267897,17100.0,True,0.6404210526315789,0.0,0.6106237816764132,0.0526315789473684,0.3259191033138401,1,19,0,54.28070000198204,5.288300002575852,70.58220000180881,2.403000005870126
EngineeringROI_B10,JILONG_EI_0029,700,B10,195;84;58;35;86;44;3;218;134;90;157;46;213;25;56;192;170;116;13,0.1,19,125,19,0.1501022275654524,17100.0,True,0.6602105263157895,0.0,0.5558288243974421,0.0789473684210526,0.3237466797835711,2,19,0,54.28159999428317,4.7015000018291175,71.47139999142382,3.009300009580329
EngineeringROI_B10,JILONG_EI_0029,710,B10,195;84;58;86;3;44;35;217;90;134;13;25;213;155;88;66;116;157;46,0.1,19,125,19,0.1342129243209716,17100.0,True,0.6711578947368422,0.0,0.5342601787487586,0.0789473684210526,0.3210913604766633,2,19,0,56.58380000386387,4.800599999725819,69.96890000300482,2.2542000078829005
EngineeringROI_B10,JILONG_EI_0029,720,B10,195;84;35;86;74;3;217;44;10;13;41;156;105;170;134;46;66;158;219,0.1,19,125,19,0.1203069124212235,17100.0,True,0.6176842105263157,0.0,0.5961633054599114,0.0789473684210526,0.3231987211018199,2,19,0,53.96580000524409,5.571599991526455,70.47370000509545,2.240700006950646
EngineeringROI_B10,JILONG_EI_0029,730,B10,195;84;35;58;103;3;44;217;90;71;13;10;156;134;46;174;116;213;166,0.1,19,124,19,0.1144182983513412,17100.0,True,0.6888794567062819,0.0,0.5590863952333665,0.0526315789473684,0.3251493577217542,1,19,0,55.41250000533182,4.728200001409277,70.58179999876302,2.2507999965455383
EngineeringROI_B10,JILONG_EI_0029,740,B10,195;84;3;35;58;86;217;44;13;56;89;156;166;91;134;116;128;25;66,0.1,19,124,19,0.1413726826504123,17100.0,True,0.7207130730050934,0.0,0.4944331983805667,0.0789473684210526,0.3235234099516781,2,19,0,55.17890000191983,5.347800004528835,70.37459999264684,2.275299993925728
EngineeringROI_B10,JILONG_EI_0029,750,B10,195;84;58;3;86;35;217;44;90;13;10;157;5;128;46;165;117;56;171,0.1,19,124,19,0.1295418520418711,17100.0,True,0.6540747028862479,0.0,0.5714285714285715,0.0789473684210526,0.326112660683968,2,19,0,54.44480000005569,4.676199998357333,70.69329998921603,2.949000001535751
EngineeringROI_B10,JILONG_EI_0029,760,B10,195;84;58;86;3;35;217;60;13;90;166;10;156;93;46;213;56;170;116,0.1,19,125,19,0.120375829881079,17100.0,True,0.7532631578947369,0.0,0.4564682734874569,0.0789473684210526,0.3221696999508115,2,19,0,54.94450000696816,5.519099999219179,70.25190000422299,2.2298000112641603
EngineeringROI_B10,JILONG_EI_0029,770,B10,195;84;74;217;86;3;35;44;13;10;41;170;66;156;165;116;104;174;206,0.1,19,124,19,0.1312265010605631,17100.0,True,0.6769949066213922,0.0,0.5372393247269116,0.0789473684210526,0.3232953999423391,2,19,0,54.99390000477433,4.715000002761371,69.80389999807812,2.2401999885914847
EngineeringROI_B10,JILONG_EI_0029,780,B10,195;84;58;3;217;86;10;29;35;61;90;88;156;116;56;165;170;23;158,0.1,19,124,19,0.1347948939819742,17100.0,True,0.704584040747029,0.0,0.5168818272095335,0.0789473684210526,0.3251033090944036,2,19,0,55.82150000554975,4.660999999032356,70.10149999405257,2.2360000002663583
EngineeringROI_B10,JILONG_EI_0029,790,B10,195;58;219;84;3;217;86;35;44;13;90;156;252;46;170;10;133;166;56,0.1,19,124,19,0.127252260875558,17130.0,True,0.739388794567063,0.0,0.5248538011695906,0.0789473684210526,0.3357974910394265,2,19,0,55.25520000082906,6.870199998957105,73.82720000168774,3.026599995791912
EngineeringROI_B10,JILONG_EI_0029,800,B10,195;84;217;103;3;58;35;44;13;252;71;90;157;117;25;5;170;165;121,0.1,19,124,19,0.1377200572780666,17130.0,True,0.6901528013582342,0.0,0.5724925521350546,0.0526315789473684,0.3288192331101643,1,19,0,54.63189999863971,4.785700002685189,69.96839999919757,2.8353000088827685
EngineeringROI_B10,JILONG_EI_0029,810,B10,195;84;217;3;74;86;44;252;35;13;66;170;41;156;116;134;104;229;106,0.1,19,124,19,0.1285080901440375,17130.0,True,0.668081494057725,0.0,0.5427010923535254,0.0789473684210526,0.3224324887080756,2,19,0,56.19010000373237,5.352899999707006,69.92159999208525,2.24829999206122
EngineeringROI_B10,JILONG_EI_0029,820,B10,195;84;217;86;74;3;13;35;10;252;44;156;41;229;88;170;46;116;134,0.1,19,124,19,0.1278036005544026,17160.0,True,0.7321731748726655,0.0,0.5089328826653791,0.0789473684210526,0.3300133564897742,2,19,0,54.75819999992382,4.781300012837164,69.9045999936061,2.3498999944422394
EngineeringROI_B10,JILONG_EI_0029,830,B10,195;84;217;3;58;86;44;13;90;51;156;170;56;25;116;219;214;120;46,0.1,19,124,19,0.1510823869945095,17160.0,True,0.7071307300509337,0.0,0.5105755041810132,0.0789473684210526,0.3241634006632499,2,19,0,54.41450000216719,4.700399993453175,69.7165000019595,2.4645999947097152
EngineeringROI_B10,JILONG_EI_0029,840,B10,195;84;217;3;86;74;13;44;35;156;119;170;10;46;41;116;174;206;106,0.1,19,123,19,0.1241203451998989,17160.0,True,0.686777920410783,0.0,0.5375243664717348,0.0789473684210526,0.3258124138258926,2,19,0,54.52710000099614,5.231300005107187,70.37119999586139,2.2197999933268875
EngineeringROI_B10,JILONG_EI_0029,850,B10,195;84;3;74;201;86;44;13;35;156;206;77;170;25;116;56;232;104;135,0.1,19,124,19,0.1700576609414125,17160.0,True,0.754244482173175,0.0,0.4600389863547759,0.0789473684210526,0.3233077092372508,2,19,0,55.12469999666792,4.89299999026116,70.13259999803267,2.2756999969715253
EngineeringROI_B10,JILONG_EI_0029,860,B10,195;74;84;3;217;86;13;44;35;156;116;170;41;10;66;219;121;213;77,0.1,19,124,19,0.1529048709329127,17160.0,True,0.7287775891341256,0.0,0.4825381210034432,0.0789473684210526,0.3225657696396554,2,19,0,54.45509999117348,5.836600001202896,70.25960000464693,2.245700001367368
EngineeringROI_B10,JILONG_EI_0029,870,B10,195;58;217;84;86;3;13;44;10;35;156;90;116;56;46;174;170;128;235,0.1,19,123,19,0.1265018263126861,17160.0,True,0.6893453145057766,0.0,0.5650446871896724,0.0789473684210526,0.3333343425291253,2,19,0,54.35299999953713,5.036500006099232,72.97120000293944,2.5944999943021685
EngineeringROI_B10,JILONG_EI_0029,880,B10,195;217;74;68;86;4;44;13;10;156;35;116;41;170;165;88;219;134;174,0.1,19,124,19,0.1374826749163418,17160.0,True,0.6702037351443123,0.0,0.5430398425971471,0.0789473684210526,0.323047736540628,2,19,0,56.09060000278987,5.849699999089353,70.26989999576472,2.2398000000976026
EngineeringROI_B10,JILONG_EI_0029,890,B10,195;217;58;86;3;13;44;68;156;35;206;116;170;90;10;5;174;161;66,0.1,19,124,19,0.1269000160807406,17160.0,True,0.683786078098472,0.0,0.540448343079922,0.0789473684210526,0.3257954473998617,2,19,0,54.371799997170456,4.750100008095615,70.38030000694562,2.267600008053705
EngineeringROI_B10,JILONG_EI_0029,900,B10,195;74;217;3;103;44;157;51;71;41;14;161;116;10;155;128;69;135;166,0.1,19,124,19,0.1400479359220773,17160.0,True,0.7147707979626485,0.0,0.5143992055610725,0.0526315789473684,0.3204503956177723,1,19,0,54.53239999769721,6.756799994036555,70.13249999727122,2.244799994514324
EngineeringROI_B10,JILONG_EI_0029,910,B10,195;84;74;217;3;86;44;225;35;10;156;46;117;56;174;66;128;104;214,0.1,19,124,19,0.157529998238776,20520.0,True,0.6931239388794568,0.0526315789473684,0.4920556107249255,0.0789473684210526,0.3291896242432008,2,19,0,55.04099999961909,5.764999994426034,69.86470000992995,2.221900009317324
EngineeringROI_B10,JILONG_EI_0029,920,B10,195;217;84;58;86;44;3;10;51;90;156;46;170;116;174;199;56;49;219,0.1,19,124,19,0.1297103169437403,17160.0,True,0.6799660441426145,0.0,0.5293233082706766,0.0789473684210526,0.322059180208586,2,19,0,54.9400999880163,6.744799989974126,70.05879998905584,2.2037999879103154
EngineeringROI_B10,JILONG_EI_0029,930,B10,195;74;84;86;218;3;44;35;10;216;119;156;170;49;174;41;116;46;105,0.1,19,124,19,0.1306292164084814,17160.0,True,0.6863327674023769,0.0,0.5528775209050664,0.0789473684210526,0.3295394141821239,2,19,0,53.96760000439826,4.76850000268314,70.1857999956701,2.2311999928206205
EngineeringROI_B10,JILONG_EI_0029,940,B10,195;74;217;86;3;60;28;35;68;206;156;199;49;46;56;25;170;116;158,0.1,19,124,19,0.1604781340214869,17160.0,True,0.7478777589134126,0.0,0.4827067669172932,0.0789473684210526,0.3273829735629396,2,19,0,54.66489998798352,5.634200002532452,71.90260000061244,3.0758999928366397
EngineeringROI_B10,JILONG_EI_0029,950,B10,195;74;217;44;86;3;225;68;35;157;199;41;66;10;77;170;116;128;104,0.1,19,124,19,0.1802574450000383,20520.0,True,0.7321731748726655,0.0526315789473684,0.4169246646026832,0.0789473684210526,0.3201691967109424,2,19,0,54.85639999096748,5.435400002170354,72.00929999817163,2.2926999954506755
EngineeringROI_B10,JILONG_EI_0029,960,B10,195;217;74;3;86;44;10;35;156;199;77;68;49;41;128;174;116;166;88,0.1,19,124,19,0.149298190533804,17160.0,True,0.7572156196943973,0.0,0.4453441295546558,0.0789473684210526,0.3203767794175264,2,19,0,54.50479999126401,4.739900003187358,70.50349999917671,2.278499989188276
EngineeringROI_B10,JILONG_EI_0029,970,B10,195;217;74;86;44;3;35;10;199;166;49;68;174;156;41;128;5;77;116,0.1,19,124,19,0.1487009058817223,17160.0,True,0.7716468590831919,0.0,0.4367408906882591,0.0789473684210526,0.3218337795481258,2,19,0,54.59020000125747,5.077099995105527,70.31450000067707,2.1942000021226704
EngineeringROI_B10,JILONG_EI_0029,980,B10,195;74;217;86;44;225;3;10;35;68;128;119;66;156;41;77;116;46;214,0.1,19,124,19,0.1778529914006325,20520.0,True,0.7733446519524618,0.0526315789473684,0.395242914979757,0.0789473684210526,0.3250416285751599,2,19,0,55.3174999949988,6.828499987022951,71.86370000999887,2.8305000014370307
EngineeringROI_B10,JILONG_EI_0029,990,B10,195;58;217;225;86;35;44;3;128;68;156;90;25;49;56;46;117;174;77,0.1,19,124,19,0.1933594198681379,20490.0,True,0.7487266553480476,0.0526315789473684,0.4262125902992776,0.0789473684210526,0.3266295482539365,2,19,0,54.722200002288446,4.6390000061364844,70.59899999876507,2.2295999951893464
EngineeringROI_B10,JILONG_EI_0029,1000,B10,195;58;217;225;86;128;44;3;35;10;68;49;156;90;46;134;116;174;56,0.1,19,123,19,0.1528818984462941,20490.0,True,0.7192982456140352,0.0526315789473684,0.4778530484627411,0.0789473684210526,0.3321825603612993,2,19,0,54.57879998721182,4.708699998445809,71.31590000062715,2.227300006779842
EngineeringROI_B10,JILONG_EI_0029,1010,B10,195;225;57;217;86;44;3;128;35;68;156;90;174;66;10;117;77;121;215,0.1,19,123,19,0.1702720708165187,20610.0,True,0.7064612751390671,0.0526315789473684,0.48,0.0789473684210526,0.329510055626872,2,19,0,54.10690000280738,5.194099998334423,70.34520000161137,2.3422000085702166
EngineeringROI_B10,JILONG_EI_0029,1020,B10,195;225;74;217;86;3;44;128;35;68;157;10;119;41;49;161;117;235;88,0.1,19,123,19,0.1605929964545795,20700.0,True,0.7094565682498931,0.0526315789473684,0.4955706096925482,0.0789473684210526,0.3341515313277156,2,19,0,55.705299993860535,6.652800002484582,70.09470000048168,2.218399997218512
EngineeringROI_B10,JILONG_EI_0029,1030,B10,195;225;74;217;86;44;3;51;156;174;128;49;135;161;46;41;104;10;170,0.1,19,123,19,0.1478892113545344,20760.0,True,0.6692340607616603,0.0526315789473684,0.5096670247046187,0.0789473684210526,0.327620008208675,2,19,0,55.1324999978533,5.009300002711825,70.30580000719056,2.26390000898391
EngineeringROI_B10,JILONG_EI_0029,1040,B10,195;225;58;217;86;44;3;35;10;68;161;135;128;49;156;90;5;104;170,0.1,19,123,19,0.1370232251839713,20820.0,True,0.6991869918699187,0.0526315789473684,0.5252631578947368,0.0789473684210526,0.3390072742832691,2,19,0,59.742600002209656,5.553900002269074,77.61380000738427,2.6339000032749027
EngineeringROI_B10,JILONG_EI_0029,1050,B10,195;225;74;217;86;3;44;10;68;50;156;119;41;161;174;105;117;206;46,0.1,19,123,19,0.1556156243538988,20910.0,True,0.7017543859649124,0.0526315789473684,0.4960917144346014,0.0789473684210526,0.3323562619419837,2,19,0,55.68910000147298,4.6978000027593225,69.61299999966286,2.3105000000214204
EngineeringROI_B10,JILONG_EI_0029,1060,B10,195;225;58;217;86;44;3;66;35;135;157;68;161;90;104;77;56;10;147,0.1,19,124,19,0.1644600317020315,20940.0,True,0.7432088285229203,0.0526315789473684,0.4484210526315789,0.0789473684210526,0.33080220713073,2,19,0,56.06869999610353,4.677500008256175,70.12099999701604,3.148099989630282
EngineeringROI_B10,JILONG_EI_0029,1070,B10,225;195;58;201;86;3;44;10;156;68;50;203;174;90;161;104;215;46;117,0.1,19,124,19,0.1563660589167707,21030.0,True,0.6748726655348047,0.0526315789473684,0.522146951537259,0.0789473684210526,0.3321496411101212,2,19,0,54.59810000320431,4.990899993572384,69.98139999632258,2.249700002721511
EngineeringROI_B10,JILONG_EI_0029,1080,B10,225;195;58;217;44;86;3;10;50;119;174;68;161;90;77;156;56;116;214,0.1,19,123,19,0.1760458224533084,21030.0,True,0.7715019255455712,0.0526315789473684,0.4404701073071027,0.0789473684210526,0.3358877450552737,2,19,0,54.371799997170456,5.254100004094653,71.1894999985816,2.488899990567006
EngineeringROI_B10,JILONG_EI_0029,1090,B10,195;225;218;57;86;3;60;119;216;66;28;68;35;174;156;90;46;10;161,0.1,19,123,19,0.1335007772357972,21090.0,True,0.7171587505348738,0.0526315789473684,0.4994840041279669,0.0789473684210526,0.3370554255078155,2,19,0,54.59139999584295,5.049599989433773,70.1621000043815,2.9541999974753708
EngineeringROI_B10,JILONG_EI_0029,1100,B10,225;195;74;44;86;217;4;174;41;49;135;68;156;35;161;104;112;10;116,0.1,19,123,19,0.1573845058235253,21090.0,True,0.7389816003423192,0.0526315789473684,0.4788952579468472,0.0789473684210526,0.3373639514143969,2,19,0,54.82869999832474,4.838099994231015,69.83920000493526,2.261200002976693
EngineeringROI_B10,JILONG_EI_0029,1110,B10,225;195;217;74;86;44;10;161;174;3;119;49;68;35;128;206;56;156;5,0.1,19,124,19,0.1434555214371587,21120.0,True,0.7614601018675721,0.0526315789473684,0.4559716599190283,0.0789473684210526,0.3372526772887554,2,19,0,54.33749999792781,4.7322999889729545,70.167699988815,2.257500003906898
EngineeringROI_B10,JILONG_EI_0029,1120,B10,225;195;217;74;86;10;44;3;14;119;174;35;66;156;41;161;68;33;46,0.1,19,124,19,0.1444969408305319,21120.0,True,0.7644312393887944,0.0526315789473684,0.4746963562753036,0.0789473684210526,0.3426766357581298,2,19,0,54.35099999886006,5.942800009506755,70.45339999604039,2.693399990675971
EngineeringROI_B10,JILONG_EI_0029,1130,B10,225;195;58;86;217;10;44;4;174;119;33;35;68;161;206;90;156;66;219,0.1,19,124,19,0.1272446033800185,21120.0,True,0.6816638370118846,0.0526315789473684,0.5416453755748595,0.0789473684210526,0.3387220399887912,2,19,0,56.7970999982208,7.670399994822219,70.45189999917056,3.233899988117628
EngineeringROI_B10,JILONG_EI_0029,1140,B10,225;195;74;217;86;3;10;44;174;119;156;161;68;35;33;41;46;66;219,0.1,19,124,19,0.1436546163211859,21120.0,True,0.7381154499151105,0.0526315789473684,0.5050607287449393,0.0789473684210526,0.3436887815071177,2,19,0,54.0156999923056,4.824800009373576,70.02230000216514,2.3101999977370724
EngineeringROI_B10,JILONG_EI_0029,1150,B10,225;195;217;58;86;3;10;44;119;174;51;156;161;33;90;56;128;88;121,0.1,19,123,19,0.136341708080955,21120.0,True,0.7047496790757382,0.0526315789473684,0.5403508771929824,0.0789473684210526,0.3441698759092854,2,19,0,54.67959999805316,4.925200002617203,71.58579998940695,3.5362000053282827
EngineeringROI_B10,JILONG_EI_0029,1160,B10,225;195;74;217;86;3;44;10;119;174;66;77;161;35;166;68;41;33;128,0.1,19,124,19,0.1571777534439586,21120.0,True,0.8089983022071305,0.0526315789473684,0.4240601503759398,0.0789473684210526,0.3411593499878729,2,19,0,54.47190000268165,4.798100009793416,70.15660000615753,2.43429999682121
EngineeringROI_B10,JILONG_EI_0029,1170,B10,225;195;217;74;86;44;35;119;157;3;49;166;161;84;10;214;46;128;41,0.1,19,124,19,0.1401091958863934,21120.0,True,0.7657045840407471,0.0526315789473684,0.4672897196261681,0.0789473684210526,0.3411433127588341,2,19,0,55.44949999602977,6.27610000083223,70.15400000091176,2.4288999993586917
EngineeringROI_B10,JILONG_EI_0029,1180,B10,225;195;2;217;74;86;135;44;174;156;35;4;161;203;10;49;41;128;104,0.1,19,126,19,0.1358286558798079,21120.0,True,0.7744360902255639,0.0526315789473684,0.4920328343795268,0.0789473684210526,0.3495119679933779,2,19,0,54.10009999468457,5.197699996642768,70.66440000198781,2.4416999949608
EngineeringROI_B10,JILONG_EI_0029,1190,B10,195;240;217;74;86;3;60;119;50;161;68;166;128;46;28;41;157;5;88,0.1,19,125,19,0.1354074936251349,21210.0,True,0.6997894736842105,0.0526315789473684,0.5126705653021443,0.0789473684210526,0.3360097465886939,2,19,0,55.90249999659136,7.446200004778802,70.46689999697264,2.344799999264069
EngineeringROI_B10,JILONG_EI_0029,1200,B10,225;195;217;58;3;10;86;44;128;35;119;174;176;66;206;156;90;56;219,0.1,19,125,19,0.1295495095374107,21210.0,True,0.704421052631579,0.0526315789473684,0.5823586744639376,0.0789473684210526,0.3545896686159844,2,19,0,55.811300000641495,5.000800010748208,72.3091999971075,3.715300001204014
EngineeringROI_B10,JILONG_EI_0029,1210,B10,225;195;2;58;128;217;86;10;119;176;50;44;174;206;90;20;147;149;235,0.1,19,126,19,0.1129633741988345,21210.0,True,0.6929824561403508,0.0526315789473684,0.5755360623781677,0.0789473684210526,0.3500243664717349,2,19,0,55.594900011783466,5.675599997630343,70.67849999293685,2.383300001383759
EngineeringROI_B10,JILONG_EI_0029,1220,B10,225;195;217;128;3;57;86;44;161;135;49;174;35;10;90;147;46;77;104,0.1,19,124,19,0.134611114089026,21210.0,True,0.7143463497453313,0.0526315789473684,0.548582995951417,0.0789473684210526,0.3486270732662923,2,19,0,56.4932000124827,5.295099996146746,70.97369999974035,2.3421999940183014
EngineeringROI_B10,JILONG_EI_0029,1230,B10,225;195;128;58;217;86;3;44;49;174;119;161;156;68;147;35;90;166;199,0.1,19,124,19,0.1270761384781493,21210.0,True,0.750848896434635,0.0526315789473684,0.4989878542510122,0.0789473684210526,0.345353924513517,2,19,0,55.1502000016626,4.994100003386848,73.49369999428745,2.547200012486428
EngineeringROI_B10,JILONG_EI_0029,1240,B10,225;195;2;74;128;217;86;10;49;44;46;41;119;51;174;161;105;147;214,0.1,19,125,19,0.1356525334823992,21210.0,True,0.7372631578947368,0.0526315789473684,0.5169359041167274,0.0789473684210526,0.3464445023449714,2,19,0,55.37719999847468,5.28420000046026,69.85450000502169,2.2841000027256086
EngineeringROI_B10,JILONG_EI_0029,1250,B10,225;195;3;217;128;86;57;66;44;119;10;174;166;68;46;35;161;156;90,0.1,19,124,19,0.1309355162300618,21210.0,True,0.7576400679117148,0.0526315789473684,0.5121052631578946,0.0789473684210526,0.3503310696095076,2,19,0,55.61010001110844,7.493900004192255,72.11589999496937,3.2725999917602167
EngineeringROI_B10,JILONG_EI_0029,1260,B10,225;195;2;217;57;86;119;174;60;49;128;166;147;10;161;35;90;203;156,0.1,19,125,19,0.1044865266365982,21210.0,True,0.7545263157894737,0.0526315789473684,0.4958720330237358,0.0789473684210526,0.3454943240454076,2,19,0,55.07149999903049,5.233899995801039,73.84460000321269,3.6665999941760674
EngineeringROI_B10,JILONG_EI_0029,1270,B10,195;225;3;217;57;86;135;44;10;128;66;174;161;104;147;35;46;166;90,0.1,19,123,19,0.1183159635809512,21210.0,True,0.7317073170731707,0.0526315789473684,0.5539343408025013,0.0789473684210526,0.3543051513110232,2,19,0,61.41149999166373,9.706400000141002,72.3059000010835,2.30389999342151
EngineeringROI_B10,JILONG_EI_0029,1280,B10,225;195;57;217;86;44;3;119;128;161;35;10;166;157;49;68;46;219;100,0.1,19,122,19,0.1315787458553805,21210.0,True,0.7273511647972389,0.0526315789473684,0.5212059274399591,0.0789473684210526,0.3450340099014048,2,19,0,54.8685999965528,4.964399995515123,70.48029999714345,2.383600003668107
EngineeringROI_B10,JILONG_EI_0029,1290,B10,225;195;2;74;218;86;135;41;10;44;216;161;84;35;112;104;166;49;174,0.1,19,124,19,0.1323291804182524,21240.0,True,0.7249575551782683,0.0526315789473684,0.5622233152975898,0.0789473684210526,0.3546899544610698,2,19,0,55.51089999789838,6.988900000578724,71.66709999728482,3.2171000057132915
EngineeringROI_B10,JILONG_EI_0029,1300,B10,225;195;3;57;217;86;219;161;119;44;51;10;112;46;156;174;49;199;165,0.1,19,123,19,0.1252153670620487,21240.0,True,0.7043217800599058,0.0526315789473684,0.548076923076923,0.0789473684210526,0.3459944126263125,2,19,0,54.35959999158513,5.617800008621998,70.74379999539815,2.2917000023880973
EngineeringROI_B10,JILONG_EI_0029,1310,B10,225;195;2;218;58;86;128;119;66;216;44;56;174;46;10;161;68;156;90,0.1,19,123,19,0.1447955831565728,21240.0,True,0.7325631151048353,0.0526315789473684,0.5409919028340081,0.0789473684210526,0.3512834913268161,2,19,0,55.94369999016635,5.160200002137572,72.7649000036763,3.4398000134387985
EngineeringROI_B10,JILONG_EI_0029,1320,B10,225;195;3;57;217;86;135;44;10;50;161;104;46;174;206;199;128;90;156,0.1,19,123,19,0.1184001960318858,21240.0,True,0.7021822849807445,0.0526315789473684,0.5314256515074094,0.0789473684210526,0.3412967209641437,2,19,0,54.91360000451096,5.616399997961707,70.20050000573974,2.3027999995974824
EngineeringROI_B10,JILONG_EI_0029,1330,B10,225;195;74;217;86;10;3;128;41;44;174;134;66;161;104;219;35;199;156,0.1,19,123,19,0.1370691701572083,21240.0,True,0.7492511767222937,0.0526315789473684,0.4951456310679611,0.0789473684210526,0.3439939387896689,2,19,0,55.56090000027325,4.937699995934963,70.11260000581387,3.2873999880393967
EngineeringROI_B10,JILONG_EI_0029,1340,B10,225;195;3;57;217;86;128;135;46;161;44;203;84;104;49;157;165;235;10,0.1,19,122,19,0.1226424485607737,21270.0,True,0.6824849007765316,0.0526315789473684,0.577429149797571,0.0789473684210526,0.3478732494856308,2,19,0,54.55019998771604,5.612299995846115,69.72299999324605,2.2898999886820093
EngineeringROI_B10,JILONG_EI_0029,1350,B10,225;195;217;3;86;57;44;161;46;174;77;10;135;51;104;219;166;49;128,0.1,19,123,19,0.1381641920193581,21300.0,True,0.7364142062473256,0.0526315789473684,0.5104752171691365,0.0789473684210526,0.3446170926962207,2,19,0,55.04750000545755,4.808400000911206,70.54929999867454,2.594500008854084
EngineeringROI_B10,JILONG_EI_0029,1360,B10,225;195;2;218;128;57;86;161;44;174;4;216;46;66;104;135;156;35;206,0.1,19,124,19,0.1267392086744109,21330.0,True,0.7050084889643464,0.0526315789473684,0.5588972431077694,0.0789473684210526,0.3488711698601341,2,19,0,54.06989999755751,4.779500013682991,71.2035000033211,2.754600005573593
EngineeringROI_B10,JILONG_EI_0029,1370,B10,195;2;225;57;217;46;86;203;10;161;128;60;174;49;135;199;104;229;68,0.1,19,124,19,0.1092801188443307,21360.0,True,0.732597623089983,0.0350877192982456,0.5536437246963563,0.0789473684210526,0.3500691088764094,2,19,0,56.67380000522826,5.171299999346957,71.47290000284556,3.174500001478009
EngineeringROI_B10,JILONG_EI_0029,1380,B10,195;3;225;74;217;86;174;44;41;10;135;128;46;161;66;219;199;104;156,0.1,19,123,19,0.1357291084377943,21390.0,True,0.7620881471972614,0.0350877192982456,0.5421563617782321,0.0789473684210526,0.3545698991736979,2,19,0,55.58529999689199,4.695599986007437,69.93430000147782,2.753900000243448
EngineeringROI_B10,JILONG_EI_0029,1390,B10,195;58;225;218;128;86;3;135;46;174;44;216;161;51;49;104;10;56;164,0.1,19,122,19,0.1612898285486748,21390.0,True,0.763157894736842,0.0350877192982456,0.5022994379151763,0.0789473684210526,0.3448731050928291,2,19,0,53.96799999289215,4.601599997840822,70.7366999995429,2.277000006870366
EngineeringROI_B10,JILONG_EI_0029,1400,B10,195;2;192;240;217;86;57;128;4;44;161;203;157;49;46;199;105;10;235,0.1,19,123,19,0.1136831787795483,21390.0,True,0.7034659820282414,0.0526315789473684,0.5592105263157894,0.0789473684210526,0.348563863928113,2,19,0,54.18189999181777,5.49749999481719,69.80250000196975,2.2256999945966527
EngineeringROI_B10,JILONG_EI_0029,1410,B10,195;225;3;217;58;86;161;128;44;174;77;199;84;49;104;229;10;165;156,0.1,19,123,19,0.1407677405027911,21390.0,True,0.7145913564398803,0.0526315789473684,0.5180598555211557,0.0789473684210526,0.3410575398323642,2,19,0,55.93899999803398,4.83449999592267,71.99820000096224,2.890299991122447
EngineeringROI_B10,JILONG_EI_0029,1420,B10,195;225;3;58;217;219;86;128;44;161;174;66;135;199;156;104;46;10;36,0.1,19,124,19,0.1261342665267897,21390.0,True,0.7308998302207131,0.0526315789473684,0.5268218623481781,0.0789473684210526,0.347325159984328,2,19,0,54.83800001093186,4.836499996599741,70.60300000011921,2.966000000014901
EngineeringROI_B10,JILONG_EI_0029,1430,B10,195;225;2;217;57;86;203;174;49;112;161;10;35;60;104;156;135;46;199,0.1,19,123,19,0.1079247421338377,21390.0,True,0.7646555412922551,0.0526315789473684,0.4942105263157895,0.0789473684210526,0.3476112537441164,2,19,0,55.54159999883268,4.980099998647347,71.0150000086287,2.6031000015791506
EngineeringROI_B10,JILONG_EI_0029,1440,B10,195;225;3;217;58;86;174;44;10;161;128;219;35;166;49;199;213;185;104,0.1,19,125,19,0.1268693860985826,21390.0,True,0.7212631578947368,0.0526315789473684,0.5320479416362689,0.0789473684210526,0.3462225117248567,2,19,0,54.66490000253543,4.669900008593686,71.15209999028593,2.352800001972355
EngineeringROI_B10,JILONG_EI_0039,10,B10,78;128;106;195;84;202;235;192;206;66;46;44;4;232;119;33;86;13;10,0.1,19,128,19,0.105191016226233,,False,0.71875,0.0,0.7221967963386727,0.0701754385964912,0.3777805587337909,2,19,0,54.41029999929015,5.551299997023307,70.35340000584256,2.2250000038184226
EngineeringROI_B10,JILONG_EI_0039,20,B10,86;77;128;13;235;202;232;90;66;192;44;195;10;157;57;20;46;104;206,0.1,19,126,19,0.1121899671493441,0.0,True,0.6842105263157895,0.0526315789473684,0.6865189289012004,0.0701754385964912,0.3733841181902124,2,19,0,55.74649998743553,4.876200007856824,70.48639999993611,2.2706000017933547
EngineeringROI_B10,JILONG_EI_0039,30,B10,77;86;74;13;105;112;119;235;49;27;195;68;99;201;232;157;46;177;4,0.1,19,126,19,0.1237527854140025,1560.0,True,0.6766917293233083,0.0394736842105263,0.6869806094182827,0.0701754385964912,0.3683303653871521,2,19,0,54.233200004091486,4.687100008595735,70.54559999960475,2.215300002717413
EngineeringROI_B10,JILONG_EI_0039,40,B10,195;77;84;29;112;106;50;74;251;119;155;20;26;201;203;88;174;192;86,0.1,19,126,19,0.1108422479343905,13980.0,True,0.7013366750208855,0.0526315789473684,0.7074442863916548,0.0701754385964912,0.3828969947391,2,19,0,54.54900000768248,4.909000010229647,70.09890000335872,2.5461999903200194
EngineeringROI_B10,JILONG_EI_0039,50,B10,195;61;13;58;121;50;69;5;158;206;19;112;156;177;119;203;27;201;25,0.1,19,124,19,0.1257360767587353,14790.0,True,0.6850594227504244,0.0526315789473684,0.6934697855750487,0.087719298245614,0.3797200213796139,2,19,0,54.20499999308959,4.696100004366599,69.64190000144299,2.435900009004399
EngineeringROI_B10,JILONG_EI_0039,60,B10,195;61;58;66;91;134;206;158;10;28;235;120;4;34;203;217;93;69;172,0.1,19,121,19,0.0956574342795445,14790.0,True,0.6598521096128752,0.0526315789473684,0.6981132075471698,0.087719298245614,0.3745790485882568,2,19,0,55.47709998791106,6.9565000012516975,72.4052000005031,2.971100009744987
EngineeringROI_B10,JILONG_EI_0039,70,B10,195;60;218;57;49;91;29;3;156;128;104;35;158;27;70;93;206;186;177,0.1,19,123,19,0.109509843710516,14850.0,True,0.6970474967907574,0.0526315789473684,0.6492914979757085,0.0526315789473684,0.3629005381653007,1,19,0,56.2153000064427,4.857000007177703,71.25730000552721,3.04689999029506
EngineeringROI_B10,JILONG_EI_0039,80,B10,195;44;219;128;57;91;217;121;135;46;156;77;66;206;186;71;102;14;33,0.1,19,123,19,0.1199852976085641,14850.0,True,0.6876337184424477,0.0526315789473684,0.7000510986203373,0.0526315789473684,0.3732369937393804,1,19,0,54.164499990292825,5.986999996821396,69.79270000010729,2.222700000857003
EngineeringROI_B10,JILONG_EI_0039,90,B10,195;44;57;33;156;206;217;91;235;51;120;77;203;174;170;23;89;229;112,0.1,19,120,19,0.1053365086414837,15060.0,True,0.6618421052631579,0.0526315789473684,0.664876476906552,0.0526315789473684,0.3579954350161117,1,19,0,55.39010000939015,6.173999994643964,69.86089999554679,2.234499988844618
EngineeringROI_B10,JILONG_EI_0039,100,B10,195;28;61;58;90;219;33;155;206;121;217;26;100;252;185;4;36;158;133,0.1,19,119,19,0.1322143179851597,15060.0,True,0.6554621848739496,0.0526315789473684,0.7389686337054758,0.0526315789473684,0.3749234941185405,1,19,0,54.42330001096707,4.711800007498823,70.08170000335667,2.6625000027706847
EngineeringROI_B10,JILONG_EI_0039,110,B10,195;28;57;185;60;217;206;33;235;155;91;121;20;119;26;176;203;158;94,0.1,19,118,19,0.1135759738419952,15060.0,True,0.724799286351472,0.0526315789473684,0.6945198046663049,0.0526315789473684,0.3811455622281284,1,19,0,55.05840000114404,6.476499998825602,70.2612000022782,2.2719999979017302
EngineeringROI_B10,JILONG_EI_0039,120,B10,195;27;235;61;206;74;156;202;135;88;41;33;29;66;69;213;106;233;174,0.1,19,118,19,0.1217541790781906,15060.0,True,0.6503122212310436,0.0526315789473684,0.7028508771929826,0.087719298245614,0.3733784939042521,2,19,0,55.50329999823589,6.544000003486872,71.76539998908993,3.02689999807626
EngineeringROI_B10,JILONG_EI_0039,130,B10,195;27;235;202;45;58;104;90;155;112;174;50;69;216;213;101;40;77;135,0.1,19,118,19,0.150217089998545,15060.0,True,0.6748438893844781,0.0526315789473684,0.698060941828255,0.087719298245614,0.3783139271014288,2,19,0,54.088899996713735,5.272099995636381,70.07919999887235,2.293400000780821
EngineeringROI_B10,JILONG_EI_0039,140,B10,195;27;61;58;69;202;90;155;104;235;174;216;50;112;213;4;25;94;165,0.1,19,118,19,0.1339985144458653,15240.0,True,0.7136485280999108,0.0526315789473684,0.658166033640803,0.087719298245614,0.378041359733424,2,19,0,54.36829999962356,5.066600002464838,70.45700000890065,2.228499986813404
EngineeringROI_B10,JILONG_EI_0039,150,B10,195;27;58;219;106;217;61;155;174;69;185;32;103;215;112;29;50;213;56,0.1,19,118,19,0.1292355522202908,15240.0,True,0.6320249776984834,0.0526315789473684,0.6587086272381986,0.087719298245614,0.3577711205324161,2,19,0,56.08920000668149,5.187900009332225,70.0347999954829,2.2338999988278374
EngineeringROI_B10,JILONG_EI_0039,160,B10,195;26;106;217;219;74;185;28;119;77;155;69;50;215;177;88;174;229;206,0.1,19,118,19,0.121624001654019,15240.0,True,0.6168599464763604,0.0526315789473684,0.6796830786644029,0.087719298245614,0.3592234755834365,2,19,0,54.22629999520723,6.045100002666004,70.6417000037618,2.523800008930266
EngineeringROI_B10,JILONG_EI_0039,170,B10,195;26;57;106;219;217;29;185;61;156;86;119;174;88;50;55;213;94;112,0.1,19,117,19,0.1525219961559372,15240.0,True,0.666216824111561,0.0526315789473684,0.6171197223828803,0.0789473684210526,0.3537288734657156,2,19,0,54.61259999719914,7.213399992906488,70.16750000184402,2.25279999722261
EngineeringROI_B10,JILONG_EI_0039,180,B10,195;26;57;106;218;28;185;86;50;156;77;119;174;20;88;213;161;52;100,0.1,19,117,19,0.1511589619499046,15240.0,True,0.641025641025641,0.0526315789473684,0.5972797161442933,0.0789473684210526,0.3424710761345889,2,19,0,55.12279999675229,4.785900004208088,70.26049999694806,2.701200006413273
EngineeringROI_B10,JILONG_EI_0039,190,B10,195;25;57;105;202;45;49;27;86;77;91;13;170;232;156;158;35;252;213,0.1,19,119,19,0.151495891753643,15240.0,True,0.6846528084918179,0.0526315789473684,0.6408991228070176,0.0789473684210526,0.3642827196668141,2,19,0,54.90200000349432,4.912200005492196,70.99929999094456,2.438600000459701
EngineeringROI_B10,JILONG_EI_0039,200,B10,195;25;57;106;202;45;50;200;77;155;86;88;174;252;232;27;55;134;20,0.1,19,120,19,0.1472995841979922,15240.0,True,0.6833333333333332,0.0526315789473684,0.6153011394465545,0.0789473684210526,0.3575533550370771,2,19,0,55.323700013104826,4.803899995749816,71.5009999985341,3.2691999949747697
EngineeringROI_B10,JILONG_EI_0039,210,B10,195;41;10;90;201;28;155;49;88;235;86;174;77;232;214;135;52;133;177,0.1,19,119,19,0.1523918187317655,15240.0,True,0.6678460858027422,0.0526315789473684,0.6254199328107503,0.0789473684210526,0.3562112414954784,2,19,0,54.66939999314491,5.138299995451234,70.46430000627879,2.2759999992558733
EngineeringROI_B10,JILONG_EI_0039,220,B10,195;57;10;105;201;219;155;49;28;86;214;232;157;24;77;112;135;20;133,0.1,19,119,19,0.1443744209018998,15240.0,True,0.7182662538699689,0.0526315789473684,0.5953947368421053,0.0789473684210526,0.3613099845201238,2,19,0,54.879999996046536,5.389700003433973,70.16350000048988,2.3345999943558127
EngineeringROI_B10,JILONG_EI_0039,230,B10,195;40;58;10;217;219;106;155;50;28;86;88;185;157;61;215;93;120;165,0.1,19,119,19,0.1434172339594612,15240.0,True,0.7103051747014595,0.0526315789473684,0.6342919153553989,0.0789473684210526,0.3690440093563198,2,19,0,54.954999999608845,8.484899997711182,71.22670000535436,2.5796999980229884
EngineeringROI_B10,JILONG_EI_0039,240,B10,195;10;58;217;219;40;89;29;49;86;155;185;77;120;35;112;157;206;91,0.1,19,119,19,0.1209577995420817,15240.0,True,0.6899601946041575,0.0526315789473684,0.6391752577319587,0.0789473684210526,0.3651785999261343,2,19,0,54.65879999974277,4.657900004531257,70.67480000841897,2.246700008981861
EngineeringROI_B10,JILONG_EI_0039,250,B10,195;10;58;89;217;49;29;235;86;206;155;77;135;174;185;40;177;112;51,0.1,19,119,19,0.1240207977578853,15270.0,True,0.6961521450685537,0.0526315789473684,0.582202930005426,0.0789473684210526,0.3524835056106002,2,19,0,54.48629999591503,4.948400004650466,72.49669999873731,3.024400008143857
EngineeringROI_B10,JILONG_EI_0039,260,B10,195;57;10;105;217;49;29;86;61;174;35;135;128;206;235;177;24;155;94,0.1,19,119,19,0.1186988383579266,15270.0,True,0.680672268907563,0.0526315789473684,0.580043859649123,0.0789473684210526,0.3480737689812767,2,19,0,54.56290001166053,6.655899996985681,71.02639999357052,3.178200000547804
EngineeringROI_B10,JILONG_EI_0039,270,B10,195;219;57;104;217;49;10;90;28;61;86;94;174;177;206;155;24;128;55,0.1,19,119,19,0.1426055394322732,15270.0,True,0.7253427686864219,0.0526315789473684,0.5638353309015113,0.0789473684210526,0.3551892617390885,2,19,0,54.870499996468425,5.868299995199777,70.26089999999385,2.221799994003959
EngineeringROI_B10,JILONG_EI_0039,280,B10,195;58;219;105;23;10;217;49;28;86;61;94;206;174;177;155;20;56;128,0.1,19,120,19,0.1326507952309117,15270.0,True,0.7179824561403509,0.0526315789473684,0.559666492965086,0.0789473684210526,0.3523069741184644,2,19,0,54.02549999416806,7.097900001099333,69.85770000028424,2.212299994425848
EngineeringROI_B10,JILONG_EI_0039,290,B10,195;58;23;10;89;29;218;86;49;61;94;206;35;174;177;200;213;155;55,0.1,19,120,19,0.1339908569503258,15270.0,True,0.6951754385964911,0.0526315789473684,0.5635300372142478,0.0789473684210526,0.3475711057947899,2,19,0,55.30170000565704,5.472200005897321,70.81550000293646,2.578200001153164
EngineeringROI_B10,JILONG_EI_0039,300,B10,195;57;219;88;29;10;201;23;90;34;86;66;233;94;61;206;177;213;158,0.1,19,121,19,0.1211109494528719,15270.0,True,0.6546324488908221,0.0526315789473684,0.6739908022483392,0.0789473684210526,0.3650505496268956,2,19,0,54.47020000428893,4.7015000018291175,70.03240000631195,3.365299999131821
EngineeringROI_B10,JILONG_EI_0039,310,B10,195;58;88;201;35;90;29;86;10;233;77;158;49;128;206;40;177;235;213,0.1,19,121,19,0.1295188795552526,15270.0,True,0.6398434101783385,0.0526315789473684,0.6252631578947367,0.0789473684210526,0.349171378860374,2,19,0,54.9343000020599,5.136099993251264,70.12239999312442,2.26459999976214
EngineeringROI_B10,JILONG_EI_0039,320,B10,195;58;105;29;218;34;86;128;10;61;66;158;93;20;23;206;32;135;177,0.1,19,121,19,0.1022964829122987,15270.0,True,0.6846454980426272,0.0526315789473684,0.5804953560371517,0.0789473684210526,0.34917995036205,2,19,0,54.2445999890333,5.353200001991354,70.3637999977218,2.25499999942258
EngineeringROI_B10,JILONG_EI_0039,330,B10,195;58;29;105;35;201;86;61;128;25;66;158;4;27;33;94;135;206;235,0.1,19,120,19,0.1518021915752234,15270.0,True,0.6714912280701754,0.0526315789473684,0.6,0.0789473684210526,0.3507675438596492,2,19,0,54.20490000688005,4.922400010400452,70.38879999890924,2.393899994785897
EngineeringROI_B10,JILONG_EI_0039,340,B10,195;41;219;33;29;86;74;35;201;88;128;251;61;10;66;158;106;172;94,0.1,19,120,19,0.1262644439509614,15270.0,True,0.6508771929824562,0.0526315789473684,0.67,0.0789473684210526,0.3631140350877193,2,19,0,54.914500011364,4.800800001248717,69.93909999437165,2.4209000112023205
EngineeringROI_B10,JILONG_EI_0039,350,B10,195;57;13;34;86;90;201;251;61;128;172;88;158;79;20;27;25;120;32,0.1,19,119,19,0.1426208544233523,15270.0,True,0.6364440513047324,0.0526315789473684,0.6289207868155237,0.0789473684210526,0.3492359463721693,2,19,0,54.33679999259766,4.900600004475564,69.88300000375602,2.376200005528517
EngineeringROI_B10,JILONG_EI_0039,360,B10,195;58;219;29;34;86;251;120;217;172;90;128;61;206;10;158;79;23;66,0.1,19,119,19,0.0995014970403779,15270.0,True,0.6634232640424591,0.0526315789473684,0.6438426162493613,0.0789473684210526,0.3597112069150603,2,19,0,55.05320000520442,5.09299999976065,69.97149999369867,2.436099995975382
EngineeringROI_B10,JILONG_EI_0039,370,B10,195;58;219;217;35;13;86;251;120;128;90;61;172;4;25;206;158;66;27,0.1,19,120,19,0.1267162361877924,15270.0,True,0.6570175438596492,0.0526315789473684,0.6126724578436383,0.0789473684210526,0.3503172372679271,2,19,0,54.28649998793844,5.537600009120069,69.73430000653025,2.382999999099411
EngineeringROI_B10,JILONG_EI_0039,380,B10,195;58;34;29;86;105;251;206;217;119;61;128;172;10;174;20;24;66;203,0.1,19,119,19,0.0984753926380837,15270.0,True,0.6559044670499778,0.0526315789473684,0.5768833849329206,0.0789473684210526,0.3410916998378299,2,19,0,54.99319999944419,4.90120000904426,70.14589999744203,3.0221000051824376
EngineeringROI_B10,JILONG_EI_0039,390,B10,195;58;29;86;35;105;201;174;61;235;119;128;27;32;25;206;232;4;66,0.1,19,119,19,0.1313566784847347,15270.0,True,0.6576735957540911,0.0526315789473684,0.5891670924885027,0.0789473684210526,0.3446049089027537,2,19,0,54.48659999819938,4.871000011917204,70.01049999962561,2.555099999881349
EngineeringROI_B10,JILONG_EI_0039,400,B10,195;58;35;29;86;201;105;174;235;61;27;119;232;40;49;128;206;192;155,0.1,19,119,19,0.1351241662901731,15270.0,True,0.6271561256081379,0.0526315789473684,0.5992704533611256,0.0789473684210526,0.3395013815844211,2,19,0,54.41919999429956,5.600900010904297,70.15020000108052,2.441799995722249
EngineeringROI_B10,JILONG_EI_0039,410,B10,195;58;35;13;86;206;218;46;90;44;174;104;77;66;128;25;135;155;133,0.1,19,119,19,0.1446424332457826,15270.0,True,0.6612118531623176,0.0526315789473684,0.5836842105263158,0.0789473684210526,0.3441187527642635,2,19,0,55.08170000393875,4.817599998204969,69.91330000164453,2.272700003231876
EngineeringROI_B10,JILONG_EI_0039,420,B10,195;58;35;86;29;104;201;61;235;90;174;25;66;4;27;192;170;112;148,0.1,19,119,19,0.1607002013921327,15270.0,True,0.6032728881026095,0.0526315789473684,0.6135034556087188,0.0789473684210526,0.3370888227699373,2,19,0,56.639499991433695,6.885599999804981,71.64399999601301,2.3435000039171427
EngineeringROI_B10,JILONG_EI_0039,430,B10,195;58;86;34;235;29;61;201;105;174;112;206;119;66;170;4;32;27;40,0.1,19,119,19,0.1404461256901318,15270.0,True,0.653250773993808,0.0526315789473684,0.6052631578947368,0.0789473684210526,0.3475232198142414,2,19,0,56.792700008372776,4.76630000048317,71.9262000056915,2.504199990653433
EngineeringROI_B10,JILONG_EI_0039,440,B10,195;58;34;86;29;235;174;61;217;90;120;20;128;25;27;66;88;192;170,0.1,19,119,19,0.1345345391336309,15270.0,True,0.6191950464396286,0.0526315789473684,0.6090225563909775,0.0789473684210526,0.3399491375497567,2,19,0,55.24339999828953,4.76179999532178,70.50119999621529,2.3194999957922846
EngineeringROI_B10,JILONG_EI_0039,450,B10,195;58;86;29;105;35;61;218;174;128;119;4;27;49;40;216;192;206;161,0.1,19,119,19,0.1345192241425519,15270.0,True,0.6262715612560814,0.0526315789473684,0.5827455236028216,0.0789473684210526,0.3351490080568309,2,19,0,54.64100000972394,5.722499990952201,70.4459999979008,2.235300009488128
EngineeringROI_B10,JILONG_EI_0039,460,B10,195;58;35;86;29;106;174;218;120;61;27;216;206;23;66;128;25;192;56,0.1,19,119,19,0.1438001087364366,15270.0,True,0.6912870411322425,0.0526315789473684,0.5187194791101465,0.0789473684210526,0.3353963669027024,2,19,0,55.20040000556037,4.736400005640462,70.08520000090357,2.6559000107226893
EngineeringROI_B10,JILONG_EI_0039,470,B10,195;58;35;86;14;60;174;201;105;46;235;23;28;119;25;32;66;78;4,0.1,19,119,19,0.1356219035002412,15270.0,True,0.6797877045555064,0.0526315789473684,0.5617615467239527,0.0789473684210526,0.34328204966197,2,19,0,55.69880000257399,6.424699997296557,70.24859999364708,2.2065999946789816
EngineeringROI_B10,JILONG_EI_0039,480,B10,195;58;35;86;112;29;217;77;174;119;235;27;90;3;24;68;170;88;161,0.1,19,119,19,0.132413412869187,15270.0,True,0.6103494029190624,0.0526315789473684,0.6142159522517635,0.0789473684210526,0.3390360756348117,2,19,0,57.02710000332445,5.365799996070564,70.46430000627879,2.2232000046642497
EngineeringROI_B10,JILONG_EI_0039,490,B10,195;219;58;35;86;112;29;201;106;174;77;119;25;192;49;232;206;27;4,0.1,19,119,19,0.1239135928203321,15270.0,True,0.6072534276868643,0.0526315789473684,0.6332067281606077,0.0789473684210526,0.3430097758039732,2,19,0,55.862199995317496,4.643100008252077,70.19949999812525,2.994299997226335
EngineeringROI_B10,JILONG_EI_0039,500,B10,195;58;35;86;29;77;201;112;49;157;88;235;135;232;90;27;25;23;192,0.1,19,119,19,0.135047591334778,15270.0,True,0.6169836355594869,0.0526315789473684,0.5908844275637547,0.0789473684210526,0.3348617526229157,2,19,0,54.23600001086015,4.651399998692796,70.48959999519866,2.287600000272505
EngineeringROI_B10,JILONG_EI_0039,510,B10,195;219;58;35;29;86;77;157;201;23;66;32;119;27;25;192;88;128;170,0.1,19,119,19,0.1425136494857991,15270.0,True,0.6594427244582043,0.0526315789473684,0.5730397422126746,0.0789473684210526,0.341015353509825,2,19,0,54.930400001467206,4.930399998556823,70.1279000059003,2.249099998152815
EngineeringROI_B10,JILONG_EI_0039,520,B10,195;219;58;35;86;29;60;157;119;32;5;25;217;78;27;128;170;206;88,0.1,19,120,19,0.1465032046618833,15270.0,True,0.6916666666666667,0.0526315789473684,0.562793121417405,0.0789473684210526,0.3465096838631231,2,19,0,54.35900000156835,5.769399998825975,70.06690000707749,3.3536000119056557
EngineeringROI_B10,JILONG_EI_0039,530,B10,195;219;58;35;86;13;44;119;78;147;72;128;157;46;25;3;206;66;201,0.1,19,122,19,0.1400402784265378,15270.0,True,0.636755823986195,0.0526315789473684,0.6388744137571651,0.0789473684210526,0.3518022962779453,2,19,0,55.47609999484848,5.196799989789724,69.93369999690913,2.413800000795163
EngineeringROI_B10,JILONG_EI_0039,540,B10,195;219;58;35;86;147;29;119;61;217;72;32;27;174;24;161;90;3;170,0.1,19,122,19,0.1241126877043594,16890.0,True,0.6738567730802415,0.0,0.6166150670794633,0.0789473684210526,0.3423548021451894,2,19,0,55.85750000318512,4.721799996332265,72.0902000030037,2.8359999996609986
EngineeringROI_B10,JILONG_EI_0039,550,B10,195;219;58;51;86;29;217;147;174;119;72;61;27;25;20;161;90;170;206,0.1,19,122,19,0.1379114946665543,16890.0,True,0.6652286453839517,0.0,0.6114551083591331,0.0789473684210526,0.3389077805410344,2,19,0,55.18159999337513,5.721599998651072,69.95760000427254,2.3668000067118555
EngineeringROI_B10,JILONG_EI_0039,560,B10,195;58;35;218;29;86;147;174;60;119;32;27;3;68;78;25;161;206;128,0.1,19,122,19,0.145867632532104,16890.0,True,0.7118205349439171,0.0,0.556539864512767,0.0789473684210526,0.3368269419694342,2,19,0,58.18730000464711,5.5662999948253855,69.85099999292288,2.56239999725949
EngineeringROI_B10,JILONG_EI_0039,570,B10,195;35;219;41;147;74;86;174;78;44;119;217;3;128;88;32;46;13;161,0.1,19,122,19,0.1258815691739859,16950.0,True,0.6522864538395169,0.0,0.6573787409700722,0.0789473684210526,0.3471531408076604,2,19,0,54.25149999791756,5.355100001906976,71.34779999614693,2.7086000045528635
EngineeringROI_B10,JILONG_EI_0039,580,B10,195;74;218;35;86;147;41;29;78;174;3;32;128;60;119;105;27;192;66,0.1,19,122,19,0.131149926105168,16950.0,True,0.6980155306298533,0.0,0.5933952528379773,0.0789473684210526,0.3425895379722208,2,19,0,54.58129999169614,4.729299995233305,70.17760000599083,2.2349000064423308
EngineeringROI_B10,JILONG_EI_0039,590,B10,195;35;58;218;86;44;147;78;174;3;32;206;66;25;13;192;128;135;161,0.1,19,122,19,0.1343813892228408,16950.0,True,0.681190681622088,0.0,0.5841073271413828,0.0789473684210526,0.3360613442961309,2,19,0,54.60970000422094,4.76850000268314,70.20669999474194,2.5808999926084653
EngineeringROI_B10,JILONG_EI_0039,600,B10,195;35;219;78;44;86;58;217;174;147;4;32;13;192;90;170;46;10;156,0.1,19,122,19,0.1200542150684197,16950.0,True,0.6440897325280415,0.0,0.6341338783852836,0.0789473684210526,0.3392927448335944,2,19,0,54.18720000307076,4.793400003109127,70.44989999849349,2.2541999933309853
EngineeringROI_B10,JILONG_EI_0039,610,B10,195;35;219;78;86;41;29;74;201;147;174;3;5;32;135;60;27;66;165,0.1,19,122,19,0.142360499575009,16950.0,True,0.7018981880931837,0.0,0.5884210526315791,0.0789473684210526,0.3423166522864539,2,19,0,54.920900001889095,5.193400007556193,69.89260000409558,2.249600001960061
EngineeringROI_B10,JILONG_EI_0039,620,B10,195;51;44;58;86;218;240;78;147;174;3;32;192;46;161;25;135;90;206,0.1,19,123,19,0.1538697153708908,22260.0,True,0.6379974326059049,0.0526315789473684,0.5915789473684211,0.0789473684210526,0.3402888318356868,2,19,0,54.30109999724664,5.353599990485236,69.81770000129472,2.3969000030774623
EngineeringROI_B10,JILONG_EI_0039,630,B10,195;35;44;240;58;86;218;78;147;3;174;46;105;32;68;25;91;171;161,0.1,19,123,19,0.1647586740280723,22260.0,True,0.6700898587933247,0.0526315789473684,0.5763157894736842,0.0789473684210526,0.3444961489088575,2,19,0,56.6843999986304,4.7187000018311664,70.15320000937209,2.282900008140132
EngineeringROI_B10,JILONG_EI_0039,640,B10,195;84;35;218;240;44;58;86;78;3;105;46;32;157;5;128;66;25;171,0.1,19,124,19,0.1598195894050891,22260.0,True,0.6842105263157896,0.0526315789473684,0.5958099131323454,0.0789473684210526,0.352899846704139,2,19,0,54.03309999383055,4.766800004290417,70.23800000024494,2.2343000018736348
EngineeringROI_B10,JILONG_EI_0039,650,B10,195;84;218;35;240;44;86;58;78;3;105;147;157;32;128;46;25;56;171,0.1,19,124,19,0.1711909702812598,22260.0,True,0.7126485568760611,0.0526315789473684,0.5620848237097599,0.0789473684210526,0.3515780819885605,2,19,0,54.38790000334848,4.782399992109276,69.96670000080485,2.664900006493553
EngineeringROI_B10,JILONG_EI_0039,660,B10,195;84;51;44;240;58;86;201;3;78;203;147;32;157;46;128;170;10;88,0.1,19,124,19,0.1521620938655803,22260.0,True,0.6799660441426146,0.0526315789473684,0.5915991902834009,0.0789473684210526,0.3507860454486091,2,19,0,54.83039999671746,7.6945000037085265,70.46629999240395,2.2290999913821
EngineeringROI_B10,JILONG_EI_0039,670,B10,195;84;35;219;44;58;240;86;201;78;147;3;10;32;105;116;174;5;46,0.1,19,124,19,0.1462351923180004,22260.0,True,0.7147707979626486,0.0526315789473684,0.5986842105263157,0.0789473684210526,0.3612584889643463,2,19,0,55.46889999823179,4.802299998118542,71.16279999900144,2.249700002721511
EngineeringROI_B10,JILONG_EI_0039,680,B10,195;84;219;58;35;44;240;86;217;3;147;174;78;32;105;46;170;172;10,0.1,19,124,19,0.1353385761652794,22260.0,True,0.6956706281833616,0.0526315789473684,0.6015037593984962,0.0789473684210526,0.3571883337375697,2,19,0,54.78360000415705,4.77820000378415,70.39780000923201,2.723199999309145
EngineeringROI_B10,JILONG_EI_0039,690,B10,195;58;84;44;51;217;86;78;3;203;174;32;46;105;170;10;147;156;56,0.1,19,124,19,0.1403082907704206,17010.0,True,0.7376910016977929,0.0,0.5664160401002506,0.0789473684210526,0.345763602554774,2,19,0,54.88490000425372,4.723700010799803,70.37479999416973,2.7089999930467457
EngineeringROI_B10,JILONG_EI_0039,700,B10,195;84;35;44;41;217;86;78;240;74;3;203;174;32;5;105;66;170;46,0.1,19,124,19,0.1527134335444249,22260.0,True,0.696095076400679,0.0526315789473684,0.5875506072874493,0.0789473684210526,0.3538061577641374,2,19,0,55.09680000250228,6.9780000048922375,70.13010000810027,2.240500005427748
EngineeringROI_B10,JILONG_EI_0039,710,B10,195;84;58;78;60;51;29;240;217;86;203;174;10;3;147;88;170;116;56,0.1,19,124,19,0.1542679051389452,22200.0,True,0.7376910016977929,0.0526315789473684,0.5539090444557997,0.0789473684210526,0.3557947483805033,2,19,0,56.882300006691366,4.673899995395914,70.77360000403132,2.277000006870366
EngineeringROI_B10,JILONG_EI_0039,720,B10,195;84;58;44;78;86;240;35;203;217;147;3;157;10;46;105;117;14;24,0.1,19,124,19,0.1617952232542824,22200.0,True,0.7207130730050934,0.0526315789473684,0.5692386305569749,0.0789473684210526,0.3553826627326223,2,19,0,54.86720000044443,4.714700000477023,69.6382000023732,2.381099999183789
EngineeringROI_B10,JILONG_EI_0039,730,B10,195;35;84;58;29;217;78;86;240;3;203;147;60;174;66;105;72;10;135,0.1,19,124,19,0.1193420679832454,22200.0,True,0.7067062818336162,0.0526315789473684,0.573326520183955,0.0789473684210526,0.3529029373464981,2,19,0,55.14039999980014,5.317100003594533,72.01800000621006,2.414200003840961
EngineeringROI_B10,JILONG_EI_0039,740,B10,195;35;58;217;203;29;240;86;78;3;174;128;105;60;147;135;116;10;56,0.1,19,124,19,0.1456838526391558,22200.0,True,0.75,0.0526315789473684,0.4835852006253257,0.0789473684210526,0.3412910369984367,2,19,0,54.58989999897312,5.489500006660819,69.62929999281187,2.289700001711026
EngineeringROI_B10,JILONG_EI_0039,750,B10,195;219;58;51;240;44;217;86;78;10;3;128;174;46;14;147;170;116;104,0.1,19,123,19,0.1523152437763705,22200.0,True,0.6850663243474538,0.0526315789473684,0.5779153766769866,0.0789473684210526,0.3486401620982154,2,19,0,55.27510000683833,4.770600004121661,70.00819999666419,2.9024999967077747
EngineeringROI_B10,JILONG_EI_0039,760,B10,195;84;219;58;78;86;240;217;35;29;10;3;5;60;174;147;170;90;56,0.1,19,123,19,0.135859285861966,22200.0,True,0.7090286692340608,0.0526315789473684,0.5474716202270382,0.0789473684210526,0.3470198092073799,2,19,0,54.5568999950774,4.714700000477023,70.09500000276603,2.359799997066148
EngineeringROI_B10,JILONG_EI_0039,770,B10,195;84;58;35;78;86;240;44;201;203;192;10;3;46;232;157;14;5;90,0.1,19,123,19,0.1391213789617967,22200.0,True,0.6730851519041507,0.0526315789473684,0.6228070175438596,0.0789473684210526,0.3568677792041078,2,19,0,54.74079999839887,5.195999998250045,70.33299999602605,3.0358999938471243
EngineeringROI_B10,JILONG_EI_0039,780,B10,195;58;219;51;78;86;10;240;201;3;46;44;157;116;14;232;88;90;147,0.1,19,123,19,0.1557611167691494,22200.0,True,0.6812152332049636,0.0526315789473684,0.5700885878061491,0.0789473684210526,0.3457206920948834,2,19,0,55.59770000400022,4.79069999710191,70.0306999933673,2.757099995505996
EngineeringROI_B10,JILONG_EI_0039,790,B10,195;84;51;58;86;217;78;44;240;10;46;5;203;174;3;90;235;56;14,0.1,19,123,19,0.1459824949651967,22200.0,True,0.6812152332049637,0.0526315789473684,0.5736842105263158,0.0789473684210526,0.3466195977749251,2,19,0,54.848300002049655,4.758499999297783,71.36769998760428,2.5956999888876453
EngineeringROI_B10,JILONG_EI_0039,800,B10,195;35;217;58;10;86;240;3;29;78;60;66;203;157;68;90;147;116;235,0.1,19,123,19,0.1463730272377116,22200.0,True,0.7115960633290545,0.0526315789473684,0.5468421052631579,0.0789473684210526,0.3475042789901583,2,19,0,54.46210000081919,6.307900010142475,70.74640000064392,2.256599997053854
EngineeringROI_B10,JILONG_EI_0039,810,B10,195;51;217;57;86;10;240;29;3;78;5;60;157;90;147;170;161;203;135,0.1,19,123,19,0.1385164368141755,22200.0,True,0.6846384253316218,0.0526315789473684,0.533912099837222,0.0789473684210526,0.3375323681343161,2,19,0,54.92860000231303,5.10260000010021,70.58200000028592,2.773899992462248
EngineeringROI_B10,JILONG_EI_0039,820,B10,195;217;84;51;44;10;57;86;240;78;3;46;5;157;90;147;170;14;117,0.1,19,123,19,0.1619866606427701,22200.0,True,0.6722293538724862,0.0526315789473684,0.5992704533611256,0.0789473684210526,0.3507696886505081,2,19,0,54.286600003251806,4.733299996587448,70.12689999828581,2.263599992147647
EngineeringROI_B10,JILONG_EI_0039,830,B10,195;217;35;10;57;86;46;240;78;5;44;3;157;90;147;170;116;165;161,0.1,19,123,19,0.1627906976744186,22200.0,True,0.6936243046640991,0.0526315789473684,0.551578947368421,0.0789473684210526,0.3441955498502353,2,19,0,54.185300003155135,5.313700006809086,69.99119999818504,2.262699999846518
EngineeringROI_B10,JILONG_EI_0039,840,B10,195;217;219;51;57;3;10;86;78;240;44;46;116;174;5;170;156;147;90,0.1,19,123,19,0.1580047629622255,22200.0,True,0.7000427899015831,0.0526315789473684,0.5789473684210527,0.0789473684210526,0.3526422764227643,2,19,0,54.16320000949781,5.210599993006326,70.72810000681784,2.336399993509985
EngineeringROI_B10,JILONG_EI_0039,850,B10,195;217;35;57;10;86;78;240;29;60;157;3;5;116;90;147;170;68;165,0.1,19,123,19,0.1535098130805338,22200.0,True,0.6910569105691057,0.0526315789473684,0.5414278269932256,0.0789473684210526,0.3410159212326881,2,19,0,57.00609998893924,4.846199997700751,71.19160000002012,2.6119999965885654
EngineeringROI_B10,JILONG_EI_0039,860,B10,195;219;217;78;57;86;10;51;44;240;3;5;147;46;174;116;90;156;170,0.1,19,123,19,0.1580047629622255,22200.0,True,0.7064612751390672,0.0526315789473684,0.5937659683188553,0.0789473684210526,0.3579515477065859,2,19,0,54.47959998855367,5.502999993041158,70.14690000505652,2.25210000644438
EngineeringROI_B10,JILONG_EI_0039,870,B10,195;217;10;58;78;86;35;240;44;3;46;174;5;90;56;147;116;156;170,0.1,19,123,19,0.1704635082050064,22200.0,True,0.7398373983739838,0.0526315789473684,0.5299277605779154,0.0789473684210526,0.35033602658008,2,19,0,54.676400002790615,4.641399995307438,69.95040000765584,2.20380000246223
EngineeringROI_B10,JILONG_EI_0039,880,B10,195;217;57;51;10;147;86;78;46;240;44;3;5;157;116;91;206;128;171,0.1,19,123,19,0.1566493862517325,22200.0,True,0.6495507060333761,0.0526315789473684,0.6034392912975508,0.0789473684210526,0.3461422361748369,2,19,0,54.39870001282543,4.661099999793805,69.49249999888707,3.4625999978743494
EngineeringROI_B10,JILONG_EI_0039,890,B10,195;84;217;78;86;57;46;10;44;240;51;3;174;5;147;117;128;91;120,0.1,19,123,19,0.1503625824137957,22200.0,True,0.6953359007274283,0.0526315789473684,0.566440854611777,0.0789473684210526,0.3483389256769065,2,19,0,54.645999989588745,4.613099998096004,71.48919999599457,2.2210999886738136
EngineeringROI_B10,JILONG_EI_0039,900,B10,195;219;84;78;217;86;10;57;60;225;46;51;3;28;174;5;120;147;116,0.1,19,123,19,0.1463347397600141,20520.0,True,0.7334189131364999,0.0526315789473684,0.5753353973168214,0.0789473684210526,0.3600833144554355,2,19,0,54.61739999009296,4.864399990765378,70.50379998690914,2.228099998319521
EngineeringROI_B10,JILONG_EI_0039,910,B10,195;218;78;225;86;10;57;46;35;44;3;232;157;5;66;116;135;90;170,0.1,19,123,19,0.1633496948488027,20520.0,True,0.6846384253316218,0.0526315789473684,0.5656565656565657,0.0789473684210526,0.3454684845891521,2,19,0,54.40129998896737,5.258399993181229,72.51320000796113,3.097200009506196
EngineeringROI_B10,JILONG_EI_0039,920,B10,195;78;58;225;10;201;86;35;44;3;46;174;232;5;116;90;156;120;56,0.1,19,123,19,0.1721098697460008,20520.0,True,0.7205819426615319,0.0526315789473684,0.5417331206804892,0.0789473684210526,0.3484735026776104,2,19,0,55.04789999395143,4.797300003701821,72.76080000156071,3.042600001208484
EngineeringROI_B10,JILONG_EI_0039,930,B10,195;78;217;44;225;41;3;86;74;10;51;174;46;156;5;117;72;14;120,0.1,19,123,19,0.1734269589787964,20520.0,True,0.7171587505348738,0.0526315789473684,0.5433280170122275,0.0789473684210526,0.3480164287288806,2,19,0,54.80610000086017,4.938300000503659,70.5259000096703,2.2272000060183927
EngineeringROI_B10,JILONG_EI_0039,940,B10,195;219;78;217;10;225;74;44;86;3;51;41;157;46;116;13;155;206;88,0.1,19,123,19,0.169613526200121,20520.0,True,0.7017543859649122,0.0526315789473684,0.5768208399787346,0.0789473684210526,0.352538543328017,2,19,0,54.62399999669287,5.328399987774901,71.88259999384172,3.0035999952815478
EngineeringROI_B10,JILONG_EI_0039,950,B10,195;219;217;78;225;74;44;10;86;3;35;46;41;13;5;174;116;66;68,0.1,19,123,19,0.1697283886332136,20580.0,True,0.7171587505348738,0.0526315789473684,0.583637311099531,0.0789473684210526,0.3580937522507065,2,19,0,54.11620000086259,4.626199995982461,71.24589999148156,2.248300006613136
EngineeringROI_B10,JILONG_EI_0039,960,B10,195;217;78;3;219;225;58;86;44;10;51;46;157;13;117;5;147;56;90,0.1,19,123,19,0.1710761078481671,20580.0,True,0.7115960633290543,0.0526315789473684,0.5614035087719297,0.0789473684210526,0.3511446298673513,2,19,0,54.875000001629815,6.10650000453461,69.62850000127219,2.255900006275624
EngineeringROI_B10,JILONG_EI_0039,970,B10,195;219;217;225;78;3;44;57;86;35;10;13;174;46;90;147;156;116;68,0.1,19,123,19,0.1582191728373318,20610.0,True,0.7051775780915704,0.0526315789473684,0.5656565656565656,0.0789473684210526,0.3506032727791393,2,19,0,54.654200008371845,5.29530001222156,69.549800013192,2.2407999931601807
EngineeringROI_B10,JILONG_EI_0039,980,B10,195;219;78;225;217;10;3;86;44;57;51;174;13;5;46;116;90;206;134,0.1,19,123,19,0.1467865319968451,20670.0,True,0.6448438168592213,0.0526315789473684,0.6369495166487649,0.0789473684210526,0.3533430702191018,2,19,0,55.53779999900144,4.714499998954125,70.21600000734907,3.2186000025831163
EngineeringROI_B10,JILONG_EI_0039,990,B10,195;219;225;217;78;3;44;86;10;57;51;174;13;5;116;90;206;33;46,0.1,19,123,19,0.1459671799741176,20730.0,True,0.6632434745400086,0.0526315789473684,0.6039340776182881,0.0789473684210526,0.3496891248816794,2,19,0,53.75459999777377,4.7697999980300665,70.3800999908708,2.318700004252605
EngineeringROI_B10,JILONG_EI_0039,1000,B10,195;225;219;217;78;44;86;57;35;3;174;90;46;10;116;5;68;120;206,0.1,19,123,19,0.1523611887496075,20790.0,True,0.6658108686350022,0.0526315789473684,0.5853920515574651,0.0789473684210526,0.3456954668902221,2,19,0,54.18659999850206,4.707500003860332,70.03579998854548,2.271900011692196
EngineeringROI_B10,JILONG_EI_0039,1010,B10,195;225;217;78;44;86;10;3;57;51;174;219;90;117;14;120;206;46;5,0.1,19,123,19,0.1513121118606948,20850.0,True,0.6563970902866924,0.0526315789473684,0.586622807017544,0.0789473684210526,0.3436497111681643,2,19,0,54.4693000119878,5.424300004960969,70.25350000185426,2.215999993495643
EngineeringROI_B10,JILONG_EI_0039,1020,B10,195;225;217;78;58;60;86;3;51;29;174;10;90;5;116;120;235;156;206,0.1,19,123,19,0.1410280953511344,20910.0,True,0.675224646983312,0.0526315789473684,0.5667590027700831,0.0789473684210526,0.3433906492804541,2,19,0,54.980900007649325,4.776100002345629,69.86879999749362,2.268500000354834
EngineeringROI_B10,JILONG_EI_0039,1030,B10,195;225;217;44;78;86;10;57;3;157;51;90;5;116;235;206;46;155;49,0.1,19,123,19,0.1575223407432365,20970.0,True,0.6611039794608472,0.0526315789473684,0.5673130193905817,0.0789473684210526,0.3399989865549624,2,19,0,54.29539999749977,4.646999994292855,70.30949999170844,2.8729000041494146
EngineeringROI_B10,JILONG_EI_0039,1040,B10,195;225;217;86;44;57;78;10;84;3;51;174;5;46;90;235;117;104;206,0.1,19,123,19,0.1519553414860135,21060.0,True,0.6465554129225503,0.0526315789473684,0.5964912280701755,0.0789473684210526,0.3436563970902867,2,19,0,55.56090000027325,4.898800005321391,71.21080000069924,2.2431999968830496
EngineeringROI_B10,JILONG_EI_0039,1050,B10,195;225;84;217;3;57;86;44;78;10;35;5;157;90;66;14;235;206;104,0.1,19,123,19,0.1400173059399193,21090.0,True,0.6546854942233632,0.0526315789473684,0.6108622620380739,0.0789473684210526,0.3492816759074645,2,19,0,54.84989999968093,4.679799996665679,70.14250000065658,2.6246000052196905
EngineeringROI_B10,JILONG_EI_0039,1060,B10,225;195;84;217;44;57;86;3;78;10;51;157;90;46;235;88;214;5;116,0.1,19,123,19,0.1604092165616313,21120.0,True,0.6807873341891313,0.0526315789473684,0.5599565925122082,0.0789473684210526,0.3430807185174402,2,19,0,54.19419999816455,4.749400002765469,70.45539999671746,2.3141999990912154
EngineeringROI_B10,JILONG_EI_0039,1070,B10,195;225;217;44;86;219;41;10;78;51;3;74;174;5;156;213;251;46;106,0.1,19,123,19,0.1605164214991844,21120.0,True,0.6448438168592212,0.0526315789473684,0.59375,0.0789473684210526,0.3425431910569105,2,19,0,54.17950000264682,4.625700006727129,70.51619999401737,2.2412999969674274
EngineeringROI_B10,JILONG_EI_0039,1080,B10,195;225;219;217;10;57;86;28;84;78;14;174;51;4;60;213;90;156;251,0.1,19,124,19,0.1443973933885183,21120.0,True,0.6884550084889645,0.0526315789473684,0.5726315789473685,0.0789473684210526,0.3481663837011884,2,19,0,54.77719999908004,5.3299999999580905,72.36920000286773,3.356699991854839
EngineeringROI_B10,JILONG_EI_0039,1090,B10,225;195;219;192;217;44;86;57;10;78;35;174;90;13;156;4;116;68;104,0.1,19,124,19,0.1570705485064055,21180.0,True,0.6943972835314092,0.0526315789473684,0.5588714053174172,0.0789473684210526,0.3462119090543119,2,19,0,54.81679999502376,4.819299996597692,70.62569999834523,2.2742000001017004
EngineeringROI_B10,JILONG_EI_0039,1100,B10,225;195;219;217;3;10;86;28;57;14;78;35;157;84;90;116;33;5;121,0.1,19,124,19,0.1404767556722898,21180.0,True,0.6905772495755518,0.0526315789473684,0.5800325556158438,0.0789473684210526,0.3505471881399541,2,19,0,55.88250000437256,6.1652999866055325,71.26949999656063,2.340599996387027
EngineeringROI_B10,JILONG_EI_0039,1110,B10,225;195;217;219;84;86;28;10;57;78;14;35;174;5;90;33;3;117;46,0.1,19,124,19,0.1392592138815079,21210.0,True,0.7024617996604414,0.0526315789473684,0.5691806836679327,0.0789473684210526,0.3508053576741988,2,19,0,54.829499989864416,4.959199999575503,70.99619999644347,2.44320000638254
EngineeringROI_B10,JILONG_EI_0039,1120,B10,195;218;58;44;86;240;84;216;78;14;3;10;33;90;174;116;51;5;156,0.1,19,124,19,0.1532800882143486,22200.0,True,0.6935483870967744,0.0526315789473684,0.535982814178303,0.0789473684210526,0.3402775371608745,2,19,0,54.40839999937453,4.9455999978818,72.31350000074599,3.220099999452941
EngineeringROI_B10,JILONG_EI_0039,1130,B10,195;218;240;57;10;86;28;3;216;78;157;14;33;90;5;51;116;60;46,0.1,19,124,19,0.1542832201300242,22200.0,True,0.7130730050933786,0.0526315789473684,0.5219298245614035,0.0789473684210526,0.3416454442558008,2,19,0,55.34249999618624,5.050100007792935,71.4769000041997,2.2966000105952844
EngineeringROI_B10,JILONG_EI_0039,1140,B10,195;218;57;240;28;86;3;10;33;78;5;14;90;216;157;51;135;116;46,0.1,19,124,19,0.1476977739660466,22200.0,True,0.6973684210526315,0.0526315789473684,0.5372807017543859,0.0789473684210526,0.3415570175438596,2,19,0,54.5235000026878,5.105299991555512,70.48850000137463,2.272400000947528
EngineeringROI_B10,JILONG_EI_0039,1150,B10,195;217;3;44;10;57;240;86;14;219;33;90;78;174;156;5;51;116;206,0.1,19,124,19,0.1495126004089102,22200.0,True,0.6663837011884551,0.0526315789473684,0.5865436787845903,0.0789473684210526,0.3461265818353666,2,19,0,55.00480000046082,4.762900003697723,70.83019999845419,2.251800004160032
EngineeringROI_B10,JILONG_EI_0039,1160,B10,195;217;3;57;240;86;28;14;78;10;33;5;90;35;84;174;156;117;104,0.1,19,123,19,0.1433636314906846,22200.0,True,0.6816431322207959,0.0526315789473684,0.5621269669017906,0.0789473684210526,0.3438372616227518,2,19,0,54.75119999027811,4.74999999278225,71.77300000330433,2.293400000780821
EngineeringROI_B10,JILONG_EI_0039,1170,B10,195;3;10;240;57;201;86;28;33;78;14;90;66;174;156;46;35;5;104,0.1,19,124,19,0.1366480079025354,22200.0,True,0.6587436332767402,0.0526315789473684,0.578404774823657,0.0789473684210526,0.3421818388672046,2,19,0,54.783100000349805,5.884800004423596,71.5003999939654,2.355600008741021
EngineeringROI_B10,JILONG_EI_0039,1180,B10,195;2;57;240;217;86;44;10;78;157;90;4;50;112;14;104;116;134;155,0.1,19,125,19,0.1466640120682129,22200.0,True,0.6762105263157895,0.0526315789473684,0.5489473684210527,0.0789473684210526,0.3391842105263158,2,19,0,56.16889998782426,5.429800003184937,73.73800000641495,2.619200007757172
EngineeringROI_B10,JILONG_EI_0039,1190,B10,195;3;10;57;217;240;86;44;78;119;90;5;50;174;14;156;235;116;161,0.1,19,124,19,0.1492828755427249,22200.0,True,0.6910016977928691,0.0526315789473684,0.5549310168625446,0.0789473684210526,0.3443779155059588,2,19,0,57.79240000993013,4.9593000003369525,72.10199999099132,2.2680000110995024
EngineeringROI_B10,JILONG_EI_0039,1200,B10,195;2;217;57;240;86;44;10;5;78;90;50;174;46;14;104;135;156;117,0.1,19,125,19,0.1511972494276022,22200.0,True,0.6715789473684209,0.0526315789473684,0.5647368421052631,0.0789473684210526,0.3419736842105263,2,19,0,54.95989999326412,6.613899997319095,70.69229999615345,2.275000006193295
EngineeringROI_B10,JILONG_EI_0039,1210,B10,195;217;3;57;240;102;44;10;50;78;90;5;157;14;104;161;69;46;235,0.1,19,124,19,0.1343507592406827,22200.0,True,0.6498302207130731,0.0526315789473684,0.6047261009667025,0.0526315789473684,0.3399548698936281,1,19,0,55.45509999501519,5.751099990447983,70.93869999516755,3.318799994303845
EngineeringROI_B10,JILONG_EI_0039,1220,B10,195;2;217;57;240;102;50;44;78;90;5;156;174;219;14;104;69;161;25,0.1,19,125,19,0.1499107901769647,22200.0,True,0.6627368421052632,0.0526315789473684,0.5922381711855396,0.0526315789473684,0.3400595427963849,1,19,0,55.01740000909194,6.740800003171898,71.10470000770874,2.3013000027276576
EngineeringROI_B10,JILONG_EI_0039,1230,B10,195;2;217;57;240;86;50;28;90;119;62;4;60;10;156;158;14;128;219,0.1,19,125,19,0.1139435336278916,22200.0,True,0.6993684210526316,0.0526315789473684,0.5429911412193852,0.0789473684210526,0.3434846274101095,2,19,0,54.51790000370238,4.862400004640222,70.52500000281725,2.305499991052784
EngineeringROI_B10,JILONG_EI_0039,1240,B10,195;3;58;217;128;240;86;50;44;90;10;5;157;78;13;104;117;46;185,0.1,19,122,19,0.1551255446393702,22200.0,True,0.6721311475409836,0.0526315789473684,0.5882675438596491,0.0789473684210526,0.3479944096922633,2,19,0,55.53979999967851,5.407599994214252,72.72809999994934,3.444699992542155
EngineeringROI_B10,JILONG_EI_0039,1250,B10,195;58;217;128;240;86;90;29;3;185;35;156;66;10;174;78;199;72;133,0.1,19,122,19,0.1391596664394943,22200.0,True,0.6924072476272649,0.0526315789473684,0.5257309941520468,0.0789473684210526,0.3374292972869332,2,19,0,55.310700001427904,4.699500001152046,70.47000000602566,2.272400000947528
EngineeringROI_B10,JILONG_EI_0039,1260,B10,195;2;58;217;128;240;86;29;10;5;90;119;185;49;35;78;156;161;174,0.1,19,123,19,0.123837017864937,22200.0,True,0.7021822849807445,0.0526315789473684,0.5851063829787234,0.0789473684210526,0.3547169038319722,2,19,0,55.16230000648648,4.705700004706159,70.2478000021074,2.2779999999329448
EngineeringROI_B10,JILONG_EI_0039,1270,B10,195;58;217;3;240;86;29;128;90;161;5;10;252;156;185;174;35;78;214,0.1,19,123,19,0.1300931917207158,23040.0,True,0.7098844672657252,0.0526315789473684,0.5460526315789473,0.0789473684210526,0.3468790115532734,2,19,0,54.55310000979807,4.725899998447858,71.41980000596959,2.470899999025278
EngineeringROI_B10,JILONG_EI_0039,1280,B10,195;2;217;57;240;252;86;10;29;90;35;161;4;157;128;78;185;49;199,0.1,19,124,19,0.1237987303872395,23040.0,True,0.7241086587436333,0.0526315789473684,0.5617615467239527,0.0789473684210526,0.3543622882090018,2,19,0,54.71710000711028,5.187200004002079,72.50310000381432,3.0568000074708834
EngineeringROI_B10,JILONG_EI_0039,1290,B10,195;2;217;57;240;86;44;90;119;78;161;128;185;156;174;14;206;35;252,0.1,19,124,19,0.1421384322043632,23040.0,True,0.6926994906621393,0.0526315789473684,0.5604991861096039,0.0789473684210526,0.346194406035041,2,19,0,56.79629999212921,6.732299996656366,70.83560001046862,2.2705000010319054
EngineeringROI_B10,JILONG_EI_0039,1300,B10,195;217;3;57;240;86;128;161;90;44;157;219;78;185;14;51;49;46;252,0.1,19,124,19,0.1473531866667687,23040.0,True,0.6566213921901528,0.0526315789473684,0.5734649122807017,0.0789473684210526,0.3404163129598189,2,19,0,54.88999999943189,6.743799996911548,70.3261000016937,2.2261000121943653
EngineeringROI_B10,JILONG_EI_0039,1310,B10,195;217;2;57;240;10;86;14;128;44;119;161;4;156;158;185;78;235;105,0.1,19,123,19,0.1463959997243301,23040.0,True,0.6790757381258024,0.0526315789473684,0.5946825827455235,0.0789473684210526,0.3513343170599367,2,19,0,57.49170000490267,6.903800007421523,72.57800000661518,3.206499997759238
EngineeringROI_B10,JILONG_EI_0039,1320,B10,195;3;217;58;240;161;86;128;44;90;72;14;174;156;219;135;66;78;185,0.1,19,124,19,0.1451325129603112,23040.0,True,0.6799660441426146,0.0526315789473684,0.5886143931256713,0.0789473684210526,0.3500398461591767,2,19,0,62.62459998833947,6.054699988453649,79.56369999737944,2.6328999956604093
EngineeringROI_B10,JILONG_EI_0039,1330,B10,195;218;41;3;161;240;86;90;44;141;14;10;128;174;216;185;72;49;78,0.1,19,124,19,0.1556921993092939,23040.0,True,0.7122241086587436,0.0526315789473684,0.5544922913343966,0.0789473684210526,0.3495738368403904,2,19,0,56.11809999390971,4.677100005210377,70.11929999862332,3.213000003597699
EngineeringROI_B10,JILONG_EI_0039,1340,B10,195;3;217;57;240;86;161;10;90;44;141;119;14;219;128;62;66;174;185,0.1,19,124,19,0.1190970281259811,23040.0,True,0.6982173174872666,0.0526315789473684,0.5882352941176471,0.0789473684210526,0.3545078897433336,2,19,0,56.78569999872707,4.752600012579933,71.23040000442415,2.6452000020071864
EngineeringROI_B10,JILONG_EI_0039,1350,B10,195;2;217;240;57;119;86;90;157;161;4;44;14;165;10;128;46;185;34,0.1,19,123,19,0.1200695300594987,23040.0,True,0.6991869918699186,0.0526315789473684,0.5852006253256905,0.0789473684210526,0.3539916411410075,2,19,0,54.63349999627098,5.957500005024485,71.54970000556204,2.1924000029684976
EngineeringROI_B10,JILONG_EI_0039,1360,B10,195;2;217;57;240;161;86;44;90;251;141;128;185;34;4;121;77;88;174,0.1,19,124,19,0.1309202012389828,23040.0,True,0.6337011884550084,0.0526315789473684,0.6263678999478897,0.0789473684210526,0.3479120089428297,2,19,0,55.57820000103675,6.635500001721084,70.82350000564475,2.234800005680881
EngineeringROI_B10,JILONG_EI_0039,1370,B10,195;3;217;240;58;86;161;90;10;44;119;251;5;141;128;165;34;203;174,0.1,19,124,19,0.1093184063220283,23040.0,True,0.6943972835314092,0.0526315789473684,0.6073684210526317,0.0789473684210526,0.3583361629881154,2,19,0,57.27940000360832,4.88039999618195,70.89809999160934,2.3342000058619305
EngineeringROI_B10,JILONG_EI_0039,1380,B10,195;2;217;240;119;86;128;161;57;44;90;14;141;10;34;174;219;185;62,0.1,19,123,19,0.1153142253294637,23040.0,True,0.71074026529739,0.0526315789473684,0.588421052631579,0.0789473684210526,0.3576850663243475,2,19,0,55.19329999515321,7.319600001210347,70.99320000270382,2.284299989696592
EngineeringROI_B10,JILONG_EI_0039,1390,B10,195;2;217;161;128;240;10;86;44;41;90;156;14;72;34;158;4;235;135,0.1,19,121,19,0.13205351057883,23040.0,True,0.7059591126576773,0.0526315789473684,0.6174715138361367,0.0789473684210526,0.3637523934655588,2,19,0,55.5888000089908,4.973500006599352,70.63240000570659,2.285900001879781
EngineeringROI_B10,JILONG_EI_0039,1400,B10,195;2;217;128;240;44;161;86;10;41;119;74;14;34;141;174;46;106;72,0.1,19,121,19,0.1206055547472643,23040.0,True,0.6776859504132231,0.0526315789473684,0.6337493217580032,0.0789473684210526,0.3607535548849118,2,19,0,55.48809999891091,4.690999994636513,71.37499999953434,2.8165000112494454
EngineeringROI_B10,JILONG_EI_0039,1410,B10,195;2;218;128;240;161;86;74;44;119;10;157;41;34;14;4;206;106;133,0.1,19,122,19,0.1408443154581862,23040.0,True,0.7433132010353752,0.0526315789473684,0.577319587628866,0.0789473684210526,0.3630529340081656,2,19,0,55.90750000556,5.838500001118518,69.86319999850821,2.2969000128796324
EngineeringROI_B10,JILONG_EI_0039,1420,B10,195;3;217;128;57;240;14;86;119;90;44;10;34;157;161;219;185;94;5,0.1,19,122,19,0.1299400418099256,23040.0,True,0.7260569456427955,0.0526315789473684,0.5729788388497016,0.0789473684210526,0.3576536829652296,2,19,0,56.44960000063293,4.742700009956025,74.3201000004774,5.230700000538491
EngineeringROI_B10,JILONG_EI_0039,1430,B10,195;217;2;58;240;86;119;112;90;44;161;10;34;14;4;157;219;94;62,0.1,19,122,19,0.1259504866338415,23040.0,True,0.7610008628127696,0.0526315789473684,0.539880629408573,0.0789473684210526,0.3581151098974409,2,19,0,55.20429999160115,6.068500006222166,69.71619999967515,2.3255999985849485
EngineeringROI_B10,JILONG_EI_0039,1440,B10,195;2;217;240;57;86;10;119;112;161;44;34;14;141;174;4;219;91;185,0.1,19,122,19,0.1124732944843059,23070.0,True,0.6889559965487488,0.0526315789473684,0.6019736842105263,0.0789473684210526,0.355627157031924,2,19,0,54.76490000728518,4.96640001074411,70.02110000757966,2.9643000016221777
EngineeringROI_B10,JILONG_EI_0049,10,B10,78;195;128;106;206;13;235;84;174;202;4;49;192;44;119;46;57;156;232,0.1,19,128,19,0.0908638420718119,,False,0.7454769736842105,0.0,0.7617967332123411,0.0526315789473684,0.38997632146098,1,19,0,56.45699999877252,5.130499994265847,73.87159999052528,2.4895999958971515
EngineeringROI_B10,JILONG_EI_0049,20,B10,195;77;13;206;174;112;203;192;46;49;121;44;20;90;217;69;58;235;51,0.1,19,126,19,0.0960632815431385,13860.0,True,0.6904761904761905,0.0526315789473684,0.7230151650312221,0.087719298245614,0.3884605581750988,2,19,0,60.12239999836311,5.209800001466647,73.31829999748152,2.3526000004494563
EngineeringROI_B10,JILONG_EI_0049,30,B10,77;74;69;29;210;50;105;119;217;206;203;174;128;235;4;27;99;147;192,0.1,19,127,19,0.0885895658965778,16950.0,True,0.738085370907584,0.0526315789473684,0.6669615214506855,0.0350877192982456,0.3731915476509709,1,19,0,55.35879998933524,5.025500009651296,70.58770000003278,2.3289999953703955
EngineeringROI_B10,JILONG_EI_0049,40,B10,77;84;106;74;50;210;29;119;251;112;174;206;202;166;27;155;232;25;86,0.1,19,127,19,0.119924037644248,17010.0,True,0.7554910899295484,0.0526315789473684,0.6733212341197823,0.0175438596491228,0.3747469406614553,1,19,0,55.15679999371059,5.61089999973774,72.12899999285582,3.285600003437139
EngineeringROI_B10,JILONG_EI_0049,50,B10,61;58;13;121;210;49;202;158;19;206;112;5;177;88;93;69;100;251;10,0.1,19,124,19,0.0849522555153111,17100.0,True,0.6723259762308998,0.0526315789473684,0.6683744760130415,0.0350877192982456,0.3571049376223888,1,19,0,55.30009999347385,4.795700006070547,72.49120000051335,3.277199997683056
EngineeringROI_B10,JILONG_EI_0049,60,B10,61;58;13;66;47;203;34;104;217;176;91;210;206;157;235;93;135;3;178,0.1,19,124,19,0.0832293190189216,17100.0,True,0.7092529711375212,0.0526315789473684,0.7312529110386585,0.0,0.3732843652808871,0,19,0,55.040299994288944,4.8608999932184815,72.13929999852553,2.345799992326647
EngineeringROI_B10,JILONG_EI_0049,70,B10,60;29;218;57;195;174;49;104;35;91;128;27;177;206;252;172;68;70;170,0.1,19,124,19,0.11209807720287,17100.0,True,0.7147707979626485,0.0,0.6330014224751066,0.0526315789473684,0.3501009498462809,1,19,0,55.30469999939669,5.235000004176982,70.83260000217706,2.332800009753555
EngineeringROI_B10,JILONG_EI_0049,80,B10,44;218;13;46;58;210;121;157;192;33;51;77;90;206;128;170;4;216;69,0.1,19,127,19,0.1114318750909327,17100.0,True,0.6502279320348116,0.0526315789473684,0.7052631578947369,0.0350877192982456,0.3608025970437905,1,19,0,56.58000000403263,6.109300011303276,71.01220000186004,2.468300008331425
EngineeringROI_B10,JILONG_EI_0049,90,B10,44;57;49;47;202;157;210;155;192;90;104;128;35;206;235;26;77;14;134,0.1,19,126,19,0.1178029113798041,17100.0,True,0.7030075187969925,0.0526315789473684,0.6552868658131816,0.0,0.3527314908893856,0,19,0,56.227799999760464,5.801299994345754,71.19170000078157,2.250200006528757
EngineeringROI_B10,JILONG_EI_0049,100,B10,28;61;58;192;218;47;128;195;174;49;106;120;26;206;69;170;20;252;51,0.1,19,124,19,0.1185456884471364,17820.0,True,0.6880305602716469,0.0,0.6762218045112782,0.087719298245614,0.3629929157571347,2,19,0,54.758600002969615,5.592300003627315,71.68900000397116,2.250600009574555
EngineeringROI_B10,JILONG_EI_0049,110,B10,28;76;202;57;210;252;47;128;176;4;158;32;10;50;104;229;190;69;155,0.1,19,125,19,0.0712300235085113,17820.0,True,0.7153684210526317,0.0526315789473684,0.6865393572426641,0.0350877192982456,0.3724067691352274,1,19,0,55.12600000656676,4.81739999668207,71.43799999903422,2.271000004839152
EngineeringROI_B10,JILONG_EI_0049,120,B10,27;29;61;4;219;210;252;217;74;47;186;128;157;106;135;104;41;69;66,0.1,19,123,19,0.1138210136992595,17820.0,True,0.71459135643988,0.0526315789473684,0.7567567567567567,0.0350877192982456,0.3897668528605627,1,19,0,54.8348000011174,4.9451000086264685,70.94900000083726,2.267099989694543
EngineeringROI_B10,JILONG_EI_0049,130,B10,27;202;235;61;174;29;4;112;47;106;58;210;69;170;35;88;192;49;101,0.1,19,123,19,0.1245261924634928,17970.0,True,0.7068891741548994,0.0526315789473684,0.7251979506287843,0.0350877192982456,0.3799516057573244,1,19,0,54.84649998834357,5.828300010762177,71.21680000273045,2.2154000034788623
EngineeringROI_B10,JILONG_EI_0049,140,B10,27;57;202;60;174;69;29;112;195;121;4;176;103;252;170;34;89;213;133,0.1,19,124,19,0.1117534899035921,17970.0,True,0.7266553480475382,0.0,0.703772706101537,0.087719298245614,0.3795368380986723,2,19,0,54.89840000518598,6.060700005036779,72.85110000520945,2.5077999889617786
EngineeringROI_B10,JILONG_EI_0049,150,B10,27;202;106;61;29;235;4;170;74;195;50;177;112;69;41;104;229;157;93,0.1,19,123,19,0.1255599543613265,17970.0,True,0.6957637997432606,0.0,0.6954887218045114,0.087719298245614,0.3697429549483464,2,19,0,55.5575000034878,5.010200009564869,72.03799999842886,2.6606999890645966
EngineeringROI_B10,JILONG_EI_0049,160,B10,58;26;217;219;105;195;29;50;177;61;4;170;128;69;157;71;32;40;91,0.1,19,123,19,0.1490761231631582,17970.0,True,0.6735130509199827,0.0,0.6715225563909775,0.087719298245614,0.3581887263891435,2,19,0,55.687500003841706,4.957999990438111,71.41930000216234,2.5196999922627583
EngineeringROI_B10,JILONG_EI_0049,170,B10,58;26;90;195;218;50;28;121;192;60;128;20;232;174;185;156;88;86;229,0.1,19,122,19,0.1198857501665505,17820.0,True,0.694995685936152,0.0,0.6799812030075189,0.0701754385964912,0.3612880818850404,2,19,0,55.593500001123175,5.849799999850802,70.16980000480544,2.2954000014578924
EngineeringROI_B10,JILONG_EI_0049,180,B10,58;10;106;195;50;218;29;177;128;158;61;88;69;206;170;19;23;213;120,0.1,19,120,19,0.0932376656890597,17100.0,True,0.6719298245614036,0.0,0.6641148325358853,0.087719298245614,0.3559409888357256,2,19,0,55.86449999827892,4.870999997365288,71.13240000035148,2.3265999916475266
EngineeringROI_B10,JILONG_EI_0049,190,B10,25;58;202;106;29;192;50;88;19;233;195;69;174;206;156;27;93;170;60,0.1,19,120,19,0.1093796662863443,17100.0,True,0.7026315789473683,0.0,0.6244665718349929,0.087719298245614,0.3537043622569938,2,19,0,54.928300000028685,4.906899994239211,70.59669999580365,2.324599990970455
EngineeringROI_B10,JILONG_EI_0049,200,B10,25;58;105;50;217;195;157;19;177;28;219;170;60;69;128;94;99;229;56,0.1,19,120,19,0.133738159597522,17010.0,True,0.6815789473684211,0.0,0.5963302752293579,0.087719298245614,0.3414071302108482,2,19,0,54.62370000896044,5.234900003415532,71.18729999638163,2.261200002976693
EngineeringROI_B10,JILONG_EI_0049,210,B10,57;10;105;219;217;195;50;29;24;157;60;4;69;176;170;112;135;94;206,0.1,19,120,19,0.0930692007871905,17010.0,True,0.6771929824561402,0.0,0.6496101364522417,0.087719298245614,0.353630604288499,2,19,0,55.11529999785125,4.772300002514385,70.61910000629723,3.311699998448603
EngineeringROI_B10,JILONG_EI_0049,220,B10,40;58;10;88;195;202;233;106;50;177;28;120;69;4;60;155;215;165;157,0.1,19,121,19,0.1143034359182485,17010.0,True,0.6698564593301436,0.0,0.6808612440191387,0.087719298245614,0.3596092503987241,2,19,0,56.36170000070706,6.161500001326203,70.29000000329688,2.290099990204908
EngineeringROI_B10,JILONG_EI_0049,230,B10,195;40;58;119;217;10;88;219;4;106;29;49;51;252;177;112;60;170;86,0.1,19,122,19,0.1074576349059276,17010.0,True,0.7243313201035375,0.0,0.6823474615742896,0.0701754385964912,0.3692135550685796,2,19,0,54.27000000781845,4.87530000100378,72.20559999404941,2.257500003906898
EngineeringROI_B10,JILONG_EI_0049,240,B10,195;88;57;217;10;119;219;90;177;49;29;4;121;252;51;24;170;55;86,0.1,19,122,19,0.105221646208391,17010.0,True,0.722174288179465,0.0,0.6605026078710289,0.0701754385964912,0.3632130836617462,2,19,0,54.08659999375232,5.184499997994863,71.53370000014547,3.2697999995434657
EngineeringROI_B10,JILONG_EI_0049,250,B10,195;10;57;104;219;217;106;4;192;66;28;252;128;35;23;135;170;86;77,0.1,19,122,19,0.1049842638466663,17010.0,True,0.6958584987057809,0.0,0.6524419155998104,0.0701754385964912,0.3546189632255206,2,19,0,54.47400000412017,5.366500001400709,70.3466999984812,2.2529999987455085
EngineeringROI_B10,JILONG_EI_0049,260,B10,195;57;104;10;219;217;192;4;29;49;23;51;170;86;60;128;174;94;215,0.1,19,123,19,0.1038050095335819,17010.0,True,0.6563970902866924,0.0,0.6475132786093675,0.0701754385964912,0.3435214518731377,2,19,0,54.61079999804497,5.43380000453908,71.16010000754613,2.4163000052794814
EngineeringROI_B10,JILONG_EI_0049,270,B10,195;57;119;219;88;10;232;4;66;45;177;106;201;35;23;86;77;174;170,0.1,19,122,19,0.106936925209241,17010.0,True,0.6652286453839518,0.0,0.6837186424003935,0.0701754385964912,0.3547806815952091,2,19,0,54.94719999842346,4.9938000011025,71.77660000161268,2.280200002132915
EngineeringROI_B10,JILONG_EI_0049,280,B10,195;57;104;10;217;219;4;192;66;29;23;35;106;86;77;158;135;170;128,0.1,19,121,19,0.0988123224418221,17010.0,True,0.6585471944323618,0.0,0.6457115009746588,0.0701754385964912,0.343608533500878,2,19,0,54.80340000940487,5.818199992063455,70.21460001124069,2.250100005767308
EngineeringROI_B10,JILONG_EI_0049,290,B10,195;119;57;105;10;4;233;219;23;176;66;201;77;29;91;86;158;35;170,0.1,19,121,19,0.1041495968328598,17010.0,True,0.6633318834275773,0.0,0.6674864731923266,0.0701754385964912,0.3502484488040988,2,19,0,55.7602000044426,7.166399998823181,69.79170000704471,2.2507999965455383
EngineeringROI_B10,JILONG_EI_0049,300,B10,195;119;105;57;10;192;217;4;219;29;51;86;174;77;91;23;55;112;186,0.1,19,122,19,0.1017528007289935,17010.0,True,0.6949956859361518,0.0,0.6097676623992413,0.0701754385964912,0.3437346967329711,2,19,0,54.61369999102317,5.107999997562729,71.02580000355374,2.216199995018542
EngineeringROI_B10,JILONG_EI_0049,310,B10,195;57;105;217;34;4;176;119;60;10;13;66;86;219;158;93;46;186;24,0.1,19,123,19,0.0858864699711312,17010.0,True,0.6799315361574669,0.0,0.608819345661451,0.0701754385964912,0.3397315801038522,2,19,0,53.98929999500979,4.74489999760408,70.15970000065863,2.192300002207048
EngineeringROI_B10,JILONG_EI_0049,320,B10,195;57;105;217;192;34;4;13;10;61;86;235;158;94;135;66;170;32;23,0.1,19,123,19,0.1102985657510854,17010.0,True,0.6563970902866924,0.0,0.5769980506822613,0.0701754385964912,0.3258926448913611,2,19,0,54.42719999700785,4.832799997529946,70.53130000713281,2.560000008088537
EngineeringROI_B10,JILONG_EI_0049,330,B10,195;57;105;34;217;192;4;29;60;86;10;235;23;174;94;135;155;91;66,0.1,19,122,19,0.0905575422502316,17010.0,True,0.6716997411561692,0.0,0.577972709551657,0.0701754385964912,0.3299619723260793,2,19,0,55.43799999577459,4.769599996507168,72.7614000061294,5.915799993090332
EngineeringROI_B10,JILONG_EI_0049,340,B10,195;57;105;217;34;46;4;176;60;86;10;13;174;235;91;134;94;66;155,0.1,19,123,19,0.0876859814229158,17010.0,True,0.6170303808301241,0.0,0.6364977865223808,0.0701754385964912,0.330925901487249,2,19,0,54.40990001079626,4.817799999727868,69.80430000112392,2.2563000093214214
EngineeringROI_B10,JILONG_EI_0049,350,B10,195;57;218;34;105;192;4;60;86;13;26;94;232;66;46;135;158;155;200,0.1,19,123,19,0.1155056627179514,17010.0,True,0.6375695335900726,0.0,0.5930799220272904,0.0701754385964912,0.3252062235534635,2,19,0,54.386100004194304,4.990399989765137,69.79340000543743,2.290599994012154
EngineeringROI_B10,JILONG_EI_0049,360,B10,195;57;218;105;34;176;60;14;4;200;86;119;46;158;28;10;232;94;99,0.1,19,123,19,0.1020667580461134,17010.0,True,0.6923406076166025,0.0,0.5760233918128655,0.0701754385964912,0.3346348595064898,2,19,0,53.93510000430979,4.675300006056204,70.14339999295771,2.3342999920714647
EngineeringROI_B10,JILONG_EI_0049,370,B10,195;57;105;218;34;60;13;192;119;86;200;20;174;46;25;94;66;27;170,0.1,19,123,19,0.1335696946956528,17010.0,True,0.7047496790757382,0.0,0.5474667978357107,0.0701754385964912,0.330597978876985,2,19,0,54.66929999238346,5.386300006648526,70.71179999911692,2.235299994936213
EngineeringROI_B10,JILONG_EI_0049,380,B10,195;58;90;218;34;88;60;29;200;86;177;120;174;4;99;26;40;170;94,0.1,19,124,19,0.1420695147445076,17010.0,True,0.702037351443124,0.0,0.5410723069355633,0.0701754385964912,0.3283212742437945,2,19,0,55.184700002428144,5.511199997272342,71.39630000165198,2.338699996471405
EngineeringROI_B10,JILONG_EI_0049,390,B10,195;217;105;58;34;60;177;10;86;13;46;4;174;235;135;72;93;79;40,0.1,19,124,19,0.108215726964339,17010.0,True,0.7045840407470289,0.0,0.5519072911636891,0.0701754385964912,0.3316666926268022,2,19,0,55.40079998900183,4.948300003889017,70.81449999532197,2.5292999926023185
EngineeringROI_B10,JILONG_EI_0049,400,B10,195;58;218;105;60;34;176;13;86;4;174;135;27;66;46;200;25;72;32,0.1,19,123,19,0.1116003399928019,17010.0,True,0.7103123662815576,0.0,0.5045871559633028,0.0701754385964912,0.3212687402103378,2,19,0,54.55079999228474,4.806800003279932,70.63719999860041,2.2160999942570925
EngineeringROI_B10,JILONG_EI_0049,410,B10,195;90;58;217;60;49;13;88;176;86;35;120;4;10;174;235;170;94;40,0.1,19,123,19,0.1136219188152322,17010.0,True,0.6718014548566538,0.0,0.6099360550909985,0.0701754385964912,0.3379782371360358,2,19,0,54.68650000693742,5.03739999840036,70.2268000022741,2.205700002377853
EngineeringROI_B10,JILONG_EI_0049,420,B10,195;90;218;34;29;41;4;88;60;176;86;135;174;66;170;27;216;79;156,0.1,19,123,19,0.1346570590622631,17010.0,True,0.6854942233632864,0.0,0.5526315789473685,0.0701754385964912,0.3270753102267864,2,19,0,54.2760999960592,5.367600009776652,70.25360000261571,2.2870999964652583
EngineeringROI_B10,JILONG_EI_0049,430,B10,195;90;46;217;4;88;49;119;176;86;51;57;60;28;174;79;235;99;170,0.1,19,123,19,0.106063970717737,17010.0,True,0.6812152332049637,0.0,0.6018518518518519,0.0701754385964912,0.3383106309133266,2,19,0,54.88120000518393,4.79740000446327,69.73560000187717,2.3493000044254586
EngineeringROI_B10,JILONG_EI_0049,440,B10,195;218;119;90;57;29;4;86;34;61;88;174;172;177;27;25;170;229;206,0.1,19,123,19,0.1347872364864347,17010.0,True,0.6495507060333762,0.0,0.5897688145597639,0.0701754385964912,0.3273737397974078,2,19,0,55.358700003125705,4.851699995924719,70.81710000056773,2.69059999845922
EngineeringROI_B10,JILONG_EI_0049,450,B10,195;60;74;218;46;106;13;119;41;176;86;174;4;49;10;88;51;216;229,0.1,19,122,19,0.0927858734522287,17010.0,True,0.6449525452976704,0.0,0.6413255360623782,0.0701754385964912,0.3391133799891349,2,19,0,55.276400002185255,5.011199988075532,72.0413999952143,3.1033999985083938
EngineeringROI_B10,JILONG_EI_0049,460,B10,195;74;106;60;218;119;176;86;29;41;27;20;174;33;88;66;229;170;232,0.1,19,123,19,0.1167844644730494,17010.0,True,0.6439880188275566,0.0,0.6067527308838132,0.0701754385964912,0.3302290470769654,2,19,0,55.18840000149794,6.70650000392925,70.30459999805316,2.285299997311085
EngineeringROI_B10,JILONG_EI_0049,470,B10,195;74;46;106;218;60;119;86;177;41;27;66;174;5;33;229;170;88;206,0.1,19,124,19,0.1175195840448422,17010.0,True,0.66893039049236,0.0,0.5858987090367428,0.0701754385964912,0.3312511345313985,2,19,0,54.153600009158254,4.82929999998305,69.90709999809042,2.215300002717413
EngineeringROI_B10,JILONG_EI_0049,480,B10,195;90;119;217;60;86;29;57;10;174;4;177;51;219;229;165;170;99;206,0.1,19,124,19,0.0902742149152698,17010.0,True,0.597623089983022,0.0,0.6246276067527309,0.0701754385964912,0.323106533833061,2,19,0,55.592600008822046,4.910499992547557,71.26989999960642,2.2738000116078183
EngineeringROI_B10,JILONG_EI_0049,490,B10,195;90;119;218;57;86;27;61;14;4;174;177;229;51;165;216;147;49;121,0.1,19,123,19,0.1183312785720302,17010.0,True,0.6166024818142918,0.0,0.5909774436090226,0.0701754385964912,0.3194388410049513,2,19,0,56.21670000255108,4.912099990178831,70.32759999856353,2.32980000146199
EngineeringROI_B10,JILONG_EI_0049,500,B10,195;90;60;119;58;218;86;27;174;29;4;66;88;177;68;165;216;35;213,0.1,19,124,19,0.1197632302379183,17010.0,True,0.6078098471986418,0.0,0.6072874493927125,0.0701754385964912,0.3213181837969614,2,19,0,54.75700000533834,4.788999998709187,70.22360000701156,2.3007000127108768
EngineeringROI_B10,JILONG_EI_0049,510,B10,195;90;35;60;218;119;86;46;41;4;27;174;165;177;13;66;147;121;170,0.1,19,124,19,0.1196636827959047,17010.0,True,0.6332767402376911,0.0,0.57639243740419,0.0701754385964912,0.3199611540595931,2,19,0,60.11439999565482,6.183399993460625,78.9472000033129,2.6174999948125333
EngineeringROI_B10,JILONG_EI_0049,520,B10,195;90;29;35;120;60;218;86;57;27;174;4;166;134;229;177;49;25;156,0.1,19,124,19,0.1250622171512585,17010.0,True,0.6642614601018676,0.0,0.5511133603238868,0.0701754385964912,0.3213875647555613,2,19,0,55.80210000334773,4.748699997435324,70.59930000104941,2.2775999968871474
EngineeringROI_B10,JILONG_EI_0049,530,B10,195;90;29;120;218;10;61;86;41;166;51;5;174;134;49;3;213;200;155,0.1,19,125,19,0.1165470821113246,17010.0,True,0.6282105263157894,0.0,0.6015037593984962,0.0701754385964912,0.3249724310776942,2,19,0,55.49559999781195,7.1767999907024205,70.17059999634512,2.2587999992538244
EngineeringROI_B10,JILONG_EI_0049,540,B10,195;90;84;60;218;29;27;35;135;86;57;200;174;3;104;165;213;25;32,0.1,19,126,19,0.1234005406191851,17010.0,True,0.6679197994987469,0.0,0.5754048582995952,0.0701754385964912,0.3283750240987084,2,19,0,55.521599992061965,4.816300002858043,70.12109999777749,2.2701999987475574
EngineeringROI_B10,JILONG_EI_0049,550,B10,195;90;84;60;217;104;29;86;41;174;27;135;219;51;213;147;3;165;5,0.1,19,125,19,0.1171137367812483,17040.0,True,0.6412631578947368,0.0,0.5991902834008096,0.0701754385964912,0.3276572199730094,2,19,0,54.39790000673384,4.74709999980405,70.36410000000615,2.3424999963026494
EngineeringROI_B10,JILONG_EI_0049,560,B10,195;74;106;84;28;219;217;120;86;35;41;174;60;46;10;213;3;165;134,0.1,19,125,19,0.1078251946918241,17040.0,True,0.6505263157894736,0.0,0.6177823198773634,0.0701754385964912,0.334621018565832,2,19,0,54.12050000450108,6.690299996989779,70.06170001113787,2.2751999931642786
EngineeringROI_B10,JILONG_EI_0049,570,B10,195;90;219;58;60;119;29;86;217;27;174;35;88;99;3;213;121;170;25,0.1,19,125,19,0.1242658376151495,17100.0,True,0.663578947368421,0.0,0.5820433436532508,0.0701754385964912,0.3289494324045408,2,19,0,55.61599999782629,4.833099999814294,70.40949999645818,3.628099992056377
EngineeringROI_B10,JILONG_EI_0049,580,B10,195;74;219;29;106;86;5;41;174;35;135;3;60;165;201;104;213;27;49,0.1,19,125,19,0.1235077455567382,17100.0,True,0.6526315789473685,0.0,0.5886561062851304,0.0701754385964912,0.3278657809572475,2,19,0,54.52640001021791,5.172699995455332,69.78499999968335,2.263899994431995
EngineeringROI_B10,JILONG_EI_0049,590,B10,195;90;218;29;86;104;57;51;174;60;3;213;165;27;49;100;177;135;156,0.1,19,125,19,0.1213406743190572,17100.0,True,0.6458947368421053,0.0,0.5694235588972432,0.0701754385964912,0.3213734335839599,2,19,0,55.08610000833869,4.652500007068738,71.59709998813923,2.7786999999079853
EngineeringROI_B10,JILONG_EI_0049,600,B10,195;74;84;28;106;218;86;41;119;174;3;10;46;213;77;52;206;14;32,0.1,19,125,19,0.1193956704520219,17100.0,True,0.6623157894736843,0.0,0.5917363502213477,0.0701754385964912,0.3310568945728807,2,19,0,55.184700002428144,5.117799999425188,73.22899998689536,2.2600999946007505
EngineeringROI_B10,JILONG_EI_0049,610,B10,195;90;84;58;29;60;218;86;174;3;104;27;35;213;165;134;66;25;216,0.1,19,125,19,0.1263180464197379,17100.0,True,0.6736842105263158,0.0,0.5903674280039722,0.0701754385964912,0.3335567692816948,2,19,0,55.08030000783037,4.781299998285249,70.66289999056607,2.314099998329766
EngineeringROI_B10,JILONG_EI_0049,620,B10,195;74;84;35;218;29;106;86;3;60;174;41;165;104;27;134;213;147;49,0.1,19,125,19,0.116011057423559,17100.0,True,0.6707368421052631,0.0,0.6156901688182721,0.0701754385964912,0.3391506123800066,2,19,0,55.18189999565948,4.852099998970516,70.68100001197308,2.245099996798672
EngineeringROI_B10,JILONG_EI_0049,630,B10,195;84;90;35;120;29;219;86;3;217;57;27;165;174;5;213;134;60;147,0.1,19,125,19,0.0997618518887212,17100.0,True,0.672,0.0,0.6035731530661517,0.0701754385964912,0.3364371479156607,2,19,0,54.95890000020154,5.401100002927706,70.55089999630582,2.3230999941006303
EngineeringROI_B10,JILONG_EI_0049,640,B10,195;84;74;29;35;217;86;219;41;3;119;174;165;60;105;213;27;147;5,0.1,19,125,19,0.1125575269352405,17100.0,True,0.6821052631578948,0.0,0.6033138401559455,0.0701754385964912,0.3388986354775828,2,19,0,57.705500003066845,5.518199992366135,71.85370000661351,2.2788999922340736
EngineeringROI_B10,JILONG_EI_0049,650,B10,195;84;74;219;29;10;3;35;165;86;217;119;105;41;174;213;60;5;199,0.1,19,125,19,0.0940646752073267,17160.0,True,0.719578947368421,0.0,0.5789473684210527,0.0701754385964912,0.3421754385964912,2,19,0,56.11309999949299,4.830899997614324,71.89680000010412,2.918800004408695
EngineeringROI_B10,JILONG_EI_0049,660,B10,195;84;90;219;58;35;29;86;3;217;174;165;213;27;88;121;147;119;61,0.1,19,125,19,0.1119908722653169,17160.0,True,0.6816842105263159,0.0,0.6158386620757501,0.0701754385964912,0.3419245777996393,2,19,0,54.34209998929873,4.758600000059232,70.02870000724215,2.297500002896413
EngineeringROI_B10,JILONG_EI_0049,670,B10,195;84;29;74;35;219;165;103;3;174;201;71;5;61;105;27;41;213;134,0.1,19,125,19,0.1369925952018132,17160.0,True,0.6597894736842106,0.0,0.653426017874876,0.0526315789473684,0.3414617676266137,1,19,0,54.97490000561811,7.448399992426857,69.94060000579339,2.9021000082138926
EngineeringROI_B10,JILONG_EI_0049,680,B10,195;84;74;219;35;3;29;86;174;165;201;105;60;27;213;5;147;156;134,0.1,19,125,19,0.1134917413910606,17160.0,True,0.6757894736842105,0.0,0.5941957697983277,0.0701754385964912,0.3350401705197573,2,19,0,54.17070000839885,4.971100002876483,70.07439999142662,2.2467999951913957
EngineeringROI_B10,JILONG_EI_0049,690,B10,195;84;74;29;35;219;3;5;86;174;10;165;104;217;60;106;213;41;134,0.1,19,125,19,0.0951596970694764,17160.0,True,0.6993684210526316,0.0,0.6110275689223058,0.0701754385964912,0.3451428571428572,2,19,0,54.73040000651963,5.385800002841279,70.2820000005886,2.2308999905362725
EngineeringROI_B10,JILONG_EI_0049,700,B10,195;84;74;219;104;29;35;3;86;174;165;213;27;5;206;106;217;41;61,0.1,19,125,19,0.1263410189063565,17160.0,True,0.7233684210526318,0.0,0.5654135338345864,0.0701754385964912,0.3397393483709273,2,19,0,55.000899999868125,5.665999997290783,70.43680000060704,2.2751999931642786
EngineeringROI_B10,JILONG_EI_0049,710,B10,195;84;90;219;29;58;35;3;104;86;174;5;165;217;60;27;213;177;25,0.1,19,125,19,0.1221600263417846,17160.0,True,0.744,0.0,0.5649122807017544,0.0701754385964912,0.3447719298245614,2,19,0,54.3694000079995,4.661800005123951,71.55040001089219,2.977099997224286
EngineeringROI_B10,JILONG_EI_0049,720,B10,195;84;74;35;219;103;29;174;165;3;105;27;71;213;60;201;177;134;32,0.1,19,125,19,0.1144948733067363,17160.0,True,0.6934736842105264,0.0,0.5988083416087389,0.0526315789473684,0.3362284011916584,1,19,0,54.34699999750592,4.669500005547889,71.96879999537487,2.3658999998588115
EngineeringROI_B10,JILONG_EI_0049,730,B10,195;84;74;219;35;29;3;174;5;86;165;121;199;27;88;201;213;134;61,0.1,19,125,19,0.1219149864845203,17160.0,True,0.7082105263157894,0.0,0.5735867446393761,0.0701754385964912,0.3379931773879143,2,19,0,54.50080000446178,4.748899998958223,70.3981999977259,2.253800004837103
EngineeringROI_B10,JILONG_EI_0049,740,B10,195;84;74;219;3;29;35;190;5;86;199;104;217;213;60;41;106;134;165,0.1,19,125,19,0.0946083573906318,17160.0,True,0.7296842105263157,0.0,0.5736359246740705,0.0701754385964912,0.3433738934492194,2,19,0,54.54470000404399,6.967799999983981,70.1654000004055,2.2682999988319352
EngineeringROI_B10,JILONG_EI_0049,750,B10,195;84;74;219;29;5;35;104;3;174;106;86;134;165;206;10;41;217;199,0.1,19,125,19,0.0797757885306031,17160.0,True,0.7296842105263158,0.0,0.5924674070497344,0.0701754385964912,0.3480817640431354,2,19,0,54.938799992669374,5.024199999752455,69.79449999926146,2.2296000097412616
EngineeringROI_B10,JILONG_EI_0049,760,B10,195;84;74;219;3;29;174;103;35;134;23;5;60;10;121;213;71;177;155,0.1,19,125,19,0.0893782879371472,17160.0,True,0.7498947368421053,0.0,0.5625301786576534,0.0526315789473684,0.3412641236117817,1,19,0,55.11729999852832,6.776199996238574,70.49549999646842,2.263600006699562
EngineeringROI_B10,JILONG_EI_0049,770,B10,195;74;35;69;219;134;29;3;174;104;23;5;177;27;165;213;106;71;41,0.1,19,126,19,0.1156588126287416,17160.0,True,0.7481203007518796,0.0,0.5363636363636364,0.087719298245614,0.3430508088402826,2,19,0,54.10160000610631,6.016499988618307,69.88219999766443,2.332599993678741
EngineeringROI_B10,JILONG_EI_0049,780,B10,195;69;74;219;3;29;174;104;134;35;165;5;41;10;177;201;106;60;102,0.1,19,126,19,0.0969821810078795,17190.0,True,0.7025898078529659,0.0,0.5569377990430622,0.087719298245614,0.3368117262854105,2,19,0,54.236999989370815,5.483899993123487,69.83690000197385,2.280799992149696
EngineeringROI_B10,JILONG_EI_0049,790,B10,195;74;219;69;5;3;14;28;35;104;174;134;177;46;60;201;106;213;156,0.1,19,126,19,0.0962853489137842,17190.0,True,0.6900584795321637,0.0,0.570738773539353,0.087719298245614,0.3371291378292826,2,19,0,54.176199992070906,5.150400000275113,69.8370000027353,2.208799996878952
EngineeringROI_B10,JILONG_EI_0049,800,B10,195;84;219;58;35;3;90;29;134;86;174;121;88;27;177;199;165;61;156,0.1,19,126,19,0.1177646239021065,17190.0,True,0.7506265664160401,0.0,0.5851114272166903,0.0701754385964912,0.3514783580573054,2,19,0,54.87680000078399,4.713300004368648,70.15600000158884,2.347000001464039
EngineeringROI_B10,JILONG_EI_0049,810,B10,195;219;74;69;3;29;35;106;103;41;174;60;177;199;27;5;217;134;166,0.1,19,126,19,0.1020744155416529,17190.0,True,0.7506265664160402,0.0,0.5002459419576979,0.087719298245614,0.334647951654838,2,19,0,54.95220000739209,4.631300005712546,70.13399999414105,2.744400000665337
EngineeringROI_B10,JILONG_EI_0049,820,B10,195;74;219;35;3;69;190;44;106;104;199;134;5;177;147;41;23;10;213,0.1,19,125,19,0.0973420832982364,17190.0,True,0.7507368421052633,0.0,0.4950347567030784,0.087719298245614,0.3333727242634888,2,19,0,54.08990000432823,4.9325999862048775,71.11299999814946,2.252899997984059
EngineeringROI_B10,JILONG_EI_0049,830,B10,195;219;74;106;35;69;29;3;190;104;199;161;60;165;23;5;71;41;27,0.1,19,125,19,0.1165241096247061,17190.0,True,0.760421052631579,0.0,0.4971895758814513,0.087719298245614,0.336332481689661,2,19,0,54.7898999939207,5.672100000083447,70.628300003591,2.287200011778623
EngineeringROI_B10,JILONG_EI_0049,840,B10,195;74;219;69;3;35;106;174;104;217;29;199;5;206;41;177;71;165;93,0.1,19,125,19,0.0904656523037575,17190.0,True,0.735578947368421,0.0,0.5058763413387839,0.087719298245614,0.3322936467382047,2,19,0,55.40660000406206,4.685500010964461,70.93349999922793,2.504500007489696
EngineeringROI_B10,JILONG_EI_0049,850,B10,195;74;219;69;3;5;35;217;104;199;174;44;134;106;41;165;46;177;213,0.1,19,124,19,0.1001370691701572,17190.0,True,0.7330220713073005,0.0,0.5172064777327935,0.087719298245614,0.334486961821427,2,19,0,54.214899995713495,5.406100011896342,69.99489999725483,2.323499997146428
EngineeringROI_B10,JILONG_EI_0049,860,B10,195;219;74;35;69;3;103;217;5;121;29;190;41;60;71;161;116;165;32,0.1,19,124,19,0.1150615279766599,17190.0,True,0.7330220713073006,0.0,0.5130301481859989,0.087719298245614,0.3334428794347283,2,19,0,55.40399999881629,4.704400009359233,70.58640000468586,2.853900004993193
EngineeringROI_B10,JILONG_EI_0049,870,B10,195;84;219;74;5;3;35;104;190;44;86;165;106;201;10;32;41;229;128,0.1,19,124,19,0.1086751766967095,17190.0,True,0.7075551782682513,0.0,0.5475708502024291,0.0701754385964912,0.3313253667667929,2,19,0,54.72379999991972,4.717200004961342,70.0764000066556,2.271899997140281
EngineeringROI_B10,JILONG_EI_0049,880,B10,195;84;219;74;35;106;104;44;190;86;165;5;199;3;134;201;23;25;32,0.1,19,124,19,0.1118760098322242,17190.0,True,0.7805602716468591,0.0,0.4982784062961142,0.0701754385964912,0.3372535291348661,2,19,0,55.03770000359509,6.628000002820045,70.40709999273531,2.3469000007025898
EngineeringROI_B10,JILONG_EI_0049,890,B10,195;219;84;74;35;3;44;103;174;5;134;147;121;199;177;41;206;32;46,0.1,19,124,19,0.0877855288649294,17190.0,True,0.7372665534804753,0.0,0.5625620655412116,0.0526315789473684,0.3381150494922639,1,19,0,55.91840000124648,5.750399999669753,70.96430000092369,2.4047000042628497
EngineeringROI_B10,JILONG_EI_0049,900,B10,195;84;219;58;35;44;3;89;86;5;174;199;217;177;121;134;147;46;32,0.1,19,124,19,0.0888499207449211,17190.0,True,0.7525466893039049,0.0,0.5336940482046237,0.0701754385964912,0.3391040440262549,2,19,0,55.18700000538957,4.898200000752695,71.23600000340957,2.9719000012846664
EngineeringROI_B10,JILONG_EI_0049,910,B10,195;84;219;74;35;60;86;88;5;121;3;134;41;174;14;27;147;217;46,0.1,19,124,19,0.1040423918953067,17190.0,True,0.7669779286926994,0.0,0.5113471752776435,0.0701754385964912,0.3371251356417086,2,19,0,54.87910000374541,6.766499995137565,70.18389999575447,2.2696999949403107
EngineeringROI_B10,JILONG_EI_0049,920,B10,195;84;219;74;35;3;44;134;217;103;147;174;206;213;71;177;41;10;105,0.1,19,125,19,0.1118760098322242,17190.0,True,0.7507368421052633,0.0,0.5579922027290449,0.0526315789473684,0.3403401559454191,1,19,0,55.78209999657702,5.290299988701008,70.44730000779964,2.3428999993484467
EngineeringROI_B10,JILONG_EI_0049,930,B10,195;84;219;57;35;3;147;44;89;217;177;86;134;116;174;165;13;23;46,0.1,19,125,19,0.1042950892481105,17190.0,True,0.7250526315789474,0.0,0.5705853418593212,0.0701754385964912,0.3414533530086899,2,19,0,55.10349999531172,4.711199988378212,70.16780000412837,2.39280000096187
EngineeringROI_B10,JILONG_EI_0049,940,B10,195;84;219;57;89;35;217;3;44;5;86;13;134;177;147;174;121;165;91,0.1,19,125,19,0.091767426545474,17190.0,True,0.7284210526315789,0.0,0.5769798327594687,0.0701754385964912,0.3438940809968847,2,19,0,54.78570000559557,4.83890000032261,70.41960000060499,2.344000007724389
EngineeringROI_B10,JILONG_EI_0049,950,B10,195;84;219;74;35;3;206;44;86;104;134;41;217;177;174;106;13;164;46,0.1,19,125,19,0.1246027674188879,17190.0,True,0.7178947368421053,0.0,0.5548872180451129,0.0701754385964912,0.3357393483709273,2,19,0,55.308099996182136,5.785100001958199,70.38460001058411,2.2234000061871484
EngineeringROI_B10,JILONG_EI_0049,960,B10,195;84;219;58;35;104;13;86;177;206;44;3;134;201;90;174;165;233;46,0.1,19,125,19,0.0962776914182447,17190.0,True,0.6543157894736842,0.0,0.6152273888605007,0.0701754385964912,0.334929654232669,2,19,0,56.45910000021104,4.739399999380112,70.25269999576267,2.2428999945987016
EngineeringROI_B10,JILONG_EI_0049,970,B10,195;84;219;57;104;35;134;3;13;44;86;217;177;90;174;5;116;213;49,0.1,19,125,19,0.1083612193795897,17190.0,True,0.727578947368421,0.0,0.5564639754726621,0.0701754385964912,0.3385545903593936,2,19,0,54.18150000332389,6.0800000064773485,70.21440000971779,2.360500002396293
EngineeringROI_B10,JILONG_EI_0049,980,B10,195;84;74;219;13;35;3;103;41;44;134;121;177;190;10;23;201;158;116,0.1,19,125,19,0.1134993988866001,17190.0,True,0.7343157894736841,0.0,0.5581983805668015,0.0526315789473684,0.3362864372469635,1,19,0,55.129000000306405,5.390200007241219,70.86140000319574,2.69950000802055
EngineeringROI_B10,JILONG_EI_0049,990,B10,195;84;219;74;35;13;104;44;3;86;174;134;199;201;161;41;46;106;165,0.1,19,125,19,0.1109724253585622,17220.0,True,0.6943157894736842,0.0,0.5779253960143076,0.0701754385964912,0.3356041560211207,2,19,0,54.429700001492165,4.550699988612905,69.95750000351109,2.240400004666298
EngineeringROI_B10,JILONG_EI_0049,1000,B10,195;84;219;74;35;13;104;3;44;86;174;199;177;201;41;10;206;171;166,0.1,19,125,19,0.1129786891899135,17220.0,True,0.7052631578947368,0.0,0.5696594427244582,0.0701754385964912,0.3362745098039215,2,19,0,53.98589999822434,4.682600003434345,69.87300000037067,2.228600002126768
EngineeringROI_B10,JILONG_EI_0049,1010,B10,195;84;219;74;3;35;104;13;86;44;177;174;41;217;106;156;66;128;165,0.1,19,125,19,0.1130552641453086,17220.0,True,0.6783157894736842,0.0,0.5789473684210527,0.0701754385964912,0.331859649122807,2,19,0,55.61390001093969,6.731799992849119,70.54960000095889,2.301000000443309
EngineeringROI_B10,JILONG_EI_0049,1020,B10,195;84;219;58;13;3;35;121;44;86;88;134;217;174;156;177;128;66;90,0.1,19,125,19,0.0973573982893155,17220.0,True,0.6968421052631578,0.0,0.5975232198142414,0.0701754385964912,0.3411351909184727,2,19,0,55.71580000105314,4.840300010982901,71.59449999744538,2.336099991225637
EngineeringROI_B10,JILONG_EI_0049,1030,B10,195;84;219;74;35;3;13;104;44;86;147;106;217;41;177;174;46;206;49,0.1,19,125,19,0.101293350996623,17220.0,True,0.6837894736842105,0.0,0.6135190918472653,0.0701754385964912,0.3418710010319917,2,19,0,54.288800005451776,5.148199998075143,70.68009999056812,2.271099991048686
EngineeringROI_B10,JILONG_EI_0049,1040,B10,195;84;74;219;3;35;44;103;13;217;147;134;177;41;174;121;10;46;71,0.1,19,125,19,0.1057653283916962,17220.0,True,0.769263157894737,0.0,0.5503759398496241,0.0526315789473684,0.3430676691729323,1,19,0,54.59859999245964,5.542600003536791,70.36160001007374,2.259699991554953
EngineeringROI_B10,JILONG_EI_0049,1050,B10,195;84;219;74;3;35;44;135;104;13;86;217;174;177;106;56;46;116;171,0.1,19,125,19,0.1212947293458201,17220.0,True,0.727578947368421,0.0,0.5789473684210527,0.0701754385964912,0.3441754385964912,2,19,0,55.30269999871962,4.700399993453175,70.62230000155978,2.5533000007271767
EngineeringROI_B10,JILONG_EI_0049,1060,B10,195;84;219;57;3;44;232;104;35;13;86;174;135;177;201;46;5;147;171,0.1,19,125,19,0.0992947446608112,17220.0,True,0.6934736842105264,0.0,0.600408788962698,0.0701754385964912,0.3410144779424289,2,19,0,54.22279999766033,5.553299997700378,72.08090000494849,3.1710000039311126
EngineeringROI_B10,JILONG_EI_0049,1070,B10,195;84;219;57;3;232;44;103;121;51;89;174;147;134;206;161;165;116;46,0.1,19,125,19,0.092625066045899,17220.0,True,0.6597894736842105,0.0,0.652218782249742,0.0526315789473684,0.3411599587203303,1,19,0,56.33249999664258,4.656399993109517,70.87840000167489,2.8840000013588
EngineeringROI_B10,JILONG_EI_0049,1080,B10,195;84;57;219;3;89;44;232;35;86;14;147;177;174;46;166;121;128;66,0.1,19,125,19,0.0918440015008691,17220.0,True,0.6985263157894737,0.0,0.5815528921313182,0.0701754385964912,0.3375636616293208,2,19,0,56.51460000080988,5.392699997173622,70.8392999949865,2.34469999850262
EngineeringROI_B10,JILONG_EI_0049,1090,B10,195;84;74;3;203;44;206;104;134;41;232;235;86;35;147;106;177;128;166,0.1,19,125,19,0.1019901830907183,17220.0,True,0.7334736842105263,0.0,0.6042311661506709,0.0701754385964912,0.3519700722394221,2,19,0,55.31120000523515,5.179999992833473,70.61569999495987,3.0267999973148108
EngineeringROI_B10,JILONG_EI_0049,1100,B10,195;84;219;74;3;217;44;88;86;13;147;41;35;174;121;177;135;128;156,0.1,19,124,19,0.1098544310097939,17220.0,True,0.7228353140916809,0.0,0.5820433436532507,0.0701754385964912,0.3437635240853557,2,19,0,55.19119999371469,6.8728000042028725,70.4600000026403,2.2290999913821
EngineeringROI_B10,JILONG_EI_0049,1110,B10,195;84;74;3;219;217;44;103;13;35;147;41;177;190;106;128;158;49;77,0.1,19,125,19,0.1112634101890635,17220.0,True,0.6762105263157894,0.0,0.6300459887583035,0.0526315789473684,0.3397220235053654,1,19,0,56.162499997299165,4.610500007402152,71.0421999974642,2.458600007230416
EngineeringROI_B10,JILONG_EI_0049,1120,B10,195;84;3;58;232;44;203;235;35;104;13;102;174;201;177;56;106;49;128,0.1,19,125,19,0.1006654363623833,17220.0,True,0.6593684210526315,0.0,0.6630546955624356,0.0526315789473684,0.3437636738906089,1,19,0,55.066000000806525,5.378799993195571,70.40880000567995,2.3647000052733347
EngineeringROI_B10,JILONG_EI_0049,1130,B10,195;84;57;232;219;3;35;13;44;86;104;206;46;201;106;177;49;213;158,0.1,19,125,19,0.1053135361548651,17220.0,True,0.6576842105263156,0.0,0.6550843127235565,0.0701754385964912,0.3457359904615908,2,19,0,54.76389999967069,5.069000006187707,72.97589999507181,3.173800010699779
EngineeringROI_B10,JILONG_EI_0049,1140,B10,195;84;57;232;219;13;3;35;44;104;86;206;46;106;174;177;49;201;165,0.1,19,125,19,0.0964078688424164,17220.0,True,0.6905263157894738,0.0,0.6356275303643725,0.0701754385964912,0.3490823211875843,2,19,0,55.70009999792092,4.965700005413964,72.05479999538511,2.396199997747317
EngineeringROI_B10,JILONG_EI_0049,1150,B10,195;232;84;74;219;3;44;121;225;86;41;177;35;49;88;201;166;199;46,0.1,19,125,19,0.1325665627799772,20520.0,True,0.7313684210526317,0.0526315789473684,0.5523760858456822,0.0701754385964912,0.3516378811105433,2,19,0,54.65829999593552,5.69680001353845,70.80229998973664,2.362400002311915
EngineeringROI_B10,JILONG_EI_0049,1160,B10,195;225;84;232;58;219;206;3;86;44;121;177;35;88;135;46;174;147;201,0.1,19,125,19,0.1180709237236869,20700.0,True,0.7343157894736841,0.0526315789473684,0.5655314757481941,0.0701754385964912,0.3556635706914344,2,19,0,55.32159999711439,4.735799986519851,72.9672000015853,2.2735000093234703
EngineeringROI_B10,JILONG_EI_0049,1170,B10,195;225;84;57;3;219;217;35;44;104;86;13;177;134;10;46;171;49;128,0.1,19,125,19,0.1169605868704581,20760.0,True,0.7199999999999999,0.0526315789473684,0.5664160401002507,0.0701754385964912,0.3523057644110275,2,19,0,54.60010000388138,5.362299998523668,70.00030000926927,2.2402000031434
EngineeringROI_B10,JILONG_EI_0049,1180,B10,195;225;84;74;217;219;3;44;104;86;35;13;177;41;66;46;174;135;199,0.1,19,125,19,0.1291896072470537,20820.0,True,0.752,0.0526315789473684,0.5426673479816044,0.0701754385964912,0.354368591381366,2,19,0,54.35659999784548,7.150600009481423,70.40350000897888,3.247000000556
EngineeringROI_B10,JILONG_EI_0049,1190,B10,195;225;84;74;203;217;3;35;235;104;86;13;44;177;56;156;46;128;106,0.1,19,125,19,0.1325053028156611,20880.0,True,0.7221052631578948,0.0526315789473684,0.5633142261594581,0.0701754385964912,0.3520566267153031,2,19,0,54.55499999516178,4.805699994903989,72.98529999388848,3.114899998763576
EngineeringROI_B10,JILONG_EI_0049,1200,B10,195;225;84;57;217;219;35;3;104;13;177;86;44;49;174;171;5;112;213,0.1,19,125,19,0.1222825462704167,20940.0,True,0.7258947368421053,0.0526315789473684,0.5621052631578948,0.0701754385964912,0.3527017543859649,2,19,0,54.45120000513271,4.785700002685189,70.94810000853613,2.25430000864435
EngineeringROI_B10,JILONG_EI_0049,1210,B10,195;225;84;2;57;219;217;13;121;86;35;44;88;112;46;177;49;171;213,0.1,19,126,19,0.1216469741406375,21030.0,True,0.7347535505430243,0.0526315789473684,0.5685252735799896,0.0701754385964912,0.3565214604167184,2,19,0,56.00399999821093,5.475700003444217,70.27569999627303,2.3190999927464877
EngineeringROI_B10,JILONG_EI_0049,1220,B10,195;225;57;84;3;219;13;217;104;35;86;44;49;177;134;174;112;147;171,0.1,19,125,19,0.1157277300885972,21060.0,True,0.752,0.0526315789473684,0.5494736842105263,0.0701754385964912,0.3560701754385964,2,19,0,54.99860001145862,7.850400012102909,70.74229999852832,2.514599997084588
EngineeringROI_B10,JILONG_EI_0049,1230,B10,225;195;84;203;2;13;232;74;35;104;41;235;86;201;44;177;135;46;49,0.1,19,126,19,0.1327809726550834,21090.0,True,0.7627401837928154,0.0526315789473684,0.5841584158415842,0.0701754385964912,0.3674264042945648,2,19,0,54.75359999400098,5.059900009655394,70.05819999903906,2.438600000459701
EngineeringROI_B10,JILONG_EI_0049,1240,B10,195;225;3;84;219;232;57;13;35;104;46;86;177;201;49;44;134;190;158,0.1,19,125,19,0.1238140453783185,21090.0,True,0.743157894736842,0.0526315789473684,0.5821371610845295,0.0701754385964912,0.3620255183413078,2,19,0,56.55749999277759,6.461500001023524,72.11539999116212,3.00250000145752
EngineeringROI_B10,JILONG_EI_0049,1250,B10,195;225;203;57;232;69;3;35;104;13;235;177;102;174;100;49;135;206;44,0.1,19,124,19,0.1144948733067363,21120.0,True,0.7050084889643464,0.0526315789473684,0.5445757250268528,0.087719298245614,0.3474837727960453,2,19,0,56.95749999722466,4.718800002592616,70.93990000430495,2.251999991131015
EngineeringROI_B10,JILONG_EI_0049,1260,B10,195;225;58;203;3;13;217;35;104;69;235;44;135;49;177;102;46;112;10,0.1,19,124,19,0.1122435696181207,21120.0,True,0.7538200339558575,0.0526315789473684,0.5252416756176156,0.087719298245614,0.3548531466916138,2,19,0,54.835700007970445,5.3696999966632575,69.92629999876954,2.4169999960577115
EngineeringROI_B10,JILONG_EI_0049,1270,B10,225;195;57;84;203;13;232;3;104;35;49;235;86;135;44;177;128;46;174,0.1,19,125,19,0.1144565858290387,21180.0,True,0.742736842105263,0.0526315789473684,0.5720361509835193,0.0701754385964912,0.3593950026581605,2,19,0,54.38260000664741,4.7669999912614,72.14280001062434,3.0192999984137714
EngineeringROI_B10,JILONG_EI_0049,1280,B10,195;225;57;203;3;35;46;232;177;104;13;44;86;235;201;171;128;190;106,0.1,19,124,19,0.1228185709581824,21210.0,True,0.6897283531409168,0.0526315789473684,0.6042105263157895,0.0701754385964912,0.3541864742501415,2,19,0,54.89159999706317,5.995700004859828,70.30910000321455,2.2115999890957028
EngineeringROI_B10,JILONG_EI_0049,1290,B10,225;195;57;203;3;46;217;35;103;121;69;44;206;177;235;156;134;49;94,0.1,19,124,19,0.1255140093880895,21210.0,True,0.7419354838709677,0.0526315789473684,0.5135566188197768,0.087719298245614,0.3489607449709317,2,19,0,56.566100000054576,4.713400005130097,70.1961000013398,2.9131000046618283
EngineeringROI_B10,JILONG_EI_0049,1300,B10,195;225;57;219;232;3;35;69;121;46;13;88;177;44;166;134;174;201;128,0.1,19,124,19,0.1065770229188841,21210.0,True,0.7224108658743633,0.0526315789473684,0.5622720166753519,0.087719298245614,0.3562584399356744,2,19,0,54.64830000710208,4.616400008671917,71.48319999396335,2.4982000031741336
EngineeringROI_B10,JILONG_EI_0049,1310,B10,225;195;57;203;232;13;35;3;46;69;104;177;135;44;166;66;201;128;235,0.1,19,125,19,0.1107197280057584,21210.0,True,0.7330526315789474,0.0526315789473684,0.5457894736842106,0.087719298245614,0.354798245614035,2,19,0,57.15170000621583,5.267700005788356,71.90660000196658,2.4988000077428296
EngineeringROI_B10,JILONG_EI_0049,1320,B10,225;195;74;219;217;46;69;41;35;3;104;13;177;44;49;156;135;102;10,0.1,19,125,19,0.1315940608464595,21210.0,True,0.7494736842105263,0.0526315789473684,0.5175438596491229,0.087719298245614,0.3518421052631579,2,19,0,56.684700000914745,7.103299998561852,70.8230000018375,2.345700006117113
EngineeringROI_B10,JILONG_EI_0049,1330,B10,225;195;57;217;203;3;69;177;104;35;235;13;46;128;134;44;156;49;25,0.1,19,125,19,0.1265554287814627,21240.0,True,0.766736842105263,0.0526315789473684,0.5092879256965944,0.087719298245614,0.35409391124871,2,19,0,56.81100000219885,7.496399994124658,70.25180000346154,2.270999990287237
EngineeringROI_B10,JILONG_EI_0049,1340,B10,225;195;57;2;217;203;69;177;104;14;51;206;46;235;44;165;134;174;49,0.1,19,126,19,0.1067301728296743,21240.0,True,0.7439431913116125,0.0526315789473684,0.5257997936016512,0.087719298245614,0.3525234655265615,2,19,0,55.34669999906328,6.744300000718795,70.55029999173712,2.2767000045860186
EngineeringROI_B10,JILONG_EI_0049,1350,B10,195;57;3;217;203;35;46;135;69;104;177;240;13;44;49;128;149;171;147,0.1,19,124,19,0.1108422479343905,22410.0,True,0.7058573853989811,0.0526315789473684,0.5487232933819698,0.087719298245614,0.3487328889934833,2,19,0,54.887399994186126,7.216600002720952,70.79319999320433,2.2912999993423
EngineeringROI_B10,JILONG_EI_0049,1360,B10,195;57;217;203;84;206;35;134;46;177;3;104;240;86;235;44;156;49;91,0.1,19,125,19,0.117756966406567,22470.0,True,0.7414736842105263,0.0526315789473684,0.5435122459614382,0.0701754385964912,0.351948236928956,2,19,0,55.87389999709558,4.704799997853115,70.67349999852013,2.6390999992145225
EngineeringROI_B10,JILONG_EI_0049,1370,B10,195;217;57;84;203;3;35;135;240;86;121;177;49;174;91;44;46;88;235,0.1,19,125,19,0.1139511911234311,22470.0,True,0.6947368421052631,0.0526315789473684,0.5949432404540764,0.0701754385964912,0.3531217750257998,2,19,0,54.098699998576194,4.675799995311536,72.06190000579227,3.0321999947773293
EngineeringROI_B10,JILONG_EI_0049,1380,B10,195;217;203;74;35;3;69;134;104;46;177;13;240;206;56;44;235;156;102,0.1,19,125,19,0.1282094478179966,22470.0,True,0.7553684210526315,0.0526315789473684,0.5165118679050568,0.087719298245614,0.3530577915376677,2,19,0,54.9994000029983,5.779200000688434,70.5102999927476,2.5018999876920134
EngineeringROI_B10,JILONG_EI_0049,1390,B10,195;57;217;203;35;46;3;69;206;177;134;104;240;235;44;49;128;156;158,0.1,19,125,19,0.1106967555191399,22470.0,True,0.7237894736842104,0.0526315789473684,0.529505582137161,0.087719298245614,0.3484114832535885,2,19,0,54.23160000646021,4.699299999629147,70.56269999884535,2.93359998613596
EngineeringROI_B10,JILONG_EI_0049,1400,B10,195;57;217;219;2;35;104;69;177;46;240;135;155;44;190;91;66;149;25,0.1,19,125,19,0.1297026594482008,22470.0,True,0.6896842105263158,0.0526315789473684,0.5132935431361909,0.087719298245614,0.3358321577138723,2,19,0,54.4069000025047,4.831300000660121,69.97609999962151,2.3252000100910664
EngineeringROI_B10,JILONG_EI_0049,1410,B10,195;2;203;58;232;69;46;177;35;155;104;201;240;135;13;49;56;44;91,0.1,19,125,19,0.1211186069484114,22500.0,True,0.7040000000000001,0.0526315789473684,0.5440386680988185,0.087719298245614,0.3470973863229503,2,19,0,54.6055000013439,5.513600000995211,70.35209999594372,2.253400001791306
EngineeringROI_B10,JILONG_EI_0049,1420,B10,195;57;3;84;203;217;46;104;240;50;86;44;177;135;155;174;235;91;52,0.1,19,125,19,0.1192195480546132,22500.0,True,0.6833684210526316,0.0526315789473684,0.5789473684210525,0.0701754385964912,0.346280701754386,2,19,0,55.70280000392813,6.667299996479414,71.18020000052638,2.487100005964749
EngineeringROI_B10,JILONG_EI_0049,1430,B10,195;57;217;46;219;3;135;104;240;35;86;49;156;44;128;91;177;13;190,0.1,19,124,19,0.1189285632241119,22530.0,True,0.6986417657045841,0.0526315789473684,0.5563909774436089,0.0701754385964912,0.3444599401730132,2,19,0,56.27119999553543,5.297899988363497,69.42460000573192,2.2452999983215705
EngineeringROI_B10,JILONG_EI_0049,1440,B10,195;217;57;203;3;35;104;240;86;155;135;77;235;177;128;44;46;158;49,0.1,19,124,19,0.1394353362789166,22530.0,True,0.7330220713073006,0.0526315789473684,0.4867006225240521,0.0701754385964912,0.3356324278438031,2,19,0,55.30249999719672,4.750599997350946,70.07079999311827,2.230400001280941
EngineeringROI_B10,JILONG_EI_0059,10,B10,78;128;106;84;195;202;119;235;29;192;206;66;4;34;86;232;27;158;57,0.1,19,128,19,0.1094332687551209,,False,0.703125,0.0,0.720366132723112,0.0701754385964912,0.3734166428299009,2,19,0,56.22939999739174,4.880599997704849,72.44519999949262,2.425699989544228
EngineeringROI_B10,JILONG_EI_0059,20,B10,86;77;13;112;206;202;235;46;232;33;44;91;66;20;119;158;195;57;121,0.1,19,126,19,0.1113553001355376,0.0,True,0.6888053467000835,0.0526315789473684,0.7070938215102974,0.0701754385964912,0.3796765464385602,2,19,0,55.40660000406206,6.67980000434909,70.73410000884905,2.668499990249984
EngineeringROI_B10,JILONG_EI_0059,30,B10,77;86;74;13;105;49;206;119;128;84;232;195;44;235;201;46;4;158;10,0.1,19,126,19,0.1118683523366847,1560.0,True,0.6754385964912282,0.0394736842105263,0.7273139745916516,0.0701754385964912,0.3781004234724743,2,19,0,54.75100000330713,5.2607999969040975,71.10220000322443,2.395600007730536
EngineeringROI_B10,JILONG_EI_0059,40,B10,195;77;69;106;29;74;251;112;50;119;174;206;27;203;155;201;4;177;25,0.1,19,125,19,0.1160952898744936,13980.0,True,0.6922105263157894,0.0526315789473684,0.7289935364727608,0.087719298245614,0.3903887349953832,2,19,0,54.72710001049563,4.97519999044016,70.05090000166092,2.311699994606897
EngineeringROI_B10,JILONG_EI_0059,50,B10,195;61;58;106;13;50;158;128;4;206;69;120;156;202;251;99;26;93;88,0.1,19,123,19,0.102166305488127,14040.0,True,0.6546854942233634,0.0526315789473684,0.6823474615742896,0.087719298245614,0.3693459582476588,2,19,0,54.9648000014713,5.344500008504838,70.60579999233596,2.4248999980045483
EngineeringROI_B10,JILONG_EI_0059,60,B10,195;61;4;66;251;157;57;134;203;29;91;93;190;217;104;34;10;176;68,0.1,19,122,19,0.086123852332856,14790.0,True,0.6859361518550475,0.0526315789473684,0.7191387559808612,0.0526315789473684,0.3775845164326613,1,19,0,55.0197999982629,5.902899996726774,70.74270000157412,2.2696999949403107
EngineeringROI_B10,JILONG_EI_0059,70,B10,195;60;13;218;49;46;57;157;104;91;35;252;3;93;27;70;171;185;232,0.1,19,123,19,0.1071972800575843,14790.0,True,0.7282841249465126,0.0526315789473684,0.6627680311890838,0.0526315789473684,0.3740788285075833,1,19,0,55.16129999887198,5.156100000021979,71.17379999544937,3.454500008956529
EngineeringROI_B10,JILONG_EI_0059,80,B10,195;44;219;13;217;157;121;192;41;77;49;135;91;5;51;252;102;46;71,0.1,19,124,19,0.1357137934467153,14850.0,True,0.6863327674023768,0.0526315789473684,0.6962819893771124,0.0526315789473684,0.3719694786685565,1,19,0,55.73529998946469,5.493400007253513,71.6686999949161,2.3016000050120056
EngineeringROI_B10,JILONG_EI_0059,90,B10,195;44;49;174;90;57;155;235;217;203;120;77;14;36;23;88;86;112;141,0.1,19,123,19,0.1110490003139573,15060.0,True,0.7026101839965767,0.0526315789473684,0.5968318855390905,0.0701754385964912,0.3555622717698817,2,19,0,56.82339999475517,7.987399992998689,71.76150000304915,3.3552999957464635
EngineeringROI_B10,JILONG_EI_0059,100,B10,195;28;61;74;218;158;121;49;100;26;4;176;156;190;170;133;52;128;40,0.1,19,119,19,0.1692306514231455,15060.0,True,0.6333480760725343,0.0526315789473684,0.6825827455236028,0.0526315789473684,0.3552984948727185,1,19,0,55.96800000057556,5.094799998914823,71.71409999136813,2.440799988107756
EngineeringROI_B10,JILONG_EI_0059,110,B10,195;28;76;158;20;202;235;121;156;10;206;89;49;57;229;103;170;94;52,0.1,19,121,19,0.1054437135790368,15240.0,True,0.659852109612875,0.0526315789473684,0.6960784313725491,0.0526315789473684,0.3652984247200402,1,19,0,58.47020000510384,4.89229999948293,72.04939999792259,3.558199998224154
EngineeringROI_B10,JILONG_EI_0059,120,B10,195;27;29;235;61;202;156;121;91;20;158;206;128;58;135;66;213;88;32,0.1,19,119,19,0.11084990542993,15240.0,True,0.6961521450685538,0.0526315789473684,0.7154768108389786,0.0526315789473684,0.3792230284505673,1,19,0,54.78930000390392,7.078299997374415,69.7785000083968,2.562699999543838
EngineeringROI_B10,JILONG_EI_0059,130,B10,195;27;235;61;217;29;106;174;104;58;156;19;170;69;101;32;112;94;203,0.1,19,119,19,0.1383403144167668,15240.0,True,0.7001326846528085,0.0526315789473684,0.674922600619195,0.087719298245614,0.3788515406162465,2,19,0,55.014800003846176,4.760600000736304,69.97630000114441,2.2748000046703964
EngineeringROI_B10,JILONG_EI_0059,140,B10,195;27;202;61;69;174;74;13;34;170;104;106;233;215;213;4;41;235;156,0.1,19,120,19,0.129809864385754,15240.0,True,0.6381578947368421,0.0526315789473684,0.7210526315789474,0.087719298245614,0.3748903508771929,2,19,0,54.44079999870155,4.805099990335293,70.14219999837223,2.1863000001758337
EngineeringROI_B10,JILONG_EI_0059,150,B10,195;27;202;106;29;235;170;60;74;69;215;177;156;20;174;112;32;206;50,0.1,19,118,19,0.1046932790161649,15240.0,True,0.6387154326494201,0.0526315789473684,0.6820839978734716,0.087719298245614,0.3652875769289685,2,19,0,54.76430000271648,4.791600003954954,70.77609999396373,3.3965000038733706
EngineeringROI_B10,JILONG_EI_0059,160,B10,195;26;106;219;217;28;170;61;74;156;88;20;69;192;174;50;101;120;94,0.1,19,116,19,0.1556921993092939,15240.0,True,0.6134301270417422,0.0526315789473684,0.6541353383458647,0.087719298245614,0.3519790856451474,2,19,0,54.50460000429303,4.706100007751957,69.99960000393912,2.645799992023967
EngineeringROI_B10,JILONG_EI_0059,170,B10,195;58;26;106;219;186;232;29;156;174;251;60;20;177;200;50;69;32;112,0.1,19,118,19,0.0911241969201552,15240.0,True,0.6815343443354148,0.0526315789473684,0.6638874413757165,0.087719298245614,0.3714431657260285,2,19,0,54.29450000519864,4.646900008083321,70.71109999378677,2.2589000000152737
EngineeringROI_B10,JILONG_EI_0059,180,B10,195;25;58;90;201;28;232;156;69;170;121;61;158;49;177;219;20;229;71,0.1,19,117,19,0.1515341792313406,15240.0,True,0.6788124156545209,0.0526315789473684,0.6241360978203084,0.087719298245614,0.3608248476669529,2,19,0,54.727299997466616,6.667000008746982,70.0213999953121,2.2373000101652
EngineeringROI_B10,JILONG_EI_0059,190,B10,195;25;58;106;202;29;251;156;69;232;174;27;170;49;88;35;177;60;4,0.1,19,118,19,0.1154290877625563,15240.0,True,0.6913470115967887,0.0526315789473684,0.6571130797290256,0.087719298245614,0.3722027421296991,2,19,0,54.725099995266646,6.872099998872727,69.70259999798145,2.279899999848567
EngineeringROI_B10,JILONG_EI_0059,200,B10,195;25;58;106;251;216;202;88;45;157;50;86;27;155;120;77;13;55;4,0.1,19,119,19,0.1496427778330819,15240.0,True,0.6828836797877045,0.0526315789473684,0.6341338783852836,0.0789473684210526,0.3621491263853523,2,19,0,54.84090000391007,5.209599999943748,71.85639999806881,2.806000004056841
EngineeringROI_B10,JILONG_EI_0059,210,B10,195;10;58;40;105;217;157;29;251;219;86;50;155;77;135;91;20;177;214,0.1,19,119,19,0.1249932996914029,15240.0,True,0.6815568332596197,0.0526315789473684,0.652529381706694,0.0789473684210526,0.3664162905836837,2,19,0,55.04180000571069,4.817500011995435,70.19510000827722,2.5468000094406307
EngineeringROI_B10,JILONG_EI_0059,220,B10,195;40;58;10;106;233;104;29;219;201;157;60;86;155;165;214;177;50;94,0.1,19,119,19,0.1318391007037238,15240.0,True,0.7120743034055727,0.0526315789473684,0.6382868937048504,0.0789473684210526,0.370485036119711,2,19,0,55.5410000088159,6.483299992396496,71.51910000538919,2.213100000517443
EngineeringROI_B10,JILONG_EI_0059,230,B10,195;58;40;106;29;10;233;88;219;86;120;157;77;201;50;177;155;206;36,0.1,19,119,19,0.1252536545397462,15240.0,True,0.7200353825740823,0.0526315789473684,0.6341093117408908,0.0789473684210526,0.3714309104208484,2,19,0,54.51460000767838,4.679399993619882,70.47920000331942,2.345600005355664
EngineeringROI_B10,JILONG_EI_0059,240,B10,195;58;106;88;219;10;217;29;86;157;24;177;120;77;112;66;186;155;35,0.1,19,118,19,0.107763934727508,15240.0,True,0.7002676181980375,0.0526315789473684,0.6356275303643725,0.0789473684210526,0.3668685239827077,2,19,0,54.97579999791924,4.722899990156293,70.51600000704639,2.259599990793504
EngineeringROI_B10,JILONG_EI_0059,250,B10,195;58;88;106;217;219;10;28;86;157;77;177;120;112;35;155;49;40;4,0.1,19,117,19,0.1303612040645986,15240.0,True,0.7049032838506523,0.0526315789473684,0.6244939271255061,0.0789473684210526,0.3652440395861448,2,19,0,54.42849999235477,6.6101999982493,71.1823000019649,2.280299988342449
EngineeringROI_B10,JILONG_EI_0059,260,B10,195;58;88;217;106;29;219;10;86;77;157;23;49;51;155;135;177;56;213,0.1,19,118,19,0.1223055187570353,15240.0,True,0.7132024977698483,0.0526315789473684,0.590080971659919,0.0789473684210526,0.3587156041995471,2,19,0,54.85939999925904,5.5675000039627776,71.97560000349768,3.201600004103966
EngineeringROI_B10,JILONG_EI_0059,270,B10,195;58;88;217;90;29;77;86;10;49;157;170;235;112;177;35;203;55;24,0.1,19,118,19,0.1304454365155332,15270.0,True,0.6891168599464763,0.0526315789473684,0.5809716599190284,0.0789473684210526,0.3504168668084815,2,19,0,54.5344000129262,4.802499999641441,70.48290000238921,2.2298999974736944
EngineeringROI_B10,JILONG_EI_0059,280,B10,195;58;105;217;29;23;119;91;86;49;77;10;157;35;170;72;177;203;235,0.1,19,120,19,0.1029014250599199,15270.0,True,0.6749999999999999,0.0526315789473684,0.6230576441102758,0.0789473684210526,0.3574091478696741,2,19,0,54.49939999380149,6.585299997823313,70.36109999171458,2.968799992231652
EngineeringROI_B10,JILONG_EI_0059,290,B10,195;58;88;119;232;29;106;86;23;10;49;201;219;35;77;155;157;176;55,0.1,19,121,19,0.1138210136992595,15270.0,True,0.6785558938668986,0.0526315789473684,0.634558093346574,0.0789473684210526,0.3611732336454734,2,19,0,54.8211999994237,4.720299999462441,70.40379999671131,2.861599990865216
EngineeringROI_B10,JILONG_EI_0059,300,B10,195;58;119;105;10;29;86;34;217;219;66;176;23;77;155;91;157;36;128,0.1,19,121,19,0.0958258991814137,15270.0,True,0.6772509786863853,0.0526315789473684,0.637593984962406,0.0789473684210526,0.3616059777543031,2,19,0,55.73919999005739,4.681599995819852,70.47599999350496,2.7233000000705943
EngineeringROI_B10,JILONG_EI_0059,310,B10,195;57;105;119;217;29;23;86;94;34;10;60;66;203;158;155;91;176;4,0.1,19,121,19,0.0930692007871905,15270.0,True,0.6829056111352761,0.0526315789473684,0.6135338345864663,0.0789473684210526,0.3570045982725408,2,19,0,56.12880000262521,4.688100001658313,70.59040000604,2.5247000012313947
EngineeringROI_B10,JILONG_EI_0059,320,B10,195;58;105;217;119;29;86;23;35;27;77;158;49;219;25;172;176;170;4,0.1,19,121,19,0.1326278227442932,15270.0,True,0.6642018268812527,0.0526315789473684,0.6211519364448859,0.0789473684210526,0.3542331776736399,2,19,0,55.164400007925,4.774999993969686,71.97330000053626,2.483000003849156
EngineeringROI_B10,JILONG_EI_0059,330,B10,195;58;105;217;29;86;34;119;10;77;23;172;66;158;235;203;177;170;20,0.1,19,121,19,0.1040500493908462,15270.0,True,0.6546324488908221,0.0526315789473684,0.6038011695906433,0.0789473684210526,0.3475031414624716,2,19,0,54.862200006027706,4.826200005481951,71.08540000626817,2.2547999978996813
EngineeringROI_B10,JILONG_EI_0059,340,B10,195;57;86;217;10;29;105;34;93;119;60;172;66;158;219;206;91;4;79,0.1,19,122,19,0.0897994501918202,15270.0,True,0.6786022433132011,0.0526315789473684,0.5687134502923975,0.0789473684210526,0.3447236602435048,2,19,0,54.6191000030376,4.902799992123619,71.3326999975834,2.2775000106776133
EngineeringROI_B10,JILONG_EI_0059,350,B10,195;58;34;218;86;29;105;119;172;61;66;174;27;23;94;25;232;72;192,0.1,19,120,19,0.1353768636429769,15270.0,True,0.7140350877192984,0.0526315789473684,0.5382323733862959,0.0789473684210526,0.3459616021185038,2,19,0,54.81080000754446,4.783999989740551,70.82330000412185,2.2342000011121854
EngineeringROI_B10,JILONG_EI_0059,360,B10,195;58;90;29;218;34;86;104;66;172;77;174;26;135;23;232;20;192;79,0.1,19,121,19,0.1189285632241119,15270.0,True,0.6763810352327099,0.0526315789473684,0.5689223057644109,0.0789473684210526,0.3442205720913855,2,19,0,55.27260000235401,5.1864000124624,71.63780000701081,2.4569999950472265
EngineeringROI_B10,JILONG_EI_0059,370,B10,195;58;34;90;86;119;218;29;172;10;61;88;66;174;232;24;94;121;206,0.1,19,122,19,0.1088283266074997,15750.0,True,0.6738567730802416,0.0350877192982456,0.5724925521350547,0.0789473684210526,0.3400961032336486,2,19,0,54.70429999695625,4.88480000058189,70.16960000328254,2.28390000120271
EngineeringROI_B10,JILONG_EI_0059,380,B10,195;58;86;217;34;13;104;90;60;172;235;10;174;94;40;66;135;203;177,0.1,19,121,19,0.1128102242880443,15750.0,True,0.6694214876033059,0.0350877192982456,0.5581983805668016,0.0789473684210526,0.3354137389723514,2,19,0,54.36069999996107,4.83900000108406,70.5564000090817,2.5578000058885664
EngineeringROI_B10,JILONG_EI_0059,390,B10,195;58;90;217;119;86;49;14;35;45;235;25;88;174;27;77;156;176;23,0.1,19,120,19,0.1317089232795522,15750.0,True,0.668421052631579,0.0350877192982456,0.6040100250626568,0.0789473684210526,0.3466165413533834,2,19,0,54.60940000193659,6.413099996279925,70.4663999931654,2.339500002563
EngineeringROI_B10,JILONG_EI_0059,400,B10,195;58;86;218;90;35;49;120;29;88;60;156;10;174;176;23;252;232;170,0.1,19,120,19,0.0866445620295426,15750.0,True,0.6732456140350878,0.0350877192982456,0.5991902834008097,0.0789473684210526,0.346617746288799,2,19,0,56.30689999088645,6.741899996995926,70.5967999965651,2.2840000019641598
EngineeringROI_B10,JILONG_EI_0059,410,B10,195;58;35;86;120;90;217;29;88;61;33;219;66;174;176;156;252;25;170,0.1,19,121,19,0.1188902757464143,15750.0,True,0.674206176598521,0.0350877192982456,0.5986842105263159,0.0789473684210526,0.3467313687110338,2,19,0,54.12760000035632,6.045300004188903,71.3809000008041,3.178200000547804
EngineeringROI_B10,JILONG_EI_0059,420,B10,195;58;35;86;90;217;29;119;60;206;235;49;158;88;10;176;170;4;24,0.1,19,121,19,0.0945700699129342,15750.0,True,0.6742061765985211,0.0350877192982456,0.5724925521350547,0.0789473684210526,0.3401834541132185,2,19,0,54.851199995027855,6.929600000148639,73.75039999897126,4.901799999061041
EngineeringROI_B10,JILONG_EI_0059,430,B10,195;58;90;35;86;119;217;14;46;235;60;66;27;177;88;155;25;158;4,0.1,19,120,19,0.122466326163365,15750.0,True,0.6811403508771929,0.0350877192982456,0.5774577954319762,0.0789473684210526,0.3431583085071168,2,19,0,54.652799997711554,5.534800002351403,69.84779999766033,2.281400011270307
EngineeringROI_B10,JILONG_EI_0059,440,B10,195;58;90;35;86;119;10;29;218;252;61;4;49;155;216;176;174;88;128,0.1,19,121,19,0.0911854568844713,15750.0,True,0.6563723357981732,0.0350877192982456,0.5968222442899702,0.0789473684210526,0.3418074169518604,2,19,0,54.17739998665638,6.329299998469651,70.06559999717865,2.28239998978097
EngineeringROI_B10,JILONG_EI_0059,450,B10,195;58;90;86;10;29;218;119;60;34;252;216;176;206;20;88;128;174;170,0.1,19,121,19,0.0823946520051152,15750.0,True,0.6502827316224445,0.0350877192982456,0.599498746867168,0.0789473684210526,0.3409541415522277,2,19,0,54.93350001052022,4.888499999651685,70.33800000499468,3.62920000043232
EngineeringROI_B10,JILONG_EI_0059,460,B10,195;58;90;119;86;27;35;201;235;29;60;174;88;176;25;66;112;170;232,0.1,19,120,19,0.1258432816962884,15750.0,True,0.6745614035087718,0.0350877192982456,0.5566801619433197,0.0789473684210526,0.3363191632928475,2,19,0,56.24540000280831,4.92110000050161,70.45240000297781,2.3052000033203512
EngineeringROI_B10,JILONG_EI_0059,470,B10,195;58;90;86;35;119;10;29;201;235;61;88;112;174;49;176;170;232;4,0.1,19,121,19,0.0993177171474297,15750.0,True,0.6568073075250109,0.0350877192982456,0.5947879407256004,0.0789473684210526,0.3414075839924774,2,19,0,55.36850000498816,5.567800006247126,71.4529999968363,3.398500004550442
EngineeringROI_B10,JILONG_EI_0059,480,B10,195;58;90;86;10;119;217;60;29;35;252;174;66;112;176;219;24;88;78,0.1,19,121,19,0.1065999954055026,15750.0,True,0.7111787733797303,0.0350877192982456,0.5127819548872179,0.0789473684210526,0.3344989539965616,2,19,0,54.05760000576265,5.305099999532104,71.2140000105137,2.695199989830144
EngineeringROI_B10,JILONG_EI_0059,490,B10,195;58;90;10;86;217;34;119;29;61;174;235;66;20;88;68;170;177;172,0.1,19,121,19,0.1100994708670582,15750.0,True,0.6850804697694649,0.0350877192982456,0.5644110275689223,0.0789473684210526,0.3408816462644213,2,19,0,55.45729999721516,5.443300004117191,69.92130000435282,2.2743000008631498
EngineeringROI_B10,JILONG_EI_0059,500,B10,195;58;90;86;217;29;27;119;35;60;174;235;5;172;49;170;176;128;24,0.1,19,122,19,0.1100305534072026,15750.0,True,0.6928386540120793,0.0350877192982456,0.5566037735849056,0.0789473684210526,0.3408693788290708,2,19,0,55.322300002444535,4.813599996850826,71.41889999911655,3.028700011782348
EngineeringROI_B10,JILONG_EI_0059,510,B10,195;41;74;86;217;119;35;29;10;174;61;49;219;106;128;176;170;156;3,0.1,19,122,19,0.1131930990650198,15750.0,True,0.6147540983606558,0.0350877192982456,0.6350546176762661,0.0789473684210526,0.340960950939055,2,19,0,54.79079998622183,6.621499996981584,69.39410000632051,2.202300005592406
EngineeringROI_B10,JILONG_EI_0059,520,B10,195;58;29;86;90;10;51;217;135;174;60;235;88;128;156;3;24;170;78,0.1,19,123,19,0.1259658016249205,15750.0,True,0.6739409499358151,0.0350877192982456,0.5590863952333666,0.0789473684210526,0.33676560822212,2,19,0,54.66310000338126,6.484900004579686,70.01630000013392,2.2170999873196706
EngineeringROI_B10,JILONG_EI_0059,530,B10,195;41;90;86;119;35;10;29;174;217;60;66;3;235;78;112;156;165;170,0.1,19,123,19,0.1294269896087785,15750.0,True,0.6773641420624733,0.0350877192982456,0.5665342601787487,0.0789473684210526,0.33948337249013,2,19,0,54.48449999676086,5.197899998165667,70.19100000616163,2.209800004493445
EngineeringROI_B10,JILONG_EI_0059,540,B10,195;41;74;35;86;119;29;27;232;174;218;60;66;165;3;78;106;170;206,0.1,19,123,19,0.1412578202173197,15750.0,True,0.6799315361574669,0.0350877192982456,0.5734335839598997,0.0789473684210526,0.3418500519591662,2,19,0,56.03950000659097,5.116000000271015,72.0943000051193,2.6402999938
EngineeringROI_B10,JILONG_EI_0059,550,B10,195;58;90;86;84;51;29;119;218;174;27;61;232;49;3;25;170;165;161,0.1,19,124,19,0.1398871285157476,16890.0,True,0.6905772495755518,0.0,0.5566037735849058,0.0789473684210526,0.3315320978953775,2,19,0,55.5434999987483,6.312100013019517,70.36920000973623,2.389499990385957
EngineeringROI_B10,JILONG_EI_0059,560,B10,195;58;84;86;35;119;90;29;60;218;174;49;206;10;78;216;3;24;170,0.1,19,124,19,0.1166006845801012,16890.0,True,0.7122241086587436,0.0,0.5649122807017545,0.0789473684210526,0.3390209394453877,2,19,0,54.80600000009872,5.053000000771135,70.36290000542067,2.3344999935943638
EngineeringROI_B10,JILONG_EI_0059,570,B10,195;58;84;86;217;35;90;29;135;174;49;78;10;60;3;235;170;88;177,0.1,19,125,19,0.11084990542993,16890.0,True,0.712,0.0,0.5664160401002507,0.0789473684210526,0.3393408521303258,2,19,0,57.35240000649355,4.855199993471615,70.71410000207834,2.439200005028397
EngineeringROI_B10,JILONG_EI_0059,580,B10,195;58;90;86;35;119;29;147;217;78;174;27;3;60;49;25;235;177;68,0.1,19,125,19,0.146694642050371,16890.0,True,0.7376842105263158,0.0,0.5453634085213033,0.0789473684210526,0.3404987468671678,2,19,0,54.86469999596011,5.048399994848296,72.9676000046311,3.9588999934494495
EngineeringROI_B10,JILONG_EI_0059,590,B10,195;58;35;86;90;119;217;78;174;3;10;29;60;49;147;235;99;170;24,0.1,19,125,19,0.1148471181015537,16950.0,True,0.7313684210526316,0.0,0.5312810327706057,0.0789473684210526,0.3353992055610725,2,19,0,55.622300002141856,5.271700007142499,70.94329998653848,2.930200003902428
EngineeringROI_B10,JILONG_EI_0059,600,B10,195;58;84;90;86;78;218;51;29;174;135;3;27;60;5;49;216;170;25,0.1,19,124,19,0.1497270102840165,16950.0,True,0.7253820033955857,0.0,0.5585898709036742,0.0789473684210526,0.3407298106800782,2,19,0,54.98919999809005,5.557600001338869,70.74910000665113,2.366300002904609
EngineeringROI_B10,JILONG_EI_0059,610,B10,195;84;58;86;35;90;29;78;218;174;3;27;120;170;60;216;88;25;128,0.1,19,124,19,0.1451095404736926,16950.0,True,0.7364176570458403,0.0,0.5366453516969995,0.0789473684210526,0.3380025942909731,2,19,0,55.23880000691861,6.230600003618747,70.33710001269355,2.4991000100271776
EngineeringROI_B10,JILONG_EI_0059,620,B10,195;84;41;90;86;35;147;44;174;3;201;78;170;10;120;46;14;235;128,0.1,19,125,19,0.1365025154872847,16950.0,True,0.6728421052631579,0.0,0.5924812030075188,0.0789473684210526,0.3360676691729323,2,19,0,55.1804999995511,4.904099987470545,70.92430000193417,2.894899997045286
EngineeringROI_B10,JILONG_EI_0059,630,B10,195;58;84;90;86;78;29;174;201;3;35;10;155;235;60;232;49;134;203,0.1,19,125,19,0.1057500134006172,16950.0,True,0.6884210526315788,0.0,0.580436941410129,0.0789473684210526,0.3369513406156901,2,19,0,54.77019998943433,4.800599999725819,70.5043000052683,2.2677999950246885
EngineeringROI_B10,JILONG_EI_0059,640,B10,195;84;58;90;86;78;10;174;28;3;88;218;60;35;134;232;170;66;161,0.1,19,125,19,0.1235536905299752,16950.0,True,0.7482105263157894,0.0,0.5458089668615985,0.0789473684210526,0.3432417153996101,2,19,0,54.42149999726098,4.831999991438352,69.92090000130702,2.2335999965434894
EngineeringROI_B10,JILONG_EI_0059,650,B10,195;58;84;90;86;3;78;174;217;10;35;44;5;206;170;88;203;66;147,0.1,19,125,19,0.1185916334203735,16950.0,True,0.7263157894736842,0.0,0.5553369404820462,0.0789473684210526,0.3401500245941958,2,19,0,54.57670000032522,7.721500005573034,69.95449999521952,2.207899990025908
EngineeringROI_B10,JILONG_EI_0059,660,B10,195;58;84;90;86;217;78;60;174;3;35;10;28;170;147;203;49;235;5,0.1,19,125,19,0.1165087946336271,16950.0,True,0.7082105263157894,0.0,0.5824230387288977,0.0789473684210526,0.3423952333664349,2,19,0,56.11679999856278,4.8356000042986125,72.10300001315773,3.22030000097584
EngineeringROI_B10,JILONG_EI_0059,670,B10,195;84;58;86;90;217;3;35;78;174;147;206;45;49;203;10;88;235;170,0.1,19,125,19,0.1003514790452634,16950.0,True,0.7107368421052631,0.0,0.5823586744639377,0.0789473684210526,0.3430107212475633,2,19,0,54.22130000079051,5.124999996041879,71.66420000430662,3.0181999900378287
EngineeringROI_B10,JILONG_EI_0059,680,B10,195;84;58;147;217;86;35;78;90;10;3;174;60;28;5;235;49;170;46,0.1,19,124,19,0.1167538344908914,16950.0,True,0.6948217317487266,0.0,0.6050125313283208,0.0789473684210526,0.344695407874525,2,19,0,54.81719999806956,4.782899995916523,70.03329999861307,2.6990000042133038
EngineeringROI_B10,JILONG_EI_0059,690,B10,195;84;58;147;86;217;35;78;3;5;90;174;28;60;46;23;235;25;49,0.1,19,124,19,0.1270072210182937,16980.0,True,0.7283531409168081,0.0,0.5839126117179742,0.0789473684210526,0.3478032802639587,2,19,0,60.88459999591578,7.352900007390417,78.07779998984188,2.5885999930324037
EngineeringROI_B10,JILONG_EI_0059,700,B10,195;84;58;147;35;86;78;217;90;3;44;174;5;235;46;66;25;13;156,0.1,19,125,19,0.1349786738749224,16980.0,True,0.6905263157894737,0.0,0.6232943469785575,0.0789473684210526,0.3481920077972709,2,19,0,54.422300003352575,4.779199996846728,69.15429999935441,2.263600006699562
EngineeringROI_B10,JILONG_EI_0059,710,B10,195;84;58;147;35;78;86;217;90;174;3;44;13;5;235;120;46;156;88,0.1,19,125,19,0.1139129036457336,17010.0,True,0.6960000000000001,0.0,0.6228070175438598,0.0789473684210526,0.349438596491228,2,19,0,54.68169999949168,4.7697999980300665,69.94050000503194,2.433100002235733
EngineeringROI_B10,JILONG_EI_0059,720,B10,195;84;58;217;147;35;86;90;78;60;13;174;5;3;88;235;46;27;25,0.1,19,126,19,0.1311269536185495,17010.0,True,0.7426900584795322,0.0,0.5808788025108642,0.0789473684210526,0.3506290573528623,2,19,0,55.30700000235811,7.98439999925904,71.10340001236182,2.369399997405708
EngineeringROI_B10,JILONG_EI_0059,730,B10,195;84;58;147;217;86;78;35;174;44;3;89;13;5;91;46;66;25;235,0.1,19,126,19,0.1305832714352444,17010.0,True,0.7076023391812866,0.0,0.6098503138580396,0.0789473684210526,0.3491000053650946,2,19,0,54.32519999158103,4.851100005907938,69.62530000600964,2.2699999972246587
EngineeringROI_B10,JILONG_EI_0059,740,B10,195;58;84;217;147;86;78;35;89;13;44;3;174;235;5;25;46;128;192,0.1,19,126,19,0.1260653490669341,17010.0,True,0.6883876357560569,0.0,0.6232943469785575,0.0789473684210526,0.3476573377889167,2,19,0,54.231100002652965,4.780699993716553,70.03249999252148,2.5889000098686665
EngineeringROI_B10,JILONG_EI_0059,750,B10,195;58;84;217;147;86;78;44;90;14;35;174;10;4;88;46;219;165;24,0.1,19,125,19,0.1198015177156159,17010.0,True,0.7027368421052632,0.0,0.6086744639376217,0.0789473684210526,0.3475896686159844,2,19,0,54.614099994068965,5.65459999779705,70.24270000692923,2.4174999998649582
EngineeringROI_B10,JILONG_EI_0059,760,B10,195;58;147;232;86;78;60;90;35;174;165;13;201;3;10;68;235;5;100,0.1,19,125,19,0.1136295763107718,17010.0,True,0.6981052631578947,0.0,0.6290240163515585,0.0789473684210526,0.3515191619826265,2,19,0,57.327099988469854,6.735000002663583,71.16740000492427,2.342300009331666
EngineeringROI_B10,JILONG_EI_0059,770,B10,195;84;58;78;232;147;44;86;35;89;13;3;174;201;5;206;25;170;135,0.1,19,125,19,0.1404920706633688,17010.0,True,0.727157894736842,0.0,0.6115288220551378,0.0789473684210526,0.3544085213032582,2,19,0,55.05820001417305,5.26779999199789,71.23489999503363,2.368799992837012
EngineeringROI_B10,JILONG_EI_0059,780,B10,195;58;78;86;147;89;44;35;10;174;13;217;5;3;99;206;219;46;134,0.1,19,125,19,0.1093413788086468,17040.0,True,0.6429473684210525,0.0,0.6290240163515585,0.0789473684210526,0.3377296882984159,2,19,0,55.2214999916032,7.566399988718331,71.20760000543669,2.2595000045839697
EngineeringROI_B10,JILONG_EI_0059,790,B10,195;58;78;44;86;89;217;147;13;174;35;46;3;166;5;99;10;134;206,0.1,19,125,19,0.1108116179522325,17040.0,True,0.7301052631578947,0.0,0.5819838056680162,0.0789473684210526,0.3477591093117409,2,19,0,54.96209999546409,4.762800002936274,70.4317999916384,2.2541999933309853
EngineeringROI_B10,JILONG_EI_0059,800,B10,195;58;78;217;86;44;13;3;89;174;147;46;166;5;116;35;25;170;219,0.1,19,124,19,0.1475216515686379,17040.0,True,0.7317487266553481,0.0,0.564051638530288,0.0789473684210526,0.3436869334016721,2,19,0,55.39300000236835,6.961000006413087,70.70589999784715,2.591199998278171
EngineeringROI_B10,JILONG_EI_0059,810,B10,195;41;78;217;86;60;13;3;74;174;147;166;46;27;99;66;35;5;88,0.1,19,124,19,0.1324517003468845,17040.0,True,0.7474533106960951,0.0,0.5744786494538233,0.0789473684210526,0.3502198321427427,2,19,0,54.68719999771565,5.7080999977188185,70.12539998686407,2.3741999902995303
EngineeringROI_B10,JILONG_EI_0059,820,B10,195;58;78;217;86;13;44;10;174;3;89;46;35;5;116;155;199;164;49,0.1,19,125,19,0.1496657503197004,17040.0,True,0.7469473684210527,0.0,0.5393483709273184,0.0789473684210526,0.3413107769423559,2,19,0,54.68250000558328,5.123900002217852,70.21039999381173,2.3551000049337745
EngineeringROI_B10,JILONG_EI_0059,830,B10,195;78;217;41;44;86;89;174;3;13;46;147;10;35;5;100;156;133;128,0.1,19,125,19,0.1494972854178312,17040.0,True,0.7145263157894736,0.0,0.5664160401002506,0.0789473684210526,0.3399724310776942,2,19,0,54.436899998108856,5.090299993753433,69.94809999014251,2.4019000120460987
EngineeringROI_B10,JILONG_EI_0059,840,B10,195;78;58;217;13;86;44;147;89;174;3;206;46;35;10;199;156;5;235,0.1,19,125,19,0.1158961949904664,17070.0,True,0.7267368421052631,0.0,0.5960038986354776,0.0789473684210526,0.3504220272904483,2,19,0,54.77909999899566,6.073500000638887,70.79450000310317,2.3464999976567924
EngineeringROI_B10,JILONG_EI_0059,850,B10,195;84;78;58;13;86;147;89;217;174;46;44;19;5;51;199;10;235;156,0.1,19,124,19,0.117289859178657,17070.0,True,0.7389643463497453,0.0,0.600877192982456,0.0789473684210526,0.3546972269383134,2,19,0,54.690999997546896,4.932299998472445,70.11459999193903,2.2323999874060974
EngineeringROI_B10,JILONG_EI_0059,860,B10,195;84;58;78;13;217;44;86;89;147;35;174;46;3;199;10;116;235;161,0.1,19,125,19,0.1264022788706725,17070.0,True,0.7823157894736842,0.0,0.5871559633027523,0.0789473684210526,0.3621047802993722,2,19,0,54.76930001168512,4.744600009871647,71.49919999937993,3.426800001761876
EngineeringROI_B10,JILONG_EI_0059,870,B10,195;13;58;78;86;44;217;89;3;46;174;35;147;10;161;235;99;206;5,0.1,19,125,19,0.1143800108736436,17070.0,True,0.7208421052631578,0.0,0.5799311362518446,0.0789473684210526,0.3449301524840137,2,19,0,54.20760001288727,5.213500000536442,70.05070000013802,2.234400002635084
EngineeringROI_B10,JILONG_EI_0059,880,B10,195;58;13;78;86;89;217;60;46;174;35;3;10;147;235;161;99;156;206,0.1,19,125,19,0.1063626130437779,17100.0,True,0.729263157894737,0.0,0.5779543197616683,0.0789473684210526,0.3465412115193644,2,19,0,54.594100001850165,4.9054000119213015,70.20509999711066,3.042099997401237
EngineeringROI_B10,JILONG_EI_0059,890,B10,195;58;13;78;35;86;44;89;3;46;232;174;147;10;201;5;99;235;166,0.1,19,125,19,0.1167768069775099,17100.0,True,0.7385263157894737,0.0,0.588785046728972,0.0789473684210526,0.3515646827348745,2,19,0,54.52049999439623,5.746700000599958,69.54769999720156,2.278600004501641
EngineeringROI_B10,JILONG_EI_0059,900,B10,195;58;13;89;78;44;86;232;35;46;174;201;147;10;166;3;116;206;161,0.1,19,125,19,0.132849890114939,17100.0,True,0.7658947368421053,0.0,0.5476663356504468,0.0789473684210526,0.3481271102284011,2,19,0,54.49969999608584,4.755899994052015,71.46589999319986,2.5982000079238787
EngineeringROI_B10,JILONG_EI_0059,910,B10,195;58;13;44;86;78;46;89;174;217;3;147;35;199;10;161;116;156;134,0.1,19,126,19,0.1341822943388135,17100.0,True,0.7652464494569757,0.0,0.531328320802005,0.0789473684210526,0.3438805346700084,2,19,0,55.72109999775421,4.880899999989197,70.49850000475999,2.690200009965338
EngineeringROI_B10,JILONG_EI_0059,920,B10,195;58;13;44;86;46;89;217;174;3;78;147;10;35;66;161;134;219;251,0.1,19,126,19,0.1157277300885972,17100.0,True,0.7000835421888054,0.0,0.5825242718446602,0.0789473684210526,0.3403887956136295,2,19,0,54.505199994309805,5.492600001161918,70.29820000752807,2.216299995779991
EngineeringROI_B10,JILONG_EI_0059,930,B10,195;58;13;44;86;46;217;89;174;78;19;147;10;5;116;161;251;91;171,0.1,19,126,19,0.1275202732194408,17100.0,True,0.6908939014202172,0.0,0.5799693408277977,0.0789473684210526,0.3374526526672669,2,19,0,55.18219999794383,4.734699992695823,70.35709999036044,2.448500003083609
EngineeringROI_B10,JILONG_EI_0059,940,B10,195;58;84;13;44;86;217;89;46;78;35;174;147;3;206;10;116;214;251,0.1,19,126,19,0.126409936366212,17100.0,True,0.7736006683375104,0.0,0.5804655870445344,0.0789473684210526,0.3582534059507744,2,19,0,54.31420000968501,7.479899999452755,70.75789998634718,3.437799998209812
EngineeringROI_B10,JILONG_EI_0059,950,B10,195;13;41;44;217;86;89;46;78;174;147;19;10;161;23;214;171;235;120,0.1,19,126,19,0.1351394812812521,17100.0,True,0.6904761904761906,0.0,0.586687306501548,0.0789473684210526,0.3390277163496978,2,19,0,53.93949999415781,4.943799998727627,70.17580000683665,2.8128999983891845
EngineeringROI_B10,JILONG_EI_0059,960,B10,195;13;58;44;86;217;89;3;46;174;78;147;10;35;235;156;206;117;170,0.1,19,125,19,0.1411353002886876,17100.0,True,0.7410526315789474,0.0,0.5652631578947369,0.0789473684210526,0.3463157894736842,2,19,0,54.92680000315886,4.901099993730895,70.52380000823177,2.4046000035014004
EngineeringROI_B10,JILONG_EI_0059,970,B10,195;58;13;44;217;86;89;10;46;3;147;174;78;156;35;235;206;170;120,0.1,19,125,19,0.1235690055210542,17100.0,True,0.7440000000000001,0.0,0.5732714138286894,0.0789473684210526,0.3490546955624355,2,19,0,54.74700000195298,4.850899989833124,69.52109999838285,2.277300009154714
EngineeringROI_B10,JILONG_EI_0059,980,B10,195;58;13;217;44;86;89;3;46;174;78;147;10;156;192;35;235;170;116,0.1,19,125,19,0.1361809006746253,17100.0,True,0.7734736842105264,0.0,0.5558897243107769,0.0789473684210526,0.352077694235589,2,19,0,54.53759999363683,5.219200000283308,70.5483999918215,2.4344999983441085
EngineeringROI_B10,JILONG_EI_0059,990,B10,195;58;13;44;232;86;89;3;46;78;174;218;25;35;156;161;170;66;116,0.1,19,125,19,0.1619790031472306,17100.0,True,0.7907368421052632,0.0,0.510986203372509,0.0789473684210526,0.3451676034747062,2,19,0,55.04089999885764,5.99010000587441,70.99599999492057,2.350099995965138
EngineeringROI_B10,JILONG_EI_0059,1000,B10,195;13;41;44;102;89;232;46;35;78;174;10;201;3;161;170;156;235;206,0.1,19,125,19,0.138945256564388,17100.0,True,0.7056842105263158,0.0,0.6239141543178333,0.0526315789473684,0.3455574859478794,1,19,0,54.807299995445646,4.922799998894334,70.58349999715574,2.3055999918142334
EngineeringROI_B10,JILONG_EI_0059,1010,B10,195;13;57;44;102;35;46;217;89;174;3;78;206;199;161;235;170;25;116,0.1,19,126,19,0.144137038540175,17100.0,True,0.7514619883040936,0.0,0.6025062656641604,0.0526315789473684,0.3516499582289056,1,19,0,54.8687999980757,4.8460999969393015,70.78379999438766,2.2696999949403107
EngineeringROI_B10,JILONG_EI_0059,1020,B10,195;13;58;44;217;86;3;174;88;78;46;10;199;161;35;206;235;170;112,0.1,19,126,19,0.1219915614399154,17100.0,True,0.7355889724310778,0.0,0.5758814512008176,0.0789473684210526,0.347604448013237,2,19,0,54.71909999323543,5.584300000919029,70.8745000010822,2.329199996893294
EngineeringROI_B10,JILONG_EI_0059,1030,B10,195;13;57;60;86;217;3;174;89;78;161;199;46;35;235;27;25;156;170,0.1,19,126,19,0.1523305587674495,17100.0,True,0.7765246449456975,0.0,0.4994840041279669,0.0789473684210526,0.3387390043736793,2,19,0,54.59839999093674,4.8793000023579225,70.808999997098,2.339300001040101
EngineeringROI_B10,JILONG_EI_0059,1040,B10,195;13;57;3;44;86;217;89;161;46;174;199;78;35;235;10;170;206;134,0.1,19,126,19,0.1230789258065257,17100.0,True,0.7389306599832915,0.0,0.5677056719468574,0.0789473684210526,0.3463959250878004,2,19,0,55.63350000011269,7.269399997312576,70.81020000623539,2.4416999949608
EngineeringROI_B10,JILONG_EI_0059,1050,B10,195;58;13;3;217;44;35;86;89;46;174;10;161;78;134;235;170;99;206,0.1,19,126,19,0.1232091032306973,17100.0,True,0.7497911445279866,0.0,0.5810113519091848,0.0789473684210526,0.352437466214556,2,19,0,54.70799999602605,5.010400011087768,70.33210000372492,2.2927000100025907
EngineeringROI_B10,JILONG_EI_0059,1060,B10,195;13;84;57;3;44;217;86;35;10;46;174;161;134;89;78;219;170;156,0.1,19,126,19,0.127658108139152,17100.0,True,0.7564745196324143,0.0,0.5887512899896802,0.0789473684210526,0.3560432945107867,2,19,0,56.41499999910593,5.6505000102333724,70.87729999329895,2.690200009965338
EngineeringROI_B10,JILONG_EI_0059,1070,B10,195;13;44;57;3;86;217;46;161;35;174;78;89;134;219;100;25;156;206,0.1,19,126,19,0.1415411475522815,17100.0,True,0.7318295739348372,0.0,0.556539864512767,0.0789473684210526,0.3418292017171642,2,19,0,54.492499999469146,4.8971999931382015,70.05880000360776,2.306300011696294
EngineeringROI_B10,JILONG_EI_0059,1080,B10,195;44;57;13;3;217;86;46;161;174;78;89;35;100;235;134;206;156;25,0.1,19,126,19,0.142827606802919,17130.0,True,0.7535505430242272,0.0,0.5427963849016482,0.0789473684210526,0.343823574086732,2,19,0,54.44540000462439,5.453899997519329,70.27169999491889,2.270400000270456
EngineeringROI_B10,JILONG_EI_0059,1090,B10,195;13;58;3;44;217;86;46;161;206;174;35;89;203;78;134;25;66;116,0.1,19,126,19,0.1486626184040247,17130.0,True,0.8091060985797828,0.0,0.5064446831364124,0.0789473684210526,0.348624537534312,2,19,0,54.84959999739658,4.740000003948808,69.5352000038838,2.5247000012313947
EngineeringROI_B10,JILONG_EI_0059,1100,B10,195;3;217;57;13;44;102;89;161;35;174;203;206;78;46;156;100;235;25,0.1,19,126,19,0.1332710523696119,17130.0,True,0.7485380116959065,0.0,0.5768208399787348,0.0526315789473684,0.3444976076555023,1,19,0,54.44159999024123,4.776799993123859,70.17549999000039,2.1896999969612807
EngineeringROI_B10,JILONG_EI_0059,1110,B10,195;13;57;217;44;3;86;46;89;174;78;203;35;161;206;100;10;156;148,0.1,19,126,19,0.1453698953220359,17130.0,True,0.7794486215538847,0.0,0.5119617224880383,0.0789473684210526,0.3425894281157439,2,19,0,55.22650000057183,6.43829999899026,70.40680000500288,3.8915000041015446
EngineeringROI_B10,JILONG_EI_0059,1120,B10,195;58;13;3;217;44;86;89;225;78;174;161;35;156;25;46;235;99;128,0.1,19,126,19,0.1625073703394567,20520.0,True,0.7447786131996658,0.0526315789473684,0.4804585721730067,0.0789473684210526,0.3392040331852733,2,19,0,54.056900000432506,6.120999998529442,71.89610000932589,3.1906000076560304
EngineeringROI_B10,JILONG_EI_0059,1130,B10,195;58;13;128;3;217;86;225;44;35;89;161;46;174;78;156;219;121;40,0.1,19,126,19,0.1645672366395846,20520.0,True,0.7422723475355054,0.0526315789473684,0.5300000000000001,0.0789473684210526,0.3509628237259816,2,19,0,54.88999999943189,4.797499990672804,70.63519999792334,2.359299993258901
EngineeringROI_B10,JILONG_EI_0059,1140,B10,195;13;225;217;3;57;86;161;44;35;89;46;158;78;128;156;235;100;10,0.1,19,126,19,0.152384161236226,20520.0,True,0.766499582289056,0.0526315789473684,0.5252631578947369,0.0789473684210526,0.3558354218880534,2,19,0,54.06190000940114,4.851399993640371,71.36760000139475,3.441599998041056
EngineeringROI_B10,JILONG_EI_0059,1150,B10,195;225;3;13;217;57;89;102;44;161;35;174;78;156;135;46;49;25;99,0.1,19,126,19,0.1558759792022421,20520.0,True,0.7414369256474519,0.0526315789473684,0.5402792696025778,0.0526315789473684,0.3467448382861916,1,19,0,55.13740000606049,4.742699995404109,71.70610000321176,3.872500004945323
EngineeringROI_B10,JILONG_EI_0059,1160,B10,195;225;2;13;58;217;89;44;86;35;128;174;78;161;46;235;156;49;25,0.1,19,127,19,0.1619866606427701,20520.0,True,0.8023207625362619,0.0526315789473684,0.4963880288957688,0.0789473684210526,0.357571934700113,2,19,0,54.05429999518674,5.568300010054372,70.23310000658967,2.241499998490326
EngineeringROI_B10,JILONG_EI_0059,1170,B10,195;225;13;3;57;217;89;86;35;128;161;174;78;44;156;235;46;25;135,0.1,19,126,19,0.1638397745633313,20520.0,True,0.7965747702589808,0.0526315789473684,0.486969851814001,0.0789473684210526,0.3537808923603507,2,19,0,55.5018999875756,6.473300003563054,70.6991999904858,2.31210001220461
EngineeringROI_B10,JILONG_EI_0059,1180,B10,195;225;58;3;217;13;89;86;46;35;174;44;128;206;156;161;25;235;94,0.1,19,126,19,0.1503932123959537,20580.0,True,0.81203007518797,0.0526315789473684,0.4949392712550608,0.0789473684210526,0.3596370734528629,2,19,0,56.09749999712221,4.926700014038943,70.13769999321084,2.2873999987496063
EngineeringROI_B10,JILONG_EI_0059,1190,B10,195;225;13;57;3;217;86;89;35;44;128;174;161;62;235;25;171;135;94,0.1,19,126,19,0.1539998927950624,20580.0,True,0.7857142857142856,0.0526315789473684,0.4924089068825911,0.0789473684210526,0.3524255349913245,2,19,0,56.5844999946421,7.264799991389736,70.17740000446793,2.292200006195344
EngineeringROI_B10,JILONG_EI_0059,1200,B10,195;225;57;3;217;128;13;89;86;46;174;44;161;50;219;25;214;171;206,0.1,19,125,19,0.1379268096576333,20670.0,True,0.7166315789473684,0.0526315789473684,0.5799895779051589,0.0789473684210526,0.357050026055237,2,19,0,54.9398999864934,6.862399997771718,70.67390000156593,2.687100000912324
EngineeringROI_B10,JILONG_EI_0059,1210,B10,195;225;58;2;128;217;86;28;77;89;158;161;35;206;219;14;171;25;133,0.1,19,126,19,0.16448300418865,20700.0,True,0.7393483709273182,0.0526315789473684,0.5257894736842105,0.0789473684210526,0.3491791979949875,2,19,0,56.89100000017788,6.1738999938825145,72.58930000534747,2.8331999928923324
EngineeringROI_B10,JILONG_EI_0059,1220,B10,195;225;3;57;217;102;28;89;46;35;128;158;161;77;133;25;235;14;156,0.1,19,125,19,0.1611137061512661,20730.0,True,0.8021052631578949,0.0526315789473684,0.4949494949494949,0.0526315789473684,0.3505794790005316,1,19,0,55.62949999875855,6.132700000307523,70.79509999311995,2.289199997903779
EngineeringROI_B10,JILONG_EI_0059,1230,B10,195;225;3;57;13;217;44;86;89;174;161;35;5;235;46;77;25;133;171,0.1,19,125,19,0.1709612454150745,20790.0,True,0.776421052631579,0.0526315789473684,0.4951664876476907,0.0789473684210526,0.3507916219119226,2,19,0,55.78500000410713,5.895099995541386,72.4672000069404,3.297599992947653
EngineeringROI_B10,JILONG_EI_0059,1240,B10,195;225;58;217;3;35;86;89;44;158;199;161;134;235;25;77;33;171;166,0.1,19,125,19,0.1604628190304079,20820.0,True,0.7562105263157894,0.0526315789473684,0.4947368421052632,0.0789473684210526,0.3456315789473684,2,19,0,54.407300005550496,5.657100002281368,70.56419999571517,2.2545999963767827
EngineeringROI_B10,JILONG_EI_0059,1250,B10,195;225;57;3;217;35;86;89;161;46;28;158;134;33;235;166;77;25;171,0.1,19,125,19,0.1527134335444249,20850.0,True,0.7625263157894737,0.0526315789473684,0.521531100478469,0.0789473684210526,0.3539090909090909,2,19,0,54.711099990527146,4.8931999917840585,71.30189999588765,2.584400004707277
EngineeringROI_B10,JILONG_EI_0059,1260,B10,195;225;2;58;217;89;102;28;128;35;174;161;46;134;33;235;156;25;77,0.1,19,126,19,0.1393893913056795,20910.0,True,0.7936507936507936,0.0526315789473684,0.5288957688338493,0.0526315789473684,0.356952430094845,1,19,0,54.62269998679403,5.498099999385886,72.07239999843296,2.315099991392344
EngineeringROI_B10,JILONG_EI_0059,1270,B10,195;225;2;57;13;217;128;86;46;44;90;158;88;35;161;33;219;77;171,0.1,19,126,19,0.1381565345238186,20940.0,True,0.7184628237259817,0.0526315789473684,0.586687306501548,0.0789473684210526,0.3591822693989877,2,19,0,57.855799997923896,4.91080000938382,69.86210000468418,2.2706000017933547
EngineeringROI_B10,JILONG_EI_0059,1280,B10,195;225;57;3;217;90;219;86;28;35;158;128;46;161;88;33;214;135;94,0.1,19,125,19,0.1288297049566968,21030.0,True,0.7621052631578946,0.0526315789473684,0.540279269602578,0.0789473684210526,0.3584908700322234,2,19,0,57.21050000283867,4.941800012602471,72.765500008245,3.5742999898502603
EngineeringROI_B10,JILONG_EI_0059,1290,B10,195;225;58;3;217;90;28;86;35;161;128;46;157;33;219;134;213;171;94,0.1,19,125,19,0.1332633948740725,21060.0,True,0.720421052631579,0.0526315789473684,0.5633727175080558,0.0789473684210526,0.353843179377014,2,19,0,55.353999996441416,4.859799999394454,70.07260000682436,2.458499991917052
EngineeringROI_B10,JILONG_EI_0059,1300,B10,195;225;2;58;217;90;44;35;86;161;157;46;128;235;206;33;213;25;171,0.1,19,127,19,0.1467865319968451,21090.0,True,0.7318690426854537,0.0526315789473684,0.5742105263157895,0.0789473684210526,0.359414629092416,2,19,0,54.07040000136476,4.673399991588667,70.49800000095274,2.340299994102679
EngineeringROI_B10,JILONG_EI_0059,1310,B10,195;225;3;217;57;90;86;161;35;28;46;157;112;235;33;214;77;166;206,0.1,19,126,19,0.1349480438927644,21090.0,True,0.7205513784461153,0.0526315789473684,0.5768208399787347,0.0789473684210526,0.3572377914483178,2,19,0,54.48710000200663,5.328300001565367,71.42570000723936,3.095799998845905
EngineeringROI_B10,JILONG_EI_0059,1320,B10,195;225;217;58;3;90;35;86;128;203;161;46;44;174;251;156;77;49;88,0.1,19,126,19,0.1383939168855434,21120.0,True,0.7543859649122807,0.0526315789473684,0.5513024986709197,0.0789473684210526,0.3593168527379054,2,19,0,54.45000001054723,4.7630000044591725,70.55579998996109,2.3135999945225194
EngineeringROI_B10,JILONG_EI_0059,1330,B10,195;225;217;57;3;86;90;161;44;46;251;199;128;50;203;206;158;77;156,0.1,19,126,19,0.1386542717338867,21120.0,True,0.7681704260651628,0.0526315789473684,0.5417331206804892,0.0789473684210526,0.3603706235285183,2,19,0,55.035599987604655,4.790200007846579,70.47130000137258,2.282000001287088
EngineeringROI_B10,JILONG_EI_0059,1340,B10,225;195;58;217;3;90;86;161;13;46;44;157;72;235;112;77;135;35;49,0.1,19,125,19,0.138478149336478,21120.0,True,0.7250526315789474,0.0526315789473684,0.5630482456140351,0.0789473684210526,0.3549199561403509,2,19,0,54.683599999407306,5.459499996504746,70.58689999394119,2.4594999995315447
EngineeringROI_B10,JILONG_EI_0059,1350,B10,195;225;58;217;3;161;86;90;13;44;46;72;112;157;51;219;206;49;155,0.1,19,126,19,0.1215167967164659,21180.0,True,0.6808688387635756,0.0526315789473684,0.6033640803038524,0.0789473684210526,0.3539529666089623,2,19,0,55.4196999873966,5.001800003810786,71.21419999748468,2.626700006658212
EngineeringROI_B10,JILONG_EI_0059,1360,B10,195;225;217;58;2;161;90;86;13;46;44;35;219;112;158;10;49;72;156,0.1,19,126,19,0.1218154390425067,21210.0,True,0.7422723475355054,0.0526315789473684,0.5642973412913728,0.0789473684210526,0.3595371590488248,2,19,0,54.24569999740925,4.694099989137612,70.13799999549519,2.317399994353764
EngineeringROI_B10,JILONG_EI_0059,1370,B10,195;225;217;58;3;102;90;161;35;13;219;44;46;112;158;49;56;94;155,0.1,19,124,19,0.1366326929114563,21210.0,True,0.7678268251273345,0.0526315789473684,0.5670103092783506,0.0526315789473684,0.3600250730751055,1,19,0,54.25139999715611,4.669100002502091,70.1283000089461,2.2194000048330054
EngineeringROI_B10,JILONG_EI_0059,1380,B10,225;195;217;57;3;86;35;161;13;90;46;44;219;112;157;49;94;135;206,0.1,19,124,19,0.131601718341999,21210.0,True,0.7253820033955857,0.0526315789473684,0.5821697099892589,0.0789473684210526,0.3597826651883164,2,19,0,54.17070000839885,4.672800001571886,69.68029998824932,2.239299996290356
EngineeringROI_B10,JILONG_EI_0059,1390,B10,225;195;217;58;3;90;86;46;13;161;199;44;35;219;10;135;157;94;49,0.1,19,124,19,0.1325818777710562,21210.0,True,0.7618845500848896,0.0526315789473684,0.5461868958109559,0.0789473684210526,0.3599125983160666,2,19,0,55.005899994284846,8.996000004117377,70.7175000134157,2.215000000433065
EngineeringROI_B10,JILONG_EI_0059,1400,B10,225;195;2;217;57;161;86;128;90;44;135;203;62;35;158;235;49;156;94,0.1,19,125,19,0.1422303221508373,21210.0,True,0.7932631578947368,0.0526315789473684,0.5295381310418904,0.0789473684210526,0.3635950590762621,2,19,0,54.13760000374168,7.581799989566207,69.94820000545587,2.223000003141351
EngineeringROI_B10,JILONG_EI_0059,1410,B10,225;195;217;57;3;161;86;90;35;44;203;128;235;135;49;174;46;94;171,0.1,19,123,19,0.1330106975212687,21210.0,True,0.7543859649122806,0.0526315789473684,0.5545306565382528,0.0789473684210526,0.3601238922047386,2,19,0,54.484400010551326,6.223799995495938,70.36979999975301,2.2591000015381724
EngineeringROI_B10,JILONG_EI_0059,1420,B10,195;225;2;217;57;161;86;90;46;229;35;28;128;157;10;49;77;219;135,0.1,19,124,19,0.1321836880030017,21240.0,True,0.7474533106960951,0.0526315789473684,0.5789473684210527,0.0789473684210526,0.3644949066213922,2,19,0,54.98260000604205,4.616500009433366,70.25560000329278,2.2338999988278374
EngineeringROI_B10,JILONG_EI_0059,1430,B10,195;225;3;217;57;86;90;161;46;44;13;35;128;135;235;141;94;49;104,0.1,19,124,19,0.1284315151886424,21240.0,True,0.7538200339558574,0.0526315789473684,0.5577862181226261,0.0789473684210526,0.3607962998617261,2,19,0,54.65830001048744,4.659199999878183,69.72670000686776,2.834300001268275
EngineeringROI_B10,JILONG_EI_0059,1440,B10,195;225;58;217;2;128;46;90;86;161;13;44;50;203;199;157;229;104;155,0.1,19,123,19,0.1183006485898722,21240.0,True,0.7642276422764228,0.0526315789473684,0.5680954964731416,0.0789473684210526,0.3659755215294963,2,19,0,54.2453999951249,4.62409999454394,71.24320000002626,2.2843000042485078
EngineeringROI_B10,JILONG_EI_0069,10,B10,78;128;195;106;206;13;84;235;174;202;119;192;34;4;44;46;66;57;156,0.1,19,128,19,0.0935592805017191,,False,0.7730263157894737,0.0,0.7414187643020596,0.0526315789473684,0.3917691647597254,1,19,0,57.11090000113472,6.24940000125207,71.19499999680556,2.2601999953622
EngineeringROI_B10,JILONG_EI_0069,20,B10,195;77;13;174;112;49;202;46;235;44;121;20;192;206;119;69;90;58;51,0.1,19,126,19,0.0951137520962394,13860.0,True,0.695906432748538,0.0526315789473684,0.7170490328385065,0.087719298245614,0.3883265856950067,2,19,0,54.43869999726303,5.465299997013062,70.015000004787,2.2438000014517456
EngineeringROI_B10,JILONG_EI_0069,30,B10,195;77;74;29;50;69;206;105;119;174;218;128;4;252;27;99;147;177;32,0.1,19,126,19,0.0899985450758475,13860.0,True,0.7564745196324145,0.0526315789473684,0.6387154326494201,0.087719298245614,0.3838852073687043,2,19,0,54.96530000527855,5.710500001441687,71.77660000161268,3.518500001518987
EngineeringROI_B10,JILONG_EI_0069,40,B10,195;77;84;106;74;50;128;29;251;174;119;206;203;27;155;86;4;166;217,0.1,19,126,19,0.0996546469511681,14040.0,True,0.7117794486215538,0.0526315789473684,0.7017543859649122,0.0701754385964912,0.3840852130325814,2,19,0,54.539399992791004,4.6827000041957945,70.63220000418369,2.3400000063702464
EngineeringROI_B10,JILONG_EI_0069,50,B10,195;61;58;121;13;49;158;112;4;88;251;202;177;190;93;232;10;100;156,0.1,19,122,19,0.0841175885015046,14820.0,True,0.6264020707506471,0.0526315789473684,0.7387051700046577,0.0526315789473684,0.3675925996625104,1,19,0,54.81109999527689,4.627000002074055,71.60870000370778,3.38700000429526
EngineeringROI_B10,JILONG_EI_0069,60,B10,195;61;13;58;66;47;251;104;4;176;157;34;91;217;135;203;93;128;206,0.1,19,123,19,0.0731137674112304,14790.0,True,0.7222935387248609,0.0526315789473684,0.7194548872180452,0.0526315789473684,0.3867528959594107,1,19,0,55.529600009322166,4.876599996350706,71.56039999972563,2.406600004178472
EngineeringROI_B10,JILONG_EI_0069,70,B10,195;60;29;47;218;57;157;49;104;35;206;27;91;3;252;25;68;93;185,0.1,19,125,19,0.1150845004632784,15240.0,True,0.7393684210526317,0.0526315789473684,0.6481994459833795,0.0526315789473684,0.373207756232687,1,19,0,55.34910000278615,5.058499998995103,70.36290000542067,2.777100002276711
EngineeringROI_B10,JILONG_EI_0069,80,B10,195;44;13;218;46;58;192;4;49;121;156;77;174;51;112;216;206;69;71,0.1,19,126,19,0.1206438422249619,15240.0,True,0.6461988304093568,0.0526315789473684,0.6775119617224882,0.087719298245614,0.3660154173312067,2,19,0,54.41520000749733,4.709700006060302,70.24610000371467,2.7264000091236085
EngineeringROI_B10,JILONG_EI_0069,90,B10,195;44;57;33;90;203;174;156;235;120;66;217;26;77;14;134;69;20;170,0.1,19,124,19,0.1310656936542334,15240.0,True,0.6116298811544991,0.0526315789473684,0.6767626613704072,0.087719298245614,0.3571858549294722,2,19,0,55.37960000219755,5.081800001789816,70.99209999432787,2.562000008765608
EngineeringROI_B10,JILONG_EI_0069,100,B10,195;28;61;58;192;218;4;128;33;26;106;120;157;206;170;69;51;23;94,0.1,19,121,19,0.134580484106868,15240.0,True,0.6872553284036538,0.0526315789473684,0.6550843127235565,0.087719298245614,0.3706726295800482,2,19,0,56.26620000111871,4.60630000452511,69.91960000596009,2.2637000074610114
EngineeringROI_B10,JILONG_EI_0069,110,B10,195;28;76;202;74;47;20;235;176;41;10;50;158;112;229;155;104;206;69,0.1,19,122,19,0.0852279253547334,15240.0,True,0.6880931837791199,0.0526315789473684,0.6802383316782523,0.087719298245614,0.3771705981625886,2,19,0,54.804600003990345,4.666900000302121,70.10310000623576,2.904799999669194
EngineeringROI_B10,JILONG_EI_0069,120,B10,195;27;29;61;235;186;90;217;58;135;33;88;20;121;133;158;177;213;94,0.1,19,122,19,0.132880520097097,15240.0,True,0.6846419327006039,0.0526315789473684,0.7097884899163798,0.0526315789473684,0.3749233951279301,1,19,0,55.53199999849312,4.828799996175803,70.35080000059679,2.6144000003114343
EngineeringROI_B10,JILONG_EI_0069,130,B10,195;27;47;202;61;235;106;29;57;174;4;104;170;50;69;206;192;101;32,0.1,19,121,19,0.1176497614690139,15240.0,True,0.7050891692040018,0.0526315789473684,0.7068371864240038,0.087719298245614,0.388069308205247,2,19,0,54.93689999275375,6.047000002581626,70.76950000191573,2.301000000443309
EngineeringROI_B10,JILONG_EI_0069,140,B10,195;27;47;60;202;57;174;29;112;69;103;34;106;170;4;233;215;25;229,0.1,19,121,19,0.1154903477268724,15240.0,True,0.7316224445411049,0.0526315789473684,0.6671679197994987,0.087719298245614,0.3847853103833965,2,19,0,54.74809999577701,4.705500003183261,70.45159999688622,2.2203999978955835
EngineeringROI_B10,JILONG_EI_0069,150,B10,195;27;106;219;61;47;29;74;217;50;4;170;177;174;104;86;215;40;32,0.1,19,121,19,0.1421537471954422,15240.0,True,0.7055241409308395,0.0526315789473684,0.6837044534412955,0.0701754385964912,0.3780089029789987,2,19,0,54.62619999889285,6.54049999138806,70.34630000998732,2.246600008220412
EngineeringROI_B10,JILONG_EI_0069,160,B10,195;26;58;219;28;105;60;217;177;50;19;157;102;186;91;79;69;40;5,0.1,19,122,19,0.1420235697712706,15240.0,True,0.6527178602243313,0.0526315789473684,0.6385302879841113,0.087719298245614,0.3578997563503562,2,19,0,54.11730000923853,4.810300000826828,71.83870000881143,3.156399994622916
EngineeringROI_B10,JILONG_EI_0069,170,B10,195;58;26;219;106;29;61;201;251;50;174;233;177;47;156;229;69;20;112,0.1,19,122,19,0.110413428184178,15240.0,True,0.6635030198446937,0.0526315789473684,0.7229394240317776,0.087719298245614,0.3816983302673634,2,19,0,55.8757999970112,4.715700008091517,70.03770000301301,2.2269000037340447
EngineeringROI_B10,JILONG_EI_0069,180,B10,195;25;58;90;28;218;158;177;60;49;69;232;128;120;93;71;4;213;133,0.1,19,121,19,0.1393970488012191,15240.0,True,0.6859504132231404,0.0526315789473684,0.6140350877192983,0.087719298245614,0.3600840945338552,2,19,0,54.835500006447546,5.108600002131425,71.62580000294838,3.3186999935423955
EngineeringROI_B10,JILONG_EI_0069,190,B10,195;25;58;202;105;29;251;19;192;60;206;27;233;69;102;157;49;229;171,0.1,19,119,19,0.1152070203919106,15240.0,True,0.679345422379478,0.0526315789473684,0.6357069143446852,0.087719298245614,0.3638508034792865,2,19,0,54.76129999442492,6.883099995320663,70.68740000249818,2.7439999976195395
EngineeringROI_B10,JILONG_EI_0069,200,B10,195;25;58;251;90;88;201;121;233;19;47;45;50;174;219;177;13;86;99,0.1,19,119,19,0.091315634308643,15180.0,True,0.6709420610349401,0.0526315789473684,0.7186034392912974,0.0701754385964912,0.3780881294675244,2,19,0,54.82330000086222,4.734200003440492,69.98960000055376,2.2213000047486275
EngineeringROI_B10,JILONG_EI_0069,210,B10,195;41;10;88;251;217;47;50;74;106;219;20;29;60;120;157;177;170;229,0.1,19,119,19,0.0850824329394828,15180.0,True,0.6709420610349403,0.0526315789473684,0.7332995951417004,0.0526315789473684,0.3773762035178444,1,19,0,54.59139999584295,4.648200003430247,70.32520000939257,2.608800001326017
EngineeringROI_B10,JILONG_EI_0069,220,B10,195;40;58;10;106;202;88;233;50;28;112;177;60;69;135;170;235;165;94,0.1,19,120,19,0.1204447473409346,15180.0,True,0.6855263157894737,0.0526315789473684,0.638157894736842,0.087719298245614,0.3660087719298245,2,19,0,55.60649999824818,4.690699992352165,70.29269999475218,2.815200001350604
EngineeringROI_B10,JILONG_EI_0069,230,B10,195;58;88;40;219;90;50;233;28;10;19;201;177;121;60;112;52;170;135,0.1,19,120,19,0.11084990542993,15180.0,True,0.7368421052631579,0.0526315789473684,0.6611528822055138,0.0526315789473684,0.3758145363408521,1,19,0,55.68180000409484,5.010199995012954,71.97429999359883,2.2231999901123345
EngineeringROI_B10,JILONG_EI_0069,240,B10,195;88;57;217;47;219;49;106;119;26;29;19;60;24;252;177;51;170;112,0.1,19,120,19,0.0966758811862992,15180.0,True,0.7175438596491229,0.0526315789473684,0.6442307692307692,0.0526315789473684,0.3667594466936572,1,19,0,55.12089999683667,5.112500002724119,70.48890000442043,2.2779999999329448
EngineeringROI_B10,JILONG_EI_0069,250,B10,195;88;58;106;219;10;233;47;192;119;44;50;252;170;13;19;23;56;94,0.1,19,121,19,0.0925714635771224,15180.0,True,0.7116137451065682,0.0526315789473684,0.6702076291646548,0.0526315789473684,0.3717711330414899,1,19,0,55.10050000157207,5.974400002742186,70.8032000111416,2.4252000002888963
EngineeringROI_B10,JILONG_EI_0069,260,B10,195;58;106;219;10;88;251;119;217;47;50;28;60;177;23;4;94;55;174,0.1,19,122,19,0.0939421552786945,15180.0,True,0.7122519413287316,0.0526315789473684,0.6647173489278752,0.0526315789473684,0.3705581120378359,1,19,0,55.20219999016263,4.786200006492436,70.54410000273492,2.466799996909685
EngineeringROI_B10,JILONG_EI_0069,270,B10,195;57;88;119;219;232;47;10;90;66;29;35;157;77;201;252;177;170;121,0.1,19,122,19,0.088758030798447,15180.0,True,0.6345987920621227,0.0526315789473684,0.7110047846889952,0.0526315789473684,0.3627166836614636,1,19,0,55.02310000883881,4.878899999312125,70.85869999718852,2.235300009488128
EngineeringROI_B10,JILONG_EI_0069,280,B10,195;57;88;119;233;219;47;50;23;170;10;91;45;252;177;77;157;20;55,0.1,19,121,19,0.1028937675643804,15180.0,True,0.6855154414963027,0.0526315789473684,0.6384015594541911,0.0526315789473684,0.3572950397113076,1,19,0,54.937200009590015,4.845400006161071,70.91500000387896,2.261200002976693
EngineeringROI_B10,JILONG_EI_0069,290,B10,195;57;119;88;233;10;219;46;90;60;50;176;28;252;94;170;174;70;201,0.1,19,122,19,0.1041802268150178,15180.0,True,0.6781708369283865,0.0526315789473684,0.6574162679425837,0.0526315789473684,0.3602125656914268,1,19,0,55.54019998817239,5.016299997805618,70.69800001045223,2.2794999968027696
EngineeringROI_B10,JILONG_EI_0069,300,B10,195;57;119;88;232;29;10;219;47;192;50;60;170;252;174;94;128;86;23,0.1,19,121,19,0.0872954491504008,15180.0,True,0.665506742061766,0.0350877192982456,0.6349589570255916,0.0701754385964912,0.3514322142455236,2,19,0,54.27090000011958,5.322199998772703,70.15800000226591,2.2544999956153333
EngineeringROI_B10,JILONG_EI_0069,310,B10,195;57;104;217;10;45;106;47;135;66;35;219;170;177;102;77;14;112;252,0.1,19,121,19,0.0917214815722369,15180.0,True,0.6307090039147457,0.0350877192982456,0.65620473201352,0.0526315789473684,0.3436582585434699,1,19,0,54.453999997349456,4.818600005819462,70.2134000021033,2.2800000006100163
EngineeringROI_B10,JILONG_EI_0069,320,B10,195;57;119;217;88;10;60;219;29;34;86;47;66;170;192;91;94;23;174,0.1,19,122,19,0.0926863260102151,15180.0,True,0.6734253666954271,0.0350877192982456,0.6212406015037594,0.0789473684210526,0.3521752639796211,2,19,0,54.86009999003727,5.189200004679151,70.41850000678096,2.2410999954445288
EngineeringROI_B10,JILONG_EI_0069,330,B10,195;57;217;105;10;119;45;86;66;47;177;13;77;170;235;35;4;24;128,0.1,19,122,19,0.1101530733358347,15180.0,True,0.6121656600517688,0.0350877192982456,0.6516746411483252,0.0789473684210526,0.3444688472298481,2,19,0,53.84769999363925,4.773900000145659,72.39549999940209,3.148600007989444
EngineeringROI_B10,JILONG_EI_0069,340,B10,195;57;217;119;46;88;60;86;192;66;35;13;170;10;235;158;93;112;4,0.1,19,122,19,0.0880611987043517,15180.0,True,0.6035375323554788,0.0350877192982456,0.6550239234449761,0.0789473684210526,0.3431491358799383,2,19,0,54.67930001032073,5.326899990905076,71.08890000381507,2.4637000024085864
EngineeringROI_B10,JILONG_EI_0069,350,B10,195;57;105;217;45;176;86;119;10;170;35;66;13;235;91;77;47;4;23,0.1,19,121,19,0.0959943640832829,15180.0,True,0.6276642018268812,0.0350877192982456,0.6179337231968811,0.0789473684210526,0.3399082531857652,2,19,0,56.13230000017211,7.053799999994226,72.74489999690559,3.093599996645935
EngineeringROI_B10,JILONG_EI_0069,360,B10,195;192;57;105;119;60;218;46;86;232;51;170;13;49;4;25;94;156;27,0.1,19,122,19,0.1363953105497316,15180.0,True,0.6458153580672994,0.0350877192982456,0.6117817479478513,0.0789473684210526,0.3429080484336122,2,19,0,54.54900000768248,5.508100002771244,72.07710000511725,2.933600000687875
EngineeringROI_B10,JILONG_EI_0069,370,B10,195;58;89;218;60;119;86;49;176;232;35;29;170;112;4;174;172;26;84,0.1,19,123,19,0.1013316384743205,15180.0,True,0.6260162601626016,0.0350877192982456,0.6369395711500975,0.0789473684210526,0.3442477297579993,2,19,0,54.8490000073798,4.690300003858283,69.48750000447035,2.6723000046331435
EngineeringROI_B10,JILONG_EI_0069,380,B10,195;74;217;105;119;86;45;41;49;176;72;4;10;35;77;170;84;13;235,0.1,19,122,19,0.1063626130437779,15180.0,True,0.6264020707506471,0.0350877192982456,0.6340383669454008,0.0789473684210526,0.3436188813538365,2,19,0,54.34760000207461,5.063600008725189,71.04110000364017,2.685100000235252
EngineeringROI_B10,JILONG_EI_0069,390,B10,195;74;218;60;176;106;86;88;34;120;134;4;66;232;41;46;170;28;172,0.1,19,122,19,0.1067378303252138,15180.0,True,0.6993097497842967,0.0350877192982456,0.6256206554121151,0.0789473684210526,0.3597413732289275,2,19,0,54.41890000656713,5.05150000390131,70.05819999903906,2.2194000048330054
EngineeringROI_B10,JILONG_EI_0069,400,B10,195;74;218;34;120;60;86;46;88;106;20;177;232;41;170;66;13;84;174,0.1,19,122,19,0.098253325267438,15180.0,True,0.6302847282139775,0.0350877192982456,0.6501253132832081,0.0789473684210526,0.348611282304121,2,19,0,54.071100006694905,4.627700007404201,70.13350000488572,2.466699996148236
EngineeringROI_B10,JILONG_EI_0069,410,B10,195;74;60;218;86;34;106;192;135;29;88;20;66;41;10;84;170;79;174,0.1,19,123,19,0.107809879700745,15180.0,True,0.683354728284125,0.0350877192982456,0.5834160873882821,0.0789473684210526,0.3452014758479262,2,19,0,54.03660000592936,5.09530000272207,70.10159999481402,2.238100001704879
EngineeringROI_B10,JILONG_EI_0069,420,B10,195;90;58;218;192;86;34;135;45;20;88;66;79;174;84;170;77;13;25,0.1,19,123,19,0.1254450919282339,15180.0,True,0.680359435173299,0.0350877192982456,0.5809334657398213,0.0789473684210526,0.3438319971581046,2,19,0,54.77679999603424,5.063800010248087,71.3300000061281,2.940799997304566
EngineeringROI_B10,JILONG_EI_0069,430,B10,195;60;90;217;86;34;14;58;120;46;177;88;20;84;28;134;79;10;66,0.1,19,124,19,0.1019595531085603,15180.0,True,0.7126485568760611,0.0350877192982456,0.5400885391047713,0.0789473684210526,0.3416930459250327,2,19,0,54.37879999226425,4.732100002001971,70.29039999179076,2.202999996370636
EngineeringROI_B10,JILONG_EI_0069,440,B10,195;74;218;86;60;34;105;29;192;41;135;20;23;170;27;93;174;99;156,0.1,19,123,19,0.1245491649501114,15180.0,True,0.6739409499358151,0.0350877192982456,0.5590189064895249,0.0789473684210526,0.3367487360361595,2,19,0,54.18099999951664,4.705899991677143,71.25039999664295,2.5215999921783805
EngineeringROI_B10,JILONG_EI_0069,450,B10,195;90;176;86;60;218;58;34;135;29;104;4;23;10;170;156;158;216;68,0.1,19,123,19,0.1018064031977701,15180.0,True,0.6016260162601625,0.0350877192982456,0.631578947368421,0.0789473684210526,0.3368100128369705,2,19,0,54.20600000070408,5.332500004442409,69.92670000181533,2.221700007794425
EngineeringROI_B10,JILONG_EI_0069,460,B10,195;176;105;74;86;60;46;41;218;135;35;49;4;23;28;172;10;174;170,0.1,19,123,19,0.1102679357689274,15180.0,True,0.6730851519041506,0.0350877192982456,0.59665991902834,0.0789473684210526,0.3459450396629472,2,19,0,54.12070000602398,4.675100004533306,69.99519999953918,2.6255999982822686
EngineeringROI_B10,JILONG_EI_0069,470,B10,195;74;86;176;105;217;60;29;41;49;51;20;23;135;219;27;206;229;170,0.1,19,123,19,0.1212258118859645,15180.0,True,0.6777920410783055,0.0350877192982456,0.5754048582995952,0.0789473684210526,0.3418079967742997,2,19,0,55.79610000131652,4.835500003537163,70.59680001111701,3.4993000008398667
EngineeringROI_B10,JILONG_EI_0069,480,B10,195;86;90;58;60;176;218;29;51;229;104;20;49;23;135;27;155;174;25,0.1,19,123,19,0.1221523688462451,15180.0,True,0.6884895164741122,0.0350877192982456,0.5343358395989976,0.0789473684210526,0.3342151109481019,2,19,0,56.960100002470426,5.368799989810213,70.71549999818671,2.2563999955309555
EngineeringROI_B10,JILONG_EI_0069,490,B10,195;106;86;74;60;192;41;29;218;66;229;104;10;35;4;170;172;68;165,0.1,19,123,19,0.1092954338354098,15180.0,True,0.6208814719726143,0.0350877192982456,0.6162493612672457,0.0789473684210526,0.3377914802397896,2,19,0,54.72759999975096,5.354199995053932,70.50899999740068,2.239299996290356
EngineeringROI_B10,JILONG_EI_0069,500,B10,195;90;86;60;58;192;46;28;217;51;20;229;120;219;49;24;172;174;170,0.1,19,123,19,0.1096247061436086,15180.0,True,0.660676080445015,0.0350877192982456,0.5799793601651186,0.0789473684210526,0.3386726320823579,2,19,0,55.392800000845455,4.745300000649877,70.80470000801142,3.105000010691583
EngineeringROI_B10,JILONG_EI_0069,510,B10,195;106;74;86;60;41;218;29;176;66;10;120;229;88;3;134;172;35;170,0.1,19,123,19,0.099968604268288,15180.0,True,0.6508344030808729,0.0350877192982456,0.590411672746222,0.0789473684210526,0.3388202908865982,2,19,0,54.54270000336692,4.774600005475804,70.77760000538547,2.250899997306988
EngineeringROI_B10,JILONG_EI_0069,520,B10,195;106;86;58;29;60;35;218;192;66;3;104;216;27;229;174;155;166;134,0.1,19,123,19,0.1028554800866828,15180.0,True,0.5969191270860077,0.0350877192982456,0.6055237102657635,0.0789473684210526,0.3291194812677673,2,19,0,55.075700001907535,5.226099994615652,70.84699999541044,2.2151000011945143
EngineeringROI_B10,JILONG_EI_0069,530,B10,195;90;86;29;41;61;217;35;176;166;10;3;219;229;104;66;174;155;134,0.1,19,124,19,0.1065999954055026,15180.0,True,0.6099320882852292,0.0350877192982456,0.6044966785896781,0.0789473684210526,0.3321159636485514,2,19,0,55.01350000849925,4.832599996007048,70.7786999992095,2.234400002635084
EngineeringROI_B10,JILONG_EI_0069,540,B10,195;90;60;86;29;84;58;35;218;176;3;166;27;66;120;174;216;25;5,0.1,19,124,19,0.1157277300885972,15180.0,True,0.6939728353140917,0.0350877192982456,0.5303258145363409,0.0789473684210526,0.3345834343924327,2,19,0,54.31880000105593,4.814799991436303,70.68509999953676,2.2514000011142343
EngineeringROI_B10,JILONG_EI_0069,550,B10,195;106;86;74;28;84;35;41;61;218;10;14;176;3;66;165;88;174;216,0.1,19,123,19,0.1206514997205014,15180.0,True,0.6777920410783055,0.0350877192982456,0.5815022994379151,0.0789473684210526,0.3433323570588797,2,19,0,54.327500009094365,6.381600003805943,69.99410000571515,2.249400000437163
EngineeringROI_B10,JILONG_EI_0069,560,B10,195;90;29;86;58;84;60;35;219;217;10;3;165;176;135;174;66;213;23,0.1,19,124,19,0.0842860534033738,15180.0,True,0.6578947368421053,0.0350877192982456,0.5937659683188553,0.0789473684210526,0.3414239482200647,2,19,0,54.49020001105964,5.048800012446009,70.07270000758581,2.2601999953622
EngineeringROI_B10,JILONG_EI_0069,570,B10,195;84;86;74;35;29;41;106;219;60;27;3;217;165;177;174;49;172;135,0.1,19,124,19,0.1141962309806954,15180.0,True,0.6782682512733447,0.0350877192982456,0.573326520183955,0.0789473684210526,0.3414074647941494,2,19,0,55.22780001047067,5.166800008737482,71.03259999712463,2.3055000056046997
EngineeringROI_B10,JILONG_EI_0069,580,B10,195;84;74;86;29;35;105;10;41;219;3;61;217;177;206;174;165;229;155,0.1,19,125,19,0.1092188588800147,15180.0,True,0.6332631578947368,0.0350877192982456,0.6132075471698114,0.0789473684210526,0.3401264481959616,2,19,0,55.80029998964165,4.93589999678079,71.81910000508651,2.918199999839999
EngineeringROI_B10,JILONG_EI_0069,590,B10,195;84;58;86;90;29;35;60;219;27;3;217;229;174;165;177;104;49;93,0.1,19,126,19,0.102150990497048,15180.0,True,0.6641604010025063,0.0350877192982456,0.5823273780782232,0.0789473684210526,0.340130716700007,2,19,0,55.68900000071153,6.2018999888096005,70.68900000012945,2.3932000040076677
EngineeringROI_B10,JILONG_EI_0069,600,B10,195;106;74;35;86;41;219;29;60;3;10;217;68;100;229;174;166;199;170,0.1,19,125,19,0.1074270049237696,15180.0,True,0.6846315789473685,0.0350877192982456,0.577485380116959,0.0789473684210526,0.3440380116959063,2,19,0,54.74199999298435,5.7874999911291525,71.78479999129195,2.305000001797453
EngineeringROI_B10,JILONG_EI_0069,610,B10,195;90;86;29;58;219;51;61;3;119;27;217;165;229;100;174;25;172;170,0.1,19,125,19,0.1405763031143034,15180.0,True,0.6753684210526315,0.0350877192982456,0.5607476635514018,0.0789473684210526,0.3375377930808329,2,19,0,55.74879999039695,4.844600000069477,71.24380000459496,3.1498000025749207
EngineeringROI_B10,JILONG_EI_0069,620,B10,195;90;35;41;86;29;60;119;219;3;217;165;27;213;93;190;155;157;55,0.1,19,126,19,0.1420618572489681,15420.0,True,0.6979949874686716,0.0263157894736842,0.5453216374269007,0.0789473684210526,0.3371449456975772,2,19,0,55.83490000572056,5.352000007405877,69.91330000164453,2.338599995709956
EngineeringROI_B10,JILONG_EI_0069,630,B10,195;74;219;86;28;41;119;35;105;3;60;217;46;174;166;10;213;172;49,0.1,19,125,19,0.1074346624193091,15420.0,True,0.6458947368421053,0.0263157894736842,0.6008771929824562,0.0789473684210526,0.3380087719298245,2,19,0,54.52950000471901,6.642199994530529,70.24500000989065,2.231300008133985
EngineeringROI_B10,JILONG_EI_0069,640,B10,195;90;29;58;35;86;219;3;119;10;217;66;60;88;213;166;174;206;121,0.1,19,125,19,0.0814680950448346,16890.0,True,0.6416842105263157,0.0,0.6057504873294347,0.0789473684210526,0.3315955165692008,2,19,0,54.82679999840912,4.735399998025969,69.98119999479968,3.0294000025605783
EngineeringROI_B10,JILONG_EI_0069,650,B10,195;35;90;119;86;219;29;41;3;217;10;165;66;60;174;213;32;55;156,0.1,19,125,19,0.1208582521000681,16890.0,True,0.7090526315789474,0.0,0.5283208020050125,0.0789473684210526,0.3290802005012531,2,19,0,55.05260000063572,4.745900005218573,71.08749999315478,2.210699996794574
EngineeringROI_B10,JILONG_EI_0069,660,B10,195;74;106;86;119;35;219;29;3;41;217;27;60;165;66;215;213;100;174,0.1,19,125,19,0.1271527134335444,16890.0,True,0.6976842105263157,0.0,0.5521255060728746,0.0789473684210526,0.3321892712550607,2,19,0,54.35980000765994,5.047000013291836,70.73550000495743,2.5062999920919538
EngineeringROI_B10,JILONG_EI_0069,670,B10,195;90;219;86;29;58;35;3;134;217;27;174;61;165;120;213;100;68;25,0.1,19,125,19,0.1441753260178725,16950.0,True,0.6875789473684211,0.0,0.5357497517378352,0.0789473684210526,0.3255690168818271,2,19,0,54.11420000018552,6.933600001502782,70.10100000479724,2.2452999983215705
EngineeringROI_B10,JILONG_EI_0069,680,B10,195;106;74;86;29;219;41;3;35;134;60;10;217;165;229;104;174;55;177,0.1,19,125,19,0.1128638267568209,16950.0,True,0.6745263157894736,0.0,0.5541497975708503,0.0789473684210526,0.3269058704453441,2,19,0,54.29139999614563,4.720500000985339,69.7502999973949,3.415799990762025
EngineeringROI_B10,JILONG_EI_0069,690,B10,195;106;219;74;86;29;35;3;134;41;61;217;165;10;174;229;88;5;177,0.1,19,125,19,0.1090044490049084,16950.0,True,0.6858947368421052,0.0,0.5420040485829961,0.0789473684210526,0.3267115384615385,2,19,0,53.998400006094016,4.743400000734255,70.07439999142662,2.219699992565438
EngineeringROI_B10,JILONG_EI_0069,700,B10,195;106;74;219;35;86;29;41;3;60;10;201;134;165;229;174;32;100;206,0.1,19,125,19,0.0998920293128929,16950.0,True,0.6736842105263158,0.0,0.5685203574975174,0.0789473684210526,0.3302879841112214,2,19,0,55.061699997168034,4.758800001582131,70.80909999785945,2.265999995870516
EngineeringROI_B10,JILONG_EI_0069,710,B10,195;90;219;86;29;41;51;3;119;201;27;5;165;61;213;121;174;147;55,0.1,19,124,19,0.1527976659953595,16950.0,True,0.6727504244482173,0.0,0.5339068825910932,0.0789473684210526,0.3214011688650908,2,19,0,55.76560000190511,4.793100000824779,70.66309999208897,2.3415000032400712
EngineeringROI_B10,JILONG_EI_0069,720,B10,195;106;84;74;86;219;29;3;41;35;190;119;165;60;27;217;147;213;66,0.1,19,124,19,0.1152606228606871,16950.0,True,0.745755517826825,0.0,0.5272995573044761,0.0789473684210526,0.3380006108880884,2,19,0,54.45340000733268,4.66410000808537,70.43229999544565,2.5713000068208203
EngineeringROI_B10,JILONG_EI_0069,730,B10,195;84;106;74;219;86;3;29;5;41;35;119;27;165;60;174;216;213;147,0.1,19,123,19,0.1155822376733465,16950.0,True,0.7299957210098417,0.0,0.5313283208020049,0.0789473684210526,0.3350678525582248,2,19,0,54.7048000007635,4.732799992780201,70.84410000243224,2.239200010080822
EngineeringROI_B10,JILONG_EI_0069,740,B10,195;219;84;35;74;86;106;29;3;41;134;199;27;60;23;201;104;174;165,0.1,19,124,19,0.1139358761323521,16950.0,True,0.7266553480475381,0.0,0.5491559086395233,0.0789473684210526,0.3386896562770285,2,19,0,54.89099999249447,6.681799990474246,70.50100000924431,2.2184999979799613
EngineeringROI_B10,JILONG_EI_0069,750,B10,195;219;90;58;86;3;29;35;10;119;165;100;217;88;121;32;60;213;68,0.1,19,124,19,0.0916372491213023,16950.0,True,0.6791171477079797,0.0,0.5446871896722939,0.0789473684210526,0.3256879264503315,2,19,0,55.70060000172816,6.540800008224323,71.20380000560544,2.2370999940903857
EngineeringROI_B10,JILONG_EI_0069,760,B10,195;219;74;3;86;106;41;28;35;119;217;14;174;10;46;165;60;161;213,0.1,19,124,19,0.1116003399928019,16950.0,True,0.715195246179966,0.0,0.531328320802005,0.0789473684210526,0.3313677338507559,2,19,0,55.32489999313839,5.515000011655502,70.35650000034366,2.2591000015381724
EngineeringROI_B10,JILONG_EI_0069,770,B10,195;219;90;86;3;29;57;35;134;174;217;27;165;104;5;161;25;60;100,0.1,19,124,19,0.1206361847294223,16950.0,True,0.696095076400679,0.0,0.5252938170669392,0.0789473684210526,0.3250840654721678,2,19,0,56.98000000847969,4.682499988120981,71.56789999862667,2.2775999968871474
EngineeringROI_B10,JILONG_EI_0069,780,B10,195;106;219;74;86;35;3;41;44;104;134;217;13;165;161;10;32;46;174,0.1,19,125,19,0.1059720807712629,16950.0,True,0.6517894736842106,0.0,0.5845141700404858,0.0789473684210526,0.3288127530364372,2,19,0,54.63070000405423,4.766199999721721,70.49080000433605,2.224500000011176
EngineeringROI_B10,JILONG_EI_0069,790,B10,195;219;90;86;58;35;4;13;44;252;190;217;134;121;192;161;165;88;158,0.1,19,125,19,0.0949299722032911,16950.0,True,0.6096842105263157,0.0,0.631578947368421,0.0789473684210526,0.3300526315789474,2,19,0,55.4421000124421,4.656200006138533,69.63319999340456,2.215099986642599
EngineeringROI_B10,JILONG_EI_0069,800,B10,195;219;74;35;106;103;3;13;41;60;252;134;217;174;100;5;71;10;165,0.1,19,124,19,0.0918899464741061,16950.0,True,0.7262308998302207,0.0,0.5834586466165413,0.0526315789473684,0.3405802813485326,1,19,0,54.366800002753735,4.569299999275245,70.2805999899283,2.5117000041063875
EngineeringROI_B10,JILONG_EI_0069,810,B10,195;74;219;106;3;86;35;41;13;44;217;199;5;100;104;134;174;32;165,0.1,19,124,19,0.1036135721450942,16950.0,True,0.734295415959253,0.0,0.5382323733862959,0.0789473684210526,0.3378687894416504,2,19,0,54.32370000926312,4.623600005288608,71.53870000911411,2.9254999972181395
EngineeringROI_B10,JILONG_EI_0069,820,B10,195;219;74;13;35;86;3;106;41;44;217;199;5;104;32;206;174;100;46,0.1,19,125,19,0.1002825615854078,16950.0,True,0.7023157894736842,0.0,0.5656665027053616,0.0789473684210526,0.3367324151500246,2,19,0,55.24110000988003,4.656300006899983,70.5827999918256,2.205800003139302
EngineeringROI_B10,JILONG_EI_0069,830,B10,195;219;106;74;13;86;35;44;3;41;5;23;100;174;165;104;201;192;135,0.1,19,125,19,0.1102679357689274,16950.0,True,0.6791578947368421,0.0,0.5889724310776943,0.0789473684210526,0.3367694235588972,2,19,0,55.14450000191573,5.493000004207715,70.75949999853037,2.419999989797361
EngineeringROI_B10,JILONG_EI_0069,840,B10,195;219;13;58;35;90;86;190;44;3;121;217;134;100;88;5;161;32;213,0.1,19,125,19,0.0985213376113208,16950.0,True,0.6846315789473684,0.0,0.580952380952381,0.0789473684210526,0.3361328320802005,2,19,0,55.39899998984765,5.834499999764375,72.06360000418499,2.705300008528866
EngineeringROI_B10,JILONG_EI_0069,850,B10,195;219;13;74;106;86;206;35;44;4;41;217;174;134;10;100;165;192;213,0.1,19,124,19,0.1094562412417394,16950.0,True,0.714346349745331,0.0,0.5708502024291499,0.0789473684210526,0.3410359801488834,2,19,0,56.9456000084756,6.124799998360686,70.54490000882652,2.3122999991755933
EngineeringROI_B10,JILONG_EI_0069,860,B10,195;219;13;74;35;86;5;44;106;3;190;41;134;116;165;46;217;104;157,0.1,19,124,19,0.1208352796134496,16950.0,True,0.7215619694397283,0.0,0.5600408788962697,0.0789473684210526,0.3401375541892627,2,19,0,54.42390000098385,4.812500003026798,69.64960000186693,2.4271000002045184
EngineeringROI_B10,JILONG_EI_0069,870,B10,195;219;13;74;86;35;3;44;106;134;5;41;174;100;165;23;232;201;104,0.1,19,123,19,0.1096783086123852,16980.0,True,0.7107402652973898,0.0,0.5567595459236326,0.0789473684210526,0.3366117949105187,2,19,0,54.91900000197347,6.574099999852479,69.84269998793025,2.238999994006008
EngineeringROI_B10,JILONG_EI_0069,880,B10,195;219;74;13;86;35;134;3;106;44;41;165;100;5;174;201;23;104;147,0.1,19,124,19,0.1098008285410173,17010.0,True,0.733446519524618,0.0,0.523735810113519,0.0789473684210526,0.3340324245147974,2,19,0,55.09059999894816,5.379199996241368,69.59300000744406,2.2581999946851283
EngineeringROI_B10,JILONG_EI_0069,890,B10,195;219;74;13;86;35;134;106;60;4;41;27;174;116;201;23;147;165;104,0.1,19,124,19,0.1243653850571632,17010.0,True,0.7474533106960951,0.0,0.4984520123839009,0.0789473684210526,0.3312131728752622,2,19,0,54.73809999239165,4.683000006480143,69.94540001323912,2.4179999891202897
EngineeringROI_B10,JILONG_EI_0069,900,B10,195;219;13;58;35;86;5;90;134;44;3;121;190;217;100;88;23;161;164,0.1,19,125,19,0.1152989103383847,17010.0,True,0.72,0.0,0.5523760858456822,0.0789473684210526,0.3378308635666837,2,19,0,54.35760000545997,4.772000000230037,70.58339999639429,2.408800006378442
EngineeringROI_B10,JILONG_EI_0069,910,B10,195;219;74;106;13;86;134;4;41;51;44;165;174;10;46;217;116;23;213,0.1,19,125,19,0.1239442228024902,17010.0,True,0.7309473684210527,0.0,0.5454076367389059,0.0789473684210526,0.3388255933952527,2,19,0,54.35540000326,4.781900002853945,69.6373999962816,2.228800003649667
EngineeringROI_B10,JILONG_EI_0069,920,B10,195;219;35;74;86;13;44;190;5;3;106;134;41;201;77;46;23;158;100,0.1,19,125,19,0.1320688255699091,17040.0,True,0.7473684210526317,0.0,0.5121457489878543,0.0789473684210526,0.3346153846153846,2,19,0,54.217199998674914,6.135599993285723,70.21599999279715,2.2393999970518053
EngineeringROI_B10,JILONG_EI_0069,930,B10,195;219;58;35;86;29;5;89;3;190;165;121;27;133;23;25;91;201;213,0.1,19,125,19,0.1355606435359251,17040.0,True,0.6985263157894736,0.0,0.5425101214574899,0.0789473684210526,0.329995951417004,2,19,0,55.56779999460559,4.662999999709427,71.57410000218078,2.848199990694411
EngineeringROI_B10,JILONG_EI_0069,940,B10,195;219;74;35;86;5;13;190;3;44;106;41;199;133;104;161;165;23;213,0.1,19,125,19,0.1275279307149803,17040.0,True,0.7806315789473685,0.0,0.4902255639097744,0.0789473684210526,0.3374511278195489,2,19,0,55.185900011565536,4.707699990831316,71.41689999843948,2.6073999906657264
EngineeringROI_B10,JILONG_EI_0069,950,B10,195;219;74;106;35;86;13;5;44;3;134;41;104;174;206;161;23;165;100,0.1,19,125,19,0.1076720447810339,17040.0,True,0.7338947368421053,0.0,0.542004048582996,0.0789473684210526,0.3387115384615385,2,19,0,54.729700001189485,4.926199995679781,70.10599999921396,2.277799998410046
EngineeringROI_B10,JILONG_EI_0069,960,B10,195;219;74;13;103;106;35;5;134;44;3;192;41;71;174;23;216;116;46,0.1,19,124,19,0.1167385194998123,17040.0,True,0.732597623089983,0.0,0.5683198380566801,0.0526315789473684,0.3383872600235079,1,19,0,54.813300012028776,5.826900000101887,70.15010000031907,2.351500006625429
EngineeringROI_B10,JILONG_EI_0069,970,B10,195;219;106;74;86;5;35;13;3;134;44;217;165;190;192;41;23;104;100,0.1,19,124,19,0.10305457497071,17040.0,True,0.7597623089983022,0.0,0.5106275303643724,0.0789473684210526,0.3373343019459318,2,19,0,56.102599992300384,4.69149999844376,70.30829999712296,2.6596999960020185
EngineeringROI_B10,JILONG_EI_0069,980,B10,195;219;74;86;5;106;35;29;134;206;3;217;174;41;104;27;23;60;214,0.1,19,125,19,0.1114318750909327,17040.0,True,0.767578947368421,0.0,0.5010121457489878,0.0789473684210526,0.3368846153846154,2,19,0,54.893400010769255,4.701400001067668,71.16749999113381,2.250100005767308
EngineeringROI_B10,JILONG_EI_0069,990,B10,195;219;35;57;13;5;86;106;3;104;44;217;174;213;46;32;165;100;133,0.1,19,125,19,0.1126111294040171,17040.0,True,0.7090526315789474,0.0,0.5431578947368421,0.0789473684210526,0.3327894736842105,2,19,0,54.27600000984967,4.6027000062167645,71.13520000712015,2.293199999257922
EngineeringROI_B10,JILONG_EI_0069,1000,B10,195;219;57;106;86;35;44;13;5;3;174;165;104;134;217;213;32;161;116,0.1,19,125,19,0.1107580154834559,17040.0,True,0.7444210526315789,0.0,0.5007974481658692,0.0789473684210526,0.3310414673046252,2,19,0,54.78019999281969,5.424400005722418,70.80270000733435,2.2470999974757437
EngineeringROI_B10,JILONG_EI_0069,1010,B10,195;219;57;86;35;106;5;29;3;165;176;134;217;174;27;88;213;206;128,0.1,19,125,19,0.0926863260102151,17040.0,True,0.6808421052631579,0.0,0.5433280170122274,0.0789473684210526,0.3257793726741095,2,19,0,55.59109999740031,4.661300001316704,70.13979999464937,2.25210000644438
EngineeringROI_B10,JILONG_EI_0069,1020,B10,195;219;57;35;86;106;3;13;44;5;217;206;134;100;174;176;104;46;128,0.1,19,126,19,0.0868972593823464,17100.0,True,0.6821219715956558,0.0,0.5657894736842104,0.0789473684210526,0.3317147034252297,2,19,0,55.504599993582815,6.435599992983043,69.81210000230931,2.259300003061071
EngineeringROI_B10,JILONG_EI_0069,1030,B10,195;74;219;35;86;106;5;44;41;13;134;3;217;165;158;190;176;46;77,0.1,19,126,19,0.1244725899947163,17100.0,True,0.7385129490392648,0.0,0.5356956748306408,0.0789473684210526,0.3382889980727396,2,19,0,55.23670000548009,6.239500013180077,72.13020000199322,2.5745000020833686
EngineeringROI_B10,JILONG_EI_0069,1040,B10,195;57;219;106;86;35;134;44;5;3;201;190;104;100;77;171;213;158;46,0.1,19,126,19,0.130276971613664,17100.0,True,0.6704260651629074,0.0,0.5617615467239527,0.0789473684210526,0.3277837450769782,2,19,0,55.29000000387896,4.843199989409186,70.39229999645613,3.0732000013813376
EngineeringROI_B10,JILONG_EI_0069,1050,B10,195;219;58;103;106;5;134;44;3;52;71;165;50;174;217;171;214;101;192,0.1,19,126,19,0.126769838656569,17100.0,True,0.6700083542188806,0.0,0.5847368421052632,0.0526315789473684,0.326844193817878,1,19,0,54.87530000391416,4.788799997186288,70.73899998795241,2.385799991316162
EngineeringROI_B10,JILONG_EI_0069,1060,B10,195;219;57;106;35;86;134;44;5;3;104;165;217;174;66;46;155;251;213,0.1,19,126,19,0.0991033072723235,17100.0,True,0.6649958228905597,0.0,0.6010526315789473,0.0789473684210526,0.3362489557226398,2,19,0,54.13659999612719,5.056199996033683,70.23679999110755,2.260200009914115
EngineeringROI_B10,JILONG_EI_0069,1070,B10,195;219;57;106;86;134;35;44;3;5;217;104;66;251;166;157;206;100;147,0.1,19,126,19,0.0956880642617025,17100.0,True,0.6654135338345865,0.0,0.5945805106826473,0.0789473684210526,0.3347353532345716,2,19,0,54.14100000052713,4.731799999717623,70.11919999786187,2.5528999976813798
EngineeringROI_B10,JILONG_EI_0069,1080,B10,195;57;219;106;86;35;44;3;134;5;217;165;104;49;174;206;161;112;147,0.1,19,126,19,0.0919205764562642,17100.0,True,0.658312447786132,0.0,0.59,0.0789473684210526,0.3318149540517961,2,19,0,53.93939999339637,4.715000002761371,70.73680000030436,2.248499993584119
EngineeringROI_B10,JILONG_EI_0069,1090,B10,195;57;219;106;35;86;135;44;5;3;13;217;199;174;104;49;161;165;133,0.1,19,125,19,0.1094102962685024,17100.0,True,0.7183157894736842,0.0,0.5626315789473685,0.0789473684210526,0.3399736842105263,2,19,0,54.84749999595806,6.075500001315959,70.01320000563283,2.2914000001037493
EngineeringROI_B10,JILONG_EI_0069,1100,B10,195;57;219;106;86;35;3;44;134;104;201;5;46;165;161;174;155;232;213,0.1,19,126,19,0.1072661975174399,17100.0,True,0.6704260651629074,0.0,0.5805263157894738,0.0789473684210526,0.3324749373433584,2,19,0,54.34250000689645,5.181200001970865,69.87199999275617,2.258399996208027
EngineeringROI_B10,JILONG_EI_0069,1110,B10,195;57;219;106;86;29;35;134;5;217;104;166;161;171;49;148;100;213;174,0.1,19,126,19,0.1053058786593256,17100.0,True,0.6599832915622388,0.0,0.5605263157894737,0.0789473684210526,0.3248642439431912,2,19,0,54.48449999676086,4.871899989666417,69.70069999806583,2.3138999968068674
EngineeringROI_B10,JILONG_EI_0069,1120,B10,195;57;219;106;86;44;134;35;232;104;13;5;3;206;166;46;174;161;100,0.1,19,126,19,0.0914840992105122,17130.0,True,0.6934001670843776,0.0,0.5566188197767146,0.0789473684210526,0.3322415888205362,2,19,0,54.05560000508558,4.6538000024156645,70.18330000573769,3.4302999993087724
EngineeringROI_B10,JILONG_EI_0069,1130,B10,195;219;74;106;41;86;35;44;232;134;5;13;104;165;161;190;201;156;66,0.1,19,125,19,0.1202303374658284,17130.0,True,0.6858947368421052,0.0,0.5762061403508771,0.0789473684210526,0.3352620614035088,2,19,0,54.74159998993855,5.357999994885176,70.01429999945685,2.294699996127747
EngineeringROI_B10,JILONG_EI_0069,1140,B10,195;219;57;106;86;35;217;44;134;5;46;88;174;161;165;66;25;171;116,0.1,19,125,19,0.1314102809535113,17160.0,True,0.7086315789473683,0.0,0.51511758118701,0.0789473684210526,0.3256741321388577,2,19,0,54.40549999184441,4.70109999878332,70.52999999723397,2.212099992902949
EngineeringROI_B10,JILONG_EI_0069,1150,B10,195;219;57;106;86;44;206;217;134;51;5;3;165;46;174;49;25;104;161,0.1,19,126,19,0.114311093413788,17160.0,True,0.7188805346700083,0.0,0.5413533834586467,0.0789473684210526,0.3347953216374269,2,19,0,55.84960000123829,6.720099991071038,70.66009999834932,2.202000003308058
EngineeringROI_B10,JILONG_EI_0069,1160,B10,195;219;57;106;86;35;3;5;217;44;134;199;104;49;190;165;161;100;25,0.1,19,125,19,0.1148547755970932,17160.0,True,0.7688421052631579,0.0,0.4986709197235514,0.0789473684210526,0.3366150983519405,2,19,0,56.055699998978525,4.930399998556823,72.3677000059979,2.5824000040302053
EngineeringROI_B10,JILONG_EI_0069,1170,B10,195;57;219;106;3;86;35;217;44;161;5;134;104;165;49;174;46;25;68,0.1,19,126,19,0.1202533099524469,17160.0,True,0.7280701754385965,0.0,0.5252631578947368,0.0789473684210526,0.3330701754385964,2,19,0,55.02219998743385,4.663899992010556,70.49870000628289,2.7094999968539923
EngineeringROI_B10,JILONG_EI_0069,1180,B10,195;57;219;106;86;35;206;217;44;46;161;5;3;135;49;104;165;174;133,0.1,19,126,19,0.1100688408849001,17160.0,True,0.720969089390142,0.0,0.5510204081632653,0.0789473684210526,0.337734216493615,2,19,0,54.82530000153929,4.746100006741472,70.37139999738429,2.198500005761161
EngineeringROI_B10,JILONG_EI_0069,1190,B10,195;57;219;106;35;86;3;104;44;217;13;161;134;46;49;77;165;5;100,0.1,19,126,19,0.113843986185878,17160.0,True,0.753968253968254,0.0,0.5108984582668793,0.0789473684210526,0.3359535201640464,2,19,0,55.74259998684283,5.017900009988807,70.48969999596011,2.25349998800084
EngineeringROI_B10,JILONG_EI_0069,1200,B10,195;203;57;106;86;235;35;44;161;46;104;217;3;134;49;166;13;5;174,0.1,19,126,19,0.0919741789250407,17160.0,True,0.7301587301587302,0.0,0.5421052631578948,0.0789473684210526,0.3378028404344193,2,19,0,54.43460000969935,4.931500006932765,70.26900000346359,2.24240000534337
EngineeringROI_B10,JILONG_EI_0069,1210,B10,195;2;57;219;106;86;35;161;44;232;104;5;134;201;46;165;49;128;174,0.1,19,127,19,0.0985289951068603,17160.0,True,0.6962287608785743,0.0,0.6023391812865497,0.0789473684210526,0.3443788276465442,2,19,0,54.55610000353772,4.680099998950027,70.76220000453759,2.274000013130717
EngineeringROI_B10,JILONG_EI_0069,1220,B10,195;57;219;106;86;35;3;104;232;46;44;161;134;165;128;49;174;199;201,0.1,19,126,19,0.0996776194377866,17160.0,True,0.7117794486215538,0.0,0.5673684210526316,0.0789473684210526,0.3395238095238095,2,19,0,54.30129999876954,5.967899996903725,71.07299999915995,2.2591000015381724
EngineeringROI_B10,JILONG_EI_0069,1230,B10,195;57;219;106;35;86;3;46;161;44;104;217;5;134;49;13;171;174;26,0.1,19,126,19,0.1164705071559295,17160.0,True,0.7301587301587302,0.0,0.5592769803296118,0.0789473684210526,0.3420957697273487,2,19,0,54.47400000412017,5.006200008210726,69.5358000084525,2.2779999999329448
EngineeringROI_B10,JILONG_EI_0069,1240,B10,195;57;219;86;3;206;106;35;104;135;44;217;46;161;49;174;171;112;165,0.1,19,126,19,0.0981078328521873,17160.0,True,0.6862990810359232,0.0,0.5915570175438596,0.0789473684210526,0.3392008667502089,2,19,0,54.39420000766404,5.046999998739921,70.33519999822602,2.245499999844469
EngineeringROI_B10,JILONG_EI_0069,1250,B10,195;57;219;46;86;35;3;217;106;104;44;225;161;134;13;66;171;174;33,0.1,19,124,19,0.1187447833311637,20520.0,True,0.6977928692699491,0.0526315789473684,0.545849158979924,0.0789473684210526,0.3438052439045735,2,19,0,54.26520000037272,4.670999987865798,71.80580000567716,2.5603999965824187
EngineeringROI_B10,JILONG_EI_0069,1260,B10,195;225;57;203;3;86;46;235;35;106;104;44;217;135;13;66;161;5;33,0.1,19,124,19,0.11599574243248,20670.0,True,0.7453310696095077,0.0526315789473684,0.5402792696025779,0.0789473684210526,0.3542973216451267,2,19,0,54.80969999916852,5.132599995704368,69.93709999369457,2.2745000023860484
EngineeringROI_B10,JILONG_EI_0069,1270,B10,225;195;57;219;86;3;35;217;104;13;106;46;44;135;177;49;174;133;171,0.1,19,124,19,0.1340138294369443,20730.0,True,0.6854838709677419,0.0526315789473684,0.5794956140350876,0.0789473684210526,0.3491396080928127,2,19,0,54.62009999610018,5.090899998322129,69.7982999990927,2.217800007201731
EngineeringROI_B10,JILONG_EI_0069,1280,B10,195;225;57;219;217;86;104;46;106;35;44;177;3;13;135;171;165;174;49,0.1,19,124,19,0.1204753773230927,20820.0,True,0.702886247877759,0.0526315789473684,0.5649838882921591,0.0789473684210526,0.3498622708845847,2,19,0,54.92260000028182,5.438400010461919,70.4223000066122,2.2185999987414107
EngineeringROI_B10,JILONG_EI_0069,1290,B10,195;225;57;219;86;13;46;3;35;106;104;217;177;44;49;5;171;25;174,0.1,19,124,19,0.1346953465399606,20820.0,True,0.7478777589134126,0.0526315789473684,0.5321637426900585,0.0789473684210526,0.352905112242973,2,19,0,54.519400000572205,4.693499999120832,70.43430001067463,2.2449999960372224
EngineeringROI_B10,JILONG_EI_0069,1300,B10,195;225;57;219;35;86;217;104;13;3;161;46;135;106;44;49;171;25;174,0.1,19,124,19,0.1364259405318896,20880.0,True,0.7516977928692699,0.0526315789473684,0.517278043593833,0.0789473684210526,0.350138695957881,2,19,0,54.08519999764394,5.284499988192692,70.05799999751616,2.281799999764189
EngineeringROI_B10,JILONG_EI_0069,1310,B10,195;225;57;219;3;35;86;46;104;13;106;217;44;177;49;171;25;5;174,0.1,19,125,19,0.1346953465399606,20940.0,True,0.7507368421052631,0.0526315789473684,0.5294736842105262,0.0789473684210526,0.3529473684210527,2,19,0,56.38150000595488,5.202799991820939,70.39020000956953,2.238999994006008
EngineeringROI_B10,JILONG_EI_0069,1320,B10,195;225;57;219;217;86;3;13;35;104;46;206;44;134;49;177;106;156;174,0.1,19,125,19,0.1185763184292945,20970.0,True,0.7524210526315789,0.0526315789473684,0.5211047420531527,0.0789473684210526,0.3512761855132882,2,19,0,55.96579999837559,6.480600000941195,71.44650000554975,3.4290000039618462
EngineeringROI_B10,JILONG_EI_0069,1330,B10,195;225;57;203;35;86;217;3;13;235;134;104;161;46;49;106;44;174;156,0.1,19,124,19,0.1206361847294223,21030.0,True,0.75169779286927,0.0526315789473684,0.5736842105263158,0.0789473684210526,0.3642402376910017,2,19,0,55.05149999225978,4.810300000826828,70.17479999922216,2.2544999956153333
EngineeringROI_B10,JILONG_EI_0069,1340,B10,195;225;57;219;217;35;86;3;13;104;134;177;174;49;44;156;46;106;112,0.1,19,125,19,0.1188979332419538,21090.0,True,0.7507368421052633,0.0526315789473684,0.5417331206804891,0.0789473684210526,0.3560122275385433,2,19,0,54.86499999824446,5.424099988886155,70.50070000695996,2.2647000005235896
EngineeringROI_B10,JILONG_EI_0069,1350,B10,195;225;57;219;217;3;86;13;104;35;46;206;135;161;174;44;156;49;91,0.1,19,125,19,0.1213023868413596,21090.0,True,0.7183157894736842,0.0526315789473684,0.5864661654135338,0.0789473684210526,0.3590902255639098,2,19,0,55.26570000802167,4.633899996406399,70.38449999527074,2.241800000774674
EngineeringROI_B10,JILONG_EI_0069,1360,B10,195;225;57;219;3;217;86;35;13;161;44;104;135;46;106;174;49;171;213,0.1,19,124,19,0.1247559173296781,21120.0,True,0.7215619694397283,0.0526315789473684,0.5665950590762621,0.0789473684210526,0.3549339939711028,2,19,0,57.86999998963438,6.521699993754737,69.76389999908861,2.209800004493445
EngineeringROI_B10,JILONG_EI_0069,1370,B10,195;225;57;203;2;217;46;86;35;235;161;104;13;174;134;49;44;155;5,0.1,19,125,19,0.1161871798209677,21120.0,True,0.7856842105263159,0.0526315789473684,0.5171858216970998,0.0789473684210526,0.3586122448979592,2,19,0,54.10939999273978,5.0740999868139625,69.88589999673422,2.1970999951008707
EngineeringROI_B10,JILONG_EI_0069,1380,B10,195;225;57;219;217;3;35;86;104;44;46;161;174;206;49;134;156;5;128,0.1,19,125,19,0.1204217748543161,21120.0,True,0.7452631578947368,0.0526315789473684,0.5312500000000001,0.0789473684210526,0.3520230263157894,2,19,0,56.69389999820851,4.689200010034256,70.20230000489391,3.184900007909164
EngineeringROI_B10,JILONG_EI_0069,1390,B10,195;225;57;203;3;217;86;35;46;44;161;235;174;88;135;121;155;49;91,0.1,19,126,19,0.120329884907842,21120.0,True,0.7042606516290725,0.0526315789473684,0.5903418339663592,0.0789473684210526,0.3565453582409632,2,19,0,54.4783999939682,4.815899999812245,70.17510000150651,2.4006000021472573
EngineeringROI_B10,JILONG_EI_0069,1400,B10,195;225;57;2;219;217;86;35;46;104;49;161;23;174;44;155;135;91;10,0.1,19,127,19,0.1181168686969239,21120.0,True,0.7472026523000413,0.0526315789473684,0.5436787845903419,0.0789473684210526,0.3556150960647011,2,19,0,56.63010000716895,5.342400007066317,70.74959999590646,2.2746000031474978
EngineeringROI_B10,JILONG_EI_0069,1410,B10,195;225;57;3;203;86;217;35;5;49;161;46;44;23;106;104;174;235;155,0.1,19,126,19,0.1165164521291666,21120.0,True,0.7786131996658312,0.0526315789473684,0.5349087003222341,0.0789473684210526,0.3612752118391217,2,19,0,57.192100008251145,4.794499996933155,71.20200000645127,2.25720000162255
EngineeringROI_B10,JILONG_EI_0069,1420,B10,225;195;57;203;217;86;46;35;104;3;49;235;44;23;177;165;171;106;134,0.1,19,126,19,0.1211645519216485,21210.0,True,0.7836257309941521,0.0526315789473684,0.5310526315789473,0.0789473684210526,0.3615643274853801,2,19,0,54.3080000061309,4.96039999416098,70.29420000617392,2.300399995874613
EngineeringROI_B10,JILONG_EI_0069,1430,B10,225;195;57;203;217;3;46;86;35;49;161;235;104;23;155;44;5;135;106,0.1,19,125,19,0.1173128316652755,21210.0,True,0.784,0.0526315789473684,0.5459861775651248,0.0789473684210526,0.3653912812333865,2,19,0,54.60229999152944,4.692099988460541,70.514799997909,2.285399998072535
EngineeringROI_B10,JILONG_EI_0069,1440,B10,195;57;2;219;217;86;35;49;46;104;161;155;23;174;240;5;135;44;106,0.1,19,126,19,0.112519239457543,22470.0,True,0.7188805346700085,0.0526315789473684,0.5523657628920787,0.0789473684210526,0.350706311232627,2,19,0,54.74210000829771,4.969400004483759,70.33150001370814,2.237100008642301
EngineeringROI_B10,JILONG_EI_0079,10,B10,78;106;128;84;195;202;119;206;29;235;192;66;4;86;232;34;57;27;158,0.1,19,128,19,0.1094332687551209,,False,0.7014802631578947,0.0,0.725858123569794,0.0701754385964912,0.374378456331045,2,19,0,54.59440000413451,6.749200008925982,71.58699999854434,3.418400010559708
EngineeringROI_B10,JILONG_EI_0079,20,B10,86;77;13;206;112;202;235;46;232;33;44;104;91;174;20;57;66;195;10,0.1,19,126,19,0.1081391520089439,0.0,True,0.7059314954051796,0.0526315789473684,0.691016333938294,0.0701754385964912,0.3799387117218333,2,19,0,54.644400006509386,7.218200000352226,70.00839999818709,2.251699988846667
EngineeringROI_B10,JILONG_EI_0079,30,B10,77;86;13;74;119;105;206;84;49;235;195;128;44;232;201;46;4;10;177,0.1,19,125,19,0.1107044130146794,1560.0,True,0.6808421052631578,0.0394736842105263,0.7308924485125857,0.0701754385964912,0.3803459191456904,2,19,0,54.74099999992177,7.111099999747239,70.1511999941431,2.2022999910404906
EngineeringROI_B10,JILONG_EI_0079,40,B10,195;77;69;29;106;119;251;74;128;50;174;206;27;232;218;155;177;4;25,0.1,19,124,19,0.1094715562328185,13980.0,True,0.7045840407470287,0.0526315789473684,0.7480204937121564,0.087719298245614,0.3982388529130419,2,19,0,53.96649999602232,5.206200003158301,69.83769999351352,2.343300002394244
EngineeringROI_B10,JILONG_EI_0079,50,B10,195;61;106;58;50;158;112;206;4;13;156;120;69;93;232;177;100;10;203,0.1,19,123,19,0.0871040117619131,13980.0,True,0.6272999572100983,0.0526315789473684,0.7185150375939848,0.087719298245614,0.3715414679992664,2,19,0,54.17839999427088,5.819700003485195,70.56560000637546,2.212299994425848
EngineeringROI_B10,JILONG_EI_0079,60,B10,195;61;13;4;66;174;58;203;91;134;206;235;93;192;217;121;88;34;68,0.1,19,123,19,0.0766362153594045,14040.0,True,0.6636713735558408,0.0526315789473684,0.7522123893805309,0.0526315789473684,0.3802867302077771,1,19,0,55.39570000837557,5.62720000743866,70.82499998796266,2.261200002976693
EngineeringROI_B10,JILONG_EI_0079,70,B10,195;60;13;46;157;49;57;218;91;35;121;88;3;252;232;70;27;93;185,0.1,19,123,19,0.1034221347566065,14790.0,True,0.7466837826273,0.0526315789473684,0.6600284495021337,0.0526315789473684,0.3779938475060426,1,19,0,54.70140000397805,6.839299996499904,71.4346999884583,3.751600001123734
EngineeringROI_B10,JILONG_EI_0079,80,B10,195;44;219;13;57;157;217;135;90;77;121;66;102;26;5;46;19;71;99,0.1,19,123,19,0.1405380156366059,14790.0,True,0.658964484381686,0.0526315789473684,0.6948334138097537,0.0526315789473684,0.3647652640215442,1,19,0,54.50140000903048,4.727399995317683,70.14959999651182,3.529499997966923
EngineeringROI_B10,JILONG_EI_0079,90,B10,195;44;57;157;90;217;235;49;155;51;206;120;77;10;14;20;46;23;176,0.1,19,123,19,0.0999532892772089,14790.0,True,0.7214377406931964,0.0526315789473684,0.6178061977373341,0.0526315789473684,0.3611267740813168,1,19,0,54.531200003111735,5.113200008054264,69.86230000620708,2.7113999967696145
EngineeringROI_B10,JILONG_EI_0079,100,B10,195;28;61;74;206;158;41;235;202;19;106;156;128;170;52;49;88;133;232,0.1,19,119,19,0.1329417800614131,14850.0,True,0.5900044228217604,0.0526315789473684,0.7450980392156863,0.0526315789473684,0.3600914049830458,1,19,0,54.71189999661874,4.777299996931106,70.25209999119397,2.6252000097883865
EngineeringROI_B10,JILONG_EI_0079,110,B10,195;28;202;60;91;235;158;190;156;20;41;50;121;10;89;103;229;170;128,0.1,19,119,19,0.1086292317234725,15060.0,True,0.6722689075630252,0.0526315789473684,0.7147368421052631,0.0526315789473684,0.3730672268907563,1,19,0,54.73170000186656,4.6602999937022105,70.12720000057016,2.243900002213195
EngineeringROI_B10,JILONG_EI_0079,120,B10,195;27;29;61;252;186;91;219;217;57;104;156;213;206;158;50;20;135;177,0.1,19,118,19,0.109479213728358,15060.0,True,0.6752899197145407,0.0526315789473684,0.7297883884970157,0.0526315789473684,0.3775853665265732,1,19,0,55.40559999644756,4.855399994994514,70.64600000740029,2.4621000047773123
EngineeringROI_B10,JILONG_EI_0079,130,B10,195;27;202;29;106;104;235;61;174;170;156;112;58;213;233;50;40;86;4,0.1,19,117,19,0.1454234977908125,15060.0,True,0.6684660368870896,0.0526315789473684,0.6999457406402604,0.0701754385964912,0.3728046987678023,2,19,0,54.782400009571575,4.717699994216673,70.01640000089537,2.265500006615184
EngineeringROI_B10,JILONG_EI_0079,140,B10,195;27;202;252;61;174;13;104;74;69;34;106;170;215;4;41;112;101;94,0.1,19,116,19,0.1506841972264551,15240.0,True,0.7332123411978222,0.0526315789473684,0.672816060770483,0.087719298245614,0.3865948197903219,2,19,0,55.028199989465065,5.2859999996144325,70.54919999791309,2.3089999885996804
EngineeringROI_B10,JILONG_EI_0079,150,B10,195;27;202;29;106;170;235;74;232;50;174;104;60;206;69;41;177;4;32,0.1,19,116,19,0.1009411062018056,15240.0,True,0.677858439201452,0.0526315789473684,0.6781163434903048,0.087719298245614,0.3740814149711847,2,19,0,54.31410000892356,4.663899992010556,71.40609998896252,2.238100001704879
EngineeringROI_B10,JILONG_EI_0079,160,B10,195;26;219;90;60;121;28;170;217;88;174;215;50;69;192;156;32;40;93,0.1,19,117,19,0.135859285861966,15240.0,True,0.6554206027890239,0.0526315789473684,0.6698564593301435,0.087719298245614,0.3664069848280374,2,19,0,54.67010001302697,4.676600001403131,69.98249999014661,2.98389999079518
EngineeringROI_B10,JILONG_EI_0079,170,B10,195;58;26;106;219;29;217;170;60;156;174;192;66;78;86;135;56;229;20,0.1,19,117,19,0.1512125644186812,15240.0,True,0.6806117858749438,0.0526315789473684,0.6219119226638025,0.0701754385964912,0.3563326815206514,2,19,0,54.495699994731694,4.7627000021748245,70.00940000580158,2.797699999064207
EngineeringROI_B10,JILONG_EI_0079,180,B10,195;10;58;90;201;232;45;219;121;158;50;170;69;177;156;77;4;40;71,0.1,19,118,19,0.1389222840777695,15240.0,True,0.6882247992863515,0.0526315789473684,0.6521052631578947,0.087719298245614,0.3701702349093072,2,19,0,55.46019999019336,4.792400010046549,72.61579998885281,2.327300011529587
EngineeringROI_B10,JILONG_EI_0079,190,B10,195;25;58;106;202;29;174;156;177;49;77;27;4;232;170;35;88;86;120,0.1,19,118,19,0.1398411835425106,15240.0,True,0.6891168599464763,0.0526315789473684,0.6788399570354458,0.0701754385964912,0.3726909586314454,2,19,0,54.64689999644179,4.854099999647588,72.49649999721441,2.6108000020030886
EngineeringROI_B10,JILONG_EI_0079,200,B10,195;25;106;57;201;29;174;77;104;232;49;170;219;156;134;177;27;20;86,0.1,19,118,19,0.1463117672733955,15240.0,True,0.6293487957181089,0.0526315789473684,0.6705043859649124,0.0701754385964912,0.3556650498067202,2,19,0,57.064699998591095,4.70270001096651,70.19969999964815,2.2610000014537945
EngineeringROI_B10,JILONG_EI_0079,210,B10,195;41;10;105;216;29;157;219;74;50;170;60;86;177;135;55;78;20;214,0.1,19,117,19,0.1565115513320213,15240.0,True,0.6639676113360323,0.0526315789473684,0.6122448979591837,0.0701754385964912,0.3497548817097689,2,19,0,54.88150000746828,4.835799991269596,70.68049999361392,2.292899996973574
EngineeringROI_B10,JILONG_EI_0079,220,B10,195;58;40;106;219;28;216;157;88;10;49;77;120;177;170;86;51;165;79,0.1,19,117,19,0.1550795996661332,15240.0,True,0.6945569050832209,0.0526315789473684,0.6294307196562836,0.0701754385964912,0.361698660570841,2,19,0,54.67830000270624,5.246699991403148,70.55110001238063,2.373999988776632
EngineeringROI_B10,JILONG_EI_0079,230,B10,195;219;106;57;233;29;201;50;104;157;25;77;27;155;86;177;135;206;79,0.1,19,117,19,0.1472842692069131,15240.0,True,0.7233468286099866,0.0526315789473684,0.5907626208378088,0.0701754385964912,0.3592291167479137,2,19,0,54.79460000060499,6.124100007582456,71.24109999858774,2.279899999848567
EngineeringROI_B10,JILONG_EI_0079,240,B10,195;58;106;219;233;88;40;45;49;120;13;157;78;10;201;170;86;206;177,0.1,19,117,19,0.1357903684021104,15180.0,True,0.706702654071075,0.0526315789473684,0.6482542991141219,0.0701754385964912,0.3694409926822642,2,19,0,55.0956000079168,5.17589999071788,71.9420999957947,2.281099994434044
EngineeringROI_B10,JILONG_EI_0079,250,B10,195;106;57;219;88;29;157;217;120;77;49;170;24;10;206;86;177;35;79,0.1,19,117,19,0.1213942767878337,15180.0,True,0.6833108412055781,0.0526315789473684,0.6336842105263158,0.0701754385964912,0.3599505173189383,2,19,0,55.028099988703616,6.757800001651049,71.94950000848621,3.1719999969936907
EngineeringROI_B10,JILONG_EI_0079,260,B10,195;58;88;106;219;217;29;174;26;60;170;50;23;120;206;86;192;78;161,0.1,19,119,19,0.1251847370798906,15150.0,True,0.6828836797877047,0.0526315789473684,0.6463975472662238,0.0701754385964912,0.3630220611494471,2,19,0,54.457800011732616,4.733400011900812,69.44870000006631,2.2746000031474978
EngineeringROI_B10,JILONG_EI_0079,270,B10,195;58;88;219;106;45;217;13;10;174;77;50;120;170;86;206;176;40;36,0.1,19,119,19,0.1166542870488778,15150.0,True,0.6802299867315348,0.0526315789473684,0.6629554655870445,0.0701754385964912,0.3664981174656098,2,19,0,54.61540000396781,5.009600004996173,70.12019999092445,2.213900006609037
EngineeringROI_B10,JILONG_EI_0079,280,B10,195;58;88;219;106;23;29;232;77;174;10;170;49;176;86;120;206;201;36,0.1,19,121,19,0.0981614353209639,15180.0,True,0.6724662896911702,0.0526315789473684,0.6763403836694541,0.0701754385964912,0.3679034227261209,2,19,0,54.02569999569096,4.992700007278472,70.49159999587573,2.251300000352785
EngineeringROI_B10,JILONG_EI_0079,290,B10,195;58;219;88;106;232;77;13;174;49;44;51;86;206;177;10;170;135;128,0.1,19,120,19,0.1192884655144688,15180.0,True,0.7048245614035087,0.0526315789473684,0.6335650446871897,0.0701754385964912,0.3652991559086395,2,19,0,54.36090000148397,4.829900004551746,70.34849999763537,2.2776999976485968
EngineeringROI_B10,JILONG_EI_0079,300,B10,195;58;219;119;88;106;232;29;60;157;10;78;49;86;23;35;206;201;155,0.1,19,122,19,0.1097625410633198,15180.0,True,0.7001725625539258,0.0526315789473684,0.6320662768031188,0.0701754385964912,0.363761464225226,2,19,0,54.38159999903292,4.852199999731965,71.05020000017248,2.2258000099100173
EngineeringROI_B10,JILONG_EI_0079,310,B10,195;58;119;219;105;78;157;72;29;91;27;233;86;34;206;155;66;60;201,0.1,19,122,19,0.1292585247069093,15180.0,True,0.6859361518550474,0.0526315789473684,0.652046783625731,0.0701754385964912,0.3651974882561595,2,19,0,56.67819999507629,6.326000002445653,69.87419999495614,2.267000003485009
EngineeringROI_B10,JILONG_EI_0079,320,B10,195;58;78;119;88;219;29;233;90;157;34;27;86;155;206;201;66;20;25,0.1,19,122,19,0.1420235697712706,15180.0,True,0.6949956859361519,0.0526315789473684,0.6286276438760453,0.0701754385964912,0.3616075868390142,2,19,0,54.15890000585932,4.932099996949546,70.39580000855494,2.347800007555634
EngineeringROI_B10,JILONG_EI_0079,330,B10,195;58;119;78;219;88;13;23;174;217;10;45;86;206;155;91;49;35;4,0.1,19,122,19,0.0945700699129342,15180.0,True,0.6406384814495255,0.0526315789473684,0.682720953326713,0.0701754385964912,0.3615416130800245,2,19,0,54.38410000351723,5.18710000324063,70.99469999957364,2.3788999969838187
EngineeringROI_B10,JILONG_EI_0079,340,B10,195;58;78;217;119;219;23;105;13;174;45;86;172;25;66;27;206;34;170,0.1,19,121,19,0.136295763107718,15180.0,True,0.6850804697694649,0.0526315789473684,0.6454816285998014,0.0701754385964912,0.3633422789782815,2,19,0,55.56870000145864,5.957599991234019,71.01139999576844,2.324800007045269
EngineeringROI_B10,JILONG_EI_0079,350,B10,195;58;78;119;219;217;88;29;23;172;90;174;86;27;206;34;25;66;176,0.1,19,121,19,0.1246869998698225,15180.0,True,0.7185732927359721,0.0526315789473684,0.6005902606984751,0.0701754385964912,0.3604926427445767,2,19,0,56.24350000289269,5.661199989845045,70.47799999418203,2.5104000087594613
EngineeringROI_B10,JILONG_EI_0079,360,B10,195;58;119;219;78;217;23;29;172;105;174;34;86;10;176;66;206;4;170,0.1,19,120,19,0.0944092625066045,15180.0,True,0.6521929824561403,0.0526315789473684,0.649624060150376,0.0701754385964912,0.3561560150375939,2,19,0,54.99109999800567,4.789700004039332,69.98380000004545,2.3348000104306266
EngineeringROI_B10,JILONG_EI_0079,370,B10,195;58;78;119;29;219;217;23;105;172;174;86;34;27;66;176;25;206;170,0.1,19,121,19,0.1322908929405548,15180.0,True,0.7042192257503262,0.0526315789473684,0.5908639523336644,0.0701754385964912,0.3544725489069625,2,19,0,55.74349999369588,4.779399998369627,69.99800000630785,2.377900003921241
EngineeringROI_B10,JILONG_EI_0079,380,B10,195;58;78;90;217;219;119;29;88;23;174;86;172;34;192;66;25;27;206,0.1,19,121,19,0.1244266450214792,15180.0,True,0.7085689430187038,0.0526315789473684,0.5893743793445879,0.0701754385964912,0.3551875849767877,2,19,0,53.90699999406934,5.617899994831532,70.28590000118129,2.267999996547587
EngineeringROI_B10,JILONG_EI_0079,390,B10,195;58;90;78;217;219;104;14;135;86;23;174;49;35;27;172;192;46;60,0.1,19,121,19,0.115574580177807,15180.0,True,0.6572422792518487,0.0526315789473684,0.6330685203574974,0.0701754385964912,0.3532794542883015,2,19,0,55.33319999813102,5.428200005553663,70.24899999669287,2.374099989538081
EngineeringROI_B10,JILONG_EI_0079,400,B10,195;58;219;78;104;90;251;217;174;29;86;23;35;135;60;66;10;33;155,0.1,19,121,19,0.1012856935010835,15180.0,True,0.6872553284036537,0.0526315789473684,0.6335839598997492,0.0701754385964912,0.3609115764618156,2,19,0,54.86009999003727,5.278600001474842,69.7165000019595,2.2858999873278663
EngineeringROI_B10,JILONG_EI_0079,410,B10,195;58;251;90;78;219;120;13;174;33;217;24;86;44;35;88;10;128;66,0.1,19,120,19,0.1199316951397875,15180.0,True,0.6855263157894737,0.0526315789473684,0.6296114117068372,0.0701754385964912,0.3594861862600426,2,19,0,55.203700001584366,4.75890000234358,70.59260000823997,2.894899997045286
EngineeringROI_B10,JILONG_EI_0079,420,B10,195;58;90;120;219;78;232;14;251;201;174;86;35;88;60;49;28;23;128,0.1,19,120,19,0.1136066038241532,15180.0,True,0.6811403508771929,0.0526315789473684,0.6395989974937344,0.0701754385964912,0.3608865914786968,2,19,0,54.16890000924468,4.862999994657002,71.81309998850338,2.3024999973131344
EngineeringROI_B10,JILONG_EI_0079,430,B10,195;90;58;219;119;78;201;174;232;35;29;86;23;88;49;27;60;25;128,0.1,19,120,19,0.1398105535603525,15180.0,True,0.7293859649122807,0.0526315789473684,0.5814777327935223,0.0701754385964912,0.3584176788124156,2,19,0,54.86560000281315,5.528299996512942,70.85109999752603,2.263699992909096
EngineeringROI_B10,JILONG_EI_0079,440,B10,195;58;90;219;119;232;35;78;174;201;86;13;88;60;23;27;49;25;192,0.1,19,120,19,0.1361043257192302,15180.0,True,0.6916666666666668,0.0526315789473684,0.6138663967611336,0.0701754385964912,0.357085020242915,2,19,0,57.34349999693222,4.885400005150586,70.65769999462646,2.3861000081524253
EngineeringROI_B10,JILONG_EI_0079,450,B10,195;58;90;219;217;35;174;120;78;29;86;23;27;60;66;155;25;192;252,0.1,19,120,19,0.1366786378846934,15180.0,True,0.7092105263157894,0.0526315789473684,0.5588235294117647,0.0701754385964912,0.3477102683178534,2,19,0,54.751899995608255,4.834699997445568,70.92509999347385,2.2539000055985525
EngineeringROI_B10,JILONG_EI_0079,460,B10,195;58;90;219;35;217;78;174;29;86;135;60;10;104;23;252;128;49;170,0.1,19,120,19,0.1054973160478134,15180.0,True,0.6956140350877194,0.0526315789473684,0.5861011752682677,0.0701754385964912,0.3511305569749616,2,19,0,54.76400000043213,5.11299999197945,70.83549999515526,2.3120000114431605
EngineeringROI_B10,JILONG_EI_0079,470,B10,195;58;219;35;90;217;61;86;206;49;29;135;174;10;252;170;128;24;192,0.1,19,120,19,0.1033915047744484,15180.0,True,0.7021929824561404,0.0526315789473684,0.5820132856412876,0.0701754385964912,0.3517533214103219,2,19,0,55.05909999192227,4.659199999878183,70.4019000113476,2.756100002443418
EngineeringROI_B10,JILONG_EI_0079,480,B10,195;219;41;35;90;78;232;86;84;174;60;13;206;10;46;201;135;170;23,0.1,19,121,19,0.120735732171436,15180.0,True,0.6555023923444977,0.0526315789473684,0.6399166232412715,0.0701754385964912,0.3545565082824071,2,19,0,54.51879999600351,4.827600001590326,70.50899999740068,2.2480000043287878
EngineeringROI_B10,JILONG_EI_0079,490,B10,195;58;90;219;35;232;78;84;201;86;174;29;23;10;170;49;135;60;3,0.1,19,121,19,0.1106814405280608,15180.0,True,0.6824706394084384,0.0526315789473684,0.5895800106326421,0.0701754385964912,0.3487144168962351,2,19,0,56.146800008718856,5.267900007311255,71.2098999938462,2.769700004137121
EngineeringROI_B10,JILONG_EI_0079,500,B10,195;219;58;90;35;84;78;44;86;217;49;174;23;206;10;135;88;13;170,0.1,19,121,19,0.1167614919864309,15180.0,True,0.6998695084819486,0.0526315789473684,0.5984210526315789,0.0701754385964912,0.3552743946643468,2,19,0,54.27870000130497,5.110800004331395,69.97810000029858,2.4587000079918653
EngineeringROI_B10,JILONG_EI_0079,510,B10,195;58;90;219;84;35;78;217;60;174;86;49;29;120;24;170;10;3;56,0.1,19,121,19,0.1279108054919558,15180.0,True,0.7303175293605915,0.0526315789473684,0.5526315789473685,0.0701754385964912,0.3514390314629549,2,19,0,54.461499996250495,5.579899996519089,69.78679999883752,2.391000001807697
EngineeringROI_B10,JILONG_EI_0079,520,B10,195;58;219;90;35;78;174;84;86;44;201;120;66;23;232;10;3;170;192,0.1,19,121,19,0.122933433391275,15180.0,True,0.6546324488908223,0.0526315789473684,0.6201146430432518,0.0701754385964912,0.3493885273694833,2,19,0,54.60000000311993,5.228799986070953,70.01880000461824,2.4492999946232885
EngineeringROI_B10,JILONG_EI_0079,530,B10,195;58;219;90;78;84;44;86;35;49;174;217;135;13;88;192;23;170;3,0.1,19,122,19,0.1157660175662947,15180.0,True,0.6587575496117343,0.0526315789473684,0.6112558624283482,0.0701754385964912,0.3482051073959854,2,19,0,55.45689999416936,5.030499989516102,70.09090000065044,3.664000003482215
EngineeringROI_B10,JILONG_EI_0079,540,B10,195;219;41;60;78;84;90;217;174;49;86;35;29;128;192;27;4;23;170,0.1,19,123,19,0.1350935363080151,15180.0,True,0.6957637997432606,0.0526315789473684,0.5819838056680162,0.0701754385964912,0.3501386557387841,2,19,0,55.01189999631606,4.852099998970516,70.7292999868514,2.2084000083850697
EngineeringROI_B10,JILONG_EI_0079,550,B10,195;58;219;44;78;84;90;217;35;86;174;49;3;14;128;46;206;23;192,0.1,19,123,19,0.1068986377315435,15180.0,True,0.6581086863500215,0.0526315789473684,0.618045112781955,0.0701754385964912,0.3497402041689589,2,19,0,54.90119999740273,5.123399998410605,72.65230000484735,3.828300003078766
EngineeringROI_B10,JILONG_EI_0079,560,B10,195;58;219;44;78;84;90;51;86;174;252;49;20;201;232;24;13;176;170,0.1,19,123,19,0.1345192241425519,15180.0,True,0.6696619597774925,0.0526315789473684,0.6107249255213505,0.0701754385964912,0.3507984757106757,2,19,0,54.05590000736993,4.651499999454245,69.8874999943655,2.255300001706928
EngineeringROI_B10,JILONG_EI_0079,570,B10,195;58;219;84;44;78;90;252;51;174;86;201;49;20;176;46;25;147;13,0.1,19,123,19,0.1359818057905981,16890.0,True,0.6696619597774924,0.0,0.6125313283208019,0.0701754385964912,0.3380921816736965,2,19,0,54.7043999977177,6.378799997037277,69.84949999605305,2.241000009234994
EngineeringROI_B10,JILONG_EI_0079,580,B10,195;219;84;41;44;35;252;86;74;174;78;147;3;13;201;66;46;176;128,0.1,19,123,19,0.1291819497515142,16890.0,True,0.6328626444159179,0.0,0.6583912611717974,0.0701754385964912,0.3403573360460516,2,19,0,54.43530000047758,5.11519999417942,69.98930001282133,2.422000005026348
EngineeringROI_B10,JILONG_EI_0079,590,B10,195;58;84;219;60;29;51;252;174;86;147;78;90;3;49;27;201;176;25,0.1,19,123,19,0.1405839606098429,16890.0,True,0.7167308515190415,0.0,0.5908639523336643,0.0701754385964912,0.3444425606122993,2,19,0,55.62640000425745,4.759999996167608,70.56049999664538,2.807199998642318
EngineeringROI_B10,JILONG_EI_0079,600,B10,195;58;218;44;35;174;119;252;86;49;3;78;68;147;206;13;91;24;99,0.1,19,123,19,0.1270991109647678,16890.0,True,0.6649550706033377,0.0,0.6047368421052632,0.0701754385964912,0.334966837826273,2,19,0,55.123700003605336,6.831499995314516,70.88529999600723,2.4483000015607104
EngineeringROI_B10,JILONG_EI_0079,610,B10,195;58;119;61;35;218;90;252;174;86;29;4;147;27;66;94;99;156;206,0.1,19,123,19,0.1250928471334165,16890.0,True,0.6777920410783054,0.0,0.5794736842105264,0.0701754385964912,0.3318602909713308,2,19,0,54.549099993892014,4.982200000085868,69.89340001018718,2.273100006277673
EngineeringROI_B10,JILONG_EI_0079,620,B10,195;58;44;35;174;119;252;90;147;86;217;78;13;203;46;3;206;156;5,0.1,19,123,19,0.1123354595645948,16890.0,True,0.6418485237483953,0.0,0.6539864512767067,0.0701754385964912,0.3415026034053983,2,19,0,55.38019999221433,4.602900007739663,69.83520000358112,2.229199992143549
EngineeringROI_B10,JILONG_EI_0079,630,B10,195;58;84;60;13;35;217;174;252;119;90;86;203;78;3;27;23;147;46,0.1,19,123,19,0.1106737830325213,16950.0,True,0.7103123662815575,0.0,0.6072874493927125,0.0701754385964912,0.3469438135676903,2,19,0,54.27720000443514,4.68709999404382,69.70049999654293,2.2504999942611903
EngineeringROI_B10,JILONG_EI_0079,640,B10,195;58;84;35;44;13;174;252;217;86;90;203;78;46;3;23;49;134;10,0.1,19,123,19,0.1092265163755542,16950.0,True,0.689773213521609,0.0,0.6145510835913313,0.0701754385964912,0.3436249339273579,2,19,0,54.187300003832206,4.628000009688549,70.48960000975057,3.43000001157634
EngineeringROI_B10,JILONG_EI_0079,650,B10,195;58;84;44;13;35;252;174;86;217;90;49;203;134;78;3;24;170;120,0.1,19,123,19,0.1256212143256426,16950.0,True,0.7141634574240479,0.0,0.578421052631579,0.0701754385964912,0.3406899871630295,2,19,0,56.57229998905677,5.696199994417839,72.16729999345262,2.2031999978935346
EngineeringROI_B10,JILONG_EI_0079,660,B10,195;58;84;219;13;35;44;174;252;217;86;90;49;78;134;3;147;170;206,0.1,19,123,19,0.1135606588509162,16950.0,True,0.6765083440308088,0.0,0.628421052631579,0.0701754385964912,0.3437762088147197,2,19,0,54.840800003148615,5.490700001246296,70.16199998906814,2.265500006615184
EngineeringROI_B10,JILONG_EI_0079,670,B10,195;58;84;13;219;35;44;252;174;86;217;49;90;78;147;134;88;155;46,0.1,19,123,19,0.1094562412417394,16950.0,True,0.6923406076166024,0.0,0.6157383750638733,0.0701754385964912,0.3445636053192417,2,19,0,54.89189999934752,4.7731999948155135,70.2099000045564,2.982899997732602
EngineeringROI_B10,JILONG_EI_0079,680,B10,195;58;84;35;13;44;174;252;86;147;49;90;218;46;78;216;172;88;25,0.1,19,123,19,0.1305296689664678,16950.0,True,0.7214377406931964,0.0,0.5726941115164148,0.0701754385964912,0.3410768227015256,2,19,0,55.2769000059925,6.554799998411909,70.67230000393465,2.185100005590357
EngineeringROI_B10,JILONG_EI_0079,690,B10,195;58;13;44;119;35;174;147;86;218;46;90;49;216;88;78;25;100;3,0.1,19,123,19,0.1339525694726283,16950.0,True,0.6966195977749251,0.0,0.5652631578947368,0.0701754385964912,0.3330145485665383,2,19,0,55.18810001376551,5.35150000359863,70.06709999404848,2.2692999918945134
EngineeringROI_B10,JILONG_EI_0079,700,B10,195;13;41;60;35;119;174;86;74;147;217;203;46;66;27;78;105;235;199,0.1,19,123,19,0.130231026640427,16950.0,True,0.6619597774925118,0.0,0.5936842105263157,0.0701754385964912,0.3314548566538297,2,19,0,55.02610000257846,4.7405999939655885,71.57630000438076,2.460599993355572
EngineeringROI_B10,JILONG_EI_0079,710,B10,195;84;58;13;44;35;174;86;46;203;217;105;66;78;170;235;5;24;10,0.1,19,123,19,0.1293121271756859,16950.0,True,0.6936243046640994,0.0,0.543859649122807,0.0701754385964912,0.3269148480958494,2,19,0,55.78969999623951,7.21759999578353,71.68109998747241,2.394299997831695
EngineeringROI_B10,JILONG_EI_0079,720,B10,195;84;58;219;35;13;44;174;86;217;46;147;5;3;105;170;10;78;24,0.1,19,123,19,0.1244649324991768,16950.0,True,0.7081728712023964,0.0,0.5706096925482022,0.0701754385964912,0.3372395005867724,2,19,0,54.88449998665601,4.883500005234964,70.62710000900552,2.782299998216331
EngineeringROI_B10,JILONG_EI_0079,730,B10,195;58;13;35;44;174;46;147;86;203;217;5;3;105;78;68;49;235;10,0.1,19,123,19,0.1186758658713081,16950.0,True,0.6611039794608472,0.0,0.5773361976369495,0.0701754385964912,0.3271539039235719,2,19,0,54.23639999935404,4.714800001238473,69.85690000874456,2.744100012932904
EngineeringROI_B10,JILONG_EI_0079,740,B10,195;84;13;219;41;61;147;174;35;86;74;201;49;5;3;27;233;106;199,0.1,19,123,19,0.1217465215826511,16950.0,True,0.6598202824133504,0.0,0.6201146430432518,0.0701754385964912,0.3375275910132733,2,19,0,54.297299997415394,4.6747999876970425,70.98289999703411,2.248799995868467
EngineeringROI_B10,JILONG_EI_0079,750,B10,195;84;219;13;58;44;147;201;86;174;35;5;78;233;89;3;46;165;66,0.1,19,123,19,0.1190740556393625,16950.0,True,0.6653829696191698,0.0,0.6023970818134445,0.0701754385964912,0.3344888725072764,2,19,0,54.3896000017412,4.775499997776933,69.90280000900384,2.2286999883363023
EngineeringROI_B10,JILONG_EI_0079,760,B10,195;58;84;13;219;60;147;35;174;86;201;46;165;78;27;4;233;25;134,0.1,19,123,19,0.1396267736674043,16950.0,True,0.7308515190415062,0.0,0.5575820739968733,0.0701754385964912,0.3396522579087177,2,19,0,54.80530000932049,6.908299998030998,70.75629998871591,2.38760000502225
EngineeringROI_B10,JILONG_EI_0079,770,B10,195;84;219;13;35;41;44;147;119;86;217;174;46;74;165;78;171;88;121,0.1,19,123,19,0.1275891906792964,16950.0,True,0.6474112109542148,0.0,0.6405263157894736,0.0701754385964912,0.3395282413350449,2,19,0,55.02529999648687,4.838799999561161,70.86310000158846,2.2788000060245395
EngineeringROI_B10,JILONG_EI_0079,780,B10,195;84;13;41;147;119;61;51;218;174;86;5;74;27;171;165;121;23;88,0.1,19,123,19,0.1256977892810377,16980.0,True,0.6512623020967051,0.0,0.5895800106326421,0.0701754385964912,0.3277544378314596,2,19,0,54.58189999626484,4.803300005733036,70.99169999128208,2.379300000029616
EngineeringROI_B10,JILONG_EI_0079,790,B10,195;84;13;147;41;44;102;174;35;203;233;23;5;74;201;46;235;71;78,0.1,19,123,19,0.1368241302999441,16980.0,True,0.6593923833975183,0.0,0.6133190118152525,0.0526315789473684,0.3313357435400348,1,19,0,54.80870000610594,5.508800008101389,69.82269999571145,2.278600004501641
EngineeringROI_B10,JILONG_EI_0079,800,B10,195;84;13;58;147;44;35;46;233;86;174;201;235;203;134;24;78;91;155,0.1,19,123,19,0.1282324203046151,16980.0,True,0.6940522036799316,0.0,0.576234400434075,0.0701754385964912,0.3351155106776244,2,19,0,54.618399997707456,4.700300007243641,70.01609999861103,2.578900006483309
EngineeringROI_B10,JILONG_EI_0079,810,B10,195;84;58;13;35;44;233;119;46;147;86;174;202;235;24;78;106;49;133,0.1,19,124,19,0.1336003246778108,16980.0,True,0.6706281833616299,0.0,0.6102136529442418,0.0701754385964912,0.3377543187255907,2,19,0,54.53199999465141,4.786799996509217,69.54850000329316,2.4040999996941537
EngineeringROI_B10,JILONG_EI_0079,820,B10,195;84;58;13;35;119;147;46;44;174;86;233;202;235;133;49;24;78;161,0.1,19,124,19,0.1388380516268349,16980.0,True,0.7236842105263157,0.0,0.5799693408277978,0.0701754385964912,0.3434572474876511,2,19,0,54.53389999456704,4.922000007354654,70.55740000214428,2.255300001706928
EngineeringROI_B10,JILONG_EI_0079,830,B10,195;84;13;58;35;44;103;147;46;219;174;233;71;5;201;128;66;24;206,0.1,19,124,19,0.1047775114670995,16980.0,True,0.661290322580645,0.0,0.659919028340081,0.0526315789473684,0.3434602324670236,1,19,0,54.93110000679735,5.097999994177371,70.7579000008991,2.3485999990953133
EngineeringROI_B10,JILONG_EI_0079,840,B10,195;58;13;44;35;83;46;219;69;217;103;174;71;128;23;25;148;94;116,0.1,19,124,19,0.1581885428551737,16980.0,True,0.7219864176570457,0.0,0.5500515995872032,0.087719298245614,0.3399393288724658,2,19,0,55.94180000480264,4.865499999141321,71.09009999840055,2.7534999971976504
EngineeringROI_B10,JILONG_EI_0079,850,B10,195;13;58;35;44;69;83;46;219;217;174;88;102;128;25;116;78;164;206,0.1,19,124,19,0.1593677971682581,16980.0,True,0.7190152801358234,0.0,0.57,0.087719298245614,0.3441836445953593,2,19,0,56.42349999106955,4.874099991866387,70.78999999794178,2.275299993925728
EngineeringROI_B10,JILONG_EI_0079,860,B10,195;58;13;44;46;35;217;86;100;174;5;147;235;78;89;25;134;165;68,0.1,19,124,19,0.1423834720616275,17010.0,True,0.6604414261460103,0.0,0.5789473684210528,0.0701754385964912,0.3273910582908884,2,19,0,54.49020001105964,4.593000005115755,70.54450000578072,2.19870000728406
EngineeringROI_B10,JILONG_EI_0079,870,B10,195;13;58;44;35;46;217;174;86;100;235;147;89;24;56;120;165;78;155,0.1,19,124,19,0.1419316798247965,17010.0,True,0.7228353140916809,0.0,0.5296398891966758,0.0701754385964912,0.330662660471212,2,19,0,54.54860000463668,5.583299993304536,69.68549999874085,2.4264999956358224
EngineeringROI_B10,JILONG_EI_0079,880,B10,195;58;13;44;219;35;46;217;86;174;147;99;89;25;78;56;251;171;161,0.1,19,124,19,0.1494666554356732,17010.0,True,0.7016129032258064,0.0,0.5401662049861496,0.0701754385964912,0.3279886367021118,2,19,0,54.76329999510199,4.936299999826588,70.90510000125505,2.5202999968314543
EngineeringROI_B10,JILONG_EI_0079,890,B10,195;58;13;84;44;46;35;218;103;174;147;71;89;116;25;94;251;5;216,0.1,19,124,19,0.1338836520127727,17010.0,True,0.7249575551782682,0.0,0.5606874328678839,0.0526315789473684,0.3345691417483801,1,19,0,55.93600000429433,5.395899992436171,71.95739999588113,2.265199989778921
EngineeringROI_B10,JILONG_EI_0079,900,B10,195;13;58;35;46;60;219;86;174;99;147;201;5;88;94;27;233;24;206,0.1,19,124,19,0.11864523588915,17010.0,True,0.7109507640067911,0.0,0.5617615467239527,0.0701754385964912,0.3357219373318088,2,19,0,56.4345000020694,5.031099994084798,71.99409999884665,2.5255999935325235
EngineeringROI_B10,JILONG_EI_0079,910,B10,195;13;58;44;46;35;86;218;174;147;10;88;206;94;100;24;251;56;90,0.1,19,124,19,0.1244266450214792,17010.0,True,0.7117996604414262,0.0,0.5263157894736842,0.0701754385964912,0.3270727221279004,2,19,0,55.45539999729954,4.845500006922521,71.63260001107119,2.338000005693175
EngineeringROI_B10,JILONG_EI_0079,920,B10,195;13;58;46;44;35;174;86;88;147;10;217;116;90;94;235;165;135;66,0.1,19,124,19,0.1183695660497277,17010.0,True,0.6842105263157895,0.0,0.5649496080627099,0.0701754385964912,0.3298338932437477,2,19,0,55.50750000111293,5.48269999853801,72.41760000761133,3.090900005190633
EngineeringROI_B10,JILONG_EI_0079,930,B10,195;13;58;44;46;217;219;35;103;174;147;69;94;71;90;66;165;10;5,0.1,19,124,19,0.1109724253585622,17040.0,True,0.7007640067911715,0.0,0.5498320268756999,0.087719298245614,0.3345788329781213,2,19,0,56.68870000226889,4.827700002351776,70.6449999997858,2.473199987434782
EngineeringROI_B10,JILONG_EI_0079,940,B10,195;13;41;44;217;46;219;35;69;174;88;66;102;90;78;10;165;120;116,0.1,19,124,19,0.1378349197111592,17040.0,True,0.7054329371816639,0.0,0.5274725274725275,0.087719298245614,0.3301561907249513,2,19,0,54.63759999838658,4.798599999048747,70.72999999218155,2.3795000015525147
EngineeringROI_B10,JILONG_EI_0079,950,B10,195;13;58;35;44;217;46;69;88;102;66;174;206;25;56;116;90;235;78,0.1,19,125,19,0.1546967248891577,17040.0,True,0.7275789473684211,0.0,0.5285795132993775,0.087719298245614,0.3359694397283532,2,19,0,54.68169999949168,5.261199999949895,70.08039999345783,2.2766000038245693
EngineeringROI_B10,JILONG_EI_0079,960,B10,195;13;58;35;44;217;219;46;69;88;206;174;102;66;3;90;10;99;78,0.1,19,125,19,0.1085909442457749,17040.0,True,0.7023157894736842,0.0,0.5631013016411999,0.087719298245614,0.3382840973401245,2,19,0,54.86410000594333,4.727999999886379,69.9865999922622,2.275899998494424
EngineeringROI_B10,JILONG_EI_0079,970,B10,195;13;58;44;217;35;69;46;174;5;103;206;90;116;66;71;235;78;156,0.1,19,125,19,0.1392975013592054,17040.0,True,0.6795789473684211,0.0,0.548872180451128,0.087719298245614,0.3290426065162907,2,19,0,54.21899999782909,4.626699999789707,70.42410000576638,2.2444000060204417
EngineeringROI_B10,JILONG_EI_0079,980,B10,195;13;58;44;217;219;35;46;69;174;206;103;156;116;90;66;71;94;192,0.1,19,125,19,0.1262338139688033,17040.0,True,0.6791578947368421,0.0,0.5585738539898133,0.087719298245614,0.3313627617430673,2,19,0,54.24789999960922,4.675899996072985,72.20840000081807,3.06250000721775
EngineeringROI_B10,JILONG_EI_0079,990,B10,195;13;58;44;217;219;46;69;51;158;87;206;100;156;20;94;91;134;56,0.1,19,125,19,0.120329884907842,17040.0,True,0.630315789473684,0.0,0.6202603282399547,0.087719298245614,0.3345738539898132,2,19,0,54.85529999714345,5.341800002497621,70.71990000258666,2.405499995802529
EngineeringROI_B10,JILONG_EI_0079,1000,B10,195;13;58;84;217;44;46;158;86;35;206;5;156;116;88;94;134;235;66,0.1,19,125,19,0.1249396972226263,17040.0,True,0.7120000000000001,0.0,0.545401966454598,0.0701754385964912,0.3318943512627723,2,19,0,54.60029999085236,5.184299996471964,70.45109999307897,3.5426999966148287
EngineeringROI_B10,JILONG_EI_0079,1010,B10,195;13;58;217;46;44;219;86;158;206;88;35;156;100;3;66;134;68;94,0.1,19,125,19,0.123339280654869,17040.0,True,0.7002105263157895,0.0,0.5331807780320367,0.0701754385964912,0.3258916857360793,2,19,0,54.63759999838658,4.796900000656024,69.74449999688659,2.266600000439212
EngineeringROI_B10,JILONG_EI_0079,1020,B10,195;13;217;41;219;60;88;46;86;68;174;206;35;27;90;66;100;94;156,0.1,19,125,19,0.1360583807459932,17040.0,True,0.7145263157894737,0.0,0.5211104684788895,0.0701754385964912,0.3264530557162136,2,19,0,54.7591999929864,5.205900000873953,71.94690000324044,3.1893999985186383
EngineeringROI_B10,JILONG_EI_0079,1030,B10,195;13;44;35;219;217;46;41;206;88;86;68;174;90;116;66;5;156;120,0.1,19,125,19,0.1278495455276397,17040.0,True,0.7006315789473685,0.0,0.5566361556064072,0.0701754385964912,0.3318607932875667,2,19,0,55.2183999971021,4.844400013098493,70.27729999390431,2.895699988584965
EngineeringROI_B10,JILONG_EI_0079,1040,B10,195;13;35;217;41;46;44;147;86;68;157;206;120;90;88;235;116;66;94,0.1,19,125,19,0.141127642793148,17040.0,True,0.7254736842105263,0.0,0.5147484094852516,0.0701754385964912,0.3275993830730672,2,19,0,55.93040000530891,6.032100005540997,69.83140000374988,2.2563999955309555
EngineeringROI_B10,JILONG_EI_0079,1050,B10,195;13;88;83;219;35;217;57;44;157;147;86;46;206;90;120;117;49;77,0.1,19,125,19,0.1260270615892366,17040.0,True,0.6517894736842106,0.0,0.624221844934918,0.0701754385964912,0.3365466893039049,2,19,0,55.42960000457242,4.800100010470487,70.74000001011882,2.2594000038225204
EngineeringROI_B10,JILONG_EI_0079,1060,B10,195;13;83;58;219;217;46;44;102;147;157;35;69;206;90;88;120;3;49,0.1,19,125,19,0.0864531246410549,17040.0,True,0.6534736842105263,0.0,0.6151669496321448,0.087719298245614,0.3390899830220713,2,19,0,54.39969999133609,4.935400007525459,70.83710000733845,2.295999991474673
EngineeringROI_B10,JILONG_EI_0079,1070,B10,195;13;58;35;83;218;69;103;44;147;206;46;157;232;90;56;49;116;135,0.1,19,125,19,0.1104440581663361,17040.0,True,0.6808421052631578,0.0,0.5713450292397662,0.087719298245614,0.3349766081871345,2,19,0,54.25290000857785,5.422099988209084,71.05700000829529,2.3800999915692955
EngineeringROI_B10,JILONG_EI_0079,1080,B10,195;58;13;218;69;44;147;46;206;157;35;90;102;88;100;66;120;5;56,0.1,19,125,19,0.1079017696472191,17040.0,True,0.7094736842105263,0.0,0.5103489059727973,0.087719298245614,0.3268854721072344,2,19,0,56.63500000082422,5.164300004253164,71.93679999909364,2.3821000067982823
EngineeringROI_B10,JILONG_EI_0079,1090,B10,195;84;13;58;218;35;147;46;86;44;157;206;90;88;120;66;116;56;214,0.1,19,125,19,0.125988774111539,17040.0,True,0.7562105263157894,0.0,0.4994019138755982,0.0701754385964912,0.3314469696969697,2,19,0,54.70030001015402,5.278299999190494,70.7908999902429,2.4585999926785007
EngineeringROI_B10,JILONG_EI_0079,1100,B10,195;13;218;57;35;147;86;206;68;44;46;157;88;90;120;66;100;161;155,0.1,19,125,19,0.1115926824972624,17070.0,True,0.7178947368421053,0.0,0.5046783625730995,0.0701754385964912,0.323187134502924,2,19,0,55.34469999838621,5.000799996196292,71.15269999485463,2.77950000599958
EngineeringROI_B10,JILONG_EI_0079,1110,B10,195;13;58;35;218;147;68;46;86;206;44;158;90;120;66;100;56;216;161,0.1,19,125,19,0.1254604069193129,17070.0,True,0.7376842105263158,0.0,0.5068007096392667,0.0701754385964912,0.3286650896905184,2,19,0,54.41320000682026,4.787300000316463,72.30949999939185,3.617900001700036
EngineeringROI_B10,JILONG_EI_0079,1120,B10,195;13;218;57;35;206;44;147;68;86;46;90;174;66;120;216;116;94;25,0.1,19,125,19,0.1431339066244994,17070.0,True,0.7494736842105263,0.0,0.4940191387559808,0.0701754385964912,0.3284170653907495,2,19,0,57.97359999269247,4.7627000021748245,70.46410000475589,2.635500000906177
EngineeringROI_B10,JILONG_EI_0079,1130,B10,195;13;218;58;44;102;206;68;35;46;120;157;90;77;25;216;71;116;5,0.1,19,125,19,0.1600952592445114,17070.0,True,0.7520000000000001,0.0,0.5029239766081871,0.0526315789473684,0.3268888888888889,1,19,0,54.49890000454616,4.88710000354331,70.66589999885764,2.4431999918306246
EngineeringROI_B10,JILONG_EI_0079,1140,B10,195;13;218;58;44;206;86;68;35;46;77;90;120;174;3;134;25;56;116,0.1,19,125,19,0.1579281880068304,17070.0,True,0.7583157894736843,0.0,0.4760233918128655,0.0701754385964912,0.3261286549707602,2,19,0,54.95269999664743,4.830499994568527,71.35459998971783,2.3508000012952834
EngineeringROI_B10,JILONG_EI_0079,1150,B10,195;58;218;13;206;86;44;46;68;90;77;174;50;120;25;116;128;56;192,0.1,19,125,19,0.153678277982403,17070.0,True,0.6858947368421053,0.0,0.5142165759225651,0.0701754385964912,0.3175716878402904,2,19,0,54.45260000124108,5.7013000041479245,70.79670000530314,2.26239999756217
EngineeringROI_B10,JILONG_EI_0079,1160,B10,195;13;128;218;58;44;206;46;86;68;158;25;35;94;116;121;56;90;135,0.1,19,125,19,0.1579741329800675,17100.0,True,0.7477894736842106,0.0,0.4712362301101591,0.0701754385964912,0.3223002855977152,2,19,0,55.42579999018926,4.825399999390356,71.5146000002278,2.266099996631965
EngineeringROI_B10,JILONG_EI_0079,1170,B10,195;58;218;13;128;46;44;86;35;206;3;157;25;72;23;91;68;116;94,0.1,19,125,19,0.1442442434777281,17100.0,True,0.7663157894736842,0.0,0.468478889531521,0.0701754385964912,0.3262425294004241,2,19,0,54.930700003751554,6.202999997185543,71.21130000450648,2.432000008411705
EngineeringROI_B10,JILONG_EI_0079,1180,B10,195;13;58;218;44;46;103;128;206;51;158;69;91;3;25;94;5;56;116,0.1,19,125,19,0.1442212709911096,17100.0,True,0.7406315789473684,0.0,0.4836257309941521,0.087719298245614,0.3279941520467836,2,19,0,54.15900000662077,4.826199990930036,70.61029999749735,2.38099999842234
EngineeringROI_B10,JILONG_EI_0079,1190,B10,195;58;13;218;69;225;46;44;102;206;35;91;174;3;5;94;156;25;116,0.1,19,125,19,0.1559908416353347,20520.0,True,0.7040000000000001,0.0526315789473684,0.4742755765819041,0.087719298245614,0.3296566134437217,2,19,0,56.38169999292586,5.4062999988673255,70.45509999443311,2.5348000053782016
EngineeringROI_B10,JILONG_EI_0079,1200,B10,195;13;58;225;218;35;69;46;206;44;5;3;158;91;102;25;116;105;156,0.1,19,125,19,0.147582911532954,20520.0,True,0.6854736842105265,0.0526315789473684,0.4976076555023924,0.087719298245614,0.3308580542264753,2,19,0,54.60060000768863,4.765500008943491,70.07629999134224,2.982599995448254
EngineeringROI_B10,JILONG_EI_0079,1210,B10,195;29;218;128;57;69;3;206;91;60;35;157;5;103;27;25;105;62;165,0.1,19,125,19,0.1160033999280195,17100.0,True,0.6652631578947369,0.0,0.5286812536960379,0.087719298245614,0.3204159274590972,2,19,0,53.97850000008475,4.78849999490194,70.34600000770297,2.335299999685958
EngineeringROI_B10,JILONG_EI_0079,1220,B10,195;13;58;128;44;225;69;218;3;46;35;206;91;158;5;103;105;25;135,0.1,19,124,19,0.124694657365362,20520.0,True,0.666383701188455,0.0526315789473684,0.553518628030751,0.087719298245614,0.3400633016030471,2,19,0,54.200699989451095,5.3112999885343015,70.34269999712706,2.287000010255724
EngineeringROI_B10,JILONG_EI_0079,1230,B10,195;13;225;58;128;44;69;3;217;46;91;206;219;174;102;50;5;105;135,0.1,19,124,19,0.1026717001937346,20520.0,True,0.5971986417657046,0.0526315789473684,0.6481371969248965,0.087719298245614,0.3464216789708959,2,19,0,54.65809999441262,5.473800003528595,72.76500000443775,3.162799999699928
EngineeringROI_B10,JILONG_EI_0079,1240,B10,195;225;2;217;219;13;128;41;69;46;44;5;91;206;50;158;103;105;116,0.1,19,125,19,0.1264788538260676,20520.0,True,0.6821052631578945,0.0526315789473684,0.5895919574216442,0.087719298245614,0.3530120244431303,2,19,0,54.56339998636395,5.001400000764988,70.01360000867862,2.3628000053577125
EngineeringROI_B10,JILONG_EI_0079,1250,B10,195;225;2;58;29;128;217;219;69;206;35;91;158;61;56;105;25;102;116,0.1,19,125,19,0.1549800522241196,20520.0,True,0.7574736842105263,0.0526315789473684,0.4819633353045535,0.087719298245614,0.3449469741770155,2,19,0,54.52780000632629,5.285300008836202,70.20729999931064,2.2561000077985227
EngineeringROI_B10,JILONG_EI_0079,1260,B10,195;225;29;217;3;57;69;128;91;203;206;35;158;77;5;105;135;235;116,0.1,19,124,19,0.1134611114089026,20520.0,True,0.6659592529711376,0.0526315789473684,0.5607985480943738,0.087719298245614,0.3417771695646234,2,19,0,54.46220000158064,4.675699994550087,70.02260000444949,2.58909999683965
EngineeringROI_B10,JILONG_EI_0079,1270,B10,195;225;44;219;217;57;3;69;46;128;206;91;158;50;77;105;116;156;71,0.1,19,124,19,0.1526138861024113,20520.0,True,0.6659592529711376,0.0526315789473684,0.5735645933014354,0.087719298245614,0.3449686808663889,2,19,0,54.73160000110511,5.294699993100949,71.85810001101345,2.4879000120563437
EngineeringROI_B10,JILONG_EI_0079,1280,B10,195;225;217;3;13;57;69;46;44;128;203;206;35;91;157;88;235;119;77,0.1,19,124,19,0.1209195120643842,20580.0,True,0.6986417657045841,0.0526315789473684,0.566528681253696,0.087719298245614,0.3513803310378156,2,19,0,55.74809999961872,4.982700003893115,71.36499999614898,2.737700007855892
EngineeringROI_B10,JILONG_EI_0079,1290,B10,195;225;3;217;58;219;13;69;46;88;206;128;44;35;158;91;5;77;102,0.1,19,124,19,0.1283319677466287,20610.0,True,0.769100169779287,0.0526315789473684,0.5109402720283857,0.087719298245614,0.3550978297501637,2,19,0,55.08959999133367,4.924399996525608,71.11849999637343,2.489199992851354
EngineeringROI_B10,JILONG_EI_0079,1300,B10,195;225;58;217;3;128;206;69;28;203;46;91;50;60;158;5;103;165;105,0.1,19,124,19,0.1048234564403366,20670.0,True,0.6731748726655349,0.0526315789473684,0.5946763460375075,0.087719298245614,0.3520505239740062,2,19,0,57.83840001095086,4.961899991030805,71.14359999832232,2.2701999987475574
EngineeringROI_B10,JILONG_EI_0079,1310,B10,195;225;2;58;13;44;218;46;69;206;91;35;88;158;102;77;176;121;116,0.1,19,125,19,0.1409132329180418,20730.0,True,0.7258947368421051,0.0526315789473684,0.5172413793103449,0.087719298245614,0.3458717483363581,2,19,0,54.62660000193864,5.740100008551963,69.87880000087898,2.300599997397512
EngineeringROI_B10,JILONG_EI_0079,1320,B10,225;58;69;2;178;28;233;201;46;88;206;50;102;91;77;5;158;235;156,0.1,19,125,19,0.1171673392500248,20760.0,True,0.6686315789473684,0.0526315789473684,0.638390092879257,0.0526315789473684,0.3530712074303405,1,19,0,54.76440000347793,5.769800001871772,71.29789999453351,3.118299995549023
EngineeringROI_B10,JILONG_EI_0079,1330,B10,225;69;58;195;3;219;28;201;233;46;206;77;157;88;50;90;161;14;133,0.1,19,125,19,0.134189951834353,20820.0,True,0.6421052631578948,0.0526315789473684,0.6177944862155389,0.087719298245614,0.3500626566416039,2,19,0,55.71599998802412,6.5036999876610935,69.77629999164492,2.2409999946830794
EngineeringROI_B10,JILONG_EI_0079,1340,B10,225;69;58;195;3;44;13;217;219;46;206;133;50;90;161;88;158;171;77,0.1,19,125,19,0.1386083267606496,20820.0,True,0.6631578947368421,0.0526315789473684,0.5993808049535603,0.087719298245614,0.3507223942208462,2,19,0,54.59640000481159,4.611299998941831,70.63869999547023,2.2179999941727147
EngineeringROI_B10,JILONG_EI_0079,1350,B10,69;225;2;195;58;217;44;46;206;133;235;50;102;77;14;174;56;105;161,0.1,19,126,19,0.1550642846750541,20880.0,True,0.6746031746031745,0.0526315789473684,0.5776942355889724,0.087719298245614,0.3481620718462823,2,19,0,56.83590000262484,5.221300001721829,71.56310000573285,2.8100999916205183
EngineeringROI_B10,JILONG_EI_0079,1360,B10,69;225;58;178;3;217;29;133;206;235;62;50;174;103;105;212;25;156;27,0.1,19,125,19,0.1299400418099256,20910.0,True,0.6597894736842106,0.0526315789473684,0.6185758513931888,0.0526315789473684,0.3459071207430341,1,19,0,56.07819999568164,5.130100005771965,71.24910000129603,2.325799985555932
EngineeringROI_B10,JILONG_EI_0079,1370,B10,225;69;195;58;217;3;29;206;235;203;133;128;102;50;25;158;135;61;105,0.1,19,124,19,0.1437082187899625,20970.0,True,0.7045840407470289,0.0526315789473684,0.5609907120743034,0.087719298245614,0.3514814075035786,2,19,0,57.20880000444595,5.085099997813813,70.85640000877902,2.2333999950205907
EngineeringROI_B10,JILONG_EI_0079,1380,B10,225;69;195;44;217;219;3;57;46;128;206;35;133;157;90;135;23;161;25,0.1,19,124,19,0.1408749454403443,21060.0,True,0.7228353140916809,0.0526315789473684,0.5869033047735618,0.087719298245614,0.3625223740145563,2,19,0,54.39679999835789,4.717300005722791,70.75050000275951,2.2089999984018505
EngineeringROI_B10,JILONG_EI_0079,1390,B10,225;69;58;195;218;3;46;28;206;23;128;50;133;232;157;103;77;25;105,0.1,19,124,19,0.1474450766132428,21060.0,True,0.7147707979626486,0.0526315789473684,0.5452876376988985,0.087719298245614,0.3501023282136324,2,19,0,56.06309999711812,5.008799998904578,72.24370000767522,3.273300011642277
EngineeringROI_B10,JILONG_EI_0079,1400,B10,225;69;195;3;219;41;251;13;23;206;46;217;44;35;128;157;133;77;103,0.1,19,124,19,0.1522999287852914,21090.0,True,0.7792869269949065,0.0526315789473684,0.5623891188645772,0.087719298245614,0.3705067307631165,2,19,0,54.61490000016056,4.5298000040929765,70.01309999031946,2.235199994174764
EngineeringROI_B10,JILONG_EI_0079,1410,B10,225;69;2;195;251;57;206;13;23;218;46;35;44;77;128;157;135;102;133,0.1,19,124,19,0.1457757425856299,21090.0,True,0.783106960950764,0.0526315789473684,0.5458308693081018,0.087719298245614,0.367322176862962,2,19,0,54.66870000236668,6.880900007672608,69.87629999639466,2.1966000058455397
EngineeringROI_B10,JILONG_EI_0079,1420,B10,225;69;195;251;219;3;58;23;46;206;28;217;128;35;158;103;5;133;77,0.1,19,123,19,0.1292661822024488,21120.0,True,0.7770646127513906,0.0526315789473684,0.5598611914401387,0.087719298245614,0.369319170346128,2,19,0,56.56089998956304,4.736499991849996,70.29710001370404,2.6059000083478168
EngineeringROI_B10,JILONG_EI_0079,1430,B10,225;69;195;217;219;58;3;28;206;23;128;46;50;135;157;161;133;77;103,0.1,19,122,19,0.1346570590622631,21120.0,True,0.7312338222605694,0.0526315789473684,0.586549707602339,0.087719298245614,0.3645336017639727,2,19,0,55.58250000467524,6.611000004340895,70.86669999989681,2.221499991719611
EngineeringROI_B10,JILONG_EI_0079,1440,B10,225;69;178;58;3;217;44;219;13;206;128;46;23;50;157;133;91;212;77,0.1,19,122,19,0.1223974087035094,21180.0,True,0.7566867989646248,0.0526315789473684,0.5976608187134502,0.0526315789473684,0.3649026938932029,1,19,0,54.93550001119729,6.4036000112537295,70.20539999939501,2.2056000016164035
EngineeringROI_B10,JILONG_EI_0089,10,B10,78;128;195;106;219;206;84;4;192;49;29;158;119;57;251;156;10;217;51,0.1,19,128,19,0.0794541737179438,,False,0.6488486842105263,0.0,0.7995423340961099,0.0526315789473684,0.3752556493135011,1,19,0,54.42810000386089,4.654200005461462,69.73210000433028,2.75800000235904
EngineeringROI_B10,JILONG_EI_0089,20,B10,195;77;13;235;112;33;202;192;121;46;206;44;158;69;20;10;74;66;155,0.1,19,126,19,0.1014924458806502,13860.0,True,0.7034252297410193,0.0526315789473684,0.7059891107078041,0.087719298245614,0.3874413044104514,2,19,0,53.87829999381211,5.023499994422309,71.55299998703413,3.1931999983498827
EngineeringROI_B10,JILONG_EI_0089,30,B10,77;69;74;210;29;50;128;105;119;218;27;174;252;4;99;206;176;232;156,0.1,19,126,19,0.0941106201805637,17010.0,True,0.7205513784461153,0.0526315789473684,0.6442831215970961,0.0350877192982456,0.3631384495722064,1,19,0,54.67889999272302,5.446200011647306,71.61539999651723,2.2833999973954637
EngineeringROI_B10,JILONG_EI_0089,40,B10,77;84;106;50;210;112;29;57;251;119;202;174;4;10;206;166;88;232;86,0.1,19,127,19,0.0798676784770772,17100.0,True,0.7194363862411934,0.0526315789473684,0.6792196007259528,0.0175438596491228,0.3672078563909094,1,19,0,54.43970000487752,5.753899997216649,70.1998000004096,2.353399991989136
EngineeringROI_B10,JILONG_EI_0089,50,B10,61;58;13;121;210;50;112;202;90;158;206;19;5;177;93;232;235;27;69,0.1,19,125,19,0.0988735824061382,17100.0,True,0.7014736842105261,0.0526315789473684,0.6692377495462795,0.0350877192982456,0.3646076830006049,1,19,0,54.267500003334135,5.060499999672175,69.78909998724703,2.3114000068744645
EngineeringROI_B10,JILONG_EI_0089,60,B10,61;58;49;47;203;210;176;29;217;235;157;91;120;206;88;134;93;4;35,0.1,19,126,19,0.0791249014097449,17100.0,True,0.722639933166249,0.0526315789473684,0.7227767695099818,0.0,0.3745120704058998,0,19,0,54.46790000132751,5.252000002656132,70.86639999761246,2.370999995036982
EngineeringROI_B10,JILONG_EI_0089,70,B10,60;57;195;34;218;157;91;46;251;66;128;104;13;4;192;68;27;25;32,0.1,19,125,19,0.1040423918953067,17100.0,True,0.7145263157894737,0.0,0.6945488721804512,0.0526315789473684,0.3654266917293233,1,19,0,54.158500002813525,4.795700006070547,69.96449999860488,2.4597000010544434
EngineeringROI_B10,JILONG_EI_0089,80,B10,44;219;13;4;121;217;58;76;210;49;157;128;51;135;192;69;46;206;71,0.1,19,127,19,0.1003591365408029,17100.0,True,0.7136344799005387,0.0526315789473684,0.6791320406278857,0.0350877192982456,0.3701214546935095,1,19,0,54.98549999902025,5.504799992195331,70.48209999629762,2.279000007547438
EngineeringROI_B10,JILONG_EI_0089,90,B10,44;90;57;33;47;210;66;218;119;10;174;155;121;128;35;4;14;252;84,0.1,19,126,19,0.0709543536690889,17820.0,True,0.6620718462823726,0.0526315789473684,0.69917914051183,0.0,0.3534706414353928,0,19,0,54.07329999434296,5.124199989950284,69.90130001213402,2.261500005261041
EngineeringROI_B10,JILONG_EI_0089,100,B10,28;61;219;58;121;195;47;128;158;91;4;49;176;100;217;51;252;69;119,0.1,19,122,19,0.0942790850824329,17820.0,True,0.6591889559965487,0.0,0.7068371864240038,0.087719298245614,0.3634363601665416,2,19,0,55.0875999906566,4.7441000060644,70.49839998944663,2.268800002639182
EngineeringROI_B10,JILONG_EI_0089,110,B10,28;57;128;47;176;202;61;121;235;210;10;4;91;34;88;69;155;135;66,0.1,19,124,19,0.0929696533451769,17820.0,True,0.6846349745331071,0.0526315789473684,0.6748120300751881,0.0350877192982456,0.3617915757134772,1,19,0,54.85420000331942,4.735299997264519,70.32210000033956,2.3452000023098662
EngineeringROI_B10,JILONG_EI_0089,120,B10,27;13;217;61;4;219;104;252;128;74;210;47;157;186;49;135;41;69;106,0.1,19,124,19,0.1092877763398702,17970.0,True,0.6931239388794567,0.0526315789473684,0.7382271468144045,0.0350877192982456,0.3797675959848688,1,19,0,54.334700005711056,4.807299992535263,70.38989999273326,2.268500000354834
EngineeringROI_B10,JILONG_EI_0089,130,B10,27;29;235;217;60;58;112;104;47;174;192;90;210;203;69;19;32;50;185,0.1,19,126,19,0.0817437648842569,17970.0,True,0.7201336675020886,0.0526315789473684,0.7098398169336384,0.0350877192982456,0.3794231956703353,1,19,0,55.25979999219999,7.452599995303899,71.0996999987401,2.3811999999452382
EngineeringROI_B10,JILONG_EI_0089,140,B10,27;57;202;69;29;60;232;195;121;176;112;229;103;91;174;20;34;89;170,0.1,19,126,19,0.0946160148861713,17970.0,True,0.7364243943191312,0.0,0.6595542911332385,0.087719298245614,0.3709244959244959,2,19,0,55.65160000696778,4.895500009297393,70.84409998788033,2.8476999868871644
EngineeringROI_B10,JILONG_EI_0089,150,B10,27;202;235;106;29;57;3;128;61;176;195;104;170;232;229;69;157;35;32,0.1,19,127,19,0.1074193474282301,17970.0,True,0.6568586821384169,0.0,0.7161654135338346,0.087719298245614,0.3651858484794664,2,19,0,54.91770000662655,5.040100004407577,71.03269999788608,2.307599992491305
EngineeringROI_B10,JILONG_EI_0089,160,B10,26;58;219;90;217;195;121;128;186;177;45;119;69;50;32;101;155;88;20,0.1,19,126,19,0.1042185142927154,17970.0,True,0.6532999164578112,0.0,0.7017543859649122,0.087719298245614,0.3606934001670843,2,19,0,54.98729999817442,5.088299993076362,72.2774999885587,3.2747000077506527
EngineeringROI_B10,JILONG_EI_0089,170,B10,58;26;90;195;201;128;121;29;50;232;20;60;235;119;174;177;88;156;86,0.1,19,122,19,0.1109264803853251,17970.0,True,0.680327868852459,0.0,0.6967648478995653,0.0701754385964912,0.3618170388371289,2,19,0,55.24610000429675,7.219199993414804,70.69200000842102,3.080900001805276
EngineeringROI_B10,JILONG_EI_0089,180,B10,10;58;105;195;218;128;232;13;49;157;44;20;177;119;186;133;91;69;23,0.1,19,121,19,0.0994861820492989,17820.0,True,0.6563723357981732,0.0,0.6586190246257847,0.087719298245614,0.3506776646673929,2,19,0,54.54119999194518,4.836899999645539,71.68639999872539,2.4630999978398904
EngineeringROI_B10,JILONG_EI_0089,190,B10,25;57;105;202;119;174;29;195;49;232;20;69;27;192;91;229;60;128;156,0.1,19,121,19,0.1064927904679495,17820.0,True,0.6576772509786865,0.0,0.6282296650717702,0.087719298245614,0.3434065535740177,2,19,0,55.51000000559725,4.969100002199411,72.1276999975089,2.2735000093234703
EngineeringROI_B10,JILONG_EI_0089,200,B10,25;57;90;119;217;195;50;88;157;186;112;121;60;28;4;229;69;177;36,0.1,19,121,19,0.1032766423413558,17100.0,True,0.6729012614180078,0.0,0.6698564593301435,0.087719298245614,0.3576192547484413,2,19,0,55.37760000152048,5.88790001347661,70.59849999495782,2.308199997060001
EngineeringROI_B10,JILONG_EI_0089,210,B10,40;58;10;105;119;195;217;50;219;112;157;29;20;176;186;69;61;94;155,0.1,19,121,19,0.1137674112304829,17010.0,True,0.6889952153110048,0.0,0.6736842105263158,0.087719298245614,0.3625996810207336,2,19,0,55.09039999742527,5.354399996576831,71.19529999908991,2.2945999953662977
EngineeringROI_B10,JILONG_EI_0089,220,B10,40;74;10;195;88;233;202;50;121;119;112;69;235;29;61;192;155;99;215,0.1,19,121,19,0.1029243975465384,17010.0,True,0.6755110917790343,0.0,0.6775119617224881,0.087719298245614,0.360185587936784,2,19,0,54.60920000041369,5.807900000945665,71.80700000026263,2.9008999990765005
EngineeringROI_B10,JILONG_EI_0089,230,B10,195;40;74;10;217;104;219;4;106;51;186;135;49;45;128;69;177;157;102,0.1,19,122,19,0.1033532172967509,17010.0,True,0.6177739430543571,0.0,0.6996619990342829,0.087719298245614,0.3512888100835636,2,19,0,55.15259999083355,4.848199998377822,70.41939999908209,2.2584999969694763
EngineeringROI_B10,JILONG_EI_0089,240,B10,195;88;57;232;219;29;10;4;121;50;24;186;112;61;69;252;157;135;55,0.1,19,122,19,0.103881584488977,17010.0,True,0.7100949094046591,0.0,0.6291646547561565,0.087719298245614,0.3567447156016074,2,19,0,55.06579999928363,4.80559999414254,70.40929999493528,2.2764000023016706
EngineeringROI_B10,JILONG_EI_0089,250,B10,195;57;104;232;219;46;4;50;10;128;186;23;252;177;60;28;94;69;106,0.1,19,123,19,0.0838648911487009,17010.0,True,0.7141634574240479,0.0,0.5822664770033192,0.087719298245614,0.3460373081682453,2,19,0,54.80420000094455,4.833900005905889,70.81450000987388,2.264299997477792
EngineeringROI_B10,JILONG_EI_0089,260,B10,195;88;57;217;219;29;35;66;4;61;10;176;112;121;252;23;186;91;70,0.1,19,123,19,0.0849982004885482,17010.0,True,0.6897732135216089,0.0,0.6497607655502392,0.0526315789473684,0.3480413895048041,1,19,0,55.1190999976825,5.50340001063887,70.3432000009343,2.2733999940101057
EngineeringROI_B10,JILONG_EI_0089,270,B10,195;88;233;10;119;58;46;202;4;49;35;23;128;235;121;192;60;91;56,0.1,19,123,19,0.0684503526276695,15540.0,True,0.6602481814291827,0.0526315789473684,0.6989094357515411,0.0526315789473684,0.3661051937688652,1,19,0,54.50919999566395,7.580100005725399,70.27470000321046,2.2234999923966825
EngineeringROI_B10,JILONG_EI_0089,280,B10,195;105;119;57;232;29;4;61;202;66;10;35;176;112;23;86;158;91;235,0.1,19,123,19,0.0933448706266128,15540.0,True,0.6414206247325631,0.0526315789473684,0.6740704973442782,0.0701754385964912,0.3595745349051752,2,19,0,55.62550001195632,6.708400003844872,70.13930000539403,2.2298999974736944
EngineeringROI_B10,JILONG_EI_0089,290,B10,195;232;89;57;4;218;192;61;112;29;119;10;66;23;34;158;86;186;155,0.1,19,123,19,0.0921503013224494,15540.0,True,0.6658108686350022,0.0526315789473684,0.6121384542437175,0.0701754385964912,0.3501890851056448,2,19,0,55.01219999860041,4.802199997357093,70.45519999519456,2.365699998335913
EngineeringROI_B10,JILONG_EI_0089,300,B10,195;105;217;4;176;61;57;29;23;135;235;34;112;174;66;26;86;91;186,0.1,19,123,19,0.1101837033179928,15570.0,True,0.6735130509199828,0.0526315789473684,0.6138755980861245,0.0701754385964912,0.3525489166374917,2,19,0,54.3249000038486,4.88779999432154,70.29730000067502,2.3338999890256678
EngineeringROI_B10,JILONG_EI_0089,310,B10,195;105;217;58;4;34;46;10;13;60;177;119;174;66;86;128;40;235;186,0.1,19,123,19,0.0971047009365117,15630.0,True,0.6662387676508345,0.0350877192982456,0.6272332206663449,0.0701754385964912,0.349683786552979,2,19,0,54.83660000027157,5.21380000282079,70.29080000938848,2.2311000066110864
EngineeringROI_B10,JILONG_EI_0089,320,B10,195;58;105;217;61;34;4;13;176;174;66;86;119;26;128;24;235;55;206,0.1,19,123,19,0.1313566784847347,15660.0,True,0.7017543859649122,0.0350877192982456,0.5699383594120437,0.0701754385964912,0.3442389758179232,2,19,0,54.31500000122469,5.713899998227134,71.75079999433365,3.04909999249503
EngineeringROI_B10,JILONG_EI_0089,330,B10,195;105;217;57;176;46;34;4;60;174;13;86;119;112;10;219;66;23;155,0.1,19,123,19,0.0712223660129718,15750.0,True,0.6375695335900728,0.0350877192982456,0.6169590643274854,0.0701754385964912,0.3399479389530737,2,19,0,54.55099999380764,5.940899995039217,70.14519999211188,2.23280000500381
EngineeringROI_B10,JILONG_EI_0089,340,B10,195;218;105;34;57;61;29;192;4;119;86;174;27;112;25;232;94;66;32,0.1,19,125,19,0.1346953465399606,15750.0,True,0.7149473684210527,0.0350877192982456,0.5478468899521531,0.0701754385964912,0.3420143540669856,2,19,0,54.445199988549575,5.3014000004623085,70.35650000034366,2.249600001960061
EngineeringROI_B10,JILONG_EI_0089,350,B10,195;218;90;4;34;88;58;119;60;29;176;174;86;112;25;27;94;232;66,0.1,19,125,19,0.1215321117075449,15750.0,True,0.7275789473684211,0.0350877192982456,0.548872180451128,0.0701754385964912,0.3454285714285714,2,19,0,54.65380000532605,5.268400011118501,70.61399999656714,2.240599991637282
EngineeringROI_B10,JILONG_EI_0089,360,B10,195;218;34;88;46;58;176;60;4;90;86;119;28;174;10;24;112;14;94,0.1,19,125,19,0.1041342818417808,15750.0,True,0.7250526315789475,0.0350877192982456,0.5625,0.0701754385964912,0.3482039473684211,2,19,0,55.080699996324256,4.74709999980405,71.65040000109002,3.700900007970631
EngineeringROI_B10,JILONG_EI_0089,370,B10,195;217;34;105;4;57;61;29;174;69;135;235;177;94;25;87;172;27;101,0.1,19,124,19,0.151449946780406,15750.0,True,0.7041595925297113,0.0350877192982456,0.5540669856459332,0.087719298245614,0.345258398929876,2,19,0,55.02580000029411,5.58120000641793,71.71109999762848,2.265400005853735
EngineeringROI_B10,JILONG_EI_0089,380,B10,195;217;90;46;88;34;57;60;69;4;13;174;135;66;24;177;27;94;32,0.1,19,124,19,0.1060180257445,15750.0,True,0.7113752122241087,0.0350877192982456,0.5578947368421051,0.087719298245614,0.3480192416525183,2,19,0,54.69930000253953,4.746699996758252,72.06359998963308,2.863700006855652
EngineeringROI_B10,JILONG_EI_0089,390,B10,195;218;34;29;88;90;58;61;69;10;4;192;135;174;24;94;156;216;186,0.1,19,124,19,0.1039964469220696,15750.0,True,0.6723259762308998,0.0350877192982456,0.577511961722488,0.087719298245614,0.3431612388743119,2,19,0,54.57870000100229,4.727899999124929,71.99330000730697,3.134599988698028
EngineeringROI_B10,JILONG_EI_0089,400,B10,195;218;4;58;60;34;46;88;69;90;176;174;135;27;25;13;229;216;94,0.1,19,125,19,0.1119908722653169,15750.0,True,0.6829473684210526,0.0350877192982456,0.5899521531100478,0.087719298245614,0.3489266347687401,2,19,0,54.64439999195747,5.204999994020909,70.27699999161996,2.6853000017581508
EngineeringROI_B10,JILONG_EI_0089,410,B10,195;34;218;29;90;88;58;4;60;69;27;135;174;25;177;94;229;206;172,0.1,19,125,19,0.1156664701242811,15750.0,True,0.7107368421052631,0.0350877192982456,0.5401913875598086,0.087719298245614,0.3434338118022328,2,19,0,55.39890000363812,4.711599991424009,71.18389999959618,2.974000002723187
EngineeringROI_B10,JILONG_EI_0089,420,B10,195;34;4;218;46;90;58;60;27;88;69;135;174;24;177;216;94;165;13,0.1,19,124,19,0.1091958863933961,15750.0,True,0.6752971137521222,0.0350877192982456,0.5678416224046355,0.087719298245614,0.3414864384251543,2,19,0,54.6197000076063,4.798900001333095,70.42720000026748,2.272500001708977
EngineeringROI_B10,JILONG_EI_0089,430,B10,195;34;4;218;90;57;46;69;60;119;174;27;13;88;25;94;176;229;66,0.1,19,124,19,0.1094562412417394,15750.0,True,0.6731748726655348,0.0350877192982456,0.5678416224046354,0.087719298245614,0.3409558781535075,2,19,0,55.45030000212137,5.750000011175871,69.98030000249855,2.2597000061068684
EngineeringROI_B10,JILONG_EI_0089,440,B10,195;34;4;218;29;90;57;61;119;69;27;174;25;177;94;87;229;66;55,0.1,19,124,19,0.1472459817292156,15750.0,True,0.7342954159592529,0.0350877192982456,0.505263157894737,0.087719298245614,0.3405913978494623,2,19,0,55.68800000764895,4.91380000312347,71.26390001212712,2.998600000864826
EngineeringROI_B10,JILONG_EI_0089,450,B10,195;34;90;218;29;60;4;57;69;27;174;119;251;25;71;177;94;166;170,0.1,19,124,19,0.1355759585270041,17010.0,True,0.7024617996604414,0.0,0.5373205741626795,0.087719298245614,0.3318754180171837,2,19,0,54.36909999116324,5.717099993489683,71.85409999510739,3.027300001122057
EngineeringROI_B10,JILONG_EI_0089,460,B10,195;49;46;90;218;69;60;57;27;4;135;51;13;174;104;251;25;71;165,0.1,19,125,19,0.1198551201843925,17010.0,True,0.6774736842105263,0.0,0.6045645086166743,0.087719298245614,0.3424393727682037,2,19,0,54.02250000042841,4.86490000912454,70.09400000970345,2.3156999959610403
EngineeringROI_B10,JILONG_EI_0089,470,B10,195;34;29;57;4;147;217;90;69;61;27;119;174;251;88;79;25;219;177,0.1,19,125,19,0.1194799029029565,17010.0,True,0.6669473684210526,0.0,0.5949248120300751,0.087719298245614,0.3373978696741854,2,19,0,54.80939999688417,7.195300000603311,71.15519999933895,2.290299991727806
EngineeringROI_B10,JILONG_EI_0089,480,B10,195;90;49;46;57;218;4;69;13;27;60;35;119;174;147;71;25;156;79,0.1,19,126,19,0.128561692612814,17010.0,True,0.7126148705096074,0.0,0.5488038277511962,0.087719298245614,0.3372844991266043,2,19,0,54.02979999780655,5.210899995290674,71.55820001207758,3.1344000017270446
EngineeringROI_B10,JILONG_EI_0089,490,B10,195;34;13;4;90;57;69;217;46;27;135;60;174;104;25;71;213;219;206,0.1,19,124,19,0.1170371618258532,17010.0,True,0.6591680814940578,0.0,0.583775953645582,0.087719298245614,0.3326658333463134,2,19,0,54.58359999465756,4.715199989732355,70.88919999659993,2.242000002297573
EngineeringROI_B10,JILONG_EI_0089,500,B10,195;90;29;34;57;4;69;61;218;119;10;174;71;66;24;213;165;177;121,0.1,19,125,19,0.1141426285119188,17010.0,True,0.6581052631578947,0.0,0.5726702076291647,0.087719298245614,0.3296236922581683,2,19,0,54.69940000330098,5.069699996965937,70.78339999134187,2.2419000015361235
EngineeringROI_B10,JILONG_EI_0089,510,B10,195;34;58;90;60;4;13;69;218;46;119;27;174;72;147;229;40;177;78,0.1,19,126,19,0.1243424125705446,17010.0,True,0.7192982456140351,0.0,0.5248401377274964,0.087719298245614,0.3329644203967863,2,19,0,55.0842999946326,4.946099987137131,70.77320000098553,2.296200007549487
EngineeringROI_B10,JILONG_EI_0089,520,B10,195;90;13;57;34;4;218;69;61;27;104;174;135;71;213;66;25;177;216,0.1,19,125,19,0.1423681570705485,17010.0,True,0.7061052631578948,0.0,0.5243664717348928,0.087719298245614,0.3295477582846004,2,19,0,54.26930000248831,4.891599994152784,70.3125,2.232200000435114
EngineeringROI_B10,JILONG_EI_0089,530,B10,195;29;84;90;57;49;4;60;174;217;27;86;51;104;134;213;25;166;219,0.1,19,126,19,0.1202915974301445,17010.0,True,0.6466165413533835,0.0,0.6429587482219061,0.0701754385964912,0.3399376820429451,2,19,0,54.32289998861961,4.7842999920248985,70.91470000159461,2.28390000120271
EngineeringROI_B10,JILONG_EI_0089,540,B10,195;84;13;90;4;57;61;34;218;174;27;86;213;88;32;119;165;25;128,0.1,19,126,19,0.1267468661699504,17010.0,True,0.683375104427736,0.0,0.5947368421052631,0.0701754385964912,0.3370718462823726,2,19,0,54.19540000730194,5.275799994706176,70.24169999931473,2.543900001910515
EngineeringROI_B10,JILONG_EI_0089,550,B10,195;84;90;13;57;46;4;218;49;174;60;86;27;213;51;104;134;78;156,0.1,19,126,19,0.1304607515066122,17010.0,True,0.6850459482038429,0.0,0.6010338345864661,0.0701754385964912,0.3390638053467,2,19,0,55.00430001120549,4.740199990919791,70.27410001319367,2.522899987525306
EngineeringROI_B10,JILONG_EI_0089,560,B10,195;84;29;90;58;4;61;217;34;174;86;27;213;219;72;119;32;25;128,0.1,19,126,19,0.124227550137452,17010.0,True,0.7030075187969926,0.0,0.5943176525384257,0.0701754385964912,0.3418751524829773,2,19,0,54.50830000336282,5.048400009400211,72.73390000045765,3.047799997148104
EngineeringROI_B10,JILONG_EI_0089,570,B10,195;90;84;13;57;60;4;46;218;34;86;27;213;206;119;174;32;78;88,0.1,19,126,19,0.1157507025752157,17010.0,True,0.6879699248120301,0.0,0.5968045112781954,0.0701754385964912,0.3387374686716791,2,19,0,54.304500008584,6.144099999801256,70.36800000059884,2.309799994691275
EngineeringROI_B10,JILONG_EI_0089,580,B10,195;84;90;58;13;61;3;217;174;49;86;27;104;219;213;134;35;128;165,0.1,19,125,19,0.1120904197073305,17010.0,True,0.6117894736842104,0.0,0.6742532005689901,0.0701754385964912,0.3390545282124229,2,19,0,54.44619999616407,4.734799993457273,70.11220000276808,2.274499987834133
EngineeringROI_B10,JILONG_EI_0089,590,B10,195;29;84;90;57;35;217;4;60;49;86;10;213;119;174;219;88;147;78,0.1,19,126,19,0.1016379382959009,17010.0,True,0.6700083542188806,0.0,0.631578947368421,0.0701754385964912,0.3429406850459481,2,19,0,54.88279998826329,6.665599998086691,70.23719999415334,2.232599988928996
EngineeringROI_B10,JILONG_EI_0089,600,B10,195;58;84;90;13;35;217;3;46;49;27;86;78;229;119;60;219;174;121,0.1,19,126,19,0.1136142613196927,17010.0,True,0.6812865497076024,0.0,0.631113181183046,0.0701754385964912,0.3456437923717849,2,19,0,54.64879999635741,4.864400005317293,71.44509999488946,2.2551000001840293
EngineeringROI_B10,JILONG_EI_0089,610,B10,195;58;90;13;217;4;61;69;34;174;27;134;213;71;219;32;128;177;103,0.1,19,126,19,0.1192884655144688,17010.0,True,0.669172932330827,0.0,0.5789473684210527,0.087719298245614,0.3339598997493734,2,19,0,54.776399992988445,5.429800003184937,70.58159999724012,2.3750999971525744
EngineeringROI_B10,JILONG_EI_0089,620,B10,195;58;90;29;69;60;3;218;35;27;49;78;88;190;119;128;157;213;165,0.1,19,126,19,0.1200542150684197,17010.0,True,0.6131996658312449,0.0,0.6348684210526315,0.087719298245614,0.3339468462823726,2,19,0,56.94280000170693,5.078800008050166,70.67410000308882,2.663499995833263
EngineeringROI_B10,JILONG_EI_0089,630,B10,195;58;90;84;46;13;3;217;174;35;86;49;27;78;60;134;219;104;229,0.1,19,126,19,0.1150538704811204,17010.0,True,0.6850459482038429,0.0,0.6198308270676691,0.0701754385964912,0.3437630534670008,2,19,0,55.88139999599662,5.059999995864928,71.84510001388844,2.460500007146038
EngineeringROI_B10,JILONG_EI_0089,640,B10,195;57;90;3;29;69;217;61;174;147;35;27;49;213;104;135;219;128;71,0.1,19,126,19,0.1182470461210956,17010.0,True,0.6929824561403507,0.0,0.5742057847321005,0.087719298245614,0.3387268847795164,2,19,0,55.01929999445565,5.3370999958133325,70.5242999974871,2.2570000000996515
EngineeringROI_B10,JILONG_EI_0089,650,B10,195;58;90;69;3;13;218;27;60;78;174;119;35;88;206;32;229;46;147,0.1,19,126,19,0.1009028187241081,17010.0,True,0.6900584795321638,0.0,0.5596804511278195,0.087719298245614,0.3343645572263993,2,19,0,55.01779999758583,4.820500005735084,70.25939998857211,2.445999998599291
EngineeringROI_B10,JILONG_EI_0089,660,B10,195;58;90;3;69;13;217;78;27;60;174;35;46;103;135;32;219;213;71,0.1,19,126,19,0.1295112220597131,17010.0,True,0.7142857142857143,0.0,0.5446428571428572,0.087719298245614,0.3366619674185463,2,19,0,55.354399999487214,4.731399996671826,70.5935000005411,2.3469000007025898
EngineeringROI_B10,JILONG_EI_0089,670,B10,195;84;58;90;13;4;217;61;35;86;147;27;88;174;219;32;135;213;128,0.1,19,126,19,0.1084531093260638,17010.0,True,0.7355889724310777,0.0,0.5496040987424312,0.0701754385964912,0.3388421274425001,2,19,0,54.43629999354016,4.7697999980300665,70.64050000917632,2.288800009409897
EngineeringROI_B10,JILONG_EI_0089,680,B10,195;58;90;13;3;69;217;60;35;78;147;10;46;219;49;174;87;134;121,0.1,19,127,19,0.0825401444203658,17010.0,True,0.677579776212184,0.0,0.6143455985095482,0.087719298245614,0.3449111682418365,2,19,0,55.483800009824336,4.867499999818392,70.27050000033341,2.776099994662218
EngineeringROI_B10,JILONG_EI_0089,690,B10,195;58;13;90;69;3;217;35;27;78;147;174;219;46;32;88;60;134;213,0.1,19,127,19,0.1067914327939903,17010.0,True,0.7140489017820141,0.0,0.5625,0.087719298245614,0.341067050006907,2,19,0,56.13729999458883,6.551200000103563,72.80270000046585,3.213399992091581
EngineeringROI_B10,JILONG_EI_0089,700,B10,195;58;29;3;90;69;217;35;61;174;27;147;49;119;219;88;213;94;128,0.1,19,127,19,0.1113016976667611,17010.0,True,0.7016162453377539,0.0,0.5686090225563909,0.087719298245614,0.3394861415349397,2,19,0,54.8201999918092,5.723900001612492,70.8258999948157,2.410300003248267
EngineeringROI_B10,JILONG_EI_0089,710,B10,195;58;90;69;13;3;217;174;60;78;219;35;147;27;213;134;88;49;165,0.1,19,127,19,0.1103215382377039,17100.0,True,0.6887691670120182,0.0,0.5982142857142857,0.087719298245614,0.3436756877429794,2,19,0,54.65910000202712,4.679999998188578,70.66040000063367,2.608499999041669
EngineeringROI_B10,JILONG_EI_0089,720,B10,195;84;90;58;3;217;29;174;35;78;86;27;88;60;219;213;147;161;135,0.1,19,127,19,0.1263410189063565,17100.0,True,0.7513468711147948,0.0,0.5635770843036795,0.0701754385964912,0.3462748485037414,2,19,0,54.70860000059474,4.77820000378415,70.41709999612067,2.231000005849637
EngineeringROI_B10,JILONG_EI_0089,730,B10,195;58;90;3;13;69;217;174;78;46;51;219;27;60;147;213;103;49;161,0.1,19,127,19,0.1188443307731773,17100.0,True,0.6639038541234976,0.0,0.6207706766917293,0.087719298245614,0.3430984572652102,2,19,0,54.32189999555703,4.880799999227747,69.853900000453,2.2794999968027696
EngineeringROI_B10,JILONG_EI_0089,740,B10,195;90;57;3;69;218;174;78;29;35;134;60;27;147;88;66;232;206;213,0.1,19,127,19,0.1126800468638727,17100.0,True,0.6933278077082468,0.0,0.5908013276434328,0.087719298245614,0.3429621083993234,2,19,0,54.80260000331327,4.785900004208088,71.90999999875203,2.3938000085763638
EngineeringROI_B10,JILONG_EI_0089,750,B10,195;84;58;3;90;13;61;217;174;35;86;219;27;119;147;88;213;116;165,0.1,19,127,19,0.1221676838373241,17100.0,True,0.7202652300041442,0.0,0.584070796460177,0.0701754385964912,0.3436278662652031,2,19,0,54.39459999615792,5.434200007584877,70.44039999891538,2.2526999964611605
EngineeringROI_B10,JILONG_EI_0089,760,B10,195;84;74;41;217;29;78;174;106;3;60;86;35;27;147;213;134;49;235,0.1,19,127,19,0.1371074576349059,17100.0,True,0.7384997927890592,0.0,0.5737316263632053,0.0701754385964912,0.3456017144371889,2,19,0,54.18550000467803,5.769499999587424,69.75550000788644,2.2693999926559627
EngineeringROI_B10,JILONG_EI_0089,770,B10,195;84;74;3;13;41;46;174;217;78;106;86;147;134;44;51;88;161;213,0.1,19,127,19,0.1361732431790858,17160.0,True,0.7157065893079154,0.0,0.5903271692745377,0.0701754385964912,0.3440522992947361,2,19,0,54.29850000655279,5.079700000351295,69.73099999595433,2.693100002943538
EngineeringROI_B10,JILONG_EI_0089,780,B10,195;58;84;90;13;217;174;3;78;35;86;44;134;147;88;219;10;213;121,0.1,19,126,19,0.1142421759539325,17160.0,True,0.7017543859649124,0.0,0.6095693779904306,0.0701754385964912,0.3453748006379585,2,19,0,54.25679999461863,4.7005999949760735,70.28660000651143,2.5747000036062677
EngineeringROI_B10,JILONG_EI_0089,790,B10,195;84;58;13;90;217;60;3;78;174;219;86;27;46;147;51;213;206;165,0.1,19,126,19,0.1227955984715638,17160.0,True,0.7335004177109441,0.0,0.5937799043062202,0.0701754385964912,0.3493639401534137,2,19,0,54.985900002066046,4.725199993117712,69.99289999657776,3.153600002406165
EngineeringROI_B10,JILONG_EI_0089,800,B10,195;58;84;90;13;3;78;217;174;44;86;46;35;147;213;135;88;128;116,0.1,19,125,19,0.1289062799120919,17160.0,True,0.775157894736842,0.0,0.5239661654135338,0.0701754385964912,0.3423248746867168,2,19,0,54.45009999675676,5.24779999977909,69.90329999825917,2.2194999910425395
EngineeringROI_B10,JILONG_EI_0089,810,B10,195;58;13;90;84;217;3;174;61;86;27;219;35;147;213;88;128;135;49,0.1,19,126,19,0.1102066758046113,17160.0,True,0.7472848788638262,0.0,0.5655502392344498,0.0701754385964912,0.3457526391736918,2,19,0,54.923799994867295,5.3675000090152025,71.90190000983421,2.617099991766736
EngineeringROI_B10,JILONG_EI_0089,820,B10,195;84;58;90;13;3;218;60;147;78;174;86;35;134;213;27;88;232;25,0.1,19,125,19,0.1375362773851184,17160.0,True,0.7941052631578946,0.0,0.5325929502655721,0.0701754385964912,0.3492184130049895,2,19,0,55.66420000104699,6.382299994584173,69.81900001119357,2.2409000084735453
EngineeringROI_B10,JILONG_EI_0089,830,B10,195;84;58;90;13;219;217;3;78;174;44;147;86;213;46;51;135;121;25,0.1,19,126,19,0.1357597384199523,17160.0,True,0.7648287385129491,0.0,0.5741626794258373,0.0701754385964912,0.3522917141338193,2,19,0,53.96939998900052,4.7227000031853095,69.90309999673627,2.440500000375323
EngineeringROI_B10,JILONG_EI_0089,840,B10,195;84;58;13;90;3;217;174;78;44;147;86;35;213;219;46;134;116;161,0.1,19,126,19,0.1306598463906395,17190.0,True,0.7527151211361738,0.0,0.5770676691729323,0.0701754385964912,0.3499895572263993,2,19,0,54.32239999936428,7.727899996098131,70.3912000026321,2.3689000081503764
EngineeringROI_B10,JILONG_EI_0089,850,B10,195;58;13;90;69;217;61;174;3;147;27;103;213;100;206;165;135;235;25,0.1,19,126,19,0.1236838679541469,17190.0,True,0.7192982456140351,0.0,0.5552873008208594,0.087719298245614,0.3405762111701271,2,19,0,55.34359999001026,4.78339999972377,72.32520000252407,2.3318000021390617
EngineeringROI_B10,JILONG_EI_0089,860,B10,195;58;217;90;69;13;60;3;174;147;78;100;88;213;27;46;119;35;219,0.1,19,125,19,0.1087517516521046,17190.0,True,0.7423157894736842,0.0,0.5583732057416269,0.087719298245614,0.3471020733652312,2,19,0,56.27999998978339,6.38799999433104,71.39640000241343,2.936799995950423
EngineeringROI_B10,JILONG_EI_0089,870,B10,195;84;13;58;90;217;147;174;3;44;78;86;213;35;88;219;128;66;10,0.1,19,126,19,0.1166542870488778,17190.0,True,0.7489557226399332,0.0,0.5888157894736841,0.0701754385964912,0.3519867376775271,2,19,0,57.4785999924643,4.903499997453764,71.65089999034535,2.242499991552904
EngineeringROI_B10,JILONG_EI_0089,880,B10,195;13;58;90;217;69;61;3;83;174;219;147;27;213;35;134;103;161;25,0.1,19,127,19,0.122496956145523,17190.0,True,0.7480314960629921,0.0,0.5521531100478468,0.087719298245614,0.3469759760891133,2,19,0,55.12079999607522,4.964400010067038,71.12629999755882,2.333099997485988
EngineeringROI_B10,JILONG_EI_0089,890,B10,195;74;84;217;41;147;60;174;78;29;3;88;206;213;86;27;35;128;161,0.1,19,126,19,0.1405992756009219,17190.0,True,0.7940685045948204,0.0,0.5349282296650718,0.0701754385964912,0.3497930432140958,2,19,0,54.95019999216311,4.98340000922326,70.22360000701156,2.2221999970497563
EngineeringROI_B10,JILONG_EI_0089,900,B10,195;58;90;232;13;69;218;83;78;44;3;147;174;46;213;161;35;102;121,0.1,19,125,19,0.1151304454365155,17190.0,True,0.7444210526315789,0.0,0.577485380116959,0.087719298245614,0.352406432748538,2,19,0,55.06250000325963,4.7018000041134655,69.7818000044208,2.5437000003876165
EngineeringROI_B10,JILONG_EI_0089,910,B10,195;58;13;232;90;69;3;61;147;174;83;219;161;27;213;201;135;165;103,0.1,19,127,19,0.1106737830325213,17190.0,True,0.7202652300041441,0.0,0.5958474167069048,0.087719298245614,0.3509579862391657,2,19,0,54.954000006546266,4.685100007918663,70.48779999604449,2.620400002342649
EngineeringROI_B10,JILONG_EI_0089,920,B10,195;58;13;69;90;232;3;161;60;83;78;218;147;174;213;27;46;134;88,0.1,19,127,19,0.1085832867502354,17190.0,True,0.7878159966846251,0.0,0.5473684210526316,0.087719298245614,0.3557259289957177,2,19,0,54.6765999897616,4.779199996846728,71.27500000933651,2.522700000554323
EngineeringROI_B10,JILONG_EI_0089,930,B10,195;58;84;13;90;217;3;219;174;147;161;86;78;213;46;35;44;121;156,0.1,19,127,19,0.1237068404407654,17190.0,True,0.7401574803149605,0.0,0.5779990516832623,0.0701754385964912,0.3470829926486785,2,19,0,56.61240000335965,4.782399992109276,70.07910001266282,2.249900004244409
EngineeringROI_B10,JILONG_EI_0089,940,B10,195;84;74;13;217;3;41;61;174;86;161;147;235;27;213;134;49;51;128,0.1,19,126,19,0.1323444954093314,17190.0,True,0.7698412698412699,0.0,0.5465958474167071,0.0701754385964912,0.346653138963617,2,19,0,55.15519999607932,4.770200001075864,70.56500000180677,2.249099998152815
EngineeringROI_B10,JILONG_EI_0089,950,B10,195;13;74;217;84;60;219;3;41;86;147;161;213;174;78;46;88;27;66,0.1,19,127,19,0.1380186996041074,17220.0,True,0.7927890592623291,0.0,0.5243664717348928,0.0701754385964912,0.3468327423984282,2,19,0,54.79809999815188,5.084100004751235,71.19859999511391,2.2761000000173226
EngineeringROI_B10,JILONG_EI_0089,960,B10,195;13;58;84;90;3;232;218;161;174;61;147;86;35;88;27;213;135;206,0.1,19,127,19,0.1133462489758099,17220.0,True,0.77579776212184,0.0,0.5461129888942541,0.0701754385964912,0.3480215474031463,2,19,0,54.25729999842588,4.862100002355874,69.78070001059677,2.217399989604018
EngineeringROI_B10,JILONG_EI_0089,970,B10,195;84;13;58;90;3;217;60;161;174;86;78;219;27;213;147;134;46;88,0.1,19,126,19,0.1205978972517248,17220.0,True,0.7602339181286549,0.0,0.5698564593301435,0.0701754385964912,0.3500664540138223,2,19,0,56.16490000102203,5.170299991732463,70.9666000038851,2.4160999892046675
EngineeringROI_B10,JILONG_EI_0089,980,B10,195;84;58;13;90;217;3;61;174;161;86;128;35;213;23;219;27;121;147,0.1,19,127,19,0.1117764623902106,17220.0,True,0.7637795275590551,0.0,0.5500698649278063,0.0701754385964912,0.3460062077708381,2,19,0,54.553399997530505,4.742499993881211,69.97140000748914,2.334799995878712
EngineeringROI_B10,JILONG_EI_0089,990,B10,195;58;13;3;84;217;90;161;60;78;219;86;174;128;35;213;46;135;206,0.1,19,127,19,0.1042031993016364,17220.0,True,0.7629506837961044,0.0,0.5733581741965533,0.0701754385964912,0.3516210741472872,2,19,0,54.30379998870194,4.861900000832975,71.39610000012908,2.956700001959689
EngineeringROI_B10,JILONG_EI_0089,1000,B10,195;74;84;3;13;217;41;225;78;161;86;147;174;51;213;60;27;121;88,0.1,19,127,19,0.1638627470499498,19620.0,True,0.7762121840033153,0.0526315789473684,0.4887218045112781,0.0701754385964912,0.3469352515146133,2,19,0,53.90920001082122,4.9156000022776425,70.2640999952564,2.5693000061437488
EngineeringROI_B10,JILONG_EI_0089,1010,B10,195;225;13;74;217;3;69;61;83;41;103;161;128;157;213;35;135;219;206,0.1,19,127,19,0.1290211423451845,19650.0,True,0.729796933278077,0.0526315789473684,0.5320056899004267,0.087719298245614,0.3505383750928715,2,19,0,54.72699999518227,4.724099999293685,69.737099998747,2.412500005448237
EngineeringROI_B10,JILONG_EI_0089,1020,B10,195;225;84;58;13;3;217;90;219;161;60;128;46;78;86;147;213;174;165,0.1,19,126,19,0.1252766270263647,20490.0,True,0.7740183792815372,0.0526315789473684,0.5497607655502391,0.0701754385964912,0.361646540593909,2,19,0,54.26509999961127,4.645399996661581,69.85469999199267,2.7676000026986003
EngineeringROI_B10,JILONG_EI_0089,1030,B10,195;225;84;74;13;232;128;3;218;41;86;161;61;147;88;174;213;27;50,0.1,19,125,19,0.1472536392247551,20670.0,True,0.8096842105263157,0.0526315789473684,0.5215311004784688,0.0701754385964912,0.3635055821371611,2,19,0,54.678600004990585,4.727199993794784,71.68349999119528,2.229400008218363
EngineeringROI_B10,JILONG_EI_0089,1040,B10,225;195;58;13;83;217;3;90;69;121;161;128;102;44;174;78;147;213;49,0.1,19,127,19,0.1363340505854155,20760.0,True,0.7596353087443016,0.0526315789473684,0.5444976076555024,0.087719298245614,0.3611209483981967,2,19,0,54.10309998842422,5.0436000019544736,70.60149998869747,2.4893000081647187
EngineeringROI_B10,JILONG_EI_0089,1050,B10,225;195;13;58;69;217;60;90;3;174;128;161;83;46;78;135;213;219;88,0.1,19,126,19,0.112503924466464,20820.0,True,0.7698412698412698,0.0526315789473684,0.5379043940125543,0.087719298245614,0.3620241352617016,2,19,0,54.24789999960922,5.319600008078851,69.91999999445397,2.321899999515153
EngineeringROI_B10,JILONG_EI_0089,1060,B10,225;195;13;74;69;3;217;161;41;147;78;174;219;44;213;134;128;199;35,0.1,19,126,19,0.1432870565352895,20850.0,True,0.8061821219715956,0.0526315789473684,0.4794785127957507,0.087719298245614,0.3565028779900822,2,19,0,54.32179999479558,5.180300009669736,69.94180000037886,2.2600000083912164
EngineeringROI_B10,JILONG_EI_0089,1070,B10,225;195;13;58;69;217;3;90;61;161;83;174;219;135;27;128;213;88;166,0.1,19,126,19,0.1217541790781906,20910.0,True,0.7660818713450294,0.0526315789473684,0.5301435406698564,0.087719298245614,0.359144072301967,2,19,0,56.575700000394136,6.522699986817315,70.92030000058003,2.2422999900300056
EngineeringROI_B10,JILONG_EI_0089,1080,B10,225;195;74;217;69;13;3;60;41;219;161;78;27;147;174;46;128;102;23,0.1,19,125,19,0.1485707284575506,20970.0,True,0.7941052631578949,0.0526315789473684,0.478512795750845,0.087719298245614,0.3532422340254305,2,19,0,54.61700000159908,6.2941000069258735,70.51520000095479,2.249600001960061
EngineeringROI_B10,JILONG_EI_0089,1090,B10,225;195;84;13;74;217;128;3;161;147;61;174;41;86;88;134;213;27;235,0.1,19,124,19,0.1488310833058939,21060.0,True,0.795415959252971,0.0526315789473684,0.5151072124756336,0.0701754385964912,0.3583325473181161,2,19,0,54.68190000101458,5.015599992475472,70.46049999189563,2.940999998827465
EngineeringROI_B10,JILONG_EI_0089,1100,B10,225;195;74;84;13;3;217;128;161;60;219;41;174;86;27;121;134;78;199,0.1,19,126,19,0.1513810293205504,21060.0,True,0.8316624895572264,0.0526315789473684,0.4851674641148324,0.0701754385964912,0.3599092428039797,2,19,0,54.742299995268695,4.763399992953055,70.55720000062138,2.2017000010237098
EngineeringROI_B10,JILONG_EI_0089,1110,B10,225;195;13;58;84;217;90;128;3;60;161;174;134;86;27;219;35;78;213,0.1,19,126,19,0.1456072776837607,21090.0,True,0.8137009189640768,0.0526315789473684,0.5060357315306615,0.0701754385964912,0.3606359170096495,2,19,0,54.65609999373555,5.514000004041009,70.41359999857377,2.280500004417263
EngineeringROI_B10,JILONG_EI_0089,1120,B10,225;195;74;217;84;13;3;134;161;61;41;174;86;128;35;206;49;88;27,0.1,19,126,19,0.145400525304194,21090.0,True,0.7969924812030076,0.0526315789473684,0.4912280701754385,0.0701754385964912,0.3527568922305764,2,19,0,55.98659999668598,4.956599994329736,71.71210000524297,2.473400003509596
EngineeringROI_B10,JILONG_EI_0089,1130,B10,225;195;84;13;217;74;3;60;41;134;161;86;46;174;219;128;78;213;49,0.1,19,125,19,0.139787581073734,21120.0,True,0.7894736842105264,0.0526315789473684,0.5027053615346778,0.0701754385964912,0.3537465158222659,2,19,0,54.90550000104122,4.91969998984132,71.32089999504387,2.5091999996220693
EngineeringROI_B10,JILONG_EI_0089,1140,B10,225;195;74;217;13;84;3;219;161;44;41;103;174;128;135;49;46;78;10,0.1,19,126,19,0.1347412915131977,21120.0,True,0.7343358395989975,0.0526315789473684,0.567527308838133,0.0526315789473684,0.3517815765829669,1,19,0,53.81659998965915,4.812500003026798,71.47989999793936,2.4394000065512955
EngineeringROI_B10,JILONG_EI_0089,1150,B10,225;195;13;74;84;232;3;218;60;161;41;88;86;128;174;66;27;147;32,0.1,19,126,19,0.1300931917207158,21150.0,True,0.8086883876357561,0.0526315789473684,0.4950347567030785,0.0701754385964912,0.3566325404706735,2,19,0,54.13420000695624,5.772699994849972,71.18090000585653,3.021399999852292
EngineeringROI_B10,JILONG_EI_0089,1160,B10,225;195;74;13;3;217;69;219;61;161;174;41;102;49;128;83;147;27;51,0.1,19,126,19,0.1434784939237773,21180.0,True,0.7890559732664996,0.0526315789473684,0.4927318295739347,0.087719298245614,0.3555346700083542,2,19,0,55.41109999467153,4.739099997095764,70.9148999885656,2.715199996600859
EngineeringROI_B10,JILONG_EI_0089,1170,B10,225;195;13;74;69;3;217;60;128;161;174;121;41;213;35;235;49;78;148,0.1,19,124,19,0.1521161488923432,21180.0,True,0.7843803056027164,0.0526315789473684,0.5063873275421563,0.087719298245614,0.3577796275844638,2,19,0,55.50740000035148,5.007400002796203,71.41290001163725,2.229400008218363
EngineeringROI_B10,JILONG_EI_0089,1180,B10,225;195;58;84;217;3;91;13;128;161;61;174;86;165;213;88;134;49;27,0.1,19,125,19,0.1393587613235215,21210.0,True,0.7802105263157894,0.0526315789473684,0.4917440660474715,0.0701754385964912,0.3486904024767801,2,19,0,54.61659999855328,5.447999996249564,70.35480000195093,2.3345999943558127
EngineeringROI_B10,JILONG_EI_0089,1190,B10,225;195;74;84;217;13;3;219;161;60;41;174;86;128;213;206;134;78;46,0.1,19,127,19,0.1382331094792137,21210.0,True,0.8184832159138002,0.0526315789473684,0.4726720647773281,0.0701754385964912,0.3534905745587469,2,19,0,55.3617999976268,4.820300004212186,71.4363000006415,3.166099995723925
EngineeringROI_B10,JILONG_EI_0089,1200,B10,225;195;13;2;74;217;69;83;161;41;134;174;128;60;213;147;49;121;235,0.1,19,125,19,0.1031005199439471,21210.0,True,0.7789473684210527,0.0526315789473684,0.4898785425101214,0.087719298245614,0.3522941970310391,2,19,0,54.12079999223352,4.598100000293925,69.95170000300277,2.267600008053705
EngineeringROI_B10,JILONG_EI_0089,1210,B10,225;195;217;57;13;84;91;3;219;60;174;161;86;88;135;147;213;166;27,0.1,19,126,19,0.1224586686678255,21240.0,True,0.7522974101921471,0.0526315789473684,0.5396014307613695,0.0701754385964912,0.353676464624344,2,19,0,54.43790000572335,4.723599995486438,70.48120000399649,2.23060000280384
EngineeringROI_B10,JILONG_EI_0089,1220,B10,225;195;57;2;217;91;69;13;161;44;174;219;46;102;166;49;104;213;100,0.1,19,126,19,0.1176803914511719,21240.0,True,0.6704260651629073,0.0526315789473684,0.5733805668016194,0.087719298245614,0.3460393772893773,2,19,0,54.68939999991562,4.684999992605299,71.74240000313148,2.376599994022399
EngineeringROI_B10,JILONG_EI_0089,1230,B10,225;195;13;58;232;69;3;91;218;174;60;165;161;206;34;66;135;27;103,0.1,19,124,19,0.113376878957968,21270.0,True,0.7249575551782682,0.0526315789473684,0.5459236326109391,0.087719298245614,0.3528080162455475,2,19,0,55.423700003302656,4.977800010237843,70.95339999068528,2.708700005314313
EngineeringROI_B10,JILONG_EI_0089,1240,B10,225;195;74;217;69;219;3;61;13;41;174;34;161;27;149;102;147;104;156,0.1,19,124,19,0.1520242589458691,21270.0,True,0.7415110356536502,0.0526315789473684,0.4919228764981762,0.087719298245614,0.3434461973362022,2,19,0,55.08089999784716,4.851399993640371,72.85119999141898,3.14990000333637
EngineeringROI_B10,JILONG_EI_0089,1250,B10,225;195;217;84;13;74;60;219;128;174;161;41;86;35;27;88;134;3;49,0.1,19,126,19,0.1315940608464595,21300.0,True,0.7894736842105263,0.0526315789473684,0.4796992481203007,0.0701754385964912,0.3479949874686717,2,19,0,54.59299999347422,5.147999996552244,69.34790000377689,2.3662000021431595
EngineeringROI_B10,JILONG_EI_0089,1260,B10,225;195;128;58;217;69;219;3;135;13;161;90;44;157;121;35;103;190;213,0.1,19,125,19,0.1174430090894472,21300.0,True,0.6964210526315788,0.0526315789473684,0.5738866396761133,0.087719298245614,0.3526646423751687,2,19,0,54.45680000411812,5.1743000076385215,69.80710000789259,2.242699993075803
EngineeringROI_B10,JILONG_EI_0089,1270,B10,225;195;2;128;217;57;13;69;60;203;90;161;174;46;165;49;147;27;213,0.1,19,125,19,0.1110413428184178,21330.0,True,0.7595789473684211,0.0526315789473684,0.5516194331983805,0.087719298245614,0.362887314439946,2,19,0,54.50159999600146,4.864600006840192,69.76020000001881,2.2726000024704263
EngineeringROI_B10,JILONG_EI_0089,1280,B10,225;195;3;217;84;74;13;128;161;219;41;157;66;61;86;134;213;27;206,0.1,19,126,19,0.1560367866085718,21360.0,True,0.8074352548036758,0.0526315789473684,0.4959514170040486,0.0701754385964912,0.3565484223378961,2,19,0,54.072799990535714,5.263500002911314,71.56519999261945,2.4916000111261383
EngineeringROI_B10,JILONG_EI_0089,1290,B10,225;195;217;13;69;74;3;128;174;177;60;83;49;102;88;147;46;41;135,0.1,19,124,19,0.1083535618840502,21390.0,True,0.7436332767402377,0.0526315789473684,0.5325077399380804,0.087719298245614,0.3541229734678252,2,19,0,56.32340000011027,4.782599993632175,70.14270000217948,2.301800006534904
EngineeringROI_B10,JILONG_EI_0089,1300,B10,225;195;74;217;2;69;128;161;44;13;186;46;49;158;149;41;235;88;213,0.1,19,125,19,0.1312035285739446,21390.0,True,0.7650526315789473,0.0526315789473684,0.5,0.087719298245614,0.3513508771929824,2,19,0,54.93009999918286,4.834899998968467,71.59520000277553,2.645000000484288
EngineeringROI_B10,JILONG_EI_0089,1310,B10,225;195;3;217;74;69;13;219;161;60;186;174;165;128;50;133;41;27;104,0.1,19,125,19,0.1334012297937836,21390.0,True,0.7890526315789473,0.0526315789473684,0.4782830863566684,0.087719298245614,0.3519216487821495,2,19,0,54.591000007349066,5.547499997192062,69.92029999673832,2.26539999130182
EngineeringROI_B10,JILONG_EI_0089,1320,B10,225;195;13;84;217;57;219;161;3;91;61;186;50;128;86;174;27;133;121,0.1,19,128,19,0.1430037292003277,21390.0,True,0.7857730263157895,0.0526315789473684,0.4958189867191342,0.0701754385964912,0.3510997576446958,2,19,0,56.123000002116896,6.742600002326071,70.80530001258012,2.266399998916313
EngineeringROI_B10,JILONG_EI_0089,1330,B10,225;195;13;58;232;69;218;60;128;83;3;90;157;134;161;27;49;46;190,0.1,19,126,19,0.1086292317234725,21390.0,True,0.7142857142857144,0.0526315789473684,0.5641287685232498,0.087719298245614,0.3546913400004866,2,19,0,55.03560000215657,4.839600005652756,70.55059999402147,2.2686000011162832
EngineeringROI_B10,JILONG_EI_0089,1340,B10,225;195;13;74;217;69;44;3;165;174;41;161;133;35;128;235;49;147;213,0.1,19,126,19,0.1400555934176168,21390.0,True,0.7673350041771095,0.0526315789473684,0.5047619047619047,0.087719298245614,0.3531119465329991,2,19,0,54.62819999956992,4.77820000378415,71.56799999938812,2.351000002818182
EngineeringROI_B10,JILONG_EI_0089,1350,B10,225;195;13;217;69;74;219;3;60;135;161;128;41;133;46;49;88;102;213,0.1,19,126,19,0.1308972287523642,21390.0,True,0.7878028404344194,0.0526315789473684,0.4984817813765181,0.087719298245614,0.35665887475098,2,19,0,54.73499999789056,5.065800010925159,70.49159999587573,2.2074000007705763
EngineeringROI_B10,JILONG_EI_0089,1360,B10,225;195;217;69;13;74;2;128;206;44;46;235;161;121;49;103;41;133;203,0.1,19,127,19,0.131601718341999,21390.0,True,0.7496891835888935,0.0526315789473684,0.5486593843098312,0.087719298245614,0.3596748612729268,2,19,0,54.74859999958426,5.397899993113242,70.15379999938887,2.2924000077182427
EngineeringROI_B10,JILONG_EI_0089,1370,B10,225;195;3;13;217;69;128;57;60;91;27;174;165;49;177;235;133;88;213,0.1,19,124,19,0.1303841765512171,21390.0,True,0.7580645161290324,0.0526315789473684,0.5411343893714871,0.087719298245614,0.3598874456733754,2,19,0,55.80639999243431,4.926499997964129,71.82749999628868,3.457899991190061
EngineeringROI_B10,JILONG_EI_0089,1380,B10,225;195;217;69;74;128;219;44;3;49;161;83;166;46;134;41;158;10;77,0.1,19,127,19,0.1365331454694427,21390.0,True,0.7451305428926648,0.0526315789473684,0.4896800825593395,0.087719298245614,0.3437903756612467,2,19,0,55.47190000652336,4.9156000022776425,70.83130000683013,2.278300002217293
EngineeringROI_B10,JILONG_EI_0089,1390,B10,225;195;217;2;13;69;57;219;60;128;90;133;66;186;161;121;103;165;27,0.1,19,127,19,0.1249856421958634,21390.0,True,0.7517612929962701,0.0526315789473684,0.5313765182186235,0.087719298245614,0.355872172101969,2,19,0,54.07230000128038,4.891799995675683,69.90669999504462,2.2711999918101355
EngineeringROI_B10,JILONG_EI_0089,1400,B10,195;225;3;74;69;13;218;216;161;61;135;186;174;49;128;41;116;149;102,0.1,19,126,19,0.1462045623358424,21390.0,True,0.8065998329156224,0.0526315789473684,0.4813490035769034,0.087719298245614,0.357074928421377,2,19,0,54.632500003208406,6.661000006715767,70.31260000076145,2.500100003089756
EngineeringROI_B10,JILONG_EI_0089,1410,B10,195;225;217;2;69;58;219;13;190;165;44;50;186;46;161;128;90;133;88,0.1,19,128,19,0.1131012091185457,21390.0,True,0.7450657894736842,0.0526315789473684,0.5475708502024292,0.087719298245614,0.358246879217274,2,19,0,54.50939999718685,5.1992999942740425,70.08820000919513,2.2616000060224906
EngineeringROI_B10,JILONG_EI_0089,1420,B10,195;225;217;69;3;57;219;13;90;60;161;50;174;128;199;206;133;27;229,0.1,19,129,19,0.1176038164957768,21390.0,True,0.7711138310893514,0.0526315789473684,0.5115592720118053,0.087719298245614,0.3557559950735347,2,19,0,54.97290000494104,4.748399995150976,69.91710000147577,2.66469999041874
EngineeringROI_B10,JILONG_EI_0089,1430,B10,195;225;217;69;13;74;50;219;46;165;3;161;186;41;135;128;158;27;133,0.1,19,128,19,0.1318008132260263,21390.0,True,0.8071546052631579,0.0526315789473684,0.4633546483030004,0.087719298245614,0.3527150326897851,2,19,0,56.44610000308603,5.111799997393973,70.84360001317691,2.5968999980250373
EngineeringROI_B10,JILONG_EI_0089,1440,B10,195;225;217;13;69;57;2;91;60;49;235;128;203;149;161;157;88;27;46,0.1,19,129,19,0.1183006485898722,21390.0,True,0.758873929008568,0.0526315789473684,0.5296650717703348,0.087719298245614,0.3572224694929713,2,19,0,55.21649999718648,5.260699996142648,70.92019999981858,2.2686000011162832
EngineeringROI_B10,JILONG_EI_0099,10,B10,78;128;106;195;84;202;235;192;206;119;29;66;4;232;34;86;27;158;74,0.1,19,128,19,0.1098774034964124,,False,0.703125,0.0,0.7203661327231121,0.0701754385964912,0.3734166428299009,2,19,0,54.37280000478495,4.597200007992797,69.91730000299867,2.263899994431995
EngineeringROI_B10,JILONG_EI_0099,20,B10,86;77;128;13;202;46;49;90;44;10;57;20;157;195;104;192;235;155;68,0.1,19,126,19,0.1218001240514277,0.0,True,0.6445279866332497,0.0526315789473684,0.693444136657433,0.0701754385964912,0.3651947852086356,2,19,0,54.81619999045506,4.843700007768348,69.95309999911115,2.247299998998642
EngineeringROI_B10,JILONG_EI_0099,30,B10,195;77;69;74;13;105;49;128;10;46;119;201;100;44;4;252;174;177;219,0.1,19,126,19,0.1018217181888491,13860.0,True,0.6558061821219715,0.0526315789473684,0.7159709618874773,0.087719298245614,0.3780320053006079,2,19,0,54.41599999903701,5.191999996895902,70.17369999084622,2.259900007629767
EngineeringROI_B10,JILONG_EI_0099,40,B10,195;77;84;106;112;29;50;74;251;119;4;27;174;203;201;88;156;86;25,0.1,19,126,19,0.1288833074254734,13980.0,True,0.7071846282372599,0.0526315789473684,0.6996370235934665,0.0701754385964912,0.3824071673436465,2,19,0,54.48039999464527,5.371799998101778,70.91450000007171,2.5963999942177907
EngineeringROI_B10,JILONG_EI_0099,50,B10,195;61;13;58;112;121;50;19;5;206;158;156;69;119;202;177;99;10;252,0.1,19,124,19,0.0816595324333223,14040.0,True,0.6740237691001699,0.0526315789473684,0.6915331807780319,0.087719298245614,0.3764769567677961,2,19,0,54.62429999897722,4.820300004212186,70.64550000359304,2.7636000013444573
EngineeringROI_B10,JILONG_EI_0099,60,B10,195;61;58;251;84;13;66;91;134;157;93;4;217;120;190;203;34;176;88,0.1,19,124,19,0.0734277247283503,14730.0,True,0.7202886247877758,0.0526315789473684,0.7070938215102975,0.0526315789473684,0.3831614010482025,1,19,0,54.58499999076594,4.797300003701821,69.94040000427049,2.8055000002495944
EngineeringROI_B10,JILONG_EI_0099,70,B10,195;60;218;57;49;157;46;91;28;119;232;252;3;26;35;121;89;14;70,0.1,19,122,19,0.1115926824972624,14790.0,True,0.7351164797239,0.0526315789473684,0.6458036984352775,0.0526315789473684,0.3715458340134785,1,19,0,54.6769999928074,4.988300002878532,69.9319999985164,2.8869999950984493
EngineeringROI_B10,JILONG_EI_0099,80,B10,195;44;219;13;217;57;4;157;91;112;121;33;135;77;46;69;51;102;252,0.1,19,123,19,0.110413428184178,14790.0,True,0.6546854942233633,0.0526315789473684,0.7004784688995215,0.087719298245614,0.3738787100789668,2,19,0,54.68200000177603,4.96710000152234,70.50689999596216,3.3390000025974587
EngineeringROI_B10,JILONG_EI_0099,90,B10,195;44;57;33;157;192;217;91;10;235;66;155;203;119;77;69;46;88;36,0.1,19,123,19,0.106063970717737,15060.0,True,0.6863500213949508,0.0526315789473684,0.6209560598744568,0.087719298245614,0.3619142396155975,2,19,0,54.34899999818299,4.606499991496094,70.68070000968874,3.032699998584576
EngineeringROI_B10,JILONG_EI_0099,100,B10,195;28;61;57;90;219;49;121;4;176;174;217;155;51;69;252;10;119;128,0.1,19,121,19,0.0888882082226187,15060.0,True,0.6294040887342324,0.0526315789473684,0.706345302508608,0.087719298245614,0.3690250671089556,2,19,0,55.28220000269357,5.159399996045977,72.05770000291523,2.5320999993709847
EngineeringROI_B10,JILONG_EI_0099,110,B10,195;28;57;252;206;202;60;158;50;128;155;20;121;91;69;176;10;88;78,0.1,19,121,19,0.1040041044176091,15060.0,True,0.7307525010874292,0.0526315789473684,0.6409247417609444,0.087719298245614,0.378007030010339,2,19,0,54.677299995091744,4.843799993977882,70.45070000458509,2.273000005516224
EngineeringROI_B10,JILONG_EI_0099,120,B10,195;27;252;29;61;74;217;186;156;128;104;219;66;4;41;69;158;135;33,0.1,19,121,19,0.1180556087326079,15060.0,True,0.6755110917790342,0.0526315789473684,0.7176586325627151,0.087719298245614,0.383380150383683,2,19,0,54.9862000043504,4.869900003541261,70.76070000766777,2.235500011011027
EngineeringROI_B10,JILONG_EI_0099,130,B10,195;27;219;217;104;252;61;58;176;90;186;112;69;156;13;174;4;35;66,0.1,19,122,19,0.0960403090565199,15060.0,True,0.6816220880069025,0.0526315789473684,0.7146306132303235,0.087719298245614,0.3841508946075521,2,19,0,54.79829999967478,4.784099990502,70.96119999187067,2.418200005195104
EngineeringROI_B10,JILONG_EI_0099,140,B10,195;27;58;202;90;252;174;104;61;69;128;29;34;232;4;155;176;133;40,0.1,19,122,19,0.128592322594972,15060.0,True,0.7450388265746333,0.0526315789473684,0.6591018831482377,0.087719298245614,0.3861228967289633,2,19,0,55.252599995583296,5.273400005535223,70.68160000198986,2.2690000041620806
EngineeringROI_B10,JILONG_EI_0099,150,B10,195;27;219;106;29;57;128;217;69;252;170;60;229;104;174;50;101;20;32,0.1,19,121,19,0.1096706511168457,15060.0,True,0.6789908655937364,0.0526315789473684,0.6640432857845547,0.087719298245614,0.3708462571428184,2,19,0,55.00259999826085,5.283000005874783,70.3845999960322,2.266099996631965
EngineeringROI_B10,JILONG_EI_0099,160,B10,195;26;106;235;232;202;57;45;128;119;156;177;50;71;69;20;170;174;78,0.1,19,121,19,0.1361196407103093,15240.0,True,0.6294040887342323,0.0526315789473684,0.6675101214574899,0.087719298245614,0.3593162718461761,2,19,0,56.43479998980183,5.2575000008801,72.21019999997225,2.938400008133613
EngineeringROI_B10,JILONG_EI_0099,170,B10,195;58;26;106;218;186;232;45;156;128;88;192;78;35;69;13;174;49;200,0.1,19,121,19,0.1095175012060555,15240.0,True,0.624619399739017,0.0526315789473684,0.6906050172159371,0.087719298245614,0.3638938235369841,2,19,0,55.324400003883056,5.1340000063646585,71.60409999778494,2.426000006380491
EngineeringROI_B10,JILONG_EI_0099,180,B10,195;58;10;90;218;232;128;186;29;121;69;156;50;88;61;174;200;252;23,0.1,19,120,19,0.0788415740747831,15240.0,True,0.6973684210526315,0.0526315789473684,0.6761904761904762,0.087719298245614,0.3784774436090226,2,19,0,55.11980000301264,4.979899997124448,70.67800000368152,2.3668999929213896
EngineeringROI_B10,JILONG_EI_0099,190,B10,195;25;58;105;202;232;156;29;103;50;27;158;128;91;78;60;200;20;69,0.1,19,120,19,0.1404231532035132,15240.0,True,0.7021929824561404,0.0526315789473684,0.631578947368421,0.087719298245614,0.3685307017543859,2,19,0,54.87299998640083,5.191999996895902,70.55820000823587,2.5005999923450872
EngineeringROI_B10,JILONG_EI_0099,200,B10,195;25;57;106;186;78;88;157;216;50;28;119;69;60;155;128;229;55;4,0.1,19,121,19,0.1413497101637938,15240.0,True,0.7094388864723794,0.0526315789473684,0.6069847515986228,0.087719298245614,0.3641936288159961,2,19,0,54.84680000517983,5.34410000545904,70.18549999338575,2.602299995487556
EngineeringROI_B10,JILONG_EI_0099,210,B10,195;41;10;90;201;78;157;29;49;232;120;88;155;112;69;176;219;60;134,0.1,19,121,19,0.1091729139067776,15240.0,True,0.6572422792518487,0.0526315789473684,0.6802383316782523,0.087719298245614,0.3694578720307708,2,19,0,55.238100001588464,4.838300010305829,70.65199999487959,2.54690001020208
EngineeringROI_B10,JILONG_EI_0099,220,B10,195;40;58;78;233;201;121;49;90;119;219;10;69;88;28;157;112;155;60,0.1,19,121,19,0.1299859867831627,15240.0,True,0.7320574162679426,0.0526315789473684,0.6650270536153468,0.087719298245614,0.3843588367690679,2,19,0,54.61239999567624,4.752799999550916,71.1882999894442,2.9950999887660146
EngineeringROI_B10,JILONG_EI_0099,230,B10,195;40;74;217;78;219;29;186;105;119;49;128;155;157;52;86;60;27;214,0.1,19,122,19,0.157514683247697,15240.0,True,0.6919758412424505,0.0526315789473684,0.6395989974937343,0.0789473684210526,0.3657884465261514,2,19,0,55.42069999501109,4.698799995821901,70.66289999056607,3.079700007219799
EngineeringROI_B10,JILONG_EI_0099,240,B10,195;58;217;219;78;90;104;186;29;128;40;135;10;86;49;157;214;35;60,0.1,19,121,19,0.1326890827086093,15270.0,True,0.6972596781209222,0.0526315789473684,0.6526315789473686,0.0789473684210526,0.3703675511091779,2,19,0,53.96229999314528,4.930400013108738,70.14139999228064,2.2960000060265884
EngineeringROI_B10,JILONG_EI_0099,250,B10,195;57;88;78;217;219;10;90;29;23;86;186;128;135;66;157;121;34;60,0.1,19,122,19,0.1046703065295464,15270.0,True,0.6997411561691113,0.0526315789473684,0.6390268123138033,0.0789473684210526,0.3675867289628339,2,19,0,54.13910000061151,4.971199989086017,70.56880000163801,3.1017000001156703
EngineeringROI_B10,JILONG_EI_0099,260,B10,195;57;23;219;78;88;217;90;49;29;86;10;128;135;186;51;121;157;213,0.1,19,122,19,0.1067837752984508,15270.0,True,0.6734253666954271,0.0526315789473684,0.6473192326610919,0.0789473684210526,0.363080886681235,2,19,0,54.991299999528565,5.24790000054054,70.22199999482837,2.227299992227927
EngineeringROI_B10,JILONG_EI_0099,270,B10,195;58;88;23;233;219;78;90;201;29;86;10;35;128;49;157;135;56;213,0.1,19,122,19,0.1248171772939942,15270.0,True,0.6945642795513374,0.0526315789473684,0.6301169590643274,0.0789473684210526,0.3640650464960215,2,19,0,55.13039999641478,4.8826999991433695,71.07469999755267,2.272199999424629
EngineeringROI_B10,JILONG_EI_0099,280,B10,195;57;88;23;219;90;78;217;29;86;49;10;186;174;135;128;213;4;35,0.1,19,122,19,0.0973727132803945,15270.0,True,0.6466781708369284,0.0526315789473684,0.6551893753074275,0.0789473684210526,0.3583616233781942,2,19,0,54.50550001114607,5.052499996963888,70.22629999846686,2.21869999950286
EngineeringROI_B10,JILONG_EI_0099,290,B10,195;23;57;88;90;219;78;217;29;86;34;10;128;66;186;157;206;176;213,0.1,19,122,19,0.1005735464159092,15270.0,True,0.6660914581535806,0.0526315789473684,0.6539961013645224,0.0789473684210526,0.362916626721631,2,19,0,54.45670000335667,4.740699994727038,69.83550000586547,2.2883999918121845
EngineeringROI_B10,JILONG_EI_0099,300,B10,195;57;23;105;219;78;29;217;34;86;128;66;26;157;60;176;213;135;186,0.1,19,123,19,0.1321224280386856,15270.0,True,0.693196405648267,0.0526315789473684,0.5818445195557701,0.0789473684210526,0.3516549681431145,2,19,0,54.34229999082163,4.700800011050887,71.20819999545347,3.145599999697879
EngineeringROI_B10,JILONG_EI_0099,310,B10,195;23;58;90;219;78;217;88;86;29;10;34;128;176;66;157;20;120;186,0.1,19,123,19,0.09650741628443,15420.0,True,0.6559691912708602,0.0263157894736842,0.6431675519072911,0.0789473684210526,0.351099975268222,2,19,0,54.42639999091625,4.938300000503659,71.67619999381714,2.972000002046116
EngineeringROI_B10,JILONG_EI_0099,320,B10,195;57;23;105;218;78;29;86;128;34;232;10;174;176;119;186;55;156;36,0.1,19,123,19,0.1132696740204148,15420.0,True,0.6722293538724862,0.0263157894736842,0.5851674641148324,0.0789473684210526,0.3406649939705138,2,19,0,54.63410000083968,5.331299995305017,72.10469999699853,2.292499993927777
EngineeringROI_B10,JILONG_EI_0099,330,B10,195;57;90;218;23;29;119;78;34;86;88;232;128;25;27;158;156;66;192,0.1,19,123,19,0.1365867479382193,15420.0,True,0.660676080445015,0.0263157894736842,0.6186693147964251,0.0789473684210526,0.3461521382840442,2,19,0,54.53350000607316,5.553700000746176,71.28940000256989,2.2504999942611903
EngineeringROI_B10,JILONG_EI_0099,340,B10,195;58;217;119;24;29;219;90;86;35;78;128;33;88;66;157;26;176;60,0.1,19,123,19,0.1349863313704619,15420.0,True,0.6927685066324348,0.0263157894736842,0.5839126117179742,0.0789473684210526,0.3454860690612864,2,19,0,55.3937000076985,4.985999999917112,70.62230000155978,2.3554999934276566
EngineeringROI_B10,JILONG_EI_0099,350,B10,195;57;218;29;23;34;105;119;86;61;157;232;25;66;27;128;79;192;55,0.1,19,123,19,0.1561593065372039,15420.0,True,0.720581942661532,0.0263157894736842,0.5334008097165991,0.0789473684210526,0.3398114775682169,2,19,0,54.577999995672144,4.808900004718453,70.83689999126364,2.7836000081151724
EngineeringROI_B10,JILONG_EI_0099,360,B10,195;57;29;217;90;23;86;78;120;33;60;35;88;235;25;158;27;206;176,0.1,19,123,19,0.1386389567428076,15420.0,True,0.6679503637141635,0.0263157894736842,0.6211519364448859,0.0789473684210526,0.3485913645134466,2,19,0,54.922900002566166,5.407400007243268,71.53130001097452,2.330999996047467
EngineeringROI_B10,JILONG_EI_0099,370,B10,195;58;35;217;46;13;86;23;104;78;90;33;72;10;60;158;235;66;176,0.1,19,123,19,0.1013163234832415,15420.0,True,0.6495507060333762,0.0263157894736842,0.6296296296296297,0.0789473684210526,0.3461108733894356,2,19,0,55.69900000409689,5.469500014442019,71.8635999946855,2.474699998856522
EngineeringROI_B10,JILONG_EI_0099,380,B10,195;217;57;34;104;29;86;61;23;93;10;106;79;235;174;135;176;4;156,0.1,19,123,19,0.1035446546852386,15420.0,True,0.6225930680359436,0.0263157894736842,0.6047758284600391,0.0789473684210526,0.3331580135976799,2,19,0,55.30700000235811,4.865499999141321,73.05469999846537,3.161399989039637
EngineeringROI_B10,JILONG_EI_0099,390,B10,195;58;217;34;14;46;23;86;78;120;176;88;60;25;158;90;156;28;20,0.1,19,123,19,0.1382254519836742,15420.0,True,0.6876337184424476,0.0263157894736842,0.5764647467725917,0.0789473684210526,0.342340405777444,2,19,0,55.228299999726005,4.834199993638322,71.20520000171382,2.301000000443309
EngineeringROI_B10,JILONG_EI_0099,400,B10,195;57;219;34;29;61;86;217;90;120;176;23;25;158;66;27;88;252;156,0.1,19,122,19,0.1338377070395356,15420.0,True,0.7014667817083693,0.0263157894736842,0.5646827348745697,0.0789473684210526,0.3428531686194189,2,19,0,54.93820000265259,4.879399988567457,70.22750000760425,2.289399999426678
EngineeringROI_B10,JILONG_EI_0099,410,B10,195;219;90;34;46;41;86;217;13;78;119;176;60;88;252;23;158;27;66,0.1,19,122,19,0.1297868918991354,15420.0,True,0.6855047454702329,0.0263157894736842,0.5986227250368913,0.0789473684210526,0.3473476571004653,2,19,0,53.781399998115376,4.755599991767667,69.88510000519454,2.260900000692345
EngineeringROI_B10,JILONG_EI_0099,420,B10,195;29;218;58;90;49;86;51;23;119;61;176;25;174;232;27;88;3;55,0.1,19,123,19,0.1434938089148563,15420.0,True,0.6747967479674797,0.0263157894736842,0.5830352580480327,0.0789473684210526,0.3407737909775623,2,19,0,53.811800011317246,4.91439999314025,70.1491000072565,2.2250999900279567
EngineeringROI_B10,JILONG_EI_0099,430,B10,195;58;49;217;90;29;86;60;78;35;23;120;235;177;157;27;25;55;88,0.1,19,123,19,0.1635258172462114,15420.0,True,0.6820710312366282,0.0263157894736842,0.5819265143992055,0.0789473684210526,0.3423151758826426,2,19,0,54.66550000710413,6.334799996693619,71.54539998737164,3.187200010870584
EngineeringROI_B10,JILONG_EI_0099,440,B10,195;58;90;35;49;61;218;86;23;120;29;158;27;25;176;156;3;216;55,0.1,19,123,19,0.1563124564479941,15420.0,True,0.6991869918699188,0.0263157894736842,0.5726120857699805,0.0789473684210526,0.344265558883659,2,19,0,54.82689999917056,4.858100001001731,70.78569999430329,2.2295999951893464
EngineeringROI_B10,JILONG_EI_0099,450,B10,195;58;90;34;217;86;78;29;23;120;60;235;27;174;176;25;88;66;156,0.1,19,123,19,0.141142957784227,15420.0,True,0.6927685066324348,0.0263157894736842,0.5750122970978849,0.0789473684210526,0.3432609904062641,2,19,0,55.047000001650304,4.914500008453615,70.58030000189319,2.370100002735853
EngineeringROI_B10,JILONG_EI_0099,460,B10,195;58;90;35;86;46;119;49;201;78;23;13;158;44;4;156;128;176;233,0.1,19,123,19,0.1254068044505364,15420.0,True,0.6050492083868207,0.0263157894736842,0.6583912611717974,0.0789473684210526,0.3421759068633387,2,19,0,54.514000003109686,5.70720000541769,70.25659999635536,2.301800006534904
EngineeringROI_B10,JILONG_EI_0099,470,B10,195;90;58;51;84;61;119;86;217;29;49;24;93;174;27;156;176;170;235,0.1,19,124,19,0.1331561899365193,15420.0,True,0.6956706281833616,0.0263157894736842,0.5956714215445155,0.0789473684210526,0.3491513019056535,2,19,0,53.91529999906197,5.58409999939613,70.02379999903496,2.233100007288158
EngineeringROI_B10,JILONG_EI_0099,480,B10,195;84;58;90;35;86;135;23;78;218;33;60;158;46;28;72;104;176;156,0.1,19,124,19,0.1193344104877058,15420.0,True,0.6880305602716469,0.0263157894736842,0.6002979145978152,0.0789473684210526,0.3483979081910498,2,19,0,54.35200000647456,4.891400007181801,69.59579999966081,2.263000002130866
EngineeringROI_B10,JILONG_EI_0099,490,B10,195;90;84;58;34;86;119;61;217;23;29;174;27;3;66;25;172;176;88,0.1,19,124,19,0.122902803409117,15420.0,True,0.6731748726655348,0.0263157894736842,0.5978152929493545,0.0789473684210526,0.3440633308774065,2,19,0,54.69769999035634,4.865800001425669,70.12140000006184,2.226399999926798
EngineeringROI_B10,JILONG_EI_0099,500,B10,195;90;84;58;51;60;78;86;217;49;119;3;158;13;23;46;72;27;25,0.1,19,124,19,0.1383096844346088,15420.0,True,0.6905772495755517,0.0263157894736842,0.6346153846153847,0.0789473684210526,0.3576139480214182,2,19,0,54.81549999967683,6.592100005946122,70.60249999631196,2.237400010926649
EngineeringROI_B10,JILONG_EI_0099,510,B10,195;84;58;35;86;90;61;119;29;49;217;3;158;27;171;25;206;23;121,0.1,19,124,19,0.1316170333330781,15420.0,True,0.6668081494057725,0.0263157894736842,0.6045112781954887,0.0789473684210526,0.3441456463739994,2,19,0,56.75950000295416,6.219200004125014,72.85199999751057,2.433400004520081
EngineeringROI_B10,JILONG_EI_0099,520,B10,195;84;219;58;51;90;86;217;60;78;29;119;3;49;157;27;25;171;88,0.1,19,124,19,0.1459059200098016,15420.0,True,0.6863327674023768,0.0263157894736842,0.6104279390063945,0.0789473684210526,0.350505966075877,2,19,0,54.6089999988908,4.912899996270426,70.28759999957401,2.3151000059442595
EngineeringROI_B10,JILONG_EI_0099,530,B10,195;84;58;86;217;34;3;106;61;29;135;147;158;66;235;170;25;27;112,0.1,19,125,19,0.1366480079025354,15420.0,True,0.6618947368421052,0.0263157894736842,0.6094441711756025,0.0789473684210526,0.3441505164781111,2,19,0,54.14799999562092,5.400599999120459,69.77320001169574,2.2520000056829304
EngineeringROI_B10,JILONG_EI_0099,540,B10,195;84;58;51;86;78;29;217;60;3;106;112;49;174;119;27;156;24;192,0.1,19,124,19,0.132911150079255,15420.0,True,0.683786078098472,0.0263157894736842,0.6002979145978152,0.0789473684210526,0.347336787647756,2,19,0,54.95530000189319,4.792499996256083,69.79960000899155,2.2393999970518053
EngineeringROI_B10,JILONG_EI_0099,550,B10,195;84;58;217;51;86;174;3;61;119;29;49;105;91;93;27;206;156;147,0.1,19,125,19,0.1163250147406789,15420.0,True,0.7018947368421053,0.0263157894736842,0.5923535253227409,0.0789473684210526,0.3498778550148957,2,19,0,54.58090000320226,4.816600005142391,70.13330000336282,2.6242999883834277
EngineeringROI_B10,JILONG_EI_0099,560,B10,195;84;74;35;86;218;174;119;3;78;60;29;41;105;66;27;156;33;216,0.1,19,124,19,0.1413114226860962,15420.0,True,0.6812393887945671,0.0263157894736842,0.6310728744939271,0.0789473684210526,0.3543938552958077,2,19,0,55.305200003203936,4.792499996256083,71.01200000033714,2.250500008813105
EngineeringROI_B10,JILONG_EI_0099,570,B10,195;84;74;51;217;29;86;3;119;78;105;60;174;41;49;147;27;128;171,0.1,19,125,19,0.1363340505854155,15420.0,True,0.7132631578947369,0.0263157894736842,0.5829573934837092,0.0789473684210526,0.3503709273182957,2,19,0,54.82200000551529,4.735900001833215,72.2348000126658,2.468000006047077
EngineeringROI_B10,JILONG_EI_0099,580,B10,195;84;58;217;35;3;90;86;29;174;78;60;49;88;119;27;147;128;25,0.1,19,125,19,0.1335620372001133,15420.0,True,0.7477894736842107,0.0263157894736842,0.5521255060728745,0.0789473684210526,0.3512945344129555,2,19,0,54.9678999959724,4.712000009021722,72.57479999680072,2.538600005209446
EngineeringROI_B10,JILONG_EI_0099,590,B10,195;84;51;3;57;29;86;174;119;61;217;49;90;10;171;147;121;165;5,0.1,19,125,19,0.0951520395739369,15420.0,True,0.6711578947368421,0.0263157894736842,0.6320754716981132,0.0789473684210526,0.352124131082423,2,19,0,54.43939998804126,5.2404000016395,70.47190000594128,2.309700008481741
EngineeringROI_B10,JILONG_EI_0099,600,B10,195;84;219;57;3;119;217;78;86;29;51;60;174;90;49;170;25;156;128,0.1,19,124,19,0.1301774241716504,15420.0,True,0.7364176570458403,0.0263157894736842,0.6022840119165839,0.0789473684210526,0.3609912067142902,2,19,0,54.52979999245144,5.365000004530884,70.69000000774395,2.2323000011965632
EngineeringROI_B10,JILONG_EI_0099,610,B10,195;84;219;217;74;119;86;3;35;44;174;46;78;13;41;49;170;165;156,0.1,19,124,19,0.1382943694435298,15420.0,True,0.6994906621392191,0.0263157894736842,0.6395233366434955,0.0789473684210526,0.3610692891693629,2,19,0,54.91099999926519,4.855700011830777,70.86239999625832,2.6779000036185607
EngineeringROI_B10,JILONG_EI_0099,620,B10,195;84;217;90;57;86;51;29;3;219;60;174;78;119;49;165;27;5;88,0.1,19,124,19,0.1200465575728802,15420.0,True,0.7088285229202037,0.0263157894736842,0.5978152929493544,0.0789473684210526,0.3529767434410737,2,19,0,55.05799999809824,4.712499998277053,71.27670000772923,2.3019000072963536
EngineeringROI_B10,JILONG_EI_0099,630,B10,195;219;84;217;3;90;57;86;51;29;174;61;135;206;49;27;25;171;192,0.1,19,124,19,0.1303688615601381,15420.0,True,0.7050084889643463,0.0263157894736842,0.6042701092353525,0.0789473684210526,0.3536354390236089,2,19,0,54.93209999985993,4.970599999069236,70.44809999933932,2.2619999945163727
EngineeringROI_B10,JILONG_EI_0099,640,B10,195;84;219;90;57;217;86;51;60;3;174;78;29;27;33;25;171;165;128,0.1,19,124,19,0.1422992396106929,15420.0,True,0.7474533106960951,0.0263157894736842,0.5579922027290449,0.0789473684210526,0.3526771678299692,2,19,0,54.47699999785982,4.843200003961101,70.29340000008233,2.2287000028882176
EngineeringROI_B10,JILONG_EI_0099,650,B10,195;219;84;217;86;74;3;35;29;66;174;78;41;60;88;170;27;156;33,0.1,19,124,19,0.1459748374696571,15420.0,True,0.7300509337860781,0.0263157894736842,0.5577963600590261,0.0789473684210526,0.3482776129349602,2,19,0,55.02020000130869,5.583799997111782,69.89839999005198,2.2301999997580424
EngineeringROI_B10,JILONG_EI_0099,660,B10,195;84;58;3;35;86;217;174;29;90;78;60;206;10;5;66;33;120;165,0.1,19,123,19,0.100389766522961,16890.0,True,0.6910569105691057,0.0,0.5656665027053615,0.0789473684210526,0.33391769542388,2,19,0,54.64450000727084,4.698799995821901,69.90860000951216,2.218300011008978
EngineeringROI_B10,JILONG_EI_0099,670,B10,195;84;217;3;90;57;86;51;29;174;78;120;60;49;27;147;165;25;192,0.1,19,123,19,0.1386925592115842,16890.0,True,0.7381258023106546,0.0,0.5609161793372319,0.0789473684210526,0.3444973375172348,2,19,0,54.36309998913202,4.796000008354895,70.71770000038669,2.707500010728836
EngineeringROI_B10,JILONG_EI_0099,680,B10,195;84;217;86;35;74;3;174;29;41;61;88;120;27;147;66;165;33;171,0.1,19,123,19,0.1288986224165524,16950.0,True,0.7158750534873771,0.0,0.5484505656665025,0.0789473684210526,0.3358182468937331,2,19,0,54.55980000260752,4.809899997781031,70.68109999818262,2.297500002896413
EngineeringROI_B10,JILONG_EI_0099,690,B10,195;84;217;90;57;35;3;86;29;78;147;60;157;49;27;5;135;116;165,0.1,19,124,19,0.1386619292294262,16950.0,True,0.7432088285229203,0.0,0.5648148148148149,0.0789473684210526,0.3467427529396969,2,19,0,55.42319999949541,5.0540000083856285,71.05740001134109,2.5012999976752326
EngineeringROI_B10,JILONG_EI_0099,700,B10,195;84;35;90;218;86;3;58;44;147;13;78;72;5;157;46;66;216;135,0.1,19,124,19,0.1205442947829482,16950.0,True,0.6574702886247877,0.0,0.6335282651072124,0.0789473684210526,0.3424864805382633,2,19,0,54.17180000222288,5.329499996150844,70.12740000209305,2.315099991392344
EngineeringROI_B10,JILONG_EI_0099,710,B10,195;84;217;90;58;51;86;44;3;147;13;174;119;46;78;5;206;88;165,0.1,19,124,19,0.1113629576310771,16950.0,True,0.6685059422750425,0.0,0.6344760985031387,0.0789473684210526,0.3454823522998083,2,19,0,55.27930000971537,4.754599998705089,71.37700000021141,2.934600008302368
EngineeringROI_B10,JILONG_EI_0099,720,B10,195;84;217;90;86;147;57;3;29;35;60;174;78;165;27;49;155;5;25,0.1,19,125,19,0.1388763391045324,16950.0,True,0.7776842105263158,0.0,0.5172248803827751,0.0789473684210526,0.3434641148325358,2,19,0,54.13340000086464,5.015799993998371,70.12129999930039,2.224800002295524
EngineeringROI_B10,JILONG_EI_0099,730,B10,195;3;74;217;35;44;86;147;13;78;68;206;41;100;49;157;165;5;46,0.1,19,125,19,0.1434938089148563,16950.0,True,0.6602105263157895,0.0,0.6140350877192982,0.0789473684210526,0.3382982456140351,2,19,0,54.0099000063492,4.952399991452694,70.03059999260586,2.272500001708977
EngineeringROI_B10,JILONG_EI_0099,740,B10,195;217;58;90;35;86;3;44;13;174;78;147;100;156;192;128;165;46;25,0.1,19,125,19,0.1380033846130284,16950.0,True,0.6976842105263158,0.0,0.5584795321637428,0.0789473684210526,0.3337777777777778,2,19,0,54.66250001336448,5.822799997986294,70.29529999999795,2.2520999918924645
EngineeringROI_B10,JILONG_EI_0099,750,B10,195;90;35;84;58;217;86;44;13;3;147;10;88;78;174;5;66;206;192,0.1,19,124,19,0.1090963389513825,17010.0,True,0.6884550084889643,0.0,0.6091617933723196,0.0789473684210526,0.3441410425705842,2,19,0,56.2221000000136,6.329900003038347,70.35090000135824,2.422099991235882
EngineeringROI_B10,JILONG_EI_0099,760,B10,195;90;35;217;57;86;147;3;13;44;78;174;170;100;120;25;219;134;33,0.1,19,125,19,0.1365790904426798,17010.0,True,0.655157894736842,0.0,0.6132303235152099,0.0789473684210526,0.3368338966682762,2,19,0,54.37490000622347,5.517900004633702,69.57259999762755,2.9140999977244064
EngineeringROI_B10,JILONG_EI_0099,770,B10,195;84;217;74;60;51;13;86;3;147;78;120;41;174;170;27;49;117;192,0.1,19,124,19,0.1547273548713157,17010.0,True,0.7330220713073006,0.0,0.5598086124401914,0.0789473684210526,0.3429445130421361,2,19,0,55.24049999075942,6.584799994016066,71.8703999882564,3.0735000036656857
EngineeringROI_B10,JILONG_EI_0099,780,B10,195;217;35;13;74;44;86;147;219;78;41;4;174;170;99;165;46;105;156,0.1,19,125,19,0.1384245468677014,17010.0,True,0.6597894736842105,0.0,0.5842588121680348,0.0789473684210526,0.3307489135683245,2,19,0,55.54950000077952,4.924199995002709,72.04810000257567,3.365199998370372
EngineeringROI_B10,JILONG_EI_0099,790,B10,195;84;13;217;74;147;35;86;44;3;174;78;41;5;46;206;116;156;170,0.1,19,125,19,0.1483486610869049,17010.0,True,0.7393684210526317,0.0,0.5578947368421051,0.0789473684210526,0.3440526315789473,2,19,0,56.76419999508653,6.433700007619336,70.51299999875482,2.2834999981569126
EngineeringROI_B10,JILONG_EI_0099,800,B10,195;13;90;217;57;86;44;35;3;147;83;174;78;219;46;171;25;116;23,0.1,19,126,19,0.142421759539325,17040.0,True,0.7155388471177945,0.0,0.5448343079922027,0.0789473684210526,0.3348301308827625,2,19,0,55.19970000023022,4.806999990250915,70.61490000342019,2.286800008732825
EngineeringROI_B10,JILONG_EI_0099,810,B10,195;90;58;29;217;147;86;60;3;51;78;157;27;134;100;88;5;235;155,0.1,19,123,19,0.1306368739040209,17040.0,True,0.6593923833975183,0.0,0.5839126117179742,0.0789473684210526,0.3305630908841362,2,19,0,55.05229999835137,5.032900007790886,71.17929999367334,2.4665999953867868
EngineeringROI_B10,JILONG_EI_0099,820,B10,195;74;217;13;35;3;86;44;147;41;5;78;174;46;116;156;66;165;10,0.1,19,123,19,0.1485324409798531,17100.0,True,0.7582370560547711,0.0,0.5037593984962405,0.0789473684210526,0.335235955743016,2,19,0,56.4174000028288,5.18259999807924,70.23209999897517,2.230400001280941
EngineeringROI_B10,JILONG_EI_0099,830,B10,195;217;74;13;86;44;147;35;3;174;77;46;41;72;206;5;117;128;161,0.1,19,124,19,0.1389375990688485,17100.0,True,0.7236842105263158,0.0,0.5332671300893743,0.0789473684210526,0.3339746772591856,2,19,0,55.57199999748264,4.820200003450736,71.43399999768008,2.981099998578429
EngineeringROI_B10,JILONG_EI_0099,840,B10,195;13;217;74;147;86;35;44;77;3;46;174;41;128;161;5;49;219;135,0.1,19,124,19,0.1239135928203321,17100.0,True,0.6774193548387096,0.0,0.5614035087719298,0.0789473684210526,0.329442558007923,2,19,0,54.92949999461416,6.708899993100204,70.1104000036139,2.251600002637133
EngineeringROI_B10,JILONG_EI_0099,850,B10,195;84;217;57;86;3;90;44;147;13;51;174;88;78;46;128;165;161;171,0.1,19,124,19,0.1221293963596266,17100.0,True,0.6778438030560272,0.0,0.6022840119165839,0.0789473684210526,0.3397687958484159,2,19,0,56.97459999646526,4.638400001567788,70.01719999243505,2.2652999905403703
EngineeringROI_B10,JILONG_EI_0099,860,B10,195;217;74;147;86;3;44;13;35;78;41;158;5;49;117;165;10;219;46,0.1,19,124,19,0.1484328935378395,17100.0,True,0.6999151103565365,0.0,0.5159862272503689,0.0789473684210526,0.3237121765069894,2,19,0,54.57120000210125,4.704999999376014,70.42469999578316,2.9544999997597188
EngineeringROI_B10,JILONG_EI_0099,870,B10,195;217;13;58;147;35;86;90;3;44;78;158;5;206;116;66;165;171;25,0.1,19,123,19,0.1529661308972287,17100.0,True,0.693196405648267,0.0,0.5372589890568004,0.0789473684210526,0.3273506907815299,2,19,0,54.75700000533834,5.5628999980399385,70.33669999509584,2.2833999973954637
EngineeringROI_B10,JILONG_EI_0099,880,B10,195;147;217;13;57;90;86;44;35;3;5;78;174;66;116;156;161;165;25,0.1,19,123,19,0.1556845418137544,17100.0,True,0.7372700042789901,0.0,0.5172064777327935,0.0789473684210526,0.333355962608209,2,19,0,55.10339999455027,5.0789999950211495,69.67710000753868,2.348100009839982
EngineeringROI_B10,JILONG_EI_0099,890,B10,195;13;217;90;86;57;35;44;147;4;78;88;161;100;157;219;49;25;165,0.1,19,124,19,0.1426897718832079,17160.0,True,0.6443123938879456,0.0,0.597672064777328,0.0789473684210526,0.3302329567715816,2,19,0,54.2388000030769,5.040700008976273,72.00379999994766,2.931200011516921
EngineeringROI_B10,JILONG_EI_0099,900,B10,195;13;217;90;147;57;86;35;3;60;161;78;100;5;27;158;135;235;25,0.1,19,123,19,0.145431155286352,17160.0,True,0.7060333761232349,0.0,0.5528870720490546,0.0789473684210526,0.3344669541483355,2,19,0,54.15650000213645,5.698100008885376,69.64900001185015,2.272000012453645
EngineeringROI_B10,JILONG_EI_0099,910,B10,195;13;57;217;90;86;44;3;147;35;174;116;161;5;121;78;156;25;214,0.1,19,123,19,0.1564196613855472,17160.0,True,0.7295678219940095,0.0,0.5097744360902257,0.0789473684210526,0.3295724066263219,2,19,0,54.29730001196731,5.08780000382103,70.08559998939745,2.2391999955289066
EngineeringROI_B10,JILONG_EI_0099,920,B10,195;217;57;13;3;90;44;86;35;147;5;174;100;128;66;25;161;78;171,0.1,19,123,19,0.1413190801816358,17160.0,True,0.722293538724861,0.0,0.5263157894736842,0.0789473684210526,0.3318891741548994,2,19,0,54.40429999725893,5.532900002435781,70.06389999878593,2.349700007471256
EngineeringROI_B10,JILONG_EI_0099,930,B10,195;13;57;217;3;86;90;44;147;35;128;5;100;157;161;25;78;199;171,0.1,19,123,19,0.1443973933885183,17160.0,True,0.7287120239623449,0.0,0.5431976166832175,0.0789473684210526,0.3377142522666537,2,19,0,54.49809999845456,4.825199997867458,70.28879999415949,2.242699993075803
EngineeringROI_B10,JILONG_EI_0099,940,B10,195;13;217;74;3;86;41;35;44;5;147;106;219;161;116;174;120;128;199,0.1,19,124,19,0.1143264084048671,17160.0,True,0.715195246179966,0.0,0.5348370927318297,0.0789473684210526,0.332244926833212,2,19,0,55.33030000515282,5.7450000022072345,71.80890000017826,2.348499998333864
EngineeringROI_B10,JILONG_EI_0099,950,B10,195;84;13;217;35;58;86;3;44;90;147;128;5;116;158;219;88;206;161,0.1,19,124,19,0.1038279820202004,17160.0,True,0.6625636672325976,0.0,0.6271519921298574,0.0789473684210526,0.3421657569458768,2,19,0,55.12819999421481,4.700100005720742,71.43779999751132,2.306700000190176
EngineeringROI_B10,JILONG_EI_0099,960,B10,195;13;217;3;57;90;44;86;35;128;5;66;116;10;46;158;199;171;161,0.1,19,124,19,0.1151763904097525,17160.0,True,0.715195246179966,0.0,0.5548450565666503,0.0789473684210526,0.3372469177919172,2,19,0,54.34830000740476,5.226000008406118,70.17079999786802,2.2179999941727147
EngineeringROI_B10,JILONG_EI_0099,970,B10,195;217;13;90;57;3;86;35;60;128;5;10;174;100;199;156;161;192;23,0.1,19,124,19,0.084002726068412,17160.0,True,0.7067062818336164,0.0,0.5412115193644488,0.0789473684210526,0.3317162924047794,2,19,0,53.91610000515357,5.251900001894683,69.7987000021385,2.2877000010339543
EngineeringROI_B10,JILONG_EI_0099,980,B10,195;13;217;128;3;74;86;44;51;41;147;161;106;100;157;23;133;155;94,0.1,19,124,19,0.1456915101346953,17190.0,True,0.7202886247877759,0.0,0.5323886639676113,0.0789473684210526,0.3329061642941099,2,19,0,54.685300012351945,4.778400005307049,71.17129999096505,2.3167000035755336
EngineeringROI_B10,JILONG_EI_0099,990,B10,195;84;128;217;3;74;86;13;225;44;35;106;161;41;133;72;94;158;23,0.1,19,124,19,0.1577444081138822,20430.0,True,0.7181663837011886,0.0526315789473684,0.5435222672064778,0.0789473684210526,0.3483168995690218,2,19,0,55.67099999461789,4.922599997371435,72.4979000078747,3.235199998016469
EngineeringROI_B10,JILONG_EI_0099,1000,B10,195;217;128;3;225;58;86;13;90;35;44;161;133;174;5;147;88;219;94,0.1,19,124,19,0.1391443514484152,20610.0,True,0.6994906621392191,0.0526315789473684,0.5416453755748595,0.0789473684210526,0.3431787462706249,2,19,0,55.035699988366105,5.454300000565127,70.90679999964777,2.2686000011162832
EngineeringROI_B10,JILONG_EI_0099,1010,B10,195;225;217;128;3;57;86;13;90;35;147;161;44;5;135;116;94;171;158,0.1,19,123,19,0.1473914741444663,20700.0,True,0.7244330338040222,0.0526315789473684,0.5334695963208992,0.0789473684210526,0.3473703943733356,2,19,0,54.935499996645376,4.873200014117174,71.07499999983702,2.2776000114390627
EngineeringROI_B10,JILONG_EI_0099,1020,B10,195;225;84;217;13;128;90;86;58;3;35;60;161;147;116;174;156;206;94,0.1,19,124,19,0.1269306460628986,20790.0,True,0.7712224108658743,0.0526315789473684,0.5177944862155388,0.0789473684210526,0.3551489611124586,2,19,0,55.64940000476781,4.731900000479072,71.72429999627639,2.2964000090723857
EngineeringROI_B10,JILONG_EI_0099,1030,B10,195;225;217;3;128;58;90;86;35;13;44;161;5;94;147;133;121;10;157,0.1,19,124,19,0.1465644646261993,20850.0,True,0.7610356536502546,0.0526315789473684,0.4971895758814512,0.0789473684210526,0.3474510442250318,2,19,0,55.33260000811424,6.108300003688783,70.77359998947941,2.242700007627718
EngineeringROI_B10,JILONG_EI_0099,1040,B10,195;225;217;13;3;128;74;86;44;41;161;35;147;199;134;94;10;116;46,0.1,19,124,19,0.1526674885711879,20910.0,True,0.8123938879456706,0.0526315789473684,0.4667328699106255,0.0789473684210526,0.3526764263061793,2,19,0,55.765500001143664,4.854699989664368,70.71529999666382,2.725699989241548
EngineeringROI_B10,JILONG_EI_0099,1050,B10,195;225;13;218;86;128;57;3;232;90;161;44;147;35;5;174;199;94;134,0.1,19,124,19,0.1241203451998989,21030.0,True,0.7576400679117148,0.0526315789473684,0.5253036437246963,0.0789473684210526,0.3536306647512081,2,19,0,54.62989999796264,4.649599999538623,70.19689999287948,2.5485999940428883
EngineeringROI_B10,JILONG_EI_0099,1060,B10,195;225;218;58;232;86;128;90;3;161;35;44;199;206;174;134;66;116;147,0.1,19,124,19,0.1273288358309531,21060.0,True,0.7457555178268251,0.0526315789473684,0.5167004048582995,0.0789473684210526,0.3485087175133864,2,19,0,55.35609999787994,4.905299996607937,71.38919999124482,2.3908000002847984
EngineeringROI_B10,JILONG_EI_0099,1070,B10,225;195;217;3;57;128;90;86;44;35;161;5;199;156;134;116;147;158;23,0.1,19,124,19,0.1368011578133255,21090.0,True,0.7453310696095076,0.0526315789473684,0.5091093117408907,0.0789473684210526,0.3465048321797048,2,19,0,55.21289999887813,4.786899997270666,70.45040000230074,2.266999988933094
EngineeringROI_B10,JILONG_EI_0099,1080,B10,225;195;217;128;58;90;86;3;44;13;161;147;35;46;199;116;23;88;157,0.1,19,124,19,0.1308819137612852,21120.0,True,0.75,0.0526315789473684,0.524812030075188,0.0789473684210526,0.3515977443609022,2,19,0,55.945299987797625,4.668499997933395,71.71679999737535,2.238600005512126
EngineeringROI_B10,JILONG_EI_0099,1090,B10,225;195;3;128;217;57;86;90;161;35;44;199;141;116;23;147;174;219;10,0.1,19,124,19,0.1260500340758551,21120.0,True,0.7529711375212225,0.0526315789473684,0.4922305764411027,0.0789473684210526,0.3441951653326865,2,19,0,54.63420000160113,7.660100003704429,69.7373000002699,2.279599997564219
EngineeringROI_B10,JILONG_EI_0099,1100,B10,225;195;3;128;218;57;86;90;161;232;60;35;199;29;66;5;206;135;141,0.1,19,123,19,0.1037667220558844,21150.0,True,0.7261446298673514,0.0526315789473684,0.5469556243550052,0.0789473684210526,0.3511698003976943,2,19,0,54.710500000510365,5.318299998180009,69.90940000105184,2.4021999997785315
EngineeringROI_B10,JILONG_EI_0099,1110,B10,225;195;217;3;128;57;86;90;35;44;161;199;174;133;156;23;77;46;235,0.1,19,123,19,0.1546660949069997,21180.0,True,0.7419768934531451,0.0526315789473684,0.5013027618551329,0.0789473684210526,0.3437146506691747,2,19,0,54.613400003290735,5.196400001295842,70.0213999953121,2.267200005007908
EngineeringROI_B10,JILONG_EI_0099,1120,B10,225;195;3;128;218;57;90;86;35;232;161;199;44;23;46;133;158;77;147,0.1,19,124,19,0.1517639040975258,21210.0,True,0.7860780984719864,0.0526315789473684,0.486969851814001,0.0789473684210526,0.3511567244136021,2,19,0,54.81719999806956,4.828999997698702,70.75250000343658,2.4582999903941527
EngineeringROI_B10,JILONG_EI_0099,1130,B10,225;195;128;217;57;3;86;90;161;46;219;35;199;23;28;157;133;66;60,0.1,19,124,19,0.1368241302999441,21210.0,True,0.7699490662139219,0.0526315789473684,0.5098039215686273,0.0789473684210526,0.3528329837877426,2,19,0,54.88409999816213,5.681499998900108,70.60799999453593,2.235599997220561
EngineeringROI_B10,JILONG_EI_0099,1140,B10,225;195;128;3;218;90;86;41;35;161;44;46;5;23;199;158;133;94;232,0.1,19,124,19,0.1595592345567458,21210.0,True,0.797113752122241,0.0526315789473684,0.4829721362229101,0.0789473684210526,0.3529162089283931,2,19,0,54.65179999009706,5.064700002549216,71.41620000766125,2.6747999945655465
EngineeringROI_B10,JILONG_EI_0099,1150,B10,225;195;128;218;58;86;3;35;161;90;44;199;23;174;141;94;134;46;147,0.1,19,124,19,0.1268923585852011,21210.0,True,0.7593378607809848,0.0526315789473684,0.5015182186234819,0.0789473684210526,0.3481087566932219,2,19,0,54.02940000931267,4.763899996760301,70.22890000371262,2.235400010249577
EngineeringROI_B10,JILONG_EI_0099,1160,B10,225;195;217;3;58;128;161;86;90;35;60;199;219;141;23;28;116;135;72,0.1,19,124,19,0.1253149145040623,21240.0,True,0.7589134125636673,0.0526315789473684,0.5114971895758815,0.0789473684210526,0.3504973873769924,2,19,0,54.51339999854099,5.26930000341963,70.01699999091215,2.3062999971443787
EngineeringROI_B10,JILONG_EI_0099,1170,B10,225;195;218;128;58;102;3;90;44;13;199;161;23;35;156;158;135;46;206,0.1,19,124,19,0.1150308979945019,21240.0,True,0.720288624787776,0.0526315789473684,0.5518796992481203,0.0526315789473684,0.3443578704826582,1,19,0,54.555800001253374,4.771300009451807,70.47520000196528,2.449399995384738
EngineeringROI_B10,JILONG_EI_0099,1180,B10,225;195;217;57;128;86;90;161;44;3;199;51;158;23;156;165;219;5;133,0.1,19,124,19,0.1443284759286627,21270.0,True,0.7313242784380306,0.0526315789473684,0.5044293903074518,0.0789473684210526,0.3418331540284758,2,19,0,54.74750000576023,6.620400003157556,70.57470000290778,2.331900002900511
EngineeringROI_B10,JILONG_EI_0099,1190,B10,225;195;3;128;217;90;86;41;5;161;199;28;174;134;235;61;49;141;35,0.1,19,123,19,0.1419087073381779,21270.0,True,0.7381258023106547,0.0526315789473684,0.507177033492823,0.0789473684210526,0.3442204457929746,2,19,0,55.31730000802781,4.821099995751865,70.79460000386462,2.260299996123649
EngineeringROI_B10,JILONG_EI_0099,1200,B10,225;195;2;217;128;74;86;44;35;161;4;41;214;141;235;100;10;134;66,0.1,19,125,19,0.1402317158150255,21300.0,True,0.7587368421052633,0.0526315789473684,0.5170278637770898,0.0789473684210526,0.3518359133126935,2,19,0,56.72279999998864,4.713999995146878,72.47820000338834,2.820800000336021
EngineeringROI_B10,JILONG_EI_0099,1210,B10,225;195;2;217;74;128;86;44;219;41;199;161;13;4;35;157;206;134;155,0.1,19,125,19,0.1324057553736475,21330.0,True,0.7402105263157894,0.0526315789473684,0.5263157894736842,0.0789473684210526,0.3495263157894737,2,19,0,54.37060000258498,6.73829999868758,70.03100001020357,2.47059999674093
EngineeringROI_B10,JILONG_EI_0099,1220,B10,225;195;3;217;74;86;44;219;5;13;41;199;158;35;155;46;128;161;133,0.1,19,124,19,0.1488310833058939,21360.0,True,0.801358234295416,0.0526315789473684,0.4711042311661507,0.0789473684210526,0.3510103532074968,2,19,0,55.78080000123009,5.11749999714084,70.31979999737814,2.4754999903962016
EngineeringROI_B10,JILONG_EI_0099,1230,B10,225;195;217;3;57;128;86;90;28;35;161;199;156;135;46;60;158;66;121,0.1,19,123,19,0.1284238576931028,21390.0,True,0.7552417629439452,0.0526315789473684,0.5168421052631579,0.0789473684210526,0.350915703893881,2,19,0,54.429700001492165,5.088399993837811,69.7373000002699,2.227999997558072
EngineeringROI_B10,JILONG_EI_0099,1240,B10,225;195;217;58;86;128;44;3;161;46;219;91;199;89;141;51;155;174;5,0.1,19,124,19,0.1197555727423788,21390.0,True,0.7300509337860781,0.0526315789473684,0.5442105263157896,0.0789473684210526,0.3514601018675721,2,19,0,56.06199998874217,5.57680000201799,69.84639998700004,2.202400006353855
EngineeringROI_B10,JILONG_EI_0099,1250,B10,225;195;3;74;217;86;28;41;161;35;46;199;157;155;134;60;147;10;5,0.1,19,123,19,0.135905230835203,21390.0,True,0.7993153615746684,0.0526315789473684,0.456656346749226,0.0789473684210526,0.3468876639230788,2,19,0,54.17329999909271,5.395599990151823,70.51809999393299,2.230700003565289
EngineeringROI_B10,JILONG_EI_0099,1260,B10,225;195;217;2;74;86;44;161;41;135;199;46;128;156;219;13;4;158;35,0.1,19,125,19,0.1371610601036824,21390.0,True,0.7600000000000001,0.0526315789473684,0.520748987854251,0.0789473684210526,0.353081983805668,2,19,0,55.55340000137221,4.799200003617443,72.8884999989532,3.264400002080947
EngineeringROI_B10,JILONG_EI_0099,1270,B10,225;195;217;74;3;86;44;161;199;13;35;41;141;155;134;235;112;66;10,0.1,19,123,19,0.1332940248562305,21390.0,True,0.7659392383397519,0.0526315789473684,0.489013796627491,0.0789473684210526,0.346632995583916,2,19,0,55.04270001256373,4.802899988135323,72.07369999377988,3.010600004927255
EngineeringROI_B10,JILONG_EI_0099,1280,B10,225;195;217;3;57;86;90;161;28;60;46;199;156;135;35;174;66;5;25,0.1,19,123,19,0.1416789824719927,21390.0,True,0.7736414206247325,0.0526315789473684,0.4752631578947368,0.0789473684210526,0.3451208814719725,2,19,0,56.81449999974575,6.5619999950286,70.40729999425821,2.2456000006059185
EngineeringROI_B10,JILONG_EI_0099,1290,B10,225;195;217;2;57;86;192;90;44;161;219;199;35;141;4;134;46;25;174,0.1,19,125,19,0.1298940968366886,21390.0,True,0.7343157894736841,0.0526315789473684,0.5320479416362689,0.0789473684210526,0.3494856696195935,2,19,0,54.63679999229498,7.1383000031346455,70.20199998805765,2.2342999873217195
EngineeringROI_B10,JILONG_EI_0099,1300,B10,225;195;217;58;3;86;90;44;161;199;46;134;128;235;34;156;158;5;206,0.1,19,123,19,0.1215244542120054,21390.0,True,0.7222935387248609,0.0526315789473684,0.5263157894736842,0.0789473684210526,0.3450470688917415,2,19,0,54.75049999949988,4.662000006646849,70.77469999785535,2.396700001554564
EngineeringROI_B10,JILONG_EI_0099,1310,B10,225;195;2;58;218;86;46;28;156;216;161;128;91;34;134;214;66;60;4,0.1,19,125,19,0.1291436622738167,21390.0,True,0.7330526315789474,0.0526315789473684,0.543859649122807,0.0789473684210526,0.3521228070175438,2,19,0,54.583700009970926,4.820300004212186,71.28960000409279,2.231399994343519
EngineeringROI_B10,JILONG_EI_0099,1320,B10,225;195;3;217;57;86;128;28;91;161;34;199;219;157;61;134;10;66;155,0.1,19,124,19,0.1361272982058488,21390.0,True,0.7682512733446518,0.0526315789473684,0.4966785896780787,0.0789473684210526,0.3491272025977879,2,19,0,54.94489999546204,7.524200002080761,71.14620000356808,2.660400001332164
EngineeringROI_B10,JILONG_EI_0099,1330,B10,225;195;2;217;57;86;91;44;219;46;34;128;199;13;134;158;156;161;4,0.1,19,125,19,0.1208352796134496,21390.0,True,0.7233684210526315,0.0526315789473684,0.5581031787389265,0.0789473684210526,0.3532626367899947,2,19,0,55.483900010585785,5.61530000413768,70.24970000202302,2.2705999872414395
EngineeringROI_B10,JILONG_EI_0099,1340,B10,225;195;217;3;57;161;102;91;66;128;34;44;199;134;46;156;235;174;105,0.1,19,123,19,0.1130093191720715,21390.0,True,0.6842105263157896,0.0526315789473684,0.6049973418394471,0.0526315789473684,0.3486177565124933,1,19,0,54.41949999658391,4.746199992951006,70.28080000600312,2.288599993335083
EngineeringROI_B10,JILONG_EI_0099,1350,B10,225;195;217;3;57;86;135;44;161;90;199;219;35;174;49;133;155;112;46,0.1,19,124,19,0.1325742202755166,21390.0,True,0.7194397283531409,0.0526315789473684,0.5635300372142478,0.0789473684210526,0.3536371782339524,2,19,0,54.441500004031695,7.243899992317893,69.83380000747275,2.4618999887024984
EngineeringROI_B10,JILONG_EI_0099,1360,B10,225;195;217;3;57;86;90;161;35;60;199;112;157;28;155;135;49;229;235,0.1,19,123,19,0.1246104249144274,21390.0,True,0.7496790757381259,0.0526315789473684,0.5300372142477405,0.0789473684210526,0.3528238093385719,2,19,0,54.768100002547726,4.6910000091884285,71.58480001089629,2.69579999439884
EngineeringROI_B10,JILONG_EI_0099,1370,B10,225;195;217;57;3;86;90;161;44;128;199;34;155;141;46;5;174;88;135,0.1,19,123,19,0.1158272775306108,21390.0,True,0.7081728712023962,0.0526315789473684,0.5603715170278638,0.0789473684210526,0.3500308338996703,2,19,0,55.01699999149423,5.613700006506406,70.60080001247115,2.323799999430776
EngineeringROI_B10,JILONG_EI_0099,1380,B10,195;225;217;57;3;86;199;128;219;28;156;158;35;89;61;66;161;33;91,0.1,19,124,19,0.1404001807168947,21390.0,True,0.7466044142614601,0.0526315789473684,0.5033871808233455,0.0789473684210526,0.3453926356133067,2,19,0,56.4691000035964,5.562499994994141,71.59609999507666,2.8119000053266063
EngineeringROI_B10,JILONG_EI_0099,1390,B10,195;225;217;57;102;90;3;161;44;35;141;199;46;155;49;69;174;116;88,0.1,19,123,19,0.127719368103468,21390.0,True,0.7047496790757382,0.0526315789473684,0.5725677830940988,0.0526315789473684,0.3456451550161434,1,19,0,55.45220000203699,5.558799995924346,70.39560000703204,2.264499999000691
EngineeringROI_B10,JILONG_EI_0099,1400,B10,195;225;2;57;217;86;219;156;35;28;60;161;135;165;214;105;33;91;4,0.1,19,124,19,0.1266626337190158,21390.0,True,0.7033106960950763,0.0526315789473684,0.5406698564593301,0.0789473684210526,0.3438898749807069,2,19,0,54.07009999908041,5.34709999919869,69.60449999314733,2.309000003151596
EngineeringROI_B10,JILONG_EI_0099,1410,B10,195;225;3;217;57;86;35;44;33;161;229;219;157;155;105;13;135;66;46,0.1,19,123,19,0.1257054467765772,21390.0,True,0.6966195977749251,0.0526315789473684,0.5523602821486706,0.0789473684210526,0.3451397068230042,2,19,0,54.52099999820348,4.648000001907349,69.7375000017928,2.2581000084755942
EngineeringROI_B10,JILONG_EI_0099,1420,B10,195;225;217;41;3;74;86;44;35;156;33;235;105;13;158;72;177;112;66,0.1,19,122,19,0.1392592138815079,21390.0,True,0.682916307161346,0.0526315789473684,0.5571504518872941,0.0789473684210526,0.3429114266042652,2,19,0,54.67680000583641,5.55599998915568,70.09219999599736,2.308199997060001
EngineeringROI_B10,JILONG_EI_0099,1430,B10,195;225;3;218;57;86;90;44;216;156;34;13;10;206;174;177;112;46;121,0.1,19,122,19,0.1196943127780628,21390.0,True,0.6626402070750647,0.0526315789473684,0.5895800106326423,0.0789473684210526,0.3459497912690319,2,19,0,54.52649999642745,7.127600008971058,70.05360000766814,2.2388000070350245
EngineeringROI_B10,JILONG_EI_0099,1440,B10,195;225;2;217;58;219;86;44;165;13;156;56;66;105;35;177;112;135;46,0.1,19,124,19,0.1372912375278541,21390.0,True,0.7389643463497453,0.0526315789473684,0.5380116959064327,0.0789473684210526,0.3521387474061498,2,19,0,54.296099988278,5.597299998044036,69.80959999782499,2.249500001198612
EngineeringROI_B10,JILONG_EI_0109,10,B10,78;106;112;119;84;202;29;206;195;66;57;192;27;252;174;4;33;86;232,0.1,19,128,19,0.1029473700331569,,False,0.7092927631578947,0.0,0.7116704805491991,0.0701754385964912,0.3727846705758962,2,19,0,55.61929999385029,5.292200003168546,71.29030000942294,2.9159999976400286
EngineeringROI_B10,JILONG_EI_0109,20,B10,128;77;13;202;46;252;104;74;174;44;49;10;20;206;69;195;229;41;51,0.1,19,126,19,0.1137520962394039,,False,0.7046783625730995,0.0,0.6521739130434784,0.087719298245614,0.3611428934655479,2,19,0,54.25560000003316,4.702999998698942,70.04929998947773,2.4527000059606507
EngineeringROI_B10,JILONG_EI_0109,30,B10,86;77;74;29;119;105;49;128;84;252;195;219;201;27;158;177;206;25;56,0.1,19,125,19,0.1467941894923846,0.0,True,0.6943157894736842,0.0526315789473684,0.6588021778584392,0.0701754385964912,0.3689812462189958,2,19,0,54.31910000334028,4.688900007749908,69.52659999660682,2.290899996296502
EngineeringROI_B10,JILONG_EI_0109,40,B10,101;77;106;69;119;251;29;57;112;50;195;218;174;26;155;4;166;177;36,0.1,19,124,19,0.1214249067699918,1560.0,True,0.719439728353141,0.0526315789473684,0.6786213320912902,0.087719298245614,0.3846029844093533,2,19,0,55.70350000925828,4.706899999291636,70.7125999906566,2.240500005427748
EngineeringROI_B10,JILONG_EI_0109,50,B10,61;86;90;58;121;66;112;4;13;119;158;202;195;252;156;190;33;35;68,0.1,19,123,19,0.1039964469220696,1800.0,True,0.6298673513050921,0.0394736842105263,0.7307871448532836,0.0701754385964912,0.3675759047413482,2,19,0,54.88830000103917,7.349400009843521,70.24850000743754,2.206999997724779
EngineeringROI_B10,JILONG_EI_0109,60,B10,61;86;58;13;134;251;157;91;4;176;49;93;203;217;105;195;128;27;190,0.1,19,123,19,0.11038279820202,1800.0,True,0.6970474967907574,0.0394736842105263,0.6939058171745153,0.0701754385964912,0.3751506091930725,2,19,0,56.5502999961609,4.965499989339151,72.32590000785422,2.232899991213344
EngineeringROI_B10,JILONG_EI_0109,70,B10,195;60;13;46;218;157;33;104;57;91;232;128;66;10;252;3;70;94;192,0.1,19,124,19,0.086981491833281,14040.0,True,0.7283531409168083,0.0526315789473684,0.7030075187969926,0.0526315789473684,0.3841559544021343,1,19,0,54.85680000856519,4.796599998371676,70.67430000461172,2.255600003991276
EngineeringROI_B10,JILONG_EI_0109,80,B10,195;44;219;74;34;13;4;217;104;46;157;135;77;252;112;102;69;41;71,0.1,19,124,19,0.1354074936251349,14040.0,True,0.6723259762308998,0.0526315789473684,0.6746411483253588,0.087719298245614,0.3718295004373103,2,19,0,54.67219999991357,5.259300000034273,70.69200000842102,2.2664999996777624
EngineeringROI_B10,JILONG_EI_0109,90,B10,195;44;57;33;174;235;156;46;88;120;91;217;10;203;14;99;78;69;23,0.1,19,123,19,0.1039198719666745,14430.0,True,0.7107402652973898,0.0526315789473684,0.6086744639376217,0.087719298245614,0.3649414016069984,2,19,0,55.20319999777712,4.865800001425669,70.24079999246169,2.2581999946851283
EngineeringROI_B10,JILONG_EI_0109,100,B10,195;28;61;74;219;33;4;158;121;51;88;252;100;155;201;69;119;42;10,0.1,19,122,19,0.1098544310097939,14790.0,True,0.6268334771354617,0.0526315789473684,0.6644736842105262,0.087719298245614,0.3579145096347426,2,19,0,54.657699991366826,5.44409999565687,70.32319999416359,2.234100000350736
EngineeringROI_B10,JILONG_EI_0109,110,B10,195;28;58;60;202;235;91;4;120;50;155;88;158;69;190;192;134;229;10,0.1,19,123,19,0.0806870304998047,14790.0,True,0.6427043217800599,0.0526315789473684,0.6450989859971029,0.087719298245614,0.3570385462425363,2,19,0,54.17439999291673,4.7368999948957935,70.95200000912882,2.318600003491156
EngineeringROI_B10,JILONG_EI_0109,120,B10,195;27;29;90;4;104;61;252;57;217;33;156;219;186;213;174;66;133;135,0.1,19,121,19,0.1153984577803983,14790.0,True,0.6441931274467161,0.0526315789473684,0.780214424951267,0.0526315789473684,0.3824176775731799,1,19,0,54.20179999782704,4.908400005660951,70.35369999357499,2.6111000042874366
EngineeringROI_B10,JILONG_EI_0109,130,B10,195;27;217;235;74;29;104;61;4;106;186;174;50;156;86;176;40;32;112,0.1,19,120,19,0.1304377790199937,14790.0,True,0.6736842105263158,0.0526315789473684,0.6912280701754386,0.0701754385964912,0.3719298245614035,2,19,0,55.01989999902435,4.724499987787567,70.50440000602975,2.215099986642599
EngineeringROI_B10,JILONG_EI_0109,140,B10,195;27;202;57;90;104;13;61;174;69;4;192;155;49;232;213;25;94;133,0.1,19,121,19,0.1433253440129871,14790.0,True,0.6937799043062199,0.0526315789473684,0.6425024826216486,0.087719298245614,0.3691583160302127,2,19,0,55.14989999937825,6.608800002140924,69.93829998828005,2.3988000029930845
EngineeringROI_B10,JILONG_EI_0109,150,B10,195;27;219;29;106;217;74;4;104;60;69;170;50;174;229;177;112;78;156,0.1,19,120,19,0.1193344104877058,14790.0,True,0.6513157894736842,0.0526315789473684,0.6842105263157896,0.087719298245614,0.3689692982456141,2,19,0,55.62539999664296,5.177200000616722,69.52790000650566,2.4271000002045184
EngineeringROI_B10,JILONG_EI_0109,160,B10,195;26;217;219;106;57;4;29;186;60;156;174;69;88;50;119;78;101;24,0.1,19,121,19,0.1396420886584833,14790.0,True,0.6559373640713353,0.0526315789473684,0.6428206438426164,0.087719298245614,0.3597772212767335,2,19,0,55.57909999333788,4.876999999396503,70.55150000087451,2.804100004141219
EngineeringROI_B10,JILONG_EI_0109,170,B10,195;26;58;106;218;4;29;232;156;174;60;186;50;88;78;69;192;32;40,0.1,19,121,19,0.1291206897871982,14790.0,True,0.69769464984776,0.0526315789473684,0.6330827067669172,0.087719298245614,0.3677820584519149,2,19,0,55.24309999600519,4.907800001092255,70.03469999472145,2.9066999995848164
EngineeringROI_B10,JILONG_EI_0109,180,B10,195;26;57;90;201;121;29;233;235;50;69;88;20;156;61;174;135;229;55,0.1,19,121,19,0.1294729345820156,14790.0,True,0.6829056111352764,0.0526315789473684,0.6552631578947369,0.087719298245614,0.3696299115557488,2,19,0,54.88080000213813,4.687299995566718,70.07440000597853,3.424700000323355
EngineeringROI_B10,JILONG_EI_0109,190,B10,195;25;58;106;29;202;156;158;233;103;50;60;69;78;27;4;177;135;56,0.1,19,120,19,0.1543444800943403,14790.0,True,0.7162280701754387,0.0526315789473684,0.5757575757575757,0.087719298245614,0.3580841307814992,2,19,0,54.98050000460353,4.717899995739572,70.76560000132304,2.6692999963415787
EngineeringROI_B10,JILONG_EI_0109,200,B10,195;25;57;90;121;28;174;216;50;69;88;4;60;202;156;78;23;102;235,0.1,19,121,19,0.1319463056412769,14790.0,True,0.6924749891257068,0.0526315789473684,0.647419519672969,0.087719298245614,0.3700613464979144,2,19,0,54.78079999738839,4.75370000640396,70.19620000210125,2.3883999965619296
EngineeringROI_B10,JILONG_EI_0109,210,B10,195;41;10;90;157;201;29;50;232;120;78;60;219;4;88;155;69;23;55,0.1,19,122,19,0.1251081621244955,14790.0,True,0.6967213114754098,0.0526315789473684,0.6390977443609023,0.087719298245614,0.3690424832573236,2,19,0,54.56540000159293,4.738500007078983,70.43169999087695,2.6744999922811985
EngineeringROI_B10,JILONG_EI_0109,220,B10,195;57;90;232;50;201;24;10;219;78;28;104;174;60;69;155;20;176;135,0.1,19,123,19,0.114249833449472,14790.0,True,0.6961916987590929,0.0526315789473684,0.6397129186602871,0.087719298245614,0.3690638736530905,2,19,0,55.348399997456,6.808200007071719,70.3981999977259,2.6455999905010685
EngineeringROI_B10,JILONG_EI_0109,230,B10,195;40;74;232;49;29;106;78;202;104;69;235;174;10;51;155;60;4;99,0.1,19,123,19,0.1130399491542296,14790.0,True,0.6653829696191698,0.0526315789473684,0.6832535885167463,0.087719298245614,0.3722468588322247,2,19,0,54.81099999451544,4.889699994237162,71.98550000612158,3.013300010934472
EngineeringROI_B10,JILONG_EI_0109,240,B10,195;90;46;58;78;233;40;219;88;49;201;120;28;10;60;52;86;174;170,0.1,19,123,19,0.1510364420212725,14790.0,True,0.6927685066324346,0.0526315789473684,0.668276195074843,0.0701754385964912,0.3709629298127844,2,19,0,54.63450000388548,5.314900001394562,69.85549999808427,2.2682999988319352
EngineeringROI_B10,JILONG_EI_0109,250,B10,195;88;90;232;219;78;57;23;29;49;120;201;25;51;69;157;60;27;155,0.1,19,122,19,0.1390065165287041,14790.0,True,0.6824849007765316,0.0526315789473684,0.6461988304093568,0.087719298245614,0.3672586520947176,2,19,0,54.7497000079602,5.463900000904687,72.53970000601839,3.071400002227165
EngineeringROI_B10,JILONG_EI_0109,260,B10,195;88;232;106;78;74;29;219;24;66;35;10;69;120;201;60;157;4;192,0.1,19,122,19,0.1074346624193091,14790.0,True,0.6138912855910267,0.0526315789473684,0.6881091617933723,0.087719298245614,0.3605878311443454,2,19,0,54.83509998884984,4.7952000022633,70.01300000410993,2.50979998963885
EngineeringROI_B10,JILONG_EI_0109,270,B10,195;90;88;232;23;78;29;57;219;66;35;69;201;10;174;4;60;119;170,0.1,19,123,19,0.0988352949284407,14760.0,True,0.636285836542576,0.0526315789473684,0.6552390149686143,0.087719298245614,0.3579689321760431,2,19,0,55.00190000748262,4.855100007262081,71.98300000163727,2.60839999828022
EngineeringROI_B10,JILONG_EI_0109,280,B10,195;88;23;46;233;74;78;13;106;35;235;49;10;201;41;174;86;44;120,0.1,19,123,19,0.1314485684312089,14760.0,True,0.6234488660676081,0.0526315789473684,0.6554580896686161,0.0789473684210526,0.3526214757761612,2,19,0,55.07249999209307,4.736300004879013,70.54919999791309,3.213699994375929
EngineeringROI_B10,JILONG_EI_0109,290,B10,195;23;89;232;29;57;78;219;91;35;86;157;201;49;4;27;60;25;120,0.1,19,123,19,0.148034703769785,14760.0,True,0.654257595207531,0.0526315789473684,0.6339932399806857,0.0789473684210526,0.3549574456391594,2,19,0,54.63650000456255,4.769599996507168,70.82059999811463,2.2680000110995024
EngineeringROI_B10,JILONG_EI_0109,300,B10,195;23;90;232;46;58;78;88;218;86;66;174;35;13;10;60;135;186;156,0.1,19,123,19,0.1051220987663774,14760.0,True,0.6529738981600343,0.0526315789473684,0.6495969653864391,0.0789473684210526,0.3585374527287236,2,19,0,54.451799995149486,4.82039999042172,71.00550000905059,2.315099991392344
EngineeringROI_B10,JILONG_EI_0109,310,B10,195;23;90;46;217;88;58;78;86;13;174;66;35;10;235;120;44;186;206,0.1,19,123,19,0.1119449272920798,14760.0,True,0.646127513906718,0.0526315789473684,0.637687969924812,0.0789473684210526,0.3538486077999878,2,19,0,55.12570000428241,4.800700000487268,70.808999997098,2.2769999923184514
EngineeringROI_B10,JILONG_EI_0109,320,B10,195;23;217;57;46;90;88;78;86;174;219;26;172;13;60;120;51;186;192,0.1,19,123,19,0.1181015537058449,14760.0,True,0.6392811296534019,0.0526315789473684,0.6386913229018492,0.0789473684210526,0.352387849980918,2,19,0,56.544899998698384,4.785700002685189,70.68790000630543,3.016999995452352
EngineeringROI_B10,JILONG_EI_0109,330,B10,195;23;46;217;57;105;78;219;86;13;91;34;25;119;44;158;192;66;155,0.1,19,123,19,0.1332404223874539,14760.0,True,0.6178861788617886,0.0526315789473684,0.6617224880382776,0.0789473684210526,0.3527969035671218,2,19,0,54.38180000055581,4.911799987894483,71.94490000256337,2.3308999952860177
EngineeringROI_B10,JILONG_EI_0109,340,B10,195;23;217;57;90;119;46;88;13;86;174;34;78;219;172;60;26;176;170,0.1,19,123,19,0.1201537625104333,14760.0,True,0.6790757381258024,0.0526315789473684,0.6239234449760765,0.0789473684210526,0.358644532617575,2,19,0,54.82340000162367,5.002999998396263,70.89370000176132,2.264900002046488
EngineeringROI_B10,JILONG_EI_0109,350,B10,195;46;23;217;89;58;119;13;78;86;34;219;60;158;66;91;156;27;176,0.1,19,123,19,0.1246410548965855,14760.0,True,0.660676080445015,0.0526315789473684,0.6227250368912935,0.0789473684210526,0.3537450161761824,2,19,0,54.40989999624435,5.070399987744168,70.4291000001831,2.2867999941809103
EngineeringROI_B10,JILONG_EI_0109,360,B10,195;29;217;24;119;90;57;61;86;34;93;219;174;176;88;66;27;156;3,0.1,19,122,19,0.1228262284537219,14760.0,True,0.680327868852459,0.0526315789473684,0.6228070175438598,0.0789473684210526,0.3586784584411849,2,19,0,54.41080000309739,5.450099997688085,70.16360000125133,2.2401000023819506
EngineeringROI_B10,JILONG_EI_0109,370,B10,195;46;217;23;90;58;13;78;251;119;86;34;72;60;219;158;25;66;27,0.1,19,122,19,0.1338759945172332,14760.0,True,0.7269197584124245,0.0526315789473684,0.6128873585833743,0.0789473684210526,0.3678465160910549,2,19,0,56.33300000044983,4.837599990423769,69.7303000051761,2.5966999965021387
EngineeringROI_B10,JILONG_EI_0109,380,B10,195;46;74;218;13;34;23;105;78;232;86;41;174;135;60;172;176;200;72,0.1,19,122,19,0.1091805714023171,14760.0,True,0.6954270923209664,0.0526315789473684,0.6301032956222331,0.0789473684210526,0.3642773338279051,2,19,0,54.95979999250267,4.729100008262321,71.17290000314824,2.27870000526309
EngineeringROI_B10,JILONG_EI_0109,390,B10,195;29;218;74;34;86;78;104;23;158;41;232;60;200;135;176;72;27;66,0.1,19,122,19,0.1386006692651101,14760.0,True,0.7286453839516825,0.0526315789473684,0.5445154943433349,0.0789473684210526,0.3511849564158596,2,19,0,55.01070000173058,6.114699994213879,70.63040000502951,2.3015999904600903
EngineeringROI_B10,JILONG_EI_0109,400,B10,195;46;217;13;34;104;86;78;74;23;235;174;60;41;135;176;156;27;72,0.1,19,122,19,0.1333093398473095,14760.0,True,0.6937014667817085,0.0526315789473684,0.588206627680312,0.0789473684210526,0.3533717604576103,2,19,0,61.48129999928642,7.463400004780851,78.78840000194032,2.6717000000644475
EngineeringROI_B10,JILONG_EI_0109,410,B10,195;29;217;34;88;78;86;174;57;60;24;120;90;235;176;171;3;27;66,0.1,19,123,19,0.1308665987702062,14910.0,True,0.6640992725716731,0.0526315789473684,0.6021245774987929,0.0789473684210526,0.3494506993597217,2,19,0,55.23570001241751,4.871899989666417,70.61439999961294,2.2743000008631498
EngineeringROI_B10,JILONG_EI_0109,420,B10,195;46;13;217;86;49;105;60;58;158;78;35;119;192;91;235;23;156;4,0.1,19,123,19,0.1054283985879578,14970.0,True,0.5960633290543431,0.0526315789473684,0.6799043062200957,0.0789473684210526,0.351886645660715,2,19,0,54.39180000394117,5.400900001404807,70.08999999379739,2.305000001797453
EngineeringROI_B10,JILONG_EI_0109,430,B10,195;46;13;217;86;34;74;78;88;174;120;60;41;66;177;134;27;3;235,0.1,19,123,19,0.134595799097947,14970.0,True,0.6448438168592212,0.0526315789473684,0.6223196881091619,0.0789473684210526,0.349685613084201,2,19,0,56.360899994615465,5.372999992687255,70.18450000032317,2.402099999017082
EngineeringROI_B10,JILONG_EI_0109,440,B10,195;217;29;86;49;176;104;74;93;60;158;35;135;41;235;156;84;27;3,0.1,19,123,19,0.1218001240514277,14970.0,True,0.6444159178433889,0.0526315789473684,0.6158386620757501,0.0789473684210526,0.34795838182189,2,19,0,55.01740000909194,5.876399998669513,70.07440000597853,2.38540000282228
EngineeringROI_B10,JILONG_EI_0109,450,B10,195;46;219;232;78;13;86;104;35;174;58;90;201;44;33;84;135;24;66,0.1,19,124,19,0.1264865113216071,15060.0,True,0.6515280135823429,0.0526315789473684,0.6603313840155945,0.0789473684210526,0.3608595862415896,2,19,0,56.41940000350587,4.977599994163029,70.3291999961948,2.331600000616163
EngineeringROI_B10,JILONG_EI_0109,460,B10,195;29;232;218;86;35;60;78;174;84;49;119;58;88;90;177;27;171;206,0.1,19,124,19,0.1228109134626429,15120.0,True,0.6744482173174873,0.0526315789473684,0.6198830409356725,0.0789473684210526,0.3564775514053952,2,19,0,56.90049999975599,5.215700002736412,70.67580000148155,2.670899993972853
EngineeringROI_B10,JILONG_EI_0109,470,B10,195;29;218;90;58;86;35;84;78;119;60;33;88;232;174;23;27;172;3,0.1,19,124,19,0.1143034359182485,15120.0,True,0.7058573853989812,0.0526315789473684,0.5935672514619882,0.0789473684210526,0.3577508960573476,2,19,0,55.13449999853037,4.952199989929795,70.63930000003893,2.5138000055449083
EngineeringROI_B10,JILONG_EI_0109,480,B10,195;29;218;58;86;35;119;60;78;84;33;90;158;216;156;27;3;24;66,0.1,19,124,19,0.1413343951727148,15150.0,True,0.6880305602716469,0.0526315789473684,0.5750122970978847,0.0789473684210526,0.3486554511844882,2,19,0,54.33300000731833,4.9173999868799,70.20470000861678,2.2369999933289364
EngineeringROI_B10,JILONG_EI_0109,490,B10,195;29;217;86;35;74;41;84;219;78;60;119;174;49;3;88;27;23;171,0.1,19,124,19,0.1336539271465874,15150.0,True,0.6973684210526315,0.0526315789473684,0.5978152929493545,0.0789473684210526,0.3566906653426018,2,19,0,54.15250000078231,5.970799989881925,69.9663999985205,2.3278000007849187
EngineeringROI_B10,JILONG_EI_0109,500,B10,195;29;217;86;119;74;78;34;174;41;60;3;88;23;68;106;27;235;156,0.1,19,123,19,0.141954652311415,15150.0,True,0.670517757809157,0.0526315789473684,0.5764879488440728,0.0789473684210526,0.3446461635054127,2,19,0,55.03899999894202,4.994100003386848,71.28440000815317,2.2431999968830496
EngineeringROI_B10,JILONG_EI_0109,510,B10,195;90;29;217;84;86;78;60;174;23;51;135;49;104;3;41;27;213;156,0.1,19,123,19,0.1473455291712292,15150.0,True,0.7115960633290543,0.0526315789473684,0.5818986719134284,0.0789473684210526,0.3562684206527259,2,19,0,55.3935000061756,4.791599989403039,72.76959999580868,2.4225000088335946
EngineeringROI_B10,JILONG_EI_0109,520,B10,195;90;29;84;217;86;23;78;174;51;58;49;104;60;27;3;135;171;56,0.1,19,123,19,0.1392056114127313,15150.0,True,0.7347026101839966,0.0526315789473684,0.5428849902534113,0.0789473684210526,0.3522916369514572,2,19,0,56.92270000872668,5.131899990374222,74.49019998603035,2.409699998679571
EngineeringROI_B10,JILONG_EI_0109,530,B10,195;90;29;84;78;218;86;41;35;23;232;60;158;206;3;120;27;49;88,0.1,19,123,19,0.13376878957968,15150.0,True,0.7094565682498931,0.0526315789473684,0.602284011916584,0.0789473684210526,0.3608298818837245,2,19,0,55.86729999049567,5.525899992790073,71.64959999499843,2.435500005958602
EngineeringROI_B10,JILONG_EI_0109,540,B10,195;84;90;29;174;23;86;78;35;217;3;60;57;49;27;206;120;156;177,0.1,19,124,19,0.1263180464197379,15150.0,True,0.6943972835314093,0.0526315789473684,0.5897688145597639,0.0789473684210526,0.3539362613648985,2,19,0,56.173500008299015,5.426600007922389,71.95599999977276,2.380799996899441
EngineeringROI_B10,JILONG_EI_0109,550,B10,195;90;84;29;78;23;86;218;60;35;174;216;57;3;66;27;33;121;135,0.1,19,125,19,0.1232780206905529,15150.0,True,0.6930526315789474,0.0526315789473684,0.6069847515986228,0.0789473684210526,0.3579040826364977,2,19,0,55.95629999879748,4.9334999930579215,71.75240000651684,2.6829999987967312
EngineeringROI_B10,JILONG_EI_0109,560,B10,195;90;84;29;86;217;78;23;174;34;60;3;57;27;213;135;235;55;156,0.1,19,125,19,0.145009993031679,15150.0,True,0.704421052631579,0.0526315789473684,0.5464830300049188,0.0789473684210526,0.3456207575012297,2,19,0,55.3766000084579,5.332400003680959,70.93970000278205,2.330600007553585
EngineeringROI_B10,JILONG_EI_0109,570,B10,195;90;29;84;78;86;174;23;217;41;34;3;27;60;134;156;55;120;219,0.1,19,125,19,0.1493671079936596,15150.0,True,0.6972631578947368,0.0526315789473684,0.5470787059391599,0.0789473684210526,0.3439802028005794,2,19,0,54.59510000946466,4.910500007099472,70.86360000539571,2.464100005454384
EngineeringROI_B10,JILONG_EI_0109,580,B10,195;29;90;84;78;86;218;174;58;35;60;216;23;3;49;134;27;104;25,0.1,19,125,19,0.1387002167071237,15150.0,True,0.7330526315789474,0.0526315789473684,0.557701593433124,0.0789473684210526,0.3555832930951231,2,19,0,54.8413999931654,5.852700007380918,72.26630000513978,3.155400001560338
EngineeringROI_B10,JILONG_EI_0109,590,B10,195;90;29;84;218;86;78;174;58;35;49;60;3;24;104;27;216;156;55,0.1,19,124,19,0.1532494582321905,15150.0,True,0.7567911714770797,0.0526315789473684,0.5199805068226121,0.0789473684210526,0.3520876564170282,2,19,0,54.49899999075569,4.932199997710995,70.08560000394937,2.274700003908947
EngineeringROI_B10,JILONG_EI_0109,600,B10,195;90;29;86;218;83;78;174;41;51;60;3;27;33;134;156;232;55;104,0.1,19,126,19,0.1554701319386481,15150.0,True,0.7030075187969925,0.0526315789473684,0.5243482538121004,0.0789473684210526,0.3397336799943784,2,19,0,54.44819999684114,5.375199994887225,69.9970999994548,3.041799995116889
EngineeringROI_B10,JILONG_EI_0109,610,B10,195;29;74;84;78;86;106;218;60;174;35;41;3;49;27;134;165;55;171,0.1,19,125,19,0.1548345598088689,15150.0,True,0.7195789473684211,0.0526315789473684,0.528775209050664,0.0789473684210526,0.3449832759468765,2,19,0,54.09790000703652,4.702899997937493,70.32579999940936,2.228600002126768
EngineeringROI_B10,JILONG_EI_0109,620,B10,195;90;29;84;218;78;86;57;60;51;20;158;49;206;165;27;134;156;25,0.1,19,125,19,0.154114755228155,15150.0,True,0.6863157894736842,0.0526315789473684,0.5536062378167642,0.0789473684210526,0.3428752436647173,2,19,0,54.59369999880437,4.7378000017488375,71.14359999832232,2.2370999940903857
EngineeringROI_B10,JILONG_EI_0109,630,B10,195;84;90;29;78;86;217;58;174;3;60;35;27;88;25;66;134;33;165,0.1,19,124,19,0.1396420886584833,15150.0,True,0.7096774193548387,0.0526315789473684,0.5355750487329436,0.0789473684210526,0.3442078538640508,2,19,0,54.22990000806749,5.603600002359599,69.86510001297574,2.5633000041125342
EngineeringROI_B10,JILONG_EI_0109,640,B10,195;90;29;83;174;86;218;57;78;3;35;60;49;134;156;216;25;206;27,0.1,19,125,19,0.1451401704558507,15150.0,True,0.7381052631578947,0.0526315789473684,0.5224171539961013,0.0789473684210526,0.3480253411306043,2,19,0,55.14849998871796,4.778000002261251,70.24559999990743,2.280500004417263
EngineeringROI_B10,JILONG_EI_0109,650,B10,195;90;84;29;58;86;218;78;35;3;60;174;49;206;27;134;156;216;24,0.1,19,126,19,0.135859285861966,15150.0,True,0.7451963241436925,0.0526315789473684,0.5229357798165136,0.0789473684210526,0.3499277628321568,2,19,0,54.14570000721142,5.094200008898042,70.31439999991562,2.3071000032359734
EngineeringROI_B10,JILONG_EI_0109,660,B10,195;90;84;44;86;41;217;13;78;174;35;46;49;134;219;171;3;213;88,0.1,19,125,19,0.1334395172714811,15150.0,True,0.5983157894736842,0.0526315789473684,0.6369896704377767,0.0789473684210526,0.3417211018199705,2,19,0,55.13149999023881,4.790999999386258,70.37940000009257,2.454099987517111
EngineeringROI_B10,JILONG_EI_0109,670,B10,195;84;29;74;60;86;218;106;174;78;35;3;27;41;134;216;156;165;213,0.1,19,126,19,0.1489995482077631,15150.0,True,0.7109440267335004,0.0526315789473684,0.551142005958292,0.0789473684210526,0.3484162450150534,2,19,0,54.41979999886826,4.825099997106008,70.02379999903496,2.277499996125698
EngineeringROI_B10,JILONG_EI_0109,680,B10,195;84;29;74;86;218;78;106;60;41;27;157;50;165;3;120;134;213;55,0.1,19,126,19,0.1594137421414952,15150.0,True,0.6779448621553885,0.0526315789473684,0.5433723196881092,0.0789473684210526,0.3382240323029797,2,19,0,53.93239999830257,4.809100006241351,70.62610000139102,2.217799992649816
EngineeringROI_B10,JILONG_EI_0109,690,B10,195;29;86;91;58;218;78;3;35;174;60;66;105;206;27;24;68;156;55,0.1,19,126,19,0.1615272109103996,15150.0,True,0.7230576441102757,0.0526315789473684,0.4795868175110673,0.0789473684210526,0.333555852247441,2,19,0,54.49930000759196,5.403300005127676,70.00629999674857,2.241499998490326
EngineeringROI_B10,JILONG_EI_0109,700,B10,195;29;218;86;58;35;90;61;158;27;121;55;165;49;156;94;25;134;88,0.1,19,124,19,0.1699351410127803,15150.0,True,0.6960950764006791,0.0526315789473684,0.4795868175110673,0.0789473684210526,0.3268152103200419,2,19,0,54.89369999850169,5.610299995169044,69.7511000034865,2.267399991978891
EngineeringROI_B10,JILONG_EI_0109,710,B10,195;84;60;218;86;78;57;29;90;174;35;3;27;165;25;156;49;55;116,0.1,19,124,19,0.1741008185862732,15150.0,True,0.7771646859083192,0.0526315789473684,0.4521303258145363,0.0789473684210526,0.3402184897728192,2,19,0,54.162900007213466,5.369100006646477,71.4702999975998,2.352800001972355
EngineeringROI_B10,JILONG_EI_0109,720,B10,195;90;218;29;86;58;35;60;3;78;157;66;165;177;25;27;5;55;134,0.1,19,125,19,0.1680131096323636,15150.0,True,0.7132631578947367,0.0526315789473684,0.4857142857142857,0.0789473684210526,0.3326390977443609,2,19,0,55.9925999987172,6.552699996973388,71.28990000637714,2.272800003993325
EngineeringROI_B10,JILONG_EI_0109,730,B10,195;90;218;29;86;41;78;174;35;60;156;121;3;27;165;116;49;134;216,0.1,19,126,19,0.1570628910108659,15150.0,True,0.7142857142857143,0.0526315789473684,0.4805068226120859,0.0789473684210526,0.3315928710665553,2,19,0,54.70050001167692,5.068099999334663,70.88079999084584,2.360200000111945
EngineeringROI_B10,JILONG_EI_0109,740,B10,195;90;218;86;58;44;78;13;35;46;3;25;157;5;166;216;161;55;213,0.1,19,126,19,0.1654555061221677,15150.0,True,0.6482873851294905,0.0526315789473684,0.5570175438596492,0.0789473684210526,0.3342209690893901,2,19,0,55.63519999850541,4.938700003549457,72.05050000629853,2.9172000067774206
EngineeringROI_B10,JILONG_EI_0109,750,B10,195;84;90;218;86;29;60;57;3;27;51;78;166;156;216;158;5;213;55,0.1,19,126,19,0.1572160409216561,15150.0,True,0.6825396825396827,0.0526315789473684,0.5238563698967044,0.0789473684210526,0.334493749951202,2,19,0,54.99090001103468,4.806600001757033,70.78910000564065,2.3127000022213906
EngineeringROI_B10,JILONG_EI_0109,760,B10,195;84;90;58;218;86;29;174;61;206;50;88;3;5;156;93;27;25;165,0.1,19,126,19,0.131180556087326,15150.0,True,0.6984126984126985,0.0526315789473684,0.5327102803738317,0.0789473684210526,0.3406754815387378,2,19,0,54.499200006830506,5.69819999509491,70.19349999609403,2.2696000087307766
EngineeringROI_B10,JILONG_EI_0109,770,B10,195;84;58;60;86;218;29;90;78;3;35;156;27;5;66;116;55;213;158,0.1,19,126,19,0.1658919833679197,15150.0,True,0.7326649958228906,0.0526315789473684,0.487090367428004,0.0789473684210526,0.3378335776548289,2,19,0,56.67920000269078,4.70109999878332,70.36209999932908,2.272500001708977
EngineeringROI_B10,JILONG_EI_0109,780,B10,195;90;84;86;29;41;217;206;61;3;27;35;174;235;156;93;161;49;117,0.1,19,126,19,0.1495279153999892,15150.0,True,0.6979949874686717,0.0526315789473684,0.5248401377274964,0.0789473684210526,0.3386035181411472,2,19,0,54.34780000359751,4.808600002434105,70.9054000035394,2.3292999976547435
EngineeringROI_B10,JILONG_EI_0109,790,B10,195;84;90;60;217;86;78;29;57;35;27;120;174;128;4;165;49;161;219,0.1,19,126,19,0.1218307540335857,15150.0,True,0.6411862990810361,0.0526315789473684,0.6064928676832267,0.0789473684210526,0.3448145285331709,2,19,0,55.092000009608455,7.513100004871376,70.96100000489969,2.234700004919432
EngineeringROI_B10,JILONG_EI_0109,800,B10,195;74;218;86;44;13;41;35;46;3;78;105;232;100;156;161;174;199;55,0.1,19,126,19,0.1539156603441278,15150.0,True,0.6804511278195488,0.0526315789473684,0.5477582846003898,0.0789473684210526,0.3399470899470899,2,19,0,55.056500001228414,4.804500000318512,70.94440000946634,2.249999990453944
EngineeringROI_B10,JILONG_EI_0109,810,B10,195;74;86;13;44;217;35;219;41;105;78;99;157;3;46;177;66;134;171,0.1,19,126,19,0.1407753979983306,15150.0,True,0.5931495405179616,0.0526315789473684,0.6002979145978152,0.0789473684210526,0.3312566006210495,2,19,0,55.3341999911936,4.726999992271885,70.06369999726303,2.579599997261539
EngineeringROI_B10,JILONG_EI_0109,820,B10,195;58;90;60;13;217;86;83;3;35;174;121;78;206;156;27;116;134;46,0.1,19,124,19,0.1324517003468845,15150.0,True,0.704584040747029,0.0526315789473684,0.5774717166748647,0.0789473684210526,0.3534086761975786,2,19,0,54.14700000255834,4.7765999916009605,70.26279999990948,2.214899999671616
EngineeringROI_B10,JILONG_EI_0109,830,B10,195;84;74;13;217;86;3;35;61;41;105;165;161;27;156;93;116;235;213,0.1,19,123,19,0.1513810293205504,15150.0,True,0.680359435173299,0.0526315789473684,0.5466732869910625,0.0789473684210526,0.3396529173831957,2,19,0,53.89460000151303,5.380700007663108,70.01779999700375,2.239599998574704
EngineeringROI_B10,JILONG_EI_0109,840,B10,195;84;13;90;218;58;86;60;35;3;165;78;232;156;46;120;27;88;161,0.1,19,125,19,0.1251464496021931,15150.0,True,0.7073684210526314,0.0526315789473684,0.558288243974422,0.0789473684210526,0.3493089030988686,2,19,0,54.10480000136886,5.420200002845377,69.99089999590069,2.219300004071556
EngineeringROI_B10,JILONG_EI_0109,850,B10,195;84;58;13;90;86;218;44;35;3;174;232;165;161;156;77;199;104;116,0.1,19,126,19,0.1280256679250484,15150.0,True,0.7126148705096074,0.0526315789473684,0.5555023923444975,0.0789473684210526,0.3499240525556316,2,19,0,55.53089999011718,5.585099992458709,70.88539999676868,2.7827000012621284
EngineeringROI_B10,JILONG_EI_0109,860,B10,195;84;58;13;86;217;90;60;3;35;78;158;206;104;27;134;46;165;219,0.1,19,126,19,0.1190740556393625,15150.0,True,0.619047619047619,0.0526315789473684,0.6158386620757502,0.0789473684210526,0.3416163071229475,2,19,0,55.120900011388585,4.799899994395673,70.86310000158846,2.2548999986611307
EngineeringROI_B10,JILONG_EI_0109,870,B10,195;58;13;217;102;3;83;90;44;35;71;128;161;77;120;157;25;155;116,0.1,19,124,19,0.1544823150140515,15150.0,True,0.6829371816638371,0.0526315789473684,0.5839598997493735,0.0526315789473684,0.3430400598269869,1,19,0,55.08089999784716,7.5813000003108755,70.43290000001434,2.2510999988298863
EngineeringROI_B10,JILONG_EI_0109,880,B10,195;58;13;90;218;60;86;83;3;35;174;232;78;117;161;46;155;27;128,0.1,19,125,19,0.1366097204248378,15150.0,True,0.7124210526315791,0.0526315789473684,0.5516194331983805,0.0789473684210526,0.3489048582995952,2,19,0,54.7699000017019,4.782499992870726,70.15549999778159,2.2437000006902963
EngineeringROI_B10,JILONG_EI_0109,890,B10,195;74;13;35;86;217;3;83;41;46;44;161;77;105;128;158;165;156;116,0.1,19,126,19,0.1485937009441692,15150.0,True,0.6695906432748537,0.0526315789473684,0.5824561403508772,0.0789473684210526,0.345906432748538,2,19,0,54.61269999796059,4.67449999996461,72.14029999158811,2.3483000113628805
EngineeringROI_B10,JILONG_EI_0109,900,B10,195;13;90;217;58;86;206;3;174;60;100;35;161;165;46;78;235;27;120,0.1,19,126,19,0.123385225628106,15150.0,True,0.6975772765246449,0.0526315789473684,0.5585079202861521,0.0789473684210526,0.3469160360448046,2,19,0,55.86560000665486,5.316499999025837,71.18629998876713,2.2478000028058887
EngineeringROI_B10,JILONG_EI_0109,910,B10,195;13;58;90;218;86;232;3;44;77;161;99;51;5;158;156;46;164;117,0.1,19,126,19,0.1624920553483777,15150.0,True,0.6817042606516291,0.0526315789473684,0.5629072681704261,0.0789473684210526,0.344047619047619,2,19,0,56.77100000320934,4.884499998297542,71.02439999289345,2.256799998576753
EngineeringROI_B10,JILONG_EI_0109,920,B10,195;13;58;232;86;90;174;3;60;218;35;46;99;78;128;165;161;120;156,0.1,19,126,19,0.1075571823479412,15150.0,True,0.702172096908939,0.0526315789473684,0.5366357069143447,0.0789473684210526,0.3425966877979262,2,19,0,56.65149999549613,4.754299996420741,71.17060000018682,2.367900000535883
EngineeringROI_B10,JILONG_EI_0109,930,B10,195;13;58;86;217;3;90;128;35;44;77;206;46;174;116;156;121;165;134,0.1,19,126,19,0.1258739116784464,15150.0,True,0.672514619883041,0.0526315789473684,0.5799595141700404,0.0789473684210526,0.3460132703553756,2,19,0,54.45869998948183,5.073599997558631,70.37289999425411,2.2735999955330044
EngineeringROI_B10,JILONG_EI_0109,940,B10,195;13;58;217;119;86;3;90;44;77;165;35;161;46;100;157;170;25;5,0.1,19,125,19,0.1446807207234801,15150.0,True,0.6917894736842104,0.0526315789473684,0.5511133603238867,0.0789473684210526,0.3436204453441296,2,19,0,54.16840000543744,5.404399998951703,69.94789998861961,2.2724999871570617
EngineeringROI_B10,JILONG_EI_0109,950,B10,195;13;58;217;86;60;3;91;35;89;161;78;165;46;134;25;100;27;158,0.1,19,125,19,0.1495202579044497,15150.0,True,0.6867368421052632,0.0526315789473684,0.5452222789984671,0.0789473684210526,0.3408845171180378,2,19,0,54.64070000743959,4.74549998762086,69.79290000163019,2.700700002606027
EngineeringROI_B10,JILONG_EI_0109,960,B10,195;13;58;232;102;3;218;44;128;91;35;71;134;161;46;116;174;25;120,0.1,19,125,19,0.1305373264620073,15150.0,True,0.6871578947368421,0.0526315789473684,0.5917220235053653,0.0526315789473684,0.3460357690342361,1,19,0,54.53680000209715,4.790099992533214,70.2070000115782,3.065199998673052
EngineeringROI_B10,JILONG_EI_0109,970,B10,195;13;74;232;86;3;41;61;35;201;134;120;161;27;165;100;128;157;206,0.1,19,126,19,0.1399254159934451,15150.0,True,0.6716791979949874,0.0526315789473684,0.5642712550607287,0.0789473684210526,0.3418823501060343,2,19,0,55.605200002901256,4.861699999310076,72.50870000279974,3.0310000001918525
EngineeringROI_B10,JILONG_EI_0109,980,B10,195;13;232;57;86;3;44;201;35;134;46;66;120;165;91;161;116;156;158,0.1,19,125,19,0.1272139733978605,15150.0,True,0.6353684210526316,0.0526315789473684,0.5945805106826473,0.0789473684210526,0.340381969775925,2,19,0,56.55010000918992,5.287600011797622,72.61079999443609,2.6772999990498647
EngineeringROI_B10,JILONG_EI_0109,990,B10,195;13;58;217;86;3;44;134;161;50;91;121;5;99;52;155;24;88;235,0.1,19,124,19,0.1083305893974316,15150.0,True,0.562818336162988,0.0526315789473684,0.6531578947368422,0.0789473684210526,0.3368887945670628,2,19,0,56.35289999190718,4.987300009815954,72.80100000207312,3.0987999925855547
EngineeringROI_B10,JILONG_EI_0109,1000,B10,195;13;217;3;102;57;60;134;35;71;46;116;120;91;161;174;155;219;213,0.1,19,125,19,0.1061482031686716,15150.0,True,0.6298947368421054,0.0526315789473684,0.6194736842105263,0.0526315789473684,0.3386578947368421,1,19,0,56.78480000642594,5.830299996887334,70.40949999645818,2.2430999961216003
EngineeringROI_B10,JILONG_EI_0109,1010,B10,195;13;217;57;90;35;3;86;119;44;161;77;128;99;219;133;157;121;25,0.1,19,125,19,0.1475216515686379,15150.0,True,0.6576842105263158,0.0526315789473684,0.5968421052631578,0.0789473684210526,0.3465263157894737,2,19,0,54.98859999352135,5.521600003703497,71.74640000448562,2.96469999011606
EngineeringROI_B10,JILONG_EI_0109,1020,B10,195;217;57;3;86;90;29;128;35;77;161;134;235;120;157;99;27;214;206,0.1,19,125,19,0.1206361847294223,15150.0,True,0.6273684210526316,0.0526315789473684,0.594896331738437,0.0789473684210526,0.3384609250398724,2,19,0,54.47079999430571,4.76560000970494,70.42089999595191,2.679900004295632
EngineeringROI_B10,JILONG_EI_0109,1030,B10,195;217;57;3;35;86;46;128;60;120;134;28;156;99;235;206;161;14;158,0.1,19,125,19,0.1027176451669717,15150.0,True,0.6294736842105263,0.0526315789473684,0.6004296455424276,0.0789473684210526,0.3403705692803437,2,19,0,54.15870000433642,5.333300010534003,70.24980000278447,2.234100000350736
EngineeringROI_B10,JILONG_EI_0109,1040,B10,195;232;74;218;3;86;35;120;128;28;41;77;161;14;134;66;174;206;99,0.1,19,125,19,0.1177799388931856,15150.0,True,0.6951578947368422,0.0526315789473684,0.6052631578947368,0.0789473684210526,0.358,2,19,0,54.26469999656547,4.66259999666363,71.77239999873564,3.1487999949604277
EngineeringROI_B10,JILONG_EI_0109,1050,B10,195;58;13;232;3;86;35;120;44;128;77;165;161;218;46;134;116;251;25,0.1,19,125,19,0.1412425052262407,15150.0,True,0.7221052631578948,0.0526315789473684,0.5652631578947368,0.0789473684210526,0.3547368421052632,2,19,0,54.19260000053328,5.034499990870245,70.09699998889118,2.243599999928847
EngineeringROI_B10,JILONG_EI_0109,1060,B10,195;232;57;86;120;3;218;161;35;60;174;14;206;128;251;91;28;99;46,0.1,19,124,19,0.0900904350223216,15150.0,True,0.66553480475382,0.0526315789473684,0.6105263157894737,0.0789473684210526,0.3519100169779287,2,19,0,55.41159999847878,4.686699990998022,71.2822000059532,3.569499996956438
EngineeringROI_B10,JILONG_EI_0109,1070,B10,195;13;217;74;86;119;35;3;235;128;41;61;161;99;94;105;117;165;158,0.1,19,123,19,0.139787581073734,15150.0,True,0.7038938810440736,0.0526315789473684,0.5236305048335123,0.0789473684210526,0.3397758333115017,2,19,0,54.18019999342505,4.74190000386443,69.6652000042377,2.2558000055141747
EngineeringROI_B10,JILONG_EI_0109,1080,B10,195;74;217;86;35;3;14;235;44;120;128;161;134;99;41;66;157;77;88,0.1,19,123,19,0.1340521169146419,15150.0,True,0.6401369276850662,0.0526315789473684,0.5805263157894737,0.0789473684210526,0.3380605477107403,2,19,0,54.2113999981666,5.315499991411343,69.92429999809247,2.2564000100828707
EngineeringROI_B10,JILONG_EI_0109,1090,B10,195;74;217;86;120;44;3;46;128;77;14;134;35;99;161;41;66;155;174,0.1,19,123,19,0.1299170693233071,15150.0,True,0.6897732135216089,0.0526315789473684,0.5405263157894737,0.0789473684210526,0.3404696191698759,2,19,0,56.831299996702,4.736800008686259,71.2923000101,3.329600003780797
EngineeringROI_B10,JILONG_EI_0109,1100,B10,195;74;217;13;86;120;3;161;35;60;5;128;46;25;134;94;116;156;235,0.1,19,124,19,0.1269612760450567,15150.0,True,0.7342954159592529,0.0526315789473684,0.5242518059855521,0.0789473684210526,0.3475315423283066,2,19,0,54.42269999184646,4.70560000394471,72.15410000935663,3.102700007730164
EngineeringROI_B10,JILONG_EI_0109,1110,B10,195;74;13;217;3;86;120;35;161;128;174;61;27;94;206;41;133;165;99,0.1,19,124,19,0.1538390853887327,15150.0,True,0.7707979626485569,0.0526315789473684,0.4731631057842625,0.0789473684210526,0.3438850039503101,2,19,0,54.77379998774268,5.038300005253404,70.29960000363644,2.208299993071705
EngineeringROI_B10,JILONG_EI_0109,1120,B10,195;58;13;217;3;102;90;120;161;35;133;60;128;206;71;27;158;49;219,0.1,19,124,19,0.1223514637302723,15150.0,True,0.682088285229202,0.0526315789473684,0.621578947368421,0.0526315789473684,0.35223259762309,1,19,0,55.50539999967441,6.88580000132788,70.44309999037068,2.251699988846667
EngineeringROI_B10,JILONG_EI_0109,1130,B10,195;74;217;3;13;86;120;147;44;161;35;128;133;77;41;46;235;99;49,0.1,19,123,19,0.1398411835425106,15150.0,True,0.725716730851519,0.0526315789473684,0.5229916897506927,0.0789473684210526,0.3450718419926581,2,19,0,54.29839999123942,4.6648999996250495,70.50090000848286,2.977999989525415
EngineeringROI_B10,JILONG_EI_0109,1140,B10,195;13;217;3;57;86;120;128;147;161;35;46;77;174;133;44;219;89;66,0.1,19,123,19,0.1271680284246234,15150.0,True,0.6666666666666666,0.0526315789473684,0.5952251763429192,0.0789473684210526,0.3483676975945017,2,19,0,53.97609999636188,4.638300000806339,70.24469999305438,2.244200004497543
EngineeringROI_B10,JILONG_EI_0109,1150,B10,195;2;217;13;86;57;119;219;128;44;77;133;206;161;35;89;46;66;91,0.1,19,125,19,0.1254680644148524,15150.0,True,0.7157894736842106,0.0526315789473684,0.5408163265306123,0.0789473684210526,0.3470461868958109,2,19,0,54.15240000002086,4.681400008848868,70.75900000927504,2.2796999983256683
EngineeringROI_B10,JILONG_EI_0109,1160,B10,195;13;217;57;3;86;119;161;77;128;44;133;91;235;89;50;206;147;157,0.1,19,123,19,0.12768873812131,15150.0,True,0.6456996148908858,0.0526315789473684,0.6167763157894737,0.0789473684210526,0.348513719512195,2,19,0,56.61799998779316,5.479299987200648,70.9908999997424,2.38099999842234
EngineeringROI_B10,JILONG_EI_0109,1170,B10,195;2;217;13;86;57;128;134;44;161;120;174;77;35;46;89;116;91;147,0.1,19,123,19,0.1224586686678255,15150.0,True,0.7180145485665383,0.0526315789473684,0.5246537396121883,0.0789473684210526,0.3435618088867869,2,19,0,54.62680000346154,4.849500008276664,70.51650001085363,2.304800000274554
EngineeringROI_B10,JILONG_EI_0109,1180,B10,195;13;217;58;3;86;119;44;128;161;133;35;235;46;156;105;77;158;99,0.1,19,123,19,0.1356831634645572,15150.0,True,0.6884895164741122,0.0526315789473684,0.5520594965675057,0.0789473684210526,0.3430319901025097,2,19,0,55.20440000691451,5.929399994784035,70.82910000463016,2.219999994849786
EngineeringROI_B10,JILONG_EI_0109,1190,B10,195;3;217;57;86;28;35;128;133;161;61;105;206;219;26;157;171;94;14,0.1,19,124,19,0.1629438475852087,15780.0,True,0.6451612903225806,0.0350877192982456,0.5422826729745713,0.0789473684210526,0.3253697627541125,2,19,0,54.57509998814203,4.6101000043563545,70.15649999084417,2.1967999928165227
EngineeringROI_B10,JILONG_EI_0109,1200,B10,195;3;217;57;13;86;161;134;44;128;235;35;206;94;121;89;157;116;148,0.1,19,123,19,0.1437465062676601,15780.0,True,0.6773641420624733,0.0350877192982456,0.5517445298639858,0.0789473684210526,0.3357859399114393,2,19,0,54.34950000199024,5.138599997735582,71.27649999165442,2.523300005123019
EngineeringROI_B10,JILONG_EI_0109,1210,B10,195;3;217;74;86;119;41;28;133;128;177;61;50;94;158;105;155;235;214,0.1,19,122,19,0.1555007619208061,15780.0,True,0.6587575496117343,0.0350877192982456,0.5511191772534785,0.0789473684210526,0.3309779536461277,2,19,0,54.60410000523552,5.084200005512685,70.47269999748096,2.217400004155934
EngineeringROI_B10,JILONG_EI_0109,1220,B10,195;3;217;13;57;86;46;35;44;133;128;105;161;66;155;94;25;174;219,0.1,19,124,19,0.1416713249764532,15780.0,True,0.6850594227504245,0.0350877192982456,0.5410999408633943,0.0789473684210526,0.3350486128332792,2,19,0,54.8203999933321,4.985099993064068,70.37289999425411,2.24240000534337
EngineeringROI_B10,JILONG_EI_0109,1230,B10,195;3;232;218;206;86;57;161;60;28;128;134;35;94;156;105;25;165;49,0.1,19,124,19,0.130276971613664,15810.0,True,0.698641765704584,0.0350877192982456,0.562799043062201,0.0789473684210526,0.3438689741215208,2,19,0,55.1844000001438,5.2092999976594,70.51959999080282,2.286000002641231
EngineeringROI_B10,JILONG_EI_0109,1240,B10,195;2;232;57;218;86;46;13;90;134;44;161;35;128;94;49;165;25;155,0.1,19,124,19,0.1252306820531277,15840.0,True,0.7275042444821732,0.0350877192982456,0.5615901455767077,0.0789473684210526,0.3507823694445448,2,19,0,55.54730001313146,4.799199989065528,71.92200000281446,2.371599999605678
EngineeringROI_B10,JILONG_EI_0109,1250,B10,195;3;218;74;86;232;134;44;128;41;35;94;177;105;49;174;23;171;165,0.1,19,123,19,0.1250392446646399,15840.0,True,0.6495507060333762,0.0350877192982456,0.5818077803203662,0.0789473684210526,0.3363483935182601,2,19,0,56.84089999704156,5.556799995247275,70.69370000681374,2.243900002213195
EngineeringROI_B10,JILONG_EI_0109,1260,B10,195;3;57;23;86;217;134;90;177;14;44;94;46;128;50;219;157;171;25,0.1,19,123,19,0.1284391726841819,15840.0,True,0.6444159178433889,0.0350877192982456,0.6192609182530794,0.0789473684210526,0.3444279809539416,2,19,0,55.32479999237694,4.727299994556233,71.5697999985423,3.131999998004176
EngineeringROI_B10,JILONG_EI_0109,1270,B10,195;2;217;57;13;23;86;161;134;44;235;50;105;158;94;128;156;91;46,0.1,19,123,19,0.1118683523366847,15870.0,True,0.6585365853658537,0.0350877192982456,0.6041189931350115,0.0789473684210526,0.3441726665550408,2,19,0,54.25699999614153,4.705100000137463,69.63929999619722,2.215600005001761
EngineeringROI_B10,JILONG_EI_0109,1280,B10,195;3;217;57;86;13;46;134;225;44;23;66;161;174;35;105;128;94;235,0.1,19,123,19,0.1292968121846069,20310.0,True,0.6842105263157895,0.0526315789473684,0.5517826825127334,0.0789473684210526,0.3418930390492359,2,19,0,54.8720999940997,4.664199994294904,70.16380000277422,2.3677999997744337
EngineeringROI_B10,JILONG_EI_0109,1290,B10,195;3;225;217;58;86;13;44;134;23;206;161;35;219;46;128;106;49;157,0.1,19,125,19,0.1179560612905943,20310.0,True,0.6635789473684209,0.0526315789473684,0.5595567867036011,0.0789473684210526,0.3386786703601107,2,19,0,54.43340000056196,4.747600003611296,70.67070000630338,2.7511000080266967
EngineeringROI_B10,JILONG_EI_0109,1300,B10,195;3;225;217;57;13;86;46;44;23;133;161;35;119;106;66;33;94;25,0.1,19,123,19,0.1606159689411981,20310.0,True,0.7543859649122806,0.0526315789473684,0.503919372900336,0.0789473684210526,0.3474710712952594,2,19,0,54.811900001368485,4.958400008035824,71.24040000780951,2.425699989544228
EngineeringROI_B10,JILONG_EI_0109,1310,B10,195;2;225;217;13;58;60;86;46;219;23;35;119;106;128;177;66;94;133,0.1,19,124,19,0.1254680644148524,20310.0,True,0.7406621392190151,0.0526315789473684,0.5453065653825284,0.0789473684210526,0.3543869129924911,2,19,0,54.39520000072662,5.045700003392994,69.78340000205208,2.203000010922551
EngineeringROI_B10,JILONG_EI_0109,1320,B10,195;3;225;217;74;46;86;13;44;219;119;66;133;41;106;128;177;94;34,0.1,19,123,19,0.1526751460667274,20310.0,True,0.715875053487377,0.0526315789473684,0.5636672325976232,0.0789473684210526,0.3527803083633552,2,19,0,56.95739999646321,5.039199997554533,69.79290000163019,2.6436999905854464
EngineeringROI_B10,JILONG_EI_0109,1330,B10,195;225;3;217;74;86;13;128;44;77;119;133;235;106;41;177;174;50;156,0.1,19,123,19,0.1632348324157101,20310.0,True,0.7000427899015832,0.0526315789473684,0.555491990846682,0.0789473684210526,0.3467784320291716,2,19,0,54.52780000632629,4.737099996418692,72.62070001161192,3.1574999884469435
EngineeringROI_B10,JILONG_EI_0109,1340,B10,195;225;2;217;57;13;86;44;177;229;128;119;90;46;219;34;156;133;158,0.1,19,124,19,0.135889915844124,20520.0,True,0.6960950764006791,0.0526315789473684,0.553191489361702,0.0789473684210526,0.3452163782827005,2,19,0,56.03249999694526,5.302999998093583,70.1369999878807,2.23579999874346
EngineeringROI_B10,JILONG_EI_0109,1350,B10,195;225;3;217;74;128;13;86;134;23;46;44;206;235;161;50;41;121;100,0.1,19,124,19,0.1269995635227542,20520.0,True,0.7279286926994907,0.0526315789473684,0.5340720221606648,0.0789473684210526,0.3483949155571441,2,19,0,54.37079998955596,4.72260000242386,71.02299999678507,2.2563999955309555
EngineeringROI_B10,JILONG_EI_0109,1360,B10,225;195;3;217;128;57;13;86;46;134;91;23;35;44;219;229;177;206;66,0.1,19,124,19,0.1170065318436952,20520.0,True,0.7533955857385399,0.0526315789473684,0.5385041551246537,0.0789473684210526,0.3558696720579037,2,19,0,54.81240000517573,5.113999999593943,71.11290001193993,2.2456000006059185
EngineeringROI_B10,JILONG_EI_0109,1370,B10,195;225;3;217;128;57;86;23;46;14;90;235;206;60;134;177;50;156;100,0.1,19,123,19,0.1045707590875328,20520.0,True,0.7329910141206675,0.0526315789473684,0.5707602339181287,0.0789473684210526,0.3588325488518043,2,19,0,55.04079999809619,5.5293999903369695,69.8640000045998,2.2828999935882166
EngineeringROI_B10,JILONG_EI_0109,1380,B10,195;225;3;217;128;57;13;90;86;23;44;134;177;174;66;34;77;235;46,0.1,19,122,19,0.1322372904717783,20520.0,True,0.7484900776531491,0.0526315789473684,0.5409356725146199,0.0789473684210526,0.3552511743840474,2,19,0,54.58399999770336,4.622100008418784,70.34350000321865,2.6079000090248883
EngineeringROI_B10,JILONG_EI_0109,1390,B10,195;225;3;128;217;90;86;13;57;235;45;161;206;134;229;34;157;66;26,0.1,19,125,19,0.1259045416606045,20610.0,True,0.7284210526315789,0.0526315789473684,0.5466893039049235,0.0789473684210526,0.3516723259762309,2,19,0,55.24370000057388,6.476099995779805,69.46090000565164,2.2308000043267384
EngineeringROI_B10,JILONG_EI_0109,1400,B10,195;225;2;217;57;13;86;90;128;44;206;219;177;35;134;49;157;26;100,0.1,19,125,19,0.1421920346731398,20700.0,True,0.7343157894736841,0.0526315789473684,0.5559910414333706,0.0789473684210526,0.355471444568869,2,19,0,54.62880000413861,5.025699996622279,71.05550001142547,2.454500005114824
EngineeringROI_B10,JILONG_EI_0109,1410,B10,195;225;2;217;13;57;86;90;235;46;128;44;156;229;134;177;34;158;25,0.1,19,123,19,0.1409668353868184,20730.0,True,0.7556696619597774,0.0526315789473684,0.5319148936170213,0.0789473684210526,0.3547908757363049,2,19,0,55.029800001648255,5.5302999971900135,72.74699999834411,3.2500999950570986
EngineeringROI_B10,JILONG_EI_0109,1420,B10,195;225;3;57;217;13;128;86;90;45;161;235;134;34;206;174;155;66;27,0.1,19,123,19,0.1178258838664226,20760.0,True,0.7030380830124091,0.0526315789473684,0.5817469204927213,0.0789473684210526,0.3540909877183878,2,19,0,54.57730000489392,4.926199995679781,71.4093000133289,2.254399994853884
EngineeringROI_B10,JILONG_EI_0109,1430,B10,195;225;3;13;217;57;86;219;128;45;90;177;84;77;34;134;156;25;27,0.1,19,124,19,0.153647648000245,20820.0,True,0.7559422750424448,0.0526315789473684,0.5263157894736842,0.0789473684210526,0.3534592529711375,2,19,0,55.94970000674948,5.422500005806796,72.23610000801273,2.2701999987475574
EngineeringROI_B10,JILONG_EI_0109,1440,B10,195;225;3;217;13;128;57;86;44;46;90;206;34;177;133;25;155;77;135,0.1,19,124,19,0.1654937935998652,20820.0,True,0.7572156196943972,0.0526315789473684,0.5425935973955507,0.0789473684210526,0.3578470411145923,2,19,0,55.23689999245107,4.727599996840581,70.3598999971291,2.288100004079752
EngineeringROI_B10,JILONG_EI_0119,10,B10,78;106;112;84;195;202;192;66;232;29;206;119;86;5;235;27;33;74;174,0.1,19,128,19,0.1046243615563094,,False,0.7236842105263158,0.0,0.7043478260869566,0.0701754385964912,0.3745518688024409,2,19,0,57.38769999879878,6.245900003705174,70.73120000131894,2.2929999977350235
EngineeringROI_B10,JILONG_EI_0119,20,B10,86;77;128;13;202;46;10;57;174;235;49;90;44;232;195;104;35;206;100,0.1,19,126,19,0.1082386994509575,0.0,True,0.6708437761069339,0.0526315789473684,0.6973684210526315,0.0701754385964912,0.3727548036758563,2,19,0,54.403799993451685,5.162499990547076,70.2168999996502,2.2470999974757437
EngineeringROI_B10,JILONG_EI_0119,30,B10,86;77;13;74;128;105;10;49;119;46;84;235;44;195;174;201;232;35;177,0.1,19,126,19,0.1149696380301858,1530.0,True,0.6758563074352547,0.0394736842105263,0.7009781089892874,0.0701754385964912,0.3716208848078899,2,19,0,54.44350000470877,5.178799998247996,70.90160000370815,2.357100005610846
EngineeringROI_B10,JILONG_EI_0119,40,B10,195;77;69;106;29;112;74;251;119;50;27;155;201;88;203;20;25;174;206,0.1,19,125,19,0.1154061152759378,13980.0,True,0.6867368421052632,0.0526315789473684,0.6913229018492175,0.087719298245614,0.3796026552868658,2,19,0,56.142300003557466,6.896499995491467,71.35670000570826,2.257700005429797
EngineeringROI_B10,JILONG_EI_0119,50,B10,195;61;106;13;74;50;206;69;158;119;156;19;128;10;203;201;251;93;99,0.1,19,124,19,0.0862616872525671,14730.0,True,0.6574702886247877,0.0526315789473684,0.7082179132040626,0.087719298245614,0.3765097697554582,2,19,0,54.69410000659991,4.701600002590567,69.835599992075,3.0301999941002578
EngineeringROI_B10,JILONG_EI_0119,60,B10,195;61;58;66;158;134;251;29;91;4;206;120;34;217;68;172;86;26;93,0.1,19,122,19,0.1245108774724138,14790.0,True,0.7286453839516824,0.0526315789473684,0.668759053597296,0.0701754385964912,0.3800528637732096,2,19,0,55.01379999623168,4.936600002110936,72.03849998768419,3.348199999891221
EngineeringROI_B10,JILONG_EI_0119,70,B10,195;60;218;157;4;57;91;66;28;119;33;46;121;70;14;171;89;112;78,0.1,19,123,19,0.1171903117366434,15060.0,True,0.7321352160890031,0.0526315789473684,0.6419085095917364,0.0526315789473684,0.3698267208938691,1,19,0,54.694299993570894,5.597099996521138,70.21780000650324,2.2650000028079376
EngineeringROI_B10,JILONG_EI_0119,80,B10,195;44;219;57;217;157;13;91;77;33;121;135;102;71;51;46;69;165;155,0.1,19,122,19,0.133722844606443,15060.0,True,0.6389128559102675,0.0526315789473684,0.689129365469749,0.087719298245614,0.3670982746432497,2,19,0,54.72569999983534,4.6507999941241,70.01239999954123,2.6575999945634976
EngineeringROI_B10,JILONG_EI_0119,90,B10,195;44;57;157;33;217;219;91;155;120;46;206;69;66;78;165;36;229;23,0.1,19,121,19,0.1142115459717744,15390.0,True,0.7129186602870813,0.0526315789473684,0.613032581453634,0.087719298245614,0.3665755297334245,2,19,0,54.55829999118578,4.736800008686259,70.33930000034161,2.6085999998031184
EngineeringROI_B10,JILONG_EI_0119,100,B10,195;28;61;57;90;157;217;219;49;120;69;155;190;51;14;128;185;93;176,0.1,19,120,19,0.1046243615563094,15390.0,True,0.6771929824561403,0.0526315789473684,0.6482793522267206,0.087719298245614,0.3664558029689608,2,19,0,55.03610000596382,4.714599999715574,71.43440000072587,2.261400004499592
EngineeringROI_B10,JILONG_EI_0119,110,B10,195;28;57;217;158;60;121;91;185;156;235;190;49;69;78;203;26;176;4,0.1,19,120,19,0.1352390287232657,15390.0,True,0.7039473684210527,0.0526315789473684,0.6732673267326733,0.087719298245614,0.3793913930866771,2,19,0,54.28490000485908,4.7257999976864085,70.47809999494348,2.250699995784089
EngineeringROI_B10,JILONG_EI_0119,120,B10,195;28;74;235;156;202;104;61;158;69;20;33;206;41;106;135;133;213;66,0.1,19,119,19,0.137605194844974,15240.0,True,0.7023440955329501,0.0526315789473684,0.7038183694530444,0.087719298245614,0.3866283355447442,2,19,0,54.84529999375809,5.007799991290085,70.43230000999756,2.781100003630854
EngineeringROI_B10,JILONG_EI_0119,130,B10,195;27;235;58;61;217;69;157;90;29;104;155;206;185;40;213;3;101;33,0.1,19,120,19,0.1550642846750541,15240.0,True,0.6824561403508771,0.0526315789473684,0.6645401382243488,0.087719298245614,0.3718367889420521,2,19,0,54.28589999792166,4.828000004636124,70.38869999814779,2.215600005001761
EngineeringROI_B10,JILONG_EI_0119,140,B10,195;27;90;202;69;235;174;57;61;155;232;213;88;112;29;94;66;101;35,0.1,19,120,19,0.1401934283373279,15240.0,True,0.6820175438596492,0.0526315789473684,0.63264221158958,0.087719298245614,0.3637526581605529,2,19,0,54.56720000074711,6.569599994691089,71.86660000297707,3.0368000007001683
EngineeringROI_B10,JILONG_EI_0119,150,B10,195;27;74;69;202;45;232;155;103;213;78;235;174;106;35;112;25;4;206,0.1,19,119,19,0.1304913814887703,15240.0,True,0.660327288810261,0.0526315789473684,0.6462289744981009,0.087719298245614,0.3617267851253361,2,19,0,55.98590000590775,6.519200003822334,71.08660000085365,2.6477999927010387
EngineeringROI_B10,JILONG_EI_0119,160,B10,195;27;106;202;232;235;29;74;155;78;174;60;32;25;177;4;229;86;120,0.1,19,120,19,0.1396038011807858,15240.0,True,0.7144736842105263,0.0526315789473684,0.6,0.0789473684210526,0.3615131578947368,2,19,0,54.584500001510605,6.622300003073178,71.01300000795163,2.4870000052032992
EngineeringROI_B10,JILONG_EI_0119,170,B10,195;26;57;106;232;218;186;29;78;155;174;86;60;3;135;112;55;200;49,0.1,19,119,19,0.1395808286941673,15750.0,True,0.713843432109686,0.0350877192982456,0.5936842105263158,0.0789473684210526,0.355390682588825,2,19,0,54.43099999683909,4.663200001232326,71.06170000042766,3.086199998506345
EngineeringROI_B10,JILONG_EI_0119,180,B10,195;26;57;106;186;232;78;29;218;174;86;200;60;155;88;50;20;135;133,0.1,19,119,19,0.1404537831856712,15750.0,True,0.718266253869969,0.0350877192982456,0.5979381443298969,0.0789473684210526,0.357559871479791,2,19,0,55.8698000095319,5.604000005405396,69.46890000835992,2.4409999896306545
EngineeringROI_B10,JILONG_EI_0119,190,B10,195;25;57;106;78;186;88;232;45;86;158;49;219;27;13;200;156;52;120,0.1,19,119,19,0.1478509238768368,15750.0,True,0.6492702344095532,0.0350877192982456,0.6701030927835052,0.0789473684210526,0.3583521037280891,2,19,0,54.01920000440441,5.338399991160259,69.93439998768736,2.429400003165938
EngineeringROI_B10,JILONG_EI_0119,200,B10,195;25;57;106;78;251;29;201;155;232;86;60;158;88;27;49;203;5;51,0.1,19,120,19,0.150592307279981,15750.0,True,0.7311403508771931,0.0350877192982456,0.6305263157894737,0.0789473684210526,0.3689254385964913,2,19,0,54.98430000443477,5.527500004973263,69.61520000186283,2.555300001404248
EngineeringROI_B10,JILONG_EI_0119,210,B10,195;25;90;251;57;78;201;29;155;157;50;86;88;60;232;27;32;219;121,0.1,19,120,19,0.1440221761070824,15750.0,True,0.7000000000000001,0.0350877192982456,0.6477331943720689,0.0789473684210526,0.3654420705228418,2,19,0,56.2833000003593,5.853700000443496,72.15010000800248,2.967400010675192
EngineeringROI_B10,JILONG_EI_0119,220,B10,195;10;57;251;78;201;106;233;29;219;86;157;88;23;155;60;49;135;215,0.1,19,121,19,0.1174047216117496,15750.0,True,0.7159634623749457,0.0350877192982456,0.631578947368421,0.0789473684210526,0.3653943743656662,2,19,0,56.43630000122357,4.635699995560572,71.24530000146478,2.2298999974736944
EngineeringROI_B10,JILONG_EI_0119,230,B10,195;10;40;74;251;216;78;106;13;219;45;86;186;155;104;174;66;34;20,0.1,19,121,19,0.1217465215826511,15750.0,True,0.69377990430622,0.0350877192982456,0.6595059076262084,0.0789473684210526,0.3668302249129316,2,19,0,56.13270000321791,6.699600009596907,70.29960000363644,2.3612999939359725
EngineeringROI_B10,JILONG_EI_0119,240,B10,195;10;58;78;89;29;216;40;219;186;86;91;174;20;172;33;51;252;135,0.1,19,121,19,0.1218154390425067,15750.0,True,0.6781209221400609,0.0350877192982456,0.6266956049918612,0.0789473684210526,0.354712903712805,2,19,0,54.61089999880642,5.507200010470115,70.07380000140984,2.445899997837841
EngineeringROI_B10,JILONG_EI_0119,250,B10,195;10;57;78;90;29;201;233;88;86;23;20;252;174;203;33;215;51;55,0.1,19,122,19,0.1253991469549969,15750.0,True,0.7044866264020706,0.0350877192982456,0.6033640803038525,0.0789473684210526,0.3554714486063053,2,19,0,54.97330000798684,4.706100007751957,71.87010000052396,2.298499995958992
EngineeringROI_B10,JILONG_EI_0119,260,B10,195;10;57;78;23;89;219;217;86;29;186;215;252;174;20;33;91;55;133,0.1,19,122,19,0.1296796869615823,15750.0,True,0.6941328731665228,0.0350877192982456,0.6289207868155237,0.0789473684210526,0.3592721869253362,2,19,0,56.15759998909198,4.893000004813075,72.15770000766497,2.4471000069752336
EngineeringROI_B10,JILONG_EI_0119,270,B10,195;10;57;89;217;78;23;29;86;186;252;49;174;215;20;91;55;120;60,0.1,19,122,19,0.1238293603693975,15750.0,True,0.7010353753235549,0.0350877192982456,0.5919696147585458,0.0789473684210526,0.3517600194503498,2,19,0,54.99210000562016,4.791000013938174,71.38229999691248,2.34469999850262
EngineeringROI_B10,JILONG_EI_0119,280,B10,195;10;57;90;217;29;78;88;86;186;252;174;49;120;35;24;215;60;55,0.1,19,122,19,0.1320994555520671,15750.0,True,0.7088006902502159,0.0350877192982456,0.6014254385964911,0.0789473684210526,0.3560653041415012,2,19,0,56.06639999314211,6.711299996823072,70.16160000057425,2.2409000084735453
EngineeringROI_B10,JILONG_EI_0119,290,B10,195;57;90;88;10;78;29;217;86;186;252;120;174;20;34;60;24;214;161,0.1,19,121,19,0.1171749967455643,15750.0,True,0.6724662896911701,0.0350877192982456,0.619641888225719,0.0789473684210526,0.3515358164090468,2,19,0,54.95729998801835,7.176500002969988,71.02049999230076,2.813400002196431
EngineeringROI_B10,JILONG_EI_0119,300,B10,195;57;90;219;10;78;217;88;29;86;186;252;214;33;174;120;51;60;24,0.1,19,121,19,0.1141732584940769,15750.0,True,0.6885602435841669,0.0350877192982456,0.6305156831472619,0.0789473684210526,0.3582777536126818,2,19,0,55.25170000328217,6.457399998907931,70.08910000149626,2.300099993590265
EngineeringROI_B10,JILONG_EI_0119,310,B10,195;57;90;78;88;217;29;10;86;252;214;35;23;186;158;120;33;60;55,0.1,19,121,19,0.1245261924634928,15750.0,True,0.6959547629404089,0.0350877192982456,0.5835913312693498,0.0789473684210526,0.3483952954822643,2,19,0,53.941599995596334,4.655900003854185,72.50829999975394,3.396000000066124
EngineeringROI_B10,JILONG_EI_0119,320,B10,195;57;90;88;78;218;86;29;23;252;10;214;34;216;186;174;135;60;55,0.1,19,121,19,0.1227726259849453,15750.0,True,0.7033492822966508,0.0350877192982456,0.5655314757481938,0.0789473684210526,0.3457289614410357,2,19,0,56.11049999424722,5.65380000625737,71.00209999771323,2.3406999971484765
EngineeringROI_B10,JILONG_EI_0119,330,B10,195;90;57;23;218;78;86;13;252;216;35;10;44;214;49;88;186;46;174,0.1,19,121,19,0.119862777679932,15750.0,True,0.6415832970856894,0.0350877192982456,0.6413828689370485,0.0789473684210526,0.349250313435509,2,19,0,56.062500007101335,4.892899989499711,71.05790000059642,3.015000009327196
EngineeringROI_B10,JILONG_EI_0119,340,B10,195;105;58;93;217;35;86;61;29;24;214;10;49;235;135;158;170;55;79,0.1,19,121,19,0.1473455291712292,15750.0,True,0.6776859504132231,0.0350877192982456,0.5486443381180224,0.0789473684210526,0.3350913440626359,2,19,0,55.12000000453554,4.834099992876872,71.41919998684898,2.571499993791804
EngineeringROI_B10,JILONG_EI_0119,350,B10,195;78;90;58;217;35;86;29;88;23;26;235;120;33;174;214;55;66;170,0.1,19,121,19,0.1446577482368616,15750.0,True,0.663766855154415,0.0350877192982456,0.5821371610845296,0.0789473684210526,0.3399847759895607,2,19,0,54.92040001263376,4.87530000100378,71.2204000010388,2.2526999964611605
EngineeringROI_B10,JILONG_EI_0119,360,B10,195;219;23;57;90;78;35;217;86;46;120;13;33;88;10;66;44;55;174,0.1,19,121,19,0.128998169858566,15750.0,True,0.6929099608525446,0.0350877192982456,0.6126724578436381,0.0789473684210526,0.3549043766038702,2,19,0,55.00759999267757,5.682200004230253,71.54619999346323,3.040100011276081
EngineeringROI_B10,JILONG_EI_0119,370,B10,195;93;23;57;105;35;217;86;61;13;33;135;27;235;203;55;174;172;99,0.1,19,121,19,0.1261878689955663,15750.0,True,0.69377990430622,0.0350877192982456,0.5794633642930855,0.0789473684210526,0.346819589079651,2,19,0,55.04809999547433,6.849900004453957,70.15830000455026,3.4706000005826354
EngineeringROI_B10,JILONG_EI_0119,380,B10,195;23;90;93;57;34;217;86;61;29;235;26;135;104;66;32;55;20;174,0.1,19,121,19,0.1327043976996883,15750.0,True,0.6989995650282732,0.0350877192982456,0.5608875128998968,0.0789473684210526,0.343480541411867,2,19,0,54.2624999943655,4.709100001491606,70.3949000017019,3.1788000051165
EngineeringROI_B10,JILONG_EI_0119,390,B10,195;219;93;57;105;34;23;217;86;46;13;44;135;66;26;32;174;55;4,0.1,19,121,19,0.1276963956168495,15750.0,True,0.6907351022183557,0.0350877192982456,0.5917220235053654,0.0789473684210526,0.3491230533607549,2,19,0,54.78970000694972,4.689399997005239,70.20230000489391,3.4731000050669536
EngineeringROI_B10,JILONG_EI_0119,400,B10,195;78;57;24;90;217;34;86;13;4;46;88;135;27;121;32;66;203;60,0.1,19,121,19,0.1252842845219042,15750.0,True,0.6842105263157895,0.0350877192982456,0.5927439959121102,0.0789473684210526,0.3477474024867995,2,19,0,54.3076000030851,4.611299998941831,69.76749999739695,2.969199995277449
EngineeringROI_B10,JILONG_EI_0119,410,B10,195;93;57;23;90;34;217;86;61;29;88;121;66;186;27;235;174;55;36,0.1,19,121,19,0.1310733511497729,15750.0,True,0.6816006959547629,0.0350877192982456,0.5747368421052631,0.0789473684210526,0.342593156444831,2,19,0,53.923600004054606,4.738699994049966,70.89199998881668,2.249099998152815
EngineeringROI_B10,JILONG_EI_0119,420,B10,195;93;23;41;217;105;34;86;46;74;13;44;174;36;235;66;72;203;10,0.1,19,121,19,0.1074270049237696,15750.0,True,0.6715963462374945,0.0350877192982456,0.5940594059405941,0.0789473684210526,0.3449227099743467,2,19,0,54.46260000462644,6.175099988467991,70.05480000225361,2.2788000060245395
EngineeringROI_B10,JILONG_EI_0119,430,B10,195;93;58;217;105;34;86;14;46;23;72;60;36;206;32;10;203;235;28,0.1,19,121,19,0.0889188382047767,15750.0,True,0.7120487168334059,0.0350877192982456,0.5396014307613695,0.0789473684210526,0.3414213088285183,2,19,0,54.7760999907041,5.945400000200607,69.70399999408983,2.272700003231876
EngineeringROI_B10,JILONG_EI_0119,440,B10,195;58;78;90;217;34;86;46;23;13;120;203;66;44;235;10;172;55;20,0.1,19,122,19,0.1299859867831627,15750.0,True,0.6954270923209664,0.0350877192982456,0.5742574257425742,0.0789473684210526,0.3459299014457097,2,19,0,55.180700001074,6.587500000023283,70.25879999855533,2.234100000350736
EngineeringROI_B10,JILONG_EI_0119,450,B10,195;58;93;13;218;46;90;86;34;120;44;24;66;55;26;216;157;20;177,0.1,19,122,19,0.1535327855671524,15750.0,True,0.6988783433994822,0.0350877192982456,0.5396065922381712,0.0789473684210526,0.3381300058392379,2,19,0,54.4270999962464,4.827299999305978,72.02389999292791,2.3569000040879478
EngineeringROI_B10,JILONG_EI_0119,460,B10,195;58;13;78;218;34;86;90;46;44;23;119;216;88;32;174;66;121;55,0.1,19,122,19,0.1294423045998575,15750.0,True,0.6578947368421053,0.0350877192982456,0.5800438596491228,0.0789473684210526,0.3379934210526316,2,19,0,55.40489999111742,5.52350000361912,70.76339999912307,2.2647000005235896
EngineeringROI_B10,JILONG_EI_0119,470,B10,195;58;93;13;218;34;86;105;46;44;119;23;91;216;84;55;174;26;3,0.1,19,123,19,0.1271527134335444,15750.0,True,0.6332905434317502,0.0350877192982456,0.5935050391937291,0.0789473684210526,0.3352076675861943,2,19,0,56.75590000464581,5.418100001406856,71.43110000470188,2.2495999874081463
EngineeringROI_B10,JILONG_EI_0119,480,B10,195;58;13;78;218;34;46;86;90;44;23;84;119;232;3;174;88;55;206,0.1,19,123,19,0.1209195120643842,15750.0,True,0.6285836542575952,0.0350877192982456,0.6348345089527944,0.0789473684210526,0.3443633127324219,2,19,0,54.5882000005804,5.237300007138401,70.85869999718852,2.3609000054420903
EngineeringROI_B10,JILONG_EI_0119,490,B10,195;58;13;78;218;46;86;34;90;44;232;174;23;135;55;104;172;3;26,0.1,19,123,19,0.1473148991890712,15750.0,True,0.6709456568249893,0.0350877192982456,0.5992324561403507,0.0789473684210526,0.3460533001711596,2,19,0,55.13280000013765,4.6965999936219305,71.88540000061039,3.1567000114591792
EngineeringROI_B10,JILONG_EI_0119,500,B10,195;29;218;93;58;86;51;90;49;61;23;232;135;174;88;27;172;55;3,0.1,19,123,19,0.1310350636720754,15750.0,True,0.7056054771074026,0.0350877192982456,0.5515574650912997,0.0789473684210526,0.3427995074795001,2,19,0,54.84299999079667,4.736200004117563,70.7754000031855,2.227799996035173
EngineeringROI_B10,JILONG_EI_0119,510,B10,195;46;217;13;78;58;86;44;51;49;106;203;174;135;24;3;235;172;55,0.1,19,123,19,0.1421460896999027,15750.0,True,0.686777920410783,0.0350877192982456,0.6009667024704618,0.0789473684210526,0.3504449276501358,2,19,0,54.97769999783486,6.465700003900565,70.38879999890924,2.265499992063269
EngineeringROI_B10,JILONG_EI_0119,520,B10,195;217;29;78;58;86;51;49;106;203;60;119;174;27;172;3;23;206;55,0.1,19,123,19,0.136372338063113,15750.0,True,0.6902011125374411,0.0350877192982456,0.5531686358754027,0.0789473684210526,0.3393512090330355,2,19,0,54.534299997612834,5.4361000075005,70.22470000083558,2.2870999964652583
EngineeringROI_B10,JILONG_EI_0119,530,B10,195;29;217;93;58;51;86;49;61;105;203;27;134;23;157;206;171;55;3,0.1,19,123,19,0.1398564985335896,15750.0,True,0.6730851519041506,0.0350877192982456,0.572436245252306,0.0789473684210526,0.3398891212189387,2,19,0,54.73430000711232,4.679100005887449,70.14489998982754,2.3445999977411702
EngineeringROI_B10,JILONG_EI_0119,540,B10,195;29;217;78;41;51;86;49;90;23;174;60;119;27;203;171;55;206;116,0.1,19,123,19,0.1667572803638841,15750.0,True,0.6889174154899443,0.0350877192982456,0.5453065653825284,0.0789473684210526,0.3370647671479427,2,19,0,54.68760000076145,4.694200004450977,70.5306999880122,2.31500000518281
EngineeringROI_B10,JILONG_EI_0119,550,B10,195;29;217;58;78;51;86;90;49;27;158;135;206;203;55;156;3;24;170,0.1,19,123,19,0.1586939375607813,15750.0,True,0.6611039794608471,0.0350877192982456,0.545152354570637,0.0789473684210526,0.3300728554376956,2,19,0,56.03659999906085,5.380999995395541,69.57180000608787,2.288599993335083
EngineeringROI_B10,JILONG_EI_0119,560,B10,195;29;218;51;78;57;86;90;49;232;27;170;3;60;135;158;55;25;148,0.1,19,123,19,0.1902734491657158,15750.0,True,0.7175866495507061,0.0350877192982456,0.5134378499440091,0.0789473684210526,0.3362648968035033,2,19,0,54.01920000440441,5.253700001048856,70.50599998910911,2.263000002130866
EngineeringROI_B10,JILONG_EI_0119,570,B10,195;219;29;84;78;51;57;217;86;49;90;174;27;171;119;25;60;23;3,0.1,19,123,19,0.1398947860112871,15750.0,True,0.6970474967907574,0.0350877192982456,0.5882675438596492,0.0789473684210526,0.3498375320924262,2,19,0,55.27219999930821,4.804199998034164,72.41950000752695,2.301100001204759
EngineeringROI_B10,JILONG_EI_0119,580,B10,195;219;29;93;217;51;58;86;61;174;49;105;3;91;27;135;23;25;72,0.1,19,123,19,0.1313413634936557,15750.0,True,0.7535301668806161,0.0350877192982456,0.5601503759398497,0.0789473684210526,0.356928907634941,2,19,0,54.19329999131151,4.7260999999707565,70.02929999725893,2.2462000051746145
EngineeringROI_B10,JILONG_EI_0119,590,B10,195;219;29;78;58;51;217;86;105;174;32;3;60;27;23;171;119;25;55,0.1,19,123,19,0.1569556860733128,15750.0,True,0.754813863928113,0.0350877192982456,0.5321052631578947,0.0789473684210526,0.3502385537013265,2,19,0,54.74300000059884,4.841999994823709,70.1967000059085,2.400500001385808
EngineeringROI_B10,JILONG_EI_0119,600,B10,195;84;29;58;51;78;217;86;90;3;32;174;60;203;27;25;119;55;252,0.1,19,123,19,0.1516566991599727,15750.0,True,0.7513906718014548,0.0350877192982456,0.5305263157894737,0.0789473684210526,0.3489880188275567,2,19,0,56.20139998791274,5.010400011087768,70.42879999789875,2.266399998916313
EngineeringROI_B10,JILONG_EI_0119,610,B10,195;29;58;217;86;51;78;90;32;174;27;203;206;3;60;171;119;24;55,0.1,19,123,19,0.1486013584397087,15750.0,True,0.7265725288831836,0.0350877192982456,0.505907626208378,0.0789473684210526,0.3366288107027149,2,19,0,54.28920000849757,5.4539999982807785,69.88390001060907,2.2782000014558434
EngineeringROI_B10,JILONG_EI_0119,620,B10,195;29;58;217;34;86;78;174;90;66;32;3;68;27;206;60;171;40;135,0.1,19,123,19,0.1517103016287493,15750.0,True,0.6987590928540864,0.0350877192982456,0.5625,0.0789473684210526,0.3438235451433462,2,19,0,54.75060000026133,4.6137000026647,70.13280001410749,2.273499994771555
EngineeringROI_B10,JILONG_EI_0119,630,B10,195;58;29;217;34;86;174;78;32;3;106;60;27;66;23;171;25;68;55,0.1,19,123,19,0.1642915668001623,15750.0,True,0.7762088147197262,0.0350877192982456,0.4806659505907626,0.0789473684210526,0.3427274632574467,2,19,0,54.56309999863152,4.997199997887947,70.32810000237077,2.5070000119740143
EngineeringROI_B10,JILONG_EI_0119,640,B10,195;29;84;58;217;93;51;86;3;61;174;106;32;27;23;25;55;156;206,0.1,19,123,19,0.1508986071015613,15750.0,True,0.7740693196405649,0.0350877192982456,0.5182599355531687,0.0789473684210526,0.3515910857282578,2,19,0,54.32440000004135,4.688100001658313,72.6171999995131,3.2045000116340816
EngineeringROI_B10,JILONG_EI_0119,650,B10,195;58;29;217;86;51;174;78;3;32;147;105;27;60;25;156;55;206;161,0.1,19,124,19,0.1643298542778598,15750.0,True,0.7618845500848896,0.0350877192982456,0.4973147153598282,0.0789473684210526,0.343308588291004,2,19,0,54.00769998959731,6.274400002439506,69.64549999975134,2.2558000055141747
EngineeringROI_B10,JILONG_EI_0119,660,B10,195;219;58;29;217;86;174;3;51;147;32;78;105;27;60;171;206;25;55,0.1,19,124,19,0.1568025361625226,15750.0,True,0.7784380305602717,0.0350877192982456,0.5252416756176155,0.0789473684210526,0.3544286984742963,2,19,0,54.5267999987118,4.72040000022389,71.07299999915995,2.480900002410636
EngineeringROI_B10,JILONG_EI_0119,670,B10,195;58;217;29;3;86;174;93;34;32;147;61;66;27;90;23;206;25;171,0.1,19,124,19,0.1296873444571218,15750.0,True,0.7402376910016979,0.0350877192982456,0.5463917525773196,0.0789473684210526,0.3501661328245789,2,19,0,53.81719999422785,5.116300002555363,70.07000000157859,2.792400002363138
EngineeringROI_B10,JILONG_EI_0119,680,B10,195;29;57;217;3;147;86;174;51;78;32;90;27;60;206;100;165;55;170,0.1,19,124,19,0.1484788385110765,15750.0,True,0.7126485568760611,0.0350877192982456,0.5558539205155747,0.0789473684210526,0.3456343912777335,2,19,0,54.64339999889489,4.875700004049577,71.92149999900721,2.280200002132915
EngineeringROI_B10,JILONG_EI_0119,690,B10,195;58;217;29;3;86;174;51;32;78;147;27;90;206;171;60;55;25;112,0.1,19,124,19,0.1572007259305771,15750.0,True,0.75,0.0350877192982456,0.5111231687466088,0.0789473684210526,0.3437895641164767,2,19,0,54.92549999326002,5.527299988898449,70.6408999976702,2.304800000274554
EngineeringROI_B10,JILONG_EI_0119,700,B10,195;217;84;3;58;29;86;51;174;32;78;112;90;27;206;116;60;171;55,0.1,19,124,19,0.1510977019855885,15750.0,True,0.7644312393887946,0.0350877192982456,0.5146198830409358,0.0789473684210526,0.3482715525372571,2,19,0,54.84310000611004,4.686499989475124,70.51879999926314,2.301400003489107
EngineeringROI_B10,JILONG_EI_0119,710,B10,195;217;3;58;29;86;51;174;32;93;61;112;90;27;171;206;55;116;25,0.1,19,124,19,0.1625303428260753,15750.0,True,0.786502546689304,0.0350877192982456,0.4752953813104189,0.0789473684210526,0.3439582539297552,2,19,0,54.79059999925085,4.732799992780201,70.26890000270214,2.2468999959528446
EngineeringROI_B10,JILONG_EI_0119,720,B10,195;58;217;3;14;44;86;174;32;51;46;78;112;90;25;135;206;55;5,0.1,19,124,19,0.1481112787251801,15750.0,True,0.7084040747028862,0.0350877192982456,0.5655209452201934,0.0789473684210526,0.3469900269105944,2,19,0,54.67959999805316,4.930600000079721,70.38959999044891,2.259600005345419
EngineeringROI_B10,JILONG_EI_0119,730,B10,195;29;3;41;217;74;86;51;174;32;60;147;93;116;27;171;105;55;206,0.1,19,124,19,0.1451018829781531,16890.0,True,0.7746179966044144,0.0,0.4880382775119617,0.0789473684210526,0.3354009106343571,2,19,0,56.85369999264367,4.678699988289736,71.27420000324491,2.217500004917383
EngineeringROI_B10,JILONG_EI_0119,740,B10,195;3;74;29;217;174;86;41;51;32;78;147;117;27;105;60;206;55;171,0.1,19,124,19,0.1710454778660091,16890.0,True,0.7750424448217319,0.0,0.5,0.0789473684210526,0.3384974533106961,2,19,0,54.22939998970833,4.644999993615784,71.12799999595154,2.34910000290256
EngineeringROI_B10,JILONG_EI_0119,750,B10,195;219;29;74;3;174;201;86;147;51;32;232;41;61;105;94;27;116;55,0.1,19,124,19,0.1697743336064506,16890.0,True,0.8005093378607809,0.0,0.5098351940457203,0.0789473684210526,0.3473229750818885,2,19,0,54.23890000383835,5.735099999583326,70.23789999948349,2.30540000484325
EngineeringROI_B10,JILONG_EI_0119,760,B10,195;58;201;14;147;3;86;174;44;49;51;90;78;232;46;88;55;117;172,0.1,19,124,19,0.1542296176612477,16950.0,True,0.704584040747029,0.0,0.5794956140350878,0.0789473684210526,0.3407567558007923,2,19,0,56.67859999812208,5.0799000018741935,74.9954000057187,3.1980999920051545
EngineeringROI_B10,JILONG_EI_0119,770,B10,195;219;29;217;57;3;174;86;147;49;35;60;91;27;78;172;206;88;161,0.1,19,124,19,0.1223438062347328,16950.0,True,0.7109507640067911,0.0,0.5843733043950081,0.0789473684210526,0.343567859205713,2,19,0,54.53920000582002,5.5523000046378,69.78579999122303,2.2413999977288768
EngineeringROI_B10,JILONG_EI_0119,780,B10,195;35;3;57;218;29;86;174;147;49;93;91;61;27;5;171;133;55;89,0.1,19,124,19,0.1484022635556814,16950.0,True,0.7398132427843803,0.0,0.5334429824561403,0.0789473684210526,0.3380508984153934,2,19,0,54.65210000693333,4.798599999048747,70.00530000368599,2.205599987064488
EngineeringROI_B10,JILONG_EI_0119,790,B10,195;84;29;3;218;57;35;86;174;147;61;66;90;206;116;27;156;33;165,0.1,19,124,19,0.128577007603893,16950.0,True,0.7228353140916808,0.0,0.573961218836565,0.0789473684210526,0.3439359753373246,2,19,0,54.507299995748326,4.945299995597452,69.99089999590069,2.222000010078773
EngineeringROI_B10,JILONG_EI_0119,800,B10,195;219;3;57;174;217;14;86;44;147;51;91;49;78;156;117;165;46;89,0.1,19,124,19,0.1404537831856712,16950.0,True,0.6965195246179965,0.0,0.6061120543293718,0.0789473684210526,0.3453947368421052,2,19,0,54.28250000113621,5.336300004273653,70.52300000214018,2.2997000050963834
EngineeringROI_B10,JILONG_EI_0119,810,B10,195;219;3;57;217;29;174;86;35;147;91;61;156;66;93;33;89;27;206,0.1,19,124,19,0.1172515717009594,16950.0,True,0.7351443123938879,0.0,0.5485621269669018,0.0789473684210526,0.3406634519454606,2,19,0,53.98179999610875,5.514100004802458,70.75119999353774,2.2413999977288768
EngineeringROI_B10,JILONG_EI_0119,820,B10,195;219;3;58;217;29;174;86;51;147;33;27;61;88;171;91;117;128;55,0.1,19,124,19,0.1478585813723763,16950.0,True,0.7652801358234296,0.0,0.5366250678241995,0.0789473684210526,0.3452131430171705,2,19,0,54.82279999705497,7.336800001212396,70.40409999899566,2.2841999889351428
EngineeringROI_B10,JILONG_EI_0119,830,B10,195;219;3;57;217;29;86;174;51;128;33;147;60;27;90;78;186;104;25,0.1,19,124,19,0.1358056833931894,16950.0,True,0.7457555178268251,0.0,0.5518176885512751,0.0789473684210526,0.3441301436997882,2,19,0,54.711099990527146,5.452099998365156,70.67099999403581,2.507600001990795
EngineeringROI_B10,JILONG_EI_0119,840,B10,195;219;3;74;217;29;86;174;35;33;147;128;61;41;27;66;117;72;171,0.1,19,124,19,0.1431185916334203,16950.0,True,0.7784380305602717,0.0,0.5468144044321329,0.0789473684210526,0.3510499508533643,2,19,0,55.10540000977926,4.797100002178922,72.13549999869429,3.2134999928530306
EngineeringROI_B10,JILONG_EI_0119,850,B10,195;219;74;217;44;3;86;35;174;14;93;33;147;41;128;133;171;99;165,0.1,19,124,19,0.1244725899947163,16950.0,True,0.7283531409168081,0.0,0.5761772853185596,0.0789473684210526,0.3458694486641051,2,19,0,55.280900007346645,7.510600000387058,70.35519999044482,2.534600003855303
EngineeringROI_B10,JILONG_EI_0119,860,B10,195;74;217;29;3;174;86;51;128;147;61;49;219;41;27;156;99;117;5,0.1,19,124,19,0.1472919267024527,17010.0,True,0.75509337860781,0.0,0.5178268251273345,0.0789473684210526,0.3379668930390491,2,19,0,54.65340000228025,4.813999999896623,69.77969998843037,2.3970999900484458
EngineeringROI_B10,JILONG_EI_0119,870,B10,195;58;217;3;29;86;174;35;60;33;27;128;91;78;116;170;89;156;25,0.1,19,123,19,0.1632195174246311,17010.0,True,0.7744972186563971,0.0,0.4595359366157329,0.0789473684210526,0.3282451309232956,2,19,0,54.63649999001064,4.71819999802392,70.03790000453591,3.124399998341687
EngineeringROI_B10,JILONG_EI_0119,880,B10,195;217;35;74;29;86;174;3;170;33;61;41;128;27;93;156;206;68;116,0.1,19,123,19,0.1573998208146043,17010.0,True,0.7736414206247325,0.0,0.4637119113573406,0.0789473684210526,0.3290751751007815,2,19,0,55.147600010968745,5.905900005018339,70.07509999675676,2.2428999945987016
EngineeringROI_B10,JILONG_EI_0119,890,B10,195;3;217;74;44;86;174;35;14;33;41;170;93;88;156;117;10;46;55,0.1,19,123,19,0.1525143386603977,17010.0,True,0.7582370560547711,0.0,0.5027995520716686,0.0789473684210526,0.3349959941368731,2,19,0,54.516500007594,4.719199991086498,70.06120000733063,2.2507999965455383
EngineeringROI_B10,JILONG_EI_0119,900,B10,195;3;217;35;29;58;86;174;33;93;61;27;156;133;170;206;90;25;100,0.1,19,123,19,0.1587781700117159,17010.0,True,0.7454000855798032,0.0,0.5201567749160135,0.0789473684210526,0.3361260572292173,2,19,0,54.47390000335872,4.616400008671917,69.63629998790566,3.1639999942854047
EngineeringROI_B10,JILONG_EI_0119,910,B10,195;84;174;218;44;33;86;74;35;14;3;93;156;25;216;104;170;116;55,0.1,19,123,19,0.1543751100764983,17010.0,True,0.7625160462130938,0.0,0.5212224108658744,0.0789473684210526,0.3406714563750052,2,19,0,54.72139999619685,6.015799997840077,69.68150001193862,2.2589000000152737
EngineeringROI_B10,JILONG_EI_0119,920,B10,195;35;29;217;86;33;174;58;3;60;156;89;25;116;27;161;164;121;55,0.1,19,123,19,0.1759539325068343,17010.0,True,0.7766367137355584,0.0,0.4403508771929825,0.0789473684210526,0.3239837398373984,2,19,0,55.240300003788434,5.640300005325116,70.5286000011256,2.240500005427748
EngineeringROI_B10,JILONG_EI_0119,930,B10,195;217;44;35;86;74;33;14;174;41;171;116;77;134;121;88;206;55;46,0.1,19,123,19,0.1540458377682995,17010.0,True,0.6512623020967051,0.0,0.5514354066985646,0.0789473684210526,0.3204112693040805,2,19,0,55.55439999443479,4.794300009962171,70.76060000690632,4.5086000027367845
EngineeringROI_B10,JILONG_EI_0119,940,B10,195;217;29;86;74;174;33;51;3;60;134;41;156;27;93;5;206;121;55,0.1,19,123,19,0.135859285861966,17010.0,True,0.7368421052631579,0.0,0.4888888888888888,0.0789473684210526,0.3261695906432748,2,19,0,54.99730000155978,5.059500006609596,70.15210000099614,2.258699998492375
EngineeringROI_B10,JILONG_EI_0119,950,B10,195;217;74;86;35;44;14;33;157;133;41;155;94;121;161;55;135;251;186,0.1,19,123,19,0.1588470874715715,17010.0,True,0.6658108686350022,0.0,0.5269277845777234,0.0789473684210526,0.3179215054084445,2,19,0,56.024499994236976,5.031000007875264,72.66180000442546,3.351799998199567
EngineeringROI_B10,JILONG_EI_0119,960,B10,195;217;74;174;86;44;35;219;33;14;156;41;93;117;121;55;66;3;206,0.1,19,124,19,0.1449717055539815,17010.0,True,0.74660441426146,0.0,0.4712074303405573,0.0789473684210526,0.3241898032557675,2,19,0,56.11859999771696,5.266499996650964,71.20280001254287,2.39210001018364
EngineeringROI_B10,JILONG_EI_0119,970,B10,195;201;219;174;86;44;74;3;35;33;14;156;128;116;41;93;121;55;46,0.1,19,124,19,0.1449410755718234,17010.0,True,0.7521222410865874,0.0,0.5045372050816697,0.0789473684210526,0.3339017036473274,2,19,0,55.024400004185736,4.67370000842493,70.44470000255387,2.3062000109348446
EngineeringROI_B10,JILONG_EI_0119,980,B10,195;201;74;35;86;60;128;3;174;29;49;41;156;133;120;27;94;55;170,0.1,19,123,19,0.1748742256357635,17010.0,True,0.7736414206247325,0.0,0.4724602203182375,0.0789473684210526,0.3312622523410057,2,19,0,54.47460000868887,4.693900002166629,69.95560000359546,2.2664999996777624
EngineeringROI_B10,JILONG_EI_0119,990,B10,195;3;128;201;74;35;44;86;157;84;93;49;133;14;120;41;171;55;213,0.1,19,123,19,0.1594750021058112,17010.0,True,0.7081728712023964,0.0,0.555622009569378,0.0789473684210526,0.3356855622982067,2,19,0,56.19149999984074,4.718299998785369,71.53040000412147,2.35499998962041
EngineeringROI_B10,JILONG_EI_0119,1000,B10,195;218;3;128;35;74;86;29;157;61;41;93;117;120;216;49;27;171;88,0.1,19,123,19,0.1558070617423865,17010.0,True,0.7244330338040222,0.0,0.5393258426966292,0.0789473684210526,0.3356765612304261,2,19,0,55.03439999301918,6.013299993355759,70.95049999770708,2.336699995794333
EngineeringROI_B10,JILONG_EI_0119,1010,B10,195;84;217;35;74;86;44;174;128;14;120;49;117;41;77;156;55;88;3,0.1,19,123,19,0.1605317364902635,17010.0,True,0.7766367137355584,0.0,0.47005444646098,0.0789473684210526,0.3314096321543978,2,19,0,55.19480000657495,4.832000005990267,71.21500000357628,3.127400006633252
EngineeringROI_B10,JILONG_EI_0119,1020,B10,195;217;35;86;3;44;58;133;174;120;77;49;14;128;90;25;5;156;55,0.1,19,123,19,0.1630740250093804,17010.0,True,0.7227214377406932,0.0,0.5140758873929009,0.0789473684210526,0.3289361733886616,2,19,0,54.87599999469239,4.85589999880176,72.65950000146404,3.3734000026015565
EngineeringROI_B10,JILONG_EI_0119,1030,B10,195;74;217;35;86;44;219;174;120;77;41;49;128;133;13;10;161;171;55,0.1,19,124,19,0.1609222687627784,17010.0,True,0.700339558573854,0.0,0.5356037151702786,0.0789473684210526,0.3287226605412963,2,19,0,54.17599999054801,5.157599996891804,71.17170000856277,2.436099995975382
EngineeringROI_B10,JILONG_EI_0119,1040,B10,195;217;35;86;74;44;174;128;219;77;120;116;13;147;41;49;88;161;55,0.1,19,124,19,0.1527670360132015,17010.0,True,0.6973684210526315,0.0,0.5312117503059975,0.0789473684210526,0.3268818849449204,2,19,0,54.83609999646433,5.701500005670823,71.91300000704359,3.141000008326955
EngineeringROI_B10,JILONG_EI_0119,1050,B10,195;217;74;60;128;35;86;3;157;147;88;29;120;133;41;93;161;5;55,0.1,19,123,19,0.1336079821733503,17010.0,True,0.7419768934531451,0.0,0.5336597307221542,0.0789473684210526,0.338645998149088,2,19,0,54.07180001202505,5.8942000032402575,69.92880000325385,2.268399999593385
EngineeringROI_B10,JILONG_EI_0119,1060,B10,195;217;35;44;86;74;174;120;77;117;161;14;128;41;46;66;88;99;55,0.1,19,123,19,0.1623771929152851,17040.0,True,0.7257167308515191,0.0,0.474296205630355,0.0789473684210526,0.3197400762257316,2,19,0,54.22750000434462,5.141799992998131,70.36140000855085,2.251800004160032
EngineeringROI_B10,JILONG_EI_0119,1070,B10,195;217;3;44;86;35;58;174;77;14;46;88;120;133;161;128;90;171;25,0.1,19,123,19,0.1479121838411529,17100.0,True,0.6765083440308086,0.0,0.5856793145654834,0.0789473684210526,0.3352837567543362,2,19,0,54.86060000839643,4.776700006914325,70.97800000337884,3.05579999985639
EngineeringROI_B10,JILONG_EI_0119,1080,B10,195;58;86;60;217;88;3;35;119;46;219;157;161;28;14;91;128;10;133,0.1,19,124,19,0.112534554448622,17100.0,True,0.7062818336162987,0.0,0.5629804849201655,0.0789473684210526,0.3370524217393792,2,19,0,54.57469999964815,4.651600000215694,70.23959999787621,2.4954000109573826
EngineeringROI_B10,JILONG_EI_0119,1090,B10,195;217;58;44;3;86;88;51;77;46;161;128;13;49;116;120;157;5;235,0.1,19,123,19,0.1321683730119227,17100.0,True,0.6281557552417629,0.0,0.618421052631579,0.0789473684210526,0.3313810440735987,2,19,0,54.03939999814611,4.585300004691817,70.56909998937044,2.2613000037381425
EngineeringROI_B10,JILONG_EI_0119,1100,B10,195;58;218;86;3;44;88;35;77;225;13;161;46;49;120;157;116;216;171,0.1,19,123,19,0.1595056320879693,20520.0,True,0.6452717158750535,0.0526315789473684,0.5671052631578948,0.0789473684210526,0.3359889816003423,2,19,0,54.40640001324937,5.3330999944591895,69.73789999028668,2.2791999945184216
EngineeringROI_B10,JILONG_EI_0119,1110,B10,195;218;58;35;86;60;3;225;161;13;49;174;216;104;90;133;10;46;156,0.1,19,125,19,0.1251694220888116,20520.0,True,0.6606315789473683,0.0526315789473684,0.562799043062201,0.0789473684210526,0.3387523923444976,2,19,0,54.6669000032125,5.106500000692904,69.70009999349713,2.237000007880852
EngineeringROI_B10,JILONG_EI_0119,1120,B10,195;218;58;44;225;35;86;3;13;77;174;88;161;46;216;49;133;121;156,0.1,19,125,19,0.1590921273288358,20520.0,True,0.6795789473684211,0.0526315789473684,0.5565638233514821,0.0789473684210526,0.3419304295220811,2,19,0,54.91859999892768,6.494399989605881,70.72400000470225,2.250999998068437
EngineeringROI_B10,JILONG_EI_0119,1130,B10,195;218;3;58;44;86;225;35;88;49;121;161;13;157;94;216;117;46;26,0.1,19,125,19,0.1762066298596381,20610.0,True,0.7153684210526317,0.0526315789473684,0.5373317013463893,0.0789473684210526,0.3460697674418604,2,19,0,54.72030000237282,7.058000002871268,70.30279999889899,2.242499991552904
EngineeringROI_B10,JILONG_EI_0119,1140,B10,195;3;218;58;44;225;88;86;35;13;94;161;121;49;157;46;117;171;26,0.1,19,125,19,0.1769111194492729,20670.0,True,0.719157894736842,0.0526315789473684,0.5350877192982456,0.0789473684210526,0.3464561403508771,2,19,0,55.70630000147503,4.720500000985339,70.04649999726098,2.918199999839999
EngineeringROI_B10,JILONG_EI_0119,1150,B10,195;3;60;217;225;58;86;88;35;13;46;161;219;121;49;91;174;5;94,0.1,19,125,19,0.1119755572742378,20700.0,True,0.6673684210526316,0.0526315789473684,0.5922498554077501,0.0789473684210526,0.3477993059572006,2,19,0,55.70869999064598,4.694300005212426,70.84310000936966,2.2339999995892867
EngineeringROI_B10,JILONG_EI_0119,1160,B10,195;3;225;44;219;217;41;86;74;88;121;13;161;34;77;158;46;133;206,0.1,19,125,19,0.1628443001431951,20790.0,True,0.6547368421052632,0.0526315789473684,0.6310130164119977,0.0789473684210526,0.3543322014714204,2,19,0,55.08049999480136,5.030800006352365,72.22849999379832,3.422100009629503
EngineeringROI_B10,JILONG_EI_0119,1170,B10,195;3;219;225;217;74;60;86;14;34;161;88;121;141;41;28;174;94;46,0.1,19,125,19,0.1378732071888568,20820.0,True,0.7536842105263157,0.0526315789473684,0.5540166204986149,0.0789473684210526,0.3598199445983379,2,19,0,57.09709999791812,4.798600013600662,70.30210000812076,2.288100004079752
EngineeringROI_B10,JILONG_EI_0119,1180,B10,195;225;44;35;201;3;58;86;88;121;157;161;77;13;90;49;117;128;46,0.1,19,124,19,0.1621015230758628,20910.0,True,0.6668081494057724,0.0526315789473684,0.6018306636155607,0.0789473684210526,0.3500544400974385,2,19,0,54.64349999965634,4.726200000732206,70.3334999998333,2.2471999982371926
EngineeringROI_B10,JILONG_EI_0119,1190,B10,195;225;201;44;58;3;128;86;77;121;90;88;13;161;141;49;174;46;35,0.1,19,124,19,0.1397799235781945,20940.0,True,0.7084040747028862,0.0526315789473684,0.6100735710243351,0.0789473684210526,0.3625141482739106,2,19,0,54.56409999169409,5.700099995010532,70.46730000001844,2.3418999917339534
EngineeringROI_B10,JILONG_EI_0119,1200,B10,195;225;219;44;201;58;3;86;13;121;77;161;88;90;141;49;46;128;35,0.1,19,125,19,0.1380493295862655,21030.0,True,0.7305263157894738,0.0526315789473684,0.5946248600223965,0.0789473684210526,0.3641825307950728,2,19,0,57.23919998854399,4.920799998217262,72.49909998790827,2.5705000007292256
EngineeringROI_B10,JILONG_EI_0119,1210,B10,195;225;60;58;201;88;86;3;121;219;13;128;141;49;161;133;94;135;27,0.1,19,125,19,0.1526215435979508,21060.0,True,0.727157894736842,0.0526315789473684,0.5563909774436089,0.0789473684210526,0.353781954887218,2,19,0,55.87399999785703,5.696599997463636,71.19559998682234,2.322299988009036
EngineeringROI_B10,JILONG_EI_0119,1220,B10,195;225;3;44;58;217;88;86;141;35;121;13;90;128;49;161;77;116;235,0.1,19,124,19,0.1454924152506681,21090.0,True,0.7109507640067912,0.0526315789473684,0.616374269005848,0.0789473684210526,0.3647259950952651,2,19,0,55.37410000397358,4.777900001499802,70.25689999863971,2.298199993674644
EngineeringROI_B10,JILONG_EI_0119,1230,B10,195;225;3;217;58;60;88;86;161;90;141;13;34;121;174;235;133;94;213,0.1,19,124,19,0.131976935623435,21120.0,True,0.668081494057725,0.0526315789473684,0.6321637426900585,0.0789473684210526,0.3579560460290511,2,19,0,54.53870000201277,4.765699995914474,69.6719999978086,2.215500004240312
EngineeringROI_B10,JILONG_EI_0119,1240,B10,195;3;225;217;44;58;88;86;121;219;161;35;141;13;77;49;117;26;55,0.1,19,125,19,0.1888644699864462,21120.0,True,0.7738947368421053,0.0526315789473684,0.5286292654713707,0.0789473684210526,0.3585257374204743,2,19,0,53.93939999339637,5.277100004605018,71.39440000173636,2.322899992577732
EngineeringROI_B10,JILONG_EI_0119,1250,B10,195;225;3;60;217;58;219;121;88;86;161;90;13;157;34;128;94;116;55,0.1,19,125,19,0.1429884142092487,21120.0,True,0.7465263157894736,0.0526315789473684,0.5835240274599542,0.0789473684210526,0.3654073226544622,2,19,0,55.44009999721311,5.800800005090423,71.13529999332968,2.2551000001840293
EngineeringROI_B10,JILONG_EI_0119,1260,B10,195;225;3;217;44;58;88;121;86;161;34;128;94;13;158;235;156;116;55,0.1,19,124,19,0.1648046190013094,21120.0,True,0.7355687606112055,0.0526315789473684,0.5801301005322295,0.0789473684210526,0.361819452127964,2,19,0,55.648900000960566,4.888300012680702,71.10409998858813,2.7995999989798293
EngineeringROI_B10,JILONG_EI_0119,1270,B10,195;225;3;217;58;88;86;44;119;121;13;161;128;90;34;158;251;77;55,0.1,19,125,19,0.1484175785467605,21180.0,True,0.7052631578947368,0.0526315789473684,0.6238911886457718,0.0789473684210526,0.3651833234772324,2,19,0,54.41759999666829,5.184299996471964,71.05699999374337,2.32759999926202
EngineeringROI_B10,JILONG_EI_0119,1280,B10,195;225;3;217;58;88;44;86;121;13;90;35;161;251;77;158;49;55;133,0.1,19,125,19,0.168786516681854,21180.0,True,0.727578947368421,0.0526315789473684,0.5909090909090908,0.0789473684210526,0.3625167464114833,2,19,0,54.38659999344964,5.078199988929555,70.60569999157451,2.289399999426678
EngineeringROI_B10,JILONG_EI_0119,1290,B10,195;225;3;217;60;58;88;86;121;90;13;251;141;49;94;161;174;55;35,0.1,19,125,19,0.128577007603893,21210.0,True,0.7347368421052631,0.0526315789473684,0.563571850975754,0.0789473684210526,0.3574719101123595,2,19,0,55.09259999962524,4.759200004627928,69.75409999722615,2.8923000063514337
EngineeringROI_B10,JILONG_EI_0119,1300,B10,195;225;3;217;44;58;121;86;90;88;141;13;161;34;235;94;46;213;174,0.1,19,124,19,0.1307900238148111,21210.0,True,0.6646859083191852,0.0526315789473684,0.6179775280898877,0.0789473684210526,0.3535605959443734,2,19,0,54.43649999506306,4.630499999620952,69.9841000023298,2.5854999985313043
EngineeringROI_B10,JILONG_EI_0119,1310,B10,195;225;3;217;219;58;60;86;128;121;88;161;90;34;157;13;133;94;55,0.1,19,125,19,0.1462122198313819,21210.0,True,0.745684210526316,0.0526315789473684,0.5824175824175825,0.0789473684210526,0.3649201850780798,2,19,0,54.73600000550505,4.618099992512725,70.34189999103546,2.288499992573634
EngineeringROI_B10,JILONG_EI_0119,1320,B10,195;225;3;217;44;58;128;86;121;13;88;161;141;35;235;77;46;26;55,0.1,19,124,19,0.172217074683554,21210.0,True,0.7555178268251272,0.0526315789473684,0.5384150030248034,0.0789473684210526,0.3563779443045879,2,19,0,54.16049998893868,5.964399999356829,70.56249999732245,2.2412999969674274
EngineeringROI_B10,JILONG_EI_0119,1330,B10,225;195;3;217;128;58;60;219;86;161;89;35;13;158;121;26;78;55;5,0.1,19,125,19,0.1649501114165601,21210.0,True,0.7587368421052632,0.0526315789473684,0.5156712004730929,0.0789473684210526,0.3514967474866943,2,19,0,54.83700000331737,4.805199991096743,71.85890000255313,3.300399999716319
EngineeringROI_B10,JILONG_EI_0119,1340,B10,225;195;2;217;219;60;58;161;86;88;13;157;121;26;49;51;199;55;91,0.1,19,125,19,0.1463500547510931,21210.0,True,0.7279999999999999,0.0526315789473684,0.5341802782819117,0.0789473684210526,0.3484398064125831,2,19,0,54.945500000030734,6.612800003495067,71.1005000048317,2.24829999206122
EngineeringROI_B10,JILONG_EI_0119,1350,B10,225;195;3;217;44;58;88;86;119;49;121;14;158;199;35;116;161;235;91,0.1,19,123,19,0.1322832354450153,21210.0,True,0.7154471544715447,0.0526315789473684,0.563467492260062,0.0789473684210526,0.3526233985250069,2,19,0,54.08470000838861,6.512499996460974,70.13069999811705,2.206300006946549
EngineeringROI_B10,JILONG_EI_0119,1360,B10,225;195;3;217;44;58;86;141;88;121;49;90;199;133;174;94;26;155;235,0.1,19,124,19,0.1614046909817675,21210.0,True,0.7113752122241086,0.0526315789473684,0.5206766917293233,0.0789473684210526,0.3409077128304632,2,19,0,54.74849999882281,5.007300002034754,70.46250000712462,3.310300002340228
EngineeringROI_B10,JILONG_EI_0119,1370,B10,225;195;3;217;60;58;86;155;89;13;121;157;161;199;94;34;26;46;99,0.1,19,124,19,0.1396114586763253,21210.0,True,0.7321731748726655,0.0526315789473684,0.518266253869969,0.0789473684210526,0.3455045940277639,2,19,0,54.08459999307525,4.8462999984622,70.18580001022201,2.214600011939183
EngineeringROI_B10,JILONG_EI_0119,1380,B10,225;195;3;218;44;58;86;155;90;128;34;161;13;88;199;141;46;94;135,0.1,19,124,19,0.1268770435941221,21210.0,True,0.7342954159592531,0.0526315789473684,0.5457393483709273,0.0789473684210526,0.3529034279246503,2,19,0,54.26790000637993,5.115799998748116,71.87400000111666,2.239099994767457
EngineeringROI_B10,JILONG_EI_0119,1390,B10,225;195;3;218;155;60;58;86;141;88;90;34;128;161;13;199;46;10;94,0.1,19,124,19,0.1114625050730908,21210.0,True,0.7729202037351444,0.0526315789473684,0.5322966507177034,0.0789473684210526,0.3591989504553172,2,19,0,55.00699998810887,5.464799993205816,70.4738000058569,2.241800000774674
EngineeringROI_B10,JILONG_EI_0119,1400,B10,225;195;2;219;44;217;86;58;119;155;89;13;128;161;35;199;157;46;10,0.1,19,125,19,0.119051083152744,21210.0,True,0.7452631578947368,0.0526315789473684,0.5671200473092842,0.0789473684210526,0.3609905381431105,2,19,0,58.30930000229273,6.659100006800145,70.54780000180472,2.636199991684407
EngineeringROI_B10,JILONG_EI_0119,1410,B10,225;195;3;218;58;60;86;155;10;161;90;128;14;157;199;34;46;72;28,0.1,19,124,19,0.1180632662281474,21210.0,True,0.7483022071307301,0.0526315789473684,0.5347852389594676,0.0789473684210526,0.3536665983646547,2,19,0,54.79460000060499,5.1998000126332045,70.81029999244493,2.221400005510077
EngineeringROI_B10,JILONG_EI_0119,1420,B10,225;195;3;57;44;218;86;141;155;128;161;89;34;199;10;94;174;133;99,0.1,19,124,19,0.145025308022758,21210.0,True,0.7805602716468591,0.0526315789473684,0.5101674641148325,0.0789473684210526,0.3555766707825281,2,19,0,55.05199999606703,5.055699992226437,70.4773000034038,2.420799995888956
EngineeringROI_B10,JILONG_EI_0119,1430,B10,225;195;2;57;219;60;86;217;128;141;199;90;155;161;14;10;34;174;104,0.1,19,125,19,0.0976407256242773,21240.0,True,0.7330526315789474,0.0526315789473684,0.5606150206978119,0.0789473684210526,0.3563116499112951,2,19,0,55.5583000095794,4.702000005636364,71.05070000397973,2.264499999000691
EngineeringROI_B10,JILONG_EI_0119,1440,B10,225;195;3;57;219;217;44;86;119;161;90;10;157;112;155;88;34;94;165,0.1,19,124,19,0.1325359327978191,21240.0,True,0.754244482173175,0.0526315789473684,0.5710828796128252,0.0789473684210526,0.3642265772886052,2,19,0,54.54860000463668,4.990699992049485,70.02270000521094,2.238499990198761
EngineeringROI_B10,JILONG_EI_0129,10,B10,78;128;195;219;106;206;4;49;84;192;158;13;46;251;44;57;10;156;217,0.1,19,128,19,0.0953205044758061,,False,0.7002467105263158,0.0,0.7788550323176363,0.0526315789473684,0.38293333044783,1,19,0,55.60410000907723,4.565900002489798,70.53450000239536,2.2807000059401616
EngineeringROI_B10,JILONG_EI_0129,20,B10,77;13;235;210;112;33;192;158;202;190;121;69;5;10;46;44;66;74;229,0.1,19,125,19,0.1019595531085603,17010.0,True,0.7553684210526315,0.0526315789473684,0.6801270417422868,0.0350877192982456,0.380803690260133,1,19,0,54.95610000798479,6.478600000264123,70.11500000953674,2.623899999889545
EngineeringROI_B10,JILONG_EI_0129,30,B10,77;74;240;29;50;69;105;119;112;158;206;195;218;36;27;4;99;252;192,0.1,19,126,19,0.1139741636100497,22410.0,True,0.706766917293233,0.0526315789473684,0.6486729644624382,0.087719298245614,0.3739476897371634,2,19,0,54.20220000087284,5.278000011458062,69.87680000020191,2.2391999955289066
EngineeringROI_B10,JILONG_EI_0129,40,B10,77;84;106;50;74;13;202;240;119;112;195;44;206;4;158;232;252;46;10,0.1,19,127,19,0.1029320550420779,22470.0,True,0.7210940737670949,0.0526315789473684,0.691923774954628,0.0526315789473684,0.3795702516541149,1,19,0,54.440899999463,5.236099998001009,70.2434999984689,2.2564000100828707
EngineeringROI_B10,JILONG_EI_0129,50,B10,61;58;121;50;13;232;112;202;195;19;240;235;90;88;177;86;206;27;157,0.1,19,126,19,0.1283243102510892,22410.0,True,0.6675020885547202,0.0526315789473684,0.6486611265004616,0.0701754385964912,0.3597425581497603,2,19,0,54.55240000446793,4.698699995060451,69.96439999784343,2.265500006615184
EngineeringROI_B10,JILONG_EI_0129,60,B10,61;58;203;49;157;240;29;251;176;104;91;217;4;134;93;206;35;128;195,0.1,19,124,19,0.0957416667304791,22470.0,True,0.6786926994906621,0.0526315789473684,0.6874999999999999,0.0526315789473684,0.3678639643463497,1,19,0,54.745399989769794,5.403500006650575,70.82069999887608,2.195900000515394
EngineeringROI_B10,JILONG_EI_0129,70,B10,44;34;57;195;128;240;47;218;91;121;66;157;206;20;232;88;77;68;32,0.1,19,126,19,0.1225046136410625,22410.0,True,0.7380952380952381,0.0526315789473684,0.6704599336178283,0.0526315789473684,0.3784545824019508,1,19,0,55.134199996246025,4.689900000812486,70.1851999911014,2.24539999908302
EngineeringROI_B10,JILONG_EI_0129,80,B10,44;76;219;58;47;13;121;232;240;112;192;51;69;135;33;195;206;158;201,0.1,19,128,19,0.1021050455238109,22470.0,True,0.6595394736842105,0.0526315789473684,0.6779333655239015,0.087719298245614,0.3694559291002736,2,19,0,56.33249999664258,4.732700006570667,70.00960000732448,2.2520999918924645
EngineeringROI_B10,JILONG_EI_0129,90,B10,44;57;90;155;76;240;203;128;217;121;49;157;235;195;26;206;51;119;100,0.1,19,126,19,0.1219149864845203,22470.0,True,0.6624895572263995,0.0526315789473684,0.6613060428849904,0.0526315789473684,0.3572646895015316,1,19,0,55.36650000431109,4.681299993535504,70.14689999050461,2.4230999988503754
EngineeringROI_B10,JILONG_EI_0129,100,B10,28;61;58;219;121;91;240;195;26;49;155;201;206;251;69;14;5;128;157,0.1,19,124,19,0.1388074216446768,22470.0,True,0.6511035653650254,0.0526315789473684,0.6015037593984962,0.087719298245614,0.348239550489126,2,19,0,54.67090000456665,4.7011999995447695,71.42079999903217,2.8626999992411584
EngineeringROI_B10,JILONG_EI_0129,110,B10,28;57;121;202;235;91;128;195;60;10;135;50;240;20;88;229;206;32;78,0.1,19,124,19,0.1143953258647226,22470.0,True,0.6999151103565365,0.0526315789473684,0.6072492552135055,0.0526315789473684,0.3531068808661947,1,19,0,55.49659999087453,7.66509999812115,70.75059998896904,2.417700001387857
EngineeringROI_B10,JILONG_EI_0129,120,B10,27;13;61;235;202;47;74;121;240;232;88;41;195;66;206;128;20;135;156,0.1,19,124,19,0.1276198206614544,22470.0,True,0.6952461799660442,0.0526315789473684,0.6489572989076465,0.0526315789473684,0.3623666591921068,1,19,0,55.22619999828749,5.274300012388267,71.49780000327155,2.278399988426827
EngineeringROI_B10,JILONG_EI_0129,130,B10,27;29;235;217;240;47;61;58;104;90;203;112;174;195;156;206;34;185;69,0.1,19,123,19,0.1204217748543161,22470.0,True,0.686777920410783,0.0526315789473684,0.6797418073485602,0.087719298245614,0.3767176512380814,2,19,0,54.84029999934137,5.180799998925068,70.56370000645984,2.325300010852516
EngineeringROI_B10,JILONG_EI_0129,140,B10,27;202;57;60;47;121;69;29;195;91;240;174;112;232;103;192;89;25;50,0.1,19,124,19,0.1188902757464143,22470.0,True,0.7253820033955857,0.0526315789473684,0.6405879563774303,0.087719298245614,0.3765802092414996,2,19,0,55.90019999362994,4.901299995253794,71.0016000084579,2.2438000014517456
EngineeringROI_B10,JILONG_EI_0129,150,B10,27;202;90;121;235;47;61;3;29;112;170;195;176;57;241;69;32;5;102,0.1,19,123,19,0.1136066038241532,22470.0,True,0.6983311938382543,0.0263157894736842,0.6631578947368422,0.087719298245614,0.3688810440735985,2,19,0,54.567700004554354,4.681199992774054,70.33299999602605,2.262800000607968
EngineeringROI_B10,JILONG_EI_0129,160,B10,26;58;106;219;195;217;240;128;186;44;177;251;156;101;20;49;104;71;206,0.1,19,121,19,0.1560750740862693,22470.0,True,0.628099173553719,0.0526315789473684,0.7037037037037038,0.0526315789473684,0.3592665087880399,1,19,0,54.721400010748766,4.743600002257153,70.52870000188705,2.255300001706928
EngineeringROI_B10,JILONG_EI_0129,170,B10,58;26;90;195;121;186;218;240;232;60;156;50;88;177;28;20;86;128;229,0.1,19,121,19,0.1378425772066988,22470.0,True,0.7229230100043497,0.0526315789473684,0.6405163853028798,0.0701754385964912,0.3715616032127724,2,19,0,55.96290000539739,4.815799999050796,70.66779999877326,2.3170000058598816
EngineeringROI_B10,JILONG_EI_0129,180,B10,25;106;57;195;202;45;240;27;192;49;88;156;233;133;158;35;206;128;23,0.1,19,121,19,0.1352160562366472,22500.0,True,0.6842105263157895,0.0526315789473684,0.6379142300194932,0.0526315789473684,0.3568469785575048,1,19,0,54.85260000568815,4.800900002010167,71.1001000017859,3.517200006172061
EngineeringROI_B10,JILONG_EI_0129,190,B10,25;57;106;202;49;195;156;88;240;232;177;174;20;251;44;206;13;77;135,0.1,19,122,19,0.1340291444280233,22470.0,True,0.6747195858498705,0.0526315789473684,0.6842105263157896,0.0526315789473684,0.3660483175150992,1,19,0,54.35359998955391,4.811899998458102,71.54789999185596,2.2776999976485968
EngineeringROI_B10,JILONG_EI_0129,200,B10,25;58;106;88;240;251;201;157;195;44;233;50;177;13;36;229;69;77;128,0.1,19,120,19,0.1478892113545344,22470.0,True,0.6618421052631579,0.0526315789473684,0.6115288220551379,0.087719298245614,0.3534304511278195,2,19,0,54.5171000121627,4.685499996412545,72.6247999991756,3.663700001197867
EngineeringROI_B10,JILONG_EI_0129,210,B10,41;10;105;112;217;251;157;49;74;69;44;195;177;77;240;4;170;71;134,0.1,19,118,19,0.1581196253953182,22470.0,True,0.6213202497769847,0.0526315789473684,0.659919028340081,0.087719298245614,0.355397538827512,2,19,0,54.95610000798479,5.482200009282678,70.74190001003444,2.266299998154864
EngineeringROI_B10,JILONG_EI_0129,220,B10,40;251;106;88;74;216;49;240;202;195;10;44;69;177;77;157;155;112;120,0.1,19,118,19,0.1477896639125207,22470.0,True,0.6556645851917932,0.0526315789473684,0.6518218623481781,0.087719298245614,0.3619593311832384,2,19,0,54.7666000056779,5.289500011713244,70.04810000944417,2.4245999957202
EngineeringROI_B10,JILONG_EI_0129,230,B10,251;58;40;195;106;217;88;219;44;177;49;240;69;77;26;120;174;170;35,0.1,19,119,19,0.1659838733143938,22470.0,True,0.62406015037594,0.0526315789473684,0.6433316300459888,0.087719298245614,0.3519356644037278,2,19,0,54.63220000092406,4.835899992031045,71.26950001111254,2.269199991133064
EngineeringROI_B10,JILONG_EI_0129,240,B10,251;58;232;195;106;104;240;219;29;77;51;135;25;49;201;69;170;177;157,0.1,19,120,19,0.1351088512990941,22470.0,True,0.6429824561403509,0.0526315789473684,0.6388218252052148,0.087719298245614,0.3555387896346371,2,19,0,56.53919999895152,5.0245000020368025,73.30039999214932,2.56019999505952
EngineeringROI_B10,JILONG_EI_0129,250,B10,58;251;232;195;88;240;106;219;77;24;44;10;49;157;206;69;177;55;14,0.1,19,122,19,0.1439762311338453,22470.0,True,0.6962899050905953,0.0526315789473684,0.5822966507177034,0.087719298245614,0.3547343582503203,2,19,0,55.37669999466743,4.683099992689677,70.22010000946466,2.2027999948477373
EngineeringROI_B10,JILONG_EI_0129,260,B10,232;58;88;251;195;106;240;202;77;10;44;66;86;23;157;35;112;46;3,0.1,19,122,19,0.1321071130476066,22470.0,True,0.6729939603106126,0.0526315789473684,0.6055045871559632,0.0789473684210526,0.3525193737087493,2,19,0,54.33680000714958,4.639699996914715,70.37130001117475,2.249700002721511
EngineeringROI_B10,JILONG_EI_0129,270,B10,232;88;57;195;251;240;90;10;77;23;219;34;44;86;20;157;112;201;155,0.1,19,123,19,0.136808815308865,22470.0,True,0.6337184424475824,0.0526315789473684,0.6443812233285918,0.0789473684210526,0.3524196532861487,2,19,0,55.121600002166815,4.744400008348748,71.82969999848865,3.0389999883482237
EngineeringROI_B10,JILONG_EI_0129,280,B10,57;119;232;195;88;251;240;13;77;44;112;202;35;10;49;86;157;106;23,0.1,19,124,19,0.1284544876752609,22470.0,True,0.6494057724957556,0.0526315789473684,0.6447368421052633,0.0789473684210526,0.3564303904923599,2,19,0,56.24869999883231,5.178599996725097,70.00620001053903,2.200299990363419
EngineeringROI_B10,JILONG_EI_0129,290,B10,240;195;57;119;232;105;86;112;77;29;49;35;10;202;157;147;23;235;192,0.1,19,125,19,0.1083076169108131,22470.0,True,0.6189473684210527,0.0526315789473684,0.65466297322253,0.0789473684210526,0.3512973222530009,2,19,0,55.13100000098348,4.766099998960272,69.9499000038486,2.3384999949485064
EngineeringROI_B10,JILONG_EI_0129,300,B10,195;232;57;88;240;86;119;77;44;106;112;147;49;174;35;202;46;24;14,0.1,19,125,19,0.1332327648919144,22470.0,True,0.6336842105263158,0.0526315789473684,0.6148113646949231,0.0789473684210526,0.3450186306474149,2,19,0,54.7322000056738,4.848800002946518,70.29760000295937,2.2776999976485968
EngineeringROI_B10,JILONG_EI_0129,310,B10,195;57;232;240;119;105;86;77;128;218;66;23;44;147;34;157;25;13;4,0.1,19,125,19,0.1463270822644745,22470.0,True,0.648421052631579,0.0526315789473684,0.6138798323241733,0.0789473684210526,0.3484699580810433,2,19,0,54.683599999407306,4.966699998476543,70.26999999652617,2.59580000420101
EngineeringROI_B10,JILONG_EI_0129,320,B10,195;58;240;233;105;119;86;44;35;77;128;10;147;202;157;14;49;192;40,0.1,19,125,19,0.1515954391956566,22470.0,True,0.6509473684210526,0.0526315789473684,0.575154101469891,0.0789473684210526,0.3394201043148411,2,19,0,55.189100006828085,7.1339999994961545,70.31300000380725,2.236599990283139
EngineeringROI_B10,JILONG_EI_0129,330,B10,195;57;240;232;86;105;218;128;77;66;44;147;119;176;35;206;174;156;25,0.1,19,125,19,0.1491986430917904,22470.0,True,0.6538947368421052,0.0526315789473684,0.5808270676691729,0.0789473684210526,0.3415751879699248,2,19,0,54.85950000002049,4.853399994317442,70.64920000266284,2.2573000023839995
EngineeringROI_B10,JILONG_EI_0129,340,B10,195;58;240;105;233;34;86;13;66;128;77;176;147;44;23;119;46;174;156,0.1,19,125,19,0.1284927751529584,22470.0,True,0.6673684210526316,0.0526315789473684,0.574718045112782,0.0789473684210526,0.3434163533834586,2,19,0,56.11569999018684,5.5690999870421365,69.99849999556318,2.296200007549487
EngineeringROI_B10,JILONG_EI_0129,350,B10,195;240;57;13;232;34;86;218;105;77;176;44;128;206;66;147;10;157;23,0.1,19,125,19,0.1285999800905116,22470.0,True,0.687578947368421,0.0526315789473684,0.5531015037593986,0.0789473684210526,0.3430648496240601,2,19,0,54.29569999978412,5.728500007535331,72.19739998981822,3.017700000782497
EngineeringROI_B10,JILONG_EI_0129,360,B10,195;240;13;57;34;218;86;105;44;176;77;128;174;4;25;147;66;156;216,0.1,19,125,19,0.151059414507891,22470.0,True,0.6475789473684211,0.0526315789473684,0.5717044905842589,0.0789473684210526,0.3377155963302752,2,19,0,54.808800006867386,4.828299992368557,71.08249999873806,2.695800008950755
EngineeringROI_B10,JILONG_EI_0129,370,B10,195;240;58;105;34;86;218;13;77;176;44;10;20;206;128;72;119;156;216,0.1,19,126,19,0.1308512837791272,22470.0,True,0.6854636591478698,0.0526315789473684,0.5409610983981693,0.0789473684210526,0.339500926228615,2,19,0,56.20799999451265,4.755999994813465,70.19900000886992,2.2272000060183927
EngineeringROI_B10,JILONG_EI_0129,380,B10,195;240;34;74;41;86;218;77;88;120;29;192;206;4;147;156;174;66;27,0.1,19,125,19,0.1422073496642188,22470.0,True,0.6336842105263158,0.0526315789473684,0.5868653935724266,0.0789473684210526,0.3380321378667908,2,19,0,54.38119999598712,5.200600004172884,71.36819999141153,3.0556999990949407
EngineeringROI_B10,JILONG_EI_0129,390,B10,195;240;34;218;74;86;13;105;119;176;44;41;77;10;147;4;156;66;174,0.1,19,125,19,0.142360499575009,22470.0,True,0.6867368421052632,0.0526315789473684,0.5589194224499301,0.0789473684210526,0.3443088029809036,2,19,0,54.24620000121649,5.096499997307546,70.70919999387115,2.627800000482239
EngineeringROI_B10,JILONG_EI_0129,400,B10,195;240;34;74;86;218;105;119;4;176;29;77;41;147;66;156;27;206;79,0.1,19,125,19,0.1498112427349511,22470.0,True,0.7174736842105264,0.0526315789473684,0.4898055950687529,0.0789473684210526,0.334714556661925,2,19,0,55.28260000573937,6.819499991252087,72.01519999944139,2.238300003227778
EngineeringROI_B10,JILONG_EI_0129,410,B10,195;240;34;218;86;57;90;120;44;13;4;88;77;46;134;147;66;192;156,0.1,19,125,19,0.1288143899656178,22440.0,True,0.6054736842105263,0.0526315789473684,0.6354066985645932,0.0789473684210526,0.3431148325358851,2,19,0,54.507599998032674,5.589099993812852,71.15760000306182,2.2332000080496077
EngineeringROI_B10,JILONG_EI_0129,420,B10,195;240;34;86;218;74;4;120;41;14;147;44;88;106;176;93;156;68;174,0.1,19,125,19,0.1320611680743696,22440.0,True,0.6370526315789473,0.0526315789473684,0.5836889521100046,0.0789473684210526,0.3380801327643433,2,19,0,57.63900000602007,4.755200003273785,70.60189999174327,2.2533000010298565
EngineeringROI_B10,JILONG_EI_0129,430,B10,195;240;34;218;86;74;4;13;120;147;41;44;106;156;66;77;176;229;72,0.1,19,125,19,0.1426514844055103,22440.0,True,0.6741052631578949,0.0526315789473684,0.5464114832535885,0.0789473684210526,0.338023923444976,2,19,0,54.37079998955596,4.721200006315485,70.78979999641888,2.3538000095868483
EngineeringROI_B10,JILONG_EI_0129,440,B10,195;240;34;86;218;74;4;105;229;147;119;44;13;77;41;206;84;176;66,0.1,19,126,19,0.1348178664685927,22440.0,True,0.6804511278195488,0.0526315789473684,0.5422932330827067,0.0789473684210526,0.3385808270676692,2,19,0,54.13720000069589,5.800700004328974,70.45299999299459,2.2323000011965632
EngineeringROI_B10,JILONG_EI_0129,450,B10,195;240;34;86;13;218;4;57;119;90;147;44;229;84;78;176;46;66;252,0.1,19,126,19,0.1258662541829069,22440.0,True,0.6470342522974102,0.0526315789473684,0.5709586466165414,0.0789473684210526,0.3373929615705932,2,19,0,55.4783999978099,5.177200000616722,71.35930001095403,2.450800006045029
EngineeringROI_B10,JILONG_EI_0129,460,B10,195;240;119;90;86;57;34;29;20;217;147;252;77;84;192;219;156;24;174,0.1,19,127,19,0.1143493808914856,22410.0,True,0.6000828843762951,0.0526315789473684,0.6311172668513388,0.0789473684210526,0.3406947746490137,2,19,0,54.17029999080114,4.837400003452785,71.2031000002753,2.3252000100910664
EngineeringROI_B10,JILONG_EI_0129,470,B10,195;241;119;86;218;34;57;4;147;90;44;84;13;252;78;88;156;25;176,0.1,19,127,19,0.1348484964507508,22410.0,True,0.6493990882718608,0.0526315789473684,0.5609418282548476,0.0789473684210526,0.3354799659737823,2,19,0,55.12509999971371,5.412800004705787,70.67210000241175,2.277499996125698
EngineeringROI_B10,JILONG_EI_0129,480,B10,195;241;86;34;218;58;119;4;84;147;44;72;252;78;46;40;105;156;177,0.1,19,127,19,0.1438154237275156,22410.0,True,0.6448404475756319,0.0526315789473684,0.5346260387811634,0.0789473684210526,0.3277613584313041,2,19,0,60.65420000231825,7.324699996388517,77.34360000176821,2.641599989146925
EngineeringROI_B10,JILONG_EI_0129,490,B10,195;86;34;119;57;84;217;4;90;241;61;29;252;192;79;156;174;25;219,0.1,19,127,19,0.1214785092387683,22410.0,True,0.6000828843762951,0.0526315789473684,0.568234746157429,0.0789473684210526,0.3249741444755362,2,19,0,54.88989999867045,5.512499992619269,70.07489999523386,2.26170000678394
EngineeringROI_B10,JILONG_EI_0129,500,B10,195;86;34;84;74;119;241;20;41;217;44;78;235;13;176;106;156;174;88,0.1,19,127,19,0.1352313712277262,22410.0,True,0.5822627434728553,0.0526315789473684,0.5902255639097744,0.0789473684210526,0.3260168136877627,2,19,0,55.06060000334401,4.848399999900721,71.68590000947006,2.284800008055754
EngineeringROI_B10,JILONG_EI_0129,510,B10,195;119;86;34;4;57;218;84;78;44;225;176;105;165;157;229;206;13;232,0.1,19,126,19,0.1354228086162139,21690.0,True,0.5492898913951546,0.0526315789473684,0.5905359729599229,0.0789473684210526,0.3178512029308746,2,19,0,54.65609999373555,7.609799999045208,70.56439999723807,2.266600000439212
EngineeringROI_B10,JILONG_EI_0129,520,B10,195;119;86;20;58;84;51;49;218;78;60;46;147;192;106;161;157;13;27,0.1,19,126,19,0.1272446033800185,17010.0,True,0.6278195488721805,0.0,0.5974395448079658,0.0789473684210526,0.3260516155252997,2,19,0,55.43969999416731,5.0799000018741935,70.32460000482388,2.950299996882677
EngineeringROI_B10,JILONG_EI_0129,530,B10,195;86;119;58;84;4;49;44;217;35;78;14;88;106;192;235;25;147;156,0.1,19,126,19,0.1308665987702062,17010.0,True,0.5910609857978278,0.0,0.6169590643274853,0.0789473684210526,0.3217418546365915,2,19,0,54.294300003675744,4.813899999135174,71.79680000990629,2.753900000243448
EngineeringROI_B10,JILONG_EI_0129,540,B10,195;86;58;119;84;4;218;34;78;60;166;29;174;106;27;232;213;24;155,0.1,19,126,19,0.1297715769080564,17010.0,True,0.655388471177945,0.0,0.5521531100478467,0.0789473684210526,0.3216222374117111,2,19,0,55.03820000740234,4.889400006504729,71.88519999908749,3.0798999941907823
EngineeringROI_B10,JILONG_EI_0129,550,B10,195;58;86;84;4;119;218;78;34;90;44;46;166;174;25;13;112;161;156,0.1,19,125,19,0.1332557373785329,17010.0,True,0.6694736842105263,0.0,0.5457562825983878,0.0789473684210526,0.3235443338074917,2,19,0,54.78279999806546,5.94049999199342,70.66959999792743,2.4006000021472573
EngineeringROI_B10,JILONG_EI_0129,560,B10,195;58;86;20;13;78;217;44;135;90;51;49;174;147;104;46;100;155;10,0.1,19,125,19,0.1221829988284031,17040.0,True,0.6181052631578948,0.0,0.578468899521531,0.0789473684210526,0.3188803827751196,2,19,0,54.83290000120178,5.190299998503178,70.31529999221675,3.3173999981954694
EngineeringROI_B10,JILONG_EI_0129,570,B10,195;58;86;4;78;29;34;68;201;60;135;174;89;27;213;170;66;165;192,0.1,19,125,19,0.1492675605516459,17040.0,True,0.5705263157894737,0.0,0.6205741626794259,0.0789473684210526,0.3175119617224881,2,19,0,54.57449999812525,4.763100005220622,70.7074000092689,2.2412999969674274
EngineeringROI_B10,JILONG_EI_0129,580,B10,195;84;86;4;119;41;78;74;34;13;44;218;72;216;105;174;10;155;46,0.1,19,125,19,0.1243270975794656,17040.0,True,0.6698947368421052,0.0,0.5704887218045112,0.0789473684210526,0.3298327067669173,2,19,0,54.75149999256246,5.632500004139729,69.89080000494141,2.2650000028079376
EngineeringROI_B10,JILONG_EI_0129,590,B10,195;84;90;86;58;78;4;119;218;34;44;13;216;128;25;174;156;72;52,0.1,19,125,19,0.1390601189974807,17070.0,True,0.6732631578947368,0.0,0.5626455519329298,0.0789473684210526,0.3287140195621797,2,19,0,54.26319999969565,5.919299990637228,70.34910000220407,2.3037000064505264
EngineeringROI_B10,JILONG_EI_0129,600,B10,195;84;58;86;4;78;218;46;44;35;119;13;89;49;25;174;216;156;91,0.1,19,125,19,0.1377660022513037,17070.0,True,0.6404210526315789,0.0,0.5685158843053578,0.0789473684210526,0.3219710763394974,2,19,0,55.23159999575,4.804899988812394,70.41990000288934,2.40240000130143
EngineeringROI_B10,JILONG_EI_0129,610,B10,195;84;58;86;4;78;90;35;218;44;119;13;174;213;156;33;10;192;66,0.1,19,125,19,0.1215703991852424,17100.0,True,0.6442105263157895,0.0,0.5694642010431484,0.0789473684210526,0.3231555239449976,2,19,0,54.918800000450574,4.981799997040071,71.17310000467114,2.310099996975623
EngineeringROI_B10,JILONG_EI_0129,620,B10,195;84;58;35;86;4;119;78;218;44;174;13;89;156;46;10;133;170;166,0.1,19,125,19,0.1387308466892818,17100.0,True,0.6791578947368421,0.0,0.5452821242294925,0.0789473684210526,0.3258468468468468,2,19,0,54.429800002253614,4.815399996004999,70.25940000312403,2.422699995804578
EngineeringROI_B10,JILONG_EI_0129,630,B10,195;84;58;35;86;78;119;4;44;218;89;13;133;25;174;155;214;165;147,0.1,19,125,19,0.1521927238477383,17100.0,True,0.7191578947368422,0.0,0.5111427216690374,0.0789473684210526,0.327311996206733,2,19,0,54.884500001207925,5.383199997595511,71.49529999878723,2.254000006360002
EngineeringROI_B10,JILONG_EI_0129,640,B10,195;84;58;20;86;78;34;60;217;29;119;90;174;206;25;88;156;27;252,0.1,19,125,19,0.1381412195327396,17100.0,True,0.6753684210526316,0.0,0.5473684210526316,0.0789473684210526,0.3254210526315789,2,19,0,56.00189999677241,4.765400008182041,70.81750000361353,2.340499995625578
EngineeringROI_B10,JILONG_EI_0129,650,B10,195;84;58;78;35;86;4;44;218;13;89;120;66;10;134;157;214;155;252,0.1,19,125,19,0.1257131042721167,17100.0,True,0.6652631578947368,0.0,0.5625301786576533,0.0789473684210526,0.3266851762433607,2,19,0,54.59790000168141,6.34130000253208,70.30190000659786,2.311900010681711
EngineeringROI_B10,JILONG_EI_0129,660,B10,195;84;74;41;86;78;35;4;218;44;174;13;49;105;10;134;156;214;148,0.1,19,125,19,0.1572773008859722,17100.0,True,0.680421052631579,0.0,0.552873008208595,0.0789473684210526,0.3280603573153066,2,19,0,54.84319999231957,4.879400003119372,71.9567000051029,3.698600005009212
EngineeringROI_B10,JILONG_EI_0129,670,B10,195;84;58;13;78;86;35;3;217;44;90;174;25;49;214;120;5;219;88,0.1,19,125,19,0.1319692781278955,17100.0,True,0.607578947368421,0.0,0.6335282651072125,0.0789473684210526,0.3300136452241715,2,19,0,55.49189999874216,5.094799998914823,71.34130000486039,2.2782000014558434
EngineeringROI_B10,JILONG_EI_0129,680,B10,195;84;35;78;74;86;41;3;218;44;14;46;156;134;174;10;104;49;214,0.1,19,125,19,0.1382331094792137,17100.0,True,0.6492631578947368,0.0,0.5721247563352826,0.0789473684210526,0.325083820662768,2,19,0,59.71169999975245,5.729600001359358,79.30209999904037,2.619599996251054
EngineeringROI_B10,JILONG_EI_0129,690,B10,195;84;74;20;78;86;41;218;29;51;60;174;27;128;156;165;104;170;240,0.1,19,125,19,0.1718571723931971,17100.0,True,0.6690526315789473,0.0,0.5519072911636891,0.0789473684210526,0.3249768227909222,2,19,0,56.86539999442175,4.771099993376993,69.74170000466984,2.5252999912481755
EngineeringROI_B10,JILONG_EI_0129,700,B10,195;84;58;13;35;3;78;86;44;90;218;174;46;156;170;66;56;25;147,0.1,19,125,19,0.1572773008859722,17160.0,True,0.727157894736842,0.0,0.5369386769676484,0.0789473684210526,0.3357609850313858,2,19,0,54.89369999850169,4.920900013530627,70.43669999984559,2.264499999000691
EngineeringROI_B10,JILONG_EI_0129,710,B10,195;84;13;3;86;78;57;218;35;89;174;44;10;24;156;49;46;147;135,0.1,19,125,19,0.1282400778001546,17160.0,True,0.6930526315789475,0.0,0.546595847416707,0.0789473684210526,0.3296489618541767,2,19,0,54.55719999736175,5.519099999219179,70.08249999489635,2.270700002554804
EngineeringROI_B10,JILONG_EI_0129,720,B10,195;84;58;3;103;35;13;78;217;44;206;89;235;174;25;71;213;147;155,0.1,19,124,19,0.1378119472245407,17160.0,True,0.6748726655348048,0.0,0.5833743236596164,0.0526315789473684,0.3277196420354474,1,19,0,55.05599999742117,4.678299999795854,70.1483000011649,2.7196000010007992
EngineeringROI_B10,JILONG_EI_0129,730,B10,195;84;3;86;74;13;78;41;35;218;44;105;165;174;214;66;156;116;46,0.1,19,124,19,0.1533336906831252,17160.0,True,0.6948217317487266,0.0,0.5141700404858298,0.0789473684210526,0.3219847851639023,2,19,0,54.44799999531824,4.895599995506927,70.24459999229293,2.2099999914644286
EngineeringROI_B10,JILONG_EI_0129,740,B10,195;84;13;58;3;86;35;78;44;218;89;56;49;116;10;157;166;214;135,0.1,19,123,19,0.1517792190886049,17160.0,True,0.7210098416773643,0.0,0.507085020242915,0.0789473684210526,0.3267605575853329,2,19,0,55.16519999946468,5.046999998739921,70.7741999940481,2.34910000290256
EngineeringROI_B10,JILONG_EI_0129,750,B10,195;84;3;58;86;13;35;78;44;201;90;219;49;10;174;116;56;156;104,0.1,19,123,19,0.1482644286359703,17160.0,True,0.6658108686350023,0.0,0.5574859478794072,0.0789473684210526,0.3255610462338655,2,19,0,54.77289999544155,5.448500000056811,72.04600000113714,2.989000000525266
EngineeringROI_B10,JILONG_EI_0129,760,B10,195;84;13;58;3;35;86;78;44;217;105;56;156;219;10;117;174;165;240,0.1,19,123,19,0.1678140147483364,17160.0,True,0.7163029525032093,0.0,0.506265664160401,0.0789473684210526,0.3253789962711658,2,19,0,55.03580000367947,4.746500009787269,72.02330000291113,3.068199992412701
EngineeringROI_B10,JILONG_EI_0129,770,B10,195;84;58;13;3;86;78;35;44;218;10;116;216;106;157;46;214;134;166,0.1,19,123,19,0.1379038371710148,17160.0,True,0.6632434745400086,0.0,0.5683198380566803,0.0789473684210526,0.3276276702544353,2,19,0,54.47740000090562,5.787000001873821,69.70279999950435,2.300199994351715
EngineeringROI_B10,JILONG_EI_0129,780,B10,195;84;3;74;86;35;41;78;217;13;44;174;105;156;235;117;23;10;165,0.1,19,123,19,0.1491833281007114,17160.0,True,0.7154471544715446,0.0,0.5197368421052632,0.0789473684210526,0.3285328412494652,2,19,0,54.54959999769926,4.629700008081272,69.81820000510197,2.591600001323968
EngineeringROI_B10,JILONG_EI_0129,790,B10,195;58;84;3;86;78;44;35;46;201;88;10;90;165;117;66;155;23;219,0.1,19,123,19,0.1393587613235215,17160.0,True,0.6538296961916988,0.0,0.5334008097165991,0.0789473684210526,0.3165444685823376,2,19,0,54.439400002593175,4.661200000555255,70.6522000109544,2.28689999494236
EngineeringROI_B10,JILONG_EI_0129,800,B10,195;84;3;74;86;41;44;35;78;13;206;217;10;117;156;105;49;170;192,0.1,19,124,19,0.15279000849982,17160.0,True,0.7101018675721562,0.0,0.5263157894736842,0.0789473684210526,0.3288412563667233,2,19,0,54.49379999481607,5.4078999964986,70.50850000814535,2.2401000023819506
EngineeringROI_B10,JILONG_EI_0129,810,B10,195;84;58;3;86;35;78;13;44;89;201;156;166;116;49;121;134;91;56,0.1,19,124,19,0.1510211270301935,17160.0,True,0.6727504244482173,0.0,0.544023610427939,0.0789473684210526,0.3239303508243022,2,19,0,54.69489999813959,5.350799998268485,70.4903000005288,2.24980000348296
EngineeringROI_B10,JILONG_EI_0129,820,B10,195;84;3;58;35;86;78;218;60;29;27;174;23;105;56;216;117;156;128,0.1,19,124,19,0.1576754906540267,17190.0,True,0.721986417657046,0.0,0.5036891293654697,0.0789473684210526,0.326155728860892,2,19,0,54.52489999879617,4.753400004119612,70.77550000394695,2.249700002721511
EngineeringROI_B10,JILONG_EI_0129,830,B10,195;84;3;74;86;35;13;41;44;78;217;165;219;215;157;117;105;128;10,0.1,19,124,19,0.1549647372330405,17190.0,True,0.6719015280135823,0.0,0.5625620655412116,0.0789473684210526,0.3283527404939616,2,19,0,54.70620001142379,5.055999994510785,69.64210000296589,2.628300004289485
EngineeringROI_B10,JILONG_EI_0129,840,B10,195;57;86;3;68;35;78;217;44;100;156;10;161;206;104;134;66;90;165,0.1,19,124,19,0.1372452925546171,17190.0,True,0.6095076400679118,0.0,0.5631067961165048,0.0789473684210526,0.3128904511513672,2,19,0,53.85430000023917,4.657999990740791,71.66899999720044,2.38099999842234
EngineeringROI_B10,JILONG_EI_0129,850,B10,195;84;57;86;3;35;218;78;44;161;174;105;46;134;23;156;214;25;5,0.1,19,124,19,0.1451401704558507,17190.0,True,0.6464346349745331,0.0,0.543178334184977,0.0789473684210526,0.3171400843951407,2,19,0,54.84709999291226,5.072200001450256,71.63239999499638,2.4365999997826293
EngineeringROI_B10,JILONG_EI_0129,860,B10,195;58;3;86;35;13;44;78;68;201;161;100;121;56;156;89;174;170;165,0.1,19,124,19,0.1629055601075112,17190.0,True,0.6723259762309,0.0,0.5106275303643726,0.0789473684210526,0.3154752187540812,2,19,0,55.3282000037143,4.8504000005777925,73.68770000175573,3.201300001819618
EngineeringROI_B10,JILONG_EI_0129,870,B10,195;58;3;86;44;13;78;217;36;23;68;161;50;117;105;157;215;235;170,0.1,19,124,19,0.1615578408925576,17190.0,True,0.6116298811544991,0.0,0.5732714138286894,0.0789473684210526,0.3159621658510603,2,19,0,54.68079999263864,4.822400005650707,71.43920000817161,2.231099992059171
EngineeringROI_B10,JILONG_EI_0129,880,B10,195;58;13;3;86;35;217;78;44;161;68;46;100;156;134;90;56;66;240,0.1,19,125,19,0.1676761798286252,17190.0,True,0.7052631578947368,0.0,0.5049652432969216,0.0789473684210526,0.3222939424031777,2,19,0,54.77210000390187,5.326200000126846,71.85590000881348,2.565199989476241
EngineeringROI_B10,JILONG_EI_0129,890,B10,195;58;84;13;86;4;218;78;35;44;161;147;156;116;25;46;88;232;56,0.1,19,125,19,0.1635334747417509,17190.0,True,0.768,0.0,0.4480927088363109,0.0789473684210526,0.3237600193143409,2,19,0,54.664600000251085,5.108600002131425,70.27369999559596,2.3615999962203205
EngineeringROI_B10,JILONG_EI_0129,900,B10,195;58;13;86;3;35;44;78;217;156;117;68;147;23;25;105;174;161;166,0.1,19,125,19,0.1635334747417509,17190.0,True,0.7237894736842104,0.0,0.4671679197994987,0.0789473684210526,0.3174761904761904,2,19,0,54.56400000548456,5.418099986854941,70.1548999932129,2.2539000055985525
EngineeringROI_B10,JILONG_EI_0129,910,B10,195;58;84;13;86;217;3;78;35;44;147;25;235;166;229;121;157;5;89,0.1,19,125,19,0.1347642639998162,17190.0,True,0.6522105263157895,0.0,0.5518796992481202,0.0789473684210526,0.3207593984962406,2,19,0,54.85450000560377,4.723999998532236,71.8881000066176,2.316500002052635
EngineeringROI_B10,JILONG_EI_0129,920,B10,195;74;86;3;41;217;13;35;78;44;46;66;156;134;219;229;105;5;100,0.1,19,125,19,0.1361579281880068,17190.0,True,0.6332631578947369,0.0,0.5714285714285715,0.0789473684210526,0.3209097744360902,2,19,0,55.25209999177605,5.054900000686757,71.37649999640416,2.3278000007849187
EngineeringROI_B10,JILONG_EI_0129,930,B10,195;58;86;217;13;78;4;44;35;161;10;100;165;219;156;56;105;134;174,0.1,19,125,19,0.1395119112343117,17190.0,True,0.6349473684210526,0.0,0.5381210034431874,0.0789473684210526,0.3130039350713232,2,19,0,56.16220000956673,7.061900003463961,70.61819999944419,2.358500001719221
EngineeringROI_B10,JILONG_EI_0129,940,B10,195;74;13;86;217;4;35;78;44;41;161;128;66;117;10;206;135;157;219,0.1,19,125,19,0.1543291651032613,17190.0,True,0.6837894736842105,0.0,0.515888778550149,0.0789473684210526,0.319656405163853,2,19,0,54.3069999985164,4.948900008457713,70.70589999784715,2.532599988626316
EngineeringROI_B10,JILONG_EI_0129,950,B10,195;13;58;86;218;3;161;44;50;78;52;5;117;25;216;174;56;156;105,0.1,19,124,19,0.1780827162668177,17190.0,True,0.719439728353141,0.0,0.4856007944389275,0.0789473684210526,0.3209969728032802,2,19,0,55.710699991323054,5.141099987667985,70.1487000042107,2.344700013054535
EngineeringROI_B10,JILONG_EI_0129,960,B10,195;58;13;86;3;35;217;44;77;206;161;117;235;46;121;66;25;170;5,0.1,19,125,19,0.1542908776255638,17190.0,True,0.6787368421052631,0.0,0.5203574975173784,0.0789473684210526,0.3195104270109235,2,19,0,54.54029999964405,4.844600000069477,70.10540000919718,2.3933000047691166
EngineeringROI_B10,JILONG_EI_0129,970,B10,195;74;225;3;86;35;13;217;44;41;78;156;161;116;88;165;49;5;190,0.1,19,124,19,0.1734193014832568,20520.0,True,0.7236842105263158,0.0526315789473684,0.471698113207547,0.0789473684210526,0.331740317775571,2,19,0,54.16220000188332,4.8510000051464885,71.37569999031257,3.065200013224967
EngineeringROI_B10,JILONG_EI_0129,980,B10,195;225;74;86;217;4;50;161;44;78;100;41;133;156;121;219;215;36;68,0.1,19,124,19,0.1917972907780781,20610.0,True,0.6281833616298812,0.0526315789473684,0.5358395989974938,0.0789473684210526,0.3239004769989489,2,19,0,54.992600009427406,5.302899997332133,71.23350001347717,2.8664999990724027
EngineeringROI_B10,JILONG_EI_0129,990,B10,195;225;58;86;217;35;3;13;161;133;78;60;68;5;157;235;56;27;105,0.1,19,124,19,0.1857172393197081,20730.0,True,0.735993208828523,0.0526315789473684,0.4611528822055137,0.0789473684210526,0.3321812596006144,2,19,0,55.20860000979155,7.093400010489859,71.01080000575166,2.34170000476297
EngineeringROI_B10,JILONG_EI_0129,1000,B10,195;225;74;13;218;86;4;44;35;41;117;78;119;68;156;161;174;216;214,0.1,19,123,19,0.1907022689159283,20790.0,True,0.7650834403080873,0.0526315789473684,0.4493545183714002,0.0789473684210526,0.3365042265119771,2,19,0,56.84089999704156,5.095700005767867,71.27410000248346,3.84989999292884
EngineeringROI_B10,JILONG_EI_0129,1010,B10,195;225;74;13;86;217;3;44;50;41;133;78;68;5;46;161;156;219;23,0.1,19,123,19,0.1765205871767579,20850.0,True,0.7312794180573384,0.0526315789473684,0.4950347567030784,0.0789473684210526,0.3394732805322094,2,19,0,55.77810000977479,5.073499996797182,71.17209999705665,2.3098999954527244
EngineeringROI_B10,JILONG_EI_0129,1020,B10,195;225;58;86;218;84;13;35;161;4;78;44;133;128;156;49;25;216;121,0.1,19,123,19,0.1797979952676677,20910.0,True,0.7432605905006419,0.0526315789473684,0.454500737825873,0.0789473684210526,0.3323350689237339,2,19,0,55.09110000275541,4.783000011229888,69.7373000002699,2.1966999920550734
EngineeringROI_B10,JILONG_EI_0129,1030,B10,195;225;58;86;218;13;4;44;161;68;35;78;133;128;156;46;66;25;90,0.1,19,124,19,0.1868505486595554,20970.0,True,0.7695246179966043,0.0526315789473684,0.432969215491559,0.0789473684210526,0.3335181952141461,2,19,0,54.935499996645376,4.85000001208391,70.52919999114238,2.784500000416301
EngineeringROI_B10,JILONG_EI_0129,1040,B10,195;225;58;13;86;217;4;161;44;78;50;206;68;117;156;89;235;25;56,0.1,19,124,19,0.1971805101423528,21060.0,True,0.75679117147708,0.0526315789473684,0.4568023833167826,0.0789473684210526,0.3362931255405708,2,19,0,54.72500000905711,5.111699996632524,70.61549999343697,2.456200003507547
EngineeringROI_B10,JILONG_EI_0129,1050,B10,195;225;74;13;86;50;217;4;41;78;134;44;68;161;156;112;219;158;105,0.1,19,123,19,0.1650037138853366,21090.0,True,0.6679503637141635,0.0526315789473684,0.5409067222511725,0.0789473684210526,0.3351090083334392,2,19,0,55.17540000437293,4.77149999642279,71.377800006303,2.7609999960986897
EngineeringROI_B10,JILONG_EI_0129,1060,B10,195;225;57;13;3;86;35;217;161;5;32;135;44;78;68;133;156;174;90,0.1,19,123,19,0.1673086200427288,21090.0,True,0.7432605905006419,0.0526315789473684,0.4798160449667858,0.0789473684210526,0.3386638957089621,2,19,0,55.64350000349805,5.672999992384575,70.66490000579506,2.291100012371317
EngineeringROI_B10,JILONG_EI_0129,1070,B10,195;225;74;13;86;217;50;4;161;41;44;32;68;157;46;133;78;166;219,0.1,19,124,19,0.1766507646009296,21120.0,True,0.7376910016977929,0.0526315789473684,0.4837092731829575,0.0789473684210526,0.3382448055622929,2,19,0,55.46319999848493,4.79819999600295,70.51720000163186,2.779899994493462
EngineeringROI_B10,JILONG_EI_0129,1080,B10,195;225;13;57;86;217;3;35;161;66;32;44;166;78;156;68;117;158;203,0.1,19,124,19,0.1764363547258233,21120.0,True,0.7695246179966045,0.0526315789473684,0.4468718967229393,0.0789473684210526,0.3369938655219912,2,19,0,54.17940000188537,4.861100009293295,70.04069999675266,2.2650000028079376
EngineeringROI_B10,JILONG_EI_0129,1090,B10,195;225;74;13;86;50;161;218;4;44;156;41;216;133;112;78;229;52;165,0.1,19,123,19,0.1839330428590025,21120.0,True,0.7458279845956354,0.0526315789473684,0.4767206477732794,0.0789473684210526,0.3385318949343339,2,19,0,54.74650001269765,4.882799999904819,70.68370000342838,2.2388000070350245
EngineeringROI_B10,JILONG_EI_0129,1100,B10,195;225;13;58;86;217;50;77;5;161;3;44;156;68;46;219;134;105;128,0.1,19,123,19,0.1414492576058074,21120.0,True,0.6786478391099701,0.0526315789473684,0.5508431272355646,0.0789473684210526,0.3402674784284889,2,19,0,54.84869999054354,4.749799991259351,71.32230000570416,2.3622999869985506
EngineeringROI_B10,JILONG_EI_0129,1110,B10,225;195;13;74;86;218;4;161;35;44;156;68;49;46;41;174;128;135;78,0.1,19,123,19,0.167492399935677,21180.0,True,0.7655113393239195,0.0526315789473684,0.4665304036791006,0.0789473684210526,0.3409051725928603,2,19,0,54.61649999779184,6.155700000817888,70.87580001098104,2.659599995240569
EngineeringROI_B10,JILONG_EI_0129,1120,B10,195;225;13;57;86;218;50;3;161;128;44;156;206;68;133;216;104;91;78,0.1,19,123,19,0.1678063572527969,21210.0,True,0.7257167308515191,0.0526315789473684,0.4901960784313726,0.0789473684210526,0.3368729391628282,2,19,0,54.85729999782052,4.997299998649396,70.78219999675639,3.101199996308424
EngineeringROI_B10,JILONG_EI_0129,1130,B10,195;225;74;13;86;217;50;4;44;161;41;135;68;157;235;121;117;78;10,0.1,19,124,19,0.1810231945539891,21210.0,True,0.7321731748726655,0.0526315789473684,0.5022556390977444,0.0789473684210526,0.3415019403347077,2,19,0,55.83219999971334,5.539499994483776,71.82060000195634,2.3469000007025898
EngineeringROI_B10,JILONG_EI_0129,1140,B10,225;195;13;57;86;218;50;3;161;44;156;68;91;134;229;104;10;23;216,0.1,19,125,19,0.1312877610248792,21210.0,True,0.688,0.0526315789473684,0.512008175779254,0.0789473684210526,0.3328967807869187,2,19,0,55.41400000220165,5.185200003325008,70.67790000292007,2.5098999904002994
EngineeringROI_B10,JILONG_EI_0129,1150,B10,225;195;13;57;86;161;35;217;4;44;49;91;156;133;105;23;46;68;219,0.1,19,125,19,0.1430879616512623,21210.0,True,0.6892631578947368,0.0526315789473684,0.5268317853457172,0.0789473684210526,0.3369184726522187,2,19,0,54.69979999179486,4.973999995854683,70.30910000321455,2.3246000055223703
EngineeringROI_B10,JILONG_EI_0129,1160,B10,225;195;13;74;217;86;50;4;44;161;68;41;46;156;121;134;78;174;214,0.1,19,125,19,0.1686716542487614,21210.0,True,0.7073684210526316,0.0526315789473684,0.5055668016194331,0.0789473684210526,0.3361285425101215,2,19,0,54.97379999724217,4.899899999145418,70.62340000993572,2.651299990247935
EngineeringROI_B10,JILONG_EI_0129,1170,B10,225;195;2;13;217;57;86;46;35;49;156;44;68;219;206;4;161;104;135,0.1,19,126,19,0.1266473187279368,21210.0,True,0.6988304093567251,0.0526315789473684,0.5503759398496241,0.0789473684210526,0.3451963241436926,2,19,0,54.84589999832679,4.893499994068407,70.09480000124313,2.277799998410046
EngineeringROI_B10,JILONG_EI_0129,1180,B10,225;195;13;2;74;218;86;50;161;41;68;4;44;46;156;104;133;78;158,0.1,19,126,19,0.1819574090098092,21210.0,True,0.7723475355054302,0.0526315789473684,0.482943469785575,0.0789473684210526,0.3467174881648566,2,19,0,54.233999995631166,5.39310000021942,71.62260000768583,3.3816999930422758
EngineeringROI_B10,JILONG_EI_0129,1190,B10,225;195;58;3;13;86;217;161;44;68;35;49;156;56;46;219;229;133;5,0.1,19,125,19,0.1589466349135851,21210.0,True,0.7212631578947368,0.0526315789473684,0.5307845084409136,0.0789473684210526,0.3459066534260178,2,19,0,55.07930000021588,4.75380000716541,70.80970000242814,2.8660999960266054
EngineeringROI_B10,JILONG_EI_0129,1200,B10,225;195;13;74;217;86;3;50;44;41;156;206;219;135;165;78;133;112;104,0.1,19,125,19,0.1671707851230176,21210.0,True,0.6964210526315789,0.0526315789473684,0.5233082706766917,0.0789473684210526,0.3378270676691729,2,19,0,55.423700003302656,5.954799999017268,71.4771000057226,2.496200002497062
EngineeringROI_B10,JILONG_EI_0129,1210,B10,195;240;74;2;13;218;86;66;44;156;4;35;128;68;33;41;161;10;135,0.1,19,124,19,0.1410280953511344,22050.0,True,0.7780135823429541,0.0350877192982456,0.4812030075187969,0.0789473684210526,0.3433129193952624,2,19,0,54.34859999513719,5.294000002322719,70.09439999819733,2.257100000861101
EngineeringROI_B10,JILONG_EI_0129,1220,B10,225;195;13;2;57;86;201;50;128;44;161;157;219;68;46;4;105;78;134,0.1,19,126,19,0.152384161236226,21210.0,True,0.7205513784461153,0.0526315789473684,0.5253320216428922,0.0789473684210526,0.3443655868643571,2,19,0,55.33010000362992,4.696700008935295,70.32559999788646,2.6307999942218885
EngineeringROI_B10,JILONG_EI_0129,1230,B10,225;195;13;58;3;217;86;128;60;219;35;49;156;46;158;68;166;78;121,0.1,19,125,19,0.1375133048984999,21240.0,True,0.7128421052631578,0.0526315789473684,0.5440236104279389,0.0789473684210526,0.3471111657648795,2,19,0,54.8376999940956,6.334199992124923,70.02739999734331,2.24690001050476
EngineeringROI_B10,JILONG_EI_0129,1240,B10,225;195;74;13;86;128;217;3;44;50;161;41;156;5;174;133;135;68;78,0.1,19,124,19,0.1794993529416269,21240.0,True,0.783106960950764,0.0526315789473684,0.4771273979340875,0.0789473684210526,0.3479533265633181,2,19,0,54.637200009892695,5.069999999250285,71.51229999726638,3.927300000214018
EngineeringROI_B10,JILONG_EI_0129,1250,B10,225;195;13;58;2;217;86;50;128;161;44;4;165;203;229;156;235;105;158,0.1,19,125,19,0.1235690055210542,21240.0,True,0.6711578947368421,0.0526315789473684,0.5852826510721247,0.0789473684210526,0.347004873294347,2,19,0,56.28939998860005,6.336200007353909,72.4231000058353,2.459299998008646
EngineeringROI_B10,JILONG_EI_0129,1260,B10,225;195;13;3;217;57;86;128;50;44;206;46;161;156;68;104;235;135;78,0.1,19,123,19,0.1492905330382645,21240.0,True,0.7342747111681643,0.0526315789473684,0.5248401377274964,0.0789473684210526,0.3476734490660204,2,19,0,56.19999999180436,5.397200002335012,72.66030000755563,3.0485000024782494
EngineeringROI_B10,JILONG_EI_0129,1270,B10,225;195;13;74;217;128;86;4;35;44;41;49;161;157;68;235;104;78;117,0.1,19,123,19,0.1829835134121034,21240.0,True,0.7552417629439453,0.0526315789473684,0.503475670307845,0.0789473684210526,0.3475740951550529,2,19,0,55.34599999373313,5.187300004763529,70.99910000397358,2.33650000882335
EngineeringROI_B10,JILONG_EI_0129,1280,B10,225;195;13;3;50;217;86;57;161;128;156;44;219;46;91;206;5;158;68,0.1,19,125,19,0.1287531300013017,21270.0,True,0.7465263157894736,0.0526315789473684,0.5366453516969996,0.0789473684210526,0.3536876537137235,2,19,0,54.53540000598878,4.848800002946518,69.96999999682885,3.4875999990617856
EngineeringROI_B10,JILONG_EI_0129,1290,B10,225;195;13;58;217;3;86;51;49;161;44;46;128;91;135;156;56;165;78,0.1,19,123,19,0.1656469435106554,21270.0,True,0.7676508344030809,0.0526315789473684,0.4781954887218044,0.0789473684210526,0.3443563176233266,2,19,0,54.790299996966496,7.543300001998432,69.75509999028873,2.761700001428835
EngineeringROI_B10,JILONG_EI_0129,1300,B10,225;195;218;74;13;86;3;128;50;44;161;206;41;141;68;216;134;46;78,0.1,19,125,19,0.1602254366686831,21300.0,True,0.8075789473684211,0.0526315789473684,0.4387604525332021,0.0789473684210526,0.344479586817511,2,19,0,54.5428999903379,4.763799995998852,69.94200000190176,2.214300009654835
EngineeringROI_B10,JILONG_EI_0129,1310,B10,195;225;2;13;217;86;58;50;4;128;161;156;235;44;68;158;135;105;46,0.1,19,126,19,0.1291589772648957,21330.0,True,0.7180451127819548,0.0526315789473684,0.5223435948361469,0.0789473684210526,0.3429919137466307,2,19,0,54.54680000548251,5.170199990971014,70.77049999497831,2.242100003059022
EngineeringROI_B10,JILONG_EI_0129,1320,B10,225;195;13;3;217;57;86;128;50;161;157;44;219;155;68;229;121;133;94,0.1,19,125,19,0.1560674165907298,21360.0,True,0.7233684210526315,0.0526315789473684,0.5268076733890802,0.0789473684210526,0.3454387604525332,2,19,0,54.87219999486115,6.677199999103323,71.85910000407603,2.682899998035282
EngineeringROI_B10,JILONG_EI_0129,1330,B10,195;225;13;50;74;217;86;3;219;44;41;128;161;94;174;155;149;135;52,0.1,19,125,19,0.1542832201300242,21390.0,True,0.7898947368421053,0.0526315789473684,0.4599114608952286,0.0789473684210526,0.3453462862764387,2,19,0,55.22639999981038,5.794200013042428,70.42670001101214,2.270000011776574
EngineeringROI_B10,JILONG_EI_0129,1340,B10,195;225;2;57;50;14;217;86;128;44;203;161;94;156;4;149;158;68;91,0.1,19,126,19,0.1499797076368203,21390.0,True,0.8053467000835423,0.0526315789473684,0.4492822966507176,0.0789473684210526,0.3465519860256703,2,19,0,55.675600000540726,8.392499992623925,71.19119999697432,2.8288000030443072
EngineeringROI_B10,JILONG_EI_0129,1350,B10,195;225;57;2;13;217;128;86;50;161;44;149;156;4;68;206;46;104;213,0.1,19,126,19,0.1370844851482874,21390.0,True,0.7297410192147034,0.0526315789473684,0.5301786576533075,0.0789473684210526,0.347874656059108,2,19,0,55.47089999890886,4.812800005311146,70.22770000912715,2.311999996891245
EngineeringROI_B10,JILONG_EI_0129,1360,B10,195;225;3;57;50;13;218;86;141;44;135;112;46;216;165;68;161;155;90,0.1,19,125,19,0.127719368103468,21390.0,True,0.759157894736842,0.0526315789473684,0.5272815065185901,0.0789473684210526,0.3545045871559633,2,19,0,54.592599990428425,5.4462999978568405,71.75080000888556,3.054300002986565
EngineeringROI_B10,JILONG_EI_0129,1370,B10,195;225;74;2;50;86;217;219;41;13;156;161;105;44;128;4;135;206;158,0.1,19,126,19,0.1328881775926365,21390.0,True,0.7406015037593985,0.0526315789473684,0.5089374379344588,0.0789473684210526,0.3452794722655696,2,19,0,54.9855999997817,4.748499995912425,71.05030000093393,2.308800001628697
EngineeringROI_B10,JILONG_EI_0129,1380,B10,195;225;57;217;50;13;86;3;128;161;155;68;157;44;164;235;166;94;5,0.1,19,124,19,0.1628213276565766,21390.0,True,0.7567911714770799,0.0526315789473684,0.4985104270109236,0.0789473684210526,0.346720136464106,2,19,0,56.61030000192113,5.863099999260157,72.96560000395402,3.1759999983478338
EngineeringROI_B10,JILONG_EI_0129,1390,B10,195;225;57;217;3;13;86;219;49;35;44;156;46;206;135;10;161;174;121,0.1,19,126,19,0.1211492369305694,21390.0,True,0.6812865497076023,0.0526315789473684,0.5903674280039722,0.0789473684210526,0.3508082312699989,2,19,0,56.36180000146851,5.03160001244396,73.45060000079684,3.2153999927686527
EngineeringROI_B10,JILONG_EI_0129,1400,B10,195;225;57;217;2;13;4;86;128;219;66;33;35;44;155;141;177;165;104,0.1,19,126,19,0.1184384835095833,21390.0,True,0.6967418546365916,0.0526315789473684,0.6055090998524348,0.0789473684210526,0.3584574754643618,2,19,0,55.31509999127593,5.5114999995566905,71.35570001264568,2.4521000013919547
EngineeringROI_B10,JILONG_EI_0129,1410,B10,195;225;3;217;57;13;86;50;128;161;158;206;156;46;105;135;203;44;94,0.1,19,125,19,0.1348025514775137,21390.0,True,0.7654736842105262,0.0526315789473684,0.5157894736842105,0.0789473684210526,0.3532105263157895,2,19,0,54.51889999676496,4.794499996933155,71.06709999789018,2.494000000297092
EngineeringROI_B10,JILONG_EI_0129,1420,B10,195;225;2;57;13;217;86;4;49;112;157;135;161;51;44;105;149;235;155,0.1,19,125,19,0.1321836880030017,21390.0,True,0.7330526315789474,0.0526315789473684,0.5307017543859649,0.0789473684210526,0.3488333333333333,2,19,0,54.81490000966005,4.775699999299832,70.56690000172239,2.3665000044275075
EngineeringROI_B10,JILONG_EI_0129,1430,B10,195;225;3;74;217;13;86;33;46;128;44;141;165;41;35;155;66;68;213,0.1,19,124,19,0.1456915101346953,21390.0,True,0.7512733446519524,0.0526315789473684,0.530214424951267,0.0789473684210526,0.3532666792429101,2,19,0,54.48609999439213,5.267699991236441,70.87380001030397,2.632399991853162
EngineeringROI_B10,JILONG_EI_0129,1440,B10,195;225;57;2;50;217;86;13;4;219;158;128;44;156;161;135;10;104;229,0.1,19,126,19,0.1226118185786156,21390.0,True,0.7209690893901419,0.0526315789473684,0.570334928229665,0.0789473684210526,0.355720741247057,2,19,0,54.60089999542106,4.8873000050662085,70.97190000058617,3.25209999573417
EngineeringROI_B10,JILONG_EI_0139,10,B10,78;128;106;195;84;235;202;192;206;4;29;66;34;119;232;86;158;27;74,0.1,19,128,19,0.1098774034964124,,False,0.7134046052631579,0.0,0.7208237986270023,0.0701754385964912,0.3761009606216628,2,19,0,54.400599998189136,5.097400004160591,70.01730000774842,2.2844000050099567
EngineeringROI_B10,JILONG_EI_0139,20,B10,86;77;128;13;235;206;202;232;44;91;46;33;195;158;66;20;57;192;10,0.1,19,126,19,0.1122052821404231,0.0,True,0.7151211361737678,0.0526315789473684,0.6814645308924485,0.0701754385964912,0.3798481711525189,2,19,0,56.55039999692235,6.909200004884042,69.92750000790693,2.232599988928996
EngineeringROI_B10,JILONG_EI_0139,30,B10,77;86;74;13;206;49;119;235;105;112;195;44;68;10;201;232;99;46;177,0.1,19,126,19,0.1205672672695668,1560.0,True,0.7013366750208857,0.0394736842105263,0.6804843968327898,0.0701754385964912,0.3728675486651733,2,19,0,54.37699999311008,5.146099996636622,70.5556000029901,2.4064999888651077
EngineeringROI_B10,JILONG_EI_0139,40,B10,195;84;77;29;106;112;74;50;119;251;206;27;155;174;20;201;203;88;25,0.1,19,125,19,0.1082693294331156,13980.0,True,0.7103157894736843,0.0526315789473684,0.7224880382775121,0.0526315789473684,0.3845167464114833,1,19,0,54.610400009551086,4.814800005988218,70.05370000842959,2.3336000012932345
EngineeringROI_B10,JILONG_EI_0139,50,B10,195;61;58;29;121;50;69;5;90;206;19;203;177;156;158;112;119;235;100,0.1,19,124,19,0.0863306047124227,14820.0,True,0.6612903225806451,0.0526315789473684,0.7184707050645481,0.087719298245614,0.380027976209544,2,19,0,55.21139998745639,5.547299995669164,69.86219999089371,2.2794000105932355
EngineeringROI_B10,JILONG_EI_0139,60,B10,195;61;58;66;157;91;29;134;206;4;120;235;34;217;203;112;93;176;69,0.1,19,120,19,0.0824865419515893,14820.0,True,0.6671052631578946,0.0526315789473684,0.6847117794486216,0.087719298245614,0.3730419799498746,2,19,0,54.73869999696035,4.981099991709925,70.40949999645818,2.301100001204759
EngineeringROI_B10,JILONG_EI_0139,70,B10,195;60;218;158;57;29;91;49;104;3;156;35;26;70;94;112;192;185;216,0.1,19,121,19,0.126846413611964,15060.0,True,0.6628969117007395,0.0526315789473684,0.695562435500516,0.0526315789473684,0.3659306262739981,1,19,0,54.33749999792781,4.8716000019339845,70.25259999500122,2.232500002719462
EngineeringROI_B10,JILONG_EI_0139,80,B10,195;44;219;157;4;57;13;217;121;91;77;135;46;206;51;252;185;71;102,0.1,19,124,19,0.1270684809826098,15060.0,True,0.6799660441426144,0.0526315789473684,0.7324151500245941,0.0526315789473684,0.3794110880154864,1,19,0,54.422999994130805,5.148700001882389,70.2127999975346,2.255599989439361
EngineeringROI_B10,JILONG_EI_0139,90,B10,195;44;206;157;57;33;91;155;219;66;120;217;77;10;14;36;88;46;185,0.1,19,122,19,0.105206331217312,15240.0,True,0.7381363244176015,0.0526315789473684,0.6351558507920286,0.0526315789473684,0.3696388332760916,1,19,0,54.67670000507496,6.789099992602132,71.50430000911001,2.978400007123128
EngineeringROI_B10,JILONG_EI_0139,100,B10,195;28;61;206;33;157;74;219;121;41;185;217;176;133;23;20;128;94;52,0.1,19,120,19,0.1401398258685514,15240.0,True,0.6640350877192983,0.0526315789473684,0.6996278575225943,0.0526315789473684,0.3672315257841574,1,19,0,54.35149998811539,5.263300001388416,71.47650000115391,2.223599993158132
EngineeringROI_B10,JILONG_EI_0139,110,B10,195;28;91;206;158;60;202;252;50;121;26;156;119;89;229;40;94;86;99,0.1,19,120,19,0.1529967608793868,15240.0,True,0.7144736842105264,0.0526315789473684,0.6090225563909776,0.0701754385964912,0.3615758145363408,2,19,0,56.27770000137389,4.574199992930517,73.07309999305289,2.303000001120381
EngineeringROI_B10,JILONG_EI_0139,120,B10,195;27;90;61;13;156;104;158;202;206;135;235;213;41;69;66;233;112;94,0.1,19,118,19,0.1360047782772166,15240.0,True,0.6784121320249777,0.0526315789473684,0.6743421052631579,0.087719298245614,0.3732762786202795,2,19,0,54.45670000335667,4.651499999454245,72.03419999859761,2.3061000101733957
EngineeringROI_B10,JILONG_EI_0139,130,B10,195;27;219;29;61;74;174;104;156;217;106;69;170;101;32;41;213;50;135,0.1,19,116,19,0.1474986790820194,15240.0,True,0.6388384754990927,0.0526315789473684,0.7057159026598755,0.087719298245614,0.3712263138379876,2,19,0,55.86630001198501,4.87819999398198,72.87839999480639,2.5529999984428287
EngineeringROI_B10,JILONG_EI_0139,140,B10,195;27;202;174;61;74;69;34;103;170;156;106;29;215;41;165;32;66;206,0.1,19,117,19,0.1349250714061459,15240.0,True,0.6324786324786325,0.0526315789473684,0.6769316909294513,0.087719298245614,0.3624403001502665,2,19,0,55.37220000405796,4.886000009719282,70.98469999618828,2.2772999946027994
EngineeringROI_B10,JILONG_EI_0139,150,B10,195;27;202;106;29;170;74;61;156;112;215;174;32;177;25;50;206;235;69,0.1,19,119,19,0.1337611320841405,15240.0,True,0.6545776205218929,0.0526315789473684,0.6202603282399547,0.087719298245614,0.3537972064887075,2,19,0,54.69390000507701,4.729799999040552,70.73520000267308,2.24539999908302
EngineeringROI_B10,JILONG_EI_0139,160,B10,195;26;106;217;29;203;74;156;60;69;177;170;174;112;50;235;78;40;88,0.1,19,117,19,0.1444433383617554,15240.0,True,0.672514619883041,0.0526315789473684,0.5897000565930957,0.087719298245614,0.3506413884172798,2,19,0,54.56959998991806,5.1915999938501045,70.20809999085031,2.262099995277822
EngineeringROI_B10,JILONG_EI_0139,170,B10,195;58;26;106;186;217;45;156;174;86;235;77;177;120;88;20;134;49;55,0.1,19,117,19,0.1391902964216523,15240.0,True,0.6311291048133153,0.0526315789473684,0.6556550951847704,0.0789473684210526,0.3545907868416267,2,19,0,54.29060000460595,5.63309999415651,70.61469998734538,2.2393999970518053
EngineeringROI_B10,JILONG_EI_0139,180,B10,195;25;58;106;218;27;156;77;232;158;49;29;86;186;35;213;200;88;177,0.1,19,118,19,0.1464878896708042,15240.0,True,0.7047279214986617,0.0526315789473684,0.6083102493074792,0.0789473684210526,0.3611542795436405,2,19,0,53.952600006596185,5.541100006666966,71.7951999977231,3.0724999960511923
EngineeringROI_B10,JILONG_EI_0139,190,B10,195;25;57;106;202;77;156;28;158;88;49;232;20;86;161;170;200;120;192,0.1,19,119,19,0.1398411835425106,15240.0,True,0.6417514374170721,0.0526315789473684,0.6907894736842105,0.0789473684210526,0.3660299646174259,2,19,0,55.60870000044815,6.670800008578226,72.17060000402853,3.22099999175407
EngineeringROI_B10,JILONG_EI_0139,200,B10,195;25;105;201;58;157;50;27;86;77;45;155;13;56;91;235;206;52;20,0.1,19,117,19,0.1620096331293887,15240.0,True,0.6621682411156096,0.0526315789473684,0.589358010410642,0.0789473684210526,0.3457762997236681,2,19,0,55.16630000784062,4.877700004726648,72.21870000648778,3.176099999109283
EngineeringROI_B10,JILONG_EI_0139,210,B10,195;40;10;105;217;157;74;49;77;86;155;28;235;214;135;203;42;100;165,0.1,19,117,19,0.1456838526391558,15240.0,True,0.6450742240215925,0.0526315789473684,0.6350491613649508,0.0789473684210526,0.352925583188741,2,19,0,54.67700000735931,5.721599998651072,70.21089999761898,2.25650001084432
EngineeringROI_B10,JILONG_EI_0139,220,B10,195;40;217;104;106;50;157;74;29;77;155;86;26;214;235;135;112;203;206,0.1,19,117,19,0.1409285479091208,15240.0,True,0.6806117858749436,0.0526315789473684,0.6389360498019241,0.0789473684210526,0.3627816957613223,2,19,0,54.931199993006885,4.678599987528287,71.15540000086185,2.3868999996921048
EngineeringROI_B10,JILONG_EI_0139,230,B10,195;40;217;104;106;50;74;157;86;77;155;44;235;206;13;26;135;128;203,0.1,19,117,19,0.1552174345858443,15240.0,True,0.6810616284300495,0.0526315789473684,0.6064073226544623,0.0789473684210526,0.3547619746132331,2,19,0,54.8177000018768,4.574599995976314,70.2478000021074,2.2274000075412914
EngineeringROI_B10,JILONG_EI_0139,240,B10,195;58;89;217;10;24;49;77;86;157;155;29;35;121;177;235;206;135;91,0.1,19,117,19,0.1104287431752571,15240.0,True,0.6729644624381466,0.0526315789473684,0.6219581211092248,0.0789473684210526,0.3566253827289481,2,19,0,56.7600000067614,4.662299994379282,70.40150000830181,2.628900008858181
EngineeringROI_B10,JILONG_EI_0139,250,B10,195;58;104;217;106;25;77;49;155;23;86;45;157;27;206;177;235;128;20,0.1,19,118,19,0.1388533666179139,15270.0,True,0.707850133809099,0.0526315789473684,0.6009667024704619,0.0789473684210526,0.3600989459119955,2,19,0,54.92650000087451,5.093200001283549,70.67169999936596,2.6234000106342137
EngineeringROI_B10,JILONG_EI_0139,260,B10,195;58;88;233;219;90;45;86;201;34;206;77;155;157;27;14;120;40;20,0.1,19,118,19,0.1425442794679572,15270.0,True,0.6833184656556645,0.0526315789473684,0.6278575225943646,0.0789473684210526,0.3606887339046126,2,19,0,56.93049999536015,6.488099999842234,70.74270000157412,2.42390000494197
EngineeringROI_B10,JILONG_EI_0139,270,B10,195;58;88;23;219;217;106;86;45;49;77;120;51;155;206;174;27;25;4,0.1,19,119,19,0.1297179744392798,15270.0,True,0.6890756302521008,0.0526315789473684,0.6049918610960391,0.0789473684210526,0.3564116096791402,2,19,0,54.511200010892935,5.326300000888296,70.28280000668019,2.24240000534337
EngineeringROI_B10,JILONG_EI_0139,280,B10,195;58;219;217;105;29;86;174;10;77;49;35;155;206;135;24;177;91;55,0.1,19,117,19,0.1195335053717331,15270.0,True,0.6986054880791722,0.0526315789473684,0.5778732545649838,0.0789473684210526,0.3520144225031442,2,19,0,54.55639999127016,5.608100007520989,69.9700999975903,2.265200004330836
EngineeringROI_B10,JILONG_EI_0139,290,B10,195;58;219;88;119;217;77;174;86;10;66;35;155;45;106;23;13;206;33,0.1,19,120,19,0.0898913401382943,15270.0,True,0.6640350877192983,0.0526315789473684,0.6745017884517118,0.0789473684210526,0.3675289558848577,2,19,0,54.386000003432855,4.940499988151714,71.58459999482147,2.927499997895211
EngineeringROI_B10,JILONG_EI_0139,300,B10,195;58;219;33;217;105;119;77;86;174;14;66;155;206;35;45;27;25;128,0.1,19,120,19,0.1281788178358386,15750.0,True,0.7214912280701755,0.0350877192982456,0.6166832174776564,0.0789473684210526,0.3630523833167825,2,19,0,55.47519998799544,5.420100002083927,70.59529999969527,2.436099995975382
EngineeringROI_B10,JILONG_EI_0139,310,B10,195;58;119;219;33;217;105;86;174;77;10;13;66;155;35;23;206;128;176,0.1,19,121,19,0.083520303849423,15750.0,True,0.6702914310569813,0.0350877192982456,0.6653426017874877,0.0789473684210526,0.3624172801409417,2,19,0,56.93999999493826,5.129900004249066,69.98260000545997,2.751699998043477
EngineeringROI_B10,JILONG_EI_0139,320,B10,195;58;219;105;119;86;33;29;201;174;35;232;77;128;24;206;155;176;26,0.1,19,120,19,0.1202915974301445,15750.0,True,0.7013157894736842,0.0350877192982456,0.6169028340080972,0.0789473684210526,0.3580634278002699,2,19,0,58.904299992718734,5.407399992691353,76.83120000001509,2.552200006903149
EngineeringROI_B10,JILONG_EI_0139,330,B10,195;58;219;105;86;119;201;13;232;23;174;35;128;77;25;33;206;72;155,0.1,19,122,19,0.104348691716887,15750.0,True,0.687230371009491,0.0350877192982456,0.6296475132786093,0.0789473684210526,0.3577282430018497,2,19,0,55.167700003948994,5.353699991246685,70.10430000082124,2.2907999955350533
EngineeringROI_B10,JILONG_EI_0139,340,B10,195;58;219;119;13;86;90;201;88;174;33;23;128;232;94;61;35;206;66,0.1,19,121,19,0.1025491802651025,15750.0,True,0.6568073075250108,0.0350877192982456,0.6576487948844072,0.0789473684210526,0.357122797532179,2,19,0,54.95080001128372,5.214700009673834,70.31340000685304,2.264299997477792
EngineeringROI_B10,JILONG_EI_0139,350,B10,195;58;219;14;86;119;35;88;201;174;33;206;61;24;106;94;128;28;26,0.1,19,121,19,0.1468631069522402,15750.0,True,0.7107438016528926,0.0350877192982456,0.6086744639376218,0.0789473684210526,0.3583633383274531,2,19,0,55.14680000487715,5.516299992450513,70.61669998802245,2.5454999995417893
EngineeringROI_B10,JILONG_EI_0139,360,B10,195;58;219;86;23;29;35;119;201;174;105;206;61;128;172;66;27;79;25,0.1,19,121,19,0.1417632149229273,15750.0,True,0.7220530665506742,0.0350877192982456,0.5944862155388472,0.0789473684210526,0.3576435924522049,2,19,0,55.4104000038933,4.813299994566478,70.94340000185184,2.261800007545389
EngineeringROI_B10,JILONG_EI_0139,370,B10,195;58;219;29;23;86;119;35;206;174;172;201;106;61;66;10;79;93;88,0.1,19,121,19,0.1063932430259359,15750.0,True,0.7033492822966508,0.0350877192982456,0.6035087719298246,0.0789473684210526,0.3552232854864434,2,19,0,55.5132000008598,4.705599989392795,71.3675000006333,2.7399000100558624
EngineeringROI_B10,JILONG_EI_0139,380,B10,195;58;219;29;86;119;35;201;23;172;174;105;94;49;25;206;61;128;27,0.1,19,121,19,0.14281229181184,15750.0,True,0.69769464984776,0.0350877192982456,0.5733265201839551,0.0789473684210526,0.3462640644377532,2,19,0,54.865400001290254,4.790800012415275,71.42429999657907,2.2324000019580126
EngineeringROI_B10,JILONG_EI_0139,390,B10,195;58;219;86;29;35;90;120;23;217;49;174;176;61;27;25;4;206;88,0.1,19,122,19,0.1226501060563132,15750.0,True,0.6902502157031924,0.0350877192982456,0.5954887218045113,0.0789473684210526,0.3499435063067505,2,19,0,54.7865999978967,4.876200007856824,70.21820000954904,2.289800002472475
EngineeringROI_B10,JILONG_EI_0139,400,B10,195;58;219;86;29;217;120;23;35;206;90;174;66;61;25;176;27;156;4,0.1,19,123,19,0.1305449839575468,15750.0,True,0.70132648694908,0.0350877192982456,0.587309394982784,0.0789473684210526,0.3506677424127906,2,19,0,54.95990000781603,4.838000008021481,71.66630000574514,3.126299998257309
EngineeringROI_B10,JILONG_EI_0139,410,B10,195;58;219;29;86;35;23;90;174;201;104;61;25;232;206;156;27;4;177,0.1,19,123,19,0.1384551768498594,15750.0,True,0.668806161745828,0.0350877192982456,0.5929824561403508,0.0789473684210526,0.3439559264013693,2,19,0,54.45890000555664,4.889100004220381,69.95450000977144,2.6889000000664964
EngineeringROI_B10,JILONG_EI_0139,420,B10,195;58;219;29;86;104;24;20;90;201;34;61;174;66;232;135;177;26;206,0.1,19,123,19,0.1310120911854569,15750.0,True,0.6670945656824989,0.0350877192982456,0.61082995951417,0.0789473684210526,0.3479899032289917,2,19,0,55.02450000494719,6.486800004495308,71.75279999501072,2.9565000004367903
EngineeringROI_B10,JILONG_EI_0139,430,B10,195;58;219;29;86;34;90;23;174;201;119;147;61;4;128;66;25;177;88,0.1,19,123,19,0.1131548115873222,15750.0,True,0.6264441591784339,0.0350877192982456,0.6285714285714286,0.0789473684210526,0.3422626688672902,2,19,0,55.42849999619648,6.702599988784641,70.06729999557137,2.2702000132994726
EngineeringROI_B10,JILONG_EI_0139,440,B10,195;58;219;29;86;34;90;61;4;24;119;201;174;88;128;177;206;27;66,0.1,19,123,19,0.1241662901731359,15750.0,True,0.6602481814291827,0.0350877192982456,0.5804511278195489,0.0789473684210526,0.3386835992420074,2,19,0,54.03700000897516,5.036000002291985,69.68990000314079,2.2382000024663284
EngineeringROI_B10,JILONG_EI_0139,450,B10,195;58;219;29;86;90;206;61;34;174;135;24;88;201;26;20;232;99;192,0.1,19,123,19,0.123775757900621,15750.0,True,0.6611039794608471,0.0350877192982456,0.580952380952381,0.0789473684210526,0.3390228620331316,2,19,0,54.34830000740476,5.387600001995452,69.71560000965837,2.2441000037360936
EngineeringROI_B10,JILONG_EI_0139,460,B10,195;58;219;86;29;61;51;90;206;119;49;217;174;4;24;26;192;56;170,0.1,19,123,19,0.1401168533819329,15750.0,True,0.6461275139067181,0.0350877192982456,0.5866121614716403,0.0789473684210526,0.3366936907744141,2,19,0,54.79249999916647,5.045700003392994,69.75219999731053,2.2759999992558733
EngineeringROI_B10,JILONG_EI_0139,470,B10,195;58;219;29;86;34;90;61;5;217;174;119;206;23;170;27;25;56;147,0.1,19,123,19,0.1405763031143034,15750.0,True,0.6718014548566537,0.0350877192982456,0.5612348178137652,0.0789473684210526,0.3367678400974293,2,19,0,54.48860001342837,4.682400001911447,71.69080000312533,4.092799994396046
EngineeringROI_B10,JILONG_EI_0139,480,B10,195;219;58;14;86;51;90;49;61;174;23;147;28;135;206;217;26;4;128,0.1,19,123,19,0.1230636108154467,16890.0,True,0.6936243046640993,0.0,0.5610628513030148,0.0789473684210526,0.3334086310970417,2,19,0,54.46309999388177,4.801200004294515,71.270899992669,2.3332999990088865
EngineeringROI_B10,JILONG_EI_0139,490,B10,195;219;58;86;29;90;34;206;119;24;147;174;4;217;78;60;128;27;66,0.1,19,123,19,0.1230406383288281,16890.0,True,0.675224646983312,0.0,0.5856553147574819,0.0789473684210526,0.3349568325404616,2,19,0,55.29229999228846,5.2964999922551215,71.7475999990711,3.228000001399778
EngineeringROI_B10,JILONG_EI_0139,500,B10,195;58;219;29;86;51;90;147;61;174;119;217;49;27;3;24;128;94;56,0.1,19,123,19,0.1443361334242023,16890.0,True,0.712451861360719,0.0,0.5192307692307693,0.0789473684210526,0.3276574997531352,2,19,0,55.915599994477816,4.921800005831756,71.35419998667203,3.687200005515479
EngineeringROI_B10,JILONG_EI_0139,510,B10,195;58;219;29;86;147;51;217;174;90;60;135;27;49;20;24;251;128;155,0.1,19,123,19,0.1098697460008729,16950.0,True,0.6923406076166024,0.0,0.5470647773279351,0.0789473684210526,0.3295881883413976,2,19,0,54.71430000034161,4.769499995745719,70.21080001140945,2.247900003567338
EngineeringROI_B10,JILONG_EI_0139,520,B10,195;58;219;86;29;147;51;174;60;217;90;135;3;49;251;23;25;27;155,0.1,19,124,19,0.1155975526644255,16950.0,True,0.6943972835314093,0.0,0.5400885391047713,0.0789473684210526,0.3283582977643083,2,19,0,54.18559999088757,4.99600000330247,70.20479999482632,2.3714999988442287
EngineeringROI_B10,JILONG_EI_0139,530,B10,195;58;219;147;86;51;29;174;61;217;90;135;25;5;3;27;206;251;99,0.1,19,124,19,0.1255522968657871,16950.0,True,0.6816638370118845,0.0,0.5665342601787489,0.0789473684210526,0.3317863664029215,2,19,0,54.86599999130704,4.751200001919642,70.27160000870936,2.2437000006902963
EngineeringROI_B10,JILONG_EI_0139,540,B10,195;58;147;218;86;29;51;174;90;61;84;10;4;135;206;24;170;165;156,0.1,19,125,19,0.1149007205703302,16950.0,True,0.6530526315789473,0.0,0.5921052631578947,0.0789473684210526,0.3310263157894737,2,19,0,55.65909999131691,5.113799998071045,69.81939999968745,2.2803000028943643
EngineeringROI_B10,JILONG_EI_0139,550,B10,195;58;147;218;29;86;51;174;10;90;60;84;135;3;165;156;170;177;216,0.1,19,125,19,0.1004433689917375,16950.0,True,0.6429473684210527,0.0,0.628513030148186,0.0789473684210526,0.3376019417475728,2,19,0,57.03700000594836,5.011700006434694,70.0314999994589,2.7599000022746623
EngineeringROI_B10,JILONG_EI_0139,560,B10,195;58;86;147;29;84;51;10;174;217;90;61;119;3;177;128;165;235;170,0.1,19,124,19,0.1017374857379145,16950.0,True,0.6290322580645161,0.0,0.6199392712550607,0.0789473684210526,0.3319797244351574,2,19,0,54.46880000818055,5.606699996860698,70.69819999742322,2.3671999952057377
EngineeringROI_B10,JILONG_EI_0139,570,B10,195;58;219;86;84;29;147;51;217;10;174;60;90;3;119;72;206;128;24,0.1,19,124,19,0.0816059299645458,16950.0,True,0.6876061120543293,0.0,0.5963257199602781,0.0789473684210526,0.340719800108915,2,19,0,56.75370000244584,4.777699999976903,71.12569999299012,2.711799999815412
EngineeringROI_B10,JILONG_EI_0139,580,B10,195;58;84;29;86;147;51;10;174;206;90;60;201;3;135;165;235;49;5,0.1,19,124,19,0.0854959376986162,16980.0,True,0.6472835314091681,0.0,0.6126724578436381,0.0789473684210526,0.3347258394184647,2,19,0,54.17539998597931,4.65750000148546,72.24399999540765,3.29290000081528
EngineeringROI_B10,JILONG_EI_0139,590,B10,195;58;219;147;86;29;51;10;201;90;3;174;206;60;165;135;24;78;233,0.1,19,124,19,0.1181015537058449,17010.0,True,0.700339558573854,0.0,0.5629514963880289,0.0789473684210526,0.3355596058457338,2,19,0,54.88409999816213,6.716299991239794,70.43629999679979,2.233799998066388
EngineeringROI_B10,JILONG_EI_0139,600,B10,195;58;147;29;86;51;10;84;174;78;3;90;218;60;49;120;24;206;56,0.1,19,124,19,0.1232703631950134,17010.0,True,0.7245331069609507,0.0,0.5247828308635668,0.0789473684210526,0.3320658265613925,2,19,0,54.83310000272468,4.726300001493655,70.11220000276808,2.867499992134981
EngineeringROI_B10,JILONG_EI_0139,610,B10,195;58;29;147;86;10;78;51;84;217;174;20;90;206;49;60;24;235;192,0.1,19,124,19,0.1105512631038892,17010.0,True,0.6727504244482173,0.0,0.596320899335718,0.0789473684210526,0.3370046730512469,2,19,0,55.30169999110512,5.521900005987845,70.70839998777956,2.267999996547587
EngineeringROI_B10,JILONG_EI_0139,620,B10,195;58;147;29;78;86;217;84;10;3;51;174;90;60;128;49;56;235;206,0.1,19,124,19,0.1137367812483249,17010.0,True,0.7007640067911716,0.0,0.5825593395252838,0.0789473684210526,0.340567678684377,2,19,0,55.3510999889113,5.626600002869964,70.53209999867249,2.6840999926207587
EngineeringROI_B10,JILONG_EI_0139,630,B10,195;58;78;147;29;86;84;10;217;3;51;174;5;206;90;60;235;49;128,0.1,19,124,19,0.0989195273793753,17010.0,True,0.6999151103565365,0.0,0.6,0.0789473684210526,0.3447156196943973,2,19,0,55.14309999125544,4.81959999888204,71.54190000437666,2.285900001879781
EngineeringROI_B10,JILONG_EI_0139,640,B10,195;57;78;147;29;86;84;10;51;217;3;174;60;206;90;235;192;49;170,0.1,19,124,19,0.1059950532578814,17010.0,True,0.6426146010186757,0.0,0.6356668369954012,0.0789473684210526,0.3393072016087823,2,19,0,54.34030000469647,4.823700000997633,72.08199999877252,3.0324999970616773
EngineeringROI_B10,JILONG_EI_0139,650,B10,195;57;78;84;219;147;29;86;10;51;217;3;5;174;206;60;170;90;49,0.1,19,124,19,0.1054743435611948,17010.0,True,0.7062818336162987,0.0,0.6176762661370407,0.0789473684210526,0.350726367043598,2,19,0,54.729700001189485,5.80640000407584,70.08879999921191,2.228099998319521
EngineeringROI_B10,JILONG_EI_0139,660,B10,195;58;219;78;84;86;29;217;147;10;3;51;174;5;56;206;91;170;105,0.1,19,124,19,0.1118836673277637,17040.0,True,0.6960950764006789,0.0,0.6231380337636544,0.0789473684210526,0.3495451196463466,2,19,0,54.902799995034,6.65310000476893,70.04140000208281,2.6246999914292246
EngineeringROI_B10,JILONG_EI_0139,670,B10,195;58;78;84;86;29;3;217;10;51;147;174;49;206;90;60;192;170;235,0.1,19,124,19,0.1055738910032084,17040.0,True,0.6570458404074703,0.0,0.6255639097744362,0.0789473684210526,0.3403892796507398,2,19,0,54.15070000162814,4.705700004706159,72.01940000231843,2.237000007880852
EngineeringROI_B10,JILONG_EI_0139,680,B10,195;58;78;29;86;3;10;147;218;51;206;174;128;49;170;24;91;56;105,0.1,19,124,19,0.1253761744683783,17040.0,True,0.7037351443123938,0.0,0.5583075335397316,0.0789473684210526,0.3352475115682946,2,19,0,54.70189999323338,4.780200004461221,70.70499999099411,2.288800009409897
EngineeringROI_B10,JILONG_EI_0139,690,B10,195;58;78;219;29;86;10;3;147;51;217;174;60;170;89;206;156;56;112,0.1,19,124,19,0.1272599183710975,17040.0,True,0.7058573853989812,0.0,0.5656617271333675,0.0789473684210526,0.3376166202383503,2,19,0,54.45339999278076,5.343800003174692,70.26569999288768,2.2229000023799017
EngineeringROI_B10,JILONG_EI_0139,700,B10,195;58;219;78;29;86;217;3;10;147;68;174;156;89;66;35;112;60;206,0.1,19,124,19,0.1133615639668889,17070.0,True,0.6820882852292021,0.0,0.6290963257199602,0.0789473684210526,0.3475329948425538,2,19,0,54.80820000229869,5.2567999955499545,69.59369999822229,2.211799990618601
EngineeringROI_B10,JILONG_EI_0139,710,B10,195;35;58;78;29;86;10;217;147;3;5;89;157;116;56;170;235;68;161,0.1,19,124,19,0.1433559739951451,17070.0,True,0.7020373514431238,0.0,0.5876341338783854,0.0789473684210526,0.3421547134356404,2,19,0,54.04560000170022,4.842800000915304,70.38570000440814,2.226700002211146
EngineeringROI_B10,JILONG_EI_0139,720,B10,195;41;35;78;86;29;10;3;74;217;157;147;170;235;5;60;88;206;106,0.1,19,124,19,0.1241280026954384,17070.0,True,0.6481324278438031,0.0,0.6224696356275303,0.0789473684210526,0.3373873579730965,2,19,0,55.9726000064984,4.751599990413524,70.00750000588596,2.372099988861009
EngineeringROI_B10,JILONG_EI_0139,730,B10,195;58;35;219;78;86;29;10;3;201;174;89;170;5;232;56;91;60;156,0.1,19,124,19,0.1320994555520671,17100.0,True,0.7228353140916809,0.0,0.5654135338345865,0.0789473684210526,0.3417990540868299,2,19,0,56.15550000220537,4.747400002088398,71.37619999411982,2.253200000268407
EngineeringROI_B10,JILONG_EI_0139,740,B10,195;35;78;41;29;86;3;10;74;201;174;147;170;232;5;192;60;206;235,0.1,19,124,19,0.1234235131058036,17100.0,True,0.6833616298811545,0.0,0.6140350877192983,0.0789473684210526,0.3440860215053763,2,19,0,54.4954999932088,5.221400002483279,70.15549999778159,2.309000003151596
EngineeringROI_B10,JILONG_EI_0139,750,B10,195;58;78;29;86;51;3;10;147;217;89;5;174;170;56;235;60;203;128,0.1,19,124,19,0.1230712683109862,17100.0,True,0.7415110356536502,0.0,0.5523856369896705,0.0789473684210526,0.3432110102660933,2,19,0,54.62870000337716,5.399000001489185,70.63339999876916,2.2616000060224906
EngineeringROI_B10,JILONG_EI_0139,760,B10,195;58;78;219;86;14;51;3;217;89;5;44;46;174;170;10;91;56;117,0.1,19,124,19,0.1532341432411115,17100.0,True,0.7300509337860781,0.0,0.5622469635627529,0.0789473684210526,0.3428113164424709,2,19,0,54.17630000738427,6.528900004923344,71.5636000095401,3.1128999980865046
EngineeringROI_B10,JILONG_EI_0139,770,B10,195;219;58;78;86;3;51;46;44;217;89;13;174;10;170;5;134;56;49,0.1,19,124,19,0.135905230835203,17100.0,True,0.6888794567062817,0.0,0.5989974937343359,0.0789473684210526,0.3417060797154175,2,19,0,54.27500000223517,4.735599999548867,69.76720000966452,2.23129999358207
EngineeringROI_B10,JILONG_EI_0139,780,B10,195;219;58;3;35;44;86;78;217;5;89;46;174;13;170;134;56;10;49,0.1,19,124,19,0.1330796149811242,17100.0,True,0.7117996604414262,0.0,0.5981781376518217,0.0789473684210526,0.3472312916285751,2,19,0,54.25479999394156,5.088199992314912,71.55659999989439,2.328500006115064
EngineeringROI_B10,JILONG_EI_0139,790,B10,195;35;58;44;3;78;86;5;46;89;218;174;13;170;56;25;206;216;66,0.1,19,123,19,0.1564426338721657,17100.0,True,0.6897732135216089,0.0,0.5902992776057792,0.0789473684210526,0.3397549648871101,2,19,0,55.64789999334607,6.738500000210479,71.00680000439752,2.629700000397861
EngineeringROI_B10,JILONG_EI_0139,800,B10,195;84;35;78;58;44;3;86;5;89;157;201;46;170;13;10;203;235;233,0.1,19,123,19,0.1296873444571218,17100.0,True,0.6765083440308086,0.0,0.6182933060807357,0.0789473684210526,0.3434372546331493,2,19,0,55.61619999934919,4.865800001425669,70.33490001049358,2.6018000062322244
EngineeringROI_B10,JILONG_EI_0139,810,B10,195;84;58;78;60;35;86;3;5;89;201;46;157;13;170;27;116;235;203,0.1,19,123,19,0.1469626543942538,17100.0,True,0.7197261446298673,0.0,0.5928792569659445,0.0789473684210526,0.3478881925042161,2,19,0,55.43700000271201,5.424300004960969,71.69579999754205,2.2706000017933547
EngineeringROI_B10,JILONG_EI_0139,820,B10,195;58;78;86;44;51;3;5;89;10;192;217;46;157;235;170;116;203;206,0.1,19,123,19,0.1393893913056795,17100.0,True,0.6936243046640993,0.0,0.6060448150078166,0.0789473684210526,0.3446541220232421,2,19,0,55.62629998894408,5.057200003648177,70.13960000767838,3.303100005723536
EngineeringROI_B10,JILONG_EI_0139,830,B10,195;58;78;86;44;219;3;35;217;192;89;5;10;46;174;170;56;206;161,0.1,19,123,19,0.1351701112634102,17100.0,True,0.7098844672657253,0.0,0.6021671826625387,0.0789473684210526,0.3477497545873291,2,19,0,54.65499999991152,4.729699998279102,72.45560000592377,3.010500004165806
EngineeringROI_B10,JILONG_EI_0139,840,B10,195;78;57;44;3;86;89;217;10;46;5;35;174;170;203;206;91;235;116,0.1,19,123,19,0.1327120551952278,17100.0,True,0.6936243046640993,0.0,0.583637311099531,0.0789473684210526,0.3390522460461707,2,19,0,54.63610000151675,5.299800002831034,70.62610000139102,2.245499999844469
EngineeringROI_B10,JILONG_EI_0139,850,B10,195;58;78;44;217;3;86;89;10;35;46;5;157;235;170;203;206;116;56,0.1,19,123,19,0.1521467788745013,17100.0,True,0.7389816003423192,0.0,0.5563157894736842,0.0789473684210526,0.343561189559264,2,19,0,56.76750000566244,4.8463999992236495,72.53590000618715,3.2078999938676134
EngineeringROI_B10,JILONG_EI_0139,860,B10,195;58;78;3;44;86;219;217;89;46;35;10;5;157;170;206;121;56;68,0.1,19,124,19,0.1461739323536844,17160.0,True,0.6926994906621392,0.0,0.5852631578947368,0.0789473684210526,0.3392275042444821,2,19,0,54.99839999538381,5.3592000040225685,70.63909999851603,2.2739999985788018
EngineeringROI_B10,JILONG_EI_0139,870,B10,195;44;78;41;3;219;86;217;89;51;46;157;5;170;10;120;190;133;214,0.1,19,124,19,0.1633114073711052,17160.0,True,0.7143463497453311,0.0,0.5518650996423097,0.0789473684210526,0.3362897044521733,2,19,0,56.31620000349358,4.747800005134195,70.19160001073033,2.562900001066737
EngineeringROI_B10,JILONG_EI_0139,880,B10,195;58;44;86;217;78;3;203;35;46;147;89;157;170;10;206;56;5;235,0.1,19,123,19,0.1387308466892818,17160.0,True,0.7171587505348738,0.0,0.5454076367389061,0.0789473684210526,0.3353784389237081,2,19,0,54.26310001348611,4.792799998540431,69.64570000127424,2.578399988124147
EngineeringROI_B10,JILONG_EI_0139,890,B10,195;58;44;203;86;78;3;217;35;10;46;147;174;89;170;235;5;66;56,0.1,19,123,19,0.1362038731612438,17160.0,True,0.7376979032948224,0.0,0.5390904445579969,0.0789473684210526,0.3389339290684679,2,19,0,54.41499999142252,4.684700004872866,69.65730000229087,2.2843000042485078
EngineeringROI_B10,JILONG_EI_0139,900,B10,195;84;44;219;57;86;78;35;3;217;46;5;174;147;89;10;170;116;213,0.1,19,123,19,0.1362574756300204,17160.0,True,0.7278562259306803,0.0,0.5743927125506074,0.0789473684210526,0.345299076725585,2,19,0,54.661400004988536,6.101199993281625,69.80769999790937,2.2181999956956133
EngineeringROI_B10,JILONG_EI_0139,910,B10,195;3;57;203;86;60;217;78;35;225;46;10;157;89;147;28;116;170;213,0.1,19,123,19,0.1667266503817261,20520.0,True,0.7454000855798032,0.0526315789473684,0.4997394476289735,0.0789473684210526,0.3441796201442994,2,19,0,54.43920000107028,4.754699999466538,70.9220999997342,2.532500002416782
EngineeringROI_B10,JILONG_EI_0139,920,B10,195;58;219;44;86;78;3;217;225;10;46;35;89;147;157;100;91;170;5,0.1,19,123,19,0.1496657503197004,20520.0,True,0.7081728712023962,0.0526315789473684,0.5355135411343894,0.0789473684210526,0.3438163399263017,2,19,0,54.95109999901615,4.912599993986078,71.95140000840183,2.228899989859201
EngineeringROI_B10,JILONG_EI_0139,930,B10,195;57;3;147;78;86;44;89;10;35;225;217;203;46;157;166;170;116;5,0.1,19,124,19,0.1606695714099746,20520.0,True,0.754244482173175,0.0526315789473684,0.4999999999999999,0.0789473684210526,0.346455857385399,2,19,0,55.61910000687931,5.08849999459926,71.795399999246,2.498300003935583
EngineeringROI_B10,JILONG_EI_0139,940,B10,195;58;3;78;86;147;217;89;10;35;44;225;46;203;157;116;166;206;170,0.1,19,124,19,0.1598731918738657,20520.0,True,0.7584889643463498,0.0526315789473684,0.5057894736842106,0.0789473684210526,0.3489643463497452,2,19,0,57.11470000096597,5.957400004263036,73.0551999877207,3.2327999942936003
EngineeringROI_B10,JILONG_EI_0139,950,B10,195;3;89;57;86;44;35;78;218;225;10;46;216;157;116;206;170;135;14,0.1,19,124,19,0.1651415488050478,20520.0,True,0.6982173174872666,0.0526315789473684,0.514500537056928,0.0789473684210526,0.3360742004781539,2,19,0,54.26340000121854,5.443999994895421,69.81690000975505,2.264800001285039
EngineeringROI_B10,JILONG_EI_0139,960,B10,195;218;3;89;44;57;86;225;78;10;46;35;216;157;116;170;5;206;14,0.1,19,124,19,0.1635028447595929,20490.0,True,0.716893039049236,0.0526315789473684,0.5124933545986178,0.0789473684210526,0.3402413352540687,2,19,0,55.61019999731798,4.792600011569448,71.56100000429433,3.048099999432452
EngineeringROI_B10,JILONG_EI_0139,970,B10,195;218;3;58;89;60;86;225;35;78;28;10;46;157;199;232;206;117;56,0.1,19,124,19,0.1704481932139274,20490.0,True,0.7703735144312395,0.0526315789473684,0.4872329338196978,0.0789473684210526,0.3472963489048395,2,19,0,54.29899999580812,4.842700000153855,70.03899999835994,2.217400004155934
EngineeringROI_B10,JILONG_EI_0139,980,B10,195;218;3;89;57;86;35;44;225;78;10;46;157;14;147;216;170;206;91,0.1,19,124,19,0.1510670720034305,20490.0,True,0.6846349745331071,0.0526315789473684,0.5476810838978635,0.0789473684210526,0.3409737514498479,2,19,0,54.04790000466164,4.931099989335053,70.71810000343248,2.2415999992517754
EngineeringROI_B10,JILONG_EI_0139,990,B10,195;218;58;3;89;86;225;35;44;78;10;46;147;13;157;166;170;199;206,0.1,19,124,19,0.1461126723893683,20580.0,True,0.7372665534804753,0.0526315789473684,0.5109862033725089,0.0789473684210526,0.3449579260553513,2,19,0,54.77400000381749,5.598899995675311,70.56229999579955,2.3341999913100158
EngineeringROI_B10,JILONG_EI_0139,1000,B10,195;218;3;89;57;86;225;44;35;78;10;46;157;166;170;13;199;128;206,0.1,19,124,19,0.1472076942515181,20670.0,True,0.7181663837011886,0.0526315789473684,0.5036842105263158,0.0789473684210526,0.3383573853989813,2,19,0,55.07569998735562,4.746399994473904,69.88100000307895,2.259900007629767
EngineeringROI_B10,JILONG_EI_0139,1010,B10,195;218;58;3;89;86;225;44;35;46;78;128;157;13;147;166;170;10;116,0.1,19,124,19,0.159743014449694,20670.0,True,0.7784380305602717,0.0526315789473684,0.434984520123839,0.0789473684210526,0.3362503745131329,2,19,0,54.19379999511875,4.665400003432296,69.78499999968335,3.1559000053675845
EngineeringROI_B10,JILONG_EI_0139,1020,B10,195;218;57;3;89;86;225;44;35;157;46;13;78;5;116;10;170;206;214,0.1,19,124,19,0.1655014510954047,20670.0,True,0.702886247877759,0.0526315789473684,0.4952631578947367,0.0789473684210526,0.3324320882852292,2,19,0,54.26790000637993,5.3383000049507245,70.83369999600109,2.1983000042382628
EngineeringROI_B10,JILONG_EI_0139,1030,B10,195;57;44;218;86;3;225;89;35;157;46;199;10;170;78;13;206;100;135,0.1,19,125,19,0.1512202219142207,20670.0,True,0.6985263157894737,0.0526315789473684,0.4950495049504951,0.0789473684210526,0.3312886920270975,2,19,0,54.36180000833701,4.815499996766448,70.31840000126977,2.2782000014558434
EngineeringROI_B10,JILONG_EI_0139,1040,B10,195;58;225;218;3;86;44;89;35;78;157;199;147;10;170;91;46;206;56,0.1,19,125,19,0.1619866606427701,20670.0,True,0.7553684210526316,0.0526315789473684,0.4563106796116503,0.0789473684210526,0.3358145120081757,2,19,0,55.54109999502544,4.909700001007877,70.96120000642259,2.2441000037360936
EngineeringROI_B10,JILONG_EI_0139,1050,B10,195;225;58;218;44;86;89;147;46;128;35;3;78;199;157;206;10;170;56,0.1,19,126,19,0.1613510885129909,20670.0,True,0.7944862155388471,0.0526315789473684,0.4478649453823238,0.0789473684210526,0.3434825270723979,2,19,0,56.31929999799468,5.157199993846007,70.98910000058822,2.6670000079320744
EngineeringROI_B10,JILONG_EI_0139,1060,B10,195;225;58;217;86;44;128;147;219;3;35;72;46;157;190;78;199;106;161,0.1,19,126,19,0.1411965602530036,20730.0,True,0.7201336675020886,0.0526315789473684,0.5438596491228069,0.0789473684210526,0.3488930659983292,2,19,0,55.27250000159256,4.831400001421571,70.45369999832474,2.8382000018609688
EngineeringROI_B10,JILONG_EI_0139,1070,B10,195;225;58;86;44;217;3;35;147;78;161;46;13;89;190;157;56;25;134,0.1,19,126,19,0.1766354496098506,20790.0,True,0.7543859649122807,0.0526315789473684,0.481424148606811,0.0789473684210526,0.3418472652218782,2,19,0,54.51950000133365,4.619200000888668,70.85279999591876,2.6538000092841685
EngineeringROI_B10,JILONG_EI_0139,1080,B10,195;225;58;60;86;217;147;3;35;78;28;190;25;46;161;157;106;14;88,0.1,19,126,19,0.1607461463653697,20820.0,True,0.7443609022556391,0.0526315789473684,0.4922600619195045,0.0789473684210526,0.3420499778858912,2,19,0,54.93670000578277,6.667599998763762,70.23610000032932,2.203600000939332
EngineeringROI_B10,JILONG_EI_0139,1090,B10,195;225;58;218;86;3;44;35;78;190;46;119;13;157;161;25;106;56;155,0.1,19,126,19,0.1767120245652456,20850.0,True,0.7364243943191311,0.0526315789473684,0.4803270311701584,0.0789473684210526,0.3370825932144276,2,19,0,54.77680001058616,5.562700011068955,69.95579999056645,2.2289999906206504
EngineeringROI_B10,JILONG_EI_0139,1100,B10,195;225;218;57;3;86;44;35;78;13;190;128;157;46;161;25;90;251;216,0.1,19,126,19,0.1639469795008844,20910.0,True,0.6900584795321637,0.0526315789473684,0.5263157894736843,0.0789473684210526,0.3369883040935672,2,19,0,54.77430000610184,4.808300000149757,70.4808000009507,2.326300003915094
EngineeringROI_B10,JILONG_EI_0139,1110,B10,195;225;58;3;44;86;218;50;128;90;190;216;78;46;157;13;25;121;164,0.1,19,126,19,0.1807398672190273,20970.0,True,0.7109440267335003,0.0526315789473684,0.5070349140177175,0.0789473684210526,0.3373894720299097,2,19,0,55.079499987186864,5.5183000076795,72.73390000045765,2.896100006182678
EngineeringROI_B10,JILONG_EI_0139,1120,B10,195;225;58;3;86;44;218;128;90;50;46;78;157;190;13;25;216;135;116,0.1,19,126,19,0.1717269949690254,21060.0,True,0.7376775271512114,0.0526315789473684,0.488275143303804,0.0789473684210526,0.3393829044558591,2,19,0,54.07050000212621,4.783500000485219,69.76020000001881,2.209500002209097
EngineeringROI_B10,JILONG_EI_0139,1130,B10,195;225;58;3;44;219;128;86;217;90;46;190;35;78;141;13;25;135;116,0.1,19,126,19,0.1644140867287944,21090.0,True,0.7456140350877194,0.0526315789473684,0.4994840041279669,0.0789473684210526,0.3441692466460268,2,19,0,54.44819999684114,5.854999995790422,69.76009999925736,2.198200003476813
EngineeringROI_B10,JILONG_EI_0139,1140,B10,195;225;58;44;128;219;3;86;217;90;35;78;157;46;190;13;25;161;104,0.1,19,126,19,0.1599727393158793,21090.0,True,0.7197159565580618,0.0526315789473684,0.5409067222511725,0.0789473684210526,0.3480504065444138,2,19,0,54.64659999415744,4.788199992617592,69.81329999689478,2.31799999892246
EngineeringROI_B10,JILONG_EI_0139,1150,B10,195;225;58;218;44;3;86;84;128;90;35;161;141;78;190;46;13;25;135,0.1,19,125,19,0.1559295816710186,21120.0,True,0.7376842105263157,0.0526315789473684,0.5164147993746743,0.0789473684210526,0.3464194893173528,2,19,0,54.46990000200458,4.7187000018311664,71.50879999971949,3.2515000057173893
EngineeringROI_B10,JILONG_EI_0139,1160,B10,195;225;218;57;44;3;86;90;157;77;190;35;46;116;176;25;88;171;66,0.1,19,125,19,0.1725846344694504,21120.0,True,0.6753684210526315,0.0526315789473684,0.4962406015037594,0.0789473684210526,0.325796992481203,2,19,0,55.61239999951795,4.910000003292225,71.1829000065336,2.362700004596263
EngineeringROI_B10,JILONG_EI_0139,1170,B10,195;225;57;3;44;86;218;90;77;46;156;88;190;25;35;5;158;116;49,0.1,19,125,19,0.1720026648084477,21120.0,True,0.6854736842105262,0.0526315789473684,0.5208333333333333,0.0789473684210526,0.3344714912280702,2,19,0,55.6088000012096,6.279299996094778,71.01260000490583,2.478599999449216
EngineeringROI_B10,JILONG_EI_0139,1180,B10,195;225;57;219;3;44;86;217;90;156;78;46;49;206;25;35;158;88;133,0.1,19,125,19,0.1779908263203436,21180.0,True,0.6690526315789473,0.0526315789473684,0.5518005540166205,0.0789473684210526,0.3381080332409971,2,19,0,55.53539999527857,6.452799992985092,70.87020001199562,2.383599989116192
EngineeringROI_B10,JILONG_EI_0139,1190,B10,195;225;58;217;102;44;3;90;157;69;49;46;78;25;88;112;121;161;235,0.1,19,125,19,0.1567412761982066,21180.0,True,0.6134736842105263,0.0526315789473684,0.6110803324099723,0.0526315789473684,0.3324542936288089,1,19,0,54.060099995695055,4.987299995264038,69.84460000239778,2.267999996547587
EngineeringROI_B10,JILONG_EI_0139,1200,B10,195;225;2;57;218;102;44;90;4;46;156;161;78;25;128;49;158;135;214,0.1,19,126,19,0.1620938655803233,21210.0,True,0.6562238930659984,0.0526315789473684,0.5860745614035088,0.0526315789473684,0.336890403091061,1,19,0,54.05489999975544,5.480799998622388,69.85439998970833,2.258699998492375
EngineeringROI_B10,JILONG_EI_0139,1210,B10,195;225;2;57;44;217;219;86;90;13;157;161;128;35;62;25;49;171;104,0.1,19,126,19,0.1435474113836328,21210.0,True,0.681704260651629,0.0526315789473684,0.5568421052631579,0.0789473684210526,0.3425313283208021,2,19,0,54.79680000280496,5.03749999916181,70.29180000245105,2.2806000051787123
EngineeringROI_B10,JILONG_EI_0139,1220,B10,195;225;57;3;218;44;86;90;156;161;25;50;46;78;135;174;215;133;206,0.1,19,124,19,0.1831672933050516,21210.0,True,0.654074702886248,0.0526315789473684,0.5386338185890258,0.0789473684210526,0.3310718672109236,2,19,0,54.49629999930039,4.742000004625879,70.53729999461211,2.687599990167655
EngineeringROI_B10,JILONG_EI_0139,1230,B10,225;195;57;218;44;3;86;84;90;157;50;62;25;88;135;206;161;171;14,0.1,19,125,19,0.1423987870527065,21210.0,True,0.6602105263157894,0.0526315789473684,0.5324748040313549,0.0789473684210526,0.3310660694288913,2,19,0,54.80790000001434,6.390399998053908,72.216299988213,2.468999999109656
EngineeringROI_B10,JILONG_EI_0139,1240,B10,225;195;2;57;218;125;86;44;90;156;50;161;158;46;78;25;20;121;32,0.1,19,126,19,0.1645595791440451,21210.0,True,0.7042606516290726,0.0526315789473684,0.4988801791713326,0.0789473684210526,0.3336799445422065,2,19,0,55.392700000084005,4.9691999884089455,71.00479998916853,2.2945999953662977
EngineeringROI_B10,JILONG_EI_0139,1250,B10,225;195;2;58;125;44;217;219;86;90;72;157;161;50;77;20;13;25;32,0.1,19,126,19,0.1509828395524959,21210.0,True,0.7351712614870509,0.0526315789473684,0.5236028214867064,0.0789473684210526,0.3475882575855445,2,19,0,54.717200007871725,4.843299990170635,70.50539999909233,2.602000007755123
EngineeringROI_B10,JILONG_EI_0139,1260,B10,225;195;57;217;219;3;44;86;84;90;50;156;161;77;46;25;135;174;148,0.1,19,124,19,0.1740472161174966,21210.0,True,0.699490662139219,0.0526315789473684,0.535180055401662,0.0789473684210526,0.3415624162273256,2,19,0,55.058600002666935,5.129600001964718,69.75109998893458,2.293800003826618
EngineeringROI_B10,JILONG_EI_0139,1270,B10,225;195;2;58;217;219;86;44;90;157;50;25;161;46;77;20;135;148;32,0.1,19,125,19,0.1757318651361885,21210.0,True,0.7574736842105263,0.0526315789473684,0.4535274356103023,0.0789473684210526,0.3356450167973124,2,19,0,54.94409998937044,4.969200002960861,70.66549999581184,2.7208999963477254
EngineeringROI_B10,JILONG_EI_0139,1280,B10,195;225;2;58;217;86;90;44;161;203;77;50;135;25;141;166;235;174;20,0.1,19,125,19,0.1516107541867357,21210.0,True,0.6938947368421052,0.0526315789473684,0.5462603878116343,0.0789473684210526,0.3429335180055401,2,19,0,55.53749999671709,6.60200000857003,70.54250000510365,2.2902000055182725
EngineeringROI_B10,JILONG_EI_0139,1290,B10,225;195;57;217;3;86;50;44;90;161;135;235;166;141;46;25;77;174;128,0.1,19,124,19,0.1507377996952316,21210.0,True,0.7050084889643463,0.0526315789473684,0.5501385041551247,0.0789473684210526,0.346681485121973,2,19,0,55.53240000153892,5.957100001978688,71.62719999905676,2.3966000007931143
EngineeringROI_B10,JILONG_EI_0139,1300,B10,225;195;2;58;217;86;90;44;128;157;161;77;135;50;235;166;14;25;171,0.1,19,126,19,0.1578209830692773,21240.0,True,0.7435254803675855,0.0526315789473684,0.5107411385606874,0.0789473684210526,0.3464613915741735,2,19,0,55.75420000241138,5.524499996681698,71.35589999961667,2.259000000776723
EngineeringROI_B10,JILONG_EI_0139,1310,B10,225;195;58;218;3;86;90;44;50;158;161;135;5;156;25;77;216;46;104,0.1,19,125,19,0.1630127650450643,21240.0,True,0.6926315789473684,0.0526315789473684,0.5268817204301075,0.0789473684210526,0.3377730616864742,2,19,0,56.8249000061769,5.184099994949065,71.59959999262355,2.896899997722357
EngineeringROI_B10,JILONG_EI_0139,1320,B10,225;195;57;217;3;86;90;161;50;60;28;157;135;46;203;171;25;235;78,0.1,19,125,19,0.1639240070142659,21240.0,True,0.6913684210526317,0.0526315789473684,0.5486270022883295,0.0789473684210526,0.3428935926773456,2,19,0,56.529000008595176,4.893000004813075,70.19250000303145,2.250299992738292
EngineeringROI_B10,JILONG_EI_0139,1330,B10,225;195;217;57;3;102;252;44;135;90;156;203;35;161;49;174;62;26;71,0.1,19,125,19,0.1547656423490133,21240.0,True,0.6968421052631579,0.0526315789473684,0.5664968873797398,0.0526315789473684,0.3421505376344085,1,19,0,54.48459999752231,5.303700003423728,70.17340000311378,2.227299992227927
EngineeringROI_B10,JILONG_EI_0139,1340,B10,195;225;217;57;2;252;86;90;28;203;134;46;161;49;141;174;35;26;214,0.1,19,125,19,0.1339295969860097,21240.0,True,0.6997894736842105,0.0526315789473684,0.5444078947368421,0.0789473684210526,0.3439440789473684,2,19,0,54.60869999660645,4.772100000991486,70.38079999620095,2.236200001789257
EngineeringROI_B10,JILONG_EI_0139,1350,B10,195;225;2;57;218;125;28;86;251;90;135;4;49;161;157;128;185;35;171,0.1,19,126,19,0.1198398051933134,21270.0,True,0.6904761904761905,0.0526315789473684,0.5676691729323309,0.0789473684210526,0.3474310776942355,2,19,0,57.12929999572225,4.786799996509217,71.04830000025686,2.326700006960891
EngineeringROI_B10,JILONG_EI_0139,1360,B10,195;225;2;57;219;217;86;90;44;251;185;156;49;161;174;133;165;4;94,0.1,19,125,19,0.1510517570123515,21270.0,True,0.6854736842105263,0.0526315789473684,0.5642973412913728,0.0789473684210526,0.34533749321758,2,19,0,54.52890000015032,5.347900005290285,69.85499999427702,2.27870000526309
EngineeringROI_B10,JILONG_EI_0139,1370,B10,195;225;58;217;3;86;28;90;251;203;161;135;185;141;128;49;174;77;46,0.1,19,124,19,0.1287071850280647,21270.0,True,0.6655348047538202,0.0526315789473684,0.6129385964912281,0.0789473684210526,0.3525130871533673,2,19,0,56.12360000668559,4.807499994058162,70.61209999665152,2.224600000772625
EngineeringROI_B10,JILONG_EI_0139,1380,B10,195;225;217;57;3;219;90;86;28;161;135;158;49;156;185;128;10;88;94,0.1,19,123,19,0.1336079821733503,21300.0,True,0.7265725288831836,0.0526315789473684,0.5507708665603404,0.0789473684210526,0.3522305857029862,2,19,0,53.95790000329725,4.741899989312515,69.73909999942407,2.2776999976485968
EngineeringROI_B10,JILONG_EI_0139,1390,B10,195;225;2;217;219;41;86;161;90;44;157;135;5;165;62;185;94;72;104,0.1,19,125,19,0.1530427058526238,21330.0,True,0.744,0.0526315789473684,0.547266223811957,0.0789473684210526,0.3557112927950945,2,19,0,54.59139999584295,6.688499997835606,70.18049999896903,2.2385000047506765
EngineeringROI_B10,JILONG_EI_0139,1400,B10,195;225;2;58;217;90;86;44;72;161;141;135;46;199;235;185;77;174;4,0.1,19,124,19,0.1353156036786608,21360.0,True,0.6825127334465196,0.0526315789473684,0.589890568004169,0.0789473684210526,0.3509955622047774,2,19,0,54.753999997046776,4.670100010116585,70.07669999438804,2.5347000046167523
EngineeringROI_B10,JILONG_EI_0139,1410,B10,195;225;218;3;58;86;90;28;161;157;77;135;185;49;25;165;171;14;216,0.1,19,123,19,0.1626145752770099,21390.0,True,0.6983311938382543,0.0526315789473684,0.512889366272825,0.0789473684210526,0.335699876869875,2,19,0,54.89339999621734,7.407500001136213,69.89519999478944,2.2335999965434894
EngineeringROI_B10,JILONG_EI_0139,1420,B10,195;225;217;2;57;219;86;90;28;161;135;141;77;174;49;25;185;46;213,0.1,19,124,19,0.1530733358347819,21390.0,True,0.683786078098472,0.0526315789473684,0.5842105263157895,0.0789473684210526,0.3498938879456705,2,19,0,54.770300004747696,4.705799990915693,69.91569999081548,2.486999990651384
EngineeringROI_B10,JILONG_EI_0139,1430,B10,195;225;217;57;219;3;102;44;90;49;158;135;25;185;206;156;77;46;133,0.1,19,123,19,0.1678752747126524,21390.0,True,0.6790757381258024,0.0526315789473684,0.5984807379272925,0.0526315789473684,0.3457049084869579,1,19,0,54.503199993632734,4.712699999799952,70.43910000356846,2.5083000073209405
EngineeringROI_B10,JILONG_EI_0139,1440,B10,195;225;217;57;219;3;86;90;28;161;157;135;49;185;77;25;133;214;104,0.1,19,123,19,0.1741084760818126,21390.0,True,0.7569533590072743,0.0526315789473684,0.5289739500265815,0.0789473684210526,0.3543765641005692,2,19,0,54.63259998941794,4.788999998709187,70.69029999547638,2.227899996796623
EngineeringROI_B10,JILONG_EI_0149,10,B10,78;128;106;195;235;202;84;192;66;29;206;4;34;158;10;119;232;57;86,0.1,19,128,19,0.0904350223215995,,False,0.7051809210526315,0.0,0.7386727688787186,0.0701754385964912,0.3785072821319604,2,19,0,53.97229999653064,4.582299996400252,70.04990000859834,2.2606999991694465
EngineeringROI_B10,JILONG_EI_0149,20,B10,86;77;13;112;202;232;121;33;46;192;206;10;5;66;44;235;157;74;195,0.1,19,126,19,0.1100305534072026,0.0,True,0.7380952380952381,0.0526315789473684,0.6662049861495846,0.0701754385964912,0.3817768104471706,2,19,0,54.172700009075925,7.062200005748309,70.05909999134019,2.1951000089757144
EngineeringROI_B10,JILONG_EI_0149,30,B10,195;77;74;29;69;128;49;206;235;105;119;27;232;201;99;157;35;4;176,0.1,19,125,19,0.1024496328230888,13860.0,True,0.6522105263157895,0.0526315789473684,0.704238472286912,0.087719298245614,0.3741999689489209,2,19,0,56.5340000030119,8.065600006375462,70.67140001163352,2.48690000444185
EngineeringROI_B10,JILONG_EI_0149,40,B10,195;77;84;106;128;50;74;29;251;4;202;134;155;174;120;206;232;26;177,0.1,19,124,19,0.0877089539095343,14850.0,True,0.6965195246179966,0.0526315789473684,0.7081339712918661,0.0526315789473684,0.3774791634511498,1,19,0,54.6394999983022,5.778800012194552,71.96450000628829,3.323199998703785
EngineeringROI_B10,JILONG_EI_0149,50,B10,195;61;13;58;50;121;112;4;158;90;156;202;235;84;206;88;94;86;27,0.1,19,123,19,0.1224586686678255,15060.0,True,0.6944801026957638,0.0526315789473684,0.6656920077972709,0.0701754385964912,0.3707447820092235,2,19,0,54.18429999554064,5.244600004516542,71.02770000346936,2.6763000059872866
EngineeringROI_B10,JILONG_EI_0149,60,B10,195;61;84;57;251;157;203;4;66;29;91;206;104;34;135;217;93;192;10,0.1,19,124,19,0.0761997381136525,15060.0,True,0.7016129032258064,0.0526315789473684,0.7410714285714285,0.0526315789473684,0.3869868724229929,1,19,0,55.20050000632182,4.7260999999707565,72.24549999227747,3.050200000870973
EngineeringROI_B10,JILONG_EI_0149,70,B10,195;60;57;218;29;49;157;20;121;232;91;88;128;68;25;94;70;171;27,0.1,19,127,19,0.1422379796463768,15240.0,True,0.7534189805221716,0.0526315789473684,0.6193609022556391,0.0526315789473684,0.3695107601681369,1,19,0,54.64069999288768,4.723599995486438,72.23869999870658,3.033999993931502
EngineeringROI_B10,JILONG_EI_0149,80,B10,195;44;219;57;217;13;49;46;121;51;69;77;112;158;91;156;147;4;71,0.1,19,127,19,0.1228721734269589,15240.0,True,0.6581019477828429,0.0526315789473684,0.6548672566371682,0.087719298245614,0.3633300204032483,2,19,0,54.64119999669492,5.643600001349114,70.37629999103956,2.2419000015361235
EngineeringROI_B10,JILONG_EI_0149,90,B10,195;44;76;57;33;84;218;157;206;120;10;90;155;94;46;23;185;128;36,0.1,19,126,19,0.0938196353500624,15240.0,True,0.7130325814536341,0.0526315789473684,0.6035731530661517,0.0526315789473684,0.3554672231036305,1,19,0,55.81370000436437,6.953600008273497,70.7403999986127,2.248099990538321
EngineeringROI_B10,JILONG_EI_0149,100,B10,195;28;61;57;203;33;121;90;176;235;20;100;201;26;14;171;69;157;190,0.1,19,120,19,0.1277882855633236,15240.0,True,0.6557017543859649,0.0526315789473684,0.6912280701754386,0.087719298245614,0.3718201754385964,2,19,0,55.89170000166632,4.715400005807169,71.22149999486282,2.94690000009723
EngineeringROI_B10,JILONG_EI_0149,110,B10,195;28;57;76;235;121;34;202;20;128;171;89;229;69;133;103;10;135;66,0.1,19,119,19,0.0966222787175226,15240.0,True,0.6355594869526758,0.0526315789473684,0.6581502299437915,0.087719298245614,0.3585151485223625,2,19,0,55.0641000008909,4.641799998353235,70.26659999974072,2.9085999995004386
EngineeringROI_B10,JILONG_EI_0149,120,B10,195;27;61;235;90;58;13;217;203;104;19;69;206;32;174;135;40;66;155,0.1,19,119,19,0.1149619805346463,15240.0,True,0.6603272888102609,0.0526315789473684,0.6675101214574898,0.087719298245614,0.3670470718651833,2,19,0,54.59299999347422,4.753699991852045,70.2508999966085,2.667599997948855
EngineeringROI_B10,JILONG_EI_0149,130,B10,195;27;235;60;74;104;202;29;50;106;174;233;69;41;170;93;20;112;101,0.1,19,116,19,0.1260883215535527,15240.0,True,0.7091651542649727,0.0526315789473684,0.6697626418988648,0.087719298245614,0.379819668339205,2,19,0,56.0371000028681,4.690500005381182,70.24129999626894,2.908199996454641
EngineeringROI_B10,JILONG_EI_0149,140,B10,195;27;61;57;203;69;170;217;13;121;102;112;34;174;3;215;91;213;165,0.1,19,118,19,0.123837017864937,15240.0,True,0.6373773416592329,0.0526315789473684,0.7277121374865735,0.087719298245614,0.3763600890846972,2,19,0,54.73629999323748,4.694999995990656,70.42610000644345,2.846400006092153
EngineeringROI_B10,JILONG_EI_0149,150,B10,195;27;202;106;235;170;74;45;232;69;41;77;213;177;20;112;172;104;33,0.1,19,117,19,0.1261955264911058,15240.0,True,0.6572199730094468,0.0526315789473684,0.6418882257189366,0.087719298245614,0.3598647689803414,2,19,0,54.995700003928505,4.751899992697872,70.57850000273902,2.9655000107595697
EngineeringROI_B10,JILONG_EI_0149,160,B10,195;26;58;219;121;201;29;60;232;170;86;252;157;3;177;88;40;229;35,0.1,19,117,19,0.141924022329257,15240.0,True,0.7035537561853351,0.0526315789473684,0.614382490880667,0.0789473684210526,0.3623787986086058,2,19,0,55.16040000657085,6.539499998325482,70.83890000649262,2.2992000012891367
EngineeringROI_B10,JILONG_EI_0149,170,B10,195;26;58;106;186;218;61;28;20;232;86;200;50;192;156;174;94;134;161,0.1,19,118,19,0.1447649531744147,15240.0,True,0.6815343443354148,0.0526315789473684,0.651902032308494,0.0789473684210526,0.3662538310030825,2,19,0,54.88100000366103,4.71740000648424,70.39360000635497,2.2265000006882474
EngineeringROI_B10,JILONG_EI_0149,180,B10,195;25;57;105;50;29;202;27;86;157;232;61;170;20;52;133;94;229;177,0.1,19,119,19,0.1799894326561554,15240.0,True,0.7072091994692614,0.0526315789473684,0.6047471620227038,0.0789473684210526,0.3608838272150966,2,19,0,54.41910000809003,4.688100001658313,69.45510000514332,2.575599995907396
EngineeringROI_B10,JILONG_EI_0149,190,B10,195;25;106;58;202;49;13;45;77;216;86;5;157;155;27;52;235;229;88,0.1,19,121,19,0.1444586533528344,15390.0,True,0.6694214876033058,0.0526315789473684,0.6130325814536342,0.0789473684210526,0.3535082541063402,2,19,0,54.96610001137015,4.744200006825849,70.39999999688007,2.267500007292256
EngineeringROI_B10,JILONG_EI_0149,200,B10,195;41;10;105;216;74;28;49;157;61;202;86;4;235;93;128;206;55;52,0.1,19,120,19,0.1479964162920875,15390.0,True,0.6820175438596491,0.0526315789473684,0.6133402813965607,0.0789473684210526,0.3567341931561577,2,19,0,54.25169999944046,4.822200004127808,70.0665000040317,2.231799997389317
EngineeringROI_B10,JILONG_EI_0149,210,B10,195;40;219;201;90;112;232;29;121;86;49;157;26;88;77;176;20;171;100,0.1,19,119,19,0.1468860794388587,15390.0,True,0.6678460858027421,0.0526315789473684,0.6480263157894737,0.0789473684210526,0.3618628372401593,2,19,0,54.28730000858195,4.799100002855994,70.06790000014007,2.239099994767457
EngineeringROI_B10,JILONG_EI_0149,220,B10,195;40;232;106;74;104;219;77;45;86;201;214;171;27;135;20;50;112;174,0.1,19,117,19,0.1462351923180004,15750.0,True,0.6824111560953665,0.0350877192982456,0.621606648199446,0.0789473684210526,0.3545132230035278,2,19,0,54.82309999933932,4.847899996093474,70.31110000389162,2.2539000055985525
EngineeringROI_B10,JILONG_EI_0149,230,B10,195;40;219;217;89;77;29;35;86;10;121;186;66;112;172;177;214;33;3,0.1,19,118,19,0.1193420679832454,15750.0,True,0.6761819803746654,0.0350877192982456,0.6261530113944656,0.0789473684210526,0.3540925198721073,2,19,0,54.78729998867493,4.805800010217354,69.99139999970794,2.288899995619431
EngineeringROI_B10,JILONG_EI_0149,240,B10,195;217;57;104;219;24;77;106;86;99;128;29;177;49;157;26;51;170;55,0.1,19,117,19,0.1543368225988008,15750.0,True,0.7107512370670265,0.0350877192982456,0.5899122807017544,0.0789473684210526,0.3536746513720197,2,19,0,54.720100000849925,4.721199991763569,70.44190001033712,2.2615999914705758
EngineeringROI_B10,JILONG_EI_0149,250,B10,195;58;88;219;217;77;29;10;23;86;49;56;157;177;90;112;170;120;36,0.1,19,118,19,0.1183389360675697,15750.0,True,0.6966993755575378,0.0350877192982456,0.6134868421052633,0.0789473684210526,0.3560553263455248,2,19,0,54.83710000407882,4.816000000573695,70.761399998446,2.339599988772534
EngineeringROI_B10,JILONG_EI_0149,260,B10,195;217;105;219;58;10;77;29;86;35;157;177;24;112;49;170;55;190;213,0.1,19,116,19,0.1365637754516008,15750.0,True,0.706442831215971,0.0350877192982456,0.5431361909929462,0.0789473684210526,0.3409035274820539,2,19,0,54.589200008194894,5.525899992790073,69.68749999941792,2.23129999358207
EngineeringROI_B10,JILONG_EI_0149,270,B10,195;58;88;217;219;25;77;86;35;106;28;157;128;49;170;4;192;55;215,0.1,19,116,19,0.1513044543651553,15750.0,True,0.6397459165154264,0.0350877192982456,0.6120455778621812,0.0789473684210526,0.3414566455242265,2,19,0,55.14460000267718,5.176599996048026,70.63250000646804,2.350699985981919
EngineeringROI_B10,JILONG_EI_0149,280,B10,195;105;217;57;23;35;10;219;86;77;13;33;128;157;206;44;66;46;155,0.1,19,118,19,0.1145484757755128,15750.0,True,0.6418376449598573,0.0350877192982456,0.6449948400412796,0.0789473684210526,0.3502168931801088,2,19,0,54.54509999253787,5.335300011211075,71.65050000185147,2.50620000588242
EngineeringROI_B10,JILONG_EI_0149,290,B10,195;58;105;217;29;77;86;219;34;25;157;206;20;27;177;133;155;112;55,0.1,19,117,19,0.1659302708456172,15750.0,True,0.7165991902834008,0.0350877192982456,0.5419489317352788,0.0789473684210526,0.3431458024344945,2,19,0,54.56949998915661,4.926800000248477,72.209699996165,2.8040000033797696
EngineeringROI_B10,JILONG_EI_0149,300,B10,195;217;86;77;57;105;119;219;35;157;10;23;13;44;49;206;155;128;176,0.1,19,121,19,0.1109035078987066,15750.0,True,0.6454980426272293,0.0350877192982456,0.6365441906653426,0.0789473684210526,0.3490193302529675,2,19,0,55.40219999966212,4.716099996585399,70.71839999116492,3.3045000018319115
EngineeringROI_B10,JILONG_EI_0149,310,B10,195;58;217;105;119;77;219;86;157;25;49;176;35;13;190;128;27;4;45,0.1,19,119,19,0.1299323843143861,15750.0,True,0.699248120300752,0.0350877192982456,0.5739348370927319,0.0789473684210526,0.3468045112781954,2,19,0,55.755200010025874,4.897099992376752,70.60740000451915,2.633399999467656
EngineeringROI_B10,JILONG_EI_0149,320,B10,195;58;105;217;86;203;77;157;25;119;13;235;49;176;20;206;27;51;45,0.1,19,120,19,0.1358286558798079,15750.0,True,0.7035087719298245,0.0350877192982456,0.5799498746867168,0.0789473684210526,0.3493734335839599,2,19,0,54.84240000077989,4.764699988299981,71.23180000053253,2.2403000039048493
EngineeringROI_B10,JILONG_EI_0149,330,B10,195;57;217;105;86;77;219;14;157;33;66;10;35;176;45;128;119;24;155,0.1,19,119,19,0.106936925209241,15750.0,True,0.6886333480760726,0.0350877192982456,0.575438596491228,0.0789473684210526,0.3445267580716497,2,19,0,55.34910000278615,4.865399998379871,71.37950000469573,2.199599999585189
EngineeringROI_B10,JILONG_EI_0149,340,B10,195;58;218;105;86;33;77;232;119;157;66;25;35;128;29;176;27;155;55,0.1,19,119,19,0.1479734438054689,15750.0,True,0.739938080495356,0.0350877192982456,0.5144478844169246,0.0789473684210526,0.3421052631578947,2,19,0,55.214399995747954,5.560300007346086,71.49960000242572,2.519200003007427
EngineeringROI_B10,JILONG_EI_0149,350,B10,195;218;41;105;74;33;86;77;232;35;119;45;158;66;128;27;23;13;156,0.1,19,120,19,0.1333246548383885,15750.0,True,0.6688596491228069,0.0350877192982456,0.596320899335718,0.0789473684210526,0.3448039090444558,2,19,0,56.36219998996239,4.822100003366359,69.8504000029061,2.220199996372685
EngineeringROI_B10,JILONG_EI_0149,360,B10,195;57;217;105;219;86;33;77;119;156;25;45;27;35;158;66;128;192;147,0.1,19,119,19,0.1368700752731811,15750.0,True,0.6351172047766475,0.0350877192982456,0.6197110423116614,0.0789473684210526,0.3422158337019018,2,19,0,55.77720000292175,4.844700000830926,70.46800000534859,2.5821000017458573
EngineeringROI_B10,JILONG_EI_0149,370,B10,195;217;33;58;105;86;235;29;77;25;203;35;23;119;66;156;174;128;206,0.1,19,123,19,0.1102755932644669,15750.0,True,0.6743688489516473,0.0350877192982456,0.6128873585833743,0.0789473684210526,0.35032282381358,2,19,0,55.11339999793563,4.853999998886138,70.20600000396371,2.8851999959442765
EngineeringROI_B10,JILONG_EI_0149,380,B10,195;217;33;58;86;105;235;77;203;119;46;24;206;66;26;13;156;158;20,0.1,19,122,19,0.1261955264911058,15750.0,True,0.6790336496980156,0.0350877192982456,0.5852826510721248,0.0789473684210526,0.3445878471223596,2,19,0,55.15729999751784,4.751600004965439,70.82419999642298,2.253400001791306
EngineeringROI_B10,JILONG_EI_0149,390,B10,195;74;218;33;105;13;86;41;35;77;119;147;45;66;206;232;158;172;27,0.1,19,122,19,0.1263410189063565,15750.0,True,0.6738567730802415,0.0350877192982456,0.5868175110673882,0.0789473684210526,0.3436773429667321,2,19,0,54.55469999287743,5.480599997099489,69.93620000139344,2.3126000014599413
EngineeringROI_B10,JILONG_EI_0149,400,B10,195;74;218;105;86;33;35;119;61;174;4;25;147;232;172;66;28;14;94,0.1,19,121,19,0.1314409109356693,15750.0,True,0.6820356676816006,0.0350877192982456,0.5391047712739793,0.0789473684210526,0.3337938816687196,2,19,0,54.14889998792205,5.256200005533174,69.80459998885635,2.245800002128817
EngineeringROI_B10,JILONG_EI_0149,410,B10,195;74;105;86;34;219;217;29;41;77;174;119;172;147;66;177;170;27;79,0.1,19,121,19,0.1375745648628159,15750.0,True,0.6507177033492821,0.0350877192982456,0.5695134061569016,0.0789473684210526,0.3335665493063706,2,19,0,54.625899996608496,5.135700004757382,70.01670000317972,2.228199999080971
EngineeringROI_B10,JILONG_EI_0149,420,B10,195;58;34;86;218;105;147;24;61;232;174;29;26;119;128;170;66;172;4,0.1,19,122,19,0.1248707797627707,15750.0,True,0.6371872303710093,0.0350877192982456,0.580436941410129,0.0789473684210526,0.3329148148751092,2,19,0,55.32810000295285,4.788999998709187,71.10519999696407,2.931499999249354
EngineeringROI_B10,JILONG_EI_0149,430,B10,195;58;34;86;219;217;105;147;77;13;46;25;128;170;174;66;27;119;177,0.1,19,122,19,0.1294959070686341,15750.0,True,0.6238136324417602,0.0350877192982456,0.625124131082423,0.0789473684210526,0.3407432128108704,2,19,0,55.43179999222048,5.894100002478808,71.37240000884049,2.4879999982658774
EngineeringROI_B10,JILONG_EI_0149,440,B10,195;58;34;219;86;217;105;29;25;4;61;147;190;27;135;192;158;128;170,0.1,19,123,19,0.1337151871109035,16890.0,True,0.6328626444159178,0.0,0.5951795376291195,0.0789473684210526,0.3267473876165225,2,19,0,55.65199999546167,5.205299996305257,72.30779998644721,2.7049000054830685
EngineeringROI_B10,JILONG_EI_0149,450,B10,195;58;86;218;34;147;105;14;46;206;4;77;28;25;135;192;66;174;232,0.1,19,124,19,0.1135912888330742,16890.0,True,0.6663837011884549,0.0,0.5643274853801169,0.0789473684210526,0.3274146387474061,2,19,0,57.755199988605455,7.050100000924431,70.85380000353325,2.632399991853162
EngineeringROI_B10,JILONG_EI_0149,460,B10,195;58;34;147;86;218;29;105;20;27;61;135;25;66;192;174;165;94;23,0.1,19,123,19,0.1430190441914067,16950.0,True,0.7017543859649122,0.0,0.512909632571996,0.0789473684210526,0.3234028467394902,2,19,0,55.26409999583848,4.805700009455904,70.57609999901615,2.6144000003114343
EngineeringROI_B10,JILONG_EI_0149,470,B10,195;58;86;34;218;147;29;165;105;61;25;5;206;192;119;174;27;3;68,0.1,19,123,19,0.129840494367912,16950.0,True,0.62002567394095,0.0,0.5993048659384309,0.0789473684210526,0.3245694770751084,2,19,0,55.12020000605844,5.462899993290193,70.18140000582207,2.229399993666448
EngineeringROI_B10,JILONG_EI_0149,480,B10,195;58;86;147;34;29;219;201;88;61;120;90;10;165;4;206;177;174;24,0.1,19,124,19,0.1049689488555872,16950.0,True,0.6353989813242785,0.0,0.6261682242990655,0.0789473684210526,0.3351286435110991,2,19,0,54.11490000551567,5.261600002995692,70.07549999980256,2.3061000101733957
EngineeringROI_B10,JILONG_EI_0149,490,B10,195;58;147;86;34;218;29;120;60;88;90;27;165;177;232;157;206;20;25,0.1,19,124,19,0.122527586127681,16950.0,True,0.683786078098472,0.0,0.5357497517378352,0.0789473684210526,0.32462079956434,2,19,0,54.56489999778569,4.785099998116493,70.11839999177027,2.2075000015320256
EngineeringROI_B10,JILONG_EI_0149,500,B10,195;58;29;49;86;147;35;218;206;60;105;119;27;25;3;165;128;192;174,0.1,19,124,19,0.1121669946627256,16950.0,True,0.6247877758913413,0.0,0.624627606752731,0.0789473684210526,0.3320906877662812,2,19,0,55.28689999482594,4.816600005142391,69.98629998997785,2.317400008905679
EngineeringROI_B10,JILONG_EI_0149,510,B10,195;58;147;29;86;49;35;217;90;235;61;88;135;3;26;206;165;174;94,0.1,19,125,19,0.1253991469549969,16950.0,True,0.6534736842105263,0.0,0.5858337432365961,0.0789473684210526,0.3295636989670438,2,19,0,53.99889999534935,4.658999998355284,70.39399999484885,2.6056000060634688
EngineeringROI_B10,JILONG_EI_0149,520,B10,195;58;29;86;147;35;201;219;105;77;66;10;33;5;135;72;3;91;174,0.1,19,124,19,0.0934137880864684,17010.0,True,0.6256366723259762,0.0,0.5971470732907033,0.0789473684210526,0.325432778509433,2,19,0,55.43209999450482,5.359099988709204,69.68719999713358,2.354700001887977
EngineeringROI_B10,JILONG_EI_0149,530,B10,195;58;86;35;147;29;201;219;60;66;105;135;33;27;166;25;4;158;172,0.1,19,124,19,0.1254527494237734,17010.0,True,0.6778438030560272,0.0,0.5358395989974937,0.0789473684210526,0.3231576926186433,2,19,0,54.27159999089781,5.83829999959562,71.17720000678673,2.242699993075803
EngineeringROI_B10,JILONG_EI_0149,540,B10,195;58;147;86;35;29;218;90;119;77;88;49;3;172;166;174;27;170;25,0.1,19,125,19,0.1300931917207158,17010.0,True,0.632421052631579,0.0,0.5647773279352226,0.0789473684210526,0.3190364372469636,2,19,0,54.89450000459328,5.037599999923259,71.011299995007,2.2966000105952844
EngineeringROI_B10,JILONG_EI_0149,550,B10,195;58;147;86;29;35;217;105;60;119;219;3;170;206;27;157;25;112;165,0.1,19,125,19,0.1241356601909779,17010.0,True,0.6084210526315789,0.0,0.6022267206477733,0.0789473684210526,0.3223987854251012,2,19,0,55.16779999015853,4.79589999304153,70.65970000985544,2.7981000021100044
EngineeringROI_B10,JILONG_EI_0149,560,B10,195;74;147;29;86;35;217;41;88;61;119;235;3;174;170;27;66;106;156,0.1,19,125,19,0.1358439708708869,17010.0,True,0.6437894736842106,0.0,0.5799498746867167,0.0789473684210526,0.325671679197995,2,19,0,55.12350000208244,5.298599993693642,72.38199999846984,3.0698999908054247
EngineeringROI_B10,JILONG_EI_0149,570,B10,195;74;147;86;29;35;217;41;60;88;206;3;66;219;27;135;192;106;157,0.1,19,125,19,0.1141962309806954,17010.0,True,0.6484210526315788,0.0,0.5750122970978849,0.0789473684210526,0.3255951795376291,2,19,0,56.47889999090694,4.731199995148927,70.53599999926519,2.310099996975623
EngineeringROI_B10,JILONG_EI_0149,580,B10,195;58;29;147;86;34;218;206;90;88;3;84;25;61;27;135;174;128;192,0.1,19,126,19,0.1206668147115804,17040.0,True,0.6173767752715121,0.0,0.5974658869395713,0.0789473684210526,0.323447507658034,2,19,0,54.63199999940116,5.353799992008135,70.67950000055134,2.265200004330836
EngineeringROI_B10,JILONG_EI_0149,590,B10,195;58;14;86;147;51;218;46;3;5;84;90;25;28;77;119;190;157;165,0.1,19,126,19,0.1238293603693975,17040.0,True,0.6361737677527151,0.0,0.6033138401559456,0.0789473684210526,0.3296087440824283,2,19,0,54.73129999882076,6.122699996922165,70.23959999787621,2.231099992059171
EngineeringROI_B10,JILONG_EI_0149,600,B10,195;58;29;86;147;35;201;3;252;206;105;60;219;27;84;156;25;174;135,0.1,19,126,19,0.1214708517432288,17040.0,True,0.6470342522974102,0.0,0.6005902606984751,0.0789473684210526,0.3316429703542344,2,19,0,54.15520000678953,5.349200000637211,69.62329999078065,2.2182999964570627
EngineeringROI_B10,JILONG_EI_0149,610,B10,195;74;29;86;35;147;201;206;3;41;105;252;61;27;68;72;119;174;155,0.1,19,126,19,0.1337151871109035,17070.0,True,0.6791979949874686,0.0,0.5861902462578464,0.0789473684210526,0.336083902416592,2,19,0,54.67090000456665,5.085299999336712,70.65340000553988,2.2350999934133142
EngineeringROI_B10,JILONG_EI_0149,620,B10,195;74;29;86;35;147;218;3;60;41;105;27;66;155;232;157;134;206;161,0.1,19,126,19,0.1213100443368991,17100.0,True,0.6695906432748538,0.0,0.53227408142999,0.0789473684210526,0.3202030232814741,2,19,0,54.54350000945851,4.688899993197992,70.32379999873228,2.2028999956091866
EngineeringROI_B10,JILONG_EI_0149,630,B10,195;58;29;86;147;218;3;60;35;89;134;174;25;49;27;120;232;155;177,0.1,19,126,19,0.1187600983222427,17100.0,True,0.6846282372598161,0.0,0.5169699950811608,0.0789473684210526,0.3201364001905074,2,19,0,54.68870000913739,4.815300009795465,70.30680000025313,2.6107999874511734
EngineeringROI_B10,JILONG_EI_0149,640,B10,195;58;29;147;86;217;35;3;89;60;5;219;166;174;27;135;25;156;116,0.1,19,126,19,0.1313490209891952,17100.0,True,0.72890559732665,0.0,0.5099304865938431,0.0789473684210526,0.3294458630853864,2,19,0,54.949600002146326,4.714900001999922,72.89359999413136,3.025300000444986
EngineeringROI_B10,JILONG_EI_0149,650,B10,195;58;29;86;217;147;89;35;3;166;10;219;60;174;66;156;91;135;121,0.1,19,126,19,0.0850441454617852,17100.0,True,0.6867167919799498,0.0,0.559272011805214,0.0789473684210526,0.3312340430515541,2,19,0,54.49880000378471,5.177900005946867,70.23940001090523,2.368599991314113
EngineeringROI_B10,JILONG_EI_0149,660,B10,195;58;86;29;217;10;3;89;219;166;35;61;157;116;213;119;112;68;5,0.1,19,126,19,0.1197326002557603,17100.0,True,0.6516290726817042,0.0,0.5436893203883496,0.0789473684210526,0.3185664403727766,2,19,0,54.903800002648495,5.394899999373592,69.87360000493936,2.306399997905828
EngineeringROI_B10,JILONG_EI_0149,670,B10,195;74;29;86;84;201;10;3;35;41;105;61;147;219;213;174;165;156;128,0.1,19,126,19,0.1208659095956076,17100.0,True,0.658312447786132,0.0,0.5748594787940725,0.0789473684210526,0.3280298237503143,2,19,0,54.52939998940565,4.755500005558133,71.02969998959452,2.7944000030402094
EngineeringROI_B10,JILONG_EI_0149,680,B10,195;58;10;86;29;218;84;147;89;3;51;165;60;174;206;5;213;128;216,0.1,19,126,19,0.0881990336240629,17100.0,True,0.6495405179615706,0.0,0.5910931174089069,0.0789473684210526,0.3298952509478825,2,19,0,55.28820000472479,4.989599998225458,71.73830000101589,2.450699990731664
EngineeringROI_B10,JILONG_EI_0149,690,B10,195;58;10;29;86;84;217;89;3;60;147;219;174;35;213;116;165;49;170,0.1,19,126,19,0.1027329601580507,17100.0,True,0.677109440267335,0.0,0.5384615384615384,0.0789473684210526,0.3236295867874815,2,19,0,55.79860000580084,5.734100006520748,71.10790000297129,2.485600009094924
EngineeringROI_B10,JILONG_EI_0149,700,B10,195;58;10;217;86;29;5;219;89;3;35;61;170;174;206;68;214;117;135,0.1,19,126,19,0.1268617286030431,17100.0,True,0.6700083542188805,0.0,0.5579969340827798,0.0789473684210526,0.3267381641806782,2,19,0,55.14109999057837,4.855599996517412,72.37179999356158,3.431999997701496
EngineeringROI_B10,JILONG_EI_0149,710,B10,195;74;10;217;86;29;41;3;88;60;170;219;174;5;68;35;214;100;106,0.1,19,126,19,0.111661599957118,17100.0,True,0.6892230576441103,0.0,0.5278487480838017,0.0789473684210526,0.3240047935372411,2,19,0,54.64480000955518,5.106099997647107,70.40799999958836,2.1976999996695668
EngineeringROI_B10,JILONG_EI_0149,720,B10,195;58;10;86;217;29;88;3;147;61;219;174;116;51;90;170;214;156;56,0.1,19,126,19,0.1359282033218215,17160.0,True,0.7063492063492063,0.0,0.5048543689320389,0.0789473684210526,0.3225377359255744,2,19,0,56.44040000333917,5.088399993837811,70.61070000054315,3.3091000077547505
EngineeringROI_B10,JILONG_EI_0149,730,B10,195;58;86;217;10;29;89;3;219;60;174;156;5;35;68;170;49;251;91,0.1,19,126,19,0.0961934589673101,17160.0,True,0.6599832915622389,0.0,0.5349190283400809,0.0789473684210526,0.3184624220808431,2,19,0,54.4886999996379,5.746099996031262,70.76199998846278,2.3175999958766624
EngineeringROI_B10,JILONG_EI_0149,740,B10,195;74;86;217;29;10;41;35;88;3;147;60;68;174;219;156;133;251;106,0.1,19,126,19,0.1159574549547824,17160.0,True,0.6929824561403507,0.0,0.5332671300893743,0.0789473684210526,0.3262992386626944,2,19,0,54.92650000087451,4.807700010132976,70.28499999432825,2.289500000188127
EngineeringROI_B10,JILONG_EI_0149,750,B10,195;58;86;217;10;29;35;89;3;147;174;68;5;66;219;91;156;61;165,0.1,19,126,19,0.1069675551913991,17160.0,True,0.7180451127819549,0.0,0.5034756703078451,0.0789473684210526,0.3251170378777132,2,19,0,54.98030000308063,4.73970000166446,70.43890000204556,2.2579000069526955
EngineeringROI_B10,JILONG_EI_0149,760,B10,195;58;84;86;29;201;35;147;89;219;3;27;25;174;165;156;61;206;66,0.1,19,126,19,0.1403389207525786,17160.0,True,0.7071846282372598,0.0,0.5079443892750743,0.0789473684210526,0.3235190964833467,2,19,0,56.49840000842232,6.714100003591739,70.77959999151062,2.246399992145598
EngineeringROI_B10,JILONG_EI_0149,770,B10,195;57;86;29;201;68;35;147;3;89;10;219;174;116;156;5;66;176;166,0.1,19,126,19,0.1016609107825194,17160.0,True,0.7109440267335004,0.0,0.4923757993113625,0.0789473684210526,0.3205667986164789,2,19,0,54.57120000210125,5.969700010609813,70.04249999590684,2.2345999896060675
EngineeringROI_B10,JILONG_EI_0149,780,B10,195;57;86;35;217;29;68;176;3;219;166;174;89;10;60;5;156;66;164,0.1,19,126,19,0.1141732584940769,17160.0,True,0.7443609022556391,0.0,0.4651629072681705,0.0789473684210526,0.3221177944862155,2,19,0,54.85450000560377,4.727999999886379,71.4527999953134,2.2936000023037195
EngineeringROI_B10,JILONG_EI_0149,790,B10,195;58;86;217;219;35;29;166;27;147;3;60;56;68;174;91;105;5;156,0.1,19,125,19,0.1214402217610708,17160.0,True,0.7296842105263158,0.0,0.4843117408906883,0.0789473684210526,0.3232358299595141,2,19,0,56.41930000274442,5.688200006261468,71.56520000717137,3.005799997481517
EngineeringROI_B10,JILONG_EI_0149,800,B10,195;58;86;217;35;219;14;88;3;46;44;166;10;174;199;5;206;56;90,0.1,19,125,19,0.0999456317816694,17160.0,True,0.6656842105263158,0.0,0.5397316821465429,0.0789473684210526,0.3210908152734777,2,19,0,55.00730000494514,4.698000004282221,71.45790000504348,3.4259000094607472
EngineeringROI_B10,JILONG_EI_0149,810,B10,195;58;86;218;35;10;5;29;60;3;174;66;89;68;166;216;156;121;161,0.1,19,125,19,0.1003361640541844,17160.0,True,0.6993684210526315,0.0,0.5020639834881321,0.0789473684210526,0.3200949432404541,2,19,0,55.22150000615511,4.767300008097664,70.26229999610223,2.2332999942591414
EngineeringROI_B10,JILONG_EI_0149,820,B10,195;74;86;10;218;5;41;28;3;174;46;68;216;60;35;156;117;105;66,0.1,19,125,19,0.1390601189974807,17160.0,True,0.7494736842105263,0.0,0.4616988014590933,0.0789473684210526,0.322529963522668,2,19,0,54.282199998851866,5.687400000169873,69.98559999919962,2.3092000046744943
EngineeringROI_B10,JILONG_EI_0149,830,B10,195;58;217;86;10;219;5;14;28;3;46;68;60;89;174;35;66;199;156,0.1,19,125,19,0.1032460123591978,17160.0,True,0.7465263157894737,0.0,0.4752791068580542,0.0789473684210526,0.3251881977671451,2,19,0,54.39679999835789,4.5812000025762245,69.6662000118522,2.2266000014496967
EngineeringROI_B10,JILONG_EI_0149,840,B10,195;58;86;218;5;10;28;3;46;174;89;60;35;56;135;161;49;68;128,0.1,19,125,19,0.116914641897221,17160.0,True,0.7090526315789473,0.0,0.4621710526315789,0.0789473684210526,0.3125427631578946,2,19,0,55.07010000292212,4.7011999995447695,70.6718000001274,2.276899991557002
EngineeringROI_B10,JILONG_EI_0149,850,B10,195;58;86;217;5;10;219;68;28;3;60;174;46;35;89;206;56;166;134,0.1,19,125,19,0.1092035438889356,17160.0,True,0.6829473684210525,0.0,0.5163157894736843,0.0789473684210526,0.3195526315789473,2,19,0,54.59240000345744,4.751000000396743,70.27820000075735,2.242000002297573
EngineeringROI_B10,JILONG_EI_0149,860,B10,195;58;86;217;219;68;10;5;88;35;166;46;157;28;60;3;190;116;90,0.1,19,125,19,0.1134611114089026,17190.0,True,0.7136842105263157,0.0,0.5085982282438771,0.0789473684210526,0.3253074517978114,2,19,0,54.15070000162814,4.874899997957982,71.13169999502134,2.9983999993419275
EngineeringROI_B10,JILONG_EI_0149,870,B10,195;58;86;217;219;5;10;68;35;174;46;44;3;89;94;128;56;121;251,0.1,19,125,19,0.121233469381504,17190.0,True,0.6766315789473684,0.0,0.5087719298245614,0.0789473684210526,0.3160877192982456,2,19,0,54.19359999359585,6.951200004550628,70.74830000055954,2.446599988616072
EngineeringROI_B10,JILONG_EI_0149,880,B10,195;58;86;217;5;10;128;68;203;44;174;46;147;3;89;235;35;94;135,0.1,19,125,19,0.1098697460008729,17190.0,True,0.7040000000000001,0.0,0.5021052631578946,0.0789473684210526,0.3212631578947368,2,19,0,54.81249999138527,4.793200001586229,70.64330000139307,2.266399998916313
EngineeringROI_B10,JILONG_EI_0149,890,B10,195;74;217;86;41;10;5;60;203;68;28;174;46;128;3;94;116;156;35,0.1,19,125,19,0.1413420526682543,17190.0,True,0.7911578947368421,0.0,0.4316852737905369,0.0789473684210526,0.3254476342371079,2,19,0,55.76960000325926,4.860800007008947,69.31089999852702,2.3570999910589308
EngineeringROI_B10,JILONG_EI_0149,900,B10,195;58;217;86;10;5;219;28;46;3;60;89;174;52;147;91;156;206;56,0.1,19,125,19,0.1115543950195649,17190.0,True,0.6816842105263159,0.0,0.5315789473684212,0.0789473684210526,0.3230526315789474,2,19,0,54.38929999945685,5.195099991397001,70.02919999649748,2.257400003145449
EngineeringROI_B10,JILONG_EI_0149,910,B10,195;58;86;217;10;44;5;147;68;46;3;174;219;88;128;56;161;90;251,0.1,19,125,19,0.1088436415985787,17190.0,True,0.6513684210526316,0.0,0.5607087024491924,0.0789473684210526,0.3227561229807191,2,19,0,54.86910000036005,4.699099998106249,69.60449999314733,2.2732000070391223
EngineeringROI_B10,JILONG_EI_0149,920,B10,195;58;86;217;10;28;5;68;60;128;199;88;3;219;174;161;116;46;56,0.1,19,125,19,0.1236838679541469,17190.0,True,0.7473684210526316,0.0,0.4788952579468472,0.0789473684210526,0.3263027618551329,2,19,0,54.159699997399,4.71369999286253,70.33170000067912,2.268700001877733
EngineeringROI_B10,JILONG_EI_0149,930,B10,195;57;86;218;28;10;88;4;128;46;199;232;147;68;174;60;90;206;49,0.1,19,125,19,0.0915913041480653,17190.0,True,0.6572631578947368,0.0,0.5526315789473684,0.0789473684210526,0.3222105263157894,2,19,0,54.282099998090416,5.024800004321151,69.87969999318011,2.3259999870788306
EngineeringROI_B10,JILONG_EI_0149,940,B10,195;58;86;219;201;44;225;5;88;3;199;10;46;157;68;49;135;232;56,0.1,19,125,19,0.1435397538880933,20520.0,True,0.6762105263157895,0.0526315789473684,0.4896331738437001,0.0789473684210526,0.3243556618819777,2,19,0,54.51630000607111,5.181300002732314,70.39910000457894,2.242700007627718
EngineeringROI_B10,JILONG_EI_0149,950,B10,195;58;225;86;217;44;219;3;88;174;10;68;215;46;5;135;49;156;56,0.1,19,125,19,0.145415840295273,20520.0,True,0.6736842105263158,0.0526315789473684,0.4806659505907627,0.0789473684210526,0.3214822771213749,2,19,0,57.80360000790097,5.767399998148903,71.93779999215622,2.491800012649037
EngineeringROI_B10,JILONG_EI_0149,960,B10,195;58;225;86;217;44;10;5;14;3;174;68;46;88;219;215;91;161;213,0.1,19,125,19,0.1336079821733503,20520.0,True,0.6446315789473684,0.0526315789473684,0.53056884635832,0.0789473684210526,0.3266948431685273,2,19,0,54.29149999690708,5.708500000764616,70.03389998862986,2.322700005606748
EngineeringROI_B10,JILONG_EI_0149,970,B10,195;58;217;225;86;44;219;3;10;135;214;46;174;72;5;68;104;161;156,0.1,19,125,19,0.1321377430297647,20520.0,True,0.631157894736842,0.0526315789473684,0.5246880086814976,0.0789473684210526,0.3218562126966901,2,19,0,55.820900000981055,7.063999990350567,70.07560000056401,2.2800000006100163
EngineeringROI_B10,JILONG_EI_0149,980,B10,195;57;225;217;86;44;10;46;203;214;104;156;5;174;68;161;90;66;3,0.1,19,125,19,0.1348484964507508,20520.0,True,0.6522105263157896,0.0526315789473684,0.5093201754385965,0.0789473684210526,0.3232774122807017,2,19,0,54.78569999104366,5.725700000766665,71.64110000303481,3.071200000704266
EngineeringROI_B10,JILONG_EI_0149,990,B10,195;58;225;86;44;218;10;3;46;5;135;174;88;68;156;56;206;148;106,0.1,19,125,19,0.1578745855380539,20520.0,True,0.6724210526315789,0.0526315789473684,0.493969298245614,0.0789473684210526,0.3244923245614035,2,19,0,55.93529999896418,6.776700000045821,70.17959999211598,2.2619999945163727
EngineeringROI_B10,JILONG_EI_0149,1000,B10,195;58;225;86;10;218;44;88;5;3;135;174;46;156;128;56;68;49;90,0.1,19,125,19,0.1386159842561891,20580.0,True,0.6863157894736842,0.0526315789473684,0.480811403508772,0.0789473684210526,0.3246765350877192,2,19,0,55.26789999566972,6.167800005641766,70.84400000167079,2.3092000046744943
EngineeringROI_B10,JILONG_EI_0149,1010,B10,195;57;225;44;86;218;88;10;135;5;174;128;46;49;156;68;216;94;13,0.1,19,125,19,0.14062990558308,20670.0,True,0.6913684210526315,0.0526315789473684,0.5010741138560687,0.0789473684210526,0.3310053705692803,2,19,0,55.94660001224838,5.735400001867674,70.94610000785906,2.3056000063661486
EngineeringROI_B10,JILONG_EI_0149,1020,B10,195;57;225;44;86;218;10;3;46;147;49;174;89;135;156;68;5;94;166,0.1,19,125,19,0.1375669073672764,20670.0,True,0.6922105263157895,0.0526315789473684,0.4826315789473684,0.0789473684210526,0.3266052631578947,2,19,0,55.15310000919271,4.748399995150976,71.2234999955399,2.4624000070616603
EngineeringROI_B10,JILONG_EI_0149,1030,B10,195;58;225;44;3;86;218;10;46;135;166;49;56;190;105;157;5;214;177,0.1,19,125,19,0.1413803401459518,20670.0,True,0.6526315789473685,0.0526315789473684,0.5236305048335124,0.0789473684210526,0.3269602577873255,2,19,0,55.30649999855086,4.908000002615154,70.23179999669082,2.2017000010237098
EngineeringROI_B10,JILONG_EI_0149,1040,B10,195;57;225;44;3;86;217;10;219;46;174;206;49;135;88;116;214;156;177,0.1,19,125,19,0.1386006692651101,20700.0,True,0.6715789473684213,0.0526315789473684,0.5111231687466088,0.0789473684210526,0.3285702658708628,2,19,0,54.2933999968227,5.5705999984638765,69.86369998776354,2.2840000019641598
EngineeringROI_B10,JILONG_EI_0149,1050,B10,195;57;225;3;44;86;217;219;10;135;46;199;206;88;174;177;156;90;49,0.1,19,125,19,0.1186758658713081,20790.0,True,0.655157894736842,0.0526315789473684,0.5480195333695063,0.0789473684210526,0.3336890938686923,2,19,0,54.61370000557508,4.699800003436394,70.1476999965962,2.640200007590465
EngineeringROI_B10,JILONG_EI_0149,1060,B10,195;225;57;3;86;44;217;10;219;174;135;88;199;46;177;156;90;112;13,0.1,19,125,19,0.1171596817544853,20820.0,True,0.6366315789473683,0.0526315789473684,0.5617615467239527,0.0789473684210526,0.3324930182599355,2,19,0,54.56270001013763,4.774999993969686,70.59889999800362,2.2954000014578924
EngineeringROI_B10,JILONG_EI_0149,1070,B10,195;225;57;3;86;10;44;218;135;46;88;174;147;66;90;216;13;156;161,0.1,19,125,19,0.124618082409967,20880.0,True,0.6218947368421052,0.0526315789473684,0.5551246537396121,0.0789473684210526,0.3271495844875346,2,19,0,54.83090000052471,7.923500001197681,69.91829999606125,2.244800009066239
EngineeringROI_B10,JILONG_EI_0149,1080,B10,225;195;57;3;44;86;201;147;10;88;203;135;46;174;68;90;49;121;214,0.1,19,125,19,0.1301850816671899,20940.0,True,0.6581052631578946,0.0526315789473684,0.5599565925122083,0.0789473684210526,0.337410200759631,2,19,0,54.822499994770624,6.589900003746152,70.03899999835994,2.32319999486208
EngineeringROI_B10,JILONG_EI_0149,1090,B10,225;195;57;3;86;60;218;147;10;135;28;46;174;88;49;215;90;156;177,0.1,19,125,19,0.1266702912145553,20970.0,True,0.7090526315789474,0.0526315789473684,0.5143787303309821,0.0789473684210526,0.3387525773195876,2,19,0,55.92100000649225,5.335400011972524,70.04760000563692,2.2702999995090067
EngineeringROI_B10,JILONG_EI_0149,1100,B10,225;195;57;3;86;44;147;217;10;219;135;88;46;156;174;68;177;90;49,0.1,19,125,19,0.1269383035584382,21060.0,True,0.6997894736842105,0.0526315789473684,0.5435122459614382,0.0789473684210526,0.3437201667535174,2,19,0,55.317799997283146,5.344599994714372,71.4735999936238,2.3175000096671283
EngineeringROI_B10,JILONG_EI_0149,1110,B10,225;195;58;3;10;219;86;217;147;44;88;135;46;214;68;90;177;174;56,0.1,19,125,19,0.1399101010023661,21090.0,True,0.7461052631578946,0.0526315789473684,0.5206398348813208,0.0789473684210526,0.3495810113519091,2,19,0,55.109900000388734,4.656400007661432,69.66459999966901,2.688499997020699
EngineeringROI_B10,JILONG_EI_0149,1120,B10,225;195;57;219;44;3;86;147;88;217;10;135;68;46;174;156;90;177;49,0.1,19,125,19,0.1269383035584382,21090.0,True,0.7263157894736842,0.0526315789473684,0.5438596491228069,0.0789473684210526,0.350438596491228,2,19,0,54.97539999487344,5.682200004230253,70.48229999782052,2.21429999510292
EngineeringROI_B10,JILONG_EI_0149,1130,B10,225;195;57;3;44;86;147;217;219;10;135;46;88;68;128;49;90;177;174,0.1,19,125,19,0.1207280746758965,21090.0,True,0.711578947368421,0.0526315789473684,0.5351745700885878,0.0789473684210526,0.3445831162063575,2,19,0,54.23740000696853,4.873600002611056,69.65190000482835,2.225499993073754
EngineeringROI_B10,JILONG_EI_0149,1140,B10,225;195;57;3;86;44;147;217;88;135;10;203;46;68;90;49;157;177;24,0.1,19,124,19,0.1376741123048296,21120.0,True,0.7338709677419355,0.0526315789473684,0.5247368421052632,0.0789473684210526,0.3475466893039048,2,19,0,54.25149999791756,5.399500005296432,69.78960000560619,2.357999997911975
EngineeringROI_B10,JILONG_EI_0149,1150,B10,195;225;57;2;44;86;147;217;219;10;135;174;46;88;90;141;20;49;161,0.1,19,126,19,0.1153142253294637,21120.0,True,0.64578111946533,0.0526315789473684,0.5973684210526317,0.0789473684210526,0.3436821219715956,2,19,0,56.58079999557231,4.98420000076294,70.6435999891255,2.2606999991694465
EngineeringROI_B10,JILONG_EI_0149,1160,B10,195;225;57;2;10;86;218;44;46;135;90;174;68;104;141;161;214;49;20,0.1,19,126,19,0.1310350636720754,21120.0,True,0.6482873851294905,0.0526315789473684,0.5768629494528401,0.0789473684210526,0.3391823204876878,2,19,0,54.68060000566766,4.723500009276904,71.50589999218937,2.5397999997949228
EngineeringROI_B10,JILONG_EI_0149,1170,B10,195;225;57;2;10;86;44;202;46;161;135;104;68;174;156;90;49;213;206,0.1,19,126,19,0.1336386121555084,21120.0,True,0.6194653299916458,0.0526315789473684,0.600312662845232,0.0789473684210526,0.3378392350513247,2,19,0,54.506600004970096,6.569000004674308,69.88360000832472,2.202100004069507
EngineeringROI_B10,JILONG_EI_0149,1180,B10,240;195;57;2;44;10;86;218;88;128;135;174;90;46;161;68;156;214;121,0.1,19,126,19,0.1301085067117948,21180.0,True,0.6871345029239766,0.0526315789473684,0.5652631578947368,0.0789473684210526,0.3459941520467837,2,19,0,54.42469999252353,5.470999996759929,71.30750000942498,2.9168000037316237
EngineeringROI_B10,JILONG_EI_0149,1190,B10,195;225;2;57;44;86;10;218;88;135;128;174;90;161;46;68;206;156;49,0.1,19,126,19,0.1273594658131111,21180.0,True,0.7059314954051797,0.0526315789473684,0.5497655028660761,0.0789473684210526,0.3468189864099192,2,19,0,55.1329000008991,6.476599999587052,69.64430000516586,2.2732999932486564
EngineeringROI_B10,JILONG_EI_0149,1200,B10,195;225;2;57;44;86;203;88;10;217;90;135;174;68;46;156;177;251;49,0.1,19,126,19,0.1266243462413183,21180.0,True,0.7059314954051797,0.0526315789473684,0.556539864512767,0.0789473684210526,0.348512576821592,2,19,0,54.33300000731833,4.659999991417863,71.60959999600891,2.9169999907026067
EngineeringROI_B10,JILONG_EI_0149,1210,B10,195;225;2;57;86;10;88;44;217;219;90;174;134;161;46;155;68;251;49,0.1,19,126,19,0.1203911448721581,21210.0,True,0.6695906432748538,0.0526315789473684,0.5773524720893143,0.0789473684210526,0.3446305156831473,2,19,0,56.60920000809711,4.623900007572956,70.40570001117885,3.020799995283596
EngineeringROI_B10,JILONG_EI_0149,1220,B10,225;195;2;57;10;44;86;217;203;90;174;88;68;46;156;49;177;214;235,0.1,19,124,19,0.1325589052844376,21210.0,True,0.7075551782682513,0.0526315789473684,0.5392051557465091,0.0789473684210526,0.3445848203457953,2,19,0,56.312000000616536,4.856500003370456,71.79800000449177,2.4572999973315746
EngineeringROI_B10,JILONG_EI_0149,1230,B10,195;225;2;58;44;10;218;86;90;135;72;174;46;68;177;104;156;49;215,0.1,19,124,19,0.1336845571287454,21210.0,True,0.6859083191850595,0.0526315789473684,0.5572436245252306,0.0789473684210526,0.3436827227696777,2,19,0,54.70019999484066,5.355799992685206,69.87029999436345,2.1858999971300364
EngineeringROI_B10,JILONG_EI_0149,1240,B10,195;225;2;57;44;218;86;10;135;90;174;46;88;68;156;177;232;206;5,0.1,19,124,19,0.1252919420174437,21210.0,True,0.7079796264855688,0.0526315789473684,0.5317417254476396,0.0789473684210526,0.3428250748254073,2,19,0,54.514100003871135,4.680199999711476,70.49779999942984,2.4114000116242096
EngineeringROI_B10,JILONG_EI_0149,1250,B10,195;225;2;57;44;86;218;10;88;90;174;46;128;206;68;156;161;24;166,0.1,19,125,19,0.1352007412455682,21210.0,True,0.7326315789473684,0.0526315789473684,0.5038377192982457,0.0789473684210526,0.3420120614035088,2,19,0,55.1326999993762,4.687900000135414,70.31870000355411,2.2819000005256385
EngineeringROI_B10,JILONG_EI_0149,1260,B10,195;225;2;57;86;44;218;128;10;174;90;161;88;46;68;135;166;156;13,0.1,19,125,19,0.1264788538260676,21210.0,True,0.7242105263157895,0.0526315789473684,0.5170916983179599,0.0789473684210526,0.3432202930005426,2,19,0,54.77420000534039,4.980400000931695,71.41970000520814,2.313600009074434
EngineeringROI_B10,JILONG_EI_0149,1270,B10,195;225;2;57;128;218;86;60;88;10;90;174;28;135;161;46;68;141;121,0.1,19,125,19,0.1213406743190572,21210.0,True,0.7221052631578948,0.0526315789473684,0.5485621269669018,0.0789473684210526,0.3505615843733043,2,19,0,56.537199998274446,5.026300001190975,72.91869999608025,2.3572000063722958
EngineeringROI_B10,JILONG_EI_0149,1280,B10,195;225;2;57;44;218;86;128;88;135;10;90;174;46;4;68;156;206;161,0.1,19,125,19,0.125927514147223,21210.0,True,0.7330526315789474,0.0526315789473684,0.5449561403508771,0.0789473684210526,0.3523969298245614,2,19,0,55.00829999800772,5.52639999659732,70.68550000258256,2.323100008652545
EngineeringROI_B10,JILONG_EI_0149,1290,B10,225;195;2;57;44;86;218;10;90;135;174;128;46;68;104;141;161;214;171,0.1,19,125,19,0.1317472107572497,21210.0,True,0.6917894736842104,0.0526315789473684,0.543859649122807,0.0789473684210526,0.3418070175438596,2,19,0,55.44140000711195,4.874599995673634,71.43269998778123,2.6024999970104545
EngineeringROI_B10,JILONG_EI_0149,1300,B10,195;225;2;57;44;218;86;10;174;90;46;161;135;128;104;68;141;133;66,0.1,19,125,19,0.1404614406812108,21210.0,True,0.7170526315789475,0.0526315789473684,0.5230263157894737,0.0789473684210526,0.3429144736842105,2,19,0,54.519199999049306,6.434599999920465,70.14609999896493,2.217699991888366
EngineeringROI_B10,JILONG_EI_0149,1310,B10,195;225;2;57;218;44;10;86;88;90;174;156;46;135;128;177;68;214;133,0.1,19,125,19,0.1490837806586977,21210.0,True,0.7743157894736843,0.0526315789473684,0.4890350877192982,0.0789473684210526,0.3487324561403509,2,19,0,54.82770000526216,4.701100013335235,71.33150000299793,4.121999998460524
EngineeringROI_B10,JILONG_EI_0149,1320,B10,195;225;2;58;203;44;86;10;217;135;90;174;68;46;88;56;161;235;141,0.1,19,124,19,0.1359894632861376,21210.0,True,0.7054329371816639,0.0526315789473684,0.5727221279003962,0.0789473684210526,0.3524335031126202,2,19,0,54.43889999878593,5.89979998767376,69.60659999458585,2.180900002713315
EngineeringROI_B10,JILONG_EI_0149,1330,B10,195;225;2;57;218;10;86;44;135;90;174;46;161;68;104;141;128;116;171,0.1,19,124,19,0.138524094309715,21210.0,True,0.6901528013582343,0.0526315789473684,0.5512167515563102,0.0789473684210526,0.3432371250707414,2,19,0,54.53940000734292,5.420200002845377,71.93169998936355,2.3193999950308357
EngineeringROI_B10,JILONG_EI_0149,1340,B10,195;225;2;57;10;86;203;44;135;217;174;90;46;161;156;128;235;68;49,0.1,19,124,19,0.1277270255990076,21210.0,True,0.7232597623089984,0.0526315789473684,0.5481522956326988,0.0789473684210526,0.3507477513275295,2,19,0,54.84189999697264,4.944100001011975,71.45329999912065,2.3519999958807603
EngineeringROI_B10,JILONG_EI_0149,1350,B10,195;225;2;57;86;219;217;10;44;135;174;90;46;88;161;68;214;156;49,0.1,19,124,19,0.1326967402041488,21210.0,True,0.7376910016977928,0.0526315789473684,0.537828947368421,0.0789473684210526,0.3517747241086588,2,19,0,54.87849999917671,4.767699996591546,70.6695000117179,2.255599989439361
EngineeringROI_B10,JILONG_EI_0149,1360,B10,195;225;2;57;203;86;217;44;174;135;88;90;10;68;161;46;156;166;49,0.1,19,123,19,0.1281635028447595,21210.0,True,0.7637997432605905,0.0526315789473684,0.5318559556786703,0.0789473684210526,0.3568086615769205,2,19,0,54.44320000242442,5.370400001993403,70.04130000132136,2.2342000011121854
EngineeringROI_B10,JILONG_EI_0149,1370,B10,195;225;2;57;44;86;203;174;201;90;68;161;135;10;46;156;88;235;13,0.1,19,123,19,0.1325206178067401,21210.0,True,0.7021822849807445,0.0526315789473684,0.5464725643896976,0.0789473684210526,0.3450584491847158,2,19,0,54.53779999515973,4.664399995817803,70.35529999120627,2.60990000970196
EngineeringROI_B10,JILONG_EI_0149,1380,B10,195;225;2;58;203;86;44;201;174;46;10;90;161;88;68;134;156;235;20,0.1,19,124,19,0.1347106615310396,21210.0,True,0.7028862478777589,0.0526315789473684,0.5382003395585738,0.0789473684210526,0.3431663837011884,2,19,0,53.93170000752434,4.739800002425909,70.87189999583643,2.4594999995315447
EngineeringROI_B10,JILONG_EI_0149,1390,B10,195;225;2;58;218;86;44;161;135;90;174;68;46;112;88;10;141;49;171,0.1,19,124,19,0.1261112940401712,21210.0,True,0.7003395585738539,0.0526315789473684,0.5526315789473685,0.0789473684210526,0.3461375212224108,2,19,0,54.12820000492502,5.32710000697989,69.80490000569262,2.219300004071556
EngineeringROI_B10,JILONG_EI_0149,1400,B10,195;225;2;58;44;218;86;161;174;90;135;128;10;46;68;49;88;156;216,0.1,19,124,19,0.1310120911854569,21210.0,True,0.7419354838709679,0.0526315789473684,0.5449561403508772,0.0789473684210526,0.3546176428975665,2,19,0,54.8665000096662,4.754599998705089,70.01929999387357,2.792700004647486
EngineeringROI_B10,JILONG_EI_0149,1410,B10,225;195;2;58;203;86;217;44;174;68;90;135;128;88;46;161;49;10;235,0.1,19,124,19,0.1213483318145967,21240.0,True,0.7372665534804753,0.0526315789473684,0.5257675438596491,0.0789473684210526,0.3486532611771364,2,19,0,54.4101999985287,4.846900003030896,70.25960000464693,2.2228000016184524
EngineeringROI_B10,JILONG_EI_0149,1420,B10,195;225;58;2;219;86;217;44;174;90;68;46;88;161;156;10;49;134;112,0.1,19,124,19,0.1250086146824819,21240.0,True,0.7228353140916808,0.0526315789473684,0.5229563269876819,0.0789473684210526,0.3443426471119459,2,19,0,54.15759999596048,5.118300003232434,69.86010000400711,2.2796999983256683
EngineeringROI_B10,JILONG_EI_0149,1430,B10,195;225;58;2;218;86;174;44;88;90;135;46;68;156;128;49;10;77;161,0.1,19,124,19,0.1461279873804473,21240.0,True,0.7767402376910016,0.0526315789473684,0.4624860022396416,0.0789473684210526,0.3427012968247661,2,19,0,54.16510000941344,4.938999991281889,69.63359999645036,2.200899994932115
EngineeringROI_B10,JILONG_EI_0149,1440,B10,195;225;58;3;203;86;135;174;10;128;88;44;217;68;90;46;161;49;235,0.1,19,124,19,0.1223208337481143,21240.0,True,0.7393887945670629,0.0526315789473684,0.5556786703601109,0.0789473684210526,0.3566616030738987,2,19,0,54.049600003054366,4.557399995974265,70.53269998868927,2.6458000065758824
EngineeringROI_B10,JILONG_EI_0159,10,B10,78;106;128;84;195;202;206;119;29;66;235;192;232;27;86;4;158;33;74,0.1,19,128,19,0.1094868712238975,,False,0.6846217105263158,0.0,0.737299771167048,0.0701754385964912,0.3730242300724637,2,19,0,55.25559998932295,4.458000010345131,71.09830000263173,2.253400001791306
EngineeringROI_B10,JILONG_EI_0159,20,B10,86;77;13;128;202;46;91;232;66;44;57;119;174;235;20;10;206;195;33,0.1,19,126,19,0.1075188948702437,0.0,True,0.6913116123642439,0.0526315789473684,0.6740535549399815,0.0701754385964912,0.3720430462120213,2,19,0,56.30569999630097,4.90709999576211,70.77410000783857,2.506699995137751
EngineeringROI_B10,JILONG_EI_0159,30,B10,77;86;74;13;119;105;112;84;49;232;46;195;44;201;251;10;4;177;41,0.1,19,125,19,0.122887488418038,1530.0,True,0.6530526315789473,0.0394736842105263,0.7317636195752538,0.0701754385964912,0.3736163434903047,2,19,0,54.968800002825446,4.799899994395673,70.61609999800567,3.974000006564893
EngineeringROI_B10,JILONG_EI_0159,40,B10,101;77;106;69;29;112;251;74;50;119;174;195;232;4;201;27;155;203;177,0.1,19,124,19,0.1201920499881308,1680.0,True,0.6990662139219016,0.0526315789473684,0.7293898462971589,0.087719298245614,0.3922017343530107,2,19,0,55.78080000123009,4.767600010382012,70.29790000524372,2.590099989902228
EngineeringROI_B10,JILONG_EI_0159,50,B10,195;61;106;13;58;158;50;5;19;206;119;69;10;156;232;202;251;99;94,0.1,19,124,19,0.0883751560214716,13980.0,True,0.6578947368421053,0.0526315789473684,0.6902123730378577,0.087719298245614,0.3721144967682364,2,19,0,54.49609999777749,4.814200001419522,71.20620000932831,2.2877000010339543
EngineeringROI_B10,JILONG_EI_0159,60,B10,195;61;58;66;4;157;134;91;29;93;235;121;203;217;34;190;88;68;176,0.1,19,122,19,0.0867977119403328,14040.0,True,0.6824849007765316,0.0526315789473684,0.7083534524384355,0.0526315789473684,0.374025377777426,1,19,0,55.28960000083316,4.764299999806099,70.41430000390392,2.789599995594472
EngineeringROI_B10,JILONG_EI_0159,70,B10,195;60;13;218;158;49;46;57;104;91;35;3;252;232;25;27;156;70;94,0.1,19,123,19,0.1312265010605631,14790.0,True,0.7496790757381259,0.0526315789473684,0.6628599801390268,0.0526315789473684,0.3794505534429723,1,19,0,55.42269999568816,4.690299989306368,71.29170000553131,2.6402999938
EngineeringROI_B10,JILONG_EI_0159,80,B10,195;44;219;13;57;217;157;121;91;77;135;102;49;26;252;51;112;46;71,0.1,19,123,19,0.1452703478800223,14790.0,True,0.7000427899015832,0.0526315789473684,0.6822055137844611,0.0526315789473684,0.3718778653951953,1,19,0,55.678499993518926,4.870599994319491,71.26319999224506,2.281399996718392
EngineeringROI_B10,JILONG_EI_0159,90,B10,195;44;57;157;49;91;217;120;235;155;192;206;203;36;14;46;77;23;89,0.1,19,122,19,0.0976254106331983,14790.0,True,0.7381363244176014,0.0526315789473684,0.61082995951417,0.0526315789473684,0.3635573604566271,1,19,0,54.30230000638403,4.717699994216673,69.73839999409392,2.475599991157651
EngineeringROI_B10,JILONG_EI_0159,100,B10,195;28;61;57;90;206;218;121;174;100;49;26;156;185;88;133;86;176;52,0.1,19,117,19,0.1573691908324463,14790.0,True,0.6266306792622581,0.0526315789473684,0.6820401519262073,0.0701754385964912,0.3578694621830813,2,19,0,54.9025999935111,4.756199996336363,70.22460000007413,2.2229000023799017
EngineeringROI_B10,JILONG_EI_0159,110,B10,195;28;74;185;60;217;203;156;50;190;20;158;121;41;235;103;128;78;229,0.1,19,118,19,0.1290058273541055,14850.0,True,0.6592328278322924,0.0526315789473684,0.6911922663802363,0.0526315789473684,0.3639220630268164,1,19,0,54.414900005212985,4.659899990656413,71.59229999524541,3.3011000050464645
EngineeringROI_B10,JILONG_EI_0159,120,B10,195;27;13;61;252;217;128;58;90;156;104;186;219;20;213;66;206;40;135,0.1,19,118,19,0.120781677144673,14850.0,True,0.6815343443354148,0.0526315789473684,0.7514330380406462,0.0526315789473684,0.3845576350676994,1,19,0,54.36689998896327,5.064900004072115,70.32309999340214,2.2695999941788614
EngineeringROI_B10,JILONG_EI_0159,130,B10,195;27;219;29;104;252;61;74;217;174;156;186;106;112;41;69;213;93;50,0.1,19,117,19,0.1171137367812483,14850.0,True,0.6563202878992354,0.0526315789473684,0.708133971291866,0.087719298245614,0.3762012840960209,2,19,0,54.51530001300853,4.801599992788397,70.86110000091139,2.232099999673665
EngineeringROI_B10,JILONG_EI_0159,140,B10,195;27;58;202;61;13;174;104;90;69;252;233;213;215;155;49;94;25;101,0.1,19,118,19,0.157966475484528,14850.0,True,0.7506690454950938,0.0526315789473684,0.6147368421052632,0.087719298245614,0.3764391911983348,2,19,0,55.38789999263827,4.896800004644319,70.63250000646804,3.3294000022578984
EngineeringROI_B10,JILONG_EI_0159,150,B10,195;27;202;29;106;74;104;235;69;170;60;215;174;41;32;229;94;206;156,0.1,19,116,19,0.1261266090312502,14850.0,True,0.6819419237749546,0.0526315789473684,0.6567982456140352,0.087719298245614,0.369772761645493,2,19,0,55.25450001005083,4.744599995319732,70.46519999857992,2.865699992980808
EngineeringROI_B10,JILONG_EI_0159,160,B10,195;26;106;202;29;235;232;74;60;69;156;177;206;170;174;3;94;66;120,0.1,19,117,19,0.112955716703295,15060.0,True,0.6401259559154295,0.0526315789473684,0.6776994031470429,0.087719298245614,0.3645440590638637,2,19,0,55.0158999976702,4.739800002425909,70.64879999961704,2.8332999936537817
EngineeringROI_B10,JILONG_EI_0159,170,B10,195;26;58;106;219;232;29;156;201;174;61;88;94;20;177;86;135;40;170,0.1,19,118,19,0.1677221248018623,15060.0,True,0.6855486173059768,0.0526315789473684,0.6019736842105263,0.0701754385964912,0.3525823297650907,2,19,0,55.35809999855701,4.804299998795614,70.28249998984393,2.314700002898462
EngineeringROI_B10,JILONG_EI_0159,180,B10,195;58;26;106;218;28;88;216;156;60;158;252;86;94;177;33;20;56;120,0.1,19,118,19,0.1526751460667274,15060.0,True,0.6904549509366638,0.0526315789473684,0.5822368421052633,0.0701754385964912,0.3488747026464466,2,19,0,54.313400003593415,4.648900008760393,70.46509999781847,2.4784999986877665
EngineeringROI_B10,JILONG_EI_0159,190,B10,195;10;58;106;29;156;202;88;251;174;33;232;206;61;69;94;120;177;20,0.1,19,118,19,0.0949452871943702,15060.0,True,0.664585191793042,0.0526315789473684,0.631578947368421,0.087719298245614,0.3591287540886114,2,19,0,55.14349999430124,4.705699990154244,70.28349999745842,2.2247000015340745
EngineeringROI_B10,JILONG_EI_0159,200,B10,195;25;57;106;251;202;29;216;88;50;27;156;69;120;192;94;61;174;55,0.1,19,120,19,0.1469473394031748,15240.0,True,0.6785087719298246,0.0526315789473684,0.645648775403856,0.087719298245614,0.3661271061316657,2,19,0,59.57509999279864,6.78580001113005,76.70940000389237,2.6483999972697347
EngineeringROI_B10,JILONG_EI_0159,210,B10,195;41;10;90;251;29;217;157;88;50;155;120;69;77;186;20;214;134;55,0.1,19,120,19,0.1157353875841367,15060.0,True,0.6456140350877194,0.0526315789473684,0.6444788441692467,0.087719298245614,0.3576109391124871,2,19,0,54.98649999208283,4.929100003209896,70.06349999574013,2.2104999952716757
EngineeringROI_B10,JILONG_EI_0159,220,B10,195;58;10;40;90;251;217;29;88;157;50;155;86;77;214;120;185;52;20,0.1,19,118,19,0.1325818777710562,15060.0,True,0.6855486173059768,0.0526315789473684,0.6602870813397129,0.0789473684210526,0.3693536615035276,2,19,0,54.01779999374412,4.7008999972604215,72.18920000013895,3.654500003904104
EngineeringROI_B10,JILONG_EI_0159,230,B10,195;58;90;10;217;29;88;50;185;157;86;155;235;77;40;120;206;215;213,0.1,19,118,19,0.1310580361586939,15060.0,True,0.6681534344335415,0.0526315789473684,0.6348345089527944,0.0789473684210526,0.3586417226886892,2,19,0,54.24450000282377,7.40060000680387,70.07099999464117,2.230700003565289
EngineeringROI_B10,JILONG_EI_0159,240,B10,195;58;90;217;10;29;50;88;157;86;155;77;135;185;235;24;121;206;56,0.1,19,118,19,0.1210267170019373,15060.0,True,0.7002676181980374,0.0526315789473684,0.5861495844875345,0.0789473684210526,0.3544990375134983,2,19,0,55.19379999896046,4.778199989232235,70.32150001032278,2.261100002215244
EngineeringROI_B10,JILONG_EI_0159,250,B10,195;58;90;10;233;29;88;201;50;157;86;77;155;120;177;206;24;56;235,0.1,19,118,19,0.1243500700660841,15060.0,True,0.7123104371097234,0.0526315789473684,0.5815789473684211,0.0789473684210526,0.3563670829616414,2,19,0,55.43760000728071,4.705100000137463,71.44509999488946,2.2551000001840293
EngineeringROI_B10,JILONG_EI_0159,260,B10,195;58;90;88;233;219;10;201;49;29;86;174;77;155;120;35;206;112;177,0.1,19,118,19,0.0961781439762311,15060.0,True,0.6659232827832293,0.0526315789473684,0.6473684210526316,0.0789473684210526,0.3612176628010704,2,19,0,55.85819999396335,4.902000000583939,71.59900000260677,2.27870000526309
EngineeringROI_B10,JILONG_EI_0159,270,B10,195;58;88;90;49;29;233;201;86;77;157;120;155;25;23;177;27;51;206,0.1,19,119,19,0.1437771362498181,15120.0,True,0.7279964617425918,0.0526315789473684,0.5794633642930856,0.0789473684210526,0.3597596933510246,2,19,0,54.612500010989606,4.796199995325878,71.05719999526627,2.740700001595542
EngineeringROI_B10,JILONG_EI_0159,280,B10,195;58;90;88;13;157;233;86;49;10;45;120;201;155;77;177;203;23;206,0.1,19,120,19,0.104333376725808,15120.0,True,0.6824561403508772,0.0526315789473684,0.6143824908806671,0.0789473684210526,0.3571043946499913,2,19,0,55.27959999744781,5.525000000488944,70.2300999982981,2.337500001885928
EngineeringROI_B10,JILONG_EI_0159,290,B10,195;58;88;90;13;45;86;219;174;49;233;77;201;155;120;25;177;23;51,0.1,19,120,19,0.1209501420465422,15120.0,True,0.7030701754385965,0.0526315789473684,0.61203007518797,0.0789473684210526,0.3616697994987468,2,19,0,54.55459999211598,4.9186999967787415,70.26670000050217,2.278900006785989
EngineeringROI_B10,JILONG_EI_0159,300,B10,195;90;58;13;88;49;86;23;202;10;157;45;77;233;155;120;20;177;235,0.1,19,120,19,0.1013699259520181,15120.0,True,0.6662280701754387,0.0526315789473684,0.652529381706694,0.0789473684210526,0.3625840998126384,2,19,0,55.48110000381712,6.086499997763895,70.5178999924101,2.4807000008877367
EngineeringROI_B10,JILONG_EI_0159,310,B10,195;90;57;88;13;23;86;218;77;157;45;112;34;232;155;25;177;66;27,0.1,19,120,19,0.137605194844974,15120.0,True,0.7109649122807018,0.0526315789473684,0.5910931174089069,0.0789473684210526,0.3584092442645074,2,19,0,54.19949999486562,4.978299999493174,70.25910000083968,2.338000005693175
EngineeringROI_B10,JILONG_EI_0159,320,B10,195;90;58;13;86;88;218;77;45;174;232;34;177;156;27;120;206;23;25,0.1,19,120,19,0.132038195587751,15120.0,True,0.6982456140350877,0.0526315789473684,0.5794534412955464,0.0789473684210526,0.3523195006747638,2,19,0,55.40320000727661,5.007500003557652,71.46920000377577,2.285700000356883
EngineeringROI_B10,JILONG_EI_0159,330,B10,195;90;57;219;13;86;88;217;77;23;35;46;157;49;112;44;4;155;79,0.1,19,120,19,0.121654631636177,15120.0,True,0.6372807017543859,0.0526315789473684,0.6479642502482621,0.0789473684210526,0.3542059748427673,2,19,0,54.58979999821168,4.883200002950616,70.02670000656508,2.812699996866286
EngineeringROI_B10,JILONG_EI_0159,340,B10,195;58;105;217;29;86;72;77;157;203;34;23;91;20;26;112;155;79;66,0.1,19,120,19,0.1269995635227542,15120.0,True,0.6934210526315789,0.0526315789473684,0.5839126117179742,0.0789473684210526,0.3522281529294935,2,19,0,54.25560000003316,4.780200004461221,70.6858000048669,2.253099999506958
EngineeringROI_B10,JILONG_EI_0159,350,B10,195;58;90;217;29;86;34;174;88;77;10;120;203;156;112;66;206;23;170,0.1,19,120,19,0.0979853129235552,15150.0,True,0.637719298245614,0.0526315789473684,0.6366396761133604,0.0789473684210526,0.3514844804318489,2,19,0,54.59710001014173,5.6425999937346205,70.48070000018924,2.2668000019621104
EngineeringROI_B10,JILONG_EI_0159,360,B10,195;58;90;217;86;29;34;120;174;203;88;77;156;170;206;26;23;20;177,0.1,19,119,19,0.1236455804764493,15180.0,True,0.670499778858912,0.0526315789473684,0.5890688259109312,0.0789473684210526,0.347786888034566,2,19,0,54.39349998778198,4.785400000400841,70.31320000533015,2.2775000106776133
EngineeringROI_B10,JILONG_EI_0159,370,B10,195;58;90;201;86;29;88;34;232;203;61;174;120;156;27;177;25;206;170,0.1,19,119,19,0.1453928678086545,15180.0,True,0.6824413976116762,0.0526315789473684,0.5794534412955465,0.0789473684210526,0.3483684465689109,2,19,0,54.59099999279715,5.232900002738461,71.64810001268052,2.405199993518181
EngineeringROI_B10,JILONG_EI_0159,380,B10,195;90;58;219;201;86;29;88;232;35;77;157;155;128;27;49;176;25;206,0.1,19,119,19,0.1345498541247099,15180.0,True,0.6554621848739496,0.0526315789473684,0.5996963562753037,0.0789473684210526,0.3466843721294185,2,19,0,54.80689999239985,5.91829999757465,70.53500000620261,2.286600007209927
EngineeringROI_B10,JILONG_EI_0159,390,B10,195;90;58;201;86;29;35;88;176;77;157;49;128;155;203;27;25;235;206,0.1,19,119,19,0.1365944054337588,15180.0,True,0.6758071649712516,0.0526315789473684,0.5850792028615228,0.0789473684210526,0.3481163288002988,2,19,0,55.71640000562184,4.936700002872385,69.8778000078164,2.257500003906898
EngineeringROI_B10,JILONG_EI_0159,400,B10,195;58;90;219;86;217;46;35;172;176;13;104;77;44;174;66;128;25;135,0.1,19,119,19,0.1256748167944192,15180.0,True,0.6417514374170721,0.0526315789473684,0.638095238095238,0.0789473684210526,0.3528564057201828,2,19,0,54.58619999990333,4.820500005735084,70.1831000042148,2.2585999977309257
EngineeringROI_B10,JILONG_EI_0159,410,B10,195;105;219;58;201;119;86;29;35;77;157;66;4;27;25;128;177;206;170,0.1,19,121,19,0.1461279873804473,15180.0,True,0.6681165724227925,0.0526315789473684,0.5932120019675355,0.0789473684210526,0.3482268804396873,2,19,0,54.5916999981273,5.727399999159388,71.64090000151191,2.528100012568757
EngineeringROI_B10,JILONG_EI_0159,420,B10,195;90;119;41;218;86;29;35;77;157;4;128;88;66;200;121;161;10;170,0.1,19,121,19,0.1206132122428038,15180.0,True,0.6437581557198783,0.0526315789473684,0.6022267206477734,0.0789473684210526,0.3443909559340181,2,19,0,56.35070000425912,7.034599999315105,71.03989999450278,2.488499987521209
EngineeringROI_B10,JILONG_EI_0159,430,B10,195;90;58;119;86;201;35;29;77;4;172;203;174;235;66;128;170;25;27,0.1,19,121,19,0.1380493295862655,15180.0,True,0.6724662896911701,0.0526315789473684,0.5576923076923076,0.0789473684210526,0.3404343861879747,2,19,0,57.07619999884628,7.426399999530986,71.10830000601709,2.6418000052217394
EngineeringROI_B10,JILONG_EI_0159,440,B10,195;58;90;86;35;217;29;119;77;172;174;128;4;49;170;25;206;27;177,0.1,19,121,19,0.1330489849989662,15180.0,True,0.6802957807742496,0.0526315789473684,0.5573934837092732,0.0789473684210526,0.342317052962986,2,19,0,55.34050001006108,5.196400001295842,71.0010000038892,2.292599994689226
EngineeringROI_B10,JILONG_EI_0159,450,B10,195;90;219;58;86;201;35;29;172;61;93;4;104;49;27;25;135;174;128,0.1,19,121,19,0.1346034565934865,15180.0,True,0.6850804697694649,0.0526315789473684,0.5868175110673881,0.0789473684210526,0.3508692320513185,2,19,0,55.455900001106784,5.223300002398901,70.68330000038259,2.2709000040777028
EngineeringROI_B10,JILONG_EI_0159,460,B10,195;74;41;35;105;86;201;44;119;172;13;128;46;77;4;174;66;235;23,0.1,19,121,19,0.1272599183710975,15180.0,True,0.60852544584602,0.0526315789473684,0.6497975708502025,0.0789473684210526,0.3474754910161609,2,19,0,54.72949999966659,4.861599998548627,70.0384999945527,2.934100004495121
EngineeringROI_B10,JILONG_EI_0159,470,B10,195;58;35;90;86;218;29;119;4;61;206;23;174;172;128;200;49;25;27,0.1,19,121,19,0.1265937162591602,15180.0,True,0.6946498477598956,0.0526315789473684,0.5334008097165991,0.0789473684210526,0.339907401211229,2,19,0,55.24200000218116,4.773099994054064,70.80310001038015,2.219899994088337
EngineeringROI_B10,JILONG_EI_0159,480,B10,195;74;41;35;86;218;29;105;200;61;172;4;49;27;128;135;68;174;170,0.1,19,121,19,0.1414569151013469,15180.0,True,0.6628969117007394,0.0526315789473684,0.567079463364293,0.0789473684210526,0.3403888306083634,2,19,0,54.72369999915827,5.242100000032224,70.36610000068322,2.286399991135113
EngineeringROI_B10,JILONG_EI_0159,490,B10,195;90;35;217;41;29;86;119;61;174;66;172;128;170;27;4;161;206;121,0.1,19,121,19,0.1333093398473095,15180.0,True,0.6602870813397129,0.0526315789473684,0.5612348178137652,0.0789473684210526,0.3382752116304748,2,19,0,54.96149999089539,5.060900002717972,70.72360000165645,2.252400008728728
EngineeringROI_B10,JILONG_EI_0159,500,B10,195;90;217;58;35;29;86;119;61;174;128;172;66;170;27;25;3;206;177,0.1,19,121,19,0.1381335620372001,15180.0,True,0.6881252718573293,0.0526315789473684,0.5430161943319839,0.0789473684210526,0.3406801033894336,2,19,0,55.02960000012536,4.976399999577552,71.04750000871718,2.3864999966463074
EngineeringROI_B10,JILONG_EI_0159,510,B10,195;35;90;58;217;86;44;14;77;206;46;172;128;66;170;25;174;3;252,0.1,19,121,19,0.1327580001684649,15180.0,True,0.6759460635058722,0.0526315789473684,0.5764170040485831,0.0789473684210526,0.345985503730719,2,19,0,55.36139999458101,5.537499993806705,70.69680000131484,2.295900005265139
EngineeringROI_B10,JILONG_EI_0159,520,B10,195;58;35;90;217;86;29;252;61;206;172;112;174;170;3;27;25;49;192,0.1,19,121,19,0.1307900238148111,15180.0,True,0.6572422792518486,0.0526315789473684,0.5774436090225564,0.0789473684210526,0.3415662089107065,2,19,0,54.894200002308935,4.839100001845509,71.66400000278372,2.355300006456673
EngineeringROI_B10,JILONG_EI_0159,530,B10,195;90;219;35;41;217;86;44;252;206;112;13;49;157;3;170;77;88;46,0.1,19,121,19,0.1299476993054651,15180.0,True,0.6202696824706395,0.0526315789473684,0.6519364448857994,0.0789473684210526,0.350946268681215,2,19,0,55.31490000430495,5.4109000047901645,72.22290000936482,3.262700003688224
EngineeringROI_B10,JILONG_EI_0159,540,B10,195;74;35;86;201;44;252;232;41;13;49;157;5;105;3;170;77;128;135,0.1,19,121,19,0.1389529140599275,15180.0,True,0.6228795128316659,0.0526315789473684,0.631578947368421,0.0789473684210526,0.346509351892127,2,19,0,54.34760000207461,5.103500006953254,70.89940000150818,2.4338000075658783
EngineeringROI_B10,JILONG_EI_0159,550,B10,195;74;44;217;86;35;41;84;13;252;174;88;106;170;128;3;156;66;78,0.1,19,121,19,0.1381412195327396,15180.0,True,0.6302740321879077,0.0526315789473684,0.6300607287449393,0.0789473684210526,0.3479784270753169,2,19,0,55.93329999828711,4.794599997694604,70.46950000221841,2.313199991476722
EngineeringROI_B10,JILONG_EI_0159,560,B10,195;219;58;90;35;217;44;86;84;13;119;172;46;78;174;170;3;25;161,0.1,19,121,19,0.1366709803891539,15180.0,True,0.6742061765985211,0.0526315789473684,0.6198262646908534,0.0789473684210526,0.3564028471644488,2,19,0,54.26150000130292,5.278899989207275,71.4838999992935,3.1460999889532104
EngineeringROI_B10,JILONG_EI_0159,570,B10,195;219;90;84;44;86;217;51;57;119;13;174;78;20;172;170;46;128;161,0.1,19,121,19,0.1242964675973076,15180.0,True,0.642453240539365,0.0526315789473684,0.6391700404858301,0.0789473684210526,0.3533005570984039,2,19,0,58.46569999994245,5.016199997044168,72.39699999627192,2.6486999995540828
EngineeringROI_B10,JILONG_EI_0159,580,B10,195;219;90;35;84;44;217;119;86;58;78;46;174;13;3;170;172;66;10,0.1,19,121,19,0.1174659815760657,15180.0,True,0.7033492822966507,0.0526315789473684,0.6037449392712549,0.0789473684210526,0.3596682922340817,2,19,0,56.18780000077095,5.57610001123976,71.27179999952205,2.36909999512136
EngineeringROI_B10,JILONG_EI_0159,590,B10,195;219;58;90;119;35;84;44;86;217;174;78;13;4;49;172;192;46;10,0.1,19,121,19,0.1065540504322656,15180.0,True,0.675946063505872,0.0526315789473684,0.6351558507920286,0.0789473684210526,0.3606702154165805,2,19,0,56.48710000969004,4.736600007163361,70.60310000088066,2.2221999970497563
EngineeringROI_B10,JILONG_EI_0159,600,B10,195;219;84;90;35;44;86;217;57;119;174;78;13;4;49;156;46;192;10,0.1,19,121,19,0.1127259918371097,15180.0,True,0.6528925619834711,0.0526315789473684,0.6520183955033214,0.0789473684210526,0.3591224762138034,2,19,0,54.266600011033006,6.325199996354058,70.03039999108296,2.313799996045418
EngineeringROI_B10,JILONG_EI_0159,610,B10,195;219;84;90;44;217;35;86;58;174;78;13;156;3;49;46;104;128;177,0.1,19,121,19,0.1184767709872809,15180.0,True,0.6550674206176599,0.0526315789473684,0.6372549019607843,0.0789473684210526,0.3559753174867163,2,19,0,54.683599999407306,6.298699998296797,70.29299999703653,2.5806999910855666
EngineeringROI_B10,JILONG_EI_0159,620,B10,195;219;84;51;29;74;86;78;217;41;104;174;60;3;156;27;49;177;170,0.1,19,121,19,0.151028784525733,16890.0,True,0.6981296215745976,0.0,0.6026831785345718,0.0789473684210526,0.3449400421325554,2,19,0,54.231100002652965,5.043099998147227,70.14090000302531,2.3538999957963824
EngineeringROI_B10,JILONG_EI_0159,630,B10,195;219;84;90;35;78;58;44;86;201;3;128;174;232;13;49;156;10;104,0.1,19,122,19,0.1202533099524469,16890.0,True,0.684641932700604,0.0,0.6320899335717935,0.0789473684210526,0.3489198086733625,2,19,0,55.07080000825226,5.925400007981807,70.80169999971986,2.4037000112002715
EngineeringROI_B10,JILONG_EI_0159,640,B10,195;219;84;78;29;74;86;35;217;41;174;3;128;49;60;10;105;192;172,0.1,19,123,19,0.1103215382377039,16890.0,True,0.6936243046640993,0.0,0.6266137040714995,0.0789473684210526,0.3497963442891628,2,19,0,54.439899991848506,4.881400003796443,69.8880999989342,2.396199997747317
EngineeringROI_B10,JILONG_EI_0159,650,B10,195;219;84;44;35;90;86;78;57;201;174;3;13;66;147;172;170;192;120,0.1,19,123,19,0.1226424485607737,16890.0,True,0.658964484381686,0.0,0.6618669314796425,0.0789473684210526,0.3499446960705953,2,19,0,54.16569999943022,4.932600000756793,70.0007999985246,2.5238999951398
EngineeringROI_B10,JILONG_EI_0159,660,B10,195;219;84;78;29;90;51;58;86;201;174;119;3;60;10;128;172;147;49,0.1,19,123,19,0.1044558966544402,16950.0,True,0.7171587505348738,0.0,0.6195488721804511,0.0789473684210526,0.3539137477840944,2,19,0,54.630500002531335,5.096699998830445,70.11950000014622,2.4007000029087067
EngineeringROI_B10,JILONG_EI_0159,670,B10,195;219;84;35;78;119;86;90;29;58;3;201;174;60;66;147;128;5;172,0.1,19,123,19,0.1027712476357482,16950.0,True,0.7205819426615317,0.0,0.6137040714995033,0.0789473684210526,0.353308345645522,2,19,0,54.37689999234863,5.587899999227375,69.8188999958802,2.505299999029376
EngineeringROI_B10,JILONG_EI_0159,680,B10,195;219;84;58;119;78;86;51;44;90;217;174;147;46;3;13;128;172;192,0.1,19,123,19,0.1078634821695216,16950.0,True,0.676936243046641,0.0,0.6726817042606517,0.0789473684210526,0.3571413289320863,2,19,0,55.52259999967646,5.093200001283549,70.31880000431556,2.359899997827597
EngineeringROI_B10,JILONG_EI_0159,690,B10,195;219;84;58;35;78;119;217;86;90;29;174;60;147;4;10;66;155;33,0.1,19,123,19,0.0978398205083045,16950.0,True,0.7218656397090287,0.0,0.6209514170040485,0.0789473684210526,0.3554411062835325,2,19,0,54.52879999938887,4.8944000009214506,71.18300000729505,2.4769000010564923
EngineeringROI_B10,JILONG_EI_0159,700,B10,195;58;84;218;78;119;86;90;51;29;3;174;60;147;232;5;170;49;156,0.1,19,123,19,0.1110030553407202,16950.0,True,0.6880616174582799,0.0,0.6213592233009709,0.0789473684210526,0.3470920522950758,2,19,0,55.76510001264978,5.507499998202547,70.78500000352506,2.432699999189936
EngineeringROI_B10,JILONG_EI_0159,710,B10,195;58;84;218;35;78;86;90;44;119;3;157;147;46;232;166;200;10;128,0.1,19,123,19,0.1163096997495999,16950.0,True,0.6966195977749251,0.0,0.6030075187969924,0.0789473684210526,0.3446436212482425,2,19,0,55.28449999110308,5.09010000678245,70.45389999984764,2.401399993686937
EngineeringROI_B10,JILONG_EI_0159,720,B10,195;84;218;78;119;35;86;58;90;29;174;60;128;147;10;200;232;33;66,0.1,19,123,19,0.0993636621206668,16950.0,True,0.7347026101839965,0.0,0.5774436090225564,0.0789473684210526,0.3477733969069014,2,19,0,55.24329999752808,5.012399997212924,70.47740000416525,2.4249999987659976
EngineeringROI_B10,JILONG_EI_0159,730,B10,195;84;218;78;86;58;51;29;90;119;174;10;128;60;20;232;166;147;49,0.1,19,124,19,0.1010712836259772,16980.0,True,0.7232597623089982,0.0,0.5605759682224429,0.0789473684210526,0.3406957747381234,2,19,0,54.776199991465546,5.185999994864687,70.47890000103507,2.3207000049296767
EngineeringROI_B10,JILONG_EI_0159,740,B10,195;84;58;78;217;86;35;90;219;119;29;128;174;147;3;27;60;192;66,0.1,19,124,19,0.1146173932353684,16980.0,True,0.7109507640067911,0.0,0.6044966785896781,0.0789473684210526,0.3485987027543804,2,19,0,54.62029999762308,6.299000000581145,70.15929999761283,2.46760000300128
EngineeringROI_B10,JILONG_EI_0159,750,B10,195;84;58;217;78;86;51;44;119;90;147;10;174;128;46;192;170;3;161,0.1,19,123,19,0.121654631636177,17010.0,True,0.6700898587933248,0.0,0.6248710010319918,0.0789473684210526,0.3434770570615923,2,19,0,56.05240000295453,5.01750000694301,70.87199999659788,3.192699994542636
EngineeringROI_B10,JILONG_EI_0159,760,B10,195;84;58;217;35;78;86;119;29;90;60;174;66;147;128;206;23;27;166,0.1,19,123,19,0.1164705071559295,17010.0,True,0.732135216089003,0.0,0.5625958099131323,0.0789473684210526,0.343419598605797,2,19,0,55.81289999827277,6.095999997342005,71.20829999621492,2.339300001040101
EngineeringROI_B10,JILONG_EI_0159,770,B10,195;58;84;78;218;86;35;90;5;3;60;157;13;66;46;128;135;155;88,0.1,19,123,19,0.1061941481419087,17010.0,True,0.6914848095849379,0.0,0.5947879407256004,0.0789473684210526,0.3413050296828977,2,19,0,54.25390000164043,5.111400008900091,69.79949999367818,2.2579999931622297
EngineeringROI_B10,JILONG_EI_0159,780,B10,195;84;78;58;217;119;86;35;3;44;90;5;174;46;13;128;116;166;156,0.1,19,123,19,0.1264405663483701,17010.0,True,0.7355584082156611,0.0,0.5886561062851304,0.0789473684210526,0.350790470730461,2,19,0,54.09330000111368,5.650499995681457,69.92960000934545,2.215300002717413
EngineeringROI_B10,JILONG_EI_0159,790,B10,195;84;217;58;78;219;119;86;5;51;90;29;10;174;3;60;116;170;156,0.1,19,124,19,0.1234847730701196,17010.0,True,0.7546689303904923,0.0,0.593346573982125,0.0789473684210526,0.3567407181984175,2,19,0,55.7903000008082,5.33010000071954,69.68450000567827,2.273799997055903
EngineeringROI_B10,JILONG_EI_0159,800,B10,195;58;217;78;86;35;90;5;13;3;68;44;174;100;206;46;134;10;161,0.1,19,123,19,0.1248324922850732,17040.0,True,0.6670945656824988,0.0,0.6377708978328173,0.0789473684210526,0.3459532079840923,2,19,0,54.02209999738261,5.189000003156252,72.27820000844076,2.92250000347849
EngineeringROI_B10,JILONG_EI_0159,810,B10,195;217;41;78;86;74;3;35;13;44;46;66;174;68;10;128;100;134;33,0.1,19,123,19,0.1391366939528757,17040.0,True,0.693196405648267,0.0,0.6126724578436381,0.0789473684210526,0.3462040579782394,2,19,0,55.9099999954924,4.929899994749576,71.364800009178,2.6116999943042174
EngineeringROI_B10,JILONG_EI_0159,820,B10,195;78;217;58;86;3;51;44;13;174;46;33;5;128;90;219;100;192;134,0.1,19,124,19,0.1129633741988345,17040.0,True,0.6438879456706282,0.0,0.6513157894736843,0.0789473684210526,0.3435377758913412,2,19,0,55.05430001358036,4.801799994311296,70.6789999967441,2.4157000007107854
EngineeringROI_B10,JILONG_EI_0159,830,B10,195;217;78;57;86;3;29;90;35;174;5;128;60;33;10;116;165;134;104,0.1,19,123,19,0.1133232764891914,17040.0,True,0.6713735558408216,0.0,0.6091714434601356,0.0789473684210526,0.3398730919305024,2,19,0,54.77820000669453,5.530099995667115,70.17170000472106,2.246100004413165
EngineeringROI_B10,JILONG_EI_0159,840,B10,195;217;58;78;86;3;51;44;90;174;13;33;165;104;99;10;156;46;134,0.1,19,123,19,0.122106423873008,17070.0,True,0.6448438168592213,0.0,0.6305263157894737,0.0789473684210526,0.3385793752674368,2,19,0,55.04959999234416,4.942500003380701,69.88610001280904,2.271799996378832
EngineeringROI_B10,JILONG_EI_0159,850,B10,195;217;57;44;86;78;51;13;3;90;174;46;33;5;104;165;116;10;147,0.1,19,123,19,0.127267575866637,17070.0,True,0.6837826272999572,0.0,0.5992704533611256,0.0789473684210526,0.3405001122705339,2,19,0,54.98089999309741,5.623899996862747,69.96239999716636,2.3188999912235886
EngineeringROI_B10,JILONG_EI_0159,860,B10,195;84;217;57;86;44;13;35;78;90;3;174;33;46;10;170;104;128;66,0.1,19,124,19,0.1192501780367712,17070.0,True,0.6816638370118846,0.0,0.6136944302503832,0.0789473684210526,0.3435764089208301,2,19,0,54.09380000492092,4.654800010030158,70.8234000048833,2.5366000045323744
EngineeringROI_B10,JILONG_EI_0159,870,B10,195;58;217;86;78;44;13;10;51;174;90;46;33;3;219;100;147;104;170,0.1,19,124,19,0.1211645519216485,17070.0,True,0.6629881154499151,0.0,0.6093911248710011,0.0789473684210526,0.3378316521854921,2,19,0,54.6256999950856,4.742000004625879,70.45299999299459,2.6483999972697347
EngineeringROI_B10,JILONG_EI_0159,880,B10,195;218;57;86;13;78;60;35;90;174;3;5;33;216;46;68;66;116;10,0.1,19,123,19,0.122466326163365,17070.0,True,0.7218656397090287,0.0,0.5581031787389265,0.0789473684210526,0.3397290467172519,2,19,0,55.19540001114365,5.858099990291521,71.47800001257565,2.481400006217882
EngineeringROI_B10,JILONG_EI_0159,890,B10,195;84;218;57;78;86;13;5;44;216;35;174;90;3;46;147;10;116;135,0.1,19,123,19,0.1260347190847761,17100.0,True,0.7381258023106547,0.0,0.5608875128998967,0.0789473684210526,0.344490170907901,2,19,0,54.68240000482183,4.71819999802392,70.9391999989748,2.799299996695481
EngineeringROI_B10,JILONG_EI_0159,900,B10,195;84;57;78;86;201;44;13;5;35;174;90;3;46;232;128;10;134;116,0.1,19,124,19,0.1279184629874953,17100.0,True,0.7215619694397283,0.0,0.5701754385964912,0.0789473684210526,0.342671194114318,2,19,0,54.47429999185261,4.79819999600295,71.6649999958463,2.969300010590814
EngineeringROI_B10,JILONG_EI_0159,910,B10,195;84;41;217;78;44;86;13;74;5;35;174;3;46;10;23;106;112;235,0.1,19,124,19,0.1222212863061007,17100.0,True,0.6778438030560272,0.0,0.6321052631578948,0.0789473684210526,0.3472241086587436,2,19,0,56.50259999674745,4.848900003707968,69.73160000052303,2.3019000072963536
EngineeringROI_B10,JILONG_EI_0159,920,B10,195;217;84;60;57;86;13;3;5;78;35;174;10;219;66;90;117;33;156,0.1,19,124,19,0.119051083152744,17100.0,True,0.6965195246179965,0.0,0.6102136529442418,0.0789473684210526,0.3464201364958227,2,19,0,54.61279999872204,4.696499992860481,71.6895000077784,2.8187999996589497
EngineeringROI_B10,JILONG_EI_0159,930,B10,195;84;58;13;201;86;44;3;10;78;35;174;90;156;232;33;116;128;121,0.1,19,123,19,0.1329953825301896,17100.0,True,0.7133076593923834,0.0,0.5997915581031786,0.0789473684210526,0.3480116464791536,2,19,0,55.615799996303394,4.994500006432645,73.82720000168774,3.4155999892391264
EngineeringROI_B10,JILONG_EI_0159,940,B10,195;218;57;13;3;78;86;44;51;174;90;5;216;99;10;156;134;46;121,0.1,19,123,19,0.1236838679541469,17100.0,True,0.6812152332049635,0.0,0.5904605263157894,0.0789473684210526,0.3376557819854514,2,19,0,56.04550000862218,4.9085000064224005,72.19099999929313,2.569999996921979
EngineeringROI_B10,JILONG_EI_0159,950,B10,195;58;78;13;86;44;201;35;174;90;10;3;46;116;68;156;219;66;5,0.1,19,124,19,0.1449334180762839,17100.0,True,0.7079796264855688,0.0,0.5544922913343967,0.0789473684210526,0.3353548215602545,2,19,0,55.18039999878965,6.016899991664104,71.14719999663066,2.403000005870126
EngineeringROI_B10,JILONG_EI_0159,960,B10,195;57;13;217;78;86;44;5;174;3;90;35;46;100;10;156;133;170;199,0.1,19,122,19,0.1428199493073795,17100.0,True,0.7424503882657464,0.0,0.5203472599023332,0.0789473684210526,0.335436254147283,2,19,0,54.9851999967359,4.856900006416254,70.43669999984559,2.984999999171123
EngineeringROI_B10,JILONG_EI_0159,970,B10,195;58;217;10;44;86;35;78;174;3;90;5;133;14;128;199;100;185;161,0.1,19,123,19,0.1387921066535978,17100.0,True,0.7359863072314935,0.0,0.5123523093447906,0.0789473684210526,0.3318214962493341,2,19,0,54.45740000868682,4.709500004537404,69.93909999437165,2.563700007158332
EngineeringROI_B10,JILONG_EI_0159,980,B10,195;84;217;57;10;86;44;78;3;90;157;5;35;219;133;199;185;164;49,0.1,19,123,19,0.1599727393158793,17100.0,True,0.7047496790757383,0.0,0.5614035087719299,0.0789473684210526,0.3362751390671801,2,19,0,55.00870000105351,6.146499988972209,72.41690000228118,2.983800004585646
EngineeringROI_B10,JILONG_EI_0159,990,B10,195;84;57;10;217;44;86;13;3;35;78;90;5;174;116;66;147;251;219,0.1,19,123,19,0.1213942767878337,17100.0,True,0.6987590928540864,0.0,0.5963103635377103,0.0789473684210526,0.3435042062032123,2,19,0,55.485299992142245,6.481200005509891,71.49839999328833,2.230700003565289
EngineeringROI_B10,JILONG_EI_0159,1000,B10,195;84;10;218;57;60;86;78;90;174;3;5;116;29;216;51;251;147;49,0.1,19,122,19,0.1150079255078833,17100.0,True,0.688955996548749,0.0,0.5878116343490304,0.0789473684210526,0.338928749829708,2,19,0,54.1743000067072,4.7876999888103455,70.70850000309292,2.3904999980004504
EngineeringROI_B10,JILONG_EI_0159,1010,B10,195;84;44;58;78;10;86;217;3;90;174;23;116;46;35;147;5;120;155,0.1,19,122,19,0.1234158556102641,17100.0,True,0.7269197584124245,0.0,0.5352743561030234,0.0789473684210526,0.3352853707341252,2,19,0,57.01530000078492,5.398200009949505,72.71480000053998,2.373800001805648
EngineeringROI_B10,JILONG_EI_0159,1020,B10,195;84;78;44;217;41;119;86;10;74;174;5;116;35;3;66;156;106;46,0.1,19,122,19,0.1443744209018998,17100.0,True,0.7338222605694565,0.0,0.551511758118701,0.0789473684210526,0.3410703467773024,2,19,0,54.75510000542272,4.694200004450977,70.6390000123065,2.513400002499111
EngineeringROI_B10,JILONG_EI_0159,1030,B10,195;84;78;57;44;86;13;201;10;219;3;174;90;35;116;156;66;5;88,0.1,19,123,19,0.1361196407103093,17100.0,True,0.7192982456140351,0.0,0.5757250268528464,0.0789473684210526,0.3434926602219835,2,19,0,54.00619999272749,5.658199996105395,69.99020000512246,2.680700010387227
EngineeringROI_B10,JILONG_EI_0159,1040,B10,195;84;57;60;3;78;86;201;10;174;90;35;116;88;156;5;24;251;46,0.1,19,122,19,0.1297409469258984,17100.0,True,0.7040552200172563,0.0,0.5702658708627238,0.0789473684210526,0.3383171148252581,2,19,0,54.96849998598918,4.631599993444979,70.21599999279715,2.211600003647618
EngineeringROI_B10,JILONG_EI_0159,1050,B10,195;84;58;44;10;86;78;201;174;3;90;116;88;251;51;155;46;148;214,0.1,19,122,19,0.1599267943426423,17100.0,True,0.7135461604831752,0.0,0.5453065653825285,0.0789473684210526,0.3344500235716891,2,19,0,54.805299994768575,4.643199994461611,71.09710000804625,2.7701000071829185
EngineeringROI_B10,JILONG_EI_0159,1060,B10,195;84;58;3;44;86;10;78;174;202;90;35;200;88;116;5;155;235;112,0.1,19,124,19,0.1266626337190158,17100.0,True,0.7071307300509337,0.0,0.5653825284861638,0.0789473684210526,0.3378651567395375,2,19,0,55.351999995764345,5.030800006352365,73.59319999522995,2.353799995034933
EngineeringROI_B10,JILONG_EI_0159,1070,B10,195;58;84;86;3;202;10;78;44;206;90;174;225;88;66;128;235;116;200,0.1,19,124,19,0.1473685016578478,20520.0,True,0.6803904923599321,0.0526315789473684,0.5610417797069995,0.0789473684210526,0.3432528048588381,2,19,0,55.88039998838212,4.838999986532144,72.77850000537,3.1429999944521114
EngineeringROI_B10,JILONG_EI_0159,1080,B10,195;58;86;128;44;10;217;174;3;78;5;90;99;88;235;51;117;171;165,0.1,19,123,19,0.1381182470461211,17130.0,True,0.6876337184424477,0.0,0.5643896976483763,0.0789473684210526,0.3327426961279691,2,19,0,54.738800012273714,5.432300007669255,70.62829998903908,2.321799998753704
EngineeringROI_B10,JILONG_EI_0159,1090,B10,195;58;84;128;86;10;44;201;174;3;225;78;35;90;88;219;116;165;171,0.1,19,123,19,0.1568944261089968,20520.0,True,0.6713735558408215,0.0526315789473684,0.5594965675057207,0.0789473684210526,0.3406122676787408,2,19,0,53.99810000380967,5.378599991672672,69.449300004635,2.2533000010298565
EngineeringROI_B10,JILONG_EI_0159,1100,B10,195;84;58;102;128;60;217;10;225;3;174;13;78;90;35;46;5;134;116,0.1,19,122,19,0.1205596097740273,20520.0,True,0.725625539257981,0.0526315789473684,0.5415959252971136,0.0526315789473684,0.3431211556124579,1,19,0,54.289699997752905,4.968799999915063,69.6792000089772,2.2287000028882176
EngineeringROI_B10,JILONG_EI_0159,1110,B10,195;84;57;3;10;102;218;44;225;174;35;128;90;78;216;116;121;156;49,0.1,19,123,19,0.1467865319968451,20520.0,True,0.6846384253316217,0.0526315789473684,0.5614035087719298,0.0526315789473684,0.3378262729995721,1,19,0,54.10989999654703,4.693900002166629,70.10330000775866,2.193099993746728
EngineeringROI_B10,JILONG_EI_0159,1120,B10,195;218;84;3;57;86;60;225;174;35;128;10;90;216;29;78;5;133;49,0.1,19,123,19,0.1396344311629438,20490.0,True,0.7342747111681643,0.0526315789473684,0.5013850415512465,0.0789473684210526,0.341809675021958,2,19,0,53.89189999550581,4.98999998671934,70.07319999684114,3.679500005091541
EngineeringROI_B10,JILONG_EI_0159,1130,B10,195;84;3;58;218;86;128;225;44;13;174;10;78;35;216;90;133;49;46,0.1,19,123,19,0.1517409316109073,20490.0,True,0.722293538724861,0.0526315789473684,0.524671052631579,0.0789473684210526,0.3446358846812152,2,19,0,55.71780000173021,5.523100000573322,71.7717000079574,3.3605000062379986
EngineeringROI_B10,JILONG_EI_0159,1140,B10,195;218;84;3;41;128;86;225;44;74;174;10;78;5;35;216;133;46;66,0.1,19,123,19,0.1693761438383962,20490.0,True,0.7680787334189131,0.0526315789473684,0.4923245614035087,0.0789473684210526,0.3479955605477107,2,19,0,54.90039999131113,4.741899989312515,70.10169999557547,3.4414999972796068
EngineeringROI_B10,JILONG_EI_0159,1150,B10,195;84;3;74;217;86;225;35;41;44;174;78;10;5;133;219;46;141;121,0.1,19,123,19,0.1628749301253532,20490.0,True,0.696191698759093,0.0526315789473684,0.5491047205642974,0.0789473684210526,0.3442188416729528,2,19,0,53.95440000575036,4.692000002251007,70.43079999857582,2.275299993925728
EngineeringROI_B10,JILONG_EI_0159,1160,B10,195;3;57;217;225;86;10;44;174;78;99;128;35;90;134;141;46;66;213,0.1,19,123,19,0.1452933203666409,20490.0,True,0.6927685066324347,0.0526315789473684,0.5219298245614036,0.0789473684210526,0.3365693196405648,2,19,0,53.97540000558365,4.806999990250915,72.43620000372175,3.2219999993685637
EngineeringROI_B10,JILONG_EI_0159,1170,B10,195;3;57;217;86;225;44;174;35;10;99;78;128;90;141;46;133;68;235,0.1,19,123,19,0.1595822070433644,20490.0,True,0.6957637997432606,0.0526315789473684,0.5000000000000001,0.0789473684210526,0.3318356867779204,2,19,0,54.57670000032522,6.286800009547733,70.58970000070985,2.5147999986074865
EngineeringROI_B10,JILONG_EI_0159,1180,B10,195;3;217;84;57;86;225;60;174;128;10;78;141;116;35;235;46;91;105,0.1,19,123,19,0.1331944774142169,20580.0,True,0.6927685066324347,0.0526315789473684,0.5219298245614036,0.0789473684210526,0.3365693196405647,2,19,0,54.77529999916442,4.746399994473904,70.8876999997301,2.636799996253103
EngineeringROI_B10,JILONG_EI_0159,1190,B10,195;3;84;128;57;217;192;86;91;10;44;225;5;174;46;78;156;116;34,0.1,19,123,19,0.1495891753643053,20580.0,True,0.732135216089003,0.0526315789473684,0.5838307107976125,0.0789473684210526,0.3618862185637592,2,19,0,54.86150000069756,4.835699990508147,71.11340000119526,2.2997000050963834
EngineeringROI_B10,JILONG_EI_0159,1200,B10,195;84;3;217;57;128;86;225;91;44;174;78;10;116;46;51;141;219;105,0.1,19,123,19,0.1493058480293435,20580.0,True,0.6756525459991443,0.0526315789473684,0.5705487122060471,0.0789473684210526,0.3444450513934031,2,19,0,55.1670999993803,5.208899994613603,70.68200000503566,2.239599998574704
EngineeringROI_B10,JILONG_EI_0159,1210,B10,195;3;217;84;58;225;10;86;128;91;78;174;44;51;46;116;105;235;155,0.1,19,122,19,0.1511513044543651,20580.0,True,0.7131147540983607,0.0526315789473684,0.5429061784897026,0.0789473684210526,0.346899969989121,2,19,0,54.523099999642,5.491400006576441,70.38780000584666,2.2271000052569434
EngineeringROI_B10,JILONG_EI_0159,1220,B10,195;225;3;217;84;57;86;91;44;157;78;10;46;128;66;35;116;105;219,0.1,19,123,19,0.1542679051389452,20670.0,True,0.7043217800599058,0.0526315789473684,0.5234553775743708,0.0789473684210526,0.3398390262506744,2,19,0,54.9479000037536,6.686199994874187,70.69659999979194,2.2880000033183023
EngineeringROI_B10,JILONG_EI_0159,1230,B10,195;2;225;58;217;86;128;91;44;10;174;46;78;100;34;13;105;4;141,0.1,19,123,19,0.1336768996332059,20670.0,True,0.6606760804450149,0.0526315789473684,0.5419932810750281,0.0789473684210526,0.333562077222116,2,19,0,54.25499999546446,4.873300000326708,70.00870000047144,2.232599988928996
EngineeringROI_B10,JILONG_EI_0159,1240,B10,195;58;225;3;84;86;218;91;60;174;46;10;128;50;105;116;161;78;141,0.1,19,124,19,0.1340750894012604,20700.0,True,0.717741935483871,0.0526315789473684,0.5109649122807017,0.0789473684210526,0.3400714487832483,2,19,0,55.99819999770261,5.551700000069104,69.8013999935938,2.2078000038163736
EngineeringROI_B10,JILONG_EI_0159,1250,B10,195;225;3;57;84;86;202;44;10;161;91;174;35;46;128;105;116;66;94,0.1,19,124,19,0.1427050868742869,20730.0,True,0.7487266553480475,0.0526315789473684,0.4821731748726656,0.0789473684210526,0.3406196943972835,2,19,0,54.57680000108667,4.980199999408796,71.15869999688584,2.2266000014496967
EngineeringROI_B10,JILONG_EI_0159,1260,B10,195;225;2;41;86;202;128;74;174;44;161;10;46;50;116;4;104;94;235,0.1,19,124,19,0.1502324049896241,20790.0,True,0.6651103565365025,0.0526315789473684,0.5292397660818714,0.0789473684210526,0.3314822674966987,2,19,0,55.13420001079794,4.903000008198433,70.49459998961538,2.338100006454624
EngineeringROI_B10,JILONG_EI_0159,1270,B10,195;225;3;58;86;119;202;10;44;174;199;46;90;34;161;77;100;128;5,0.1,19,124,19,0.1317625257483287,20820.0,True,0.7020373514431238,0.0526315789473684,0.5393322014714205,0.0789473684210526,0.3432371250707414,2,19,0,54.28029999893624,5.065899997134693,69.96580000850372,2.2256000083871186
EngineeringROI_B10,JILONG_EI_0159,1280,B10,195;225;3;202;86;57;10;44;174;199;161;34;100;156;105;112;62;94;133,0.1,19,124,19,0.1531881982678745,20820.0,True,0.7198641765704584,0.0526315789473684,0.4724880382775119,0.0789473684210526,0.3309827905540978,2,19,0,54.41729999438394,5.434799997601658,69.85929999791551,2.263499991386197
EngineeringROI_B10,JILONG_EI_0159,1290,B10,195;225;3;218;86;74;44;41;161;199;157;10;34;46;66;133;112;5;100,0.1,19,124,19,0.1537931404154957,20880.0,True,0.7457555178268251,0.0526315789473684,0.4679005205320995,0.0789473684210526,0.3363087464318364,2,19,0,54.29810000350699,5.975799998850562,69.73280000966042,2.391500005614944
EngineeringROI_B10,JILONG_EI_0159,1300,B10,195;225;3;218;74;86;44;161;199;41;10;174;35;112;33;46;104;5;141,0.1,19,124,19,0.1290824023095006,20940.0,True,0.736842105263158,0.0526315789473684,0.4817813765182186,0.0789473684210526,0.3375506072874494,2,19,0,54.669799996190704,4.822899994906038,70.77890000073239,2.266700001200661
EngineeringROI_B10,JILONG_EI_0159,1310,B10,195;225;2;57;217;86;84;60;161;199;219;158;91;46;34;112;104;4;28,0.1,19,124,19,0.1128791417478999,21030.0,True,0.6485568760611207,0.0526315789473684,0.5766338924233662,0.0789473684210526,0.3391924289632269,2,19,0,54.374799990910105,5.322299999534152,70.8942999917781,2.408300002571196
EngineeringROI_B10,JILONG_EI_0159,1320,B10,195;225;3;84;202;86;74;44;128;176;199;41;174;34;46;141;104;133;135,0.1,19,124,19,0.1383249994256878,21030.0,True,0.6328522920203735,0.0526315789473684,0.5921052631578947,0.0789473684210526,0.3391341256366723,2,19,0,56.23199998808559,4.852500002016313,71.11129999975674,2.6021999947261065
EngineeringROI_B10,JILONG_EI_0159,1330,B10,195;225;2;202;74;84;86;128;44;161;199;34;41;157;133;66;4;235;105,0.1,19,124,19,0.147536966559717,21090.0,True,0.6540747028862478,0.0526315789473684,0.5818713450292398,0.0789473684210526,0.3418812488209772,2,19,0,54.9176000058651,4.76189999608323,70.82449999870732,2.4222000065492466
EngineeringROI_B10,JILONG_EI_0159,1340,B10,195;225;3;202;57;128;86;44;174;10;141;161;34;104;133;213;100;94;90,0.1,19,123,19,0.1511359894632861,21090.0,True,0.6747967479674797,0.0526315789473684,0.5245215311004784,0.0789473684210526,0.3327243066090948,2,19,0,55.19309999363031,6.840300004114397,70.30810001015197,2.2099000052548945
EngineeringROI_B10,JILONG_EI_0159,1350,B10,225;195;3;128;217;86;57;60;119;219;161;10;158;34;91;29;214;185;66,0.1,19,124,19,0.1173740916295916,21120.0,True,0.6574702886247876,0.0526315789473684,0.5592105263157895,0.0789473684210526,0.3370649405772495,2,19,0,54.87890000222251,4.659599988372065,70.1171999971848,2.5744000013219197
EngineeringROI_B10,JILONG_EI_0159,1360,B10,225;195;2;218;57;86;128;44;161;10;185;50;157;4;121;46;215;94;171,0.1,19,124,19,0.1465721221217388,21120.0,True,0.6375212224108658,0.0526315789473684,0.5607985480943739,0.0789473684210526,0.3324746794684152,2,19,0,54.17590000433847,4.77820000378415,70.99139998899773,2.643300002091564
EngineeringROI_B10,JILONG_EI_0159,1370,B10,225;195;3;218;58;86;10;44;174;112;33;185;141;66;46;135;72;104;171,0.1,19,123,19,0.1219456164666784,21120.0,True,0.6362858365425759,0.0526315789473684,0.5735027223230491,0.0789473684210526,0.3353418765585115,2,19,0,54.52720000175759,5.710900004487485,70.45060000382364,2.2504999942611903
EngineeringROI_B10,JILONG_EI_0159,1380,B10,225;195;3;217;102;57;251;157;10;112;44;133;185;49;161;35;155;88;219,0.1,19,123,19,0.1341516643566555,21120.0,True,0.6692340607616603,0.0526315789473684,0.5592828224407173,0.0526315789473684,0.3334450102742786,1,19,0,56.15629999374505,7.000500001595356,72.30390000040643,3.0318999924929813
EngineeringROI_B10,JILONG_EI_0159,1390,B10,225;195;3;217;57;86;10;251;128;157;44;46;5;34;155;185;161;121;90,0.1,19,122,19,0.1241509751820569,21120.0,True,0.675150992234685,0.0526315789473684,0.5561403508771929,0.0789473684210526,0.3407175726200748,2,19,0,56.629799990332685,5.95009999233298,74.5943000074476,3.3183999912580475
EngineeringROI_B10,JILONG_EI_0159,1400,B10,225;195;3;218;57;86;128;206;84;174;66;34;141;44;155;185;161;46;90,0.1,19,123,19,0.121202839399346,21120.0,True,0.6765083440308088,0.0526315789473684,0.5482938114517061,0.0789473684210526,0.339095275712734,2,19,0,55.387400003382936,4.979899997124448,69.97860000410583,2.2396999993361533
EngineeringROI_B10,JILONG_EI_0159,1410,B10,225;195;3;57;218;86;44;161;128;119;174;90;34;156;185;216;133;23;13,0.1,19,122,19,0.1404767556722898,21120.0,True,0.6496980155306299,0.0526315789473684,0.5926773455377574,0.0789473684210526,0.3434885771092021,2,19,0,54.23359999258537,4.791200000909157,70.25549998797942,2.2289999906206504
EngineeringROI_B10,JILONG_EI_0159,1420,B10,225;195;2;57;202;86;60;174;34;112;90;66;23;161;235;133;141;200;155,0.1,19,123,19,0.1197249427602208,21120.0,True,0.6662387676508343,0.0526315789473684,0.550561797752809,0.0789473684210526,0.3370948781930161,2,19,0,54.557800001930445,4.603599998517893,70.67229998938274,2.237499997136183
EngineeringROI_B10,JILONG_EI_0159,1430,B10,225;195;3;57;217;86;10;155;174;219;44;112;34;229;161;90;46;141;185,0.1,19,123,19,0.1206591572160409,21210.0,True,0.6670945656824989,0.0526315789473684,0.5795257374204743,0.0789473684210526,0.3445498126178485,2,19,0,54.83920000551734,6.672300005448051,70.15189999947324,2.282700006617233
EngineeringROI_B10,JILONG_EI_0159,1440,B10,225;195;3;57;202;86;157;119;84;50;155;44;161;235;90;88;121;165;214,0.1,19,122,19,0.1256365293167216,21210.0,True,0.6031061259706645,0.0526315789473684,0.5970760233918129,0.0789473684210526,0.3329402741827245,2,19,0,56.5276000124868,5.061799995019101,70.42010000441223,2.702900004805997
EngineeringROI_B10,JILONG_EI_0169,10,B10,78;106;128;195;202;29;84;119;206;192;10;66;158;235;57;5;34;232;156,0.1,19,128,19,0.0781217694940692,,False,0.7109375,0.0,0.7441647597254005,0.0526315789473684,0.3769334596681922,1,19,0,54.03170001227409,4.527299999608658,71.52230000065174,2.352400013478473
EngineeringROI_B10,JILONG_EI_0169,20,B10,77;128;13;202;46;74;33;69;10;66;44;35;157;104;192;206;195;41;4,0.1,19,126,19,0.1135912888330742,,False,0.6708437761069339,0.0,0.6892890120036933,0.087719298245614,0.3619630215890604,2,19,0,54.00459999509621,5.022899989853613,69.77929999993648,2.284699992742389
EngineeringROI_B10,JILONG_EI_0169,30,B10,77;74;69;29;128;49;105;195;27;217;134;174;100;206;156;203;177;25;71,0.1,19,126,19,0.139320473845824,,False,0.6875522138680035,0.0,0.6585812356979406,0.087719298245614,0.3584631869528894,2,19,0,55.039500002749264,5.06189999578055,69.67430000077002,2.26690000272356
EngineeringROI_B10,JILONG_EI_0169,40,B10,101;77;106;112;57;50;69;29;251;195;119;174;20;218;166;155;27;177;23,0.1,19,126,19,0.1175042690537632,1560.0,True,0.7389306599832915,0.0526315789473684,0.6232686980609419,0.087719298245614,0.3756375588093039,2,19,0,54.22489999909885,4.860699991695583,70.22579999465961,2.268199998070486
EngineeringROI_B10,JILONG_EI_0169,50,B10,195;61;58;112;13;106;66;84;158;120;202;19;5;33;86;93;190;251;155,0.1,19,124,19,0.0898836826427548,13980.0,True,0.7062818336162987,0.0526315789473684,0.6799812030075187,0.0701754385964912,0.3772675135419193,2,19,0,54.4413000025088,4.7341000026790425,71.81220001075417,2.996399998664856
EngineeringROI_B10,JILONG_EI_0169,60,B10,195;61;58;13;91;49;157;235;217;176;104;93;135;128;4;68;27;102;35,0.1,19,121,19,0.1139435336278916,14040.0,True,0.6385384949978251,0.0526315789473684,0.7295321637426899,0.0526315789473684,0.3683334541588129,1,19,0,54.7723999916343,5.107699995278381,71.32679999631364,2.344499996979721
EngineeringROI_B10,JILONG_EI_0169,70,B10,195;60;13;218;46;128;91;49;57;157;104;232;4;10;70;35;155;94;192,0.1,19,124,19,0.0903890773483624,14040.0,True,0.7079796264855688,0.0526315789473684,0.6842105263157895,0.0526315789473684,0.3743633276740237,1,19,0,54.31249999674037,5.163199995877221,70.59149999986403,2.382699996815063
EngineeringROI_B10,JILONG_EI_0169,80,B10,195;44;219;13;58;217;112;4;34;91;121;46;88;69;77;157;135;66;186,0.1,19,124,19,0.0989042123882962,14790.0,True,0.6791171477079795,0.0526315789473684,0.6724053123462863,0.087719298245614,0.3729683343118121,2,19,0,54.073899998911656,5.10190000932198,69.8467000038363,2.2523000079672784
EngineeringROI_B10,JILONG_EI_0169,90,B10,195;44;33;57;174;90;119;51;235;217;46;88;112;69;99;192;26;156;77,0.1,19,123,19,0.1221906563239426,14790.0,True,0.6516902011125375,0.0526315789473684,0.645843580914904,0.087719298245614,0.359471164805106,2,19,0,53.97919999086298,4.751899992697872,69.97460000275169,2.205700002377853
EngineeringROI_B10,JILONG_EI_0169,100,B10,195;28;61;74;219;33;128;121;4;158;69;252;51;201;156;42;176;232;119,0.1,19,125,19,0.1087747241387231,14790.0,True,0.6122105263157893,0.0526315789473684,0.7107677450507002,0.087719298245614,0.365832287139868,2,19,0,54.43340000056196,6.712600006721914,72.00850000663195,2.981400000862777
EngineeringROI_B10,JILONG_EI_0169,110,B10,195;28;74;76;4;218;112;121;33;252;35;69;88;172;46;206;134;229;186,0.1,19,125,19,0.0656553667557488,14790.0,True,0.639578947368421,0.0526315789473684,0.6287081339712918,0.087719298245614,0.3521594896331738,2,19,0,54.4718000019202,5.567600004724227,71.35759999800939,2.275300008477643
EngineeringROI_B10,JILONG_EI_0169,120,B10,195;27;90;29;4;61;235;217;104;128;186;33;57;69;157;135;94;66;177,0.1,19,124,19,0.117305174169736,14850.0,True,0.6659592529711376,0.0526315789473684,0.6959064327485379,0.087719298245614,0.3755541407281645,2,19,0,55.67010000231676,5.425099996500649,71.57179999921937,2.334099990548566
EngineeringROI_B10,JILONG_EI_0169,130,B10,195;27;217;90;112;219;61;4;104;252;29;58;69;176;174;185;34;156;40,0.1,19,123,19,0.1214019342833732,14850.0,True,0.670517757809157,0.0526315789473684,0.7229665071770335,0.087719298245614,0.3834587855447932,2,19,0,56.1359999992419,5.0823999918065965,69.8807000007946,2.4791000032564625
EngineeringROI_B10,JILONG_EI_0169,140,B10,195;27;202;90;174;60;13;192;69;57;112;4;252;232;121;103;133;49;170,0.1,19,124,19,0.1011784885635304,14850.0,True,0.66383701188455,0.0526315789473684,0.7295992274263641,0.087719298245614,0.3834467791259742,2,19,0,56.31709999579471,4.7669999912614,69.54019999830052,2.5993999879574403
EngineeringROI_B10,JILONG_EI_0169,150,B10,195;27;29;121;219;74;61;217;3;186;112;176;69;35;213;174;41;88;66,0.1,19,123,19,0.1157353875841367,14850.0,True,0.6059050064184853,0.0526315789473684,0.7228070175438596,0.087719298245614,0.3672657252888318,2,19,0,54.48019999312237,4.769099992699921,70.015000004787,2.636100005474873
EngineeringROI_B10,JILONG_EI_0169,160,B10,195;26;235;106;232;29;57;202;128;4;60;170;157;69;50;32;88;78;177,0.1,19,122,19,0.1204217748543161,14850.0,True,0.6678170836928385,0.0526315789473684,0.6564051638530288,0.087719298245614,0.3661432811847125,2,19,0,56.666099990252405,5.161200009752065,70.76500001130626,2.317199992830865
EngineeringROI_B10,JILONG_EI_0169,170,B10,195;26;58;90;218;186;232;121;29;156;20;61;174;69;200;88;112;49;229,0.1,19,121,19,0.1063702705393174,14790.0,True,0.6663766855154416,0.0526315789473684,0.7117560255779635,0.087719298245614,0.3796208970715969,2,19,0,54.84219999925699,4.835800005821511,71.49930000014137,2.288100004079752
EngineeringROI_B10,JILONG_EI_0169,180,B10,195;25;58;106;201;233;29;50;69;156;174;88;27;60;120;128;4;213;133,0.1,19,121,19,0.130728763850495,14790.0,True,0.6659417137886037,0.0526315789473684,0.6384015594541911,0.087719298245614,0.3611735376089443,2,19,0,55.50110001058784,7.392900006379932,72.8028000012273,2.51800000842195
EngineeringROI_B10,JILONG_EI_0169,190,B10,195;25;58;106;202;233;88;29;50;156;20;69;60;158;229;27;102;128;32,0.1,19,121,19,0.1206897871981989,14790.0,True,0.6916050456720314,0.0526315789473684,0.5888778550148958,0.087719298245614,0.3552084444699774,2,19,0,55.38150000211317,4.812500003026798,70.14569999591913,2.7258000045549124
EngineeringROI_B10,JILONG_EI_0169,200,B10,195;25;57;105;29;157;50;232;201;69;60;4;91;103;229;27;235;71;36,0.1,19,121,19,0.1362268456478624,14790.0,True,0.6816006959547629,0.0526315789473684,0.631578947368421,0.087719298245614,0.3633826301290416,2,19,0,55.55819999426603,5.60859999677632,72.40119999914896,3.175300007569604
EngineeringROI_B10,JILONG_EI_0169,210,B10,195;57;10;105;50;217;69;29;174;24;219;91;61;229;192;112;186;135;99,0.1,19,121,19,0.083550933831581,14790.0,True,0.6528925619834711,0.0526315789473684,0.6345580933465741,0.087719298245614,0.3569503831307569,2,19,0,54.42780000157654,5.112699989695102,70.13690000167117,2.2176000056788325
EngineeringROI_B10,JILONG_EI_0169,220,B10,195;40;88;58;106;233;50;202;69;10;28;120;235;155;174;128;77;165;200,0.1,19,120,19,0.1107350429968374,14790.0,True,0.6732456140350876,0.0526315789473684,0.687218045112782,0.087719298245614,0.375203634085213,2,19,0,54.50959999870975,4.901300009805709,71.09199999831617,2.579599997261539
EngineeringROI_B10,JILONG_EI_0169,230,B10,195;40;88;74;106;219;217;29;112;49;52;10;86;120;186;206;77;3;174,0.1,19,119,19,0.1109341378808646,14790.0,True,0.6943830163644404,0.0526315789473684,0.6783079193310378,0.0701754385964912,0.3738744883098345,2,19,0,56.02839999482967,4.760199997690506,70.43100000009872,2.3099999962141737
EngineeringROI_B10,JILONG_EI_0169,240,B10,195;88;219;217;106;58;29;50;24;112;170;69;77;56;26;135;157;177;3,0.1,19,119,19,0.1325053028156611,15060.0,True,0.7058823529411765,0.0526315789473684,0.5983118172790467,0.087719298245614,0.3611362618533014,2,19,0,55.09280000114813,4.815500011318363,71.05729999602772,2.23280000500381
EngineeringROI_B10,JILONG_EI_0169,250,B10,195;104;219;217;58;29;49;106;51;128;69;77;26;55;170;135;24;157;102,0.1,19,120,19,0.147552281550796,15060.0,True,0.6903508771929826,0.0526315789473684,0.5659147869674185,0.087719298245614,0.3491541353383458,2,19,0,54.4404999964172,4.624300010618754,70.30669999949168,2.694900002097711
EngineeringROI_B10,JILONG_EI_0169,260,B10,195;88;58;29;233;35;219;128;49;69;77;106;201;23;27;174;25;170;4,0.1,19,123,19,0.1225505586142996,15120.0,True,0.631578947368421,0.0526315789473684,0.6443679291687163,0.087719298245614,0.3540744384325299,2,19,0,55.211999992025085,6.936699996003881,69.88640000054147,2.2773999953642488
EngineeringROI_B10,JILONG_EI_0169,270,B10,195;104;58;232;219;29;66;35;106;69;10;60;128;23;192;93;174;4;170,0.1,19,124,19,0.0704183289813233,15120.0,True,0.6269100169779286,0.0526315789473684,0.6468899521531101,0.087719298245614,0.3535377115810053,2,19,0,54.06840000068769,6.610299999010749,71.4569000119809,3.010800006450154
EngineeringROI_B10,JILONG_EI_0169,280,B10,195;89;58;29;217;66;35;235;112;69;26;60;158;4;94;206;91;40;102,0.1,19,123,19,0.1352543437143447,15120.0,True,0.6572528883183567,0.0526315789473684,0.5809149040826365,0.087719298245614,0.3446296673984939,2,19,0,54.756400000769645,7.518400001572445,69.91520000156015,2.191399995354004
EngineeringROI_B10,JILONG_EI_0169,290,B10,195;88;57;29;232;10;128;69;23;49;4;77;202;90;51;176;102;158;135,0.1,19,122,19,0.0902052974554142,15120.0,True,0.5987920621225193,0.0526315789473684,0.6379142300194932,0.087719298245614,0.3442642923337487,2,19,0,54.95089999749325,4.778300004545599,70.38980000652373,2.225299991550856
EngineeringROI_B10,JILONG_EI_0169,300,B10,195;105;58;217;219;66;28;26;112;34;69;77;72;4;91;192;40;36;157,0.1,19,123,19,0.1361196407103093,15120.0,True,0.6452717158750536,0.0526315789473684,0.604288499025341,0.087719298245614,0.3474777730233442,2,19,0,55.847600000561215,4.786100005730987,71.79550000000745,3.045999997993931
EngineeringROI_B10,JILONG_EI_0169,310,B10,195;105;74;41;35;66;69;45;217;10;235;77;23;112;13;4;102;174;71,0.1,19,122,19,0.1184001960318858,15120.0,True,0.6578947368421052,0.0526315789473684,0.6214389183969098,0.087719298245614,0.3549211331079993,2,19,0,54.913400002988055,4.741699987789616,69.85850000637583,2.639899990754202
EngineeringROI_B10,JILONG_EI_0169,320,B10,195;74;105;217;29;69;41;66;34;176;77;10;112;219;174;102;206;4;36,0.1,19,123,19,0.0974799182179476,15180.0,True,0.6320068463842532,0.0526315789473684,0.6093674553355866,0.087719298245614,0.3454312947282055,2,19,0,54.95269999664743,4.840099994908087,70.6248000060441,2.1852999925613403
EngineeringROI_B10,JILONG_EI_0169,330,B10,195;119;105;57;34;69;46;218;13;77;26;66;23;112;158;101;190;4;44,0.1,19,123,19,0.1408213429715677,15180.0,True,0.660676080445015,0.0526315789473684,0.5832930951231289,0.087719298245614,0.3460800131902816,2,19,0,54.34459999378305,4.830000005313195,70.12910000048578,3.18100000731647
EngineeringROI_B10,JILONG_EI_0169,340,B10,195;119;58;217;88;13;34;69;26;77;45;174;66;40;121;219;112;101;20,0.1,19,123,19,0.1430113866958672,15180.0,True,0.6409927257167309,0.0526315789473684,0.5717703349282296,0.087719298245614,0.3382784844594858,2,19,0,54.52230000810232,4.812800005311146,70.32480000634678,2.23869999172166
EngineeringROI_B10,JILONG_EI_0169,350,B10,195;120;13;217;34;58;46;69;88;176;77;27;235;66;157;40;128;102;4,0.1,19,124,19,0.1267774961521084,15180.0,True,0.5904074702886247,0.0526315789473684,0.6197249881460407,0.087719298245614,0.337620833906912,2,19,0,54.58060000091791,4.624799999874085,70.01429999945685,2.478900001733564
EngineeringROI_B10,JILONG_EI_0169,360,B10,195;58;218;119;105;34;13;69;176;77;26;174;45;71;172;206;128;40;66,0.1,19,125,19,0.1348178664685927,15180.0,True,0.6745263157894739,0.0526315789473684,0.5570563577084303,0.087719298245614,0.3429833876727216,2,19,0,55.37729999923613,4.89009999728296,70.43110000086017,2.705099992454052
EngineeringROI_B10,JILONG_EI_0169,370,B10,195;58;218;46;13;34;120;88;69;176;77;158;26;66;40;232;190;170;128,0.1,19,124,19,0.1261495815178687,15180.0,True,0.6370967741935484,0.0526315789473684,0.5864661654135339,0.087719298245614,0.3409784542000162,2,19,0,56.19779998960439,4.698999997344799,70.356800002628,2.245499999844469
EngineeringROI_B10,JILONG_EI_0169,380,B10,195;105;74;13;217;34;46;41;69;176;77;174;112;71;103;172;235;27;20,0.1,19,123,19,0.124242865128531,15180.0,True,0.6576807873341891,0.0526315789473684,0.5680417259364628,0.087719298245614,0.3415183476159085,2,19,0,54.33420000190381,4.820899994228967,70.7727000117302,2.261199988424778
EngineeringROI_B10,JILONG_EI_0169,390,B10,195;105;13;218;34;57;46;176;69;77;26;158;87;44;79;66;24;135;156,0.1,19,123,19,0.1462811372912375,15180.0,True,0.6653829696191698,0.0526315789473684,0.544172932330827,0.087719298245614,0.3374766947857449,2,19,0,54.2425000021467,4.687399996328168,70.0648999918485,2.5777999981073663
EngineeringROI_B10,JILONG_EI_0169,400,B10,195;13;58;105;217;69;34;176;77;46;103;40;26;158;172;72;219;79;4,0.1,19,123,19,0.1273747808041901,15180.0,True,0.6747967479674797,0.0526315789473684,0.552398695854681,0.087719298245614,0.3418865802537858,2,19,0,55.426100007025525,5.556300005991943,70.01179999497253,2.214399995864369
EngineeringROI_B10,JILONG_EI_0169,410,B10,195;13;218;74;34;105;69;176;46;41;77;174;87;119;27;206;232;128;66,0.1,19,122,19,0.1008492162553315,15180.0,True,0.6509922346850734,0.0526315789473684,0.5902255639097745,0.087719298245614,0.3453921689469575,2,19,0,54.1015999915544,5.167600000277162,70.26380000752397,2.2232000046642497
EngineeringROI_B10,JILONG_EI_0169,420,B10,195;58;13;46;218;69;120;34;88;176;77;158;26;106;44;40;206;232;66,0.1,19,123,19,0.1387997641491374,15180.0,True,0.6957637997432605,0.0526315789473684,0.5640428504890544,0.087719298245614,0.3500393818563242,2,19,0,55.58210000162944,5.321600008755922,70.66389999818057,2.263899994431995
EngineeringROI_B10,JILONG_EI_0169,430,B10,195;13;58;218;176;69;49;89;61;35;103;26;174;135;71;40;93;232;5,0.1,19,124,19,0.1411199852976085,15180.0,True,0.6646859083191851,0.0526315789473684,0.5565905915230555,0.087719298245614,0.3404068442588057,2,19,0,55.55089999688789,6.894699996337295,69.99250000808388,2.326899993931874
EngineeringROI_B10,JILONG_EI_0169,440,B10,195;13;35;46;217;69;74;105;49;41;235;119;60;176;87;158;94;27;128,0.1,19,125,19,0.109494528719437,15180.0,True,0.6568421052631579,0.0526315789473684,0.6236609222170469,0.087719298245614,0.3552134761682968,2,19,0,55.351899995002896,4.802000010386109,70.43479999992996,3.132400001049973
EngineeringROI_B10,JILONG_EI_0169,450,B10,195;13;58;69;218;90;34;46;176;104;44;79;25;158;77;216;134;172;72,0.1,19,125,19,0.1249167247360078,15180.0,True,0.6471578947368422,0.0526315789473684,0.5850563909774437,0.087719298245614,0.343141290726817,2,19,0,54.46400000073481,4.685199994128197,71.19800000509713,2.2844999912194908
EngineeringROI_B10,JILONG_EI_0169,460,B10,195;13;69;74;217;49;105;46;35;103;41;176;44;77;174;165;71;128;99,0.1,19,125,19,0.1307517363371136,15180.0,True,0.6240000000000001,0.0526315789473684,0.5950687529634898,0.087719298245614,0.339854907539118,2,19,0,54.851199995027855,5.1734000007854775,72.26349999837112,3.068699996219948
EngineeringROI_B10,JILONG_EI_0169,470,B10,195;13;46;218;69;58;49;35;88;44;119;177;90;158;77;5;112;40;26,0.1,19,124,19,0.1442519009732676,15180.0,True,0.6561969439728353,0.0526315789473684,0.595542911332385,0.087719298245614,0.3480226831245507,2,19,0,56.91189999924973,5.283199992845766,71.17969999671914,2.340599996387027
EngineeringROI_B10,JILONG_EI_0169,480,B10,195;13;58;84;49;218;119;35;44;46;90;176;88;86;77;174;232;112;25,0.1,19,126,19,0.1201384475193543,15180.0,True,0.6386800334168756,0.0526315789473684,0.6367023754075455,0.0701754385964912,0.3495473565920701,2,19,0,54.51129999710247,4.976500000339001,70.26600000972394,2.389799992670305
EngineeringROI_B10,JILONG_EI_0169,490,B10,195;58;13;84;218;49;103;44;35;147;105;46;192;158;25;77;71;206;112,0.1,19,126,19,0.1278801755097977,16890.0,True,0.6704260651629073,0.0,0.6197249881460408,0.0526315789473684,0.3356956580640791,1,19,0,55.72340000071563,5.668199999490753,69.6441999898525,2.273300007800572
EngineeringROI_B10,JILONG_EI_0169,500,B10,195;13;84;58;217;119;35;44;90;49;176;86;46;77;25;174;166;88;3,0.1,19,125,19,0.1213023868413596,16890.0,True,0.6509473684210526,0.0,0.6102418207681366,0.0701754385964912,0.3328411569464201,2,19,0,54.96939999284223,4.8110000061569735,69.80869999097195,2.2970000136410818
EngineeringROI_B10,JILONG_EI_0169,510,B10,195;13;58;84;218;119;44;66;34;86;166;176;105;46;91;3;77;156;190,0.1,19,126,19,0.1096783086123852,16890.0,True,0.6265664160401002,0.0,0.6343735444806707,0.0701754385964912,0.3327788497793155,2,19,0,54.09700000018347,4.719599994132295,70.67460000689607,2.4471000069752336
EngineeringROI_B10,JILONG_EI_0169,520,B10,195;13;58;69;217;119;44;35;166;100;3;49;90;192;158;71;170;46;25,0.1,19,126,19,0.1227496534983268,16950.0,True,0.6411862990810359,0.0,0.6066481994459834,0.087719298245614,0.3338884491931583,2,19,0,54.7804000088945,5.059400005848147,70.83930000953842,2.396500000031665
EngineeringROI_B10,JILONG_EI_0169,530,B10,195;84;13;74;217;119;86;35;44;49;41;166;3;105;174;46;128;77;147,0.1,19,127,19,0.1173664341340521,16950.0,True,0.639038541234977,0.0,0.6242562929061785,0.0701754385964912,0.3333675681844117,2,19,0,55.39459999999963,7.045399994240142,72.13339999725576,2.374400006374344
EngineeringROI_B10,JILONG_EI_0169,540,B10,195;13;84;58;103;217;35;44;90;165;66;135;3;177;206;33;157;77;46,0.1,19,126,19,0.1046779640250859,16950.0,True,0.600250626566416,0.0,0.6669771774569165,0.0526315789473684,0.3299648457426752,1,19,0,56.9132999953581,6.965599997784011,70.97939999948721,2.2896000009495765
EngineeringROI_B10,JILONG_EI_0169,550,B10,195;84;13;58;218;119;90;44;86;51;49;3;165;77;147;216;5;156;158,0.1,19,126,19,0.1218001240514277,16950.0,True,0.6257309941520469,0.0,0.6495844875346259,0.0701754385964912,0.336372730070791,2,19,0,55.46929998672567,4.895699996268377,71.05510000837967,2.285900001879781
EngineeringROI_B10,JILONG_EI_0169,560,B10,195;13;84;217;74;119;3;86;44;51;41;176;49;5;105;229;235;77;170,0.1,19,125,19,0.1277729705722446,16950.0,True,0.6387368421052633,0.0,0.6235902255639099,0.0701754385964912,0.333125626566416,2,19,0,54.70180000702385,5.086500008474104,70.64459999674,2.795500011416152
EngineeringROI_B10,JILONG_EI_0169,570,B10,195;84;13;217;103;3;74;35;60;206;66;41;71;46;134;174;229;5;128,0.1,19,127,19,0.0919052614651852,16950.0,True,0.6282635723166182,0.0,0.6334420121099209,0.0526315789473684,0.3285842908434769,1,19,0,54.28640000172891,4.968000008375384,70.29309999779798,2.252700011013076
EngineeringROI_B10,JILONG_EI_0169,580,B10,195;84;13;58;217;90;119;3;86;35;44;49;88;93;165;213;128;176;5,0.1,19,126,19,0.0944475499843021,16950.0,True,0.6482873851294905,0.0,0.6258373205741625,0.0701754385964912,0.336075036075036,2,19,0,53.98969999805559,5.186900001717731,69.97430000046734,2.265499992063269
EngineeringROI_B10,JILONG_EI_0169,590,B10,195;84;13;58;119;3;217;35;86;89;49;44;46;165;192;157;91;170;128,0.1,19,126,19,0.1014771308895712,16950.0,True,0.6065162907268171,0.0,0.677511961722488,0.0701754385964912,0.338550922761449,2,19,0,54.07670000568032,5.342100004781969,69.93959999817889,2.216599998064339
EngineeringROI_B10,JILONG_EI_0169,600,B10,195;84;13;217;58;119;90;3;86;35;44;49;174;213;147;25;128;165;77,0.1,19,126,19,0.129825179376833,16950.0,True,0.6633249791144529,0.0,0.5912754860123282,0.0701754385964912,0.3311939759308179,2,19,0,54.6360000007553,4.938300000503659,70.2852999966126,2.22829999984242
EngineeringROI_B10,JILONG_EI_0169,610,B10,195;84;90;13;119;58;217;86;3;51;44;25;116;158;156;128;229;165;49,0.1,19,126,19,0.1334778047491787,17010.0,True,0.6700083542188805,0.0,0.5922238027501185,0.0701754385964912,0.3331018988913725,2,19,0,54.40240001189522,4.768300001160242,70.89010000345297,2.2778999991714954
EngineeringROI_B10,JILONG_EI_0169,620,B10,195;84;74;119;217;29;3;86;35;41;105;229;61;174;5;27;166;170;66,0.1,19,126,19,0.130713448859416,17010.0,True,0.6875522138680032,0.0,0.5561877667140825,0.0701754385964912,0.3284788547946443,2,19,0,54.27520000375807,7.77919999381993,69.90950000181329,2.3289999953703955
EngineeringROI_B10,JILONG_EI_0169,630,B10,195;13;84;217;119;58;3;86;44;35;90;46;174;147;77;166;49;229;219,0.1,19,126,19,0.1032766423413558,17010.0,True,0.639515455304929,0.0,0.6180717279925477,0.0701754385964912,0.331940655473492,2,19,0,54.43250000826083,4.943799998727627,70.50449999223929,2.479900009348057
EngineeringROI_B10,JILONG_EI_0169,640,B10,195;58;217;69;119;3;35;90;13;44;206;49;87;166;128;100;157;10;229,0.1,19,126,19,0.0839108361219379,17010.0,True,0.6182121971595654,0.0,0.5958646616541353,0.087719298245614,0.3254490392648287,2,19,0,54.20410000078846,4.760100011480972,71.93189999088645,3.2150000042747706
EngineeringROI_B10,JILONG_EI_0169,650,B10,195;58;69;3;217;119;44;165;51;87;90;5;116;158;147;213;25;49;121,0.1,19,126,19,0.1209654570376212,17010.0,True,0.6232247284878865,0.0,0.5651967757230917,0.087719298245614,0.319035200614148,2,19,0,54.95819999487139,5.090399994514883,71.33179999073036,2.566299997852184
EngineeringROI_B10,JILONG_EI_0169,660,B10,195;84;74;217;119;3;86;44;41;14;35;105;166;174;5;10;147;229;219,0.1,19,126,19,0.0989118698838358,17010.0,True,0.6708437761069339,0.0,0.5565905915230553,0.0701754385964912,0.3244024515566202,2,19,0,54.67690000659786,4.817300010472536,71.38619999750517,2.2538999910466373
EngineeringROI_B10,JILONG_EI_0169,670,B10,195;58;3;13;68;217;119;86;35;44;147;91;5;89;174;10;165;66;156,0.1,19,125,19,0.1058036158693937,17010.0,True,0.6770526315789475,0.0,0.5755673587638822,0.0701754385964912,0.3306988572348301,2,19,0,55.331800002022646,5.954099993687123,70.77380000555422,2.361700011533685
EngineeringROI_B10,JILONG_EI_0169,680,B10,195;58;3;103;218;69;232;13;44;35;134;106;71;5;190;147;165;25;157,0.1,19,125,19,0.1206438422249619,17040.0,True,0.6606315789473683,0.0,0.559506875296349,0.087719298245614,0.3269644381223328,2,19,0,56.69050000142306,4.803799994988367,70.06680000631604,2.6609000051394105
EngineeringROI_B10,JILONG_EI_0169,690,B10,195;58;219;217;69;103;3;13;44;134;147;106;206;165;77;5;51;46;116,0.1,19,124,19,0.111271067684603,17040.0,True,0.6396434634974533,0.0,0.5863256271519921,0.087719298245614,0.3284220972237649,2,19,0,54.85520001093391,4.775100009283051,70.5967999965651,2.270699988002889
EngineeringROI_B10,JILONG_EI_0169,700,B10,195;13;58;3;217;69;119;90;44;235;147;88;35;5;25;165;229;49;158,0.1,19,123,19,0.0993483471295878,17040.0,True,0.6341463414634146,0.0,0.592850049652433,0.087719298245614,0.3286789223403654,2,19,0,55.06769999919925,5.831900009070523,70.61540000722744,2.278400002978742
EngineeringROI_B10,JILONG_EI_0169,710,B10,195;84;74;217;3;86;13;5;44;41;147;165;120;134;106;35;174;161;206,0.1,19,125,19,0.103850954506819,17040.0,True,0.6707368421052631,0.0,0.5899521531100478,0.0701754385964912,0.3327161084529505,2,19,0,56.22280000534374,4.81739999668207,71.2342000042554,2.622599989990704
EngineeringROI_B10,JILONG_EI_0169,720,B10,195;3;58;90;147;218;69;103;13;44;216;35;165;134;157;25;121;100;71,0.1,19,124,19,0.1275432457060593,17040.0,True,0.6387945670628183,0.0,0.6062378167641326,0.087719298245614,0.3331879205181412,2,19,0,54.5432999933837,5.292799993185327,70.65870000224095,2.3994999937713146
EngineeringROI_B10,JILONG_EI_0169,730,B10,195;74;3;69;217;44;147;35;166;46;103;41;49;134;105;213;219;128;116,0.1,19,124,19,0.1117764623902106,17070.0,True,0.5874363327674024,0.0,0.6127110228401191,0.087719298245614,0.3219666634632839,2,19,0,54.36439999903087,4.801600007340312,70.33719999890309,2.249500001198612
EngineeringROI_B10,JILONG_EI_0169,740,B10,195;3;58;217;69;44;166;35;90;103;161;147;219;66;25;156;134;199;170,0.1,19,124,19,0.1156128676555045,17070.0,True,0.6290322580645161,0.0,0.5566801619433198,0.087719298245614,0.3183579295633625,2,19,0,54.84739999519661,4.989000008208677,69.73800000560004,2.224500000011176
EngineeringROI_B10,JILONG_EI_0169,750,B10,195;84;74;3;13;201;86;60;35;232;166;134;147;88;106;10;41;158;120,0.1,19,124,19,0.0950142046542257,17100.0,True,0.6540747028862479,0.0,0.5986227250368913,0.0701754385964912,0.3307182166299076,2,19,0,54.62889999034815,4.7848999965935946,69.9190000013914,3.5995999933220446
EngineeringROI_B10,JILONG_EI_0169,760,B10,195;58;90;217;69;3;13;44;147;165;103;134;35;174;5;100;77;229;46,0.1,19,125,19,0.1027253026625112,17100.0,True,0.6631578947368421,0.0,0.5853418593212002,0.087719298245614,0.3340547630759141,2,19,0,54.06840000068769,4.987399996025488,71.80160000280011,3.0331999878399074
EngineeringROI_B10,JILONG_EI_0169,770,B10,195;74;217;69;3;147;44;134;165;102;41;161;219;105;213;35;100;49;77,0.1,19,125,19,0.1318161282171053,17100.0,True,0.6172631578947368,0.0,0.5858987090367427,0.087719298245614,0.3227202912942734,2,19,0,54.75160000787582,4.734499991172925,69.99679999717046,2.289700001711026
EngineeringROI_B10,JILONG_EI_0169,780,B10,195;58;90;69;217;3;13;119;44;147;5;165;235;71;213;116;157;49;77,0.1,19,125,19,0.132895835088176,17100.0,True,0.6854736842105263,0.0,0.5288220551378446,0.087719298245614,0.3255037593984962,2,19,0,54.70959999365732,4.708600012236275,70.12099999701604,2.271600009407848
EngineeringROI_B10,JILONG_EI_0169,790,B10,195;84;74;217;3;86;134;44;219;106;147;41;35;190;213;165;104;10;49,0.1,19,125,19,0.1087134641744071,17100.0,True,0.6509473684210526,0.0,0.5865384615384616,0.0701754385964912,0.3269153171390013,2,19,0,55.53539999527857,5.114899991895072,72.44409999111667,2.3819999914849177
EngineeringROI_B10,JILONG_EI_0169,800,B10,195;74;69;217;13;3;44;103;147;165;41;106;134;5;35;174;229;66;156,0.1,19,125,19,0.1040194194086882,17100.0,True,0.6795789473684212,0.0,0.52926709296606,0.087719298245614,0.3241413346450237,2,19,0,55.39299998781644,7.122399998479523,70.1934000098845,3.1082000059541315
EngineeringROI_B10,JILONG_EI_0169,810,B10,195;84;58;13;147;217;3;44;86;35;206;161;91;119;165;121;117;213;5,0.1,19,125,19,0.1137750687260224,17100.0,True,0.6901052631578948,0.0,0.567251461988304,0.0701754385964912,0.3318830409356724,2,19,0,54.0982999955304,4.783700002008118,70.22389999474399,2.2668999881716445
EngineeringROI_B10,JILONG_EI_0169,820,B10,195;74;69;3;217;147;44;134;102;41;106;35;104;10;229;165;71;158;116,0.1,19,124,19,0.1364412555229686,17100.0,True,0.6867572156196943,0.0,0.5172064777327936,0.087719298245614,0.3229207478995254,2,19,0,54.57079999905545,4.690500005381182,69.93099999090191,2.254699997138232
EngineeringROI_B10,JILONG_EI_0169,830,B10,195;74;69;217;3;147;13;44;106;103;165;134;174;41;5;219;116;112;51,0.1,19,126,19,0.1074040324371511,17100.0,True,0.6654135338345865,0.0,0.5495356037151702,0.087719298245614,0.3256671089488426,2,19,0,53.87499999778811,4.997600000933744,70.25360000261571,2.2203999978955835
EngineeringROI_B10,JILONG_EI_0169,840,B10,195;84;58;90;217;147;3;44;86;134;23;190;120;25;157;165;66;116;35,0.1,19,125,19,0.1280562979072064,17100.0,True,0.7330526315789474,0.0,0.5104752171691365,0.0701754385964912,0.3284258218361437,2,19,0,54.27520000375807,4.937399993650615,70.4392000043299,2.316199999768287
EngineeringROI_B10,JILONG_EI_0169,850,B10,195;69;3;74;217;147;44;199;41;106;102;35;5;134;161;120;88;213;46,0.1,19,125,19,0.1075648398434808,17100.0,True,0.6547368421052632,0.0,0.5576923076923077,0.087719298245614,0.3250371120107962,2,19,0,54.45139999210369,5.2575000008801,71.05220000084955,2.3532999912276864
EngineeringROI_B10,JILONG_EI_0169,860,B10,195;69;74;3;147;218;13;44;134;206;216;103;106;49;41;165;213;174;116,0.1,19,126,19,0.1143034359182485,17100.0,True,0.6549707602339181,0.0,0.5709273182957394,0.087719298245614,0.3284043441938178,2,19,0,54.87320000247564,4.813599996850826,70.61410001188051,2.270799988764338
EngineeringROI_B10,JILONG_EI_0169,870,B10,195;69;58;13;3;217;90;147;44;35;219;199;206;134;66;165;102;128;116,0.1,19,125,19,0.0979929704190947,17130.0,True,0.7082105263157894,0.0,0.5453634085213033,0.087719298245614,0.3353233082706766,2,19,0,54.3039000040153,4.674600000726059,70.05569999455474,2.80090000887867
EngineeringROI_B10,JILONG_EI_0169,880,B10,195;69;57;147;3;13;60;201;35;233;106;103;199;166;134;66;219;190;213,0.1,19,124,19,0.0778078121769494,17160.0,True,0.6434634974533107,0.0,0.584008097165992,0.087719298245614,0.3287977232162291,2,19,0,54.59210000117309,5.760699990787543,70.88610000209883,2.3604999878443778
EngineeringROI_B10,JILONG_EI_0169,890,B10,195;69;57;3;147;217;44;199;66;165;106;35;235;134;104;161;26;102;5,0.1,19,124,19,0.114295778422709,17160.0,True,0.6561969439728352,0.0,0.5546558704453441,0.087719298245614,0.3246430281659483,2,19,0,54.25220000324771,5.4183000029297546,70.61360000807326,2.242900009150617
EngineeringROI_B10,JILONG_EI_0169,900,B10,195;69;147;58;217;3;13;44;104;206;66;174;106;35;134;219;128;102;25,0.1,19,125,19,0.1016685682780589,17160.0,True,0.6673684210526316,0.0,0.5566037735849058,0.087719298245614,0.3279228732207878,2,19,0,55.28939999931026,4.837500004214235,70.68540000182111,3.507799992803484
EngineeringROI_B10,JILONG_EI_0169,910,B10,195;69;57;3;147;90;217;44;104;219;14;165;134;51;10;177;157;116;229,0.1,19,124,19,0.1028478225911433,17160.0,True,0.6578947368421053,0.0,0.5657894736842105,0.087719298245614,0.3278508771929824,2,19,0,54.577799994149245,4.664000007323921,70.60520000231918,2.2431999968830496
EngineeringROI_B10,JILONG_EI_0169,920,B10,195;84;74;3;86;217;147;41;44;206;219;104;106;66;128;35;156;134;116,0.1,19,125,19,0.1188213582865587,17160.0,True,0.6846315789473684,0.0,0.5546176762661371,0.0789473684210526,0.3295491559086395,2,19,0,54.63960001361556,5.351800005882978,71.19620000594296,2.281499997479841
EngineeringROI_B10,JILONG_EI_0169,930,B10,195;84;57;3;86;217;106;5;60;147;23;104;46;165;66;116;35;174;213,0.1,19,123,19,0.095274559502569,17160.0,True,0.6910569105691057,0.0,0.5268218623481781,0.0789473684210526,0.3242065353345841,2,19,0,54.39879999903496,5.469700001413003,70.40299999061972,2.2293000074569136
EngineeringROI_B10,JILONG_EI_0169,940,B10,195;84;58;86;3;217;44;147;90;134;104;51;165;161;49;26;128;213;5,0.1,19,124,19,0.1235307180433567,17160.0,True,0.6544991511035655,0.0,0.5617408906882592,0.0789473684210526,0.3237968525532192,2,19,0,54.78739998943638,4.816300002858043,71.5282000019215,3.2833999866852537
EngineeringROI_B10,JILONG_EI_0169,950,B10,195;84;3;74;217;86;147;106;41;44;104;206;165;35;133;10;135;219;66,0.1,19,125,19,0.1196177378226677,17160.0,True,0.7086315789473684,0.0,0.5415641908509591,0.0789473684210526,0.3322857845548451,2,19,0,55.75379999936558,4.91600000532344,70.98299999779556,2.248599994345568
EngineeringROI_B10,JILONG_EI_0169,960,B10,195;84;58;86;147;217;3;133;106;166;61;51;104;128;25;29;49;5;213,0.1,19,124,19,0.12940401712216,17160.0,True,0.6621392190152803,0.0,0.5407149950347566,0.0789473684210526,0.3204503956177724,2,19,0,54.860699994605966,5.473400000482798,70.90340000286233,2.3071000032359734
EngineeringROI_B10,JILONG_EI_0169,970,B10,195;84;58;3;86;147;217;44;90;13;134;66;121;128;165;35;219;116;174,0.1,19,125,19,0.10133929596986,17160.0,True,0.6850526315789475,0.0,0.5639787542250121,0.0789473684210526,0.3319946885562529,2,19,0,55.08649999683257,4.873999991104938,70.88610000209883,2.322999993339181
EngineeringROI_B10,JILONG_EI_0169,980,B10,195;84;57;3;217;86;147;106;44;134;5;128;49;104;165;116;25;51;161,0.1,19,125,19,0.126394621375133,17160.0,True,0.680421052631579,0.0,0.5548450565666502,0.0789473684210526,0.3285533694048204,2,19,0,54.324099997757,4.619899991666898,70.25059999432415,3.104300005361438
EngineeringROI_B10,JILONG_EI_0169,990,B10,195;84;147;74;86;13;3;217;119;41;44;106;133;66;128;219;35;165;88,0.1,19,125,19,0.1168227519507469,17160.0,True,0.7103157894736842,0.0,0.5626794258373206,0.0789473684210526,0.3379856459330143,2,19,0,54.37450000317767,4.7768999938853085,70.18480000260752,2.2338999988278374
EngineeringROI_B10,JILONG_EI_0169,1000,B10,195;84;3;13;58;86;90;147;217;44;10;66;133;219;46;165;128;190;104,0.1,19,125,19,0.1024190028409308,17160.0,True,0.6778947368421052,0.0,0.5935672514619883,0.0789473684210526,0.3376023391812865,2,19,0,53.79910000192467,4.766599988215603,70.71600000199396,2.2338000126183037
EngineeringROI_B10,JILONG_EI_0169,1010,B10,195;84;3;74;86;217;13;41;44;206;219;128;49;174;10;106;165;133;147,0.1,19,123,19,0.1134917413910606,17160.0,True,0.7180145485665383,0.0,0.5509099852434826,0.0789473684210526,0.3369679755577683,2,19,0,54.49609999777749,4.848800002946518,70.05670000216924,2.26390000898391
EngineeringROI_B10,JILONG_EI_0169,1020,B10,195;84;58;3;86;13;66;217;44;10;128;35;5;133;147;219;177;166;104,0.1,19,122,19,0.1066612553698187,17160.0,True,0.7200172562553926,0.0,0.5242914979757084,0.0789473684210526,0.3308140306630384,2,19,0,54.6081999927992,5.598400006419979,70.52459999977145,2.254400009405799
EngineeringROI_B10,JILONG_EI_0169,1030,B10,195;84;58;3;86;10;217;119;60;133;66;177;128;52;91;158;88;155;165,0.1,19,124,19,0.1094562412417394,17160.0,True,0.6829371816638371,0.0,0.5431976166832176,0.0789473684210526,0.3262705416920267,2,19,0,57.58690000220668,5.303300000377931,74.76020000467543,2.6537999947322533
EngineeringROI_B10,JILONG_EI_0169,1040,B10,195;84;3;57;86;217;44;134;66;10;106;52;147;165;116;177;219;112;104,0.1,19,125,19,0.1111485477559709,17190.0,True,0.7090526315789474,0.0,0.5410723069355632,0.0789473684210526,0.3322680767338908,2,19,0,54.98360001365654,4.679399993619882,69.53989999601617,2.209800004493445
EngineeringROI_B10,JILONG_EI_0169,1050,B10,195;84;3;58;86;217;35;44;49;219;10;133;5;90;166;128;177;104;174,0.1,19,125,19,0.1058495608426308,17190.0,True,0.6816842105263157,0.0,0.5597638957206099,0.0789473684210526,0.3300988686669946,2,19,0,55.11820000538137,5.402499999036081,69.65069999569096,2.2043000062694773
EngineeringROI_B10,JILONG_EI_0169,1060,B10,195;84;86;74;225;217;10;3;41;119;44;66;133;5;106;128;161;203;157,0.1,19,123,19,0.1476748014794281,20520.0,True,0.6765083440308087,0.0526315789473684,0.5491559086395233,0.0789473684210526,0.3393108000096883,2,19,0,54.369599994970486,5.227000001468696,69.67339999391697,2.2567000123672187
EngineeringROI_B10,JILONG_EI_0169,1070,B10,195;84;57;217;3;86;134;10;44;206;66;219;128;147;116;35;104;90;165,0.1,19,125,19,0.1019672106040998,17190.0,True,0.7157894736842106,0.0,0.5443469785575049,0.0789473684210526,0.3347709551656919,2,19,0,54.64420000498649,6.913400007761084,70.51960000535473,2.631600000313483
EngineeringROI_B10,JILONG_EI_0169,1080,B10,195;84;58;3;86;217;225;134;44;10;90;49;147;192;128;35;104;116;165,0.1,19,123,19,0.1227955984715638,20520.0,True,0.6991869918699187,0.0526315789473684,0.5341859321200196,0.0789473684210526,0.3412379678395898,2,19,0,55.13349999091588,4.80260000040289,70.76000000233762,2.2262999991653487
EngineeringROI_B10,JILONG_EI_0169,1090,B10,195;84;57;225;86;3;232;119;201;13;66;199;10;45;206;128;192;35;133,0.1,19,124,19,0.1132543590293358,20520.0,True,0.715195246179966,0.0526315789473684,0.5019493177387914,0.0789473684210526,0.3371808778217946,2,19,0,55.356600001687184,5.2647999982582405,72.83889999962412,2.4147000076482072
EngineeringROI_B10,JILONG_EI_0169,1100,B10,195;84;225;57;86;3;119;232;44;13;66;201;90;10;174;5;133;128;46,0.1,19,123,19,0.1288143899656178,20520.0,True,0.697903294822422,0.0526315789473684,0.5538847117794485,0.0789473684210526,0.3458417384925729,2,19,0,55.39019999559969,6.559699992067181,70.87619999947492,2.3646999907214195
EngineeringROI_B10,JILONG_EI_0169,1110,B10,195;84;225;3;57;86;217;206;10;13;134;128;66;60;106;147;104;251;213,0.1,19,125,19,0.0977096430841329,20580.0,True,0.6938947368421052,0.0526315789473684,0.5536062378167641,0.0789473684210526,0.3447699805068225,2,19,0,54.68800000380725,4.654699994716793,70.42100001126528,2.278699990711175
EngineeringROI_B10,JILONG_EI_0169,1120,B10,195;84;225;58;3;86;44;119;13;216;49;218;10;128;133;5;206;35;161,0.1,19,125,19,0.1305602989486258,20610.0,True,0.7136842105263158,0.0526315789473684,0.5347567030784509,0.0789473684210526,0.3450049652432969,2,19,0,54.75149999256246,5.196900005103089,70.62650000443682,2.2834999981569126
EngineeringROI_B10,JILONG_EI_0169,1130,B10,195;225;84;3;57;86;13;217;66;134;44;219;128;10;77;5;104;161;116,0.1,19,125,19,0.1431415641200389,20670.0,True,0.7149473684210527,0.0526315789473684,0.5461767626613705,0.0789473684210526,0.3481757696127111,2,19,0,54.99950000375975,4.893699995591305,71.91189999866765,3.29730000521522
EngineeringROI_B10,JILONG_EI_0169,1140,B10,195;225;84;3;74;86;217;41;13;119;206;49;10;60;174;112;133;35;46,0.1,19,125,19,0.1230176658422096,20700.0,True,0.7898947368421053,0.0526315789473684,0.4786967418546365,0.0789473684210526,0.3500426065162907,2,19,0,55.12780000572093,5.629500010400079,70.65309998870362,2.267200005007908
EngineeringROI_B10,JILONG_EI_0169,1150,B10,195;225;84;2;58;86;217;44;13;4;134;66;10;219;106;104;157;77;128,0.1,19,125,19,0.1300319317563997,20760.0,True,0.6677894736842105,0.0526315789473684,0.5855901890648952,0.0789473684210526,0.3462396525293816,2,19,0,55.614800003240816,4.869600001256913,71.61889999406412,2.5587999989511445
EngineeringROI_B10,JILONG_EI_0169,1160,B10,195;225;84;3;57;86;217;13;10;134;219;49;199;44;166;104;5;90;177,0.1,19,124,19,0.1089202165539738,20820.0,True,0.7139219015280137,0.0526315789473684,0.5465587044534413,0.0789473684210526,0.3480148883374689,2,19,0,55.21609999414068,5.009100001188926,70.3501999960281,2.2456000006059185
EngineeringROI_B10,JILONG_EI_0169,1170,B10,195;225;3;57;86;217;13;10;66;119;23;235;166;60;203;177;35;133;5,0.1,19,123,19,0.1168304094462865,20820.0,True,0.772785622593068,0.0526315789473684,0.4685743484925906,0.0789473684210526,0.34323472961352,2,19,0,54.92179999419022,5.650599996442907,70.55750000290573,2.235199994174764
EngineeringROI_B10,JILONG_EI_0169,1180,B10,195;225;84;58;3;13;86;119;219;44;217;49;177;10;35;128;166;133;78,0.1,19,123,19,0.150592307279981,20820.0,True,0.7847667950363715,0.0526315789473684,0.4823709759836485,0.0789473684210526,0.3496791795971102,2,19,0,54.36249999911525,5.017899995436892,70.46869999612682,2.251199999591336
EngineeringROI_B10,JILONG_EI_0169,1190,B10,195;225;57;3;119;86;10;78;217;13;49;90;44;177;128;166;133;174;171,0.1,19,122,19,0.154535917482828,20880.0,True,0.7329594477998276,0.0526315789473684,0.5036842105263157,0.0789473684210526,0.3420556514236411,2,19,0,54.28560001018923,6.450300003052689,69.60000000253785,2.238900007796474
EngineeringROI_B10,JILONG_EI_0169,1200,B10,195;225;57;3;119;86;78;217;13;66;177;219;44;5;10;106;128;166;147,0.1,19,122,19,0.1336539271465874,20910.0,True,0.7476272648835203,0.0526315789473684,0.482721956406167,0.0789473684210526,0.340482042164527,2,19,0,54.22450001060497,5.696299995179288,69.98459999158513,2.276200000778772
EngineeringROI_B10,JILONG_EI_0169,1210,B10,195;225;57;13;3;119;86;217;10;78;177;199;49;112;60;51;235;174;116,0.1,19,124,19,0.1382560819658322,20970.0,True,0.7843803056027165,0.0526315789473684,0.4597523219814241,0.0789473684210526,0.3439278937381404,2,19,0,55.32739999762271,4.994600007194094,70.06679999176413,2.368199988268316
EngineeringROI_B10,JILONG_EI_0169,1220,B10,195;225;84;58;3;119;86;78;13;10;201;232;66;206;44;203;177;112;91,0.1,19,126,19,0.1401704558507094,21030.0,True,0.7752715121136174,0.0526315789473684,0.5283208020050125,0.0789473684210526,0.3587928153717627,2,19,0,54.60020000464283,4.707200001575984,70.59059999301098,2.2677999950246885
EngineeringROI_B10,JILONG_EI_0169,1230,B10,225;195;84;13;3;74;119;86;41;232;78;10;177;218;49;206;46;60;158,0.1,19,126,19,0.1366097204248378,21030.0,True,0.7581453634085213,0.0526315789473684,0.527834008097166,0.0789473684210526,0.3543895797185271,2,19,0,54.30079999496229,4.72109999100212,70.29669999610633,2.2957000037422404
EngineeringROI_B10,JILONG_EI_0169,1240,B10,225;195;58;13;3;119;217;86;78;66;177;10;44;219;174;90;88;35;128,0.1,19,125,19,0.1372606075456961,21090.0,True,0.7098947368421052,0.0526315789473684,0.5428276573787411,0.0789473684210526,0.3460753353973169,2,19,0,54.49350000708364,4.892400000244379,70.42879999789875,2.281099994434044
EngineeringROI_B10,JILONG_EI_0169,1250,B10,195;225;13;3;57;119;86;10;219;78;161;232;128;44;66;35;46;199;157,0.1,19,124,19,0.1439838886293848,21090.0,True,0.7525466893039049,0.0526315789473684,0.5132881709223555,0.0789473684210526,0.3493534518986703,2,19,0,54.36109998845495,4.711700006737374,73.23500000347849,3.365600001416169
EngineeringROI_B10,JILONG_EI_0169,1260,B10,225;195;2;58;217;86;119;13;128;78;219;4;166;177;49;44;10;35;174,0.1,19,125,19,0.1347872364864347,21090.0,True,0.7709473684210527,0.0526315789473684,0.4994736842105263,0.0789473684210526,0.3505,2,19,0,56.18869999307208,5.034200003137812,72.05619999149349,3.159400002914481
EngineeringROI_B10,JILONG_EI_0169,1270,B10,225;195;3;13;128;57;119;86;78;217;206;203;177;10;235;49;44;35;46,0.1,19,124,19,0.136778185326707,21120.0,True,0.7937181663837013,0.0526315789473684,0.4953560371517028,0.0789473684210526,0.3551632877259562,2,19,0,55.29450000904035,5.884700003662147,70.70539999403991,2.427500003250316
EngineeringROI_B10,JILONG_EI_0169,1280,B10,225;195;13;3;217;119;86;57;78;219;128;177;66;199;46;90;35;60;213,0.1,19,122,19,0.128561692612814,21120.0,True,0.7886108714408974,0.0526315789473684,0.4731578947368421,0.0789473684210526,0.34833692838654,2,19,0,54.60630000743549,6.317800012766384,69.99760000326205,2.5433999981032684
EngineeringROI_B10,JILONG_EI_0169,1290,B10,225;195;84;3;119;57;78;86;217;128;35;177;49;44;219;14;147;121;229,0.1,19,121,19,0.1358363133753474,21120.0,True,0.7507612005219662,0.0526315789473684,0.5369484316852737,0.0789473684210526,0.3548221448939152,2,19,0,54.7589999914635,4.743799989228137,70.54850000713486,3.372399994987063
EngineeringROI_B10,JILONG_EI_0169,1300,B10,225;195;3;78;86;58;134;217;13;219;177;166;10;60;66;128;5;104;35,0.1,19,123,19,0.1242888101017681,21120.0,True,0.7984595635430038,0.0526315789473684,0.4891640866873064,0.0789473684210526,0.3548006493996829,2,19,0,54.59079999127425,5.1780000067083165,69.73220000509173,2.2135999897727743
EngineeringROI_B10,JILONG_EI_0169,1310,B10,225;195;78;57;219;217;86;3;206;135;177;51;128;44;199;10;166;157;104,0.1,19,124,19,0.1472153517470576,21120.0,True,0.7724957555178268,0.0526315789473684,0.4815007816571131,0.0789473684210526,0.3463938711358402,2,19,0,54.37370001163799,7.0540000015171245,69.51729999855161,2.236400003312156
EngineeringROI_B10,JILONG_EI_0169,1320,B10,225;195;3;78;217;13;58;86;166;66;203;119;161;10;35;235;199;89;112,0.1,19,123,19,0.1162484397852838,21120.0,True,0.766367137355584,0.0526315789473684,0.525794684731631,0.0789473684210526,0.3559351923639091,2,19,0,54.551099994569086,4.714800001238473,70.20799999008887,2.630699993460439
EngineeringROI_B10,JILONG_EI_0169,1330,B10,225;195;2;217;78;57;86;112;10;119;166;161;4;46;235;49;35;44;174,0.1,19,123,19,0.1373984424654072,21120.0,True,0.7398373983739838,0.0526315789473684,0.5778947368421053,0.0789473684210526,0.3623277706461275,2,19,0,55.19590000039898,4.709399989224039,71.04249999974854,2.2144999966258183
EngineeringROI_B10,JILONG_EI_0169,1340,B10,225;195;3;78;217;58;166;13;86;112;161;119;203;35;66;10;60;199;158,0.1,19,124,19,0.1291589772648957,21120.0,True,0.8200339558573855,0.0526315789473684,0.4934210526315788,0.0789473684210526,0.3612584889643463,2,19,0,54.62819999956992,4.771300009451807,70.34890000068117,2.264099995954893
EngineeringROI_B10,JILONG_EI_0169,1350,B10,225;195;3;57;78;217;13;86;112;119;166;219;177;50;174;199;44;105;156,0.1,19,124,19,0.137620509836053,21210.0,True,0.6926994906621392,0.0526315789473684,0.5988758303525805,0.0789473684210526,0.3557885670957852,2,19,0,55.104400002164766,5.182299995794892,71.85429999663029,3.052999993087724
EngineeringROI_B10,JILONG_EI_0169,1360,B10,225;195;58;3;78;217;86;119;10;166;161;50;128;235;60;156;28;90;199,0.1,19,123,19,0.1388303941312954,21210.0,True,0.7454000855798032,0.0526315789473684,0.5087719298245613,0.0789473684210526,0.3464377406931964,2,19,0,55.60120000154711,4.75670000014361,70.37940000009257,2.944099993328564
EngineeringROI_B10,JILONG_EI_0169,1370,B10,225;195;3;57;13;232;78;219;86;119;166;66;10;206;177;35;128;201;171,0.1,19,124,19,0.1246869998698225,21210.0,True,0.7525466893039049,0.0526315789473684,0.569238630556975,0.0789473684210526,0.3633410668073253,2,19,0,56.1644000117667,5.594199988991022,70.21859999804292,2.228500001365319
EngineeringROI_B10,JILONG_EI_0169,1380,B10,225;195;2;13;58;217;78;86;119;35;66;10;161;203;166;44;251;206;4,0.1,19,124,19,0.1355836160225436,21210.0,True,0.7716468590831919,0.0526315789473684,0.527327935222672,0.0789473684210526,0.3576384354185712,2,19,0,55.055700009688735,4.710900000645779,70.39700000314042,2.959999997983686
EngineeringROI_B10,JILONG_EI_0169,1390,B10,225;195;3;57;78;86;13;119;166;216;219;251;161;50;174;91;10;60;112,0.1,19,125,19,0.1210956344617929,21210.0,True,0.7444210526315789,0.0526315789473684,0.538068472151252,0.0789473684210526,0.3535171180378129,2,19,0,54.66270000033546,4.732900008093566,70.70590001239907,2.265100003569387
EngineeringROI_B10,JILONG_EI_0169,1400,B10,225;195;84;57;3;217;78;219;86;119;161;166;10;66;34;112;5;91;158,0.1,19,125,19,0.1182470461210956,21210.0,True,0.7557894736842105,0.0526315789473684,0.5460526315789475,0.0789473684210526,0.3583552631578947,2,19,0,57.676700002048165,5.907099999603815,70.929099994828,2.4227000103564933
EngineeringROI_B10,JILONG_EI_0169,1410,B10,225;195;2;57;13;217;78;203;86;192;119;206;161;166;235;10;91;128;50,0.1,19,124,19,0.1092648038532517,21210.0,True,0.799660441426146,0.0526315789473684,0.561904761904762,0.0789473684210526,0.3732860376748322,2,19,0,55.62539999664296,4.8470000037923455,71.37580000562593,2.7559000009205192
EngineeringROI_B10,JILONG_EI_0169,1420,B10,225;195;3;13;58;217;86;78;10;119;161;166;219;49;128;44;157;206;91,0.1,19,124,19,0.1399330734889847,21240.0,True,0.797962648556876,0.0526315789473684,0.5329586101175269,0.0789473684210526,0.365625051510706,2,19,0,54.99839999538381,5.8932999963872135,72.02040000993293,2.5326000031782314
EngineeringROI_B10,JILONG_EI_0169,1430,B10,195;225;13;3;57;84;232;10;78;86;119;161;166;219;50;158;112;121;201,0.1,19,124,19,0.1193190954966268,21240.0,True,0.7071307300509337,0.0526315789473684,0.6222910216718267,0.0789473684210526,0.3652501747727954,2,19,0,56.469200004357845,4.754199995659292,70.94689999939874,3.2298000005539507
EngineeringROI_B10,JILONG_EI_0169,1440,B10,195;225;2;58;217;219;13;206;86;78;135;66;166;174;104;177;34;4;112,0.1,19,125,19,0.1125268969530825,21240.0,True,0.752842105263158,0.0526315789473684,0.5666836995401123,0.0789473684210526,0.3627761880429228,2,19,0,54.31199999293312,4.8067000025184825,70.19139999465551,2.2346000041579828
EngineeringROI_B10,JILONG_EI_0179,10,B10,78;106;128;84;195;202;29;119;206;235;192;66;4;86;57;27;34;232;158,0.1,19,128,19,0.1094332687551209,,False,0.703125,0.0,0.7240274599542333,0.0701754385964912,0.3743319746376812,2,19,0,54.44330000318587,6.425100000342354,69.95850001112558,2.2822000028099865
EngineeringROI_B10,JILONG_EI_0179,20,B10,86;77;13;112;206;202;46;33;44;174;104;90;57;20;195;66;252;10;232,0.1,19,126,19,0.1054743435611948,0.0,True,0.6963241436925648,0.0526315789473684,0.6814882032667876,0.0701754385964912,0.375154841125803,2,19,0,54.69779999111779,4.716499999631196,69.84609999926761,2.266700001200661
EngineeringROI_B10,JILONG_EI_0179,30,B10,77;86;74;29;105;49;119;206;128;195;84;232;201;251;10;219;177;4;41,0.1,19,126,19,0.1012703785100045,1560.0,True,0.6436925647451964,0.0394736842105263,0.7606837606837606,0.0701754385964912,0.3785063620589937,2,19,0,54.90399998961948,4.807899997103959,70.24640000599902,2.215500004240312
EngineeringROI_B10,JILONG_EI_0179,40,B10,195;77;69;106;29;74;119;112;251;50;174;206;203;201;27;156;177;166;25,0.1,19,126,19,0.121156894426109,13980.0,True,0.7197159565580619,0.0526315789473684,0.7070938215102974,0.087719298245614,0.3917901638153354,2,19,0,53.95679999492131,4.851700010476634,69.86129999859259,2.283599998918362
EngineeringROI_B10,JILONG_EI_0179,50,B10,195;61;58;106;112;50;13;84;158;19;119;202;156;5;190;177;93;235;232,0.1,19,124,19,0.0762380255913501,14040.0,True,0.6642614601018676,0.0526315789473684,0.7382394038192827,0.0526315789473684,0.3769410054539717,1,19,0,54.1462999972282,4.769999999552965,70.19800000125542,2.2831000096630305
EngineeringROI_B10,JILONG_EI_0179,60,B10,195;61;13;58;174;66;134;235;93;91;88;120;217;192;203;112;10;172;34,0.1,19,121,19,0.0701886041151381,14040.0,True,0.6829056111352761,0.0526315789473684,0.6942583732057417,0.0526315789473684,0.3706067855589386,1,19,0,55.242899994482286,4.951499999151565,70.9906999982195,2.4514000106137246
EngineeringROI_B10,JILONG_EI_0179,70,B10,195;60;29;218;157;57;104;49;91;35;252;3;177;112;26;70;78;171;185,0.1,19,123,19,0.1378885221799358,14790.0,True,0.7004706889174155,0.0526315789473684,0.6578947368421053,0.0526315789473684,0.3659071459135644,1,19,0,54.47390000335872,4.826200005481951,69.72540001152083,2.5693000061437488
EngineeringROI_B10,JILONG_EI_0179,80,B10,195;44;13;219;46;57;157;217;49;121;112;135;77;35;91;192;185;102;4,0.1,19,124,19,0.1082386994509575,14790.0,True,0.6612903225806452,0.0526315789473684,0.7550069864927805,0.0526315789473684,0.3803901167420407,1,19,0,54.620300012174994,5.282300000544637,69.898200003081,2.263600006699562
EngineeringROI_B10,JILONG_EI_0179,90,B10,195;44;57;157;33;90;155;66;202;10;235;112;88;46;120;77;35;14;69,0.1,19,123,19,0.1037054620915683,15060.0,True,0.693196405648267,0.0526315789473684,0.638755980861244,0.087719298245614,0.3680758159256234,2,19,0,54.66370000794996,4.735099995741621,71.20419999409933,2.2481000050902367
EngineeringROI_B10,JILONG_EI_0179,100,B10,195;28;61;57;218;158;176;51;69;121;155;49;4;119;100;185;91;252;88,0.1,19,122,19,0.1048694014135736,15060.0,True,0.6389128559102675,0.0526315789473684,0.7064220183486238,0.087719298245614,0.3714214378629684,2,19,0,54.33759999868926,5.205900000873953,70.01630000013392,2.2579000069526955
EngineeringROI_B10,JILONG_EI_0179,110,B10,195;28;57;252;158;202;76;50;4;155;121;119;176;69;99;190;78;26;89,0.1,19,123,19,0.1132543590293358,15060.0,True,0.7086007702182285,0.0526315789473684,0.6335282651072124,0.087719298245614,0.3706199781296059,2,19,0,54.46189999929629,5.38570000207983,70.13000000733882,2.2403000039048493
EngineeringROI_B10,JILONG_EI_0179,120,B10,195;27;252;4;29;74;61;104;202;157;69;106;50;232;128;135;213;206;155,0.1,19,120,19,0.1050455238109823,15060.0,True,0.6574561403508771,0.0526315789473684,0.7164846077457795,0.087719298245614,0.3785729063224098,2,19,0,54.6537000045646,5.273500006296672,69.48999999440275,2.363199993851594
EngineeringROI_B10,JILONG_EI_0179,130,B10,195;27;219;217;74;106;252;4;29;61;104;69;174;112;155;176;50;101;229,0.1,19,119,19,0.1140890260431423,15060.0,True,0.7151702786377708,0.0526315789473684,0.692154915590864,0.087719298245614,0.3869190178554044,2,19,0,54.22309999994468,5.696200008969754,70.90179999067914,2.29800000670366
EngineeringROI_B10,JILONG_EI_0179,140,B10,195;27;202;57;69;192;29;174;252;61;112;34;104;91;155;4;213;25;215,0.1,19,120,19,0.1248248347895337,15240.0,True,0.7342105263157894,0.0526315789473684,0.6478111165764879,0.087719298245614,0.3805931300213149,2,19,0,54.49280000175349,5.742199995438568,72.28160000522621,3.1392999953823164
EngineeringROI_B10,JILONG_EI_0179,150,B10,195;27;202;106;74;29;235;176;60;69;4;119;128;50;170;215;174;78;40,0.1,19,120,19,0.1365561179560613,15240.0,True,0.6846491228070175,0.0526315789473684,0.6735829959514171,0.087719298245614,0.3746457489878542,2,19,0,55.69959999411367,5.200200001127087,70.73279999895021,2.92990000161808
EngineeringROI_B10,JILONG_EI_0179,160,B10,195;26;106;217;219;29;4;74;119;186;61;156;252;177;50;128;69;174;32,0.1,19,119,19,0.1000604942147621,15240.0,True,0.6289252543122513,0.0526315789473684,0.7046499744506899,0.087719298245614,0.3684815264889808,2,19,0,55.73380000714678,6.343199987895787,70.58949999918696,2.2311000066110864
EngineeringROI_B10,JILONG_EI_0179,170,B10,195;58;26;90;202;121;29;4;156;50;235;233;174;60;78;177;128;86;23,0.1,19,120,19,0.126409936366212,15240.0,True,0.718421052631579,0.0526315789473684,0.6504468718967229,0.0701754385964912,0.3729187355180404,2,19,0,55.21170000429265,5.212499992921948,70.43299998622388,2.467199999955483
EngineeringROI_B10,JILONG_EI_0179,180,B10,195;58;10;106;201;29;232;50;128;174;20;103;156;78;69;71;60;177;133,0.1,19,119,19,0.1382254519836742,15240.0,True,0.7036709420610349,0.0526315789473684,0.6215538847117794,0.087719298245614,0.3663939259914491,2,19,0,55.71070000587497,4.75219999498222,70.63469999411609,3.1047999946167693
EngineeringROI_B10,JILONG_EI_0179,190,B10,195;25;58;90;202;78;174;28;88;50;121;232;4;69;177;156;60;229;128,0.1,19,120,19,0.1234541430879616,15240.0,True,0.6916666666666668,0.0526315789473684,0.6411027568922305,0.087719298245614,0.3682800751879699,2,19,0,55.251800004043616,6.499500013887882,71.17500000458676,2.262300011352636
EngineeringROI_B10,JILONG_EI_0179,200,B10,195;25;58;105;233;201;78;50;29;157;4;155;60;27;91;134;219;69;112,0.1,19,120,19,0.133347627325007,15240.0,True,0.6530701754385966,0.0526315789473684,0.6624493927125505,0.087719298245614,0.3639676113360324,2,19,0,54.27510000299662,4.783199998200871,69.82599999173544,2.2213999909581617
EngineeringROI_B10,JILONG_EI_0179,210,B10,195;58;10;105;78;217;40;50;157;45;219;186;176;155;4;69;135;13;112,0.1,19,121,19,0.1060256832400395,15240.0,True,0.6180948238364505,0.0526315789473684,0.7112781954887217,0.087719298245614,0.3674309741295387,2,19,0,54.60100001073442,7.779399995342828,70.03060000715777,2.209700003731996
EngineeringROI_B10,JILONG_EI_0179,220,B10,195;40;58;217;106;78;104;50;10;29;219;186;174;176;69;60;4;135;128,0.1,19,121,19,0.102602782733879,15240.0,True,0.6694214876033058,0.0526315789473684,0.7056530214424951,0.087719298245614,0.3788563465596958,2,19,0,54.87089999951422,5.450700002256781,70.55709999985993,2.244199989945628
EngineeringROI_B10,JILONG_EI_0179,230,B10,195;40;58;217;106;78;88;219;29;49;120;4;10;186;69;51;177;60;128,0.1,19,121,19,0.1123278020690553,15240.0,True,0.6989995650282732,0.0526315789473684,0.6620757501229709,0.087719298245614,0.3753565480860566,2,19,0,56.32089999562595,4.927200003294274,69.51970000227448,2.2763000015402213
EngineeringROI_B10,JILONG_EI_0179,240,B10,195;58;217;106;104;49;78;10;29;24;4;135;51;69;60;252;128;157;55,0.1,19,121,19,0.121654631636177,15240.0,True,0.7207481513701609,0.0526315789473684,0.6072492552135055,0.087719298245614,0.3670870709441621,2,19,0,54.65230000845622,5.917100002989173,70.14479998906609,2.235200008726679
EngineeringROI_B10,JILONG_EI_0179,250,B10,195;58;88;232;78;29;23;219;49;90;201;120;51;25;252;128;4;56;27,0.1,19,121,19,0.1292508672113698,15240.0,True,0.7403218790778601,0.0526315789473684,0.641812865497076,0.0526315789473684,0.3718494756174182,1,19,0,55.21880000014789,4.8488999891560525,70.32259998959489,2.211600003647618
EngineeringROI_B10,JILONG_EI_0179,260,B10,195;58;233;88;78;29;23;66;128;91;35;10;202;252;60;192;120;157;69,0.1,19,122,19,0.0937124304125092,15240.0,True,0.6518550474547024,0.0526315789473684,0.6693147964250248,0.087719298245614,0.3653801802681774,2,19,0,54.93499999283813,4.980900004738942,69.71470000280533,2.2470999974757437
EngineeringROI_B10,JILONG_EI_0179,270,B10,195;57;233;89;29;23;78;202;35;66;91;174;252;69;26;128;60;176;170,0.1,19,122,19,0.1174047216117496,15240.0,True,0.6747195858498705,0.0526315789473684,0.6287081339712919,0.087719298245614,0.3609446492535362,2,19,0,54.013300003134646,4.717399991932325,71.51360000716522,3.3573000109754503
EngineeringROI_B10,JILONG_EI_0179,280,B10,195;57;23;88;233;29;78;90;219;128;201;51;10;69;176;174;135;60;170,0.1,19,123,19,0.101699198260217,15270.0,True,0.6688061617458281,0.0526315789473684,0.6354066985645934,0.087719298245614,0.3611409343758509,2,19,0,54.85319999570493,4.705900006229058,70.11800000327639,3.751800002646633
EngineeringROI_B10,JILONG_EI_0179,290,B10,195;23;57;88;233;29;90;78;219;128;174;176;201;66;35;69;26;135;60,0.1,19,123,19,0.1156971001064391,15270.0,True,0.6884895164741123,0.0526315789473684,0.6177033492822966,0.087719298245614,0.3616359357373478,2,19,0,54.51560000074096,4.712199995992705,70.40279998909682,2.449300009175204
EngineeringROI_B10,JILONG_EI_0179,300,B10,195;23;58;89;119;233;29;78;91;69;174;219;192;201;35;128;25;27;60,0.1,19,123,19,0.1272446033800185,15270.0,True,0.6760804450149763,0.0526315789473684,0.6287339971550499,0.087719298245614,0.3612913298407522,2,19,0,55.08549998921808,5.545899999560788,71.18429998809006,2.2699999972246587
EngineeringROI_B10,JILONG_EI_0179,310,B10,195;23;57;217;90;88;119;78;29;69;192;174;219;34;25;60;27;128;20,0.1,19,123,19,0.1198551201843925,15270.0,True,0.6842105263157895,0.0526315789473684,0.6287339971550497,0.087719298245614,0.3633238501659554,2,19,0,54.43949998880271,4.817299995920621,70.17190000624396,2.433100002235733
EngineeringROI_B10,JILONG_EI_0179,320,B10,195;23;57;90;217;78;69;29;88;34;219;119;192;174;10;66;128;60;4,0.1,19,123,19,0.0822338445987855,15270.0,True,0.6559691912708602,0.0526315789473684,0.6320574162679425,0.087719298245614,0.3570943711829463,2,19,0,54.29770000046119,4.744399993796833,71.45920000039041,3.322800010209903
EngineeringROI_B10,JILONG_EI_0179,330,B10,195;23;217;90;58;78;69;29;88;192;174;35;60;33;219;102;206;27;25,0.1,19,123,19,0.1289905123630265,15270.0,True,0.6773641420624732,0.0526315789473684,0.6103331723804925,0.087719298245614,0.357012047908987,2,19,0,54.58500000531785,5.726900009904057,69.66819999797735,2.2428999945987016
EngineeringROI_B10,JILONG_EI_0179,340,B10,195;23;58;46;78;217;90;104;69;14;34;219;174;72;192;60;28;25;101,0.1,19,124,19,0.1321607155163832,15270.0,True,0.7143463497453313,0.0526315789473684,0.5934331240946403,0.087719298245614,0.3620325877582385,2,19,0,54.46230000234209,5.850699992151931,69.81380000070203,2.261799992993474
EngineeringROI_B10,JILONG_EI_0179,350,B10,195;58;23;218;105;78;29;232;69;174;34;119;192;60;200;25;91;27;71,0.1,19,124,19,0.1376281673315925,15270.0,True,0.6880305602716469,0.0526315789473684,0.5901559454191033,0.087719298245614,0.3546343457209331,2,19,0,54.56899999990128,5.682699993485585,70.05140000546817,2.305799993337132
EngineeringROI_B10,JILONG_EI_0179,360,B10,195;58;90;218;23;46;120;13;69;78;34;158;232;200;60;88;172;192;25,0.1,19,124,19,0.1039887894265301,15420.0,True,0.6719015280135823,0.0263157894736842,0.6513761467889909,0.087719298245614,0.3593281906304678,2,19,0,55.22490000294056,4.837500004214235,70.28770000033546,2.6046999992104247
EngineeringROI_B10,JILONG_EI_0179,370,B10,195;58;23;232;46;90;34;104;69;78;13;218;174;60;192;66;25;72;200,0.1,19,124,19,0.1008645312464105,15420.0,True,0.6786926994906621,0.0263157894736842,0.6062378167641326,0.087719298245614,0.3497414009935232,2,19,0,55.04420000943355,5.128999997396022,70.56480000028387,2.229499994427897
EngineeringROI_B10,JILONG_EI_0179,380,B10,195;58;90;23;217;61;34;120;13;69;235;174;192;93;25;88;66;27;79,0.1,19,124,19,0.1206438422249619,15420.0,True,0.6973684210526315,0.0263157894736842,0.5456802383316783,0.087719298245614,0.339270936775902,2,19,0,54.48770000657533,5.270300011034124,70.69599999522325,2.24980000348296
EngineeringROI_B10,JILONG_EI_0179,390,B10,195;57;78;90;46;34;217;60;14;24;69;235;119;174;88;177;28;26;172,0.1,19,123,19,0.1304607515066122,15420.0,True,0.693196405648267,0.0263157894736842,0.5903674280039723,0.087719298245614,0.3493997303428844,2,19,0,55.389800007105805,5.795000004582107,70.88309999380726,3.0934000096749514
EngineeringROI_B10,JILONG_EI_0179,400,B10,195;46;58;90;13;69;119;34;218;232;23;78;174;60;88;176;172;25;27,0.1,19,123,19,0.1158043050439923,15420.0,True,0.7278562259306803,0.0263157894736842,0.5695134061569017,0.087719298245614,0.3528511799517201,2,19,0,54.90790000476409,4.822100003366359,71.79090000863653,3.006500002811663
EngineeringROI_B10,JILONG_EI_0179,410,B10,195;90;57;218;29;61;34;69;23;119;158;88;176;93;66;25;172;27;121,0.1,19,123,19,0.1187830708088612,15420.0,True,0.7051775780915703,0.0263157894736842,0.5422045680238332,0.087719298245614,0.3403543084586754,2,19,0,57.30220000259578,5.122900009155273,70.88059998932295,2.2773999953642488
EngineeringROI_B10,JILONG_EI_0179,420,B10,195;90;58;46;60;217;23;69;34;219;174;78;13;135;176;88;25;27;66,0.1,19,122,19,0.1199393526353271,15420.0,True,0.725625539257981,0.0263157894736842,0.5580933465739821,0.087719298245614,0.3494384933878153,2,19,0,54.56109999795444,5.046799997217022,71.6631000104826,3.3534999965922907
EngineeringROI_B10,JILONG_EI_0179,430,B10,195;90;41;218;78;13;33;46;69;35;60;23;158;232;135;176;88;27;156,0.1,19,122,19,0.1262644439509614,15420.0,True,0.6911130284728214,0.0263157894736842,0.5729323308270677,0.087719298245614,0.3445201117547968,2,19,0,55.11520001164172,4.825700001674704,70.76210000377614,2.7861999988090247
EngineeringROI_B10,JILONG_EI_0179,440,B10,195;90;35;46;78;33;219;84;174;13;232;57;60;88;23;201;119;25;177,0.1,19,122,19,0.1011708310679909,15420.0,True,0.645383951682485,0.0263157894736842,0.6852226720647774,0.0526315789473684,0.3523884980420786,1,19,0,54.76080000516959,4.647900001145899,70.38159998774063,2.6803000073414296
EngineeringROI_B10,JILONG_EI_0179,450,B10,195;90;219;29;232;61;84;58;34;24;158;201;87;135;27;177;3;206;156,0.1,19,122,19,0.1144182983513412,15420.0,True,0.6039689387402933,0.0263157894736842,0.6771255060728746,0.0526315789473684,0.340010453308555,1,19,0,54.248400003416464,4.833799990592524,71.11109999823384,2.99950000771787
EngineeringROI_B10,JILONG_EI_0179,460,B10,195;90;218;60;46;58;232;78;84;174;34;13;23;25;88;27;177;3;120,0.1,19,121,19,0.1137750687260224,15420.0,True,0.6733362331448456,0.0263157894736842,0.6418988648090815,0.0526315789473684,0.3485456165937449,1,19,0,54.62930000794586,5.424999995739199,71.5111000026809,2.987500003655441
EngineeringROI_B10,JILONG_EI_0179,470,B10,195;90;218;60;84;41;78;29;174;34;23;27;120;4;232;177;86;171;88,0.1,19,121,19,0.1341133768789579,15420.0,True,0.6768160069595477,0.0263157894736842,0.5784262636789995,0.0701754385964912,0.3379333746771806,2,19,0,55.21610000869259,4.76259998686146,70.67430000461172,2.460299991071224
EngineeringROI_B10,JILONG_EI_0179,480,B10,195;90;218;84;60;46;58;78;23;34;174;86;13;27;177;88;135;121;128,0.1,19,121,19,0.1167385194998123,15420.0,True,0.6750761200521967,0.0263157894736842,0.5869218500797448,0.0701754385964912,0.3396222995505292,2,19,0,54.22239999461453,4.761600008350797,70.17340000311378,2.253799990285188
EngineeringROI_B10,JILONG_EI_0179,490,B10,195;90;84;29;219;217;58;78;35;60;33;27;86;23;158;206;3;66;177,0.1,19,122,19,0.1249396972226263,15420.0,True,0.675150992234685,0.0263157894736842,0.6201146430432517,0.0701754385964912,0.3479392158370281,2,19,0,54.11240000103135,5.057000002125278,69.92470000113826,2.2481999912997708
EngineeringROI_B10,JILONG_EI_0179,500,B10,195;90;29;217;41;174;60;78;219;35;69;49;23;27;3;177;172;88;102,0.1,19,122,19,0.1319999081100535,15420.0,True,0.6993097497842968,0.0263157894736842,0.5691434468524252,0.087719298245614,0.345622071089005,2,19,0,54.584500001510605,5.379200010793284,69.74340000306256,2.260599998407997
EngineeringROI_B10,JILONG_EI_0179,510,B10,195;90;60;84;78;218;29;51;41;174;23;86;49;88;27;3;171;55;216,0.1,19,122,19,0.1581885428551737,15420.0,True,0.7157031924072476,0.0263157894736842,0.57026060296372,0.0701754385964912,0.3456137558602857,2,19,0,54.315600005793385,5.274099996313453,70.2125999960117,2.328800008399412
EngineeringROI_B10,JILONG_EI_0179,520,B10,195;90;84;60;78;58;217;29;174;219;51;86;27;24;33;135;3;88;177,0.1,19,122,19,0.1324363853558055,15420.0,True,0.7144089732528042,0.0263157894736842,0.571282575370465,0.0701754385964912,0.3455456941733612,2,19,0,55.70300000545103,4.827000011573546,69.7688000072958,2.624800006742589
EngineeringROI_B10,JILONG_EI_0179,530,B10,195;84;29;74;217;174;60;78;41;34;219;86;27;66;3;23;135;105;206,0.1,19,124,19,0.1298328368723725,15420.0,True,0.6791171477079796,0.0263157894736842,0.6040100250626567,0.0701754385964912,0.3449046002102029,2,19,0,54.30240000714548,4.761099989991635,72.01019999047276,2.3573999933432788
EngineeringROI_B10,JILONG_EI_0179,540,B10,195;84;29;74;78;23;218;174;60;147;34;86;41;88;27;135;3;66;106,0.1,19,125,19,0.1309967761943778,15420.0,True,0.7364210526315789,0.0263157894736842,0.5568125922282342,0.0701754385964912,0.347431218232497,2,19,0,54.42060000495985,5.703800008632243,70.0310999964131,2.237499997136183
EngineeringROI_B10,JILONG_EI_0179,550,B10,195;90;84;14;58;78;218;60;174;49;23;86;51;46;147;28;3;26;112,0.1,19,125,19,0.1330872724766637,15420.0,True,0.727578947368421,0.0263157894736842,0.5849624060150376,0.0701754385964912,0.3522581453634085,2,19,0,53.93700000422541,5.230900002061389,70.07359999988694,2.251300000352785
EngineeringROI_B10,JILONG_EI_0179,560,B10,195;84;90;29;78;58;218;60;51;23;174;147;86;3;49;112;27;156;177,0.1,19,125,19,0.1287454725057622,15420.0,True,0.7372631578947368,0.0263157894736842,0.562907268170426,0.0701754385964912,0.3491654135338345,2,19,0,54.67399999906775,4.698599994299002,69.73969998944085,2.256599997053854
EngineeringROI_B10,JILONG_EI_0179,570,B10,195;84;90;58;174;29;60;218;86;3;51;78;23;27;156;206;128;25;216,0.1,19,124,19,0.145852317541025,15420.0,True,0.7376910016977929,0.0263157894736842,0.5217611336032388,0.0701754385964912,0.3389858408428018,2,19,0,54.29459999140818,4.852400001254864,69.96150000486523,2.67800000438001
EngineeringROI_B10,JILONG_EI_0179,580,B10,195;90;84;29;58;78;3;174;60;86;35;217;88;235;66;23;206;27;156,0.1,19,125,19,0.1243500700660841,15420.0,True,0.752,0.0263157894736842,0.5342601787487586,0.0701754385964912,0.3456878517047336,2,19,0,53.99720001150854,4.618599996319972,70.68949998938479,3.056400004425086
EngineeringROI_B10,JILONG_EI_0179,590,B10,195;90;84;58;78;174;29;60;86;218;3;34;23;88;27;128;216;25;170,0.1,19,125,19,0.1427204018653659,15420.0,True,0.7414736842105264,0.0526315789473684,0.5238331678252234,0.0701754385964912,0.3470284673949023,2,19,0,54.00029999145772,5.195500008994713,72.19610000902321,3.359399997862056
EngineeringROI_B10,JILONG_EI_0179,600,B10,195;58;84;90;61;174;3;218;86;13;34;23;120;27;170;52;25;214;55,0.1,19,126,19,0.1564196613855472,15420.0,True,0.7234753550543025,0.0526315789473684,0.5336940482046237,0.0701754385964912,0.3449941052006964,2,19,0,56.22769999899901,6.523699994431809,71.8306000053417,2.281199995195493
EngineeringROI_B10,JILONG_EI_0179,610,B10,195;58;84;78;90;60;174;3;13;86;35;46;23;147;206;27;201;66;235,0.1,19,126,19,0.121202839399346,15420.0,True,0.6733500417710944,0.0526315789473684,0.6271519921298573,0.0701754385964912,0.3558272628612028,2,19,0,54.594200002611615,5.450399999972433,71.15790000534616,2.2570000000996515
EngineeringROI_B10,JILONG_EI_0179,620,B10,195;58;90;174;35;13;69;3;78;88;218;83;119;60;23;27;147;5;232,0.1,19,125,19,0.0980925178611083,15420.0,True,0.7225263157894737,0.0526315789473684,0.5617314313821937,0.087719298245614,0.3561521560911624,2,19,0,55.38590000651311,7.513300006394274,71.23560000036377,2.2554000024683774
EngineeringROI_B10,JILONG_EI_0179,630,B10,195;90;58;13;69;174;78;35;147;119;83;60;3;23;71;27;49;201;235,0.1,19,125,19,0.1231095557886837,15420.0,True,0.7082105263157894,0.0526315789473684,0.5496524329692155,0.087719298245614,0.3495534591194968,2,19,0,54.70049999712501,5.027999999583699,70.11859999329317,2.271799996378832
EngineeringROI_B10,JILONG_EI_0179,640,B10,195;90;58;13;69;174;35;60;147;66;3;119;218;78;23;27;171;165;25,0.1,19,125,19,0.1274513557595852,15420.0,True,0.7330526315789473,0.0526315789473684,0.551142005958292,0.087719298245614,0.3561363786825554,2,19,0,54.83649999951013,5.305400001816452,70.51820000924636,2.239099994767457
EngineeringROI_B10,JILONG_EI_0179,650,B10,195;90;58;69;29;174;3;217;23;35;78;83;147;206;27;60;165;171;88,0.1,19,125,19,0.1085603142636169,15420.0,True,0.745263157894737,0.0526315789473684,0.5481628599801391,0.087719298245614,0.3584442237669646,2,19,0,54.97860000468791,4.75969999388326,71.5634000080172,2.7110999944852665
EngineeringROI_B10,JILONG_EI_0179,660,B10,195;90;58;23;69;174;217;13;78;66;44;147;88;165;128;235;100;171;35,0.1,19,125,19,0.10866751920117,15420.0,True,0.6745263157894736,0.0526315789473684,0.5578947368421051,0.087719298245614,0.3431929824561403,2,19,0,55.92219998652581,4.875400001765229,72.01899999927264,2.3188999912235886
EngineeringROI_B10,JILONG_EI_0179,670,B10,195;84;58;90;13;174;23;218;86;60;35;78;3;147;49;27;88;165;25,0.1,19,125,19,0.1344273341960778,15420.0,True,0.7835789473684209,0.0526315789473684,0.5129096325719962,0.0701754385964912,0.3548238993710692,2,19,0,56.77409999771044,4.786300007253885,70.63790000393055,2.348500012885779
EngineeringROI_B10,JILONG_EI_0179,680,B10,195;58;13;174;91;69;217;60;35;78;147;89;27;66;24;165;155;71;103,0.1,19,125,19,0.1413114226860962,15420.0,True,0.695157894736842,0.0526315789473684,0.5369433198380567,0.087719298245614,0.3431130229419703,2,19,0,55.40389999805484,4.851300007430837,70.95409999601543,2.2504999942611903
EngineeringROI_B10,JILONG_EI_0179,690,B10,195;90;217;58;13;69;174;60;3;147;51;88;78;27;46;49;219;206;165,0.1,19,125,19,0.105627493471985,15420.0,True,0.6538947368421052,0.0526315789473684,0.5717234262125903,0.087719298245614,0.3414922600619195,2,19,0,54.13730000145733,4.749699990497902,70.08540000242647,2.207600002293475
EngineeringROI_B10,JILONG_EI_0179,700,B10,195;74;13;217;69;41;174;78;44;147;35;219;88;49;165;3;106;134;156,0.1,19,124,19,0.1189821656928884,15420.0,True,0.6196943972835314,0.0526315789473684,0.58,0.087719298245614,0.3350113186191285,2,19,0,54.0776999987429,4.825500000151806,69.80009999824688,2.2329999919747934
EngineeringROI_B10,JILONG_EI_0179,710,B10,195;13;74;174;69;218;60;147;88;35;3;41;27;78;46;134;214;165;172,0.1,19,126,19,0.1258892266695254,15420.0,True,0.6900584795321637,0.0526315789473684,0.5294424179260031,0.087719298245614,0.3399629436627873,2,19,0,54.07600000035018,5.249599998933263,70.86059999710415,2.452299988362938
EngineeringROI_B10,JILONG_EI_0179,720,B10,195;58;13;90;69;174;44;218;3;206;78;35;147;103;66;71;46;99;200,0.1,19,126,19,0.1226654210473922,15270.0,True,0.7005012531328321,0.0526315789473684,0.5013290802764487,0.087719298245614,0.3355453026505658,2,19,0,56.42799999623094,4.819300011149608,73.20100000652019,2.330699993763119
EngineeringROI_B10,JILONG_EI_0179,730,B10,195;58;13;60;69;217;90;3;174;35;27;219;78;99;66;121;5;71;102,0.1,19,125,19,0.1298787818456095,16890.0,True,0.6997894736842106,0.0,0.5000000000000001,0.087719298245614,0.3218771929824561,2,19,0,54.762299987487495,4.860799992457032,70.95119998848531,2.237000007880852
EngineeringROI_B10,JILONG_EI_0179,740,B10,195;58;13;217;69;174;44;83;89;35;78;91;219;3;128;161;102;155;71,0.1,19,125,19,0.1292355522202908,16890.0,True,0.6787368421052631,0.0,0.5667198298777246,0.087719298245614,0.3332939925571505,2,19,0,55.28339999727905,4.854599988902919,71.21699998970143,2.694599999813363
EngineeringROI_B10,JILONG_EI_0179,750,B10,195;58;13;217;69;90;60;174;83;3;35;102;88;219;27;78;5;128;46,0.1,19,125,19,0.1093107488264888,16890.0,True,0.7061052631578948,0.0,0.5459861775651249,0.087719298245614,0.3349526847421584,2,19,0,53.93660000117961,4.779700000653975,71.2609999900451,3.1453999981749803
EngineeringROI_B10,JILONG_EI_0179,760,B10,195;58;217;69;13;90;174;3;83;44;35;78;219;103;46;128;71;177;214,0.1,19,126,19,0.1262874164375799,16890.0,True,0.6766917293233083,0.0,0.5705263157894735,0.087719298245614,0.333734335839599,2,19,0,56.5816000016639,6.807600002503023,69.84720000764355,2.9116000077920035
EngineeringROI_B10,JILONG_EI_0179,770,B10,195;58;13;69;35;217;44;83;3;174;90;206;78;103;128;235;71;26;46,0.1,19,126,19,0.1387614766714398,16950.0,True,0.6954887218045114,0.0,0.55,0.087719298245614,0.3333020050125313,2,19,0,54.05320000136271,4.801300005055964,70.29329999932088,2.266299998154864
EngineeringROI_B10,JILONG_EI_0179,780,B10,195;58;13;90;69;3;217;44;35;83;174;77;219;88;206;128;199;102;116,0.1,19,126,19,0.1113706151266167,16950.0,True,0.7351712614870509,0.0,0.5314757481940146,0.087719298245614,0.3385915769816698,2,19,0,55.37810000532773,5.264000006718561,70.91399999626447,2.3059999948600307
EngineeringROI_B10,JILONG_EI_0179,790,B10,195;58;13;60;69;3;218;35;89;78;174;27;66;91;100;103;199;232;71,0.1,19,125,19,0.1297945493946749,16950.0,True,0.7385263157894737,0.0,0.5194045720361511,0.087719298245614,0.3364125465178096,2,19,0,54.99689999851398,4.7623999998904765,70.47439999587368,2.7169000095454976
EngineeringROI_B10,JILONG_EI_0179,800,B10,195;69;74;218;35;44;174;13;3;41;77;99;102;105;161;46;216;66;71,0.1,19,126,19,0.1438001087364366,16950.0,True,0.6800334168755221,0.0,0.518796992481203,0.087719298245614,0.3216374269005848,2,19,0,55.62379999901168,5.809199996292591,70.90449999668635,2.3492000036640093
EngineeringROI_B10,JILONG_EI_0179,810,B10,195;58;13;69;218;35;90;44;3;174;77;102;99;206;66;161;46;71;104,0.1,19,126,19,0.1252383395486672,16950.0,True,0.7055137844611529,0.0,0.5321052631578947,0.087719298245614,0.3313345864661654,2,19,0,55.14729999413248,4.821800001082011,70.99999999627471,2.296899998327717
EngineeringROI_B10,JILONG_EI_0179,820,B10,195;58;69;13;35;218;3;90;44;78;88;206;102;157;232;161;116;120;66,0.1,19,126,19,0.130744078841574,16950.0,True,0.7259816207184628,0.0,0.5135566188197768,0.087719298245614,0.3318143844459634,2,19,0,54.0130000008503,4.5772000012220815,71.50080001156311,3.001699995365925
EngineeringROI_B10,JILONG_EI_0179,830,B10,195;13;69;58;60;35;90;3;217;27;174;102;219;206;78;116;156;71;164,0.1,19,126,19,0.1684112994004181,16950.0,True,0.7581453634085213,0.0,0.4673684210526315,0.087719298245614,0.3283082706766917,2,19,0,54.66510000405833,5.708999990019947,71.14709999586921,2.2311999928206205
EngineeringROI_B10,JILONG_EI_0179,840,B10,195;58;13;69;35;90;44;217;3;219;103;174;206;77;134;116;71;161;121,0.1,19,126,19,0.1284621451708004,16950.0,True,0.6716791979949874,0.0,0.5741626794258374,0.087719298245614,0.3333902939166097,2,19,0,55.1326999993762,5.0977000064449385,73.50080000469461,2.4384999996982515
EngineeringROI_B10,JILONG_EI_0179,850,B10,195;58;84;3;35;217;13;90;44;219;174;86;147;206;46;78;88;177;165,0.1,19,126,19,0.1127795943058863,16950.0,True,0.6858813700918964,0.0,0.5872850442939029,0.0701754385964912,0.3358354632455727,2,19,0,55.74729999352712,5.037000009906478,71.84350000170525,2.3268000077223405
EngineeringROI_B10,JILONG_EI_0179,860,B10,195;58;13;69;35;217;44;90;174;147;102;219;46;3;206;165;161;71;128,0.1,19,126,19,0.1040806793730042,16950.0,True,0.6934001670843777,0.0,0.5568421052631579,0.087719298245614,0.3344903926482874,2,19,0,56.236700009321794,6.653399992501363,72.42410001344979,2.304100009496324
EngineeringROI_B10,JILONG_EI_0179,870,B10,195;58;13;84;217;60;89;35;3;27;86;147;219;158;190;78;46;161;116,0.1,19,126,19,0.1349939888660014,16950.0,True,0.7318295739348372,0.0,0.5410526315789473,0.0701754385964912,0.3357644110275689,2,19,0,55.084500010707416,5.123399998410605,71.453600001405,2.4880999990273267
EngineeringROI_B10,JILONG_EI_0179,880,B10,195;58;13;69;217;44;89;35;103;147;206;174;3;5;46;71;100;235;161,0.1,19,124,19,0.1015001033761897,16950.0,True,0.6774193548387097,0.0,0.5493421052631579,0.087719298245614,0.3286201895868704,2,19,0,54.49320000479929,5.31599999521859,70.3151999914553,2.231799997389317
EngineeringROI_B10,JILONG_EI_0179,890,B10,195;13;58;69;217;44;3;174;35;102;90;235;206;71;161;66;165;25;116,0.1,19,124,19,0.1396344311629438,16950.0,True,0.7474533106960951,0.0,0.4568868980963046,0.087719298245614,0.3230148767595034,2,19,0,55.02500000875443,4.76179999532178,70.17340000311378,2.8792999946745117
EngineeringROI_B10,JILONG_EI_0179,900,B10,195;58;13;69;218;44;35;3;206;232;90;103;174;46;66;116;165;71;78,0.1,19,125,19,0.1349710163793829,17010.0,True,0.7498947368421053,0.0,0.4841008771929824,0.087719298245614,0.3304287280701755,2,19,0,56.24049999460112,5.339800001820549,70.56480000028387,2.4344999983441085
EngineeringROI_B10,JILONG_EI_0179,910,B10,195;58;13;69;218;232;44;35;174;90;3;103;161;200;206;116;78;71;121,0.1,19,125,19,0.1360354082593746,17010.0,True,0.7237894736842105,0.0,0.5,0.087719298245614,0.3278771929824561,2,19,0,54.63520000921562,5.488199996761978,70.28879999415949,2.268199998070486
EngineeringROI_B10,JILONG_EI_0179,920,B10,195;13;58;69;218;35;3;44;90;103;157;116;206;46;128;71;192;78;25,0.1,19,125,19,0.1537625104333376,17010.0,True,0.7280000000000001,0.0,0.4650027129679869,0.087719298245614,0.3201805028034002,2,19,0,54.42269999184646,5.245200009085238,70.5551999999443,2.6252000097883865
EngineeringROI_B10,JILONG_EI_0179,930,B10,195;13;58;218;69;3;35;44;174;90;102;116;232;88;25;206;78;148;161,0.1,19,125,19,0.1613587460085304,17010.0,True,0.7852631578947369,0.0,0.4678947368421053,0.087719298245614,0.335219298245614,2,19,0,53.95000000135042,4.650599992601201,69.79590000992175,2.9731999966315925
EngineeringROI_B10,JILONG_EI_0179,940,B10,195;13;58;69;218;60;3;35;90;174;232;27;102;128;116;25;88;206;94,0.1,19,125,19,0.1302233691448874,17010.0,True,0.8092631578947369,0.0,0.4300903774587984,0.087719298245614,0.3317682083997873,2,19,0,54.27510000299662,4.6165999956429005,70.45050000306219,2.243900002213195
EngineeringROI_B10,JILONG_EI_0179,950,B10,195;13;69;58;218;35;44;232;3;89;23;102;158;94;25;91;206;71;116,0.1,19,125,19,0.148440551033379,17040.0,True,0.8016842105263158,0.0,0.4486975013290803,0.087719298245614,0.3345252525252525,2,19,0,54.67139999382198,6.406600004993379,70.41110000864137,2.2452999983215705
EngineeringROI_B10,JILONG_EI_0179,960,B10,195;13;3;69;58;218;35;44;23;103;46;206;90;158;25;117;155;161;71,0.1,19,125,19,0.1405763031143034,17040.0,True,0.7351578947368421,0.0,0.5225563909774437,0.087719298245614,0.3363583959899749,2,19,0,54.21009998826776,5.319100004271604,70.39249999797903,2.277000006870366
EngineeringROI_B10,JILONG_EI_0179,970,B10,195;13;58;69;218;3;35;174;44;23;46;103;232;90;121;128;71;161;116,0.1,19,125,19,0.1109188228897856,17040.0,True,0.735578947368421,0.0,0.4986435160065111,0.087719298245614,0.3304854404051365,2,19,0,54.804300001706,4.725100006908178,70.29570000304375,2.28459999198094
EngineeringROI_B10,JILONG_EI_0179,980,B10,195;13;69;3;218;58;44;35;90;232;103;158;161;71;94;192;156;116;25,0.1,19,125,19,0.1515188642402616,17040.0,True,0.7461052631578946,0.0,0.4753289473684211,0.087719298245614,0.3272883771929824,2,19,0,54.81470000813715,4.852700003539212,70.37270000728313,2.298199993674644
EngineeringROI_B10,JILONG_EI_0179,990,B10,195;13;58;69;218;90;44;35;3;232;103;46;161;25;94;157;71;116;214,0.1,19,125,19,0.1538926878575093,17040.0,True,0.7566315789473684,0.0,0.4675900277008309,0.087719298245614,0.3279852262234534,2,19,0,54.09259999578353,4.739800002425909,70.17800000903662,2.294999998412095
EngineeringROI_B10,JILONG_EI_0179,1000,B10,195;13;69;57;217;90;44;35;103;3;174;235;161;128;206;25;94;171;134,0.1,19,125,19,0.116868696923984,17040.0,True,0.6399999999999999,0.0,0.5615901455767077,0.087719298245614,0.3223273609555804,2,19,0,56.00890000641812,5.4109000047901645,69.73760000255425,2.2419000015361235
EngineeringROI_B10,JILONG_EI_0179,1010,B10,195;13;58;69;3;217;44;35;103;128;90;235;174;25;94;46;100;172;71,0.1,19,125,19,0.1291742922559747,17040.0,True,0.7490526315789474,0.0,0.4925207756232688,0.087719298245614,0.3323231763619574,2,19,0,54.54200001258869,5.64709999889601,69.61769999179523,2.3837000044295564
EngineeringROI_B10,JILONG_EI_0179,1020,B10,195;13;69;57;217;44;103;3;35;90;235;94;172;46;71;25;116;128;134,0.1,19,125,19,0.1392745288725869,17040.0,True,0.7625263157894736,0.0,0.4400895856662934,0.087719298245614,0.3225837999253452,2,19,0,54.968800002825446,4.791300001670606,70.05290000233799,2.441999997245148
EngineeringROI_B10,JILONG_EI_0179,1030,B10,195;13;69;58;217;44;35;103;3;90;235;174;25;94;116;71;172;46;177,0.1,19,125,19,0.1430113866958672,17040.0,True,0.7738947368421053,0.0,0.4500537056928035,0.087719298245614,0.3279169351951307,2,19,0,56.30300000484567,5.884999991394579,69.95799999276642,2.351900009671226
EngineeringROI_B10,JILONG_EI_0179,1040,B10,195;69;58;217;13;3;103;60;35;89;174;235;27;161;116;94;25;71;121,0.1,19,125,19,0.1484635235199975,17070.0,True,0.7797894736842106,0.0,0.4404432132963989,0.087719298245614,0.3269879963065558,2,19,0,56.10019998857752,5.2651000005425885,70.0498000078369,2.9941999964648858
EngineeringROI_B10,JILONG_EI_0179,1050,B10,195;69;13;217;57;44;102;35;88;3;235;90;46;158;94;156;161;116;25,0.1,19,125,19,0.1424983344947201,17070.0,True,0.7052631578947368,0.0,0.5207166853303471,0.087719298245614,0.3284247853676745,2,19,0,56.85989999619778,7.506900001317263,70.33070000761654,2.2843000042485078
EngineeringROI_B10,JILONG_EI_0179,1060,B10,195;69;3;217;13;57;35;103;44;90;174;161;235;128;116;155;25;165;135,0.1,19,125,19,0.1190740556393625,17070.0,True,0.7132631578947368,0.0,0.5016797312430011,0.087719298245614,0.325665546845838,2,19,0,53.94910000904929,4.826099990168586,69.3533000012394,2.292200006195344
EngineeringROI_B10,JILONG_EI_0179,1070,B10,195;69;58;217;3;44;128;35;161;103;174;46;94;14;235;105;116;25;49,0.1,19,125,19,0.1275509032015989,17070.0,True,0.6960000000000001,0.0,0.5145576707726762,0.087719298245614,0.3245692422545726,2,19,0,55.58260000543669,4.72339999396354,71.30319999123458,2.3126000014599413
EngineeringROI_B10,JILONG_EI_0179,1080,B10,195;69;13;58;218;232;44;3;161;90;103;35;174;25;128;94;116;46;200,0.1,19,125,19,0.1272905483532556,17070.0,True,0.808,0.0,0.4303728070175438,0.087719298245614,0.3315230263157895,2,19,0,54.91479999909643,5.524899999727495,71.59759999194648,2.517200002330356
EngineeringROI_B10,JILONG_EI_0179,1090,B10,195;58;69;232;218;44;3;102;206;35;94;161;128;100;106;158;14;133;200,0.1,19,125,19,0.1247712323207571,17100.0,True,0.7347368421052631,0.0,0.4632735685367264,0.087719298245614,0.3214324272219009,2,19,0,55.29030000616331,6.259700006921776,71.46199999260716,2.3492000036640093
EngineeringROI_B10,JILONG_EI_0179,1100,B10,195;58;69;13;3;218;128;44;232;35;106;102;161;157;133;100;251;66;25,0.1,19,125,19,0.1311575836007075,17100.0,True,0.7456842105263157,0.0,0.4701360141927854,0.087719298245614,0.3258848807411788,2,19,0,54.703200003132224,6.146200001239777,70.70850000309292,2.292500008479692
EngineeringROI_B10,JILONG_EI_0179,1110,B10,195;58;3;13;69;218;128;44;46;232;35;161;103;133;174;105;156;25;94,0.1,19,125,19,0.1348025514775137,17100.0,True,0.775157894736842,0.0,0.4837374334713187,0.087719298245614,0.3366536566134437,2,19,0,55.34810000972357,5.255900003248826,70.8677000075113,2.3784999939380214
EngineeringROI_B10,JILONG_EI_0179,1120,B10,195;218;13;69;57;44;128;225;3;232;35;90;161;103;174;133;121;94;156,0.1,19,125,19,0.1386083267606496,20310.0,True,0.7385263157894736,0.0526315789473684,0.4567251461988303,0.087719298245614,0.3339005847953216,2,19,0,55.325500012259,5.6428999960189685,72.48950000212062,3.3530000073369592
EngineeringROI_B10,JILONG_EI_0179,1130,B10,195;69;218;225;57;128;35;44;161;46;206;133;102;147;158;94;91;100;105,0.1,19,125,19,0.1471694067738205,20310.0,True,0.7014736842105264,0.0526315789473684,0.504435245416913,0.087719298245614,0.3365649517051054,2,19,0,54.27870000130497,4.965000000083819,70.18460000108462,2.305499991052784
EngineeringROI_B10,JILONG_EI_0179,1140,B10,195;225;69;58;3;44;218;128;35;103;105;161;133;216;100;94;174;25;91,0.1,19,124,19,0.1594750021058112,20310.0,True,0.782258064516129,0.0526315789473684,0.4204545454545454,0.087719298245614,0.3357658717909142,2,19,0,54.07049998757429,5.199100007303059,69.8125000053551,2.351599992834963
EngineeringROI_B10,JILONG_EI_0179,1150,B10,195;225;58;69;217;13;128;35;44;46;174;105;235;91;133;103;5;177;94,0.1,19,124,19,0.133738159597522,20310.0,True,0.7050084889643463,0.0526315789473684,0.5083732057416268,0.087719298245614,0.3384331429747388,2,19,0,54.333399995812215,5.439599990495481,70.49899999401532,2.256200008559972
EngineeringROI_B10,JILONG_EI_0179,1160,B10,195;225;58;217;69;128;44;13;35;177;46;235;105;91;134;102;5;100;94,0.1,19,124,19,0.1258509391918279,20520.0,True,0.7236842105263158,0.0526315789473684,0.5115316380839741,0.087719298245614,0.343891681450818,2,19,0,54.45660000259522,4.762199998367578,70.07020000310149,2.2385999909602106
EngineeringROI_B10,JILONG_EI_0179,1170,B10,195;225;69;13;217;57;128;44;161;46;3;50;174;235;103;105;133;91;94,0.1,19,124,19,0.131540458377683,20520.0,True,0.7228353140916809,0.0526315789473684,0.5314645308924485,0.087719298245614,0.3486626805442779,2,19,0,54.70240001159255,4.797000001417473,69.80480000493117,2.346300010685809
EngineeringROI_B10,JILONG_EI_0179,1180,B10,195;225;58;217;69;128;60;35;102;46;235;133;27;90;177;174;40;147;100,0.1,19,124,19,0.1559372391665582,20520.0,True,0.7487266553480476,0.0526315789473684,0.4622425629290618,0.087719298245614,0.3378300238675229,2,19,0,54.75740000838414,5.621100004645996,70.925799998804,2.260200009914115
EngineeringROI_B10,JILONG_EI_0179,1190,B10,195;225;2;69;218;13;57;128;44;50;103;177;133;105;156;158;216;5;25,0.1,19,125,19,0.1494053954713571,20580.0,True,0.7094736842105264,0.0526315789473684,0.5194508009153317,0.087719298245614,0.3423188405797102,2,19,0,54.73389998951461,5.696699998225085,69.74669999908656,2.3355000012088567
EngineeringROI_B10,JILONG_EI_0179,1200,B10,195;225;3;58;69;218;13;128;44;177;46;35;216;25;133;156;119;105;158,0.1,19,124,19,0.1479121838411529,20670.0,True,0.767402376910017,0.0526315789473684,0.4804031354983202,0.087719298245614,0.3470390974003299,2,19,0,54.65959999128245,6.328899995423853,70.09229999675881,2.8812999953515828
EngineeringROI_B10,JILONG_EI_0179,1210,B10,195;225;3;69;57;128;218;13;192;161;35;44;119;105;133;25;174;156;87,0.1,19,124,19,0.1393740763146005,20700.0,True,0.7601867572156197,0.0526315789473684,0.4960806270996641,0.087719298245614,0.3491545653770666,2,19,0,54.557700001169,4.861599998548627,72.1728000062285,3.2407999970018864
EngineeringROI_B10,JILONG_EI_0179,1220,B10,195;225;13;58;69;3;128;218;44;46;161;50;105;133;157;103;214;25;100,0.1,19,124,19,0.1512585093919183,20760.0,True,0.7444821731748726,0.0526315789473684,0.4828375286041189,0.087719298245614,0.3419176447429935,2,19,0,54.55080000683665,4.874600010225549,70.45609998749569,2.638899997691624
EngineeringROI_B10,JILONG_EI_0179,1230,B10,195;225;2;69;13;57;218;128;44;161;35;135;46;133;206;103;157;105;25,0.1,19,125,19,0.1452626903844828,20790.0,True,0.759157894736842,0.0526315789473684,0.4919908466819221,0.087719298245614,0.3478749046529367,2,19,0,54.60620000667405,4.938600002788007,70.29819999297615,2.278100000694394
EngineeringROI_B10,JILONG_EI_0179,1240,B10,195;225;69;13;57;3;35;217;44;235;128;103;161;174;77;133;105;135;100,0.1,19,124,19,0.1438077662319761,20820.0,True,0.7419354838709676,0.0526315789473684,0.4923599320882852,0.087719298245614,0.3436615732880588,2,19,0,54.9546999973245,5.001600002287887,70.50889999663923,2.2778999991714954
EngineeringROI_B10,JILONG_EI_0179,1250,B10,195;225;217;13;69;58;3;46;235;128;27;102;177;50;90;77;157;100;147,0.1,19,124,19,0.1304760664976912,20850.0,True,0.7219864176570459,0.0526315789473684,0.5229202037351444,0.087719298245614,0.3463143746462931,2,19,0,54.46279999159742,4.771100007928908,70.45050000306219,2.263000002130866
EngineeringROI_B10,JILONG_EI_0179,1260,B10,195;225;3;217;69;57;128;13;35;46;235;44;161;157;147;105;103;133;77,0.1,19,124,19,0.1451095404736926,20910.0,True,0.7521222410865874,0.0526315789473684,0.5308432371250708,0.087719298245614,0.3558290888511601,2,19,0,54.23549999250099,4.718599986517802,69.53160000557546,2.337100013392046
EngineeringROI_B10,JILONG_EI_0179,1270,B10,195;225;58;217;69;3;13;46;35;44;235;128;103;156;177;89;77;133;121,0.1,19,124,19,0.1456761951436163,20940.0,True,0.7733446519524617,0.0526315789473684,0.4871220604703247,0.087719298245614,0.3502043974039422,2,19,0,54.79000000923406,6.449199994676746,70.1651999988826,2.2275000083027408
EngineeringROI_B10,JILONG_EI_0179,1280,B10,195;225;3;217;13;69;57;44;235;102;89;177;35;156;133;77;206;158;135,0.1,19,124,19,0.1569403710822338,20970.0,True,0.7597623089983022,0.0526315789473684,0.5028604118993135,0.087719298245614,0.3507433995226496,2,19,0,54.57760000717826,4.796899986104108,69.850600004429,2.541500012739561
EngineeringROI_B10,JILONG_EI_0179,1290,B10,195;225;217;3;69;57;13;35;89;235;135;44;161;128;147;103;156;174;91,0.1,19,124,19,0.1133309339847309,21060.0,True,0.7241086587436333,0.0526315789473684,0.5371853546910755,0.087719298245614,0.3504112226569228,2,19,0,54.5708999998169,4.713300004368648,70.93139999778941,2.576999992015772
EngineeringROI_B10,JILONG_EI_0179,1300,B10,195;225;58;217;69;128;3;91;89;35;44;235;156;177;133;49;135;14;174,0.1,19,124,19,0.1264865113216071,21060.0,True,0.7338709677419355,0.0526315789473684,0.4971395881006865,0.087719298245614,0.3428403582589011,2,19,0,55.95710000488907,4.936199999065138,70.62009999935981,2.281799999764189
EngineeringROI_B10,JILONG_EI_0179,1310,B10,225;195;2;217;69;57;44;46;35;89;235;177;133;157;103;91;121;100;49,0.1,19,125,19,0.1323904403825684,21090.0,True,0.7136842105263157,0.0526315789473684,0.5372807017543858,0.087719298245614,0.347828947368421,2,19,0,56.50630001036916,5.457599996589124,70.94819999474566,2.189199993154034
EngineeringROI_B10,JILONG_EI_0179,1320,B10,225;195;3;217;69;57;161;91;46;89;44;133;235;35;102;157;33;112;66,0.1,19,124,19,0.1368700752731811,21090.0,True,0.7190152801358234,0.0526315789473684,0.5506925207756234,0.087719298245614,0.3525146695261073,2,19,0,54.33319999428932,4.726500003016554,70.23700000718236,2.225799995358102
EngineeringROI_B10,JILONG_EI_0179,1330,B10,225;195;217;69;57;3;13;44;91;161;89;33;128;46;156;219;35;133;103,0.1,19,124,19,0.1266702912145553,21120.0,True,0.7678268251273344,0.0526315789473684,0.4991689750692522,0.087719298245614,0.3518366693473923,2,19,0,54.49599999701604,5.036500006099232,70.84230000327807,2.303000001120381
EngineeringROI_B10,JILONG_EI_0179,1340,B10,225;195;3;218;57;69;46;44;50;229;89;177;232;14;133;157;91;102;112,0.1,19,123,19,0.131976935623435,21120.0,True,0.7077449721865641,0.0526315789473684,0.5347144456886898,0.087719298245614,0.3457025737670591,2,19,0,55.059499994968064,4.709400003775954,70.72550000157207,2.2671000042464584
EngineeringROI_B10,JILONG_EI_0179,1350,B10,225;195;3;69;57;217;44;46;177;89;128;235;229;35;33;91;103;174;133,0.1,19,123,19,0.1247252873475201,21120.0,True,0.7394094993581515,0.0526315789473684,0.5100783874580067,0.087719298245614,0.3474596910022852,2,19,0,54.27379999309778,4.868899995926768,70.71229998837225,2.26759999350179
EngineeringROI_B10,JILONG_EI_0179,1360,B10,225;195;3;217;57;69;128;46;44;161;89;33;219;35;174;156;133;214;121,0.1,19,124,19,0.1290517723273426,21180.0,True,0.7117996604414262,0.0526315789473684,0.5397536394176933,0.087719298245614,0.3479760442630255,2,19,0,55.25419999321457,6.725300001562573,70.73900000250433,2.6753999991342425
EngineeringROI_B10,JILONG_EI_0179,1370,B10,195;225;3;217;57;69;128;13;44;219;89;46;35;177;133;156;49;102;158,0.1,19,124,19,0.137651139818211,21210.0,True,0.7635823429541596,0.0526315789473684,0.5204678362573099,0.087719298245614,0.356100264101113,2,19,0,54.92219999723602,4.833600003621541,71.39080000342801,2.2539000055985525
EngineeringROI_B10,JILONG_EI_0179,1380,B10,225;195;2;217;57;69;128;46;13;235;35;90;44;177;133;174;88;156;33,0.1,19,124,19,0.1214095917789127,21210.0,True,0.732597623089983,0.0526315789473684,0.5596133190118152,0.087719298245614,0.3581404548236951,2,19,0,54.44919998990372,4.763199991430156,70.19150000996888,2.3852000012993813
EngineeringROI_B10,JILONG_EI_0179,1390,B10,225;195;3;58;217;13;69;44;46;161;89;50;235;56;157;112;229;133;135,0.1,19,123,19,0.1372529500501565,21210.0,True,0.7342747111681643,0.0526315789473684,0.5495189586870403,0.087719298245614,0.3560361367620467,2,19,0,54.49590001080651,4.780999996000901,70.50049999088515,2.241499998490326
EngineeringROI_B10,JILONG_EI_0179,1400,B10,225;195;217;3;69;57;46;112;44;161;89;35;102;157;133;49;14;121;235,0.1,19,123,19,0.1343048142674457,21210.0,True,0.7013264869490801,0.0526315789473684,0.5554919908466819,0.087719298245614,0.3492923387471861,2,19,0,54.9106000107713,5.545299994992092,70.3613000077894,2.289500000188127
EngineeringROI_B10,JILONG_EI_0179,1410,B10,195;225;69;217;58;3;112;44;103;177;35;49;156;219;133;89;56;46;213,0.1,19,123,19,0.1484788385110765,21210.0,True,0.7424047924689772,0.0526315789473684,0.5200905489530276,0.087719298245614,0.3507115546537469,2,19,0,55.2973000012571,6.666500004939735,70.75450000411365,2.7714000025298446
EngineeringROI_B10,JILONG_EI_0179,1420,B10,195;225;2;69;217;58;44;219;161;112;35;157;56;102;49;89;133;213;171,0.1,19,124,19,0.1569863160554709,21210.0,True,0.716044142614601,0.0526315789473684,0.5274238227146814,0.087719298245614,0.3459547106305662,2,19,0,55.08380000537727,4.637799996999092,70.44830000086222,2.2921000054338947
EngineeringROI_B10,JILONG_EI_0179,1430,B10,195;225;69;3;217;58;46;13;161;44;235;112;157;49;229;35;105;133;119,0.1,19,123,19,0.1234005406191851,21240.0,True,0.7175866495507061,0.0526315789473684,0.5870032223415682,0.087719298245614,0.3612351872713142,2,19,0,54.062099996372126,5.394000007072464,70.05949999438599,2.331299998331815
EngineeringROI_B10,JILONG_EI_0179,1440,B10,195;225;69;217;3;57;13;60;161;90;219;119;128;157;206;46;49;35;133,0.1,19,123,19,0.1056351509675245,21240.0,True,0.7175866495507061,0.0526315789473684,0.5858585858585859,0.087719298245614,0.3609490281505685,2,19,0,55.1300000079209,6.826099997851998,70.24259999161586,2.204200005508028
EngineeringROI_B10,JILONG_EI_0189,10,B10,78;106;112;84;119;202;195;206;29;192;66;10;5;57;252;158;232;86;33,0.1,19,128,19,0.0889188382047767,,False,0.7265625,0.0,0.7112128146453088,0.0701754385964912,0.37698768831045,2,19,0,54.3922999931965,4.547500007902272,70.24050000472926,2.2452999983215705
EngineeringROI_B10,JILONG_EI_0189,20,B10,77;128;13;202;252;46;10;57;174;104;44;66;35;33;69;90;195;192;206,0.1,19,126,19,0.092625066045899,,False,0.6842105263157894,0.0,0.6819021237303786,0.087719298245614,0.3634579870729455,2,19,0,54.263099998934194,4.609700001310557,71.73979999788571,3.072999999858439
EngineeringROI_B10,JILONG_EI_0189,30,B10,86;77;74;29;128;105;49;195;134;252;100;27;201;206;177;174;35;219;25,0.1,19,126,19,0.1357137934467153,0.0,True,0.6733500417710945,0.0526315789473684,0.6783121597096189,0.0701754385964912,0.3686173047561432,2,19,0,54.36779999581631,5.237299992586486,70.00759999209549,2.273100006277673
EngineeringROI_B10,JILONG_EI_0189,40,B10,101;77;106;74;112;69;29;251;50;119;174;195;218;26;177;155;20;165;40,0.1,19,126,19,0.1448185556431913,1560.0,True,0.7234753550543025,0.0526315789473684,0.6707152496626181,0.087719298245614,0.3836353704774757,2,19,0,54.10549999214709,5.190399999264628,69.95750000351109,2.323799999430776
EngineeringROI_B10,JILONG_EI_0189,50,B10,61;86;106;58;84;13;66;158;128;202;19;120;156;195;251;27;190;177;94,0.1,19,124,19,0.1291513197693562,1800.0,True,0.6994906621392192,0.0394736842105263,0.6613879832324173,0.0701754385964912,0.3676319420446635,2,19,0,56.0548000066774,5.346799996914342,71.5933000028599,2.3520000104326755
EngineeringROI_B10,JILONG_EI_0189,60,B10,195;61;58;157;91;4;29;203;235;49;135;121;93;217;88;10;206;86;176,0.1,19,121,19,0.095695721757242,13980.0,True,0.7076989995650284,0.0526315789473684,0.6709340919867236,0.0701754385964912,0.3753600272739029,2,19,0,54.712700002710335,6.555600004503503,70.46830000763293,2.307699993252754
EngineeringROI_B10,JILONG_EI_0189,70,B10,195;60;218;46;157;13;57;91;34;252;104;232;4;66;93;27;69;155;25,0.1,19,123,19,0.1070977326155707,14430.0,True,0.7248609328198544,0.0526315789473684,0.6785714285714285,0.087719298245614,0.3859458096460664,2,19,0,55.235899999388494,5.106900003738701,71.28360000206158,2.64840001182165
EngineeringROI_B10,JILONG_EI_0189,80,B10,195;44;219;13;57;157;104;217;35;49;4;77;46;252;102;106;99;112;71,0.1,19,123,19,0.1172515717009594,14790.0,True,0.6534017971758664,0.0526315789473684,0.7216690374585112,0.0526315789473684,0.3700834981322786,1,19,0,56.467000002157874,4.818800007342361,70.44239999959245,3.184999994118698
EngineeringROI_B10,JILONG_EI_0189,90,B10,195;44;157;33;252;155;218;74;120;192;41;51;88;14;78;46;23;134;216,0.1,19,123,19,0.1189898231884279,14790.0,True,0.6833547282841249,0.0526315789473684,0.630576441102757,0.0526315789473684,0.3547985818204047,1,19,0,55.84899999666959,4.807399993296713,70.67390000156593,2.553500002250076
EngineeringROI_B10,JILONG_EI_0189,100,B10,195;28;61;90;33;219;158;121;252;155;4;201;58;51;70;88;133;176;26,0.1,19,120,19,0.1469090519254772,14790.0,True,0.6710526315789473,0.0526315789473684,0.6524231370505471,0.0526315789473684,0.3571847316310578,1,19,0,55.04789999395143,4.7636000090278685,71.15989999147132,2.26539999130182
EngineeringROI_B10,JILONG_EI_0189,110,B10,195;28;60;91;235;158;202;121;155;49;4;128;89;103;68;41;78;176;35,0.1,19,118,19,0.1257437342542748,14790.0,True,0.6672613737734165,0.0526315789473684,0.6621052631578946,0.0526315789473684,0.358657448706512,1,19,0,54.52869999862742,4.782799995155074,71.11920000170358,2.3120999976526946
EngineeringROI_B10,JILONG_EI_0189,120,B10,195;27;13;202;235;104;61;74;156;20;158;33;66;213;135;177;106;69;147,0.1,19,119,19,0.1171520242589458,14790.0,True,0.6377708978328173,0.0526315789473684,0.6973684210526316,0.087719298245614,0.3688725490196079,2,19,0,55.365200008964166,4.73220000276342,71.03510000160895,2.299600004334934
EngineeringROI_B10,JILONG_EI_0189,130,B10,195;27;235;29;217;104;61;90;157;155;229;69;185;203;58;4;35;94;25,0.1,19,117,19,0.1394276787833771,14850.0,True,0.659919028340081,0.0526315789473684,0.6568627450980391,0.087719298245614,0.3642831626577757,2,19,0,54.51490000996273,4.764100012835115,71.118200008641,2.2711999918101355
EngineeringROI_B10,JILONG_EI_0189,140,B10,195;27;202;61;174;104;69;74;252;155;29;192;34;215;233;106;213;20;94,0.1,19,118,19,0.1211645519216485,14850.0,True,0.6940231935771632,0.0526315789473684,0.6596163305459911,0.087719298245614,0.3734976003290342,2,19,0,55.13470000005327,4.869800002779812,70.20489999558777,2.327199996216222
EngineeringROI_B10,JILONG_EI_0189,150,B10,195;27;202;106;74;29;235;104;3;170;215;60;176;86;158;35;32;229;156,0.1,19,119,19,0.1202456524569074,15060.0,True,0.6674038036267139,0.0526315789473684,0.6837044534412955,0.0701754385964912,0.3684788186529673,2,19,0,54.24690000654664,4.887299990514293,70.40939999569673,2.2631000028923154
EngineeringROI_B10,JILONG_EI_0189,160,B10,195;26;106;217;219;74;29;186;60;4;155;174;88;32;35;215;40;206;69,0.1,19,120,19,0.1120751047162515,15060.0,True,0.6482456140350878,0.0526315789473684,0.6370927318295738,0.087719298245614,0.356422305764411,2,19,0,55.33050000667572,5.715100007364526,70.61169999360573,2.303399989614263
EngineeringROI_B10,JILONG_EI_0189,170,B10,195;58;26;106;217;186;219;29;174;156;20;61;49;86;112;177;88;55;135,0.1,19,120,19,0.137214662572459,15060.0,True,0.6635964912280702,0.0526315789473684,0.6264189886480908,0.0701754385964912,0.3532056243550052,2,19,0,55.17169999075122,5.339199997251853,70.3983999992488,2.321599997230805
EngineeringROI_B10,JILONG_EI_0189,180,B10,195;10;58;106;201;29;232;235;50;69;174;88;61;156;20;93;120;133;229,0.1,19,120,19,0.1063090105750013,15240.0,True,0.6609649122807016,0.0526315789473684,0.5944272445820434,0.087719298245614,0.3489357585139318,2,19,0,54.95879999944009,5.470999996759929,69.64030000381172,2.2394999978132546
EngineeringROI_B10,JILONG_EI_0189,190,B10,195;25;58;106;29;202;233;174;69;27;49;155;60;88;177;120;78;102;206,0.1,19,119,19,0.1360200932682956,15240.0,True,0.6789031402034498,0.0526315789473684,0.5882352941176471,0.087719298245614,0.3518723278785198,2,19,0,54.30960000376217,5.406500000390224,69.83860000036657,2.2957000037422404
EngineeringROI_B10,JILONG_EI_0189,200,B10,195;25;58;90;186;29;121;216;174;50;60;155;69;88;27;78;218;5;229,0.1,19,120,19,0.1262338139688033,15240.0,True,0.7057017543859649,0.0526315789473684,0.5951016154247004,0.087719298245614,0.3602885617509119,2,19,0,55.05919999268372,5.634999994072132,70.34089999797288,2.262099995277822
EngineeringROI_B10,JILONG_EI_0189,210,B10,195;41;10;90;201;232;29;157;60;88;155;69;120;235;49;78;23;176;20,0.1,19,121,19,0.1128178817835838,15240.0,True,0.6685515441496303,0.0526315789473684,0.6290240163515586,0.087719298245614,0.3594816094235428,2,19,0,55.08379999082536,5.498099999385886,70.2443000045605,2.2560000070370734
EngineeringROI_B10,JILONG_EI_0189,220,B10,195;58;40;90;29;233;10;201;219;69;49;88;157;155;121;78;60;135;176,0.1,19,119,19,0.1195947653360492,15240.0,True,0.6890756302521008,0.0526315789473684,0.6424148606811146,0.087719298245614,0.3679603420315494,2,19,0,54.00360000203364,5.163699999684468,71.14970000111498,2.9746000072918832
EngineeringROI_B10,JILONG_EI_0189,230,B10,195;40;58;106;233;10;29;201;88;219;174;52;50;60;120;86;155;78;177,0.1,19,120,19,0.1357980258976499,15240.0,True,0.7092105263157895,0.0526315789473684,0.6422064777327936,0.0701754385964912,0.3685560053981106,2,19,0,54.18429999554064,6.819599992013536,70.14779999735765,2.599899991764687
EngineeringROI_B10,JILONG_EI_0189,240,B10,195;58;106;233;29;219;88;10;40;201;120;78;51;60;174;86;49;172;99,0.1,19,121,19,0.1298634668545305,15240.0,True,0.7203131796433231,0.0526315789473684,0.6007085020242914,0.0701754385964912,0.3609571748028686,2,19,0,54.46369999845047,4.724700003862381,71.32210000418127,3.4703999990597367
EngineeringROI_B10,JILONG_EI_0189,250,B10,195;58;233;90;29;10;88;219;23;201;120;174;51;60;86;49;78;177;56,0.1,19,122,19,0.1253838319639179,15180.0,True,0.7200172562553926,0.0526315789473684,0.5829959514170039,0.0701754385964912,0.3564550563040641,2,19,0,54.69330000050832,5.190700001548976,69.66200000897516,2.671499998541549
EngineeringROI_B10,JILONG_EI_0189,260,B10,195;58;88;29;90;219;233;10;201;24;174;66;120;35;60;78;86;177;170,0.1,19,121,19,0.1273364933264926,15180.0,True,0.6624619399739017,0.0526315789473684,0.6244939271255061,0.0701754385964912,0.3524407211608168,2,19,0,54.76499999349471,4.765699995914474,70.973399997456,3.182599990395829
EngineeringROI_B10,JILONG_EI_0189,270,B10,195;58;88;90;29;10;219;233;23;35;49;201;78;112;174;60;86;120;170,0.1,19,121,19,0.1110566578094968,15150.0,True,0.6772509786863853,0.0526315789473684,0.6336032388663967,0.0701754385964912,0.3584153087741604,2,19,0,54.70819999754895,5.160200002137572,70.48140000551939,3.008600004250184
EngineeringROI_B10,JILONG_EI_0189,280,B10,195;58;89;29;233;10;49;219;78;91;35;201;174;23;86;120;170;60;128,0.1,19,122,19,0.1130169766676111,15150.0,True,0.6639344262295083,0.0526315789473684,0.6085213032581454,0.0701754385964912,0.3488156867578782,2,19,0,57.90450000495184,4.841699992539361,70.58839999081101,2.3498999944422394
EngineeringROI_B10,JILONG_EI_0189,290,B10,195;58;90;29;233;10;88;78;23;201;49;219;35;60;174;206;86;120;55,0.1,19,122,19,0.1204370898453951,15150.0,True,0.6932700603968939,0.0526315789473684,0.6176762661370406,0.0701754385964912,0.3584383360194486,2,19,0,54.43139999988489,4.739100011647679,69.69079999544192,2.2372999956132844
EngineeringROI_B10,JILONG_EI_0189,300,B10,195;58;46;105;10;233;23;78;13;219;34;201;91;60;157;72;86;66;36,0.1,19,121,19,0.1119219548054613,15150.0,True,0.6559373640713354,0.0526315789473684,0.6528247223563496,0.0701754385964912,0.3578922759928861,2,19,0,54.16929999773856,4.880199994659051,70.04269999742974,2.2514000011142343
EngineeringROI_B10,JILONG_EI_0189,310,B10,195;58;90;29;78;217;88;10;219;24;35;102;49;174;69;60;120;186;176,0.1,19,121,19,0.1030775474573286,15150.0,True,0.6250543714658547,0.0526315789473684,0.6529294935451838,0.087719298245614,0.3545836855510052,2,19,0,54.617099987808615,5.362100011552684,69.8497999983374,2.198400004999712
EngineeringROI_B10,JILONG_EI_0189,320,B10,195;58;90;217;23;78;29;10;88;35;219;49;69;176;102;120;158;186;60,0.1,19,121,19,0.0979010804726206,15150.0,True,0.6520226185297955,0.0526315789473684,0.6576487948844073,0.087719298245614,0.3625055726517963,2,19,0,54.73279999569058,5.1767999975709245,70.96859999001026,2.2552000009454787
EngineeringROI_B10,JILONG_EI_0189,330,B10,195;58;105;46;217;78;35;23;10;66;13;119;219;69;60;91;72;174;186,0.1,19,122,19,0.0832676064966192,15150.0,True,0.6626402070750647,0.0526315789473684,0.6438760452533202,0.087719298245614,0.3617167823803418,2,19,0,55.14680000487715,5.712199999834411,70.4288999986602,2.26249999832362
EngineeringROI_B10,JILONG_EI_0189,340,B10,195;58;90;23;217;78;35;29;119;219;10;69;66;172;174;88;33;186;60,0.1,19,123,19,0.0855342251763138,15150.0,True,0.6765083440308087,0.0526315789473684,0.621345029239766,0.087719298245614,0.3595510626158892,2,19,0,55.06860000605229,4.780899995239452,71.07530000212137,2.2160000080475584
EngineeringROI_B10,JILONG_EI_0189,350,B10,195;58;90;23;119;217;46;35;219;78;13;69;88;33;172;174;26;60;66,0.1,19,123,19,0.1051220987663774,15150.0,True,0.6765083440308087,0.0526315789473684,0.6483030004918838,0.087719298245614,0.3662905554289188,2,19,0,54.82699999993201,5.571100002271123,70.41000000026543,2.239599998574704
EngineeringROI_B10,JILONG_EI_0189,360,B10,195;58;90;23;78;217;119;219;29;35;69;33;71;25;27;60;66;158;101,0.1,19,123,19,0.1667649378594237,15180.0,True,0.7351305091998289,0.0526315789473684,0.5653021442495125,0.087719298245614,0.3601958826605809,2,19,0,54.80520000855904,4.849899996770546,70.7910999917658,2.723099998547696
EngineeringROI_B10,JILONG_EI_0189,370,B10,195;58;90;218;46;78;24;119;69;13;35;232;174;49;26;88;44;172;101,0.1,19,123,19,0.1510900444900491,15180.0,True,0.685066324347454,0.0526315789473684,0.5917363502213476,0.087719298245614,0.3542883879404461,2,19,0,54.949900004430674,4.799599992111325,70.1658000034513,2.546000003349036
EngineeringROI_B10,JILONG_EI_0189,380,B10,195;58;90;218;46;78;69;120;49;172;13;23;35;174;88;232;200;44;26,0.1,19,123,19,0.1219149864845203,15180.0,True,0.6970474967907574,0.0526315789473684,0.5919845485272816,0.087719298245614,0.3573457306277554,2,19,0,54.901800001971424,4.721899997093715,69.86170000163838,2.3702000034973025
EngineeringROI_B10,JILONG_EI_0189,390,B10,195;58;90;218;93;46;13;120;69;200;174;88;50;24;44;232;172;26;176,0.1,19,123,19,0.1058419033470913,15180.0,True,0.7077449721865641,0.0526315789473684,0.5596330275229358,0.087719298245614,0.3519322192256205,2,19,0,54.89230000239331,4.832099992199801,70.67299999471288,2.2735999955330044
EngineeringROI_B10,JILONG_EI_0189,400,B10,195;58;90;218;93;13;119;46;69;50;60;200;25;88;174;172;176;206;27,0.1,19,123,19,0.0966069637264436,15180.0,True,0.7218656397090288,0.0526315789473684,0.534850640113798,0.087719298245614,0.3492667892539522,2,19,0,54.13280001084786,5.304699996486306,69.94460000714753,2.287600000272505
EngineeringROI_B10,JILONG_EI_0189,410,B10,195;58;90;218;46;78;119;13;23;69;174;35;44;232;33;200;66;25;71,0.1,19,122,19,0.1352313712277262,15180.0,True,0.7070750647109577,0.0526315789473684,0.5745204131824889,0.087719298245614,0.3554865887716072,2,19,0,53.970299995853566,5.399200003012084,69.93070000316948,2.394299997831695
EngineeringROI_B10,JILONG_EI_0189,420,B10,195;58;90;219;46;119;217;13;93;69;35;23;60;49;174;27;172;25;88,0.1,19,123,19,0.0980465728878712,15180.0,True,0.7441163885323064,0.0526315789473684,0.5552873008208595,0.087719298245614,0.359938641636537,2,19,0,54.4233999971766,5.491000003530644,69.96979999530595,2.2570000000996515
EngineeringROI_B10,JILONG_EI_0189,430,B10,195;58;46;90;218;78;13;69;49;35;174;104;135;24;232;44;172;26;192,0.1,19,124,19,0.1295801395195687,15180.0,True,0.6778438030560272,0.0526315789473684,0.6181818181818182,0.087719298245614,0.3590941246077069,2,19,0,54.42849999235477,4.839100001845509,71.4192000014009,3.9311000000452623
EngineeringROI_B10,JILONG_EI_0189,440,B10,195;58;90;13;218;46;93;69;119;174;34;44;88;23;66;232;25;156;3,0.1,19,124,19,0.0987663774685851,15180.0,True,0.6876061120543294,0.0526315789473684,0.5985645933014353,0.087719298245614,0.3566303956371868,2,19,0,55.10769999818877,4.830900012166239,71.21769999503158,2.236400003312156
EngineeringROI_B10,JILONG_EI_0189,450,B10,195;58;13;90;219;78;217;46;34;69;44;174;104;135;23;176;66;156;20,0.1,19,124,19,0.1051833587306935,15180.0,True,0.6846349745331068,0.0526315789473684,0.62453007518797,0.087719298245614,0.3623789817285148,2,19,0,54.34259999310598,5.322099998011254,70.47969999257475,2.2689000034006312
EngineeringROI_B10,JILONG_EI_0189,460,B10,195;58;13;78;89;217;34;69;235;60;46;174;135;103;176;24;27;3;66,0.1,19,124,19,0.1180249787504498,15180.0,True,0.6634125636672326,0.0526315789473684,0.6181818181818182,0.087719298245614,0.3554863147605083,2,19,0,53.95380000118166,5.622900003800169,69.56659999559633,2.217799992649816
EngineeringROI_B10,JILONG_EI_0189,470,B10,195;58;90;13;217;34;93;84;61;119;174;88;235;176;70;24;27;3;156,0.1,19,124,19,0.1140583960609843,15180.0,True,0.7041595925297113,0.0526315789473684,0.6154970760233919,0.0526315789473684,0.35622995661196,1,19,0,54.82530000153929,5.629399995086715,69.86080000933725,2.166000005672686
EngineeringROI_B10,JILONG_EI_0189,480,B10,195;58;13;90;46;218;84;78;35;44;174;88;49;119;176;232;24;86;26,0.1,19,123,19,0.138960571555467,15180.0,True,0.7428326914848096,0.0526315789473684,0.5882066276803118,0.0701754385964912,0.3634615841772453,2,19,0,54.22710000129882,4.790300008608028,69.78930000332184,2.219299989519641
EngineeringROI_B10,JILONG_EI_0189,490,B10,195;58;13;90;84;35;218;78;46;60;49;174;86;119;88;23;232;176;27,0.1,19,123,19,0.1120215022474749,15180.0,True,0.753530166880616,0.0526315789473684,0.5638401559454191,0.0701754385964912,0.3600443350924738,2,19,0,54.53179999312852,4.7778000007383525,70.1136999996379,2.7982000028714538
EngineeringROI_B10,JILONG_EI_0189,500,B10,195;58;13;90;219;35;217;84;49;93;61;86;158;119;27;3;206;176;24,0.1,19,123,19,0.1166619445444173,15180.0,True,0.7270004278990158,0.0526315789473684,0.5861244019138755,0.0701754385964912,0.3589829618391877,2,19,0,54.52919998788275,4.779700000653975,70.84580000082497,2.2889999963808805
EngineeringROI_B10,JILONG_EI_0189,510,B10,195;58;13;90;46;78;218;84;35;232;49;60;174;86;119;27;206;192;121,0.1,19,123,19,0.1109188228897856,15180.0,True,0.6906290115532736,0.0526315789473684,0.6276438760452534,0.0701754385964912,0.3602699762855966,2,19,0,53.81539999507368,4.766800004290417,71.47490000352263,3.0097999988356605
EngineeringROI_B10,JILONG_EI_0189,520,B10,195;58;13;84;90;34;217;46;78;60;86;119;235;3;158;27;206;192;24,0.1,19,123,19,0.1226577635518527,15180.0,True,0.6662387676508343,0.0526315789473684,0.619773733398918,0.0701754385964912,0.352204879648403,2,19,0,54.12200000137091,5.51820000691805,69.43750000209548,2.417900002910756
EngineeringROI_B10,JILONG_EI_0189,530,B10,195;58;29;84;219;78;217;34;106;86;135;174;3;60;88;27;171;176;24,0.1,19,122,19,0.1266626337190158,15180.0,True,0.7053494391716997,0.0526315789473684,0.5764879488440728,0.0701754385964912,0.351161101389908,2,19,0,54.340000002412125,5.266599997412413,71.43029999861028,2.9638999985763803
EngineeringROI_B10,JILONG_EI_0189,540,B10,195;29;58;84;219;51;93;217;90;174;49;86;60;134;3;27;120;128;176,0.1,19,123,19,0.0962700339227052,15180.0,True,0.7103123662815576,0.0526315789473684,0.5964912280701755,0.0701754385964912,0.3574026529738981,2,19,0,54.24050000146963,4.6396000107051805,69.99580000410788,2.2185999987414107
EngineeringROI_B10,JILONG_EI_0189,550,B10,195;58;84;29;219;34;217;78;90;174;134;86;3;60;120;171;27;128;177,0.1,19,124,19,0.1204600623320136,15180.0,True,0.6893039049235993,0.0526315789473684,0.6209560598744568,0.0701754385964912,0.3582667455854789,2,19,0,54.69279999670107,5.013300004065968,71.23839999258053,2.280500004417263
EngineeringROI_B10,JILONG_EI_0189,560,B10,195;84;46;219;41;13;74;35;217;78;49;3;174;86;106;44;134;177;171,0.1,19,124,19,0.1307211063549555,15180.0,True,0.6676570458404075,0.0526315789473684,0.6778752436647174,0.0701754385964912,0.3670848267622461,2,19,0,55.913699994562194,5.095499989693053,71.02640000812244,2.3474000045098364
EngineeringROI_B10,JILONG_EI_0189,570,B10,195;58;29;219;84;34;232;91;78;60;86;174;105;3;201;147;27;134;66,0.1,19,126,19,0.1213636468056757,15180.0,True,0.677109440267335,0.0526315789473684,0.6564593301435405,0.0701754385964912,0.3640939469886838,2,19,0,55.01909999293275,4.820999994990416,70.48179999401327,2.6191000069957227
EngineeringROI_B10,JILONG_EI_0189,580,B10,195;84;29;58;219;35;78;90;217;88;86;3;174;49;27;60;23;147;121,0.1,19,126,19,0.1149313505524883,15180.0,True,0.7360066833751044,0.0526315789473684,0.5860597439544808,0.0701754385964912,0.3612183612183612,2,19,0,55.189100006828085,6.221400006324984,70.17429999541491,2.290400007041171
EngineeringROI_B10,JILONG_EI_0189,590,B10,195;58;29;219;84;90;174;35;217;93;60;103;3;206;27;24;171;121;55,0.1,19,126,19,0.1091346264290801,15180.0,True,0.7314118629908105,0.0526315789473684,0.6014354066985645,0.0526315789473684,0.359527606896028,1,19,0,54.778799996711314,4.869700002018362,70.64289999834727,2.964499988593161
EngineeringROI_B10,JILONG_EI_0189,600,B10,195;58;29;90;218;83;35;232;78;174;3;86;60;88;27;49;147;156;135,0.1,19,125,19,0.1234847730701196,15180.0,True,0.7494736842105263,0.0526315789473684,0.5494343334972946,0.0701754385964912,0.3554287588129202,2,19,0,54.48060001072008,4.719400007161312,70.84749999921769,2.280800006701611
EngineeringROI_B10,JILONG_EI_0189,610,B10,195;29;58;84;90;34;218;78;3;86;119;174;60;88;27;147;232;192;121,0.1,19,125,19,0.1101301008492162,15180.0,True,0.704,0.0526315789473684,0.5923444976076555,0.0701754385964912,0.3547878787878787,2,19,0,54.50709999422543,5.426799994893372,70.63770000240766,2.237499997136183
EngineeringROI_B10,JILONG_EI_0189,620,B10,195;58;84;29;51;93;90;217;3;119;86;174;61;27;88;177;235;171;147,0.1,19,126,19,0.1173434616474335,15180.0,True,0.6921470342522975,0.0526315789473684,0.5842105263157895,0.0701754385964912,0.3497911445279866,2,19,0,54.51030000403989,4.840499997953884,70.69920000503771,2.4174999998649582
EngineeringROI_B10,JILONG_EI_0189,630,B10,195;58;29;83;78;217;34;3;60;91;206;119;86;105;174;27;177;147;219,0.1,19,127,19,0.1151763904097525,15180.0,True,0.6738499792789059,0.0526315789473684,0.6377990430622009,0.0701754385964912,0.3586140099712416,2,19,0,54.31220000900794,5.156900006113574,69.90670000959653,2.650599999469705
EngineeringROI_B10,JILONG_EI_0189,640,B10,195;58;84;29;90;217;3;34;93;60;174;86;27;88;177;66;171;165;128,0.1,19,126,19,0.1056351509675245,15180.0,True,0.7268170426065164,0.0526315789473684,0.5731530661516175,0.0701754385964912,0.3556942815754983,2,19,0,54.95590000646189,5.033499997807667,70.31010001082905,2.2738999978173524
EngineeringROI_B10,JILONG_EI_0189,650,B10,195;58;84;29;93;3;218;174;51;90;86;27;88;165;61;49;177;24;128,0.1,19,126,19,0.128094585384904,15180.0,True,0.7819548872180452,0.0526315789473684,0.5248538011695906,0.0701754385964912,0.3574039264828739,2,19,0,54.4913999910932,4.8211999965133145,70.49180001195055,2.292499993927777
EngineeringROI_B10,JILONG_EI_0189,660,B10,195;58;84;29;90;78;3;218;174;34;86;60;165;27;25;177;88;232;147,0.1,19,126,19,0.1371151151304454,15180.0,True,0.7543859649122807,0.0526315789473684,0.535885167464115,0.0701754385964912,0.3532695374800638,2,19,0,54.79840000043623,5.297999989124946,69.56170000194106,2.374399991822429
EngineeringROI_B10,JILONG_EI_0189,670,B10,195;58;29;90;93;3;174;217;68;60;86;147;35;128;165;27;25;88;177,0.1,19,127,19,0.1281864753313781,15180.0,True,0.7625362619146291,0.0526315789473684,0.5401913875598087,0.0701754385964912,0.3563836667545743,2,19,0,54.32910000672564,4.789700004039332,70.16469999507535,3.159900006721728
EngineeringROI_B10,JILONG_EI_0189,680,B10,195;58;29;174;78;3;218;90;35;147;86;88;60;206;128;27;171;177;165,0.1,19,127,19,0.1266856062056343,15180.0,True,0.7472026523000413,0.0526315789473684,0.5538169748696063,0.0701754385964912,0.3559566611783769,2,19,0,54.12030000297818,4.789200000232086,69.97090000368189,2.428800013149157
EngineeringROI_B10,JILONG_EI_0189,690,B10,195;58;29;174;3;90;218;93;51;147;86;60;27;165;49;171;216;128;88,0.1,19,126,19,0.1089891340138294,15180.0,True,0.7539682539682541,0.0526315789473684,0.522488038277512,0.0701754385964912,0.3498158274474064,2,19,0,55.8588999992935,5.154300000867806,70.80299999506678,2.357999997911975
EngineeringROI_B10,JILONG_EI_0189,700,B10,195;58;29;174;3;90;78;35;147;217;86;88;60;27;49;156;170;128;25,0.1,19,127,19,0.1495049429133707,15180.0,True,0.778284293410692,0.0526315789473684,0.5014354066985645,0.0701754385964912,0.3506316794132791,2,19,0,55.22009999549482,6.651499992585741,71.13519999256823,2.466300007654354
EngineeringROI_B10,JILONG_EI_0189,710,B10,195;58;218;29;174;3;90;93;35;60;86;147;88;27;25;216;192;170;156,0.1,19,126,19,0.1296490569794243,15180.0,True,0.7606516290726816,0.0526315789473684,0.5105263157894737,0.0701754385964912,0.3484962406015038,2,19,0,55.231299993465655,4.8977000114973634,72.0973999996204,3.3733999880496413
EngineeringROI_B10,JILONG_EI_0189,720,B10,195;58;29;78;3;217;174;35;86;147;91;105;206;60;27;25;49;100;192,0.1,19,126,19,0.1378196047200802,15180.0,True,0.720969089390142,0.0526315789473684,0.5395966551893752,0.0701754385964912,0.3458431905308443,2,19,0,54.35590000706725,5.582899990258738,70.08559998939745,2.234999992651865
EngineeringROI_B10,JILONG_EI_0189,730,B10,195;58;84;29;217;174;35;3;105;103;147;93;61;49;25;27;171;177;219,0.1,19,126,19,0.1192578355323108,15180.0,True,0.6984126984126985,0.0526315789473684,0.5937038858829315,0.0526315789473684,0.3493449355475916,1,19,0,53.93500000354834,5.553900002269074,69.6338999987347,2.2431999968830496
EngineeringROI_B10,JILONG_EI_0189,740,B10,195;57;174;29;217;90;78;3;60;35;86;206;66;147;27;25;166;116;177,0.1,19,126,19,0.1542908776255638,15750.0,True,0.7631578947368421,0.0350877192982456,0.5058479532163742,0.0701754385964912,0.3435672514619883,2,19,0,54.51230000471696,4.791999992448837,71.20369999029208,2.9131999908713624
EngineeringROI_B10,JILONG_EI_0189,750,B10,195;58;84;174;29;218;35;3;86;232;78;105;166;60;27;147;177;25;5,0.1,19,126,19,0.1372529500501565,15750.0,True,0.72890559732665,0.0350877192982456,0.5351696999508117,0.0701754385964912,0.3423346137930496,2,19,0,54.567500003031455,4.820199988898821,69.94980000308715,2.21800000872463
EngineeringROI_B10,JILONG_EI_0189,760,B10,195;58;174;35;44;217;93;86;3;13;105;46;147;177;165;219;26;206;213,0.1,19,126,19,0.1213559893101362,15750.0,True,0.6223893065998329,0.0350877192982456,0.6082423038728898,0.0701754385964912,0.3339736920918648,2,19,0,54.54230000032112,4.791500003193505,71.92050000594463,2.396099996985868
EngineeringROI_B10,JILONG_EI_0189,770,B10,195;58;174;35;217;29;78;60;3;86;105;165;27;147;213;206;192;116;156,0.1,19,125,19,0.1431032766423413,15750.0,True,0.7183157894736842,0.0350877192982456,0.5398496240601505,0.0701754385964912,0.3408571428571428,2,19,0,54.64879999635741,5.332399989129044,70.17969999287743,2.1874999947613105
EngineeringROI_B10,JILONG_EI_0189,780,B10,195;74;41;35;174;29;217;88;78;3;60;86;27;165;147;49;120;192;116,0.1,19,124,19,0.1464266297064882,15750.0,True,0.7614601018675721,0.0350877192982456,0.5312810327706058,0.0701754385964912,0.3495010731332286,2,19,0,54.36220001138281,6.311100005405024,71.59540000429843,2.300699998158961
EngineeringROI_B10,JILONG_EI_0189,790,B10,195;58;90;174;218;29;35;93;60;232;86;3;49;120;165;147;27;25;5,0.1,19,125,19,0.1153831427893193,15750.0,True,0.7654736842105264,0.0350877192982456,0.5106275303643725,0.0701754385964912,0.3453410931174088,2,19,0,55.1329000008991,4.740799995488487,71.11659999645781,2.332899995963089
EngineeringROI_B10,JILONG_EI_0189,800,B10,195;58;35;174;44;90;217;78;86;13;3;120;46;49;147;165;177;25;213,0.1,19,125,19,0.1411889027574641,15750.0,True,0.6816842105263158,0.0350877192982456,0.586395233366435,0.0701754385964912,0.3433356504468718,2,19,0,54.29949999961536,4.75969999388326,70.81879999896046,2.231399994343519
EngineeringROI_B10,JILONG_EI_0189,810,B10,195;74;41;35;174;218;29;93;60;86;88;3;120;232;27;177;213;33;148,0.1,19,126,19,0.1412425052262407,15750.0,True,0.7589807852965748,0.0350877192982456,0.5258097165991904,0.0701754385964912,0.3475134149476255,2,19,0,54.91459999757353,6.808500009356067,71.04660000186414,2.6683000032790005
EngineeringROI_B10,JILONG_EI_0189,820,B10,195;57;29;174;51;3;201;78;103;60;177;27;105;100;25;148;235;214;134,0.1,19,126,19,0.1654401911310886,15750.0,True,0.6507936507936507,0.0350877192982456,0.5964912280701755,0.0526315789473684,0.3337510442773601,1,19,0,56.4687000005506,5.669899997883476,71.6178000002401,2.6723999908426777
EngineeringROI_B10,JILONG_EI_0189,830,B10,195;74;83;174;3;201;35;44;41;103;13;93;177;105;134;46;214;219;116,0.1,19,126,19,0.115965112450322,15750.0,True,0.6311612364243944,0.0350877192982456,0.6782522343594837,0.0526315789473684,0.349283192257373,1,19,0,54.67840000346769,5.026999991969205,70.28990000253543,2.224900003056973
EngineeringROI_B10,JILONG_EI_0189,840,B10,195;58;83;218;174;44;93;35;13;3;102;105;177;91;134;216;25;206;69,0.1,19,126,19,0.1107197280057584,15750.0,True,0.6453634085213033,0.0350877192982456,0.6241310824230387,0.087719298245614,0.3480753771220504,2,19,0,54.43599999125581,4.805500007933006,70.08149998728186,2.5938999897334725
EngineeringROI_B10,JILONG_EI_0189,850,B10,195;58;60;174;217;13;93;90;69;102;51;88;206;4;121;27;161;165;133,0.1,19,126,19,0.1143953258647226,15750.0,True,0.6436925647451962,0.0350877192982456,0.6148785425101214,0.087719298245614,0.3453445311997943,2,19,0,54.65069999627303,4.671999995480292,69.98030000249855,2.243900002213195
EngineeringROI_B10,JILONG_EI_0189,860,B10,195;58;78;174;13;217;35;44;69;102;206;106;165;161;120;88;133;46;25,0.1,19,126,19,0.1468860794388587,15750.0,True,0.6741854636591478,0.0350877192982456,0.5690463783220427,0.087719298245614,0.3415097148812626,2,19,0,55.08109999937005,5.45599999895785,69.87170000502374,2.273000005516224
EngineeringROI_B10,JILONG_EI_0189,870,B10,195;74;84;174;13;93;217;41;35;60;86;120;117;161;27;206;165;155;219,0.1,19,126,19,0.1308053388058901,15750.0,True,0.6858813700918964,0.0350877192982456,0.5827455236028215,0.0701754385964912,0.3434725128973636,2,19,0,55.96529999456834,6.614899990381673,72.07609999750275,3.046300000278279
EngineeringROI_B10,JILONG_EI_0189,880,B10,195;58;174;13;217;93;35;103;61;69;128;105;27;3;161;66;116;25;156,0.1,19,125,19,0.1426285119188918,15750.0,True,0.6943157894736843,0.0350877192982456,0.5026852846401718,0.087719298245614,0.3299520229144289,2,19,0,54.90499999723397,5.758800005423836,70.37889999628533,2.4452000070596114
EngineeringROI_B10,JILONG_EI_0189,890,B10,195;58;174;60;218;13;93;35;103;69;200;128;27;105;3;5;25;116;91,0.1,19,125,19,0.1189745081973489,15750.0,True,0.7250526315789474,0.0350877192982456,0.510204081632653,0.087719298245614,0.339515932688865,2,19,0,56.25779999536462,4.9949999956879765,71.97910000104457,2.504399992176332
EngineeringROI_B10,JILONG_EI_0189,900,B10,195;58;13;174;44;35;78;217;128;69;103;206;121;116;49;172;25;161;235,0.1,19,126,19,0.1382177944881347,15750.0,True,0.6290726817042607,0.0350877192982456,0.5945220193340495,0.087719298245614,0.3366004296455424,2,19,0,56.31149999680929,5.3472999861696735,70.00069999776315,2.3286999930860475
EngineeringROI_B10,JILONG_EI_0189,910,B10,195;58;13;174;218;90;35;93;69;103;44;232;128;49;161;121;25;116;71,0.1,19,125,19,0.1322908929405548,15750.0,True,0.7035789473684211,0.0350877192982456,0.5513024986709197,0.087719298245614,0.3444221158958001,2,19,0,54.2801999981748,5.153599995537661,69.8013999935938,2.192599989939481
EngineeringROI_B10,JILONG_EI_0189,920,B10,195;58;174;217;90;13;69;3;60;103;35;93;128;206;71;27;46;161;25,0.1,19,126,19,0.1236379229809098,15750.0,True,0.7230576441102758,0.0350877192982456,0.523249872253449,0.087719298245614,0.3422786334768961,2,19,0,56.65250000311062,6.540300004417077,70.0518999947235,2.541900001233444
EngineeringROI_B10,JILONG_EI_0189,930,B10,195;58;217;13;174;3;69;88;44;35;102;93;219;128;25;177;164;133;121,0.1,19,126,19,0.1465185196529623,15750.0,True,0.6925647451963242,0.0350877192982456,0.5350877192982457,0.087719298245614,0.3376148705096073,2,19,0,54.46059998939745,4.732699992018752,71.67710000067018,3.192599993781186
EngineeringROI_B10,JILONG_EI_0189,940,B10,195;57;13;174;217;69;35;103;45;93;128;27;71;219;105;161;25;155;133,0.1,19,126,19,0.1397492935960364,15750.0,True,0.6649958228905598,0.0350877192982456,0.521531100478469,0.087719298245614,0.327333485228222,2,19,0,54.30859999614768,5.606099992292002,69.9970999994548,2.230499987490475
EngineeringROI_B10,JILONG_EI_0189,950,B10,195;57;13;174;217;60;69;103;128;78;50;161;105;71;20;27;46;133;172,0.1,19,126,19,0.1444969408305319,15750.0,True,0.6294903926482873,0.0350877192982456,0.5826687931951089,0.087719298245614,0.333741550846814,2,19,0,54.72000000008848,5.367199992178939,69.96490000165068,2.2809000074630603
EngineeringROI_B10,JILONG_EI_0189,960,B10,195;57;13;218;174;69;103;44;232;93;50;105;200;161;71;133;206;5;99,0.1,19,127,19,0.1160570023967961,15750.0,True,0.6543721508495647,0.0350877192982456,0.5619351408825093,0.087719298245614,0.3347785773189835,2,19,0,55.14680000487715,5.160899992915802,70.99659999948926,2.5147999986074865
EngineeringROI_B10,JILONG_EI_0189,970,B10,195;57;13;103;174;44;69;201;35;93;161;105;71;99;33;133;23;5;219,0.1,19,126,19,0.1225582161098391,15750.0,True,0.6386800334168756,0.0350877192982456,0.5687432867883997,0.087719298245614,0.3325575844372837,2,19,0,54.620300012174994,6.633400000282563,69.70800000999589,2.253500002552755
EngineeringROI_B10,JILONG_EI_0189,980,B10,195;57;13;201;103;174;44;69;192;93;23;105;35;161;46;33;128;116;5,0.1,19,125,19,0.1023041404078382,15750.0,True,0.6597894736842105,0.0350877192982456,0.5946825827455235,0.087719298245614,0.3443197684933984,2,19,0,54.23799999698531,5.109599995194003,69.99389998964034,2.227399992989376
EngineeringROI_B10,JILONG_EI_0189,990,B10,195;57;13;103;218;60;69;174;35;128;93;105;91;216;161;3;46;71;27,0.1,19,126,19,0.1110336853228783,15750.0,True,0.7188805346700085,0.0350877192982456,0.5496473141616928,0.087719298245614,0.3478337165938902,2,19,0,53.909499998553656,4.751400003442541,70.87480000336654,2.3345999943558127
EngineeringROI_B10,JILONG_EI_0189,1000,B10,195;57;13;103;174;69;217;44;35;93;105;128;3;133;206;177;33;170;71,0.1,19,127,19,0.1239901677757272,15750.0,True,0.682552838789888,0.0350877192982456,0.5447639717851329,0.087719298245614,0.3375309570297202,2,19,0,55.7422999991104,6.8362000019988045,70.90269999753218,2.42239999352023
EngineeringROI_B10,JILONG_EI_0189,1010,B10,195;57;217;60;103;69;3;174;128;93;5;35;106;29;33;27;219;71;170,0.1,19,126,19,0.1101071283625977,15750.0,True,0.6637426900584794,0.0350877192982456,0.5686380900705372,0.087719298245614,0.3387969494182191,2,19,0,55.18999999912921,5.443300004117191,71.57020000158809,2.2434999991673976
EngineeringROI_B10,JILONG_EI_0189,1020,B10,195;74;41;13;44;218;174;69;103;128;232;93;3;51;105;206;161;33;71,0.1,19,126,19,0.1164092471916135,15750.0,True,0.6963241436925647,0.0350877192982456,0.5972073039742212,0.087719298245614,0.3540846163026614,2,19,0,55.38820000947453,5.014800000935793,71.30040001356974,2.526400014176033
EngineeringROI_B10,JILONG_EI_0189,1030,B10,195;74;103;218;13;41;69;60;128;232;93;157;105;161;35;33;133;71;27,0.1,19,125,19,0.1413190801816358,15750.0,True,0.7427368421052631,0.0350877192982456,0.5313019390581717,0.087719298245614,0.3492114496768236,2,19,0,54.94170000019949,4.861399997025728,71.63659999787342,2.359200007049367
EngineeringROI_B10,JILONG_EI_0189,1040,B10,195;57;13;69;103;217;157;44;128;35;93;161;165;105;71;3;5;46;99,0.1,19,125,19,0.1105359481128102,15750.0,True,0.6690526315789475,0.0350877192982456,0.5822368421052632,0.087719298245614,0.3435241228070175,2,19,0,55.11060000571888,5.550700007006526,71.38700000359677,2.231599995866418
EngineeringROI_B10,JILONG_EI_0189,1050,B10,195;58;13;217;44;174;103;69;77;128;35;161;90;165;3;133;121;71;33,0.1,19,126,19,0.1352466862188052,15750.0,True,0.7050960735171262,0.0350877192982456,0.5649838882921587,0.087719298245614,0.3482217448382861,2,19,0,55.2567000122508,4.768099999637343,71.07499999983702,2.845099996193312
EngineeringROI_B10,JILONG_EI_0189,1060,B10,195;57;217;103;44;69;174;128;93;3;5;106;116;161;33;35;66;71;165,0.1,19,127,19,0.1195335053717331,15750.0,True,0.7078325735598839,0.0350877192982456,0.5128893662728251,0.087719298245614,0.3358822393441422,2,19,0,54.5715000043856,4.719399992609397,70.51370000408497,2.221600007032976
EngineeringROI_B10,JILONG_EI_0189,1070,B10,195;74;217;41;69;13;60;174;103;93;128;161;106;133;33;27;156;71;46,0.1,19,127,19,0.1394659662610746,15750.0,True,0.710319104848736,0.0350877192982456,0.5311991318502441,0.087719298245614,0.34108131356071,2,19,0,55.05769999581389,4.938300000503659,72.00070000544656,2.5458000018261373
EngineeringROI_B10,JILONG_EI_0189,1080,B10,195;74;217;13;69;41;60;103;174;128;93;161;3;106;116;199;71;27;251,0.1,19,127,19,0.1287225000191437,15750.0,True,0.7372565271446332,0.0350877192982456,0.5075187969924811,0.087719298245614,0.3418955854202435,2,19,0,54.32440000004135,4.713500005891547,70.2541999926325,2.231599995866418
EngineeringROI_B10,JILONG_EI_0189,1090,B10,195;74;13;217;69;41;44;103;174;93;251;161;206;128;199;133;71;99;105,0.1,19,127,19,0.1273671233086506,15750.0,True,0.6829672606713635,0.0350877192982456,0.5427631578947368,0.087719298245614,0.33713435902749,2,19,0,54.40239999734331,4.760700001497753,70.3164000005927,2.7507000049808994
EngineeringROI_B10,JILONG_EI_0189,1100,B10,195;13;217;57;69;103;45;174;161;93;128;27;219;133;99;106;71;214;49,0.1,19,126,19,0.1237298129273839,16950.0,True,0.6583124477861321,0.0,0.5512465373961218,0.087719298245614,0.324319570856967,2,19,0,54.65810000896454,4.806900004041381,71.35819998802617,3.4503999922890216
EngineeringROI_B10,JILONG_EI_0189,1110,B10,195;57;13;217;69;60;103;161;93;174;3;46;106;133;128;214;35;219;99,0.1,19,126,19,0.0911012244335367,16950.0,True,0.6858813700918964,0.0,0.5577862181226262,0.087719298245614,0.3328467216150341,2,19,0,54.529499990167096,6.973800002015196,70.22970000980422,2.460399991832673
EngineeringROI_B10,JILONG_EI_0189,1120,B10,195;57;217;13;219;69;174;44;103;93;3;161;46;35;128;133;91;206;99,0.1,19,127,19,0.1007190388311598,16950.0,True,0.7285536676336511,0.0,0.558213716108453,0.087719298245614,0.3436216704969295,2,19,0,54.23650000011549,5.1881999970646575,71.45570000284351,3.491099996608682
EngineeringROI_B10,JILONG_EI_0189,1130,B10,195;13;74;217;69;44;41;174;103;93;219;161;133;46;121;20;71;165;156,0.1,19,126,19,0.139787581073734,16950.0,True,0.6775271512113618,0.0,0.5578947368421052,0.087719298245614,0.3307852965747702,2,19,0,54.4032000034349,4.766500002006069,71.32419999106787,2.231399994343519
EngineeringROI_B10,JILONG_EI_0189,1140,B10,195;13;217;57;3;69;161;77;44;102;133;158;128;235;165;88;156;35;26,0.1,19,126,19,0.1585867326232282,16950.0,True,0.6716791979949875,0.0,0.5767313019390582,0.087719298245614,0.3340324495449149,2,19,0,54.50220000057016,4.975299991201609,72.01680001162458,3.08690000383649
EngineeringROI_B10,JILONG_EI_0189,1150,B10,195;13;218;74;3;44;119;69;232;41;161;128;206;158;77;116;165;71;156,0.1,19,127,19,0.1490990956497767,16950.0,True,0.7571487774554497,0.0,0.5550239234449761,0.087719298245614,0.3499729997865099,2,19,0,54.48820001038257,4.810499987797812,70.5084000073839,2.361499995458871
EngineeringROI_B10,JILONG_EI_0189,1160,B10,195;3;218;13;57;69;44;232;174;128;161;103;77;23;133;33;165;89;46,0.1,19,126,19,0.1168150944552074,16950.0,True,0.6854636591478696,0.0,0.6041666666666666,0.087719298245614,0.3443374060150375,2,19,0,53.89529999229126,4.732199988211505,69.88910000654869,2.4234000011347234
EngineeringROI_B10,JILONG_EI_0189,1170,B10,195;3;218;57;13;60;69;103;128;174;161;216;23;33;93;46;133;165;89,0.1,19,126,19,0.090067462535703,16950.0,True,0.7130325814536341,0.0,0.582306830907055,0.087719298245614,0.3457646776515757,2,19,0,54.108899988932535,4.700399993453175,69.9657999939518,2.188999991631136
EngineeringROI_B10,JILONG_EI_0189,1180,B10,195;3;58;218;13;69;44;90;161;103;216;128;77;174;33;165;116;35;46,0.1,19,128,19,0.1187524408267032,16950.0,True,0.7286184210526315,0.0,0.5773026315789473,0.087719298245614,0.3484100877192982,2,19,0,53.67709998972714,4.736200004117563,72.92649999726564,3.132099998765625
EngineeringROI_B10,JILONG_EI_0189,1190,B10,195;3;13;218;57;44;69;161;225;103;216;174;128;35;23;33;77;206;46,0.1,19,128,19,0.1265171413037651,20310.0,True,0.6998355263157895,0.0526315789473684,0.5639889196675901,0.087719298245614,0.3510438307940904,2,19,0,56.18739999772515,4.891099990345538,71.75030000507832,3.24400000681635
EngineeringROI_B10,JILONG_EI_0189,1200,B10,195;3;57;13;44;225;217;69;90;103;161;174;77;23;33;235;133;35;128,0.1,19,127,19,0.1385317518052545,20310.0,True,0.7024450891007046,0.0526315789473684,0.5592105263157895,0.087719298245614,0.3505016231523691,2,19,0,56.77460000151768,6.852899998193607,70.77799999387935,2.297500002896413
EngineeringROI_B10,JILONG_EI_0189,1210,B10,195;3;225;58;217;13;60;69;128;90;161;235;23;33;103;158;116;94;27,0.1,19,127,19,0.1360736957370722,20310.0,True,0.743058433485288,0.0526315789473684,0.5599565925122082,0.087719298245614,0.3608414757976196,2,19,0,56.00179999601096,6.540400005178526,71.60349999321625,2.4967000063043088
EngineeringROI_B10,JILONG_EI_0189,1220,B10,195;2;225;58;217;128;90;13;44;69;206;103;33;23;77;161;174;235;116,0.1,19,128,19,0.130744078841574,20520.0,True,0.7298519736842105,0.0526315789473684,0.5890483785220627,0.087719298245614,0.3648128073498139,2,19,0,54.49910000606906,5.287699998007156,69.62999999814201,2.260599998407997
EngineeringROI_B10,JILONG_EI_0189,1230,B10,195;3;225;58;217;44;69;90;13;33;23;161;77;103;174;46;128;219;116,0.1,19,126,19,0.1313566784847347,20520.0,True,0.7259816207184628,0.0526315789473684,0.5539880629408573,0.087719298245614,0.3550801402130757,2,19,0,54.00200000440236,4.81749999744352,69.97240000055172,2.2163999965414405
EngineeringROI_B10,JILONG_EI_0189,1240,B10,195;3;225;58;218;23;69;90;232;44;161;103;93;33;157;200;128;71;25,0.1,19,126,19,0.1472766117113736,20520.0,True,0.7581453634085215,0.0526315789473684,0.5389254385964912,0.087719298245614,0.3593554197994987,2,19,0,54.89810000290163,6.548399993334897,70.54349999816623,2.4221999919973314
EngineeringROI_B10,JILONG_EI_0189,1250,B10,195;3;225;58;23;69;232;90;44;201;161;174;77;33;103;235;25;71;166,0.1,19,125,19,0.1617799082632034,20520.0,True,0.7077894736842104,0.0526315789473684,0.5587905935050393,0.087719298245614,0.3517327360955579,2,19,0,55.51980000745971,5.826500011608005,71.1487000080524,2.774799999315292
EngineeringROI_B10,JILONG_EI_0189,1260,B10,195;225;3;58;90;69;44;217;23;161;77;219;33;46;102;157;166;25;71,0.1,19,126,19,0.1663667480913692,20520.0,True,0.7113617376775272,0.0526315789473684,0.550986842105263,0.087719298245614,0.3506748642439432,2,19,0,56.47919999319129,4.897100006928667,73.26309999916703,2.5744000013219197
EngineeringROI_B10,JILONG_EI_0189,1270,B10,195;3;225;58;217;69;44;90;13;161;23;219;157;93;133;33;100;166;71,0.1,19,126,19,0.139818211055892,20520.0,True,0.7180451127819549,0.0526315789473684,0.5740640260444925,0.087719298245614,0.3581150040048575,2,19,0,57.178699993528426,6.172499997774139,72.10720000148285,2.5095000019064173
EngineeringROI_B10,JILONG_EI_0189,1280,B10,195;225;2;57;217;60;69;90;161;13;35;33;219;174;23;93;46;71;128,0.1,19,126,19,0.1021739629836665,20610.0,True,0.7548036758563075,0.0526315789473684,0.5545306565382527,0.087719298245614,0.3624213023968857,2,19,0,55.32600000151433,5.378800007747486,71.877599999425,2.540300003602169
EngineeringROI_B10,JILONG_EI_0189,1290,B10,195;3;225;217;74;41;69;44;128;219;161;46;23;158;93;34;156;71;104,0.1,19,125,19,0.1421460896999027,20670.0,True,0.7107368421052631,0.0526315789473684,0.5806094182825484,0.087719298245614,0.3579242843951985,2,19,0,55.21770000632387,5.628200000501238,69.97360000968911,2.356899989536032
EngineeringROI_B10,JILONG_EI_0189,1300,B10,195;3;225;217;69;128;74;13;41;23;44;206;176;235;158;93;103;33;133,0.1,19,127,19,0.1333782573071651,20670.0,True,0.7202652300041442,0.0526315789473684,0.5542427497314715,0.087719298245614,0.3537147142321495,2,19,0,55.30890000227373,6.587199997738935,70.52130000374746,2.217200002633035
EngineeringROI_B10,JILONG_EI_0189,1310,B10,195;225;2;217;74;69;161;13;44;23;128;174;219;41;94;33;100;103;71,0.1,19,126,19,0.1464496021931067,20700.0,True,0.7502088554720133,0.0526315789473684,0.4930747922437673,0.087719298245614,0.3459086312271908,2,19,0,54.4547000026796,7.508599999709986,70.16360000125133,2.1755000052507967
EngineeringROI_B10,JILONG_EI_0189,1320,B10,195;225;3;217;74;60;69;13;46;23;161;128;103;94;158;41;33;100;105,0.1,19,125,19,0.1214172492744523,20760.0,True,0.7469473684210526,0.0526315789473684,0.5235457063711911,0.087719298245614,0.3527109879963065,2,19,0,54.96300000231713,5.016099996282719,69.43370000226423,2.3062999971443787
EngineeringROI_B10,JILONG_EI_0189,1330,B10,195;225;3;217;58;69;44;13;90;23;219;161;128;103;158;93;5;34;155,0.1,19,126,19,0.1088283266074997,20790.0,True,0.714703425229741,0.0526315789473684,0.5678670360110804,0.087719298245614,0.355730334608451,2,19,0,55.03969998972025,4.716499999631196,70.32149999577086,3.408699994906783
EngineeringROI_B10,JILONG_EI_0189,1340,B10,195;225;2;218;90;128;69;57;23;44;161;216;174;46;93;103;133;35;121,0.1,19,125,19,0.1262567864554218,20820.0,True,0.728,0.0526315789473684,0.5394736842105263,0.087719298245614,0.3519561403508772,2,19,0,54.908799997065216,5.30780000553932,70.75980000081472,2.229399993666448
EngineeringROI_B10,JILONG_EI_0189,1350,B10,195;225;2;57;13;90;23;69;60;219;217;161;128;157;93;133;121;66;25,0.1,19,126,19,0.1259811166159995,20850.0,True,0.7631578947368421,0.0526315789473684,0.545557441992077,0.087719298245614,0.3622665534804754,2,19,0,55.10569999751169,6.363299995427951,70.58810000307858,2.244899995275773
EngineeringROI_B10,JILONG_EI_0189,1360,B10,195;225;3;217;57;90;69;128;44;13;23;235;176;157;93;203;104;214;25,0.1,19,126,19,0.1249779847003239,20880.0,True,0.7439431913116124,0.0526315789473684,0.5506508205998868,0.087719298245614,0.3587362222761204,2,19,0,54.25020000257064,4.669900008593686,70.33919999958016,2.24760000128299
EngineeringROI_B10,JILONG_EI_0189,1370,B10,195;225;3;57;217;13;90;69;23;219;45;128;157;177;49;103;94;71;25,0.1,19,125,19,0.1386236417517286,20910.0,True,0.7549473684210527,0.0526315789473684,0.5068007096392667,0.087719298245614,0.3505247388133254,2,19,0,54.16240000340622,4.647099995054305,69.51070000650361,2.2083000076236203
EngineeringROI_B10,JILONG_EI_0189,1380,B10,195;225;2;217;13;90;58;69;44;128;46;119;177;157;235;206;93;49;71,0.1,19,125,19,0.1207127596848174,20940.0,True,0.7221052631578948,0.0526315789473684,0.5587044534412954,0.087719298245614,0.3552901484480431,2,19,0,54.61110000032932,5.949800004600547,70.19719999516383,2.304299996467307
EngineeringROI_B10,JILONG_EI_0189,1390,B10,195;225;3;217;57;69;128;90;60;229;157;177;93;133;46;235;103;25;34,0.1,19,123,19,0.1327273701863068,20970.0,True,0.727428326914848,0.0526315789473684,0.5155502392344499,0.087719298245614,0.34583236083557,2,19,0,54.50019999989309,4.62560000596568,71.70830000541173,2.71289999363944
EngineeringROI_B10,JILONG_EI_0189,1400,B10,195;225;3;217;57;90;69;44;161;23;174;235;77;46;156;134;34;103;25,0.1,19,123,19,0.1466027521038969,21030.0,True,0.6906290115532733,0.0526315789473684,0.5244798041615667,0.087719298245614,0.3388649232269556,2,19,0,54.18330000247806,4.956100005074404,70.50940000044648,2.255900006275624
EngineeringROI_B10,JILONG_EI_0189,1410,B10,195;225;217;3;57;23;69;90;161;219;44;77;158;46;134;156;25;34;102,0.1,19,124,19,0.1552633795590814,21060.0,True,0.7262308998302206,0.0526315789473684,0.5156712004730929,0.087719298245614,0.345563244374074,2,19,0,55.220100010046735,5.014299997128546,71.6519999987213,2.305100002558902
EngineeringROI_B10,JILONG_EI_0189,1420,B10,195;225;2;57;23;218;69;90;44;46;229;93;216;158;161;100;156;25;134,0.1,19,124,19,0.1375822223583555,21060.0,True,0.7457555178268251,0.0526315789473684,0.51417004048583,0.087719298245614,0.3500691088764094,2,19,0,54.26370000350289,4.688599990913644,69.82269999571145,2.5843000039458275
EngineeringROI_B10,JILONG_EI_0189,1430,B10,195;225;3;57;217;69;219;90;13;23;44;46;141;128;174;93;161;25;133,0.1,19,123,19,0.1339755419592468,21090.0,True,0.7706461275139067,0.0526315789473684,0.5131578947368421,0.087719298245614,0.3560387248609328,2,19,0,56.03429999609944,5.885999999009073,71.58879999769852,2.881099993828684
EngineeringROI_B10,JILONG_EI_0189,1440,B10,195;225;2;217;57;219;69;90;60;251;13;46;128;161;157;93;103;23;26,0.1,19,123,19,0.1143264084048671,21090.0,True,0.7770646127513906,0.0526315789473684,0.5211104684788894,0.087719298245614,0.3596314896058156,2,19,0,54.39420000766404,5.034600006183609,72.13610000326298,3.0621999903814867
EngineeringROI_B10,JILONG_EI_0199,10,B10,78;106;128;84;195;202;119;206;29;66;235;192;4;27;86;33;232;158;57,0.1,19,128,19,0.109042736482606,,False,0.6866776315789473,0.0,0.7386727688787186,0.0701754385964912,0.3738814597635393,2,19,0,53.916399992886,4.940999991958961,71.090199999162,3.026599995791912
EngineeringROI_B10,JILONG_EI_0199,20,B10,77;13;112;203;235;91;46;119;44;232;49;57;20;158;206;69;195;10;201,0.1,19,126,19,0.1037054620915683,,False,0.6399331662489558,0.0,0.7258581235697941,0.087719298245614,0.363377647016091,2,19,0,54.30010000418406,4.49960000696592,70.71510000969283,2.24089999392163
EngineeringROI_B10,JILONG_EI_0199,30,B10,77;86;13;74;105;112;235;84;134;201;50;195;44;10;158;46;177;20;206,0.1,19,125,19,0.1196100803271282,1530.0,True,0.6509473684210525,0.0394736842105263,0.728604118993135,0.0701754385964912,0.3723001525553013,2,19,0,55.47629999637138,4.789500002516434,70.647899992764,3.034599998500198
EngineeringROI_B10,JILONG_EI_0199,40,B10,101;77;106;29;251;74;69;50;112;174;104;27;195;155;218;177;135;4;25,0.1,19,124,19,0.1353615486518979,1680.0,True,0.6943972835314092,0.0526315789473684,0.7042384722869119,0.087719298245614,0.3847466582528259,2,19,0,55.58240000391379,4.733699999633245,72.40340000134893,3.18400000105612
EngineeringROI_B10,JILONG_EI_0199,50,B10,195;61;29;121;90;58;4;206;50;112;156;202;103;158;68;100;26;93;252,0.1,19,124,19,0.1138056987081805,13770.0,True,0.7190152801358235,0.0526315789473684,0.7023923444976076,0.0526315789473684,0.3816676956320419,1,19,0,55.02559999877121,6.764000005205162,71.18939999782015,2.23349999578204
EngineeringROI_B10,JILONG_EI_0199,60,B10,195;61;58;29;66;174;5;206;91;203;135;93;34;88;121;217;172;176;213,0.1,19,123,19,0.079622638619813,13770.0,True,0.7137355584082157,0.0526315789473684,0.7073877353935297,0.0526315789473684,0.3815966129241205,1,19,0,54.81719999806956,4.8423999978695065,72.60230000247248,2.977700001792982
EngineeringROI_B10,JILONG_EI_0199,70,B10,195;60;13;46;157;219;91;57;217;49;128;104;35;3;70;27;93;190;185,0.1,19,124,19,0.1040806793730042,14790.0,True,0.7067062818336163,0.0526315789473684,0.7139376218323585,0.0526315789473684,0.381476765390178,1,19,0,54.65139998705126,5.2291000029072165,70.11400000192225,2.2074999869801104
EngineeringROI_B10,JILONG_EI_0199,80,B10,195;44;219;57;13;157;217;91;121;66;128;46;77;206;102;192;69;185;99,0.1,19,125,19,0.1129940041809925,14790.0,True,0.6341052631578948,0.0526315789473684,0.7217348927875245,0.087719298245614,0.3740477582846004,2,19,0,56.130400000256486,4.726600003778003,70.07899999734946,2.307299990206957
EngineeringROI_B10,JILONG_EI_0199,90,B10,195;44;57;157;120;33;217;91;51;77;206;155;26;14;46;89;23;185;69,0.1,19,124,19,0.1316400058196966,14790.0,True,0.7249575551782681,0.0526315789473684,0.5671946857434849,0.087719298245614,0.3581257795286839,2,19,0,55.59089999587741,5.454700003610924,71.5792999981204,2.4381999974139035
EngineeringROI_B10,JILONG_EI_0199,100,B10,195;28;61;57;157;91;49;190;121;217;26;19;170;133;176;88;52;94;70,0.1,19,123,19,0.1674311399713609,14790.0,True,0.6983311938382541,0.0526315789473684,0.6290240163515586,0.0526315789473684,0.3581545920211373,1,19,0,54.06779999611899,4.651600000215694,69.6987999981502,2.226399999926798
EngineeringROI_B10,JILONG_EI_0199,110,B10,195;28;74;158;60;41;20;120;202;33;190;156;235;10;134;94;170;229;112,0.1,19,123,19,0.1158885374949269,14850.0,True,0.6709456568249893,0.0526315789473684,0.6790505675954591,0.0526315789473684,0.3638148455787963,1,19,0,54.87659999926109,4.937899997457862,72.02289999986533,3.168299997923896
EngineeringROI_B10,JILONG_EI_0199,120,B10,195;27;29;90;252;61;57;158;156;202;104;206;135;112;50;213;25;170;93,0.1,19,120,19,0.1305143539753888,14850.0,True,0.7184210526315791,0.0526315789473684,0.6951537258989057,0.0526315789473684,0.3797094841063053,1,19,0,54.58020001242403,4.734599991934374,69.96360000630375,2.2272000060183927
EngineeringROI_B10,JILONG_EI_0199,130,B10,195;27;29;61;74;202;106;158;156;50;235;190;170;40;233;112;104;19;69,0.1,19,120,19,0.1316093758375385,14850.0,True,0.6736842105263158,0.0526315789473684,0.6634768740031899,0.087719298245614,0.3693779904306219,2,19,0,54.77149999933317,4.662000006646849,70.07590000284836,2.3015999904600903
EngineeringROI_B10,JILONG_EI_0199,140,B10,195;27;57;29;174;61;202;91;50;69;155;215;119;112;71;94;101;121;206,0.1,19,119,19,0.15232290127191,14850.0,True,0.6598850066342327,0.0526315789473684,0.6659505907626208,0.087719298245614,0.366546618647459,2,19,0,55.09449999954086,4.767299993545748,70.95170000684448,3.065999990212731
EngineeringROI_B10,JILONG_EI_0199,150,B10,195;27;106;29;202;74;119;174;60;170;215;50;206;69;4;229;172;41;32,0.1,19,119,19,0.1057423559050776,15060.0,True,0.6722689075630252,0.0526315789473684,0.6772287862513426,0.087719298245614,0.3724621427518376,2,19,0,54.75060000026133,4.859299995587207,71.21349999215454,2.4277000047732145
EngineeringROI_B10,JILONG_EI_0199,160,B10,195;26;106;29;60;202;74;119;170;50;232;174;32;69;177;156;112;206;88,0.1,19,120,19,0.0958795016501902,15240.0,True,0.6469298245614035,0.0526315789473684,0.669017905588714,0.087719298245614,0.364074651835775,2,19,0,55.83430000115186,4.687799999373965,70.62230000155978,2.213600004324689
EngineeringROI_B10,JILONG_EI_0199,170,B10,195;58;26;106;186;29;60;217;174;156;119;86;32;192;40;66;235;78;20,0.1,19,120,19,0.1477284039482047,15240.0,True,0.6899122807017545,0.0526315789473684,0.6085526315789473,0.0701754385964912,0.3553179824561403,2,19,0,54.46030000166502,4.662000006646849,70.06810000166297,2.2637000074610114
EngineeringROI_B10,JILONG_EI_0199,180,B10,195;26;58;90;201;29;119;203;121;174;156;61;20;170;69;235;40;50;71,0.1,19,120,19,0.1542449326523267,15240.0,True,0.6535087719298245,0.0526315789473684,0.6348684210526315,0.087719298245614,0.3571820175438597,2,19,0,54.72249999002088,4.886199996690266,71.47779999650083,2.393400005530566
EngineeringROI_B10,JILONG_EI_0199,190,B10,195;25;58;106;45;156;202;86;27;174;119;13;35;170;77;49;177;88;216,0.1,19,120,19,0.1469243669165562,15240.0,True,0.6701754385964912,0.0526315789473684,0.6554530656538254,0.0789473684210526,0.3643018629046843,2,19,0,55.515600004582666,5.465900001581758,71.35910000943113,2.291900003910996
EngineeringROI_B10,JILONG_EI_0199,200,B10,195;25;106;57;29;174;216;119;202;50;88;156;77;86;27;170;4;55;192,0.1,19,121,19,0.1518175065663024,15240.0,True,0.6889952153110047,0.0526315789473684,0.6443536024527338,0.0789473684210526,0.3662319412830399,2,19,0,54.75359999400098,5.684299991116859,70.75499999336898,2.322300002560951
EngineeringROI_B10,JILONG_EI_0199,210,B10,195;41;10;105;29;174;217;119;156;49;60;51;74;86;186;78;4;214;55,0.1,19,121,19,0.1435320963925538,15060.0,True,0.6668116572422792,0.0526315789473684,0.6315789473684209,0.0789473684210526,0.3574923879947804,2,19,0,54.521500002010725,5.547099994146265,70.28970000101253,2.271500008646399
EngineeringROI_B10,JILONG_EI_0199,220,B10,195;58;40;90;28;119;201;174;233;156;49;86;60;20;26;78;88;170;121,0.1,19,120,19,0.1741008185862732,15060.0,True,0.7026315789473684,0.0526315789473684,0.6214779372674109,0.0789473684210526,0.3639221158958001,2,19,0,54.18150000332389,7.263199993758462,69.95449999521952,2.3246000055223703
EngineeringROI_B10,JILONG_EI_0199,230,B10,195;57;105;217;174;77;25;28;50;91;156;86;252;135;55;170;165;161;203,0.1,19,118,19,0.1517868765841444,15060.0,True,0.6552185548617306,0.0526315789473684,0.6294085729788388,0.0789473684210526,0.3540515188022476,2,19,0,54.558000003453344,5.412900005467236,69.58789999771398,2.2526999964611605
EngineeringROI_B10,JILONG_EI_0199,240,B10,195;58;40;217;104;106;29;157;77;34;86;27;155;235;203;206;135;79;165,0.1,19,117,19,0.1443897358929788,15060.0,True,0.6891587944219523,0.0526315789473684,0.5933518005540166,0.0789473684210526,0.3535223855860974,2,19,0,54.601600000751205,4.996900010155514,72.15009999345057,2.7350000018486758
EngineeringROI_B10,JILONG_EI_0199,250,B10,195;58;88;157;106;201;120;29;77;86;50;27;233;24;170;235;55;203;206,0.1,19,117,19,0.1472995841979922,15060.0,True,0.7170490328385065,0.0526315789473684,0.5675529028757461,0.0789473684210526,0.3540452207706684,2,19,0,55.31660000269767,5.0069999997504056,71.43419999920297,2.332899995963089
EngineeringROI_B10,JILONG_EI_0199,260,B10,195;88;58;157;106;77;45;13;217;120;49;86;27;23;170;35;206;55;235,0.1,19,119,19,0.1380646445773445,15060.0,True,0.681999115435648,0.0526315789473684,0.62072707542051,0.0789473684210526,0.3585762845561447,2,19,0,54.63279999094084,4.876499995589256,71.86559999536257,2.248099990538321
EngineeringROI_B10,JILONG_EI_0199,270,B10,195;58;88;13;106;157;77;86;217;45;10;170;49;135;235;206;40;177;20,0.1,19,119,19,0.1298175218812935,15060.0,True,0.6881910659000443,0.0526315789473684,0.6117769671704013,0.0789473684210526,0.3578867451097166,2,19,0,54.87919998995494,4.906199988909066,70.894499993301,2.233100007288158
EngineeringROI_B10,JILONG_EI_0199,280,B10,195;88;57;106;157;49;29;77;217;86;23;170;206;120;27;25;177;51;235,0.1,19,120,19,0.1433712889862241,15060.0,True,0.6868421052631578,0.0526315789473684,0.6076081292339761,0.0789473684210526,0.3565072954663887,2,19,0,54.769700000179,5.509800001163967,70.56189999275375,2.247299998998642
EngineeringROI_B10,JILONG_EI_0199,290,B10,195;88;58;106;157;23;13;217;86;61;10;170;120;66;206;128;177;235;134,0.1,19,121,19,0.1028248501045248,15060.0,True,0.6359286646367986,0.0526315789473684,0.6382217680122636,0.0789473684210526,0.3514323450043708,2,19,0,54.69730000186246,5.368199999793433,70.24570000066888,2.260799999930896
EngineeringROI_B10,JILONG_EI_0199,300,B10,195;88;57;157;29;106;77;10;217;86;49;170;79;206;112;51;120;24;203,0.1,19,119,19,0.1209654570376212,15120.0,True,0.6904024767801857,0.0526315789473684,0.5758207399687338,0.0789473684210526,0.3494505410293351,2,19,0,54.343199997674674,5.26339998759795,71.23089999367949,2.265799994347617
EngineeringROI_B10,JILONG_EI_0199,310,B10,195;58;88;219;157;13;217;46;90;77;86;35;44;79;120;206;23;49;170,0.1,19,120,19,0.1266856062056343,15120.0,True,0.6666666666666666,0.0526315789473684,0.6431578947368422,0.0789473684210526,0.3603508771929825,2,19,0,55.637299999943934,4.732000001240522,71.19499999680556,2.322800006368197
EngineeringROI_B10,JILONG_EI_0199,320,B10,195;219;105;157;217;58;13;72;77;91;86;45;27;206;79;128;170;176;35,0.1,19,119,19,0.1281175578715225,15120.0,True,0.687748783724016,0.0526315789473684,0.5964912280701755,0.0789473684210526,0.3539547397906531,2,19,0,55.36050000227988,4.943799998727627,70.87289998889901,3.6767000128747895
EngineeringROI_B10,JILONG_EI_0199,330,B10,195;58;219;88;90;217;29;174;86;77;120;27;156;206;170;49;25;55;20,0.1,19,119,19,0.152368846245147,15120.0,True,0.6873065015479877,0.0526315789473684,0.5892566467715681,0.0789473684210526,0.3520355239219941,2,19,0,53.904999993392266,4.672000010032207,69.89030000113416,2.2407999931601807
EngineeringROI_B10,JILONG_EI_0199,340,B10,195;219;90;13;217;88;174;58;61;120;86;156;206;23;27;33;66;25;170,0.1,19,119,19,0.134189951834353,15120.0,True,0.681999115435648,0.0526315789473684,0.6016620498614959,0.0789473684210526,0.3538100281663912,2,19,0,55.81030000757892,4.938099998980761,69.70700000238139,2.289500000188127
EngineeringROI_B10,JILONG_EI_0199,350,B10,195;58;219;119;105;217;13;45;174;86;33;172;77;91;206;23;27;25;66,0.1,19,120,19,0.1240667427311223,15120.0,True,0.7197368421052631,0.0526315789473684,0.6008771929824562,0.0789473684210526,0.363048245614035,2,19,0,53.89149999246001,5.022500001359731,69.86140001390595,2.274400001624599
EngineeringROI_B10,JILONG_EI_0199,360,B10,195;58;219;119;90;217;88;86;174;33;61;23;172;29;206;66;27;35;25,0.1,19,120,19,0.1252459970442067,15120.0,True,0.712719298245614,0.0350877192982456,0.5955961331901183,0.0789473684210526,0.3555876297887575,2,19,0,54.46780000056606,4.757699993206188,71.94819999858737,3.363099996931851
EngineeringROI_B10,JILONG_EI_0199,370,B10,195;58;219;105;217;174;86;119;33;29;172;61;24;206;91;27;94;66;177,0.1,19,119,19,0.1317854982349472,15120.0,True,0.7213622291021672,0.0350877192982456,0.5584210526315789,0.0789473684210526,0.3484545923632611,2,19,0,55.13309998787008,5.842899990966544,72.14580000436399,3.147399998852052
EngineeringROI_B10,JILONG_EI_0199,380,B10,195;58;219;90;13;217;86;120;46;88;157;33;44;78;206;35;66;23;25,0.1,19,119,19,0.1345881416024075,15120.0,True,0.6850950906678461,0.0350877192982456,0.6126315789473683,0.0789473684210526,0.3529404393336282,2,19,0,55.09909999091178,4.858399988734163,71.04780001100153,2.310799987753853
EngineeringROI_B10,JILONG_EI_0199,390,B10,195;58;219;105;29;201;86;157;78;35;60;66;135;206;23;91;27;155;25,0.1,19,119,19,0.1530197333660053,15120.0,True,0.6943830163644404,0.0350877192982456,0.5697496167603475,0.0789473684210526,0.3445419302110216,2,19,0,54.45969999709632,4.774200002430007,69.72400000086054,2.41650000680238
EngineeringROI_B10,JILONG_EI_0199,400,B10,195;58;219;90;201;86;174;120;88;77;29;156;206;20;25;51;170;49;232,0.1,19,119,19,0.1266549762234763,15120.0,True,0.6360017691287042,0.0350877192982456,0.632085020242915,0.0789473684210526,0.3455304692727293,2,19,0,54.19090000214055,4.846600000746548,70.27270000253338,2.303999994182959
EngineeringROI_B10,JILONG_EI_0199,410,B10,195;58;219;90;86;29;201;174;23;77;120;156;88;35;49;206;232;170;25,0.1,19,119,19,0.121156894426109,15120.0,True,0.6731534719150819,0.0350877192982456,0.6123481781376517,0.0789473684210526,0.349884184443008,2,19,0,54.64860000938643,5.582500001764856,70.0636000110535,2.2523000079672784
EngineeringROI_B10,JILONG_EI_0199,420,B10,195;58;219;90;86;14;201;174;46;44;120;77;49;35;206;156;128;72;26,0.1,19,118,19,0.138087617063963,15120.0,True,0.6784121320249777,0.0350877192982456,0.6131834440470108,0.0789473684210526,0.3514076659478216,2,19,0,55.48599999747239,4.833400002098642,70.13199999346398,2.4892999936128035
EngineeringROI_B10,JILONG_EI_0199,430,B10,195;58;219;90;86;29;201;174;60;66;78;104;206;35;24;135;156;4;55,0.1,19,118,19,0.1387767916625188,15120.0,True,0.6574487065120428,0.0350877192982456,0.595959595959596,0.0789473684210526,0.3418608475477342,2,19,0,55.0533999921754,5.274300012388267,71.34129999030847,2.2592000022996217
EngineeringROI_B10,JILONG_EI_0199,440,B10,195;58;90;219;29;86;104;217;174;78;66;206;25;172;60;20;27;55;170,0.1,19,118,19,0.1614353209639255,15120.0,True,0.7301516503122213,0.0350877192982456,0.5231259968102072,0.0789473684210526,0.3418281837104317,2,19,0,54.85929999849759,5.61300000117626,69.88000001001637,2.227399992989376
EngineeringROI_B10,JILONG_EI_0199,450,B10,195;58;219;90;29;86;217;174;78;104;66;206;155;25;35;135;3;27;177,0.1,19,120,19,0.1356678484734782,15120.0,True,0.6662280701754386,0.0350877192982456,0.5870445344129555,0.0789473684210526,0.341826923076923,2,19,0,54.13600000611041,5.353199987439439,69.78109999909066,2.2207000001799315
EngineeringROI_B10,JILONG_EI_0199,460,B10,195;58;219;90;29;86;78;201;174;119;232;88;172;49;206;25;128;20;51,0.1,19,121,19,0.1177186789288695,15120.0,True,0.6903001304915181,0.0350877192982456,0.5820433436532507,0.0789473684210526,0.3465946404660167,2,19,0,54.94889999681618,5.245200009085238,69.3714000080945,2.259599990793504
EngineeringROI_B10,JILONG_EI_0199,470,B10,195;58;219;90;78;86;119;29;201;232;174;49;172;128;35;25;88;27;206,0.1,19,120,19,0.1318314432081843,15120.0,True,0.7232456140350877,0.0350877192982456,0.5603715170278637,0.0789473684210526,0.3494130546955625,2,19,0,54.08279999392107,4.683299994212575,70.04140000208281,2.2581999946851283
EngineeringROI_B10,JILONG_EI_0199,480,B10,195;58;90;219;78;86;232;29;119;201;128;206;174;35;49;172;24;27;170,0.1,19,120,19,0.1304454365155332,15120.0,True,0.7017543859649124,0.0350877192982456,0.5995872033023735,0.0789473684210526,0.3538441692466461,2,19,0,54.769899987149984,4.730499989818782,71.97330000053626,3.4045000065816566
EngineeringROI_B10,JILONG_EI_0199,490,B10,195;58;219;90;78;86;119;232;29;128;174;201;35;49;172;25;27;3;206,0.1,19,120,19,0.1314255959445903,15120.0,True,0.6842105263157895,0.0350877192982456,0.589890568004169,0.0789473684210526,0.3470340455098141,2,19,0,55.32689999381546,5.21899999876041,72.67320000391919,2.3526000004494563
EngineeringROI_B10,JILONG_EI_0199,500,B10,195;58;90;219;78;86;29;232;135;128;174;201;35;49;25;27;155;104;84,0.1,19,121,19,0.1349020989195273,15120.0,True,0.6824706394084386,0.0350877192982456,0.5866873065015481,0.0789473684210526,0.3457982584073211,2,19,0,57.726900005945936,4.829700003028847,71.72190000710543,3.413800004636869
EngineeringROI_B10,JILONG_EI_0199,510,B10,195;58;219;78;90;86;29;232;174;35;201;135;49;27;128;104;155;60;24,0.1,19,120,19,0.1354610960939115,15120.0,True,0.7298245614035088,0.0350877192982456,0.5342105263157894,0.0789473684210526,0.3445175438596491,2,19,0,56.12039999687113,5.2149000111967325,70.00159999006428,2.188800004660152
EngineeringROI_B10,JILONG_EI_0199,520,B10,195;58;219;90;78;119;86;29;217;35;66;157;112;3;60;27;25;192;170,0.1,19,120,19,0.1478509238768368,15120.0,True,0.6565789473684212,0.0350877192982456,0.6055289739500265,0.0789473684210526,0.3440357522594364,2,19,0,55.29430000751745,4.658899997593835,70.69140000385232,3.270200002589263
EngineeringROI_B10,JILONG_EI_0199,530,B10,195;58;219;90;78;86;29;119;217;35;157;112;206;60;3;27;84;25;49,0.1,19,121,19,0.137651139818211,15120.0,True,0.6872553284036539,0.0350877192982456,0.593538301198541,0.0789473684210526,0.3487071793303732,2,19,0,54.95560000417754,4.694999995990656,70.86399999388959,2.230300000519492
EngineeringROI_B10,JILONG_EI_0199,540,B10,195;58;218;78;90;29;86;119;35;174;232;3;27;60;84;25;112;23;170,0.1,19,122,19,0.1393281313413635,15120.0,True,0.681190681622088,0.0350877192982456,0.5711307972902554,0.0789473684210526,0.3415891416579104,2,19,0,54.66819999855943,4.691399997682311,70.18280000193045,2.253999991808086
EngineeringROI_B10,JILONG_EI_0199,550,B10,195;58;218;86;78;90;23;29;174;135;35;232;3;27;84;60;25;147;66,0.1,19,122,19,0.136778185326707,15120.0,True,0.6945642795513373,0.0350877192982456,0.5705263157894735,0.0789473684210526,0.3447814207650272,2,19,0,55.99599999550264,4.801100003533065,70.84040000336245,2.2382000024663284
EngineeringROI_B10,JILONG_EI_0199,560,B10,195;58;78;29;86;90;23;201;84;174;35;3;147;232;27;25;135;206;128,0.1,19,122,19,0.1316706358018546,15120.0,True,0.6613459879206212,0.0350877192982456,0.5934479054779807,0.0789473684210526,0.342207245279475,2,19,0,55.21600000793114,4.937599995173514,71.84990000678226,2.495200009434484
EngineeringROI_B10,JILONG_EI_0199,570,B10,195;58;78;90;86;29;84;51;201;23;174;3;206;147;232;128;49;27;60,0.1,19,122,19,0.1236302654853703,16890.0,True,0.6885245901639345,0.0,0.5891514500537057,0.0789473684210526,0.3391558521596731,2,19,0,54.01980000897311,5.465299997013062,69.44510000175796,2.25720000162255
EngineeringROI_B10,JILONG_EI_0199,580,B10,195;58;29;78;86;84;90;201;23;174;35;128;3;232;27;49;147;206;60,0.1,19,122,19,0.1208046496312915,16890.0,True,0.6695427092320967,0.0,0.6071238702817652,0.0789473684210526,0.3389034869837286,2,19,0,54.15149999316782,5.165299997315742,69.70870000077412,2.310399999259971
EngineeringROI_B10,JILONG_EI_0199,590,B10,195;58;29;86;84;78;90;51;217;174;23;3;206;147;128;60;25;27;135,0.1,19,122,19,0.136793500317786,16890.0,True,0.7208800690250217,0.0,0.5405263157894736,0.0789473684210526,0.3350884383088869,2,19,0,53.9810999907786,5.156800005352125,69.75770001008641,2.2003999911248684
EngineeringROI_B10,JILONG_EI_0199,600,B10,195;58;29;86;84;78;90;51;24;3;174;201;147;232;60;206;5;135;27,0.1,19,123,19,0.1336386121555084,16890.0,True,0.7077449721865638,0.0,0.5476810838978633,0.0789473684210526,0.33359335612637,2,19,0,55.11129999649711,4.636300000129268,69.81359999917913,2.231599995866418
EngineeringROI_B10,JILONG_EI_0199,610,B10,195;58;29;86;78;232;84;90;3;51;252;174;206;201;60;23;49;25;171,0.1,19,123,19,0.1262721014465009,16950.0,True,0.6807873341891314,0.0,0.5747785304846273,0.0789473684210526,0.3336283082737028,2,19,0,55.22280000150204,4.723599995486438,70.27419999940321,3.1085999944480136
EngineeringROI_B10,JILONG_EI_0199,620,B10,195;58;29;84;86;90;78;252;51;119;217;23;3;174;60;171;206;26;49,0.1,19,123,19,0.1232473907083949,16950.0,True,0.6991869918699187,0.0,0.5779153766769864,0.0789473684210526,0.3390124342419895,2,19,0,55.81909998727497,5.238400000962429,71.74200000008568,2.2915000008651987
EngineeringROI_B10,JILONG_EI_0199,630,B10,195;58;84;29;86;78;90;217;119;252;23;3;174;51;60;49;170;26;206,0.1,19,123,19,0.1266090312502392,16950.0,True,0.7197261446298673,0.0,0.5562435500515995,0.0789473684210526,0.3387292657756298,2,19,0,54.28589999792166,5.588799991528504,69.81609998911154,2.3259000008692965
EngineeringROI_B10,JILONG_EI_0199,640,B10,195;58;84;29;86;90;78;252;3;174;51;23;232;201;49;60;170;26;206,0.1,19,123,19,0.1332710523696119,16950.0,True,0.7163029525032093,0.0,0.541578947368421,0.0789473684210526,0.3342073170731707,2,19,0,54.59939999855124,4.869600001256913,70.03770000301301,2.269199991133064
EngineeringROI_B10,JILONG_EI_0199,650,B10,195;58;29;86;84;78;90;51;252;174;3;201;60;128;23;25;27;135;170,0.1,19,123,19,0.151059414507891,16950.0,True,0.7513906718014548,0.0,0.4968421052631578,0.0789473684210526,0.3317950363714163,2,19,0,55.03470000985544,4.642899992177263,69.75599999714177,2.2403000039048493
EngineeringROI_B10,JILONG_EI_0199,660,B10,195;58;29;86;78;90;51;119;252;3;174;206;147;201;60;27;128;24;170,0.1,19,123,19,0.1401321683730119,16950.0,True,0.7312794180573384,0.0,0.5061137692716641,0.0789473684210526,0.3290851389375138,2,19,0,54.06560000847094,4.684699990320951,70.58220000180881,2.463600001647137
EngineeringROI_B10,JILONG_EI_0199,670,B10,195;219;41;29;74;86;78;119;252;174;3;51;147;201;60;27;55;206;106,0.1,19,123,19,0.1528129809864385,16950.0,True,0.7278562259306804,0.0,0.5209452201933406,0.0789473684210526,0.3319372036362684,2,19,0,55.12350000208244,4.752499997266568,70.28049998916686,2.1863000001758337
EngineeringROI_B10,JILONG_EI_0199,680,B10,195;219;41;29;74;86;78;252;174;51;217;4;147;60;27;135;49;165;55,0.1,19,123,19,0.1534408956206783,16950.0,True,0.7338468121523322,0.0,0.519404572036151,0.0789473684210526,0.3330496881523839,2,19,0,56.82539999543224,5.611999993561767,71.72120000177529,2.998800002387725
EngineeringROI_B10,JILONG_EI_0199,690,B10,195;219;41;78;29;86;90;252;217;51;174;60;3;5;165;27;206;49;155,0.1,19,123,19,0.1358669433575055,16950.0,True,0.7359863072314933,0.0,0.5278947368421053,0.0789473684210526,0.3357071031236628,2,19,0,54.373999999370426,4.615500001818873,70.12499999837019,2.174699999159202
EngineeringROI_B10,JILONG_EI_0199,700,B10,195;219;58;29;252;86;78;90;60;217;174;51;20;27;128;24;148;55;116,0.1,19,123,19,0.1809619345896731,16950.0,True,0.8023106546854942,0.0,0.4678947368421053,0.0789473684210526,0.337288189987163,2,19,0,54.725199996028095,6.448300002375618,70.74030001240317,2.3092000046744943
EngineeringROI_B10,JILONG_EI_0199,710,B10,195;219;58;29;86;90;252;78;174;51;60;4;201;27;55;99;25;134;170,0.1,19,123,19,0.1673775375025844,16950.0,True,0.7376979032948224,0.0,0.5118152524167561,0.0789473684210526,0.3321151310331579,2,19,0,54.18510000163224,5.900799995288253,69.51990000379737,2.213600004324689
EngineeringROI_B10,JILONG_EI_0199,720,B10,195;219;58;29;86;90;78;174;217;51;4;134;60;27;99;55;25;164;192,0.1,19,123,19,0.1764746422035209,16950.0,True,0.7347026101839965,0.0,0.4858725761772853,0.0789473684210526,0.3248806386955836,2,19,0,54.09119999967516,5.202000000281259,70.62959999893792,2.2960000060265884
EngineeringROI_B10,JILONG_EI_0199,730,B10,195;219;58;86;29;90;174;78;51;217;20;60;134;27;99;24;55;206;251,0.1,19,123,19,0.147131119296123,16950.0,True,0.7210098416773643,0.0,0.4978070175438597,0.0789473684210526,0.324441056910569,2,19,0,55.15099999320228,4.843499991693534,71.34049999876879,2.4070999934338038
EngineeringROI_B10,JILONG_EI_0199,740,B10,195;219;58;86;29;78;90;60;51;174;3;5;217;27;25;134;100;55;161,0.1,19,123,19,0.1613204585308329,16980.0,True,0.7556696619597776,0.0,0.4664053751399776,0.0789473684210526,0.325255601380202,2,19,0,55.14280000352301,4.837599990423769,72.91310001164675,3.283799989731051
EngineeringROI_B10,JILONG_EI_0199,750,B10,195;219;58;86;13;78;174;217;44;51;46;3;90;24;134;55;161;165;121,0.1,19,123,19,0.1452856628711013,16980.0,True,0.6589644843816859,0.0,0.5619694397283531,0.0789473684210526,0.3249703231327728,2,19,0,55.73429999640212,5.159799999091774,70.76480000978336,3.213300005882047
EngineeringROI_B10,JILONG_EI_0199,760,B10,195;219;58;44;13;86;46;78;51;174;90;3;217;165;25;55;161;170;100,0.1,19,123,19,0.1638550895544103,16980.0,True,0.7145913564398803,0.0,0.5189586870401811,0.0789473684210526,0.3281243529752785,2,19,0,54.8315000050934,4.830599995329976,70.3497999929823,2.2256999945966527
EngineeringROI_B10,JILONG_EI_0199,770,B10,195;219;58;84;86;44;46;13;174;78;3;51;90;201;165;25;55;251;199,0.1,19,123,19,0.1531039658169399,16980.0,True,0.6923406076166025,0.0,0.5599104143337067,0.0789473684210526,0.3327995975928404,2,19,0,54.81409998901654,5.1915999938501045,70.50980000349227,2.377500000875443
EngineeringROI_B10,JILONG_EI_0199,780,B10,195;219;58;84;86;44;46;13;78;51;174;3;201;90;165;5;25;55;251,0.1,19,123,19,0.1529278434195312,17010.0,True,0.7064612751390672,0.0,0.5567010309278351,0.0789473684210526,0.3355274186219887,2,19,0,54.59600000176579,5.292999994708225,72.03900000604335,2.402099999017082
EngineeringROI_B10,JILONG_EI_0199,790,B10,195;58;84;44;86;46;13;78;51;3;157;202;90;190;216;25;165;55;251,0.1,19,124,19,0.1581579128730157,17010.0,True,0.6557724957555178,0.0,0.5805585392051558,0.0789473684210526,0.3288196008454315,2,19,0,57.6258999935817,5.506799992872402,71.03310000093188,2.3201000003609806
EngineeringROI_B10,JILONG_EI_0199,800,B10,195;58;44;84;86;46;13;51;5;216;78;157;90;202;190;3;24;165;55,0.1,19,124,19,0.1504697873513488,17010.0,True,0.6990662139219015,0.0,0.5621052631578949,0.0789473684210526,0.3350297113752122,2,19,0,55.422499994165264,4.970900001353584,71.1172000010265,2.744700002949685
EngineeringROI_B10,JILONG_EI_0199,810,B10,195;58;44;86;13;46;51;157;90;78;201;4;165;190;128;100;203;55;25,0.1,19,124,19,0.1660068458010123,17010.0,True,0.7037351443123939,0.0,0.5051546391752577,0.0789473684210526,0.321959287977176,2,19,0,54.96069999935571,5.448099997011013,70.75990000157617,2.416900009848177
EngineeringROI_B10,JILONG_EI_0199,820,B10,195;58;44;86;13;46;201;51;157;90;78;20;165;203;206;116;24;55;128,0.1,19,124,19,0.1690621865212763,17010.0,True,0.702886247877759,0.0,0.5040694519804666,0.0789473684210526,0.3214757670698195,2,19,0,54.27240001154132,5.37379999877885,69.51959998696111,2.384400009759702
EngineeringROI_B10,JILONG_EI_0199,830,B10,195;58;60;86;13;46;217;51;5;157;78;90;27;100;190;3;165;25;55,0.1,19,124,19,0.1646438115949797,17010.0,True,0.7398132427843802,0.0,0.4820828667413213,0.0789473684210526,0.3252108694866886,2,19,0,54.35599999327678,5.99079999665264,70.05370000842959,2.4884000013116747
EngineeringROI_B10,JILONG_EI_0199,840,B10,195;58;44;13;86;46;217;51;157;78;90;165;5;3;190;116;25;55;235,0.1,19,124,19,0.1696058687045814,17010.0,True,0.7181663837011886,0.0,0.4835526315789473,0.0789473684210526,0.3201665959252971,2,19,0,55.017200007569045,5.01589999475982,70.2642999967793,2.648800000315532
EngineeringROI_B10,JILONG_EI_0199,850,B10,195;58;44;13;86;157;78;46;51;3;5;217;90;235;206;116;165;24;55,0.1,19,124,19,0.1597659869363126,17010.0,True,0.7011884550084889,0.0,0.5098351940457204,0.0789473684210526,0.3224927543688155,2,19,0,54.50459998974111,5.10789999680128,70.22300000244286,2.391499991063029
EngineeringROI_B10,JILONG_EI_0199,860,B10,195;58;13;44;86;217;5;46;78;174;3;51;90;116;235;23;165;25;55,0.1,19,124,19,0.1628596151342742,17010.0,True,0.7101018675721562,0.0,0.5257841573631048,0.0789473684210526,0.3287083483390783,2,19,0,54.70870000135619,6.734599999617785,70.70769999700133,2.4350999883608893
EngineeringROI_B10,JILONG_EI_0199,870,B10,195;58;219;13;44;217;86;46;3;174;23;78;5;66;90;35;116;68;55,0.1,19,124,19,0.1488540557925125,17010.0,True,0.6765704584040746,0.0,0.5805585392051558,0.0789473684210526,0.3340190915075707,2,19,0,56.71789999178145,5.237400007899851,73.26340000145137,2.5289999903179705
EngineeringROI_B10,JILONG_EI_0199,880,B10,195;58;13;86;44;217;5;46;35;23;174;78;3;90;206;66;100;55;235,0.1,19,124,19,0.13158640335092,17010.0,True,0.6337011884550084,0.0,0.5925122083559414,0.0789473684210526,0.3262901913080006,2,19,0,54.543699996429496,5.671000006259419,69.53329998941626,2.348800000618212
EngineeringROI_B10,JILONG_EI_0199,890,B10,195;58;13;103;44;217;5;35;157;23;46;78;3;90;235;190;10;71;116,0.1,19,124,19,0.1318544156948028,17010.0,True,0.6714770797962648,0.0,0.6089473684210526,0.0526315789473684,0.3332640067911715,1,19,0,55.15929999819491,5.070100000011735,69.92429999809247,2.8209000010974705
EngineeringROI_B10,JILONG_EI_0199,900,B10,195;58;13;217;86;60;5;35;23;46;128;157;10;3;78;90;235;116;190,0.1,19,124,19,0.1146633382086055,17010.0,True,0.6956706281833617,0.0,0.569567483064096,0.0789473684210526,0.3360463699171275,2,19,0,54.21529999875929,4.917300000670366,69.85830000485294,2.541599998949096
EngineeringROI_B10,JILONG_EI_0199,910,B10,195;58;13;35;217;44;86;84;5;128;46;78;174;10;3;90;116;235;23,0.1,19,124,19,0.1214172492744523,17040.0,True,0.6905772495755517,0.0,0.5888483585200626,0.0789473684210526,0.3395932441291667,2,19,0,54.39930000284221,4.672099996241741,70.76240000606049,2.5431999965803698
EngineeringROI_B10,JILONG_EI_0199,920,B10,195;58;13;35;86;217;84;44;5;46;174;128;78;10;3;90;203;116;235,0.1,19,124,19,0.1215397692030844,17040.0,True,0.7075551782682513,0.0,0.5835913312693499,0.0789473684210526,0.3425234694896634,2,19,0,54.94560000079218,6.081400002585724,70.4286999971373,2.497699999366887
EngineeringROI_B10,JILONG_EI_0199,930,B10,195;58;13;35;86;44;217;5;46;174;78;3;90;128;203;100;23;235;25,0.1,19,124,19,0.1306598463906395,17040.0,True,0.7045840407470289,0.0,0.5396065922381712,0.0789473684210526,0.3307845003515631,2,19,0,55.94909998762887,5.0309999933233485,70.47580000653397,2.8966000099899247
EngineeringROI_B10,JILONG_EI_0199,940,B10,195;58;13;35;44;86;5;128;232;201;46;157;78;3;90;203;25;116;206,0.1,19,124,19,0.1514346317893269,17040.0,True,0.7245331069609507,0.0,0.5414278269932257,0.0789473684210526,0.3362270755938072,2,19,0,54.33550001180265,4.978599987225607,69.94819999090396,2.403299993602559
EngineeringROI_B10,JILONG_EI_0199,950,B10,195;58;13;35;44;86;84;5;201;78;46;128;157;90;3;203;116;134;206,0.1,19,124,19,0.1331025874677428,17040.0,True,0.689728353140917,0.0,0.5794684731631058,0.0789473684210526,0.3370360486812688,2,19,0,54.32309999014251,5.87459999951534,69.81340001220815,2.323200009413995
EngineeringROI_B10,JILONG_EI_0199,960,B10,195;41;35;13;5;86;44;84;74;218;46;78;128;157;3;106;116;134;66,0.1,19,124,19,0.1443131609375837,17040.0,True,0.6897283531409167,0.0,0.5856553147574818,0.0789473684210526,0.3385827590798628,2,19,0,55.240000001504086,5.093500003567897,71.27420000324491,2.719399999477901
EngineeringROI_B10,JILONG_EI_0199,970,B10,195;35;41;13;86;84;44;217;5;46;74;3;203;157;78;106;199;190;116,0.1,19,124,19,0.1413956551370309,17040.0,True,0.7109507640067914,0.0,0.5487232933819698,0.0789473684210526,0.3346553564524535,2,19,0,54.84509999223519,4.95970000338275,71.49950000166427,2.3818999907234684
EngineeringROI_B10,JILONG_EI_0199,980,B10,195;58;35;13;44;86;5;217;203;46;157;3;90;192;78;117;206;24;66,0.1,19,124,19,0.1435244388970143,17040.0,True,0.6765704584040747,0.0,0.5504385964912281,0.0789473684210526,0.3264891058290889,2,19,0,54.68869999458548,5.569100001594052,70.59380000282545,2.340999999432825
EngineeringROI_B10,JILONG_EI_0199,990,B10,195;219;58;35;13;86;60;5;46;27;128;90;3;157;116;201;25;78;206,0.1,19,124,19,0.1559142666799396,17040.0,True,0.7461799660441425,0.0,0.5160065111231688,0.0789473684210526,0.335283461397091,2,19,0,57.28419999650214,4.832000005990267,71.91269999020733,2.3193999950308357
EngineeringROI_B10,JILONG_EI_0199,1000,B10,195;35;58;13;86;44;203;5;46;217;128;90;157;133;25;78;121;3;206,0.1,19,124,19,0.1490454931810002,17040.0,True,0.7045840407470289,0.0,0.5534454693434618,0.0789473684210526,0.3342442196278858,2,19,0,54.95250000967644,4.92859999940265,70.59260000823997,2.261200002976693
EngineeringROI_B10,JILONG_EI_0199,1010,B10,195;35;57;13;86;5;44;203;46;128;217;157;90;133;78;3;165;25;251,0.1,19,124,19,0.1514346317893269,17040.0,True,0.7037351443123939,0.0,0.5420510037981552,0.0789473684210526,0.3311833791329004,2,19,0,54.74310000136029,5.314099995302968,71.53859999380074,2.750299987383187
EngineeringROI_B10,JILONG_EI_0199,1020,B10,195;35;57;217;13;44;86;203;128;46;157;5;90;165;25;78;33;3;66,0.1,19,124,19,0.1390218315197831,17070.0,True,0.6982173174872666,0.0,0.5603070175438597,0.0789473684210526,0.3343679258630446,2,19,0,56.70339999778662,4.614200006471947,72.18139999895357,2.9759000026388094
EngineeringROI_B10,JILONG_EI_0199,1030,B10,195;219;35;57;13;86;44;217;46;128;90;5;157;33;133;66;165;78;3,0.1,19,124,19,0.1355070410671486,17070.0,True,0.7122241086587436,0.0,0.5537056928034371,0.0789473684210526,0.3362192924708083,2,19,0,54.08249999163672,5.6487000110792,71.22569999773987,2.563500005635433
EngineeringROI_B10,JILONG_EI_0199,1040,B10,195;35;57;13;86;44;5;217;46;90;157;116;203;33;3;161;78;25;251,0.1,19,124,19,0.1494972854178312,17070.0,True,0.6969439728353141,0.0,0.5436787845903418,0.0789473684210526,0.3298925314616771,2,19,0,55.900100007420406,5.608200008282438,72.2519000119064,2.341300001717173
EngineeringROI_B10,JILONG_EI_0199,1050,B10,195;57;13;35;217;86;44;46;157;90;33;5;203;133;94;3;251;155;25,0.1,19,124,19,0.1395501987120092,17070.0,True,0.7024617996604414,0.0,0.5164473684210528,0.0789473684210526,0.3244641341256367,2,19,0,55.6118999957107,4.8457999946549535,71.83450000593439,2.483600008417852
EngineeringROI_B10,JILONG_EI_0199,1060,B10,195;35;57;13;128;86;44;84;217;46;157;90;5;116;203;33;3;25;251,0.1,19,124,19,0.1205978972517248,17070.0,True,0.7033106960950765,0.0,0.5615843733043949,0.0789473684210526,0.335960609455131,2,19,0,55.34540000371635,5.886899991310202,70.88459999067709,2.4606999941170216
EngineeringROI_B10,JILONG_EI_0199,1070,B10,195;128;58;35;13;44;86;202;46;157;90;116;5;3;216;25;78;235;56,0.1,19,124,19,0.1645825516306636,17070.0,True,0.7219864176570459,0.0,0.5268583830710798,0.0789473684210526,0.3319480422872945,2,19,0,54.53140000463464,5.003199999919161,69.52390000515152,2.270400000270456
EngineeringROI_B10,JILONG_EI_0199,1080,B10,195;57;13;44;35;218;86;128;46;157;116;25;5;3;91;78;121;66;216,0.1,19,124,19,0.154926449755343,17070.0,True,0.7249575551782682,0.0,0.5118152524167562,0.0789473684210526,0.3289300440040192,2,19,0,54.30610000621528,4.588600000715815,69.77849999384489,2.689700006158091
EngineeringROI_B10,JILONG_EI_0199,1090,B10,195;219;57;35;13;44;102;217;46;157;116;25;91;78;71;105;214;49;161,0.1,19,124,19,0.1661599957118025,17070.0,True,0.6608658743633276,0.0,0.6063596491228069,0.0526315789473684,0.3299642756083757,1,19,0,54.33529999572784,4.697799988207407,71.13579999713693,2.3361000057775527
EngineeringROI_B10,JILONG_EI_0199,1100,B10,195;35;218;57;13;44;102;46;128;157;71;116;78;5;91;105;49;26;23,0.1,19,124,19,0.1605317364902635,17070.0,True,0.6893039049235993,0.0,0.5963103635377103,0.0526315789473684,0.3345614618521695,1,19,0,55.438700001104735,5.128599994350225,71.0805000126129,2.2189000010257587
EngineeringROI_B10,JILONG_EI_0199,1110,B10,195;57;13;44;218;35;86;46;128;225;157;116;78;23;91;105;26;213;55,0.1,19,124,19,0.1982755320045026,20520.0,True,0.6897283531409168,0.0526315789473684,0.518176885512751,0.0789473684210526,0.3348710465055222,2,19,0,54.85419998876751,5.50709999515675,71.62079999397974,2.2059000039007515
EngineeringROI_B10,JILONG_EI_0199,1120,B10,195;218;57;13;44;128;86;35;225;46;157;26;5;78;23;133;90;33;104,0.1,19,124,19,0.1758543850648207,20430.0,True,0.6880305602716469,0.0526315789473684,0.5443912812333864,0.0789473684210526,0.3410001972183636,2,19,0,57.26279999362305,6.533299994771369,73.8681000075303,2.50170000072103
EngineeringROI_B10,JILONG_EI_0199,1130,B10,195;218;57;13;44;35;86;128;225;46;157;83;116;90;77;23;26;104;33,0.1,19,125,19,0.1669946627256089,20430.0,True,0.6837894736842106,0.0526315789473684,0.5652631578947368,0.0789473684210526,0.3451578947368421,2,19,0,54.28820000088308,5.360399998608045,69.81169999926351,2.18979999772273
EngineeringROI_B10,JILONG_EI_0199,1140,B10,195;218;57;13;44;35;86;225;46;128;83;157;90;23;26;78;116;33;171,0.1,19,125,19,0.1761683423819405,20460.0,True,0.7014736842105261,0.0526315789473684,0.5289473684210527,0.0789473684210526,0.3405,2,19,0,55.25699999998324,7.21019999764394,70.22150000557303,2.2772000083932653
EngineeringROI_B10,JILONG_EI_0199,1150,B10,195;218;57;13;35;60;86;46;225;5;157;83;232;90;206;23;27;94;25,0.1,19,125,19,0.1481648811939567,20460.0,True,0.7077894736842105,0.0526315789473684,0.5472610096670248,0.0789473684210526,0.346657357679914,2,19,0,54.4097999954829,5.505199995241128,69.69599999138154,2.2238000092329457
EngineeringROI_B10,JILONG_EI_0199,1160,B10,195;218;58;44;86;35;13;225;46;157;90;66;94;23;56;206;216;25;116,0.1,19,126,19,0.1782741536553055,20460.0,True,0.7255639097744361,0.0526315789473684,0.4725761772853185,0.0789473684210526,0.3324297586070439,2,19,0,54.43779999040999,4.82190000184346,71.65630000235979,3.1414999975822866
EngineeringROI_B10,JILONG_EI_0199,1170,B10,195;218;41;102;44;35;13;225;157;46;71;94;5;90;23;66;206;69;216,0.1,19,126,19,0.1600263417846559,20490.0,True,0.6842105263157897,0.0526315789473684,0.5633727175080557,0.0526315789473684,0.3382116004296455,1,19,0,54.70639999839477,4.767000005813316,70.14179999532644,2.7805999998236075
EngineeringROI_B10,JILONG_EI_0199,1180,B10,195;219;57;13;86;201;44;225;46;51;157;5;23;90;206;94;133;233;88,0.1,19,126,19,0.1506918547219946,20490.0,True,0.6532999164578112,0.0526315789473684,0.5560871876661351,0.0789473684210526,0.3352415128730918,2,19,0,54.23800001153722,5.182099994271994,70.64740000350866,2.322000000276603
EngineeringROI_B10,JILONG_EI_0199,1190,B10,195;218;57;13;44;86;46;225;35;157;90;23;94;133;206;25;155;161;100,0.1,19,126,19,0.1704022482406904,20490.0,True,0.7213868003341687,0.0526315789473684,0.4599780701754386,0.0789473684210526,0.3282359544695071,2,19,0,54.07369999738876,5.367699995986186,71.35650000418536,3.190500006894581
EngineeringROI_B10,JILONG_EI_0199,1200,B10,195;57;218;86;46;35;13;225;44;158;91;5;23;156;206;116;25;94;33,0.1,19,126,19,0.1639163495187264,20490.0,True,0.6737677527151211,0.0526315789473684,0.49196675900277,0.0789473684210526,0.324328364771578,2,19,0,55.557100000442006,4.827800003113225,70.27499999094289,3.067199999350123
EngineeringROI_B10,JILONG_EI_0199,1210,B10,195;219;57;86;35;44;13;217;46;225;158;156;23;90;94;4;206;33;25,0.1,19,126,19,0.1478892113545344,20490.0,True,0.6470342522974103,0.0526315789473684,0.5509518477043673,0.0789473684210526,0.3323912618425496,2,19,0,54.6018000022741,4.68699999328237,72.59840000187978,3.064999997150153
EngineeringROI_B10,JILONG_EI_0199,1220,B10,195;58;218;86;35;13;46;44;225;23;157;5;72;90;128;94;206;25;171,0.1,19,126,19,0.1479811013010085,20490.0,True,0.6904761904761905,0.0526315789473684,0.5213296398891966,0.0789473684210526,0.335846194433452,2,19,0,54.87130000256002,5.340599993360229,70.7401999970898,2.233100007288158
EngineeringROI_B10,JILONG_EI_0199,1230,B10,195;57;44;86;35;217;13;225;128;46;158;90;5;23;206;235;133;156;25,0.1,19,126,19,0.1533107181965066,20490.0,True,0.6624895572263992,0.0526315789473684,0.545152354570637,0.0789473684210526,0.3348052147913643,2,19,0,54.86709999968298,4.779700000653975,72.03239999944344,3.9539999997941777
EngineeringROI_B10,JILONG_EI_0199,1240,B10,195;57;192;44;46;86;217;35;225;157;90;128;235;14;23;206;133;147;77,0.1,19,126,19,0.1477590339303627,20490.0,True,0.6428571428571429,0.0526315789473684,0.5693265421618562,0.0789473684210526,0.3359406580968549,2,19,0,57.35329999879468,5.638499991619028,72.87610000639688,2.402600002824329
EngineeringROI_B10,JILONG_EI_0199,1250,B10,195;57;217;35;86;225;44;13;46;90;157;235;5;23;206;3;133;77;25,0.1,19,126,19,0.1667189928861866,20490.0,True,0.7025898078529659,0.0526315789473684,0.5008310249307479,0.0789473684210526,0.3337499450380337,2,19,0,54.89460000535473,4.671600006986409,70.14250000065658,2.2089999984018505
EngineeringROI_B10,JILONG_EI_0199,1260,B10,195;219;217;41;35;225;86;46;60;13;3;90;157;23;206;133;66;121;33,0.1,19,126,19,0.1301850816671899,20490.0,True,0.6662489557226399,0.0526315789473684,0.5690789473684211,0.0789473684210526,0.3417267126148705,2,19,0,56.8137999944156,6.654800003161654,69.76700000814162,2.2655999928247184
EngineeringROI_B10,JILONG_EI_0199,1270,B10,195;217;57;35;225;86;13;44;23;3;90;235;141;133;46;5;206;25;66,0.1,19,126,19,0.1455077302417471,20670.0,True,0.6996658312447787,0.0526315789473684,0.5327604726100968,0.0789473684210526,0.3410013128058241,2,19,0,54.01079999865033,4.746399994473904,69.77679999545217,2.245700001367368
EngineeringROI_B10,JILONG_EI_0199,1280,B10,195;217;35;41;225;86;13;46;23;3;44;235;90;157;133;206;49;203;77,0.1,19,126,19,0.1629974500539853,20670.0,True,0.658312447786132,0.0526315789473684,0.5663377192982456,0.0789473684210526,0.3390572786131997,2,19,0,54.59339999652002,5.805099994176999,71.12659999984317,2.369199995882809
EngineeringROI_B10,JILONG_EI_0199,1290,B10,195;58;13;218;35;3;225;86;44;23;90;158;206;46;56;49;134;5;77,0.1,19,126,19,0.1465032046618833,20670.0,True,0.6829573934837093,0.0526315789473684,0.5653825284861638,0.0789473684210526,0.3449797173345736,2,19,0,55.55250000907108,4.912500007776544,71.55819999752566,2.93430000601802
EngineeringROI_B10,JILONG_EI_0199,1300,B10,195;58;219;35;201;86;13;225;46;23;44;90;141;206;3;133;77;25;174,0.1,19,126,19,0.1667189928861866,20670.0,True,0.7050960735171262,0.0526315789473684,0.5301535087719298,0.0789473684210526,0.3417071324143692,2,19,0,57.58609999611508,4.895799997029826,71.05680000677239,2.4409000034211203
EngineeringROI_B10,JILONG_EI_0199,1310,B10,195;58;219;35;3;86;13;225;201;46;44;157;90;206;5;23;66;77;133,0.1,19,126,19,0.1558759792022421,20670.0,True,0.716374269005848,0.0526315789473684,0.5340720221606648,0.0789473684210526,0.3455063096337334,2,19,0,55.42070000956301,5.339399998774752,71.69250000151806,2.6153000071644783
EngineeringROI_B10,JILONG_EI_0199,1320,B10,195;218;41;86;13;225;35;46;44;3;90;157;77;206;66;23;133;213;121,0.1,19,126,19,0.1716197900314723,20670.0,True,0.6725146198830408,0.0526315789473684,0.5341545352743561,0.0789473684210526,0.3345620256314545,2,19,0,54.64340001344681,4.785700002685189,70.391400004155,2.27499999164138
EngineeringROI_B10,JILONG_EI_0199,1330,B10,195;2;57;218;102;225;13;60;35;90;158;71;46;206;5;23;133;27;69,0.1,19,127,19,0.1463806847332511,20670.0,True,0.7140489017820142,0.0526315789473684,0.5268583830710797,0.0526315789473684,0.3365426106869577,1,19,0,54.62180000904482,5.405700008850545,69.74049999553245,2.455999987432733
EngineeringROI_B10,JILONG_EI_0199,1340,B10,195;218;57;3;225;44;86;35;46;141;90;14;206;133;23;49;135;25;121,0.1,19,126,19,0.145852317541025,20670.0,True,0.6461988304093568,0.0526315789473684,0.5615901455767078,0.0789473684210526,0.3348419808386214,2,19,0,54.287399994791485,5.490800002007745,71.42510000267066,3.0488000047625974
EngineeringROI_B10,JILONG_EI_0199,1350,B10,195;2;218;57;35;225;86;60;28;46;157;90;14;206;23;133;232;25;4,0.1,19,127,19,0.1462351923180004,20670.0,True,0.7148777455449647,0.0526315789473684,0.5343716433941997,0.0789473684210526,0.3452070840768964,2,19,0,54.49900000530761,4.630299998098053,69.62309998925775,2.25650001084432
EngineeringROI_B10,JILONG_EI_0199,1360,B10,195;219;225;3;57;217;86;35;44;46;77;251;90;141;14;206;23;5;133,0.1,19,126,19,0.1410357528466739,20670.0,True,0.7192982456140351,0.0526315789473684,0.5714285714285714,0.0789473684210526,0.3555764411027569,2,19,0,54.58320000616368,4.867700001341291,72.93550000758842,3.2362000056309626
EngineeringROI_B10,JILONG_EI_0199,1370,B10,195;225;219;57;3;86;35;251;201;90;60;46;14;158;28;23;206;156;133,0.1,19,126,19,0.1390448040064016,20730.0,True,0.6950710108604847,0.0526315789473684,0.5648399348887683,0.0789473684210526,0.3478724732794185,2,19,0,55.396300012944266,5.649099999573082,71.01909999619238,2.292299992404878
EngineeringROI_B10,JILONG_EI_0199,1380,B10,195;225;218;57;3;86;44;251;46;90;5;50;128;14;157;23;133;206;135,0.1,19,126,19,0.1278189155454817,20760.0,True,0.6675020885547202,0.0526315789473684,0.6008771929824562,0.0789473684210526,0.3499895572263993,2,19,0,54.48360000445973,4.962600010912865,69.81159999850206,2.2415999992517754
EngineeringROI_B10,JILONG_EI_0199,1390,B10,195;225;218;57;102;3;35;44;90;46;14;128;157;23;133;49;206;70;77,0.1,19,125,19,0.1569020836045363,20820.0,True,0.7216842105263158,0.0526315789473684,0.5460526315789473,0.0526315789473684,0.34325,1,19,0,54.37450000317767,4.945699998643249,69.87990000925492,2.232099999673665
EngineeringROI_B10,JILONG_EI_0199,1400,B10,195;225;2;219;41;35;217;86;90;14;46;44;158;72;133;77;206;185;156,0.1,19,126,19,0.1704328782228484,20850.0,True,0.711779448621554,0.0526315789473684,0.5490304709141275,0.0789473684210526,0.3480972167260256,2,19,0,54.48269999760669,6.141100006061606,69.93860000511631,2.6221000007353723
EngineeringROI_B10,JILONG_EI_0199,1410,B10,195;225;217;3;57;203;86;35;185;14;46;44;90;133;158;235;206;5;77,0.1,19,125,19,0.1533413481786646,20910.0,True,0.7073684210526314,0.0526315789473684,0.5772495755517827,0.0789473684210526,0.3540492359932088,2,19,0,53.94800000067335,4.972700000507757,69.57969999348279,2.208199992310256
EngineeringROI_B10,JILONG_EI_0199,1420,B10,195;225;2;219;217;57;35;86;44;46;90;157;185;206;14;133;77;33;25,0.1,19,126,19,0.1706243156113361,20910.0,True,0.768170426065163,0.0526315789473684,0.5338345864661654,0.0789473684210526,0.3583959899749374,2,19,0,54.02250000042841,5.225800006883219,70.9424999949988,2.4039999989327043
EngineeringROI_B10,JILONG_EI_0199,1430,B10,195;225;219;57;217;35;3;86;46;33;157;44;90;206;77;185;14;128;155,0.1,19,125,19,0.1393281313413635,20970.0,True,0.7301052631578948,0.0526315789473684,0.5587905935050392,0.0789473684210526,0.3551187010078387,2,19,0,56.10950000118464,4.77600000158418,70.64260001061484,3.508299996610731
EngineeringROI_B10,JILONG_EI_0199,1440,B10,195;225;217;3;57;86;33;44;35;46;157;128;90;185;235;206;133;14;5,0.1,19,124,19,0.1357827109065709,21060.0,True,0.6965195246179966,0.0526315789473684,0.5823068309070549,0.0789473684210526,0.3526013257233681,2,19,0,55.30449999787379,5.228699999861419,70.33509999746457,2.218099994934164
