method,scenario_id,time_s,total_normalized_error,top1_fraction,top5_fraction,top10_fraction,top20_fraction,top30_fraction,top50_fraction
OraclePerfect_B05,JILONG_EI_0009,10,22.92501449584961,0.9893988673014942,1.0,1.0,1.0,1.0,1.0
OraclePerfect_B05,JILONG_EI_0009,20,39.03642272949219,0.9942993031034411,1.0,1.0,1.0,1.0,1.0
OraclePerfect_B05,JILONG_EI_0009,30,77.288818359375,0.996182312590541,1.0,1.0,1.0,1.0,1.0
OraclePerfect_B05,JILONG_EI_0009,40,176.18487548828125,0.9917549818849452,1.0,1.0,1.0,1.0,1.0
OraclePerfect_B05,JILONG_EI_0009,50,240.38986206054688,0.921095105850343,1.0,1.0,1.0,1.0,1.0
OraclePerfect_B05,JILONG_EI_0009,60,277.40606689453125,0.8831684513389324,1.0,1.0,1.0,1.0,1.0
OraclePerfect_B05,JILONG_EI_0009,70,343.23138427734375,0.8579990794890467,1.0,1.0,1.0,1.0,1.0
OraclePerfect_B05,JILONG_EI_0009,80,432.48712158203125,0.7941142240720682,1.0,1.0,1.0,1.0,1.0
OraclePerfect_B05,JILONG_EI_0009,90,497.5650939941406,0.6688851149494948,1.0,1.0,1.0,1.0,1.0
OraclePerfect_B05,JILONG_EI_0009,100,534.4403076171875,0.6764126426888684,1.0,1.0,1.0,1.0,1.0
OraclePerfect_B05,JILONG_EI_0009,110,576.9852294921875,0.6597355331845076,1.0,1.0,1.0,1.0,1.0
OraclePerfect_B05,JILONG_EI_0009,120,616.2451782226562,0.6849864015326568,1.0,1.0,1.0,1.0,1.0
OraclePerfect_B05,JILONG_EI_0009,130,608.4926147460938,0.689579583649047,1.0,1.0,1.0,1.0,1.0
OraclePerfect_B05,JILONG_EI_0009,140,632.9321899414062,0.7086299780978742,1.0,1.0,1.0,1.0,1.0
OraclePerfect_B05,JILONG_EI_0009,150,626.1924438476562,0.6991816118790889,1.0,1.0,1.0,1.0,1.0
OraclePerfect_B05,JILONG_EI_0009,160,641.6165771484375,0.6995022896962209,1.0,1.0,1.0,1.0,1.0
OraclePerfect_B05,JILONG_EI_0009,170,691.304931640625,0.7012240276797088,1.0,1.0,1.0,1.0,1.0
OraclePerfect_B05,JILONG_EI_0009,180,733.9252319335938,0.7029423044210652,1.0,1.0,1.0,1.0,1.0
OraclePerfect_B05,JILONG_EI_0009,190,753.698974609375,0.7165336548776268,1.0,1.0,1.0,1.0,1.0
OraclePerfect_B05,JILONG_EI_0009,200,768.8605346679688,0.7447750213437113,1.0,1.0,1.0,1.0,1.0
OraclePerfect_B05,JILONG_EI_0009,210,788.0693969726562,0.7747751272847463,1.0,1.0,1.0,1.0,1.0
OraclePerfect_B05,JILONG_EI_0009,220,791.135009765625,0.79538016655547,1.0,1.0,1.0,1.0,1.0
OraclePerfect_B05,JILONG_EI_0009,230,840.102783203125,0.8220015476959021,1.0,1.0,1.0,1.0,1.0
OraclePerfect_B05,JILONG_EI_0009,240,889.7750244140625,0.823186075009655,1.0,1.0,1.0,1.0,1.0
OraclePerfect_B05,JILONG_EI_0009,250,927.139892578125,0.7774810027326897,1.0,1.0,1.0,1.0,1.0
OraclePerfect_B05,JILONG_EI_0009,260,962.0987548828125,0.7445939373474552,1.0,1.0,1.0,1.0,1.0
OraclePerfect_B05,JILONG_EI_0009,270,984.929931640625,0.7550176102965117,1.0,1.0,1.0,1.0,1.0
OraclePerfect_B05,JILONG_EI_0009,280,994.513916015625,0.7618212310368792,1.0,1.0,1.0,1.0,1.0
OraclePerfect_B05,JILONG_EI_0009,290,998.1694946289062,0.7542509151265271,1.0,1.0,1.0,1.0,1.0
OraclePerfect_B05,JILONG_EI_0009,300,1009.0003662109375,0.7359458357056887,1.0,1.0,1.0,1.0,1.0
OraclePerfect_B05,JILONG_EI_0009,310,1022.586669921875,0.7097619272802352,1.0,1.0,1.0,1.0,1.0
OraclePerfect_B05,JILONG_EI_0009,320,1033.7784423828125,0.6794684858168053,1.0,1.0,1.0,1.0,1.0
OraclePerfect_B05,JILONG_EI_0009,330,1035.288330078125,0.6586454906661028,1.0,1.0,1.0,1.0,1.0
OraclePerfect_B05,JILONG_EI_0009,340,1037.6153564453125,0.684857425248873,1.0,1.0,1.0,1.0,1.0
OraclePerfect_B05,JILONG_EI_0009,350,1045.890869140625,0.6974031617734655,1.0,1.0,1.0,1.0,1.0
OraclePerfect_B05,JILONG_EI_0009,360,1046.343505859375,0.6927201954423344,1.0,1.0,1.0,1.0,1.0
OraclePerfect_B05,JILONG_EI_0009,370,1048.280517578125,0.676137783333149,1.0,1.0,1.0,1.0,1.0
OraclePerfect_B05,JILONG_EI_0009,380,1055.5665283203125,0.6530579704904409,1.0,1.0,1.0,1.0,1.0
OraclePerfect_B05,JILONG_EI_0009,390,1058.5380859375,0.6275102944592896,1.0,1.0,1.0,1.0,1.0
OraclePerfect_B05,JILONG_EI_0009,400,1059.4150390625,0.6006126437966383,1.0,1.0,1.0,1.0,1.0
OraclePerfect_B05,JILONG_EI_0009,410,1047.597412109375,0.5802740270389066,1.0,1.0,1.0,1.0,1.0
OraclePerfect_B05,JILONG_EI_0009,420,1037.8798828125,0.5700889796860115,1.0,1.0,1.0,1.0,1.0
OraclePerfect_B05,JILONG_EI_0009,430,1029.54248046875,0.5677680944811189,1.0,1.0,1.0,1.0,1.0
OraclePerfect_B05,JILONG_EI_0009,440,1027.147216796875,0.5627937799763878,1.0,1.0,1.0,1.0,1.0
OraclePerfect_B05,JILONG_EI_0009,450,1019.416748046875,0.5566119716476964,1.0,1.0,1.0,1.0,1.0
OraclePerfect_B05,JILONG_EI_0009,460,1010.6279296875,0.5550897901529863,1.0,1.0,1.0,1.0,1.0
OraclePerfect_B05,JILONG_EI_0009,470,1004.806884765625,0.5581658216779463,1.0,1.0,1.0,1.0,1.0
OraclePerfect_B05,JILONG_EI_0009,480,999.6475219726562,0.5611421230678884,1.0,1.0,1.0,1.0,1.0
OraclePerfect_B05,JILONG_EI_0009,490,995.77294921875,0.562228939595335,1.0,1.0,1.0,1.0,1.0
OraclePerfect_B05,JILONG_EI_0009,500,994.348388671875,0.5646200655842765,1.0,1.0,1.0,1.0,1.0
OraclePerfect_B05,JILONG_EI_0009,510,993.41455078125,0.5636697717260092,1.0,1.0,1.0,1.0,1.0
OraclePerfect_B05,JILONG_EI_0009,520,993.650634765625,0.5636211769154811,1.0,1.0,1.0,1.0,1.0
OraclePerfect_B05,JILONG_EI_0009,530,995.3486328125,0.5626978211500026,1.0,1.0,1.0,1.0,1.0
OraclePerfect_B05,JILONG_EI_0009,540,996.0361328125,0.5648145598448279,1.0,1.0,1.0,1.0,1.0
OraclePerfect_B05,JILONG_EI_0009,550,995.74853515625,0.5652044417108925,1.0,1.0,1.0,1.0,1.0
OraclePerfect_B05,JILONG_EI_0009,560,992.6343994140625,0.5654602558809659,1.0,1.0,1.0,1.0,1.0
OraclePerfect_B05,JILONG_EI_0009,570,988.7445068359375,0.5644560569341529,1.0,1.0,1.0,1.0,1.0
OraclePerfect_B05,JILONG_EI_0009,580,986.90185546875,0.5627825431767036,1.0,1.0,1.0,1.0,1.0
OraclePerfect_B05,JILONG_EI_0009,590,986.28662109375,0.5606150579882319,1.0,1.0,1.0,1.0,1.0
OraclePerfect_B05,JILONG_EI_0009,600,985.7735595703125,0.5572063884904619,1.0,1.0,1.0,1.0,1.0
OraclePerfect_B05,JILONG_EI_0009,610,985.4077758789062,0.5518416431978044,1.0,1.0,1.0,1.0,1.0
OraclePerfect_B05,JILONG_EI_0009,620,985.1158447265625,0.5471123540000389,1.0,1.0,1.0,1.0,1.0
OraclePerfect_B05,JILONG_EI_0009,630,983.4487915039062,0.541627139468435,1.0,1.0,1.0,1.0,1.0
OraclePerfect_B05,JILONG_EI_0009,640,983.5526123046875,0.5381988964453429,1.0,1.0,1.0,1.0,1.0
OraclePerfect_B05,JILONG_EI_0009,650,981.6241455078125,0.5355004611457838,1.0,1.0,1.0,1.0,1.0
OraclePerfect_B05,JILONG_EI_0009,660,980.7808837890625,0.5344954605897754,1.0,1.0,1.0,1.0,1.0
OraclePerfect_B05,JILONG_EI_0009,670,982.5287475585938,0.5324813281943069,1.0,1.0,1.0,1.0,1.0
OraclePerfect_B05,JILONG_EI_0009,680,983.94091796875,0.5312207551558622,1.0,1.0,1.0,1.0,1.0
OraclePerfect_B05,JILONG_EI_0009,690,986.90771484375,0.5315801769456083,1.0,1.0,1.0,1.0,1.0
OraclePerfect_B05,JILONG_EI_0009,700,988.7362670898438,0.5354496315688976,1.0,1.0,1.0,1.0,1.0
OraclePerfect_B05,JILONG_EI_0009,710,993.0949096679688,0.5369887115180948,1.0,1.0,1.0,1.0,1.0
OraclePerfect_B05,JILONG_EI_0009,720,994.5564575195312,0.5382166758735044,1.0,1.0,1.0,1.0,1.0
OraclePerfect_B05,JILONG_EI_0009,730,995.3565673828125,0.5421564073852772,1.0,1.0,1.0,1.0,1.0
OraclePerfect_B05,JILONG_EI_0009,740,997.3668212890625,0.5440015536573899,1.0,1.0,1.0,1.0,1.0
OraclePerfect_B05,JILONG_EI_0009,750,999.8740234375,0.546852150624177,1.0,1.0,1.0,1.0,1.0
OraclePerfect_B05,JILONG_EI_0009,760,1003.4736328125,0.5471858368718194,1.0,1.0,1.0,1.0,1.0
OraclePerfect_B05,JILONG_EI_0009,770,1009.29638671875,0.5468635295771173,1.0,1.0,1.0,1.0,1.0
OraclePerfect_B05,JILONG_EI_0009,780,1014.2388916015625,0.5473244285424891,1.0,1.0,1.0,1.0,1.0
OraclePerfect_B05,JILONG_EI_0009,790,1019.7430419921875,0.5473736467351978,1.0,1.0,1.0,1.0,1.0
OraclePerfect_B05,JILONG_EI_0009,800,1023.302490234375,0.5472243242846624,1.0,1.0,1.0,1.0,1.0
OraclePerfect_B05,JILONG_EI_0009,810,1028.812744140625,0.5475259161707999,1.0,1.0,1.0,1.0,1.0
OraclePerfect_B05,JILONG_EI_0009,820,1033.5020751953125,0.5465089867455368,1.0,1.0,1.0,1.0,1.0
OraclePerfect_B05,JILONG_EI_0009,830,1038.7176513671875,0.5471264795066431,1.0,1.0,1.0,1.0,1.0
OraclePerfect_B05,JILONG_EI_0009,840,1043.366943359375,0.5473870339410883,1.0,1.0,1.0,1.0,1.0
OraclePerfect_B05,JILONG_EI_0009,850,1046.1259765625,0.5465405346897777,1.0,1.0,1.0,1.0,1.0
OraclePerfect_B05,JILONG_EI_0009,860,1050.6983642578125,0.5468099529304363,1.0,1.0,1.0,1.0,1.0
OraclePerfect_B05,JILONG_EI_0009,870,1054.829345703125,0.5454754859334229,1.0,1.0,1.0,1.0,1.0
OraclePerfect_B05,JILONG_EI_0009,880,1058.996826171875,0.5446827217149831,1.0,1.0,1.0,1.0,1.0
OraclePerfect_B05,JILONG_EI_0009,890,1064.3017578125,0.5429312529415101,1.0,1.0,1.0,1.0,1.0
OraclePerfect_B05,JILONG_EI_0009,900,1070.0828857421875,0.5412847264516056,1.0,1.0,1.0,1.0,1.0
OraclePerfect_B05,JILONG_EI_0009,910,1074.7490234375,0.5376825429549548,1.0,1.0,1.0,1.0,1.0
OraclePerfect_B05,JILONG_EI_0009,920,1079.907470703125,0.5332158701038977,1.0,1.0,1.0,1.0,1.0
OraclePerfect_B05,JILONG_EI_0009,930,1086.170166015625,0.5308050462427236,1.0,1.0,1.0,1.0,1.0
OraclePerfect_B05,JILONG_EI_0009,940,1089.5947265625,0.5282190187987678,1.0,1.0,1.0,1.0,1.0
OraclePerfect_B05,JILONG_EI_0009,950,1096.0062255859375,0.5261600943406012,1.0,1.0,1.0,1.0,1.0
OraclePerfect_B05,JILONG_EI_0009,960,1098.000732421875,0.5231822048239156,1.0,1.0,1.0,1.0,1.0
OraclePerfect_B05,JILONG_EI_0009,970,1101.97216796875,0.5196325348822312,1.0,1.0,1.0,1.0,1.0
OraclePerfect_B05,JILONG_EI_0009,980,1106.2646484375,0.5172095821403744,1.0,1.0,1.0,1.0,1.0
OraclePerfect_B05,JILONG_EI_0009,990,1110.2056884765625,0.5161605263810739,1.0,1.0,1.0,1.0,1.0
OraclePerfect_B05,JILONG_EI_0009,1000,1111.034423828125,0.5123737378004476,1.0,1.0,1.0,1.0,1.0
OraclePerfect_B05,JILONG_EI_0009,1010,1116.625244140625,0.5101864173040267,1.0,1.0,1.0,1.0,1.0
OraclePerfect_B05,JILONG_EI_0009,1020,1119.5762939453125,0.5073438859643713,1.0,1.0,1.0,1.0,1.0
OraclePerfect_B05,JILONG_EI_0009,1030,1122.9156494140625,0.5053253114073062,1.0,1.0,1.0,1.0,1.0
OraclePerfect_B05,JILONG_EI_0009,1040,1126.5205078125,0.5037839683824936,1.0,1.0,1.0,1.0,1.0
OraclePerfect_B05,JILONG_EI_0009,1050,1129.758056640625,0.5012258892728804,1.0,1.0,1.0,1.0,1.0
OraclePerfect_B05,JILONG_EI_0009,1060,1133.7198486328125,0.4993613644903495,1.0,1.0,1.0,1.0,1.0
OraclePerfect_B05,JILONG_EI_0009,1070,1134.419189453125,0.4958039558275739,1.0,1.0,1.0,1.0,1.0
OraclePerfect_B05,JILONG_EI_0009,1080,1138.9381103515625,0.49377187198365,1.0,1.0,1.0,1.0,1.0
OraclePerfect_B05,JILONG_EI_0009,1090,1143.156494140625,0.493071882406177,1.0,1.0,1.0,1.0,1.0
OraclePerfect_B05,JILONG_EI_0009,1100,1147.321533203125,0.4917595988915553,1.0,1.0,1.0,1.0,1.0
OraclePerfect_B05,JILONG_EI_0009,1110,1149.4771728515625,0.4898488392848836,1.0,1.0,1.0,1.0,1.0
OraclePerfect_B05,JILONG_EI_0009,1120,1152.4219970703125,0.488652182971515,1.0,1.0,1.0,1.0,1.0
OraclePerfect_B05,JILONG_EI_0009,1130,1151.509033203125,0.4852149682979784,1.0,1.0,1.0,1.0,1.0
OraclePerfect_B05,JILONG_EI_0009,1140,1156.7996826171875,0.48453397198753634,1.0,1.0,1.0,1.0,1.0
OraclePerfect_B05,JILONG_EI_0009,1150,1157.744384765625,0.48186113185053375,1.0,1.0,1.0,1.0,1.0
OraclePerfect_B05,JILONG_EI_0009,1160,1162.8267822265625,0.48162105492115376,1.0,1.0,1.0,1.0,1.0
OraclePerfect_B05,JILONG_EI_0009,1170,1166.290771484375,0.48085930572701246,1.0,1.0,1.0,1.0,1.0
OraclePerfect_B05,JILONG_EI_0009,1180,1168.77197265625,0.47977419508704605,1.0,1.0,1.0,1.0,1.0
OraclePerfect_B05,JILONG_EI_0009,1190,1170.89990234375,0.4786147864125244,1.0,1.0,1.0,1.0,1.0
OraclePerfect_B05,JILONG_EI_0009,1200,1172.9345703125,0.47674441579439547,1.0,1.0,1.0,1.0,1.0
OraclePerfect_B05,JILONG_EI_0009,1210,1174.128173828125,0.4752039508530012,1.0,1.0,1.0,1.0,1.0
OraclePerfect_B05,JILONG_EI_0009,1220,1175.7437744140625,0.47333117375537875,1.0,1.0,1.0,1.0,1.0
OraclePerfect_B05,JILONG_EI_0009,1230,1176.72412109375,0.470706948943072,1.0,1.0,1.0,1.0,1.0
OraclePerfect_B05,JILONG_EI_0009,1240,1178.3955078125,0.46903619484703535,1.0,1.0,1.0,1.0,1.0
OraclePerfect_B05,JILONG_EI_0009,1250,1178.9725341796875,0.4670386449397049,1.0,1.0,1.0,1.0,1.0
OraclePerfect_B05,JILONG_EI_0009,1260,1182.7626953125,0.4664920586214017,1.0,1.0,1.0,1.0,1.0
OraclePerfect_B05,JILONG_EI_0009,1270,1184.5277099609375,0.46577231970600547,1.0,1.0,1.0,1.0,1.0
OraclePerfect_B05,JILONG_EI_0009,1280,1185.5360107421875,0.4629729099057194,1.0,1.0,1.0,1.0,1.0
OraclePerfect_B05,JILONG_EI_0009,1290,1188.92236328125,0.46153877064632054,1.0,1.0,1.0,1.0,1.0
OraclePerfect_B05,JILONG_EI_0009,1300,1188.3580322265625,0.45743919455610943,1.0,1.0,1.0,1.0,1.0
OraclePerfect_B05,JILONG_EI_0009,1310,1193.601806640625,0.455540144782436,1.0,1.0,1.0,1.0,1.0
OraclePerfect_B05,JILONG_EI_0009,1320,1193.211669921875,0.4505836181315002,1.0,1.0,1.0,1.0,1.0
OraclePerfect_B05,JILONG_EI_0009,1330,1198.09912109375,0.44832937152177543,1.0,1.0,1.0,1.0,1.0
OraclePerfect_B05,JILONG_EI_0009,1340,1200.78662109375,0.4457893853426025,1.0,1.0,1.0,1.0,1.0
OraclePerfect_B05,JILONG_EI_0009,1350,1204.9296875,0.44400256971795854,1.0,1.0,1.0,1.0,1.0
OraclePerfect_B05,JILONG_EI_0009,1360,1209.870849609375,0.4419959248217362,1.0,1.0,1.0,1.0,1.0
OraclePerfect_B05,JILONG_EI_0009,1370,1212.3172607421875,0.4393264537247817,1.0,1.0,1.0,1.0,1.0
OraclePerfect_B05,JILONG_EI_0009,1380,1215.3902587890625,0.4375524944608632,1.0,1.0,1.0,1.0,1.0
OraclePerfect_B05,JILONG_EI_0009,1390,1216.21630859375,0.4320606170629534,1.0,1.0,1.0,1.0,1.0
OraclePerfect_B05,JILONG_EI_0009,1400,1217.9444580078125,0.42802297812787365,1.0,1.0,1.0,1.0,1.0
OraclePerfect_B05,JILONG_EI_0009,1410,1219.2493896484375,0.422678040779178,1.0,1.0,1.0,1.0,1.0
OraclePerfect_B05,JILONG_EI_0009,1420,1223.7071533203125,0.4207574744027188,1.0,1.0,1.0,1.0,1.0
OraclePerfect_B05,JILONG_EI_0009,1430,1228.089111328125,0.4194751802483018,1.0,1.0,1.0,1.0,1.0
OraclePerfect_B05,JILONG_EI_0009,1440,1228.4215087890625,0.41393251167095735,1.0,1.0,1.0,1.0,1.0
OraclePerfect_B05,JILONG_EI_0019,10,23.626689910888672,0.9959323435292468,1.0,1.0,1.0,1.0,1.0
OraclePerfect_B05,JILONG_EI_0019,20,43.82085037231445,0.9972769708918124,1.0,1.0,1.0,1.0,1.0
OraclePerfect_B05,JILONG_EI_0019,30,90.84944152832031,0.9981539975206879,1.0,1.0,1.0,1.0,1.0
OraclePerfect_B05,JILONG_EI_0019,40,173.59625244140625,0.9978052866493589,1.0,1.0,1.0,1.0,1.0
OraclePerfect_B05,JILONG_EI_0019,50,228.09815979003906,0.9173500345090052,1.0,1.0,1.0,1.0,1.0
OraclePerfect_B05,JILONG_EI_0019,60,256.2827453613281,0.8785154415957315,1.0,1.0,1.0,1.0,1.0
OraclePerfect_B05,JILONG_EI_0019,70,298.8741760253906,0.8652044170804052,1.0,1.0,1.0,1.0,1.0
OraclePerfect_B05,JILONG_EI_0019,80,364.86669921875,0.7752336743273635,1.0,1.0,1.0,1.0,1.0
OraclePerfect_B05,JILONG_EI_0019,90,425.57696533203125,0.6600531623719743,1.0,1.0,1.0,1.0,1.0
OraclePerfect_B05,JILONG_EI_0019,100,460.73016357421875,0.6842352048527497,1.0,1.0,1.0,1.0,1.0
OraclePerfect_B05,JILONG_EI_0019,110,488.00811767578125,0.6833203475960253,1.0,1.0,1.0,1.0,1.0
OraclePerfect_B05,JILONG_EI_0019,120,517.07373046875,0.6932756872377652,1.0,1.0,1.0,1.0,1.0
OraclePerfect_B05,JILONG_EI_0019,130,518.8403930664062,0.6979874476310345,1.0,1.0,1.0,1.0,1.0
OraclePerfect_B05,JILONG_EI_0019,140,542.1377563476562,0.7140855654998053,1.0,1.0,1.0,1.0,1.0
OraclePerfect_B05,JILONG_EI_0019,150,552.43896484375,0.7103421773742452,1.0,1.0,1.0,1.0,1.0
OraclePerfect_B05,JILONG_EI_0019,160,586.2516479492188,0.7115721210628908,1.0,1.0,1.0,1.0,1.0
OraclePerfect_B05,JILONG_EI_0019,170,632.134033203125,0.7162892586949232,1.0,1.0,1.0,1.0,1.0
OraclePerfect_B05,JILONG_EI_0019,180,666.9632568359375,0.7159462819345404,1.0,1.0,1.0,1.0,1.0
OraclePerfect_B05,JILONG_EI_0019,190,686.6669311523438,0.724901239478198,1.0,1.0,1.0,1.0,1.0
OraclePerfect_B05,JILONG_EI_0019,200,705.0829467773438,0.7483933834110307,1.0,1.0,1.0,1.0,1.0
OraclePerfect_B05,JILONG_EI_0019,210,718.79541015625,0.7738054707408345,1.0,1.0,1.0,1.0,1.0
OraclePerfect_B05,JILONG_EI_0019,220,723.951904296875,0.7990390521876392,1.0,1.0,1.0,1.0,1.0
OraclePerfect_B05,JILONG_EI_0019,230,741.8966674804688,0.817924543555453,1.0,1.0,1.0,1.0,1.0
OraclePerfect_B05,JILONG_EI_0019,240,777.47265625,0.8345964522667372,1.0,1.0,1.0,1.0,1.0
OraclePerfect_B05,JILONG_EI_0019,250,818.8702392578125,0.8216393797786519,1.0,1.0,1.0,1.0,1.0
OraclePerfect_B05,JILONG_EI_0019,260,852.6220703125,0.7824447932908906,1.0,1.0,1.0,1.0,1.0
OraclePerfect_B05,JILONG_EI_0019,270,874.3041381835938,0.7430274634223084,1.0,1.0,1.0,1.0,1.0
OraclePerfect_B05,JILONG_EI_0019,280,881.7303466796875,0.7439689361556414,1.0,1.0,1.0,1.0,1.0
OraclePerfect_B05,JILONG_EI_0019,290,884.3552856445312,0.7473688324565558,1.0,1.0,1.0,1.0,1.0
OraclePerfect_B05,JILONG_EI_0019,300,890.87109375,0.7501350515830183,1.0,1.0,1.0,1.0,1.0
OraclePerfect_B05,JILONG_EI_0019,310,895.7955322265625,0.7402567831705714,1.0,1.0,1.0,1.0,1.0
OraclePerfect_B05,JILONG_EI_0019,320,900.6402587890625,0.7174118393430108,1.0,1.0,1.0,1.0,1.0
OraclePerfect_B05,JILONG_EI_0019,330,901.3746337890625,0.6811332159966378,1.0,1.0,1.0,1.0,1.0
OraclePerfect_B05,JILONG_EI_0019,340,902.76513671875,0.6560757347349895,1.0,1.0,1.0,1.0,1.0
OraclePerfect_B05,JILONG_EI_0019,350,905.0857543945312,0.6764776384097492,1.0,1.0,1.0,1.0,1.0
OraclePerfect_B05,JILONG_EI_0019,360,903.5823364257812,0.6953942559411963,1.0,1.0,1.0,1.0,1.0
OraclePerfect_B05,JILONG_EI_0019,370,904.9900512695312,0.7065323277654743,1.0,1.0,1.0,1.0,1.0
OraclePerfect_B05,JILONG_EI_0019,380,908.48779296875,0.6961185553893018,1.0,1.0,1.0,1.0,1.0
OraclePerfect_B05,JILONG_EI_0019,390,913.170166015625,0.6729292201466948,1.0,1.0,1.0,1.0,1.0
OraclePerfect_B05,JILONG_EI_0019,400,917.705322265625,0.6450766562783686,1.0,1.0,1.0,1.0,1.0
OraclePerfect_B05,JILONG_EI_0019,410,917.87060546875,0.6182483326891364,1.0,1.0,1.0,1.0,1.0
OraclePerfect_B05,JILONG_EI_0019,420,915.4313354492188,0.5934405552746557,1.0,1.0,1.0,1.0,1.0
OraclePerfect_B05,JILONG_EI_0019,430,913.778564453125,0.5712849443708999,1.0,1.0,1.0,1.0,1.0
OraclePerfect_B05,JILONG_EI_0019,440,915.4133911132812,0.5678782184695353,1.0,1.0,1.0,1.0,1.0
OraclePerfect_B05,JILONG_EI_0019,450,911.02490234375,0.5632196214037167,1.0,1.0,1.0,1.0,1.0
OraclePerfect_B05,JILONG_EI_0019,460,906.7376098632812,0.5597889018131477,1.0,1.0,1.0,1.0,1.0
OraclePerfect_B05,JILONG_EI_0019,470,905.2407836914062,0.5616005632725954,1.0,1.0,1.0,1.0,1.0
OraclePerfect_B05,JILONG_EI_0019,480,899.5762329101562,0.5643094575380432,1.0,1.0,1.0,1.0,1.0
OraclePerfect_B05,JILONG_EI_0019,490,890.3692626953125,0.5652611025695372,1.0,1.0,1.0,1.0,1.0
OraclePerfect_B05,JILONG_EI_0019,500,887.4613037109375,0.5680551891383625,1.0,1.0,1.0,1.0,1.0
OraclePerfect_B05,JILONG_EI_0019,510,885.300537109375,0.5695742257146372,1.0,1.0,1.0,1.0,1.0
OraclePerfect_B05,JILONG_EI_0019,520,884.3720703125,0.5701402827922052,1.0,1.0,1.0,1.0,1.0
OraclePerfect_B05,JILONG_EI_0019,530,887.1546630859375,0.5708256011216921,1.0,1.0,1.0,1.0,1.0
OraclePerfect_B05,JILONG_EI_0019,540,887.0305786132812,0.5710290387968349,1.0,1.0,1.0,1.0,1.0
OraclePerfect_B05,JILONG_EI_0019,550,890.210205078125,0.5707629145710738,1.0,1.0,1.0,1.0,1.0
OraclePerfect_B05,JILONG_EI_0019,560,890.9705810546875,0.5694088460717829,1.0,1.0,1.0,1.0,1.0
OraclePerfect_B05,JILONG_EI_0019,570,889.3956298828125,0.5679293286080841,1.0,1.0,1.0,1.0,1.0
OraclePerfect_B05,JILONG_EI_0019,580,888.13330078125,0.5651431390313971,1.0,1.0,1.0,1.0,1.0
OraclePerfect_B05,JILONG_EI_0019,590,888.708251953125,0.5605919266570948,1.0,1.0,1.0,1.0,1.0
OraclePerfect_B05,JILONG_EI_0019,600,889.801513671875,0.55482507056682,1.0,1.0,1.0,1.0,1.0
OraclePerfect_B05,JILONG_EI_0019,610,890.2775268554688,0.5499491087145258,1.0,1.0,1.0,1.0,1.0
OraclePerfect_B05,JILONG_EI_0019,620,888.9067993164062,0.5452713478115796,1.0,1.0,1.0,1.0,1.0
OraclePerfect_B05,JILONG_EI_0019,630,892.6625366210938,0.5432275125553586,1.0,1.0,1.0,1.0,1.0
OraclePerfect_B05,JILONG_EI_0019,640,892.4417724609375,0.5422239114177112,1.0,1.0,1.0,1.0,1.0
OraclePerfect_B05,JILONG_EI_0019,650,892.1707763671875,0.5413120738055223,1.0,1.0,1.0,1.0,1.0
OraclePerfect_B05,JILONG_EI_0019,660,891.7737426757812,0.5407316274195947,1.0,1.0,1.0,1.0,1.0
OraclePerfect_B05,JILONG_EI_0019,670,893.6448974609375,0.5389600778259585,1.0,1.0,1.0,1.0,1.0
OraclePerfect_B05,JILONG_EI_0019,680,894.0454711914062,0.5367403922133385,1.0,1.0,1.0,1.0,1.0
OraclePerfect_B05,JILONG_EI_0019,690,894.2826538085938,0.5366287078108609,1.0,1.0,1.0,1.0,1.0
OraclePerfect_B05,JILONG_EI_0019,700,897.7460327148438,0.5364320288726305,1.0,1.0,1.0,1.0,1.0
OraclePerfect_B05,JILONG_EI_0019,710,897.9818115234375,0.5354153918755977,1.0,1.0,1.0,1.0,1.0
OraclePerfect_B05,JILONG_EI_0019,720,898.4814453125,0.5351824187837907,1.0,1.0,1.0,1.0,1.0
OraclePerfect_B05,JILONG_EI_0019,730,900.94921875,0.5351683367983325,1.0,1.0,1.0,1.0,1.0
OraclePerfect_B05,JILONG_EI_0019,740,902.5947265625,0.5379918301932164,1.0,1.0,1.0,1.0,1.0
OraclePerfect_B05,JILONG_EI_0019,750,905.779296875,0.5384089105003844,1.0,1.0,1.0,1.0,1.0
OraclePerfect_B05,JILONG_EI_0019,760,909.9669189453125,0.5388631078465708,1.0,1.0,1.0,1.0,1.0
OraclePerfect_B05,JILONG_EI_0019,770,913.937744140625,0.5388982934414042,1.0,1.0,1.0,1.0,1.0
OraclePerfect_B05,JILONG_EI_0019,780,918.5931396484375,0.5394113447942848,1.0,1.0,1.0,1.0,1.0
OraclePerfect_B05,JILONG_EI_0019,790,922.5653076171875,0.539026903654521,1.0,1.0,1.0,1.0,1.0
OraclePerfect_B05,JILONG_EI_0019,800,925.8253784179688,0.5403220510873393,1.0,1.0,1.0,1.0,1.0
OraclePerfect_B05,JILONG_EI_0019,810,929.49169921875,0.5400570612771951,1.0,1.0,1.0,1.0,1.0
OraclePerfect_B05,JILONG_EI_0019,820,934.88720703125,0.5412345502803481,1.0,1.0,1.0,1.0,1.0
OraclePerfect_B05,JILONG_EI_0019,830,939.389404296875,0.5428389867459703,1.0,1.0,1.0,1.0,1.0
OraclePerfect_B05,JILONG_EI_0019,840,944.564453125,0.5442054501126652,1.0,1.0,1.0,1.0,1.0
OraclePerfect_B05,JILONG_EI_0019,850,946.9555053710938,0.5446175379771364,1.0,1.0,1.0,1.0,1.0
OraclePerfect_B05,JILONG_EI_0019,860,952.0032958984375,0.5464015287597186,1.0,1.0,1.0,1.0,1.0
OraclePerfect_B05,JILONG_EI_0019,870,954.406494140625,0.5462333228845003,1.0,1.0,1.0,1.0,1.0
OraclePerfect_B05,JILONG_EI_0019,880,958.053466796875,0.5455767307425677,1.0,1.0,1.0,1.0,1.0
OraclePerfect_B05,JILONG_EI_0019,890,962.1010131835938,0.5453358549762953,1.0,1.0,1.0,1.0,1.0
OraclePerfect_B05,JILONG_EI_0019,900,962.56396484375,0.5434178298282184,1.0,1.0,1.0,1.0,1.0
OraclePerfect_B05,JILONG_EI_0019,910,965.7311401367188,0.5425945218673406,1.0,1.0,1.0,1.0,1.0
OraclePerfect_B05,JILONG_EI_0019,920,968.9415283203125,0.5407735743726616,1.0,1.0,1.0,1.0,1.0
OraclePerfect_B05,JILONG_EI_0019,930,972.5423583984375,0.5398487940155046,1.0,1.0,1.0,1.0,1.0
OraclePerfect_B05,JILONG_EI_0019,940,972.92236328125,0.5365371028626332,1.0,1.0,1.0,1.0,1.0
OraclePerfect_B05,JILONG_EI_0019,950,975.985595703125,0.5345540340324801,1.0,1.0,1.0,1.0,1.0
OraclePerfect_B05,JILONG_EI_0019,960,978.881591796875,0.532984772463856,1.0,1.0,1.0,1.0,1.0
OraclePerfect_B05,JILONG_EI_0019,970,983.3042602539062,0.5306417365279166,1.0,1.0,1.0,1.0,1.0
OraclePerfect_B05,JILONG_EI_0019,980,987.4976806640625,0.5280958049935357,1.0,1.0,1.0,1.0,1.0
OraclePerfect_B05,JILONG_EI_0019,990,992.0438232421875,0.5250681480964857,1.0,1.0,1.0,1.0,1.0
OraclePerfect_B05,JILONG_EI_0019,1000,996.2964477539062,0.5227673162647464,1.0,1.0,1.0,1.0,1.0
OraclePerfect_B05,JILONG_EI_0019,1010,1000.1555786132812,0.5208111086417724,1.0,1.0,1.0,1.0,1.0
OraclePerfect_B05,JILONG_EI_0019,1020,1002.5319213867188,0.5166126574225071,1.0,1.0,1.0,1.0,1.0
OraclePerfect_B05,JILONG_EI_0019,1030,1004.7196044921875,0.5128773795965821,1.0,1.0,1.0,1.0,1.0
OraclePerfect_B05,JILONG_EI_0019,1040,1007.721435546875,0.509783029933749,1.0,1.0,1.0,1.0,1.0
OraclePerfect_B05,JILONG_EI_0019,1050,1011.7514038085938,0.5075990864407002,1.0,1.0,1.0,1.0,1.0
OraclePerfect_B05,JILONG_EI_0019,1060,1013.0186157226562,0.5043488153354082,1.0,1.0,1.0,1.0,1.0
OraclePerfect_B05,JILONG_EI_0019,1070,1016.7449951171875,0.5019244848097254,1.0,1.0,1.0,1.0,1.0
OraclePerfect_B05,JILONG_EI_0019,1080,1018.1376342773438,0.500473401693569,1.0,1.0,1.0,1.0,1.0
OraclePerfect_B05,JILONG_EI_0019,1090,1016.80224609375,0.49597861785419844,1.0,1.0,1.0,1.0,1.0
OraclePerfect_B05,JILONG_EI_0019,1100,1017.8920288085938,0.4940577496063057,1.0,1.0,1.0,1.0,1.0
OraclePerfect_B05,JILONG_EI_0019,1110,1021.0310668945312,0.4917955739313284,1.0,1.0,1.0,1.0,1.0
OraclePerfect_B05,JILONG_EI_0019,1120,1024.3214111328125,0.4889810619855915,1.0,1.0,1.0,1.0,1.0
OraclePerfect_B05,JILONG_EI_0019,1130,1026.60888671875,0.4849453220693565,1.0,1.0,1.0,1.0,1.0
OraclePerfect_B05,JILONG_EI_0019,1140,1029.6502685546875,0.4827112875412517,1.0,1.0,1.0,1.0,1.0
OraclePerfect_B05,JILONG_EI_0019,1150,1032.8896484375,0.48092690624711226,1.0,1.0,1.0,1.0,1.0
OraclePerfect_B05,JILONG_EI_0019,1160,1037.198486328125,0.47910022133710733,1.0,1.0,1.0,1.0,1.0
OraclePerfect_B05,JILONG_EI_0019,1170,1039.505615234375,0.47684604172118766,1.0,1.0,1.0,1.0,1.0
OraclePerfect_B05,JILONG_EI_0019,1180,1041.9942626953125,0.4753801548026569,1.0,1.0,1.0,1.0,1.0
OraclePerfect_B05,JILONG_EI_0019,1190,1045.8587646484375,0.47480725696391374,1.0,1.0,1.0,1.0,1.0
OraclePerfect_B05,JILONG_EI_0019,1200,1049.893798828125,0.474057584250931,1.0,1.0,1.0,1.0,1.0
OraclePerfect_B05,JILONG_EI_0019,1210,1052.3956298828125,0.4725624689603268,1.0,1.0,1.0,1.0,1.0
OraclePerfect_B05,JILONG_EI_0019,1220,1054.96484375,0.4719057991291096,1.0,1.0,1.0,1.0,1.0
OraclePerfect_B05,JILONG_EI_0019,1230,1057.7388916015625,0.4706465808637395,1.0,1.0,1.0,1.0,1.0
OraclePerfect_B05,JILONG_EI_0019,1240,1061.461181640625,0.47019358953047197,1.0,1.0,1.0,1.0,1.0
OraclePerfect_B05,JILONG_EI_0019,1250,1065.1671142578125,0.4707301313033223,1.0,1.0,1.0,1.0,1.0
OraclePerfect_B05,JILONG_EI_0019,1260,1067.7044677734375,0.4712832859799709,1.0,1.0,1.0,1.0,1.0
OraclePerfect_B05,JILONG_EI_0019,1270,1068.8505859375,0.4695338505302609,1.0,1.0,1.0,1.0,1.0
OraclePerfect_B05,JILONG_EI_0019,1280,1070.8828125,0.4678790179177887,1.0,1.0,1.0,1.0,1.0
OraclePerfect_B05,JILONG_EI_0019,1290,1072.842041015625,0.46705923491016504,1.0,1.0,1.0,1.0,1.0
OraclePerfect_B05,JILONG_EI_0019,1300,1076.332275390625,0.4663130124011643,1.0,1.0,1.0,1.0,1.0
OraclePerfect_B05,JILONG_EI_0019,1310,1076.952880859375,0.4642944367945987,1.0,1.0,1.0,1.0,1.0
OraclePerfect_B05,JILONG_EI_0019,1320,1079.4373779296875,0.46263566742453976,1.0,1.0,1.0,1.0,1.0
OraclePerfect_B05,JILONG_EI_0019,1330,1081.734130859375,0.46284905414003213,1.0,1.0,1.0,1.0,1.0
OraclePerfect_B05,JILONG_EI_0019,1340,1082.394287109375,0.46124523251993715,1.0,1.0,1.0,1.0,1.0
OraclePerfect_B05,JILONG_EI_0019,1350,1083.7314453125,0.4589714183961159,1.0,1.0,1.0,1.0,1.0
OraclePerfect_B05,JILONG_EI_0019,1360,1082.7845458984375,0.4545442515818988,1.0,1.0,1.0,1.0,1.0
OraclePerfect_B05,JILONG_EI_0019,1370,1085.705322265625,0.4535747964159355,1.0,1.0,1.0,1.0,1.0
OraclePerfect_B05,JILONG_EI_0019,1380,1088.3968505859375,0.4506694747397525,1.0,1.0,1.0,1.0,1.0
OraclePerfect_B05,JILONG_EI_0019,1390,1091.907958984375,0.44946531514282384,1.0,1.0,1.0,1.0,1.0
OraclePerfect_B05,JILONG_EI_0019,1400,1094.758056640625,0.4470714115465998,1.0,1.0,1.0,1.0,1.0
OraclePerfect_B05,JILONG_EI_0019,1410,1091.7525634765625,0.4401821877925615,1.0,1.0,1.0,1.0,1.0
OraclePerfect_B05,JILONG_EI_0019,1420,1090.340576171875,0.43324323332736653,1.0,1.0,1.0,1.0,1.0
OraclePerfect_B05,JILONG_EI_0019,1430,1090.582763671875,0.428477184986126,1.0,1.0,1.0,1.0,1.0
OraclePerfect_B05,JILONG_EI_0019,1440,1090.1397705078125,0.42266864779724084,1.0,1.0,1.0,1.0,1.0
OraclePerfect_B05,JILONG_EI_0029,10,19.188905715942383,0.9891591569851762,1.0,1.0,1.0,1.0,1.0
OraclePerfect_B05,JILONG_EI_0029,20,42.361297607421875,0.9953188554401251,1.0,1.0,1.0,1.0,1.0
OraclePerfect_B05,JILONG_EI_0029,30,100.4522933959961,0.9974982658366118,1.0,1.0,1.0,1.0,1.0
OraclePerfect_B05,JILONG_EI_0029,40,198.03054809570312,0.9943029038846652,1.0,1.0,1.0,1.0,1.0
OraclePerfect_B05,JILONG_EI_0029,50,262.0825500488281,0.9166587255060438,1.0,1.0,1.0,1.0,1.0
OraclePerfect_B05,JILONG_EI_0029,60,293.83721923828125,0.8748224202683266,1.0,1.0,1.0,1.0,1.0
OraclePerfect_B05,JILONG_EI_0029,70,349.383056640625,0.8598824470001545,1.0,1.0,1.0,1.0,1.0
OraclePerfect_B05,JILONG_EI_0029,80,436.6580810546875,0.7762231215399655,1.0,1.0,1.0,1.0,1.0
OraclePerfect_B05,JILONG_EI_0029,90,507.7401428222656,0.6599995795018335,1.0,1.0,1.0,1.0,1.0
OraclePerfect_B05,JILONG_EI_0029,100,549.305419921875,0.693784535908535,1.0,1.0,1.0,1.0,1.0
OraclePerfect_B05,JILONG_EI_0029,110,576.146728515625,0.675919016324785,1.0,1.0,1.0,1.0,1.0
OraclePerfect_B05,JILONG_EI_0029,120,594.7281494140625,0.7044621396222573,1.0,1.0,1.0,1.0,1.0
OraclePerfect_B05,JILONG_EI_0029,130,579.6822509765625,0.7054220096398092,1.0,1.0,1.0,1.0,1.0
OraclePerfect_B05,JILONG_EI_0029,140,602.1925659179688,0.7170621047536496,1.0,1.0,1.0,1.0,1.0
OraclePerfect_B05,JILONG_EI_0029,150,594.8660278320312,0.7145202600133465,1.0,1.0,1.0,1.0,1.0
OraclePerfect_B05,JILONG_EI_0029,160,626.56494140625,0.7202101009218022,1.0,1.0,1.0,1.0,1.0
OraclePerfect_B05,JILONG_EI_0029,170,693.242919921875,0.722213125858325,1.0,1.0,1.0,1.0,1.0
OraclePerfect_B05,JILONG_EI_0029,180,727.9923706054688,0.7274802085602595,1.0,1.0,1.0,1.0,1.0
OraclePerfect_B05,JILONG_EI_0029,190,729.631103515625,0.7394554783871365,1.0,1.0,1.0,1.0,1.0
OraclePerfect_B05,JILONG_EI_0029,200,741.3519897460938,0.763052271039653,1.0,1.0,1.0,1.0,1.0
OraclePerfect_B05,JILONG_EI_0029,210,743.9832763671875,0.7924892576378512,1.0,1.0,1.0,1.0,1.0
OraclePerfect_B05,JILONG_EI_0029,220,753.122314453125,0.81273353828648,1.0,1.0,1.0,1.0,1.0
OraclePerfect_B05,JILONG_EI_0029,230,807.7054443359375,0.8390729767702205,1.0,1.0,1.0,1.0,1.0
OraclePerfect_B05,JILONG_EI_0029,240,861.7840576171875,0.8122133245212585,1.0,1.0,1.0,1.0,1.0
OraclePerfect_B05,JILONG_EI_0029,250,890.8841552734375,0.7579269804149825,1.0,1.0,1.0,1.0,1.0
OraclePerfect_B05,JILONG_EI_0029,260,919.35986328125,0.7428767020332504,1.0,1.0,1.0,1.0,1.0
OraclePerfect_B05,JILONG_EI_0029,270,937.5066528320312,0.7534983033508549,1.0,1.0,1.0,1.0,1.0
OraclePerfect_B05,JILONG_EI_0029,280,947.5274658203125,0.7568796611305322,1.0,1.0,1.0,1.0,1.0
OraclePerfect_B05,JILONG_EI_0029,290,949.495849609375,0.7356068208625335,1.0,1.0,1.0,1.0,1.0
OraclePerfect_B05,JILONG_EI_0029,300,961.7763671875,0.7033958862808475,1.0,1.0,1.0,1.0,1.0
OraclePerfect_B05,JILONG_EI_0029,310,966.81103515625,0.6740548413610137,1.0,1.0,1.0,1.0,1.0
OraclePerfect_B05,JILONG_EI_0029,320,972.2783203125,0.6527136968083707,1.0,1.0,1.0,1.0,1.0
OraclePerfect_B05,JILONG_EI_0029,330,967.81103515625,0.6815521250700193,1.0,1.0,1.0,1.0,1.0
OraclePerfect_B05,JILONG_EI_0029,340,967.0111083984375,0.6987504920601777,1.0,1.0,1.0,1.0,1.0
OraclePerfect_B05,JILONG_EI_0029,350,967.19287109375,0.69291314199525,1.0,1.0,1.0,1.0,1.0
OraclePerfect_B05,JILONG_EI_0029,360,968.8248291015625,0.6706847450793528,1.0,1.0,1.0,1.0,1.0
OraclePerfect_B05,JILONG_EI_0029,370,977.3834228515625,0.6425124865672371,1.0,1.0,1.0,1.0,1.0
OraclePerfect_B05,JILONG_EI_0029,380,981.9503173828125,0.6154003775887606,1.0,1.0,1.0,1.0,1.0
OraclePerfect_B05,JILONG_EI_0029,390,983.0975341796875,0.5930080587352837,1.0,1.0,1.0,1.0,1.0
OraclePerfect_B05,JILONG_EI_0029,400,982.2356567382812,0.5729269978627365,1.0,1.0,1.0,1.0,1.0
OraclePerfect_B05,JILONG_EI_0029,410,976.949951171875,0.5763418969450677,1.0,1.0,1.0,1.0,1.0
OraclePerfect_B05,JILONG_EI_0029,420,970.3103637695312,0.5739118049481301,1.0,1.0,1.0,1.0,1.0
OraclePerfect_B05,JILONG_EI_0029,430,966.5563354492188,0.5699264458511615,1.0,1.0,1.0,1.0,1.0
OraclePerfect_B05,JILONG_EI_0029,440,959.734375,0.5623458499476965,1.0,1.0,1.0,1.0,1.0
OraclePerfect_B05,JILONG_EI_0029,450,948.295166015625,0.552436678260554,1.0,1.0,1.0,1.0,1.0
OraclePerfect_B05,JILONG_EI_0029,460,940.95068359375,0.5430439664102538,1.0,1.0,1.0,1.0,1.0
OraclePerfect_B05,JILONG_EI_0029,470,933.1536254882812,0.5458602473172476,1.0,1.0,1.0,1.0,1.0
OraclePerfect_B05,JILONG_EI_0029,480,930.0631103515625,0.5468350667514842,1.0,1.0,1.0,1.0,1.0
OraclePerfect_B05,JILONG_EI_0029,490,923.547607421875,0.5474552168104608,1.0,1.0,1.0,1.0,1.0
OraclePerfect_B05,JILONG_EI_0029,500,921.7112426757812,0.5490941567537352,1.0,1.0,1.0,1.0,1.0
OraclePerfect_B05,JILONG_EI_0029,510,919.7772216796875,0.5502521804317254,1.0,1.0,1.0,1.0,1.0
OraclePerfect_B05,JILONG_EI_0029,520,918.7408447265625,0.550114400513918,1.0,1.0,1.0,1.0,1.0
OraclePerfect_B05,JILONG_EI_0029,530,917.3611450195312,0.5516330154204394,1.0,1.0,1.0,1.0,1.0
OraclePerfect_B05,JILONG_EI_0029,540,916.2998046875,0.5515224389023572,1.0,1.0,1.0,1.0,1.0
OraclePerfect_B05,JILONG_EI_0029,550,917.4033813476562,0.5518008707285296,1.0,1.0,1.0,1.0,1.0
OraclePerfect_B05,JILONG_EI_0029,560,917.4789428710938,0.5516888508580658,1.0,1.0,1.0,1.0,1.0
OraclePerfect_B05,JILONG_EI_0029,570,916.8106689453125,0.548898312430435,1.0,1.0,1.0,1.0,1.0
OraclePerfect_B05,JILONG_EI_0029,580,915.9400024414062,0.5488681465129166,1.0,1.0,1.0,1.0,1.0
OraclePerfect_B05,JILONG_EI_0029,590,912.9786376953125,0.548154850208192,1.0,1.0,1.0,1.0,1.0
OraclePerfect_B05,JILONG_EI_0029,600,910.565185546875,0.5490443267518634,1.0,1.0,1.0,1.0,1.0
OraclePerfect_B05,JILONG_EI_0029,610,909.3499145507812,0.5543375841200459,1.0,1.0,1.0,1.0,1.0
OraclePerfect_B05,JILONG_EI_0029,620,908.015869140625,0.556043343515006,1.0,1.0,1.0,1.0,1.0
OraclePerfect_B05,JILONG_EI_0029,630,910.2796020507812,0.5593882630082296,1.0,1.0,1.0,1.0,1.0
OraclePerfect_B05,JILONG_EI_0029,640,913.4887084960938,0.5618630412910531,1.0,1.0,1.0,1.0,1.0
OraclePerfect_B05,JILONG_EI_0029,650,919.4765625,0.5651824425982714,1.0,1.0,1.0,1.0,1.0
OraclePerfect_B05,JILONG_EI_0029,660,925.04833984375,0.5680195620767539,1.0,1.0,1.0,1.0,1.0
OraclePerfect_B05,JILONG_EI_0029,670,929.34423828125,0.5711875838727727,1.0,1.0,1.0,1.0,1.0
OraclePerfect_B05,JILONG_EI_0029,680,930.822509765625,0.5741752954472222,1.0,1.0,1.0,1.0,1.0
OraclePerfect_B05,JILONG_EI_0029,690,935.892578125,0.5777249069959248,1.0,1.0,1.0,1.0,1.0
OraclePerfect_B05,JILONG_EI_0029,700,939.7852172851562,0.5781201513221534,1.0,1.0,1.0,1.0,1.0
OraclePerfect_B05,JILONG_EI_0029,710,945.6939697265625,0.5796014662049925,1.0,1.0,1.0,1.0,1.0
OraclePerfect_B05,JILONG_EI_0029,720,950.9295043945312,0.5802410453689517,1.0,1.0,1.0,1.0,1.0
OraclePerfect_B05,JILONG_EI_0029,730,956.5382690429688,0.5807095177808105,1.0,1.0,1.0,1.0,1.0
OraclePerfect_B05,JILONG_EI_0029,740,962.0904541015625,0.5799128917171564,1.0,1.0,1.0,1.0,1.0
OraclePerfect_B05,JILONG_EI_0029,750,968.6836547851562,0.5799591438659227,1.0,1.0,1.0,1.0,1.0
OraclePerfect_B05,JILONG_EI_0029,760,974.7631225585938,0.5784946977479359,1.0,1.0,1.0,1.0,1.0
OraclePerfect_B05,JILONG_EI_0029,770,980.7410888671875,0.5774110108407716,1.0,1.0,1.0,1.0,1.0
OraclePerfect_B05,JILONG_EI_0029,780,987.0187377929688,0.5757687542587461,1.0,1.0,1.0,1.0,1.0
OraclePerfect_B05,JILONG_EI_0029,790,991.6246948242188,0.573230066753262,1.0,1.0,1.0,1.0,1.0
OraclePerfect_B05,JILONG_EI_0029,800,998.2418212890625,0.570114914333057,1.0,1.0,1.0,1.0,1.0
OraclePerfect_B05,JILONG_EI_0029,810,1005.4302978515625,0.5671152859795271,1.0,1.0,1.0,1.0,1.0
OraclePerfect_B05,JILONG_EI_0029,820,1012.2088623046875,0.5635480002002828,1.0,1.0,1.0,1.0,1.0
OraclePerfect_B05,JILONG_EI_0029,830,1019.2720947265625,0.5597553859440432,1.0,1.0,1.0,1.0,1.0
OraclePerfect_B05,JILONG_EI_0029,840,1024.6351318359375,0.5554030436948668,1.0,1.0,1.0,1.0,1.0
OraclePerfect_B05,JILONG_EI_0029,850,1032.3701171875,0.5536185280985165,1.0,1.0,1.0,1.0,1.0
OraclePerfect_B05,JILONG_EI_0029,860,1036.757568359375,0.5503301773735441,1.0,1.0,1.0,1.0,1.0
OraclePerfect_B05,JILONG_EI_0029,870,1042.254638671875,0.5478482494939936,1.0,1.0,1.0,1.0,1.0
OraclePerfect_B05,JILONG_EI_0029,880,1049.850341796875,0.5455342521855484,1.0,1.0,1.0,1.0,1.0
OraclePerfect_B05,JILONG_EI_0029,890,1055.3328857421875,0.5429114434020631,1.0,1.0,1.0,1.0,1.0
OraclePerfect_B05,JILONG_EI_0029,900,1061.336669921875,0.5408593993603789,1.0,1.0,1.0,1.0,1.0
OraclePerfect_B05,JILONG_EI_0029,910,1065.51513671875,0.5371574968731687,1.0,1.0,1.0,1.0,1.0
OraclePerfect_B05,JILONG_EI_0029,920,1071.61279296875,0.536607023478882,1.0,1.0,1.0,1.0,1.0
OraclePerfect_B05,JILONG_EI_0029,930,1074.24267578125,0.5316559033324537,1.0,1.0,1.0,1.0,1.0
OraclePerfect_B05,JILONG_EI_0029,940,1079.62744140625,0.5293453021709018,1.0,1.0,1.0,1.0,1.0
OraclePerfect_B05,JILONG_EI_0029,950,1083.9110107421875,0.527352697054571,1.0,1.0,1.0,1.0,1.0
OraclePerfect_B05,JILONG_EI_0029,960,1088.2689208984375,0.5236897114286942,1.0,1.0,1.0,1.0,1.0
OraclePerfect_B05,JILONG_EI_0029,970,1093.1788330078125,0.520678563438175,1.0,1.0,1.0,1.0,1.0
OraclePerfect_B05,JILONG_EI_0029,980,1098.0340576171875,0.5204690306560387,1.0,1.0,1.0,1.0,1.0
OraclePerfect_B05,JILONG_EI_0029,990,1101.667236328125,0.5177115587403068,1.0,1.0,1.0,1.0,1.0
OraclePerfect_B05,JILONG_EI_0029,1000,1104.822021484375,0.5137723004853916,1.0,1.0,1.0,1.0,1.0
OraclePerfect_B05,JILONG_EI_0029,1010,1106.462890625,0.5087870407767167,1.0,1.0,1.0,1.0,1.0
OraclePerfect_B05,JILONG_EI_0029,1020,1110.5057373046875,0.5058036457342453,1.0,1.0,1.0,1.0,1.0
OraclePerfect_B05,JILONG_EI_0029,1030,1113.855224609375,0.5059773205119584,1.0,1.0,1.0,1.0,1.0
OraclePerfect_B05,JILONG_EI_0029,1040,1114.987060546875,0.5030767394132446,1.0,1.0,1.0,1.0,1.0
OraclePerfect_B05,JILONG_EI_0029,1050,1118.789794921875,0.5009207620604598,1.0,1.0,1.0,1.0,1.0
OraclePerfect_B05,JILONG_EI_0029,1060,1119.605712890625,0.49651766165277916,1.0,1.0,1.0,1.0,1.0
OraclePerfect_B05,JILONG_EI_0029,1070,1123.224853515625,0.49471074835570106,1.0,1.0,1.0,1.0,1.0
OraclePerfect_B05,JILONG_EI_0029,1080,1127.60986328125,0.4939847553285363,1.0,1.0,1.0,1.0,1.0
OraclePerfect_B05,JILONG_EI_0029,1090,1130.5208740234375,0.4928945175401644,1.0,1.0,1.0,1.0,1.0
OraclePerfect_B05,JILONG_EI_0029,1100,1132.87841796875,0.492026327203215,1.0,1.0,1.0,1.0,1.0
OraclePerfect_B05,JILONG_EI_0029,1110,1134.07958984375,0.4894308493833271,1.0,1.0,1.0,1.0,1.0
OraclePerfect_B05,JILONG_EI_0029,1120,1136.36279296875,0.4898423292732644,1.0,1.0,1.0,1.0,1.0
OraclePerfect_B05,JILONG_EI_0029,1130,1133.719482421875,0.4845006328642419,1.0,1.0,1.0,1.0,1.0
OraclePerfect_B05,JILONG_EI_0029,1140,1137.6318359375,0.48422093279875117,1.0,1.0,1.0,1.0,1.0
OraclePerfect_B05,JILONG_EI_0029,1150,1141.578125,0.4831236621977046,1.0,1.0,1.0,1.0,1.0
OraclePerfect_B05,JILONG_EI_0029,1160,1139.2984619140625,0.478024857803008,1.0,1.0,1.0,1.0,1.0
OraclePerfect_B05,JILONG_EI_0029,1170,1141.40771484375,0.4765098992054427,1.0,1.0,1.0,1.0,1.0
OraclePerfect_B05,JILONG_EI_0029,1180,1142.5418701171875,0.47364479015750716,1.0,1.0,1.0,1.0,1.0
OraclePerfect_B05,JILONG_EI_0029,1190,1140.7012939453125,0.46866420713486023,1.0,1.0,1.0,1.0,1.0
OraclePerfect_B05,JILONG_EI_0029,1200,1136.587158203125,0.46149451112052176,1.0,1.0,1.0,1.0,1.0
OraclePerfect_B05,JILONG_EI_0029,1210,1138.44482421875,0.45836864337695743,1.0,1.0,1.0,1.0,1.0
OraclePerfect_B05,JILONG_EI_0029,1220,1137.4857177734375,0.4526566481946929,1.0,1.0,1.0,1.0,1.0
OraclePerfect_B05,JILONG_EI_0029,1230,1140.85986328125,0.44953291156091885,1.0,1.0,1.0,1.0,1.0
OraclePerfect_B05,JILONG_EI_0029,1240,1139.445068359375,0.4427589731867093,1.0,1.0,1.0,1.0,1.0
OraclePerfect_B05,JILONG_EI_0029,1250,1141.5721435546875,0.4380173175219867,1.0,1.0,1.0,1.0,1.0
OraclePerfect_B05,JILONG_EI_0029,1260,1144.818359375,0.4340278523825338,1.0,1.0,1.0,1.0,1.0
OraclePerfect_B05,JILONG_EI_0029,1270,1147.7086181640625,0.43028083651328425,1.0,1.0,1.0,1.0,1.0
OraclePerfect_B05,JILONG_EI_0029,1280,1149.94775390625,0.426571061862826,1.0,1.0,1.0,1.0,1.0
OraclePerfect_B05,JILONG_EI_0029,1290,1153.936767578125,0.42440259190940677,1.0,1.0,1.0,1.0,1.0
OraclePerfect_B05,JILONG_EI_0029,1300,1158.07421875,0.42106532986454276,1.0,1.0,1.0,1.0,1.0
OraclePerfect_B05,JILONG_EI_0029,1310,1163.6712646484375,0.4177097242388567,1.0,1.0,1.0,1.0,1.0
OraclePerfect_B05,JILONG_EI_0029,1320,1168.8184814453125,0.4138526724130284,1.0,1.0,1.0,1.0,1.0
OraclePerfect_B05,JILONG_EI_0029,1330,1172.2191162109375,0.41049796808550265,1.0,1.0,1.0,1.0,1.0
OraclePerfect_B05,JILONG_EI_0029,1340,1174.63818359375,0.4068668833174484,1.0,1.0,1.0,1.0,1.0
OraclePerfect_B05,JILONG_EI_0029,1350,1177.1834716796875,0.4024989581425928,1.0,1.0,1.0,1.0,1.0
OraclePerfect_B05,JILONG_EI_0029,1360,1181.6781005859375,0.40023450745845834,1.0,1.0,1.0,1.0,1.0
OraclePerfect_B05,JILONG_EI_0029,1370,1184.8753662109375,0.39675648531655494,1.0,1.0,1.0,1.0,1.0
OraclePerfect_B05,JILONG_EI_0029,1380,1189.0166015625,0.39319579248560876,1.0,1.0,1.0,1.0,1.0
OraclePerfect_B05,JILONG_EI_0029,1390,1194.21533203125,0.39130431261048404,1.0,1.0,1.0,1.0,1.0
OraclePerfect_B05,JILONG_EI_0029,1400,1197.5244140625,0.38994969198936047,1.0,1.0,1.0,1.0,1.0
OraclePerfect_B05,JILONG_EI_0029,1410,1202.2117919921875,0.3873505756260315,1.0,1.0,1.0,1.0,1.0
OraclePerfect_B05,JILONG_EI_0029,1420,1206.295654296875,0.3849915843798596,1.0,1.0,1.0,1.0,1.0
OraclePerfect_B05,JILONG_EI_0029,1430,1207.55517578125,0.38061866537456396,1.0,1.0,1.0,1.0,1.0
OraclePerfect_B05,JILONG_EI_0029,1440,1209.2657470703125,0.3782388761682288,1.0,1.0,1.0,1.0,1.0
OraclePerfect_B05,JILONG_EI_0039,10,22.638586044311523,0.9943997133162796,1.0,1.0,1.0,1.0,1.0
OraclePerfect_B05,JILONG_EI_0039,20,47.15727615356445,0.9967612373137626,1.0,1.0,1.0,1.0,1.0
OraclePerfect_B05,JILONG_EI_0039,30,91.85856628417969,0.9980400737787086,1.0,1.0,1.0,1.0,1.0
OraclePerfect_B05,JILONG_EI_0039,40,185.22158813476562,0.9978482641204007,1.0,1.0,1.0,1.0,1.0
OraclePerfect_B05,JILONG_EI_0039,50,248.91836547851562,0.9189679862033415,1.0,1.0,1.0,1.0,1.0
OraclePerfect_B05,JILONG_EI_0039,60,283.12664794921875,0.8714970924166663,1.0,1.0,1.0,1.0,1.0
OraclePerfect_B05,JILONG_EI_0039,70,335.7689208984375,0.867735561805582,1.0,1.0,1.0,1.0,1.0
OraclePerfect_B05,JILONG_EI_0039,80,400.5235595703125,0.780536232116058,1.0,1.0,1.0,1.0,1.0
OraclePerfect_B05,JILONG_EI_0039,90,452.611328125,0.6759736163521852,1.0,1.0,1.0,1.0,1.0
OraclePerfect_B05,JILONG_EI_0039,100,495.3929138183594,0.6930975824933128,1.0,1.0,1.0,1.0,1.0
OraclePerfect_B05,JILONG_EI_0039,110,519.6065063476562,0.6906785727150642,1.0,1.0,1.0,1.0,1.0
OraclePerfect_B05,JILONG_EI_0039,120,533.2056884765625,0.7167084411642821,1.0,1.0,1.0,1.0,1.0
OraclePerfect_B05,JILONG_EI_0039,130,520.1060791015625,0.7308224119164394,1.0,1.0,1.0,1.0,1.0
OraclePerfect_B05,JILONG_EI_0039,140,545.5216064453125,0.7437394732605294,1.0,1.0,1.0,1.0,1.0
OraclePerfect_B05,JILONG_EI_0039,150,545.5106811523438,0.7456905791673574,1.0,1.0,1.0,1.0,1.0
OraclePerfect_B05,JILONG_EI_0039,160,590.521240234375,0.7454016817862207,1.0,1.0,1.0,1.0,1.0
OraclePerfect_B05,JILONG_EI_0039,170,638.2777099609375,0.7534154720899503,1.0,1.0,1.0,1.0,1.0
OraclePerfect_B05,JILONG_EI_0039,180,665.7952880859375,0.7481554752166072,1.0,1.0,1.0,1.0,1.0
OraclePerfect_B05,JILONG_EI_0039,190,662.8208618164062,0.7569158160996807,1.0,1.0,1.0,1.0,1.0
OraclePerfect_B05,JILONG_EI_0039,200,676.42626953125,0.7788121441891526,1.0,1.0,1.0,1.0,1.0
OraclePerfect_B05,JILONG_EI_0039,210,677.246337890625,0.801382531677729,1.0,1.0,1.0,1.0,1.0
OraclePerfect_B05,JILONG_EI_0039,220,674.5862426757812,0.8169067929485535,1.0,1.0,1.0,1.0,1.0
OraclePerfect_B05,JILONG_EI_0039,230,720.000244140625,0.8353562220072651,1.0,1.0,1.0,1.0,1.0
OraclePerfect_B05,JILONG_EI_0039,240,761.8728637695312,0.837580698296744,1.0,1.0,1.0,1.0,1.0
OraclePerfect_B05,JILONG_EI_0039,250,794.7174682617188,0.7845925705262792,1.0,1.0,1.0,1.0,1.0
OraclePerfect_B05,JILONG_EI_0039,260,815.8297119140625,0.7445069098176632,1.0,1.0,1.0,1.0,1.0
OraclePerfect_B05,JILONG_EI_0039,270,828.1666870117188,0.7232591798299453,1.0,1.0,1.0,1.0,1.0
OraclePerfect_B05,JILONG_EI_0039,280,834.5458984375,0.7297380351224293,1.0,1.0,1.0,1.0,1.0
OraclePerfect_B05,JILONG_EI_0039,290,838.5018920898438,0.7269720371262295,1.0,1.0,1.0,1.0,1.0
OraclePerfect_B05,JILONG_EI_0039,300,837.8487548828125,0.7100902003726438,1.0,1.0,1.0,1.0,1.0
OraclePerfect_B05,JILONG_EI_0039,310,841.0042724609375,0.6851231380237319,1.0,1.0,1.0,1.0,1.0
OraclePerfect_B05,JILONG_EI_0039,320,839.0554809570312,0.6561586196551585,1.0,1.0,1.0,1.0,1.0
OraclePerfect_B05,JILONG_EI_0039,330,835.0119018554688,0.6701950986935092,1.0,1.0,1.0,1.0,1.0
OraclePerfect_B05,JILONG_EI_0039,340,827.902587890625,0.6941035303696667,1.0,1.0,1.0,1.0,1.0
OraclePerfect_B05,JILONG_EI_0039,350,828.0576171875,0.7102446814142817,1.0,1.0,1.0,1.0,1.0
OraclePerfect_B05,JILONG_EI_0039,360,830.4422607421875,0.7049041764641714,1.0,1.0,1.0,1.0,1.0
OraclePerfect_B05,JILONG_EI_0039,370,834.7000732421875,0.6827946460670984,1.0,1.0,1.0,1.0,1.0
OraclePerfect_B05,JILONG_EI_0039,380,840.864013671875,0.6520469474414877,1.0,1.0,1.0,1.0,1.0
OraclePerfect_B05,JILONG_EI_0039,390,848.7780151367188,0.6212790050207232,1.0,1.0,1.0,1.0,1.0
OraclePerfect_B05,JILONG_EI_0039,400,852.8211669921875,0.592404661554828,1.0,1.0,1.0,1.0,1.0
OraclePerfect_B05,JILONG_EI_0039,410,850.7003173828125,0.5871073901854219,1.0,1.0,1.0,1.0,1.0
OraclePerfect_B05,JILONG_EI_0039,420,849.9921875,0.5893153994546155,1.0,1.0,1.0,1.0,1.0
OraclePerfect_B05,JILONG_EI_0039,430,843.63720703125,0.5871132618482011,1.0,1.0,1.0,1.0,1.0
OraclePerfect_B05,JILONG_EI_0039,440,838.5591430664062,0.5815893843754948,1.0,1.0,1.0,1.0,1.0
OraclePerfect_B05,JILONG_EI_0039,450,836.2494506835938,0.5732344601509687,1.0,1.0,1.0,1.0,1.0
OraclePerfect_B05,JILONG_EI_0039,460,823.1068115234375,0.5622971467321051,1.0,1.0,1.0,1.0,1.0
OraclePerfect_B05,JILONG_EI_0039,470,811.8351440429688,0.5546284439786665,1.0,1.0,1.0,1.0,1.0
OraclePerfect_B05,JILONG_EI_0039,480,804.298828125,0.5571954809416828,1.0,1.0,1.0,1.0,1.0
OraclePerfect_B05,JILONG_EI_0039,490,797.343994140625,0.5580981570310749,1.0,1.0,1.0,1.0,1.0
OraclePerfect_B05,JILONG_EI_0039,500,791.56787109375,0.5591377496427553,1.0,1.0,1.0,1.0,1.0
OraclePerfect_B05,JILONG_EI_0039,510,787.7511596679688,0.5593182160811035,1.0,1.0,1.0,1.0,1.0
OraclePerfect_B05,JILONG_EI_0039,520,788.3939819335938,0.5625308829850728,1.0,1.0,1.0,1.0,1.0
OraclePerfect_B05,JILONG_EI_0039,530,791.3511352539062,0.565823548780899,1.0,1.0,1.0,1.0,1.0
OraclePerfect_B05,JILONG_EI_0039,540,787.0443725585938,0.5668710869624692,1.0,1.0,1.0,1.0,1.0
OraclePerfect_B05,JILONG_EI_0039,550,786.08642578125,0.5675319242852697,1.0,1.0,1.0,1.0,1.0
OraclePerfect_B05,JILONG_EI_0039,560,784.2406005859375,0.5676760214562652,1.0,1.0,1.0,1.0,1.0
OraclePerfect_B05,JILONG_EI_0039,570,782.8468017578125,0.5667569449653873,1.0,1.0,1.0,1.0,1.0
OraclePerfect_B05,JILONG_EI_0039,580,781.664794921875,0.56614417773335,1.0,1.0,1.0,1.0,1.0
OraclePerfect_B05,JILONG_EI_0039,590,780.4091186523438,0.5631954779439022,1.0,1.0,1.0,1.0,1.0
OraclePerfect_B05,JILONG_EI_0039,600,781.337158203125,0.5581675854846885,1.0,1.0,1.0,1.0,1.0
OraclePerfect_B05,JILONG_EI_0039,610,779.936279296875,0.5521179555214419,1.0,1.0,1.0,1.0,1.0
OraclePerfect_B05,JILONG_EI_0039,620,778.7194213867188,0.5471174967075898,1.0,1.0,1.0,1.0,1.0
OraclePerfect_B05,JILONG_EI_0039,630,776.5150146484375,0.5439354263112061,1.0,1.0,1.0,1.0,1.0
OraclePerfect_B05,JILONG_EI_0039,640,776.8523559570312,0.5399244573008455,1.0,1.0,1.0,1.0,1.0
OraclePerfect_B05,JILONG_EI_0039,650,778.42626953125,0.5423885803887251,1.0,1.0,1.0,1.0,1.0
OraclePerfect_B05,JILONG_EI_0039,660,780.395751953125,0.5452370276457373,1.0,1.0,1.0,1.0,1.0
OraclePerfect_B05,JILONG_EI_0039,670,781.3245849609375,0.547162794531282,1.0,1.0,1.0,1.0,1.0
OraclePerfect_B05,JILONG_EI_0039,680,784.571044921875,0.5492294142224571,1.0,1.0,1.0,1.0,1.0
OraclePerfect_B05,JILONG_EI_0039,690,788.7537841796875,0.5494199989107997,1.0,1.0,1.0,1.0,1.0
OraclePerfect_B05,JILONG_EI_0039,700,794.9470825195312,0.5521546015527452,1.0,1.0,1.0,1.0,1.0
OraclePerfect_B05,JILONG_EI_0039,710,798.5196533203125,0.552906893506258,1.0,1.0,1.0,1.0,1.0
OraclePerfect_B05,JILONG_EI_0039,720,800.203857421875,0.5537632032622993,1.0,1.0,1.0,1.0,1.0
OraclePerfect_B05,JILONG_EI_0039,730,803.5613403320312,0.5540603705823715,1.0,1.0,1.0,1.0,1.0
OraclePerfect_B05,JILONG_EI_0039,740,806.9169921875,0.5562526599435574,1.0,1.0,1.0,1.0,1.0
OraclePerfect_B05,JILONG_EI_0039,750,810.577392578125,0.5568549772276923,1.0,1.0,1.0,1.0,1.0
OraclePerfect_B05,JILONG_EI_0039,760,815.0654296875,0.5570754633778029,1.0,1.0,1.0,1.0,1.0
OraclePerfect_B05,JILONG_EI_0039,770,818.5865478515625,0.5582619347106201,1.0,1.0,1.0,1.0,1.0
OraclePerfect_B05,JILONG_EI_0039,780,822.099853515625,0.5563788297360218,1.0,1.0,1.0,1.0,1.0
OraclePerfect_B05,JILONG_EI_0039,790,827.4981079101562,0.5544309090332921,1.0,1.0,1.0,1.0,1.0
OraclePerfect_B05,JILONG_EI_0039,800,832.5107421875,0.5533455234706977,1.0,1.0,1.0,1.0,1.0
OraclePerfect_B05,JILONG_EI_0039,810,838.2781982421875,0.552818506131682,1.0,1.0,1.0,1.0,1.0
OraclePerfect_B05,JILONG_EI_0039,820,842.2579345703125,0.5535196119570944,1.0,1.0,1.0,1.0,1.0
OraclePerfect_B05,JILONG_EI_0039,830,847.5677490234375,0.554328845810122,1.0,1.0,1.0,1.0,1.0
OraclePerfect_B05,JILONG_EI_0039,840,848.5510864257812,0.5502713911993582,1.0,1.0,1.0,1.0,1.0
OraclePerfect_B05,JILONG_EI_0039,850,853.33447265625,0.5498188410984332,1.0,1.0,1.0,1.0,1.0
OraclePerfect_B05,JILONG_EI_0039,860,858.625,0.5480708290115804,1.0,1.0,1.0,1.0,1.0
OraclePerfect_B05,JILONG_EI_0039,870,862.327392578125,0.5448393569409156,1.0,1.0,1.0,1.0,1.0
OraclePerfect_B05,JILONG_EI_0039,880,867.78857421875,0.5423634785714954,1.0,1.0,1.0,1.0,1.0
OraclePerfect_B05,JILONG_EI_0039,890,873.3564453125,0.539144213325519,1.0,1.0,1.0,1.0,1.0
OraclePerfect_B05,JILONG_EI_0039,900,879.676025390625,0.5370110529095685,1.0,1.0,1.0,1.0,1.0
OraclePerfect_B05,JILONG_EI_0039,910,885.79052734375,0.5347917396489347,1.0,1.0,1.0,1.0,1.0
OraclePerfect_B05,JILONG_EI_0039,920,892.0023193359375,0.5314005401874552,1.0,1.0,1.0,1.0,1.0
OraclePerfect_B05,JILONG_EI_0039,930,897.49658203125,0.5287299078902622,1.0,1.0,1.0,1.0,1.0
OraclePerfect_B05,JILONG_EI_0039,940,903.5384521484375,0.5267976526651801,1.0,1.0,1.0,1.0,1.0
OraclePerfect_B05,JILONG_EI_0039,950,908.2950439453125,0.5236243526765465,1.0,1.0,1.0,1.0,1.0
OraclePerfect_B05,JILONG_EI_0039,960,911.660888671875,0.5209697478397282,1.0,1.0,1.0,1.0,1.0
OraclePerfect_B05,JILONG_EI_0039,970,916.9894409179688,0.517937235923687,1.0,1.0,1.0,1.0,1.0
OraclePerfect_B05,JILONG_EI_0039,980,921.4786987304688,0.5161095397291344,1.0,1.0,1.0,1.0,1.0
OraclePerfect_B05,JILONG_EI_0039,990,925.6566772460938,0.5138334690773309,1.0,1.0,1.0,1.0,1.0
OraclePerfect_B05,JILONG_EI_0039,1000,930.9332885742188,0.5115213354541903,1.0,1.0,1.0,1.0,1.0
OraclePerfect_B05,JILONG_EI_0039,1010,935.465087890625,0.5087300769319943,1.0,1.0,1.0,1.0,1.0
OraclePerfect_B05,JILONG_EI_0039,1020,940.2042236328125,0.5069303892454755,1.0,1.0,1.0,1.0,1.0
OraclePerfect_B05,JILONG_EI_0039,1030,944.352294921875,0.5054910637475271,1.0,1.0,1.0,1.0,1.0
OraclePerfect_B05,JILONG_EI_0039,1040,948.00439453125,0.5021157958951104,1.0,1.0,1.0,1.0,1.0
OraclePerfect_B05,JILONG_EI_0039,1050,952.4287109375,0.5007365141048997,1.0,1.0,1.0,1.0,1.0
OraclePerfect_B05,JILONG_EI_0039,1060,956.398681640625,0.49969541977069487,1.0,1.0,1.0,1.0,1.0
OraclePerfect_B05,JILONG_EI_0039,1070,961.43017578125,0.4975048285584557,1.0,1.0,1.0,1.0,1.0
OraclePerfect_B05,JILONG_EI_0039,1080,963.8243408203125,0.49335272467317837,1.0,1.0,1.0,1.0,1.0
OraclePerfect_B05,JILONG_EI_0039,1090,967.8734130859375,0.49272333343374136,1.0,1.0,1.0,1.0,1.0
OraclePerfect_B05,JILONG_EI_0039,1100,969.2389526367188,0.4912546999577815,1.0,1.0,1.0,1.0,1.0
OraclePerfect_B05,JILONG_EI_0039,1110,973.8191528320312,0.4896561065277533,1.0,1.0,1.0,1.0,1.0
OraclePerfect_B05,JILONG_EI_0039,1120,977.1419067382812,0.4881428029501897,1.0,1.0,1.0,1.0,1.0
OraclePerfect_B05,JILONG_EI_0039,1130,981.8496704101562,0.48717830679325924,1.0,1.0,1.0,1.0,1.0
OraclePerfect_B05,JILONG_EI_0039,1140,987.1514892578125,0.48624370522336374,1.0,1.0,1.0,1.0,1.0
OraclePerfect_B05,JILONG_EI_0039,1150,989.5504150390625,0.48574884669745827,1.0,1.0,1.0,1.0,1.0
OraclePerfect_B05,JILONG_EI_0039,1160,993.543212890625,0.4855648460644051,1.0,1.0,1.0,1.0,1.0
OraclePerfect_B05,JILONG_EI_0039,1170,997.7003173828125,0.48469372468676447,1.0,1.0,1.0,1.0,1.0
OraclePerfect_B05,JILONG_EI_0039,1180,998.782958984375,0.4826981148258058,1.0,1.0,1.0,1.0,1.0
OraclePerfect_B05,JILONG_EI_0039,1190,1001.0087280273438,0.48049610104399637,1.0,1.0,1.0,1.0,1.0
OraclePerfect_B05,JILONG_EI_0039,1200,1005.556640625,0.4797699067246532,1.0,1.0,1.0,1.0,1.0
OraclePerfect_B05,JILONG_EI_0039,1210,1008.2623901367188,0.4786249298903589,1.0,1.0,1.0,1.0,1.0
OraclePerfect_B05,JILONG_EI_0039,1220,1010.0305786132812,0.4769653778792431,1.0,1.0,1.0,1.0,1.0
OraclePerfect_B05,JILONG_EI_0039,1230,1012.8720703125,0.47558048386175045,1.0,1.0,1.0,1.0,1.0
OraclePerfect_B05,JILONG_EI_0039,1240,1016.0494384765625,0.47534874613033523,1.0,1.0,1.0,1.0,1.0
OraclePerfect_B05,JILONG_EI_0039,1250,1018.991455078125,0.47473149220961997,1.0,1.0,1.0,1.0,1.0
OraclePerfect_B05,JILONG_EI_0039,1260,1018.8485107421875,0.4714142409311659,1.0,1.0,1.0,1.0,1.0
OraclePerfect_B05,JILONG_EI_0039,1270,1021.2377319335938,0.46993082879692055,1.0,1.0,1.0,1.0,1.0
OraclePerfect_B05,JILONG_EI_0039,1280,1025.362060546875,0.46853679920493946,1.0,1.0,1.0,1.0,1.0
OraclePerfect_B05,JILONG_EI_0039,1290,1027.0416259765625,0.4652171840149062,1.0,1.0,1.0,1.0,1.0
OraclePerfect_B05,JILONG_EI_0039,1300,1028.3714599609375,0.4617082597417815,1.0,1.0,1.0,1.0,1.0
OraclePerfect_B05,JILONG_EI_0039,1310,1029.97119140625,0.45811009747552073,1.0,1.0,1.0,1.0,1.0
OraclePerfect_B05,JILONG_EI_0039,1320,1028.686279296875,0.4517626518868117,1.0,1.0,1.0,1.0,1.0
OraclePerfect_B05,JILONG_EI_0039,1330,1031.9949951171875,0.44985960175680323,1.0,1.0,1.0,1.0,1.0
OraclePerfect_B05,JILONG_EI_0039,1340,1034.1971435546875,0.4456341130297143,1.0,1.0,1.0,1.0,1.0
OraclePerfect_B05,JILONG_EI_0039,1350,1037.63134765625,0.4439284308330705,1.0,1.0,1.0,1.0,1.0
OraclePerfect_B05,JILONG_EI_0039,1360,1043.266845703125,0.4423303235072538,1.0,1.0,1.0,1.0,1.0
OraclePerfect_B05,JILONG_EI_0039,1370,1048.6357421875,0.4400976345212926,1.0,1.0,1.0,1.0,1.0
OraclePerfect_B05,JILONG_EI_0039,1380,1052.2095947265625,0.4373300363061897,1.0,1.0,1.0,1.0,1.0
OraclePerfect_B05,JILONG_EI_0039,1390,1056.1146240234375,0.43653689023573206,1.0,1.0,1.0,1.0,1.0
OraclePerfect_B05,JILONG_EI_0039,1400,1060.4564208984375,0.4336685377156321,1.0,1.0,1.0,1.0,1.0
OraclePerfect_B05,JILONG_EI_0039,1410,1064.09130859375,0.4308257076469503,1.0,1.0,1.0,1.0,1.0
OraclePerfect_B05,JILONG_EI_0039,1420,1068.6973876953125,0.42722287084812993,1.0,1.0,1.0,1.0,1.0
OraclePerfect_B05,JILONG_EI_0039,1430,1072.3731689453125,0.42297088755721135,1.0,1.0,1.0,1.0,1.0
OraclePerfect_B05,JILONG_EI_0039,1440,1076.113525390625,0.4208596163646951,1.0,1.0,1.0,1.0,1.0
OraclePerfect_B05,JILONG_EI_0049,10,27.108858108520508,0.9893873240495893,1.0,1.0,1.0,1.0,1.0
OraclePerfect_B05,JILONG_EI_0049,20,43.533653259277344,0.993391969258285,1.0,1.0,1.0,1.0,1.0
OraclePerfect_B05,JILONG_EI_0049,30,86.23258209228516,0.9954074250203204,1.0,1.0,1.0,1.0,1.0
OraclePerfect_B05,JILONG_EI_0049,40,191.93392944335938,0.9903008802554933,1.0,1.0,1.0,1.0,1.0
OraclePerfect_B05,JILONG_EI_0049,50,254.52191162109375,0.9236057720013678,1.0,1.0,1.0,1.0,1.0
OraclePerfect_B05,JILONG_EI_0049,60,287.60235595703125,0.8685407071209272,1.0,1.0,1.0,1.0,1.0
OraclePerfect_B05,JILONG_EI_0049,70,347.97607421875,0.8418559929985331,1.0,1.0,1.0,1.0,1.0
OraclePerfect_B05,JILONG_EI_0049,80,458.35614013671875,0.7559610513275663,1.0,1.0,1.0,1.0,1.0
OraclePerfect_B05,JILONG_EI_0049,90,509.48431396484375,0.6588663402933136,1.0,1.0,1.0,1.0,1.0
OraclePerfect_B05,JILONG_EI_0049,100,537.8446044921875,0.6837457792748516,1.0,1.0,1.0,1.0,1.0
OraclePerfect_B05,JILONG_EI_0049,110,600.0703735351562,0.6706363957111342,1.0,1.0,1.0,1.0,1.0
OraclePerfect_B05,JILONG_EI_0049,120,625.0157470703125,0.7062289722441504,1.0,1.0,1.0,1.0,1.0
OraclePerfect_B05,JILONG_EI_0049,130,610.9583129882812,0.7133485290488465,1.0,1.0,1.0,1.0,1.0
OraclePerfect_B05,JILONG_EI_0049,140,637.803466796875,0.7113820228011901,1.0,1.0,1.0,1.0,1.0
OraclePerfect_B05,JILONG_EI_0049,150,618.96044921875,0.7059810358226832,1.0,1.0,1.0,1.0,1.0
OraclePerfect_B05,JILONG_EI_0049,160,639.4966430664062,0.7165528675439101,1.0,1.0,1.0,1.0,1.0
OraclePerfect_B05,JILONG_EI_0049,170,709.2874145507812,0.7132654702947069,1.0,1.0,1.0,1.0,1.0
OraclePerfect_B05,JILONG_EI_0049,180,753.1172485351562,0.7222063218473865,1.0,1.0,1.0,1.0,1.0
OraclePerfect_B05,JILONG_EI_0049,190,762.1845703125,0.7475209679921739,1.0,1.0,1.0,1.0,1.0
OraclePerfect_B05,JILONG_EI_0049,200,777.8543090820312,0.7731291909322121,1.0,1.0,1.0,1.0,1.0
OraclePerfect_B05,JILONG_EI_0049,210,774.13623046875,0.7955628435647151,1.0,1.0,1.0,1.0,1.0
OraclePerfect_B05,JILONG_EI_0049,220,797.9574584960938,0.8244855231748599,1.0,1.0,1.0,1.0,1.0
OraclePerfect_B05,JILONG_EI_0049,230,859.711181640625,0.8480861759135826,1.0,1.0,1.0,1.0,1.0
OraclePerfect_B05,JILONG_EI_0049,240,912.3548583984375,0.7908073966787775,1.0,1.0,1.0,1.0,1.0
OraclePerfect_B05,JILONG_EI_0049,250,946.7479248046875,0.7593772642540199,1.0,1.0,1.0,1.0,1.0
OraclePerfect_B05,JILONG_EI_0049,260,977.7158203125,0.7777766365497173,1.0,1.0,1.0,1.0,1.0
OraclePerfect_B05,JILONG_EI_0049,270,1007.6129150390625,0.788535844364399,1.0,1.0,1.0,1.0,1.0
OraclePerfect_B05,JILONG_EI_0049,280,1018.2400512695312,0.7719183708311635,1.0,1.0,1.0,1.0,1.0
OraclePerfect_B05,JILONG_EI_0049,290,1034.7364501953125,0.7373993026972686,1.0,1.0,1.0,1.0,1.0
OraclePerfect_B05,JILONG_EI_0049,300,1047.32568359375,0.7036324287526504,1.0,1.0,1.0,1.0,1.0
OraclePerfect_B05,JILONG_EI_0049,310,1057.6767578125,0.6697647911909402,1.0,1.0,1.0,1.0,1.0
OraclePerfect_B05,JILONG_EI_0049,320,1066.166015625,0.6645070072471332,1.0,1.0,1.0,1.0,1.0
OraclePerfect_B05,JILONG_EI_0049,330,1077.21337890625,0.6859292060107275,1.0,1.0,1.0,1.0,1.0
OraclePerfect_B05,JILONG_EI_0049,340,1080.087890625,0.6879417116000577,1.0,1.0,1.0,1.0,1.0
OraclePerfect_B05,JILONG_EI_0049,350,1084.2032470703125,0.6737356902808472,1.0,1.0,1.0,1.0,1.0
OraclePerfect_B05,JILONG_EI_0049,360,1091.4429931640625,0.6471600365808411,1.0,1.0,1.0,1.0,1.0
OraclePerfect_B05,JILONG_EI_0049,370,1091.083251953125,0.6212742278003004,1.0,1.0,1.0,1.0,1.0
OraclePerfect_B05,JILONG_EI_0049,380,1092.8533935546875,0.5967191358967724,1.0,1.0,1.0,1.0,1.0
OraclePerfect_B05,JILONG_EI_0049,390,1088.142333984375,0.5816285790892081,1.0,1.0,1.0,1.0,1.0
OraclePerfect_B05,JILONG_EI_0049,400,1080.1748046875,0.588860915121715,1.0,1.0,1.0,1.0,1.0
OraclePerfect_B05,JILONG_EI_0049,410,1073.77978515625,0.589476765533106,1.0,1.0,1.0,1.0,1.0
OraclePerfect_B05,JILONG_EI_0049,420,1068.300048828125,0.5874272678933525,1.0,1.0,1.0,1.0,1.0
OraclePerfect_B05,JILONG_EI_0049,430,1055.6270751953125,0.5821692526758068,1.0,1.0,1.0,1.0,1.0
OraclePerfect_B05,JILONG_EI_0049,440,1040.666748046875,0.5757429882045787,1.0,1.0,1.0,1.0,1.0
OraclePerfect_B05,JILONG_EI_0049,450,1033.774169921875,0.5666923642511908,1.0,1.0,1.0,1.0,1.0
OraclePerfect_B05,JILONG_EI_0049,460,1028.36328125,0.5568935340556683,1.0,1.0,1.0,1.0,1.0
OraclePerfect_B05,JILONG_EI_0049,470,1023.4002685546875,0.5469924558984126,1.0,1.0,1.0,1.0,1.0
OraclePerfect_B05,JILONG_EI_0049,480,1020.8876953125,0.5478174148930821,1.0,1.0,1.0,1.0,1.0
OraclePerfect_B05,JILONG_EI_0049,490,1015.2447509765625,0.5508879320563131,1.0,1.0,1.0,1.0,1.0
OraclePerfect_B05,JILONG_EI_0049,500,1013.225830078125,0.5531811379305682,1.0,1.0,1.0,1.0,1.0
OraclePerfect_B05,JILONG_EI_0049,510,1009.357177734375,0.5541540372584896,1.0,1.0,1.0,1.0,1.0
OraclePerfect_B05,JILONG_EI_0049,520,1006.3087158203125,0.5575993089717746,1.0,1.0,1.0,1.0,1.0
OraclePerfect_B05,JILONG_EI_0049,530,998.805419921875,0.5606341416076975,1.0,1.0,1.0,1.0,1.0
OraclePerfect_B05,JILONG_EI_0049,540,994.828369140625,0.5646428553219892,1.0,1.0,1.0,1.0,1.0
OraclePerfect_B05,JILONG_EI_0049,550,991.20458984375,0.5674679361538625,1.0,1.0,1.0,1.0,1.0
OraclePerfect_B05,JILONG_EI_0049,560,989.5800170898438,0.5688435831244183,1.0,1.0,1.0,1.0,1.0
OraclePerfect_B05,JILONG_EI_0049,570,989.4629516601562,0.5694960080750532,1.0,1.0,1.0,1.0,1.0
OraclePerfect_B05,JILONG_EI_0049,580,984.7615966796875,0.5698132918691063,1.0,1.0,1.0,1.0,1.0
OraclePerfect_B05,JILONG_EI_0049,590,980.1581420898438,0.5686220150150304,1.0,1.0,1.0,1.0,1.0
OraclePerfect_B05,JILONG_EI_0049,600,978.4378662109375,0.5674042616865281,1.0,1.0,1.0,1.0,1.0
OraclePerfect_B05,JILONG_EI_0049,610,976.5745849609375,0.564503374114604,1.0,1.0,1.0,1.0,1.0
OraclePerfect_B05,JILONG_EI_0049,620,977.177001953125,0.5610439594297149,1.0,1.0,1.0,1.0,1.0
OraclePerfect_B05,JILONG_EI_0049,630,976.6681518554688,0.5565118689760646,1.0,1.0,1.0,1.0,1.0
OraclePerfect_B05,JILONG_EI_0049,640,979.980712890625,0.5529888308562921,1.0,1.0,1.0,1.0,1.0
OraclePerfect_B05,JILONG_EI_0049,650,980.9168701171875,0.5511223305579485,1.0,1.0,1.0,1.0,1.0
OraclePerfect_B05,JILONG_EI_0049,660,982.6420288085938,0.5497990075711217,1.0,1.0,1.0,1.0,1.0
OraclePerfect_B05,JILONG_EI_0049,670,982.2538452148438,0.5491142536095854,1.0,1.0,1.0,1.0,1.0
OraclePerfect_B05,JILONG_EI_0049,680,981.1898193359375,0.5465371784835534,1.0,1.0,1.0,1.0,1.0
OraclePerfect_B05,JILONG_EI_0049,690,982.0439453125,0.5460693539276218,1.0,1.0,1.0,1.0,1.0
OraclePerfect_B05,JILONG_EI_0049,700,983.117919921875,0.5441125443412739,1.0,1.0,1.0,1.0,1.0
OraclePerfect_B05,JILONG_EI_0049,710,985.8660888671875,0.5424325505576144,1.0,1.0,1.0,1.0,1.0
OraclePerfect_B05,JILONG_EI_0049,720,988.0137329101562,0.5417414989600146,1.0,1.0,1.0,1.0,1.0
OraclePerfect_B05,JILONG_EI_0049,730,990.5701904296875,0.5409356566542963,1.0,1.0,1.0,1.0,1.0
OraclePerfect_B05,JILONG_EI_0049,740,991.16162109375,0.5384332593176137,1.0,1.0,1.0,1.0,1.0
OraclePerfect_B05,JILONG_EI_0049,750,991.2510986328125,0.5341992519367762,1.0,1.0,1.0,1.0,1.0
OraclePerfect_B05,JILONG_EI_0049,760,992.29833984375,0.5295901777937496,1.0,1.0,1.0,1.0,1.0
OraclePerfect_B05,JILONG_EI_0049,770,994.957763671875,0.5254687074388317,1.0,1.0,1.0,1.0,1.0
OraclePerfect_B05,JILONG_EI_0049,780,999.27490234375,0.5211932401104619,1.0,1.0,1.0,1.0,1.0
OraclePerfect_B05,JILONG_EI_0049,790,1003.1588134765625,0.5179360413355405,1.0,1.0,1.0,1.0,1.0
OraclePerfect_B05,JILONG_EI_0049,800,1007.299072265625,0.5122865092810018,1.0,1.0,1.0,1.0,1.0
OraclePerfect_B05,JILONG_EI_0049,810,1010.4713134765625,0.5062007507067886,1.0,1.0,1.0,1.0,1.0
OraclePerfect_B05,JILONG_EI_0049,820,1013.4275512695312,0.49993566981601983,1.0,1.0,1.0,1.0,1.0
OraclePerfect_B05,JILONG_EI_0049,830,1016.3273315429688,0.49599948361496626,1.0,1.0,1.0,1.0,1.0
OraclePerfect_B05,JILONG_EI_0049,840,1018.1324462890625,0.49142895577877727,1.0,1.0,1.0,1.0,1.0
OraclePerfect_B05,JILONG_EI_0049,850,1021.0882568359375,0.48939973488842314,1.0,1.0,1.0,1.0,1.0
OraclePerfect_B05,JILONG_EI_0049,860,1024.2032470703125,0.48760830691265167,1.0,1.0,1.0,1.0,1.0
OraclePerfect_B05,JILONG_EI_0049,870,1025.7109375,0.48542036856967963,1.0,1.0,1.0,1.0,1.0
OraclePerfect_B05,JILONG_EI_0049,880,1027.089599609375,0.48311569609679844,1.0,1.0,1.0,1.0,1.0
OraclePerfect_B05,JILONG_EI_0049,890,1029.030517578125,0.48108150589038745,1.0,1.0,1.0,1.0,1.0
OraclePerfect_B05,JILONG_EI_0049,900,1029.6016845703125,0.4794976951924499,1.0,1.0,1.0,1.0,1.0
OraclePerfect_B05,JILONG_EI_0049,910,1030.6668701171875,0.47732346975041284,1.0,1.0,1.0,1.0,1.0
OraclePerfect_B05,JILONG_EI_0049,920,1033.78125,0.4758568706695821,1.0,1.0,1.0,1.0,1.0
OraclePerfect_B05,JILONG_EI_0049,930,1035.57666015625,0.4739894201951568,1.0,1.0,1.0,1.0,1.0
OraclePerfect_B05,JILONG_EI_0049,940,1037.160888671875,0.4724347747474772,1.0,1.0,1.0,1.0,1.0
OraclePerfect_B05,JILONG_EI_0049,950,1040.7545166015625,0.47089991484413424,1.0,1.0,1.0,1.0,1.0
OraclePerfect_B05,JILONG_EI_0049,960,1042.5802001953125,0.46820698393630256,1.0,1.0,1.0,1.0,1.0
OraclePerfect_B05,JILONG_EI_0049,970,1044.609130859375,0.4667323769893051,1.0,1.0,1.0,1.0,1.0
OraclePerfect_B05,JILONG_EI_0049,980,1048.304443359375,0.46526479192454234,1.0,1.0,1.0,1.0,1.0
OraclePerfect_B05,JILONG_EI_0049,990,1051.618408203125,0.4634735621915379,1.0,1.0,1.0,1.0,1.0
OraclePerfect_B05,JILONG_EI_0049,1000,1053.502685546875,0.4615514441477578,1.0,1.0,1.0,1.0,1.0
OraclePerfect_B05,JILONG_EI_0049,1010,1055.50634765625,0.46006530421854996,1.0,1.0,1.0,1.0,1.0
OraclePerfect_B05,JILONG_EI_0049,1020,1057.48486328125,0.4596994040946966,1.0,1.0,1.0,1.0,1.0
OraclePerfect_B05,JILONG_EI_0049,1030,1060.117431640625,0.4588102709743429,1.0,1.0,1.0,1.0,1.0
OraclePerfect_B05,JILONG_EI_0049,1040,1063.0694580078125,0.4580949338259961,1.0,1.0,1.0,1.0,1.0
OraclePerfect_B05,JILONG_EI_0049,1050,1064.8134765625,0.45733055428848896,1.0,1.0,1.0,1.0,1.0
OraclePerfect_B05,JILONG_EI_0049,1060,1066.217041015625,0.45716543990817593,1.0,1.0,1.0,1.0,1.0
OraclePerfect_B05,JILONG_EI_0049,1070,1067.652587890625,0.45603773855715407,1.0,1.0,1.0,1.0,1.0
OraclePerfect_B05,JILONG_EI_0049,1080,1070.031494140625,0.4556041479331095,1.0,1.0,1.0,1.0,1.0
OraclePerfect_B05,JILONG_EI_0049,1090,1071.8890380859375,0.4556028278234728,1.0,1.0,1.0,1.0,1.0
OraclePerfect_B05,JILONG_EI_0049,1100,1074.1182861328125,0.45545401805927377,1.0,1.0,1.0,1.0,1.0
OraclePerfect_B05,JILONG_EI_0049,1110,1074.4661865234375,0.4537125652006696,1.0,1.0,1.0,1.0,1.0
OraclePerfect_B05,JILONG_EI_0049,1120,1073.518310546875,0.4515621468100468,1.0,1.0,1.0,1.0,1.0
OraclePerfect_B05,JILONG_EI_0049,1130,1075.484130859375,0.45119503124313587,1.0,1.0,1.0,1.0,1.0
OraclePerfect_B05,JILONG_EI_0049,1140,1077.7052001953125,0.4504380159360212,1.0,1.0,1.0,1.0,1.0
OraclePerfect_B05,JILONG_EI_0049,1150,1079.348876953125,0.44922711799541415,1.0,1.0,1.0,1.0,1.0
OraclePerfect_B05,JILONG_EI_0049,1160,1082.550048828125,0.4481704983383589,1.0,1.0,1.0,1.0,1.0
OraclePerfect_B05,JILONG_EI_0049,1170,1082.6123046875,0.4461424829675502,1.0,1.0,1.0,1.0,1.0
OraclePerfect_B05,JILONG_EI_0049,1180,1085.90185546875,0.4447138039506417,1.0,1.0,1.0,1.0,1.0
OraclePerfect_B05,JILONG_EI_0049,1190,1088.361328125,0.4431833394527213,1.0,1.0,1.0,1.0,1.0
OraclePerfect_B05,JILONG_EI_0049,1200,1092.869140625,0.44203861844580183,1.0,1.0,1.0,1.0,1.0
OraclePerfect_B05,JILONG_EI_0049,1210,1094.066162109375,0.43861744528737595,1.0,1.0,1.0,1.0,1.0
OraclePerfect_B05,JILONG_EI_0049,1220,1094.7120361328125,0.4352108653365942,1.0,1.0,1.0,1.0,1.0
OraclePerfect_B05,JILONG_EI_0049,1230,1096.733642578125,0.4326472790119414,1.0,1.0,1.0,1.0,1.0
OraclePerfect_B05,JILONG_EI_0049,1240,1097.26708984375,0.42892125569313255,1.0,1.0,1.0,1.0,1.0
OraclePerfect_B05,JILONG_EI_0049,1250,1098.8050537109375,0.4249814467905225,1.0,1.0,1.0,1.0,1.0
OraclePerfect_B05,JILONG_EI_0049,1260,1102.249267578125,0.4228208281401389,1.0,1.0,1.0,1.0,1.0
OraclePerfect_B05,JILONG_EI_0049,1270,1106.3927001953125,0.42088844887795923,1.0,1.0,1.0,1.0,1.0
OraclePerfect_B05,JILONG_EI_0049,1280,1109.1885986328125,0.4193979066795999,1.0,1.0,1.0,1.0,1.0
OraclePerfect_B05,JILONG_EI_0049,1290,1108.6011962890625,0.4143595043560703,1.0,1.0,1.0,1.0,1.0
OraclePerfect_B05,JILONG_EI_0049,1300,1112.659912109375,0.41328656120049734,1.0,1.0,1.0,1.0,1.0
OraclePerfect_B05,JILONG_EI_0049,1310,1114.330322265625,0.4105688941101685,1.0,1.0,1.0,1.0,1.0
OraclePerfect_B05,JILONG_EI_0049,1320,1116.9765625,0.40847702476432785,1.0,1.0,1.0,1.0,1.0
OraclePerfect_B05,JILONG_EI_0049,1330,1119.9381103515625,0.406315872166577,1.0,1.0,1.0,1.0,1.0
OraclePerfect_B05,JILONG_EI_0049,1340,1120.93603515625,0.40253711141054455,1.0,1.0,1.0,1.0,1.0
OraclePerfect_B05,JILONG_EI_0049,1350,1123.31982421875,0.4006428528893951,1.0,1.0,1.0,1.0,1.0
OraclePerfect_B05,JILONG_EI_0049,1360,1125.2076416015625,0.3989194757807336,1.0,1.0,1.0,1.0,1.0
OraclePerfect_B05,JILONG_EI_0049,1370,1127.406005859375,0.39705079179609326,1.0,1.0,1.0,1.0,1.0
OraclePerfect_B05,JILONG_EI_0049,1380,1128.3587646484375,0.39337125064943557,1.0,1.0,1.0,1.0,1.0
OraclePerfect_B05,JILONG_EI_0049,1390,1131.175537109375,0.3923498096418754,1.0,1.0,1.0,1.0,1.0
OraclePerfect_B05,JILONG_EI_0049,1400,1133.76220703125,0.3912382493109098,1.0,1.0,1.0,1.0,1.0
OraclePerfect_B05,JILONG_EI_0049,1410,1135.62451171875,0.3889897645299993,1.0,1.0,1.0,1.0,1.0
OraclePerfect_B05,JILONG_EI_0049,1420,1137.072021484375,0.38758036366369747,1.0,1.0,1.0,1.0,1.0
OraclePerfect_B05,JILONG_EI_0049,1430,1140.170166015625,0.38619657800904644,1.0,1.0,1.0,1.0,1.0
OraclePerfect_B05,JILONG_EI_0049,1440,1141.657958984375,0.38495516328227286,1.0,1.0,1.0,1.0,1.0
OraclePerfect_B05,JILONG_EI_0059,10,21.506118774414062,0.9935763736541696,1.0,1.0,1.0,1.0,1.0
OraclePerfect_B05,JILONG_EI_0059,20,39.669464111328125,0.9958719438819768,1.0,1.0,1.0,1.0,1.0
OraclePerfect_B05,JILONG_EI_0059,30,72.92796325683594,0.9971139123124412,1.0,1.0,1.0,1.0,1.0
OraclePerfect_B05,JILONG_EI_0059,40,164.39996337890625,0.9958148875176287,1.0,1.0,1.0,1.0,1.0
OraclePerfect_B05,JILONG_EI_0059,50,222.80642700195312,0.9201806970568075,1.0,1.0,1.0,1.0,1.0
OraclePerfect_B05,JILONG_EI_0059,60,255.15213012695312,0.8740802057163949,1.0,1.0,1.0,1.0,1.0
OraclePerfect_B05,JILONG_EI_0059,70,298.438720703125,0.8599704431985854,1.0,1.0,1.0,1.0,1.0
OraclePerfect_B05,JILONG_EI_0059,80,359.4743957519531,0.7805852190319729,1.0,1.0,1.0,1.0,1.0
OraclePerfect_B05,JILONG_EI_0059,90,430.5101623535156,0.6707002974412491,1.0,1.0,1.0,1.0,1.0
OraclePerfect_B05,JILONG_EI_0059,100,464.8017578125,0.682761208511031,1.0,1.0,1.0,1.0,1.0
OraclePerfect_B05,JILONG_EI_0059,110,491.542236328125,0.6824891936817022,1.0,1.0,1.0,1.0,1.0
OraclePerfect_B05,JILONG_EI_0059,120,511.2437744140625,0.7121576177107606,1.0,1.0,1.0,1.0,1.0
OraclePerfect_B05,JILONG_EI_0059,130,496.626953125,0.7107883980411565,1.0,1.0,1.0,1.0,1.0
OraclePerfect_B05,JILONG_EI_0059,140,522.20166015625,0.7193128300374341,1.0,1.0,1.0,1.0,1.0
OraclePerfect_B05,JILONG_EI_0059,150,531.510009765625,0.7172970871529502,1.0,1.0,1.0,1.0,1.0
OraclePerfect_B05,JILONG_EI_0059,160,569.4544067382812,0.7189072454631621,1.0,1.0,1.0,1.0,1.0
OraclePerfect_B05,JILONG_EI_0059,170,625.469482421875,0.72385691097563,1.0,1.0,1.0,1.0,1.0
OraclePerfect_B05,JILONG_EI_0059,180,659.7947998046875,0.7291657622275005,1.0,1.0,1.0,1.0,1.0
OraclePerfect_B05,JILONG_EI_0059,190,667.318603515625,0.7352960837059977,1.0,1.0,1.0,1.0,1.0
OraclePerfect_B05,JILONG_EI_0059,200,690.302490234375,0.7628151933820373,1.0,1.0,1.0,1.0,1.0
OraclePerfect_B05,JILONG_EI_0059,210,690.4146728515625,0.7853584582674922,1.0,1.0,1.0,1.0,1.0
OraclePerfect_B05,JILONG_EI_0059,220,698.7603149414062,0.8073142125655112,1.0,1.0,1.0,1.0,1.0
OraclePerfect_B05,JILONG_EI_0059,230,729.3253173828125,0.8291122964325066,1.0,1.0,1.0,1.0,1.0
OraclePerfect_B05,JILONG_EI_0059,240,777.0191650390625,0.8366947944769927,1.0,1.0,1.0,1.0,1.0
OraclePerfect_B05,JILONG_EI_0059,250,815.25,0.7906738003986681,1.0,1.0,1.0,1.0,1.0
OraclePerfect_B05,JILONG_EI_0059,260,843.361083984375,0.7510925727839078,1.0,1.0,1.0,1.0,1.0
OraclePerfect_B05,JILONG_EI_0059,270,863.1029052734375,0.7485381938823422,1.0,1.0,1.0,1.0,1.0
OraclePerfect_B05,JILONG_EI_0059,280,866.09423828125,0.7546032046875267,1.0,1.0,1.0,1.0,1.0
OraclePerfect_B05,JILONG_EI_0059,290,877.73388671875,0.7535549370352664,1.0,1.0,1.0,1.0,1.0
OraclePerfect_B05,JILONG_EI_0059,300,882.2959594726562,0.7371414657718948,1.0,1.0,1.0,1.0,1.0
OraclePerfect_B05,JILONG_EI_0059,310,887.9356079101562,0.7136233382517905,1.0,1.0,1.0,1.0,1.0
OraclePerfect_B05,JILONG_EI_0059,320,891.8766479492188,0.6828286658964902,1.0,1.0,1.0,1.0,1.0
OraclePerfect_B05,JILONG_EI_0059,330,893.8333740234375,0.6585810517097095,1.0,1.0,1.0,1.0,1.0
OraclePerfect_B05,JILONG_EI_0059,340,896.9344482421875,0.6821612767084443,1.0,1.0,1.0,1.0,1.0
OraclePerfect_B05,JILONG_EI_0059,350,897.2448120117188,0.7026480301294523,1.0,1.0,1.0,1.0,1.0
OraclePerfect_B05,JILONG_EI_0059,360,898.625732421875,0.7038884915896353,1.0,1.0,1.0,1.0,1.0
OraclePerfect_B05,JILONG_EI_0059,370,905.0570678710938,0.6861234871981258,1.0,1.0,1.0,1.0,1.0
OraclePerfect_B05,JILONG_EI_0059,380,908.3839111328125,0.6605415485201203,1.0,1.0,1.0,1.0,1.0
OraclePerfect_B05,JILONG_EI_0059,390,912.713623046875,0.6301816472577856,1.0,1.0,1.0,1.0,1.0
OraclePerfect_B05,JILONG_EI_0059,400,914.1572265625,0.6028924008217046,1.0,1.0,1.0,1.0,1.0
OraclePerfect_B05,JILONG_EI_0059,410,912.0137329101562,0.5779189343705691,1.0,1.0,1.0,1.0,1.0
OraclePerfect_B05,JILONG_EI_0059,420,909.39404296875,0.5816860674424577,1.0,1.0,1.0,1.0,1.0
OraclePerfect_B05,JILONG_EI_0059,430,904.9923095703125,0.5803372678260643,1.0,1.0,1.0,1.0,1.0
OraclePerfect_B05,JILONG_EI_0059,440,900.4024047851562,0.5759169488791689,1.0,1.0,1.0,1.0,1.0
OraclePerfect_B05,JILONG_EI_0059,450,896.99755859375,0.5681276460597716,1.0,1.0,1.0,1.0,1.0
OraclePerfect_B05,JILONG_EI_0059,460,891.4974365234375,0.5592765105997132,1.0,1.0,1.0,1.0,1.0
OraclePerfect_B05,JILONG_EI_0059,470,883.0188598632812,0.5517113029064796,1.0,1.0,1.0,1.0,1.0
OraclePerfect_B05,JILONG_EI_0059,480,876.4470825195312,0.5544624445576697,1.0,1.0,1.0,1.0,1.0
OraclePerfect_B05,JILONG_EI_0059,490,870.3131103515625,0.5587061849405405,1.0,1.0,1.0,1.0,1.0
OraclePerfect_B05,JILONG_EI_0059,500,869.0603637695312,0.5623144668066103,1.0,1.0,1.0,1.0,1.0
OraclePerfect_B05,JILONG_EI_0059,510,867.3955078125,0.5663727741339074,1.0,1.0,1.0,1.0,1.0
OraclePerfect_B05,JILONG_EI_0059,520,866.750732421875,0.570065200946979,1.0,1.0,1.0,1.0,1.0
OraclePerfect_B05,JILONG_EI_0059,530,866.011962890625,0.5734310021276579,1.0,1.0,1.0,1.0,1.0
OraclePerfect_B05,JILONG_EI_0059,540,866.707763671875,0.5763991531862251,1.0,1.0,1.0,1.0,1.0
OraclePerfect_B05,JILONG_EI_0059,550,866.0967407226562,0.5756433683402571,1.0,1.0,1.0,1.0,1.0
OraclePerfect_B05,JILONG_EI_0059,560,864.442138671875,0.5758610584298425,1.0,1.0,1.0,1.0,1.0
OraclePerfect_B05,JILONG_EI_0059,570,860.9185180664062,0.5732218360633287,1.0,1.0,1.0,1.0,1.0
OraclePerfect_B05,JILONG_EI_0059,580,859.84375,0.5710781763697482,1.0,1.0,1.0,1.0,1.0
OraclePerfect_B05,JILONG_EI_0059,590,858.4867553710938,0.5668560657864654,1.0,1.0,1.0,1.0,1.0
OraclePerfect_B05,JILONG_EI_0059,600,859.9122924804688,0.5626323685336017,1.0,1.0,1.0,1.0,1.0
OraclePerfect_B05,JILONG_EI_0059,610,860.7149658203125,0.5586141923267413,1.0,1.0,1.0,1.0,1.0
OraclePerfect_B05,JILONG_EI_0059,620,859.385986328125,0.5552162936619438,1.0,1.0,1.0,1.0,1.0
OraclePerfect_B05,JILONG_EI_0059,630,860.1573486328125,0.5515483834582329,1.0,1.0,1.0,1.0,1.0
OraclePerfect_B05,JILONG_EI_0059,640,858.7479248046875,0.5482601635063913,1.0,1.0,1.0,1.0,1.0
OraclePerfect_B05,JILONG_EI_0059,650,856.668212890625,0.5462553773658771,1.0,1.0,1.0,1.0,1.0
OraclePerfect_B05,JILONG_EI_0059,660,856.1048583984375,0.5456897958865182,1.0,1.0,1.0,1.0,1.0
OraclePerfect_B05,JILONG_EI_0059,670,855.29296875,0.5434273695832778,1.0,1.0,1.0,1.0,1.0
OraclePerfect_B05,JILONG_EI_0059,680,855.9752807617188,0.5426562592249922,1.0,1.0,1.0,1.0,1.0
OraclePerfect_B05,JILONG_EI_0059,690,858.2094116210938,0.5411091781263353,1.0,1.0,1.0,1.0,1.0
OraclePerfect_B05,JILONG_EI_0059,700,862.8228759765625,0.5404088156210948,1.0,1.0,1.0,1.0,1.0
OraclePerfect_B05,JILONG_EI_0059,710,865.589111328125,0.5392020095920629,1.0,1.0,1.0,1.0,1.0
OraclePerfect_B05,JILONG_EI_0059,720,868.046142578125,0.5410806778975312,1.0,1.0,1.0,1.0,1.0
OraclePerfect_B05,JILONG_EI_0059,730,869.7427978515625,0.5428695330105554,1.0,1.0,1.0,1.0,1.0
OraclePerfect_B05,JILONG_EI_0059,740,869.7120971679688,0.5453519675638518,1.0,1.0,1.0,1.0,1.0
OraclePerfect_B05,JILONG_EI_0059,750,870.4064331054688,0.5471844399285664,1.0,1.0,1.0,1.0,1.0
OraclePerfect_B05,JILONG_EI_0059,760,874.6402587890625,0.5487215781225122,1.0,1.0,1.0,1.0,1.0
OraclePerfect_B05,JILONG_EI_0059,770,879.0966796875,0.5485608869554888,1.0,1.0,1.0,1.0,1.0
OraclePerfect_B05,JILONG_EI_0059,780,882.034912109375,0.5487898956961895,1.0,1.0,1.0,1.0,1.0
OraclePerfect_B05,JILONG_EI_0059,790,887.47265625,0.5496666504324527,1.0,1.0,1.0,1.0,1.0
OraclePerfect_B05,JILONG_EI_0059,800,891.9523315429688,0.5496007758893503,1.0,1.0,1.0,1.0,1.0
OraclePerfect_B05,JILONG_EI_0059,810,896.3287353515625,0.5495137607471843,1.0,1.0,1.0,1.0,1.0
OraclePerfect_B05,JILONG_EI_0059,820,899.83203125,0.5493673866062153,1.0,1.0,1.0,1.0,1.0
OraclePerfect_B05,JILONG_EI_0059,830,904.3170166015625,0.5500185516459101,1.0,1.0,1.0,1.0,1.0
OraclePerfect_B05,JILONG_EI_0059,840,907.8776245117188,0.5501035104699625,1.0,1.0,1.0,1.0,1.0
OraclePerfect_B05,JILONG_EI_0059,850,910.4555053710938,0.5502296907617259,1.0,1.0,1.0,1.0,1.0
OraclePerfect_B05,JILONG_EI_0059,860,913.4663696289062,0.5513566605539262,1.0,1.0,1.0,1.0,1.0
OraclePerfect_B05,JILONG_EI_0059,870,915.6949462890625,0.5501674187278608,1.0,1.0,1.0,1.0,1.0
OraclePerfect_B05,JILONG_EI_0059,880,919.6039428710938,0.5491831088597469,1.0,1.0,1.0,1.0,1.0
OraclePerfect_B05,JILONG_EI_0059,890,923.2317504882812,0.5484608283832887,1.0,1.0,1.0,1.0,1.0
OraclePerfect_B05,JILONG_EI_0059,900,925.591796875,0.5467403680729694,1.0,1.0,1.0,1.0,1.0
OraclePerfect_B05,JILONG_EI_0059,910,928.7766723632812,0.5454003025699402,1.0,1.0,1.0,1.0,1.0
OraclePerfect_B05,JILONG_EI_0059,920,933.3616943359375,0.543185773698935,1.0,1.0,1.0,1.0,1.0
OraclePerfect_B05,JILONG_EI_0059,930,937.2274780273438,0.5405124103181016,1.0,1.0,1.0,1.0,1.0
OraclePerfect_B05,JILONG_EI_0059,940,942.4783935546875,0.536839319155973,1.0,1.0,1.0,1.0,1.0
OraclePerfect_B05,JILONG_EI_0059,950,947.683837890625,0.5342994670020798,1.0,1.0,1.0,1.0,1.0
OraclePerfect_B05,JILONG_EI_0059,960,952.9075317382812,0.5324725997905654,1.0,1.0,1.0,1.0,1.0
OraclePerfect_B05,JILONG_EI_0059,970,956.3958740234375,0.529990019810467,1.0,1.0,1.0,1.0,1.0
OraclePerfect_B05,JILONG_EI_0059,980,958.9523315429688,0.526742247316337,1.0,1.0,1.0,1.0,1.0
OraclePerfect_B05,JILONG_EI_0059,990,963.6823120117188,0.5246456902478183,1.0,1.0,1.0,1.0,1.0
OraclePerfect_B05,JILONG_EI_0059,1000,965.1685791015625,0.522596759433502,1.0,1.0,1.0,1.0,1.0
OraclePerfect_B05,JILONG_EI_0059,1010,967.051025390625,0.5184227775089032,1.0,1.0,1.0,1.0,1.0
OraclePerfect_B05,JILONG_EI_0059,1020,971.8707275390625,0.5158063689729343,1.0,1.0,1.0,1.0,1.0
OraclePerfect_B05,JILONG_EI_0059,1030,976.5731811523438,0.5139552974994394,1.0,1.0,1.0,1.0,1.0
OraclePerfect_B05,JILONG_EI_0059,1040,979.9591674804688,0.5107246201330593,1.0,1.0,1.0,1.0,1.0
OraclePerfect_B05,JILONG_EI_0059,1050,982.7237548828125,0.5081735212328912,1.0,1.0,1.0,1.0,1.0
OraclePerfect_B05,JILONG_EI_0059,1060,985.5845947265625,0.5056104995668694,1.0,1.0,1.0,1.0,1.0
OraclePerfect_B05,JILONG_EI_0059,1070,989.4425659179688,0.5033488901302892,1.0,1.0,1.0,1.0,1.0
OraclePerfect_B05,JILONG_EI_0059,1080,991.7398071289062,0.5017184342914581,1.0,1.0,1.0,1.0,1.0
OraclePerfect_B05,JILONG_EI_0059,1090,995.34716796875,0.49965641836542546,1.0,1.0,1.0,1.0,1.0
OraclePerfect_B05,JILONG_EI_0059,1100,996.2933349609375,0.4960725576141443,1.0,1.0,1.0,1.0,1.0
OraclePerfect_B05,JILONG_EI_0059,1110,997.6079711914062,0.49417385673940717,1.0,1.0,1.0,1.0,1.0
OraclePerfect_B05,JILONG_EI_0059,1120,1000.6595458984375,0.49314268478196854,1.0,1.0,1.0,1.0,1.0
OraclePerfect_B05,JILONG_EI_0059,1130,1003.7100830078125,0.49185340357333784,1.0,1.0,1.0,1.0,1.0
OraclePerfect_B05,JILONG_EI_0059,1140,1007.865478515625,0.49111939910519387,1.0,1.0,1.0,1.0,1.0
OraclePerfect_B05,JILONG_EI_0059,1150,1009.8560180664062,0.4908406289553259,1.0,1.0,1.0,1.0,1.0
OraclePerfect_B05,JILONG_EI_0059,1160,1011.435546875,0.4885756455380197,1.0,1.0,1.0,1.0,1.0
OraclePerfect_B05,JILONG_EI_0059,1170,1015.381103515625,0.48828838853784357,1.0,1.0,1.0,1.0,1.0
OraclePerfect_B05,JILONG_EI_0059,1180,1018.64111328125,0.4872015724698327,1.0,1.0,1.0,1.0,1.0
OraclePerfect_B05,JILONG_EI_0059,1190,1019.5130004882812,0.4849064498721851,1.0,1.0,1.0,1.0,1.0
OraclePerfect_B05,JILONG_EI_0059,1200,1019.0004272460938,0.4827389140244661,1.0,1.0,1.0,1.0,1.0
OraclePerfect_B05,JILONG_EI_0059,1210,1019.7669677734375,0.48114424670131095,1.0,1.0,1.0,1.0,1.0
OraclePerfect_B05,JILONG_EI_0059,1220,1021.5218505859375,0.48006005507118815,1.0,1.0,1.0,1.0,1.0
OraclePerfect_B05,JILONG_EI_0059,1230,1022.6119384765625,0.47861840066090644,1.0,1.0,1.0,1.0,1.0
OraclePerfect_B05,JILONG_EI_0059,1240,1024.500732421875,0.4777607700566633,1.0,1.0,1.0,1.0,1.0
OraclePerfect_B05,JILONG_EI_0059,1250,1026.3228759765625,0.47717623902823925,1.0,1.0,1.0,1.0,1.0
OraclePerfect_B05,JILONG_EI_0059,1260,1027.2857666015625,0.47487224521904986,1.0,1.0,1.0,1.0,1.0
OraclePerfect_B05,JILONG_EI_0059,1270,1030.297607421875,0.4751679544180897,1.0,1.0,1.0,1.0,1.0
OraclePerfect_B05,JILONG_EI_0059,1280,1029.707275390625,0.4715871054350042,1.0,1.0,1.0,1.0,1.0
OraclePerfect_B05,JILONG_EI_0059,1290,1030.21484375,0.47102512307121597,1.0,1.0,1.0,1.0,1.0
OraclePerfect_B05,JILONG_EI_0059,1300,1031.318115234375,0.4700658820931051,1.0,1.0,1.0,1.0,1.0
OraclePerfect_B05,JILONG_EI_0059,1310,1031.17578125,0.46679228937716305,1.0,1.0,1.0,1.0,1.0
OraclePerfect_B05,JILONG_EI_0059,1320,1033.0521240234375,0.4647173786496404,1.0,1.0,1.0,1.0,1.0
OraclePerfect_B05,JILONG_EI_0059,1330,1035.84765625,0.46282891396520814,1.0,1.0,1.0,1.0,1.0
OraclePerfect_B05,JILONG_EI_0059,1340,1038.0050048828125,0.46007434598073854,1.0,1.0,1.0,1.0,1.0
OraclePerfect_B05,JILONG_EI_0059,1350,1042.3016357421875,0.4589041804558832,1.0,1.0,1.0,1.0,1.0
OraclePerfect_B05,JILONG_EI_0059,1360,1044.71875,0.4554683727735364,1.0,1.0,1.0,1.0,1.0
OraclePerfect_B05,JILONG_EI_0059,1370,1042.261962890625,0.44948777283959196,1.0,1.0,1.0,1.0,1.0
OraclePerfect_B05,JILONG_EI_0059,1380,1046.0804443359375,0.44774091504905433,1.0,1.0,1.0,1.0,1.0
OraclePerfect_B05,JILONG_EI_0059,1390,1045.900634765625,0.442205889539442,1.0,1.0,1.0,1.0,1.0
OraclePerfect_B05,JILONG_EI_0059,1400,1049.003173828125,0.4400705034244648,1.0,1.0,1.0,1.0,1.0
OraclePerfect_B05,JILONG_EI_0059,1410,1048.691650390625,0.4347555313895935,1.0,1.0,1.0,1.0,1.0
OraclePerfect_B05,JILONG_EI_0059,1420,1052.552490234375,0.43273579700913595,1.0,1.0,1.0,1.0,1.0
OraclePerfect_B05,JILONG_EI_0059,1430,1055.53662109375,0.42925164152882994,1.0,1.0,1.0,1.0,1.0
OraclePerfect_B05,JILONG_EI_0059,1440,1057.1500244140625,0.4241499063478921,1.0,1.0,1.0,1.0,1.0
OraclePerfect_B05,JILONG_EI_0069,10,40.98064422607422,0.9937061560634636,1.0,1.0,1.0,1.0,1.0
OraclePerfect_B05,JILONG_EI_0069,20,57.02873229980469,0.9954269812714653,1.0,1.0,1.0,1.0,1.0
OraclePerfect_B05,JILONG_EI_0069,30,95.22366333007812,0.9960156508012548,1.0,1.0,1.0,1.0,1.0
OraclePerfect_B05,JILONG_EI_0069,40,195.763427734375,0.992331057266587,1.0,1.0,1.0,1.0,1.0
OraclePerfect_B05,JILONG_EI_0069,50,255.64273071289062,0.9273532995928171,1.0,1.0,1.0,1.0,1.0
OraclePerfect_B05,JILONG_EI_0069,60,282.58148193359375,0.8579975070051923,1.0,1.0,1.0,1.0,1.0
OraclePerfect_B05,JILONG_EI_0069,70,336.8851013183594,0.8370686592749397,1.0,1.0,1.0,1.0,1.0
OraclePerfect_B05,JILONG_EI_0069,80,428.38104248046875,0.7539928924279151,1.0,1.0,1.0,1.0,1.0
OraclePerfect_B05,JILONG_EI_0069,90,495.24627685546875,0.6455161526489172,1.0,1.0,1.0,1.0,1.0
OraclePerfect_B05,JILONG_EI_0069,100,525.669189453125,0.6847573042278715,1.0,1.0,1.0,1.0,1.0
OraclePerfect_B05,JILONG_EI_0069,110,571.0827026367188,0.6700967631598235,1.0,1.0,1.0,1.0,1.0
OraclePerfect_B05,JILONG_EI_0069,120,592.3478393554688,0.7043540404883942,1.0,1.0,1.0,1.0,1.0
OraclePerfect_B05,JILONG_EI_0069,130,580.8119506835938,0.7027737042101325,1.0,1.0,1.0,1.0,1.0
OraclePerfect_B05,JILONG_EI_0069,140,608.0941772460938,0.7046827690429813,1.0,1.0,1.0,1.0,1.0
OraclePerfect_B05,JILONG_EI_0069,150,592.7015380859375,0.7034414791537936,1.0,1.0,1.0,1.0,1.0
OraclePerfect_B05,JILONG_EI_0069,160,615.0822143554688,0.7110441378357206,1.0,1.0,1.0,1.0,1.0
OraclePerfect_B05,JILONG_EI_0069,170,681.670166015625,0.708743577538066,1.0,1.0,1.0,1.0,1.0
OraclePerfect_B05,JILONG_EI_0069,180,725.6861572265625,0.7176524850000192,1.0,1.0,1.0,1.0,1.0
OraclePerfect_B05,JILONG_EI_0069,190,727.691162109375,0.7418588962652827,1.0,1.0,1.0,1.0,1.0
OraclePerfect_B05,JILONG_EI_0069,200,738.9724731445312,0.7709457460629543,1.0,1.0,1.0,1.0,1.0
OraclePerfect_B05,JILONG_EI_0069,210,736.5460205078125,0.7993572460877474,1.0,1.0,1.0,1.0,1.0
OraclePerfect_B05,JILONG_EI_0069,220,755.6309814453125,0.8305636379994804,1.0,1.0,1.0,1.0,1.0
OraclePerfect_B05,JILONG_EI_0069,230,815.6763916015625,0.8573544906147125,1.0,1.0,1.0,1.0,1.0
OraclePerfect_B05,JILONG_EI_0069,240,871.229736328125,0.8019954171794345,1.0,1.0,1.0,1.0,1.0
OraclePerfect_B05,JILONG_EI_0069,250,900.76123046875,0.7722494746441939,1.0,1.0,1.0,1.0,1.0
OraclePerfect_B05,JILONG_EI_0069,260,938.3369750976562,0.7893600929710232,1.0,1.0,1.0,1.0,1.0
OraclePerfect_B05,JILONG_EI_0069,270,970.1848754882812,0.8015452707681945,1.0,1.0,1.0,1.0,1.0
OraclePerfect_B05,JILONG_EI_0069,280,980.4544677734375,0.791467136642832,1.0,1.0,1.0,1.0,1.0
OraclePerfect_B05,JILONG_EI_0069,290,991.583984375,0.7581020374021462,1.0,1.0,1.0,1.0,1.0
OraclePerfect_B05,JILONG_EI_0069,300,1006.0782470703125,0.7226175027332239,1.0,1.0,1.0,1.0,1.0
OraclePerfect_B05,JILONG_EI_0069,310,1015.416015625,0.6880061175004799,1.0,1.0,1.0,1.0,1.0
OraclePerfect_B05,JILONG_EI_0069,320,1023.2092895507812,0.6589542014211015,1.0,1.0,1.0,1.0,1.0
OraclePerfect_B05,JILONG_EI_0069,330,1029.08935546875,0.6875049165717685,1.0,1.0,1.0,1.0,1.0
OraclePerfect_B05,JILONG_EI_0069,340,1029.848388671875,0.691404016004376,1.0,1.0,1.0,1.0,1.0
OraclePerfect_B05,JILONG_EI_0069,350,1032.6690673828125,0.6780298989455308,1.0,1.0,1.0,1.0,1.0
OraclePerfect_B05,JILONG_EI_0069,360,1037.327880859375,0.6532853907992934,1.0,1.0,1.0,1.0,1.0
OraclePerfect_B05,JILONG_EI_0069,370,1042.6234130859375,0.6250390756186169,1.0,1.0,1.0,1.0,1.0
OraclePerfect_B05,JILONG_EI_0069,380,1047.8673095703125,0.5992349760123855,1.0,1.0,1.0,1.0,1.0
OraclePerfect_B05,JILONG_EI_0069,390,1047.960205078125,0.5784670750807044,1.0,1.0,1.0,1.0,1.0
OraclePerfect_B05,JILONG_EI_0069,400,1044.10107421875,0.5786645845868238,1.0,1.0,1.0,1.0,1.0
OraclePerfect_B05,JILONG_EI_0069,410,1038.4605712890625,0.5806408145106766,1.0,1.0,1.0,1.0,1.0
OraclePerfect_B05,JILONG_EI_0069,420,1031.5142822265625,0.5784540337446574,1.0,1.0,1.0,1.0,1.0
OraclePerfect_B05,JILONG_EI_0069,430,1022.9523315429688,0.5721666996848072,1.0,1.0,1.0,1.0,1.0
OraclePerfect_B05,JILONG_EI_0069,440,1012.03466796875,0.5641296334619761,1.0,1.0,1.0,1.0,1.0
OraclePerfect_B05,JILONG_EI_0069,450,1000.2377319335938,0.555181477065794,1.0,1.0,1.0,1.0,1.0
OraclePerfect_B05,JILONG_EI_0069,460,995.8494873046875,0.5413302685473448,1.0,1.0,1.0,1.0,1.0
OraclePerfect_B05,JILONG_EI_0069,470,991.25,0.5372966420357586,1.0,1.0,1.0,1.0,1.0
OraclePerfect_B05,JILONG_EI_0069,480,988.173583984375,0.5390702968443714,1.0,1.0,1.0,1.0,1.0
OraclePerfect_B05,JILONG_EI_0069,490,985.7213134765625,0.5415947010020243,1.0,1.0,1.0,1.0,1.0
OraclePerfect_B05,JILONG_EI_0069,500,984.6024780273438,0.5445913255264805,1.0,1.0,1.0,1.0,1.0
OraclePerfect_B05,JILONG_EI_0069,510,985.0313110351562,0.5470141089882486,1.0,1.0,1.0,1.0,1.0
OraclePerfect_B05,JILONG_EI_0069,520,981.310302734375,0.5483075603005081,1.0,1.0,1.0,1.0,1.0
OraclePerfect_B05,JILONG_EI_0069,530,979.4268798828125,0.5493677603671028,1.0,1.0,1.0,1.0,1.0
OraclePerfect_B05,JILONG_EI_0069,540,978.8795166015625,0.5508283667118643,1.0,1.0,1.0,1.0,1.0
OraclePerfect_B05,JILONG_EI_0069,550,980.3328857421875,0.5512659342912656,1.0,1.0,1.0,1.0,1.0
OraclePerfect_B05,JILONG_EI_0069,560,980.7159423828125,0.5525859425395814,1.0,1.0,1.0,1.0,1.0
OraclePerfect_B05,JILONG_EI_0069,570,982.9261474609375,0.5515871420475733,1.0,1.0,1.0,1.0,1.0
OraclePerfect_B05,JILONG_EI_0069,580,980.4902954101562,0.5502679890259161,1.0,1.0,1.0,1.0,1.0
OraclePerfect_B05,JILONG_EI_0069,590,978.5918579101562,0.5484794982835381,1.0,1.0,1.0,1.0,1.0
OraclePerfect_B05,JILONG_EI_0069,600,976.4940795898438,0.545728330943118,1.0,1.0,1.0,1.0,1.0
OraclePerfect_B05,JILONG_EI_0069,610,975.9296264648438,0.5443725190132792,1.0,1.0,1.0,1.0,1.0
OraclePerfect_B05,JILONG_EI_0069,620,976.4102172851562,0.5470460231652351,1.0,1.0,1.0,1.0,1.0
OraclePerfect_B05,JILONG_EI_0069,630,978.8632202148438,0.5499535502679797,1.0,1.0,1.0,1.0,1.0
OraclePerfect_B05,JILONG_EI_0069,640,982.0711669921875,0.5516195326583877,1.0,1.0,1.0,1.0,1.0
OraclePerfect_B05,JILONG_EI_0069,650,988.482421875,0.5558463059078058,1.0,1.0,1.0,1.0,1.0
OraclePerfect_B05,JILONG_EI_0069,660,992.3526611328125,0.557822687720805,1.0,1.0,1.0,1.0,1.0
OraclePerfect_B05,JILONG_EI_0069,670,995.4231567382812,0.5615655643415821,1.0,1.0,1.0,1.0,1.0
OraclePerfect_B05,JILONG_EI_0069,680,998.7242431640625,0.5654023193550898,1.0,1.0,1.0,1.0,1.0
OraclePerfect_B05,JILONG_EI_0069,690,1001.622314453125,0.5676894150112916,1.0,1.0,1.0,1.0,1.0
OraclePerfect_B05,JILONG_EI_0069,700,1006.95361328125,0.5697814272192908,1.0,1.0,1.0,1.0,1.0
OraclePerfect_B05,JILONG_EI_0069,710,1012.4581298828125,0.57073297155729,1.0,1.0,1.0,1.0,1.0
OraclePerfect_B05,JILONG_EI_0069,720,1019.0552368164062,0.5700750521423282,1.0,1.0,1.0,1.0,1.0
OraclePerfect_B05,JILONG_EI_0069,730,1024.977783203125,0.5688565580480053,1.0,1.0,1.0,1.0,1.0
OraclePerfect_B05,JILONG_EI_0069,740,1029.5687255859375,0.5665738955301813,1.0,1.0,1.0,1.0,1.0
OraclePerfect_B05,JILONG_EI_0069,750,1033.576171875,0.5644355992182265,1.0,1.0,1.0,1.0,1.0
OraclePerfect_B05,JILONG_EI_0069,760,1038.670654296875,0.5626593574029588,1.0,1.0,1.0,1.0,1.0
OraclePerfect_B05,JILONG_EI_0069,770,1042.52099609375,0.5594359839054297,1.0,1.0,1.0,1.0,1.0
OraclePerfect_B05,JILONG_EI_0069,780,1048.9677734375,0.5568773117544833,1.0,1.0,1.0,1.0,1.0
OraclePerfect_B05,JILONG_EI_0069,790,1051.721923828125,0.5519564516472799,1.0,1.0,1.0,1.0,1.0
OraclePerfect_B05,JILONG_EI_0069,800,1056.699951171875,0.548138824719191,1.0,1.0,1.0,1.0,1.0
OraclePerfect_B05,JILONG_EI_0069,810,1061.888427734375,0.5426023742501163,1.0,1.0,1.0,1.0,1.0
OraclePerfect_B05,JILONG_EI_0069,820,1066.8948974609375,0.5380752249779088,1.0,1.0,1.0,1.0,1.0
OraclePerfect_B05,JILONG_EI_0069,830,1073.0333251953125,0.5345382457420739,1.0,1.0,1.0,1.0,1.0
OraclePerfect_B05,JILONG_EI_0069,840,1076.38037109375,0.5312186543906549,1.0,1.0,1.0,1.0,1.0
OraclePerfect_B05,JILONG_EI_0069,850,1079.74609375,0.5279635639105257,1.0,1.0,1.0,1.0,1.0
OraclePerfect_B05,JILONG_EI_0069,860,1083.9930419921875,0.5252582675055123,1.0,1.0,1.0,1.0,1.0
OraclePerfect_B05,JILONG_EI_0069,870,1087.11962890625,0.5227061403216849,1.0,1.0,1.0,1.0,1.0
OraclePerfect_B05,JILONG_EI_0069,880,1091.2764892578125,0.5197988052040357,1.0,1.0,1.0,1.0,1.0
OraclePerfect_B05,JILONG_EI_0069,890,1094.9189453125,0.5163200165209253,1.0,1.0,1.0,1.0,1.0
OraclePerfect_B05,JILONG_EI_0069,900,1098.64306640625,0.5136327058854621,1.0,1.0,1.0,1.0,1.0
OraclePerfect_B05,JILONG_EI_0069,910,1102.45068359375,0.5104267201474626,1.0,1.0,1.0,1.0,1.0
OraclePerfect_B05,JILONG_EI_0069,920,1106.062255859375,0.506087037227856,1.0,1.0,1.0,1.0,1.0
OraclePerfect_B05,JILONG_EI_0069,930,1106.2911376953125,0.5005397662533867,1.0,1.0,1.0,1.0,1.0
OraclePerfect_B05,JILONG_EI_0069,940,1110.3955078125,0.49771060671393236,1.0,1.0,1.0,1.0,1.0
OraclePerfect_B05,JILONG_EI_0069,950,1113.9027099609375,0.4936587742311149,1.0,1.0,1.0,1.0,1.0
OraclePerfect_B05,JILONG_EI_0069,960,1118.052001953125,0.4913239467571014,1.0,1.0,1.0,1.0,1.0
OraclePerfect_B05,JILONG_EI_0069,970,1121.50537109375,0.48860028497338354,1.0,1.0,1.0,1.0,1.0
OraclePerfect_B05,JILONG_EI_0069,980,1123.24609375,0.4847429750211236,1.0,1.0,1.0,1.0,1.0
OraclePerfect_B05,JILONG_EI_0069,990,1127.71533203125,0.4810122888460226,1.0,1.0,1.0,1.0,1.0
OraclePerfect_B05,JILONG_EI_0069,1000,1129.3072509765625,0.47695364157085324,1.0,1.0,1.0,1.0,1.0
OraclePerfect_B05,JILONG_EI_0069,1010,1131.0,0.47292620362948234,1.0,1.0,1.0,1.0,1.0
OraclePerfect_B05,JILONG_EI_0069,1020,1135.04736328125,0.47224332005199715,1.0,1.0,1.0,1.0,1.0
OraclePerfect_B05,JILONG_EI_0069,1030,1136.3724365234375,0.46893930011996626,1.0,1.0,1.0,1.0,1.0
OraclePerfect_B05,JILONG_EI_0069,1040,1140.069580078125,0.4675598365403738,1.0,1.0,1.0,1.0,1.0
OraclePerfect_B05,JILONG_EI_0069,1050,1144.628662109375,0.46751163577302773,1.0,1.0,1.0,1.0,1.0
OraclePerfect_B05,JILONG_EI_0069,1060,1144.9788818359375,0.463970162827186,1.0,1.0,1.0,1.0,1.0
OraclePerfect_B05,JILONG_EI_0069,1070,1146.54150390625,0.4625385017608959,1.0,1.0,1.0,1.0,1.0
OraclePerfect_B05,JILONG_EI_0069,1080,1148.1258544921875,0.45995255344180686,1.0,1.0,1.0,1.0,1.0
OraclePerfect_B05,JILONG_EI_0069,1090,1145.88818359375,0.4560713554740444,1.0,1.0,1.0,1.0,1.0
OraclePerfect_B05,JILONG_EI_0069,1100,1149.769775390625,0.45598014236325474,1.0,1.0,1.0,1.0,1.0
OraclePerfect_B05,JILONG_EI_0069,1110,1150.2435302734375,0.4547109244613552,1.0,1.0,1.0,1.0,1.0
OraclePerfect_B05,JILONG_EI_0069,1120,1151.65380859375,0.45223681530237664,1.0,1.0,1.0,1.0,1.0
OraclePerfect_B05,JILONG_EI_0069,1130,1145.501220703125,0.4438704159524995,1.0,1.0,1.0,1.0,1.0
OraclePerfect_B05,JILONG_EI_0069,1140,1145.64599609375,0.4410849935722159,1.0,1.0,1.0,1.0,1.0
OraclePerfect_B05,JILONG_EI_0069,1150,1138.851318359375,0.43173310344592,1.0,1.0,1.0,1.0,1.0
OraclePerfect_B05,JILONG_EI_0069,1160,1141.9722900390625,0.4306431422518394,1.0,1.0,1.0,1.0,1.0
OraclePerfect_B05,JILONG_EI_0069,1170,1142.533935546875,0.4276059405870912,1.0,1.0,1.0,1.0,1.0
OraclePerfect_B05,JILONG_EI_0069,1180,1137.7646484375,0.42047294598635226,1.0,1.0,1.0,1.0,1.0
OraclePerfect_B05,JILONG_EI_0069,1190,1138.171142578125,0.4159691453758256,1.0,1.0,1.0,1.0,1.0
OraclePerfect_B05,JILONG_EI_0069,1200,1140.4310302734375,0.4131348394883309,1.0,1.0,1.0,1.0,1.0
OraclePerfect_B05,JILONG_EI_0069,1210,1140.241943359375,0.40815225568276126,1.0,1.0,1.0,1.0,1.0
OraclePerfect_B05,JILONG_EI_0069,1220,1144.005615234375,0.40537732998584,1.0,1.0,1.0,1.0,1.0
OraclePerfect_B05,JILONG_EI_0069,1230,1147.02099609375,0.401446754112436,1.0,1.0,1.0,1.0,1.0
OraclePerfect_B05,JILONG_EI_0069,1240,1152.207763671875,0.3995004920269912,1.0,1.0,1.0,1.0,1.0
OraclePerfect_B05,JILONG_EI_0069,1250,1155.134521484375,0.39572779988099915,1.0,1.0,1.0,1.0,1.0
OraclePerfect_B05,JILONG_EI_0069,1260,1158.9744873046875,0.3938200472248703,1.0,1.0,1.0,1.0,1.0
OraclePerfect_B05,JILONG_EI_0069,1270,1161.6806640625,0.39202923886487806,1.0,1.0,1.0,1.0,1.0
OraclePerfect_B05,JILONG_EI_0069,1280,1164.235595703125,0.38861914641048134,1.0,1.0,1.0,1.0,1.0
OraclePerfect_B05,JILONG_EI_0069,1290,1167.62255859375,0.38736648831451526,1.0,1.0,1.0,1.0,1.0
OraclePerfect_B05,JILONG_EI_0069,1300,1166.617919921875,0.38206427605014137,1.0,1.0,1.0,1.0,1.0
OraclePerfect_B05,JILONG_EI_0069,1310,1171.38037109375,0.3803480690729458,1.0,1.0,1.0,1.0,1.0
OraclePerfect_B05,JILONG_EI_0069,1320,1171.0341796875,0.3738461513733236,1.0,1.0,1.0,1.0,1.0
OraclePerfect_B05,JILONG_EI_0069,1330,1174.7313232421875,0.3715355089429758,1.0,1.0,1.0,1.0,1.0
OraclePerfect_B05,JILONG_EI_0069,1340,1175.060302734375,0.3675823740539901,1.0,1.0,1.0,1.0,1.0
OraclePerfect_B05,JILONG_EI_0069,1350,1177.47412109375,0.3647355279609374,1.0,1.0,1.0,1.0,1.0
OraclePerfect_B05,JILONG_EI_0069,1360,1176.9581298828125,0.3617205689110188,1.0,1.0,1.0,1.0,1.0
OraclePerfect_B05,JILONG_EI_0069,1370,1180.613525390625,0.36002427828192773,1.0,1.0,1.0,1.0,1.0
OraclePerfect_B05,JILONG_EI_0069,1380,1181.5009765625,0.3563737788273493,1.0,1.0,1.0,1.0,1.0
OraclePerfect_B05,JILONG_EI_0069,1390,1180.721435546875,0.3539790573921168,1.0,1.0,1.0,1.0,1.0
OraclePerfect_B05,JILONG_EI_0069,1400,1184.51904296875,0.35285161918396546,1.0,1.0,1.0,1.0,1.0
OraclePerfect_B05,JILONG_EI_0069,1410,1183.5828857421875,0.3484387183152956,1.0,1.0,1.0,1.0,1.0
OraclePerfect_B05,JILONG_EI_0069,1420,1187.821044921875,0.34704651775271217,1.0,1.0,1.0,1.0,1.0
OraclePerfect_B05,JILONG_EI_0069,1430,1190.56005859375,0.3455920500621703,1.0,1.0,1.0,1.0,1.0
OraclePerfect_B05,JILONG_EI_0069,1440,1193.556884765625,0.3443591598064035,1.0,1.0,1.0,1.0,1.0
OraclePerfect_B05,JILONG_EI_0079,10,26.742862701416016,0.9950755068241034,1.0,1.0,1.0,1.0,1.0
OraclePerfect_B05,JILONG_EI_0079,20,45.078826904296875,0.9961623475238588,1.0,1.0,1.0,1.0,1.0
OraclePerfect_B05,JILONG_EI_0079,30,70.71761322021484,0.9967820782258389,1.0,1.0,1.0,1.0,1.0
OraclePerfect_B05,JILONG_EI_0079,40,157.05801391601562,0.9964931537419491,1.0,1.0,1.0,1.0,1.0
OraclePerfect_B05,JILONG_EI_0079,50,212.61790466308594,0.9298458952004736,1.0,1.0,1.0,1.0,1.0
OraclePerfect_B05,JILONG_EI_0079,60,244.33714294433594,0.868317608857011,1.0,1.0,1.0,1.0,1.0
OraclePerfect_B05,JILONG_EI_0079,70,285.6467590332031,0.8533325740884617,1.0,1.0,1.0,1.0,1.0
OraclePerfect_B05,JILONG_EI_0079,80,344.252197265625,0.7792432522597332,1.0,1.0,1.0,1.0,1.0
OraclePerfect_B05,JILONG_EI_0079,90,406.7372131347656,0.6630841295999141,1.0,1.0,1.0,1.0,1.0
OraclePerfect_B05,JILONG_EI_0079,100,440.9359436035156,0.6879416082481414,1.0,1.0,1.0,1.0,1.0
OraclePerfect_B05,JILONG_EI_0079,110,460.87811279296875,0.6894410678161252,1.0,1.0,1.0,1.0,1.0
OraclePerfect_B05,JILONG_EI_0079,120,485.2921142578125,0.7125131841730051,1.0,1.0,1.0,1.0,1.0
OraclePerfect_B05,JILONG_EI_0079,130,467.9096374511719,0.7172068457028695,1.0,1.0,1.0,1.0,1.0
OraclePerfect_B05,JILONG_EI_0079,140,493.793212890625,0.7246803456868898,1.0,1.0,1.0,1.0,1.0
OraclePerfect_B05,JILONG_EI_0079,150,506.54998779296875,0.7240196947667199,1.0,1.0,1.0,1.0,1.0
OraclePerfect_B05,JILONG_EI_0079,160,550.1233520507812,0.72591320338335,1.0,1.0,1.0,1.0,1.0
OraclePerfect_B05,JILONG_EI_0079,170,597.1817016601562,0.7348948163478335,1.0,1.0,1.0,1.0,1.0
OraclePerfect_B05,JILONG_EI_0079,180,631.468994140625,0.7359006823779725,1.0,1.0,1.0,1.0,1.0
OraclePerfect_B05,JILONG_EI_0079,190,639.4800415039062,0.7392571499231662,1.0,1.0,1.0,1.0,1.0
OraclePerfect_B05,JILONG_EI_0079,200,655.2739868164062,0.768537799881547,1.0,1.0,1.0,1.0,1.0
OraclePerfect_B05,JILONG_EI_0079,210,655.2701416015625,0.7920282458392585,1.0,1.0,1.0,1.0,1.0
OraclePerfect_B05,JILONG_EI_0079,220,657.1251220703125,0.8136332932877471,1.0,1.0,1.0,1.0,1.0
OraclePerfect_B05,JILONG_EI_0079,230,690.416259765625,0.8366965965576616,1.0,1.0,1.0,1.0,1.0
OraclePerfect_B05,JILONG_EI_0079,240,742.0748291015625,0.8418829555173596,1.0,1.0,1.0,1.0,1.0
OraclePerfect_B05,JILONG_EI_0079,250,779.5623779296875,0.7919468205831242,1.0,1.0,1.0,1.0,1.0
OraclePerfect_B05,JILONG_EI_0079,260,807.250732421875,0.7495521961854515,1.0,1.0,1.0,1.0,1.0
OraclePerfect_B05,JILONG_EI_0079,270,824.0573120117188,0.7579095142620049,1.0,1.0,1.0,1.0,1.0
OraclePerfect_B05,JILONG_EI_0079,280,834.2734985351562,0.7631577258884297,1.0,1.0,1.0,1.0,1.0
OraclePerfect_B05,JILONG_EI_0079,290,838.8507080078125,0.7613860883829174,1.0,1.0,1.0,1.0,1.0
OraclePerfect_B05,JILONG_EI_0079,300,841.885498046875,0.7460382304010686,1.0,1.0,1.0,1.0,1.0
OraclePerfect_B05,JILONG_EI_0079,310,851.1376342773438,0.7203867197203938,1.0,1.0,1.0,1.0,1.0
OraclePerfect_B05,JILONG_EI_0079,320,852.6151733398438,0.6903458624263958,1.0,1.0,1.0,1.0,1.0
OraclePerfect_B05,JILONG_EI_0079,330,853.029052734375,0.6604038935333373,1.0,1.0,1.0,1.0,1.0
OraclePerfect_B05,JILONG_EI_0079,340,856.3543701171875,0.6855113086052885,1.0,1.0,1.0,1.0,1.0
OraclePerfect_B05,JILONG_EI_0079,350,858.276123046875,0.7042347457409646,1.0,1.0,1.0,1.0,1.0
OraclePerfect_B05,JILONG_EI_0079,360,861.430908203125,0.7076474024877366,1.0,1.0,1.0,1.0,1.0
OraclePerfect_B05,JILONG_EI_0079,370,864.4683837890625,0.6902140634725793,1.0,1.0,1.0,1.0,1.0
OraclePerfect_B05,JILONG_EI_0079,380,867.9213256835938,0.6636053091868197,1.0,1.0,1.0,1.0,1.0
OraclePerfect_B05,JILONG_EI_0079,390,875.3450927734375,0.6311880171868403,1.0,1.0,1.0,1.0,1.0
OraclePerfect_B05,JILONG_EI_0079,400,879.6497192382812,0.6023315764372392,1.0,1.0,1.0,1.0,1.0
OraclePerfect_B05,JILONG_EI_0079,410,878.5513305664062,0.5821529295088715,1.0,1.0,1.0,1.0,1.0
OraclePerfect_B05,JILONG_EI_0079,420,880.4281616210938,0.5861067918861681,1.0,1.0,1.0,1.0,1.0
OraclePerfect_B05,JILONG_EI_0079,430,874.473388671875,0.5858208133644055,1.0,1.0,1.0,1.0,1.0
OraclePerfect_B05,JILONG_EI_0079,440,869.864990234375,0.5816360229734387,1.0,1.0,1.0,1.0,1.0
OraclePerfect_B05,JILONG_EI_0079,450,866.529052734375,0.5736954973789816,1.0,1.0,1.0,1.0,1.0
OraclePerfect_B05,JILONG_EI_0079,460,859.3856811523438,0.562352808030001,1.0,1.0,1.0,1.0,1.0
OraclePerfect_B05,JILONG_EI_0079,470,850.564697265625,0.5519636111433466,1.0,1.0,1.0,1.0,1.0
OraclePerfect_B05,JILONG_EI_0079,480,843.8572998046875,0.556122372169253,1.0,1.0,1.0,1.0,1.0
OraclePerfect_B05,JILONG_EI_0079,490,840.0005493164062,0.5580655023408326,1.0,1.0,1.0,1.0,1.0
OraclePerfect_B05,JILONG_EI_0079,500,835.3718872070312,0.5604085831882051,1.0,1.0,1.0,1.0,1.0
OraclePerfect_B05,JILONG_EI_0079,510,830.8543701171875,0.5605672794804804,1.0,1.0,1.0,1.0,1.0
OraclePerfect_B05,JILONG_EI_0079,520,831.3035888671875,0.5620758413862216,1.0,1.0,1.0,1.0,1.0
OraclePerfect_B05,JILONG_EI_0079,530,830.9197998046875,0.5645633300103549,1.0,1.0,1.0,1.0,1.0
OraclePerfect_B05,JILONG_EI_0079,540,830.7308349609375,0.5645244078474562,1.0,1.0,1.0,1.0,1.0
OraclePerfect_B05,JILONG_EI_0079,550,831.606201171875,0.5651447409438337,1.0,1.0,1.0,1.0,1.0
OraclePerfect_B05,JILONG_EI_0079,560,831.6666259765625,0.5643157971255988,1.0,1.0,1.0,1.0,1.0
OraclePerfect_B05,JILONG_EI_0079,570,829.5145263671875,0.5627796634846026,1.0,1.0,1.0,1.0,1.0
OraclePerfect_B05,JILONG_EI_0079,580,826.96875,0.562166440979045,1.0,1.0,1.0,1.0,1.0
OraclePerfect_B05,JILONG_EI_0079,590,826.766357421875,0.5590058490300235,1.0,1.0,1.0,1.0,1.0
OraclePerfect_B05,JILONG_EI_0079,600,826.98291015625,0.5537033607084446,1.0,1.0,1.0,1.0,1.0
OraclePerfect_B05,JILONG_EI_0079,610,825.551513671875,0.5473401677007919,1.0,1.0,1.0,1.0,1.0
OraclePerfect_B05,JILONG_EI_0079,620,826.395751953125,0.5442585539333825,1.0,1.0,1.0,1.0,1.0
OraclePerfect_B05,JILONG_EI_0079,630,825.823486328125,0.5404741014655167,1.0,1.0,1.0,1.0,1.0
OraclePerfect_B05,JILONG_EI_0079,640,824.037109375,0.5383060509618863,1.0,1.0,1.0,1.0,1.0
OraclePerfect_B05,JILONG_EI_0079,650,824.4573364257812,0.5384073829033462,1.0,1.0,1.0,1.0,1.0
OraclePerfect_B05,JILONG_EI_0079,660,824.9013061523438,0.5376618934112767,1.0,1.0,1.0,1.0,1.0
OraclePerfect_B05,JILONG_EI_0079,670,824.6157836914062,0.536111970698159,1.0,1.0,1.0,1.0,1.0
OraclePerfect_B05,JILONG_EI_0079,680,824.2069091796875,0.5376441877755411,1.0,1.0,1.0,1.0,1.0
OraclePerfect_B05,JILONG_EI_0079,690,825.560546875,0.5412301229920808,1.0,1.0,1.0,1.0,1.0
OraclePerfect_B05,JILONG_EI_0079,700,827.8392944335938,0.5433543147234892,1.0,1.0,1.0,1.0,1.0
OraclePerfect_B05,JILONG_EI_0079,710,832.559814453125,0.5452860044765742,1.0,1.0,1.0,1.0,1.0
OraclePerfect_B05,JILONG_EI_0079,720,835.765380859375,0.5456472597428235,1.0,1.0,1.0,1.0,1.0
OraclePerfect_B05,JILONG_EI_0079,730,839.83056640625,0.5452060693570385,1.0,1.0,1.0,1.0,1.0
OraclePerfect_B05,JILONG_EI_0079,740,843.1729125976562,0.5467092163617191,1.0,1.0,1.0,1.0,1.0
OraclePerfect_B05,JILONG_EI_0079,750,846.1409301757812,0.5474179640754344,1.0,1.0,1.0,1.0,1.0
OraclePerfect_B05,JILONG_EI_0079,760,847.9940185546875,0.5464115533506991,1.0,1.0,1.0,1.0,1.0
OraclePerfect_B05,JILONG_EI_0079,770,851.5439453125,0.5453111345803167,1.0,1.0,1.0,1.0,1.0
OraclePerfect_B05,JILONG_EI_0079,780,855.0997924804688,0.5444784707369756,1.0,1.0,1.0,1.0,1.0
OraclePerfect_B05,JILONG_EI_0079,790,858.940673828125,0.5448407869402183,1.0,1.0,1.0,1.0,1.0
OraclePerfect_B05,JILONG_EI_0079,800,865.2224731445312,0.5461595447122962,1.0,1.0,1.0,1.0,1.0
OraclePerfect_B05,JILONG_EI_0079,810,867.1475830078125,0.5467983050713351,1.0,1.0,1.0,1.0,1.0
OraclePerfect_B05,JILONG_EI_0079,820,869.562744140625,0.5479947525759684,1.0,1.0,1.0,1.0,1.0
OraclePerfect_B05,JILONG_EI_0079,830,871.681396484375,0.547098475440871,1.0,1.0,1.0,1.0,1.0
OraclePerfect_B05,JILONG_EI_0079,840,874.2991943359375,0.5468292654815627,1.0,1.0,1.0,1.0,1.0
OraclePerfect_B05,JILONG_EI_0079,850,876.3818969726562,0.5473813366838638,1.0,1.0,1.0,1.0,1.0
OraclePerfect_B05,JILONG_EI_0079,860,879.6709594726562,0.5454809436487896,1.0,1.0,1.0,1.0,1.0
OraclePerfect_B05,JILONG_EI_0079,870,883.6544189453125,0.5443224768448178,1.0,1.0,1.0,1.0,1.0
OraclePerfect_B05,JILONG_EI_0079,880,887.6298828125,0.5440977248191073,1.0,1.0,1.0,1.0,1.0
OraclePerfect_B05,JILONG_EI_0079,890,889.8568115234375,0.5410332071104655,1.0,1.0,1.0,1.0,1.0
OraclePerfect_B05,JILONG_EI_0079,900,891.6205444335938,0.5380902789910719,1.0,1.0,1.0,1.0,1.0
OraclePerfect_B05,JILONG_EI_0079,910,894.6510009765625,0.5364141002393488,1.0,1.0,1.0,1.0,1.0
OraclePerfect_B05,JILONG_EI_0079,920,898.2589721679688,0.5344352404577208,1.0,1.0,1.0,1.0,1.0
OraclePerfect_B05,JILONG_EI_0079,930,901.8704833984375,0.5317530780275507,1.0,1.0,1.0,1.0,1.0
OraclePerfect_B05,JILONG_EI_0079,940,906.3104858398438,0.528771855006665,1.0,1.0,1.0,1.0,1.0
OraclePerfect_B05,JILONG_EI_0079,950,910.6475219726562,0.5253150509422349,1.0,1.0,1.0,1.0,1.0
OraclePerfect_B05,JILONG_EI_0079,960,913.2342529296875,0.5202500038150688,1.0,1.0,1.0,1.0,1.0
OraclePerfect_B05,JILONG_EI_0079,970,917.9217529296875,0.517470459950505,1.0,1.0,1.0,1.0,1.0
OraclePerfect_B05,JILONG_EI_0079,980,923.1349487304688,0.5152390144042788,1.0,1.0,1.0,1.0,1.0
OraclePerfect_B05,JILONG_EI_0079,990,926.6503295898438,0.5120258100405515,1.0,1.0,1.0,1.0,1.0
OraclePerfect_B05,JILONG_EI_0079,1000,930.8349609375,0.5095726032622162,1.0,1.0,1.0,1.0,1.0
OraclePerfect_B05,JILONG_EI_0079,1010,933.4674682617188,0.5058654188972563,1.0,1.0,1.0,1.0,1.0
OraclePerfect_B05,JILONG_EI_0079,1020,935.7838134765625,0.5025309558933947,1.0,1.0,1.0,1.0,1.0
OraclePerfect_B05,JILONG_EI_0079,1030,938.748291015625,0.5002953940191543,1.0,1.0,1.0,1.0,1.0
OraclePerfect_B05,JILONG_EI_0079,1040,941.6734619140625,0.49791052663858243,1.0,1.0,1.0,1.0,1.0
OraclePerfect_B05,JILONG_EI_0079,1050,943.9793090820312,0.49547143980656894,1.0,1.0,1.0,1.0,1.0
OraclePerfect_B05,JILONG_EI_0079,1060,946.280029296875,0.4934797896382492,1.0,1.0,1.0,1.0,1.0
OraclePerfect_B05,JILONG_EI_0079,1070,949.3658447265625,0.49123086705513047,1.0,1.0,1.0,1.0,1.0
OraclePerfect_B05,JILONG_EI_0079,1080,952.01318359375,0.4885168119186674,1.0,1.0,1.0,1.0,1.0
OraclePerfect_B05,JILONG_EI_0079,1090,954.7647705078125,0.4865526030510582,1.0,1.0,1.0,1.0,1.0
OraclePerfect_B05,JILONG_EI_0079,1100,957.288818359375,0.48469135257688356,1.0,1.0,1.0,1.0,1.0
OraclePerfect_B05,JILONG_EI_0079,1110,959.00830078125,0.48177340660451184,1.0,1.0,1.0,1.0,1.0
OraclePerfect_B05,JILONG_EI_0079,1120,960.8607177734375,0.47900296428477906,1.0,1.0,1.0,1.0,1.0
OraclePerfect_B05,JILONG_EI_0079,1130,964.6998901367188,0.4778482469338121,1.0,1.0,1.0,1.0,1.0
OraclePerfect_B05,JILONG_EI_0079,1140,967.3080444335938,0.47682774885376084,1.0,1.0,1.0,1.0,1.0
OraclePerfect_B05,JILONG_EI_0079,1150,969.8848876953125,0.47479961641554963,1.0,1.0,1.0,1.0,1.0
OraclePerfect_B05,JILONG_EI_0079,1160,973.51904296875,0.4743353450406704,1.0,1.0,1.0,1.0,1.0
OraclePerfect_B05,JILONG_EI_0079,1170,976.3865966796875,0.4743732662226414,1.0,1.0,1.0,1.0,1.0
OraclePerfect_B05,JILONG_EI_0079,1180,979.5534057617188,0.4747999933499599,1.0,1.0,1.0,1.0,1.0
OraclePerfect_B05,JILONG_EI_0079,1190,981.5230102539062,0.4737918327499384,1.0,1.0,1.0,1.0,1.0
OraclePerfect_B05,JILONG_EI_0079,1200,985.0059204101562,0.47358669784144786,1.0,1.0,1.0,1.0,1.0
OraclePerfect_B05,JILONG_EI_0079,1210,987.0762939453125,0.47362787385819755,1.0,1.0,1.0,1.0,1.0
OraclePerfect_B05,JILONG_EI_0079,1220,987.9683227539062,0.472479729594906,1.0,1.0,1.0,1.0,1.0
OraclePerfect_B05,JILONG_EI_0079,1230,989.5372924804688,0.47158108843371854,1.0,1.0,1.0,1.0,1.0
OraclePerfect_B05,JILONG_EI_0079,1240,993.2933349609375,0.4714797090056195,1.0,1.0,1.0,1.0,1.0
OraclePerfect_B05,JILONG_EI_0079,1250,991.8722534179688,0.46734897929019265,1.0,1.0,1.0,1.0,1.0
OraclePerfect_B05,JILONG_EI_0079,1260,992.6626586914062,0.46602319583210344,1.0,1.0,1.0,1.0,1.0
OraclePerfect_B05,JILONG_EI_0079,1270,994.304443359375,0.46413792949541444,1.0,1.0,1.0,1.0,1.0
OraclePerfect_B05,JILONG_EI_0079,1280,996.0320434570312,0.4630840106844622,1.0,1.0,1.0,1.0,1.0
OraclePerfect_B05,JILONG_EI_0079,1290,996.0172729492188,0.4609583558031063,1.0,1.0,1.0,1.0,1.0
OraclePerfect_B05,JILONG_EI_0079,1300,998.603759765625,0.4599635510958004,1.0,1.0,1.0,1.0,1.0
OraclePerfect_B05,JILONG_EI_0079,1310,996.8306884765625,0.4559369820310543,1.0,1.0,1.0,1.0,1.0
OraclePerfect_B05,JILONG_EI_0079,1320,997.5303955078125,0.45426356519238315,1.0,1.0,1.0,1.0,1.0
OraclePerfect_B05,JILONG_EI_0079,1330,998.5125732421875,0.45199775863206587,1.0,1.0,1.0,1.0,1.0
OraclePerfect_B05,JILONG_EI_0079,1340,1000.77734375,0.450131691501232,1.0,1.0,1.0,1.0,1.0
OraclePerfect_B05,JILONG_EI_0079,1350,1003.1387329101562,0.4472985638018194,1.0,1.0,1.0,1.0,1.0
OraclePerfect_B05,JILONG_EI_0079,1360,1001.0396118164062,0.4406452157181382,1.0,1.0,1.0,1.0,1.0
OraclePerfect_B05,JILONG_EI_0079,1370,1003.5589599609375,0.43807423154314706,1.0,1.0,1.0,1.0,1.0
OraclePerfect_B05,JILONG_EI_0079,1380,1004.0531616210938,0.43352872816041016,1.0,1.0,1.0,1.0,1.0
OraclePerfect_B05,JILONG_EI_0079,1390,1005.1383666992188,0.4293297171713631,1.0,1.0,1.0,1.0,1.0
OraclePerfect_B05,JILONG_EI_0079,1400,1005.010009765625,0.4235647516279538,1.0,1.0,1.0,1.0,1.0
OraclePerfect_B05,JILONG_EI_0079,1410,1006.5951538085938,0.4195207720426036,1.0,1.0,1.0,1.0,1.0
OraclePerfect_B05,JILONG_EI_0079,1420,1008.2061767578125,0.4154000435915295,1.0,1.0,1.0,1.0,1.0
OraclePerfect_B05,JILONG_EI_0079,1430,1012.2337036132812,0.41340039209979074,1.0,1.0,1.0,1.0,1.0
OraclePerfect_B05,JILONG_EI_0079,1440,1014.9185791015625,0.40927666429358966,1.0,1.0,1.0,1.0,1.0
OraclePerfect_B05,JILONG_EI_0089,10,23.2847900390625,0.9878502188892109,1.0,1.0,1.0,1.0,1.0
OraclePerfect_B05,JILONG_EI_0089,20,44.70976638793945,0.9941884003999367,1.0,1.0,1.0,1.0,1.0
OraclePerfect_B05,JILONG_EI_0089,30,106.67610168457031,0.9967822582313028,1.0,1.0,1.0,1.0,1.0
OraclePerfect_B05,JILONG_EI_0089,40,217.0469512939453,0.9923243550678268,1.0,1.0,1.0,1.0,1.0
OraclePerfect_B05,JILONG_EI_0089,50,278.2149658203125,0.9214507257852524,1.0,1.0,1.0,1.0,1.0
OraclePerfect_B05,JILONG_EI_0089,60,309.33526611328125,0.8780739829208183,1.0,1.0,1.0,1.0,1.0
OraclePerfect_B05,JILONG_EI_0089,70,381.1477966308594,0.8575400208171272,1.0,1.0,1.0,1.0,1.0
OraclePerfect_B05,JILONG_EI_0089,80,492.9609680175781,0.7737786222569211,1.0,1.0,1.0,1.0,1.0
OraclePerfect_B05,JILONG_EI_0089,90,554.29736328125,0.6667961325664888,1.0,1.0,1.0,1.0,1.0
OraclePerfect_B05,JILONG_EI_0089,100,589.1072387695312,0.68692536120017,1.0,1.0,1.0,1.0,1.0
OraclePerfect_B05,JILONG_EI_0089,110,647.671142578125,0.6640349843356521,1.0,1.0,1.0,1.0,1.0
OraclePerfect_B05,JILONG_EI_0089,120,670.8224487304688,0.7087259143694744,1.0,1.0,1.0,1.0,1.0
OraclePerfect_B05,JILONG_EI_0089,130,669.6213989257812,0.7079362498370437,1.0,1.0,1.0,1.0,1.0
OraclePerfect_B05,JILONG_EI_0089,140,696.3020629882812,0.7112832583323381,1.0,1.0,1.0,1.0,1.0
OraclePerfect_B05,JILONG_EI_0089,150,673.50048828125,0.7027866358678118,1.0,1.0,1.0,1.0,1.0
OraclePerfect_B05,JILONG_EI_0089,160,682.851318359375,0.7060657076706089,1.0,1.0,1.0,1.0,1.0
OraclePerfect_B05,JILONG_EI_0089,170,747.6214599609375,0.7122465495102202,1.0,1.0,1.0,1.0,1.0
OraclePerfect_B05,JILONG_EI_0089,180,794.43994140625,0.7150775882530518,1.0,1.0,1.0,1.0,1.0
OraclePerfect_B05,JILONG_EI_0089,190,805.4105834960938,0.7358395478576316,1.0,1.0,1.0,1.0,1.0
OraclePerfect_B05,JILONG_EI_0089,200,820.344970703125,0.7647061128590218,1.0,1.0,1.0,1.0,1.0
OraclePerfect_B05,JILONG_EI_0089,210,826.7081298828125,0.7884575821256171,1.0,1.0,1.0,1.0,1.0
OraclePerfect_B05,JILONG_EI_0089,220,844.163818359375,0.8161678185122344,1.0,1.0,1.0,1.0,1.0
OraclePerfect_B05,JILONG_EI_0089,230,913.2232055664062,0.8404548537493649,1.0,1.0,1.0,1.0,1.0
OraclePerfect_B05,JILONG_EI_0089,240,964.3700561523438,0.7962439175387772,1.0,1.0,1.0,1.0,1.0
OraclePerfect_B05,JILONG_EI_0089,250,993.5218505859375,0.7395951925199316,1.0,1.0,1.0,1.0,1.0
OraclePerfect_B05,JILONG_EI_0089,260,1026.678466796875,0.7566039002029156,1.0,1.0,1.0,1.0,1.0
OraclePerfect_B05,JILONG_EI_0089,270,1049.908447265625,0.7687027038686293,1.0,1.0,1.0,1.0,1.0
OraclePerfect_B05,JILONG_EI_0089,280,1061.892333984375,0.7594814287526521,1.0,1.0,1.0,1.0,1.0
OraclePerfect_B05,JILONG_EI_0089,290,1070.4102783203125,0.7280147282670474,1.0,1.0,1.0,1.0,1.0
OraclePerfect_B05,JILONG_EI_0089,300,1080.5234375,0.6941059314290228,1.0,1.0,1.0,1.0,1.0
OraclePerfect_B05,JILONG_EI_0089,310,1095.0416259765625,0.6626354521905936,1.0,1.0,1.0,1.0,1.0
OraclePerfect_B05,JILONG_EI_0089,320,1105.341796875,0.6602283397519267,1.0,1.0,1.0,1.0,1.0
OraclePerfect_B05,JILONG_EI_0089,330,1112.3104248046875,0.6880475225642843,1.0,1.0,1.0,1.0,1.0
OraclePerfect_B05,JILONG_EI_0089,340,1111.7864990234375,0.6929587288218373,1.0,1.0,1.0,1.0,1.0
OraclePerfect_B05,JILONG_EI_0089,350,1120.448974609375,0.6773634343371469,1.0,1.0,1.0,1.0,1.0
OraclePerfect_B05,JILONG_EI_0089,360,1123.6817626953125,0.6524122613986294,1.0,1.0,1.0,1.0,1.0
OraclePerfect_B05,JILONG_EI_0089,370,1126.3284912109375,0.6275003112734217,1.0,1.0,1.0,1.0,1.0
OraclePerfect_B05,JILONG_EI_0089,380,1127.4710693359375,0.6043807164353294,1.0,1.0,1.0,1.0,1.0
OraclePerfect_B05,JILONG_EI_0089,390,1123.1160888671875,0.585491791545113,1.0,1.0,1.0,1.0,1.0
OraclePerfect_B05,JILONG_EI_0089,400,1115.349609375,0.584192753014079,1.0,1.0,1.0,1.0,1.0
OraclePerfect_B05,JILONG_EI_0089,410,1105.4742431640625,0.5846562501919415,1.0,1.0,1.0,1.0,1.0
OraclePerfect_B05,JILONG_EI_0089,420,1095.7686767578125,0.5830773117939867,1.0,1.0,1.0,1.0,1.0
OraclePerfect_B05,JILONG_EI_0089,430,1088.15087890625,0.5766927162694377,1.0,1.0,1.0,1.0,1.0
OraclePerfect_B05,JILONG_EI_0089,440,1074.384033203125,0.570395950663253,1.0,1.0,1.0,1.0,1.0
OraclePerfect_B05,JILONG_EI_0089,450,1063.254150390625,0.5631598495213826,1.0,1.0,1.0,1.0,1.0
OraclePerfect_B05,JILONG_EI_0089,460,1055.978271484375,0.5552041893438892,1.0,1.0,1.0,1.0,1.0
OraclePerfect_B05,JILONG_EI_0089,470,1051.669677734375,0.5507697765259112,1.0,1.0,1.0,1.0,1.0
OraclePerfect_B05,JILONG_EI_0089,480,1050.0057373046875,0.554083059334098,1.0,1.0,1.0,1.0,1.0
OraclePerfect_B05,JILONG_EI_0089,490,1047.9500732421875,0.557292794592597,1.0,1.0,1.0,1.0,1.0
OraclePerfect_B05,JILONG_EI_0089,500,1047.204833984375,0.5595100538978736,1.0,1.0,1.0,1.0,1.0
OraclePerfect_B05,JILONG_EI_0089,510,1040.91357421875,0.5608206241989859,1.0,1.0,1.0,1.0,1.0
OraclePerfect_B05,JILONG_EI_0089,520,1034.76806640625,0.5627530137272416,1.0,1.0,1.0,1.0,1.0
OraclePerfect_B05,JILONG_EI_0089,530,1030.402587890625,0.5664779642281572,1.0,1.0,1.0,1.0,1.0
OraclePerfect_B05,JILONG_EI_0089,540,1029.002197265625,0.5715134339112076,1.0,1.0,1.0,1.0,1.0
OraclePerfect_B05,JILONG_EI_0089,550,1026.00244140625,0.5741562778019002,1.0,1.0,1.0,1.0,1.0
OraclePerfect_B05,JILONG_EI_0089,560,1024.6729736328125,0.5769458123582498,1.0,1.0,1.0,1.0,1.0
OraclePerfect_B05,JILONG_EI_0089,570,1021.8252563476562,0.5779957889164693,1.0,1.0,1.0,1.0,1.0
OraclePerfect_B05,JILONG_EI_0089,580,1018.5156860351562,0.5778822548497532,1.0,1.0,1.0,1.0,1.0
OraclePerfect_B05,JILONG_EI_0089,590,1016.6737060546875,0.5789863860225728,1.0,1.0,1.0,1.0,1.0
OraclePerfect_B05,JILONG_EI_0089,600,1014.0906982421875,0.5774250102430046,1.0,1.0,1.0,1.0,1.0
OraclePerfect_B05,JILONG_EI_0089,610,1009.9781494140625,0.5733930564437056,1.0,1.0,1.0,1.0,1.0
OraclePerfect_B05,JILONG_EI_0089,620,1006.4442138671875,0.5692915481041712,1.0,1.0,1.0,1.0,1.0
OraclePerfect_B05,JILONG_EI_0089,630,1007.1724853515625,0.5647801377200454,1.0,1.0,1.0,1.0,1.0
OraclePerfect_B05,JILONG_EI_0089,640,1011.060302734375,0.5607376966252077,1.0,1.0,1.0,1.0,1.0
OraclePerfect_B05,JILONG_EI_0089,650,1012.9376220703125,0.5588292248108782,1.0,1.0,1.0,1.0,1.0
OraclePerfect_B05,JILONG_EI_0089,660,1010.7954711914062,0.5575285113975927,1.0,1.0,1.0,1.0,1.0
OraclePerfect_B05,JILONG_EI_0089,670,1011.7252807617188,0.5569511879578231,1.0,1.0,1.0,1.0,1.0
OraclePerfect_B05,JILONG_EI_0089,680,1010.9978637695312,0.5559801000575434,1.0,1.0,1.0,1.0,1.0
OraclePerfect_B05,JILONG_EI_0089,690,1011.813232421875,0.5550658992995035,1.0,1.0,1.0,1.0,1.0
OraclePerfect_B05,JILONG_EI_0089,700,1013.213134765625,0.5542406624044854,1.0,1.0,1.0,1.0,1.0
OraclePerfect_B05,JILONG_EI_0089,710,1015.44384765625,0.553363564704745,1.0,1.0,1.0,1.0,1.0
OraclePerfect_B05,JILONG_EI_0089,720,1017.0752563476562,0.5520626701306269,1.0,1.0,1.0,1.0,1.0
OraclePerfect_B05,JILONG_EI_0089,730,1018.9578247070312,0.5519520293561312,1.0,1.0,1.0,1.0,1.0
OraclePerfect_B05,JILONG_EI_0089,740,1020.2625122070312,0.5504032439918726,1.0,1.0,1.0,1.0,1.0
OraclePerfect_B05,JILONG_EI_0089,750,1021.0889892578125,0.5473761702644895,1.0,1.0,1.0,1.0,1.0
OraclePerfect_B05,JILONG_EI_0089,760,1024.142822265625,0.5441101017175494,1.0,1.0,1.0,1.0,1.0
OraclePerfect_B05,JILONG_EI_0089,770,1026.8408203125,0.53927543155635,1.0,1.0,1.0,1.0,1.0
OraclePerfect_B05,JILONG_EI_0089,780,1029.5068359375,0.5337754113912868,1.0,1.0,1.0,1.0,1.0
OraclePerfect_B05,JILONG_EI_0089,790,1033.076904296875,0.5281685593972064,1.0,1.0,1.0,1.0,1.0
OraclePerfect_B05,JILONG_EI_0089,800,1038.2696533203125,0.5217821499519553,1.0,1.0,1.0,1.0,1.0
OraclePerfect_B05,JILONG_EI_0089,810,1044.3701171875,0.516915856672428,1.0,1.0,1.0,1.0,1.0
OraclePerfect_B05,JILONG_EI_0089,820,1049.730712890625,0.5125070070763603,1.0,1.0,1.0,1.0,1.0
OraclePerfect_B05,JILONG_EI_0089,830,1054.238037109375,0.5095696416028664,1.0,1.0,1.0,1.0,1.0
OraclePerfect_B05,JILONG_EI_0089,840,1054.923095703125,0.5064275821521984,1.0,1.0,1.0,1.0,1.0
OraclePerfect_B05,JILONG_EI_0089,850,1058.8787841796875,0.5027521940553605,1.0,1.0,1.0,1.0,1.0
OraclePerfect_B05,JILONG_EI_0089,860,1061.2396240234375,0.49819017396094967,1.0,1.0,1.0,1.0,1.0
OraclePerfect_B05,JILONG_EI_0089,870,1062.5128173828125,0.4962065607905674,1.0,1.0,1.0,1.0,1.0
OraclePerfect_B05,JILONG_EI_0089,880,1064.9571533203125,0.49421072374742014,1.0,1.0,1.0,1.0,1.0
OraclePerfect_B05,JILONG_EI_0089,890,1068.6064453125,0.4921169104584626,1.0,1.0,1.0,1.0,1.0
OraclePerfect_B05,JILONG_EI_0089,900,1071.6658935546875,0.49133370681978117,1.0,1.0,1.0,1.0,1.0
OraclePerfect_B05,JILONG_EI_0089,910,1075.5545654296875,0.4893486441499705,1.0,1.0,1.0,1.0,1.0
OraclePerfect_B05,JILONG_EI_0089,920,1078.070068359375,0.48726837216931923,1.0,1.0,1.0,1.0,1.0
OraclePerfect_B05,JILONG_EI_0089,930,1078.882080078125,0.4850304345181563,1.0,1.0,1.0,1.0,1.0
OraclePerfect_B05,JILONG_EI_0089,940,1081.815185546875,0.4833867570366551,1.0,1.0,1.0,1.0,1.0
OraclePerfect_B05,JILONG_EI_0089,950,1082.18115234375,0.4829475107771907,1.0,1.0,1.0,1.0,1.0
OraclePerfect_B05,JILONG_EI_0089,960,1083.6197509765625,0.48121452780525825,1.0,1.0,1.0,1.0,1.0
OraclePerfect_B05,JILONG_EI_0089,970,1085.0047607421875,0.4809232362892362,1.0,1.0,1.0,1.0,1.0
OraclePerfect_B05,JILONG_EI_0089,980,1088.876708984375,0.4802584069230611,1.0,1.0,1.0,1.0,1.0
OraclePerfect_B05,JILONG_EI_0089,990,1091.3922119140625,0.4796167868720636,1.0,1.0,1.0,1.0,1.0
OraclePerfect_B05,JILONG_EI_0089,1000,1094.4217529296875,0.47871567683891,1.0,1.0,1.0,1.0,1.0
OraclePerfect_B05,JILONG_EI_0089,1010,1096.362060546875,0.47766776895002033,1.0,1.0,1.0,1.0,1.0
OraclePerfect_B05,JILONG_EI_0089,1020,1097.155029296875,0.47522589978337254,1.0,1.0,1.0,1.0,1.0
OraclePerfect_B05,JILONG_EI_0089,1030,1098.8680419921875,0.47422820212609645,1.0,1.0,1.0,1.0,1.0
OraclePerfect_B05,JILONG_EI_0089,1040,1101.00830078125,0.4747555617241316,1.0,1.0,1.0,1.0,1.0
OraclePerfect_B05,JILONG_EI_0089,1050,1102.482666015625,0.47288412500187804,1.0,1.0,1.0,1.0,1.0
OraclePerfect_B05,JILONG_EI_0089,1060,1103.7099609375,0.4731066394500184,1.0,1.0,1.0,1.0,1.0
OraclePerfect_B05,JILONG_EI_0089,1070,1106.4637451171875,0.4736051129809734,1.0,1.0,1.0,1.0,1.0
OraclePerfect_B05,JILONG_EI_0089,1080,1107.6998291015625,0.47360742395103045,1.0,1.0,1.0,1.0,1.0
OraclePerfect_B05,JILONG_EI_0089,1090,1110.250732421875,0.47234782557023247,1.0,1.0,1.0,1.0,1.0
OraclePerfect_B05,JILONG_EI_0089,1100,1109.9691162109375,0.4697995651834476,1.0,1.0,1.0,1.0,1.0
OraclePerfect_B05,JILONG_EI_0089,1110,1112.3009033203125,0.4691023624750055,1.0,1.0,1.0,1.0,1.0
OraclePerfect_B05,JILONG_EI_0089,1120,1114.404296875,0.4692899546352203,1.0,1.0,1.0,1.0,1.0
OraclePerfect_B05,JILONG_EI_0089,1130,1116.0433349609375,0.46863765459302387,1.0,1.0,1.0,1.0,1.0
OraclePerfect_B05,JILONG_EI_0089,1140,1119.710693359375,0.46803584245995433,1.0,1.0,1.0,1.0,1.0
OraclePerfect_B05,JILONG_EI_0089,1150,1123.496826171875,0.4678452269676977,1.0,1.0,1.0,1.0,1.0
OraclePerfect_B05,JILONG_EI_0089,1160,1122.784423828125,0.46417168027013306,1.0,1.0,1.0,1.0,1.0
OraclePerfect_B05,JILONG_EI_0089,1170,1126.2384033203125,0.46294043411612656,1.0,1.0,1.0,1.0,1.0
OraclePerfect_B05,JILONG_EI_0089,1180,1130.8477783203125,0.4619273401534712,1.0,1.0,1.0,1.0,1.0
OraclePerfect_B05,JILONG_EI_0089,1190,1134.397705078125,0.4611938195071576,1.0,1.0,1.0,1.0,1.0
OraclePerfect_B05,JILONG_EI_0089,1200,1136.89453125,0.45816562555020107,1.0,1.0,1.0,1.0,1.0
OraclePerfect_B05,JILONG_EI_0089,1210,1139.932861328125,0.455670853723961,1.0,1.0,1.0,1.0,1.0
OraclePerfect_B05,JILONG_EI_0089,1220,1144.12841796875,0.45408073529011295,1.0,1.0,1.0,1.0,1.0
OraclePerfect_B05,JILONG_EI_0089,1230,1144.8800048828125,0.4504941810409248,1.0,1.0,1.0,1.0,1.0
OraclePerfect_B05,JILONG_EI_0089,1240,1149.8427734375,0.44824222152292015,1.0,1.0,1.0,1.0,1.0
OraclePerfect_B05,JILONG_EI_0089,1250,1153.7685546875,0.44590648847987974,1.0,1.0,1.0,1.0,1.0
OraclePerfect_B05,JILONG_EI_0089,1260,1155.39208984375,0.4417709792948204,1.0,1.0,1.0,1.0,1.0
OraclePerfect_B05,JILONG_EI_0089,1270,1154.8565673828125,0.4389022081502211,1.0,1.0,1.0,1.0,1.0
OraclePerfect_B05,JILONG_EI_0089,1280,1156.6092529296875,0.437406094783959,1.0,1.0,1.0,1.0,1.0
OraclePerfect_B05,JILONG_EI_0089,1290,1157.275634765625,0.43364853649423785,1.0,1.0,1.0,1.0,1.0
OraclePerfect_B05,JILONG_EI_0089,1300,1160.224365234375,0.4326130650544017,1.0,1.0,1.0,1.0,1.0
OraclePerfect_B05,JILONG_EI_0089,1310,1160.3912353515625,0.4275869671651259,1.0,1.0,1.0,1.0,1.0
OraclePerfect_B05,JILONG_EI_0089,1320,1163.689208984375,0.42632726793057657,1.0,1.0,1.0,1.0,1.0
OraclePerfect_B05,JILONG_EI_0089,1330,1166.46044921875,0.4245653983666353,1.0,1.0,1.0,1.0,1.0
OraclePerfect_B05,JILONG_EI_0089,1340,1169.836181640625,0.4227462209760503,1.0,1.0,1.0,1.0,1.0
OraclePerfect_B05,JILONG_EI_0089,1350,1174.0152587890625,0.42149294571737145,1.0,1.0,1.0,1.0,1.0
OraclePerfect_B05,JILONG_EI_0089,1360,1176.680908203125,0.4200212074957404,1.0,1.0,1.0,1.0,1.0
OraclePerfect_B05,JILONG_EI_0089,1370,1178.09765625,0.4177096402798169,1.0,1.0,1.0,1.0,1.0
OraclePerfect_B05,JILONG_EI_0089,1380,1175.6287841796875,0.4126066904366474,1.0,1.0,1.0,1.0,1.0
OraclePerfect_B05,JILONG_EI_0089,1390,1178.5081787109375,0.4110007687102652,1.0,1.0,1.0,1.0,1.0
OraclePerfect_B05,JILONG_EI_0089,1400,1181.56298828125,0.4098825753309156,1.0,1.0,1.0,1.0,1.0
OraclePerfect_B05,JILONG_EI_0089,1410,1183.803466796875,0.4084287737674422,1.0,1.0,1.0,1.0,1.0
OraclePerfect_B05,JILONG_EI_0089,1420,1185.912353515625,0.40679771902707546,1.0,1.0,1.0,1.0,1.0
OraclePerfect_B05,JILONG_EI_0089,1430,1188.879150390625,0.40551483283330425,1.0,1.0,1.0,1.0,1.0
OraclePerfect_B05,JILONG_EI_0089,1440,1191.900390625,0.40483027417717893,1.0,1.0,1.0,1.0,1.0
OraclePerfect_B05,JILONG_EI_0099,10,23.97819709777832,0.994595152902921,1.0,1.0,1.0,1.0,1.0
OraclePerfect_B05,JILONG_EI_0099,20,49.55908203125,0.9968557607449364,1.0,1.0,1.0,1.0,1.0
OraclePerfect_B05,JILONG_EI_0099,30,108.10092163085938,0.9982282273439452,1.0,1.0,1.0,1.0,1.0
OraclePerfect_B05,JILONG_EI_0099,40,202.04180908203125,0.9970142349284192,1.0,1.0,1.0,1.0,1.0
OraclePerfect_B05,JILONG_EI_0099,50,260.9333801269531,0.9179481013138324,1.0,1.0,1.0,1.0,1.0
OraclePerfect_B05,JILONG_EI_0099,60,291.25347900390625,0.8770505030430545,1.0,1.0,1.0,1.0,1.0
OraclePerfect_B05,JILONG_EI_0099,70,342.98455810546875,0.8650572276540051,1.0,1.0,1.0,1.0,1.0
OraclePerfect_B05,JILONG_EI_0099,80,415.9794616699219,0.782798660052198,1.0,1.0,1.0,1.0,1.0
OraclePerfect_B05,JILONG_EI_0099,90,499.53961181640625,0.663699433517812,1.0,1.0,1.0,1.0,1.0
OraclePerfect_B05,JILONG_EI_0099,100,541.2882080078125,0.6883286619133319,1.0,1.0,1.0,1.0,1.0
OraclePerfect_B05,JILONG_EI_0099,110,562.1478881835938,0.6794060695530812,1.0,1.0,1.0,1.0,1.0
OraclePerfect_B05,JILONG_EI_0099,120,585.71240234375,0.7068893556023808,1.0,1.0,1.0,1.0,1.0
OraclePerfect_B05,JILONG_EI_0099,130,571.8919067382812,0.7063286886492346,1.0,1.0,1.0,1.0,1.0
OraclePerfect_B05,JILONG_EI_0099,140,598.4968872070312,0.7192551632968233,1.0,1.0,1.0,1.0,1.0
OraclePerfect_B05,JILONG_EI_0099,150,602.1898193359375,0.7165940018910988,1.0,1.0,1.0,1.0,1.0
OraclePerfect_B05,JILONG_EI_0099,160,637.6461791992188,0.7212543778595922,1.0,1.0,1.0,1.0,1.0
OraclePerfect_B05,JILONG_EI_0099,170,700.1270141601562,0.7207769850170798,1.0,1.0,1.0,1.0,1.0
OraclePerfect_B05,JILONG_EI_0099,180,729.0901489257812,0.7291012010908131,1.0,1.0,1.0,1.0,1.0
OraclePerfect_B05,JILONG_EI_0099,190,739.4568481445312,0.7354842218510951,1.0,1.0,1.0,1.0,1.0
OraclePerfect_B05,JILONG_EI_0099,200,755.8973388671875,0.7596687864530419,1.0,1.0,1.0,1.0,1.0
OraclePerfect_B05,JILONG_EI_0099,210,760.3006591796875,0.7832576807826594,1.0,1.0,1.0,1.0,1.0
OraclePerfect_B05,JILONG_EI_0099,220,766.70166015625,0.8022298374525864,1.0,1.0,1.0,1.0,1.0
OraclePerfect_B05,JILONG_EI_0099,230,799.1492309570312,0.8230267400836684,1.0,1.0,1.0,1.0,1.0
OraclePerfect_B05,JILONG_EI_0099,240,847.3709716796875,0.8276875158306649,1.0,1.0,1.0,1.0,1.0
OraclePerfect_B05,JILONG_EI_0099,250,881.7550048828125,0.7736396073267685,1.0,1.0,1.0,1.0,1.0
OraclePerfect_B05,JILONG_EI_0099,260,907.3551025390625,0.7349218447173456,1.0,1.0,1.0,1.0,1.0
OraclePerfect_B05,JILONG_EI_0099,270,925.5186767578125,0.7301412922247903,1.0,1.0,1.0,1.0,1.0
OraclePerfect_B05,JILONG_EI_0099,280,929.7615966796875,0.7360463563207431,1.0,1.0,1.0,1.0,1.0
OraclePerfect_B05,JILONG_EI_0099,290,934.2434692382812,0.7302125411619863,1.0,1.0,1.0,1.0,1.0
OraclePerfect_B05,JILONG_EI_0099,300,939.1921997070312,0.7110399130359717,1.0,1.0,1.0,1.0,1.0
OraclePerfect_B05,JILONG_EI_0099,310,945.990234375,0.6825021633938881,1.0,1.0,1.0,1.0,1.0
OraclePerfect_B05,JILONG_EI_0099,320,951.3177490234375,0.6529240672576013,1.0,1.0,1.0,1.0,1.0
OraclePerfect_B05,JILONG_EI_0099,330,950.895263671875,0.6657183299890553,1.0,1.0,1.0,1.0,1.0
OraclePerfect_B05,JILONG_EI_0099,340,950.901123046875,0.6880980927080523,1.0,1.0,1.0,1.0,1.0
OraclePerfect_B05,JILONG_EI_0099,350,952.441650390625,0.7027601733797639,1.0,1.0,1.0,1.0,1.0
OraclePerfect_B05,JILONG_EI_0099,360,954.7138671875,0.6944921842081456,1.0,1.0,1.0,1.0,1.0
OraclePerfect_B05,JILONG_EI_0099,370,961.0892944335938,0.6701581804625697,1.0,1.0,1.0,1.0,1.0
OraclePerfect_B05,JILONG_EI_0099,380,967.0308837890625,0.6425837346126914,1.0,1.0,1.0,1.0,1.0
OraclePerfect_B05,JILONG_EI_0099,390,971.2555541992188,0.6169394308172107,1.0,1.0,1.0,1.0,1.0
OraclePerfect_B05,JILONG_EI_0099,400,970.0220947265625,0.5934257590806633,1.0,1.0,1.0,1.0,1.0
OraclePerfect_B05,JILONG_EI_0099,410,964.9365234375,0.5849914489649444,1.0,1.0,1.0,1.0,1.0
OraclePerfect_B05,JILONG_EI_0099,420,957.3836669921875,0.5857650782751039,1.0,1.0,1.0,1.0,1.0
OraclePerfect_B05,JILONG_EI_0099,430,948.9765625,0.5826267689223444,1.0,1.0,1.0,1.0,1.0
OraclePerfect_B05,JILONG_EI_0099,440,943.2801513671875,0.5757434337423689,1.0,1.0,1.0,1.0,1.0
OraclePerfect_B05,JILONG_EI_0099,450,935.6116333007812,0.56844558294417,1.0,1.0,1.0,1.0,1.0
OraclePerfect_B05,JILONG_EI_0099,460,927.0081787109375,0.5603581341336912,1.0,1.0,1.0,1.0,1.0
OraclePerfect_B05,JILONG_EI_0099,470,918.2626953125,0.5560803320219226,1.0,1.0,1.0,1.0,1.0
OraclePerfect_B05,JILONG_EI_0099,480,912.7894287109375,0.5614970546180893,1.0,1.0,1.0,1.0,1.0
OraclePerfect_B05,JILONG_EI_0099,490,907.66845703125,0.5671938357687265,1.0,1.0,1.0,1.0,1.0
OraclePerfect_B05,JILONG_EI_0099,500,906.1818237304688,0.5713690994325847,1.0,1.0,1.0,1.0,1.0
OraclePerfect_B05,JILONG_EI_0099,510,905.20068359375,0.5767633057517125,1.0,1.0,1.0,1.0,1.0
OraclePerfect_B05,JILONG_EI_0099,520,906.00341796875,0.582744116056116,1.0,1.0,1.0,1.0,1.0
OraclePerfect_B05,JILONG_EI_0099,530,903.1452026367188,0.586087846286354,1.0,1.0,1.0,1.0,1.0
OraclePerfect_B05,JILONG_EI_0099,540,899.57958984375,0.5909010956483182,1.0,1.0,1.0,1.0,1.0
OraclePerfect_B05,JILONG_EI_0099,550,897.9232788085938,0.59337937322124,1.0,1.0,1.0,1.0,1.0
OraclePerfect_B05,JILONG_EI_0099,560,898.4573974609375,0.5938057398576416,1.0,1.0,1.0,1.0,1.0
OraclePerfect_B05,JILONG_EI_0099,570,896.541259765625,0.5939596850856457,1.0,1.0,1.0,1.0,1.0
OraclePerfect_B05,JILONG_EI_0099,580,895.1241455078125,0.5941035405822988,1.0,1.0,1.0,1.0,1.0
OraclePerfect_B05,JILONG_EI_0099,590,891.4395141601562,0.591046961728858,1.0,1.0,1.0,1.0,1.0
OraclePerfect_B05,JILONG_EI_0099,600,890.9715576171875,0.5873568105106437,1.0,1.0,1.0,1.0,1.0
OraclePerfect_B05,JILONG_EI_0099,610,889.375732421875,0.5838533150835911,1.0,1.0,1.0,1.0,1.0
OraclePerfect_B05,JILONG_EI_0099,620,887.635986328125,0.5813574682170645,1.0,1.0,1.0,1.0,1.0
OraclePerfect_B05,JILONG_EI_0099,630,886.7279663085938,0.577784041834265,1.0,1.0,1.0,1.0,1.0
OraclePerfect_B05,JILONG_EI_0099,640,886.0986328125,0.5748957684212873,1.0,1.0,1.0,1.0,1.0
OraclePerfect_B05,JILONG_EI_0099,650,883.6703491210938,0.5735267860443262,1.0,1.0,1.0,1.0,1.0
OraclePerfect_B05,JILONG_EI_0099,660,882.495361328125,0.5736923268091729,1.0,1.0,1.0,1.0,1.0
OraclePerfect_B05,JILONG_EI_0099,670,883.9851684570312,0.5727800824628752,1.0,1.0,1.0,1.0,1.0
OraclePerfect_B05,JILONG_EI_0099,680,886.887451171875,0.5728418723474652,1.0,1.0,1.0,1.0,1.0
OraclePerfect_B05,JILONG_EI_0099,690,888.79833984375,0.5718905067122569,1.0,1.0,1.0,1.0,1.0
OraclePerfect_B05,JILONG_EI_0099,700,891.3756103515625,0.5710755934108064,1.0,1.0,1.0,1.0,1.0
OraclePerfect_B05,JILONG_EI_0099,710,891.9706420898438,0.571249869012145,1.0,1.0,1.0,1.0,1.0
OraclePerfect_B05,JILONG_EI_0099,720,892.9198608398438,0.5717988816455133,1.0,1.0,1.0,1.0,1.0
OraclePerfect_B05,JILONG_EI_0099,730,891.0399780273438,0.570644153197372,1.0,1.0,1.0,1.0,1.0
OraclePerfect_B05,JILONG_EI_0099,740,892.3215942382812,0.5699622954679108,1.0,1.0,1.0,1.0,1.0
OraclePerfect_B05,JILONG_EI_0099,750,893.7046508789062,0.5692737297512686,1.0,1.0,1.0,1.0,1.0
OraclePerfect_B05,JILONG_EI_0099,760,895.0164184570312,0.567825308168881,1.0,1.0,1.0,1.0,1.0
OraclePerfect_B05,JILONG_EI_0099,770,897.8445434570312,0.5666885325611959,1.0,1.0,1.0,1.0,1.0
OraclePerfect_B05,JILONG_EI_0099,780,899.7500610351562,0.5657747862018349,1.0,1.0,1.0,1.0,1.0
OraclePerfect_B05,JILONG_EI_0099,790,903.7340698242188,0.5653617312603632,1.0,1.0,1.0,1.0,1.0
OraclePerfect_B05,JILONG_EI_0099,800,906.7459106445312,0.5636329842444732,1.0,1.0,1.0,1.0,1.0
OraclePerfect_B05,JILONG_EI_0099,810,908.21875,0.5612045787359327,1.0,1.0,1.0,1.0,1.0
OraclePerfect_B05,JILONG_EI_0099,820,908.1041870117188,0.5584085369661247,1.0,1.0,1.0,1.0,1.0
OraclePerfect_B05,JILONG_EI_0099,830,908.674072265625,0.5548131677301813,1.0,1.0,1.0,1.0,1.0
OraclePerfect_B05,JILONG_EI_0099,840,911.2883911132812,0.551075076322403,1.0,1.0,1.0,1.0,1.0
OraclePerfect_B05,JILONG_EI_0099,850,914.9375610351562,0.5482830498391026,1.0,1.0,1.0,1.0,1.0
OraclePerfect_B05,JILONG_EI_0099,860,916.0358276367188,0.5439001231966499,1.0,1.0,1.0,1.0,1.0
OraclePerfect_B05,JILONG_EI_0099,870,919.1622314453125,0.5396833537888996,1.0,1.0,1.0,1.0,1.0
OraclePerfect_B05,JILONG_EI_0099,880,922.6966552734375,0.5349373286845321,1.0,1.0,1.0,1.0,1.0
OraclePerfect_B05,JILONG_EI_0099,890,926.6253051757812,0.5316241380913709,1.0,1.0,1.0,1.0,1.0
OraclePerfect_B05,JILONG_EI_0099,900,928.2816772460938,0.5277855588156487,1.0,1.0,1.0,1.0,1.0
OraclePerfect_B05,JILONG_EI_0099,910,932.40625,0.5258292973783728,1.0,1.0,1.0,1.0,1.0
OraclePerfect_B05,JILONG_EI_0099,920,935.187255859375,0.5240173347023794,1.0,1.0,1.0,1.0,1.0
OraclePerfect_B05,JILONG_EI_0099,930,937.6798706054688,0.5219002631844158,1.0,1.0,1.0,1.0,1.0
OraclePerfect_B05,JILONG_EI_0099,940,940.866943359375,0.5199382429505581,1.0,1.0,1.0,1.0,1.0
OraclePerfect_B05,JILONG_EI_0099,950,944.4884033203125,0.5180302236477821,1.0,1.0,1.0,1.0,1.0
OraclePerfect_B05,JILONG_EI_0099,960,947.5911865234375,0.515723679310766,1.0,1.0,1.0,1.0,1.0
OraclePerfect_B05,JILONG_EI_0099,970,950.7122192382812,0.5131369139694306,1.0,1.0,1.0,1.0,1.0
OraclePerfect_B05,JILONG_EI_0099,980,953.4545288085938,0.5114641897803746,1.0,1.0,1.0,1.0,1.0
OraclePerfect_B05,JILONG_EI_0099,990,956.1124267578125,0.5096556223842256,1.0,1.0,1.0,1.0,1.0
OraclePerfect_B05,JILONG_EI_0099,1000,958.2802734375,0.5083517979547822,1.0,1.0,1.0,1.0,1.0
OraclePerfect_B05,JILONG_EI_0099,1010,958.72216796875,0.5080765788001805,1.0,1.0,1.0,1.0,1.0
OraclePerfect_B05,JILONG_EI_0099,1020,960.0958862304688,0.5065277474953408,1.0,1.0,1.0,1.0,1.0
OraclePerfect_B05,JILONG_EI_0099,1030,963.155517578125,0.5053001374618096,1.0,1.0,1.0,1.0,1.0
OraclePerfect_B05,JILONG_EI_0099,1040,963.6297607421875,0.501370437495022,1.0,1.0,1.0,1.0,1.0
OraclePerfect_B05,JILONG_EI_0099,1050,966.1886596679688,0.4988432132836342,1.0,1.0,1.0,1.0,1.0
OraclePerfect_B05,JILONG_EI_0099,1060,968.7702026367188,0.49792778960004846,1.0,1.0,1.0,1.0,1.0
OraclePerfect_B05,JILONG_EI_0099,1070,971.9327392578125,0.4972067983905744,1.0,1.0,1.0,1.0,1.0
OraclePerfect_B05,JILONG_EI_0099,1080,973.23095703125,0.4945212004015411,1.0,1.0,1.0,1.0,1.0
OraclePerfect_B05,JILONG_EI_0099,1090,976.5587158203125,0.4934716697499996,1.0,1.0,1.0,1.0,1.0
OraclePerfect_B05,JILONG_EI_0099,1100,980.2588500976562,0.4930059077876453,1.0,1.0,1.0,1.0,1.0
OraclePerfect_B05,JILONG_EI_0099,1110,983.4935302734375,0.4931417710054127,1.0,1.0,1.0,1.0,1.0
OraclePerfect_B05,JILONG_EI_0099,1120,986.74365234375,0.4923908162703166,1.0,1.0,1.0,1.0,1.0
OraclePerfect_B05,JILONG_EI_0099,1130,989.299560546875,0.49240172539884874,1.0,1.0,1.0,1.0,1.0
OraclePerfect_B05,JILONG_EI_0099,1140,991.9491577148438,0.492212574305626,1.0,1.0,1.0,1.0,1.0
OraclePerfect_B05,JILONG_EI_0099,1150,993.0545654296875,0.4919090377696638,1.0,1.0,1.0,1.0,1.0
OraclePerfect_B05,JILONG_EI_0099,1160,994.6595458984375,0.4915277898119795,1.0,1.0,1.0,1.0,1.0
OraclePerfect_B05,JILONG_EI_0099,1170,996.4776611328125,0.49153842557392785,1.0,1.0,1.0,1.0,1.0
OraclePerfect_B05,JILONG_EI_0099,1180,1000.0770263671875,0.4912292718980256,1.0,1.0,1.0,1.0,1.0
OraclePerfect_B05,JILONG_EI_0099,1190,1001.706298828125,0.49093233807654757,1.0,1.0,1.0,1.0,1.0
OraclePerfect_B05,JILONG_EI_0099,1200,1002.6649780273438,0.49062885513748833,1.0,1.0,1.0,1.0,1.0
OraclePerfect_B05,JILONG_EI_0099,1210,1003.5499877929688,0.4881990912717819,1.0,1.0,1.0,1.0,1.0
OraclePerfect_B05,JILONG_EI_0099,1220,1004.5792236328125,0.48804122046782544,1.0,1.0,1.0,1.0,1.0
OraclePerfect_B05,JILONG_EI_0099,1230,1005.9806518554688,0.4875319322290267,1.0,1.0,1.0,1.0,1.0
OraclePerfect_B05,JILONG_EI_0099,1240,1008.79150390625,0.4870630306022287,1.0,1.0,1.0,1.0,1.0
OraclePerfect_B05,JILONG_EI_0099,1250,1009.2451171875,0.48467528229794343,1.0,1.0,1.0,1.0,1.0
OraclePerfect_B05,JILONG_EI_0099,1260,1011.6376342773438,0.4837311570762971,1.0,1.0,1.0,1.0,1.0
OraclePerfect_B05,JILONG_EI_0099,1270,1014.50830078125,0.48226578839396017,1.0,1.0,1.0,1.0,1.0
OraclePerfect_B05,JILONG_EI_0099,1280,1015.4393310546875,0.480048657393053,1.0,1.0,1.0,1.0,1.0
OraclePerfect_B05,JILONG_EI_0099,1290,1019.06494140625,0.47890350642922214,1.0,1.0,1.0,1.0,1.0
OraclePerfect_B05,JILONG_EI_0099,1300,1021.364013671875,0.47772285671239784,1.0,1.0,1.0,1.0,1.0
OraclePerfect_B05,JILONG_EI_0099,1310,1025.536376953125,0.47625951817406514,1.0,1.0,1.0,1.0,1.0
OraclePerfect_B05,JILONG_EI_0099,1320,1028.870849609375,0.4738917527585067,1.0,1.0,1.0,1.0,1.0
OraclePerfect_B05,JILONG_EI_0099,1330,1030.109619140625,0.4708488532783224,1.0,1.0,1.0,1.0,1.0
OraclePerfect_B05,JILONG_EI_0099,1340,1031.55908203125,0.4671448231944682,1.0,1.0,1.0,1.0,1.0
OraclePerfect_B05,JILONG_EI_0099,1350,1034.9564208984375,0.46467644978817435,1.0,1.0,1.0,1.0,1.0
OraclePerfect_B05,JILONG_EI_0099,1360,1036.172607421875,0.46093951397577954,1.0,1.0,1.0,1.0,1.0
OraclePerfect_B05,JILONG_EI_0099,1370,1040.13671875,0.4592118906034949,1.0,1.0,1.0,1.0,1.0
OraclePerfect_B05,JILONG_EI_0099,1380,1041.52587890625,0.4547469047272086,1.0,1.0,1.0,1.0,1.0
OraclePerfect_B05,JILONG_EI_0099,1390,1045.265380859375,0.4532082640305236,1.0,1.0,1.0,1.0,1.0
OraclePerfect_B05,JILONG_EI_0099,1400,1047.2861328125,0.4508025550453195,1.0,1.0,1.0,1.0,1.0
OraclePerfect_B05,JILONG_EI_0099,1410,1050.6463623046875,0.44915554868902124,1.0,1.0,1.0,1.0,1.0
OraclePerfect_B05,JILONG_EI_0099,1420,1052.8017578125,0.4487660443650228,1.0,1.0,1.0,1.0,1.0
OraclePerfect_B05,JILONG_EI_0099,1430,1054.369384765625,0.4465594538489126,1.0,1.0,1.0,1.0,1.0
OraclePerfect_B05,JILONG_EI_0099,1440,1056.644775390625,0.4438667413731199,1.0,1.0,1.0,1.0,1.0
OraclePerfect_B05,JILONG_EI_0109,10,28.169553756713867,0.9969401319514769,1.0,1.0,1.0,1.0,1.0
OraclePerfect_B05,JILONG_EI_0109,20,48.021018981933594,0.9975283493424054,1.0,1.0,1.0,1.0,1.0
OraclePerfect_B05,JILONG_EI_0109,30,95.48800659179688,0.9981493641815489,1.0,1.0,1.0,1.0,1.0
OraclePerfect_B05,JILONG_EI_0109,40,178.4821014404297,0.9978729630076113,1.0,1.0,1.0,1.0,1.0
OraclePerfect_B05,JILONG_EI_0109,50,230.28868103027344,0.9208447192608195,1.0,1.0,1.0,1.0,1.0
OraclePerfect_B05,JILONG_EI_0109,60,261.23785400390625,0.8794991389614307,1.0,1.0,1.0,1.0,1.0
OraclePerfect_B05,JILONG_EI_0109,70,300.8690185546875,0.8709998352114564,1.0,1.0,1.0,1.0,1.0
OraclePerfect_B05,JILONG_EI_0109,80,370.1725158691406,0.780840852241196,1.0,1.0,1.0,1.0,1.0
OraclePerfect_B05,JILONG_EI_0109,90,429.32891845703125,0.6631156578448649,1.0,1.0,1.0,1.0,1.0
OraclePerfect_B05,JILONG_EI_0109,100,462.7572937011719,0.6822352336365546,1.0,1.0,1.0,1.0,1.0
OraclePerfect_B05,JILONG_EI_0109,110,494.7158508300781,0.6829322968267932,1.0,1.0,1.0,1.0,1.0
OraclePerfect_B05,JILONG_EI_0109,120,522.23681640625,0.6914137386879584,1.0,1.0,1.0,1.0,1.0
OraclePerfect_B05,JILONG_EI_0109,130,540.492431640625,0.6932521244597442,1.0,1.0,1.0,1.0,1.0
OraclePerfect_B05,JILONG_EI_0109,140,569.398681640625,0.7065626263288729,1.0,1.0,1.0,1.0,1.0
OraclePerfect_B05,JILONG_EI_0109,150,577.66259765625,0.70986999892285,1.0,1.0,1.0,1.0,1.0
OraclePerfect_B05,JILONG_EI_0109,160,611.316162109375,0.7093314487238455,1.0,1.0,1.0,1.0,1.0
OraclePerfect_B05,JILONG_EI_0109,170,648.45751953125,0.710436628475988,1.0,1.0,1.0,1.0,1.0
OraclePerfect_B05,JILONG_EI_0109,180,689.4474487304688,0.7138470143670634,1.0,1.0,1.0,1.0,1.0
OraclePerfect_B05,JILONG_EI_0109,190,705.7119750976562,0.7145684664684815,1.0,1.0,1.0,1.0,1.0
OraclePerfect_B05,JILONG_EI_0109,200,726.3985595703125,0.7405604725564197,1.0,1.0,1.0,1.0,1.0
OraclePerfect_B05,JILONG_EI_0109,210,736.5972900390625,0.7653631838575794,1.0,1.0,1.0,1.0,1.0
OraclePerfect_B05,JILONG_EI_0109,220,752.2786865234375,0.790884769483755,1.0,1.0,1.0,1.0,1.0
OraclePerfect_B05,JILONG_EI_0109,230,768.2105102539062,0.8095149011449335,1.0,1.0,1.0,1.0,1.0
OraclePerfect_B05,JILONG_EI_0109,240,796.663330078125,0.8269310596825185,1.0,1.0,1.0,1.0,1.0
OraclePerfect_B05,JILONG_EI_0109,250,842.0858154296875,0.8309736564515127,1.0,1.0,1.0,1.0,1.0
OraclePerfect_B05,JILONG_EI_0109,260,884.4014892578125,0.7902591367419383,1.0,1.0,1.0,1.0,1.0
OraclePerfect_B05,JILONG_EI_0109,270,901.9252319335938,0.7491145681759531,1.0,1.0,1.0,1.0,1.0
OraclePerfect_B05,JILONG_EI_0109,280,913.8643798828125,0.7449379946816772,1.0,1.0,1.0,1.0,1.0
OraclePerfect_B05,JILONG_EI_0109,290,911.2067260742188,0.7492420294268959,1.0,1.0,1.0,1.0,1.0
OraclePerfect_B05,JILONG_EI_0109,300,920.201904296875,0.753633329291682,1.0,1.0,1.0,1.0,1.0
OraclePerfect_B05,JILONG_EI_0109,310,924.900146484375,0.7482940790626383,1.0,1.0,1.0,1.0,1.0
OraclePerfect_B05,JILONG_EI_0109,320,932.2373046875,0.7306957527071323,1.0,1.0,1.0,1.0,1.0
OraclePerfect_B05,JILONG_EI_0109,330,933.8095703125,0.69824012585196,1.0,1.0,1.0,1.0,1.0
OraclePerfect_B05,JILONG_EI_0109,340,935.5658569335938,0.6636944948778468,1.0,1.0,1.0,1.0,1.0
OraclePerfect_B05,JILONG_EI_0109,350,941.0870971679688,0.6612703738546448,1.0,1.0,1.0,1.0,1.0
OraclePerfect_B05,JILONG_EI_0109,360,943.428466796875,0.679511959277774,1.0,1.0,1.0,1.0,1.0
OraclePerfect_B05,JILONG_EI_0109,370,947.9364624023438,0.6953041759470722,1.0,1.0,1.0,1.0,1.0
OraclePerfect_B05,JILONG_EI_0109,380,948.0397338867188,0.6956610898042995,1.0,1.0,1.0,1.0,1.0
OraclePerfect_B05,JILONG_EI_0109,390,954.6878662109375,0.6794471344985784,1.0,1.0,1.0,1.0,1.0
OraclePerfect_B05,JILONG_EI_0109,400,960.439208984375,0.6559061833123309,1.0,1.0,1.0,1.0,1.0
OraclePerfect_B05,JILONG_EI_0109,410,965.1776733398438,0.6301057498616461,1.0,1.0,1.0,1.0,1.0
OraclePerfect_B05,JILONG_EI_0109,420,966.9473876953125,0.6062622894007009,1.0,1.0,1.0,1.0,1.0
OraclePerfect_B05,JILONG_EI_0109,430,967.2630615234375,0.5864382391044143,1.0,1.0,1.0,1.0,1.0
OraclePerfect_B05,JILONG_EI_0109,440,965.9266357421875,0.5725223896975362,1.0,1.0,1.0,1.0,1.0
OraclePerfect_B05,JILONG_EI_0109,450,961.2596435546875,0.5672485695617894,1.0,1.0,1.0,1.0,1.0
OraclePerfect_B05,JILONG_EI_0109,460,955.8748779296875,0.5651954489218671,1.0,1.0,1.0,1.0,1.0
OraclePerfect_B05,JILONG_EI_0109,470,948.6891479492188,0.5642602730691193,1.0,1.0,1.0,1.0,1.0
OraclePerfect_B05,JILONG_EI_0109,480,941.2694091796875,0.5643911413127113,1.0,1.0,1.0,1.0,1.0
OraclePerfect_B05,JILONG_EI_0109,490,932.1553344726562,0.5653816731094427,1.0,1.0,1.0,1.0,1.0
OraclePerfect_B05,JILONG_EI_0109,500,923.8602905273438,0.5653652799923011,1.0,1.0,1.0,1.0,1.0
OraclePerfect_B05,JILONG_EI_0109,510,922.5699462890625,0.5675837601946777,1.0,1.0,1.0,1.0,1.0
OraclePerfect_B05,JILONG_EI_0109,520,920.8628540039062,0.5716343484212077,1.0,1.0,1.0,1.0,1.0
OraclePerfect_B05,JILONG_EI_0109,530,923.9232788085938,0.5771646068723841,1.0,1.0,1.0,1.0,1.0
OraclePerfect_B05,JILONG_EI_0109,540,925.282470703125,0.5811533688068447,1.0,1.0,1.0,1.0,1.0
OraclePerfect_B05,JILONG_EI_0109,550,927.15380859375,0.582540927222173,1.0,1.0,1.0,1.0,1.0
OraclePerfect_B05,JILONG_EI_0109,560,932.1881103515625,0.5837915765570658,1.0,1.0,1.0,1.0,1.0
OraclePerfect_B05,JILONG_EI_0109,570,932.3148193359375,0.5841626473575688,1.0,1.0,1.0,1.0,1.0
OraclePerfect_B05,JILONG_EI_0109,580,932.668701171875,0.5825714421066137,1.0,1.0,1.0,1.0,1.0
OraclePerfect_B05,JILONG_EI_0109,590,933.7678833007812,0.5805951216525406,1.0,1.0,1.0,1.0,1.0
OraclePerfect_B05,JILONG_EI_0109,600,934.9953002929688,0.578031016633132,1.0,1.0,1.0,1.0,1.0
OraclePerfect_B05,JILONG_EI_0109,610,936.1385498046875,0.5746588726731796,1.0,1.0,1.0,1.0,1.0
OraclePerfect_B05,JILONG_EI_0109,620,936.8695068359375,0.5705652138786376,1.0,1.0,1.0,1.0,1.0
OraclePerfect_B05,JILONG_EI_0109,630,938.3816528320312,0.566448576930829,1.0,1.0,1.0,1.0,1.0
OraclePerfect_B05,JILONG_EI_0109,640,940.34130859375,0.5645370300244064,1.0,1.0,1.0,1.0,1.0
OraclePerfect_B05,JILONG_EI_0109,650,938.1406860351562,0.5616321140530547,1.0,1.0,1.0,1.0,1.0
OraclePerfect_B05,JILONG_EI_0109,660,937.7658081054688,0.5600006511911131,1.0,1.0,1.0,1.0,1.0
OraclePerfect_B05,JILONG_EI_0109,670,938.6646728515625,0.5586808859598417,1.0,1.0,1.0,1.0,1.0
OraclePerfect_B05,JILONG_EI_0109,680,936.127197265625,0.5569696199633837,1.0,1.0,1.0,1.0,1.0
OraclePerfect_B05,JILONG_EI_0109,690,935.8214111328125,0.5565583049311447,1.0,1.0,1.0,1.0,1.0
OraclePerfect_B05,JILONG_EI_0109,700,937.3225708007812,0.5561990736708434,1.0,1.0,1.0,1.0,1.0
OraclePerfect_B05,JILONG_EI_0109,710,936.9581298828125,0.5555708763444318,1.0,1.0,1.0,1.0,1.0
OraclePerfect_B05,JILONG_EI_0109,720,937.509033203125,0.5548415529456348,1.0,1.0,1.0,1.0,1.0
OraclePerfect_B05,JILONG_EI_0109,730,936.6542358398438,0.5540548737596459,1.0,1.0,1.0,1.0,1.0
OraclePerfect_B05,JILONG_EI_0109,740,937.9180908203125,0.5523229606674033,1.0,1.0,1.0,1.0,1.0
OraclePerfect_B05,JILONG_EI_0109,750,939.1526489257812,0.5505260907954317,1.0,1.0,1.0,1.0,1.0
OraclePerfect_B05,JILONG_EI_0109,760,942.0298461914062,0.5486360392687455,1.0,1.0,1.0,1.0,1.0
OraclePerfect_B05,JILONG_EI_0109,770,942.5388793945312,0.5465529871408128,1.0,1.0,1.0,1.0,1.0
OraclePerfect_B05,JILONG_EI_0109,780,942.8907470703125,0.5458983899340998,1.0,1.0,1.0,1.0,1.0
OraclePerfect_B05,JILONG_EI_0109,790,942.7999267578125,0.5464264963627696,1.0,1.0,1.0,1.0,1.0
OraclePerfect_B05,JILONG_EI_0109,800,942.9559326171875,0.5458186688398937,1.0,1.0,1.0,1.0,1.0
OraclePerfect_B05,JILONG_EI_0109,810,942.1094970703125,0.5453213092622438,1.0,1.0,1.0,1.0,1.0
OraclePerfect_B05,JILONG_EI_0109,820,942.8733520507812,0.5442158005772992,1.0,1.0,1.0,1.0,1.0
OraclePerfect_B05,JILONG_EI_0109,830,943.3729858398438,0.5425811762737578,1.0,1.0,1.0,1.0,1.0
OraclePerfect_B05,JILONG_EI_0109,840,945.6234130859375,0.5413812953840016,1.0,1.0,1.0,1.0,1.0
OraclePerfect_B05,JILONG_EI_0109,850,946.8673095703125,0.5397998067718953,1.0,1.0,1.0,1.0,1.0
OraclePerfect_B05,JILONG_EI_0109,860,949.03564453125,0.5385200011904565,1.0,1.0,1.0,1.0,1.0
OraclePerfect_B05,JILONG_EI_0109,870,949.3370361328125,0.5369629877185775,1.0,1.0,1.0,1.0,1.0
OraclePerfect_B05,JILONG_EI_0109,880,952.1378173828125,0.5347184429770533,1.0,1.0,1.0,1.0,1.0
OraclePerfect_B05,JILONG_EI_0109,890,951.9188232421875,0.5329399228726067,1.0,1.0,1.0,1.0,1.0
OraclePerfect_B05,JILONG_EI_0109,900,953.4459838867188,0.5310372866904822,1.0,1.0,1.0,1.0,1.0
OraclePerfect_B05,JILONG_EI_0109,910,955.4360961914062,0.5296324300330907,1.0,1.0,1.0,1.0,1.0
OraclePerfect_B05,JILONG_EI_0109,920,955.5087890625,0.5285305875803972,1.0,1.0,1.0,1.0,1.0
OraclePerfect_B05,JILONG_EI_0109,930,956.9267578125,0.5268859506547333,1.0,1.0,1.0,1.0,1.0
OraclePerfect_B05,JILONG_EI_0109,940,958.316650390625,0.5252848805198771,1.0,1.0,1.0,1.0,1.0
OraclePerfect_B05,JILONG_EI_0109,950,959.0115966796875,0.5230897806603195,1.0,1.0,1.0,1.0,1.0
OraclePerfect_B05,JILONG_EI_0109,960,959.595703125,0.5222880218591073,1.0,1.0,1.0,1.0,1.0
OraclePerfect_B05,JILONG_EI_0109,970,961.6476440429688,0.521182154090898,1.0,1.0,1.0,1.0,1.0
OraclePerfect_B05,JILONG_EI_0109,980,964.099853515625,0.519982626200834,1.0,1.0,1.0,1.0,1.0
OraclePerfect_B05,JILONG_EI_0109,990,967.4440307617188,0.5177622845581501,1.0,1.0,1.0,1.0,1.0
OraclePerfect_B05,JILONG_EI_0109,1000,971.489501953125,0.5151933423766683,1.0,1.0,1.0,1.0,1.0
OraclePerfect_B05,JILONG_EI_0109,1010,975.4744873046875,0.5130726284515909,1.0,1.0,1.0,1.0,1.0
OraclePerfect_B05,JILONG_EI_0109,1020,977.9189453125,0.5097547696861157,1.0,1.0,1.0,1.0,1.0
OraclePerfect_B05,JILONG_EI_0109,1030,980.830078125,0.5078271057146178,1.0,1.0,1.0,1.0,1.0
OraclePerfect_B05,JILONG_EI_0109,1040,983.635986328125,0.5065620042119664,1.0,1.0,1.0,1.0,1.0
OraclePerfect_B05,JILONG_EI_0109,1050,986.1705322265625,0.505224095342376,1.0,1.0,1.0,1.0,1.0
OraclePerfect_B05,JILONG_EI_0109,1060,988.1675415039062,0.5037761266624678,1.0,1.0,1.0,1.0,1.0
OraclePerfect_B05,JILONG_EI_0109,1070,991.068115234375,0.5017956095807282,1.0,1.0,1.0,1.0,1.0
OraclePerfect_B05,JILONG_EI_0109,1080,993.5888061523438,0.4997648081740922,1.0,1.0,1.0,1.0,1.0
OraclePerfect_B05,JILONG_EI_0109,1090,997.1668701171875,0.49869709072676804,1.0,1.0,1.0,1.0,1.0
OraclePerfect_B05,JILONG_EI_0109,1100,999.587158203125,0.4968337667732034,1.0,1.0,1.0,1.0,1.0
OraclePerfect_B05,JILONG_EI_0109,1110,1001.3109741210938,0.49473555110130757,1.0,1.0,1.0,1.0,1.0
OraclePerfect_B05,JILONG_EI_0109,1120,1004.5679931640625,0.4929493246688358,1.0,1.0,1.0,1.0,1.0
OraclePerfect_B05,JILONG_EI_0109,1130,1006.1428833007812,0.49181691402499866,1.0,1.0,1.0,1.0,1.0
OraclePerfect_B05,JILONG_EI_0109,1140,1008.0802612304688,0.49102680637604634,1.0,1.0,1.0,1.0,1.0
OraclePerfect_B05,JILONG_EI_0109,1150,1010.9996948242188,0.4890430324159371,1.0,1.0,1.0,1.0,1.0
OraclePerfect_B05,JILONG_EI_0109,1160,1014.0189819335938,0.48751356661244843,1.0,1.0,1.0,1.0,1.0
OraclePerfect_B05,JILONG_EI_0109,1170,1017.0042114257812,0.4860996610794522,1.0,1.0,1.0,1.0,1.0
OraclePerfect_B05,JILONG_EI_0109,1180,1020.8743286132812,0.48486040441415784,1.0,1.0,1.0,1.0,1.0
OraclePerfect_B05,JILONG_EI_0109,1190,1021.7447509765625,0.4815011703701024,1.0,1.0,1.0,1.0,1.0
OraclePerfect_B05,JILONG_EI_0109,1200,1024.1766357421875,0.4804446998898361,1.0,1.0,1.0,1.0,1.0
OraclePerfect_B05,JILONG_EI_0109,1210,1028.1466064453125,0.480265410306608,1.0,1.0,1.0,1.0,1.0
OraclePerfect_B05,JILONG_EI_0109,1220,1030.36376953125,0.4794089409233531,1.0,1.0,1.0,1.0,1.0
OraclePerfect_B05,JILONG_EI_0109,1230,1033.855224609375,0.47845478370830336,1.0,1.0,1.0,1.0,1.0
OraclePerfect_B05,JILONG_EI_0109,1240,1035.8306884765625,0.47787532548425604,1.0,1.0,1.0,1.0,1.0
OraclePerfect_B05,JILONG_EI_0109,1250,1039.65234375,0.47742794967779106,1.0,1.0,1.0,1.0,1.0
OraclePerfect_B05,JILONG_EI_0109,1260,1042.921630859375,0.4772851349832304,1.0,1.0,1.0,1.0,1.0
OraclePerfect_B05,JILONG_EI_0109,1270,1045.6820068359375,0.4766148587770466,1.0,1.0,1.0,1.0,1.0
OraclePerfect_B05,JILONG_EI_0109,1280,1046.599365234375,0.47543634796150913,1.0,1.0,1.0,1.0,1.0
OraclePerfect_B05,JILONG_EI_0109,1290,1048.672607421875,0.4749970969299683,1.0,1.0,1.0,1.0,1.0
OraclePerfect_B05,JILONG_EI_0109,1300,1049.97705078125,0.4739503868663654,1.0,1.0,1.0,1.0,1.0
OraclePerfect_B05,JILONG_EI_0109,1310,1052.3377685546875,0.47352469558125115,1.0,1.0,1.0,1.0,1.0
OraclePerfect_B05,JILONG_EI_0109,1320,1054.20703125,0.47338678924381405,1.0,1.0,1.0,1.0,1.0
OraclePerfect_B05,JILONG_EI_0109,1330,1055.28271484375,0.4734856200389098,1.0,1.0,1.0,1.0,1.0
OraclePerfect_B05,JILONG_EI_0109,1340,1057.788818359375,0.47308297106233804,1.0,1.0,1.0,1.0,1.0
OraclePerfect_B05,JILONG_EI_0109,1350,1060.1883544921875,0.4724876913604731,1.0,1.0,1.0,1.0,1.0
OraclePerfect_B05,JILONG_EI_0109,1360,1061.375,0.4705006338436226,1.0,1.0,1.0,1.0,1.0
OraclePerfect_B05,JILONG_EI_0109,1370,1062.811279296875,0.4702691335328964,1.0,1.0,1.0,1.0,1.0
OraclePerfect_B05,JILONG_EI_0109,1380,1064.3829345703125,0.4697413413656912,1.0,1.0,1.0,1.0,1.0
OraclePerfect_B05,JILONG_EI_0109,1390,1066.267578125,0.4685932049638429,1.0,1.0,1.0,1.0,1.0
OraclePerfect_B05,JILONG_EI_0109,1400,1068.3330078125,0.4672119473051988,1.0,1.0,1.0,1.0,1.0
OraclePerfect_B05,JILONG_EI_0109,1410,1069.806396484375,0.4664479064007891,1.0,1.0,1.0,1.0,1.0
OraclePerfect_B05,JILONG_EI_0109,1420,1072.778564453125,0.46543635340934053,1.0,1.0,1.0,1.0,1.0
OraclePerfect_B05,JILONG_EI_0109,1430,1075.6646728515625,0.46452704857522686,1.0,1.0,1.0,1.0,1.0
OraclePerfect_B05,JILONG_EI_0109,1440,1078.1666259765625,0.4628801779372586,1.0,1.0,1.0,1.0,1.0
OraclePerfect_B05,JILONG_EI_0119,10,32.62409591674805,0.9972823739604386,1.0,1.0,1.0,1.0,1.0
OraclePerfect_B05,JILONG_EI_0119,20,56.251617431640625,0.9977589250920296,1.0,1.0,1.0,1.0,1.0
OraclePerfect_B05,JILONG_EI_0119,30,83.81562805175781,0.9982285150774641,1.0,1.0,1.0,1.0,1.0
OraclePerfect_B05,JILONG_EI_0119,40,168.7071533203125,0.9987500099232434,1.0,1.0,1.0,1.0,1.0
OraclePerfect_B05,JILONG_EI_0119,50,229.62005615234375,0.9227127281557299,1.0,1.0,1.0,1.0,1.0
OraclePerfect_B05,JILONG_EI_0119,60,273.50311279296875,0.8766738831746255,1.0,1.0,1.0,1.0,1.0
OraclePerfect_B05,JILONG_EI_0119,70,330.59539794921875,0.8746842694071798,1.0,1.0,1.0,1.0,1.0
OraclePerfect_B05,JILONG_EI_0119,80,388.16363525390625,0.79485619066921,1.0,1.0,1.0,1.0,1.0
OraclePerfect_B05,JILONG_EI_0119,90,449.3877258300781,0.7055475861824115,1.0,1.0,1.0,1.0,1.0
OraclePerfect_B05,JILONG_EI_0119,100,479.653076171875,0.673870860089553,1.0,1.0,1.0,1.0,1.0
OraclePerfect_B05,JILONG_EI_0119,110,504.0356750488281,0.6880858656138568,1.0,1.0,1.0,1.0,1.0
OraclePerfect_B05,JILONG_EI_0119,120,524.1661376953125,0.704910649992274,1.0,1.0,1.0,1.0,1.0
OraclePerfect_B05,JILONG_EI_0119,130,517.4852905273438,0.720362737469005,1.0,1.0,1.0,1.0,1.0
OraclePerfect_B05,JILONG_EI_0119,140,525.2072143554688,0.7236343922458225,1.0,1.0,1.0,1.0,1.0
OraclePerfect_B05,JILONG_EI_0119,150,549.663818359375,0.7295908694549369,1.0,1.0,1.0,1.0,1.0
OraclePerfect_B05,JILONG_EI_0119,160,592.5144653320312,0.737906177105357,1.0,1.0,1.0,1.0,1.0
OraclePerfect_B05,JILONG_EI_0119,170,635.6282958984375,0.7365949371255233,1.0,1.0,1.0,1.0,1.0
OraclePerfect_B05,JILONG_EI_0119,180,662.9240112304688,0.7425940414072895,1.0,1.0,1.0,1.0,1.0
OraclePerfect_B05,JILONG_EI_0119,190,676.305908203125,0.7477540475480468,1.0,1.0,1.0,1.0,1.0
OraclePerfect_B05,JILONG_EI_0119,200,697.38330078125,0.7636437534236112,1.0,1.0,1.0,1.0,1.0
OraclePerfect_B05,JILONG_EI_0119,210,699.1761474609375,0.779458381607455,1.0,1.0,1.0,1.0,1.0
OraclePerfect_B05,JILONG_EI_0119,220,698.9898681640625,0.7967844058031873,1.0,1.0,1.0,1.0,1.0
OraclePerfect_B05,JILONG_EI_0119,230,715.268310546875,0.810103982843123,1.0,1.0,1.0,1.0,1.0
OraclePerfect_B05,JILONG_EI_0119,240,742.9771118164062,0.8195784342963368,1.0,1.0,1.0,1.0,1.0
OraclePerfect_B05,JILONG_EI_0119,250,769.781982421875,0.8178368242879187,1.0,1.0,1.0,1.0,1.0
OraclePerfect_B05,JILONG_EI_0119,260,802.64453125,0.7942187939802287,1.0,1.0,1.0,1.0,1.0
OraclePerfect_B05,JILONG_EI_0119,270,819.23486328125,0.7624001147518737,1.0,1.0,1.0,1.0,1.0
OraclePerfect_B05,JILONG_EI_0119,280,823.616943359375,0.7253065844234369,1.0,1.0,1.0,1.0,1.0
OraclePerfect_B05,JILONG_EI_0119,290,831.7496337890625,0.6901584931893298,1.0,1.0,1.0,1.0,1.0
OraclePerfect_B05,JILONG_EI_0119,300,830.2974853515625,0.6903474653329117,1.0,1.0,1.0,1.0,1.0
OraclePerfect_B05,JILONG_EI_0119,310,833.129638671875,0.6894390684413277,1.0,1.0,1.0,1.0,1.0
OraclePerfect_B05,JILONG_EI_0119,320,830.6428833007812,0.6792007885493841,1.0,1.0,1.0,1.0,1.0
OraclePerfect_B05,JILONG_EI_0119,330,829.8158569335938,0.6567059067556973,1.0,1.0,1.0,1.0,1.0
OraclePerfect_B05,JILONG_EI_0119,340,824.8428344726562,0.6546736361562844,1.0,1.0,1.0,1.0,1.0
OraclePerfect_B05,JILONG_EI_0119,350,823.2703857421875,0.6732449928961798,1.0,1.0,1.0,1.0,1.0
OraclePerfect_B05,JILONG_EI_0119,360,821.5294189453125,0.6914757944699905,1.0,1.0,1.0,1.0,1.0
OraclePerfect_B05,JILONG_EI_0119,370,822.4068603515625,0.7031707004999829,1.0,1.0,1.0,1.0,1.0
OraclePerfect_B05,JILONG_EI_0119,380,826.3494262695312,0.7044447511742729,1.0,1.0,1.0,1.0,1.0
OraclePerfect_B05,JILONG_EI_0119,390,830.2783203125,0.6910576664176111,1.0,1.0,1.0,1.0,1.0
OraclePerfect_B05,JILONG_EI_0119,400,835.5761108398438,0.6694529933759911,1.0,1.0,1.0,1.0,1.0
OraclePerfect_B05,JILONG_EI_0119,410,841.5514526367188,0.6417333763933301,1.0,1.0,1.0,1.0,1.0
OraclePerfect_B05,JILONG_EI_0119,420,842.0745239257812,0.616838111187585,1.0,1.0,1.0,1.0,1.0
OraclePerfect_B05,JILONG_EI_0119,430,842.261962890625,0.5933471088750671,1.0,1.0,1.0,1.0,1.0
OraclePerfect_B05,JILONG_EI_0119,440,835.516845703125,0.5796470840297909,1.0,1.0,1.0,1.0,1.0
OraclePerfect_B05,JILONG_EI_0119,450,829.0894165039062,0.5771539543349682,1.0,1.0,1.0,1.0,1.0
OraclePerfect_B05,JILONG_EI_0119,460,823.6513671875,0.5696026370022698,1.0,1.0,1.0,1.0,1.0
OraclePerfect_B05,JILONG_EI_0119,470,818.3583984375,0.5691821017094034,1.0,1.0,1.0,1.0,1.0
OraclePerfect_B05,JILONG_EI_0119,480,813.6340942382812,0.5738554519351007,1.0,1.0,1.0,1.0,1.0
OraclePerfect_B05,JILONG_EI_0119,490,805.2481689453125,0.5785403229016273,1.0,1.0,1.0,1.0,1.0
OraclePerfect_B05,JILONG_EI_0119,500,799.3290405273438,0.5843409770369357,1.0,1.0,1.0,1.0,1.0
OraclePerfect_B05,JILONG_EI_0119,510,793.7987670898438,0.5893172092832298,1.0,1.0,1.0,1.0,1.0
OraclePerfect_B05,JILONG_EI_0119,520,791.8511962890625,0.59421423224242,1.0,1.0,1.0,1.0,1.0
OraclePerfect_B05,JILONG_EI_0119,530,790.5553588867188,0.5985791923460615,1.0,1.0,1.0,1.0,1.0
OraclePerfect_B05,JILONG_EI_0119,540,789.422119140625,0.6018367494309669,1.0,1.0,1.0,1.0,1.0
OraclePerfect_B05,JILONG_EI_0119,550,788.7605590820312,0.6045297818233012,1.0,1.0,1.0,1.0,1.0
OraclePerfect_B05,JILONG_EI_0119,560,787.9368286132812,0.606804705947536,1.0,1.0,1.0,1.0,1.0
OraclePerfect_B05,JILONG_EI_0119,570,791.1495361328125,0.6077741078116644,1.0,1.0,1.0,1.0,1.0
OraclePerfect_B05,JILONG_EI_0119,580,792.9330444335938,0.6048853513077889,1.0,1.0,1.0,1.0,1.0
OraclePerfect_B05,JILONG_EI_0119,590,793.95068359375,0.6022433689474833,1.0,1.0,1.0,1.0,1.0
OraclePerfect_B05,JILONG_EI_0119,600,792.1264038085938,0.5957186528043911,1.0,1.0,1.0,1.0,1.0
OraclePerfect_B05,JILONG_EI_0119,610,792.1395263671875,0.5898828261552459,1.0,1.0,1.0,1.0,1.0
OraclePerfect_B05,JILONG_EI_0119,620,790.3004150390625,0.5846017395071793,1.0,1.0,1.0,1.0,1.0
OraclePerfect_B05,JILONG_EI_0119,630,790.288330078125,0.5793965469171043,1.0,1.0,1.0,1.0,1.0
OraclePerfect_B05,JILONG_EI_0119,640,788.14306640625,0.5766922764372806,1.0,1.0,1.0,1.0,1.0
OraclePerfect_B05,JILONG_EI_0119,650,786.2860107421875,0.5755423964464765,1.0,1.0,1.0,1.0,1.0
OraclePerfect_B05,JILONG_EI_0119,660,786.7896728515625,0.5738494363256004,1.0,1.0,1.0,1.0,1.0
OraclePerfect_B05,JILONG_EI_0119,670,786.280029296875,0.5731407692410482,1.0,1.0,1.0,1.0,1.0
OraclePerfect_B05,JILONG_EI_0119,680,782.9659423828125,0.5725515378842174,1.0,1.0,1.0,1.0,1.0
OraclePerfect_B05,JILONG_EI_0119,690,782.6990966796875,0.5722354413344164,1.0,1.0,1.0,1.0,1.0
OraclePerfect_B05,JILONG_EI_0119,700,781.0018310546875,0.5724112999082241,1.0,1.0,1.0,1.0,1.0
OraclePerfect_B05,JILONG_EI_0119,710,780.9398193359375,0.5713274594955241,1.0,1.0,1.0,1.0,1.0
OraclePerfect_B05,JILONG_EI_0119,720,781.65869140625,0.5706792754239837,1.0,1.0,1.0,1.0,1.0
OraclePerfect_B05,JILONG_EI_0119,730,781.1271362304688,0.5697340515973373,1.0,1.0,1.0,1.0,1.0
OraclePerfect_B05,JILONG_EI_0119,740,780.80517578125,0.569266415107163,1.0,1.0,1.0,1.0,1.0
OraclePerfect_B05,JILONG_EI_0119,750,781.3013305664062,0.5682531383364166,1.0,1.0,1.0,1.0,1.0
OraclePerfect_B05,JILONG_EI_0119,760,780.9566650390625,0.5670795241653366,1.0,1.0,1.0,1.0,1.0
OraclePerfect_B05,JILONG_EI_0119,770,781.2744750976562,0.5645265438207967,1.0,1.0,1.0,1.0,1.0
OraclePerfect_B05,JILONG_EI_0119,780,784.1993408203125,0.5631526595283987,1.0,1.0,1.0,1.0,1.0
OraclePerfect_B05,JILONG_EI_0119,790,785.423828125,0.5605999333866157,1.0,1.0,1.0,1.0,1.0
OraclePerfect_B05,JILONG_EI_0119,800,786.131103515625,0.5594244868123118,1.0,1.0,1.0,1.0,1.0
OraclePerfect_B05,JILONG_EI_0119,810,787.3346557617188,0.5560348798176262,1.0,1.0,1.0,1.0,1.0
OraclePerfect_B05,JILONG_EI_0119,820,790.016845703125,0.5542291100175257,1.0,1.0,1.0,1.0,1.0
OraclePerfect_B05,JILONG_EI_0119,830,791.1513671875,0.5519206429100114,1.0,1.0,1.0,1.0,1.0
OraclePerfect_B05,JILONG_EI_0119,840,793.4283447265625,0.5503694816182552,1.0,1.0,1.0,1.0,1.0
OraclePerfect_B05,JILONG_EI_0119,850,794.591064453125,0.5477429961844679,1.0,1.0,1.0,1.0,1.0
OraclePerfect_B05,JILONG_EI_0119,860,796.9039306640625,0.5452063085392783,1.0,1.0,1.0,1.0,1.0
OraclePerfect_B05,JILONG_EI_0119,870,799.4169921875,0.5448924473368395,1.0,1.0,1.0,1.0,1.0
OraclePerfect_B05,JILONG_EI_0119,880,802.4510498046875,0.5437088077261495,1.0,1.0,1.0,1.0,1.0
OraclePerfect_B05,JILONG_EI_0119,890,805.5137329101562,0.5425952049904958,1.0,1.0,1.0,1.0,1.0
OraclePerfect_B05,JILONG_EI_0119,900,809.0991821289062,0.5427899616547851,1.0,1.0,1.0,1.0,1.0
OraclePerfect_B05,JILONG_EI_0119,910,812.5875244140625,0.5433173567407898,1.0,1.0,1.0,1.0,1.0
OraclePerfect_B05,JILONG_EI_0119,920,815.5053100585938,0.541491674968275,1.0,1.0,1.0,1.0,1.0
OraclePerfect_B05,JILONG_EI_0119,930,818.4938354492188,0.5393500185428197,1.0,1.0,1.0,1.0,1.0
OraclePerfect_B05,JILONG_EI_0119,940,820.89453125,0.5372942774408617,1.0,1.0,1.0,1.0,1.0
OraclePerfect_B05,JILONG_EI_0119,950,822.7467041015625,0.5364021983000582,1.0,1.0,1.0,1.0,1.0
OraclePerfect_B05,JILONG_EI_0119,960,826.2523193359375,0.5364972885157445,1.0,1.0,1.0,1.0,1.0
OraclePerfect_B05,JILONG_EI_0119,970,827.6592407226562,0.5364463262564966,1.0,1.0,1.0,1.0,1.0
OraclePerfect_B05,JILONG_EI_0119,980,828.731689453125,0.5358043741859572,1.0,1.0,1.0,1.0,1.0
OraclePerfect_B05,JILONG_EI_0119,990,831.921142578125,0.5357667825748506,1.0,1.0,1.0,1.0,1.0
OraclePerfect_B05,JILONG_EI_0119,1000,835.3505859375,0.5360381341357859,1.0,1.0,1.0,1.0,1.0
OraclePerfect_B05,JILONG_EI_0119,1010,838.70166015625,0.535726592072125,1.0,1.0,1.0,1.0,1.0
OraclePerfect_B05,JILONG_EI_0119,1020,842.0097045898438,0.5366699550658653,1.0,1.0,1.0,1.0,1.0
OraclePerfect_B05,JILONG_EI_0119,1030,843.3446044921875,0.5340680149111868,1.0,1.0,1.0,1.0,1.0
OraclePerfect_B05,JILONG_EI_0119,1040,846.2301025390625,0.5323155512114475,1.0,1.0,1.0,1.0,1.0
OraclePerfect_B05,JILONG_EI_0119,1050,850.388427734375,0.5301771516222108,1.0,1.0,1.0,1.0,1.0
OraclePerfect_B05,JILONG_EI_0119,1060,854.3214111328125,0.5273466149682866,1.0,1.0,1.0,1.0,1.0
OraclePerfect_B05,JILONG_EI_0119,1070,859.8968505859375,0.5258439323595248,1.0,1.0,1.0,1.0,1.0
OraclePerfect_B05,JILONG_EI_0119,1080,863.143310546875,0.5230079566642335,1.0,1.0,1.0,1.0,1.0
OraclePerfect_B05,JILONG_EI_0119,1090,866.4653930664062,0.5197506388576534,1.0,1.0,1.0,1.0,1.0
OraclePerfect_B05,JILONG_EI_0119,1100,869.8619995117188,0.5182737588766662,1.0,1.0,1.0,1.0,1.0
OraclePerfect_B05,JILONG_EI_0119,1110,874.660888671875,0.5165055938441256,1.0,1.0,1.0,1.0,1.0
OraclePerfect_B05,JILONG_EI_0119,1120,878.4791870117188,0.514614969242091,1.0,1.0,1.0,1.0,1.0
OraclePerfect_B05,JILONG_EI_0119,1130,881.7637939453125,0.5121114902944426,1.0,1.0,1.0,1.0,1.0
OraclePerfect_B05,JILONG_EI_0119,1140,884.591552734375,0.5087405894210133,1.0,1.0,1.0,1.0,1.0
OraclePerfect_B05,JILONG_EI_0119,1150,889.043212890625,0.5074338964858385,1.0,1.0,1.0,1.0,1.0
OraclePerfect_B05,JILONG_EI_0119,1160,892.26708984375,0.5043885487242971,1.0,1.0,1.0,1.0,1.0
OraclePerfect_B05,JILONG_EI_0119,1170,896.301025390625,0.5031478468809547,1.0,1.0,1.0,1.0,1.0
OraclePerfect_B05,JILONG_EI_0119,1180,900.1531982421875,0.500976447340679,1.0,1.0,1.0,1.0,1.0
OraclePerfect_B05,JILONG_EI_0119,1190,904.2933959960938,0.4982688193577045,1.0,1.0,1.0,1.0,1.0
OraclePerfect_B05,JILONG_EI_0119,1200,908.3804321289062,0.4969361976949447,1.0,1.0,1.0,1.0,1.0
OraclePerfect_B05,JILONG_EI_0119,1210,911.3931884765625,0.494414590209518,1.0,1.0,1.0,1.0,1.0
OraclePerfect_B05,JILONG_EI_0119,1220,914.7166137695312,0.49405002518337976,1.0,1.0,1.0,1.0,1.0
OraclePerfect_B05,JILONG_EI_0119,1230,918.6483764648438,0.49157785586650204,1.0,1.0,1.0,1.0,1.0
OraclePerfect_B05,JILONG_EI_0119,1240,920.804931640625,0.4893887268004601,1.0,1.0,1.0,1.0,1.0
OraclePerfect_B05,JILONG_EI_0119,1250,924.52294921875,0.48733733671010254,1.0,1.0,1.0,1.0,1.0
OraclePerfect_B05,JILONG_EI_0119,1260,929.7567138671875,0.48601583196556003,1.0,1.0,1.0,1.0,1.0
OraclePerfect_B05,JILONG_EI_0119,1270,934.0003662109375,0.48510734713096165,1.0,1.0,1.0,1.0,1.0
OraclePerfect_B05,JILONG_EI_0119,1280,938.5550537109375,0.4840782207402474,1.0,1.0,1.0,1.0,1.0
OraclePerfect_B05,JILONG_EI_0119,1290,940.8960571289062,0.48275192114329435,1.0,1.0,1.0,1.0,1.0
OraclePerfect_B05,JILONG_EI_0119,1300,945.756103515625,0.4823164832895018,1.0,1.0,1.0,1.0,1.0
OraclePerfect_B05,JILONG_EI_0119,1310,949.96337890625,0.4815399557909121,1.0,1.0,1.0,1.0,1.0
OraclePerfect_B05,JILONG_EI_0119,1320,953.6705322265625,0.48165723150708684,1.0,1.0,1.0,1.0,1.0
OraclePerfect_B05,JILONG_EI_0119,1330,957.6646728515625,0.48170884656778423,1.0,1.0,1.0,1.0,1.0
OraclePerfect_B05,JILONG_EI_0119,1340,961.03466796875,0.481918071833798,1.0,1.0,1.0,1.0,1.0
OraclePerfect_B05,JILONG_EI_0119,1350,965.9444580078125,0.4819852183928333,1.0,1.0,1.0,1.0,1.0
OraclePerfect_B05,JILONG_EI_0119,1360,969.4379272460938,0.481004835194166,1.0,1.0,1.0,1.0,1.0
OraclePerfect_B05,JILONG_EI_0119,1370,973.5316162109375,0.4809429694184358,1.0,1.0,1.0,1.0,1.0
OraclePerfect_B05,JILONG_EI_0119,1380,977.0715942382812,0.4810480845539871,1.0,1.0,1.0,1.0,1.0
OraclePerfect_B05,JILONG_EI_0119,1390,978.6259765625,0.47916962515915373,1.0,1.0,1.0,1.0,1.0
OraclePerfect_B05,JILONG_EI_0119,1400,982.2821044921875,0.4790348730729059,1.0,1.0,1.0,1.0,1.0
OraclePerfect_B05,JILONG_EI_0119,1410,985.004638671875,0.47880170865486116,1.0,1.0,1.0,1.0,1.0
OraclePerfect_B05,JILONG_EI_0119,1420,988.1234130859375,0.47828305243346453,1.0,1.0,1.0,1.0,1.0
OraclePerfect_B05,JILONG_EI_0119,1430,991.5059814453125,0.47809783371046977,1.0,1.0,1.0,1.0,1.0
OraclePerfect_B05,JILONG_EI_0119,1440,993.13232421875,0.4763066633021543,1.0,1.0,1.0,1.0,1.0
OraclePerfect_B05,JILONG_EI_0129,10,21.344554901123047,0.9838121953118084,1.0,1.0,1.0,1.0,1.0
OraclePerfect_B05,JILONG_EI_0129,20,40.983097076416016,0.992939011004219,1.0,1.0,1.0,1.0,1.0
OraclePerfect_B05,JILONG_EI_0129,30,95.44794464111328,0.9960391040950908,1.0,1.0,1.0,1.0,1.0
OraclePerfect_B05,JILONG_EI_0129,40,201.28741455078125,0.9911362794186468,1.0,1.0,1.0,1.0,1.0
OraclePerfect_B05,JILONG_EI_0129,50,271.81353759765625,0.9180152564002232,1.0,1.0,1.0,1.0,1.0
OraclePerfect_B05,JILONG_EI_0129,60,297.5128173828125,0.8670799191876268,1.0,1.0,1.0,1.0,1.0
OraclePerfect_B05,JILONG_EI_0129,70,364.7735595703125,0.8472129210144144,1.0,1.0,1.0,1.0,1.0
OraclePerfect_B05,JILONG_EI_0129,80,471.9267883300781,0.7663250263528548,1.0,1.0,1.0,1.0,1.0
OraclePerfect_B05,JILONG_EI_0129,90,534.8839111328125,0.6564097725027851,1.0,1.0,1.0,1.0,1.0
OraclePerfect_B05,JILONG_EI_0129,100,564.5084838867188,0.6905936138880774,1.0,1.0,1.0,1.0,1.0
OraclePerfect_B05,JILONG_EI_0129,110,614.87548828125,0.6671686934870369,1.0,1.0,1.0,1.0,1.0
OraclePerfect_B05,JILONG_EI_0129,120,622.1158447265625,0.6996294801645111,1.0,1.0,1.0,1.0,1.0
OraclePerfect_B05,JILONG_EI_0129,130,602.5963745117188,0.7091354923111469,1.0,1.0,1.0,1.0,1.0
OraclePerfect_B05,JILONG_EI_0129,140,637.8221435546875,0.708368564435795,1.0,1.0,1.0,1.0,1.0
OraclePerfect_B05,JILONG_EI_0129,150,612.556396484375,0.7136694136587961,1.0,1.0,1.0,1.0,1.0
OraclePerfect_B05,JILONG_EI_0129,160,633.794189453125,0.7195701017330579,1.0,1.0,1.0,1.0,1.0
OraclePerfect_B05,JILONG_EI_0129,170,704.2533569335938,0.7147212663109511,1.0,1.0,1.0,1.0,1.0
OraclePerfect_B05,JILONG_EI_0129,180,738.9552612304688,0.722285332482842,1.0,1.0,1.0,1.0,1.0
OraclePerfect_B05,JILONG_EI_0129,190,744.468994140625,0.7409401701742047,1.0,1.0,1.0,1.0,1.0
OraclePerfect_B05,JILONG_EI_0129,200,754.5791015625,0.7688287434325316,1.0,1.0,1.0,1.0,1.0
OraclePerfect_B05,JILONG_EI_0129,210,752.8594360351562,0.8009529253298681,1.0,1.0,1.0,1.0,1.0
OraclePerfect_B05,JILONG_EI_0129,220,779.1097412109375,0.8251236636499637,1.0,1.0,1.0,1.0,1.0
OraclePerfect_B05,JILONG_EI_0129,230,847.51123046875,0.8497677055231885,1.0,1.0,1.0,1.0,1.0
OraclePerfect_B05,JILONG_EI_0129,240,897.067626953125,0.7984681017637336,1.0,1.0,1.0,1.0,1.0
OraclePerfect_B05,JILONG_EI_0129,250,928.90673828125,0.7527164322912047,1.0,1.0,1.0,1.0,1.0
OraclePerfect_B05,JILONG_EI_0129,260,956.6099243164062,0.7702198433367514,1.0,1.0,1.0,1.0,1.0
OraclePerfect_B05,JILONG_EI_0129,270,977.895751953125,0.7830095639607304,1.0,1.0,1.0,1.0,1.0
OraclePerfect_B05,JILONG_EI_0129,280,987.2391357421875,0.773740135950561,1.0,1.0,1.0,1.0,1.0
OraclePerfect_B05,JILONG_EI_0129,290,994.3562622070312,0.7433916935973566,1.0,1.0,1.0,1.0,1.0
OraclePerfect_B05,JILONG_EI_0129,300,998.9854125976562,0.7126029960119168,1.0,1.0,1.0,1.0,1.0
OraclePerfect_B05,JILONG_EI_0129,310,1002.2021484375,0.6832443708446008,1.0,1.0,1.0,1.0,1.0
OraclePerfect_B05,JILONG_EI_0129,320,1007.1080322265625,0.659823784993113,1.0,1.0,1.0,1.0,1.0
OraclePerfect_B05,JILONG_EI_0129,330,1013.6970825195312,0.6850009708606375,1.0,1.0,1.0,1.0,1.0
OraclePerfect_B05,JILONG_EI_0129,340,1017.546142578125,0.6878225022275652,1.0,1.0,1.0,1.0,1.0
OraclePerfect_B05,JILONG_EI_0129,350,1024.5975341796875,0.6701468736526155,1.0,1.0,1.0,1.0,1.0
OraclePerfect_B05,JILONG_EI_0129,360,1029.638916015625,0.6430389299960549,1.0,1.0,1.0,1.0,1.0
OraclePerfect_B05,JILONG_EI_0129,370,1033.599853515625,0.6168115499022836,1.0,1.0,1.0,1.0,1.0
OraclePerfect_B05,JILONG_EI_0129,380,1034.39013671875,0.5915641842401186,1.0,1.0,1.0,1.0,1.0
OraclePerfect_B05,JILONG_EI_0129,390,1032.5972900390625,0.5691964537441502,1.0,1.0,1.0,1.0,1.0
OraclePerfect_B05,JILONG_EI_0129,400,1028.6396484375,0.5646961590592009,1.0,1.0,1.0,1.0,1.0
OraclePerfect_B05,JILONG_EI_0129,410,1019.64501953125,0.5639807719148312,1.0,1.0,1.0,1.0,1.0
OraclePerfect_B05,JILONG_EI_0129,420,1011.1884155273438,0.5576432073908771,1.0,1.0,1.0,1.0,1.0
OraclePerfect_B05,JILONG_EI_0129,430,1004.3428955078125,0.5483437609526908,1.0,1.0,1.0,1.0,1.0
OraclePerfect_B05,JILONG_EI_0129,440,988.355224609375,0.5383289753774969,1.0,1.0,1.0,1.0,1.0
OraclePerfect_B05,JILONG_EI_0129,450,983.00537109375,0.5260602278309947,1.0,1.0,1.0,1.0,1.0
OraclePerfect_B05,JILONG_EI_0129,460,977.6644287109375,0.5236525063430922,1.0,1.0,1.0,1.0,1.0
OraclePerfect_B05,JILONG_EI_0129,470,974.4683837890625,0.5272458381737773,1.0,1.0,1.0,1.0,1.0
OraclePerfect_B05,JILONG_EI_0129,480,974.9493408203125,0.5308914095440581,1.0,1.0,1.0,1.0,1.0
OraclePerfect_B05,JILONG_EI_0129,490,974.9920654296875,0.5352261634410233,1.0,1.0,1.0,1.0,1.0
OraclePerfect_B05,JILONG_EI_0129,500,975.5183715820312,0.5397877360071978,1.0,1.0,1.0,1.0,1.0
OraclePerfect_B05,JILONG_EI_0129,510,974.9989013671875,0.5428545828253476,1.0,1.0,1.0,1.0,1.0
OraclePerfect_B05,JILONG_EI_0129,520,975.716552734375,0.5494295519724826,1.0,1.0,1.0,1.0,1.0
OraclePerfect_B05,JILONG_EI_0129,530,973.4345703125,0.5584370332742212,1.0,1.0,1.0,1.0,1.0
OraclePerfect_B05,JILONG_EI_0129,540,976.9304809570312,0.5659599897823231,1.0,1.0,1.0,1.0,1.0
OraclePerfect_B05,JILONG_EI_0129,550,978.466796875,0.5710377951999003,1.0,1.0,1.0,1.0,1.0
OraclePerfect_B05,JILONG_EI_0129,560,980.23095703125,0.5755119082965919,1.0,1.0,1.0,1.0,1.0
OraclePerfect_B05,JILONG_EI_0129,570,983.0338134765625,0.5791078408130882,1.0,1.0,1.0,1.0,1.0
OraclePerfect_B05,JILONG_EI_0129,580,983.417236328125,0.581927895837407,1.0,1.0,1.0,1.0,1.0
OraclePerfect_B05,JILONG_EI_0129,590,982.0719604492188,0.583530693224706,1.0,1.0,1.0,1.0,1.0
OraclePerfect_B05,JILONG_EI_0129,600,984.1388549804688,0.5861446783464765,1.0,1.0,1.0,1.0,1.0
OraclePerfect_B05,JILONG_EI_0129,610,984.7486572265625,0.5884077888389134,1.0,1.0,1.0,1.0,1.0
OraclePerfect_B05,JILONG_EI_0129,620,985.8702392578125,0.5917656033925162,1.0,1.0,1.0,1.0,1.0
OraclePerfect_B05,JILONG_EI_0129,630,991.263671875,0.5940355342699029,1.0,1.0,1.0,1.0,1.0
OraclePerfect_B05,JILONG_EI_0129,640,998.3482055664062,0.5944576388017739,1.0,1.0,1.0,1.0,1.0
OraclePerfect_B05,JILONG_EI_0129,650,1005.789306640625,0.5968800265653997,1.0,1.0,1.0,1.0,1.0
OraclePerfect_B05,JILONG_EI_0129,660,1009.6300659179688,0.5987548397688519,1.0,1.0,1.0,1.0,1.0
OraclePerfect_B05,JILONG_EI_0129,670,1011.7174072265625,0.6022579022899626,1.0,1.0,1.0,1.0,1.0
OraclePerfect_B05,JILONG_EI_0129,680,1015.8007202148438,0.6019188652598726,1.0,1.0,1.0,1.0,1.0
OraclePerfect_B05,JILONG_EI_0129,690,1021.8572998046875,0.6030395333023183,1.0,1.0,1.0,1.0,1.0
OraclePerfect_B05,JILONG_EI_0129,700,1032.34033203125,0.6034352392855081,1.0,1.0,1.0,1.0,1.0
OraclePerfect_B05,JILONG_EI_0129,710,1042.812744140625,0.6033982010788544,1.0,1.0,1.0,1.0,1.0
OraclePerfect_B05,JILONG_EI_0129,720,1049.9288330078125,0.6024179577730737,1.0,1.0,1.0,1.0,1.0
OraclePerfect_B05,JILONG_EI_0129,730,1059.550048828125,0.5999093897922613,1.0,1.0,1.0,1.0,1.0
OraclePerfect_B05,JILONG_EI_0129,740,1068.26953125,0.5957958076329142,1.0,1.0,1.0,1.0,1.0
OraclePerfect_B05,JILONG_EI_0129,750,1076.9703369140625,0.5918265294454677,1.0,1.0,1.0,1.0,1.0
OraclePerfect_B05,JILONG_EI_0129,760,1084.120361328125,0.5879088920292861,1.0,1.0,1.0,1.0,1.0
OraclePerfect_B05,JILONG_EI_0129,770,1090.8759765625,0.5834957771399276,1.0,1.0,1.0,1.0,1.0
OraclePerfect_B05,JILONG_EI_0129,780,1099.600341796875,0.578675295537817,1.0,1.0,1.0,1.0,1.0
OraclePerfect_B05,JILONG_EI_0129,790,1108.81787109375,0.5724074793198908,1.0,1.0,1.0,1.0,1.0
OraclePerfect_B05,JILONG_EI_0129,800,1117.722412109375,0.5643237357581488,1.0,1.0,1.0,1.0,1.0
OraclePerfect_B05,JILONG_EI_0129,810,1127.548828125,0.5584110742307133,1.0,1.0,1.0,1.0,1.0
OraclePerfect_B05,JILONG_EI_0129,820,1131.05712890625,0.5512400829235632,1.0,1.0,1.0,1.0,1.0
OraclePerfect_B05,JILONG_EI_0129,830,1138.848876953125,0.5464415795039756,1.0,1.0,1.0,1.0,1.0
OraclePerfect_B05,JILONG_EI_0129,840,1143.1739501953125,0.5411802763616441,1.0,1.0,1.0,1.0,1.0
OraclePerfect_B05,JILONG_EI_0129,850,1149.56005859375,0.5370002627021342,1.0,1.0,1.0,1.0,1.0
OraclePerfect_B05,JILONG_EI_0129,860,1154.2783203125,0.532270995172523,1.0,1.0,1.0,1.0,1.0
OraclePerfect_B05,JILONG_EI_0129,870,1157.838134765625,0.5271889671276812,1.0,1.0,1.0,1.0,1.0
OraclePerfect_B05,JILONG_EI_0129,880,1158.7484130859375,0.5198172536126875,1.0,1.0,1.0,1.0,1.0
OraclePerfect_B05,JILONG_EI_0129,890,1166.228759765625,0.5170152971389093,1.0,1.0,1.0,1.0,1.0
OraclePerfect_B05,JILONG_EI_0129,900,1170.4803466796875,0.5126115381733909,1.0,1.0,1.0,1.0,1.0
OraclePerfect_B05,JILONG_EI_0129,910,1174.1561279296875,0.5082720864811464,1.0,1.0,1.0,1.0,1.0
OraclePerfect_B05,JILONG_EI_0129,920,1177.422607421875,0.502454935437041,1.0,1.0,1.0,1.0,1.0
OraclePerfect_B05,JILONG_EI_0129,930,1181.329833984375,0.49788257586690254,1.0,1.0,1.0,1.0,1.0
OraclePerfect_B05,JILONG_EI_0129,940,1185.5062255859375,0.49428611552896984,1.0,1.0,1.0,1.0,1.0
OraclePerfect_B05,JILONG_EI_0129,950,1190.3154296875,0.49015728800032765,1.0,1.0,1.0,1.0,1.0
OraclePerfect_B05,JILONG_EI_0129,960,1195.41357421875,0.4870654756526484,1.0,1.0,1.0,1.0,1.0
OraclePerfect_B05,JILONG_EI_0129,970,1198.214111328125,0.4829079875128903,1.0,1.0,1.0,1.0,1.0
OraclePerfect_B05,JILONG_EI_0129,980,1198.31689453125,0.4751220955941433,1.0,1.0,1.0,1.0,1.0
OraclePerfect_B05,JILONG_EI_0129,990,1199.7305908203125,0.4692348981394046,1.0,1.0,1.0,1.0,1.0
OraclePerfect_B05,JILONG_EI_0129,1000,1198.01806640625,0.46284899019004055,1.0,1.0,1.0,1.0,1.0
OraclePerfect_B05,JILONG_EI_0129,1010,1195.5474853515625,0.4568908834071514,1.0,1.0,1.0,1.0,1.0
OraclePerfect_B05,JILONG_EI_0129,1020,1190.218505859375,0.4474848690080342,1.0,1.0,1.0,1.0,1.0
OraclePerfect_B05,JILONG_EI_0129,1030,1193.4736328125,0.44602262061623055,1.0,1.0,1.0,1.0,1.0
OraclePerfect_B05,JILONG_EI_0129,1040,1192.9730224609375,0.44034517465809014,1.0,1.0,1.0,1.0,1.0
OraclePerfect_B05,JILONG_EI_0129,1050,1196.110107421875,0.4410004756711601,1.0,1.0,1.0,1.0,1.0
OraclePerfect_B05,JILONG_EI_0129,1060,1197.832763671875,0.43813374134460303,1.0,1.0,1.0,1.0,1.0
OraclePerfect_B05,JILONG_EI_0129,1070,1198.156494140625,0.43423810801778123,1.0,1.0,1.0,1.0,1.0
OraclePerfect_B05,JILONG_EI_0129,1080,1201.7491455078125,0.43334526790970135,1.0,1.0,1.0,1.0,1.0
OraclePerfect_B05,JILONG_EI_0129,1090,1200.4832763671875,0.4298871647839371,1.0,1.0,1.0,1.0,1.0
OraclePerfect_B05,JILONG_EI_0129,1100,1204.5467529296875,0.42874646551411244,1.0,1.0,1.0,1.0,1.0
OraclePerfect_B05,JILONG_EI_0129,1110,1204.1676025390625,0.4276226426879935,1.0,1.0,1.0,1.0,1.0
OraclePerfect_B05,JILONG_EI_0129,1120,1208.5106201171875,0.4266809732531116,1.0,1.0,1.0,1.0,1.0
OraclePerfect_B05,JILONG_EI_0129,1130,1213.03466796875,0.4268888139006612,1.0,1.0,1.0,1.0,1.0
OraclePerfect_B05,JILONG_EI_0129,1140,1218.24072265625,0.4256438205965009,1.0,1.0,1.0,1.0,1.0
OraclePerfect_B05,JILONG_EI_0129,1150,1222.0538330078125,0.42325987094961515,1.0,1.0,1.0,1.0,1.0
OraclePerfect_B05,JILONG_EI_0129,1160,1226.040771484375,0.42093665911863787,1.0,1.0,1.0,1.0,1.0
OraclePerfect_B05,JILONG_EI_0129,1170,1232.26806640625,0.4179105846066623,1.0,1.0,1.0,1.0,1.0
OraclePerfect_B05,JILONG_EI_0129,1180,1239.908203125,0.41632411139143694,1.0,1.0,1.0,1.0,1.0
OraclePerfect_B05,JILONG_EI_0129,1190,1245.863037109375,0.41420145689593846,1.0,1.0,1.0,1.0,1.0
OraclePerfect_B05,JILONG_EI_0129,1200,1243.4017333984375,0.40698728992183464,1.0,1.0,1.0,1.0,1.0
OraclePerfect_B05,JILONG_EI_0129,1210,1246.724853515625,0.4016006889428339,1.0,1.0,1.0,1.0,1.0
OraclePerfect_B05,JILONG_EI_0129,1220,1249.2734375,0.39984017995742643,1.0,1.0,1.0,1.0,1.0
OraclePerfect_B05,JILONG_EI_0129,1230,1254.88623046875,0.3976192318508192,1.0,1.0,1.0,1.0,1.0
OraclePerfect_B05,JILONG_EI_0129,1240,1259.068603515625,0.39557885242141333,1.0,1.0,1.0,1.0,1.0
OraclePerfect_B05,JILONG_EI_0129,1250,1263.6103515625,0.3919212637213579,1.0,1.0,1.0,1.0,1.0
OraclePerfect_B05,JILONG_EI_0129,1260,1266.2681884765625,0.38850183779253467,1.0,1.0,1.0,1.0,1.0
OraclePerfect_B05,JILONG_EI_0129,1270,1270.0753173828125,0.3889534975975867,1.0,1.0,1.0,1.0,1.0
OraclePerfect_B05,JILONG_EI_0129,1280,1273.5458984375,0.3859611609568374,1.0,1.0,1.0,1.0,1.0
OraclePerfect_B05,JILONG_EI_0129,1290,1271.7811279296875,0.3811213322767244,1.0,1.0,1.0,1.0,1.0
OraclePerfect_B05,JILONG_EI_0129,1300,1272.048095703125,0.3794169513599856,1.0,1.0,1.0,1.0,1.0
OraclePerfect_B05,JILONG_EI_0129,1310,1275.6439208984375,0.3781565697728401,1.0,1.0,1.0,1.0,1.0
OraclePerfect_B05,JILONG_EI_0129,1320,1274.5325927734375,0.37430460392427023,1.0,1.0,1.0,1.0,1.0
OraclePerfect_B05,JILONG_EI_0129,1330,1280.112548828125,0.3728195376634019,1.0,1.0,1.0,1.0,1.0
OraclePerfect_B05,JILONG_EI_0129,1340,1277.242919921875,0.36900138047860687,1.0,1.0,1.0,1.0,1.0
OraclePerfect_B05,JILONG_EI_0129,1350,1280.114990234375,0.3683374252763391,1.0,1.0,1.0,1.0,1.0
OraclePerfect_B05,JILONG_EI_0129,1360,1280.4871826171875,0.3690983543643487,1.0,1.0,1.0,1.0,1.0
OraclePerfect_B05,JILONG_EI_0129,1370,1278.54150390625,0.36966642619696655,1.0,1.0,1.0,1.0,1.0
OraclePerfect_B05,JILONG_EI_0129,1380,1279.5162353515625,0.37091731752308704,1.0,1.0,1.0,1.0,1.0
OraclePerfect_B05,JILONG_EI_0129,1390,1278.18798828125,0.3718582892667513,1.0,1.0,1.0,1.0,1.0
OraclePerfect_B05,JILONG_EI_0129,1400,1282.8743896484375,0.3706561367358721,1.0,1.0,1.0,1.0,1.0
OraclePerfect_B05,JILONG_EI_0129,1410,1287.3018798828125,0.3703124847180294,1.0,1.0,1.0,1.0,1.0
OraclePerfect_B05,JILONG_EI_0129,1420,1284.8558349609375,0.3721488869746658,1.0,1.0,1.0,1.0,1.0
OraclePerfect_B05,JILONG_EI_0129,1430,1288.3626708984375,0.3718034143507911,1.0,1.0,1.0,1.0,1.0
OraclePerfect_B05,JILONG_EI_0129,1440,1291.59814453125,0.37002358523960666,1.0,1.0,1.0,1.0,1.0
OraclePerfect_B05,JILONG_EI_0139,10,18.552242279052734,0.9917817708369991,1.0,1.0,1.0,1.0,1.0
OraclePerfect_B05,JILONG_EI_0139,20,37.806156158447266,0.9954855506738813,1.0,1.0,1.0,1.0,1.0
OraclePerfect_B05,JILONG_EI_0139,30,66.05380249023438,0.9968747580163858,1.0,1.0,1.0,1.0,1.0
OraclePerfect_B05,JILONG_EI_0139,40,154.5733642578125,0.995514729159192,1.0,1.0,1.0,1.0,1.0
OraclePerfect_B05,JILONG_EI_0139,50,219.62550354003906,0.9156875627110033,1.0,1.0,1.0,1.0,1.0
OraclePerfect_B05,JILONG_EI_0139,60,258.7972412109375,0.8753664952998893,1.0,1.0,1.0,1.0,1.0
OraclePerfect_B05,JILONG_EI_0139,70,306.5413818359375,0.8637858233049955,1.0,1.0,1.0,1.0,1.0
OraclePerfect_B05,JILONG_EI_0139,80,375.7838134765625,0.7863336355921263,1.0,1.0,1.0,1.0,1.0
OraclePerfect_B05,JILONG_EI_0139,90,435.524658203125,0.6810114356676242,1.0,1.0,1.0,1.0,1.0
OraclePerfect_B05,JILONG_EI_0139,100,468.2185974121094,0.6817278190143778,1.0,1.0,1.0,1.0,1.0
OraclePerfect_B05,JILONG_EI_0139,110,495.350341796875,0.6824436683724413,1.0,1.0,1.0,1.0,1.0
OraclePerfect_B05,JILONG_EI_0139,120,513.696533203125,0.7109402048861521,1.0,1.0,1.0,1.0,1.0
OraclePerfect_B05,JILONG_EI_0139,130,495.9730224609375,0.7152172349764624,1.0,1.0,1.0,1.0,1.0
OraclePerfect_B05,JILONG_EI_0139,140,517.6424560546875,0.7238736374463968,1.0,1.0,1.0,1.0,1.0
OraclePerfect_B05,JILONG_EI_0139,150,527.5010375976562,0.7254562550731379,1.0,1.0,1.0,1.0,1.0
OraclePerfect_B05,JILONG_EI_0139,160,567.33984375,0.7294401005778965,1.0,1.0,1.0,1.0,1.0
OraclePerfect_B05,JILONG_EI_0139,170,621.3043212890625,0.7370700034524328,1.0,1.0,1.0,1.0,1.0
OraclePerfect_B05,JILONG_EI_0139,180,653.16748046875,0.7362866510341421,1.0,1.0,1.0,1.0,1.0
OraclePerfect_B05,JILONG_EI_0139,190,660.4891967773438,0.7448645533529678,1.0,1.0,1.0,1.0,1.0
OraclePerfect_B05,JILONG_EI_0139,200,672.9661865234375,0.7640910445529632,1.0,1.0,1.0,1.0,1.0
OraclePerfect_B05,JILONG_EI_0139,210,675.6416015625,0.7877987204790189,1.0,1.0,1.0,1.0,1.0
OraclePerfect_B05,JILONG_EI_0139,220,676.4528198242188,0.8048489539920388,1.0,1.0,1.0,1.0,1.0
OraclePerfect_B05,JILONG_EI_0139,230,717.7066040039062,0.8294169895764484,1.0,1.0,1.0,1.0,1.0
OraclePerfect_B05,JILONG_EI_0139,240,765.4871826171875,0.8284164363738771,1.0,1.0,1.0,1.0,1.0
OraclePerfect_B05,JILONG_EI_0139,250,793.674072265625,0.7850927324515011,1.0,1.0,1.0,1.0,1.0
OraclePerfect_B05,JILONG_EI_0139,260,821.3836059570312,0.7513975409172369,1.0,1.0,1.0,1.0,1.0
OraclePerfect_B05,JILONG_EI_0139,270,836.3773193359375,0.7367352842608162,1.0,1.0,1.0,1.0,1.0
OraclePerfect_B05,JILONG_EI_0139,280,844.7774047851562,0.7435522360951338,1.0,1.0,1.0,1.0,1.0
OraclePerfect_B05,JILONG_EI_0139,290,846.5487060546875,0.7406710351858891,1.0,1.0,1.0,1.0,1.0
OraclePerfect_B05,JILONG_EI_0139,300,851.1240234375,0.7254170519684848,1.0,1.0,1.0,1.0,1.0
OraclePerfect_B05,JILONG_EI_0139,310,856.8643798828125,0.7039755861362321,1.0,1.0,1.0,1.0,1.0
OraclePerfect_B05,JILONG_EI_0139,320,857.169189453125,0.6775507169994075,1.0,1.0,1.0,1.0,1.0
OraclePerfect_B05,JILONG_EI_0139,330,854.5477294921875,0.6625550538741489,1.0,1.0,1.0,1.0,1.0
OraclePerfect_B05,JILONG_EI_0139,340,854.5094604492188,0.687075316652601,1.0,1.0,1.0,1.0,1.0
OraclePerfect_B05,JILONG_EI_0139,350,851.75390625,0.7058796295599521,1.0,1.0,1.0,1.0,1.0
OraclePerfect_B05,JILONG_EI_0139,360,852.8115234375,0.7047747722292932,1.0,1.0,1.0,1.0,1.0
OraclePerfect_B05,JILONG_EI_0139,370,856.3427734375,0.6879384666327265,1.0,1.0,1.0,1.0,1.0
OraclePerfect_B05,JILONG_EI_0139,380,859.9954833984375,0.6622676872462714,1.0,1.0,1.0,1.0,1.0
OraclePerfect_B05,JILONG_EI_0139,390,868.1102905273438,0.632026029595077,1.0,1.0,1.0,1.0,1.0
OraclePerfect_B05,JILONG_EI_0139,400,875.4779052734375,0.6026349373779168,1.0,1.0,1.0,1.0,1.0
OraclePerfect_B05,JILONG_EI_0139,410,875.469482421875,0.5777191559932839,1.0,1.0,1.0,1.0,1.0
OraclePerfect_B05,JILONG_EI_0139,420,873.6192626953125,0.5793834668249287,1.0,1.0,1.0,1.0,1.0
OraclePerfect_B05,JILONG_EI_0139,430,868.4371337890625,0.5781988284195296,1.0,1.0,1.0,1.0,1.0
OraclePerfect_B05,JILONG_EI_0139,440,864.8634643554688,0.5736998513584902,1.0,1.0,1.0,1.0,1.0
OraclePerfect_B05,JILONG_EI_0139,450,860.1173095703125,0.5660657130597951,1.0,1.0,1.0,1.0,1.0
OraclePerfect_B05,JILONG_EI_0139,460,852.1358032226562,0.5526427658378645,1.0,1.0,1.0,1.0,1.0
OraclePerfect_B05,JILONG_EI_0139,470,841.167724609375,0.5502752451430886,1.0,1.0,1.0,1.0,1.0
OraclePerfect_B05,JILONG_EI_0139,480,833.27490234375,0.5537555086741052,1.0,1.0,1.0,1.0,1.0
OraclePerfect_B05,JILONG_EI_0139,490,829.1372680664062,0.5551222360508843,1.0,1.0,1.0,1.0,1.0
OraclePerfect_B05,JILONG_EI_0139,500,824.0770874023438,0.5553304832309308,1.0,1.0,1.0,1.0,1.0
OraclePerfect_B05,JILONG_EI_0139,510,818.43798828125,0.5560281515818739,1.0,1.0,1.0,1.0,1.0
OraclePerfect_B05,JILONG_EI_0139,520,818.6162109375,0.5565218577836436,1.0,1.0,1.0,1.0,1.0
OraclePerfect_B05,JILONG_EI_0139,530,818.2181396484375,0.5584328289588162,1.0,1.0,1.0,1.0,1.0
OraclePerfect_B05,JILONG_EI_0139,540,821.07275390625,0.5603421533711004,1.0,1.0,1.0,1.0,1.0
OraclePerfect_B05,JILONG_EI_0139,550,823.8084716796875,0.5603947800897399,1.0,1.0,1.0,1.0,1.0
OraclePerfect_B05,JILONG_EI_0139,560,822.8536376953125,0.558979361923811,1.0,1.0,1.0,1.0,1.0
OraclePerfect_B05,JILONG_EI_0139,570,820.8975219726562,0.5586603021269761,1.0,1.0,1.0,1.0,1.0
OraclePerfect_B05,JILONG_EI_0139,580,818.5758056640625,0.5557652026771126,1.0,1.0,1.0,1.0,1.0
OraclePerfect_B05,JILONG_EI_0139,590,817.7942504882812,0.5509443258925576,1.0,1.0,1.0,1.0,1.0
OraclePerfect_B05,JILONG_EI_0139,600,817.7228393554688,0.5473940002044989,1.0,1.0,1.0,1.0,1.0
OraclePerfect_B05,JILONG_EI_0139,610,817.181640625,0.5439647960013596,1.0,1.0,1.0,1.0,1.0
OraclePerfect_B05,JILONG_EI_0139,620,815.2448120117188,0.5426531968717908,1.0,1.0,1.0,1.0,1.0
OraclePerfect_B05,JILONG_EI_0139,630,816.9053344726562,0.5466964268015412,1.0,1.0,1.0,1.0,1.0
OraclePerfect_B05,JILONG_EI_0139,640,816.91162109375,0.5496529098685662,1.0,1.0,1.0,1.0,1.0
OraclePerfect_B05,JILONG_EI_0139,650,817.57177734375,0.5526624462286941,1.0,1.0,1.0,1.0,1.0
OraclePerfect_B05,JILONG_EI_0139,660,819.8201904296875,0.5560950392238797,1.0,1.0,1.0,1.0,1.0
OraclePerfect_B05,JILONG_EI_0139,670,822.9338989257812,0.5590486823254838,1.0,1.0,1.0,1.0,1.0
OraclePerfect_B05,JILONG_EI_0139,680,825.704833984375,0.5616029765120272,1.0,1.0,1.0,1.0,1.0
OraclePerfect_B05,JILONG_EI_0139,690,829.4034423828125,0.5648904408354956,1.0,1.0,1.0,1.0,1.0
OraclePerfect_B05,JILONG_EI_0139,700,833.5944213867188,0.5661946063550088,1.0,1.0,1.0,1.0,1.0
OraclePerfect_B05,JILONG_EI_0139,710,836.5604248046875,0.5674640682282075,1.0,1.0,1.0,1.0,1.0
OraclePerfect_B05,JILONG_EI_0139,720,842.0816040039062,0.5667294501925159,1.0,1.0,1.0,1.0,1.0
OraclePerfect_B05,JILONG_EI_0139,730,845.589111328125,0.5662901329975377,1.0,1.0,1.0,1.0,1.0
OraclePerfect_B05,JILONG_EI_0139,740,851.2958984375,0.5691699649591387,1.0,1.0,1.0,1.0,1.0
OraclePerfect_B05,JILONG_EI_0139,750,855.2073974609375,0.5686177436032187,1.0,1.0,1.0,1.0,1.0
OraclePerfect_B05,JILONG_EI_0139,760,858.3775634765625,0.5674124021506934,1.0,1.0,1.0,1.0,1.0
OraclePerfect_B05,JILONG_EI_0139,770,862.3846435546875,0.5659615546702237,1.0,1.0,1.0,1.0,1.0
OraclePerfect_B05,JILONG_EI_0139,780,868.3328857421875,0.5659070776836073,1.0,1.0,1.0,1.0,1.0
OraclePerfect_B05,JILONG_EI_0139,790,873.525634765625,0.5645923556833233,1.0,1.0,1.0,1.0,1.0
OraclePerfect_B05,JILONG_EI_0139,800,878.9114990234375,0.5650236562488417,1.0,1.0,1.0,1.0,1.0
OraclePerfect_B05,JILONG_EI_0139,810,884.6658325195312,0.5646926487382046,1.0,1.0,1.0,1.0,1.0
OraclePerfect_B05,JILONG_EI_0139,820,889.2097778320312,0.5643961583766939,1.0,1.0,1.0,1.0,1.0
OraclePerfect_B05,JILONG_EI_0139,830,892.56005859375,0.5626456046160114,1.0,1.0,1.0,1.0,1.0
OraclePerfect_B05,JILONG_EI_0139,840,896.121826171875,0.5606605735644042,1.0,1.0,1.0,1.0,1.0
OraclePerfect_B05,JILONG_EI_0139,850,901.8597412109375,0.5595589536560561,1.0,1.0,1.0,1.0,1.0
OraclePerfect_B05,JILONG_EI_0139,860,908.0919189453125,0.5578552055148684,1.0,1.0,1.0,1.0,1.0
OraclePerfect_B05,JILONG_EI_0139,870,911.7100830078125,0.5560665729114106,1.0,1.0,1.0,1.0,1.0
OraclePerfect_B05,JILONG_EI_0139,880,916.483642578125,0.5538682200954637,1.0,1.0,1.0,1.0,1.0
OraclePerfect_B05,JILONG_EI_0139,890,920.3626708984375,0.5520889107707968,1.0,1.0,1.0,1.0,1.0
OraclePerfect_B05,JILONG_EI_0139,900,925.3695678710938,0.5510794467868283,1.0,1.0,1.0,1.0,1.0
OraclePerfect_B05,JILONG_EI_0139,910,929.5980224609375,0.5482193898276417,1.0,1.0,1.0,1.0,1.0
OraclePerfect_B05,JILONG_EI_0139,920,932.9934692382812,0.5449461266125214,1.0,1.0,1.0,1.0,1.0
OraclePerfect_B05,JILONG_EI_0139,930,937.9893798828125,0.5436313148460279,1.0,1.0,1.0,1.0,1.0
OraclePerfect_B05,JILONG_EI_0139,940,943.8031616210938,0.5406400601827578,1.0,1.0,1.0,1.0,1.0
OraclePerfect_B05,JILONG_EI_0139,950,951.2716674804688,0.5377004448860994,1.0,1.0,1.0,1.0,1.0
OraclePerfect_B05,JILONG_EI_0139,960,956.8078002929688,0.5353473484514822,1.0,1.0,1.0,1.0,1.0
OraclePerfect_B05,JILONG_EI_0139,970,961.5211181640625,0.53183781291094,1.0,1.0,1.0,1.0,1.0
OraclePerfect_B05,JILONG_EI_0139,980,965.0263671875,0.528433882162919,1.0,1.0,1.0,1.0,1.0
OraclePerfect_B05,JILONG_EI_0139,990,969.7886962890625,0.525517671404288,1.0,1.0,1.0,1.0,1.0
OraclePerfect_B05,JILONG_EI_0139,1000,975.2903442382812,0.5239431868585155,1.0,1.0,1.0,1.0,1.0
OraclePerfect_B05,JILONG_EI_0139,1010,979.1085205078125,0.5202746624081002,1.0,1.0,1.0,1.0,1.0
OraclePerfect_B05,JILONG_EI_0139,1020,982.7732543945312,0.5181517393741963,1.0,1.0,1.0,1.0,1.0
OraclePerfect_B05,JILONG_EI_0139,1030,986.9847412109375,0.5158882862317963,1.0,1.0,1.0,1.0,1.0
OraclePerfect_B05,JILONG_EI_0139,1040,991.0518188476562,0.5129147082517154,1.0,1.0,1.0,1.0,1.0
OraclePerfect_B05,JILONG_EI_0139,1050,995.0794677734375,0.509210889853316,1.0,1.0,1.0,1.0,1.0
OraclePerfect_B05,JILONG_EI_0139,1060,998.6937866210938,0.5060723925979191,1.0,1.0,1.0,1.0,1.0
OraclePerfect_B05,JILONG_EI_0139,1070,999.9353637695312,0.503911487592453,1.0,1.0,1.0,1.0,1.0
OraclePerfect_B05,JILONG_EI_0139,1080,1003.52197265625,0.5013739609872951,1.0,1.0,1.0,1.0,1.0
OraclePerfect_B05,JILONG_EI_0139,1090,1007.7969970703125,0.5006872205603701,1.0,1.0,1.0,1.0,1.0
OraclePerfect_B05,JILONG_EI_0139,1100,1012.6356201171875,0.4993715675136378,1.0,1.0,1.0,1.0,1.0
OraclePerfect_B05,JILONG_EI_0139,1110,1016.4483642578125,0.49602631872731867,1.0,1.0,1.0,1.0,1.0
OraclePerfect_B05,JILONG_EI_0139,1120,1023.4910278320312,0.4963514359828156,1.0,1.0,1.0,1.0,1.0
OraclePerfect_B05,JILONG_EI_0139,1130,1027.459228515625,0.4939591473385909,1.0,1.0,1.0,1.0,1.0
OraclePerfect_B05,JILONG_EI_0139,1140,1032.343017578125,0.49293653525424913,1.0,1.0,1.0,1.0,1.0
OraclePerfect_B05,JILONG_EI_0139,1150,1032.71728515625,0.4899760876998824,1.0,1.0,1.0,1.0,1.0
OraclePerfect_B05,JILONG_EI_0139,1160,1034.574462890625,0.4870398481449112,1.0,1.0,1.0,1.0,1.0
OraclePerfect_B05,JILONG_EI_0139,1170,1032.97412109375,0.4825294404033907,1.0,1.0,1.0,1.0,1.0
OraclePerfect_B05,JILONG_EI_0139,1180,1034.893798828125,0.4806208358382327,1.0,1.0,1.0,1.0,1.0
OraclePerfect_B05,JILONG_EI_0139,1190,1038.5009765625,0.4803089790139721,1.0,1.0,1.0,1.0,1.0
OraclePerfect_B05,JILONG_EI_0139,1200,1040.67529296875,0.47792052132399776,1.0,1.0,1.0,1.0,1.0
OraclePerfect_B05,JILONG_EI_0139,1210,1042.76416015625,0.4758177353788423,1.0,1.0,1.0,1.0,1.0
OraclePerfect_B05,JILONG_EI_0139,1220,1045.318359375,0.47450676759316696,1.0,1.0,1.0,1.0,1.0
OraclePerfect_B05,JILONG_EI_0139,1230,1046.5040283203125,0.47125931207436106,1.0,1.0,1.0,1.0,1.0
OraclePerfect_B05,JILONG_EI_0139,1240,1041.961669921875,0.4631835458202077,1.0,1.0,1.0,1.0,1.0
OraclePerfect_B05,JILONG_EI_0139,1250,1042.3134765625,0.4611522623789584,1.0,1.0,1.0,1.0,1.0
OraclePerfect_B05,JILONG_EI_0139,1260,1043.444580078125,0.45884773700083253,1.0,1.0,1.0,1.0,1.0
OraclePerfect_B05,JILONG_EI_0139,1270,1042.315673828125,0.4540675504875046,1.0,1.0,1.0,1.0,1.0
OraclePerfect_B05,JILONG_EI_0139,1280,1042.6328125,0.4496259335318415,1.0,1.0,1.0,1.0,1.0
OraclePerfect_B05,JILONG_EI_0139,1290,1043.629638671875,0.4466427039552501,1.0,1.0,1.0,1.0,1.0
OraclePerfect_B05,JILONG_EI_0139,1300,1044.1236572265625,0.4419940451166958,1.0,1.0,1.0,1.0,1.0
OraclePerfect_B05,JILONG_EI_0139,1310,1044.5167236328125,0.43945736628285237,1.0,1.0,1.0,1.0,1.0
OraclePerfect_B05,JILONG_EI_0139,1320,1048.2032470703125,0.4377317454114364,1.0,1.0,1.0,1.0,1.0
OraclePerfect_B05,JILONG_EI_0139,1330,1048.633544921875,0.43429763681312666,1.0,1.0,1.0,1.0,1.0
OraclePerfect_B05,JILONG_EI_0139,1340,1051.9810791015625,0.43166981285845935,1.0,1.0,1.0,1.0,1.0
OraclePerfect_B05,JILONG_EI_0139,1350,1054.276611328125,0.4288014633408288,1.0,1.0,1.0,1.0,1.0
OraclePerfect_B05,JILONG_EI_0139,1360,1058.5064697265625,0.42671999474985883,1.0,1.0,1.0,1.0,1.0
OraclePerfect_B05,JILONG_EI_0139,1370,1061.9132080078125,0.42339330198179165,1.0,1.0,1.0,1.0,1.0
OraclePerfect_B05,JILONG_EI_0139,1380,1064.486328125,0.420590720374227,1.0,1.0,1.0,1.0,1.0
OraclePerfect_B05,JILONG_EI_0139,1390,1067.832763671875,0.41756659326120965,1.0,1.0,1.0,1.0,1.0
OraclePerfect_B05,JILONG_EI_0139,1400,1069.801513671875,0.41434637445786476,1.0,1.0,1.0,1.0,1.0
OraclePerfect_B05,JILONG_EI_0139,1410,1074.9580078125,0.41235060631231363,1.0,1.0,1.0,1.0,1.0
OraclePerfect_B05,JILONG_EI_0139,1420,1078.3707275390625,0.40848007778039513,1.0,1.0,1.0,1.0,1.0
OraclePerfect_B05,JILONG_EI_0139,1430,1081.03759765625,0.40389605539778517,1.0,1.0,1.0,1.0,1.0
OraclePerfect_B05,JILONG_EI_0139,1440,1086.09814453125,0.4018859846038983,1.0,1.0,1.0,1.0,1.0
OraclePerfect_B05,JILONG_EI_0149,10,19.4194393157959,0.9898398675621607,1.0,1.0,1.0,1.0,1.0
OraclePerfect_B05,JILONG_EI_0149,20,35.935794830322266,0.9947566497106479,1.0,1.0,1.0,1.0,1.0
OraclePerfect_B05,JILONG_EI_0149,30,65.31837463378906,0.99633227609402,1.0,1.0,1.0,1.0,1.0
OraclePerfect_B05,JILONG_EI_0149,40,154.6478271484375,0.9928744196342622,1.0,1.0,1.0,1.0,1.0
OraclePerfect_B05,JILONG_EI_0149,50,213.963134765625,0.9146506282007276,1.0,1.0,1.0,1.0,1.0
OraclePerfect_B05,JILONG_EI_0149,60,258.318359375,0.8879332337870105,1.0,1.0,1.0,1.0,1.0
OraclePerfect_B05,JILONG_EI_0149,70,321.154052734375,0.8607819305315103,1.0,1.0,1.0,1.0,1.0
OraclePerfect_B05,JILONG_EI_0149,80,395.6081237792969,0.7908992267839551,1.0,1.0,1.0,1.0,1.0
OraclePerfect_B05,JILONG_EI_0149,90,464.28826904296875,0.6771316317525122,1.0,1.0,1.0,1.0,1.0
OraclePerfect_B05,JILONG_EI_0149,100,493.07421875,0.6688709613550824,1.0,1.0,1.0,1.0,1.0
OraclePerfect_B05,JILONG_EI_0149,110,529.517333984375,0.6666082811559302,1.0,1.0,1.0,1.0,1.0
OraclePerfect_B05,JILONG_EI_0149,120,567.2970581054688,0.6833370639568691,1.0,1.0,1.0,1.0,1.0
OraclePerfect_B05,JILONG_EI_0149,130,550.0714721679688,0.6913167020336197,1.0,1.0,1.0,1.0,1.0
OraclePerfect_B05,JILONG_EI_0149,140,561.4041748046875,0.7030076521629562,1.0,1.0,1.0,1.0,1.0
OraclePerfect_B05,JILONG_EI_0149,150,571.1807250976562,0.6953706997897581,1.0,1.0,1.0,1.0,1.0
OraclePerfect_B05,JILONG_EI_0149,160,601.43798828125,0.700719935235137,1.0,1.0,1.0,1.0,1.0
OraclePerfect_B05,JILONG_EI_0149,170,654.5126953125,0.7051943031950075,1.0,1.0,1.0,1.0,1.0
OraclePerfect_B05,JILONG_EI_0149,180,696.3712768554688,0.7071974528711482,1.0,1.0,1.0,1.0,1.0
OraclePerfect_B05,JILONG_EI_0149,190,709.5065307617188,0.7171919823584815,1.0,1.0,1.0,1.0,1.0
OraclePerfect_B05,JILONG_EI_0149,200,736.801513671875,0.7489964850592362,1.0,1.0,1.0,1.0,1.0
OraclePerfect_B05,JILONG_EI_0149,210,749.8861694335938,0.7718285852127569,1.0,1.0,1.0,1.0,1.0
OraclePerfect_B05,JILONG_EI_0149,220,749.263916015625,0.7926932956005496,1.0,1.0,1.0,1.0,1.0
OraclePerfect_B05,JILONG_EI_0149,230,785.2479248046875,0.8134712721551554,1.0,1.0,1.0,1.0,1.0
OraclePerfect_B05,JILONG_EI_0149,240,823.2584228515625,0.827014644425244,1.0,1.0,1.0,1.0,1.0
OraclePerfect_B05,JILONG_EI_0149,250,856.7883911132812,0.7912920953622872,1.0,1.0,1.0,1.0,1.0
OraclePerfect_B05,JILONG_EI_0149,260,889.630615234375,0.7650446582021805,1.0,1.0,1.0,1.0,1.0
OraclePerfect_B05,JILONG_EI_0149,270,913.1190795898438,0.7327329632055389,1.0,1.0,1.0,1.0,1.0
OraclePerfect_B05,JILONG_EI_0149,280,921.20166015625,0.7383467025244915,1.0,1.0,1.0,1.0,1.0
OraclePerfect_B05,JILONG_EI_0149,290,927.7054443359375,0.7429948379514866,1.0,1.0,1.0,1.0,1.0
OraclePerfect_B05,JILONG_EI_0149,300,935.39892578125,0.7346229761408343,1.0,1.0,1.0,1.0,1.0
OraclePerfect_B05,JILONG_EI_0149,310,943.617431640625,0.7175930703900345,1.0,1.0,1.0,1.0,1.0
OraclePerfect_B05,JILONG_EI_0149,320,951.1866455078125,0.6908006837769235,1.0,1.0,1.0,1.0,1.0
OraclePerfect_B05,JILONG_EI_0149,330,946.4253540039062,0.6612733847385988,1.0,1.0,1.0,1.0,1.0
OraclePerfect_B05,JILONG_EI_0149,340,947.143798828125,0.674072018896629,1.0,1.0,1.0,1.0,1.0
OraclePerfect_B05,JILONG_EI_0149,350,946.2999267578125,0.6922629165358264,1.0,1.0,1.0,1.0,1.0
OraclePerfect_B05,JILONG_EI_0149,360,947.3680419921875,0.702987941052468,1.0,1.0,1.0,1.0,1.0
OraclePerfect_B05,JILONG_EI_0149,370,945.2882690429688,0.6956908281438803,1.0,1.0,1.0,1.0,1.0
OraclePerfect_B05,JILONG_EI_0149,380,951.0369262695312,0.6767563829729797,1.0,1.0,1.0,1.0,1.0
OraclePerfect_B05,JILONG_EI_0149,390,954.75244140625,0.651874486781315,1.0,1.0,1.0,1.0,1.0
OraclePerfect_B05,JILONG_EI_0149,400,954.8316650390625,0.6273068733858221,1.0,1.0,1.0,1.0,1.0
OraclePerfect_B05,JILONG_EI_0149,410,957.9588012695312,0.6003201718890575,1.0,1.0,1.0,1.0,1.0
OraclePerfect_B05,JILONG_EI_0149,420,960.2407836914062,0.5774212979324655,1.0,1.0,1.0,1.0,1.0
OraclePerfect_B05,JILONG_EI_0149,430,958.3513793945312,0.5668939558758583,1.0,1.0,1.0,1.0,1.0
OraclePerfect_B05,JILONG_EI_0149,440,952.6077880859375,0.5622734750973089,1.0,1.0,1.0,1.0,1.0
OraclePerfect_B05,JILONG_EI_0149,450,950.84765625,0.5616881055558294,1.0,1.0,1.0,1.0,1.0
OraclePerfect_B05,JILONG_EI_0149,460,946.7376708984375,0.5610410249626003,1.0,1.0,1.0,1.0,1.0
OraclePerfect_B05,JILONG_EI_0149,470,938.81103515625,0.5620602325196976,1.0,1.0,1.0,1.0,1.0
OraclePerfect_B05,JILONG_EI_0149,480,932.5509033203125,0.5636973129621784,1.0,1.0,1.0,1.0,1.0
OraclePerfect_B05,JILONG_EI_0149,490,927.509521484375,0.5642273445246114,1.0,1.0,1.0,1.0,1.0
OraclePerfect_B05,JILONG_EI_0149,500,924.7152709960938,0.564372692070933,1.0,1.0,1.0,1.0,1.0
OraclePerfect_B05,JILONG_EI_0149,510,924.40478515625,0.5655313266929174,1.0,1.0,1.0,1.0,1.0
OraclePerfect_B05,JILONG_EI_0149,520,920.7794799804688,0.5649601323409376,1.0,1.0,1.0,1.0,1.0
OraclePerfect_B05,JILONG_EI_0149,530,919.6231689453125,0.5626767383584256,1.0,1.0,1.0,1.0,1.0
OraclePerfect_B05,JILONG_EI_0149,540,918.3670043945312,0.5617624648333354,1.0,1.0,1.0,1.0,1.0
OraclePerfect_B05,JILONG_EI_0149,550,919.9664916992188,0.5619931155023058,1.0,1.0,1.0,1.0,1.0
OraclePerfect_B05,JILONG_EI_0149,560,922.5343627929688,0.559944378867565,1.0,1.0,1.0,1.0,1.0
OraclePerfect_B05,JILONG_EI_0149,570,920.6778564453125,0.554665923189851,1.0,1.0,1.0,1.0,1.0
OraclePerfect_B05,JILONG_EI_0149,580,919.421875,0.551429275693113,1.0,1.0,1.0,1.0,1.0
OraclePerfect_B05,JILONG_EI_0149,590,918.711181640625,0.547292558117236,1.0,1.0,1.0,1.0,1.0
OraclePerfect_B05,JILONG_EI_0149,600,920.7254028320312,0.5439661080192498,1.0,1.0,1.0,1.0,1.0
OraclePerfect_B05,JILONG_EI_0149,610,917.189453125,0.5394925488581851,1.0,1.0,1.0,1.0,1.0
OraclePerfect_B05,JILONG_EI_0149,620,914.6434326171875,0.5463765010453508,1.0,1.0,1.0,1.0,1.0
OraclePerfect_B05,JILONG_EI_0149,630,915.8012084960938,0.5503164845414271,1.0,1.0,1.0,1.0,1.0
OraclePerfect_B05,JILONG_EI_0149,640,918.0748291015625,0.5520671485715147,1.0,1.0,1.0,1.0,1.0
OraclePerfect_B05,JILONG_EI_0149,650,922.376708984375,0.5538542185113303,1.0,1.0,1.0,1.0,1.0
OraclePerfect_B05,JILONG_EI_0149,660,926.1651611328125,0.5572566021119966,1.0,1.0,1.0,1.0,1.0
OraclePerfect_B05,JILONG_EI_0149,670,928.9243774414062,0.5590606496087127,1.0,1.0,1.0,1.0,1.0
OraclePerfect_B05,JILONG_EI_0149,680,933.7526245117188,0.561408690873319,1.0,1.0,1.0,1.0,1.0
OraclePerfect_B05,JILONG_EI_0149,690,935.1578369140625,0.5649277010640761,1.0,1.0,1.0,1.0,1.0
OraclePerfect_B05,JILONG_EI_0149,700,936.664306640625,0.5680749222922212,1.0,1.0,1.0,1.0,1.0
OraclePerfect_B05,JILONG_EI_0149,710,939.7132568359375,0.5681055301028407,1.0,1.0,1.0,1.0,1.0
OraclePerfect_B05,JILONG_EI_0149,720,945.2818603515625,0.568730627369456,1.0,1.0,1.0,1.0,1.0
OraclePerfect_B05,JILONG_EI_0149,730,952.202880859375,0.569049404707001,1.0,1.0,1.0,1.0,1.0
OraclePerfect_B05,JILONG_EI_0149,740,957.92138671875,0.5677037802812823,1.0,1.0,1.0,1.0,1.0
OraclePerfect_B05,JILONG_EI_0149,750,965.2200927734375,0.5671945765123053,1.0,1.0,1.0,1.0,1.0
OraclePerfect_B05,JILONG_EI_0149,760,972.569580078125,0.5657415512052393,1.0,1.0,1.0,1.0,1.0
OraclePerfect_B05,JILONG_EI_0149,770,979.2174072265625,0.5657267284520623,1.0,1.0,1.0,1.0,1.0
OraclePerfect_B05,JILONG_EI_0149,780,984.3370971679688,0.5638263565631643,1.0,1.0,1.0,1.0,1.0
OraclePerfect_B05,JILONG_EI_0149,790,991.1031494140625,0.564443597890072,1.0,1.0,1.0,1.0,1.0
OraclePerfect_B05,JILONG_EI_0149,800,995.9031982421875,0.5630580580978877,1.0,1.0,1.0,1.0,1.0
OraclePerfect_B05,JILONG_EI_0149,810,1001.3091430664062,0.5625916924532111,1.0,1.0,1.0,1.0,1.0
OraclePerfect_B05,JILONG_EI_0149,820,1008.2650146484375,0.5621921828705172,1.0,1.0,1.0,1.0,1.0
OraclePerfect_B05,JILONG_EI_0149,830,1014.7380981445312,0.5632759296930681,1.0,1.0,1.0,1.0,1.0
OraclePerfect_B05,JILONG_EI_0149,840,1020.36083984375,0.5615139343892442,1.0,1.0,1.0,1.0,1.0
OraclePerfect_B05,JILONG_EI_0149,850,1024.32080078125,0.5622313468087876,1.0,1.0,1.0,1.0,1.0
OraclePerfect_B05,JILONG_EI_0149,860,1027.968017578125,0.561409426733574,1.0,1.0,1.0,1.0,1.0
OraclePerfect_B05,JILONG_EI_0149,870,1034.5457763671875,0.5610838289488456,1.0,1.0,1.0,1.0,1.0
OraclePerfect_B05,JILONG_EI_0149,880,1040.28857421875,0.5606266668152883,1.0,1.0,1.0,1.0,1.0
OraclePerfect_B05,JILONG_EI_0149,890,1043.941650390625,0.5580752843770828,1.0,1.0,1.0,1.0,1.0
OraclePerfect_B05,JILONG_EI_0149,900,1048.8961181640625,0.5571140658344622,1.0,1.0,1.0,1.0,1.0
OraclePerfect_B05,JILONG_EI_0149,910,1053.63134765625,0.5551439235638342,1.0,1.0,1.0,1.0,1.0
OraclePerfect_B05,JILONG_EI_0149,920,1059.18310546875,0.5542162755136004,1.0,1.0,1.0,1.0,1.0
OraclePerfect_B05,JILONG_EI_0149,930,1063.5234375,0.5525496577455468,1.0,1.0,1.0,1.0,1.0
OraclePerfect_B05,JILONG_EI_0149,940,1067.1650390625,0.5508827097984587,1.0,1.0,1.0,1.0,1.0
OraclePerfect_B05,JILONG_EI_0149,950,1073.921630859375,0.5488344958182889,1.0,1.0,1.0,1.0,1.0
OraclePerfect_B05,JILONG_EI_0149,960,1082.2413330078125,0.5453759252101034,1.0,1.0,1.0,1.0,1.0
OraclePerfect_B05,JILONG_EI_0149,970,1085.477783203125,0.5422898163739605,1.0,1.0,1.0,1.0,1.0
OraclePerfect_B05,JILONG_EI_0149,980,1086.373046875,0.5380913623094936,1.0,1.0,1.0,1.0,1.0
OraclePerfect_B05,JILONG_EI_0149,990,1093.126708984375,0.5353165212419635,1.0,1.0,1.0,1.0,1.0
OraclePerfect_B05,JILONG_EI_0149,1000,1098.8994140625,0.5299002386556092,1.0,1.0,1.0,1.0,1.0
OraclePerfect_B05,JILONG_EI_0149,1010,1102.4693603515625,0.5258579248917169,1.0,1.0,1.0,1.0,1.0
OraclePerfect_B05,JILONG_EI_0149,1020,1106.415283203125,0.5220774709347207,1.0,1.0,1.0,1.0,1.0
OraclePerfect_B05,JILONG_EI_0149,1030,1112.2158203125,0.5189264525473926,1.0,1.0,1.0,1.0,1.0
OraclePerfect_B05,JILONG_EI_0149,1040,1111.81494140625,0.5122843240437791,1.0,1.0,1.0,1.0,1.0
OraclePerfect_B05,JILONG_EI_0149,1050,1115.97021484375,0.5087210337121946,1.0,1.0,1.0,1.0,1.0
OraclePerfect_B05,JILONG_EI_0149,1060,1120.44677734375,0.5057829850743514,1.0,1.0,1.0,1.0,1.0
OraclePerfect_B05,JILONG_EI_0149,1070,1124.05029296875,0.503712135706283,1.0,1.0,1.0,1.0,1.0
OraclePerfect_B05,JILONG_EI_0149,1080,1126.6192626953125,0.50057337185043,1.0,1.0,1.0,1.0,1.0
OraclePerfect_B05,JILONG_EI_0149,1090,1129.1556396484375,0.4960504160300117,1.0,1.0,1.0,1.0,1.0
OraclePerfect_B05,JILONG_EI_0149,1100,1132.96142578125,0.4925497686989216,1.0,1.0,1.0,1.0,1.0
OraclePerfect_B05,JILONG_EI_0149,1110,1137.0467529296875,0.4883563351699319,1.0,1.0,1.0,1.0,1.0
OraclePerfect_B05,JILONG_EI_0149,1120,1141.973388671875,0.48586773283462875,1.0,1.0,1.0,1.0,1.0
OraclePerfect_B05,JILONG_EI_0149,1130,1147.5478515625,0.48413332355882077,1.0,1.0,1.0,1.0,1.0
OraclePerfect_B05,JILONG_EI_0149,1140,1149.01416015625,0.4792248513279131,1.0,1.0,1.0,1.0,1.0
OraclePerfect_B05,JILONG_EI_0149,1150,1150.4095458984375,0.4760470140456438,1.0,1.0,1.0,1.0,1.0
OraclePerfect_B05,JILONG_EI_0149,1160,1148.19873046875,0.4701395597826568,1.0,1.0,1.0,1.0,1.0
OraclePerfect_B05,JILONG_EI_0149,1170,1152.80517578125,0.46940967385179533,1.0,1.0,1.0,1.0,1.0
OraclePerfect_B05,JILONG_EI_0149,1180,1156.221435546875,0.4670195663739323,1.0,1.0,1.0,1.0,1.0
OraclePerfect_B05,JILONG_EI_0149,1190,1162.9696044921875,0.46619749594172166,1.0,1.0,1.0,1.0,1.0
OraclePerfect_B05,JILONG_EI_0149,1200,1164.648681640625,0.4614933300730988,1.0,1.0,1.0,1.0,1.0
OraclePerfect_B05,JILONG_EI_0149,1210,1153.956298828125,0.44952869665896167,1.0,1.0,1.0,1.0,1.0
OraclePerfect_B05,JILONG_EI_0149,1220,1158.072509765625,0.4473379457078905,1.0,1.0,1.0,1.0,1.0
OraclePerfect_B05,JILONG_EI_0149,1230,1162.065673828125,0.4460354347870525,1.0,1.0,1.0,1.0,1.0
OraclePerfect_B05,JILONG_EI_0149,1240,1161.745849609375,0.44034086356970953,1.0,1.0,1.0,1.0,1.0
OraclePerfect_B05,JILONG_EI_0149,1250,1161.8907470703125,0.43561694338825535,1.0,1.0,1.0,1.0,1.0
OraclePerfect_B05,JILONG_EI_0149,1260,1163.1021728515625,0.433725118899175,1.0,1.0,1.0,1.0,1.0
OraclePerfect_B05,JILONG_EI_0149,1270,1166.62353515625,0.43304036601809937,1.0,1.0,1.0,1.0,1.0
OraclePerfect_B05,JILONG_EI_0149,1280,1171.8197021484375,0.4322817868314021,1.0,1.0,1.0,1.0,1.0
OraclePerfect_B05,JILONG_EI_0149,1290,1174.4259033203125,0.4317550663654077,1.0,1.0,1.0,1.0,1.0
OraclePerfect_B05,JILONG_EI_0149,1300,1174.705810546875,0.4288676842061058,1.0,1.0,1.0,1.0,1.0
OraclePerfect_B05,JILONG_EI_0149,1310,1174.498046875,0.4294254264517226,1.0,1.0,1.0,1.0,1.0
OraclePerfect_B05,JILONG_EI_0149,1320,1178.452392578125,0.42892566800884485,1.0,1.0,1.0,1.0,1.0
OraclePerfect_B05,JILONG_EI_0149,1330,1182.73046875,0.42836878067028017,1.0,1.0,1.0,1.0,1.0
OraclePerfect_B05,JILONG_EI_0149,1340,1184.214111328125,0.4292096405379576,1.0,1.0,1.0,1.0,1.0
OraclePerfect_B05,JILONG_EI_0149,1350,1186.6455078125,0.4292914464887916,1.0,1.0,1.0,1.0,1.0
OraclePerfect_B05,JILONG_EI_0149,1360,1189.44775390625,0.42768905216541114,1.0,1.0,1.0,1.0,1.0
OraclePerfect_B05,JILONG_EI_0149,1370,1193.00341796875,0.4259238093761938,1.0,1.0,1.0,1.0,1.0
OraclePerfect_B05,JILONG_EI_0149,1380,1197.441650390625,0.42505506901196377,1.0,1.0,1.0,1.0,1.0
OraclePerfect_B05,JILONG_EI_0149,1390,1199.9835205078125,0.42161468153449844,1.0,1.0,1.0,1.0,1.0
OraclePerfect_B05,JILONG_EI_0149,1400,1204.420166015625,0.4193851399480282,1.0,1.0,1.0,1.0,1.0
OraclePerfect_B05,JILONG_EI_0149,1410,1211.04833984375,0.4180822117613285,1.0,1.0,1.0,1.0,1.0
OraclePerfect_B05,JILONG_EI_0149,1420,1211.6365966796875,0.41597932383730274,1.0,1.0,1.0,1.0,1.0
OraclePerfect_B05,JILONG_EI_0149,1430,1214.0654296875,0.41485191474510974,1.0,1.0,1.0,1.0,1.0
OraclePerfect_B05,JILONG_EI_0149,1440,1216.9609375,0.4129084200724575,1.0,1.0,1.0,1.0,1.0
OraclePerfect_B05,JILONG_EI_0159,10,20.278608322143555,0.9951625986344287,1.0,1.0,1.0,1.0,1.0
OraclePerfect_B05,JILONG_EI_0159,20,43.81856918334961,0.9971322327608717,1.0,1.0,1.0,1.0,1.0
OraclePerfect_B05,JILONG_EI_0159,30,92.59898376464844,0.998263060120224,1.0,1.0,1.0,1.0,1.0
OraclePerfect_B05,JILONG_EI_0159,40,173.76266479492188,0.9985762702453534,1.0,1.0,1.0,1.0,1.0
OraclePerfect_B05,JILONG_EI_0159,50,228.7727508544922,0.9195241850367046,1.0,1.0,1.0,1.0,1.0
OraclePerfect_B05,JILONG_EI_0159,60,254.2545623779297,0.8751145849933103,1.0,1.0,1.0,1.0,1.0
OraclePerfect_B05,JILONG_EI_0159,70,299.9801025390625,0.8689631168485147,1.0,1.0,1.0,1.0,1.0
OraclePerfect_B05,JILONG_EI_0159,80,359.00030517578125,0.7711074745012882,1.0,1.0,1.0,1.0,1.0
OraclePerfect_B05,JILONG_EI_0159,90,423.36578369140625,0.6670229764399582,1.0,1.0,1.0,1.0,1.0
OraclePerfect_B05,JILONG_EI_0159,100,460.32220458984375,0.6905396833643761,1.0,1.0,1.0,1.0,1.0
OraclePerfect_B05,JILONG_EI_0159,110,477.90716552734375,0.6887425527844009,1.0,1.0,1.0,1.0,1.0
OraclePerfect_B05,JILONG_EI_0159,120,498.02215576171875,0.7128303737303285,1.0,1.0,1.0,1.0,1.0
OraclePerfect_B05,JILONG_EI_0159,130,487.73101806640625,0.7193124097076263,1.0,1.0,1.0,1.0,1.0
OraclePerfect_B05,JILONG_EI_0159,140,511.4459533691406,0.7234208331243185,1.0,1.0,1.0,1.0,1.0
OraclePerfect_B05,JILONG_EI_0159,150,526.5966796875,0.7271261473028969,1.0,1.0,1.0,1.0,1.0
OraclePerfect_B05,JILONG_EI_0159,160,562.6553955078125,0.7296986115165052,1.0,1.0,1.0,1.0,1.0
OraclePerfect_B05,JILONG_EI_0159,170,618.4007568359375,0.7323944285734715,1.0,1.0,1.0,1.0,1.0
OraclePerfect_B05,JILONG_EI_0159,180,649.9966430664062,0.7379366919176596,1.0,1.0,1.0,1.0,1.0
OraclePerfect_B05,JILONG_EI_0159,190,659.0628051757812,0.746177903419219,1.0,1.0,1.0,1.0,1.0
OraclePerfect_B05,JILONG_EI_0159,200,678.5496826171875,0.7719038871882864,1.0,1.0,1.0,1.0,1.0
OraclePerfect_B05,JILONG_EI_0159,210,677.802001953125,0.7933976298974245,1.0,1.0,1.0,1.0,1.0
OraclePerfect_B05,JILONG_EI_0159,220,684.421875,0.8119097079081692,1.0,1.0,1.0,1.0,1.0
OraclePerfect_B05,JILONG_EI_0159,230,704.4757080078125,0.8295317883573398,1.0,1.0,1.0,1.0,1.0
OraclePerfect_B05,JILONG_EI_0159,240,748.24169921875,0.8456150654988702,1.0,1.0,1.0,1.0,1.0
OraclePerfect_B05,JILONG_EI_0159,250,786.2975463867188,0.811937590880018,1.0,1.0,1.0,1.0,1.0
OraclePerfect_B05,JILONG_EI_0159,260,814.55126953125,0.768892490824552,1.0,1.0,1.0,1.0,1.0
OraclePerfect_B05,JILONG_EI_0159,270,829.77490234375,0.727942803487917,1.0,1.0,1.0,1.0,1.0
OraclePerfect_B05,JILONG_EI_0159,280,835.10302734375,0.7342132607190187,1.0,1.0,1.0,1.0,1.0
OraclePerfect_B05,JILONG_EI_0159,290,843.6820068359375,0.7383345027331857,1.0,1.0,1.0,1.0,1.0
OraclePerfect_B05,JILONG_EI_0159,300,844.3189697265625,0.7334821211307638,1.0,1.0,1.0,1.0,1.0
OraclePerfect_B05,JILONG_EI_0159,310,846.1890258789062,0.7189523881764015,1.0,1.0,1.0,1.0,1.0
OraclePerfect_B05,JILONG_EI_0159,320,850.830810546875,0.6900075170464214,1.0,1.0,1.0,1.0,1.0
OraclePerfect_B05,JILONG_EI_0159,330,851.44140625,0.6545907021189799,1.0,1.0,1.0,1.0,1.0
OraclePerfect_B05,JILONG_EI_0159,340,850.584228515625,0.6727464153840351,1.0,1.0,1.0,1.0,1.0
OraclePerfect_B05,JILONG_EI_0159,350,850.4586181640625,0.6915063239685005,1.0,1.0,1.0,1.0,1.0
OraclePerfect_B05,JILONG_EI_0159,360,849.9224853515625,0.709170691391779,1.0,1.0,1.0,1.0,1.0
OraclePerfect_B05,JILONG_EI_0159,370,854.10400390625,0.7057367424507582,1.0,1.0,1.0,1.0,1.0
OraclePerfect_B05,JILONG_EI_0159,380,857.0997314453125,0.6835241136705383,1.0,1.0,1.0,1.0,1.0
OraclePerfect_B05,JILONG_EI_0159,390,859.9068603515625,0.6541768231526757,1.0,1.0,1.0,1.0,1.0
OraclePerfect_B05,JILONG_EI_0159,400,866.2186279296875,0.6221972279931425,1.0,1.0,1.0,1.0,1.0
OraclePerfect_B05,JILONG_EI_0159,410,865.7567138671875,0.5959566034361657,1.0,1.0,1.0,1.0,1.0
OraclePerfect_B05,JILONG_EI_0159,420,865.4234619140625,0.5799157661112709,1.0,1.0,1.0,1.0,1.0
OraclePerfect_B05,JILONG_EI_0159,430,864.6964111328125,0.5846097060002636,1.0,1.0,1.0,1.0,1.0
OraclePerfect_B05,JILONG_EI_0159,440,860.0149536132812,0.5823537143002563,1.0,1.0,1.0,1.0,1.0
OraclePerfect_B05,JILONG_EI_0159,450,856.0177001953125,0.5755882304451873,1.0,1.0,1.0,1.0,1.0
OraclePerfect_B05,JILONG_EI_0159,460,855.8226928710938,0.566221830613613,1.0,1.0,1.0,1.0,1.0
OraclePerfect_B05,JILONG_EI_0159,470,849.7588500976562,0.5578453406796237,1.0,1.0,1.0,1.0,1.0
OraclePerfect_B05,JILONG_EI_0159,480,840.5389404296875,0.5609687607936461,1.0,1.0,1.0,1.0,1.0
OraclePerfect_B05,JILONG_EI_0159,490,831.1873779296875,0.5654707864715716,1.0,1.0,1.0,1.0,1.0
OraclePerfect_B05,JILONG_EI_0159,500,829.5222778320312,0.5677191887060214,1.0,1.0,1.0,1.0,1.0
OraclePerfect_B05,JILONG_EI_0159,510,826.73828125,0.5700017849559269,1.0,1.0,1.0,1.0,1.0
OraclePerfect_B05,JILONG_EI_0159,520,825.3804931640625,0.5722385830742361,1.0,1.0,1.0,1.0,1.0
OraclePerfect_B05,JILONG_EI_0159,530,825.3818359375,0.5755754529811212,1.0,1.0,1.0,1.0,1.0
OraclePerfect_B05,JILONG_EI_0159,540,826.5874633789062,0.577772406189458,1.0,1.0,1.0,1.0,1.0
OraclePerfect_B05,JILONG_EI_0159,550,826.3712158203125,0.5786201723174745,1.0,1.0,1.0,1.0,1.0
OraclePerfect_B05,JILONG_EI_0159,560,822.87939453125,0.5767473821798142,1.0,1.0,1.0,1.0,1.0
OraclePerfect_B05,JILONG_EI_0159,570,821.365966796875,0.5748607992140266,1.0,1.0,1.0,1.0,1.0
OraclePerfect_B05,JILONG_EI_0159,580,821.3340454101562,0.5712940623317657,1.0,1.0,1.0,1.0,1.0
OraclePerfect_B05,JILONG_EI_0159,590,821.7481689453125,0.5660293237930815,1.0,1.0,1.0,1.0,1.0
OraclePerfect_B05,JILONG_EI_0159,600,819.8123779296875,0.5603231724829635,1.0,1.0,1.0,1.0,1.0
OraclePerfect_B05,JILONG_EI_0159,610,821.4786376953125,0.5546559174660658,1.0,1.0,1.0,1.0,1.0
OraclePerfect_B05,JILONG_EI_0159,620,821.965087890625,0.5501895520561363,1.0,1.0,1.0,1.0,1.0
OraclePerfect_B05,JILONG_EI_0159,630,819.7725219726562,0.5461571313770262,1.0,1.0,1.0,1.0,1.0
OraclePerfect_B05,JILONG_EI_0159,640,819.84033203125,0.5443438053854227,1.0,1.0,1.0,1.0,1.0
OraclePerfect_B05,JILONG_EI_0159,650,818.6691284179688,0.5445424779482979,1.0,1.0,1.0,1.0,1.0
OraclePerfect_B05,JILONG_EI_0159,660,816.9638671875,0.5426764769601702,1.0,1.0,1.0,1.0,1.0
OraclePerfect_B05,JILONG_EI_0159,670,815.4998779296875,0.5421511083809417,1.0,1.0,1.0,1.0,1.0
OraclePerfect_B05,JILONG_EI_0159,680,816.4940795898438,0.5410076278665847,1.0,1.0,1.0,1.0,1.0
OraclePerfect_B05,JILONG_EI_0159,690,817.3494873046875,0.5404105258022261,1.0,1.0,1.0,1.0,1.0
OraclePerfect_B05,JILONG_EI_0159,700,819.417236328125,0.5395700785918361,1.0,1.0,1.0,1.0,1.0
OraclePerfect_B05,JILONG_EI_0159,710,820.67138671875,0.5375593449727609,1.0,1.0,1.0,1.0,1.0
OraclePerfect_B05,JILONG_EI_0159,720,823.6622314453125,0.5371151777701756,1.0,1.0,1.0,1.0,1.0
OraclePerfect_B05,JILONG_EI_0159,730,825.6875,0.5388638742169336,1.0,1.0,1.0,1.0,1.0
OraclePerfect_B05,JILONG_EI_0159,740,827.817626953125,0.5407211076156749,1.0,1.0,1.0,1.0,1.0
OraclePerfect_B05,JILONG_EI_0159,750,829.1499633789062,0.5403093823207756,1.0,1.0,1.0,1.0,1.0
OraclePerfect_B05,JILONG_EI_0159,760,832.6609497070312,0.5404725941662613,1.0,1.0,1.0,1.0,1.0
OraclePerfect_B05,JILONG_EI_0159,770,836.570556640625,0.5405145110900673,1.0,1.0,1.0,1.0,1.0
OraclePerfect_B05,JILONG_EI_0159,780,840.0859375,0.5407504093068967,1.0,1.0,1.0,1.0,1.0
OraclePerfect_B05,JILONG_EI_0159,790,844.2163696289062,0.5411618165385634,1.0,1.0,1.0,1.0,1.0
OraclePerfect_B05,JILONG_EI_0159,800,848.131591796875,0.5408464868025391,1.0,1.0,1.0,1.0,1.0
OraclePerfect_B05,JILONG_EI_0159,810,852.6029663085938,0.5399169671781548,1.0,1.0,1.0,1.0,1.0
OraclePerfect_B05,JILONG_EI_0159,820,854.7120361328125,0.539208965330874,1.0,1.0,1.0,1.0,1.0
OraclePerfect_B05,JILONG_EI_0159,830,857.3948974609375,0.5397327616701573,1.0,1.0,1.0,1.0,1.0
OraclePerfect_B05,JILONG_EI_0159,840,859.8455810546875,0.5412412100436748,1.0,1.0,1.0,1.0,1.0
OraclePerfect_B05,JILONG_EI_0159,850,861.6879272460938,0.542180160681204,1.0,1.0,1.0,1.0,1.0
OraclePerfect_B05,JILONG_EI_0159,860,865.4794921875,0.5419766541519452,1.0,1.0,1.0,1.0,1.0
OraclePerfect_B05,JILONG_EI_0159,870,868.2705688476562,0.5423825036505712,1.0,1.0,1.0,1.0,1.0
OraclePerfect_B05,JILONG_EI_0159,880,870.7493896484375,0.5412077288009706,1.0,1.0,1.0,1.0,1.0
OraclePerfect_B05,JILONG_EI_0159,890,874.5379028320312,0.5401906407122732,1.0,1.0,1.0,1.0,1.0
OraclePerfect_B05,JILONG_EI_0159,900,877.434814453125,0.5391091907077717,1.0,1.0,1.0,1.0,1.0
OraclePerfect_B05,JILONG_EI_0159,910,881.2499389648438,0.5364995697049353,1.0,1.0,1.0,1.0,1.0
OraclePerfect_B05,JILONG_EI_0159,920,885.5950317382812,0.5342174436103662,1.0,1.0,1.0,1.0,1.0
OraclePerfect_B05,JILONG_EI_0159,930,887.994140625,0.5315307942593038,1.0,1.0,1.0,1.0,1.0
OraclePerfect_B05,JILONG_EI_0159,940,892.448486328125,0.5290048213936265,1.0,1.0,1.0,1.0,1.0
OraclePerfect_B05,JILONG_EI_0159,950,896.3302001953125,0.5258907405827273,1.0,1.0,1.0,1.0,1.0
OraclePerfect_B05,JILONG_EI_0159,960,900.5662841796875,0.5224328803402936,1.0,1.0,1.0,1.0,1.0
OraclePerfect_B05,JILONG_EI_0159,970,904.4910888671875,0.5194006779267887,1.0,1.0,1.0,1.0,1.0
OraclePerfect_B05,JILONG_EI_0159,980,908.6054077148438,0.5176972520193049,1.0,1.0,1.0,1.0,1.0
OraclePerfect_B05,JILONG_EI_0159,990,912.9036865234375,0.516150274887398,1.0,1.0,1.0,1.0,1.0
OraclePerfect_B05,JILONG_EI_0159,1000,915.5862426757812,0.5128050358712496,1.0,1.0,1.0,1.0,1.0
OraclePerfect_B05,JILONG_EI_0159,1010,917.4397583007812,0.5092285569809858,1.0,1.0,1.0,1.0,1.0
OraclePerfect_B05,JILONG_EI_0159,1020,922.4044799804688,0.5068272406781719,1.0,1.0,1.0,1.0,1.0
OraclePerfect_B05,JILONG_EI_0159,1030,925.4527587890625,0.5048391143203903,1.0,1.0,1.0,1.0,1.0
OraclePerfect_B05,JILONG_EI_0159,1040,928.0645751953125,0.5010906930994027,1.0,1.0,1.0,1.0,1.0
OraclePerfect_B05,JILONG_EI_0159,1050,930.9637451171875,0.49863563842996894,1.0,1.0,1.0,1.0,1.0
OraclePerfect_B05,JILONG_EI_0159,1060,934.0526733398438,0.4978011970610448,1.0,1.0,1.0,1.0,1.0
OraclePerfect_B05,JILONG_EI_0159,1070,938.0013427734375,0.4966597822677666,1.0,1.0,1.0,1.0,1.0
OraclePerfect_B05,JILONG_EI_0159,1080,940.4772338867188,0.49468697375260395,1.0,1.0,1.0,1.0,1.0
OraclePerfect_B05,JILONG_EI_0159,1090,942.7489624023438,0.4934144509472009,1.0,1.0,1.0,1.0,1.0
OraclePerfect_B05,JILONG_EI_0159,1100,945.9154052734375,0.49143008336018407,1.0,1.0,1.0,1.0,1.0
OraclePerfect_B05,JILONG_EI_0159,1110,948.4463500976562,0.4890544987161912,1.0,1.0,1.0,1.0,1.0
OraclePerfect_B05,JILONG_EI_0159,1120,952.4501342773438,0.4875541103689422,1.0,1.0,1.0,1.0,1.0
OraclePerfect_B05,JILONG_EI_0159,1130,957.2673950195312,0.48566112571420433,1.0,1.0,1.0,1.0,1.0
OraclePerfect_B05,JILONG_EI_0159,1140,961.4591064453125,0.48408816937158156,1.0,1.0,1.0,1.0,1.0
OraclePerfect_B05,JILONG_EI_0159,1150,964.522705078125,0.48221289357627994,1.0,1.0,1.0,1.0,1.0
OraclePerfect_B05,JILONG_EI_0159,1160,967.8477783203125,0.4812168575180895,1.0,1.0,1.0,1.0,1.0
OraclePerfect_B05,JILONG_EI_0159,1170,972.2501831054688,0.48085291498300003,1.0,1.0,1.0,1.0,1.0
OraclePerfect_B05,JILONG_EI_0159,1180,974.6529541015625,0.479155879950222,1.0,1.0,1.0,1.0,1.0
OraclePerfect_B05,JILONG_EI_0159,1190,978.80322265625,0.47952068835573275,1.0,1.0,1.0,1.0,1.0
OraclePerfect_B05,JILONG_EI_0159,1200,982.0604248046875,0.47957180315649495,1.0,1.0,1.0,1.0,1.0
OraclePerfect_B05,JILONG_EI_0159,1210,984.6947631835938,0.47945969335192423,1.0,1.0,1.0,1.0,1.0
OraclePerfect_B05,JILONG_EI_0159,1220,987.9488525390625,0.479285795288854,1.0,1.0,1.0,1.0,1.0
OraclePerfect_B05,JILONG_EI_0159,1230,990.7066650390625,0.47913964010780763,1.0,1.0,1.0,1.0,1.0
OraclePerfect_B05,JILONG_EI_0159,1240,993.5445556640625,0.4782705481472085,1.0,1.0,1.0,1.0,1.0
OraclePerfect_B05,JILONG_EI_0159,1250,994.3823852539062,0.47690072146277535,1.0,1.0,1.0,1.0,1.0
OraclePerfect_B05,JILONG_EI_0159,1260,995.8885498046875,0.4757221425980084,1.0,1.0,1.0,1.0,1.0
OraclePerfect_B05,JILONG_EI_0159,1270,996.3787231445312,0.47567256825142334,1.0,1.0,1.0,1.0,1.0
OraclePerfect_B05,JILONG_EI_0159,1280,997.7896728515625,0.47542754002497994,1.0,1.0,1.0,1.0,1.0
OraclePerfect_B05,JILONG_EI_0159,1290,998.5037841796875,0.4728707243138668,1.0,1.0,1.0,1.0,1.0
OraclePerfect_B05,JILONG_EI_0159,1300,1001.286376953125,0.47232949382686956,1.0,1.0,1.0,1.0,1.0
OraclePerfect_B05,JILONG_EI_0159,1310,1000.8250732421875,0.4691648413181395,1.0,1.0,1.0,1.0,1.0
OraclePerfect_B05,JILONG_EI_0159,1320,1004.12841796875,0.4685662304700486,1.0,1.0,1.0,1.0,1.0
OraclePerfect_B05,JILONG_EI_0159,1330,1007.583984375,0.4677233133804564,1.0,1.0,1.0,1.0,1.0
OraclePerfect_B05,JILONG_EI_0159,1340,1009.2140502929688,0.4654432746117145,1.0,1.0,1.0,1.0,1.0
OraclePerfect_B05,JILONG_EI_0159,1350,1010.61474609375,0.4633853734305674,1.0,1.0,1.0,1.0,1.0
OraclePerfect_B05,JILONG_EI_0159,1360,1010.9181518554688,0.4592059710254208,1.0,1.0,1.0,1.0,1.0
OraclePerfect_B05,JILONG_EI_0159,1370,1011.8319091796875,0.4557910162844067,1.0,1.0,1.0,1.0,1.0
OraclePerfect_B05,JILONG_EI_0159,1380,1015.0888671875,0.4539003182657876,1.0,1.0,1.0,1.0,1.0
OraclePerfect_B05,JILONG_EI_0159,1390,1019.2388305664062,0.4517254804810066,1.0,1.0,1.0,1.0,1.0
OraclePerfect_B05,JILONG_EI_0159,1400,1020.2715454101562,0.447153850983297,1.0,1.0,1.0,1.0,1.0
OraclePerfect_B05,JILONG_EI_0159,1410,1021.720703125,0.4428085776166921,1.0,1.0,1.0,1.0,1.0
OraclePerfect_B05,JILONG_EI_0159,1420,1024.264892578125,0.4397506744650998,1.0,1.0,1.0,1.0,1.0
OraclePerfect_B05,JILONG_EI_0159,1430,1025.614501953125,0.4363587733014718,1.0,1.0,1.0,1.0,1.0
OraclePerfect_B05,JILONG_EI_0159,1440,1025.783447265625,0.4310282348091742,1.0,1.0,1.0,1.0,1.0
OraclePerfect_B05,JILONG_EI_0169,10,23.765657424926758,0.9945939224252992,1.0,1.0,1.0,1.0,1.0
OraclePerfect_B05,JILONG_EI_0169,20,48.11436462402344,0.9969612658669663,1.0,1.0,1.0,1.0,1.0
OraclePerfect_B05,JILONG_EI_0169,30,110.11250305175781,0.9980649984483921,1.0,1.0,1.0,1.0,1.0
OraclePerfect_B05,JILONG_EI_0169,40,203.70556640625,0.9952918422171233,1.0,1.0,1.0,1.0,1.0
OraclePerfect_B05,JILONG_EI_0169,50,260.46124267578125,0.9169370319881344,1.0,1.0,1.0,1.0,1.0
OraclePerfect_B05,JILONG_EI_0169,60,296.3161315917969,0.8869821405642588,1.0,1.0,1.0,1.0,1.0
OraclePerfect_B05,JILONG_EI_0169,70,355.5372619628906,0.8612348282654506,1.0,1.0,1.0,1.0,1.0
OraclePerfect_B05,JILONG_EI_0169,80,450.4132080078125,0.7836273940982589,1.0,1.0,1.0,1.0,1.0
OraclePerfect_B05,JILONG_EI_0169,90,501.4228210449219,0.6733699178717115,1.0,1.0,1.0,1.0,1.0
OraclePerfect_B05,JILONG_EI_0169,100,548.3026733398438,0.677725565684076,1.0,1.0,1.0,1.0,1.0
OraclePerfect_B05,JILONG_EI_0169,110,586.2693481445312,0.663347750873172,1.0,1.0,1.0,1.0,1.0
OraclePerfect_B05,JILONG_EI_0169,120,623.1737060546875,0.6810286834816944,1.0,1.0,1.0,1.0,1.0
OraclePerfect_B05,JILONG_EI_0169,130,654.1090087890625,0.6806585125451369,1.0,1.0,1.0,1.0,1.0
OraclePerfect_B05,JILONG_EI_0169,140,690.8629760742188,0.6938561741932786,1.0,1.0,1.0,1.0,1.0
OraclePerfect_B05,JILONG_EI_0169,150,675.8712158203125,0.6984857860245529,1.0,1.0,1.0,1.0,1.0
OraclePerfect_B05,JILONG_EI_0169,160,693.9429931640625,0.6991862757528966,1.0,1.0,1.0,1.0,1.0
OraclePerfect_B05,JILONG_EI_0169,170,736.529541015625,0.6957740379039269,1.0,1.0,1.0,1.0,1.0
OraclePerfect_B05,JILONG_EI_0169,180,773.0084228515625,0.6969950536403025,1.0,1.0,1.0,1.0,1.0
OraclePerfect_B05,JILONG_EI_0169,190,796.3626708984375,0.7007706276837834,1.0,1.0,1.0,1.0,1.0
OraclePerfect_B05,JILONG_EI_0169,200,813.906982421875,0.7326624359732019,1.0,1.0,1.0,1.0,1.0
OraclePerfect_B05,JILONG_EI_0169,210,827.3490600585938,0.7592635565204493,1.0,1.0,1.0,1.0,1.0
OraclePerfect_B05,JILONG_EI_0169,220,839.8618774414062,0.7822123364598357,1.0,1.0,1.0,1.0,1.0
OraclePerfect_B05,JILONG_EI_0169,230,872.8212890625,0.8050134816089102,1.0,1.0,1.0,1.0,1.0
OraclePerfect_B05,JILONG_EI_0169,240,919.993408203125,0.8219265035711669,1.0,1.0,1.0,1.0,1.0
OraclePerfect_B05,JILONG_EI_0169,250,959.93310546875,0.7983849860058524,1.0,1.0,1.0,1.0,1.0
OraclePerfect_B05,JILONG_EI_0169,260,996.7308349609375,0.7622693805525236,1.0,1.0,1.0,1.0,1.0
OraclePerfect_B05,JILONG_EI_0169,270,1020.1522827148438,0.734741663632846,1.0,1.0,1.0,1.0,1.0
OraclePerfect_B05,JILONG_EI_0169,280,1026.5341796875,0.7434150825615771,1.0,1.0,1.0,1.0,1.0
OraclePerfect_B05,JILONG_EI_0169,290,1023.5966186523438,0.7471127551670421,1.0,1.0,1.0,1.0,1.0
OraclePerfect_B05,JILONG_EI_0169,300,1030.212646484375,0.746093642685875,1.0,1.0,1.0,1.0,1.0
OraclePerfect_B05,JILONG_EI_0169,310,1042.328369140625,0.7310243422712538,1.0,1.0,1.0,1.0,1.0
OraclePerfect_B05,JILONG_EI_0169,320,1053.4559326171875,0.7001512317638605,1.0,1.0,1.0,1.0,1.0
OraclePerfect_B05,JILONG_EI_0169,330,1054.073486328125,0.6674489842148762,1.0,1.0,1.0,1.0,1.0
OraclePerfect_B05,JILONG_EI_0169,340,1054.7940673828125,0.6593051570040782,1.0,1.0,1.0,1.0,1.0
OraclePerfect_B05,JILONG_EI_0169,350,1058.45458984375,0.6806315916717847,1.0,1.0,1.0,1.0,1.0
OraclePerfect_B05,JILONG_EI_0169,360,1065.607666015625,0.6955895806252064,1.0,1.0,1.0,1.0,1.0
OraclePerfect_B05,JILONG_EI_0169,370,1065.2078857421875,0.6965128095520786,1.0,1.0,1.0,1.0,1.0
OraclePerfect_B05,JILONG_EI_0169,380,1070.9345703125,0.6816473816968985,1.0,1.0,1.0,1.0,1.0
OraclePerfect_B05,JILONG_EI_0169,390,1074.524169921875,0.6600343857249716,1.0,1.0,1.0,1.0,1.0
OraclePerfect_B05,JILONG_EI_0169,400,1080.066162109375,0.634968271599956,1.0,1.0,1.0,1.0,1.0
OraclePerfect_B05,JILONG_EI_0169,410,1080.6270751953125,0.6110131929621726,1.0,1.0,1.0,1.0,1.0
OraclePerfect_B05,JILONG_EI_0169,420,1076.8282470703125,0.5889874384899556,1.0,1.0,1.0,1.0,1.0
OraclePerfect_B05,JILONG_EI_0169,430,1075.9603271484375,0.5748461777827615,1.0,1.0,1.0,1.0,1.0
OraclePerfect_B05,JILONG_EI_0169,440,1072.9576416015625,0.5696349184288125,1.0,1.0,1.0,1.0,1.0
OraclePerfect_B05,JILONG_EI_0169,450,1063.8594970703125,0.5681126737563272,1.0,1.0,1.0,1.0,1.0
OraclePerfect_B05,JILONG_EI_0169,460,1059.269775390625,0.5693546140221313,1.0,1.0,1.0,1.0,1.0
OraclePerfect_B05,JILONG_EI_0169,470,1051.5399169921875,0.5703754904169607,1.0,1.0,1.0,1.0,1.0
OraclePerfect_B05,JILONG_EI_0169,480,1037.231201171875,0.5698487811039328,1.0,1.0,1.0,1.0,1.0
OraclePerfect_B05,JILONG_EI_0169,490,1027.166748046875,0.5691839589099726,1.0,1.0,1.0,1.0,1.0
OraclePerfect_B05,JILONG_EI_0169,500,1023.0725708007812,0.5708940114550823,1.0,1.0,1.0,1.0,1.0
OraclePerfect_B05,JILONG_EI_0169,510,1020.8843994140625,0.5707780953761041,1.0,1.0,1.0,1.0,1.0
OraclePerfect_B05,JILONG_EI_0169,520,1020.203125,0.5688618463749645,1.0,1.0,1.0,1.0,1.0
OraclePerfect_B05,JILONG_EI_0169,530,1021.810791015625,0.5718227037503437,1.0,1.0,1.0,1.0,1.0
OraclePerfect_B05,JILONG_EI_0169,540,1027.362060546875,0.5752973596442587,1.0,1.0,1.0,1.0,1.0
OraclePerfect_B05,JILONG_EI_0169,550,1025.8779296875,0.5781617405988054,1.0,1.0,1.0,1.0,1.0
OraclePerfect_B05,JILONG_EI_0169,560,1027.6572265625,0.5789515579652618,1.0,1.0,1.0,1.0,1.0
OraclePerfect_B05,JILONG_EI_0169,570,1025.04443359375,0.5792941753285143,1.0,1.0,1.0,1.0,1.0
OraclePerfect_B05,JILONG_EI_0169,580,1024.464599609375,0.580068506989096,1.0,1.0,1.0,1.0,1.0
OraclePerfect_B05,JILONG_EI_0169,590,1023.77734375,0.5780901055255772,1.0,1.0,1.0,1.0,1.0
OraclePerfect_B05,JILONG_EI_0169,600,1025.2080078125,0.5760026699935631,1.0,1.0,1.0,1.0,1.0
OraclePerfect_B05,JILONG_EI_0169,610,1027.100341796875,0.5740764805930784,1.0,1.0,1.0,1.0,1.0
OraclePerfect_B05,JILONG_EI_0169,620,1029.2060546875,0.572111203001531,1.0,1.0,1.0,1.0,1.0
OraclePerfect_B05,JILONG_EI_0169,630,1027.65966796875,0.5683144568663467,1.0,1.0,1.0,1.0,1.0
OraclePerfect_B05,JILONG_EI_0169,640,1027.254150390625,0.5672412621105729,1.0,1.0,1.0,1.0,1.0
OraclePerfect_B05,JILONG_EI_0169,650,1026.61962890625,0.566257103376654,1.0,1.0,1.0,1.0,1.0
OraclePerfect_B05,JILONG_EI_0169,660,1024.474365234375,0.564527542137212,1.0,1.0,1.0,1.0,1.0
OraclePerfect_B05,JILONG_EI_0169,670,1023.0912475585938,0.5637799576938185,1.0,1.0,1.0,1.0,1.0
OraclePerfect_B05,JILONG_EI_0169,680,1023.8109130859375,0.5636060506492837,1.0,1.0,1.0,1.0,1.0
OraclePerfect_B05,JILONG_EI_0169,690,1024.125732421875,0.5636349555774861,1.0,1.0,1.0,1.0,1.0
OraclePerfect_B05,JILONG_EI_0169,700,1024.876708984375,0.5612984207147226,1.0,1.0,1.0,1.0,1.0
OraclePerfect_B05,JILONG_EI_0169,710,1027.070068359375,0.5600129103627921,1.0,1.0,1.0,1.0,1.0
OraclePerfect_B05,JILONG_EI_0169,720,1029.7213134765625,0.5582245873837915,1.0,1.0,1.0,1.0,1.0
OraclePerfect_B05,JILONG_EI_0169,730,1032.6314697265625,0.5576190981422035,1.0,1.0,1.0,1.0,1.0
OraclePerfect_B05,JILONG_EI_0169,740,1034.446044921875,0.5564233275167374,1.0,1.0,1.0,1.0,1.0
OraclePerfect_B05,JILONG_EI_0169,750,1034.87646484375,0.5548922231017515,1.0,1.0,1.0,1.0,1.0
OraclePerfect_B05,JILONG_EI_0169,760,1036.268310546875,0.5541841757742743,1.0,1.0,1.0,1.0,1.0
OraclePerfect_B05,JILONG_EI_0169,770,1038.0299072265625,0.5530923120700424,1.0,1.0,1.0,1.0,1.0
OraclePerfect_B05,JILONG_EI_0169,780,1040.087890625,0.5525294871817096,1.0,1.0,1.0,1.0,1.0
OraclePerfect_B05,JILONG_EI_0169,790,1040.506103515625,0.5510985724451369,1.0,1.0,1.0,1.0,1.0
OraclePerfect_B05,JILONG_EI_0169,800,1040.095458984375,0.5510504881413064,1.0,1.0,1.0,1.0,1.0
OraclePerfect_B05,JILONG_EI_0169,810,1043.15185546875,0.5515332965622769,1.0,1.0,1.0,1.0,1.0
OraclePerfect_B05,JILONG_EI_0169,820,1042.636962890625,0.5509142511275403,1.0,1.0,1.0,1.0,1.0
OraclePerfect_B05,JILONG_EI_0169,830,1045.5302734375,0.5498346806834483,1.0,1.0,1.0,1.0,1.0
OraclePerfect_B05,JILONG_EI_0169,840,1048.093505859375,0.5481762935394926,1.0,1.0,1.0,1.0,1.0
OraclePerfect_B05,JILONG_EI_0169,850,1049.024169921875,0.5451758319638832,1.0,1.0,1.0,1.0,1.0
OraclePerfect_B05,JILONG_EI_0169,860,1051.410888671875,0.543558479514917,1.0,1.0,1.0,1.0,1.0
OraclePerfect_B05,JILONG_EI_0169,870,1053.65185546875,0.5418407484439252,1.0,1.0,1.0,1.0,1.0
OraclePerfect_B05,JILONG_EI_0169,880,1055.408203125,0.5393646196556211,1.0,1.0,1.0,1.0,1.0
OraclePerfect_B05,JILONG_EI_0169,890,1057.30224609375,0.5355618775958727,1.0,1.0,1.0,1.0,1.0
OraclePerfect_B05,JILONG_EI_0169,900,1058.788818359375,0.5319567569124618,1.0,1.0,1.0,1.0,1.0
OraclePerfect_B05,JILONG_EI_0169,910,1060.94677734375,0.5285535116774911,1.0,1.0,1.0,1.0,1.0
OraclePerfect_B05,JILONG_EI_0169,920,1064.4857177734375,0.5257433501380657,1.0,1.0,1.0,1.0,1.0
OraclePerfect_B05,JILONG_EI_0169,930,1068.096435546875,0.5209325962263401,1.0,1.0,1.0,1.0,1.0
OraclePerfect_B05,JILONG_EI_0169,940,1070.533203125,0.5171599932839387,1.0,1.0,1.0,1.0,1.0
OraclePerfect_B05,JILONG_EI_0169,950,1073.0059814453125,0.515190402675108,1.0,1.0,1.0,1.0,1.0
OraclePerfect_B05,JILONG_EI_0169,960,1077.07275390625,0.5134529950451306,1.0,1.0,1.0,1.0,1.0
OraclePerfect_B05,JILONG_EI_0169,970,1079.953125,0.5115664865641958,1.0,1.0,1.0,1.0,1.0
OraclePerfect_B05,JILONG_EI_0169,980,1083.164794921875,0.5093206764845541,1.0,1.0,1.0,1.0,1.0
OraclePerfect_B05,JILONG_EI_0169,990,1085.9410400390625,0.5087311236920586,1.0,1.0,1.0,1.0,1.0
OraclePerfect_B05,JILONG_EI_0169,1000,1084.358154296875,0.5064073263077754,1.0,1.0,1.0,1.0,1.0
OraclePerfect_B05,JILONG_EI_0169,1010,1087.447998046875,0.5052038268340646,1.0,1.0,1.0,1.0,1.0
OraclePerfect_B05,JILONG_EI_0169,1020,1088.9439697265625,0.50350707061788,1.0,1.0,1.0,1.0,1.0
OraclePerfect_B05,JILONG_EI_0169,1030,1090.006103515625,0.5021913177008739,1.0,1.0,1.0,1.0,1.0
OraclePerfect_B05,JILONG_EI_0169,1040,1089.6119384765625,0.49922372383362923,1.0,1.0,1.0,1.0,1.0
OraclePerfect_B05,JILONG_EI_0169,1050,1092.295166015625,0.497100299183572,1.0,1.0,1.0,1.0,1.0
OraclePerfect_B05,JILONG_EI_0169,1060,1095.5799560546875,0.4958053487298252,1.0,1.0,1.0,1.0,1.0
OraclePerfect_B05,JILONG_EI_0169,1070,1097.3790283203125,0.49414492975087904,1.0,1.0,1.0,1.0,1.0
OraclePerfect_B05,JILONG_EI_0169,1080,1099.3193359375,0.49199191441570733,1.0,1.0,1.0,1.0,1.0
OraclePerfect_B05,JILONG_EI_0169,1090,1101.7940673828125,0.49072965599590085,1.0,1.0,1.0,1.0,1.0
OraclePerfect_B05,JILONG_EI_0169,1100,1104.0916748046875,0.48860377731714816,1.0,1.0,1.0,1.0,1.0
OraclePerfect_B05,JILONG_EI_0169,1110,1105.773193359375,0.4875877865905989,1.0,1.0,1.0,1.0,1.0
OraclePerfect_B05,JILONG_EI_0169,1120,1108.62353515625,0.486359673958216,1.0,1.0,1.0,1.0,1.0
OraclePerfect_B05,JILONG_EI_0169,1130,1111.8477783203125,0.4851673716780655,1.0,1.0,1.0,1.0,1.0
OraclePerfect_B05,JILONG_EI_0169,1140,1114.736328125,0.4844345110421401,1.0,1.0,1.0,1.0,1.0
OraclePerfect_B05,JILONG_EI_0169,1150,1118.2352294921875,0.4841881184063942,1.0,1.0,1.0,1.0,1.0
OraclePerfect_B05,JILONG_EI_0169,1160,1121.744140625,0.48359196191872694,1.0,1.0,1.0,1.0,1.0
OraclePerfect_B05,JILONG_EI_0169,1170,1124.400146484375,0.4827090606909006,1.0,1.0,1.0,1.0,1.0
OraclePerfect_B05,JILONG_EI_0169,1180,1125.816162109375,0.4817639985916656,1.0,1.0,1.0,1.0,1.0
OraclePerfect_B05,JILONG_EI_0169,1190,1127.18603515625,0.4806765658275459,1.0,1.0,1.0,1.0,1.0
OraclePerfect_B05,JILONG_EI_0169,1200,1129.3677978515625,0.4803779088604081,1.0,1.0,1.0,1.0,1.0
OraclePerfect_B05,JILONG_EI_0169,1210,1130.42919921875,0.48020780828851256,1.0,1.0,1.0,1.0,1.0
OraclePerfect_B05,JILONG_EI_0169,1220,1130.468994140625,0.47826765183434017,1.0,1.0,1.0,1.0,1.0
OraclePerfect_B05,JILONG_EI_0169,1230,1132.7205810546875,0.4780060852685013,1.0,1.0,1.0,1.0,1.0
OraclePerfect_B05,JILONG_EI_0169,1240,1133.9620361328125,0.47682296514732125,1.0,1.0,1.0,1.0,1.0
OraclePerfect_B05,JILONG_EI_0169,1250,1135.267578125,0.4757876806641776,1.0,1.0,1.0,1.0,1.0
OraclePerfect_B05,JILONG_EI_0169,1260,1136.58447265625,0.47508138498652003,1.0,1.0,1.0,1.0,1.0
OraclePerfect_B05,JILONG_EI_0169,1270,1139.152099609375,0.47512003904795286,1.0,1.0,1.0,1.0,1.0
OraclePerfect_B05,JILONG_EI_0169,1280,1141.115234375,0.47493495335286706,1.0,1.0,1.0,1.0,1.0
OraclePerfect_B05,JILONG_EI_0169,1290,1143.736328125,0.4742162678464552,1.0,1.0,1.0,1.0,1.0
OraclePerfect_B05,JILONG_EI_0169,1300,1146.172607421875,0.47386743072396115,1.0,1.0,1.0,1.0,1.0
OraclePerfect_B05,JILONG_EI_0169,1310,1148.96337890625,0.47329213376249774,1.0,1.0,1.0,1.0,1.0
OraclePerfect_B05,JILONG_EI_0169,1320,1152.1602783203125,0.4721296504649826,1.0,1.0,1.0,1.0,1.0
OraclePerfect_B05,JILONG_EI_0169,1330,1155.1536865234375,0.4704941782352121,1.0,1.0,1.0,1.0,1.0
OraclePerfect_B05,JILONG_EI_0169,1340,1159.0662841796875,0.46931282289627196,1.0,1.0,1.0,1.0,1.0
OraclePerfect_B05,JILONG_EI_0169,1350,1161.498291015625,0.46731290278432325,1.0,1.0,1.0,1.0,1.0
OraclePerfect_B05,JILONG_EI_0169,1360,1162.995361328125,0.46505873814780907,1.0,1.0,1.0,1.0,1.0
OraclePerfect_B05,JILONG_EI_0169,1370,1166.2689208984375,0.4632004689280096,1.0,1.0,1.0,1.0,1.0
OraclePerfect_B05,JILONG_EI_0169,1380,1169.8824462890625,0.4619179607146875,1.0,1.0,1.0,1.0,1.0
OraclePerfect_B05,JILONG_EI_0169,1390,1173.674560546875,0.460080555307891,1.0,1.0,1.0,1.0,1.0
OraclePerfect_B05,JILONG_EI_0169,1400,1176.1724853515625,0.45621754885214016,1.0,1.0,1.0,1.0,1.0
OraclePerfect_B05,JILONG_EI_0169,1410,1176.6356201171875,0.4517979740043717,1.0,1.0,1.0,1.0,1.0
OraclePerfect_B05,JILONG_EI_0169,1420,1179.1182861328125,0.4495842114228277,1.0,1.0,1.0,1.0,1.0
OraclePerfect_B05,JILONG_EI_0169,1430,1182.2620849609375,0.44763381445135525,1.0,1.0,1.0,1.0,1.0
OraclePerfect_B05,JILONG_EI_0169,1440,1185.2022705078125,0.4460762681290605,1.0,1.0,1.0,1.0,1.0
OraclePerfect_B05,JILONG_EI_0179,10,23.625831604003906,0.9945707397618184,1.0,1.0,1.0,1.0,1.0
OraclePerfect_B05,JILONG_EI_0179,20,41.68729019165039,0.9960439228738518,1.0,1.0,1.0,1.0,1.0
OraclePerfect_B05,JILONG_EI_0179,30,75.8692398071289,0.9971236676046993,1.0,1.0,1.0,1.0,1.0
OraclePerfect_B05,JILONG_EI_0179,40,168.61749267578125,0.9957901044630116,1.0,1.0,1.0,1.0,1.0
OraclePerfect_B05,JILONG_EI_0179,50,222.37835693359375,0.9323543126701671,1.0,1.0,1.0,1.0,1.0
OraclePerfect_B05,JILONG_EI_0179,60,256.5232238769531,0.8784117744297175,1.0,1.0,1.0,1.0,1.0
OraclePerfect_B05,JILONG_EI_0179,70,301.43438720703125,0.8633050802082346,1.0,1.0,1.0,1.0,1.0
OraclePerfect_B05,JILONG_EI_0179,80,363.2607727050781,0.7902312024756226,1.0,1.0,1.0,1.0,1.0
OraclePerfect_B05,JILONG_EI_0179,90,434.1693420410156,0.673416495425833,1.0,1.0,1.0,1.0,1.0
OraclePerfect_B05,JILONG_EI_0179,100,466.5079345703125,0.6807101356507533,1.0,1.0,1.0,1.0,1.0
OraclePerfect_B05,JILONG_EI_0179,110,502.0762023925781,0.6757747627007941,1.0,1.0,1.0,1.0,1.0
OraclePerfect_B05,JILONG_EI_0179,120,532.0810546875,0.698345613417264,1.0,1.0,1.0,1.0,1.0
OraclePerfect_B05,JILONG_EI_0179,130,521.054931640625,0.7077751385144045,1.0,1.0,1.0,1.0,1.0
OraclePerfect_B05,JILONG_EI_0179,140,546.7171020507812,0.7130225687022667,1.0,1.0,1.0,1.0,1.0
OraclePerfect_B05,JILONG_EI_0179,150,558.95849609375,0.7108794721001608,1.0,1.0,1.0,1.0,1.0
OraclePerfect_B05,JILONG_EI_0179,160,589.51513671875,0.7154456978544343,1.0,1.0,1.0,1.0,1.0
OraclePerfect_B05,JILONG_EI_0179,170,641.9083862304688,0.7153558582664831,1.0,1.0,1.0,1.0,1.0
OraclePerfect_B05,JILONG_EI_0179,180,684.2125854492188,0.7153501106342646,1.0,1.0,1.0,1.0,1.0
OraclePerfect_B05,JILONG_EI_0179,190,693.688720703125,0.7278132535031324,1.0,1.0,1.0,1.0,1.0
OraclePerfect_B05,JILONG_EI_0179,200,718.5148315429688,0.7553513614672469,1.0,1.0,1.0,1.0,1.0
OraclePerfect_B05,JILONG_EI_0179,210,724.831298828125,0.7790453660218908,1.0,1.0,1.0,1.0,1.0
OraclePerfect_B05,JILONG_EI_0179,220,730.6278686523438,0.8009625186651818,1.0,1.0,1.0,1.0,1.0
OraclePerfect_B05,JILONG_EI_0179,230,759.7913818359375,0.8234726268835932,1.0,1.0,1.0,1.0,1.0
OraclePerfect_B05,JILONG_EI_0179,240,806.9628295898438,0.8363877443274398,1.0,1.0,1.0,1.0,1.0
OraclePerfect_B05,JILONG_EI_0179,250,847.5147705078125,0.7926204707975459,1.0,1.0,1.0,1.0,1.0
OraclePerfect_B05,JILONG_EI_0179,260,875.064453125,0.7563249529833732,1.0,1.0,1.0,1.0,1.0
OraclePerfect_B05,JILONG_EI_0179,270,899.4852294921875,0.7465741007827293,1.0,1.0,1.0,1.0,1.0
OraclePerfect_B05,JILONG_EI_0179,280,902.9757080078125,0.753509323691658,1.0,1.0,1.0,1.0,1.0
OraclePerfect_B05,JILONG_EI_0179,290,908.4777221679688,0.7554781420230084,1.0,1.0,1.0,1.0,1.0
OraclePerfect_B05,JILONG_EI_0179,300,915.8310546875,0.7415000367289948,1.0,1.0,1.0,1.0,1.0
OraclePerfect_B05,JILONG_EI_0179,310,923.0474853515625,0.7183846188863405,1.0,1.0,1.0,1.0,1.0
OraclePerfect_B05,JILONG_EI_0179,320,929.0718994140625,0.6888439369374455,1.0,1.0,1.0,1.0,1.0
OraclePerfect_B05,JILONG_EI_0179,330,931.86767578125,0.6510121525078134,1.0,1.0,1.0,1.0,1.0
OraclePerfect_B05,JILONG_EI_0179,340,934.9776611328125,0.6771015857468603,1.0,1.0,1.0,1.0,1.0
OraclePerfect_B05,JILONG_EI_0179,350,937.92333984375,0.6974685452430927,1.0,1.0,1.0,1.0,1.0
OraclePerfect_B05,JILONG_EI_0179,360,943.4105834960938,0.7032884890003789,1.0,1.0,1.0,1.0,1.0
OraclePerfect_B05,JILONG_EI_0179,370,948.7807006835938,0.6904194955104015,1.0,1.0,1.0,1.0,1.0
OraclePerfect_B05,JILONG_EI_0179,380,955.730712890625,0.6672543327472604,1.0,1.0,1.0,1.0,1.0
OraclePerfect_B05,JILONG_EI_0179,390,960.9271240234375,0.6384379935587449,1.0,1.0,1.0,1.0,1.0
OraclePerfect_B05,JILONG_EI_0179,400,963.57373046875,0.6131395742118073,1.0,1.0,1.0,1.0,1.0
OraclePerfect_B05,JILONG_EI_0179,410,963.88525390625,0.5883476780809944,1.0,1.0,1.0,1.0,1.0
OraclePerfect_B05,JILONG_EI_0179,420,961.3363037109375,0.5874594437048793,1.0,1.0,1.0,1.0,1.0
OraclePerfect_B05,JILONG_EI_0179,430,956.5585327148438,0.5852164010831422,1.0,1.0,1.0,1.0,1.0
OraclePerfect_B05,JILONG_EI_0179,440,946.2672729492188,0.582150752089341,1.0,1.0,1.0,1.0,1.0
OraclePerfect_B05,JILONG_EI_0179,450,938.756103515625,0.5757421666796192,1.0,1.0,1.0,1.0,1.0
OraclePerfect_B05,JILONG_EI_0179,460,930.0142822265625,0.5652844080745045,1.0,1.0,1.0,1.0,1.0
OraclePerfect_B05,JILONG_EI_0179,470,920.9951782226562,0.5574788851008518,1.0,1.0,1.0,1.0,1.0
OraclePerfect_B05,JILONG_EI_0179,480,914.2385864257812,0.5576556620281835,1.0,1.0,1.0,1.0,1.0
OraclePerfect_B05,JILONG_EI_0179,490,910.01416015625,0.5595869577960284,1.0,1.0,1.0,1.0,1.0
OraclePerfect_B05,JILONG_EI_0179,500,905.7572021484375,0.5628485722176877,1.0,1.0,1.0,1.0,1.0
OraclePerfect_B05,JILONG_EI_0179,510,904.3197631835938,0.5692036685187729,1.0,1.0,1.0,1.0,1.0
OraclePerfect_B05,JILONG_EI_0179,520,905.65234375,0.573288369114814,1.0,1.0,1.0,1.0,1.0
OraclePerfect_B05,JILONG_EI_0179,530,905.85791015625,0.5796884880858888,1.0,1.0,1.0,1.0,1.0
OraclePerfect_B05,JILONG_EI_0179,540,905.9883422851562,0.5822683108513799,1.0,1.0,1.0,1.0,1.0
OraclePerfect_B05,JILONG_EI_0179,550,906.9141845703125,0.5850671603877576,1.0,1.0,1.0,1.0,1.0
OraclePerfect_B05,JILONG_EI_0179,560,907.1322631835938,0.5866581471698995,1.0,1.0,1.0,1.0,1.0
OraclePerfect_B05,JILONG_EI_0179,570,904.5657348632812,0.5858814627081013,1.0,1.0,1.0,1.0,1.0
OraclePerfect_B05,JILONG_EI_0179,580,901.8897094726562,0.5864722645603032,1.0,1.0,1.0,1.0,1.0
OraclePerfect_B05,JILONG_EI_0179,590,901.7708129882812,0.585707366662309,1.0,1.0,1.0,1.0,1.0
OraclePerfect_B05,JILONG_EI_0179,600,902.815673828125,0.5824960124991956,1.0,1.0,1.0,1.0,1.0
OraclePerfect_B05,JILONG_EI_0179,610,902.712158203125,0.5793252678533919,1.0,1.0,1.0,1.0,1.0
OraclePerfect_B05,JILONG_EI_0179,620,902.49169921875,0.5747653502183968,1.0,1.0,1.0,1.0,1.0
OraclePerfect_B05,JILONG_EI_0179,630,901.3531494140625,0.5710192099910074,1.0,1.0,1.0,1.0,1.0
OraclePerfect_B05,JILONG_EI_0179,640,901.5543823242188,0.5675105055735518,1.0,1.0,1.0,1.0,1.0
OraclePerfect_B05,JILONG_EI_0179,650,898.7653198242188,0.565952723949135,1.0,1.0,1.0,1.0,1.0
OraclePerfect_B05,JILONG_EI_0179,660,895.9974365234375,0.5653194821921622,1.0,1.0,1.0,1.0,1.0
OraclePerfect_B05,JILONG_EI_0179,670,894.3043212890625,0.5635257926120476,1.0,1.0,1.0,1.0,1.0
OraclePerfect_B05,JILONG_EI_0179,680,895.0407104492188,0.5631681114569501,1.0,1.0,1.0,1.0,1.0
OraclePerfect_B05,JILONG_EI_0179,690,893.5975952148438,0.5636095186557468,1.0,1.0,1.0,1.0,1.0
OraclePerfect_B05,JILONG_EI_0179,700,894.2259521484375,0.5640356203357412,1.0,1.0,1.0,1.0,1.0
OraclePerfect_B05,JILONG_EI_0179,710,896.0498657226562,0.5642223428456185,1.0,1.0,1.0,1.0,1.0
OraclePerfect_B05,JILONG_EI_0179,720,898.946044921875,0.5640545208897145,1.0,1.0,1.0,1.0,1.0
OraclePerfect_B05,JILONG_EI_0179,730,902.0307006835938,0.5633939964410773,1.0,1.0,1.0,1.0,1.0
OraclePerfect_B05,JILONG_EI_0179,740,902.7086181640625,0.5625889962964715,1.0,1.0,1.0,1.0,1.0
OraclePerfect_B05,JILONG_EI_0179,750,903.081787109375,0.5617875128051156,1.0,1.0,1.0,1.0,1.0
OraclePerfect_B05,JILONG_EI_0179,760,903.7882080078125,0.5601763871242614,1.0,1.0,1.0,1.0,1.0
OraclePerfect_B05,JILONG_EI_0179,770,904.1846923828125,0.5595432631982065,1.0,1.0,1.0,1.0,1.0
OraclePerfect_B05,JILONG_EI_0179,780,905.48681640625,0.5575381426986996,1.0,1.0,1.0,1.0,1.0
OraclePerfect_B05,JILONG_EI_0179,790,907.1166381835938,0.5569500106254149,1.0,1.0,1.0,1.0,1.0
OraclePerfect_B05,JILONG_EI_0179,800,909.505126953125,0.5540408133859919,1.0,1.0,1.0,1.0,1.0
OraclePerfect_B05,JILONG_EI_0179,810,911.0194091796875,0.5545826600587775,1.0,1.0,1.0,1.0,1.0
OraclePerfect_B05,JILONG_EI_0179,820,912.2965087890625,0.5526428961207553,1.0,1.0,1.0,1.0,1.0
OraclePerfect_B05,JILONG_EI_0179,830,912.8365478515625,0.5522111719998785,1.0,1.0,1.0,1.0,1.0
OraclePerfect_B05,JILONG_EI_0179,840,913.1630859375,0.5503423991257063,1.0,1.0,1.0,1.0,1.0
OraclePerfect_B05,JILONG_EI_0179,850,913.2395629882812,0.5475668944132323,1.0,1.0,1.0,1.0,1.0
OraclePerfect_B05,JILONG_EI_0179,860,913.1110229492188,0.5439377933281062,1.0,1.0,1.0,1.0,1.0
OraclePerfect_B05,JILONG_EI_0179,870,914.27978515625,0.540866405374256,1.0,1.0,1.0,1.0,1.0
OraclePerfect_B05,JILONG_EI_0179,880,915.0445556640625,0.5387100885269597,1.0,1.0,1.0,1.0,1.0
OraclePerfect_B05,JILONG_EI_0179,890,917.1196899414062,0.5362912820770754,1.0,1.0,1.0,1.0,1.0
OraclePerfect_B05,JILONG_EI_0179,900,918.3783569335938,0.5334804585245253,1.0,1.0,1.0,1.0,1.0
OraclePerfect_B05,JILONG_EI_0179,910,920.4122924804688,0.5293556002323664,1.0,1.0,1.0,1.0,1.0
OraclePerfect_B05,JILONG_EI_0179,920,922.68408203125,0.5264429963870846,1.0,1.0,1.0,1.0,1.0
OraclePerfect_B05,JILONG_EI_0179,930,925.2833862304688,0.5229970915026975,1.0,1.0,1.0,1.0,1.0
OraclePerfect_B05,JILONG_EI_0179,940,926.61474609375,0.5185957225030543,1.0,1.0,1.0,1.0,1.0
OraclePerfect_B05,JILONG_EI_0179,950,929.94873046875,0.5154206738010128,1.0,1.0,1.0,1.0,1.0
OraclePerfect_B05,JILONG_EI_0179,960,932.8134155273438,0.511714953030975,1.0,1.0,1.0,1.0,1.0
OraclePerfect_B05,JILONG_EI_0179,970,936.2921142578125,0.5085039997790082,1.0,1.0,1.0,1.0,1.0
OraclePerfect_B05,JILONG_EI_0179,980,938.0339965820312,0.5058958926272976,1.0,1.0,1.0,1.0,1.0
OraclePerfect_B05,JILONG_EI_0179,990,940.28955078125,0.5032147335883776,1.0,1.0,1.0,1.0,1.0
OraclePerfect_B05,JILONG_EI_0179,1000,942.4679565429688,0.5006792987382408,1.0,1.0,1.0,1.0,1.0
OraclePerfect_B05,JILONG_EI_0179,1010,945.2752685546875,0.4981111785659887,1.0,1.0,1.0,1.0,1.0
OraclePerfect_B05,JILONG_EI_0179,1020,946.8192749023438,0.49584820655886636,1.0,1.0,1.0,1.0,1.0
OraclePerfect_B05,JILONG_EI_0179,1030,947.938232421875,0.49450551161306666,1.0,1.0,1.0,1.0,1.0
OraclePerfect_B05,JILONG_EI_0179,1040,948.0416259765625,0.49282437292404807,1.0,1.0,1.0,1.0,1.0
OraclePerfect_B05,JILONG_EI_0179,1050,950.4130859375,0.49092314326643205,1.0,1.0,1.0,1.0,1.0
OraclePerfect_B05,JILONG_EI_0179,1060,952.6847534179688,0.4890868361282529,1.0,1.0,1.0,1.0,1.0
OraclePerfect_B05,JILONG_EI_0179,1070,955.0039672851562,0.48707671132861907,1.0,1.0,1.0,1.0,1.0
OraclePerfect_B05,JILONG_EI_0179,1080,957.0405883789062,0.4853535672703613,1.0,1.0,1.0,1.0,1.0
OraclePerfect_B05,JILONG_EI_0179,1090,958.9374389648438,0.4826710670870665,1.0,1.0,1.0,1.0,1.0
OraclePerfect_B05,JILONG_EI_0179,1100,961.1024780273438,0.48029458036844735,1.0,1.0,1.0,1.0,1.0
OraclePerfect_B05,JILONG_EI_0179,1110,963.2846069335938,0.47886987853026364,1.0,1.0,1.0,1.0,1.0
OraclePerfect_B05,JILONG_EI_0179,1120,967.2127685546875,0.4772368313274038,1.0,1.0,1.0,1.0,1.0
OraclePerfect_B05,JILONG_EI_0179,1130,968.5813598632812,0.4755065968714529,1.0,1.0,1.0,1.0,1.0
OraclePerfect_B05,JILONG_EI_0179,1140,970.7507934570312,0.4753577749404343,1.0,1.0,1.0,1.0,1.0
OraclePerfect_B05,JILONG_EI_0179,1150,974.8419799804688,0.4750005610228673,1.0,1.0,1.0,1.0,1.0
OraclePerfect_B05,JILONG_EI_0179,1160,978.527099609375,0.47379849596611917,1.0,1.0,1.0,1.0,1.0
OraclePerfect_B05,JILONG_EI_0179,1170,980.7387084960938,0.4732319519796787,1.0,1.0,1.0,1.0,1.0
OraclePerfect_B05,JILONG_EI_0179,1180,981.1063232421875,0.47219098620795585,1.0,1.0,1.0,1.0,1.0
OraclePerfect_B05,JILONG_EI_0179,1190,983.4859619140625,0.4715297559905458,1.0,1.0,1.0,1.0,1.0
OraclePerfect_B05,JILONG_EI_0179,1200,986.36279296875,0.4708944292262929,1.0,1.0,1.0,1.0,1.0
OraclePerfect_B05,JILONG_EI_0179,1210,989.7869262695312,0.47063555249680666,1.0,1.0,1.0,1.0,1.0
OraclePerfect_B05,JILONG_EI_0179,1220,991.4300537109375,0.4706211124767076,1.0,1.0,1.0,1.0,1.0
OraclePerfect_B05,JILONG_EI_0179,1230,993.826416015625,0.469667535416641,1.0,1.0,1.0,1.0,1.0
OraclePerfect_B05,JILONG_EI_0179,1240,995.1886596679688,0.4700322192171175,1.0,1.0,1.0,1.0,1.0
OraclePerfect_B05,JILONG_EI_0179,1250,994.7876586914062,0.46770466791622156,1.0,1.0,1.0,1.0,1.0
OraclePerfect_B05,JILONG_EI_0179,1260,996.4937133789062,0.46748680139840376,1.0,1.0,1.0,1.0,1.0
OraclePerfect_B05,JILONG_EI_0179,1270,998.0188598632812,0.4673569204254804,1.0,1.0,1.0,1.0,1.0
OraclePerfect_B05,JILONG_EI_0179,1280,1000.5087890625,0.46734528172088746,1.0,1.0,1.0,1.0,1.0
OraclePerfect_B05,JILONG_EI_0179,1290,1000.8204956054688,0.4653098943468008,1.0,1.0,1.0,1.0,1.0
OraclePerfect_B05,JILONG_EI_0179,1300,1003.14892578125,0.46499486508851706,1.0,1.0,1.0,1.0,1.0
OraclePerfect_B05,JILONG_EI_0179,1310,1004.6695556640625,0.4648409656729684,1.0,1.0,1.0,1.0,1.0
OraclePerfect_B05,JILONG_EI_0179,1320,1006.6666870117188,0.46442413082958417,1.0,1.0,1.0,1.0,1.0
OraclePerfect_B05,JILONG_EI_0179,1330,1009.737060546875,0.4641280933749243,1.0,1.0,1.0,1.0,1.0
OraclePerfect_B05,JILONG_EI_0179,1340,1012.7518310546875,0.46341730975259604,1.0,1.0,1.0,1.0,1.0
OraclePerfect_B05,JILONG_EI_0179,1350,1015.6680297851562,0.4626964700300316,1.0,1.0,1.0,1.0,1.0
OraclePerfect_B05,JILONG_EI_0179,1360,1017.2763061523438,0.4615063604262165,1.0,1.0,1.0,1.0,1.0
OraclePerfect_B05,JILONG_EI_0179,1370,1020.7672729492188,0.4603337281906558,1.0,1.0,1.0,1.0,1.0
OraclePerfect_B05,JILONG_EI_0179,1380,1023.2847900390625,0.4579379932197106,1.0,1.0,1.0,1.0,1.0
OraclePerfect_B05,JILONG_EI_0179,1390,1025.99072265625,0.4556176866110182,1.0,1.0,1.0,1.0,1.0
OraclePerfect_B05,JILONG_EI_0179,1400,1026.275634765625,0.45262749923964274,1.0,1.0,1.0,1.0,1.0
OraclePerfect_B05,JILONG_EI_0179,1410,1029.400390625,0.450832568893338,1.0,1.0,1.0,1.0,1.0
OraclePerfect_B05,JILONG_EI_0179,1420,1030.029296875,0.4467096662802514,1.0,1.0,1.0,1.0,1.0
OraclePerfect_B05,JILONG_EI_0179,1430,1028.8284912109375,0.4417058239180365,1.0,1.0,1.0,1.0,1.0
OraclePerfect_B05,JILONG_EI_0179,1440,1030.1622314453125,0.43863097810500173,1.0,1.0,1.0,1.0,1.0
OraclePerfect_B05,JILONG_EI_0189,10,22.09153938293457,0.9962118655818136,1.0,1.0,1.0,1.0,1.0
OraclePerfect_B05,JILONG_EI_0189,20,39.34470748901367,0.9971938520690626,1.0,1.0,1.0,1.0,1.0
OraclePerfect_B05,JILONG_EI_0189,30,68.72300720214844,0.9977962880057571,1.0,1.0,1.0,1.0,1.0
OraclePerfect_B05,JILONG_EI_0189,40,153.06295776367188,0.9977984514175732,1.0,1.0,1.0,1.0,1.0
OraclePerfect_B05,JILONG_EI_0189,50,208.91217041015625,0.9186321584371892,1.0,1.0,1.0,1.0,1.0
OraclePerfect_B05,JILONG_EI_0189,60,253.25372314453125,0.8860617889848297,1.0,1.0,1.0,1.0,1.0
OraclePerfect_B05,JILONG_EI_0189,70,297.74993896484375,0.878055398942351,1.0,1.0,1.0,1.0,1.0
OraclePerfect_B05,JILONG_EI_0189,80,365.940185546875,0.7887258023342173,1.0,1.0,1.0,1.0,1.0
OraclePerfect_B05,JILONG_EI_0189,90,421.4192810058594,0.6899401744317534,1.0,1.0,1.0,1.0,1.0
OraclePerfect_B05,JILONG_EI_0189,100,447.21197509765625,0.6661499065575981,1.0,1.0,1.0,1.0,1.0
OraclePerfect_B05,JILONG_EI_0189,110,483.8455505371094,0.6725960880642503,1.0,1.0,1.0,1.0,1.0
OraclePerfect_B05,JILONG_EI_0189,120,512.3319091796875,0.6877784971508037,1.0,1.0,1.0,1.0,1.0
OraclePerfect_B05,JILONG_EI_0189,130,525.7495727539062,0.6922496695077786,1.0,1.0,1.0,1.0,1.0
OraclePerfect_B05,JILONG_EI_0189,140,541.8182983398438,0.6990971570711487,1.0,1.0,1.0,1.0,1.0
OraclePerfect_B05,JILONG_EI_0189,150,559.874755859375,0.7072396678241135,1.0,1.0,1.0,1.0,1.0
OraclePerfect_B05,JILONG_EI_0189,160,601.0687866210938,0.7108962988831468,1.0,1.0,1.0,1.0,1.0
OraclePerfect_B05,JILONG_EI_0189,170,639.190673828125,0.707689778349354,1.0,1.0,1.0,1.0,1.0
OraclePerfect_B05,JILONG_EI_0189,180,674.2769775390625,0.7139580492505349,1.0,1.0,1.0,1.0,1.0
OraclePerfect_B05,JILONG_EI_0189,190,695.267578125,0.7182617239725504,1.0,1.0,1.0,1.0,1.0
OraclePerfect_B05,JILONG_EI_0189,200,712.6107177734375,0.7361082117168294,1.0,1.0,1.0,1.0,1.0
OraclePerfect_B05,JILONG_EI_0189,210,719.659423828125,0.7576332519675865,1.0,1.0,1.0,1.0,1.0
OraclePerfect_B05,JILONG_EI_0189,220,736.5597534179688,0.7820882411401157,1.0,1.0,1.0,1.0,1.0
OraclePerfect_B05,JILONG_EI_0189,230,750.7393798828125,0.7998047574673176,1.0,1.0,1.0,1.0,1.0
OraclePerfect_B05,JILONG_EI_0189,240,768.7235107421875,0.8107316511408725,1.0,1.0,1.0,1.0,1.0
OraclePerfect_B05,JILONG_EI_0189,250,808.7396850585938,0.82468204417722,1.0,1.0,1.0,1.0,1.0
OraclePerfect_B05,JILONG_EI_0189,260,850.8319091796875,0.8036638258651193,1.0,1.0,1.0,1.0,1.0
OraclePerfect_B05,JILONG_EI_0189,270,877.397216796875,0.7724981480634773,1.0,1.0,1.0,1.0,1.0
OraclePerfect_B05,JILONG_EI_0189,280,891.6641845703125,0.7323747363630105,1.0,1.0,1.0,1.0,1.0
OraclePerfect_B05,JILONG_EI_0189,290,888.75390625,0.7236929279515272,1.0,1.0,1.0,1.0,1.0
OraclePerfect_B05,JILONG_EI_0189,300,890.9852294921875,0.7282984195097605,1.0,1.0,1.0,1.0,1.0
OraclePerfect_B05,JILONG_EI_0189,310,895.3541259765625,0.7307485374377486,1.0,1.0,1.0,1.0,1.0
OraclePerfect_B05,JILONG_EI_0189,320,898.9212646484375,0.7229105737903149,1.0,1.0,1.0,1.0,1.0
OraclePerfect_B05,JILONG_EI_0189,330,898.6528930664062,0.7021195791923064,1.0,1.0,1.0,1.0,1.0
OraclePerfect_B05,JILONG_EI_0189,340,899.6199951171875,0.6730484868490776,1.0,1.0,1.0,1.0,1.0
OraclePerfect_B05,JILONG_EI_0189,350,898.4908447265625,0.6450045171247775,1.0,1.0,1.0,1.0,1.0
OraclePerfect_B05,JILONG_EI_0189,360,898.940673828125,0.6634493164413461,1.0,1.0,1.0,1.0,1.0
OraclePerfect_B05,JILONG_EI_0189,370,899.557861328125,0.6800664331514323,1.0,1.0,1.0,1.0,1.0
OraclePerfect_B05,JILONG_EI_0189,380,902.7406005859375,0.6931263224530103,1.0,1.0,1.0,1.0,1.0
OraclePerfect_B05,JILONG_EI_0189,390,906.699462890625,0.6906160185988525,1.0,1.0,1.0,1.0,1.0
OraclePerfect_B05,JILONG_EI_0189,400,910.8397827148438,0.6770055266986904,1.0,1.0,1.0,1.0,1.0
OraclePerfect_B05,JILONG_EI_0189,410,911.5498657226562,0.6585065595555841,1.0,1.0,1.0,1.0,1.0
OraclePerfect_B05,JILONG_EI_0189,420,916.4073486328125,0.6352525446922097,1.0,1.0,1.0,1.0,1.0
OraclePerfect_B05,JILONG_EI_0189,430,920.983154296875,0.6107748782449155,1.0,1.0,1.0,1.0,1.0
OraclePerfect_B05,JILONG_EI_0189,440,920.9015502929688,0.5927790430741096,1.0,1.0,1.0,1.0,1.0
OraclePerfect_B05,JILONG_EI_0189,450,918.4109497070312,0.5815148025693738,1.0,1.0,1.0,1.0,1.0
OraclePerfect_B05,JILONG_EI_0189,460,915.2264404296875,0.576678828476233,1.0,1.0,1.0,1.0,1.0
OraclePerfect_B05,JILONG_EI_0189,470,910.126708984375,0.5753988613689727,1.0,1.0,1.0,1.0,1.0
OraclePerfect_B05,JILONG_EI_0189,480,903.860107421875,0.5719926037282539,1.0,1.0,1.0,1.0,1.0
OraclePerfect_B05,JILONG_EI_0189,490,896.0994873046875,0.5710880117101873,1.0,1.0,1.0,1.0,1.0
OraclePerfect_B05,JILONG_EI_0189,500,886.8414306640625,0.5708263729714417,1.0,1.0,1.0,1.0,1.0
OraclePerfect_B05,JILONG_EI_0189,510,878.9794921875,0.572026365493022,1.0,1.0,1.0,1.0,1.0
OraclePerfect_B05,JILONG_EI_0189,520,876.3719482421875,0.5769681347230131,1.0,1.0,1.0,1.0,1.0
OraclePerfect_B05,JILONG_EI_0189,530,875.1285400390625,0.5810103527398611,1.0,1.0,1.0,1.0,1.0
OraclePerfect_B05,JILONG_EI_0189,540,875.7366943359375,0.5848622635242583,1.0,1.0,1.0,1.0,1.0
OraclePerfect_B05,JILONG_EI_0189,550,877.1156616210938,0.5866116187086432,1.0,1.0,1.0,1.0,1.0
OraclePerfect_B05,JILONG_EI_0189,560,877.660400390625,0.587857840265498,1.0,1.0,1.0,1.0,1.0
OraclePerfect_B05,JILONG_EI_0189,570,881.2236328125,0.5885215996254011,1.0,1.0,1.0,1.0,1.0
OraclePerfect_B05,JILONG_EI_0189,580,883.9263305664062,0.5875749602469089,1.0,1.0,1.0,1.0,1.0
OraclePerfect_B05,JILONG_EI_0189,590,885.5648193359375,0.5843293845376754,1.0,1.0,1.0,1.0,1.0
OraclePerfect_B05,JILONG_EI_0189,600,888.3942260742188,0.5803089458682639,1.0,1.0,1.0,1.0,1.0
OraclePerfect_B05,JILONG_EI_0189,610,891.95166015625,0.5775331712063578,1.0,1.0,1.0,1.0,1.0
OraclePerfect_B05,JILONG_EI_0189,620,891.5961303710938,0.5748196885499052,1.0,1.0,1.0,1.0,1.0
OraclePerfect_B05,JILONG_EI_0189,630,890.5674438476562,0.5712332524501111,1.0,1.0,1.0,1.0,1.0
OraclePerfect_B05,JILONG_EI_0189,640,890.5580444335938,0.5678489036716546,1.0,1.0,1.0,1.0,1.0
OraclePerfect_B05,JILONG_EI_0189,650,891.4642944335938,0.5668901175803247,1.0,1.0,1.0,1.0,1.0
OraclePerfect_B05,JILONG_EI_0189,660,891.9597778320312,0.56568124046605,1.0,1.0,1.0,1.0,1.0
OraclePerfect_B05,JILONG_EI_0189,670,890.137939453125,0.5635077285351546,1.0,1.0,1.0,1.0,1.0
OraclePerfect_B05,JILONG_EI_0189,680,891.6021728515625,0.5625913934117374,1.0,1.0,1.0,1.0,1.0
OraclePerfect_B05,JILONG_EI_0189,690,892.4259033203125,0.5624347754776226,1.0,1.0,1.0,1.0,1.0
OraclePerfect_B05,JILONG_EI_0189,700,891.68359375,0.5609503009904457,1.0,1.0,1.0,1.0,1.0
OraclePerfect_B05,JILONG_EI_0189,710,890.16845703125,0.5604363868530129,1.0,1.0,1.0,1.0,1.0
OraclePerfect_B05,JILONG_EI_0189,720,892.9913330078125,0.5597046011060659,1.0,1.0,1.0,1.0,1.0
OraclePerfect_B05,JILONG_EI_0189,730,894.4672241210938,0.5583542025785831,1.0,1.0,1.0,1.0,1.0
OraclePerfect_B05,JILONG_EI_0189,740,894.4423828125,0.5568555872012583,1.0,1.0,1.0,1.0,1.0
OraclePerfect_B05,JILONG_EI_0189,750,893.9693603515625,0.5556184876224923,1.0,1.0,1.0,1.0,1.0
OraclePerfect_B05,JILONG_EI_0189,760,895.2142944335938,0.5543499015705775,1.0,1.0,1.0,1.0,1.0
OraclePerfect_B05,JILONG_EI_0189,770,894.6273803710938,0.5518386671296815,1.0,1.0,1.0,1.0,1.0
OraclePerfect_B05,JILONG_EI_0189,780,894.311767578125,0.5481501447076751,1.0,1.0,1.0,1.0,1.0
OraclePerfect_B05,JILONG_EI_0189,790,893.0774536132812,0.5475650137287011,1.0,1.0,1.0,1.0,1.0
OraclePerfect_B05,JILONG_EI_0189,800,895.1292114257812,0.5467570196672763,1.0,1.0,1.0,1.0,1.0
OraclePerfect_B05,JILONG_EI_0189,810,895.0304565429688,0.5471947879677945,1.0,1.0,1.0,1.0,1.0
OraclePerfect_B05,JILONG_EI_0189,820,895.2474365234375,0.547191282792103,1.0,1.0,1.0,1.0,1.0
OraclePerfect_B05,JILONG_EI_0189,830,897.66943359375,0.5472680520918694,1.0,1.0,1.0,1.0,1.0
OraclePerfect_B05,JILONG_EI_0189,840,898.2403564453125,0.5468873820825549,1.0,1.0,1.0,1.0,1.0
OraclePerfect_B05,JILONG_EI_0189,850,899.7172241210938,0.5453749087070354,1.0,1.0,1.0,1.0,1.0
OraclePerfect_B05,JILONG_EI_0189,860,901.8447265625,0.5437073123361523,1.0,1.0,1.0,1.0,1.0
OraclePerfect_B05,JILONG_EI_0189,870,903.7034301757812,0.5433684079368754,1.0,1.0,1.0,1.0,1.0
OraclePerfect_B05,JILONG_EI_0189,880,904.8782348632812,0.5418830947750854,1.0,1.0,1.0,1.0,1.0
OraclePerfect_B05,JILONG_EI_0189,890,905.79345703125,0.5402772044629947,1.0,1.0,1.0,1.0,1.0
OraclePerfect_B05,JILONG_EI_0189,900,906.6763916015625,0.5382933881191273,1.0,1.0,1.0,1.0,1.0
OraclePerfect_B05,JILONG_EI_0189,910,908.473388671875,0.5371541264261973,1.0,1.0,1.0,1.0,1.0
OraclePerfect_B05,JILONG_EI_0189,920,909.7333984375,0.5356100332815398,1.0,1.0,1.0,1.0,1.0
OraclePerfect_B05,JILONG_EI_0189,930,911.1961669921875,0.5345065520260899,1.0,1.0,1.0,1.0,1.0
OraclePerfect_B05,JILONG_EI_0189,940,913.0291137695312,0.5337395373876578,1.0,1.0,1.0,1.0,1.0
OraclePerfect_B05,JILONG_EI_0189,950,915.8599853515625,0.533383353846829,1.0,1.0,1.0,1.0,1.0
OraclePerfect_B05,JILONG_EI_0189,960,918.6409912109375,0.5322870108736053,1.0,1.0,1.0,1.0,1.0
OraclePerfect_B05,JILONG_EI_0189,970,921.651123046875,0.5308114312532912,1.0,1.0,1.0,1.0,1.0
OraclePerfect_B05,JILONG_EI_0189,980,924.25390625,0.53126116033416,1.0,1.0,1.0,1.0,1.0
OraclePerfect_B05,JILONG_EI_0189,990,924.5755615234375,0.5305405510248516,1.0,1.0,1.0,1.0,1.0
OraclePerfect_B05,JILONG_EI_0189,1000,926.96435546875,0.531198365784529,1.0,1.0,1.0,1.0,1.0
OraclePerfect_B05,JILONG_EI_0189,1010,928.154052734375,0.5302863097996138,1.0,1.0,1.0,1.0,1.0
OraclePerfect_B05,JILONG_EI_0189,1020,929.58544921875,0.5287539404860759,1.0,1.0,1.0,1.0,1.0
OraclePerfect_B05,JILONG_EI_0189,1030,932.5391845703125,0.5284074493535539,1.0,1.0,1.0,1.0,1.0
OraclePerfect_B05,JILONG_EI_0189,1040,933.6358642578125,0.5275976284374758,1.0,1.0,1.0,1.0,1.0
OraclePerfect_B05,JILONG_EI_0189,1050,935.85400390625,0.5270193752343713,1.0,1.0,1.0,1.0,1.0
OraclePerfect_B05,JILONG_EI_0189,1060,938.2420654296875,0.5255676573317523,1.0,1.0,1.0,1.0,1.0
OraclePerfect_B05,JILONG_EI_0189,1070,941.4987182617188,0.5253018253872508,1.0,1.0,1.0,1.0,1.0
OraclePerfect_B05,JILONG_EI_0189,1080,943.113037109375,0.5233066656542273,1.0,1.0,1.0,1.0,1.0
OraclePerfect_B05,JILONG_EI_0189,1090,946.9164428710938,0.521079586186681,1.0,1.0,1.0,1.0,1.0
OraclePerfect_B05,JILONG_EI_0189,1100,949.8095703125,0.5190286423184493,1.0,1.0,1.0,1.0,1.0
OraclePerfect_B05,JILONG_EI_0189,1110,953.4332275390625,0.5173235028417587,1.0,1.0,1.0,1.0,1.0
OraclePerfect_B05,JILONG_EI_0189,1120,955.659912109375,0.5148626824962786,1.0,1.0,1.0,1.0,1.0
OraclePerfect_B05,JILONG_EI_0189,1130,956.4779663085938,0.511275076856641,1.0,1.0,1.0,1.0,1.0
OraclePerfect_B05,JILONG_EI_0189,1140,960.14794921875,0.5086933994556488,1.0,1.0,1.0,1.0,1.0
OraclePerfect_B05,JILONG_EI_0189,1150,963.2681884765625,0.506825595572923,1.0,1.0,1.0,1.0,1.0
OraclePerfect_B05,JILONG_EI_0189,1160,964.1185302734375,0.5047162345897904,1.0,1.0,1.0,1.0,1.0
OraclePerfect_B05,JILONG_EI_0189,1170,967.678955078125,0.503111491863802,1.0,1.0,1.0,1.0,1.0
OraclePerfect_B05,JILONG_EI_0189,1180,972.9489135742188,0.5025277598190221,1.0,1.0,1.0,1.0,1.0
OraclePerfect_B05,JILONG_EI_0189,1190,976.5576171875,0.5005284401851704,1.0,1.0,1.0,1.0,1.0
OraclePerfect_B05,JILONG_EI_0189,1200,979.0234985351562,0.4979837698228491,1.0,1.0,1.0,1.0,1.0
OraclePerfect_B05,JILONG_EI_0189,1210,980.1367797851562,0.4961437489035882,1.0,1.0,1.0,1.0,1.0
OraclePerfect_B05,JILONG_EI_0189,1220,983.4010009765625,0.49589817140162373,1.0,1.0,1.0,1.0,1.0
OraclePerfect_B05,JILONG_EI_0189,1230,986.5272827148438,0.49548047485099384,1.0,1.0,1.0,1.0,1.0
OraclePerfect_B05,JILONG_EI_0189,1240,986.6719360351562,0.4940349071679268,1.0,1.0,1.0,1.0,1.0
OraclePerfect_B05,JILONG_EI_0189,1250,989.5379638671875,0.492142564577833,1.0,1.0,1.0,1.0,1.0
OraclePerfect_B05,JILONG_EI_0189,1260,992.893310546875,0.4906285818193766,1.0,1.0,1.0,1.0,1.0
OraclePerfect_B05,JILONG_EI_0189,1270,996.6607666015625,0.48954089922434013,1.0,1.0,1.0,1.0,1.0
OraclePerfect_B05,JILONG_EI_0189,1280,1000.2699584960938,0.48855275187680625,1.0,1.0,1.0,1.0,1.0
OraclePerfect_B05,JILONG_EI_0189,1290,1004.1382446289062,0.4874030628876754,1.0,1.0,1.0,1.0,1.0
OraclePerfect_B05,JILONG_EI_0189,1300,1006.6669311523438,0.48668684140159085,1.0,1.0,1.0,1.0,1.0
OraclePerfect_B05,JILONG_EI_0189,1310,1009.9708862304688,0.4859510190772098,1.0,1.0,1.0,1.0,1.0
OraclePerfect_B05,JILONG_EI_0189,1320,1013.4093627929688,0.48509412968508564,1.0,1.0,1.0,1.0,1.0
OraclePerfect_B05,JILONG_EI_0189,1330,1017.3236083984375,0.4839710821972854,1.0,1.0,1.0,1.0,1.0
OraclePerfect_B05,JILONG_EI_0189,1340,1019.8505249023438,0.4832653216282874,1.0,1.0,1.0,1.0,1.0
OraclePerfect_B05,JILONG_EI_0189,1350,1022.0001220703125,0.4830141308525314,1.0,1.0,1.0,1.0,1.0
OraclePerfect_B05,JILONG_EI_0189,1360,1025.443115234375,0.48190256068410947,1.0,1.0,1.0,1.0,1.0
OraclePerfect_B05,JILONG_EI_0189,1370,1028.197998046875,0.481016068876499,1.0,1.0,1.0,1.0,1.0
OraclePerfect_B05,JILONG_EI_0189,1380,1031.084228515625,0.47994185863498656,1.0,1.0,1.0,1.0,1.0
OraclePerfect_B05,JILONG_EI_0189,1390,1032.833251953125,0.4794386033621166,1.0,1.0,1.0,1.0,1.0
OraclePerfect_B05,JILONG_EI_0189,1400,1035.4822998046875,0.4785904091566707,1.0,1.0,1.0,1.0,1.0
OraclePerfect_B05,JILONG_EI_0189,1410,1038.068603515625,0.478421168730034,1.0,1.0,1.0,1.0,1.0
OraclePerfect_B05,JILONG_EI_0189,1420,1040.888671875,0.47816958493455003,1.0,1.0,1.0,1.0,1.0
OraclePerfect_B05,JILONG_EI_0189,1430,1041.56591796875,0.4769253583612235,1.0,1.0,1.0,1.0,1.0
OraclePerfect_B05,JILONG_EI_0189,1440,1044.3602294921875,0.47710014909722437,1.0,1.0,1.0,1.0,1.0
OraclePerfect_B05,JILONG_EI_0199,10,24.706167221069336,0.9958525124072485,1.0,1.0,1.0,1.0,1.0
OraclePerfect_B05,JILONG_EI_0199,20,44.1097297668457,0.997058346916952,1.0,1.0,1.0,1.0,1.0
OraclePerfect_B05,JILONG_EI_0199,30,71.13236999511719,0.997626300071709,1.0,1.0,1.0,1.0,1.0
OraclePerfect_B05,JILONG_EI_0199,40,151.86737060546875,0.9982744365347943,1.0,1.0,1.0,1.0,1.0
OraclePerfect_B05,JILONG_EI_0199,50,207.1102752685547,0.9189521700975274,1.0,1.0,1.0,1.0,1.0
OraclePerfect_B05,JILONG_EI_0199,60,238.65614318847656,0.8696668817063258,1.0,1.0,1.0,1.0,1.0
OraclePerfect_B05,JILONG_EI_0199,70,280.7222595214844,0.8608074141955009,1.0,1.0,1.0,1.0,1.0
OraclePerfect_B05,JILONG_EI_0199,80,336.32415771484375,0.764675672821933,1.0,1.0,1.0,1.0,1.0
OraclePerfect_B05,JILONG_EI_0199,90,392.0687561035156,0.6663086383511355,1.0,1.0,1.0,1.0,1.0
OraclePerfect_B05,JILONG_EI_0199,100,420.64178466796875,0.6868790792552016,1.0,1.0,1.0,1.0,1.0
OraclePerfect_B05,JILONG_EI_0199,110,432.9360656738281,0.6930323106696775,1.0,1.0,1.0,1.0,1.0
OraclePerfect_B05,JILONG_EI_0199,120,453.723388671875,0.7162892878884584,1.0,1.0,1.0,1.0,1.0
OraclePerfect_B05,JILONG_EI_0199,130,440.4475402832031,0.7180591515908685,1.0,1.0,1.0,1.0,1.0
OraclePerfect_B05,JILONG_EI_0199,140,458.83660888671875,0.7266375663103943,1.0,1.0,1.0,1.0,1.0
OraclePerfect_B05,JILONG_EI_0199,150,477.49224853515625,0.7350745857890925,1.0,1.0,1.0,1.0,1.0
OraclePerfect_B05,JILONG_EI_0199,160,520.2710571289062,0.7354877665851646,1.0,1.0,1.0,1.0,1.0
OraclePerfect_B05,JILONG_EI_0199,170,573.260009765625,0.7385816483136857,1.0,1.0,1.0,1.0,1.0
OraclePerfect_B05,JILONG_EI_0199,180,596.115234375,0.749057132886605,1.0,1.0,1.0,1.0,1.0
OraclePerfect_B05,JILONG_EI_0199,190,609.4185791015625,0.7506665147733885,1.0,1.0,1.0,1.0,1.0
OraclePerfect_B05,JILONG_EI_0199,200,621.68896484375,0.7722625134870598,1.0,1.0,1.0,1.0,1.0
OraclePerfect_B05,JILONG_EI_0199,210,620.3715209960938,0.7957615572751391,1.0,1.0,1.0,1.0,1.0
OraclePerfect_B05,JILONG_EI_0199,220,622.578125,0.8145755944386183,1.0,1.0,1.0,1.0,1.0
OraclePerfect_B05,JILONG_EI_0199,230,646.59228515625,0.8322237142774054,1.0,1.0,1.0,1.0,1.0
OraclePerfect_B05,JILONG_EI_0199,240,688.566650390625,0.8472500914582448,1.0,1.0,1.0,1.0,1.0
OraclePerfect_B05,JILONG_EI_0199,250,727.2220458984375,0.8189840033780276,1.0,1.0,1.0,1.0,1.0
OraclePerfect_B05,JILONG_EI_0199,260,756.0048828125,0.7817468202013153,1.0,1.0,1.0,1.0,1.0
OraclePerfect_B05,JILONG_EI_0199,270,773.5877685546875,0.7455497055745125,1.0,1.0,1.0,1.0,1.0
OraclePerfect_B05,JILONG_EI_0199,280,780.4789428710938,0.7554543681006474,1.0,1.0,1.0,1.0,1.0
OraclePerfect_B05,JILONG_EI_0199,290,782.3328247070312,0.762194010319007,1.0,1.0,1.0,1.0,1.0
OraclePerfect_B05,JILONG_EI_0199,300,781.70263671875,0.7611785573889964,1.0,1.0,1.0,1.0,1.0
OraclePerfect_B05,JILONG_EI_0199,310,787.3482666015625,0.7542292957734594,1.0,1.0,1.0,1.0,1.0
OraclePerfect_B05,JILONG_EI_0199,320,785.4093627929688,0.7310909276622196,1.0,1.0,1.0,1.0,1.0
OraclePerfect_B05,JILONG_EI_0199,330,779.2861328125,0.7023679885755605,1.0,1.0,1.0,1.0,1.0
OraclePerfect_B05,JILONG_EI_0199,340,777.7167358398438,0.6645102150952671,1.0,1.0,1.0,1.0,1.0
OraclePerfect_B05,JILONG_EI_0199,350,778.0948486328125,0.6844510547215152,1.0,1.0,1.0,1.0,1.0
OraclePerfect_B05,JILONG_EI_0199,360,781.535888671875,0.7062223122277006,1.0,1.0,1.0,1.0,1.0
OraclePerfect_B05,JILONG_EI_0199,370,787.7564697265625,0.7108980015991043,1.0,1.0,1.0,1.0,1.0
OraclePerfect_B05,JILONG_EI_0199,380,793.6260375976562,0.6923811712448115,1.0,1.0,1.0,1.0,1.0
OraclePerfect_B05,JILONG_EI_0199,390,799.329833984375,0.6661486803159402,1.0,1.0,1.0,1.0,1.0
OraclePerfect_B05,JILONG_EI_0199,400,809.97607421875,0.6301747744133039,1.0,1.0,1.0,1.0,1.0
OraclePerfect_B05,JILONG_EI_0199,410,812.6087646484375,0.598937297114547,1.0,1.0,1.0,1.0,1.0
OraclePerfect_B05,JILONG_EI_0199,420,813.2091064453125,0.5724863681915505,1.0,1.0,1.0,1.0,1.0
OraclePerfect_B05,JILONG_EI_0199,430,811.580322265625,0.5599418459852893,1.0,1.0,1.0,1.0,1.0
OraclePerfect_B05,JILONG_EI_0199,440,809.6695556640625,0.5570954058058221,1.0,1.0,1.0,1.0,1.0
OraclePerfect_B05,JILONG_EI_0199,450,804.5527954101562,0.5475305666370403,1.0,1.0,1.0,1.0,1.0
OraclePerfect_B05,JILONG_EI_0199,460,800.6682739257812,0.5395981045140062,1.0,1.0,1.0,1.0,1.0
OraclePerfect_B05,JILONG_EI_0199,470,795.751953125,0.5410202201796082,1.0,1.0,1.0,1.0,1.0
OraclePerfect_B05,JILONG_EI_0199,480,790.0687255859375,0.5471504716240697,1.0,1.0,1.0,1.0,1.0
OraclePerfect_B05,JILONG_EI_0199,490,783.6441650390625,0.5530822997551439,1.0,1.0,1.0,1.0,1.0
OraclePerfect_B05,JILONG_EI_0199,500,779.7623291015625,0.5564906831764647,1.0,1.0,1.0,1.0,1.0
OraclePerfect_B05,JILONG_EI_0199,510,778.3970947265625,0.5587410528131881,1.0,1.0,1.0,1.0,1.0
OraclePerfect_B05,JILONG_EI_0199,520,778.7882080078125,0.5587965964380194,1.0,1.0,1.0,1.0,1.0
OraclePerfect_B05,JILONG_EI_0199,530,782.2324829101562,0.5613387534068344,1.0,1.0,1.0,1.0,1.0
OraclePerfect_B05,JILONG_EI_0199,540,786.776123046875,0.5633527175353791,1.0,1.0,1.0,1.0,1.0
OraclePerfect_B05,JILONG_EI_0199,550,791.201171875,0.5663998336573183,1.0,1.0,1.0,1.0,1.0
OraclePerfect_B05,JILONG_EI_0199,560,792.03662109375,0.5669127249422853,1.0,1.0,1.0,1.0,1.0
OraclePerfect_B05,JILONG_EI_0199,570,795.8436279296875,0.5670343781875554,1.0,1.0,1.0,1.0,1.0
OraclePerfect_B05,JILONG_EI_0199,580,798.0480346679688,0.5655419191636698,1.0,1.0,1.0,1.0,1.0
OraclePerfect_B05,JILONG_EI_0199,590,799.7869262695312,0.5678854449364558,1.0,1.0,1.0,1.0,1.0
OraclePerfect_B05,JILONG_EI_0199,600,801.7095947265625,0.5719265231117188,1.0,1.0,1.0,1.0,1.0
OraclePerfect_B05,JILONG_EI_0199,610,803.91748046875,0.5745803383038557,1.0,1.0,1.0,1.0,1.0
OraclePerfect_B05,JILONG_EI_0199,620,808.7156982421875,0.575636300738827,1.0,1.0,1.0,1.0,1.0
OraclePerfect_B05,JILONG_EI_0199,630,813.0866088867188,0.5774537325902263,1.0,1.0,1.0,1.0,1.0
OraclePerfect_B05,JILONG_EI_0199,640,815.9876098632812,0.5797473274611473,1.0,1.0,1.0,1.0,1.0
OraclePerfect_B05,JILONG_EI_0199,650,818.330322265625,0.5825725433093277,1.0,1.0,1.0,1.0,1.0
OraclePerfect_B05,JILONG_EI_0199,660,820.91845703125,0.5870668254646702,1.0,1.0,1.0,1.0,1.0
OraclePerfect_B05,JILONG_EI_0199,670,824.364990234375,0.5872495245913966,1.0,1.0,1.0,1.0,1.0
OraclePerfect_B05,JILONG_EI_0199,680,830.8203125,0.5887654779874766,1.0,1.0,1.0,1.0,1.0
OraclePerfect_B05,JILONG_EI_0199,690,835.2295532226562,0.5895663873289964,1.0,1.0,1.0,1.0,1.0
OraclePerfect_B05,JILONG_EI_0199,700,838.6522216796875,0.5892025458166176,1.0,1.0,1.0,1.0,1.0
OraclePerfect_B05,JILONG_EI_0199,710,841.44580078125,0.5887834250674139,1.0,1.0,1.0,1.0,1.0
OraclePerfect_B05,JILONG_EI_0199,720,846.053955078125,0.5875321981588534,1.0,1.0,1.0,1.0,1.0
OraclePerfect_B05,JILONG_EI_0199,730,852.6245727539062,0.5864722438188608,1.0,1.0,1.0,1.0,1.0
OraclePerfect_B05,JILONG_EI_0199,740,862.6038818359375,0.5853619645263717,1.0,1.0,1.0,1.0,1.0
OraclePerfect_B05,JILONG_EI_0199,750,871.3956298828125,0.5836249048078013,1.0,1.0,1.0,1.0,1.0
OraclePerfect_B05,JILONG_EI_0199,760,877.9930419921875,0.5806895245678738,1.0,1.0,1.0,1.0,1.0
OraclePerfect_B05,JILONG_EI_0199,770,884.2962036132812,0.5789053613228066,1.0,1.0,1.0,1.0,1.0
OraclePerfect_B05,JILONG_EI_0199,780,890.8770141601562,0.5759001970884954,1.0,1.0,1.0,1.0,1.0
OraclePerfect_B05,JILONG_EI_0199,790,898.3892211914062,0.5728966736625745,1.0,1.0,1.0,1.0,1.0
OraclePerfect_B05,JILONG_EI_0199,800,902.5889282226562,0.5705543600619475,1.0,1.0,1.0,1.0,1.0
OraclePerfect_B05,JILONG_EI_0199,810,907.9672241210938,0.5712337602146084,1.0,1.0,1.0,1.0,1.0
OraclePerfect_B05,JILONG_EI_0199,820,913.2699584960938,0.5704777427050504,1.0,1.0,1.0,1.0,1.0
OraclePerfect_B05,JILONG_EI_0199,830,919.4164428710938,0.5692046656152309,1.0,1.0,1.0,1.0,1.0
OraclePerfect_B05,JILONG_EI_0199,840,925.650390625,0.5680784409115567,1.0,1.0,1.0,1.0,1.0
OraclePerfect_B05,JILONG_EI_0199,850,929.107666015625,0.5650203189129793,1.0,1.0,1.0,1.0,1.0
OraclePerfect_B05,JILONG_EI_0199,860,935.3807983398438,0.5645331406093224,1.0,1.0,1.0,1.0,1.0
OraclePerfect_B05,JILONG_EI_0199,870,940.900146484375,0.5629468076969059,1.0,1.0,1.0,1.0,1.0
OraclePerfect_B05,JILONG_EI_0199,880,944.1810913085938,0.560307474690772,1.0,1.0,1.0,1.0,1.0
OraclePerfect_B05,JILONG_EI_0199,890,949.32373046875,0.5589498415675882,1.0,1.0,1.0,1.0,1.0
OraclePerfect_B05,JILONG_EI_0199,900,950.118408203125,0.5547588070731881,1.0,1.0,1.0,1.0,1.0
OraclePerfect_B05,JILONG_EI_0199,910,953.9805908203125,0.5528705480254169,1.0,1.0,1.0,1.0,1.0
OraclePerfect_B05,JILONG_EI_0199,920,958.8237915039062,0.551868990782226,1.0,1.0,1.0,1.0,1.0
OraclePerfect_B05,JILONG_EI_0199,930,963.3443603515625,0.5489195222722978,1.0,1.0,1.0,1.0,1.0
OraclePerfect_B05,JILONG_EI_0199,940,966.4902954101562,0.5461214322213691,1.0,1.0,1.0,1.0,1.0
OraclePerfect_B05,JILONG_EI_0199,950,972.0394897460938,0.5439416164417648,1.0,1.0,1.0,1.0,1.0
OraclePerfect_B05,JILONG_EI_0199,960,975.6913452148438,0.5413428020000619,1.0,1.0,1.0,1.0,1.0
OraclePerfect_B05,JILONG_EI_0199,970,977.44873046875,0.53615746682522,1.0,1.0,1.0,1.0,1.0
OraclePerfect_B05,JILONG_EI_0199,980,979.8898315429688,0.5320585268633257,1.0,1.0,1.0,1.0,1.0
OraclePerfect_B05,JILONG_EI_0199,990,983.1300659179688,0.5286143720689838,1.0,1.0,1.0,1.0,1.0
OraclePerfect_B05,JILONG_EI_0199,1000,985.3768310546875,0.5231880477999878,1.0,1.0,1.0,1.0,1.0
OraclePerfect_B05,JILONG_EI_0199,1010,982.7008056640625,0.5134165643398719,1.0,1.0,1.0,1.0,1.0
OraclePerfect_B05,JILONG_EI_0199,1020,979.6942749023438,0.5045290404126335,1.0,1.0,1.0,1.0,1.0
OraclePerfect_B05,JILONG_EI_0199,1030,981.2598876953125,0.4988127436880826,1.0,1.0,1.0,1.0,1.0
OraclePerfect_B05,JILONG_EI_0199,1040,981.1511840820312,0.4956267856806535,1.0,1.0,1.0,1.0,1.0
OraclePerfect_B05,JILONG_EI_0199,1050,981.408203125,0.4963176674461902,1.0,1.0,1.0,1.0,1.0
OraclePerfect_B05,JILONG_EI_0199,1060,981.7592163085938,0.49270915790372244,1.0,1.0,1.0,1.0,1.0
OraclePerfect_B05,JILONG_EI_0199,1070,983.5830688476562,0.4906270590518823,1.0,1.0,1.0,1.0,1.0
OraclePerfect_B05,JILONG_EI_0199,1080,985.108154296875,0.48843262410639104,1.0,1.0,1.0,1.0,1.0
OraclePerfect_B05,JILONG_EI_0199,1090,986.908447265625,0.4864524081636258,1.0,1.0,1.0,1.0,1.0
OraclePerfect_B05,JILONG_EI_0199,1100,989.0545654296875,0.4827352993672975,1.0,1.0,1.0,1.0,1.0
OraclePerfect_B05,JILONG_EI_0199,1110,991.0728149414062,0.4811425476275851,1.0,1.0,1.0,1.0,1.0
OraclePerfect_B05,JILONG_EI_0199,1120,993.7202758789062,0.4802442840432904,1.0,1.0,1.0,1.0,1.0
OraclePerfect_B05,JILONG_EI_0199,1130,992.083984375,0.48063004291295613,1.0,1.0,1.0,1.0,1.0
OraclePerfect_B05,JILONG_EI_0199,1140,993.4998779296875,0.47938501695289387,1.0,1.0,1.0,1.0,1.0
OraclePerfect_B05,JILONG_EI_0199,1150,994.6654052734375,0.47525103397678625,1.0,1.0,1.0,1.0,1.0
OraclePerfect_B05,JILONG_EI_0199,1160,995.6160278320312,0.47341170713049413,1.0,1.0,1.0,1.0,1.0
OraclePerfect_B05,JILONG_EI_0199,1170,996.8624267578125,0.4719034452021319,1.0,1.0,1.0,1.0,1.0
OraclePerfect_B05,JILONG_EI_0199,1180,996.6360473632812,0.468663214380519,1.0,1.0,1.0,1.0,1.0
OraclePerfect_B05,JILONG_EI_0199,1190,995.224365234375,0.4613188935804784,1.0,1.0,1.0,1.0,1.0
OraclePerfect_B05,JILONG_EI_0199,1200,997.75830078125,0.4593907246469048,1.0,1.0,1.0,1.0,1.0
OraclePerfect_B05,JILONG_EI_0199,1210,1000.1456909179688,0.4578178916451131,1.0,1.0,1.0,1.0,1.0
OraclePerfect_B05,JILONG_EI_0199,1220,1002.5321655273438,0.45669434034277107,1.0,1.0,1.0,1.0,1.0
OraclePerfect_B05,JILONG_EI_0199,1230,1003.4564208984375,0.45279000690460336,1.0,1.0,1.0,1.0,1.0
OraclePerfect_B05,JILONG_EI_0199,1240,1007.289794921875,0.4481656381244881,1.0,1.0,1.0,1.0,1.0
OraclePerfect_B05,JILONG_EI_0199,1250,1006.0511474609375,0.4445583726378246,1.0,1.0,1.0,1.0,1.0
OraclePerfect_B05,JILONG_EI_0199,1260,1007.1356201171875,0.44453185724626654,1.0,1.0,1.0,1.0,1.0
OraclePerfect_B05,JILONG_EI_0199,1270,1008.422119140625,0.44089892612999687,1.0,1.0,1.0,1.0,1.0
OraclePerfect_B05,JILONG_EI_0199,1280,1009.8927001953125,0.43590757182401385,1.0,1.0,1.0,1.0,1.0
OraclePerfect_B05,JILONG_EI_0199,1290,1011.7683715820312,0.4349210711479817,1.0,1.0,1.0,1.0,1.0
OraclePerfect_B05,JILONG_EI_0199,1300,1014.48583984375,0.4320908975707849,1.0,1.0,1.0,1.0,1.0
OraclePerfect_B05,JILONG_EI_0199,1310,1015.7033081054688,0.4272519268383333,1.0,1.0,1.0,1.0,1.0
OraclePerfect_B05,JILONG_EI_0199,1320,1015.9191284179688,0.42359661311018987,1.0,1.0,1.0,1.0,1.0
OraclePerfect_B05,JILONG_EI_0199,1330,1012.0121459960938,0.4185462662558951,1.0,1.0,1.0,1.0,1.0
OraclePerfect_B05,JILONG_EI_0199,1340,1014.0487670898438,0.41613727835590913,1.0,1.0,1.0,1.0,1.0
OraclePerfect_B05,JILONG_EI_0199,1350,1012.7612915039062,0.41910152183357297,1.0,1.0,1.0,1.0,1.0
OraclePerfect_B05,JILONG_EI_0199,1360,1008.3864135742188,0.4164188673565106,1.0,1.0,1.0,1.0,1.0
OraclePerfect_B05,JILONG_EI_0199,1370,1009.6687622070312,0.4178431493417992,1.0,1.0,1.0,1.0,1.0
OraclePerfect_B05,JILONG_EI_0199,1380,1013.062255859375,0.41704816271511214,1.0,1.0,1.0,1.0,1.0
OraclePerfect_B05,JILONG_EI_0199,1390,1017.0557861328125,0.4155365583367076,1.0,1.0,1.0,1.0,1.0
OraclePerfect_B05,JILONG_EI_0199,1400,1022.152587890625,0.4142029277639883,1.0,1.0,1.0,1.0,1.0
OraclePerfect_B05,JILONG_EI_0199,1410,1024.54296875,0.4129955206413245,1.0,1.0,1.0,1.0,1.0
OraclePerfect_B05,JILONG_EI_0199,1420,1030.141845703125,0.4111103004224998,1.0,1.0,1.0,1.0,1.0
OraclePerfect_B05,JILONG_EI_0199,1430,1029.5419921875,0.4065072357293748,1.0,1.0,1.0,1.0,1.0
OraclePerfect_B05,JILONG_EI_0199,1440,1032.391845703125,0.40605173091020147,1.0,1.0,1.0,1.0,1.0
OraclePerfect_B10,JILONG_EI_0009,10,22.92501449584961,0.9893988673014942,1.0,1.0,1.0,1.0,1.0
OraclePerfect_B10,JILONG_EI_0009,20,38.996665954589844,0.9944617599004589,1.0,1.0,1.0,1.0,1.0
OraclePerfect_B10,JILONG_EI_0009,30,77.17957305908203,0.996340204439851,1.0,1.0,1.0,1.0,1.0
OraclePerfect_B10,JILONG_EI_0009,40,175.9430389404297,0.9918466562972715,1.0,1.0,1.0,1.0,1.0
OraclePerfect_B10,JILONG_EI_0009,50,240.2625274658203,0.9210919916107738,1.0,1.0,1.0,1.0,1.0
OraclePerfect_B10,JILONG_EI_0009,60,277.36578369140625,0.8833447533727163,1.0,1.0,1.0,1.0,1.0
OraclePerfect_B10,JILONG_EI_0009,70,342.68597412109375,0.858199256009017,1.0,1.0,1.0,1.0,1.0
OraclePerfect_B10,JILONG_EI_0009,80,432.1202697753906,0.7937951468203062,1.0,1.0,1.0,1.0,1.0
OraclePerfect_B10,JILONG_EI_0009,90,498.39959716796875,0.6679581715175485,1.0,1.0,1.0,1.0,1.0
OraclePerfect_B10,JILONG_EI_0009,100,524.8768310546875,0.6747371739912187,1.0,1.0,1.0,1.0,1.0
OraclePerfect_B10,JILONG_EI_0009,110,547.8076171875,0.6615221385520187,1.0,1.0,1.0,1.0,1.0
OraclePerfect_B10,JILONG_EI_0009,120,597.969482421875,0.6782624106667472,1.0,1.0,1.0,1.0,1.0
OraclePerfect_B10,JILONG_EI_0009,130,604.330322265625,0.6840489365236543,1.0,1.0,1.0,1.0,1.0
OraclePerfect_B10,JILONG_EI_0009,140,565.5943603515625,0.7100688143531486,1.0,1.0,1.0,1.0,1.0
OraclePerfect_B10,JILONG_EI_0009,150,532.7303466796875,0.7002112325259101,1.0,1.0,1.0,1.0,1.0
OraclePerfect_B10,JILONG_EI_0009,160,470.29510498046875,0.6960848800197952,1.0,1.0,1.0,1.0,1.0
OraclePerfect_B10,JILONG_EI_0009,170,465.0975341796875,0.6952914910996282,1.0,1.0,1.0,1.0,1.0
OraclePerfect_B10,JILONG_EI_0009,180,451.76953125,0.6999810893128605,1.0,1.0,1.0,1.0,1.0
OraclePerfect_B10,JILONG_EI_0009,190,430.4144287109375,0.716908722013522,1.0,1.0,1.0,1.0,1.0
OraclePerfect_B10,JILONG_EI_0009,200,433.856689453125,0.7458804806896124,1.0,1.0,1.0,1.0,1.0
OraclePerfect_B10,JILONG_EI_0009,210,494.52764892578125,0.7812570167396014,1.0,1.0,1.0,1.0,1.0
OraclePerfect_B10,JILONG_EI_0009,220,532.38525390625,0.8026521269188082,1.0,1.0,1.0,1.0,1.0
OraclePerfect_B10,JILONG_EI_0009,230,581.4978637695312,0.8229469531136213,1.0,1.0,1.0,1.0,1.0
OraclePerfect_B10,JILONG_EI_0009,240,647.6664428710938,0.823818906532059,1.0,1.0,1.0,1.0,1.0
OraclePerfect_B10,JILONG_EI_0009,250,714.1531372070312,0.7745798566372772,1.0,1.0,1.0,1.0,1.0
OraclePerfect_B10,JILONG_EI_0009,260,772.8699340820312,0.7449877560254599,1.0,1.0,1.0,1.0,1.0
OraclePerfect_B10,JILONG_EI_0009,270,802.9921875,0.7528820517167695,1.0,1.0,1.0,1.0,1.0
OraclePerfect_B10,JILONG_EI_0009,280,824.51904296875,0.7585185060501495,1.0,1.0,1.0,1.0,1.0
OraclePerfect_B10,JILONG_EI_0009,290,836.8865356445312,0.7527791613091557,1.0,1.0,1.0,1.0,1.0
OraclePerfect_B10,JILONG_EI_0009,300,851.9605712890625,0.7368966942838125,1.0,1.0,1.0,1.0,1.0
OraclePerfect_B10,JILONG_EI_0009,310,871.5791015625,0.7116398688083967,1.0,1.0,1.0,1.0,1.0
OraclePerfect_B10,JILONG_EI_0009,320,887.53173828125,0.6830124847279562,1.0,1.0,1.0,1.0,1.0
OraclePerfect_B10,JILONG_EI_0009,330,892.657958984375,0.6513005728437326,1.0,1.0,1.0,1.0,1.0
OraclePerfect_B10,JILONG_EI_0009,340,894.3466796875,0.6770718787399865,1.0,1.0,1.0,1.0,1.0
OraclePerfect_B10,JILONG_EI_0009,350,904.3052368164062,0.6899929184265755,1.0,1.0,1.0,1.0,1.0
OraclePerfect_B10,JILONG_EI_0009,360,909.1770629882812,0.6850033716049143,1.0,1.0,1.0,1.0,1.0
OraclePerfect_B10,JILONG_EI_0009,370,914.913330078125,0.6685540624654556,1.0,1.0,1.0,1.0,1.0
OraclePerfect_B10,JILONG_EI_0009,380,923.8502197265625,0.6465934057094057,1.0,1.0,1.0,1.0,1.0
OraclePerfect_B10,JILONG_EI_0009,390,928.8720703125,0.6216090897821585,1.0,1.0,1.0,1.0,1.0
OraclePerfect_B10,JILONG_EI_0009,400,932.5184326171875,0.5954536963550857,1.0,1.0,1.0,1.0,1.0
OraclePerfect_B10,JILONG_EI_0009,410,923.494384765625,0.5746171194900537,1.0,1.0,1.0,1.0,1.0
OraclePerfect_B10,JILONG_EI_0009,420,914.3538818359375,0.5609639098542178,1.0,1.0,1.0,1.0,1.0
OraclePerfect_B10,JILONG_EI_0009,430,905.55078125,0.5583754044734246,1.0,1.0,1.0,1.0,1.0
OraclePerfect_B10,JILONG_EI_0009,440,902.3787231445312,0.5538549318251373,1.0,1.0,1.0,1.0,1.0
OraclePerfect_B10,JILONG_EI_0009,450,893.31298828125,0.5501108864794123,1.0,1.0,1.0,1.0,1.0
OraclePerfect_B10,JILONG_EI_0009,460,883.6908569335938,0.5546499790105889,1.0,1.0,1.0,1.0,1.0
OraclePerfect_B10,JILONG_EI_0009,470,877.0499267578125,0.5588952678706607,1.0,1.0,1.0,1.0,1.0
OraclePerfect_B10,JILONG_EI_0009,480,869.5401611328125,0.5631473117378074,1.0,1.0,1.0,1.0,1.0
OraclePerfect_B10,JILONG_EI_0009,490,864.238525390625,0.564833301828702,1.0,1.0,1.0,1.0,1.0
OraclePerfect_B10,JILONG_EI_0009,500,861.79345703125,0.5682394858235009,1.0,1.0,1.0,1.0,1.0
OraclePerfect_B10,JILONG_EI_0009,510,859.1553344726562,0.5685427072018299,1.0,1.0,1.0,1.0,1.0
OraclePerfect_B10,JILONG_EI_0009,520,858.8270263671875,0.5693067989977404,1.0,1.0,1.0,1.0,1.0
OraclePerfect_B10,JILONG_EI_0009,530,859.684326171875,0.5691470338524998,1.0,1.0,1.0,1.0,1.0
OraclePerfect_B10,JILONG_EI_0009,540,858.806884765625,0.567711344151075,1.0,1.0,1.0,1.0,1.0
OraclePerfect_B10,JILONG_EI_0009,550,858.3006591796875,0.5671531717593529,1.0,1.0,1.0,1.0,1.0
OraclePerfect_B10,JILONG_EI_0009,560,854.9168701171875,0.5653562683917823,1.0,1.0,1.0,1.0,1.0
OraclePerfect_B10,JILONG_EI_0009,570,852.0465087890625,0.5635184122313229,1.0,1.0,1.0,1.0,1.0
OraclePerfect_B10,JILONG_EI_0009,580,849.9111328125,0.5616466124914208,1.0,1.0,1.0,1.0,1.0
OraclePerfect_B10,JILONG_EI_0009,590,849.120361328125,0.5572608777305054,1.0,1.0,1.0,1.0,1.0
OraclePerfect_B10,JILONG_EI_0009,600,848.0718994140625,0.5538017363666796,1.0,1.0,1.0,1.0,1.0
OraclePerfect_B10,JILONG_EI_0009,610,847.1423950195312,0.5498520575527959,1.0,1.0,1.0,1.0,1.0
OraclePerfect_B10,JILONG_EI_0009,620,846.8701782226562,0.5475955385359325,1.0,1.0,1.0,1.0,1.0
OraclePerfect_B10,JILONG_EI_0009,630,845.3424072265625,0.5453044924889666,1.0,1.0,1.0,1.0,1.0
OraclePerfect_B10,JILONG_EI_0009,640,844.5259399414062,0.5457919235366608,1.0,1.0,1.0,1.0,1.0
OraclePerfect_B10,JILONG_EI_0009,650,841.3868408203125,0.5442077529413678,1.0,1.0,1.0,1.0,1.0
OraclePerfect_B10,JILONG_EI_0009,660,839.5986328125,0.5447152537463387,1.0,1.0,1.0,1.0,1.0
OraclePerfect_B10,JILONG_EI_0009,670,840.202392578125,0.54371629268158,1.0,1.0,1.0,1.0,1.0
OraclePerfect_B10,JILONG_EI_0009,680,840.4464111328125,0.5433521716469044,1.0,1.0,1.0,1.0,1.0
OraclePerfect_B10,JILONG_EI_0009,690,842.9267578125,0.5465217355883343,1.0,1.0,1.0,1.0,1.0
OraclePerfect_B10,JILONG_EI_0009,700,843.391357421875,0.551307008023878,1.0,1.0,1.0,1.0,1.0
OraclePerfect_B10,JILONG_EI_0009,710,847.227294921875,0.5533403113580915,1.0,1.0,1.0,1.0,1.0
OraclePerfect_B10,JILONG_EI_0009,720,847.628173828125,0.5552999525295906,1.0,1.0,1.0,1.0,1.0
OraclePerfect_B10,JILONG_EI_0009,730,847.5506591796875,0.5582455293306157,1.0,1.0,1.0,1.0,1.0
OraclePerfect_B10,JILONG_EI_0009,740,847.552734375,0.5603951815000929,1.0,1.0,1.0,1.0,1.0
OraclePerfect_B10,JILONG_EI_0009,750,848.5266723632812,0.5624944593723202,1.0,1.0,1.0,1.0,1.0
OraclePerfect_B10,JILONG_EI_0009,760,851.1414794921875,0.5635889311371561,1.0,1.0,1.0,1.0,1.0
OraclePerfect_B10,JILONG_EI_0009,770,855.1954345703125,0.5623992946839959,1.0,1.0,1.0,1.0,1.0
OraclePerfect_B10,JILONG_EI_0009,780,858.2484130859375,0.5621844090563014,1.0,1.0,1.0,1.0,1.0
OraclePerfect_B10,JILONG_EI_0009,790,862.2373046875,0.5611625852706044,1.0,1.0,1.0,1.0,1.0
OraclePerfect_B10,JILONG_EI_0009,800,864.909423828125,0.5611260553780217,1.0,1.0,1.0,1.0,1.0
OraclePerfect_B10,JILONG_EI_0009,810,869.36572265625,0.5613632210571108,1.0,1.0,1.0,1.0,1.0
OraclePerfect_B10,JILONG_EI_0009,820,873.7443237304688,0.5605308335335508,1.0,1.0,1.0,1.0,1.0
OraclePerfect_B10,JILONG_EI_0009,830,877.8112182617188,0.5599886383796091,1.0,1.0,1.0,1.0,1.0
OraclePerfect_B10,JILONG_EI_0009,840,881.0703735351562,0.5599725379974629,1.0,1.0,1.0,1.0,1.0
OraclePerfect_B10,JILONG_EI_0009,850,883.7987060546875,0.558907170325927,1.0,1.0,1.0,1.0,1.0
OraclePerfect_B10,JILONG_EI_0009,860,887.33349609375,0.5583210387932779,1.0,1.0,1.0,1.0,1.0
OraclePerfect_B10,JILONG_EI_0009,870,891.0093994140625,0.5564146846420227,1.0,1.0,1.0,1.0,1.0
OraclePerfect_B10,JILONG_EI_0009,880,894.11474609375,0.5554099103235085,1.0,1.0,1.0,1.0,1.0
OraclePerfect_B10,JILONG_EI_0009,890,898.5201416015625,0.5538329480096166,1.0,1.0,1.0,1.0,1.0
OraclePerfect_B10,JILONG_EI_0009,900,902.852294921875,0.5514035887426544,1.0,1.0,1.0,1.0,1.0
OraclePerfect_B10,JILONG_EI_0009,910,905.624267578125,0.5470868863238412,1.0,1.0,1.0,1.0,1.0
OraclePerfect_B10,JILONG_EI_0009,920,910.0671997070312,0.5424595501823283,1.0,1.0,1.0,1.0,1.0
OraclePerfect_B10,JILONG_EI_0009,930,914.6170654296875,0.5386456197981073,1.0,1.0,1.0,1.0,1.0
OraclePerfect_B10,JILONG_EI_0009,940,917.7213745117188,0.5353533918932188,1.0,1.0,1.0,1.0,1.0
OraclePerfect_B10,JILONG_EI_0009,950,922.7501220703125,0.5327342849002378,1.0,1.0,1.0,1.0,1.0
OraclePerfect_B10,JILONG_EI_0009,960,923.781005859375,0.5287723694041799,1.0,1.0,1.0,1.0,1.0
OraclePerfect_B10,JILONG_EI_0009,970,927.9945678710938,0.5252270055910502,1.0,1.0,1.0,1.0,1.0
OraclePerfect_B10,JILONG_EI_0009,980,932.1943359375,0.5214328313825111,1.0,1.0,1.0,1.0,1.0
OraclePerfect_B10,JILONG_EI_0009,990,936.3104858398438,0.5192072489852568,1.0,1.0,1.0,1.0,1.0
OraclePerfect_B10,JILONG_EI_0009,1000,938.838623046875,0.5152310518507415,1.0,1.0,1.0,1.0,1.0
OraclePerfect_B10,JILONG_EI_0009,1010,943.5011596679688,0.5113480503124818,1.0,1.0,1.0,1.0,1.0
OraclePerfect_B10,JILONG_EI_0009,1020,947.2725219726562,0.5078669753330868,1.0,1.0,1.0,1.0,1.0
OraclePerfect_B10,JILONG_EI_0009,1030,950.078369140625,0.5053166959498419,1.0,1.0,1.0,1.0,1.0
OraclePerfect_B10,JILONG_EI_0009,1040,953.7142333984375,0.5024551392871953,1.0,1.0,1.0,1.0,1.0
OraclePerfect_B10,JILONG_EI_0009,1050,957.6263427734375,0.4993974193226537,1.0,1.0,1.0,1.0,1.0
OraclePerfect_B10,JILONG_EI_0009,1060,961.4603271484375,0.49705877854975067,1.0,1.0,1.0,1.0,1.0
OraclePerfect_B10,JILONG_EI_0009,1070,963.0161743164062,0.492882318643039,1.0,1.0,1.0,1.0,1.0
OraclePerfect_B10,JILONG_EI_0009,1080,967.1168212890625,0.49007868018948136,1.0,1.0,1.0,1.0,1.0
OraclePerfect_B10,JILONG_EI_0009,1090,970.1753540039062,0.48799342546959906,1.0,1.0,1.0,1.0,1.0
OraclePerfect_B10,JILONG_EI_0009,1100,974.5,0.4864986644726102,1.0,1.0,1.0,1.0,1.0
OraclePerfect_B10,JILONG_EI_0009,1110,978.330078125,0.4855414848172974,1.0,1.0,1.0,1.0,1.0
OraclePerfect_B10,JILONG_EI_0009,1120,981.43359375,0.48390126313826815,1.0,1.0,1.0,1.0,1.0
OraclePerfect_B10,JILONG_EI_0009,1130,983.1636962890625,0.4813355735787196,1.0,1.0,1.0,1.0,1.0
OraclePerfect_B10,JILONG_EI_0009,1140,987.7918701171875,0.48050116929650505,1.0,1.0,1.0,1.0,1.0
OraclePerfect_B10,JILONG_EI_0009,1150,989.754150390625,0.4787653533418431,1.0,1.0,1.0,1.0,1.0
OraclePerfect_B10,JILONG_EI_0009,1160,994.1119384765625,0.47819963579220404,1.0,1.0,1.0,1.0,1.0
OraclePerfect_B10,JILONG_EI_0009,1170,996.688720703125,0.47628161454519463,1.0,1.0,1.0,1.0,1.0
OraclePerfect_B10,JILONG_EI_0009,1180,998.7725830078125,0.4742497097099292,1.0,1.0,1.0,1.0,1.0
OraclePerfect_B10,JILONG_EI_0009,1190,1000.8758544921875,0.47344088718130817,1.0,1.0,1.0,1.0,1.0
OraclePerfect_B10,JILONG_EI_0009,1200,1003.6212768554688,0.4719950093636018,1.0,1.0,1.0,1.0,1.0
OraclePerfect_B10,JILONG_EI_0009,1210,1005.8539428710938,0.47145282710827624,1.0,1.0,1.0,1.0,1.0
OraclePerfect_B10,JILONG_EI_0009,1220,1007.556396484375,0.46984279310930543,1.0,1.0,1.0,1.0,1.0
OraclePerfect_B10,JILONG_EI_0009,1230,1010.0431518554688,0.46830652448469595,1.0,1.0,1.0,1.0,1.0
OraclePerfect_B10,JILONG_EI_0009,1240,1012.2144165039062,0.4662801536702593,1.0,1.0,1.0,1.0,1.0
OraclePerfect_B10,JILONG_EI_0009,1250,1012.0584716796875,0.4628417750288271,1.0,1.0,1.0,1.0,1.0
OraclePerfect_B10,JILONG_EI_0009,1260,1014.591064453125,0.4615723513656384,1.0,1.0,1.0,1.0,1.0
OraclePerfect_B10,JILONG_EI_0009,1270,1017.111083984375,0.4610277020208701,1.0,1.0,1.0,1.0,1.0
OraclePerfect_B10,JILONG_EI_0009,1280,1018.7093505859375,0.4582375034607938,1.0,1.0,1.0,1.0,1.0
OraclePerfect_B10,JILONG_EI_0009,1290,1022.1044921875,0.4570562345280217,1.0,1.0,1.0,1.0,1.0
OraclePerfect_B10,JILONG_EI_0009,1300,1022.0498657226562,0.4531900122063147,1.0,1.0,1.0,1.0,1.0
OraclePerfect_B10,JILONG_EI_0009,1310,1026.7930908203125,0.45080161302460064,1.0,1.0,1.0,1.0,1.0
OraclePerfect_B10,JILONG_EI_0009,1320,1026.912109375,0.44622601565475445,1.0,1.0,1.0,1.0,1.0
OraclePerfect_B10,JILONG_EI_0009,1330,1030.828857421875,0.4441190303612554,1.0,1.0,1.0,1.0,1.0
OraclePerfect_B10,JILONG_EI_0009,1340,1032.51953125,0.44083361360008694,1.0,1.0,1.0,1.0,1.0
OraclePerfect_B10,JILONG_EI_0009,1350,1036.065673828125,0.438431469334385,1.0,1.0,1.0,1.0,1.0
OraclePerfect_B10,JILONG_EI_0009,1360,1039.809814453125,0.43572713058655477,1.0,1.0,1.0,1.0,1.0
OraclePerfect_B10,JILONG_EI_0009,1370,1043.2900390625,0.43360294329347665,1.0,1.0,1.0,1.0,1.0
OraclePerfect_B10,JILONG_EI_0009,1380,1045.540283203125,0.4313898785242767,1.0,1.0,1.0,1.0,1.0
OraclePerfect_B10,JILONG_EI_0009,1390,1046.80078125,0.42603673464617653,1.0,1.0,1.0,1.0,1.0
OraclePerfect_B10,JILONG_EI_0009,1400,1047.4024658203125,0.42106497563858153,1.0,1.0,1.0,1.0,1.0
OraclePerfect_B10,JILONG_EI_0009,1410,1049.73779296875,0.4164847231379204,1.0,1.0,1.0,1.0,1.0
OraclePerfect_B10,JILONG_EI_0009,1420,1054.0899658203125,0.41358837507782753,1.0,1.0,1.0,1.0,1.0
OraclePerfect_B10,JILONG_EI_0009,1430,1057.0179443359375,0.41135766175015415,1.0,1.0,1.0,1.0,1.0
OraclePerfect_B10,JILONG_EI_0009,1440,1056.2449951171875,0.40515276130004885,1.0,1.0,1.0,1.0,1.0
OraclePerfect_B10,JILONG_EI_0019,10,23.626689910888672,0.9959323435292468,1.0,1.0,1.0,1.0,1.0
OraclePerfect_B10,JILONG_EI_0019,20,43.795902252197266,0.9973749065529014,1.0,1.0,1.0,1.0,1.0
OraclePerfect_B10,JILONG_EI_0019,30,90.78514099121094,0.9982608166689776,1.0,1.0,1.0,1.0,1.0
OraclePerfect_B10,JILONG_EI_0019,40,173.4581298828125,0.9978873008662313,1.0,1.0,1.0,1.0,1.0
OraclePerfect_B10,JILONG_EI_0019,50,227.987060546875,0.9173314139089827,1.0,1.0,1.0,1.0,1.0
OraclePerfect_B10,JILONG_EI_0019,60,256.1834716796875,0.8786239427564337,1.0,1.0,1.0,1.0,1.0
OraclePerfect_B10,JILONG_EI_0019,70,298.50689697265625,0.8653474479388907,1.0,1.0,1.0,1.0,1.0
OraclePerfect_B10,JILONG_EI_0019,80,364.5543212890625,0.7753496582097027,1.0,1.0,1.0,1.0,1.0
OraclePerfect_B10,JILONG_EI_0019,90,424.749755859375,0.6597600734667721,1.0,1.0,1.0,1.0,1.0
OraclePerfect_B10,JILONG_EI_0019,100,464.458251953125,0.6871474725925397,1.0,1.0,1.0,1.0,1.0
OraclePerfect_B10,JILONG_EI_0019,110,469.9570007324219,0.6769960624729714,1.0,1.0,1.0,1.0,1.0
OraclePerfect_B10,JILONG_EI_0019,120,490.7771911621094,0.6866392089252513,1.0,1.0,1.0,1.0,1.0
OraclePerfect_B10,JILONG_EI_0019,130,522.34228515625,0.6908177201098036,1.0,1.0,1.0,1.0,1.0
OraclePerfect_B10,JILONG_EI_0019,140,496.24224853515625,0.712403678475943,1.0,1.0,1.0,1.0,1.0
OraclePerfect_B10,JILONG_EI_0019,150,468.7588806152344,0.7067533376333381,1.0,1.0,1.0,1.0,1.0
OraclePerfect_B10,JILONG_EI_0019,160,419.42901611328125,0.7042026945972646,1.0,1.0,1.0,1.0,1.0
OraclePerfect_B10,JILONG_EI_0019,170,412.1205139160156,0.7089171348976385,1.0,1.0,1.0,1.0,1.0
OraclePerfect_B10,JILONG_EI_0019,180,398.498046875,0.7094699996118877,1.0,1.0,1.0,1.0,1.0
OraclePerfect_B10,JILONG_EI_0019,190,394.98388671875,0.7152321393371012,1.0,1.0,1.0,1.0,1.0
OraclePerfect_B10,JILONG_EI_0019,200,392.10296630859375,0.7476408307461708,1.0,1.0,1.0,1.0,1.0
OraclePerfect_B10,JILONG_EI_0019,210,421.4909973144531,0.7716987850431446,1.0,1.0,1.0,1.0,1.0
OraclePerfect_B10,JILONG_EI_0019,220,469.47491455078125,0.8060160061553399,1.0,1.0,1.0,1.0,1.0
OraclePerfect_B10,JILONG_EI_0019,230,497.2481689453125,0.8183486450664688,1.0,1.0,1.0,1.0,1.0
OraclePerfect_B10,JILONG_EI_0019,240,550.290283203125,0.8345580276919411,1.0,1.0,1.0,1.0,1.0
OraclePerfect_B10,JILONG_EI_0019,250,614.0139770507812,0.8223417856885655,1.0,1.0,1.0,1.0,1.0
OraclePerfect_B10,JILONG_EI_0019,260,669.864990234375,0.7801817408322734,1.0,1.0,1.0,1.0,1.0
OraclePerfect_B10,JILONG_EI_0019,270,710.7430419921875,0.7409058995707976,1.0,1.0,1.0,1.0,1.0
OraclePerfect_B10,JILONG_EI_0019,280,731.373291015625,0.746536910322377,1.0,1.0,1.0,1.0,1.0
OraclePerfect_B10,JILONG_EI_0019,290,741.8321533203125,0.7491909586735134,1.0,1.0,1.0,1.0,1.0
OraclePerfect_B10,JILONG_EI_0019,300,752.48291015625,0.7502651841921273,1.0,1.0,1.0,1.0,1.0
OraclePerfect_B10,JILONG_EI_0019,310,764.0350341796875,0.7413013235833639,1.0,1.0,1.0,1.0,1.0
OraclePerfect_B10,JILONG_EI_0019,320,774.0767822265625,0.7191206056044883,1.0,1.0,1.0,1.0,1.0
OraclePerfect_B10,JILONG_EI_0019,330,776.8678588867188,0.6827712736246838,1.0,1.0,1.0,1.0,1.0
OraclePerfect_B10,JILONG_EI_0019,340,779.2721557617188,0.6502794723900902,1.0,1.0,1.0,1.0,1.0
OraclePerfect_B10,JILONG_EI_0019,350,782.8935546875,0.6709546760061389,1.0,1.0,1.0,1.0,1.0
OraclePerfect_B10,JILONG_EI_0019,360,782.1074829101562,0.6890226125323335,1.0,1.0,1.0,1.0,1.0
OraclePerfect_B10,JILONG_EI_0019,370,784.2060546875,0.6990400959325136,1.0,1.0,1.0,1.0,1.0
OraclePerfect_B10,JILONG_EI_0019,380,790.8137817382812,0.687859658245998,1.0,1.0,1.0,1.0,1.0
OraclePerfect_B10,JILONG_EI_0019,390,797.511962890625,0.6649739496009051,1.0,1.0,1.0,1.0,1.0
OraclePerfect_B10,JILONG_EI_0019,400,804.620849609375,0.6377783640097303,1.0,1.0,1.0,1.0,1.0
OraclePerfect_B10,JILONG_EI_0019,410,806.6786499023438,0.6109175619024348,1.0,1.0,1.0,1.0,1.0
OraclePerfect_B10,JILONG_EI_0019,420,805.5497436523438,0.5872294116672165,1.0,1.0,1.0,1.0,1.0
OraclePerfect_B10,JILONG_EI_0019,430,804.5917358398438,0.5658555044367292,1.0,1.0,1.0,1.0,1.0
OraclePerfect_B10,JILONG_EI_0019,440,806.2356567382812,0.558216225588656,1.0,1.0,1.0,1.0,1.0
OraclePerfect_B10,JILONG_EI_0019,450,800.855712890625,0.5554675174082552,1.0,1.0,1.0,1.0,1.0
OraclePerfect_B10,JILONG_EI_0019,460,796.7928466796875,0.5572658246941672,1.0,1.0,1.0,1.0,1.0
OraclePerfect_B10,JILONG_EI_0019,470,794.6361694335938,0.5602801090648697,1.0,1.0,1.0,1.0,1.0
OraclePerfect_B10,JILONG_EI_0019,480,787.857666015625,0.5632241632008128,1.0,1.0,1.0,1.0,1.0
OraclePerfect_B10,JILONG_EI_0019,490,777.1130981445312,0.5655265905194472,1.0,1.0,1.0,1.0,1.0
OraclePerfect_B10,JILONG_EI_0019,500,773.0106811523438,0.5688941232963518,1.0,1.0,1.0,1.0,1.0
OraclePerfect_B10,JILONG_EI_0019,510,769.7048950195312,0.5713457339830469,1.0,1.0,1.0,1.0,1.0
OraclePerfect_B10,JILONG_EI_0019,520,767.1448974609375,0.5728465383100604,1.0,1.0,1.0,1.0,1.0
OraclePerfect_B10,JILONG_EI_0019,530,768.5975341796875,0.5739711610348235,1.0,1.0,1.0,1.0,1.0
OraclePerfect_B10,JILONG_EI_0019,540,767.972412109375,0.5739537748165365,1.0,1.0,1.0,1.0,1.0
OraclePerfect_B10,JILONG_EI_0019,550,769.9842529296875,0.5735691475541798,1.0,1.0,1.0,1.0,1.0
OraclePerfect_B10,JILONG_EI_0019,560,770.552490234375,0.5720015113868282,1.0,1.0,1.0,1.0,1.0
OraclePerfect_B10,JILONG_EI_0019,570,768.7460327148438,0.5707435680882749,1.0,1.0,1.0,1.0,1.0
OraclePerfect_B10,JILONG_EI_0019,580,767.0805053710938,0.5663065542040385,1.0,1.0,1.0,1.0,1.0
OraclePerfect_B10,JILONG_EI_0019,590,766.7601928710938,0.5619856734982682,1.0,1.0,1.0,1.0,1.0
OraclePerfect_B10,JILONG_EI_0019,600,767.553955078125,0.5589070965181187,1.0,1.0,1.0,1.0,1.0
OraclePerfect_B10,JILONG_EI_0019,610,767.554931640625,0.5551800698578668,1.0,1.0,1.0,1.0,1.0
OraclePerfect_B10,JILONG_EI_0019,620,765.2404174804688,0.5523107528947038,1.0,1.0,1.0,1.0,1.0
OraclePerfect_B10,JILONG_EI_0019,630,768.3443603515625,0.550572763917485,1.0,1.0,1.0,1.0,1.0
OraclePerfect_B10,JILONG_EI_0019,640,767.0964965820312,0.5501661322073139,1.0,1.0,1.0,1.0,1.0
OraclePerfect_B10,JILONG_EI_0019,650,766.8176879882812,0.549812844236854,1.0,1.0,1.0,1.0,1.0
OraclePerfect_B10,JILONG_EI_0019,660,765.702880859375,0.549529921444021,1.0,1.0,1.0,1.0,1.0
OraclePerfect_B10,JILONG_EI_0019,670,766.127685546875,0.5483516461285176,1.0,1.0,1.0,1.0,1.0
OraclePerfect_B10,JILONG_EI_0019,680,765.7528076171875,0.5460357366718515,1.0,1.0,1.0,1.0,1.0
OraclePerfect_B10,JILONG_EI_0019,690,764.4339599609375,0.5461484809004372,1.0,1.0,1.0,1.0,1.0
OraclePerfect_B10,JILONG_EI_0019,700,766.3470458984375,0.5460490349274139,1.0,1.0,1.0,1.0,1.0
OraclePerfect_B10,JILONG_EI_0019,710,765.5689086914062,0.546986323841361,1.0,1.0,1.0,1.0,1.0
OraclePerfect_B10,JILONG_EI_0019,720,766.0076904296875,0.5485745658145771,1.0,1.0,1.0,1.0,1.0
OraclePerfect_B10,JILONG_EI_0019,730,768.0889892578125,0.551261999449206,1.0,1.0,1.0,1.0,1.0
OraclePerfect_B10,JILONG_EI_0019,740,768.954833984375,0.5538005823976,1.0,1.0,1.0,1.0,1.0
OraclePerfect_B10,JILONG_EI_0019,750,771.611083984375,0.5538995685478024,1.0,1.0,1.0,1.0,1.0
OraclePerfect_B10,JILONG_EI_0019,760,773.9160766601562,0.5539527205274288,1.0,1.0,1.0,1.0,1.0
OraclePerfect_B10,JILONG_EI_0019,770,777.429931640625,0.5538100401116611,1.0,1.0,1.0,1.0,1.0
OraclePerfect_B10,JILONG_EI_0019,780,780.5133056640625,0.553636698348787,1.0,1.0,1.0,1.0,1.0
OraclePerfect_B10,JILONG_EI_0019,790,784.1591796875,0.553626320912463,1.0,1.0,1.0,1.0,1.0
OraclePerfect_B10,JILONG_EI_0019,800,786.4715576171875,0.5544794937720949,1.0,1.0,1.0,1.0,1.0
OraclePerfect_B10,JILONG_EI_0019,810,789.63671875,0.5540051616548336,1.0,1.0,1.0,1.0,1.0
OraclePerfect_B10,JILONG_EI_0019,820,793.9423828125,0.5544250132045762,1.0,1.0,1.0,1.0,1.0
OraclePerfect_B10,JILONG_EI_0019,830,797.8342895507812,0.5558372850028144,1.0,1.0,1.0,1.0,1.0
OraclePerfect_B10,JILONG_EI_0019,840,801.9588623046875,0.5570279509222914,1.0,1.0,1.0,1.0,1.0
OraclePerfect_B10,JILONG_EI_0019,850,804.2234497070312,0.5575063006161521,1.0,1.0,1.0,1.0,1.0
OraclePerfect_B10,JILONG_EI_0019,860,808.181640625,0.5582364115208095,1.0,1.0,1.0,1.0,1.0
OraclePerfect_B10,JILONG_EI_0019,870,811.114990234375,0.5585514504948799,1.0,1.0,1.0,1.0,1.0
OraclePerfect_B10,JILONG_EI_0019,880,815.1539916992188,0.5580414031928503,1.0,1.0,1.0,1.0,1.0
OraclePerfect_B10,JILONG_EI_0019,890,818.760009765625,0.5571619999281632,1.0,1.0,1.0,1.0,1.0
OraclePerfect_B10,JILONG_EI_0019,900,820.8473510742188,0.5562940668721591,1.0,1.0,1.0,1.0,1.0
OraclePerfect_B10,JILONG_EI_0019,910,823.672607421875,0.5549115335145679,1.0,1.0,1.0,1.0,1.0
OraclePerfect_B10,JILONG_EI_0019,920,826.302490234375,0.5529290399686936,1.0,1.0,1.0,1.0,1.0
OraclePerfect_B10,JILONG_EI_0019,930,829.3622436523438,0.5512079249028782,1.0,1.0,1.0,1.0,1.0
OraclePerfect_B10,JILONG_EI_0019,940,831.3919677734375,0.5482010722376313,1.0,1.0,1.0,1.0,1.0
OraclePerfect_B10,JILONG_EI_0019,950,834.330322265625,0.5458188208030053,1.0,1.0,1.0,1.0,1.0
OraclePerfect_B10,JILONG_EI_0019,960,837.342041015625,0.5436450138070213,1.0,1.0,1.0,1.0,1.0
OraclePerfect_B10,JILONG_EI_0019,970,842.6954345703125,0.5407827424073366,1.0,1.0,1.0,1.0,1.0
OraclePerfect_B10,JILONG_EI_0019,980,846.3104858398438,0.5375317625768667,1.0,1.0,1.0,1.0,1.0
OraclePerfect_B10,JILONG_EI_0019,990,851.3785400390625,0.5337644504560445,1.0,1.0,1.0,1.0,1.0
OraclePerfect_B10,JILONG_EI_0019,1000,855.1812133789062,0.5313278966110583,1.0,1.0,1.0,1.0,1.0
OraclePerfect_B10,JILONG_EI_0019,1010,859.068115234375,0.5288194008464219,1.0,1.0,1.0,1.0,1.0
OraclePerfect_B10,JILONG_EI_0019,1020,862.5731811523438,0.526019139483323,1.0,1.0,1.0,1.0,1.0
OraclePerfect_B10,JILONG_EI_0019,1030,864.5388793945312,0.5221720003913204,1.0,1.0,1.0,1.0,1.0
OraclePerfect_B10,JILONG_EI_0019,1040,868.46728515625,0.5194535422494004,1.0,1.0,1.0,1.0,1.0
OraclePerfect_B10,JILONG_EI_0019,1050,872.705322265625,0.5167425209310214,1.0,1.0,1.0,1.0,1.0
OraclePerfect_B10,JILONG_EI_0019,1060,874.553955078125,0.5133604258375803,1.0,1.0,1.0,1.0,1.0
OraclePerfect_B10,JILONG_EI_0019,1070,878.3914794921875,0.5104177966182007,1.0,1.0,1.0,1.0,1.0
OraclePerfect_B10,JILONG_EI_0019,1080,880.309326171875,0.5093220334199596,1.0,1.0,1.0,1.0,1.0
OraclePerfect_B10,JILONG_EI_0019,1090,880.2303466796875,0.5047618544708706,1.0,1.0,1.0,1.0,1.0
OraclePerfect_B10,JILONG_EI_0019,1100,882.2958984375,0.5025522645964461,1.0,1.0,1.0,1.0,1.0
OraclePerfect_B10,JILONG_EI_0019,1110,885.4951171875,0.5000365481835374,1.0,1.0,1.0,1.0,1.0
OraclePerfect_B10,JILONG_EI_0019,1120,888.265869140625,0.49645611545407,1.0,1.0,1.0,1.0,1.0
OraclePerfect_B10,JILONG_EI_0019,1130,890.3798828125,0.49230494890004106,1.0,1.0,1.0,1.0,1.0
OraclePerfect_B10,JILONG_EI_0019,1140,893.63330078125,0.48933504521224364,1.0,1.0,1.0,1.0,1.0
OraclePerfect_B10,JILONG_EI_0019,1150,896.61376953125,0.48647128854195876,1.0,1.0,1.0,1.0,1.0
OraclePerfect_B10,JILONG_EI_0019,1160,900.4892578125,0.4841977162760151,1.0,1.0,1.0,1.0,1.0
OraclePerfect_B10,JILONG_EI_0019,1170,902.7998046875,0.48194185294924635,1.0,1.0,1.0,1.0,1.0
OraclePerfect_B10,JILONG_EI_0019,1180,905.072265625,0.47987560844055843,1.0,1.0,1.0,1.0,1.0
OraclePerfect_B10,JILONG_EI_0019,1190,909.9521484375,0.47907351603661696,1.0,1.0,1.0,1.0,1.0
OraclePerfect_B10,JILONG_EI_0019,1200,913.588134765625,0.4778943546128375,1.0,1.0,1.0,1.0,1.0
OraclePerfect_B10,JILONG_EI_0019,1210,915.4058837890625,0.4757116097781036,1.0,1.0,1.0,1.0,1.0
OraclePerfect_B10,JILONG_EI_0019,1220,918.2908935546875,0.47439116843793716,1.0,1.0,1.0,1.0,1.0
OraclePerfect_B10,JILONG_EI_0019,1230,920.4638671875,0.4727975700585478,1.0,1.0,1.0,1.0,1.0
OraclePerfect_B10,JILONG_EI_0019,1240,923.3580322265625,0.4718343843498593,1.0,1.0,1.0,1.0,1.0
OraclePerfect_B10,JILONG_EI_0019,1250,926.7174682617188,0.47189167840343915,1.0,1.0,1.0,1.0,1.0
OraclePerfect_B10,JILONG_EI_0019,1260,928.34912109375,0.4717649947004635,1.0,1.0,1.0,1.0,1.0
OraclePerfect_B10,JILONG_EI_0019,1270,929.0465698242188,0.4697690903582399,1.0,1.0,1.0,1.0,1.0
OraclePerfect_B10,JILONG_EI_0019,1280,930.4827880859375,0.4671603545284853,1.0,1.0,1.0,1.0,1.0
OraclePerfect_B10,JILONG_EI_0019,1290,932.2945556640625,0.4658502411036559,1.0,1.0,1.0,1.0,1.0
OraclePerfect_B10,JILONG_EI_0019,1300,935.2894287109375,0.46487712103128237,1.0,1.0,1.0,1.0,1.0
OraclePerfect_B10,JILONG_EI_0019,1310,936.154052734375,0.46254914326670055,1.0,1.0,1.0,1.0,1.0
OraclePerfect_B10,JILONG_EI_0019,1320,938.3720703125,0.46061663308464873,1.0,1.0,1.0,1.0,1.0
OraclePerfect_B10,JILONG_EI_0019,1330,940.0979614257812,0.4602475224009831,1.0,1.0,1.0,1.0,1.0
OraclePerfect_B10,JILONG_EI_0019,1340,941.657958984375,0.459608284117084,1.0,1.0,1.0,1.0,1.0
OraclePerfect_B10,JILONG_EI_0019,1350,942.5215454101562,0.4564832930168855,1.0,1.0,1.0,1.0,1.0
OraclePerfect_B10,JILONG_EI_0019,1360,941.947265625,0.45185358845732043,1.0,1.0,1.0,1.0,1.0
OraclePerfect_B10,JILONG_EI_0019,1370,944.2700805664062,0.4500738474153204,1.0,1.0,1.0,1.0,1.0
OraclePerfect_B10,JILONG_EI_0019,1380,945.8861083984375,0.44659727295327123,1.0,1.0,1.0,1.0,1.0
OraclePerfect_B10,JILONG_EI_0019,1390,948.9337768554688,0.44482538129805244,1.0,1.0,1.0,1.0,1.0
OraclePerfect_B10,JILONG_EI_0019,1400,951.3692626953125,0.44197797872646444,1.0,1.0,1.0,1.0,1.0
OraclePerfect_B10,JILONG_EI_0019,1410,947.8551635742188,0.4344529907376994,1.0,1.0,1.0,1.0,1.0
OraclePerfect_B10,JILONG_EI_0019,1420,945.193603515625,0.4260527080592749,1.0,1.0,1.0,1.0,1.0
OraclePerfect_B10,JILONG_EI_0019,1430,946.212890625,0.4218466424948677,1.0,1.0,1.0,1.0,1.0
OraclePerfect_B10,JILONG_EI_0019,1440,946.3196411132812,0.41650782738142134,1.0,1.0,1.0,1.0,1.0
OraclePerfect_B10,JILONG_EI_0029,10,19.188905715942383,0.9891591569851762,1.0,1.0,1.0,1.0,1.0
OraclePerfect_B10,JILONG_EI_0029,20,42.32986068725586,0.995436673920607,1.0,1.0,1.0,1.0,1.0
OraclePerfect_B10,JILONG_EI_0029,30,100.36888122558594,0.9975893684934428,1.0,1.0,1.0,1.0,1.0
OraclePerfect_B10,JILONG_EI_0029,40,197.84683227539062,0.9943614633476319,1.0,1.0,1.0,1.0,1.0
OraclePerfect_B10,JILONG_EI_0029,50,261.98699951171875,0.9166201469104257,1.0,1.0,1.0,1.0,1.0
OraclePerfect_B10,JILONG_EI_0029,60,293.82159423828125,0.874970466970851,1.0,1.0,1.0,1.0,1.0
OraclePerfect_B10,JILONG_EI_0029,70,348.9342956542969,0.8601069691370717,1.0,1.0,1.0,1.0,1.0
OraclePerfect_B10,JILONG_EI_0029,80,436.57275390625,0.7760610944861485,1.0,1.0,1.0,1.0,1.0
OraclePerfect_B10,JILONG_EI_0029,90,508.5603332519531,0.6594028341140257,1.0,1.0,1.0,1.0,1.0
OraclePerfect_B10,JILONG_EI_0029,100,541.1309814453125,0.6925394617601237,1.0,1.0,1.0,1.0,1.0
OraclePerfect_B10,JILONG_EI_0029,110,546.8817138671875,0.6702375535309644,1.0,1.0,1.0,1.0,1.0
OraclePerfect_B10,JILONG_EI_0029,120,583.1102294921875,0.7024909381341963,1.0,1.0,1.0,1.0,1.0
OraclePerfect_B10,JILONG_EI_0029,130,578.1595458984375,0.7023805946851776,1.0,1.0,1.0,1.0,1.0
OraclePerfect_B10,JILONG_EI_0029,140,532.1241455078125,0.7188729371604532,1.0,1.0,1.0,1.0,1.0
OraclePerfect_B10,JILONG_EI_0029,150,516.9544677734375,0.7147980360427675,1.0,1.0,1.0,1.0,1.0
OraclePerfect_B10,JILONG_EI_0029,160,461.8304443359375,0.7158859380550536,1.0,1.0,1.0,1.0,1.0
OraclePerfect_B10,JILONG_EI_0029,170,478.24365234375,0.7185269239894188,1.0,1.0,1.0,1.0,1.0
OraclePerfect_B10,JILONG_EI_0029,180,459.18048095703125,0.7255512929446266,1.0,1.0,1.0,1.0,1.0
OraclePerfect_B10,JILONG_EI_0029,190,428.2378234863281,0.7420633607960943,1.0,1.0,1.0,1.0,1.0
OraclePerfect_B10,JILONG_EI_0029,200,437.07708740234375,0.7632847329031804,1.0,1.0,1.0,1.0,1.0
OraclePerfect_B10,JILONG_EI_0029,210,478.52496337890625,0.7966021725609402,1.0,1.0,1.0,1.0,1.0
OraclePerfect_B10,JILONG_EI_0029,220,520.6913452148438,0.8168987103834636,1.0,1.0,1.0,1.0,1.0
OraclePerfect_B10,JILONG_EI_0029,230,579.2542724609375,0.837551962224536,1.0,1.0,1.0,1.0,1.0
OraclePerfect_B10,JILONG_EI_0029,240,655.060546875,0.8119842381049596,1.0,1.0,1.0,1.0,1.0
OraclePerfect_B10,JILONG_EI_0029,250,710.893310546875,0.7518388253574099,1.0,1.0,1.0,1.0,1.0
OraclePerfect_B10,JILONG_EI_0029,260,750.8974609375,0.7419124644001857,1.0,1.0,1.0,1.0,1.0
OraclePerfect_B10,JILONG_EI_0029,270,775.1490478515625,0.7494934587670912,1.0,1.0,1.0,1.0,1.0
OraclePerfect_B10,JILONG_EI_0029,280,793.55322265625,0.7516833110160983,1.0,1.0,1.0,1.0,1.0
OraclePerfect_B10,JILONG_EI_0029,290,801.8746337890625,0.7350206554607024,1.0,1.0,1.0,1.0,1.0
OraclePerfect_B10,JILONG_EI_0029,300,821.141357421875,0.703873186460334,1.0,1.0,1.0,1.0,1.0
OraclePerfect_B10,JILONG_EI_0029,310,829.8028564453125,0.6765148872854239,1.0,1.0,1.0,1.0,1.0
OraclePerfect_B10,JILONG_EI_0029,320,836.8902587890625,0.6461327891010179,1.0,1.0,1.0,1.0,1.0
OraclePerfect_B10,JILONG_EI_0029,330,833.3313598632812,0.6729286353186995,1.0,1.0,1.0,1.0,1.0
OraclePerfect_B10,JILONG_EI_0029,340,831.075927734375,0.6909535888756393,1.0,1.0,1.0,1.0,1.0
OraclePerfect_B10,JILONG_EI_0029,350,833.77880859375,0.684874448585958,1.0,1.0,1.0,1.0,1.0
OraclePerfect_B10,JILONG_EI_0029,360,838.2908935546875,0.6627469800128143,1.0,1.0,1.0,1.0,1.0
OraclePerfect_B10,JILONG_EI_0029,370,847.9135131835938,0.6358637052081042,1.0,1.0,1.0,1.0,1.0
OraclePerfect_B10,JILONG_EI_0029,380,855.51318359375,0.6091734580981264,1.0,1.0,1.0,1.0,1.0
OraclePerfect_B10,JILONG_EI_0029,390,857.4783935546875,0.5879279370742911,1.0,1.0,1.0,1.0,1.0
OraclePerfect_B10,JILONG_EI_0029,400,858.564208984375,0.5678645405245754,1.0,1.0,1.0,1.0,1.0
OraclePerfect_B10,JILONG_EI_0029,410,855.5865478515625,0.5687607068689742,1.0,1.0,1.0,1.0,1.0
OraclePerfect_B10,JILONG_EI_0029,420,850.693603515625,0.5656527457219739,1.0,1.0,1.0,1.0,1.0
OraclePerfect_B10,JILONG_EI_0029,430,845.8025512695312,0.5623016545092842,1.0,1.0,1.0,1.0,1.0
OraclePerfect_B10,JILONG_EI_0029,440,838.6759033203125,0.5542576262341814,1.0,1.0,1.0,1.0,1.0
OraclePerfect_B10,JILONG_EI_0029,450,826.872314453125,0.5446766318030745,1.0,1.0,1.0,1.0,1.0
OraclePerfect_B10,JILONG_EI_0029,460,817.124755859375,0.5439051115285102,1.0,1.0,1.0,1.0,1.0
OraclePerfect_B10,JILONG_EI_0029,470,808.0379638671875,0.5478602362758125,1.0,1.0,1.0,1.0,1.0
OraclePerfect_B10,JILONG_EI_0029,480,803.7705078125,0.5499612006280997,1.0,1.0,1.0,1.0,1.0
OraclePerfect_B10,JILONG_EI_0029,490,796.7962646484375,0.5524868956140954,1.0,1.0,1.0,1.0,1.0
OraclePerfect_B10,JILONG_EI_0029,500,794.7967529296875,0.5544466579925342,1.0,1.0,1.0,1.0,1.0
OraclePerfect_B10,JILONG_EI_0029,510,792.7066040039062,0.556302779147241,1.0,1.0,1.0,1.0,1.0
OraclePerfect_B10,JILONG_EI_0029,520,790.4273681640625,0.5572683319183557,1.0,1.0,1.0,1.0,1.0
OraclePerfect_B10,JILONG_EI_0029,530,789.576416015625,0.5579424901279625,1.0,1.0,1.0,1.0,1.0
OraclePerfect_B10,JILONG_EI_0029,540,787.9730834960938,0.5574017439283447,1.0,1.0,1.0,1.0,1.0
OraclePerfect_B10,JILONG_EI_0029,550,788.8326416015625,0.5575448731322807,1.0,1.0,1.0,1.0,1.0
OraclePerfect_B10,JILONG_EI_0029,560,788.8948974609375,0.558129057646779,1.0,1.0,1.0,1.0,1.0
OraclePerfect_B10,JILONG_EI_0029,570,788.3948364257812,0.557663092723644,1.0,1.0,1.0,1.0,1.0
OraclePerfect_B10,JILONG_EI_0029,580,787.580322265625,0.5555931193633072,1.0,1.0,1.0,1.0,1.0
OraclePerfect_B10,JILONG_EI_0029,590,783.8399658203125,0.559884299478023,1.0,1.0,1.0,1.0,1.0
OraclePerfect_B10,JILONG_EI_0029,600,781.509033203125,0.5644411440915693,1.0,1.0,1.0,1.0,1.0
OraclePerfect_B10,JILONG_EI_0029,610,779.8971557617188,0.5695914320044986,1.0,1.0,1.0,1.0,1.0
OraclePerfect_B10,JILONG_EI_0029,620,778.7227783203125,0.5715115605846359,1.0,1.0,1.0,1.0,1.0
OraclePerfect_B10,JILONG_EI_0029,630,779.6810913085938,0.5752738781881246,1.0,1.0,1.0,1.0,1.0
OraclePerfect_B10,JILONG_EI_0029,640,782.1625366210938,0.5774179600933673,1.0,1.0,1.0,1.0,1.0
OraclePerfect_B10,JILONG_EI_0029,650,787.2266845703125,0.5808670830535267,1.0,1.0,1.0,1.0,1.0
OraclePerfect_B10,JILONG_EI_0029,660,791.4909057617188,0.5840152142580606,1.0,1.0,1.0,1.0,1.0
OraclePerfect_B10,JILONG_EI_0029,670,794.5272216796875,0.5867404048233006,1.0,1.0,1.0,1.0,1.0
OraclePerfect_B10,JILONG_EI_0029,680,795.9283447265625,0.5902405774592384,1.0,1.0,1.0,1.0,1.0
OraclePerfect_B10,JILONG_EI_0029,690,799.52587890625,0.594114717536243,1.0,1.0,1.0,1.0,1.0
OraclePerfect_B10,JILONG_EI_0029,700,803.1537475585938,0.5945336791079403,1.0,1.0,1.0,1.0,1.0
OraclePerfect_B10,JILONG_EI_0029,710,808.53564453125,0.5957087668344848,1.0,1.0,1.0,1.0,1.0
OraclePerfect_B10,JILONG_EI_0029,720,813.1760864257812,0.5966569181549538,1.0,1.0,1.0,1.0,1.0
OraclePerfect_B10,JILONG_EI_0029,730,817.6151123046875,0.5970541761856357,1.0,1.0,1.0,1.0,1.0
OraclePerfect_B10,JILONG_EI_0029,740,821.990966796875,0.5963119691324383,1.0,1.0,1.0,1.0,1.0
OraclePerfect_B10,JILONG_EI_0029,750,827.5582275390625,0.5963730059445038,1.0,1.0,1.0,1.0,1.0
OraclePerfect_B10,JILONG_EI_0029,760,832.9241333007812,0.5944191792861979,1.0,1.0,1.0,1.0,1.0
OraclePerfect_B10,JILONG_EI_0029,770,837.5064086914062,0.5930180254037398,1.0,1.0,1.0,1.0,1.0
OraclePerfect_B10,JILONG_EI_0029,780,842.4124755859375,0.590323552817639,1.0,1.0,1.0,1.0,1.0
OraclePerfect_B10,JILONG_EI_0029,790,846.49951171875,0.5872344842624185,1.0,1.0,1.0,1.0,1.0
OraclePerfect_B10,JILONG_EI_0029,800,851.968017578125,0.5836678569331074,1.0,1.0,1.0,1.0,1.0
OraclePerfect_B10,JILONG_EI_0029,810,857.6277465820312,0.579376452784036,1.0,1.0,1.0,1.0,1.0
OraclePerfect_B10,JILONG_EI_0029,820,863.779296875,0.5748851516124206,1.0,1.0,1.0,1.0,1.0
OraclePerfect_B10,JILONG_EI_0029,830,869.2196044921875,0.5703010551456532,1.0,1.0,1.0,1.0,1.0
OraclePerfect_B10,JILONG_EI_0029,840,874.517333984375,0.5660821393762342,1.0,1.0,1.0,1.0,1.0
OraclePerfect_B10,JILONG_EI_0029,850,879.9940185546875,0.5630521942469817,1.0,1.0,1.0,1.0,1.0
OraclePerfect_B10,JILONG_EI_0029,860,882.5555419921875,0.5596958509003888,1.0,1.0,1.0,1.0,1.0
OraclePerfect_B10,JILONG_EI_0029,870,886.4158325195312,0.5567837187084697,1.0,1.0,1.0,1.0,1.0
OraclePerfect_B10,JILONG_EI_0029,880,891.2156982421875,0.5541291203811479,1.0,1.0,1.0,1.0,1.0
OraclePerfect_B10,JILONG_EI_0029,890,895.4378051757812,0.5510761459215165,1.0,1.0,1.0,1.0,1.0
OraclePerfect_B10,JILONG_EI_0029,900,899.7734985351562,0.5479395348431843,1.0,1.0,1.0,1.0,1.0
OraclePerfect_B10,JILONG_EI_0029,910,903.90380859375,0.5444998213238839,1.0,1.0,1.0,1.0,1.0
OraclePerfect_B10,JILONG_EI_0029,920,908.2095336914062,0.5429710984128484,1.0,1.0,1.0,1.0,1.0
OraclePerfect_B10,JILONG_EI_0029,930,912.1773681640625,0.5385191934800881,1.0,1.0,1.0,1.0,1.0
OraclePerfect_B10,JILONG_EI_0029,940,915.3570556640625,0.5351423435284156,1.0,1.0,1.0,1.0,1.0
OraclePerfect_B10,JILONG_EI_0029,950,918.8037109375,0.5321604658569568,1.0,1.0,1.0,1.0,1.0
OraclePerfect_B10,JILONG_EI_0029,960,923.0978393554688,0.5284494482184215,1.0,1.0,1.0,1.0,1.0
OraclePerfect_B10,JILONG_EI_0029,970,926.7528076171875,0.5246461082725153,1.0,1.0,1.0,1.0,1.0
OraclePerfect_B10,JILONG_EI_0029,980,930.237548828125,0.5235308585330448,1.0,1.0,1.0,1.0,1.0
OraclePerfect_B10,JILONG_EI_0029,990,932.6146240234375,0.5193291821135602,1.0,1.0,1.0,1.0,1.0
OraclePerfect_B10,JILONG_EI_0029,1000,937.31005859375,0.5163173005506747,1.0,1.0,1.0,1.0,1.0
OraclePerfect_B10,JILONG_EI_0029,1010,939.126220703125,0.510901303032202,1.0,1.0,1.0,1.0,1.0
OraclePerfect_B10,JILONG_EI_0029,1020,943.7966918945312,0.5081093662880833,1.0,1.0,1.0,1.0,1.0
OraclePerfect_B10,JILONG_EI_0029,1030,948.4241333007812,0.5077198445103992,1.0,1.0,1.0,1.0,1.0
OraclePerfect_B10,JILONG_EI_0029,1040,950.5658569335938,0.5055092280371813,1.0,1.0,1.0,1.0,1.0
OraclePerfect_B10,JILONG_EI_0029,1050,953.69921875,0.5022798569432725,1.0,1.0,1.0,1.0,1.0
OraclePerfect_B10,JILONG_EI_0029,1060,954.9974975585938,0.49856535690582193,1.0,1.0,1.0,1.0,1.0
OraclePerfect_B10,JILONG_EI_0029,1070,959.4744873046875,0.4973582191464855,1.0,1.0,1.0,1.0,1.0
OraclePerfect_B10,JILONG_EI_0029,1080,964.1956176757812,0.4960966305627355,1.0,1.0,1.0,1.0,1.0
OraclePerfect_B10,JILONG_EI_0029,1090,966.64208984375,0.4940363173424451,1.0,1.0,1.0,1.0,1.0
OraclePerfect_B10,JILONG_EI_0029,1100,970.0396728515625,0.49365444810453446,1.0,1.0,1.0,1.0,1.0
OraclePerfect_B10,JILONG_EI_0029,1110,971.21337890625,0.4909900685756756,1.0,1.0,1.0,1.0,1.0
OraclePerfect_B10,JILONG_EI_0029,1120,973.9329223632812,0.4908466529783509,1.0,1.0,1.0,1.0,1.0
OraclePerfect_B10,JILONG_EI_0029,1130,972.5629272460938,0.485867806512443,1.0,1.0,1.0,1.0,1.0
OraclePerfect_B10,JILONG_EI_0029,1140,976.250732421875,0.48496671163951494,1.0,1.0,1.0,1.0,1.0
OraclePerfect_B10,JILONG_EI_0029,1150,978.5592651367188,0.48254417707904607,1.0,1.0,1.0,1.0,1.0
OraclePerfect_B10,JILONG_EI_0029,1160,979.3199462890625,0.4794367338583927,1.0,1.0,1.0,1.0,1.0
OraclePerfect_B10,JILONG_EI_0029,1170,980.7142333984375,0.4771200819151622,1.0,1.0,1.0,1.0,1.0
OraclePerfect_B10,JILONG_EI_0029,1180,982.953369140625,0.4747233518855957,1.0,1.0,1.0,1.0,1.0
OraclePerfect_B10,JILONG_EI_0029,1190,980.714111328125,0.4685310069486722,1.0,1.0,1.0,1.0,1.0
OraclePerfect_B10,JILONG_EI_0029,1200,976.7677612304688,0.4612307165792902,1.0,1.0,1.0,1.0,1.0
OraclePerfect_B10,JILONG_EI_0029,1210,977.8800048828125,0.457163177434117,1.0,1.0,1.0,1.0,1.0
OraclePerfect_B10,JILONG_EI_0029,1220,976.2904663085938,0.45148365919969313,1.0,1.0,1.0,1.0,1.0
OraclePerfect_B10,JILONG_EI_0029,1230,978.72802734375,0.4475376757668564,1.0,1.0,1.0,1.0,1.0
OraclePerfect_B10,JILONG_EI_0029,1240,976.9882202148438,0.43981337048277186,1.0,1.0,1.0,1.0,1.0
OraclePerfect_B10,JILONG_EI_0029,1250,980.0883178710938,0.4359864464293746,1.0,1.0,1.0,1.0,1.0
OraclePerfect_B10,JILONG_EI_0029,1260,982.4141845703125,0.4314899998128396,1.0,1.0,1.0,1.0,1.0
OraclePerfect_B10,JILONG_EI_0029,1270,984.325439453125,0.4268520953115515,1.0,1.0,1.0,1.0,1.0
OraclePerfect_B10,JILONG_EI_0029,1280,986.333984375,0.4232348657721141,1.0,1.0,1.0,1.0,1.0
OraclePerfect_B10,JILONG_EI_0029,1290,989.9563598632812,0.420586844791364,1.0,1.0,1.0,1.0,1.0
OraclePerfect_B10,JILONG_EI_0029,1300,994.239501953125,0.41685129967445106,1.0,1.0,1.0,1.0,1.0
OraclePerfect_B10,JILONG_EI_0029,1310,998.6497802734375,0.41256038049021776,1.0,1.0,1.0,1.0,1.0
OraclePerfect_B10,JILONG_EI_0029,1320,1003.0571899414062,0.4080193103545623,1.0,1.0,1.0,1.0,1.0
OraclePerfect_B10,JILONG_EI_0029,1330,1005.6834106445312,0.4040158496848698,1.0,1.0,1.0,1.0,1.0
OraclePerfect_B10,JILONG_EI_0029,1340,1007.0015869140625,0.39943174502358664,1.0,1.0,1.0,1.0,1.0
OraclePerfect_B10,JILONG_EI_0029,1350,1008.83544921875,0.39456979229084616,1.0,1.0,1.0,1.0,1.0
OraclePerfect_B10,JILONG_EI_0029,1360,1012.917236328125,0.3920488702557061,1.0,1.0,1.0,1.0,1.0
OraclePerfect_B10,JILONG_EI_0029,1370,1015.3004150390625,0.3882401465963217,1.0,1.0,1.0,1.0,1.0
OraclePerfect_B10,JILONG_EI_0029,1380,1018.0789184570312,0.38372248760295,1.0,1.0,1.0,1.0,1.0
OraclePerfect_B10,JILONG_EI_0029,1390,1022.6637573242188,0.38133442947941265,1.0,1.0,1.0,1.0,1.0
OraclePerfect_B10,JILONG_EI_0029,1400,1024.7874755859375,0.37952200737868735,1.0,1.0,1.0,1.0,1.0
OraclePerfect_B10,JILONG_EI_0029,1410,1028.4266357421875,0.3767040881449768,1.0,1.0,1.0,1.0,1.0
OraclePerfect_B10,JILONG_EI_0029,1420,1031.95068359375,0.3737808905184664,1.0,1.0,1.0,1.0,1.0
OraclePerfect_B10,JILONG_EI_0029,1430,1034.024658203125,0.37012139585427445,1.0,1.0,1.0,1.0,1.0
OraclePerfect_B10,JILONG_EI_0029,1440,1036.658935546875,0.3688907009392053,1.0,1.0,1.0,1.0,1.0
OraclePerfect_B10,JILONG_EI_0039,10,22.638586044311523,0.9943997133162796,1.0,1.0,1.0,1.0,1.0
OraclePerfect_B10,JILONG_EI_0039,20,47.13615417480469,0.9968391496836959,1.0,1.0,1.0,1.0,1.0
OraclePerfect_B10,JILONG_EI_0039,30,91.80192565917969,0.9981146796055302,1.0,1.0,1.0,1.0,1.0
OraclePerfect_B10,JILONG_EI_0039,40,185.0694580078125,0.9979012773981455,1.0,1.0,1.0,1.0,1.0
OraclePerfect_B10,JILONG_EI_0039,50,248.841064453125,0.9188859507343,1.0,1.0,1.0,1.0,1.0
OraclePerfect_B10,JILONG_EI_0039,60,283.1292724609375,0.8716456011201342,1.0,1.0,1.0,1.0,1.0
OraclePerfect_B10,JILONG_EI_0039,70,335.47015380859375,0.8680081098985442,1.0,1.0,1.0,1.0,1.0
OraclePerfect_B10,JILONG_EI_0039,80,400.2486877441406,0.7807650058282585,1.0,1.0,1.0,1.0,1.0
OraclePerfect_B10,JILONG_EI_0039,90,452.3793029785156,0.6757967345264284,1.0,1.0,1.0,1.0,1.0
OraclePerfect_B10,JILONG_EI_0039,100,495.85089111328125,0.6940536364200682,1.0,1.0,1.0,1.0,1.0
OraclePerfect_B10,JILONG_EI_0039,110,500.7547912597656,0.6873270138112066,1.0,1.0,1.0,1.0,1.0
OraclePerfect_B10,JILONG_EI_0039,120,519.681396484375,0.7141969826665538,1.0,1.0,1.0,1.0,1.0
OraclePerfect_B10,JILONG_EI_0039,130,527.6984252929688,0.7272622001181549,1.0,1.0,1.0,1.0,1.0
OraclePerfect_B10,JILONG_EI_0039,140,474.6488342285156,0.7424583355189125,1.0,1.0,1.0,1.0,1.0
OraclePerfect_B10,JILONG_EI_0039,150,482.6806640625,0.7431811695227075,1.0,1.0,1.0,1.0,1.0
OraclePerfect_B10,JILONG_EI_0039,160,454.5802917480469,0.7405930078795552,1.0,1.0,1.0,1.0,1.0
OraclePerfect_B10,JILONG_EI_0039,170,448.4551086425781,0.7480784860100304,1.0,1.0,1.0,1.0,1.0
OraclePerfect_B10,JILONG_EI_0039,180,425.36383056640625,0.7431359641564985,1.0,1.0,1.0,1.0,1.0
OraclePerfect_B10,JILONG_EI_0039,190,402.6109619140625,0.7533774157435518,1.0,1.0,1.0,1.0,1.0
OraclePerfect_B10,JILONG_EI_0039,200,399.1552734375,0.7758445168720921,1.0,1.0,1.0,1.0,1.0
OraclePerfect_B10,JILONG_EI_0039,210,435.9308166503906,0.80456822062236,1.0,1.0,1.0,1.0,1.0
OraclePerfect_B10,JILONG_EI_0039,220,472.6038818359375,0.8272328980107239,1.0,1.0,1.0,1.0,1.0
OraclePerfect_B10,JILONG_EI_0039,230,522.121826171875,0.8392238060534497,1.0,1.0,1.0,1.0,1.0
OraclePerfect_B10,JILONG_EI_0039,240,582.0360717773438,0.838835173792795,1.0,1.0,1.0,1.0,1.0
OraclePerfect_B10,JILONG_EI_0039,250,629.5501708984375,0.7848715895833263,1.0,1.0,1.0,1.0,1.0
OraclePerfect_B10,JILONG_EI_0039,260,669.8988037109375,0.7408368979788391,1.0,1.0,1.0,1.0,1.0
OraclePerfect_B10,JILONG_EI_0039,270,690.4326171875,0.7225095600385617,1.0,1.0,1.0,1.0,1.0
OraclePerfect_B10,JILONG_EI_0039,280,702.7283935546875,0.7281592519239746,1.0,1.0,1.0,1.0,1.0
OraclePerfect_B10,JILONG_EI_0039,290,712.8203125,0.7248003177886827,1.0,1.0,1.0,1.0,1.0
OraclePerfect_B10,JILONG_EI_0039,300,716.1641845703125,0.7088125009068702,1.0,1.0,1.0,1.0,1.0
OraclePerfect_B10,JILONG_EI_0039,310,721.968505859375,0.6837621461414073,1.0,1.0,1.0,1.0,1.0
OraclePerfect_B10,JILONG_EI_0039,320,721.185791015625,0.6560189711436768,1.0,1.0,1.0,1.0,1.0
OraclePerfect_B10,JILONG_EI_0039,330,717.6550903320312,0.6656372156939397,1.0,1.0,1.0,1.0,1.0
OraclePerfect_B10,JILONG_EI_0039,340,710.460693359375,0.6882459830512742,1.0,1.0,1.0,1.0,1.0
OraclePerfect_B10,JILONG_EI_0039,350,709.7554931640625,0.7044245692648011,1.0,1.0,1.0,1.0,1.0
OraclePerfect_B10,JILONG_EI_0039,360,714.4300537109375,0.699586374628666,1.0,1.0,1.0,1.0,1.0
OraclePerfect_B10,JILONG_EI_0039,370,720.09033203125,0.6778936912347201,1.0,1.0,1.0,1.0,1.0
OraclePerfect_B10,JILONG_EI_0039,380,726.7088012695312,0.6484290316888072,1.0,1.0,1.0,1.0,1.0
OraclePerfect_B10,JILONG_EI_0039,390,736.1409912109375,0.6174786321423362,1.0,1.0,1.0,1.0,1.0
OraclePerfect_B10,JILONG_EI_0039,400,741.63232421875,0.5889004964263228,1.0,1.0,1.0,1.0,1.0
OraclePerfect_B10,JILONG_EI_0039,410,740.827880859375,0.5787096042376939,1.0,1.0,1.0,1.0,1.0
OraclePerfect_B10,JILONG_EI_0039,420,741.8934326171875,0.5803732832170738,1.0,1.0,1.0,1.0,1.0
OraclePerfect_B10,JILONG_EI_0039,430,735.2295532226562,0.578295707987399,1.0,1.0,1.0,1.0,1.0
OraclePerfect_B10,JILONG_EI_0039,440,731.468017578125,0.5723036655745872,1.0,1.0,1.0,1.0,1.0
OraclePerfect_B10,JILONG_EI_0039,450,728.586181640625,0.5637011369323004,1.0,1.0,1.0,1.0,1.0
OraclePerfect_B10,JILONG_EI_0039,460,715.3173828125,0.5534212811898669,1.0,1.0,1.0,1.0,1.0
OraclePerfect_B10,JILONG_EI_0039,470,704.896484375,0.5580029835542619,1.0,1.0,1.0,1.0,1.0
OraclePerfect_B10,JILONG_EI_0039,480,697.165771484375,0.5614878368649996,1.0,1.0,1.0,1.0,1.0
OraclePerfect_B10,JILONG_EI_0039,490,691.73046875,0.5634388452264425,1.0,1.0,1.0,1.0,1.0
OraclePerfect_B10,JILONG_EI_0039,500,685.6255493164062,0.5648528272059095,1.0,1.0,1.0,1.0,1.0
OraclePerfect_B10,JILONG_EI_0039,510,681.93896484375,0.5654030777560914,1.0,1.0,1.0,1.0,1.0
OraclePerfect_B10,JILONG_EI_0039,520,682.5843505859375,0.5648434332136857,1.0,1.0,1.0,1.0,1.0
OraclePerfect_B10,JILONG_EI_0039,530,685.1597900390625,0.5676542389860841,1.0,1.0,1.0,1.0,1.0
OraclePerfect_B10,JILONG_EI_0039,540,681.522216796875,0.5678161434911061,1.0,1.0,1.0,1.0,1.0
OraclePerfect_B10,JILONG_EI_0039,550,681.0667114257812,0.5682827727146903,1.0,1.0,1.0,1.0,1.0
OraclePerfect_B10,JILONG_EI_0039,560,678.476318359375,0.5686489868759426,1.0,1.0,1.0,1.0,1.0
OraclePerfect_B10,JILONG_EI_0039,570,677.632568359375,0.5679355398979077,1.0,1.0,1.0,1.0,1.0
OraclePerfect_B10,JILONG_EI_0039,580,677.0554809570312,0.5651931115783624,1.0,1.0,1.0,1.0,1.0
OraclePerfect_B10,JILONG_EI_0039,590,676.5935668945312,0.5608455287588566,1.0,1.0,1.0,1.0,1.0
OraclePerfect_B10,JILONG_EI_0039,600,676.7200317382812,0.5583138080226887,1.0,1.0,1.0,1.0,1.0
OraclePerfect_B10,JILONG_EI_0039,610,674.8975219726562,0.554346448212215,1.0,1.0,1.0,1.0,1.0
OraclePerfect_B10,JILONG_EI_0039,620,672.8485107421875,0.5503616324345251,1.0,1.0,1.0,1.0,1.0
OraclePerfect_B10,JILONG_EI_0039,630,671.057861328125,0.5550964908481514,1.0,1.0,1.0,1.0,1.0
OraclePerfect_B10,JILONG_EI_0039,640,671.0856323242188,0.5563086451387118,1.0,1.0,1.0,1.0,1.0
OraclePerfect_B10,JILONG_EI_0039,650,671.6470336914062,0.5601832108053804,1.0,1.0,1.0,1.0,1.0
OraclePerfect_B10,JILONG_EI_0039,660,673.2657470703125,0.5632076101748564,1.0,1.0,1.0,1.0,1.0
OraclePerfect_B10,JILONG_EI_0039,670,673.353515625,0.565309610687755,1.0,1.0,1.0,1.0,1.0
OraclePerfect_B10,JILONG_EI_0039,680,676.3265380859375,0.5681672518766901,1.0,1.0,1.0,1.0,1.0
OraclePerfect_B10,JILONG_EI_0039,690,679.4586181640625,0.5683997752305859,1.0,1.0,1.0,1.0,1.0
OraclePerfect_B10,JILONG_EI_0039,700,684.8135986328125,0.5704301066805304,1.0,1.0,1.0,1.0,1.0
OraclePerfect_B10,JILONG_EI_0039,710,688.5604248046875,0.5712508587386467,1.0,1.0,1.0,1.0,1.0
OraclePerfect_B10,JILONG_EI_0039,720,689.7146606445312,0.5721058955610588,1.0,1.0,1.0,1.0,1.0
OraclePerfect_B10,JILONG_EI_0039,730,692.1259155273438,0.5724180281621346,1.0,1.0,1.0,1.0,1.0
OraclePerfect_B10,JILONG_EI_0039,740,694.8111572265625,0.5747197523512403,1.0,1.0,1.0,1.0,1.0
OraclePerfect_B10,JILONG_EI_0039,750,698.4824829101562,0.5754874179524126,1.0,1.0,1.0,1.0,1.0
OraclePerfect_B10,JILONG_EI_0039,760,701.6103515625,0.5751260133477378,1.0,1.0,1.0,1.0,1.0
OraclePerfect_B10,JILONG_EI_0039,770,704.2596435546875,0.5759792863170462,1.0,1.0,1.0,1.0,1.0
OraclePerfect_B10,JILONG_EI_0039,780,707.0283203125,0.574299716070451,1.0,1.0,1.0,1.0,1.0
OraclePerfect_B10,JILONG_EI_0039,790,711.9965209960938,0.5719083527505141,1.0,1.0,1.0,1.0,1.0
OraclePerfect_B10,JILONG_EI_0039,800,716.39208984375,0.571402406795142,1.0,1.0,1.0,1.0,1.0
OraclePerfect_B10,JILONG_EI_0039,810,721.5612182617188,0.5705277332237781,1.0,1.0,1.0,1.0,1.0
OraclePerfect_B10,JILONG_EI_0039,820,724.6636962890625,0.570902179470191,1.0,1.0,1.0,1.0,1.0
OraclePerfect_B10,JILONG_EI_0039,830,728.4788208007812,0.5709192482861364,1.0,1.0,1.0,1.0,1.0
OraclePerfect_B10,JILONG_EI_0039,840,729.276611328125,0.5670717153541981,1.0,1.0,1.0,1.0,1.0
OraclePerfect_B10,JILONG_EI_0039,850,733.3096313476562,0.5659561500420551,1.0,1.0,1.0,1.0,1.0
OraclePerfect_B10,JILONG_EI_0039,860,738.1721801757812,0.5640638326720644,1.0,1.0,1.0,1.0,1.0
OraclePerfect_B10,JILONG_EI_0039,870,741.45361328125,0.5605008364275299,1.0,1.0,1.0,1.0,1.0
OraclePerfect_B10,JILONG_EI_0039,880,746.189697265625,0.5576858419745498,1.0,1.0,1.0,1.0,1.0
OraclePerfect_B10,JILONG_EI_0039,890,751.19189453125,0.5537018823556933,1.0,1.0,1.0,1.0,1.0
OraclePerfect_B10,JILONG_EI_0039,900,756.844482421875,0.550947004089282,1.0,1.0,1.0,1.0,1.0
OraclePerfect_B10,JILONG_EI_0039,910,761.3345947265625,0.5486227913020075,1.0,1.0,1.0,1.0,1.0
OraclePerfect_B10,JILONG_EI_0039,920,766.584716796875,0.5451933581209898,1.0,1.0,1.0,1.0,1.0
OraclePerfect_B10,JILONG_EI_0039,930,771.9237060546875,0.5424205479101196,1.0,1.0,1.0,1.0,1.0
OraclePerfect_B10,JILONG_EI_0039,940,776.29345703125,0.5400591470351539,1.0,1.0,1.0,1.0,1.0
OraclePerfect_B10,JILONG_EI_0039,950,780.7435913085938,0.5375612747585293,1.0,1.0,1.0,1.0,1.0
OraclePerfect_B10,JILONG_EI_0039,960,783.6883544921875,0.5355279347570158,1.0,1.0,1.0,1.0,1.0
OraclePerfect_B10,JILONG_EI_0039,970,787.8460083007812,0.532508173335575,1.0,1.0,1.0,1.0,1.0
OraclePerfect_B10,JILONG_EI_0039,980,791.84375,0.5304261085683464,1.0,1.0,1.0,1.0,1.0
OraclePerfect_B10,JILONG_EI_0039,990,795.046875,0.5276788246965722,1.0,1.0,1.0,1.0,1.0
OraclePerfect_B10,JILONG_EI_0039,1000,799.13232421875,0.5251112576471453,1.0,1.0,1.0,1.0,1.0
OraclePerfect_B10,JILONG_EI_0039,1010,803.615478515625,0.5226262351198435,1.0,1.0,1.0,1.0,1.0
OraclePerfect_B10,JILONG_EI_0039,1020,807.6571655273438,0.5206432245260805,1.0,1.0,1.0,1.0,1.0
OraclePerfect_B10,JILONG_EI_0039,1030,811.5567016601562,0.5185829512486513,1.0,1.0,1.0,1.0,1.0
OraclePerfect_B10,JILONG_EI_0039,1040,814.3683471679688,0.5152675812123774,1.0,1.0,1.0,1.0,1.0
OraclePerfect_B10,JILONG_EI_0039,1050,818.3104248046875,0.5137097070253066,1.0,1.0,1.0,1.0,1.0
OraclePerfect_B10,JILONG_EI_0039,1060,822.2313232421875,0.5121704650208486,1.0,1.0,1.0,1.0,1.0
OraclePerfect_B10,JILONG_EI_0039,1070,825.8421630859375,0.5092996164833121,1.0,1.0,1.0,1.0,1.0
OraclePerfect_B10,JILONG_EI_0039,1080,828.276123046875,0.5055259046214389,1.0,1.0,1.0,1.0,1.0
OraclePerfect_B10,JILONG_EI_0039,1090,832.1815185546875,0.5046384945551581,1.0,1.0,1.0,1.0,1.0
OraclePerfect_B10,JILONG_EI_0039,1100,834.43017578125,0.5030345086810994,1.0,1.0,1.0,1.0,1.0
OraclePerfect_B10,JILONG_EI_0039,1110,838.4786376953125,0.5014627626767764,1.0,1.0,1.0,1.0,1.0
OraclePerfect_B10,JILONG_EI_0039,1120,842.1156005859375,0.5005774532892183,1.0,1.0,1.0,1.0,1.0
OraclePerfect_B10,JILONG_EI_0039,1130,846.9169921875,0.4994538323187868,1.0,1.0,1.0,1.0,1.0
OraclePerfect_B10,JILONG_EI_0039,1140,852.0025634765625,0.49847005110090953,1.0,1.0,1.0,1.0,1.0
OraclePerfect_B10,JILONG_EI_0039,1150,853.9910278320312,0.49789110590439484,1.0,1.0,1.0,1.0,1.0
OraclePerfect_B10,JILONG_EI_0039,1160,857.30712890625,0.4977680107222667,1.0,1.0,1.0,1.0,1.0
OraclePerfect_B10,JILONG_EI_0039,1170,860.7064208984375,0.4968349866961766,1.0,1.0,1.0,1.0,1.0
OraclePerfect_B10,JILONG_EI_0039,1180,862.1736450195312,0.49479026192244213,1.0,1.0,1.0,1.0,1.0
OraclePerfect_B10,JILONG_EI_0039,1190,863.091552734375,0.492156198305811,1.0,1.0,1.0,1.0,1.0
OraclePerfect_B10,JILONG_EI_0039,1200,866.8801879882812,0.4913802646008524,1.0,1.0,1.0,1.0,1.0
OraclePerfect_B10,JILONG_EI_0039,1210,869.2138061523438,0.49011379915482056,1.0,1.0,1.0,1.0,1.0
OraclePerfect_B10,JILONG_EI_0039,1220,870.5126342773438,0.48797473040526773,1.0,1.0,1.0,1.0,1.0
OraclePerfect_B10,JILONG_EI_0039,1230,872.0277099609375,0.48631994618803365,1.0,1.0,1.0,1.0,1.0
OraclePerfect_B10,JILONG_EI_0039,1240,874.306640625,0.4858172630510302,1.0,1.0,1.0,1.0,1.0
OraclePerfect_B10,JILONG_EI_0039,1250,876.8631591796875,0.4851191986435876,1.0,1.0,1.0,1.0,1.0
OraclePerfect_B10,JILONG_EI_0039,1260,876.2499389648438,0.4815045618577172,1.0,1.0,1.0,1.0,1.0
OraclePerfect_B10,JILONG_EI_0039,1270,877.9205322265625,0.4799963090606299,1.0,1.0,1.0,1.0,1.0
OraclePerfect_B10,JILONG_EI_0039,1280,881.0989379882812,0.4781016145415114,1.0,1.0,1.0,1.0,1.0
OraclePerfect_B10,JILONG_EI_0039,1290,882.2781982421875,0.47459413562506503,1.0,1.0,1.0,1.0,1.0
OraclePerfect_B10,JILONG_EI_0039,1300,882.6627197265625,0.4710002979171201,1.0,1.0,1.0,1.0,1.0
OraclePerfect_B10,JILONG_EI_0039,1310,883.4925537109375,0.4667612769308497,1.0,1.0,1.0,1.0,1.0
OraclePerfect_B10,JILONG_EI_0039,1320,881.1736450195312,0.4597898995576446,1.0,1.0,1.0,1.0,1.0
OraclePerfect_B10,JILONG_EI_0039,1330,883.6148071289062,0.4574426704667403,1.0,1.0,1.0,1.0,1.0
OraclePerfect_B10,JILONG_EI_0039,1340,884.7311401367188,0.45247418683558305,1.0,1.0,1.0,1.0,1.0
OraclePerfect_B10,JILONG_EI_0039,1350,888.485595703125,0.4497163452678166,1.0,1.0,1.0,1.0,1.0
OraclePerfect_B10,JILONG_EI_0039,1360,892.9180908203125,0.44755189179177735,1.0,1.0,1.0,1.0,1.0
OraclePerfect_B10,JILONG_EI_0039,1370,898.0521850585938,0.44519400666284353,1.0,1.0,1.0,1.0,1.0
OraclePerfect_B10,JILONG_EI_0039,1380,900.789306640625,0.4417159644942408,1.0,1.0,1.0,1.0,1.0
OraclePerfect_B10,JILONG_EI_0039,1390,903.46044921875,0.44018623149094666,1.0,1.0,1.0,1.0,1.0
OraclePerfect_B10,JILONG_EI_0039,1400,907.9501953125,0.4371368347836342,1.0,1.0,1.0,1.0,1.0
OraclePerfect_B10,JILONG_EI_0039,1410,910.1441650390625,0.4330560960007823,1.0,1.0,1.0,1.0,1.0
OraclePerfect_B10,JILONG_EI_0039,1420,914.2822265625,0.4290370160530388,1.0,1.0,1.0,1.0,1.0
OraclePerfect_B10,JILONG_EI_0039,1430,917.1859130859375,0.4242022978787821,1.0,1.0,1.0,1.0,1.0
OraclePerfect_B10,JILONG_EI_0039,1440,920.0084228515625,0.42205596764618025,1.0,1.0,1.0,1.0,1.0
OraclePerfect_B10,JILONG_EI_0049,10,27.108858108520508,0.9893873240495893,1.0,1.0,1.0,1.0,1.0
OraclePerfect_B10,JILONG_EI_0049,20,43.4783821105957,0.9936289157830294,1.0,1.0,1.0,1.0,1.0
OraclePerfect_B10,JILONG_EI_0049,30,86.0976333618164,0.9956398742027661,1.0,1.0,1.0,1.0,1.0
OraclePerfect_B10,JILONG_EI_0049,40,191.54959106445312,0.990483451098814,1.0,1.0,1.0,1.0,1.0
OraclePerfect_B10,JILONG_EI_0049,50,254.2305908203125,0.9237457454505,1.0,1.0,1.0,1.0,1.0
OraclePerfect_B10,JILONG_EI_0049,60,287.3497009277344,0.8687841447706585,1.0,1.0,1.0,1.0,1.0
OraclePerfect_B10,JILONG_EI_0049,70,347.4510498046875,0.8421694063730715,1.0,1.0,1.0,1.0,1.0
OraclePerfect_B10,JILONG_EI_0049,80,458.26202392578125,0.7555909041676574,1.0,1.0,1.0,1.0,1.0
OraclePerfect_B10,JILONG_EI_0049,90,511.12109375,0.6581646203265713,1.0,1.0,1.0,1.0,1.0
OraclePerfect_B10,JILONG_EI_0049,100,523.2642822265625,0.6812929813410221,1.0,1.0,1.0,1.0,1.0
OraclePerfect_B10,JILONG_EI_0049,110,550.8071899414062,0.6646090447174825,1.0,1.0,1.0,1.0,1.0
OraclePerfect_B10,JILONG_EI_0049,120,600.1837158203125,0.7044082045530278,1.0,1.0,1.0,1.0,1.0
OraclePerfect_B10,JILONG_EI_0049,130,603.814453125,0.7102130742477162,1.0,1.0,1.0,1.0,1.0
OraclePerfect_B10,JILONG_EI_0049,140,532.2998046875,0.7116509738350556,1.0,1.0,1.0,1.0,1.0
OraclePerfect_B10,JILONG_EI_0049,150,535.7923583984375,0.7068831477693254,1.0,1.0,1.0,1.0,1.0
OraclePerfect_B10,JILONG_EI_0049,160,456.0318908691406,0.7128630197702024,1.0,1.0,1.0,1.0,1.0
OraclePerfect_B10,JILONG_EI_0049,170,487.5578308105469,0.7121112252995345,1.0,1.0,1.0,1.0,1.0
OraclePerfect_B10,JILONG_EI_0049,180,458.4677734375,0.7207232592007394,1.0,1.0,1.0,1.0,1.0
OraclePerfect_B10,JILONG_EI_0049,190,426.6908264160156,0.7461446221012306,1.0,1.0,1.0,1.0,1.0
OraclePerfect_B10,JILONG_EI_0049,200,440.1607666015625,0.7706883190426601,1.0,1.0,1.0,1.0,1.0
OraclePerfect_B10,JILONG_EI_0049,210,491.588134765625,0.8013052990497657,1.0,1.0,1.0,1.0,1.0
OraclePerfect_B10,JILONG_EI_0049,220,545.51171875,0.8270458721265374,1.0,1.0,1.0,1.0,1.0
OraclePerfect_B10,JILONG_EI_0049,230,607.3645629882812,0.8429865620720725,1.0,1.0,1.0,1.0,1.0
OraclePerfect_B10,JILONG_EI_0049,240,687.4295654296875,0.7857625296760143,1.0,1.0,1.0,1.0,1.0
OraclePerfect_B10,JILONG_EI_0049,250,748.7257080078125,0.7603820690751153,1.0,1.0,1.0,1.0,1.0
OraclePerfect_B10,JILONG_EI_0049,260,784.4259033203125,0.7739454330941447,1.0,1.0,1.0,1.0,1.0
OraclePerfect_B10,JILONG_EI_0049,270,822.430419921875,0.7828043076973,1.0,1.0,1.0,1.0,1.0
OraclePerfect_B10,JILONG_EI_0049,280,841.9920654296875,0.769400596542139,1.0,1.0,1.0,1.0,1.0
OraclePerfect_B10,JILONG_EI_0049,290,867.344482421875,0.737917540059123,1.0,1.0,1.0,1.0,1.0
OraclePerfect_B10,JILONG_EI_0049,300,886.8546752929688,0.7059851071737056,1.0,1.0,1.0,1.0,1.0
OraclePerfect_B10,JILONG_EI_0049,310,901.2665405273438,0.6747709235123102,1.0,1.0,1.0,1.0,1.0
OraclePerfect_B10,JILONG_EI_0049,320,912.14599609375,0.653629528287592,1.0,1.0,1.0,1.0,1.0
OraclePerfect_B10,JILONG_EI_0049,330,923.021728515625,0.6761748435254411,1.0,1.0,1.0,1.0,1.0
OraclePerfect_B10,JILONG_EI_0049,340,928.4219970703125,0.6780984644716852,1.0,1.0,1.0,1.0,1.0
OraclePerfect_B10,JILONG_EI_0049,350,935.455322265625,0.664025934579444,1.0,1.0,1.0,1.0,1.0
OraclePerfect_B10,JILONG_EI_0049,360,946.8646240234375,0.6367355653355011,1.0,1.0,1.0,1.0,1.0
OraclePerfect_B10,JILONG_EI_0049,370,949.9647216796875,0.6102306100235443,1.0,1.0,1.0,1.0,1.0
OraclePerfect_B10,JILONG_EI_0049,380,953.245849609375,0.5866753758616379,1.0,1.0,1.0,1.0,1.0
OraclePerfect_B10,JILONG_EI_0049,390,949.4378051757812,0.5741993702744892,1.0,1.0,1.0,1.0,1.0
OraclePerfect_B10,JILONG_EI_0049,400,943.143798828125,0.5801859327511315,1.0,1.0,1.0,1.0,1.0
OraclePerfect_B10,JILONG_EI_0049,410,938.1531982421875,0.5803323425067017,1.0,1.0,1.0,1.0,1.0
OraclePerfect_B10,JILONG_EI_0049,420,934.177001953125,0.5779224260728136,1.0,1.0,1.0,1.0,1.0
OraclePerfect_B10,JILONG_EI_0049,430,920.5122680664062,0.5729243096488196,1.0,1.0,1.0,1.0,1.0
OraclePerfect_B10,JILONG_EI_0049,440,904.6396484375,0.5661482931266695,1.0,1.0,1.0,1.0,1.0
OraclePerfect_B10,JILONG_EI_0049,450,897.516357421875,0.5562979258148514,1.0,1.0,1.0,1.0,1.0
OraclePerfect_B10,JILONG_EI_0049,460,889.88525390625,0.546833465293169,1.0,1.0,1.0,1.0,1.0
OraclePerfect_B10,JILONG_EI_0049,470,884.1346435546875,0.5407618673799471,1.0,1.0,1.0,1.0,1.0
OraclePerfect_B10,JILONG_EI_0049,480,879.5040283203125,0.5448339576754969,1.0,1.0,1.0,1.0,1.0
OraclePerfect_B10,JILONG_EI_0049,490,873.85498046875,0.5490556137817958,1.0,1.0,1.0,1.0,1.0
OraclePerfect_B10,JILONG_EI_0049,500,871.7340087890625,0.5522781145239627,1.0,1.0,1.0,1.0,1.0
OraclePerfect_B10,JILONG_EI_0049,510,867.239990234375,0.5538557420306999,1.0,1.0,1.0,1.0,1.0
OraclePerfect_B10,JILONG_EI_0049,520,864.8538818359375,0.5564916189675276,1.0,1.0,1.0,1.0,1.0
OraclePerfect_B10,JILONG_EI_0049,530,858.212158203125,0.5559412145767914,1.0,1.0,1.0,1.0,1.0
OraclePerfect_B10,JILONG_EI_0049,540,854.7733764648438,0.5553403529647264,1.0,1.0,1.0,1.0,1.0
OraclePerfect_B10,JILONG_EI_0049,550,850.8733520507812,0.5543149588330932,1.0,1.0,1.0,1.0,1.0
OraclePerfect_B10,JILONG_EI_0049,560,849.8870849609375,0.5550263749710365,1.0,1.0,1.0,1.0,1.0
OraclePerfect_B10,JILONG_EI_0049,570,849.0552978515625,0.5534119808686282,1.0,1.0,1.0,1.0,1.0
OraclePerfect_B10,JILONG_EI_0049,580,845.072509765625,0.5505358764133782,1.0,1.0,1.0,1.0,1.0
OraclePerfect_B10,JILONG_EI_0049,590,840.001220703125,0.5472008723715156,1.0,1.0,1.0,1.0,1.0
OraclePerfect_B10,JILONG_EI_0049,600,838.6236572265625,0.5453238474983068,1.0,1.0,1.0,1.0,1.0
OraclePerfect_B10,JILONG_EI_0049,610,836.8179321289062,0.5427146480556551,1.0,1.0,1.0,1.0,1.0
OraclePerfect_B10,JILONG_EI_0049,620,836.3167724609375,0.5409060427538692,1.0,1.0,1.0,1.0,1.0
OraclePerfect_B10,JILONG_EI_0049,630,834.9254760742188,0.5390459227758366,1.0,1.0,1.0,1.0,1.0
OraclePerfect_B10,JILONG_EI_0049,640,837.9883422851562,0.5399479991869208,1.0,1.0,1.0,1.0,1.0
OraclePerfect_B10,JILONG_EI_0049,650,838.4761962890625,0.5384109446902265,1.0,1.0,1.0,1.0,1.0
OraclePerfect_B10,JILONG_EI_0049,660,838.88671875,0.5376016243168441,1.0,1.0,1.0,1.0,1.0
OraclePerfect_B10,JILONG_EI_0049,670,838.85888671875,0.5369624628036447,1.0,1.0,1.0,1.0,1.0
OraclePerfect_B10,JILONG_EI_0049,680,835.9033203125,0.5382127095623541,1.0,1.0,1.0,1.0,1.0
OraclePerfect_B10,JILONG_EI_0049,690,835.765869140625,0.5377581948106283,1.0,1.0,1.0,1.0,1.0
OraclePerfect_B10,JILONG_EI_0049,700,836.4117431640625,0.5396040799136906,1.0,1.0,1.0,1.0,1.0
OraclePerfect_B10,JILONG_EI_0049,710,838.3160400390625,0.5409403949972951,1.0,1.0,1.0,1.0,1.0
OraclePerfect_B10,JILONG_EI_0049,720,839.6439819335938,0.5411521412017447,1.0,1.0,1.0,1.0,1.0
OraclePerfect_B10,JILONG_EI_0049,730,840.9188232421875,0.5409820388113006,1.0,1.0,1.0,1.0,1.0
OraclePerfect_B10,JILONG_EI_0049,740,841.53173828125,0.5419539789754299,1.0,1.0,1.0,1.0,1.0
OraclePerfect_B10,JILONG_EI_0049,750,841.8663330078125,0.5416453859192928,1.0,1.0,1.0,1.0,1.0
OraclePerfect_B10,JILONG_EI_0049,760,842.8110961914062,0.5392827480681918,1.0,1.0,1.0,1.0,1.0
OraclePerfect_B10,JILONG_EI_0049,770,845.2566528320312,0.5357585487314597,1.0,1.0,1.0,1.0,1.0
OraclePerfect_B10,JILONG_EI_0049,780,849.0399780273438,0.5320061323651564,1.0,1.0,1.0,1.0,1.0
OraclePerfect_B10,JILONG_EI_0049,790,852.7694702148438,0.528394318400857,1.0,1.0,1.0,1.0,1.0
OraclePerfect_B10,JILONG_EI_0049,800,855.6328735351562,0.5235951266894426,1.0,1.0,1.0,1.0,1.0
OraclePerfect_B10,JILONG_EI_0049,810,859.0008544921875,0.5203006829789337,1.0,1.0,1.0,1.0,1.0
OraclePerfect_B10,JILONG_EI_0049,820,862.5352783203125,0.5179600767319466,1.0,1.0,1.0,1.0,1.0
OraclePerfect_B10,JILONG_EI_0049,830,866.1434326171875,0.5140105190887705,1.0,1.0,1.0,1.0,1.0
OraclePerfect_B10,JILONG_EI_0049,840,869.7530517578125,0.5114341779906617,1.0,1.0,1.0,1.0,1.0
OraclePerfect_B10,JILONG_EI_0049,850,872.191162109375,0.5090086191676553,1.0,1.0,1.0,1.0,1.0
OraclePerfect_B10,JILONG_EI_0049,860,875.8466186523438,0.5061308557784012,1.0,1.0,1.0,1.0,1.0
OraclePerfect_B10,JILONG_EI_0049,870,879.6142578125,0.5030884059947318,1.0,1.0,1.0,1.0,1.0
OraclePerfect_B10,JILONG_EI_0049,880,881.9737548828125,0.5004289697049016,1.0,1.0,1.0,1.0,1.0
OraclePerfect_B10,JILONG_EI_0049,890,884.1517333984375,0.49747889810764623,1.0,1.0,1.0,1.0,1.0
OraclePerfect_B10,JILONG_EI_0049,900,885.846923828125,0.49555134780083565,1.0,1.0,1.0,1.0,1.0
OraclePerfect_B10,JILONG_EI_0049,910,888.8872680664062,0.4935163773558143,1.0,1.0,1.0,1.0,1.0
OraclePerfect_B10,JILONG_EI_0049,920,891.672607421875,0.49111516876837835,1.0,1.0,1.0,1.0,1.0
OraclePerfect_B10,JILONG_EI_0049,930,893.5565185546875,0.48918710058019843,1.0,1.0,1.0,1.0,1.0
OraclePerfect_B10,JILONG_EI_0049,940,895.1568603515625,0.4870539705295201,1.0,1.0,1.0,1.0,1.0
OraclePerfect_B10,JILONG_EI_0049,950,898.2056884765625,0.4848125860631846,1.0,1.0,1.0,1.0,1.0
OraclePerfect_B10,JILONG_EI_0049,960,900.7291870117188,0.4816987838362778,1.0,1.0,1.0,1.0,1.0
OraclePerfect_B10,JILONG_EI_0049,970,902.729736328125,0.47997353862012593,1.0,1.0,1.0,1.0,1.0
OraclePerfect_B10,JILONG_EI_0049,980,906.782958984375,0.47784134710140524,1.0,1.0,1.0,1.0,1.0
OraclePerfect_B10,JILONG_EI_0049,990,910.2529296875,0.4759444477911555,1.0,1.0,1.0,1.0,1.0
OraclePerfect_B10,JILONG_EI_0049,1000,912.4710693359375,0.47403148446893373,1.0,1.0,1.0,1.0,1.0
OraclePerfect_B10,JILONG_EI_0049,1010,914.6881103515625,0.47265421646815364,1.0,1.0,1.0,1.0,1.0
OraclePerfect_B10,JILONG_EI_0049,1020,917.572998046875,0.4717019555389248,1.0,1.0,1.0,1.0,1.0
OraclePerfect_B10,JILONG_EI_0049,1030,920.0146484375,0.4704687902120093,1.0,1.0,1.0,1.0,1.0
OraclePerfect_B10,JILONG_EI_0049,1040,922.8292236328125,0.46933304464291514,1.0,1.0,1.0,1.0,1.0
OraclePerfect_B10,JILONG_EI_0049,1050,924.2000122070312,0.4679755431806105,1.0,1.0,1.0,1.0,1.0
OraclePerfect_B10,JILONG_EI_0049,1060,925.336181640625,0.4671347901414772,1.0,1.0,1.0,1.0,1.0
OraclePerfect_B10,JILONG_EI_0049,1070,925.974365234375,0.4653594130523252,1.0,1.0,1.0,1.0,1.0
OraclePerfect_B10,JILONG_EI_0049,1080,928.5400390625,0.4644548601740902,1.0,1.0,1.0,1.0,1.0
OraclePerfect_B10,JILONG_EI_0049,1090,930.4347534179688,0.4639639647495669,1.0,1.0,1.0,1.0,1.0
OraclePerfect_B10,JILONG_EI_0049,1100,931.8060302734375,0.46238265545750856,1.0,1.0,1.0,1.0,1.0
OraclePerfect_B10,JILONG_EI_0049,1110,932.743408203125,0.46043333788218077,1.0,1.0,1.0,1.0,1.0
OraclePerfect_B10,JILONG_EI_0049,1120,933.6428833007812,0.4587588844554602,1.0,1.0,1.0,1.0,1.0
OraclePerfect_B10,JILONG_EI_0049,1130,935.6435546875,0.4573496533372999,1.0,1.0,1.0,1.0,1.0
OraclePerfect_B10,JILONG_EI_0049,1140,937.26025390625,0.4556454873378212,1.0,1.0,1.0,1.0,1.0
OraclePerfect_B10,JILONG_EI_0049,1150,939.3026123046875,0.45432500118867153,1.0,1.0,1.0,1.0,1.0
OraclePerfect_B10,JILONG_EI_0049,1160,941.905517578125,0.4523136414760582,1.0,1.0,1.0,1.0,1.0
OraclePerfect_B10,JILONG_EI_0049,1170,941.963134765625,0.4490112185430415,1.0,1.0,1.0,1.0,1.0
OraclePerfect_B10,JILONG_EI_0049,1180,944.8118896484375,0.4462521985326373,1.0,1.0,1.0,1.0,1.0
OraclePerfect_B10,JILONG_EI_0049,1190,946.235595703125,0.44372315603946927,1.0,1.0,1.0,1.0,1.0
OraclePerfect_B10,JILONG_EI_0049,1200,949.9366455078125,0.44152587373167285,1.0,1.0,1.0,1.0,1.0
OraclePerfect_B10,JILONG_EI_0049,1210,951.5074462890625,0.43779954109772173,1.0,1.0,1.0,1.0,1.0
OraclePerfect_B10,JILONG_EI_0049,1220,954.0841064453125,0.43518116232898996,1.0,1.0,1.0,1.0,1.0
OraclePerfect_B10,JILONG_EI_0049,1230,956.4190673828125,0.43201534000310515,1.0,1.0,1.0,1.0,1.0
OraclePerfect_B10,JILONG_EI_0049,1240,958.2553100585938,0.4286991168569325,1.0,1.0,1.0,1.0,1.0
OraclePerfect_B10,JILONG_EI_0049,1250,961.28173828125,0.42542732152761925,1.0,1.0,1.0,1.0,1.0
OraclePerfect_B10,JILONG_EI_0049,1260,964.9783935546875,0.42290001644324704,1.0,1.0,1.0,1.0,1.0
OraclePerfect_B10,JILONG_EI_0049,1270,968.6296997070312,0.4199032777471919,1.0,1.0,1.0,1.0,1.0
OraclePerfect_B10,JILONG_EI_0049,1280,970.8272094726562,0.4160283189883477,1.0,1.0,1.0,1.0,1.0
OraclePerfect_B10,JILONG_EI_0049,1290,971.3125610351562,0.4113350183699032,1.0,1.0,1.0,1.0,1.0
OraclePerfect_B10,JILONG_EI_0049,1300,974.957763671875,0.40938192952479174,1.0,1.0,1.0,1.0,1.0
OraclePerfect_B10,JILONG_EI_0049,1310,975.4580078125,0.40523922021892544,1.0,1.0,1.0,1.0,1.0
OraclePerfect_B10,JILONG_EI_0049,1320,978.1484985351562,0.40255400539268427,1.0,1.0,1.0,1.0,1.0
OraclePerfect_B10,JILONG_EI_0049,1330,980.225830078125,0.39912940470623565,1.0,1.0,1.0,1.0,1.0
OraclePerfect_B10,JILONG_EI_0049,1340,982.12158203125,0.39583627352675765,1.0,1.0,1.0,1.0,1.0
OraclePerfect_B10,JILONG_EI_0049,1350,984.1537475585938,0.3928744179843651,1.0,1.0,1.0,1.0,1.0
OraclePerfect_B10,JILONG_EI_0049,1360,986.1939697265625,0.3907676055970756,1.0,1.0,1.0,1.0,1.0
OraclePerfect_B10,JILONG_EI_0049,1370,988.07861328125,0.38815859414861714,1.0,1.0,1.0,1.0,1.0
OraclePerfect_B10,JILONG_EI_0049,1380,990.32080078125,0.3856894215029343,1.0,1.0,1.0,1.0,1.0
OraclePerfect_B10,JILONG_EI_0049,1390,992.2876586914062,0.3837888418858178,1.0,1.0,1.0,1.0,1.0
OraclePerfect_B10,JILONG_EI_0049,1400,994.3184204101562,0.3822944017021932,1.0,1.0,1.0,1.0,1.0
OraclePerfect_B10,JILONG_EI_0049,1410,996.0829467773438,0.3797988336523052,1.0,1.0,1.0,1.0,1.0
OraclePerfect_B10,JILONG_EI_0049,1420,997.0611572265625,0.37802439900447904,1.0,1.0,1.0,1.0,1.0
OraclePerfect_B10,JILONG_EI_0049,1430,999.9443359375,0.37580565834335566,1.0,1.0,1.0,1.0,1.0
OraclePerfect_B10,JILONG_EI_0049,1440,1001.3685913085938,0.3737093170949877,1.0,1.0,1.0,1.0,1.0
OraclePerfect_B10,JILONG_EI_0059,10,21.506118774414062,0.9935763736541696,1.0,1.0,1.0,1.0,1.0
OraclePerfect_B10,JILONG_EI_0059,20,39.63835144042969,0.9960115136063322,1.0,1.0,1.0,1.0,1.0
OraclePerfect_B10,JILONG_EI_0059,30,72.8525161743164,0.9972663539825533,1.0,1.0,1.0,1.0,1.0
OraclePerfect_B10,JILONG_EI_0059,40,164.22146606445312,0.9959033741494612,1.0,1.0,1.0,1.0,1.0
OraclePerfect_B10,JILONG_EI_0059,50,222.70486450195312,0.9201492833868714,1.0,1.0,1.0,1.0,1.0
OraclePerfect_B10,JILONG_EI_0059,60,255.09646606445312,0.8742651047255154,1.0,1.0,1.0,1.0,1.0
OraclePerfect_B10,JILONG_EI_0059,70,298.14752197265625,0.8602037640083583,1.0,1.0,1.0,1.0,1.0
OraclePerfect_B10,JILONG_EI_0059,80,359.1889343261719,0.7807871283929868,1.0,1.0,1.0,1.0,1.0
OraclePerfect_B10,JILONG_EI_0059,90,430.0591125488281,0.6711473036377724,1.0,1.0,1.0,1.0,1.0
OraclePerfect_B10,JILONG_EI_0059,100,462.3019104003906,0.6835065271119778,1.0,1.0,1.0,1.0,1.0
OraclePerfect_B10,JILONG_EI_0059,110,466.6493225097656,0.6772245925630613,1.0,1.0,1.0,1.0,1.0
OraclePerfect_B10,JILONG_EI_0059,120,493.4704895019531,0.7084786146336701,1.0,1.0,1.0,1.0,1.0
OraclePerfect_B10,JILONG_EI_0059,130,508.6614990234375,0.7054990004583634,1.0,1.0,1.0,1.0,1.0
OraclePerfect_B10,JILONG_EI_0059,140,467.104248046875,0.7192145505810142,1.0,1.0,1.0,1.0,1.0
OraclePerfect_B10,JILONG_EI_0059,150,458.67279052734375,0.71426141140543,1.0,1.0,1.0,1.0,1.0
OraclePerfect_B10,JILONG_EI_0059,160,413.38311767578125,0.7120429975683475,1.0,1.0,1.0,1.0,1.0
OraclePerfect_B10,JILONG_EI_0059,170,415.9259033203125,0.7184005083460043,1.0,1.0,1.0,1.0,1.0
OraclePerfect_B10,JILONG_EI_0059,180,401.0818786621094,0.7242439957832668,1.0,1.0,1.0,1.0,1.0
OraclePerfect_B10,JILONG_EI_0059,190,385.12091064453125,0.7349028677784799,1.0,1.0,1.0,1.0,1.0
OraclePerfect_B10,JILONG_EI_0059,200,386.293212890625,0.7602257751874457,1.0,1.0,1.0,1.0,1.0
OraclePerfect_B10,JILONG_EI_0059,210,424.0902099609375,0.78918170923153,1.0,1.0,1.0,1.0,1.0
OraclePerfect_B10,JILONG_EI_0059,220,472.27215576171875,0.8161228336362883,1.0,1.0,1.0,1.0,1.0
OraclePerfect_B10,JILONG_EI_0059,230,512.9315185546875,0.829309067167708,1.0,1.0,1.0,1.0,1.0
OraclePerfect_B10,JILONG_EI_0059,240,576.2791748046875,0.8364425817806966,1.0,1.0,1.0,1.0,1.0
OraclePerfect_B10,JILONG_EI_0059,250,637.0584716796875,0.788047725626789,1.0,1.0,1.0,1.0,1.0
OraclePerfect_B10,JILONG_EI_0059,260,687.0447998046875,0.7451776737530881,1.0,1.0,1.0,1.0,1.0
OraclePerfect_B10,JILONG_EI_0059,270,715.980224609375,0.7497514911516853,1.0,1.0,1.0,1.0,1.0
OraclePerfect_B10,JILONG_EI_0059,280,727.2164306640625,0.7547739170815807,1.0,1.0,1.0,1.0,1.0
OraclePerfect_B10,JILONG_EI_0059,290,743.0640869140625,0.7528947152846273,1.0,1.0,1.0,1.0,1.0
OraclePerfect_B10,JILONG_EI_0059,300,752.1831665039062,0.7375231524231435,1.0,1.0,1.0,1.0,1.0
OraclePerfect_B10,JILONG_EI_0059,310,762.2998046875,0.7143642767563397,1.0,1.0,1.0,1.0,1.0
OraclePerfect_B10,JILONG_EI_0059,320,769.279052734375,0.6843887988624483,1.0,1.0,1.0,1.0,1.0
OraclePerfect_B10,JILONG_EI_0059,330,771.925048828125,0.6527216135936459,1.0,1.0,1.0,1.0,1.0
OraclePerfect_B10,JILONG_EI_0059,340,775.553955078125,0.6762149522930634,1.0,1.0,1.0,1.0,1.0
OraclePerfect_B10,JILONG_EI_0059,350,775.9467163085938,0.6959730444219849,1.0,1.0,1.0,1.0,1.0
OraclePerfect_B10,JILONG_EI_0059,360,779.4608764648438,0.6961861165369503,1.0,1.0,1.0,1.0,1.0
OraclePerfect_B10,JILONG_EI_0059,370,788.146240234375,0.6784337715886463,1.0,1.0,1.0,1.0,1.0
OraclePerfect_B10,JILONG_EI_0059,380,793.1175537109375,0.6529264128310593,1.0,1.0,1.0,1.0,1.0
OraclePerfect_B10,JILONG_EI_0059,390,799.0005493164062,0.6228806113616066,1.0,1.0,1.0,1.0,1.0
OraclePerfect_B10,JILONG_EI_0059,400,803.0517578125,0.5956236176911422,1.0,1.0,1.0,1.0,1.0
OraclePerfect_B10,JILONG_EI_0059,410,802.4114990234375,0.5716271995431322,1.0,1.0,1.0,1.0,1.0
OraclePerfect_B10,JILONG_EI_0059,420,800.8104248046875,0.5716791288913791,1.0,1.0,1.0,1.0,1.0
OraclePerfect_B10,JILONG_EI_0059,430,796.7044677734375,0.570304823575592,1.0,1.0,1.0,1.0,1.0
OraclePerfect_B10,JILONG_EI_0059,440,791.2724609375,0.5659187049275819,1.0,1.0,1.0,1.0,1.0
OraclePerfect_B10,JILONG_EI_0059,450,787.2930908203125,0.5580051286519533,1.0,1.0,1.0,1.0,1.0
OraclePerfect_B10,JILONG_EI_0059,460,780.2215576171875,0.5492955104261338,1.0,1.0,1.0,1.0,1.0
OraclePerfect_B10,JILONG_EI_0059,470,770.8330078125,0.5521273656000723,1.0,1.0,1.0,1.0,1.0
OraclePerfect_B10,JILONG_EI_0059,480,763.0745239257812,0.5556971039809793,1.0,1.0,1.0,1.0,1.0
OraclePerfect_B10,JILONG_EI_0059,490,756.4337768554688,0.5606725446303988,1.0,1.0,1.0,1.0,1.0
OraclePerfect_B10,JILONG_EI_0059,500,755.06982421875,0.56406289111003,1.0,1.0,1.0,1.0,1.0
OraclePerfect_B10,JILONG_EI_0059,510,752.575439453125,0.5667131969632988,1.0,1.0,1.0,1.0,1.0
OraclePerfect_B10,JILONG_EI_0059,520,751.7412109375,0.568201786945465,1.0,1.0,1.0,1.0,1.0
OraclePerfect_B10,JILONG_EI_0059,530,749.5736083984375,0.5681116329052467,1.0,1.0,1.0,1.0,1.0
OraclePerfect_B10,JILONG_EI_0059,540,749.7984619140625,0.5682869168615957,1.0,1.0,1.0,1.0,1.0
OraclePerfect_B10,JILONG_EI_0059,550,748.711669921875,0.5683942647032951,1.0,1.0,1.0,1.0,1.0
OraclePerfect_B10,JILONG_EI_0059,560,747.0584106445312,0.567125779947597,1.0,1.0,1.0,1.0,1.0
OraclePerfect_B10,JILONG_EI_0059,570,743.2825927734375,0.565389844746144,1.0,1.0,1.0,1.0,1.0
OraclePerfect_B10,JILONG_EI_0059,580,742.3328247070312,0.5620218270260661,1.0,1.0,1.0,1.0,1.0
OraclePerfect_B10,JILONG_EI_0059,590,741.044189453125,0.5577417195086268,1.0,1.0,1.0,1.0,1.0
OraclePerfect_B10,JILONG_EI_0059,600,741.6922607421875,0.5541692990397961,1.0,1.0,1.0,1.0,1.0
OraclePerfect_B10,JILONG_EI_0059,610,742.574462890625,0.5517795369937423,1.0,1.0,1.0,1.0,1.0
OraclePerfect_B10,JILONG_EI_0059,620,740.7192993164062,0.5480135413485792,1.0,1.0,1.0,1.0,1.0
OraclePerfect_B10,JILONG_EI_0059,630,740.9708251953125,0.5462177870347332,1.0,1.0,1.0,1.0,1.0
OraclePerfect_B10,JILONG_EI_0059,640,738.54931640625,0.5472290170147215,1.0,1.0,1.0,1.0,1.0
OraclePerfect_B10,JILONG_EI_0059,650,736.4163818359375,0.5469102198945709,1.0,1.0,1.0,1.0,1.0
OraclePerfect_B10,JILONG_EI_0059,660,734.8705444335938,0.5455364344716275,1.0,1.0,1.0,1.0,1.0
OraclePerfect_B10,JILONG_EI_0059,670,733.5194091796875,0.545768264823751,1.0,1.0,1.0,1.0,1.0
OraclePerfect_B10,JILONG_EI_0059,680,733.2340087890625,0.5459941493718659,1.0,1.0,1.0,1.0,1.0
OraclePerfect_B10,JILONG_EI_0059,690,734.9791259765625,0.5497788783492618,1.0,1.0,1.0,1.0,1.0
OraclePerfect_B10,JILONG_EI_0059,700,738.8598022460938,0.5532958919166178,1.0,1.0,1.0,1.0,1.0
OraclePerfect_B10,JILONG_EI_0059,710,740.693359375,0.5559701202174008,1.0,1.0,1.0,1.0,1.0
OraclePerfect_B10,JILONG_EI_0059,720,743.1946411132812,0.5583550318689655,1.0,1.0,1.0,1.0,1.0
OraclePerfect_B10,JILONG_EI_0059,730,744.7359619140625,0.5596071365678393,1.0,1.0,1.0,1.0,1.0
OraclePerfect_B10,JILONG_EI_0059,740,743.6725463867188,0.561959040790222,1.0,1.0,1.0,1.0,1.0
OraclePerfect_B10,JILONG_EI_0059,750,744.035400390625,0.5638488808253815,1.0,1.0,1.0,1.0,1.0
OraclePerfect_B10,JILONG_EI_0059,760,746.7769165039062,0.5643970236578709,1.0,1.0,1.0,1.0,1.0
OraclePerfect_B10,JILONG_EI_0059,770,750.6834106445312,0.5641810768859049,1.0,1.0,1.0,1.0,1.0
OraclePerfect_B10,JILONG_EI_0059,780,753.345458984375,0.5639284639070582,1.0,1.0,1.0,1.0,1.0
OraclePerfect_B10,JILONG_EI_0059,790,757.8931884765625,0.564846006617239,1.0,1.0,1.0,1.0,1.0
OraclePerfect_B10,JILONG_EI_0059,800,760.5845947265625,0.5645099338594047,1.0,1.0,1.0,1.0,1.0
OraclePerfect_B10,JILONG_EI_0059,810,764.118408203125,0.5641310437303878,1.0,1.0,1.0,1.0,1.0
OraclePerfect_B10,JILONG_EI_0059,820,767.599365234375,0.563913089785189,1.0,1.0,1.0,1.0,1.0
OraclePerfect_B10,JILONG_EI_0059,830,771.024169921875,0.5640582709946007,1.0,1.0,1.0,1.0,1.0
OraclePerfect_B10,JILONG_EI_0059,840,773.6065063476562,0.5643337772365272,1.0,1.0,1.0,1.0,1.0
OraclePerfect_B10,JILONG_EI_0059,850,775.2977294921875,0.5636708808920871,1.0,1.0,1.0,1.0,1.0
OraclePerfect_B10,JILONG_EI_0059,860,777.0171508789062,0.5637273190368147,1.0,1.0,1.0,1.0,1.0
OraclePerfect_B10,JILONG_EI_0059,870,780.0165405273438,0.5626081269973778,1.0,1.0,1.0,1.0,1.0
OraclePerfect_B10,JILONG_EI_0059,880,783.6600341796875,0.560726019105024,1.0,1.0,1.0,1.0,1.0
OraclePerfect_B10,JILONG_EI_0059,890,785.693359375,0.5590956874525796,1.0,1.0,1.0,1.0,1.0
OraclePerfect_B10,JILONG_EI_0059,900,789.1209106445312,0.5571655448446848,1.0,1.0,1.0,1.0,1.0
OraclePerfect_B10,JILONG_EI_0059,910,792.1092529296875,0.5549559329022294,1.0,1.0,1.0,1.0,1.0
OraclePerfect_B10,JILONG_EI_0059,920,795.9492797851562,0.5526599484399362,1.0,1.0,1.0,1.0,1.0
OraclePerfect_B10,JILONG_EI_0059,930,799.8382568359375,0.5495373883411369,1.0,1.0,1.0,1.0,1.0
OraclePerfect_B10,JILONG_EI_0059,940,804.249755859375,0.545583150678831,1.0,1.0,1.0,1.0,1.0
OraclePerfect_B10,JILONG_EI_0059,950,808.69287109375,0.5427548514414547,1.0,1.0,1.0,1.0,1.0
OraclePerfect_B10,JILONG_EI_0059,960,813.2671508789062,0.5404492025092346,1.0,1.0,1.0,1.0,1.0
OraclePerfect_B10,JILONG_EI_0059,970,815.3505249023438,0.5376238502970643,1.0,1.0,1.0,1.0,1.0
OraclePerfect_B10,JILONG_EI_0059,980,818.6618041992188,0.534788865537452,1.0,1.0,1.0,1.0,1.0
OraclePerfect_B10,JILONG_EI_0059,990,823.7307739257812,0.5320690203425837,1.0,1.0,1.0,1.0,1.0
OraclePerfect_B10,JILONG_EI_0059,1000,826.01708984375,0.5298748630454782,1.0,1.0,1.0,1.0,1.0
OraclePerfect_B10,JILONG_EI_0059,1010,828.3372192382812,0.5258618873261501,1.0,1.0,1.0,1.0,1.0
OraclePerfect_B10,JILONG_EI_0059,1020,832.5889892578125,0.5231143449237062,1.0,1.0,1.0,1.0,1.0
OraclePerfect_B10,JILONG_EI_0059,1030,836.696044921875,0.5206004935941709,1.0,1.0,1.0,1.0,1.0
OraclePerfect_B10,JILONG_EI_0059,1040,839.78076171875,0.5166503688997489,1.0,1.0,1.0,1.0,1.0
OraclePerfect_B10,JILONG_EI_0059,1050,843.1710815429688,0.5135677106113132,1.0,1.0,1.0,1.0,1.0
OraclePerfect_B10,JILONG_EI_0059,1060,845.7633056640625,0.5100663915901522,1.0,1.0,1.0,1.0,1.0
OraclePerfect_B10,JILONG_EI_0059,1070,849.5663452148438,0.507395248205355,1.0,1.0,1.0,1.0,1.0
OraclePerfect_B10,JILONG_EI_0059,1080,852.944091796875,0.5053321555327792,1.0,1.0,1.0,1.0,1.0
OraclePerfect_B10,JILONG_EI_0059,1090,856.8433837890625,0.5026253765376401,1.0,1.0,1.0,1.0,1.0
OraclePerfect_B10,JILONG_EI_0059,1100,859.2530517578125,0.4998447914302177,1.0,1.0,1.0,1.0,1.0
OraclePerfect_B10,JILONG_EI_0059,1110,861.5723876953125,0.49746017625021643,1.0,1.0,1.0,1.0,1.0
OraclePerfect_B10,JILONG_EI_0059,1120,863.9000854492188,0.49535940480344376,1.0,1.0,1.0,1.0,1.0
OraclePerfect_B10,JILONG_EI_0059,1130,867.996826171875,0.49430645339081003,1.0,1.0,1.0,1.0,1.0
OraclePerfect_B10,JILONG_EI_0059,1140,871.8275146484375,0.49301695017761693,1.0,1.0,1.0,1.0,1.0
OraclePerfect_B10,JILONG_EI_0059,1150,874.3382568359375,0.492063219593235,1.0,1.0,1.0,1.0,1.0
OraclePerfect_B10,JILONG_EI_0059,1160,875.6044311523438,0.48933502502652115,1.0,1.0,1.0,1.0,1.0
OraclePerfect_B10,JILONG_EI_0059,1170,879.5400390625,0.48863927247594235,1.0,1.0,1.0,1.0,1.0
OraclePerfect_B10,JILONG_EI_0059,1180,881.724853515625,0.48698206806204164,1.0,1.0,1.0,1.0,1.0
OraclePerfect_B10,JILONG_EI_0059,1190,883.1272583007812,0.4848416918576078,1.0,1.0,1.0,1.0,1.0
OraclePerfect_B10,JILONG_EI_0059,1200,883.6244506835938,0.48371730666250673,1.0,1.0,1.0,1.0,1.0
OraclePerfect_B10,JILONG_EI_0059,1210,885.318359375,0.48249444080451054,1.0,1.0,1.0,1.0,1.0
OraclePerfect_B10,JILONG_EI_0059,1220,888.443115234375,0.4818213521320521,1.0,1.0,1.0,1.0,1.0
OraclePerfect_B10,JILONG_EI_0059,1230,890.322021484375,0.48098617696666424,1.0,1.0,1.0,1.0,1.0
OraclePerfect_B10,JILONG_EI_0059,1240,892.57763671875,0.48039584297970395,1.0,1.0,1.0,1.0,1.0
OraclePerfect_B10,JILONG_EI_0059,1250,893.141845703125,0.4792846994552672,1.0,1.0,1.0,1.0,1.0
OraclePerfect_B10,JILONG_EI_0059,1260,894.84912109375,0.477101205071242,1.0,1.0,1.0,1.0,1.0
OraclePerfect_B10,JILONG_EI_0059,1270,897.2928466796875,0.47647503930209195,1.0,1.0,1.0,1.0,1.0
OraclePerfect_B10,JILONG_EI_0059,1280,897.222412109375,0.47310501898208585,1.0,1.0,1.0,1.0,1.0
OraclePerfect_B10,JILONG_EI_0059,1290,898.39208984375,0.4720861700676884,1.0,1.0,1.0,1.0,1.0
OraclePerfect_B10,JILONG_EI_0059,1300,899.3965454101562,0.4711047513435016,1.0,1.0,1.0,1.0,1.0
OraclePerfect_B10,JILONG_EI_0059,1310,899.4113159179688,0.4677000522940203,1.0,1.0,1.0,1.0,1.0
OraclePerfect_B10,JILONG_EI_0059,1320,900.761474609375,0.46490460152644036,1.0,1.0,1.0,1.0,1.0
OraclePerfect_B10,JILONG_EI_0059,1330,902.4962768554688,0.4621870994004919,1.0,1.0,1.0,1.0,1.0
OraclePerfect_B10,JILONG_EI_0059,1340,904.77392578125,0.45923952484953406,1.0,1.0,1.0,1.0,1.0
OraclePerfect_B10,JILONG_EI_0059,1350,908.153564453125,0.4572630782732987,1.0,1.0,1.0,1.0,1.0
OraclePerfect_B10,JILONG_EI_0059,1360,911.57861328125,0.4547592485607515,1.0,1.0,1.0,1.0,1.0
OraclePerfect_B10,JILONG_EI_0059,1370,911.4865112304688,0.450594165134102,1.0,1.0,1.0,1.0,1.0
OraclePerfect_B10,JILONG_EI_0059,1380,914.8135986328125,0.4483188768802996,1.0,1.0,1.0,1.0,1.0
OraclePerfect_B10,JILONG_EI_0059,1390,915.8817749023438,0.44347586252028776,1.0,1.0,1.0,1.0,1.0
OraclePerfect_B10,JILONG_EI_0059,1400,918.006591796875,0.4407475649089586,1.0,1.0,1.0,1.0,1.0
OraclePerfect_B10,JILONG_EI_0059,1410,919.1528930664062,0.43626992550343296,1.0,1.0,1.0,1.0,1.0
OraclePerfect_B10,JILONG_EI_0059,1420,922.3135986328125,0.43348794779703115,1.0,1.0,1.0,1.0,1.0
OraclePerfect_B10,JILONG_EI_0059,1430,925.3474731445312,0.4292963993276963,1.0,1.0,1.0,1.0,1.0
OraclePerfect_B10,JILONG_EI_0059,1440,926.028076171875,0.42322666394020836,1.0,1.0,1.0,1.0,1.0
OraclePerfect_B10,JILONG_EI_0069,10,40.98064422607422,0.9937061560634636,1.0,1.0,1.0,1.0,1.0
OraclePerfect_B10,JILONG_EI_0069,20,56.97883605957031,0.995602508919089,1.0,1.0,1.0,1.0,1.0
OraclePerfect_B10,JILONG_EI_0069,30,95.09774780273438,0.9962262967536686,1.0,1.0,1.0,1.0,1.0
OraclePerfect_B10,JILONG_EI_0069,40,195.5166473388672,0.9924705111549255,1.0,1.0,1.0,1.0,1.0
OraclePerfect_B10,JILONG_EI_0069,50,255.48098754882812,0.9273988014162645,1.0,1.0,1.0,1.0,1.0
OraclePerfect_B10,JILONG_EI_0069,60,282.45159912109375,0.8582576343282614,1.0,1.0,1.0,1.0,1.0
OraclePerfect_B10,JILONG_EI_0069,70,336.4133605957031,0.8374117140456538,1.0,1.0,1.0,1.0,1.0
OraclePerfect_B10,JILONG_EI_0069,80,428.42803955078125,0.7536994706544904,1.0,1.0,1.0,1.0,1.0
OraclePerfect_B10,JILONG_EI_0069,90,496.3812561035156,0.6451322119836181,1.0,1.0,1.0,1.0,1.0
OraclePerfect_B10,JILONG_EI_0069,100,513.0978393554688,0.6826564774479348,1.0,1.0,1.0,1.0,1.0
OraclePerfect_B10,JILONG_EI_0069,110,529.984130859375,0.6638561404495806,1.0,1.0,1.0,1.0,1.0
OraclePerfect_B10,JILONG_EI_0069,120,568.6604614257812,0.702148830036094,1.0,1.0,1.0,1.0,1.0
OraclePerfect_B10,JILONG_EI_0069,130,571.4163208007812,0.6993410818214327,1.0,1.0,1.0,1.0,1.0
OraclePerfect_B10,JILONG_EI_0069,140,513.3565063476562,0.705823363432438,1.0,1.0,1.0,1.0,1.0
OraclePerfect_B10,JILONG_EI_0069,150,501.63983154296875,0.7036503672257108,1.0,1.0,1.0,1.0,1.0
OraclePerfect_B10,JILONG_EI_0069,160,429.110107421875,0.7066044270073217,1.0,1.0,1.0,1.0,1.0
OraclePerfect_B10,JILONG_EI_0069,170,451.6271667480469,0.7047712422690157,1.0,1.0,1.0,1.0,1.0
OraclePerfect_B10,JILONG_EI_0069,180,432.13494873046875,0.7163308581373824,1.0,1.0,1.0,1.0,1.0
OraclePerfect_B10,JILONG_EI_0069,190,399.61712646484375,0.7416292969923829,1.0,1.0,1.0,1.0,1.0
OraclePerfect_B10,JILONG_EI_0069,200,407.722900390625,0.7683535213671868,1.0,1.0,1.0,1.0,1.0
OraclePerfect_B10,JILONG_EI_0069,210,459.47015380859375,0.8044983204080998,1.0,1.0,1.0,1.0,1.0
OraclePerfect_B10,JILONG_EI_0069,220,507.5596008300781,0.8330360575127879,1.0,1.0,1.0,1.0,1.0
OraclePerfect_B10,JILONG_EI_0069,230,567.8370971679688,0.8529419926485842,1.0,1.0,1.0,1.0,1.0
OraclePerfect_B10,JILONG_EI_0069,240,649.687255859375,0.7976844383366177,1.0,1.0,1.0,1.0,1.0
OraclePerfect_B10,JILONG_EI_0069,250,710.9444580078125,0.7751809901788634,1.0,1.0,1.0,1.0,1.0
OraclePerfect_B10,JILONG_EI_0069,260,754.130859375,0.7884226940259927,1.0,1.0,1.0,1.0,1.0
OraclePerfect_B10,JILONG_EI_0069,270,793.0377197265625,0.7985455826769648,1.0,1.0,1.0,1.0,1.0
OraclePerfect_B10,JILONG_EI_0069,280,811.531005859375,0.7901696817189793,1.0,1.0,1.0,1.0,1.0
OraclePerfect_B10,JILONG_EI_0069,290,829.9176025390625,0.7603285489453374,1.0,1.0,1.0,1.0,1.0
OraclePerfect_B10,JILONG_EI_0069,300,852.59765625,0.7260798087157813,1.0,1.0,1.0,1.0,1.0
OraclePerfect_B10,JILONG_EI_0069,310,865.2904052734375,0.6935172521473076,1.0,1.0,1.0,1.0,1.0
OraclePerfect_B10,JILONG_EI_0069,320,874.2142333984375,0.6595230364732022,1.0,1.0,1.0,1.0,1.0
OraclePerfect_B10,JILONG_EI_0069,330,879.6497802734375,0.6783088362451761,1.0,1.0,1.0,1.0,1.0
OraclePerfect_B10,JILONG_EI_0069,340,881.2191162109375,0.6823191392974375,1.0,1.0,1.0,1.0,1.0
OraclePerfect_B10,JILONG_EI_0069,350,886.4913940429688,0.6686251930386948,1.0,1.0,1.0,1.0,1.0
OraclePerfect_B10,JILONG_EI_0069,360,895.5733032226562,0.6416399177614327,1.0,1.0,1.0,1.0,1.0
OraclePerfect_B10,JILONG_EI_0069,370,903.16845703125,0.613350372581613,1.0,1.0,1.0,1.0,1.0
OraclePerfect_B10,JILONG_EI_0069,380,910.1578369140625,0.5876636744033035,1.0,1.0,1.0,1.0,1.0
OraclePerfect_B10,JILONG_EI_0069,390,910.510498046875,0.5675684022988016,1.0,1.0,1.0,1.0,1.0
OraclePerfect_B10,JILONG_EI_0069,400,907.6080322265625,0.569987229930258,1.0,1.0,1.0,1.0,1.0
OraclePerfect_B10,JILONG_EI_0069,410,903.4700927734375,0.5719298488663566,1.0,1.0,1.0,1.0,1.0
OraclePerfect_B10,JILONG_EI_0069,420,896.5379638671875,0.5691826665969494,1.0,1.0,1.0,1.0,1.0
OraclePerfect_B10,JILONG_EI_0069,430,886.34521484375,0.5633618522593263,1.0,1.0,1.0,1.0,1.0
OraclePerfect_B10,JILONG_EI_0069,440,874.2120971679688,0.5540946895155171,1.0,1.0,1.0,1.0,1.0
OraclePerfect_B10,JILONG_EI_0069,450,861.23388671875,0.5446147904133881,1.0,1.0,1.0,1.0,1.0
OraclePerfect_B10,JILONG_EI_0069,460,855.2640991210938,0.530805268531869,1.0,1.0,1.0,1.0,1.0
OraclePerfect_B10,JILONG_EI_0069,470,848.40576171875,0.5311462612923813,1.0,1.0,1.0,1.0,1.0
OraclePerfect_B10,JILONG_EI_0069,480,843.8955688476562,0.5344512887354146,1.0,1.0,1.0,1.0,1.0
OraclePerfect_B10,JILONG_EI_0069,490,840.5162353515625,0.5383576331170374,1.0,1.0,1.0,1.0,1.0
OraclePerfect_B10,JILONG_EI_0069,500,838.39501953125,0.5426297704839181,1.0,1.0,1.0,1.0,1.0
OraclePerfect_B10,JILONG_EI_0069,510,838.7844848632812,0.5456186700112938,1.0,1.0,1.0,1.0,1.0
OraclePerfect_B10,JILONG_EI_0069,520,834.3089599609375,0.5472002698919401,1.0,1.0,1.0,1.0,1.0
OraclePerfect_B10,JILONG_EI_0069,530,832.5349731445312,0.5487585201567209,1.0,1.0,1.0,1.0,1.0
OraclePerfect_B10,JILONG_EI_0069,540,831.5020751953125,0.5511979637432982,1.0,1.0,1.0,1.0,1.0
OraclePerfect_B10,JILONG_EI_0069,550,833.3157958984375,0.5518257508249044,1.0,1.0,1.0,1.0,1.0
OraclePerfect_B10,JILONG_EI_0069,560,833.4716796875,0.5534711029207325,1.0,1.0,1.0,1.0,1.0
OraclePerfect_B10,JILONG_EI_0069,570,835.33203125,0.5535584602988839,1.0,1.0,1.0,1.0,1.0
OraclePerfect_B10,JILONG_EI_0069,580,832.6450805664062,0.5537267378620021,1.0,1.0,1.0,1.0,1.0
OraclePerfect_B10,JILONG_EI_0069,590,830.460205078125,0.5582765261999046,1.0,1.0,1.0,1.0,1.0
OraclePerfect_B10,JILONG_EI_0069,600,828.347412109375,0.5617673706239088,1.0,1.0,1.0,1.0,1.0
OraclePerfect_B10,JILONG_EI_0069,610,826.72216796875,0.5637363492741172,1.0,1.0,1.0,1.0,1.0
OraclePerfect_B10,JILONG_EI_0069,620,826.0657958984375,0.566158290944325,1.0,1.0,1.0,1.0,1.0
OraclePerfect_B10,JILONG_EI_0069,630,827.9513549804688,0.5687325798466508,1.0,1.0,1.0,1.0,1.0
OraclePerfect_B10,JILONG_EI_0069,640,830.60498046875,0.5704674398204287,1.0,1.0,1.0,1.0,1.0
OraclePerfect_B10,JILONG_EI_0069,650,836.135986328125,0.5752945415897518,1.0,1.0,1.0,1.0,1.0
OraclePerfect_B10,JILONG_EI_0069,660,839.1810302734375,0.5772866052425437,1.0,1.0,1.0,1.0,1.0
OraclePerfect_B10,JILONG_EI_0069,670,840.81640625,0.5808075802272712,1.0,1.0,1.0,1.0,1.0
OraclePerfect_B10,JILONG_EI_0069,680,844.110107421875,0.5850471601313076,1.0,1.0,1.0,1.0,1.0
OraclePerfect_B10,JILONG_EI_0069,690,845.8070068359375,0.5871922618570434,1.0,1.0,1.0,1.0,1.0
OraclePerfect_B10,JILONG_EI_0069,700,850.7315063476562,0.5893705624357052,1.0,1.0,1.0,1.0,1.0
OraclePerfect_B10,JILONG_EI_0069,710,856.9740600585938,0.5909703749774687,1.0,1.0,1.0,1.0,1.0
OraclePerfect_B10,JILONG_EI_0069,720,862.2335205078125,0.5903395345549282,1.0,1.0,1.0,1.0,1.0
OraclePerfect_B10,JILONG_EI_0069,730,867.6756591796875,0.5883304817494814,1.0,1.0,1.0,1.0,1.0
OraclePerfect_B10,JILONG_EI_0069,740,872.4550170898438,0.5864482205378629,1.0,1.0,1.0,1.0,1.0
OraclePerfect_B10,JILONG_EI_0069,750,877.8318481445312,0.5843716693851466,1.0,1.0,1.0,1.0,1.0
OraclePerfect_B10,JILONG_EI_0069,760,882.8062744140625,0.582254956295591,1.0,1.0,1.0,1.0,1.0
OraclePerfect_B10,JILONG_EI_0069,770,887.4252319335938,0.5783615199381313,1.0,1.0,1.0,1.0,1.0
OraclePerfect_B10,JILONG_EI_0069,780,892.8096923828125,0.5742248394752655,1.0,1.0,1.0,1.0,1.0
OraclePerfect_B10,JILONG_EI_0069,790,897.409423828125,0.569207922534218,1.0,1.0,1.0,1.0,1.0
OraclePerfect_B10,JILONG_EI_0069,800,904.7252197265625,0.5651379827537393,1.0,1.0,1.0,1.0,1.0
OraclePerfect_B10,JILONG_EI_0069,810,910.175537109375,0.5595037457504698,1.0,1.0,1.0,1.0,1.0
OraclePerfect_B10,JILONG_EI_0069,820,915.2666015625,0.554340882114411,1.0,1.0,1.0,1.0,1.0
OraclePerfect_B10,JILONG_EI_0069,830,921.460693359375,0.5506176324779867,1.0,1.0,1.0,1.0,1.0
OraclePerfect_B10,JILONG_EI_0069,840,927.00927734375,0.5473856212614343,1.0,1.0,1.0,1.0,1.0
OraclePerfect_B10,JILONG_EI_0069,850,931.5066528320312,0.5439850203705228,1.0,1.0,1.0,1.0,1.0
OraclePerfect_B10,JILONG_EI_0069,860,934.9486694335938,0.5407597405627312,1.0,1.0,1.0,1.0,1.0
OraclePerfect_B10,JILONG_EI_0069,870,940.0921020507812,0.5376497042417441,1.0,1.0,1.0,1.0,1.0
OraclePerfect_B10,JILONG_EI_0069,880,944.3130493164062,0.5341367578998614,1.0,1.0,1.0,1.0,1.0
OraclePerfect_B10,JILONG_EI_0069,890,948.1913452148438,0.530386923941954,1.0,1.0,1.0,1.0,1.0
OraclePerfect_B10,JILONG_EI_0069,900,953.0862426757812,0.5276603402525163,1.0,1.0,1.0,1.0,1.0
OraclePerfect_B10,JILONG_EI_0069,910,956.987548828125,0.5237936067032014,1.0,1.0,1.0,1.0,1.0
OraclePerfect_B10,JILONG_EI_0069,920,961.0758056640625,0.5194035567454075,1.0,1.0,1.0,1.0,1.0
OraclePerfect_B10,JILONG_EI_0069,930,962.1096801757812,0.5140819048914775,1.0,1.0,1.0,1.0,1.0
OraclePerfect_B10,JILONG_EI_0069,940,966.6747436523438,0.5109364119134153,1.0,1.0,1.0,1.0,1.0
OraclePerfect_B10,JILONG_EI_0069,950,970.127197265625,0.5068927279134784,1.0,1.0,1.0,1.0,1.0
OraclePerfect_B10,JILONG_EI_0069,960,974.6395263671875,0.5041863589785939,1.0,1.0,1.0,1.0,1.0
OraclePerfect_B10,JILONG_EI_0069,970,977.7139892578125,0.5006651712280248,1.0,1.0,1.0,1.0,1.0
OraclePerfect_B10,JILONG_EI_0069,980,980.650634765625,0.49675858828088076,1.0,1.0,1.0,1.0,1.0
OraclePerfect_B10,JILONG_EI_0069,990,985.9194946289062,0.4936864460906815,1.0,1.0,1.0,1.0,1.0
OraclePerfect_B10,JILONG_EI_0069,1000,989.1939697265625,0.49014552454383087,1.0,1.0,1.0,1.0,1.0
OraclePerfect_B10,JILONG_EI_0069,1010,991.5411376953125,0.48643376327446314,1.0,1.0,1.0,1.0,1.0
OraclePerfect_B10,JILONG_EI_0069,1020,995.6129760742188,0.48501506279404594,1.0,1.0,1.0,1.0,1.0
OraclePerfect_B10,JILONG_EI_0069,1030,997.9234619140625,0.48218993361820367,1.0,1.0,1.0,1.0,1.0
OraclePerfect_B10,JILONG_EI_0069,1040,1002.24462890625,0.48060226372328624,1.0,1.0,1.0,1.0,1.0
OraclePerfect_B10,JILONG_EI_0069,1050,1007.0301513671875,0.4793821895031815,1.0,1.0,1.0,1.0,1.0
OraclePerfect_B10,JILONG_EI_0069,1060,1008.4290771484375,0.4766392704462566,1.0,1.0,1.0,1.0,1.0
OraclePerfect_B10,JILONG_EI_0069,1070,1009.5107421875,0.4745962173749222,1.0,1.0,1.0,1.0,1.0
OraclePerfect_B10,JILONG_EI_0069,1080,1011.7091674804688,0.47221967481242977,1.0,1.0,1.0,1.0,1.0
OraclePerfect_B10,JILONG_EI_0069,1090,1009.8253784179688,0.4683993073579688,1.0,1.0,1.0,1.0,1.0
OraclePerfect_B10,JILONG_EI_0069,1100,1012.4888916015625,0.4672533475859897,1.0,1.0,1.0,1.0,1.0
OraclePerfect_B10,JILONG_EI_0069,1110,1014.6563720703125,0.4662779277595765,1.0,1.0,1.0,1.0,1.0
OraclePerfect_B10,JILONG_EI_0069,1120,1015.267333984375,0.46307018970550073,1.0,1.0,1.0,1.0,1.0
OraclePerfect_B10,JILONG_EI_0069,1130,1010.873046875,0.45609492123705037,1.0,1.0,1.0,1.0,1.0
OraclePerfect_B10,JILONG_EI_0069,1140,1011.6236572265625,0.452220584924685,1.0,1.0,1.0,1.0,1.0
OraclePerfect_B10,JILONG_EI_0069,1150,1005.6751708984375,0.44272850133988567,1.0,1.0,1.0,1.0,1.0
OraclePerfect_B10,JILONG_EI_0069,1160,1008.5453491210938,0.4411775179440605,1.0,1.0,1.0,1.0,1.0
OraclePerfect_B10,JILONG_EI_0069,1170,1009.841796875,0.4373298784706952,1.0,1.0,1.0,1.0,1.0
OraclePerfect_B10,JILONG_EI_0069,1180,1005.067626953125,0.42954921399804186,1.0,1.0,1.0,1.0,1.0
OraclePerfect_B10,JILONG_EI_0069,1190,1005.9057006835938,0.42521353654088384,1.0,1.0,1.0,1.0,1.0
OraclePerfect_B10,JILONG_EI_0069,1200,1008.74755859375,0.4220290119131266,1.0,1.0,1.0,1.0,1.0
OraclePerfect_B10,JILONG_EI_0069,1210,1008.045654296875,0.4162139780182024,1.0,1.0,1.0,1.0,1.0
OraclePerfect_B10,JILONG_EI_0069,1220,1012.0595092773438,0.4132026813427023,1.0,1.0,1.0,1.0,1.0
OraclePerfect_B10,JILONG_EI_0069,1230,1016.167236328125,0.4095351581292144,1.0,1.0,1.0,1.0,1.0
OraclePerfect_B10,JILONG_EI_0069,1240,1020.9029541015625,0.40684320988835104,1.0,1.0,1.0,1.0,1.0
OraclePerfect_B10,JILONG_EI_0069,1250,1025.04052734375,0.4035030480901391,1.0,1.0,1.0,1.0,1.0
OraclePerfect_B10,JILONG_EI_0069,1260,1028.896484375,0.4001049871949078,1.0,1.0,1.0,1.0,1.0
OraclePerfect_B10,JILONG_EI_0069,1270,1031.1468505859375,0.39722219338153264,1.0,1.0,1.0,1.0,1.0
OraclePerfect_B10,JILONG_EI_0069,1280,1034.114501953125,0.39290264108426554,1.0,1.0,1.0,1.0,1.0
OraclePerfect_B10,JILONG_EI_0069,1290,1037.6904296875,0.39083936733125774,1.0,1.0,1.0,1.0,1.0
OraclePerfect_B10,JILONG_EI_0069,1300,1036.98828125,0.38518733132792465,1.0,1.0,1.0,1.0,1.0
OraclePerfect_B10,JILONG_EI_0069,1310,1040.623779296875,0.3812070884502431,1.0,1.0,1.0,1.0,1.0
OraclePerfect_B10,JILONG_EI_0069,1320,1040.3785400390625,0.37424038101475954,1.0,1.0,1.0,1.0,1.0
OraclePerfect_B10,JILONG_EI_0069,1330,1043.679931640625,0.3709405405398239,1.0,1.0,1.0,1.0,1.0
OraclePerfect_B10,JILONG_EI_0069,1340,1045.3369140625,0.36647322414131356,1.0,1.0,1.0,1.0,1.0
OraclePerfect_B10,JILONG_EI_0069,1350,1048.437744140625,0.36304983807441765,1.0,1.0,1.0,1.0,1.0
OraclePerfect_B10,JILONG_EI_0069,1360,1047.84765625,0.35979869580870716,1.0,1.0,1.0,1.0,1.0
OraclePerfect_B10,JILONG_EI_0069,1370,1051.2684326171875,0.3571397263021154,1.0,1.0,1.0,1.0,1.0
OraclePerfect_B10,JILONG_EI_0069,1380,1052.0040283203125,0.3526331006754294,1.0,1.0,1.0,1.0,1.0
OraclePerfect_B10,JILONG_EI_0069,1390,1051.99169921875,0.35008638770073486,1.0,1.0,1.0,1.0,1.0
OraclePerfect_B10,JILONG_EI_0069,1400,1055.16357421875,0.3485538244494625,1.0,1.0,1.0,1.0,1.0
OraclePerfect_B10,JILONG_EI_0069,1410,1054.3175048828125,0.3438031857982309,1.0,1.0,1.0,1.0,1.0
OraclePerfect_B10,JILONG_EI_0069,1420,1058.1346435546875,0.3418194481792681,1.0,1.0,1.0,1.0,1.0
OraclePerfect_B10,JILONG_EI_0069,1430,1061.242919921875,0.33998238420746646,1.0,1.0,1.0,1.0,1.0
OraclePerfect_B10,JILONG_EI_0069,1440,1064.372802734375,0.3382956600738402,1.0,1.0,1.0,1.0,1.0
OraclePerfect_B10,JILONG_EI_0079,10,26.742862701416016,0.9950755068241034,1.0,1.0,1.0,1.0,1.0
OraclePerfect_B10,JILONG_EI_0079,20,45.04598617553711,0.9963049559119143,1.0,1.0,1.0,1.0,1.0
OraclePerfect_B10,JILONG_EI_0079,30,70.63758850097656,0.9969677358103263,1.0,1.0,1.0,1.0,1.0
OraclePerfect_B10,JILONG_EI_0079,40,156.87139892578125,0.9966076204664136,1.0,1.0,1.0,1.0,1.0
OraclePerfect_B10,JILONG_EI_0079,50,212.48672485351562,0.9298328159760888,1.0,1.0,1.0,1.0,1.0
OraclePerfect_B10,JILONG_EI_0079,60,244.255859375,0.8685257274577256,1.0,1.0,1.0,1.0,1.0
OraclePerfect_B10,JILONG_EI_0079,70,285.3160705566406,0.8536518379978248,1.0,1.0,1.0,1.0,1.0
OraclePerfect_B10,JILONG_EI_0079,80,343.8905029296875,0.7794955330612762,1.0,1.0,1.0,1.0,1.0
OraclePerfect_B10,JILONG_EI_0079,90,406.48504638671875,0.663140457587147,1.0,1.0,1.0,1.0,1.0
OraclePerfect_B10,JILONG_EI_0079,100,439.7744140625,0.6885878484752205,1.0,1.0,1.0,1.0,1.0
OraclePerfect_B10,JILONG_EI_0079,110,436.5169677734375,0.6843733557354953,1.0,1.0,1.0,1.0,1.0
OraclePerfect_B10,JILONG_EI_0079,120,467.7896728515625,0.708522231015356,1.0,1.0,1.0,1.0,1.0
OraclePerfect_B10,JILONG_EI_0079,130,482.0488586425781,0.7123281953585106,1.0,1.0,1.0,1.0,1.0
OraclePerfect_B10,JILONG_EI_0079,140,437.2601013183594,0.7233850694178481,1.0,1.0,1.0,1.0,1.0
OraclePerfect_B10,JILONG_EI_0079,150,443.2130126953125,0.7218785686372633,1.0,1.0,1.0,1.0,1.0
OraclePerfect_B10,JILONG_EI_0079,160,405.0756530761719,0.7197001655411293,1.0,1.0,1.0,1.0,1.0
OraclePerfect_B10,JILONG_EI_0079,170,398.0478820800781,0.7292978477575492,1.0,1.0,1.0,1.0,1.0
OraclePerfect_B10,JILONG_EI_0079,180,380.1927490234375,0.7302534982495297,1.0,1.0,1.0,1.0,1.0
OraclePerfect_B10,JILONG_EI_0079,190,368.1812744140625,0.7398607352432631,1.0,1.0,1.0,1.0,1.0
OraclePerfect_B10,JILONG_EI_0079,200,365.14117431640625,0.7675961491167714,1.0,1.0,1.0,1.0,1.0
OraclePerfect_B10,JILONG_EI_0079,210,402.4787292480469,0.7979821833006314,1.0,1.0,1.0,1.0,1.0
OraclePerfect_B10,JILONG_EI_0079,220,444.31414794921875,0.8234353694266587,1.0,1.0,1.0,1.0,1.0
OraclePerfect_B10,JILONG_EI_0079,230,485.2955322265625,0.8372258293213644,1.0,1.0,1.0,1.0,1.0
OraclePerfect_B10,JILONG_EI_0079,240,552.7499389648438,0.8417408039127737,1.0,1.0,1.0,1.0,1.0
OraclePerfect_B10,JILONG_EI_0079,250,611.876220703125,0.7890338120081598,1.0,1.0,1.0,1.0,1.0
OraclePerfect_B10,JILONG_EI_0079,260,658.1588745117188,0.7495935402786226,1.0,1.0,1.0,1.0,1.0
OraclePerfect_B10,JILONG_EI_0079,270,683.2562255859375,0.7603678984621333,1.0,1.0,1.0,1.0,1.0
OraclePerfect_B10,JILONG_EI_0079,280,702.1510009765625,0.7646184582854904,1.0,1.0,1.0,1.0,1.0
OraclePerfect_B10,JILONG_EI_0079,290,710.2010498046875,0.7621907723199027,1.0,1.0,1.0,1.0,1.0
OraclePerfect_B10,JILONG_EI_0079,300,719.714599609375,0.7478261585533231,1.0,1.0,1.0,1.0,1.0
OraclePerfect_B10,JILONG_EI_0079,310,732.456298828125,0.7221476057044913,1.0,1.0,1.0,1.0,1.0
OraclePerfect_B10,JILONG_EI_0079,320,736.7102661132812,0.6932732649105555,1.0,1.0,1.0,1.0,1.0
OraclePerfect_B10,JILONG_EI_0079,330,737.1013793945312,0.6552458990248914,1.0,1.0,1.0,1.0,1.0
OraclePerfect_B10,JILONG_EI_0079,340,739.6392822265625,0.6789756702708137,1.0,1.0,1.0,1.0,1.0
OraclePerfect_B10,JILONG_EI_0079,350,740.8739624023438,0.6972907775330485,1.0,1.0,1.0,1.0,1.0
OraclePerfect_B10,JILONG_EI_0079,360,744.94482421875,0.7010401378860878,1.0,1.0,1.0,1.0,1.0
OraclePerfect_B10,JILONG_EI_0079,370,749.895751953125,0.682789742425015,1.0,1.0,1.0,1.0,1.0
OraclePerfect_B10,JILONG_EI_0079,380,754.6343994140625,0.6563449515481482,1.0,1.0,1.0,1.0,1.0
OraclePerfect_B10,JILONG_EI_0079,390,762.7597045898438,0.6248845705740568,1.0,1.0,1.0,1.0,1.0
OraclePerfect_B10,JILONG_EI_0079,400,769.7818603515625,0.5945653118234276,1.0,1.0,1.0,1.0,1.0
OraclePerfect_B10,JILONG_EI_0079,410,769.971923828125,0.5713304350527749,1.0,1.0,1.0,1.0,1.0
OraclePerfect_B10,JILONG_EI_0079,420,773.2230224609375,0.5738833785222333,1.0,1.0,1.0,1.0,1.0
OraclePerfect_B10,JILONG_EI_0079,430,766.9525146484375,0.5735375405903848,1.0,1.0,1.0,1.0,1.0
OraclePerfect_B10,JILONG_EI_0079,440,761.0025024414062,0.5693046707772582,1.0,1.0,1.0,1.0,1.0
OraclePerfect_B10,JILONG_EI_0079,450,757.9600830078125,0.5608746564241347,1.0,1.0,1.0,1.0,1.0
OraclePerfect_B10,JILONG_EI_0079,460,749.552978515625,0.5498251491225907,1.0,1.0,1.0,1.0,1.0
OraclePerfect_B10,JILONG_EI_0079,470,739.797607421875,0.5500150213493594,1.0,1.0,1.0,1.0,1.0
OraclePerfect_B10,JILONG_EI_0079,480,732.0643310546875,0.5551378230679781,1.0,1.0,1.0,1.0,1.0
OraclePerfect_B10,JILONG_EI_0079,490,727.3142700195312,0.5579436285916536,1.0,1.0,1.0,1.0,1.0
OraclePerfect_B10,JILONG_EI_0079,500,722.6865234375,0.5611394821473883,1.0,1.0,1.0,1.0,1.0
OraclePerfect_B10,JILONG_EI_0079,510,717.028564453125,0.5623003830981596,1.0,1.0,1.0,1.0,1.0
OraclePerfect_B10,JILONG_EI_0079,520,717.2562255859375,0.5614473969991002,1.0,1.0,1.0,1.0,1.0
OraclePerfect_B10,JILONG_EI_0079,530,715.8215942382812,0.5656842088434165,1.0,1.0,1.0,1.0,1.0
OraclePerfect_B10,JILONG_EI_0079,540,715.2880859375,0.5667109917913853,1.0,1.0,1.0,1.0,1.0
OraclePerfect_B10,JILONG_EI_0079,550,715.9533081054688,0.5684252896964889,1.0,1.0,1.0,1.0,1.0
OraclePerfect_B10,JILONG_EI_0079,560,715.0426025390625,0.5669054641524899,1.0,1.0,1.0,1.0,1.0
OraclePerfect_B10,JILONG_EI_0079,570,712.5386962890625,0.5661825794438929,1.0,1.0,1.0,1.0,1.0
OraclePerfect_B10,JILONG_EI_0079,580,710.6324462890625,0.562868504035577,1.0,1.0,1.0,1.0,1.0
OraclePerfect_B10,JILONG_EI_0079,590,710.492431640625,0.5593118466686045,1.0,1.0,1.0,1.0,1.0
OraclePerfect_B10,JILONG_EI_0079,600,711.0343017578125,0.5561365165994805,1.0,1.0,1.0,1.0,1.0
OraclePerfect_B10,JILONG_EI_0079,610,709.4456787109375,0.5534227486748513,1.0,1.0,1.0,1.0,1.0
OraclePerfect_B10,JILONG_EI_0079,620,709.22802734375,0.5495892236824633,1.0,1.0,1.0,1.0,1.0
OraclePerfect_B10,JILONG_EI_0079,630,708.655517578125,0.5480130865862181,1.0,1.0,1.0,1.0,1.0
OraclePerfect_B10,JILONG_EI_0079,640,706.0421752929688,0.5480096084016335,1.0,1.0,1.0,1.0,1.0
OraclePerfect_B10,JILONG_EI_0079,650,706.065673828125,0.5491760772370348,1.0,1.0,1.0,1.0,1.0
OraclePerfect_B10,JILONG_EI_0079,660,705.9654541015625,0.5488477600382539,1.0,1.0,1.0,1.0,1.0
OraclePerfect_B10,JILONG_EI_0079,670,704.6676025390625,0.5507492125336423,1.0,1.0,1.0,1.0,1.0
OraclePerfect_B10,JILONG_EI_0079,680,704.3297119140625,0.5554642885202727,1.0,1.0,1.0,1.0,1.0
OraclePerfect_B10,JILONG_EI_0079,690,705.2147216796875,0.5586101925265271,1.0,1.0,1.0,1.0,1.0
OraclePerfect_B10,JILONG_EI_0079,700,706.79931640625,0.5610823283243426,1.0,1.0,1.0,1.0,1.0
OraclePerfect_B10,JILONG_EI_0079,710,711.1571044921875,0.5635203688714159,1.0,1.0,1.0,1.0,1.0
OraclePerfect_B10,JILONG_EI_0079,720,714.7125244140625,0.563819993737314,1.0,1.0,1.0,1.0,1.0
OraclePerfect_B10,JILONG_EI_0079,730,718.481689453125,0.5633312404262558,1.0,1.0,1.0,1.0,1.0
OraclePerfect_B10,JILONG_EI_0079,740,720.94921875,0.5639879465446686,1.0,1.0,1.0,1.0,1.0
OraclePerfect_B10,JILONG_EI_0079,750,723.6107788085938,0.5647203788167232,1.0,1.0,1.0,1.0,1.0
OraclePerfect_B10,JILONG_EI_0079,760,725.199951171875,0.5640234902756945,1.0,1.0,1.0,1.0,1.0
OraclePerfect_B10,JILONG_EI_0079,770,728.5692749023438,0.5627412513472233,1.0,1.0,1.0,1.0,1.0
OraclePerfect_B10,JILONG_EI_0079,780,731.551513671875,0.5618070721481024,1.0,1.0,1.0,1.0,1.0
OraclePerfect_B10,JILONG_EI_0079,790,734.6470947265625,0.5618636331489424,1.0,1.0,1.0,1.0,1.0
OraclePerfect_B10,JILONG_EI_0079,800,739.3200073242188,0.5630462951174123,1.0,1.0,1.0,1.0,1.0
OraclePerfect_B10,JILONG_EI_0079,810,740.7940673828125,0.5638418812499528,1.0,1.0,1.0,1.0,1.0
OraclePerfect_B10,JILONG_EI_0079,820,743.6954956054688,0.5650830297575196,1.0,1.0,1.0,1.0,1.0
OraclePerfect_B10,JILONG_EI_0079,830,745.9725341796875,0.5637030291702222,1.0,1.0,1.0,1.0,1.0
OraclePerfect_B10,JILONG_EI_0079,840,748.8804931640625,0.5635530071471336,1.0,1.0,1.0,1.0,1.0
OraclePerfect_B10,JILONG_EI_0079,850,751.7119140625,0.5634650550438722,1.0,1.0,1.0,1.0,1.0
OraclePerfect_B10,JILONG_EI_0079,860,754.0113525390625,0.560792323083579,1.0,1.0,1.0,1.0,1.0
OraclePerfect_B10,JILONG_EI_0079,870,758.2666015625,0.5592006277468948,1.0,1.0,1.0,1.0,1.0
OraclePerfect_B10,JILONG_EI_0079,880,761.431640625,0.5585397067887143,1.0,1.0,1.0,1.0,1.0
OraclePerfect_B10,JILONG_EI_0079,890,764.851806640625,0.556028092225427,1.0,1.0,1.0,1.0,1.0
OraclePerfect_B10,JILONG_EI_0079,900,767.5748291015625,0.5525969451159423,1.0,1.0,1.0,1.0,1.0
OraclePerfect_B10,JILONG_EI_0079,910,771.4503173828125,0.5517262639316385,1.0,1.0,1.0,1.0,1.0
OraclePerfect_B10,JILONG_EI_0079,920,774.670166015625,0.5494211707399351,1.0,1.0,1.0,1.0,1.0
OraclePerfect_B10,JILONG_EI_0079,930,778.6197509765625,0.5460921316137259,1.0,1.0,1.0,1.0,1.0
OraclePerfect_B10,JILONG_EI_0079,940,782.4545288085938,0.5424446676891792,1.0,1.0,1.0,1.0,1.0
OraclePerfect_B10,JILONG_EI_0079,950,788.00146484375,0.5397262038149817,1.0,1.0,1.0,1.0,1.0
OraclePerfect_B10,JILONG_EI_0079,960,790.2578735351562,0.5344747854787291,1.0,1.0,1.0,1.0,1.0
OraclePerfect_B10,JILONG_EI_0079,970,794.692626953125,0.5314858530914983,1.0,1.0,1.0,1.0,1.0
OraclePerfect_B10,JILONG_EI_0079,980,799.9256591796875,0.5291809817315627,1.0,1.0,1.0,1.0,1.0
OraclePerfect_B10,JILONG_EI_0079,990,802.8641967773438,0.5253698544143852,1.0,1.0,1.0,1.0,1.0
OraclePerfect_B10,JILONG_EI_0079,1000,806.8829345703125,0.5231029517246994,1.0,1.0,1.0,1.0,1.0
OraclePerfect_B10,JILONG_EI_0079,1010,810.1659545898438,0.5193895592620285,1.0,1.0,1.0,1.0,1.0
OraclePerfect_B10,JILONG_EI_0079,1020,813.0330200195312,0.5156810624347923,1.0,1.0,1.0,1.0,1.0
OraclePerfect_B10,JILONG_EI_0079,1030,816.4571533203125,0.5133757586492511,1.0,1.0,1.0,1.0,1.0
OraclePerfect_B10,JILONG_EI_0079,1040,819.8045654296875,0.5108375013755638,1.0,1.0,1.0,1.0,1.0
OraclePerfect_B10,JILONG_EI_0079,1050,822.6942138671875,0.5078150993326928,1.0,1.0,1.0,1.0,1.0
OraclePerfect_B10,JILONG_EI_0079,1060,825.4325561523438,0.504999127269784,1.0,1.0,1.0,1.0,1.0
OraclePerfect_B10,JILONG_EI_0079,1070,828.3978881835938,0.5022006850307001,1.0,1.0,1.0,1.0,1.0
OraclePerfect_B10,JILONG_EI_0079,1080,830.85302734375,0.4986076262189277,1.0,1.0,1.0,1.0,1.0
OraclePerfect_B10,JILONG_EI_0079,1090,834.8040771484375,0.49663370752936287,1.0,1.0,1.0,1.0,1.0
OraclePerfect_B10,JILONG_EI_0079,1100,838.392822265625,0.4945865754264219,1.0,1.0,1.0,1.0,1.0
OraclePerfect_B10,JILONG_EI_0079,1110,841.162109375,0.491307723986476,1.0,1.0,1.0,1.0,1.0
OraclePerfect_B10,JILONG_EI_0079,1120,843.8358154296875,0.48918862419825004,1.0,1.0,1.0,1.0,1.0
OraclePerfect_B10,JILONG_EI_0079,1130,847.7222900390625,0.48779688540663985,1.0,1.0,1.0,1.0,1.0
OraclePerfect_B10,JILONG_EI_0079,1140,850.3497924804688,0.4863977241142623,1.0,1.0,1.0,1.0,1.0
OraclePerfect_B10,JILONG_EI_0079,1150,852.4149169921875,0.4842051400216054,1.0,1.0,1.0,1.0,1.0
OraclePerfect_B10,JILONG_EI_0079,1160,855.5325927734375,0.48315185530202914,1.0,1.0,1.0,1.0,1.0
OraclePerfect_B10,JILONG_EI_0079,1170,858.1138916015625,0.4827607547611471,1.0,1.0,1.0,1.0,1.0
OraclePerfect_B10,JILONG_EI_0079,1180,861.1826171875,0.4830088556265336,1.0,1.0,1.0,1.0,1.0
OraclePerfect_B10,JILONG_EI_0079,1190,863.200439453125,0.4819062496070766,1.0,1.0,1.0,1.0,1.0
OraclePerfect_B10,JILONG_EI_0079,1200,866.09716796875,0.48182514812310434,1.0,1.0,1.0,1.0,1.0
OraclePerfect_B10,JILONG_EI_0079,1210,868.7278442382812,0.48158214692004087,1.0,1.0,1.0,1.0,1.0
OraclePerfect_B10,JILONG_EI_0079,1220,868.8843994140625,0.479748211696911,1.0,1.0,1.0,1.0,1.0
OraclePerfect_B10,JILONG_EI_0079,1230,869.9542236328125,0.4783058549611252,1.0,1.0,1.0,1.0,1.0
OraclePerfect_B10,JILONG_EI_0079,1240,872.7268676757812,0.47708579774706655,1.0,1.0,1.0,1.0,1.0
OraclePerfect_B10,JILONG_EI_0079,1250,871.102294921875,0.47266263174275236,1.0,1.0,1.0,1.0,1.0
OraclePerfect_B10,JILONG_EI_0079,1260,872.0274658203125,0.4707997503309269,1.0,1.0,1.0,1.0,1.0
OraclePerfect_B10,JILONG_EI_0079,1270,873.5534057617188,0.46840889517062095,1.0,1.0,1.0,1.0,1.0
OraclePerfect_B10,JILONG_EI_0079,1280,874.998291015625,0.4668578103591412,1.0,1.0,1.0,1.0,1.0
OraclePerfect_B10,JILONG_EI_0079,1290,875.9486083984375,0.4650744995096403,1.0,1.0,1.0,1.0,1.0
OraclePerfect_B10,JILONG_EI_0079,1300,878.8466796875,0.4635167144661037,1.0,1.0,1.0,1.0,1.0
OraclePerfect_B10,JILONG_EI_0079,1310,877.40966796875,0.4594475822711512,1.0,1.0,1.0,1.0,1.0
OraclePerfect_B10,JILONG_EI_0079,1320,877.6067504882812,0.4570463669542237,1.0,1.0,1.0,1.0,1.0
OraclePerfect_B10,JILONG_EI_0079,1330,879.1727294921875,0.45426539590314596,1.0,1.0,1.0,1.0,1.0
OraclePerfect_B10,JILONG_EI_0079,1340,880.9122314453125,0.4514825918024504,1.0,1.0,1.0,1.0,1.0
OraclePerfect_B10,JILONG_EI_0079,1350,882.7041015625,0.4478846340553487,1.0,1.0,1.0,1.0,1.0
OraclePerfect_B10,JILONG_EI_0079,1360,880.783447265625,0.44075529555308646,1.0,1.0,1.0,1.0,1.0
OraclePerfect_B10,JILONG_EI_0079,1370,883.052490234375,0.4378229566556029,1.0,1.0,1.0,1.0,1.0
OraclePerfect_B10,JILONG_EI_0079,1380,884.214111328125,0.43360935882883556,1.0,1.0,1.0,1.0,1.0
OraclePerfect_B10,JILONG_EI_0079,1390,884.8126220703125,0.4284878750389922,1.0,1.0,1.0,1.0,1.0
OraclePerfect_B10,JILONG_EI_0079,1400,885.5623779296875,0.4233804224225899,1.0,1.0,1.0,1.0,1.0
OraclePerfect_B10,JILONG_EI_0079,1410,886.6471557617188,0.4185979568592391,1.0,1.0,1.0,1.0,1.0
OraclePerfect_B10,JILONG_EI_0079,1420,890.0447998046875,0.4160308897046279,1.0,1.0,1.0,1.0,1.0
OraclePerfect_B10,JILONG_EI_0079,1430,894.1481323242188,0.4132689699666437,1.0,1.0,1.0,1.0,1.0
OraclePerfect_B10,JILONG_EI_0079,1440,897.5477294921875,0.4095305558739316,1.0,1.0,1.0,1.0,1.0
OraclePerfect_B10,JILONG_EI_0089,10,23.2847900390625,0.9878502188892109,1.0,1.0,1.0,1.0,1.0
OraclePerfect_B10,JILONG_EI_0089,20,44.66266632080078,0.9943530839265387,1.0,1.0,1.0,1.0,1.0
OraclePerfect_B10,JILONG_EI_0089,30,106.55256652832031,0.9969142711068879,1.0,1.0,1.0,1.0,1.0
OraclePerfect_B10,JILONG_EI_0089,40,216.76480102539062,0.9924310940474322,1.0,1.0,1.0,1.0,1.0
OraclePerfect_B10,JILONG_EI_0089,50,278.02252197265625,0.9214950193669774,1.0,1.0,1.0,1.0,1.0
OraclePerfect_B10,JILONG_EI_0089,60,309.2070007324219,0.8782440517368243,1.0,1.0,1.0,1.0,1.0
OraclePerfect_B10,JILONG_EI_0089,70,380.5762939453125,0.8575876476997747,1.0,1.0,1.0,1.0,1.0
OraclePerfect_B10,JILONG_EI_0089,80,492.80035400390625,0.7730990524266771,1.0,1.0,1.0,1.0,1.0
OraclePerfect_B10,JILONG_EI_0089,90,556.232666015625,0.6659150024661702,1.0,1.0,1.0,1.0,1.0
OraclePerfect_B10,JILONG_EI_0089,100,575.6893310546875,0.6850028822923304,1.0,1.0,1.0,1.0,1.0
OraclePerfect_B10,JILONG_EI_0089,110,606.8128662109375,0.6585926028680595,1.0,1.0,1.0,1.0,1.0
OraclePerfect_B10,JILONG_EI_0089,120,651.4794311523438,0.7057324076292182,1.0,1.0,1.0,1.0,1.0
OraclePerfect_B10,JILONG_EI_0089,130,657.9189453125,0.7057040887804972,1.0,1.0,1.0,1.0,1.0
OraclePerfect_B10,JILONG_EI_0089,140,599.49853515625,0.713917877662753,1.0,1.0,1.0,1.0,1.0
OraclePerfect_B10,JILONG_EI_0089,150,576.39599609375,0.703579444151045,1.0,1.0,1.0,1.0,1.0
OraclePerfect_B10,JILONG_EI_0089,160,496.6255187988281,0.7043026958530906,1.0,1.0,1.0,1.0,1.0
OraclePerfect_B10,JILONG_EI_0089,170,516.2342529296875,0.7106393736800939,1.0,1.0,1.0,1.0,1.0
OraclePerfect_B10,JILONG_EI_0089,180,498.8979797363281,0.7152000176068871,1.0,1.0,1.0,1.0,1.0
OraclePerfect_B10,JILONG_EI_0089,190,464.660888671875,0.7405834253256915,1.0,1.0,1.0,1.0,1.0
OraclePerfect_B10,JILONG_EI_0089,200,482.1964111328125,0.7686586511406033,1.0,1.0,1.0,1.0,1.0
OraclePerfect_B10,JILONG_EI_0089,210,547.2991333007812,0.7994313056077028,1.0,1.0,1.0,1.0,1.0
OraclePerfect_B10,JILONG_EI_0089,220,591.0572509765625,0.8224017904229036,1.0,1.0,1.0,1.0,1.0
OraclePerfect_B10,JILONG_EI_0089,230,656.3720703125,0.8390075232905662,1.0,1.0,1.0,1.0,1.0
OraclePerfect_B10,JILONG_EI_0089,240,730.82080078125,0.7941455923429216,1.0,1.0,1.0,1.0,1.0
OraclePerfect_B10,JILONG_EI_0089,250,787.8101806640625,0.7404258761437668,1.0,1.0,1.0,1.0,1.0
OraclePerfect_B10,JILONG_EI_0089,260,828.4708862304688,0.7526871926565217,1.0,1.0,1.0,1.0,1.0
OraclePerfect_B10,JILONG_EI_0089,270,861.980224609375,0.7631664028563103,1.0,1.0,1.0,1.0,1.0
OraclePerfect_B10,JILONG_EI_0089,280,883.87841796875,0.7558249134587665,1.0,1.0,1.0,1.0,1.0
OraclePerfect_B10,JILONG_EI_0089,290,901.0601806640625,0.7276734372673865,1.0,1.0,1.0,1.0,1.0
OraclePerfect_B10,JILONG_EI_0089,300,919.3917236328125,0.6956427974656078,1.0,1.0,1.0,1.0,1.0
OraclePerfect_B10,JILONG_EI_0089,310,938.24365234375,0.6664168411187668,1.0,1.0,1.0,1.0,1.0
OraclePerfect_B10,JILONG_EI_0089,320,951.6494750976562,0.6514143284287525,1.0,1.0,1.0,1.0,1.0
OraclePerfect_B10,JILONG_EI_0089,330,960.3507690429688,0.6790331039623201,1.0,1.0,1.0,1.0,1.0
OraclePerfect_B10,JILONG_EI_0089,340,962.8551025390625,0.6840361595343519,1.0,1.0,1.0,1.0,1.0
OraclePerfect_B10,JILONG_EI_0089,350,973.884521484375,0.6690044238347884,1.0,1.0,1.0,1.0,1.0
OraclePerfect_B10,JILONG_EI_0089,360,980.6953125,0.6445309137409817,1.0,1.0,1.0,1.0,1.0
OraclePerfect_B10,JILONG_EI_0089,370,986.9403076171875,0.6200147785239833,1.0,1.0,1.0,1.0,1.0
OraclePerfect_B10,JILONG_EI_0089,380,990.37109375,0.5973837441980249,1.0,1.0,1.0,1.0,1.0
OraclePerfect_B10,JILONG_EI_0089,390,987.2532958984375,0.5794762913633614,1.0,1.0,1.0,1.0,1.0
OraclePerfect_B10,JILONG_EI_0089,400,981.334228515625,0.5768825537664098,1.0,1.0,1.0,1.0,1.0
OraclePerfect_B10,JILONG_EI_0089,410,972.697998046875,0.5769185318986333,1.0,1.0,1.0,1.0,1.0
OraclePerfect_B10,JILONG_EI_0089,420,963.9513549804688,0.5748372680283111,1.0,1.0,1.0,1.0,1.0
OraclePerfect_B10,JILONG_EI_0089,430,956.6393432617188,0.5686474459548554,1.0,1.0,1.0,1.0,1.0
OraclePerfect_B10,JILONG_EI_0089,440,941.0694580078125,0.5628331479909465,1.0,1.0,1.0,1.0,1.0
OraclePerfect_B10,JILONG_EI_0089,450,929.3890380859375,0.5548204422106177,1.0,1.0,1.0,1.0,1.0
OraclePerfect_B10,JILONG_EI_0089,460,921.36865234375,0.5463774736506486,1.0,1.0,1.0,1.0,1.0
OraclePerfect_B10,JILONG_EI_0089,470,915.46875,0.5508310635436394,1.0,1.0,1.0,1.0,1.0
OraclePerfect_B10,JILONG_EI_0089,480,912.2533569335938,0.5551071427802091,1.0,1.0,1.0,1.0,1.0
OraclePerfect_B10,JILONG_EI_0089,490,909.6181640625,0.5590262218387549,1.0,1.0,1.0,1.0,1.0
OraclePerfect_B10,JILONG_EI_0089,500,907.7987060546875,0.562564326316242,1.0,1.0,1.0,1.0,1.0
OraclePerfect_B10,JILONG_EI_0089,510,902.4398803710938,0.5617287085011953,1.0,1.0,1.0,1.0,1.0
OraclePerfect_B10,JILONG_EI_0089,520,895.8480224609375,0.5615820121254455,1.0,1.0,1.0,1.0,1.0
OraclePerfect_B10,JILONG_EI_0089,530,892.12158203125,0.5627480518435961,1.0,1.0,1.0,1.0,1.0
OraclePerfect_B10,JILONG_EI_0089,540,889.48193359375,0.560818073730063,1.0,1.0,1.0,1.0,1.0
OraclePerfect_B10,JILONG_EI_0089,550,887.8194580078125,0.5614777289892243,1.0,1.0,1.0,1.0,1.0
OraclePerfect_B10,JILONG_EI_0089,560,886.3927001953125,0.5621186099299874,1.0,1.0,1.0,1.0,1.0
OraclePerfect_B10,JILONG_EI_0089,570,883.0123291015625,0.5599205620617695,1.0,1.0,1.0,1.0,1.0
OraclePerfect_B10,JILONG_EI_0089,580,879.3157958984375,0.5579055190288276,1.0,1.0,1.0,1.0,1.0
OraclePerfect_B10,JILONG_EI_0089,590,877.860595703125,0.5564039311896282,1.0,1.0,1.0,1.0,1.0
OraclePerfect_B10,JILONG_EI_0089,600,875.4310913085938,0.5546018242949472,1.0,1.0,1.0,1.0,1.0
OraclePerfect_B10,JILONG_EI_0089,610,872.0218505859375,0.5505106173834996,1.0,1.0,1.0,1.0,1.0
OraclePerfect_B10,JILONG_EI_0089,620,868.8629150390625,0.546491701432509,1.0,1.0,1.0,1.0,1.0
OraclePerfect_B10,JILONG_EI_0089,630,868.8010864257812,0.5438559537722764,1.0,1.0,1.0,1.0,1.0
OraclePerfect_B10,JILONG_EI_0089,640,871.8792724609375,0.5416919463705446,1.0,1.0,1.0,1.0,1.0
OraclePerfect_B10,JILONG_EI_0089,650,873.4010620117188,0.5389858161874875,1.0,1.0,1.0,1.0,1.0
OraclePerfect_B10,JILONG_EI_0089,660,870.0018920898438,0.539910579338205,1.0,1.0,1.0,1.0,1.0
OraclePerfect_B10,JILONG_EI_0089,670,869.02685546875,0.5400198391150571,1.0,1.0,1.0,1.0,1.0
OraclePerfect_B10,JILONG_EI_0089,680,868.44189453125,0.5402832422804404,1.0,1.0,1.0,1.0,1.0
OraclePerfect_B10,JILONG_EI_0089,690,868.2615966796875,0.5399468583547239,1.0,1.0,1.0,1.0,1.0
OraclePerfect_B10,JILONG_EI_0089,700,867.5985107421875,0.539508958709082,1.0,1.0,1.0,1.0,1.0
OraclePerfect_B10,JILONG_EI_0089,710,868.4774169921875,0.53807863173519,1.0,1.0,1.0,1.0,1.0
OraclePerfect_B10,JILONG_EI_0089,720,868.56494140625,0.5390613342181744,1.0,1.0,1.0,1.0,1.0
OraclePerfect_B10,JILONG_EI_0089,730,869.3759765625,0.5400368418677306,1.0,1.0,1.0,1.0,1.0
OraclePerfect_B10,JILONG_EI_0089,740,869.6340942382812,0.5405721490290936,1.0,1.0,1.0,1.0,1.0
OraclePerfect_B10,JILONG_EI_0089,750,868.9534912109375,0.537796391523673,1.0,1.0,1.0,1.0,1.0
OraclePerfect_B10,JILONG_EI_0089,760,871.292236328125,0.5351607157572044,1.0,1.0,1.0,1.0,1.0
OraclePerfect_B10,JILONG_EI_0089,770,873.6357421875,0.5325712892624949,1.0,1.0,1.0,1.0,1.0
OraclePerfect_B10,JILONG_EI_0089,780,875.1004638671875,0.5296345194141772,1.0,1.0,1.0,1.0,1.0
OraclePerfect_B10,JILONG_EI_0089,790,876.9822387695312,0.5272590602603392,1.0,1.0,1.0,1.0,1.0
OraclePerfect_B10,JILONG_EI_0089,800,880.8488159179688,0.5243576714449376,1.0,1.0,1.0,1.0,1.0
OraclePerfect_B10,JILONG_EI_0089,810,885.1082763671875,0.5214184147780782,1.0,1.0,1.0,1.0,1.0
OraclePerfect_B10,JILONG_EI_0089,820,887.895263671875,0.5196726460424541,1.0,1.0,1.0,1.0,1.0
OraclePerfect_B10,JILONG_EI_0089,830,890.656005859375,0.518245954198675,1.0,1.0,1.0,1.0,1.0
OraclePerfect_B10,JILONG_EI_0089,840,892.9981079101562,0.5161048519790427,1.0,1.0,1.0,1.0,1.0
OraclePerfect_B10,JILONG_EI_0089,850,895.55517578125,0.5132651972471393,1.0,1.0,1.0,1.0,1.0
OraclePerfect_B10,JILONG_EI_0089,860,896.6728515625,0.5113848995931944,1.0,1.0,1.0,1.0,1.0
OraclePerfect_B10,JILONG_EI_0089,870,897.8233642578125,0.5096564107871667,1.0,1.0,1.0,1.0,1.0
OraclePerfect_B10,JILONG_EI_0089,880,899.5361328125,0.5071654800578946,1.0,1.0,1.0,1.0,1.0
OraclePerfect_B10,JILONG_EI_0089,890,902.4335327148438,0.504293170664755,1.0,1.0,1.0,1.0,1.0
OraclePerfect_B10,JILONG_EI_0089,900,905.5321044921875,0.5028020155365309,1.0,1.0,1.0,1.0,1.0
OraclePerfect_B10,JILONG_EI_0089,910,908.08837890625,0.5001306988583445,1.0,1.0,1.0,1.0,1.0
OraclePerfect_B10,JILONG_EI_0089,920,910.8521728515625,0.497112248834535,1.0,1.0,1.0,1.0,1.0
OraclePerfect_B10,JILONG_EI_0089,930,912.6072998046875,0.4937282164236229,1.0,1.0,1.0,1.0,1.0
OraclePerfect_B10,JILONG_EI_0089,940,915.6981201171875,0.49195288382649266,1.0,1.0,1.0,1.0,1.0
OraclePerfect_B10,JILONG_EI_0089,950,917.8427734375,0.4904708008123653,1.0,1.0,1.0,1.0,1.0
OraclePerfect_B10,JILONG_EI_0089,960,920.4522705078125,0.48832124844571956,1.0,1.0,1.0,1.0,1.0
OraclePerfect_B10,JILONG_EI_0089,970,922.280029296875,0.4871792613210375,1.0,1.0,1.0,1.0,1.0
OraclePerfect_B10,JILONG_EI_0089,980,924.6019897460938,0.4856420194810349,1.0,1.0,1.0,1.0,1.0
OraclePerfect_B10,JILONG_EI_0089,990,927.8572998046875,0.4845852355943303,1.0,1.0,1.0,1.0,1.0
OraclePerfect_B10,JILONG_EI_0089,1000,929.8477172851562,0.48242897170104365,1.0,1.0,1.0,1.0,1.0
OraclePerfect_B10,JILONG_EI_0089,1010,932.4713745117188,0.48070908298501747,1.0,1.0,1.0,1.0,1.0
OraclePerfect_B10,JILONG_EI_0089,1020,934.2454833984375,0.47857374558961097,1.0,1.0,1.0,1.0,1.0
OraclePerfect_B10,JILONG_EI_0089,1030,936.7767333984375,0.4770909207924087,1.0,1.0,1.0,1.0,1.0
OraclePerfect_B10,JILONG_EI_0089,1040,938.4025268554688,0.4767355683497872,1.0,1.0,1.0,1.0,1.0
OraclePerfect_B10,JILONG_EI_0089,1050,940.064697265625,0.4748759613841637,1.0,1.0,1.0,1.0,1.0
OraclePerfect_B10,JILONG_EI_0089,1060,942.3162841796875,0.47459658732091636,1.0,1.0,1.0,1.0,1.0
OraclePerfect_B10,JILONG_EI_0089,1070,944.2266235351562,0.4746506167167596,1.0,1.0,1.0,1.0,1.0
OraclePerfect_B10,JILONG_EI_0089,1080,945.1647338867188,0.47399793511978283,1.0,1.0,1.0,1.0,1.0
OraclePerfect_B10,JILONG_EI_0089,1090,945.5858764648438,0.47213609248036054,1.0,1.0,1.0,1.0,1.0
OraclePerfect_B10,JILONG_EI_0089,1100,948.4036865234375,0.470539696849045,1.0,1.0,1.0,1.0,1.0
OraclePerfect_B10,JILONG_EI_0089,1110,950.3650512695312,0.4694286202797351,1.0,1.0,1.0,1.0,1.0
OraclePerfect_B10,JILONG_EI_0089,1120,950.9139404296875,0.46834566247164855,1.0,1.0,1.0,1.0,1.0
OraclePerfect_B10,JILONG_EI_0089,1130,952.1447143554688,0.46733248000941835,1.0,1.0,1.0,1.0,1.0
OraclePerfect_B10,JILONG_EI_0089,1140,954.3983764648438,0.4652546916675605,1.0,1.0,1.0,1.0,1.0
OraclePerfect_B10,JILONG_EI_0089,1150,957.2335205078125,0.4640404234998499,1.0,1.0,1.0,1.0,1.0
OraclePerfect_B10,JILONG_EI_0089,1160,958.14794921875,0.461090728914744,1.0,1.0,1.0,1.0,1.0
OraclePerfect_B10,JILONG_EI_0089,1170,960.6517944335938,0.45875585355411114,1.0,1.0,1.0,1.0,1.0
OraclePerfect_B10,JILONG_EI_0089,1180,964.0491333007812,0.45659806385784835,1.0,1.0,1.0,1.0,1.0
OraclePerfect_B10,JILONG_EI_0089,1190,966.7825317382812,0.45442303097466324,1.0,1.0,1.0,1.0,1.0
OraclePerfect_B10,JILONG_EI_0089,1200,969.4595947265625,0.4516429532051424,1.0,1.0,1.0,1.0,1.0
OraclePerfect_B10,JILONG_EI_0089,1210,972.9611206054688,0.4493118263166678,1.0,1.0,1.0,1.0,1.0
OraclePerfect_B10,JILONG_EI_0089,1220,975.4859008789062,0.4464762544710631,1.0,1.0,1.0,1.0,1.0
OraclePerfect_B10,JILONG_EI_0089,1230,976.8622436523438,0.4430001229234427,1.0,1.0,1.0,1.0,1.0
OraclePerfect_B10,JILONG_EI_0089,1240,980.6932373046875,0.4397717548814931,1.0,1.0,1.0,1.0,1.0
OraclePerfect_B10,JILONG_EI_0089,1250,984.0220947265625,0.43652312709837127,1.0,1.0,1.0,1.0,1.0
OraclePerfect_B10,JILONG_EI_0089,1260,986.9771728515625,0.4327204607361819,1.0,1.0,1.0,1.0,1.0
OraclePerfect_B10,JILONG_EI_0089,1270,987.9462890625,0.4303380983900727,1.0,1.0,1.0,1.0,1.0
OraclePerfect_B10,JILONG_EI_0089,1280,991.2506103515625,0.4291450076411189,1.0,1.0,1.0,1.0,1.0
OraclePerfect_B10,JILONG_EI_0089,1290,992.7481079101562,0.42563997334172937,1.0,1.0,1.0,1.0,1.0
OraclePerfect_B10,JILONG_EI_0089,1300,995.6047973632812,0.42303324152159816,1.0,1.0,1.0,1.0,1.0
OraclePerfect_B10,JILONG_EI_0089,1310,996.5237426757812,0.4182963287575959,1.0,1.0,1.0,1.0,1.0
OraclePerfect_B10,JILONG_EI_0089,1320,998.774658203125,0.41610044505561733,1.0,1.0,1.0,1.0,1.0
OraclePerfect_B10,JILONG_EI_0089,1330,1001.0280151367188,0.41373770558804823,1.0,1.0,1.0,1.0,1.0
OraclePerfect_B10,JILONG_EI_0089,1340,1003.1846923828125,0.41113204370364603,1.0,1.0,1.0,1.0,1.0
OraclePerfect_B10,JILONG_EI_0089,1350,1006.0448608398438,0.4092403585711984,1.0,1.0,1.0,1.0,1.0
OraclePerfect_B10,JILONG_EI_0089,1360,1007.7662963867188,0.40662598779150494,1.0,1.0,1.0,1.0,1.0
OraclePerfect_B10,JILONG_EI_0089,1370,1008.0250244140625,0.4036935372031835,1.0,1.0,1.0,1.0,1.0
OraclePerfect_B10,JILONG_EI_0089,1380,1005.21435546875,0.39854863364341286,1.0,1.0,1.0,1.0,1.0
OraclePerfect_B10,JILONG_EI_0089,1390,1007.0216674804688,0.3968127897798328,1.0,1.0,1.0,1.0,1.0
OraclePerfect_B10,JILONG_EI_0089,1400,1008.5883178710938,0.39465840528855856,1.0,1.0,1.0,1.0,1.0
OraclePerfect_B10,JILONG_EI_0089,1410,1010.3343505859375,0.39263770456274055,1.0,1.0,1.0,1.0,1.0
OraclePerfect_B10,JILONG_EI_0089,1420,1011.4777221679688,0.3899944581766593,1.0,1.0,1.0,1.0,1.0
OraclePerfect_B10,JILONG_EI_0089,1430,1013.3388671875,0.38795650285234634,1.0,1.0,1.0,1.0,1.0
OraclePerfect_B10,JILONG_EI_0089,1440,1015.04296875,0.38628921960757556,1.0,1.0,1.0,1.0,1.0
OraclePerfect_B10,JILONG_EI_0099,10,23.97819709777832,0.994595152902921,1.0,1.0,1.0,1.0,1.0
OraclePerfect_B10,JILONG_EI_0099,20,49.53083801269531,0.9969495902895034,1.0,1.0,1.0,1.0,1.0
OraclePerfect_B10,JILONG_EI_0099,30,108.02812194824219,0.9983130016195544,1.0,1.0,1.0,1.0,1.0
OraclePerfect_B10,JILONG_EI_0099,40,201.85874938964844,0.9970738021280808,1.0,1.0,1.0,1.0,1.0
OraclePerfect_B10,JILONG_EI_0099,50,260.8089904785156,0.9179153777556236,1.0,1.0,1.0,1.0,1.0
OraclePerfect_B10,JILONG_EI_0099,60,291.1803894042969,0.8771880594889792,1.0,1.0,1.0,1.0,1.0
OraclePerfect_B10,JILONG_EI_0099,70,342.6769104003906,0.8652169363927448,1.0,1.0,1.0,1.0,1.0
OraclePerfect_B10,JILONG_EI_0099,80,415.8133544921875,0.7828222748101028,1.0,1.0,1.0,1.0,1.0
OraclePerfect_B10,JILONG_EI_0099,90,499.38812255859375,0.663606155816853,1.0,1.0,1.0,1.0,1.0
OraclePerfect_B10,JILONG_EI_0099,100,539.674560546875,0.6885143908210679,1.0,1.0,1.0,1.0,1.0
OraclePerfect_B10,JILONG_EI_0099,110,538.8338623046875,0.6748646664397872,1.0,1.0,1.0,1.0,1.0
OraclePerfect_B10,JILONG_EI_0099,120,565.9716796875,0.7039430231186145,1.0,1.0,1.0,1.0,1.0
OraclePerfect_B10,JILONG_EI_0099,130,573.32861328125,0.7023357753006922,1.0,1.0,1.0,1.0,1.0
OraclePerfect_B10,JILONG_EI_0099,140,537.3677978515625,0.7200345003590968,1.0,1.0,1.0,1.0,1.0
OraclePerfect_B10,JILONG_EI_0099,150,522.8583984375,0.7168654202651525,1.0,1.0,1.0,1.0,1.0
OraclePerfect_B10,JILONG_EI_0099,160,473.5560607910156,0.7169946090049045,1.0,1.0,1.0,1.0,1.0
OraclePerfect_B10,JILONG_EI_0099,170,484.1696472167969,0.716835787863388,1.0,1.0,1.0,1.0,1.0
OraclePerfect_B10,JILONG_EI_0099,180,460.78082275390625,0.7253967355256417,1.0,1.0,1.0,1.0,1.0
OraclePerfect_B10,JILONG_EI_0099,190,445.0863037109375,0.7349245587138278,1.0,1.0,1.0,1.0,1.0
OraclePerfect_B10,JILONG_EI_0099,200,446.47149658203125,0.7584352819580135,1.0,1.0,1.0,1.0,1.0
OraclePerfect_B10,JILONG_EI_0099,210,487.1273193359375,0.7861272335859243,1.0,1.0,1.0,1.0,1.0
OraclePerfect_B10,JILONG_EI_0099,220,533.2550659179688,0.8087538642791392,1.0,1.0,1.0,1.0,1.0
OraclePerfect_B10,JILONG_EI_0099,230,576.3248901367188,0.8217460824040455,1.0,1.0,1.0,1.0,1.0
OraclePerfect_B10,JILONG_EI_0099,240,641.3702392578125,0.8269119306626035,1.0,1.0,1.0,1.0,1.0
OraclePerfect_B10,JILONG_EI_0099,250,700.6034545898438,0.771511829342031,1.0,1.0,1.0,1.0,1.0
OraclePerfect_B10,JILONG_EI_0099,260,745.2996826171875,0.7302308049461707,1.0,1.0,1.0,1.0,1.0
OraclePerfect_B10,JILONG_EI_0099,270,771.4664916992188,0.7288110534576637,1.0,1.0,1.0,1.0,1.0
OraclePerfect_B10,JILONG_EI_0099,280,784.1361083984375,0.7336536609765382,1.0,1.0,1.0,1.0,1.0
OraclePerfect_B10,JILONG_EI_0099,290,792.32470703125,0.7278579523218244,1.0,1.0,1.0,1.0,1.0
OraclePerfect_B10,JILONG_EI_0099,300,804.1903686523438,0.7101519024012667,1.0,1.0,1.0,1.0,1.0
OraclePerfect_B10,JILONG_EI_0099,310,815.1766357421875,0.6817298326153141,1.0,1.0,1.0,1.0,1.0
OraclePerfect_B10,JILONG_EI_0099,320,823.5347290039062,0.6533876484262889,1.0,1.0,1.0,1.0,1.0
OraclePerfect_B10,JILONG_EI_0099,330,825.0132446289062,0.6609507866618202,1.0,1.0,1.0,1.0,1.0
OraclePerfect_B10,JILONG_EI_0099,340,825.5897216796875,0.6834974798392189,1.0,1.0,1.0,1.0,1.0
OraclePerfect_B10,JILONG_EI_0099,350,828.0025024414062,0.6979314684151664,1.0,1.0,1.0,1.0,1.0
OraclePerfect_B10,JILONG_EI_0099,360,833.2955322265625,0.6888157151585015,1.0,1.0,1.0,1.0,1.0
OraclePerfect_B10,JILONG_EI_0099,370,841.6016845703125,0.6650751978060878,1.0,1.0,1.0,1.0,1.0
OraclePerfect_B10,JILONG_EI_0099,380,848.1041870117188,0.6385473069814813,1.0,1.0,1.0,1.0,1.0
OraclePerfect_B10,JILONG_EI_0099,390,853.9457397460938,0.6135916991289836,1.0,1.0,1.0,1.0,1.0
OraclePerfect_B10,JILONG_EI_0099,400,855.0029296875,0.589987964802592,1.0,1.0,1.0,1.0,1.0
OraclePerfect_B10,JILONG_EI_0099,410,851.6715087890625,0.577043915356563,1.0,1.0,1.0,1.0,1.0
OraclePerfect_B10,JILONG_EI_0099,420,845.0773315429688,0.5773531076055204,1.0,1.0,1.0,1.0,1.0
OraclePerfect_B10,JILONG_EI_0099,430,837.3065185546875,0.5739511692952369,1.0,1.0,1.0,1.0,1.0
OraclePerfect_B10,JILONG_EI_0099,440,830.984130859375,0.5669122096270189,1.0,1.0,1.0,1.0,1.0
OraclePerfect_B10,JILONG_EI_0099,450,823.6676025390625,0.5595988059916948,1.0,1.0,1.0,1.0,1.0
OraclePerfect_B10,JILONG_EI_0099,460,813.326171875,0.5539843237811681,1.0,1.0,1.0,1.0,1.0
OraclePerfect_B10,JILONG_EI_0099,470,804.3955078125,0.5577209389836407,1.0,1.0,1.0,1.0,1.0
OraclePerfect_B10,JILONG_EI_0099,480,797.9134521484375,0.5625095642203622,1.0,1.0,1.0,1.0,1.0
OraclePerfect_B10,JILONG_EI_0099,490,793.371337890625,0.565498272313929,1.0,1.0,1.0,1.0,1.0
OraclePerfect_B10,JILONG_EI_0099,500,791.1483154296875,0.5697685078578566,1.0,1.0,1.0,1.0,1.0
OraclePerfect_B10,JILONG_EI_0099,510,789.5738525390625,0.5716572020573354,1.0,1.0,1.0,1.0,1.0
OraclePerfect_B10,JILONG_EI_0099,520,789.9405517578125,0.5724148060822614,1.0,1.0,1.0,1.0,1.0
OraclePerfect_B10,JILONG_EI_0099,530,786.603515625,0.572408771079779,1.0,1.0,1.0,1.0,1.0
OraclePerfect_B10,JILONG_EI_0099,540,783.5440673828125,0.5761670562335325,1.0,1.0,1.0,1.0,1.0
OraclePerfect_B10,JILONG_EI_0099,550,780.9441528320312,0.5777917232656274,1.0,1.0,1.0,1.0,1.0
OraclePerfect_B10,JILONG_EI_0099,560,781.8505859375,0.5777382122163162,1.0,1.0,1.0,1.0,1.0
OraclePerfect_B10,JILONG_EI_0099,570,780.3905639648438,0.5775918031567224,1.0,1.0,1.0,1.0,1.0
OraclePerfect_B10,JILONG_EI_0099,580,779.4791259765625,0.5768396576918334,1.0,1.0,1.0,1.0,1.0
OraclePerfect_B10,JILONG_EI_0099,590,775.2257080078125,0.57308011704699,1.0,1.0,1.0,1.0,1.0
OraclePerfect_B10,JILONG_EI_0099,600,775.286376953125,0.5691228078477496,1.0,1.0,1.0,1.0,1.0
OraclePerfect_B10,JILONG_EI_0099,610,774.035888671875,0.5652748913436874,1.0,1.0,1.0,1.0,1.0
OraclePerfect_B10,JILONG_EI_0099,620,771.7542724609375,0.562533500160947,1.0,1.0,1.0,1.0,1.0
OraclePerfect_B10,JILONG_EI_0099,630,770.4066162109375,0.5587943075430778,1.0,1.0,1.0,1.0,1.0
OraclePerfect_B10,JILONG_EI_0099,640,768.6444091796875,0.5556210149318546,1.0,1.0,1.0,1.0,1.0
OraclePerfect_B10,JILONG_EI_0099,650,765.854736328125,0.5539368508333664,1.0,1.0,1.0,1.0,1.0
OraclePerfect_B10,JILONG_EI_0099,660,764.3736572265625,0.5538639078470653,1.0,1.0,1.0,1.0,1.0
OraclePerfect_B10,JILONG_EI_0099,670,765.7493286132812,0.5524118575248166,1.0,1.0,1.0,1.0,1.0
OraclePerfect_B10,JILONG_EI_0099,680,768.2600708007812,0.5522997901791646,1.0,1.0,1.0,1.0,1.0
OraclePerfect_B10,JILONG_EI_0099,690,769.3988647460938,0.5509197085847336,1.0,1.0,1.0,1.0,1.0
OraclePerfect_B10,JILONG_EI_0099,700,771.1917114257812,0.550010949922475,1.0,1.0,1.0,1.0,1.0
OraclePerfect_B10,JILONG_EI_0099,710,770.4957275390625,0.5492855310705509,1.0,1.0,1.0,1.0,1.0
OraclePerfect_B10,JILONG_EI_0099,720,771.6134033203125,0.5497904010826447,1.0,1.0,1.0,1.0,1.0
OraclePerfect_B10,JILONG_EI_0099,730,769.196533203125,0.5480708389959222,1.0,1.0,1.0,1.0,1.0
OraclePerfect_B10,JILONG_EI_0099,740,769.8499755859375,0.5471015481856941,1.0,1.0,1.0,1.0,1.0
OraclePerfect_B10,JILONG_EI_0099,750,770.5706176757812,0.5464281146755132,1.0,1.0,1.0,1.0,1.0
OraclePerfect_B10,JILONG_EI_0099,760,770.5631713867188,0.5447069499760081,1.0,1.0,1.0,1.0,1.0
OraclePerfect_B10,JILONG_EI_0099,770,772.1512451171875,0.5444766518568201,1.0,1.0,1.0,1.0,1.0
OraclePerfect_B10,JILONG_EI_0099,780,772.885498046875,0.5455884445858035,1.0,1.0,1.0,1.0,1.0
OraclePerfect_B10,JILONG_EI_0099,790,776.7103881835938,0.5457584045211302,1.0,1.0,1.0,1.0,1.0
OraclePerfect_B10,JILONG_EI_0099,800,777.4747314453125,0.544550111056851,1.0,1.0,1.0,1.0,1.0
OraclePerfect_B10,JILONG_EI_0099,810,777.2969970703125,0.5459726571890252,1.0,1.0,1.0,1.0,1.0
OraclePerfect_B10,JILONG_EI_0099,820,777.8734130859375,0.5478247622256472,1.0,1.0,1.0,1.0,1.0
OraclePerfect_B10,JILONG_EI_0099,830,778.352294921875,0.5484905154448902,1.0,1.0,1.0,1.0,1.0
OraclePerfect_B10,JILONG_EI_0099,840,778.8885498046875,0.5476541357269087,1.0,1.0,1.0,1.0,1.0
OraclePerfect_B10,JILONG_EI_0099,850,781.3143310546875,0.5470134412213524,1.0,1.0,1.0,1.0,1.0
OraclePerfect_B10,JILONG_EI_0099,860,782.039794921875,0.5446290315222476,1.0,1.0,1.0,1.0,1.0
OraclePerfect_B10,JILONG_EI_0099,870,784.8677978515625,0.5420000197226067,1.0,1.0,1.0,1.0,1.0
OraclePerfect_B10,JILONG_EI_0099,880,787.618408203125,0.5394165870242562,1.0,1.0,1.0,1.0,1.0
OraclePerfect_B10,JILONG_EI_0099,890,790.8363037109375,0.5365294917943315,1.0,1.0,1.0,1.0,1.0
OraclePerfect_B10,JILONG_EI_0099,900,791.2974853515625,0.5347273817081821,1.0,1.0,1.0,1.0,1.0
OraclePerfect_B10,JILONG_EI_0099,910,794.7349853515625,0.5340128969430341,1.0,1.0,1.0,1.0,1.0
OraclePerfect_B10,JILONG_EI_0099,920,796.3250732421875,0.5319487782824573,1.0,1.0,1.0,1.0,1.0
OraclePerfect_B10,JILONG_EI_0099,930,797.8155517578125,0.529680419169225,1.0,1.0,1.0,1.0,1.0
OraclePerfect_B10,JILONG_EI_0099,940,799.9815673828125,0.5275594508406942,1.0,1.0,1.0,1.0,1.0
OraclePerfect_B10,JILONG_EI_0099,950,802.670654296875,0.5251774966233199,1.0,1.0,1.0,1.0,1.0
OraclePerfect_B10,JILONG_EI_0099,960,805.443115234375,0.5227134744352354,1.0,1.0,1.0,1.0,1.0
OraclePerfect_B10,JILONG_EI_0099,970,807.5975952148438,0.5196667008531438,1.0,1.0,1.0,1.0,1.0
OraclePerfect_B10,JILONG_EI_0099,980,808.9605712890625,0.5172848214698935,1.0,1.0,1.0,1.0,1.0
OraclePerfect_B10,JILONG_EI_0099,990,811.4893798828125,0.5156975508121013,1.0,1.0,1.0,1.0,1.0
OraclePerfect_B10,JILONG_EI_0099,1000,812.6507568359375,0.5133538803383629,1.0,1.0,1.0,1.0,1.0
OraclePerfect_B10,JILONG_EI_0099,1010,813.7388916015625,0.5131378302087174,1.0,1.0,1.0,1.0,1.0
OraclePerfect_B10,JILONG_EI_0099,1020,814.4912109375,0.5109300537702728,1.0,1.0,1.0,1.0,1.0
OraclePerfect_B10,JILONG_EI_0099,1030,817.1884765625,0.5092919096633796,1.0,1.0,1.0,1.0,1.0
OraclePerfect_B10,JILONG_EI_0099,1040,817.904052734375,0.5053740220083605,1.0,1.0,1.0,1.0,1.0
OraclePerfect_B10,JILONG_EI_0099,1050,820.6250610351562,0.5028445996812692,1.0,1.0,1.0,1.0,1.0
OraclePerfect_B10,JILONG_EI_0099,1060,823.3225708007812,0.5014040646084008,1.0,1.0,1.0,1.0,1.0
OraclePerfect_B10,JILONG_EI_0099,1070,825.749267578125,0.5000797805125832,1.0,1.0,1.0,1.0,1.0
OraclePerfect_B10,JILONG_EI_0099,1080,829.1646728515625,0.49808639933681437,1.0,1.0,1.0,1.0,1.0
OraclePerfect_B10,JILONG_EI_0099,1090,832.1039428710938,0.49667633684788265,1.0,1.0,1.0,1.0,1.0
OraclePerfect_B10,JILONG_EI_0099,1100,835.768310546875,0.4954025296223884,1.0,1.0,1.0,1.0,1.0
OraclePerfect_B10,JILONG_EI_0099,1110,838.4461669921875,0.4947012931610977,1.0,1.0,1.0,1.0,1.0
OraclePerfect_B10,JILONG_EI_0099,1120,840.3753662109375,0.4933328616936558,1.0,1.0,1.0,1.0,1.0
OraclePerfect_B10,JILONG_EI_0099,1130,842.8068237304688,0.4932172579713958,1.0,1.0,1.0,1.0,1.0
OraclePerfect_B10,JILONG_EI_0099,1140,844.3551025390625,0.49268702879822335,1.0,1.0,1.0,1.0,1.0
OraclePerfect_B10,JILONG_EI_0099,1150,844.8766479492188,0.4915367719045392,1.0,1.0,1.0,1.0,1.0
OraclePerfect_B10,JILONG_EI_0099,1160,846.7733154296875,0.49056834187808535,1.0,1.0,1.0,1.0,1.0
OraclePerfect_B10,JILONG_EI_0099,1170,848.3414306640625,0.4904842394078604,1.0,1.0,1.0,1.0,1.0
OraclePerfect_B10,JILONG_EI_0099,1180,851.5489501953125,0.48934817055252294,1.0,1.0,1.0,1.0,1.0
OraclePerfect_B10,JILONG_EI_0099,1190,852.7998046875,0.48826955246560505,1.0,1.0,1.0,1.0,1.0
OraclePerfect_B10,JILONG_EI_0099,1200,853.7977905273438,0.4880589850914097,1.0,1.0,1.0,1.0,1.0
OraclePerfect_B10,JILONG_EI_0099,1210,855.4593505859375,0.4864848510741158,1.0,1.0,1.0,1.0,1.0
OraclePerfect_B10,JILONG_EI_0099,1220,857.145751953125,0.48584542424205024,1.0,1.0,1.0,1.0,1.0
OraclePerfect_B10,JILONG_EI_0099,1230,857.8455810546875,0.48469981268633794,1.0,1.0,1.0,1.0,1.0
OraclePerfect_B10,JILONG_EI_0099,1240,859.8760986328125,0.48352685051231653,1.0,1.0,1.0,1.0,1.0
OraclePerfect_B10,JILONG_EI_0099,1250,861.1238403320312,0.4816963225609193,1.0,1.0,1.0,1.0,1.0
OraclePerfect_B10,JILONG_EI_0099,1260,863.57275390625,0.480557427414583,1.0,1.0,1.0,1.0,1.0
OraclePerfect_B10,JILONG_EI_0099,1270,865.9939575195312,0.4782616050499379,1.0,1.0,1.0,1.0,1.0
OraclePerfect_B10,JILONG_EI_0099,1280,867.9462890625,0.47645793996913005,1.0,1.0,1.0,1.0,1.0
OraclePerfect_B10,JILONG_EI_0099,1290,870.6102294921875,0.474917780218533,1.0,1.0,1.0,1.0,1.0
OraclePerfect_B10,JILONG_EI_0099,1300,873.7612915039062,0.473000383516072,1.0,1.0,1.0,1.0,1.0
OraclePerfect_B10,JILONG_EI_0099,1310,877.4227294921875,0.4709667856076313,1.0,1.0,1.0,1.0,1.0
OraclePerfect_B10,JILONG_EI_0099,1320,879.8546752929688,0.4677561754392467,1.0,1.0,1.0,1.0,1.0
OraclePerfect_B10,JILONG_EI_0099,1330,882.068359375,0.46526388662139134,1.0,1.0,1.0,1.0,1.0
OraclePerfect_B10,JILONG_EI_0099,1340,883.9697265625,0.46221980584835154,1.0,1.0,1.0,1.0,1.0
OraclePerfect_B10,JILONG_EI_0099,1350,887.322998046875,0.45989857450350796,1.0,1.0,1.0,1.0,1.0
OraclePerfect_B10,JILONG_EI_0099,1360,889.208984375,0.4562007962173912,1.0,1.0,1.0,1.0,1.0
OraclePerfect_B10,JILONG_EI_0099,1370,892.5814208984375,0.4539350909337401,1.0,1.0,1.0,1.0,1.0
OraclePerfect_B10,JILONG_EI_0099,1380,895.0123291015625,0.4506394015775018,1.0,1.0,1.0,1.0,1.0
OraclePerfect_B10,JILONG_EI_0099,1390,898.4276123046875,0.4483438047758446,1.0,1.0,1.0,1.0,1.0
OraclePerfect_B10,JILONG_EI_0099,1400,899.1497802734375,0.44482691315534933,1.0,1.0,1.0,1.0,1.0
OraclePerfect_B10,JILONG_EI_0099,1410,902.3128662109375,0.4426733051701325,1.0,1.0,1.0,1.0,1.0
OraclePerfect_B10,JILONG_EI_0099,1420,904.933349609375,0.44147294674176346,1.0,1.0,1.0,1.0,1.0
OraclePerfect_B10,JILONG_EI_0099,1430,906.6038208007812,0.43955052760600527,1.0,1.0,1.0,1.0,1.0
OraclePerfect_B10,JILONG_EI_0099,1440,909.7274169921875,0.43726980603858584,1.0,1.0,1.0,1.0,1.0
OraclePerfect_B10,JILONG_EI_0109,10,28.169553756713867,0.9969401319514769,1.0,1.0,1.0,1.0,1.0
OraclePerfect_B10,JILONG_EI_0109,20,47.992431640625,0.9976314707029651,1.0,1.0,1.0,1.0,1.0
OraclePerfect_B10,JILONG_EI_0109,30,95.41781616210938,0.998271720383646,1.0,1.0,1.0,1.0,1.0
OraclePerfect_B10,JILONG_EI_0109,40,178.3381805419922,0.9979667449672095,1.0,1.0,1.0,1.0,1.0
OraclePerfect_B10,JILONG_EI_0109,50,230.17135620117188,0.9208631123030726,1.0,1.0,1.0,1.0,1.0
OraclePerfect_B10,JILONG_EI_0109,60,261.065185546875,0.8795825642630297,1.0,1.0,1.0,1.0,1.0
OraclePerfect_B10,JILONG_EI_0109,70,300.4942626953125,0.8710944930926167,1.0,1.0,1.0,1.0,1.0
OraclePerfect_B10,JILONG_EI_0109,80,369.84954833984375,0.7809230500929154,1.0,1.0,1.0,1.0,1.0
OraclePerfect_B10,JILONG_EI_0109,90,428.4987487792969,0.6627882656893901,1.0,1.0,1.0,1.0,1.0
OraclePerfect_B10,JILONG_EI_0109,100,467.3931884765625,0.6856171885758169,1.0,1.0,1.0,1.0,1.0
OraclePerfect_B10,JILONG_EI_0109,110,475.61590576171875,0.6755902294362478,1.0,1.0,1.0,1.0,1.0
OraclePerfect_B10,JILONG_EI_0109,120,491.7933044433594,0.6832278691650086,1.0,1.0,1.0,1.0,1.0
OraclePerfect_B10,JILONG_EI_0109,130,535.8724975585938,0.6854009925512221,1.0,1.0,1.0,1.0,1.0
OraclePerfect_B10,JILONG_EI_0109,140,520.775634765625,0.704497134361496,1.0,1.0,1.0,1.0,1.0
OraclePerfect_B10,JILONG_EI_0109,150,479.0523681640625,0.7047485018350715,1.0,1.0,1.0,1.0,1.0
OraclePerfect_B10,JILONG_EI_0109,160,437.0804748535156,0.701548933307789,1.0,1.0,1.0,1.0,1.0
OraclePerfect_B10,JILONG_EI_0109,170,419.5405578613281,0.7018436928551949,1.0,1.0,1.0,1.0,1.0
OraclePerfect_B10,JILONG_EI_0109,180,406.6155090332031,0.7053361983724087,1.0,1.0,1.0,1.0,1.0
OraclePerfect_B10,JILONG_EI_0109,190,401.4219970703125,0.7055535916100321,1.0,1.0,1.0,1.0,1.0
OraclePerfect_B10,JILONG_EI_0109,200,397.9549865722656,0.7403531983998425,1.0,1.0,1.0,1.0,1.0
OraclePerfect_B10,JILONG_EI_0109,210,419.46868896484375,0.7631616921864228,1.0,1.0,1.0,1.0,1.0
OraclePerfect_B10,JILONG_EI_0109,220,474.7257385253906,0.7964105056032915,1.0,1.0,1.0,1.0,1.0
OraclePerfect_B10,JILONG_EI_0109,230,500.2309265136719,0.8078551233044268,1.0,1.0,1.0,1.0,1.0
OraclePerfect_B10,JILONG_EI_0109,240,545.9895629882812,0.8245121506963475,1.0,1.0,1.0,1.0,1.0
OraclePerfect_B10,JILONG_EI_0109,250,615.0811767578125,0.8304124283129491,1.0,1.0,1.0,1.0,1.0
OraclePerfect_B10,JILONG_EI_0109,260,679.0794677734375,0.7882835871409183,1.0,1.0,1.0,1.0,1.0
OraclePerfect_B10,JILONG_EI_0109,270,720.8681640625,0.7465856035140352,1.0,1.0,1.0,1.0,1.0
OraclePerfect_B10,JILONG_EI_0109,280,747.1729736328125,0.7468620071028618,1.0,1.0,1.0,1.0,1.0
OraclePerfect_B10,JILONG_EI_0109,290,755.9044189453125,0.7505822283601267,1.0,1.0,1.0,1.0,1.0
OraclePerfect_B10,JILONG_EI_0109,300,770.6937866210938,0.7536975212991126,1.0,1.0,1.0,1.0,1.0
OraclePerfect_B10,JILONG_EI_0109,310,780.5230712890625,0.7483314005834698,1.0,1.0,1.0,1.0,1.0
OraclePerfect_B10,JILONG_EI_0109,320,793.81201171875,0.7313921491600542,1.0,1.0,1.0,1.0,1.0
OraclePerfect_B10,JILONG_EI_0109,330,800.2702026367188,0.6987806724964877,1.0,1.0,1.0,1.0,1.0
OraclePerfect_B10,JILONG_EI_0109,340,804.4102783203125,0.6651499511165186,1.0,1.0,1.0,1.0,1.0
OraclePerfect_B10,JILONG_EI_0109,350,812.4180908203125,0.6566301591324308,1.0,1.0,1.0,1.0,1.0
OraclePerfect_B10,JILONG_EI_0109,360,817.2417602539062,0.6738591202946382,1.0,1.0,1.0,1.0,1.0
OraclePerfect_B10,JILONG_EI_0109,370,822.023193359375,0.6894627849506346,1.0,1.0,1.0,1.0,1.0
OraclePerfect_B10,JILONG_EI_0109,380,823.771728515625,0.6901587549745926,1.0,1.0,1.0,1.0,1.0
OraclePerfect_B10,JILONG_EI_0109,390,834.375244140625,0.6731476963256836,1.0,1.0,1.0,1.0,1.0
OraclePerfect_B10,JILONG_EI_0109,400,842.054931640625,0.6500485646774669,1.0,1.0,1.0,1.0,1.0
OraclePerfect_B10,JILONG_EI_0109,410,848.864501953125,0.6247664223041242,1.0,1.0,1.0,1.0,1.0
OraclePerfect_B10,JILONG_EI_0109,420,853.7069091796875,0.6006728069182947,1.0,1.0,1.0,1.0,1.0
OraclePerfect_B10,JILONG_EI_0109,430,854.8953857421875,0.5812607700029636,1.0,1.0,1.0,1.0,1.0
OraclePerfect_B10,JILONG_EI_0109,440,854.8872680664062,0.5679010622354983,1.0,1.0,1.0,1.0,1.0
OraclePerfect_B10,JILONG_EI_0109,450,850.1283569335938,0.5622967878264681,1.0,1.0,1.0,1.0,1.0
OraclePerfect_B10,JILONG_EI_0109,460,843.3411865234375,0.5612118820544445,1.0,1.0,1.0,1.0,1.0
OraclePerfect_B10,JILONG_EI_0109,470,835.3355712890625,0.5607663545154741,1.0,1.0,1.0,1.0,1.0
OraclePerfect_B10,JILONG_EI_0109,480,827.111083984375,0.5622362783072002,1.0,1.0,1.0,1.0,1.0
OraclePerfect_B10,JILONG_EI_0109,490,816.935546875,0.5639091790305992,1.0,1.0,1.0,1.0,1.0
OraclePerfect_B10,JILONG_EI_0109,500,807.1445922851562,0.564619967583276,1.0,1.0,1.0,1.0,1.0
OraclePerfect_B10,JILONG_EI_0109,510,803.8660278320312,0.5664129571354245,1.0,1.0,1.0,1.0,1.0
OraclePerfect_B10,JILONG_EI_0109,520,800.9840698242188,0.5683807379434743,1.0,1.0,1.0,1.0,1.0
OraclePerfect_B10,JILONG_EI_0109,530,802.12255859375,0.5697406495259398,1.0,1.0,1.0,1.0,1.0
OraclePerfect_B10,JILONG_EI_0109,540,802.895263671875,0.570251987234248,1.0,1.0,1.0,1.0,1.0
OraclePerfect_B10,JILONG_EI_0109,550,803.3998413085938,0.5699542875152938,1.0,1.0,1.0,1.0,1.0
OraclePerfect_B10,JILONG_EI_0109,560,806.9627685546875,0.5707189003342447,1.0,1.0,1.0,1.0,1.0
OraclePerfect_B10,JILONG_EI_0109,570,806.2548217773438,0.5699764350343891,1.0,1.0,1.0,1.0,1.0
OraclePerfect_B10,JILONG_EI_0109,580,806.2752685546875,0.5680998843009519,1.0,1.0,1.0,1.0,1.0
OraclePerfect_B10,JILONG_EI_0109,590,806.446533203125,0.5654909775147443,1.0,1.0,1.0,1.0,1.0
OraclePerfect_B10,JILONG_EI_0109,600,807.652587890625,0.5627112297749051,1.0,1.0,1.0,1.0,1.0
OraclePerfect_B10,JILONG_EI_0109,610,808.2642822265625,0.5588541642262446,1.0,1.0,1.0,1.0,1.0
OraclePerfect_B10,JILONG_EI_0109,620,808.0994873046875,0.5574185796051342,1.0,1.0,1.0,1.0,1.0
OraclePerfect_B10,JILONG_EI_0109,630,808.913818359375,0.5566182282702006,1.0,1.0,1.0,1.0,1.0
OraclePerfect_B10,JILONG_EI_0109,640,810.1102294921875,0.555262153235587,1.0,1.0,1.0,1.0,1.0
OraclePerfect_B10,JILONG_EI_0109,650,806.7183837890625,0.5548603898458744,1.0,1.0,1.0,1.0,1.0
OraclePerfect_B10,JILONG_EI_0109,660,805.26318359375,0.5546879005495926,1.0,1.0,1.0,1.0,1.0
OraclePerfect_B10,JILONG_EI_0109,670,804.685546875,0.5555299699082715,1.0,1.0,1.0,1.0,1.0
OraclePerfect_B10,JILONG_EI_0109,680,800.4551391601562,0.5525269640512612,1.0,1.0,1.0,1.0,1.0
OraclePerfect_B10,JILONG_EI_0109,690,798.7723388671875,0.5536786337963256,1.0,1.0,1.0,1.0,1.0
OraclePerfect_B10,JILONG_EI_0109,700,798.7224731445312,0.5531791993749205,1.0,1.0,1.0,1.0,1.0
OraclePerfect_B10,JILONG_EI_0109,710,796.710205078125,0.5524699272719039,1.0,1.0,1.0,1.0,1.0
OraclePerfect_B10,JILONG_EI_0109,720,797.3402099609375,0.5516721015581221,1.0,1.0,1.0,1.0,1.0
OraclePerfect_B10,JILONG_EI_0109,730,795.88671875,0.5503527805550267,1.0,1.0,1.0,1.0,1.0
OraclePerfect_B10,JILONG_EI_0109,740,796.0166015625,0.5489630989783357,1.0,1.0,1.0,1.0,1.0
OraclePerfect_B10,JILONG_EI_0109,750,797.6878662109375,0.5471840708052783,1.0,1.0,1.0,1.0,1.0
OraclePerfect_B10,JILONG_EI_0109,760,799.5682983398438,0.5452421941067697,1.0,1.0,1.0,1.0,1.0
OraclePerfect_B10,JILONG_EI_0109,770,800.6927490234375,0.5422096173544089,1.0,1.0,1.0,1.0,1.0
OraclePerfect_B10,JILONG_EI_0109,780,800.4857177734375,0.5399274952005488,1.0,1.0,1.0,1.0,1.0
OraclePerfect_B10,JILONG_EI_0109,790,799.5565185546875,0.5362069469470253,1.0,1.0,1.0,1.0,1.0
OraclePerfect_B10,JILONG_EI_0109,800,799.0775146484375,0.5338845046865364,1.0,1.0,1.0,1.0,1.0
OraclePerfect_B10,JILONG_EI_0109,810,798.2420654296875,0.531966299433014,1.0,1.0,1.0,1.0,1.0
OraclePerfect_B10,JILONG_EI_0109,820,798.5916748046875,0.5315922073904367,1.0,1.0,1.0,1.0,1.0
OraclePerfect_B10,JILONG_EI_0109,830,799.3646850585938,0.5301042746431648,1.0,1.0,1.0,1.0,1.0
OraclePerfect_B10,JILONG_EI_0109,840,800.9766845703125,0.5290147881609827,1.0,1.0,1.0,1.0,1.0
OraclePerfect_B10,JILONG_EI_0109,850,802.3869018554688,0.5280532314324596,1.0,1.0,1.0,1.0,1.0
OraclePerfect_B10,JILONG_EI_0109,860,804.4778442382812,0.5264379919276313,1.0,1.0,1.0,1.0,1.0
OraclePerfect_B10,JILONG_EI_0109,870,806.0633544921875,0.5286531013405591,1.0,1.0,1.0,1.0,1.0
OraclePerfect_B10,JILONG_EI_0109,880,808.5150756835938,0.5300466739305107,1.0,1.0,1.0,1.0,1.0
OraclePerfect_B10,JILONG_EI_0109,890,809.12109375,0.5321932656324504,1.0,1.0,1.0,1.0,1.0
OraclePerfect_B10,JILONG_EI_0109,900,810.6438598632812,0.5337984796348314,1.0,1.0,1.0,1.0,1.0
OraclePerfect_B10,JILONG_EI_0109,910,812.8207397460938,0.5343938840011914,1.0,1.0,1.0,1.0,1.0
OraclePerfect_B10,JILONG_EI_0109,920,813.1036376953125,0.5354691018273033,1.0,1.0,1.0,1.0,1.0
OraclePerfect_B10,JILONG_EI_0109,930,815.2879638671875,0.5354982258159974,1.0,1.0,1.0,1.0,1.0
OraclePerfect_B10,JILONG_EI_0109,940,816.0850830078125,0.5337359007251387,1.0,1.0,1.0,1.0,1.0
OraclePerfect_B10,JILONG_EI_0109,950,818.26513671875,0.5326562073309489,1.0,1.0,1.0,1.0,1.0
OraclePerfect_B10,JILONG_EI_0109,960,820.1312255859375,0.5321763406503982,1.0,1.0,1.0,1.0,1.0
OraclePerfect_B10,JILONG_EI_0109,970,822.6187744140625,0.530735322702084,1.0,1.0,1.0,1.0,1.0
OraclePerfect_B10,JILONG_EI_0109,980,825.1783447265625,0.5292112533071427,1.0,1.0,1.0,1.0,1.0
OraclePerfect_B10,JILONG_EI_0109,990,829.0037841796875,0.526188536704208,1.0,1.0,1.0,1.0,1.0
OraclePerfect_B10,JILONG_EI_0109,1000,832.6262817382812,0.5224744932311408,1.0,1.0,1.0,1.0,1.0
OraclePerfect_B10,JILONG_EI_0109,1010,835.66455078125,0.5194344398279326,1.0,1.0,1.0,1.0,1.0
OraclePerfect_B10,JILONG_EI_0109,1020,838.8248291015625,0.5160394690299945,1.0,1.0,1.0,1.0,1.0
OraclePerfect_B10,JILONG_EI_0109,1030,841.118896484375,0.5138738050928564,1.0,1.0,1.0,1.0,1.0
OraclePerfect_B10,JILONG_EI_0109,1040,843.6259765625,0.5120116806100894,1.0,1.0,1.0,1.0,1.0
OraclePerfect_B10,JILONG_EI_0109,1050,845.6953125,0.5099678289516368,1.0,1.0,1.0,1.0,1.0
OraclePerfect_B10,JILONG_EI_0109,1060,847.4264526367188,0.5078262084613148,1.0,1.0,1.0,1.0,1.0
OraclePerfect_B10,JILONG_EI_0109,1070,849.7409057617188,0.5051388375268752,1.0,1.0,1.0,1.0,1.0
OraclePerfect_B10,JILONG_EI_0109,1080,851.49267578125,0.503218450042571,1.0,1.0,1.0,1.0,1.0
OraclePerfect_B10,JILONG_EI_0109,1090,853.828125,0.5012133095558047,1.0,1.0,1.0,1.0,1.0
OraclePerfect_B10,JILONG_EI_0109,1100,856.3037719726562,0.49888155514945154,1.0,1.0,1.0,1.0,1.0
OraclePerfect_B10,JILONG_EI_0109,1110,857.6483764648438,0.496124992771174,1.0,1.0,1.0,1.0,1.0
OraclePerfect_B10,JILONG_EI_0109,1120,859.9727172851562,0.4935558232747872,1.0,1.0,1.0,1.0,1.0
OraclePerfect_B10,JILONG_EI_0109,1130,861.9405517578125,0.4915039754383177,1.0,1.0,1.0,1.0,1.0
OraclePerfect_B10,JILONG_EI_0109,1140,863.9609375,0.4890264333652909,1.0,1.0,1.0,1.0,1.0
OraclePerfect_B10,JILONG_EI_0109,1150,866.7626342773438,0.486973203046638,1.0,1.0,1.0,1.0,1.0
OraclePerfect_B10,JILONG_EI_0109,1160,869.5201416015625,0.4845562301908018,1.0,1.0,1.0,1.0,1.0
OraclePerfect_B10,JILONG_EI_0109,1170,871.7511596679688,0.48240833927269666,1.0,1.0,1.0,1.0,1.0
OraclePerfect_B10,JILONG_EI_0109,1180,874.7844848632812,0.4801848520742485,1.0,1.0,1.0,1.0,1.0
OraclePerfect_B10,JILONG_EI_0109,1190,875.5379638671875,0.4764581294751297,1.0,1.0,1.0,1.0,1.0
OraclePerfect_B10,JILONG_EI_0109,1200,877.8845825195312,0.4753023718474308,1.0,1.0,1.0,1.0,1.0
OraclePerfect_B10,JILONG_EI_0109,1210,881.15185546875,0.474237572326097,1.0,1.0,1.0,1.0,1.0
OraclePerfect_B10,JILONG_EI_0109,1220,882.7802734375,0.4726813778600175,1.0,1.0,1.0,1.0,1.0
OraclePerfect_B10,JILONG_EI_0109,1230,885.19091796875,0.4715458645676068,1.0,1.0,1.0,1.0,1.0
OraclePerfect_B10,JILONG_EI_0109,1240,887.4691162109375,0.4706416661554501,1.0,1.0,1.0,1.0,1.0
OraclePerfect_B10,JILONG_EI_0109,1250,890.5357055664062,0.4696686967300362,1.0,1.0,1.0,1.0,1.0
OraclePerfect_B10,JILONG_EI_0109,1260,893.1461181640625,0.46883885909579454,1.0,1.0,1.0,1.0,1.0
OraclePerfect_B10,JILONG_EI_0109,1270,895.2438354492188,0.46759125422758324,1.0,1.0,1.0,1.0,1.0
OraclePerfect_B10,JILONG_EI_0109,1280,896.959228515625,0.46656443921415486,1.0,1.0,1.0,1.0,1.0
OraclePerfect_B10,JILONG_EI_0109,1290,897.6968383789062,0.4649013201701973,1.0,1.0,1.0,1.0,1.0
OraclePerfect_B10,JILONG_EI_0109,1300,899.18115234375,0.46346059272826795,1.0,1.0,1.0,1.0,1.0
OraclePerfect_B10,JILONG_EI_0109,1310,901.606201171875,0.46238774883793127,1.0,1.0,1.0,1.0,1.0
OraclePerfect_B10,JILONG_EI_0109,1320,902.7474365234375,0.4616099565046123,1.0,1.0,1.0,1.0,1.0
OraclePerfect_B10,JILONG_EI_0109,1330,903.6414794921875,0.46096218731914673,1.0,1.0,1.0,1.0,1.0
OraclePerfect_B10,JILONG_EI_0109,1340,905.4888916015625,0.45981841175816807,1.0,1.0,1.0,1.0,1.0
OraclePerfect_B10,JILONG_EI_0109,1350,906.5281982421875,0.4582851630343761,1.0,1.0,1.0,1.0,1.0
OraclePerfect_B10,JILONG_EI_0109,1360,907.87841796875,0.4564454295671292,1.0,1.0,1.0,1.0,1.0
OraclePerfect_B10,JILONG_EI_0109,1370,908.9775390625,0.45534459426513546,1.0,1.0,1.0,1.0,1.0
OraclePerfect_B10,JILONG_EI_0109,1380,911.1417236328125,0.454151121643162,1.0,1.0,1.0,1.0,1.0
OraclePerfect_B10,JILONG_EI_0109,1390,913.0737915039062,0.4527467821442125,1.0,1.0,1.0,1.0,1.0
OraclePerfect_B10,JILONG_EI_0109,1400,914.5914306640625,0.4503545814269973,1.0,1.0,1.0,1.0,1.0
OraclePerfect_B10,JILONG_EI_0109,1410,916.0904541015625,0.44931787003594126,1.0,1.0,1.0,1.0,1.0
OraclePerfect_B10,JILONG_EI_0109,1420,918.485595703125,0.4478751191483904,1.0,1.0,1.0,1.0,1.0
OraclePerfect_B10,JILONG_EI_0109,1430,920.507080078125,0.4459547977431013,1.0,1.0,1.0,1.0,1.0
OraclePerfect_B10,JILONG_EI_0109,1440,922.6943359375,0.4438299239548536,1.0,1.0,1.0,1.0,1.0
OraclePerfect_B10,JILONG_EI_0119,10,32.62409591674805,0.9972823739604386,1.0,1.0,1.0,1.0,1.0
OraclePerfect_B10,JILONG_EI_0119,20,56.23014450073242,0.9978172325733754,1.0,1.0,1.0,1.0,1.0
OraclePerfect_B10,JILONG_EI_0119,30,83.75680541992188,0.9983078937453841,1.0,1.0,1.0,1.0,1.0
OraclePerfect_B10,JILONG_EI_0119,40,168.54794311523438,0.9988132315584975,1.0,1.0,1.0,1.0,1.0
OraclePerfect_B10,JILONG_EI_0119,50,229.52479553222656,0.9226213473888714,1.0,1.0,1.0,1.0,1.0
OraclePerfect_B10,JILONG_EI_0119,60,273.4291076660156,0.8767875733054065,1.0,1.0,1.0,1.0,1.0
OraclePerfect_B10,JILONG_EI_0119,70,330.42840576171875,0.8747895715983158,1.0,1.0,1.0,1.0,1.0
OraclePerfect_B10,JILONG_EI_0119,80,387.9555358886719,0.7950828206988748,1.0,1.0,1.0,1.0,1.0
OraclePerfect_B10,JILONG_EI_0119,90,449.2460632324219,0.705019174106032,1.0,1.0,1.0,1.0,1.0
OraclePerfect_B10,JILONG_EI_0119,100,480.59320068359375,0.6751677185935101,1.0,1.0,1.0,1.0,1.0
OraclePerfect_B10,JILONG_EI_0119,110,491.4994201660156,0.684484521504265,1.0,1.0,1.0,1.0,1.0
OraclePerfect_B10,JILONG_EI_0119,120,494.1177062988281,0.700367847809838,1.0,1.0,1.0,1.0,1.0
OraclePerfect_B10,JILONG_EI_0119,130,515.48828125,0.7156287748787856,1.0,1.0,1.0,1.0,1.0
OraclePerfect_B10,JILONG_EI_0119,140,473.8305358886719,0.7199009669710764,1.0,1.0,1.0,1.0,1.0
OraclePerfect_B10,JILONG_EI_0119,150,490.6026611328125,0.7254270754251076,1.0,1.0,1.0,1.0,1.0
OraclePerfect_B10,JILONG_EI_0119,160,451.2005310058594,0.7310094771385978,1.0,1.0,1.0,1.0,1.0
OraclePerfect_B10,JILONG_EI_0119,170,442.0921630859375,0.7302475206642792,1.0,1.0,1.0,1.0,1.0
OraclePerfect_B10,JILONG_EI_0119,180,422.9853210449219,0.7359277213409758,1.0,1.0,1.0,1.0,1.0
OraclePerfect_B10,JILONG_EI_0119,190,421.3388671875,0.738036799200939,1.0,1.0,1.0,1.0,1.0
OraclePerfect_B10,JILONG_EI_0119,200,420.2067565917969,0.7618200734283699,1.0,1.0,1.0,1.0,1.0
OraclePerfect_B10,JILONG_EI_0119,210,431.7646789550781,0.7785023376237141,1.0,1.0,1.0,1.0,1.0
OraclePerfect_B10,JILONG_EI_0119,220,470.0237121582031,0.8030130299974823,1.0,1.0,1.0,1.0,1.0
OraclePerfect_B10,JILONG_EI_0119,230,498.05242919921875,0.8147243796978634,1.0,1.0,1.0,1.0,1.0
OraclePerfect_B10,JILONG_EI_0119,240,539.9852294921875,0.8236036117403938,1.0,1.0,1.0,1.0,1.0
OraclePerfect_B10,JILONG_EI_0119,250,587.8871459960938,0.8225078462456327,1.0,1.0,1.0,1.0,1.0
OraclePerfect_B10,JILONG_EI_0119,260,638.0987548828125,0.795344437306905,1.0,1.0,1.0,1.0,1.0
OraclePerfect_B10,JILONG_EI_0119,270,674.6366577148438,0.7604107040626393,1.0,1.0,1.0,1.0,1.0
OraclePerfect_B10,JILONG_EI_0119,280,688.2227783203125,0.7278140830357435,1.0,1.0,1.0,1.0,1.0
OraclePerfect_B10,JILONG_EI_0119,290,700.56787109375,0.6938414878398348,1.0,1.0,1.0,1.0,1.0
OraclePerfect_B10,JILONG_EI_0119,300,705.626220703125,0.691753157469813,1.0,1.0,1.0,1.0,1.0
OraclePerfect_B10,JILONG_EI_0119,310,711.90185546875,0.6893544052638247,1.0,1.0,1.0,1.0,1.0
OraclePerfect_B10,JILONG_EI_0119,320,712.1883544921875,0.6787105529424261,1.0,1.0,1.0,1.0,1.0
OraclePerfect_B10,JILONG_EI_0119,330,714.748779296875,0.6558903115369019,1.0,1.0,1.0,1.0,1.0
OraclePerfect_B10,JILONG_EI_0119,340,711.2489013671875,0.651636609912517,1.0,1.0,1.0,1.0,1.0
OraclePerfect_B10,JILONG_EI_0119,350,711.0510864257812,0.670114447549298,1.0,1.0,1.0,1.0,1.0
OraclePerfect_B10,JILONG_EI_0119,360,710.2893676757812,0.687479004995642,1.0,1.0,1.0,1.0,1.0
OraclePerfect_B10,JILONG_EI_0119,370,711.6552734375,0.6986128784528828,1.0,1.0,1.0,1.0,1.0
OraclePerfect_B10,JILONG_EI_0119,380,716.0926513671875,0.6998452012397965,1.0,1.0,1.0,1.0,1.0
OraclePerfect_B10,JILONG_EI_0119,390,721.1597290039062,0.6869517095819445,1.0,1.0,1.0,1.0,1.0
OraclePerfect_B10,JILONG_EI_0119,400,726.788818359375,0.6658593898747477,1.0,1.0,1.0,1.0,1.0
OraclePerfect_B10,JILONG_EI_0119,410,734.353515625,0.6398248340175069,1.0,1.0,1.0,1.0,1.0
OraclePerfect_B10,JILONG_EI_0119,420,735.826904296875,0.6139448893125302,1.0,1.0,1.0,1.0,1.0
OraclePerfect_B10,JILONG_EI_0119,430,737.1065673828125,0.5897907529850123,1.0,1.0,1.0,1.0,1.0
OraclePerfect_B10,JILONG_EI_0119,440,730.651611328125,0.5742637884168542,1.0,1.0,1.0,1.0,1.0
OraclePerfect_B10,JILONG_EI_0119,450,725.3031005859375,0.5693299862575908,1.0,1.0,1.0,1.0,1.0
OraclePerfect_B10,JILONG_EI_0119,460,720.7105712890625,0.5685859948931208,1.0,1.0,1.0,1.0,1.0
OraclePerfect_B10,JILONG_EI_0119,470,714.9187622070312,0.5705081737559111,1.0,1.0,1.0,1.0,1.0
OraclePerfect_B10,JILONG_EI_0119,480,710.552734375,0.573463073595729,1.0,1.0,1.0,1.0,1.0
OraclePerfect_B10,JILONG_EI_0119,490,702.2194213867188,0.5775434132478724,1.0,1.0,1.0,1.0,1.0
OraclePerfect_B10,JILONG_EI_0119,500,696.3450927734375,0.5817665116609574,1.0,1.0,1.0,1.0,1.0
OraclePerfect_B10,JILONG_EI_0119,510,690.624755859375,0.5834661111641221,1.0,1.0,1.0,1.0,1.0
OraclePerfect_B10,JILONG_EI_0119,520,688.153076171875,0.586728761083926,1.0,1.0,1.0,1.0,1.0
OraclePerfect_B10,JILONG_EI_0119,530,687.6615600585938,0.5903948399987278,1.0,1.0,1.0,1.0,1.0
OraclePerfect_B10,JILONG_EI_0119,540,686.367919921875,0.593301909780684,1.0,1.0,1.0,1.0,1.0
OraclePerfect_B10,JILONG_EI_0119,550,685.2364501953125,0.5955144197904315,1.0,1.0,1.0,1.0,1.0
OraclePerfect_B10,JILONG_EI_0119,560,684.5458984375,0.5974726877000632,1.0,1.0,1.0,1.0,1.0
OraclePerfect_B10,JILONG_EI_0119,570,687.4815673828125,0.5976095939024584,1.0,1.0,1.0,1.0,1.0
OraclePerfect_B10,JILONG_EI_0119,580,688.930908203125,0.594725256862972,1.0,1.0,1.0,1.0,1.0
OraclePerfect_B10,JILONG_EI_0119,590,690.23486328125,0.5914829830386058,1.0,1.0,1.0,1.0,1.0
OraclePerfect_B10,JILONG_EI_0119,600,688.2786865234375,0.585349647757583,1.0,1.0,1.0,1.0,1.0
OraclePerfect_B10,JILONG_EI_0119,610,688.0960693359375,0.579183794912581,1.0,1.0,1.0,1.0,1.0
OraclePerfect_B10,JILONG_EI_0119,620,686.79296875,0.5740335118809992,1.0,1.0,1.0,1.0,1.0
OraclePerfect_B10,JILONG_EI_0119,630,686.2843627929688,0.5688263585942693,1.0,1.0,1.0,1.0,1.0
OraclePerfect_B10,JILONG_EI_0119,640,683.5733032226562,0.5658883599521176,1.0,1.0,1.0,1.0,1.0
OraclePerfect_B10,JILONG_EI_0119,650,681.3184814453125,0.5662607704482782,1.0,1.0,1.0,1.0,1.0
OraclePerfect_B10,JILONG_EI_0119,660,680.8773193359375,0.5653336192846812,1.0,1.0,1.0,1.0,1.0
OraclePerfect_B10,JILONG_EI_0119,670,679.6226806640625,0.5660744740313991,1.0,1.0,1.0,1.0,1.0
OraclePerfect_B10,JILONG_EI_0119,680,677.0257568359375,0.5631036335554357,1.0,1.0,1.0,1.0,1.0
OraclePerfect_B10,JILONG_EI_0119,690,675.6500244140625,0.5596332416591736,1.0,1.0,1.0,1.0,1.0
OraclePerfect_B10,JILONG_EI_0119,700,673.731689453125,0.5587851028131177,1.0,1.0,1.0,1.0,1.0
OraclePerfect_B10,JILONG_EI_0119,710,673.1885986328125,0.5580673690022542,1.0,1.0,1.0,1.0,1.0
OraclePerfect_B10,JILONG_EI_0119,720,673.1007080078125,0.556718021035999,1.0,1.0,1.0,1.0,1.0
OraclePerfect_B10,JILONG_EI_0119,730,672.195556640625,0.5550352526293874,1.0,1.0,1.0,1.0,1.0
OraclePerfect_B10,JILONG_EI_0119,740,672.1502685546875,0.5556773613280439,1.0,1.0,1.0,1.0,1.0
OraclePerfect_B10,JILONG_EI_0119,750,672.7612915039062,0.554392546581254,1.0,1.0,1.0,1.0,1.0
OraclePerfect_B10,JILONG_EI_0119,760,671.9818115234375,0.5521575136025102,1.0,1.0,1.0,1.0,1.0
OraclePerfect_B10,JILONG_EI_0119,770,672.2450561523438,0.5502371278066585,1.0,1.0,1.0,1.0,1.0
OraclePerfect_B10,JILONG_EI_0119,780,674.3666381835938,0.5486137528980796,1.0,1.0,1.0,1.0,1.0
OraclePerfect_B10,JILONG_EI_0119,790,674.073486328125,0.5466399166370605,1.0,1.0,1.0,1.0,1.0
OraclePerfect_B10,JILONG_EI_0119,800,674.5831298828125,0.5439565864319209,1.0,1.0,1.0,1.0,1.0
OraclePerfect_B10,JILONG_EI_0119,810,676.2500610351562,0.5406536157043149,1.0,1.0,1.0,1.0,1.0
OraclePerfect_B10,JILONG_EI_0119,820,678.0107421875,0.5404663794295598,1.0,1.0,1.0,1.0,1.0
OraclePerfect_B10,JILONG_EI_0119,830,679.3619384765625,0.5419539380601626,1.0,1.0,1.0,1.0,1.0
OraclePerfect_B10,JILONG_EI_0119,840,680.7828369140625,0.5424577121068213,1.0,1.0,1.0,1.0,1.0
OraclePerfect_B10,JILONG_EI_0119,850,681.2523193359375,0.5443703254303501,1.0,1.0,1.0,1.0,1.0
OraclePerfect_B10,JILONG_EI_0119,860,683.3143920898438,0.5444882697560827,1.0,1.0,1.0,1.0,1.0
OraclePerfect_B10,JILONG_EI_0119,870,685.3575439453125,0.545407363786833,1.0,1.0,1.0,1.0,1.0
OraclePerfect_B10,JILONG_EI_0119,880,687.5211791992188,0.5461499338537432,1.0,1.0,1.0,1.0,1.0
OraclePerfect_B10,JILONG_EI_0119,890,689.7311401367188,0.5476033000859767,1.0,1.0,1.0,1.0,1.0
OraclePerfect_B10,JILONG_EI_0119,900,692.2472534179688,0.5477207208110806,1.0,1.0,1.0,1.0,1.0
OraclePerfect_B10,JILONG_EI_0119,910,694.8248291015625,0.5481822830331006,1.0,1.0,1.0,1.0,1.0
OraclePerfect_B10,JILONG_EI_0119,920,695.761474609375,0.548575335128681,1.0,1.0,1.0,1.0,1.0
OraclePerfect_B10,JILONG_EI_0119,930,698.275634765625,0.5482453539337583,1.0,1.0,1.0,1.0,1.0
OraclePerfect_B10,JILONG_EI_0119,940,699.813720703125,0.5480563813414179,1.0,1.0,1.0,1.0,1.0
OraclePerfect_B10,JILONG_EI_0119,950,701.3671875,0.5472720873063739,1.0,1.0,1.0,1.0,1.0
OraclePerfect_B10,JILONG_EI_0119,960,704.0606079101562,0.5478753507602997,1.0,1.0,1.0,1.0,1.0
OraclePerfect_B10,JILONG_EI_0119,970,704.7429809570312,0.5473683412587416,1.0,1.0,1.0,1.0,1.0
OraclePerfect_B10,JILONG_EI_0119,980,705.1018676757812,0.5469313103985969,1.0,1.0,1.0,1.0,1.0
OraclePerfect_B10,JILONG_EI_0119,990,707.367919921875,0.5468265012841799,1.0,1.0,1.0,1.0,1.0
OraclePerfect_B10,JILONG_EI_0119,1000,709.5073852539062,0.5467130503188498,1.0,1.0,1.0,1.0,1.0
OraclePerfect_B10,JILONG_EI_0119,1010,711.8972778320312,0.5462905331132916,1.0,1.0,1.0,1.0,1.0
OraclePerfect_B10,JILONG_EI_0119,1020,714.4368286132812,0.5463540731642665,1.0,1.0,1.0,1.0,1.0
OraclePerfect_B10,JILONG_EI_0119,1030,714.8294067382812,0.5447362005627364,1.0,1.0,1.0,1.0,1.0
OraclePerfect_B10,JILONG_EI_0119,1040,716.6231689453125,0.5425231506619769,1.0,1.0,1.0,1.0,1.0
OraclePerfect_B10,JILONG_EI_0119,1050,719.669189453125,0.5416843917829782,1.0,1.0,1.0,1.0,1.0
OraclePerfect_B10,JILONG_EI_0119,1060,722.1529541015625,0.5383941573148848,1.0,1.0,1.0,1.0,1.0
OraclePerfect_B10,JILONG_EI_0119,1070,726.0560302734375,0.5370132085493031,1.0,1.0,1.0,1.0,1.0
OraclePerfect_B10,JILONG_EI_0119,1080,728.411865234375,0.5343399845571003,1.0,1.0,1.0,1.0,1.0
OraclePerfect_B10,JILONG_EI_0119,1090,730.503173828125,0.5311288211665723,1.0,1.0,1.0,1.0,1.0
OraclePerfect_B10,JILONG_EI_0119,1100,733.471435546875,0.5297277188691115,1.0,1.0,1.0,1.0,1.0
OraclePerfect_B10,JILONG_EI_0119,1110,737.076904296875,0.5275342805716725,1.0,1.0,1.0,1.0,1.0
OraclePerfect_B10,JILONG_EI_0119,1120,740.5042724609375,0.5256772130382339,1.0,1.0,1.0,1.0,1.0
OraclePerfect_B10,JILONG_EI_0119,1130,742.3897705078125,0.5226695099097542,1.0,1.0,1.0,1.0,1.0
OraclePerfect_B10,JILONG_EI_0119,1140,745.4962158203125,0.5200658689216333,1.0,1.0,1.0,1.0,1.0
OraclePerfect_B10,JILONG_EI_0119,1150,747.8546142578125,0.5187409102781995,1.0,1.0,1.0,1.0,1.0
OraclePerfect_B10,JILONG_EI_0119,1160,750.16259765625,0.5158676252053382,1.0,1.0,1.0,1.0,1.0
OraclePerfect_B10,JILONG_EI_0119,1170,753.472412109375,0.5139448155371201,1.0,1.0,1.0,1.0,1.0
OraclePerfect_B10,JILONG_EI_0119,1180,756.1510620117188,0.5113856275683712,1.0,1.0,1.0,1.0,1.0
OraclePerfect_B10,JILONG_EI_0119,1190,760.1184692382812,0.5084757253231962,1.0,1.0,1.0,1.0,1.0
OraclePerfect_B10,JILONG_EI_0119,1200,762.9188232421875,0.5064995544397107,1.0,1.0,1.0,1.0,1.0
OraclePerfect_B10,JILONG_EI_0119,1210,765.62939453125,0.5035177909797036,1.0,1.0,1.0,1.0,1.0
OraclePerfect_B10,JILONG_EI_0119,1220,768.4876708984375,0.5017188770078259,1.0,1.0,1.0,1.0,1.0
OraclePerfect_B10,JILONG_EI_0119,1230,771.8526000976562,0.49904932448566086,1.0,1.0,1.0,1.0,1.0
OraclePerfect_B10,JILONG_EI_0119,1240,773.4044799804688,0.4970509877822662,1.0,1.0,1.0,1.0,1.0
OraclePerfect_B10,JILONG_EI_0119,1250,775.8817138671875,0.4938969419676048,1.0,1.0,1.0,1.0,1.0
OraclePerfect_B10,JILONG_EI_0119,1260,780.3641357421875,0.49261832006921463,1.0,1.0,1.0,1.0,1.0
OraclePerfect_B10,JILONG_EI_0119,1270,783.4232788085938,0.4911663851997904,1.0,1.0,1.0,1.0,1.0
OraclePerfect_B10,JILONG_EI_0119,1280,786.8740234375,0.48974224140747635,1.0,1.0,1.0,1.0,1.0
OraclePerfect_B10,JILONG_EI_0119,1290,788.8328857421875,0.4881868797959255,1.0,1.0,1.0,1.0,1.0
OraclePerfect_B10,JILONG_EI_0119,1300,792.4501953125,0.48731969017545895,1.0,1.0,1.0,1.0,1.0
OraclePerfect_B10,JILONG_EI_0119,1310,795.9952392578125,0.48635023417392065,1.0,1.0,1.0,1.0,1.0
OraclePerfect_B10,JILONG_EI_0119,1320,798.5502319335938,0.48627774452717953,1.0,1.0,1.0,1.0,1.0
OraclePerfect_B10,JILONG_EI_0119,1330,801.5782470703125,0.48590002804136195,1.0,1.0,1.0,1.0,1.0
OraclePerfect_B10,JILONG_EI_0119,1340,804.2877197265625,0.4858330447679155,1.0,1.0,1.0,1.0,1.0
OraclePerfect_B10,JILONG_EI_0119,1350,807.189208984375,0.485205165502545,1.0,1.0,1.0,1.0,1.0
OraclePerfect_B10,JILONG_EI_0119,1360,810.1345825195312,0.48418389925142696,1.0,1.0,1.0,1.0,1.0
OraclePerfect_B10,JILONG_EI_0119,1370,813.0216674804688,0.4839839626182047,1.0,1.0,1.0,1.0,1.0
OraclePerfect_B10,JILONG_EI_0119,1380,815.1112060546875,0.4835908079699634,1.0,1.0,1.0,1.0,1.0
OraclePerfect_B10,JILONG_EI_0119,1390,817.72265625,0.48272634433777745,1.0,1.0,1.0,1.0,1.0
OraclePerfect_B10,JILONG_EI_0119,1400,820.118408203125,0.48216179279732435,1.0,1.0,1.0,1.0,1.0
OraclePerfect_B10,JILONG_EI_0119,1410,821.436767578125,0.48158233847756654,1.0,1.0,1.0,1.0,1.0
OraclePerfect_B10,JILONG_EI_0119,1420,823.896240234375,0.48091055837273905,1.0,1.0,1.0,1.0,1.0
OraclePerfect_B10,JILONG_EI_0119,1430,826.538330078125,0.48036323231374456,1.0,1.0,1.0,1.0,1.0
OraclePerfect_B10,JILONG_EI_0119,1440,828.4041137695312,0.47872511656126443,1.0,1.0,1.0,1.0,1.0
OraclePerfect_B10,JILONG_EI_0129,10,21.344554901123047,0.9838121953118084,1.0,1.0,1.0,1.0,1.0
OraclePerfect_B10,JILONG_EI_0129,20,40.94208908081055,0.9931000409788785,1.0,1.0,1.0,1.0,1.0
OraclePerfect_B10,JILONG_EI_0129,30,95.34449768066406,0.9961640494511146,1.0,1.0,1.0,1.0,1.0
OraclePerfect_B10,JILONG_EI_0129,40,201.030029296875,0.9911795278648317,1.0,1.0,1.0,1.0,1.0
OraclePerfect_B10,JILONG_EI_0129,50,271.7098388671875,0.9178814109219806,1.0,1.0,1.0,1.0,1.0
OraclePerfect_B10,JILONG_EI_0129,60,297.5081787109375,0.8672655283191366,1.0,1.0,1.0,1.0,1.0
OraclePerfect_B10,JILONG_EI_0129,70,364.1052551269531,0.8474699444889406,1.0,1.0,1.0,1.0,1.0
OraclePerfect_B10,JILONG_EI_0129,80,471.5833740234375,0.7656145147516572,1.0,1.0,1.0,1.0,1.0
OraclePerfect_B10,JILONG_EI_0129,90,536.8510131835938,0.6557425856396067,1.0,1.0,1.0,1.0,1.0
OraclePerfect_B10,JILONG_EI_0129,100,552.0111083984375,0.6880907772669055,1.0,1.0,1.0,1.0,1.0
OraclePerfect_B10,JILONG_EI_0129,110,576.521240234375,0.6604752851144212,1.0,1.0,1.0,1.0,1.0
OraclePerfect_B10,JILONG_EI_0129,120,614.6729125976562,0.6979235254565129,1.0,1.0,1.0,1.0,1.0
OraclePerfect_B10,JILONG_EI_0129,130,602.3755493164062,0.7071021456255817,1.0,1.0,1.0,1.0,1.0
OraclePerfect_B10,JILONG_EI_0129,140,546.0051879882812,0.7093391718460547,1.0,1.0,1.0,1.0,1.0
OraclePerfect_B10,JILONG_EI_0129,150,534.65185546875,0.7149698694148132,1.0,1.0,1.0,1.0,1.0
OraclePerfect_B10,JILONG_EI_0129,160,460.97564697265625,0.7159400754986448,1.0,1.0,1.0,1.0,1.0
OraclePerfect_B10,JILONG_EI_0129,170,485.7420959472656,0.7119541116509936,1.0,1.0,1.0,1.0,1.0
OraclePerfect_B10,JILONG_EI_0129,180,461.0517578125,0.7212044728385957,1.0,1.0,1.0,1.0,1.0
OraclePerfect_B10,JILONG_EI_0129,190,429.6139831542969,0.7477959415303301,1.0,1.0,1.0,1.0,1.0
OraclePerfect_B10,JILONG_EI_0129,200,445.48992919921875,0.7748267321402814,1.0,1.0,1.0,1.0,1.0
OraclePerfect_B10,JILONG_EI_0129,210,490.78607177734375,0.8101417601024798,1.0,1.0,1.0,1.0,1.0
OraclePerfect_B10,JILONG_EI_0129,220,537.796630859375,0.8284039622764242,1.0,1.0,1.0,1.0,1.0
OraclePerfect_B10,JILONG_EI_0129,230,604.1497802734375,0.8468709481300706,1.0,1.0,1.0,1.0,1.0
OraclePerfect_B10,JILONG_EI_0129,240,677.2247314453125,0.795912343704727,1.0,1.0,1.0,1.0,1.0
OraclePerfect_B10,JILONG_EI_0129,250,738.9586181640625,0.7534965499111965,1.0,1.0,1.0,1.0,1.0
OraclePerfect_B10,JILONG_EI_0129,260,772.3978271484375,0.7665766703600212,1.0,1.0,1.0,1.0,1.0
OraclePerfect_B10,JILONG_EI_0129,270,803.6513671875,0.7774308418751857,1.0,1.0,1.0,1.0,1.0
OraclePerfect_B10,JILONG_EI_0129,280,821.3815307617188,0.7709265359663776,1.0,1.0,1.0,1.0,1.0
OraclePerfect_B10,JILONG_EI_0129,290,835.3489379882812,0.7446242074716546,1.0,1.0,1.0,1.0,1.0
OraclePerfect_B10,JILONG_EI_0129,300,846.655029296875,0.716160994609773,1.0,1.0,1.0,1.0,1.0
OraclePerfect_B10,JILONG_EI_0129,310,854.3614501953125,0.6899348483145301,1.0,1.0,1.0,1.0,1.0
OraclePerfect_B10,JILONG_EI_0129,320,860.22705078125,0.6577491265753166,1.0,1.0,1.0,1.0,1.0
OraclePerfect_B10,JILONG_EI_0129,330,864.4888916015625,0.6759841980086301,1.0,1.0,1.0,1.0,1.0
OraclePerfect_B10,JILONG_EI_0129,340,869.6613159179688,0.6797235071799924,1.0,1.0,1.0,1.0,1.0
OraclePerfect_B10,JILONG_EI_0129,350,878.1177978515625,0.6634931377082123,1.0,1.0,1.0,1.0,1.0
OraclePerfect_B10,JILONG_EI_0129,360,886.433837890625,0.6358620789468276,1.0,1.0,1.0,1.0,1.0
OraclePerfect_B10,JILONG_EI_0129,370,892.906494140625,0.610430735779896,1.0,1.0,1.0,1.0,1.0
OraclePerfect_B10,JILONG_EI_0129,380,895.1011352539062,0.5861639467020612,1.0,1.0,1.0,1.0,1.0
OraclePerfect_B10,JILONG_EI_0129,390,893.706298828125,0.5645779035877807,1.0,1.0,1.0,1.0,1.0
OraclePerfect_B10,JILONG_EI_0129,400,892.18798828125,0.5553831682438698,1.0,1.0,1.0,1.0,1.0
OraclePerfect_B10,JILONG_EI_0129,410,884.633056640625,0.5550394134559458,1.0,1.0,1.0,1.0,1.0
OraclePerfect_B10,JILONG_EI_0129,420,876.484130859375,0.5486633520371129,1.0,1.0,1.0,1.0,1.0
OraclePerfect_B10,JILONG_EI_0129,430,869.3532104492188,0.5396737840662943,1.0,1.0,1.0,1.0,1.0
OraclePerfect_B10,JILONG_EI_0129,440,852.9559326171875,0.5291820738537931,1.0,1.0,1.0,1.0,1.0
OraclePerfect_B10,JILONG_EI_0129,450,845.7559814453125,0.5203504365374432,1.0,1.0,1.0,1.0,1.0
OraclePerfect_B10,JILONG_EI_0129,460,838.978271484375,0.5242857210441819,1.0,1.0,1.0,1.0,1.0
OraclePerfect_B10,JILONG_EI_0129,470,834.4368896484375,0.5299161846998575,1.0,1.0,1.0,1.0,1.0
OraclePerfect_B10,JILONG_EI_0129,480,833.4950561523438,0.5350280351653336,1.0,1.0,1.0,1.0,1.0
OraclePerfect_B10,JILONG_EI_0129,490,833.23583984375,0.5405324550793371,1.0,1.0,1.0,1.0,1.0
OraclePerfect_B10,JILONG_EI_0129,500,834.5016479492188,0.5463224626488227,1.0,1.0,1.0,1.0,1.0
OraclePerfect_B10,JILONG_EI_0129,510,832.4296875,0.5558891390923698,1.0,1.0,1.0,1.0,1.0
OraclePerfect_B10,JILONG_EI_0129,520,832.8731689453125,0.5662084375358235,1.0,1.0,1.0,1.0,1.0
OraclePerfect_B10,JILONG_EI_0129,530,831.8576049804688,0.5757536579928317,1.0,1.0,1.0,1.0,1.0
OraclePerfect_B10,JILONG_EI_0129,540,835.046875,0.583584913646973,1.0,1.0,1.0,1.0,1.0
OraclePerfect_B10,JILONG_EI_0129,550,838.2377319335938,0.5888205668585419,1.0,1.0,1.0,1.0,1.0
OraclePerfect_B10,JILONG_EI_0129,560,840.661376953125,0.5936831218528669,1.0,1.0,1.0,1.0,1.0
OraclePerfect_B10,JILONG_EI_0129,570,843.1680908203125,0.5970728217752619,1.0,1.0,1.0,1.0,1.0
OraclePerfect_B10,JILONG_EI_0129,580,843.54345703125,0.6001600398210543,1.0,1.0,1.0,1.0,1.0
OraclePerfect_B10,JILONG_EI_0129,590,843.6965942382812,0.6022216789058114,1.0,1.0,1.0,1.0,1.0
OraclePerfect_B10,JILONG_EI_0129,600,845.8631591796875,0.6043127018488703,1.0,1.0,1.0,1.0,1.0
OraclePerfect_B10,JILONG_EI_0129,610,846.938232421875,0.6071114320120473,1.0,1.0,1.0,1.0,1.0
OraclePerfect_B10,JILONG_EI_0129,620,846.7482299804688,0.6096855762551652,1.0,1.0,1.0,1.0,1.0
OraclePerfect_B10,JILONG_EI_0129,630,852.503662109375,0.61239088769391,1.0,1.0,1.0,1.0,1.0
OraclePerfect_B10,JILONG_EI_0129,640,859.0558471679688,0.6129688030564855,1.0,1.0,1.0,1.0,1.0
OraclePerfect_B10,JILONG_EI_0129,650,865.2587890625,0.6152510929140499,1.0,1.0,1.0,1.0,1.0
OraclePerfect_B10,JILONG_EI_0129,660,868.992431640625,0.6170337686809759,1.0,1.0,1.0,1.0,1.0
OraclePerfect_B10,JILONG_EI_0129,670,871.0120849609375,0.6215773154608984,1.0,1.0,1.0,1.0,1.0
OraclePerfect_B10,JILONG_EI_0129,680,874.6198120117188,0.6212541766397599,1.0,1.0,1.0,1.0,1.0
OraclePerfect_B10,JILONG_EI_0129,690,880.754150390625,0.6227381762990924,1.0,1.0,1.0,1.0,1.0
OraclePerfect_B10,JILONG_EI_0129,700,890.016845703125,0.6232156635360118,1.0,1.0,1.0,1.0,1.0
OraclePerfect_B10,JILONG_EI_0129,710,898.9486083984375,0.6233037338790269,1.0,1.0,1.0,1.0,1.0
OraclePerfect_B10,JILONG_EI_0129,720,905.0726318359375,0.6223190396512508,1.0,1.0,1.0,1.0,1.0
OraclePerfect_B10,JILONG_EI_0129,730,913.6769409179688,0.6188620187417665,1.0,1.0,1.0,1.0,1.0
OraclePerfect_B10,JILONG_EI_0129,740,920.8638916015625,0.6143965561361776,1.0,1.0,1.0,1.0,1.0
OraclePerfect_B10,JILONG_EI_0129,750,928.6956787109375,0.6093615173108752,1.0,1.0,1.0,1.0,1.0
OraclePerfect_B10,JILONG_EI_0129,760,934.2286987304688,0.6043467042479923,1.0,1.0,1.0,1.0,1.0
OraclePerfect_B10,JILONG_EI_0129,770,939.3814697265625,0.5985043723297341,1.0,1.0,1.0,1.0,1.0
OraclePerfect_B10,JILONG_EI_0129,780,947.291259765625,0.592702772109933,1.0,1.0,1.0,1.0,1.0
OraclePerfect_B10,JILONG_EI_0129,790,955.2354125976562,0.5857710465807149,1.0,1.0,1.0,1.0,1.0
OraclePerfect_B10,JILONG_EI_0129,800,962.6202392578125,0.5775601839236905,1.0,1.0,1.0,1.0,1.0
OraclePerfect_B10,JILONG_EI_0129,810,971.914306640625,0.5712544091734002,1.0,1.0,1.0,1.0,1.0
OraclePerfect_B10,JILONG_EI_0129,820,974.5175170898438,0.564262245898169,1.0,1.0,1.0,1.0,1.0
OraclePerfect_B10,JILONG_EI_0129,830,980.157470703125,0.5594441025901864,1.0,1.0,1.0,1.0,1.0
OraclePerfect_B10,JILONG_EI_0129,840,982.85009765625,0.5540532071226775,1.0,1.0,1.0,1.0,1.0
OraclePerfect_B10,JILONG_EI_0129,850,987.57177734375,0.5492963838626264,1.0,1.0,1.0,1.0,1.0
OraclePerfect_B10,JILONG_EI_0129,860,990.7265014648438,0.5440436388827016,1.0,1.0,1.0,1.0,1.0
OraclePerfect_B10,JILONG_EI_0129,870,994.3834228515625,0.5395525483538748,1.0,1.0,1.0,1.0,1.0
OraclePerfect_B10,JILONG_EI_0129,880,995.0379638671875,0.5325647230664748,1.0,1.0,1.0,1.0,1.0
OraclePerfect_B10,JILONG_EI_0129,890,1001.20654296875,0.5290101709523589,1.0,1.0,1.0,1.0,1.0
OraclePerfect_B10,JILONG_EI_0129,900,1004.4478759765625,0.5235344716946918,1.0,1.0,1.0,1.0,1.0
OraclePerfect_B10,JILONG_EI_0129,910,1009.1060791015625,0.519093094988403,1.0,1.0,1.0,1.0,1.0
OraclePerfect_B10,JILONG_EI_0129,920,1012.3439331054688,0.5128562625310642,1.0,1.0,1.0,1.0,1.0
OraclePerfect_B10,JILONG_EI_0129,930,1015.2197875976562,0.5075561817345888,1.0,1.0,1.0,1.0,1.0
OraclePerfect_B10,JILONG_EI_0129,940,1018.8995361328125,0.5032278049800067,1.0,1.0,1.0,1.0,1.0
OraclePerfect_B10,JILONG_EI_0129,950,1024.09423828125,0.49950381311755515,1.0,1.0,1.0,1.0,1.0
OraclePerfect_B10,JILONG_EI_0129,960,1029.494873046875,0.4963057312876223,1.0,1.0,1.0,1.0,1.0
OraclePerfect_B10,JILONG_EI_0129,970,1031.8697509765625,0.49113708205828627,1.0,1.0,1.0,1.0,1.0
OraclePerfect_B10,JILONG_EI_0129,980,1032.1190185546875,0.48335212388433013,1.0,1.0,1.0,1.0,1.0
OraclePerfect_B10,JILONG_EI_0129,990,1033.7252197265625,0.47731697536155054,1.0,1.0,1.0,1.0,1.0
OraclePerfect_B10,JILONG_EI_0129,1000,1033.703125,0.47064627817540766,1.0,1.0,1.0,1.0,1.0
OraclePerfect_B10,JILONG_EI_0129,1010,1032.540283203125,0.4640797644118989,1.0,1.0,1.0,1.0,1.0
OraclePerfect_B10,JILONG_EI_0129,1020,1029.1568603515625,0.45536311480240393,1.0,1.0,1.0,1.0,1.0
OraclePerfect_B10,JILONG_EI_0129,1030,1032.296875,0.45312113514672747,1.0,1.0,1.0,1.0,1.0
OraclePerfect_B10,JILONG_EI_0129,1040,1033.023681640625,0.449014007399169,1.0,1.0,1.0,1.0,1.0
OraclePerfect_B10,JILONG_EI_0129,1050,1035.6142578125,0.4486984632820286,1.0,1.0,1.0,1.0,1.0
OraclePerfect_B10,JILONG_EI_0129,1060,1037.452880859375,0.4448623807251999,1.0,1.0,1.0,1.0,1.0
OraclePerfect_B10,JILONG_EI_0129,1070,1038.893798828125,0.44074369165862315,1.0,1.0,1.0,1.0,1.0
OraclePerfect_B10,JILONG_EI_0129,1080,1042.547119140625,0.4395059487157632,1.0,1.0,1.0,1.0,1.0
OraclePerfect_B10,JILONG_EI_0129,1090,1041.12060546875,0.4354079577771133,1.0,1.0,1.0,1.0,1.0
OraclePerfect_B10,JILONG_EI_0129,1100,1045.1263427734375,0.4337712682093574,1.0,1.0,1.0,1.0,1.0
OraclePerfect_B10,JILONG_EI_0129,1110,1045.857177734375,0.4331230454027081,1.0,1.0,1.0,1.0,1.0
OraclePerfect_B10,JILONG_EI_0129,1120,1050.0631103515625,0.43182349118245283,1.0,1.0,1.0,1.0,1.0
OraclePerfect_B10,JILONG_EI_0129,1130,1053.9559326171875,0.431618029731463,1.0,1.0,1.0,1.0,1.0
OraclePerfect_B10,JILONG_EI_0129,1140,1058.681640625,0.42992260806268223,1.0,1.0,1.0,1.0,1.0
OraclePerfect_B10,JILONG_EI_0129,1150,1062.669189453125,0.42736560630224674,1.0,1.0,1.0,1.0,1.0
OraclePerfect_B10,JILONG_EI_0129,1160,1066.49267578125,0.42485204523350967,1.0,1.0,1.0,1.0,1.0
OraclePerfect_B10,JILONG_EI_0129,1170,1072.2169189453125,0.4216373785228779,1.0,1.0,1.0,1.0,1.0
OraclePerfect_B10,JILONG_EI_0129,1180,1078.91748046875,0.41951929917185105,1.0,1.0,1.0,1.0,1.0
OraclePerfect_B10,JILONG_EI_0129,1190,1083.3074951171875,0.41599675239644895,1.0,1.0,1.0,1.0,1.0
OraclePerfect_B10,JILONG_EI_0129,1200,1081.058349609375,0.40846947741710266,1.0,1.0,1.0,1.0,1.0
OraclePerfect_B10,JILONG_EI_0129,1210,1084.3487548828125,0.40208573210734555,1.0,1.0,1.0,1.0,1.0
OraclePerfect_B10,JILONG_EI_0129,1220,1085.998046875,0.39843326710302923,1.0,1.0,1.0,1.0,1.0
OraclePerfect_B10,JILONG_EI_0129,1230,1089.5565185546875,0.3938139438509928,1.0,1.0,1.0,1.0,1.0
OraclePerfect_B10,JILONG_EI_0129,1240,1093.2110595703125,0.39018090508551123,1.0,1.0,1.0,1.0,1.0
OraclePerfect_B10,JILONG_EI_0129,1250,1096.43994140625,0.38516800266509055,1.0,1.0,1.0,1.0,1.0
OraclePerfect_B10,JILONG_EI_0129,1260,1099.571533203125,0.3794113150481505,1.0,1.0,1.0,1.0,1.0
OraclePerfect_B10,JILONG_EI_0129,1270,1101.833740234375,0.37668526644745165,1.0,1.0,1.0,1.0,1.0
OraclePerfect_B10,JILONG_EI_0129,1280,1104.785888671875,0.372155812869757,1.0,1.0,1.0,1.0,1.0
OraclePerfect_B10,JILONG_EI_0129,1290,1103.7158203125,0.3681784069847604,1.0,1.0,1.0,1.0,1.0
OraclePerfect_B10,JILONG_EI_0129,1300,1102.4971923828125,0.3660965303147472,1.0,1.0,1.0,1.0,1.0
OraclePerfect_B10,JILONG_EI_0129,1310,1105.2381591796875,0.3648339676817711,1.0,1.0,1.0,1.0,1.0
OraclePerfect_B10,JILONG_EI_0129,1320,1105.650390625,0.36028630626950786,1.0,1.0,1.0,1.0,1.0
OraclePerfect_B10,JILONG_EI_0129,1330,1110.34375,0.3579236956054761,1.0,1.0,1.0,1.0,1.0
OraclePerfect_B10,JILONG_EI_0129,1340,1108.23583984375,0.35478750954983534,1.0,1.0,1.0,1.0,1.0
OraclePerfect_B10,JILONG_EI_0129,1350,1108.7698974609375,0.3531150247617773,1.0,1.0,1.0,1.0,1.0
OraclePerfect_B10,JILONG_EI_0129,1360,1109.19580078125,0.3526029460742217,1.0,1.0,1.0,1.0,1.0
OraclePerfect_B10,JILONG_EI_0129,1370,1105.52001953125,0.35201296951822403,1.0,1.0,1.0,1.0,1.0
OraclePerfect_B10,JILONG_EI_0129,1380,1104.9482421875,0.35300335920136144,1.0,1.0,1.0,1.0,1.0
OraclePerfect_B10,JILONG_EI_0129,1390,1102.331298828125,0.35256140238587286,1.0,1.0,1.0,1.0,1.0
OraclePerfect_B10,JILONG_EI_0129,1400,1105.8779296875,0.3506690946611225,1.0,1.0,1.0,1.0,1.0
OraclePerfect_B10,JILONG_EI_0129,1410,1109.103271484375,0.34908823421496143,1.0,1.0,1.0,1.0,1.0
OraclePerfect_B10,JILONG_EI_0129,1420,1106.09521484375,0.35036870104392626,1.0,1.0,1.0,1.0,1.0
OraclePerfect_B10,JILONG_EI_0129,1430,1108.6773681640625,0.34891110562545913,1.0,1.0,1.0,1.0,1.0
OraclePerfect_B10,JILONG_EI_0129,1440,1111.6500244140625,0.34588445786032085,1.0,1.0,1.0,1.0,1.0
OraclePerfect_B10,JILONG_EI_0139,10,18.552242279052734,0.9917817708369991,1.0,1.0,1.0,1.0,1.0
OraclePerfect_B10,JILONG_EI_0139,20,37.77861022949219,0.9956105148300718,1.0,1.0,1.0,1.0,1.0
OraclePerfect_B10,JILONG_EI_0139,30,65.98243713378906,0.99700676537243,1.0,1.0,1.0,1.0,1.0
OraclePerfect_B10,JILONG_EI_0139,40,154.38156127929688,0.9955897163028941,1.0,1.0,1.0,1.0,1.0
OraclePerfect_B10,JILONG_EI_0139,50,219.5242156982422,0.9156314457274399,1.0,1.0,1.0,1.0,1.0
OraclePerfect_B10,JILONG_EI_0139,60,258.7708740234375,0.875537957907179,1.0,1.0,1.0,1.0,1.0
OraclePerfect_B10,JILONG_EI_0139,70,306.18035888671875,0.864206090443339,1.0,1.0,1.0,1.0,1.0
OraclePerfect_B10,JILONG_EI_0139,80,375.5375061035156,0.7864663719395625,1.0,1.0,1.0,1.0,1.0
OraclePerfect_B10,JILONG_EI_0139,90,435.61090087890625,0.6807773447506605,1.0,1.0,1.0,1.0,1.0
OraclePerfect_B10,JILONG_EI_0139,100,465.57452392578125,0.6822027107332661,1.0,1.0,1.0,1.0,1.0
OraclePerfect_B10,JILONG_EI_0139,110,472.0167541503906,0.6777594812092109,1.0,1.0,1.0,1.0,1.0
OraclePerfect_B10,JILONG_EI_0139,120,497.7349853515625,0.7079115022642378,1.0,1.0,1.0,1.0,1.0
OraclePerfect_B10,JILONG_EI_0139,130,507.0924987792969,0.7102635789393258,1.0,1.0,1.0,1.0,1.0
OraclePerfect_B10,JILONG_EI_0139,140,458.15460205078125,0.7228818109260359,1.0,1.0,1.0,1.0,1.0
OraclePerfect_B10,JILONG_EI_0139,150,470.1729736328125,0.7226503575629494,1.0,1.0,1.0,1.0,1.0
OraclePerfect_B10,JILONG_EI_0139,160,429.5716857910156,0.7236467073624024,1.0,1.0,1.0,1.0,1.0
OraclePerfect_B10,JILONG_EI_0139,170,425.86578369140625,0.7317115112434434,1.0,1.0,1.0,1.0,1.0
OraclePerfect_B10,JILONG_EI_0139,180,407.6910400390625,0.7317552561093298,1.0,1.0,1.0,1.0,1.0
OraclePerfect_B10,JILONG_EI_0139,190,389.1647644042969,0.7429110856531015,1.0,1.0,1.0,1.0,1.0
OraclePerfect_B10,JILONG_EI_0139,200,388.2279052734375,0.7614610749756378,1.0,1.0,1.0,1.0,1.0
OraclePerfect_B10,JILONG_EI_0139,210,423.63751220703125,0.7917901861030344,1.0,1.0,1.0,1.0,1.0
OraclePerfect_B10,JILONG_EI_0139,220,462.66326904296875,0.814802745373884,1.0,1.0,1.0,1.0,1.0
OraclePerfect_B10,JILONG_EI_0139,230,506.098876953125,0.8306698530916037,1.0,1.0,1.0,1.0,1.0
OraclePerfect_B10,JILONG_EI_0139,240,575.232421875,0.8295073384816521,1.0,1.0,1.0,1.0,1.0
OraclePerfect_B10,JILONG_EI_0139,250,624.2275390625,0.7845811966157944,1.0,1.0,1.0,1.0,1.0
OraclePerfect_B10,JILONG_EI_0139,260,672.130615234375,0.7461918720200746,1.0,1.0,1.0,1.0,1.0
OraclePerfect_B10,JILONG_EI_0139,270,694.6843872070312,0.7366493836911951,1.0,1.0,1.0,1.0,1.0
OraclePerfect_B10,JILONG_EI_0139,280,709.5676879882812,0.7419008845570514,1.0,1.0,1.0,1.0,1.0
OraclePerfect_B10,JILONG_EI_0139,290,715.7529907226562,0.7386332244885306,1.0,1.0,1.0,1.0,1.0
OraclePerfect_B10,JILONG_EI_0139,300,725.1648559570312,0.7248546407866457,1.0,1.0,1.0,1.0,1.0
OraclePerfect_B10,JILONG_EI_0139,310,734.841796875,0.7038903506343872,1.0,1.0,1.0,1.0,1.0
OraclePerfect_B10,JILONG_EI_0139,320,736.3262939453125,0.6791231488719299,1.0,1.0,1.0,1.0,1.0
OraclePerfect_B10,JILONG_EI_0139,330,736.2940063476562,0.6560724391116132,1.0,1.0,1.0,1.0,1.0
OraclePerfect_B10,JILONG_EI_0139,340,735.1025390625,0.6801871437736301,1.0,1.0,1.0,1.0,1.0
OraclePerfect_B10,JILONG_EI_0139,350,732.2191162109375,0.6985791720498257,1.0,1.0,1.0,1.0,1.0
OraclePerfect_B10,JILONG_EI_0139,360,734.9227905273438,0.6968253731721309,1.0,1.0,1.0,1.0,1.0
OraclePerfect_B10,JILONG_EI_0139,370,739.8037719726562,0.6800712676325585,1.0,1.0,1.0,1.0,1.0
OraclePerfect_B10,JILONG_EI_0139,380,744.1885986328125,0.6558847547902851,1.0,1.0,1.0,1.0,1.0
OraclePerfect_B10,JILONG_EI_0139,390,754.435791015625,0.6258545774682231,1.0,1.0,1.0,1.0,1.0
OraclePerfect_B10,JILONG_EI_0139,400,762.5154418945312,0.5970888128791628,1.0,1.0,1.0,1.0,1.0
OraclePerfect_B10,JILONG_EI_0139,410,764.305908203125,0.5718621727695165,1.0,1.0,1.0,1.0,1.0
OraclePerfect_B10,JILONG_EI_0139,420,764.906005859375,0.5697713368679276,1.0,1.0,1.0,1.0,1.0
OraclePerfect_B10,JILONG_EI_0139,430,759.85009765625,0.5687769485191753,1.0,1.0,1.0,1.0,1.0
OraclePerfect_B10,JILONG_EI_0139,440,755.2703247070312,0.5643318241829989,1.0,1.0,1.0,1.0,1.0
OraclePerfect_B10,JILONG_EI_0139,450,751.0938720703125,0.5567419198531406,1.0,1.0,1.0,1.0,1.0
OraclePerfect_B10,JILONG_EI_0139,460,741.983642578125,0.5489583016807417,1.0,1.0,1.0,1.0,1.0
OraclePerfect_B10,JILONG_EI_0139,470,730.78662109375,0.5531162330366487,1.0,1.0,1.0,1.0,1.0
OraclePerfect_B10,JILONG_EI_0139,480,722.0484619140625,0.557214653324709,1.0,1.0,1.0,1.0,1.0
OraclePerfect_B10,JILONG_EI_0139,490,717.40625,0.5595303398616522,1.0,1.0,1.0,1.0,1.0
OraclePerfect_B10,JILONG_EI_0139,500,711.918212890625,0.5603493732699811,1.0,1.0,1.0,1.0,1.0
OraclePerfect_B10,JILONG_EI_0139,510,705.730712890625,0.5625544604042267,1.0,1.0,1.0,1.0,1.0
OraclePerfect_B10,JILONG_EI_0139,520,705.6515502929688,0.5635402032496588,1.0,1.0,1.0,1.0,1.0
OraclePerfect_B10,JILONG_EI_0139,530,704.0667724609375,0.5643970422974889,1.0,1.0,1.0,1.0,1.0
OraclePerfect_B10,JILONG_EI_0139,540,705.9105224609375,0.5662516868260158,1.0,1.0,1.0,1.0,1.0
OraclePerfect_B10,JILONG_EI_0139,550,708.4476318359375,0.5662770069839124,1.0,1.0,1.0,1.0,1.0
OraclePerfect_B10,JILONG_EI_0139,560,707.744384765625,0.5658723648667237,1.0,1.0,1.0,1.0,1.0
OraclePerfect_B10,JILONG_EI_0139,570,706.2144775390625,0.566656166784721,1.0,1.0,1.0,1.0,1.0
OraclePerfect_B10,JILONG_EI_0139,580,704.687744140625,0.5624067172754882,1.0,1.0,1.0,1.0,1.0
OraclePerfect_B10,JILONG_EI_0139,590,703.70166015625,0.5594157934892475,1.0,1.0,1.0,1.0,1.0
OraclePerfect_B10,JILONG_EI_0139,600,704.267333984375,0.5567896560503519,1.0,1.0,1.0,1.0,1.0
OraclePerfect_B10,JILONG_EI_0139,610,702.9365234375,0.5542903537932647,1.0,1.0,1.0,1.0,1.0
OraclePerfect_B10,JILONG_EI_0139,620,700.3525390625,0.5582251637078914,1.0,1.0,1.0,1.0,1.0
OraclePerfect_B10,JILONG_EI_0139,630,701.0278930664062,0.5626769258879041,1.0,1.0,1.0,1.0,1.0
OraclePerfect_B10,JILONG_EI_0139,640,701.1341552734375,0.5658407307631069,1.0,1.0,1.0,1.0,1.0
OraclePerfect_B10,JILONG_EI_0139,650,700.9566650390625,0.568952063329403,1.0,1.0,1.0,1.0,1.0
OraclePerfect_B10,JILONG_EI_0139,660,702.8097534179688,0.5727090550746854,1.0,1.0,1.0,1.0,1.0
OraclePerfect_B10,JILONG_EI_0139,670,704.6319580078125,0.5757981023468746,1.0,1.0,1.0,1.0,1.0
OraclePerfect_B10,JILONG_EI_0139,680,707.1162109375,0.5782438827887725,1.0,1.0,1.0,1.0,1.0
OraclePerfect_B10,JILONG_EI_0139,690,710.0048828125,0.5813239132542334,1.0,1.0,1.0,1.0,1.0
OraclePerfect_B10,JILONG_EI_0139,700,713.6026000976562,0.5826276584564823,1.0,1.0,1.0,1.0,1.0
OraclePerfect_B10,JILONG_EI_0139,710,716.3800659179688,0.5840335551428836,1.0,1.0,1.0,1.0,1.0
OraclePerfect_B10,JILONG_EI_0139,720,721.6824340820312,0.5835533333684741,1.0,1.0,1.0,1.0,1.0
OraclePerfect_B10,JILONG_EI_0139,730,726.0609130859375,0.5833658973615576,1.0,1.0,1.0,1.0,1.0
OraclePerfect_B10,JILONG_EI_0139,740,730.506103515625,0.5851655995773428,1.0,1.0,1.0,1.0,1.0
OraclePerfect_B10,JILONG_EI_0139,750,733.6588134765625,0.5847029384363281,1.0,1.0,1.0,1.0,1.0
OraclePerfect_B10,JILONG_EI_0139,760,735.9092407226562,0.5829966013772991,1.0,1.0,1.0,1.0,1.0
OraclePerfect_B10,JILONG_EI_0139,770,739.8630981445312,0.5820312612270806,1.0,1.0,1.0,1.0,1.0
OraclePerfect_B10,JILONG_EI_0139,780,744.210205078125,0.5813338079107107,1.0,1.0,1.0,1.0,1.0
OraclePerfect_B10,JILONG_EI_0139,790,748.7006225585938,0.5800335948489963,1.0,1.0,1.0,1.0,1.0
OraclePerfect_B10,JILONG_EI_0139,800,752.6766357421875,0.5801782201603709,1.0,1.0,1.0,1.0,1.0
OraclePerfect_B10,JILONG_EI_0139,810,758.477294921875,0.5797499445102943,1.0,1.0,1.0,1.0,1.0
OraclePerfect_B10,JILONG_EI_0139,820,761.98779296875,0.5794439778606367,1.0,1.0,1.0,1.0,1.0
OraclePerfect_B10,JILONG_EI_0139,830,765.2594604492188,0.5775746176368888,1.0,1.0,1.0,1.0,1.0
OraclePerfect_B10,JILONG_EI_0139,840,768.8225708007812,0.5760078961537872,1.0,1.0,1.0,1.0,1.0
OraclePerfect_B10,JILONG_EI_0139,850,773.740234375,0.5746535136805491,1.0,1.0,1.0,1.0,1.0
OraclePerfect_B10,JILONG_EI_0139,860,778.5537109375,0.5719610589234584,1.0,1.0,1.0,1.0,1.0
OraclePerfect_B10,JILONG_EI_0139,870,781.7838134765625,0.5696497728621138,1.0,1.0,1.0,1.0,1.0
OraclePerfect_B10,JILONG_EI_0139,880,784.7645263671875,0.5665877156452991,1.0,1.0,1.0,1.0,1.0
OraclePerfect_B10,JILONG_EI_0139,890,788.702392578125,0.5647832014401608,1.0,1.0,1.0,1.0,1.0
OraclePerfect_B10,JILONG_EI_0139,900,792.8504638671875,0.5631444818767918,1.0,1.0,1.0,1.0,1.0
OraclePerfect_B10,JILONG_EI_0139,910,797.6591186523438,0.5607666622141602,1.0,1.0,1.0,1.0,1.0
OraclePerfect_B10,JILONG_EI_0139,920,800.473388671875,0.5573775564580247,1.0,1.0,1.0,1.0,1.0
OraclePerfect_B10,JILONG_EI_0139,930,804.7652587890625,0.5553201470822813,1.0,1.0,1.0,1.0,1.0
OraclePerfect_B10,JILONG_EI_0139,940,809.9202270507812,0.5527044715820559,1.0,1.0,1.0,1.0,1.0
OraclePerfect_B10,JILONG_EI_0139,950,816.7445068359375,0.5496083675357019,1.0,1.0,1.0,1.0,1.0
OraclePerfect_B10,JILONG_EI_0139,960,822.3984375,0.5468004683209611,1.0,1.0,1.0,1.0,1.0
OraclePerfect_B10,JILONG_EI_0139,970,825.19189453125,0.542475615959343,1.0,1.0,1.0,1.0,1.0
OraclePerfect_B10,JILONG_EI_0139,980,828.1903076171875,0.5390526022339739,1.0,1.0,1.0,1.0,1.0
OraclePerfect_B10,JILONG_EI_0139,990,832.4337158203125,0.5358653066076156,1.0,1.0,1.0,1.0,1.0
OraclePerfect_B10,JILONG_EI_0139,1000,837.627197265625,0.5337916542493084,1.0,1.0,1.0,1.0,1.0
OraclePerfect_B10,JILONG_EI_0139,1010,840.6543579101562,0.5297517599742013,1.0,1.0,1.0,1.0,1.0
OraclePerfect_B10,JILONG_EI_0139,1020,844.0243530273438,0.5272924672218781,1.0,1.0,1.0,1.0,1.0
OraclePerfect_B10,JILONG_EI_0139,1030,847.3785400390625,0.5240669536516352,1.0,1.0,1.0,1.0,1.0
OraclePerfect_B10,JILONG_EI_0139,1040,852.0202026367188,0.5215673827864287,1.0,1.0,1.0,1.0,1.0
OraclePerfect_B10,JILONG_EI_0139,1050,855.365966796875,0.5175943889562322,1.0,1.0,1.0,1.0,1.0
OraclePerfect_B10,JILONG_EI_0139,1060,859.4011840820312,0.5142721383941726,1.0,1.0,1.0,1.0,1.0
OraclePerfect_B10,JILONG_EI_0139,1070,860.761474609375,0.5121062540184813,1.0,1.0,1.0,1.0,1.0
OraclePerfect_B10,JILONG_EI_0139,1080,863.5122680664062,0.5084164978351817,1.0,1.0,1.0,1.0,1.0
OraclePerfect_B10,JILONG_EI_0139,1090,868.041748046875,0.5070376791142336,1.0,1.0,1.0,1.0,1.0
OraclePerfect_B10,JILONG_EI_0139,1100,871.436279296875,0.5046429121949643,1.0,1.0,1.0,1.0,1.0
OraclePerfect_B10,JILONG_EI_0139,1110,875.99267578125,0.5015501808715598,1.0,1.0,1.0,1.0,1.0
OraclePerfect_B10,JILONG_EI_0139,1120,882.0009765625,0.5009327306243267,1.0,1.0,1.0,1.0,1.0
OraclePerfect_B10,JILONG_EI_0139,1130,885.34619140625,0.4977414663023697,1.0,1.0,1.0,1.0,1.0
OraclePerfect_B10,JILONG_EI_0139,1140,889.7862548828125,0.49657864169006394,1.0,1.0,1.0,1.0,1.0
OraclePerfect_B10,JILONG_EI_0139,1150,890.3467407226562,0.4937320149939608,1.0,1.0,1.0,1.0,1.0
OraclePerfect_B10,JILONG_EI_0139,1160,892.0611572265625,0.4912308946022315,1.0,1.0,1.0,1.0,1.0
OraclePerfect_B10,JILONG_EI_0139,1170,891.56103515625,0.4882827384855288,1.0,1.0,1.0,1.0,1.0
OraclePerfect_B10,JILONG_EI_0139,1180,892.9495239257812,0.4859041881684208,1.0,1.0,1.0,1.0,1.0
OraclePerfect_B10,JILONG_EI_0139,1190,896.2113037109375,0.4848136822966528,1.0,1.0,1.0,1.0,1.0
OraclePerfect_B10,JILONG_EI_0139,1200,898.1917724609375,0.4821478332905514,1.0,1.0,1.0,1.0,1.0
OraclePerfect_B10,JILONG_EI_0139,1210,900.9542236328125,0.481062655946522,1.0,1.0,1.0,1.0,1.0
OraclePerfect_B10,JILONG_EI_0139,1220,902.0435791015625,0.4784827852413279,1.0,1.0,1.0,1.0,1.0
OraclePerfect_B10,JILONG_EI_0139,1230,904.02880859375,0.4758774379157701,1.0,1.0,1.0,1.0,1.0
OraclePerfect_B10,JILONG_EI_0139,1240,899.3048095703125,0.467681355516367,1.0,1.0,1.0,1.0,1.0
OraclePerfect_B10,JILONG_EI_0139,1250,899.0294189453125,0.46494192754341407,1.0,1.0,1.0,1.0,1.0
OraclePerfect_B10,JILONG_EI_0139,1260,899.329345703125,0.46186919259833953,1.0,1.0,1.0,1.0,1.0
OraclePerfect_B10,JILONG_EI_0139,1270,898.09326171875,0.456957214578282,1.0,1.0,1.0,1.0,1.0
OraclePerfect_B10,JILONG_EI_0139,1280,898.4122314453125,0.45256557716031,1.0,1.0,1.0,1.0,1.0
OraclePerfect_B10,JILONG_EI_0139,1290,898.7752685546875,0.44907369181239065,1.0,1.0,1.0,1.0,1.0
OraclePerfect_B10,JILONG_EI_0139,1300,900.4063110351562,0.44557885067381364,1.0,1.0,1.0,1.0,1.0
OraclePerfect_B10,JILONG_EI_0139,1310,900.4967041015625,0.4422961943377173,1.0,1.0,1.0,1.0,1.0
OraclePerfect_B10,JILONG_EI_0139,1320,903.8926391601562,0.4399392733809467,1.0,1.0,1.0,1.0,1.0
OraclePerfect_B10,JILONG_EI_0139,1330,903.4215087890625,0.43557184654297193,1.0,1.0,1.0,1.0,1.0
OraclePerfect_B10,JILONG_EI_0139,1340,906.2666015625,0.4328076568924966,1.0,1.0,1.0,1.0,1.0
OraclePerfect_B10,JILONG_EI_0139,1350,908.6095581054688,0.4292750988543101,1.0,1.0,1.0,1.0,1.0
OraclePerfect_B10,JILONG_EI_0139,1360,912.570068359375,0.42701154480659287,1.0,1.0,1.0,1.0,1.0
OraclePerfect_B10,JILONG_EI_0139,1370,914.6868896484375,0.4229882575332651,1.0,1.0,1.0,1.0,1.0
OraclePerfect_B10,JILONG_EI_0139,1380,916.7529296875,0.4196827747056147,1.0,1.0,1.0,1.0,1.0
OraclePerfect_B10,JILONG_EI_0139,1390,919.7442016601562,0.4159687652812857,1.0,1.0,1.0,1.0,1.0
OraclePerfect_B10,JILONG_EI_0139,1400,921.306640625,0.4121405883968882,1.0,1.0,1.0,1.0,1.0
OraclePerfect_B10,JILONG_EI_0139,1410,925.7701416015625,0.40940705418879814,1.0,1.0,1.0,1.0,1.0
OraclePerfect_B10,JILONG_EI_0139,1420,928.5640258789062,0.404630127222747,1.0,1.0,1.0,1.0,1.0
OraclePerfect_B10,JILONG_EI_0139,1430,931.6857299804688,0.4006201105423984,1.0,1.0,1.0,1.0,1.0
OraclePerfect_B10,JILONG_EI_0139,1440,936.5997314453125,0.3988814289826879,1.0,1.0,1.0,1.0,1.0
OraclePerfect_B10,JILONG_EI_0149,10,19.4194393157959,0.9898398675621607,1.0,1.0,1.0,1.0,1.0
OraclePerfect_B10,JILONG_EI_0149,20,35.9042854309082,0.9948944805576636,1.0,1.0,1.0,1.0,1.0
OraclePerfect_B10,JILONG_EI_0149,30,65.22555541992188,0.9964709544685538,1.0,1.0,1.0,1.0,1.0
OraclePerfect_B10,JILONG_EI_0149,40,154.44155883789062,0.9929495686135641,1.0,1.0,1.0,1.0,1.0
OraclePerfect_B10,JILONG_EI_0149,50,213.8683624267578,0.9145796251790113,1.0,1.0,1.0,1.0,1.0
OraclePerfect_B10,JILONG_EI_0149,60,258.27606201171875,0.8880816792343977,1.0,1.0,1.0,1.0,1.0
OraclePerfect_B10,JILONG_EI_0149,70,320.7411804199219,0.861024728411736,1.0,1.0,1.0,1.0,1.0
OraclePerfect_B10,JILONG_EI_0149,80,395.41522216796875,0.7908027396963534,1.0,1.0,1.0,1.0,1.0
OraclePerfect_B10,JILONG_EI_0149,90,464.00396728515625,0.6771500527859934,1.0,1.0,1.0,1.0,1.0
OraclePerfect_B10,JILONG_EI_0149,100,488.43328857421875,0.6689862984808665,1.0,1.0,1.0,1.0,1.0
OraclePerfect_B10,JILONG_EI_0149,110,509.213623046875,0.6779771935668344,1.0,1.0,1.0,1.0,1.0
OraclePerfect_B10,JILONG_EI_0149,120,545.3712158203125,0.6784298950446854,1.0,1.0,1.0,1.0,1.0
OraclePerfect_B10,JILONG_EI_0149,130,551.1219482421875,0.6852871579677214,1.0,1.0,1.0,1.0,1.0
OraclePerfect_B10,JILONG_EI_0149,140,510.2815856933594,0.7032063387855897,1.0,1.0,1.0,1.0,1.0
OraclePerfect_B10,JILONG_EI_0149,150,496.4056396484375,0.6934041455780704,1.0,1.0,1.0,1.0,1.0
OraclePerfect_B10,JILONG_EI_0149,160,443.6786193847656,0.6958318337286711,1.0,1.0,1.0,1.0,1.0
OraclePerfect_B10,JILONG_EI_0149,170,439.82476806640625,0.6999769360550158,1.0,1.0,1.0,1.0,1.0
OraclePerfect_B10,JILONG_EI_0149,180,429.5977783203125,0.7030216088058145,1.0,1.0,1.0,1.0,1.0
OraclePerfect_B10,JILONG_EI_0149,190,409.4020080566406,0.7133210865568288,1.0,1.0,1.0,1.0,1.0
OraclePerfect_B10,JILONG_EI_0149,200,415.6443176269531,0.7441800146657863,1.0,1.0,1.0,1.0,1.0
OraclePerfect_B10,JILONG_EI_0149,210,454.80072021484375,0.7712941799026404,1.0,1.0,1.0,1.0,1.0
OraclePerfect_B10,JILONG_EI_0149,220,490.4259033203125,0.797631811590565,1.0,1.0,1.0,1.0,1.0
OraclePerfect_B10,JILONG_EI_0149,230,534.30859375,0.8125972814688309,1.0,1.0,1.0,1.0,1.0
OraclePerfect_B10,JILONG_EI_0149,240,593.1788330078125,0.8278798451402722,1.0,1.0,1.0,1.0,1.0
OraclePerfect_B10,JILONG_EI_0149,250,652.281005859375,0.7901413697321537,1.0,1.0,1.0,1.0,1.0
OraclePerfect_B10,JILONG_EI_0149,260,710.5593872070312,0.759534841843876,1.0,1.0,1.0,1.0,1.0
OraclePerfect_B10,JILONG_EI_0149,270,746.2352294921875,0.732713579357378,1.0,1.0,1.0,1.0,1.0
OraclePerfect_B10,JILONG_EI_0149,280,763.1605834960938,0.7363688953662715,1.0,1.0,1.0,1.0,1.0
OraclePerfect_B10,JILONG_EI_0149,290,776.5521850585938,0.7393341315258561,1.0,1.0,1.0,1.0,1.0
OraclePerfect_B10,JILONG_EI_0149,300,788.5794677734375,0.7327774564329731,1.0,1.0,1.0,1.0,1.0
OraclePerfect_B10,JILONG_EI_0149,310,800.6405029296875,0.7174172453708171,1.0,1.0,1.0,1.0,1.0
OraclePerfect_B10,JILONG_EI_0149,320,813.323974609375,0.6916901821765763,1.0,1.0,1.0,1.0,1.0
OraclePerfect_B10,JILONG_EI_0149,330,810.3558959960938,0.6644421502272467,1.0,1.0,1.0,1.0,1.0
OraclePerfect_B10,JILONG_EI_0149,340,812.6514892578125,0.6662666298396634,1.0,1.0,1.0,1.0,1.0
OraclePerfect_B10,JILONG_EI_0149,350,813.1383666992188,0.6844878312924242,1.0,1.0,1.0,1.0,1.0
OraclePerfect_B10,JILONG_EI_0149,360,814.2909545898438,0.6954223847268101,1.0,1.0,1.0,1.0,1.0
OraclePerfect_B10,JILONG_EI_0149,370,816.9400634765625,0.6862135538603839,1.0,1.0,1.0,1.0,1.0
OraclePerfect_B10,JILONG_EI_0149,380,823.746826171875,0.6692172399146852,1.0,1.0,1.0,1.0,1.0
OraclePerfect_B10,JILONG_EI_0149,390,828.1879272460938,0.6455929429116279,1.0,1.0,1.0,1.0,1.0
OraclePerfect_B10,JILONG_EI_0149,400,832.0145874023438,0.6214214600869293,1.0,1.0,1.0,1.0,1.0
OraclePerfect_B10,JILONG_EI_0149,410,837.4473876953125,0.5949238549393909,1.0,1.0,1.0,1.0,1.0
OraclePerfect_B10,JILONG_EI_0149,420,840.0341796875,0.5731883096741722,1.0,1.0,1.0,1.0,1.0
OraclePerfect_B10,JILONG_EI_0149,430,839.0750732421875,0.5636495272760096,1.0,1.0,1.0,1.0,1.0
OraclePerfect_B10,JILONG_EI_0149,440,832.6800537109375,0.5603906793372119,1.0,1.0,1.0,1.0,1.0
OraclePerfect_B10,JILONG_EI_0149,450,829.525634765625,0.5604965336865794,1.0,1.0,1.0,1.0,1.0
OraclePerfect_B10,JILONG_EI_0149,460,826.441650390625,0.5614139266971497,1.0,1.0,1.0,1.0,1.0
OraclePerfect_B10,JILONG_EI_0149,470,816.5112915039062,0.5636973161422966,1.0,1.0,1.0,1.0,1.0
OraclePerfect_B10,JILONG_EI_0149,480,808.7947998046875,0.5667258031511178,1.0,1.0,1.0,1.0,1.0
OraclePerfect_B10,JILONG_EI_0149,490,801.829345703125,0.5685056544610751,1.0,1.0,1.0,1.0,1.0
OraclePerfect_B10,JILONG_EI_0149,500,797.3746948242188,0.5692566623959454,1.0,1.0,1.0,1.0,1.0
OraclePerfect_B10,JILONG_EI_0149,510,797.0819091796875,0.5716912988970756,1.0,1.0,1.0,1.0,1.0
OraclePerfect_B10,JILONG_EI_0149,520,792.890380859375,0.5717484291807217,1.0,1.0,1.0,1.0,1.0
OraclePerfect_B10,JILONG_EI_0149,530,790.3168334960938,0.5700678696070797,1.0,1.0,1.0,1.0,1.0
OraclePerfect_B10,JILONG_EI_0149,540,789.3240966796875,0.5689300221294206,1.0,1.0,1.0,1.0,1.0
OraclePerfect_B10,JILONG_EI_0149,550,789.8609619140625,0.5697826127588677,1.0,1.0,1.0,1.0,1.0
OraclePerfect_B10,JILONG_EI_0149,560,791.9166259765625,0.5681227339289034,1.0,1.0,1.0,1.0,1.0
OraclePerfect_B10,JILONG_EI_0149,570,790.111328125,0.5635654627774853,1.0,1.0,1.0,1.0,1.0
OraclePerfect_B10,JILONG_EI_0149,580,788.4036865234375,0.5597904572376217,1.0,1.0,1.0,1.0,1.0
OraclePerfect_B10,JILONG_EI_0149,590,787.7420654296875,0.5562691002199514,1.0,1.0,1.0,1.0,1.0
OraclePerfect_B10,JILONG_EI_0149,600,788.64892578125,0.552546211107209,1.0,1.0,1.0,1.0,1.0
OraclePerfect_B10,JILONG_EI_0149,610,785.6356201171875,0.5535192962785108,1.0,1.0,1.0,1.0,1.0
OraclePerfect_B10,JILONG_EI_0149,620,781.810546875,0.5609153777545859,1.0,1.0,1.0,1.0,1.0
OraclePerfect_B10,JILONG_EI_0149,630,782.4484252929688,0.565223320869384,1.0,1.0,1.0,1.0,1.0
OraclePerfect_B10,JILONG_EI_0149,640,783.81640625,0.5668881730921556,1.0,1.0,1.0,1.0,1.0
OraclePerfect_B10,JILONG_EI_0149,650,786.9421997070312,0.5685219775933612,1.0,1.0,1.0,1.0,1.0
OraclePerfect_B10,JILONG_EI_0149,660,789.6085205078125,0.5717589184427547,1.0,1.0,1.0,1.0,1.0
OraclePerfect_B10,JILONG_EI_0149,670,791.1845092773438,0.5737268429233662,1.0,1.0,1.0,1.0,1.0
OraclePerfect_B10,JILONG_EI_0149,680,795.27490234375,0.5762927348266332,1.0,1.0,1.0,1.0,1.0
OraclePerfect_B10,JILONG_EI_0149,690,796.344482421875,0.579826446476845,1.0,1.0,1.0,1.0,1.0
OraclePerfect_B10,JILONG_EI_0149,700,797.2318725585938,0.5830968229519484,1.0,1.0,1.0,1.0,1.0
OraclePerfect_B10,JILONG_EI_0149,710,799.2952880859375,0.583307119978298,1.0,1.0,1.0,1.0,1.0
OraclePerfect_B10,JILONG_EI_0149,720,804.4061889648438,0.5841968808694286,1.0,1.0,1.0,1.0,1.0
OraclePerfect_B10,JILONG_EI_0149,730,810.529052734375,0.5843050340077912,1.0,1.0,1.0,1.0,1.0
OraclePerfect_B10,JILONG_EI_0149,740,815.38720703125,0.5825388510198941,1.0,1.0,1.0,1.0,1.0
OraclePerfect_B10,JILONG_EI_0149,750,822.04638671875,0.5818490162791667,1.0,1.0,1.0,1.0,1.0
OraclePerfect_B10,JILONG_EI_0149,760,827.9830322265625,0.5798213717132842,1.0,1.0,1.0,1.0,1.0
OraclePerfect_B10,JILONG_EI_0149,770,833.898681640625,0.5791978322978805,1.0,1.0,1.0,1.0,1.0
OraclePerfect_B10,JILONG_EI_0149,780,838.8844604492188,0.5776408133227796,1.0,1.0,1.0,1.0,1.0
OraclePerfect_B10,JILONG_EI_0149,790,844.1275634765625,0.5777468678512042,1.0,1.0,1.0,1.0,1.0
OraclePerfect_B10,JILONG_EI_0149,800,849.19287109375,0.5768990278780439,1.0,1.0,1.0,1.0,1.0
OraclePerfect_B10,JILONG_EI_0149,810,852.8906860351562,0.5760569233753803,1.0,1.0,1.0,1.0,1.0
OraclePerfect_B10,JILONG_EI_0149,820,858.8049926757812,0.5753087835859834,1.0,1.0,1.0,1.0,1.0
OraclePerfect_B10,JILONG_EI_0149,830,863.6237182617188,0.5757477414292737,1.0,1.0,1.0,1.0,1.0
OraclePerfect_B10,JILONG_EI_0149,840,868.1525268554688,0.5736911232908687,1.0,1.0,1.0,1.0,1.0
OraclePerfect_B10,JILONG_EI_0149,850,871.3338012695312,0.573213279136947,1.0,1.0,1.0,1.0,1.0
OraclePerfect_B10,JILONG_EI_0149,860,873.4576416015625,0.5723731126539254,1.0,1.0,1.0,1.0,1.0
OraclePerfect_B10,JILONG_EI_0149,870,878.161376953125,0.5708650375083174,1.0,1.0,1.0,1.0,1.0
OraclePerfect_B10,JILONG_EI_0149,880,882.7464599609375,0.5697017024425233,1.0,1.0,1.0,1.0,1.0
OraclePerfect_B10,JILONG_EI_0149,890,885.3294677734375,0.5666332109791503,1.0,1.0,1.0,1.0,1.0
OraclePerfect_B10,JILONG_EI_0149,900,889.505126953125,0.5649761013436068,1.0,1.0,1.0,1.0,1.0
OraclePerfect_B10,JILONG_EI_0149,910,893.2265014648438,0.562603158173344,1.0,1.0,1.0,1.0,1.0
OraclePerfect_B10,JILONG_EI_0149,920,897.76220703125,0.5608472198299828,1.0,1.0,1.0,1.0,1.0
OraclePerfect_B10,JILONG_EI_0149,930,900.023193359375,0.5581145377094548,1.0,1.0,1.0,1.0,1.0
OraclePerfect_B10,JILONG_EI_0149,940,902.5465087890625,0.5559898993562414,1.0,1.0,1.0,1.0,1.0
OraclePerfect_B10,JILONG_EI_0149,950,907.8125,0.5531613533793657,1.0,1.0,1.0,1.0,1.0
OraclePerfect_B10,JILONG_EI_0149,960,914.81494140625,0.5488682145153283,1.0,1.0,1.0,1.0,1.0
OraclePerfect_B10,JILONG_EI_0149,970,917.0490112304688,0.5456559283783182,1.0,1.0,1.0,1.0,1.0
OraclePerfect_B10,JILONG_EI_0149,980,918.2929077148438,0.541473833874166,1.0,1.0,1.0,1.0,1.0
OraclePerfect_B10,JILONG_EI_0149,990,923.9444580078125,0.537933699524084,1.0,1.0,1.0,1.0,1.0
OraclePerfect_B10,JILONG_EI_0149,1000,929.819091796875,0.5321810566678677,1.0,1.0,1.0,1.0,1.0
OraclePerfect_B10,JILONG_EI_0149,1010,930.79248046875,0.5270857093412906,1.0,1.0,1.0,1.0,1.0
OraclePerfect_B10,JILONG_EI_0149,1020,934.0238647460938,0.5219437922620099,1.0,1.0,1.0,1.0,1.0
OraclePerfect_B10,JILONG_EI_0149,1030,938.8524780273438,0.5184143239935578,1.0,1.0,1.0,1.0,1.0
OraclePerfect_B10,JILONG_EI_0149,1040,939.2305908203125,0.5121287427326753,1.0,1.0,1.0,1.0,1.0
OraclePerfect_B10,JILONG_EI_0149,1050,943.3812255859375,0.5086722403838306,1.0,1.0,1.0,1.0,1.0
OraclePerfect_B10,JILONG_EI_0149,1060,948.31494140625,0.5060719940159494,1.0,1.0,1.0,1.0,1.0
OraclePerfect_B10,JILONG_EI_0149,1070,950.8009033203125,0.5028439123307723,1.0,1.0,1.0,1.0,1.0
OraclePerfect_B10,JILONG_EI_0149,1080,953.299072265625,0.4989106558715861,1.0,1.0,1.0,1.0,1.0
OraclePerfect_B10,JILONG_EI_0149,1090,955.8130493164062,0.4941901232008577,1.0,1.0,1.0,1.0,1.0
OraclePerfect_B10,JILONG_EI_0149,1100,959.75341796875,0.490787858059941,1.0,1.0,1.0,1.0,1.0
OraclePerfect_B10,JILONG_EI_0149,1110,964.54248046875,0.48716308311463113,1.0,1.0,1.0,1.0,1.0
OraclePerfect_B10,JILONG_EI_0149,1120,968.86328125,0.4841267429620562,1.0,1.0,1.0,1.0,1.0
OraclePerfect_B10,JILONG_EI_0149,1130,973.5900268554688,0.48207160762338475,1.0,1.0,1.0,1.0,1.0
OraclePerfect_B10,JILONG_EI_0149,1140,975.6884765625,0.47755521743120993,1.0,1.0,1.0,1.0,1.0
OraclePerfect_B10,JILONG_EI_0149,1150,977.662109375,0.4737110037747651,1.0,1.0,1.0,1.0,1.0
OraclePerfect_B10,JILONG_EI_0149,1160,977.58740234375,0.4692413353233361,1.0,1.0,1.0,1.0,1.0
OraclePerfect_B10,JILONG_EI_0149,1170,982.0454711914062,0.46827878996536754,1.0,1.0,1.0,1.0,1.0
OraclePerfect_B10,JILONG_EI_0149,1180,984.9520263671875,0.4652716941417051,1.0,1.0,1.0,1.0,1.0
OraclePerfect_B10,JILONG_EI_0149,1190,991.078857421875,0.46432339113727256,1.0,1.0,1.0,1.0,1.0
OraclePerfect_B10,JILONG_EI_0149,1200,990.0546875,0.45762416408388346,1.0,1.0,1.0,1.0,1.0
OraclePerfect_B10,JILONG_EI_0149,1210,982.3934326171875,0.44603641301151353,1.0,1.0,1.0,1.0,1.0
OraclePerfect_B10,JILONG_EI_0149,1220,985.9569091796875,0.4433547311392764,1.0,1.0,1.0,1.0,1.0
OraclePerfect_B10,JILONG_EI_0149,1230,990.4509887695312,0.4418000575927959,1.0,1.0,1.0,1.0,1.0
OraclePerfect_B10,JILONG_EI_0149,1240,990.6561279296875,0.43629313470112846,1.0,1.0,1.0,1.0,1.0
OraclePerfect_B10,JILONG_EI_0149,1250,990.33837890625,0.43108171740122414,1.0,1.0,1.0,1.0,1.0
OraclePerfect_B10,JILONG_EI_0149,1260,991.6851196289062,0.4290879627795565,1.0,1.0,1.0,1.0,1.0
OraclePerfect_B10,JILONG_EI_0149,1270,994.650146484375,0.4279539935401689,1.0,1.0,1.0,1.0,1.0
OraclePerfect_B10,JILONG_EI_0149,1280,998.2321166992188,0.42658119943962336,1.0,1.0,1.0,1.0,1.0
OraclePerfect_B10,JILONG_EI_0149,1290,1000.079833984375,0.425653568685435,1.0,1.0,1.0,1.0,1.0
OraclePerfect_B10,JILONG_EI_0149,1300,1000.9406127929688,0.42230609316095763,1.0,1.0,1.0,1.0,1.0
OraclePerfect_B10,JILONG_EI_0149,1310,1000.7318725585938,0.4189523440646109,1.0,1.0,1.0,1.0,1.0
OraclePerfect_B10,JILONG_EI_0149,1320,1004.4608154296875,0.41709610998318425,1.0,1.0,1.0,1.0,1.0
OraclePerfect_B10,JILONG_EI_0149,1330,1007.6039428710938,0.4172255669184275,1.0,1.0,1.0,1.0,1.0
OraclePerfect_B10,JILONG_EI_0149,1340,1009.3529052734375,0.41782971732137875,1.0,1.0,1.0,1.0,1.0
OraclePerfect_B10,JILONG_EI_0149,1350,1011.6014404296875,0.4183871443990603,1.0,1.0,1.0,1.0,1.0
OraclePerfect_B10,JILONG_EI_0149,1360,1013.677490234375,0.4170758547922398,1.0,1.0,1.0,1.0,1.0
OraclePerfect_B10,JILONG_EI_0149,1370,1016.9949951171875,0.41578700135276825,1.0,1.0,1.0,1.0,1.0
OraclePerfect_B10,JILONG_EI_0149,1380,1020.8724975585938,0.4148246810317772,1.0,1.0,1.0,1.0,1.0
OraclePerfect_B10,JILONG_EI_0149,1390,1022.5337524414062,0.411678915381454,1.0,1.0,1.0,1.0,1.0
OraclePerfect_B10,JILONG_EI_0149,1400,1026.008056640625,0.4093093941455218,1.0,1.0,1.0,1.0,1.0
OraclePerfect_B10,JILONG_EI_0149,1410,1031.268310546875,0.40854797816530486,1.0,1.0,1.0,1.0,1.0
OraclePerfect_B10,JILONG_EI_0149,1420,1030.782470703125,0.4067108402263005,1.0,1.0,1.0,1.0,1.0
OraclePerfect_B10,JILONG_EI_0149,1430,1033.0888671875,0.40569758303845543,1.0,1.0,1.0,1.0,1.0
OraclePerfect_B10,JILONG_EI_0149,1440,1035.290771484375,0.40405017810912564,1.0,1.0,1.0,1.0,1.0
OraclePerfect_B10,JILONG_EI_0159,10,20.278608322143555,0.9951625986344287,1.0,1.0,1.0,1.0,1.0
OraclePerfect_B10,JILONG_EI_0159,20,43.79536437988281,0.9972229045564838,1.0,1.0,1.0,1.0,1.0
OraclePerfect_B10,JILONG_EI_0159,30,92.54151153564453,0.9983546665366358,1.0,1.0,1.0,1.0,1.0
OraclePerfect_B10,JILONG_EI_0159,40,173.63070678710938,0.9986521972323485,1.0,1.0,1.0,1.0,1.0
OraclePerfect_B10,JILONG_EI_0159,50,228.6826171875,0.9194829589223,1.0,1.0,1.0,1.0,1.0
OraclePerfect_B10,JILONG_EI_0159,60,254.190185546875,0.8752442421861278,1.0,1.0,1.0,1.0,1.0
OraclePerfect_B10,JILONG_EI_0159,70,299.7855224609375,0.8690976150061752,1.0,1.0,1.0,1.0,1.0
OraclePerfect_B10,JILONG_EI_0159,80,358.84326171875,0.7713073394761083,1.0,1.0,1.0,1.0,1.0
OraclePerfect_B10,JILONG_EI_0159,90,423.16497802734375,0.6665720553892175,1.0,1.0,1.0,1.0,1.0
OraclePerfect_B10,JILONG_EI_0159,100,464.53338623046875,0.6928986301986221,1.0,1.0,1.0,1.0,1.0
OraclePerfect_B10,JILONG_EI_0159,110,462.9145202636719,0.6843002213698427,1.0,1.0,1.0,1.0,1.0
OraclePerfect_B10,JILONG_EI_0159,120,477.0816650390625,0.7083878362377296,1.0,1.0,1.0,1.0,1.0
OraclePerfect_B10,JILONG_EI_0159,130,500.91949462890625,0.7143107330761509,1.0,1.0,1.0,1.0,1.0
OraclePerfect_B10,JILONG_EI_0159,140,464.76104736328125,0.7211898596538349,1.0,1.0,1.0,1.0,1.0
OraclePerfect_B10,JILONG_EI_0159,150,459.1813659667969,0.7241140567903384,1.0,1.0,1.0,1.0,1.0
OraclePerfect_B10,JILONG_EI_0159,160,411.6004333496094,0.7227999075285182,1.0,1.0,1.0,1.0,1.0
OraclePerfect_B10,JILONG_EI_0159,170,413.2308349609375,0.7264686212002449,1.0,1.0,1.0,1.0,1.0
OraclePerfect_B10,JILONG_EI_0159,180,398.3872985839844,0.7318331857475743,1.0,1.0,1.0,1.0,1.0
OraclePerfect_B10,JILONG_EI_0159,190,390.2369079589844,0.7389404766183046,1.0,1.0,1.0,1.0,1.0
OraclePerfect_B10,JILONG_EI_0159,200,388.5946044921875,0.771760116741247,1.0,1.0,1.0,1.0,1.0
OraclePerfect_B10,JILONG_EI_0159,210,412.279296875,0.7934204876069867,1.0,1.0,1.0,1.0,1.0
OraclePerfect_B10,JILONG_EI_0159,220,464.1108093261719,0.8191025035183207,1.0,1.0,1.0,1.0,1.0
OraclePerfect_B10,JILONG_EI_0159,230,494.23077392578125,0.8312040626269267,1.0,1.0,1.0,1.0,1.0
OraclePerfect_B10,JILONG_EI_0159,240,555.3529663085938,0.8451223678213693,1.0,1.0,1.0,1.0,1.0
OraclePerfect_B10,JILONG_EI_0159,250,610.2817993164062,0.8130403421290899,1.0,1.0,1.0,1.0,1.0
OraclePerfect_B10,JILONG_EI_0159,260,659.1708984375,0.7663980201602854,1.0,1.0,1.0,1.0,1.0
OraclePerfect_B10,JILONG_EI_0159,270,690.9556884765625,0.731649737691695,1.0,1.0,1.0,1.0,1.0
OraclePerfect_B10,JILONG_EI_0159,280,704.40869140625,0.7372916169500192,1.0,1.0,1.0,1.0,1.0
OraclePerfect_B10,JILONG_EI_0159,290,719.132080078125,0.7399604959188276,1.0,1.0,1.0,1.0,1.0
OraclePerfect_B10,JILONG_EI_0159,300,723.9097900390625,0.7343860291706085,1.0,1.0,1.0,1.0,1.0
OraclePerfect_B10,JILONG_EI_0159,310,729.1522216796875,0.7197168011199047,1.0,1.0,1.0,1.0,1.0
OraclePerfect_B10,JILONG_EI_0159,320,736.5447998046875,0.6906141870377099,1.0,1.0,1.0,1.0,1.0
OraclePerfect_B10,JILONG_EI_0159,330,737.744873046875,0.655851627956489,1.0,1.0,1.0,1.0,1.0
OraclePerfect_B10,JILONG_EI_0159,340,738.304443359375,0.6681500133352203,1.0,1.0,1.0,1.0,1.0
OraclePerfect_B10,JILONG_EI_0159,350,738.2169189453125,0.6863647511680655,1.0,1.0,1.0,1.0,1.0
OraclePerfect_B10,JILONG_EI_0159,360,737.9635009765625,0.7029881172661137,1.0,1.0,1.0,1.0,1.0
OraclePerfect_B10,JILONG_EI_0159,370,742.8512573242188,0.699830887926159,1.0,1.0,1.0,1.0,1.0
OraclePerfect_B10,JILONG_EI_0159,380,747.4821166992188,0.6772139774912422,1.0,1.0,1.0,1.0,1.0
OraclePerfect_B10,JILONG_EI_0159,390,751.3096923828125,0.6488909309136695,1.0,1.0,1.0,1.0,1.0
OraclePerfect_B10,JILONG_EI_0159,400,758.474609375,0.6177455358314531,1.0,1.0,1.0,1.0,1.0
OraclePerfect_B10,JILONG_EI_0159,410,759.5201416015625,0.5920127361490551,1.0,1.0,1.0,1.0,1.0
OraclePerfect_B10,JILONG_EI_0159,420,760.9993896484375,0.5690733471710798,1.0,1.0,1.0,1.0,1.0
OraclePerfect_B10,JILONG_EI_0159,430,761.3995361328125,0.5731392054395488,1.0,1.0,1.0,1.0,1.0
OraclePerfect_B10,JILONG_EI_0159,440,756.217041015625,0.5712228995615108,1.0,1.0,1.0,1.0,1.0
OraclePerfect_B10,JILONG_EI_0159,450,751.7628173828125,0.5639878408380452,1.0,1.0,1.0,1.0,1.0
OraclePerfect_B10,JILONG_EI_0159,460,750.7009887695312,0.5553722879597327,1.0,1.0,1.0,1.0,1.0
OraclePerfect_B10,JILONG_EI_0159,470,744.2052001953125,0.559416161158111,1.0,1.0,1.0,1.0,1.0
OraclePerfect_B10,JILONG_EI_0159,480,734.7184448242188,0.5631625434370621,1.0,1.0,1.0,1.0,1.0
OraclePerfect_B10,JILONG_EI_0159,490,724.15087890625,0.5685087274523838,1.0,1.0,1.0,1.0,1.0
OraclePerfect_B10,JILONG_EI_0159,500,721.8653564453125,0.5711067717049331,1.0,1.0,1.0,1.0,1.0
OraclePerfect_B10,JILONG_EI_0159,510,720.062255859375,0.5727386081085677,1.0,1.0,1.0,1.0,1.0
OraclePerfect_B10,JILONG_EI_0159,520,718.3206176757812,0.5744318908389675,1.0,1.0,1.0,1.0,1.0
OraclePerfect_B10,JILONG_EI_0159,530,717.896240234375,0.5745865645340543,1.0,1.0,1.0,1.0,1.0
OraclePerfect_B10,JILONG_EI_0159,540,717.855712890625,0.575461244497688,1.0,1.0,1.0,1.0,1.0
OraclePerfect_B10,JILONG_EI_0159,550,717.0422973632812,0.5756270992764911,1.0,1.0,1.0,1.0,1.0
OraclePerfect_B10,JILONG_EI_0159,560,713.058349609375,0.5761989732734338,1.0,1.0,1.0,1.0,1.0
OraclePerfect_B10,JILONG_EI_0159,570,712.1166381835938,0.5731426161986407,1.0,1.0,1.0,1.0,1.0
OraclePerfect_B10,JILONG_EI_0159,580,711.560791015625,0.570193727270026,1.0,1.0,1.0,1.0,1.0
OraclePerfect_B10,JILONG_EI_0159,590,711.9838256835938,0.5661450539953079,1.0,1.0,1.0,1.0,1.0
OraclePerfect_B10,JILONG_EI_0159,600,709.960693359375,0.5617656730486879,1.0,1.0,1.0,1.0,1.0
OraclePerfect_B10,JILONG_EI_0159,610,711.2962646484375,0.5577321834892397,1.0,1.0,1.0,1.0,1.0
OraclePerfect_B10,JILONG_EI_0159,620,711.7250366210938,0.5549613760570948,1.0,1.0,1.0,1.0,1.0
OraclePerfect_B10,JILONG_EI_0159,630,709.110107421875,0.5533219120771606,1.0,1.0,1.0,1.0,1.0
OraclePerfect_B10,JILONG_EI_0159,640,708.21923828125,0.5545634854244305,1.0,1.0,1.0,1.0,1.0
OraclePerfect_B10,JILONG_EI_0159,650,706.9309692382812,0.5547286727883076,1.0,1.0,1.0,1.0,1.0
OraclePerfect_B10,JILONG_EI_0159,660,703.9852294921875,0.5535156469505846,1.0,1.0,1.0,1.0,1.0
OraclePerfect_B10,JILONG_EI_0159,670,701.93798828125,0.5528756587139345,1.0,1.0,1.0,1.0,1.0
OraclePerfect_B10,JILONG_EI_0159,680,702.7777099609375,0.5519089128285194,1.0,1.0,1.0,1.0,1.0
OraclePerfect_B10,JILONG_EI_0159,690,702.3694458007812,0.5514851521228011,1.0,1.0,1.0,1.0,1.0
OraclePerfect_B10,JILONG_EI_0159,700,704.3231201171875,0.5505776446064159,1.0,1.0,1.0,1.0,1.0
OraclePerfect_B10,JILONG_EI_0159,710,705.5146484375,0.5513899753169723,1.0,1.0,1.0,1.0,1.0
OraclePerfect_B10,JILONG_EI_0159,720,708.7718505859375,0.5527093816762846,1.0,1.0,1.0,1.0,1.0
OraclePerfect_B10,JILONG_EI_0159,730,711.0160522460938,0.5559864944090323,1.0,1.0,1.0,1.0,1.0
OraclePerfect_B10,JILONG_EI_0159,740,713.2067260742188,0.5582295028054595,1.0,1.0,1.0,1.0,1.0
OraclePerfect_B10,JILONG_EI_0159,750,713.8450927734375,0.5576774499533182,1.0,1.0,1.0,1.0,1.0
OraclePerfect_B10,JILONG_EI_0159,760,715.6610107421875,0.5571653413993426,1.0,1.0,1.0,1.0,1.0
OraclePerfect_B10,JILONG_EI_0159,770,718.8883666992188,0.5572059437472067,1.0,1.0,1.0,1.0,1.0
OraclePerfect_B10,JILONG_EI_0159,780,720.6838989257812,0.5569154120721039,1.0,1.0,1.0,1.0,1.0
OraclePerfect_B10,JILONG_EI_0159,790,724.1016845703125,0.557101899210313,1.0,1.0,1.0,1.0,1.0
OraclePerfect_B10,JILONG_EI_0159,800,728.80078125,0.5568152023488888,1.0,1.0,1.0,1.0,1.0
OraclePerfect_B10,JILONG_EI_0159,810,732.4246826171875,0.5556205686770647,1.0,1.0,1.0,1.0,1.0
OraclePerfect_B10,JILONG_EI_0159,820,734.8133544921875,0.5553149911984471,1.0,1.0,1.0,1.0,1.0
OraclePerfect_B10,JILONG_EI_0159,830,737.500732421875,0.5560163324128976,1.0,1.0,1.0,1.0,1.0
OraclePerfect_B10,JILONG_EI_0159,840,739.4132080078125,0.5571071699699898,1.0,1.0,1.0,1.0,1.0
OraclePerfect_B10,JILONG_EI_0159,850,741.0432739257812,0.5579991472144743,1.0,1.0,1.0,1.0,1.0
OraclePerfect_B10,JILONG_EI_0159,860,744.0348510742188,0.5575644770784789,1.0,1.0,1.0,1.0,1.0
OraclePerfect_B10,JILONG_EI_0159,870,746.8807983398438,0.5575108665840272,1.0,1.0,1.0,1.0,1.0
OraclePerfect_B10,JILONG_EI_0159,880,748.3267211914062,0.5562228836348554,1.0,1.0,1.0,1.0,1.0
OraclePerfect_B10,JILONG_EI_0159,890,751.5991821289062,0.5543781895776887,1.0,1.0,1.0,1.0,1.0
OraclePerfect_B10,JILONG_EI_0159,900,753.9730224609375,0.5526726997055439,1.0,1.0,1.0,1.0,1.0
OraclePerfect_B10,JILONG_EI_0159,910,757.8316650390625,0.5498889230078021,1.0,1.0,1.0,1.0,1.0
OraclePerfect_B10,JILONG_EI_0159,920,761.5850830078125,0.5470801568192252,1.0,1.0,1.0,1.0,1.0
OraclePerfect_B10,JILONG_EI_0159,930,764.7845458984375,0.5442136295007518,1.0,1.0,1.0,1.0,1.0
OraclePerfect_B10,JILONG_EI_0159,940,769.238525390625,0.5412935658562668,1.0,1.0,1.0,1.0,1.0
OraclePerfect_B10,JILONG_EI_0159,950,773.0435791015625,0.5379895171495986,1.0,1.0,1.0,1.0,1.0
OraclePerfect_B10,JILONG_EI_0159,960,776.900634765625,0.5346357570843673,1.0,1.0,1.0,1.0,1.0
OraclePerfect_B10,JILONG_EI_0159,970,781.1473999023438,0.531802147344183,1.0,1.0,1.0,1.0,1.0
OraclePerfect_B10,JILONG_EI_0159,980,785.115478515625,0.5299997292048149,1.0,1.0,1.0,1.0,1.0
OraclePerfect_B10,JILONG_EI_0159,990,789.137451171875,0.5284200811855173,1.0,1.0,1.0,1.0,1.0
OraclePerfect_B10,JILONG_EI_0159,1000,791.5074462890625,0.5250266347235591,1.0,1.0,1.0,1.0,1.0
OraclePerfect_B10,JILONG_EI_0159,1010,793.5885009765625,0.5215334775938936,1.0,1.0,1.0,1.0,1.0
OraclePerfect_B10,JILONG_EI_0159,1020,798.2359008789062,0.5190881556020617,1.0,1.0,1.0,1.0,1.0
OraclePerfect_B10,JILONG_EI_0159,1030,801.1688842773438,0.5168568267747153,1.0,1.0,1.0,1.0,1.0
OraclePerfect_B10,JILONG_EI_0159,1040,803.4017333984375,0.5133009884444368,1.0,1.0,1.0,1.0,1.0
OraclePerfect_B10,JILONG_EI_0159,1050,806.0804443359375,0.5107280014374965,1.0,1.0,1.0,1.0,1.0
OraclePerfect_B10,JILONG_EI_0159,1060,809.260009765625,0.5092359312580902,1.0,1.0,1.0,1.0,1.0
OraclePerfect_B10,JILONG_EI_0159,1070,812.8311767578125,0.5080366757554442,1.0,1.0,1.0,1.0,1.0
OraclePerfect_B10,JILONG_EI_0159,1080,814.634765625,0.5054494596617641,1.0,1.0,1.0,1.0,1.0
OraclePerfect_B10,JILONG_EI_0159,1090,817.251953125,0.504426614224706,1.0,1.0,1.0,1.0,1.0
OraclePerfect_B10,JILONG_EI_0159,1100,819.68798828125,0.5018844369127649,1.0,1.0,1.0,1.0,1.0
OraclePerfect_B10,JILONG_EI_0159,1110,822.5413818359375,0.49923556548664555,1.0,1.0,1.0,1.0,1.0
OraclePerfect_B10,JILONG_EI_0159,1120,826.8170166015625,0.4972976727638221,1.0,1.0,1.0,1.0,1.0
OraclePerfect_B10,JILONG_EI_0159,1130,831.1771240234375,0.49488967406634066,1.0,1.0,1.0,1.0,1.0
OraclePerfect_B10,JILONG_EI_0159,1140,835.119384765625,0.4923914074948275,1.0,1.0,1.0,1.0,1.0
OraclePerfect_B10,JILONG_EI_0159,1150,838.257568359375,0.48971855005547177,1.0,1.0,1.0,1.0,1.0
OraclePerfect_B10,JILONG_EI_0159,1160,841.728271484375,0.4880755090458828,1.0,1.0,1.0,1.0,1.0
OraclePerfect_B10,JILONG_EI_0159,1170,845.960205078125,0.48759892616170386,1.0,1.0,1.0,1.0,1.0
OraclePerfect_B10,JILONG_EI_0159,1180,848.4495849609375,0.4858830129410949,1.0,1.0,1.0,1.0,1.0
OraclePerfect_B10,JILONG_EI_0159,1190,852.1970825195312,0.4856621188086248,1.0,1.0,1.0,1.0,1.0
OraclePerfect_B10,JILONG_EI_0159,1200,855.5692749023438,0.4853862045205819,1.0,1.0,1.0,1.0,1.0
OraclePerfect_B10,JILONG_EI_0159,1210,858.2586669921875,0.48506038744703034,1.0,1.0,1.0,1.0,1.0
OraclePerfect_B10,JILONG_EI_0159,1220,861.3021240234375,0.48467919834556017,1.0,1.0,1.0,1.0,1.0
OraclePerfect_B10,JILONG_EI_0159,1230,863.43017578125,0.4838571135934339,1.0,1.0,1.0,1.0,1.0
OraclePerfect_B10,JILONG_EI_0159,1240,865.5689697265625,0.4825438502724331,1.0,1.0,1.0,1.0,1.0
OraclePerfect_B10,JILONG_EI_0159,1250,867.423583984375,0.48209353378624015,1.0,1.0,1.0,1.0,1.0
OraclePerfect_B10,JILONG_EI_0159,1260,868.6434326171875,0.4805681159055517,1.0,1.0,1.0,1.0,1.0
OraclePerfect_B10,JILONG_EI_0159,1270,869.1390380859375,0.4799440440273271,1.0,1.0,1.0,1.0,1.0
OraclePerfect_B10,JILONG_EI_0159,1280,870.530517578125,0.4794918726893525,1.0,1.0,1.0,1.0,1.0
OraclePerfect_B10,JILONG_EI_0159,1290,870.8375244140625,0.4766390700374142,1.0,1.0,1.0,1.0,1.0
OraclePerfect_B10,JILONG_EI_0159,1300,873.2431030273438,0.47589312073063267,1.0,1.0,1.0,1.0,1.0
OraclePerfect_B10,JILONG_EI_0159,1310,872.7989501953125,0.4722284069255119,1.0,1.0,1.0,1.0,1.0
OraclePerfect_B10,JILONG_EI_0159,1320,875.4364013671875,0.4708891203690097,1.0,1.0,1.0,1.0,1.0
OraclePerfect_B10,JILONG_EI_0159,1330,878.0179443359375,0.4691881186663143,1.0,1.0,1.0,1.0,1.0
OraclePerfect_B10,JILONG_EI_0159,1340,878.627685546875,0.4661540224516531,1.0,1.0,1.0,1.0,1.0
OraclePerfect_B10,JILONG_EI_0159,1350,879.75634765625,0.4636968777961932,1.0,1.0,1.0,1.0,1.0
OraclePerfect_B10,JILONG_EI_0159,1360,880.7738037109375,0.4604137423077727,1.0,1.0,1.0,1.0,1.0
OraclePerfect_B10,JILONG_EI_0159,1370,882.9495849609375,0.45784697068980396,1.0,1.0,1.0,1.0,1.0
OraclePerfect_B10,JILONG_EI_0159,1380,885.929443359375,0.4557397112806366,1.0,1.0,1.0,1.0,1.0
OraclePerfect_B10,JILONG_EI_0159,1390,889.3204956054688,0.4527343994503553,1.0,1.0,1.0,1.0,1.0
OraclePerfect_B10,JILONG_EI_0159,1400,890.0185546875,0.44771602074698,1.0,1.0,1.0,1.0,1.0
OraclePerfect_B10,JILONG_EI_0159,1410,891.1268310546875,0.4430976645485742,1.0,1.0,1.0,1.0,1.0
OraclePerfect_B10,JILONG_EI_0159,1420,893.211181640625,0.4393571770240618,1.0,1.0,1.0,1.0,1.0
OraclePerfect_B10,JILONG_EI_0159,1430,893.783935546875,0.4355463577985334,1.0,1.0,1.0,1.0,1.0
OraclePerfect_B10,JILONG_EI_0159,1440,893.6187744140625,0.4295794167744762,1.0,1.0,1.0,1.0,1.0
OraclePerfect_B10,JILONG_EI_0169,10,23.765657424926758,0.9945939224252992,1.0,1.0,1.0,1.0,1.0
OraclePerfect_B10,JILONG_EI_0169,20,48.08246612548828,0.99706509734797,1.0,1.0,1.0,1.0,1.0
OraclePerfect_B10,JILONG_EI_0169,30,110.02085876464844,0.9981653810072959,1.0,1.0,1.0,1.0,1.0
OraclePerfect_B10,JILONG_EI_0169,40,203.53421020507812,0.9953577266073659,1.0,1.0,1.0,1.0,1.0
OraclePerfect_B10,JILONG_EI_0169,50,260.3391418457031,0.9169601104034117,1.0,1.0,1.0,1.0,1.0
OraclePerfect_B10,JILONG_EI_0169,60,296.1326904296875,0.8870610178626991,1.0,1.0,1.0,1.0,1.0
OraclePerfect_B10,JILONG_EI_0169,70,354.8973388671875,0.8612315769230142,1.0,1.0,1.0,1.0,1.0
OraclePerfect_B10,JILONG_EI_0169,80,449.9423828125,0.7836135777852916,1.0,1.0,1.0,1.0,1.0
OraclePerfect_B10,JILONG_EI_0169,90,500.5247497558594,0.6734722293687431,1.0,1.0,1.0,1.0,1.0
OraclePerfect_B10,JILONG_EI_0169,100,548.0382080078125,0.6792360842503389,1.0,1.0,1.0,1.0,1.0
OraclePerfect_B10,JILONG_EI_0169,110,561.0838623046875,0.6604340293874768,1.0,1.0,1.0,1.0,1.0
OraclePerfect_B10,JILONG_EI_0169,120,590.60205078125,0.6734044961444985,1.0,1.0,1.0,1.0,1.0
OraclePerfect_B10,JILONG_EI_0169,130,640.330322265625,0.6786959114925913,1.0,1.0,1.0,1.0,1.0
OraclePerfect_B10,JILONG_EI_0169,140,622.908203125,0.6933904306196809,1.0,1.0,1.0,1.0,1.0
OraclePerfect_B10,JILONG_EI_0169,150,568.1744995117188,0.6972154689232615,1.0,1.0,1.0,1.0,1.0
OraclePerfect_B10,JILONG_EI_0169,160,513.3853759765625,0.693356748220079,1.0,1.0,1.0,1.0,1.0
OraclePerfect_B10,JILONG_EI_0169,170,497.8677978515625,0.6873099991155945,1.0,1.0,1.0,1.0,1.0
OraclePerfect_B10,JILONG_EI_0169,180,478.73388671875,0.6899218294986593,1.0,1.0,1.0,1.0,1.0
OraclePerfect_B10,JILONG_EI_0169,190,468.785888671875,0.6925262904114959,1.0,1.0,1.0,1.0,1.0
OraclePerfect_B10,JILONG_EI_0169,200,463.37347412109375,0.7285572198619997,1.0,1.0,1.0,1.0,1.0
OraclePerfect_B10,JILONG_EI_0169,210,504.6412353515625,0.7566238895418488,1.0,1.0,1.0,1.0,1.0
OraclePerfect_B10,JILONG_EI_0169,220,553.205322265625,0.7883061359261743,1.0,1.0,1.0,1.0,1.0
OraclePerfect_B10,JILONG_EI_0169,230,590.0831909179688,0.8031741956749976,1.0,1.0,1.0,1.0,1.0
OraclePerfect_B10,JILONG_EI_0169,240,650.7095947265625,0.8204231994312032,1.0,1.0,1.0,1.0,1.0
OraclePerfect_B10,JILONG_EI_0169,250,714.3511962890625,0.7967373415643341,1.0,1.0,1.0,1.0,1.0
OraclePerfect_B10,JILONG_EI_0169,260,777.99609375,0.755843737764377,1.0,1.0,1.0,1.0,1.0
OraclePerfect_B10,JILONG_EI_0169,270,820.0908813476562,0.7329414968313551,1.0,1.0,1.0,1.0,1.0
OraclePerfect_B10,JILONG_EI_0169,280,840.3009033203125,0.7412748885493596,1.0,1.0,1.0,1.0,1.0
OraclePerfect_B10,JILONG_EI_0169,290,849.92529296875,0.744314032269196,1.0,1.0,1.0,1.0,1.0
OraclePerfect_B10,JILONG_EI_0169,300,864.6212768554688,0.743802905391055,1.0,1.0,1.0,1.0,1.0
OraclePerfect_B10,JILONG_EI_0169,310,880.415771484375,0.7303161908400538,1.0,1.0,1.0,1.0,1.0
OraclePerfect_B10,JILONG_EI_0169,320,898.7557983398438,0.6997988885939141,1.0,1.0,1.0,1.0,1.0
OraclePerfect_B10,JILONG_EI_0169,330,906.063720703125,0.6690178649022844,1.0,1.0,1.0,1.0,1.0
OraclePerfect_B10,JILONG_EI_0169,340,910.2822265625,0.6542067792401733,1.0,1.0,1.0,1.0,1.0
OraclePerfect_B10,JILONG_EI_0169,350,914.9918212890625,0.6749576033751556,1.0,1.0,1.0,1.0,1.0
OraclePerfect_B10,JILONG_EI_0169,360,923.979248046875,0.6891565962434516,1.0,1.0,1.0,1.0,1.0
OraclePerfect_B10,JILONG_EI_0169,370,927.8663330078125,0.6894206972963473,1.0,1.0,1.0,1.0,1.0
OraclePerfect_B10,JILONG_EI_0169,380,937.435546875,0.674307594537048,1.0,1.0,1.0,1.0,1.0
OraclePerfect_B10,JILONG_EI_0169,390,942.5035400390625,0.6538564926520438,1.0,1.0,1.0,1.0,1.0
OraclePerfect_B10,JILONG_EI_0169,400,951.30126953125,0.6292585068213593,1.0,1.0,1.0,1.0,1.0
OraclePerfect_B10,JILONG_EI_0169,410,955.0679321289062,0.6056431299895562,1.0,1.0,1.0,1.0,1.0
OraclePerfect_B10,JILONG_EI_0169,420,953.299560546875,0.5843073102390697,1.0,1.0,1.0,1.0,1.0
OraclePerfect_B10,JILONG_EI_0169,430,953.886474609375,0.5709367426444294,1.0,1.0,1.0,1.0,1.0
OraclePerfect_B10,JILONG_EI_0169,440,950.9066162109375,0.5670565012193621,1.0,1.0,1.0,1.0,1.0
OraclePerfect_B10,JILONG_EI_0169,450,941.3453979492188,0.5663077546657154,1.0,1.0,1.0,1.0,1.0
OraclePerfect_B10,JILONG_EI_0169,460,935.714111328125,0.5687556094950016,1.0,1.0,1.0,1.0,1.0
OraclePerfect_B10,JILONG_EI_0169,470,925.7777709960938,0.5704902950737698,1.0,1.0,1.0,1.0,1.0
OraclePerfect_B10,JILONG_EI_0169,480,910.07177734375,0.5708227056796119,1.0,1.0,1.0,1.0,1.0
OraclePerfect_B10,JILONG_EI_0169,490,897.9942626953125,0.5712827306656822,1.0,1.0,1.0,1.0,1.0
OraclePerfect_B10,JILONG_EI_0169,500,892.9613037109375,0.5739438824474563,1.0,1.0,1.0,1.0,1.0
OraclePerfect_B10,JILONG_EI_0169,510,890.6240234375,0.5744025235287267,1.0,1.0,1.0,1.0,1.0
OraclePerfect_B10,JILONG_EI_0169,520,889.644775390625,0.572914232718905,1.0,1.0,1.0,1.0,1.0
OraclePerfect_B10,JILONG_EI_0169,530,888.8628540039062,0.5728630977384309,1.0,1.0,1.0,1.0,1.0
OraclePerfect_B10,JILONG_EI_0169,540,893.2781372070312,0.5724704128903331,1.0,1.0,1.0,1.0,1.0
OraclePerfect_B10,JILONG_EI_0169,550,890.5341796875,0.571384210099394,1.0,1.0,1.0,1.0,1.0
OraclePerfect_B10,JILONG_EI_0169,560,891.3577880859375,0.5711668873838681,1.0,1.0,1.0,1.0,1.0
OraclePerfect_B10,JILONG_EI_0169,570,888.1701049804688,0.569885200584698,1.0,1.0,1.0,1.0,1.0
OraclePerfect_B10,JILONG_EI_0169,580,887.2094116210938,0.5675643844510796,1.0,1.0,1.0,1.0,1.0
OraclePerfect_B10,JILONG_EI_0169,590,886.4786987304688,0.5648597651852443,1.0,1.0,1.0,1.0,1.0
OraclePerfect_B10,JILONG_EI_0169,600,887.5465087890625,0.5616996402203582,1.0,1.0,1.0,1.0,1.0
OraclePerfect_B10,JILONG_EI_0169,610,888.3548583984375,0.5600329582304726,1.0,1.0,1.0,1.0,1.0
OraclePerfect_B10,JILONG_EI_0169,620,889.5245361328125,0.559136054395052,1.0,1.0,1.0,1.0,1.0
OraclePerfect_B10,JILONG_EI_0169,630,887.0630493164062,0.5589742601619084,1.0,1.0,1.0,1.0,1.0
OraclePerfect_B10,JILONG_EI_0169,640,886.523193359375,0.5579190741970491,1.0,1.0,1.0,1.0,1.0
OraclePerfect_B10,JILONG_EI_0169,650,885.238525390625,0.5564825656515524,1.0,1.0,1.0,1.0,1.0
OraclePerfect_B10,JILONG_EI_0169,660,881.9937133789062,0.5567681984918535,1.0,1.0,1.0,1.0,1.0
OraclePerfect_B10,JILONG_EI_0169,670,880.1323852539062,0.5571732929645432,1.0,1.0,1.0,1.0,1.0
OraclePerfect_B10,JILONG_EI_0169,680,879.2489013671875,0.5573146981039142,1.0,1.0,1.0,1.0,1.0
OraclePerfect_B10,JILONG_EI_0169,690,878.9122314453125,0.5559978997640517,1.0,1.0,1.0,1.0,1.0
OraclePerfect_B10,JILONG_EI_0169,700,878.20263671875,0.5539730977360686,1.0,1.0,1.0,1.0,1.0
OraclePerfect_B10,JILONG_EI_0169,710,879.2420654296875,0.5536008701376798,1.0,1.0,1.0,1.0,1.0
OraclePerfect_B10,JILONG_EI_0169,720,879.45068359375,0.5512946785565255,1.0,1.0,1.0,1.0,1.0
OraclePerfect_B10,JILONG_EI_0169,730,880.5972290039062,0.5490355168741526,1.0,1.0,1.0,1.0,1.0
OraclePerfect_B10,JILONG_EI_0169,740,880.7929077148438,0.5465258720109166,1.0,1.0,1.0,1.0,1.0
OraclePerfect_B10,JILONG_EI_0169,750,878.8560791015625,0.5447344667264936,1.0,1.0,1.0,1.0,1.0
OraclePerfect_B10,JILONG_EI_0169,760,878.8065185546875,0.5424487466979747,1.0,1.0,1.0,1.0,1.0
OraclePerfect_B10,JILONG_EI_0169,770,879.03076171875,0.5406780506647115,1.0,1.0,1.0,1.0,1.0
OraclePerfect_B10,JILONG_EI_0169,780,879.6459350585938,0.5382579113423265,1.0,1.0,1.0,1.0,1.0
OraclePerfect_B10,JILONG_EI_0169,790,879.608642578125,0.5372246242347734,1.0,1.0,1.0,1.0,1.0
OraclePerfect_B10,JILONG_EI_0169,800,878.9227294921875,0.5341182766217772,1.0,1.0,1.0,1.0,1.0
OraclePerfect_B10,JILONG_EI_0169,810,880.2608032226562,0.5314962495879884,1.0,1.0,1.0,1.0,1.0
OraclePerfect_B10,JILONG_EI_0169,820,878.993408203125,0.528291128943498,1.0,1.0,1.0,1.0,1.0
OraclePerfect_B10,JILONG_EI_0169,830,879.6846923828125,0.5272824596950023,1.0,1.0,1.0,1.0,1.0
OraclePerfect_B10,JILONG_EI_0169,840,880.923095703125,0.5253480670263199,1.0,1.0,1.0,1.0,1.0
OraclePerfect_B10,JILONG_EI_0169,850,881.173828125,0.5261053616950205,1.0,1.0,1.0,1.0,1.0
OraclePerfect_B10,JILONG_EI_0169,860,881.5628662109375,0.5268289589777416,1.0,1.0,1.0,1.0,1.0
OraclePerfect_B10,JILONG_EI_0169,870,883.0870361328125,0.528107685560946,1.0,1.0,1.0,1.0,1.0
OraclePerfect_B10,JILONG_EI_0169,880,884.0064086914062,0.5285152269692552,1.0,1.0,1.0,1.0,1.0
OraclePerfect_B10,JILONG_EI_0169,890,884.4927368164062,0.5286655237490269,1.0,1.0,1.0,1.0,1.0
OraclePerfect_B10,JILONG_EI_0169,900,885.4800415039062,0.5295390229361542,1.0,1.0,1.0,1.0,1.0
OraclePerfect_B10,JILONG_EI_0169,910,887.134521484375,0.5282980980606627,1.0,1.0,1.0,1.0,1.0
OraclePerfect_B10,JILONG_EI_0169,920,889.6172485351562,0.5260174303827065,1.0,1.0,1.0,1.0,1.0
OraclePerfect_B10,JILONG_EI_0169,930,892.930908203125,0.5242253720626453,1.0,1.0,1.0,1.0,1.0
OraclePerfect_B10,JILONG_EI_0169,940,895.3218994140625,0.5223340532977928,1.0,1.0,1.0,1.0,1.0
OraclePerfect_B10,JILONG_EI_0169,950,897.6190795898438,0.519790038940042,1.0,1.0,1.0,1.0,1.0
OraclePerfect_B10,JILONG_EI_0169,960,900.686767578125,0.5178801240337843,1.0,1.0,1.0,1.0,1.0
OraclePerfect_B10,JILONG_EI_0169,970,903.102783203125,0.5157165900869913,1.0,1.0,1.0,1.0,1.0
OraclePerfect_B10,JILONG_EI_0169,980,905.2357177734375,0.513019079732963,1.0,1.0,1.0,1.0,1.0
OraclePerfect_B10,JILONG_EI_0169,990,908.0404052734375,0.5118562218732258,1.0,1.0,1.0,1.0,1.0
OraclePerfect_B10,JILONG_EI_0169,1000,908.9478759765625,0.5103961869441481,1.0,1.0,1.0,1.0,1.0
OraclePerfect_B10,JILONG_EI_0169,1010,910.7125244140625,0.5086914804250517,1.0,1.0,1.0,1.0,1.0
OraclePerfect_B10,JILONG_EI_0169,1020,912.9937744140625,0.5061528610089463,1.0,1.0,1.0,1.0,1.0
OraclePerfect_B10,JILONG_EI_0169,1030,915.1715698242188,0.503398632432841,1.0,1.0,1.0,1.0,1.0
OraclePerfect_B10,JILONG_EI_0169,1040,916.74560546875,0.5008758373030928,1.0,1.0,1.0,1.0,1.0
OraclePerfect_B10,JILONG_EI_0169,1050,918.859375,0.4980342250442215,1.0,1.0,1.0,1.0,1.0
OraclePerfect_B10,JILONG_EI_0169,1060,921.149169921875,0.4948382630831904,1.0,1.0,1.0,1.0,1.0
OraclePerfect_B10,JILONG_EI_0169,1070,923.1121215820312,0.49265569305732587,1.0,1.0,1.0,1.0,1.0
OraclePerfect_B10,JILONG_EI_0169,1080,924.0640869140625,0.48964783654095695,1.0,1.0,1.0,1.0,1.0
OraclePerfect_B10,JILONG_EI_0169,1090,926.80322265625,0.4871935253105021,1.0,1.0,1.0,1.0,1.0
OraclePerfect_B10,JILONG_EI_0169,1100,929.5238037109375,0.4842052246455887,1.0,1.0,1.0,1.0,1.0
OraclePerfect_B10,JILONG_EI_0169,1110,930.98876953125,0.4823592781104629,1.0,1.0,1.0,1.0,1.0
OraclePerfect_B10,JILONG_EI_0169,1120,933.600830078125,0.48121175056810955,1.0,1.0,1.0,1.0,1.0
OraclePerfect_B10,JILONG_EI_0169,1130,936.9912109375,0.47869844924498645,1.0,1.0,1.0,1.0,1.0
OraclePerfect_B10,JILONG_EI_0169,1140,940.1378784179688,0.47717885554791933,1.0,1.0,1.0,1.0,1.0
OraclePerfect_B10,JILONG_EI_0169,1150,942.952880859375,0.47613939940149436,1.0,1.0,1.0,1.0,1.0
OraclePerfect_B10,JILONG_EI_0169,1160,945.3884887695312,0.47445036827794734,1.0,1.0,1.0,1.0,1.0
OraclePerfect_B10,JILONG_EI_0169,1170,948.2302856445312,0.47319215658425423,1.0,1.0,1.0,1.0,1.0
OraclePerfect_B10,JILONG_EI_0169,1180,949.8049926757812,0.4720526632752053,1.0,1.0,1.0,1.0,1.0
OraclePerfect_B10,JILONG_EI_0169,1190,951.6082153320312,0.47099245766407843,1.0,1.0,1.0,1.0,1.0
OraclePerfect_B10,JILONG_EI_0169,1200,952.98974609375,0.4694669421114858,1.0,1.0,1.0,1.0,1.0
OraclePerfect_B10,JILONG_EI_0169,1210,954.1356201171875,0.4691725639925059,1.0,1.0,1.0,1.0,1.0
OraclePerfect_B10,JILONG_EI_0169,1220,955.1469116210938,0.46823779784974817,1.0,1.0,1.0,1.0,1.0
OraclePerfect_B10,JILONG_EI_0169,1230,957.0431518554688,0.46770995297448203,1.0,1.0,1.0,1.0,1.0
OraclePerfect_B10,JILONG_EI_0169,1240,958.0558471679688,0.4661855749159713,1.0,1.0,1.0,1.0,1.0
OraclePerfect_B10,JILONG_EI_0169,1250,958.9715576171875,0.46455634160583426,1.0,1.0,1.0,1.0,1.0
OraclePerfect_B10,JILONG_EI_0169,1260,960.098388671875,0.46360738725281964,1.0,1.0,1.0,1.0,1.0
OraclePerfect_B10,JILONG_EI_0169,1270,961.3819580078125,0.4637959736241302,1.0,1.0,1.0,1.0,1.0
OraclePerfect_B10,JILONG_EI_0169,1280,962.3560791015625,0.4635368863545579,1.0,1.0,1.0,1.0,1.0
OraclePerfect_B10,JILONG_EI_0169,1290,964.40771484375,0.4620764197928132,1.0,1.0,1.0,1.0,1.0
OraclePerfect_B10,JILONG_EI_0169,1300,966.260009765625,0.46135110857560163,1.0,1.0,1.0,1.0,1.0
OraclePerfect_B10,JILONG_EI_0169,1310,968.3994140625,0.46021664020927416,1.0,1.0,1.0,1.0,1.0
OraclePerfect_B10,JILONG_EI_0169,1320,970.5255126953125,0.45818556660417814,1.0,1.0,1.0,1.0,1.0
OraclePerfect_B10,JILONG_EI_0169,1330,973.0048217773438,0.456287691668048,1.0,1.0,1.0,1.0,1.0
OraclePerfect_B10,JILONG_EI_0169,1340,976.1937255859375,0.45456056062651634,1.0,1.0,1.0,1.0,1.0
OraclePerfect_B10,JILONG_EI_0169,1350,979.1847534179688,0.4522682451709451,1.0,1.0,1.0,1.0,1.0
OraclePerfect_B10,JILONG_EI_0169,1360,981.054931640625,0.4500317594906982,1.0,1.0,1.0,1.0,1.0
OraclePerfect_B10,JILONG_EI_0169,1370,983.8935546875,0.4479962770937061,1.0,1.0,1.0,1.0,1.0
OraclePerfect_B10,JILONG_EI_0169,1380,986.8698120117188,0.4461754231829548,1.0,1.0,1.0,1.0,1.0
OraclePerfect_B10,JILONG_EI_0169,1390,988.9811401367188,0.4432908461396556,1.0,1.0,1.0,1.0,1.0
OraclePerfect_B10,JILONG_EI_0169,1400,991.4868774414062,0.43981220127314047,1.0,1.0,1.0,1.0,1.0
OraclePerfect_B10,JILONG_EI_0169,1410,995.2635498046875,0.4377371290764731,1.0,1.0,1.0,1.0,1.0
OraclePerfect_B10,JILONG_EI_0169,1420,998.3375244140625,0.4352833116338032,1.0,1.0,1.0,1.0,1.0
OraclePerfect_B10,JILONG_EI_0169,1430,1000.9053955078125,0.4331345440734213,1.0,1.0,1.0,1.0,1.0
OraclePerfect_B10,JILONG_EI_0169,1440,1003.2838134765625,0.43068785429255396,1.0,1.0,1.0,1.0,1.0
OraclePerfect_B10,JILONG_EI_0179,10,23.625831604003906,0.9945707397618184,1.0,1.0,1.0,1.0,1.0
OraclePerfect_B10,JILONG_EI_0179,20,41.652164459228516,0.9961966021073928,1.0,1.0,1.0,1.0,1.0
OraclePerfect_B10,JILONG_EI_0179,30,75.78413391113281,0.9972966789923975,1.0,1.0,1.0,1.0,1.0
OraclePerfect_B10,JILONG_EI_0179,40,168.40855407714844,0.9958983329053057,1.0,1.0,1.0,1.0,1.0
OraclePerfect_B10,JILONG_EI_0179,50,222.2261199951172,0.9324001772718824,1.0,1.0,1.0,1.0,1.0
OraclePerfect_B10,JILONG_EI_0179,60,256.3789978027344,0.8785746169859783,1.0,1.0,1.0,1.0,1.0
OraclePerfect_B10,JILONG_EI_0179,70,300.989501953125,0.8635865274729232,1.0,1.0,1.0,1.0,1.0
OraclePerfect_B10,JILONG_EI_0179,80,362.8545837402344,0.7904702454085171,1.0,1.0,1.0,1.0,1.0
OraclePerfect_B10,JILONG_EI_0179,90,433.8203430175781,0.6733799165726546,1.0,1.0,1.0,1.0,1.0
OraclePerfect_B10,JILONG_EI_0179,100,464.5193176269531,0.6813698174336363,1.0,1.0,1.0,1.0,1.0
OraclePerfect_B10,JILONG_EI_0179,110,475.3564453125,0.6700188945356971,1.0,1.0,1.0,1.0,1.0
OraclePerfect_B10,JILONG_EI_0179,120,507.6587829589844,0.6924696449036726,1.0,1.0,1.0,1.0,1.0
OraclePerfect_B10,JILONG_EI_0179,130,527.59326171875,0.7019937601243971,1.0,1.0,1.0,1.0,1.0
OraclePerfect_B10,JILONG_EI_0179,140,491.75286865234375,0.7132303625020661,1.0,1.0,1.0,1.0,1.0
OraclePerfect_B10,JILONG_EI_0179,150,474.0382080078125,0.7086684847730712,1.0,1.0,1.0,1.0,1.0
OraclePerfect_B10,JILONG_EI_0179,160,421.163330078125,0.7098687545171981,1.0,1.0,1.0,1.0,1.0
OraclePerfect_B10,JILONG_EI_0179,170,424.553955078125,0.7100088481213044,1.0,1.0,1.0,1.0,1.0
OraclePerfect_B10,JILONG_EI_0179,180,413.5663757324219,0.709946983946649,1.0,1.0,1.0,1.0,1.0
OraclePerfect_B10,JILONG_EI_0179,190,398.030029296875,0.7280888734646891,1.0,1.0,1.0,1.0,1.0
OraclePerfect_B10,JILONG_EI_0179,200,399.37628173828125,0.7542792643258852,1.0,1.0,1.0,1.0,1.0
OraclePerfect_B10,JILONG_EI_0179,210,444.9391784667969,0.7837532989116962,1.0,1.0,1.0,1.0,1.0
OraclePerfect_B10,JILONG_EI_0179,220,487.93951416015625,0.8086137756588886,1.0,1.0,1.0,1.0,1.0
OraclePerfect_B10,JILONG_EI_0179,230,528.646728515625,0.8240223341002925,1.0,1.0,1.0,1.0,1.0
OraclePerfect_B10,JILONG_EI_0179,240,594.3458862304688,0.8350341062521918,1.0,1.0,1.0,1.0,1.0
OraclePerfect_B10,JILONG_EI_0179,250,657.226318359375,0.789429898260459,1.0,1.0,1.0,1.0,1.0
OraclePerfect_B10,JILONG_EI_0179,260,706.7515869140625,0.751242396357468,1.0,1.0,1.0,1.0,1.0
OraclePerfect_B10,JILONG_EI_0179,270,742.799560546875,0.7480741490681241,1.0,1.0,1.0,1.0,1.0
OraclePerfect_B10,JILONG_EI_0179,280,755.4996337890625,0.7541490090542724,1.0,1.0,1.0,1.0,1.0
OraclePerfect_B10,JILONG_EI_0179,290,766.9484252929688,0.754952422982663,1.0,1.0,1.0,1.0,1.0
OraclePerfect_B10,JILONG_EI_0179,300,780.27685546875,0.7424980176233642,1.0,1.0,1.0,1.0,1.0
OraclePerfect_B10,JILONG_EI_0179,310,793.5596923828125,0.7199576383452336,1.0,1.0,1.0,1.0,1.0
OraclePerfect_B10,JILONG_EI_0179,320,803.53173828125,0.6904754921533242,1.0,1.0,1.0,1.0,1.0
OraclePerfect_B10,JILONG_EI_0179,330,806.871337890625,0.653925134934696,1.0,1.0,1.0,1.0,1.0
OraclePerfect_B10,JILONG_EI_0179,340,810.6727294921875,0.6702195819328766,1.0,1.0,1.0,1.0,1.0
OraclePerfect_B10,JILONG_EI_0179,350,813.937744140625,0.6906960756288986,1.0,1.0,1.0,1.0,1.0
OraclePerfect_B10,JILONG_EI_0179,360,821.55859375,0.6963287960506231,1.0,1.0,1.0,1.0,1.0
OraclePerfect_B10,JILONG_EI_0179,370,829.12353515625,0.6834246025439029,1.0,1.0,1.0,1.0,1.0
OraclePerfect_B10,JILONG_EI_0179,380,837.4051513671875,0.6609564691059261,1.0,1.0,1.0,1.0,1.0
OraclePerfect_B10,JILONG_EI_0179,390,843.7666015625,0.632423041906294,1.0,1.0,1.0,1.0,1.0
OraclePerfect_B10,JILONG_EI_0179,400,849.5148315429688,0.6070023340244689,1.0,1.0,1.0,1.0,1.0
OraclePerfect_B10,JILONG_EI_0179,410,851.68896484375,0.5826513105669184,1.0,1.0,1.0,1.0,1.0
OraclePerfect_B10,JILONG_EI_0179,420,849.7520751953125,0.5774155563428665,1.0,1.0,1.0,1.0,1.0
OraclePerfect_B10,JILONG_EI_0179,430,845.1983642578125,0.5748286791657004,1.0,1.0,1.0,1.0,1.0
OraclePerfect_B10,JILONG_EI_0179,440,833.4850463867188,0.5718935574859799,1.0,1.0,1.0,1.0,1.0
OraclePerfect_B10,JILONG_EI_0179,450,825.85888671875,0.5651626131101164,1.0,1.0,1.0,1.0,1.0
OraclePerfect_B10,JILONG_EI_0179,460,817.034912109375,0.5542891572665896,1.0,1.0,1.0,1.0,1.0
OraclePerfect_B10,JILONG_EI_0179,470,806.569091796875,0.553723876167895,1.0,1.0,1.0,1.0,1.0
OraclePerfect_B10,JILONG_EI_0179,480,797.9699096679688,0.557356123179626,1.0,1.0,1.0,1.0,1.0
OraclePerfect_B10,JILONG_EI_0179,490,792.8746337890625,0.5597815752171967,1.0,1.0,1.0,1.0,1.0
OraclePerfect_B10,JILONG_EI_0179,500,788.079345703125,0.5632438373183278,1.0,1.0,1.0,1.0,1.0
OraclePerfect_B10,JILONG_EI_0179,510,785.2068481445312,0.5669138508501739,1.0,1.0,1.0,1.0,1.0
OraclePerfect_B10,JILONG_EI_0179,520,785.63916015625,0.5689831769697027,1.0,1.0,1.0,1.0,1.0
OraclePerfect_B10,JILONG_EI_0179,530,784.728515625,0.5682099355407706,1.0,1.0,1.0,1.0,1.0
OraclePerfect_B10,JILONG_EI_0179,540,784.34423828125,0.5695003011345771,1.0,1.0,1.0,1.0,1.0
OraclePerfect_B10,JILONG_EI_0179,550,785.2400512695312,0.5698850751621088,1.0,1.0,1.0,1.0,1.0
OraclePerfect_B10,JILONG_EI_0179,560,785.2080688476562,0.5710149863025743,1.0,1.0,1.0,1.0,1.0
OraclePerfect_B10,JILONG_EI_0179,570,782.3901977539062,0.569640493678093,1.0,1.0,1.0,1.0,1.0
OraclePerfect_B10,JILONG_EI_0179,580,779.3660888671875,0.5693950812236864,1.0,1.0,1.0,1.0,1.0
OraclePerfect_B10,JILONG_EI_0179,590,780.14990234375,0.5684570371193771,1.0,1.0,1.0,1.0,1.0
OraclePerfect_B10,JILONG_EI_0179,600,780.5313720703125,0.5645741932494749,1.0,1.0,1.0,1.0,1.0
OraclePerfect_B10,JILONG_EI_0179,610,780.770751953125,0.5610811907053416,1.0,1.0,1.0,1.0,1.0
OraclePerfect_B10,JILONG_EI_0179,620,779.625244140625,0.556432592979841,1.0,1.0,1.0,1.0,1.0
OraclePerfect_B10,JILONG_EI_0179,630,777.7514038085938,0.5530502397921117,1.0,1.0,1.0,1.0,1.0
OraclePerfect_B10,JILONG_EI_0179,640,777.2472534179688,0.553717408656362,1.0,1.0,1.0,1.0,1.0
OraclePerfect_B10,JILONG_EI_0179,650,774.1964111328125,0.551568950860175,1.0,1.0,1.0,1.0,1.0
OraclePerfect_B10,JILONG_EI_0179,660,770.9393310546875,0.550571237415195,1.0,1.0,1.0,1.0,1.0
OraclePerfect_B10,JILONG_EI_0179,670,768.5421142578125,0.5508764112210661,1.0,1.0,1.0,1.0,1.0
OraclePerfect_B10,JILONG_EI_0179,680,768.3262329101562,0.5505946772620237,1.0,1.0,1.0,1.0,1.0
OraclePerfect_B10,JILONG_EI_0179,690,766.160400390625,0.55015416258941,1.0,1.0,1.0,1.0,1.0
OraclePerfect_B10,JILONG_EI_0179,700,766.4224243164062,0.5475426914511333,1.0,1.0,1.0,1.0,1.0
OraclePerfect_B10,JILONG_EI_0179,710,766.737060546875,0.5459498053345266,1.0,1.0,1.0,1.0,1.0
OraclePerfect_B10,JILONG_EI_0179,720,768.2305908203125,0.5463814611323574,1.0,1.0,1.0,1.0,1.0
OraclePerfect_B10,JILONG_EI_0179,730,770.7989501953125,0.5456835671898593,1.0,1.0,1.0,1.0,1.0
OraclePerfect_B10,JILONG_EI_0179,740,770.693359375,0.5441536873904069,1.0,1.0,1.0,1.0,1.0
OraclePerfect_B10,JILONG_EI_0179,750,770.4256591796875,0.5424006668506589,1.0,1.0,1.0,1.0,1.0
OraclePerfect_B10,JILONG_EI_0179,760,770.6702880859375,0.540493926560222,1.0,1.0,1.0,1.0,1.0
OraclePerfect_B10,JILONG_EI_0179,770,771.2730712890625,0.5389483030006501,1.0,1.0,1.0,1.0,1.0
OraclePerfect_B10,JILONG_EI_0179,780,772.298828125,0.5374945905577472,1.0,1.0,1.0,1.0,1.0
OraclePerfect_B10,JILONG_EI_0179,790,773.6383056640625,0.5359539775863748,1.0,1.0,1.0,1.0,1.0
OraclePerfect_B10,JILONG_EI_0179,800,774.6737060546875,0.5340608214152397,1.0,1.0,1.0,1.0,1.0
OraclePerfect_B10,JILONG_EI_0179,810,776.7644653320312,0.5321246238917624,1.0,1.0,1.0,1.0,1.0
OraclePerfect_B10,JILONG_EI_0179,820,777.0258178710938,0.5325588325603846,1.0,1.0,1.0,1.0,1.0
OraclePerfect_B10,JILONG_EI_0179,830,777.7060546875,0.5327723005719418,1.0,1.0,1.0,1.0,1.0
OraclePerfect_B10,JILONG_EI_0179,840,777.9817504882812,0.5348738747166227,1.0,1.0,1.0,1.0,1.0
OraclePerfect_B10,JILONG_EI_0179,850,778.3104248046875,0.5364875705293058,1.0,1.0,1.0,1.0,1.0
OraclePerfect_B10,JILONG_EI_0179,860,778.3387451171875,0.5379406686130132,1.0,1.0,1.0,1.0,1.0
OraclePerfect_B10,JILONG_EI_0179,870,780.2894897460938,0.5380092353587981,1.0,1.0,1.0,1.0,1.0
OraclePerfect_B10,JILONG_EI_0179,880,781.0643310546875,0.5373533896702252,1.0,1.0,1.0,1.0,1.0
OraclePerfect_B10,JILONG_EI_0179,890,783.6551513671875,0.5377202334824455,1.0,1.0,1.0,1.0,1.0
OraclePerfect_B10,JILONG_EI_0179,900,785.7135009765625,0.537524933327647,1.0,1.0,1.0,1.0,1.0
OraclePerfect_B10,JILONG_EI_0179,910,786.864990234375,0.5348757418549505,1.0,1.0,1.0,1.0,1.0
OraclePerfect_B10,JILONG_EI_0179,920,788.9656982421875,0.5331045961373272,1.0,1.0,1.0,1.0,1.0
OraclePerfect_B10,JILONG_EI_0179,930,791.1314086914062,0.5312727569258167,1.0,1.0,1.0,1.0,1.0
OraclePerfect_B10,JILONG_EI_0179,940,792.0404052734375,0.529145913493614,1.0,1.0,1.0,1.0,1.0
OraclePerfect_B10,JILONG_EI_0179,950,794.6431884765625,0.5255851276572773,1.0,1.0,1.0,1.0,1.0
OraclePerfect_B10,JILONG_EI_0179,960,797.4668579101562,0.5222203366972469,1.0,1.0,1.0,1.0,1.0
OraclePerfect_B10,JILONG_EI_0179,970,800.2037353515625,0.5180615053862603,1.0,1.0,1.0,1.0,1.0
OraclePerfect_B10,JILONG_EI_0179,980,802.1790161132812,0.5147661602123248,1.0,1.0,1.0,1.0,1.0
OraclePerfect_B10,JILONG_EI_0179,990,805.2114868164062,0.5114747860481819,1.0,1.0,1.0,1.0,1.0
OraclePerfect_B10,JILONG_EI_0179,1000,807.3707885742188,0.5083034397524858,1.0,1.0,1.0,1.0,1.0
OraclePerfect_B10,JILONG_EI_0179,1010,809.6131591796875,0.5056523215582351,1.0,1.0,1.0,1.0,1.0
OraclePerfect_B10,JILONG_EI_0179,1020,811.4674072265625,0.5029666618984351,1.0,1.0,1.0,1.0,1.0
OraclePerfect_B10,JILONG_EI_0179,1030,812.9622802734375,0.5011366700628561,1.0,1.0,1.0,1.0,1.0
OraclePerfect_B10,JILONG_EI_0179,1040,814.7201538085938,0.4996735186137588,1.0,1.0,1.0,1.0,1.0
OraclePerfect_B10,JILONG_EI_0179,1050,816.6707763671875,0.49609555953413287,1.0,1.0,1.0,1.0,1.0
OraclePerfect_B10,JILONG_EI_0179,1060,818.9955444335938,0.4941662871613727,1.0,1.0,1.0,1.0,1.0
OraclePerfect_B10,JILONG_EI_0179,1070,821.0601806640625,0.4915291885203241,1.0,1.0,1.0,1.0,1.0
OraclePerfect_B10,JILONG_EI_0179,1080,822.4254760742188,0.4888289721342193,1.0,1.0,1.0,1.0,1.0
OraclePerfect_B10,JILONG_EI_0179,1090,824.8170166015625,0.4860596846304094,1.0,1.0,1.0,1.0,1.0
OraclePerfect_B10,JILONG_EI_0179,1100,826.634521484375,0.48369533432841244,1.0,1.0,1.0,1.0,1.0
OraclePerfect_B10,JILONG_EI_0179,1110,829.0908203125,0.48159292479747606,1.0,1.0,1.0,1.0,1.0
OraclePerfect_B10,JILONG_EI_0179,1120,832.3187255859375,0.47908436106059527,1.0,1.0,1.0,1.0,1.0
OraclePerfect_B10,JILONG_EI_0179,1130,834.9940185546875,0.477400031312215,1.0,1.0,1.0,1.0,1.0
OraclePerfect_B10,JILONG_EI_0179,1140,836.48095703125,0.4766714577905117,1.0,1.0,1.0,1.0,1.0
OraclePerfect_B10,JILONG_EI_0179,1150,839.271240234375,0.47516434486794557,1.0,1.0,1.0,1.0,1.0
OraclePerfect_B10,JILONG_EI_0179,1160,842.36474609375,0.4736807275579577,1.0,1.0,1.0,1.0,1.0
OraclePerfect_B10,JILONG_EI_0179,1170,844.08544921875,0.47275358070356327,1.0,1.0,1.0,1.0,1.0
OraclePerfect_B10,JILONG_EI_0179,1180,845.3667602539062,0.4719000588768742,1.0,1.0,1.0,1.0,1.0
OraclePerfect_B10,JILONG_EI_0179,1190,846.357421875,0.47028973998517865,1.0,1.0,1.0,1.0,1.0
OraclePerfect_B10,JILONG_EI_0179,1200,849.1099853515625,0.4691068565912351,1.0,1.0,1.0,1.0,1.0
OraclePerfect_B10,JILONG_EI_0179,1210,851.9088134765625,0.46795235092450066,1.0,1.0,1.0,1.0,1.0
OraclePerfect_B10,JILONG_EI_0179,1220,853.41552734375,0.46741524819361335,1.0,1.0,1.0,1.0,1.0
OraclePerfect_B10,JILONG_EI_0179,1230,853.8200073242188,0.4645490026445337,1.0,1.0,1.0,1.0,1.0
OraclePerfect_B10,JILONG_EI_0179,1240,855.0203857421875,0.46425865890001944,1.0,1.0,1.0,1.0,1.0
OraclePerfect_B10,JILONG_EI_0179,1250,856.2257080078125,0.46284301818107654,1.0,1.0,1.0,1.0,1.0
OraclePerfect_B10,JILONG_EI_0179,1260,857.4075317382812,0.4617844268447671,1.0,1.0,1.0,1.0,1.0
OraclePerfect_B10,JILONG_EI_0179,1270,858.6781005859375,0.4611792154694379,1.0,1.0,1.0,1.0,1.0
OraclePerfect_B10,JILONG_EI_0179,1280,860.698486328125,0.46012404404348173,1.0,1.0,1.0,1.0,1.0
OraclePerfect_B10,JILONG_EI_0179,1290,861.3875122070312,0.4583260258326311,1.0,1.0,1.0,1.0,1.0
OraclePerfect_B10,JILONG_EI_0179,1300,863.1859741210938,0.4572171087283207,1.0,1.0,1.0,1.0,1.0
OraclePerfect_B10,JILONG_EI_0179,1310,864.59814453125,0.45589071724878205,1.0,1.0,1.0,1.0,1.0
OraclePerfect_B10,JILONG_EI_0179,1320,866.7371215820312,0.45511484956594017,1.0,1.0,1.0,1.0,1.0
OraclePerfect_B10,JILONG_EI_0179,1330,869.1309814453125,0.4539911549317505,1.0,1.0,1.0,1.0,1.0
OraclePerfect_B10,JILONG_EI_0179,1340,871.4080810546875,0.4525718988582966,1.0,1.0,1.0,1.0,1.0
OraclePerfect_B10,JILONG_EI_0179,1350,873.92578125,0.45100883852569473,1.0,1.0,1.0,1.0,1.0
OraclePerfect_B10,JILONG_EI_0179,1360,875.6071166992188,0.44925876949081694,1.0,1.0,1.0,1.0,1.0
OraclePerfect_B10,JILONG_EI_0179,1370,878.4375,0.44692439611764584,1.0,1.0,1.0,1.0,1.0
OraclePerfect_B10,JILONG_EI_0179,1380,880.6329345703125,0.44438987755598514,1.0,1.0,1.0,1.0,1.0
OraclePerfect_B10,JILONG_EI_0179,1390,883.5466918945312,0.44175673197842863,1.0,1.0,1.0,1.0,1.0
OraclePerfect_B10,JILONG_EI_0179,1400,885.3057861328125,0.43920927065150617,1.0,1.0,1.0,1.0,1.0
OraclePerfect_B10,JILONG_EI_0179,1410,888.4443359375,0.43670825856936957,1.0,1.0,1.0,1.0,1.0
OraclePerfect_B10,JILONG_EI_0179,1420,890.13134765625,0.4334929947187189,1.0,1.0,1.0,1.0,1.0
OraclePerfect_B10,JILONG_EI_0179,1430,892.028564453125,0.4306789321364139,1.0,1.0,1.0,1.0,1.0
OraclePerfect_B10,JILONG_EI_0179,1440,894.7908935546875,0.4283095811586877,1.0,1.0,1.0,1.0,1.0
OraclePerfect_B10,JILONG_EI_0189,10,22.09153938293457,0.9962118655818136,1.0,1.0,1.0,1.0,1.0
OraclePerfect_B10,JILONG_EI_0189,20,39.319984436035156,0.9972924273519593,1.0,1.0,1.0,1.0,1.0
OraclePerfect_B10,JILONG_EI_0189,30,68.65740966796875,0.9979256795116541,1.0,1.0,1.0,1.0,1.0
OraclePerfect_B10,JILONG_EI_0189,40,152.92166137695312,0.9978823709359531,1.0,1.0,1.0,1.0,1.0
OraclePerfect_B10,JILONG_EI_0189,50,208.809326171875,0.9186182767730219,1.0,1.0,1.0,1.0,1.0
OraclePerfect_B10,JILONG_EI_0189,60,253.109619140625,0.8861404034919368,1.0,1.0,1.0,1.0,1.0
OraclePerfect_B10,JILONG_EI_0189,70,297.42510986328125,0.878158341404429,1.0,1.0,1.0,1.0,1.0
OraclePerfect_B10,JILONG_EI_0189,80,365.7005615234375,0.7888752078034438,1.0,1.0,1.0,1.0,1.0
OraclePerfect_B10,JILONG_EI_0189,90,420.63885498046875,0.6898729378266499,1.0,1.0,1.0,1.0,1.0
OraclePerfect_B10,JILONG_EI_0189,100,449.9222106933594,0.6695159664620496,1.0,1.0,1.0,1.0,1.0
OraclePerfect_B10,JILONG_EI_0189,110,470.8077697753906,0.6657070849331295,1.0,1.0,1.0,1.0,1.0
OraclePerfect_B10,JILONG_EI_0189,120,482.3224792480469,0.6793224811570634,1.0,1.0,1.0,1.0,1.0
OraclePerfect_B10,JILONG_EI_0189,130,517.5418090820312,0.6857456372584663,1.0,1.0,1.0,1.0,1.0
OraclePerfect_B10,JILONG_EI_0189,140,497.8957214355469,0.6954125160747647,1.0,1.0,1.0,1.0,1.0
OraclePerfect_B10,JILONG_EI_0189,150,481.04022216796875,0.7019698968503634,1.0,1.0,1.0,1.0,1.0
OraclePerfect_B10,JILONG_EI_0189,160,443.0106201171875,0.702566366854835,1.0,1.0,1.0,1.0,1.0
OraclePerfect_B10,JILONG_EI_0189,170,420.7108154296875,0.6989761227667042,1.0,1.0,1.0,1.0,1.0
OraclePerfect_B10,JILONG_EI_0189,180,407.3818359375,0.7048584081833159,1.0,1.0,1.0,1.0,1.0
OraclePerfect_B10,JILONG_EI_0189,190,404.28643798828125,0.7073165609409763,1.0,1.0,1.0,1.0,1.0
OraclePerfect_B10,JILONG_EI_0189,200,397.79412841796875,0.7325327359158951,1.0,1.0,1.0,1.0,1.0
OraclePerfect_B10,JILONG_EI_0189,210,407.448974609375,0.7533779758950728,1.0,1.0,1.0,1.0,1.0
OraclePerfect_B10,JILONG_EI_0189,220,459.31768798828125,0.7857202282437051,1.0,1.0,1.0,1.0,1.0
OraclePerfect_B10,JILONG_EI_0189,230,483.04742431640625,0.7990273962913185,1.0,1.0,1.0,1.0,1.0
OraclePerfect_B10,JILONG_EI_0189,240,520.313720703125,0.8106890236792987,1.0,1.0,1.0,1.0,1.0
OraclePerfect_B10,JILONG_EI_0189,250,581.67431640625,0.826842983321823,1.0,1.0,1.0,1.0,1.0
OraclePerfect_B10,JILONG_EI_0189,260,642.9677734375,0.8038257362799432,1.0,1.0,1.0,1.0,1.0
OraclePerfect_B10,JILONG_EI_0189,270,692.4364013671875,0.7710473725588732,1.0,1.0,1.0,1.0,1.0
OraclePerfect_B10,JILONG_EI_0189,280,725.786865234375,0.7319530404005059,1.0,1.0,1.0,1.0,1.0
OraclePerfect_B10,JILONG_EI_0189,290,733.30224609375,0.7254804691366125,1.0,1.0,1.0,1.0,1.0
OraclePerfect_B10,JILONG_EI_0189,300,741.9810791015625,0.7285032876544469,1.0,1.0,1.0,1.0,1.0
OraclePerfect_B10,JILONG_EI_0189,310,752.2447509765625,0.7296812501509022,1.0,1.0,1.0,1.0,1.0
OraclePerfect_B10,JILONG_EI_0189,320,761.68212890625,0.7222564084744264,1.0,1.0,1.0,1.0,1.0
OraclePerfect_B10,JILONG_EI_0189,330,766.7390747070312,0.7017538902140763,1.0,1.0,1.0,1.0,1.0
OraclePerfect_B10,JILONG_EI_0189,340,773.1949462890625,0.6732676693895873,1.0,1.0,1.0,1.0,1.0
OraclePerfect_B10,JILONG_EI_0189,350,773.8781127929688,0.6440006368828863,1.0,1.0,1.0,1.0,1.0
OraclePerfect_B10,JILONG_EI_0189,360,778.1734008789062,0.6576402930377409,1.0,1.0,1.0,1.0,1.0
OraclePerfect_B10,JILONG_EI_0189,370,780.3330078125,0.6736491583581958,1.0,1.0,1.0,1.0,1.0
OraclePerfect_B10,JILONG_EI_0189,380,784.960693359375,0.6856156483096302,1.0,1.0,1.0,1.0,1.0
OraclePerfect_B10,JILONG_EI_0189,390,791.0657958984375,0.6834212514523217,1.0,1.0,1.0,1.0,1.0
OraclePerfect_B10,JILONG_EI_0189,400,798.181884765625,0.670012806877353,1.0,1.0,1.0,1.0,1.0
OraclePerfect_B10,JILONG_EI_0189,410,800.8057250976562,0.652543243105647,1.0,1.0,1.0,1.0,1.0
OraclePerfect_B10,JILONG_EI_0189,420,807.015625,0.6299709979085885,1.0,1.0,1.0,1.0,1.0
OraclePerfect_B10,JILONG_EI_0189,430,813.8776245117188,0.6060779759602035,1.0,1.0,1.0,1.0,1.0
OraclePerfect_B10,JILONG_EI_0189,440,814.796142578125,0.5887607514139438,1.0,1.0,1.0,1.0,1.0
OraclePerfect_B10,JILONG_EI_0189,450,812.7105712890625,0.5785467200095079,1.0,1.0,1.0,1.0,1.0
OraclePerfect_B10,JILONG_EI_0189,460,809.7647705078125,0.5741841484896413,1.0,1.0,1.0,1.0,1.0
OraclePerfect_B10,JILONG_EI_0189,470,803.5975341796875,0.5736520082101453,1.0,1.0,1.0,1.0,1.0
OraclePerfect_B10,JILONG_EI_0189,480,796.8463745117188,0.5713534420032091,1.0,1.0,1.0,1.0,1.0
OraclePerfect_B10,JILONG_EI_0189,490,788.4292602539062,0.5711349946442922,1.0,1.0,1.0,1.0,1.0
OraclePerfect_B10,JILONG_EI_0189,500,778.017333984375,0.5714251083404731,1.0,1.0,1.0,1.0,1.0
OraclePerfect_B10,JILONG_EI_0189,510,769.018798828125,0.5731791714105967,1.0,1.0,1.0,1.0,1.0
OraclePerfect_B10,JILONG_EI_0189,520,764.9487915039062,0.5735080663233773,1.0,1.0,1.0,1.0,1.0
OraclePerfect_B10,JILONG_EI_0189,530,762.3428955078125,0.5751142766264822,1.0,1.0,1.0,1.0,1.0
OraclePerfect_B10,JILONG_EI_0189,540,762.338134765625,0.5761517786852528,1.0,1.0,1.0,1.0,1.0
OraclePerfect_B10,JILONG_EI_0189,550,762.695068359375,0.5764703856107558,1.0,1.0,1.0,1.0,1.0
OraclePerfect_B10,JILONG_EI_0189,560,762.4483642578125,0.5764681269445742,1.0,1.0,1.0,1.0,1.0
OraclePerfect_B10,JILONG_EI_0189,570,764.6575927734375,0.5764632238237352,1.0,1.0,1.0,1.0,1.0
OraclePerfect_B10,JILONG_EI_0189,580,767.2034912109375,0.5750712063791275,1.0,1.0,1.0,1.0,1.0
OraclePerfect_B10,JILONG_EI_0189,590,767.9229736328125,0.5715568170391788,1.0,1.0,1.0,1.0,1.0
OraclePerfect_B10,JILONG_EI_0189,600,770.1504516601562,0.5667902035653055,1.0,1.0,1.0,1.0,1.0
OraclePerfect_B10,JILONG_EI_0189,610,773.48876953125,0.5644680151307009,1.0,1.0,1.0,1.0,1.0
OraclePerfect_B10,JILONG_EI_0189,620,772.9229736328125,0.5645963939396843,1.0,1.0,1.0,1.0,1.0
OraclePerfect_B10,JILONG_EI_0189,630,771.6017456054688,0.563146903729102,1.0,1.0,1.0,1.0,1.0
OraclePerfect_B10,JILONG_EI_0189,640,771.6852416992188,0.5629854196202649,1.0,1.0,1.0,1.0,1.0
OraclePerfect_B10,JILONG_EI_0189,650,771.281982421875,0.5626397622729689,1.0,1.0,1.0,1.0,1.0
OraclePerfect_B10,JILONG_EI_0189,660,771.0838623046875,0.5619996536598936,1.0,1.0,1.0,1.0,1.0
OraclePerfect_B10,JILONG_EI_0189,670,768.3446044921875,0.5614437274081393,1.0,1.0,1.0,1.0,1.0
OraclePerfect_B10,JILONG_EI_0189,680,768.2529907226562,0.5618909365945737,1.0,1.0,1.0,1.0,1.0
OraclePerfect_B10,JILONG_EI_0189,690,767.9049072265625,0.5608385839415498,1.0,1.0,1.0,1.0,1.0
OraclePerfect_B10,JILONG_EI_0189,700,765.8262939453125,0.5596800216896013,1.0,1.0,1.0,1.0,1.0
OraclePerfect_B10,JILONG_EI_0189,710,763.4290771484375,0.5593057736762206,1.0,1.0,1.0,1.0,1.0
OraclePerfect_B10,JILONG_EI_0189,720,764.7356567382812,0.5578520585345091,1.0,1.0,1.0,1.0,1.0
OraclePerfect_B10,JILONG_EI_0189,730,765.4017333984375,0.5570218437860761,1.0,1.0,1.0,1.0,1.0
OraclePerfect_B10,JILONG_EI_0189,740,764.0067138671875,0.5546409778096707,1.0,1.0,1.0,1.0,1.0
OraclePerfect_B10,JILONG_EI_0189,750,764.054931640625,0.5525601796654976,1.0,1.0,1.0,1.0,1.0
OraclePerfect_B10,JILONG_EI_0189,760,764.3875122070312,0.5500727648597651,1.0,1.0,1.0,1.0,1.0
OraclePerfect_B10,JILONG_EI_0189,770,763.7314453125,0.5487489652348199,1.0,1.0,1.0,1.0,1.0
OraclePerfect_B10,JILONG_EI_0189,780,763.3251953125,0.5455289602248968,1.0,1.0,1.0,1.0,1.0
OraclePerfect_B10,JILONG_EI_0189,790,761.23095703125,0.5436435664052924,1.0,1.0,1.0,1.0,1.0
OraclePerfect_B10,JILONG_EI_0189,800,762.375,0.5418145623861224,1.0,1.0,1.0,1.0,1.0
OraclePerfect_B10,JILONG_EI_0189,810,761.319580078125,0.5400834533080722,1.0,1.0,1.0,1.0,1.0
OraclePerfect_B10,JILONG_EI_0189,820,760.404296875,0.5371135466134775,1.0,1.0,1.0,1.0,1.0
OraclePerfect_B10,JILONG_EI_0189,830,761.7417602539062,0.5352294576459294,1.0,1.0,1.0,1.0,1.0
OraclePerfect_B10,JILONG_EI_0189,840,762.405029296875,0.5324865704930194,1.0,1.0,1.0,1.0,1.0
OraclePerfect_B10,JILONG_EI_0189,850,763.5869140625,0.5315816945727145,1.0,1.0,1.0,1.0,1.0
OraclePerfect_B10,JILONG_EI_0189,860,764.7142333984375,0.5308539711626229,1.0,1.0,1.0,1.0,1.0
OraclePerfect_B10,JILONG_EI_0189,870,765.767822265625,0.5287744829115807,1.0,1.0,1.0,1.0,1.0
OraclePerfect_B10,JILONG_EI_0189,880,766.14697265625,0.5279605172584887,1.0,1.0,1.0,1.0,1.0
OraclePerfect_B10,JILONG_EI_0189,890,766.7716674804688,0.5298399426083371,1.0,1.0,1.0,1.0,1.0
OraclePerfect_B10,JILONG_EI_0189,900,766.9000244140625,0.532431818359908,1.0,1.0,1.0,1.0,1.0
OraclePerfect_B10,JILONG_EI_0189,910,768.5523681640625,0.5346684101668928,1.0,1.0,1.0,1.0,1.0
OraclePerfect_B10,JILONG_EI_0189,920,769.781982421875,0.5359991235846199,1.0,1.0,1.0,1.0,1.0
OraclePerfect_B10,JILONG_EI_0189,930,770.8702392578125,0.5361495367692712,1.0,1.0,1.0,1.0,1.0
OraclePerfect_B10,JILONG_EI_0189,940,772.6983642578125,0.5365711981946081,1.0,1.0,1.0,1.0,1.0
OraclePerfect_B10,JILONG_EI_0189,950,775.26318359375,0.5375143237123484,1.0,1.0,1.0,1.0,1.0
OraclePerfect_B10,JILONG_EI_0189,960,777.99462890625,0.5377540348986657,1.0,1.0,1.0,1.0,1.0
OraclePerfect_B10,JILONG_EI_0189,970,779.21484375,0.5376076688947333,1.0,1.0,1.0,1.0,1.0
OraclePerfect_B10,JILONG_EI_0189,980,780.677001953125,0.5379225569090652,1.0,1.0,1.0,1.0,1.0
OraclePerfect_B10,JILONG_EI_0189,990,781.9248046875,0.5375821265932254,1.0,1.0,1.0,1.0,1.0
OraclePerfect_B10,JILONG_EI_0189,1000,784.1107177734375,0.537670797137667,1.0,1.0,1.0,1.0,1.0
OraclePerfect_B10,JILONG_EI_0189,1010,786.2568359375,0.5367467699405334,1.0,1.0,1.0,1.0,1.0
OraclePerfect_B10,JILONG_EI_0189,1020,788.87353515625,0.5349745073632125,1.0,1.0,1.0,1.0,1.0
OraclePerfect_B10,JILONG_EI_0189,1030,790.9302978515625,0.5332956250186118,1.0,1.0,1.0,1.0,1.0
OraclePerfect_B10,JILONG_EI_0189,1040,792.398681640625,0.5324310672290395,1.0,1.0,1.0,1.0,1.0
OraclePerfect_B10,JILONG_EI_0189,1050,794.2594604492188,0.5311462207959023,1.0,1.0,1.0,1.0,1.0
OraclePerfect_B10,JILONG_EI_0189,1060,796.9165649414062,0.5294210244320058,1.0,1.0,1.0,1.0,1.0
OraclePerfect_B10,JILONG_EI_0189,1070,799.6490478515625,0.5285357592766341,1.0,1.0,1.0,1.0,1.0
OraclePerfect_B10,JILONG_EI_0189,1080,801.03125,0.5260585443579819,1.0,1.0,1.0,1.0,1.0
OraclePerfect_B10,JILONG_EI_0189,1090,803.9901733398438,0.5231469140202983,1.0,1.0,1.0,1.0,1.0
OraclePerfect_B10,JILONG_EI_0189,1100,805.9212036132812,0.520474281468477,1.0,1.0,1.0,1.0,1.0
OraclePerfect_B10,JILONG_EI_0189,1110,808.5140380859375,0.5185466153381669,1.0,1.0,1.0,1.0,1.0
OraclePerfect_B10,JILONG_EI_0189,1120,810.98486328125,0.5160505871450767,1.0,1.0,1.0,1.0,1.0
OraclePerfect_B10,JILONG_EI_0189,1130,812.8427124023438,0.5129781336365369,1.0,1.0,1.0,1.0,1.0
OraclePerfect_B10,JILONG_EI_0189,1140,816.5740966796875,0.5099951518527066,1.0,1.0,1.0,1.0,1.0
OraclePerfect_B10,JILONG_EI_0189,1150,819.437744140625,0.5071804900084036,1.0,1.0,1.0,1.0,1.0
OraclePerfect_B10,JILONG_EI_0189,1160,820.4583129882812,0.5049363960719752,1.0,1.0,1.0,1.0,1.0
OraclePerfect_B10,JILONG_EI_0189,1170,822.5399780273438,0.5022862842064282,1.0,1.0,1.0,1.0,1.0
OraclePerfect_B10,JILONG_EI_0189,1180,826.448974609375,0.5003301195216437,1.0,1.0,1.0,1.0,1.0
OraclePerfect_B10,JILONG_EI_0189,1190,829.273193359375,0.49763073063345925,1.0,1.0,1.0,1.0,1.0
OraclePerfect_B10,JILONG_EI_0189,1200,831.2905883789062,0.49443770910592877,1.0,1.0,1.0,1.0,1.0
OraclePerfect_B10,JILONG_EI_0189,1210,833.4472045898438,0.4923359958390847,1.0,1.0,1.0,1.0,1.0
OraclePerfect_B10,JILONG_EI_0189,1220,835.1124877929688,0.4903395747500667,1.0,1.0,1.0,1.0,1.0
OraclePerfect_B10,JILONG_EI_0189,1230,837.2439575195312,0.48930884048089146,1.0,1.0,1.0,1.0,1.0
OraclePerfect_B10,JILONG_EI_0189,1240,837.8551025390625,0.4870985782229751,1.0,1.0,1.0,1.0,1.0
OraclePerfect_B10,JILONG_EI_0189,1250,840.420166015625,0.4845432156145884,1.0,1.0,1.0,1.0,1.0
OraclePerfect_B10,JILONG_EI_0189,1260,843.793212890625,0.4825558237705582,1.0,1.0,1.0,1.0,1.0
OraclePerfect_B10,JILONG_EI_0189,1270,846.9371337890625,0.48099459132341216,1.0,1.0,1.0,1.0,1.0
OraclePerfect_B10,JILONG_EI_0189,1280,849.387451171875,0.47945503101448134,1.0,1.0,1.0,1.0,1.0
OraclePerfect_B10,JILONG_EI_0189,1290,852.531982421875,0.4774791105421845,1.0,1.0,1.0,1.0,1.0
OraclePerfect_B10,JILONG_EI_0189,1300,855.141845703125,0.4760665076765865,1.0,1.0,1.0,1.0,1.0
OraclePerfect_B10,JILONG_EI_0189,1310,858.0779418945312,0.47482141728593963,1.0,1.0,1.0,1.0,1.0
OraclePerfect_B10,JILONG_EI_0189,1320,860.5953369140625,0.4732660408425769,1.0,1.0,1.0,1.0,1.0
OraclePerfect_B10,JILONG_EI_0189,1330,863.9901123046875,0.47233397020977647,1.0,1.0,1.0,1.0,1.0
OraclePerfect_B10,JILONG_EI_0189,1340,865.6002197265625,0.4709918292580791,1.0,1.0,1.0,1.0,1.0
OraclePerfect_B10,JILONG_EI_0189,1350,867.96337890625,0.4707782246031656,1.0,1.0,1.0,1.0,1.0
OraclePerfect_B10,JILONG_EI_0189,1360,871.1728515625,0.46914893851323897,1.0,1.0,1.0,1.0,1.0
OraclePerfect_B10,JILONG_EI_0189,1370,873.1760864257812,0.4674544631386505,1.0,1.0,1.0,1.0,1.0
OraclePerfect_B10,JILONG_EI_0189,1380,876.136962890625,0.4666922671841459,1.0,1.0,1.0,1.0,1.0
OraclePerfect_B10,JILONG_EI_0189,1390,877.511474609375,0.46527495377002615,1.0,1.0,1.0,1.0,1.0
OraclePerfect_B10,JILONG_EI_0189,1400,879.263916015625,0.46429098905343824,1.0,1.0,1.0,1.0,1.0
OraclePerfect_B10,JILONG_EI_0189,1410,881.2158203125,0.4634706118252787,1.0,1.0,1.0,1.0,1.0
OraclePerfect_B10,JILONG_EI_0189,1420,883.4640502929688,0.46271539576602666,1.0,1.0,1.0,1.0,1.0
OraclePerfect_B10,JILONG_EI_0189,1430,884.2255859375,0.46112452820922784,1.0,1.0,1.0,1.0,1.0
OraclePerfect_B10,JILONG_EI_0189,1440,885.8344116210938,0.46083176404263715,1.0,1.0,1.0,1.0,1.0
OraclePerfect_B10,JILONG_EI_0199,10,24.706167221069336,0.9958525124072485,1.0,1.0,1.0,1.0,1.0
OraclePerfect_B10,JILONG_EI_0199,20,44.0849609375,0.9971552251929315,1.0,1.0,1.0,1.0,1.0
OraclePerfect_B10,JILONG_EI_0199,30,71.07833099365234,0.9977541947333202,1.0,1.0,1.0,1.0,1.0
OraclePerfect_B10,JILONG_EI_0199,40,151.7401580810547,0.9983669007071145,1.0,1.0,1.0,1.0,1.0
OraclePerfect_B10,JILONG_EI_0199,50,207.03892517089844,0.9188802605497788,1.0,1.0,1.0,1.0,1.0
OraclePerfect_B10,JILONG_EI_0199,60,238.614501953125,0.8698201779771503,1.0,1.0,1.0,1.0,1.0
OraclePerfect_B10,JILONG_EI_0199,70,280.5207214355469,0.8609960260094783,1.0,1.0,1.0,1.0,1.0
OraclePerfect_B10,JILONG_EI_0199,80,336.1226806640625,0.7649450276769425,1.0,1.0,1.0,1.0,1.0
OraclePerfect_B10,JILONG_EI_0199,90,391.8134460449219,0.6659740954040703,1.0,1.0,1.0,1.0,1.0
OraclePerfect_B10,JILONG_EI_0199,100,421.52532958984375,0.6893190868491681,1.0,1.0,1.0,1.0,1.0
OraclePerfect_B10,JILONG_EI_0199,110,417.2898254394531,0.6882603084301094,1.0,1.0,1.0,1.0,1.0
OraclePerfect_B10,JILONG_EI_0199,120,433.52703857421875,0.7117088016377405,1.0,1.0,1.0,1.0,1.0
OraclePerfect_B10,JILONG_EI_0199,130,456.6716613769531,0.7116443964685776,1.0,1.0,1.0,1.0,1.0
OraclePerfect_B10,JILONG_EI_0199,140,412.1544494628906,0.7231672790053965,1.0,1.0,1.0,1.0,1.0
OraclePerfect_B10,JILONG_EI_0199,150,421.4078063964844,0.7312290280224921,1.0,1.0,1.0,1.0,1.0
OraclePerfect_B10,JILONG_EI_0199,160,379.12786865234375,0.7277016905850701,1.0,1.0,1.0,1.0,1.0
OraclePerfect_B10,JILONG_EI_0199,170,380.6207275390625,0.7324116855304371,1.0,1.0,1.0,1.0,1.0
OraclePerfect_B10,JILONG_EI_0199,180,353.906005859375,0.7427846050280739,1.0,1.0,1.0,1.0,1.0
OraclePerfect_B10,JILONG_EI_0199,190,354.90972900390625,0.742750161972472,1.0,1.0,1.0,1.0,1.0
OraclePerfect_B10,JILONG_EI_0199,200,344.7161560058594,0.7716074585161707,1.0,1.0,1.0,1.0,1.0
OraclePerfect_B10,JILONG_EI_0199,210,366.63616943359375,0.7980297800088024,1.0,1.0,1.0,1.0,1.0
OraclePerfect_B10,JILONG_EI_0199,220,408.4205322265625,0.8238192798763363,1.0,1.0,1.0,1.0,1.0
OraclePerfect_B10,JILONG_EI_0199,230,444.418701171875,0.8360566839465831,1.0,1.0,1.0,1.0,1.0
OraclePerfect_B10,JILONG_EI_0199,240,501.0966796875,0.8481026614529122,1.0,1.0,1.0,1.0,1.0
OraclePerfect_B10,JILONG_EI_0199,250,558.88134765625,0.8213893289858554,1.0,1.0,1.0,1.0,1.0
OraclePerfect_B10,JILONG_EI_0199,260,605.025390625,0.7808128825787383,1.0,1.0,1.0,1.0,1.0
OraclePerfect_B10,JILONG_EI_0199,270,639.105712890625,0.750089717106305,1.0,1.0,1.0,1.0,1.0
OraclePerfect_B10,JILONG_EI_0199,280,652.8480224609375,0.7588223813526338,1.0,1.0,1.0,1.0,1.0
OraclePerfect_B10,JILONG_EI_0199,290,659.2999267578125,0.7640549137873841,1.0,1.0,1.0,1.0,1.0
OraclePerfect_B10,JILONG_EI_0199,300,663.69580078125,0.7624279602888233,1.0,1.0,1.0,1.0,1.0
OraclePerfect_B10,JILONG_EI_0199,310,670.79150390625,0.7553457732182312,1.0,1.0,1.0,1.0,1.0
OraclePerfect_B10,JILONG_EI_0199,320,671.1544799804688,0.7321353385640639,1.0,1.0,1.0,1.0,1.0
OraclePerfect_B10,JILONG_EI_0199,330,665.9774780273438,0.7039424625283974,1.0,1.0,1.0,1.0,1.0
OraclePerfect_B10,JILONG_EI_0199,340,664.576904296875,0.6671561078433043,1.0,1.0,1.0,1.0,1.0
OraclePerfect_B10,JILONG_EI_0199,350,663.844482421875,0.67766554711163,1.0,1.0,1.0,1.0,1.0
OraclePerfect_B10,JILONG_EI_0199,360,666.903076171875,0.6988632250923487,1.0,1.0,1.0,1.0,1.0
OraclePerfect_B10,JILONG_EI_0199,370,673.273681640625,0.7031513933654654,1.0,1.0,1.0,1.0,1.0
OraclePerfect_B10,JILONG_EI_0199,380,680.3351440429688,0.6846033379323152,1.0,1.0,1.0,1.0,1.0
OraclePerfect_B10,JILONG_EI_0199,390,686.9794921875,0.6591848066478958,1.0,1.0,1.0,1.0,1.0
OraclePerfect_B10,JILONG_EI_0199,400,698.6546020507812,0.6231846665321786,1.0,1.0,1.0,1.0,1.0
OraclePerfect_B10,JILONG_EI_0199,410,701.9762573242188,0.5926409743850416,1.0,1.0,1.0,1.0,1.0
OraclePerfect_B10,JILONG_EI_0199,420,704.4754638671875,0.5672629392990515,1.0,1.0,1.0,1.0,1.0
OraclePerfect_B10,JILONG_EI_0199,430,703.4669189453125,0.5502877287825683,1.0,1.0,1.0,1.0,1.0
OraclePerfect_B10,JILONG_EI_0199,440,701.550537109375,0.5456227066749916,1.0,1.0,1.0,1.0,1.0
OraclePerfect_B10,JILONG_EI_0199,450,698.0980224609375,0.5398778453957925,1.0,1.0,1.0,1.0,1.0
OraclePerfect_B10,JILONG_EI_0199,460,692.42431640625,0.5384217522065032,1.0,1.0,1.0,1.0,1.0
OraclePerfect_B10,JILONG_EI_0199,470,687.0151977539062,0.5414005578448484,1.0,1.0,1.0,1.0,1.0
OraclePerfect_B10,JILONG_EI_0199,480,681.9337158203125,0.5484408460543956,1.0,1.0,1.0,1.0,1.0
OraclePerfect_B10,JILONG_EI_0199,490,673.5455322265625,0.5554872270407204,1.0,1.0,1.0,1.0,1.0
OraclePerfect_B10,JILONG_EI_0199,500,669.83203125,0.5596296213205421,1.0,1.0,1.0,1.0,1.0
OraclePerfect_B10,JILONG_EI_0199,510,666.927734375,0.5626959546626465,1.0,1.0,1.0,1.0,1.0
OraclePerfect_B10,JILONG_EI_0199,520,667.2868041992188,0.5633673683860206,1.0,1.0,1.0,1.0,1.0
OraclePerfect_B10,JILONG_EI_0199,530,669.023681640625,0.5668185446237701,1.0,1.0,1.0,1.0,1.0
OraclePerfect_B10,JILONG_EI_0199,540,672.4734497070312,0.5684285291135383,1.0,1.0,1.0,1.0,1.0
OraclePerfect_B10,JILONG_EI_0199,550,676.5438232421875,0.5721092790338188,1.0,1.0,1.0,1.0,1.0
OraclePerfect_B10,JILONG_EI_0199,560,677.4982299804688,0.57636624120897,1.0,1.0,1.0,1.0,1.0
OraclePerfect_B10,JILONG_EI_0199,570,681.3987426757812,0.5798988297327262,1.0,1.0,1.0,1.0,1.0
OraclePerfect_B10,JILONG_EI_0199,580,682.7847900390625,0.582372031113824,1.0,1.0,1.0,1.0,1.0
OraclePerfect_B10,JILONG_EI_0199,590,684.5086669921875,0.5850403880328442,1.0,1.0,1.0,1.0,1.0
OraclePerfect_B10,JILONG_EI_0199,600,687.0303955078125,0.588899623954955,1.0,1.0,1.0,1.0,1.0
OraclePerfect_B10,JILONG_EI_0199,610,689.9232788085938,0.5915631243244358,1.0,1.0,1.0,1.0,1.0
OraclePerfect_B10,JILONG_EI_0199,620,694.535400390625,0.5925973183868631,1.0,1.0,1.0,1.0,1.0
OraclePerfect_B10,JILONG_EI_0199,630,698.6859130859375,0.5943602560245999,1.0,1.0,1.0,1.0,1.0
OraclePerfect_B10,JILONG_EI_0199,640,701.73486328125,0.5968332019523479,1.0,1.0,1.0,1.0,1.0
OraclePerfect_B10,JILONG_EI_0199,650,704.485107421875,0.5994079193440164,1.0,1.0,1.0,1.0,1.0
OraclePerfect_B10,JILONG_EI_0199,660,707.52734375,0.6037059103625734,1.0,1.0,1.0,1.0,1.0
OraclePerfect_B10,JILONG_EI_0199,670,710.9264526367188,0.6041527525588066,1.0,1.0,1.0,1.0,1.0
OraclePerfect_B10,JILONG_EI_0199,680,717.3947143554688,0.6052940588583722,1.0,1.0,1.0,1.0,1.0
OraclePerfect_B10,JILONG_EI_0199,690,722.6685180664062,0.6064160942641303,1.0,1.0,1.0,1.0,1.0
OraclePerfect_B10,JILONG_EI_0199,700,725.9086303710938,0.605927612565363,1.0,1.0,1.0,1.0,1.0
OraclePerfect_B10,JILONG_EI_0199,710,729.050537109375,0.6052679961530051,1.0,1.0,1.0,1.0,1.0
OraclePerfect_B10,JILONG_EI_0199,720,733.787353515625,0.6041212319003388,1.0,1.0,1.0,1.0,1.0
OraclePerfect_B10,JILONG_EI_0199,730,740.9652099609375,0.6028318435069998,1.0,1.0,1.0,1.0,1.0
OraclePerfect_B10,JILONG_EI_0199,740,749.5859985351562,0.6011018222304554,1.0,1.0,1.0,1.0,1.0
OraclePerfect_B10,JILONG_EI_0199,750,758.009765625,0.59914027332609,1.0,1.0,1.0,1.0,1.0
OraclePerfect_B10,JILONG_EI_0199,760,764.269775390625,0.5960012798842823,1.0,1.0,1.0,1.0,1.0
OraclePerfect_B10,JILONG_EI_0199,770,769.8923950195312,0.5945095869079632,1.0,1.0,1.0,1.0,1.0
OraclePerfect_B10,JILONG_EI_0199,780,775.841064453125,0.5912697992434136,1.0,1.0,1.0,1.0,1.0
OraclePerfect_B10,JILONG_EI_0199,790,782.9254760742188,0.5880054805381499,1.0,1.0,1.0,1.0,1.0
OraclePerfect_B10,JILONG_EI_0199,800,788.0845336914062,0.5856596490866252,1.0,1.0,1.0,1.0,1.0
OraclePerfect_B10,JILONG_EI_0199,810,793.4674072265625,0.5857936859167944,1.0,1.0,1.0,1.0,1.0
OraclePerfect_B10,JILONG_EI_0199,820,798.2799682617188,0.5846469011379597,1.0,1.0,1.0,1.0,1.0
OraclePerfect_B10,JILONG_EI_0199,830,804.4636840820312,0.5830428811785116,1.0,1.0,1.0,1.0,1.0
OraclePerfect_B10,JILONG_EI_0199,840,810.1138916015625,0.5816177734271979,1.0,1.0,1.0,1.0,1.0
OraclePerfect_B10,JILONG_EI_0199,850,813.759033203125,0.5785438885614839,1.0,1.0,1.0,1.0,1.0
OraclePerfect_B10,JILONG_EI_0199,860,819.580078125,0.5776492836453263,1.0,1.0,1.0,1.0,1.0
OraclePerfect_B10,JILONG_EI_0199,870,825.24951171875,0.5757632189778025,1.0,1.0,1.0,1.0,1.0
OraclePerfect_B10,JILONG_EI_0199,880,828.415283203125,0.5727686683701091,1.0,1.0,1.0,1.0,1.0
OraclePerfect_B10,JILONG_EI_0199,890,834.0302124023438,0.5716568552239912,1.0,1.0,1.0,1.0,1.0
OraclePerfect_B10,JILONG_EI_0199,900,834.3074951171875,0.567390071013808,1.0,1.0,1.0,1.0,1.0
OraclePerfect_B10,JILONG_EI_0199,910,838.1586303710938,0.5652991410866759,1.0,1.0,1.0,1.0,1.0
OraclePerfect_B10,JILONG_EI_0199,920,843.0675659179688,0.5639984186539987,1.0,1.0,1.0,1.0,1.0
OraclePerfect_B10,JILONG_EI_0199,930,847.5217895507812,0.5607424334178159,1.0,1.0,1.0,1.0,1.0
OraclePerfect_B10,JILONG_EI_0199,940,850.9046630859375,0.5574508363457662,1.0,1.0,1.0,1.0,1.0
OraclePerfect_B10,JILONG_EI_0199,950,856.689453125,0.5551164587203924,1.0,1.0,1.0,1.0,1.0
OraclePerfect_B10,JILONG_EI_0199,960,860.6566162109375,0.5521848304479103,1.0,1.0,1.0,1.0,1.0
OraclePerfect_B10,JILONG_EI_0199,970,862.2593994140625,0.5467862302676246,1.0,1.0,1.0,1.0,1.0
OraclePerfect_B10,JILONG_EI_0199,980,864.92724609375,0.5426679859325052,1.0,1.0,1.0,1.0,1.0
OraclePerfect_B10,JILONG_EI_0199,990,868.343994140625,0.5390728917854104,1.0,1.0,1.0,1.0,1.0
OraclePerfect_B10,JILONG_EI_0199,1000,870.2430419921875,0.5334200366836649,1.0,1.0,1.0,1.0,1.0
OraclePerfect_B10,JILONG_EI_0199,1010,866.92529296875,0.5237580833785077,1.0,1.0,1.0,1.0,1.0
OraclePerfect_B10,JILONG_EI_0199,1020,863.931884765625,0.5149046116667974,1.0,1.0,1.0,1.0,1.0
OraclePerfect_B10,JILONG_EI_0199,1030,864.7772827148438,0.5089685849739607,1.0,1.0,1.0,1.0,1.0
OraclePerfect_B10,JILONG_EI_0199,1040,864.6393432617188,0.5022442344844458,1.0,1.0,1.0,1.0,1.0
OraclePerfect_B10,JILONG_EI_0199,1050,865.27197265625,0.49750217573872785,1.0,1.0,1.0,1.0,1.0
OraclePerfect_B10,JILONG_EI_0199,1060,865.0955810546875,0.4928554779399797,1.0,1.0,1.0,1.0,1.0
OraclePerfect_B10,JILONG_EI_0199,1070,866.5365600585938,0.4910559598514399,1.0,1.0,1.0,1.0,1.0
OraclePerfect_B10,JILONG_EI_0199,1080,868.7177734375,0.48974634442878234,1.0,1.0,1.0,1.0,1.0
OraclePerfect_B10,JILONG_EI_0199,1090,870.29541015625,0.4878867258542688,1.0,1.0,1.0,1.0,1.0
OraclePerfect_B10,JILONG_EI_0199,1100,871.99267578125,0.4847572487507736,1.0,1.0,1.0,1.0,1.0
OraclePerfect_B10,JILONG_EI_0199,1110,873.5640258789062,0.4836473322645256,1.0,1.0,1.0,1.0,1.0
OraclePerfect_B10,JILONG_EI_0199,1120,876.48681640625,0.4829483168235222,1.0,1.0,1.0,1.0,1.0
OraclePerfect_B10,JILONG_EI_0199,1130,874.699951171875,0.48316968045326825,1.0,1.0,1.0,1.0,1.0
OraclePerfect_B10,JILONG_EI_0199,1140,877.2969970703125,0.4817501215699707,1.0,1.0,1.0,1.0,1.0
OraclePerfect_B10,JILONG_EI_0199,1150,878.4867553710938,0.4780454692479223,1.0,1.0,1.0,1.0,1.0
OraclePerfect_B10,JILONG_EI_0199,1160,880.3441162109375,0.4756668987307545,1.0,1.0,1.0,1.0,1.0
OraclePerfect_B10,JILONG_EI_0199,1170,881.6004638671875,0.47436654825076596,1.0,1.0,1.0,1.0,1.0
OraclePerfect_B10,JILONG_EI_0199,1180,881.8632202148438,0.47126495883697356,1.0,1.0,1.0,1.0,1.0
OraclePerfect_B10,JILONG_EI_0199,1190,880.5694580078125,0.4643985715004927,1.0,1.0,1.0,1.0,1.0
OraclePerfect_B10,JILONG_EI_0199,1200,883.1964721679688,0.46265406387899993,1.0,1.0,1.0,1.0,1.0
OraclePerfect_B10,JILONG_EI_0199,1210,885.6033325195312,0.46151706593226255,1.0,1.0,1.0,1.0,1.0
OraclePerfect_B10,JILONG_EI_0199,1220,888.684326171875,0.4600248580202574,1.0,1.0,1.0,1.0,1.0
OraclePerfect_B10,JILONG_EI_0199,1230,889.7797241210938,0.4559338757856831,1.0,1.0,1.0,1.0,1.0
OraclePerfect_B10,JILONG_EI_0199,1240,892.6781005859375,0.4517888859285873,1.0,1.0,1.0,1.0,1.0
OraclePerfect_B10,JILONG_EI_0199,1250,891.6626586914062,0.44905715123319584,1.0,1.0,1.0,1.0,1.0
OraclePerfect_B10,JILONG_EI_0199,1260,892.1470947265625,0.4495828234472315,1.0,1.0,1.0,1.0,1.0
OraclePerfect_B10,JILONG_EI_0199,1270,892.869873046875,0.44633055101222013,1.0,1.0,1.0,1.0,1.0
OraclePerfect_B10,JILONG_EI_0199,1280,894.3272705078125,0.44198053494481604,1.0,1.0,1.0,1.0,1.0
OraclePerfect_B10,JILONG_EI_0199,1290,895.774169921875,0.44136842605256166,1.0,1.0,1.0,1.0,1.0
OraclePerfect_B10,JILONG_EI_0199,1300,898.4490966796875,0.439108053829847,1.0,1.0,1.0,1.0,1.0
OraclePerfect_B10,JILONG_EI_0199,1310,900.345458984375,0.43500058216169535,1.0,1.0,1.0,1.0,1.0
OraclePerfect_B10,JILONG_EI_0199,1320,900.64208984375,0.43178712827308907,1.0,1.0,1.0,1.0,1.0
OraclePerfect_B10,JILONG_EI_0199,1330,896.8656005859375,0.4239720002657452,1.0,1.0,1.0,1.0,1.0
OraclePerfect_B10,JILONG_EI_0199,1340,898.2600708007812,0.42178765646523675,1.0,1.0,1.0,1.0,1.0
OraclePerfect_B10,JILONG_EI_0199,1350,896.46875,0.42245623048564185,1.0,1.0,1.0,1.0,1.0
OraclePerfect_B10,JILONG_EI_0199,1360,892.3160400390625,0.4193494273214773,1.0,1.0,1.0,1.0,1.0
OraclePerfect_B10,JILONG_EI_0199,1370,892.9916381835938,0.42060415211181096,1.0,1.0,1.0,1.0,1.0
OraclePerfect_B10,JILONG_EI_0199,1380,896.225830078125,0.4189749246411944,1.0,1.0,1.0,1.0,1.0
OraclePerfect_B10,JILONG_EI_0199,1390,899.62939453125,0.41663172777469215,1.0,1.0,1.0,1.0,1.0
OraclePerfect_B10,JILONG_EI_0199,1400,903.8690185546875,0.41475198903893373,1.0,1.0,1.0,1.0,1.0
OraclePerfect_B10,JILONG_EI_0199,1410,905.887939453125,0.4132127939664687,1.0,1.0,1.0,1.0,1.0
OraclePerfect_B10,JILONG_EI_0199,1420,911.3614501953125,0.4108116491662328,1.0,1.0,1.0,1.0,1.0
OraclePerfect_B10,JILONG_EI_0199,1430,909.746337890625,0.40691719575735874,1.0,1.0,1.0,1.0,1.0
OraclePerfect_B10,JILONG_EI_0199,1440,912.4591064453125,0.40613688290791505,1.0,1.0,1.0,1.0,1.0
OraclePerfect_B20,JILONG_EI_0009,10,22.92501449584961,0.9893988673014942,1.0,1.0,1.0,1.0,1.0
OraclePerfect_B20,JILONG_EI_0009,20,38.945709228515625,0.9960695625775106,1.0,1.0,1.0,1.0,1.0
OraclePerfect_B20,JILONG_EI_0009,30,77.19544982910156,0.9973532043611201,1.0,1.0,1.0,1.0,1.0
OraclePerfect_B20,JILONG_EI_0009,40,176.11032104492188,0.9923270630510609,1.0,1.0,1.0,1.0,1.0
OraclePerfect_B20,JILONG_EI_0009,50,240.33084106445312,0.9215696600566459,1.0,1.0,1.0,1.0,1.0
OraclePerfect_B20,JILONG_EI_0009,60,277.660888671875,0.8841128295184449,1.0,1.0,1.0,1.0,1.0
OraclePerfect_B20,JILONG_EI_0009,70,343.9848937988281,0.8567877923161172,1.0,1.0,1.0,1.0,1.0
OraclePerfect_B20,JILONG_EI_0009,80,410.95703125,0.8083893021454103,1.0,1.0,1.0,1.0,1.0
OraclePerfect_B20,JILONG_EI_0009,90,437.88458251953125,0.742803588200446,1.0,1.0,1.0,1.0,1.0
OraclePerfect_B20,JILONG_EI_0009,100,423.5911865234375,0.7906866110285546,1.0,1.0,1.0,1.0,1.0
OraclePerfect_B20,JILONG_EI_0009,110,445.2671813964844,0.8122441923659942,1.0,1.0,1.0,1.0,1.0
OraclePerfect_B20,JILONG_EI_0009,120,475.7405090332031,0.8290041540829131,1.0,1.0,1.0,1.0,1.0
OraclePerfect_B20,JILONG_EI_0009,130,513.4219970703125,0.8033992784638767,1.0,1.0,1.0,1.0,1.0
OraclePerfect_B20,JILONG_EI_0009,140,475.783935546875,0.7467683201780579,1.0,1.0,1.0,1.0,1.0
OraclePerfect_B20,JILONG_EI_0009,150,434.277587890625,0.7927281051140044,1.0,1.0,1.0,1.0,1.0
OraclePerfect_B20,JILONG_EI_0009,160,384.733642578125,0.8067169913665817,1.0,1.0,1.0,1.0,1.0
OraclePerfect_B20,JILONG_EI_0009,170,384.364013671875,0.8163182662059709,1.0,1.0,1.0,1.0,1.0
OraclePerfect_B20,JILONG_EI_0009,180,370.11126708984375,0.810802155068712,1.0,1.0,1.0,1.0,1.0
OraclePerfect_B20,JILONG_EI_0009,190,345.9112243652344,0.780298712911073,1.0,1.0,1.0,1.0,1.0
OraclePerfect_B20,JILONG_EI_0009,200,345.67510986328125,0.7111298214832856,1.0,1.0,1.0,1.0,1.0
OraclePerfect_B20,JILONG_EI_0009,210,364.911376953125,0.7087150862915489,1.0,1.0,1.0,1.0,1.0
OraclePerfect_B20,JILONG_EI_0009,220,353.41827392578125,0.7089631961169569,1.0,1.0,1.0,1.0,1.0
OraclePerfect_B20,JILONG_EI_0009,230,381.9744873046875,0.7387428023890058,1.0,1.0,1.0,1.0,1.0
OraclePerfect_B20,JILONG_EI_0009,240,392.0172119140625,0.712157629252902,1.0,1.0,1.0,1.0,1.0
OraclePerfect_B20,JILONG_EI_0009,250,365.6571044921875,0.7749065433584323,1.0,1.0,1.0,1.0,1.0
OraclePerfect_B20,JILONG_EI_0009,260,390.140625,0.8095418541282214,1.0,1.0,1.0,1.0,1.0
OraclePerfect_B20,JILONG_EI_0009,270,416.25494384765625,0.8345095392786586,1.0,1.0,1.0,1.0,1.0
OraclePerfect_B20,JILONG_EI_0009,280,446.3973388671875,0.8613303414158664,1.0,1.0,1.0,1.0,1.0
OraclePerfect_B20,JILONG_EI_0009,290,471.3399658203125,0.8836459749529807,1.0,1.0,1.0,1.0,1.0
OraclePerfect_B20,JILONG_EI_0009,300,499.9019470214844,0.8977900933905023,1.0,1.0,1.0,1.0,1.0
OraclePerfect_B20,JILONG_EI_0009,310,537.05615234375,0.9066451974390194,1.0,1.0,1.0,1.0,1.0
OraclePerfect_B20,JILONG_EI_0009,320,576.7509765625,0.9092625981101483,1.0,1.0,1.0,1.0,1.0
OraclePerfect_B20,JILONG_EI_0009,330,609.28662109375,0.9167424466731113,1.0,1.0,1.0,1.0,1.0
OraclePerfect_B20,JILONG_EI_0009,340,633.7952270507812,0.9224087438280023,1.0,1.0,1.0,1.0,1.0
OraclePerfect_B20,JILONG_EI_0009,350,656.3759155273438,0.9192806821435221,1.0,1.0,1.0,1.0,1.0
OraclePerfect_B20,JILONG_EI_0009,360,671.2322387695312,0.8949588135541386,1.0,1.0,1.0,1.0,1.0
OraclePerfect_B20,JILONG_EI_0009,370,683.09375,0.8615110885657327,1.0,1.0,1.0,1.0,1.0
OraclePerfect_B20,JILONG_EI_0009,380,697.2674560546875,0.8199712105691335,1.0,1.0,1.0,1.0,1.0
OraclePerfect_B20,JILONG_EI_0009,390,707.8450927734375,0.7767860221968084,1.0,1.0,1.0,1.0,1.0
OraclePerfect_B20,JILONG_EI_0009,400,717.7676391601562,0.7355611206430155,1.0,1.0,1.0,1.0,1.0
OraclePerfect_B20,JILONG_EI_0009,410,715.3377075195312,0.7172811225369023,1.0,1.0,1.0,1.0,1.0
OraclePerfect_B20,JILONG_EI_0009,420,708.8368530273438,0.7209179410928883,1.0,1.0,1.0,1.0,1.0
OraclePerfect_B20,JILONG_EI_0009,430,702.669189453125,0.7201567577440087,1.0,1.0,1.0,1.0,1.0
OraclePerfect_B20,JILONG_EI_0009,440,701.5911865234375,0.7173946500554019,1.0,1.0,1.0,1.0,1.0
OraclePerfect_B20,JILONG_EI_0009,450,695.2376708984375,0.712251255303378,1.0,1.0,1.0,1.0,1.0
OraclePerfect_B20,JILONG_EI_0009,460,687.7879638671875,0.7036829493350982,1.0,1.0,1.0,1.0,1.0
OraclePerfect_B20,JILONG_EI_0009,470,682.572998046875,0.7007127546653759,1.0,1.0,1.0,1.0,1.0
OraclePerfect_B20,JILONG_EI_0009,480,676.1199951171875,0.7103119026796035,1.0,1.0,1.0,1.0,1.0
OraclePerfect_B20,JILONG_EI_0009,490,671.6767578125,0.7155494025819605,1.0,1.0,1.0,1.0,1.0
OraclePerfect_B20,JILONG_EI_0009,500,670.6926879882812,0.7229452863972065,1.0,1.0,1.0,1.0,1.0
OraclePerfect_B20,JILONG_EI_0009,510,667.9353637695312,0.7268793851092222,1.0,1.0,1.0,1.0,1.0
OraclePerfect_B20,JILONG_EI_0009,520,668.4617919921875,0.729377301540817,1.0,1.0,1.0,1.0,1.0
OraclePerfect_B20,JILONG_EI_0009,530,668.9103393554688,0.7321918991752925,1.0,1.0,1.0,1.0,1.0
OraclePerfect_B20,JILONG_EI_0009,540,668.3389892578125,0.7333221964915132,1.0,1.0,1.0,1.0,1.0
OraclePerfect_B20,JILONG_EI_0009,550,667.7077026367188,0.7350787033413296,1.0,1.0,1.0,1.0,1.0
OraclePerfect_B20,JILONG_EI_0009,560,663.8204345703125,0.7354257937809516,1.0,1.0,1.0,1.0,1.0
OraclePerfect_B20,JILONG_EI_0009,570,662.0247802734375,0.7346578443536912,1.0,1.0,1.0,1.0,1.0
OraclePerfect_B20,JILONG_EI_0009,580,660.8453369140625,0.7343800887740769,1.0,1.0,1.0,1.0,1.0
OraclePerfect_B20,JILONG_EI_0009,590,659.3648681640625,0.7308547268435036,1.0,1.0,1.0,1.0,1.0
OraclePerfect_B20,JILONG_EI_0009,600,657.2880859375,0.7278573637418739,1.0,1.0,1.0,1.0,1.0
OraclePerfect_B20,JILONG_EI_0009,610,656.4310302734375,0.7236497999695681,1.0,1.0,1.0,1.0,1.0
OraclePerfect_B20,JILONG_EI_0009,620,656.7169799804688,0.7202010089729681,1.0,1.0,1.0,1.0,1.0
OraclePerfect_B20,JILONG_EI_0009,630,655.2781982421875,0.7187863093268183,1.0,1.0,1.0,1.0,1.0
OraclePerfect_B20,JILONG_EI_0009,640,656.85009765625,0.7188181857181931,1.0,1.0,1.0,1.0,1.0
OraclePerfect_B20,JILONG_EI_0009,650,655.1165161132812,0.7179632109894405,1.0,1.0,1.0,1.0,1.0
OraclePerfect_B20,JILONG_EI_0009,660,653.5922241210938,0.7208648197339824,1.0,1.0,1.0,1.0,1.0
OraclePerfect_B20,JILONG_EI_0009,670,653.9954223632812,0.7202419273827643,1.0,1.0,1.0,1.0,1.0
OraclePerfect_B20,JILONG_EI_0009,680,654.0983276367188,0.7204714825488727,1.0,1.0,1.0,1.0,1.0
OraclePerfect_B20,JILONG_EI_0009,690,655.9259033203125,0.7221936992593957,1.0,1.0,1.0,1.0,1.0
OraclePerfect_B20,JILONG_EI_0009,700,657.651123046875,0.7238577744572918,1.0,1.0,1.0,1.0,1.0
OraclePerfect_B20,JILONG_EI_0009,710,659.90576171875,0.7226222030028452,1.0,1.0,1.0,1.0,1.0
OraclePerfect_B20,JILONG_EI_0009,720,659.8218994140625,0.7225813105121349,1.0,1.0,1.0,1.0,1.0
OraclePerfect_B20,JILONG_EI_0009,730,659.824951171875,0.7205109381099273,1.0,1.0,1.0,1.0,1.0
OraclePerfect_B20,JILONG_EI_0009,740,659.5916748046875,0.7186691289337385,1.0,1.0,1.0,1.0,1.0
OraclePerfect_B20,JILONG_EI_0009,750,660.9326782226562,0.7174228387731463,1.0,1.0,1.0,1.0,1.0
OraclePerfect_B20,JILONG_EI_0009,760,663.19482421875,0.7146127408296598,1.0,1.0,1.0,1.0,1.0
OraclePerfect_B20,JILONG_EI_0009,770,667.67041015625,0.7120945013947261,1.0,1.0,1.0,1.0,1.0
OraclePerfect_B20,JILONG_EI_0009,780,671.0772705078125,0.7099612712643757,1.0,1.0,1.0,1.0,1.0
OraclePerfect_B20,JILONG_EI_0009,790,676.0013427734375,0.7060548024655054,1.0,1.0,1.0,1.0,1.0
OraclePerfect_B20,JILONG_EI_0009,800,679.2354125976562,0.7027510824525939,1.0,1.0,1.0,1.0,1.0
OraclePerfect_B20,JILONG_EI_0009,810,683.160400390625,0.7018714839088304,1.0,1.0,1.0,1.0,1.0
OraclePerfect_B20,JILONG_EI_0009,820,687.85302734375,0.7005154168955048,1.0,1.0,1.0,1.0,1.0
OraclePerfect_B20,JILONG_EI_0009,830,691.2225341796875,0.6960471424150889,1.0,1.0,1.0,1.0,1.0
OraclePerfect_B20,JILONG_EI_0009,840,695.143310546875,0.6920080252077654,1.0,1.0,1.0,1.0,1.0
OraclePerfect_B20,JILONG_EI_0009,850,696.524169921875,0.6886449323940016,1.0,1.0,1.0,1.0,1.0
OraclePerfect_B20,JILONG_EI_0009,860,701.1253051757812,0.6832056720094634,1.0,1.0,1.0,1.0,1.0
OraclePerfect_B20,JILONG_EI_0009,870,704.4146728515625,0.6791062425124474,1.0,1.0,1.0,1.0,1.0
OraclePerfect_B20,JILONG_EI_0009,880,707.5859375,0.6745854611202323,1.0,1.0,1.0,1.0,1.0
OraclePerfect_B20,JILONG_EI_0009,890,711.4317626953125,0.6710592697495007,1.0,1.0,1.0,1.0,1.0
OraclePerfect_B20,JILONG_EI_0009,900,716.4520263671875,0.6640143713016919,1.0,1.0,1.0,1.0,1.0
OraclePerfect_B20,JILONG_EI_0009,910,720.4165649414062,0.6577984493202816,1.0,1.0,1.0,1.0,1.0
OraclePerfect_B20,JILONG_EI_0009,920,725.5538940429688,0.6515396981831327,1.0,1.0,1.0,1.0,1.0
OraclePerfect_B20,JILONG_EI_0009,930,730.6287841796875,0.6449845018393946,1.0,1.0,1.0,1.0,1.0
OraclePerfect_B20,JILONG_EI_0009,940,733.9315185546875,0.6381643620993849,1.0,1.0,1.0,1.0,1.0
OraclePerfect_B20,JILONG_EI_0009,950,740.186767578125,0.6282955409114599,1.0,1.0,1.0,1.0,1.0
OraclePerfect_B20,JILONG_EI_0009,960,742.44287109375,0.6216594939776586,1.0,1.0,1.0,1.0,1.0
OraclePerfect_B20,JILONG_EI_0009,970,746.7379150390625,0.6161261155969356,1.0,1.0,1.0,1.0,1.0
OraclePerfect_B20,JILONG_EI_0009,980,750.9581298828125,0.6103263828454376,1.0,1.0,1.0,1.0,1.0
OraclePerfect_B20,JILONG_EI_0009,990,755.493896484375,0.6028531404341594,1.0,1.0,1.0,1.0,1.0
OraclePerfect_B20,JILONG_EI_0009,1000,759.4278564453125,0.5973674999253925,1.0,1.0,1.0,1.0,1.0
OraclePerfect_B20,JILONG_EI_0009,1010,764.5256958007812,0.5916428345707097,1.0,1.0,1.0,1.0,1.0
OraclePerfect_B20,JILONG_EI_0009,1020,768.9515991210938,0.5854284987533565,1.0,1.0,1.0,1.0,1.0
OraclePerfect_B20,JILONG_EI_0009,1030,772.6483154296875,0.5802920695100695,1.0,1.0,1.0,1.0,1.0
OraclePerfect_B20,JILONG_EI_0009,1040,776.8636474609375,0.5743933196998376,1.0,1.0,1.0,1.0,1.0
OraclePerfect_B20,JILONG_EI_0009,1050,780.4072265625,0.5688451041830932,1.0,1.0,1.0,1.0,1.0
OraclePerfect_B20,JILONG_EI_0009,1060,785.265625,0.5647916905610214,1.0,1.0,1.0,1.0,1.0
OraclePerfect_B20,JILONG_EI_0009,1070,786.3157958984375,0.5588147009501098,1.0,1.0,1.0,1.0,1.0
OraclePerfect_B20,JILONG_EI_0009,1080,788.6296997070312,0.5537022962409275,1.0,1.0,1.0,1.0,1.0
OraclePerfect_B20,JILONG_EI_0009,1090,792.571044921875,0.5486137651378784,1.0,1.0,1.0,1.0,1.0
OraclePerfect_B20,JILONG_EI_0009,1100,797.0214233398438,0.5458531750961455,1.0,1.0,1.0,1.0,1.0
OraclePerfect_B20,JILONG_EI_0009,1110,800.421142578125,0.5444300238933666,1.0,1.0,1.0,1.0,1.0
OraclePerfect_B20,JILONG_EI_0009,1120,804.3460693359375,0.5427279254522765,1.0,1.0,1.0,1.0,1.0
OraclePerfect_B20,JILONG_EI_0009,1130,805.61865234375,0.5404373867520201,1.0,1.0,1.0,1.0,1.0
OraclePerfect_B20,JILONG_EI_0009,1140,810.2177124023438,0.5381684643810883,1.0,1.0,1.0,1.0,1.0
OraclePerfect_B20,JILONG_EI_0009,1150,812.60107421875,0.5365457281273808,1.0,1.0,1.0,1.0,1.0
OraclePerfect_B20,JILONG_EI_0009,1160,816.5985717773438,0.5344674519734792,1.0,1.0,1.0,1.0,1.0
OraclePerfect_B20,JILONG_EI_0009,1170,819.014892578125,0.5330540515372112,1.0,1.0,1.0,1.0,1.0
OraclePerfect_B20,JILONG_EI_0009,1180,822.1663208007812,0.5319473039159759,1.0,1.0,1.0,1.0,1.0
OraclePerfect_B20,JILONG_EI_0009,1190,824.11181640625,0.5288805481880262,1.0,1.0,1.0,1.0,1.0
OraclePerfect_B20,JILONG_EI_0009,1200,826.6248168945312,0.5279544482939161,1.0,1.0,1.0,1.0,1.0
OraclePerfect_B20,JILONG_EI_0009,1210,829.0244140625,0.5262878053052028,1.0,1.0,1.0,1.0,1.0
OraclePerfect_B20,JILONG_EI_0009,1220,832.2244262695312,0.5250599844847612,1.0,1.0,1.0,1.0,1.0
OraclePerfect_B20,JILONG_EI_0009,1230,834.94140625,0.5239471256461424,1.0,1.0,1.0,1.0,1.0
OraclePerfect_B20,JILONG_EI_0009,1240,838.200927734375,0.5212392449303753,1.0,1.0,1.0,1.0,1.0
OraclePerfect_B20,JILONG_EI_0009,1250,839.7211303710938,0.5193393561505033,1.0,1.0,1.0,1.0,1.0
OraclePerfect_B20,JILONG_EI_0009,1260,842.649169921875,0.5182463704100352,1.0,1.0,1.0,1.0,1.0
OraclePerfect_B20,JILONG_EI_0009,1270,844.9256591796875,0.5164739943018697,1.0,1.0,1.0,1.0,1.0
OraclePerfect_B20,JILONG_EI_0009,1280,847.9854736328125,0.5148718326184677,1.0,1.0,1.0,1.0,1.0
OraclePerfect_B20,JILONG_EI_0009,1290,851.288330078125,0.5129142603197121,1.0,1.0,1.0,1.0,1.0
OraclePerfect_B20,JILONG_EI_0009,1300,853.32568359375,0.5107801184135317,1.0,1.0,1.0,1.0,1.0
OraclePerfect_B20,JILONG_EI_0009,1310,858.5889892578125,0.5077718545032175,1.0,1.0,1.0,1.0,1.0
OraclePerfect_B20,JILONG_EI_0009,1320,859.1251220703125,0.5028802242388312,1.0,1.0,1.0,1.0,1.0
OraclePerfect_B20,JILONG_EI_0009,1330,863.1763916015625,0.4992584857150848,1.0,1.0,1.0,1.0,1.0
OraclePerfect_B20,JILONG_EI_0009,1340,864.5284423828125,0.49466976215354397,1.0,1.0,1.0,1.0,1.0
OraclePerfect_B20,JILONG_EI_0009,1350,868.34912109375,0.4916799516612612,1.0,1.0,1.0,1.0,1.0
OraclePerfect_B20,JILONG_EI_0009,1360,871.9982299804688,0.4885463160436251,1.0,1.0,1.0,1.0,1.0
OraclePerfect_B20,JILONG_EI_0009,1370,875.702880859375,0.4844849715861624,1.0,1.0,1.0,1.0,1.0
OraclePerfect_B20,JILONG_EI_0009,1380,878.5781860351562,0.47973732542636094,1.0,1.0,1.0,1.0,1.0
OraclePerfect_B20,JILONG_EI_0009,1390,881.1383056640625,0.4733778666798842,1.0,1.0,1.0,1.0,1.0
OraclePerfect_B20,JILONG_EI_0009,1400,882.7846069335938,0.46858924074253056,1.0,1.0,1.0,1.0,1.0
OraclePerfect_B20,JILONG_EI_0009,1410,885.3175048828125,0.4619105198964022,1.0,1.0,1.0,1.0,1.0
OraclePerfect_B20,JILONG_EI_0009,1420,890.096923828125,0.457589340487579,1.0,1.0,1.0,1.0,1.0
OraclePerfect_B20,JILONG_EI_0009,1430,893.7374877929688,0.4536557532839278,1.0,1.0,1.0,1.0,1.0
OraclePerfect_B20,JILONG_EI_0009,1440,894.0941162109375,0.44690400634445027,1.0,1.0,1.0,1.0,1.0
OraclePerfect_B20,JILONG_EI_0019,10,23.626689910888672,0.9959323435292468,1.0,1.0,1.0,1.0,1.0
OraclePerfect_B20,JILONG_EI_0019,20,43.76968002319336,0.9982247392656707,1.0,1.0,1.0,1.0,1.0
OraclePerfect_B20,JILONG_EI_0019,30,90.76106262207031,0.9987582081968496,1.0,1.0,1.0,1.0,1.0
OraclePerfect_B20,JILONG_EI_0019,40,173.46356201171875,0.9982345756870451,1.0,1.0,1.0,1.0,1.0
OraclePerfect_B20,JILONG_EI_0019,50,227.93844604492188,0.9176977852231757,1.0,1.0,1.0,1.0,1.0
OraclePerfect_B20,JILONG_EI_0019,60,256.15625,0.8790667891613657,1.0,1.0,1.0,1.0,1.0
OraclePerfect_B20,JILONG_EI_0019,70,299.40692138671875,0.8652903210982246,1.0,1.0,1.0,1.0,1.0
OraclePerfect_B20,JILONG_EI_0019,80,357.8848876953125,0.7807607514854388,1.0,1.0,1.0,1.0,1.0
OraclePerfect_B20,JILONG_EI_0019,90,382.6622619628906,0.7061179275301815,1.0,1.0,1.0,1.0,1.0
OraclePerfect_B20,JILONG_EI_0019,100,391.7044677734375,0.7314010842998376,1.0,1.0,1.0,1.0,1.0
OraclePerfect_B20,JILONG_EI_0019,110,372.9521789550781,0.8005073141796155,1.0,1.0,1.0,1.0,1.0
OraclePerfect_B20,JILONG_EI_0019,120,387.21612548828125,0.8226345675123903,1.0,1.0,1.0,1.0,1.0
OraclePerfect_B20,JILONG_EI_0019,130,445.099365234375,0.7860982248632791,1.0,1.0,1.0,1.0,1.0
OraclePerfect_B20,JILONG_EI_0019,140,416.1578063964844,0.7540585454374409,1.0,1.0,1.0,1.0,1.0
OraclePerfect_B20,JILONG_EI_0019,150,378.94207763671875,0.7957552030240223,1.0,1.0,1.0,1.0,1.0
OraclePerfect_B20,JILONG_EI_0019,160,340.3987121582031,0.809036257716267,1.0,1.0,1.0,1.0,1.0
OraclePerfect_B20,JILONG_EI_0019,170,337.6256103515625,0.8037032432970711,1.0,1.0,1.0,1.0,1.0
OraclePerfect_B20,JILONG_EI_0019,180,323.0294189453125,0.8161150711081011,1.0,1.0,1.0,1.0,1.0
OraclePerfect_B20,JILONG_EI_0019,190,318.25799560546875,0.8113880528241316,1.0,1.0,1.0,1.0,1.0
OraclePerfect_B20,JILONG_EI_0019,200,320.4945983886719,0.7009985047133812,1.0,1.0,1.0,1.0,1.0
OraclePerfect_B20,JILONG_EI_0019,210,324.2944641113281,0.7106790997394882,1.0,1.0,1.0,1.0,1.0
OraclePerfect_B20,JILONG_EI_0019,220,327.1925964355469,0.7271130941636316,1.0,1.0,1.0,1.0,1.0
OraclePerfect_B20,JILONG_EI_0019,230,323.58660888671875,0.7299567680024632,1.0,1.0,1.0,1.0,1.0
OraclePerfect_B20,JILONG_EI_0019,240,338.23406982421875,0.7402753727805399,1.0,1.0,1.0,1.0,1.0
OraclePerfect_B20,JILONG_EI_0019,250,332.67230224609375,0.7019667732358873,1.0,1.0,1.0,1.0,1.0
OraclePerfect_B20,JILONG_EI_0019,260,326.438720703125,0.793024721109927,1.0,1.0,1.0,1.0,1.0
OraclePerfect_B20,JILONG_EI_0019,270,355.14886474609375,0.82208285064386,1.0,1.0,1.0,1.0,1.0
OraclePerfect_B20,JILONG_EI_0019,280,378.6907653808594,0.8545330781292038,1.0,1.0,1.0,1.0,1.0
OraclePerfect_B20,JILONG_EI_0019,290,399.6896057128906,0.8769285646900646,1.0,1.0,1.0,1.0,1.0
OraclePerfect_B20,JILONG_EI_0019,300,426.113037109375,0.8899009800405074,1.0,1.0,1.0,1.0,1.0
OraclePerfect_B20,JILONG_EI_0019,310,452.3523864746094,0.8982553300579119,1.0,1.0,1.0,1.0,1.0
OraclePerfect_B20,JILONG_EI_0019,320,480.7951965332031,0.9016912563902509,1.0,1.0,1.0,1.0,1.0
OraclePerfect_B20,JILONG_EI_0019,330,508.2480773925781,0.9078097492440941,1.0,1.0,1.0,1.0,1.0
OraclePerfect_B20,JILONG_EI_0019,340,532.747802734375,0.9166689099850305,1.0,1.0,1.0,1.0,1.0
OraclePerfect_B20,JILONG_EI_0019,350,554.8937377929688,0.9182830835404716,1.0,1.0,1.0,1.0,1.0
OraclePerfect_B20,JILONG_EI_0019,360,566.0953369140625,0.926051428881063,1.0,1.0,1.0,1.0,1.0
OraclePerfect_B20,JILONG_EI_0019,370,575.2178344726562,0.9268302581558757,1.0,1.0,1.0,1.0,1.0
OraclePerfect_B20,JILONG_EI_0019,380,585.10986328125,0.901087461253674,1.0,1.0,1.0,1.0,1.0
OraclePerfect_B20,JILONG_EI_0019,390,596.3966064453125,0.8598243140581396,1.0,1.0,1.0,1.0,1.0
OraclePerfect_B20,JILONG_EI_0019,400,607.6480712890625,0.8130634805988681,1.0,1.0,1.0,1.0,1.0
OraclePerfect_B20,JILONG_EI_0019,410,615.0699462890625,0.769591173424565,1.0,1.0,1.0,1.0,1.0
OraclePerfect_B20,JILONG_EI_0019,420,617.0813598632812,0.735230967675201,1.0,1.0,1.0,1.0,1.0
OraclePerfect_B20,JILONG_EI_0019,430,619.0823974609375,0.7238719868004315,1.0,1.0,1.0,1.0,1.0
OraclePerfect_B20,JILONG_EI_0019,440,623.935302734375,0.7243146688050388,1.0,1.0,1.0,1.0,1.0
OraclePerfect_B20,JILONG_EI_0019,450,621.0809326171875,0.7206651057108382,1.0,1.0,1.0,1.0,1.0
OraclePerfect_B20,JILONG_EI_0019,460,617.4732666015625,0.7154863266639343,1.0,1.0,1.0,1.0,1.0
OraclePerfect_B20,JILONG_EI_0019,470,616.8692626953125,0.7078261593435227,1.0,1.0,1.0,1.0,1.0
OraclePerfect_B20,JILONG_EI_0019,480,610.3295288085938,0.7123695076725005,1.0,1.0,1.0,1.0,1.0
OraclePerfect_B20,JILONG_EI_0019,490,600.535400390625,0.7182268966944783,1.0,1.0,1.0,1.0,1.0
OraclePerfect_B20,JILONG_EI_0019,500,597.0390625,0.724787650053977,1.0,1.0,1.0,1.0,1.0
OraclePerfect_B20,JILONG_EI_0019,510,595.004638671875,0.7305540706422594,1.0,1.0,1.0,1.0,1.0
OraclePerfect_B20,JILONG_EI_0019,520,591.154296875,0.7366811335452407,1.0,1.0,1.0,1.0,1.0
OraclePerfect_B20,JILONG_EI_0019,530,592.725830078125,0.7411690630945348,1.0,1.0,1.0,1.0,1.0
OraclePerfect_B20,JILONG_EI_0019,540,591.7747802734375,0.7433283632912975,1.0,1.0,1.0,1.0,1.0
OraclePerfect_B20,JILONG_EI_0019,550,594.2015380859375,0.7457169541957805,1.0,1.0,1.0,1.0,1.0
OraclePerfect_B20,JILONG_EI_0019,560,595.7959594726562,0.7438026231979221,1.0,1.0,1.0,1.0,1.0
OraclePerfect_B20,JILONG_EI_0019,570,594.6953125,0.7438862077428934,1.0,1.0,1.0,1.0,1.0
OraclePerfect_B20,JILONG_EI_0019,580,593.4219970703125,0.7385032541151022,1.0,1.0,1.0,1.0,1.0
OraclePerfect_B20,JILONG_EI_0019,590,593.177490234375,0.734759668421775,1.0,1.0,1.0,1.0,1.0
OraclePerfect_B20,JILONG_EI_0019,600,594.39990234375,0.731046576302864,1.0,1.0,1.0,1.0,1.0
OraclePerfect_B20,JILONG_EI_0019,610,595.335693359375,0.725244427457368,1.0,1.0,1.0,1.0,1.0
OraclePerfect_B20,JILONG_EI_0019,620,593.6473999023438,0.7225869202357927,1.0,1.0,1.0,1.0,1.0
OraclePerfect_B20,JILONG_EI_0019,630,597.7243041992188,0.7209924204516099,1.0,1.0,1.0,1.0,1.0
OraclePerfect_B20,JILONG_EI_0019,640,597.4043579101562,0.7210678073614147,1.0,1.0,1.0,1.0,1.0
OraclePerfect_B20,JILONG_EI_0019,650,597.9694213867188,0.7210181726069979,1.0,1.0,1.0,1.0,1.0
OraclePerfect_B20,JILONG_EI_0019,660,596.1571655273438,0.7210003945294112,1.0,1.0,1.0,1.0,1.0
OraclePerfect_B20,JILONG_EI_0019,670,597.1488037109375,0.720957049588817,1.0,1.0,1.0,1.0,1.0
OraclePerfect_B20,JILONG_EI_0019,680,596.100830078125,0.7192054530738996,1.0,1.0,1.0,1.0,1.0
OraclePerfect_B20,JILONG_EI_0019,690,595.1092529296875,0.7213325148443474,1.0,1.0,1.0,1.0,1.0
OraclePerfect_B20,JILONG_EI_0019,700,597.0919189453125,0.7220852707234169,1.0,1.0,1.0,1.0,1.0
OraclePerfect_B20,JILONG_EI_0019,710,597.9580078125,0.7200082962032581,1.0,1.0,1.0,1.0,1.0
OraclePerfect_B20,JILONG_EI_0019,720,596.427734375,0.7217279808737219,1.0,1.0,1.0,1.0,1.0
OraclePerfect_B20,JILONG_EI_0019,730,597.23681640625,0.7189507509338412,1.0,1.0,1.0,1.0,1.0
OraclePerfect_B20,JILONG_EI_0019,740,596.1215209960938,0.7153707605218629,1.0,1.0,1.0,1.0,1.0
OraclePerfect_B20,JILONG_EI_0019,750,597.7860717773438,0.7123770364037563,1.0,1.0,1.0,1.0,1.0
OraclePerfect_B20,JILONG_EI_0019,760,601.0660400390625,0.7095336527441122,1.0,1.0,1.0,1.0,1.0
OraclePerfect_B20,JILONG_EI_0019,770,604.2252197265625,0.7075307957815328,1.0,1.0,1.0,1.0,1.0
OraclePerfect_B20,JILONG_EI_0019,780,607.5169677734375,0.7035740209416389,1.0,1.0,1.0,1.0,1.0
OraclePerfect_B20,JILONG_EI_0019,790,610.8065185546875,0.7014479138918277,1.0,1.0,1.0,1.0,1.0
OraclePerfect_B20,JILONG_EI_0019,800,612.6350708007812,0.7001392166594198,1.0,1.0,1.0,1.0,1.0
OraclePerfect_B20,JILONG_EI_0019,810,616.5242919921875,0.6986194431861587,1.0,1.0,1.0,1.0,1.0
OraclePerfect_B20,JILONG_EI_0019,820,619.9342651367188,0.6967409579522704,1.0,1.0,1.0,1.0,1.0
OraclePerfect_B20,JILONG_EI_0019,830,623.5859375,0.6962397056606471,1.0,1.0,1.0,1.0,1.0
OraclePerfect_B20,JILONG_EI_0019,840,627.435302734375,0.6961112494829885,1.0,1.0,1.0,1.0,1.0
OraclePerfect_B20,JILONG_EI_0019,850,629.2254028320312,0.6927069465932276,1.0,1.0,1.0,1.0,1.0
OraclePerfect_B20,JILONG_EI_0019,860,633.39404296875,0.6900014743924671,1.0,1.0,1.0,1.0,1.0
OraclePerfect_B20,JILONG_EI_0019,870,635.9200439453125,0.6890991558574912,1.0,1.0,1.0,1.0,1.0
OraclePerfect_B20,JILONG_EI_0019,880,641.5708618164062,0.6870052392565037,1.0,1.0,1.0,1.0,1.0
OraclePerfect_B20,JILONG_EI_0019,890,644.7902221679688,0.6857965555794581,1.0,1.0,1.0,1.0,1.0
OraclePerfect_B20,JILONG_EI_0019,900,648.4428100585938,0.6836679139703183,1.0,1.0,1.0,1.0,1.0
OraclePerfect_B20,JILONG_EI_0019,910,651.5363159179688,0.6810214770930108,1.0,1.0,1.0,1.0,1.0
OraclePerfect_B20,JILONG_EI_0019,920,655.0234375,0.6771934147613008,1.0,1.0,1.0,1.0,1.0
OraclePerfect_B20,JILONG_EI_0019,930,658.5706787109375,0.6720482447955692,1.0,1.0,1.0,1.0,1.0
OraclePerfect_B20,JILONG_EI_0019,940,662.0049438476562,0.6669054518418385,1.0,1.0,1.0,1.0,1.0
OraclePerfect_B20,JILONG_EI_0019,950,665.9652709960938,0.6614164094269651,1.0,1.0,1.0,1.0,1.0
OraclePerfect_B20,JILONG_EI_0019,960,670.140380859375,0.6554316959794526,1.0,1.0,1.0,1.0,1.0
OraclePerfect_B20,JILONG_EI_0019,970,674.50048828125,0.6486346899034026,1.0,1.0,1.0,1.0,1.0
OraclePerfect_B20,JILONG_EI_0019,980,679.171142578125,0.6427576707820549,1.0,1.0,1.0,1.0,1.0
OraclePerfect_B20,JILONG_EI_0019,990,684.7578125,0.6369433084025977,1.0,1.0,1.0,1.0,1.0
OraclePerfect_B20,JILONG_EI_0019,1000,687.9925537109375,0.6320082075192359,1.0,1.0,1.0,1.0,1.0
OraclePerfect_B20,JILONG_EI_0019,1010,691.7218627929688,0.6288813375256379,1.0,1.0,1.0,1.0,1.0
OraclePerfect_B20,JILONG_EI_0019,1020,696.2678833007812,0.6254828183589035,1.0,1.0,1.0,1.0,1.0
OraclePerfect_B20,JILONG_EI_0019,1030,700.189697265625,0.6230488385097064,1.0,1.0,1.0,1.0,1.0
OraclePerfect_B20,JILONG_EI_0019,1040,703.0839233398438,0.6199773923070757,1.0,1.0,1.0,1.0,1.0
OraclePerfect_B20,JILONG_EI_0019,1050,707.3807983398438,0.6163288368081167,1.0,1.0,1.0,1.0,1.0
OraclePerfect_B20,JILONG_EI_0019,1060,709.6536865234375,0.6118804868251622,1.0,1.0,1.0,1.0,1.0
OraclePerfect_B20,JILONG_EI_0019,1070,713.98046875,0.6087147784042084,1.0,1.0,1.0,1.0,1.0
OraclePerfect_B20,JILONG_EI_0019,1080,716.365966796875,0.6077899399385238,1.0,1.0,1.0,1.0,1.0
OraclePerfect_B20,JILONG_EI_0019,1090,717.901611328125,0.6015505122341852,1.0,1.0,1.0,1.0,1.0
OraclePerfect_B20,JILONG_EI_0019,1100,719.98388671875,0.6003878233410512,1.0,1.0,1.0,1.0,1.0
OraclePerfect_B20,JILONG_EI_0019,1110,723.224853515625,0.5961324853953498,1.0,1.0,1.0,1.0,1.0
OraclePerfect_B20,JILONG_EI_0019,1120,725.060791015625,0.591233265383415,1.0,1.0,1.0,1.0,1.0
OraclePerfect_B20,JILONG_EI_0019,1130,728.84228515625,0.5877485254214723,1.0,1.0,1.0,1.0,1.0
OraclePerfect_B20,JILONG_EI_0019,1140,731.260986328125,0.5836393049611129,1.0,1.0,1.0,1.0,1.0
OraclePerfect_B20,JILONG_EI_0019,1150,734.8703002929688,0.5809044330084282,1.0,1.0,1.0,1.0,1.0
OraclePerfect_B20,JILONG_EI_0019,1160,738.723388671875,0.5778823427953185,1.0,1.0,1.0,1.0,1.0
OraclePerfect_B20,JILONG_EI_0019,1170,741.0669555664062,0.5728983586254743,1.0,1.0,1.0,1.0,1.0
OraclePerfect_B20,JILONG_EI_0019,1180,744.4447021484375,0.571046629478597,1.0,1.0,1.0,1.0,1.0
OraclePerfect_B20,JILONG_EI_0019,1190,748.1646728515625,0.569835412503708,1.0,1.0,1.0,1.0,1.0
OraclePerfect_B20,JILONG_EI_0019,1200,752.052001953125,0.5688956281512179,1.0,1.0,1.0,1.0,1.0
OraclePerfect_B20,JILONG_EI_0019,1210,755.2816162109375,0.568191579054163,1.0,1.0,1.0,1.0,1.0
OraclePerfect_B20,JILONG_EI_0019,1220,758.4375,0.5672277613093203,1.0,1.0,1.0,1.0,1.0
OraclePerfect_B20,JILONG_EI_0019,1230,760.7421875,0.5629597939984445,1.0,1.0,1.0,1.0,1.0
OraclePerfect_B20,JILONG_EI_0019,1240,763.347412109375,0.5621853568474464,1.0,1.0,1.0,1.0,1.0
OraclePerfect_B20,JILONG_EI_0019,1250,766.4437255859375,0.560763161688283,1.0,1.0,1.0,1.0,1.0
OraclePerfect_B20,JILONG_EI_0019,1260,767.7295532226562,0.5611314563887311,1.0,1.0,1.0,1.0,1.0
OraclePerfect_B20,JILONG_EI_0019,1270,770.6725463867188,0.5600240231578576,1.0,1.0,1.0,1.0,1.0
OraclePerfect_B20,JILONG_EI_0019,1280,773.8133544921875,0.5587980537322176,1.0,1.0,1.0,1.0,1.0
OraclePerfect_B20,JILONG_EI_0019,1290,776.0875244140625,0.5579781477336982,1.0,1.0,1.0,1.0,1.0
OraclePerfect_B20,JILONG_EI_0019,1300,779.5949096679688,0.5564217754895411,1.0,1.0,1.0,1.0,1.0
OraclePerfect_B20,JILONG_EI_0019,1310,780.648681640625,0.5527246847292018,1.0,1.0,1.0,1.0,1.0
OraclePerfect_B20,JILONG_EI_0019,1320,783.6521606445312,0.5507490810820657,1.0,1.0,1.0,1.0,1.0
OraclePerfect_B20,JILONG_EI_0019,1330,785.018798828125,0.550366284639465,1.0,1.0,1.0,1.0,1.0
OraclePerfect_B20,JILONG_EI_0019,1340,784.8214111328125,0.5469868245062204,1.0,1.0,1.0,1.0,1.0
OraclePerfect_B20,JILONG_EI_0019,1350,786.3370361328125,0.5441141464033646,1.0,1.0,1.0,1.0,1.0
OraclePerfect_B20,JILONG_EI_0019,1360,787.5155029296875,0.5395745737718034,1.0,1.0,1.0,1.0,1.0
OraclePerfect_B20,JILONG_EI_0019,1370,790.134521484375,0.5380152509068269,1.0,1.0,1.0,1.0,1.0
OraclePerfect_B20,JILONG_EI_0019,1380,792.974365234375,0.535831199284858,1.0,1.0,1.0,1.0,1.0
OraclePerfect_B20,JILONG_EI_0019,1390,795.9791259765625,0.5328180091157314,1.0,1.0,1.0,1.0,1.0
OraclePerfect_B20,JILONG_EI_0019,1400,799.00830078125,0.5295092022397381,1.0,1.0,1.0,1.0,1.0
OraclePerfect_B20,JILONG_EI_0019,1410,797.34765625,0.5210048563935071,1.0,1.0,1.0,1.0,1.0
OraclePerfect_B20,JILONG_EI_0019,1420,794.7396240234375,0.5108900119861602,1.0,1.0,1.0,1.0,1.0
OraclePerfect_B20,JILONG_EI_0019,1430,795.2359619140625,0.5050774212630547,1.0,1.0,1.0,1.0,1.0
OraclePerfect_B20,JILONG_EI_0019,1440,795.2810668945312,0.4975819269949828,1.0,1.0,1.0,1.0,1.0
OraclePerfect_B20,JILONG_EI_0029,10,19.188905715942383,0.9891591569851762,1.0,1.0,1.0,1.0,1.0
OraclePerfect_B20,JILONG_EI_0029,20,42.28966522216797,0.9968324685291953,1.0,1.0,1.0,1.0,1.0
OraclePerfect_B20,JILONG_EI_0029,30,100.38005828857422,0.9982887145760045,1.0,1.0,1.0,1.0,1.0
OraclePerfect_B20,JILONG_EI_0029,40,198.03823852539062,0.9947115786129397,1.0,1.0,1.0,1.0,1.0
OraclePerfect_B20,JILONG_EI_0029,50,262.174560546875,0.916876091693573,1.0,1.0,1.0,1.0,1.0
OraclePerfect_B20,JILONG_EI_0029,60,294.1797180175781,0.8756026521837328,1.0,1.0,1.0,1.0,1.0
OraclePerfect_B20,JILONG_EI_0029,70,350.677001953125,0.8591145664431906,1.0,1.0,1.0,1.0,1.0
OraclePerfect_B20,JILONG_EI_0029,80,417.95599365234375,0.7848752769769327,1.0,1.0,1.0,1.0,1.0
OraclePerfect_B20,JILONG_EI_0029,90,447.775390625,0.7318350018378051,1.0,1.0,1.0,1.0,1.0
OraclePerfect_B20,JILONG_EI_0029,100,437.43585205078125,0.7709209611607832,1.0,1.0,1.0,1.0,1.0
OraclePerfect_B20,JILONG_EI_0029,110,434.21942138671875,0.8077821997898245,1.0,1.0,1.0,1.0,1.0
OraclePerfect_B20,JILONG_EI_0029,120,466.1539611816406,0.8110929321225058,1.0,1.0,1.0,1.0,1.0
OraclePerfect_B20,JILONG_EI_0029,130,484.87518310546875,0.791729871921409,1.0,1.0,1.0,1.0,1.0
OraclePerfect_B20,JILONG_EI_0029,140,443.15960693359375,0.7497008612670784,1.0,1.0,1.0,1.0,1.0
OraclePerfect_B20,JILONG_EI_0029,150,425.66217041015625,0.8020114572023469,1.0,1.0,1.0,1.0,1.0
OraclePerfect_B20,JILONG_EI_0029,160,381.28009033203125,0.8069079227945023,1.0,1.0,1.0,1.0,1.0
OraclePerfect_B20,JILONG_EI_0029,170,400.60894775390625,0.7987930501220442,1.0,1.0,1.0,1.0,1.0
OraclePerfect_B20,JILONG_EI_0029,180,379.2262878417969,0.8039259601264571,1.0,1.0,1.0,1.0,1.0
OraclePerfect_B20,JILONG_EI_0029,190,349.72216796875,0.7662330592880552,1.0,1.0,1.0,1.0,1.0
OraclePerfect_B20,JILONG_EI_0029,200,352.1776123046875,0.7179927784685395,1.0,1.0,1.0,1.0,1.0
OraclePerfect_B20,JILONG_EI_0029,210,351.750732421875,0.7335667618438321,1.0,1.0,1.0,1.0,1.0
OraclePerfect_B20,JILONG_EI_0029,220,345.0818176269531,0.7316348504340988,1.0,1.0,1.0,1.0,1.0
OraclePerfect_B20,JILONG_EI_0029,230,371.84393310546875,0.7574715511054277,1.0,1.0,1.0,1.0,1.0
OraclePerfect_B20,JILONG_EI_0029,240,381.4804992675781,0.6919584990563664,1.0,1.0,1.0,1.0,1.0
OraclePerfect_B20,JILONG_EI_0029,250,369.9203186035156,0.8063426925534637,1.0,1.0,1.0,1.0,1.0
OraclePerfect_B20,JILONG_EI_0029,260,400.45391845703125,0.8344541536546521,1.0,1.0,1.0,1.0,1.0
OraclePerfect_B20,JILONG_EI_0029,270,431.1397705078125,0.8524815199405078,1.0,1.0,1.0,1.0,1.0
OraclePerfect_B20,JILONG_EI_0029,280,458.0646667480469,0.8760737916937223,1.0,1.0,1.0,1.0,1.0
OraclePerfect_B20,JILONG_EI_0029,290,479.0984191894531,0.900352961064514,1.0,1.0,1.0,1.0,1.0
OraclePerfect_B20,JILONG_EI_0029,300,513.2134399414062,0.9117190872212503,1.0,1.0,1.0,1.0,1.0
OraclePerfect_B20,JILONG_EI_0029,310,539.1873779296875,0.9176312560586233,1.0,1.0,1.0,1.0,1.0
OraclePerfect_B20,JILONG_EI_0029,320,570.7741088867188,0.9192240129156463,1.0,1.0,1.0,1.0,1.0
OraclePerfect_B20,JILONG_EI_0029,330,593.1151733398438,0.9244196517933108,1.0,1.0,1.0,1.0,1.0
OraclePerfect_B20,JILONG_EI_0029,340,607.7235107421875,0.9245706870694755,1.0,1.0,1.0,1.0,1.0
OraclePerfect_B20,JILONG_EI_0029,350,621.8206176757812,0.8993063053976964,1.0,1.0,1.0,1.0,1.0
OraclePerfect_B20,JILONG_EI_0029,360,635.577392578125,0.8555584651349424,1.0,1.0,1.0,1.0,1.0
OraclePerfect_B20,JILONG_EI_0029,370,650.645263671875,0.8094464643710404,1.0,1.0,1.0,1.0,1.0
OraclePerfect_B20,JILONG_EI_0029,380,662.5428466796875,0.7648171184230339,1.0,1.0,1.0,1.0,1.0
OraclePerfect_B20,JILONG_EI_0029,390,668.4674072265625,0.729459076192025,1.0,1.0,1.0,1.0,1.0
OraclePerfect_B20,JILONG_EI_0029,400,672.1820068359375,0.7225591694955712,1.0,1.0,1.0,1.0,1.0
OraclePerfect_B20,JILONG_EI_0029,410,671.5780639648438,0.728819615959665,1.0,1.0,1.0,1.0,1.0
OraclePerfect_B20,JILONG_EI_0029,420,669.5951538085938,0.7262149512351821,1.0,1.0,1.0,1.0,1.0
OraclePerfect_B20,JILONG_EI_0029,430,666.23095703125,0.7258106129472857,1.0,1.0,1.0,1.0,1.0
OraclePerfect_B20,JILONG_EI_0029,440,660.6263427734375,0.7192539436719113,1.0,1.0,1.0,1.0,1.0
OraclePerfect_B20,JILONG_EI_0029,450,649.5438232421875,0.7125126103042043,1.0,1.0,1.0,1.0,1.0
OraclePerfect_B20,JILONG_EI_0029,460,641.2244873046875,0.7004357678547011,1.0,1.0,1.0,1.0,1.0
OraclePerfect_B20,JILONG_EI_0029,470,631.9312744140625,0.6989947467793124,1.0,1.0,1.0,1.0,1.0
OraclePerfect_B20,JILONG_EI_0029,480,627.9086303710938,0.7062082049748394,1.0,1.0,1.0,1.0,1.0
OraclePerfect_B20,JILONG_EI_0029,490,620.93359375,0.7142710075959045,1.0,1.0,1.0,1.0,1.0
OraclePerfect_B20,JILONG_EI_0029,500,620.3250122070312,0.7201349940839494,1.0,1.0,1.0,1.0,1.0
OraclePerfect_B20,JILONG_EI_0029,510,617.80322265625,0.7269994410359231,1.0,1.0,1.0,1.0,1.0
OraclePerfect_B20,JILONG_EI_0029,520,616.0032348632812,0.7316817992683857,1.0,1.0,1.0,1.0,1.0
OraclePerfect_B20,JILONG_EI_0029,530,613.3800048828125,0.7357064735976294,1.0,1.0,1.0,1.0,1.0
OraclePerfect_B20,JILONG_EI_0029,540,609.9683837890625,0.739288576711246,1.0,1.0,1.0,1.0,1.0
OraclePerfect_B20,JILONG_EI_0029,550,610.58740234375,0.7401160451298106,1.0,1.0,1.0,1.0,1.0
OraclePerfect_B20,JILONG_EI_0029,560,609.7857666015625,0.7421197124876648,1.0,1.0,1.0,1.0,1.0
OraclePerfect_B20,JILONG_EI_0029,570,609.1200561523438,0.7437117793680481,1.0,1.0,1.0,1.0,1.0
OraclePerfect_B20,JILONG_EI_0029,580,606.9912109375,0.74431097877491,1.0,1.0,1.0,1.0,1.0
OraclePerfect_B20,JILONG_EI_0029,590,604.7705078125,0.7453432632329774,1.0,1.0,1.0,1.0,1.0
OraclePerfect_B20,JILONG_EI_0029,600,599.3533935546875,0.7417431664190804,1.0,1.0,1.0,1.0,1.0
OraclePerfect_B20,JILONG_EI_0029,610,597.12451171875,0.7364160743326645,1.0,1.0,1.0,1.0,1.0
OraclePerfect_B20,JILONG_EI_0029,620,594.8120727539062,0.7310660320863691,1.0,1.0,1.0,1.0,1.0
OraclePerfect_B20,JILONG_EI_0029,630,595.7574462890625,0.730602305112144,1.0,1.0,1.0,1.0,1.0
OraclePerfect_B20,JILONG_EI_0029,640,599.0782470703125,0.7299245580701531,1.0,1.0,1.0,1.0,1.0
OraclePerfect_B20,JILONG_EI_0029,650,604.1885375976562,0.7301677114811564,1.0,1.0,1.0,1.0,1.0
OraclePerfect_B20,JILONG_EI_0029,660,609.57421875,0.7317431753476326,1.0,1.0,1.0,1.0,1.0
OraclePerfect_B20,JILONG_EI_0029,670,611.6392822265625,0.7362866060664656,1.0,1.0,1.0,1.0,1.0
OraclePerfect_B20,JILONG_EI_0029,680,612.2348022460938,0.7387338581960824,1.0,1.0,1.0,1.0,1.0
OraclePerfect_B20,JILONG_EI_0029,690,615.2703247070312,0.7377370460550196,1.0,1.0,1.0,1.0,1.0
OraclePerfect_B20,JILONG_EI_0029,700,619.466796875,0.7396660818908387,1.0,1.0,1.0,1.0,1.0
OraclePerfect_B20,JILONG_EI_0029,710,623.9097900390625,0.7398336093204801,1.0,1.0,1.0,1.0,1.0
OraclePerfect_B20,JILONG_EI_0029,720,629.8290405273438,0.7383859221451718,1.0,1.0,1.0,1.0,1.0
OraclePerfect_B20,JILONG_EI_0029,730,634.120361328125,0.7375840770401217,1.0,1.0,1.0,1.0,1.0
OraclePerfect_B20,JILONG_EI_0029,740,637.8931884765625,0.7375919189164372,1.0,1.0,1.0,1.0,1.0
OraclePerfect_B20,JILONG_EI_0029,750,643.6492919921875,0.733976822031341,1.0,1.0,1.0,1.0,1.0
OraclePerfect_B20,JILONG_EI_0029,760,648.2568359375,0.7301643655756342,1.0,1.0,1.0,1.0,1.0
OraclePerfect_B20,JILONG_EI_0029,770,652.7579345703125,0.7243482896574767,1.0,1.0,1.0,1.0,1.0
OraclePerfect_B20,JILONG_EI_0029,780,658.1085205078125,0.718405168137289,1.0,1.0,1.0,1.0,1.0
OraclePerfect_B20,JILONG_EI_0029,790,661.9130249023438,0.709551905216077,1.0,1.0,1.0,1.0,1.0
OraclePerfect_B20,JILONG_EI_0029,800,667.8712158203125,0.6993404137974952,1.0,1.0,1.0,1.0,1.0
OraclePerfect_B20,JILONG_EI_0029,810,673.761474609375,0.6929963262632273,1.0,1.0,1.0,1.0,1.0
OraclePerfect_B20,JILONG_EI_0029,820,680.0922241210938,0.6832566938213108,1.0,1.0,1.0,1.0,1.0
OraclePerfect_B20,JILONG_EI_0029,830,685.908203125,0.6747927195797769,1.0,1.0,1.0,1.0,1.0
OraclePerfect_B20,JILONG_EI_0029,840,691.4168090820312,0.6675794324244014,1.0,1.0,1.0,1.0,1.0
OraclePerfect_B20,JILONG_EI_0029,850,697.8394775390625,0.6601363831397575,1.0,1.0,1.0,1.0,1.0
OraclePerfect_B20,JILONG_EI_0029,860,701.3461303710938,0.6538622752682905,1.0,1.0,1.0,1.0,1.0
OraclePerfect_B20,JILONG_EI_0029,870,706.28125,0.6475135576873194,1.0,1.0,1.0,1.0,1.0
OraclePerfect_B20,JILONG_EI_0029,880,711.8933715820312,0.6416592639748921,1.0,1.0,1.0,1.0,1.0
OraclePerfect_B20,JILONG_EI_0029,890,715.4420166015625,0.6367373755007634,1.0,1.0,1.0,1.0,1.0
OraclePerfect_B20,JILONG_EI_0029,900,721.8123779296875,0.6288223957617474,1.0,1.0,1.0,1.0,1.0
OraclePerfect_B20,JILONG_EI_0029,910,724.29248046875,0.623266263034934,1.0,1.0,1.0,1.0,1.0
OraclePerfect_B20,JILONG_EI_0029,920,728.5472412109375,0.6167529643832205,1.0,1.0,1.0,1.0,1.0
OraclePerfect_B20,JILONG_EI_0029,930,734.2022705078125,0.6113988160728218,1.0,1.0,1.0,1.0,1.0
OraclePerfect_B20,JILONG_EI_0029,940,738.3026123046875,0.6055079272915151,1.0,1.0,1.0,1.0,1.0
OraclePerfect_B20,JILONG_EI_0029,950,739.7523193359375,0.6031918532906877,1.0,1.0,1.0,1.0,1.0
OraclePerfect_B20,JILONG_EI_0029,960,743.6694946289062,0.5979707358180194,1.0,1.0,1.0,1.0,1.0
OraclePerfect_B20,JILONG_EI_0029,970,747.8474731445312,0.5942091041792469,1.0,1.0,1.0,1.0,1.0
OraclePerfect_B20,JILONG_EI_0029,980,751.3221435546875,0.5910868017965317,1.0,1.0,1.0,1.0,1.0
OraclePerfect_B20,JILONG_EI_0029,990,755.489990234375,0.5884531433769598,1.0,1.0,1.0,1.0,1.0
OraclePerfect_B20,JILONG_EI_0029,1000,760.42529296875,0.5853606998880333,1.0,1.0,1.0,1.0,1.0
OraclePerfect_B20,JILONG_EI_0029,1010,762.9527587890625,0.5816172681795934,1.0,1.0,1.0,1.0,1.0
OraclePerfect_B20,JILONG_EI_0029,1020,768.2251586914062,0.5785704262042031,1.0,1.0,1.0,1.0,1.0
OraclePerfect_B20,JILONG_EI_0029,1030,772.63330078125,0.5779505227986601,1.0,1.0,1.0,1.0,1.0
OraclePerfect_B20,JILONG_EI_0029,1040,773.1461181640625,0.5747175849092273,1.0,1.0,1.0,1.0,1.0
OraclePerfect_B20,JILONG_EI_0029,1050,778.1134643554688,0.5723854971036955,1.0,1.0,1.0,1.0,1.0
OraclePerfect_B20,JILONG_EI_0029,1060,781.2477416992188,0.569394413459438,1.0,1.0,1.0,1.0,1.0
OraclePerfect_B20,JILONG_EI_0029,1070,785.5201416015625,0.5669135579905225,1.0,1.0,1.0,1.0,1.0
OraclePerfect_B20,JILONG_EI_0029,1080,789.827880859375,0.5655420244861141,1.0,1.0,1.0,1.0,1.0
OraclePerfect_B20,JILONG_EI_0029,1090,791.9228515625,0.5633092980228842,1.0,1.0,1.0,1.0,1.0
OraclePerfect_B20,JILONG_EI_0029,1100,795.5128173828125,0.5631459289096261,1.0,1.0,1.0,1.0,1.0
OraclePerfect_B20,JILONG_EI_0029,1110,797.6201171875,0.5617735945789192,1.0,1.0,1.0,1.0,1.0
OraclePerfect_B20,JILONG_EI_0029,1120,800.021728515625,0.561963375215385,1.0,1.0,1.0,1.0,1.0
OraclePerfect_B20,JILONG_EI_0029,1130,799.5704956054688,0.5572688253704432,1.0,1.0,1.0,1.0,1.0
OraclePerfect_B20,JILONG_EI_0029,1140,803.1763916015625,0.5554246204429416,1.0,1.0,1.0,1.0,1.0
OraclePerfect_B20,JILONG_EI_0029,1150,807.079345703125,0.5537250787680708,1.0,1.0,1.0,1.0,1.0
OraclePerfect_B20,JILONG_EI_0029,1160,808.22509765625,0.5504884102784635,1.0,1.0,1.0,1.0,1.0
OraclePerfect_B20,JILONG_EI_0029,1170,809.72021484375,0.5479719870542108,1.0,1.0,1.0,1.0,1.0
OraclePerfect_B20,JILONG_EI_0029,1180,810.7714233398438,0.5438099770526306,1.0,1.0,1.0,1.0,1.0
OraclePerfect_B20,JILONG_EI_0029,1190,811.8310546875,0.5393351486649475,1.0,1.0,1.0,1.0,1.0
OraclePerfect_B20,JILONG_EI_0029,1200,810.0107421875,0.5305420279056635,1.0,1.0,1.0,1.0,1.0
OraclePerfect_B20,JILONG_EI_0029,1210,811.0659790039062,0.5256185032174953,1.0,1.0,1.0,1.0,1.0
OraclePerfect_B20,JILONG_EI_0029,1220,813.9800415039062,0.523169685356014,1.0,1.0,1.0,1.0,1.0
OraclePerfect_B20,JILONG_EI_0029,1230,816.2879638671875,0.5165781013970211,1.0,1.0,1.0,1.0,1.0
OraclePerfect_B20,JILONG_EI_0029,1240,815.879638671875,0.5086540884880558,1.0,1.0,1.0,1.0,1.0
OraclePerfect_B20,JILONG_EI_0029,1250,820.0479736328125,0.5050028271549578,1.0,1.0,1.0,1.0,1.0
OraclePerfect_B20,JILONG_EI_0029,1260,822.6883544921875,0.499681203398332,1.0,1.0,1.0,1.0,1.0
OraclePerfect_B20,JILONG_EI_0029,1270,824.9722900390625,0.49369613642820337,1.0,1.0,1.0,1.0,1.0
OraclePerfect_B20,JILONG_EI_0029,1280,827.819091796875,0.489405199445076,1.0,1.0,1.0,1.0,1.0
OraclePerfect_B20,JILONG_EI_0029,1290,831.626708984375,0.48368075955078066,1.0,1.0,1.0,1.0,1.0
OraclePerfect_B20,JILONG_EI_0029,1300,836.922607421875,0.47913921478634824,1.0,1.0,1.0,1.0,1.0
OraclePerfect_B20,JILONG_EI_0029,1310,842.1729736328125,0.4743259440417579,1.0,1.0,1.0,1.0,1.0
OraclePerfect_B20,JILONG_EI_0029,1320,848.11181640625,0.46817934751081686,1.0,1.0,1.0,1.0,1.0
OraclePerfect_B20,JILONG_EI_0029,1330,849.9762573242188,0.4610152229830384,1.0,1.0,1.0,1.0,1.0
OraclePerfect_B20,JILONG_EI_0029,1340,853.6724853515625,0.456178164761574,1.0,1.0,1.0,1.0,1.0
OraclePerfect_B20,JILONG_EI_0029,1350,857.7316284179688,0.45193730916060215,1.0,1.0,1.0,1.0,1.0
OraclePerfect_B20,JILONG_EI_0029,1360,862.155517578125,0.4481075832458893,1.0,1.0,1.0,1.0,1.0
OraclePerfect_B20,JILONG_EI_0029,1370,866.3614501953125,0.44377708217845896,1.0,1.0,1.0,1.0,1.0
OraclePerfect_B20,JILONG_EI_0029,1380,871.018310546875,0.44078411055015027,1.0,1.0,1.0,1.0,1.0
OraclePerfect_B20,JILONG_EI_0029,1390,876.0431518554688,0.4371254917064652,1.0,1.0,1.0,1.0,1.0
OraclePerfect_B20,JILONG_EI_0029,1400,877.9659423828125,0.43405523016633446,1.0,1.0,1.0,1.0,1.0
OraclePerfect_B20,JILONG_EI_0029,1410,882.5819091796875,0.43181556395214465,1.0,1.0,1.0,1.0,1.0
OraclePerfect_B20,JILONG_EI_0029,1420,887.2103881835938,0.42971242326381637,1.0,1.0,1.0,1.0,1.0
OraclePerfect_B20,JILONG_EI_0029,1430,890.7097778320312,0.42851226770804984,1.0,1.0,1.0,1.0,1.0
OraclePerfect_B20,JILONG_EI_0029,1440,892.7633056640625,0.4267909314330852,1.0,1.0,1.0,1.0,1.0
OraclePerfect_B20,JILONG_EI_0039,10,22.638586044311523,0.9943997133162796,1.0,1.0,1.0,1.0,1.0
OraclePerfect_B20,JILONG_EI_0039,20,47.11554718017578,0.9981311742187254,1.0,1.0,1.0,1.0,1.0
OraclePerfect_B20,JILONG_EI_0039,30,91.81053161621094,0.998795218826161,1.0,1.0,1.0,1.0,1.0
OraclePerfect_B20,JILONG_EI_0039,40,185.1749725341797,0.9982849249498448,1.0,1.0,1.0,1.0,1.0
OraclePerfect_B20,JILONG_EI_0039,50,248.9505615234375,0.9190312903850848,1.0,1.0,1.0,1.0,1.0
OraclePerfect_B20,JILONG_EI_0039,60,283.3144836425781,0.8721582861294223,1.0,1.0,1.0,1.0,1.0
OraclePerfect_B20,JILONG_EI_0039,70,336.699462890625,0.8678268976480811,1.0,1.0,1.0,1.0,1.0
OraclePerfect_B20,JILONG_EI_0039,80,391.7367248535156,0.786368127763489,1.0,1.0,1.0,1.0,1.0
OraclePerfect_B20,JILONG_EI_0039,90,412.1705322265625,0.7242400074503287,1.0,1.0,1.0,1.0,1.0
OraclePerfect_B20,JILONG_EI_0039,100,412.872802734375,0.754199958115089,1.0,1.0,1.0,1.0,1.0
OraclePerfect_B20,JILONG_EI_0039,110,395.6829528808594,0.7997335018057062,1.0,1.0,1.0,1.0,1.0
OraclePerfect_B20,JILONG_EI_0039,120,424.58770751953125,0.7884857692877159,1.0,1.0,1.0,1.0,1.0
OraclePerfect_B20,JILONG_EI_0039,130,446.64337158203125,0.7731805351712926,1.0,1.0,1.0,1.0,1.0
OraclePerfect_B20,JILONG_EI_0039,140,393.20721435546875,0.75652757177874,1.0,1.0,1.0,1.0,1.0
OraclePerfect_B20,JILONG_EI_0039,150,400.8125915527344,0.790390373408228,1.0,1.0,1.0,1.0,1.0
OraclePerfect_B20,JILONG_EI_0039,160,377.91851806640625,0.7949854422318736,1.0,1.0,1.0,1.0,1.0
OraclePerfect_B20,JILONG_EI_0039,170,373.8758239746094,0.7990711580747525,1.0,1.0,1.0,1.0,1.0
OraclePerfect_B20,JILONG_EI_0039,180,351.4366455078125,0.8093035756314073,1.0,1.0,1.0,1.0,1.0
OraclePerfect_B20,JILONG_EI_0039,190,329.58331298828125,0.7958025871785008,1.0,1.0,1.0,1.0,1.0
OraclePerfect_B20,JILONG_EI_0039,200,331.3408203125,0.7439368155082593,1.0,1.0,1.0,1.0,1.0
OraclePerfect_B20,JILONG_EI_0039,210,329.5335693359375,0.7531421710191126,1.0,1.0,1.0,1.0,1.0
OraclePerfect_B20,JILONG_EI_0039,220,313.4134826660156,0.7483479581371686,1.0,1.0,1.0,1.0,1.0
OraclePerfect_B20,JILONG_EI_0039,230,343.75286865234375,0.7597627387350824,1.0,1.0,1.0,1.0,1.0
OraclePerfect_B20,JILONG_EI_0039,240,360.4773254394531,0.7383782215335895,1.0,1.0,1.0,1.0,1.0
OraclePerfect_B20,JILONG_EI_0039,250,331.1131591796875,0.7977710283469418,1.0,1.0,1.0,1.0,1.0
OraclePerfect_B20,JILONG_EI_0039,260,356.1429138183594,0.8317601222085924,1.0,1.0,1.0,1.0,1.0
OraclePerfect_B20,JILONG_EI_0039,270,380.6776123046875,0.846539884596145,1.0,1.0,1.0,1.0,1.0
OraclePerfect_B20,JILONG_EI_0039,280,396.7668151855469,0.8753396476297118,1.0,1.0,1.0,1.0,1.0
OraclePerfect_B20,JILONG_EI_0039,290,424.04473876953125,0.8905310223559507,1.0,1.0,1.0,1.0,1.0
OraclePerfect_B20,JILONG_EI_0039,300,441.051513671875,0.9045169281098162,1.0,1.0,1.0,1.0,1.0
OraclePerfect_B20,JILONG_EI_0039,310,469.40850830078125,0.90619431553514,1.0,1.0,1.0,1.0,1.0
OraclePerfect_B20,JILONG_EI_0039,320,490.66693115234375,0.9141017427481206,1.0,1.0,1.0,1.0,1.0
OraclePerfect_B20,JILONG_EI_0039,330,513.02587890625,0.91819714993185,1.0,1.0,1.0,1.0,1.0
OraclePerfect_B20,JILONG_EI_0039,340,522.6309204101562,0.9261111077635624,1.0,1.0,1.0,1.0,1.0
OraclePerfect_B20,JILONG_EI_0039,350,534.7169799804688,0.9269152047859126,1.0,1.0,1.0,1.0,1.0
OraclePerfect_B20,JILONG_EI_0039,360,547.8678588867188,0.9062658006514309,1.0,1.0,1.0,1.0,1.0
OraclePerfect_B20,JILONG_EI_0039,370,558.64501953125,0.8675868062778469,1.0,1.0,1.0,1.0,1.0
OraclePerfect_B20,JILONG_EI_0039,380,569.1141357421875,0.8191785171322268,1.0,1.0,1.0,1.0,1.0
OraclePerfect_B20,JILONG_EI_0039,390,578.3851318359375,0.7747981708131704,1.0,1.0,1.0,1.0,1.0
OraclePerfect_B20,JILONG_EI_0039,400,586.1954345703125,0.7315618934823528,1.0,1.0,1.0,1.0,1.0
OraclePerfect_B20,JILONG_EI_0039,410,586.816162109375,0.7417781277105043,1.0,1.0,1.0,1.0,1.0
OraclePerfect_B20,JILONG_EI_0039,420,590.7474975585938,0.7434690362172908,1.0,1.0,1.0,1.0,1.0
OraclePerfect_B20,JILONG_EI_0039,430,586.7691650390625,0.7421164632514926,1.0,1.0,1.0,1.0,1.0
OraclePerfect_B20,JILONG_EI_0039,440,583.8519287109375,0.7378306083539682,1.0,1.0,1.0,1.0,1.0
OraclePerfect_B20,JILONG_EI_0039,450,582.808837890625,0.7291107619023266,1.0,1.0,1.0,1.0,1.0
OraclePerfect_B20,JILONG_EI_0039,460,570.5950927734375,0.7198972655753,1.0,1.0,1.0,1.0,1.0
OraclePerfect_B20,JILONG_EI_0039,470,559.2522583007812,0.708893749119023,1.0,1.0,1.0,1.0,1.0
OraclePerfect_B20,JILONG_EI_0039,480,550.93603515625,0.7168452466640061,1.0,1.0,1.0,1.0,1.0
OraclePerfect_B20,JILONG_EI_0039,490,544.6802978515625,0.7249890923545603,1.0,1.0,1.0,1.0,1.0
OraclePerfect_B20,JILONG_EI_0039,500,539.635498046875,0.730442146997836,1.0,1.0,1.0,1.0,1.0
OraclePerfect_B20,JILONG_EI_0039,510,535.7415771484375,0.7351214218752549,1.0,1.0,1.0,1.0,1.0
OraclePerfect_B20,JILONG_EI_0039,520,534.388916015625,0.7376102292363923,1.0,1.0,1.0,1.0,1.0
OraclePerfect_B20,JILONG_EI_0039,530,536.496826171875,0.7439012181302218,1.0,1.0,1.0,1.0,1.0
OraclePerfect_B20,JILONG_EI_0039,540,530.7144775390625,0.7478413297201919,1.0,1.0,1.0,1.0,1.0
OraclePerfect_B20,JILONG_EI_0039,550,530.0957641601562,0.7506792282847785,1.0,1.0,1.0,1.0,1.0
OraclePerfect_B20,JILONG_EI_0039,560,528.46533203125,0.7509985411010678,1.0,1.0,1.0,1.0,1.0
OraclePerfect_B20,JILONG_EI_0039,570,526.8724365234375,0.7530092704806841,1.0,1.0,1.0,1.0,1.0
OraclePerfect_B20,JILONG_EI_0039,580,525.90380859375,0.7517831808129589,1.0,1.0,1.0,1.0,1.0
OraclePerfect_B20,JILONG_EI_0039,590,523.9456787109375,0.7486614369657949,1.0,1.0,1.0,1.0,1.0
OraclePerfect_B20,JILONG_EI_0039,600,523.8819580078125,0.7457190454226131,1.0,1.0,1.0,1.0,1.0
OraclePerfect_B20,JILONG_EI_0039,610,522.3736572265625,0.7408152048986879,1.0,1.0,1.0,1.0,1.0
OraclePerfect_B20,JILONG_EI_0039,620,519.9962768554688,0.7365504218076062,1.0,1.0,1.0,1.0,1.0
OraclePerfect_B20,JILONG_EI_0039,630,518.17578125,0.7351278647316833,1.0,1.0,1.0,1.0,1.0
OraclePerfect_B20,JILONG_EI_0039,640,518.9349365234375,0.7365629080805542,1.0,1.0,1.0,1.0,1.0
OraclePerfect_B20,JILONG_EI_0039,650,519.3767700195312,0.7381706846562208,1.0,1.0,1.0,1.0,1.0
OraclePerfect_B20,JILONG_EI_0039,660,520.18701171875,0.7381683855000384,1.0,1.0,1.0,1.0,1.0
OraclePerfect_B20,JILONG_EI_0039,670,521.118896484375,0.7402700656886039,1.0,1.0,1.0,1.0,1.0
OraclePerfect_B20,JILONG_EI_0039,680,525.179443359375,0.7409717476883656,1.0,1.0,1.0,1.0,1.0
OraclePerfect_B20,JILONG_EI_0039,690,529.2540893554688,0.741893150002676,1.0,1.0,1.0,1.0,1.0
OraclePerfect_B20,JILONG_EI_0039,700,534.75927734375,0.7413167272009833,1.0,1.0,1.0,1.0,1.0
OraclePerfect_B20,JILONG_EI_0039,710,537.6997680664062,0.7429588584405292,1.0,1.0,1.0,1.0,1.0
OraclePerfect_B20,JILONG_EI_0039,720,539.499267578125,0.745247256540388,1.0,1.0,1.0,1.0,1.0
OraclePerfect_B20,JILONG_EI_0039,730,541.4658203125,0.7449288482885036,1.0,1.0,1.0,1.0,1.0
OraclePerfect_B20,JILONG_EI_0039,740,543.2936401367188,0.7460064312561467,1.0,1.0,1.0,1.0,1.0
OraclePerfect_B20,JILONG_EI_0039,750,546.3729858398438,0.7428310545807753,1.0,1.0,1.0,1.0,1.0
OraclePerfect_B20,JILONG_EI_0039,760,549.6785888671875,0.7416959027526567,1.0,1.0,1.0,1.0,1.0
OraclePerfect_B20,JILONG_EI_0039,770,553.2088623046875,0.7396759741220725,1.0,1.0,1.0,1.0,1.0
OraclePerfect_B20,JILONG_EI_0039,780,555.4474487304688,0.7385267394422486,1.0,1.0,1.0,1.0,1.0
OraclePerfect_B20,JILONG_EI_0039,790,560.9976196289062,0.7350572664173396,1.0,1.0,1.0,1.0,1.0
OraclePerfect_B20,JILONG_EI_0039,800,565.0535278320312,0.7349931433389395,1.0,1.0,1.0,1.0,1.0
OraclePerfect_B20,JILONG_EI_0039,810,569.2501220703125,0.7319504261874187,1.0,1.0,1.0,1.0,1.0
OraclePerfect_B20,JILONG_EI_0039,820,572.4317626953125,0.7295044827772453,1.0,1.0,1.0,1.0,1.0
OraclePerfect_B20,JILONG_EI_0039,830,575.955078125,0.7235138634276512,1.0,1.0,1.0,1.0,1.0
OraclePerfect_B20,JILONG_EI_0039,840,578.8196411132812,0.7207842533802924,1.0,1.0,1.0,1.0,1.0
OraclePerfect_B20,JILONG_EI_0039,850,582.1265869140625,0.7147008563062467,1.0,1.0,1.0,1.0,1.0
OraclePerfect_B20,JILONG_EI_0039,860,587.2617797851562,0.7085356535819997,1.0,1.0,1.0,1.0,1.0
OraclePerfect_B20,JILONG_EI_0039,870,589.35546875,0.7016566106042303,1.0,1.0,1.0,1.0,1.0
OraclePerfect_B20,JILONG_EI_0039,880,593.96435546875,0.6946121858502708,1.0,1.0,1.0,1.0,1.0
OraclePerfect_B20,JILONG_EI_0039,890,599.6141357421875,0.6878844865127051,1.0,1.0,1.0,1.0,1.0
OraclePerfect_B20,JILONG_EI_0039,900,604.0986328125,0.6822362100901697,1.0,1.0,1.0,1.0,1.0
OraclePerfect_B20,JILONG_EI_0039,910,608.6514892578125,0.6754468372904644,1.0,1.0,1.0,1.0,1.0
OraclePerfect_B20,JILONG_EI_0039,920,613.6204833984375,0.6694216355453803,1.0,1.0,1.0,1.0,1.0
OraclePerfect_B20,JILONG_EI_0039,930,618.399658203125,0.6636188621129684,1.0,1.0,1.0,1.0,1.0
OraclePerfect_B20,JILONG_EI_0039,940,622.646484375,0.6581794250991986,1.0,1.0,1.0,1.0,1.0
OraclePerfect_B20,JILONG_EI_0039,950,624.995849609375,0.6501828998835655,1.0,1.0,1.0,1.0,1.0
OraclePerfect_B20,JILONG_EI_0039,960,627.9736328125,0.6455112232121695,1.0,1.0,1.0,1.0,1.0
OraclePerfect_B20,JILONG_EI_0039,970,631.717041015625,0.6407780895747814,1.0,1.0,1.0,1.0,1.0
OraclePerfect_B20,JILONG_EI_0039,980,634.761962890625,0.6350017080501694,1.0,1.0,1.0,1.0,1.0
OraclePerfect_B20,JILONG_EI_0039,990,637.6449584960938,0.6284709935101876,1.0,1.0,1.0,1.0,1.0
OraclePerfect_B20,JILONG_EI_0039,1000,641.5394287109375,0.6237308751437529,1.0,1.0,1.0,1.0,1.0
OraclePerfect_B20,JILONG_EI_0039,1010,645.5059814453125,0.6187192565115923,1.0,1.0,1.0,1.0,1.0
OraclePerfect_B20,JILONG_EI_0039,1020,648.6949462890625,0.614171037938102,1.0,1.0,1.0,1.0,1.0
OraclePerfect_B20,JILONG_EI_0039,1030,652.1959228515625,0.6080877843291199,1.0,1.0,1.0,1.0,1.0
OraclePerfect_B20,JILONG_EI_0039,1040,655.17431640625,0.6040188745389713,1.0,1.0,1.0,1.0,1.0
OraclePerfect_B20,JILONG_EI_0039,1050,658.35791015625,0.5999339088378686,1.0,1.0,1.0,1.0,1.0
OraclePerfect_B20,JILONG_EI_0039,1060,661.6282958984375,0.5956034756645563,1.0,1.0,1.0,1.0,1.0
OraclePerfect_B20,JILONG_EI_0039,1070,665.458984375,0.5910918927717107,1.0,1.0,1.0,1.0,1.0
OraclePerfect_B20,JILONG_EI_0039,1080,664.3585205078125,0.5828661662182095,1.0,1.0,1.0,1.0,1.0
OraclePerfect_B20,JILONG_EI_0039,1090,667.8572387695312,0.5784792572141244,1.0,1.0,1.0,1.0,1.0
OraclePerfect_B20,JILONG_EI_0039,1100,667.2425537109375,0.5707348638472822,1.0,1.0,1.0,1.0,1.0
OraclePerfect_B20,JILONG_EI_0039,1110,671.8555908203125,0.5681312832169139,1.0,1.0,1.0,1.0,1.0
OraclePerfect_B20,JILONG_EI_0039,1120,674.1529541015625,0.5642113185693297,1.0,1.0,1.0,1.0,1.0
OraclePerfect_B20,JILONG_EI_0039,1130,677.9688720703125,0.5628820419142065,1.0,1.0,1.0,1.0,1.0
OraclePerfect_B20,JILONG_EI_0039,1140,682.4406127929688,0.5610101693209826,1.0,1.0,1.0,1.0,1.0
OraclePerfect_B20,JILONG_EI_0039,1150,684.1228637695312,0.5587709421373029,1.0,1.0,1.0,1.0,1.0
OraclePerfect_B20,JILONG_EI_0039,1160,687.4317626953125,0.5583041347991086,1.0,1.0,1.0,1.0,1.0
OraclePerfect_B20,JILONG_EI_0039,1170,691.197021484375,0.5556029254578144,1.0,1.0,1.0,1.0,1.0
OraclePerfect_B20,JILONG_EI_0039,1180,694.02294921875,0.5549865913215287,1.0,1.0,1.0,1.0,1.0
OraclePerfect_B20,JILONG_EI_0039,1190,695.2662353515625,0.5526451570085479,1.0,1.0,1.0,1.0,1.0
OraclePerfect_B20,JILONG_EI_0039,1200,698.65966796875,0.5517538689809743,1.0,1.0,1.0,1.0,1.0
OraclePerfect_B20,JILONG_EI_0039,1210,702.0018920898438,0.5501753680121644,1.0,1.0,1.0,1.0,1.0
OraclePerfect_B20,JILONG_EI_0039,1220,704.1546630859375,0.548913992175883,1.0,1.0,1.0,1.0,1.0
OraclePerfect_B20,JILONG_EI_0039,1230,706.5831909179688,0.5479876849624203,1.0,1.0,1.0,1.0,1.0
OraclePerfect_B20,JILONG_EI_0039,1240,708.2447509765625,0.5475523889058027,1.0,1.0,1.0,1.0,1.0
OraclePerfect_B20,JILONG_EI_0039,1250,709.256103515625,0.5444635764319574,1.0,1.0,1.0,1.0,1.0
OraclePerfect_B20,JILONG_EI_0039,1260,709.271728515625,0.5422175490553035,1.0,1.0,1.0,1.0,1.0
OraclePerfect_B20,JILONG_EI_0039,1270,710.6866455078125,0.5403254948449471,1.0,1.0,1.0,1.0,1.0
OraclePerfect_B20,JILONG_EI_0039,1280,713.5499267578125,0.5383742517196671,1.0,1.0,1.0,1.0,1.0
OraclePerfect_B20,JILONG_EI_0039,1290,716.220458984375,0.5361186482568534,1.0,1.0,1.0,1.0,1.0
OraclePerfect_B20,JILONG_EI_0039,1300,717.024169921875,0.5309426833959978,1.0,1.0,1.0,1.0,1.0
OraclePerfect_B20,JILONG_EI_0039,1310,718.3853759765625,0.5259343614354929,1.0,1.0,1.0,1.0,1.0
OraclePerfect_B20,JILONG_EI_0039,1320,719.1787109375,0.5214583052549067,1.0,1.0,1.0,1.0,1.0
OraclePerfect_B20,JILONG_EI_0039,1330,721.8368530273438,0.5197129915657399,1.0,1.0,1.0,1.0,1.0
OraclePerfect_B20,JILONG_EI_0039,1340,723.4014282226562,0.5146082421362959,1.0,1.0,1.0,1.0,1.0
OraclePerfect_B20,JILONG_EI_0039,1350,727.2169189453125,0.5124129754404261,1.0,1.0,1.0,1.0,1.0
OraclePerfect_B20,JILONG_EI_0039,1360,729.7550048828125,0.5078694818451955,1.0,1.0,1.0,1.0,1.0
OraclePerfect_B20,JILONG_EI_0039,1370,734.4853515625,0.5049572590048897,1.0,1.0,1.0,1.0,1.0
OraclePerfect_B20,JILONG_EI_0039,1380,737.4861450195312,0.5018062937942224,1.0,1.0,1.0,1.0,1.0
OraclePerfect_B20,JILONG_EI_0039,1390,740.6490478515625,0.49969943168179265,1.0,1.0,1.0,1.0,1.0
OraclePerfect_B20,JILONG_EI_0039,1400,744.911376953125,0.49670075952617526,1.0,1.0,1.0,1.0,1.0
OraclePerfect_B20,JILONG_EI_0039,1410,748.47265625,0.494111594863152,1.0,1.0,1.0,1.0,1.0
OraclePerfect_B20,JILONG_EI_0039,1420,753.8306884765625,0.4902639533234431,1.0,1.0,1.0,1.0,1.0
OraclePerfect_B20,JILONG_EI_0039,1430,758.6661376953125,0.48714130091786534,1.0,1.0,1.0,1.0,1.0
OraclePerfect_B20,JILONG_EI_0039,1440,762.1905517578125,0.48501034906846285,1.0,1.0,1.0,1.0,1.0
OraclePerfect_B20,JILONG_EI_0049,10,27.108858108520508,0.9893873240495893,1.0,1.0,1.0,1.0,1.0
OraclePerfect_B20,JILONG_EI_0049,20,43.41425323486328,0.9954767665754182,1.0,1.0,1.0,1.0,1.0
OraclePerfect_B20,JILONG_EI_0049,30,86.06346130371094,0.9967683313486774,1.0,1.0,1.0,1.0,1.0
OraclePerfect_B20,JILONG_EI_0049,40,191.5975341796875,0.9912605158826708,1.0,1.0,1.0,1.0,1.0
OraclePerfect_B20,JILONG_EI_0049,50,254.13226318359375,0.9245606029565805,1.0,1.0,1.0,1.0,1.0
OraclePerfect_B20,JILONG_EI_0049,60,287.6663818359375,0.869764787442622,1.0,1.0,1.0,1.0,1.0
OraclePerfect_B20,JILONG_EI_0049,70,350.200439453125,0.8384078307695955,1.0,1.0,1.0,1.0,1.0
OraclePerfect_B20,JILONG_EI_0049,80,437.6329345703125,0.769658584205238,1.0,1.0,1.0,1.0,1.0
OraclePerfect_B20,JILONG_EI_0049,90,444.1744689941406,0.754691948825383,1.0,1.0,1.0,1.0,1.0
OraclePerfect_B20,JILONG_EI_0049,100,424.6280517578125,0.7691442389370892,1.0,1.0,1.0,1.0,1.0
OraclePerfect_B20,JILONG_EI_0049,110,444.7286071777344,0.7882310587845361,1.0,1.0,1.0,1.0,1.0
OraclePerfect_B20,JILONG_EI_0049,120,479.2926940917969,0.7958188800908754,1.0,1.0,1.0,1.0,1.0
OraclePerfect_B20,JILONG_EI_0049,130,507.1468505859375,0.7657308594475033,1.0,1.0,1.0,1.0,1.0
OraclePerfect_B20,JILONG_EI_0049,140,437.88958740234375,0.7410612282446521,1.0,1.0,1.0,1.0,1.0
OraclePerfect_B20,JILONG_EI_0049,150,439.59173583984375,0.7890025533621877,1.0,1.0,1.0,1.0,1.0
OraclePerfect_B20,JILONG_EI_0049,160,375.9438171386719,0.7889075830593665,1.0,1.0,1.0,1.0,1.0
OraclePerfect_B20,JILONG_EI_0049,170,413.2703857421875,0.7767970313024932,1.0,1.0,1.0,1.0,1.0
OraclePerfect_B20,JILONG_EI_0049,180,378.7989501953125,0.79333137724419,1.0,1.0,1.0,1.0,1.0
OraclePerfect_B20,JILONG_EI_0049,190,347.6598815917969,0.719045843571297,1.0,1.0,1.0,1.0,1.0
OraclePerfect_B20,JILONG_EI_0049,200,346.41943359375,0.714841341436347,1.0,1.0,1.0,1.0,1.0
OraclePerfect_B20,JILONG_EI_0049,210,343.4044189453125,0.7188677294366443,1.0,1.0,1.0,1.0,1.0
OraclePerfect_B20,JILONG_EI_0049,220,359.17022705078125,0.739487207123885,1.0,1.0,1.0,1.0,1.0
OraclePerfect_B20,JILONG_EI_0049,230,379.25506591796875,0.7499302712480769,1.0,1.0,1.0,1.0,1.0
OraclePerfect_B20,JILONG_EI_0049,240,371.86810302734375,0.7261952719092144,1.0,1.0,1.0,1.0,1.0
OraclePerfect_B20,JILONG_EI_0049,250,382.28692626953125,0.8121731140303222,1.0,1.0,1.0,1.0,1.0
OraclePerfect_B20,JILONG_EI_0049,260,406.28662109375,0.8368507601938233,1.0,1.0,1.0,1.0,1.0
OraclePerfect_B20,JILONG_EI_0049,270,446.68084716796875,0.8519097608589901,1.0,1.0,1.0,1.0,1.0
OraclePerfect_B20,JILONG_EI_0049,280,474.79486083984375,0.8719189901166873,1.0,1.0,1.0,1.0,1.0
OraclePerfect_B20,JILONG_EI_0049,290,510.4961853027344,0.8969067167541455,1.0,1.0,1.0,1.0,1.0
OraclePerfect_B20,JILONG_EI_0049,300,548.3851318359375,0.9143341845485747,1.0,1.0,1.0,1.0,1.0
OraclePerfect_B20,JILONG_EI_0049,310,582.54443359375,0.9219482080605275,1.0,1.0,1.0,1.0,1.0
OraclePerfect_B20,JILONG_EI_0049,320,618.784423828125,0.9230842572857479,1.0,1.0,1.0,1.0,1.0
OraclePerfect_B20,JILONG_EI_0049,330,656.8291015625,0.9138325635033986,1.0,1.0,1.0,1.0,1.0
OraclePerfect_B20,JILONG_EI_0049,340,680.55322265625,0.8919769803500892,1.0,1.0,1.0,1.0,1.0
OraclePerfect_B20,JILONG_EI_0049,350,705.233642578125,0.8509949519258889,1.0,1.0,1.0,1.0,1.0
OraclePerfect_B20,JILONG_EI_0049,360,726.0452880859375,0.801567375898541,1.0,1.0,1.0,1.0,1.0
OraclePerfect_B20,JILONG_EI_0049,370,737.5353393554688,0.7568002561756724,1.0,1.0,1.0,1.0,1.0
OraclePerfect_B20,JILONG_EI_0049,380,747.3748779296875,0.7180143058247223,1.0,1.0,1.0,1.0,1.0
OraclePerfect_B20,JILONG_EI_0049,390,748.724365234375,0.7273440810022953,1.0,1.0,1.0,1.0,1.0
OraclePerfect_B20,JILONG_EI_0049,400,747.6863403320312,0.7341041068965585,1.0,1.0,1.0,1.0,1.0
OraclePerfect_B20,JILONG_EI_0049,410,746.0736083984375,0.7362331461631133,1.0,1.0,1.0,1.0,1.0
OraclePerfect_B20,JILONG_EI_0049,420,744.8789672851562,0.7351756370309834,1.0,1.0,1.0,1.0,1.0
OraclePerfect_B20,JILONG_EI_0049,430,734.1448974609375,0.7325406090263958,1.0,1.0,1.0,1.0,1.0
OraclePerfect_B20,JILONG_EI_0049,440,720.1652221679688,0.7288536532741531,1.0,1.0,1.0,1.0,1.0
OraclePerfect_B20,JILONG_EI_0049,450,713.8856201171875,0.7218607125744684,1.0,1.0,1.0,1.0,1.0
OraclePerfect_B20,JILONG_EI_0049,460,708.352294921875,0.713329308569377,1.0,1.0,1.0,1.0,1.0
OraclePerfect_B20,JILONG_EI_0049,470,703.1376953125,0.7058252288725264,1.0,1.0,1.0,1.0,1.0
OraclePerfect_B20,JILONG_EI_0049,480,700.5709228515625,0.6985368855307058,1.0,1.0,1.0,1.0,1.0
OraclePerfect_B20,JILONG_EI_0049,490,695.989013671875,0.6978806534618827,1.0,1.0,1.0,1.0,1.0
OraclePerfect_B20,JILONG_EI_0049,500,696.7481079101562,0.7052550193317508,1.0,1.0,1.0,1.0,1.0
OraclePerfect_B20,JILONG_EI_0049,510,693.2492065429688,0.7110686523228027,1.0,1.0,1.0,1.0,1.0
OraclePerfect_B20,JILONG_EI_0049,520,691.9810791015625,0.7175525053836836,1.0,1.0,1.0,1.0,1.0
OraclePerfect_B20,JILONG_EI_0049,530,686.3438720703125,0.7213079086271741,1.0,1.0,1.0,1.0,1.0
OraclePerfect_B20,JILONG_EI_0049,540,682.1768798828125,0.7245050940731481,1.0,1.0,1.0,1.0,1.0
OraclePerfect_B20,JILONG_EI_0049,550,678.839111328125,0.726856169445464,1.0,1.0,1.0,1.0,1.0
OraclePerfect_B20,JILONG_EI_0049,560,678.0608520507812,0.7284013517284285,1.0,1.0,1.0,1.0,1.0
OraclePerfect_B20,JILONG_EI_0049,570,676.838623046875,0.7293308350707417,1.0,1.0,1.0,1.0,1.0
OraclePerfect_B20,JILONG_EI_0049,580,673.001708984375,0.7284245583657096,1.0,1.0,1.0,1.0,1.0
OraclePerfect_B20,JILONG_EI_0049,590,667.79345703125,0.7256040974287388,1.0,1.0,1.0,1.0,1.0
OraclePerfect_B20,JILONG_EI_0049,600,666.408447265625,0.7253432516838701,1.0,1.0,1.0,1.0,1.0
OraclePerfect_B20,JILONG_EI_0049,610,665.32373046875,0.7222601320882157,1.0,1.0,1.0,1.0,1.0
OraclePerfect_B20,JILONG_EI_0049,620,665.1505737304688,0.7196903714088948,1.0,1.0,1.0,1.0,1.0
OraclePerfect_B20,JILONG_EI_0049,630,665.52685546875,0.7170184715164085,1.0,1.0,1.0,1.0,1.0
OraclePerfect_B20,JILONG_EI_0049,640,669.689453125,0.7189833302148457,1.0,1.0,1.0,1.0,1.0
OraclePerfect_B20,JILONG_EI_0049,650,671.0636596679688,0.7181976137838506,1.0,1.0,1.0,1.0,1.0
OraclePerfect_B20,JILONG_EI_0049,660,672.6950073242188,0.7170936817227039,1.0,1.0,1.0,1.0,1.0
OraclePerfect_B20,JILONG_EI_0049,670,671.8789672851562,0.7173294197935268,1.0,1.0,1.0,1.0,1.0
OraclePerfect_B20,JILONG_EI_0049,680,670.479736328125,0.7194815289849231,1.0,1.0,1.0,1.0,1.0
OraclePerfect_B20,JILONG_EI_0049,690,669.7120361328125,0.7213071814086189,1.0,1.0,1.0,1.0,1.0
OraclePerfect_B20,JILONG_EI_0049,700,670.33837890625,0.7213169997717892,1.0,1.0,1.0,1.0,1.0
OraclePerfect_B20,JILONG_EI_0049,710,672.9769287109375,0.7203197771261945,1.0,1.0,1.0,1.0,1.0
OraclePerfect_B20,JILONG_EI_0049,720,674.0343017578125,0.7214712545537679,1.0,1.0,1.0,1.0,1.0
OraclePerfect_B20,JILONG_EI_0049,730,675.5308837890625,0.7203736081653869,1.0,1.0,1.0,1.0,1.0
OraclePerfect_B20,JILONG_EI_0049,740,676.349853515625,0.7130907340277381,1.0,1.0,1.0,1.0,1.0
OraclePerfect_B20,JILONG_EI_0049,750,677.53662109375,0.7087921172826481,1.0,1.0,1.0,1.0,1.0
OraclePerfect_B20,JILONG_EI_0049,760,678.22998046875,0.7004744343435674,1.0,1.0,1.0,1.0,1.0
OraclePerfect_B20,JILONG_EI_0049,770,681.1923828125,0.6921676671658341,1.0,1.0,1.0,1.0,1.0
OraclePerfect_B20,JILONG_EI_0049,780,684.6102294921875,0.68459876050286,1.0,1.0,1.0,1.0,1.0
OraclePerfect_B20,JILONG_EI_0049,790,688.49609375,0.676238479247406,1.0,1.0,1.0,1.0,1.0
OraclePerfect_B20,JILONG_EI_0049,800,692.248779296875,0.6687869901516845,1.0,1.0,1.0,1.0,1.0
OraclePerfect_B20,JILONG_EI_0049,810,696.5486450195312,0.6594885463763323,1.0,1.0,1.0,1.0,1.0
OraclePerfect_B20,JILONG_EI_0049,820,699.5939331054688,0.6521698137887258,1.0,1.0,1.0,1.0,1.0
OraclePerfect_B20,JILONG_EI_0049,830,703.888916015625,0.6449690704948674,1.0,1.0,1.0,1.0,1.0
OraclePerfect_B20,JILONG_EI_0049,840,707.781982421875,0.6391066296273509,1.0,1.0,1.0,1.0,1.0
OraclePerfect_B20,JILONG_EI_0049,850,709.9522705078125,0.6341488880414033,1.0,1.0,1.0,1.0,1.0
OraclePerfect_B20,JILONG_EI_0049,860,713.864013671875,0.6284677986534832,1.0,1.0,1.0,1.0,1.0
OraclePerfect_B20,JILONG_EI_0049,870,718.1649169921875,0.621448996730587,1.0,1.0,1.0,1.0,1.0
OraclePerfect_B20,JILONG_EI_0049,880,721.211181640625,0.6154553432337848,1.0,1.0,1.0,1.0,1.0
OraclePerfect_B20,JILONG_EI_0049,890,724.526611328125,0.6093737141903016,1.0,1.0,1.0,1.0,1.0
OraclePerfect_B20,JILONG_EI_0049,900,726.79833984375,0.6042757541541666,1.0,1.0,1.0,1.0,1.0
OraclePerfect_B20,JILONG_EI_0049,910,729.5589599609375,0.5998003483938688,1.0,1.0,1.0,1.0,1.0
OraclePerfect_B20,JILONG_EI_0049,920,733.0982666015625,0.5938080851061812,1.0,1.0,1.0,1.0,1.0
OraclePerfect_B20,JILONG_EI_0049,930,735.6871948242188,0.5897889662777984,1.0,1.0,1.0,1.0,1.0
OraclePerfect_B20,JILONG_EI_0049,940,738.2396240234375,0.5846841886160812,1.0,1.0,1.0,1.0,1.0
OraclePerfect_B20,JILONG_EI_0049,950,742.3963623046875,0.5793431383866466,1.0,1.0,1.0,1.0,1.0
OraclePerfect_B20,JILONG_EI_0049,960,742.7811279296875,0.5728952035392707,1.0,1.0,1.0,1.0,1.0
OraclePerfect_B20,JILONG_EI_0049,970,745.18505859375,0.5687185378487993,1.0,1.0,1.0,1.0,1.0
OraclePerfect_B20,JILONG_EI_0049,980,749.8153076171875,0.5647196547135223,1.0,1.0,1.0,1.0,1.0
OraclePerfect_B20,JILONG_EI_0049,990,753.3798828125,0.5612711168859703,1.0,1.0,1.0,1.0,1.0
OraclePerfect_B20,JILONG_EI_0049,1000,755.5106201171875,0.5577825468500669,1.0,1.0,1.0,1.0,1.0
OraclePerfect_B20,JILONG_EI_0049,1010,758.863037109375,0.5549060504153873,1.0,1.0,1.0,1.0,1.0
OraclePerfect_B20,JILONG_EI_0049,1020,761.5225830078125,0.5521769154778956,1.0,1.0,1.0,1.0,1.0
OraclePerfect_B20,JILONG_EI_0049,1030,763.9212646484375,0.5487898668401643,1.0,1.0,1.0,1.0,1.0
OraclePerfect_B20,JILONG_EI_0049,1040,766.8886108398438,0.5463285451992327,1.0,1.0,1.0,1.0,1.0
OraclePerfect_B20,JILONG_EI_0049,1050,768.6542358398438,0.5435389317354605,1.0,1.0,1.0,1.0,1.0
OraclePerfect_B20,JILONG_EI_0049,1060,770.6985473632812,0.5398777352557443,1.0,1.0,1.0,1.0,1.0
OraclePerfect_B20,JILONG_EI_0049,1070,772.47216796875,0.5380369984966775,1.0,1.0,1.0,1.0,1.0
OraclePerfect_B20,JILONG_EI_0049,1080,774.45458984375,0.5368987805104721,1.0,1.0,1.0,1.0,1.0
OraclePerfect_B20,JILONG_EI_0049,1090,776.839111328125,0.5332874804798938,1.0,1.0,1.0,1.0,1.0
OraclePerfect_B20,JILONG_EI_0049,1100,779.3709106445312,0.5311102254670004,1.0,1.0,1.0,1.0,1.0
OraclePerfect_B20,JILONG_EI_0049,1110,779.3026123046875,0.5257885171262251,1.0,1.0,1.0,1.0,1.0
OraclePerfect_B20,JILONG_EI_0049,1120,781.0479125976562,0.523061195217321,1.0,1.0,1.0,1.0,1.0
OraclePerfect_B20,JILONG_EI_0049,1130,782.8639526367188,0.5207795679537993,1.0,1.0,1.0,1.0,1.0
OraclePerfect_B20,JILONG_EI_0049,1140,785.0150756835938,0.5181058911357647,1.0,1.0,1.0,1.0,1.0
OraclePerfect_B20,JILONG_EI_0049,1150,787.0003051757812,0.5146212720590696,1.0,1.0,1.0,1.0,1.0
OraclePerfect_B20,JILONG_EI_0049,1160,789.7693481445312,0.5113307506201562,1.0,1.0,1.0,1.0,1.0
OraclePerfect_B20,JILONG_EI_0049,1170,791.3703002929688,0.5082486738776907,1.0,1.0,1.0,1.0,1.0
OraclePerfect_B20,JILONG_EI_0049,1180,794.0651245117188,0.5045727535323511,1.0,1.0,1.0,1.0,1.0
OraclePerfect_B20,JILONG_EI_0049,1190,796.0484008789062,0.5000380801989089,1.0,1.0,1.0,1.0,1.0
OraclePerfect_B20,JILONG_EI_0049,1200,799.833984375,0.49452580204145213,1.0,1.0,1.0,1.0,1.0
OraclePerfect_B20,JILONG_EI_0049,1210,801.9912719726562,0.48985654655947436,1.0,1.0,1.0,1.0,1.0
OraclePerfect_B20,JILONG_EI_0049,1220,805.393798828125,0.4849112916711238,1.0,1.0,1.0,1.0,1.0
OraclePerfect_B20,JILONG_EI_0049,1230,805.7822265625,0.4776672675179905,1.0,1.0,1.0,1.0,1.0
OraclePerfect_B20,JILONG_EI_0049,1240,808.8575439453125,0.4719390230991796,1.0,1.0,1.0,1.0,1.0
OraclePerfect_B20,JILONG_EI_0049,1250,811.9290771484375,0.46774852109967574,1.0,1.0,1.0,1.0,1.0
OraclePerfect_B20,JILONG_EI_0049,1260,814.7698974609375,0.4611906574294284,1.0,1.0,1.0,1.0,1.0
OraclePerfect_B20,JILONG_EI_0049,1270,818.5831298828125,0.4560836413854024,1.0,1.0,1.0,1.0,1.0
OraclePerfect_B20,JILONG_EI_0049,1280,821.806884765625,0.45175206562212467,1.0,1.0,1.0,1.0,1.0
OraclePerfect_B20,JILONG_EI_0049,1290,823.5140380859375,0.445920770127831,1.0,1.0,1.0,1.0,1.0
OraclePerfect_B20,JILONG_EI_0049,1300,826.9599609375,0.4412391003362056,1.0,1.0,1.0,1.0,1.0
OraclePerfect_B20,JILONG_EI_0049,1310,829.1317138671875,0.43690896522625716,1.0,1.0,1.0,1.0,1.0
OraclePerfect_B20,JILONG_EI_0049,1320,831.8299560546875,0.4319985072607121,1.0,1.0,1.0,1.0,1.0
OraclePerfect_B20,JILONG_EI_0049,1330,834.3143920898438,0.4277252668202182,1.0,1.0,1.0,1.0,1.0
OraclePerfect_B20,JILONG_EI_0049,1340,837.1934204101562,0.42442536390390245,1.0,1.0,1.0,1.0,1.0
OraclePerfect_B20,JILONG_EI_0049,1350,839.2186279296875,0.4204115757661047,1.0,1.0,1.0,1.0,1.0
OraclePerfect_B20,JILONG_EI_0049,1360,840.75341796875,0.4167452684967262,1.0,1.0,1.0,1.0,1.0
OraclePerfect_B20,JILONG_EI_0049,1370,843.2950439453125,0.41368724085187236,1.0,1.0,1.0,1.0,1.0
OraclePerfect_B20,JILONG_EI_0049,1380,845.0628662109375,0.4102760385722282,1.0,1.0,1.0,1.0,1.0
OraclePerfect_B20,JILONG_EI_0049,1390,847.0113525390625,0.4069583986417591,1.0,1.0,1.0,1.0,1.0
OraclePerfect_B20,JILONG_EI_0049,1400,848.9132080078125,0.40609385281856236,1.0,1.0,1.0,1.0,1.0
OraclePerfect_B20,JILONG_EI_0049,1410,850.5505981445312,0.40657349142816857,1.0,1.0,1.0,1.0,1.0
OraclePerfect_B20,JILONG_EI_0049,1420,852.3173217773438,0.40622881447709125,1.0,1.0,1.0,1.0,1.0
OraclePerfect_B20,JILONG_EI_0049,1430,855.0018310546875,0.4059997101041634,1.0,1.0,1.0,1.0,1.0
OraclePerfect_B20,JILONG_EI_0049,1440,856.4791870117188,0.4048907393899252,1.0,1.0,1.0,1.0,1.0
OraclePerfect_B20,JILONG_EI_0059,10,21.506118774414062,0.9935763736541696,1.0,1.0,1.0,1.0,1.0
OraclePerfect_B20,JILONG_EI_0059,20,39.6090202331543,0.9974422059707794,1.0,1.0,1.0,1.0,1.0
OraclePerfect_B20,JILONG_EI_0059,30,72.86551666259766,0.9980993756053506,1.0,1.0,1.0,1.0,1.0
OraclePerfect_B20,JILONG_EI_0059,40,164.26463317871094,0.9963640801669258,1.0,1.0,1.0,1.0,1.0
OraclePerfect_B20,JILONG_EI_0059,50,222.70480346679688,0.9204757309337872,1.0,1.0,1.0,1.0,1.0
OraclePerfect_B20,JILONG_EI_0059,60,255.33126831054688,0.8749651863092949,1.0,1.0,1.0,1.0,1.0
OraclePerfect_B20,JILONG_EI_0059,70,299.5208740234375,0.858996655796584,1.0,1.0,1.0,1.0,1.0
OraclePerfect_B20,JILONG_EI_0059,80,347.80181884765625,0.7866936360007798,1.0,1.0,1.0,1.0,1.0
OraclePerfect_B20,JILONG_EI_0059,90,388.2752990722656,0.7260222611140533,1.0,1.0,1.0,1.0,1.0
OraclePerfect_B20,JILONG_EI_0059,100,383.28125,0.7684348939645043,1.0,1.0,1.0,1.0,1.0
OraclePerfect_B20,JILONG_EI_0059,110,374.0240783691406,0.7911402135615505,1.0,1.0,1.0,1.0,1.0
OraclePerfect_B20,JILONG_EI_0059,120,393.4244384765625,0.8033018625334071,1.0,1.0,1.0,1.0,1.0
OraclePerfect_B20,JILONG_EI_0059,130,428.8182067871094,0.7799788045164019,1.0,1.0,1.0,1.0,1.0
OraclePerfect_B20,JILONG_EI_0059,140,388.687255859375,0.7465091999751912,1.0,1.0,1.0,1.0,1.0
OraclePerfect_B20,JILONG_EI_0059,150,377.2529296875,0.7943222139471394,1.0,1.0,1.0,1.0,1.0
OraclePerfect_B20,JILONG_EI_0059,160,340.3642578125,0.8119818065260578,1.0,1.0,1.0,1.0,1.0
OraclePerfect_B20,JILONG_EI_0059,170,344.1072998046875,0.8000445641120087,1.0,1.0,1.0,1.0,1.0
OraclePerfect_B20,JILONG_EI_0059,180,330.328369140625,0.8004461413308871,1.0,1.0,1.0,1.0,1.0
OraclePerfect_B20,JILONG_EI_0059,190,312.3520202636719,0.7783643898579451,1.0,1.0,1.0,1.0,1.0
OraclePerfect_B20,JILONG_EI_0059,200,317.6530456542969,0.718490687113564,1.0,1.0,1.0,1.0,1.0
OraclePerfect_B20,JILONG_EI_0059,210,315.55902099609375,0.7262668301576282,1.0,1.0,1.0,1.0,1.0
OraclePerfect_B20,JILONG_EI_0059,220,315.11663818359375,0.7298770341002461,1.0,1.0,1.0,1.0,1.0
OraclePerfect_B20,JILONG_EI_0059,230,329.98779296875,0.7437657033433492,1.0,1.0,1.0,1.0,1.0
OraclePerfect_B20,JILONG_EI_0059,240,346.91802978515625,0.7292825721941975,1.0,1.0,1.0,1.0,1.0
OraclePerfect_B20,JILONG_EI_0059,250,327.28009033203125,0.782556188934802,1.0,1.0,1.0,1.0,1.0
OraclePerfect_B20,JILONG_EI_0059,260,349.309326171875,0.8106569775225427,1.0,1.0,1.0,1.0,1.0
OraclePerfect_B20,JILONG_EI_0059,270,375.22381591796875,0.8333564334353629,1.0,1.0,1.0,1.0,1.0
OraclePerfect_B20,JILONG_EI_0059,280,395.81170654296875,0.8627250116172726,1.0,1.0,1.0,1.0,1.0
OraclePerfect_B20,JILONG_EI_0059,290,425.3502197265625,0.8821859729916328,1.0,1.0,1.0,1.0,1.0
OraclePerfect_B20,JILONG_EI_0059,300,450.5052490234375,0.896349572934538,1.0,1.0,1.0,1.0,1.0
OraclePerfect_B20,JILONG_EI_0059,310,476.0340576171875,0.9067321709181558,1.0,1.0,1.0,1.0,1.0
OraclePerfect_B20,JILONG_EI_0059,320,504.88360595703125,0.9106772725704954,1.0,1.0,1.0,1.0,1.0
OraclePerfect_B20,JILONG_EI_0059,330,533.9780883789062,0.9170279252820779,1.0,1.0,1.0,1.0,1.0
OraclePerfect_B20,JILONG_EI_0059,340,557.2154541015625,0.9227724653787525,1.0,1.0,1.0,1.0,1.0
OraclePerfect_B20,JILONG_EI_0059,350,571.005615234375,0.9277482840423918,1.0,1.0,1.0,1.0,1.0
OraclePerfect_B20,JILONG_EI_0059,360,585.4427490234375,0.9107740145208574,1.0,1.0,1.0,1.0,1.0
OraclePerfect_B20,JILONG_EI_0059,370,599.5216064453125,0.87526707515338,1.0,1.0,1.0,1.0,1.0
OraclePerfect_B20,JILONG_EI_0059,380,606.8431396484375,0.8330496680310392,1.0,1.0,1.0,1.0,1.0
OraclePerfect_B20,JILONG_EI_0059,390,616.6256103515625,0.7834371470681512,1.0,1.0,1.0,1.0,1.0
OraclePerfect_B20,JILONG_EI_0059,400,623.330810546875,0.7428084236194423,1.0,1.0,1.0,1.0,1.0
OraclePerfect_B20,JILONG_EI_0059,410,626.2584838867188,0.7315813825023996,1.0,1.0,1.0,1.0,1.0
OraclePerfect_B20,JILONG_EI_0059,420,628.1053466796875,0.7370680785149972,1.0,1.0,1.0,1.0,1.0
OraclePerfect_B20,JILONG_EI_0059,430,627.8682861328125,0.7346708186096235,1.0,1.0,1.0,1.0,1.0
OraclePerfect_B20,JILONG_EI_0059,440,623.7531127929688,0.7321682698206411,1.0,1.0,1.0,1.0,1.0
OraclePerfect_B20,JILONG_EI_0059,450,621.2415771484375,0.7251881103786298,1.0,1.0,1.0,1.0,1.0
OraclePerfect_B20,JILONG_EI_0059,460,614.649658203125,0.7182045513894326,1.0,1.0,1.0,1.0,1.0
OraclePerfect_B20,JILONG_EI_0059,470,605.6463012695312,0.7107414117459379,1.0,1.0,1.0,1.0,1.0
OraclePerfect_B20,JILONG_EI_0059,480,598.6954956054688,0.7046065273678777,1.0,1.0,1.0,1.0,1.0
OraclePerfect_B20,JILONG_EI_0059,490,591.22802734375,0.7172012458333336,1.0,1.0,1.0,1.0,1.0
OraclePerfect_B20,JILONG_EI_0059,500,590.93701171875,0.7241396434029828,1.0,1.0,1.0,1.0,1.0
OraclePerfect_B20,JILONG_EI_0059,510,589.2008056640625,0.7315683873989984,1.0,1.0,1.0,1.0,1.0
OraclePerfect_B20,JILONG_EI_0059,520,588.2022094726562,0.7371173226475412,1.0,1.0,1.0,1.0,1.0
OraclePerfect_B20,JILONG_EI_0059,530,585.9493408203125,0.7411478592115466,1.0,1.0,1.0,1.0,1.0
OraclePerfect_B20,JILONG_EI_0059,540,586.487060546875,0.7429882647886322,1.0,1.0,1.0,1.0,1.0
OraclePerfect_B20,JILONG_EI_0059,550,585.2955322265625,0.7462347981740328,1.0,1.0,1.0,1.0,1.0
OraclePerfect_B20,JILONG_EI_0059,560,584.525146484375,0.7457701512628809,1.0,1.0,1.0,1.0,1.0
OraclePerfect_B20,JILONG_EI_0059,570,581.071533203125,0.7449503774082381,1.0,1.0,1.0,1.0,1.0
OraclePerfect_B20,JILONG_EI_0059,580,580.077392578125,0.7432729227015243,1.0,1.0,1.0,1.0,1.0
OraclePerfect_B20,JILONG_EI_0059,590,579.63818359375,0.7388175029926312,1.0,1.0,1.0,1.0,1.0
OraclePerfect_B20,JILONG_EI_0059,600,580.2966918945312,0.7335492428847047,1.0,1.0,1.0,1.0,1.0
OraclePerfect_B20,JILONG_EI_0059,610,581.1998291015625,0.732121537638671,1.0,1.0,1.0,1.0,1.0
OraclePerfect_B20,JILONG_EI_0059,620,578.425537109375,0.7274467064060226,1.0,1.0,1.0,1.0,1.0
OraclePerfect_B20,JILONG_EI_0059,630,579.3026733398438,0.7262387381435822,1.0,1.0,1.0,1.0,1.0
OraclePerfect_B20,JILONG_EI_0059,640,578.27392578125,0.7273964002549235,1.0,1.0,1.0,1.0,1.0
OraclePerfect_B20,JILONG_EI_0059,650,573.82861328125,0.7277024612030607,1.0,1.0,1.0,1.0,1.0
OraclePerfect_B20,JILONG_EI_0059,660,570.869384765625,0.7253267083713957,1.0,1.0,1.0,1.0,1.0
OraclePerfect_B20,JILONG_EI_0059,670,570.0086669921875,0.7254022415709306,1.0,1.0,1.0,1.0,1.0
OraclePerfect_B20,JILONG_EI_0059,680,569.5489501953125,0.7281659055844266,1.0,1.0,1.0,1.0,1.0
OraclePerfect_B20,JILONG_EI_0059,690,571.6795654296875,0.7280342760072003,1.0,1.0,1.0,1.0,1.0
OraclePerfect_B20,JILONG_EI_0059,700,575.2067260742188,0.7276755542383236,1.0,1.0,1.0,1.0,1.0
OraclePerfect_B20,JILONG_EI_0059,710,576.984375,0.7289465458030816,1.0,1.0,1.0,1.0,1.0
OraclePerfect_B20,JILONG_EI_0059,720,580.2628784179688,0.7278657524616194,1.0,1.0,1.0,1.0,1.0
OraclePerfect_B20,JILONG_EI_0059,730,581.7608642578125,0.7286494095439227,1.0,1.0,1.0,1.0,1.0
OraclePerfect_B20,JILONG_EI_0059,740,581.5587158203125,0.7289962361363443,1.0,1.0,1.0,1.0,1.0
OraclePerfect_B20,JILONG_EI_0059,750,581.0751342773438,0.7272314442488509,1.0,1.0,1.0,1.0,1.0
OraclePerfect_B20,JILONG_EI_0059,760,583.236328125,0.7240073856702103,1.0,1.0,1.0,1.0,1.0
OraclePerfect_B20,JILONG_EI_0059,770,587.4541015625,0.7224715283555809,1.0,1.0,1.0,1.0,1.0
OraclePerfect_B20,JILONG_EI_0059,780,589.6528930664062,0.7209448201393197,1.0,1.0,1.0,1.0,1.0
OraclePerfect_B20,JILONG_EI_0059,790,593.9166259765625,0.7169780193148542,1.0,1.0,1.0,1.0,1.0
OraclePerfect_B20,JILONG_EI_0059,800,596.4613037109375,0.7163106116933525,1.0,1.0,1.0,1.0,1.0
OraclePerfect_B20,JILONG_EI_0059,810,601.0423583984375,0.7147563331685036,1.0,1.0,1.0,1.0,1.0
OraclePerfect_B20,JILONG_EI_0059,820,604.016845703125,0.7135702425649344,1.0,1.0,1.0,1.0,1.0
OraclePerfect_B20,JILONG_EI_0059,830,607.4456787109375,0.7114655546629453,1.0,1.0,1.0,1.0,1.0
OraclePerfect_B20,JILONG_EI_0059,840,610.1873779296875,0.7100982498731546,1.0,1.0,1.0,1.0,1.0
OraclePerfect_B20,JILONG_EI_0059,850,612.6034545898438,0.7081198433967473,1.0,1.0,1.0,1.0,1.0
OraclePerfect_B20,JILONG_EI_0059,860,615.2835083007812,0.7022043116069405,1.0,1.0,1.0,1.0,1.0
OraclePerfect_B20,JILONG_EI_0059,870,618.2478637695312,0.6994430820299176,1.0,1.0,1.0,1.0,1.0
OraclePerfect_B20,JILONG_EI_0059,880,621.8958740234375,0.6946784192723278,1.0,1.0,1.0,1.0,1.0
OraclePerfect_B20,JILONG_EI_0059,890,624.8348999023438,0.6888448302926233,1.0,1.0,1.0,1.0,1.0
OraclePerfect_B20,JILONG_EI_0059,900,628.6688232421875,0.6846399439719851,1.0,1.0,1.0,1.0,1.0
OraclePerfect_B20,JILONG_EI_0059,910,631.8221435546875,0.6794836901992466,1.0,1.0,1.0,1.0,1.0
OraclePerfect_B20,JILONG_EI_0059,920,636.53662109375,0.673038672642606,1.0,1.0,1.0,1.0,1.0
OraclePerfect_B20,JILONG_EI_0059,930,640.1185913085938,0.667779233007004,1.0,1.0,1.0,1.0,1.0
OraclePerfect_B20,JILONG_EI_0059,940,644.38720703125,0.6627266444451404,1.0,1.0,1.0,1.0,1.0
OraclePerfect_B20,JILONG_EI_0059,950,649.5162353515625,0.6550632133355678,1.0,1.0,1.0,1.0,1.0
OraclePerfect_B20,JILONG_EI_0059,960,654.9061279296875,0.6467551578498707,1.0,1.0,1.0,1.0,1.0
OraclePerfect_B20,JILONG_EI_0059,970,657.4149780273438,0.6408555590433823,1.0,1.0,1.0,1.0,1.0
OraclePerfect_B20,JILONG_EI_0059,980,660.8475341796875,0.6355424132367902,1.0,1.0,1.0,1.0,1.0
OraclePerfect_B20,JILONG_EI_0059,990,665.8566284179688,0.631390159599709,1.0,1.0,1.0,1.0,1.0
OraclePerfect_B20,JILONG_EI_0059,1000,668.16796875,0.6224379798375171,1.0,1.0,1.0,1.0,1.0
OraclePerfect_B20,JILONG_EI_0059,1010,671.11376953125,0.6186090633144686,1.0,1.0,1.0,1.0,1.0
OraclePerfect_B20,JILONG_EI_0059,1020,675.537353515625,0.6127064141119807,1.0,1.0,1.0,1.0,1.0
OraclePerfect_B20,JILONG_EI_0059,1030,679.433349609375,0.6075921362906548,1.0,1.0,1.0,1.0,1.0
OraclePerfect_B20,JILONG_EI_0059,1040,682.4527587890625,0.6028541761061961,1.0,1.0,1.0,1.0,1.0
OraclePerfect_B20,JILONG_EI_0059,1050,685.641845703125,0.5967510563212224,1.0,1.0,1.0,1.0,1.0
OraclePerfect_B20,JILONG_EI_0059,1060,688.7713623046875,0.5915931377110469,1.0,1.0,1.0,1.0,1.0
OraclePerfect_B20,JILONG_EI_0059,1070,692.6719970703125,0.5871115181565122,1.0,1.0,1.0,1.0,1.0
OraclePerfect_B20,JILONG_EI_0059,1080,695.416259765625,0.5823747772037384,1.0,1.0,1.0,1.0,1.0
OraclePerfect_B20,JILONG_EI_0059,1090,699.1970825195312,0.5786618624062109,1.0,1.0,1.0,1.0,1.0
OraclePerfect_B20,JILONG_EI_0059,1100,703.1717529296875,0.5740253426538172,1.0,1.0,1.0,1.0,1.0
OraclePerfect_B20,JILONG_EI_0059,1110,705.361083984375,0.5695788441183237,1.0,1.0,1.0,1.0,1.0
OraclePerfect_B20,JILONG_EI_0059,1120,707.6729125976562,0.5652862320290655,1.0,1.0,1.0,1.0,1.0
OraclePerfect_B20,JILONG_EI_0059,1130,711.4307861328125,0.5628852564566071,1.0,1.0,1.0,1.0,1.0
OraclePerfect_B20,JILONG_EI_0059,1140,715.626708984375,0.5601726526099406,1.0,1.0,1.0,1.0,1.0
OraclePerfect_B20,JILONG_EI_0059,1150,718.994873046875,0.5573793941972376,1.0,1.0,1.0,1.0,1.0
OraclePerfect_B20,JILONG_EI_0059,1160,721.0822143554688,0.5545648235363774,1.0,1.0,1.0,1.0,1.0
OraclePerfect_B20,JILONG_EI_0059,1170,722.9632568359375,0.5503047119584586,1.0,1.0,1.0,1.0,1.0
OraclePerfect_B20,JILONG_EI_0059,1180,726.356689453125,0.5485479379197786,1.0,1.0,1.0,1.0,1.0
OraclePerfect_B20,JILONG_EI_0059,1190,728.6810913085938,0.5451955076368893,1.0,1.0,1.0,1.0,1.0
OraclePerfect_B20,JILONG_EI_0059,1200,730.234619140625,0.5435443155563435,1.0,1.0,1.0,1.0,1.0
OraclePerfect_B20,JILONG_EI_0059,1210,733.0645751953125,0.5426138118554572,1.0,1.0,1.0,1.0,1.0
OraclePerfect_B20,JILONG_EI_0059,1220,734.106201171875,0.539145605071083,1.0,1.0,1.0,1.0,1.0
OraclePerfect_B20,JILONG_EI_0059,1230,735.3929443359375,0.5387135359616103,1.0,1.0,1.0,1.0,1.0
OraclePerfect_B20,JILONG_EI_0059,1240,737.9954223632812,0.5376547704741089,1.0,1.0,1.0,1.0,1.0
OraclePerfect_B20,JILONG_EI_0059,1250,738.8023071289062,0.5364556266213368,1.0,1.0,1.0,1.0,1.0
OraclePerfect_B20,JILONG_EI_0059,1260,740.9122314453125,0.5351169840765412,1.0,1.0,1.0,1.0,1.0
OraclePerfect_B20,JILONG_EI_0059,1270,743.6480712890625,0.5330854245536653,1.0,1.0,1.0,1.0,1.0
OraclePerfect_B20,JILONG_EI_0059,1280,745.272216796875,0.532165990849077,1.0,1.0,1.0,1.0,1.0
OraclePerfect_B20,JILONG_EI_0059,1290,746.960205078125,0.5307525521126353,1.0,1.0,1.0,1.0,1.0
OraclePerfect_B20,JILONG_EI_0059,1300,747.9691162109375,0.5301575028357436,1.0,1.0,1.0,1.0,1.0
OraclePerfect_B20,JILONG_EI_0059,1310,749.5338745117188,0.5282121872223554,1.0,1.0,1.0,1.0,1.0
OraclePerfect_B20,JILONG_EI_0059,1320,751.9717407226562,0.526394582327488,1.0,1.0,1.0,1.0,1.0
OraclePerfect_B20,JILONG_EI_0059,1330,754.25732421875,0.5240911290555074,1.0,1.0,1.0,1.0,1.0
OraclePerfect_B20,JILONG_EI_0059,1340,756.335205078125,0.5203406085005183,1.0,1.0,1.0,1.0,1.0
OraclePerfect_B20,JILONG_EI_0059,1350,757.0189208984375,0.5152441603667874,1.0,1.0,1.0,1.0,1.0
OraclePerfect_B20,JILONG_EI_0059,1360,758.646484375,0.5093068181436075,1.0,1.0,1.0,1.0,1.0
OraclePerfect_B20,JILONG_EI_0059,1370,757.459228515625,0.5039006429252139,1.0,1.0,1.0,1.0,1.0
OraclePerfect_B20,JILONG_EI_0059,1380,760.9067993164062,0.5001979438209162,1.0,1.0,1.0,1.0,1.0
OraclePerfect_B20,JILONG_EI_0059,1390,763.8453369140625,0.49717651105467003,1.0,1.0,1.0,1.0,1.0
OraclePerfect_B20,JILONG_EI_0059,1400,766.6722412109375,0.49355302450516314,1.0,1.0,1.0,1.0,1.0
OraclePerfect_B20,JILONG_EI_0059,1410,769.5736083984375,0.48904821502771034,1.0,1.0,1.0,1.0,1.0
OraclePerfect_B20,JILONG_EI_0059,1420,772.5535278320312,0.4845673734964046,1.0,1.0,1.0,1.0,1.0
OraclePerfect_B20,JILONG_EI_0059,1430,776.626708984375,0.4796201886020304,1.0,1.0,1.0,1.0,1.0
OraclePerfect_B20,JILONG_EI_0059,1440,777.06591796875,0.47267140391821344,1.0,1.0,1.0,1.0,1.0
OraclePerfect_B20,JILONG_EI_0069,10,40.98064422607422,0.9937061560634636,1.0,1.0,1.0,1.0,1.0
OraclePerfect_B20,JILONG_EI_0069,20,56.933109283447266,0.9967718825023882,1.0,1.0,1.0,1.0,1.0
OraclePerfect_B20,JILONG_EI_0069,30,95.08374786376953,0.9971299938028367,1.0,1.0,1.0,1.0,1.0
OraclePerfect_B20,JILONG_EI_0069,40,195.54835510253906,0.9931229239787196,1.0,1.0,1.0,1.0,1.0
OraclePerfect_B20,JILONG_EI_0069,50,255.35362243652344,0.9281897635270864,1.0,1.0,1.0,1.0,1.0
OraclePerfect_B20,JILONG_EI_0069,60,282.8070068359375,0.8592022054980755,1.0,1.0,1.0,1.0,1.0
OraclePerfect_B20,JILONG_EI_0069,70,339.39923095703125,0.8338374132908689,1.0,1.0,1.0,1.0,1.0
OraclePerfect_B20,JILONG_EI_0069,80,407.5007629394531,0.767488015690936,1.0,1.0,1.0,1.0,1.0
OraclePerfect_B20,JILONG_EI_0069,90,430.5788269042969,0.7384935533894332,1.0,1.0,1.0,1.0,1.0
OraclePerfect_B20,JILONG_EI_0069,100,414.09844970703125,0.7636916276940842,1.0,1.0,1.0,1.0,1.0
OraclePerfect_B20,JILONG_EI_0069,110,420.4747009277344,0.7850238698097729,1.0,1.0,1.0,1.0,1.0
OraclePerfect_B20,JILONG_EI_0069,120,447.8636169433594,0.7967260437246958,1.0,1.0,1.0,1.0,1.0
OraclePerfect_B20,JILONG_EI_0069,130,476.18487548828125,0.7677884942427142,1.0,1.0,1.0,1.0,1.0
OraclePerfect_B20,JILONG_EI_0069,140,423.15093994140625,0.723586393249387,1.0,1.0,1.0,1.0,1.0
OraclePerfect_B20,JILONG_EI_0069,150,409.04461669921875,0.7801921472465897,1.0,1.0,1.0,1.0,1.0
OraclePerfect_B20,JILONG_EI_0069,160,350.71551513671875,0.7879120754362098,1.0,1.0,1.0,1.0,1.0
OraclePerfect_B20,JILONG_EI_0069,170,379.38775634765625,0.7831452353674352,1.0,1.0,1.0,1.0,1.0
OraclePerfect_B20,JILONG_EI_0069,180,355.8537902832031,0.78920427118407,1.0,1.0,1.0,1.0,1.0
OraclePerfect_B20,JILONG_EI_0069,190,325.4825439453125,0.7159951114966366,1.0,1.0,1.0,1.0,1.0
OraclePerfect_B20,JILONG_EI_0069,200,321.13671875,0.71192332113852,1.0,1.0,1.0,1.0,1.0
OraclePerfect_B20,JILONG_EI_0069,210,324.02593994140625,0.7270782482056923,1.0,1.0,1.0,1.0,1.0
OraclePerfect_B20,JILONG_EI_0069,220,326.1351318359375,0.7428200836621534,1.0,1.0,1.0,1.0,1.0
OraclePerfect_B20,JILONG_EI_0069,230,346.80133056640625,0.7621575876651634,1.0,1.0,1.0,1.0,1.0
OraclePerfect_B20,JILONG_EI_0069,240,351.011474609375,0.7131677759826219,1.0,1.0,1.0,1.0,1.0
OraclePerfect_B20,JILONG_EI_0069,250,351.40533447265625,0.8089378275442217,1.0,1.0,1.0,1.0,1.0
OraclePerfect_B20,JILONG_EI_0069,260,383.26947021484375,0.8361906247563635,1.0,1.0,1.0,1.0,1.0
OraclePerfect_B20,JILONG_EI_0069,270,424.8265686035156,0.8532980049047875,1.0,1.0,1.0,1.0,1.0
OraclePerfect_B20,JILONG_EI_0069,280,452.8609619140625,0.8766941888333986,1.0,1.0,1.0,1.0,1.0
OraclePerfect_B20,JILONG_EI_0069,290,482.32647705078125,0.9015476943572408,1.0,1.0,1.0,1.0,1.0
OraclePerfect_B20,JILONG_EI_0069,300,520.856689453125,0.9169093095912176,1.0,1.0,1.0,1.0,1.0
OraclePerfect_B20,JILONG_EI_0069,310,551.0020751953125,0.9258305171607044,1.0,1.0,1.0,1.0,1.0
OraclePerfect_B20,JILONG_EI_0069,320,585.6200561523438,0.9277011316853127,1.0,1.0,1.0,1.0,1.0
OraclePerfect_B20,JILONG_EI_0069,330,617.2301025390625,0.9276443599758294,1.0,1.0,1.0,1.0,1.0
OraclePerfect_B20,JILONG_EI_0069,340,638.445556640625,0.9090464275668271,1.0,1.0,1.0,1.0,1.0
OraclePerfect_B20,JILONG_EI_0069,350,657.9970092773438,0.8700299049948153,1.0,1.0,1.0,1.0,1.0
OraclePerfect_B20,JILONG_EI_0069,360,677.364013671875,0.8200293306184824,1.0,1.0,1.0,1.0,1.0
OraclePerfect_B20,JILONG_EI_0069,370,693.4329833984375,0.771207145748003,1.0,1.0,1.0,1.0,1.0
OraclePerfect_B20,JILONG_EI_0069,380,706.376708984375,0.7278858144514899,1.0,1.0,1.0,1.0,1.0
OraclePerfect_B20,JILONG_EI_0069,390,711.4097900390625,0.716436726963546,1.0,1.0,1.0,1.0,1.0
OraclePerfect_B20,JILONG_EI_0069,400,712.6956787109375,0.7248328977042614,1.0,1.0,1.0,1.0,1.0
OraclePerfect_B20,JILONG_EI_0069,410,712.1984252929688,0.7285631793866123,1.0,1.0,1.0,1.0,1.0
OraclePerfect_B20,JILONG_EI_0069,420,708.1130981445312,0.7280864863339532,1.0,1.0,1.0,1.0,1.0
OraclePerfect_B20,JILONG_EI_0069,430,701.518798828125,0.7235314397563835,1.0,1.0,1.0,1.0,1.0
OraclePerfect_B20,JILONG_EI_0069,440,689.9100341796875,0.7172629615705088,1.0,1.0,1.0,1.0,1.0
OraclePerfect_B20,JILONG_EI_0069,450,678.2531127929688,0.7108654616940727,1.0,1.0,1.0,1.0,1.0
OraclePerfect_B20,JILONG_EI_0069,460,673.5370483398438,0.6976525028738887,1.0,1.0,1.0,1.0,1.0
OraclePerfect_B20,JILONG_EI_0069,470,667.2352294921875,0.6896999157621708,1.0,1.0,1.0,1.0,1.0
OraclePerfect_B20,JILONG_EI_0069,480,662.6353149414062,0.6815411487635086,1.0,1.0,1.0,1.0,1.0
OraclePerfect_B20,JILONG_EI_0069,490,661.4862060546875,0.6903469221734444,1.0,1.0,1.0,1.0,1.0
OraclePerfect_B20,JILONG_EI_0069,500,660.6044311523438,0.699003400138927,1.0,1.0,1.0,1.0,1.0
OraclePerfect_B20,JILONG_EI_0069,510,662.00048828125,0.704293386521299,1.0,1.0,1.0,1.0,1.0
OraclePerfect_B20,JILONG_EI_0069,520,657.9586791992188,0.710296720439634,1.0,1.0,1.0,1.0,1.0
OraclePerfect_B20,JILONG_EI_0069,530,655.4103393554688,0.7148083174891668,1.0,1.0,1.0,1.0,1.0
OraclePerfect_B20,JILONG_EI_0069,540,652.4390869140625,0.7212763658471409,1.0,1.0,1.0,1.0,1.0
OraclePerfect_B20,JILONG_EI_0069,550,653.7979736328125,0.7230635803020362,1.0,1.0,1.0,1.0,1.0
OraclePerfect_B20,JILONG_EI_0069,560,652.4716796875,0.726632575653021,1.0,1.0,1.0,1.0,1.0
OraclePerfect_B20,JILONG_EI_0069,570,653.509521484375,0.7292724584985008,1.0,1.0,1.0,1.0,1.0
OraclePerfect_B20,JILONG_EI_0069,580,649.961669921875,0.7293101644761963,1.0,1.0,1.0,1.0,1.0
OraclePerfect_B20,JILONG_EI_0069,590,647.255859375,0.7288367886211063,1.0,1.0,1.0,1.0,1.0
OraclePerfect_B20,JILONG_EI_0069,600,644.7035522460938,0.7258249356120384,1.0,1.0,1.0,1.0,1.0
OraclePerfect_B20,JILONG_EI_0069,610,643.3341064453125,0.7232944577107467,1.0,1.0,1.0,1.0,1.0
OraclePerfect_B20,JILONG_EI_0069,620,642.496826171875,0.7210674924787533,1.0,1.0,1.0,1.0,1.0
OraclePerfect_B20,JILONG_EI_0069,630,645.488525390625,0.715982526455555,1.0,1.0,1.0,1.0,1.0
OraclePerfect_B20,JILONG_EI_0069,640,648.1314086914062,0.7179953256825551,1.0,1.0,1.0,1.0,1.0
OraclePerfect_B20,JILONG_EI_0069,650,653.9523315429688,0.7161930085079663,1.0,1.0,1.0,1.0,1.0
OraclePerfect_B20,JILONG_EI_0069,660,656.9874267578125,0.7202011509153393,1.0,1.0,1.0,1.0,1.0
OraclePerfect_B20,JILONG_EI_0069,670,659.3701171875,0.7203240300698668,1.0,1.0,1.0,1.0,1.0
OraclePerfect_B20,JILONG_EI_0069,680,661.850341796875,0.7216870720790783,1.0,1.0,1.0,1.0,1.0
OraclePerfect_B20,JILONG_EI_0069,690,663.1898193359375,0.7241064884766443,1.0,1.0,1.0,1.0,1.0
OraclePerfect_B20,JILONG_EI_0069,700,666.8846435546875,0.7232059439854458,1.0,1.0,1.0,1.0,1.0
OraclePerfect_B20,JILONG_EI_0069,710,672.3223266601562,0.7228229547474356,1.0,1.0,1.0,1.0,1.0
OraclePerfect_B20,JILONG_EI_0069,720,678.8611450195312,0.7208430091356226,1.0,1.0,1.0,1.0,1.0
OraclePerfect_B20,JILONG_EI_0069,730,683.6725463867188,0.7159405796736169,1.0,1.0,1.0,1.0,1.0
OraclePerfect_B20,JILONG_EI_0069,740,689.2343139648438,0.7122412397920473,1.0,1.0,1.0,1.0,1.0
OraclePerfect_B20,JILONG_EI_0069,750,692.566650390625,0.7068339830036365,1.0,1.0,1.0,1.0,1.0
OraclePerfect_B20,JILONG_EI_0069,760,698.304931640625,0.6975547861795502,1.0,1.0,1.0,1.0,1.0
OraclePerfect_B20,JILONG_EI_0069,770,703.531982421875,0.6898688134170713,1.0,1.0,1.0,1.0,1.0
OraclePerfect_B20,JILONG_EI_0069,780,708.6690673828125,0.6795752055050399,1.0,1.0,1.0,1.0,1.0
OraclePerfect_B20,JILONG_EI_0069,790,713.35595703125,0.6706334087822144,1.0,1.0,1.0,1.0,1.0
OraclePerfect_B20,JILONG_EI_0069,800,720.9371337890625,0.6606299675176125,1.0,1.0,1.0,1.0,1.0
OraclePerfect_B20,JILONG_EI_0069,810,726.4541015625,0.6520967692969941,1.0,1.0,1.0,1.0,1.0
OraclePerfect_B20,JILONG_EI_0069,820,732.0343017578125,0.6432377879096582,1.0,1.0,1.0,1.0,1.0
OraclePerfect_B20,JILONG_EI_0069,830,739.1085815429688,0.6353334831826885,1.0,1.0,1.0,1.0,1.0
OraclePerfect_B20,JILONG_EI_0069,840,744.49658203125,0.6282255645432006,1.0,1.0,1.0,1.0,1.0
OraclePerfect_B20,JILONG_EI_0069,850,750.259765625,0.6208226523721835,1.0,1.0,1.0,1.0,1.0
OraclePerfect_B20,JILONG_EI_0069,860,755.4703979492188,0.6172862616337336,1.0,1.0,1.0,1.0,1.0
OraclePerfect_B20,JILONG_EI_0069,870,760.5410766601562,0.6156454832105485,1.0,1.0,1.0,1.0,1.0
OraclePerfect_B20,JILONG_EI_0069,880,765.3236083984375,0.614156057299966,1.0,1.0,1.0,1.0,1.0
OraclePerfect_B20,JILONG_EI_0069,890,770.367919921875,0.6107192841101319,1.0,1.0,1.0,1.0,1.0
OraclePerfect_B20,JILONG_EI_0069,900,774.8759765625,0.6061346688954133,1.0,1.0,1.0,1.0,1.0
OraclePerfect_B20,JILONG_EI_0069,910,779.755126953125,0.6027039567969084,1.0,1.0,1.0,1.0,1.0
OraclePerfect_B20,JILONG_EI_0069,920,785.3310546875,0.5996206358756458,1.0,1.0,1.0,1.0,1.0
OraclePerfect_B20,JILONG_EI_0069,930,786.3494873046875,0.5937697306015352,1.0,1.0,1.0,1.0,1.0
OraclePerfect_B20,JILONG_EI_0069,940,791.858154296875,0.590345171839796,1.0,1.0,1.0,1.0,1.0
OraclePerfect_B20,JILONG_EI_0069,950,796.612060546875,0.5863651391410927,1.0,1.0,1.0,1.0,1.0
OraclePerfect_B20,JILONG_EI_0069,960,801.1167602539062,0.5836953731961567,1.0,1.0,1.0,1.0,1.0
OraclePerfect_B20,JILONG_EI_0069,970,804.767822265625,0.57924916637804,1.0,1.0,1.0,1.0,1.0
OraclePerfect_B20,JILONG_EI_0069,980,808.3175048828125,0.5760238449471058,1.0,1.0,1.0,1.0,1.0
OraclePerfect_B20,JILONG_EI_0069,990,814.593994140625,0.5729528164343705,1.0,1.0,1.0,1.0,1.0
OraclePerfect_B20,JILONG_EI_0069,1000,818.70361328125,0.5704375116804151,1.0,1.0,1.0,1.0,1.0
OraclePerfect_B20,JILONG_EI_0069,1010,822.265869140625,0.5670106652428845,1.0,1.0,1.0,1.0,1.0
OraclePerfect_B20,JILONG_EI_0069,1020,826.69140625,0.5651998259988399,1.0,1.0,1.0,1.0,1.0
OraclePerfect_B20,JILONG_EI_0069,1030,828.260986328125,0.5596742512505067,1.0,1.0,1.0,1.0,1.0
OraclePerfect_B20,JILONG_EI_0069,1040,832.1727905273438,0.5576762996092096,1.0,1.0,1.0,1.0,1.0
OraclePerfect_B20,JILONG_EI_0069,1050,837.0410766601562,0.5553942433115356,1.0,1.0,1.0,1.0,1.0
OraclePerfect_B20,JILONG_EI_0069,1060,838.7550048828125,0.5520011847114437,1.0,1.0,1.0,1.0,1.0
OraclePerfect_B20,JILONG_EI_0069,1070,841.4722290039062,0.5504686295901435,1.0,1.0,1.0,1.0,1.0
OraclePerfect_B20,JILONG_EI_0069,1080,845.325927734375,0.5496374427530786,1.0,1.0,1.0,1.0,1.0
OraclePerfect_B20,JILONG_EI_0069,1090,844.9544677734375,0.5463584209520942,1.0,1.0,1.0,1.0,1.0
OraclePerfect_B20,JILONG_EI_0069,1100,848.5094604492188,0.545270901225509,1.0,1.0,1.0,1.0,1.0
OraclePerfect_B20,JILONG_EI_0069,1110,849.264892578125,0.5413864777480993,1.0,1.0,1.0,1.0,1.0
OraclePerfect_B20,JILONG_EI_0069,1120,850.1941528320312,0.53896604615781,1.0,1.0,1.0,1.0,1.0
OraclePerfect_B20,JILONG_EI_0069,1130,847.2175903320312,0.5319969479779582,1.0,1.0,1.0,1.0,1.0
OraclePerfect_B20,JILONG_EI_0069,1140,846.94091796875,0.5270311929876137,1.0,1.0,1.0,1.0,1.0
OraclePerfect_B20,JILONG_EI_0069,1150,846.98486328125,0.522431723849011,1.0,1.0,1.0,1.0,1.0
OraclePerfect_B20,JILONG_EI_0069,1160,849.8092041015625,0.5194883479715373,1.0,1.0,1.0,1.0,1.0
OraclePerfect_B20,JILONG_EI_0069,1170,853.3839111328125,0.5173403869396369,1.0,1.0,1.0,1.0,1.0
OraclePerfect_B20,JILONG_EI_0069,1180,849.142333984375,0.5058151277253123,1.0,1.0,1.0,1.0,1.0
OraclePerfect_B20,JILONG_EI_0069,1190,851.755859375,0.5027071648574001,1.0,1.0,1.0,1.0,1.0
OraclePerfect_B20,JILONG_EI_0069,1200,854.4631958007812,0.5003406516295437,1.0,1.0,1.0,1.0,1.0
OraclePerfect_B20,JILONG_EI_0069,1210,855.398193359375,0.49420785185957333,1.0,1.0,1.0,1.0,1.0
OraclePerfect_B20,JILONG_EI_0069,1220,859.5516357421875,0.48996083446859123,1.0,1.0,1.0,1.0,1.0
OraclePerfect_B20,JILONG_EI_0069,1230,863.9146728515625,0.48664016964586304,1.0,1.0,1.0,1.0,1.0
OraclePerfect_B20,JILONG_EI_0069,1240,867.974609375,0.4816806031987361,1.0,1.0,1.0,1.0,1.0
OraclePerfect_B20,JILONG_EI_0069,1250,872.712890625,0.47771759237009154,1.0,1.0,1.0,1.0,1.0
OraclePerfect_B20,JILONG_EI_0069,1260,877.9299926757812,0.47346554923847434,1.0,1.0,1.0,1.0,1.0
OraclePerfect_B20,JILONG_EI_0069,1270,881.4755249023438,0.46837077990443016,1.0,1.0,1.0,1.0,1.0
OraclePerfect_B20,JILONG_EI_0069,1280,885.768798828125,0.4636579959897739,1.0,1.0,1.0,1.0,1.0
OraclePerfect_B20,JILONG_EI_0069,1290,890.047119140625,0.45702216640612714,1.0,1.0,1.0,1.0,1.0
OraclePerfect_B20,JILONG_EI_0069,1300,892.5570068359375,0.4518424854843032,1.0,1.0,1.0,1.0,1.0
OraclePerfect_B20,JILONG_EI_0069,1310,896.1536254882812,0.44629176330195164,1.0,1.0,1.0,1.0,1.0
OraclePerfect_B20,JILONG_EI_0069,1320,899.3890991210938,0.4412122880832049,1.0,1.0,1.0,1.0,1.0
OraclePerfect_B20,JILONG_EI_0069,1330,903.5396118164062,0.4371653683960607,1.0,1.0,1.0,1.0,1.0
OraclePerfect_B20,JILONG_EI_0069,1340,906.8997802734375,0.4333287746962644,1.0,1.0,1.0,1.0,1.0
OraclePerfect_B20,JILONG_EI_0069,1350,909.7542114257812,0.4286494626072254,1.0,1.0,1.0,1.0,1.0
OraclePerfect_B20,JILONG_EI_0069,1360,911.2626953125,0.422556694659323,1.0,1.0,1.0,1.0,1.0
OraclePerfect_B20,JILONG_EI_0069,1370,913.92529296875,0.4175555443740987,1.0,1.0,1.0,1.0,1.0
OraclePerfect_B20,JILONG_EI_0069,1380,916.4230346679688,0.4138351041044774,1.0,1.0,1.0,1.0,1.0
OraclePerfect_B20,JILONG_EI_0069,1390,916.1244506835938,0.41135066941155024,1.0,1.0,1.0,1.0,1.0
OraclePerfect_B20,JILONG_EI_0069,1400,919.8516845703125,0.4085365978821367,1.0,1.0,1.0,1.0,1.0
OraclePerfect_B20,JILONG_EI_0069,1410,921.8220825195312,0.40423077082451764,1.0,1.0,1.0,1.0,1.0
OraclePerfect_B20,JILONG_EI_0069,1420,925.1438598632812,0.40137440278953973,1.0,1.0,1.0,1.0,1.0
OraclePerfect_B20,JILONG_EI_0069,1430,927.3353271484375,0.39882775111105995,1.0,1.0,1.0,1.0,1.0
OraclePerfect_B20,JILONG_EI_0069,1440,930.6741333007812,0.39575277075062054,1.0,1.0,1.0,1.0,1.0
OraclePerfect_B20,JILONG_EI_0079,10,26.742862701416016,0.9950755068241034,1.0,1.0,1.0,1.0,1.0
OraclePerfect_B20,JILONG_EI_0079,20,45.02296829223633,0.9976890010956031,1.0,1.0,1.0,1.0,1.0
OraclePerfect_B20,JILONG_EI_0079,30,70.63335418701172,0.9979096608421935,1.0,1.0,1.0,1.0,1.0
OraclePerfect_B20,JILONG_EI_0079,40,156.85189819335938,0.9971926565471905,1.0,1.0,1.0,1.0,1.0
OraclePerfect_B20,JILONG_EI_0079,50,212.43209838867188,0.9302270050703124,1.0,1.0,1.0,1.0,1.0
OraclePerfect_B20,JILONG_EI_0079,60,244.35086059570312,0.8692804595084526,1.0,1.0,1.0,1.0,1.0
OraclePerfect_B20,JILONG_EI_0079,70,286.60400390625,0.8522587422690875,1.0,1.0,1.0,1.0,1.0
OraclePerfect_B20,JILONG_EI_0079,80,335.9338684082031,0.7817224496788319,1.0,1.0,1.0,1.0,1.0
OraclePerfect_B20,JILONG_EI_0079,90,369.96112060546875,0.7135013387736266,1.0,1.0,1.0,1.0,1.0
OraclePerfect_B20,JILONG_EI_0079,100,364.6326904296875,0.7562548887082642,1.0,1.0,1.0,1.0,1.0
OraclePerfect_B20,JILONG_EI_0079,110,346.46417236328125,0.7786449772307931,1.0,1.0,1.0,1.0,1.0
OraclePerfect_B20,JILONG_EI_0079,120,375.4679870605469,0.7888047583270564,1.0,1.0,1.0,1.0,1.0
OraclePerfect_B20,JILONG_EI_0079,130,405.0098876953125,0.7726479779498674,1.0,1.0,1.0,1.0,1.0
OraclePerfect_B20,JILONG_EI_0079,140,361.837158203125,0.7336623676710349,1.0,1.0,1.0,1.0,1.0
OraclePerfect_B20,JILONG_EI_0079,150,366.9691162109375,0.7845370097958795,1.0,1.0,1.0,1.0,1.0
OraclePerfect_B20,JILONG_EI_0079,160,336.0373229980469,0.7905699605460781,1.0,1.0,1.0,1.0,1.0
OraclePerfect_B20,JILONG_EI_0079,170,329.6283874511719,0.7828233334008883,1.0,1.0,1.0,1.0,1.0
OraclePerfect_B20,JILONG_EI_0079,180,312.043212890625,0.7962646459177826,1.0,1.0,1.0,1.0,1.0
OraclePerfect_B20,JILONG_EI_0079,190,298.1063232421875,0.7719594882380382,1.0,1.0,1.0,1.0,1.0
OraclePerfect_B20,JILONG_EI_0079,200,302.0707092285156,0.7310187557428048,1.0,1.0,1.0,1.0,1.0
OraclePerfect_B20,JILONG_EI_0079,210,299.37213134765625,0.7390784461874736,1.0,1.0,1.0,1.0,1.0
OraclePerfect_B20,JILONG_EI_0079,220,290.2675476074219,0.7341645456618614,1.0,1.0,1.0,1.0,1.0
OraclePerfect_B20,JILONG_EI_0079,230,306.19415283203125,0.7482838772885503,1.0,1.0,1.0,1.0,1.0
OraclePerfect_B20,JILONG_EI_0079,240,326.8509521484375,0.7297031662390576,1.0,1.0,1.0,1.0,1.0
OraclePerfect_B20,JILONG_EI_0079,250,307.3459777832031,0.7745723191683889,1.0,1.0,1.0,1.0,1.0
OraclePerfect_B20,JILONG_EI_0079,260,328.0489501953125,0.8155184888482634,1.0,1.0,1.0,1.0,1.0
OraclePerfect_B20,JILONG_EI_0079,270,353.7511291503906,0.8339727564840079,1.0,1.0,1.0,1.0,1.0
OraclePerfect_B20,JILONG_EI_0079,280,379.98748779296875,0.8606145016997951,1.0,1.0,1.0,1.0,1.0
OraclePerfect_B20,JILONG_EI_0079,290,402.0539855957031,0.887898408480019,1.0,1.0,1.0,1.0,1.0
OraclePerfect_B20,JILONG_EI_0079,300,423.9402770996094,0.9041435640430313,1.0,1.0,1.0,1.0,1.0
OraclePerfect_B20,JILONG_EI_0079,310,454.7523498535156,0.9092889596308786,1.0,1.0,1.0,1.0,1.0
OraclePerfect_B20,JILONG_EI_0079,320,481.33453369140625,0.9099840355429244,1.0,1.0,1.0,1.0,1.0
OraclePerfect_B20,JILONG_EI_0079,330,507.56597900390625,0.9209620977512872,1.0,1.0,1.0,1.0,1.0
OraclePerfect_B20,JILONG_EI_0079,340,531.67431640625,0.9238591204144265,1.0,1.0,1.0,1.0,1.0
OraclePerfect_B20,JILONG_EI_0079,350,545.783935546875,0.9269049396699801,1.0,1.0,1.0,1.0,1.0
OraclePerfect_B20,JILONG_EI_0079,360,561.860107421875,0.9124689341453581,1.0,1.0,1.0,1.0,1.0
OraclePerfect_B20,JILONG_EI_0079,370,571.2679443359375,0.8790742363202286,1.0,1.0,1.0,1.0,1.0
OraclePerfect_B20,JILONG_EI_0079,380,581.36767578125,0.833038571170699,1.0,1.0,1.0,1.0,1.0
OraclePerfect_B20,JILONG_EI_0079,390,591.4010620117188,0.7829485260367222,1.0,1.0,1.0,1.0,1.0
OraclePerfect_B20,JILONG_EI_0079,400,601.493896484375,0.7370205104413139,1.0,1.0,1.0,1.0,1.0
OraclePerfect_B20,JILONG_EI_0079,410,603.7930297851562,0.7358965526464817,1.0,1.0,1.0,1.0,1.0
OraclePerfect_B20,JILONG_EI_0079,420,610.3468627929688,0.7377379786018186,1.0,1.0,1.0,1.0,1.0
OraclePerfect_B20,JILONG_EI_0079,430,607.350830078125,0.7378115122183734,1.0,1.0,1.0,1.0,1.0
OraclePerfect_B20,JILONG_EI_0079,440,603.0264892578125,0.735099170435748,1.0,1.0,1.0,1.0,1.0
OraclePerfect_B20,JILONG_EI_0079,450,601.386962890625,0.7279982203242721,1.0,1.0,1.0,1.0,1.0
OraclePerfect_B20,JILONG_EI_0079,460,593.694091796875,0.7184782310976953,1.0,1.0,1.0,1.0,1.0
OraclePerfect_B20,JILONG_EI_0079,470,584.9581298828125,0.7097464434606419,1.0,1.0,1.0,1.0,1.0
OraclePerfect_B20,JILONG_EI_0079,480,578.4278564453125,0.703062171030089,1.0,1.0,1.0,1.0,1.0
OraclePerfect_B20,JILONG_EI_0079,490,573.2709350585938,0.7119920914788299,1.0,1.0,1.0,1.0,1.0
OraclePerfect_B20,JILONG_EI_0079,500,568.9974365234375,0.7203987912054552,1.0,1.0,1.0,1.0,1.0
OraclePerfect_B20,JILONG_EI_0079,510,562.5390014648438,0.7273906186171871,1.0,1.0,1.0,1.0,1.0
OraclePerfect_B20,JILONG_EI_0079,520,563.0645751953125,0.7297736467724534,1.0,1.0,1.0,1.0,1.0
OraclePerfect_B20,JILONG_EI_0079,530,561.992431640625,0.7384470585488448,1.0,1.0,1.0,1.0,1.0
OraclePerfect_B20,JILONG_EI_0079,540,562.232666015625,0.7406461080912633,1.0,1.0,1.0,1.0,1.0
OraclePerfect_B20,JILONG_EI_0079,550,563.7938232421875,0.7440901334867729,1.0,1.0,1.0,1.0,1.0
OraclePerfect_B20,JILONG_EI_0079,560,563.2683715820312,0.743798783995543,1.0,1.0,1.0,1.0,1.0
OraclePerfect_B20,JILONG_EI_0079,570,561.6050415039062,0.7444949195128536,1.0,1.0,1.0,1.0,1.0
OraclePerfect_B20,JILONG_EI_0079,580,558.9625244140625,0.7415911579984998,1.0,1.0,1.0,1.0,1.0
OraclePerfect_B20,JILONG_EI_0079,590,559.5916748046875,0.7375871836574587,1.0,1.0,1.0,1.0,1.0
OraclePerfect_B20,JILONG_EI_0079,600,559.8057861328125,0.7352117566032442,1.0,1.0,1.0,1.0,1.0
OraclePerfect_B20,JILONG_EI_0079,610,557.9822998046875,0.7303976659533165,1.0,1.0,1.0,1.0,1.0
OraclePerfect_B20,JILONG_EI_0079,620,557.68701171875,0.7246273765723852,1.0,1.0,1.0,1.0,1.0
OraclePerfect_B20,JILONG_EI_0079,630,555.33544921875,0.7220920488897234,1.0,1.0,1.0,1.0,1.0
OraclePerfect_B20,JILONG_EI_0079,640,552.2366333007812,0.7221307094139062,1.0,1.0,1.0,1.0,1.0
OraclePerfect_B20,JILONG_EI_0079,650,552.8111572265625,0.7232719454291607,1.0,1.0,1.0,1.0,1.0
OraclePerfect_B20,JILONG_EI_0079,660,552.0111694335938,0.725505669763272,1.0,1.0,1.0,1.0,1.0
OraclePerfect_B20,JILONG_EI_0079,670,551.3931884765625,0.7272474917249514,1.0,1.0,1.0,1.0,1.0
OraclePerfect_B20,JILONG_EI_0079,680,550.8851318359375,0.7269056553947416,1.0,1.0,1.0,1.0,1.0
OraclePerfect_B20,JILONG_EI_0079,690,552.7490234375,0.7270562673875788,1.0,1.0,1.0,1.0,1.0
OraclePerfect_B20,JILONG_EI_0079,700,553.960205078125,0.7297197327981157,1.0,1.0,1.0,1.0,1.0
OraclePerfect_B20,JILONG_EI_0079,710,557.9722900390625,0.7279815306702148,1.0,1.0,1.0,1.0,1.0
OraclePerfect_B20,JILONG_EI_0079,720,561.2555541992188,0.7278680786799574,1.0,1.0,1.0,1.0,1.0
OraclePerfect_B20,JILONG_EI_0079,730,565.6505126953125,0.7263433897995207,1.0,1.0,1.0,1.0,1.0
OraclePerfect_B20,JILONG_EI_0079,740,567.703369140625,0.7281615864016603,1.0,1.0,1.0,1.0,1.0
OraclePerfect_B20,JILONG_EI_0079,750,570.1807250976562,0.7239421066255324,1.0,1.0,1.0,1.0,1.0
OraclePerfect_B20,JILONG_EI_0079,760,571.88818359375,0.7235601524140258,1.0,1.0,1.0,1.0,1.0
OraclePerfect_B20,JILONG_EI_0079,770,575.391845703125,0.720898162041435,1.0,1.0,1.0,1.0,1.0
OraclePerfect_B20,JILONG_EI_0079,780,579.3967895507812,0.7184345748446859,1.0,1.0,1.0,1.0,1.0
OraclePerfect_B20,JILONG_EI_0079,790,582.0257568359375,0.717279729448014,1.0,1.0,1.0,1.0,1.0
OraclePerfect_B20,JILONG_EI_0079,800,586.7691650390625,0.7160651525074874,1.0,1.0,1.0,1.0,1.0
OraclePerfect_B20,JILONG_EI_0079,810,588.5269165039062,0.7154338699877897,1.0,1.0,1.0,1.0,1.0
OraclePerfect_B20,JILONG_EI_0079,820,592.1356201171875,0.7123890084435078,1.0,1.0,1.0,1.0,1.0
OraclePerfect_B20,JILONG_EI_0079,830,595.607177734375,0.7104126643016819,1.0,1.0,1.0,1.0,1.0
OraclePerfect_B20,JILONG_EI_0079,840,598.684814453125,0.7083980746265801,1.0,1.0,1.0,1.0,1.0
OraclePerfect_B20,JILONG_EI_0079,850,600.8858642578125,0.7036580746996809,1.0,1.0,1.0,1.0,1.0
OraclePerfect_B20,JILONG_EI_0079,860,604.7490234375,0.6991286999070883,1.0,1.0,1.0,1.0,1.0
OraclePerfect_B20,JILONG_EI_0079,870,608.3790893554688,0.6951190488073052,1.0,1.0,1.0,1.0,1.0
OraclePerfect_B20,JILONG_EI_0079,880,612.5293579101562,0.6889661250811702,1.0,1.0,1.0,1.0,1.0
OraclePerfect_B20,JILONG_EI_0079,890,616.2281494140625,0.6851487227930918,1.0,1.0,1.0,1.0,1.0
OraclePerfect_B20,JILONG_EI_0079,900,620.5918579101562,0.6799422483489599,1.0,1.0,1.0,1.0,1.0
OraclePerfect_B20,JILONG_EI_0079,910,624.5820922851562,0.6741930377053997,1.0,1.0,1.0,1.0,1.0
OraclePerfect_B20,JILONG_EI_0079,920,628.0948486328125,0.6692904963918481,1.0,1.0,1.0,1.0,1.0
OraclePerfect_B20,JILONG_EI_0079,930,632.404296875,0.6633228724075556,1.0,1.0,1.0,1.0,1.0
OraclePerfect_B20,JILONG_EI_0079,940,636.9091186523438,0.6572146793639482,1.0,1.0,1.0,1.0,1.0
OraclePerfect_B20,JILONG_EI_0079,950,641.84423828125,0.6497869351047048,1.0,1.0,1.0,1.0,1.0
OraclePerfect_B20,JILONG_EI_0079,960,644.7507934570312,0.6426887273061962,1.0,1.0,1.0,1.0,1.0
OraclePerfect_B20,JILONG_EI_0079,970,648.9208984375,0.6373946978925948,1.0,1.0,1.0,1.0,1.0
OraclePerfect_B20,JILONG_EI_0079,980,653.962158203125,0.6303265032973524,1.0,1.0,1.0,1.0,1.0
OraclePerfect_B20,JILONG_EI_0079,990,657.30419921875,0.626224714550228,1.0,1.0,1.0,1.0,1.0
OraclePerfect_B20,JILONG_EI_0079,1000,661.7915649414062,0.6201564456947538,1.0,1.0,1.0,1.0,1.0
OraclePerfect_B20,JILONG_EI_0079,1010,665.17626953125,0.6148595376399191,1.0,1.0,1.0,1.0,1.0
OraclePerfect_B20,JILONG_EI_0079,1020,668.2815551757812,0.6079585468031566,1.0,1.0,1.0,1.0,1.0
OraclePerfect_B20,JILONG_EI_0079,1030,671.9749145507812,0.6023572893430004,1.0,1.0,1.0,1.0,1.0
OraclePerfect_B20,JILONG_EI_0079,1040,675.3411254882812,0.5971413411167249,1.0,1.0,1.0,1.0,1.0
OraclePerfect_B20,JILONG_EI_0079,1050,677.0,0.5911493112224899,1.0,1.0,1.0,1.0,1.0
OraclePerfect_B20,JILONG_EI_0079,1060,680.3341674804688,0.5874737257950534,1.0,1.0,1.0,1.0,1.0
OraclePerfect_B20,JILONG_EI_0079,1070,683.88037109375,0.583687875223859,1.0,1.0,1.0,1.0,1.0
OraclePerfect_B20,JILONG_EI_0079,1080,686.437255859375,0.5806763548359798,1.0,1.0,1.0,1.0,1.0
OraclePerfect_B20,JILONG_EI_0079,1090,689.6817626953125,0.5773539271273106,1.0,1.0,1.0,1.0,1.0
OraclePerfect_B20,JILONG_EI_0079,1100,693.8679809570312,0.5739347720077377,1.0,1.0,1.0,1.0,1.0
OraclePerfect_B20,JILONG_EI_0079,1110,696.8560180664062,0.5721937445149697,1.0,1.0,1.0,1.0,1.0
OraclePerfect_B20,JILONG_EI_0079,1120,697.5421142578125,0.5673184982588941,1.0,1.0,1.0,1.0,1.0
OraclePerfect_B20,JILONG_EI_0079,1130,701.1531982421875,0.5656928195127104,1.0,1.0,1.0,1.0,1.0
OraclePerfect_B20,JILONG_EI_0079,1140,703.65087890625,0.5639676327938504,1.0,1.0,1.0,1.0,1.0
OraclePerfect_B20,JILONG_EI_0079,1150,706.989013671875,0.562886792607667,1.0,1.0,1.0,1.0,1.0
OraclePerfect_B20,JILONG_EI_0079,1160,709.9005126953125,0.5621188532581162,1.0,1.0,1.0,1.0,1.0
OraclePerfect_B20,JILONG_EI_0079,1170,712.4271850585938,0.5612404176418603,1.0,1.0,1.0,1.0,1.0
OraclePerfect_B20,JILONG_EI_0079,1180,715.012939453125,0.5595191986014135,1.0,1.0,1.0,1.0,1.0
OraclePerfect_B20,JILONG_EI_0079,1190,716.540771484375,0.5584517985495022,1.0,1.0,1.0,1.0,1.0
OraclePerfect_B20,JILONG_EI_0079,1200,719.885498046875,0.5562466927271809,1.0,1.0,1.0,1.0,1.0
OraclePerfect_B20,JILONG_EI_0079,1210,721.8634643554688,0.5559336464334776,1.0,1.0,1.0,1.0,1.0
OraclePerfect_B20,JILONG_EI_0079,1220,723.6714477539062,0.5550106755247282,1.0,1.0,1.0,1.0,1.0
OraclePerfect_B20,JILONG_EI_0079,1230,724.945556640625,0.5547518963993248,1.0,1.0,1.0,1.0,1.0
OraclePerfect_B20,JILONG_EI_0079,1240,727.9011840820312,0.5528580207397393,1.0,1.0,1.0,1.0,1.0
OraclePerfect_B20,JILONG_EI_0079,1250,726.943115234375,0.549911064701084,1.0,1.0,1.0,1.0,1.0
OraclePerfect_B20,JILONG_EI_0079,1260,726.4540405273438,0.5466491796478755,1.0,1.0,1.0,1.0,1.0
OraclePerfect_B20,JILONG_EI_0079,1270,729.0703125,0.545027776627922,1.0,1.0,1.0,1.0,1.0
OraclePerfect_B20,JILONG_EI_0079,1280,730.935791015625,0.5443153260086667,1.0,1.0,1.0,1.0,1.0
OraclePerfect_B20,JILONG_EI_0079,1290,730.3566284179688,0.5415537007474717,1.0,1.0,1.0,1.0,1.0
OraclePerfect_B20,JILONG_EI_0079,1300,732.656494140625,0.5394843013552253,1.0,1.0,1.0,1.0,1.0
OraclePerfect_B20,JILONG_EI_0079,1310,730.4313354492188,0.5338564395495207,1.0,1.0,1.0,1.0,1.0
OraclePerfect_B20,JILONG_EI_0079,1320,731.8787841796875,0.5316540389971589,1.0,1.0,1.0,1.0,1.0
OraclePerfect_B20,JILONG_EI_0079,1330,733.7822265625,0.528984393277552,1.0,1.0,1.0,1.0,1.0
OraclePerfect_B20,JILONG_EI_0079,1340,736.4400634765625,0.5266531882355562,1.0,1.0,1.0,1.0,1.0
OraclePerfect_B20,JILONG_EI_0079,1350,738.7752685546875,0.52460878402917,1.0,1.0,1.0,1.0,1.0
OraclePerfect_B20,JILONG_EI_0079,1360,737.8931274414062,0.5172902648670933,1.0,1.0,1.0,1.0,1.0
OraclePerfect_B20,JILONG_EI_0079,1370,740.1157836914062,0.5134403074651929,1.0,1.0,1.0,1.0,1.0
OraclePerfect_B20,JILONG_EI_0079,1380,739.56396484375,0.5067210581261313,1.0,1.0,1.0,1.0,1.0
OraclePerfect_B20,JILONG_EI_0079,1390,742.564208984375,0.5034679991678394,1.0,1.0,1.0,1.0,1.0
OraclePerfect_B20,JILONG_EI_0079,1400,744.1622314453125,0.4985372456780757,1.0,1.0,1.0,1.0,1.0
OraclePerfect_B20,JILONG_EI_0079,1410,745.8135375976562,0.49281999935097015,1.0,1.0,1.0,1.0,1.0
OraclePerfect_B20,JILONG_EI_0079,1420,749.31591796875,0.48914156439668754,1.0,1.0,1.0,1.0,1.0
OraclePerfect_B20,JILONG_EI_0079,1430,753.3431396484375,0.48487018037693097,1.0,1.0,1.0,1.0,1.0
OraclePerfect_B20,JILONG_EI_0079,1440,756.8131713867188,0.4793824114957579,1.0,1.0,1.0,1.0,1.0
OraclePerfect_B20,JILONG_EI_0089,10,23.2847900390625,0.9878502188892109,1.0,1.0,1.0,1.0,1.0
OraclePerfect_B20,JILONG_EI_0089,20,44.597686767578125,0.9959567397500416,1.0,1.0,1.0,1.0,1.0
OraclePerfect_B20,JILONG_EI_0089,30,106.5455093383789,0.997728854118624,1.0,1.0,1.0,1.0,1.0
OraclePerfect_B20,JILONG_EI_0089,40,216.8274383544922,0.9929395907698743,1.0,1.0,1.0,1.0,1.0
OraclePerfect_B20,JILONG_EI_0089,50,278.0047607421875,0.9220043766405055,1.0,1.0,1.0,1.0,1.0
OraclePerfect_B20,JILONG_EI_0089,60,309.41461181640625,0.8789680062499357,1.0,1.0,1.0,1.0,1.0
OraclePerfect_B20,JILONG_EI_0089,70,382.33935546875,0.8549787452137418,1.0,1.0,1.0,1.0,1.0
OraclePerfect_B20,JILONG_EI_0089,80,468.625732421875,0.7861928085158749,1.0,1.0,1.0,1.0,1.0
OraclePerfect_B20,JILONG_EI_0089,90,485.2001953125,0.7551752355670952,1.0,1.0,1.0,1.0,1.0
OraclePerfect_B20,JILONG_EI_0089,100,466.3326416015625,0.776790784317129,1.0,1.0,1.0,1.0,1.0
OraclePerfect_B20,JILONG_EI_0089,110,489.5595703125,0.8130776291688493,1.0,1.0,1.0,1.0,1.0
OraclePerfect_B20,JILONG_EI_0089,120,515.2761840820312,0.8132778749745446,1.0,1.0,1.0,1.0,1.0
OraclePerfect_B20,JILONG_EI_0089,130,552.9398193359375,0.7804309600647006,1.0,1.0,1.0,1.0,1.0
OraclePerfect_B20,JILONG_EI_0089,140,497.1774597167969,0.7442957893269047,1.0,1.0,1.0,1.0,1.0
OraclePerfect_B20,JILONG_EI_0089,150,471.21173095703125,0.7952061610519262,1.0,1.0,1.0,1.0,1.0
OraclePerfect_B20,JILONG_EI_0089,160,409.46002197265625,0.8005520406649521,1.0,1.0,1.0,1.0,1.0
OraclePerfect_B20,JILONG_EI_0089,170,433.88128662109375,0.7978886153511209,1.0,1.0,1.0,1.0,1.0
OraclePerfect_B20,JILONG_EI_0089,180,412.642333984375,0.8012994073407435,1.0,1.0,1.0,1.0,1.0
OraclePerfect_B20,JILONG_EI_0089,190,377.5869140625,0.7402721657590635,1.0,1.0,1.0,1.0,1.0
OraclePerfect_B20,JILONG_EI_0089,200,372.6554260253906,0.7089371547104565,1.0,1.0,1.0,1.0,1.0
OraclePerfect_B20,JILONG_EI_0089,210,383.8785400390625,0.7162120238190938,1.0,1.0,1.0,1.0,1.0
OraclePerfect_B20,JILONG_EI_0089,220,385.0204772949219,0.7332818157720532,1.0,1.0,1.0,1.0,1.0
OraclePerfect_B20,JILONG_EI_0089,230,419.887451171875,0.754471735156879,1.0,1.0,1.0,1.0,1.0
OraclePerfect_B20,JILONG_EI_0089,240,415.41162109375,0.709159109316025,1.0,1.0,1.0,1.0,1.0
OraclePerfect_B20,JILONG_EI_0089,250,409.2373046875,0.8099375168352633,1.0,1.0,1.0,1.0,1.0
OraclePerfect_B20,JILONG_EI_0089,260,434.9547119140625,0.8377569701870029,1.0,1.0,1.0,1.0,1.0
OraclePerfect_B20,JILONG_EI_0089,270,470.577392578125,0.8497671757411475,1.0,1.0,1.0,1.0,1.0
OraclePerfect_B20,JILONG_EI_0089,280,502.80401611328125,0.8709310013667367,1.0,1.0,1.0,1.0,1.0
OraclePerfect_B20,JILONG_EI_0089,290,532.885986328125,0.8901111654297209,1.0,1.0,1.0,1.0,1.0
OraclePerfect_B20,JILONG_EI_0089,300,565.5858764648438,0.913044661943139,1.0,1.0,1.0,1.0,1.0
OraclePerfect_B20,JILONG_EI_0089,310,603.4841918945312,0.9175211479859192,1.0,1.0,1.0,1.0,1.0
OraclePerfect_B20,JILONG_EI_0089,320,642.9984130859375,0.9179287824412539,1.0,1.0,1.0,1.0,1.0
OraclePerfect_B20,JILONG_EI_0089,330,676.3565673828125,0.9194445961495084,1.0,1.0,1.0,1.0,1.0
OraclePerfect_B20,JILONG_EI_0089,340,698.2181396484375,0.9026861727515261,1.0,1.0,1.0,1.0,1.0
OraclePerfect_B20,JILONG_EI_0089,350,725.3407592773438,0.8621414668601222,1.0,1.0,1.0,1.0,1.0
OraclePerfect_B20,JILONG_EI_0089,360,742.8151245117188,0.8156413143582464,1.0,1.0,1.0,1.0,1.0
OraclePerfect_B20,JILONG_EI_0089,370,758.2886962890625,0.7732893937339765,1.0,1.0,1.0,1.0,1.0
OraclePerfect_B20,JILONG_EI_0089,380,769.277099609375,0.7338115443244154,1.0,1.0,1.0,1.0,1.0
OraclePerfect_B20,JILONG_EI_0089,390,772.0996704101562,0.7268453341921921,1.0,1.0,1.0,1.0,1.0
OraclePerfect_B20,JILONG_EI_0089,400,772.8397827148438,0.7303619838127902,1.0,1.0,1.0,1.0,1.0
OraclePerfect_B20,JILONG_EI_0089,410,768.6708984375,0.7312749438281226,1.0,1.0,1.0,1.0,1.0
OraclePerfect_B20,JILONG_EI_0089,420,762.1961669921875,0.7333457280702159,1.0,1.0,1.0,1.0,1.0
OraclePerfect_B20,JILONG_EI_0089,430,757.66552734375,0.729147162539714,1.0,1.0,1.0,1.0,1.0
OraclePerfect_B20,JILONG_EI_0089,440,744.6795654296875,0.725508903040186,1.0,1.0,1.0,1.0,1.0
OraclePerfect_B20,JILONG_EI_0089,450,735.2649536132812,0.7191166313202466,1.0,1.0,1.0,1.0,1.0
OraclePerfect_B20,JILONG_EI_0089,460,728.6446533203125,0.7119146422018349,1.0,1.0,1.0,1.0,1.0
OraclePerfect_B20,JILONG_EI_0089,470,724.6410522460938,0.703995376683937,1.0,1.0,1.0,1.0,1.0
OraclePerfect_B20,JILONG_EI_0089,480,722.9132080078125,0.7002140598934367,1.0,1.0,1.0,1.0,1.0
OraclePerfect_B20,JILONG_EI_0089,490,722.9172973632812,0.7087901045605943,1.0,1.0,1.0,1.0,1.0
OraclePerfect_B20,JILONG_EI_0089,500,722.0137939453125,0.716790663386694,1.0,1.0,1.0,1.0,1.0
OraclePerfect_B20,JILONG_EI_0089,510,718.34033203125,0.7187879725010398,1.0,1.0,1.0,1.0,1.0
OraclePerfect_B20,JILONG_EI_0089,520,713.5486450195312,0.722313346174658,1.0,1.0,1.0,1.0,1.0
OraclePerfect_B20,JILONG_EI_0089,530,709.416748046875,0.7283315835388847,1.0,1.0,1.0,1.0,1.0
OraclePerfect_B20,JILONG_EI_0089,540,707.2418823242188,0.7298515045255705,1.0,1.0,1.0,1.0,1.0
OraclePerfect_B20,JILONG_EI_0089,550,703.9877319335938,0.7336220472920264,1.0,1.0,1.0,1.0,1.0
OraclePerfect_B20,JILONG_EI_0089,560,702.6021728515625,0.736147333292569,1.0,1.0,1.0,1.0,1.0
OraclePerfect_B20,JILONG_EI_0089,570,700.0353393554688,0.7360587886221482,1.0,1.0,1.0,1.0,1.0
OraclePerfect_B20,JILONG_EI_0089,580,696.3121948242188,0.7361095991540861,1.0,1.0,1.0,1.0,1.0
OraclePerfect_B20,JILONG_EI_0089,590,695.1016235351562,0.7354637086615747,1.0,1.0,1.0,1.0,1.0
OraclePerfect_B20,JILONG_EI_0089,600,693.3978271484375,0.7330868118702859,1.0,1.0,1.0,1.0,1.0
OraclePerfect_B20,JILONG_EI_0089,610,689.4854125976562,0.7295652767594586,1.0,1.0,1.0,1.0,1.0
OraclePerfect_B20,JILONG_EI_0089,620,687.0888671875,0.7273013291181264,1.0,1.0,1.0,1.0,1.0
OraclePerfect_B20,JILONG_EI_0089,630,688.9216918945312,0.7252195870661489,1.0,1.0,1.0,1.0,1.0
OraclePerfect_B20,JILONG_EI_0089,640,692.669677734375,0.7227504578612055,1.0,1.0,1.0,1.0,1.0
OraclePerfect_B20,JILONG_EI_0089,650,694.54296875,0.7202755048835624,1.0,1.0,1.0,1.0,1.0
OraclePerfect_B20,JILONG_EI_0089,660,691.2232666015625,0.7242010268180726,1.0,1.0,1.0,1.0,1.0
OraclePerfect_B20,JILONG_EI_0089,670,690.8071899414062,0.7244009331641066,1.0,1.0,1.0,1.0,1.0
OraclePerfect_B20,JILONG_EI_0089,680,690.47802734375,0.7252012630585309,1.0,1.0,1.0,1.0,1.0
OraclePerfect_B20,JILONG_EI_0089,690,691.1744384765625,0.7255118813385013,1.0,1.0,1.0,1.0,1.0
OraclePerfect_B20,JILONG_EI_0089,700,690.554931640625,0.7258783830570045,1.0,1.0,1.0,1.0,1.0
OraclePerfect_B20,JILONG_EI_0089,710,692.7761840820312,0.7263943549100706,1.0,1.0,1.0,1.0,1.0
OraclePerfect_B20,JILONG_EI_0089,720,693.5654907226562,0.7255134868390699,1.0,1.0,1.0,1.0,1.0
OraclePerfect_B20,JILONG_EI_0089,730,693.8980712890625,0.7250366005865038,1.0,1.0,1.0,1.0,1.0
OraclePerfect_B20,JILONG_EI_0089,740,695.5704956054688,0.7199104519301984,1.0,1.0,1.0,1.0,1.0
OraclePerfect_B20,JILONG_EI_0089,750,695.6072998046875,0.7162945814741492,1.0,1.0,1.0,1.0,1.0
OraclePerfect_B20,JILONG_EI_0089,760,698.2385864257812,0.7076239408731635,1.0,1.0,1.0,1.0,1.0
OraclePerfect_B20,JILONG_EI_0089,770,701.1162109375,0.6994508717731786,1.0,1.0,1.0,1.0,1.0
OraclePerfect_B20,JILONG_EI_0089,780,701.6920166015625,0.6907356741485385,1.0,1.0,1.0,1.0,1.0
OraclePerfect_B20,JILONG_EI_0089,790,704.189697265625,0.6812197051986713,1.0,1.0,1.0,1.0,1.0
OraclePerfect_B20,JILONG_EI_0089,800,708.5603637695312,0.6726131339303232,1.0,1.0,1.0,1.0,1.0
OraclePerfect_B20,JILONG_EI_0089,810,711.6588745117188,0.6623279999722647,1.0,1.0,1.0,1.0,1.0
OraclePerfect_B20,JILONG_EI_0089,820,714.6283569335938,0.6567351740259072,1.0,1.0,1.0,1.0,1.0
OraclePerfect_B20,JILONG_EI_0089,830,717.7025756835938,0.6516517996521133,1.0,1.0,1.0,1.0,1.0
OraclePerfect_B20,JILONG_EI_0089,840,720.6270751953125,0.6460435015695979,1.0,1.0,1.0,1.0,1.0
OraclePerfect_B20,JILONG_EI_0089,850,724.0533447265625,0.6417261651132159,1.0,1.0,1.0,1.0,1.0
OraclePerfect_B20,JILONG_EI_0089,860,725.2439575195312,0.6340456043122421,1.0,1.0,1.0,1.0,1.0
OraclePerfect_B20,JILONG_EI_0089,870,727.4899291992188,0.6297875254270995,1.0,1.0,1.0,1.0,1.0
OraclePerfect_B20,JILONG_EI_0089,880,728.694091796875,0.6249887928436462,1.0,1.0,1.0,1.0,1.0
OraclePerfect_B20,JILONG_EI_0089,890,732.4788208007812,0.6191908778516942,1.0,1.0,1.0,1.0,1.0
OraclePerfect_B20,JILONG_EI_0089,900,735.751220703125,0.6117435956548033,1.0,1.0,1.0,1.0,1.0
OraclePerfect_B20,JILONG_EI_0089,910,739.0911254882812,0.6060134121335895,1.0,1.0,1.0,1.0,1.0
OraclePerfect_B20,JILONG_EI_0089,920,742.2232666015625,0.6004168835137176,1.0,1.0,1.0,1.0,1.0
OraclePerfect_B20,JILONG_EI_0089,930,744.8103637695312,0.5955254923436063,1.0,1.0,1.0,1.0,1.0
OraclePerfect_B20,JILONG_EI_0089,940,747.8314208984375,0.5903959176368498,1.0,1.0,1.0,1.0,1.0
OraclePerfect_B20,JILONG_EI_0089,950,751.0821533203125,0.5848513397299498,1.0,1.0,1.0,1.0,1.0
OraclePerfect_B20,JILONG_EI_0089,960,754.1214599609375,0.5813319403815687,1.0,1.0,1.0,1.0,1.0
OraclePerfect_B20,JILONG_EI_0089,970,757.0340576171875,0.5763909141255141,1.0,1.0,1.0,1.0,1.0
OraclePerfect_B20,JILONG_EI_0089,980,759.3447265625,0.5742815159760165,1.0,1.0,1.0,1.0,1.0
OraclePerfect_B20,JILONG_EI_0089,990,762.875244140625,0.5700768240952444,1.0,1.0,1.0,1.0,1.0
OraclePerfect_B20,JILONG_EI_0089,1000,765.8917236328125,0.5669683549287337,1.0,1.0,1.0,1.0,1.0
OraclePerfect_B20,JILONG_EI_0089,1010,769.661376953125,0.5640848464786506,1.0,1.0,1.0,1.0,1.0
OraclePerfect_B20,JILONG_EI_0089,1020,770.97265625,0.5605968222656347,1.0,1.0,1.0,1.0,1.0
OraclePerfect_B20,JILONG_EI_0089,1030,773.3984375,0.55865422729124,1.0,1.0,1.0,1.0,1.0
OraclePerfect_B20,JILONG_EI_0089,1040,775.8828125,0.5558879732860863,1.0,1.0,1.0,1.0,1.0
OraclePerfect_B20,JILONG_EI_0089,1050,777.8444213867188,0.5548143927916358,1.0,1.0,1.0,1.0,1.0
OraclePerfect_B20,JILONG_EI_0089,1060,780.2373046875,0.5529238675568051,1.0,1.0,1.0,1.0,1.0
OraclePerfect_B20,JILONG_EI_0089,1070,781.821533203125,0.5499713457864036,1.0,1.0,1.0,1.0,1.0
OraclePerfect_B20,JILONG_EI_0089,1080,781.8470458984375,0.5469764049033504,1.0,1.0,1.0,1.0,1.0
OraclePerfect_B20,JILONG_EI_0089,1090,783.9943237304688,0.5439482726808743,1.0,1.0,1.0,1.0,1.0
OraclePerfect_B20,JILONG_EI_0089,1100,786.4700927734375,0.5429626713140704,1.0,1.0,1.0,1.0,1.0
OraclePerfect_B20,JILONG_EI_0089,1110,788.4746704101562,0.5401252790567486,1.0,1.0,1.0,1.0,1.0
OraclePerfect_B20,JILONG_EI_0089,1120,789.27294921875,0.5359822849068671,1.0,1.0,1.0,1.0,1.0
OraclePerfect_B20,JILONG_EI_0089,1130,790.44775390625,0.5325620488980634,1.0,1.0,1.0,1.0,1.0
OraclePerfect_B20,JILONG_EI_0089,1140,793.0029296875,0.5301292002087138,1.0,1.0,1.0,1.0,1.0
OraclePerfect_B20,JILONG_EI_0089,1150,795.8588256835938,0.5261080157871761,1.0,1.0,1.0,1.0,1.0
OraclePerfect_B20,JILONG_EI_0089,1160,797.7764892578125,0.5226431617135936,1.0,1.0,1.0,1.0,1.0
OraclePerfect_B20,JILONG_EI_0089,1170,800.0068359375,0.5197299679173838,1.0,1.0,1.0,1.0,1.0
OraclePerfect_B20,JILONG_EI_0089,1180,803.0125732421875,0.5158214627745451,1.0,1.0,1.0,1.0,1.0
OraclePerfect_B20,JILONG_EI_0089,1190,806.0645751953125,0.511838844231317,1.0,1.0,1.0,1.0,1.0
OraclePerfect_B20,JILONG_EI_0089,1200,808.6566162109375,0.5077981405534352,1.0,1.0,1.0,1.0,1.0
OraclePerfect_B20,JILONG_EI_0089,1210,811.9542236328125,0.5038605743096664,1.0,1.0,1.0,1.0,1.0
OraclePerfect_B20,JILONG_EI_0089,1220,815.0213623046875,0.4994711751252806,1.0,1.0,1.0,1.0,1.0
OraclePerfect_B20,JILONG_EI_0089,1230,815.5740966796875,0.49268687740697126,1.0,1.0,1.0,1.0,1.0
OraclePerfect_B20,JILONG_EI_0089,1240,819.7566528320312,0.488015632010676,1.0,1.0,1.0,1.0,1.0
OraclePerfect_B20,JILONG_EI_0089,1250,823.6439208984375,0.4824675455333658,1.0,1.0,1.0,1.0,1.0
OraclePerfect_B20,JILONG_EI_0089,1260,827.574462890625,0.47717681904800097,1.0,1.0,1.0,1.0,1.0
OraclePerfect_B20,JILONG_EI_0089,1270,829.0621337890625,0.4722978781826907,1.0,1.0,1.0,1.0,1.0
OraclePerfect_B20,JILONG_EI_0089,1280,832.1456298828125,0.4668598765240107,1.0,1.0,1.0,1.0,1.0
OraclePerfect_B20,JILONG_EI_0089,1290,834.715576171875,0.4631396589762707,1.0,1.0,1.0,1.0,1.0
OraclePerfect_B20,JILONG_EI_0089,1300,838.4767456054688,0.45804257341803134,1.0,1.0,1.0,1.0,1.0
OraclePerfect_B20,JILONG_EI_0089,1310,840.67333984375,0.4550048795854167,1.0,1.0,1.0,1.0,1.0
OraclePerfect_B20,JILONG_EI_0089,1320,843.1571044921875,0.45050702249109154,1.0,1.0,1.0,1.0,1.0
OraclePerfect_B20,JILONG_EI_0089,1330,845.7608642578125,0.44659894063102024,1.0,1.0,1.0,1.0,1.0
OraclePerfect_B20,JILONG_EI_0089,1340,848.227783203125,0.4422087835779066,1.0,1.0,1.0,1.0,1.0
OraclePerfect_B20,JILONG_EI_0089,1350,851.6346435546875,0.43769887693530896,1.0,1.0,1.0,1.0,1.0
OraclePerfect_B20,JILONG_EI_0089,1360,853.413330078125,0.43513722044468606,1.0,1.0,1.0,1.0,1.0
OraclePerfect_B20,JILONG_EI_0089,1370,855.122802734375,0.4307436319841144,1.0,1.0,1.0,1.0,1.0
OraclePerfect_B20,JILONG_EI_0089,1380,854.1949462890625,0.42561961325368264,1.0,1.0,1.0,1.0,1.0
OraclePerfect_B20,JILONG_EI_0089,1390,854.867919921875,0.42127742308042593,1.0,1.0,1.0,1.0,1.0
OraclePerfect_B20,JILONG_EI_0089,1400,856.4235229492188,0.4173107605822132,1.0,1.0,1.0,1.0,1.0
OraclePerfect_B20,JILONG_EI_0089,1410,858.5577392578125,0.413572355755002,1.0,1.0,1.0,1.0,1.0
OraclePerfect_B20,JILONG_EI_0089,1420,860.0748901367188,0.4102907304321901,1.0,1.0,1.0,1.0,1.0
OraclePerfect_B20,JILONG_EI_0089,1430,861.7625122070312,0.4077223865391997,1.0,1.0,1.0,1.0,1.0
OraclePerfect_B20,JILONG_EI_0089,1440,863.156982421875,0.4071179709502105,1.0,1.0,1.0,1.0,1.0
OraclePerfect_B20,JILONG_EI_0099,10,23.97819709777832,0.994595152902921,1.0,1.0,1.0,1.0,1.0
OraclePerfect_B20,JILONG_EI_0099,20,49.48992156982422,0.9980990072250284,1.0,1.0,1.0,1.0,1.0
OraclePerfect_B20,JILONG_EI_0099,30,108.00360870361328,0.9988554617547848,1.0,1.0,1.0,1.0,1.0
OraclePerfect_B20,JILONG_EI_0099,40,201.92984008789062,0.9974188644783756,1.0,1.0,1.0,1.0,1.0
OraclePerfect_B20,JILONG_EI_0099,50,260.83856201171875,0.9181958427991935,1.0,1.0,1.0,1.0,1.0
OraclePerfect_B20,JILONG_EI_0099,60,291.3226013183594,0.8777397872182731,1.0,1.0,1.0,1.0,1.0
OraclePerfect_B20,JILONG_EI_0099,70,343.69061279296875,0.8642049003863684,1.0,1.0,1.0,1.0,1.0
OraclePerfect_B20,JILONG_EI_0099,80,404.58197021484375,0.7842704704938267,1.0,1.0,1.0,1.0,1.0
OraclePerfect_B20,JILONG_EI_0099,90,452.6155700683594,0.7116151245865531,1.0,1.0,1.0,1.0,1.0
OraclePerfect_B20,JILONG_EI_0099,100,441.1639709472656,0.7659967580534681,1.0,1.0,1.0,1.0,1.0
OraclePerfect_B20,JILONG_EI_0099,110,430.06298828125,0.804404584614298,1.0,1.0,1.0,1.0,1.0
OraclePerfect_B20,JILONG_EI_0099,120,453.47467041015625,0.8087411712048342,1.0,1.0,1.0,1.0,1.0
OraclePerfect_B20,JILONG_EI_0099,130,482.8946228027344,0.7904233848906586,1.0,1.0,1.0,1.0,1.0
OraclePerfect_B20,JILONG_EI_0099,140,448.2047119140625,0.7539349325228861,1.0,1.0,1.0,1.0,1.0
OraclePerfect_B20,JILONG_EI_0099,150,429.1495666503906,0.7941267593071347,1.0,1.0,1.0,1.0,1.0
OraclePerfect_B20,JILONG_EI_0099,160,388.87152099609375,0.810626828321537,1.0,1.0,1.0,1.0,1.0
OraclePerfect_B20,JILONG_EI_0099,170,401.6968688964844,0.8073314002115751,1.0,1.0,1.0,1.0,1.0
OraclePerfect_B20,JILONG_EI_0099,180,378.76715087890625,0.8068180393431958,1.0,1.0,1.0,1.0,1.0
OraclePerfect_B20,JILONG_EI_0099,190,362.6927490234375,0.7810738752007886,1.0,1.0,1.0,1.0,1.0
OraclePerfect_B20,JILONG_EI_0099,200,363.8209228515625,0.7141494137110072,1.0,1.0,1.0,1.0,1.0
OraclePerfect_B20,JILONG_EI_0099,210,363.2596740722656,0.7219219004201886,1.0,1.0,1.0,1.0,1.0
OraclePerfect_B20,JILONG_EI_0099,220,361.21759033203125,0.7231878780816333,1.0,1.0,1.0,1.0,1.0
OraclePerfect_B20,JILONG_EI_0099,230,379.6697998046875,0.7366123386375977,1.0,1.0,1.0,1.0,1.0
OraclePerfect_B20,JILONG_EI_0099,240,394.2105712890625,0.7209619155326741,1.0,1.0,1.0,1.0,1.0
OraclePerfect_B20,JILONG_EI_0099,250,372.54522705078125,0.7932565074709695,1.0,1.0,1.0,1.0,1.0
OraclePerfect_B20,JILONG_EI_0099,260,397.1732177734375,0.8243173915271494,1.0,1.0,1.0,1.0,1.0
OraclePerfect_B20,JILONG_EI_0099,270,425.1251525878906,0.8362601077182968,1.0,1.0,1.0,1.0,1.0
OraclePerfect_B20,JILONG_EI_0099,280,445.221923828125,0.8614515067082369,1.0,1.0,1.0,1.0,1.0
OraclePerfect_B20,JILONG_EI_0099,290,467.8351745605469,0.8811221285345069,1.0,1.0,1.0,1.0,1.0
OraclePerfect_B20,JILONG_EI_0099,300,494.4515380859375,0.8943240771507233,1.0,1.0,1.0,1.0,1.0
OraclePerfect_B20,JILONG_EI_0099,310,520.46728515625,0.9058773582912621,1.0,1.0,1.0,1.0,1.0
OraclePerfect_B20,JILONG_EI_0099,320,552.206787109375,0.9083414587296228,1.0,1.0,1.0,1.0,1.0
OraclePerfect_B20,JILONG_EI_0099,330,580.5311279296875,0.9149228095238879,1.0,1.0,1.0,1.0,1.0
OraclePerfect_B20,JILONG_EI_0099,340,600.4192504882812,0.92134292418302,1.0,1.0,1.0,1.0,1.0
OraclePerfect_B20,JILONG_EI_0099,350,615.78564453125,0.9196927985088832,1.0,1.0,1.0,1.0,1.0
OraclePerfect_B20,JILONG_EI_0099,360,631.2490234375,0.8916944100179055,1.0,1.0,1.0,1.0,1.0
OraclePerfect_B20,JILONG_EI_0099,370,644.8971557617188,0.8502370775481976,1.0,1.0,1.0,1.0,1.0
OraclePerfect_B20,JILONG_EI_0099,380,655.8547973632812,0.8051981894417692,1.0,1.0,1.0,1.0,1.0
OraclePerfect_B20,JILONG_EI_0099,390,664.506103515625,0.7648307523645375,1.0,1.0,1.0,1.0,1.0
OraclePerfect_B20,JILONG_EI_0099,400,669.4366455078125,0.7318490223351568,1.0,1.0,1.0,1.0,1.0
OraclePerfect_B20,JILONG_EI_0099,410,670.0118408203125,0.7409294099589695,1.0,1.0,1.0,1.0,1.0
OraclePerfect_B20,JILONG_EI_0099,420,666.777099609375,0.7421732782148702,1.0,1.0,1.0,1.0,1.0
OraclePerfect_B20,JILONG_EI_0099,430,661.8306884765625,0.7397828503228986,1.0,1.0,1.0,1.0,1.0
OraclePerfect_B20,JILONG_EI_0099,440,656.8665161132812,0.7349542087080461,1.0,1.0,1.0,1.0,1.0
OraclePerfect_B20,JILONG_EI_0099,450,651.151611328125,0.7294101361268398,1.0,1.0,1.0,1.0,1.0
OraclePerfect_B20,JILONG_EI_0099,460,642.4515380859375,0.7225123529440134,1.0,1.0,1.0,1.0,1.0
OraclePerfect_B20,JILONG_EI_0099,470,634.128662109375,0.7136123208991811,1.0,1.0,1.0,1.0,1.0
OraclePerfect_B20,JILONG_EI_0099,480,628.3482666015625,0.7128114613636737,1.0,1.0,1.0,1.0,1.0
OraclePerfect_B20,JILONG_EI_0099,490,623.231201171875,0.7218433017611268,1.0,1.0,1.0,1.0,1.0
OraclePerfect_B20,JILONG_EI_0099,500,621.8756713867188,0.7309138745610533,1.0,1.0,1.0,1.0,1.0
OraclePerfect_B20,JILONG_EI_0099,510,621.6792602539062,0.7373896823330973,1.0,1.0,1.0,1.0,1.0
OraclePerfect_B20,JILONG_EI_0099,520,621.34814453125,0.7429040750660288,1.0,1.0,1.0,1.0,1.0
OraclePerfect_B20,JILONG_EI_0099,530,618.1737670898438,0.747258127919824,1.0,1.0,1.0,1.0,1.0
OraclePerfect_B20,JILONG_EI_0099,540,614.98583984375,0.7518741117099154,1.0,1.0,1.0,1.0,1.0
OraclePerfect_B20,JILONG_EI_0099,550,612.704833984375,0.7527426402630781,1.0,1.0,1.0,1.0,1.0
OraclePerfect_B20,JILONG_EI_0099,560,614.199462890625,0.7562211828529027,1.0,1.0,1.0,1.0,1.0
OraclePerfect_B20,JILONG_EI_0099,570,613.3985595703125,0.7546084926638708,1.0,1.0,1.0,1.0,1.0
OraclePerfect_B20,JILONG_EI_0099,580,612.7169799804688,0.7539406252543497,1.0,1.0,1.0,1.0,1.0
OraclePerfect_B20,JILONG_EI_0099,590,608.9474487304688,0.7509102820747808,1.0,1.0,1.0,1.0,1.0
OraclePerfect_B20,JILONG_EI_0099,600,609.8600463867188,0.746251870256319,1.0,1.0,1.0,1.0,1.0
OraclePerfect_B20,JILONG_EI_0099,610,607.1068115234375,0.7449544122892068,1.0,1.0,1.0,1.0,1.0
OraclePerfect_B20,JILONG_EI_0099,620,605.19775390625,0.740443885568601,1.0,1.0,1.0,1.0,1.0
OraclePerfect_B20,JILONG_EI_0099,630,603.6513061523438,0.7392669147315659,1.0,1.0,1.0,1.0,1.0
OraclePerfect_B20,JILONG_EI_0099,640,602.7103271484375,0.7372995213471801,1.0,1.0,1.0,1.0,1.0
OraclePerfect_B20,JILONG_EI_0099,650,599.0672607421875,0.7377676504425009,1.0,1.0,1.0,1.0,1.0
OraclePerfect_B20,JILONG_EI_0099,660,595.3646240234375,0.7376884504186786,1.0,1.0,1.0,1.0,1.0
OraclePerfect_B20,JILONG_EI_0099,670,596.711181640625,0.7355342619278628,1.0,1.0,1.0,1.0,1.0
OraclePerfect_B20,JILONG_EI_0099,680,598.6370239257812,0.7369229700178902,1.0,1.0,1.0,1.0,1.0
OraclePerfect_B20,JILONG_EI_0099,690,600.2317504882812,0.7374026478987763,1.0,1.0,1.0,1.0,1.0
OraclePerfect_B20,JILONG_EI_0099,700,602.1116943359375,0.7380806461943994,1.0,1.0,1.0,1.0,1.0
OraclePerfect_B20,JILONG_EI_0099,710,601.2278442382812,0.7391791536689484,1.0,1.0,1.0,1.0,1.0
OraclePerfect_B20,JILONG_EI_0099,720,603.55322265625,0.7370398526817293,1.0,1.0,1.0,1.0,1.0
OraclePerfect_B20,JILONG_EI_0099,730,601.6187133789062,0.7385634382332027,1.0,1.0,1.0,1.0,1.0
OraclePerfect_B20,JILONG_EI_0099,740,602.6175537109375,0.7379737461713368,1.0,1.0,1.0,1.0,1.0
OraclePerfect_B20,JILONG_EI_0099,750,603.929443359375,0.7360921328345911,1.0,1.0,1.0,1.0,1.0
OraclePerfect_B20,JILONG_EI_0099,760,604.082275390625,0.7349558331876964,1.0,1.0,1.0,1.0,1.0
OraclePerfect_B20,JILONG_EI_0099,770,604.560546875,0.7340434558844742,1.0,1.0,1.0,1.0,1.0
OraclePerfect_B20,JILONG_EI_0099,780,605.44140625,0.7307060217205392,1.0,1.0,1.0,1.0,1.0
OraclePerfect_B20,JILONG_EI_0099,790,609.0050048828125,0.731409168041799,1.0,1.0,1.0,1.0,1.0
OraclePerfect_B20,JILONG_EI_0099,800,609.8555297851562,0.7290481895958465,1.0,1.0,1.0,1.0,1.0
OraclePerfect_B20,JILONG_EI_0099,810,610.1035766601562,0.7266828467882465,1.0,1.0,1.0,1.0,1.0
OraclePerfect_B20,JILONG_EI_0099,820,610.4686279296875,0.7223373196747324,1.0,1.0,1.0,1.0,1.0
OraclePerfect_B20,JILONG_EI_0099,830,611.7015991210938,0.7177384649832553,1.0,1.0,1.0,1.0,1.0
OraclePerfect_B20,JILONG_EI_0099,840,612.275146484375,0.7112617517695851,1.0,1.0,1.0,1.0,1.0
OraclePerfect_B20,JILONG_EI_0099,850,615.6969604492188,0.7033302633644432,1.0,1.0,1.0,1.0,1.0
OraclePerfect_B20,JILONG_EI_0099,860,616.6485595703125,0.6982344651239557,1.0,1.0,1.0,1.0,1.0
OraclePerfect_B20,JILONG_EI_0099,870,620.0689697265625,0.6901269916991483,1.0,1.0,1.0,1.0,1.0
OraclePerfect_B20,JILONG_EI_0099,880,622.679443359375,0.6852535115803942,1.0,1.0,1.0,1.0,1.0
OraclePerfect_B20,JILONG_EI_0099,890,626.4277954101562,0.6788004646067323,1.0,1.0,1.0,1.0,1.0
OraclePerfect_B20,JILONG_EI_0099,900,627.744873046875,0.6742206238290355,1.0,1.0,1.0,1.0,1.0
OraclePerfect_B20,JILONG_EI_0099,910,631.1181640625,0.669711730777979,1.0,1.0,1.0,1.0,1.0
OraclePerfect_B20,JILONG_EI_0099,920,632.6199340820312,0.6640357474635082,1.0,1.0,1.0,1.0,1.0
OraclePerfect_B20,JILONG_EI_0099,930,634.3092041015625,0.6602349350689495,1.0,1.0,1.0,1.0,1.0
OraclePerfect_B20,JILONG_EI_0099,940,636.7852783203125,0.6564715048841311,1.0,1.0,1.0,1.0,1.0
OraclePerfect_B20,JILONG_EI_0099,950,640.12939453125,0.6516920431265086,1.0,1.0,1.0,1.0,1.0
OraclePerfect_B20,JILONG_EI_0099,960,643.008056640625,0.6465291763864097,1.0,1.0,1.0,1.0,1.0
OraclePerfect_B20,JILONG_EI_0099,970,646.0001220703125,0.6429675811907666,1.0,1.0,1.0,1.0,1.0
OraclePerfect_B20,JILONG_EI_0099,980,648.2444458007812,0.6383517274099523,1.0,1.0,1.0,1.0,1.0
OraclePerfect_B20,JILONG_EI_0099,990,650.8753662109375,0.6332079739782291,1.0,1.0,1.0,1.0,1.0
OraclePerfect_B20,JILONG_EI_0099,1000,653.1553955078125,0.6297528641504636,1.0,1.0,1.0,1.0,1.0
OraclePerfect_B20,JILONG_EI_0099,1010,654.4947509765625,0.6246919121723262,1.0,1.0,1.0,1.0,1.0
OraclePerfect_B20,JILONG_EI_0099,1020,656.1611328125,0.6201860714139568,1.0,1.0,1.0,1.0,1.0
OraclePerfect_B20,JILONG_EI_0099,1030,659.396240234375,0.6156778858752733,1.0,1.0,1.0,1.0,1.0
OraclePerfect_B20,JILONG_EI_0099,1040,659.4775390625,0.6105725309267463,1.0,1.0,1.0,1.0,1.0
OraclePerfect_B20,JILONG_EI_0099,1050,662.4761962890625,0.6062416254451968,1.0,1.0,1.0,1.0,1.0
OraclePerfect_B20,JILONG_EI_0099,1060,664.817138671875,0.6025352161864492,1.0,1.0,1.0,1.0,1.0
OraclePerfect_B20,JILONG_EI_0099,1070,667.771484375,0.5983068484189356,1.0,1.0,1.0,1.0,1.0
OraclePerfect_B20,JILONG_EI_0099,1080,671.34814453125,0.5950786460327258,1.0,1.0,1.0,1.0,1.0
OraclePerfect_B20,JILONG_EI_0099,1090,674.4535522460938,0.5938499460538079,1.0,1.0,1.0,1.0,1.0
OraclePerfect_B20,JILONG_EI_0099,1100,678.852294921875,0.5919194520478952,1.0,1.0,1.0,1.0,1.0
OraclePerfect_B20,JILONG_EI_0099,1110,682.2424926757812,0.5902947717921431,1.0,1.0,1.0,1.0,1.0
OraclePerfect_B20,JILONG_EI_0099,1120,684.82861328125,0.5885979856668225,1.0,1.0,1.0,1.0,1.0
OraclePerfect_B20,JILONG_EI_0099,1130,686.9161376953125,0.5874138134882516,1.0,1.0,1.0,1.0,1.0
OraclePerfect_B20,JILONG_EI_0099,1140,689.3673706054688,0.5852658427685762,1.0,1.0,1.0,1.0,1.0
OraclePerfect_B20,JILONG_EI_0099,1150,691.3875732421875,0.5828850568921414,1.0,1.0,1.0,1.0,1.0
OraclePerfect_B20,JILONG_EI_0099,1160,693.6138916015625,0.582392041655878,1.0,1.0,1.0,1.0,1.0
OraclePerfect_B20,JILONG_EI_0099,1170,695.0172119140625,0.5813217179132648,1.0,1.0,1.0,1.0,1.0
OraclePerfect_B20,JILONG_EI_0099,1180,698.4802856445312,0.5804570468221524,1.0,1.0,1.0,1.0,1.0
OraclePerfect_B20,JILONG_EI_0099,1190,700.4254150390625,0.5787796981299554,1.0,1.0,1.0,1.0,1.0
OraclePerfect_B20,JILONG_EI_0099,1200,702.2415161132812,0.5759711540754452,1.0,1.0,1.0,1.0,1.0
OraclePerfect_B20,JILONG_EI_0099,1210,704.2127685546875,0.5755077931529855,1.0,1.0,1.0,1.0,1.0
OraclePerfect_B20,JILONG_EI_0099,1220,705.948974609375,0.5722025053794401,1.0,1.0,1.0,1.0,1.0
OraclePerfect_B20,JILONG_EI_0099,1230,707.6198120117188,0.5698389619172796,1.0,1.0,1.0,1.0,1.0
OraclePerfect_B20,JILONG_EI_0099,1240,709.7354736328125,0.5671030919811171,1.0,1.0,1.0,1.0,1.0
OraclePerfect_B20,JILONG_EI_0099,1250,711.4214477539062,0.5646415988360927,1.0,1.0,1.0,1.0,1.0
OraclePerfect_B20,JILONG_EI_0099,1260,713.9869384765625,0.5614883849114863,1.0,1.0,1.0,1.0,1.0
OraclePerfect_B20,JILONG_EI_0099,1270,716.726806640625,0.5594611070532874,1.0,1.0,1.0,1.0,1.0
OraclePerfect_B20,JILONG_EI_0099,1280,717.2703857421875,0.5537675021732376,1.0,1.0,1.0,1.0,1.0
OraclePerfect_B20,JILONG_EI_0099,1290,719.9884033203125,0.5509078298082719,1.0,1.0,1.0,1.0,1.0
OraclePerfect_B20,JILONG_EI_0099,1300,722.7535400390625,0.5479052403140274,1.0,1.0,1.0,1.0,1.0
OraclePerfect_B20,JILONG_EI_0099,1310,726.134765625,0.5442308461402426,1.0,1.0,1.0,1.0,1.0
OraclePerfect_B20,JILONG_EI_0099,1320,729.690673828125,0.5410479475624587,1.0,1.0,1.0,1.0,1.0
OraclePerfect_B20,JILONG_EI_0099,1330,732.2552490234375,0.537613824270742,1.0,1.0,1.0,1.0,1.0
OraclePerfect_B20,JILONG_EI_0099,1340,735.10302734375,0.5342885944449128,1.0,1.0,1.0,1.0,1.0
OraclePerfect_B20,JILONG_EI_0099,1350,736.5692749023438,0.528644548475959,1.0,1.0,1.0,1.0,1.0
OraclePerfect_B20,JILONG_EI_0099,1360,739.2987060546875,0.5249844404603209,1.0,1.0,1.0,1.0,1.0
OraclePerfect_B20,JILONG_EI_0099,1370,742.9520874023438,0.5198335857583949,1.0,1.0,1.0,1.0,1.0
OraclePerfect_B20,JILONG_EI_0099,1380,745.9312744140625,0.5152358330225048,1.0,1.0,1.0,1.0,1.0
OraclePerfect_B20,JILONG_EI_0099,1390,749.2840576171875,0.5107489135409018,1.0,1.0,1.0,1.0,1.0
OraclePerfect_B20,JILONG_EI_0099,1400,751.7119750976562,0.5069235318986773,1.0,1.0,1.0,1.0,1.0
OraclePerfect_B20,JILONG_EI_0099,1410,754.7265625,0.5033852004414829,1.0,1.0,1.0,1.0,1.0
OraclePerfect_B20,JILONG_EI_0099,1420,757.249755859375,0.49984982469619677,1.0,1.0,1.0,1.0,1.0
OraclePerfect_B20,JILONG_EI_0099,1430,759.5484619140625,0.4963714669876349,1.0,1.0,1.0,1.0,1.0
OraclePerfect_B20,JILONG_EI_0099,1440,759.7066650390625,0.48958164261746756,1.0,1.0,1.0,1.0,1.0
OraclePerfect_B20,JILONG_EI_0109,10,28.169553756713867,0.9969401319514769,1.0,1.0,1.0,1.0,1.0
OraclePerfect_B20,JILONG_EI_0109,20,47.9625244140625,0.9983702161039568,1.0,1.0,1.0,1.0,1.0
OraclePerfect_B20,JILONG_EI_0109,30,95.38072967529297,0.9987366059682689,1.0,1.0,1.0,1.0,1.0
OraclePerfect_B20,JILONG_EI_0109,40,178.2808074951172,0.998322056046459,1.0,1.0,1.0,1.0,1.0
OraclePerfect_B20,JILONG_EI_0109,50,230.0205078125,0.9213089307342957,1.0,1.0,1.0,1.0,1.0
OraclePerfect_B20,JILONG_EI_0109,60,260.9676513671875,0.8800549779297016,1.0,1.0,1.0,1.0,1.0
OraclePerfect_B20,JILONG_EI_0109,70,300.92724609375,0.8709887668910963,1.0,1.0,1.0,1.0,1.0
OraclePerfect_B20,JILONG_EI_0109,80,364.7565612792969,0.7835735229490515,1.0,1.0,1.0,1.0,1.0
OraclePerfect_B20,JILONG_EI_0109,90,386.69122314453125,0.7059492832637749,1.0,1.0,1.0,1.0,1.0
OraclePerfect_B20,JILONG_EI_0109,100,395.1532897949219,0.7206489884896903,1.0,1.0,1.0,1.0,1.0
OraclePerfect_B20,JILONG_EI_0109,110,374.49066162109375,0.7961691010494317,1.0,1.0,1.0,1.0,1.0
OraclePerfect_B20,JILONG_EI_0109,120,385.828857421875,0.8253583628110517,1.0,1.0,1.0,1.0,1.0
OraclePerfect_B20,JILONG_EI_0109,130,457.73675537109375,0.7862556126270872,1.0,1.0,1.0,1.0,1.0
OraclePerfect_B20,JILONG_EI_0109,140,437.81512451171875,0.7561919171482158,1.0,1.0,1.0,1.0,1.0
OraclePerfect_B20,JILONG_EI_0109,150,386.57257080078125,0.8019984105834305,1.0,1.0,1.0,1.0,1.0
OraclePerfect_B20,JILONG_EI_0109,160,353.40106201171875,0.80807828262695,1.0,1.0,1.0,1.0,1.0
OraclePerfect_B20,JILONG_EI_0109,170,340.261474609375,0.8055871219186426,1.0,1.0,1.0,1.0,1.0
OraclePerfect_B20,JILONG_EI_0109,180,327.68695068359375,0.8079133739524075,1.0,1.0,1.0,1.0,1.0
OraclePerfect_B20,JILONG_EI_0109,190,320.395751953125,0.8144593227756427,1.0,1.0,1.0,1.0,1.0
OraclePerfect_B20,JILONG_EI_0109,200,322.05157470703125,0.7069994760885445,1.0,1.0,1.0,1.0,1.0
OraclePerfect_B20,JILONG_EI_0109,210,320.1789245605469,0.7024207588587571,1.0,1.0,1.0,1.0,1.0
OraclePerfect_B20,JILONG_EI_0109,220,333.0003356933594,0.7165951862357759,1.0,1.0,1.0,1.0,1.0
OraclePerfect_B20,JILONG_EI_0109,230,327.357421875,0.7129485142918242,1.0,1.0,1.0,1.0,1.0
OraclePerfect_B20,JILONG_EI_0109,240,336.2144470214844,0.7220905586457184,1.0,1.0,1.0,1.0,1.0
OraclePerfect_B20,JILONG_EI_0109,250,339.1048583984375,0.6982124970685342,1.0,1.0,1.0,1.0,1.0
OraclePerfect_B20,JILONG_EI_0109,260,329.6072692871094,0.7815346036269499,1.0,1.0,1.0,1.0,1.0
OraclePerfect_B20,JILONG_EI_0109,270,350.6966552734375,0.8123076017713023,1.0,1.0,1.0,1.0,1.0
OraclePerfect_B20,JILONG_EI_0109,280,377.3384094238281,0.850950970548124,1.0,1.0,1.0,1.0,1.0
OraclePerfect_B20,JILONG_EI_0109,290,399.43646240234375,0.8684722170576371,1.0,1.0,1.0,1.0,1.0
OraclePerfect_B20,JILONG_EI_0109,300,426.8273620605469,0.8843464393248464,1.0,1.0,1.0,1.0,1.0
OraclePerfect_B20,JILONG_EI_0109,310,450.27142333984375,0.8913592125890663,1.0,1.0,1.0,1.0,1.0
OraclePerfect_B20,JILONG_EI_0109,320,480.7606201171875,0.897510433611989,1.0,1.0,1.0,1.0,1.0
OraclePerfect_B20,JILONG_EI_0109,330,510.63372802734375,0.8999417088563125,1.0,1.0,1.0,1.0,1.0
OraclePerfect_B20,JILONG_EI_0109,340,535.709228515625,0.908831679017191,1.0,1.0,1.0,1.0,1.0
OraclePerfect_B20,JILONG_EI_0109,350,561.1519165039062,0.9130309981661503,1.0,1.0,1.0,1.0,1.0
OraclePerfect_B20,JILONG_EI_0109,360,580.0280151367188,0.9162029610155676,1.0,1.0,1.0,1.0,1.0
OraclePerfect_B20,JILONG_EI_0109,370,594.4129028320312,0.9212315140062385,1.0,1.0,1.0,1.0,1.0
OraclePerfect_B20,JILONG_EI_0109,380,600.83447265625,0.9114023837785561,1.0,1.0,1.0,1.0,1.0
OraclePerfect_B20,JILONG_EI_0109,390,614.9496459960938,0.8769516339113256,1.0,1.0,1.0,1.0,1.0
OraclePerfect_B20,JILONG_EI_0109,400,628.1463012695312,0.8348586185770965,1.0,1.0,1.0,1.0,1.0
OraclePerfect_B20,JILONG_EI_0109,410,641.0591430664062,0.7927047491036394,1.0,1.0,1.0,1.0,1.0
OraclePerfect_B20,JILONG_EI_0109,420,649.8896484375,0.7553274166113,1.0,1.0,1.0,1.0,1.0
OraclePerfect_B20,JILONG_EI_0109,430,654.807373046875,0.7259063457159531,1.0,1.0,1.0,1.0,1.0
OraclePerfect_B20,JILONG_EI_0109,440,658.287841796875,0.7300041689187537,1.0,1.0,1.0,1.0,1.0
OraclePerfect_B20,JILONG_EI_0109,450,655.9415893554688,0.7284084366633011,1.0,1.0,1.0,1.0,1.0
OraclePerfect_B20,JILONG_EI_0109,460,651.6982421875,0.724141854969816,1.0,1.0,1.0,1.0,1.0
OraclePerfect_B20,JILONG_EI_0109,470,645.0551147460938,0.7175899739501532,1.0,1.0,1.0,1.0,1.0
OraclePerfect_B20,JILONG_EI_0109,480,639.4882202148438,0.7100761091725782,1.0,1.0,1.0,1.0,1.0
OraclePerfect_B20,JILONG_EI_0109,490,630.1292724609375,0.7155133640419269,1.0,1.0,1.0,1.0,1.0
OraclePerfect_B20,JILONG_EI_0109,500,621.9959716796875,0.7191725094350241,1.0,1.0,1.0,1.0,1.0
OraclePerfect_B20,JILONG_EI_0109,510,619.00439453125,0.7247768826394603,1.0,1.0,1.0,1.0,1.0
OraclePerfect_B20,JILONG_EI_0109,520,617.7703857421875,0.7294850139077526,1.0,1.0,1.0,1.0,1.0
OraclePerfect_B20,JILONG_EI_0109,530,618.1337890625,0.7346621986468226,1.0,1.0,1.0,1.0,1.0
OraclePerfect_B20,JILONG_EI_0109,540,620.0743408203125,0.7358781273429714,1.0,1.0,1.0,1.0,1.0
OraclePerfect_B20,JILONG_EI_0109,550,621.61669921875,0.737926187907407,1.0,1.0,1.0,1.0,1.0
OraclePerfect_B20,JILONG_EI_0109,560,625.6788330078125,0.7379582174470518,1.0,1.0,1.0,1.0,1.0
OraclePerfect_B20,JILONG_EI_0109,570,625.7252807617188,0.7384938305640202,1.0,1.0,1.0,1.0,1.0
OraclePerfect_B20,JILONG_EI_0109,580,626.1146850585938,0.7365416626311947,1.0,1.0,1.0,1.0,1.0
OraclePerfect_B20,JILONG_EI_0109,590,627.035888671875,0.7336849711229166,1.0,1.0,1.0,1.0,1.0
OraclePerfect_B20,JILONG_EI_0109,600,628.8876342773438,0.7305844640114859,1.0,1.0,1.0,1.0,1.0
OraclePerfect_B20,JILONG_EI_0109,610,629.7103271484375,0.7294507477322582,1.0,1.0,1.0,1.0,1.0
OraclePerfect_B20,JILONG_EI_0109,620,630.635009765625,0.7278446053233287,1.0,1.0,1.0,1.0,1.0
OraclePerfect_B20,JILONG_EI_0109,630,633.4683837890625,0.7260338821456571,1.0,1.0,1.0,1.0,1.0
OraclePerfect_B20,JILONG_EI_0109,640,635.6380615234375,0.7246891855951547,1.0,1.0,1.0,1.0,1.0
OraclePerfect_B20,JILONG_EI_0109,650,633.4539794921875,0.7249227178656328,1.0,1.0,1.0,1.0,1.0
OraclePerfect_B20,JILONG_EI_0109,660,633.6165771484375,0.7245176614963815,1.0,1.0,1.0,1.0,1.0
OraclePerfect_B20,JILONG_EI_0109,670,633.8603515625,0.7265096115140782,1.0,1.0,1.0,1.0,1.0
OraclePerfect_B20,JILONG_EI_0109,680,630.71728515625,0.7239730290298744,1.0,1.0,1.0,1.0,1.0
OraclePerfect_B20,JILONG_EI_0109,690,629.3797607421875,0.7269286630902012,1.0,1.0,1.0,1.0,1.0
OraclePerfect_B20,JILONG_EI_0109,700,629.8682250976562,0.7269140567605581,1.0,1.0,1.0,1.0,1.0
OraclePerfect_B20,JILONG_EI_0109,710,628.6422729492188,0.7275042320779598,1.0,1.0,1.0,1.0,1.0
OraclePerfect_B20,JILONG_EI_0109,720,629.618408203125,0.726558514660204,1.0,1.0,1.0,1.0,1.0
OraclePerfect_B20,JILONG_EI_0109,730,628.4207153320312,0.7262205241490409,1.0,1.0,1.0,1.0,1.0
OraclePerfect_B20,JILONG_EI_0109,740,629.7816772460938,0.724796058004781,1.0,1.0,1.0,1.0,1.0
OraclePerfect_B20,JILONG_EI_0109,750,631.340576171875,0.7242353178458745,1.0,1.0,1.0,1.0,1.0
OraclePerfect_B20,JILONG_EI_0109,760,634.3671264648438,0.7215985741954087,1.0,1.0,1.0,1.0,1.0
OraclePerfect_B20,JILONG_EI_0109,770,634.66748046875,0.719232433529954,1.0,1.0,1.0,1.0,1.0
OraclePerfect_B20,JILONG_EI_0109,780,633.1478271484375,0.7168959466126213,1.0,1.0,1.0,1.0,1.0
OraclePerfect_B20,JILONG_EI_0109,790,630.845703125,0.7120719613113053,1.0,1.0,1.0,1.0,1.0
OraclePerfect_B20,JILONG_EI_0109,800,629.4267578125,0.7094026026715408,1.0,1.0,1.0,1.0,1.0
OraclePerfect_B20,JILONG_EI_0109,810,627.614990234375,0.7070976568552292,1.0,1.0,1.0,1.0,1.0
OraclePerfect_B20,JILONG_EI_0109,820,628.85546875,0.7057825973319701,1.0,1.0,1.0,1.0,1.0
OraclePerfect_B20,JILONG_EI_0109,830,629.7576904296875,0.7056500835252186,1.0,1.0,1.0,1.0,1.0
OraclePerfect_B20,JILONG_EI_0109,840,631.5881958007812,0.7056489173754464,1.0,1.0,1.0,1.0,1.0
OraclePerfect_B20,JILONG_EI_0109,850,633.11083984375,0.7051595558507026,1.0,1.0,1.0,1.0,1.0
OraclePerfect_B20,JILONG_EI_0109,860,635.77099609375,0.7024262013370429,1.0,1.0,1.0,1.0,1.0
OraclePerfect_B20,JILONG_EI_0109,870,637.132080078125,0.7013760125132961,1.0,1.0,1.0,1.0,1.0
OraclePerfect_B20,JILONG_EI_0109,880,639.7020874023438,0.7014264652985308,1.0,1.0,1.0,1.0,1.0
OraclePerfect_B20,JILONG_EI_0109,890,641.009033203125,0.7000609234414283,1.0,1.0,1.0,1.0,1.0
OraclePerfect_B20,JILONG_EI_0109,900,642.9893798828125,0.6980973857314176,1.0,1.0,1.0,1.0,1.0
OraclePerfect_B20,JILONG_EI_0109,910,644.8674926757812,0.6967519345876978,1.0,1.0,1.0,1.0,1.0
OraclePerfect_B20,JILONG_EI_0109,920,645.9413452148438,0.6957159993152041,1.0,1.0,1.0,1.0,1.0
OraclePerfect_B20,JILONG_EI_0109,930,649.1455688476562,0.6921647204779382,1.0,1.0,1.0,1.0,1.0
OraclePerfect_B20,JILONG_EI_0109,940,649.3145751953125,0.688106437301306,1.0,1.0,1.0,1.0,1.0
OraclePerfect_B20,JILONG_EI_0109,950,651.5623779296875,0.6856548579000238,1.0,1.0,1.0,1.0,1.0
OraclePerfect_B20,JILONG_EI_0109,960,654.5269165039062,0.6810499809086495,1.0,1.0,1.0,1.0,1.0
OraclePerfect_B20,JILONG_EI_0109,970,657.3843994140625,0.6768625679482382,1.0,1.0,1.0,1.0,1.0
OraclePerfect_B20,JILONG_EI_0109,980,659.9243774414062,0.6716240727409802,1.0,1.0,1.0,1.0,1.0
OraclePerfect_B20,JILONG_EI_0109,990,663.8233642578125,0.6660918106701241,1.0,1.0,1.0,1.0,1.0
OraclePerfect_B20,JILONG_EI_0109,1000,668.2384033203125,0.6603275128392256,1.0,1.0,1.0,1.0,1.0
OraclePerfect_B20,JILONG_EI_0109,1010,672.482421875,0.6527717760165356,1.0,1.0,1.0,1.0,1.0
OraclePerfect_B20,JILONG_EI_0109,1020,676.0227661132812,0.6479629542878419,1.0,1.0,1.0,1.0,1.0
OraclePerfect_B20,JILONG_EI_0109,1030,678.2553100585938,0.643722121800503,1.0,1.0,1.0,1.0,1.0
OraclePerfect_B20,JILONG_EI_0109,1040,680.9970703125,0.6375889872180233,1.0,1.0,1.0,1.0,1.0
OraclePerfect_B20,JILONG_EI_0109,1050,682.7945556640625,0.6339308513744394,1.0,1.0,1.0,1.0,1.0
OraclePerfect_B20,JILONG_EI_0109,1060,684.4590454101562,0.6295870671211747,1.0,1.0,1.0,1.0,1.0
OraclePerfect_B20,JILONG_EI_0109,1070,686.772216796875,0.6242406122758886,1.0,1.0,1.0,1.0,1.0
OraclePerfect_B20,JILONG_EI_0109,1080,688.5899658203125,0.6214270045572982,1.0,1.0,1.0,1.0,1.0
OraclePerfect_B20,JILONG_EI_0109,1090,691.5712890625,0.6151614022473316,1.0,1.0,1.0,1.0,1.0
OraclePerfect_B20,JILONG_EI_0109,1100,694.5014038085938,0.6121786942904679,1.0,1.0,1.0,1.0,1.0
OraclePerfect_B20,JILONG_EI_0109,1110,696.35498046875,0.6073704161241169,1.0,1.0,1.0,1.0,1.0
OraclePerfect_B20,JILONG_EI_0109,1120,699.085693359375,0.6033229978378029,1.0,1.0,1.0,1.0,1.0
OraclePerfect_B20,JILONG_EI_0109,1130,701.1356201171875,0.5990822212913268,1.0,1.0,1.0,1.0,1.0
OraclePerfect_B20,JILONG_EI_0109,1140,703.6726684570312,0.592715313602362,1.0,1.0,1.0,1.0,1.0
OraclePerfect_B20,JILONG_EI_0109,1150,706.8736572265625,0.5887290304589231,1.0,1.0,1.0,1.0,1.0
OraclePerfect_B20,JILONG_EI_0109,1160,709.4127197265625,0.5847551569302607,1.0,1.0,1.0,1.0,1.0
OraclePerfect_B20,JILONG_EI_0109,1170,712.2337646484375,0.5808115714675177,1.0,1.0,1.0,1.0,1.0
OraclePerfect_B20,JILONG_EI_0109,1180,716.6829833984375,0.5749800057090879,1.0,1.0,1.0,1.0,1.0
OraclePerfect_B20,JILONG_EI_0109,1190,718.2845458984375,0.5723535019397953,1.0,1.0,1.0,1.0,1.0
OraclePerfect_B20,JILONG_EI_0109,1200,720.481689453125,0.5681128090316846,1.0,1.0,1.0,1.0,1.0
OraclePerfect_B20,JILONG_EI_0109,1210,723.4495849609375,0.565274447403401,1.0,1.0,1.0,1.0,1.0
OraclePerfect_B20,JILONG_EI_0109,1220,726.0447998046875,0.5609224735202646,1.0,1.0,1.0,1.0,1.0
OraclePerfect_B20,JILONG_EI_0109,1230,729.12939453125,0.558896094911996,1.0,1.0,1.0,1.0,1.0
OraclePerfect_B20,JILONG_EI_0109,1240,731.65576171875,0.55719800082042,1.0,1.0,1.0,1.0,1.0
OraclePerfect_B20,JILONG_EI_0109,1250,734.453369140625,0.5555126933305602,1.0,1.0,1.0,1.0,1.0
OraclePerfect_B20,JILONG_EI_0109,1260,737.627197265625,0.5527973143132423,1.0,1.0,1.0,1.0,1.0
OraclePerfect_B20,JILONG_EI_0109,1270,740.2109375,0.5504833297082928,1.0,1.0,1.0,1.0,1.0
OraclePerfect_B20,JILONG_EI_0109,1280,741.959716796875,0.5476932789814696,1.0,1.0,1.0,1.0,1.0
OraclePerfect_B20,JILONG_EI_0109,1290,744.2261352539062,0.5454421364415144,1.0,1.0,1.0,1.0,1.0
OraclePerfect_B20,JILONG_EI_0109,1300,746.2642822265625,0.5441216234744769,1.0,1.0,1.0,1.0,1.0
OraclePerfect_B20,JILONG_EI_0109,1310,748.4666137695312,0.5421773088670236,1.0,1.0,1.0,1.0,1.0
OraclePerfect_B20,JILONG_EI_0109,1320,749.6185302734375,0.5404189443094434,1.0,1.0,1.0,1.0,1.0
OraclePerfect_B20,JILONG_EI_0109,1330,751.2237548828125,0.5373540359689188,1.0,1.0,1.0,1.0,1.0
OraclePerfect_B20,JILONG_EI_0109,1340,752.8494873046875,0.5355384828961193,1.0,1.0,1.0,1.0,1.0
OraclePerfect_B20,JILONG_EI_0109,1350,755.2001953125,0.5327363042459471,1.0,1.0,1.0,1.0,1.0
OraclePerfect_B20,JILONG_EI_0109,1360,755.91943359375,0.531489651375783,1.0,1.0,1.0,1.0,1.0
OraclePerfect_B20,JILONG_EI_0109,1370,756.9468994140625,0.5282261456646569,1.0,1.0,1.0,1.0,1.0
OraclePerfect_B20,JILONG_EI_0109,1380,758.6265869140625,0.5257202061975387,1.0,1.0,1.0,1.0,1.0
OraclePerfect_B20,JILONG_EI_0109,1390,760.814208984375,0.5233413749507491,1.0,1.0,1.0,1.0,1.0
OraclePerfect_B20,JILONG_EI_0109,1400,762.19482421875,0.5202722358047087,1.0,1.0,1.0,1.0,1.0
OraclePerfect_B20,JILONG_EI_0109,1410,763.7127685546875,0.5167661412897009,1.0,1.0,1.0,1.0,1.0
OraclePerfect_B20,JILONG_EI_0109,1420,765.283447265625,0.5137223751361677,1.0,1.0,1.0,1.0,1.0
OraclePerfect_B20,JILONG_EI_0109,1430,767.619140625,0.5099731011033706,1.0,1.0,1.0,1.0,1.0
OraclePerfect_B20,JILONG_EI_0109,1440,769.24560546875,0.505867332309798,1.0,1.0,1.0,1.0,1.0
OraclePerfect_B20,JILONG_EI_0119,10,32.62409591674805,0.9972823739604386,1.0,1.0,1.0,1.0,1.0
OraclePerfect_B20,JILONG_EI_0119,20,56.207550048828125,0.9988301794101138,1.0,1.0,1.0,1.0,1.0
OraclePerfect_B20,JILONG_EI_0119,30,83.73656463623047,0.998996359767195,1.0,1.0,1.0,1.0,1.0
OraclePerfect_B20,JILONG_EI_0119,40,168.5773162841797,0.9992141733920068,1.0,1.0,1.0,1.0,1.0
OraclePerfect_B20,JILONG_EI_0119,50,229.5612335205078,0.9228395601551029,1.0,1.0,1.0,1.0,1.0
OraclePerfect_B20,JILONG_EI_0119,60,273.4802551269531,0.8772222038595443,1.0,1.0,1.0,1.0,1.0
OraclePerfect_B20,JILONG_EI_0119,70,331.01556396484375,0.8752044342433198,1.0,1.0,1.0,1.0,1.0
OraclePerfect_B20,JILONG_EI_0119,80,387.1543273925781,0.7962972814277217,1.0,1.0,1.0,1.0,1.0
OraclePerfect_B20,JILONG_EI_0119,90,415.9238586425781,0.738981968544713,1.0,1.0,1.0,1.0,1.0
OraclePerfect_B20,JILONG_EI_0119,100,414.244140625,0.770563226605188,1.0,1.0,1.0,1.0,1.0
OraclePerfect_B20,JILONG_EI_0119,110,398.71478271484375,0.8000608797633548,1.0,1.0,1.0,1.0,1.0
OraclePerfect_B20,JILONG_EI_0119,120,398.51568603515625,0.8087627515058327,1.0,1.0,1.0,1.0,1.0
OraclePerfect_B20,JILONG_EI_0119,130,433.4697265625,0.7782162350538903,1.0,1.0,1.0,1.0,1.0
OraclePerfect_B20,JILONG_EI_0119,140,388.291259765625,0.7828160079460005,1.0,1.0,1.0,1.0,1.0
OraclePerfect_B20,JILONG_EI_0119,150,402.5116271972656,0.7929034700457648,1.0,1.0,1.0,1.0,1.0
OraclePerfect_B20,JILONG_EI_0119,160,368.16241455078125,0.8051733513322679,1.0,1.0,1.0,1.0,1.0
OraclePerfect_B20,JILONG_EI_0119,170,360.48309326171875,0.8051868378666442,1.0,1.0,1.0,1.0,1.0
OraclePerfect_B20,JILONG_EI_0119,180,342.5944519042969,0.8107109548130738,1.0,1.0,1.0,1.0,1.0
OraclePerfect_B20,JILONG_EI_0119,190,340.2847900390625,0.8127062139157758,1.0,1.0,1.0,1.0,1.0
OraclePerfect_B20,JILONG_EI_0119,200,347.94366455078125,0.7232575351528371,1.0,1.0,1.0,1.0,1.0
OraclePerfect_B20,JILONG_EI_0119,210,337.5784606933594,0.7305965261477513,1.0,1.0,1.0,1.0,1.0
OraclePerfect_B20,JILONG_EI_0119,220,336.59735107421875,0.737434659572191,1.0,1.0,1.0,1.0,1.0
OraclePerfect_B20,JILONG_EI_0119,230,335.02935791015625,0.7322713169467556,1.0,1.0,1.0,1.0,1.0
OraclePerfect_B20,JILONG_EI_0119,240,345.8879699707031,0.7302117035659116,1.0,1.0,1.0,1.0,1.0
OraclePerfect_B20,JILONG_EI_0119,250,343.4022216796875,0.7288163535713268,1.0,1.0,1.0,1.0,1.0
OraclePerfect_B20,JILONG_EI_0119,260,335.45635986328125,0.7934212645148985,1.0,1.0,1.0,1.0,1.0
OraclePerfect_B20,JILONG_EI_0119,270,353.38330078125,0.8150145361971398,1.0,1.0,1.0,1.0,1.0
OraclePerfect_B20,JILONG_EI_0119,280,366.988525390625,0.844263011320362,1.0,1.0,1.0,1.0,1.0
OraclePerfect_B20,JILONG_EI_0119,290,390.43280029296875,0.8605563253168378,1.0,1.0,1.0,1.0,1.0
OraclePerfect_B20,JILONG_EI_0119,300,412.2606506347656,0.8788836176679922,1.0,1.0,1.0,1.0,1.0
OraclePerfect_B20,JILONG_EI_0119,310,436.9095764160156,0.8811623105713283,1.0,1.0,1.0,1.0,1.0
OraclePerfect_B20,JILONG_EI_0119,320,456.8877868652344,0.8877514811753953,1.0,1.0,1.0,1.0,1.0
OraclePerfect_B20,JILONG_EI_0119,330,480.33563232421875,0.8947943058560285,1.0,1.0,1.0,1.0,1.0
OraclePerfect_B20,JILONG_EI_0119,340,495.61004638671875,0.9030808225772164,1.0,1.0,1.0,1.0,1.0
OraclePerfect_B20,JILONG_EI_0119,350,510.6549377441406,0.9079947899978523,1.0,1.0,1.0,1.0,1.0
OraclePerfect_B20,JILONG_EI_0119,360,523.1847534179688,0.9158818205652733,1.0,1.0,1.0,1.0,1.0
OraclePerfect_B20,JILONG_EI_0119,370,532.6246948242188,0.9173255814721832,1.0,1.0,1.0,1.0,1.0
OraclePerfect_B20,JILONG_EI_0119,380,539.2232055664062,0.9124094022055597,1.0,1.0,1.0,1.0,1.0
OraclePerfect_B20,JILONG_EI_0119,390,545.0585327148438,0.888787214926125,1.0,1.0,1.0,1.0,1.0
OraclePerfect_B20,JILONG_EI_0119,400,554.1858520507812,0.8519098274271372,1.0,1.0,1.0,1.0,1.0
OraclePerfect_B20,JILONG_EI_0119,410,565.6847534179688,0.8086981316294048,1.0,1.0,1.0,1.0,1.0
OraclePerfect_B20,JILONG_EI_0119,420,568.951171875,0.7711454596090254,1.0,1.0,1.0,1.0,1.0
OraclePerfect_B20,JILONG_EI_0119,430,573.7850952148438,0.7402467003487836,1.0,1.0,1.0,1.0,1.0
OraclePerfect_B20,JILONG_EI_0119,440,570.6927490234375,0.7412190946533485,1.0,1.0,1.0,1.0,1.0
OraclePerfect_B20,JILONG_EI_0119,450,567.1414184570312,0.7389360744441623,1.0,1.0,1.0,1.0,1.0
OraclePerfect_B20,JILONG_EI_0119,460,563.951416015625,0.7303350733737147,1.0,1.0,1.0,1.0,1.0
OraclePerfect_B20,JILONG_EI_0119,470,559.0829467773438,0.7242828438763194,1.0,1.0,1.0,1.0,1.0
OraclePerfect_B20,JILONG_EI_0119,480,555.5640869140625,0.7244688590294954,1.0,1.0,1.0,1.0,1.0
OraclePerfect_B20,JILONG_EI_0119,490,546.4940185546875,0.7360270987998622,1.0,1.0,1.0,1.0,1.0
OraclePerfect_B20,JILONG_EI_0119,500,540.5506591796875,0.7450346722496067,1.0,1.0,1.0,1.0,1.0
OraclePerfect_B20,JILONG_EI_0119,510,534.32177734375,0.752497224339162,1.0,1.0,1.0,1.0,1.0
OraclePerfect_B20,JILONG_EI_0119,520,532.01220703125,0.7567130144219912,1.0,1.0,1.0,1.0,1.0
OraclePerfect_B20,JILONG_EI_0119,530,530.9349365234375,0.7596930273707068,1.0,1.0,1.0,1.0,1.0
OraclePerfect_B20,JILONG_EI_0119,540,530.6748046875,0.7648894361532507,1.0,1.0,1.0,1.0,1.0
OraclePerfect_B20,JILONG_EI_0119,550,530.3358154296875,0.7691074378526184,1.0,1.0,1.0,1.0,1.0
OraclePerfect_B20,JILONG_EI_0119,560,530.1510009765625,0.7720198441875658,1.0,1.0,1.0,1.0,1.0
OraclePerfect_B20,JILONG_EI_0119,570,533.6796875,0.7698122953745858,1.0,1.0,1.0,1.0,1.0
OraclePerfect_B20,JILONG_EI_0119,580,535.4217529296875,0.7704428852312548,1.0,1.0,1.0,1.0,1.0
OraclePerfect_B20,JILONG_EI_0119,590,537.3034057617188,0.7660694181000841,1.0,1.0,1.0,1.0,1.0
OraclePerfect_B20,JILONG_EI_0119,600,536.1109008789062,0.7609939234924864,1.0,1.0,1.0,1.0,1.0
OraclePerfect_B20,JILONG_EI_0119,610,536.8312377929688,0.7567290406405456,1.0,1.0,1.0,1.0,1.0
OraclePerfect_B20,JILONG_EI_0119,620,535.5166625976562,0.7540311725559669,1.0,1.0,1.0,1.0,1.0
OraclePerfect_B20,JILONG_EI_0119,630,535.1239013671875,0.7499476461768719,1.0,1.0,1.0,1.0,1.0
OraclePerfect_B20,JILONG_EI_0119,640,532.8448486328125,0.7488922023606637,1.0,1.0,1.0,1.0,1.0
OraclePerfect_B20,JILONG_EI_0119,650,530.8036499023438,0.7493346668424259,1.0,1.0,1.0,1.0,1.0
OraclePerfect_B20,JILONG_EI_0119,660,530.5514526367188,0.7500251617861717,1.0,1.0,1.0,1.0,1.0
OraclePerfect_B20,JILONG_EI_0119,670,528.553955078125,0.7524837419669,1.0,1.0,1.0,1.0,1.0
OraclePerfect_B20,JILONG_EI_0119,680,522.840087890625,0.7500605777185146,1.0,1.0,1.0,1.0,1.0
OraclePerfect_B20,JILONG_EI_0119,690,520.3241577148438,0.74610145258206,1.0,1.0,1.0,1.0,1.0
OraclePerfect_B20,JILONG_EI_0119,700,517.9171142578125,0.7466516973468205,1.0,1.0,1.0,1.0,1.0
OraclePerfect_B20,JILONG_EI_0119,710,517.515869140625,0.7468326103194409,1.0,1.0,1.0,1.0,1.0
OraclePerfect_B20,JILONG_EI_0119,720,517.3861083984375,0.7460102109355894,1.0,1.0,1.0,1.0,1.0
OraclePerfect_B20,JILONG_EI_0119,730,517.4678955078125,0.7453263594227666,1.0,1.0,1.0,1.0,1.0
OraclePerfect_B20,JILONG_EI_0119,740,517.2119140625,0.7473341488402067,1.0,1.0,1.0,1.0,1.0
OraclePerfect_B20,JILONG_EI_0119,750,517.6884155273438,0.7470664735452419,1.0,1.0,1.0,1.0,1.0
OraclePerfect_B20,JILONG_EI_0119,760,516.2960815429688,0.7459186343981206,1.0,1.0,1.0,1.0,1.0
OraclePerfect_B20,JILONG_EI_0119,770,516.756591796875,0.7436716219551275,1.0,1.0,1.0,1.0,1.0
OraclePerfect_B20,JILONG_EI_0119,780,518.787841796875,0.7415879505713235,1.0,1.0,1.0,1.0,1.0
OraclePerfect_B20,JILONG_EI_0119,790,519.4533081054688,0.7407825199915948,1.0,1.0,1.0,1.0,1.0
OraclePerfect_B20,JILONG_EI_0119,800,519.8971557617188,0.7392085400126965,1.0,1.0,1.0,1.0,1.0
OraclePerfect_B20,JILONG_EI_0119,810,521.355712890625,0.7356443695741477,1.0,1.0,1.0,1.0,1.0
OraclePerfect_B20,JILONG_EI_0119,820,523.0662841796875,0.7328861442910949,1.0,1.0,1.0,1.0,1.0
OraclePerfect_B20,JILONG_EI_0119,830,525.015625,0.7314602559825969,1.0,1.0,1.0,1.0,1.0
OraclePerfect_B20,JILONG_EI_0119,840,526.257080078125,0.7312041200609901,1.0,1.0,1.0,1.0,1.0
OraclePerfect_B20,JILONG_EI_0119,850,527.0562133789062,0.7292357433183481,1.0,1.0,1.0,1.0,1.0
OraclePerfect_B20,JILONG_EI_0119,860,529.7952880859375,0.7275687316051391,1.0,1.0,1.0,1.0,1.0
OraclePerfect_B20,JILONG_EI_0119,870,531.614990234375,0.7286937199130763,1.0,1.0,1.0,1.0,1.0
OraclePerfect_B20,JILONG_EI_0119,880,533.7590942382812,0.7280896241598586,1.0,1.0,1.0,1.0,1.0
OraclePerfect_B20,JILONG_EI_0119,890,535.740234375,0.728978716854908,1.0,1.0,1.0,1.0,1.0
OraclePerfect_B20,JILONG_EI_0119,900,538.4166870117188,0.7298486567439146,1.0,1.0,1.0,1.0,1.0
OraclePerfect_B20,JILONG_EI_0119,910,542.1993408203125,0.7292467613692548,1.0,1.0,1.0,1.0,1.0
OraclePerfect_B20,JILONG_EI_0119,920,544.5330200195312,0.7273446015531507,1.0,1.0,1.0,1.0,1.0
OraclePerfect_B20,JILONG_EI_0119,930,546.9801635742188,0.7265405988732799,1.0,1.0,1.0,1.0,1.0
OraclePerfect_B20,JILONG_EI_0119,940,549.1649169921875,0.7278843150545942,1.0,1.0,1.0,1.0,1.0
OraclePerfect_B20,JILONG_EI_0119,950,551.0305786132812,0.7269722231021781,1.0,1.0,1.0,1.0,1.0
OraclePerfect_B20,JILONG_EI_0119,960,553.0365600585938,0.7265713323474863,1.0,1.0,1.0,1.0,1.0
OraclePerfect_B20,JILONG_EI_0119,970,555.0372314453125,0.7256868112770518,1.0,1.0,1.0,1.0,1.0
OraclePerfect_B20,JILONG_EI_0119,980,556.8919677734375,0.7250795609364292,1.0,1.0,1.0,1.0,1.0
OraclePerfect_B20,JILONG_EI_0119,990,558.1981811523438,0.7258973634299241,1.0,1.0,1.0,1.0,1.0
OraclePerfect_B20,JILONG_EI_0119,1000,558.8480834960938,0.7224530458666907,1.0,1.0,1.0,1.0,1.0
OraclePerfect_B20,JILONG_EI_0119,1010,561.4820556640625,0.7202350200073112,1.0,1.0,1.0,1.0,1.0
OraclePerfect_B20,JILONG_EI_0119,1020,563.88623046875,0.7170225063246672,1.0,1.0,1.0,1.0,1.0
OraclePerfect_B20,JILONG_EI_0119,1030,563.9609375,0.7134499574313021,1.0,1.0,1.0,1.0,1.0
OraclePerfect_B20,JILONG_EI_0119,1040,567.2201538085938,0.7101501439377406,1.0,1.0,1.0,1.0,1.0
OraclePerfect_B20,JILONG_EI_0119,1050,570.5371704101562,0.706474570186289,1.0,1.0,1.0,1.0,1.0
OraclePerfect_B20,JILONG_EI_0119,1060,571.7221069335938,0.701994702656456,1.0,1.0,1.0,1.0,1.0
OraclePerfect_B20,JILONG_EI_0119,1070,575.9053955078125,0.6983404962776891,1.0,1.0,1.0,1.0,1.0
OraclePerfect_B20,JILONG_EI_0119,1080,578.6997680664062,0.691762364735139,1.0,1.0,1.0,1.0,1.0
OraclePerfect_B20,JILONG_EI_0119,1090,581.3577880859375,0.6874842780718466,1.0,1.0,1.0,1.0,1.0
OraclePerfect_B20,JILONG_EI_0119,1100,584.1278076171875,0.6817919023373027,1.0,1.0,1.0,1.0,1.0
OraclePerfect_B20,JILONG_EI_0119,1110,587.105224609375,0.6771377867791274,1.0,1.0,1.0,1.0,1.0
OraclePerfect_B20,JILONG_EI_0119,1120,590.159423828125,0.6705157343658382,1.0,1.0,1.0,1.0,1.0
OraclePerfect_B20,JILONG_EI_0119,1130,592.2080078125,0.6656334274925306,1.0,1.0,1.0,1.0,1.0
OraclePerfect_B20,JILONG_EI_0119,1140,595.7559814453125,0.6612064212016391,1.0,1.0,1.0,1.0,1.0
OraclePerfect_B20,JILONG_EI_0119,1150,598.1998291015625,0.6571070766937643,1.0,1.0,1.0,1.0,1.0
OraclePerfect_B20,JILONG_EI_0119,1160,601.5927734375,0.6531942715661112,1.0,1.0,1.0,1.0,1.0
OraclePerfect_B20,JILONG_EI_0119,1170,604.9566040039062,0.6489238054813625,1.0,1.0,1.0,1.0,1.0
OraclePerfect_B20,JILONG_EI_0119,1180,607.9696655273438,0.6441695202567003,1.0,1.0,1.0,1.0,1.0
OraclePerfect_B20,JILONG_EI_0119,1190,611.5902709960938,0.6405772459352527,1.0,1.0,1.0,1.0,1.0
OraclePerfect_B20,JILONG_EI_0119,1200,614.5846557617188,0.6360786531705802,1.0,1.0,1.0,1.0,1.0
OraclePerfect_B20,JILONG_EI_0119,1210,617.6859130859375,0.632208645883756,1.0,1.0,1.0,1.0,1.0
OraclePerfect_B20,JILONG_EI_0119,1220,620.5107421875,0.628452329895829,1.0,1.0,1.0,1.0,1.0
OraclePerfect_B20,JILONG_EI_0119,1230,623.8165283203125,0.6248610172689814,1.0,1.0,1.0,1.0,1.0
OraclePerfect_B20,JILONG_EI_0119,1240,626.3709106445312,0.6211542795092371,1.0,1.0,1.0,1.0,1.0
OraclePerfect_B20,JILONG_EI_0119,1250,629.5599365234375,0.6186331497922516,1.0,1.0,1.0,1.0,1.0
OraclePerfect_B20,JILONG_EI_0119,1260,633.8282470703125,0.6152415850289351,1.0,1.0,1.0,1.0,1.0
OraclePerfect_B20,JILONG_EI_0119,1270,637.1048583984375,0.6123384453096999,1.0,1.0,1.0,1.0,1.0
OraclePerfect_B20,JILONG_EI_0119,1280,640.4382934570312,0.6103442464975547,1.0,1.0,1.0,1.0,1.0
OraclePerfect_B20,JILONG_EI_0119,1290,643.0008544921875,0.6081305123888281,1.0,1.0,1.0,1.0,1.0
OraclePerfect_B20,JILONG_EI_0119,1300,646.0811767578125,0.60627847009654,1.0,1.0,1.0,1.0,1.0
OraclePerfect_B20,JILONG_EI_0119,1310,649.4907836914062,0.6043475780304183,1.0,1.0,1.0,1.0,1.0
OraclePerfect_B20,JILONG_EI_0119,1320,652.0147705078125,0.6031961660771387,1.0,1.0,1.0,1.0,1.0
OraclePerfect_B20,JILONG_EI_0119,1330,654.32568359375,0.6013839020491767,1.0,1.0,1.0,1.0,1.0
OraclePerfect_B20,JILONG_EI_0119,1340,656.72314453125,0.5999215838718539,1.0,1.0,1.0,1.0,1.0
OraclePerfect_B20,JILONG_EI_0119,1350,659.6295776367188,0.5990484738680418,1.0,1.0,1.0,1.0,1.0
OraclePerfect_B20,JILONG_EI_0119,1360,662.03759765625,0.5973525763487764,1.0,1.0,1.0,1.0,1.0
OraclePerfect_B20,JILONG_EI_0119,1370,664.7146606445312,0.5960507391778972,1.0,1.0,1.0,1.0,1.0
OraclePerfect_B20,JILONG_EI_0119,1380,667.40087890625,0.5953451378301777,1.0,1.0,1.0,1.0,1.0
OraclePerfect_B20,JILONG_EI_0119,1390,667.8687744140625,0.5933679804089811,1.0,1.0,1.0,1.0,1.0
OraclePerfect_B20,JILONG_EI_0119,1400,670.0306396484375,0.5916922996480108,1.0,1.0,1.0,1.0,1.0
OraclePerfect_B20,JILONG_EI_0119,1410,671.3799438476562,0.5902860595127494,1.0,1.0,1.0,1.0,1.0
OraclePerfect_B20,JILONG_EI_0119,1420,673.8538818359375,0.588862709817336,1.0,1.0,1.0,1.0,1.0
OraclePerfect_B20,JILONG_EI_0119,1430,676.4143676757812,0.5880755484898511,1.0,1.0,1.0,1.0,1.0
OraclePerfect_B20,JILONG_EI_0119,1440,676.799560546875,0.5858713894047511,1.0,1.0,1.0,1.0,1.0
OraclePerfect_B20,JILONG_EI_0129,10,21.344554901123047,0.9838121953118084,1.0,1.0,1.0,1.0,1.0
OraclePerfect_B20,JILONG_EI_0129,20,40.88628005981445,0.9949419386317137,1.0,1.0,1.0,1.0,1.0
OraclePerfect_B20,JILONG_EI_0129,30,95.37294006347656,0.9971985434802045,1.0,1.0,1.0,1.0,1.0
OraclePerfect_B20,JILONG_EI_0129,40,201.32765197753906,0.991642352109959,1.0,1.0,1.0,1.0,1.0
OraclePerfect_B20,JILONG_EI_0129,50,272.001220703125,0.9183418521162255,1.0,1.0,1.0,1.0,1.0
OraclePerfect_B20,JILONG_EI_0129,60,297.96453857421875,0.8680990850075755,1.0,1.0,1.0,1.0,1.0
OraclePerfect_B20,JILONG_EI_0129,70,366.58343505859375,0.846029528328311,1.0,1.0,1.0,1.0,1.0
OraclePerfect_B20,JILONG_EI_0129,80,446.7430114746094,0.7801083255121402,1.0,1.0,1.0,1.0,1.0
OraclePerfect_B20,JILONG_EI_0129,90,460.34576416015625,0.7548355735781864,1.0,1.0,1.0,1.0,1.0
OraclePerfect_B20,JILONG_EI_0129,100,445.8003845214844,0.7739443984159052,1.0,1.0,1.0,1.0,1.0
OraclePerfect_B20,JILONG_EI_0129,110,460.72833251953125,0.8029535438300568,1.0,1.0,1.0,1.0,1.0
OraclePerfect_B20,JILONG_EI_0129,120,486.892822265625,0.8033980171348374,1.0,1.0,1.0,1.0,1.0
OraclePerfect_B20,JILONG_EI_0129,130,502.8065490722656,0.7845531296119724,1.0,1.0,1.0,1.0,1.0
OraclePerfect_B20,JILONG_EI_0129,140,450.65509033203125,0.7506845993334068,1.0,1.0,1.0,1.0,1.0
OraclePerfect_B20,JILONG_EI_0129,150,436.7055969238281,0.790001476669287,1.0,1.0,1.0,1.0,1.0
OraclePerfect_B20,JILONG_EI_0129,160,379.62713623046875,0.8005744695445107,1.0,1.0,1.0,1.0,1.0
OraclePerfect_B20,JILONG_EI_0129,170,410.238037109375,0.8011826434068372,1.0,1.0,1.0,1.0,1.0
OraclePerfect_B20,JILONG_EI_0129,180,382.629150390625,0.8049865241228285,1.0,1.0,1.0,1.0,1.0
OraclePerfect_B20,JILONG_EI_0129,190,349.2499694824219,0.7380471933153221,1.0,1.0,1.0,1.0,1.0
OraclePerfect_B20,JILONG_EI_0129,200,346.64105224609375,0.7179907840596383,1.0,1.0,1.0,1.0,1.0
OraclePerfect_B20,JILONG_EI_0129,210,343.06536865234375,0.7346134537532967,1.0,1.0,1.0,1.0,1.0
OraclePerfect_B20,JILONG_EI_0129,220,353.08721923828125,0.7447892071295217,1.0,1.0,1.0,1.0,1.0
OraclePerfect_B20,JILONG_EI_0129,230,379.67401123046875,0.7643338780150308,1.0,1.0,1.0,1.0,1.0
OraclePerfect_B20,JILONG_EI_0129,240,374.1427001953125,0.7378171707454241,1.0,1.0,1.0,1.0,1.0
OraclePerfect_B20,JILONG_EI_0129,250,380.61517333984375,0.8276131410809597,1.0,1.0,1.0,1.0,1.0
OraclePerfect_B20,JILONG_EI_0129,260,404.830810546875,0.8475737353614036,1.0,1.0,1.0,1.0,1.0
OraclePerfect_B20,JILONG_EI_0129,270,440.2384338378906,0.861460052318936,1.0,1.0,1.0,1.0,1.0
OraclePerfect_B20,JILONG_EI_0129,280,468.31304931640625,0.879648553052192,1.0,1.0,1.0,1.0,1.0
OraclePerfect_B20,JILONG_EI_0129,290,492.60675048828125,0.9048930176896867,1.0,1.0,1.0,1.0,1.0
OraclePerfect_B20,JILONG_EI_0129,300,520.9600219726562,0.9205443115608506,1.0,1.0,1.0,1.0,1.0
OraclePerfect_B20,JILONG_EI_0129,310,546.538818359375,0.9268797253133015,1.0,1.0,1.0,1.0,1.0
OraclePerfect_B20,JILONG_EI_0129,320,577.662841796875,0.9295244840341718,1.0,1.0,1.0,1.0,1.0
OraclePerfect_B20,JILONG_EI_0129,330,606.8431396484375,0.9268839517075317,1.0,1.0,1.0,1.0,1.0
OraclePerfect_B20,JILONG_EI_0129,340,629.3388671875,0.90795293052693,1.0,1.0,1.0,1.0,1.0
OraclePerfect_B20,JILONG_EI_0129,350,650.794677734375,0.8666680364668496,1.0,1.0,1.0,1.0,1.0
OraclePerfect_B20,JILONG_EI_0129,360,668.5118408203125,0.8157684063346812,1.0,1.0,1.0,1.0,1.0
OraclePerfect_B20,JILONG_EI_0129,370,682.7327880859375,0.7711173093971849,1.0,1.0,1.0,1.0,1.0
OraclePerfect_B20,JILONG_EI_0129,380,690.6874389648438,0.7307916174066795,1.0,1.0,1.0,1.0,1.0
OraclePerfect_B20,JILONG_EI_0129,390,692.4866333007812,0.7038188817507497,1.0,1.0,1.0,1.0,1.0
OraclePerfect_B20,JILONG_EI_0129,400,693.0552978515625,0.7090310762756892,1.0,1.0,1.0,1.0,1.0
OraclePerfect_B20,JILONG_EI_0129,410,688.751708984375,0.7110620848978992,1.0,1.0,1.0,1.0,1.0
OraclePerfect_B20,JILONG_EI_0129,420,683.09033203125,0.707198060473598,1.0,1.0,1.0,1.0,1.0
OraclePerfect_B20,JILONG_EI_0129,430,677.8895263671875,0.7001449884289376,1.0,1.0,1.0,1.0,1.0
OraclePerfect_B20,JILONG_EI_0129,440,662.0390014648438,0.6933164356627637,1.0,1.0,1.0,1.0,1.0
OraclePerfect_B20,JILONG_EI_0129,450,655.1708984375,0.6838475406886253,1.0,1.0,1.0,1.0,1.0
OraclePerfect_B20,JILONG_EI_0129,460,648.7982177734375,0.6708353236300308,1.0,1.0,1.0,1.0,1.0
OraclePerfect_B20,JILONG_EI_0129,470,644.6752319335938,0.6818011015462883,1.0,1.0,1.0,1.0,1.0
OraclePerfect_B20,JILONG_EI_0129,480,643.2401123046875,0.6926044191762571,1.0,1.0,1.0,1.0,1.0
OraclePerfect_B20,JILONG_EI_0129,490,642.7879638671875,0.7023430270121196,1.0,1.0,1.0,1.0,1.0
OraclePerfect_B20,JILONG_EI_0129,500,644.4596557617188,0.7116236021354936,1.0,1.0,1.0,1.0,1.0
OraclePerfect_B20,JILONG_EI_0129,510,641.9321899414062,0.7173408981820579,1.0,1.0,1.0,1.0,1.0
OraclePerfect_B20,JILONG_EI_0129,520,641.2860107421875,0.723413746679344,1.0,1.0,1.0,1.0,1.0
OraclePerfect_B20,JILONG_EI_0129,530,638.613037109375,0.7305772939072297,1.0,1.0,1.0,1.0,1.0
OraclePerfect_B20,JILONG_EI_0129,540,639.5791015625,0.7386941602307788,1.0,1.0,1.0,1.0,1.0
OraclePerfect_B20,JILONG_EI_0129,550,639.195068359375,0.7433135658874809,1.0,1.0,1.0,1.0,1.0
OraclePerfect_B20,JILONG_EI_0129,560,639.1279907226562,0.7457529286835709,1.0,1.0,1.0,1.0,1.0
OraclePerfect_B20,JILONG_EI_0129,570,639.87548828125,0.7469935629319806,1.0,1.0,1.0,1.0,1.0
OraclePerfect_B20,JILONG_EI_0129,580,639.09521484375,0.749493310917799,1.0,1.0,1.0,1.0,1.0
OraclePerfect_B20,JILONG_EI_0129,590,639.0087890625,0.7488462082436094,1.0,1.0,1.0,1.0,1.0
OraclePerfect_B20,JILONG_EI_0129,600,639.981201171875,0.7464137499497396,1.0,1.0,1.0,1.0,1.0
OraclePerfect_B20,JILONG_EI_0129,610,641.4160766601562,0.7429203052978596,1.0,1.0,1.0,1.0,1.0
OraclePerfect_B20,JILONG_EI_0129,620,639.90576171875,0.7392743863329126,1.0,1.0,1.0,1.0,1.0
OraclePerfect_B20,JILONG_EI_0129,630,645.8312377929688,0.7327912565029387,1.0,1.0,1.0,1.0,1.0
OraclePerfect_B20,JILONG_EI_0129,640,652.1021118164062,0.7337369624659125,1.0,1.0,1.0,1.0,1.0
OraclePerfect_B20,JILONG_EI_0129,650,658.0565185546875,0.7316956752023682,1.0,1.0,1.0,1.0,1.0
OraclePerfect_B20,JILONG_EI_0129,660,661.5889892578125,0.7309509973386775,1.0,1.0,1.0,1.0,1.0
OraclePerfect_B20,JILONG_EI_0129,670,665.0899047851562,0.7296229478307826,1.0,1.0,1.0,1.0,1.0
OraclePerfect_B20,JILONG_EI_0129,680,669.72265625,0.7288311626811557,1.0,1.0,1.0,1.0,1.0
OraclePerfect_B20,JILONG_EI_0129,690,675.0860595703125,0.728896641405879,1.0,1.0,1.0,1.0,1.0
OraclePerfect_B20,JILONG_EI_0129,700,683.773193359375,0.7275801472107791,1.0,1.0,1.0,1.0,1.0
OraclePerfect_B20,JILONG_EI_0129,710,692.31787109375,0.7227574369888816,1.0,1.0,1.0,1.0,1.0
OraclePerfect_B20,JILONG_EI_0129,720,697.537353515625,0.7183168168977505,1.0,1.0,1.0,1.0,1.0
OraclePerfect_B20,JILONG_EI_0129,730,706.4618530273438,0.7093218845823471,1.0,1.0,1.0,1.0,1.0
OraclePerfect_B20,JILONG_EI_0129,740,713.384521484375,0.7024251701891864,1.0,1.0,1.0,1.0,1.0
OraclePerfect_B20,JILONG_EI_0129,750,720.9700927734375,0.6938985858129983,1.0,1.0,1.0,1.0,1.0
OraclePerfect_B20,JILONG_EI_0129,760,728.0965576171875,0.6821062812326639,1.0,1.0,1.0,1.0,1.0
OraclePerfect_B20,JILONG_EI_0129,770,732.9407348632812,0.6768547834823309,1.0,1.0,1.0,1.0,1.0
OraclePerfect_B20,JILONG_EI_0129,780,740.3511352539062,0.6730592216687925,1.0,1.0,1.0,1.0,1.0
OraclePerfect_B20,JILONG_EI_0129,790,748.7728881835938,0.6660562863270574,1.0,1.0,1.0,1.0,1.0
OraclePerfect_B20,JILONG_EI_0129,800,756.594482421875,0.6610970574625371,1.0,1.0,1.0,1.0,1.0
OraclePerfect_B20,JILONG_EI_0129,810,766.085205078125,0.6566209608080873,1.0,1.0,1.0,1.0,1.0
OraclePerfect_B20,JILONG_EI_0129,820,772.5250854492188,0.6533375343621616,1.0,1.0,1.0,1.0,1.0
OraclePerfect_B20,JILONG_EI_0129,830,776.2993774414062,0.6479845073078071,1.0,1.0,1.0,1.0,1.0
OraclePerfect_B20,JILONG_EI_0129,840,780.9060668945312,0.6445188384042312,1.0,1.0,1.0,1.0,1.0
OraclePerfect_B20,JILONG_EI_0129,850,787.4915161132812,0.6415694887278737,1.0,1.0,1.0,1.0,1.0
OraclePerfect_B20,JILONG_EI_0129,860,791.5989990234375,0.6389091929275755,1.0,1.0,1.0,1.0,1.0
OraclePerfect_B20,JILONG_EI_0129,870,798.3165283203125,0.6353420191791824,1.0,1.0,1.0,1.0,1.0
OraclePerfect_B20,JILONG_EI_0129,880,803.5903930664062,0.63338645878855,1.0,1.0,1.0,1.0,1.0
OraclePerfect_B20,JILONG_EI_0129,890,810.1314086914062,0.6293140170708456,1.0,1.0,1.0,1.0,1.0
OraclePerfect_B20,JILONG_EI_0129,900,815.0029907226562,0.6235153667455582,1.0,1.0,1.0,1.0,1.0
OraclePerfect_B20,JILONG_EI_0129,910,818.4674072265625,0.6171087049899553,1.0,1.0,1.0,1.0,1.0
OraclePerfect_B20,JILONG_EI_0129,920,823.019775390625,0.612034207038082,1.0,1.0,1.0,1.0,1.0
OraclePerfect_B20,JILONG_EI_0129,930,828.7762451171875,0.6063216962365153,1.0,1.0,1.0,1.0,1.0
OraclePerfect_B20,JILONG_EI_0129,940,831.9718017578125,0.6015533280234497,1.0,1.0,1.0,1.0,1.0
OraclePerfect_B20,JILONG_EI_0129,950,838.0971069335938,0.5989357798142743,1.0,1.0,1.0,1.0,1.0
OraclePerfect_B20,JILONG_EI_0129,960,844.239013671875,0.5953006331166066,1.0,1.0,1.0,1.0,1.0
OraclePerfect_B20,JILONG_EI_0129,970,847.4000854492188,0.5901793209221027,1.0,1.0,1.0,1.0,1.0
OraclePerfect_B20,JILONG_EI_0129,980,849.0206909179688,0.579886842993643,1.0,1.0,1.0,1.0,1.0
OraclePerfect_B20,JILONG_EI_0129,990,850.8408203125,0.5714243640230918,1.0,1.0,1.0,1.0,1.0
OraclePerfect_B20,JILONG_EI_0129,1000,851.400390625,0.564357253423021,1.0,1.0,1.0,1.0,1.0
OraclePerfect_B20,JILONG_EI_0129,1010,853.0825805664062,0.5575194908998761,1.0,1.0,1.0,1.0,1.0
OraclePerfect_B20,JILONG_EI_0129,1020,849.97216796875,0.5475263958380983,1.0,1.0,1.0,1.0,1.0
OraclePerfect_B20,JILONG_EI_0129,1030,854.732177734375,0.5453541496238448,1.0,1.0,1.0,1.0,1.0
OraclePerfect_B20,JILONG_EI_0129,1040,855.8018188476562,0.5403737671886701,1.0,1.0,1.0,1.0,1.0
OraclePerfect_B20,JILONG_EI_0129,1050,858.166259765625,0.5366177794699949,1.0,1.0,1.0,1.0,1.0
OraclePerfect_B20,JILONG_EI_0129,1060,862.6881103515625,0.5339838004335499,1.0,1.0,1.0,1.0,1.0
OraclePerfect_B20,JILONG_EI_0129,1070,865.0711669921875,0.5316086823162927,1.0,1.0,1.0,1.0,1.0
OraclePerfect_B20,JILONG_EI_0129,1080,868.9662475585938,0.5286280798053898,1.0,1.0,1.0,1.0,1.0
OraclePerfect_B20,JILONG_EI_0129,1090,871.25537109375,0.5266019600823694,1.0,1.0,1.0,1.0,1.0
OraclePerfect_B20,JILONG_EI_0129,1100,874.517333984375,0.52258945273752,1.0,1.0,1.0,1.0,1.0
OraclePerfect_B20,JILONG_EI_0129,1110,874.9002685546875,0.5201513618335204,1.0,1.0,1.0,1.0,1.0
OraclePerfect_B20,JILONG_EI_0129,1120,878.69189453125,0.5178308718059055,1.0,1.0,1.0,1.0,1.0
OraclePerfect_B20,JILONG_EI_0129,1130,882.031982421875,0.5141290604563061,1.0,1.0,1.0,1.0,1.0
OraclePerfect_B20,JILONG_EI_0129,1140,886.8078002929688,0.5114774819016977,1.0,1.0,1.0,1.0,1.0
OraclePerfect_B20,JILONG_EI_0129,1150,891.5150756835938,0.5071777816495471,1.0,1.0,1.0,1.0,1.0
OraclePerfect_B20,JILONG_EI_0129,1160,894.9620361328125,0.5029240197511131,1.0,1.0,1.0,1.0,1.0
OraclePerfect_B20,JILONG_EI_0129,1170,901.28173828125,0.49874594291294,1.0,1.0,1.0,1.0,1.0
OraclePerfect_B20,JILONG_EI_0129,1180,907.4268798828125,0.49373420215127495,1.0,1.0,1.0,1.0,1.0
OraclePerfect_B20,JILONG_EI_0129,1190,913.8947143554688,0.4901138309739088,1.0,1.0,1.0,1.0,1.0
OraclePerfect_B20,JILONG_EI_0129,1200,916.8009033203125,0.48623943682952653,1.0,1.0,1.0,1.0,1.0
OraclePerfect_B20,JILONG_EI_0129,1210,923.1253662109375,0.48210561521388867,1.0,1.0,1.0,1.0,1.0
OraclePerfect_B20,JILONG_EI_0129,1220,924.670654296875,0.4709082251060591,1.0,1.0,1.0,1.0,1.0
OraclePerfect_B20,JILONG_EI_0129,1230,930.298583984375,0.46639934969224145,1.0,1.0,1.0,1.0,1.0
OraclePerfect_B20,JILONG_EI_0129,1240,934.48876953125,0.46192730479545663,1.0,1.0,1.0,1.0,1.0
OraclePerfect_B20,JILONG_EI_0129,1250,940.72119140625,0.45669583691636334,1.0,1.0,1.0,1.0,1.0
OraclePerfect_B20,JILONG_EI_0129,1260,946.1664428710938,0.45172193337816413,1.0,1.0,1.0,1.0,1.0
OraclePerfect_B20,JILONG_EI_0129,1270,949.0746459960938,0.44397767568467944,1.0,1.0,1.0,1.0,1.0
OraclePerfect_B20,JILONG_EI_0129,1280,954.1079711914062,0.43914150100857147,1.0,1.0,1.0,1.0,1.0
OraclePerfect_B20,JILONG_EI_0129,1290,956.4520263671875,0.43388763520711815,1.0,1.0,1.0,1.0,1.0
OraclePerfect_B20,JILONG_EI_0129,1300,955.8348388671875,0.43082338403481774,1.0,1.0,1.0,1.0,1.0
OraclePerfect_B20,JILONG_EI_0129,1310,958.8419189453125,0.4289824531450606,1.0,1.0,1.0,1.0,1.0
OraclePerfect_B20,JILONG_EI_0129,1320,961.4931030273438,0.4256419797844385,1.0,1.0,1.0,1.0,1.0
OraclePerfect_B20,JILONG_EI_0129,1330,966.2999267578125,0.4226784435456755,1.0,1.0,1.0,1.0,1.0
OraclePerfect_B20,JILONG_EI_0129,1340,969.32568359375,0.4219406910417688,1.0,1.0,1.0,1.0,1.0
OraclePerfect_B20,JILONG_EI_0129,1350,970.2322387695312,0.4190168449878082,1.0,1.0,1.0,1.0,1.0
OraclePerfect_B20,JILONG_EI_0129,1360,974.3018798828125,0.41552894095023085,1.0,1.0,1.0,1.0,1.0
OraclePerfect_B20,JILONG_EI_0129,1370,975.0333251953125,0.41245592090087546,1.0,1.0,1.0,1.0,1.0
OraclePerfect_B20,JILONG_EI_0129,1380,976.8541259765625,0.41159187025651217,1.0,1.0,1.0,1.0,1.0
OraclePerfect_B20,JILONG_EI_0129,1390,974.1013793945312,0.40988923899796836,1.0,1.0,1.0,1.0,1.0
OraclePerfect_B20,JILONG_EI_0129,1400,977.1040649414062,0.4070345768224713,1.0,1.0,1.0,1.0,1.0
OraclePerfect_B20,JILONG_EI_0129,1410,981.02978515625,0.40416460788509695,1.0,1.0,1.0,1.0,1.0
OraclePerfect_B20,JILONG_EI_0129,1420,977.3158569335938,0.4050531986660701,1.0,1.0,1.0,1.0,1.0
OraclePerfect_B20,JILONG_EI_0129,1430,980.5213623046875,0.40227049192659153,1.0,1.0,1.0,1.0,1.0
OraclePerfect_B20,JILONG_EI_0129,1440,983.462158203125,0.39890253951293314,1.0,1.0,1.0,1.0,1.0
OraclePerfect_B20,JILONG_EI_0139,10,18.552242279052734,0.9917817708369991,1.0,1.0,1.0,1.0,1.0
OraclePerfect_B20,JILONG_EI_0139,20,37.753047943115234,0.9972861403307995,1.0,1.0,1.0,1.0,1.0
OraclePerfect_B20,JILONG_EI_0139,30,65.99805450439453,0.9980144805336135,1.0,1.0,1.0,1.0,1.0
OraclePerfect_B20,JILONG_EI_0139,40,154.51385498046875,0.996049164485518,1.0,1.0,1.0,1.0,1.0
OraclePerfect_B20,JILONG_EI_0139,50,219.65194702148438,0.9157704324076413,1.0,1.0,1.0,1.0,1.0
OraclePerfect_B20,JILONG_EI_0139,60,259.01226806640625,0.876159701622361,1.0,1.0,1.0,1.0,1.0
OraclePerfect_B20,JILONG_EI_0139,70,307.7518005371094,0.8632710839482277,1.0,1.0,1.0,1.0,1.0
OraclePerfect_B20,JILONG_EI_0139,80,363.8778381347656,0.7933074328516347,1.0,1.0,1.0,1.0,1.0
OraclePerfect_B20,JILONG_EI_0139,90,391.788818359375,0.7408038451506689,1.0,1.0,1.0,1.0,1.0
OraclePerfect_B20,JILONG_EI_0139,100,386.43292236328125,0.780143071068306,1.0,1.0,1.0,1.0,1.0
OraclePerfect_B20,JILONG_EI_0139,110,378.95806884765625,0.7912561484755607,1.0,1.0,1.0,1.0,1.0
OraclePerfect_B20,JILONG_EI_0139,120,400.1547546386719,0.8008744177115767,1.0,1.0,1.0,1.0,1.0
OraclePerfect_B20,JILONG_EI_0139,130,425.37481689453125,0.7824074807691803,1.0,1.0,1.0,1.0,1.0
OraclePerfect_B20,JILONG_EI_0139,140,378.82373046875,0.7545169725347184,1.0,1.0,1.0,1.0,1.0
OraclePerfect_B20,JILONG_EI_0139,150,389.39654541015625,0.7989631884837762,1.0,1.0,1.0,1.0,1.0
OraclePerfect_B20,JILONG_EI_0139,160,355.69293212890625,0.8023576824105699,1.0,1.0,1.0,1.0,1.0
OraclePerfect_B20,JILONG_EI_0139,170,354.61346435546875,0.790290323608537,1.0,1.0,1.0,1.0,1.0
OraclePerfect_B20,JILONG_EI_0139,180,335.5662536621094,0.8059307054150616,1.0,1.0,1.0,1.0,1.0
OraclePerfect_B20,JILONG_EI_0139,190,318.0936279296875,0.781319748025655,1.0,1.0,1.0,1.0,1.0
OraclePerfect_B20,JILONG_EI_0139,200,319.9261474609375,0.7248480961556418,1.0,1.0,1.0,1.0,1.0
OraclePerfect_B20,JILONG_EI_0139,210,320.40045166015625,0.737205974268754,1.0,1.0,1.0,1.0,1.0
OraclePerfect_B20,JILONG_EI_0139,220,308.9915771484375,0.7303973639485442,1.0,1.0,1.0,1.0,1.0
OraclePerfect_B20,JILONG_EI_0139,230,327.8746643066406,0.7470271437522517,1.0,1.0,1.0,1.0,1.0
OraclePerfect_B20,JILONG_EI_0139,240,345.63116455078125,0.7165413683177481,1.0,1.0,1.0,1.0,1.0
OraclePerfect_B20,JILONG_EI_0139,250,323.42340087890625,0.7867677112798737,1.0,1.0,1.0,1.0,1.0
OraclePerfect_B20,JILONG_EI_0139,260,345.865966796875,0.8246464402236016,1.0,1.0,1.0,1.0,1.0
OraclePerfect_B20,JILONG_EI_0139,270,372.0062561035156,0.8360443986332377,1.0,1.0,1.0,1.0,1.0
OraclePerfect_B20,JILONG_EI_0139,280,391.51483154296875,0.8690896842085193,1.0,1.0,1.0,1.0,1.0
OraclePerfect_B20,JILONG_EI_0139,290,414.7130432128906,0.8903895033826431,1.0,1.0,1.0,1.0,1.0
OraclePerfect_B20,JILONG_EI_0139,300,438.08251953125,0.9027218335874571,1.0,1.0,1.0,1.0,1.0
OraclePerfect_B20,JILONG_EI_0139,310,465.5079650878906,0.9082565607422568,1.0,1.0,1.0,1.0,1.0
OraclePerfect_B20,JILONG_EI_0139,320,489.73919677734375,0.91086937950783,1.0,1.0,1.0,1.0,1.0
OraclePerfect_B20,JILONG_EI_0139,330,515.422119140625,0.9193687046213948,1.0,1.0,1.0,1.0,1.0
OraclePerfect_B20,JILONG_EI_0139,340,533.6295166015625,0.922526771345944,1.0,1.0,1.0,1.0,1.0
OraclePerfect_B20,JILONG_EI_0139,350,543.8123779296875,0.9274737604586836,1.0,1.0,1.0,1.0,1.0
OraclePerfect_B20,JILONG_EI_0139,360,555.941162109375,0.908851687244817,1.0,1.0,1.0,1.0,1.0
OraclePerfect_B20,JILONG_EI_0139,370,566.114501953125,0.8762076301258203,1.0,1.0,1.0,1.0,1.0
OraclePerfect_B20,JILONG_EI_0139,380,574.2802734375,0.8347755881157264,1.0,1.0,1.0,1.0,1.0
OraclePerfect_B20,JILONG_EI_0139,390,587.0977783203125,0.785611039380063,1.0,1.0,1.0,1.0,1.0
OraclePerfect_B20,JILONG_EI_0139,400,596.2157592773438,0.7428526713926188,1.0,1.0,1.0,1.0,1.0
OraclePerfect_B20,JILONG_EI_0139,410,599.8345947265625,0.7321647690071554,1.0,1.0,1.0,1.0,1.0
OraclePerfect_B20,JILONG_EI_0139,420,602.938720703125,0.7328612936857228,1.0,1.0,1.0,1.0,1.0
OraclePerfect_B20,JILONG_EI_0139,430,599.8541870117188,0.7328234207031136,1.0,1.0,1.0,1.0,1.0
OraclePerfect_B20,JILONG_EI_0139,440,596.6983642578125,0.7300292792615507,1.0,1.0,1.0,1.0,1.0
OraclePerfect_B20,JILONG_EI_0139,450,594.0226440429688,0.7235251544826046,1.0,1.0,1.0,1.0,1.0
OraclePerfect_B20,JILONG_EI_0139,460,585.7318115234375,0.7105558182107223,1.0,1.0,1.0,1.0,1.0
OraclePerfect_B20,JILONG_EI_0139,470,574.4356689453125,0.7013278907853269,1.0,1.0,1.0,1.0,1.0
OraclePerfect_B20,JILONG_EI_0139,480,565.3929443359375,0.7106609816474407,1.0,1.0,1.0,1.0,1.0
OraclePerfect_B20,JILONG_EI_0139,490,560.353271484375,0.7191306005343385,1.0,1.0,1.0,1.0,1.0
OraclePerfect_B20,JILONG_EI_0139,500,553.5556640625,0.7241826713058307,1.0,1.0,1.0,1.0,1.0
OraclePerfect_B20,JILONG_EI_0139,510,547.7977905273438,0.7310655772303394,1.0,1.0,1.0,1.0,1.0
OraclePerfect_B20,JILONG_EI_0139,520,548.325927734375,0.7351255630480673,1.0,1.0,1.0,1.0,1.0
OraclePerfect_B20,JILONG_EI_0139,530,544.9100341796875,0.7416338321058669,1.0,1.0,1.0,1.0,1.0
OraclePerfect_B20,JILONG_EI_0139,540,546.9762573242188,0.7454117099559225,1.0,1.0,1.0,1.0,1.0
OraclePerfect_B20,JILONG_EI_0139,550,549.3479614257812,0.7467366248223517,1.0,1.0,1.0,1.0,1.0
OraclePerfect_B20,JILONG_EI_0139,560,548.760498046875,0.7495133867533229,1.0,1.0,1.0,1.0,1.0
OraclePerfect_B20,JILONG_EI_0139,570,547.1259765625,0.7524312577905601,1.0,1.0,1.0,1.0,1.0
OraclePerfect_B20,JILONG_EI_0139,580,544.8200073242188,0.7476742237559303,1.0,1.0,1.0,1.0,1.0
OraclePerfect_B20,JILONG_EI_0139,590,544.94677734375,0.7450776438652364,1.0,1.0,1.0,1.0,1.0
OraclePerfect_B20,JILONG_EI_0139,600,542.7455444335938,0.7413870430805594,1.0,1.0,1.0,1.0,1.0
OraclePerfect_B20,JILONG_EI_0139,610,539.8493041992188,0.73991991633105,1.0,1.0,1.0,1.0,1.0
OraclePerfect_B20,JILONG_EI_0139,620,535.518798828125,0.7338877548419751,1.0,1.0,1.0,1.0,1.0
OraclePerfect_B20,JILONG_EI_0139,630,535.6633911132812,0.7316977957799161,1.0,1.0,1.0,1.0,1.0
OraclePerfect_B20,JILONG_EI_0139,640,537.046875,0.7302612570337367,1.0,1.0,1.0,1.0,1.0
OraclePerfect_B20,JILONG_EI_0139,650,537.236328125,0.731773944059931,1.0,1.0,1.0,1.0,1.0
OraclePerfect_B20,JILONG_EI_0139,660,538.009521484375,0.7352622474778668,1.0,1.0,1.0,1.0,1.0
OraclePerfect_B20,JILONG_EI_0139,670,539.619140625,0.7366913196286053,1.0,1.0,1.0,1.0,1.0
OraclePerfect_B20,JILONG_EI_0139,680,541.9839477539062,0.7371600173059567,1.0,1.0,1.0,1.0,1.0
OraclePerfect_B20,JILONG_EI_0139,690,545.058837890625,0.7376476003194308,1.0,1.0,1.0,1.0,1.0
OraclePerfect_B20,JILONG_EI_0139,700,548.165771484375,0.7387621496336279,1.0,1.0,1.0,1.0,1.0
OraclePerfect_B20,JILONG_EI_0139,710,551.610107421875,0.7404014663815061,1.0,1.0,1.0,1.0,1.0
OraclePerfect_B20,JILONG_EI_0139,720,557.2454833984375,0.7386545840388761,1.0,1.0,1.0,1.0,1.0
OraclePerfect_B20,JILONG_EI_0139,730,560.61376953125,0.7409617724685859,1.0,1.0,1.0,1.0,1.0
OraclePerfect_B20,JILONG_EI_0139,740,564.6749877929688,0.737828254542829,1.0,1.0,1.0,1.0,1.0
OraclePerfect_B20,JILONG_EI_0139,750,567.0641479492188,0.7364190944741158,1.0,1.0,1.0,1.0,1.0
OraclePerfect_B20,JILONG_EI_0139,760,570.5265502929688,0.7325284109732478,1.0,1.0,1.0,1.0,1.0
OraclePerfect_B20,JILONG_EI_0139,770,574.5350341796875,0.7305116008365246,1.0,1.0,1.0,1.0,1.0
OraclePerfect_B20,JILONG_EI_0139,780,577.8026123046875,0.7281629828712848,1.0,1.0,1.0,1.0,1.0
OraclePerfect_B20,JILONG_EI_0139,790,583.259521484375,0.7240442525445052,1.0,1.0,1.0,1.0,1.0
OraclePerfect_B20,JILONG_EI_0139,800,586.58154296875,0.7219307966765615,1.0,1.0,1.0,1.0,1.0
OraclePerfect_B20,JILONG_EI_0139,810,592.5493774414062,0.7182098626027421,1.0,1.0,1.0,1.0,1.0
OraclePerfect_B20,JILONG_EI_0139,820,595.72705078125,0.7156313647613,1.0,1.0,1.0,1.0,1.0
OraclePerfect_B20,JILONG_EI_0139,830,600.034912109375,0.7112255223635698,1.0,1.0,1.0,1.0,1.0
OraclePerfect_B20,JILONG_EI_0139,840,603.346923828125,0.7083011099868964,1.0,1.0,1.0,1.0,1.0
OraclePerfect_B20,JILONG_EI_0139,850,609.274658203125,0.7023699186749119,1.0,1.0,1.0,1.0,1.0
OraclePerfect_B20,JILONG_EI_0139,860,614.1564331054688,0.698383634378165,1.0,1.0,1.0,1.0,1.0
OraclePerfect_B20,JILONG_EI_0139,870,618.1661376953125,0.6932401878386514,1.0,1.0,1.0,1.0,1.0
OraclePerfect_B20,JILONG_EI_0139,880,622.5759887695312,0.6881737278106453,1.0,1.0,1.0,1.0,1.0
OraclePerfect_B20,JILONG_EI_0139,890,626.9976806640625,0.6826580303797772,1.0,1.0,1.0,1.0,1.0
OraclePerfect_B20,JILONG_EI_0139,900,630.6947021484375,0.6780117603177713,1.0,1.0,1.0,1.0,1.0
OraclePerfect_B20,JILONG_EI_0139,910,636.319091796875,0.6741486456565908,1.0,1.0,1.0,1.0,1.0
OraclePerfect_B20,JILONG_EI_0139,920,638.6710205078125,0.6682371181850836,1.0,1.0,1.0,1.0,1.0
OraclePerfect_B20,JILONG_EI_0139,930,642.9263916015625,0.6610450983640129,1.0,1.0,1.0,1.0,1.0
OraclePerfect_B20,JILONG_EI_0139,940,647.1366577148438,0.6560112748641552,1.0,1.0,1.0,1.0,1.0
OraclePerfect_B20,JILONG_EI_0139,950,653.0022583007812,0.650892114926981,1.0,1.0,1.0,1.0,1.0
OraclePerfect_B20,JILONG_EI_0139,960,658.2237548828125,0.6455822815447456,1.0,1.0,1.0,1.0,1.0
OraclePerfect_B20,JILONG_EI_0139,970,661.817138671875,0.6426090158812835,1.0,1.0,1.0,1.0,1.0
OraclePerfect_B20,JILONG_EI_0139,980,664.5603637695312,0.6384795174302317,1.0,1.0,1.0,1.0,1.0
OraclePerfect_B20,JILONG_EI_0139,990,668.5439453125,0.6345544299701522,1.0,1.0,1.0,1.0,1.0
OraclePerfect_B20,JILONG_EI_0139,1000,672.916748046875,0.6298547965617379,1.0,1.0,1.0,1.0,1.0
OraclePerfect_B20,JILONG_EI_0139,1010,677.1697998046875,0.6262541842759772,1.0,1.0,1.0,1.0,1.0
OraclePerfect_B20,JILONG_EI_0139,1020,680.4215087890625,0.6225935290088941,1.0,1.0,1.0,1.0,1.0
OraclePerfect_B20,JILONG_EI_0139,1030,683.6763916015625,0.6193459930871728,1.0,1.0,1.0,1.0,1.0
OraclePerfect_B20,JILONG_EI_0139,1040,687.6677856445312,0.6156825266566421,1.0,1.0,1.0,1.0,1.0
OraclePerfect_B20,JILONG_EI_0139,1050,691.504638671875,0.6101178732175605,1.0,1.0,1.0,1.0,1.0
OraclePerfect_B20,JILONG_EI_0139,1060,693.93408203125,0.6054611759417757,1.0,1.0,1.0,1.0,1.0
OraclePerfect_B20,JILONG_EI_0139,1070,694.4473876953125,0.6017568873083593,1.0,1.0,1.0,1.0,1.0
OraclePerfect_B20,JILONG_EI_0139,1080,696.647705078125,0.5981028669212547,1.0,1.0,1.0,1.0,1.0
OraclePerfect_B20,JILONG_EI_0139,1090,700.080078125,0.594661955859539,1.0,1.0,1.0,1.0,1.0
OraclePerfect_B20,JILONG_EI_0139,1100,703.3976440429688,0.5914995998449263,1.0,1.0,1.0,1.0,1.0
OraclePerfect_B20,JILONG_EI_0139,1110,706.9620361328125,0.5866288115174847,1.0,1.0,1.0,1.0,1.0
OraclePerfect_B20,JILONG_EI_0139,1120,710.7088012695312,0.5839573382861224,1.0,1.0,1.0,1.0,1.0
OraclePerfect_B20,JILONG_EI_0139,1130,714.6094970703125,0.5813755503648707,1.0,1.0,1.0,1.0,1.0
OraclePerfect_B20,JILONG_EI_0139,1140,718.98876953125,0.5769509288167899,1.0,1.0,1.0,1.0,1.0
OraclePerfect_B20,JILONG_EI_0139,1150,721.3772583007812,0.5744471218856336,1.0,1.0,1.0,1.0,1.0
OraclePerfect_B20,JILONG_EI_0139,1160,722.1768188476562,0.5717368946270551,1.0,1.0,1.0,1.0,1.0
OraclePerfect_B20,JILONG_EI_0139,1170,724.7651977539062,0.5701901759464382,1.0,1.0,1.0,1.0,1.0
OraclePerfect_B20,JILONG_EI_0139,1180,726.26953125,0.5680266661373083,1.0,1.0,1.0,1.0,1.0
OraclePerfect_B20,JILONG_EI_0139,1190,729.4388427734375,0.5669565786219217,1.0,1.0,1.0,1.0,1.0
OraclePerfect_B20,JILONG_EI_0139,1200,731.781982421875,0.5637698340943996,1.0,1.0,1.0,1.0,1.0
OraclePerfect_B20,JILONG_EI_0139,1210,732.8109130859375,0.5598421076792377,1.0,1.0,1.0,1.0,1.0
OraclePerfect_B20,JILONG_EI_0139,1220,734.6871337890625,0.5573885100769311,1.0,1.0,1.0,1.0,1.0
OraclePerfect_B20,JILONG_EI_0139,1230,738.03076171875,0.5553374333899991,1.0,1.0,1.0,1.0,1.0
OraclePerfect_B20,JILONG_EI_0139,1240,736.5896606445312,0.5492554458159392,1.0,1.0,1.0,1.0,1.0
OraclePerfect_B20,JILONG_EI_0139,1250,736.5227661132812,0.5450029317019354,1.0,1.0,1.0,1.0,1.0
OraclePerfect_B20,JILONG_EI_0139,1260,739.0206909179688,0.5431737485052572,1.0,1.0,1.0,1.0,1.0
OraclePerfect_B20,JILONG_EI_0139,1270,739.4683837890625,0.5385638249896587,1.0,1.0,1.0,1.0,1.0
OraclePerfect_B20,JILONG_EI_0139,1280,742.5479736328125,0.5366402858979499,1.0,1.0,1.0,1.0,1.0
OraclePerfect_B20,JILONG_EI_0139,1290,744.4036865234375,0.5347497650200752,1.0,1.0,1.0,1.0,1.0
OraclePerfect_B20,JILONG_EI_0139,1300,744.201416015625,0.5287436346269861,1.0,1.0,1.0,1.0,1.0
OraclePerfect_B20,JILONG_EI_0139,1310,744.270263671875,0.5229298412334709,1.0,1.0,1.0,1.0,1.0
OraclePerfect_B20,JILONG_EI_0139,1320,748.1677856445312,0.5210102955441682,1.0,1.0,1.0,1.0,1.0
OraclePerfect_B20,JILONG_EI_0139,1330,748.7672729492188,0.5160169559832184,1.0,1.0,1.0,1.0,1.0
OraclePerfect_B20,JILONG_EI_0139,1340,752.5223999023438,0.5133081753543989,1.0,1.0,1.0,1.0,1.0
OraclePerfect_B20,JILONG_EI_0139,1350,755.051025390625,0.5091508598922933,1.0,1.0,1.0,1.0,1.0
OraclePerfect_B20,JILONG_EI_0139,1360,758.1705322265625,0.5054405479637946,1.0,1.0,1.0,1.0,1.0
OraclePerfect_B20,JILONG_EI_0139,1370,760.2496337890625,0.4996426926152365,1.0,1.0,1.0,1.0,1.0
OraclePerfect_B20,JILONG_EI_0139,1380,763.7667236328125,0.4947514414701353,1.0,1.0,1.0,1.0,1.0
OraclePerfect_B20,JILONG_EI_0139,1390,768.13232421875,0.4910460174937105,1.0,1.0,1.0,1.0,1.0
OraclePerfect_B20,JILONG_EI_0139,1400,771.5904541015625,0.48608329314292437,1.0,1.0,1.0,1.0,1.0
OraclePerfect_B20,JILONG_EI_0139,1410,776.2891845703125,0.4825636366732612,1.0,1.0,1.0,1.0,1.0
OraclePerfect_B20,JILONG_EI_0139,1420,780.931640625,0.4783825993477781,1.0,1.0,1.0,1.0,1.0
OraclePerfect_B20,JILONG_EI_0139,1430,785.4840087890625,0.4746935790214645,1.0,1.0,1.0,1.0,1.0
OraclePerfect_B20,JILONG_EI_0139,1440,789.2823486328125,0.4697416659779623,1.0,1.0,1.0,1.0,1.0
OraclePerfect_B20,JILONG_EI_0149,10,19.4194393157959,0.9898398675621607,1.0,1.0,1.0,1.0,1.0
OraclePerfect_B20,JILONG_EI_0149,20,35.86362075805664,0.9965230278032018,1.0,1.0,1.0,1.0,1.0
OraclePerfect_B20,JILONG_EI_0149,30,65.25142669677734,0.9975549739591816,1.0,1.0,1.0,1.0,1.0
OraclePerfect_B20,JILONG_EI_0149,40,154.63204956054688,0.9934107098986836,1.0,1.0,1.0,1.0,1.0
OraclePerfect_B20,JILONG_EI_0149,50,214.01368713378906,0.9148913060391921,1.0,1.0,1.0,1.0,1.0
OraclePerfect_B20,JILONG_EI_0149,60,258.5029296875,0.8887266773809173,1.0,1.0,1.0,1.0,1.0
OraclePerfect_B20,JILONG_EI_0149,70,322.2374267578125,0.8602143583040512,1.0,1.0,1.0,1.0,1.0
OraclePerfect_B20,JILONG_EI_0149,80,375.76641845703125,0.8077820892349901,1.0,1.0,1.0,1.0,1.0
OraclePerfect_B20,JILONG_EI_0149,90,410.8479309082031,0.7447559716973423,1.0,1.0,1.0,1.0,1.0
OraclePerfect_B20,JILONG_EI_0149,100,400.7992858886719,0.7959241824119804,1.0,1.0,1.0,1.0,1.0
OraclePerfect_B20,JILONG_EI_0149,110,414.6772155761719,0.8177268383790075,1.0,1.0,1.0,1.0,1.0
OraclePerfect_B20,JILONG_EI_0149,120,435.08514404296875,0.8327753222644657,1.0,1.0,1.0,1.0,1.0
OraclePerfect_B20,JILONG_EI_0149,130,467.04278564453125,0.8040008977331968,1.0,1.0,1.0,1.0,1.0
OraclePerfect_B20,JILONG_EI_0149,140,425.4952697753906,0.7633849406142973,1.0,1.0,1.0,1.0,1.0
OraclePerfect_B20,JILONG_EI_0149,150,404.3992919921875,0.8068276640147273,1.0,1.0,1.0,1.0,1.0
OraclePerfect_B20,JILONG_EI_0149,160,362.76898193359375,0.8165150559879726,1.0,1.0,1.0,1.0,1.0
OraclePerfect_B20,JILONG_EI_0149,170,363.1893310546875,0.8178952348880654,1.0,1.0,1.0,1.0,1.0
OraclePerfect_B20,JILONG_EI_0149,180,352.21771240234375,0.8163650730949216,1.0,1.0,1.0,1.0,1.0
OraclePerfect_B20,JILONG_EI_0149,190,332.0283508300781,0.8014658988955955,1.0,1.0,1.0,1.0,1.0
OraclePerfect_B20,JILONG_EI_0149,200,340.5599365234375,0.7198431644232345,1.0,1.0,1.0,1.0,1.0
OraclePerfect_B20,JILONG_EI_0149,210,346.2337341308594,0.709657784917668,1.0,1.0,1.0,1.0,1.0
OraclePerfect_B20,JILONG_EI_0149,220,337.3783264160156,0.7165495785850424,1.0,1.0,1.0,1.0,1.0
OraclePerfect_B20,JILONG_EI_0149,230,353.7616882324219,0.7307420207544135,1.0,1.0,1.0,1.0,1.0
OraclePerfect_B20,JILONG_EI_0149,240,365.1082763671875,0.732183901052357,1.0,1.0,1.0,1.0,1.0
OraclePerfect_B20,JILONG_EI_0149,250,346.3426513671875,0.7778695378332822,1.0,1.0,1.0,1.0,1.0
OraclePerfect_B20,JILONG_EI_0149,260,363.2010803222656,0.8026142282555144,1.0,1.0,1.0,1.0,1.0
OraclePerfect_B20,JILONG_EI_0149,270,385.50921630859375,0.8279000751268626,1.0,1.0,1.0,1.0,1.0
OraclePerfect_B20,JILONG_EI_0149,280,406.0323486328125,0.8600417413713772,1.0,1.0,1.0,1.0,1.0
OraclePerfect_B20,JILONG_EI_0149,290,434.13995361328125,0.8785862380582188,1.0,1.0,1.0,1.0,1.0
OraclePerfect_B20,JILONG_EI_0149,300,462.26715087890625,0.8934774292191983,1.0,1.0,1.0,1.0,1.0
OraclePerfect_B20,JILONG_EI_0149,310,490.3879699707031,0.9048986109899027,1.0,1.0,1.0,1.0,1.0
OraclePerfect_B20,JILONG_EI_0149,320,525.0928955078125,0.9093556725966999,1.0,1.0,1.0,1.0,1.0
OraclePerfect_B20,JILONG_EI_0149,330,547.9613647460938,0.9120867261332992,1.0,1.0,1.0,1.0,1.0
OraclePerfect_B20,JILONG_EI_0149,340,573.39208984375,0.9181219744869741,1.0,1.0,1.0,1.0,1.0
OraclePerfect_B20,JILONG_EI_0149,350,586.9911499023438,0.9235953420638151,1.0,1.0,1.0,1.0,1.0
OraclePerfect_B20,JILONG_EI_0149,360,597.0692138671875,0.9207200894907984,1.0,1.0,1.0,1.0,1.0
OraclePerfect_B20,JILONG_EI_0149,370,605.4918823242188,0.8983378812406407,1.0,1.0,1.0,1.0,1.0
OraclePerfect_B20,JILONG_EI_0149,380,613.9461669921875,0.8661439454629287,1.0,1.0,1.0,1.0,1.0
OraclePerfect_B20,JILONG_EI_0149,390,622.8305053710938,0.8243404721312932,1.0,1.0,1.0,1.0,1.0
OraclePerfect_B20,JILONG_EI_0149,400,631.3964233398438,0.7849226309602801,1.0,1.0,1.0,1.0,1.0
OraclePerfect_B20,JILONG_EI_0149,410,641.0868530273438,0.7448458612155836,1.0,1.0,1.0,1.0,1.0
OraclePerfect_B20,JILONG_EI_0149,420,646.2339477539062,0.7168916067180049,1.0,1.0,1.0,1.0,1.0
OraclePerfect_B20,JILONG_EI_0149,430,648.96923828125,0.7168010075091368,1.0,1.0,1.0,1.0,1.0
OraclePerfect_B20,JILONG_EI_0149,440,643.6256103515625,0.7148264418547811,1.0,1.0,1.0,1.0,1.0
OraclePerfect_B20,JILONG_EI_0149,450,642.4142456054688,0.7076038569366349,1.0,1.0,1.0,1.0,1.0
OraclePerfect_B20,JILONG_EI_0149,460,639.5308837890625,0.7052249643556263,1.0,1.0,1.0,1.0,1.0
OraclePerfect_B20,JILONG_EI_0149,470,629.4913330078125,0.7121077624447343,1.0,1.0,1.0,1.0,1.0
OraclePerfect_B20,JILONG_EI_0149,480,621.1466064453125,0.7191874225466347,1.0,1.0,1.0,1.0,1.0
OraclePerfect_B20,JILONG_EI_0149,490,614.3909912109375,0.725433372605943,1.0,1.0,1.0,1.0,1.0
OraclePerfect_B20,JILONG_EI_0149,500,609.1632080078125,0.7296709368886947,1.0,1.0,1.0,1.0,1.0
OraclePerfect_B20,JILONG_EI_0149,510,608.818115234375,0.7350029631445394,1.0,1.0,1.0,1.0,1.0
OraclePerfect_B20,JILONG_EI_0149,520,603.4893798828125,0.7385930421256947,1.0,1.0,1.0,1.0,1.0
OraclePerfect_B20,JILONG_EI_0149,530,599.7041015625,0.7400630012112464,1.0,1.0,1.0,1.0,1.0
OraclePerfect_B20,JILONG_EI_0149,540,598.1935424804688,0.7414687583239306,1.0,1.0,1.0,1.0,1.0
OraclePerfect_B20,JILONG_EI_0149,550,598.308837890625,0.74394506316202,1.0,1.0,1.0,1.0,1.0
OraclePerfect_B20,JILONG_EI_0149,560,601.089599609375,0.7425132910078005,1.0,1.0,1.0,1.0,1.0
OraclePerfect_B20,JILONG_EI_0149,570,600.0933837890625,0.7390679400516941,1.0,1.0,1.0,1.0,1.0
OraclePerfect_B20,JILONG_EI_0149,580,597.2664794921875,0.7359342456318088,1.0,1.0,1.0,1.0,1.0
OraclePerfect_B20,JILONG_EI_0149,590,594.8779907226562,0.733510374525621,1.0,1.0,1.0,1.0,1.0
OraclePerfect_B20,JILONG_EI_0149,600,595.7608642578125,0.7299082691107235,1.0,1.0,1.0,1.0,1.0
OraclePerfect_B20,JILONG_EI_0149,610,591.8079833984375,0.7271479547619825,1.0,1.0,1.0,1.0,1.0
OraclePerfect_B20,JILONG_EI_0149,620,588.084228515625,0.7256045534108216,1.0,1.0,1.0,1.0,1.0
OraclePerfect_B20,JILONG_EI_0149,630,588.473876953125,0.7206028613926355,1.0,1.0,1.0,1.0,1.0
OraclePerfect_B20,JILONG_EI_0149,640,590.5632934570312,0.7210817375305272,1.0,1.0,1.0,1.0,1.0
OraclePerfect_B20,JILONG_EI_0149,650,593.1448974609375,0.7207701437258203,1.0,1.0,1.0,1.0,1.0
OraclePerfect_B20,JILONG_EI_0149,660,596.16748046875,0.7219541560502246,1.0,1.0,1.0,1.0,1.0
OraclePerfect_B20,JILONG_EI_0149,670,598.3529052734375,0.7228915598254805,1.0,1.0,1.0,1.0,1.0
OraclePerfect_B20,JILONG_EI_0149,680,602.2720947265625,0.721334523024128,1.0,1.0,1.0,1.0,1.0
OraclePerfect_B20,JILONG_EI_0149,690,603.03076171875,0.7256726464287963,1.0,1.0,1.0,1.0,1.0
OraclePerfect_B20,JILONG_EI_0149,700,601.6553344726562,0.7289107749952606,1.0,1.0,1.0,1.0,1.0
OraclePerfect_B20,JILONG_EI_0149,710,602.2183837890625,0.7288804309952159,1.0,1.0,1.0,1.0,1.0
OraclePerfect_B20,JILONG_EI_0149,720,606.664794921875,0.7289794155299212,1.0,1.0,1.0,1.0,1.0
OraclePerfect_B20,JILONG_EI_0149,730,612.7448120117188,0.7265267400851203,1.0,1.0,1.0,1.0,1.0
OraclePerfect_B20,JILONG_EI_0149,740,616.6870727539062,0.7245325126573202,1.0,1.0,1.0,1.0,1.0
OraclePerfect_B20,JILONG_EI_0149,750,623.8365478515625,0.7197790038929682,1.0,1.0,1.0,1.0,1.0
OraclePerfect_B20,JILONG_EI_0149,760,629.4154052734375,0.7181827275526523,1.0,1.0,1.0,1.0,1.0
OraclePerfect_B20,JILONG_EI_0149,770,634.6322021484375,0.7164590427010201,1.0,1.0,1.0,1.0,1.0
OraclePerfect_B20,JILONG_EI_0149,780,639.9461669921875,0.7119975807344685,1.0,1.0,1.0,1.0,1.0
OraclePerfect_B20,JILONG_EI_0149,790,645.1163330078125,0.7076199410111198,1.0,1.0,1.0,1.0,1.0
OraclePerfect_B20,JILONG_EI_0149,800,650.369384765625,0.7057107164058651,1.0,1.0,1.0,1.0,1.0
OraclePerfect_B20,JILONG_EI_0149,810,654.1416015625,0.7035491629723922,1.0,1.0,1.0,1.0,1.0
OraclePerfect_B20,JILONG_EI_0149,820,659.0999145507812,0.701648020550031,1.0,1.0,1.0,1.0,1.0
OraclePerfect_B20,JILONG_EI_0149,830,664.8416137695312,0.697290354632752,1.0,1.0,1.0,1.0,1.0
OraclePerfect_B20,JILONG_EI_0149,840,670.4483642578125,0.6945513195823233,1.0,1.0,1.0,1.0,1.0
OraclePerfect_B20,JILONG_EI_0149,850,674.1651000976562,0.691445375532061,1.0,1.0,1.0,1.0,1.0
OraclePerfect_B20,JILONG_EI_0149,860,677.594482421875,0.6859604316015678,1.0,1.0,1.0,1.0,1.0
OraclePerfect_B20,JILONG_EI_0149,870,682.119140625,0.6834234140719855,1.0,1.0,1.0,1.0,1.0
OraclePerfect_B20,JILONG_EI_0149,880,688.597412109375,0.6787837073000851,1.0,1.0,1.0,1.0,1.0
OraclePerfect_B20,JILONG_EI_0149,890,692.9749755859375,0.6772889689840734,1.0,1.0,1.0,1.0,1.0
OraclePerfect_B20,JILONG_EI_0149,900,698.0347900390625,0.6731832288459816,1.0,1.0,1.0,1.0,1.0
OraclePerfect_B20,JILONG_EI_0149,910,702.040771484375,0.6731044400649242,1.0,1.0,1.0,1.0,1.0
OraclePerfect_B20,JILONG_EI_0149,920,707.4110717773438,0.6715263320173216,1.0,1.0,1.0,1.0,1.0
OraclePerfect_B20,JILONG_EI_0149,930,710.0443115234375,0.6722290368858549,1.0,1.0,1.0,1.0,1.0
OraclePerfect_B20,JILONG_EI_0149,940,713.20361328125,0.6701363371685375,1.0,1.0,1.0,1.0,1.0
OraclePerfect_B20,JILONG_EI_0149,950,718.3428955078125,0.6664619755205423,1.0,1.0,1.0,1.0,1.0
OraclePerfect_B20,JILONG_EI_0149,960,726.02490234375,0.6598654572468456,1.0,1.0,1.0,1.0,1.0
OraclePerfect_B20,JILONG_EI_0149,970,728.9063720703125,0.6575544730768805,1.0,1.0,1.0,1.0,1.0
OraclePerfect_B20,JILONG_EI_0149,980,730.6372680664062,0.6547037706791647,1.0,1.0,1.0,1.0,1.0
OraclePerfect_B20,JILONG_EI_0149,990,736.89208984375,0.6494324983689042,1.0,1.0,1.0,1.0,1.0
OraclePerfect_B20,JILONG_EI_0149,1000,740.9993896484375,0.6391730765788669,1.0,1.0,1.0,1.0,1.0
OraclePerfect_B20,JILONG_EI_0149,1010,744.742919921875,0.6337924985497196,1.0,1.0,1.0,1.0,1.0
OraclePerfect_B20,JILONG_EI_0149,1020,749.017333984375,0.6287384443905184,1.0,1.0,1.0,1.0,1.0
OraclePerfect_B20,JILONG_EI_0149,1030,753.9109497070312,0.6240679613250895,1.0,1.0,1.0,1.0,1.0
OraclePerfect_B20,JILONG_EI_0149,1040,756.8580322265625,0.6186621862899822,1.0,1.0,1.0,1.0,1.0
OraclePerfect_B20,JILONG_EI_0149,1050,762.0848999023438,0.6134161665817061,1.0,1.0,1.0,1.0,1.0
OraclePerfect_B20,JILONG_EI_0149,1060,766.7332763671875,0.608637414911146,1.0,1.0,1.0,1.0,1.0
OraclePerfect_B20,JILONG_EI_0149,1070,769.483642578125,0.6006232815760022,1.0,1.0,1.0,1.0,1.0
OraclePerfect_B20,JILONG_EI_0149,1080,773.3170166015625,0.595745770825194,1.0,1.0,1.0,1.0,1.0
OraclePerfect_B20,JILONG_EI_0149,1090,777.8506469726562,0.5915793545843477,1.0,1.0,1.0,1.0,1.0
OraclePerfect_B20,JILONG_EI_0149,1100,780.7889404296875,0.5858603375663418,1.0,1.0,1.0,1.0,1.0
OraclePerfect_B20,JILONG_EI_0149,1110,785.5216064453125,0.5809211444036328,1.0,1.0,1.0,1.0,1.0
OraclePerfect_B20,JILONG_EI_0149,1120,789.2779541015625,0.5773987676298389,1.0,1.0,1.0,1.0,1.0
OraclePerfect_B20,JILONG_EI_0149,1130,793.6019287109375,0.5741701178492382,1.0,1.0,1.0,1.0,1.0
OraclePerfect_B20,JILONG_EI_0149,1140,797.4364013671875,0.5688357020316946,1.0,1.0,1.0,1.0,1.0
OraclePerfect_B20,JILONG_EI_0149,1150,801.0467529296875,0.5655685996671516,1.0,1.0,1.0,1.0,1.0
OraclePerfect_B20,JILONG_EI_0149,1160,804.392578125,0.5619967041422798,1.0,1.0,1.0,1.0,1.0
OraclePerfect_B20,JILONG_EI_0149,1170,808.4825439453125,0.5598634554839005,1.0,1.0,1.0,1.0,1.0
OraclePerfect_B20,JILONG_EI_0149,1180,810.1126708984375,0.5555615493144354,1.0,1.0,1.0,1.0,1.0
OraclePerfect_B20,JILONG_EI_0149,1190,815.40478515625,0.5523436890828634,1.0,1.0,1.0,1.0,1.0
OraclePerfect_B20,JILONG_EI_0149,1200,818.4178466796875,0.546808684655204,1.0,1.0,1.0,1.0,1.0
OraclePerfect_B20,JILONG_EI_0149,1210,815.3057861328125,0.5391490796439703,1.0,1.0,1.0,1.0,1.0
OraclePerfect_B20,JILONG_EI_0149,1220,819.8815307617188,0.5372944019466792,1.0,1.0,1.0,1.0,1.0
OraclePerfect_B20,JILONG_EI_0149,1230,822.86328125,0.533419844192962,1.0,1.0,1.0,1.0,1.0
OraclePerfect_B20,JILONG_EI_0149,1240,825.0037841796875,0.5304124274606434,1.0,1.0,1.0,1.0,1.0
OraclePerfect_B20,JILONG_EI_0149,1250,824.3505859375,0.5247123254365113,1.0,1.0,1.0,1.0,1.0
OraclePerfect_B20,JILONG_EI_0149,1260,825.410888671875,0.5224741518288052,1.0,1.0,1.0,1.0,1.0
OraclePerfect_B20,JILONG_EI_0149,1270,828.35986328125,0.5215554823772389,1.0,1.0,1.0,1.0,1.0
OraclePerfect_B20,JILONG_EI_0149,1280,832.5452880859375,0.5203068405972201,1.0,1.0,1.0,1.0,1.0
OraclePerfect_B20,JILONG_EI_0149,1290,834.6696166992188,0.5201776413806636,1.0,1.0,1.0,1.0,1.0
OraclePerfect_B20,JILONG_EI_0149,1300,837.7796630859375,0.5181789078814818,1.0,1.0,1.0,1.0,1.0
OraclePerfect_B20,JILONG_EI_0149,1310,838.5274047851562,0.5151945253252711,1.0,1.0,1.0,1.0,1.0
OraclePerfect_B20,JILONG_EI_0149,1320,842.8968505859375,0.5140156012641632,1.0,1.0,1.0,1.0,1.0
OraclePerfect_B20,JILONG_EI_0149,1330,846.721435546875,0.5126923526080784,1.0,1.0,1.0,1.0,1.0
OraclePerfect_B20,JILONG_EI_0149,1340,847.5136108398438,0.5109728974734876,1.0,1.0,1.0,1.0,1.0
OraclePerfect_B20,JILONG_EI_0149,1350,849.5640869140625,0.5071129613744961,1.0,1.0,1.0,1.0,1.0
OraclePerfect_B20,JILONG_EI_0149,1360,851.5528564453125,0.5034110029871235,1.0,1.0,1.0,1.0,1.0
OraclePerfect_B20,JILONG_EI_0149,1370,855.59326171875,0.5018081621124559,1.0,1.0,1.0,1.0,1.0
OraclePerfect_B20,JILONG_EI_0149,1380,860.0546875,0.4999863941240463,1.0,1.0,1.0,1.0,1.0
OraclePerfect_B20,JILONG_EI_0149,1390,864.130615234375,0.4981173249236125,1.0,1.0,1.0,1.0,1.0
OraclePerfect_B20,JILONG_EI_0149,1400,868.6038818359375,0.49638980782927994,1.0,1.0,1.0,1.0,1.0
OraclePerfect_B20,JILONG_EI_0149,1410,874.3035888671875,0.49468653047157035,1.0,1.0,1.0,1.0,1.0
OraclePerfect_B20,JILONG_EI_0149,1420,875.3502197265625,0.49360188042992975,1.0,1.0,1.0,1.0,1.0
OraclePerfect_B20,JILONG_EI_0149,1430,877.1785278320312,0.48975427668209864,1.0,1.0,1.0,1.0,1.0
OraclePerfect_B20,JILONG_EI_0149,1440,881.3939208984375,0.48802159735184153,1.0,1.0,1.0,1.0,1.0
OraclePerfect_B20,JILONG_EI_0159,10,20.278608322143555,0.9951625986344287,1.0,1.0,1.0,1.0,1.0
OraclePerfect_B20,JILONG_EI_0159,20,43.77727127075195,0.9982603793429928,1.0,1.0,1.0,1.0,1.0
OraclePerfect_B20,JILONG_EI_0159,30,92.55609130859375,0.998870594950248,1.0,1.0,1.0,1.0,1.0
OraclePerfect_B20,JILONG_EI_0159,40,173.64535522460938,0.999021422405282,1.0,1.0,1.0,1.0,1.0
OraclePerfect_B20,JILONG_EI_0159,50,228.7161407470703,0.9197225347382804,1.0,1.0,1.0,1.0,1.0
OraclePerfect_B20,JILONG_EI_0159,60,254.32359313964844,0.8757687306521929,1.0,1.0,1.0,1.0,1.0
OraclePerfect_B20,JILONG_EI_0159,70,300.52093505859375,0.8692913815234642,1.0,1.0,1.0,1.0,1.0
OraclePerfect_B20,JILONG_EI_0159,80,354.184814453125,0.7762805275251511,1.0,1.0,1.0,1.0,1.0
OraclePerfect_B20,JILONG_EI_0159,90,387.47137451171875,0.706979926696984,1.0,1.0,1.0,1.0,1.0
OraclePerfect_B20,JILONG_EI_0159,100,394.2479553222656,0.7381360543350239,1.0,1.0,1.0,1.0,1.0
OraclePerfect_B20,JILONG_EI_0159,110,368.99951171875,0.7942750890611218,1.0,1.0,1.0,1.0,1.0
OraclePerfect_B20,JILONG_EI_0159,120,380.7611083984375,0.8046364665645049,1.0,1.0,1.0,1.0,1.0
OraclePerfect_B20,JILONG_EI_0159,130,423.4831237792969,0.7763865562654164,1.0,1.0,1.0,1.0,1.0
OraclePerfect_B20,JILONG_EI_0159,140,387.1170654296875,0.7600044301533211,1.0,1.0,1.0,1.0,1.0
OraclePerfect_B20,JILONG_EI_0159,150,377.6748046875,0.7880558745451058,1.0,1.0,1.0,1.0,1.0
OraclePerfect_B20,JILONG_EI_0159,160,337.49945068359375,0.8070227717254831,1.0,1.0,1.0,1.0,1.0
OraclePerfect_B20,JILONG_EI_0159,170,340.95562744140625,0.7993409488908954,1.0,1.0,1.0,1.0,1.0
OraclePerfect_B20,JILONG_EI_0159,180,325.845947265625,0.806420720196711,1.0,1.0,1.0,1.0,1.0
OraclePerfect_B20,JILONG_EI_0159,190,317.769287109375,0.7965562158367849,1.0,1.0,1.0,1.0,1.0
OraclePerfect_B20,JILONG_EI_0159,200,322.35931396484375,0.7369300910185518,1.0,1.0,1.0,1.0,1.0
OraclePerfect_B20,JILONG_EI_0159,210,313.4187316894531,0.7402505782095683,1.0,1.0,1.0,1.0,1.0
OraclePerfect_B20,JILONG_EI_0159,220,317.12957763671875,0.7441537510227811,1.0,1.0,1.0,1.0,1.0
OraclePerfect_B20,JILONG_EI_0159,230,319.69183349609375,0.7466567620801885,1.0,1.0,1.0,1.0,1.0
OraclePerfect_B20,JILONG_EI_0159,240,341.22381591796875,0.7544522566528317,1.0,1.0,1.0,1.0,1.0
OraclePerfect_B20,JILONG_EI_0159,250,324.88323974609375,0.7581467073807613,1.0,1.0,1.0,1.0,1.0
OraclePerfect_B20,JILONG_EI_0159,260,330.2060546875,0.8075023663523633,1.0,1.0,1.0,1.0,1.0
OraclePerfect_B20,JILONG_EI_0159,270,356.75274658203125,0.8291976064111382,1.0,1.0,1.0,1.0,1.0
OraclePerfect_B20,JILONG_EI_0159,280,376.40252685546875,0.8567231436542515,1.0,1.0,1.0,1.0,1.0
OraclePerfect_B20,JILONG_EI_0159,290,403.96734619140625,0.8772114063337451,1.0,1.0,1.0,1.0,1.0
OraclePerfect_B20,JILONG_EI_0159,300,424.9848937988281,0.8919053519318216,1.0,1.0,1.0,1.0,1.0
OraclePerfect_B20,JILONG_EI_0159,310,446.10858154296875,0.9014164385595609,1.0,1.0,1.0,1.0,1.0
OraclePerfect_B20,JILONG_EI_0159,320,475.0072326660156,0.905948883974497,1.0,1.0,1.0,1.0,1.0
OraclePerfect_B20,JILONG_EI_0159,330,501.23895263671875,0.9135802260409507,1.0,1.0,1.0,1.0,1.0
OraclePerfect_B20,JILONG_EI_0159,340,522.687744140625,0.9180159560751076,1.0,1.0,1.0,1.0,1.0
OraclePerfect_B20,JILONG_EI_0159,350,538.2385864257812,0.9225379307055102,1.0,1.0,1.0,1.0,1.0
OraclePerfect_B20,JILONG_EI_0159,360,549.769775390625,0.9275552093552153,1.0,1.0,1.0,1.0,1.0
OraclePerfect_B20,JILONG_EI_0159,370,560.104248046875,0.911250536390804,1.0,1.0,1.0,1.0,1.0
OraclePerfect_B20,JILONG_EI_0159,380,568.463623046875,0.8722593188292995,1.0,1.0,1.0,1.0,1.0
OraclePerfect_B20,JILONG_EI_0159,390,574.3890991210938,0.8263909644879314,1.0,1.0,1.0,1.0,1.0
OraclePerfect_B20,JILONG_EI_0159,400,584.9537963867188,0.7778498828724778,1.0,1.0,1.0,1.0,1.0
OraclePerfect_B20,JILONG_EI_0159,410,588.3995361328125,0.7403601138644503,1.0,1.0,1.0,1.0,1.0
OraclePerfect_B20,JILONG_EI_0159,420,593.6854248046875,0.7353971419092192,1.0,1.0,1.0,1.0,1.0
OraclePerfect_B20,JILONG_EI_0159,430,598.091552734375,0.7382054802573856,1.0,1.0,1.0,1.0,1.0
OraclePerfect_B20,JILONG_EI_0159,440,595.6304931640625,0.737050213815812,1.0,1.0,1.0,1.0,1.0
OraclePerfect_B20,JILONG_EI_0159,450,592.3326416015625,0.730901959895704,1.0,1.0,1.0,1.0,1.0
OraclePerfect_B20,JILONG_EI_0159,460,592.2408447265625,0.7226027529385474,1.0,1.0,1.0,1.0,1.0
OraclePerfect_B20,JILONG_EI_0159,470,586.3909912109375,0.7137586195862525,1.0,1.0,1.0,1.0,1.0
OraclePerfect_B20,JILONG_EI_0159,480,576.7999267578125,0.7134508825904535,1.0,1.0,1.0,1.0,1.0
OraclePerfect_B20,JILONG_EI_0159,490,566.2357177734375,0.7247108530047933,1.0,1.0,1.0,1.0,1.0
OraclePerfect_B20,JILONG_EI_0159,500,564.8599853515625,0.7317415607504298,1.0,1.0,1.0,1.0,1.0
OraclePerfect_B20,JILONG_EI_0159,510,562.1693115234375,0.7378980738745017,1.0,1.0,1.0,1.0,1.0
OraclePerfect_B20,JILONG_EI_0159,520,560.8212890625,0.7437278021654337,1.0,1.0,1.0,1.0,1.0
OraclePerfect_B20,JILONG_EI_0159,530,561.0448608398438,0.7471340076171823,1.0,1.0,1.0,1.0,1.0
OraclePerfect_B20,JILONG_EI_0159,540,560.8587646484375,0.7516936163992683,1.0,1.0,1.0,1.0,1.0
OraclePerfect_B20,JILONG_EI_0159,550,560.859375,0.7531651182691539,1.0,1.0,1.0,1.0,1.0
OraclePerfect_B20,JILONG_EI_0159,560,558.3163452148438,0.7551900444901009,1.0,1.0,1.0,1.0,1.0
OraclePerfect_B20,JILONG_EI_0159,570,557.5652465820312,0.7530342113539445,1.0,1.0,1.0,1.0,1.0
OraclePerfect_B20,JILONG_EI_0159,580,558.081298828125,0.7497524849203796,1.0,1.0,1.0,1.0,1.0
OraclePerfect_B20,JILONG_EI_0159,590,558.8448486328125,0.7452512199622658,1.0,1.0,1.0,1.0,1.0
OraclePerfect_B20,JILONG_EI_0159,600,556.4671630859375,0.7410002597256333,1.0,1.0,1.0,1.0,1.0
OraclePerfect_B20,JILONG_EI_0159,610,558.3854370117188,0.7348441125077304,1.0,1.0,1.0,1.0,1.0
OraclePerfect_B20,JILONG_EI_0159,620,558.1312255859375,0.7314289445242369,1.0,1.0,1.0,1.0,1.0
OraclePerfect_B20,JILONG_EI_0159,630,555.9232177734375,0.730063583010903,1.0,1.0,1.0,1.0,1.0
OraclePerfect_B20,JILONG_EI_0159,640,556.6657104492188,0.7311551359327602,1.0,1.0,1.0,1.0,1.0
OraclePerfect_B20,JILONG_EI_0159,650,553.4182739257812,0.7310584292787506,1.0,1.0,1.0,1.0,1.0
OraclePerfect_B20,JILONG_EI_0159,660,549.5349731445312,0.7291415838443144,1.0,1.0,1.0,1.0,1.0
OraclePerfect_B20,JILONG_EI_0159,670,545.427490234375,0.7302253697982105,1.0,1.0,1.0,1.0,1.0
OraclePerfect_B20,JILONG_EI_0159,680,545.8677368164062,0.7299929737690697,1.0,1.0,1.0,1.0,1.0
OraclePerfect_B20,JILONG_EI_0159,690,545.3974609375,0.7313904282865755,1.0,1.0,1.0,1.0,1.0
OraclePerfect_B20,JILONG_EI_0159,700,547.9683837890625,0.7306723542446487,1.0,1.0,1.0,1.0,1.0
OraclePerfect_B20,JILONG_EI_0159,710,549.57177734375,0.7306030726385692,1.0,1.0,1.0,1.0,1.0
OraclePerfect_B20,JILONG_EI_0159,720,552.8099365234375,0.7319369091943568,1.0,1.0,1.0,1.0,1.0
OraclePerfect_B20,JILONG_EI_0159,730,554.5867309570312,0.7324754744843384,1.0,1.0,1.0,1.0,1.0
OraclePerfect_B20,JILONG_EI_0159,740,557.3468627929688,0.730321479061635,1.0,1.0,1.0,1.0,1.0
OraclePerfect_B20,JILONG_EI_0159,750,559.26220703125,0.7300670549954611,1.0,1.0,1.0,1.0,1.0
OraclePerfect_B20,JILONG_EI_0159,760,560.9125366210938,0.7279106659108604,1.0,1.0,1.0,1.0,1.0
OraclePerfect_B20,JILONG_EI_0159,770,563.6337890625,0.7249813792143686,1.0,1.0,1.0,1.0,1.0
OraclePerfect_B20,JILONG_EI_0159,780,564.8425903320312,0.7224240357487317,1.0,1.0,1.0,1.0,1.0
OraclePerfect_B20,JILONG_EI_0159,790,568.3863525390625,0.7194757476355668,1.0,1.0,1.0,1.0,1.0
OraclePerfect_B20,JILONG_EI_0159,800,572.6768188476562,0.7182065638201772,1.0,1.0,1.0,1.0,1.0
OraclePerfect_B20,JILONG_EI_0159,810,577.5648193359375,0.7163393470386128,1.0,1.0,1.0,1.0,1.0
OraclePerfect_B20,JILONG_EI_0159,820,580.1087646484375,0.7169942069830008,1.0,1.0,1.0,1.0,1.0
OraclePerfect_B20,JILONG_EI_0159,830,583.5384521484375,0.7172814634785343,1.0,1.0,1.0,1.0,1.0
OraclePerfect_B20,JILONG_EI_0159,840,585.5281982421875,0.7153739129573095,1.0,1.0,1.0,1.0,1.0
OraclePerfect_B20,JILONG_EI_0159,850,588.2763671875,0.7123327295045809,1.0,1.0,1.0,1.0,1.0
OraclePerfect_B20,JILONG_EI_0159,860,591.5185546875,0.7110841891839054,1.0,1.0,1.0,1.0,1.0
OraclePerfect_B20,JILONG_EI_0159,870,594.4359741210938,0.7090926280254392,1.0,1.0,1.0,1.0,1.0
OraclePerfect_B20,JILONG_EI_0159,880,596.8682861328125,0.7062780910149808,1.0,1.0,1.0,1.0,1.0
OraclePerfect_B20,JILONG_EI_0159,890,600.1460571289062,0.7019462580383777,1.0,1.0,1.0,1.0,1.0
OraclePerfect_B20,JILONG_EI_0159,900,602.7470092773438,0.695792133189397,1.0,1.0,1.0,1.0,1.0
OraclePerfect_B20,JILONG_EI_0159,910,606.85595703125,0.6916688803011861,1.0,1.0,1.0,1.0,1.0
OraclePerfect_B20,JILONG_EI_0159,920,611.2952880859375,0.6852699199972019,1.0,1.0,1.0,1.0,1.0
OraclePerfect_B20,JILONG_EI_0159,930,614.4029541015625,0.6786059037158697,1.0,1.0,1.0,1.0,1.0
OraclePerfect_B20,JILONG_EI_0159,940,619.243408203125,0.6717957058744563,1.0,1.0,1.0,1.0,1.0
OraclePerfect_B20,JILONG_EI_0159,950,623.7152099609375,0.6643525212675088,1.0,1.0,1.0,1.0,1.0
OraclePerfect_B20,JILONG_EI_0159,960,628.3097534179688,0.6570589059454492,1.0,1.0,1.0,1.0,1.0
OraclePerfect_B20,JILONG_EI_0159,970,631.936767578125,0.6527810750655711,1.0,1.0,1.0,1.0,1.0
OraclePerfect_B20,JILONG_EI_0159,980,635.2171630859375,0.6483285929419673,1.0,1.0,1.0,1.0,1.0
OraclePerfect_B20,JILONG_EI_0159,990,639.458740234375,0.6425855900269368,1.0,1.0,1.0,1.0,1.0
OraclePerfect_B20,JILONG_EI_0159,1000,642.9684448242188,0.6393740523292303,1.0,1.0,1.0,1.0,1.0
OraclePerfect_B20,JILONG_EI_0159,1010,644.379150390625,0.6334102924918943,1.0,1.0,1.0,1.0,1.0
OraclePerfect_B20,JILONG_EI_0159,1020,647.88232421875,0.6264477290891439,1.0,1.0,1.0,1.0,1.0
OraclePerfect_B20,JILONG_EI_0159,1030,650.7030029296875,0.621448051287874,1.0,1.0,1.0,1.0,1.0
OraclePerfect_B20,JILONG_EI_0159,1040,653.9764404296875,0.6172504763105094,1.0,1.0,1.0,1.0,1.0
OraclePerfect_B20,JILONG_EI_0159,1050,656.583984375,0.6124360552344259,1.0,1.0,1.0,1.0,1.0
OraclePerfect_B20,JILONG_EI_0159,1060,659.185791015625,0.6088611155301724,1.0,1.0,1.0,1.0,1.0
OraclePerfect_B20,JILONG_EI_0159,1070,663.2775268554688,0.603439078787537,1.0,1.0,1.0,1.0,1.0
OraclePerfect_B20,JILONG_EI_0159,1080,665.3892211914062,0.6005116181100708,1.0,1.0,1.0,1.0,1.0
OraclePerfect_B20,JILONG_EI_0159,1090,667.6895141601562,0.5947578736467429,1.0,1.0,1.0,1.0,1.0
OraclePerfect_B20,JILONG_EI_0159,1100,669.9129028320312,0.5899893705387284,1.0,1.0,1.0,1.0,1.0
OraclePerfect_B20,JILONG_EI_0159,1110,671.1793212890625,0.5840433599865771,1.0,1.0,1.0,1.0,1.0
OraclePerfect_B20,JILONG_EI_0159,1120,675.0924072265625,0.579559618274681,1.0,1.0,1.0,1.0,1.0
OraclePerfect_B20,JILONG_EI_0159,1130,679.1427001953125,0.5757064966605869,1.0,1.0,1.0,1.0,1.0
OraclePerfect_B20,JILONG_EI_0159,1140,683.2491455078125,0.5717749687283866,1.0,1.0,1.0,1.0,1.0
OraclePerfect_B20,JILONG_EI_0159,1150,686.99609375,0.5670370886409499,1.0,1.0,1.0,1.0,1.0
OraclePerfect_B20,JILONG_EI_0159,1160,689.7310791015625,0.5651271941908064,1.0,1.0,1.0,1.0,1.0
OraclePerfect_B20,JILONG_EI_0159,1170,693.864990234375,0.5626313312581942,1.0,1.0,1.0,1.0,1.0
OraclePerfect_B20,JILONG_EI_0159,1180,696.4121704101562,0.5605484045404502,1.0,1.0,1.0,1.0,1.0
OraclePerfect_B20,JILONG_EI_0159,1190,700.05517578125,0.5593690967400091,1.0,1.0,1.0,1.0,1.0
OraclePerfect_B20,JILONG_EI_0159,1200,702.8436279296875,0.5589981906851245,1.0,1.0,1.0,1.0,1.0
OraclePerfect_B20,JILONG_EI_0159,1210,705.7137451171875,0.5579222331947026,1.0,1.0,1.0,1.0,1.0
OraclePerfect_B20,JILONG_EI_0159,1220,708.3367309570312,0.5577046422800349,1.0,1.0,1.0,1.0,1.0
OraclePerfect_B20,JILONG_EI_0159,1230,710.6047973632812,0.5572026877860333,1.0,1.0,1.0,1.0,1.0
OraclePerfect_B20,JILONG_EI_0159,1240,712.7584228515625,0.5557144253788504,1.0,1.0,1.0,1.0,1.0
OraclePerfect_B20,JILONG_EI_0159,1250,713.4580688476562,0.5537270744320648,1.0,1.0,1.0,1.0,1.0
OraclePerfect_B20,JILONG_EI_0159,1260,715.4498291015625,0.5529704023141627,1.0,1.0,1.0,1.0,1.0
OraclePerfect_B20,JILONG_EI_0159,1270,716.8368530273438,0.5540754178216446,1.0,1.0,1.0,1.0,1.0
OraclePerfect_B20,JILONG_EI_0159,1280,718.802734375,0.5542129625561698,1.0,1.0,1.0,1.0,1.0
OraclePerfect_B20,JILONG_EI_0159,1290,720.4521484375,0.5529230846429947,1.0,1.0,1.0,1.0,1.0
OraclePerfect_B20,JILONG_EI_0159,1300,722.6683349609375,0.5518332536677196,1.0,1.0,1.0,1.0,1.0
OraclePerfect_B20,JILONG_EI_0159,1310,723.3765258789062,0.5490803182528303,1.0,1.0,1.0,1.0,1.0
OraclePerfect_B20,JILONG_EI_0159,1320,726.17529296875,0.5472330059522478,1.0,1.0,1.0,1.0,1.0
OraclePerfect_B20,JILONG_EI_0159,1330,728.519775390625,0.5454557486176359,1.0,1.0,1.0,1.0,1.0
OraclePerfect_B20,JILONG_EI_0159,1340,729.9315185546875,0.5425737132420809,1.0,1.0,1.0,1.0,1.0
OraclePerfect_B20,JILONG_EI_0159,1350,730.6592407226562,0.5395449193362809,1.0,1.0,1.0,1.0,1.0
OraclePerfect_B20,JILONG_EI_0159,1360,730.5556640625,0.5342512975481084,1.0,1.0,1.0,1.0,1.0
OraclePerfect_B20,JILONG_EI_0159,1370,731.5076904296875,0.5294588323133607,1.0,1.0,1.0,1.0,1.0
OraclePerfect_B20,JILONG_EI_0159,1380,734.6585693359375,0.5265819909410286,1.0,1.0,1.0,1.0,1.0
OraclePerfect_B20,JILONG_EI_0159,1390,738.428955078125,0.5232508474438636,1.0,1.0,1.0,1.0,1.0
OraclePerfect_B20,JILONG_EI_0159,1400,741.511962890625,0.5192312984049614,1.0,1.0,1.0,1.0,1.0
OraclePerfect_B20,JILONG_EI_0159,1410,742.294677734375,0.5140050282141863,1.0,1.0,1.0,1.0,1.0
OraclePerfect_B20,JILONG_EI_0159,1420,743.941162109375,0.508783504546919,1.0,1.0,1.0,1.0,1.0
OraclePerfect_B20,JILONG_EI_0159,1430,745.0753173828125,0.5035024573911427,1.0,1.0,1.0,1.0,1.0
OraclePerfect_B20,JILONG_EI_0159,1440,747.5609741210938,0.5004286222205929,1.0,1.0,1.0,1.0,1.0
OraclePerfect_B20,JILONG_EI_0169,10,23.765657424926758,0.9945939224252992,1.0,1.0,1.0,1.0,1.0
OraclePerfect_B20,JILONG_EI_0169,20,48.03572082519531,0.9979535294420128,1.0,1.0,1.0,1.0,1.0
OraclePerfect_B20,JILONG_EI_0169,30,109.98931121826172,0.9986979046876052,1.0,1.0,1.0,1.0,1.0
OraclePerfect_B20,JILONG_EI_0169,40,203.5415496826172,0.9956844369309553,1.0,1.0,1.0,1.0,1.0
OraclePerfect_B20,JILONG_EI_0169,50,260.25250244140625,0.9174037732613382,1.0,1.0,1.0,1.0,1.0
OraclePerfect_B20,JILONG_EI_0169,60,296.1025695800781,0.8875565032928501,1.0,1.0,1.0,1.0,1.0
OraclePerfect_B20,JILONG_EI_0169,70,355.40875244140625,0.8602340699354791,1.0,1.0,1.0,1.0,1.0
OraclePerfect_B20,JILONG_EI_0169,80,432.556640625,0.7944128528087202,1.0,1.0,1.0,1.0,1.0
OraclePerfect_B20,JILONG_EI_0169,90,446.37200927734375,0.7300607792436197,1.0,1.0,1.0,1.0,1.0
OraclePerfect_B20,JILONG_EI_0169,100,448.29534912109375,0.7624259063579162,1.0,1.0,1.0,1.0,1.0
OraclePerfect_B20,JILONG_EI_0169,110,448.0047607421875,0.8169066206725277,1.0,1.0,1.0,1.0,1.0
OraclePerfect_B20,JILONG_EI_0169,120,470.94720458984375,0.8405388307052464,1.0,1.0,1.0,1.0,1.0
OraclePerfect_B20,JILONG_EI_0169,130,552.6920166015625,0.8083496237124521,1.0,1.0,1.0,1.0,1.0
OraclePerfect_B20,JILONG_EI_0169,140,531.7994995117188,0.761414281467289,1.0,1.0,1.0,1.0,1.0
OraclePerfect_B20,JILONG_EI_0169,150,463.4976806640625,0.8050131880347466,1.0,1.0,1.0,1.0,1.0
OraclePerfect_B20,JILONG_EI_0169,160,419.4187927246094,0.8242708343811147,1.0,1.0,1.0,1.0,1.0
OraclePerfect_B20,JILONG_EI_0169,170,408.7328186035156,0.8262482324749634,1.0,1.0,1.0,1.0,1.0
OraclePerfect_B20,JILONG_EI_0169,180,390.0948181152344,0.8211096062795625,1.0,1.0,1.0,1.0,1.0
OraclePerfect_B20,JILONG_EI_0169,190,377.5627746582031,0.8157245720008355,1.0,1.0,1.0,1.0,1.0
OraclePerfect_B20,JILONG_EI_0169,200,375.4805908203125,0.7114022470676247,1.0,1.0,1.0,1.0,1.0
OraclePerfect_B20,JILONG_EI_0169,210,383.13153076171875,0.6931272101880699,1.0,1.0,1.0,1.0,1.0
OraclePerfect_B20,JILONG_EI_0169,220,382.15753173828125,0.7032847716271012,1.0,1.0,1.0,1.0,1.0
OraclePerfect_B20,JILONG_EI_0169,230,397.970703125,0.7187705422143651,1.0,1.0,1.0,1.0,1.0
OraclePerfect_B20,JILONG_EI_0169,240,408.3564758300781,0.7225520544847538,1.0,1.0,1.0,1.0,1.0
OraclePerfect_B20,JILONG_EI_0169,250,388.353759765625,0.7477182966138423,1.0,1.0,1.0,1.0,1.0
OraclePerfect_B20,JILONG_EI_0169,260,391.2183532714844,0.8003048538749693,1.0,1.0,1.0,1.0,1.0
OraclePerfect_B20,JILONG_EI_0169,270,423.32568359375,0.8266259588252779,1.0,1.0,1.0,1.0,1.0
OraclePerfect_B20,JILONG_EI_0169,280,447.89923095703125,0.8537271025772664,1.0,1.0,1.0,1.0,1.0
OraclePerfect_B20,JILONG_EI_0169,290,469.9686279296875,0.8761386510448019,1.0,1.0,1.0,1.0,1.0
OraclePerfect_B20,JILONG_EI_0169,300,495.58642578125,0.8902971400837412,1.0,1.0,1.0,1.0,1.0
OraclePerfect_B20,JILONG_EI_0169,310,524.9052124023438,0.8972038314201954,1.0,1.0,1.0,1.0,1.0
OraclePerfect_B20,JILONG_EI_0169,320,562.0327758789062,0.9025184103980811,1.0,1.0,1.0,1.0,1.0
OraclePerfect_B20,JILONG_EI_0169,330,594.0462646484375,0.9067562165455714,1.0,1.0,1.0,1.0,1.0
OraclePerfect_B20,JILONG_EI_0169,340,623.5833740234375,0.9088599490932832,1.0,1.0,1.0,1.0,1.0
OraclePerfect_B20,JILONG_EI_0169,350,642.931640625,0.9199670956626651,1.0,1.0,1.0,1.0,1.0
OraclePerfect_B20,JILONG_EI_0169,360,663.3775024414062,0.9191492006829672,1.0,1.0,1.0,1.0,1.0
OraclePerfect_B20,JILONG_EI_0169,370,674.6213989257812,0.9055846694591139,1.0,1.0,1.0,1.0,1.0
OraclePerfect_B20,JILONG_EI_0169,380,691.0181884765625,0.8719155839380557,1.0,1.0,1.0,1.0,1.0
OraclePerfect_B20,JILONG_EI_0169,390,700.6434936523438,0.835824142937508,1.0,1.0,1.0,1.0,1.0
OraclePerfect_B20,JILONG_EI_0169,400,717.250732421875,0.7918445807998126,1.0,1.0,1.0,1.0,1.0
OraclePerfect_B20,JILONG_EI_0169,410,726.9661865234375,0.7544550119755439,1.0,1.0,1.0,1.0,1.0
OraclePerfect_B20,JILONG_EI_0169,420,731.585693359375,0.7225064328902335,1.0,1.0,1.0,1.0,1.0
OraclePerfect_B20,JILONG_EI_0169,430,735.1720581054688,0.7243829279452377,1.0,1.0,1.0,1.0,1.0
OraclePerfect_B20,JILONG_EI_0169,440,734.8234252929688,0.7226565011471366,1.0,1.0,1.0,1.0,1.0
OraclePerfect_B20,JILONG_EI_0169,450,727.8684692382812,0.720722958226218,1.0,1.0,1.0,1.0,1.0
OraclePerfect_B20,JILONG_EI_0169,460,724.0340576171875,0.7161813771508355,1.0,1.0,1.0,1.0,1.0
OraclePerfect_B20,JILONG_EI_0169,470,717.4502563476562,0.7135804397938379,1.0,1.0,1.0,1.0,1.0
OraclePerfect_B20,JILONG_EI_0169,480,703.483642578125,0.7170734470668942,1.0,1.0,1.0,1.0,1.0
OraclePerfect_B20,JILONG_EI_0169,490,693.7137451171875,0.7194956988718533,1.0,1.0,1.0,1.0,1.0
OraclePerfect_B20,JILONG_EI_0169,500,689.8873291015625,0.7257702732168204,1.0,1.0,1.0,1.0,1.0
OraclePerfect_B20,JILONG_EI_0169,510,688.7109985351562,0.7286905114213634,1.0,1.0,1.0,1.0,1.0
OraclePerfect_B20,JILONG_EI_0169,520,688.6417236328125,0.7297977522931519,1.0,1.0,1.0,1.0,1.0
OraclePerfect_B20,JILONG_EI_0169,530,688.2445068359375,0.7323080380854676,1.0,1.0,1.0,1.0,1.0
OraclePerfect_B20,JILONG_EI_0169,540,693.2442626953125,0.7345051237934522,1.0,1.0,1.0,1.0,1.0
OraclePerfect_B20,JILONG_EI_0169,550,690.9932250976562,0.7349603852933273,1.0,1.0,1.0,1.0,1.0
OraclePerfect_B20,JILONG_EI_0169,560,693.953857421875,0.7352733839998534,1.0,1.0,1.0,1.0,1.0
OraclePerfect_B20,JILONG_EI_0169,570,690.9029541015625,0.7368273520865553,1.0,1.0,1.0,1.0,1.0
OraclePerfect_B20,JILONG_EI_0169,580,690.189208984375,0.7360322160044699,1.0,1.0,1.0,1.0,1.0
OraclePerfect_B20,JILONG_EI_0169,590,689.885009765625,0.7339731225605071,1.0,1.0,1.0,1.0,1.0
OraclePerfect_B20,JILONG_EI_0169,600,690.9861450195312,0.7310252965941488,1.0,1.0,1.0,1.0,1.0
OraclePerfect_B20,JILONG_EI_0169,610,691.8244018554688,0.7297840865115686,1.0,1.0,1.0,1.0,1.0
OraclePerfect_B20,JILONG_EI_0169,620,694.0015258789062,0.728492617729694,1.0,1.0,1.0,1.0,1.0
OraclePerfect_B20,JILONG_EI_0169,630,692.1439208984375,0.7303249540512835,1.0,1.0,1.0,1.0,1.0
OraclePerfect_B20,JILONG_EI_0169,640,693.8853149414062,0.7287513488875806,1.0,1.0,1.0,1.0,1.0
OraclePerfect_B20,JILONG_EI_0169,650,693.510986328125,0.7281436238104892,1.0,1.0,1.0,1.0,1.0
OraclePerfect_B20,JILONG_EI_0169,660,691.9485473632812,0.7290106838483509,1.0,1.0,1.0,1.0,1.0
OraclePerfect_B20,JILONG_EI_0169,670,692.366455078125,0.7311023827744484,1.0,1.0,1.0,1.0,1.0
OraclePerfect_B20,JILONG_EI_0169,680,692.531005859375,0.7317465243998854,1.0,1.0,1.0,1.0,1.0
OraclePerfect_B20,JILONG_EI_0169,690,691.889404296875,0.7315466225259377,1.0,1.0,1.0,1.0,1.0
OraclePerfect_B20,JILONG_EI_0169,700,693.00537109375,0.729657881531023,1.0,1.0,1.0,1.0,1.0
OraclePerfect_B20,JILONG_EI_0169,710,693.874755859375,0.730703279061037,1.0,1.0,1.0,1.0,1.0
OraclePerfect_B20,JILONG_EI_0169,720,695.984130859375,0.7303982195027148,1.0,1.0,1.0,1.0,1.0
OraclePerfect_B20,JILONG_EI_0169,730,696.97314453125,0.7289026390105492,1.0,1.0,1.0,1.0,1.0
OraclePerfect_B20,JILONG_EI_0169,740,697.9000244140625,0.7267033249105472,1.0,1.0,1.0,1.0,1.0
OraclePerfect_B20,JILONG_EI_0169,750,695.9199829101562,0.7250697980641692,1.0,1.0,1.0,1.0,1.0
OraclePerfect_B20,JILONG_EI_0169,760,696.4990234375,0.7236727537328651,1.0,1.0,1.0,1.0,1.0
OraclePerfect_B20,JILONG_EI_0169,770,695.553466796875,0.7229604172565873,1.0,1.0,1.0,1.0,1.0
OraclePerfect_B20,JILONG_EI_0169,780,696.1876220703125,0.7198424274168513,1.0,1.0,1.0,1.0,1.0
OraclePerfect_B20,JILONG_EI_0169,790,695.8115234375,0.7188941750252189,1.0,1.0,1.0,1.0,1.0
OraclePerfect_B20,JILONG_EI_0169,800,693.3233032226562,0.7158514833841372,1.0,1.0,1.0,1.0,1.0
OraclePerfect_B20,JILONG_EI_0169,810,693.9512939453125,0.714319758134433,1.0,1.0,1.0,1.0,1.0
OraclePerfect_B20,JILONG_EI_0169,820,692.904052734375,0.7120490265310339,1.0,1.0,1.0,1.0,1.0
OraclePerfect_B20,JILONG_EI_0169,830,694.466552734375,0.7119842536074082,1.0,1.0,1.0,1.0,1.0
OraclePerfect_B20,JILONG_EI_0169,840,696.6883544921875,0.7085005545561359,1.0,1.0,1.0,1.0,1.0
OraclePerfect_B20,JILONG_EI_0169,850,696.490478515625,0.7070964731664151,1.0,1.0,1.0,1.0,1.0
OraclePerfect_B20,JILONG_EI_0169,860,697.1180419921875,0.7048453688378639,1.0,1.0,1.0,1.0,1.0
OraclePerfect_B20,JILONG_EI_0169,870,698.9210205078125,0.7040768211718161,1.0,1.0,1.0,1.0,1.0
OraclePerfect_B20,JILONG_EI_0169,880,700.256591796875,0.6991134922985512,1.0,1.0,1.0,1.0,1.0
OraclePerfect_B20,JILONG_EI_0169,890,701.6104736328125,0.6940711368118612,1.0,1.0,1.0,1.0,1.0
OraclePerfect_B20,JILONG_EI_0169,900,702.9824829101562,0.6876896884852556,1.0,1.0,1.0,1.0,1.0
OraclePerfect_B20,JILONG_EI_0169,910,705.2354736328125,0.6832595483648617,1.0,1.0,1.0,1.0,1.0
OraclePerfect_B20,JILONG_EI_0169,920,707.609375,0.6761677081316535,1.0,1.0,1.0,1.0,1.0
OraclePerfect_B20,JILONG_EI_0169,930,710.878662109375,0.6693837255083547,1.0,1.0,1.0,1.0,1.0
OraclePerfect_B20,JILONG_EI_0169,940,713.958251953125,0.6629988031745067,1.0,1.0,1.0,1.0,1.0
OraclePerfect_B20,JILONG_EI_0169,950,716.025634765625,0.6578277904415862,1.0,1.0,1.0,1.0,1.0
OraclePerfect_B20,JILONG_EI_0169,960,719.8377685546875,0.6506380586557541,1.0,1.0,1.0,1.0,1.0
OraclePerfect_B20,JILONG_EI_0169,970,721.4201049804688,0.6479692616143088,1.0,1.0,1.0,1.0,1.0
OraclePerfect_B20,JILONG_EI_0169,980,724.2554931640625,0.6440540929246346,1.0,1.0,1.0,1.0,1.0
OraclePerfect_B20,JILONG_EI_0169,990,728.2553100585938,0.6383723825997586,1.0,1.0,1.0,1.0,1.0
OraclePerfect_B20,JILONG_EI_0169,1000,728.9536743164062,0.6348652308373826,1.0,1.0,1.0,1.0,1.0
OraclePerfect_B20,JILONG_EI_0169,1010,731.5146484375,0.6291603215625091,1.0,1.0,1.0,1.0,1.0
OraclePerfect_B20,JILONG_EI_0169,1020,734.4090576171875,0.6256452341864857,1.0,1.0,1.0,1.0,1.0
OraclePerfect_B20,JILONG_EI_0169,1030,737.9368896484375,0.6204249507021239,1.0,1.0,1.0,1.0,1.0
OraclePerfect_B20,JILONG_EI_0169,1040,740.4482421875,0.6146108931780859,1.0,1.0,1.0,1.0,1.0
OraclePerfect_B20,JILONG_EI_0169,1050,742.671875,0.6104937827362904,1.0,1.0,1.0,1.0,1.0
OraclePerfect_B20,JILONG_EI_0169,1060,746.5036010742188,0.6052621250397988,1.0,1.0,1.0,1.0,1.0
OraclePerfect_B20,JILONG_EI_0169,1070,748.8299560546875,0.6000073695007507,1.0,1.0,1.0,1.0,1.0
OraclePerfect_B20,JILONG_EI_0169,1080,750.2627563476562,0.5945446552129547,1.0,1.0,1.0,1.0,1.0
OraclePerfect_B20,JILONG_EI_0169,1090,752.8868408203125,0.5891080069027321,1.0,1.0,1.0,1.0,1.0
OraclePerfect_B20,JILONG_EI_0169,1100,756.8272705078125,0.5844362970597169,1.0,1.0,1.0,1.0,1.0
OraclePerfect_B20,JILONG_EI_0169,1110,758.5795288085938,0.5804268682894755,1.0,1.0,1.0,1.0,1.0
OraclePerfect_B20,JILONG_EI_0169,1120,762.0118408203125,0.5770231387645063,1.0,1.0,1.0,1.0,1.0
OraclePerfect_B20,JILONG_EI_0169,1130,765.97705078125,0.5740924994116695,1.0,1.0,1.0,1.0,1.0
OraclePerfect_B20,JILONG_EI_0169,1140,769.7025146484375,0.5717694202467802,1.0,1.0,1.0,1.0,1.0
OraclePerfect_B20,JILONG_EI_0169,1150,773.0712280273438,0.5688225890554287,1.0,1.0,1.0,1.0,1.0
OraclePerfect_B20,JILONG_EI_0169,1160,776.1815185546875,0.5668320522243995,1.0,1.0,1.0,1.0,1.0
OraclePerfect_B20,JILONG_EI_0169,1170,779.1661376953125,0.5647610361936446,1.0,1.0,1.0,1.0,1.0
OraclePerfect_B20,JILONG_EI_0169,1180,781.6043090820312,0.562869390698033,1.0,1.0,1.0,1.0,1.0
OraclePerfect_B20,JILONG_EI_0169,1190,783.7420654296875,0.5618673802268264,1.0,1.0,1.0,1.0,1.0
OraclePerfect_B20,JILONG_EI_0169,1200,785.7022094726562,0.5598722825379726,1.0,1.0,1.0,1.0,1.0
OraclePerfect_B20,JILONG_EI_0169,1210,787.919677734375,0.5571622854792834,1.0,1.0,1.0,1.0,1.0
OraclePerfect_B20,JILONG_EI_0169,1220,789.3385620117188,0.5553963759264028,1.0,1.0,1.0,1.0,1.0
OraclePerfect_B20,JILONG_EI_0169,1230,791.69677734375,0.5539311438708645,1.0,1.0,1.0,1.0,1.0
OraclePerfect_B20,JILONG_EI_0169,1240,791.8212280273438,0.5506092511168836,1.0,1.0,1.0,1.0,1.0
OraclePerfect_B20,JILONG_EI_0169,1250,793.9722900390625,0.5476546441279528,1.0,1.0,1.0,1.0,1.0
OraclePerfect_B20,JILONG_EI_0169,1260,795.2808837890625,0.5463548173473344,1.0,1.0,1.0,1.0,1.0
OraclePerfect_B20,JILONG_EI_0169,1270,796.7030029296875,0.5434027474542045,1.0,1.0,1.0,1.0,1.0
OraclePerfect_B20,JILONG_EI_0169,1280,798.4107055664062,0.5411463039273372,1.0,1.0,1.0,1.0,1.0
OraclePerfect_B20,JILONG_EI_0169,1290,800.6685791015625,0.5383453780582026,1.0,1.0,1.0,1.0,1.0
OraclePerfect_B20,JILONG_EI_0169,1300,801.8037109375,0.5360940585388446,1.0,1.0,1.0,1.0,1.0
OraclePerfect_B20,JILONG_EI_0169,1310,804.871826171875,0.5327477225307505,1.0,1.0,1.0,1.0,1.0
OraclePerfect_B20,JILONG_EI_0169,1320,807.0028076171875,0.5300901331340861,1.0,1.0,1.0,1.0,1.0
OraclePerfect_B20,JILONG_EI_0169,1330,809.91455078125,0.5266575879959767,1.0,1.0,1.0,1.0,1.0
OraclePerfect_B20,JILONG_EI_0169,1340,813.5272216796875,0.5230515048821305,1.0,1.0,1.0,1.0,1.0
OraclePerfect_B20,JILONG_EI_0169,1350,816.4326171875,0.5204769398293221,1.0,1.0,1.0,1.0,1.0
OraclePerfect_B20,JILONG_EI_0169,1360,818.4220581054688,0.5154426185113936,1.0,1.0,1.0,1.0,1.0
OraclePerfect_B20,JILONG_EI_0169,1370,820.96435546875,0.5123070633931412,1.0,1.0,1.0,1.0,1.0
OraclePerfect_B20,JILONG_EI_0169,1380,823.2905883789062,0.5091933962401123,1.0,1.0,1.0,1.0,1.0
OraclePerfect_B20,JILONG_EI_0169,1390,826.313232421875,0.5051696315542329,1.0,1.0,1.0,1.0,1.0
OraclePerfect_B20,JILONG_EI_0169,1400,829.0184936523438,0.5010516878737962,1.0,1.0,1.0,1.0,1.0
OraclePerfect_B20,JILONG_EI_0169,1410,832.319091796875,0.4961262516608268,1.0,1.0,1.0,1.0,1.0
OraclePerfect_B20,JILONG_EI_0169,1420,835.3319091796875,0.4914336350629696,1.0,1.0,1.0,1.0,1.0
OraclePerfect_B20,JILONG_EI_0169,1430,838.0332641601562,0.4866756108484961,1.0,1.0,1.0,1.0,1.0
OraclePerfect_B20,JILONG_EI_0169,1440,840.2162475585938,0.4826403573288334,1.0,1.0,1.0,1.0,1.0
OraclePerfect_B20,JILONG_EI_0179,10,23.625831604003906,0.9945707397618184,1.0,1.0,1.0,1.0,1.0
OraclePerfect_B20,JILONG_EI_0179,20,41.61201095581055,0.997578954730547,1.0,1.0,1.0,1.0,1.0
OraclePerfect_B20,JILONG_EI_0179,30,75.7655258178711,0.9981094196915048,1.0,1.0,1.0,1.0,1.0
OraclePerfect_B20,JILONG_EI_0179,40,168.36244201660156,0.9964050235429431,1.0,1.0,1.0,1.0,1.0
OraclePerfect_B20,JILONG_EI_0179,50,222.10516357421875,0.9328844557243025,1.0,1.0,1.0,1.0,1.0
OraclePerfect_B20,JILONG_EI_0179,60,256.5174865722656,0.8793103036422606,1.0,1.0,1.0,1.0,1.0
OraclePerfect_B20,JILONG_EI_0179,70,302.0013427734375,0.8618404125847764,1.0,1.0,1.0,1.0,1.0
OraclePerfect_B20,JILONG_EI_0179,80,352.1611328125,0.7933278988659603,1.0,1.0,1.0,1.0,1.0
OraclePerfect_B20,JILONG_EI_0179,90,394.03338623046875,0.7216799420612711,1.0,1.0,1.0,1.0,1.0
OraclePerfect_B20,JILONG_EI_0179,100,383.42608642578125,0.7680388253882828,1.0,1.0,1.0,1.0,1.0
OraclePerfect_B20,JILONG_EI_0179,110,383.6865234375,0.7978120201049651,1.0,1.0,1.0,1.0,1.0
OraclePerfect_B20,JILONG_EI_0179,120,405.48974609375,0.809019762513709,1.0,1.0,1.0,1.0,1.0
OraclePerfect_B20,JILONG_EI_0179,130,448.2892150878906,0.7788029988961669,1.0,1.0,1.0,1.0,1.0
OraclePerfect_B20,JILONG_EI_0179,140,410.8653259277344,0.7471854235900222,1.0,1.0,1.0,1.0,1.0
OraclePerfect_B20,JILONG_EI_0179,150,388.0875244140625,0.7899273600207444,1.0,1.0,1.0,1.0,1.0
OraclePerfect_B20,JILONG_EI_0179,160,344.3094482421875,0.8045852309220242,1.0,1.0,1.0,1.0,1.0
OraclePerfect_B20,JILONG_EI_0179,170,350.490966796875,0.8014012569016561,1.0,1.0,1.0,1.0,1.0
OraclePerfect_B20,JILONG_EI_0179,180,338.0014343261719,0.8060767943781699,1.0,1.0,1.0,1.0,1.0
OraclePerfect_B20,JILONG_EI_0179,190,320.990234375,0.7871529487646529,1.0,1.0,1.0,1.0,1.0
OraclePerfect_B20,JILONG_EI_0179,200,326.9906311035156,0.7088109397269896,1.0,1.0,1.0,1.0,1.0
OraclePerfect_B20,JILONG_EI_0179,210,333.0115051269531,0.7157824817200009,1.0,1.0,1.0,1.0,1.0
OraclePerfect_B20,JILONG_EI_0179,220,326.05389404296875,0.7154690896017549,1.0,1.0,1.0,1.0,1.0
OraclePerfect_B20,JILONG_EI_0179,230,339.10064697265625,0.730999309310632,1.0,1.0,1.0,1.0,1.0
OraclePerfect_B20,JILONG_EI_0179,240,359.69781494140625,0.7306154087425902,1.0,1.0,1.0,1.0,1.0
OraclePerfect_B20,JILONG_EI_0179,250,341.835205078125,0.7643702944598755,1.0,1.0,1.0,1.0,1.0
OraclePerfect_B20,JILONG_EI_0179,260,355.36676025390625,0.7990489111067554,1.0,1.0,1.0,1.0,1.0
OraclePerfect_B20,JILONG_EI_0179,270,383.2984924316406,0.8271325692450613,1.0,1.0,1.0,1.0,1.0
OraclePerfect_B20,JILONG_EI_0179,280,405.89154052734375,0.8514709307425696,1.0,1.0,1.0,1.0,1.0
OraclePerfect_B20,JILONG_EI_0179,290,428.8486633300781,0.8794965020577578,1.0,1.0,1.0,1.0,1.0
OraclePerfect_B20,JILONG_EI_0179,300,457.772705078125,0.8913297842637332,1.0,1.0,1.0,1.0,1.0
OraclePerfect_B20,JILONG_EI_0179,310,484.7864685058594,0.8985385598980428,1.0,1.0,1.0,1.0,1.0
OraclePerfect_B20,JILONG_EI_0179,320,518.271240234375,0.9037570953948652,1.0,1.0,1.0,1.0,1.0
OraclePerfect_B20,JILONG_EI_0179,330,547.204345703125,0.9089937117595847,1.0,1.0,1.0,1.0,1.0
OraclePerfect_B20,JILONG_EI_0179,340,572.9854736328125,0.9198665783264208,1.0,1.0,1.0,1.0,1.0
OraclePerfect_B20,JILONG_EI_0179,350,592.34814453125,0.9227297417426139,1.0,1.0,1.0,1.0,1.0
OraclePerfect_B20,JILONG_EI_0179,360,608.5704345703125,0.9133616904813032,1.0,1.0,1.0,1.0,1.0
OraclePerfect_B20,JILONG_EI_0179,370,621.86083984375,0.884144548066161,1.0,1.0,1.0,1.0,1.0
OraclePerfect_B20,JILONG_EI_0179,380,635.981689453125,0.8408201755799595,1.0,1.0,1.0,1.0,1.0
OraclePerfect_B20,JILONG_EI_0179,390,645.3876953125,0.7942828791249493,1.0,1.0,1.0,1.0,1.0
OraclePerfect_B20,JILONG_EI_0179,400,656.828125,0.7529563710265557,1.0,1.0,1.0,1.0,1.0
OraclePerfect_B20,JILONG_EI_0179,410,662.9285888671875,0.7384673670508877,1.0,1.0,1.0,1.0,1.0
OraclePerfect_B20,JILONG_EI_0179,420,665.1224975585938,0.7434689639209031,1.0,1.0,1.0,1.0,1.0
OraclePerfect_B20,JILONG_EI_0179,430,663.8613891601562,0.7402026339923878,1.0,1.0,1.0,1.0,1.0
OraclePerfect_B20,JILONG_EI_0179,440,655.0694580078125,0.7391911842222568,1.0,1.0,1.0,1.0,1.0
OraclePerfect_B20,JILONG_EI_0179,450,648.8221435546875,0.7340493557349348,1.0,1.0,1.0,1.0,1.0
OraclePerfect_B20,JILONG_EI_0179,460,641.68212890625,0.7242853095498024,1.0,1.0,1.0,1.0,1.0
OraclePerfect_B20,JILONG_EI_0179,470,632.2755126953125,0.7182367967648303,1.0,1.0,1.0,1.0,1.0
OraclePerfect_B20,JILONG_EI_0179,480,624.8152465820312,0.7109265251899392,1.0,1.0,1.0,1.0,1.0
OraclePerfect_B20,JILONG_EI_0179,490,620.400146484375,0.710238899237334,1.0,1.0,1.0,1.0,1.0
OraclePerfect_B20,JILONG_EI_0179,500,616.66552734375,0.7184914312737424,1.0,1.0,1.0,1.0,1.0
OraclePerfect_B20,JILONG_EI_0179,510,614.953125,0.7258912141245195,1.0,1.0,1.0,1.0,1.0
OraclePerfect_B20,JILONG_EI_0179,520,615.4266357421875,0.7322475322882073,1.0,1.0,1.0,1.0,1.0
OraclePerfect_B20,JILONG_EI_0179,530,614.9425048828125,0.7357752083044491,1.0,1.0,1.0,1.0,1.0
OraclePerfect_B20,JILONG_EI_0179,540,615.2212524414062,0.7395474389248883,1.0,1.0,1.0,1.0,1.0
OraclePerfect_B20,JILONG_EI_0179,550,616.6005859375,0.7420391751426201,1.0,1.0,1.0,1.0,1.0
OraclePerfect_B20,JILONG_EI_0179,560,618.0856323242188,0.7423979788975491,1.0,1.0,1.0,1.0,1.0
OraclePerfect_B20,JILONG_EI_0179,570,615.022216796875,0.7411902869769947,1.0,1.0,1.0,1.0,1.0
OraclePerfect_B20,JILONG_EI_0179,580,612.5200805664062,0.7409994822112637,1.0,1.0,1.0,1.0,1.0
OraclePerfect_B20,JILONG_EI_0179,590,612.8756103515625,0.7382988944780071,1.0,1.0,1.0,1.0,1.0
OraclePerfect_B20,JILONG_EI_0179,600,614.4901123046875,0.7353343633335274,1.0,1.0,1.0,1.0,1.0
OraclePerfect_B20,JILONG_EI_0179,610,615.30126953125,0.7328789566342261,1.0,1.0,1.0,1.0,1.0
OraclePerfect_B20,JILONG_EI_0179,620,615.1455078125,0.7306829351520294,1.0,1.0,1.0,1.0,1.0
OraclePerfect_B20,JILONG_EI_0179,630,613.784912109375,0.7288948557719854,1.0,1.0,1.0,1.0,1.0
OraclePerfect_B20,JILONG_EI_0179,640,613.9386596679688,0.7307596846731454,1.0,1.0,1.0,1.0,1.0
OraclePerfect_B20,JILONG_EI_0179,650,611.65185546875,0.7299391525783553,1.0,1.0,1.0,1.0,1.0
OraclePerfect_B20,JILONG_EI_0179,660,608.2879638671875,0.7289421357638357,1.0,1.0,1.0,1.0,1.0
OraclePerfect_B20,JILONG_EI_0179,670,605.614501953125,0.7316197293625976,1.0,1.0,1.0,1.0,1.0
OraclePerfect_B20,JILONG_EI_0179,680,605.9888305664062,0.7320828155707747,1.0,1.0,1.0,1.0,1.0
OraclePerfect_B20,JILONG_EI_0179,690,603.6490478515625,0.7318824987183937,1.0,1.0,1.0,1.0,1.0
OraclePerfect_B20,JILONG_EI_0179,700,602.4458618164062,0.7287838402619994,1.0,1.0,1.0,1.0,1.0
OraclePerfect_B20,JILONG_EI_0179,710,601.86328125,0.7289076551978292,1.0,1.0,1.0,1.0,1.0
OraclePerfect_B20,JILONG_EI_0179,720,604.6373291015625,0.7293394295732117,1.0,1.0,1.0,1.0,1.0
OraclePerfect_B20,JILONG_EI_0179,730,607.1995849609375,0.7288611262889392,1.0,1.0,1.0,1.0,1.0
OraclePerfect_B20,JILONG_EI_0179,740,607.7470092773438,0.7286181165785494,1.0,1.0,1.0,1.0,1.0
OraclePerfect_B20,JILONG_EI_0179,750,607.4930419921875,0.7268634459020472,1.0,1.0,1.0,1.0,1.0
OraclePerfect_B20,JILONG_EI_0179,760,607.6290283203125,0.7253895450217367,1.0,1.0,1.0,1.0,1.0
OraclePerfect_B20,JILONG_EI_0179,770,608.6083984375,0.7239507606668131,1.0,1.0,1.0,1.0,1.0
OraclePerfect_B20,JILONG_EI_0179,780,609.8634643554688,0.7219594421915673,1.0,1.0,1.0,1.0,1.0
OraclePerfect_B20,JILONG_EI_0179,790,610.9813232421875,0.7215909373502539,1.0,1.0,1.0,1.0,1.0
OraclePerfect_B20,JILONG_EI_0179,800,612.4673461914062,0.7215697522259746,1.0,1.0,1.0,1.0,1.0
OraclePerfect_B20,JILONG_EI_0179,810,615.286376953125,0.7193265562726765,1.0,1.0,1.0,1.0,1.0
OraclePerfect_B20,JILONG_EI_0179,820,615.7268676757812,0.719221705860996,1.0,1.0,1.0,1.0,1.0
OraclePerfect_B20,JILONG_EI_0179,830,616.7537231445312,0.7180979855496895,1.0,1.0,1.0,1.0,1.0
OraclePerfect_B20,JILONG_EI_0179,840,617.501708984375,0.7157376385474277,1.0,1.0,1.0,1.0,1.0
OraclePerfect_B20,JILONG_EI_0179,850,618.5888061523438,0.7132384455717149,1.0,1.0,1.0,1.0,1.0
OraclePerfect_B20,JILONG_EI_0179,860,619.1473388671875,0.7099321798870971,1.0,1.0,1.0,1.0,1.0
OraclePerfect_B20,JILONG_EI_0179,870,621.6327514648438,0.7054377487099033,1.0,1.0,1.0,1.0,1.0
OraclePerfect_B20,JILONG_EI_0179,880,622.4992065429688,0.7021571123335629,1.0,1.0,1.0,1.0,1.0
OraclePerfect_B20,JILONG_EI_0179,890,624.7001953125,0.6980455667091824,1.0,1.0,1.0,1.0,1.0
OraclePerfect_B20,JILONG_EI_0179,900,627.8507690429688,0.6933956855206095,1.0,1.0,1.0,1.0,1.0
OraclePerfect_B20,JILONG_EI_0179,910,629.9498901367188,0.689839233273479,1.0,1.0,1.0,1.0,1.0
OraclePerfect_B20,JILONG_EI_0179,920,632.9332275390625,0.6859558756088516,1.0,1.0,1.0,1.0,1.0
OraclePerfect_B20,JILONG_EI_0179,930,636.0708618164062,0.6808431431153081,1.0,1.0,1.0,1.0,1.0
OraclePerfect_B20,JILONG_EI_0179,940,637.5886840820312,0.6736511827033349,1.0,1.0,1.0,1.0,1.0
OraclePerfect_B20,JILONG_EI_0179,950,641.0911865234375,0.6684875999397356,1.0,1.0,1.0,1.0,1.0
OraclePerfect_B20,JILONG_EI_0179,960,644.602783203125,0.6622012591527248,1.0,1.0,1.0,1.0,1.0
OraclePerfect_B20,JILONG_EI_0179,970,648.2127075195312,0.6553753779629282,1.0,1.0,1.0,1.0,1.0
OraclePerfect_B20,JILONG_EI_0179,980,650.346923828125,0.6499604765639823,1.0,1.0,1.0,1.0,1.0
OraclePerfect_B20,JILONG_EI_0179,990,653.6063842773438,0.6442572840603236,1.0,1.0,1.0,1.0,1.0
OraclePerfect_B20,JILONG_EI_0179,1000,657.0114135742188,0.6389257672951917,1.0,1.0,1.0,1.0,1.0
OraclePerfect_B20,JILONG_EI_0179,1010,658.8284912109375,0.6349457911313817,1.0,1.0,1.0,1.0,1.0
OraclePerfect_B20,JILONG_EI_0179,1020,661.8050537109375,0.6295328374305086,1.0,1.0,1.0,1.0,1.0
OraclePerfect_B20,JILONG_EI_0179,1030,664.3143310546875,0.6240962479605789,1.0,1.0,1.0,1.0,1.0
OraclePerfect_B20,JILONG_EI_0179,1040,666.302490234375,0.6197865036754899,1.0,1.0,1.0,1.0,1.0
OraclePerfect_B20,JILONG_EI_0179,1050,669.20947265625,0.6163036914701031,1.0,1.0,1.0,1.0,1.0
OraclePerfect_B20,JILONG_EI_0179,1060,672.2662963867188,0.6111409014073541,1.0,1.0,1.0,1.0,1.0
OraclePerfect_B20,JILONG_EI_0179,1070,674.5967407226562,0.6076305913260154,1.0,1.0,1.0,1.0,1.0
OraclePerfect_B20,JILONG_EI_0179,1080,676.71240234375,0.6038481921085427,1.0,1.0,1.0,1.0,1.0
OraclePerfect_B20,JILONG_EI_0179,1090,679.5302734375,0.6001056875742169,1.0,1.0,1.0,1.0,1.0
OraclePerfect_B20,JILONG_EI_0179,1100,680.4066772460938,0.5945657024309894,1.0,1.0,1.0,1.0,1.0
OraclePerfect_B20,JILONG_EI_0179,1110,683.73681640625,0.5897919674049311,1.0,1.0,1.0,1.0,1.0
OraclePerfect_B20,JILONG_EI_0179,1120,686.9820556640625,0.5865078521468546,1.0,1.0,1.0,1.0,1.0
OraclePerfect_B20,JILONG_EI_0179,1130,689.66845703125,0.5843175478138946,1.0,1.0,1.0,1.0,1.0
OraclePerfect_B20,JILONG_EI_0179,1140,691.5584716796875,0.5803917182676255,1.0,1.0,1.0,1.0,1.0
OraclePerfect_B20,JILONG_EI_0179,1150,695.59033203125,0.5769176495588842,1.0,1.0,1.0,1.0,1.0
OraclePerfect_B20,JILONG_EI_0179,1160,698.3272094726562,0.5750801921924541,1.0,1.0,1.0,1.0,1.0
OraclePerfect_B20,JILONG_EI_0179,1170,700.7406005859375,0.5728919982532533,1.0,1.0,1.0,1.0,1.0
OraclePerfect_B20,JILONG_EI_0179,1180,703.177001953125,0.5699512583476508,1.0,1.0,1.0,1.0,1.0
OraclePerfect_B20,JILONG_EI_0179,1190,705.055419921875,0.5673956907614334,1.0,1.0,1.0,1.0,1.0
OraclePerfect_B20,JILONG_EI_0179,1200,707.874755859375,0.5657677549297985,1.0,1.0,1.0,1.0,1.0
OraclePerfect_B20,JILONG_EI_0179,1210,710.8283081054688,0.5629999167439628,1.0,1.0,1.0,1.0,1.0
OraclePerfect_B20,JILONG_EI_0179,1220,713.2147827148438,0.5597985812473917,1.0,1.0,1.0,1.0,1.0
OraclePerfect_B20,JILONG_EI_0179,1230,714.242431640625,0.5573749167052879,1.0,1.0,1.0,1.0,1.0
OraclePerfect_B20,JILONG_EI_0179,1240,715.2223510742188,0.5555369719860125,1.0,1.0,1.0,1.0,1.0
OraclePerfect_B20,JILONG_EI_0179,1250,717.1549682617188,0.553447092637533,1.0,1.0,1.0,1.0,1.0
OraclePerfect_B20,JILONG_EI_0179,1260,718.443359375,0.5509013744009588,1.0,1.0,1.0,1.0,1.0
OraclePerfect_B20,JILONG_EI_0179,1270,719.4571533203125,0.5489924005240258,1.0,1.0,1.0,1.0,1.0
OraclePerfect_B20,JILONG_EI_0179,1280,721.8197631835938,0.5465414356026357,1.0,1.0,1.0,1.0,1.0
OraclePerfect_B20,JILONG_EI_0179,1290,722.9149169921875,0.5440102466598581,1.0,1.0,1.0,1.0,1.0
OraclePerfect_B20,JILONG_EI_0179,1300,724.7060546875,0.5421119436145453,1.0,1.0,1.0,1.0,1.0
OraclePerfect_B20,JILONG_EI_0179,1310,725.5960693359375,0.5398373432635971,1.0,1.0,1.0,1.0,1.0
OraclePerfect_B20,JILONG_EI_0179,1320,726.9908447265625,0.5370552175924814,1.0,1.0,1.0,1.0,1.0
OraclePerfect_B20,JILONG_EI_0179,1330,729.2560424804688,0.534169888328136,1.0,1.0,1.0,1.0,1.0
OraclePerfect_B20,JILONG_EI_0179,1340,731.5321044921875,0.5316194798783631,1.0,1.0,1.0,1.0,1.0
OraclePerfect_B20,JILONG_EI_0179,1350,733.5443115234375,0.5285268206984769,1.0,1.0,1.0,1.0,1.0
OraclePerfect_B20,JILONG_EI_0179,1360,734.9972534179688,0.5246104059237282,1.0,1.0,1.0,1.0,1.0
OraclePerfect_B20,JILONG_EI_0179,1370,737.945556640625,0.5211339597510309,1.0,1.0,1.0,1.0,1.0
OraclePerfect_B20,JILONG_EI_0179,1380,739.95849609375,0.5182116631734043,1.0,1.0,1.0,1.0,1.0
OraclePerfect_B20,JILONG_EI_0179,1390,742.2590942382812,0.5131858602574071,1.0,1.0,1.0,1.0,1.0
OraclePerfect_B20,JILONG_EI_0179,1400,744.33984375,0.5090144230949092,1.0,1.0,1.0,1.0,1.0
OraclePerfect_B20,JILONG_EI_0179,1410,747.8753662109375,0.504220625697426,1.0,1.0,1.0,1.0,1.0
OraclePerfect_B20,JILONG_EI_0179,1420,749.8735961914062,0.5006895660914734,1.0,1.0,1.0,1.0,1.0
OraclePerfect_B20,JILONG_EI_0179,1430,750.9495849609375,0.49442309482979807,1.0,1.0,1.0,1.0,1.0
OraclePerfect_B20,JILONG_EI_0179,1440,753.331298828125,0.49014870400501576,1.0,1.0,1.0,1.0,1.0
OraclePerfect_B20,JILONG_EI_0189,10,22.09153938293457,0.9962118655818136,1.0,1.0,1.0,1.0,1.0
OraclePerfect_B20,JILONG_EI_0189,20,39.28932189941406,0.9982640552271353,1.0,1.0,1.0,1.0,1.0
OraclePerfect_B20,JILONG_EI_0189,30,68.62545776367188,0.998563022375839,1.0,1.0,1.0,1.0,1.0
OraclePerfect_B20,JILONG_EI_0189,40,152.90341186523438,0.9982573819134449,1.0,1.0,1.0,1.0,1.0
OraclePerfect_B20,JILONG_EI_0189,50,208.74771118164062,0.9189461733832955,1.0,1.0,1.0,1.0,1.0
OraclePerfect_B20,JILONG_EI_0189,60,252.99935913085938,0.886599116109791,1.0,1.0,1.0,1.0,1.0
OraclePerfect_B20,JILONG_EI_0189,70,297.765625,0.8784089351852912,1.0,1.0,1.0,1.0,1.0
OraclePerfect_B20,JILONG_EI_0189,80,362.05401611328125,0.7952027337618697,1.0,1.0,1.0,1.0,1.0
OraclePerfect_B20,JILONG_EI_0189,90,380.6200866699219,0.7339114004101022,1.0,1.0,1.0,1.0,1.0
OraclePerfect_B20,JILONG_EI_0189,100,389.4897766113281,0.7507711106248234,1.0,1.0,1.0,1.0,1.0
OraclePerfect_B20,JILONG_EI_0189,110,379.9814147949219,0.8009542122879644,1.0,1.0,1.0,1.0,1.0
OraclePerfect_B20,JILONG_EI_0189,120,381.9743347167969,0.8270240360229295,1.0,1.0,1.0,1.0,1.0
OraclePerfect_B20,JILONG_EI_0189,130,440.32025146484375,0.792304743912537,1.0,1.0,1.0,1.0,1.0
OraclePerfect_B20,JILONG_EI_0189,140,417.91912841796875,0.7764146614354922,1.0,1.0,1.0,1.0,1.0
OraclePerfect_B20,JILONG_EI_0189,150,389.9828186035156,0.8056394576959566,1.0,1.0,1.0,1.0,1.0
OraclePerfect_B20,JILONG_EI_0189,160,358.0804443359375,0.8125938075822978,1.0,1.0,1.0,1.0,1.0
OraclePerfect_B20,JILONG_EI_0189,170,339.3695983886719,0.8098364271248599,1.0,1.0,1.0,1.0,1.0
OraclePerfect_B20,JILONG_EI_0189,180,327.3509521484375,0.8110149433074979,1.0,1.0,1.0,1.0,1.0
OraclePerfect_B20,JILONG_EI_0189,190,322.5019226074219,0.8135783504697396,1.0,1.0,1.0,1.0,1.0
OraclePerfect_B20,JILONG_EI_0189,200,320.4189147949219,0.7372334546509797,1.0,1.0,1.0,1.0,1.0
OraclePerfect_B20,JILONG_EI_0189,210,316.8395690917969,0.7137899751876691,1.0,1.0,1.0,1.0,1.0
OraclePerfect_B20,JILONG_EI_0189,220,329.3473205566406,0.7129146236352982,1.0,1.0,1.0,1.0,1.0
OraclePerfect_B20,JILONG_EI_0189,230,319.0633544921875,0.7057798137759554,1.0,1.0,1.0,1.0,1.0
OraclePerfect_B20,JILONG_EI_0189,240,327.9859619140625,0.7095223970391484,1.0,1.0,1.0,1.0,1.0
OraclePerfect_B20,JILONG_EI_0189,250,336.88641357421875,0.7079877744815473,1.0,1.0,1.0,1.0,1.0
OraclePerfect_B20,JILONG_EI_0189,260,332.35076904296875,0.7745233578398698,1.0,1.0,1.0,1.0,1.0
OraclePerfect_B20,JILONG_EI_0189,270,339.0892639160156,0.8010256812816227,1.0,1.0,1.0,1.0,1.0
OraclePerfect_B20,JILONG_EI_0189,280,363.62744140625,0.837102258690458,1.0,1.0,1.0,1.0,1.0
OraclePerfect_B20,JILONG_EI_0189,290,382.08624267578125,0.8588570635201321,1.0,1.0,1.0,1.0,1.0
OraclePerfect_B20,JILONG_EI_0189,300,402.9437255859375,0.8755141484834444,1.0,1.0,1.0,1.0,1.0
OraclePerfect_B20,JILONG_EI_0189,310,430.7720031738281,0.8802178380341683,1.0,1.0,1.0,1.0,1.0
OraclePerfect_B20,JILONG_EI_0189,320,454.9814758300781,0.8898712411566394,1.0,1.0,1.0,1.0,1.0
OraclePerfect_B20,JILONG_EI_0189,330,479.4576721191406,0.894415631192462,1.0,1.0,1.0,1.0,1.0
OraclePerfect_B20,JILONG_EI_0189,340,508.1231689453125,0.8973687535120717,1.0,1.0,1.0,1.0,1.0
OraclePerfect_B20,JILONG_EI_0189,350,524.7858276367188,0.9049010754092551,1.0,1.0,1.0,1.0,1.0
OraclePerfect_B20,JILONG_EI_0189,360,542.9932861328125,0.90988330685331,1.0,1.0,1.0,1.0,1.0
OraclePerfect_B20,JILONG_EI_0189,370,555.7750244140625,0.914582658278644,1.0,1.0,1.0,1.0,1.0
OraclePerfect_B20,JILONG_EI_0189,380,566.5533447265625,0.9185108740959224,1.0,1.0,1.0,1.0,1.0
OraclePerfect_B20,JILONG_EI_0189,390,575.905029296875,0.9053703789479562,1.0,1.0,1.0,1.0,1.0
OraclePerfect_B20,JILONG_EI_0189,400,588.43896484375,0.8747592307962448,1.0,1.0,1.0,1.0,1.0
OraclePerfect_B20,JILONG_EI_0189,410,597.8593139648438,0.8409892963318126,1.0,1.0,1.0,1.0,1.0
OraclePerfect_B20,JILONG_EI_0189,420,608.9620971679688,0.8023517779871933,1.0,1.0,1.0,1.0,1.0
OraclePerfect_B20,JILONG_EI_0189,430,619.3551025390625,0.7652978960446061,1.0,1.0,1.0,1.0,1.0
OraclePerfect_B20,JILONG_EI_0189,440,623.463134765625,0.7388981981883137,1.0,1.0,1.0,1.0,1.0
OraclePerfect_B20,JILONG_EI_0189,450,624.1336669921875,0.7243163652507175,1.0,1.0,1.0,1.0,1.0
OraclePerfect_B20,JILONG_EI_0189,460,623.7476806640625,0.7213535703977837,1.0,1.0,1.0,1.0,1.0
OraclePerfect_B20,JILONG_EI_0189,470,619.0037841796875,0.7213417600206643,1.0,1.0,1.0,1.0,1.0
OraclePerfect_B20,JILONG_EI_0189,480,614.7001953125,0.7197499724768969,1.0,1.0,1.0,1.0,1.0
OraclePerfect_B20,JILONG_EI_0189,490,605.7286376953125,0.7246733206163657,1.0,1.0,1.0,1.0,1.0
OraclePerfect_B20,JILONG_EI_0189,500,596.9691162109375,0.7280445288560858,1.0,1.0,1.0,1.0,1.0
OraclePerfect_B20,JILONG_EI_0189,510,588.4929809570312,0.7339460949549689,1.0,1.0,1.0,1.0,1.0
OraclePerfect_B20,JILONG_EI_0189,520,585.5756225585938,0.7365115578956056,1.0,1.0,1.0,1.0,1.0
OraclePerfect_B20,JILONG_EI_0189,530,583.00732421875,0.7419441624734684,1.0,1.0,1.0,1.0,1.0
OraclePerfect_B20,JILONG_EI_0189,540,583.1974487304688,0.7447251320945202,1.0,1.0,1.0,1.0,1.0
OraclePerfect_B20,JILONG_EI_0189,550,584.1927490234375,0.7462942745767955,1.0,1.0,1.0,1.0,1.0
OraclePerfect_B20,JILONG_EI_0189,560,584.2463989257812,0.7464530203081449,1.0,1.0,1.0,1.0,1.0
OraclePerfect_B20,JILONG_EI_0189,570,586.8596801757812,0.7465479908555313,1.0,1.0,1.0,1.0,1.0
OraclePerfect_B20,JILONG_EI_0189,580,589.6221923828125,0.7443167243726082,1.0,1.0,1.0,1.0,1.0
OraclePerfect_B20,JILONG_EI_0189,590,591.3338623046875,0.7407125817164407,1.0,1.0,1.0,1.0,1.0
OraclePerfect_B20,JILONG_EI_0189,600,594.0548706054688,0.7394793306770031,1.0,1.0,1.0,1.0,1.0
OraclePerfect_B20,JILONG_EI_0189,610,598.57470703125,0.7355736436071469,1.0,1.0,1.0,1.0,1.0
OraclePerfect_B20,JILONG_EI_0189,620,598.8536376953125,0.736282149901487,1.0,1.0,1.0,1.0,1.0
OraclePerfect_B20,JILONG_EI_0189,630,598.2582397460938,0.7350525596169886,1.0,1.0,1.0,1.0,1.0
OraclePerfect_B20,JILONG_EI_0189,640,599.425537109375,0.7352758996670231,1.0,1.0,1.0,1.0,1.0
OraclePerfect_B20,JILONG_EI_0189,650,601.091796875,0.7343534620209499,1.0,1.0,1.0,1.0,1.0
OraclePerfect_B20,JILONG_EI_0189,660,601.5634155273438,0.734994061901086,1.0,1.0,1.0,1.0,1.0
OraclePerfect_B20,JILONG_EI_0189,670,599.9674682617188,0.7343004625614021,1.0,1.0,1.0,1.0,1.0
OraclePerfect_B20,JILONG_EI_0189,680,601.0955810546875,0.7369130193235813,1.0,1.0,1.0,1.0,1.0
OraclePerfect_B20,JILONG_EI_0189,690,601.2913208007812,0.7355501893493608,1.0,1.0,1.0,1.0,1.0
OraclePerfect_B20,JILONG_EI_0189,700,599.9811401367188,0.7367901268582987,1.0,1.0,1.0,1.0,1.0
OraclePerfect_B20,JILONG_EI_0189,710,598.8240356445312,0.7371768977308407,1.0,1.0,1.0,1.0,1.0
OraclePerfect_B20,JILONG_EI_0189,720,600.6053466796875,0.7367210329370021,1.0,1.0,1.0,1.0,1.0
OraclePerfect_B20,JILONG_EI_0189,730,601.389892578125,0.7360912446822719,1.0,1.0,1.0,1.0,1.0
OraclePerfect_B20,JILONG_EI_0189,740,599.306396484375,0.7337271514011795,1.0,1.0,1.0,1.0,1.0
OraclePerfect_B20,JILONG_EI_0189,750,600.4179077148438,0.7324026839374337,1.0,1.0,1.0,1.0,1.0
OraclePerfect_B20,JILONG_EI_0189,760,600.9031372070312,0.729591777026712,1.0,1.0,1.0,1.0,1.0
OraclePerfect_B20,JILONG_EI_0189,770,601.208984375,0.7272442817404685,1.0,1.0,1.0,1.0,1.0
OraclePerfect_B20,JILONG_EI_0189,780,600.6883544921875,0.7261595339861554,1.0,1.0,1.0,1.0,1.0
OraclePerfect_B20,JILONG_EI_0189,790,598.4112548828125,0.7236941164874268,1.0,1.0,1.0,1.0,1.0
OraclePerfect_B20,JILONG_EI_0189,800,599.1893310546875,0.7226494628815656,1.0,1.0,1.0,1.0,1.0
OraclePerfect_B20,JILONG_EI_0189,810,596.3925170898438,0.7206271339628432,1.0,1.0,1.0,1.0,1.0
OraclePerfect_B20,JILONG_EI_0189,820,594.077880859375,0.7170013951828459,1.0,1.0,1.0,1.0,1.0
OraclePerfect_B20,JILONG_EI_0189,830,595.2990112304688,0.7149078660561486,1.0,1.0,1.0,1.0,1.0
OraclePerfect_B20,JILONG_EI_0189,840,594.7255859375,0.7119836989207889,1.0,1.0,1.0,1.0,1.0
OraclePerfect_B20,JILONG_EI_0189,850,595.82470703125,0.7124214186371909,1.0,1.0,1.0,1.0,1.0
OraclePerfect_B20,JILONG_EI_0189,860,597.4959716796875,0.7118511677880817,1.0,1.0,1.0,1.0,1.0
OraclePerfect_B20,JILONG_EI_0189,870,599.1294555664062,0.710239973977724,1.0,1.0,1.0,1.0,1.0
OraclePerfect_B20,JILONG_EI_0189,880,599.5933227539062,0.7085987532056014,1.0,1.0,1.0,1.0,1.0
OraclePerfect_B20,JILONG_EI_0189,890,599.9322509765625,0.708448590376571,1.0,1.0,1.0,1.0,1.0
OraclePerfect_B20,JILONG_EI_0189,900,600.3558349609375,0.7074132030245807,1.0,1.0,1.0,1.0,1.0
OraclePerfect_B20,JILONG_EI_0189,910,602.0528564453125,0.7057781552575667,1.0,1.0,1.0,1.0,1.0
OraclePerfect_B20,JILONG_EI_0189,920,604.1569213867188,0.704735147354764,1.0,1.0,1.0,1.0,1.0
OraclePerfect_B20,JILONG_EI_0189,930,604.9608154296875,0.7038259782920853,1.0,1.0,1.0,1.0,1.0
OraclePerfect_B20,JILONG_EI_0189,940,607.1256103515625,0.7039880036891992,1.0,1.0,1.0,1.0,1.0
OraclePerfect_B20,JILONG_EI_0189,950,609.942138671875,0.7025256355056794,1.0,1.0,1.0,1.0,1.0
OraclePerfect_B20,JILONG_EI_0189,960,611.3986206054688,0.7004831228901502,1.0,1.0,1.0,1.0,1.0
OraclePerfect_B20,JILONG_EI_0189,970,613.3494873046875,0.6996183453017263,1.0,1.0,1.0,1.0,1.0
OraclePerfect_B20,JILONG_EI_0189,980,616.0234375,0.697353565380047,1.0,1.0,1.0,1.0,1.0
OraclePerfect_B20,JILONG_EI_0189,990,617.3934936523438,0.6967641563087907,1.0,1.0,1.0,1.0,1.0
OraclePerfect_B20,JILONG_EI_0189,1000,620.3883056640625,0.6941317885887613,1.0,1.0,1.0,1.0,1.0
OraclePerfect_B20,JILONG_EI_0189,1010,623.400634765625,0.6916748442172664,1.0,1.0,1.0,1.0,1.0
OraclePerfect_B20,JILONG_EI_0189,1020,626.3734130859375,0.690025054129755,1.0,1.0,1.0,1.0,1.0
OraclePerfect_B20,JILONG_EI_0189,1030,629.2841796875,0.6848878456016151,1.0,1.0,1.0,1.0,1.0
OraclePerfect_B20,JILONG_EI_0189,1040,631.3264770507812,0.6819076293918753,1.0,1.0,1.0,1.0,1.0
OraclePerfect_B20,JILONG_EI_0189,1050,633.6116943359375,0.6769893389533447,1.0,1.0,1.0,1.0,1.0
OraclePerfect_B20,JILONG_EI_0189,1060,636.0858764648438,0.6742566772650693,1.0,1.0,1.0,1.0,1.0
OraclePerfect_B20,JILONG_EI_0189,1070,638.0570678710938,0.6691680865432581,1.0,1.0,1.0,1.0,1.0
OraclePerfect_B20,JILONG_EI_0189,1080,638.9168090820312,0.6656255439619327,1.0,1.0,1.0,1.0,1.0
OraclePerfect_B20,JILONG_EI_0189,1090,642.2857666015625,0.659824936254931,1.0,1.0,1.0,1.0,1.0
OraclePerfect_B20,JILONG_EI_0189,1100,643.6701049804688,0.6555405410788621,1.0,1.0,1.0,1.0,1.0
OraclePerfect_B20,JILONG_EI_0189,1110,647.2359619140625,0.6497719383322892,1.0,1.0,1.0,1.0,1.0
OraclePerfect_B20,JILONG_EI_0189,1120,649.58935546875,0.6439650699439509,1.0,1.0,1.0,1.0,1.0
OraclePerfect_B20,JILONG_EI_0189,1130,652.6160888671875,0.6388188676908203,1.0,1.0,1.0,1.0,1.0
OraclePerfect_B20,JILONG_EI_0189,1140,656.1279296875,0.63467959321205,1.0,1.0,1.0,1.0,1.0
OraclePerfect_B20,JILONG_EI_0189,1150,659.0868530273438,0.6297084899929042,1.0,1.0,1.0,1.0,1.0
OraclePerfect_B20,JILONG_EI_0189,1160,661.1888427734375,0.6241085417047142,1.0,1.0,1.0,1.0,1.0
OraclePerfect_B20,JILONG_EI_0189,1170,662.9725341796875,0.6197359873190624,1.0,1.0,1.0,1.0,1.0
OraclePerfect_B20,JILONG_EI_0189,1180,666.51318359375,0.6154112186525091,1.0,1.0,1.0,1.0,1.0
OraclePerfect_B20,JILONG_EI_0189,1190,669.110107421875,0.6110738965090714,1.0,1.0,1.0,1.0,1.0
OraclePerfect_B20,JILONG_EI_0189,1200,672.3057861328125,0.6068737370499115,1.0,1.0,1.0,1.0,1.0
OraclePerfect_B20,JILONG_EI_0189,1210,673.8358154296875,0.6023845215170184,1.0,1.0,1.0,1.0,1.0
OraclePerfect_B20,JILONG_EI_0189,1220,676.1028442382812,0.5969057866887685,1.0,1.0,1.0,1.0,1.0
OraclePerfect_B20,JILONG_EI_0189,1230,678.293701171875,0.5930267841882859,1.0,1.0,1.0,1.0,1.0
OraclePerfect_B20,JILONG_EI_0189,1240,679.0875244140625,0.5875203321257231,1.0,1.0,1.0,1.0,1.0
OraclePerfect_B20,JILONG_EI_0189,1250,682.2755126953125,0.5835013767419498,1.0,1.0,1.0,1.0,1.0
OraclePerfect_B20,JILONG_EI_0189,1260,684.9947509765625,0.5809275140863355,1.0,1.0,1.0,1.0,1.0
OraclePerfect_B20,JILONG_EI_0189,1270,687.8155517578125,0.5773815907432742,1.0,1.0,1.0,1.0,1.0
OraclePerfect_B20,JILONG_EI_0189,1280,690.4539794921875,0.5741184305419679,1.0,1.0,1.0,1.0,1.0
OraclePerfect_B20,JILONG_EI_0189,1290,694.4683227539062,0.5702010405680858,1.0,1.0,1.0,1.0,1.0
OraclePerfect_B20,JILONG_EI_0189,1300,696.8021240234375,0.5671661444905018,1.0,1.0,1.0,1.0,1.0
OraclePerfect_B20,JILONG_EI_0189,1310,699.500732421875,0.5649102881792168,1.0,1.0,1.0,1.0,1.0
OraclePerfect_B20,JILONG_EI_0189,1320,702.499755859375,0.5630688919120839,1.0,1.0,1.0,1.0,1.0
OraclePerfect_B20,JILONG_EI_0189,1330,705.9674682617188,0.5603828168790443,1.0,1.0,1.0,1.0,1.0
OraclePerfect_B20,JILONG_EI_0189,1340,707.928955078125,0.5585249657111276,1.0,1.0,1.0,1.0,1.0
OraclePerfect_B20,JILONG_EI_0189,1350,709.482177734375,0.5555132263159656,1.0,1.0,1.0,1.0,1.0
OraclePerfect_B20,JILONG_EI_0189,1360,712.6822509765625,0.5533995631778053,1.0,1.0,1.0,1.0,1.0
OraclePerfect_B20,JILONG_EI_0189,1370,715.05224609375,0.5517739389195561,1.0,1.0,1.0,1.0,1.0
OraclePerfect_B20,JILONG_EI_0189,1380,717.9152221679688,0.5496932340851595,1.0,1.0,1.0,1.0,1.0
OraclePerfect_B20,JILONG_EI_0189,1390,719.4048461914062,0.5475498067474882,1.0,1.0,1.0,1.0,1.0
OraclePerfect_B20,JILONG_EI_0189,1400,721.10791015625,0.5449294883295913,1.0,1.0,1.0,1.0,1.0
OraclePerfect_B20,JILONG_EI_0189,1410,723.0301513671875,0.5432483131842061,1.0,1.0,1.0,1.0,1.0
OraclePerfect_B20,JILONG_EI_0189,1420,725.5311889648438,0.541022560023573,1.0,1.0,1.0,1.0,1.0
OraclePerfect_B20,JILONG_EI_0189,1430,725.9959716796875,0.5384553618604475,1.0,1.0,1.0,1.0,1.0
OraclePerfect_B20,JILONG_EI_0189,1440,727.7050170898438,0.536188644051297,1.0,1.0,1.0,1.0,1.0
OraclePerfect_B20,JILONG_EI_0199,10,24.706167221069336,0.9958525124072485,1.0,1.0,1.0,1.0,1.0
OraclePerfect_B20,JILONG_EI_0199,20,44.07578659057617,0.9982082015104704,1.0,1.0,1.0,1.0,1.0
OraclePerfect_B20,JILONG_EI_0199,30,71.09030151367188,0.9984487972575105,1.0,1.0,1.0,1.0,1.0
OraclePerfect_B20,JILONG_EI_0199,40,151.774169921875,0.9988126676949202,1.0,1.0,1.0,1.0,1.0
OraclePerfect_B20,JILONG_EI_0199,50,207.0631561279297,0.9190909512791468,1.0,1.0,1.0,1.0,1.0
OraclePerfect_B20,JILONG_EI_0199,60,238.7418670654297,0.8703668967321235,1.0,1.0,1.0,1.0,1.0
OraclePerfect_B20,JILONG_EI_0199,70,281.6455383300781,0.8611026566474852,1.0,1.0,1.0,1.0,1.0
OraclePerfect_B20,JILONG_EI_0199,80,328.91064453125,0.7757210449425939,1.0,1.0,1.0,1.0,1.0
OraclePerfect_B20,JILONG_EI_0199,90,358.0801696777344,0.7107233252223036,1.0,1.0,1.0,1.0,1.0
OraclePerfect_B20,JILONG_EI_0199,100,357.9219665527344,0.7484716077232973,1.0,1.0,1.0,1.0,1.0
OraclePerfect_B20,JILONG_EI_0199,110,331.88079833984375,0.7763395076288249,1.0,1.0,1.0,1.0,1.0
OraclePerfect_B20,JILONG_EI_0199,120,344.14190673828125,0.7992095156185186,1.0,1.0,1.0,1.0,1.0
OraclePerfect_B20,JILONG_EI_0199,130,384.06182861328125,0.7698841921080201,1.0,1.0,1.0,1.0,1.0
OraclePerfect_B20,JILONG_EI_0199,140,339.4312744140625,0.7516922363256499,1.0,1.0,1.0,1.0,1.0
OraclePerfect_B20,JILONG_EI_0199,150,347.0886535644531,0.7844179889061728,1.0,1.0,1.0,1.0,1.0
OraclePerfect_B20,JILONG_EI_0199,160,311.9609375,0.8006104512033811,1.0,1.0,1.0,1.0,1.0
OraclePerfect_B20,JILONG_EI_0199,170,313.8179931640625,0.786645679722487,1.0,1.0,1.0,1.0,1.0
OraclePerfect_B20,JILONG_EI_0199,180,288.9107666015625,0.8005049762766657,1.0,1.0,1.0,1.0,1.0
OraclePerfect_B20,JILONG_EI_0199,190,287.73541259765625,0.7967024669403518,1.0,1.0,1.0,1.0,1.0
OraclePerfect_B20,JILONG_EI_0199,200,286.738037109375,0.7396420943021521,1.0,1.0,1.0,1.0,1.0
OraclePerfect_B20,JILONG_EI_0199,210,280.1100158691406,0.7492368814521156,1.0,1.0,1.0,1.0,1.0
OraclePerfect_B20,JILONG_EI_0199,220,276.88330078125,0.7488055150297201,1.0,1.0,1.0,1.0,1.0
OraclePerfect_B20,JILONG_EI_0199,230,281.3935852050781,0.7461294012537577,1.0,1.0,1.0,1.0,1.0
OraclePerfect_B20,JILONG_EI_0199,240,301.65625,0.751289996116827,1.0,1.0,1.0,1.0,1.0
OraclePerfect_B20,JILONG_EI_0199,250,295.9266052246094,0.7426125857141886,1.0,1.0,1.0,1.0,1.0
OraclePerfect_B20,JILONG_EI_0199,260,291.31317138671875,0.8078392553710396,1.0,1.0,1.0,1.0,1.0
OraclePerfect_B20,JILONG_EI_0199,270,316.97161865234375,0.835117808772112,1.0,1.0,1.0,1.0,1.0
OraclePerfect_B20,JILONG_EI_0199,280,337.54931640625,0.8612046549561717,1.0,1.0,1.0,1.0,1.0
OraclePerfect_B20,JILONG_EI_0199,290,357.6384582519531,0.8839713955280893,1.0,1.0,1.0,1.0,1.0
OraclePerfect_B20,JILONG_EI_0199,300,376.1692810058594,0.9079400678690438,1.0,1.0,1.0,1.0,1.0
OraclePerfect_B20,JILONG_EI_0199,310,400.5162353515625,0.906413240273871,1.0,1.0,1.0,1.0,1.0
OraclePerfect_B20,JILONG_EI_0199,320,421.1678161621094,0.9161779875152377,1.0,1.0,1.0,1.0,1.0
OraclePerfect_B20,JILONG_EI_0199,330,439.32415771484375,0.9223945511128852,1.0,1.0,1.0,1.0,1.0
OraclePerfect_B20,JILONG_EI_0199,340,459.0546875,0.9269043254964203,1.0,1.0,1.0,1.0,1.0
OraclePerfect_B20,JILONG_EI_0199,350,474.1747741699219,0.9302301825909005,1.0,1.0,1.0,1.0,1.0
OraclePerfect_B20,JILONG_EI_0199,360,489.5004577636719,0.9385536782600999,1.0,1.0,1.0,1.0,1.0
OraclePerfect_B20,JILONG_EI_0199,370,499.74957275390625,0.9335925694984542,1.0,1.0,1.0,1.0,1.0
OraclePerfect_B20,JILONG_EI_0199,380,509.5287780761719,0.89930488293528,1.0,1.0,1.0,1.0,1.0
OraclePerfect_B20,JILONG_EI_0199,390,517.4830932617188,0.8559697550624404,1.0,1.0,1.0,1.0,1.0
OraclePerfect_B20,JILONG_EI_0199,400,531.0177001953125,0.7998351211547876,1.0,1.0,1.0,1.0,1.0
OraclePerfect_B20,JILONG_EI_0199,410,537.1465454101562,0.7534923907444413,1.0,1.0,1.0,1.0,1.0
OraclePerfect_B20,JILONG_EI_0199,420,543.3745727539062,0.7144434659864792,1.0,1.0,1.0,1.0,1.0
OraclePerfect_B20,JILONG_EI_0199,430,545.4302978515625,0.7154681347670878,1.0,1.0,1.0,1.0,1.0
OraclePerfect_B20,JILONG_EI_0199,440,545.054931640625,0.7131787052617327,1.0,1.0,1.0,1.0,1.0
OraclePerfect_B20,JILONG_EI_0199,450,542.1466674804688,0.703926543583659,1.0,1.0,1.0,1.0,1.0
OraclePerfect_B20,JILONG_EI_0199,460,536.33154296875,0.690492441794639,1.0,1.0,1.0,1.0,1.0
OraclePerfect_B20,JILONG_EI_0199,470,531.037109375,0.6891545039059167,1.0,1.0,1.0,1.0,1.0
OraclePerfect_B20,JILONG_EI_0199,480,526.211669921875,0.7015718816534354,1.0,1.0,1.0,1.0,1.0
OraclePerfect_B20,JILONG_EI_0199,490,517.2767944335938,0.7139309492919602,1.0,1.0,1.0,1.0,1.0
OraclePerfect_B20,JILONG_EI_0199,500,512.58642578125,0.7236000825928427,1.0,1.0,1.0,1.0,1.0
OraclePerfect_B20,JILONG_EI_0199,510,508.3210144042969,0.732239034370916,1.0,1.0,1.0,1.0,1.0
OraclePerfect_B20,JILONG_EI_0199,520,507.3742980957031,0.7347819703277649,1.0,1.0,1.0,1.0,1.0
OraclePerfect_B20,JILONG_EI_0199,530,507.5455322265625,0.7429709407709975,1.0,1.0,1.0,1.0,1.0
OraclePerfect_B20,JILONG_EI_0199,540,509.4610595703125,0.7472491520895416,1.0,1.0,1.0,1.0,1.0
OraclePerfect_B20,JILONG_EI_0199,550,513.1136474609375,0.7531332659882934,1.0,1.0,1.0,1.0,1.0
OraclePerfect_B20,JILONG_EI_0199,560,514.40380859375,0.7556843669335511,1.0,1.0,1.0,1.0,1.0
OraclePerfect_B20,JILONG_EI_0199,570,517.5617065429688,0.7571391814944352,1.0,1.0,1.0,1.0,1.0
OraclePerfect_B20,JILONG_EI_0199,580,518.0323486328125,0.7556593086876011,1.0,1.0,1.0,1.0,1.0
OraclePerfect_B20,JILONG_EI_0199,590,518.9267578125,0.7531929128866782,1.0,1.0,1.0,1.0,1.0
OraclePerfect_B20,JILONG_EI_0199,600,520.1495971679688,0.7473805314517259,1.0,1.0,1.0,1.0,1.0
OraclePerfect_B20,JILONG_EI_0199,610,521.95703125,0.7441248730546869,1.0,1.0,1.0,1.0,1.0
OraclePerfect_B20,JILONG_EI_0199,620,523.884033203125,0.7394880488698872,1.0,1.0,1.0,1.0,1.0
OraclePerfect_B20,JILONG_EI_0199,630,526.4794311523438,0.7350390732917146,1.0,1.0,1.0,1.0,1.0
OraclePerfect_B20,JILONG_EI_0199,640,527.4756469726562,0.7315312896355105,1.0,1.0,1.0,1.0,1.0
OraclePerfect_B20,JILONG_EI_0199,650,530.5994873046875,0.7307715452272076,1.0,1.0,1.0,1.0,1.0
OraclePerfect_B20,JILONG_EI_0199,660,532.139404296875,0.7312605417932355,1.0,1.0,1.0,1.0,1.0
OraclePerfect_B20,JILONG_EI_0199,670,535.7939453125,0.7303556903591469,1.0,1.0,1.0,1.0,1.0
OraclePerfect_B20,JILONG_EI_0199,680,540.9979248046875,0.7287306548532476,1.0,1.0,1.0,1.0,1.0
OraclePerfect_B20,JILONG_EI_0199,690,545.7298583984375,0.7239030892586145,1.0,1.0,1.0,1.0,1.0
OraclePerfect_B20,JILONG_EI_0199,700,548.57080078125,0.7202776012318517,1.0,1.0,1.0,1.0,1.0
OraclePerfect_B20,JILONG_EI_0199,710,551.8201293945312,0.7166703929808841,1.0,1.0,1.0,1.0,1.0
OraclePerfect_B20,JILONG_EI_0199,720,557.4764404296875,0.7139412974305905,1.0,1.0,1.0,1.0,1.0
OraclePerfect_B20,JILONG_EI_0199,730,564.2015991210938,0.7089402197989797,1.0,1.0,1.0,1.0,1.0
OraclePerfect_B20,JILONG_EI_0199,740,572.050048828125,0.7061250790499098,1.0,1.0,1.0,1.0,1.0
OraclePerfect_B20,JILONG_EI_0199,750,580.4340209960938,0.6998090208092717,1.0,1.0,1.0,1.0,1.0
OraclePerfect_B20,JILONG_EI_0199,760,588.18359375,0.7034773279514281,1.0,1.0,1.0,1.0,1.0
OraclePerfect_B20,JILONG_EI_0199,770,593.81689453125,0.709390359372691,1.0,1.0,1.0,1.0,1.0
OraclePerfect_B20,JILONG_EI_0199,780,599.7462158203125,0.712387959521784,1.0,1.0,1.0,1.0,1.0
OraclePerfect_B20,JILONG_EI_0199,790,607.2573852539062,0.7143111723266035,1.0,1.0,1.0,1.0,1.0
OraclePerfect_B20,JILONG_EI_0199,800,612.756103515625,0.7184249179005741,1.0,1.0,1.0,1.0,1.0
OraclePerfect_B20,JILONG_EI_0199,810,617.3571166992188,0.7219335631981753,1.0,1.0,1.0,1.0,1.0
OraclePerfect_B20,JILONG_EI_0199,820,622.3248901367188,0.7244935682068232,1.0,1.0,1.0,1.0,1.0
OraclePerfect_B20,JILONG_EI_0199,830,628.5108032226562,0.7257474407862419,1.0,1.0,1.0,1.0,1.0
OraclePerfect_B20,JILONG_EI_0199,840,634.21044921875,0.7268325557463522,1.0,1.0,1.0,1.0,1.0
OraclePerfect_B20,JILONG_EI_0199,850,637.9977416992188,0.7275986610993587,1.0,1.0,1.0,1.0,1.0
OraclePerfect_B20,JILONG_EI_0199,860,643.6046752929688,0.7303852846624707,1.0,1.0,1.0,1.0,1.0
OraclePerfect_B20,JILONG_EI_0199,870,649.4168090820312,0.7319861446509917,1.0,1.0,1.0,1.0,1.0
OraclePerfect_B20,JILONG_EI_0199,880,654.03271484375,0.7307298492952212,1.0,1.0,1.0,1.0,1.0
OraclePerfect_B20,JILONG_EI_0199,890,660.4268798828125,0.7309505835735236,1.0,1.0,1.0,1.0,1.0
OraclePerfect_B20,JILONG_EI_0199,900,661.21142578125,0.7297635429127066,1.0,1.0,1.0,1.0,1.0
OraclePerfect_B20,JILONG_EI_0199,910,665.641357421875,0.7299189534436082,1.0,1.0,1.0,1.0,1.0
OraclePerfect_B20,JILONG_EI_0199,920,669.63818359375,0.7286432968513008,1.0,1.0,1.0,1.0,1.0
OraclePerfect_B20,JILONG_EI_0199,930,674.896240234375,0.7258923384223638,1.0,1.0,1.0,1.0,1.0
OraclePerfect_B20,JILONG_EI_0199,940,678.316650390625,0.721874402499428,1.0,1.0,1.0,1.0,1.0
OraclePerfect_B20,JILONG_EI_0199,950,682.8773803710938,0.7192589539149024,1.0,1.0,1.0,1.0,1.0
OraclePerfect_B20,JILONG_EI_0199,960,685.8475952148438,0.7132390965561195,1.0,1.0,1.0,1.0,1.0
OraclePerfect_B20,JILONG_EI_0199,970,688.668212890625,0.7086998268678169,1.0,1.0,1.0,1.0,1.0
OraclePerfect_B20,JILONG_EI_0199,980,690.269775390625,0.703547251674722,1.0,1.0,1.0,1.0,1.0
OraclePerfect_B20,JILONG_EI_0199,990,693.0187377929688,0.6973952834026184,1.0,1.0,1.0,1.0,1.0
OraclePerfect_B20,JILONG_EI_0199,1000,697.94287109375,0.6918954390420959,1.0,1.0,1.0,1.0,1.0
OraclePerfect_B20,JILONG_EI_0199,1010,695.0931396484375,0.6817260644521479,1.0,1.0,1.0,1.0,1.0
OraclePerfect_B20,JILONG_EI_0199,1020,696.15966796875,0.6725817684682973,1.0,1.0,1.0,1.0,1.0
OraclePerfect_B20,JILONG_EI_0199,1030,697.5257568359375,0.6658836500556325,1.0,1.0,1.0,1.0,1.0
OraclePerfect_B20,JILONG_EI_0199,1040,698.56884765625,0.6576310829036214,1.0,1.0,1.0,1.0,1.0
OraclePerfect_B20,JILONG_EI_0199,1050,697.05908203125,0.6498007767385873,1.0,1.0,1.0,1.0,1.0
OraclePerfect_B20,JILONG_EI_0199,1060,699.8426513671875,0.6448636002274933,1.0,1.0,1.0,1.0,1.0
OraclePerfect_B20,JILONG_EI_0199,1070,703.9727783203125,0.6404267389143166,1.0,1.0,1.0,1.0,1.0
OraclePerfect_B20,JILONG_EI_0199,1080,706.0860595703125,0.6355632458077587,1.0,1.0,1.0,1.0,1.0
OraclePerfect_B20,JILONG_EI_0199,1090,708.2431030273438,0.6295493520327561,1.0,1.0,1.0,1.0,1.0
OraclePerfect_B20,JILONG_EI_0199,1100,708.8282470703125,0.6239764105641082,1.0,1.0,1.0,1.0,1.0
OraclePerfect_B20,JILONG_EI_0199,1110,710.734375,0.6188547253568205,1.0,1.0,1.0,1.0,1.0
OraclePerfect_B20,JILONG_EI_0199,1120,715.0610961914062,0.6141349496621551,1.0,1.0,1.0,1.0,1.0
OraclePerfect_B20,JILONG_EI_0199,1130,714.0638427734375,0.6070688439053665,1.0,1.0,1.0,1.0,1.0
OraclePerfect_B20,JILONG_EI_0199,1140,714.94970703125,0.6009304459620851,1.0,1.0,1.0,1.0,1.0
OraclePerfect_B20,JILONG_EI_0199,1150,717.1719360351562,0.5947917055100458,1.0,1.0,1.0,1.0,1.0
OraclePerfect_B20,JILONG_EI_0199,1160,719.0848388671875,0.5898824034961018,1.0,1.0,1.0,1.0,1.0
OraclePerfect_B20,JILONG_EI_0199,1170,721.231201171875,0.5851766309144083,1.0,1.0,1.0,1.0,1.0
OraclePerfect_B20,JILONG_EI_0199,1180,724.3760986328125,0.5822981424660297,1.0,1.0,1.0,1.0,1.0
OraclePerfect_B20,JILONG_EI_0199,1190,728.634765625,0.5804559064228194,1.0,1.0,1.0,1.0,1.0
OraclePerfect_B20,JILONG_EI_0199,1200,730.68212890625,0.5765808456769592,1.0,1.0,1.0,1.0,1.0
OraclePerfect_B20,JILONG_EI_0199,1210,734.160888671875,0.574977175564987,1.0,1.0,1.0,1.0,1.0
OraclePerfect_B20,JILONG_EI_0199,1220,736.4271240234375,0.5712586259701237,1.0,1.0,1.0,1.0,1.0
OraclePerfect_B20,JILONG_EI_0199,1230,738.461181640625,0.5666469805226011,1.0,1.0,1.0,1.0,1.0
OraclePerfect_B20,JILONG_EI_0199,1240,744.0869750976562,0.5632816763109385,1.0,1.0,1.0,1.0,1.0
OraclePerfect_B20,JILONG_EI_0199,1250,745.1187744140625,0.5611747223371684,1.0,1.0,1.0,1.0,1.0
OraclePerfect_B20,JILONG_EI_0199,1260,748.1669311523438,0.5588892430826375,1.0,1.0,1.0,1.0,1.0
OraclePerfect_B20,JILONG_EI_0199,1270,751.7421875,0.55693172415505,1.0,1.0,1.0,1.0,1.0
OraclePerfect_B20,JILONG_EI_0199,1280,756.315673828125,0.5548608205852557,1.0,1.0,1.0,1.0,1.0
OraclePerfect_B20,JILONG_EI_0199,1290,758.4620361328125,0.5531413048255295,1.0,1.0,1.0,1.0,1.0
OraclePerfect_B20,JILONG_EI_0199,1300,762.8680419921875,0.5511208979978349,1.0,1.0,1.0,1.0,1.0
OraclePerfect_B20,JILONG_EI_0199,1310,767.381103515625,0.5487862434123153,1.0,1.0,1.0,1.0,1.0
OraclePerfect_B20,JILONG_EI_0199,1320,767.2188720703125,0.5437441860327578,1.0,1.0,1.0,1.0,1.0
OraclePerfect_B20,JILONG_EI_0199,1330,767.1669311523438,0.5392669717341098,1.0,1.0,1.0,1.0,1.0
OraclePerfect_B20,JILONG_EI_0199,1340,768.692138671875,0.535870973009285,1.0,1.0,1.0,1.0,1.0
OraclePerfect_B20,JILONG_EI_0199,1350,772.4508056640625,0.5329453084695086,1.0,1.0,1.0,1.0,1.0
OraclePerfect_B20,JILONG_EI_0199,1360,771.099609375,0.5269228084471187,1.0,1.0,1.0,1.0,1.0
OraclePerfect_B20,JILONG_EI_0199,1370,773.9625244140625,0.5241445501086048,1.0,1.0,1.0,1.0,1.0
OraclePerfect_B20,JILONG_EI_0199,1380,777.2587280273438,0.5219123100048213,1.0,1.0,1.0,1.0,1.0
OraclePerfect_B20,JILONG_EI_0199,1390,780.582763671875,0.5188147143692862,1.0,1.0,1.0,1.0,1.0
OraclePerfect_B20,JILONG_EI_0199,1400,784.2868041992188,0.5158701728929574,1.0,1.0,1.0,1.0,1.0
OraclePerfect_B20,JILONG_EI_0199,1410,785.2685546875,0.5135591211857685,1.0,1.0,1.0,1.0,1.0
OraclePerfect_B20,JILONG_EI_0199,1420,790.3551025390625,0.5095026723064683,1.0,1.0,1.0,1.0,1.0
OraclePerfect_B20,JILONG_EI_0199,1430,788.458251953125,0.5029142335474451,1.0,1.0,1.0,1.0,1.0
OraclePerfect_B20,JILONG_EI_0199,1440,791.7110595703125,0.5001839541069948,1.0,1.0,1.0,1.0,1.0
