trajectory_h_rel_l2,trajectory_hu_rel_l2,trajectory_hv_rel_l2,trajectory_c_rel_l2,trajectory_ice_rel_l2,trajectory_dz_rel_l2,trajectory_momentum_rel_l2,change_region_h_rel_l2,change_region_hu_rel_l2,change_region_hv_rel_l2,change_region_c_rel_l2,change_region_ice_rel_l2,change_region_dz_rel_l2,change_region_momentum_rel_l2,mean_wet_iou,final_wet_iou,mixture_volume_relative_error,debris_front_mae_km,debris_front_final_error_km,newly_wet_iou,newly_wet_precision,newly_wet_recall,false_positive_wet_fraction,wet_overprediction_ratio,front_zone_h_rel_l2,front_zone_momentum_rel_l2,front_zone_wet_iou,__change_num_h,__change_den_h,__change_num_hu,__change_den_hu,__change_num_hv,__change_den_hv,__change_num_c,__change_den_c,__change_num_ice,__change_den_ice,__change_num_dz,__change_den_dz,__new_intersection,__new_union,__new_pred,__new_truth,method,scenario_id,budget_fraction,selected_patch_count,active_cell_coverage_fraction
1.0116978740898634,0.793966765648634,4.10642282360843,1.6980102646508524,1.0542511275392152,1.1368931773491993,2.916403503211113,0.8022433415832705,0.5501303117390279,0.6620351555809946,0.4478940360405667,0.6567876836067564,0.9674957832143052,0.6091043099966342,0.3580452322154162,0.2141987123716721,0.2470341135345973,11.474366307048731,2.520000457763672,0.0088139712765808,0.0088468734711148,0.7032584417290764,0.5947240365573145,1.67056273533611,0.9474652190096192,0.9522262298561278,0.5753343574729302,22095615.4529984,34331585.49860616,13262645168.084473,43822686784.623886,19516007944.126465,44527558414.58065,8068.9610414505,40222.31467985641,110.50622796408491,256.1750057976751,67864.63769173622,72501.22977417707,10705,1214549,1210032,15222,FrozenGlobal,JILONG_EI_0009,0.0,0,0.0
1.0177542579918426,0.7923091895741187,4.658048868363546,1.802117170330264,1.0337207686537178,1.109344454009909,3.3108908728815143,0.8003802150296607,0.5427893418270993,0.6035797428389665,0.4735122989466186,0.6674346736016302,0.9684653039773532,0.5751318037408467,0.3482765442072308,0.2134538501651312,0.2043355075209744,12.046479171535498,1.950000762939453,0.0084826023962645,0.0085132670137823,0.701935914552737,0.6098988765988146,1.743230415667466,0.9456017494518016,0.9448559728108163,0.5971409667448065,18457007.157070227,28811680.589952502,10608485915.71099,36007318607.353355,14144447624.025532,38825466307.84117,8331.05643209815,37156.73530562222,150.34417528911575,337.49634789254924,86740.71957421303,92481.5048237443,10515,1239596,1235131,14980,FrozenGlobal,JILONG_EI_0029,0.0,0,0.0
1.0085351939508205,0.8024268708318263,3.0636181610600053,1.652829663912546,1.1508739379434376,1.1424759946564835,2.2320564169277186,0.8091115017410052,0.5669829356437057,0.6003061497997162,0.4744819090142925,0.6961493880342086,0.9638914278247708,0.5843495577124268,0.3431622833888123,0.2106560827470082,0.2929114547792281,10.388181961708137,1.3800010681152344,0.0086085522003605,0.0086510133482064,0.6368788966559608,0.6010358696485255,1.6138988093755655,0.9487051073839357,0.9461457598852108,0.580717671381555,22522395.31808144,34403119.76943549,14344274708.648205,44620929967.68163,17008578676.096588,47197874190.75491,9333.297550916672,41456.80176700652,76.10474600216462,157.03875714167316,75563.18106269836,81330.60382030904,10113,1174762,1168996,15879,FrozenGlobal,JILONG_EI_0049,0.0,0,0.0
1.010094327443164,0.8131892337937722,3.254404038990235,1.6466094875278237,1.4516050016686848,1.1244979151062446,2.358324862237012,0.8083136138827857,0.5645000644805501,0.5763242738031166,0.4766204447848681,1.0730952520080987,0.9725484249415156,0.5705796040891604,0.3376040932050282,0.2088925122287721,0.283065918285832,10.28790215918651,1.4099998474121094,0.0087421661192917,0.0087828129988755,0.6538560909443224,0.6057407015010834,1.6205314653853922,0.949595424820844,0.9515242581490369,0.5752821727594108,21247337.99873373,32519565.917531945,13356103555.587008,41913293246.8365,14581109147.240952,43899213296.85787,9354.650477916002,41179.61009020358,65.00206787742647,56.4482686781848,88810.71224737167,93895.09017384052,10123,1157951,1152592,15482,FrozenGlobal,JILONG_EI_0069,0.0,0,0.0
1.010747920638021,0.7946591819734155,3.6438827339234736,1.6983030016166398,1.03459928340938,1.1359231495114153,2.6211790073012478,0.8076544903656772,0.5601004516449162,0.6313475327853139,0.4607893042641677,0.6693032288268164,0.9643084902467408,0.5970652936172636,0.3495515420266576,0.2086061216495999,0.2665445242207745,10.76202814312248,1.5,0.0084763530474947,0.0085134535479446,0.6604493960067597,0.6037593658769376,1.67962989344822,0.947763996111553,0.9524424390596384,0.5817253977419119,23755716.8745738,36418069.18719026,15135819731.888184,48247420689.86666,19533585880.16919,49005519897.72861,8817.996001958847,41530.30475248397,150.12632371443942,335.1282274788109,86273.61745595932,92778.21813547613,10552,1244875,1239450,15977,FrozenGlobal,JILONG_EI_0089,0.0,0,0.0
0.9972235596751834,0.7588774973246598,3.702076694161624,1.4663550735395614,1.0854794858317796,1.1348270018297415,2.6144556217153987,0.806410912432322,0.5400717349559011,0.4991394638925353,0.436987425103589,0.68755729176531,0.9659175047524868,0.5188817505445789,0.379883194715763,0.2290451536797955,0.3183646736371785,11.88021287469999,4.350000381469727,0.0098202038321672,0.0098550134342882,0.735464907878701,0.5588583534523086,1.5394287350870093,0.9433486501488652,0.9502228311585532,0.5940200020736881,17374691.295805156,26718022.109859217,8960315310.613281,30719942261.082848,8545105935.9140625,34298382133.7913,6766.162645876408,35432.725008778274,47.36526393774496,100.1941066053114,69894.72808229923,74914.23455935717,10259,1044683,1040993,13949,FrozenGlobal,JILONG_EI_0109,0.0,0,0.0
1.0217858656366516,0.8204335570518081,4.4142585320311305,1.8905175767865008,1.085129132476789,1.1006866394772463,3.160075462544582,0.8023409037289521,0.5525656762074002,0.6204665588614142,0.4782511863806241,0.6894360375451825,0.9720126865649852,0.5884928162631882,0.3353782033182225,0.2038180797304885,0.2078174989244418,11.224196022311292,1.5300006866455078,0.0080676563175348,0.0080991994495063,0.674426040800665,0.6259640516982267,1.7954032496205208,0.945627535207563,0.9556156536690656,0.5854766660562968,21423099.14124668,33278552.74885588,13032498025.505323,42683483816.23633,17426974303.05021,45267366764.87392,9166.614590168,40077.152742907405,130.9965615189153,275.5953811859654,96677.79488044976,102325.2629685998,10546,1307195,1302104,15637,FrozenGlobal,JILONG_EI_0129,0.0,0,0.0
1.0159527598284832,0.794745193153841,4.9112404157124745,1.782915077703091,1.021596702023273,1.1201700480192658,3.457720840712168,0.7944949695964446,0.5400840810324171,0.6247461457135779,0.452808340356319,0.6529455054766792,0.973769480231164,0.5852618535557875,0.360639469440898,0.2185824544865374,0.2031507685497562,12.705845244963404,3.3900012969970703,0.0086833804713693,0.0087122589126981,0.7237313844456702,0.5960937991364125,1.7123020264385915,0.9439569341942422,0.9571328560970156,0.5837800390658168,18216545.05522083,28859161.51000511,10236668760.60443,35094244483.431915,14576099719.546246,37345145842.27022,7649.722930073738,37309.28019087389,138.53487302753345,324.94154228115826,57922.4895581007,61085.04558469355,10497,1208861,1204854,14504,FrozenGlobal,JILONG_EI_0149,0.0,0,0.0
1.0029122074533667,0.7696345631947263,4.232678227661454,1.56012963516642,1.001214021213885,1.1360054820353036,2.984381945355051,0.800789016849913,0.5496129000353476,0.5621070289135169,0.4326780613277143,0.6427937376150078,0.9663386225498828,0.5560882858389599,0.3746438821381088,0.221897980623322,0.2821452399116696,11.641276673433628,3.149999618530273,0.0089895544208318,0.0090219283808415,0.7147092513981538,0.5768927623057313,1.6328576139572166,0.9484967802374158,0.9634388763689932,0.5820945705661001,21371426.77490042,33327082.84270499,12279652264.39482,40651093598.54572,13664388987.877945,43246621440.80403,7198.493124008179,38451.372286666185,122.29796160123789,295.98925423133187,78838.64291644096,84426.82640565932,10607,1179925,1175691,14841,FrozenGlobal,JILONG_EI_0169,0.0,0,0.0
0.998873102396894,0.7610554520177196,4.4222889017125055,1.5307450802336522,0.9952678310478752,1.136640256741187,3.0993280972594173,0.7961921678611631,0.5281901974327823,0.5032122105134661,0.4344020021753331,0.6222074238381672,0.9646105226750354,0.5149157672050194,0.3876633768028392,0.2363589345746056,0.2777493528548798,12.213404366746545,5.100000381469727,0.0094359973360287,0.0094664770284126,0.7455898771864533,0.556924207355931,1.578749707702588,0.9361973905992772,0.9534720923686992,0.619900231411568,15519576.54633166,24481840.55096493,7531188407.856361,26994969340.09335,7943451770.095994,31369451238.91772,6357.820202291012,33691.83037099242,81.43539125352167,210.35014229263103,52016.66944527626,55903.44233979285,10017,1061573,1058155,13435,FrozenGlobal,JILONG_EI_0189,0.0,0,0.0
0.8952256294053593,0.7257668115834065,2.970317248071112,1.1219836441613775,0.9440050004528614,1.005825828183767,2.133429294881392,0.7452138032078304,0.5376797283520284,0.5450101773569731,0.4140385112992706,0.6377207442861377,0.9403954429720386,0.5413866008337466,0.3384740003436673,0.2822318989071038,0.4373166856164383,13.247746465701452,5.190000534057617,0.0061532310123228,0.0061604990134423,0.8391144396268558,0.6680694379869785,2.547520119413683,1.0522051417729648,1.08303244610553,0.3655836336506753,19065826.713356014,34331585.49860616,12669116412.166016,43822686784.623886,13226292001.117188,44527558414.58065,6895.226489782333,40222.31467985641,104.18323612306324,256.1750057976751,64115.99775719643,72501.22977417707,12773,2075820,2073371,15222,LearnedRandom_B10,JILONG_EI_0009,0.1,19,0.1000409250594945
0.7950081260470024,0.7233782979223936,2.886560778729756,1.1204182686365738,0.9429783977583904,0.9916769854337544,2.086483053747768,0.7637883352551541,0.5389693731139376,0.5065730747342171,0.4430474483497085,0.618464367499718,0.9406206125860854,0.5224120412430867,0.3557831863278968,0.3219090147920737,0.1993720916486192,12.595352334140893,4.620000839233398,0.007936635932066,0.0079503656276413,0.8212950600801068,0.6264987003086007,2.1241368973786487,0.9491918383850568,0.9938848599248182,0.3848561695368598,16807945.62324524,28811680.589952502,10459693433.078123,36007318607.353355,9963246734.957031,38825466307.84117,7293.534271478653,37156.73530562222,129.09173675562317,337.49634789254924,81824.5962318778,92481.5048237443,12303,1550153,1547476,14980,LearnedRandom_B10,JILONG_EI_0029,0.1,19,0.1045556568046632
0.8380708443714227,0.7069261718827148,1.756427343392849,1.0768146556113958,0.959694736610098,0.9962093663669124,1.3351802885417188,0.7614577610510986,0.5489283181397807,0.5198989815804181,0.4457579915936004,0.6758703650472611,0.9381898899639304,0.5342033556041238,0.3636172838578861,0.3210306774380907,0.2543344954115456,11.533636375115467,4.290000915527344,0.0077559475445133,0.0077743824477062,0.7658542729391019,0.6190643215056717,2.0946364618978595,1.0054068663228062,0.9834688380830624,0.4049244532485038,19947545.41038513,34403119.76943549,13445281177.095703,44620929967.68163,12757347093.976562,47197874190.75491,8237.474266409874,41456.80176700652,71.7354220962092,157.03875714167316,71587.21941184998,81330.60382030904,12161,1567958,1564240,15879,LearnedRandom_B10,JILONG_EI_0049,0.1,19,0.1015820492138729
0.8474155825836623,0.741447965134308,2.538961740923869,1.0246976638222842,1.076841243334396,1.0007185198360165,1.8600337124783888,0.7668738942829122,0.5711596964849565,0.5197335316348519,0.4576489876713401,1.1701605682141567,0.9461533920920412,0.5454576222417481,0.3592688091869961,0.320326278659612,0.228042494910677,11.865944209528136,1.770000457763672,0.008043433585517,0.0080638095733525,0.7609481979072471,0.6167341236544709,2.0157282193685706,0.9641938840523951,0.9670300199112724,0.4059362537776304,19124612.645729065,32519565.917531945,13673096981.605469,41913293246.8365,11858184730.888672,43899213296.85787,8624.764436125755,41179.61009020358,77.29324573552869,56.4482686781848,84055.47075736523,93895.09017384052,11781,1464673,1460972,15482,LearnedRandom_B10,JILONG_EI_0069,0.1,19,0.1040449975708722
0.8179955821021955,0.7329978101388817,2.040355365293027,1.1268713717584504,0.9151362230555976,0.995613519681786,1.5251410822507503,0.7571094475152476,0.5721258994064974,0.5591810827655284,0.423672871600689,0.659102772575863,0.9414239959574768,0.565640067467967,0.3825914887661603,0.3447507331378299,0.1818527545164888,12.442657553232634,4.260000228881836,0.0091009555540196,0.0091217796504258,0.7994617262314577,0.5909317766361774,1.935782370404576,1.0413578147217968,0.99429838892934,0.3902892715292737,20875373.168807983,36418069.18719026,15792733879.691406,48247420689.86666,15323216663.667969,49005519897.72861,7454.635802149773,41530.30475248397,145.58521984179603,335.1282274788109,82227.39939510822,92778.21813547613,12773,1403479,1400275,15977,LearnedRandom_B10,JILONG_EI_0089,0.1,19,0.105671205009023
0.8136698640193744,0.6871898577127048,1.6805244922535976,0.9688550309785676,0.9186948873497852,0.9934525982918028,1.2623449252798662,0.7552445339384922,0.5358290978034643,0.4612920414680801,0.3989297292872049,0.6896698410878553,0.9352485433288524,0.4979019247903067,0.3775060482314325,0.3382995407191665,0.2112538033741122,13.15446816057178,4.440000534057617,0.0082089624274148,0.0082205419647412,0.8535378880206467,0.6006853057181989,1.990792084371128,1.0517626692527522,1.125714918354007,0.3651374596134552,15239807.680220604,26718022.109859217,8820089315.88086,30719942261.082848,7298364653.68457,34298382133.7913,5638.938502579927,35432.725008778274,47.65677470784669,100.1941066053114,65526.71967554093,74914.23455935717,11906,1450366,1448323,13949,LearnedRandom_B10,JILONG_EI_0109,0.1,19,0.105488488657122
0.8385522738609387,0.7329276729724032,2.547507374411117,1.1205140654522996,0.9567019843745116,1.0039855705558052,1.866537184701982,0.7786484150380634,0.5519695452552486,0.5442012367990522,0.4431340215687071,0.6572681675104914,0.9537352745100672,0.5479850334308425,0.340769872306779,0.3175188600167644,0.2413954783006176,12.26727297099737,4.469999313354492,0.0078674899981028,0.0078852879126213,0.7770672123808915,0.63491337027455,2.092212169930735,0.975246776605489,0.9479231017543864,0.3911878200602001,20176565.370399475,33278552.74885588,13004393186.607422,42683483816.23633,13406156376.55664,45267366764.87392,7869.86075425148,40077.152742907405,119.05760263829576,275.5953811859654,93076.18209779264,102325.2629685998,12151,1544457,1540971,15637,LearnedRandom_B10,JILONG_EI_0129,0.1,19,0.1005687073041446
0.9313496846130964,0.7555428807996125,5.101940149875131,1.148946871795532,0.9493595665770396,0.9908727003333504,3.583986735069882,0.7351765645854312,0.5456431676393176,0.5078066790946343,0.4049971986450333,0.6359761782449144,0.939104124779822,0.5264767612133059,0.3102986031032919,0.2514383043149129,0.6442343764843359,14.885915437004936,6.329999923706055,0.0053316719208974,0.0053357359771384,0.875,0.7032324072001791,2.864434590815774,1.1108554460959523,1.1278043381088565,0.3387652245781189,15597931.820083618,28859161.51000511,10448485400.730469,35094244483.431915,9630104001.375,37345145842.27022,6119.570025205612,37309.28019087389,131.4277081287468,324.94154228115826,53871.91309714317,61085.04558469355,12691,2380304,2378491,14504,LearnedRandom_B10,JILONG_EI_0149,0.1,19,0.104790220782613
0.8038366600083624,0.7130863149701888,2.1940691788304,1.0851770316322815,0.92564518311307,1.0125264446979283,1.6046403068675892,0.779014825569524,0.5470910464666507,0.5189901671755359,0.3877589055102054,0.6332393177043184,0.9544501594556096,0.5327910506555823,0.3958025599458825,0.3553912507701787,0.162418577373425,12.693356710088835,3.3599987030029297,0.009556103342096,0.0095723470592926,0.8492015362846169,0.5729360510143309,1.8389334065085856,1.096675302728683,1.082833575312143,0.374315585856283,20225010.083543777,33327082.84270499,12167222446.953611,40651093598.54572,11648511806.67578,43246621440.80403,5781.43178331852,38451.372286666185,118.6893329444131,295.98925423133187,76910.73720884323,84426.82640565932,12603,1318843,1316605,14841,LearnedRandom_B10,JILONG_EI_0169,0.1,19,0.1020757981450142
0.8443581297785028,0.721390379420224,2.350097467185364,1.0338220249509824,0.92603580452575,0.9878509609433946,1.702901142877898,0.7383000071087027,0.5169643376414037,0.4373780134216453,0.3955754612497604,0.5876989885409152,0.9203403503436972,0.4758460446525938,0.3497819257157328,0.3019346356123216,0.3344224930141276,12.44829810470184,5.100000381469727,0.0062009652083125,0.0062076345610908,0.852326014142166,0.6493422052440934,2.3600712997644147,0.9923779348285612,1.148744072038001,0.3698180208775359,13344730.58438015,24481840.55096493,7214462958.054199,26994969340.09335,6000961172.480469,31369451238.91772,5272.095781695563,33691.83037099242,72.65285691958553,210.35014229263103,47351.68930286169,55903.44233979285,11451,1846648,1844664,13435,LearnedRandom_B10,JILONG_EI_0189,0.1,19,0.1027372143222393
0.9376811061703372,0.7177786559996723,3.368834133900908,1.4774337642329582,0.9557459091325344,1.0566853560168332,2.402329008859231,0.7566007913139098,0.5463584415540681,0.5697790978581011,0.4359857670050118,0.6399750633062707,0.9479419868391532,0.5582850173814072,0.3821683964312006,0.3140976580437777,0.1201818853885243,12.726338062277982,2.8199996948242188,0.0116682399826402,0.011728039680255,0.6959006700827749,0.5328620391894024,1.3906967798252687,1.1153249306529394,0.948482832365944,0.6487141995595205,19652936.132484917,34331585.49860616,13081402720.013306,43822686784.623886,14455792596.091064,44527558414.58065,7645.601933479309,40222.31467985641,104.9211056922216,256.1750057976751,65149.17082262039,72501.22977417707,10593,907849,903220,15222,LearnedSupportGuard_B10,JILONG_EI_0009,0.1,19,0.1000409250594945
0.8770889734490415,0.7247366236793101,3.5760753581521323,1.5755874740139626,0.9502244150230458,1.0386502461763625,2.5573485751447427,0.7718232426780339,0.5369186932180012,0.5234764425845186,0.4548069092219874,0.61890234856726,0.9464050216164952,0.529987014105198,0.3749179876167154,0.3033614836893525,0.1551298430390288,13.09204250668556,2.1599998474121094,0.0125725773418916,0.012643822874025,0.690520694259012,0.5286135658846991,1.3307879558422229,1.0912022415937863,0.9255077519904586,0.6261250707830972,17163438.453914195,28811680.589952502,10380250413.015312,36007318607.353355,10639248805.36913,38825466307.84117,7685.845605134964,37156.73530562222,129.2746406047832,337.49634789254924,82834.06220197678,92481.5048237443,10344,822743,818107,14980,LearnedSupportGuard_B10,JILONG_EI_0029,0.1,19,0.1045556568046632
0.9294702470777144,0.7111602706031565,1.6794909969806644,1.418065768082134,0.9656908443680354,1.0513381853231965,1.2862922631002314,0.770738990225077,0.5554800538063663,0.5361601434191986,0.4576846039188648,0.6776151435092559,0.9428386354531778,0.5456344364060413,0.3891772387873488,0.3270608545533017,0.1436167315186458,11.20699313824827,1.6800003051757812,0.013471517999197,0.0135800618638178,0.6276213867372,0.4957729517623976,1.2270687327844274,1.1267462324136308,0.917041491876707,0.612354718885506,20436780.79566896,34403119.76943549,13768148932.737185,44620929967.68163,13567864309.776123,47197874190.75491,8684.171703219414,41456.80176700652,72.10627420359398,157.03875714167316,72298.40860414505,81330.60382030904,9966,739783,733870,15879,LearnedSupportGuard_B10,JILONG_EI_0049,0.1,19,0.1015820492138729
0.9389605009357402,0.7373179508712879,1.806046988151884,1.4237660030828756,1.1030237942067598,1.051449579239684,1.3729754622520447,0.7720169336346685,0.5725666444514542,0.5240882346043226,0.4658764307175599,1.1801118311783163,0.9508360463479388,0.5483022376428645,0.3604848620789402,0.2953814038444812,0.2313523433910555,11.448042063342108,1.829999923706055,0.0133477873398864,0.0134452002577834,0.6481720707918873,0.5214905749108437,1.2175562339865529,1.0454157180318888,0.9307257351448706,0.5827069459259382,19381991.22446826,32519565.917531945,13740542321.151085,41913293246.8365,12057730086.310246,43899213296.85787,8937.657523036003,41179.61009020358,78.61346792976302,56.4482686781848,84889.53574180603,93895.09017384052,10035,751810,746363,15482,LearnedSupportGuard_B10,JILONG_EI_0069,0.1,19,0.1040449975708722
0.893383948357963,0.7371500974838473,2.6132948415824133,1.4884661258523393,0.9231856264799176,1.050330246419142,1.909069554589088,0.7698173844190175,0.5835676136106137,0.5738536809606323,0.440580231943792,0.65927571950925,0.9486029269348668,0.578693167963838,0.3988663319395675,0.3278128734847191,0.1856194781120124,11.910839263375822,1.7999992370605469,0.0137301343027472,0.0138321458323906,0.6505601802591224,0.490694834550114,1.251108174537285,1.2264092322201745,0.9233718495944898,0.637349917350147,21582032.655002445,36418069.18719026,16430715066.30573,48247420689.86666,16137912057.192778,49005519897.72861,8061.486526370048,41530.30475248397,145.66163226716014,335.1282274788109,83486.24884879589,92778.21813547613,10394,757021,751438,15977,LearnedSupportGuard_B10,JILONG_EI_0089,0.1,19,0.105671205009023
0.8640464165502858,0.6827657792340124,1.473798492924458,1.2422235588460782,0.9305482385263342,1.0518503704978854,1.1311338289496844,0.7629017722807367,0.5380720385558236,0.4720671012336834,0.4190077086370113,0.6969834159711119,0.9411039518345587,0.5043308900865017,0.4176948871173444,0.3530695770804911,0.1596830236851733,12.720425764296918,4.409999847412109,0.0150880146807215,0.0151795806079144,0.7143881281812317,0.4587493442480383,1.1802455278617257,1.1993747059914297,0.9713119647204794,0.629827292657212,15550399.560196036,26718022.109859217,8894084337.05606,30719942261.082848,7643303501.509888,34298382133.7913,6220.833527028561,35432.725008778274,48.67288246236615,100.1941066053114,66349.78816390038,74914.23455935717,9965,660458,656474,13949,LearnedSupportGuard_B10,JILONG_EI_0109,0.1,19,0.105488488657122
0.9186062806213472,0.7374773303163515,3.5118317524001035,1.6397375702369408,0.971932950610658,1.0437234851319397,2.5258540980720885,0.7875460818263563,0.5541125508476724,0.550646384314657,0.4527629882091263,0.659562446616474,0.9573408543971316,0.5523312684823335,0.3621940336067254,0.2901996520586529,0.2540952234778265,12.062937218096708,1.829999923706055,0.0134068653191494,0.013496212731668,0.6694378717145233,0.5283185937374126,1.2647254365954448,1.073491914094982,0.9236528255126556,0.611573117520456,20640317.86879625,33278552.74885588,13105567560.657196,42683483816.23633,13725583487.081186,45267366764.87392,8215.588814020157,40077.152742907405,119.89022505534984,275.5953811859654,93781.25817513466,102325.2629685998,10468,780794,775625,15637,LearnedSupportGuard_B10,JILONG_EI_0129,0.1,19,0.1005687073041446
1.056166435900049,0.7341991506927176,5.355964439042418,1.5589809033616546,0.9682127870759348,1.0348357834658477,3.756229433151157,0.7480725062124363,0.5495610306789716,0.5161421972046729,0.4271269052735518,0.6381104269559223,0.9455598009369642,0.5325943328822684,0.3722756369399396,0.2974595504795373,0.276401868522011,15.136056674827993,4.980001449584961,0.0111392118213963,0.0111880408957733,0.7184914506343077,0.5491287828002157,1.435722032696748,1.3669218478179694,0.986072029599632,0.6578321074300434,16149946.786079643,28859161.51000511,10599069892.350588,35094244483.431915,9948850213.858002,37345145842.27022,6806.607820510864,37309.28019087389,132.3112949203136,324.94154228115826,54615.12140619755,61085.04558469355,10421,935524,931441,14504,LearnedSupportGuard_B10,JILONG_EI_0149,0.1,19,0.104790220782613
0.8605852707306293,0.7162446396511178,2.627623409756653,1.3828437994569291,0.939253758085722,1.0650468872477623,1.8922279821794288,0.7878358670482652,0.552064126666239,0.5281475034966097,0.4066930855127135,0.633401197328238,0.9582255552160316,0.5398681933644988,0.4099834789439527,0.3316453523302721,0.2798315532249983,12.497832200952343,3.3599987030029297,0.0138820224278236,0.0139591955905039,0.7151809177279159,0.4828814909683537,1.2598668242502145,1.194573837700029,0.9818653608375888,0.6399219471050607,20685632.19227177,33327082.84270499,12389428919.31693,40651093598.54572,12063203306.122328,43246621440.80403,6359.828745365143,38451.372286666185,118.75002355496886,295.98925423133187,77520.39242219925,84426.82640565932,10614,764586,760359,14841,LearnedSupportGuard_B10,JILONG_EI_0169,0.1,19,0.1020757981450142
0.9295821733296552,0.7095278539153727,2.6004891162298085,1.3335183920789466,0.917671471781238,1.0455044932950242,1.8656316736093252,0.7460355912134211,0.5223683200540202,0.4516582089690579,0.415894842419782,0.5871362443149489,0.9262021070734991,0.4856447508066337,0.4042103735459778,0.3451032644903398,0.1592286921529952,13.13574493566779,5.159999847412109,0.0126760745059594,0.012735345345968,0.7314477112020841,0.4956395058643348,1.2920926996797002,1.0457460358721478,1.0060453329568868,0.653785507721278,13625836.04398348,24481840.55096493,7366081159.056923,26994969340.09335,6399215525.970475,31369451238.91772,5827.626033723354,33691.83037099242,72.51378776321326,210.35014229263103,47956.78719431162,55903.44233979285,9827,775240,771632,13435,LearnedSupportGuard_B10,JILONG_EI_0189,0.1,19,0.1027372143222393
0.5498977539889278,0.540421773912562,0.5518892990829315,0.5045934086565853,0.5189882166825149,0.2885411734886878,0.5460152623854369,0.7054905633298403,0.4964768111445471,0.5280623911856432,0.4613250415956187,0.6834507467975645,0.703408956768581,0.5126389037483752,0.8977815456288359,0.9411687972867204,0.0741411459782152,9.42063398575279,1.020000457763672,0.1350049796402052,0.1431493115893597,0.7035212192878728,0.0586857319707106,0.9986034977490752,0.8727272397821324,0.8652582244290605,0.7601623075718187,17087411.506252766,34331585.49860616,10801820059.323608,43822686784.623886,12416504720.665527,44527558414.58065,8560.144946813583,40222.31467985641,119.6606064340258,256.1750057976751,35872.46010629786,72501.22977417707,10709,79323,74810,15222,RandomPerfect_B10,JILONG_EI_0009,0.1,19,0.1000409250594945
0.5368566718472101,0.5526251709147683,0.5033236853820596,0.565892640881279,0.5276910616108534,0.3002534715375221,0.5290182207840503,0.7159501698015324,0.5103339533996987,0.4665475057918313,0.4770469318635161,0.64079912333145,0.787745441480774,0.488106789228025,0.8909050300390032,0.9585492227979274,0.0908827218005501,8.293732482047988,0.0,0.1031738670722884,0.107000634847348,0.7425901201602136,0.0841138589401183,1.0407768612696051,0.7172473448401228,0.6999171785617722,0.8193182700001569,14768425.085460337,28811680.589952502,9377772847.276466,36007318607.353355,8451006280.240234,38825466307.84117,8455.898527622223,37156.73530562222,138.5839371648408,337.49634789254924,57388.73940312048,92481.5048237443,11124,107818,103962,14980,RandomPerfect_B10,JILONG_EI_0029,0.1,19,0.1045556568046632
0.4880232603250828,0.5443791846609642,0.5280340497540319,0.4888364345724864,0.5400974865593244,0.2542876330244553,0.5363301121542488,0.7341546352396418,0.5259515806305813,0.5048201903665323,0.4976259626315259,0.6863441766894832,0.7730717218804347,0.5151976204759358,0.8919001849567437,0.9621706235324812,0.0684951785866987,7.965734323629966,0.1799983978271484,0.111713552853836,0.118072315711751,0.674727627684363,0.0721337819924543,1.0176800506069346,0.8190495728502357,0.8424736777697356,0.7842818575484523,18542697.68124688,34403119.76943549,12343267660.15808,44620929967.68163,12028067892.69226,47197874190.75491,10266.014097929,41456.80176700652,73.97598489542361,157.03875714167316,48606.41289073345,81330.60382030904,10714,95906,90741,15879,RandomPerfect_B10,JILONG_EI_0049,0.1,19,0.1015820492138729
0.5263819691295409,0.525771461575216,0.5234841250532973,0.5067750703495484,0.7288854186117882,0.2865210943291888,0.5246439006241669,0.7092042755747937,0.4986591330444094,0.4659608316178712,0.4938593333356794,1.0306616929237085,0.6946177402958088,0.4822087091770612,0.8831470470523846,0.938985736925515,0.1020559052474592,8.289507174890646,0.029998779296875,0.1024436649027885,0.1079461209146914,0.6677431856349308,0.0781652514871094,1.0187325913006136,0.7898139459009814,0.8263774718743923,0.8010378690272212,16356388.979366064,32519565.917531945,10422198518.718384,41913293246.8365,9531375092.238403,43899213296.85787,10043.585055589676,41179.61009020358,59.96293688093283,56.4482686781848,45303.79934134404,93895.09017384052,10338,100914,95770,15482,RandomPerfect_B10,JILONG_EI_0069,0.1,19,0.1040449975708722
0.5686179847324954,0.5758845562536333,0.6167959899863369,0.5130844193436442,0.5083762207667757,0.2726305824035604,0.5964190296832136,0.7365905785681308,0.5129607544631155,0.528854044182884,0.4739431089061531,0.6791187639061748,0.800609874565379,0.5210299446075571,0.8992273596547036,0.9405902644691452,0.0733679753193609,8.536573625944712,1.8000011444091797,0.1297235992891217,0.1375765692036802,0.6944357513926269,0.0628643504818996,1.007421944721454,0.8032867943388305,0.760194043910901,0.7558701314028695,19759194.488688946,36418069.18719026,12695282803.020386,48247420689.86666,13706187243.809326,49005519897.72861,9328.623041152954,41530.30475248397,154.56190779653843,335.1282274788109,59468.62703602249,92778.21813547613,11095,85528,80646,15977,RandomPerfect_B10,JILONG_EI_0089,0.1,19,0.105671205009023
0.541280970550205,0.549627052887451,0.5103316054585967,0.4798374684030181,0.5550017117297177,0.2712435192312502,0.5312555927342771,0.7500022215268617,0.5103894253478991,0.4631377472007378,0.4947247659631269,0.678267738335854,0.7690869401817052,0.4860360964581597,0.8917986444181256,0.9434610303830911,0.0868704612315889,8.519785873804773,0.0599994659423828,0.1075998246675989,0.1118476008635372,0.7391210839486702,0.0716693275127157,1.0208808773511266,0.7492935341947825,0.7846708372563559,0.8339343708800304,15028976.469133375,26718022.109859217,8002464027.537964,30719942261.082848,7356885423.10144,34298382133.7913,8672.251360416412,35432.725008778274,46.0940106724147,100.1941066053114,44311.374311422,74914.23455935717,10310,95818,92179,13949,RandomPerfect_B10,JILONG_EI_0109,0.1,19,0.105488488657122
0.5302538109361644,0.5687976456143385,0.6050694900995909,0.5317504476421443,0.4927644600318934,0.2764901541789243,0.5870338313795965,0.7612190487846987,0.5261940180577924,0.5441039060343427,0.4905366813768763,0.6792637310114901,0.7399600541856578,0.5354868641311407,0.8972059914973765,0.9429300389418558,0.112189174315304,8.134405664734906,0.0599994659423828,0.1288959323824617,0.1369544973274993,0.6865767090874209,0.0648138903609039,1.0118264566564723,0.8316101858212944,0.785644908208985,0.7710734888004422,19283405.15484205,33278552.74885588,11818209172.770264,42683483816.23633,13401361404.84868,45267366764.87392,9643.614405155182,40077.152742907405,127.15949288618869,275.5953811859654,56027.26471526595,102325.2629685998,10736,83292,78391,15637,RandomPerfect_B10,JILONG_EI_0129,0.1,19,0.1005687073041446
0.4848953127391645,0.4794034366471117,0.5196996532535845,0.5391561307414083,0.5813701395398859,0.2328108812315759,0.4992370192834671,0.6642631112652196,0.4666717612619608,0.4969248080830389,0.4681759246929897,0.6629208296535316,0.6290977769992528,0.4825052467458052,0.9011729319372894,0.9373979314099076,0.0704355627021485,8.813357220164367,1.170000076293945,0.1257491425655388,0.1318648497293261,0.7305570876999449,0.0643729505692154,1.0129555713281453,0.7907976125487505,0.7922805029280435,0.7765765136185894,12733974.601385357,28859161.51000511,7642913448.877319,35094244483.431915,9221796135.709778,37345145842.27022,8177.772490978241,37309.28019087389,142.8001185117755,324.94154228115826,24175.262776437918,61085.04558469355,10596,84263,80355,14504,RandomPerfect_B10,JILONG_EI_0149,0.1,19,0.104790220782613
0.5270407910757089,0.5782825469938304,0.5653385946706102,0.4714872116281432,0.4945461957061544,0.2606311655540448,0.5721067099807733,0.772888341515851,0.5378105813804478,0.5134077346657417,0.4723186461024615,0.6696750397920249,0.832594446615093,0.5253732530780375,0.9090080004663404,0.9591417191314404,0.0991550422210488,8.556474997199697,1.230001449584961,0.1440666719749449,0.1521108604576216,0.7314870965568357,0.0534065203726613,1.0020315760842091,0.7917841561966046,0.8284654226227454,0.8152126663192508,19908145.84452963,33327082.84270499,11757931314.41565,40651093598.54572,11399268916.152954,43246621440.80403,8577.920674324036,38451.372286666185,132.74071994297265,295.98925423133187,58525.81688479008,84426.82640565932,10856,75354,71369,14841,RandomPerfect_B10,JILONG_EI_0169,0.1,19,0.1020757981450142
0.501543148745773,0.5692327951869922,0.5007002164961557,0.4920994643901528,0.4785353268668449,0.2759273729277618,0.5377255446764958,0.7071253448765367,0.5105874158619652,0.441380384709799,0.4821315192969995,0.612658536294354,0.7499110770539255,0.474646265698892,0.8996506184768224,0.9433079288674956,0.059819431055715,9.386785843130202,0.0600004196166992,0.1188199945370117,0.1238656481745137,0.7446966877558615,0.0634241754873665,1.0100109263061012,0.8272554540143936,0.8360371785960982,0.784299800984693,12241563.006221434,24481840.55096493,7037575258.819382,26994969340.09335,6111291214.693695,31369451238.91772,7831.692987203598,33691.83037099242,78.95502731815213,210.35014229263103,31438.230109995377,55903.44233979285,10005,84203,80773,13435,RandomPerfect_B10,JILONG_EI_0189,0.1,19,0.1027372143222393
1.3080416461900777,0.7432153080895672,2.003523446501972,1.0108591000583813,0.8962999088586667,0.9381777284540196,1.4939251572785988,0.7153570968570833,0.5864562000309045,0.509433829649542,0.3978669035520664,0.6075084766294753,0.9142282951101508,0.5489901097305908,0.3068405937074947,0.2669066494094806,1.351842948171184,13.94790229076272,5.520000457763672,0.0055302019991924,0.0055351387141739,0.861122060176061,0.700237703029366,2.775317665219203,2.04868545491049,1.2021516097528882,0.3331040109698172,17568700.54725647,34331585.49860616,15071974991.171877,43822686784.623886,11555917829.871094,44527558414.58065,6367.114903092384,40222.31467985641,94.54562537506028,256.1750057976751,60597.497591257095,72501.22977417707,13108,2370257,2368143,15222,LearnedRandom_B20,JILONG_EI_0009,0.2,37,0.2102214909313982
0.9164828676771688,0.7345743931267297,1.3814704347098532,0.9468973262695994,0.9004747110144151,0.942387590911075,1.1004536204362354,0.7510085684116523,0.6082054470639422,0.5127570525297248,0.4201516877642213,0.5897489199483331,0.9283869981490808,0.5607157669687102,0.313778673400208,0.3029666720508264,0.5035384276845387,13.115915688095798,4.8600006103515625,0.007402464806645,0.0074132787378587,0.8353805073431242,0.6592372614851161,2.1994964373328925,1.5034654499526965,1.1158827713988015,0.3769618092972892,16250187.465779305,28811680.589952502,13319606424.515623,36007318607.353355,10207983639.291016,38825466307.84117,6559.183389425278,37156.73530562222,117.38250842901842,337.49634789254924,79710.03265859187,92481.5048237443,12514,1690518,1688052,14980,LearnedRandom_B20,JILONG_EI_0029,0.2,37,0.1969605698538014
1.0442795739990562,0.7078544028744688,1.1879107702146403,0.966587654258439,0.9092381156635352,0.924835476745561,0.9760562600467836,0.7240579113687585,0.5589157860806535,0.4828915826500489,0.414967554723269,0.6604827961316109,0.916731904529995,0.5212236916922439,0.3323996250939875,0.3034547152194211,0.7685404372909349,12.87398612603441,4.409999847412109,0.0074855664412941,0.0074992772205781,0.8037030039675043,0.6469177229642896,2.1775899941722328,1.6279978513540034,1.04689846752543,0.3785079258972801,18036174.72002411,34403119.76943549,13938992021.283691,44620929967.68163,11005802338.75,47197874190.75491,7138.781313717365,41456.80176700652,68.50619858529573,157.03875714167316,68350.0267534256,81330.60382030904,12762,1704881,1701764,15879,LearnedRandom_B20,JILONG_EI_0049,0.2,37,0.2053131958217301
0.9189944536469148,0.7247971317920635,2.07331337431646,0.9165595244681845,1.0747709864870432,0.938890928088535,1.545142143931742,0.7567427154275287,0.5742770065147188,0.5055035968271206,0.458656150471783,1.2337275858096997,0.9201835555028424,0.5401895021742147,0.3208889033763585,0.2931971419945657,0.4526824845168403,11.386363837164598,2.010000228881836,0.0074507764427501,0.0074640048411295,0.8078413641648365,0.6556736437245694,2.172820403144792,1.23039824783689,0.972618338836604,0.3835515915201261,18622639.573242188,32519565.917531945,13822755994.975586,41913293246.8365,11217736583.875,43899213296.85787,8662.767799019814,41179.61009020358,85.9189928087017,56.4482686781848,79504.51981401443,93895.09017384052,12507,1678617,1675642,15482,LearnedRandom_B20,JILONG_EI_0069,0.2,37,0.2019685719366401
0.9896919644952522,0.7100105559654086,1.077777754397822,0.9864964444713292,0.8713261119404182,0.9297422411488,0.910212834549395,0.7840472897179296,0.5726579624595269,0.5332453064963728,0.414005534592306,0.6303144856809806,0.9329885466303132,0.5531491371320025,0.3501139666131067,0.3205880708815473,0.528485308018176,12.8687415047959,4.529998779296875,0.0088577778569949,0.008876373773582,0.8087250422482318,0.6162129376275834,1.9276112718585077,1.6422897363646998,1.0849668925129017,0.3765989935844425,22387285.225708008,36418069.18719026,15822121248.376951,48247420689.86666,13934746874.11328,49005519897.72861,7118.31843316555,41530.30475248397,133.14522184726997,335.1282274788109,80760.43548375368,92778.21813547613,12921,1458718,1455662,15977,LearnedRandom_B20,JILONG_EI_0089,0.2,37,0.2024227039637749
0.9419448520244392,0.6924673085756522,1.1294675603708302,0.8981013981715591,0.9241905416867068,0.9329745233672092,0.9268726748411044,0.7196136988232922,0.5323354802701421,0.4527083094008363,0.3782552061413267,0.7073026096127687,0.9242424102497632,0.4919395030203384,0.3444323805720892,0.3104794627518351,0.528346212314154,13.006170208149769,3.959999084472656,0.0074575035528501,0.0074648848567573,0.8829306760341243,0.6358507794781787,2.1420745622639354,1.488755326568352,1.2391383797418145,0.3626898215756893,13835764.115976334,26718022.109859217,8705449910.276733,30719942261.082848,7029275526.351074,34298382133.7913,5069.608030557632,35432.725008778274,50.124805223110286,100.1941066053114,63993.53956723213,74914.23455935717,12316,1651491,1649858,13949,LearnedRandom_B20,JILONG_EI_0109,0.2,37,0.2062675112033413
0.9157639208147365,0.7322388414172124,1.345847386033615,0.970756613839763,0.9293074045242358,0.9503019904609954,1.080469476840311,0.7497134812125111,0.603454821134662,0.5281820923145735,0.4493496033369134,0.6048584430721815,0.927741669342898,0.565964452852912,0.2991796495936831,0.2940195874140446,0.5164679525184499,12.17874133013762,4.680000305175781,0.0068351659022992,0.0068474410259443,0.7922235722964763,0.6768060879267217,2.303048095005379,1.4568018925744302,1.0312596103271467,0.3777394070798574,18704886.2572937,33278552.74885588,15543520197.291992,42683483816.23633,12628523515.742188,45267366764.87392,8092.180941939354,40077.152742907405,100.82759987414067,275.5953811859654,88071.82504850626,102325.2629685998,12388,1812392,1809143,15637,LearnedRandom_B20,JILONG_EI_0129,0.2,37,0.2022281823062504
1.334084810456602,0.7478964151090559,3.293534584498748,1.0754058665741717,0.926812162230712,0.9568904739439322,2.349329310764817,0.7012277391065669,0.5347768801934301,0.5013556309283632,0.3877303462424371,0.6144023931223541,0.92279734282632,0.5178164549111356,0.2628026905921119,0.2334483730102831,1.530813892617791,15.47366181540657,6.480001449584961,0.0045928936625437,0.0045956346303999,0.8850661886376172,0.7429279619777575,3.183717599411835,2.409661488528758,1.2844053606110504,0.3310369781838027,14190636.770202637,28859161.51000511,10036473537.833984,35094244483.431915,9386981325.785156,37345145842.27022,5608.883973956108,37309.28019087389,122.66228049734232,324.94154228115826,52017.272078990936,61085.04558469355,12837,2794970,2793303,14504,LearnedRandom_B20,JILONG_EI_0149,0.2,37,0.2042480594630053
0.9181837252455404,0.6967604276767788,1.7028128491747645,0.9588707423078824,0.8999937468258911,0.9319032426580592,1.2822280942551734,0.7149466509928073,0.5727078714517333,0.4856837977825605,0.3834972940151412,0.6029341613233089,0.9203939377631444,0.5296383696539062,0.3656316029056531,0.3280780780780781,0.4659512949547372,13.158591555247844,3.689998626708984,0.0090100002271488,0.0090237590820548,0.855265817667273,0.5999352192490396,1.875207309822574,1.4748387070777398,1.1706361480258576,0.363421931915668,17035095.52861595,33327082.84270499,13333327233.921877,40651093598.54572,10201391535.171877,43246621440.80403,5655.050032615662,38451.372286666185,107.60085605061332,295.98925423133187,71520.07537555695,84426.82640565932,12693,1408768,1406620,14841,LearnedRandom_B20,JILONG_EI_0169,0.2,37,0.2057286681318008
1.2362768880803627,0.7362060183459466,2.3161243369626847,0.988526809933446,0.8937851714705317,0.9295358975493396,1.6839811952969514,0.7125382670660979,0.5404066055489807,0.4540451017850218,0.3699610183299816,0.561786947318766,0.9071870486269172,0.4958625167922456,0.3162194434728294,0.2736691374663073,1.2095862311618422,14.3484507702737,6.989999771118164,0.0052991887977932,0.0053025621166749,0.8928172683289914,0.6915455497632261,2.7180097646059247,1.761530227599074,1.3660466432940463,0.3587845380811468,12429694.41175127,24481840.55096493,7883591931.271973,26994969340.09335,6467030530.338989,31369451238.91772,4611.439739763737,33691.83037099242,66.3874670864924,210.35014229263103,46007.88127839565,55903.44233979285,11995,2263554,2262114,13435,LearnedRandom_B20,JILONG_EI_0189,0.2,37,0.2042015295421923
1.934934971197964,0.7188282079740386,2.9965024786665677,1.3732057018219517,0.9175870510417076,1.0107776091438432,2.149920965996238,0.7617264221289517,0.5912555505497109,0.5236617676947709,0.4186362258550663,0.6105363163623371,0.9258807241573332,0.558213009393855,0.392476582253174,0.3453590192644483,0.5794415366034402,12.753986063328655,2.8199996948242188,0.01446541232583,0.0145650084690113,0.6790172119301011,0.4868036360959102,1.1945617785800062,2.9640569236205465,1.00863300211437,0.6384014755532704,19920117.73999977,34331585.49860616,15319671838.33484,43822686784.623886,12210420402.895449,44527558414.58065,7049.2136298418045,40222.31467985641,95.49041017589624,256.1750057976751,62152.050094246864,72501.22977417707,10336,714532,709646,15222,LearnedSupportGuard_B20,JILONG_EI_0009,0.2,37,0.2102214909313982
1.228068481290416,0.7249510820072366,1.739568450774342,1.4575027485074106,0.9106141372391312,1.0074327079312404,1.3236390978725243,0.7778682520149172,0.609089634156666,0.5287385384400616,0.4456032405270886,0.5929250672409503,0.9375423052221056,0.5688196543085425,0.3844130188193279,0.3314938522606254,0.282176731115345,13.879225690704835,2.1599998474121094,0.0185606627920993,0.0187254461159717,0.6783711615487317,0.4529661607603206,1.0257879902974172,2.240863407708125,1.012463347485023,0.638195564214827,17433343.383683182,28811680.589952502,13358361699.21285,36007318607.353355,10854219824.973446,38825466307.84117,7377.924889445305,37156.73530562222,118.65026174951656,337.49634789254924,81289.90860939026,92481.5048237443,10162,547502,542684,14980,LearnedSupportGuard_B20,JILONG_EI_0029,0.2,37,0.1969605698538014
1.257511058388611,0.7035605379456006,1.5566216628923797,1.3671173612064598,0.9265027782956992,1.008081225828352,1.20491150037454,0.7517206668691707,0.5734239796613875,0.506868885887241,0.441765713371475,0.6655209969220794,0.926108710003868,0.5402375606826529,0.4042579300707052,0.3514261184775351,0.3108339945759335,12.084545597538249,1.6500015258789062,0.0195886424883666,0.0198268724428229,0.6198123307513067,0.4187825552606585,0.9780927428526835,2.29892242384597,0.9394139585463812,0.6092158427340851,19440651.19000914,34403119.76943549,14672033784.689837,44620929967.68163,12125892230.531582,47197874190.75491,8090.582803487778,41456.80176700652,69.55532322635696,157.03875714167316,69755.41616845131,81330.60382030904,9842,502434,496397,15879,LearnedSupportGuard_B20,JILONG_EI_0049,0.2,37,0.2053131958217301
1.2335720406934274,0.7415292405367888,2.073774163743019,1.3364254456617186,1.1060677277597462,1.0196991013975851,1.5494625089082903,0.805361835977436,0.5873001774530126,0.5239373928546635,0.4683298785781123,1.2346730350390909,0.9330052467789204,0.5557888077543851,0.3605381921581941,0.3044268094464097,0.2389537154700065,10.90804227488441,1.920000076293945,0.0168951287931457,0.0170637256528809,0.6309908280583904,0.4766370524866218,1.019683492910415,2.559705574581817,0.9486484546804258,0.5491532092187972,21092440.42710224,32519565.917531945,14456795911.10058,41913293246.8365,12050790234.428265,43899213296.85787,9032.042279422283,41179.61009020358,86.05072881262235,56.4482686781848,81735.56243181229,93895.09017384052,9769,578214,572501,15482,LearnedSupportGuard_B20,JILONG_EI_0069,0.2,37,0.2019685719366401
1.1065871087919954,0.7120049526208245,1.872587522353812,1.397738748375736,0.877892652622911,1.0080836799729742,1.409545652698284,0.8080262326264684,0.5788786168188103,0.5411616847524516,0.434474348025208,0.6317897862657298,0.9399691893601604,0.5601906465018442,0.4048568809602069,0.3397411496003045,0.2381734156294264,12.41307675671744,1.7999992370605469,0.0199039267248203,0.0201241532785445,0.645240032546786,0.421078397322034,0.9900915195787052,2.067359223320254,0.9511877326940242,0.6333006802575718,23777590.1789217,36418069.18719026,16167732529.74121,48247420689.86666,14351559018.159817,49005519897.72861,7839.590868592262,41530.30475248397,133.76922496676733,335.1282274788109,81973.45954680443,92778.21813547613,10309,517938,512270,15977,LearnedSupportGuard_B20,JILONG_EI_0089,0.2,37,0.2024227039637749
1.2663828994045443,0.6810510254137967,1.267338075379272,1.1896467766034482,0.9347022139624628,1.0216063879427055,1.0042060344465358,0.7538689153111976,0.543268022959897,0.4656856792899999,0.4006389772451481,0.7102559762290069,0.9348175800678414,0.5038328761021564,0.4220526679816911,0.3654638657151473,0.2197364938568496,12.446596040370617,4.409999847412109,0.0190652931374034,0.0192064464068035,0.7217721700480321,0.4166839180279256,1.0356082447431527,1.8792409364423173,1.028212267252561,0.5823670412016109,15184342.012900284,26718022.109859217,9066688206.285233,30719942261.082848,7438055254.460186,34298382133.7913,5687.363032311201,35432.725008778274,50.54427488443918,100.1941066053114,65466.3440618515,74914.23455935717,10068,528080,524199,13949,LearnedSupportGuard_B20,JILONG_EI_0109,0.2,37,0.2062675112033413
1.2501203237814718,0.736944948871689,1.9387873395472068,1.5285704706522922,0.9510524900497848,1.0077002406300477,1.4611777453184132,0.7692282124188801,0.6074622276899142,0.5385601549210057,0.4587635834938494,0.6131795322653862,0.9351513243645698,0.5730347100121173,0.3669106531533727,0.3171153846153846,0.3153457069532673,11.408391887595604,1.829999923706055,0.017332680592569,0.0175010791316819,0.6430261559122594,0.4749316544401977,1.0394097219224188,1.8398217458459596,0.9699210304529664,0.5898966908473628,19691320.427825622,33278552.74885588,15750647646.704128,42683483816.23633,13129665759.955528,45267366764.87392,8434.79889845848,40077.152742907405,103.62087002639184,275.5953811859654,89484.2610129714,102325.2629685998,10055,580118,574536,15637,LearnedSupportGuard_B20,JILONG_EI_0129,0.2,37,0.2022281823062504
1.8965561226682863,0.7106505742713987,3.5475719598826,1.5346925820594868,0.9436572360594035,1.010829034775979,2.515765995015356,0.7322143210503503,0.5349369123996617,0.5263781621737759,0.4218860923266669,0.6195984878136882,0.932515415011592,0.5305418071622199,0.3640241386862122,0.3155473781048758,0.7554047155443064,14.635352312469148,4.980001449584961,0.0139576742885018,0.0140368663093464,0.7121483728626585,0.5164827037790163,1.2039412818705952,3.381165714327744,1.1177989379072808,0.6519074178493803,15472487.706721164,28859161.51000511,10042481274.459925,35094244483.431915,10347367804.310734,37345145842.27022,6640.599495172501,37309.28019087389,124.74580093092436,324.94154228115826,53118.63931798935,61085.04558469355,10329,740023,735848,14504,LearnedSupportGuard_B20,JILONG_EI_0149,0.2,37,0.2042480594630053
1.0957395308267,0.6916106354398959,1.3693502972724727,1.2974527827936984,0.9049472452659664,1.0182558875408307,1.0717789755264342,0.7442737708204495,0.577287278015598,0.5038232867420294,0.4046228103357219,0.6035882141500014,0.9319057258457544,0.5406669125113158,0.4167020199033179,0.3493382281905129,0.1633526490927247,12.456126860539678,3.4499988555908203,0.0178195420571173,0.0179641455125659,0.6888349841654875,0.4288240059969561,1.059653075486852,1.9315175203164283,1.013004943972592,0.6204895559219448,18461319.112725604,33327082.84270499,13547407898.538452,40651093598.54572,10977631753.01242,43246621440.80403,6295.244007110596,38451.372286666185,107.83442986437488,295.98925423133187,73320.33233523369,84426.82640565932,10223,573696,569078,14841,LearnedSupportGuard_B20,JILONG_EI_0169,0.2,37,0.2057286681318008
1.474119133912962,0.6953776420170336,1.9031250669408832,1.2606090525308211,0.9023861328753064,1.009766371204481,1.4058098092825,0.7330487130387098,0.5471715783641211,0.4662668718215321,0.3921043596508344,0.5632996807669056,0.918241968975831,0.5052999800395056,0.4116789635668563,0.3605864364094261,0.5356737520338265,13.310915774455898,5.280000686645508,0.0140401488143602,0.0141146841580994,0.7266840342389281,0.4728999324632404,1.213681266419625,2.112491232498499,1.1242706331519028,0.6372455192173128,13155572.015266716,24481840.55096493,8082205713.419228,26994969340.09335,6819869139.644883,31369451238.91772,5179.978386104107,33691.83037099242,66.74547380994483,210.35014229263103,47136.01120144129,55903.44233979285,9763,695363,691691,13435,LearnedSupportGuard_B20,JILONG_EI_0189,0.2,37,0.2042015295421923
0.4380296954030729,0.4283272086101997,0.4756882090068673,0.3284852671689311,0.3775987814315996,0.1650861902145789,0.4519244441062003,0.6916190678545387,0.4322283398447165,0.4747475394346509,0.4685547114106597,0.658686156595815,0.6110567114980219,0.4541553877824192,0.952463066030184,0.9777777777777776,0.0778999862533489,7.512887467590856,0.7800006866455078,0.3221421965641902,0.3597133558643134,0.7551570095913809,0.0216426714465887,0.988655371355347,0.6200828961619771,0.6077609548360632,0.864850783621315,16422065.3817797,34331585.49860616,8187012969.556503,43822686784.623886,10035853825.37082,44527558414.58065,8830.548450231552,40222.31467985641,111.14599725976586,256.1750057976751,27071.25627409597,72501.22977417707,11495,35683,31956,15222,RandomPerfect_B20,JILONG_EI_0009,0.2,37,0.2102214909313982
0.4405901976016789,0.439373868209623,0.4542588683051635,0.3805621684183778,0.3736799919291069,0.1723414264960531,0.4467366362926672,0.709416329990548,0.4539561285090359,0.4379311357589524,0.4820824011707249,0.6709932163327154,0.6285768425164497,0.4457138104885139,0.9432037548378782,0.9786125582670688,0.0515266338111908,7.110211322110303,0.3299999237060547,0.2206885734452199,0.2380710659898477,0.7514018691588785,0.0366004038452645,1.0058970065327049,0.6372629578849657,0.6434477820541853,0.8507803898533469,14500098.55097706,28811680.589952502,7420250188.541153,36007318607.353355,7446090793.309805,38825466307.84117,8635.353160619736,37156.73530562222,151.95162072776293,337.49634789254924,36540.260734920856,92481.5048237443,11256,51004,47280,14980,RandomPerfect_B20,JILONG_EI_0029,0.2,37,0.1969605698538014
0.3896407083892237,0.4534829642464631,0.4574875688760899,0.3390204683974022,0.3506522111236212,0.1514300142369983,0.455474666373698,0.6241764639422428,0.4553883649553067,0.4516494849866221,0.4637448959932206,0.5772336776341858,0.5654719205131574,0.4534703085123901,0.9445859136317668,0.9733280777821574,0.0629895589705825,7.066285853939397,0.1799983978271484,0.268140589569161,0.2952854217649703,0.7446942502676491,0.0283201597066912,0.9922072294197636,0.5709385025905027,0.5758337853487439,0.8662671616354416,13403326.730495123,34403119.76943549,9253424333.595505,44620929967.68163,9627764906.02832,47197874190.75491,8915.67195224762,41456.80176700652,52.32511264937057,157.03875714167316,26006.15130332124,81330.60382030904,11825,44100,40046,15879,RandomPerfect_B20,JILONG_EI_0049,0.2,37,0.2053131958217301
0.4740042446211437,0.4741962338536376,0.476760534935753,0.3844855565231446,0.553782524989451,0.1778389395570681,0.4754634524123025,0.7133405580284473,0.4616846774021,0.4381323822106306,0.4935481613433298,0.6832127572395087,0.5112235962966349,0.449790101766137,0.9312666532484491,0.9781694915254238,0.0631090989854873,7.740212907922183,0.029998779296875,0.2020403942924105,0.2160309563294637,0.7572665030357835,0.0422948425330086,1.0045892079483787,0.7353638078161555,0.7405636798508379,0.8289414400210326,16547735.641278991,32519565.917531945,8933933354.480835,41913293246.8365,8426892297.071732,43899213296.85787,10030.932473897934,41179.61009020358,26.348904319085705,56.4482686781848,24539.441011109622,93895.09017384052,11724,58028,54270,15482,RandomPerfect_B20,JILONG_EI_0069,0.2,37,0.2019685719366401
0.4662601649520524,0.5040038912074354,0.5683980392335812,0.3478352837800285,0.3400053330824651,0.1849223788469811,0.5367391151646248,0.7477083525500192,0.5046932614014011,0.5566486487058202,0.4683410813047728,0.5964131349231638,0.6630126722879598,0.5315086304848529,0.9414748901299363,0.9789336801040311,0.0875810761788355,7.8631691554902305,0.0,0.2330271888655122,0.2561257615511184,0.720973899981223,0.0324059226658903,0.9956573640592838,0.7164746013325684,0.7370442075167765,0.8182990083356255,20360169.109596934,36418069.18719026,12289355661.293455,48247420689.86666,15184738570.10913,49005519897.72861,9109.396936655045,41530.30475248397,119.2080018359702,335.1282274788109,40783.98757699737,92778.21813547613,11519,49432,44974,15977,RandomPerfect_B20,JILONG_EI_0089,0.2,37,0.2024227039637749
0.4075450071171151,0.5127813836939272,0.4333132028836058,0.3274436885134385,0.4197305522272514,0.1803040469209496,0.4765506774715822,0.6810934982355601,0.5029749389008256,0.4276762649780919,0.4833042618181418,0.669317235052924,0.6845731242524414,0.4647762534050417,0.9477060384532486,0.9729982622644032,0.0571204736096581,7.217333457646546,0.3000001907348633,0.2775622974337176,0.3060250139128906,0.7490142662556456,0.0238899615921056,0.9881416217818028,0.7552444802167207,0.7604503829690523,0.8492814219822963,12394179.281010984,26718022.109859217,7771647396.055481,30719942261.082848,6273413756.523846,34298382133.7913,8276.482542037964,35432.725008778274,44.88551307039029,100.1941066053114,35107.83403646771,74914.23455935717,10448,37642,34141,13949,RandomPerfect_B20,JILONG_EI_0109,0.2,37,0.2062675112033413
0.4254716852326477,0.4752506974083251,0.4441455154079875,0.3770543844890641,0.3988681045401,0.1420620201836042,0.4601153003334462,0.6276300073682438,0.4590407172960066,0.4600283414349529,0.4706088102128246,0.633370125967215,0.5100138534500673,0.4595493020151639,0.9421383548034068,0.9743975903614458,0.0718603749780363,7.378951227852514,0.0900001525878906,0.2102379634753735,0.2280768461076646,0.728848244548187,0.0390207058791254,1.0071371461431262,0.6201834181652782,0.5943293086999007,0.8405880492777081,13109068.40190059,33278552.74885588,8994194568.302795,42683483816.23633,9579755150.567947,45267366764.87392,8875.993312597275,40077.152742907405,110.5572137856143,275.5953811859654,26616.24682685046,102325.2629685998,11397,54210,49970,15637,RandomPerfect_B20,JILONG_EI_0129,0.2,37,0.2022281823062504
0.4040013185460417,0.4106026513990893,0.4484751723303315,0.3529829460769171,0.3605681035867019,0.1403930274166789,0.4292788493160399,0.6390513532619871,0.4516091955526931,0.4554749000922627,0.457459203500643,0.7079223764396534,0.5980400033962855,0.4536062211938996,0.954139021119334,0.9762067550936688,0.0693601876633041,7.921901514622527,1.1099987030029297,0.2813744768819644,0.3072708752030394,0.7695118587975731,0.0258688704747523,0.9984871881627562,0.5782539332130172,0.5828190041831821,0.8911748969402027,11785695.774473429,28859161.51000511,7157501536.736542,35094244483.431915,7747526284.467895,37345145842.27022,7807.672878503799,37309.28019087389,162.84578327083727,324.94154228115826,21847.17929572705,61085.04558469355,11161,39666,36323,14504,RandomPerfect_B20,JILONG_EI_0149,0.2,37,0.2042480594630053
0.4096688781960546,0.4089336341785617,0.4729009125446357,0.3716937230491143,0.3850727675144793,0.1943301349062622,0.4407944274286139,0.6452356304656,0.4155684421144242,0.4826242843226672,0.4540582117644308,0.6469681520552937,0.6983894658538055,0.4513793445153629,0.939658239704773,0.9739007456929802,0.0781208635333117,7.735714411096914,0.2700004577636719,0.1986862265114559,0.2119720426875093,0.7601913617680749,0.0379333048871501,1.0041425858304789,0.6273891053376266,0.630719094332156,0.8601918644042839,13875031.70011422,33327082.84270499,7020327199.139603,40651093598.54572,10073271187.172684,43246621440.80403,7927.475577116013,38451.372286666185,123.89156794041628,295.98925423133187,41179.00272529025,84426.82640565932,11282,56783,53224,14841,RandomPerfect_B20,JILONG_EI_0169,0.2,37,0.2057286681318008
0.3861023767336198,0.4719368379596322,0.4364501584191583,0.33014044464465,0.3559364651385717,0.1470014881317562,0.4554025425733636,0.6759996001004343,0.4743229528447313,0.4477125409633771,0.4807780840039293,0.609143924089466,0.590806627469499,0.4602117991046217,0.9497336714504636,0.9703435319377348,0.0543964540395832,7.640935356253021,0.2700004577636719,0.3019744826973742,0.3339444135266965,0.7592854484555266,0.0207050861888383,0.9852082946724064,0.6415019409538006,0.5841391739484643,0.8705109759397965,11187600.331166612,24481840.55096493,6073389307.821144,26994969340.09335,6287897314.31778,31369451238.91772,7787.784586310387,33691.83037099242,78.05174976424314,210.35014229263103,19513.234689570207,55903.44233979285,10201,33781,30547,13435,RandomPerfect_B20,JILONG_EI_0189,0.2,37,0.2042015295421923
1.003534919300496,0.764795454571607,4.297086717988478,1.5711540955173149,1.0638947335988644,1.1209715892040364,3.02147776110126,0.8018834694740863,0.5420612473033399,0.5293723366241737,0.445924019091215,0.6645004019463956,0.969046802271526,0.5354342586795394,0.3723072957207813,0.2284006755878914,0.2571226445830226,11.74659593905329,4.1100006103515625,0.0094467679718496,0.0094779529168669,0.7416774751405102,0.5737960516047795,1.6108491892638177,0.9425433650652952,0.9505037243457832,0.6049987455302209,16317721.831820477,25376808.590233617,8684316768.178955,29555542556.124622,9162458776.98706,32695617830.37517,6904.712146759033,34723.52818476036,58.46194897738295,132.39841732103378,76023.08014392853,80957.28886890411,10293,1089579,1085994,13878,FrozenGlobal,JILONG_EI_0019,0.0,0,0.0
1.0170897912231724,0.7782735001431168,5.034308917368157,1.7954139901324022,1.0005056984842493,1.1036313071826496,3.5555139980256287,0.802134198312757,0.5432503599991004,0.5119148955457495,0.4882268599565907,0.6746239496997244,0.9673195073244646,0.5270245302081243,0.3511286353242991,0.2200692929552162,0.1904189159846305,14.88169033237746,4.649999618530273,0.0089150919071557,0.0089438864116613,0.7346864009378663,0.5995181210359648,1.678775409357382,0.9421803664765496,0.9412011673237198,0.6359549353129123,13336244.188495044,20727144.440217003,7361897812.72034,24945357901.36344,7231748835.802757,27596105776.552704,7616.990192055702,31955.091040883213,166.45517100680763,365.7411123409984,71942.13663947582,76885.32242523134,10027,1124722,1121101,13648,FrozenGlobal,JILONG_EI_0039,0.0,0,0.0
1.0070739734514516,0.7693106031453227,3.886190923960044,1.6321636634517174,1.079588070473533,1.124621086111612,2.7605661942289115,0.802377091400228,0.5366215352178447,0.5651132619904842,0.4639761808418066,0.6561109170902404,0.9659211683211828,0.551699138320177,0.3607421169418987,0.2218929192706655,0.2450607957407101,11.308943895413211,3.0,0.0093183804147223,0.0093527496902129,0.7171759453048695,0.58421710473456,1.6121735400716293,0.945349733128861,0.9435564631674896,0.5991852411197106,16156429.878758335,25095066.9514793,8667186573.63086,30098298892.845078,10528332738.526855,32967696484.868637,7606.962638139725,35336.20548405871,68.29088675107823,158.63836451845418,66541.09319448471,71319.21658104658,10280,1103196,1099142,14334,FrozenGlobal,JILONG_EI_0059,0.0,0,0.0
1.005149478626294,0.7732864289256716,3.527635172127018,1.601824523169176,1.182383342846225,1.1236053662134338,2.5181291323405635,0.8048957301278932,0.5393986717804916,0.5227347497895254,0.472412456824638,0.7469341269436799,0.9665444269961332,0.5306476163407499,0.3541470905751178,0.2199324324324324,0.2594042097343708,11.229507267501363,3.060001373291016,0.0095523474486058,0.0095887649318678,0.715516632530546,0.5854891150888728,1.578446275491887,0.9459630306704324,0.9414994142808504,0.5911123118462718,14746577.723934025,22762082.71220981,7861886017.667666,27021347192.559574,8294932485.025772,30356389200.495186,7704.4785967469215,34522.367499114014,47.05894301559438,84.34853874377063,66030.23512101173,70680.4330277443,10131,1060577,1056549,14159,FrozenGlobal,JILONG_EI_0079,0.0,0,0.0
1.0062147097387764,0.7568244800268772,4.242228795270743,1.6338070151397597,0.988964450402706,1.116579104218718,3.006910963253958,0.8048251808147314,0.53976421979629,0.5801393336568373,0.4635376110838459,0.673176793269643,0.9653084945587804,0.5612337847638483,0.3650630887676034,0.2242518703241895,0.2454776483520983,11.35943684191771,2.760000228881836,0.0093126617125045,0.0093481567745925,0.7103656445084723,0.5809009710899024,1.609893987557082,0.9464672047128544,0.9375112949539558,0.6148541833962098,16797038.757894516,25931617.838365976,9154833879.48828,31422612033.22519,11585099083.155272,34421923012.18359,7591.257642388344,35330.011182207614,169.5875524943417,374.2275019290392,76009.1666507721,81570.61096382141,10355,1111927,1107705,14577,FrozenGlobal,JILONG_EI_0099,0.0,0,0.0
1.0067571659401289,0.7750286347822727,5.12234686978519,1.6698989575011631,0.945271910724976,1.1156214507672206,3.586676250305003,0.8005812413304574,0.5309086672190559,0.4950077275051917,0.4624994521992562,0.6868426714417012,0.9632243769012792,0.5118004216962028,0.375997947825139,0.2324464892978595,0.2143161515780352,15.5552116105674,6.750000953674316,0.0091985839367142,0.0092261562650384,0.7547816385081287,0.5670167797704891,1.5833765287681596,0.9329913000921968,0.9512308412930262,0.6393368430109502,11712396.99672136,18274056.568535265,5627300851.771584,19964594959.49474,5765026817.296474,23527586264.43009,6345.335181772709,29664.16461913288,206.39283578162213,437.5020383175179,46329.745004832745,49934.99145291746,9471,1029615,1026538,12548,FrozenGlobal,JILONG_EI_0119,0.0,0,0.0
1.0154774071887396,0.7838914737881756,4.712090028926955,1.7780260841023676,1.0347074346746832,1.1115526160711495,3.332852616617118,0.796890219386443,0.5319141169828197,0.5512110768168842,0.4806074840803016,0.6530902886092441,0.9687081741604384,0.5421385497301706,0.3540983432140281,0.2203848088531187,0.1979584583052289,12.803239678045813,3.1500015258789062,0.0089321081429311,0.0089631332178434,0.7207080640629391,0.5978321491538252,1.68509508248703,0.9425815763447944,0.9444713378177348,0.6157843748814256,14542991.515370212,22901121.856757905,7758156477.568336,27420508326.108334,9223353205.400995,30356588774.160496,7871.601145505905,34078.62169221509,116.11448187371904,272.2324782969081,64419.88261532784,68648.96600997448,10260,1148665,1144689,14236,FrozenGlobal,JILONG_EI_0139,0.0,0,0.0
1.0062712280847337,0.760823974034856,4.374733811334991,1.6207314815343954,1.021404994662982,1.1135500023066454,3.084436485697029,0.8039074215121133,0.5391705331430792,0.5286701990438973,0.462317950562469,0.638498692698305,0.9672169431655616,0.5335971320149508,0.3648923134633772,0.2265770561618312,0.2346088240242569,11.668521401537976,3.780000686645508,0.0094542981019801,0.0094853612566236,0.742728147435423,0.5784655640069083,1.5991314525016918,0.9436349899593756,0.9391220950191566,0.6179977352414286,14095359.773401717,21810423.04252069,7267844852.043549,25000767984.394268,7982492266.336212,28560699926.19287,6909.851628005505,32328.623210713267,74.78070347636276,183.4296433017298,71743.83194875717,76689.6539349556,10035,1061422,1057946,13511,FrozenGlobal,JILONG_EI_0159,0.0,0,0.0
1.0010573143378487,0.7597244906967449,3.458675404175949,1.5371601330506537,1.060144462209892,1.1334780907158128,2.4645210913051483,0.8087183620368427,0.5410303147353562,0.5411189494248946,0.45080889562295,0.6450707469418522,0.9649846818449416,0.5410761208886141,0.3673448378490435,0.2253484602917342,0.2912769959679973,11.40676073771967,3.09000015258789,0.009549316551961,0.0095872019897966,0.7073052060888302,0.5712477278104149,1.5492574273958697,0.9470844919775774,0.941620113488121,0.5857026327477908,17724718.926971316,27100964.614665315,9639845646.487429,32932665280.28005,10312581267.07951,35219395577.81594,7416.151045322418,36491.659354142845,63.61683670780246,152.8823588847772,63972.074137330055,68698.8699157536,10176,1065626,1061415,14387,FrozenGlobal,JILONG_EI_0179,0.0,0,0.0
1.0097355704918696,0.776811451934982,4.3230777859810745,1.6750196800650827,1.1063616706995645,1.0959626816502273,3.048718523948338,0.8018385017151535,0.5372876587819271,0.5140292269854868,0.4699589913771149,0.7342171728787035,0.972952037350532,0.52491337491718,0.3554132689942553,0.2245271507016473,0.211665287511257,11.659225609310916,4.229999542236328,0.0091547610878141,0.0091828457892112,0.74958238420653,0.5908162945334458,1.640952056828758,0.9406730555151676,0.9396105064583322,0.6105012831383244,13143373.936928542,20442455.09004381,6657082283.58276,23060578331.02716,7082500669.638861,26804702911.097485,7070.229903131723,32012.05909247789,49.2227587522972,91.30969125659487,68375.89938902855,72230.42800281942,9872,1078346,1075048,13170,FrozenGlobal,JILONG_EI_0199,0.0,0,0.0
0.8100348552189871,0.6922655476219891,2.835332048437795,0.9840862105736468,0.934070750174406,0.9974446280398506,2.0228453916885125,0.7361533524586352,0.5365247699992294,0.4791550255479248,0.4091673612031299,0.6898253581638039,0.9471984186214968,0.5072026940434518,0.3607480757107741,0.3120120745289892,0.2123608424608186,12.364405673752715,4.260000228881836,0.0074132468485742,0.0074225172813975,0.8558149589277994,0.6272943242732685,2.169998926177242,0.9713162453109392,1.0612480656369154,0.3666240178870705,13752244.732177734,25376808.590233617,8507823865.42627,29555542556.124622,7506571808.904297,32695617830.37517,5813.341192722321,34723.52818476036,63.002981746925215,132.39841732103378,72633.65260386467,80957.28886890411,11877,1602132,1600131,13878,LearnedRandom_B10,JILONG_EI_0019,0.1,19,0.1069127296504183
0.8927490045501327,0.7653617908578215,3.6185390387666714,1.0911198465850722,0.9185465410855556,0.9772051313061768,2.582881721869009,0.7535195748410568,0.5759315149057639,0.4824979744308936,0.4455633678203879,0.6014761899899954,0.9380366127565942,0.5289197501933709,0.3202199861781245,0.2990191121448073,0.4644367101126234,12.845070581830724,3.239999771118164,0.0061655871761727,0.0061722134638574,0.8516998827667057,0.6726200099289948,2.5119399833786304,1.1971974533005785,1.1903947530693322,0.3713801592523402,11768701.60734558,20727144.440217003,8274303120.34668,24945357901.36344,6424491959.160156,27596105776.552704,6343.939243674278,31955.091040883213,132.31548148546932,365.7411123409984,67652.37063619494,76885.32242523134,11624,1885303,1883279,13648,LearnedRandom_B10,JILONG_EI_0039,0.1,19,0.1035204591264158
0.892623067555323,0.7397604047441875,2.27175724434211,1.08317669624508,0.9442179714396476,0.9925218270271048,1.6679535358088358,0.761824725009612,0.5404619785202117,0.4799264367948404,0.4253241497614805,0.6595848994909745,0.9431542379728588,0.5097146817907999,0.3296019242165853,0.2966600246702723,0.4539505676365437,12.594929748044258,3.060001373291016,0.0063645207937031,0.0063724172802025,0.8370308357750802,0.6641108163200419,2.428214201462609,1.1585966451021046,1.1496571393662485,0.3644644255471943,14564597.454597471,25095066.9514793,8791687529.847656,30098298892.845078,7593429247.476562,32967696484.868637,6392.34191763401,35336.20548405871,69.01597577602799,158.63836451845418,63441.28996992111,71319.21658104658,11998,1885138,1882802,14334,LearnedRandom_B10,JILONG_EI_0059,0.1,19,0.1089538244510639
0.9046872635110124,0.7484593837081414,2.265097204860073,1.100284700694267,1.060416113862746,0.998024001392234,1.6661141778657147,0.7771773384517553,0.5426305615864315,0.4658308070759253,0.4446867673239796,0.7476761155598044,0.9418661931624436,0.5034603075534212,0.3188859900806317,0.2853777941991502,0.4358709092903906,12.701197257370389,3.6000003814697266,0.0059850977745099,0.005991844615284,0.8416554841443605,0.6803303143350297,2.556326015954047,1.055377601515866,1.0727921537603442,0.373415596586759,13748403.01435852,22762082.71220981,7956379648.508301,27021347192.559574,6587286089.824219,30356389200.495186,6826.671166300774,34522.367499114014,47.15248417739021,84.34853874377063,62701.45506119728,70680.4330277443,11917,1991112,1988870,14159,LearnedRandom_B10,JILONG_EI_0079,0.1,19,0.102891480951129
0.8284649483123423,0.699092377861465,2.208857888725142,1.0639277068089317,0.8951195141122871,0.9735621828202397,1.619453327035057,0.76334919489356,0.527544642717479,0.4939896380033118,0.4177639043488784,0.6522129817957337,0.9394770331334368,0.510278218373678,0.3721026350559355,0.3308970479072688,0.2553976106423991,13.081458423700598,3.0,0.0084759580725937,0.0084898658134175,0.8380325169788022,0.6052488641222894,2.004198914266251,1.0347408876427346,1.113120307960437,0.3702467998787525,15110405.405067444,25931617.838365976,8745018196.479492,31422612033.22519,8399836008.203125,34421923012.18359,6166.029548108578,35330.011182207614,159.18955850903518,374.2275019290392,71995.6157503128,81570.61096382141,12216,1441253,1438892,14577,LearnedRandom_B10,JILONG_EI_0099,0.1,19,0.1047163046798358
0.976674802322228,0.7678062940698008,2.582028357873962,1.1094247244005806,0.8950347453123577,0.97575621771304,1.8699103991797068,0.7546685871778495,0.5180185507443491,0.4400041363703879,0.4240040462936467,0.6034838091389402,0.9289138548684028,0.4774012989502965,0.330069997044222,0.2906038400890455,0.7351452305631884,14.039366419256574,5.250000953674316,0.0056144010807385,0.0056179747278365,0.8982307937519923,0.6720696677524998,2.6102192810411733,1.1153353435146949,1.325428635148675,0.3704734351539961,10407526.155044556,18274056.568535265,5357363675.770508,19964594959.49474,4555026341.75,23527586264.43009,5333.006644427776,29664.16461913288,159.33505204349595,437.5020383175179,43087.952851474285,49934.99145291746,11271,2007516,2006239,12548,LearnedRandom_B10,JILONG_EI_0119,0.1,19,0.1052081392370922
1.0133245061943978,0.7529501377178373,2.2696494002309366,1.0938710858611136,0.9288360353915333,0.9873584622660938,1.6718720101697289,0.7567172585029012,0.5515019225479205,0.5097350015006117,0.4348066610440044,0.5943940089672108,0.9310557911558628,0.5299677738030778,0.2859371028223031,0.2708625898974424,0.6235957839123064,13.250704486657616,4.80000114440918,0.0053348520063414,0.005339795141319,0.8521354313009273,0.7093242419029449,2.8160534822474523,1.0253069135622723,1.1068783001285394,0.3691640844466557,13113663.512088776,22901121.856757905,8340067450.748047,27420508326.108334,7887545532.445312,30356588774.160496,6442.7962726950645,34078.62169221509,96.18088827525916,272.2324782969081,59509.378111064434,68648.96600997448,12131,2273915,2271810,14236,LearnedRandom_B10,JILONG_EI_0139,0.1,19,0.1016628251564043
0.7929014603729693,0.7061524767715542,1.3197005377165951,1.0033667906299648,0.919727394514234,0.9936039018697866,1.0473952509464763,0.759480093288318,0.5394852983595327,0.4772315456300732,0.4225151809256383,0.6399059581649138,0.9503732819146578,0.5072413168613783,0.3564804338720044,0.3245859444941808,0.1998800137427939,12.44366217729911,5.400001525878906,0.0078818167063406,0.0078917219188767,0.862630449263563,0.6208564388365401,2.0778900300866536,0.9348028063666456,1.104189524474496,0.384349191498293,12580470.379089355,21810423.04252069,7276333196.199219,25000767984.394268,6504697927.160156,28560699926.19287,5771.276012226939,32328.623210713267,75.11070344147626,183.4296433017298,69266.81439781189,76689.6539349556,11655,1478720,1476864,13511,LearnedRandom_B10,JILONG_EI_0159,0.1,19,0.1048406326282481
0.8830876309896354,0.7116658202076444,2.0348371694793213,1.004285349982187,0.8985271581186386,0.9796540017469904,1.5036526327688338,0.7561783868723282,0.5282112282272651,0.4431667099375124,0.3978363215183281,0.592901648849802,0.9248595907369516,0.4861234305109372,0.3582998172112541,0.3125275155309886,0.4147583571663475,12.072464988055364,3.09000015258789,0.0070039675589059,0.0070118555566805,0.8616111767567943,0.6370306893622922,2.3120174196478667,0.9444658409587838,1.1202160163385508,0.3759760243874237,15496487.472358704,27100964.614665315,9188447488.648926,32932665280.28005,6916974222.5625,35219395577.81594,5775.671358048916,36491.659354142845,53.74309721746846,152.8823588847772,58762.6269043088,68698.8699157536,12396,1769854,1767863,14387,LearnedRandom_B10,JILONG_EI_0179,0.1,19,0.1055211393672696
0.8899598296978697,0.8131630627403723,2.5528843232587537,1.0820694642698003,0.9938967433877524,1.0027532231435454,1.8642429775367384,0.7812738262954938,0.5560294865802132,0.5000375527407099,0.4450293053923871,0.7898296667930149,0.9522641794398764,0.5266718557078794,0.2674830481523478,0.258679747959572,0.3656936098516567,11.999155062395085,4.170000076293945,0.004743128851218,0.0047468873524851,0.8569476082004556,0.7280948124278074,2.9448042832807797,0.986510270883258,1.0444103649085572,0.3951331717515075,12477845.460861206,20442455.09004381,7129611098.07373,23060578331.02716,6702182355.6328125,26804702911.097485,6340.0229613780975,32012.05909247789,56.96180710783152,91.30969125659487,65499.0625974834,72230.42800281942,11286,2379442,2377558,13170,LearnedRandom_B10,JILONG_EI_0199,0.1,19,0.1051984078365107
0.9049694738887026,0.6873755704247715,2.204496492382554,1.3110147115646442,0.9438062225246748,1.0492764735675677,1.6028328770371931,0.7485340667372188,0.545768460866138,0.4958124398087185,0.4286541025232203,0.692634718883833,0.9532567852818684,0.5201290829736167,0.4000851461032759,0.3365463308174957,0.1283184959219015,12.733426802693964,4.319999694824219,0.0142251367231351,0.0143019595984548,0.7258971033290099,0.4860646052180073,1.2318758319995773,1.0544483295485705,0.9552977007780368,0.6174558087551996,14218708.30403791,25376808.590233617,8803508864.066334,29555542556.124622,8037562929.18735,32695617830.37517,6380.251755237579,34723.52818476036,63.51719456463121,132.39841732103378,73565.76685285568,80957.28886890411,10074,708183,704379,13878,LearnedSupportGuard_B10,JILONG_EI_0019,0.1,19,0.1069127296504183
0.9638518139316438,0.7373087531751046,3.27993886301215,1.5601453576976974,0.9168809171523534,1.023389569181858,2.34801852428211,0.7656982928627842,0.5845624555154386,0.491100283708667,0.4612155049551267,0.601242945644261,0.9434467597674164,0.5375038440292819,0.3974533222580276,0.3353487952350871,0.1754315851714483,13.93774654306996,3.299999237060547,0.0142846810891073,0.01436887841684,0.7091148886283705,0.4890885676201597,1.2341600592978594,1.4843166357442623,1.0534851337993132,0.6564854792068985,12152197.845903073,20727144.440217003,8524159680.057307,24945357901.36344,6655614680.161294,27596105776.552704,6797.478722155094,31955.091040883213,132.21288106829203,365.7411123409984,68434.99414807558,76885.32242523134,9678,677509,673539,13648,LearnedSupportGuard_B10,JILONG_EI_0039,0.1,19,0.1035204591264158
0.9784418150986984,0.7243339925027059,1.8657015748454693,1.4419906530462536,0.94248598027875,1.046641428313143,1.3987926297671658,0.7706864962813128,0.5461361322174164,0.4916974275462029,0.4455496379341137,0.6606693038642498,0.950014330825668,0.5183919637178122,0.3850992803026661,0.3418841220698805,0.1587764524553163,12.999929702643987,3.09000015258789,0.0135172454276569,0.0135934495994547,0.7068508441467839,0.5068731673428594,1.258265028201334,1.3954928994535791,0.972848491472122,0.6443063807577162,14905407.634281456,25095066.9514793,8977259334.720764,30098298892.845078,7970479985.156494,32967696484.868637,7014.7484520077705,35336.20548405871,69.24309664601144,158.63836451845418,64367.53489923477,71319.21658104658,10132,749561,745359,14334,LearnedSupportGuard_B10,JILONG_EI_0059,0.1,19,0.1089538244510639
1.06193730042306,0.7295475981263794,2.260101200432106,1.420293197045641,1.1240838453462074,1.0476645876213222,1.6584858672502514,0.7910689221322236,0.5487819305546129,0.4704498939853868,0.4586447678185152,0.7559523772421924,0.946007999405153,0.5088438616767837,0.368781117274474,0.3207769810293183,0.172608552316413,12.24549327352622,3.30000114440918,0.0131652536614432,0.0132358891627298,0.7115615509569885,0.5245607710041869,1.267810828086828,1.3439924556570493,0.952218176976646,0.6042200596740668,14244284.641020024,22762082.71220981,8137792352.010349,27021347192.559574,6718570246.166345,30356389200.495186,7261.953410923481,34522.367499114014,48.20215306278761,84.34853874377063,63254.12014746666,70680.4330277443,10075,765272,761188,14159,LearnedSupportGuard_B10,JILONG_EI_0079,0.1,19,0.102891480951129
0.8839138662738456,0.6949482428097521,2.724029728710752,1.4313319251230157,0.9022465152569435,1.027745145034338,1.963374955537219,0.7731713865419798,0.532435896012584,0.5024746067135492,0.4344028342298805,0.6523608446864606,0.9444461482326668,0.516989501762653,0.4193219716685128,0.3489465593634144,0.1440581701962933,13.486250083479616,2.8800010681152344,0.0159356078302759,0.0160417231187065,0.7066611785689785,0.457451251888131,1.1817543313981251,1.1996973651931702,0.960475280613666,0.6623405333531194,15501765.3716975,25931617.838365976,8907932917.288248,31422612033.22519,8690872263.611101,34421923012.18359,6666.978815078735,35330.011182207614,159.2617462670895,374.2275019290392,72759.23340678215,81570.61096382141,10301,646414,642138,14577,LearnedSupportGuard_B10,JILONG_EI_0099,0.1,19,0.1047163046798358
1.0198558125384252,0.7434527067689728,2.7033461875980973,1.4780207097016207,0.8974818200676455,1.0251224249971471,1.945271725617669,0.7636867032138683,0.5255962409850305,0.4472245041290283,0.4373369518106457,0.6024615101688507,0.9326210581733204,0.4847758520833516,0.4173939769576268,0.3604109949942917,0.2684249363579785,15.63507049793089,6.720000267028809,0.0125166152683415,0.012567677467201,0.7549410264583998,0.4914492913670875,1.3399407755565207,1.2980447175096888,1.0909231425164196,0.690553476190519,10657747.406037364,18274056.568535265,5515247478.442977,19964594959.49474,4705746813.7439785,23527586264.43009,5673.675195455551,29664.16461913288,158.79568349274666,437.5020383175179,43432.55864083767,49934.99145291746,9473,756834,753759,12548,LearnedSupportGuard_B10,JILONG_EI_0119,0.1,19,0.1052081392370922
1.166731509146296,0.7254041436693988,2.2628645795557145,1.5051057739507172,0.931662105635112,1.0331163684978033,1.6611078790322935,0.7748156131197025,0.5633375333763424,0.5240052214667992,0.4612662831458077,0.5942861676393859,0.9384346578609656,0.5430273041638822,0.3857996815019586,0.3403441682600382,0.2557654618846878,13.158169306552326,4.710000991821289,0.0142161652548737,0.0143041396643702,0.6980191064905873,0.4990318941114346,1.220977160825487,1.156647974581382,0.977841585999958,0.6449268262239934,13748441.96087706,22901121.856757905,8701875736.790932,27420508326.108334,8335356834.286126,30356588774.160496,7250.791923761368,34078.62169221509,96.14599110731352,272.2324782969081,60456.37143242359,68648.96600997448,9937,698993,694694,14236,LearnedSupportGuard_B10,JILONG_EI_0139,0.1,19,0.1016628251564043
0.8773759611505154,0.7031215156963586,1.6077290927192118,1.4040189481633196,0.9261471671098316,1.0438077866874715,1.2250499661415832,0.7689165852791844,0.5516915744492901,0.4812683291056343,0.442411614474649,0.6409659576319291,0.9551807968566608,0.5153386674100652,0.4035080917998039,0.3520610384462941,0.1879892693699066,12.675000355906889,3.900001525878906,0.0167817154038482,0.0168858580938464,0.7312560136185331,0.4564865468130181,1.117709982868903,1.0318439155719803,0.9623785503481056,0.6386781495037218,12895035.63328864,21810423.04252069,7609323579.448266,25000767984.394268,6615206599.727759,28560699926.19287,6327.617947727442,32328.623210713267,75.35975018759919,183.4296433017298,69969.36676120758,76689.6539349556,9880,588736,585105,13511,LearnedSupportGuard_B10,JILONG_EI_0159,0.1,19,0.1048406326282481
0.8951939618441813,0.6917087152457754,1.5562608621445666,1.291014070245777,0.9119074094551184,1.0370093958860205,1.190275731741704,0.7700074141338396,0.5405477112494881,0.4557387100335994,0.4198010826849088,0.5988545397134364,0.932066338126998,0.4985250950986997,0.4306455069731674,0.3699462697084471,0.1319157678297386,12.184859361237203,3.180000305175781,0.0146588757456685,0.0147512698823849,0.7006325154653507,0.4594982499681168,1.2373201595019905,1.0747500143437825,0.9556468864166708,0.6426141134091504,16068471.354000196,27100964.614665315,9622655673.670908,32932665280.28005,7314989986.468333,35219395577.81594,6431.032742738724,36491.659354142845,54.82770498755093,152.8823588847772,59681.98239254952,68698.8699157536,10080,687638,683331,14387,LearnedSupportGuard_B10,JILONG_EI_0179,0.1,19,0.1055211393672696
0.9975420730419072,0.7582883130829701,2.230515800358232,1.4476592887660076,1.0033058136536872,1.0449303887439203,1.6399917841546725,0.7858885636995232,0.5614720196048666,0.502692187003474,0.4568671713763083,0.7920579556303601,0.9566229934746112,0.5306852197312928,0.3506119200818599,0.2943500924836051,0.1657675424188558,12.561760967256316,4.260000228881836,0.0121628125046512,0.0122137746866218,0.7445709946848899,0.5503269797078826,1.3138734496713609,1.0896849752909683,0.9855637119813828,0.5905392576857214,12625686.17303938,20442455.09004381,7269866431.444439,23060578331.02716,6773533277.608792,26804702911.097485,6681.800658583641,32012.05909247789,57.28366486964494,91.30969125659487,66100.0547324419,72230.42800281942,9806,806228,802864,13170,LearnedSupportGuard_B10,JILONG_EI_0199,0.1,19,0.1051984078365107
0.4801821016037567,0.5042470084507867,0.5506202258468759,0.4642836885352647,0.5295154205311894,0.2719939551404794,0.5269169877998063,0.7142810469107426,0.4924841937888767,0.483005822818587,0.4856040202504546,0.7506635396468033,0.781820850138469,0.4875289304779301,0.91379976027368,0.9543835616438356,0.0667921141457889,7.835333444509241,0.3600006103515625,0.1615737083267499,0.171467856064925,0.7368496901570831,0.0479345901486424,0.9958504420570352,0.801900434698543,0.8455531336622888,0.8095122551760578,12947182.11769876,25376808.590233617,7168421422.784729,29555542556.124622,7627711896.848022,32695617830.37517,8188.199088573456,34723.52818476036,74.60594543470029,132.39841732103378,49484.64426275544,80957.28886890411,10226,63290,59638,13878,RandomPerfect_B10,JILONG_EI_0019,0.1,19,0.1069127296504183
0.4966343654545379,0.4729441356620013,0.5049618672351186,0.5038434265994514,0.4784937069590752,0.2159769773573342,0.4887836640343254,0.7055926346510217,0.4772724136829083,0.4716666817603556,0.5051558588968884,0.6730974674710408,0.6947055671730031,0.4743364015761893,0.9129418743311608,0.938976377952756,0.0735355421724248,8.361549341972445,1.079999923706055,0.1666203696138825,0.176577543811041,0.7471424384525205,0.0490581034750951,0.9992327216369804,0.6873485799560297,0.7820838652382059,0.8467048276681761,10319236.154957011,20727144.440217003,5682277054.918518,24945357901.36344,6139290713.863647,27596105776.552704,8154.378159046173,31955.091040883213,165.7027417672798,365.7411123409984,37106.07331734663,76885.32242523134,10197,61199,57748,13648,RandomPerfect_B10,JILONG_EI_0039,0.1,19,0.1035204591264158
0.4883520977276968,0.5331556599902241,0.5041077341791973,0.5260519462946018,0.4858316051559509,0.2739377682448026,0.519287932292811,0.732316792683177,0.508000365466357,0.4554088367895341,0.4919818883006161,0.7048442397776695,0.7805840833114565,0.4812256791534259,0.8851384413287707,0.9576039387308534,0.0700052942180613,7.899084577284438,0.239999771118164,0.0930415364001786,0.0964158767772511,0.7266638760987861,0.0865529356884567,1.0371674279954537,0.7415198911694416,0.7458158629192223,0.8280676219494199,13458180.37547195,25095066.9514793,7767298581.401489,30098298892.845078,6837408225.7908325,32967696484.868637,8552.993497133255,35336.20548405871,78.81239651238138,158.63836451845418,43455.61962683406,71319.21658104658,10416,111950,108032,14334,RandomPerfect_B10,JILONG_EI_0059,0.1,19,0.1089538244510639
0.5943858506524956,0.5735591627994195,0.5901500387268643,0.5990442180893704,0.6308251220992065,0.3586624206769807,0.5816614456773419,0.7938657460579487,0.5202988493930598,0.4534080967324195,0.5119867960230177,0.6646122878477517,0.7469271413337012,0.486057631405118,0.8366432910845019,0.952854970275128,0.1139158268546107,8.785140946743564,0.9299983978271484,0.064696614437952,0.0662285297012413,0.7366339430750759,0.1269331781860255,1.0655657031776749,0.7324029506050103,0.7904675337542698,0.8282433692791222,14345184.01887978,22762082.71220981,7314973019.907043,27021347192.559574,6240633166.062958,30356389200.495186,9049.364739179611,34522.367499114014,37.257550297147645,84.34853874377063,39432.6245035443,70680.4330277443,10430,161214,157485,14159,RandomPerfect_B10,JILONG_EI_0079,0.1,19,0.102891480951129
0.4873203000098887,0.5069115610281916,0.4809063707011874,0.4819597516441762,0.4560428592299453,0.2216110661307379,0.4944427064699828,0.6970053377852595,0.4814358236809709,0.4190717795389583,0.4853688756280183,0.6428075013412109,0.681295562448072,0.4499130326991645,0.9072132854206676,0.9395677694770544,0.0712579950723094,8.754214389835084,1.020000457763672,0.1473159060940962,0.1552067370350744,0.7434314330795088,0.0553665313281306,1.0023259686112564,0.7588212152804726,0.7355004071642366,0.822609419849732,12598006.285043567,25931617.838365976,7283147230.242859,31422612033.22519,6045217925.116241,34421923012.18359,8323.148096323013,35330.011182207614,154.6313590685604,374.2275019290392,37862.11198026408,81570.61096382141,10837,73563,69823,14577,RandomPerfect_B10,JILONG_EI_0099,0.1,19,0.1047163046798358
0.4778999136132524,0.5535943829813439,0.4683630448915913,0.5479807959401535,0.490246299300623,0.2776561034933011,0.5145891211845784,0.7210968231642874,0.4947688621812652,0.4208534504877361,0.4859167805180892,0.666939520042999,0.7318472608443903,0.4562726426385508,0.8987782487960221,0.9227563212003336,0.0773403867157653,9.89683110214455,0.0900001525878906,0.1213454075032341,0.1255193332143858,0.7849059611093402,0.0647452129873733,1.009652428517393,0.8233373117488123,0.8089831607807997,0.8178377441082999,9502155.417515278,18274056.568535265,4887257519.350967,19964594959.49474,4167150243.192473,23527586264.43009,7004.157717227936,29664.16461913288,194.60454814599143,437.5020383175179,26745.20205559256,49934.99145291746,9849,81165,78466,12548,RandomPerfect_B10,JILONG_EI_0119,0.1,19,0.1052081392370922
0.5538596547379931,0.5270561363661963,0.5446778412171936,0.5487573520267092,0.5195414366922151,0.2707344147117813,0.5356935225953913,0.7222034150766125,0.4839524817750384,0.4520687060239623,0.5026875839768556,0.6116561229005819,0.625300223330721,0.4674716737037724,0.8936247125063438,0.9465151725093528,0.1006529692211795,9.47725362850117,0.4799995422363281,0.1315864958906501,0.1379251745143664,0.7411491992132622,0.0643824110324662,1.0024997137396177,0.8292465491870762,0.81733516096273,0.7855362298229733,11944716.1314857,22901121.856757905,6422157381.636902,27420508326.108334,6203858111.401123,30356588774.160496,8611.490734219551,34078.62169221509,101.84848937675996,272.2324782969081,26841.77106178808,68648.96600997448,10551,80183,76498,14236,RandomPerfect_B10,JILONG_EI_0139,0.1,19,0.1016628251564043
0.4884478695201683,0.5474678752721954,0.5045804175448588,0.4787847698708075,0.4567104978024087,0.28742690774441,0.5272566162476927,0.714510583803597,0.4982843893091052,0.4569418953778668,0.489930371606219,0.7303165986840489,0.8330702899823239,0.4766856683927523,0.9044142221464828,0.9386962552011096,0.0609446725220137,8.540704375211622,0.0,0.1310207773347431,0.136635978372059,0.7612315890755681,0.0619210610482375,1.0099442648465862,0.8349912149657337,0.8527170545763558,0.7948627534417284,11134774.388893306,21810423.04252069,6207373996.525452,25000767984.394268,5963356924.379738,28560699926.19287,7759.896619319916,32328.623210713267,97.83446273369192,183.4296433017298,53223.08825519448,76689.6539349556,10285,78499,75273,13511,RandomPerfect_B10,JILONG_EI_0159,0.1,19,0.1048406326282481
0.5289600094708664,0.5336946556307395,0.5363912702392701,0.4309043629862165,0.4676945630609214,0.2293799591180107,0.5349982502499103,0.7782925872125611,0.4905944660356358,0.4514777862042264,0.4964439674482999,0.58181512923244,0.7266371302099146,0.4707858619484397,0.9102478299565764,0.9538789656091708,0.109780709020649,8.8204256336317,0.239999771118164,0.1691977123655045,0.1806187913907284,0.72794884270522,0.0451619941093051,0.9873218293301984,0.7783444526296666,0.7845479063813754,0.7977750885986906,16416120.725563228,27100964.614665315,7926330375.818108,32932665280.28005,7178846581.672983,35219395577.81594,8993.610760450363,36491.659354142845,51.75203066638346,152.8823588847772,36273.10766908072,68698.8699157536,10473,61898,57984,14387,RandomPerfect_B10,JILONG_EI_0179,0.1,19,0.1055211393672696
0.5960592152475275,0.5600576666293041,0.5131933269245843,0.5816634401437298,0.5984197037996892,0.2607946729605924,0.5380461234647551,0.7704893426544759,0.5318107740501447,0.44418587446476,0.4976521082247128,0.7029839710982148,0.6807509218856009,0.4866736163826079,0.8743549526555733,0.9380430138156958,0.0821050292587262,8.627746583080627,0.6299991607666016,0.0842485680893213,0.0864013873186157,0.7717539863325741,0.0989992066463119,1.0513898003970217,0.7344863827321894,0.7438402081874074,0.8286514124510829,12135741.70042643,20442455.09004381,6522055013.209717,23060578331.02716,5288597130.27459,26804702911.097485,7928.030392408371,32012.05909247789,45.1240134164234,91.30969125659487,33473.15623456647,72230.42800281942,10164,120643,117637,13170,RandomPerfect_B10,JILONG_EI_0199,0.1,19,0.1051984078365107
1.0007487630887852,0.6934180050266905,1.157255928242953,0.9025285523658948,0.9126724609006368,0.9287582526099232,0.9439502497669882,0.7652706698347621,0.554997113116372,0.4999132432865883,0.3907338422151772,0.6834676083401907,0.928425044813419,0.526784554193409,0.3291806320214064,0.2863892335592249,0.6982598044336219,12.928951191787537,4.409999847412109,0.0069680280331162,0.0069750870015184,0.8731805735696786,0.6550764546346982,2.2537017056737043,1.5814537303833875,1.2285280944259074,0.3624206788962688,14861653.833358765,25376808.590233617,9103751287.109377,29555542556.124622,8171068139.338867,32695617830.37517,5301.3429772257805,34723.52818476036,61.8470041328792,132.39841732103378,69783.00232625008,80957.28886890411,12118,1739086,1737326,13878,LearnedRandom_B20,JILONG_EI_0019,0.2,37,0.2092354288495294
1.199726957870866,0.7632525318634712,1.390517482282453,0.9808459922842714,0.8936455977452478,0.9312082069787212,1.1134830618681053,0.7459131132532303,0.5885522313936395,0.4979087014356129,0.4236119445739886,0.5935541774290922,0.9196897137417838,0.5428344116201349,0.2780118932742912,0.2755613286323993,1.0506032076881855,15.12570382318866,6.119998931884766,0.0053124669254722,0.0053166266593788,0.8716295427901524,0.7144446626925605,2.8084742031850136,1.797840361030198,1.3950697691258895,0.3652329208734948,11532300.707855225,20727144.440217003,8640915546.649414,24945357901.36344,6841435440.1328125,27596105776.552704,5734.247765183449,31955.091040883213,128.85299370396172,365.7411123409984,65031.8484184742,76885.32242523134,11896,2239261,2237509,13648,LearnedRandom_B20,JILONG_EI_0039,0.2,37,0.2010761014669209
1.1976462451034426,0.7102028141587292,1.178553582374445,0.98321844283505,0.9171318483454096,0.9372913101931092,0.965859410389332,0.7252748401305036,0.5213356252433233,0.4654970697878534,0.4124237793221958,0.6796563914722816,0.9315222972697856,0.4929357196130095,0.2914205794701314,0.2705324423367105,1.109245283995984,13.325070507955592,5.579999923706055,0.0056906549895918,0.0056955446710417,0.8689130738105204,0.7010911693569242,2.6703545004181946,1.7839962333507997,1.23214829209063,0.3582557051574813,13200597.302619934,25095066.9514793,8180441762.517578,30098298892.845078,7143688456.730469,32967696484.868637,6010.454406321049,35336.20548405871,73.2802655702348,158.63836451845418,61886.09412586689,71319.21658104658,12455,2188676,2186797,14334,LearnedRandom_B20,JILONG_EI_0059,0.2,37,0.205384399894837
1.1465872628565077,0.7492467833276194,2.114809169248362,0.9701689652985978,0.9404024812363028,0.9336849303540368,1.567618773154508,0.7570053214593383,0.5420662258729647,0.4842181953634309,0.4273176995262646,0.832458892745341,0.9178918389060856,0.5122754621642812,0.2811272899275809,0.261642568930733,1.012366416323668,13.141468590815792,3.720001220703125,0.005378795702915,0.0053831963335926,0.8680697789391906,0.7123903570468456,2.801169846676532,1.5885169256354583,1.2424910258171382,0.3581361109803388,13043972.123825071,22762082.71220981,7939838986.527344,27021347192.559574,7117579421.221191,30356389200.495186,6303.7986779809,34522.367499114014,58.45250898139443,84.34853874377063,59550.06208300591,70680.4330277443,12291,2285084,2283216,14159,LearnedRandom_B20,JILONG_EI_0079,0.2,37,0.1965105856367505
1.1071909819540002,0.6876220292644941,1.5420641786126987,0.9874044520486382,0.8854824186152074,0.928743817519845,1.182712429894405,0.7371369954237578,0.5657848836410789,0.474315707366897,0.4133005132039057,0.6086706436060435,0.9203619890790702,0.5199780256757217,0.3304642709965469,0.3102550189907759,0.8347177593876253,13.143591827909711,3.4200000762939453,0.0072510831555434,0.0072616166736809,0.8332990327227825,0.6480351919369547,2.17629185496842,1.6966247552560194,1.1982656075732157,0.3699560874331284,14090487.82044983,25931617.838365976,10058771980.34912,31422612033.22519,7744085562.9921875,34421923012.18359,6034.97762131691,35330.011182207614,138.64378709687398,374.2275019290392,69095.7067219019,81570.61096382141,12147,1675198,1672768,14577,LearnedRandom_B20,JILONG_EI_0099,0.2,37,0.1980978142955231
1.440103923028864,0.7837211292086105,1.7330659930569028,1.029083542344313,0.8849789089717855,0.9433194221862888,1.3255627955500688,0.7228709176620105,0.5587199439617253,0.4536896823857644,0.4051770348658217,0.5874911147767826,0.9171236041151404,0.5046242056542302,0.2887453639630025,0.2648763853367434,1.7337538751825,16.198943654626188,7.949999809265137,0.0048300974658212,0.0048323089304964,0.913452343002869,0.711188743567444,2.915635813451759,2.038448494201508,1.6324565264136417,0.3663638272479447,9548968.711910248,18274056.568535265,6232307195.784912,19964594959.49474,4842784905.925781,23527586264.43009,4869.91932040453,29664.16461913288,151.0019953662298,437.5020383175179,42001.10555133224,49934.99145291746,11462,2373037,2371951,12548,LearnedRandom_B20,JILONG_EI_0119,0.2,37,0.1991166334416443
1.358524835236283,0.7666439807821674,1.7841062582913767,1.0351221957111902,0.903165454648561,0.9410403990872416,1.359844593495506,0.7353702244372686,0.5440374088306281,0.4750238690126962,0.4292070954310511,0.5830804405372452,0.9183304254300124,0.5089452042218606,0.2511180762516273,0.2437700657391836,1.457729433562874,15.315314703106464,6.240001678466797,0.0044259695272886,0.004428781459022,0.8745434110705255,0.7496031979150534,3.2985475588595388,1.911992320460259,1.2878538981981544,0.3500681376334622,12384225.169815063,22901121.856757905,8115831627.205078,27420508326.108334,6849893712.177734,30356588774.160496,6277.920434474945,34078.62169221509,92.55436025964728,272.2324782969081,57893.785383462906,68648.96600997448,12450,2812943,2811157,14236,LearnedRandom_B20,JILONG_EI_0139,0.2,37,0.2014999757512641
1.0486343987772797,0.7249203688952194,1.1352393969188472,0.9207472854980844,0.9036725905698544,0.928849246783078,0.9449645535258656,0.7545189582720342,0.5841135235828446,0.4539823810159429,0.421300924037558,0.592593412091295,0.923938606291932,0.5188015153892651,0.3179206242334879,0.2908099454700085,0.7240463897150372,13.061619829753754,5.6100006103515625,0.0065253949252842,0.0065317036541243,0.8710680186514692,0.6660144253744337,2.362997180415751,1.5942460810791712,1.218408088385914,0.3690905967536028,12416648.939151764,21810423.04252069,8529977238.3359375,25000767984.394268,5886360319.704102,28560699926.19287,5738.151797190309,32328.623210713267,64.4144287546215,183.4296433017298,65467.08539843559,76689.6539349556,11769,1803569,1801827,13511,LearnedRandom_B20,JILONG_EI_0159,0.2,37,0.2054958589965788
1.2605471241213273,0.700647065045456,1.2779461871354638,0.9781650396528868,0.8963501600656503,0.9187876411678716,1.0209642648482264,0.7392309090905826,0.5294003783371353,0.482470267401007,0.4079688865514024,0.6314081719746013,0.914099898456582,0.5056920824822357,0.3184769564338767,0.2910065024269622,1.2215688308965886,13.232535299910626,3.779998779296875,0.0060700179752748,0.006075893342368,0.8625842774727184,0.675420364079657,2.51900848940661,1.6030149466633594,1.2580064194060372,0.352038588987527,14809656.457061768,27100964.614665315,9229865550.154297,32932665280.28005,8198284929.453125,35219395577.81594,6073.6211468577385,36491.659354142845,60.95057006220579,152.8823588847772,57403.307219177485,68698.8699157536,12410,2044475,2042498,14387,LearnedRandom_B20,JILONG_EI_0179,0.2,37,0.2034254104630317
1.067922693021362,0.8063621556111564,1.3873536430460724,0.951560074727631,0.9724202135102598,0.944393820203242,1.123704423589268,0.735608033615567,0.566569171949157,0.4773683011491666,0.4211296127498137,0.7971693838470761,0.9177486854450536,0.5205233977687905,0.2327444638372364,0.2358316694824143,0.9716944240979384,13.07302838752807,6.119998931884766,0.0040851806286896,0.0040872224058502,0.8910402429764617,0.7637180145142644,3.389566589543299,1.5426668366348073,1.286780253465834,0.3680925636832234,11061804.51751709,20442455.09004381,7402460094.09082,23060578331.02716,6108268966.155273,26804702911.097485,5677.343505382538,32012.05909247789,58.0253937136944,91.30969125659487,60836.99167400599,72230.42800281942,11735,2872578,2871143,13170,LearnedRandom_B20,JILONG_EI_0199,0.2,37,0.2015048148630286
1.232280757705502,0.6711396215694481,1.2235578659237518,1.2580817716697856,0.9231142308225816,1.010551268438722,0.9749887686685365,0.7868483170047159,0.5650379422537082,0.5073393040267928,0.4108379766629254,0.6860630090734152,0.9386402430683912,0.5355090846143641,0.4108751367249371,0.3574932425668235,0.3286837818098171,12.854685331610115,4.409999847412109,0.0201969246102661,0.0203628201960299,0.7125666522553682,0.415024006998884,0.9897305045773824,1.9837203556775929,1.0419809962388669,0.6101164617540338,15711550.455035623,25376808.590233617,9436135301.42786,29555542556.124622,8415628699.191142,32695617830.37517,5860.909426033497,34723.52818476036,62.31761176104105,132.39841732103378,71327.05552840233,80957.28886890411,9889,489629,485640,13878,LearnedSupportGuard_B20,JILONG_EI_0019,0.2,37,0.2092354288495294
1.698797370296782,0.7218914135387731,1.5281229846814826,1.4860166450185992,0.8980574719690833,0.9976924039540754,1.1847795839661794,0.7949004240448254,0.5978369001636651,0.5168742578039414,0.4447072629663366,0.5955841876663452,0.9334611417066456,0.5567830788332205,0.4037593020651504,0.3677240529719741,0.5149712982553594,14.990703836083412,4.85999870300293,0.0185848398523812,0.0187348753889185,0.6988569753810082,0.4372353250018997,1.0404294602547113,2.396595217181091,1.1557462193598933,0.6476117018303648,13096792.02926845,20727144.440217003,8915694404.330452,24945357901.36344,7372547978.462708,27596105776.552704,6319.584191441536,31955.091040883213,129.73587923672096,365.7411123409984,66994.00286614895,76885.32242523134,9538,513214,509104,13648,LearnedSupportGuard_B20,JILONG_EI_0039,0.2,37,0.2010761014669209
1.508676712505614,0.691670039231934,1.484025274038681,1.3631096952685726,0.9286825875810566,1.0129215547691417,1.1460663093029866,0.7528777467047121,0.5352537502486138,0.4870404111301279,0.4358594970803066,0.6833234112818034,0.9396483963895425,0.5106184522999281,0.3894252462900762,0.3532744382561936,0.4699658235061418,13.290000276692526,3.1500015258789062,0.0175895330596442,0.0177240688358722,0.6985489047021068,0.4567339336821012,1.055667503056038,2.1600465723657587,1.0329405659774704,0.6318524166366527,14224508.852485675,25095066.9514793,8623059610.994421,30098298892.845078,7820213284.521995,32967696484.868637,6712.94267475605,35336.20548405871,74.07315184529159,158.63836451845418,62970.52553105354,71319.21658104658,10013,569259,564938,14334,LearnedSupportGuard_B20,JILONG_EI_0059,0.2,37,0.205384399894837
1.4162951887295194,0.6963727561772916,1.8255135233733455,1.324587715078014,0.9611901044325276,1.008088134322148,1.3658043107147002,0.7852055226625395,0.5506648183291118,0.4939498076085037,0.4449619616468411,0.8418085025201494,0.9270621214465096,0.5214281158411469,0.3838203253566833,0.3375589622641509,0.402305214501064,12.12419618845924,3.3600006103515625,0.0184983637491503,0.0186437600495669,0.7034395084398616,0.4537253471869339,1.0252891780426083,2.2260358899717767,1.0340725842794538,0.5795979639616347,14033910.035226973,22762082.71220981,8193730184.316465,27021347192.559574,7406546495.554262,30356389200.495186,6835.123149096966,34522.367499114014,59.77287965021199,84.34853874377063,60745.88659501076,70680.4330277443,9960,538426,534227,14159,LearnedSupportGuard_B20,JILONG_EI_0079,0.2,37,0.1965105856367505
1.1625385008744389,0.6768579231460238,1.2264970901404766,1.3430353610481862,0.8922299237552797,1.006183234852441,0.983167219200061,0.7627037152569568,0.5797306165159747,0.4922050301795329,0.4368381015924918,0.6111763117521092,0.9329603697894392,0.5357609844795821,0.4121496317744352,0.3616610823433851,0.2268994985872996,12.26598622177688,3.0,0.0182808095842185,0.0184621615254161,0.6504767784866571,0.4229294852811009,1.021713829793528,2.153207838739816,1.0469938480448022,0.6461632160153564,15084861.825938825,25931617.838365976,10560749878.296385,31422612033.22519,8339254431.554655,34421923012.18359,6741.93866288662,35330.011182207614,139.787625304232,374.2275019290392,71000.28755092621,81570.61096382141,9482,518686,513591,14577,LearnedSupportGuard_B20,JILONG_EI_0099,0.2,37,0.1980978142955231
1.6480340678874856,0.7200676815929903,1.8831204592105983,1.3962751377025349,0.8844858623374915,1.00904160544456,1.4024058313144916,0.752729836779892,0.5582298272364109,0.4654484034864293,0.4303697810208777,0.5870069537420273,0.9273694996798044,0.5101381616069963,0.4238403678446747,0.3839414652931549,0.7870932788135908,16.11739419820443,6.810000419616699,0.0153280014732771,0.0154097417603671,0.7429072362129423,0.4510428340111885,1.169631099312142,2.724293903954253,1.3566090868730936,0.6873433626131826,10354120.785840187,18274056.568535265,6221377862.486312,19964594959.49474,5097068432.705343,23527586264.43009,5494.34164506197,29664.16461913288,150.75321149457298,437.5020383175179,42944.8011739254,49934.99145291746,9322,608168,604942,12548,LearnedSupportGuard_B20,JILONG_EI_0119,0.2,37,0.1991166334416443
1.7029993415037676,0.7141289316988557,1.6107197022598907,1.487244064242035,0.9122890764159788,1.006247960920453,1.2341455244326285,0.774888988428897,0.5569082507322536,0.4850885859146798,0.4520011294722832,0.5830730096992256,0.9324750933569486,0.5204107866519212,0.3822237170205647,0.3424092409240924,0.6265946412154038,15.10573439503258,4.950000762939453,0.0155931162898499,0.0156983123959436,0.6994239955043552,0.485692184545637,1.1454933807791567,2.7406209440656704,1.0734050907207209,0.6302832942477631,13751046.048686892,22901121.856757905,8504382904.41264,27420508326.108334,7143237323.821775,30356588774.160496,6962.433521986008,34078.62169221509,92.55200122981584,272.2324782969081,59690.94868707657,68648.96600997448,9957,638551,634272,14236,LearnedSupportGuard_B20,JILONG_EI_0139,0.2,37,0.2014999757512641
1.3846425456783356,0.688182234827454,1.1284164527151306,1.3158556758127389,0.9157636609659836,1.0110306341343631,0.9266070563342292,0.7743271196873792,0.5863344543273846,0.4642851328080078,0.4346159253003287,0.5951267821180285,0.93561967636452,0.5247981595285083,0.414315272195786,0.3698949824970828,0.3080052651009025,12.351972194414744,3.900001525878906,0.0197558581794564,0.0199207855330028,0.7046850714232847,0.4147648183589778,1.0030568109898133,1.9730126606541396,1.0452780542616384,0.6119905678491288,13077147.718347132,21810423.04252069,8594966332.174643,25000767984.394268,6156564027.218721,28560699926.19287,6106.586048513651,32328.623210713267,64.9663565807265,183.4296433017298,67132.90973234177,76689.6539349556,9521,481933,477943,13511,LearnedSupportGuard_B20,JILONG_EI_0159,0.2,37,0.2054958589965788
1.527860996223283,0.6661550751515304,1.2268772251665438,1.2552337553709525,0.9056859566697786,0.9955531281166896,0.9778685840511026,0.7724719753912714,0.5449730095388142,0.4905944317773798,0.4243490172297456,0.635906444229906,0.9240928568602824,0.5175852577660972,0.4438537928329409,0.3981810992487149,0.498346971035481,12.130774892341922,3.389999389648437,0.019778587415816,0.0199602537117806,0.6848543824285813,0.3959269097251648,1.0344260132517566,2.109410967138752,1.0328856856517514,0.6358827413152681,16171496.617993824,27100964.614665315,9780856062.937984,32932665280.28005,8476706140.330007,35219395577.81594,6571.129309952259,36491.659354142845,61.822110527473455,152.8823588847772,58665.23564374447,68698.8699157536,9853,498165,493631,14387,LearnedSupportGuard_B20,JILONG_EI_0179,0.2,37,0.2034254104630317
1.7049286873436862,0.7340168967120505,1.833946736228674,1.3820384974855011,0.990269836414657,1.005624158860953,1.3770143706708942,0.7674996230836855,0.5773760942727031,0.4927086504245857,0.4366334225685156,0.8050288341161391,0.9275689580966956,0.533536402275514,0.3647919306466404,0.320802991537099,0.4994717867508156,12.273169206271708,4.229999542236328,0.0162033204134803,0.0163019273331814,0.7281700835231587,0.4890015069859862,1.0812512581821334,2.059760035258625,1.0904769255834934,0.521690438263789,12041744.108816952,20442455.09004381,7687547130.974494,23060578331.02716,6507158307.876267,26804702911.097485,6103.058913379908,32012.05909247789,59.17520161560049,91.30969125659487,62145.9169921875,72230.42800281942,9590,591854,588274,13170,LearnedSupportGuard_B20,JILONG_EI_0199,0.2,37,0.2015048148630286
0.4072953185009043,0.4127955363164796,0.4414672495402344,0.3258914029656682,0.3674531432770296,0.1550169158429366,0.4267374124737335,0.6864706554742719,0.4483612190234118,0.4203396974376862,0.4744870150691721,0.640657394375253,0.6047088636153068,0.4338694318048062,0.9527249049286522,0.9759152215799616,0.0490715942147931,8.002978891398467,0.4200000762939453,0.301618033467017,0.3286420348381653,0.7857760484219628,0.0232652553247188,0.9929323713245009,0.7315601407818056,0.7068796585000539,0.8506352535411228,11958617.039600164,25376808.590233617,5941485187.267281,29555542556.124622,5776840316.952179,32695617830.37517,7817.583169937134,34723.52818476036,54.341857560764765,132.39841732103378,29603.879289213397,80957.28886890411,10905,36155,33182,13878,RandomPerfect_B20,JILONG_EI_0019,0.2,37,0.2092354288495294
0.4496141835065911,0.4990433108219902,0.4869037523810016,0.3776951225864101,0.395406573105536,0.17958226915996,0.4931744170282227,0.7037069220316755,0.4939060766248617,0.4179275374907467,0.4926251709810972,0.66238254431068,0.6630475681868683,0.4555828316568029,0.9419178150328008,0.9701977401129944,0.0716146747971166,7.263237544744134,0.6300010681152344,0.2538915855670596,0.2737232863293032,0.777989449003517,0.0310426287968612,0.9956811392376632,0.6810998836300775,0.6434215878472778,0.860167037098865,10264153.064744908,20727144.440217003,6085250744.093475,24945357901.36344,4820030395.55777,27596105776.552704,7754.847404295579,31955.091040883213,160.46914528795878,365.7411123409984,33801.254040787346,76885.32242523134,10618,41821,38791,13648,RandomPerfect_B20,JILONG_EI_0039,0.2,37,0.2010761014669209
0.4418220008849309,0.4982755989166824,0.4962691762942746,0.3708582362564546,0.4289328919690156,0.1982787491886192,0.497304708053754,0.6901848390482799,0.4917386041553558,0.4487468472852425,0.4906941579130822,0.6930479080374033,0.7435819826510585,0.4697557600311265,0.942667851097808,0.9745739417262232,0.0656485681813444,7.198500111299966,0.239999771118164,0.2397688327397352,0.2609904176724453,0.7467559648388447,0.031323748602658,0.994526153252268,0.5470094189960624,0.5747018146011679,0.8807348760680868,11954163.429626876,25095066.9514793,7277974990.610558,30098298892.845078,6638828107.869316,32967696484.868637,8508.278292179108,35336.20548405871,76.19644995877024,158.63836451845418,39433.40507889184,71319.21658104658,10704,44643,41013,14334,RandomPerfect_B20,JILONG_EI_0059,0.2,37,0.205384399894837
0.4771618127879533,0.4540202993909342,0.5104639684943768,0.3887619928045436,0.4140219405824401,0.1991314699389709,0.48220973380404,0.7084047414142258,0.4546941827434865,0.431327037306306,0.4986183349350199,0.6444657174904227,0.5621630972698841,0.4424852649373281,0.9313577694073518,0.9714524439493106,0.088026215557767,7.5657447678241745,0.779998779296875,0.2167140217369707,0.2316842619538203,0.770322762906985,0.0368273375408144,0.9951989002040228,0.6514711718910356,0.6011167068771314,0.8697488631353337,11422861.622125149,22762082.71220981,5586577058.907562,27021347192.559574,5647594114.043564,30356389200.495186,8582.959428787231,34522.367499114014,35.032989834668115,84.34853874377063,22336.94980044826,70680.4330277443,10907,50329,47077,14159,RandomPerfect_B20,JILONG_EI_0079,0.2,37,0.1965105856367505
0.3818385216029347,0.4153116148195092,0.3893312948552217,0.3592964348217984,0.3923084870805325,0.1713470064049434,0.4028932911552651,0.6694706985721834,0.4716110861848524,0.3910285779595752,0.483116658452255,0.6289460139604608,0.6900398429171459,0.4313663873477191,0.9426276444361774,0.9732562827576938,0.054986236515646,7.121914962504772,0.2700004577636719,0.2521224178213699,0.2755682536471897,0.7476847087878165,0.0295205308569545,0.992596117356611,0.636840919095448,0.6347546050994448,0.8640641201741682,11622318.15189901,25931617.838365976,6988923622.600616,31422612033.22519,5263227300.047653,34421923012.18359,8246.084871411324,35330.011182207614,148.03432873100974,374.2275019290392,38840.25302467526,81570.61096382141,10899,43229,39551,14577,RandomPerfect_B20,JILONG_EI_0099,0.2,37,0.1980978142955231
0.4050373944528436,0.4621760739968579,0.4188384739451561,0.3829817572302383,0.3801318043129787,0.1680370325992231,0.4419764544932757,0.6872095121100499,0.4702108128060247,0.4038873125609821,0.4958240713142126,0.6363847811796466,0.6185638328155174,0.4355880234028912,0.9402675761482724,0.9611420612813372,0.0599628652326408,8.068098766073375,0.2699995040893554,0.2079324398134532,0.2201904253425876,0.7888109658909787,0.0354123809132468,1.001499873916028,0.5671666316475062,0.6428234975267754,0.9080826474108556,8630049.55281192,18274056.568535265,4414136178.567184,19964594959.49474,3837936597.63784,23527586264.43009,7292.683013796806,29664.16461913288,177.18202099043864,437.5020383175179,19106.187114083677,49934.99145291746,9898,47602,44952,12548,RandomPerfect_B20,JILONG_EI_0119,0.2,37,0.1991166334416443
0.4527317737114226,0.5011475356061867,0.4376707378751537,0.4249408828219348,0.400241714593237,0.1790306847555912,0.4713637225085325,0.6793543756440508,0.4862382293917914,0.4392915929520976,0.4951951070950072,0.6581517448635275,0.5811523170225836,0.4621670035631912,0.9325381660910504,0.9730446927374302,0.0898235652161369,7.358936291267264,0.0,0.2007870273558542,0.2158638026528234,0.7419218881708345,0.0398148066570927,0.9997357596469748,0.6998887495540919,0.7342923837012245,0.8379099143212967,10569379.98247098,22901121.856757905,6482965405.428808,27420508326.108334,5858126577.979199,30356588774.160496,8356.698068469763,34078.62169221509,117.92123280433589,272.2324782969081,23185.36555187691,68648.96600997448,10562,52603,48929,14236,RandomPerfect_B20,JILONG_EI_0139,0.2,37,0.2014999757512641
0.4030589482585238,0.3944971429965309,0.3979671340708354,0.3358518708316784,0.3599763155126229,0.1572430347760913,0.3961714615598633,0.6990400106606768,0.4550624831528972,0.3949701782346331,0.4875624954083337,0.6421216340211788,0.6321685807833267,0.4240803429856611,0.9521295161597828,0.9542665923034022,0.0595344906145225,7.072826223744863,0.6299991607666016,0.3127933923584289,0.3432110839445803,0.7792169343497891,0.0226499436157784,0.9912830115015576,0.5725553486797205,0.52000875607193,0.8706278754829525,10657814.50782486,21810423.04252069,5177205624.971582,25000767984.394268,4455510364.29574,28560699926.19287,7685.069366931915,32328.623210713267,75.63174590571725,183.4296433017298,30648.032012839656,76689.6539349556,10528,33658,30675,13511,RandomPerfect_B20,JILONG_EI_0159,0.2,37,0.2054958589965788
0.3638651675563153,0.365537568809285,0.437356128465354,0.312643610328205,0.3523963672169682,0.1566153708599872,0.4018166919272178,0.6395451333888297,0.4039700902552707,0.4242731443718442,0.4680869992723193,0.5948503792027294,0.5923633990752524,0.4145863984862961,0.9474610349461696,0.9685828877005348,0.0582142675426891,7.775827440212098,0.1200008392333984,0.3083941605839416,0.3409584704202619,0.7635365260304442,0.0218168764024346,0.983785968099602,0.6103739590845012,0.602038949187811,0.8591786863005982,11084781.738819815,27100964.614665315,5374342039.697189,32932665280.28005,6339762429.810944,35219395577.81594,7995.521038532257,36491.659354142845,54.0969600139606,152.8823588847772,24106.048503716185,68698.8699157536,10985,35620,32218,14387,RandomPerfect_B20,JILONG_EI_0179,0.2,37,0.2034254104630317
0.3828608264678949,0.5073909867487683,0.3862991582157569,0.3530249445594647,0.420659356989564,0.1430959454933458,0.4532546755952892,0.6171793848970636,0.4633030455111684,0.3641930917644903,0.4822317910056064,0.7424728196849368,0.5162539420407833,0.4129941783561529,0.9487930892819126,0.964367816091954,0.0544819212632547,8.465319276067381,0.0,0.2610005727519486,0.2797320380057649,0.7958238420652999,0.0294038310775029,1.0006427448817377,0.6440996666897356,0.7336090532290908,0.8780350260823476,7786743.605134584,20442455.09004381,4949946496.845451,23060578331.02716,3555284874.960737,26804702911.097485,7444.3243200182915,32012.05909247789,50.335918030915565,91.30969125659487,19250.718793457607,72230.42800281942,10481,40157,37468,13170,RandomPerfect_B20,JILONG_EI_0199,0.2,37,0.2015048148630286
