Reading data file: claw.data
         first 5 lines are comments and will be skipped
Reading data file: amr.data
         first 5 lines are comments and will be skipped
  
 Running amrclaw ...  
  
Reading data file: geoclaw.data
         first 5 lines are comments and will be skipped
Reading data file: refinement.data
         first 5 lines are comments and will be skipped
Reading data file: dtopo.data
         first 5 lines are comments and will be skipped
Reading data file: topo.data
         first 5 lines are comments and will be skipped
 *** in file: /root/autodl-tmp/Debris-flow-jilong-final/sim/dclaw/jilong_published_route_rebase/published_route_domain_64m.tt3
     Shifting xllcorner by 0.5*dx to cell center
 *** in file: /root/autodl-tmp/Debris-flow-jilong-final/sim/dclaw/jilong_published_route_rebase/published_route_domain_64m.tt3
     Shifting yllcorner by 0.5*dy to cell center
  
 Reading topography file  /root/autodl-tmp/Debris-flow-jilong-final/sim/dclaw/jilong_published_route_rebase/published_route_domain_64m.tt3                                      
 **** WARNING
 **** topo arrays do not quite cover domain
 **** area of overlap =    179568640.00000000     
 **** area of domain  =    181350400.00000000     
 **** error is less than 1% so proceeding...
Reading data file: auxinit_dclaw.data       
         first 5 lines are comments and will be skipped
  
 Reading auxinit file  /root/autodl-tmp/Debris-flow-jilong-final/sim/dclaw/jilong_published_route_rebase/entrainment/erodible_thickness_fullroute_8m.tt3                     
Reading data file: fgout_grids.data
         first 5 lines are comments and will be skipped
Reading data file: regions.data
         first 5 lines are comments and will be skipped
Reading data file: flagregions.data
         first 5 lines are comments and will be skipped
Reading data file: gauges.data
         first 5 lines are comments and will be skipped
Reading data file: fgmax_grids.data
         first 5 lines are comments and will be skipped
 +++ fgbb:    338894.00000000000        356430.00000000000        3127228.0000000000        3137468.0000000000     
 +++ fgll:    338894.00000000000        3127228.0000000000              275         161
 +++ fg%x(npts), fg%y(1):    356430.00000000000        3127228.0000000000     
Reading data file: dclaw.data               
         first 5 lines are comments and will be skipped
Reading data file: pinit_dclaw.data         
         first 5 lines are comments and will be skipped
Reading data file: qinit_dclaw.data         
         first 5 lines are comments and will be skipped
Reading data file: flowgrades.data          
         first 5 lines are comments and will be skipped
 rnode allocated...
 node allocated...
 listOfGrids allocated...
 Storage allocated...
 bndList allocated...
Gridding level   1 at t =  0.000000E+00:     1 grids with       44275 cells
  max threads set to           12
  
 Done reading data, starting computation ...  
  
 Total mass at initial time:    0.0000000000000000     
GEOCLAW: Frame    0 output files done at time t =  0.000000D+00

 AMRCLAW: level  1  CFL = .000E+00  dt = 0.5000E-01  final t = 0.500000E-01
 AMRCLAW: level  1  CFL = .000E+00  dt = 0.5000E+00  final t = 0.550000E+00
 AMRCLAW: level  1  CFL = .159E-01  dt = 0.5000E+00  final t = 0.105000E+01
 AMRCLAW: level  1  CFL = .378E-01  dt = 0.5000E+00  final t = 0.155000E+01
 AMRCLAW: level  1  CFL = .531E-01  dt = 0.5000E+00  final t = 0.205000E+01
 AMRCLAW: level  1  CFL = .737E-01  dt = 0.5000E+00  final t = 0.255000E+01
 AMRCLAW: level  1  CFL = .934E-01  dt = 0.5000E+00  final t = 0.305000E+01
 AMRCLAW: level  1  CFL = .112E+00  dt = 0.5000E+00  final t = 0.355000E+01
 AMRCLAW: level  1  CFL = .130E+00  dt = 0.5000E+00  final t = 0.405000E+01
 AMRCLAW: level  1  CFL = .147E+00  dt = 0.5000E+00  final t = 0.455000E+01
 AMRCLAW: level  1  CFL = .163E+00  dt = 0.5000E+00  final t = 0.505000E+01
 AMRCLAW: level  1  CFL = .178E+00  dt = 0.5000E+00  final t = 0.555000E+01
 AMRCLAW: level  1  CFL = .191E+00  dt = 0.5000E+00  final t = 0.605000E+01
 AMRCLAW: level  1  CFL = .204E+00  dt = 0.5000E+00  final t = 0.655000E+01
 AMRCLAW: level  1  CFL = .216E+00  dt = 0.5000E+00  final t = 0.705000E+01
 AMRCLAW: level  1  CFL = .227E+00  dt = 0.5000E+00  final t = 0.755000E+01
 AMRCLAW: level  1  CFL = .242E+00  dt = 0.5000E+00  final t = 0.805000E+01
 AMRCLAW: level  1  CFL = .258E+00  dt = 0.5000E+00  final t = 0.855000E+01
 AMRCLAW: level  1  CFL = .272E+00  dt = 0.5000E+00  final t = 0.905000E+01
 AMRCLAW: level  1  CFL = .286E+00  dt = 0.5000E+00  final t = 0.955000E+01
 AMRCLAW: level  1  CFL = .299E+00  dt = 0.5000E+00  final t = 0.100500E+02
 AMRCLAW: level  1  CFL = .313E+00  dt = 0.5000E+00  final t = 0.105500E+02
 AMRCLAW: level  1  CFL = .326E+00  dt = 0.5000E+00  final t = 0.110500E+02
 AMRCLAW: level  1  CFL = .338E+00  dt = 0.5000E+00  final t = 0.115500E+02
 AMRCLAW: level  1  CFL = .349E+00  dt = 0.5000E+00  final t = 0.120500E+02
 AMRCLAW: level  1  CFL = .360E+00  dt = 0.5000E+00  final t = 0.125500E+02
 AMRCLAW: level  1  CFL = .370E+00  dt = 0.5000E+00  final t = 0.130500E+02
 AMRCLAW: level  1  CFL = .382E+00  dt = 0.5000E+00  final t = 0.135500E+02
 AMRCLAW: level  1  CFL = .393E+00  dt = 0.5000E+00  final t = 0.140500E+02
 AMRCLAW: level  1  CFL = .402E+00  dt = 0.5000E+00  final t = 0.145500E+02
 AMRCLAW: level  1  CFL = .411E+00  dt = 0.5000E+00  final t = 0.150500E+02
 AMRCLAW: level  1  CFL = .419E+00  dt = 0.5000E+00  final t = 0.155500E+02
 AMRCLAW: level  1  CFL = .426E+00  dt = 0.5000E+00  final t = 0.160500E+02
 AMRCLAW: level  1  CFL = .432E+00  dt = 0.5000E+00  final t = 0.165500E+02
 AMRCLAW: level  1  CFL = .438E+00  dt = 0.5000E+00  final t = 0.170500E+02
 AMRCLAW: level  1  CFL = .444E+00  dt = 0.5000E+00  final t = 0.175500E+02
 AMRCLAW: level  1  CFL = .447E+00  dt = 0.5000E+00  final t = 0.180500E+02
 AMRCLAW: level  1  CFL = .449E+00  dt = 0.5000E+00  final t = 0.185500E+02
 AMRCLAW: level  1  CFL = .450E+00  dt = 0.5000E+00  final t = 0.190500E+02
 AMRCLAW: level  1  CFL = .451E+00  dt = 0.5000E+00  final t = 0.195500E+02
 AMRCLAW: level  1  CFL = .451E+00  dt = 0.4987E+00  final t = 0.200487E+02
 AMRCLAW: level  1  CFL = .451E+00  dt = 0.4973E+00  final t = 0.205459E+02
 AMRCLAW: level  1  CFL = .451E+00  dt = 0.4958E+00  final t = 0.210418E+02
 AMRCLAW: level  1  CFL = .451E+00  dt = 0.4944E+00  final t = 0.215362E+02
 AMRCLAW: level  1  CFL = .451E+00  dt = 0.4931E+00  final t = 0.220293E+02
 AMRCLAW: level  1  CFL = .452E+00  dt = 0.4918E+00  final t = 0.225211E+02
 AMRCLAW: level  1  CFL = .452E+00  dt = 0.4897E+00  final t = 0.230108E+02
 AMRCLAW: level  1  CFL = .452E+00  dt = 0.4872E+00  final t = 0.234979E+02
 AMRCLAW: level  1  CFL = .452E+00  dt = 0.4849E+00  final t = 0.239828E+02
 AMRCLAW: level  1  CFL = .451E+00  dt = 0.4831E+00  final t = 0.244659E+02
 AMRCLAW: level  1  CFL = .451E+00  dt = 0.4823E+00  final t = 0.249482E+02
 AMRCLAW: level  1  CFL = .451E+00  dt = 0.4815E+00  final t = 0.254297E+02
 AMRCLAW: level  1  CFL = .451E+00  dt = 0.4807E+00  final t = 0.259104E+02
 AMRCLAW: level  1  CFL = .451E+00  dt = 0.4799E+00  final t = 0.263903E+02
 AMRCLAW: level  1  CFL = .451E+00  dt = 0.4791E+00  final t = 0.268694E+02
 AMRCLAW: level  1  CFL = .451E+00  dt = 0.4784E+00  final t = 0.273478E+02
 AMRCLAW: level  1  CFL = .451E+00  dt = 0.4777E+00  final t = 0.278254E+02
 AMRCLAW: level  1  CFL = .451E+00  dt = 0.4769E+00  final t = 0.283024E+02
 AMRCLAW: level  1  CFL = .451E+00  dt = 0.4763E+00  final t = 0.287786E+02
 AMRCLAW: level  1  CFL = .451E+00  dt = 0.4756E+00  final t = 0.292543E+02
 AMRCLAW: level  1  CFL = .451E+00  dt = 0.4750E+00  final t = 0.297292E+02
 AMRCLAW: level  1  CFL = .257E+00  dt = 0.2708E+00  final t = 0.300000E+02
GEOCLAW: Frame    1 output files done at time t =  0.300000D+02

 AMRCLAW: level  1  CFL = .450E+00  dt = 0.4738E+00  final t = 0.304738E+02
 AMRCLAW: level  1  CFL = .451E+00  dt = 0.4734E+00  final t = 0.309472E+02
 AMRCLAW: level  1  CFL = .451E+00  dt = 0.4729E+00  final t = 0.314201E+02
 AMRCLAW: level  1  CFL = .451E+00  dt = 0.4723E+00  final t = 0.318924E+02
 AMRCLAW: level  1  CFL = .450E+00  dt = 0.4718E+00  final t = 0.323642E+02
 AMRCLAW: level  1  CFL = .450E+00  dt = 0.4712E+00  final t = 0.328354E+02
 AMRCLAW: level  1  CFL = .450E+00  dt = 0.4707E+00  final t = 0.333061E+02
 AMRCLAW: level  1  CFL = .450E+00  dt = 0.4703E+00  final t = 0.337764E+02
 AMRCLAW: level  1  CFL = .450E+00  dt = 0.4698E+00  final t = 0.342462E+02
 AMRCLAW: level  1  CFL = .450E+00  dt = 0.4694E+00  final t = 0.347156E+02
 AMRCLAW: level  1  CFL = .450E+00  dt = 0.4689E+00  final t = 0.351846E+02
 AMRCLAW: level  1  CFL = .450E+00  dt = 0.4685E+00  final t = 0.356531E+02
 AMRCLAW: level  1  CFL = .450E+00  dt = 0.4681E+00  final t = 0.361212E+02
 AMRCLAW: level  1  CFL = .450E+00  dt = 0.4677E+00  final t = 0.365888E+02
 AMRCLAW: level  1  CFL = .450E+00  dt = 0.4672E+00  final t = 0.370560E+02
 AMRCLAW: level  1  CFL = .450E+00  dt = 0.4668E+00  final t = 0.375229E+02
 AMRCLAW: level  1  CFL = .450E+00  dt = 0.4664E+00  final t = 0.379893E+02
 AMRCLAW: level  1  CFL = .450E+00  dt = 0.4660E+00  final t = 0.384553E+02
 AMRCLAW: level  1  CFL = .450E+00  dt = 0.4657E+00  final t = 0.389210E+02
 AMRCLAW: level  1  CFL = .450E+00  dt = 0.4653E+00  final t = 0.393863E+02
 AMRCLAW: level  1  CFL = .450E+00  dt = 0.4649E+00  final t = 0.398512E+02
 AMRCLAW: level  1  CFL = .450E+00  dt = 0.4646E+00  final t = 0.403158E+02
 AMRCLAW: level  1  CFL = .450E+00  dt = 0.4643E+00  final t = 0.407801E+02
 AMRCLAW: level  1  CFL = .450E+00  dt = 0.4640E+00  final t = 0.412440E+02
 AMRCLAW: level  1  CFL = .450E+00  dt = 0.4637E+00  final t = 0.417077E+02
 AMRCLAW: level  1  CFL = .450E+00  dt = 0.4634E+00  final t = 0.421711E+02
 AMRCLAW: level  1  CFL = .450E+00  dt = 0.4631E+00  final t = 0.426342E+02
 AMRCLAW: level  1  CFL = .450E+00  dt = 0.4629E+00  final t = 0.430970E+02
 AMRCLAW: level  1  CFL = .450E+00  dt = 0.4626E+00  final t = 0.435597E+02
 AMRCLAW: level  1  CFL = .450E+00  dt = 0.4624E+00  final t = 0.440221E+02
 AMRCLAW: level  1  CFL = .450E+00  dt = 0.4622E+00  final t = 0.444842E+02
 AMRCLAW: level  1  CFL = .450E+00  dt = 0.4620E+00  final t = 0.449462E+02
 AMRCLAW: level  1  CFL = .450E+00  dt = 0.4618E+00  final t = 0.454081E+02
 AMRCLAW: level  1  CFL = .450E+00  dt = 0.4616E+00  final t = 0.458697E+02
 AMRCLAW: level  1  CFL = .450E+00  dt = 0.4615E+00  final t = 0.463312E+02
 AMRCLAW: level  1  CFL = .450E+00  dt = 0.4614E+00  final t = 0.467926E+02
 AMRCLAW: level  1  CFL = .450E+00  dt = 0.4612E+00  final t = 0.472538E+02
 AMRCLAW: level  1  CFL = .450E+00  dt = 0.4611E+00  final t = 0.477149E+02
 AMRCLAW: level  1  CFL = .450E+00  dt = 0.4610E+00  final t = 0.481760E+02
 AMRCLAW: level  1  CFL = .450E+00  dt = 0.4610E+00  final t = 0.486370E+02
 AMRCLAW: level  1  CFL = .450E+00  dt = 0.4609E+00  final t = 0.490979E+02
 AMRCLAW: level  1  CFL = .450E+00  dt = 0.4609E+00  final t = 0.495588E+02
 AMRCLAW: level  1  CFL = .450E+00  dt = 0.4609E+00  final t = 0.500197E+02
 AMRCLAW: level  1  CFL = .450E+00  dt = 0.4609E+00  final t = 0.504805E+02
 AMRCLAW: level  1  CFL = .450E+00  dt = 0.4609E+00  final t = 0.509414E+02
 AMRCLAW: level  1  CFL = .450E+00  dt = 0.4609E+00  final t = 0.514023E+02
 AMRCLAW: level  1  CFL = .450E+00  dt = 0.4609E+00  final t = 0.518632E+02
 AMRCLAW: level  1  CFL = .450E+00  dt = 0.4609E+00  final t = 0.523241E+02
 AMRCLAW: level  1  CFL = .450E+00  dt = 0.4610E+00  final t = 0.527851E+02
 AMRCLAW: level  1  CFL = .450E+00  dt = 0.4610E+00  final t = 0.532461E+02
 AMRCLAW: level  1  CFL = .450E+00  dt = 0.4611E+00  final t = 0.537072E+02
 AMRCLAW: level  1  CFL = .450E+00  dt = 0.4612E+00  final t = 0.541683E+02
 AMRCLAW: level  1  CFL = .450E+00  dt = 0.4612E+00  final t = 0.546296E+02
 AMRCLAW: level  1  CFL = .450E+00  dt = 0.4613E+00  final t = 0.550909E+02
 AMRCLAW: level  1  CFL = .450E+00  dt = 0.4615E+00  final t = 0.555523E+02
 AMRCLAW: level  1  CFL = .450E+00  dt = 0.4614E+00  final t = 0.560137E+02
 AMRCLAW: level  1  CFL = .450E+00  dt = 0.4617E+00  final t = 0.564754E+02
 AMRCLAW: level  1  CFL = .449E+00  dt = 0.4615E+00  final t = 0.569369E+02
 AMRCLAW: level  1  CFL = .450E+00  dt = 0.4620E+00  final t = 0.573990E+02
 AMRCLAW: level  1  CFL = .450E+00  dt = 0.4622E+00  final t = 0.578612E+02
 AMRCLAW: level  1  CFL = .449E+00  dt = 0.4620E+00  final t = 0.583232E+02
 AMRCLAW: level  1  CFL = .451E+00  dt = 0.4626E+00  final t = 0.587858E+02
 AMRCLAW: level  1  CFL = .449E+00  dt = 0.4620E+00  final t = 0.592478E+02
 AMRCLAW: level  1  CFL = .450E+00  dt = 0.4629E+00  final t = 0.597107E+02
 AMRCLAW: level  1  CFL = .281E+00  dt = 0.2893E+00  final t = 0.600000E+02
GEOCLAW: Frame    2 output files done at time t =  0.600000D+02

 AMRCLAW: level  1  CFL = .449E+00  dt = 0.4626E+00  final t = 0.604626E+02
 AMRCLAW: level  1  CFL = .449E+00  dt = 0.4631E+00  final t = 0.609257E+02
 AMRCLAW: level  1  CFL = .450E+00  dt = 0.4638E+00  final t = 0.613895E+02
 AMRCLAW: level  1  CFL = .451E+00  dt = 0.4643E+00  final t = 0.618538E+02
 AMRCLAW: level  1  CFL = .449E+00  dt = 0.4633E+00  final t = 0.623171E+02
 AMRCLAW: level  1  CFL = .449E+00  dt = 0.4642E+00  final t = 0.627813E+02
 AMRCLAW: level  1  CFL = .450E+00  dt = 0.4648E+00  final t = 0.632460E+02
 AMRCLAW: level  1  CFL = .450E+00  dt = 0.4652E+00  final t = 0.637112E+02
 AMRCLAW: level  1  CFL = .451E+00  dt = 0.4656E+00  final t = 0.641768E+02
 AMRCLAW: level  1  CFL = .449E+00  dt = 0.4645E+00  final t = 0.646413E+02
 AMRCLAW: level  1  CFL = .449E+00  dt = 0.4655E+00  final t = 0.651068E+02
 AMRCLAW: level  1  CFL = .449E+00  dt = 0.4661E+00  final t = 0.655730E+02
 AMRCLAW: level  1  CFL = .450E+00  dt = 0.4667E+00  final t = 0.660397E+02
 AMRCLAW: level  1  CFL = .450E+00  dt = 0.4672E+00  final t = 0.665068E+02
 AMRCLAW: level  1  CFL = .450E+00  dt = 0.4676E+00  final t = 0.669744E+02
 AMRCLAW: level  1  CFL = .450E+00  dt = 0.4680E+00  final t = 0.674424E+02
 AMRCLAW: level  1  CFL = .450E+00  dt = 0.4684E+00  final t = 0.679109E+02
 AMRCLAW: level  1  CFL = .450E+00  dt = 0.4689E+00  final t = 0.683797E+02
 AMRCLAW: level  1  CFL = .450E+00  dt = 0.4693E+00  final t = 0.688490E+02
 AMRCLAW: level  1  CFL = .450E+00  dt = 0.4697E+00  final t = 0.693188E+02
 AMRCLAW: level  1  CFL = .450E+00  dt = 0.4702E+00  final t = 0.697890E+02
 AMRCLAW: level  1  CFL = .450E+00  dt = 0.4707E+00  final t = 0.702596E+02
 AMRCLAW: level  1  CFL = .450E+00  dt = 0.4711E+00  final t = 0.707308E+02
 AMRCLAW: level  1  CFL = .450E+00  dt = 0.4716E+00  final t = 0.712024E+02
 AMRCLAW: level  1  CFL = .450E+00  dt = 0.4721E+00  final t = 0.716745E+02
 AMRCLAW: level  1  CFL = .450E+00  dt = 0.4726E+00  final t = 0.721471E+02
 AMRCLAW: level  1  CFL = .449E+00  dt = 0.4732E+00  final t = 0.726203E+02
 AMRCLAW: level  1  CFL = .449E+00  dt = 0.4737E+00  final t = 0.730940E+02
 AMRCLAW: level  1  CFL = .449E+00  dt = 0.4742E+00  final t = 0.735682E+02
 AMRCLAW: level  1  CFL = .449E+00  dt = 0.4748E+00  final t = 0.740430E+02
 AMRCLAW: level  1  CFL = .449E+00  dt = 0.4754E+00  final t = 0.745184E+02
 AMRCLAW: level  1  CFL = .450E+00  dt = 0.4760E+00  final t = 0.749944E+02
 AMRCLAW: level  1  CFL = .450E+00  dt = 0.4762E+00  final t = 0.754706E+02
 AMRCLAW: level  1  CFL = .449E+00  dt = 0.4767E+00  final t = 0.759472E+02
 AMRCLAW: level  1  CFL = .450E+00  dt = 0.4776E+00  final t = 0.764248E+02
 AMRCLAW: level  1  CFL = .449E+00  dt = 0.4780E+00  final t = 0.769029E+02
 AMRCLAW: level  1  CFL = .449E+00  dt = 0.4786E+00  final t = 0.773814E+02
 AMRCLAW: level  1  CFL = .449E+00  dt = 0.4792E+00  final t = 0.778607E+02
 AMRCLAW: level  1  CFL = .449E+00  dt = 0.4799E+00  final t = 0.783405E+02
 AMRCLAW: level  1  CFL = .449E+00  dt = 0.4806E+00  final t = 0.788212E+02
 AMRCLAW: level  1  CFL = .449E+00  dt = 0.4814E+00  final t = 0.793025E+02
 AMRCLAW: level  1  CFL = .449E+00  dt = 0.4821E+00  final t = 0.797847E+02
 AMRCLAW: level  1  CFL = .449E+00  dt = 0.4829E+00  final t = 0.802676E+02
 AMRCLAW: level  1  CFL = .449E+00  dt = 0.4837E+00  final t = 0.807513E+02
 AMRCLAW: level  1  CFL = .449E+00  dt = 0.4845E+00  final t = 0.812358E+02
 AMRCLAW: level  1  CFL = .449E+00  dt = 0.4854E+00  final t = 0.817212E+02
 AMRCLAW: level  1  CFL = .449E+00  dt = 0.4863E+00  final t = 0.822075E+02
 AMRCLAW: level  1  CFL = .449E+00  dt = 0.4872E+00  final t = 0.826947E+02
 AMRCLAW: level  1  CFL = .451E+00  dt = 0.4881E+00  final t = 0.831828E+02
 AMRCLAW: level  1  CFL = .452E+00  dt = 0.4875E+00  final t = 0.836704E+02
 AMRCLAW: level  1  CFL = .451E+00  dt = 0.4858E+00  final t = 0.841562E+02
 AMRCLAW: level  1  CFL = .451E+00  dt = 0.4842E+00  final t = 0.846404E+02
 AMRCLAW: level  1  CFL = .451E+00  dt = 0.4829E+00  final t = 0.851234E+02
 AMRCLAW: level  1  CFL = .451E+00  dt = 0.4821E+00  final t = 0.856055E+02
 AMRCLAW: level  1  CFL = .451E+00  dt = 0.4814E+00  final t = 0.860869E+02
 AMRCLAW: level  1  CFL = .451E+00  dt = 0.4806E+00  final t = 0.865675E+02
 AMRCLAW: level  1  CFL = .451E+00  dt = 0.4798E+00  final t = 0.870473E+02
 AMRCLAW: level  1  CFL = .451E+00  dt = 0.4789E+00  final t = 0.875262E+02
 AMRCLAW: level  1  CFL = .451E+00  dt = 0.4780E+00  final t = 0.880042E+02
 AMRCLAW: level  1  CFL = .451E+00  dt = 0.4770E+00  final t = 0.884812E+02
 AMRCLAW: level  1  CFL = .451E+00  dt = 0.4761E+00  final t = 0.889573E+02
 AMRCLAW: level  1  CFL = .451E+00  dt = 0.4752E+00  final t = 0.894325E+02
 AMRCLAW: level  1  CFL = .451E+00  dt = 0.4743E+00  final t = 0.899068E+02
 AMRCLAW: level  1  CFL = .887E-01  dt = 0.9318E-01  final t = 0.900000E+02
GEOCLAW: Frame    3 output files done at time t =  0.900000D+02

 AMRCLAW: level  1  CFL = .450E+00  dt = 0.4727E+00  final t = 0.904727E+02
 AMRCLAW: level  1  CFL = .451E+00  dt = 0.4725E+00  final t = 0.909452E+02
 AMRCLAW: level  1  CFL = .451E+00  dt = 0.4718E+00  final t = 0.914170E+02
 AMRCLAW: level  1  CFL = .451E+00  dt = 0.4712E+00  final t = 0.918881E+02
 AMRCLAW: level  1  CFL = .450E+00  dt = 0.4706E+00  final t = 0.923588E+02
 AMRCLAW: level  1  CFL = .450E+00  dt = 0.4702E+00  final t = 0.928289E+02
 AMRCLAW: level  1  CFL = .450E+00  dt = 0.4698E+00  final t = 0.932987E+02
 AMRCLAW: level  1  CFL = .450E+00  dt = 0.4694E+00  final t = 0.937682E+02
 AMRCLAW: level  1  CFL = .450E+00  dt = 0.4693E+00  final t = 0.942375E+02
 AMRCLAW: level  1  CFL = .450E+00  dt = 0.4691E+00  final t = 0.947066E+02
 AMRCLAW: level  1  CFL = .450E+00  dt = 0.4692E+00  final t = 0.951758E+02
 AMRCLAW: level  1  CFL = .450E+00  dt = 0.4692E+00  final t = 0.956450E+02
 AMRCLAW: level  1  CFL = .450E+00  dt = 0.4693E+00  final t = 0.961143E+02
 AMRCLAW: level  1  CFL = .450E+00  dt = 0.4696E+00  final t = 0.965839E+02
 AMRCLAW: level  1  CFL = .451E+00  dt = 0.4699E+00  final t = 0.970538E+02
 AMRCLAW: level  1  CFL = .451E+00  dt = 0.4688E+00  final t = 0.975226E+02
 AMRCLAW: level  1  CFL = .451E+00  dt = 0.4682E+00  final t = 0.979908E+02
 AMRCLAW: level  1  CFL = .451E+00  dt = 0.4676E+00  final t = 0.984583E+02
 AMRCLAW: level  1  CFL = .451E+00  dt = 0.4669E+00  final t = 0.989253E+02
 AMRCLAW: level  1  CFL = .450E+00  dt = 0.4663E+00  final t = 0.993916E+02
 AMRCLAW: level  1  CFL = .451E+00  dt = 0.4665E+00  final t = 0.998581E+02
 AMRCLAW: level  1  CFL = .451E+00  dt = 0.4655E+00  final t = 0.100324E+03
 AMRCLAW: level  1  CFL = .450E+00  dt = 0.4646E+00  final t = 0.100788E+03
 AMRCLAW: level  1  CFL = .450E+00  dt = 0.4646E+00  final t = 0.101253E+03
 AMRCLAW: level  1  CFL = .451E+00  dt = 0.4644E+00  final t = 0.101717E+03
 AMRCLAW: level  1  CFL = .450E+00  dt = 0.4631E+00  final t = 0.102180E+03
 AMRCLAW: level  1  CFL = .450E+00  dt = 0.4631E+00  final t = 0.102643E+03
 AMRCLAW: level  1  CFL = .450E+00  dt = 0.4628E+00  final t = 0.103106E+03
 AMRCLAW: level  1  CFL = .450E+00  dt = 0.4624E+00  final t = 0.103569E+03
 AMRCLAW: level  1  CFL = .450E+00  dt = 0.4621E+00  final t = 0.104031E+03
 AMRCLAW: level  1  CFL = .450E+00  dt = 0.4617E+00  final t = 0.104492E+03
 AMRCLAW: level  1  CFL = .450E+00  dt = 0.4615E+00  final t = 0.104954E+03
 AMRCLAW: level  1  CFL = .450E+00  dt = 0.4613E+00  final t = 0.105415E+03
 AMRCLAW: level  1  CFL = .450E+00  dt = 0.4611E+00  final t = 0.105876E+03
 AMRCLAW: level  1  CFL = .450E+00  dt = 0.4610E+00  final t = 0.106337E+03
 AMRCLAW: level  1  CFL = .450E+00  dt = 0.4609E+00  final t = 0.106798E+03
 AMRCLAW: level  1  CFL = .450E+00  dt = 0.4608E+00  final t = 0.107259E+03
 AMRCLAW: level  1  CFL = .450E+00  dt = 0.4607E+00  final t = 0.107720E+03
 AMRCLAW: level  1  CFL = .450E+00  dt = 0.4607E+00  final t = 0.108180E+03
 AMRCLAW: level  1  CFL = .450E+00  dt = 0.4607E+00  final t = 0.108641E+03
 AMRCLAW: level  1  CFL = .450E+00  dt = 0.4607E+00  final t = 0.109102E+03
 AMRCLAW: level  1  CFL = .450E+00  dt = 0.4608E+00  final t = 0.109562E+03
 AMRCLAW: level  1  CFL = .450E+00  dt = 0.4611E+00  final t = 0.110024E+03
 AMRCLAW: level  1  CFL = .450E+00  dt = 0.4614E+00  final t = 0.110485E+03
 AMRCLAW: level  1  CFL = .450E+00  dt = 0.4618E+00  final t = 0.110947E+03
 AMRCLAW: level  1  CFL = .450E+00  dt = 0.4623E+00  final t = 0.111409E+03
 AMRCLAW: level  1  CFL = .450E+00  dt = 0.4627E+00  final t = 0.111872E+03
 AMRCLAW: level  1  CFL = .450E+00  dt = 0.4631E+00  final t = 0.112335E+03
 AMRCLAW: level  1  CFL = .450E+00  dt = 0.4634E+00  final t = 0.112798E+03
 AMRCLAW: level  1  CFL = .449E+00  dt = 0.4639E+00  final t = 0.113262E+03
 AMRCLAW: level  1  CFL = .449E+00  dt = 0.4646E+00  final t = 0.113727E+03
 AMRCLAW: level  1  CFL = .449E+00  dt = 0.4653E+00  final t = 0.114192E+03
 AMRCLAW: level  1  CFL = .449E+00  dt = 0.4659E+00  final t = 0.114658E+03
 AMRCLAW: level  1  CFL = .449E+00  dt = 0.4666E+00  final t = 0.115124E+03
 AMRCLAW: level  1  CFL = .449E+00  dt = 0.4673E+00  final t = 0.115592E+03
 AMRCLAW: level  1  CFL = .449E+00  dt = 0.4681E+00  final t = 0.116060E+03
 AMRCLAW: level  1  CFL = .449E+00  dt = 0.4690E+00  final t = 0.116529E+03
 AMRCLAW: level  1  CFL = .449E+00  dt = 0.4698E+00  final t = 0.116999E+03
 AMRCLAW: level  1  CFL = .449E+00  dt = 0.4706E+00  final t = 0.117469E+03
 AMRCLAW: level  1  CFL = .449E+00  dt = 0.4713E+00  final t = 0.117940E+03
 AMRCLAW: level  1  CFL = .449E+00  dt = 0.4723E+00  final t = 0.118413E+03
 AMRCLAW: level  1  CFL = .450E+00  dt = 0.4731E+00  final t = 0.118886E+03
 AMRCLAW: level  1  CFL = .450E+00  dt = 0.4735E+00  final t = 0.119359E+03
 AMRCLAW: level  1  CFL = .450E+00  dt = 0.4739E+00  final t = 0.119833E+03
 AMRCLAW: level  1  CFL = .158E+00  dt = 0.1667E+00  final t = 0.120000E+03
GEOCLAW: Frame    4 output files done at time t =  0.120000D+03

 AMRCLAW: level  1  CFL = .450E+00  dt = 0.4745E+00  final t = 0.120475E+03
 AMRCLAW: level  1  CFL = .451E+00  dt = 0.4746E+00  final t = 0.120949E+03
 AMRCLAW: level  1  CFL = .451E+00  dt = 0.4737E+00  final t = 0.121423E+03
 AMRCLAW: level  1  CFL = .450E+00  dt = 0.4730E+00  final t = 0.121896E+03
 AMRCLAW: level  1  CFL = .450E+00  dt = 0.4730E+00  final t = 0.122369E+03
 AMRCLAW: level  1  CFL = .450E+00  dt = 0.4727E+00  final t = 0.122841E+03
 AMRCLAW: level  1  CFL = .450E+00  dt = 0.4729E+00  final t = 0.123314E+03
 AMRCLAW: level  1  CFL = .450E+00  dt = 0.4728E+00  final t = 0.123787E+03
 AMRCLAW: level  1  CFL = .449E+00  dt = 0.4732E+00  final t = 0.124260E+03
 AMRCLAW: level  1  CFL = .450E+00  dt = 0.4739E+00  final t = 0.124734E+03
 AMRCLAW: level  1  CFL = .449E+00  dt = 0.4736E+00  final t = 0.125208E+03
 AMRCLAW: level  1  CFL = .450E+00  dt = 0.4747E+00  final t = 0.125683E+03
 AMRCLAW: level  1  CFL = .449E+00  dt = 0.4747E+00  final t = 0.126157E+03
 AMRCLAW: level  1  CFL = .455E+00  dt = 0.4759E+00  final t = 0.126633E+03
 AMRCLAW: level  1  CFL = .456E+00  dt = 0.4710E+00  final t = 0.127104E+03
 AMRCLAW: level  1  CFL = .456E+00  dt = 0.4648E+00  final t = 0.127569E+03
 AMRCLAW: level  1  CFL = .455E+00  dt = 0.4586E+00  final t = 0.128028E+03
 AMRCLAW: level  1  CFL = .452E+00  dt = 0.4541E+00  final t = 0.128482E+03
 AMRCLAW: level  1  CFL = .450E+00  dt = 0.4522E+00  final t = 0.128934E+03
 AMRCLAW: level  1  CFL = .449E+00  dt = 0.4521E+00  final t = 0.129386E+03
 AMRCLAW: level  1  CFL = .449E+00  dt = 0.4527E+00  final t = 0.129839E+03
 AMRCLAW: level  1  CFL = .449E+00  dt = 0.4533E+00  final t = 0.130292E+03
 AMRCLAW: level  1  CFL = .449E+00  dt = 0.4541E+00  final t = 0.130746E+03
 AMRCLAW: level  1  CFL = .450E+00  dt = 0.4547E+00  final t = 0.131201E+03
 AMRCLAW: level  1  CFL = .452E+00  dt = 0.4551E+00  final t = 0.131656E+03
 AMRCLAW: level  1  CFL = .454E+00  dt = 0.4530E+00  final t = 0.132109E+03
 AMRCLAW: level  1  CFL = .454E+00  dt = 0.4493E+00  final t = 0.132558E+03
 AMRCLAW: level  1  CFL = .454E+00  dt = 0.4450E+00  final t = 0.133003E+03
 AMRCLAW: level  1  CFL = .453E+00  dt = 0.4414E+00  final t = 0.133445E+03
 AMRCLAW: level  1  CFL = .453E+00  dt = 0.4387E+00  final t = 0.133883E+03
 AMRCLAW: level  1  CFL = .452E+00  dt = 0.4358E+00  final t = 0.134319E+03
 AMRCLAW: level  1  CFL = .451E+00  dt = 0.4339E+00  final t = 0.134753E+03
 AMRCLAW: level  1  CFL = .450E+00  dt = 0.4333E+00  final t = 0.135186E+03
 AMRCLAW: level  1  CFL = .450E+00  dt = 0.4329E+00  final t = 0.135619E+03
 AMRCLAW: level  1  CFL = .450E+00  dt = 0.4327E+00  final t = 0.136052E+03
 AMRCLAW: level  1  CFL = .450E+00  dt = 0.4326E+00  final t = 0.136485E+03
 AMRCLAW: level  1  CFL = .450E+00  dt = 0.4325E+00  final t = 0.136917E+03
 AMRCLAW: level  1  CFL = .450E+00  dt = 0.4326E+00  final t = 0.137350E+03
 AMRCLAW: level  1  CFL = .450E+00  dt = 0.4326E+00  final t = 0.137782E+03
 AMRCLAW: level  1  CFL = .450E+00  dt = 0.4327E+00  final t = 0.138215E+03
 AMRCLAW: level  1  CFL = .450E+00  dt = 0.4326E+00  final t = 0.138648E+03
 AMRCLAW: level  1  CFL = .450E+00  dt = 0.4322E+00  final t = 0.139080E+03
 AMRCLAW: level  1  CFL = .450E+00  dt = 0.4319E+00  final t = 0.139512E+03
 AMRCLAW: level  1  CFL = .450E+00  dt = 0.4315E+00  final t = 0.139943E+03
 AMRCLAW: level  1  CFL = .450E+00  dt = 0.4312E+00  final t = 0.140374E+03
 AMRCLAW: level  1  CFL = .450E+00  dt = 0.4310E+00  final t = 0.140805E+03
 AMRCLAW: level  1  CFL = .450E+00  dt = 0.4307E+00  final t = 0.141236E+03
 AMRCLAW: level  1  CFL = .450E+00  dt = 0.4305E+00  final t = 0.141667E+03
 AMRCLAW: level  1  CFL = .450E+00  dt = 0.4303E+00  final t = 0.142097E+03
 AMRCLAW: level  1  CFL = .450E+00  dt = 0.4302E+00  final t = 0.142527E+03
 AMRCLAW: level  1  CFL = .450E+00  dt = 0.4300E+00  final t = 0.142957E+03
 AMRCLAW: level  1  CFL = .450E+00  dt = 0.4300E+00  final t = 0.143387E+03
 AMRCLAW: level  1  CFL = .450E+00  dt = 0.4300E+00  final t = 0.143817E+03
 AMRCLAW: level  1  CFL = .450E+00  dt = 0.4301E+00  final t = 0.144247E+03
 AMRCLAW: level  1  CFL = .450E+00  dt = 0.4301E+00  final t = 0.144677E+03
 AMRCLAW: level  1  CFL = .450E+00  dt = 0.4301E+00  final t = 0.145108E+03
 AMRCLAW: level  1  CFL = .450E+00  dt = 0.4301E+00  final t = 0.145538E+03
 AMRCLAW: level  1  CFL = .450E+00  dt = 0.4302E+00  final t = 0.145968E+03
 AMRCLAW: level  1  CFL = .450E+00  dt = 0.4302E+00  final t = 0.146398E+03
 AMRCLAW: level  1  CFL = .450E+00  dt = 0.4303E+00  final t = 0.146828E+03
 AMRCLAW: level  1  CFL = .450E+00  dt = 0.4303E+00  final t = 0.147259E+03
 AMRCLAW: level  1  CFL = .450E+00  dt = 0.4304E+00  final t = 0.147689E+03
 AMRCLAW: level  1  CFL = .450E+00  dt = 0.4305E+00  final t = 0.148120E+03
 AMRCLAW: level  1  CFL = .450E+00  dt = 0.4305E+00  final t = 0.148550E+03
 AMRCLAW: level  1  CFL = .450E+00  dt = 0.4306E+00  final t = 0.148981E+03
 AMRCLAW: level  1  CFL = .450E+00  dt = 0.4307E+00  final t = 0.149412E+03
 AMRCLAW: level  1  CFL = .450E+00  dt = 0.4308E+00  final t = 0.149842E+03
 AMRCLAW: level  1  CFL = .165E+00  dt = 0.1577E+00  final t = 0.150000E+03
GEOCLAW: Frame    5 output files done at time t =  0.150000D+03

 AMRCLAW: level  1  CFL = .450E+00  dt = 0.4311E+00  final t = 0.150431E+03
 AMRCLAW: level  1  CFL = .450E+00  dt = 0.4311E+00  final t = 0.150862E+03
 AMRCLAW: level  1  CFL = .450E+00  dt = 0.4313E+00  final t = 0.151293E+03
 AMRCLAW: level  1  CFL = .450E+00  dt = 0.4314E+00  final t = 0.151725E+03
 AMRCLAW: level  1  CFL = .450E+00  dt = 0.4316E+00  final t = 0.152156E+03
 AMRCLAW: level  1  CFL = .450E+00  dt = 0.4317E+00  final t = 0.152588E+03
 AMRCLAW: level  1  CFL = .450E+00  dt = 0.4319E+00  final t = 0.153020E+03
 AMRCLAW: level  1  CFL = .450E+00  dt = 0.4321E+00  final t = 0.153452E+03
 AMRCLAW: level  1  CFL = .450E+00  dt = 0.4322E+00  final t = 0.153884E+03
 AMRCLAW: level  1  CFL = .450E+00  dt = 0.4324E+00  final t = 0.154317E+03
 AMRCLAW: level  1  CFL = .450E+00  dt = 0.4326E+00  final t = 0.154749E+03
 AMRCLAW: level  1  CFL = .450E+00  dt = 0.4328E+00  final t = 0.155182E+03
 AMRCLAW: level  1  CFL = .450E+00  dt = 0.4330E+00  final t = 0.155615E+03
 AMRCLAW: level  1  CFL = .450E+00  dt = 0.4332E+00  final t = 0.156048E+03
 AMRCLAW: level  1  CFL = .450E+00  dt = 0.4334E+00  final t = 0.156482E+03
 AMRCLAW: level  1  CFL = .450E+00  dt = 0.4335E+00  final t = 0.156915E+03
 AMRCLAW: level  1  CFL = .450E+00  dt = 0.4339E+00  final t = 0.157349E+03
 AMRCLAW: level  1  CFL = .450E+00  dt = 0.4340E+00  final t = 0.157783E+03
 AMRCLAW: level  1  CFL = .450E+00  dt = 0.4342E+00  final t = 0.158217E+03
 AMRCLAW: level  1  CFL = .450E+00  dt = 0.4343E+00  final t = 0.158652E+03
 AMRCLAW: level  1  CFL = .450E+00  dt = 0.4344E+00  final t = 0.159086E+03
 AMRCLAW: level  1  CFL = .450E+00  dt = 0.4347E+00  final t = 0.159521E+03
 AMRCLAW: level  1  CFL = .450E+00  dt = 0.4348E+00  final t = 0.159955E+03
 AMRCLAW: level  1  CFL = .450E+00  dt = 0.4349E+00  final t = 0.160390E+03
 AMRCLAW: level  1  CFL = .450E+00  dt = 0.4350E+00  final t = 0.160825E+03
 AMRCLAW: level  1  CFL = .450E+00  dt = 0.4351E+00  final t = 0.161261E+03
 AMRCLAW: level  1  CFL = .450E+00  dt = 0.4353E+00  final t = 0.161696E+03
 AMRCLAW: level  1  CFL = .450E+00  dt = 0.4355E+00  final t = 0.162131E+03
 AMRCLAW: level  1  CFL = .450E+00  dt = 0.4355E+00  final t = 0.162567E+03
 AMRCLAW: level  1  CFL = .450E+00  dt = 0.4356E+00  final t = 0.163002E+03
 AMRCLAW: level  1  CFL = .450E+00  dt = 0.4356E+00  final t = 0.163438E+03
 AMRCLAW: level  1  CFL = .450E+00  dt = 0.4357E+00  final t = 0.163874E+03
 AMRCLAW: level  1  CFL = .450E+00  dt = 0.4360E+00  final t = 0.164310E+03
 AMRCLAW: level  1  CFL = .450E+00  dt = 0.4361E+00  final t = 0.164746E+03
 AMRCLAW: level  1  CFL = .450E+00  dt = 0.4362E+00  final t = 0.165182E+03
 AMRCLAW: level  1  CFL = .450E+00  dt = 0.4365E+00  final t = 0.165618E+03
 AMRCLAW: level  1  CFL = .450E+00  dt = 0.4368E+00  final t = 0.166055E+03
 AMRCLAW: level  1  CFL = .449E+00  dt = 0.4373E+00  final t = 0.166493E+03
 AMRCLAW: level  1  CFL = .449E+00  dt = 0.4379E+00  final t = 0.166930E+03
 AMRCLAW: level  1  CFL = .449E+00  dt = 0.4386E+00  final t = 0.167369E+03
 AMRCLAW: level  1  CFL = .449E+00  dt = 0.4393E+00  final t = 0.167808E+03
 AMRCLAW: level  1  CFL = .449E+00  dt = 0.4400E+00  final t = 0.168248E+03
 AMRCLAW: level  1  CFL = .449E+00  dt = 0.4408E+00  final t = 0.168689E+03
 AMRCLAW: level  1  CFL = .449E+00  dt = 0.4416E+00  final t = 0.169131E+03
 AMRCLAW: level  1  CFL = .449E+00  dt = 0.4424E+00  final t = 0.169573E+03
 AMRCLAW: level  1  CFL = .449E+00  dt = 0.4438E+00  final t = 0.170017E+03
 AMRCLAW: level  1  CFL = .449E+00  dt = 0.4453E+00  final t = 0.170462E+03
 AMRCLAW: level  1  CFL = .449E+00  dt = 0.4459E+00  final t = 0.170908E+03
 AMRCLAW: level  1  CFL = .449E+00  dt = 0.4466E+00  final t = 0.171355E+03
 AMRCLAW: level  1  CFL = .449E+00  dt = 0.4472E+00  final t = 0.171802E+03
 AMRCLAW: level  1  CFL = .450E+00  dt = 0.4477E+00  final t = 0.172250E+03
 AMRCLAW: level  1  CFL = .450E+00  dt = 0.4482E+00  final t = 0.172698E+03
 AMRCLAW: level  1  CFL = .450E+00  dt = 0.4486E+00  final t = 0.173146E+03
 AMRCLAW: level  1  CFL = .449E+00  dt = 0.4490E+00  final t = 0.173595E+03
 AMRCLAW: level  1  CFL = .449E+00  dt = 0.4500E+00  final t = 0.174045E+03
 AMRCLAW: level  1  CFL = .450E+00  dt = 0.4508E+00  final t = 0.174496E+03
 AMRCLAW: level  1  CFL = .450E+00  dt = 0.4509E+00  final t = 0.174947E+03
 AMRCLAW: level  1  CFL = .450E+00  dt = 0.4510E+00  final t = 0.175398E+03
 AMRCLAW: level  1  CFL = .450E+00  dt = 0.4511E+00  final t = 0.175849E+03
 AMRCLAW: level  1  CFL = .450E+00  dt = 0.4511E+00  final t = 0.176301E+03
 AMRCLAW: level  1  CFL = .450E+00  dt = 0.4512E+00  final t = 0.176752E+03
 AMRCLAW: level  1  CFL = .450E+00  dt = 0.4512E+00  final t = 0.177203E+03
 AMRCLAW: level  1  CFL = .450E+00  dt = 0.4513E+00  final t = 0.177654E+03
 AMRCLAW: level  1  CFL = .450E+00  dt = 0.4513E+00  final t = 0.178106E+03
 AMRCLAW: level  1  CFL = .450E+00  dt = 0.4514E+00  final t = 0.178557E+03
 AMRCLAW: level  1  CFL = .451E+00  dt = 0.4515E+00  final t = 0.179008E+03
 AMRCLAW: level  1  CFL = .450E+00  dt = 0.4509E+00  final t = 0.179459E+03
 AMRCLAW: level  1  CFL = .450E+00  dt = 0.4514E+00  final t = 0.179911E+03
 AMRCLAW: level  1  CFL = .890E-01  dt = 0.8940E-01  final t = 0.180000E+03
GEOCLAW: Frame    6 output files done at time t =  0.180000D+03

 AMRCLAW: level  1  CFL = .450E+00  dt = 0.4519E+00  final t = 0.180452E+03
 AMRCLAW: level  1  CFL = .450E+00  dt = 0.4519E+00  final t = 0.180904E+03
 AMRCLAW: level  1  CFL = .450E+00  dt = 0.4520E+00  final t = 0.181356E+03
 AMRCLAW: level  1  CFL = .450E+00  dt = 0.4522E+00  final t = 0.181808E+03
 AMRCLAW: level  1  CFL = .450E+00  dt = 0.4524E+00  final t = 0.182260E+03
 AMRCLAW: level  1  CFL = .450E+00  dt = 0.4527E+00  final t = 0.182713E+03
 AMRCLAW: level  1  CFL = .449E+00  dt = 0.4532E+00  final t = 0.183166E+03
 AMRCLAW: level  1  CFL = .449E+00  dt = 0.4538E+00  final t = 0.183620E+03
 AMRCLAW: level  1  CFL = .449E+00  dt = 0.4545E+00  final t = 0.184075E+03
 AMRCLAW: level  1  CFL = .449E+00  dt = 0.4554E+00  final t = 0.184530E+03
 AMRCLAW: level  1  CFL = .449E+00  dt = 0.4565E+00  final t = 0.184987E+03
 AMRCLAW: level  1  CFL = .448E+00  dt = 0.4579E+00  final t = 0.185444E+03
 AMRCLAW: level  1  CFL = .448E+00  dt = 0.4596E+00  final t = 0.185904E+03
 AMRCLAW: level  1  CFL = .449E+00  dt = 0.4615E+00  final t = 0.186366E+03
 AMRCLAW: level  1  CFL = .449E+00  dt = 0.4622E+00  final t = 0.186828E+03
 AMRCLAW: level  1  CFL = .449E+00  dt = 0.4628E+00  final t = 0.187291E+03
 AMRCLAW: level  1  CFL = .449E+00  dt = 0.4633E+00  final t = 0.187754E+03
 AMRCLAW: level  1  CFL = .449E+00  dt = 0.4639E+00  final t = 0.188218E+03
 AMRCLAW: level  1  CFL = .449E+00  dt = 0.4644E+00  final t = 0.188682E+03
 AMRCLAW: level  1  CFL = .449E+00  dt = 0.4650E+00  final t = 0.189147E+03
 AMRCLAW: level  1  CFL = .449E+00  dt = 0.4655E+00  final t = 0.189613E+03
 AMRCLAW: level  1  CFL = .449E+00  dt = 0.4661E+00  final t = 0.190079E+03
 AMRCLAW: level  1  CFL = .449E+00  dt = 0.4667E+00  final t = 0.190546E+03
 AMRCLAW: level  1  CFL = .449E+00  dt = 0.4674E+00  final t = 0.191013E+03
 AMRCLAW: level  1  CFL = .449E+00  dt = 0.4680E+00  final t = 0.191481E+03
 AMRCLAW: level  1  CFL = .451E+00  dt = 0.4688E+00  final t = 0.191950E+03
 AMRCLAW: level  1  CFL = .451E+00  dt = 0.4677E+00  final t = 0.192417E+03
 AMRCLAW: level  1  CFL = .451E+00  dt = 0.4665E+00  final t = 0.192884E+03
 AMRCLAW: level  1  CFL = .450E+00  dt = 0.4656E+00  final t = 0.193350E+03
 AMRCLAW: level  1  CFL = .450E+00  dt = 0.4651E+00  final t = 0.193815E+03
 AMRCLAW: level  1  CFL = .450E+00  dt = 0.4650E+00  final t = 0.194280E+03
 AMRCLAW: level  1  CFL = .450E+00  dt = 0.4651E+00  final t = 0.194745E+03
 AMRCLAW: level  1  CFL = .451E+00  dt = 0.4654E+00  final t = 0.195210E+03
 AMRCLAW: level  1  CFL = .451E+00  dt = 0.4641E+00  final t = 0.195674E+03
 AMRCLAW: level  1  CFL = .451E+00  dt = 0.4630E+00  final t = 0.196137E+03
 AMRCLAW: level  1  CFL = .451E+00  dt = 0.4621E+00  final t = 0.196599E+03
 AMRCLAW: level  1  CFL = .451E+00  dt = 0.4614E+00  final t = 0.197061E+03
 AMRCLAW: level  1  CFL = .451E+00  dt = 0.4608E+00  final t = 0.197522E+03
 AMRCLAW: level  1  CFL = .451E+00  dt = 0.4602E+00  final t = 0.197982E+03
 AMRCLAW: level  1  CFL = .450E+00  dt = 0.4595E+00  final t = 0.198441E+03
 AMRCLAW: level  1  CFL = .451E+00  dt = 0.4590E+00  final t = 0.198900E+03
 AMRCLAW: level  1  CFL = .452E+00  dt = 0.4581E+00  final t = 0.199358E+03
 AMRCLAW: level  1  CFL = .452E+00  dt = 0.4560E+00  final t = 0.199814E+03
 AMRCLAW: level  1  CFL = .452E+00  dt = 0.4541E+00  final t = 0.200269E+03
 AMRCLAW: level  1  CFL = .452E+00  dt = 0.4523E+00  final t = 0.200721E+03
 AMRCLAW: level  1  CFL = .451E+00  dt = 0.4507E+00  final t = 0.201172E+03
 AMRCLAW: level  1  CFL = .451E+00  dt = 0.4493E+00  final t = 0.201621E+03
 AMRCLAW: level  1  CFL = .451E+00  dt = 0.4480E+00  final t = 0.202069E+03
 AMRCLAW: level  1  CFL = .451E+00  dt = 0.4468E+00  final t = 0.202516E+03
 AMRCLAW: level  1  CFL = .451E+00  dt = 0.4458E+00  final t = 0.202961E+03
 AMRCLAW: level  1  CFL = .451E+00  dt = 0.4449E+00  final t = 0.203406E+03
 AMRCLAW: level  1  CFL = .451E+00  dt = 0.4441E+00  final t = 0.203850E+03
 AMRCLAW: level  1  CFL = .451E+00  dt = 0.4434E+00  final t = 0.204294E+03
 AMRCLAW: level  1  CFL = .450E+00  dt = 0.4428E+00  final t = 0.204737E+03
 AMRCLAW: level  1  CFL = .450E+00  dt = 0.4424E+00  final t = 0.205179E+03
 AMRCLAW: level  1  CFL = .450E+00  dt = 0.4420E+00  final t = 0.205621E+03
 AMRCLAW: level  1  CFL = .450E+00  dt = 0.4417E+00  final t = 0.206063E+03
 AMRCLAW: level  1  CFL = .450E+00  dt = 0.4415E+00  final t = 0.206504E+03
 AMRCLAW: level  1  CFL = .450E+00  dt = 0.4414E+00  final t = 0.206946E+03
 AMRCLAW: level  1  CFL = .450E+00  dt = 0.4413E+00  final t = 0.207387E+03
 AMRCLAW: level  1  CFL = .450E+00  dt = 0.4412E+00  final t = 0.207828E+03
 AMRCLAW: level  1  CFL = .450E+00  dt = 0.4412E+00  final t = 0.208269E+03
 AMRCLAW: level  1  CFL = .450E+00  dt = 0.4412E+00  final t = 0.208711E+03
 AMRCLAW: level  1  CFL = .450E+00  dt = 0.4412E+00  final t = 0.209152E+03
 AMRCLAW: level  1  CFL = .450E+00  dt = 0.4413E+00  final t = 0.209593E+03
 AMRCLAW: level  1  CFL = .415E+00  dt = 0.4070E+00  final t = 0.210000E+03
GEOCLAW: Frame    7 output files done at time t =  0.210000D+03

 AMRCLAW: level  1  CFL = .450E+00  dt = 0.4413E+00  final t = 0.210441E+03
 AMRCLAW: level  1  CFL = .450E+00  dt = 0.4414E+00  final t = 0.210883E+03
 AMRCLAW: level  1  CFL = .450E+00  dt = 0.4414E+00  final t = 0.211324E+03
 AMRCLAW: level  1  CFL = .450E+00  dt = 0.4415E+00  final t = 0.211766E+03
 AMRCLAW: level  1  CFL = .450E+00  dt = 0.4416E+00  final t = 0.212207E+03
 AMRCLAW: level  1  CFL = .450E+00  dt = 0.4417E+00  final t = 0.212649E+03
 AMRCLAW: level  1  CFL = .450E+00  dt = 0.4417E+00  final t = 0.213091E+03
 AMRCLAW: level  1  CFL = .450E+00  dt = 0.4419E+00  final t = 0.213532E+03
 AMRCLAW: level  1  CFL = .450E+00  dt = 0.4420E+00  final t = 0.213974E+03
 AMRCLAW: level  1  CFL = .450E+00  dt = 0.4421E+00  final t = 0.214417E+03
 AMRCLAW: level  1  CFL = .450E+00  dt = 0.4423E+00  final t = 0.214859E+03
 AMRCLAW: level  1  CFL = .450E+00  dt = 0.4425E+00  final t = 0.215301E+03
 AMRCLAW: level  1  CFL = .450E+00  dt = 0.4427E+00  final t = 0.215744E+03
 AMRCLAW: level  1  CFL = .450E+00  dt = 0.4429E+00  final t = 0.216187E+03
 AMRCLAW: level  1  CFL = .450E+00  dt = 0.4432E+00  final t = 0.216630E+03
 AMRCLAW: level  1  CFL = .450E+00  dt = 0.4435E+00  final t = 0.217074E+03
 AMRCLAW: level  1  CFL = .450E+00  dt = 0.4438E+00  final t = 0.217518E+03
 AMRCLAW: level  1  CFL = .450E+00  dt = 0.4442E+00  final t = 0.217962E+03
 AMRCLAW: level  1  CFL = .450E+00  dt = 0.4446E+00  final t = 0.218406E+03
 AMRCLAW: level  1  CFL = .450E+00  dt = 0.4450E+00  final t = 0.218851E+03
 AMRCLAW: level  1  CFL = .450E+00  dt = 0.4454E+00  final t = 0.219297E+03
 AMRCLAW: level  1  CFL = .451E+00  dt = 0.4458E+00  final t = 0.219743E+03
 AMRCLAW: level  1  CFL = .452E+00  dt = 0.4452E+00  final t = 0.220188E+03
 AMRCLAW: level  1  CFL = .451E+00  dt = 0.4435E+00  final t = 0.220631E+03
 AMRCLAW: level  1  CFL = .451E+00  dt = 0.4423E+00  final t = 0.221073E+03
 AMRCLAW: level  1  CFL = .450E+00  dt = 0.4415E+00  final t = 0.221515E+03
 AMRCLAW: level  1  CFL = .450E+00  dt = 0.4411E+00  final t = 0.221956E+03
 AMRCLAW: level  1  CFL = .450E+00  dt = 0.4410E+00  final t = 0.222397E+03
 AMRCLAW: level  1  CFL = .450E+00  dt = 0.4413E+00  final t = 0.222838E+03
 AMRCLAW: level  1  CFL = .450E+00  dt = 0.4414E+00  final t = 0.223280E+03
 AMRCLAW: level  1  CFL = .450E+00  dt = 0.4412E+00  final t = 0.223721E+03
 AMRCLAW: level  1  CFL = .449E+00  dt = 0.4415E+00  final t = 0.224162E+03
 AMRCLAW: level  1  CFL = .450E+00  dt = 0.4421E+00  final t = 0.224605E+03
 AMRCLAW: level  1  CFL = .449E+00  dt = 0.4426E+00  final t = 0.225047E+03
 AMRCLAW: level  1  CFL = .449E+00  dt = 0.4432E+00  final t = 0.225490E+03
 AMRCLAW: level  1  CFL = .450E+00  dt = 0.4437E+00  final t = 0.225934E+03
 AMRCLAW: level  1  CFL = .450E+00  dt = 0.4442E+00  final t = 0.226378E+03
 AMRCLAW: level  1  CFL = .450E+00  dt = 0.4446E+00  final t = 0.226823E+03
 AMRCLAW: level  1  CFL = .450E+00  dt = 0.4449E+00  final t = 0.227268E+03
 AMRCLAW: level  1  CFL = .452E+00  dt = 0.4451E+00  final t = 0.227713E+03
 AMRCLAW: level  1  CFL = .452E+00  dt = 0.4436E+00  final t = 0.228156E+03
 AMRCLAW: level  1  CFL = .452E+00  dt = 0.4412E+00  final t = 0.228598E+03
 AMRCLAW: level  1  CFL = .452E+00  dt = 0.4391E+00  final t = 0.229037E+03
 AMRCLAW: level  1  CFL = .452E+00  dt = 0.4373E+00  final t = 0.229474E+03
 AMRCLAW: level  1  CFL = .451E+00  dt = 0.4357E+00  final t = 0.229910E+03
 AMRCLAW: level  1  CFL = .451E+00  dt = 0.4343E+00  final t = 0.230344E+03
 AMRCLAW: level  1  CFL = .451E+00  dt = 0.4331E+00  final t = 0.230777E+03
 AMRCLAW: level  1  CFL = .451E+00  dt = 0.4321E+00  final t = 0.231209E+03
 AMRCLAW: level  1  CFL = .451E+00  dt = 0.4311E+00  final t = 0.231640E+03
 AMRCLAW: level  1  CFL = .451E+00  dt = 0.4302E+00  final t = 0.232070E+03
 AMRCLAW: level  1  CFL = .451E+00  dt = 0.4294E+00  final t = 0.232500E+03
 AMRCLAW: level  1  CFL = .451E+00  dt = 0.4286E+00  final t = 0.232928E+03
 AMRCLAW: level  1  CFL = .451E+00  dt = 0.4278E+00  final t = 0.233356E+03
 AMRCLAW: level  1  CFL = .451E+00  dt = 0.4270E+00  final t = 0.233783E+03
 AMRCLAW: level  1  CFL = .451E+00  dt = 0.4264E+00  final t = 0.234210E+03
 AMRCLAW: level  1  CFL = .450E+00  dt = 0.4258E+00  final t = 0.234635E+03
 AMRCLAW: level  1  CFL = .450E+00  dt = 0.4254E+00  final t = 0.235061E+03
 AMRCLAW: level  1  CFL = .450E+00  dt = 0.4251E+00  final t = 0.235486E+03
 AMRCLAW: level  1  CFL = .450E+00  dt = 0.4249E+00  final t = 0.235911E+03
 AMRCLAW: level  1  CFL = .450E+00  dt = 0.4247E+00  final t = 0.236336E+03
 AMRCLAW: level  1  CFL = .450E+00  dt = 0.4246E+00  final t = 0.236760E+03
 AMRCLAW: level  1  CFL = .450E+00  dt = 0.4245E+00  final t = 0.237185E+03
 AMRCLAW: level  1  CFL = .450E+00  dt = 0.4243E+00  final t = 0.237609E+03
 AMRCLAW: level  1  CFL = .450E+00  dt = 0.4243E+00  final t = 0.238033E+03
 AMRCLAW: level  1  CFL = .450E+00  dt = 0.4242E+00  final t = 0.238457E+03
 AMRCLAW: level  1  CFL = .450E+00  dt = 0.4241E+00  final t = 0.238881E+03
 AMRCLAW: level  1  CFL = .450E+00  dt = 0.4240E+00  final t = 0.239305E+03
 AMRCLAW: level  1  CFL = .450E+00  dt = 0.4240E+00  final t = 0.239729E+03
 AMRCLAW: level  1  CFL = .287E+00  dt = 0.2705E+00  final t = 0.240000E+03
GEOCLAW: Frame    8 output files done at time t =  0.240000D+03

 AMRCLAW: level  1  CFL = .450E+00  dt = 0.4239E+00  final t = 0.240424E+03
 AMRCLAW: level  1  CFL = .450E+00  dt = 0.4239E+00  final t = 0.240848E+03
 AMRCLAW: level  1  CFL = .450E+00  dt = 0.4239E+00  final t = 0.241272E+03
 AMRCLAW: level  1  CFL = .450E+00  dt = 0.4239E+00  final t = 0.241696E+03
 AMRCLAW: level  1  CFL = .450E+00  dt = 0.4239E+00  final t = 0.242120E+03
 AMRCLAW: level  1  CFL = .450E+00  dt = 0.4239E+00  final t = 0.242543E+03
 AMRCLAW: level  1  CFL = .450E+00  dt = 0.4239E+00  final t = 0.242967E+03
 AMRCLAW: level  1  CFL = .450E+00  dt = 0.4239E+00  final t = 0.243391E+03
 AMRCLAW: level  1  CFL = .450E+00  dt = 0.4239E+00  final t = 0.243815E+03
 AMRCLAW: level  1  CFL = .450E+00  dt = 0.4240E+00  final t = 0.244239E+03
 AMRCLAW: level  1  CFL = .450E+00  dt = 0.4240E+00  final t = 0.244663E+03
 AMRCLAW: level  1  CFL = .450E+00  dt = 0.4241E+00  final t = 0.245087E+03
 AMRCLAW: level  1  CFL = .450E+00  dt = 0.4241E+00  final t = 0.245511E+03
 AMRCLAW: level  1  CFL = .450E+00  dt = 0.4242E+00  final t = 0.245936E+03
 AMRCLAW: level  1  CFL = .450E+00  dt = 0.4242E+00  final t = 0.246360E+03
 AMRCLAW: level  1  CFL = .450E+00  dt = 0.4243E+00  final t = 0.246784E+03
 AMRCLAW: level  1  CFL = .450E+00  dt = 0.4244E+00  final t = 0.247208E+03
 AMRCLAW: level  1  CFL = .450E+00  dt = 0.4244E+00  final t = 0.247633E+03
 AMRCLAW: level  1  CFL = .450E+00  dt = 0.4245E+00  final t = 0.248057E+03
 AMRCLAW: level  1  CFL = .450E+00  dt = 0.4247E+00  final t = 0.248482E+03
 AMRCLAW: level  1  CFL = .450E+00  dt = 0.4249E+00  final t = 0.248907E+03
 AMRCLAW: level  1  CFL = .450E+00  dt = 0.4252E+00  final t = 0.249332E+03
 AMRCLAW: level  1  CFL = .450E+00  dt = 0.4256E+00  final t = 0.249758E+03
 AMRCLAW: level  1  CFL = .450E+00  dt = 0.4259E+00  final t = 0.250184E+03
 AMRCLAW: level  1  CFL = .450E+00  dt = 0.4263E+00  final t = 0.250610E+03
 AMRCLAW: level  1  CFL = .451E+00  dt = 0.4266E+00  final t = 0.251037E+03
 AMRCLAW: level  1  CFL = .452E+00  dt = 0.4256E+00  final t = 0.251462E+03
 AMRCLAW: level  1  CFL = .452E+00  dt = 0.4235E+00  final t = 0.251886E+03
 AMRCLAW: level  1  CFL = .452E+00  dt = 0.4218E+00  final t = 0.252308E+03
 AMRCLAW: level  1  CFL = .451E+00  dt = 0.4204E+00  final t = 0.252728E+03
 AMRCLAW: level  1  CFL = .451E+00  dt = 0.4192E+00  final t = 0.253147E+03
 AMRCLAW: level  1  CFL = .451E+00  dt = 0.4182E+00  final t = 0.253565E+03
 AMRCLAW: level  1  CFL = .451E+00  dt = 0.4173E+00  final t = 0.253983E+03
 AMRCLAW: level  1  CFL = .451E+00  dt = 0.4165E+00  final t = 0.254399E+03
 AMRCLAW: level  1  CFL = .451E+00  dt = 0.4157E+00  final t = 0.254815E+03
 AMRCLAW: level  1  CFL = .451E+00  dt = 0.4150E+00  final t = 0.255230E+03
 AMRCLAW: level  1  CFL = .451E+00  dt = 0.4144E+00  final t = 0.255644E+03
 AMRCLAW: level  1  CFL = .451E+00  dt = 0.4138E+00  final t = 0.256058E+03
 AMRCLAW: level  1  CFL = .451E+00  dt = 0.4133E+00  final t = 0.256471E+03
 AMRCLAW: level  1  CFL = .450E+00  dt = 0.4128E+00  final t = 0.256884E+03
 AMRCLAW: level  1  CFL = .450E+00  dt = 0.4124E+00  final t = 0.257297E+03
 AMRCLAW: level  1  CFL = .450E+00  dt = 0.4120E+00  final t = 0.257709E+03
 AMRCLAW: level  1  CFL = .450E+00  dt = 0.4117E+00  final t = 0.258120E+03
 AMRCLAW: level  1  CFL = .450E+00  dt = 0.4113E+00  final t = 0.258532E+03
 AMRCLAW: level  1  CFL = .450E+00  dt = 0.4111E+00  final t = 0.258943E+03
 AMRCLAW: level  1  CFL = .450E+00  dt = 0.4108E+00  final t = 0.259353E+03
 AMRCLAW: level  1  CFL = .450E+00  dt = 0.4105E+00  final t = 0.259764E+03
 AMRCLAW: level  1  CFL = .450E+00  dt = 0.4103E+00  final t = 0.260174E+03
 AMRCLAW: level  1  CFL = .450E+00  dt = 0.4101E+00  final t = 0.260584E+03
 AMRCLAW: level  1  CFL = .450E+00  dt = 0.4099E+00  final t = 0.260994E+03
 AMRCLAW: level  1  CFL = .450E+00  dt = 0.4097E+00  final t = 0.261404E+03
 AMRCLAW: level  1  CFL = .450E+00  dt = 0.4096E+00  final t = 0.261814E+03
 AMRCLAW: level  1  CFL = .450E+00  dt = 0.4094E+00  final t = 0.262223E+03
 AMRCLAW: level  1  CFL = .450E+00  dt = 0.4090E+00  final t = 0.262632E+03
 AMRCLAW: level  1  CFL = .450E+00  dt = 0.4090E+00  final t = 0.263041E+03
 AMRCLAW: level  1  CFL = .450E+00  dt = 0.4090E+00  final t = 0.263450E+03
 AMRCLAW: level  1  CFL = .450E+00  dt = 0.4086E+00  final t = 0.263859E+03
 AMRCLAW: level  1  CFL = .450E+00  dt = 0.4087E+00  final t = 0.264267E+03
 AMRCLAW: level  1  CFL = .450E+00  dt = 0.4084E+00  final t = 0.264676E+03
 AMRCLAW: level  1  CFL = .450E+00  dt = 0.4086E+00  final t = 0.265084E+03
 AMRCLAW: level  1  CFL = .450E+00  dt = 0.4083E+00  final t = 0.265493E+03
 AMRCLAW: level  1  CFL = .450E+00  dt = 0.4081E+00  final t = 0.265901E+03
 AMRCLAW: level  1  CFL = .450E+00  dt = 0.4084E+00  final t = 0.266309E+03
 AMRCLAW: level  1  CFL = .450E+00  dt = 0.4082E+00  final t = 0.266717E+03
 AMRCLAW: level  1  CFL = .450E+00  dt = 0.4081E+00  final t = 0.267125E+03
 AMRCLAW: level  1  CFL = .450E+00  dt = 0.4083E+00  final t = 0.267534E+03
 AMRCLAW: level  1  CFL = .450E+00  dt = 0.4081E+00  final t = 0.267942E+03
 AMRCLAW: level  1  CFL = .450E+00  dt = 0.4080E+00  final t = 0.268350E+03
 AMRCLAW: level  1  CFL = .450E+00  dt = 0.4083E+00  final t = 0.268758E+03
 AMRCLAW: level  1  CFL = .450E+00  dt = 0.4082E+00  final t = 0.269166E+03
 AMRCLAW: level  1  CFL = .450E+00  dt = 0.4081E+00  final t = 0.269574E+03
 AMRCLAW: level  1  CFL = .450E+00  dt = 0.4081E+00  final t = 0.269982E+03
 AMRCLAW: level  1  CFL = .194E-01  dt = 0.1757E-01  final t = 0.270000E+03
GEOCLAW: Frame    9 output files done at time t =  0.270000D+03

 AMRCLAW: level  1  CFL = .450E+00  dt = 0.4083E+00  final t = 0.270408E+03
 AMRCLAW: level  1  CFL = .450E+00  dt = 0.4083E+00  final t = 0.270817E+03
 AMRCLAW: level  1  CFL = .450E+00  dt = 0.4082E+00  final t = 0.271225E+03
 AMRCLAW: level  1  CFL = .450E+00  dt = 0.4085E+00  final t = 0.271633E+03
 AMRCLAW: level  1  CFL = .450E+00  dt = 0.4084E+00  final t = 0.272042E+03
 AMRCLAW: level  1  CFL = .450E+00  dt = 0.4084E+00  final t = 0.272450E+03
 AMRCLAW: level  1  CFL = .450E+00  dt = 0.4087E+00  final t = 0.272859E+03
 AMRCLAW: level  1  CFL = .450E+00  dt = 0.4086E+00  final t = 0.273267E+03
 AMRCLAW: level  1  CFL = .450E+00  dt = 0.4086E+00  final t = 0.273676E+03
 AMRCLAW: level  1  CFL = .450E+00  dt = 0.4089E+00  final t = 0.274085E+03
 AMRCLAW: level  1  CFL = .450E+00  dt = 0.4088E+00  final t = 0.274494E+03
 AMRCLAW: level  1  CFL = .450E+00  dt = 0.4088E+00  final t = 0.274902E+03
 AMRCLAW: level  1  CFL = .450E+00  dt = 0.4092E+00  final t = 0.275312E+03
 AMRCLAW: level  1  CFL = .450E+00  dt = 0.4091E+00  final t = 0.275721E+03
 AMRCLAW: level  1  CFL = .450E+00  dt = 0.4094E+00  final t = 0.276130E+03
 AMRCLAW: level  1  CFL = .450E+00  dt = 0.4093E+00  final t = 0.276539E+03
 AMRCLAW: level  1  CFL = .450E+00  dt = 0.4096E+00  final t = 0.276949E+03
 AMRCLAW: level  1  CFL = .450E+00  dt = 0.4096E+00  final t = 0.277359E+03
 AMRCLAW: level  1  CFL = .450E+00  dt = 0.4099E+00  final t = 0.277769E+03
 AMRCLAW: level  1  CFL = .450E+00  dt = 0.4098E+00  final t = 0.278178E+03
 AMRCLAW: level  1  CFL = .450E+00  dt = 0.4101E+00  final t = 0.278588E+03
 AMRCLAW: level  1  CFL = .450E+00  dt = 0.4103E+00  final t = 0.278999E+03
 AMRCLAW: level  1  CFL = .450E+00  dt = 0.4102E+00  final t = 0.279409E+03
 AMRCLAW: level  1  CFL = .450E+00  dt = 0.4105E+00  final t = 0.279819E+03
 AMRCLAW: level  1  CFL = .450E+00  dt = 0.4107E+00  final t = 0.280230E+03
 AMRCLAW: level  1  CFL = .450E+00  dt = 0.4109E+00  final t = 0.280641E+03
 AMRCLAW: level  1  CFL = .450E+00  dt = 0.4111E+00  final t = 0.281052E+03
 AMRCLAW: level  1  CFL = .450E+00  dt = 0.4112E+00  final t = 0.281463E+03
 AMRCLAW: level  1  CFL = .450E+00  dt = 0.4114E+00  final t = 0.281875E+03
 AMRCLAW: level  1  CFL = .450E+00  dt = 0.4115E+00  final t = 0.282286E+03
 AMRCLAW: level  1  CFL = .450E+00  dt = 0.4117E+00  final t = 0.282698E+03
 AMRCLAW: level  1  CFL = .450E+00  dt = 0.4119E+00  final t = 0.283110E+03
 AMRCLAW: level  1  CFL = .450E+00  dt = 0.4120E+00  final t = 0.283522E+03
 AMRCLAW: level  1  CFL = .450E+00  dt = 0.4122E+00  final t = 0.283934E+03
 AMRCLAW: level  1  CFL = .450E+00  dt = 0.4123E+00  final t = 0.284346E+03
 AMRCLAW: level  1  CFL = .450E+00  dt = 0.4125E+00  final t = 0.284759E+03
 AMRCLAW: level  1  CFL = .450E+00  dt = 0.4127E+00  final t = 0.285172E+03
 AMRCLAW: level  1  CFL = .450E+00  dt = 0.4129E+00  final t = 0.285584E+03
 AMRCLAW: level  1  CFL = .450E+00  dt = 0.4131E+00  final t = 0.285998E+03
 AMRCLAW: level  1  CFL = .450E+00  dt = 0.4132E+00  final t = 0.286411E+03
 AMRCLAW: level  1  CFL = .450E+00  dt = 0.4134E+00  final t = 0.286824E+03
 AMRCLAW: level  1  CFL = .450E+00  dt = 0.4136E+00  final t = 0.287238E+03
 AMRCLAW: level  1  CFL = .450E+00  dt = 0.4138E+00  final t = 0.287652E+03
 AMRCLAW: level  1  CFL = .450E+00  dt = 0.4140E+00  final t = 0.288066E+03
 AMRCLAW: level  1  CFL = .450E+00  dt = 0.4141E+00  final t = 0.288480E+03
 AMRCLAW: level  1  CFL = .450E+00  dt = 0.4142E+00  final t = 0.288894E+03
 AMRCLAW: level  1  CFL = .450E+00  dt = 0.4143E+00  final t = 0.289308E+03
 AMRCLAW: level  1  CFL = .450E+00  dt = 0.4144E+00  final t = 0.289723E+03
 AMRCLAW: level  1  CFL = .450E+00  dt = 0.4145E+00  final t = 0.290137E+03
 AMRCLAW: level  1  CFL = .450E+00  dt = 0.4147E+00  final t = 0.290552E+03
 AMRCLAW: level  1  CFL = .450E+00  dt = 0.4148E+00  final t = 0.290967E+03
 AMRCLAW: level  1  CFL = .450E+00  dt = 0.4150E+00  final t = 0.291382E+03
 AMRCLAW: level  1  CFL = .450E+00  dt = 0.4151E+00  final t = 0.291797E+03
 AMRCLAW: level  1  CFL = .450E+00  dt = 0.4153E+00  final t = 0.292212E+03
 AMRCLAW: level  1  CFL = .450E+00  dt = 0.4155E+00  final t = 0.292627E+03
 AMRCLAW: level  1  CFL = .450E+00  dt = 0.4156E+00  final t = 0.293043E+03
 AMRCLAW: level  1  CFL = .450E+00  dt = 0.4158E+00  final t = 0.293459E+03
 AMRCLAW: level  1  CFL = .450E+00  dt = 0.4160E+00  final t = 0.293875E+03
 AMRCLAW: level  1  CFL = .450E+00  dt = 0.4161E+00  final t = 0.294291E+03
 AMRCLAW: level  1  CFL = .450E+00  dt = 0.4163E+00  final t = 0.294707E+03
 AMRCLAW: level  1  CFL = .450E+00  dt = 0.4164E+00  final t = 0.295124E+03
 AMRCLAW: level  1  CFL = .450E+00  dt = 0.4166E+00  final t = 0.295540E+03
 AMRCLAW: level  1  CFL = .450E+00  dt = 0.4167E+00  final t = 0.295957E+03
 AMRCLAW: level  1  CFL = .450E+00  dt = 0.4169E+00  final t = 0.296374E+03
 AMRCLAW: level  1  CFL = .450E+00  dt = 0.4170E+00  final t = 0.296791E+03
 AMRCLAW: level  1  CFL = .450E+00  dt = 0.4171E+00  final t = 0.297208E+03
 AMRCLAW: level  1  CFL = .450E+00  dt = 0.4173E+00  final t = 0.297625E+03
 AMRCLAW: level  1  CFL = .450E+00  dt = 0.4174E+00  final t = 0.298043E+03
 AMRCLAW: level  1  CFL = .450E+00  dt = 0.4175E+00  final t = 0.298460E+03
 AMRCLAW: level  1  CFL = .450E+00  dt = 0.4176E+00  final t = 0.298878E+03
 AMRCLAW: level  1  CFL = .450E+00  dt = 0.4178E+00  final t = 0.299296E+03
 AMRCLAW: level  1  CFL = .450E+00  dt = 0.4179E+00  final t = 0.299713E+03
 AMRCLAW: level  1  CFL = .308E+00  dt = 0.2865E+00  final t = 0.300000E+03
GEOCLAW: Frame   10 output files done at time t =  0.300000D+03

 AMRCLAW: level  1  CFL = .450E+00  dt = 0.4182E+00  final t = 0.300418E+03
 AMRCLAW: level  1  CFL = .450E+00  dt = 0.4183E+00  final t = 0.300836E+03
 AMRCLAW: level  1  CFL = .450E+00  dt = 0.4184E+00  final t = 0.301255E+03
 AMRCLAW: level  1  CFL = .450E+00  dt = 0.4185E+00  final t = 0.301673E+03
 AMRCLAW: level  1  CFL = .450E+00  dt = 0.4187E+00  final t = 0.302092E+03
 AMRCLAW: level  1  CFL = .450E+00  dt = 0.4188E+00  final t = 0.302511E+03
 AMRCLAW: level  1  CFL = .450E+00  dt = 0.4190E+00  final t = 0.302930E+03
 AMRCLAW: level  1  CFL = .450E+00  dt = 0.4192E+00  final t = 0.303349E+03
 AMRCLAW: level  1  CFL = .450E+00  dt = 0.4193E+00  final t = 0.303768E+03
 AMRCLAW: level  1  CFL = .450E+00  dt = 0.4195E+00  final t = 0.304188E+03
 AMRCLAW: level  1  CFL = .450E+00  dt = 0.4197E+00  final t = 0.304607E+03
 AMRCLAW: level  1  CFL = .450E+00  dt = 0.4198E+00  final t = 0.305027E+03
 AMRCLAW: level  1  CFL = .450E+00  dt = 0.4200E+00  final t = 0.305447E+03
 AMRCLAW: level  1  CFL = .450E+00  dt = 0.4201E+00  final t = 0.305867E+03
 AMRCLAW: level  1  CFL = .450E+00  dt = 0.4203E+00  final t = 0.306288E+03
 AMRCLAW: level  1  CFL = .450E+00  dt = 0.4205E+00  final t = 0.306708E+03
 AMRCLAW: level  1  CFL = .450E+00  dt = 0.4206E+00  final t = 0.307129E+03
 AMRCLAW: level  1  CFL = .450E+00  dt = 0.4208E+00  final t = 0.307550E+03
 AMRCLAW: level  1  CFL = .450E+00  dt = 0.4209E+00  final t = 0.307971E+03
 AMRCLAW: level  1  CFL = .450E+00  dt = 0.4211E+00  final t = 0.308392E+03
 AMRCLAW: level  1  CFL = .450E+00  dt = 0.4213E+00  final t = 0.308813E+03
 AMRCLAW: level  1  CFL = .450E+00  dt = 0.4214E+00  final t = 0.309234E+03
 AMRCLAW: level  1  CFL = .450E+00  dt = 0.4216E+00  final t = 0.309656E+03
 AMRCLAW: level  1  CFL = .450E+00  dt = 0.4218E+00  final t = 0.310078E+03
 AMRCLAW: level  1  CFL = .450E+00  dt = 0.4220E+00  final t = 0.310500E+03
 AMRCLAW: level  1  CFL = .450E+00  dt = 0.4222E+00  final t = 0.310922E+03
 AMRCLAW: level  1  CFL = .450E+00  dt = 0.4224E+00  final t = 0.311344E+03
 AMRCLAW: level  1  CFL = .450E+00  dt = 0.4226E+00  final t = 0.311767E+03
 AMRCLAW: level  1  CFL = .450E+00  dt = 0.4228E+00  final t = 0.312189E+03
 AMRCLAW: level  1  CFL = .450E+00  dt = 0.4230E+00  final t = 0.312612E+03
 AMRCLAW: level  1  CFL = .450E+00  dt = 0.4232E+00  final t = 0.313036E+03
 AMRCLAW: level  1  CFL = .450E+00  dt = 0.4235E+00  final t = 0.313459E+03
 AMRCLAW: level  1  CFL = .450E+00  dt = 0.4237E+00  final t = 0.313883E+03
 AMRCLAW: level  1  CFL = .450E+00  dt = 0.4240E+00  final t = 0.314307E+03
 AMRCLAW: level  1  CFL = .450E+00  dt = 0.4243E+00  final t = 0.314731E+03
 AMRCLAW: level  1  CFL = .450E+00  dt = 0.4245E+00  final t = 0.315156E+03
 AMRCLAW: level  1  CFL = .450E+00  dt = 0.4248E+00  final t = 0.315580E+03
 AMRCLAW: level  1  CFL = .450E+00  dt = 0.4251E+00  final t = 0.316006E+03
 AMRCLAW: level  1  CFL = .450E+00  dt = 0.4255E+00  final t = 0.316431E+03
 AMRCLAW: level  1  CFL = .450E+00  dt = 0.4258E+00  final t = 0.316857E+03
 AMRCLAW: level  1  CFL = .450E+00  dt = 0.4261E+00  final t = 0.317283E+03
 AMRCLAW: level  1  CFL = .450E+00  dt = 0.4265E+00  final t = 0.317709E+03
 AMRCLAW: level  1  CFL = .450E+00  dt = 0.4268E+00  final t = 0.318136E+03
 AMRCLAW: level  1  CFL = .450E+00  dt = 0.4272E+00  final t = 0.318563E+03
 AMRCLAW: level  1  CFL = .450E+00  dt = 0.4276E+00  final t = 0.318991E+03
 AMRCLAW: level  1  CFL = .450E+00  dt = 0.4280E+00  final t = 0.319419E+03
 AMRCLAW: level  1  CFL = .450E+00  dt = 0.4283E+00  final t = 0.319847E+03
 AMRCLAW: level  1  CFL = .450E+00  dt = 0.4287E+00  final t = 0.320276E+03
 AMRCLAW: level  1  CFL = .450E+00  dt = 0.4291E+00  final t = 0.320705E+03
 AMRCLAW: level  1  CFL = .450E+00  dt = 0.4295E+00  final t = 0.321135E+03
 AMRCLAW: level  1  CFL = .450E+00  dt = 0.4299E+00  final t = 0.321565E+03
 AMRCLAW: level  1  CFL = .450E+00  dt = 0.4303E+00  final t = 0.321995E+03
 AMRCLAW: level  1  CFL = .450E+00  dt = 0.4307E+00  final t = 0.322426E+03
 AMRCLAW: level  1  CFL = .450E+00  dt = 0.4311E+00  final t = 0.322857E+03
 AMRCLAW: level  1  CFL = .450E+00  dt = 0.4315E+00  final t = 0.323288E+03
 AMRCLAW: level  1  CFL = .450E+00  dt = 0.4319E+00  final t = 0.323720E+03
 AMRCLAW: level  1  CFL = .450E+00  dt = 0.4323E+00  final t = 0.324152E+03
 AMRCLAW: level  1  CFL = .450E+00  dt = 0.4327E+00  final t = 0.324585E+03
 AMRCLAW: level  1  CFL = .450E+00  dt = 0.4330E+00  final t = 0.325018E+03
 AMRCLAW: level  1  CFL = .450E+00  dt = 0.4334E+00  final t = 0.325452E+03
 AMRCLAW: level  1  CFL = .450E+00  dt = 0.4338E+00  final t = 0.325885E+03
 AMRCLAW: level  1  CFL = .450E+00  dt = 0.4342E+00  final t = 0.326320E+03
 AMRCLAW: level  1  CFL = .450E+00  dt = 0.4346E+00  final t = 0.326754E+03
 AMRCLAW: level  1  CFL = .450E+00  dt = 0.4350E+00  final t = 0.327189E+03
 AMRCLAW: level  1  CFL = .450E+00  dt = 0.4353E+00  final t = 0.327624E+03
 AMRCLAW: level  1  CFL = .450E+00  dt = 0.4357E+00  final t = 0.328060E+03
 AMRCLAW: level  1  CFL = .450E+00  dt = 0.4361E+00  final t = 0.328496E+03
 AMRCLAW: level  1  CFL = .450E+00  dt = 0.4364E+00  final t = 0.328933E+03
 AMRCLAW: level  1  CFL = .450E+00  dt = 0.4368E+00  final t = 0.329369E+03
 AMRCLAW: level  1  CFL = .449E+00  dt = 0.4372E+00  final t = 0.329807E+03
 AMRCLAW: level  1  CFL = .199E+00  dt = 0.1934E+00  final t = 0.330000E+03
GEOCLAW: Frame   11 output files done at time t =  0.330000D+03

 AMRCLAW: level  1  CFL = .450E+00  dt = 0.4383E+00  final t = 0.330438E+03
 AMRCLAW: level  1  CFL = .449E+00  dt = 0.4385E+00  final t = 0.330877E+03
 AMRCLAW: level  1  CFL = .449E+00  dt = 0.4392E+00  final t = 0.331316E+03
 AMRCLAW: level  1  CFL = .449E+00  dt = 0.4398E+00  final t = 0.331756E+03
 AMRCLAW: level  1  CFL = .449E+00  dt = 0.4404E+00  final t = 0.332196E+03
 AMRCLAW: level  1  CFL = .449E+00  dt = 0.4410E+00  final t = 0.332637E+03
 AMRCLAW: level  1  CFL = .449E+00  dt = 0.4417E+00  final t = 0.333079E+03
 AMRCLAW: level  1  CFL = .449E+00  dt = 0.4423E+00  final t = 0.333521E+03
 AMRCLAW: level  1  CFL = .449E+00  dt = 0.4429E+00  final t = 0.333964E+03
 AMRCLAW: level  1  CFL = .449E+00  dt = 0.4435E+00  final t = 0.334408E+03
 AMRCLAW: level  1  CFL = .449E+00  dt = 0.4441E+00  final t = 0.334852E+03
 AMRCLAW: level  1  CFL = .449E+00  dt = 0.4449E+00  final t = 0.335297E+03
 AMRCLAW: level  1  CFL = .449E+00  dt = 0.4458E+00  final t = 0.335742E+03
 AMRCLAW: level  1  CFL = .450E+00  dt = 0.4463E+00  final t = 0.336189E+03
 AMRCLAW: level  1  CFL = .450E+00  dt = 0.4467E+00  final t = 0.336635E+03
 AMRCLAW: level  1  CFL = .450E+00  dt = 0.4470E+00  final t = 0.337082E+03
 AMRCLAW: level  1  CFL = .450E+00  dt = 0.4473E+00  final t = 0.337530E+03
 AMRCLAW: level  1  CFL = .450E+00  dt = 0.4475E+00  final t = 0.337977E+03
 AMRCLAW: level  1  CFL = .450E+00  dt = 0.4478E+00  final t = 0.338425E+03
 AMRCLAW: level  1  CFL = .450E+00  dt = 0.4481E+00  final t = 0.338873E+03
 AMRCLAW: level  1  CFL = .450E+00  dt = 0.4484E+00  final t = 0.339321E+03
 AMRCLAW: level  1  CFL = .450E+00  dt = 0.4488E+00  final t = 0.339770E+03
 AMRCLAW: level  1  CFL = .449E+00  dt = 0.4492E+00  final t = 0.340219E+03
 AMRCLAW: level  1  CFL = .449E+00  dt = 0.4498E+00  final t = 0.340669E+03
 AMRCLAW: level  1  CFL = .449E+00  dt = 0.4503E+00  final t = 0.341120E+03
 AMRCLAW: level  1  CFL = .449E+00  dt = 0.4509E+00  final t = 0.341570E+03
 AMRCLAW: level  1  CFL = .449E+00  dt = 0.4515E+00  final t = 0.342022E+03
 AMRCLAW: level  1  CFL = .449E+00  dt = 0.4521E+00  final t = 0.342474E+03
 AMRCLAW: level  1  CFL = .449E+00  dt = 0.4527E+00  final t = 0.342927E+03
 AMRCLAW: level  1  CFL = .449E+00  dt = 0.4534E+00  final t = 0.343380E+03
 AMRCLAW: level  1  CFL = .449E+00  dt = 0.4540E+00  final t = 0.343834E+03
 AMRCLAW: level  1  CFL = .449E+00  dt = 0.4546E+00  final t = 0.344289E+03
 AMRCLAW: level  1  CFL = .449E+00  dt = 0.4552E+00  final t = 0.344744E+03
 AMRCLAW: level  1  CFL = .449E+00  dt = 0.4558E+00  final t = 0.345200E+03
 AMRCLAW: level  1  CFL = .449E+00  dt = 0.4565E+00  final t = 0.345656E+03
 AMRCLAW: level  1  CFL = .449E+00  dt = 0.4571E+00  final t = 0.346113E+03
 AMRCLAW: level  1  CFL = .449E+00  dt = 0.4578E+00  final t = 0.346571E+03
 AMRCLAW: level  1  CFL = .449E+00  dt = 0.4584E+00  final t = 0.347030E+03
 AMRCLAW: level  1  CFL = .449E+00  dt = 0.4591E+00  final t = 0.347489E+03
 AMRCLAW: level  1  CFL = .449E+00  dt = 0.4597E+00  final t = 0.347948E+03
 AMRCLAW: level  1  CFL = .450E+00  dt = 0.4602E+00  final t = 0.348409E+03
 AMRCLAW: level  1  CFL = .450E+00  dt = 0.4607E+00  final t = 0.348869E+03
 AMRCLAW: level  1  CFL = .450E+00  dt = 0.4612E+00  final t = 0.349331E+03
 AMRCLAW: level  1  CFL = .450E+00  dt = 0.4617E+00  final t = 0.349792E+03
 AMRCLAW: level  1  CFL = .450E+00  dt = 0.4622E+00  final t = 0.350254E+03
 AMRCLAW: level  1  CFL = .449E+00  dt = 0.4627E+00  final t = 0.350717E+03
 AMRCLAW: level  1  CFL = .449E+00  dt = 0.4632E+00  final t = 0.351180E+03
 AMRCLAW: level  1  CFL = .449E+00  dt = 0.4638E+00  final t = 0.351644E+03
 AMRCLAW: level  1  CFL = .449E+00  dt = 0.4644E+00  final t = 0.352108E+03
 AMRCLAW: level  1  CFL = .449E+00  dt = 0.4650E+00  final t = 0.352573E+03
 AMRCLAW: level  1  CFL = .449E+00  dt = 0.4656E+00  final t = 0.353039E+03
 AMRCLAW: level  1  CFL = .449E+00  dt = 0.4662E+00  final t = 0.353505E+03
 AMRCLAW: level  1  CFL = .449E+00  dt = 0.4668E+00  final t = 0.353972E+03
 AMRCLAW: level  1  CFL = .449E+00  dt = 0.4673E+00  final t = 0.354439E+03
 AMRCLAW: level  1  CFL = .450E+00  dt = 0.4678E+00  final t = 0.354907E+03
 AMRCLAW: level  1  CFL = .450E+00  dt = 0.4683E+00  final t = 0.355375E+03
 AMRCLAW: level  1  CFL = .450E+00  dt = 0.4688E+00  final t = 0.355844E+03
 AMRCLAW: level  1  CFL = .450E+00  dt = 0.4693E+00  final t = 0.356314E+03
 AMRCLAW: level  1  CFL = .450E+00  dt = 0.4698E+00  final t = 0.356783E+03
 AMRCLAW: level  1  CFL = .450E+00  dt = 0.4701E+00  final t = 0.357253E+03
 AMRCLAW: level  1  CFL = .450E+00  dt = 0.4706E+00  final t = 0.357724E+03
 AMRCLAW: level  1  CFL = .450E+00  dt = 0.4709E+00  final t = 0.358195E+03
 AMRCLAW: level  1  CFL = .449E+00  dt = 0.4713E+00  final t = 0.358666E+03
 AMRCLAW: level  1  CFL = .450E+00  dt = 0.4719E+00  final t = 0.359138E+03
 AMRCLAW: level  1  CFL = .449E+00  dt = 0.4723E+00  final t = 0.359610E+03
 AMRCLAW: level  1  CFL = .370E+00  dt = 0.3897E+00  final t = 0.360000E+03
GEOCLAW: Frame   12 output files done at time t =  0.360000D+03

 AMRCLAW: level  1  CFL = .449E+00  dt = 0.4735E+00  final t = 0.360474E+03
 AMRCLAW: level  1  CFL = .449E+00  dt = 0.4741E+00  final t = 0.360948E+03
 AMRCLAW: level  1  CFL = .449E+00  dt = 0.4748E+00  final t = 0.361422E+03
 AMRCLAW: level  1  CFL = .450E+00  dt = 0.4755E+00  final t = 0.361898E+03
 AMRCLAW: level  1  CFL = .450E+00  dt = 0.4758E+00  final t = 0.362374E+03
 AMRCLAW: level  1  CFL = .450E+00  dt = 0.4762E+00  final t = 0.362850E+03
 AMRCLAW: level  1  CFL = .450E+00  dt = 0.4766E+00  final t = 0.363326E+03
 AMRCLAW: level  1  CFL = .450E+00  dt = 0.4770E+00  final t = 0.363803E+03
 AMRCLAW: level  1  CFL = .450E+00  dt = 0.4774E+00  final t = 0.364281E+03
 AMRCLAW: level  1  CFL = .450E+00  dt = 0.4779E+00  final t = 0.364759E+03
 AMRCLAW: level  1  CFL = .450E+00  dt = 0.4784E+00  final t = 0.365237E+03
 AMRCLAW: level  1  CFL = .450E+00  dt = 0.4788E+00  final t = 0.365716E+03
 AMRCLAW: level  1  CFL = .450E+00  dt = 0.4793E+00  final t = 0.366195E+03
 AMRCLAW: level  1  CFL = .450E+00  dt = 0.4798E+00  final t = 0.366675E+03
 AMRCLAW: level  1  CFL = .449E+00  dt = 0.4803E+00  final t = 0.367155E+03
 AMRCLAW: level  1  CFL = .449E+00  dt = 0.4808E+00  final t = 0.367636E+03
 AMRCLAW: level  1  CFL = .449E+00  dt = 0.4814E+00  final t = 0.368118E+03
 AMRCLAW: level  1  CFL = .449E+00  dt = 0.4820E+00  final t = 0.368600E+03
 AMRCLAW: level  1  CFL = .449E+00  dt = 0.4825E+00  final t = 0.369082E+03
 AMRCLAW: level  1  CFL = .449E+00  dt = 0.4831E+00  final t = 0.369565E+03
 AMRCLAW: level  1  CFL = .449E+00  dt = 0.4837E+00  final t = 0.370049E+03
 AMRCLAW: level  1  CFL = .449E+00  dt = 0.4842E+00  final t = 0.370533E+03
 AMRCLAW: level  1  CFL = .449E+00  dt = 0.4848E+00  final t = 0.371018E+03
 AMRCLAW: level  1  CFL = .449E+00  dt = 0.4854E+00  final t = 0.371503E+03
 AMRCLAW: level  1  CFL = .449E+00  dt = 0.4860E+00  final t = 0.371989E+03
 AMRCLAW: level  1  CFL = .449E+00  dt = 0.4867E+00  final t = 0.372476E+03
 AMRCLAW: level  1  CFL = .449E+00  dt = 0.4874E+00  final t = 0.372963E+03
 AMRCLAW: level  1  CFL = .449E+00  dt = 0.4881E+00  final t = 0.373452E+03
 AMRCLAW: level  1  CFL = .449E+00  dt = 0.4888E+00  final t = 0.373940E+03
 AMRCLAW: level  1  CFL = .449E+00  dt = 0.4896E+00  final t = 0.374430E+03
 AMRCLAW: level  1  CFL = .449E+00  dt = 0.4903E+00  final t = 0.374920E+03
 AMRCLAW: level  1  CFL = .449E+00  dt = 0.4911E+00  final t = 0.375411E+03
 AMRCLAW: level  1  CFL = .449E+00  dt = 0.4919E+00  final t = 0.375903E+03
 AMRCLAW: level  1  CFL = .449E+00  dt = 0.4927E+00  final t = 0.376396E+03
 AMRCLAW: level  1  CFL = .449E+00  dt = 0.4935E+00  final t = 0.376889E+03
 AMRCLAW: level  1  CFL = .449E+00  dt = 0.4942E+00  final t = 0.377384E+03
 AMRCLAW: level  1  CFL = .449E+00  dt = 0.4950E+00  final t = 0.377879E+03
 AMRCLAW: level  1  CFL = .449E+00  dt = 0.4958E+00  final t = 0.378374E+03
 AMRCLAW: level  1  CFL = .449E+00  dt = 0.4965E+00  final t = 0.378871E+03
 AMRCLAW: level  1  CFL = .449E+00  dt = 0.4973E+00  final t = 0.379368E+03
 AMRCLAW: level  1  CFL = .449E+00  dt = 0.4981E+00  final t = 0.379866E+03
 AMRCLAW: level  1  CFL = .449E+00  dt = 0.4988E+00  final t = 0.380365E+03
 AMRCLAW: level  1  CFL = .449E+00  dt = 0.4997E+00  final t = 0.380865E+03
 AMRCLAW: level  1  CFL = .449E+00  dt = 0.5000E+00  final t = 0.381365E+03
 AMRCLAW: level  1  CFL = .448E+00  dt = 0.5000E+00  final t = 0.381865E+03
 AMRCLAW: level  1  CFL = .447E+00  dt = 0.5000E+00  final t = 0.382365E+03
 AMRCLAW: level  1  CFL = .447E+00  dt = 0.5000E+00  final t = 0.382865E+03
 AMRCLAW: level  1  CFL = .446E+00  dt = 0.5000E+00  final t = 0.383365E+03
 AMRCLAW: level  1  CFL = .445E+00  dt = 0.5000E+00  final t = 0.383865E+03
 AMRCLAW: level  1  CFL = .444E+00  dt = 0.5000E+00  final t = 0.384365E+03
 AMRCLAW: level  1  CFL = .443E+00  dt = 0.5000E+00  final t = 0.384865E+03
 AMRCLAW: level  1  CFL = .442E+00  dt = 0.5000E+00  final t = 0.385365E+03
 AMRCLAW: level  1  CFL = .442E+00  dt = 0.5000E+00  final t = 0.385865E+03
 AMRCLAW: level  1  CFL = .441E+00  dt = 0.5000E+00  final t = 0.386365E+03
 AMRCLAW: level  1  CFL = .440E+00  dt = 0.5000E+00  final t = 0.386865E+03
 AMRCLAW: level  1  CFL = .440E+00  dt = 0.5000E+00  final t = 0.387365E+03
 AMRCLAW: level  1  CFL = .439E+00  dt = 0.5000E+00  final t = 0.387865E+03
 AMRCLAW: level  1  CFL = .438E+00  dt = 0.5000E+00  final t = 0.388365E+03
 AMRCLAW: level  1  CFL = .438E+00  dt = 0.5000E+00  final t = 0.388865E+03
 AMRCLAW: level  1  CFL = .437E+00  dt = 0.5000E+00  final t = 0.389365E+03
 AMRCLAW: level  1  CFL = .436E+00  dt = 0.5000E+00  final t = 0.389865E+03
 AMRCLAW: level  1  CFL = .118E+00  dt = 0.1352E+00  final t = 0.390000E+03
GEOCLAW: Frame   13 output files done at time t =  0.390000D+03

 AMRCLAW: level  1  CFL = .436E+00  dt = 0.5000E+00  final t = 0.390500E+03
 AMRCLAW: level  1  CFL = .435E+00  dt = 0.5000E+00  final t = 0.391000E+03
 AMRCLAW: level  1  CFL = .434E+00  dt = 0.5000E+00  final t = 0.391500E+03
 AMRCLAW: level  1  CFL = .434E+00  dt = 0.5000E+00  final t = 0.392000E+03
 AMRCLAW: level  1  CFL = .433E+00  dt = 0.5000E+00  final t = 0.392500E+03
 AMRCLAW: level  1  CFL = .432E+00  dt = 0.5000E+00  final t = 0.393000E+03
 AMRCLAW: level  1  CFL = .432E+00  dt = 0.5000E+00  final t = 0.393500E+03
 AMRCLAW: level  1  CFL = .431E+00  dt = 0.5000E+00  final t = 0.394000E+03
 AMRCLAW: level  1  CFL = .430E+00  dt = 0.5000E+00  final t = 0.394500E+03
 AMRCLAW: level  1  CFL = .429E+00  dt = 0.5000E+00  final t = 0.395000E+03
 AMRCLAW: level  1  CFL = .429E+00  dt = 0.5000E+00  final t = 0.395500E+03
 AMRCLAW: level  1  CFL = .428E+00  dt = 0.5000E+00  final t = 0.396000E+03
 AMRCLAW: level  1  CFL = .427E+00  dt = 0.5000E+00  final t = 0.396500E+03
 AMRCLAW: level  1  CFL = .426E+00  dt = 0.5000E+00  final t = 0.397000E+03
 AMRCLAW: level  1  CFL = .425E+00  dt = 0.5000E+00  final t = 0.397500E+03
 AMRCLAW: level  1  CFL = .424E+00  dt = 0.5000E+00  final t = 0.398000E+03
 AMRCLAW: level  1  CFL = .424E+00  dt = 0.5000E+00  final t = 0.398500E+03
 AMRCLAW: level  1  CFL = .423E+00  dt = 0.5000E+00  final t = 0.399000E+03
 AMRCLAW: level  1  CFL = .422E+00  dt = 0.5000E+00  final t = 0.399500E+03
 AMRCLAW: level  1  CFL = .421E+00  dt = 0.5000E+00  final t = 0.400000E+03
 AMRCLAW: level  1  CFL = .420E+00  dt = 0.5000E+00  final t = 0.400500E+03
 AMRCLAW: level  1  CFL = .420E+00  dt = 0.5000E+00  final t = 0.401000E+03
 AMRCLAW: level  1  CFL = .419E+00  dt = 0.5000E+00  final t = 0.401500E+03
 AMRCLAW: level  1  CFL = .418E+00  dt = 0.5000E+00  final t = 0.402000E+03
 AMRCLAW: level  1  CFL = .417E+00  dt = 0.5000E+00  final t = 0.402500E+03
 AMRCLAW: level  1  CFL = .416E+00  dt = 0.5000E+00  final t = 0.403000E+03
 AMRCLAW: level  1  CFL = .415E+00  dt = 0.5000E+00  final t = 0.403500E+03
 AMRCLAW: level  1  CFL = .414E+00  dt = 0.5000E+00  final t = 0.404000E+03
 AMRCLAW: level  1  CFL = .413E+00  dt = 0.5000E+00  final t = 0.404500E+03
 AMRCLAW: level  1  CFL = .412E+00  dt = 0.5000E+00  final t = 0.405000E+03
 AMRCLAW: level  1  CFL = .412E+00  dt = 0.5000E+00  final t = 0.405500E+03
 AMRCLAW: level  1  CFL = .411E+00  dt = 0.5000E+00  final t = 0.406000E+03
 AMRCLAW: level  1  CFL = .410E+00  dt = 0.5000E+00  final t = 0.406500E+03
 AMRCLAW: level  1  CFL = .409E+00  dt = 0.5000E+00  final t = 0.407000E+03
 AMRCLAW: level  1  CFL = .409E+00  dt = 0.5000E+00  final t = 0.407500E+03
 AMRCLAW: level  1  CFL = .409E+00  dt = 0.5000E+00  final t = 0.408000E+03
 AMRCLAW: level  1  CFL = .409E+00  dt = 0.5000E+00  final t = 0.408500E+03
 AMRCLAW: level  1  CFL = .409E+00  dt = 0.5000E+00  final t = 0.409000E+03
 AMRCLAW: level  1  CFL = .408E+00  dt = 0.5000E+00  final t = 0.409500E+03
 AMRCLAW: level  1  CFL = .408E+00  dt = 0.5000E+00  final t = 0.410000E+03
 AMRCLAW: level  1  CFL = .408E+00  dt = 0.5000E+00  final t = 0.410500E+03
 AMRCLAW: level  1  CFL = .408E+00  dt = 0.5000E+00  final t = 0.411000E+03
 AMRCLAW: level  1  CFL = .408E+00  dt = 0.5000E+00  final t = 0.411500E+03
 AMRCLAW: level  1  CFL = .408E+00  dt = 0.5000E+00  final t = 0.412000E+03
 AMRCLAW: level  1  CFL = .408E+00  dt = 0.5000E+00  final t = 0.412500E+03
 AMRCLAW: level  1  CFL = .408E+00  dt = 0.5000E+00  final t = 0.413000E+03
 AMRCLAW: level  1  CFL = .408E+00  dt = 0.5000E+00  final t = 0.413500E+03
 AMRCLAW: level  1  CFL = .407E+00  dt = 0.5000E+00  final t = 0.414000E+03
 AMRCLAW: level  1  CFL = .407E+00  dt = 0.5000E+00  final t = 0.414500E+03
 AMRCLAW: level  1  CFL = .407E+00  dt = 0.5000E+00  final t = 0.415000E+03
 AMRCLAW: level  1  CFL = .407E+00  dt = 0.5000E+00  final t = 0.415500E+03
 AMRCLAW: level  1  CFL = .407E+00  dt = 0.5000E+00  final t = 0.416000E+03
 AMRCLAW: level  1  CFL = .407E+00  dt = 0.5000E+00  final t = 0.416500E+03
 AMRCLAW: level  1  CFL = .407E+00  dt = 0.5000E+00  final t = 0.417000E+03
 AMRCLAW: level  1  CFL = .406E+00  dt = 0.5000E+00  final t = 0.417500E+03
 AMRCLAW: level  1  CFL = .406E+00  dt = 0.5000E+00  final t = 0.418000E+03
 AMRCLAW: level  1  CFL = .406E+00  dt = 0.5000E+00  final t = 0.418500E+03
 AMRCLAW: level  1  CFL = .406E+00  dt = 0.5000E+00  final t = 0.419000E+03
 AMRCLAW: level  1  CFL = .406E+00  dt = 0.5000E+00  final t = 0.419500E+03
 AMRCLAW: level  1  CFL = .406E+00  dt = 0.5000E+00  final t = 0.420000E+03
GEOCLAW: Frame   14 output files done at time t =  0.420000D+03

 AMRCLAW: level  1  CFL = .406E+00  dt = 0.5000E+00  final t = 0.420500E+03
 AMRCLAW: level  1  CFL = .406E+00  dt = 0.5000E+00  final t = 0.421000E+03
 AMRCLAW: level  1  CFL = .406E+00  dt = 0.5000E+00  final t = 0.421500E+03
 AMRCLAW: level  1  CFL = .406E+00  dt = 0.5000E+00  final t = 0.422000E+03
 AMRCLAW: level  1  CFL = .406E+00  dt = 0.5000E+00  final t = 0.422500E+03
 AMRCLAW: level  1  CFL = .406E+00  dt = 0.5000E+00  final t = 0.423000E+03
 AMRCLAW: level  1  CFL = .405E+00  dt = 0.5000E+00  final t = 0.423500E+03
 AMRCLAW: level  1  CFL = .405E+00  dt = 0.5000E+00  final t = 0.424000E+03
 AMRCLAW: level  1  CFL = .405E+00  dt = 0.5000E+00  final t = 0.424500E+03
 AMRCLAW: level  1  CFL = .405E+00  dt = 0.5000E+00  final t = 0.425000E+03
 AMRCLAW: level  1  CFL = .405E+00  dt = 0.5000E+00  final t = 0.425500E+03
 AMRCLAW: level  1  CFL = .405E+00  dt = 0.5000E+00  final t = 0.426000E+03
 AMRCLAW: level  1  CFL = .404E+00  dt = 0.5000E+00  final t = 0.426500E+03
 AMRCLAW: level  1  CFL = .404E+00  dt = 0.5000E+00  final t = 0.427000E+03
 AMRCLAW: level  1  CFL = .404E+00  dt = 0.5000E+00  final t = 0.427500E+03
 AMRCLAW: level  1  CFL = .404E+00  dt = 0.5000E+00  final t = 0.428000E+03
 AMRCLAW: level  1  CFL = .404E+00  dt = 0.5000E+00  final t = 0.428500E+03
 AMRCLAW: level  1  CFL = .403E+00  dt = 0.5000E+00  final t = 0.429000E+03
 AMRCLAW: level  1  CFL = .403E+00  dt = 0.5000E+00  final t = 0.429500E+03
 AMRCLAW: level  1  CFL = .403E+00  dt = 0.5000E+00  final t = 0.430000E+03
 AMRCLAW: level  1  CFL = .403E+00  dt = 0.5000E+00  final t = 0.430500E+03
 AMRCLAW: level  1  CFL = .403E+00  dt = 0.5000E+00  final t = 0.431000E+03
 AMRCLAW: level  1  CFL = .403E+00  dt = 0.5000E+00  final t = 0.431500E+03
 AMRCLAW: level  1  CFL = .402E+00  dt = 0.5000E+00  final t = 0.432000E+03
 AMRCLAW: level  1  CFL = .402E+00  dt = 0.5000E+00  final t = 0.432500E+03
 AMRCLAW: level  1  CFL = .402E+00  dt = 0.5000E+00  final t = 0.433000E+03
 AMRCLAW: level  1  CFL = .402E+00  dt = 0.5000E+00  final t = 0.433500E+03
 AMRCLAW: level  1  CFL = .402E+00  dt = 0.5000E+00  final t = 0.434000E+03
 AMRCLAW: level  1  CFL = .402E+00  dt = 0.5000E+00  final t = 0.434500E+03
 AMRCLAW: level  1  CFL = .401E+00  dt = 0.5000E+00  final t = 0.435000E+03
 AMRCLAW: level  1  CFL = .401E+00  dt = 0.5000E+00  final t = 0.435500E+03
 AMRCLAW: level  1  CFL = .401E+00  dt = 0.5000E+00  final t = 0.436000E+03
 AMRCLAW: level  1  CFL = .401E+00  dt = 0.5000E+00  final t = 0.436500E+03
 AMRCLAW: level  1  CFL = .401E+00  dt = 0.5000E+00  final t = 0.437000E+03
 AMRCLAW: level  1  CFL = .401E+00  dt = 0.5000E+00  final t = 0.437500E+03
 AMRCLAW: level  1  CFL = .400E+00  dt = 0.5000E+00  final t = 0.438000E+03
 AMRCLAW: level  1  CFL = .400E+00  dt = 0.5000E+00  final t = 0.438500E+03
 AMRCLAW: level  1  CFL = .400E+00  dt = 0.5000E+00  final t = 0.439000E+03
 AMRCLAW: level  1  CFL = .400E+00  dt = 0.5000E+00  final t = 0.439500E+03
 AMRCLAW: level  1  CFL = .399E+00  dt = 0.5000E+00  final t = 0.440000E+03
 AMRCLAW: level  1  CFL = .399E+00  dt = 0.5000E+00  final t = 0.440500E+03
 AMRCLAW: level  1  CFL = .398E+00  dt = 0.5000E+00  final t = 0.441000E+03
 AMRCLAW: level  1  CFL = .398E+00  dt = 0.5000E+00  final t = 0.441500E+03
 AMRCLAW: level  1  CFL = .398E+00  dt = 0.5000E+00  final t = 0.442000E+03
 AMRCLAW: level  1  CFL = .397E+00  dt = 0.5000E+00  final t = 0.442500E+03
 AMRCLAW: level  1  CFL = .397E+00  dt = 0.5000E+00  final t = 0.443000E+03
 AMRCLAW: level  1  CFL = .396E+00  dt = 0.5000E+00  final t = 0.443500E+03
 AMRCLAW: level  1  CFL = .396E+00  dt = 0.5000E+00  final t = 0.444000E+03
 AMRCLAW: level  1  CFL = .396E+00  dt = 0.5000E+00  final t = 0.444500E+03
 AMRCLAW: level  1  CFL = .395E+00  dt = 0.5000E+00  final t = 0.445000E+03
 AMRCLAW: level  1  CFL = .395E+00  dt = 0.5000E+00  final t = 0.445500E+03
 AMRCLAW: level  1  CFL = .395E+00  dt = 0.5000E+00  final t = 0.446000E+03
 AMRCLAW: level  1  CFL = .394E+00  dt = 0.5000E+00  final t = 0.446500E+03
 AMRCLAW: level  1  CFL = .394E+00  dt = 0.5000E+00  final t = 0.447000E+03
 AMRCLAW: level  1  CFL = .393E+00  dt = 0.5000E+00  final t = 0.447500E+03
 AMRCLAW: level  1  CFL = .393E+00  dt = 0.5000E+00  final t = 0.448000E+03
 AMRCLAW: level  1  CFL = .393E+00  dt = 0.5000E+00  final t = 0.448500E+03
 AMRCLAW: level  1  CFL = .393E+00  dt = 0.5000E+00  final t = 0.449000E+03
 AMRCLAW: level  1  CFL = .392E+00  dt = 0.5000E+00  final t = 0.449500E+03
 AMRCLAW: level  1  CFL = .392E+00  dt = 0.5000E+00  final t = 0.450000E+03
GEOCLAW: Frame   15 output files done at time t =  0.450000D+03

 AMRCLAW: level  1  CFL = .391E+00  dt = 0.5000E+00  final t = 0.450500E+03
 AMRCLAW: level  1  CFL = .391E+00  dt = 0.5000E+00  final t = 0.451000E+03
 AMRCLAW: level  1  CFL = .390E+00  dt = 0.5000E+00  final t = 0.451500E+03
 AMRCLAW: level  1  CFL = .390E+00  dt = 0.5000E+00  final t = 0.452000E+03
 AMRCLAW: level  1  CFL = .390E+00  dt = 0.5000E+00  final t = 0.452500E+03
 AMRCLAW: level  1  CFL = .389E+00  dt = 0.5000E+00  final t = 0.453000E+03
 AMRCLAW: level  1  CFL = .389E+00  dt = 0.5000E+00  final t = 0.453500E+03
 AMRCLAW: level  1  CFL = .389E+00  dt = 0.5000E+00  final t = 0.454000E+03
 AMRCLAW: level  1  CFL = .388E+00  dt = 0.5000E+00  final t = 0.454500E+03
 AMRCLAW: level  1  CFL = .388E+00  dt = 0.5000E+00  final t = 0.455000E+03
 AMRCLAW: level  1  CFL = .388E+00  dt = 0.5000E+00  final t = 0.455500E+03
 AMRCLAW: level  1  CFL = .388E+00  dt = 0.5000E+00  final t = 0.456000E+03
 AMRCLAW: level  1  CFL = .388E+00  dt = 0.5000E+00  final t = 0.456500E+03
 AMRCLAW: level  1  CFL = .387E+00  dt = 0.5000E+00  final t = 0.457000E+03
 AMRCLAW: level  1  CFL = .387E+00  dt = 0.5000E+00  final t = 0.457500E+03
 AMRCLAW: level  1  CFL = .386E+00  dt = 0.5000E+00  final t = 0.458000E+03
 AMRCLAW: level  1  CFL = .386E+00  dt = 0.5000E+00  final t = 0.458500E+03
 AMRCLAW: level  1  CFL = .386E+00  dt = 0.5000E+00  final t = 0.459000E+03
 AMRCLAW: level  1  CFL = .386E+00  dt = 0.5000E+00  final t = 0.459500E+03
 AMRCLAW: level  1  CFL = .386E+00  dt = 0.5000E+00  final t = 0.460000E+03
 AMRCLAW: level  1  CFL = .386E+00  dt = 0.5000E+00  final t = 0.460500E+03
 AMRCLAW: level  1  CFL = .386E+00  dt = 0.5000E+00  final t = 0.461000E+03
 AMRCLAW: level  1  CFL = .386E+00  dt = 0.5000E+00  final t = 0.461500E+03
 AMRCLAW: level  1  CFL = .386E+00  dt = 0.5000E+00  final t = 0.462000E+03
 AMRCLAW: level  1  CFL = .386E+00  dt = 0.5000E+00  final t = 0.462500E+03
 AMRCLAW: level  1  CFL = .386E+00  dt = 0.5000E+00  final t = 0.463000E+03
 AMRCLAW: level  1  CFL = .386E+00  dt = 0.5000E+00  final t = 0.463500E+03
 AMRCLAW: level  1  CFL = .386E+00  dt = 0.5000E+00  final t = 0.464000E+03
 AMRCLAW: level  1  CFL = .386E+00  dt = 0.5000E+00  final t = 0.464500E+03
 AMRCLAW: level  1  CFL = .386E+00  dt = 0.5000E+00  final t = 0.465000E+03
 AMRCLAW: level  1  CFL = .387E+00  dt = 0.5000E+00  final t = 0.465500E+03
 AMRCLAW: level  1  CFL = .387E+00  dt = 0.5000E+00  final t = 0.466000E+03
 AMRCLAW: level  1  CFL = .387E+00  dt = 0.5000E+00  final t = 0.466500E+03
 AMRCLAW: level  1  CFL = .388E+00  dt = 0.5000E+00  final t = 0.467000E+03
 AMRCLAW: level  1  CFL = .388E+00  dt = 0.5000E+00  final t = 0.467500E+03
 AMRCLAW: level  1  CFL = .388E+00  dt = 0.5000E+00  final t = 0.468000E+03
 AMRCLAW: level  1  CFL = .389E+00  dt = 0.5000E+00  final t = 0.468500E+03
 AMRCLAW: level  1  CFL = .389E+00  dt = 0.5000E+00  final t = 0.469000E+03
 AMRCLAW: level  1  CFL = .389E+00  dt = 0.5000E+00  final t = 0.469500E+03
 AMRCLAW: level  1  CFL = .389E+00  dt = 0.5000E+00  final t = 0.470000E+03
 AMRCLAW: level  1  CFL = .389E+00  dt = 0.5000E+00  final t = 0.470500E+03
 AMRCLAW: level  1  CFL = .389E+00  dt = 0.5000E+00  final t = 0.471000E+03
 AMRCLAW: level  1  CFL = .389E+00  dt = 0.5000E+00  final t = 0.471500E+03
 AMRCLAW: level  1  CFL = .389E+00  dt = 0.5000E+00  final t = 0.472000E+03
 AMRCLAW: level  1  CFL = .389E+00  dt = 0.5000E+00  final t = 0.472500E+03
 AMRCLAW: level  1  CFL = .389E+00  dt = 0.5000E+00  final t = 0.473000E+03
 AMRCLAW: level  1  CFL = .389E+00  dt = 0.5000E+00  final t = 0.473500E+03
 AMRCLAW: level  1  CFL = .389E+00  dt = 0.5000E+00  final t = 0.474000E+03
 AMRCLAW: level  1  CFL = .389E+00  dt = 0.5000E+00  final t = 0.474500E+03
 AMRCLAW: level  1  CFL = .389E+00  dt = 0.5000E+00  final t = 0.475000E+03
 AMRCLAW: level  1  CFL = .390E+00  dt = 0.5000E+00  final t = 0.475500E+03
 AMRCLAW: level  1  CFL = .390E+00  dt = 0.5000E+00  final t = 0.476000E+03
 AMRCLAW: level  1  CFL = .390E+00  dt = 0.5000E+00  final t = 0.476500E+03
 AMRCLAW: level  1  CFL = .391E+00  dt = 0.5000E+00  final t = 0.477000E+03
 AMRCLAW: level  1  CFL = .391E+00  dt = 0.5000E+00  final t = 0.477500E+03
 AMRCLAW: level  1  CFL = .391E+00  dt = 0.5000E+00  final t = 0.478000E+03
 AMRCLAW: level  1  CFL = .391E+00  dt = 0.5000E+00  final t = 0.478500E+03
 AMRCLAW: level  1  CFL = .391E+00  dt = 0.5000E+00  final t = 0.479000E+03
 AMRCLAW: level  1  CFL = .392E+00  dt = 0.5000E+00  final t = 0.479500E+03
 AMRCLAW: level  1  CFL = .392E+00  dt = 0.5000E+00  final t = 0.480000E+03
GEOCLAW: Frame   16 output files done at time t =  0.480000D+03

 AMRCLAW: level  1  CFL = .392E+00  dt = 0.5000E+00  final t = 0.480500E+03
 AMRCLAW: level  1  CFL = .392E+00  dt = 0.5000E+00  final t = 0.481000E+03
 AMRCLAW: level  1  CFL = .392E+00  dt = 0.5000E+00  final t = 0.481500E+03
 AMRCLAW: level  1  CFL = .392E+00  dt = 0.5000E+00  final t = 0.482000E+03
 AMRCLAW: level  1  CFL = .392E+00  dt = 0.5000E+00  final t = 0.482500E+03
 AMRCLAW: level  1  CFL = .392E+00  dt = 0.5000E+00  final t = 0.483000E+03
 AMRCLAW: level  1  CFL = .391E+00  dt = 0.5000E+00  final t = 0.483500E+03
 AMRCLAW: level  1  CFL = .391E+00  dt = 0.5000E+00  final t = 0.484000E+03
 AMRCLAW: level  1  CFL = .391E+00  dt = 0.5000E+00  final t = 0.484500E+03
 AMRCLAW: level  1  CFL = .391E+00  dt = 0.5000E+00  final t = 0.485000E+03
 AMRCLAW: level  1  CFL = .391E+00  dt = 0.5000E+00  final t = 0.485500E+03
 AMRCLAW: level  1  CFL = .390E+00  dt = 0.5000E+00  final t = 0.486000E+03
 AMRCLAW: level  1  CFL = .390E+00  dt = 0.5000E+00  final t = 0.486500E+03
 AMRCLAW: level  1  CFL = .390E+00  dt = 0.5000E+00  final t = 0.487000E+03
 AMRCLAW: level  1  CFL = .390E+00  dt = 0.5000E+00  final t = 0.487500E+03
 AMRCLAW: level  1  CFL = .389E+00  dt = 0.5000E+00  final t = 0.488000E+03
 AMRCLAW: level  1  CFL = .389E+00  dt = 0.5000E+00  final t = 0.488500E+03
 AMRCLAW: level  1  CFL = .388E+00  dt = 0.5000E+00  final t = 0.489000E+03
 AMRCLAW: level  1  CFL = .388E+00  dt = 0.5000E+00  final t = 0.489500E+03
 AMRCLAW: level  1  CFL = .387E+00  dt = 0.5000E+00  final t = 0.490000E+03
 AMRCLAW: level  1  CFL = .387E+00  dt = 0.5000E+00  final t = 0.490500E+03
 AMRCLAW: level  1  CFL = .386E+00  dt = 0.5000E+00  final t = 0.491000E+03
 AMRCLAW: level  1  CFL = .386E+00  dt = 0.5000E+00  final t = 0.491500E+03
 AMRCLAW: level  1  CFL = .386E+00  dt = 0.5000E+00  final t = 0.492000E+03
 AMRCLAW: level  1  CFL = .385E+00  dt = 0.5000E+00  final t = 0.492500E+03
 AMRCLAW: level  1  CFL = .385E+00  dt = 0.5000E+00  final t = 0.493000E+03
 AMRCLAW: level  1  CFL = .385E+00  dt = 0.5000E+00  final t = 0.493500E+03
 AMRCLAW: level  1  CFL = .384E+00  dt = 0.5000E+00  final t = 0.494000E+03
 AMRCLAW: level  1  CFL = .384E+00  dt = 0.5000E+00  final t = 0.494500E+03
 AMRCLAW: level  1  CFL = .384E+00  dt = 0.5000E+00  final t = 0.495000E+03
 AMRCLAW: level  1  CFL = .383E+00  dt = 0.5000E+00  final t = 0.495500E+03
 AMRCLAW: level  1  CFL = .383E+00  dt = 0.5000E+00  final t = 0.496000E+03
 AMRCLAW: level  1  CFL = .383E+00  dt = 0.5000E+00  final t = 0.496500E+03
 AMRCLAW: level  1  CFL = .382E+00  dt = 0.5000E+00  final t = 0.497000E+03
 AMRCLAW: level  1  CFL = .382E+00  dt = 0.5000E+00  final t = 0.497500E+03
 AMRCLAW: level  1  CFL = .381E+00  dt = 0.5000E+00  final t = 0.498000E+03
 AMRCLAW: level  1  CFL = .381E+00  dt = 0.5000E+00  final t = 0.498500E+03
 AMRCLAW: level  1  CFL = .381E+00  dt = 0.5000E+00  final t = 0.499000E+03
 AMRCLAW: level  1  CFL = .381E+00  dt = 0.5000E+00  final t = 0.499500E+03
 AMRCLAW: level  1  CFL = .380E+00  dt = 0.5000E+00  final t = 0.500000E+03
 AMRCLAW: level  1  CFL = .380E+00  dt = 0.5000E+00  final t = 0.500500E+03
 AMRCLAW: level  1  CFL = .380E+00  dt = 0.5000E+00  final t = 0.501000E+03
 AMRCLAW: level  1  CFL = .380E+00  dt = 0.5000E+00  final t = 0.501500E+03
 AMRCLAW: level  1  CFL = .379E+00  dt = 0.5000E+00  final t = 0.502000E+03
 AMRCLAW: level  1  CFL = .379E+00  dt = 0.5000E+00  final t = 0.502500E+03
 AMRCLAW: level  1  CFL = .379E+00  dt = 0.5000E+00  final t = 0.503000E+03
 AMRCLAW: level  1  CFL = .379E+00  dt = 0.5000E+00  final t = 0.503500E+03
 AMRCLAW: level  1  CFL = .378E+00  dt = 0.5000E+00  final t = 0.504000E+03
 AMRCLAW: level  1  CFL = .378E+00  dt = 0.5000E+00  final t = 0.504500E+03
 AMRCLAW: level  1  CFL = .378E+00  dt = 0.5000E+00  final t = 0.505000E+03
 AMRCLAW: level  1  CFL = .377E+00  dt = 0.5000E+00  final t = 0.505500E+03
 AMRCLAW: level  1  CFL = .377E+00  dt = 0.5000E+00  final t = 0.506000E+03
 AMRCLAW: level  1  CFL = .377E+00  dt = 0.5000E+00  final t = 0.506500E+03
 AMRCLAW: level  1  CFL = .377E+00  dt = 0.5000E+00  final t = 0.507000E+03
 AMRCLAW: level  1  CFL = .376E+00  dt = 0.5000E+00  final t = 0.507500E+03
 AMRCLAW: level  1  CFL = .376E+00  dt = 0.5000E+00  final t = 0.508000E+03
 AMRCLAW: level  1  CFL = .376E+00  dt = 0.5000E+00  final t = 0.508500E+03
 AMRCLAW: level  1  CFL = .376E+00  dt = 0.5000E+00  final t = 0.509000E+03
 AMRCLAW: level  1  CFL = .376E+00  dt = 0.5000E+00  final t = 0.509500E+03
 AMRCLAW: level  1  CFL = .375E+00  dt = 0.5000E+00  final t = 0.510000E+03
GEOCLAW: Frame   17 output files done at time t =  0.510000D+03

 AMRCLAW: level  1  CFL = .375E+00  dt = 0.5000E+00  final t = 0.510500E+03
 AMRCLAW: level  1  CFL = .375E+00  dt = 0.5000E+00  final t = 0.511000E+03
 AMRCLAW: level  1  CFL = .375E+00  dt = 0.5000E+00  final t = 0.511500E+03
 AMRCLAW: level  1  CFL = .375E+00  dt = 0.5000E+00  final t = 0.512000E+03
 AMRCLAW: level  1  CFL = .375E+00  dt = 0.5000E+00  final t = 0.512500E+03
 AMRCLAW: level  1  CFL = .375E+00  dt = 0.5000E+00  final t = 0.513000E+03
 AMRCLAW: level  1  CFL = .374E+00  dt = 0.5000E+00  final t = 0.513500E+03
 AMRCLAW: level  1  CFL = .374E+00  dt = 0.5000E+00  final t = 0.514000E+03
 AMRCLAW: level  1  CFL = .374E+00  dt = 0.5000E+00  final t = 0.514500E+03
 AMRCLAW: level  1  CFL = .374E+00  dt = 0.5000E+00  final t = 0.515000E+03
 AMRCLAW: level  1  CFL = .374E+00  dt = 0.5000E+00  final t = 0.515500E+03
 AMRCLAW: level  1  CFL = .373E+00  dt = 0.5000E+00  final t = 0.516000E+03
 AMRCLAW: level  1  CFL = .373E+00  dt = 0.5000E+00  final t = 0.516500E+03
 AMRCLAW: level  1  CFL = .373E+00  dt = 0.5000E+00  final t = 0.517000E+03
 AMRCLAW: level  1  CFL = .372E+00  dt = 0.5000E+00  final t = 0.517500E+03
 AMRCLAW: level  1  CFL = .372E+00  dt = 0.5000E+00  final t = 0.518000E+03
 AMRCLAW: level  1  CFL = .372E+00  dt = 0.5000E+00  final t = 0.518500E+03
 AMRCLAW: level  1  CFL = .371E+00  dt = 0.5000E+00  final t = 0.519000E+03
 AMRCLAW: level  1  CFL = .371E+00  dt = 0.5000E+00  final t = 0.519500E+03
 AMRCLAW: level  1  CFL = .371E+00  dt = 0.5000E+00  final t = 0.520000E+03
 AMRCLAW: level  1  CFL = .370E+00  dt = 0.5000E+00  final t = 0.520500E+03
 AMRCLAW: level  1  CFL = .370E+00  dt = 0.5000E+00  final t = 0.521000E+03
 AMRCLAW: level  1  CFL = .370E+00  dt = 0.5000E+00  final t = 0.521500E+03
 AMRCLAW: level  1  CFL = .370E+00  dt = 0.5000E+00  final t = 0.522000E+03
 AMRCLAW: level  1  CFL = .369E+00  dt = 0.5000E+00  final t = 0.522500E+03
 AMRCLAW: level  1  CFL = .369E+00  dt = 0.5000E+00  final t = 0.523000E+03
 AMRCLAW: level  1  CFL = .369E+00  dt = 0.5000E+00  final t = 0.523500E+03
 AMRCLAW: level  1  CFL = .368E+00  dt = 0.5000E+00  final t = 0.524000E+03
 AMRCLAW: level  1  CFL = .368E+00  dt = 0.5000E+00  final t = 0.524500E+03
 AMRCLAW: level  1  CFL = .368E+00  dt = 0.5000E+00  final t = 0.525000E+03
 AMRCLAW: level  1  CFL = .368E+00  dt = 0.5000E+00  final t = 0.525500E+03
 AMRCLAW: level  1  CFL = .367E+00  dt = 0.5000E+00  final t = 0.526000E+03
 AMRCLAW: level  1  CFL = .367E+00  dt = 0.5000E+00  final t = 0.526500E+03
 AMRCLAW: level  1  CFL = .367E+00  dt = 0.5000E+00  final t = 0.527000E+03
 AMRCLAW: level  1  CFL = .367E+00  dt = 0.5000E+00  final t = 0.527500E+03
 AMRCLAW: level  1  CFL = .366E+00  dt = 0.5000E+00  final t = 0.528000E+03
 AMRCLAW: level  1  CFL = .366E+00  dt = 0.5000E+00  final t = 0.528500E+03
 AMRCLAW: level  1  CFL = .366E+00  dt = 0.5000E+00  final t = 0.529000E+03
 AMRCLAW: level  1  CFL = .366E+00  dt = 0.5000E+00  final t = 0.529500E+03
 AMRCLAW: level  1  CFL = .365E+00  dt = 0.5000E+00  final t = 0.530000E+03
 AMRCLAW: level  1  CFL = .365E+00  dt = 0.5000E+00  final t = 0.530500E+03
 AMRCLAW: level  1  CFL = .365E+00  dt = 0.5000E+00  final t = 0.531000E+03
 AMRCLAW: level  1  CFL = .365E+00  dt = 0.5000E+00  final t = 0.531500E+03
 AMRCLAW: level  1  CFL = .365E+00  dt = 0.5000E+00  final t = 0.532000E+03
 AMRCLAW: level  1  CFL = .364E+00  dt = 0.5000E+00  final t = 0.532500E+03
 AMRCLAW: level  1  CFL = .364E+00  dt = 0.5000E+00  final t = 0.533000E+03
 AMRCLAW: level  1  CFL = .364E+00  dt = 0.5000E+00  final t = 0.533500E+03
 AMRCLAW: level  1  CFL = .363E+00  dt = 0.5000E+00  final t = 0.534000E+03
 AMRCLAW: level  1  CFL = .363E+00  dt = 0.5000E+00  final t = 0.534500E+03
 AMRCLAW: level  1  CFL = .363E+00  dt = 0.5000E+00  final t = 0.535000E+03
 AMRCLAW: level  1  CFL = .362E+00  dt = 0.5000E+00  final t = 0.535500E+03
 AMRCLAW: level  1  CFL = .362E+00  dt = 0.5000E+00  final t = 0.536000E+03
 AMRCLAW: level  1  CFL = .361E+00  dt = 0.5000E+00  final t = 0.536500E+03
 AMRCLAW: level  1  CFL = .361E+00  dt = 0.5000E+00  final t = 0.537000E+03
 AMRCLAW: level  1  CFL = .360E+00  dt = 0.5000E+00  final t = 0.537500E+03
 AMRCLAW: level  1  CFL = .359E+00  dt = 0.5000E+00  final t = 0.538000E+03
 AMRCLAW: level  1  CFL = .358E+00  dt = 0.5000E+00  final t = 0.538500E+03
 AMRCLAW: level  1  CFL = .357E+00  dt = 0.5000E+00  final t = 0.539000E+03
 AMRCLAW: level  1  CFL = .356E+00  dt = 0.5000E+00  final t = 0.539500E+03
 AMRCLAW: level  1  CFL = .355E+00  dt = 0.5000E+00  final t = 0.540000E+03
GEOCLAW: Frame   18 output files done at time t =  0.540000D+03

 AMRCLAW: level  1  CFL = .354E+00  dt = 0.5000E+00  final t = 0.540500E+03
 AMRCLAW: level  1  CFL = .353E+00  dt = 0.5000E+00  final t = 0.541000E+03
 AMRCLAW: level  1  CFL = .352E+00  dt = 0.5000E+00  final t = 0.541500E+03
 AMRCLAW: level  1  CFL = .351E+00  dt = 0.5000E+00  final t = 0.542000E+03
 AMRCLAW: level  1  CFL = .349E+00  dt = 0.5000E+00  final t = 0.542500E+03
 AMRCLAW: level  1  CFL = .348E+00  dt = 0.5000E+00  final t = 0.543000E+03
 AMRCLAW: level  1  CFL = .347E+00  dt = 0.5000E+00  final t = 0.543500E+03
 AMRCLAW: level  1  CFL = .346E+00  dt = 0.5000E+00  final t = 0.544000E+03
 AMRCLAW: level  1  CFL = .344E+00  dt = 0.5000E+00  final t = 0.544500E+03
 AMRCLAW: level  1  CFL = .342E+00  dt = 0.5000E+00  final t = 0.545000E+03
 AMRCLAW: level  1  CFL = .340E+00  dt = 0.5000E+00  final t = 0.545500E+03
 AMRCLAW: level  1  CFL = .336E+00  dt = 0.5000E+00  final t = 0.546000E+03
 AMRCLAW: level  1  CFL = .333E+00  dt = 0.5000E+00  final t = 0.546500E+03
 AMRCLAW: level  1  CFL = .329E+00  dt = 0.5000E+00  final t = 0.547000E+03
 AMRCLAW: level  1  CFL = .327E+00  dt = 0.5000E+00  final t = 0.547500E+03
 AMRCLAW: level  1  CFL = .327E+00  dt = 0.5000E+00  final t = 0.548000E+03
 AMRCLAW: level  1  CFL = .327E+00  dt = 0.5000E+00  final t = 0.548500E+03
 AMRCLAW: level  1  CFL = .327E+00  dt = 0.5000E+00  final t = 0.549000E+03
 AMRCLAW: level  1  CFL = .327E+00  dt = 0.5000E+00  final t = 0.549500E+03
 AMRCLAW: level  1  CFL = .327E+00  dt = 0.5000E+00  final t = 0.550000E+03
 AMRCLAW: level  1  CFL = .327E+00  dt = 0.5000E+00  final t = 0.550500E+03
 AMRCLAW: level  1  CFL = .326E+00  dt = 0.5000E+00  final t = 0.551000E+03
 AMRCLAW: level  1  CFL = .326E+00  dt = 0.5000E+00  final t = 0.551500E+03
 AMRCLAW: level  1  CFL = .326E+00  dt = 0.5000E+00  final t = 0.552000E+03
 AMRCLAW: level  1  CFL = .326E+00  dt = 0.5000E+00  final t = 0.552500E+03
 AMRCLAW: level  1  CFL = .326E+00  dt = 0.5000E+00  final t = 0.553000E+03
 AMRCLAW: level  1  CFL = .325E+00  dt = 0.5000E+00  final t = 0.553500E+03
 AMRCLAW: level  1  CFL = .325E+00  dt = 0.5000E+00  final t = 0.554000E+03
 AMRCLAW: level  1  CFL = .325E+00  dt = 0.5000E+00  final t = 0.554500E+03
 AMRCLAW: level  1  CFL = .325E+00  dt = 0.5000E+00  final t = 0.555000E+03
 AMRCLAW: level  1  CFL = .324E+00  dt = 0.5000E+00  final t = 0.555500E+03
 AMRCLAW: level  1  CFL = .324E+00  dt = 0.5000E+00  final t = 0.556000E+03
 AMRCLAW: level  1  CFL = .324E+00  dt = 0.5000E+00  final t = 0.556500E+03
 AMRCLAW: level  1  CFL = .324E+00  dt = 0.5000E+00  final t = 0.557000E+03
 AMRCLAW: level  1  CFL = .323E+00  dt = 0.5000E+00  final t = 0.557500E+03
 AMRCLAW: level  1  CFL = .323E+00  dt = 0.5000E+00  final t = 0.558000E+03
 AMRCLAW: level  1  CFL = .323E+00  dt = 0.5000E+00  final t = 0.558500E+03
 AMRCLAW: level  1  CFL = .322E+00  dt = 0.5000E+00  final t = 0.559000E+03
 AMRCLAW: level  1  CFL = .322E+00  dt = 0.5000E+00  final t = 0.559500E+03
 AMRCLAW: level  1  CFL = .322E+00  dt = 0.5000E+00  final t = 0.560000E+03
 AMRCLAW: level  1  CFL = .322E+00  dt = 0.5000E+00  final t = 0.560500E+03
 AMRCLAW: level  1  CFL = .321E+00  dt = 0.5000E+00  final t = 0.561000E+03
 AMRCLAW: level  1  CFL = .321E+00  dt = 0.5000E+00  final t = 0.561500E+03
 AMRCLAW: level  1  CFL = .321E+00  dt = 0.5000E+00  final t = 0.562000E+03
 AMRCLAW: level  1  CFL = .321E+00  dt = 0.5000E+00  final t = 0.562500E+03
 AMRCLAW: level  1  CFL = .320E+00  dt = 0.5000E+00  final t = 0.563000E+03
 AMRCLAW: level  1  CFL = .320E+00  dt = 0.5000E+00  final t = 0.563500E+03
 AMRCLAW: level  1  CFL = .320E+00  dt = 0.5000E+00  final t = 0.564000E+03
 AMRCLAW: level  1  CFL = .320E+00  dt = 0.5000E+00  final t = 0.564500E+03
 AMRCLAW: level  1  CFL = .319E+00  dt = 0.5000E+00  final t = 0.565000E+03
 AMRCLAW: level  1  CFL = .319E+00  dt = 0.5000E+00  final t = 0.565500E+03
 AMRCLAW: level  1  CFL = .318E+00  dt = 0.5000E+00  final t = 0.566000E+03
 AMRCLAW: level  1  CFL = .318E+00  dt = 0.5000E+00  final t = 0.566500E+03
 AMRCLAW: level  1  CFL = .317E+00  dt = 0.5000E+00  final t = 0.567000E+03
 AMRCLAW: level  1  CFL = .316E+00  dt = 0.5000E+00  final t = 0.567500E+03
 AMRCLAW: level  1  CFL = .314E+00  dt = 0.5000E+00  final t = 0.568000E+03
 AMRCLAW: level  1  CFL = .313E+00  dt = 0.5000E+00  final t = 0.568500E+03
 AMRCLAW: level  1  CFL = .311E+00  dt = 0.5000E+00  final t = 0.569000E+03
 AMRCLAW: level  1  CFL = .309E+00  dt = 0.5000E+00  final t = 0.569500E+03
 AMRCLAW: level  1  CFL = .307E+00  dt = 0.5000E+00  final t = 0.570000E+03
GEOCLAW: Frame   19 output files done at time t =  0.570000D+03

 AMRCLAW: level  1  CFL = .305E+00  dt = 0.5000E+00  final t = 0.570500E+03
 AMRCLAW: level  1  CFL = .303E+00  dt = 0.5000E+00  final t = 0.571000E+03
 AMRCLAW: level  1  CFL = .301E+00  dt = 0.5000E+00  final t = 0.571500E+03
 AMRCLAW: level  1  CFL = .299E+00  dt = 0.5000E+00  final t = 0.572000E+03
 AMRCLAW: level  1  CFL = .297E+00  dt = 0.5000E+00  final t = 0.572500E+03
 AMRCLAW: level  1  CFL = .295E+00  dt = 0.5000E+00  final t = 0.573000E+03
 AMRCLAW: level  1  CFL = .293E+00  dt = 0.5000E+00  final t = 0.573500E+03
 AMRCLAW: level  1  CFL = .292E+00  dt = 0.5000E+00  final t = 0.574000E+03
 AMRCLAW: level  1  CFL = .291E+00  dt = 0.5000E+00  final t = 0.574500E+03
 AMRCLAW: level  1  CFL = .291E+00  dt = 0.5000E+00  final t = 0.575000E+03
 AMRCLAW: level  1  CFL = .291E+00  dt = 0.5000E+00  final t = 0.575500E+03
 AMRCLAW: level  1  CFL = .291E+00  dt = 0.5000E+00  final t = 0.576000E+03
 AMRCLAW: level  1  CFL = .291E+00  dt = 0.5000E+00  final t = 0.576500E+03
 AMRCLAW: level  1  CFL = .291E+00  dt = 0.5000E+00  final t = 0.577000E+03
 AMRCLAW: level  1  CFL = .290E+00  dt = 0.5000E+00  final t = 0.577500E+03
 AMRCLAW: level  1  CFL = .290E+00  dt = 0.5000E+00  final t = 0.578000E+03
 AMRCLAW: level  1  CFL = .303E+00  dt = 0.5000E+00  final t = 0.578500E+03
 AMRCLAW: level  1  CFL = .288E+00  dt = 0.5000E+00  final t = 0.579000E+03
 AMRCLAW: level  1  CFL = .287E+00  dt = 0.5000E+00  final t = 0.579500E+03
 AMRCLAW: level  1  CFL = .286E+00  dt = 0.5000E+00  final t = 0.580000E+03
 AMRCLAW: level  1  CFL = .285E+00  dt = 0.5000E+00  final t = 0.580500E+03
 AMRCLAW: level  1  CFL = .284E+00  dt = 0.5000E+00  final t = 0.581000E+03
 AMRCLAW: level  1  CFL = .301E+00  dt = 0.5000E+00  final t = 0.581500E+03
 AMRCLAW: level  1  CFL = .282E+00  dt = 0.5000E+00  final t = 0.582000E+03
 AMRCLAW: level  1  CFL = .281E+00  dt = 0.5000E+00  final t = 0.582500E+03
 AMRCLAW: level  1  CFL = .281E+00  dt = 0.5000E+00  final t = 0.583000E+03
 AMRCLAW: level  1  CFL = .280E+00  dt = 0.5000E+00  final t = 0.583500E+03
 AMRCLAW: level  1  CFL = .280E+00  dt = 0.5000E+00  final t = 0.584000E+03
 AMRCLAW: level  1  CFL = .279E+00  dt = 0.5000E+00  final t = 0.584500E+03
 AMRCLAW: level  1  CFL = .279E+00  dt = 0.5000E+00  final t = 0.585000E+03
 AMRCLAW: level  1  CFL = .279E+00  dt = 0.5000E+00  final t = 0.585500E+03
 AMRCLAW: level  1  CFL = .278E+00  dt = 0.5000E+00  final t = 0.586000E+03
 AMRCLAW: level  1  CFL = .278E+00  dt = 0.5000E+00  final t = 0.586500E+03
 AMRCLAW: level  1  CFL = .278E+00  dt = 0.5000E+00  final t = 0.587000E+03
 AMRCLAW: level  1  CFL = .277E+00  dt = 0.5000E+00  final t = 0.587500E+03
 AMRCLAW: level  1  CFL = .277E+00  dt = 0.5000E+00  final t = 0.588000E+03
 AMRCLAW: level  1  CFL = .277E+00  dt = 0.5000E+00  final t = 0.588500E+03
 AMRCLAW: level  1  CFL = .276E+00  dt = 0.5000E+00  final t = 0.589000E+03
 AMRCLAW: level  1  CFL = .276E+00  dt = 0.5000E+00  final t = 0.589500E+03
 AMRCLAW: level  1  CFL = .276E+00  dt = 0.5000E+00  final t = 0.590000E+03
 AMRCLAW: level  1  CFL = .276E+00  dt = 0.5000E+00  final t = 0.590500E+03
 AMRCLAW: level  1  CFL = .276E+00  dt = 0.5000E+00  final t = 0.591000E+03
 AMRCLAW: level  1  CFL = .276E+00  dt = 0.5000E+00  final t = 0.591500E+03
 AMRCLAW: level  1  CFL = .277E+00  dt = 0.5000E+00  final t = 0.592000E+03
 AMRCLAW: level  1  CFL = .278E+00  dt = 0.5000E+00  final t = 0.592500E+03
 AMRCLAW: level  1  CFL = .279E+00  dt = 0.5000E+00  final t = 0.593000E+03
 AMRCLAW: level  1  CFL = .280E+00  dt = 0.5000E+00  final t = 0.593500E+03
 AMRCLAW: level  1  CFL = .281E+00  dt = 0.5000E+00  final t = 0.594000E+03
 AMRCLAW: level  1  CFL = .282E+00  dt = 0.5000E+00  final t = 0.594500E+03
 AMRCLAW: level  1  CFL = .283E+00  dt = 0.5000E+00  final t = 0.595000E+03
 AMRCLAW: level  1  CFL = .284E+00  dt = 0.5000E+00  final t = 0.595500E+03
 AMRCLAW: level  1  CFL = .284E+00  dt = 0.5000E+00  final t = 0.596000E+03
 AMRCLAW: level  1  CFL = .316E+00  dt = 0.5000E+00  final t = 0.596500E+03
 AMRCLAW: level  1  CFL = .285E+00  dt = 0.5000E+00  final t = 0.597000E+03
 AMRCLAW: level  1  CFL = .285E+00  dt = 0.5000E+00  final t = 0.597500E+03
 AMRCLAW: level  1  CFL = .285E+00  dt = 0.5000E+00  final t = 0.598000E+03
 AMRCLAW: level  1  CFL = .285E+00  dt = 0.5000E+00  final t = 0.598500E+03
 AMRCLAW: level  1  CFL = .285E+00  dt = 0.5000E+00  final t = 0.599000E+03
 AMRCLAW: level  1  CFL = .285E+00  dt = 0.5000E+00  final t = 0.599500E+03
 AMRCLAW: level  1  CFL = .285E+00  dt = 0.5000E+00  final t = 0.600000E+03
GEOCLAW: Frame   20 output files done at time t =  0.600000D+03

 AMRCLAW: level  1  CFL = .285E+00  dt = 0.5000E+00  final t = 0.600500E+03
 AMRCLAW: level  1  CFL = .284E+00  dt = 0.5000E+00  final t = 0.601000E+03
 AMRCLAW: level  1  CFL = .284E+00  dt = 0.5000E+00  final t = 0.601500E+03
 AMRCLAW: level  1  CFL = .284E+00  dt = 0.5000E+00  final t = 0.602000E+03
 AMRCLAW: level  1  CFL = .283E+00  dt = 0.5000E+00  final t = 0.602500E+03
 AMRCLAW: level  1  CFL = .283E+00  dt = 0.5000E+00  final t = 0.603000E+03
 AMRCLAW: level  1  CFL = .283E+00  dt = 0.5000E+00  final t = 0.603500E+03
 AMRCLAW: level  1  CFL = .283E+00  dt = 0.5000E+00  final t = 0.604000E+03
 AMRCLAW: level  1  CFL = .282E+00  dt = 0.5000E+00  final t = 0.604500E+03
 AMRCLAW: level  1  CFL = .282E+00  dt = 0.5000E+00  final t = 0.605000E+03
 AMRCLAW: level  1  CFL = .282E+00  dt = 0.5000E+00  final t = 0.605500E+03
 AMRCLAW: level  1  CFL = .282E+00  dt = 0.5000E+00  final t = 0.606000E+03
 AMRCLAW: level  1  CFL = .282E+00  dt = 0.5000E+00  final t = 0.606500E+03
 AMRCLAW: level  1  CFL = .281E+00  dt = 0.5000E+00  final t = 0.607000E+03
 AMRCLAW: level  1  CFL = .281E+00  dt = 0.5000E+00  final t = 0.607500E+03
 AMRCLAW: level  1  CFL = .281E+00  dt = 0.5000E+00  final t = 0.608000E+03
 AMRCLAW: level  1  CFL = .281E+00  dt = 0.5000E+00  final t = 0.608500E+03
 AMRCLAW: level  1  CFL = .281E+00  dt = 0.5000E+00  final t = 0.609000E+03
 AMRCLAW: level  1  CFL = .281E+00  dt = 0.5000E+00  final t = 0.609500E+03
 AMRCLAW: level  1  CFL = .281E+00  dt = 0.5000E+00  final t = 0.610000E+03
 AMRCLAW: level  1  CFL = .281E+00  dt = 0.5000E+00  final t = 0.610500E+03
 AMRCLAW: level  1  CFL = .281E+00  dt = 0.5000E+00  final t = 0.611000E+03
 AMRCLAW: level  1  CFL = .281E+00  dt = 0.5000E+00  final t = 0.611500E+03
 AMRCLAW: level  1  CFL = .281E+00  dt = 0.5000E+00  final t = 0.612000E+03
 AMRCLAW: level  1  CFL = .281E+00  dt = 0.5000E+00  final t = 0.612500E+03
 AMRCLAW: level  1  CFL = .281E+00  dt = 0.5000E+00  final t = 0.613000E+03
 AMRCLAW: level  1  CFL = .281E+00  dt = 0.5000E+00  final t = 0.613500E+03
 AMRCLAW: level  1  CFL = .281E+00  dt = 0.5000E+00  final t = 0.614000E+03
 AMRCLAW: level  1  CFL = .281E+00  dt = 0.5000E+00  final t = 0.614500E+03
 AMRCLAW: level  1  CFL = .281E+00  dt = 0.5000E+00  final t = 0.615000E+03
 AMRCLAW: level  1  CFL = .344E+00  dt = 0.5000E+00  final t = 0.615500E+03
 AMRCLAW: level  1  CFL = .281E+00  dt = 0.5000E+00  final t = 0.616000E+03
 AMRCLAW: level  1  CFL = .281E+00  dt = 0.5000E+00  final t = 0.616500E+03
 AMRCLAW: level  1  CFL = .281E+00  dt = 0.5000E+00  final t = 0.617000E+03
 AMRCLAW: level  1  CFL = .281E+00  dt = 0.5000E+00  final t = 0.617500E+03
 AMRCLAW: level  1  CFL = .281E+00  dt = 0.5000E+00  final t = 0.618000E+03
 AMRCLAW: level  1  CFL = .281E+00  dt = 0.5000E+00  final t = 0.618500E+03
 AMRCLAW: level  1  CFL = .281E+00  dt = 0.5000E+00  final t = 0.619000E+03
 AMRCLAW: level  1  CFL = .281E+00  dt = 0.5000E+00  final t = 0.619500E+03
 AMRCLAW: level  1  CFL = .281E+00  dt = 0.5000E+00  final t = 0.620000E+03
 AMRCLAW: level  1  CFL = .281E+00  dt = 0.5000E+00  final t = 0.620500E+03
 AMRCLAW: level  1  CFL = .281E+00  dt = 0.5000E+00  final t = 0.621000E+03
 AMRCLAW: level  1  CFL = .281E+00  dt = 0.5000E+00  final t = 0.621500E+03
 AMRCLAW: level  1  CFL = .282E+00  dt = 0.5000E+00  final t = 0.622000E+03
 AMRCLAW: level  1  CFL = .282E+00  dt = 0.5000E+00  final t = 0.622500E+03
 AMRCLAW: level  1  CFL = .282E+00  dt = 0.5000E+00  final t = 0.623000E+03
 AMRCLAW: level  1  CFL = .282E+00  dt = 0.5000E+00  final t = 0.623500E+03
 AMRCLAW: level  1  CFL = .282E+00  dt = 0.5000E+00  final t = 0.624000E+03
 AMRCLAW: level  1  CFL = .282E+00  dt = 0.5000E+00  final t = 0.624500E+03
 AMRCLAW: level  1  CFL = .282E+00  dt = 0.5000E+00  final t = 0.625000E+03
 AMRCLAW: level  1  CFL = .282E+00  dt = 0.5000E+00  final t = 0.625500E+03
 AMRCLAW: level  1  CFL = .282E+00  dt = 0.5000E+00  final t = 0.626000E+03
 AMRCLAW: level  1  CFL = .282E+00  dt = 0.5000E+00  final t = 0.626500E+03
 AMRCLAW: level  1  CFL = .282E+00  dt = 0.5000E+00  final t = 0.627000E+03
 AMRCLAW: level  1  CFL = .282E+00  dt = 0.5000E+00  final t = 0.627500E+03
 AMRCLAW: level  1  CFL = .282E+00  dt = 0.5000E+00  final t = 0.628000E+03
 AMRCLAW: level  1  CFL = .282E+00  dt = 0.5000E+00  final t = 0.628500E+03
 AMRCLAW: level  1  CFL = .282E+00  dt = 0.5000E+00  final t = 0.629000E+03
 AMRCLAW: level  1  CFL = .282E+00  dt = 0.5000E+00  final t = 0.629500E+03
 AMRCLAW: level  1  CFL = .282E+00  dt = 0.5000E+00  final t = 0.630000E+03
GEOCLAW: Frame   21 output files done at time t =  0.630000D+03

 AMRCLAW: level  1  CFL = .282E+00  dt = 0.5000E+00  final t = 0.630500E+03
 AMRCLAW: level  1  CFL = .282E+00  dt = 0.5000E+00  final t = 0.631000E+03
 AMRCLAW: level  1  CFL = .282E+00  dt = 0.5000E+00  final t = 0.631500E+03
 AMRCLAW: level  1  CFL = .283E+00  dt = 0.5000E+00  final t = 0.632000E+03
 AMRCLAW: level  1  CFL = .283E+00  dt = 0.5000E+00  final t = 0.632500E+03
 AMRCLAW: level  1  CFL = .283E+00  dt = 0.5000E+00  final t = 0.633000E+03
 AMRCLAW: level  1  CFL = .283E+00  dt = 0.5000E+00  final t = 0.633500E+03
 AMRCLAW: level  1  CFL = .283E+00  dt = 0.5000E+00  final t = 0.634000E+03
 AMRCLAW: level  1  CFL = .283E+00  dt = 0.5000E+00  final t = 0.634500E+03
 AMRCLAW: level  1  CFL = .283E+00  dt = 0.5000E+00  final t = 0.635000E+03
 AMRCLAW: level  1  CFL = .283E+00  dt = 0.5000E+00  final t = 0.635500E+03
 AMRCLAW: level  1  CFL = .283E+00  dt = 0.5000E+00  final t = 0.636000E+03
 AMRCLAW: level  1  CFL = .283E+00  dt = 0.5000E+00  final t = 0.636500E+03
 AMRCLAW: level  1  CFL = .283E+00  dt = 0.5000E+00  final t = 0.637000E+03
 AMRCLAW: level  1  CFL = .283E+00  dt = 0.5000E+00  final t = 0.637500E+03
 AMRCLAW: level  1  CFL = .283E+00  dt = 0.5000E+00  final t = 0.638000E+03
 AMRCLAW: level  1  CFL = .283E+00  dt = 0.5000E+00  final t = 0.638500E+03
 AMRCLAW: level  1  CFL = .283E+00  dt = 0.5000E+00  final t = 0.639000E+03
 AMRCLAW: level  1  CFL = .283E+00  dt = 0.5000E+00  final t = 0.639500E+03
 AMRCLAW: level  1  CFL = .283E+00  dt = 0.5000E+00  final t = 0.640000E+03
 AMRCLAW: level  1  CFL = .283E+00  dt = 0.5000E+00  final t = 0.640500E+03
 AMRCLAW: level  1  CFL = .283E+00  dt = 0.5000E+00  final t = 0.641000E+03
 AMRCLAW: level  1  CFL = .283E+00  dt = 0.5000E+00  final t = 0.641500E+03
 AMRCLAW: level  1  CFL = .283E+00  dt = 0.5000E+00  final t = 0.642000E+03
 AMRCLAW: level  1  CFL = .283E+00  dt = 0.5000E+00  final t = 0.642500E+03
 AMRCLAW: level  1  CFL = .283E+00  dt = 0.5000E+00  final t = 0.643000E+03
 AMRCLAW: level  1  CFL = .283E+00  dt = 0.5000E+00  final t = 0.643500E+03
 AMRCLAW: level  1  CFL = .283E+00  dt = 0.5000E+00  final t = 0.644000E+03
 AMRCLAW: level  1  CFL = .283E+00  dt = 0.5000E+00  final t = 0.644500E+03
 AMRCLAW: level  1  CFL = .283E+00  dt = 0.5000E+00  final t = 0.645000E+03
 AMRCLAW: level  1  CFL = .283E+00  dt = 0.5000E+00  final t = 0.645500E+03
 AMRCLAW: level  1  CFL = .283E+00  dt = 0.5000E+00  final t = 0.646000E+03
 AMRCLAW: level  1  CFL = .283E+00  dt = 0.5000E+00  final t = 0.646500E+03
 AMRCLAW: level  1  CFL = .283E+00  dt = 0.5000E+00  final t = 0.647000E+03
 AMRCLAW: level  1  CFL = .283E+00  dt = 0.5000E+00  final t = 0.647500E+03
 AMRCLAW: level  1  CFL = .283E+00  dt = 0.5000E+00  final t = 0.648000E+03
 AMRCLAW: level  1  CFL = .283E+00  dt = 0.5000E+00  final t = 0.648500E+03
 AMRCLAW: level  1  CFL = .283E+00  dt = 0.5000E+00  final t = 0.649000E+03
 AMRCLAW: level  1  CFL = .283E+00  dt = 0.5000E+00  final t = 0.649500E+03
 AMRCLAW: level  1  CFL = .283E+00  dt = 0.5000E+00  final t = 0.650000E+03
 AMRCLAW: level  1  CFL = .283E+00  dt = 0.5000E+00  final t = 0.650500E+03
 AMRCLAW: level  1  CFL = .283E+00  dt = 0.5000E+00  final t = 0.651000E+03
 AMRCLAW: level  1  CFL = .283E+00  dt = 0.5000E+00  final t = 0.651500E+03
 AMRCLAW: level  1  CFL = .283E+00  dt = 0.5000E+00  final t = 0.652000E+03
 AMRCLAW: level  1  CFL = .283E+00  dt = 0.5000E+00  final t = 0.652500E+03
 AMRCLAW: level  1  CFL = .283E+00  dt = 0.5000E+00  final t = 0.653000E+03
 AMRCLAW: level  1  CFL = .283E+00  dt = 0.5000E+00  final t = 0.653500E+03
 AMRCLAW: level  1  CFL = .283E+00  dt = 0.5000E+00  final t = 0.654000E+03
 AMRCLAW: level  1  CFL = .283E+00  dt = 0.5000E+00  final t = 0.654500E+03
 AMRCLAW: level  1  CFL = .283E+00  dt = 0.5000E+00  final t = 0.655000E+03
 AMRCLAW: level  1  CFL = .283E+00  dt = 0.5000E+00  final t = 0.655500E+03
 AMRCLAW: level  1  CFL = .283E+00  dt = 0.5000E+00  final t = 0.656000E+03
 AMRCLAW: level  1  CFL = .283E+00  dt = 0.5000E+00  final t = 0.656500E+03
 AMRCLAW: level  1  CFL = .283E+00  dt = 0.5000E+00  final t = 0.657000E+03
 AMRCLAW: level  1  CFL = .283E+00  dt = 0.5000E+00  final t = 0.657500E+03
 AMRCLAW: level  1  CFL = .283E+00  dt = 0.5000E+00  final t = 0.658000E+03
 AMRCLAW: level  1  CFL = .283E+00  dt = 0.5000E+00  final t = 0.658500E+03
 AMRCLAW: level  1  CFL = .282E+00  dt = 0.5000E+00  final t = 0.659000E+03
 AMRCLAW: level  1  CFL = .282E+00  dt = 0.5000E+00  final t = 0.659500E+03
 AMRCLAW: level  1  CFL = .282E+00  dt = 0.5000E+00  final t = 0.660000E+03
GEOCLAW: Frame   22 output files done at time t =  0.660000D+03

 AMRCLAW: level  1  CFL = .282E+00  dt = 0.5000E+00  final t = 0.660500E+03
 AMRCLAW: level  1  CFL = .282E+00  dt = 0.5000E+00  final t = 0.661000E+03
 AMRCLAW: level  1  CFL = .282E+00  dt = 0.5000E+00  final t = 0.661500E+03
 AMRCLAW: level  1  CFL = .314E+00  dt = 0.5000E+00  final t = 0.662000E+03
 AMRCLAW: level  1  CFL = .282E+00  dt = 0.5000E+00  final t = 0.662500E+03
 AMRCLAW: level  1  CFL = .282E+00  dt = 0.5000E+00  final t = 0.663000E+03
 AMRCLAW: level  1  CFL = .282E+00  dt = 0.5000E+00  final t = 0.663500E+03
 AMRCLAW: level  1  CFL = .282E+00  dt = 0.5000E+00  final t = 0.664000E+03
 AMRCLAW: level  1  CFL = .282E+00  dt = 0.5000E+00  final t = 0.664500E+03
 AMRCLAW: level  1  CFL = .281E+00  dt = 0.5000E+00  final t = 0.665000E+03
 AMRCLAW: level  1  CFL = .281E+00  dt = 0.5000E+00  final t = 0.665500E+03
 AMRCLAW: level  1  CFL = .281E+00  dt = 0.5000E+00  final t = 0.666000E+03
 AMRCLAW: level  1  CFL = .281E+00  dt = 0.5000E+00  final t = 0.666500E+03
 AMRCLAW: level  1  CFL = .281E+00  dt = 0.5000E+00  final t = 0.667000E+03
 AMRCLAW: level  1  CFL = .281E+00  dt = 0.5000E+00  final t = 0.667500E+03
 AMRCLAW: level  1  CFL = .281E+00  dt = 0.5000E+00  final t = 0.668000E+03
 AMRCLAW: level  1  CFL = .281E+00  dt = 0.5000E+00  final t = 0.668500E+03
 AMRCLAW: level  1  CFL = .281E+00  dt = 0.5000E+00  final t = 0.669000E+03
 AMRCLAW: level  1  CFL = .281E+00  dt = 0.5000E+00  final t = 0.669500E+03
 AMRCLAW: level  1  CFL = .280E+00  dt = 0.5000E+00  final t = 0.670000E+03
 AMRCLAW: level  1  CFL = .280E+00  dt = 0.5000E+00  final t = 0.670500E+03
 AMRCLAW: level  1  CFL = .280E+00  dt = 0.5000E+00  final t = 0.671000E+03
 AMRCLAW: level  1  CFL = .280E+00  dt = 0.5000E+00  final t = 0.671500E+03
 AMRCLAW: level  1  CFL = .280E+00  dt = 0.5000E+00  final t = 0.672000E+03
 AMRCLAW: level  1  CFL = .280E+00  dt = 0.5000E+00  final t = 0.672500E+03
 AMRCLAW: level  1  CFL = .280E+00  dt = 0.5000E+00  final t = 0.673000E+03
 AMRCLAW: level  1  CFL = .280E+00  dt = 0.5000E+00  final t = 0.673500E+03
 AMRCLAW: level  1  CFL = .280E+00  dt = 0.5000E+00  final t = 0.674000E+03
 AMRCLAW: level  1  CFL = .280E+00  dt = 0.5000E+00  final t = 0.674500E+03
 AMRCLAW: level  1  CFL = .279E+00  dt = 0.5000E+00  final t = 0.675000E+03
 AMRCLAW: level  1  CFL = .279E+00  dt = 0.5000E+00  final t = 0.675500E+03
 AMRCLAW: level  1  CFL = .279E+00  dt = 0.5000E+00  final t = 0.676000E+03
 AMRCLAW: level  1  CFL = .279E+00  dt = 0.5000E+00  final t = 0.676500E+03
 AMRCLAW: level  1  CFL = .279E+00  dt = 0.5000E+00  final t = 0.677000E+03
 AMRCLAW: level  1  CFL = .279E+00  dt = 0.5000E+00  final t = 0.677500E+03
 AMRCLAW: level  1  CFL = .279E+00  dt = 0.5000E+00  final t = 0.678000E+03
 AMRCLAW: level  1  CFL = .279E+00  dt = 0.5000E+00  final t = 0.678500E+03
 AMRCLAW: level  1  CFL = .279E+00  dt = 0.5000E+00  final t = 0.679000E+03
 AMRCLAW: level  1  CFL = .279E+00  dt = 0.5000E+00  final t = 0.679500E+03
 AMRCLAW: level  1  CFL = .279E+00  dt = 0.5000E+00  final t = 0.680000E+03
 AMRCLAW: level  1  CFL = .279E+00  dt = 0.5000E+00  final t = 0.680500E+03
 AMRCLAW: level  1  CFL = .279E+00  dt = 0.5000E+00  final t = 0.681000E+03
 AMRCLAW: level  1  CFL = .279E+00  dt = 0.5000E+00  final t = 0.681500E+03
 AMRCLAW: level  1  CFL = .279E+00  dt = 0.5000E+00  final t = 0.682000E+03
 AMRCLAW: level  1  CFL = .279E+00  dt = 0.5000E+00  final t = 0.682500E+03
 AMRCLAW: level  1  CFL = .279E+00  dt = 0.5000E+00  final t = 0.683000E+03
 AMRCLAW: level  1  CFL = .279E+00  dt = 0.5000E+00  final t = 0.683500E+03
 AMRCLAW: level  1  CFL = .279E+00  dt = 0.5000E+00  final t = 0.684000E+03
 AMRCLAW: level  1  CFL = .279E+00  dt = 0.5000E+00  final t = 0.684500E+03
 AMRCLAW: level  1  CFL = .279E+00  dt = 0.5000E+00  final t = 0.685000E+03
 AMRCLAW: level  1  CFL = .279E+00  dt = 0.5000E+00  final t = 0.685500E+03
 AMRCLAW: level  1  CFL = .279E+00  dt = 0.5000E+00  final t = 0.686000E+03
 AMRCLAW: level  1  CFL = .279E+00  dt = 0.5000E+00  final t = 0.686500E+03
 AMRCLAW: level  1  CFL = .279E+00  dt = 0.5000E+00  final t = 0.687000E+03
 AMRCLAW: level  1  CFL = .279E+00  dt = 0.5000E+00  final t = 0.687500E+03
 AMRCLAW: level  1  CFL = .279E+00  dt = 0.5000E+00  final t = 0.688000E+03
 AMRCLAW: level  1  CFL = .279E+00  dt = 0.5000E+00  final t = 0.688500E+03
 AMRCLAW: level  1  CFL = .279E+00  dt = 0.5000E+00  final t = 0.689000E+03
 AMRCLAW: level  1  CFL = .279E+00  dt = 0.5000E+00  final t = 0.689500E+03
 AMRCLAW: level  1  CFL = .279E+00  dt = 0.5000E+00  final t = 0.690000E+03
GEOCLAW: Frame   23 output files done at time t =  0.690000D+03

 AMRCLAW: level  1  CFL = .279E+00  dt = 0.5000E+00  final t = 0.690500E+03
 AMRCLAW: level  1  CFL = .279E+00  dt = 0.5000E+00  final t = 0.691000E+03
 AMRCLAW: level  1  CFL = .279E+00  dt = 0.5000E+00  final t = 0.691500E+03
 AMRCLAW: level  1  CFL = .279E+00  dt = 0.5000E+00  final t = 0.692000E+03
 AMRCLAW: level  1  CFL = .279E+00  dt = 0.5000E+00  final t = 0.692500E+03
 AMRCLAW: level  1  CFL = .279E+00  dt = 0.5000E+00  final t = 0.693000E+03
 AMRCLAW: level  1  CFL = .279E+00  dt = 0.5000E+00  final t = 0.693500E+03
 AMRCLAW: level  1  CFL = .279E+00  dt = 0.5000E+00  final t = 0.694000E+03
 AMRCLAW: level  1  CFL = .279E+00  dt = 0.5000E+00  final t = 0.694500E+03
 AMRCLAW: level  1  CFL = .279E+00  dt = 0.5000E+00  final t = 0.695000E+03
 AMRCLAW: level  1  CFL = .279E+00  dt = 0.5000E+00  final t = 0.695500E+03
 AMRCLAW: level  1  CFL = .279E+00  dt = 0.5000E+00  final t = 0.696000E+03
 AMRCLAW: level  1  CFL = .279E+00  dt = 0.5000E+00  final t = 0.696500E+03
 AMRCLAW: level  1  CFL = .279E+00  dt = 0.5000E+00  final t = 0.697000E+03
 AMRCLAW: level  1  CFL = .279E+00  dt = 0.5000E+00  final t = 0.697500E+03
 AMRCLAW: level  1  CFL = .279E+00  dt = 0.5000E+00  final t = 0.698000E+03
 AMRCLAW: level  1  CFL = .279E+00  dt = 0.5000E+00  final t = 0.698500E+03
 AMRCLAW: level  1  CFL = .279E+00  dt = 0.5000E+00  final t = 0.699000E+03
 AMRCLAW: level  1  CFL = .279E+00  dt = 0.5000E+00  final t = 0.699500E+03
 AMRCLAW: level  1  CFL = .279E+00  dt = 0.5000E+00  final t = 0.700000E+03
 AMRCLAW: level  1  CFL = .279E+00  dt = 0.5000E+00  final t = 0.700500E+03
 AMRCLAW: level  1  CFL = .279E+00  dt = 0.5000E+00  final t = 0.701000E+03
 AMRCLAW: level  1  CFL = .279E+00  dt = 0.5000E+00  final t = 0.701500E+03
 AMRCLAW: level  1  CFL = .279E+00  dt = 0.5000E+00  final t = 0.702000E+03
 AMRCLAW: level  1  CFL = .279E+00  dt = 0.5000E+00  final t = 0.702500E+03
 AMRCLAW: level  1  CFL = .279E+00  dt = 0.5000E+00  final t = 0.703000E+03
 AMRCLAW: level  1  CFL = .279E+00  dt = 0.5000E+00  final t = 0.703500E+03
 AMRCLAW: level  1  CFL = .279E+00  dt = 0.5000E+00  final t = 0.704000E+03
 AMRCLAW: level  1  CFL = .279E+00  dt = 0.5000E+00  final t = 0.704500E+03
 AMRCLAW: level  1  CFL = .279E+00  dt = 0.5000E+00  final t = 0.705000E+03
 AMRCLAW: level  1  CFL = .279E+00  dt = 0.5000E+00  final t = 0.705500E+03
 AMRCLAW: level  1  CFL = .279E+00  dt = 0.5000E+00  final t = 0.706000E+03
 AMRCLAW: level  1  CFL = .279E+00  dt = 0.5000E+00  final t = 0.706500E+03
 AMRCLAW: level  1  CFL = .278E+00  dt = 0.5000E+00  final t = 0.707000E+03
 AMRCLAW: level  1  CFL = .278E+00  dt = 0.5000E+00  final t = 0.707500E+03
 AMRCLAW: level  1  CFL = .278E+00  dt = 0.5000E+00  final t = 0.708000E+03
 AMRCLAW: level  1  CFL = .278E+00  dt = 0.5000E+00  final t = 0.708500E+03
 AMRCLAW: level  1  CFL = .278E+00  dt = 0.5000E+00  final t = 0.709000E+03
 AMRCLAW: level  1  CFL = .278E+00  dt = 0.5000E+00  final t = 0.709500E+03
 AMRCLAW: level  1  CFL = .278E+00  dt = 0.5000E+00  final t = 0.710000E+03
 AMRCLAW: level  1  CFL = .278E+00  dt = 0.5000E+00  final t = 0.710500E+03
 AMRCLAW: level  1  CFL = .278E+00  dt = 0.5000E+00  final t = 0.711000E+03
 AMRCLAW: level  1  CFL = .278E+00  dt = 0.5000E+00  final t = 0.711500E+03
 AMRCLAW: level  1  CFL = .278E+00  dt = 0.5000E+00  final t = 0.712000E+03
 AMRCLAW: level  1  CFL = .278E+00  dt = 0.5000E+00  final t = 0.712500E+03
 AMRCLAW: level  1  CFL = .278E+00  dt = 0.5000E+00  final t = 0.713000E+03
 AMRCLAW: level  1  CFL = .278E+00  dt = 0.5000E+00  final t = 0.713500E+03
 AMRCLAW: level  1  CFL = .277E+00  dt = 0.5000E+00  final t = 0.714000E+03
 AMRCLAW: level  1  CFL = .277E+00  dt = 0.5000E+00  final t = 0.714500E+03
 AMRCLAW: level  1  CFL = .277E+00  dt = 0.5000E+00  final t = 0.715000E+03
 AMRCLAW: level  1  CFL = .277E+00  dt = 0.5000E+00  final t = 0.715500E+03
 AMRCLAW: level  1  CFL = .277E+00  dt = 0.5000E+00  final t = 0.716000E+03
 AMRCLAW: level  1  CFL = .277E+00  dt = 0.5000E+00  final t = 0.716500E+03
 AMRCLAW: level  1  CFL = .277E+00  dt = 0.5000E+00  final t = 0.717000E+03
 AMRCLAW: level  1  CFL = .277E+00  dt = 0.5000E+00  final t = 0.717500E+03
 AMRCLAW: level  1  CFL = .277E+00  dt = 0.5000E+00  final t = 0.718000E+03
 AMRCLAW: level  1  CFL = .277E+00  dt = 0.5000E+00  final t = 0.718500E+03
 AMRCLAW: level  1  CFL = .277E+00  dt = 0.5000E+00  final t = 0.719000E+03
 AMRCLAW: level  1  CFL = .276E+00  dt = 0.5000E+00  final t = 0.719500E+03
 AMRCLAW: level  1  CFL = .276E+00  dt = 0.5000E+00  final t = 0.720000E+03
GEOCLAW: Frame   24 output files done at time t =  0.720000D+03

 AMRCLAW: level  1  CFL = .276E+00  dt = 0.5000E+00  final t = 0.720500E+03
 AMRCLAW: level  1  CFL = .276E+00  dt = 0.5000E+00  final t = 0.721000E+03
 AMRCLAW: level  1  CFL = .276E+00  dt = 0.5000E+00  final t = 0.721500E+03
 AMRCLAW: level  1  CFL = .276E+00  dt = 0.5000E+00  final t = 0.722000E+03
 AMRCLAW: level  1  CFL = .276E+00  dt = 0.5000E+00  final t = 0.722500E+03
 AMRCLAW: level  1  CFL = .276E+00  dt = 0.5000E+00  final t = 0.723000E+03
 AMRCLAW: level  1  CFL = .276E+00  dt = 0.5000E+00  final t = 0.723500E+03
 AMRCLAW: level  1  CFL = .276E+00  dt = 0.5000E+00  final t = 0.724000E+03
 AMRCLAW: level  1  CFL = .275E+00  dt = 0.5000E+00  final t = 0.724500E+03
 AMRCLAW: level  1  CFL = .275E+00  dt = 0.5000E+00  final t = 0.725000E+03
 AMRCLAW: level  1  CFL = .275E+00  dt = 0.5000E+00  final t = 0.725500E+03
 AMRCLAW: level  1  CFL = .275E+00  dt = 0.5000E+00  final t = 0.726000E+03
 AMRCLAW: level  1  CFL = .275E+00  dt = 0.5000E+00  final t = 0.726500E+03
 AMRCLAW: level  1  CFL = .275E+00  dt = 0.5000E+00  final t = 0.727000E+03
 AMRCLAW: level  1  CFL = .275E+00  dt = 0.5000E+00  final t = 0.727500E+03
 AMRCLAW: level  1  CFL = .275E+00  dt = 0.5000E+00  final t = 0.728000E+03
 AMRCLAW: level  1  CFL = .275E+00  dt = 0.5000E+00  final t = 0.728500E+03
 AMRCLAW: level  1  CFL = .275E+00  dt = 0.5000E+00  final t = 0.729000E+03
 AMRCLAW: level  1  CFL = .274E+00  dt = 0.5000E+00  final t = 0.729500E+03
 AMRCLAW: level  1  CFL = .274E+00  dt = 0.5000E+00  final t = 0.730000E+03
 AMRCLAW: level  1  CFL = .274E+00  dt = 0.5000E+00  final t = 0.730500E+03
 AMRCLAW: level  1  CFL = .274E+00  dt = 0.5000E+00  final t = 0.731000E+03
 AMRCLAW: level  1  CFL = .274E+00  dt = 0.5000E+00  final t = 0.731500E+03
 AMRCLAW: level  1  CFL = .274E+00  dt = 0.5000E+00  final t = 0.732000E+03
 AMRCLAW: level  1  CFL = .274E+00  dt = 0.5000E+00  final t = 0.732500E+03
 AMRCLAW: level  1  CFL = .274E+00  dt = 0.5000E+00  final t = 0.733000E+03
 AMRCLAW: level  1  CFL = .274E+00  dt = 0.5000E+00  final t = 0.733500E+03
 AMRCLAW: level  1  CFL = .274E+00  dt = 0.5000E+00  final t = 0.734000E+03
 AMRCLAW: level  1  CFL = .273E+00  dt = 0.5000E+00  final t = 0.734500E+03
 AMRCLAW: level  1  CFL = .273E+00  dt = 0.5000E+00  final t = 0.735000E+03
 AMRCLAW: level  1  CFL = .273E+00  dt = 0.5000E+00  final t = 0.735500E+03
 AMRCLAW: level  1  CFL = .273E+00  dt = 0.5000E+00  final t = 0.736000E+03
 AMRCLAW: level  1  CFL = .273E+00  dt = 0.5000E+00  final t = 0.736500E+03
 AMRCLAW: level  1  CFL = .273E+00  dt = 0.5000E+00  final t = 0.737000E+03
 AMRCLAW: level  1  CFL = .273E+00  dt = 0.5000E+00  final t = 0.737500E+03
 AMRCLAW: level  1  CFL = .273E+00  dt = 0.5000E+00  final t = 0.738000E+03
 AMRCLAW: level  1  CFL = .273E+00  dt = 0.5000E+00  final t = 0.738500E+03
 AMRCLAW: level  1  CFL = .273E+00  dt = 0.5000E+00  final t = 0.739000E+03
 AMRCLAW: level  1  CFL = .273E+00  dt = 0.5000E+00  final t = 0.739500E+03
 AMRCLAW: level  1  CFL = .273E+00  dt = 0.5000E+00  final t = 0.740000E+03
 AMRCLAW: level  1  CFL = .272E+00  dt = 0.5000E+00  final t = 0.740500E+03
 AMRCLAW: level  1  CFL = .272E+00  dt = 0.5000E+00  final t = 0.741000E+03
 AMRCLAW: level  1  CFL = .272E+00  dt = 0.5000E+00  final t = 0.741500E+03
 AMRCLAW: level  1  CFL = .272E+00  dt = 0.5000E+00  final t = 0.742000E+03
 AMRCLAW: level  1  CFL = .272E+00  dt = 0.5000E+00  final t = 0.742500E+03
 AMRCLAW: level  1  CFL = .272E+00  dt = 0.5000E+00  final t = 0.743000E+03
 AMRCLAW: level  1  CFL = .272E+00  dt = 0.5000E+00  final t = 0.743500E+03
 AMRCLAW: level  1  CFL = .272E+00  dt = 0.5000E+00  final t = 0.744000E+03
 AMRCLAW: level  1  CFL = .272E+00  dt = 0.5000E+00  final t = 0.744500E+03
 AMRCLAW: level  1  CFL = .272E+00  dt = 0.5000E+00  final t = 0.745000E+03
 AMRCLAW: level  1  CFL = .271E+00  dt = 0.5000E+00  final t = 0.745500E+03
 AMRCLAW: level  1  CFL = .270E+00  dt = 0.5000E+00  final t = 0.746000E+03
 AMRCLAW: level  1  CFL = .269E+00  dt = 0.5000E+00  final t = 0.746500E+03
 AMRCLAW: level  1  CFL = .270E+00  dt = 0.5000E+00  final t = 0.747000E+03
 AMRCLAW: level  1  CFL = .266E+00  dt = 0.5000E+00  final t = 0.747500E+03
 AMRCLAW: level  1  CFL = .264E+00  dt = 0.5000E+00  final t = 0.748000E+03
 AMRCLAW: level  1  CFL = .263E+00  dt = 0.5000E+00  final t = 0.748500E+03
 AMRCLAW: level  1  CFL = .261E+00  dt = 0.5000E+00  final t = 0.749000E+03
 AMRCLAW: level  1  CFL = .260E+00  dt = 0.5000E+00  final t = 0.749500E+03
 AMRCLAW: level  1  CFL = .258E+00  dt = 0.5000E+00  final t = 0.750000E+03
GEOCLAW: Frame   25 output files done at time t =  0.750000D+03

 AMRCLAW: level  1  CFL = .257E+00  dt = 0.5000E+00  final t = 0.750500E+03
 AMRCLAW: level  1  CFL = .257E+00  dt = 0.5000E+00  final t = 0.751000E+03
 AMRCLAW: level  1  CFL = .256E+00  dt = 0.5000E+00  final t = 0.751500E+03
 AMRCLAW: level  1  CFL = .255E+00  dt = 0.5000E+00  final t = 0.752000E+03
 AMRCLAW: level  1  CFL = .255E+00  dt = 0.5000E+00  final t = 0.752500E+03
 AMRCLAW: level  1  CFL = .254E+00  dt = 0.5000E+00  final t = 0.753000E+03
 AMRCLAW: level  1  CFL = .254E+00  dt = 0.5000E+00  final t = 0.753500E+03
 AMRCLAW: level  1  CFL = .253E+00  dt = 0.5000E+00  final t = 0.754000E+03
 AMRCLAW: level  1  CFL = .253E+00  dt = 0.5000E+00  final t = 0.754500E+03
 AMRCLAW: level  1  CFL = .253E+00  dt = 0.5000E+00  final t = 0.755000E+03
 AMRCLAW: level  1  CFL = .253E+00  dt = 0.5000E+00  final t = 0.755500E+03
 AMRCLAW: level  1  CFL = .253E+00  dt = 0.5000E+00  final t = 0.756000E+03
 AMRCLAW: level  1  CFL = .253E+00  dt = 0.5000E+00  final t = 0.756500E+03
 AMRCLAW: level  1  CFL = .253E+00  dt = 0.5000E+00  final t = 0.757000E+03
 AMRCLAW: level  1  CFL = .252E+00  dt = 0.5000E+00  final t = 0.757500E+03
 AMRCLAW: level  1  CFL = .252E+00  dt = 0.5000E+00  final t = 0.758000E+03
 AMRCLAW: level  1  CFL = .252E+00  dt = 0.5000E+00  final t = 0.758500E+03
 AMRCLAW: level  1  CFL = .253E+00  dt = 0.5000E+00  final t = 0.759000E+03
 AMRCLAW: level  1  CFL = .253E+00  dt = 0.5000E+00  final t = 0.759500E+03
 AMRCLAW: level  1  CFL = .253E+00  dt = 0.5000E+00  final t = 0.760000E+03
 AMRCLAW: level  1  CFL = .254E+00  dt = 0.5000E+00  final t = 0.760500E+03
 AMRCLAW: level  1  CFL = .254E+00  dt = 0.5000E+00  final t = 0.761000E+03
 AMRCLAW: level  1  CFL = .254E+00  dt = 0.5000E+00  final t = 0.761500E+03
 AMRCLAW: level  1  CFL = .254E+00  dt = 0.5000E+00  final t = 0.762000E+03
 AMRCLAW: level  1  CFL = .254E+00  dt = 0.5000E+00  final t = 0.762500E+03
 AMRCLAW: level  1  CFL = .254E+00  dt = 0.5000E+00  final t = 0.763000E+03
 AMRCLAW: level  1  CFL = .254E+00  dt = 0.5000E+00  final t = 0.763500E+03
 AMRCLAW: level  1  CFL = .254E+00  dt = 0.5000E+00  final t = 0.764000E+03
 AMRCLAW: level  1  CFL = .259E+00  dt = 0.5000E+00  final t = 0.764500E+03
 AMRCLAW: level  1  CFL = .266E+00  dt = 0.5000E+00  final t = 0.765000E+03
 AMRCLAW: level  1  CFL = .272E+00  dt = 0.5000E+00  final t = 0.765500E+03
 AMRCLAW: level  1  CFL = .279E+00  dt = 0.5000E+00  final t = 0.766000E+03
 AMRCLAW: level  1  CFL = .285E+00  dt = 0.5000E+00  final t = 0.766500E+03
 AMRCLAW: level  1  CFL = .291E+00  dt = 0.5000E+00  final t = 0.767000E+03
 AMRCLAW: level  1  CFL = .296E+00  dt = 0.5000E+00  final t = 0.767500E+03
 AMRCLAW: level  1  CFL = .301E+00  dt = 0.5000E+00  final t = 0.768000E+03
 AMRCLAW: level  1  CFL = .306E+00  dt = 0.5000E+00  final t = 0.768500E+03
 AMRCLAW: level  1  CFL = .254E+00  dt = 0.5000E+00  final t = 0.769000E+03
 AMRCLAW: level  1  CFL = .253E+00  dt = 0.5000E+00  final t = 0.769500E+03
 AMRCLAW: level  1  CFL = .253E+00  dt = 0.5000E+00  final t = 0.770000E+03
 AMRCLAW: level  1  CFL = .253E+00  dt = 0.5000E+00  final t = 0.770500E+03
 AMRCLAW: level  1  CFL = .253E+00  dt = 0.5000E+00  final t = 0.771000E+03
 AMRCLAW: level  1  CFL = .253E+00  dt = 0.5000E+00  final t = 0.771500E+03
 AMRCLAW: level  1  CFL = .253E+00  dt = 0.5000E+00  final t = 0.772000E+03
 AMRCLAW: level  1  CFL = .253E+00  dt = 0.5000E+00  final t = 0.772500E+03
 AMRCLAW: level  1  CFL = .253E+00  dt = 0.5000E+00  final t = 0.773000E+03
 AMRCLAW: level  1  CFL = .252E+00  dt = 0.5000E+00  final t = 0.773500E+03
 AMRCLAW: level  1  CFL = .252E+00  dt = 0.5000E+00  final t = 0.774000E+03
 AMRCLAW: level  1  CFL = .253E+00  dt = 0.5000E+00  final t = 0.774500E+03
 AMRCLAW: level  1  CFL = .253E+00  dt = 0.5000E+00  final t = 0.775000E+03
 AMRCLAW: level  1  CFL = .253E+00  dt = 0.5000E+00  final t = 0.775500E+03
 AMRCLAW: level  1  CFL = .253E+00  dt = 0.5000E+00  final t = 0.776000E+03
 AMRCLAW: level  1  CFL = .253E+00  dt = 0.5000E+00  final t = 0.776500E+03
 AMRCLAW: level  1  CFL = .253E+00  dt = 0.5000E+00  final t = 0.777000E+03
 AMRCLAW: level  1  CFL = .253E+00  dt = 0.5000E+00  final t = 0.777500E+03
 AMRCLAW: level  1  CFL = .253E+00  dt = 0.5000E+00  final t = 0.778000E+03
 AMRCLAW: level  1  CFL = .252E+00  dt = 0.5000E+00  final t = 0.778500E+03
 AMRCLAW: level  1  CFL = .252E+00  dt = 0.5000E+00  final t = 0.779000E+03
 AMRCLAW: level  1  CFL = .253E+00  dt = 0.5000E+00  final t = 0.779500E+03
 AMRCLAW: level  1  CFL = .253E+00  dt = 0.5000E+00  final t = 0.780000E+03
GEOCLAW: Frame   26 output files done at time t =  0.780000D+03

 AMRCLAW: level  1  CFL = .253E+00  dt = 0.5000E+00  final t = 0.780500E+03
 AMRCLAW: level  1  CFL = .253E+00  dt = 0.5000E+00  final t = 0.781000E+03
 AMRCLAW: level  1  CFL = .253E+00  dt = 0.5000E+00  final t = 0.781500E+03
 AMRCLAW: level  1  CFL = .253E+00  dt = 0.5000E+00  final t = 0.782000E+03
 AMRCLAW: level  1  CFL = .254E+00  dt = 0.5000E+00  final t = 0.782500E+03
 AMRCLAW: level  1  CFL = .254E+00  dt = 0.5000E+00  final t = 0.783000E+03
 AMRCLAW: level  1  CFL = .254E+00  dt = 0.5000E+00  final t = 0.783500E+03
 AMRCLAW: level  1  CFL = .254E+00  dt = 0.5000E+00  final t = 0.784000E+03
 AMRCLAW: level  1  CFL = .254E+00  dt = 0.5000E+00  final t = 0.784500E+03
 AMRCLAW: level  1  CFL = .254E+00  dt = 0.5000E+00  final t = 0.785000E+03
 AMRCLAW: level  1  CFL = .255E+00  dt = 0.5000E+00  final t = 0.785500E+03
 AMRCLAW: level  1  CFL = .259E+00  dt = 0.5000E+00  final t = 0.786000E+03
 AMRCLAW: level  1  CFL = .257E+00  dt = 0.5000E+00  final t = 0.786500E+03
 AMRCLAW: level  1  CFL = .260E+00  dt = 0.5000E+00  final t = 0.787000E+03
 AMRCLAW: level  1  CFL = .264E+00  dt = 0.5000E+00  final t = 0.787500E+03
 AMRCLAW: level  1  CFL = .255E+00  dt = 0.5000E+00  final t = 0.788000E+03
 AMRCLAW: level  1  CFL = .256E+00  dt = 0.5000E+00  final t = 0.788500E+03
 AMRCLAW: level  1  CFL = .256E+00  dt = 0.5000E+00  final t = 0.789000E+03
 AMRCLAW: level  1  CFL = .256E+00  dt = 0.5000E+00  final t = 0.789500E+03
 AMRCLAW: level  1  CFL = .256E+00  dt = 0.5000E+00  final t = 0.790000E+03
 AMRCLAW: level  1  CFL = .256E+00  dt = 0.5000E+00  final t = 0.790500E+03
 AMRCLAW: level  1  CFL = .256E+00  dt = 0.5000E+00  final t = 0.791000E+03
 AMRCLAW: level  1  CFL = .256E+00  dt = 0.5000E+00  final t = 0.791500E+03
 AMRCLAW: level  1  CFL = .257E+00  dt = 0.5000E+00  final t = 0.792000E+03
 AMRCLAW: level  1  CFL = .258E+00  dt = 0.5000E+00  final t = 0.792500E+03
 AMRCLAW: level  1  CFL = .257E+00  dt = 0.5000E+00  final t = 0.793000E+03
 AMRCLAW: level  1  CFL = .257E+00  dt = 0.5000E+00  final t = 0.793500E+03
 AMRCLAW: level  1  CFL = .257E+00  dt = 0.5000E+00  final t = 0.794000E+03
 AMRCLAW: level  1  CFL = .257E+00  dt = 0.5000E+00  final t = 0.794500E+03
 AMRCLAW: level  1  CFL = .257E+00  dt = 0.5000E+00  final t = 0.795000E+03
 AMRCLAW: level  1  CFL = .258E+00  dt = 0.5000E+00  final t = 0.795500E+03
 AMRCLAW: level  1  CFL = .258E+00  dt = 0.5000E+00  final t = 0.796000E+03
 AMRCLAW: level  1  CFL = .258E+00  dt = 0.5000E+00  final t = 0.796500E+03
 AMRCLAW: level  1  CFL = .258E+00  dt = 0.5000E+00  final t = 0.797000E+03
 AMRCLAW: level  1  CFL = .258E+00  dt = 0.5000E+00  final t = 0.797500E+03
 AMRCLAW: level  1  CFL = .258E+00  dt = 0.5000E+00  final t = 0.798000E+03
 AMRCLAW: level  1  CFL = .258E+00  dt = 0.5000E+00  final t = 0.798500E+03
 AMRCLAW: level  1  CFL = .258E+00  dt = 0.5000E+00  final t = 0.799000E+03
 AMRCLAW: level  1  CFL = .259E+00  dt = 0.5000E+00  final t = 0.799500E+03
 AMRCLAW: level  1  CFL = .259E+00  dt = 0.5000E+00  final t = 0.800000E+03
 AMRCLAW: level  1  CFL = .259E+00  dt = 0.5000E+00  final t = 0.800500E+03
 AMRCLAW: level  1  CFL = .259E+00  dt = 0.5000E+00  final t = 0.801000E+03
 AMRCLAW: level  1  CFL = .259E+00  dt = 0.5000E+00  final t = 0.801500E+03
 AMRCLAW: level  1  CFL = .259E+00  dt = 0.5000E+00  final t = 0.802000E+03
 AMRCLAW: level  1  CFL = .259E+00  dt = 0.5000E+00  final t = 0.802500E+03
 AMRCLAW: level  1  CFL = .259E+00  dt = 0.5000E+00  final t = 0.803000E+03
 AMRCLAW: level  1  CFL = .260E+00  dt = 0.5000E+00  final t = 0.803500E+03
 AMRCLAW: level  1  CFL = .260E+00  dt = 0.5000E+00  final t = 0.804000E+03
 AMRCLAW: level  1  CFL = .260E+00  dt = 0.5000E+00  final t = 0.804500E+03
 AMRCLAW: level  1  CFL = .260E+00  dt = 0.5000E+00  final t = 0.805000E+03
 AMRCLAW: level  1  CFL = .260E+00  dt = 0.5000E+00  final t = 0.805500E+03
 AMRCLAW: level  1  CFL = .260E+00  dt = 0.5000E+00  final t = 0.806000E+03
 AMRCLAW: level  1  CFL = .260E+00  dt = 0.5000E+00  final t = 0.806500E+03
 AMRCLAW: level  1  CFL = .260E+00  dt = 0.5000E+00  final t = 0.807000E+03
 AMRCLAW: level  1  CFL = .261E+00  dt = 0.5000E+00  final t = 0.807500E+03
 AMRCLAW: level  1  CFL = .261E+00  dt = 0.5000E+00  final t = 0.808000E+03
 AMRCLAW: level  1  CFL = .261E+00  dt = 0.5000E+00  final t = 0.808500E+03
 AMRCLAW: level  1  CFL = .261E+00  dt = 0.5000E+00  final t = 0.809000E+03
 AMRCLAW: level  1  CFL = .261E+00  dt = 0.5000E+00  final t = 0.809500E+03
 AMRCLAW: level  1  CFL = .261E+00  dt = 0.5000E+00  final t = 0.810000E+03
GEOCLAW: Frame   27 output files done at time t =  0.810000D+03

 AMRCLAW: level  1  CFL = .261E+00  dt = 0.5000E+00  final t = 0.810500E+03
 AMRCLAW: level  1  CFL = .261E+00  dt = 0.5000E+00  final t = 0.811000E+03
 AMRCLAW: level  1  CFL = .262E+00  dt = 0.5000E+00  final t = 0.811500E+03
 AMRCLAW: level  1  CFL = .262E+00  dt = 0.5000E+00  final t = 0.812000E+03
 AMRCLAW: level  1  CFL = .262E+00  dt = 0.5000E+00  final t = 0.812500E+03
 AMRCLAW: level  1  CFL = .262E+00  dt = 0.5000E+00  final t = 0.813000E+03
 AMRCLAW: level  1  CFL = .263E+00  dt = 0.5000E+00  final t = 0.813500E+03
 AMRCLAW: level  1  CFL = .264E+00  dt = 0.5000E+00  final t = 0.814000E+03
 AMRCLAW: level  1  CFL = .266E+00  dt = 0.5000E+00  final t = 0.814500E+03
 AMRCLAW: level  1  CFL = .266E+00  dt = 0.5000E+00  final t = 0.815000E+03
 AMRCLAW: level  1  CFL = .266E+00  dt = 0.5000E+00  final t = 0.815500E+03
 AMRCLAW: level  1  CFL = .267E+00  dt = 0.5000E+00  final t = 0.816000E+03
 AMRCLAW: level  1  CFL = .267E+00  dt = 0.5000E+00  final t = 0.816500E+03
 AMRCLAW: level  1  CFL = .267E+00  dt = 0.5000E+00  final t = 0.817000E+03
 AMRCLAW: level  1  CFL = .266E+00  dt = 0.5000E+00  final t = 0.817500E+03
 AMRCLAW: level  1  CFL = .266E+00  dt = 0.5000E+00  final t = 0.818000E+03
 AMRCLAW: level  1  CFL = .266E+00  dt = 0.5000E+00  final t = 0.818500E+03
 AMRCLAW: level  1  CFL = .266E+00  dt = 0.5000E+00  final t = 0.819000E+03
 AMRCLAW: level  1  CFL = .266E+00  dt = 0.5000E+00  final t = 0.819500E+03
 AMRCLAW: level  1  CFL = .266E+00  dt = 0.5000E+00  final t = 0.820000E+03
 AMRCLAW: level  1  CFL = .266E+00  dt = 0.5000E+00  final t = 0.820500E+03
 AMRCLAW: level  1  CFL = .266E+00  dt = 0.5000E+00  final t = 0.821000E+03
 AMRCLAW: level  1  CFL = .266E+00  dt = 0.5000E+00  final t = 0.821500E+03
 AMRCLAW: level  1  CFL = .266E+00  dt = 0.5000E+00  final t = 0.822000E+03
 AMRCLAW: level  1  CFL = .266E+00  dt = 0.5000E+00  final t = 0.822500E+03
 AMRCLAW: level  1  CFL = .266E+00  dt = 0.5000E+00  final t = 0.823000E+03
 AMRCLAW: level  1  CFL = .266E+00  dt = 0.5000E+00  final t = 0.823500E+03
 AMRCLAW: level  1  CFL = .266E+00  dt = 0.5000E+00  final t = 0.824000E+03
 AMRCLAW: level  1  CFL = .266E+00  dt = 0.5000E+00  final t = 0.824500E+03
 AMRCLAW: level  1  CFL = .266E+00  dt = 0.5000E+00  final t = 0.825000E+03
 AMRCLAW: level  1  CFL = .266E+00  dt = 0.5000E+00  final t = 0.825500E+03
 AMRCLAW: level  1  CFL = .266E+00  dt = 0.5000E+00  final t = 0.826000E+03
 AMRCLAW: level  1  CFL = .266E+00  dt = 0.5000E+00  final t = 0.826500E+03
 AMRCLAW: level  1  CFL = .266E+00  dt = 0.5000E+00  final t = 0.827000E+03
 AMRCLAW: level  1  CFL = .266E+00  dt = 0.5000E+00  final t = 0.827500E+03
 AMRCLAW: level  1  CFL = .266E+00  dt = 0.5000E+00  final t = 0.828000E+03
 AMRCLAW: level  1  CFL = .266E+00  dt = 0.5000E+00  final t = 0.828500E+03
 AMRCLAW: level  1  CFL = .266E+00  dt = 0.5000E+00  final t = 0.829000E+03
 AMRCLAW: level  1  CFL = .266E+00  dt = 0.5000E+00  final t = 0.829500E+03
 AMRCLAW: level  1  CFL = .266E+00  dt = 0.5000E+00  final t = 0.830000E+03
 AMRCLAW: level  1  CFL = .266E+00  dt = 0.5000E+00  final t = 0.830500E+03
 AMRCLAW: level  1  CFL = .266E+00  dt = 0.5000E+00  final t = 0.831000E+03
 AMRCLAW: level  1  CFL = .266E+00  dt = 0.5000E+00  final t = 0.831500E+03
 AMRCLAW: level  1  CFL = .266E+00  dt = 0.5000E+00  final t = 0.832000E+03
 AMRCLAW: level  1  CFL = .267E+00  dt = 0.5000E+00  final t = 0.832500E+03
 AMRCLAW: level  1  CFL = .267E+00  dt = 0.5000E+00  final t = 0.833000E+03
 AMRCLAW: level  1  CFL = .267E+00  dt = 0.5000E+00  final t = 0.833500E+03
 AMRCLAW: level  1  CFL = .267E+00  dt = 0.5000E+00  final t = 0.834000E+03
 AMRCLAW: level  1  CFL = .267E+00  dt = 0.5000E+00  final t = 0.834500E+03
 AMRCLAW: level  1  CFL = .267E+00  dt = 0.5000E+00  final t = 0.835000E+03
 AMRCLAW: level  1  CFL = .267E+00  dt = 0.5000E+00  final t = 0.835500E+03
 AMRCLAW: level  1  CFL = .267E+00  dt = 0.5000E+00  final t = 0.836000E+03
 AMRCLAW: level  1  CFL = .267E+00  dt = 0.5000E+00  final t = 0.836500E+03
 AMRCLAW: level  1  CFL = .267E+00  dt = 0.5000E+00  final t = 0.837000E+03
 AMRCLAW: level  1  CFL = .267E+00  dt = 0.5000E+00  final t = 0.837500E+03
 AMRCLAW: level  1  CFL = .267E+00  dt = 0.5000E+00  final t = 0.838000E+03
 AMRCLAW: level  1  CFL = .267E+00  dt = 0.5000E+00  final t = 0.838500E+03
 AMRCLAW: level  1  CFL = .267E+00  dt = 0.5000E+00  final t = 0.839000E+03
 AMRCLAW: level  1  CFL = .267E+00  dt = 0.5000E+00  final t = 0.839500E+03
 AMRCLAW: level  1  CFL = .267E+00  dt = 0.5000E+00  final t = 0.840000E+03
GEOCLAW: Frame   28 output files done at time t =  0.840000D+03

 AMRCLAW: level  1  CFL = .267E+00  dt = 0.5000E+00  final t = 0.840500E+03
 AMRCLAW: level  1  CFL = .267E+00  dt = 0.5000E+00  final t = 0.841000E+03
 AMRCLAW: level  1  CFL = .267E+00  dt = 0.5000E+00  final t = 0.841500E+03
 AMRCLAW: level  1  CFL = .267E+00  dt = 0.5000E+00  final t = 0.842000E+03
 AMRCLAW: level  1  CFL = .267E+00  dt = 0.5000E+00  final t = 0.842500E+03
 AMRCLAW: level  1  CFL = .267E+00  dt = 0.5000E+00  final t = 0.843000E+03
 AMRCLAW: level  1  CFL = .267E+00  dt = 0.5000E+00  final t = 0.843500E+03
 AMRCLAW: level  1  CFL = .267E+00  dt = 0.5000E+00  final t = 0.844000E+03
 AMRCLAW: level  1  CFL = .267E+00  dt = 0.5000E+00  final t = 0.844500E+03
 AMRCLAW: level  1  CFL = .267E+00  dt = 0.5000E+00  final t = 0.845000E+03
 AMRCLAW: level  1  CFL = .267E+00  dt = 0.5000E+00  final t = 0.845500E+03
 AMRCLAW: level  1  CFL = .267E+00  dt = 0.5000E+00  final t = 0.846000E+03
 AMRCLAW: level  1  CFL = .267E+00  dt = 0.5000E+00  final t = 0.846500E+03
 AMRCLAW: level  1  CFL = .267E+00  dt = 0.5000E+00  final t = 0.847000E+03
 AMRCLAW: level  1  CFL = .267E+00  dt = 0.5000E+00  final t = 0.847500E+03
 AMRCLAW: level  1  CFL = .267E+00  dt = 0.5000E+00  final t = 0.848000E+03
 AMRCLAW: level  1  CFL = .267E+00  dt = 0.5000E+00  final t = 0.848500E+03
 AMRCLAW: level  1  CFL = .267E+00  dt = 0.5000E+00  final t = 0.849000E+03
 AMRCLAW: level  1  CFL = .267E+00  dt = 0.5000E+00  final t = 0.849500E+03
 AMRCLAW: level  1  CFL = .267E+00  dt = 0.5000E+00  final t = 0.850000E+03
 AMRCLAW: level  1  CFL = .267E+00  dt = 0.5000E+00  final t = 0.850500E+03
 AMRCLAW: level  1  CFL = .267E+00  dt = 0.5000E+00  final t = 0.851000E+03
 AMRCLAW: level  1  CFL = .267E+00  dt = 0.5000E+00  final t = 0.851500E+03
 AMRCLAW: level  1  CFL = .267E+00  dt = 0.5000E+00  final t = 0.852000E+03
 AMRCLAW: level  1  CFL = .267E+00  dt = 0.5000E+00  final t = 0.852500E+03
 AMRCLAW: level  1  CFL = .266E+00  dt = 0.5000E+00  final t = 0.853000E+03
 AMRCLAW: level  1  CFL = .266E+00  dt = 0.5000E+00  final t = 0.853500E+03
 AMRCLAW: level  1  CFL = .266E+00  dt = 0.5000E+00  final t = 0.854000E+03
 AMRCLAW: level  1  CFL = .266E+00  dt = 0.5000E+00  final t = 0.854500E+03
 AMRCLAW: level  1  CFL = .266E+00  dt = 0.5000E+00  final t = 0.855000E+03
 AMRCLAW: level  1  CFL = .266E+00  dt = 0.5000E+00  final t = 0.855500E+03
 AMRCLAW: level  1  CFL = .266E+00  dt = 0.5000E+00  final t = 0.856000E+03
 AMRCLAW: level  1  CFL = .265E+00  dt = 0.5000E+00  final t = 0.856500E+03
 AMRCLAW: level  1  CFL = .265E+00  dt = 0.5000E+00  final t = 0.857000E+03
 AMRCLAW: level  1  CFL = .265E+00  dt = 0.5000E+00  final t = 0.857500E+03
 AMRCLAW: level  1  CFL = .265E+00  dt = 0.5000E+00  final t = 0.858000E+03
 AMRCLAW: level  1  CFL = .265E+00  dt = 0.5000E+00  final t = 0.858500E+03
 AMRCLAW: level  1  CFL = .265E+00  dt = 0.5000E+00  final t = 0.859000E+03
 AMRCLAW: level  1  CFL = .265E+00  dt = 0.5000E+00  final t = 0.859500E+03
 AMRCLAW: level  1  CFL = .265E+00  dt = 0.5000E+00  final t = 0.860000E+03
 AMRCLAW: level  1  CFL = .265E+00  dt = 0.5000E+00  final t = 0.860500E+03
 AMRCLAW: level  1  CFL = .265E+00  dt = 0.5000E+00  final t = 0.861000E+03
 AMRCLAW: level  1  CFL = .265E+00  dt = 0.5000E+00  final t = 0.861500E+03
 AMRCLAW: level  1  CFL = .265E+00  dt = 0.5000E+00  final t = 0.862000E+03
 AMRCLAW: level  1  CFL = .265E+00  dt = 0.5000E+00  final t = 0.862500E+03
 AMRCLAW: level  1  CFL = .264E+00  dt = 0.5000E+00  final t = 0.863000E+03
 AMRCLAW: level  1  CFL = .264E+00  dt = 0.5000E+00  final t = 0.863500E+03
 AMRCLAW: level  1  CFL = .264E+00  dt = 0.5000E+00  final t = 0.864000E+03
 AMRCLAW: level  1  CFL = .264E+00  dt = 0.5000E+00  final t = 0.864500E+03
 AMRCLAW: level  1  CFL = .263E+00  dt = 0.5000E+00  final t = 0.865000E+03
 AMRCLAW: level  1  CFL = .263E+00  dt = 0.5000E+00  final t = 0.865500E+03
 AMRCLAW: level  1  CFL = .263E+00  dt = 0.5000E+00  final t = 0.866000E+03
 AMRCLAW: level  1  CFL = .263E+00  dt = 0.5000E+00  final t = 0.866500E+03
 AMRCLAW: level  1  CFL = .263E+00  dt = 0.5000E+00  final t = 0.867000E+03
 AMRCLAW: level  1  CFL = .263E+00  dt = 0.5000E+00  final t = 0.867500E+03
 AMRCLAW: level  1  CFL = .262E+00  dt = 0.5000E+00  final t = 0.868000E+03
 AMRCLAW: level  1  CFL = .262E+00  dt = 0.5000E+00  final t = 0.868500E+03
 AMRCLAW: level  1  CFL = .262E+00  dt = 0.5000E+00  final t = 0.869000E+03
 AMRCLAW: level  1  CFL = .262E+00  dt = 0.5000E+00  final t = 0.869500E+03
 AMRCLAW: level  1  CFL = .262E+00  dt = 0.5000E+00  final t = 0.870000E+03
GEOCLAW: Frame   29 output files done at time t =  0.870000D+03

 AMRCLAW: level  1  CFL = .262E+00  dt = 0.5000E+00  final t = 0.870500E+03
 AMRCLAW: level  1  CFL = .261E+00  dt = 0.5000E+00  final t = 0.871000E+03
 AMRCLAW: level  1  CFL = .261E+00  dt = 0.5000E+00  final t = 0.871500E+03
 AMRCLAW: level  1  CFL = .261E+00  dt = 0.5000E+00  final t = 0.872000E+03
 AMRCLAW: level  1  CFL = .261E+00  dt = 0.5000E+00  final t = 0.872500E+03
 AMRCLAW: level  1  CFL = .261E+00  dt = 0.5000E+00  final t = 0.873000E+03
 AMRCLAW: level  1  CFL = .261E+00  dt = 0.5000E+00  final t = 0.873500E+03
 AMRCLAW: level  1  CFL = .261E+00  dt = 0.5000E+00  final t = 0.874000E+03
 AMRCLAW: level  1  CFL = .260E+00  dt = 0.5000E+00  final t = 0.874500E+03
 AMRCLAW: level  1  CFL = .260E+00  dt = 0.5000E+00  final t = 0.875000E+03
 AMRCLAW: level  1  CFL = .260E+00  dt = 0.5000E+00  final t = 0.875500E+03
 AMRCLAW: level  1  CFL = .260E+00  dt = 0.5000E+00  final t = 0.876000E+03
 AMRCLAW: level  1  CFL = .260E+00  dt = 0.5000E+00  final t = 0.876500E+03
 AMRCLAW: level  1  CFL = .260E+00  dt = 0.5000E+00  final t = 0.877000E+03
 AMRCLAW: level  1  CFL = .260E+00  dt = 0.5000E+00  final t = 0.877500E+03
 AMRCLAW: level  1  CFL = .260E+00  dt = 0.5000E+00  final t = 0.878000E+03
 AMRCLAW: level  1  CFL = .260E+00  dt = 0.5000E+00  final t = 0.878500E+03
 AMRCLAW: level  1  CFL = .260E+00  dt = 0.5000E+00  final t = 0.879000E+03
 AMRCLAW: level  1  CFL = .260E+00  dt = 0.5000E+00  final t = 0.879500E+03
 AMRCLAW: level  1  CFL = .259E+00  dt = 0.5000E+00  final t = 0.880000E+03
 AMRCLAW: level  1  CFL = .259E+00  dt = 0.5000E+00  final t = 0.880500E+03
 AMRCLAW: level  1  CFL = .259E+00  dt = 0.5000E+00  final t = 0.881000E+03
 AMRCLAW: level  1  CFL = .259E+00  dt = 0.5000E+00  final t = 0.881500E+03
 AMRCLAW: level  1  CFL = .259E+00  dt = 0.5000E+00  final t = 0.882000E+03
 AMRCLAW: level  1  CFL = .259E+00  dt = 0.5000E+00  final t = 0.882500E+03
 AMRCLAW: level  1  CFL = .259E+00  dt = 0.5000E+00  final t = 0.883000E+03
 AMRCLAW: level  1  CFL = .259E+00  dt = 0.5000E+00  final t = 0.883500E+03
 AMRCLAW: level  1  CFL = .259E+00  dt = 0.5000E+00  final t = 0.884000E+03
 AMRCLAW: level  1  CFL = .258E+00  dt = 0.5000E+00  final t = 0.884500E+03
 AMRCLAW: level  1  CFL = .258E+00  dt = 0.5000E+00  final t = 0.885000E+03
 AMRCLAW: level  1  CFL = .258E+00  dt = 0.5000E+00  final t = 0.885500E+03
 AMRCLAW: level  1  CFL = .258E+00  dt = 0.5000E+00  final t = 0.886000E+03
 AMRCLAW: level  1  CFL = .258E+00  dt = 0.5000E+00  final t = 0.886500E+03
 AMRCLAW: level  1  CFL = .258E+00  dt = 0.5000E+00  final t = 0.887000E+03
 AMRCLAW: level  1  CFL = .258E+00  dt = 0.5000E+00  final t = 0.887500E+03
 AMRCLAW: level  1  CFL = .257E+00  dt = 0.5000E+00  final t = 0.888000E+03
 AMRCLAW: level  1  CFL = .257E+00  dt = 0.5000E+00  final t = 0.888500E+03
 AMRCLAW: level  1  CFL = .257E+00  dt = 0.5000E+00  final t = 0.889000E+03
 AMRCLAW: level  1  CFL = .257E+00  dt = 0.5000E+00  final t = 0.889500E+03
 AMRCLAW: level  1  CFL = .257E+00  dt = 0.5000E+00  final t = 0.890000E+03
 AMRCLAW: level  1  CFL = .257E+00  dt = 0.5000E+00  final t = 0.890500E+03
 AMRCLAW: level  1  CFL = .257E+00  dt = 0.5000E+00  final t = 0.891000E+03
 AMRCLAW: level  1  CFL = .257E+00  dt = 0.5000E+00  final t = 0.891500E+03
 AMRCLAW: level  1  CFL = .257E+00  dt = 0.5000E+00  final t = 0.892000E+03
 AMRCLAW: level  1  CFL = .256E+00  dt = 0.5000E+00  final t = 0.892500E+03
 AMRCLAW: level  1  CFL = .256E+00  dt = 0.5000E+00  final t = 0.893000E+03
 AMRCLAW: level  1  CFL = .256E+00  dt = 0.5000E+00  final t = 0.893500E+03
 AMRCLAW: level  1  CFL = .256E+00  dt = 0.5000E+00  final t = 0.894000E+03
 AMRCLAW: level  1  CFL = .256E+00  dt = 0.5000E+00  final t = 0.894500E+03
 AMRCLAW: level  1  CFL = .256E+00  dt = 0.5000E+00  final t = 0.895000E+03
 AMRCLAW: level  1  CFL = .256E+00  dt = 0.5000E+00  final t = 0.895500E+03
 AMRCLAW: level  1  CFL = .256E+00  dt = 0.5000E+00  final t = 0.896000E+03
 AMRCLAW: level  1  CFL = .256E+00  dt = 0.5000E+00  final t = 0.896500E+03
 AMRCLAW: level  1  CFL = .256E+00  dt = 0.5000E+00  final t = 0.897000E+03
 AMRCLAW: level  1  CFL = .256E+00  dt = 0.5000E+00  final t = 0.897500E+03
 AMRCLAW: level  1  CFL = .256E+00  dt = 0.5000E+00  final t = 0.898000E+03
 AMRCLAW: level  1  CFL = .256E+00  dt = 0.5000E+00  final t = 0.898500E+03
 AMRCLAW: level  1  CFL = .255E+00  dt = 0.5000E+00  final t = 0.899000E+03
 AMRCLAW: level  1  CFL = .255E+00  dt = 0.5000E+00  final t = 0.899500E+03
 AMRCLAW: level  1  CFL = .255E+00  dt = 0.5000E+00  final t = 0.900000E+03
GEOCLAW: Frame   30 output files done at time t =  0.900000D+03

 Done integrating to time    900.00000000000000     
 Writing to file fgmax0001.txt                 
See fort.amr for more info on this run and memory usage

============================== Timing Data ==============================

Integration Time (stepgrid + BC + overhead)
Level           Wall Time (seconds)    CPU Time (seconds)   Total Cell Updates
  1                    74.235                271.153            0.838E+08
total                  74.235                271.153            0.838E+08

All levels:
stepgrid               74.001                270.552    
BC/ghost cells          0.225                  0.592
Regridding              0.000                  0.000  
Output (valout)         8.650                 11.791  

Total time:            83.409                284.236  
Using 12 thread(s)

Note: The CPU times are summed over all threads.
      Total time includes more than the subroutines listed above
Note: timings are also recorded for each output step
      in the file timing.csv.

=========================================================================

 maximum Courant number seen =    0.45608
