Reading data file: claw.data
         first 5 lines are comments and will be skipped
Reading data file: amr.data
         first 5 lines are comments and will be skipped
  
 Running amrclaw ...  
  
Reading data file: geoclaw.data
         first 5 lines are comments and will be skipped
Reading data file: refinement.data
         first 5 lines are comments and will be skipped
Reading data file: dtopo.data
         first 5 lines are comments and will be skipped
Reading data file: topo.data
         first 5 lines are comments and will be skipped
 *** in file: /root/autodl-tmp/Debris-flow-jilong-final/sim/dclaw/jilong_published_route_rebase/published_route_domain_64m.tt3
     Shifting xllcorner by 0.5*dx to cell center
 *** in file: /root/autodl-tmp/Debris-flow-jilong-final/sim/dclaw/jilong_published_route_rebase/published_route_domain_64m.tt3
     Shifting yllcorner by 0.5*dy to cell center
  
 Reading topography file  /root/autodl-tmp/Debris-flow-jilong-final/sim/dclaw/jilong_published_route_rebase/published_route_domain_64m.tt3                                      
 **** WARNING
 **** topo arrays do not quite cover domain
 **** area of overlap =    179568640.00000000     
 **** area of domain  =    181350400.00000000     
 **** error is less than 1% so proceeding...
Reading data file: auxinit_dclaw.data       
         first 5 lines are comments and will be skipped
  
 Reading auxinit file  /root/autodl-tmp/Debris-flow-jilong-final/sim/dclaw/jilong_published_route_rebase/entrainment/erodible_thickness_fullroute_8m.tt3                     
Reading data file: fgout_grids.data
         first 5 lines are comments and will be skipped
Reading data file: regions.data
         first 5 lines are comments and will be skipped
Reading data file: flagregions.data
         first 5 lines are comments and will be skipped
Reading data file: gauges.data
         first 5 lines are comments and will be skipped
Reading data file: fgmax_grids.data
         first 5 lines are comments and will be skipped
 +++ fgbb:    338894.00000000000        356430.00000000000        3127228.0000000000        3137468.0000000000     
 +++ fgll:    338894.00000000000        3127228.0000000000              275         161
 +++ fg%x(npts), fg%y(1):    356430.00000000000        3127228.0000000000     
Reading data file: dclaw.data               
         first 5 lines are comments and will be skipped
Reading data file: pinit_dclaw.data         
         first 5 lines are comments and will be skipped
Reading data file: qinit_dclaw.data         
         first 5 lines are comments and will be skipped
Reading data file: flowgrades.data          
         first 5 lines are comments and will be skipped
 rnode allocated...
 node allocated...
 listOfGrids allocated...
 Storage allocated...
 bndList allocated...
Gridding level   1 at t =  0.000000E+00:     1 grids with       44275 cells
  max threads set to           12
  
 Done reading data, starting computation ...  
  
 Total mass at initial time:    0.0000000000000000     
GEOCLAW: Frame    0 output files done at time t =  0.000000D+00

 AMRCLAW: level  1  CFL = .000E+00  dt = 0.5000E-01  final t = 0.500000E-01
 AMRCLAW: level  1  CFL = .000E+00  dt = 0.5000E+00  final t = 0.550000E+00
 AMRCLAW: level  1  CFL = .164E-01  dt = 0.5000E+00  final t = 0.105000E+01
 AMRCLAW: level  1  CFL = .386E-01  dt = 0.5000E+00  final t = 0.155000E+01
 AMRCLAW: level  1  CFL = .539E-01  dt = 0.5000E+00  final t = 0.205000E+01
 AMRCLAW: level  1  CFL = .746E-01  dt = 0.5000E+00  final t = 0.255000E+01
 AMRCLAW: level  1  CFL = .944E-01  dt = 0.5000E+00  final t = 0.305000E+01
 AMRCLAW: level  1  CFL = .113E+00  dt = 0.5000E+00  final t = 0.355000E+01
 AMRCLAW: level  1  CFL = .131E+00  dt = 0.5000E+00  final t = 0.405000E+01
 AMRCLAW: level  1  CFL = .148E+00  dt = 0.5000E+00  final t = 0.455000E+01
 AMRCLAW: level  1  CFL = .164E+00  dt = 0.5000E+00  final t = 0.505000E+01
 AMRCLAW: level  1  CFL = .178E+00  dt = 0.5000E+00  final t = 0.555000E+01
 AMRCLAW: level  1  CFL = .192E+00  dt = 0.5000E+00  final t = 0.605000E+01
 AMRCLAW: level  1  CFL = .205E+00  dt = 0.5000E+00  final t = 0.655000E+01
 AMRCLAW: level  1  CFL = .217E+00  dt = 0.5000E+00  final t = 0.705000E+01
 AMRCLAW: level  1  CFL = .228E+00  dt = 0.5000E+00  final t = 0.755000E+01
 AMRCLAW: level  1  CFL = .243E+00  dt = 0.5000E+00  final t = 0.805000E+01
 AMRCLAW: level  1  CFL = .259E+00  dt = 0.5000E+00  final t = 0.855000E+01
 AMRCLAW: level  1  CFL = .273E+00  dt = 0.5000E+00  final t = 0.905000E+01
 AMRCLAW: level  1  CFL = .287E+00  dt = 0.5000E+00  final t = 0.955000E+01
 AMRCLAW: level  1  CFL = .300E+00  dt = 0.5000E+00  final t = 0.100500E+02
 AMRCLAW: level  1  CFL = .314E+00  dt = 0.5000E+00  final t = 0.105500E+02
 AMRCLAW: level  1  CFL = .327E+00  dt = 0.5000E+00  final t = 0.110500E+02
 AMRCLAW: level  1  CFL = .339E+00  dt = 0.5000E+00  final t = 0.115500E+02
 AMRCLAW: level  1  CFL = .350E+00  dt = 0.5000E+00  final t = 0.120500E+02
 AMRCLAW: level  1  CFL = .361E+00  dt = 0.5000E+00  final t = 0.125500E+02
 AMRCLAW: level  1  CFL = .372E+00  dt = 0.5000E+00  final t = 0.130500E+02
 AMRCLAW: level  1  CFL = .383E+00  dt = 0.5000E+00  final t = 0.135500E+02
 AMRCLAW: level  1  CFL = .394E+00  dt = 0.5000E+00  final t = 0.140500E+02
 AMRCLAW: level  1  CFL = .404E+00  dt = 0.5000E+00  final t = 0.145500E+02
 AMRCLAW: level  1  CFL = .412E+00  dt = 0.5000E+00  final t = 0.150500E+02
 AMRCLAW: level  1  CFL = .420E+00  dt = 0.5000E+00  final t = 0.155500E+02
 AMRCLAW: level  1  CFL = .427E+00  dt = 0.5000E+00  final t = 0.160500E+02
 AMRCLAW: level  1  CFL = .433E+00  dt = 0.5000E+00  final t = 0.165500E+02
 AMRCLAW: level  1  CFL = .439E+00  dt = 0.5000E+00  final t = 0.170500E+02
 AMRCLAW: level  1  CFL = .444E+00  dt = 0.5000E+00  final t = 0.175500E+02
 AMRCLAW: level  1  CFL = .447E+00  dt = 0.5000E+00  final t = 0.180500E+02
 AMRCLAW: level  1  CFL = .449E+00  dt = 0.5000E+00  final t = 0.185500E+02
 AMRCLAW: level  1  CFL = .450E+00  dt = 0.5000E+00  final t = 0.190500E+02
 AMRCLAW: level  1  CFL = .451E+00  dt = 0.5000E+00  final t = 0.195500E+02
 AMRCLAW: level  1  CFL = .451E+00  dt = 0.4986E+00  final t = 0.200486E+02
 AMRCLAW: level  1  CFL = .451E+00  dt = 0.4972E+00  final t = 0.205458E+02
 AMRCLAW: level  1  CFL = .451E+00  dt = 0.4958E+00  final t = 0.210416E+02
 AMRCLAW: level  1  CFL = .451E+00  dt = 0.4945E+00  final t = 0.215361E+02
 AMRCLAW: level  1  CFL = .451E+00  dt = 0.4932E+00  final t = 0.220292E+02
 AMRCLAW: level  1  CFL = .453E+00  dt = 0.4919E+00  final t = 0.225212E+02
 AMRCLAW: level  1  CFL = .453E+00  dt = 0.4891E+00  final t = 0.230103E+02
 AMRCLAW: level  1  CFL = .452E+00  dt = 0.4864E+00  final t = 0.234967E+02
 AMRCLAW: level  1  CFL = .451E+00  dt = 0.4839E+00  final t = 0.239806E+02
 AMRCLAW: level  1  CFL = .451E+00  dt = 0.4830E+00  final t = 0.244635E+02
 AMRCLAW: level  1  CFL = .451E+00  dt = 0.4822E+00  final t = 0.249457E+02
 AMRCLAW: level  1  CFL = .451E+00  dt = 0.4814E+00  final t = 0.254271E+02
 AMRCLAW: level  1  CFL = .451E+00  dt = 0.4805E+00  final t = 0.259076E+02
 AMRCLAW: level  1  CFL = .451E+00  dt = 0.4798E+00  final t = 0.263874E+02
 AMRCLAW: level  1  CFL = .451E+00  dt = 0.4790E+00  final t = 0.268664E+02
 AMRCLAW: level  1  CFL = .451E+00  dt = 0.4783E+00  final t = 0.273446E+02
 AMRCLAW: level  1  CFL = .451E+00  dt = 0.4775E+00  final t = 0.278222E+02
 AMRCLAW: level  1  CFL = .451E+00  dt = 0.4768E+00  final t = 0.282990E+02
 AMRCLAW: level  1  CFL = .451E+00  dt = 0.4761E+00  final t = 0.287751E+02
 AMRCLAW: level  1  CFL = .451E+00  dt = 0.4755E+00  final t = 0.292506E+02
 AMRCLAW: level  1  CFL = .451E+00  dt = 0.4749E+00  final t = 0.297255E+02
 AMRCLAW: level  1  CFL = .261E+00  dt = 0.2745E+00  final t = 0.300000E+02
GEOCLAW: Frame    1 output files done at time t =  0.300000D+02

 AMRCLAW: level  1  CFL = .450E+00  dt = 0.4737E+00  final t = 0.304737E+02
 AMRCLAW: level  1  CFL = .451E+00  dt = 0.4733E+00  final t = 0.309470E+02
 AMRCLAW: level  1  CFL = .451E+00  dt = 0.4728E+00  final t = 0.314197E+02
 AMRCLAW: level  1  CFL = .451E+00  dt = 0.4722E+00  final t = 0.318919E+02
 AMRCLAW: level  1  CFL = .450E+00  dt = 0.4717E+00  final t = 0.323636E+02
 AMRCLAW: level  1  CFL = .450E+00  dt = 0.4712E+00  final t = 0.328348E+02
 AMRCLAW: level  1  CFL = .450E+00  dt = 0.4707E+00  final t = 0.333054E+02
 AMRCLAW: level  1  CFL = .450E+00  dt = 0.4702E+00  final t = 0.337756E+02
 AMRCLAW: level  1  CFL = .450E+00  dt = 0.4697E+00  final t = 0.342453E+02
 AMRCLAW: level  1  CFL = .450E+00  dt = 0.4693E+00  final t = 0.347146E+02
 AMRCLAW: level  1  CFL = .450E+00  dt = 0.4688E+00  final t = 0.351834E+02
 AMRCLAW: level  1  CFL = .450E+00  dt = 0.4683E+00  final t = 0.356517E+02
 AMRCLAW: level  1  CFL = .450E+00  dt = 0.4679E+00  final t = 0.361196E+02
 AMRCLAW: level  1  CFL = .450E+00  dt = 0.4675E+00  final t = 0.365871E+02
 AMRCLAW: level  1  CFL = .450E+00  dt = 0.4671E+00  final t = 0.370541E+02
 AMRCLAW: level  1  CFL = .450E+00  dt = 0.4666E+00  final t = 0.375208E+02
 AMRCLAW: level  1  CFL = .450E+00  dt = 0.4663E+00  final t = 0.379870E+02
 AMRCLAW: level  1  CFL = .450E+00  dt = 0.4659E+00  final t = 0.384529E+02
 AMRCLAW: level  1  CFL = .450E+00  dt = 0.4655E+00  final t = 0.389184E+02
 AMRCLAW: level  1  CFL = .450E+00  dt = 0.4651E+00  final t = 0.393835E+02
 AMRCLAW: level  1  CFL = .450E+00  dt = 0.4648E+00  final t = 0.398483E+02
 AMRCLAW: level  1  CFL = .450E+00  dt = 0.4644E+00  final t = 0.403128E+02
 AMRCLAW: level  1  CFL = .450E+00  dt = 0.4641E+00  final t = 0.407769E+02
 AMRCLAW: level  1  CFL = .450E+00  dt = 0.4638E+00  final t = 0.412407E+02
 AMRCLAW: level  1  CFL = .450E+00  dt = 0.4635E+00  final t = 0.417042E+02
 AMRCLAW: level  1  CFL = .450E+00  dt = 0.4632E+00  final t = 0.421674E+02
 AMRCLAW: level  1  CFL = .450E+00  dt = 0.4630E+00  final t = 0.426304E+02
 AMRCLAW: level  1  CFL = .450E+00  dt = 0.4627E+00  final t = 0.430931E+02
 AMRCLAW: level  1  CFL = .450E+00  dt = 0.4625E+00  final t = 0.435556E+02
 AMRCLAW: level  1  CFL = .450E+00  dt = 0.4623E+00  final t = 0.440179E+02
 AMRCLAW: level  1  CFL = .450E+00  dt = 0.4620E+00  final t = 0.444799E+02
 AMRCLAW: level  1  CFL = .450E+00  dt = 0.4618E+00  final t = 0.449417E+02
 AMRCLAW: level  1  CFL = .450E+00  dt = 0.4617E+00  final t = 0.454034E+02
 AMRCLAW: level  1  CFL = .450E+00  dt = 0.4615E+00  final t = 0.458649E+02
 AMRCLAW: level  1  CFL = .450E+00  dt = 0.4613E+00  final t = 0.463263E+02
 AMRCLAW: level  1  CFL = .450E+00  dt = 0.4612E+00  final t = 0.467875E+02
 AMRCLAW: level  1  CFL = .450E+00  dt = 0.4611E+00  final t = 0.472486E+02
 AMRCLAW: level  1  CFL = .450E+00  dt = 0.4610E+00  final t = 0.477095E+02
 AMRCLAW: level  1  CFL = .450E+00  dt = 0.4609E+00  final t = 0.481704E+02
 AMRCLAW: level  1  CFL = .450E+00  dt = 0.4608E+00  final t = 0.486312E+02
 AMRCLAW: level  1  CFL = .450E+00  dt = 0.4607E+00  final t = 0.490919E+02
 AMRCLAW: level  1  CFL = .450E+00  dt = 0.4607E+00  final t = 0.495526E+02
 AMRCLAW: level  1  CFL = .450E+00  dt = 0.4606E+00  final t = 0.500132E+02
 AMRCLAW: level  1  CFL = .450E+00  dt = 0.4606E+00  final t = 0.504738E+02
 AMRCLAW: level  1  CFL = .450E+00  dt = 0.4606E+00  final t = 0.509344E+02
 AMRCLAW: level  1  CFL = .450E+00  dt = 0.4606E+00  final t = 0.513950E+02
 AMRCLAW: level  1  CFL = .450E+00  dt = 0.4606E+00  final t = 0.518556E+02
 AMRCLAW: level  1  CFL = .450E+00  dt = 0.4606E+00  final t = 0.523162E+02
 AMRCLAW: level  1  CFL = .450E+00  dt = 0.4606E+00  final t = 0.527768E+02
 AMRCLAW: level  1  CFL = .450E+00  dt = 0.4607E+00  final t = 0.532375E+02
 AMRCLAW: level  1  CFL = .450E+00  dt = 0.4608E+00  final t = 0.536982E+02
 AMRCLAW: level  1  CFL = .450E+00  dt = 0.4609E+00  final t = 0.541591E+02
 AMRCLAW: level  1  CFL = .450E+00  dt = 0.4610E+00  final t = 0.546200E+02
 AMRCLAW: level  1  CFL = .450E+00  dt = 0.4611E+00  final t = 0.550811E+02
 AMRCLAW: level  1  CFL = .450E+00  dt = 0.4611E+00  final t = 0.555423E+02
 AMRCLAW: level  1  CFL = .450E+00  dt = 0.4614E+00  final t = 0.560036E+02
 AMRCLAW: level  1  CFL = .450E+00  dt = 0.4612E+00  final t = 0.564649E+02
 AMRCLAW: level  1  CFL = .450E+00  dt = 0.4617E+00  final t = 0.569266E+02
 AMRCLAW: level  1  CFL = .449E+00  dt = 0.4614E+00  final t = 0.573880E+02
 AMRCLAW: level  1  CFL = .450E+00  dt = 0.4620E+00  final t = 0.578500E+02
 AMRCLAW: level  1  CFL = .450E+00  dt = 0.4622E+00  final t = 0.583122E+02
 AMRCLAW: level  1  CFL = .449E+00  dt = 0.4620E+00  final t = 0.587742E+02
 AMRCLAW: level  1  CFL = .451E+00  dt = 0.4627E+00  final t = 0.592369E+02
 AMRCLAW: level  1  CFL = .449E+00  dt = 0.4620E+00  final t = 0.596989E+02
 AMRCLAW: level  1  CFL = .292E+00  dt = 0.3011E+00  final t = 0.600000E+02
GEOCLAW: Frame    2 output files done at time t =  0.600000D+02

 AMRCLAW: level  1  CFL = .450E+00  dt = 0.4634E+00  final t = 0.604634E+02
 AMRCLAW: level  1  CFL = .449E+00  dt = 0.4629E+00  final t = 0.609264E+02
 AMRCLAW: level  1  CFL = .450E+00  dt = 0.4637E+00  final t = 0.613900E+02
 AMRCLAW: level  1  CFL = .451E+00  dt = 0.4641E+00  final t = 0.618541E+02
 AMRCLAW: level  1  CFL = .449E+00  dt = 0.4632E+00  final t = 0.623173E+02
 AMRCLAW: level  1  CFL = .449E+00  dt = 0.4641E+00  final t = 0.627814E+02
 AMRCLAW: level  1  CFL = .450E+00  dt = 0.4647E+00  final t = 0.632460E+02
 AMRCLAW: level  1  CFL = .450E+00  dt = 0.4651E+00  final t = 0.637111E+02
 AMRCLAW: level  1  CFL = .451E+00  dt = 0.4655E+00  final t = 0.641766E+02
 AMRCLAW: level  1  CFL = .449E+00  dt = 0.4644E+00  final t = 0.646410E+02
 AMRCLAW: level  1  CFL = .449E+00  dt = 0.4653E+00  final t = 0.651063E+02
 AMRCLAW: level  1  CFL = .449E+00  dt = 0.4660E+00  final t = 0.655724E+02
 AMRCLAW: level  1  CFL = .450E+00  dt = 0.4666E+00  final t = 0.660389E+02
 AMRCLAW: level  1  CFL = .450E+00  dt = 0.4670E+00  final t = 0.665059E+02
 AMRCLAW: level  1  CFL = .450E+00  dt = 0.4675E+00  final t = 0.669734E+02
 AMRCLAW: level  1  CFL = .450E+00  dt = 0.4679E+00  final t = 0.674413E+02
 AMRCLAW: level  1  CFL = .450E+00  dt = 0.4683E+00  final t = 0.679096E+02
 AMRCLAW: level  1  CFL = .450E+00  dt = 0.4687E+00  final t = 0.683783E+02
 AMRCLAW: level  1  CFL = .450E+00  dt = 0.4692E+00  final t = 0.688475E+02
 AMRCLAW: level  1  CFL = .450E+00  dt = 0.4696E+00  final t = 0.693171E+02
 AMRCLAW: level  1  CFL = .450E+00  dt = 0.4701E+00  final t = 0.697872E+02
 AMRCLAW: level  1  CFL = .450E+00  dt = 0.4705E+00  final t = 0.702577E+02
 AMRCLAW: level  1  CFL = .450E+00  dt = 0.4710E+00  final t = 0.707287E+02
 AMRCLAW: level  1  CFL = .450E+00  dt = 0.4715E+00  final t = 0.712002E+02
 AMRCLAW: level  1  CFL = .450E+00  dt = 0.4720E+00  final t = 0.716722E+02
 AMRCLAW: level  1  CFL = .450E+00  dt = 0.4725E+00  final t = 0.721447E+02
 AMRCLAW: level  1  CFL = .449E+00  dt = 0.4730E+00  final t = 0.726177E+02
 AMRCLAW: level  1  CFL = .449E+00  dt = 0.4736E+00  final t = 0.730912E+02
 AMRCLAW: level  1  CFL = .449E+00  dt = 0.4741E+00  final t = 0.735654E+02
 AMRCLAW: level  1  CFL = .449E+00  dt = 0.4747E+00  final t = 0.740400E+02
 AMRCLAW: level  1  CFL = .449E+00  dt = 0.4753E+00  final t = 0.745153E+02
 AMRCLAW: level  1  CFL = .449E+00  dt = 0.4758E+00  final t = 0.749911E+02
 AMRCLAW: level  1  CFL = .450E+00  dt = 0.4764E+00  final t = 0.754676E+02
 AMRCLAW: level  1  CFL = .450E+00  dt = 0.4767E+00  final t = 0.759442E+02
 AMRCLAW: level  1  CFL = .449E+00  dt = 0.4772E+00  final t = 0.764214E+02
 AMRCLAW: level  1  CFL = .450E+00  dt = 0.4781E+00  final t = 0.768995E+02
 AMRCLAW: level  1  CFL = .449E+00  dt = 0.4786E+00  final t = 0.773781E+02
 AMRCLAW: level  1  CFL = .449E+00  dt = 0.4792E+00  final t = 0.778573E+02
 AMRCLAW: level  1  CFL = .449E+00  dt = 0.4798E+00  final t = 0.783371E+02
 AMRCLAW: level  1  CFL = .449E+00  dt = 0.4805E+00  final t = 0.788176E+02
 AMRCLAW: level  1  CFL = .449E+00  dt = 0.4813E+00  final t = 0.792989E+02
 AMRCLAW: level  1  CFL = .449E+00  dt = 0.4820E+00  final t = 0.797809E+02
 AMRCLAW: level  1  CFL = .449E+00  dt = 0.4828E+00  final t = 0.802637E+02
 AMRCLAW: level  1  CFL = .449E+00  dt = 0.4836E+00  final t = 0.807474E+02
 AMRCLAW: level  1  CFL = .449E+00  dt = 0.4844E+00  final t = 0.812318E+02
 AMRCLAW: level  1  CFL = .449E+00  dt = 0.4853E+00  final t = 0.817171E+02
 AMRCLAW: level  1  CFL = .449E+00  dt = 0.4862E+00  final t = 0.822033E+02
 AMRCLAW: level  1  CFL = .449E+00  dt = 0.4871E+00  final t = 0.826904E+02
 AMRCLAW: level  1  CFL = .452E+00  dt = 0.4880E+00  final t = 0.831784E+02
 AMRCLAW: level  1  CFL = .452E+00  dt = 0.4860E+00  final t = 0.836644E+02
 AMRCLAW: level  1  CFL = .451E+00  dt = 0.4839E+00  final t = 0.841483E+02
 AMRCLAW: level  1  CFL = .451E+00  dt = 0.4825E+00  final t = 0.846308E+02
 AMRCLAW: level  1  CFL = .451E+00  dt = 0.4812E+00  final t = 0.851120E+02
 AMRCLAW: level  1  CFL = .451E+00  dt = 0.4800E+00  final t = 0.855919E+02
 AMRCLAW: level  1  CFL = .451E+00  dt = 0.4787E+00  final t = 0.860706E+02
 AMRCLAW: level  1  CFL = .451E+00  dt = 0.4774E+00  final t = 0.865481E+02
 AMRCLAW: level  1  CFL = .451E+00  dt = 0.4761E+00  final t = 0.870242E+02
 AMRCLAW: level  1  CFL = .451E+00  dt = 0.4748E+00  final t = 0.874990E+02
 AMRCLAW: level  1  CFL = .451E+00  dt = 0.4735E+00  final t = 0.879725E+02
 AMRCLAW: level  1  CFL = .451E+00  dt = 0.4723E+00  final t = 0.884448E+02
 AMRCLAW: level  1  CFL = .451E+00  dt = 0.4711E+00  final t = 0.889159E+02
 AMRCLAW: level  1  CFL = .451E+00  dt = 0.4700E+00  final t = 0.893859E+02
 AMRCLAW: level  1  CFL = .451E+00  dt = 0.4690E+00  final t = 0.898548E+02
 AMRCLAW: level  1  CFL = .140E+00  dt = 0.1452E+00  final t = 0.900000E+02
GEOCLAW: Frame    3 output files done at time t =  0.900000D+02

 AMRCLAW: level  1  CFL = .450E+00  dt = 0.4673E+00  final t = 0.904673E+02
 AMRCLAW: level  1  CFL = .451E+00  dt = 0.4671E+00  final t = 0.909344E+02
 AMRCLAW: level  1  CFL = .450E+00  dt = 0.4664E+00  final t = 0.914008E+02
 AMRCLAW: level  1  CFL = .450E+00  dt = 0.4660E+00  final t = 0.918668E+02
 AMRCLAW: level  1  CFL = .450E+00  dt = 0.4657E+00  final t = 0.923325E+02
 AMRCLAW: level  1  CFL = .450E+00  dt = 0.4656E+00  final t = 0.927982E+02
 AMRCLAW: level  1  CFL = .450E+00  dt = 0.4657E+00  final t = 0.932639E+02
 AMRCLAW: level  1  CFL = .450E+00  dt = 0.4660E+00  final t = 0.937298E+02
 AMRCLAW: level  1  CFL = .450E+00  dt = 0.4663E+00  final t = 0.941961E+02
 AMRCLAW: level  1  CFL = .450E+00  dt = 0.4668E+00  final t = 0.946629E+02
 AMRCLAW: level  1  CFL = .450E+00  dt = 0.4673E+00  final t = 0.951302E+02
 AMRCLAW: level  1  CFL = .450E+00  dt = 0.4677E+00  final t = 0.955979E+02
 AMRCLAW: level  1  CFL = .449E+00  dt = 0.4682E+00  final t = 0.960660E+02
 AMRCLAW: level  1  CFL = .450E+00  dt = 0.4688E+00  final t = 0.965348E+02
 AMRCLAW: level  1  CFL = .450E+00  dt = 0.4691E+00  final t = 0.970039E+02
 AMRCLAW: level  1  CFL = .450E+00  dt = 0.4687E+00  final t = 0.974726E+02
 AMRCLAW: level  1  CFL = .451E+00  dt = 0.4683E+00  final t = 0.979409E+02
 AMRCLAW: level  1  CFL = .451E+00  dt = 0.4673E+00  final t = 0.984082E+02
 AMRCLAW: level  1  CFL = .451E+00  dt = 0.4667E+00  final t = 0.988748E+02
 AMRCLAW: level  1  CFL = .451E+00  dt = 0.4661E+00  final t = 0.993410E+02
 AMRCLAW: level  1  CFL = .450E+00  dt = 0.4656E+00  final t = 0.998065E+02
 AMRCLAW: level  1  CFL = .451E+00  dt = 0.4659E+00  final t = 0.100272E+03
 AMRCLAW: level  1  CFL = .451E+00  dt = 0.4649E+00  final t = 0.100737E+03
 AMRCLAW: level  1  CFL = .450E+00  dt = 0.4640E+00  final t = 0.101201E+03
 AMRCLAW: level  1  CFL = .451E+00  dt = 0.4642E+00  final t = 0.101666E+03
 AMRCLAW: level  1  CFL = .450E+00  dt = 0.4631E+00  final t = 0.102129E+03
 AMRCLAW: level  1  CFL = .450E+00  dt = 0.4631E+00  final t = 0.102592E+03
 AMRCLAW: level  1  CFL = .450E+00  dt = 0.4628E+00  final t = 0.103055E+03
 AMRCLAW: level  1  CFL = .450E+00  dt = 0.4624E+00  final t = 0.103517E+03
 AMRCLAW: level  1  CFL = .450E+00  dt = 0.4620E+00  final t = 0.103979E+03
 AMRCLAW: level  1  CFL = .450E+00  dt = 0.4616E+00  final t = 0.104441E+03
 AMRCLAW: level  1  CFL = .450E+00  dt = 0.4613E+00  final t = 0.104902E+03
 AMRCLAW: level  1  CFL = .450E+00  dt = 0.4610E+00  final t = 0.105363E+03
 AMRCLAW: level  1  CFL = .450E+00  dt = 0.4608E+00  final t = 0.105824E+03
 AMRCLAW: level  1  CFL = .450E+00  dt = 0.4606E+00  final t = 0.106284E+03
 AMRCLAW: level  1  CFL = .450E+00  dt = 0.4605E+00  final t = 0.106745E+03
 AMRCLAW: level  1  CFL = .450E+00  dt = 0.4604E+00  final t = 0.107205E+03
 AMRCLAW: level  1  CFL = .450E+00  dt = 0.4603E+00  final t = 0.107665E+03
 AMRCLAW: level  1  CFL = .450E+00  dt = 0.4603E+00  final t = 0.108126E+03
 AMRCLAW: level  1  CFL = .450E+00  dt = 0.4603E+00  final t = 0.108586E+03
 AMRCLAW: level  1  CFL = .450E+00  dt = 0.4603E+00  final t = 0.109046E+03
 AMRCLAW: level  1  CFL = .450E+00  dt = 0.4603E+00  final t = 0.109506E+03
 AMRCLAW: level  1  CFL = .450E+00  dt = 0.4604E+00  final t = 0.109967E+03
 AMRCLAW: level  1  CFL = .450E+00  dt = 0.4607E+00  final t = 0.110428E+03
 AMRCLAW: level  1  CFL = .450E+00  dt = 0.4610E+00  final t = 0.110889E+03
 AMRCLAW: level  1  CFL = .450E+00  dt = 0.4614E+00  final t = 0.111350E+03
 AMRCLAW: level  1  CFL = .450E+00  dt = 0.4619E+00  final t = 0.111812E+03
 AMRCLAW: level  1  CFL = .450E+00  dt = 0.4624E+00  final t = 0.112274E+03
 AMRCLAW: level  1  CFL = .450E+00  dt = 0.4628E+00  final t = 0.112737E+03
 AMRCLAW: level  1  CFL = .449E+00  dt = 0.4631E+00  final t = 0.113200E+03
 AMRCLAW: level  1  CFL = .449E+00  dt = 0.4637E+00  final t = 0.113664E+03
 AMRCLAW: level  1  CFL = .449E+00  dt = 0.4644E+00  final t = 0.114128E+03
 AMRCLAW: level  1  CFL = .449E+00  dt = 0.4651E+00  final t = 0.114593E+03
 AMRCLAW: level  1  CFL = .449E+00  dt = 0.4658E+00  final t = 0.115059E+03
 AMRCLAW: level  1  CFL = .449E+00  dt = 0.4665E+00  final t = 0.115526E+03
 AMRCLAW: level  1  CFL = .449E+00  dt = 0.4671E+00  final t = 0.115993E+03
 AMRCLAW: level  1  CFL = .449E+00  dt = 0.4679E+00  final t = 0.116460E+03
 AMRCLAW: level  1  CFL = .449E+00  dt = 0.4688E+00  final t = 0.116929E+03
 AMRCLAW: level  1  CFL = .449E+00  dt = 0.4696E+00  final t = 0.117399E+03
 AMRCLAW: level  1  CFL = .449E+00  dt = 0.4704E+00  final t = 0.117869E+03
 AMRCLAW: level  1  CFL = .449E+00  dt = 0.4714E+00  final t = 0.118341E+03
 AMRCLAW: level  1  CFL = .449E+00  dt = 0.4725E+00  final t = 0.118813E+03
 AMRCLAW: level  1  CFL = .450E+00  dt = 0.4732E+00  final t = 0.119286E+03
 AMRCLAW: level  1  CFL = .450E+00  dt = 0.4737E+00  final t = 0.119760E+03
 AMRCLAW: level  1  CFL = .227E+00  dt = 0.2399E+00  final t = 0.120000E+03
GEOCLAW: Frame    4 output files done at time t =  0.120000D+03

 AMRCLAW: level  1  CFL = .450E+00  dt = 0.4746E+00  final t = 0.120475E+03
 AMRCLAW: level  1  CFL = .451E+00  dt = 0.4747E+00  final t = 0.120949E+03
 AMRCLAW: level  1  CFL = .451E+00  dt = 0.4740E+00  final t = 0.121423E+03
 AMRCLAW: level  1  CFL = .451E+00  dt = 0.4732E+00  final t = 0.121897E+03
 AMRCLAW: level  1  CFL = .450E+00  dt = 0.4725E+00  final t = 0.122369E+03
 AMRCLAW: level  1  CFL = .450E+00  dt = 0.4727E+00  final t = 0.122842E+03
 AMRCLAW: level  1  CFL = .450E+00  dt = 0.4725E+00  final t = 0.123314E+03
 AMRCLAW: level  1  CFL = .450E+00  dt = 0.4728E+00  final t = 0.123787E+03
 AMRCLAW: level  1  CFL = .450E+00  dt = 0.4734E+00  final t = 0.124261E+03
 AMRCLAW: level  1  CFL = .449E+00  dt = 0.4729E+00  final t = 0.124733E+03
 AMRCLAW: level  1  CFL = .450E+00  dt = 0.4738E+00  final t = 0.125207E+03
 AMRCLAW: level  1  CFL = .449E+00  dt = 0.4737E+00  final t = 0.125681E+03
 AMRCLAW: level  1  CFL = .451E+00  dt = 0.4748E+00  final t = 0.126156E+03
 AMRCLAW: level  1  CFL = .455E+00  dt = 0.4734E+00  final t = 0.126629E+03
 AMRCLAW: level  1  CFL = .457E+00  dt = 0.4678E+00  final t = 0.127097E+03
 AMRCLAW: level  1  CFL = .455E+00  dt = 0.4610E+00  final t = 0.127558E+03
 AMRCLAW: level  1  CFL = .454E+00  dt = 0.4554E+00  final t = 0.128013E+03
 AMRCLAW: level  1  CFL = .450E+00  dt = 0.4513E+00  final t = 0.128465E+03
 AMRCLAW: level  1  CFL = .450E+00  dt = 0.4510E+00  final t = 0.128916E+03
 AMRCLAW: level  1  CFL = .449E+00  dt = 0.4508E+00  final t = 0.129367E+03
 AMRCLAW: level  1  CFL = .449E+00  dt = 0.4514E+00  final t = 0.129818E+03
 AMRCLAW: level  1  CFL = .449E+00  dt = 0.4522E+00  final t = 0.130270E+03
 AMRCLAW: level  1  CFL = .450E+00  dt = 0.4531E+00  final t = 0.130723E+03
 AMRCLAW: level  1  CFL = .450E+00  dt = 0.4536E+00  final t = 0.131177E+03
 AMRCLAW: level  1  CFL = .453E+00  dt = 0.4533E+00  final t = 0.131630E+03
 AMRCLAW: level  1  CFL = .454E+00  dt = 0.4499E+00  final t = 0.132080E+03
 AMRCLAW: level  1  CFL = .454E+00  dt = 0.4457E+00  final t = 0.132526E+03
 AMRCLAW: level  1  CFL = .453E+00  dt = 0.4420E+00  final t = 0.132968E+03
 AMRCLAW: level  1  CFL = .453E+00  dt = 0.4388E+00  final t = 0.133406E+03
 AMRCLAW: level  1  CFL = .452E+00  dt = 0.4359E+00  final t = 0.133842E+03
 AMRCLAW: level  1  CFL = .451E+00  dt = 0.4341E+00  final t = 0.134276E+03
 AMRCLAW: level  1  CFL = .451E+00  dt = 0.4334E+00  final t = 0.134710E+03
 AMRCLAW: level  1  CFL = .450E+00  dt = 0.4329E+00  final t = 0.135143E+03
 AMRCLAW: level  1  CFL = .450E+00  dt = 0.4326E+00  final t = 0.135575E+03
 AMRCLAW: level  1  CFL = .450E+00  dt = 0.4325E+00  final t = 0.136008E+03
 AMRCLAW: level  1  CFL = .450E+00  dt = 0.4324E+00  final t = 0.136440E+03
 AMRCLAW: level  1  CFL = .450E+00  dt = 0.4324E+00  final t = 0.136873E+03
 AMRCLAW: level  1  CFL = .450E+00  dt = 0.4325E+00  final t = 0.137305E+03
 AMRCLAW: level  1  CFL = .450E+00  dt = 0.4325E+00  final t = 0.137738E+03
 AMRCLAW: level  1  CFL = .450E+00  dt = 0.4326E+00  final t = 0.138170E+03
 AMRCLAW: level  1  CFL = .450E+00  dt = 0.4325E+00  final t = 0.138603E+03
 AMRCLAW: level  1  CFL = .450E+00  dt = 0.4322E+00  final t = 0.139035E+03
 AMRCLAW: level  1  CFL = .450E+00  dt = 0.4319E+00  final t = 0.139467E+03
 AMRCLAW: level  1  CFL = .450E+00  dt = 0.4317E+00  final t = 0.139899E+03
 AMRCLAW: level  1  CFL = .450E+00  dt = 0.4315E+00  final t = 0.140330E+03
 AMRCLAW: level  1  CFL = .450E+00  dt = 0.4313E+00  final t = 0.140761E+03
 AMRCLAW: level  1  CFL = .450E+00  dt = 0.4311E+00  final t = 0.141193E+03
 AMRCLAW: level  1  CFL = .450E+00  dt = 0.4310E+00  final t = 0.141624E+03
 AMRCLAW: level  1  CFL = .450E+00  dt = 0.4308E+00  final t = 0.142054E+03
 AMRCLAW: level  1  CFL = .450E+00  dt = 0.4307E+00  final t = 0.142485E+03
 AMRCLAW: level  1  CFL = .450E+00  dt = 0.4306E+00  final t = 0.142916E+03
 AMRCLAW: level  1  CFL = .450E+00  dt = 0.4305E+00  final t = 0.143346E+03
 AMRCLAW: level  1  CFL = .450E+00  dt = 0.4304E+00  final t = 0.143776E+03
 AMRCLAW: level  1  CFL = .450E+00  dt = 0.4303E+00  final t = 0.144207E+03
 AMRCLAW: level  1  CFL = .450E+00  dt = 0.4302E+00  final t = 0.144637E+03
 AMRCLAW: level  1  CFL = .450E+00  dt = 0.4301E+00  final t = 0.145067E+03
 AMRCLAW: level  1  CFL = .450E+00  dt = 0.4301E+00  final t = 0.145497E+03
 AMRCLAW: level  1  CFL = .450E+00  dt = 0.4300E+00  final t = 0.145927E+03
 AMRCLAW: level  1  CFL = .450E+00  dt = 0.4301E+00  final t = 0.146357E+03
 AMRCLAW: level  1  CFL = .450E+00  dt = 0.4301E+00  final t = 0.146787E+03
 AMRCLAW: level  1  CFL = .450E+00  dt = 0.4302E+00  final t = 0.147218E+03
 AMRCLAW: level  1  CFL = .450E+00  dt = 0.4303E+00  final t = 0.147648E+03
 AMRCLAW: level  1  CFL = .450E+00  dt = 0.4303E+00  final t = 0.148078E+03
 AMRCLAW: level  1  CFL = .450E+00  dt = 0.4304E+00  final t = 0.148509E+03
 AMRCLAW: level  1  CFL = .450E+00  dt = 0.4305E+00  final t = 0.148939E+03
 AMRCLAW: level  1  CFL = .450E+00  dt = 0.4306E+00  final t = 0.149370E+03
 AMRCLAW: level  1  CFL = .450E+00  dt = 0.4307E+00  final t = 0.149800E+03
 AMRCLAW: level  1  CFL = .208E+00  dt = 0.1996E+00  final t = 0.150000E+03
GEOCLAW: Frame    5 output files done at time t =  0.150000D+03

 AMRCLAW: level  1  CFL = .450E+00  dt = 0.4309E+00  final t = 0.150431E+03
 AMRCLAW: level  1  CFL = .450E+00  dt = 0.4310E+00  final t = 0.150862E+03
 AMRCLAW: level  1  CFL = .450E+00  dt = 0.4311E+00  final t = 0.151293E+03
 AMRCLAW: level  1  CFL = .450E+00  dt = 0.4313E+00  final t = 0.151724E+03
 AMRCLAW: level  1  CFL = .450E+00  dt = 0.4314E+00  final t = 0.152156E+03
 AMRCLAW: level  1  CFL = .450E+00  dt = 0.4316E+00  final t = 0.152587E+03
 AMRCLAW: level  1  CFL = .450E+00  dt = 0.4317E+00  final t = 0.153019E+03
 AMRCLAW: level  1  CFL = .450E+00  dt = 0.4319E+00  final t = 0.153451E+03
 AMRCLAW: level  1  CFL = .450E+00  dt = 0.4321E+00  final t = 0.153883E+03
 AMRCLAW: level  1  CFL = .450E+00  dt = 0.4323E+00  final t = 0.154315E+03
 AMRCLAW: level  1  CFL = .450E+00  dt = 0.4325E+00  final t = 0.154748E+03
 AMRCLAW: level  1  CFL = .450E+00  dt = 0.4327E+00  final t = 0.155180E+03
 AMRCLAW: level  1  CFL = .450E+00  dt = 0.4329E+00  final t = 0.155613E+03
 AMRCLAW: level  1  CFL = .450E+00  dt = 0.4331E+00  final t = 0.156046E+03
 AMRCLAW: level  1  CFL = .450E+00  dt = 0.4333E+00  final t = 0.156479E+03
 AMRCLAW: level  1  CFL = .450E+00  dt = 0.4335E+00  final t = 0.156913E+03
 AMRCLAW: level  1  CFL = .450E+00  dt = 0.4337E+00  final t = 0.157347E+03
 AMRCLAW: level  1  CFL = .450E+00  dt = 0.4340E+00  final t = 0.157781E+03
 AMRCLAW: level  1  CFL = .450E+00  dt = 0.4342E+00  final t = 0.158215E+03
 AMRCLAW: level  1  CFL = .450E+00  dt = 0.4343E+00  final t = 0.158649E+03
 AMRCLAW: level  1  CFL = .450E+00  dt = 0.4345E+00  final t = 0.159084E+03
 AMRCLAW: level  1  CFL = .450E+00  dt = 0.4346E+00  final t = 0.159518E+03
 AMRCLAW: level  1  CFL = .450E+00  dt = 0.4348E+00  final t = 0.159953E+03
 AMRCLAW: level  1  CFL = .450E+00  dt = 0.4351E+00  final t = 0.160388E+03
 AMRCLAW: level  1  CFL = .450E+00  dt = 0.4352E+00  final t = 0.160823E+03
 AMRCLAW: level  1  CFL = .450E+00  dt = 0.4354E+00  final t = 0.161259E+03
 AMRCLAW: level  1  CFL = .450E+00  dt = 0.4355E+00  final t = 0.161694E+03
 AMRCLAW: level  1  CFL = .450E+00  dt = 0.4356E+00  final t = 0.162130E+03
 AMRCLAW: level  1  CFL = .450E+00  dt = 0.4357E+00  final t = 0.162565E+03
 AMRCLAW: level  1  CFL = .450E+00  dt = 0.4360E+00  final t = 0.163001E+03
 AMRCLAW: level  1  CFL = .450E+00  dt = 0.4361E+00  final t = 0.163438E+03
 AMRCLAW: level  1  CFL = .450E+00  dt = 0.4362E+00  final t = 0.163874E+03
 AMRCLAW: level  1  CFL = .450E+00  dt = 0.4363E+00  final t = 0.164310E+03
 AMRCLAW: level  1  CFL = .450E+00  dt = 0.4364E+00  final t = 0.164746E+03
 AMRCLAW: level  1  CFL = .450E+00  dt = 0.4365E+00  final t = 0.165183E+03
 AMRCLAW: level  1  CFL = .450E+00  dt = 0.4367E+00  final t = 0.165620E+03
 AMRCLAW: level  1  CFL = .450E+00  dt = 0.4370E+00  final t = 0.166057E+03
 AMRCLAW: level  1  CFL = .449E+00  dt = 0.4374E+00  final t = 0.166494E+03
 AMRCLAW: level  1  CFL = .449E+00  dt = 0.4379E+00  final t = 0.166932E+03
 AMRCLAW: level  1  CFL = .449E+00  dt = 0.4386E+00  final t = 0.167370E+03
 AMRCLAW: level  1  CFL = .449E+00  dt = 0.4393E+00  final t = 0.167810E+03
 AMRCLAW: level  1  CFL = .449E+00  dt = 0.4401E+00  final t = 0.168250E+03
 AMRCLAW: level  1  CFL = .449E+00  dt = 0.4408E+00  final t = 0.168691E+03
 AMRCLAW: level  1  CFL = .449E+00  dt = 0.4416E+00  final t = 0.169132E+03
 AMRCLAW: level  1  CFL = .449E+00  dt = 0.4425E+00  final t = 0.169575E+03
 AMRCLAW: level  1  CFL = .448E+00  dt = 0.4433E+00  final t = 0.170018E+03
 AMRCLAW: level  1  CFL = .449E+00  dt = 0.4448E+00  final t = 0.170463E+03
 AMRCLAW: level  1  CFL = .449E+00  dt = 0.4462E+00  final t = 0.170909E+03
 AMRCLAW: level  1  CFL = .449E+00  dt = 0.4469E+00  final t = 0.171356E+03
 AMRCLAW: level  1  CFL = .449E+00  dt = 0.4476E+00  final t = 0.171804E+03
 AMRCLAW: level  1  CFL = .449E+00  dt = 0.4482E+00  final t = 0.172252E+03
 AMRCLAW: level  1  CFL = .450E+00  dt = 0.4488E+00  final t = 0.172701E+03
 AMRCLAW: level  1  CFL = .450E+00  dt = 0.4492E+00  final t = 0.173150E+03
 AMRCLAW: level  1  CFL = .450E+00  dt = 0.4497E+00  final t = 0.173600E+03
 AMRCLAW: level  1  CFL = .449E+00  dt = 0.4501E+00  final t = 0.174050E+03
 AMRCLAW: level  1  CFL = .449E+00  dt = 0.4511E+00  final t = 0.174501E+03
 AMRCLAW: level  1  CFL = .450E+00  dt = 0.4520E+00  final t = 0.174953E+03
 AMRCLAW: level  1  CFL = .450E+00  dt = 0.4521E+00  final t = 0.175405E+03
 AMRCLAW: level  1  CFL = .450E+00  dt = 0.4521E+00  final t = 0.175857E+03
 AMRCLAW: level  1  CFL = .450E+00  dt = 0.4521E+00  final t = 0.176309E+03
 AMRCLAW: level  1  CFL = .450E+00  dt = 0.4521E+00  final t = 0.176761E+03
 AMRCLAW: level  1  CFL = .450E+00  dt = 0.4520E+00  final t = 0.177213E+03
 AMRCLAW: level  1  CFL = .450E+00  dt = 0.4520E+00  final t = 0.177665E+03
 AMRCLAW: level  1  CFL = .450E+00  dt = 0.4520E+00  final t = 0.178117E+03
 AMRCLAW: level  1  CFL = .450E+00  dt = 0.4520E+00  final t = 0.178569E+03
 AMRCLAW: level  1  CFL = .450E+00  dt = 0.4521E+00  final t = 0.179021E+03
 AMRCLAW: level  1  CFL = .451E+00  dt = 0.4520E+00  final t = 0.179473E+03
 AMRCLAW: level  1  CFL = .450E+00  dt = 0.4514E+00  final t = 0.179925E+03
 AMRCLAW: level  1  CFL = .748E-01  dt = 0.7522E-01  final t = 0.180000E+03
GEOCLAW: Frame    6 output files done at time t =  0.180000D+03

 AMRCLAW: level  1  CFL = .450E+00  dt = 0.4524E+00  final t = 0.180452E+03
 AMRCLAW: level  1  CFL = .450E+00  dt = 0.4524E+00  final t = 0.180905E+03
 AMRCLAW: level  1  CFL = .450E+00  dt = 0.4525E+00  final t = 0.181357E+03
 AMRCLAW: level  1  CFL = .450E+00  dt = 0.4526E+00  final t = 0.181810E+03
 AMRCLAW: level  1  CFL = .450E+00  dt = 0.4528E+00  final t = 0.182263E+03
 AMRCLAW: level  1  CFL = .450E+00  dt = 0.4530E+00  final t = 0.182716E+03
 AMRCLAW: level  1  CFL = .449E+00  dt = 0.4534E+00  final t = 0.183169E+03
 AMRCLAW: level  1  CFL = .449E+00  dt = 0.4539E+00  final t = 0.183623E+03
 AMRCLAW: level  1  CFL = .449E+00  dt = 0.4546E+00  final t = 0.184078E+03
 AMRCLAW: level  1  CFL = .449E+00  dt = 0.4555E+00  final t = 0.184533E+03
 AMRCLAW: level  1  CFL = .449E+00  dt = 0.4564E+00  final t = 0.184990E+03
 AMRCLAW: level  1  CFL = .449E+00  dt = 0.4576E+00  final t = 0.185447E+03
 AMRCLAW: level  1  CFL = .448E+00  dt = 0.4591E+00  final t = 0.185906E+03
 AMRCLAW: level  1  CFL = .448E+00  dt = 0.4608E+00  final t = 0.186367E+03
 AMRCLAW: level  1  CFL = .449E+00  dt = 0.4627E+00  final t = 0.186830E+03
 AMRCLAW: level  1  CFL = .449E+00  dt = 0.4638E+00  final t = 0.187294E+03
 AMRCLAW: level  1  CFL = .449E+00  dt = 0.4644E+00  final t = 0.187758E+03
 AMRCLAW: level  1  CFL = .449E+00  dt = 0.4650E+00  final t = 0.188223E+03
 AMRCLAW: level  1  CFL = .449E+00  dt = 0.4656E+00  final t = 0.188689E+03
 AMRCLAW: level  1  CFL = .449E+00  dt = 0.4661E+00  final t = 0.189155E+03
 AMRCLAW: level  1  CFL = .449E+00  dt = 0.4667E+00  final t = 0.189621E+03
 AMRCLAW: level  1  CFL = .449E+00  dt = 0.4673E+00  final t = 0.190089E+03
 AMRCLAW: level  1  CFL = .449E+00  dt = 0.4680E+00  final t = 0.190557E+03
 AMRCLAW: level  1  CFL = .449E+00  dt = 0.4687E+00  final t = 0.191025E+03
 AMRCLAW: level  1  CFL = .450E+00  dt = 0.4694E+00  final t = 0.191495E+03
 AMRCLAW: level  1  CFL = .451E+00  dt = 0.4693E+00  final t = 0.191964E+03
 AMRCLAW: level  1  CFL = .451E+00  dt = 0.4678E+00  final t = 0.192432E+03
 AMRCLAW: level  1  CFL = .451E+00  dt = 0.4665E+00  final t = 0.192898E+03
 AMRCLAW: level  1  CFL = .450E+00  dt = 0.4656E+00  final t = 0.193364E+03
 AMRCLAW: level  1  CFL = .450E+00  dt = 0.4651E+00  final t = 0.193829E+03
 AMRCLAW: level  1  CFL = .450E+00  dt = 0.4649E+00  final t = 0.194294E+03
 AMRCLAW: level  1  CFL = .451E+00  dt = 0.4651E+00  final t = 0.194759E+03
 AMRCLAW: level  1  CFL = .451E+00  dt = 0.4643E+00  final t = 0.195223E+03
 AMRCLAW: level  1  CFL = .451E+00  dt = 0.4631E+00  final t = 0.195686E+03
 AMRCLAW: level  1  CFL = .451E+00  dt = 0.4621E+00  final t = 0.196149E+03
 AMRCLAW: level  1  CFL = .451E+00  dt = 0.4613E+00  final t = 0.196610E+03
 AMRCLAW: level  1  CFL = .451E+00  dt = 0.4606E+00  final t = 0.197070E+03
 AMRCLAW: level  1  CFL = .451E+00  dt = 0.4601E+00  final t = 0.197530E+03
 AMRCLAW: level  1  CFL = .451E+00  dt = 0.4593E+00  final t = 0.197990E+03
 AMRCLAW: level  1  CFL = .450E+00  dt = 0.4588E+00  final t = 0.198449E+03
 AMRCLAW: level  1  CFL = .452E+00  dt = 0.4584E+00  final t = 0.198907E+03
 AMRCLAW: level  1  CFL = .452E+00  dt = 0.4562E+00  final t = 0.199363E+03
 AMRCLAW: level  1  CFL = .452E+00  dt = 0.4542E+00  final t = 0.199817E+03
 AMRCLAW: level  1  CFL = .452E+00  dt = 0.4524E+00  final t = 0.200270E+03
 AMRCLAW: level  1  CFL = .451E+00  dt = 0.4507E+00  final t = 0.200720E+03
 AMRCLAW: level  1  CFL = .451E+00  dt = 0.4492E+00  final t = 0.201170E+03
 AMRCLAW: level  1  CFL = .451E+00  dt = 0.4479E+00  final t = 0.201618E+03
 AMRCLAW: level  1  CFL = .451E+00  dt = 0.4467E+00  final t = 0.202064E+03
 AMRCLAW: level  1  CFL = .451E+00  dt = 0.4456E+00  final t = 0.202510E+03
 AMRCLAW: level  1  CFL = .451E+00  dt = 0.4446E+00  final t = 0.202954E+03
 AMRCLAW: level  1  CFL = .451E+00  dt = 0.4438E+00  final t = 0.203398E+03
 AMRCLAW: level  1  CFL = .451E+00  dt = 0.4431E+00  final t = 0.203841E+03
 AMRCLAW: level  1  CFL = .451E+00  dt = 0.4425E+00  final t = 0.204284E+03
 AMRCLAW: level  1  CFL = .450E+00  dt = 0.4420E+00  final t = 0.204726E+03
 AMRCLAW: level  1  CFL = .450E+00  dt = 0.4416E+00  final t = 0.205168E+03
 AMRCLAW: level  1  CFL = .450E+00  dt = 0.4413E+00  final t = 0.205609E+03
 AMRCLAW: level  1  CFL = .450E+00  dt = 0.4411E+00  final t = 0.206050E+03
 AMRCLAW: level  1  CFL = .450E+00  dt = 0.4410E+00  final t = 0.206491E+03
 AMRCLAW: level  1  CFL = .450E+00  dt = 0.4409E+00  final t = 0.206932E+03
 AMRCLAW: level  1  CFL = .450E+00  dt = 0.4408E+00  final t = 0.207373E+03
 AMRCLAW: level  1  CFL = .450E+00  dt = 0.4408E+00  final t = 0.207814E+03
 AMRCLAW: level  1  CFL = .450E+00  dt = 0.4408E+00  final t = 0.208255E+03
 AMRCLAW: level  1  CFL = .450E+00  dt = 0.4409E+00  final t = 0.208695E+03
 AMRCLAW: level  1  CFL = .450E+00  dt = 0.4409E+00  final t = 0.209136E+03
 AMRCLAW: level  1  CFL = .450E+00  dt = 0.4410E+00  final t = 0.209577E+03
 AMRCLAW: level  1  CFL = .431E+00  dt = 0.4227E+00  final t = 0.210000E+03
GEOCLAW: Frame    7 output files done at time t =  0.210000D+03

 AMRCLAW: level  1  CFL = .450E+00  dt = 0.4411E+00  final t = 0.210441E+03
 AMRCLAW: level  1  CFL = .450E+00  dt = 0.4412E+00  final t = 0.210882E+03
 AMRCLAW: level  1  CFL = .450E+00  dt = 0.4412E+00  final t = 0.211323E+03
 AMRCLAW: level  1  CFL = .450E+00  dt = 0.4413E+00  final t = 0.211765E+03
 AMRCLAW: level  1  CFL = .450E+00  dt = 0.4414E+00  final t = 0.212206E+03
 AMRCLAW: level  1  CFL = .450E+00  dt = 0.4415E+00  final t = 0.212648E+03
 AMRCLAW: level  1  CFL = .450E+00  dt = 0.4416E+00  final t = 0.213089E+03
 AMRCLAW: level  1  CFL = .450E+00  dt = 0.4418E+00  final t = 0.213531E+03
 AMRCLAW: level  1  CFL = .450E+00  dt = 0.4419E+00  final t = 0.213973E+03
 AMRCLAW: level  1  CFL = .450E+00  dt = 0.4421E+00  final t = 0.214415E+03
 AMRCLAW: level  1  CFL = .450E+00  dt = 0.4423E+00  final t = 0.214858E+03
 AMRCLAW: level  1  CFL = .450E+00  dt = 0.4425E+00  final t = 0.215300E+03
 AMRCLAW: level  1  CFL = .450E+00  dt = 0.4428E+00  final t = 0.215743E+03
 AMRCLAW: level  1  CFL = .450E+00  dt = 0.4431E+00  final t = 0.216186E+03
 AMRCLAW: level  1  CFL = .450E+00  dt = 0.4434E+00  final t = 0.216629E+03
 AMRCLAW: level  1  CFL = .450E+00  dt = 0.4437E+00  final t = 0.217073E+03
 AMRCLAW: level  1  CFL = .450E+00  dt = 0.4440E+00  final t = 0.217517E+03
 AMRCLAW: level  1  CFL = .450E+00  dt = 0.4444E+00  final t = 0.217961E+03
 AMRCLAW: level  1  CFL = .450E+00  dt = 0.4448E+00  final t = 0.218406E+03
 AMRCLAW: level  1  CFL = .450E+00  dt = 0.4452E+00  final t = 0.218851E+03
 AMRCLAW: level  1  CFL = .450E+00  dt = 0.4457E+00  final t = 0.219297E+03
 AMRCLAW: level  1  CFL = .452E+00  dt = 0.4457E+00  final t = 0.219743E+03
 AMRCLAW: level  1  CFL = .451E+00  dt = 0.4438E+00  final t = 0.220187E+03
 AMRCLAW: level  1  CFL = .451E+00  dt = 0.4425E+00  final t = 0.220629E+03
 AMRCLAW: level  1  CFL = .450E+00  dt = 0.4416E+00  final t = 0.221071E+03
 AMRCLAW: level  1  CFL = .450E+00  dt = 0.4412E+00  final t = 0.221512E+03
 AMRCLAW: level  1  CFL = .450E+00  dt = 0.4411E+00  final t = 0.221953E+03
 AMRCLAW: level  1  CFL = .450E+00  dt = 0.4413E+00  final t = 0.222394E+03
 AMRCLAW: level  1  CFL = .450E+00  dt = 0.4414E+00  final t = 0.222836E+03
 AMRCLAW: level  1  CFL = .450E+00  dt = 0.4416E+00  final t = 0.223277E+03
 AMRCLAW: level  1  CFL = .450E+00  dt = 0.4416E+00  final t = 0.223719E+03
 AMRCLAW: level  1  CFL = .450E+00  dt = 0.4420E+00  final t = 0.224161E+03
 AMRCLAW: level  1  CFL = .450E+00  dt = 0.4423E+00  final t = 0.224603E+03
 AMRCLAW: level  1  CFL = .450E+00  dt = 0.4428E+00  final t = 0.225046E+03
 AMRCLAW: level  1  CFL = .450E+00  dt = 0.4433E+00  final t = 0.225489E+03
 AMRCLAW: level  1  CFL = .450E+00  dt = 0.4437E+00  final t = 0.225933E+03
 AMRCLAW: level  1  CFL = .450E+00  dt = 0.4441E+00  final t = 0.226377E+03
 AMRCLAW: level  1  CFL = .450E+00  dt = 0.4444E+00  final t = 0.226821E+03
 AMRCLAW: level  1  CFL = .450E+00  dt = 0.4446E+00  final t = 0.227266E+03
 AMRCLAW: level  1  CFL = .453E+00  dt = 0.4443E+00  final t = 0.227710E+03
 AMRCLAW: level  1  CFL = .452E+00  dt = 0.4417E+00  final t = 0.228152E+03
 AMRCLAW: level  1  CFL = .452E+00  dt = 0.4396E+00  final t = 0.228591E+03
 AMRCLAW: level  1  CFL = .452E+00  dt = 0.4378E+00  final t = 0.229029E+03
 AMRCLAW: level  1  CFL = .451E+00  dt = 0.4362E+00  final t = 0.229465E+03
 AMRCLAW: level  1  CFL = .451E+00  dt = 0.4348E+00  final t = 0.229900E+03
 AMRCLAW: level  1  CFL = .451E+00  dt = 0.4336E+00  final t = 0.230334E+03
 AMRCLAW: level  1  CFL = .451E+00  dt = 0.4325E+00  final t = 0.230766E+03
 AMRCLAW: level  1  CFL = .451E+00  dt = 0.4315E+00  final t = 0.231198E+03
 AMRCLAW: level  1  CFL = .451E+00  dt = 0.4305E+00  final t = 0.231628E+03
 AMRCLAW: level  1  CFL = .451E+00  dt = 0.4296E+00  final t = 0.232058E+03
 AMRCLAW: level  1  CFL = .451E+00  dt = 0.4288E+00  final t = 0.232487E+03
 AMRCLAW: level  1  CFL = .451E+00  dt = 0.4280E+00  final t = 0.232915E+03
 AMRCLAW: level  1  CFL = .451E+00  dt = 0.4273E+00  final t = 0.233342E+03
 AMRCLAW: level  1  CFL = .451E+00  dt = 0.4266E+00  final t = 0.233769E+03
 AMRCLAW: level  1  CFL = .450E+00  dt = 0.4260E+00  final t = 0.234195E+03
 AMRCLAW: level  1  CFL = .450E+00  dt = 0.4255E+00  final t = 0.234620E+03
 AMRCLAW: level  1  CFL = .450E+00  dt = 0.4252E+00  final t = 0.235045E+03
 AMRCLAW: level  1  CFL = .450E+00  dt = 0.4249E+00  final t = 0.235470E+03
 AMRCLAW: level  1  CFL = .450E+00  dt = 0.4247E+00  final t = 0.235895E+03
 AMRCLAW: level  1  CFL = .450E+00  dt = 0.4246E+00  final t = 0.236320E+03
 AMRCLAW: level  1  CFL = .450E+00  dt = 0.4244E+00  final t = 0.236744E+03
 AMRCLAW: level  1  CFL = .450E+00  dt = 0.4243E+00  final t = 0.237168E+03
 AMRCLAW: level  1  CFL = .450E+00  dt = 0.4242E+00  final t = 0.237593E+03
 AMRCLAW: level  1  CFL = .450E+00  dt = 0.4242E+00  final t = 0.238017E+03
 AMRCLAW: level  1  CFL = .450E+00  dt = 0.4241E+00  final t = 0.238441E+03
 AMRCLAW: level  1  CFL = .450E+00  dt = 0.4240E+00  final t = 0.238865E+03
 AMRCLAW: level  1  CFL = .450E+00  dt = 0.4240E+00  final t = 0.239289E+03
 AMRCLAW: level  1  CFL = .450E+00  dt = 0.4240E+00  final t = 0.239713E+03
 AMRCLAW: level  1  CFL = .305E+00  dt = 0.2872E+00  final t = 0.240000E+03
GEOCLAW: Frame    8 output files done at time t =  0.240000D+03

 AMRCLAW: level  1  CFL = .450E+00  dt = 0.4239E+00  final t = 0.240424E+03
 AMRCLAW: level  1  CFL = .450E+00  dt = 0.4239E+00  final t = 0.240848E+03
 AMRCLAW: level  1  CFL = .450E+00  dt = 0.4239E+00  final t = 0.241272E+03
 AMRCLAW: level  1  CFL = .450E+00  dt = 0.4239E+00  final t = 0.241696E+03
 AMRCLAW: level  1  CFL = .450E+00  dt = 0.4239E+00  final t = 0.242120E+03
 AMRCLAW: level  1  CFL = .450E+00  dt = 0.4239E+00  final t = 0.242543E+03
 AMRCLAW: level  1  CFL = .450E+00  dt = 0.4239E+00  final t = 0.242967E+03
 AMRCLAW: level  1  CFL = .450E+00  dt = 0.4240E+00  final t = 0.243391E+03
 AMRCLAW: level  1  CFL = .450E+00  dt = 0.4240E+00  final t = 0.243815E+03
 AMRCLAW: level  1  CFL = .450E+00  dt = 0.4240E+00  final t = 0.244239E+03
 AMRCLAW: level  1  CFL = .450E+00  dt = 0.4241E+00  final t = 0.244663E+03
 AMRCLAW: level  1  CFL = .450E+00  dt = 0.4241E+00  final t = 0.245088E+03
 AMRCLAW: level  1  CFL = .450E+00  dt = 0.4242E+00  final t = 0.245512E+03
 AMRCLAW: level  1  CFL = .450E+00  dt = 0.4242E+00  final t = 0.245936E+03
 AMRCLAW: level  1  CFL = .450E+00  dt = 0.4243E+00  final t = 0.246360E+03
 AMRCLAW: level  1  CFL = .450E+00  dt = 0.4244E+00  final t = 0.246785E+03
 AMRCLAW: level  1  CFL = .450E+00  dt = 0.4244E+00  final t = 0.247209E+03
 AMRCLAW: level  1  CFL = .450E+00  dt = 0.4245E+00  final t = 0.247634E+03
 AMRCLAW: level  1  CFL = .450E+00  dt = 0.4246E+00  final t = 0.248058E+03
 AMRCLAW: level  1  CFL = .450E+00  dt = 0.4248E+00  final t = 0.248483E+03
 AMRCLAW: level  1  CFL = .450E+00  dt = 0.4251E+00  final t = 0.248908E+03
 AMRCLAW: level  1  CFL = .450E+00  dt = 0.4254E+00  final t = 0.249334E+03
 AMRCLAW: level  1  CFL = .450E+00  dt = 0.4258E+00  final t = 0.249759E+03
 AMRCLAW: level  1  CFL = .450E+00  dt = 0.4261E+00  final t = 0.250185E+03
 AMRCLAW: level  1  CFL = .451E+00  dt = 0.4265E+00  final t = 0.250612E+03
 AMRCLAW: level  1  CFL = .452E+00  dt = 0.4260E+00  final t = 0.251038E+03
 AMRCLAW: level  1  CFL = .452E+00  dt = 0.4238E+00  final t = 0.251462E+03
 AMRCLAW: level  1  CFL = .452E+00  dt = 0.4220E+00  final t = 0.251884E+03
 AMRCLAW: level  1  CFL = .451E+00  dt = 0.4205E+00  final t = 0.252304E+03
 AMRCLAW: level  1  CFL = .451E+00  dt = 0.4193E+00  final t = 0.252724E+03
 AMRCLAW: level  1  CFL = .451E+00  dt = 0.4183E+00  final t = 0.253142E+03
 AMRCLAW: level  1  CFL = .451E+00  dt = 0.4174E+00  final t = 0.253559E+03
 AMRCLAW: level  1  CFL = .451E+00  dt = 0.4166E+00  final t = 0.253976E+03
 AMRCLAW: level  1  CFL = .451E+00  dt = 0.4158E+00  final t = 0.254392E+03
 AMRCLAW: level  1  CFL = .451E+00  dt = 0.4151E+00  final t = 0.254807E+03
 AMRCLAW: level  1  CFL = .451E+00  dt = 0.4145E+00  final t = 0.255221E+03
 AMRCLAW: level  1  CFL = .451E+00  dt = 0.4139E+00  final t = 0.255635E+03
 AMRCLAW: level  1  CFL = .451E+00  dt = 0.4134E+00  final t = 0.256049E+03
 AMRCLAW: level  1  CFL = .450E+00  dt = 0.4129E+00  final t = 0.256461E+03
 AMRCLAW: level  1  CFL = .450E+00  dt = 0.4124E+00  final t = 0.256874E+03
 AMRCLAW: level  1  CFL = .450E+00  dt = 0.4120E+00  final t = 0.257286E+03
 AMRCLAW: level  1  CFL = .450E+00  dt = 0.4117E+00  final t = 0.257698E+03
 AMRCLAW: level  1  CFL = .450E+00  dt = 0.4114E+00  final t = 0.258109E+03
 AMRCLAW: level  1  CFL = .450E+00  dt = 0.4111E+00  final t = 0.258520E+03
 AMRCLAW: level  1  CFL = .450E+00  dt = 0.4108E+00  final t = 0.258931E+03
 AMRCLAW: level  1  CFL = .450E+00  dt = 0.4106E+00  final t = 0.259342E+03
 AMRCLAW: level  1  CFL = .450E+00  dt = 0.4103E+00  final t = 0.259752E+03
 AMRCLAW: level  1  CFL = .450E+00  dt = 0.4101E+00  final t = 0.260162E+03
 AMRCLAW: level  1  CFL = .450E+00  dt = 0.4099E+00  final t = 0.260572E+03
 AMRCLAW: level  1  CFL = .450E+00  dt = 0.4097E+00  final t = 0.260982E+03
 AMRCLAW: level  1  CFL = .450E+00  dt = 0.4096E+00  final t = 0.261391E+03
 AMRCLAW: level  1  CFL = .450E+00  dt = 0.4094E+00  final t = 0.261801E+03
 AMRCLAW: level  1  CFL = .450E+00  dt = 0.4090E+00  final t = 0.262210E+03
 AMRCLAW: level  1  CFL = .450E+00  dt = 0.4090E+00  final t = 0.262619E+03
 AMRCLAW: level  1  CFL = .450E+00  dt = 0.4090E+00  final t = 0.263027E+03
 AMRCLAW: level  1  CFL = .450E+00  dt = 0.4086E+00  final t = 0.263436E+03
 AMRCLAW: level  1  CFL = .450E+00  dt = 0.4087E+00  final t = 0.263845E+03
 AMRCLAW: level  1  CFL = .450E+00  dt = 0.4084E+00  final t = 0.264253E+03
 AMRCLAW: level  1  CFL = .450E+00  dt = 0.4085E+00  final t = 0.264662E+03
 AMRCLAW: level  1  CFL = .450E+00  dt = 0.4083E+00  final t = 0.265070E+03
 AMRCLAW: level  1  CFL = .450E+00  dt = 0.4081E+00  final t = 0.265478E+03
 AMRCLAW: level  1  CFL = .450E+00  dt = 0.4083E+00  final t = 0.265887E+03
 AMRCLAW: level  1  CFL = .450E+00  dt = 0.4082E+00  final t = 0.266295E+03
 AMRCLAW: level  1  CFL = .450E+00  dt = 0.4080E+00  final t = 0.266703E+03
 AMRCLAW: level  1  CFL = .450E+00  dt = 0.4083E+00  final t = 0.267111E+03
 AMRCLAW: level  1  CFL = .450E+00  dt = 0.4081E+00  final t = 0.267519E+03
 AMRCLAW: level  1  CFL = .450E+00  dt = 0.4080E+00  final t = 0.267927E+03
 AMRCLAW: level  1  CFL = .450E+00  dt = 0.4083E+00  final t = 0.268335E+03
 AMRCLAW: level  1  CFL = .450E+00  dt = 0.4081E+00  final t = 0.268744E+03
 AMRCLAW: level  1  CFL = .450E+00  dt = 0.4081E+00  final t = 0.269152E+03
 AMRCLAW: level  1  CFL = .450E+00  dt = 0.4080E+00  final t = 0.269560E+03
 AMRCLAW: level  1  CFL = .450E+00  dt = 0.4083E+00  final t = 0.269968E+03
 AMRCLAW: level  1  CFL = .353E-01  dt = 0.3206E-01  final t = 0.270000E+03
GEOCLAW: Frame    9 output files done at time t =  0.270000D+03

 AMRCLAW: level  1  CFL = .450E+00  dt = 0.4082E+00  final t = 0.270408E+03
 AMRCLAW: level  1  CFL = .450E+00  dt = 0.4082E+00  final t = 0.270816E+03
 AMRCLAW: level  1  CFL = .450E+00  dt = 0.4082E+00  final t = 0.271225E+03
 AMRCLAW: level  1  CFL = .450E+00  dt = 0.4085E+00  final t = 0.271633E+03
 AMRCLAW: level  1  CFL = .450E+00  dt = 0.4084E+00  final t = 0.272041E+03
 AMRCLAW: level  1  CFL = .450E+00  dt = 0.4084E+00  final t = 0.272450E+03
 AMRCLAW: level  1  CFL = .450E+00  dt = 0.4087E+00  final t = 0.272859E+03
 AMRCLAW: level  1  CFL = .450E+00  dt = 0.4086E+00  final t = 0.273267E+03
 AMRCLAW: level  1  CFL = .450E+00  dt = 0.4086E+00  final t = 0.273676E+03
 AMRCLAW: level  1  CFL = .450E+00  dt = 0.4089E+00  final t = 0.274085E+03
 AMRCLAW: level  1  CFL = .450E+00  dt = 0.4089E+00  final t = 0.274494E+03
 AMRCLAW: level  1  CFL = .450E+00  dt = 0.4092E+00  final t = 0.274903E+03
 AMRCLAW: level  1  CFL = .450E+00  dt = 0.4091E+00  final t = 0.275312E+03
 AMRCLAW: level  1  CFL = .450E+00  dt = 0.4094E+00  final t = 0.275721E+03
 AMRCLAW: level  1  CFL = .450E+00  dt = 0.4093E+00  final t = 0.276130E+03
 AMRCLAW: level  1  CFL = .450E+00  dt = 0.4096E+00  final t = 0.276540E+03
 AMRCLAW: level  1  CFL = .450E+00  dt = 0.4095E+00  final t = 0.276950E+03
 AMRCLAW: level  1  CFL = .450E+00  dt = 0.4098E+00  final t = 0.277359E+03
 AMRCLAW: level  1  CFL = .450E+00  dt = 0.4097E+00  final t = 0.277769E+03
 AMRCLAW: level  1  CFL = .450E+00  dt = 0.4100E+00  final t = 0.278179E+03
 AMRCLAW: level  1  CFL = .450E+00  dt = 0.4103E+00  final t = 0.278589E+03
 AMRCLAW: level  1  CFL = .450E+00  dt = 0.4102E+00  final t = 0.279000E+03
 AMRCLAW: level  1  CFL = .450E+00  dt = 0.4104E+00  final t = 0.279410E+03
 AMRCLAW: level  1  CFL = .450E+00  dt = 0.4107E+00  final t = 0.279821E+03
 AMRCLAW: level  1  CFL = .450E+00  dt = 0.4108E+00  final t = 0.280231E+03
 AMRCLAW: level  1  CFL = .450E+00  dt = 0.4110E+00  final t = 0.280642E+03
 AMRCLAW: level  1  CFL = .450E+00  dt = 0.4112E+00  final t = 0.281054E+03
 AMRCLAW: level  1  CFL = .450E+00  dt = 0.4113E+00  final t = 0.281465E+03
 AMRCLAW: level  1  CFL = .450E+00  dt = 0.4115E+00  final t = 0.281876E+03
 AMRCLAW: level  1  CFL = .450E+00  dt = 0.4116E+00  final t = 0.282288E+03
 AMRCLAW: level  1  CFL = .450E+00  dt = 0.4118E+00  final t = 0.282700E+03
 AMRCLAW: level  1  CFL = .450E+00  dt = 0.4119E+00  final t = 0.283112E+03
 AMRCLAW: level  1  CFL = .450E+00  dt = 0.4121E+00  final t = 0.283524E+03
 AMRCLAW: level  1  CFL = .450E+00  dt = 0.4122E+00  final t = 0.283936E+03
 AMRCLAW: level  1  CFL = .450E+00  dt = 0.4124E+00  final t = 0.284348E+03
 AMRCLAW: level  1  CFL = .450E+00  dt = 0.4126E+00  final t = 0.284761E+03
 AMRCLAW: level  1  CFL = .450E+00  dt = 0.4128E+00  final t = 0.285174E+03
 AMRCLAW: level  1  CFL = .450E+00  dt = 0.4129E+00  final t = 0.285587E+03
 AMRCLAW: level  1  CFL = .450E+00  dt = 0.4131E+00  final t = 0.286000E+03
 AMRCLAW: level  1  CFL = .450E+00  dt = 0.4133E+00  final t = 0.286413E+03
 AMRCLAW: level  1  CFL = .450E+00  dt = 0.4135E+00  final t = 0.286827E+03
 AMRCLAW: level  1  CFL = .450E+00  dt = 0.4137E+00  final t = 0.287240E+03
 AMRCLAW: level  1  CFL = .450E+00  dt = 0.4139E+00  final t = 0.287654E+03
 AMRCLAW: level  1  CFL = .450E+00  dt = 0.4140E+00  final t = 0.288068E+03
 AMRCLAW: level  1  CFL = .450E+00  dt = 0.4141E+00  final t = 0.288482E+03
 AMRCLAW: level  1  CFL = .450E+00  dt = 0.4142E+00  final t = 0.288897E+03
 AMRCLAW: level  1  CFL = .450E+00  dt = 0.4143E+00  final t = 0.289311E+03
 AMRCLAW: level  1  CFL = .450E+00  dt = 0.4144E+00  final t = 0.289725E+03
 AMRCLAW: level  1  CFL = .450E+00  dt = 0.4146E+00  final t = 0.290140E+03
 AMRCLAW: level  1  CFL = .450E+00  dt = 0.4147E+00  final t = 0.290555E+03
 AMRCLAW: level  1  CFL = .450E+00  dt = 0.4149E+00  final t = 0.290970E+03
 AMRCLAW: level  1  CFL = .450E+00  dt = 0.4151E+00  final t = 0.291385E+03
 AMRCLAW: level  1  CFL = .450E+00  dt = 0.4152E+00  final t = 0.291800E+03
 AMRCLAW: level  1  CFL = .450E+00  dt = 0.4154E+00  final t = 0.292215E+03
 AMRCLAW: level  1  CFL = .450E+00  dt = 0.4156E+00  final t = 0.292631E+03
 AMRCLAW: level  1  CFL = .450E+00  dt = 0.4158E+00  final t = 0.293047E+03
 AMRCLAW: level  1  CFL = .450E+00  dt = 0.4159E+00  final t = 0.293463E+03
 AMRCLAW: level  1  CFL = .450E+00  dt = 0.4161E+00  final t = 0.293879E+03
 AMRCLAW: level  1  CFL = .450E+00  dt = 0.4163E+00  final t = 0.294295E+03
 AMRCLAW: level  1  CFL = .450E+00  dt = 0.4164E+00  final t = 0.294711E+03
 AMRCLAW: level  1  CFL = .450E+00  dt = 0.4166E+00  final t = 0.295128E+03
 AMRCLAW: level  1  CFL = .450E+00  dt = 0.4168E+00  final t = 0.295545E+03
 AMRCLAW: level  1  CFL = .450E+00  dt = 0.4169E+00  final t = 0.295962E+03
 AMRCLAW: level  1  CFL = .450E+00  dt = 0.4171E+00  final t = 0.296379E+03
 AMRCLAW: level  1  CFL = .450E+00  dt = 0.4172E+00  final t = 0.296796E+03
 AMRCLAW: level  1  CFL = .450E+00  dt = 0.4173E+00  final t = 0.297213E+03
 AMRCLAW: level  1  CFL = .450E+00  dt = 0.4175E+00  final t = 0.297631E+03
 AMRCLAW: level  1  CFL = .450E+00  dt = 0.4176E+00  final t = 0.298048E+03
 AMRCLAW: level  1  CFL = .450E+00  dt = 0.4178E+00  final t = 0.298466E+03
 AMRCLAW: level  1  CFL = .450E+00  dt = 0.4179E+00  final t = 0.298884E+03
 AMRCLAW: level  1  CFL = .450E+00  dt = 0.4181E+00  final t = 0.299302E+03
 AMRCLAW: level  1  CFL = .450E+00  dt = 0.4182E+00  final t = 0.299720E+03
 AMRCLAW: level  1  CFL = .301E+00  dt = 0.2796E+00  final t = 0.300000E+03
GEOCLAW: Frame   10 output files done at time t =  0.300000D+03

 AMRCLAW: level  1  CFL = .450E+00  dt = 0.4185E+00  final t = 0.300418E+03
 AMRCLAW: level  1  CFL = .450E+00  dt = 0.4186E+00  final t = 0.300837E+03
 AMRCLAW: level  1  CFL = .450E+00  dt = 0.4187E+00  final t = 0.301256E+03
 AMRCLAW: level  1  CFL = .450E+00  dt = 0.4189E+00  final t = 0.301675E+03
 AMRCLAW: level  1  CFL = .450E+00  dt = 0.4191E+00  final t = 0.302094E+03
 AMRCLAW: level  1  CFL = .450E+00  dt = 0.4192E+00  final t = 0.302513E+03
 AMRCLAW: level  1  CFL = .450E+00  dt = 0.4194E+00  final t = 0.302932E+03
 AMRCLAW: level  1  CFL = .450E+00  dt = 0.4196E+00  final t = 0.303352E+03
 AMRCLAW: level  1  CFL = .450E+00  dt = 0.4198E+00  final t = 0.303772E+03
 AMRCLAW: level  1  CFL = .450E+00  dt = 0.4199E+00  final t = 0.304192E+03
 AMRCLAW: level  1  CFL = .450E+00  dt = 0.4201E+00  final t = 0.304612E+03
 AMRCLAW: level  1  CFL = .450E+00  dt = 0.4203E+00  final t = 0.305032E+03
 AMRCLAW: level  1  CFL = .450E+00  dt = 0.4204E+00  final t = 0.305453E+03
 AMRCLAW: level  1  CFL = .450E+00  dt = 0.4206E+00  final t = 0.305873E+03
 AMRCLAW: level  1  CFL = .450E+00  dt = 0.4208E+00  final t = 0.306294E+03
 AMRCLAW: level  1  CFL = .450E+00  dt = 0.4209E+00  final t = 0.306715E+03
 AMRCLAW: level  1  CFL = .450E+00  dt = 0.4211E+00  final t = 0.307136E+03
 AMRCLAW: level  1  CFL = .450E+00  dt = 0.4213E+00  final t = 0.307557E+03
 AMRCLAW: level  1  CFL = .450E+00  dt = 0.4214E+00  final t = 0.307979E+03
 AMRCLAW: level  1  CFL = .450E+00  dt = 0.4216E+00  final t = 0.308400E+03
 AMRCLAW: level  1  CFL = .450E+00  dt = 0.4218E+00  final t = 0.308822E+03
 AMRCLAW: level  1  CFL = .450E+00  dt = 0.4219E+00  final t = 0.309244E+03
 AMRCLAW: level  1  CFL = .450E+00  dt = 0.4221E+00  final t = 0.309666E+03
 AMRCLAW: level  1  CFL = .450E+00  dt = 0.4223E+00  final t = 0.310088E+03
 AMRCLAW: level  1  CFL = .450E+00  dt = 0.4225E+00  final t = 0.310511E+03
 AMRCLAW: level  1  CFL = .450E+00  dt = 0.4227E+00  final t = 0.310934E+03
 AMRCLAW: level  1  CFL = .450E+00  dt = 0.4229E+00  final t = 0.311356E+03
 AMRCLAW: level  1  CFL = .450E+00  dt = 0.4231E+00  final t = 0.311780E+03
 AMRCLAW: level  1  CFL = .450E+00  dt = 0.4234E+00  final t = 0.312203E+03
 AMRCLAW: level  1  CFL = .450E+00  dt = 0.4236E+00  final t = 0.312627E+03
 AMRCLAW: level  1  CFL = .450E+00  dt = 0.4238E+00  final t = 0.313050E+03
 AMRCLAW: level  1  CFL = .450E+00  dt = 0.4241E+00  final t = 0.313474E+03
 AMRCLAW: level  1  CFL = .450E+00  dt = 0.4244E+00  final t = 0.313899E+03
 AMRCLAW: level  1  CFL = .450E+00  dt = 0.4246E+00  final t = 0.314323E+03
 AMRCLAW: level  1  CFL = .450E+00  dt = 0.4249E+00  final t = 0.314748E+03
 AMRCLAW: level  1  CFL = .450E+00  dt = 0.4252E+00  final t = 0.315174E+03
 AMRCLAW: level  1  CFL = .450E+00  dt = 0.4255E+00  final t = 0.315599E+03
 AMRCLAW: level  1  CFL = .450E+00  dt = 0.4259E+00  final t = 0.316025E+03
 AMRCLAW: level  1  CFL = .450E+00  dt = 0.4262E+00  final t = 0.316451E+03
 AMRCLAW: level  1  CFL = .450E+00  dt = 0.4265E+00  final t = 0.316878E+03
 AMRCLAW: level  1  CFL = .450E+00  dt = 0.4269E+00  final t = 0.317305E+03
 AMRCLAW: level  1  CFL = .450E+00  dt = 0.4272E+00  final t = 0.317732E+03
 AMRCLAW: level  1  CFL = .450E+00  dt = 0.4276E+00  final t = 0.318159E+03
 AMRCLAW: level  1  CFL = .450E+00  dt = 0.4280E+00  final t = 0.318587E+03
 AMRCLAW: level  1  CFL = .450E+00  dt = 0.4284E+00  final t = 0.319016E+03
 AMRCLAW: level  1  CFL = .450E+00  dt = 0.4288E+00  final t = 0.319445E+03
 AMRCLAW: level  1  CFL = .450E+00  dt = 0.4292E+00  final t = 0.319874E+03
 AMRCLAW: level  1  CFL = .450E+00  dt = 0.4296E+00  final t = 0.320303E+03
 AMRCLAW: level  1  CFL = .450E+00  dt = 0.4300E+00  final t = 0.320733E+03
 AMRCLAW: level  1  CFL = .450E+00  dt = 0.4304E+00  final t = 0.321164E+03
 AMRCLAW: level  1  CFL = .450E+00  dt = 0.4308E+00  final t = 0.321594E+03
 AMRCLAW: level  1  CFL = .450E+00  dt = 0.4312E+00  final t = 0.322026E+03
 AMRCLAW: level  1  CFL = .450E+00  dt = 0.4315E+00  final t = 0.322457E+03
 AMRCLAW: level  1  CFL = .450E+00  dt = 0.4319E+00  final t = 0.322889E+03
 AMRCLAW: level  1  CFL = .450E+00  dt = 0.4323E+00  final t = 0.323321E+03
 AMRCLAW: level  1  CFL = .450E+00  dt = 0.4327E+00  final t = 0.323754E+03
 AMRCLAW: level  1  CFL = .450E+00  dt = 0.4331E+00  final t = 0.324187E+03
 AMRCLAW: level  1  CFL = .450E+00  dt = 0.4334E+00  final t = 0.324621E+03
 AMRCLAW: level  1  CFL = .450E+00  dt = 0.4338E+00  final t = 0.325054E+03
 AMRCLAW: level  1  CFL = .450E+00  dt = 0.4342E+00  final t = 0.325489E+03
 AMRCLAW: level  1  CFL = .450E+00  dt = 0.4346E+00  final t = 0.325923E+03
 AMRCLAW: level  1  CFL = .450E+00  dt = 0.4349E+00  final t = 0.326358E+03
 AMRCLAW: level  1  CFL = .450E+00  dt = 0.4353E+00  final t = 0.326793E+03
 AMRCLAW: level  1  CFL = .450E+00  dt = 0.4356E+00  final t = 0.327229E+03
 AMRCLAW: level  1  CFL = .450E+00  dt = 0.4360E+00  final t = 0.327665E+03
 AMRCLAW: level  1  CFL = .450E+00  dt = 0.4364E+00  final t = 0.328101E+03
 AMRCLAW: level  1  CFL = .450E+00  dt = 0.4367E+00  final t = 0.328538E+03
 AMRCLAW: level  1  CFL = .449E+00  dt = 0.4371E+00  final t = 0.328975E+03
 AMRCLAW: level  1  CFL = .449E+00  dt = 0.4376E+00  final t = 0.329413E+03
 AMRCLAW: level  1  CFL = .449E+00  dt = 0.4382E+00  final t = 0.329851E+03
 AMRCLAW: level  1  CFL = .153E+00  dt = 0.1489E+00  final t = 0.330000E+03
GEOCLAW: Frame   11 output files done at time t =  0.330000D+03

 AMRCLAW: level  1  CFL = .450E+00  dt = 0.4395E+00  final t = 0.330439E+03
 AMRCLAW: level  1  CFL = .449E+00  dt = 0.4397E+00  final t = 0.330879E+03
 AMRCLAW: level  1  CFL = .449E+00  dt = 0.4403E+00  final t = 0.331320E+03
 AMRCLAW: level  1  CFL = .449E+00  dt = 0.4410E+00  final t = 0.331760E+03
 AMRCLAW: level  1  CFL = .449E+00  dt = 0.4416E+00  final t = 0.332202E+03
 AMRCLAW: level  1  CFL = .449E+00  dt = 0.4422E+00  final t = 0.332644E+03
 AMRCLAW: level  1  CFL = .449E+00  dt = 0.4428E+00  final t = 0.333087E+03
 AMRCLAW: level  1  CFL = .449E+00  dt = 0.4434E+00  final t = 0.333531E+03
 AMRCLAW: level  1  CFL = .449E+00  dt = 0.4441E+00  final t = 0.333975E+03
 AMRCLAW: level  1  CFL = .449E+00  dt = 0.4447E+00  final t = 0.334419E+03
 AMRCLAW: level  1  CFL = .449E+00  dt = 0.4456E+00  final t = 0.334865E+03
 AMRCLAW: level  1  CFL = .450E+00  dt = 0.4463E+00  final t = 0.335311E+03
 AMRCLAW: level  1  CFL = .450E+00  dt = 0.4467E+00  final t = 0.335758E+03
 AMRCLAW: level  1  CFL = .450E+00  dt = 0.4469E+00  final t = 0.336205E+03
 AMRCLAW: level  1  CFL = .450E+00  dt = 0.4472E+00  final t = 0.336652E+03
 AMRCLAW: level  1  CFL = .450E+00  dt = 0.4474E+00  final t = 0.337099E+03
 AMRCLAW: level  1  CFL = .450E+00  dt = 0.4476E+00  final t = 0.337547E+03
 AMRCLAW: level  1  CFL = .450E+00  dt = 0.4477E+00  final t = 0.337995E+03
 AMRCLAW: level  1  CFL = .450E+00  dt = 0.4478E+00  final t = 0.338442E+03
 AMRCLAW: level  1  CFL = .450E+00  dt = 0.4479E+00  final t = 0.338890E+03
 AMRCLAW: level  1  CFL = .450E+00  dt = 0.4480E+00  final t = 0.339338E+03
 AMRCLAW: level  1  CFL = .450E+00  dt = 0.4481E+00  final t = 0.339786E+03
 AMRCLAW: level  1  CFL = .450E+00  dt = 0.4481E+00  final t = 0.340235E+03
 AMRCLAW: level  1  CFL = .450E+00  dt = 0.4481E+00  final t = 0.340683E+03
 AMRCLAW: level  1  CFL = .450E+00  dt = 0.4481E+00  final t = 0.341131E+03
 AMRCLAW: level  1  CFL = .450E+00  dt = 0.4481E+00  final t = 0.341579E+03
 AMRCLAW: level  1  CFL = .450E+00  dt = 0.4479E+00  final t = 0.342027E+03
 AMRCLAW: level  1  CFL = .450E+00  dt = 0.4478E+00  final t = 0.342475E+03
 AMRCLAW: level  1  CFL = .450E+00  dt = 0.4475E+00  final t = 0.342922E+03
 AMRCLAW: level  1  CFL = .450E+00  dt = 0.4472E+00  final t = 0.343369E+03
 AMRCLAW: level  1  CFL = .450E+00  dt = 0.4469E+00  final t = 0.343816E+03
 AMRCLAW: level  1  CFL = .450E+00  dt = 0.4466E+00  final t = 0.344263E+03
 AMRCLAW: level  1  CFL = .450E+00  dt = 0.4463E+00  final t = 0.344709E+03
 AMRCLAW: level  1  CFL = .450E+00  dt = 0.4462E+00  final t = 0.345155E+03
 AMRCLAW: level  1  CFL = .450E+00  dt = 0.4463E+00  final t = 0.345602E+03
 AMRCLAW: level  1  CFL = .450E+00  dt = 0.4464E+00  final t = 0.346048E+03
 AMRCLAW: level  1  CFL = .450E+00  dt = 0.4467E+00  final t = 0.346495E+03
 AMRCLAW: level  1  CFL = .449E+00  dt = 0.4471E+00  final t = 0.346942E+03
 AMRCLAW: level  1  CFL = .449E+00  dt = 0.4477E+00  final t = 0.347389E+03
 AMRCLAW: level  1  CFL = .449E+00  dt = 0.4482E+00  final t = 0.347838E+03
 AMRCLAW: level  1  CFL = .449E+00  dt = 0.4487E+00  final t = 0.348286E+03
 AMRCLAW: level  1  CFL = .449E+00  dt = 0.4494E+00  final t = 0.348736E+03
 AMRCLAW: level  1  CFL = .449E+00  dt = 0.4500E+00  final t = 0.349186E+03
 AMRCLAW: level  1  CFL = .449E+00  dt = 0.4506E+00  final t = 0.349636E+03
 AMRCLAW: level  1  CFL = .450E+00  dt = 0.4512E+00  final t = 0.350087E+03
 AMRCLAW: level  1  CFL = .450E+00  dt = 0.4515E+00  final t = 0.350539E+03
 AMRCLAW: level  1  CFL = .450E+00  dt = 0.4519E+00  final t = 0.350991E+03
 AMRCLAW: level  1  CFL = .450E+00  dt = 0.4523E+00  final t = 0.351443E+03
 AMRCLAW: level  1  CFL = .450E+00  dt = 0.4526E+00  final t = 0.351896E+03
 AMRCLAW: level  1  CFL = .450E+00  dt = 0.4529E+00  final t = 0.352349E+03
 AMRCLAW: level  1  CFL = .450E+00  dt = 0.4532E+00  final t = 0.352802E+03
 AMRCLAW: level  1  CFL = .450E+00  dt = 0.4535E+00  final t = 0.353256E+03
 AMRCLAW: level  1  CFL = .450E+00  dt = 0.4538E+00  final t = 0.353709E+03
 AMRCLAW: level  1  CFL = .450E+00  dt = 0.4540E+00  final t = 0.354163E+03
 AMRCLAW: level  1  CFL = .450E+00  dt = 0.4542E+00  final t = 0.354618E+03
 AMRCLAW: level  1  CFL = .450E+00  dt = 0.4544E+00  final t = 0.355072E+03
 AMRCLAW: level  1  CFL = .450E+00  dt = 0.4546E+00  final t = 0.355527E+03
 AMRCLAW: level  1  CFL = .450E+00  dt = 0.4548E+00  final t = 0.355981E+03
 AMRCLAW: level  1  CFL = .450E+00  dt = 0.4551E+00  final t = 0.356436E+03
 AMRCLAW: level  1  CFL = .450E+00  dt = 0.4553E+00  final t = 0.356892E+03
 AMRCLAW: level  1  CFL = .450E+00  dt = 0.4556E+00  final t = 0.357347E+03
 AMRCLAW: level  1  CFL = .450E+00  dt = 0.4558E+00  final t = 0.357803E+03
 AMRCLAW: level  1  CFL = .450E+00  dt = 0.4562E+00  final t = 0.358259E+03
 AMRCLAW: level  1  CFL = .449E+00  dt = 0.4567E+00  final t = 0.358716E+03
 AMRCLAW: level  1  CFL = .449E+00  dt = 0.4572E+00  final t = 0.359173E+03
 AMRCLAW: level  1  CFL = .449E+00  dt = 0.4579E+00  final t = 0.359631E+03
 AMRCLAW: level  1  CFL = .361E+00  dt = 0.3689E+00  final t = 0.360000E+03
GEOCLAW: Frame   12 output files done at time t =  0.360000D+03

 AMRCLAW: level  1  CFL = .449E+00  dt = 0.4593E+00  final t = 0.360459E+03
 AMRCLAW: level  1  CFL = .449E+00  dt = 0.4599E+00  final t = 0.360919E+03
 AMRCLAW: level  1  CFL = .449E+00  dt = 0.4607E+00  final t = 0.361380E+03
 AMRCLAW: level  1  CFL = .449E+00  dt = 0.4615E+00  final t = 0.361841E+03
 AMRCLAW: level  1  CFL = .449E+00  dt = 0.4623E+00  final t = 0.362304E+03
 AMRCLAW: level  1  CFL = .449E+00  dt = 0.4631E+00  final t = 0.362767E+03
 AMRCLAW: level  1  CFL = .449E+00  dt = 0.4638E+00  final t = 0.363230E+03
 AMRCLAW: level  1  CFL = .449E+00  dt = 0.4646E+00  final t = 0.363695E+03
 AMRCLAW: level  1  CFL = .449E+00  dt = 0.4654E+00  final t = 0.364160E+03
 AMRCLAW: level  1  CFL = .449E+00  dt = 0.4661E+00  final t = 0.364627E+03
 AMRCLAW: level  1  CFL = .449E+00  dt = 0.4669E+00  final t = 0.365094E+03
 AMRCLAW: level  1  CFL = .449E+00  dt = 0.4678E+00  final t = 0.365561E+03
 AMRCLAW: level  1  CFL = .449E+00  dt = 0.4686E+00  final t = 0.366030E+03
 AMRCLAW: level  1  CFL = .449E+00  dt = 0.4695E+00  final t = 0.366499E+03
 AMRCLAW: level  1  CFL = .449E+00  dt = 0.4704E+00  final t = 0.366970E+03
 AMRCLAW: level  1  CFL = .449E+00  dt = 0.4713E+00  final t = 0.367441E+03
 AMRCLAW: level  1  CFL = .449E+00  dt = 0.4722E+00  final t = 0.367913E+03
 AMRCLAW: level  1  CFL = .449E+00  dt = 0.4731E+00  final t = 0.368387E+03
 AMRCLAW: level  1  CFL = .449E+00  dt = 0.4740E+00  final t = 0.368861E+03
 AMRCLAW: level  1  CFL = .449E+00  dt = 0.4749E+00  final t = 0.369335E+03
 AMRCLAW: level  1  CFL = .449E+00  dt = 0.4757E+00  final t = 0.369811E+03
 AMRCLAW: level  1  CFL = .449E+00  dt = 0.4766E+00  final t = 0.370288E+03
 AMRCLAW: level  1  CFL = .449E+00  dt = 0.4774E+00  final t = 0.370765E+03
 AMRCLAW: level  1  CFL = .449E+00  dt = 0.4783E+00  final t = 0.371243E+03
 AMRCLAW: level  1  CFL = .449E+00  dt = 0.4791E+00  final t = 0.371723E+03
 AMRCLAW: level  1  CFL = .449E+00  dt = 0.4799E+00  final t = 0.372202E+03
 AMRCLAW: level  1  CFL = .449E+00  dt = 0.4807E+00  final t = 0.372683E+03
 AMRCLAW: level  1  CFL = .449E+00  dt = 0.4815E+00  final t = 0.373165E+03
 AMRCLAW: level  1  CFL = .449E+00  dt = 0.4822E+00  final t = 0.373647E+03
 AMRCLAW: level  1  CFL = .449E+00  dt = 0.4830E+00  final t = 0.374130E+03
 AMRCLAW: level  1  CFL = .449E+00  dt = 0.4838E+00  final t = 0.374614E+03
 AMRCLAW: level  1  CFL = .449E+00  dt = 0.4846E+00  final t = 0.375098E+03
 AMRCLAW: level  1  CFL = .449E+00  dt = 0.4853E+00  final t = 0.375584E+03
 AMRCLAW: level  1  CFL = .449E+00  dt = 0.4861E+00  final t = 0.376070E+03
 AMRCLAW: level  1  CFL = .449E+00  dt = 0.4869E+00  final t = 0.376557E+03
 AMRCLAW: level  1  CFL = .449E+00  dt = 0.4877E+00  final t = 0.377044E+03
 AMRCLAW: level  1  CFL = .449E+00  dt = 0.4885E+00  final t = 0.377533E+03
 AMRCLAW: level  1  CFL = .449E+00  dt = 0.4892E+00  final t = 0.378022E+03
 AMRCLAW: level  1  CFL = .450E+00  dt = 0.4900E+00  final t = 0.378512E+03
 AMRCLAW: level  1  CFL = .450E+00  dt = 0.4903E+00  final t = 0.379002E+03
 AMRCLAW: level  1  CFL = .450E+00  dt = 0.4906E+00  final t = 0.379493E+03
 AMRCLAW: level  1  CFL = .449E+00  dt = 0.4911E+00  final t = 0.379984E+03
 AMRCLAW: level  1  CFL = .449E+00  dt = 0.4917E+00  final t = 0.380476E+03
 AMRCLAW: level  1  CFL = .449E+00  dt = 0.4923E+00  final t = 0.380968E+03
 AMRCLAW: level  1  CFL = .449E+00  dt = 0.4929E+00  final t = 0.381461E+03
 AMRCLAW: level  1  CFL = .449E+00  dt = 0.4936E+00  final t = 0.381954E+03
 AMRCLAW: level  1  CFL = .449E+00  dt = 0.4942E+00  final t = 0.382449E+03
 AMRCLAW: level  1  CFL = .449E+00  dt = 0.4948E+00  final t = 0.382943E+03
 AMRCLAW: level  1  CFL = .449E+00  dt = 0.4955E+00  final t = 0.383439E+03
 AMRCLAW: level  1  CFL = .449E+00  dt = 0.4961E+00  final t = 0.383935E+03
 AMRCLAW: level  1  CFL = .449E+00  dt = 0.4968E+00  final t = 0.384432E+03
 AMRCLAW: level  1  CFL = .449E+00  dt = 0.4976E+00  final t = 0.384929E+03
 AMRCLAW: level  1  CFL = .449E+00  dt = 0.4983E+00  final t = 0.385428E+03
 AMRCLAW: level  1  CFL = .449E+00  dt = 0.4991E+00  final t = 0.385927E+03
 AMRCLAW: level  1  CFL = .449E+00  dt = 0.5000E+00  final t = 0.386427E+03
 AMRCLAW: level  1  CFL = .448E+00  dt = 0.5000E+00  final t = 0.386927E+03
 AMRCLAW: level  1  CFL = .448E+00  dt = 0.5000E+00  final t = 0.387427E+03
 AMRCLAW: level  1  CFL = .447E+00  dt = 0.5000E+00  final t = 0.387927E+03
 AMRCLAW: level  1  CFL = .446E+00  dt = 0.5000E+00  final t = 0.388427E+03
 AMRCLAW: level  1  CFL = .445E+00  dt = 0.5000E+00  final t = 0.388927E+03
 AMRCLAW: level  1  CFL = .444E+00  dt = 0.5000E+00  final t = 0.389427E+03
 AMRCLAW: level  1  CFL = .444E+00  dt = 0.5000E+00  final t = 0.389927E+03
 AMRCLAW: level  1  CFL = .647E-01  dt = 0.7310E-01  final t = 0.390000E+03
GEOCLAW: Frame   13 output files done at time t =  0.390000D+03

 AMRCLAW: level  1  CFL = .443E+00  dt = 0.5000E+00  final t = 0.390500E+03
 AMRCLAW: level  1  CFL = .442E+00  dt = 0.5000E+00  final t = 0.391000E+03
 AMRCLAW: level  1  CFL = .441E+00  dt = 0.5000E+00  final t = 0.391500E+03
 AMRCLAW: level  1  CFL = .440E+00  dt = 0.5000E+00  final t = 0.392000E+03
 AMRCLAW: level  1  CFL = .439E+00  dt = 0.5000E+00  final t = 0.392500E+03
 AMRCLAW: level  1  CFL = .438E+00  dt = 0.5000E+00  final t = 0.393000E+03
 AMRCLAW: level  1  CFL = .438E+00  dt = 0.5000E+00  final t = 0.393500E+03
 AMRCLAW: level  1  CFL = .437E+00  dt = 0.5000E+00  final t = 0.394000E+03
 AMRCLAW: level  1  CFL = .436E+00  dt = 0.5000E+00  final t = 0.394500E+03
 AMRCLAW: level  1  CFL = .435E+00  dt = 0.5000E+00  final t = 0.395000E+03
 AMRCLAW: level  1  CFL = .434E+00  dt = 0.5000E+00  final t = 0.395500E+03
 AMRCLAW: level  1  CFL = .433E+00  dt = 0.5000E+00  final t = 0.396000E+03
 AMRCLAW: level  1  CFL = .432E+00  dt = 0.5000E+00  final t = 0.396500E+03
 AMRCLAW: level  1  CFL = .431E+00  dt = 0.5000E+00  final t = 0.397000E+03
 AMRCLAW: level  1  CFL = .430E+00  dt = 0.5000E+00  final t = 0.397500E+03
 AMRCLAW: level  1  CFL = .429E+00  dt = 0.5000E+00  final t = 0.398000E+03
 AMRCLAW: level  1  CFL = .427E+00  dt = 0.5000E+00  final t = 0.398500E+03
 AMRCLAW: level  1  CFL = .426E+00  dt = 0.5000E+00  final t = 0.399000E+03
 AMRCLAW: level  1  CFL = .425E+00  dt = 0.5000E+00  final t = 0.399500E+03
 AMRCLAW: level  1  CFL = .424E+00  dt = 0.5000E+00  final t = 0.400000E+03
 AMRCLAW: level  1  CFL = .423E+00  dt = 0.5000E+00  final t = 0.400500E+03
 AMRCLAW: level  1  CFL = .422E+00  dt = 0.5000E+00  final t = 0.401000E+03
 AMRCLAW: level  1  CFL = .421E+00  dt = 0.5000E+00  final t = 0.401500E+03
 AMRCLAW: level  1  CFL = .420E+00  dt = 0.5000E+00  final t = 0.402000E+03
 AMRCLAW: level  1  CFL = .418E+00  dt = 0.5000E+00  final t = 0.402500E+03
 AMRCLAW: level  1  CFL = .417E+00  dt = 0.5000E+00  final t = 0.403000E+03
 AMRCLAW: level  1  CFL = .416E+00  dt = 0.5000E+00  final t = 0.403500E+03
 AMRCLAW: level  1  CFL = .415E+00  dt = 0.5000E+00  final t = 0.404000E+03
 AMRCLAW: level  1  CFL = .413E+00  dt = 0.5000E+00  final t = 0.404500E+03
 AMRCLAW: level  1  CFL = .412E+00  dt = 0.5000E+00  final t = 0.405000E+03
 AMRCLAW: level  1  CFL = .411E+00  dt = 0.5000E+00  final t = 0.405500E+03
 AMRCLAW: level  1  CFL = .410E+00  dt = 0.5000E+00  final t = 0.406000E+03
 AMRCLAW: level  1  CFL = .409E+00  dt = 0.5000E+00  final t = 0.406500E+03
 AMRCLAW: level  1  CFL = .409E+00  dt = 0.5000E+00  final t = 0.407000E+03
 AMRCLAW: level  1  CFL = .409E+00  dt = 0.5000E+00  final t = 0.407500E+03
 AMRCLAW: level  1  CFL = .409E+00  dt = 0.5000E+00  final t = 0.408000E+03
 AMRCLAW: level  1  CFL = .409E+00  dt = 0.5000E+00  final t = 0.408500E+03
 AMRCLAW: level  1  CFL = .408E+00  dt = 0.5000E+00  final t = 0.409000E+03
 AMRCLAW: level  1  CFL = .408E+00  dt = 0.5000E+00  final t = 0.409500E+03
 AMRCLAW: level  1  CFL = .408E+00  dt = 0.5000E+00  final t = 0.410000E+03
 AMRCLAW: level  1  CFL = .408E+00  dt = 0.5000E+00  final t = 0.410500E+03
 AMRCLAW: level  1  CFL = .408E+00  dt = 0.5000E+00  final t = 0.411000E+03
 AMRCLAW: level  1  CFL = .408E+00  dt = 0.5000E+00  final t = 0.411500E+03
 AMRCLAW: level  1  CFL = .408E+00  dt = 0.5000E+00  final t = 0.412000E+03
 AMRCLAW: level  1  CFL = .408E+00  dt = 0.5000E+00  final t = 0.412500E+03
 AMRCLAW: level  1  CFL = .408E+00  dt = 0.5000E+00  final t = 0.413000E+03
 AMRCLAW: level  1  CFL = .408E+00  dt = 0.5000E+00  final t = 0.413500E+03
 AMRCLAW: level  1  CFL = .408E+00  dt = 0.5000E+00  final t = 0.414000E+03
 AMRCLAW: level  1  CFL = .408E+00  dt = 0.5000E+00  final t = 0.414500E+03
 AMRCLAW: level  1  CFL = .407E+00  dt = 0.5000E+00  final t = 0.415000E+03
 AMRCLAW: level  1  CFL = .407E+00  dt = 0.5000E+00  final t = 0.415500E+03
 AMRCLAW: level  1  CFL = .407E+00  dt = 0.5000E+00  final t = 0.416000E+03
 AMRCLAW: level  1  CFL = .407E+00  dt = 0.5000E+00  final t = 0.416500E+03
 AMRCLAW: level  1  CFL = .407E+00  dt = 0.5000E+00  final t = 0.417000E+03
 AMRCLAW: level  1  CFL = .407E+00  dt = 0.5000E+00  final t = 0.417500E+03
 AMRCLAW: level  1  CFL = .407E+00  dt = 0.5000E+00  final t = 0.418000E+03
 AMRCLAW: level  1  CFL = .407E+00  dt = 0.5000E+00  final t = 0.418500E+03
 AMRCLAW: level  1  CFL = .407E+00  dt = 0.5000E+00  final t = 0.419000E+03
 AMRCLAW: level  1  CFL = .407E+00  dt = 0.5000E+00  final t = 0.419500E+03
 AMRCLAW: level  1  CFL = .406E+00  dt = 0.5000E+00  final t = 0.420000E+03
GEOCLAW: Frame   14 output files done at time t =  0.420000D+03

 AMRCLAW: level  1  CFL = .406E+00  dt = 0.5000E+00  final t = 0.420500E+03
 AMRCLAW: level  1  CFL = .406E+00  dt = 0.5000E+00  final t = 0.421000E+03
 AMRCLAW: level  1  CFL = .406E+00  dt = 0.5000E+00  final t = 0.421500E+03
 AMRCLAW: level  1  CFL = .406E+00  dt = 0.5000E+00  final t = 0.422000E+03
 AMRCLAW: level  1  CFL = .406E+00  dt = 0.5000E+00  final t = 0.422500E+03
 AMRCLAW: level  1  CFL = .405E+00  dt = 0.5000E+00  final t = 0.423000E+03
 AMRCLAW: level  1  CFL = .405E+00  dt = 0.5000E+00  final t = 0.423500E+03
 AMRCLAW: level  1  CFL = .405E+00  dt = 0.5000E+00  final t = 0.424000E+03
 AMRCLAW: level  1  CFL = .405E+00  dt = 0.5000E+00  final t = 0.424500E+03
 AMRCLAW: level  1  CFL = .405E+00  dt = 0.5000E+00  final t = 0.425000E+03
 AMRCLAW: level  1  CFL = .404E+00  dt = 0.5000E+00  final t = 0.425500E+03
 AMRCLAW: level  1  CFL = .404E+00  dt = 0.5000E+00  final t = 0.426000E+03
 AMRCLAW: level  1  CFL = .404E+00  dt = 0.5000E+00  final t = 0.426500E+03
 AMRCLAW: level  1  CFL = .404E+00  dt = 0.5000E+00  final t = 0.427000E+03
 AMRCLAW: level  1  CFL = .404E+00  dt = 0.5000E+00  final t = 0.427500E+03
 AMRCLAW: level  1  CFL = .404E+00  dt = 0.5000E+00  final t = 0.428000E+03
 AMRCLAW: level  1  CFL = .403E+00  dt = 0.5000E+00  final t = 0.428500E+03
 AMRCLAW: level  1  CFL = .403E+00  dt = 0.5000E+00  final t = 0.429000E+03
 AMRCLAW: level  1  CFL = .403E+00  dt = 0.5000E+00  final t = 0.429500E+03
 AMRCLAW: level  1  CFL = .403E+00  dt = 0.5000E+00  final t = 0.430000E+03
 AMRCLAW: level  1  CFL = .403E+00  dt = 0.5000E+00  final t = 0.430500E+03
 AMRCLAW: level  1  CFL = .402E+00  dt = 0.5000E+00  final t = 0.431000E+03
 AMRCLAW: level  1  CFL = .402E+00  dt = 0.5000E+00  final t = 0.431500E+03
 AMRCLAW: level  1  CFL = .402E+00  dt = 0.5000E+00  final t = 0.432000E+03
 AMRCLAW: level  1  CFL = .402E+00  dt = 0.5000E+00  final t = 0.432500E+03
 AMRCLAW: level  1  CFL = .402E+00  dt = 0.5000E+00  final t = 0.433000E+03
 AMRCLAW: level  1  CFL = .402E+00  dt = 0.5000E+00  final t = 0.433500E+03
 AMRCLAW: level  1  CFL = .402E+00  dt = 0.5000E+00  final t = 0.434000E+03
 AMRCLAW: level  1  CFL = .402E+00  dt = 0.5000E+00  final t = 0.434500E+03
 AMRCLAW: level  1  CFL = .401E+00  dt = 0.5000E+00  final t = 0.435000E+03
 AMRCLAW: level  1  CFL = .401E+00  dt = 0.5000E+00  final t = 0.435500E+03
 AMRCLAW: level  1  CFL = .401E+00  dt = 0.5000E+00  final t = 0.436000E+03
 AMRCLAW: level  1  CFL = .401E+00  dt = 0.5000E+00  final t = 0.436500E+03
 AMRCLAW: level  1  CFL = .401E+00  dt = 0.5000E+00  final t = 0.437000E+03
 AMRCLAW: level  1  CFL = .400E+00  dt = 0.5000E+00  final t = 0.437500E+03
 AMRCLAW: level  1  CFL = .400E+00  dt = 0.5000E+00  final t = 0.438000E+03
 AMRCLAW: level  1  CFL = .400E+00  dt = 0.5000E+00  final t = 0.438500E+03
 AMRCLAW: level  1  CFL = .399E+00  dt = 0.5000E+00  final t = 0.439000E+03
 AMRCLAW: level  1  CFL = .399E+00  dt = 0.5000E+00  final t = 0.439500E+03
 AMRCLAW: level  1  CFL = .399E+00  dt = 0.5000E+00  final t = 0.440000E+03
 AMRCLAW: level  1  CFL = .398E+00  dt = 0.5000E+00  final t = 0.440500E+03
 AMRCLAW: level  1  CFL = .398E+00  dt = 0.5000E+00  final t = 0.441000E+03
 AMRCLAW: level  1  CFL = .398E+00  dt = 0.5000E+00  final t = 0.441500E+03
 AMRCLAW: level  1  CFL = .397E+00  dt = 0.5000E+00  final t = 0.442000E+03
 AMRCLAW: level  1  CFL = .397E+00  dt = 0.5000E+00  final t = 0.442500E+03
 AMRCLAW: level  1  CFL = .397E+00  dt = 0.5000E+00  final t = 0.443000E+03
 AMRCLAW: level  1  CFL = .396E+00  dt = 0.5000E+00  final t = 0.443500E+03
 AMRCLAW: level  1  CFL = .396E+00  dt = 0.5000E+00  final t = 0.444000E+03
 AMRCLAW: level  1  CFL = .396E+00  dt = 0.5000E+00  final t = 0.444500E+03
 AMRCLAW: level  1  CFL = .395E+00  dt = 0.5000E+00  final t = 0.445000E+03
 AMRCLAW: level  1  CFL = .395E+00  dt = 0.5000E+00  final t = 0.445500E+03
 AMRCLAW: level  1  CFL = .395E+00  dt = 0.5000E+00  final t = 0.446000E+03
 AMRCLAW: level  1  CFL = .394E+00  dt = 0.5000E+00  final t = 0.446500E+03
 AMRCLAW: level  1  CFL = .394E+00  dt = 0.5000E+00  final t = 0.447000E+03
 AMRCLAW: level  1  CFL = .394E+00  dt = 0.5000E+00  final t = 0.447500E+03
 AMRCLAW: level  1  CFL = .393E+00  dt = 0.5000E+00  final t = 0.448000E+03
 AMRCLAW: level  1  CFL = .393E+00  dt = 0.5000E+00  final t = 0.448500E+03
 AMRCLAW: level  1  CFL = .393E+00  dt = 0.5000E+00  final t = 0.449000E+03
 AMRCLAW: level  1  CFL = .392E+00  dt = 0.5000E+00  final t = 0.449500E+03
 AMRCLAW: level  1  CFL = .392E+00  dt = 0.5000E+00  final t = 0.450000E+03
GEOCLAW: Frame   15 output files done at time t =  0.450000D+03

 AMRCLAW: level  1  CFL = .391E+00  dt = 0.5000E+00  final t = 0.450500E+03
 AMRCLAW: level  1  CFL = .391E+00  dt = 0.5000E+00  final t = 0.451000E+03
 AMRCLAW: level  1  CFL = .390E+00  dt = 0.5000E+00  final t = 0.451500E+03
 AMRCLAW: level  1  CFL = .390E+00  dt = 0.5000E+00  final t = 0.452000E+03
 AMRCLAW: level  1  CFL = .390E+00  dt = 0.5000E+00  final t = 0.452500E+03
 AMRCLAW: level  1  CFL = .390E+00  dt = 0.5000E+00  final t = 0.453000E+03
 AMRCLAW: level  1  CFL = .389E+00  dt = 0.5000E+00  final t = 0.453500E+03
 AMRCLAW: level  1  CFL = .389E+00  dt = 0.5000E+00  final t = 0.454000E+03
 AMRCLAW: level  1  CFL = .389E+00  dt = 0.5000E+00  final t = 0.454500E+03
 AMRCLAW: level  1  CFL = .388E+00  dt = 0.5000E+00  final t = 0.455000E+03
 AMRCLAW: level  1  CFL = .388E+00  dt = 0.5000E+00  final t = 0.455500E+03
 AMRCLAW: level  1  CFL = .387E+00  dt = 0.5000E+00  final t = 0.456000E+03
 AMRCLAW: level  1  CFL = .387E+00  dt = 0.5000E+00  final t = 0.456500E+03
 AMRCLAW: level  1  CFL = .387E+00  dt = 0.5000E+00  final t = 0.457000E+03
 AMRCLAW: level  1  CFL = .388E+00  dt = 0.5000E+00  final t = 0.457500E+03
 AMRCLAW: level  1  CFL = .388E+00  dt = 0.5000E+00  final t = 0.458000E+03
 AMRCLAW: level  1  CFL = .388E+00  dt = 0.5000E+00  final t = 0.458500E+03
 AMRCLAW: level  1  CFL = .387E+00  dt = 0.5000E+00  final t = 0.459000E+03
 AMRCLAW: level  1  CFL = .387E+00  dt = 0.5000E+00  final t = 0.459500E+03
 AMRCLAW: level  1  CFL = .387E+00  dt = 0.5000E+00  final t = 0.460000E+03
 AMRCLAW: level  1  CFL = .386E+00  dt = 0.5000E+00  final t = 0.460500E+03
 AMRCLAW: level  1  CFL = .386E+00  dt = 0.5000E+00  final t = 0.461000E+03
 AMRCLAW: level  1  CFL = .386E+00  dt = 0.5000E+00  final t = 0.461500E+03
 AMRCLAW: level  1  CFL = .386E+00  dt = 0.5000E+00  final t = 0.462000E+03
 AMRCLAW: level  1  CFL = .386E+00  dt = 0.5000E+00  final t = 0.462500E+03
 AMRCLAW: level  1  CFL = .386E+00  dt = 0.5000E+00  final t = 0.463000E+03
 AMRCLAW: level  1  CFL = .386E+00  dt = 0.5000E+00  final t = 0.463500E+03
 AMRCLAW: level  1  CFL = .387E+00  dt = 0.5000E+00  final t = 0.464000E+03
 AMRCLAW: level  1  CFL = .387E+00  dt = 0.5000E+00  final t = 0.464500E+03
 AMRCLAW: level  1  CFL = .388E+00  dt = 0.5000E+00  final t = 0.465000E+03
 AMRCLAW: level  1  CFL = .388E+00  dt = 0.5000E+00  final t = 0.465500E+03
 AMRCLAW: level  1  CFL = .388E+00  dt = 0.5000E+00  final t = 0.466000E+03
 AMRCLAW: level  1  CFL = .389E+00  dt = 0.5000E+00  final t = 0.466500E+03
 AMRCLAW: level  1  CFL = .389E+00  dt = 0.5000E+00  final t = 0.467000E+03
 AMRCLAW: level  1  CFL = .389E+00  dt = 0.5000E+00  final t = 0.467500E+03
 AMRCLAW: level  1  CFL = .389E+00  dt = 0.5000E+00  final t = 0.468000E+03
 AMRCLAW: level  1  CFL = .390E+00  dt = 0.5000E+00  final t = 0.468500E+03
 AMRCLAW: level  1  CFL = .390E+00  dt = 0.5000E+00  final t = 0.469000E+03
 AMRCLAW: level  1  CFL = .390E+00  dt = 0.5000E+00  final t = 0.469500E+03
 AMRCLAW: level  1  CFL = .389E+00  dt = 0.5000E+00  final t = 0.470000E+03
 AMRCLAW: level  1  CFL = .389E+00  dt = 0.5000E+00  final t = 0.470500E+03
 AMRCLAW: level  1  CFL = .389E+00  dt = 0.5000E+00  final t = 0.471000E+03
 AMRCLAW: level  1  CFL = .389E+00  dt = 0.5000E+00  final t = 0.471500E+03
 AMRCLAW: level  1  CFL = .389E+00  dt = 0.5000E+00  final t = 0.472000E+03
 AMRCLAW: level  1  CFL = .389E+00  dt = 0.5000E+00  final t = 0.472500E+03
 AMRCLAW: level  1  CFL = .389E+00  dt = 0.5000E+00  final t = 0.473000E+03
 AMRCLAW: level  1  CFL = .389E+00  dt = 0.5000E+00  final t = 0.473500E+03
 AMRCLAW: level  1  CFL = .389E+00  dt = 0.5000E+00  final t = 0.474000E+03
 AMRCLAW: level  1  CFL = .390E+00  dt = 0.5000E+00  final t = 0.474500E+03
 AMRCLAW: level  1  CFL = .390E+00  dt = 0.5000E+00  final t = 0.475000E+03
 AMRCLAW: level  1  CFL = .390E+00  dt = 0.5000E+00  final t = 0.475500E+03
 AMRCLAW: level  1  CFL = .391E+00  dt = 0.5000E+00  final t = 0.476000E+03
 AMRCLAW: level  1  CFL = .391E+00  dt = 0.5000E+00  final t = 0.476500E+03
 AMRCLAW: level  1  CFL = .391E+00  dt = 0.5000E+00  final t = 0.477000E+03
 AMRCLAW: level  1  CFL = .391E+00  dt = 0.5000E+00  final t = 0.477500E+03
 AMRCLAW: level  1  CFL = .392E+00  dt = 0.5000E+00  final t = 0.478000E+03
 AMRCLAW: level  1  CFL = .392E+00  dt = 0.5000E+00  final t = 0.478500E+03
 AMRCLAW: level  1  CFL = .392E+00  dt = 0.5000E+00  final t = 0.479000E+03
 AMRCLAW: level  1  CFL = .392E+00  dt = 0.5000E+00  final t = 0.479500E+03
 AMRCLAW: level  1  CFL = .392E+00  dt = 0.5000E+00  final t = 0.480000E+03
GEOCLAW: Frame   16 output files done at time t =  0.480000D+03

 AMRCLAW: level  1  CFL = .392E+00  dt = 0.5000E+00  final t = 0.480500E+03
 AMRCLAW: level  1  CFL = .392E+00  dt = 0.5000E+00  final t = 0.481000E+03
 AMRCLAW: level  1  CFL = .392E+00  dt = 0.5000E+00  final t = 0.481500E+03
 AMRCLAW: level  1  CFL = .392E+00  dt = 0.5000E+00  final t = 0.482000E+03
 AMRCLAW: level  1  CFL = .392E+00  dt = 0.5000E+00  final t = 0.482500E+03
 AMRCLAW: level  1  CFL = .392E+00  dt = 0.5000E+00  final t = 0.483000E+03
 AMRCLAW: level  1  CFL = .392E+00  dt = 0.5000E+00  final t = 0.483500E+03
 AMRCLAW: level  1  CFL = .391E+00  dt = 0.5000E+00  final t = 0.484000E+03
 AMRCLAW: level  1  CFL = .391E+00  dt = 0.5000E+00  final t = 0.484500E+03
 AMRCLAW: level  1  CFL = .391E+00  dt = 0.5000E+00  final t = 0.485000E+03
 AMRCLAW: level  1  CFL = .391E+00  dt = 0.5000E+00  final t = 0.485500E+03
 AMRCLAW: level  1  CFL = .391E+00  dt = 0.5000E+00  final t = 0.486000E+03
 AMRCLAW: level  1  CFL = .390E+00  dt = 0.5000E+00  final t = 0.486500E+03
 AMRCLAW: level  1  CFL = .390E+00  dt = 0.5000E+00  final t = 0.487000E+03
 AMRCLAW: level  1  CFL = .389E+00  dt = 0.5000E+00  final t = 0.487500E+03
 AMRCLAW: level  1  CFL = .389E+00  dt = 0.5000E+00  final t = 0.488000E+03
 AMRCLAW: level  1  CFL = .388E+00  dt = 0.5000E+00  final t = 0.488500E+03
 AMRCLAW: level  1  CFL = .388E+00  dt = 0.5000E+00  final t = 0.489000E+03
 AMRCLAW: level  1  CFL = .388E+00  dt = 0.5000E+00  final t = 0.489500E+03
 AMRCLAW: level  1  CFL = .387E+00  dt = 0.5000E+00  final t = 0.490000E+03
 AMRCLAW: level  1  CFL = .387E+00  dt = 0.5000E+00  final t = 0.490500E+03
 AMRCLAW: level  1  CFL = .387E+00  dt = 0.5000E+00  final t = 0.491000E+03
 AMRCLAW: level  1  CFL = .387E+00  dt = 0.5000E+00  final t = 0.491500E+03
 AMRCLAW: level  1  CFL = .386E+00  dt = 0.5000E+00  final t = 0.492000E+03
 AMRCLAW: level  1  CFL = .386E+00  dt = 0.5000E+00  final t = 0.492500E+03
 AMRCLAW: level  1  CFL = .386E+00  dt = 0.5000E+00  final t = 0.493000E+03
 AMRCLAW: level  1  CFL = .386E+00  dt = 0.5000E+00  final t = 0.493500E+03
 AMRCLAW: level  1  CFL = .385E+00  dt = 0.5000E+00  final t = 0.494000E+03
 AMRCLAW: level  1  CFL = .385E+00  dt = 0.5000E+00  final t = 0.494500E+03
 AMRCLAW: level  1  CFL = .384E+00  dt = 0.5000E+00  final t = 0.495000E+03
 AMRCLAW: level  1  CFL = .384E+00  dt = 0.5000E+00  final t = 0.495500E+03
 AMRCLAW: level  1  CFL = .383E+00  dt = 0.5000E+00  final t = 0.496000E+03
 AMRCLAW: level  1  CFL = .383E+00  dt = 0.5000E+00  final t = 0.496500E+03
 AMRCLAW: level  1  CFL = .383E+00  dt = 0.5000E+00  final t = 0.497000E+03
 AMRCLAW: level  1  CFL = .382E+00  dt = 0.5000E+00  final t = 0.497500E+03
 AMRCLAW: level  1  CFL = .382E+00  dt = 0.5000E+00  final t = 0.498000E+03
 AMRCLAW: level  1  CFL = .382E+00  dt = 0.5000E+00  final t = 0.498500E+03
 AMRCLAW: level  1  CFL = .381E+00  dt = 0.5000E+00  final t = 0.499000E+03
 AMRCLAW: level  1  CFL = .381E+00  dt = 0.5000E+00  final t = 0.499500E+03
 AMRCLAW: level  1  CFL = .381E+00  dt = 0.5000E+00  final t = 0.500000E+03
 AMRCLAW: level  1  CFL = .380E+00  dt = 0.5000E+00  final t = 0.500500E+03
 AMRCLAW: level  1  CFL = .380E+00  dt = 0.5000E+00  final t = 0.501000E+03
 AMRCLAW: level  1  CFL = .380E+00  dt = 0.5000E+00  final t = 0.501500E+03
 AMRCLAW: level  1  CFL = .380E+00  dt = 0.5000E+00  final t = 0.502000E+03
 AMRCLAW: level  1  CFL = .379E+00  dt = 0.5000E+00  final t = 0.502500E+03
 AMRCLAW: level  1  CFL = .379E+00  dt = 0.5000E+00  final t = 0.503000E+03
 AMRCLAW: level  1  CFL = .378E+00  dt = 0.5000E+00  final t = 0.503500E+03
 AMRCLAW: level  1  CFL = .378E+00  dt = 0.5000E+00  final t = 0.504000E+03
 AMRCLAW: level  1  CFL = .378E+00  dt = 0.5000E+00  final t = 0.504500E+03
 AMRCLAW: level  1  CFL = .377E+00  dt = 0.5000E+00  final t = 0.505000E+03
 AMRCLAW: level  1  CFL = .377E+00  dt = 0.5000E+00  final t = 0.505500E+03
 AMRCLAW: level  1  CFL = .376E+00  dt = 0.5000E+00  final t = 0.506000E+03
 AMRCLAW: level  1  CFL = .376E+00  dt = 0.5000E+00  final t = 0.506500E+03
 AMRCLAW: level  1  CFL = .376E+00  dt = 0.5000E+00  final t = 0.507000E+03
 AMRCLAW: level  1  CFL = .376E+00  dt = 0.5000E+00  final t = 0.507500E+03
 AMRCLAW: level  1  CFL = .375E+00  dt = 0.5000E+00  final t = 0.508000E+03
 AMRCLAW: level  1  CFL = .375E+00  dt = 0.5000E+00  final t = 0.508500E+03
 AMRCLAW: level  1  CFL = .375E+00  dt = 0.5000E+00  final t = 0.509000E+03
 AMRCLAW: level  1  CFL = .375E+00  dt = 0.5000E+00  final t = 0.509500E+03
 AMRCLAW: level  1  CFL = .375E+00  dt = 0.5000E+00  final t = 0.510000E+03
GEOCLAW: Frame   17 output files done at time t =  0.510000D+03

 AMRCLAW: level  1  CFL = .375E+00  dt = 0.5000E+00  final t = 0.510500E+03
 AMRCLAW: level  1  CFL = .374E+00  dt = 0.5000E+00  final t = 0.511000E+03
 AMRCLAW: level  1  CFL = .374E+00  dt = 0.5000E+00  final t = 0.511500E+03
 AMRCLAW: level  1  CFL = .374E+00  dt = 0.5000E+00  final t = 0.512000E+03
 AMRCLAW: level  1  CFL = .374E+00  dt = 0.5000E+00  final t = 0.512500E+03
 AMRCLAW: level  1  CFL = .374E+00  dt = 0.5000E+00  final t = 0.513000E+03
 AMRCLAW: level  1  CFL = .373E+00  dt = 0.5000E+00  final t = 0.513500E+03
 AMRCLAW: level  1  CFL = .373E+00  dt = 0.5000E+00  final t = 0.514000E+03
 AMRCLAW: level  1  CFL = .373E+00  dt = 0.5000E+00  final t = 0.514500E+03
 AMRCLAW: level  1  CFL = .373E+00  dt = 0.5000E+00  final t = 0.515000E+03
 AMRCLAW: level  1  CFL = .372E+00  dt = 0.5000E+00  final t = 0.515500E+03
 AMRCLAW: level  1  CFL = .372E+00  dt = 0.5000E+00  final t = 0.516000E+03
 AMRCLAW: level  1  CFL = .372E+00  dt = 0.5000E+00  final t = 0.516500E+03
 AMRCLAW: level  1  CFL = .371E+00  dt = 0.5000E+00  final t = 0.517000E+03
 AMRCLAW: level  1  CFL = .371E+00  dt = 0.5000E+00  final t = 0.517500E+03
 AMRCLAW: level  1  CFL = .371E+00  dt = 0.5000E+00  final t = 0.518000E+03
 AMRCLAW: level  1  CFL = .370E+00  dt = 0.5000E+00  final t = 0.518500E+03
 AMRCLAW: level  1  CFL = .370E+00  dt = 0.5000E+00  final t = 0.519000E+03
 AMRCLAW: level  1  CFL = .370E+00  dt = 0.5000E+00  final t = 0.519500E+03
 AMRCLAW: level  1  CFL = .369E+00  dt = 0.5000E+00  final t = 0.520000E+03
 AMRCLAW: level  1  CFL = .369E+00  dt = 0.5000E+00  final t = 0.520500E+03
 AMRCLAW: level  1  CFL = .369E+00  dt = 0.5000E+00  final t = 0.521000E+03
 AMRCLAW: level  1  CFL = .368E+00  dt = 0.5000E+00  final t = 0.521500E+03
 AMRCLAW: level  1  CFL = .368E+00  dt = 0.5000E+00  final t = 0.522000E+03
 AMRCLAW: level  1  CFL = .368E+00  dt = 0.5000E+00  final t = 0.522500E+03
 AMRCLAW: level  1  CFL = .368E+00  dt = 0.5000E+00  final t = 0.523000E+03
 AMRCLAW: level  1  CFL = .367E+00  dt = 0.5000E+00  final t = 0.523500E+03
 AMRCLAW: level  1  CFL = .367E+00  dt = 0.5000E+00  final t = 0.524000E+03
 AMRCLAW: level  1  CFL = .367E+00  dt = 0.5000E+00  final t = 0.524500E+03
 AMRCLAW: level  1  CFL = .367E+00  dt = 0.5000E+00  final t = 0.525000E+03
 AMRCLAW: level  1  CFL = .366E+00  dt = 0.5000E+00  final t = 0.525500E+03
 AMRCLAW: level  1  CFL = .366E+00  dt = 0.5000E+00  final t = 0.526000E+03
 AMRCLAW: level  1  CFL = .366E+00  dt = 0.5000E+00  final t = 0.526500E+03
 AMRCLAW: level  1  CFL = .366E+00  dt = 0.5000E+00  final t = 0.527000E+03
 AMRCLAW: level  1  CFL = .365E+00  dt = 0.5000E+00  final t = 0.527500E+03
 AMRCLAW: level  1  CFL = .365E+00  dt = 0.5000E+00  final t = 0.528000E+03
 AMRCLAW: level  1  CFL = .365E+00  dt = 0.5000E+00  final t = 0.528500E+03
 AMRCLAW: level  1  CFL = .365E+00  dt = 0.5000E+00  final t = 0.529000E+03
 AMRCLAW: level  1  CFL = .364E+00  dt = 0.5000E+00  final t = 0.529500E+03
 AMRCLAW: level  1  CFL = .364E+00  dt = 0.5000E+00  final t = 0.530000E+03
 AMRCLAW: level  1  CFL = .364E+00  dt = 0.5000E+00  final t = 0.530500E+03
 AMRCLAW: level  1  CFL = .364E+00  dt = 0.5000E+00  final t = 0.531000E+03
 AMRCLAW: level  1  CFL = .364E+00  dt = 0.5000E+00  final t = 0.531500E+03
 AMRCLAW: level  1  CFL = .363E+00  dt = 0.5000E+00  final t = 0.532000E+03
 AMRCLAW: level  1  CFL = .363E+00  dt = 0.5000E+00  final t = 0.532500E+03
 AMRCLAW: level  1  CFL = .363E+00  dt = 0.5000E+00  final t = 0.533000E+03
 AMRCLAW: level  1  CFL = .362E+00  dt = 0.5000E+00  final t = 0.533500E+03
 AMRCLAW: level  1  CFL = .362E+00  dt = 0.5000E+00  final t = 0.534000E+03
 AMRCLAW: level  1  CFL = .361E+00  dt = 0.5000E+00  final t = 0.534500E+03
 AMRCLAW: level  1  CFL = .361E+00  dt = 0.5000E+00  final t = 0.535000E+03
 AMRCLAW: level  1  CFL = .360E+00  dt = 0.5000E+00  final t = 0.535500E+03
 AMRCLAW: level  1  CFL = .359E+00  dt = 0.5000E+00  final t = 0.536000E+03
 AMRCLAW: level  1  CFL = .358E+00  dt = 0.5000E+00  final t = 0.536500E+03
 AMRCLAW: level  1  CFL = .358E+00  dt = 0.5000E+00  final t = 0.537000E+03
 AMRCLAW: level  1  CFL = .357E+00  dt = 0.5000E+00  final t = 0.537500E+03
 AMRCLAW: level  1  CFL = .356E+00  dt = 0.5000E+00  final t = 0.538000E+03
 AMRCLAW: level  1  CFL = .355E+00  dt = 0.5000E+00  final t = 0.538500E+03
 AMRCLAW: level  1  CFL = .354E+00  dt = 0.5000E+00  final t = 0.539000E+03
 AMRCLAW: level  1  CFL = .353E+00  dt = 0.5000E+00  final t = 0.539500E+03
 AMRCLAW: level  1  CFL = .352E+00  dt = 0.5000E+00  final t = 0.540000E+03
GEOCLAW: Frame   18 output files done at time t =  0.540000D+03

 AMRCLAW: level  1  CFL = .351E+00  dt = 0.5000E+00  final t = 0.540500E+03
 AMRCLAW: level  1  CFL = .351E+00  dt = 0.5000E+00  final t = 0.541000E+03
 AMRCLAW: level  1  CFL = .350E+00  dt = 0.5000E+00  final t = 0.541500E+03
 AMRCLAW: level  1  CFL = .349E+00  dt = 0.5000E+00  final t = 0.542000E+03
 AMRCLAW: level  1  CFL = .348E+00  dt = 0.5000E+00  final t = 0.542500E+03
 AMRCLAW: level  1  CFL = .346E+00  dt = 0.5000E+00  final t = 0.543000E+03
 AMRCLAW: level  1  CFL = .343E+00  dt = 0.5000E+00  final t = 0.543500E+03
 AMRCLAW: level  1  CFL = .340E+00  dt = 0.5000E+00  final t = 0.544000E+03
 AMRCLAW: level  1  CFL = .337E+00  dt = 0.5000E+00  final t = 0.544500E+03
 AMRCLAW: level  1  CFL = .333E+00  dt = 0.5000E+00  final t = 0.545000E+03
 AMRCLAW: level  1  CFL = .331E+00  dt = 0.5000E+00  final t = 0.545500E+03
 AMRCLAW: level  1  CFL = .331E+00  dt = 0.5000E+00  final t = 0.546000E+03
 AMRCLAW: level  1  CFL = .330E+00  dt = 0.5000E+00  final t = 0.546500E+03
 AMRCLAW: level  1  CFL = .330E+00  dt = 0.5000E+00  final t = 0.547000E+03
 AMRCLAW: level  1  CFL = .330E+00  dt = 0.5000E+00  final t = 0.547500E+03
 AMRCLAW: level  1  CFL = .329E+00  dt = 0.5000E+00  final t = 0.548000E+03
 AMRCLAW: level  1  CFL = .329E+00  dt = 0.5000E+00  final t = 0.548500E+03
 AMRCLAW: level  1  CFL = .328E+00  dt = 0.5000E+00  final t = 0.549000E+03
 AMRCLAW: level  1  CFL = .328E+00  dt = 0.5000E+00  final t = 0.549500E+03
 AMRCLAW: level  1  CFL = .327E+00  dt = 0.5000E+00  final t = 0.550000E+03
 AMRCLAW: level  1  CFL = .326E+00  dt = 0.5000E+00  final t = 0.550500E+03
 AMRCLAW: level  1  CFL = .326E+00  dt = 0.5000E+00  final t = 0.551000E+03
 AMRCLAW: level  1  CFL = .326E+00  dt = 0.5000E+00  final t = 0.551500E+03
 AMRCLAW: level  1  CFL = .325E+00  dt = 0.5000E+00  final t = 0.552000E+03
 AMRCLAW: level  1  CFL = .325E+00  dt = 0.5000E+00  final t = 0.552500E+03
 AMRCLAW: level  1  CFL = .324E+00  dt = 0.5000E+00  final t = 0.553000E+03
 AMRCLAW: level  1  CFL = .324E+00  dt = 0.5000E+00  final t = 0.553500E+03
 AMRCLAW: level  1  CFL = .324E+00  dt = 0.5000E+00  final t = 0.554000E+03
 AMRCLAW: level  1  CFL = .324E+00  dt = 0.5000E+00  final t = 0.554500E+03
 AMRCLAW: level  1  CFL = .324E+00  dt = 0.5000E+00  final t = 0.555000E+03
 AMRCLAW: level  1  CFL = .324E+00  dt = 0.5000E+00  final t = 0.555500E+03
 AMRCLAW: level  1  CFL = .324E+00  dt = 0.5000E+00  final t = 0.556000E+03
 AMRCLAW: level  1  CFL = .324E+00  dt = 0.5000E+00  final t = 0.556500E+03
 AMRCLAW: level  1  CFL = .324E+00  dt = 0.5000E+00  final t = 0.557000E+03
 AMRCLAW: level  1  CFL = .324E+00  dt = 0.5000E+00  final t = 0.557500E+03
 AMRCLAW: level  1  CFL = .324E+00  dt = 0.5000E+00  final t = 0.558000E+03
 AMRCLAW: level  1  CFL = .324E+00  dt = 0.5000E+00  final t = 0.558500E+03
 AMRCLAW: level  1  CFL = .324E+00  dt = 0.5000E+00  final t = 0.559000E+03
 AMRCLAW: level  1  CFL = .323E+00  dt = 0.5000E+00  final t = 0.559500E+03
 AMRCLAW: level  1  CFL = .323E+00  dt = 0.5000E+00  final t = 0.560000E+03
 AMRCLAW: level  1  CFL = .323E+00  dt = 0.5000E+00  final t = 0.560500E+03
 AMRCLAW: level  1  CFL = .323E+00  dt = 0.5000E+00  final t = 0.561000E+03
 AMRCLAW: level  1  CFL = .323E+00  dt = 0.5000E+00  final t = 0.561500E+03
 AMRCLAW: level  1  CFL = .323E+00  dt = 0.5000E+00  final t = 0.562000E+03
 AMRCLAW: level  1  CFL = .323E+00  dt = 0.5000E+00  final t = 0.562500E+03
 AMRCLAW: level  1  CFL = .323E+00  dt = 0.5000E+00  final t = 0.563000E+03
 AMRCLAW: level  1  CFL = .323E+00  dt = 0.5000E+00  final t = 0.563500E+03
 AMRCLAW: level  1  CFL = .322E+00  dt = 0.5000E+00  final t = 0.564000E+03
 AMRCLAW: level  1  CFL = .322E+00  dt = 0.5000E+00  final t = 0.564500E+03
 AMRCLAW: level  1  CFL = .322E+00  dt = 0.5000E+00  final t = 0.565000E+03
 AMRCLAW: level  1  CFL = .321E+00  dt = 0.5000E+00  final t = 0.565500E+03
 AMRCLAW: level  1  CFL = .320E+00  dt = 0.5000E+00  final t = 0.566000E+03
 AMRCLAW: level  1  CFL = .319E+00  dt = 0.5000E+00  final t = 0.566500E+03
 AMRCLAW: level  1  CFL = .318E+00  dt = 0.5000E+00  final t = 0.567000E+03
 AMRCLAW: level  1  CFL = .317E+00  dt = 0.5000E+00  final t = 0.567500E+03
 AMRCLAW: level  1  CFL = .315E+00  dt = 0.5000E+00  final t = 0.568000E+03
 AMRCLAW: level  1  CFL = .313E+00  dt = 0.5000E+00  final t = 0.568500E+03
 AMRCLAW: level  1  CFL = .311E+00  dt = 0.5000E+00  final t = 0.569000E+03
 AMRCLAW: level  1  CFL = .309E+00  dt = 0.5000E+00  final t = 0.569500E+03
 AMRCLAW: level  1  CFL = .307E+00  dt = 0.5000E+00  final t = 0.570000E+03
GEOCLAW: Frame   19 output files done at time t =  0.570000D+03

 AMRCLAW: level  1  CFL = .305E+00  dt = 0.5000E+00  final t = 0.570500E+03
 AMRCLAW: level  1  CFL = .303E+00  dt = 0.5000E+00  final t = 0.571000E+03
 AMRCLAW: level  1  CFL = .301E+00  dt = 0.5000E+00  final t = 0.571500E+03
 AMRCLAW: level  1  CFL = .300E+00  dt = 0.5000E+00  final t = 0.572000E+03
 AMRCLAW: level  1  CFL = .298E+00  dt = 0.5000E+00  final t = 0.572500E+03
 AMRCLAW: level  1  CFL = .303E+00  dt = 0.5000E+00  final t = 0.573000E+03
 AMRCLAW: level  1  CFL = .294E+00  dt = 0.5000E+00  final t = 0.573500E+03
 AMRCLAW: level  1  CFL = .293E+00  dt = 0.5000E+00  final t = 0.574000E+03
 AMRCLAW: level  1  CFL = .291E+00  dt = 0.5000E+00  final t = 0.574500E+03
 AMRCLAW: level  1  CFL = .291E+00  dt = 0.5000E+00  final t = 0.575000E+03
 AMRCLAW: level  1  CFL = .291E+00  dt = 0.5000E+00  final t = 0.575500E+03
 AMRCLAW: level  1  CFL = .290E+00  dt = 0.5000E+00  final t = 0.576000E+03
 AMRCLAW: level  1  CFL = .290E+00  dt = 0.5000E+00  final t = 0.576500E+03
 AMRCLAW: level  1  CFL = .290E+00  dt = 0.5000E+00  final t = 0.577000E+03
 AMRCLAW: level  1  CFL = .290E+00  dt = 0.5000E+00  final t = 0.577500E+03
 AMRCLAW: level  1  CFL = .290E+00  dt = 0.5000E+00  final t = 0.578000E+03
 AMRCLAW: level  1  CFL = .290E+00  dt = 0.5000E+00  final t = 0.578500E+03
 AMRCLAW: level  1  CFL = .290E+00  dt = 0.5000E+00  final t = 0.579000E+03
 AMRCLAW: level  1  CFL = .289E+00  dt = 0.5000E+00  final t = 0.579500E+03
 AMRCLAW: level  1  CFL = .289E+00  dt = 0.5000E+00  final t = 0.580000E+03
 AMRCLAW: level  1  CFL = .289E+00  dt = 0.5000E+00  final t = 0.580500E+03
 AMRCLAW: level  1  CFL = .289E+00  dt = 0.5000E+00  final t = 0.581000E+03
 AMRCLAW: level  1  CFL = .289E+00  dt = 0.5000E+00  final t = 0.581500E+03
 AMRCLAW: level  1  CFL = .289E+00  dt = 0.5000E+00  final t = 0.582000E+03
 AMRCLAW: level  1  CFL = .289E+00  dt = 0.5000E+00  final t = 0.582500E+03
 AMRCLAW: level  1  CFL = .288E+00  dt = 0.5000E+00  final t = 0.583000E+03
 AMRCLAW: level  1  CFL = .287E+00  dt = 0.5000E+00  final t = 0.583500E+03
 AMRCLAW: level  1  CFL = .286E+00  dt = 0.5000E+00  final t = 0.584000E+03
 AMRCLAW: level  1  CFL = .285E+00  dt = 0.5000E+00  final t = 0.584500E+03
 AMRCLAW: level  1  CFL = .284E+00  dt = 0.5000E+00  final t = 0.585000E+03
 AMRCLAW: level  1  CFL = .283E+00  dt = 0.5000E+00  final t = 0.585500E+03
 AMRCLAW: level  1  CFL = .283E+00  dt = 0.5000E+00  final t = 0.586000E+03
 AMRCLAW: level  1  CFL = .282E+00  dt = 0.5000E+00  final t = 0.586500E+03
 AMRCLAW: level  1  CFL = .282E+00  dt = 0.5000E+00  final t = 0.587000E+03
 AMRCLAW: level  1  CFL = .283E+00  dt = 0.5000E+00  final t = 0.587500E+03
 AMRCLAW: level  1  CFL = .283E+00  dt = 0.5000E+00  final t = 0.588000E+03
 AMRCLAW: level  1  CFL = .283E+00  dt = 0.5000E+00  final t = 0.588500E+03
 AMRCLAW: level  1  CFL = .284E+00  dt = 0.5000E+00  final t = 0.589000E+03
 AMRCLAW: level  1  CFL = .284E+00  dt = 0.5000E+00  final t = 0.589500E+03
 AMRCLAW: level  1  CFL = .285E+00  dt = 0.5000E+00  final t = 0.590000E+03
 AMRCLAW: level  1  CFL = .316E+00  dt = 0.5000E+00  final t = 0.590500E+03
 AMRCLAW: level  1  CFL = .316E+00  dt = 0.5000E+00  final t = 0.591000E+03
 AMRCLAW: level  1  CFL = .285E+00  dt = 0.5000E+00  final t = 0.591500E+03
 AMRCLAW: level  1  CFL = .285E+00  dt = 0.5000E+00  final t = 0.592000E+03
 AMRCLAW: level  1  CFL = .285E+00  dt = 0.5000E+00  final t = 0.592500E+03
 AMRCLAW: level  1  CFL = .285E+00  dt = 0.5000E+00  final t = 0.593000E+03
 AMRCLAW: level  1  CFL = .285E+00  dt = 0.5000E+00  final t = 0.593500E+03
 AMRCLAW: level  1  CFL = .285E+00  dt = 0.5000E+00  final t = 0.594000E+03
 AMRCLAW: level  1  CFL = .285E+00  dt = 0.5000E+00  final t = 0.594500E+03
 AMRCLAW: level  1  CFL = .285E+00  dt = 0.5000E+00  final t = 0.595000E+03
 AMRCLAW: level  1  CFL = .284E+00  dt = 0.5000E+00  final t = 0.595500E+03
 AMRCLAW: level  1  CFL = .284E+00  dt = 0.5000E+00  final t = 0.596000E+03
 AMRCLAW: level  1  CFL = .284E+00  dt = 0.5000E+00  final t = 0.596500E+03
 AMRCLAW: level  1  CFL = .284E+00  dt = 0.5000E+00  final t = 0.597000E+03
 AMRCLAW: level  1  CFL = .284E+00  dt = 0.5000E+00  final t = 0.597500E+03
 AMRCLAW: level  1  CFL = .283E+00  dt = 0.5000E+00  final t = 0.598000E+03
 AMRCLAW: level  1  CFL = .283E+00  dt = 0.5000E+00  final t = 0.598500E+03
 AMRCLAW: level  1  CFL = .283E+00  dt = 0.5000E+00  final t = 0.599000E+03
 AMRCLAW: level  1  CFL = .283E+00  dt = 0.5000E+00  final t = 0.599500E+03
 AMRCLAW: level  1  CFL = .283E+00  dt = 0.5000E+00  final t = 0.600000E+03
GEOCLAW: Frame   20 output files done at time t =  0.600000D+03

 AMRCLAW: level  1  CFL = .282E+00  dt = 0.5000E+00  final t = 0.600500E+03
 AMRCLAW: level  1  CFL = .282E+00  dt = 0.5000E+00  final t = 0.601000E+03
 AMRCLAW: level  1  CFL = .282E+00  dt = 0.5000E+00  final t = 0.601500E+03
 AMRCLAW: level  1  CFL = .282E+00  dt = 0.5000E+00  final t = 0.602000E+03
 AMRCLAW: level  1  CFL = .282E+00  dt = 0.5000E+00  final t = 0.602500E+03
 AMRCLAW: level  1  CFL = .282E+00  dt = 0.5000E+00  final t = 0.603000E+03
 AMRCLAW: level  1  CFL = .281E+00  dt = 0.5000E+00  final t = 0.603500E+03
 AMRCLAW: level  1  CFL = .281E+00  dt = 0.5000E+00  final t = 0.604000E+03
 AMRCLAW: level  1  CFL = .281E+00  dt = 0.5000E+00  final t = 0.604500E+03
 AMRCLAW: level  1  CFL = .281E+00  dt = 0.5000E+00  final t = 0.605000E+03
 AMRCLAW: level  1  CFL = .281E+00  dt = 0.5000E+00  final t = 0.605500E+03
 AMRCLAW: level  1  CFL = .281E+00  dt = 0.5000E+00  final t = 0.606000E+03
 AMRCLAW: level  1  CFL = .281E+00  dt = 0.5000E+00  final t = 0.606500E+03
 AMRCLAW: level  1  CFL = .281E+00  dt = 0.5000E+00  final t = 0.607000E+03
 AMRCLAW: level  1  CFL = .281E+00  dt = 0.5000E+00  final t = 0.607500E+03
 AMRCLAW: level  1  CFL = .281E+00  dt = 0.5000E+00  final t = 0.608000E+03
 AMRCLAW: level  1  CFL = .281E+00  dt = 0.5000E+00  final t = 0.608500E+03
 AMRCLAW: level  1  CFL = .281E+00  dt = 0.5000E+00  final t = 0.609000E+03
 AMRCLAW: level  1  CFL = .281E+00  dt = 0.5000E+00  final t = 0.609500E+03
 AMRCLAW: level  1  CFL = .281E+00  dt = 0.5000E+00  final t = 0.610000E+03
 AMRCLAW: level  1  CFL = .281E+00  dt = 0.5000E+00  final t = 0.610500E+03
 AMRCLAW: level  1  CFL = .281E+00  dt = 0.5000E+00  final t = 0.611000E+03
 AMRCLAW: level  1  CFL = .281E+00  dt = 0.5000E+00  final t = 0.611500E+03
 AMRCLAW: level  1  CFL = .281E+00  dt = 0.5000E+00  final t = 0.612000E+03
 AMRCLAW: level  1  CFL = .281E+00  dt = 0.5000E+00  final t = 0.612500E+03
 AMRCLAW: level  1  CFL = .344E+00  dt = 0.5000E+00  final t = 0.613000E+03
 AMRCLAW: level  1  CFL = .281E+00  dt = 0.5000E+00  final t = 0.613500E+03
 AMRCLAW: level  1  CFL = .281E+00  dt = 0.5000E+00  final t = 0.614000E+03
 AMRCLAW: level  1  CFL = .281E+00  dt = 0.5000E+00  final t = 0.614500E+03
 AMRCLAW: level  1  CFL = .281E+00  dt = 0.5000E+00  final t = 0.615000E+03
 AMRCLAW: level  1  CFL = .281E+00  dt = 0.5000E+00  final t = 0.615500E+03
 AMRCLAW: level  1  CFL = .281E+00  dt = 0.5000E+00  final t = 0.616000E+03
 AMRCLAW: level  1  CFL = .281E+00  dt = 0.5000E+00  final t = 0.616500E+03
 AMRCLAW: level  1  CFL = .281E+00  dt = 0.5000E+00  final t = 0.617000E+03
 AMRCLAW: level  1  CFL = .281E+00  dt = 0.5000E+00  final t = 0.617500E+03
 AMRCLAW: level  1  CFL = .281E+00  dt = 0.5000E+00  final t = 0.618000E+03
 AMRCLAW: level  1  CFL = .281E+00  dt = 0.5000E+00  final t = 0.618500E+03
 AMRCLAW: level  1  CFL = .282E+00  dt = 0.5000E+00  final t = 0.619000E+03
 AMRCLAW: level  1  CFL = .282E+00  dt = 0.5000E+00  final t = 0.619500E+03
 AMRCLAW: level  1  CFL = .282E+00  dt = 0.5000E+00  final t = 0.620000E+03
 AMRCLAW: level  1  CFL = .282E+00  dt = 0.5000E+00  final t = 0.620500E+03
 AMRCLAW: level  1  CFL = .283E+00  dt = 0.5000E+00  final t = 0.621000E+03
 AMRCLAW: level  1  CFL = .283E+00  dt = 0.5000E+00  final t = 0.621500E+03
 AMRCLAW: level  1  CFL = .283E+00  dt = 0.5000E+00  final t = 0.622000E+03
 AMRCLAW: level  1  CFL = .283E+00  dt = 0.5000E+00  final t = 0.622500E+03
 AMRCLAW: level  1  CFL = .283E+00  dt = 0.5000E+00  final t = 0.623000E+03
 AMRCLAW: level  1  CFL = .283E+00  dt = 0.5000E+00  final t = 0.623500E+03
 AMRCLAW: level  1  CFL = .283E+00  dt = 0.5000E+00  final t = 0.624000E+03
 AMRCLAW: level  1  CFL = .284E+00  dt = 0.5000E+00  final t = 0.624500E+03
 AMRCLAW: level  1  CFL = .284E+00  dt = 0.5000E+00  final t = 0.625000E+03
 AMRCLAW: level  1  CFL = .284E+00  dt = 0.5000E+00  final t = 0.625500E+03
 AMRCLAW: level  1  CFL = .284E+00  dt = 0.5000E+00  final t = 0.626000E+03
 AMRCLAW: level  1  CFL = .284E+00  dt = 0.5000E+00  final t = 0.626500E+03
 AMRCLAW: level  1  CFL = .284E+00  dt = 0.5000E+00  final t = 0.627000E+03
 AMRCLAW: level  1  CFL = .284E+00  dt = 0.5000E+00  final t = 0.627500E+03
 AMRCLAW: level  1  CFL = .284E+00  dt = 0.5000E+00  final t = 0.628000E+03
 AMRCLAW: level  1  CFL = .284E+00  dt = 0.5000E+00  final t = 0.628500E+03
 AMRCLAW: level  1  CFL = .284E+00  dt = 0.5000E+00  final t = 0.629000E+03
 AMRCLAW: level  1  CFL = .285E+00  dt = 0.5000E+00  final t = 0.629500E+03
 AMRCLAW: level  1  CFL = .285E+00  dt = 0.5000E+00  final t = 0.630000E+03
GEOCLAW: Frame   21 output files done at time t =  0.630000D+03

 AMRCLAW: level  1  CFL = .285E+00  dt = 0.5000E+00  final t = 0.630500E+03
 AMRCLAW: level  1  CFL = .285E+00  dt = 0.5000E+00  final t = 0.631000E+03
 AMRCLAW: level  1  CFL = .285E+00  dt = 0.5000E+00  final t = 0.631500E+03
 AMRCLAW: level  1  CFL = .285E+00  dt = 0.5000E+00  final t = 0.632000E+03
 AMRCLAW: level  1  CFL = .285E+00  dt = 0.5000E+00  final t = 0.632500E+03
 AMRCLAW: level  1  CFL = .284E+00  dt = 0.5000E+00  final t = 0.633000E+03
 AMRCLAW: level  1  CFL = .284E+00  dt = 0.5000E+00  final t = 0.633500E+03
 AMRCLAW: level  1  CFL = .283E+00  dt = 0.5000E+00  final t = 0.634000E+03
 AMRCLAW: level  1  CFL = .282E+00  dt = 0.5000E+00  final t = 0.634500E+03
 AMRCLAW: level  1  CFL = .281E+00  dt = 0.5000E+00  final t = 0.635000E+03
 AMRCLAW: level  1  CFL = .280E+00  dt = 0.5000E+00  final t = 0.635500E+03
 AMRCLAW: level  1  CFL = .280E+00  dt = 0.5000E+00  final t = 0.636000E+03
 AMRCLAW: level  1  CFL = .279E+00  dt = 0.5000E+00  final t = 0.636500E+03
 AMRCLAW: level  1  CFL = .278E+00  dt = 0.5000E+00  final t = 0.637000E+03
 AMRCLAW: level  1  CFL = .278E+00  dt = 0.5000E+00  final t = 0.637500E+03
 AMRCLAW: level  1  CFL = .277E+00  dt = 0.5000E+00  final t = 0.638000E+03
 AMRCLAW: level  1  CFL = .277E+00  dt = 0.5000E+00  final t = 0.638500E+03
 AMRCLAW: level  1  CFL = .277E+00  dt = 0.5000E+00  final t = 0.639000E+03
 AMRCLAW: level  1  CFL = .276E+00  dt = 0.5000E+00  final t = 0.639500E+03
 AMRCLAW: level  1  CFL = .276E+00  dt = 0.5000E+00  final t = 0.640000E+03
 AMRCLAW: level  1  CFL = .276E+00  dt = 0.5000E+00  final t = 0.640500E+03
 AMRCLAW: level  1  CFL = .276E+00  dt = 0.5000E+00  final t = 0.641000E+03
 AMRCLAW: level  1  CFL = .276E+00  dt = 0.5000E+00  final t = 0.641500E+03
 AMRCLAW: level  1  CFL = .276E+00  dt = 0.5000E+00  final t = 0.642000E+03
 AMRCLAW: level  1  CFL = .276E+00  dt = 0.5000E+00  final t = 0.642500E+03
 AMRCLAW: level  1  CFL = .276E+00  dt = 0.5000E+00  final t = 0.643000E+03
 AMRCLAW: level  1  CFL = .277E+00  dt = 0.5000E+00  final t = 0.643500E+03
 AMRCLAW: level  1  CFL = .278E+00  dt = 0.5000E+00  final t = 0.644000E+03
 AMRCLAW: level  1  CFL = .279E+00  dt = 0.5000E+00  final t = 0.644500E+03
 AMRCLAW: level  1  CFL = .280E+00  dt = 0.5000E+00  final t = 0.645000E+03
 AMRCLAW: level  1  CFL = .282E+00  dt = 0.5000E+00  final t = 0.645500E+03
 AMRCLAW: level  1  CFL = .283E+00  dt = 0.5000E+00  final t = 0.646000E+03
 AMRCLAW: level  1  CFL = .284E+00  dt = 0.5000E+00  final t = 0.646500E+03
 AMRCLAW: level  1  CFL = .285E+00  dt = 0.5000E+00  final t = 0.647000E+03
 AMRCLAW: level  1  CFL = .286E+00  dt = 0.5000E+00  final t = 0.647500E+03
 AMRCLAW: level  1  CFL = .286E+00  dt = 0.5000E+00  final t = 0.648000E+03
 AMRCLAW: level  1  CFL = .287E+00  dt = 0.5000E+00  final t = 0.648500E+03
 AMRCLAW: level  1  CFL = .287E+00  dt = 0.5000E+00  final t = 0.649000E+03
 AMRCLAW: level  1  CFL = .287E+00  dt = 0.5000E+00  final t = 0.649500E+03
 AMRCLAW: level  1  CFL = .288E+00  dt = 0.5000E+00  final t = 0.650000E+03
 AMRCLAW: level  1  CFL = .288E+00  dt = 0.5000E+00  final t = 0.650500E+03
 AMRCLAW: level  1  CFL = .288E+00  dt = 0.5000E+00  final t = 0.651000E+03
 AMRCLAW: level  1  CFL = .288E+00  dt = 0.5000E+00  final t = 0.651500E+03
 AMRCLAW: level  1  CFL = .288E+00  dt = 0.5000E+00  final t = 0.652000E+03
 AMRCLAW: level  1  CFL = .288E+00  dt = 0.5000E+00  final t = 0.652500E+03
 AMRCLAW: level  1  CFL = .288E+00  dt = 0.5000E+00  final t = 0.653000E+03
 AMRCLAW: level  1  CFL = .287E+00  dt = 0.5000E+00  final t = 0.653500E+03
 AMRCLAW: level  1  CFL = .287E+00  dt = 0.5000E+00  final t = 0.654000E+03
 AMRCLAW: level  1  CFL = .287E+00  dt = 0.5000E+00  final t = 0.654500E+03
 AMRCLAW: level  1  CFL = .287E+00  dt = 0.5000E+00  final t = 0.655000E+03
 AMRCLAW: level  1  CFL = .287E+00  dt = 0.5000E+00  final t = 0.655500E+03
 AMRCLAW: level  1  CFL = .287E+00  dt = 0.5000E+00  final t = 0.656000E+03
 AMRCLAW: level  1  CFL = .287E+00  dt = 0.5000E+00  final t = 0.656500E+03
 AMRCLAW: level  1  CFL = .287E+00  dt = 0.5000E+00  final t = 0.657000E+03
 AMRCLAW: level  1  CFL = .287E+00  dt = 0.5000E+00  final t = 0.657500E+03
 AMRCLAW: level  1  CFL = .286E+00  dt = 0.5000E+00  final t = 0.658000E+03
 AMRCLAW: level  1  CFL = .286E+00  dt = 0.5000E+00  final t = 0.658500E+03
 AMRCLAW: level  1  CFL = .286E+00  dt = 0.5000E+00  final t = 0.659000E+03
 AMRCLAW: level  1  CFL = .286E+00  dt = 0.5000E+00  final t = 0.659500E+03
 AMRCLAW: level  1  CFL = .286E+00  dt = 0.5000E+00  final t = 0.660000E+03
GEOCLAW: Frame   22 output files done at time t =  0.660000D+03

 AMRCLAW: level  1  CFL = .286E+00  dt = 0.5000E+00  final t = 0.660500E+03
 AMRCLAW: level  1  CFL = .286E+00  dt = 0.5000E+00  final t = 0.661000E+03
 AMRCLAW: level  1  CFL = .314E+00  dt = 0.5000E+00  final t = 0.661500E+03
 AMRCLAW: level  1  CFL = .286E+00  dt = 0.5000E+00  final t = 0.662000E+03
 AMRCLAW: level  1  CFL = .286E+00  dt = 0.5000E+00  final t = 0.662500E+03
 AMRCLAW: level  1  CFL = .286E+00  dt = 0.5000E+00  final t = 0.663000E+03
 AMRCLAW: level  1  CFL = .286E+00  dt = 0.5000E+00  final t = 0.663500E+03
 AMRCLAW: level  1  CFL = .286E+00  dt = 0.5000E+00  final t = 0.664000E+03
 AMRCLAW: level  1  CFL = .286E+00  dt = 0.5000E+00  final t = 0.664500E+03
 AMRCLAW: level  1  CFL = .285E+00  dt = 0.5000E+00  final t = 0.665000E+03
 AMRCLAW: level  1  CFL = .285E+00  dt = 0.5000E+00  final t = 0.665500E+03
 AMRCLAW: level  1  CFL = .285E+00  dt = 0.5000E+00  final t = 0.666000E+03
 AMRCLAW: level  1  CFL = .285E+00  dt = 0.5000E+00  final t = 0.666500E+03
 AMRCLAW: level  1  CFL = .285E+00  dt = 0.5000E+00  final t = 0.667000E+03
 AMRCLAW: level  1  CFL = .285E+00  dt = 0.5000E+00  final t = 0.667500E+03
 AMRCLAW: level  1  CFL = .285E+00  dt = 0.5000E+00  final t = 0.668000E+03
 AMRCLAW: level  1  CFL = .285E+00  dt = 0.5000E+00  final t = 0.668500E+03
 AMRCLAW: level  1  CFL = .285E+00  dt = 0.5000E+00  final t = 0.669000E+03
 AMRCLAW: level  1  CFL = .285E+00  dt = 0.5000E+00  final t = 0.669500E+03
 AMRCLAW: level  1  CFL = .285E+00  dt = 0.5000E+00  final t = 0.670000E+03
 AMRCLAW: level  1  CFL = .285E+00  dt = 0.5000E+00  final t = 0.670500E+03
 AMRCLAW: level  1  CFL = .285E+00  dt = 0.5000E+00  final t = 0.671000E+03
 AMRCLAW: level  1  CFL = .284E+00  dt = 0.5000E+00  final t = 0.671500E+03
 AMRCLAW: level  1  CFL = .284E+00  dt = 0.5000E+00  final t = 0.672000E+03
 AMRCLAW: level  1  CFL = .284E+00  dt = 0.5000E+00  final t = 0.672500E+03
 AMRCLAW: level  1  CFL = .284E+00  dt = 0.5000E+00  final t = 0.673000E+03
 AMRCLAW: level  1  CFL = .284E+00  dt = 0.5000E+00  final t = 0.673500E+03
 AMRCLAW: level  1  CFL = .284E+00  dt = 0.5000E+00  final t = 0.674000E+03
 AMRCLAW: level  1  CFL = .284E+00  dt = 0.5000E+00  final t = 0.674500E+03
 AMRCLAW: level  1  CFL = .284E+00  dt = 0.5000E+00  final t = 0.675000E+03
 AMRCLAW: level  1  CFL = .284E+00  dt = 0.5000E+00  final t = 0.675500E+03
 AMRCLAW: level  1  CFL = .284E+00  dt = 0.5000E+00  final t = 0.676000E+03
 AMRCLAW: level  1  CFL = .283E+00  dt = 0.5000E+00  final t = 0.676500E+03
 AMRCLAW: level  1  CFL = .283E+00  dt = 0.5000E+00  final t = 0.677000E+03
 AMRCLAW: level  1  CFL = .283E+00  dt = 0.5000E+00  final t = 0.677500E+03
 AMRCLAW: level  1  CFL = .283E+00  dt = 0.5000E+00  final t = 0.678000E+03
 AMRCLAW: level  1  CFL = .283E+00  dt = 0.5000E+00  final t = 0.678500E+03
 AMRCLAW: level  1  CFL = .283E+00  dt = 0.5000E+00  final t = 0.679000E+03
 AMRCLAW: level  1  CFL = .283E+00  dt = 0.5000E+00  final t = 0.679500E+03
 AMRCLAW: level  1  CFL = .283E+00  dt = 0.5000E+00  final t = 0.680000E+03
 AMRCLAW: level  1  CFL = .283E+00  dt = 0.5000E+00  final t = 0.680500E+03
 AMRCLAW: level  1  CFL = .282E+00  dt = 0.5000E+00  final t = 0.681000E+03
 AMRCLAW: level  1  CFL = .282E+00  dt = 0.5000E+00  final t = 0.681500E+03
 AMRCLAW: level  1  CFL = .282E+00  dt = 0.5000E+00  final t = 0.682000E+03
 AMRCLAW: level  1  CFL = .282E+00  dt = 0.5000E+00  final t = 0.682500E+03
 AMRCLAW: level  1  CFL = .282E+00  dt = 0.5000E+00  final t = 0.683000E+03
 AMRCLAW: level  1  CFL = .282E+00  dt = 0.5000E+00  final t = 0.683500E+03
 AMRCLAW: level  1  CFL = .282E+00  dt = 0.5000E+00  final t = 0.684000E+03
 AMRCLAW: level  1  CFL = .282E+00  dt = 0.5000E+00  final t = 0.684500E+03
 AMRCLAW: level  1  CFL = .281E+00  dt = 0.5000E+00  final t = 0.685000E+03
 AMRCLAW: level  1  CFL = .281E+00  dt = 0.5000E+00  final t = 0.685500E+03
 AMRCLAW: level  1  CFL = .281E+00  dt = 0.5000E+00  final t = 0.686000E+03
 AMRCLAW: level  1  CFL = .281E+00  dt = 0.5000E+00  final t = 0.686500E+03
 AMRCLAW: level  1  CFL = .281E+00  dt = 0.5000E+00  final t = 0.687000E+03
 AMRCLAW: level  1  CFL = .281E+00  dt = 0.5000E+00  final t = 0.687500E+03
 AMRCLAW: level  1  CFL = .281E+00  dt = 0.5000E+00  final t = 0.688000E+03
 AMRCLAW: level  1  CFL = .281E+00  dt = 0.5000E+00  final t = 0.688500E+03
 AMRCLAW: level  1  CFL = .281E+00  dt = 0.5000E+00  final t = 0.689000E+03
 AMRCLAW: level  1  CFL = .281E+00  dt = 0.5000E+00  final t = 0.689500E+03
 AMRCLAW: level  1  CFL = .280E+00  dt = 0.5000E+00  final t = 0.690000E+03
GEOCLAW: Frame   23 output files done at time t =  0.690000D+03

 AMRCLAW: level  1  CFL = .280E+00  dt = 0.5000E+00  final t = 0.690500E+03
 AMRCLAW: level  1  CFL = .280E+00  dt = 0.5000E+00  final t = 0.691000E+03
 AMRCLAW: level  1  CFL = .280E+00  dt = 0.5000E+00  final t = 0.691500E+03
 AMRCLAW: level  1  CFL = .280E+00  dt = 0.5000E+00  final t = 0.692000E+03
 AMRCLAW: level  1  CFL = .280E+00  dt = 0.5000E+00  final t = 0.692500E+03
 AMRCLAW: level  1  CFL = .280E+00  dt = 0.5000E+00  final t = 0.693000E+03
 AMRCLAW: level  1  CFL = .280E+00  dt = 0.5000E+00  final t = 0.693500E+03
 AMRCLAW: level  1  CFL = .280E+00  dt = 0.5000E+00  final t = 0.694000E+03
 AMRCLAW: level  1  CFL = .280E+00  dt = 0.5000E+00  final t = 0.694500E+03
 AMRCLAW: level  1  CFL = .279E+00  dt = 0.5000E+00  final t = 0.695000E+03
 AMRCLAW: level  1  CFL = .279E+00  dt = 0.5000E+00  final t = 0.695500E+03
 AMRCLAW: level  1  CFL = .279E+00  dt = 0.5000E+00  final t = 0.696000E+03
 AMRCLAW: level  1  CFL = .279E+00  dt = 0.5000E+00  final t = 0.696500E+03
 AMRCLAW: level  1  CFL = .279E+00  dt = 0.5000E+00  final t = 0.697000E+03
 AMRCLAW: level  1  CFL = .279E+00  dt = 0.5000E+00  final t = 0.697500E+03
 AMRCLAW: level  1  CFL = .279E+00  dt = 0.5000E+00  final t = 0.698000E+03
 AMRCLAW: level  1  CFL = .279E+00  dt = 0.5000E+00  final t = 0.698500E+03
 AMRCLAW: level  1  CFL = .279E+00  dt = 0.5000E+00  final t = 0.699000E+03
 AMRCLAW: level  1  CFL = .279E+00  dt = 0.5000E+00  final t = 0.699500E+03
 AMRCLAW: level  1  CFL = .279E+00  dt = 0.5000E+00  final t = 0.700000E+03
 AMRCLAW: level  1  CFL = .279E+00  dt = 0.5000E+00  final t = 0.700500E+03
 AMRCLAW: level  1  CFL = .278E+00  dt = 0.5000E+00  final t = 0.701000E+03
 AMRCLAW: level  1  CFL = .278E+00  dt = 0.5000E+00  final t = 0.701500E+03
 AMRCLAW: level  1  CFL = .278E+00  dt = 0.5000E+00  final t = 0.702000E+03
 AMRCLAW: level  1  CFL = .278E+00  dt = 0.5000E+00  final t = 0.702500E+03
 AMRCLAW: level  1  CFL = .278E+00  dt = 0.5000E+00  final t = 0.703000E+03
 AMRCLAW: level  1  CFL = .278E+00  dt = 0.5000E+00  final t = 0.703500E+03
 AMRCLAW: level  1  CFL = .278E+00  dt = 0.5000E+00  final t = 0.704000E+03
 AMRCLAW: level  1  CFL = .278E+00  dt = 0.5000E+00  final t = 0.704500E+03
 AMRCLAW: level  1  CFL = .278E+00  dt = 0.5000E+00  final t = 0.705000E+03
 AMRCLAW: level  1  CFL = .278E+00  dt = 0.5000E+00  final t = 0.705500E+03
 AMRCLAW: level  1  CFL = .278E+00  dt = 0.5000E+00  final t = 0.706000E+03
 AMRCLAW: level  1  CFL = .278E+00  dt = 0.5000E+00  final t = 0.706500E+03
 AMRCLAW: level  1  CFL = .277E+00  dt = 0.5000E+00  final t = 0.707000E+03
 AMRCLAW: level  1  CFL = .277E+00  dt = 0.5000E+00  final t = 0.707500E+03
 AMRCLAW: level  1  CFL = .277E+00  dt = 0.5000E+00  final t = 0.708000E+03
 AMRCLAW: level  1  CFL = .277E+00  dt = 0.5000E+00  final t = 0.708500E+03
 AMRCLAW: level  1  CFL = .277E+00  dt = 0.5000E+00  final t = 0.709000E+03
 AMRCLAW: level  1  CFL = .277E+00  dt = 0.5000E+00  final t = 0.709500E+03
 AMRCLAW: level  1  CFL = .277E+00  dt = 0.5000E+00  final t = 0.710000E+03
 AMRCLAW: level  1  CFL = .277E+00  dt = 0.5000E+00  final t = 0.710500E+03
 AMRCLAW: level  1  CFL = .277E+00  dt = 0.5000E+00  final t = 0.711000E+03
 AMRCLAW: level  1  CFL = .277E+00  dt = 0.5000E+00  final t = 0.711500E+03
 AMRCLAW: level  1  CFL = .276E+00  dt = 0.5000E+00  final t = 0.712000E+03
 AMRCLAW: level  1  CFL = .276E+00  dt = 0.5000E+00  final t = 0.712500E+03
 AMRCLAW: level  1  CFL = .276E+00  dt = 0.5000E+00  final t = 0.713000E+03
 AMRCLAW: level  1  CFL = .276E+00  dt = 0.5000E+00  final t = 0.713500E+03
 AMRCLAW: level  1  CFL = .276E+00  dt = 0.5000E+00  final t = 0.714000E+03
 AMRCLAW: level  1  CFL = .276E+00  dt = 0.5000E+00  final t = 0.714500E+03
 AMRCLAW: level  1  CFL = .276E+00  dt = 0.5000E+00  final t = 0.715000E+03
 AMRCLAW: level  1  CFL = .276E+00  dt = 0.5000E+00  final t = 0.715500E+03
 AMRCLAW: level  1  CFL = .276E+00  dt = 0.5000E+00  final t = 0.716000E+03
 AMRCLAW: level  1  CFL = .276E+00  dt = 0.5000E+00  final t = 0.716500E+03
 AMRCLAW: level  1  CFL = .276E+00  dt = 0.5000E+00  final t = 0.717000E+03
 AMRCLAW: level  1  CFL = .275E+00  dt = 0.5000E+00  final t = 0.717500E+03
 AMRCLAW: level  1  CFL = .275E+00  dt = 0.5000E+00  final t = 0.718000E+03
 AMRCLAW: level  1  CFL = .275E+00  dt = 0.5000E+00  final t = 0.718500E+03
 AMRCLAW: level  1  CFL = .275E+00  dt = 0.5000E+00  final t = 0.719000E+03
 AMRCLAW: level  1  CFL = .275E+00  dt = 0.5000E+00  final t = 0.719500E+03
 AMRCLAW: level  1  CFL = .275E+00  dt = 0.5000E+00  final t = 0.720000E+03
GEOCLAW: Frame   24 output files done at time t =  0.720000D+03

 AMRCLAW: level  1  CFL = .275E+00  dt = 0.5000E+00  final t = 0.720500E+03
 AMRCLAW: level  1  CFL = .275E+00  dt = 0.5000E+00  final t = 0.721000E+03
 AMRCLAW: level  1  CFL = .275E+00  dt = 0.5000E+00  final t = 0.721500E+03
 AMRCLAW: level  1  CFL = .274E+00  dt = 0.5000E+00  final t = 0.722000E+03
 AMRCLAW: level  1  CFL = .274E+00  dt = 0.5000E+00  final t = 0.722500E+03
 AMRCLAW: level  1  CFL = .274E+00  dt = 0.5000E+00  final t = 0.723000E+03
 AMRCLAW: level  1  CFL = .274E+00  dt = 0.5000E+00  final t = 0.723500E+03
 AMRCLAW: level  1  CFL = .274E+00  dt = 0.5000E+00  final t = 0.724000E+03
 AMRCLAW: level  1  CFL = .274E+00  dt = 0.5000E+00  final t = 0.724500E+03
 AMRCLAW: level  1  CFL = .274E+00  dt = 0.5000E+00  final t = 0.725000E+03
 AMRCLAW: level  1  CFL = .274E+00  dt = 0.5000E+00  final t = 0.725500E+03
 AMRCLAW: level  1  CFL = .274E+00  dt = 0.5000E+00  final t = 0.726000E+03
 AMRCLAW: level  1  CFL = .274E+00  dt = 0.5000E+00  final t = 0.726500E+03
 AMRCLAW: level  1  CFL = .273E+00  dt = 0.5000E+00  final t = 0.727000E+03
 AMRCLAW: level  1  CFL = .273E+00  dt = 0.5000E+00  final t = 0.727500E+03
 AMRCLAW: level  1  CFL = .273E+00  dt = 0.5000E+00  final t = 0.728000E+03
 AMRCLAW: level  1  CFL = .273E+00  dt = 0.5000E+00  final t = 0.728500E+03
 AMRCLAW: level  1  CFL = .273E+00  dt = 0.5000E+00  final t = 0.729000E+03
 AMRCLAW: level  1  CFL = .273E+00  dt = 0.5000E+00  final t = 0.729500E+03
 AMRCLAW: level  1  CFL = .273E+00  dt = 0.5000E+00  final t = 0.730000E+03
 AMRCLAW: level  1  CFL = .273E+00  dt = 0.5000E+00  final t = 0.730500E+03
 AMRCLAW: level  1  CFL = .273E+00  dt = 0.5000E+00  final t = 0.731000E+03
 AMRCLAW: level  1  CFL = .273E+00  dt = 0.5000E+00  final t = 0.731500E+03
 AMRCLAW: level  1  CFL = .273E+00  dt = 0.5000E+00  final t = 0.732000E+03
 AMRCLAW: level  1  CFL = .272E+00  dt = 0.5000E+00  final t = 0.732500E+03
 AMRCLAW: level  1  CFL = .272E+00  dt = 0.5000E+00  final t = 0.733000E+03
 AMRCLAW: level  1  CFL = .272E+00  dt = 0.5000E+00  final t = 0.733500E+03
 AMRCLAW: level  1  CFL = .272E+00  dt = 0.5000E+00  final t = 0.734000E+03
 AMRCLAW: level  1  CFL = .272E+00  dt = 0.5000E+00  final t = 0.734500E+03
 AMRCLAW: level  1  CFL = .272E+00  dt = 0.5000E+00  final t = 0.735000E+03
 AMRCLAW: level  1  CFL = .272E+00  dt = 0.5000E+00  final t = 0.735500E+03
 AMRCLAW: level  1  CFL = .272E+00  dt = 0.5000E+00  final t = 0.736000E+03
 AMRCLAW: level  1  CFL = .272E+00  dt = 0.5000E+00  final t = 0.736500E+03
 AMRCLAW: level  1  CFL = .271E+00  dt = 0.5000E+00  final t = 0.737000E+03
 AMRCLAW: level  1  CFL = .271E+00  dt = 0.5000E+00  final t = 0.737500E+03
 AMRCLAW: level  1  CFL = .270E+00  dt = 0.5000E+00  final t = 0.738000E+03
 AMRCLAW: level  1  CFL = .268E+00  dt = 0.5000E+00  final t = 0.738500E+03
 AMRCLAW: level  1  CFL = .266E+00  dt = 0.5000E+00  final t = 0.739000E+03
 AMRCLAW: level  1  CFL = .264E+00  dt = 0.5000E+00  final t = 0.739500E+03
 AMRCLAW: level  1  CFL = .263E+00  dt = 0.5000E+00  final t = 0.740000E+03
 AMRCLAW: level  1  CFL = .261E+00  dt = 0.5000E+00  final t = 0.740500E+03
 AMRCLAW: level  1  CFL = .260E+00  dt = 0.5000E+00  final t = 0.741000E+03
 AMRCLAW: level  1  CFL = .259E+00  dt = 0.5000E+00  final t = 0.741500E+03
 AMRCLAW: level  1  CFL = .258E+00  dt = 0.5000E+00  final t = 0.742000E+03
 AMRCLAW: level  1  CFL = .257E+00  dt = 0.5000E+00  final t = 0.742500E+03
 AMRCLAW: level  1  CFL = .256E+00  dt = 0.5000E+00  final t = 0.743000E+03
 AMRCLAW: level  1  CFL = .255E+00  dt = 0.5000E+00  final t = 0.743500E+03
 AMRCLAW: level  1  CFL = .255E+00  dt = 0.5000E+00  final t = 0.744000E+03
 AMRCLAW: level  1  CFL = .254E+00  dt = 0.5000E+00  final t = 0.744500E+03
 AMRCLAW: level  1  CFL = .254E+00  dt = 0.5000E+00  final t = 0.745000E+03
 AMRCLAW: level  1  CFL = .254E+00  dt = 0.5000E+00  final t = 0.745500E+03
 AMRCLAW: level  1  CFL = .253E+00  dt = 0.5000E+00  final t = 0.746000E+03
 AMRCLAW: level  1  CFL = .253E+00  dt = 0.5000E+00  final t = 0.746500E+03
 AMRCLAW: level  1  CFL = .253E+00  dt = 0.5000E+00  final t = 0.747000E+03
 AMRCLAW: level  1  CFL = .253E+00  dt = 0.5000E+00  final t = 0.747500E+03
 AMRCLAW: level  1  CFL = .253E+00  dt = 0.5000E+00  final t = 0.748000E+03
 AMRCLAW: level  1  CFL = .253E+00  dt = 0.5000E+00  final t = 0.748500E+03
 AMRCLAW: level  1  CFL = .253E+00  dt = 0.5000E+00  final t = 0.749000E+03
 AMRCLAW: level  1  CFL = .253E+00  dt = 0.5000E+00  final t = 0.749500E+03
 AMRCLAW: level  1  CFL = .253E+00  dt = 0.5000E+00  final t = 0.750000E+03
GEOCLAW: Frame   25 output files done at time t =  0.750000D+03

 AMRCLAW: level  1  CFL = .253E+00  dt = 0.5000E+00  final t = 0.750500E+03
 AMRCLAW: level  1  CFL = .253E+00  dt = 0.5000E+00  final t = 0.751000E+03
 AMRCLAW: level  1  CFL = .254E+00  dt = 0.5000E+00  final t = 0.751500E+03
 AMRCLAW: level  1  CFL = .254E+00  dt = 0.5000E+00  final t = 0.752000E+03
 AMRCLAW: level  1  CFL = .254E+00  dt = 0.5000E+00  final t = 0.752500E+03
 AMRCLAW: level  1  CFL = .254E+00  dt = 0.5000E+00  final t = 0.753000E+03
 AMRCLAW: level  1  CFL = .255E+00  dt = 0.5000E+00  final t = 0.753500E+03
 AMRCLAW: level  1  CFL = .255E+00  dt = 0.5000E+00  final t = 0.754000E+03
 AMRCLAW: level  1  CFL = .255E+00  dt = 0.5000E+00  final t = 0.754500E+03
 AMRCLAW: level  1  CFL = .255E+00  dt = 0.5000E+00  final t = 0.755000E+03
 AMRCLAW: level  1  CFL = .255E+00  dt = 0.5000E+00  final t = 0.755500E+03
 AMRCLAW: level  1  CFL = .255E+00  dt = 0.5000E+00  final t = 0.756000E+03
 AMRCLAW: level  1  CFL = .255E+00  dt = 0.5000E+00  final t = 0.756500E+03
 AMRCLAW: level  1  CFL = .255E+00  dt = 0.5000E+00  final t = 0.757000E+03
 AMRCLAW: level  1  CFL = .261E+00  dt = 0.5000E+00  final t = 0.757500E+03
 AMRCLAW: level  1  CFL = .268E+00  dt = 0.5000E+00  final t = 0.758000E+03
 AMRCLAW: level  1  CFL = .274E+00  dt = 0.5000E+00  final t = 0.758500E+03
 AMRCLAW: level  1  CFL = .280E+00  dt = 0.5000E+00  final t = 0.759000E+03
 AMRCLAW: level  1  CFL = .287E+00  dt = 0.5000E+00  final t = 0.759500E+03
 AMRCLAW: level  1  CFL = .292E+00  dt = 0.5000E+00  final t = 0.760000E+03
 AMRCLAW: level  1  CFL = .298E+00  dt = 0.5000E+00  final t = 0.760500E+03
 AMRCLAW: level  1  CFL = .303E+00  dt = 0.5000E+00  final t = 0.761000E+03
 AMRCLAW: level  1  CFL = .308E+00  dt = 0.5000E+00  final t = 0.761500E+03
 AMRCLAW: level  1  CFL = .255E+00  dt = 0.5000E+00  final t = 0.762000E+03
 AMRCLAW: level  1  CFL = .254E+00  dt = 0.5000E+00  final t = 0.762500E+03
 AMRCLAW: level  1  CFL = .254E+00  dt = 0.5000E+00  final t = 0.763000E+03
 AMRCLAW: level  1  CFL = .254E+00  dt = 0.5000E+00  final t = 0.763500E+03
 AMRCLAW: level  1  CFL = .254E+00  dt = 0.5000E+00  final t = 0.764000E+03
 AMRCLAW: level  1  CFL = .254E+00  dt = 0.5000E+00  final t = 0.764500E+03
 AMRCLAW: level  1  CFL = .254E+00  dt = 0.5000E+00  final t = 0.765000E+03
 AMRCLAW: level  1  CFL = .254E+00  dt = 0.5000E+00  final t = 0.765500E+03
 AMRCLAW: level  1  CFL = .254E+00  dt = 0.5000E+00  final t = 0.766000E+03
 AMRCLAW: level  1  CFL = .254E+00  dt = 0.5000E+00  final t = 0.766500E+03
 AMRCLAW: level  1  CFL = .254E+00  dt = 0.5000E+00  final t = 0.767000E+03
 AMRCLAW: level  1  CFL = .254E+00  dt = 0.5000E+00  final t = 0.767500E+03
 AMRCLAW: level  1  CFL = .254E+00  dt = 0.5000E+00  final t = 0.768000E+03
 AMRCLAW: level  1  CFL = .254E+00  dt = 0.5000E+00  final t = 0.768500E+03
 AMRCLAW: level  1  CFL = .253E+00  dt = 0.5000E+00  final t = 0.769000E+03
 AMRCLAW: level  1  CFL = .253E+00  dt = 0.5000E+00  final t = 0.769500E+03
 AMRCLAW: level  1  CFL = .253E+00  dt = 0.5000E+00  final t = 0.770000E+03
 AMRCLAW: level  1  CFL = .253E+00  dt = 0.5000E+00  final t = 0.770500E+03
 AMRCLAW: level  1  CFL = .253E+00  dt = 0.5000E+00  final t = 0.771000E+03
 AMRCLAW: level  1  CFL = .253E+00  dt = 0.5000E+00  final t = 0.771500E+03
 AMRCLAW: level  1  CFL = .253E+00  dt = 0.5000E+00  final t = 0.772000E+03
 AMRCLAW: level  1  CFL = .253E+00  dt = 0.5000E+00  final t = 0.772500E+03
 AMRCLAW: level  1  CFL = .253E+00  dt = 0.5000E+00  final t = 0.773000E+03
 AMRCLAW: level  1  CFL = .253E+00  dt = 0.5000E+00  final t = 0.773500E+03
 AMRCLAW: level  1  CFL = .253E+00  dt = 0.5000E+00  final t = 0.774000E+03
 AMRCLAW: level  1  CFL = .253E+00  dt = 0.5000E+00  final t = 0.774500E+03
 AMRCLAW: level  1  CFL = .253E+00  dt = 0.5000E+00  final t = 0.775000E+03
 AMRCLAW: level  1  CFL = .253E+00  dt = 0.5000E+00  final t = 0.775500E+03
 AMRCLAW: level  1  CFL = .253E+00  dt = 0.5000E+00  final t = 0.776000E+03
 AMRCLAW: level  1  CFL = .253E+00  dt = 0.5000E+00  final t = 0.776500E+03
 AMRCLAW: level  1  CFL = .253E+00  dt = 0.5000E+00  final t = 0.777000E+03
 AMRCLAW: level  1  CFL = .254E+00  dt = 0.5000E+00  final t = 0.777500E+03
 AMRCLAW: level  1  CFL = .258E+00  dt = 0.5000E+00  final t = 0.778000E+03
 AMRCLAW: level  1  CFL = .257E+00  dt = 0.5000E+00  final t = 0.778500E+03
 AMRCLAW: level  1  CFL = .260E+00  dt = 0.5000E+00  final t = 0.779000E+03
 AMRCLAW: level  1  CFL = .263E+00  dt = 0.5000E+00  final t = 0.779500E+03
 AMRCLAW: level  1  CFL = .253E+00  dt = 0.5000E+00  final t = 0.780000E+03
GEOCLAW: Frame   26 output files done at time t =  0.780000D+03

 AMRCLAW: level  1  CFL = .254E+00  dt = 0.5000E+00  final t = 0.780500E+03
 AMRCLAW: level  1  CFL = .254E+00  dt = 0.5000E+00  final t = 0.781000E+03
 AMRCLAW: level  1  CFL = .254E+00  dt = 0.5000E+00  final t = 0.781500E+03
 AMRCLAW: level  1  CFL = .254E+00  dt = 0.5000E+00  final t = 0.782000E+03
 AMRCLAW: level  1  CFL = .254E+00  dt = 0.5000E+00  final t = 0.782500E+03
 AMRCLAW: level  1  CFL = .254E+00  dt = 0.5000E+00  final t = 0.783000E+03
 AMRCLAW: level  1  CFL = .255E+00  dt = 0.5000E+00  final t = 0.783500E+03
 AMRCLAW: level  1  CFL = .255E+00  dt = 0.5000E+00  final t = 0.784000E+03
 AMRCLAW: level  1  CFL = .255E+00  dt = 0.5000E+00  final t = 0.784500E+03
 AMRCLAW: level  1  CFL = .255E+00  dt = 0.5000E+00  final t = 0.785000E+03
 AMRCLAW: level  1  CFL = .255E+00  dt = 0.5000E+00  final t = 0.785500E+03
 AMRCLAW: level  1  CFL = .255E+00  dt = 0.5000E+00  final t = 0.786000E+03
 AMRCLAW: level  1  CFL = .256E+00  dt = 0.5000E+00  final t = 0.786500E+03
 AMRCLAW: level  1  CFL = .256E+00  dt = 0.5000E+00  final t = 0.787000E+03
 AMRCLAW: level  1  CFL = .256E+00  dt = 0.5000E+00  final t = 0.787500E+03
 AMRCLAW: level  1  CFL = .256E+00  dt = 0.5000E+00  final t = 0.788000E+03
 AMRCLAW: level  1  CFL = .256E+00  dt = 0.5000E+00  final t = 0.788500E+03
 AMRCLAW: level  1  CFL = .256E+00  dt = 0.5000E+00  final t = 0.789000E+03
 AMRCLAW: level  1  CFL = .257E+00  dt = 0.5000E+00  final t = 0.789500E+03
 AMRCLAW: level  1  CFL = .257E+00  dt = 0.5000E+00  final t = 0.790000E+03
 AMRCLAW: level  1  CFL = .257E+00  dt = 0.5000E+00  final t = 0.790500E+03
 AMRCLAW: level  1  CFL = .257E+00  dt = 0.5000E+00  final t = 0.791000E+03
 AMRCLAW: level  1  CFL = .257E+00  dt = 0.5000E+00  final t = 0.791500E+03
 AMRCLAW: level  1  CFL = .257E+00  dt = 0.5000E+00  final t = 0.792000E+03
 AMRCLAW: level  1  CFL = .257E+00  dt = 0.5000E+00  final t = 0.792500E+03
 AMRCLAW: level  1  CFL = .258E+00  dt = 0.5000E+00  final t = 0.793000E+03
 AMRCLAW: level  1  CFL = .258E+00  dt = 0.5000E+00  final t = 0.793500E+03
 AMRCLAW: level  1  CFL = .258E+00  dt = 0.5000E+00  final t = 0.794000E+03
 AMRCLAW: level  1  CFL = .258E+00  dt = 0.5000E+00  final t = 0.794500E+03
 AMRCLAW: level  1  CFL = .258E+00  dt = 0.5000E+00  final t = 0.795000E+03
 AMRCLAW: level  1  CFL = .258E+00  dt = 0.5000E+00  final t = 0.795500E+03
 AMRCLAW: level  1  CFL = .259E+00  dt = 0.5000E+00  final t = 0.796000E+03
 AMRCLAW: level  1  CFL = .259E+00  dt = 0.5000E+00  final t = 0.796500E+03
 AMRCLAW: level  1  CFL = .259E+00  dt = 0.5000E+00  final t = 0.797000E+03
 AMRCLAW: level  1  CFL = .259E+00  dt = 0.5000E+00  final t = 0.797500E+03
 AMRCLAW: level  1  CFL = .259E+00  dt = 0.5000E+00  final t = 0.798000E+03
 AMRCLAW: level  1  CFL = .259E+00  dt = 0.5000E+00  final t = 0.798500E+03
 AMRCLAW: level  1  CFL = .259E+00  dt = 0.5000E+00  final t = 0.799000E+03
 AMRCLAW: level  1  CFL = .260E+00  dt = 0.5000E+00  final t = 0.799500E+03
 AMRCLAW: level  1  CFL = .260E+00  dt = 0.5000E+00  final t = 0.800000E+03
 AMRCLAW: level  1  CFL = .260E+00  dt = 0.5000E+00  final t = 0.800500E+03
 AMRCLAW: level  1  CFL = .260E+00  dt = 0.5000E+00  final t = 0.801000E+03
 AMRCLAW: level  1  CFL = .260E+00  dt = 0.5000E+00  final t = 0.801500E+03
 AMRCLAW: level  1  CFL = .260E+00  dt = 0.5000E+00  final t = 0.802000E+03
 AMRCLAW: level  1  CFL = .260E+00  dt = 0.5000E+00  final t = 0.802500E+03
 AMRCLAW: level  1  CFL = .260E+00  dt = 0.5000E+00  final t = 0.803000E+03
 AMRCLAW: level  1  CFL = .261E+00  dt = 0.5000E+00  final t = 0.803500E+03
 AMRCLAW: level  1  CFL = .261E+00  dt = 0.5000E+00  final t = 0.804000E+03
 AMRCLAW: level  1  CFL = .261E+00  dt = 0.5000E+00  final t = 0.804500E+03
 AMRCLAW: level  1  CFL = .261E+00  dt = 0.5000E+00  final t = 0.805000E+03
 AMRCLAW: level  1  CFL = .261E+00  dt = 0.5000E+00  final t = 0.805500E+03
 AMRCLAW: level  1  CFL = .261E+00  dt = 0.5000E+00  final t = 0.806000E+03
 AMRCLAW: level  1  CFL = .261E+00  dt = 0.5000E+00  final t = 0.806500E+03
 AMRCLAW: level  1  CFL = .261E+00  dt = 0.5000E+00  final t = 0.807000E+03
 AMRCLAW: level  1  CFL = .262E+00  dt = 0.5000E+00  final t = 0.807500E+03
 AMRCLAW: level  1  CFL = .262E+00  dt = 0.5000E+00  final t = 0.808000E+03
 AMRCLAW: level  1  CFL = .262E+00  dt = 0.5000E+00  final t = 0.808500E+03
 AMRCLAW: level  1  CFL = .262E+00  dt = 0.5000E+00  final t = 0.809000E+03
 AMRCLAW: level  1  CFL = .262E+00  dt = 0.5000E+00  final t = 0.809500E+03
 AMRCLAW: level  1  CFL = .262E+00  dt = 0.5000E+00  final t = 0.810000E+03
GEOCLAW: Frame   27 output files done at time t =  0.810000D+03

 AMRCLAW: level  1  CFL = .262E+00  dt = 0.5000E+00  final t = 0.810500E+03
 AMRCLAW: level  1  CFL = .262E+00  dt = 0.5000E+00  final t = 0.811000E+03
 AMRCLAW: level  1  CFL = .263E+00  dt = 0.5000E+00  final t = 0.811500E+03
 AMRCLAW: level  1  CFL = .265E+00  dt = 0.5000E+00  final t = 0.812000E+03
 AMRCLAW: level  1  CFL = .266E+00  dt = 0.5000E+00  final t = 0.812500E+03
 AMRCLAW: level  1  CFL = .267E+00  dt = 0.5000E+00  final t = 0.813000E+03
 AMRCLAW: level  1  CFL = .267E+00  dt = 0.5000E+00  final t = 0.813500E+03
 AMRCLAW: level  1  CFL = .267E+00  dt = 0.5000E+00  final t = 0.814000E+03
 AMRCLAW: level  1  CFL = .267E+00  dt = 0.5000E+00  final t = 0.814500E+03
 AMRCLAW: level  1  CFL = .267E+00  dt = 0.5000E+00  final t = 0.815000E+03
 AMRCLAW: level  1  CFL = .267E+00  dt = 0.5000E+00  final t = 0.815500E+03
 AMRCLAW: level  1  CFL = .267E+00  dt = 0.5000E+00  final t = 0.816000E+03
 AMRCLAW: level  1  CFL = .267E+00  dt = 0.5000E+00  final t = 0.816500E+03
 AMRCLAW: level  1  CFL = .267E+00  dt = 0.5000E+00  final t = 0.817000E+03
 AMRCLAW: level  1  CFL = .267E+00  dt = 0.5000E+00  final t = 0.817500E+03
 AMRCLAW: level  1  CFL = .267E+00  dt = 0.5000E+00  final t = 0.818000E+03
 AMRCLAW: level  1  CFL = .267E+00  dt = 0.5000E+00  final t = 0.818500E+03
 AMRCLAW: level  1  CFL = .267E+00  dt = 0.5000E+00  final t = 0.819000E+03
 AMRCLAW: level  1  CFL = .267E+00  dt = 0.5000E+00  final t = 0.819500E+03
 AMRCLAW: level  1  CFL = .267E+00  dt = 0.5000E+00  final t = 0.820000E+03
 AMRCLAW: level  1  CFL = .267E+00  dt = 0.5000E+00  final t = 0.820500E+03
 AMRCLAW: level  1  CFL = .267E+00  dt = 0.5000E+00  final t = 0.821000E+03
 AMRCLAW: level  1  CFL = .267E+00  dt = 0.5000E+00  final t = 0.821500E+03
 AMRCLAW: level  1  CFL = .267E+00  dt = 0.5000E+00  final t = 0.822000E+03
 AMRCLAW: level  1  CFL = .267E+00  dt = 0.5000E+00  final t = 0.822500E+03
 AMRCLAW: level  1  CFL = .267E+00  dt = 0.5000E+00  final t = 0.823000E+03
 AMRCLAW: level  1  CFL = .267E+00  dt = 0.5000E+00  final t = 0.823500E+03
 AMRCLAW: level  1  CFL = .267E+00  dt = 0.5000E+00  final t = 0.824000E+03
 AMRCLAW: level  1  CFL = .267E+00  dt = 0.5000E+00  final t = 0.824500E+03
 AMRCLAW: level  1  CFL = .267E+00  dt = 0.5000E+00  final t = 0.825000E+03
 AMRCLAW: level  1  CFL = .267E+00  dt = 0.5000E+00  final t = 0.825500E+03
 AMRCLAW: level  1  CFL = .267E+00  dt = 0.5000E+00  final t = 0.826000E+03
 AMRCLAW: level  1  CFL = .267E+00  dt = 0.5000E+00  final t = 0.826500E+03
 AMRCLAW: level  1  CFL = .267E+00  dt = 0.5000E+00  final t = 0.827000E+03
 AMRCLAW: level  1  CFL = .267E+00  dt = 0.5000E+00  final t = 0.827500E+03
 AMRCLAW: level  1  CFL = .267E+00  dt = 0.5000E+00  final t = 0.828000E+03
 AMRCLAW: level  1  CFL = .267E+00  dt = 0.5000E+00  final t = 0.828500E+03
 AMRCLAW: level  1  CFL = .267E+00  dt = 0.5000E+00  final t = 0.829000E+03
 AMRCLAW: level  1  CFL = .267E+00  dt = 0.5000E+00  final t = 0.829500E+03
 AMRCLAW: level  1  CFL = .267E+00  dt = 0.5000E+00  final t = 0.830000E+03
 AMRCLAW: level  1  CFL = .267E+00  dt = 0.5000E+00  final t = 0.830500E+03
 AMRCLAW: level  1  CFL = .267E+00  dt = 0.5000E+00  final t = 0.831000E+03
 AMRCLAW: level  1  CFL = .267E+00  dt = 0.5000E+00  final t = 0.831500E+03
 AMRCLAW: level  1  CFL = .267E+00  dt = 0.5000E+00  final t = 0.832000E+03
 AMRCLAW: level  1  CFL = .267E+00  dt = 0.5000E+00  final t = 0.832500E+03
 AMRCLAW: level  1  CFL = .267E+00  dt = 0.5000E+00  final t = 0.833000E+03
 AMRCLAW: level  1  CFL = .267E+00  dt = 0.5000E+00  final t = 0.833500E+03
 AMRCLAW: level  1  CFL = .267E+00  dt = 0.5000E+00  final t = 0.834000E+03
 AMRCLAW: level  1  CFL = .267E+00  dt = 0.5000E+00  final t = 0.834500E+03
 AMRCLAW: level  1  CFL = .267E+00  dt = 0.5000E+00  final t = 0.835000E+03
 AMRCLAW: level  1  CFL = .267E+00  dt = 0.5000E+00  final t = 0.835500E+03
 AMRCLAW: level  1  CFL = .267E+00  dt = 0.5000E+00  final t = 0.836000E+03
 AMRCLAW: level  1  CFL = .267E+00  dt = 0.5000E+00  final t = 0.836500E+03
 AMRCLAW: level  1  CFL = .267E+00  dt = 0.5000E+00  final t = 0.837000E+03
 AMRCLAW: level  1  CFL = .267E+00  dt = 0.5000E+00  final t = 0.837500E+03
 AMRCLAW: level  1  CFL = .267E+00  dt = 0.5000E+00  final t = 0.838000E+03
 AMRCLAW: level  1  CFL = .267E+00  dt = 0.5000E+00  final t = 0.838500E+03
 AMRCLAW: level  1  CFL = .267E+00  dt = 0.5000E+00  final t = 0.839000E+03
 AMRCLAW: level  1  CFL = .267E+00  dt = 0.5000E+00  final t = 0.839500E+03
 AMRCLAW: level  1  CFL = .267E+00  dt = 0.5000E+00  final t = 0.840000E+03
GEOCLAW: Frame   28 output files done at time t =  0.840000D+03

 AMRCLAW: level  1  CFL = .268E+00  dt = 0.5000E+00  final t = 0.840500E+03
 AMRCLAW: level  1  CFL = .268E+00  dt = 0.5000E+00  final t = 0.841000E+03
 AMRCLAW: level  1  CFL = .268E+00  dt = 0.5000E+00  final t = 0.841500E+03
 AMRCLAW: level  1  CFL = .268E+00  dt = 0.5000E+00  final t = 0.842000E+03
 AMRCLAW: level  1  CFL = .268E+00  dt = 0.5000E+00  final t = 0.842500E+03
 AMRCLAW: level  1  CFL = .268E+00  dt = 0.5000E+00  final t = 0.843000E+03
 AMRCLAW: level  1  CFL = .268E+00  dt = 0.5000E+00  final t = 0.843500E+03
 AMRCLAW: level  1  CFL = .268E+00  dt = 0.5000E+00  final t = 0.844000E+03
 AMRCLAW: level  1  CFL = .268E+00  dt = 0.5000E+00  final t = 0.844500E+03
 AMRCLAW: level  1  CFL = .268E+00  dt = 0.5000E+00  final t = 0.845000E+03
 AMRCLAW: level  1  CFL = .268E+00  dt = 0.5000E+00  final t = 0.845500E+03
 AMRCLAW: level  1  CFL = .268E+00  dt = 0.5000E+00  final t = 0.846000E+03
 AMRCLAW: level  1  CFL = .268E+00  dt = 0.5000E+00  final t = 0.846500E+03
 AMRCLAW: level  1  CFL = .268E+00  dt = 0.5000E+00  final t = 0.847000E+03
 AMRCLAW: level  1  CFL = .267E+00  dt = 0.5000E+00  final t = 0.847500E+03
 AMRCLAW: level  1  CFL = .267E+00  dt = 0.5000E+00  final t = 0.848000E+03
 AMRCLAW: level  1  CFL = .267E+00  dt = 0.5000E+00  final t = 0.848500E+03
 AMRCLAW: level  1  CFL = .267E+00  dt = 0.5000E+00  final t = 0.849000E+03
 AMRCLAW: level  1  CFL = .267E+00  dt = 0.5000E+00  final t = 0.849500E+03
 AMRCLAW: level  1  CFL = .267E+00  dt = 0.5000E+00  final t = 0.850000E+03
 AMRCLAW: level  1  CFL = .267E+00  dt = 0.5000E+00  final t = 0.850500E+03
 AMRCLAW: level  1  CFL = .267E+00  dt = 0.5000E+00  final t = 0.851000E+03
 AMRCLAW: level  1  CFL = .266E+00  dt = 0.5000E+00  final t = 0.851500E+03
 AMRCLAW: level  1  CFL = .266E+00  dt = 0.5000E+00  final t = 0.852000E+03
 AMRCLAW: level  1  CFL = .266E+00  dt = 0.5000E+00  final t = 0.852500E+03
 AMRCLAW: level  1  CFL = .266E+00  dt = 0.5000E+00  final t = 0.853000E+03
 AMRCLAW: level  1  CFL = .266E+00  dt = 0.5000E+00  final t = 0.853500E+03
 AMRCLAW: level  1  CFL = .266E+00  dt = 0.5000E+00  final t = 0.854000E+03
 AMRCLAW: level  1  CFL = .266E+00  dt = 0.5000E+00  final t = 0.854500E+03
 AMRCLAW: level  1  CFL = .266E+00  dt = 0.5000E+00  final t = 0.855000E+03
 AMRCLAW: level  1  CFL = .266E+00  dt = 0.5000E+00  final t = 0.855500E+03
 AMRCLAW: level  1  CFL = .266E+00  dt = 0.5000E+00  final t = 0.856000E+03
 AMRCLAW: level  1  CFL = .266E+00  dt = 0.5000E+00  final t = 0.856500E+03
 AMRCLAW: level  1  CFL = .266E+00  dt = 0.5000E+00  final t = 0.857000E+03
 AMRCLAW: level  1  CFL = .265E+00  dt = 0.5000E+00  final t = 0.857500E+03
 AMRCLAW: level  1  CFL = .265E+00  dt = 0.5000E+00  final t = 0.858000E+03
 AMRCLAW: level  1  CFL = .265E+00  dt = 0.5000E+00  final t = 0.858500E+03
 AMRCLAW: level  1  CFL = .265E+00  dt = 0.5000E+00  final t = 0.859000E+03
 AMRCLAW: level  1  CFL = .264E+00  dt = 0.5000E+00  final t = 0.859500E+03
 AMRCLAW: level  1  CFL = .264E+00  dt = 0.5000E+00  final t = 0.860000E+03
 AMRCLAW: level  1  CFL = .264E+00  dt = 0.5000E+00  final t = 0.860500E+03
 AMRCLAW: level  1  CFL = .264E+00  dt = 0.5000E+00  final t = 0.861000E+03
 AMRCLAW: level  1  CFL = .263E+00  dt = 0.5000E+00  final t = 0.861500E+03
 AMRCLAW: level  1  CFL = .263E+00  dt = 0.5000E+00  final t = 0.862000E+03
 AMRCLAW: level  1  CFL = .263E+00  dt = 0.5000E+00  final t = 0.862500E+03
 AMRCLAW: level  1  CFL = .263E+00  dt = 0.5000E+00  final t = 0.863000E+03
 AMRCLAW: level  1  CFL = .263E+00  dt = 0.5000E+00  final t = 0.863500E+03
 AMRCLAW: level  1  CFL = .262E+00  dt = 0.5000E+00  final t = 0.864000E+03
 AMRCLAW: level  1  CFL = .262E+00  dt = 0.5000E+00  final t = 0.864500E+03
 AMRCLAW: level  1  CFL = .262E+00  dt = 0.5000E+00  final t = 0.865000E+03
 AMRCLAW: level  1  CFL = .262E+00  dt = 0.5000E+00  final t = 0.865500E+03
 AMRCLAW: level  1  CFL = .262E+00  dt = 0.5000E+00  final t = 0.866000E+03
 AMRCLAW: level  1  CFL = .262E+00  dt = 0.5000E+00  final t = 0.866500E+03
 AMRCLAW: level  1  CFL = .261E+00  dt = 0.5000E+00  final t = 0.867000E+03
 AMRCLAW: level  1  CFL = .261E+00  dt = 0.5000E+00  final t = 0.867500E+03
 AMRCLAW: level  1  CFL = .261E+00  dt = 0.5000E+00  final t = 0.868000E+03
 AMRCLAW: level  1  CFL = .261E+00  dt = 0.5000E+00  final t = 0.868500E+03
 AMRCLAW: level  1  CFL = .261E+00  dt = 0.5000E+00  final t = 0.869000E+03
 AMRCLAW: level  1  CFL = .261E+00  dt = 0.5000E+00  final t = 0.869500E+03
 AMRCLAW: level  1  CFL = .261E+00  dt = 0.5000E+00  final t = 0.870000E+03
GEOCLAW: Frame   29 output files done at time t =  0.870000D+03

 AMRCLAW: level  1  CFL = .260E+00  dt = 0.5000E+00  final t = 0.870500E+03
 AMRCLAW: level  1  CFL = .260E+00  dt = 0.5000E+00  final t = 0.871000E+03
 AMRCLAW: level  1  CFL = .260E+00  dt = 0.5000E+00  final t = 0.871500E+03
 AMRCLAW: level  1  CFL = .260E+00  dt = 0.5000E+00  final t = 0.872000E+03
 AMRCLAW: level  1  CFL = .260E+00  dt = 0.5000E+00  final t = 0.872500E+03
 AMRCLAW: level  1  CFL = .260E+00  dt = 0.5000E+00  final t = 0.873000E+03
 AMRCLAW: level  1  CFL = .260E+00  dt = 0.5000E+00  final t = 0.873500E+03
 AMRCLAW: level  1  CFL = .260E+00  dt = 0.5000E+00  final t = 0.874000E+03
 AMRCLAW: level  1  CFL = .259E+00  dt = 0.5000E+00  final t = 0.874500E+03
 AMRCLAW: level  1  CFL = .259E+00  dt = 0.5000E+00  final t = 0.875000E+03
 AMRCLAW: level  1  CFL = .259E+00  dt = 0.5000E+00  final t = 0.875500E+03
 AMRCLAW: level  1  CFL = .259E+00  dt = 0.5000E+00  final t = 0.876000E+03
 AMRCLAW: level  1  CFL = .259E+00  dt = 0.5000E+00  final t = 0.876500E+03
 AMRCLAW: level  1  CFL = .259E+00  dt = 0.5000E+00  final t = 0.877000E+03
 AMRCLAW: level  1  CFL = .259E+00  dt = 0.5000E+00  final t = 0.877500E+03
 AMRCLAW: level  1  CFL = .259E+00  dt = 0.5000E+00  final t = 0.878000E+03
 AMRCLAW: level  1  CFL = .259E+00  dt = 0.5000E+00  final t = 0.878500E+03
 AMRCLAW: level  1  CFL = .259E+00  dt = 0.5000E+00  final t = 0.879000E+03
 AMRCLAW: level  1  CFL = .259E+00  dt = 0.5000E+00  final t = 0.879500E+03
 AMRCLAW: level  1  CFL = .258E+00  dt = 0.5000E+00  final t = 0.880000E+03
 AMRCLAW: level  1  CFL = .258E+00  dt = 0.5000E+00  final t = 0.880500E+03
 AMRCLAW: level  1  CFL = .258E+00  dt = 0.5000E+00  final t = 0.881000E+03
 AMRCLAW: level  1  CFL = .258E+00  dt = 0.5000E+00  final t = 0.881500E+03
 AMRCLAW: level  1  CFL = .258E+00  dt = 0.5000E+00  final t = 0.882000E+03
 AMRCLAW: level  1  CFL = .258E+00  dt = 0.5000E+00  final t = 0.882500E+03
 AMRCLAW: level  1  CFL = .258E+00  dt = 0.5000E+00  final t = 0.883000E+03
 AMRCLAW: level  1  CFL = .257E+00  dt = 0.5000E+00  final t = 0.883500E+03
 AMRCLAW: level  1  CFL = .257E+00  dt = 0.5000E+00  final t = 0.884000E+03
 AMRCLAW: level  1  CFL = .257E+00  dt = 0.5000E+00  final t = 0.884500E+03
 AMRCLAW: level  1  CFL = .257E+00  dt = 0.5000E+00  final t = 0.885000E+03
 AMRCLAW: level  1  CFL = .257E+00  dt = 0.5000E+00  final t = 0.885500E+03
 AMRCLAW: level  1  CFL = .257E+00  dt = 0.5000E+00  final t = 0.886000E+03
 AMRCLAW: level  1  CFL = .257E+00  dt = 0.5000E+00  final t = 0.886500E+03
 AMRCLAW: level  1  CFL = .257E+00  dt = 0.5000E+00  final t = 0.887000E+03
 AMRCLAW: level  1  CFL = .257E+00  dt = 0.5000E+00  final t = 0.887500E+03
 AMRCLAW: level  1  CFL = .256E+00  dt = 0.5000E+00  final t = 0.888000E+03
 AMRCLAW: level  1  CFL = .256E+00  dt = 0.5000E+00  final t = 0.888500E+03
 AMRCLAW: level  1  CFL = .256E+00  dt = 0.5000E+00  final t = 0.889000E+03
 AMRCLAW: level  1  CFL = .256E+00  dt = 0.5000E+00  final t = 0.889500E+03
 AMRCLAW: level  1  CFL = .256E+00  dt = 0.5000E+00  final t = 0.890000E+03
 AMRCLAW: level  1  CFL = .256E+00  dt = 0.5000E+00  final t = 0.890500E+03
 AMRCLAW: level  1  CFL = .256E+00  dt = 0.5000E+00  final t = 0.891000E+03
 AMRCLAW: level  1  CFL = .256E+00  dt = 0.5000E+00  final t = 0.891500E+03
 AMRCLAW: level  1  CFL = .256E+00  dt = 0.5000E+00  final t = 0.892000E+03
 AMRCLAW: level  1  CFL = .256E+00  dt = 0.5000E+00  final t = 0.892500E+03
 AMRCLAW: level  1  CFL = .256E+00  dt = 0.5000E+00  final t = 0.893000E+03
 AMRCLAW: level  1  CFL = .256E+00  dt = 0.5000E+00  final t = 0.893500E+03
 AMRCLAW: level  1  CFL = .256E+00  dt = 0.5000E+00  final t = 0.894000E+03
 AMRCLAW: level  1  CFL = .255E+00  dt = 0.5000E+00  final t = 0.894500E+03
 AMRCLAW: level  1  CFL = .255E+00  dt = 0.5000E+00  final t = 0.895000E+03
 AMRCLAW: level  1  CFL = .255E+00  dt = 0.5000E+00  final t = 0.895500E+03
 AMRCLAW: level  1  CFL = .255E+00  dt = 0.5000E+00  final t = 0.896000E+03
 AMRCLAW: level  1  CFL = .255E+00  dt = 0.5000E+00  final t = 0.896500E+03
 AMRCLAW: level  1  CFL = .255E+00  dt = 0.5000E+00  final t = 0.897000E+03
 AMRCLAW: level  1  CFL = .255E+00  dt = 0.5000E+00  final t = 0.897500E+03
 AMRCLAW: level  1  CFL = .255E+00  dt = 0.5000E+00  final t = 0.898000E+03
 AMRCLAW: level  1  CFL = .255E+00  dt = 0.5000E+00  final t = 0.898500E+03
 AMRCLAW: level  1  CFL = .255E+00  dt = 0.5000E+00  final t = 0.899000E+03
 AMRCLAW: level  1  CFL = .255E+00  dt = 0.5000E+00  final t = 0.899500E+03
 AMRCLAW: level  1  CFL = .255E+00  dt = 0.5000E+00  final t = 0.900000E+03
GEOCLAW: Frame   30 output files done at time t =  0.900000D+03

 Done integrating to time    900.00000000000000     
 Writing to file fgmax0001.txt                 
See fort.amr for more info on this run and memory usage

============================== Timing Data ==============================

Integration Time (stepgrid + BC + overhead)
Level           Wall Time (seconds)    CPU Time (seconds)   Total Cell Updates
  1                    72.889                266.651            0.839E+08
total                  72.889                266.651            0.839E+08

All levels:
stepgrid               72.715                266.130    
BC/ghost cells          0.166                  0.486
Regridding              0.000                  0.000  
Output (valout)         8.710                 11.720  

Total time:            81.985                279.159  
Using 12 thread(s)

Note: The CPU times are summed over all threads.
      Total time includes more than the subroutines listed above
Note: timings are also recorded for each output step
      in the file timing.csv.

=========================================================================

 maximum Courant number seen =    0.45666
