Reading data file: claw.data
         first 5 lines are comments and will be skipped
Reading data file: amr.data
         first 5 lines are comments and will be skipped
  
 Running amrclaw ...  
  
Reading data file: geoclaw.data
         first 5 lines are comments and will be skipped
Reading data file: refinement.data
         first 5 lines are comments and will be skipped
Reading data file: dtopo.data
         first 5 lines are comments and will be skipped
Reading data file: topo.data
         first 5 lines are comments and will be skipped
 *** in file: /root/autodl-tmp/Debris-flow-jilong-final/sim/dclaw/jilong_published_route_rebase/published_route_domain_64m.tt3
     Shifting xllcorner by 0.5*dx to cell center
 *** in file: /root/autodl-tmp/Debris-flow-jilong-final/sim/dclaw/jilong_published_route_rebase/published_route_domain_64m.tt3
     Shifting yllcorner by 0.5*dy to cell center
  
 Reading topography file  /root/autodl-tmp/Debris-flow-jilong-final/sim/dclaw/jilong_published_route_rebase/published_route_domain_64m.tt3                                      
 **** WARNING
 **** topo arrays do not quite cover domain
 **** area of overlap =    179568640.00000000     
 **** area of domain  =    181350400.00000000     
 **** error is less than 1% so proceeding...
Reading data file: auxinit_dclaw.data       
         first 5 lines are comments and will be skipped
  
 Reading auxinit file  /root/autodl-tmp/Debris-flow-jilong-final/sim/dclaw/jilong_published_route_rebase/entrainment/erodible_thickness_e4_published.tt3                     
Reading data file: fgout_grids.data
         first 5 lines are comments and will be skipped
Reading data file: regions.data
         first 5 lines are comments and will be skipped
Reading data file: flagregions.data
         first 5 lines are comments and will be skipped
Reading data file: gauges.data
         first 5 lines are comments and will be skipped
Reading data file: fgmax_grids.data
         first 5 lines are comments and will be skipped
 +++ fgbb:    338894.00000000000        356430.00000000000        3127228.0000000000        3137468.0000000000     
 +++ fgll:    338894.00000000000        3127228.0000000000              275         161
 +++ fg%x(npts), fg%y(1):    356430.00000000000        3127228.0000000000     
Reading data file: dclaw.data               
         first 5 lines are comments and will be skipped
Reading data file: pinit_dclaw.data         
         first 5 lines are comments and will be skipped
Reading data file: qinit_dclaw.data         
         first 5 lines are comments and will be skipped
Reading data file: flowgrades.data          
         first 5 lines are comments and will be skipped
 rnode allocated...
 node allocated...
 listOfGrids allocated...
 Storage allocated...
 bndList allocated...
Gridding level   1 at t =  0.000000E+00:     1 grids with       44275 cells
  max threads set to           12
  
 Done reading data, starting computation ...  
  
 Total mass at initial time:    0.0000000000000000     
GEOCLAW: Frame    0 output files done at time t =  0.000000D+00

 AMRCLAW: level  1  CFL = .000E+00  dt = 0.5000E-01  final t = 0.500000E-01
 AMRCLAW: level  1  CFL = .000E+00  dt = 0.5000E+00  final t = 0.550000E+00
 AMRCLAW: level  1  CFL = .781E-02  dt = 0.5000E+00  final t = 0.105000E+01
 AMRCLAW: level  1  CFL = .208E-01  dt = 0.5000E+00  final t = 0.155000E+01
 AMRCLAW: level  1  CFL = .352E-01  dt = 0.5000E+00  final t = 0.205000E+01
 AMRCLAW: level  1  CFL = .453E-01  dt = 0.5000E+00  final t = 0.255000E+01
 AMRCLAW: level  1  CFL = .604E-01  dt = 0.5000E+00  final t = 0.305000E+01
 AMRCLAW: level  1  CFL = .755E-01  dt = 0.5000E+00  final t = 0.355000E+01
 AMRCLAW: level  1  CFL = .902E-01  dt = 0.5000E+00  final t = 0.405000E+01
 AMRCLAW: level  1  CFL = .105E+00  dt = 0.5000E+00  final t = 0.455000E+01
 AMRCLAW: level  1  CFL = .119E+00  dt = 0.5000E+00  final t = 0.505000E+01
 AMRCLAW: level  1  CFL = .132E+00  dt = 0.5000E+00  final t = 0.555000E+01
 AMRCLAW: level  1  CFL = .145E+00  dt = 0.5000E+00  final t = 0.605000E+01
 AMRCLAW: level  1  CFL = .157E+00  dt = 0.5000E+00  final t = 0.655000E+01
 AMRCLAW: level  1  CFL = .167E+00  dt = 0.5000E+00  final t = 0.705000E+01
 AMRCLAW: level  1  CFL = .177E+00  dt = 0.5000E+00  final t = 0.755000E+01
 AMRCLAW: level  1  CFL = .186E+00  dt = 0.5000E+00  final t = 0.805000E+01
 AMRCLAW: level  1  CFL = .195E+00  dt = 0.5000E+00  final t = 0.855000E+01
 AMRCLAW: level  1  CFL = .204E+00  dt = 0.5000E+00  final t = 0.905000E+01
 AMRCLAW: level  1  CFL = .214E+00  dt = 0.5000E+00  final t = 0.955000E+01
 AMRCLAW: level  1  CFL = .224E+00  dt = 0.5000E+00  final t = 0.100500E+02
 AMRCLAW: level  1  CFL = .236E+00  dt = 0.5000E+00  final t = 0.105500E+02
 AMRCLAW: level  1  CFL = .247E+00  dt = 0.5000E+00  final t = 0.110500E+02
 AMRCLAW: level  1  CFL = .259E+00  dt = 0.5000E+00  final t = 0.115500E+02
 AMRCLAW: level  1  CFL = .269E+00  dt = 0.5000E+00  final t = 0.120500E+02
 AMRCLAW: level  1  CFL = .279E+00  dt = 0.5000E+00  final t = 0.125500E+02
 AMRCLAW: level  1  CFL = .289E+00  dt = 0.5000E+00  final t = 0.130500E+02
 AMRCLAW: level  1  CFL = .298E+00  dt = 0.5000E+00  final t = 0.135500E+02
 AMRCLAW: level  1  CFL = .307E+00  dt = 0.5000E+00  final t = 0.140500E+02
 AMRCLAW: level  1  CFL = .315E+00  dt = 0.5000E+00  final t = 0.145500E+02
 AMRCLAW: level  1  CFL = .322E+00  dt = 0.5000E+00  final t = 0.150500E+02
 AMRCLAW: level  1  CFL = .328E+00  dt = 0.5000E+00  final t = 0.155500E+02
 AMRCLAW: level  1  CFL = .334E+00  dt = 0.5000E+00  final t = 0.160500E+02
 AMRCLAW: level  1  CFL = .342E+00  dt = 0.5000E+00  final t = 0.165500E+02
 AMRCLAW: level  1  CFL = .349E+00  dt = 0.5000E+00  final t = 0.170500E+02
 AMRCLAW: level  1  CFL = .355E+00  dt = 0.5000E+00  final t = 0.175500E+02
 AMRCLAW: level  1  CFL = .362E+00  dt = 0.5000E+00  final t = 0.180500E+02
 AMRCLAW: level  1  CFL = .367E+00  dt = 0.5000E+00  final t = 0.185500E+02
 AMRCLAW: level  1  CFL = .373E+00  dt = 0.5000E+00  final t = 0.190500E+02
 AMRCLAW: level  1  CFL = .378E+00  dt = 0.5000E+00  final t = 0.195500E+02
 AMRCLAW: level  1  CFL = .383E+00  dt = 0.5000E+00  final t = 0.200500E+02
 AMRCLAW: level  1  CFL = .387E+00  dt = 0.5000E+00  final t = 0.205500E+02
 AMRCLAW: level  1  CFL = .392E+00  dt = 0.5000E+00  final t = 0.210500E+02
 AMRCLAW: level  1  CFL = .396E+00  dt = 0.5000E+00  final t = 0.215500E+02
 AMRCLAW: level  1  CFL = .400E+00  dt = 0.5000E+00  final t = 0.220500E+02
 AMRCLAW: level  1  CFL = .404E+00  dt = 0.5000E+00  final t = 0.225500E+02
 AMRCLAW: level  1  CFL = .407E+00  dt = 0.5000E+00  final t = 0.230500E+02
 AMRCLAW: level  1  CFL = .411E+00  dt = 0.5000E+00  final t = 0.235500E+02
 AMRCLAW: level  1  CFL = .414E+00  dt = 0.5000E+00  final t = 0.240500E+02
 AMRCLAW: level  1  CFL = .418E+00  dt = 0.5000E+00  final t = 0.245500E+02
 AMRCLAW: level  1  CFL = .421E+00  dt = 0.5000E+00  final t = 0.250500E+02
 AMRCLAW: level  1  CFL = .425E+00  dt = 0.5000E+00  final t = 0.255500E+02
 AMRCLAW: level  1  CFL = .428E+00  dt = 0.5000E+00  final t = 0.260500E+02
 AMRCLAW: level  1  CFL = .431E+00  dt = 0.5000E+00  final t = 0.265500E+02
 AMRCLAW: level  1  CFL = .434E+00  dt = 0.5000E+00  final t = 0.270500E+02
 AMRCLAW: level  1  CFL = .436E+00  dt = 0.5000E+00  final t = 0.275500E+02
 AMRCLAW: level  1  CFL = .437E+00  dt = 0.5000E+00  final t = 0.280500E+02
 AMRCLAW: level  1  CFL = .437E+00  dt = 0.5000E+00  final t = 0.285500E+02
 AMRCLAW: level  1  CFL = .438E+00  dt = 0.5000E+00  final t = 0.290500E+02
 AMRCLAW: level  1  CFL = .438E+00  dt = 0.5000E+00  final t = 0.295500E+02
 AMRCLAW: level  1  CFL = .395E+00  dt = 0.4500E+00  final t = 0.300000E+02
GEOCLAW: Frame    1 output files done at time t =  0.300000D+02

 AMRCLAW: level  1  CFL = .439E+00  dt = 0.5000E+00  final t = 0.305000E+02
 AMRCLAW: level  1  CFL = .440E+00  dt = 0.5000E+00  final t = 0.310000E+02
 AMRCLAW: level  1  CFL = .441E+00  dt = 0.5000E+00  final t = 0.315000E+02
 AMRCLAW: level  1  CFL = .441E+00  dt = 0.5000E+00  final t = 0.320000E+02
 AMRCLAW: level  1  CFL = .442E+00  dt = 0.5000E+00  final t = 0.325000E+02
 AMRCLAW: level  1  CFL = .442E+00  dt = 0.5000E+00  final t = 0.330000E+02
 AMRCLAW: level  1  CFL = .443E+00  dt = 0.5000E+00  final t = 0.335000E+02
 AMRCLAW: level  1  CFL = .443E+00  dt = 0.5000E+00  final t = 0.340000E+02
 AMRCLAW: level  1  CFL = .444E+00  dt = 0.5000E+00  final t = 0.345000E+02
 AMRCLAW: level  1  CFL = .444E+00  dt = 0.5000E+00  final t = 0.350000E+02
 AMRCLAW: level  1  CFL = .444E+00  dt = 0.5000E+00  final t = 0.355000E+02
 AMRCLAW: level  1  CFL = .445E+00  dt = 0.5000E+00  final t = 0.360000E+02
 AMRCLAW: level  1  CFL = .445E+00  dt = 0.5000E+00  final t = 0.365000E+02
 AMRCLAW: level  1  CFL = .445E+00  dt = 0.5000E+00  final t = 0.370000E+02
 AMRCLAW: level  1  CFL = .446E+00  dt = 0.5000E+00  final t = 0.375000E+02
 AMRCLAW: level  1  CFL = .446E+00  dt = 0.5000E+00  final t = 0.380000E+02
 AMRCLAW: level  1  CFL = .447E+00  dt = 0.5000E+00  final t = 0.385000E+02
 AMRCLAW: level  1  CFL = .448E+00  dt = 0.5000E+00  final t = 0.390000E+02
 AMRCLAW: level  1  CFL = .448E+00  dt = 0.5000E+00  final t = 0.395000E+02
 AMRCLAW: level  1  CFL = .449E+00  dt = 0.5000E+00  final t = 0.400000E+02
 AMRCLAW: level  1  CFL = .449E+00  dt = 0.5000E+00  final t = 0.405000E+02
 AMRCLAW: level  1  CFL = .450E+00  dt = 0.5000E+00  final t = 0.410000E+02
 AMRCLAW: level  1  CFL = .450E+00  dt = 0.5000E+00  final t = 0.415000E+02
 AMRCLAW: level  1  CFL = .450E+00  dt = 0.5000E+00  final t = 0.420000E+02
 AMRCLAW: level  1  CFL = .450E+00  dt = 0.5000E+00  final t = 0.425000E+02
 AMRCLAW: level  1  CFL = .450E+00  dt = 0.4998E+00  final t = 0.429998E+02
 AMRCLAW: level  1  CFL = .450E+00  dt = 0.4995E+00  final t = 0.434993E+02
 AMRCLAW: level  1  CFL = .450E+00  dt = 0.4993E+00  final t = 0.439987E+02
 AMRCLAW: level  1  CFL = .450E+00  dt = 0.4991E+00  final t = 0.444978E+02
 AMRCLAW: level  1  CFL = .450E+00  dt = 0.4989E+00  final t = 0.449967E+02
 AMRCLAW: level  1  CFL = .450E+00  dt = 0.4988E+00  final t = 0.454955E+02
 AMRCLAW: level  1  CFL = .450E+00  dt = 0.4986E+00  final t = 0.459941E+02
 AMRCLAW: level  1  CFL = .450E+00  dt = 0.4985E+00  final t = 0.464925E+02
 AMRCLAW: level  1  CFL = .450E+00  dt = 0.4983E+00  final t = 0.469909E+02
 AMRCLAW: level  1  CFL = .450E+00  dt = 0.4982E+00  final t = 0.474891E+02
 AMRCLAW: level  1  CFL = .450E+00  dt = 0.4981E+00  final t = 0.479872E+02
 AMRCLAW: level  1  CFL = .450E+00  dt = 0.4980E+00  final t = 0.484852E+02
 AMRCLAW: level  1  CFL = .450E+00  dt = 0.4979E+00  final t = 0.489831E+02
 AMRCLAW: level  1  CFL = .450E+00  dt = 0.4979E+00  final t = 0.494810E+02
 AMRCLAW: level  1  CFL = .450E+00  dt = 0.4978E+00  final t = 0.499788E+02
 AMRCLAW: level  1  CFL = .450E+00  dt = 0.4978E+00  final t = 0.504765E+02
 AMRCLAW: level  1  CFL = .450E+00  dt = 0.4977E+00  final t = 0.509743E+02
 AMRCLAW: level  1  CFL = .450E+00  dt = 0.4977E+00  final t = 0.514720E+02
 AMRCLAW: level  1  CFL = .450E+00  dt = 0.4977E+00  final t = 0.519697E+02
 AMRCLAW: level  1  CFL = .450E+00  dt = 0.4977E+00  final t = 0.524674E+02
 AMRCLAW: level  1  CFL = .450E+00  dt = 0.4977E+00  final t = 0.529652E+02
 AMRCLAW: level  1  CFL = .450E+00  dt = 0.4978E+00  final t = 0.534630E+02
 AMRCLAW: level  1  CFL = .450E+00  dt = 0.4978E+00  final t = 0.539608E+02
 AMRCLAW: level  1  CFL = .450E+00  dt = 0.4979E+00  final t = 0.544587E+02
 AMRCLAW: level  1  CFL = .450E+00  dt = 0.4979E+00  final t = 0.549566E+02
 AMRCLAW: level  1  CFL = .450E+00  dt = 0.4980E+00  final t = 0.554546E+02
 AMRCLAW: level  1  CFL = .450E+00  dt = 0.4981E+00  final t = 0.559527E+02
 AMRCLAW: level  1  CFL = .450E+00  dt = 0.4982E+00  final t = 0.564508E+02
 AMRCLAW: level  1  CFL = .450E+00  dt = 0.4983E+00  final t = 0.569491E+02
 AMRCLAW: level  1  CFL = .450E+00  dt = 0.4984E+00  final t = 0.574476E+02
 AMRCLAW: level  1  CFL = .450E+00  dt = 0.4986E+00  final t = 0.579462E+02
 AMRCLAW: level  1  CFL = .450E+00  dt = 0.4987E+00  final t = 0.584449E+02
 AMRCLAW: level  1  CFL = .450E+00  dt = 0.4989E+00  final t = 0.589438E+02
 AMRCLAW: level  1  CFL = .450E+00  dt = 0.4990E+00  final t = 0.594428E+02
 AMRCLAW: level  1  CFL = .450E+00  dt = 0.4992E+00  final t = 0.599419E+02
 AMRCLAW: level  1  CFL = .523E-01  dt = 0.5806E-01  final t = 0.600000E+02
GEOCLAW: Frame    2 output files done at time t =  0.600000D+02

 AMRCLAW: level  1  CFL = .450E+00  dt = 0.4996E+00  final t = 0.604996E+02
 AMRCLAW: level  1  CFL = .450E+00  dt = 0.4996E+00  final t = 0.609992E+02
 AMRCLAW: level  1  CFL = .450E+00  dt = 0.4999E+00  final t = 0.614991E+02
 AMRCLAW: level  1  CFL = .450E+00  dt = 0.5000E+00  final t = 0.619991E+02
 AMRCLAW: level  1  CFL = .449E+00  dt = 0.5000E+00  final t = 0.624991E+02
 AMRCLAW: level  1  CFL = .449E+00  dt = 0.5000E+00  final t = 0.629991E+02
 AMRCLAW: level  1  CFL = .449E+00  dt = 0.5000E+00  final t = 0.634991E+02
 AMRCLAW: level  1  CFL = .449E+00  dt = 0.5000E+00  final t = 0.639991E+02
 AMRCLAW: level  1  CFL = .449E+00  dt = 0.5000E+00  final t = 0.644991E+02
 AMRCLAW: level  1  CFL = .448E+00  dt = 0.5000E+00  final t = 0.649991E+02
 AMRCLAW: level  1  CFL = .448E+00  dt = 0.5000E+00  final t = 0.654991E+02
 AMRCLAW: level  1  CFL = .448E+00  dt = 0.5000E+00  final t = 0.659991E+02
 AMRCLAW: level  1  CFL = .448E+00  dt = 0.5000E+00  final t = 0.664991E+02
 AMRCLAW: level  1  CFL = .447E+00  dt = 0.5000E+00  final t = 0.669991E+02
 AMRCLAW: level  1  CFL = .447E+00  dt = 0.5000E+00  final t = 0.674991E+02
 AMRCLAW: level  1  CFL = .447E+00  dt = 0.5000E+00  final t = 0.679991E+02
 AMRCLAW: level  1  CFL = .446E+00  dt = 0.5000E+00  final t = 0.684991E+02
 AMRCLAW: level  1  CFL = .446E+00  dt = 0.5000E+00  final t = 0.689991E+02
 AMRCLAW: level  1  CFL = .446E+00  dt = 0.5000E+00  final t = 0.694991E+02
 AMRCLAW: level  1  CFL = .445E+00  dt = 0.5000E+00  final t = 0.699991E+02
 AMRCLAW: level  1  CFL = .445E+00  dt = 0.5000E+00  final t = 0.704991E+02
 AMRCLAW: level  1  CFL = .445E+00  dt = 0.5000E+00  final t = 0.709991E+02
 AMRCLAW: level  1  CFL = .444E+00  dt = 0.5000E+00  final t = 0.714991E+02
 AMRCLAW: level  1  CFL = .444E+00  dt = 0.5000E+00  final t = 0.719991E+02
 AMRCLAW: level  1  CFL = .443E+00  dt = 0.5000E+00  final t = 0.724991E+02
 AMRCLAW: level  1  CFL = .443E+00  dt = 0.5000E+00  final t = 0.729991E+02
 AMRCLAW: level  1  CFL = .442E+00  dt = 0.5000E+00  final t = 0.734991E+02
 AMRCLAW: level  1  CFL = .442E+00  dt = 0.5000E+00  final t = 0.739991E+02
 AMRCLAW: level  1  CFL = .441E+00  dt = 0.5000E+00  final t = 0.744991E+02
 AMRCLAW: level  1  CFL = .441E+00  dt = 0.5000E+00  final t = 0.749991E+02
 AMRCLAW: level  1  CFL = .441E+00  dt = 0.5000E+00  final t = 0.754991E+02
 AMRCLAW: level  1  CFL = .440E+00  dt = 0.5000E+00  final t = 0.759991E+02
 AMRCLAW: level  1  CFL = .440E+00  dt = 0.5000E+00  final t = 0.764991E+02
 AMRCLAW: level  1  CFL = .439E+00  dt = 0.5000E+00  final t = 0.769991E+02
 AMRCLAW: level  1  CFL = .438E+00  dt = 0.5000E+00  final t = 0.774991E+02
 AMRCLAW: level  1  CFL = .438E+00  dt = 0.5000E+00  final t = 0.779991E+02
 AMRCLAW: level  1  CFL = .437E+00  dt = 0.5000E+00  final t = 0.784991E+02
 AMRCLAW: level  1  CFL = .437E+00  dt = 0.5000E+00  final t = 0.789991E+02
 AMRCLAW: level  1  CFL = .436E+00  dt = 0.5000E+00  final t = 0.794991E+02
 AMRCLAW: level  1  CFL = .436E+00  dt = 0.5000E+00  final t = 0.799991E+02
 AMRCLAW: level  1  CFL = .435E+00  dt = 0.5000E+00  final t = 0.804991E+02
 AMRCLAW: level  1  CFL = .434E+00  dt = 0.5000E+00  final t = 0.809991E+02
 AMRCLAW: level  1  CFL = .433E+00  dt = 0.5000E+00  final t = 0.814991E+02
 AMRCLAW: level  1  CFL = .432E+00  dt = 0.5000E+00  final t = 0.819991E+02
 AMRCLAW: level  1  CFL = .431E+00  dt = 0.5000E+00  final t = 0.824991E+02
 AMRCLAW: level  1  CFL = .429E+00  dt = 0.5000E+00  final t = 0.829991E+02
 AMRCLAW: level  1  CFL = .428E+00  dt = 0.5000E+00  final t = 0.834991E+02
 AMRCLAW: level  1  CFL = .427E+00  dt = 0.5000E+00  final t = 0.839991E+02
 AMRCLAW: level  1  CFL = .426E+00  dt = 0.5000E+00  final t = 0.844991E+02
 AMRCLAW: level  1  CFL = .425E+00  dt = 0.5000E+00  final t = 0.849991E+02
 AMRCLAW: level  1  CFL = .424E+00  dt = 0.5000E+00  final t = 0.854991E+02
 AMRCLAW: level  1  CFL = .421E+00  dt = 0.5000E+00  final t = 0.859991E+02
 AMRCLAW: level  1  CFL = .418E+00  dt = 0.5000E+00  final t = 0.864991E+02
 AMRCLAW: level  1  CFL = .414E+00  dt = 0.5000E+00  final t = 0.869991E+02
 AMRCLAW: level  1  CFL = .416E+00  dt = 0.5000E+00  final t = 0.874991E+02
 AMRCLAW: level  1  CFL = .417E+00  dt = 0.5000E+00  final t = 0.879991E+02
 AMRCLAW: level  1  CFL = .418E+00  dt = 0.5000E+00  final t = 0.884991E+02
 AMRCLAW: level  1  CFL = .419E+00  dt = 0.5000E+00  final t = 0.889991E+02
 AMRCLAW: level  1  CFL = .421E+00  dt = 0.5000E+00  final t = 0.894991E+02
 AMRCLAW: level  1  CFL = .421E+00  dt = 0.5000E+00  final t = 0.899991E+02
 AMRCLAW: level  1  CFL = .767E-03  dt = 0.9081E-03  final t = 0.900000E+02
GEOCLAW: Frame    3 output files done at time t =  0.900000D+02

 AMRCLAW: level  1  CFL = .422E+00  dt = 0.5000E+00  final t = 0.905000E+02
 AMRCLAW: level  1  CFL = .423E+00  dt = 0.5000E+00  final t = 0.910000E+02
 AMRCLAW: level  1  CFL = .424E+00  dt = 0.5000E+00  final t = 0.915000E+02
 AMRCLAW: level  1  CFL = .424E+00  dt = 0.5000E+00  final t = 0.920000E+02
 AMRCLAW: level  1  CFL = .425E+00  dt = 0.5000E+00  final t = 0.925000E+02
 AMRCLAW: level  1  CFL = .426E+00  dt = 0.5000E+00  final t = 0.930000E+02
 AMRCLAW: level  1  CFL = .427E+00  dt = 0.5000E+00  final t = 0.935000E+02
 AMRCLAW: level  1  CFL = .427E+00  dt = 0.5000E+00  final t = 0.940000E+02
 AMRCLAW: level  1  CFL = .428E+00  dt = 0.5000E+00  final t = 0.945000E+02
 AMRCLAW: level  1  CFL = .429E+00  dt = 0.5000E+00  final t = 0.950000E+02
 AMRCLAW: level  1  CFL = .429E+00  dt = 0.5000E+00  final t = 0.955000E+02
 AMRCLAW: level  1  CFL = .430E+00  dt = 0.5000E+00  final t = 0.960000E+02
 AMRCLAW: level  1  CFL = .430E+00  dt = 0.5000E+00  final t = 0.965000E+02
 AMRCLAW: level  1  CFL = .431E+00  dt = 0.5000E+00  final t = 0.970000E+02
 AMRCLAW: level  1  CFL = .431E+00  dt = 0.5000E+00  final t = 0.975000E+02
 AMRCLAW: level  1  CFL = .432E+00  dt = 0.5000E+00  final t = 0.980000E+02
 AMRCLAW: level  1  CFL = .432E+00  dt = 0.5000E+00  final t = 0.985000E+02
 AMRCLAW: level  1  CFL = .433E+00  dt = 0.5000E+00  final t = 0.990000E+02
 AMRCLAW: level  1  CFL = .433E+00  dt = 0.5000E+00  final t = 0.995000E+02
 AMRCLAW: level  1  CFL = .434E+00  dt = 0.5000E+00  final t = 0.100000E+03
 AMRCLAW: level  1  CFL = .434E+00  dt = 0.5000E+00  final t = 0.100500E+03
 AMRCLAW: level  1  CFL = .434E+00  dt = 0.5000E+00  final t = 0.101000E+03
 AMRCLAW: level  1  CFL = .435E+00  dt = 0.5000E+00  final t = 0.101500E+03
 AMRCLAW: level  1  CFL = .435E+00  dt = 0.5000E+00  final t = 0.102000E+03
 AMRCLAW: level  1  CFL = .435E+00  dt = 0.5000E+00  final t = 0.102500E+03
 AMRCLAW: level  1  CFL = .436E+00  dt = 0.5000E+00  final t = 0.103000E+03
 AMRCLAW: level  1  CFL = .436E+00  dt = 0.5000E+00  final t = 0.103500E+03
 AMRCLAW: level  1  CFL = .436E+00  dt = 0.5000E+00  final t = 0.104000E+03
 AMRCLAW: level  1  CFL = .436E+00  dt = 0.5000E+00  final t = 0.104500E+03
 AMRCLAW: level  1  CFL = .436E+00  dt = 0.5000E+00  final t = 0.105000E+03
 AMRCLAW: level  1  CFL = .436E+00  dt = 0.5000E+00  final t = 0.105500E+03
 AMRCLAW: level  1  CFL = .437E+00  dt = 0.5000E+00  final t = 0.106000E+03
 AMRCLAW: level  1  CFL = .437E+00  dt = 0.5000E+00  final t = 0.106500E+03
 AMRCLAW: level  1  CFL = .437E+00  dt = 0.5000E+00  final t = 0.107000E+03
 AMRCLAW: level  1  CFL = .437E+00  dt = 0.5000E+00  final t = 0.107500E+03
 AMRCLAW: level  1  CFL = .437E+00  dt = 0.5000E+00  final t = 0.108000E+03
 AMRCLAW: level  1  CFL = .437E+00  dt = 0.5000E+00  final t = 0.108500E+03
 AMRCLAW: level  1  CFL = .437E+00  dt = 0.5000E+00  final t = 0.109000E+03
 AMRCLAW: level  1  CFL = .436E+00  dt = 0.5000E+00  final t = 0.109500E+03
 AMRCLAW: level  1  CFL = .436E+00  dt = 0.5000E+00  final t = 0.110000E+03
 AMRCLAW: level  1  CFL = .436E+00  dt = 0.5000E+00  final t = 0.110500E+03
 AMRCLAW: level  1  CFL = .436E+00  dt = 0.5000E+00  final t = 0.111000E+03
 AMRCLAW: level  1  CFL = .435E+00  dt = 0.5000E+00  final t = 0.111500E+03
 AMRCLAW: level  1  CFL = .435E+00  dt = 0.5000E+00  final t = 0.112000E+03
 AMRCLAW: level  1  CFL = .434E+00  dt = 0.5000E+00  final t = 0.112500E+03
 AMRCLAW: level  1  CFL = .433E+00  dt = 0.5000E+00  final t = 0.113000E+03
 AMRCLAW: level  1  CFL = .433E+00  dt = 0.5000E+00  final t = 0.113500E+03
 AMRCLAW: level  1  CFL = .432E+00  dt = 0.5000E+00  final t = 0.114000E+03
 AMRCLAW: level  1  CFL = .431E+00  dt = 0.5000E+00  final t = 0.114500E+03
 AMRCLAW: level  1  CFL = .429E+00  dt = 0.5000E+00  final t = 0.115000E+03
 AMRCLAW: level  1  CFL = .428E+00  dt = 0.5000E+00  final t = 0.115500E+03
 AMRCLAW: level  1  CFL = .427E+00  dt = 0.5000E+00  final t = 0.116000E+03
 AMRCLAW: level  1  CFL = .425E+00  dt = 0.5000E+00  final t = 0.116500E+03
 AMRCLAW: level  1  CFL = .424E+00  dt = 0.5000E+00  final t = 0.117000E+03
 AMRCLAW: level  1  CFL = .422E+00  dt = 0.5000E+00  final t = 0.117500E+03
 AMRCLAW: level  1  CFL = .421E+00  dt = 0.5000E+00  final t = 0.118000E+03
 AMRCLAW: level  1  CFL = .419E+00  dt = 0.5000E+00  final t = 0.118500E+03
 AMRCLAW: level  1  CFL = .418E+00  dt = 0.5000E+00  final t = 0.119000E+03
 AMRCLAW: level  1  CFL = .416E+00  dt = 0.5000E+00  final t = 0.119500E+03
 AMRCLAW: level  1  CFL = .415E+00  dt = 0.5000E+00  final t = 0.120000E+03
GEOCLAW: Frame    4 output files done at time t =  0.120000D+03

 AMRCLAW: level  1  CFL = .414E+00  dt = 0.5000E+00  final t = 0.120500E+03
 AMRCLAW: level  1  CFL = .413E+00  dt = 0.5000E+00  final t = 0.121000E+03
 AMRCLAW: level  1  CFL = .411E+00  dt = 0.5000E+00  final t = 0.121500E+03
 AMRCLAW: level  1  CFL = .410E+00  dt = 0.5000E+00  final t = 0.122000E+03
 AMRCLAW: level  1  CFL = .408E+00  dt = 0.5000E+00  final t = 0.122500E+03
 AMRCLAW: level  1  CFL = .407E+00  dt = 0.5000E+00  final t = 0.123000E+03
 AMRCLAW: level  1  CFL = .405E+00  dt = 0.5000E+00  final t = 0.123500E+03
 AMRCLAW: level  1  CFL = .403E+00  dt = 0.5000E+00  final t = 0.124000E+03
 AMRCLAW: level  1  CFL = .402E+00  dt = 0.5000E+00  final t = 0.124500E+03
 AMRCLAW: level  1  CFL = .400E+00  dt = 0.5000E+00  final t = 0.125000E+03
 AMRCLAW: level  1  CFL = .398E+00  dt = 0.5000E+00  final t = 0.125500E+03
 AMRCLAW: level  1  CFL = .398E+00  dt = 0.5000E+00  final t = 0.126000E+03
 AMRCLAW: level  1  CFL = .398E+00  dt = 0.5000E+00  final t = 0.126500E+03
 AMRCLAW: level  1  CFL = .399E+00  dt = 0.5000E+00  final t = 0.127000E+03
 AMRCLAW: level  1  CFL = .399E+00  dt = 0.5000E+00  final t = 0.127500E+03
 AMRCLAW: level  1  CFL = .399E+00  dt = 0.5000E+00  final t = 0.128000E+03
 AMRCLAW: level  1  CFL = .400E+00  dt = 0.5000E+00  final t = 0.128500E+03
 AMRCLAW: level  1  CFL = .400E+00  dt = 0.5000E+00  final t = 0.129000E+03
 AMRCLAW: level  1  CFL = .399E+00  dt = 0.5000E+00  final t = 0.129500E+03
 AMRCLAW: level  1  CFL = .399E+00  dt = 0.5000E+00  final t = 0.130000E+03
 AMRCLAW: level  1  CFL = .399E+00  dt = 0.5000E+00  final t = 0.130500E+03
 AMRCLAW: level  1  CFL = .398E+00  dt = 0.5000E+00  final t = 0.131000E+03
 AMRCLAW: level  1  CFL = .398E+00  dt = 0.5000E+00  final t = 0.131500E+03
 AMRCLAW: level  1  CFL = .397E+00  dt = 0.5000E+00  final t = 0.132000E+03
 AMRCLAW: level  1  CFL = .396E+00  dt = 0.5000E+00  final t = 0.132500E+03
 AMRCLAW: level  1  CFL = .395E+00  dt = 0.5000E+00  final t = 0.133000E+03
 AMRCLAW: level  1  CFL = .393E+00  dt = 0.5000E+00  final t = 0.133500E+03
 AMRCLAW: level  1  CFL = .392E+00  dt = 0.5000E+00  final t = 0.134000E+03
 AMRCLAW: level  1  CFL = .390E+00  dt = 0.5000E+00  final t = 0.134500E+03
 AMRCLAW: level  1  CFL = .388E+00  dt = 0.5000E+00  final t = 0.135000E+03
 AMRCLAW: level  1  CFL = .386E+00  dt = 0.5000E+00  final t = 0.135500E+03
 AMRCLAW: level  1  CFL = .384E+00  dt = 0.5000E+00  final t = 0.136000E+03
 AMRCLAW: level  1  CFL = .381E+00  dt = 0.5000E+00  final t = 0.136500E+03
 AMRCLAW: level  1  CFL = .378E+00  dt = 0.5000E+00  final t = 0.137000E+03
 AMRCLAW: level  1  CFL = .375E+00  dt = 0.5000E+00  final t = 0.137500E+03
 AMRCLAW: level  1  CFL = .372E+00  dt = 0.5000E+00  final t = 0.138000E+03
 AMRCLAW: level  1  CFL = .369E+00  dt = 0.5000E+00  final t = 0.138500E+03
 AMRCLAW: level  1  CFL = .365E+00  dt = 0.5000E+00  final t = 0.139000E+03
 AMRCLAW: level  1  CFL = .362E+00  dt = 0.5000E+00  final t = 0.139500E+03
 AMRCLAW: level  1  CFL = .361E+00  dt = 0.5000E+00  final t = 0.140000E+03
 AMRCLAW: level  1  CFL = .361E+00  dt = 0.5000E+00  final t = 0.140500E+03
 AMRCLAW: level  1  CFL = .360E+00  dt = 0.5000E+00  final t = 0.141000E+03
 AMRCLAW: level  1  CFL = .359E+00  dt = 0.5000E+00  final t = 0.141500E+03
 AMRCLAW: level  1  CFL = .359E+00  dt = 0.5000E+00  final t = 0.142000E+03
 AMRCLAW: level  1  CFL = .359E+00  dt = 0.5000E+00  final t = 0.142500E+03
 AMRCLAW: level  1  CFL = .358E+00  dt = 0.5000E+00  final t = 0.143000E+03
 AMRCLAW: level  1  CFL = .358E+00  dt = 0.5000E+00  final t = 0.143500E+03
 AMRCLAW: level  1  CFL = .359E+00  dt = 0.5000E+00  final t = 0.144000E+03
 AMRCLAW: level  1  CFL = .360E+00  dt = 0.5000E+00  final t = 0.144500E+03
 AMRCLAW: level  1  CFL = .362E+00  dt = 0.5000E+00  final t = 0.145000E+03
 AMRCLAW: level  1  CFL = .364E+00  dt = 0.5000E+00  final t = 0.145500E+03
 AMRCLAW: level  1  CFL = .365E+00  dt = 0.5000E+00  final t = 0.146000E+03
 AMRCLAW: level  1  CFL = .367E+00  dt = 0.5000E+00  final t = 0.146500E+03
 AMRCLAW: level  1  CFL = .368E+00  dt = 0.5000E+00  final t = 0.147000E+03
 AMRCLAW: level  1  CFL = .369E+00  dt = 0.5000E+00  final t = 0.147500E+03
 AMRCLAW: level  1  CFL = .370E+00  dt = 0.5000E+00  final t = 0.148000E+03
 AMRCLAW: level  1  CFL = .371E+00  dt = 0.5000E+00  final t = 0.148500E+03
 AMRCLAW: level  1  CFL = .372E+00  dt = 0.5000E+00  final t = 0.149000E+03
 AMRCLAW: level  1  CFL = .372E+00  dt = 0.5000E+00  final t = 0.149500E+03
 AMRCLAW: level  1  CFL = .372E+00  dt = 0.5000E+00  final t = 0.150000E+03
GEOCLAW: Frame    5 output files done at time t =  0.150000D+03

 AMRCLAW: level  1  CFL = .373E+00  dt = 0.5000E+00  final t = 0.150500E+03
 AMRCLAW: level  1  CFL = .373E+00  dt = 0.5000E+00  final t = 0.151000E+03
 AMRCLAW: level  1  CFL = .372E+00  dt = 0.5000E+00  final t = 0.151500E+03
 AMRCLAW: level  1  CFL = .372E+00  dt = 0.5000E+00  final t = 0.152000E+03
 AMRCLAW: level  1  CFL = .372E+00  dt = 0.5000E+00  final t = 0.152500E+03
 AMRCLAW: level  1  CFL = .372E+00  dt = 0.5000E+00  final t = 0.153000E+03
 AMRCLAW: level  1  CFL = .372E+00  dt = 0.5000E+00  final t = 0.153500E+03
 AMRCLAW: level  1  CFL = .372E+00  dt = 0.5000E+00  final t = 0.154000E+03
 AMRCLAW: level  1  CFL = .372E+00  dt = 0.5000E+00  final t = 0.154500E+03
 AMRCLAW: level  1  CFL = .371E+00  dt = 0.5000E+00  final t = 0.155000E+03
 AMRCLAW: level  1  CFL = .371E+00  dt = 0.5000E+00  final t = 0.155500E+03
 AMRCLAW: level  1  CFL = .370E+00  dt = 0.5000E+00  final t = 0.156000E+03
 AMRCLAW: level  1  CFL = .370E+00  dt = 0.5000E+00  final t = 0.156500E+03
 AMRCLAW: level  1  CFL = .369E+00  dt = 0.5000E+00  final t = 0.157000E+03
 AMRCLAW: level  1  CFL = .368E+00  dt = 0.5000E+00  final t = 0.157500E+03
 AMRCLAW: level  1  CFL = .367E+00  dt = 0.5000E+00  final t = 0.158000E+03
 AMRCLAW: level  1  CFL = .367E+00  dt = 0.5000E+00  final t = 0.158500E+03
 AMRCLAW: level  1  CFL = .366E+00  dt = 0.5000E+00  final t = 0.159000E+03
 AMRCLAW: level  1  CFL = .370E+00  dt = 0.5000E+00  final t = 0.159500E+03
 AMRCLAW: level  1  CFL = .375E+00  dt = 0.5000E+00  final t = 0.160000E+03
 AMRCLAW: level  1  CFL = .381E+00  dt = 0.5000E+00  final t = 0.160500E+03
 AMRCLAW: level  1  CFL = .386E+00  dt = 0.5000E+00  final t = 0.161000E+03
 AMRCLAW: level  1  CFL = .391E+00  dt = 0.5000E+00  final t = 0.161500E+03
 AMRCLAW: level  1  CFL = .396E+00  dt = 0.5000E+00  final t = 0.162000E+03
 AMRCLAW: level  1  CFL = .401E+00  dt = 0.5000E+00  final t = 0.162500E+03
 AMRCLAW: level  1  CFL = .408E+00  dt = 0.5000E+00  final t = 0.163000E+03
 AMRCLAW: level  1  CFL = .413E+00  dt = 0.5000E+00  final t = 0.163500E+03
 AMRCLAW: level  1  CFL = .417E+00  dt = 0.5000E+00  final t = 0.164000E+03
 AMRCLAW: level  1  CFL = .421E+00  dt = 0.5000E+00  final t = 0.164500E+03
 AMRCLAW: level  1  CFL = .426E+00  dt = 0.5000E+00  final t = 0.165000E+03
 AMRCLAW: level  1  CFL = .430E+00  dt = 0.5000E+00  final t = 0.165500E+03
 AMRCLAW: level  1  CFL = .434E+00  dt = 0.5000E+00  final t = 0.166000E+03
 AMRCLAW: level  1  CFL = .436E+00  dt = 0.5000E+00  final t = 0.166500E+03
 AMRCLAW: level  1  CFL = .439E+00  dt = 0.5000E+00  final t = 0.167000E+03
 AMRCLAW: level  1  CFL = .441E+00  dt = 0.5000E+00  final t = 0.167500E+03
 AMRCLAW: level  1  CFL = .442E+00  dt = 0.5000E+00  final t = 0.168000E+03
 AMRCLAW: level  1  CFL = .443E+00  dt = 0.5000E+00  final t = 0.168500E+03
 AMRCLAW: level  1  CFL = .444E+00  dt = 0.5000E+00  final t = 0.169000E+03
 AMRCLAW: level  1  CFL = .445E+00  dt = 0.5000E+00  final t = 0.169500E+03
 AMRCLAW: level  1  CFL = .445E+00  dt = 0.5000E+00  final t = 0.170000E+03
 AMRCLAW: level  1  CFL = .446E+00  dt = 0.5000E+00  final t = 0.170500E+03
 AMRCLAW: level  1  CFL = .446E+00  dt = 0.5000E+00  final t = 0.171000E+03
 AMRCLAW: level  1  CFL = .446E+00  dt = 0.5000E+00  final t = 0.171500E+03
 AMRCLAW: level  1  CFL = .446E+00  dt = 0.5000E+00  final t = 0.172000E+03
 AMRCLAW: level  1  CFL = .446E+00  dt = 0.5000E+00  final t = 0.172500E+03
 AMRCLAW: level  1  CFL = .447E+00  dt = 0.5000E+00  final t = 0.173000E+03
 AMRCLAW: level  1  CFL = .447E+00  dt = 0.5000E+00  final t = 0.173500E+03
 AMRCLAW: level  1  CFL = .446E+00  dt = 0.5000E+00  final t = 0.174000E+03
 AMRCLAW: level  1  CFL = .446E+00  dt = 0.5000E+00  final t = 0.174500E+03
 AMRCLAW: level  1  CFL = .446E+00  dt = 0.5000E+00  final t = 0.175000E+03
 AMRCLAW: level  1  CFL = .446E+00  dt = 0.5000E+00  final t = 0.175500E+03
 AMRCLAW: level  1  CFL = .446E+00  dt = 0.5000E+00  final t = 0.176000E+03
 AMRCLAW: level  1  CFL = .446E+00  dt = 0.5000E+00  final t = 0.176500E+03
 AMRCLAW: level  1  CFL = .446E+00  dt = 0.5000E+00  final t = 0.177000E+03
 AMRCLAW: level  1  CFL = .446E+00  dt = 0.5000E+00  final t = 0.177500E+03
 AMRCLAW: level  1  CFL = .447E+00  dt = 0.5000E+00  final t = 0.178000E+03
 AMRCLAW: level  1  CFL = .447E+00  dt = 0.5000E+00  final t = 0.178500E+03
 AMRCLAW: level  1  CFL = .447E+00  dt = 0.5000E+00  final t = 0.179000E+03
 AMRCLAW: level  1  CFL = .447E+00  dt = 0.5000E+00  final t = 0.179500E+03
 AMRCLAW: level  1  CFL = .448E+00  dt = 0.5000E+00  final t = 0.180000E+03
GEOCLAW: Frame    6 output files done at time t =  0.180000D+03

 AMRCLAW: level  1  CFL = .448E+00  dt = 0.5000E+00  final t = 0.180500E+03
 AMRCLAW: level  1  CFL = .449E+00  dt = 0.5000E+00  final t = 0.181000E+03
 AMRCLAW: level  1  CFL = .450E+00  dt = 0.5000E+00  final t = 0.181500E+03
 AMRCLAW: level  1  CFL = .451E+00  dt = 0.5000E+00  final t = 0.182000E+03
 AMRCLAW: level  1  CFL = .451E+00  dt = 0.4991E+00  final t = 0.182499E+03
 AMRCLAW: level  1  CFL = .451E+00  dt = 0.4980E+00  final t = 0.182997E+03
 AMRCLAW: level  1  CFL = .451E+00  dt = 0.4968E+00  final t = 0.183494E+03
 AMRCLAW: level  1  CFL = .451E+00  dt = 0.4955E+00  final t = 0.183989E+03
 AMRCLAW: level  1  CFL = .451E+00  dt = 0.4942E+00  final t = 0.184484E+03
 AMRCLAW: level  1  CFL = .451E+00  dt = 0.4928E+00  final t = 0.184976E+03
 AMRCLAW: level  1  CFL = .452E+00  dt = 0.4913E+00  final t = 0.185468E+03
 AMRCLAW: level  1  CFL = .452E+00  dt = 0.4897E+00  final t = 0.185957E+03
 AMRCLAW: level  1  CFL = .452E+00  dt = 0.4879E+00  final t = 0.186445E+03
 AMRCLAW: level  1  CFL = .452E+00  dt = 0.4859E+00  final t = 0.186931E+03
 AMRCLAW: level  1  CFL = .452E+00  dt = 0.4838E+00  final t = 0.187415E+03
 AMRCLAW: level  1  CFL = .452E+00  dt = 0.4815E+00  final t = 0.187896E+03
 AMRCLAW: level  1  CFL = .452E+00  dt = 0.4792E+00  final t = 0.188376E+03
 AMRCLAW: level  1  CFL = .452E+00  dt = 0.4770E+00  final t = 0.188853E+03
 AMRCLAW: level  1  CFL = .452E+00  dt = 0.4747E+00  final t = 0.189327E+03
 AMRCLAW: level  1  CFL = .452E+00  dt = 0.4726E+00  final t = 0.189800E+03
 AMRCLAW: level  1  CFL = .452E+00  dt = 0.4705E+00  final t = 0.190270E+03
 AMRCLAW: level  1  CFL = .450E+00  dt = 0.4689E+00  final t = 0.190739E+03
 AMRCLAW: level  1  CFL = .449E+00  dt = 0.4687E+00  final t = 0.191208E+03
 AMRCLAW: level  1  CFL = .449E+00  dt = 0.4695E+00  final t = 0.191677E+03
 AMRCLAW: level  1  CFL = .449E+00  dt = 0.4702E+00  final t = 0.192148E+03
 AMRCLAW: level  1  CFL = .449E+00  dt = 0.4709E+00  final t = 0.192619E+03
 AMRCLAW: level  1  CFL = .449E+00  dt = 0.4716E+00  final t = 0.193090E+03
 AMRCLAW: level  1  CFL = .449E+00  dt = 0.4722E+00  final t = 0.193562E+03
 AMRCLAW: level  1  CFL = .449E+00  dt = 0.4729E+00  final t = 0.194035E+03
 AMRCLAW: level  1  CFL = .449E+00  dt = 0.4735E+00  final t = 0.194509E+03
 AMRCLAW: level  1  CFL = .449E+00  dt = 0.4742E+00  final t = 0.194983E+03
 AMRCLAW: level  1  CFL = .449E+00  dt = 0.4749E+00  final t = 0.195458E+03
 AMRCLAW: level  1  CFL = .449E+00  dt = 0.4755E+00  final t = 0.195933E+03
 AMRCLAW: level  1  CFL = .449E+00  dt = 0.4761E+00  final t = 0.196410E+03
 AMRCLAW: level  1  CFL = .449E+00  dt = 0.4768E+00  final t = 0.196886E+03
 AMRCLAW: level  1  CFL = .449E+00  dt = 0.4775E+00  final t = 0.197364E+03
 AMRCLAW: level  1  CFL = .449E+00  dt = 0.4782E+00  final t = 0.197842E+03
 AMRCLAW: level  1  CFL = .449E+00  dt = 0.4790E+00  final t = 0.198321E+03
 AMRCLAW: level  1  CFL = .449E+00  dt = 0.4799E+00  final t = 0.198801E+03
 AMRCLAW: level  1  CFL = .449E+00  dt = 0.4807E+00  final t = 0.199282E+03
 AMRCLAW: level  1  CFL = .449E+00  dt = 0.4817E+00  final t = 0.199763E+03
 AMRCLAW: level  1  CFL = .449E+00  dt = 0.4827E+00  final t = 0.200246E+03
 AMRCLAW: level  1  CFL = .449E+00  dt = 0.4837E+00  final t = 0.200730E+03
 AMRCLAW: level  1  CFL = .449E+00  dt = 0.4849E+00  final t = 0.201215E+03
 AMRCLAW: level  1  CFL = .449E+00  dt = 0.4861E+00  final t = 0.201701E+03
 AMRCLAW: level  1  CFL = .449E+00  dt = 0.4874E+00  final t = 0.202188E+03
 AMRCLAW: level  1  CFL = .449E+00  dt = 0.4886E+00  final t = 0.202677E+03
 AMRCLAW: level  1  CFL = .449E+00  dt = 0.4899E+00  final t = 0.203167E+03
 AMRCLAW: level  1  CFL = .449E+00  dt = 0.4912E+00  final t = 0.203658E+03
 AMRCLAW: level  1  CFL = .449E+00  dt = 0.4924E+00  final t = 0.204150E+03
 AMRCLAW: level  1  CFL = .449E+00  dt = 0.4936E+00  final t = 0.204644E+03
 AMRCLAW: level  1  CFL = .449E+00  dt = 0.4948E+00  final t = 0.205139E+03
 AMRCLAW: level  1  CFL = .450E+00  dt = 0.4960E+00  final t = 0.205635E+03
 AMRCLAW: level  1  CFL = .450E+00  dt = 0.4960E+00  final t = 0.206131E+03
 AMRCLAW: level  1  CFL = .450E+00  dt = 0.4962E+00  final t = 0.206627E+03
 AMRCLAW: level  1  CFL = .450E+00  dt = 0.4964E+00  final t = 0.207123E+03
 AMRCLAW: level  1  CFL = .450E+00  dt = 0.4966E+00  final t = 0.207620E+03
 AMRCLAW: level  1  CFL = .450E+00  dt = 0.4969E+00  final t = 0.208117E+03
 AMRCLAW: level  1  CFL = .449E+00  dt = 0.4973E+00  final t = 0.208614E+03
 AMRCLAW: level  1  CFL = .449E+00  dt = 0.4981E+00  final t = 0.209112E+03
 AMRCLAW: level  1  CFL = .449E+00  dt = 0.4993E+00  final t = 0.209611E+03
 AMRCLAW: level  1  CFL = .348E+00  dt = 0.3885E+00  final t = 0.210000E+03
GEOCLAW: Frame    7 output files done at time t =  0.210000D+03

 AMRCLAW: level  1  CFL = .446E+00  dt = 0.5000E+00  final t = 0.210500E+03
 AMRCLAW: level  1  CFL = .445E+00  dt = 0.5000E+00  final t = 0.211000E+03
 AMRCLAW: level  1  CFL = .444E+00  dt = 0.5000E+00  final t = 0.211500E+03
 AMRCLAW: level  1  CFL = .445E+00  dt = 0.5000E+00  final t = 0.212000E+03
 AMRCLAW: level  1  CFL = .446E+00  dt = 0.5000E+00  final t = 0.212500E+03
 AMRCLAW: level  1  CFL = .447E+00  dt = 0.5000E+00  final t = 0.213000E+03
 AMRCLAW: level  1  CFL = .448E+00  dt = 0.5000E+00  final t = 0.213500E+03
 AMRCLAW: level  1  CFL = .449E+00  dt = 0.5000E+00  final t = 0.214000E+03
 AMRCLAW: level  1  CFL = .449E+00  dt = 0.5000E+00  final t = 0.214500E+03
 AMRCLAW: level  1  CFL = .449E+00  dt = 0.5000E+00  final t = 0.215000E+03
 AMRCLAW: level  1  CFL = .449E+00  dt = 0.5000E+00  final t = 0.215500E+03
 AMRCLAW: level  1  CFL = .448E+00  dt = 0.5000E+00  final t = 0.216000E+03
 AMRCLAW: level  1  CFL = .447E+00  dt = 0.5000E+00  final t = 0.216500E+03
 AMRCLAW: level  1  CFL = .446E+00  dt = 0.5000E+00  final t = 0.217000E+03
 AMRCLAW: level  1  CFL = .445E+00  dt = 0.5000E+00  final t = 0.217500E+03
 AMRCLAW: level  1  CFL = .443E+00  dt = 0.5000E+00  final t = 0.218000E+03
 AMRCLAW: level  1  CFL = .442E+00  dt = 0.5000E+00  final t = 0.218500E+03
 AMRCLAW: level  1  CFL = .440E+00  dt = 0.5000E+00  final t = 0.219000E+03
 AMRCLAW: level  1  CFL = .439E+00  dt = 0.5000E+00  final t = 0.219500E+03
 AMRCLAW: level  1  CFL = .438E+00  dt = 0.5000E+00  final t = 0.220000E+03
 AMRCLAW: level  1  CFL = .437E+00  dt = 0.5000E+00  final t = 0.220500E+03
 AMRCLAW: level  1  CFL = .436E+00  dt = 0.5000E+00  final t = 0.221000E+03
 AMRCLAW: level  1  CFL = .435E+00  dt = 0.5000E+00  final t = 0.221500E+03
 AMRCLAW: level  1  CFL = .435E+00  dt = 0.5000E+00  final t = 0.222000E+03
 AMRCLAW: level  1  CFL = .435E+00  dt = 0.5000E+00  final t = 0.222500E+03
 AMRCLAW: level  1  CFL = .434E+00  dt = 0.5000E+00  final t = 0.223000E+03
 AMRCLAW: level  1  CFL = .434E+00  dt = 0.5000E+00  final t = 0.223500E+03
 AMRCLAW: level  1  CFL = .435E+00  dt = 0.5000E+00  final t = 0.224000E+03
 AMRCLAW: level  1  CFL = .435E+00  dt = 0.5000E+00  final t = 0.224500E+03
 AMRCLAW: level  1  CFL = .436E+00  dt = 0.5000E+00  final t = 0.225000E+03
 AMRCLAW: level  1  CFL = .436E+00  dt = 0.5000E+00  final t = 0.225500E+03
 AMRCLAW: level  1  CFL = .437E+00  dt = 0.5000E+00  final t = 0.226000E+03
 AMRCLAW: level  1  CFL = .438E+00  dt = 0.5000E+00  final t = 0.226500E+03
 AMRCLAW: level  1  CFL = .439E+00  dt = 0.5000E+00  final t = 0.227000E+03
 AMRCLAW: level  1  CFL = .440E+00  dt = 0.5000E+00  final t = 0.227500E+03
 AMRCLAW: level  1  CFL = .441E+00  dt = 0.5000E+00  final t = 0.228000E+03
 AMRCLAW: level  1  CFL = .442E+00  dt = 0.5000E+00  final t = 0.228500E+03
 AMRCLAW: level  1  CFL = .443E+00  dt = 0.5000E+00  final t = 0.229000E+03
 AMRCLAW: level  1  CFL = .444E+00  dt = 0.5000E+00  final t = 0.229500E+03
 AMRCLAW: level  1  CFL = .445E+00  dt = 0.5000E+00  final t = 0.230000E+03
 AMRCLAW: level  1  CFL = .446E+00  dt = 0.5000E+00  final t = 0.230500E+03
 AMRCLAW: level  1  CFL = .447E+00  dt = 0.5000E+00  final t = 0.231000E+03
 AMRCLAW: level  1  CFL = .448E+00  dt = 0.5000E+00  final t = 0.231500E+03
 AMRCLAW: level  1  CFL = .449E+00  dt = 0.5000E+00  final t = 0.232000E+03
 AMRCLAW: level  1  CFL = .450E+00  dt = 0.5000E+00  final t = 0.232500E+03
 AMRCLAW: level  1  CFL = .451E+00  dt = 0.4997E+00  final t = 0.233000E+03
 AMRCLAW: level  1  CFL = .451E+00  dt = 0.4987E+00  final t = 0.233498E+03
 AMRCLAW: level  1  CFL = .451E+00  dt = 0.4979E+00  final t = 0.233996E+03
 AMRCLAW: level  1  CFL = .450E+00  dt = 0.4973E+00  final t = 0.234494E+03
 AMRCLAW: level  1  CFL = .450E+00  dt = 0.4970E+00  final t = 0.234991E+03
 AMRCLAW: level  1  CFL = .450E+00  dt = 0.4969E+00  final t = 0.235488E+03
 AMRCLAW: level  1  CFL = .450E+00  dt = 0.4971E+00  final t = 0.235985E+03
 AMRCLAW: level  1  CFL = .449E+00  dt = 0.4974E+00  final t = 0.236482E+03
 AMRCLAW: level  1  CFL = .449E+00  dt = 0.4981E+00  final t = 0.236980E+03
 AMRCLAW: level  1  CFL = .449E+00  dt = 0.4991E+00  final t = 0.237479E+03
 AMRCLAW: level  1  CFL = .448E+00  dt = 0.5000E+00  final t = 0.237979E+03
 AMRCLAW: level  1  CFL = .446E+00  dt = 0.5000E+00  final t = 0.238479E+03
 AMRCLAW: level  1  CFL = .445E+00  dt = 0.5000E+00  final t = 0.238979E+03
 AMRCLAW: level  1  CFL = .443E+00  dt = 0.5000E+00  final t = 0.239479E+03
 AMRCLAW: level  1  CFL = .441E+00  dt = 0.5000E+00  final t = 0.239979E+03
 AMRCLAW: level  1  CFL = .182E-01  dt = 0.2074E-01  final t = 0.240000E+03
GEOCLAW: Frame    8 output files done at time t =  0.240000D+03

 AMRCLAW: level  1  CFL = .439E+00  dt = 0.5000E+00  final t = 0.240500E+03
 AMRCLAW: level  1  CFL = .438E+00  dt = 0.5000E+00  final t = 0.241000E+03
 AMRCLAW: level  1  CFL = .438E+00  dt = 0.5000E+00  final t = 0.241500E+03
 AMRCLAW: level  1  CFL = .437E+00  dt = 0.5000E+00  final t = 0.242000E+03
 AMRCLAW: level  1  CFL = .437E+00  dt = 0.5000E+00  final t = 0.242500E+03
 AMRCLAW: level  1  CFL = .436E+00  dt = 0.5000E+00  final t = 0.243000E+03
 AMRCLAW: level  1  CFL = .436E+00  dt = 0.5000E+00  final t = 0.243500E+03
 AMRCLAW: level  1  CFL = .435E+00  dt = 0.5000E+00  final t = 0.244000E+03
 AMRCLAW: level  1  CFL = .434E+00  dt = 0.5000E+00  final t = 0.244500E+03
 AMRCLAW: level  1  CFL = .434E+00  dt = 0.5000E+00  final t = 0.245000E+03
 AMRCLAW: level  1  CFL = .433E+00  dt = 0.5000E+00  final t = 0.245500E+03
 AMRCLAW: level  1  CFL = .432E+00  dt = 0.5000E+00  final t = 0.246000E+03
 AMRCLAW: level  1  CFL = .431E+00  dt = 0.5000E+00  final t = 0.246500E+03
 AMRCLAW: level  1  CFL = .431E+00  dt = 0.5000E+00  final t = 0.247000E+03
 AMRCLAW: level  1  CFL = .430E+00  dt = 0.5000E+00  final t = 0.247500E+03
 AMRCLAW: level  1  CFL = .429E+00  dt = 0.5000E+00  final t = 0.248000E+03
 AMRCLAW: level  1  CFL = .428E+00  dt = 0.5000E+00  final t = 0.248500E+03
 AMRCLAW: level  1  CFL = .428E+00  dt = 0.5000E+00  final t = 0.249000E+03
 AMRCLAW: level  1  CFL = .427E+00  dt = 0.5000E+00  final t = 0.249500E+03
 AMRCLAW: level  1  CFL = .426E+00  dt = 0.5000E+00  final t = 0.250000E+03
 AMRCLAW: level  1  CFL = .426E+00  dt = 0.5000E+00  final t = 0.250500E+03
 AMRCLAW: level  1  CFL = .425E+00  dt = 0.5000E+00  final t = 0.251000E+03
 AMRCLAW: level  1  CFL = .425E+00  dt = 0.5000E+00  final t = 0.251500E+03
 AMRCLAW: level  1  CFL = .424E+00  dt = 0.5000E+00  final t = 0.252000E+03
 AMRCLAW: level  1  CFL = .424E+00  dt = 0.5000E+00  final t = 0.252500E+03
 AMRCLAW: level  1  CFL = .423E+00  dt = 0.5000E+00  final t = 0.253000E+03
 AMRCLAW: level  1  CFL = .423E+00  dt = 0.5000E+00  final t = 0.253500E+03
 AMRCLAW: level  1  CFL = .424E+00  dt = 0.5000E+00  final t = 0.254000E+03
 AMRCLAW: level  1  CFL = .428E+00  dt = 0.5000E+00  final t = 0.254500E+03
 AMRCLAW: level  1  CFL = .431E+00  dt = 0.5000E+00  final t = 0.255000E+03
 AMRCLAW: level  1  CFL = .434E+00  dt = 0.5000E+00  final t = 0.255500E+03
 AMRCLAW: level  1  CFL = .435E+00  dt = 0.5000E+00  final t = 0.256000E+03
 AMRCLAW: level  1  CFL = .438E+00  dt = 0.5000E+00  final t = 0.256500E+03
 AMRCLAW: level  1  CFL = .440E+00  dt = 0.5000E+00  final t = 0.257000E+03
 AMRCLAW: level  1  CFL = .442E+00  dt = 0.5000E+00  final t = 0.257500E+03
 AMRCLAW: level  1  CFL = .443E+00  dt = 0.5000E+00  final t = 0.258000E+03
 AMRCLAW: level  1  CFL = .444E+00  dt = 0.5000E+00  final t = 0.258500E+03
 AMRCLAW: level  1  CFL = .445E+00  dt = 0.5000E+00  final t = 0.259000E+03
 AMRCLAW: level  1  CFL = .446E+00  dt = 0.5000E+00  final t = 0.259500E+03
 AMRCLAW: level  1  CFL = .446E+00  dt = 0.5000E+00  final t = 0.260000E+03
 AMRCLAW: level  1  CFL = .447E+00  dt = 0.5000E+00  final t = 0.260500E+03
 AMRCLAW: level  1  CFL = .447E+00  dt = 0.5000E+00  final t = 0.261000E+03
 AMRCLAW: level  1  CFL = .447E+00  dt = 0.5000E+00  final t = 0.261500E+03
 AMRCLAW: level  1  CFL = .447E+00  dt = 0.5000E+00  final t = 0.262000E+03
 AMRCLAW: level  1  CFL = .447E+00  dt = 0.5000E+00  final t = 0.262500E+03
 AMRCLAW: level  1  CFL = .447E+00  dt = 0.5000E+00  final t = 0.263000E+03
 AMRCLAW: level  1  CFL = .447E+00  dt = 0.5000E+00  final t = 0.263500E+03
 AMRCLAW: level  1  CFL = .447E+00  dt = 0.5000E+00  final t = 0.264000E+03
 AMRCLAW: level  1  CFL = .446E+00  dt = 0.5000E+00  final t = 0.264500E+03
 AMRCLAW: level  1  CFL = .445E+00  dt = 0.5000E+00  final t = 0.265000E+03
 AMRCLAW: level  1  CFL = .444E+00  dt = 0.5000E+00  final t = 0.265500E+03
 AMRCLAW: level  1  CFL = .443E+00  dt = 0.5000E+00  final t = 0.266000E+03
 AMRCLAW: level  1  CFL = .442E+00  dt = 0.5000E+00  final t = 0.266500E+03
 AMRCLAW: level  1  CFL = .441E+00  dt = 0.5000E+00  final t = 0.267000E+03
 AMRCLAW: level  1  CFL = .440E+00  dt = 0.5000E+00  final t = 0.267500E+03
 AMRCLAW: level  1  CFL = .439E+00  dt = 0.5000E+00  final t = 0.268000E+03
 AMRCLAW: level  1  CFL = .438E+00  dt = 0.5000E+00  final t = 0.268500E+03
 AMRCLAW: level  1  CFL = .436E+00  dt = 0.5000E+00  final t = 0.269000E+03
 AMRCLAW: level  1  CFL = .435E+00  dt = 0.5000E+00  final t = 0.269500E+03
 AMRCLAW: level  1  CFL = .434E+00  dt = 0.5000E+00  final t = 0.270000E+03
GEOCLAW: Frame    9 output files done at time t =  0.270000D+03

 AMRCLAW: level  1  CFL = .433E+00  dt = 0.5000E+00  final t = 0.270500E+03
 AMRCLAW: level  1  CFL = .432E+00  dt = 0.5000E+00  final t = 0.271000E+03
 AMRCLAW: level  1  CFL = .431E+00  dt = 0.5000E+00  final t = 0.271500E+03
 AMRCLAW: level  1  CFL = .430E+00  dt = 0.5000E+00  final t = 0.272000E+03
 AMRCLAW: level  1  CFL = .429E+00  dt = 0.5000E+00  final t = 0.272500E+03
 AMRCLAW: level  1  CFL = .428E+00  dt = 0.5000E+00  final t = 0.273000E+03
 AMRCLAW: level  1  CFL = .428E+00  dt = 0.5000E+00  final t = 0.273500E+03
 AMRCLAW: level  1  CFL = .427E+00  dt = 0.5000E+00  final t = 0.274000E+03
 AMRCLAW: level  1  CFL = .426E+00  dt = 0.5000E+00  final t = 0.274500E+03
 AMRCLAW: level  1  CFL = .425E+00  dt = 0.5000E+00  final t = 0.275000E+03
 AMRCLAW: level  1  CFL = .425E+00  dt = 0.5000E+00  final t = 0.275500E+03
 AMRCLAW: level  1  CFL = .425E+00  dt = 0.5000E+00  final t = 0.276000E+03
 AMRCLAW: level  1  CFL = .425E+00  dt = 0.5000E+00  final t = 0.276500E+03
 AMRCLAW: level  1  CFL = .426E+00  dt = 0.5000E+00  final t = 0.277000E+03
 AMRCLAW: level  1  CFL = .426E+00  dt = 0.5000E+00  final t = 0.277500E+03
 AMRCLAW: level  1  CFL = .426E+00  dt = 0.5000E+00  final t = 0.278000E+03
 AMRCLAW: level  1  CFL = .426E+00  dt = 0.5000E+00  final t = 0.278500E+03
 AMRCLAW: level  1  CFL = .426E+00  dt = 0.5000E+00  final t = 0.279000E+03
 AMRCLAW: level  1  CFL = .426E+00  dt = 0.5000E+00  final t = 0.279500E+03
 AMRCLAW: level  1  CFL = .425E+00  dt = 0.5000E+00  final t = 0.280000E+03
 AMRCLAW: level  1  CFL = .425E+00  dt = 0.5000E+00  final t = 0.280500E+03
 AMRCLAW: level  1  CFL = .424E+00  dt = 0.5000E+00  final t = 0.281000E+03
 AMRCLAW: level  1  CFL = .424E+00  dt = 0.5000E+00  final t = 0.281500E+03
 AMRCLAW: level  1  CFL = .424E+00  dt = 0.5000E+00  final t = 0.282000E+03
 AMRCLAW: level  1  CFL = .423E+00  dt = 0.5000E+00  final t = 0.282500E+03
 AMRCLAW: level  1  CFL = .423E+00  dt = 0.5000E+00  final t = 0.283000E+03
 AMRCLAW: level  1  CFL = .423E+00  dt = 0.5000E+00  final t = 0.283500E+03
 AMRCLAW: level  1  CFL = .422E+00  dt = 0.5000E+00  final t = 0.284000E+03
 AMRCLAW: level  1  CFL = .422E+00  dt = 0.5000E+00  final t = 0.284500E+03
 AMRCLAW: level  1  CFL = .422E+00  dt = 0.5000E+00  final t = 0.285000E+03
 AMRCLAW: level  1  CFL = .422E+00  dt = 0.5000E+00  final t = 0.285500E+03
 AMRCLAW: level  1  CFL = .421E+00  dt = 0.5000E+00  final t = 0.286000E+03
 AMRCLAW: level  1  CFL = .421E+00  dt = 0.5000E+00  final t = 0.286500E+03
 AMRCLAW: level  1  CFL = .421E+00  dt = 0.5000E+00  final t = 0.287000E+03
 AMRCLAW: level  1  CFL = .420E+00  dt = 0.5000E+00  final t = 0.287500E+03
 AMRCLAW: level  1  CFL = .420E+00  dt = 0.5000E+00  final t = 0.288000E+03
 AMRCLAW: level  1  CFL = .420E+00  dt = 0.5000E+00  final t = 0.288500E+03
 AMRCLAW: level  1  CFL = .419E+00  dt = 0.5000E+00  final t = 0.289000E+03
 AMRCLAW: level  1  CFL = .419E+00  dt = 0.5000E+00  final t = 0.289500E+03
 AMRCLAW: level  1  CFL = .418E+00  dt = 0.5000E+00  final t = 0.290000E+03
 AMRCLAW: level  1  CFL = .418E+00  dt = 0.5000E+00  final t = 0.290500E+03
 AMRCLAW: level  1  CFL = .417E+00  dt = 0.5000E+00  final t = 0.291000E+03
 AMRCLAW: level  1  CFL = .417E+00  dt = 0.5000E+00  final t = 0.291500E+03
 AMRCLAW: level  1  CFL = .416E+00  dt = 0.5000E+00  final t = 0.292000E+03
 AMRCLAW: level  1  CFL = .416E+00  dt = 0.5000E+00  final t = 0.292500E+03
 AMRCLAW: level  1  CFL = .415E+00  dt = 0.5000E+00  final t = 0.293000E+03
 AMRCLAW: level  1  CFL = .415E+00  dt = 0.5000E+00  final t = 0.293500E+03
 AMRCLAW: level  1  CFL = .416E+00  dt = 0.5000E+00  final t = 0.294000E+03
 AMRCLAW: level  1  CFL = .416E+00  dt = 0.5000E+00  final t = 0.294500E+03
 AMRCLAW: level  1  CFL = .416E+00  dt = 0.5000E+00  final t = 0.295000E+03
 AMRCLAW: level  1  CFL = .418E+00  dt = 0.5000E+00  final t = 0.295500E+03
 AMRCLAW: level  1  CFL = .420E+00  dt = 0.5000E+00  final t = 0.296000E+03
 AMRCLAW: level  1  CFL = .423E+00  dt = 0.5000E+00  final t = 0.296500E+03
 AMRCLAW: level  1  CFL = .431E+00  dt = 0.5000E+00  final t = 0.297000E+03
 AMRCLAW: level  1  CFL = .437E+00  dt = 0.5000E+00  final t = 0.297500E+03
 AMRCLAW: level  1  CFL = .442E+00  dt = 0.5000E+00  final t = 0.298000E+03
 AMRCLAW: level  1  CFL = .446E+00  dt = 0.5000E+00  final t = 0.298500E+03
 AMRCLAW: level  1  CFL = .449E+00  dt = 0.5000E+00  final t = 0.299000E+03
 AMRCLAW: level  1  CFL = .454E+00  dt = 0.5000E+00  final t = 0.299500E+03
 AMRCLAW: level  1  CFL = .454E+00  dt = 0.4961E+00  final t = 0.299996E+03
 AMRCLAW: level  1  CFL = .361E-02  dt = 0.3911E-02  final t = 0.300000E+03
GEOCLAW: Frame   10 output files done at time t =  0.300000D+03

 AMRCLAW: level  1  CFL = .450E+00  dt = 0.4879E+00  final t = 0.300488E+03
 AMRCLAW: level  1  CFL = .452E+00  dt = 0.4879E+00  final t = 0.300976E+03
 AMRCLAW: level  1  CFL = .452E+00  dt = 0.4854E+00  final t = 0.301461E+03
 AMRCLAW: level  1  CFL = .451E+00  dt = 0.4837E+00  final t = 0.301945E+03
 AMRCLAW: level  1  CFL = .451E+00  dt = 0.4827E+00  final t = 0.302428E+03
 AMRCLAW: level  1  CFL = .450E+00  dt = 0.4821E+00  final t = 0.302910E+03
 AMRCLAW: level  1  CFL = .450E+00  dt = 0.4817E+00  final t = 0.303391E+03
 AMRCLAW: level  1  CFL = .450E+00  dt = 0.4817E+00  final t = 0.303873E+03
 AMRCLAW: level  1  CFL = .450E+00  dt = 0.4818E+00  final t = 0.304355E+03
 AMRCLAW: level  1  CFL = .450E+00  dt = 0.4821E+00  final t = 0.304837E+03
 AMRCLAW: level  1  CFL = .450E+00  dt = 0.4825E+00  final t = 0.305319E+03
 AMRCLAW: level  1  CFL = .450E+00  dt = 0.4829E+00  final t = 0.305802E+03
 AMRCLAW: level  1  CFL = .449E+00  dt = 0.4835E+00  final t = 0.306286E+03
 AMRCLAW: level  1  CFL = .449E+00  dt = 0.4840E+00  final t = 0.306770E+03
 AMRCLAW: level  1  CFL = .449E+00  dt = 0.4847E+00  final t = 0.307254E+03
 AMRCLAW: level  1  CFL = .449E+00  dt = 0.4853E+00  final t = 0.307740E+03
 AMRCLAW: level  1  CFL = .449E+00  dt = 0.4859E+00  final t = 0.308226E+03
 AMRCLAW: level  1  CFL = .449E+00  dt = 0.4866E+00  final t = 0.308712E+03
 AMRCLAW: level  1  CFL = .449E+00  dt = 0.4872E+00  final t = 0.309199E+03
 AMRCLAW: level  1  CFL = .449E+00  dt = 0.4878E+00  final t = 0.309687E+03
 AMRCLAW: level  1  CFL = .449E+00  dt = 0.4884E+00  final t = 0.310176E+03
 AMRCLAW: level  1  CFL = .449E+00  dt = 0.4890E+00  final t = 0.310665E+03
 AMRCLAW: level  1  CFL = .450E+00  dt = 0.4896E+00  final t = 0.311154E+03
 AMRCLAW: level  1  CFL = .450E+00  dt = 0.4901E+00  final t = 0.311644E+03
 AMRCLAW: level  1  CFL = .450E+00  dt = 0.4906E+00  final t = 0.312135E+03
 AMRCLAW: level  1  CFL = .450E+00  dt = 0.4911E+00  final t = 0.312626E+03
 AMRCLAW: level  1  CFL = .450E+00  dt = 0.4916E+00  final t = 0.313118E+03
 AMRCLAW: level  1  CFL = .450E+00  dt = 0.4920E+00  final t = 0.313610E+03
 AMRCLAW: level  1  CFL = .450E+00  dt = 0.4924E+00  final t = 0.314102E+03
 AMRCLAW: level  1  CFL = .450E+00  dt = 0.4928E+00  final t = 0.314595E+03
 AMRCLAW: level  1  CFL = .457E+00  dt = 0.4930E+00  final t = 0.315088E+03
 AMRCLAW: level  1  CFL = .455E+00  dt = 0.4857E+00  final t = 0.315574E+03
 AMRCLAW: level  1  CFL = .453E+00  dt = 0.4806E+00  final t = 0.316054E+03
 AMRCLAW: level  1  CFL = .452E+00  dt = 0.4774E+00  final t = 0.316532E+03
 AMRCLAW: level  1  CFL = .451E+00  dt = 0.4753E+00  final t = 0.317007E+03
 AMRCLAW: level  1  CFL = .451E+00  dt = 0.4741E+00  final t = 0.317481E+03
 AMRCLAW: level  1  CFL = .450E+00  dt = 0.4735E+00  final t = 0.317955E+03
 AMRCLAW: level  1  CFL = .450E+00  dt = 0.4733E+00  final t = 0.318428E+03
 AMRCLAW: level  1  CFL = .450E+00  dt = 0.4734E+00  final t = 0.318901E+03
 AMRCLAW: level  1  CFL = .450E+00  dt = 0.4736E+00  final t = 0.319375E+03
 AMRCLAW: level  1  CFL = .450E+00  dt = 0.4737E+00  final t = 0.319849E+03
 AMRCLAW: level  1  CFL = .450E+00  dt = 0.4738E+00  final t = 0.320322E+03
 AMRCLAW: level  1  CFL = .450E+00  dt = 0.4740E+00  final t = 0.320796E+03
 AMRCLAW: level  1  CFL = .450E+00  dt = 0.4743E+00  final t = 0.321271E+03
 AMRCLAW: level  1  CFL = .450E+00  dt = 0.4746E+00  final t = 0.321745E+03
 AMRCLAW: level  1  CFL = .450E+00  dt = 0.4750E+00  final t = 0.322220E+03
 AMRCLAW: level  1  CFL = .450E+00  dt = 0.4754E+00  final t = 0.322696E+03
 AMRCLAW: level  1  CFL = .450E+00  dt = 0.4759E+00  final t = 0.323172E+03
 AMRCLAW: level  1  CFL = .450E+00  dt = 0.4763E+00  final t = 0.323648E+03
 AMRCLAW: level  1  CFL = .450E+00  dt = 0.4768E+00  final t = 0.324125E+03
 AMRCLAW: level  1  CFL = .450E+00  dt = 0.4772E+00  final t = 0.324602E+03
 AMRCLAW: level  1  CFL = .450E+00  dt = 0.4777E+00  final t = 0.325080E+03
 AMRCLAW: level  1  CFL = .450E+00  dt = 0.4781E+00  final t = 0.325558E+03
 AMRCLAW: level  1  CFL = .450E+00  dt = 0.4785E+00  final t = 0.326036E+03
 AMRCLAW: level  1  CFL = .450E+00  dt = 0.4790E+00  final t = 0.326515E+03
 AMRCLAW: level  1  CFL = .450E+00  dt = 0.4794E+00  final t = 0.326995E+03
 AMRCLAW: level  1  CFL = .450E+00  dt = 0.4798E+00  final t = 0.327474E+03
 AMRCLAW: level  1  CFL = .450E+00  dt = 0.4801E+00  final t = 0.327955E+03
 AMRCLAW: level  1  CFL = .450E+00  dt = 0.4805E+00  final t = 0.328435E+03
 AMRCLAW: level  1  CFL = .450E+00  dt = 0.4808E+00  final t = 0.328916E+03
 AMRCLAW: level  1  CFL = .450E+00  dt = 0.4811E+00  final t = 0.329397E+03
 AMRCLAW: level  1  CFL = .450E+00  dt = 0.4814E+00  final t = 0.329878E+03
 AMRCLAW: level  1  CFL = .114E+00  dt = 0.1217E+00  final t = 0.330000E+03
GEOCLAW: Frame   11 output files done at time t =  0.330000D+03

 AMRCLAW: level  1  CFL = .450E+00  dt = 0.4819E+00  final t = 0.330482E+03
 AMRCLAW: level  1  CFL = .450E+00  dt = 0.4819E+00  final t = 0.330964E+03
 AMRCLAW: level  1  CFL = .450E+00  dt = 0.4821E+00  final t = 0.331446E+03
 AMRCLAW: level  1  CFL = .450E+00  dt = 0.4823E+00  final t = 0.331928E+03
 AMRCLAW: level  1  CFL = .450E+00  dt = 0.4825E+00  final t = 0.332411E+03
 AMRCLAW: level  1  CFL = .450E+00  dt = 0.4826E+00  final t = 0.332893E+03
 AMRCLAW: level  1  CFL = .450E+00  dt = 0.4826E+00  final t = 0.333376E+03
 AMRCLAW: level  1  CFL = .450E+00  dt = 0.4827E+00  final t = 0.333859E+03
 AMRCLAW: level  1  CFL = .450E+00  dt = 0.4827E+00  final t = 0.334341E+03
 AMRCLAW: level  1  CFL = .450E+00  dt = 0.4827E+00  final t = 0.334824E+03
 AMRCLAW: level  1  CFL = .450E+00  dt = 0.4827E+00  final t = 0.335307E+03
 AMRCLAW: level  1  CFL = .450E+00  dt = 0.4826E+00  final t = 0.335789E+03
 AMRCLAW: level  1  CFL = .450E+00  dt = 0.4825E+00  final t = 0.336272E+03
 AMRCLAW: level  1  CFL = .450E+00  dt = 0.4825E+00  final t = 0.336754E+03
 AMRCLAW: level  1  CFL = .450E+00  dt = 0.4824E+00  final t = 0.337237E+03
 AMRCLAW: level  1  CFL = .450E+00  dt = 0.4822E+00  final t = 0.337719E+03
 AMRCLAW: level  1  CFL = .450E+00  dt = 0.4821E+00  final t = 0.338201E+03
 AMRCLAW: level  1  CFL = .450E+00  dt = 0.4820E+00  final t = 0.338683E+03
 AMRCLAW: level  1  CFL = .450E+00  dt = 0.4818E+00  final t = 0.339165E+03
 AMRCLAW: level  1  CFL = .450E+00  dt = 0.4817E+00  final t = 0.339646E+03
 AMRCLAW: level  1  CFL = .450E+00  dt = 0.4815E+00  final t = 0.340128E+03
 AMRCLAW: level  1  CFL = .450E+00  dt = 0.4813E+00  final t = 0.340609E+03
 AMRCLAW: level  1  CFL = .450E+00  dt = 0.4811E+00  final t = 0.341090E+03
 AMRCLAW: level  1  CFL = .450E+00  dt = 0.4809E+00  final t = 0.341571E+03
 AMRCLAW: level  1  CFL = .450E+00  dt = 0.4807E+00  final t = 0.342052E+03
 AMRCLAW: level  1  CFL = .450E+00  dt = 0.4805E+00  final t = 0.342532E+03
 AMRCLAW: level  1  CFL = .450E+00  dt = 0.4803E+00  final t = 0.343013E+03
 AMRCLAW: level  1  CFL = .450E+00  dt = 0.4801E+00  final t = 0.343493E+03
 AMRCLAW: level  1  CFL = .450E+00  dt = 0.4799E+00  final t = 0.343973E+03
 AMRCLAW: level  1  CFL = .450E+00  dt = 0.4797E+00  final t = 0.344452E+03
 AMRCLAW: level  1  CFL = .450E+00  dt = 0.4795E+00  final t = 0.344932E+03
 AMRCLAW: level  1  CFL = .450E+00  dt = 0.4793E+00  final t = 0.345411E+03
 AMRCLAW: level  1  CFL = .450E+00  dt = 0.4791E+00  final t = 0.345890E+03
 AMRCLAW: level  1  CFL = .450E+00  dt = 0.4790E+00  final t = 0.346369E+03
 AMRCLAW: level  1  CFL = .450E+00  dt = 0.4789E+00  final t = 0.346848E+03
 AMRCLAW: level  1  CFL = .450E+00  dt = 0.4788E+00  final t = 0.347327E+03
 AMRCLAW: level  1  CFL = .450E+00  dt = 0.4787E+00  final t = 0.347806E+03
 AMRCLAW: level  1  CFL = .450E+00  dt = 0.4786E+00  final t = 0.348284E+03
 AMRCLAW: level  1  CFL = .450E+00  dt = 0.4786E+00  final t = 0.348763E+03
 AMRCLAW: level  1  CFL = .450E+00  dt = 0.4786E+00  final t = 0.349241E+03
 AMRCLAW: level  1  CFL = .450E+00  dt = 0.4786E+00  final t = 0.349720E+03
 AMRCLAW: level  1  CFL = .450E+00  dt = 0.4786E+00  final t = 0.350199E+03
 AMRCLAW: level  1  CFL = .450E+00  dt = 0.4787E+00  final t = 0.350677E+03
 AMRCLAW: level  1  CFL = .450E+00  dt = 0.4787E+00  final t = 0.351156E+03
 AMRCLAW: level  1  CFL = .450E+00  dt = 0.4788E+00  final t = 0.351635E+03
 AMRCLAW: level  1  CFL = .450E+00  dt = 0.4789E+00  final t = 0.352114E+03
 AMRCLAW: level  1  CFL = .450E+00  dt = 0.4790E+00  final t = 0.352593E+03
 AMRCLAW: level  1  CFL = .450E+00  dt = 0.4792E+00  final t = 0.353072E+03
 AMRCLAW: level  1  CFL = .450E+00  dt = 0.4794E+00  final t = 0.353551E+03
 AMRCLAW: level  1  CFL = .450E+00  dt = 0.4796E+00  final t = 0.354031E+03
 AMRCLAW: level  1  CFL = .450E+00  dt = 0.4798E+00  final t = 0.354511E+03
 AMRCLAW: level  1  CFL = .450E+00  dt = 0.4801E+00  final t = 0.354991E+03
 AMRCLAW: level  1  CFL = .450E+00  dt = 0.4805E+00  final t = 0.355471E+03
 AMRCLAW: level  1  CFL = .450E+00  dt = 0.4808E+00  final t = 0.355952E+03
 AMRCLAW: level  1  CFL = .450E+00  dt = 0.4812E+00  final t = 0.356433E+03
 AMRCLAW: level  1  CFL = .450E+00  dt = 0.4816E+00  final t = 0.356915E+03
 AMRCLAW: level  1  CFL = .450E+00  dt = 0.4820E+00  final t = 0.357397E+03
 AMRCLAW: level  1  CFL = .450E+00  dt = 0.4825E+00  final t = 0.357879E+03
 AMRCLAW: level  1  CFL = .450E+00  dt = 0.4830E+00  final t = 0.358362E+03
 AMRCLAW: level  1  CFL = .450E+00  dt = 0.4835E+00  final t = 0.358846E+03
 AMRCLAW: level  1  CFL = .449E+00  dt = 0.4840E+00  final t = 0.359330E+03
 AMRCLAW: level  1  CFL = .449E+00  dt = 0.4846E+00  final t = 0.359814E+03
 AMRCLAW: level  1  CFL = .172E+00  dt = 0.1856E+00  final t = 0.360000E+03
GEOCLAW: Frame   12 output files done at time t =  0.360000D+03

 AMRCLAW: level  1  CFL = .450E+00  dt = 0.4858E+00  final t = 0.360486E+03
 AMRCLAW: level  1  CFL = .449E+00  dt = 0.4860E+00  final t = 0.360972E+03
 AMRCLAW: level  1  CFL = .449E+00  dt = 0.4867E+00  final t = 0.361458E+03
 AMRCLAW: level  1  CFL = .449E+00  dt = 0.4874E+00  final t = 0.361946E+03
 AMRCLAW: level  1  CFL = .449E+00  dt = 0.4881E+00  final t = 0.362434E+03
 AMRCLAW: level  1  CFL = .449E+00  dt = 0.4888E+00  final t = 0.362923E+03
 AMRCLAW: level  1  CFL = .449E+00  dt = 0.4896E+00  final t = 0.363412E+03
 AMRCLAW: level  1  CFL = .449E+00  dt = 0.4903E+00  final t = 0.363903E+03
 AMRCLAW: level  1  CFL = .449E+00  dt = 0.4911E+00  final t = 0.364394E+03
 AMRCLAW: level  1  CFL = .449E+00  dt = 0.4919E+00  final t = 0.364886E+03
 AMRCLAW: level  1  CFL = .449E+00  dt = 0.4927E+00  final t = 0.365378E+03
 AMRCLAW: level  1  CFL = .449E+00  dt = 0.4936E+00  final t = 0.365872E+03
 AMRCLAW: level  1  CFL = .449E+00  dt = 0.4944E+00  final t = 0.366366E+03
 AMRCLAW: level  1  CFL = .449E+00  dt = 0.4952E+00  final t = 0.366862E+03
 AMRCLAW: level  1  CFL = .449E+00  dt = 0.4961E+00  final t = 0.367358E+03
 AMRCLAW: level  1  CFL = .449E+00  dt = 0.4970E+00  final t = 0.367855E+03
 AMRCLAW: level  1  CFL = .449E+00  dt = 0.4978E+00  final t = 0.368352E+03
 AMRCLAW: level  1  CFL = .449E+00  dt = 0.4985E+00  final t = 0.368851E+03
 AMRCLAW: level  1  CFL = .449E+00  dt = 0.4993E+00  final t = 0.369350E+03
 AMRCLAW: level  1  CFL = .449E+00  dt = 0.5000E+00  final t = 0.369850E+03
 AMRCLAW: level  1  CFL = .449E+00  dt = 0.5000E+00  final t = 0.370350E+03
 AMRCLAW: level  1  CFL = .448E+00  dt = 0.5000E+00  final t = 0.370850E+03
 AMRCLAW: level  1  CFL = .447E+00  dt = 0.5000E+00  final t = 0.371350E+03
 AMRCLAW: level  1  CFL = .446E+00  dt = 0.5000E+00  final t = 0.371850E+03
 AMRCLAW: level  1  CFL = .446E+00  dt = 0.5000E+00  final t = 0.372350E+03
 AMRCLAW: level  1  CFL = .445E+00  dt = 0.5000E+00  final t = 0.372850E+03
 AMRCLAW: level  1  CFL = .444E+00  dt = 0.5000E+00  final t = 0.373350E+03
 AMRCLAW: level  1  CFL = .444E+00  dt = 0.5000E+00  final t = 0.373850E+03
 AMRCLAW: level  1  CFL = .443E+00  dt = 0.5000E+00  final t = 0.374350E+03
 AMRCLAW: level  1  CFL = .442E+00  dt = 0.5000E+00  final t = 0.374850E+03
 AMRCLAW: level  1  CFL = .442E+00  dt = 0.5000E+00  final t = 0.375350E+03
 AMRCLAW: level  1  CFL = .441E+00  dt = 0.5000E+00  final t = 0.375850E+03
 AMRCLAW: level  1  CFL = .440E+00  dt = 0.5000E+00  final t = 0.376350E+03
 AMRCLAW: level  1  CFL = .440E+00  dt = 0.5000E+00  final t = 0.376850E+03
 AMRCLAW: level  1  CFL = .439E+00  dt = 0.5000E+00  final t = 0.377350E+03
 AMRCLAW: level  1  CFL = .438E+00  dt = 0.5000E+00  final t = 0.377850E+03
 AMRCLAW: level  1  CFL = .438E+00  dt = 0.5000E+00  final t = 0.378350E+03
 AMRCLAW: level  1  CFL = .437E+00  dt = 0.5000E+00  final t = 0.378850E+03
 AMRCLAW: level  1  CFL = .436E+00  dt = 0.5000E+00  final t = 0.379350E+03
 AMRCLAW: level  1  CFL = .436E+00  dt = 0.5000E+00  final t = 0.379850E+03
 AMRCLAW: level  1  CFL = .435E+00  dt = 0.5000E+00  final t = 0.380350E+03
 AMRCLAW: level  1  CFL = .434E+00  dt = 0.5000E+00  final t = 0.380850E+03
 AMRCLAW: level  1  CFL = .434E+00  dt = 0.5000E+00  final t = 0.381350E+03
 AMRCLAW: level  1  CFL = .433E+00  dt = 0.5000E+00  final t = 0.381850E+03
 AMRCLAW: level  1  CFL = .433E+00  dt = 0.5000E+00  final t = 0.382350E+03
 AMRCLAW: level  1  CFL = .432E+00  dt = 0.5000E+00  final t = 0.382850E+03
 AMRCLAW: level  1  CFL = .431E+00  dt = 0.5000E+00  final t = 0.383350E+03
 AMRCLAW: level  1  CFL = .431E+00  dt = 0.5000E+00  final t = 0.383850E+03
 AMRCLAW: level  1  CFL = .430E+00  dt = 0.5000E+00  final t = 0.384350E+03
 AMRCLAW: level  1  CFL = .430E+00  dt = 0.5000E+00  final t = 0.384850E+03
 AMRCLAW: level  1  CFL = .429E+00  dt = 0.5000E+00  final t = 0.385350E+03
 AMRCLAW: level  1  CFL = .428E+00  dt = 0.5000E+00  final t = 0.385850E+03
 AMRCLAW: level  1  CFL = .428E+00  dt = 0.5000E+00  final t = 0.386350E+03
 AMRCLAW: level  1  CFL = .427E+00  dt = 0.5000E+00  final t = 0.386850E+03
 AMRCLAW: level  1  CFL = .426E+00  dt = 0.5000E+00  final t = 0.387350E+03
 AMRCLAW: level  1  CFL = .425E+00  dt = 0.5000E+00  final t = 0.387850E+03
 AMRCLAW: level  1  CFL = .425E+00  dt = 0.5000E+00  final t = 0.388350E+03
 AMRCLAW: level  1  CFL = .424E+00  dt = 0.5000E+00  final t = 0.388850E+03
 AMRCLAW: level  1  CFL = .423E+00  dt = 0.5000E+00  final t = 0.389350E+03
 AMRCLAW: level  1  CFL = .422E+00  dt = 0.5000E+00  final t = 0.389850E+03
 AMRCLAW: level  1  CFL = .126E+00  dt = 0.1499E+00  final t = 0.390000E+03
GEOCLAW: Frame   13 output files done at time t =  0.390000D+03

 AMRCLAW: level  1  CFL = .421E+00  dt = 0.5000E+00  final t = 0.390500E+03
 AMRCLAW: level  1  CFL = .420E+00  dt = 0.5000E+00  final t = 0.391000E+03
 AMRCLAW: level  1  CFL = .419E+00  dt = 0.5000E+00  final t = 0.391500E+03
 AMRCLAW: level  1  CFL = .419E+00  dt = 0.5000E+00  final t = 0.392000E+03
 AMRCLAW: level  1  CFL = .418E+00  dt = 0.5000E+00  final t = 0.392500E+03
 AMRCLAW: level  1  CFL = .417E+00  dt = 0.5000E+00  final t = 0.393000E+03
 AMRCLAW: level  1  CFL = .416E+00  dt = 0.5000E+00  final t = 0.393500E+03
 AMRCLAW: level  1  CFL = .415E+00  dt = 0.5000E+00  final t = 0.394000E+03
 AMRCLAW: level  1  CFL = .414E+00  dt = 0.5000E+00  final t = 0.394500E+03
 AMRCLAW: level  1  CFL = .414E+00  dt = 0.5000E+00  final t = 0.395000E+03
 AMRCLAW: level  1  CFL = .413E+00  dt = 0.5000E+00  final t = 0.395500E+03
 AMRCLAW: level  1  CFL = .412E+00  dt = 0.5000E+00  final t = 0.396000E+03
 AMRCLAW: level  1  CFL = .411E+00  dt = 0.5000E+00  final t = 0.396500E+03
 AMRCLAW: level  1  CFL = .410E+00  dt = 0.5000E+00  final t = 0.397000E+03
 AMRCLAW: level  1  CFL = .409E+00  dt = 0.5000E+00  final t = 0.397500E+03
 AMRCLAW: level  1  CFL = .408E+00  dt = 0.5000E+00  final t = 0.398000E+03
 AMRCLAW: level  1  CFL = .408E+00  dt = 0.5000E+00  final t = 0.398500E+03
 AMRCLAW: level  1  CFL = .408E+00  dt = 0.5000E+00  final t = 0.399000E+03
 AMRCLAW: level  1  CFL = .408E+00  dt = 0.5000E+00  final t = 0.399500E+03
 AMRCLAW: level  1  CFL = .408E+00  dt = 0.5000E+00  final t = 0.400000E+03
 AMRCLAW: level  1  CFL = .407E+00  dt = 0.5000E+00  final t = 0.400500E+03
 AMRCLAW: level  1  CFL = .407E+00  dt = 0.5000E+00  final t = 0.401000E+03
 AMRCLAW: level  1  CFL = .407E+00  dt = 0.5000E+00  final t = 0.401500E+03
 AMRCLAW: level  1  CFL = .407E+00  dt = 0.5000E+00  final t = 0.402000E+03
 AMRCLAW: level  1  CFL = .406E+00  dt = 0.5000E+00  final t = 0.402500E+03
 AMRCLAW: level  1  CFL = .406E+00  dt = 0.5000E+00  final t = 0.403000E+03
 AMRCLAW: level  1  CFL = .406E+00  dt = 0.5000E+00  final t = 0.403500E+03
 AMRCLAW: level  1  CFL = .405E+00  dt = 0.5000E+00  final t = 0.404000E+03
 AMRCLAW: level  1  CFL = .405E+00  dt = 0.5000E+00  final t = 0.404500E+03
 AMRCLAW: level  1  CFL = .404E+00  dt = 0.5000E+00  final t = 0.405000E+03
 AMRCLAW: level  1  CFL = .404E+00  dt = 0.5000E+00  final t = 0.405500E+03
 AMRCLAW: level  1  CFL = .404E+00  dt = 0.5000E+00  final t = 0.406000E+03
 AMRCLAW: level  1  CFL = .403E+00  dt = 0.5000E+00  final t = 0.406500E+03
 AMRCLAW: level  1  CFL = .403E+00  dt = 0.5000E+00  final t = 0.407000E+03
 AMRCLAW: level  1  CFL = .402E+00  dt = 0.5000E+00  final t = 0.407500E+03
 AMRCLAW: level  1  CFL = .402E+00  dt = 0.5000E+00  final t = 0.408000E+03
 AMRCLAW: level  1  CFL = .401E+00  dt = 0.5000E+00  final t = 0.408500E+03
 AMRCLAW: level  1  CFL = .400E+00  dt = 0.5000E+00  final t = 0.409000E+03
 AMRCLAW: level  1  CFL = .400E+00  dt = 0.5000E+00  final t = 0.409500E+03
 AMRCLAW: level  1  CFL = .399E+00  dt = 0.5000E+00  final t = 0.410000E+03
 AMRCLAW: level  1  CFL = .399E+00  dt = 0.5000E+00  final t = 0.410500E+03
 AMRCLAW: level  1  CFL = .398E+00  dt = 0.5000E+00  final t = 0.411000E+03
 AMRCLAW: level  1  CFL = .397E+00  dt = 0.5000E+00  final t = 0.411500E+03
 AMRCLAW: level  1  CFL = .397E+00  dt = 0.5000E+00  final t = 0.412000E+03
 AMRCLAW: level  1  CFL = .396E+00  dt = 0.5000E+00  final t = 0.412500E+03
 AMRCLAW: level  1  CFL = .396E+00  dt = 0.5000E+00  final t = 0.413000E+03
 AMRCLAW: level  1  CFL = .395E+00  dt = 0.5000E+00  final t = 0.413500E+03
 AMRCLAW: level  1  CFL = .395E+00  dt = 0.5000E+00  final t = 0.414000E+03
 AMRCLAW: level  1  CFL = .394E+00  dt = 0.5000E+00  final t = 0.414500E+03
 AMRCLAW: level  1  CFL = .393E+00  dt = 0.5000E+00  final t = 0.415000E+03
 AMRCLAW: level  1  CFL = .393E+00  dt = 0.5000E+00  final t = 0.415500E+03
 AMRCLAW: level  1  CFL = .392E+00  dt = 0.5000E+00  final t = 0.416000E+03
 AMRCLAW: level  1  CFL = .391E+00  dt = 0.5000E+00  final t = 0.416500E+03
 AMRCLAW: level  1  CFL = .391E+00  dt = 0.5000E+00  final t = 0.417000E+03
 AMRCLAW: level  1  CFL = .390E+00  dt = 0.5000E+00  final t = 0.417500E+03
 AMRCLAW: level  1  CFL = .389E+00  dt = 0.5000E+00  final t = 0.418000E+03
 AMRCLAW: level  1  CFL = .389E+00  dt = 0.5000E+00  final t = 0.418500E+03
 AMRCLAW: level  1  CFL = .388E+00  dt = 0.5000E+00  final t = 0.419000E+03
 AMRCLAW: level  1  CFL = .387E+00  dt = 0.5000E+00  final t = 0.419500E+03
 AMRCLAW: level  1  CFL = .387E+00  dt = 0.5000E+00  final t = 0.420000E+03
GEOCLAW: Frame   14 output files done at time t =  0.420000D+03

 AMRCLAW: level  1  CFL = .386E+00  dt = 0.5000E+00  final t = 0.420500E+03
 AMRCLAW: level  1  CFL = .385E+00  dt = 0.5000E+00  final t = 0.421000E+03
 AMRCLAW: level  1  CFL = .385E+00  dt = 0.5000E+00  final t = 0.421500E+03
 AMRCLAW: level  1  CFL = .384E+00  dt = 0.5000E+00  final t = 0.422000E+03
 AMRCLAW: level  1  CFL = .383E+00  dt = 0.5000E+00  final t = 0.422500E+03
 AMRCLAW: level  1  CFL = .383E+00  dt = 0.5000E+00  final t = 0.423000E+03
 AMRCLAW: level  1  CFL = .382E+00  dt = 0.5000E+00  final t = 0.423500E+03
 AMRCLAW: level  1  CFL = .382E+00  dt = 0.5000E+00  final t = 0.424000E+03
 AMRCLAW: level  1  CFL = .381E+00  dt = 0.5000E+00  final t = 0.424500E+03
 AMRCLAW: level  1  CFL = .380E+00  dt = 0.5000E+00  final t = 0.425000E+03
 AMRCLAW: level  1  CFL = .380E+00  dt = 0.5000E+00  final t = 0.425500E+03
 AMRCLAW: level  1  CFL = .379E+00  dt = 0.5000E+00  final t = 0.426000E+03
 AMRCLAW: level  1  CFL = .378E+00  dt = 0.5000E+00  final t = 0.426500E+03
 AMRCLAW: level  1  CFL = .378E+00  dt = 0.5000E+00  final t = 0.427000E+03
 AMRCLAW: level  1  CFL = .377E+00  dt = 0.5000E+00  final t = 0.427500E+03
 AMRCLAW: level  1  CFL = .377E+00  dt = 0.5000E+00  final t = 0.428000E+03
 AMRCLAW: level  1  CFL = .376E+00  dt = 0.5000E+00  final t = 0.428500E+03
 AMRCLAW: level  1  CFL = .375E+00  dt = 0.5000E+00  final t = 0.429000E+03
 AMRCLAW: level  1  CFL = .375E+00  dt = 0.5000E+00  final t = 0.429500E+03
 AMRCLAW: level  1  CFL = .374E+00  dt = 0.5000E+00  final t = 0.430000E+03
 AMRCLAW: level  1  CFL = .373E+00  dt = 0.5000E+00  final t = 0.430500E+03
 AMRCLAW: level  1  CFL = .372E+00  dt = 0.5000E+00  final t = 0.431000E+03
 AMRCLAW: level  1  CFL = .372E+00  dt = 0.5000E+00  final t = 0.431500E+03
 AMRCLAW: level  1  CFL = .371E+00  dt = 0.5000E+00  final t = 0.432000E+03
 AMRCLAW: level  1  CFL = .370E+00  dt = 0.5000E+00  final t = 0.432500E+03
 AMRCLAW: level  1  CFL = .370E+00  dt = 0.5000E+00  final t = 0.433000E+03
 AMRCLAW: level  1  CFL = .369E+00  dt = 0.5000E+00  final t = 0.433500E+03
 AMRCLAW: level  1  CFL = .368E+00  dt = 0.5000E+00  final t = 0.434000E+03
 AMRCLAW: level  1  CFL = .367E+00  dt = 0.5000E+00  final t = 0.434500E+03
 AMRCLAW: level  1  CFL = .367E+00  dt = 0.5000E+00  final t = 0.435000E+03
 AMRCLAW: level  1  CFL = .366E+00  dt = 0.5000E+00  final t = 0.435500E+03
 AMRCLAW: level  1  CFL = .365E+00  dt = 0.5000E+00  final t = 0.436000E+03
 AMRCLAW: level  1  CFL = .365E+00  dt = 0.5000E+00  final t = 0.436500E+03
 AMRCLAW: level  1  CFL = .364E+00  dt = 0.5000E+00  final t = 0.437000E+03
 AMRCLAW: level  1  CFL = .363E+00  dt = 0.5000E+00  final t = 0.437500E+03
 AMRCLAW: level  1  CFL = .363E+00  dt = 0.5000E+00  final t = 0.438000E+03
 AMRCLAW: level  1  CFL = .362E+00  dt = 0.5000E+00  final t = 0.438500E+03
 AMRCLAW: level  1  CFL = .362E+00  dt = 0.5000E+00  final t = 0.439000E+03
 AMRCLAW: level  1  CFL = .361E+00  dt = 0.5000E+00  final t = 0.439500E+03
 AMRCLAW: level  1  CFL = .361E+00  dt = 0.5000E+00  final t = 0.440000E+03
 AMRCLAW: level  1  CFL = .360E+00  dt = 0.5000E+00  final t = 0.440500E+03
 AMRCLAW: level  1  CFL = .360E+00  dt = 0.5000E+00  final t = 0.441000E+03
 AMRCLAW: level  1  CFL = .359E+00  dt = 0.5000E+00  final t = 0.441500E+03
 AMRCLAW: level  1  CFL = .358E+00  dt = 0.5000E+00  final t = 0.442000E+03
 AMRCLAW: level  1  CFL = .358E+00  dt = 0.5000E+00  final t = 0.442500E+03
 AMRCLAW: level  1  CFL = .357E+00  dt = 0.5000E+00  final t = 0.443000E+03
 AMRCLAW: level  1  CFL = .357E+00  dt = 0.5000E+00  final t = 0.443500E+03
 AMRCLAW: level  1  CFL = .356E+00  dt = 0.5000E+00  final t = 0.444000E+03
 AMRCLAW: level  1  CFL = .356E+00  dt = 0.5000E+00  final t = 0.444500E+03
 AMRCLAW: level  1  CFL = .355E+00  dt = 0.5000E+00  final t = 0.445000E+03
 AMRCLAW: level  1  CFL = .355E+00  dt = 0.5000E+00  final t = 0.445500E+03
 AMRCLAW: level  1  CFL = .354E+00  dt = 0.5000E+00  final t = 0.446000E+03
 AMRCLAW: level  1  CFL = .353E+00  dt = 0.5000E+00  final t = 0.446500E+03
 AMRCLAW: level  1  CFL = .353E+00  dt = 0.5000E+00  final t = 0.447000E+03
 AMRCLAW: level  1  CFL = .352E+00  dt = 0.5000E+00  final t = 0.447500E+03
 AMRCLAW: level  1  CFL = .352E+00  dt = 0.5000E+00  final t = 0.448000E+03
 AMRCLAW: level  1  CFL = .351E+00  dt = 0.5000E+00  final t = 0.448500E+03
 AMRCLAW: level  1  CFL = .350E+00  dt = 0.5000E+00  final t = 0.449000E+03
 AMRCLAW: level  1  CFL = .350E+00  dt = 0.5000E+00  final t = 0.449500E+03
 AMRCLAW: level  1  CFL = .349E+00  dt = 0.5000E+00  final t = 0.450000E+03
GEOCLAW: Frame   15 output files done at time t =  0.450000D+03

 AMRCLAW: level  1  CFL = .348E+00  dt = 0.5000E+00  final t = 0.450500E+03
 AMRCLAW: level  1  CFL = .348E+00  dt = 0.5000E+00  final t = 0.451000E+03
 AMRCLAW: level  1  CFL = .347E+00  dt = 0.5000E+00  final t = 0.451500E+03
 AMRCLAW: level  1  CFL = .346E+00  dt = 0.5000E+00  final t = 0.452000E+03
 AMRCLAW: level  1  CFL = .345E+00  dt = 0.5000E+00  final t = 0.452500E+03
 AMRCLAW: level  1  CFL = .345E+00  dt = 0.5000E+00  final t = 0.453000E+03
 AMRCLAW: level  1  CFL = .345E+00  dt = 0.5000E+00  final t = 0.453500E+03
 AMRCLAW: level  1  CFL = .345E+00  dt = 0.5000E+00  final t = 0.454000E+03
 AMRCLAW: level  1  CFL = .344E+00  dt = 0.5000E+00  final t = 0.454500E+03
 AMRCLAW: level  1  CFL = .344E+00  dt = 0.5000E+00  final t = 0.455000E+03
 AMRCLAW: level  1  CFL = .344E+00  dt = 0.5000E+00  final t = 0.455500E+03
 AMRCLAW: level  1  CFL = .344E+00  dt = 0.5000E+00  final t = 0.456000E+03
 AMRCLAW: level  1  CFL = .344E+00  dt = 0.5000E+00  final t = 0.456500E+03
 AMRCLAW: level  1  CFL = .343E+00  dt = 0.5000E+00  final t = 0.457000E+03
 AMRCLAW: level  1  CFL = .343E+00  dt = 0.5000E+00  final t = 0.457500E+03
 AMRCLAW: level  1  CFL = .343E+00  dt = 0.5000E+00  final t = 0.458000E+03
 AMRCLAW: level  1  CFL = .343E+00  dt = 0.5000E+00  final t = 0.458500E+03
 AMRCLAW: level  1  CFL = .343E+00  dt = 0.5000E+00  final t = 0.459000E+03
 AMRCLAW: level  1  CFL = .342E+00  dt = 0.5000E+00  final t = 0.459500E+03
 AMRCLAW: level  1  CFL = .342E+00  dt = 0.5000E+00  final t = 0.460000E+03
 AMRCLAW: level  1  CFL = .342E+00  dt = 0.5000E+00  final t = 0.460500E+03
 AMRCLAW: level  1  CFL = .342E+00  dt = 0.5000E+00  final t = 0.461000E+03
 AMRCLAW: level  1  CFL = .342E+00  dt = 0.5000E+00  final t = 0.461500E+03
 AMRCLAW: level  1  CFL = .341E+00  dt = 0.5000E+00  final t = 0.462000E+03
 AMRCLAW: level  1  CFL = .341E+00  dt = 0.5000E+00  final t = 0.462500E+03
 AMRCLAW: level  1  CFL = .341E+00  dt = 0.5000E+00  final t = 0.463000E+03
 AMRCLAW: level  1  CFL = .341E+00  dt = 0.5000E+00  final t = 0.463500E+03
 AMRCLAW: level  1  CFL = .341E+00  dt = 0.5000E+00  final t = 0.464000E+03
 AMRCLAW: level  1  CFL = .341E+00  dt = 0.5000E+00  final t = 0.464500E+03
 AMRCLAW: level  1  CFL = .340E+00  dt = 0.5000E+00  final t = 0.465000E+03
 AMRCLAW: level  1  CFL = .340E+00  dt = 0.5000E+00  final t = 0.465500E+03
 AMRCLAW: level  1  CFL = .340E+00  dt = 0.5000E+00  final t = 0.466000E+03
 AMRCLAW: level  1  CFL = .340E+00  dt = 0.5000E+00  final t = 0.466500E+03
 AMRCLAW: level  1  CFL = .340E+00  dt = 0.5000E+00  final t = 0.467000E+03
 AMRCLAW: level  1  CFL = .340E+00  dt = 0.5000E+00  final t = 0.467500E+03
 AMRCLAW: level  1  CFL = .339E+00  dt = 0.5000E+00  final t = 0.468000E+03
 AMRCLAW: level  1  CFL = .339E+00  dt = 0.5000E+00  final t = 0.468500E+03
 AMRCLAW: level  1  CFL = .339E+00  dt = 0.5000E+00  final t = 0.469000E+03
 AMRCLAW: level  1  CFL = .339E+00  dt = 0.5000E+00  final t = 0.469500E+03
 AMRCLAW: level  1  CFL = .339E+00  dt = 0.5000E+00  final t = 0.470000E+03
 AMRCLAW: level  1  CFL = .339E+00  dt = 0.5000E+00  final t = 0.470500E+03
 AMRCLAW: level  1  CFL = .339E+00  dt = 0.5000E+00  final t = 0.471000E+03
 AMRCLAW: level  1  CFL = .339E+00  dt = 0.5000E+00  final t = 0.471500E+03
 AMRCLAW: level  1  CFL = .338E+00  dt = 0.5000E+00  final t = 0.472000E+03
 AMRCLAW: level  1  CFL = .338E+00  dt = 0.5000E+00  final t = 0.472500E+03
 AMRCLAW: level  1  CFL = .338E+00  dt = 0.5000E+00  final t = 0.473000E+03
 AMRCLAW: level  1  CFL = .338E+00  dt = 0.5000E+00  final t = 0.473500E+03
 AMRCLAW: level  1  CFL = .338E+00  dt = 0.5000E+00  final t = 0.474000E+03
 AMRCLAW: level  1  CFL = .337E+00  dt = 0.5000E+00  final t = 0.474500E+03
 AMRCLAW: level  1  CFL = .337E+00  dt = 0.5000E+00  final t = 0.475000E+03
 AMRCLAW: level  1  CFL = .337E+00  dt = 0.5000E+00  final t = 0.475500E+03
 AMRCLAW: level  1  CFL = .337E+00  dt = 0.5000E+00  final t = 0.476000E+03
 AMRCLAW: level  1  CFL = .337E+00  dt = 0.5000E+00  final t = 0.476500E+03
 AMRCLAW: level  1  CFL = .337E+00  dt = 0.5000E+00  final t = 0.477000E+03
 AMRCLAW: level  1  CFL = .336E+00  dt = 0.5000E+00  final t = 0.477500E+03
 AMRCLAW: level  1  CFL = .336E+00  dt = 0.5000E+00  final t = 0.478000E+03
 AMRCLAW: level  1  CFL = .336E+00  dt = 0.5000E+00  final t = 0.478500E+03
 AMRCLAW: level  1  CFL = .336E+00  dt = 0.5000E+00  final t = 0.479000E+03
 AMRCLAW: level  1  CFL = .336E+00  dt = 0.5000E+00  final t = 0.479500E+03
 AMRCLAW: level  1  CFL = .335E+00  dt = 0.5000E+00  final t = 0.480000E+03
GEOCLAW: Frame   16 output files done at time t =  0.480000D+03

 AMRCLAW: level  1  CFL = .335E+00  dt = 0.5000E+00  final t = 0.480500E+03
 AMRCLAW: level  1  CFL = .335E+00  dt = 0.5000E+00  final t = 0.481000E+03
 AMRCLAW: level  1  CFL = .335E+00  dt = 0.5000E+00  final t = 0.481500E+03
 AMRCLAW: level  1  CFL = .334E+00  dt = 0.5000E+00  final t = 0.482000E+03
 AMRCLAW: level  1  CFL = .334E+00  dt = 0.5000E+00  final t = 0.482500E+03
 AMRCLAW: level  1  CFL = .334E+00  dt = 0.5000E+00  final t = 0.483000E+03
 AMRCLAW: level  1  CFL = .334E+00  dt = 0.5000E+00  final t = 0.483500E+03
 AMRCLAW: level  1  CFL = .333E+00  dt = 0.5000E+00  final t = 0.484000E+03
 AMRCLAW: level  1  CFL = .333E+00  dt = 0.5000E+00  final t = 0.484500E+03
 AMRCLAW: level  1  CFL = .333E+00  dt = 0.5000E+00  final t = 0.485000E+03
 AMRCLAW: level  1  CFL = .332E+00  dt = 0.5000E+00  final t = 0.485500E+03
 AMRCLAW: level  1  CFL = .332E+00  dt = 0.5000E+00  final t = 0.486000E+03
 AMRCLAW: level  1  CFL = .331E+00  dt = 0.5000E+00  final t = 0.486500E+03
 AMRCLAW: level  1  CFL = .331E+00  dt = 0.5000E+00  final t = 0.487000E+03
 AMRCLAW: level  1  CFL = .331E+00  dt = 0.5000E+00  final t = 0.487500E+03
 AMRCLAW: level  1  CFL = .330E+00  dt = 0.5000E+00  final t = 0.488000E+03
 AMRCLAW: level  1  CFL = .330E+00  dt = 0.5000E+00  final t = 0.488500E+03
 AMRCLAW: level  1  CFL = .329E+00  dt = 0.5000E+00  final t = 0.489000E+03
 AMRCLAW: level  1  CFL = .329E+00  dt = 0.5000E+00  final t = 0.489500E+03
 AMRCLAW: level  1  CFL = .329E+00  dt = 0.5000E+00  final t = 0.490000E+03
 AMRCLAW: level  1  CFL = .328E+00  dt = 0.5000E+00  final t = 0.490500E+03
 AMRCLAW: level  1  CFL = .328E+00  dt = 0.5000E+00  final t = 0.491000E+03
 AMRCLAW: level  1  CFL = .327E+00  dt = 0.5000E+00  final t = 0.491500E+03
 AMRCLAW: level  1  CFL = .327E+00  dt = 0.5000E+00  final t = 0.492000E+03
 AMRCLAW: level  1  CFL = .326E+00  dt = 0.5000E+00  final t = 0.492500E+03
 AMRCLAW: level  1  CFL = .326E+00  dt = 0.5000E+00  final t = 0.493000E+03
 AMRCLAW: level  1  CFL = .325E+00  dt = 0.5000E+00  final t = 0.493500E+03
 AMRCLAW: level  1  CFL = .325E+00  dt = 0.5000E+00  final t = 0.494000E+03
 AMRCLAW: level  1  CFL = .324E+00  dt = 0.5000E+00  final t = 0.494500E+03
 AMRCLAW: level  1  CFL = .324E+00  dt = 0.5000E+00  final t = 0.495000E+03
 AMRCLAW: level  1  CFL = .323E+00  dt = 0.5000E+00  final t = 0.495500E+03
 AMRCLAW: level  1  CFL = .323E+00  dt = 0.5000E+00  final t = 0.496000E+03
 AMRCLAW: level  1  CFL = .322E+00  dt = 0.5000E+00  final t = 0.496500E+03
 AMRCLAW: level  1  CFL = .322E+00  dt = 0.5000E+00  final t = 0.497000E+03
 AMRCLAW: level  1  CFL = .321E+00  dt = 0.5000E+00  final t = 0.497500E+03
 AMRCLAW: level  1  CFL = .321E+00  dt = 0.5000E+00  final t = 0.498000E+03
 AMRCLAW: level  1  CFL = .320E+00  dt = 0.5000E+00  final t = 0.498500E+03
 AMRCLAW: level  1  CFL = .320E+00  dt = 0.5000E+00  final t = 0.499000E+03
 AMRCLAW: level  1  CFL = .319E+00  dt = 0.5000E+00  final t = 0.499500E+03
 AMRCLAW: level  1  CFL = .319E+00  dt = 0.5000E+00  final t = 0.500000E+03
 AMRCLAW: level  1  CFL = .318E+00  dt = 0.5000E+00  final t = 0.500500E+03
 AMRCLAW: level  1  CFL = .318E+00  dt = 0.5000E+00  final t = 0.501000E+03
 AMRCLAW: level  1  CFL = .317E+00  dt = 0.5000E+00  final t = 0.501500E+03
 AMRCLAW: level  1  CFL = .317E+00  dt = 0.5000E+00  final t = 0.502000E+03
 AMRCLAW: level  1  CFL = .316E+00  dt = 0.5000E+00  final t = 0.502500E+03
 AMRCLAW: level  1  CFL = .316E+00  dt = 0.5000E+00  final t = 0.503000E+03
 AMRCLAW: level  1  CFL = .315E+00  dt = 0.5000E+00  final t = 0.503500E+03
 AMRCLAW: level  1  CFL = .315E+00  dt = 0.5000E+00  final t = 0.504000E+03
 AMRCLAW: level  1  CFL = .314E+00  dt = 0.5000E+00  final t = 0.504500E+03
 AMRCLAW: level  1  CFL = .314E+00  dt = 0.5000E+00  final t = 0.505000E+03
 AMRCLAW: level  1  CFL = .313E+00  dt = 0.5000E+00  final t = 0.505500E+03
 AMRCLAW: level  1  CFL = .313E+00  dt = 0.5000E+00  final t = 0.506000E+03
 AMRCLAW: level  1  CFL = .312E+00  dt = 0.5000E+00  final t = 0.506500E+03
 AMRCLAW: level  1  CFL = .312E+00  dt = 0.5000E+00  final t = 0.507000E+03
 AMRCLAW: level  1  CFL = .312E+00  dt = 0.5000E+00  final t = 0.507500E+03
 AMRCLAW: level  1  CFL = .311E+00  dt = 0.5000E+00  final t = 0.508000E+03
 AMRCLAW: level  1  CFL = .311E+00  dt = 0.5000E+00  final t = 0.508500E+03
 AMRCLAW: level  1  CFL = .310E+00  dt = 0.5000E+00  final t = 0.509000E+03
 AMRCLAW: level  1  CFL = .310E+00  dt = 0.5000E+00  final t = 0.509500E+03
 AMRCLAW: level  1  CFL = .309E+00  dt = 0.5000E+00  final t = 0.510000E+03
GEOCLAW: Frame   17 output files done at time t =  0.510000D+03

 AMRCLAW: level  1  CFL = .309E+00  dt = 0.5000E+00  final t = 0.510500E+03
 AMRCLAW: level  1  CFL = .308E+00  dt = 0.5000E+00  final t = 0.511000E+03
 AMRCLAW: level  1  CFL = .308E+00  dt = 0.5000E+00  final t = 0.511500E+03
 AMRCLAW: level  1  CFL = .307E+00  dt = 0.5000E+00  final t = 0.512000E+03
 AMRCLAW: level  1  CFL = .307E+00  dt = 0.5000E+00  final t = 0.512500E+03
 AMRCLAW: level  1  CFL = .307E+00  dt = 0.5000E+00  final t = 0.513000E+03
 AMRCLAW: level  1  CFL = .306E+00  dt = 0.5000E+00  final t = 0.513500E+03
 AMRCLAW: level  1  CFL = .306E+00  dt = 0.5000E+00  final t = 0.514000E+03
 AMRCLAW: level  1  CFL = .305E+00  dt = 0.5000E+00  final t = 0.514500E+03
 AMRCLAW: level  1  CFL = .305E+00  dt = 0.5000E+00  final t = 0.515000E+03
 AMRCLAW: level  1  CFL = .305E+00  dt = 0.5000E+00  final t = 0.515500E+03
 AMRCLAW: level  1  CFL = .304E+00  dt = 0.5000E+00  final t = 0.516000E+03
 AMRCLAW: level  1  CFL = .304E+00  dt = 0.5000E+00  final t = 0.516500E+03
 AMRCLAW: level  1  CFL = .304E+00  dt = 0.5000E+00  final t = 0.517000E+03
 AMRCLAW: level  1  CFL = .304E+00  dt = 0.5000E+00  final t = 0.517500E+03
 AMRCLAW: level  1  CFL = .304E+00  dt = 0.5000E+00  final t = 0.518000E+03
 AMRCLAW: level  1  CFL = .304E+00  dt = 0.5000E+00  final t = 0.518500E+03
 AMRCLAW: level  1  CFL = .304E+00  dt = 0.5000E+00  final t = 0.519000E+03
 AMRCLAW: level  1  CFL = .304E+00  dt = 0.5000E+00  final t = 0.519500E+03
 AMRCLAW: level  1  CFL = .304E+00  dt = 0.5000E+00  final t = 0.520000E+03
 AMRCLAW: level  1  CFL = .304E+00  dt = 0.5000E+00  final t = 0.520500E+03
 AMRCLAW: level  1  CFL = .304E+00  dt = 0.5000E+00  final t = 0.521000E+03
 AMRCLAW: level  1  CFL = .304E+00  dt = 0.5000E+00  final t = 0.521500E+03
 AMRCLAW: level  1  CFL = .304E+00  dt = 0.5000E+00  final t = 0.522000E+03
 AMRCLAW: level  1  CFL = .304E+00  dt = 0.5000E+00  final t = 0.522500E+03
 AMRCLAW: level  1  CFL = .304E+00  dt = 0.5000E+00  final t = 0.523000E+03
 AMRCLAW: level  1  CFL = .305E+00  dt = 0.5000E+00  final t = 0.523500E+03
 AMRCLAW: level  1  CFL = .305E+00  dt = 0.5000E+00  final t = 0.524000E+03
 AMRCLAW: level  1  CFL = .305E+00  dt = 0.5000E+00  final t = 0.524500E+03
 AMRCLAW: level  1  CFL = .305E+00  dt = 0.5000E+00  final t = 0.525000E+03
 AMRCLAW: level  1  CFL = .305E+00  dt = 0.5000E+00  final t = 0.525500E+03
 AMRCLAW: level  1  CFL = .305E+00  dt = 0.5000E+00  final t = 0.526000E+03
 AMRCLAW: level  1  CFL = .305E+00  dt = 0.5000E+00  final t = 0.526500E+03
 AMRCLAW: level  1  CFL = .306E+00  dt = 0.5000E+00  final t = 0.527000E+03
 AMRCLAW: level  1  CFL = .306E+00  dt = 0.5000E+00  final t = 0.527500E+03
 AMRCLAW: level  1  CFL = .306E+00  dt = 0.5000E+00  final t = 0.528000E+03
 AMRCLAW: level  1  CFL = .306E+00  dt = 0.5000E+00  final t = 0.528500E+03
 AMRCLAW: level  1  CFL = .306E+00  dt = 0.5000E+00  final t = 0.529000E+03
 AMRCLAW: level  1  CFL = .306E+00  dt = 0.5000E+00  final t = 0.529500E+03
 AMRCLAW: level  1  CFL = .306E+00  dt = 0.5000E+00  final t = 0.530000E+03
 AMRCLAW: level  1  CFL = .306E+00  dt = 0.5000E+00  final t = 0.530500E+03
 AMRCLAW: level  1  CFL = .306E+00  dt = 0.5000E+00  final t = 0.531000E+03
 AMRCLAW: level  1  CFL = .306E+00  dt = 0.5000E+00  final t = 0.531500E+03
 AMRCLAW: level  1  CFL = .306E+00  dt = 0.5000E+00  final t = 0.532000E+03
 AMRCLAW: level  1  CFL = .306E+00  dt = 0.5000E+00  final t = 0.532500E+03
 AMRCLAW: level  1  CFL = .306E+00  dt = 0.5000E+00  final t = 0.533000E+03
 AMRCLAW: level  1  CFL = .306E+00  dt = 0.5000E+00  final t = 0.533500E+03
 AMRCLAW: level  1  CFL = .306E+00  dt = 0.5000E+00  final t = 0.534000E+03
 AMRCLAW: level  1  CFL = .306E+00  dt = 0.5000E+00  final t = 0.534500E+03
 AMRCLAW: level  1  CFL = .306E+00  dt = 0.5000E+00  final t = 0.535000E+03
 AMRCLAW: level  1  CFL = .305E+00  dt = 0.5000E+00  final t = 0.535500E+03
 AMRCLAW: level  1  CFL = .305E+00  dt = 0.5000E+00  final t = 0.536000E+03
 AMRCLAW: level  1  CFL = .305E+00  dt = 0.5000E+00  final t = 0.536500E+03
 AMRCLAW: level  1  CFL = .305E+00  dt = 0.5000E+00  final t = 0.537000E+03
 AMRCLAW: level  1  CFL = .305E+00  dt = 0.5000E+00  final t = 0.537500E+03
 AMRCLAW: level  1  CFL = .305E+00  dt = 0.5000E+00  final t = 0.538000E+03
 AMRCLAW: level  1  CFL = .305E+00  dt = 0.5000E+00  final t = 0.538500E+03
 AMRCLAW: level  1  CFL = .304E+00  dt = 0.5000E+00  final t = 0.539000E+03
 AMRCLAW: level  1  CFL = .304E+00  dt = 0.5000E+00  final t = 0.539500E+03
 AMRCLAW: level  1  CFL = .304E+00  dt = 0.5000E+00  final t = 0.540000E+03
GEOCLAW: Frame   18 output files done at time t =  0.540000D+03

 AMRCLAW: level  1  CFL = .304E+00  dt = 0.5000E+00  final t = 0.540500E+03
 AMRCLAW: level  1  CFL = .304E+00  dt = 0.5000E+00  final t = 0.541000E+03
 AMRCLAW: level  1  CFL = .304E+00  dt = 0.5000E+00  final t = 0.541500E+03
 AMRCLAW: level  1  CFL = .304E+00  dt = 0.5000E+00  final t = 0.542000E+03
 AMRCLAW: level  1  CFL = .304E+00  dt = 0.5000E+00  final t = 0.542500E+03
 AMRCLAW: level  1  CFL = .303E+00  dt = 0.5000E+00  final t = 0.543000E+03
 AMRCLAW: level  1  CFL = .303E+00  dt = 0.5000E+00  final t = 0.543500E+03
 AMRCLAW: level  1  CFL = .303E+00  dt = 0.5000E+00  final t = 0.544000E+03
 AMRCLAW: level  1  CFL = .303E+00  dt = 0.5000E+00  final t = 0.544500E+03
 AMRCLAW: level  1  CFL = .303E+00  dt = 0.5000E+00  final t = 0.545000E+03
 AMRCLAW: level  1  CFL = .303E+00  dt = 0.5000E+00  final t = 0.545500E+03
 AMRCLAW: level  1  CFL = .303E+00  dt = 0.5000E+00  final t = 0.546000E+03
 AMRCLAW: level  1  CFL = .302E+00  dt = 0.5000E+00  final t = 0.546500E+03
 AMRCLAW: level  1  CFL = .302E+00  dt = 0.5000E+00  final t = 0.547000E+03
 AMRCLAW: level  1  CFL = .302E+00  dt = 0.5000E+00  final t = 0.547500E+03
 AMRCLAW: level  1  CFL = .302E+00  dt = 0.5000E+00  final t = 0.548000E+03
 AMRCLAW: level  1  CFL = .302E+00  dt = 0.5000E+00  final t = 0.548500E+03
 AMRCLAW: level  1  CFL = .302E+00  dt = 0.5000E+00  final t = 0.549000E+03
 AMRCLAW: level  1  CFL = .301E+00  dt = 0.5000E+00  final t = 0.549500E+03
 AMRCLAW: level  1  CFL = .301E+00  dt = 0.5000E+00  final t = 0.550000E+03
 AMRCLAW: level  1  CFL = .301E+00  dt = 0.5000E+00  final t = 0.550500E+03
 AMRCLAW: level  1  CFL = .301E+00  dt = 0.5000E+00  final t = 0.551000E+03
 AMRCLAW: level  1  CFL = .301E+00  dt = 0.5000E+00  final t = 0.551500E+03
 AMRCLAW: level  1  CFL = .301E+00  dt = 0.5000E+00  final t = 0.552000E+03
 AMRCLAW: level  1  CFL = .300E+00  dt = 0.5000E+00  final t = 0.552500E+03
 AMRCLAW: level  1  CFL = .300E+00  dt = 0.5000E+00  final t = 0.553000E+03
 AMRCLAW: level  1  CFL = .300E+00  dt = 0.5000E+00  final t = 0.553500E+03
 AMRCLAW: level  1  CFL = .300E+00  dt = 0.5000E+00  final t = 0.554000E+03
 AMRCLAW: level  1  CFL = .300E+00  dt = 0.5000E+00  final t = 0.554500E+03
 AMRCLAW: level  1  CFL = .300E+00  dt = 0.5000E+00  final t = 0.555000E+03
 AMRCLAW: level  1  CFL = .300E+00  dt = 0.5000E+00  final t = 0.555500E+03
 AMRCLAW: level  1  CFL = .299E+00  dt = 0.5000E+00  final t = 0.556000E+03
 AMRCLAW: level  1  CFL = .299E+00  dt = 0.5000E+00  final t = 0.556500E+03
 AMRCLAW: level  1  CFL = .299E+00  dt = 0.5000E+00  final t = 0.557000E+03
 AMRCLAW: level  1  CFL = .299E+00  dt = 0.5000E+00  final t = 0.557500E+03
 AMRCLAW: level  1  CFL = .299E+00  dt = 0.5000E+00  final t = 0.558000E+03
 AMRCLAW: level  1  CFL = .299E+00  dt = 0.5000E+00  final t = 0.558500E+03
 AMRCLAW: level  1  CFL = .299E+00  dt = 0.5000E+00  final t = 0.559000E+03
 AMRCLAW: level  1  CFL = .299E+00  dt = 0.5000E+00  final t = 0.559500E+03
 AMRCLAW: level  1  CFL = .299E+00  dt = 0.5000E+00  final t = 0.560000E+03
 AMRCLAW: level  1  CFL = .298E+00  dt = 0.5000E+00  final t = 0.560500E+03
 AMRCLAW: level  1  CFL = .298E+00  dt = 0.5000E+00  final t = 0.561000E+03
 AMRCLAW: level  1  CFL = .298E+00  dt = 0.5000E+00  final t = 0.561500E+03
 AMRCLAW: level  1  CFL = .298E+00  dt = 0.5000E+00  final t = 0.562000E+03
 AMRCLAW: level  1  CFL = .298E+00  dt = 0.5000E+00  final t = 0.562500E+03
 AMRCLAW: level  1  CFL = .298E+00  dt = 0.5000E+00  final t = 0.563000E+03
 AMRCLAW: level  1  CFL = .298E+00  dt = 0.5000E+00  final t = 0.563500E+03
 AMRCLAW: level  1  CFL = .298E+00  dt = 0.5000E+00  final t = 0.564000E+03
 AMRCLAW: level  1  CFL = .298E+00  dt = 0.5000E+00  final t = 0.564500E+03
 AMRCLAW: level  1  CFL = .298E+00  dt = 0.5000E+00  final t = 0.565000E+03
 AMRCLAW: level  1  CFL = .298E+00  dt = 0.5000E+00  final t = 0.565500E+03
 AMRCLAW: level  1  CFL = .298E+00  dt = 0.5000E+00  final t = 0.566000E+03
 AMRCLAW: level  1  CFL = .298E+00  dt = 0.5000E+00  final t = 0.566500E+03
 AMRCLAW: level  1  CFL = .298E+00  dt = 0.5000E+00  final t = 0.567000E+03
 AMRCLAW: level  1  CFL = .298E+00  dt = 0.5000E+00  final t = 0.567500E+03
 AMRCLAW: level  1  CFL = .298E+00  dt = 0.5000E+00  final t = 0.568000E+03
 AMRCLAW: level  1  CFL = .298E+00  dt = 0.5000E+00  final t = 0.568500E+03
 AMRCLAW: level  1  CFL = .298E+00  dt = 0.5000E+00  final t = 0.569000E+03
 AMRCLAW: level  1  CFL = .298E+00  dt = 0.5000E+00  final t = 0.569500E+03
 AMRCLAW: level  1  CFL = .298E+00  dt = 0.5000E+00  final t = 0.570000E+03
GEOCLAW: Frame   19 output files done at time t =  0.570000D+03

 AMRCLAW: level  1  CFL = .298E+00  dt = 0.5000E+00  final t = 0.570500E+03
 AMRCLAW: level  1  CFL = .298E+00  dt = 0.5000E+00  final t = 0.571000E+03
 AMRCLAW: level  1  CFL = .297E+00  dt = 0.5000E+00  final t = 0.571500E+03
 AMRCLAW: level  1  CFL = .297E+00  dt = 0.5000E+00  final t = 0.572000E+03
 AMRCLAW: level  1  CFL = .297E+00  dt = 0.5000E+00  final t = 0.572500E+03
 AMRCLAW: level  1  CFL = .297E+00  dt = 0.5000E+00  final t = 0.573000E+03
 AMRCLAW: level  1  CFL = .297E+00  dt = 0.5000E+00  final t = 0.573500E+03
 AMRCLAW: level  1  CFL = .297E+00  dt = 0.5000E+00  final t = 0.574000E+03
 AMRCLAW: level  1  CFL = .297E+00  dt = 0.5000E+00  final t = 0.574500E+03
 AMRCLAW: level  1  CFL = .297E+00  dt = 0.5000E+00  final t = 0.575000E+03
 AMRCLAW: level  1  CFL = .297E+00  dt = 0.5000E+00  final t = 0.575500E+03
 AMRCLAW: level  1  CFL = .297E+00  dt = 0.5000E+00  final t = 0.576000E+03
 AMRCLAW: level  1  CFL = .297E+00  dt = 0.5000E+00  final t = 0.576500E+03
 AMRCLAW: level  1  CFL = .297E+00  dt = 0.5000E+00  final t = 0.577000E+03
 AMRCLAW: level  1  CFL = .297E+00  dt = 0.5000E+00  final t = 0.577500E+03
 AMRCLAW: level  1  CFL = .297E+00  dt = 0.5000E+00  final t = 0.578000E+03
 AMRCLAW: level  1  CFL = .297E+00  dt = 0.5000E+00  final t = 0.578500E+03
 AMRCLAW: level  1  CFL = .297E+00  dt = 0.5000E+00  final t = 0.579000E+03
 AMRCLAW: level  1  CFL = .297E+00  dt = 0.5000E+00  final t = 0.579500E+03
 AMRCLAW: level  1  CFL = .297E+00  dt = 0.5000E+00  final t = 0.580000E+03
 AMRCLAW: level  1  CFL = .297E+00  dt = 0.5000E+00  final t = 0.580500E+03
 AMRCLAW: level  1  CFL = .297E+00  dt = 0.5000E+00  final t = 0.581000E+03
 AMRCLAW: level  1  CFL = .297E+00  dt = 0.5000E+00  final t = 0.581500E+03
 AMRCLAW: level  1  CFL = .297E+00  dt = 0.5000E+00  final t = 0.582000E+03
 AMRCLAW: level  1  CFL = .297E+00  dt = 0.5000E+00  final t = 0.582500E+03
 AMRCLAW: level  1  CFL = .297E+00  dt = 0.5000E+00  final t = 0.583000E+03
 AMRCLAW: level  1  CFL = .297E+00  dt = 0.5000E+00  final t = 0.583500E+03
 AMRCLAW: level  1  CFL = .297E+00  dt = 0.5000E+00  final t = 0.584000E+03
 AMRCLAW: level  1  CFL = .297E+00  dt = 0.5000E+00  final t = 0.584500E+03
 AMRCLAW: level  1  CFL = .297E+00  dt = 0.5000E+00  final t = 0.585000E+03
 AMRCLAW: level  1  CFL = .297E+00  dt = 0.5000E+00  final t = 0.585500E+03
 AMRCLAW: level  1  CFL = .297E+00  dt = 0.5000E+00  final t = 0.586000E+03
 AMRCLAW: level  1  CFL = .297E+00  dt = 0.5000E+00  final t = 0.586500E+03
 AMRCLAW: level  1  CFL = .297E+00  dt = 0.5000E+00  final t = 0.587000E+03
 AMRCLAW: level  1  CFL = .297E+00  dt = 0.5000E+00  final t = 0.587500E+03
 AMRCLAW: level  1  CFL = .297E+00  dt = 0.5000E+00  final t = 0.588000E+03
 AMRCLAW: level  1  CFL = .297E+00  dt = 0.5000E+00  final t = 0.588500E+03
 AMRCLAW: level  1  CFL = .297E+00  dt = 0.5000E+00  final t = 0.589000E+03
 AMRCLAW: level  1  CFL = .297E+00  dt = 0.5000E+00  final t = 0.589500E+03
 AMRCLAW: level  1  CFL = .297E+00  dt = 0.5000E+00  final t = 0.590000E+03
 AMRCLAW: level  1  CFL = .297E+00  dt = 0.5000E+00  final t = 0.590500E+03
 AMRCLAW: level  1  CFL = .297E+00  dt = 0.5000E+00  final t = 0.591000E+03
 AMRCLAW: level  1  CFL = .297E+00  dt = 0.5000E+00  final t = 0.591500E+03
 AMRCLAW: level  1  CFL = .297E+00  dt = 0.5000E+00  final t = 0.592000E+03
 AMRCLAW: level  1  CFL = .297E+00  dt = 0.5000E+00  final t = 0.592500E+03
 AMRCLAW: level  1  CFL = .297E+00  dt = 0.5000E+00  final t = 0.593000E+03
 AMRCLAW: level  1  CFL = .297E+00  dt = 0.5000E+00  final t = 0.593500E+03
 AMRCLAW: level  1  CFL = .297E+00  dt = 0.5000E+00  final t = 0.594000E+03
 AMRCLAW: level  1  CFL = .297E+00  dt = 0.5000E+00  final t = 0.594500E+03
 AMRCLAW: level  1  CFL = .296E+00  dt = 0.5000E+00  final t = 0.595000E+03
 AMRCLAW: level  1  CFL = .296E+00  dt = 0.5000E+00  final t = 0.595500E+03
 AMRCLAW: level  1  CFL = .296E+00  dt = 0.5000E+00  final t = 0.596000E+03
 AMRCLAW: level  1  CFL = .296E+00  dt = 0.5000E+00  final t = 0.596500E+03
 AMRCLAW: level  1  CFL = .296E+00  dt = 0.5000E+00  final t = 0.597000E+03
 AMRCLAW: level  1  CFL = .296E+00  dt = 0.5000E+00  final t = 0.597500E+03
 AMRCLAW: level  1  CFL = .296E+00  dt = 0.5000E+00  final t = 0.598000E+03
 AMRCLAW: level  1  CFL = .296E+00  dt = 0.5000E+00  final t = 0.598500E+03
 AMRCLAW: level  1  CFL = .296E+00  dt = 0.5000E+00  final t = 0.599000E+03
 AMRCLAW: level  1  CFL = .296E+00  dt = 0.5000E+00  final t = 0.599500E+03
 AMRCLAW: level  1  CFL = .296E+00  dt = 0.5000E+00  final t = 0.600000E+03
GEOCLAW: Frame   20 output files done at time t =  0.600000D+03

 AMRCLAW: level  1  CFL = .296E+00  dt = 0.5000E+00  final t = 0.600500E+03
 AMRCLAW: level  1  CFL = .296E+00  dt = 0.5000E+00  final t = 0.601000E+03
 AMRCLAW: level  1  CFL = .296E+00  dt = 0.5000E+00  final t = 0.601500E+03
 AMRCLAW: level  1  CFL = .296E+00  dt = 0.5000E+00  final t = 0.602000E+03
 AMRCLAW: level  1  CFL = .296E+00  dt = 0.5000E+00  final t = 0.602500E+03
 AMRCLAW: level  1  CFL = .296E+00  dt = 0.5000E+00  final t = 0.603000E+03
 AMRCLAW: level  1  CFL = .296E+00  dt = 0.5000E+00  final t = 0.603500E+03
 AMRCLAW: level  1  CFL = .296E+00  dt = 0.5000E+00  final t = 0.604000E+03
 AMRCLAW: level  1  CFL = .296E+00  dt = 0.5000E+00  final t = 0.604500E+03
 AMRCLAW: level  1  CFL = .296E+00  dt = 0.5000E+00  final t = 0.605000E+03
 AMRCLAW: level  1  CFL = .296E+00  dt = 0.5000E+00  final t = 0.605500E+03
 AMRCLAW: level  1  CFL = .296E+00  dt = 0.5000E+00  final t = 0.606000E+03
 AMRCLAW: level  1  CFL = .296E+00  dt = 0.5000E+00  final t = 0.606500E+03
 AMRCLAW: level  1  CFL = .296E+00  dt = 0.5000E+00  final t = 0.607000E+03
 AMRCLAW: level  1  CFL = .296E+00  dt = 0.5000E+00  final t = 0.607500E+03
 AMRCLAW: level  1  CFL = .296E+00  dt = 0.5000E+00  final t = 0.608000E+03
 AMRCLAW: level  1  CFL = .296E+00  dt = 0.5000E+00  final t = 0.608500E+03
 AMRCLAW: level  1  CFL = .296E+00  dt = 0.5000E+00  final t = 0.609000E+03
 AMRCLAW: level  1  CFL = .295E+00  dt = 0.5000E+00  final t = 0.609500E+03
 AMRCLAW: level  1  CFL = .295E+00  dt = 0.5000E+00  final t = 0.610000E+03
 AMRCLAW: level  1  CFL = .295E+00  dt = 0.5000E+00  final t = 0.610500E+03
 AMRCLAW: level  1  CFL = .295E+00  dt = 0.5000E+00  final t = 0.611000E+03
 AMRCLAW: level  1  CFL = .295E+00  dt = 0.5000E+00  final t = 0.611500E+03
 AMRCLAW: level  1  CFL = .295E+00  dt = 0.5000E+00  final t = 0.612000E+03
 AMRCLAW: level  1  CFL = .295E+00  dt = 0.5000E+00  final t = 0.612500E+03
 AMRCLAW: level  1  CFL = .295E+00  dt = 0.5000E+00  final t = 0.613000E+03
 AMRCLAW: level  1  CFL = .295E+00  dt = 0.5000E+00  final t = 0.613500E+03
 AMRCLAW: level  1  CFL = .295E+00  dt = 0.5000E+00  final t = 0.614000E+03
 AMRCLAW: level  1  CFL = .295E+00  dt = 0.5000E+00  final t = 0.614500E+03
 AMRCLAW: level  1  CFL = .295E+00  dt = 0.5000E+00  final t = 0.615000E+03
 AMRCLAW: level  1  CFL = .295E+00  dt = 0.5000E+00  final t = 0.615500E+03
 AMRCLAW: level  1  CFL = .295E+00  dt = 0.5000E+00  final t = 0.616000E+03
 AMRCLAW: level  1  CFL = .295E+00  dt = 0.5000E+00  final t = 0.616500E+03
 AMRCLAW: level  1  CFL = .295E+00  dt = 0.5000E+00  final t = 0.617000E+03
 AMRCLAW: level  1  CFL = .295E+00  dt = 0.5000E+00  final t = 0.617500E+03
 AMRCLAW: level  1  CFL = .295E+00  dt = 0.5000E+00  final t = 0.618000E+03
 AMRCLAW: level  1  CFL = .295E+00  dt = 0.5000E+00  final t = 0.618500E+03
 AMRCLAW: level  1  CFL = .295E+00  dt = 0.5000E+00  final t = 0.619000E+03
 AMRCLAW: level  1  CFL = .295E+00  dt = 0.5000E+00  final t = 0.619500E+03
 AMRCLAW: level  1  CFL = .295E+00  dt = 0.5000E+00  final t = 0.620000E+03
 AMRCLAW: level  1  CFL = .295E+00  dt = 0.5000E+00  final t = 0.620500E+03
 AMRCLAW: level  1  CFL = .295E+00  dt = 0.5000E+00  final t = 0.621000E+03
 AMRCLAW: level  1  CFL = .294E+00  dt = 0.5000E+00  final t = 0.621500E+03
 AMRCLAW: level  1  CFL = .294E+00  dt = 0.5000E+00  final t = 0.622000E+03
 AMRCLAW: level  1  CFL = .294E+00  dt = 0.5000E+00  final t = 0.622500E+03
 AMRCLAW: level  1  CFL = .294E+00  dt = 0.5000E+00  final t = 0.623000E+03
 AMRCLAW: level  1  CFL = .294E+00  dt = 0.5000E+00  final t = 0.623500E+03
 AMRCLAW: level  1  CFL = .294E+00  dt = 0.5000E+00  final t = 0.624000E+03
 AMRCLAW: level  1  CFL = .294E+00  dt = 0.5000E+00  final t = 0.624500E+03
 AMRCLAW: level  1  CFL = .294E+00  dt = 0.5000E+00  final t = 0.625000E+03
 AMRCLAW: level  1  CFL = .294E+00  dt = 0.5000E+00  final t = 0.625500E+03
 AMRCLAW: level  1  CFL = .294E+00  dt = 0.5000E+00  final t = 0.626000E+03
 AMRCLAW: level  1  CFL = .294E+00  dt = 0.5000E+00  final t = 0.626500E+03
 AMRCLAW: level  1  CFL = .294E+00  dt = 0.5000E+00  final t = 0.627000E+03
 AMRCLAW: level  1  CFL = .294E+00  dt = 0.5000E+00  final t = 0.627500E+03
 AMRCLAW: level  1  CFL = .294E+00  dt = 0.5000E+00  final t = 0.628000E+03
 AMRCLAW: level  1  CFL = .294E+00  dt = 0.5000E+00  final t = 0.628500E+03
 AMRCLAW: level  1  CFL = .294E+00  dt = 0.5000E+00  final t = 0.629000E+03
 AMRCLAW: level  1  CFL = .294E+00  dt = 0.5000E+00  final t = 0.629500E+03
 AMRCLAW: level  1  CFL = .294E+00  dt = 0.5000E+00  final t = 0.630000E+03
GEOCLAW: Frame   21 output files done at time t =  0.630000D+03

 AMRCLAW: level  1  CFL = .293E+00  dt = 0.5000E+00  final t = 0.630500E+03
 AMRCLAW: level  1  CFL = .293E+00  dt = 0.5000E+00  final t = 0.631000E+03
 AMRCLAW: level  1  CFL = .293E+00  dt = 0.5000E+00  final t = 0.631500E+03
 AMRCLAW: level  1  CFL = .293E+00  dt = 0.5000E+00  final t = 0.632000E+03
 AMRCLAW: level  1  CFL = .293E+00  dt = 0.5000E+00  final t = 0.632500E+03
 AMRCLAW: level  1  CFL = .293E+00  dt = 0.5000E+00  final t = 0.633000E+03
 AMRCLAW: level  1  CFL = .293E+00  dt = 0.5000E+00  final t = 0.633500E+03
 AMRCLAW: level  1  CFL = .293E+00  dt = 0.5000E+00  final t = 0.634000E+03
 AMRCLAW: level  1  CFL = .293E+00  dt = 0.5000E+00  final t = 0.634500E+03
 AMRCLAW: level  1  CFL = .293E+00  dt = 0.5000E+00  final t = 0.635000E+03
 AMRCLAW: level  1  CFL = .293E+00  dt = 0.5000E+00  final t = 0.635500E+03
 AMRCLAW: level  1  CFL = .293E+00  dt = 0.5000E+00  final t = 0.636000E+03
 AMRCLAW: level  1  CFL = .293E+00  dt = 0.5000E+00  final t = 0.636500E+03
 AMRCLAW: level  1  CFL = .293E+00  dt = 0.5000E+00  final t = 0.637000E+03
 AMRCLAW: level  1  CFL = .293E+00  dt = 0.5000E+00  final t = 0.637500E+03
 AMRCLAW: level  1  CFL = .293E+00  dt = 0.5000E+00  final t = 0.638000E+03
 AMRCLAW: level  1  CFL = .293E+00  dt = 0.5000E+00  final t = 0.638500E+03
 AMRCLAW: level  1  CFL = .293E+00  dt = 0.5000E+00  final t = 0.639000E+03
 AMRCLAW: level  1  CFL = .293E+00  dt = 0.5000E+00  final t = 0.639500E+03
 AMRCLAW: level  1  CFL = .293E+00  dt = 0.5000E+00  final t = 0.640000E+03
 AMRCLAW: level  1  CFL = .293E+00  dt = 0.5000E+00  final t = 0.640500E+03
 AMRCLAW: level  1  CFL = .292E+00  dt = 0.5000E+00  final t = 0.641000E+03
 AMRCLAW: level  1  CFL = .292E+00  dt = 0.5000E+00  final t = 0.641500E+03
 AMRCLAW: level  1  CFL = .292E+00  dt = 0.5000E+00  final t = 0.642000E+03
 AMRCLAW: level  1  CFL = .292E+00  dt = 0.5000E+00  final t = 0.642500E+03
 AMRCLAW: level  1  CFL = .310E+00  dt = 0.5000E+00  final t = 0.643000E+03
 AMRCLAW: level  1  CFL = .310E+00  dt = 0.5000E+00  final t = 0.643500E+03
 AMRCLAW: level  1  CFL = .310E+00  dt = 0.5000E+00  final t = 0.644000E+03
 AMRCLAW: level  1  CFL = .310E+00  dt = 0.5000E+00  final t = 0.644500E+03
 AMRCLAW: level  1  CFL = .310E+00  dt = 0.5000E+00  final t = 0.645000E+03
 AMRCLAW: level  1  CFL = .310E+00  dt = 0.5000E+00  final t = 0.645500E+03
 AMRCLAW: level  1  CFL = .311E+00  dt = 0.5000E+00  final t = 0.646000E+03
 AMRCLAW: level  1  CFL = .311E+00  dt = 0.5000E+00  final t = 0.646500E+03
 AMRCLAW: level  1  CFL = .311E+00  dt = 0.5000E+00  final t = 0.647000E+03
 AMRCLAW: level  1  CFL = .292E+00  dt = 0.5000E+00  final t = 0.647500E+03
 AMRCLAW: level  1  CFL = .292E+00  dt = 0.5000E+00  final t = 0.648000E+03
 AMRCLAW: level  1  CFL = .292E+00  dt = 0.5000E+00  final t = 0.648500E+03
 AMRCLAW: level  1  CFL = .292E+00  dt = 0.5000E+00  final t = 0.649000E+03
 AMRCLAW: level  1  CFL = .292E+00  dt = 0.5000E+00  final t = 0.649500E+03
 AMRCLAW: level  1  CFL = .292E+00  dt = 0.5000E+00  final t = 0.650000E+03
 AMRCLAW: level  1  CFL = .292E+00  dt = 0.5000E+00  final t = 0.650500E+03
 AMRCLAW: level  1  CFL = .292E+00  dt = 0.5000E+00  final t = 0.651000E+03
 AMRCLAW: level  1  CFL = .292E+00  dt = 0.5000E+00  final t = 0.651500E+03
 AMRCLAW: level  1  CFL = .292E+00  dt = 0.5000E+00  final t = 0.652000E+03
 AMRCLAW: level  1  CFL = .292E+00  dt = 0.5000E+00  final t = 0.652500E+03
 AMRCLAW: level  1  CFL = .292E+00  dt = 0.5000E+00  final t = 0.653000E+03
 AMRCLAW: level  1  CFL = .291E+00  dt = 0.5000E+00  final t = 0.653500E+03
 AMRCLAW: level  1  CFL = .291E+00  dt = 0.5000E+00  final t = 0.654000E+03
 AMRCLAW: level  1  CFL = .291E+00  dt = 0.5000E+00  final t = 0.654500E+03
 AMRCLAW: level  1  CFL = .291E+00  dt = 0.5000E+00  final t = 0.655000E+03
 AMRCLAW: level  1  CFL = .291E+00  dt = 0.5000E+00  final t = 0.655500E+03
 AMRCLAW: level  1  CFL = .291E+00  dt = 0.5000E+00  final t = 0.656000E+03
 AMRCLAW: level  1  CFL = .291E+00  dt = 0.5000E+00  final t = 0.656500E+03
 AMRCLAW: level  1  CFL = .291E+00  dt = 0.5000E+00  final t = 0.657000E+03
 AMRCLAW: level  1  CFL = .291E+00  dt = 0.5000E+00  final t = 0.657500E+03
 AMRCLAW: level  1  CFL = .291E+00  dt = 0.5000E+00  final t = 0.658000E+03
 AMRCLAW: level  1  CFL = .291E+00  dt = 0.5000E+00  final t = 0.658500E+03
 AMRCLAW: level  1  CFL = .291E+00  dt = 0.5000E+00  final t = 0.659000E+03
 AMRCLAW: level  1  CFL = .291E+00  dt = 0.5000E+00  final t = 0.659500E+03
 AMRCLAW: level  1  CFL = .291E+00  dt = 0.5000E+00  final t = 0.660000E+03
GEOCLAW: Frame   22 output files done at time t =  0.660000D+03

 AMRCLAW: level  1  CFL = .291E+00  dt = 0.5000E+00  final t = 0.660500E+03
 AMRCLAW: level  1  CFL = .291E+00  dt = 0.5000E+00  final t = 0.661000E+03
 AMRCLAW: level  1  CFL = .291E+00  dt = 0.5000E+00  final t = 0.661500E+03
 AMRCLAW: level  1  CFL = .291E+00  dt = 0.5000E+00  final t = 0.662000E+03
 AMRCLAW: level  1  CFL = .291E+00  dt = 0.5000E+00  final t = 0.662500E+03
 AMRCLAW: level  1  CFL = .291E+00  dt = 0.5000E+00  final t = 0.663000E+03
 AMRCLAW: level  1  CFL = .290E+00  dt = 0.5000E+00  final t = 0.663500E+03
 AMRCLAW: level  1  CFL = .290E+00  dt = 0.5000E+00  final t = 0.664000E+03
 AMRCLAW: level  1  CFL = .290E+00  dt = 0.5000E+00  final t = 0.664500E+03
 AMRCLAW: level  1  CFL = .290E+00  dt = 0.5000E+00  final t = 0.665000E+03
 AMRCLAW: level  1  CFL = .290E+00  dt = 0.5000E+00  final t = 0.665500E+03
 AMRCLAW: level  1  CFL = .290E+00  dt = 0.5000E+00  final t = 0.666000E+03
 AMRCLAW: level  1  CFL = .290E+00  dt = 0.5000E+00  final t = 0.666500E+03
 AMRCLAW: level  1  CFL = .290E+00  dt = 0.5000E+00  final t = 0.667000E+03
 AMRCLAW: level  1  CFL = .290E+00  dt = 0.5000E+00  final t = 0.667500E+03
 AMRCLAW: level  1  CFL = .290E+00  dt = 0.5000E+00  final t = 0.668000E+03
 AMRCLAW: level  1  CFL = .290E+00  dt = 0.5000E+00  final t = 0.668500E+03
 AMRCLAW: level  1  CFL = .290E+00  dt = 0.5000E+00  final t = 0.669000E+03
 AMRCLAW: level  1  CFL = .290E+00  dt = 0.5000E+00  final t = 0.669500E+03
 AMRCLAW: level  1  CFL = .290E+00  dt = 0.5000E+00  final t = 0.670000E+03
 AMRCLAW: level  1  CFL = .290E+00  dt = 0.5000E+00  final t = 0.670500E+03
 AMRCLAW: level  1  CFL = .290E+00  dt = 0.5000E+00  final t = 0.671000E+03
 AMRCLAW: level  1  CFL = .289E+00  dt = 0.5000E+00  final t = 0.671500E+03
 AMRCLAW: level  1  CFL = .289E+00  dt = 0.5000E+00  final t = 0.672000E+03
 AMRCLAW: level  1  CFL = .289E+00  dt = 0.5000E+00  final t = 0.672500E+03
 AMRCLAW: level  1  CFL = .289E+00  dt = 0.5000E+00  final t = 0.673000E+03
 AMRCLAW: level  1  CFL = .289E+00  dt = 0.5000E+00  final t = 0.673500E+03
 AMRCLAW: level  1  CFL = .289E+00  dt = 0.5000E+00  final t = 0.674000E+03
 AMRCLAW: level  1  CFL = .289E+00  dt = 0.5000E+00  final t = 0.674500E+03
 AMRCLAW: level  1  CFL = .289E+00  dt = 0.5000E+00  final t = 0.675000E+03
 AMRCLAW: level  1  CFL = .289E+00  dt = 0.5000E+00  final t = 0.675500E+03
 AMRCLAW: level  1  CFL = .289E+00  dt = 0.5000E+00  final t = 0.676000E+03
 AMRCLAW: level  1  CFL = .289E+00  dt = 0.5000E+00  final t = 0.676500E+03
 AMRCLAW: level  1  CFL = .289E+00  dt = 0.5000E+00  final t = 0.677000E+03
 AMRCLAW: level  1  CFL = .289E+00  dt = 0.5000E+00  final t = 0.677500E+03
 AMRCLAW: level  1  CFL = .289E+00  dt = 0.5000E+00  final t = 0.678000E+03
 AMRCLAW: level  1  CFL = .289E+00  dt = 0.5000E+00  final t = 0.678500E+03
 AMRCLAW: level  1  CFL = .289E+00  dt = 0.5000E+00  final t = 0.679000E+03
 AMRCLAW: level  1  CFL = .288E+00  dt = 0.5000E+00  final t = 0.679500E+03
 AMRCLAW: level  1  CFL = .288E+00  dt = 0.5000E+00  final t = 0.680000E+03
 AMRCLAW: level  1  CFL = .288E+00  dt = 0.5000E+00  final t = 0.680500E+03
 AMRCLAW: level  1  CFL = .288E+00  dt = 0.5000E+00  final t = 0.681000E+03
 AMRCLAW: level  1  CFL = .288E+00  dt = 0.5000E+00  final t = 0.681500E+03
 AMRCLAW: level  1  CFL = .288E+00  dt = 0.5000E+00  final t = 0.682000E+03
 AMRCLAW: level  1  CFL = .288E+00  dt = 0.5000E+00  final t = 0.682500E+03
 AMRCLAW: level  1  CFL = .288E+00  dt = 0.5000E+00  final t = 0.683000E+03
 AMRCLAW: level  1  CFL = .288E+00  dt = 0.5000E+00  final t = 0.683500E+03
 AMRCLAW: level  1  CFL = .288E+00  dt = 0.5000E+00  final t = 0.684000E+03
 AMRCLAW: level  1  CFL = .288E+00  dt = 0.5000E+00  final t = 0.684500E+03
 AMRCLAW: level  1  CFL = .288E+00  dt = 0.5000E+00  final t = 0.685000E+03
 AMRCLAW: level  1  CFL = .288E+00  dt = 0.5000E+00  final t = 0.685500E+03
 AMRCLAW: level  1  CFL = .288E+00  dt = 0.5000E+00  final t = 0.686000E+03
 AMRCLAW: level  1  CFL = .288E+00  dt = 0.5000E+00  final t = 0.686500E+03
 AMRCLAW: level  1  CFL = .288E+00  dt = 0.5000E+00  final t = 0.687000E+03
 AMRCLAW: level  1  CFL = .288E+00  dt = 0.5000E+00  final t = 0.687500E+03
 AMRCLAW: level  1  CFL = .288E+00  dt = 0.5000E+00  final t = 0.688000E+03
 AMRCLAW: level  1  CFL = .288E+00  dt = 0.5000E+00  final t = 0.688500E+03
 AMRCLAW: level  1  CFL = .287E+00  dt = 0.5000E+00  final t = 0.689000E+03
 AMRCLAW: level  1  CFL = .287E+00  dt = 0.5000E+00  final t = 0.689500E+03
 AMRCLAW: level  1  CFL = .287E+00  dt = 0.5000E+00  final t = 0.690000E+03
GEOCLAW: Frame   23 output files done at time t =  0.690000D+03

 AMRCLAW: level  1  CFL = .287E+00  dt = 0.5000E+00  final t = 0.690500E+03
 AMRCLAW: level  1  CFL = .287E+00  dt = 0.5000E+00  final t = 0.691000E+03
 AMRCLAW: level  1  CFL = .287E+00  dt = 0.5000E+00  final t = 0.691500E+03
 AMRCLAW: level  1  CFL = .287E+00  dt = 0.5000E+00  final t = 0.692000E+03
 AMRCLAW: level  1  CFL = .287E+00  dt = 0.5000E+00  final t = 0.692500E+03
 AMRCLAW: level  1  CFL = .287E+00  dt = 0.5000E+00  final t = 0.693000E+03
 AMRCLAW: level  1  CFL = .287E+00  dt = 0.5000E+00  final t = 0.693500E+03
 AMRCLAW: level  1  CFL = .287E+00  dt = 0.5000E+00  final t = 0.694000E+03
 AMRCLAW: level  1  CFL = .287E+00  dt = 0.5000E+00  final t = 0.694500E+03
 AMRCLAW: level  1  CFL = .287E+00  dt = 0.5000E+00  final t = 0.695000E+03
 AMRCLAW: level  1  CFL = .287E+00  dt = 0.5000E+00  final t = 0.695500E+03
 AMRCLAW: level  1  CFL = .287E+00  dt = 0.5000E+00  final t = 0.696000E+03
 AMRCLAW: level  1  CFL = .287E+00  dt = 0.5000E+00  final t = 0.696500E+03
 AMRCLAW: level  1  CFL = .287E+00  dt = 0.5000E+00  final t = 0.697000E+03
 AMRCLAW: level  1  CFL = .287E+00  dt = 0.5000E+00  final t = 0.697500E+03
 AMRCLAW: level  1  CFL = .287E+00  dt = 0.5000E+00  final t = 0.698000E+03
 AMRCLAW: level  1  CFL = .287E+00  dt = 0.5000E+00  final t = 0.698500E+03
 AMRCLAW: level  1  CFL = .287E+00  dt = 0.5000E+00  final t = 0.699000E+03
 AMRCLAW: level  1  CFL = .286E+00  dt = 0.5000E+00  final t = 0.699500E+03
 AMRCLAW: level  1  CFL = .286E+00  dt = 0.5000E+00  final t = 0.700000E+03
 AMRCLAW: level  1  CFL = .286E+00  dt = 0.5000E+00  final t = 0.700500E+03
 AMRCLAW: level  1  CFL = .286E+00  dt = 0.5000E+00  final t = 0.701000E+03
 AMRCLAW: level  1  CFL = .286E+00  dt = 0.5000E+00  final t = 0.701500E+03
 AMRCLAW: level  1  CFL = .286E+00  dt = 0.5000E+00  final t = 0.702000E+03
 AMRCLAW: level  1  CFL = .286E+00  dt = 0.5000E+00  final t = 0.702500E+03
 AMRCLAW: level  1  CFL = .286E+00  dt = 0.5000E+00  final t = 0.703000E+03
 AMRCLAW: level  1  CFL = .286E+00  dt = 0.5000E+00  final t = 0.703500E+03
 AMRCLAW: level  1  CFL = .286E+00  dt = 0.5000E+00  final t = 0.704000E+03
 AMRCLAW: level  1  CFL = .286E+00  dt = 0.5000E+00  final t = 0.704500E+03
 AMRCLAW: level  1  CFL = .286E+00  dt = 0.5000E+00  final t = 0.705000E+03
 AMRCLAW: level  1  CFL = .286E+00  dt = 0.5000E+00  final t = 0.705500E+03
 AMRCLAW: level  1  CFL = .286E+00  dt = 0.5000E+00  final t = 0.706000E+03
 AMRCLAW: level  1  CFL = .286E+00  dt = 0.5000E+00  final t = 0.706500E+03
 AMRCLAW: level  1  CFL = .286E+00  dt = 0.5000E+00  final t = 0.707000E+03
 AMRCLAW: level  1  CFL = .286E+00  dt = 0.5000E+00  final t = 0.707500E+03
 AMRCLAW: level  1  CFL = .286E+00  dt = 0.5000E+00  final t = 0.708000E+03
 AMRCLAW: level  1  CFL = .286E+00  dt = 0.5000E+00  final t = 0.708500E+03
 AMRCLAW: level  1  CFL = .286E+00  dt = 0.5000E+00  final t = 0.709000E+03
 AMRCLAW: level  1  CFL = .286E+00  dt = 0.5000E+00  final t = 0.709500E+03
 AMRCLAW: level  1  CFL = .286E+00  dt = 0.5000E+00  final t = 0.710000E+03
 AMRCLAW: level  1  CFL = .286E+00  dt = 0.5000E+00  final t = 0.710500E+03
 AMRCLAW: level  1  CFL = .286E+00  dt = 0.5000E+00  final t = 0.711000E+03
 AMRCLAW: level  1  CFL = .286E+00  dt = 0.5000E+00  final t = 0.711500E+03
 AMRCLAW: level  1  CFL = .286E+00  dt = 0.5000E+00  final t = 0.712000E+03
 AMRCLAW: level  1  CFL = .286E+00  dt = 0.5000E+00  final t = 0.712500E+03
 AMRCLAW: level  1  CFL = .285E+00  dt = 0.5000E+00  final t = 0.713000E+03
 AMRCLAW: level  1  CFL = .285E+00  dt = 0.5000E+00  final t = 0.713500E+03
 AMRCLAW: level  1  CFL = .285E+00  dt = 0.5000E+00  final t = 0.714000E+03
 AMRCLAW: level  1  CFL = .285E+00  dt = 0.5000E+00  final t = 0.714500E+03
 AMRCLAW: level  1  CFL = .285E+00  dt = 0.5000E+00  final t = 0.715000E+03
 AMRCLAW: level  1  CFL = .285E+00  dt = 0.5000E+00  final t = 0.715500E+03
 AMRCLAW: level  1  CFL = .285E+00  dt = 0.5000E+00  final t = 0.716000E+03
 AMRCLAW: level  1  CFL = .285E+00  dt = 0.5000E+00  final t = 0.716500E+03
 AMRCLAW: level  1  CFL = .285E+00  dt = 0.5000E+00  final t = 0.717000E+03
 AMRCLAW: level  1  CFL = .285E+00  dt = 0.5000E+00  final t = 0.717500E+03
 AMRCLAW: level  1  CFL = .285E+00  dt = 0.5000E+00  final t = 0.718000E+03
 AMRCLAW: level  1  CFL = .285E+00  dt = 0.5000E+00  final t = 0.718500E+03
 AMRCLAW: level  1  CFL = .285E+00  dt = 0.5000E+00  final t = 0.719000E+03
 AMRCLAW: level  1  CFL = .285E+00  dt = 0.5000E+00  final t = 0.719500E+03
 AMRCLAW: level  1  CFL = .285E+00  dt = 0.5000E+00  final t = 0.720000E+03
GEOCLAW: Frame   24 output files done at time t =  0.720000D+03

 AMRCLAW: level  1  CFL = .285E+00  dt = 0.5000E+00  final t = 0.720500E+03
 AMRCLAW: level  1  CFL = .285E+00  dt = 0.5000E+00  final t = 0.721000E+03
 AMRCLAW: level  1  CFL = .285E+00  dt = 0.5000E+00  final t = 0.721500E+03
 AMRCLAW: level  1  CFL = .285E+00  dt = 0.5000E+00  final t = 0.722000E+03
 AMRCLAW: level  1  CFL = .285E+00  dt = 0.5000E+00  final t = 0.722500E+03
 AMRCLAW: level  1  CFL = .285E+00  dt = 0.5000E+00  final t = 0.723000E+03
 AMRCLAW: level  1  CFL = .285E+00  dt = 0.5000E+00  final t = 0.723500E+03
 AMRCLAW: level  1  CFL = .285E+00  dt = 0.5000E+00  final t = 0.724000E+03
 AMRCLAW: level  1  CFL = .285E+00  dt = 0.5000E+00  final t = 0.724500E+03
 AMRCLAW: level  1  CFL = .285E+00  dt = 0.5000E+00  final t = 0.725000E+03
 AMRCLAW: level  1  CFL = .285E+00  dt = 0.5000E+00  final t = 0.725500E+03
 AMRCLAW: level  1  CFL = .285E+00  dt = 0.5000E+00  final t = 0.726000E+03
 AMRCLAW: level  1  CFL = .284E+00  dt = 0.5000E+00  final t = 0.726500E+03
 AMRCLAW: level  1  CFL = .284E+00  dt = 0.5000E+00  final t = 0.727000E+03
 AMRCLAW: level  1  CFL = .284E+00  dt = 0.5000E+00  final t = 0.727500E+03
 AMRCLAW: level  1  CFL = .284E+00  dt = 0.5000E+00  final t = 0.728000E+03
 AMRCLAW: level  1  CFL = .284E+00  dt = 0.5000E+00  final t = 0.728500E+03
 AMRCLAW: level  1  CFL = .284E+00  dt = 0.5000E+00  final t = 0.729000E+03
 AMRCLAW: level  1  CFL = .284E+00  dt = 0.5000E+00  final t = 0.729500E+03
 AMRCLAW: level  1  CFL = .284E+00  dt = 0.5000E+00  final t = 0.730000E+03
 AMRCLAW: level  1  CFL = .284E+00  dt = 0.5000E+00  final t = 0.730500E+03
 AMRCLAW: level  1  CFL = .284E+00  dt = 0.5000E+00  final t = 0.731000E+03
 AMRCLAW: level  1  CFL = .284E+00  dt = 0.5000E+00  final t = 0.731500E+03
 AMRCLAW: level  1  CFL = .284E+00  dt = 0.5000E+00  final t = 0.732000E+03
 AMRCLAW: level  1  CFL = .284E+00  dt = 0.5000E+00  final t = 0.732500E+03
 AMRCLAW: level  1  CFL = .284E+00  dt = 0.5000E+00  final t = 0.733000E+03
 AMRCLAW: level  1  CFL = .284E+00  dt = 0.5000E+00  final t = 0.733500E+03
 AMRCLAW: level  1  CFL = .284E+00  dt = 0.5000E+00  final t = 0.734000E+03
 AMRCLAW: level  1  CFL = .283E+00  dt = 0.5000E+00  final t = 0.734500E+03
 AMRCLAW: level  1  CFL = .283E+00  dt = 0.5000E+00  final t = 0.735000E+03
 AMRCLAW: level  1  CFL = .283E+00  dt = 0.5000E+00  final t = 0.735500E+03
 AMRCLAW: level  1  CFL = .283E+00  dt = 0.5000E+00  final t = 0.736000E+03
 AMRCLAW: level  1  CFL = .283E+00  dt = 0.5000E+00  final t = 0.736500E+03
 AMRCLAW: level  1  CFL = .283E+00  dt = 0.5000E+00  final t = 0.737000E+03
 AMRCLAW: level  1  CFL = .283E+00  dt = 0.5000E+00  final t = 0.737500E+03
 AMRCLAW: level  1  CFL = .283E+00  dt = 0.5000E+00  final t = 0.738000E+03
 AMRCLAW: level  1  CFL = .283E+00  dt = 0.5000E+00  final t = 0.738500E+03
 AMRCLAW: level  1  CFL = .283E+00  dt = 0.5000E+00  final t = 0.739000E+03
 AMRCLAW: level  1  CFL = .283E+00  dt = 0.5000E+00  final t = 0.739500E+03
 AMRCLAW: level  1  CFL = .283E+00  dt = 0.5000E+00  final t = 0.740000E+03
 AMRCLAW: level  1  CFL = .283E+00  dt = 0.5000E+00  final t = 0.740500E+03
 AMRCLAW: level  1  CFL = .283E+00  dt = 0.5000E+00  final t = 0.741000E+03
 AMRCLAW: level  1  CFL = .283E+00  dt = 0.5000E+00  final t = 0.741500E+03
 AMRCLAW: level  1  CFL = .283E+00  dt = 0.5000E+00  final t = 0.742000E+03
 AMRCLAW: level  1  CFL = .283E+00  dt = 0.5000E+00  final t = 0.742500E+03
 AMRCLAW: level  1  CFL = .283E+00  dt = 0.5000E+00  final t = 0.743000E+03
 AMRCLAW: level  1  CFL = .283E+00  dt = 0.5000E+00  final t = 0.743500E+03
 AMRCLAW: level  1  CFL = .283E+00  dt = 0.5000E+00  final t = 0.744000E+03
 AMRCLAW: level  1  CFL = .283E+00  dt = 0.5000E+00  final t = 0.744500E+03
 AMRCLAW: level  1  CFL = .283E+00  dt = 0.5000E+00  final t = 0.745000E+03
 AMRCLAW: level  1  CFL = .283E+00  dt = 0.5000E+00  final t = 0.745500E+03
 AMRCLAW: level  1  CFL = .283E+00  dt = 0.5000E+00  final t = 0.746000E+03
 AMRCLAW: level  1  CFL = .282E+00  dt = 0.5000E+00  final t = 0.746500E+03
 AMRCLAW: level  1  CFL = .282E+00  dt = 0.5000E+00  final t = 0.747000E+03
 AMRCLAW: level  1  CFL = .282E+00  dt = 0.5000E+00  final t = 0.747500E+03
 AMRCLAW: level  1  CFL = .282E+00  dt = 0.5000E+00  final t = 0.748000E+03
 AMRCLAW: level  1  CFL = .282E+00  dt = 0.5000E+00  final t = 0.748500E+03
 AMRCLAW: level  1  CFL = .282E+00  dt = 0.5000E+00  final t = 0.749000E+03
 AMRCLAW: level  1  CFL = .282E+00  dt = 0.5000E+00  final t = 0.749500E+03
 AMRCLAW: level  1  CFL = .282E+00  dt = 0.5000E+00  final t = 0.750000E+03
GEOCLAW: Frame   25 output files done at time t =  0.750000D+03

 AMRCLAW: level  1  CFL = .282E+00  dt = 0.5000E+00  final t = 0.750500E+03
 AMRCLAW: level  1  CFL = .282E+00  dt = 0.5000E+00  final t = 0.751000E+03
 AMRCLAW: level  1  CFL = .282E+00  dt = 0.5000E+00  final t = 0.751500E+03
 AMRCLAW: level  1  CFL = .282E+00  dt = 0.5000E+00  final t = 0.752000E+03
 AMRCLAW: level  1  CFL = .281E+00  dt = 0.5000E+00  final t = 0.752500E+03
 AMRCLAW: level  1  CFL = .281E+00  dt = 0.5000E+00  final t = 0.753000E+03
 AMRCLAW: level  1  CFL = .281E+00  dt = 0.5000E+00  final t = 0.753500E+03
 AMRCLAW: level  1  CFL = .281E+00  dt = 0.5000E+00  final t = 0.754000E+03
 AMRCLAW: level  1  CFL = .281E+00  dt = 0.5000E+00  final t = 0.754500E+03
 AMRCLAW: level  1  CFL = .281E+00  dt = 0.5000E+00  final t = 0.755000E+03
 AMRCLAW: level  1  CFL = .281E+00  dt = 0.5000E+00  final t = 0.755500E+03
 AMRCLAW: level  1  CFL = .281E+00  dt = 0.5000E+00  final t = 0.756000E+03
 AMRCLAW: level  1  CFL = .281E+00  dt = 0.5000E+00  final t = 0.756500E+03
 AMRCLAW: level  1  CFL = .280E+00  dt = 0.5000E+00  final t = 0.757000E+03
 AMRCLAW: level  1  CFL = .280E+00  dt = 0.5000E+00  final t = 0.757500E+03
 AMRCLAW: level  1  CFL = .280E+00  dt = 0.5000E+00  final t = 0.758000E+03
 AMRCLAW: level  1  CFL = .280E+00  dt = 0.5000E+00  final t = 0.758500E+03
 AMRCLAW: level  1  CFL = .280E+00  dt = 0.5000E+00  final t = 0.759000E+03
 AMRCLAW: level  1  CFL = .280E+00  dt = 0.5000E+00  final t = 0.759500E+03
 AMRCLAW: level  1  CFL = .280E+00  dt = 0.5000E+00  final t = 0.760000E+03
 AMRCLAW: level  1  CFL = .280E+00  dt = 0.5000E+00  final t = 0.760500E+03
 AMRCLAW: level  1  CFL = .280E+00  dt = 0.5000E+00  final t = 0.761000E+03
 AMRCLAW: level  1  CFL = .279E+00  dt = 0.5000E+00  final t = 0.761500E+03
 AMRCLAW: level  1  CFL = .279E+00  dt = 0.5000E+00  final t = 0.762000E+03
 AMRCLAW: level  1  CFL = .279E+00  dt = 0.5000E+00  final t = 0.762500E+03
 AMRCLAW: level  1  CFL = .279E+00  dt = 0.5000E+00  final t = 0.763000E+03
 AMRCLAW: level  1  CFL = .279E+00  dt = 0.5000E+00  final t = 0.763500E+03
 AMRCLAW: level  1  CFL = .279E+00  dt = 0.5000E+00  final t = 0.764000E+03
 AMRCLAW: level  1  CFL = .279E+00  dt = 0.5000E+00  final t = 0.764500E+03
 AMRCLAW: level  1  CFL = .279E+00  dt = 0.5000E+00  final t = 0.765000E+03
 AMRCLAW: level  1  CFL = .278E+00  dt = 0.5000E+00  final t = 0.765500E+03
 AMRCLAW: level  1  CFL = .278E+00  dt = 0.5000E+00  final t = 0.766000E+03
 AMRCLAW: level  1  CFL = .278E+00  dt = 0.5000E+00  final t = 0.766500E+03
 AMRCLAW: level  1  CFL = .278E+00  dt = 0.5000E+00  final t = 0.767000E+03
 AMRCLAW: level  1  CFL = .278E+00  dt = 0.5000E+00  final t = 0.767500E+03
 AMRCLAW: level  1  CFL = .278E+00  dt = 0.5000E+00  final t = 0.768000E+03
 AMRCLAW: level  1  CFL = .277E+00  dt = 0.5000E+00  final t = 0.768500E+03
 AMRCLAW: level  1  CFL = .277E+00  dt = 0.5000E+00  final t = 0.769000E+03
 AMRCLAW: level  1  CFL = .277E+00  dt = 0.5000E+00  final t = 0.769500E+03
 AMRCLAW: level  1  CFL = .277E+00  dt = 0.5000E+00  final t = 0.770000E+03
 AMRCLAW: level  1  CFL = .276E+00  dt = 0.5000E+00  final t = 0.770500E+03
 AMRCLAW: level  1  CFL = .276E+00  dt = 0.5000E+00  final t = 0.771000E+03
 AMRCLAW: level  1  CFL = .275E+00  dt = 0.5000E+00  final t = 0.771500E+03
 AMRCLAW: level  1  CFL = .275E+00  dt = 0.5000E+00  final t = 0.772000E+03
 AMRCLAW: level  1  CFL = .275E+00  dt = 0.5000E+00  final t = 0.772500E+03
 AMRCLAW: level  1  CFL = .274E+00  dt = 0.5000E+00  final t = 0.773000E+03
 AMRCLAW: level  1  CFL = .274E+00  dt = 0.5000E+00  final t = 0.773500E+03
 AMRCLAW: level  1  CFL = .273E+00  dt = 0.5000E+00  final t = 0.774000E+03
 AMRCLAW: level  1  CFL = .273E+00  dt = 0.5000E+00  final t = 0.774500E+03
 AMRCLAW: level  1  CFL = .272E+00  dt = 0.5000E+00  final t = 0.775000E+03
 AMRCLAW: level  1  CFL = .272E+00  dt = 0.5000E+00  final t = 0.775500E+03
 AMRCLAW: level  1  CFL = .271E+00  dt = 0.5000E+00  final t = 0.776000E+03
 AMRCLAW: level  1  CFL = .271E+00  dt = 0.5000E+00  final t = 0.776500E+03
 AMRCLAW: level  1  CFL = .270E+00  dt = 0.5000E+00  final t = 0.777000E+03
 AMRCLAW: level  1  CFL = .270E+00  dt = 0.5000E+00  final t = 0.777500E+03
 AMRCLAW: level  1  CFL = .269E+00  dt = 0.5000E+00  final t = 0.778000E+03
 AMRCLAW: level  1  CFL = .269E+00  dt = 0.5000E+00  final t = 0.778500E+03
 AMRCLAW: level  1  CFL = .268E+00  dt = 0.5000E+00  final t = 0.779000E+03
 AMRCLAW: level  1  CFL = .268E+00  dt = 0.5000E+00  final t = 0.779500E+03
 AMRCLAW: level  1  CFL = .267E+00  dt = 0.5000E+00  final t = 0.780000E+03
GEOCLAW: Frame   26 output files done at time t =  0.780000D+03

 AMRCLAW: level  1  CFL = .267E+00  dt = 0.5000E+00  final t = 0.780500E+03
 AMRCLAW: level  1  CFL = .267E+00  dt = 0.5000E+00  final t = 0.781000E+03
 AMRCLAW: level  1  CFL = .266E+00  dt = 0.5000E+00  final t = 0.781500E+03
 AMRCLAW: level  1  CFL = .266E+00  dt = 0.5000E+00  final t = 0.782000E+03
 AMRCLAW: level  1  CFL = .265E+00  dt = 0.5000E+00  final t = 0.782500E+03
 AMRCLAW: level  1  CFL = .265E+00  dt = 0.5000E+00  final t = 0.783000E+03
 AMRCLAW: level  1  CFL = .264E+00  dt = 0.5000E+00  final t = 0.783500E+03
 AMRCLAW: level  1  CFL = .264E+00  dt = 0.5000E+00  final t = 0.784000E+03
 AMRCLAW: level  1  CFL = .263E+00  dt = 0.5000E+00  final t = 0.784500E+03
 AMRCLAW: level  1  CFL = .263E+00  dt = 0.5000E+00  final t = 0.785000E+03
 AMRCLAW: level  1  CFL = .262E+00  dt = 0.5000E+00  final t = 0.785500E+03
 AMRCLAW: level  1  CFL = .262E+00  dt = 0.5000E+00  final t = 0.786000E+03
 AMRCLAW: level  1  CFL = .261E+00  dt = 0.5000E+00  final t = 0.786500E+03
 AMRCLAW: level  1  CFL = .261E+00  dt = 0.5000E+00  final t = 0.787000E+03
 AMRCLAW: level  1  CFL = .261E+00  dt = 0.5000E+00  final t = 0.787500E+03
 AMRCLAW: level  1  CFL = .260E+00  dt = 0.5000E+00  final t = 0.788000E+03
 AMRCLAW: level  1  CFL = .260E+00  dt = 0.5000E+00  final t = 0.788500E+03
 AMRCLAW: level  1  CFL = .260E+00  dt = 0.5000E+00  final t = 0.789000E+03
 AMRCLAW: level  1  CFL = .260E+00  dt = 0.5000E+00  final t = 0.789500E+03
 AMRCLAW: level  1  CFL = .260E+00  dt = 0.5000E+00  final t = 0.790000E+03
 AMRCLAW: level  1  CFL = .259E+00  dt = 0.5000E+00  final t = 0.790500E+03
 AMRCLAW: level  1  CFL = .259E+00  dt = 0.5000E+00  final t = 0.791000E+03
 AMRCLAW: level  1  CFL = .259E+00  dt = 0.5000E+00  final t = 0.791500E+03
 AMRCLAW: level  1  CFL = .259E+00  dt = 0.5000E+00  final t = 0.792000E+03
 AMRCLAW: level  1  CFL = .259E+00  dt = 0.5000E+00  final t = 0.792500E+03
 AMRCLAW: level  1  CFL = .259E+00  dt = 0.5000E+00  final t = 0.793000E+03
 AMRCLAW: level  1  CFL = .259E+00  dt = 0.5000E+00  final t = 0.793500E+03
 AMRCLAW: level  1  CFL = .259E+00  dt = 0.5000E+00  final t = 0.794000E+03
 AMRCLAW: level  1  CFL = .258E+00  dt = 0.5000E+00  final t = 0.794500E+03
 AMRCLAW: level  1  CFL = .258E+00  dt = 0.5000E+00  final t = 0.795000E+03
 AMRCLAW: level  1  CFL = .258E+00  dt = 0.5000E+00  final t = 0.795500E+03
 AMRCLAW: level  1  CFL = .258E+00  dt = 0.5000E+00  final t = 0.796000E+03
 AMRCLAW: level  1  CFL = .258E+00  dt = 0.5000E+00  final t = 0.796500E+03
 AMRCLAW: level  1  CFL = .258E+00  dt = 0.5000E+00  final t = 0.797000E+03
 AMRCLAW: level  1  CFL = .258E+00  dt = 0.5000E+00  final t = 0.797500E+03
 AMRCLAW: level  1  CFL = .258E+00  dt = 0.5000E+00  final t = 0.798000E+03
 AMRCLAW: level  1  CFL = .258E+00  dt = 0.5000E+00  final t = 0.798500E+03
 AMRCLAW: level  1  CFL = .258E+00  dt = 0.5000E+00  final t = 0.799000E+03
 AMRCLAW: level  1  CFL = .258E+00  dt = 0.5000E+00  final t = 0.799500E+03
 AMRCLAW: level  1  CFL = .258E+00  dt = 0.5000E+00  final t = 0.800000E+03
 AMRCLAW: level  1  CFL = .258E+00  dt = 0.5000E+00  final t = 0.800500E+03
 AMRCLAW: level  1  CFL = .258E+00  dt = 0.5000E+00  final t = 0.801000E+03
 AMRCLAW: level  1  CFL = .258E+00  dt = 0.5000E+00  final t = 0.801500E+03
 AMRCLAW: level  1  CFL = .258E+00  dt = 0.5000E+00  final t = 0.802000E+03
 AMRCLAW: level  1  CFL = .258E+00  dt = 0.5000E+00  final t = 0.802500E+03
 AMRCLAW: level  1  CFL = .257E+00  dt = 0.5000E+00  final t = 0.803000E+03
 AMRCLAW: level  1  CFL = .257E+00  dt = 0.5000E+00  final t = 0.803500E+03
 AMRCLAW: level  1  CFL = .286E+00  dt = 0.5000E+00  final t = 0.804000E+03
 AMRCLAW: level  1  CFL = .257E+00  dt = 0.5000E+00  final t = 0.804500E+03
 AMRCLAW: level  1  CFL = .257E+00  dt = 0.5000E+00  final t = 0.805000E+03
 AMRCLAW: level  1  CFL = .257E+00  dt = 0.5000E+00  final t = 0.805500E+03
 AMRCLAW: level  1  CFL = .255E+00  dt = 0.5000E+00  final t = 0.806000E+03
 AMRCLAW: level  1  CFL = .252E+00  dt = 0.5000E+00  final t = 0.806500E+03
 AMRCLAW: level  1  CFL = .251E+00  dt = 0.5000E+00  final t = 0.807000E+03
 AMRCLAW: level  1  CFL = .251E+00  dt = 0.5000E+00  final t = 0.807500E+03
 AMRCLAW: level  1  CFL = .251E+00  dt = 0.5000E+00  final t = 0.808000E+03
 AMRCLAW: level  1  CFL = .251E+00  dt = 0.5000E+00  final t = 0.808500E+03
 AMRCLAW: level  1  CFL = .251E+00  dt = 0.5000E+00  final t = 0.809000E+03
 AMRCLAW: level  1  CFL = .251E+00  dt = 0.5000E+00  final t = 0.809500E+03
 AMRCLAW: level  1  CFL = .251E+00  dt = 0.5000E+00  final t = 0.810000E+03
GEOCLAW: Frame   27 output files done at time t =  0.810000D+03

 AMRCLAW: level  1  CFL = .251E+00  dt = 0.5000E+00  final t = 0.810500E+03
 AMRCLAW: level  1  CFL = .251E+00  dt = 0.5000E+00  final t = 0.811000E+03
 AMRCLAW: level  1  CFL = .251E+00  dt = 0.5000E+00  final t = 0.811500E+03
 AMRCLAW: level  1  CFL = .251E+00  dt = 0.5000E+00  final t = 0.812000E+03
 AMRCLAW: level  1  CFL = .251E+00  dt = 0.5000E+00  final t = 0.812500E+03
 AMRCLAW: level  1  CFL = .251E+00  dt = 0.5000E+00  final t = 0.813000E+03
 AMRCLAW: level  1  CFL = .251E+00  dt = 0.5000E+00  final t = 0.813500E+03
 AMRCLAW: level  1  CFL = .251E+00  dt = 0.5000E+00  final t = 0.814000E+03
 AMRCLAW: level  1  CFL = .251E+00  dt = 0.5000E+00  final t = 0.814500E+03
 AMRCLAW: level  1  CFL = .251E+00  dt = 0.5000E+00  final t = 0.815000E+03
 AMRCLAW: level  1  CFL = .251E+00  dt = 0.5000E+00  final t = 0.815500E+03
 AMRCLAW: level  1  CFL = .251E+00  dt = 0.5000E+00  final t = 0.816000E+03
 AMRCLAW: level  1  CFL = .251E+00  dt = 0.5000E+00  final t = 0.816500E+03
 AMRCLAW: level  1  CFL = .251E+00  dt = 0.5000E+00  final t = 0.817000E+03
 AMRCLAW: level  1  CFL = .251E+00  dt = 0.5000E+00  final t = 0.817500E+03
 AMRCLAW: level  1  CFL = .251E+00  dt = 0.5000E+00  final t = 0.818000E+03
 AMRCLAW: level  1  CFL = .251E+00  dt = 0.5000E+00  final t = 0.818500E+03
 AMRCLAW: level  1  CFL = .251E+00  dt = 0.5000E+00  final t = 0.819000E+03
 AMRCLAW: level  1  CFL = .251E+00  dt = 0.5000E+00  final t = 0.819500E+03
 AMRCLAW: level  1  CFL = .251E+00  dt = 0.5000E+00  final t = 0.820000E+03
 AMRCLAW: level  1  CFL = .251E+00  dt = 0.5000E+00  final t = 0.820500E+03
 AMRCLAW: level  1  CFL = .251E+00  dt = 0.5000E+00  final t = 0.821000E+03
 AMRCLAW: level  1  CFL = .250E+00  dt = 0.5000E+00  final t = 0.821500E+03
 AMRCLAW: level  1  CFL = .250E+00  dt = 0.5000E+00  final t = 0.822000E+03
 AMRCLAW: level  1  CFL = .250E+00  dt = 0.5000E+00  final t = 0.822500E+03
 AMRCLAW: level  1  CFL = .250E+00  dt = 0.5000E+00  final t = 0.823000E+03
 AMRCLAW: level  1  CFL = .250E+00  dt = 0.5000E+00  final t = 0.823500E+03
 AMRCLAW: level  1  CFL = .250E+00  dt = 0.5000E+00  final t = 0.824000E+03
 AMRCLAW: level  1  CFL = .250E+00  dt = 0.5000E+00  final t = 0.824500E+03
 AMRCLAW: level  1  CFL = .250E+00  dt = 0.5000E+00  final t = 0.825000E+03
 AMRCLAW: level  1  CFL = .250E+00  dt = 0.5000E+00  final t = 0.825500E+03
 AMRCLAW: level  1  CFL = .250E+00  dt = 0.5000E+00  final t = 0.826000E+03
 AMRCLAW: level  1  CFL = .250E+00  dt = 0.5000E+00  final t = 0.826500E+03
 AMRCLAW: level  1  CFL = .250E+00  dt = 0.5000E+00  final t = 0.827000E+03
 AMRCLAW: level  1  CFL = .250E+00  dt = 0.5000E+00  final t = 0.827500E+03
 AMRCLAW: level  1  CFL = .250E+00  dt = 0.5000E+00  final t = 0.828000E+03
 AMRCLAW: level  1  CFL = .250E+00  dt = 0.5000E+00  final t = 0.828500E+03
 AMRCLAW: level  1  CFL = .250E+00  dt = 0.5000E+00  final t = 0.829000E+03
 AMRCLAW: level  1  CFL = .250E+00  dt = 0.5000E+00  final t = 0.829500E+03
 AMRCLAW: level  1  CFL = .250E+00  dt = 0.5000E+00  final t = 0.830000E+03
 AMRCLAW: level  1  CFL = .250E+00  dt = 0.5000E+00  final t = 0.830500E+03
 AMRCLAW: level  1  CFL = .250E+00  dt = 0.5000E+00  final t = 0.831000E+03
 AMRCLAW: level  1  CFL = .250E+00  dt = 0.5000E+00  final t = 0.831500E+03
 AMRCLAW: level  1  CFL = .250E+00  dt = 0.5000E+00  final t = 0.832000E+03
 AMRCLAW: level  1  CFL = .250E+00  dt = 0.5000E+00  final t = 0.832500E+03
 AMRCLAW: level  1  CFL = .250E+00  dt = 0.5000E+00  final t = 0.833000E+03
 AMRCLAW: level  1  CFL = .250E+00  dt = 0.5000E+00  final t = 0.833500E+03
 AMRCLAW: level  1  CFL = .250E+00  dt = 0.5000E+00  final t = 0.834000E+03
 AMRCLAW: level  1  CFL = .247E+00  dt = 0.5000E+00  final t = 0.834500E+03
 AMRCLAW: level  1  CFL = .244E+00  dt = 0.5000E+00  final t = 0.835000E+03
 AMRCLAW: level  1  CFL = .241E+00  dt = 0.5000E+00  final t = 0.835500E+03
 AMRCLAW: level  1  CFL = .238E+00  dt = 0.5000E+00  final t = 0.836000E+03
 AMRCLAW: level  1  CFL = .236E+00  dt = 0.5000E+00  final t = 0.836500E+03
 AMRCLAW: level  1  CFL = .234E+00  dt = 0.5000E+00  final t = 0.837000E+03
 AMRCLAW: level  1  CFL = .232E+00  dt = 0.5000E+00  final t = 0.837500E+03
 AMRCLAW: level  1  CFL = .231E+00  dt = 0.5000E+00  final t = 0.838000E+03
 AMRCLAW: level  1  CFL = .230E+00  dt = 0.5000E+00  final t = 0.838500E+03
 AMRCLAW: level  1  CFL = .230E+00  dt = 0.5000E+00  final t = 0.839000E+03
 AMRCLAW: level  1  CFL = .230E+00  dt = 0.5000E+00  final t = 0.839500E+03
 AMRCLAW: level  1  CFL = .229E+00  dt = 0.5000E+00  final t = 0.840000E+03
GEOCLAW: Frame   28 output files done at time t =  0.840000D+03

 AMRCLAW: level  1  CFL = .229E+00  dt = 0.5000E+00  final t = 0.840500E+03
 AMRCLAW: level  1  CFL = .229E+00  dt = 0.5000E+00  final t = 0.841000E+03
 AMRCLAW: level  1  CFL = .229E+00  dt = 0.5000E+00  final t = 0.841500E+03
 AMRCLAW: level  1  CFL = .229E+00  dt = 0.5000E+00  final t = 0.842000E+03
 AMRCLAW: level  1  CFL = .229E+00  dt = 0.5000E+00  final t = 0.842500E+03
 AMRCLAW: level  1  CFL = .229E+00  dt = 0.5000E+00  final t = 0.843000E+03
 AMRCLAW: level  1  CFL = .229E+00  dt = 0.5000E+00  final t = 0.843500E+03
 AMRCLAW: level  1  CFL = .229E+00  dt = 0.5000E+00  final t = 0.844000E+03
 AMRCLAW: level  1  CFL = .229E+00  dt = 0.5000E+00  final t = 0.844500E+03
 AMRCLAW: level  1  CFL = .229E+00  dt = 0.5000E+00  final t = 0.845000E+03
 AMRCLAW: level  1  CFL = .229E+00  dt = 0.5000E+00  final t = 0.845500E+03
 AMRCLAW: level  1  CFL = .229E+00  dt = 0.5000E+00  final t = 0.846000E+03
 AMRCLAW: level  1  CFL = .229E+00  dt = 0.5000E+00  final t = 0.846500E+03
 AMRCLAW: level  1  CFL = .229E+00  dt = 0.5000E+00  final t = 0.847000E+03
 AMRCLAW: level  1  CFL = .229E+00  dt = 0.5000E+00  final t = 0.847500E+03
 AMRCLAW: level  1  CFL = .229E+00  dt = 0.5000E+00  final t = 0.848000E+03
 AMRCLAW: level  1  CFL = .229E+00  dt = 0.5000E+00  final t = 0.848500E+03
 AMRCLAW: level  1  CFL = .229E+00  dt = 0.5000E+00  final t = 0.849000E+03
 AMRCLAW: level  1  CFL = .229E+00  dt = 0.5000E+00  final t = 0.849500E+03
 AMRCLAW: level  1  CFL = .229E+00  dt = 0.5000E+00  final t = 0.850000E+03
 AMRCLAW: level  1  CFL = .229E+00  dt = 0.5000E+00  final t = 0.850500E+03
 AMRCLAW: level  1  CFL = .229E+00  dt = 0.5000E+00  final t = 0.851000E+03
 AMRCLAW: level  1  CFL = .229E+00  dt = 0.5000E+00  final t = 0.851500E+03
 AMRCLAW: level  1  CFL = .228E+00  dt = 0.5000E+00  final t = 0.852000E+03
 AMRCLAW: level  1  CFL = .228E+00  dt = 0.5000E+00  final t = 0.852500E+03
 AMRCLAW: level  1  CFL = .228E+00  dt = 0.5000E+00  final t = 0.853000E+03
 AMRCLAW: level  1  CFL = .228E+00  dt = 0.5000E+00  final t = 0.853500E+03
 AMRCLAW: level  1  CFL = .228E+00  dt = 0.5000E+00  final t = 0.854000E+03
 AMRCLAW: level  1  CFL = .228E+00  dt = 0.5000E+00  final t = 0.854500E+03
 AMRCLAW: level  1  CFL = .228E+00  dt = 0.5000E+00  final t = 0.855000E+03
 AMRCLAW: level  1  CFL = .228E+00  dt = 0.5000E+00  final t = 0.855500E+03
 AMRCLAW: level  1  CFL = .228E+00  dt = 0.5000E+00  final t = 0.856000E+03
 AMRCLAW: level  1  CFL = .228E+00  dt = 0.5000E+00  final t = 0.856500E+03
 AMRCLAW: level  1  CFL = .228E+00  dt = 0.5000E+00  final t = 0.857000E+03
 AMRCLAW: level  1  CFL = .228E+00  dt = 0.5000E+00  final t = 0.857500E+03
 AMRCLAW: level  1  CFL = .228E+00  dt = 0.5000E+00  final t = 0.858000E+03
 AMRCLAW: level  1  CFL = .228E+00  dt = 0.5000E+00  final t = 0.858500E+03
 AMRCLAW: level  1  CFL = .228E+00  dt = 0.5000E+00  final t = 0.859000E+03
 AMRCLAW: level  1  CFL = .228E+00  dt = 0.5000E+00  final t = 0.859500E+03
 AMRCLAW: level  1  CFL = .228E+00  dt = 0.5000E+00  final t = 0.860000E+03
 AMRCLAW: level  1  CFL = .228E+00  dt = 0.5000E+00  final t = 0.860500E+03
 AMRCLAW: level  1  CFL = .228E+00  dt = 0.5000E+00  final t = 0.861000E+03
 AMRCLAW: level  1  CFL = .228E+00  dt = 0.5000E+00  final t = 0.861500E+03
 AMRCLAW: level  1  CFL = .228E+00  dt = 0.5000E+00  final t = 0.862000E+03
 AMRCLAW: level  1  CFL = .228E+00  dt = 0.5000E+00  final t = 0.862500E+03
 AMRCLAW: level  1  CFL = .229E+00  dt = 0.5000E+00  final t = 0.863000E+03
 AMRCLAW: level  1  CFL = .228E+00  dt = 0.5000E+00  final t = 0.863500E+03
 AMRCLAW: level  1  CFL = .228E+00  dt = 0.5000E+00  final t = 0.864000E+03
 AMRCLAW: level  1  CFL = .228E+00  dt = 0.5000E+00  final t = 0.864500E+03
 AMRCLAW: level  1  CFL = .228E+00  dt = 0.5000E+00  final t = 0.865000E+03
 AMRCLAW: level  1  CFL = .228E+00  dt = 0.5000E+00  final t = 0.865500E+03
 AMRCLAW: level  1  CFL = .228E+00  dt = 0.5000E+00  final t = 0.866000E+03
 AMRCLAW: level  1  CFL = .228E+00  dt = 0.5000E+00  final t = 0.866500E+03
 AMRCLAW: level  1  CFL = .228E+00  dt = 0.5000E+00  final t = 0.867000E+03
 AMRCLAW: level  1  CFL = .228E+00  dt = 0.5000E+00  final t = 0.867500E+03
 AMRCLAW: level  1  CFL = .230E+00  dt = 0.5000E+00  final t = 0.868000E+03
 AMRCLAW: level  1  CFL = .228E+00  dt = 0.5000E+00  final t = 0.868500E+03
 AMRCLAW: level  1  CFL = .228E+00  dt = 0.5000E+00  final t = 0.869000E+03
 AMRCLAW: level  1  CFL = .228E+00  dt = 0.5000E+00  final t = 0.869500E+03
 AMRCLAW: level  1  CFL = .228E+00  dt = 0.5000E+00  final t = 0.870000E+03
GEOCLAW: Frame   29 output files done at time t =  0.870000D+03

 AMRCLAW: level  1  CFL = .228E+00  dt = 0.5000E+00  final t = 0.870500E+03
 AMRCLAW: level  1  CFL = .230E+00  dt = 0.5000E+00  final t = 0.871000E+03
 AMRCLAW: level  1  CFL = .228E+00  dt = 0.5000E+00  final t = 0.871500E+03
 AMRCLAW: level  1  CFL = .228E+00  dt = 0.5000E+00  final t = 0.872000E+03
 AMRCLAW: level  1  CFL = .228E+00  dt = 0.5000E+00  final t = 0.872500E+03
 AMRCLAW: level  1  CFL = .230E+00  dt = 0.5000E+00  final t = 0.873000E+03
 AMRCLAW: level  1  CFL = .229E+00  dt = 0.5000E+00  final t = 0.873500E+03
 AMRCLAW: level  1  CFL = .230E+00  dt = 0.5000E+00  final t = 0.874000E+03
 AMRCLAW: level  1  CFL = .232E+00  dt = 0.5000E+00  final t = 0.874500E+03
 AMRCLAW: level  1  CFL = .234E+00  dt = 0.5000E+00  final t = 0.875000E+03
 AMRCLAW: level  1  CFL = .236E+00  dt = 0.5000E+00  final t = 0.875500E+03
 AMRCLAW: level  1  CFL = .237E+00  dt = 0.5000E+00  final t = 0.876000E+03
 AMRCLAW: level  1  CFL = .237E+00  dt = 0.5000E+00  final t = 0.876500E+03
 AMRCLAW: level  1  CFL = .236E+00  dt = 0.5000E+00  final t = 0.877000E+03
 AMRCLAW: level  1  CFL = .235E+00  dt = 0.5000E+00  final t = 0.877500E+03
 AMRCLAW: level  1  CFL = .234E+00  dt = 0.5000E+00  final t = 0.878000E+03
 AMRCLAW: level  1  CFL = .234E+00  dt = 0.5000E+00  final t = 0.878500E+03
 AMRCLAW: level  1  CFL = .233E+00  dt = 0.5000E+00  final t = 0.879000E+03
 AMRCLAW: level  1  CFL = .232E+00  dt = 0.5000E+00  final t = 0.879500E+03
 AMRCLAW: level  1  CFL = .232E+00  dt = 0.5000E+00  final t = 0.880000E+03
 AMRCLAW: level  1  CFL = .231E+00  dt = 0.5000E+00  final t = 0.880500E+03
 AMRCLAW: level  1  CFL = .230E+00  dt = 0.5000E+00  final t = 0.881000E+03
 AMRCLAW: level  1  CFL = .230E+00  dt = 0.5000E+00  final t = 0.881500E+03
 AMRCLAW: level  1  CFL = .231E+00  dt = 0.5000E+00  final t = 0.882000E+03
 AMRCLAW: level  1  CFL = .228E+00  dt = 0.5000E+00  final t = 0.882500E+03
 AMRCLAW: level  1  CFL = .293E+00  dt = 0.5000E+00  final t = 0.883000E+03
 AMRCLAW: level  1  CFL = .293E+00  dt = 0.5000E+00  final t = 0.883500E+03
 AMRCLAW: level  1  CFL = .231E+00  dt = 0.5000E+00  final t = 0.884000E+03
 AMRCLAW: level  1  CFL = .226E+00  dt = 0.5000E+00  final t = 0.884500E+03
 AMRCLAW: level  1  CFL = .231E+00  dt = 0.5000E+00  final t = 0.885000E+03
 AMRCLAW: level  1  CFL = .226E+00  dt = 0.5000E+00  final t = 0.885500E+03
 AMRCLAW: level  1  CFL = .231E+00  dt = 0.5000E+00  final t = 0.886000E+03
 AMRCLAW: level  1  CFL = .226E+00  dt = 0.5000E+00  final t = 0.886500E+03
 AMRCLAW: level  1  CFL = .230E+00  dt = 0.5000E+00  final t = 0.887000E+03
 AMRCLAW: level  1  CFL = .227E+00  dt = 0.5000E+00  final t = 0.887500E+03
 AMRCLAW: level  1  CFL = .234E+00  dt = 0.5000E+00  final t = 0.888000E+03
 AMRCLAW: level  1  CFL = .229E+00  dt = 0.5000E+00  final t = 0.888500E+03
 AMRCLAW: level  1  CFL = .231E+00  dt = 0.5000E+00  final t = 0.889000E+03
 AMRCLAW: level  1  CFL = .230E+00  dt = 0.5000E+00  final t = 0.889500E+03
 AMRCLAW: level  1  CFL = .231E+00  dt = 0.5000E+00  final t = 0.890000E+03
 AMRCLAW: level  1  CFL = .232E+00  dt = 0.5000E+00  final t = 0.890500E+03
 AMRCLAW: level  1  CFL = .232E+00  dt = 0.5000E+00  final t = 0.891000E+03
 AMRCLAW: level  1  CFL = .233E+00  dt = 0.5000E+00  final t = 0.891500E+03
 AMRCLAW: level  1  CFL = .228E+00  dt = 0.5000E+00  final t = 0.892000E+03
 AMRCLAW: level  1  CFL = .228E+00  dt = 0.5000E+00  final t = 0.892500E+03
 AMRCLAW: level  1  CFL = .229E+00  dt = 0.5000E+00  final t = 0.893000E+03
 AMRCLAW: level  1  CFL = .230E+00  dt = 0.5000E+00  final t = 0.893500E+03
 AMRCLAW: level  1  CFL = .230E+00  dt = 0.5000E+00  final t = 0.894000E+03
 AMRCLAW: level  1  CFL = .231E+00  dt = 0.5000E+00  final t = 0.894500E+03
 AMRCLAW: level  1  CFL = .231E+00  dt = 0.5000E+00  final t = 0.895000E+03
 AMRCLAW: level  1  CFL = .227E+00  dt = 0.5000E+00  final t = 0.895500E+03
 AMRCLAW: level  1  CFL = .233E+00  dt = 0.5000E+00  final t = 0.896000E+03
 AMRCLAW: level  1  CFL = .228E+00  dt = 0.5000E+00  final t = 0.896500E+03
 AMRCLAW: level  1  CFL = .229E+00  dt = 0.5000E+00  final t = 0.897000E+03
 AMRCLAW: level  1  CFL = .229E+00  dt = 0.5000E+00  final t = 0.897500E+03
 AMRCLAW: level  1  CFL = .225E+00  dt = 0.5000E+00  final t = 0.898000E+03
 AMRCLAW: level  1  CFL = .230E+00  dt = 0.5000E+00  final t = 0.898500E+03
 AMRCLAW: level  1  CFL = .232E+00  dt = 0.5000E+00  final t = 0.899000E+03
 AMRCLAW: level  1  CFL = .231E+00  dt = 0.5000E+00  final t = 0.899500E+03
 AMRCLAW: level  1  CFL = .227E+00  dt = 0.5000E+00  final t = 0.900000E+03
GEOCLAW: Frame   30 output files done at time t =  0.900000D+03

 Done integrating to time    900.00000000000000     
 Writing to file fgmax0001.txt                 
See fort.amr for more info on this run and memory usage

============================== Timing Data ==============================

Integration Time (stepgrid + BC + overhead)
Level           Wall Time (seconds)    CPU Time (seconds)   Total Cell Updates
  1                    69.452                247.168            0.803E+08
total                  69.452                247.168            0.803E+08

All levels:
stepgrid               69.243                246.571    
BC/ghost cells          0.202                  0.584
Regridding              0.000                  0.000  
Output (valout)         8.918                 11.725  

Total time:            78.755                259.799  
Using 12 thread(s)

Note: The CPU times are summed over all threads.
      Total time includes more than the subroutines listed above
Note: timings are also recorded for each output step
      in the file timing.csv.

=========================================================================

 maximum Courant number seen =    0.45681
