method,scenario_id,time_s,budget,selected_patch_ids,budget_fraction,budget_max_count,candidate_count,selected_count,actual_active_fraction,predicted_front_chainage_m,front_available,mean_selected_dynamic_rank,mean_selected_front_rank,mean_selected_support_risk_rank,mean_selected_section_rank,mean_selected_base_score,selected_section_patch_count,first_pass_count,second_pass_count,global_forward_runtime_ms,roi_scoring_runtime_ms,local_correction_runtime_ms,support_guard_runtime_ms
DynamicOnly_B10,JILONG_EI_0009,10,B10,78;252;14;206;192;44;46;5;174;166;128;32;141;121;83;202;91;34;25,0.1,19,128,19,0.0874256265745725,,False,0.8889802631578947,,,,,,19,0,316.0317000001669,38.524000003235415,122.63570001232438,45.02879999927245
DynamicOnly_B10,JILONG_EI_0009,20,B10,77;206;141;79;174;46;14;252;42;32;128;44;5;121;202;23;166;176;70,0.1,19,126,19,0.0953664494490432,,False,0.8930659983291562,,,,,,19,0,55.2769000059925,3.717400002642535,69.00480001058895,3.116699997917749
DynamicOnly_B10,JILONG_EI_0009,30,B10,77;141;79;206;44;55;14;252;144;32;99;42;176;46;74;174;121;166;241,0.1,19,125,19,0.1072049375531238,,False,0.865263157894737,,,,,,19,0,52.92740000004415,3.268000000389293,70.2164999966044,3.1491999980062246
DynamicOnly_B10,JILONG_EI_0009,40,B10,77;79;44;206;84;174;42;46;32;252;128;106;24;147;172;50;74;141;202,0.1,19,125,19,0.0880458837132727,,False,0.8661052631578947,,,,,,19,0,53.53509999986272,3.709500000695698,68.10469999618363,2.1834999934071675
DynamicOnly_B10,JILONG_EI_0009,50,B10,61;93;79;14;206;121;141;28;99;85;172;42;19;5;88;128;74;50;55,0.1,19,122,19,0.1058189308604727,,False,0.8636755823986195,,,,,,19,0,53.31969998951536,3.3564000041224062,70.03709999844432,3.0520000000251457
DynamicOnly_B10,JILONG_EI_0009,60,B10,61;93;79;29;42;141;5;176;190;91;55;49;203;88;120;251;86;117;165,0.1,19,120,19,0.1218460690246648,,False,0.8320175438596491,,,,,,19,0,54.50119999295566,3.3567000064067543,70.12689999828581,2.234100000350736
DynamicOnly_B10,JILONG_EI_0009,70,B10,60;79;93;29;27;141;49;70;91;25;88;218;121;252;128;56;132;240;52,0.1,19,120,19,0.155830034229005,,False,0.8175438596491229,,,,,,19,0,55.37030000414234,2.649900008691475,71.50659999751952,2.288799994857982
DynamicOnly_B10,JILONG_EI_0009,80,B10,44;76;79;46;14;42;218;32;34;141;209;101;206;70;56;231;172;135;252,0.1,19,121,19,0.1213100443368991,,False,0.8251413658112223,,,,,,19,0,56.26289999054279,2.686200008611195,70.66830000258051,2.258699998492375
DynamicOnly_B10,JILONG_EI_0009,90,B10,28;61;79;93;14;141;49;25;203;91;252;57;155;165;55;135;209;99;85,0.1,19,116,19,0.1326048502576747,,False,0.8207803992740473,,,,,,19,0,55.63390000315849,3.3866000012494624,70.49559999722987,2.264800001285039
DynamicOnly_B10,JILONG_EI_0009,100,B10,28;61;93;79;42;141;252;91;70;99;10;5;176;203;32;14;120;128;34,0.1,19,116,19,0.0928318184254657,,False,0.8343920145190562,,,,,,19,0,55.96690000675153,2.8547999972943217,71.88350000069477,3.042299998924136
DynamicOnly_B10,JILONG_EI_0009,110,B10,28;60;79;93;141;26;252;55;32;203;206;128;74;20;99;34;155;176;117,0.1,19,118,19,0.1183925385363463,,False,0.8140053523639608,,,,,,19,0,54.366100011975504,2.6199999992968515,71.90900000568945,3.284000005805865
DynamicOnly_B10,JILONG_EI_0009,120,B10,28;76;79;252;26;90;55;32;203;14;4;88;128;135;157;121;35;217;86,0.1,19,118,19,0.1126494168817146,,False,0.7961641391614629,,,,,,19,0,54.46300000767224,2.601100000902079,70.21140000142623,2.490300001227297
DynamicOnly_B10,JILONG_EI_0009,130,B10,27;60;93;14;252;202;55;32;25;101;176;141;58;171;112;35;174;104;5,0.1,19,115,19,0.1167308620042728,,False,0.8219679633867277,,,,,,19,0,55.27500000607688,2.608199996757321,70.10130000708159,2.249199998914264
DynamicOnly_B10,JILONG_EI_0009,140,B10,27;61;93;202;25;252;29;101;55;176;141;89;57;128;174;121;103;229;32,0.1,19,117,19,0.1328116026372414,,False,0.8232118758434547,,,,,,19,0,54.4388000125764,2.788300000247545,69.97070000215899,2.2467999951913957
DynamicOnly_B10,JILONG_EI_0009,150,B10,26;28;61;93;128;202;101;121;40;14;235;32;3;211;87;229;170;176;74,0.1,19,116,19,0.1492905330382645,,False,0.7990018148820326,,,,,,19,0,54.61700000159908,3.028200007975101,71.10570000077132,2.3207000049296767
DynamicOnly_B10,JILONG_EI_0009,160,B10,26;28;60;93;40;128;232;203;101;121;235;70;3;32;229;211;170;201;91,0.1,19,115,19,0.1585867326232282,,False,0.7972540045766591,,,,,,19,0,54.26330000045709,2.8537999896798283,71.61479999194853,3.151199998683296
DynamicOnly_B10,JILONG_EI_0009,170,B10,26;58;28;60;93;40;106;232;128;186;71;101;229;99;32;218;179;200;192,0.1,19,116,19,0.1482337986538122,,False,0.7971869328493647,,,,,,19,0,54.120599990710616,2.610999988974072,69.68549999874085,2.280799992149696
DynamicOnly_B10,JILONG_EI_0009,180,B10,25;27;58;60;78;56;29;70;90;232;101;99;229;128;49;186;88;3;135,0.1,19,116,19,0.1501252000520709,,False,0.8058076225045372,,,,,,19,0,54.56810000760015,2.5925999943865463,70.60169999022037,2.2398000000976026
DynamicOnly_B10,JILONG_EI_0009,190,B10,25;27;77;45;58;88;56;101;106;186;70;233;99;119;251;4;14;51;192,0.1,19,117,19,0.139335788836903,,False,0.7786774628879891,,,,,,19,0,54.53879998822231,3.3890000049723312,69.9525999953039,2.251199999591336
DynamicOnly_B10,JILONG_EI_0009,200,B10,41;27;45;77;23;55;101;89;99;216;160;3;50;135;36;128;229;5;251,0.1,19,117,19,0.1317854982349472,,False,0.7678812415654521,,,,,,19,0,57.24850000115112,2.9347000090638176,69.76949999807402,2.236100001027808
DynamicOnly_B10,JILONG_EI_0009,210,B10,24;26;56;28;60;58;88;94;101;216;135;50;106;36;70;251;176;128;99,0.1,19,116,19,0.1495891753643053,,False,0.8044464609800362,,,,,,19,0,56.42710000392981,3.003200006787665,70.73160000436474,2.216200009570457
DynamicOnly_B10,JILONG_EI_0009,220,B10,40;26;28;88;58;60;101;94;251;70;121;36;233;128;215;202;99;160;50,0.1,19,116,19,0.1526215435979508,,False,0.7908348457350273,,,,,,19,0,54.24029999994673,2.5348000053782016,70.74509999074508,2.4553000112064183
DynamicOnly_B10,JILONG_EI_0009,230,B10,40;26;45;101;94;58;88;70;251;209;112;52;135;233;4;211;99;121;219,0.1,19,116,19,0.1498571877081881,,False,0.7790381125226858,,,,,,19,0,54.22790000739042,2.5954000011552125,70.38999999349471,2.2566999978153035
DynamicOnly_B10,JILONG_EI_0009,240,B10,56;25;27;23;45;101;94;88;58;70;251;233;135;128;99;36;219;121;4,0.1,19,117,19,0.1365484604605217,,False,0.8016194331983805,,,,,,19,0,55.42369998875074,3.299000003607944,70.6551000039326,2.235599997220561
DynamicOnly_B10,JILONG_EI_0009,250,B10,55;41;27;101;45;94;89;252;135;233;206;99;128;52;4;209;87;66;91,0.1,19,117,19,0.1329417800614131,,False,0.7660818713450293,,,,,,19,0,54.40580000868067,2.62759999895934,70.43419999536127,2.954700001282617
DynamicOnly_B10,JILONG_EI_0009,260,B10,55;26;24;101;45;94;58;252;89;135;128;232;99;66;87;4;91;52;32,0.1,19,116,19,0.1244496175080978,,False,0.7785843920145191,,,,,,19,0,54.39649999607354,2.5985000102082267,69.88650000130292,2.257500003906898
DynamicOnly_B10,JILONG_EI_0009,270,B10,55;26;23;101;60;94;28;58;89;135;252;128;232;46;99;66;32;87;4,0.1,19,118,19,0.1228568584358799,,False,0.7863514719000892,,,,,,19,0,54.85839999164455,2.958899989607744,69.87520000257064,2.2948999976506457
DynamicOnly_B10,JILONG_EI_0009,280,B10,40;26;71;101;60;94;28;58;89;46;135;128;251;232;32;99;66;148;241,0.1,19,119,19,0.1738098337557718,,False,0.7801857585139318,,,,,,19,0,56.41210000612773,2.5680000107968226,73.11650000337977,3.228400004445575
DynamicOnly_B10,JILONG_EI_0009,290,B10,40;26;71;101;60;94;28;58;89;46;135;128;252;32;176;232;66;99;148,0.1,19,118,19,0.1651874937782848,,False,0.7881355932203389,,,,,,19,0,56.43489999056328,3.1304000003729016,71.0207999945851,2.4603000056231394
DynamicOnly_B10,JILONG_EI_0009,300,B10,40;26;70;101;60;28;94;58;46;72;135;252;176;128;32;66;217;148;36,0.1,19,118,19,0.1678140147483364,,False,0.7939339875111507,,,,,,19,0,54.89170001237653,4.011700002592988,70.64289999834727,2.19499999366235
DynamicOnly_B10,JILONG_EI_0009,310,B10,40;26;70;60;101;94;28;58;72;135;176;128;252;148;217;32;66;105;240,0.1,19,118,19,0.1818731765588746,,False,0.8001784121320249,,,,,,19,0,55.62699999427423,2.6741000037873164,70.7057999970857,2.2447000083047897
DynamicOnly_B10,JILONG_EI_0009,320,B10,40;26;94;70;101;60;28;58;72;135;176;148;240;32;128;217;252;46;66,0.1,19,118,19,0.1826925285816021,,False,0.8037466547725245,,,,,,19,0,55.74399999750312,2.536200001486577,70.69209999463055,2.25430000864435
DynamicOnly_B10,JILONG_EI_0009,330,B10,40;26;70;101;60;28;94;58;46;148;72;135;176;32;240;217;128;206;180,0.1,19,119,19,0.1958174759363202,,False,0.8076072534276867,,,,,,19,0,55.24260000674985,2.5935000012395903,70.3815000015311,2.318700004252605
DynamicOnly_B10,JILONG_EI_0009,340,B10,40;26;70;101;60;28;94;58;148;176;135;72;32;240;46;217;180;128;90,0.1,19,118,19,0.1954882036281214,,False,0.8073148974130241,,,,,,19,0,54.694800011930056,3.168700000969693,70.48579999536742,2.3142999998526648
DynamicOnly_B10,JILONG_EI_0009,350,B10,40;26;70;60;101;28;94;58;148;72;176;135;32;46;240;217;180;128;99,0.1,19,117,19,0.1969201552940095,,False,0.8061178587494376,,,,,,19,0,54.40159999125172,2.8400000010151416,70.16099999600556,2.2629000013694167
DynamicOnly_B10,JILONG_EI_0009,360,B10,40;70;26;60;101;28;94;58;148;72;180;190;176;32;46;240;217;135;99,0.1,19,119,19,0.1974868099639332,,False,0.8129146395400264,,,,,,19,0,56.17359999450855,2.6824999949894845,70.22409999626689,2.2372000094037503
DynamicOnly_B10,JILONG_EI_0009,370,B10,40;70;26;60;28;101;94;14;58;72;180;148;32;46;176;240;135;217;99,0.1,19,120,19,0.1965296230214946,,False,0.8219298245614035,,,,,,19,0,54.025899997213855,2.601400003186427,71.60840000142343,2.34309998631943
DynamicOnly_B10,JILONG_EI_0009,380,B10,70;40;26;60;28;101;94;72;180;58;148;32;176;240;135;46;217;90;99,0.1,19,120,19,0.1958710784050968,,False,0.8241228070175438,,,,,,19,0,54.560200005653314,3.559000004315749,69.78920000256039,2.251500001875684
DynamicOnly_B10,JILONG_EI_0009,390,B10,70;40;26;60;28;101;94;72;180;148;58;32;176;90;46;240;217;135;99,0.1,19,120,19,0.1958710784050968,,False,0.8302631578947368,,,,,,19,0,54.291699998429976,2.656700002262369,71.05150001007132,2.249099998152815
DynamicOnly_B10,JILONG_EI_0009,400,B10,70;56;26;60;28;101;94;24;180;148;58;32;176;190;240;46;217;252;135,0.1,19,121,19,0.1990029940807559,,False,0.8316659417137886,,,,,,19,0,55.26379999355413,2.560400011134334,70.23939999635331,2.2314999951049685
DynamicOnly_B10,JILONG_EI_0009,410,B10,56;70;26;60;28;101;24;180;78;148;32;58;176;240;46;252;99;217;135,0.1,19,122,19,0.2098306927736214,,False,0.8356341673856772,,,,,,19,0,54.95030000747647,2.9538999951910228,69.76949999807402,2.2778000129619613
DynamicOnly_B10,JILONG_EI_0009,420,B10,56;70;26;60;28;101;24;180;78;148;32;58;176;240;252;90;217;135;99,0.1,19,122,19,0.208574863505142,,False,0.8382226056945643,,,,,,19,0,54.34869999589864,2.5784999888855964,70.11530001182109,3.239700003177859
DynamicOnly_B10,JILONG_EI_0009,430,B10,56;70;26;60;28;101;24;180;78;148;32;58;176;252;240;135;99;217;210,0.1,19,121,19,0.2315473501236685,,False,0.8368856024358418,,,,,,19,0,54.52770000556484,2.5794999965000898,70.2951999992365,2.719099997193553
DynamicOnly_B10,JILONG_EI_0009,440,B10,56;70;26;60;101;28;24;180;78;148;32;190;58;252;90;176;240;99;135,0.1,19,123,19,0.2092946680858558,,False,0.8455284552845529,,,,,,19,0,55.00360000587534,3.4466000070096925,70.54559999960475,2.274399987072684
DynamicOnly_B10,JILONG_EI_0009,450,B10,56;70;26;60;101;28;180;24;78;148;32;58;252;176;90;240;99;135;217,0.1,19,122,19,0.208574863505142,,False,0.8438308886971527,,,,,,19,0,54.342899995390326,3.0328000138979405,70.2931000123499,2.2686000011162832
DynamicOnly_B10,JILONG_EI_0009,460,B10,56;70;26;60;101;28;180;24;78;148;32;58;252;176;240;99;217;135;210,0.1,19,123,19,0.2315473501236685,,False,0.8455284552845527,,,,,,19,0,54.15199999697506,2.6079999952344224,69.92880000325385,2.2772999946027994
DynamicOnly_B10,JILONG_EI_0009,470,B10,56;70;26;60;101;28;180;24;78;148;32;252;58;176;240;99;210;217;135,0.1,19,124,19,0.2315473501236685,,False,0.8510186757215619,,,,,,19,0,54.34789998980705,2.606300011393614,71.68900000397116,3.0075999966356903
DynamicOnly_B10,JILONG_EI_0009,480,B10,56;70;26;101;60;28;180;24;78;148;32;252;58;99;240;176;210;90;217,0.1,19,124,19,0.2292041564885788,,False,0.8531409168081495,,,,,,19,0,54.30260000866838,2.9390999989118427,71.15440000779927,3.0620000034105037
DynamicOnly_B10,JILONG_EI_0009,490,B10,56;70;26;101;28;60;180;24;78;148;32;252;58;90;99;240;176;210;135,0.1,19,124,19,0.230651423145546,,False,0.8578098471986417,,,,,,19,0,54.58290000387933,2.6222000014968216,70.05460000073072,2.446700003929436
DynamicOnly_B10,JILONG_EI_0009,500,B10,56;70;26;101;60;180;28;24;78;148;32;252;58;99;240;210;176;90;135,0.1,19,124,19,0.230651423145546,,False,0.8527164685908318,,,,,,19,0,54.72139999619685,2.604799999971874,71.11689999874216,2.8015999996569008
DynamicOnly_B10,JILONG_EI_0009,510,B10,56;70;26;101;28;180;60;24;148;78;32;252;58;90;99;240;210;176;135,0.1,19,124,19,0.230651423145546,,False,0.8573853989813243,,,,,,19,0,56.04470000253059,2.62990000192076,70.17790000827517,2.279599997564219
DynamicOnly_B10,JILONG_EI_0009,520,B10,56;70;60;26;180;101;28;24;148;78;32;252;58;99;240;210;135;90;176,0.1,19,124,19,0.230651423145546,,False,0.8565365025466891,,,,,,19,0,55.09629999869503,2.544100003433414,70.78999999794178,2.2517000033985823
DynamicOnly_B10,JILONG_EI_0009,530,B10,56;70;26;180;101;28;60;24;148;78;252;32;58;99;90;210;240;135;190,0.1,19,123,19,0.2320680598203551,,False,0.8579375267436885,,,,,,19,0,54.91049999545794,2.648499998031184,70.87089998822194,2.2481999912997708
DynamicOnly_B10,JILONG_EI_0009,540,B10,56;70;26;180;101;28;60;24;148;78;252;32;58;14;90;99;210;240;135,0.1,19,122,19,0.2311108728779165,,False,0.860655737704918,,,,,,19,0,55.09790001087822,3.234200004953891,71.69409999914933,3.108999997493811
DynamicOnly_B10,JILONG_EI_0009,550,B10,56;70;26;180;101;28;60;24;148;78;252;32;58;90;99;210;135;240;68,0.1,19,122,19,0.2395494329624553,,False,0.8602243313201036,,,,,,19,0,56.438100000377744,2.59649999497924,70.50070000695996,2.645400003530085
DynamicOnly_B10,JILONG_EI_0009,560,B10,56;70;180;26;101;28;60;24;148;78;252;32;58;90;99;210;135;240;68,0.1,19,122,19,0.2395494329624553,,False,0.8597929249352889,,,,,,19,0,55.60179999156389,2.6445999974384904,71.52260000293609,2.2551000001840293
DynamicOnly_B10,JILONG_EI_0009,570,B10,70;56;180;26;101;28;60;24;148;78;252;32;58;190;90;99;210;135;68,0.1,19,123,19,0.2208421713594351,,False,0.8639281129653401,,,,,,19,0,54.49710000539199,2.7812999906018376,71.98449999850709,3.597499991883524
DynamicOnly_B10,JILONG_EI_0009,580,B10,70;56;180;26;101;28;60;24;148;78;252;32;58;190;90;210;99;135;68,0.1,19,123,19,0.2208421713594351,,False,0.8656397090286692,,,,,,19,0,56.89210000855383,2.9780000040773302,69.69360000221059,2.2973000013735145
DynamicOnly_B10,JILONG_EI_0009,590,B10,70;56;180;26;101;28;60;24;148;94;252;32;58;90;210;99;68;135;3,0.1,19,122,19,0.2091108881929076,,False,0.8597929249352891,,,,,,19,0,56.75780000456143,2.666000000317581,71.36509999691043,3.265499995904974
DynamicOnly_B10,JILONG_EI_0009,600,B10,70;56;180;26;101;28;60;24;148;252;78;32;58;210;68;90;99;3;135,0.1,19,122,19,0.2201223667787213,,False,0.8654012079378774,,,,,,19,0,55.83670000487473,2.790900005493313,69.88989999808837,2.2751000069547445
DynamicOnly_B10,JILONG_EI_0009,610,B10,70;56;180;26;101;28;60;24;148;252;78;32;58;68;210;3;90;135;99,0.1,19,122,19,0.2201223667787213,,False,0.8675582398619499,,,,,,19,0,54.11110000568442,2.559899992775172,70.60510000155773,2.2902000055182725
DynamicOnly_B10,JILONG_EI_0009,620,B10,70;56;180;26;101;28;24;60;148;78;252;68;32;58;210;3;90;135;99,0.1,19,122,19,0.2201223667787213,,False,0.86755823986195,,,,,,19,0,55.25760000455193,3.277299998444505,72.48590000381228,2.321399995707907
DynamicOnly_B10,JILONG_EI_0009,630,B10,70;56;180;26;101;28;24;60;68;148;78;252;58;32;210;190;3;135;90,0.1,19,123,19,0.2203061466716695,,False,0.8759092854086437,,,,,,19,0,57.90200000046752,3.53289999475237,71.6853999911109,2.375900003244169
DynamicOnly_B10,JILONG_EI_0009,640,B10,70;56;180;26;101;28;24;60;68;148;252;78;58;210;32;3;135;99;91,0.1,19,122,19,0.2218070157974133,,False,0.8748921484037964,,,,,,19,0,54.24450000282377,3.7278000090736896,69.72530001075938,2.2410999954445288
DynamicOnly_B10,JILONG_EI_0009,650,B10,70;56;180;26;101;28;24;68;60;148;78;252;210;58;32;3;99;135;178,0.1,19,123,19,0.2271289751973719,,False,0.8746255883611468,,,,,,19,0,54.18720000307076,2.933199997642077,70.03959998837672,2.231699996627867
DynamicOnly_B10,JILONG_EI_0009,660,B10,70;56;180;26;101;28;68;24;60;148;210;78;58;32;3;178;99;135;91,0.1,19,122,19,0.2286911042874317,,False,0.871009490940466,,,,,,19,0,54.23080000036862,2.750300001935102,71.48330000927672,2.910999988671392
DynamicOnly_B10,JILONG_EI_0009,670,B10,70;56;180;26;101;68;28;24;60;148;210;78;58;32;3;178;135;99;91,0.1,19,122,19,0.2286911042874317,,False,0.875323554788611,,,,,,19,0,54.064299998572096,3.206299996236339,69.75310000416357,2.220599999418482
DynamicOnly_B10,JILONG_EI_0009,680,B10,70;56;180;26;101;68;28;24;60;210;148;78;58;32;3;178;99;91;135,0.1,19,122,19,0.2286911042874317,,False,0.8744607420189819,,,,,,19,0,54.92349999258295,3.238599994801916,71.6724000085378,2.2422000038204715
DynamicOnly_B10,JILONG_EI_0009,690,B10,70;56;180;26;101;68;24;28;210;60;148;78;58;32;3;178;91;190;99,0.1,19,122,19,0.2279636422111784,,False,0.8774805867126834,,,,,,19,0,54.87690000154544,2.58840000606142,70.2406000054907,2.5963999942177907
DynamicOnly_B10,JILONG_EI_0009,700,B10,70;56;180;26;101;68;24;28;210;60;148;78;58;32;3;178;91;99;135,0.1,19,122,19,0.2286911042874317,,False,0.8757549611734254,,,,,,19,0,54.554900008952245,3.017000010004267,70.54049998987466,2.382300008321181
DynamicOnly_B10,JILONG_EI_0009,710,B10,70;56;180;26;101;68;24;210;28;60;148;78;58;14;32;3;178;91;99,0.1,19,122,19,0.2270064552687398,,False,0.8830888697152717,,,,,,19,0,56.27889999595936,2.679600002011284,70.18830000015441,2.2198000078788027
DynamicOnly_B10,JILONG_EI_0009,720,B10,70;56;180;26;101;68;24;210;28;60;148;78;58;32;178;3;91;99;135,0.1,19,122,19,0.2286911042874317,,False,0.8787748058671269,,,,,,19,0,54.91930000425782,3.752800010261126,69.78230000822805,2.237799999420531
DynamicOnly_B10,JILONG_EI_0009,730,B10,70;56;180;26;101;68;24;210;60;28;148;78;58;178;32;3;91;99;135,0.1,19,122,19,0.2286911042874317,,False,0.8826574633304572,,,,,,19,0,54.25909999758005,2.955600008135661,72.09950000105891,3.00480000441894
DynamicOnly_B10,JILONG_EI_0009,740,B10,70;56;180;26;101;68;210;24;28;60;148;78;58;178;32;3;91;99;135,0.1,19,122,19,0.2286911042874317,,False,0.8817946505608282,,,,,,19,0,54.16390000027605,2.640499995322898,70.20099999499507,2.176099995267577
DynamicOnly_B10,JILONG_EI_0009,750,B10,70;56;180;26;101;68;210;24;28;60;148;78;178;58;32;3;190;91;135,0.1,19,122,19,0.2288748841803799,,False,0.8878343399482311,,,,,,19,0,55.15680000826251,3.5136000078637157,70.94049999432173,2.244299990707077
DynamicOnly_B10,JILONG_EI_0009,760,B10,70;56;180;26;101;68;210;24;28;148;60;78;178;58;32;3;91;135;99,0.1,19,121,19,0.2286911042874317,,False,0.8821226620269682,,,,,,19,0,54.91220000840258,2.976699994178489,70.21240000904072,2.217799992649816
DynamicOnly_B10,JILONG_EI_0009,770,B10,70;56;180;101;26;68;210;24;28;148;178;60;78;58;3;32;91;135;99,0.1,19,122,19,0.2286911042874317,,False,0.8856773080241586,,,,,,19,0,54.62610001268331,2.5886999937938526,72.06130000122357,3.024599995114841
DynamicOnly_B10,JILONG_EI_0009,780,B10,70;56;180;101;26;210;68;24;28;148;178;78;60;58;3;32;91;135;99,0.1,19,122,19,0.2286911042874317,,False,0.8843830888697152,,,,,,19,0,54.492499999469146,2.5433999981032684,70.40689999121241,2.8368999919621274
DynamicOnly_B10,JILONG_EI_0009,790,B10,70;56;180;101;26;210;68;24;178;28;148;60;78;58;3;32;91;199;99,0.1,19,122,19,0.2272285226393855,,False,0.8869715271786023,,,,,,19,0,55.00820001179818,3.532500006258488,70.49850000475999,2.237199994851835
DynamicOnly_B10,JILONG_EI_0009,800,B10,70;56;180;101;26;210;68;24;178;148;28;60;78;58;3;32;91;190;199,0.1,19,122,19,0.2274123025323337,,False,0.8930112165660052,,,,,,19,0,56.01649999152869,2.911899995524436,70.33200000296347,2.3089000023901463
DynamicOnly_B10,JILONG_EI_0009,810,B10,70;56;180;101;26;210;68;24;178;148;28;78;60;58;3;32;91;199;155,0.1,19,122,19,0.2288289392071429,,False,0.8917169974115615,,,,,,19,0,55.16439999337308,2.8559999918797985,71.36069999251049,2.559300002758391
DynamicOnly_B10,JILONG_EI_0009,820,B10,70;56;180;101;26;210;68;24;178;148;28;60;78;58;3;32;91;199;155,0.1,19,122,19,0.2288289392071429,,False,0.8930112165660052,,,,,,19,0,54.16329999570735,2.566000010119751,70.20290000946261,2.5883999915095046
DynamicOnly_B10,JILONG_EI_0009,830,B10,70;56;180;101;26;210;68;24;178;148;28;60;78;58;3;32;91;199;155,0.1,19,122,19,0.2288289392071429,,False,0.893011216566005,,,,,,19,0,54.92860000231303,2.6329999964218587,69.94159999885596,3.003700010594912
DynamicOnly_B10,JILONG_EI_0009,840,B10,70;56;180;101;26;210;68;24;178;148;60;28;78;58;3;32;91;199;155,0.1,19,122,19,0.2288289392071429,,False,0.8943054357204487,,,,,,19,0,54.35069999657571,2.5806000048760325,69.93650000367779,2.835499995853752
DynamicOnly_B10,JILONG_EI_0009,850,B10,70;56;180;101;210;26;68;24;178;148;28;78;60;58;3;32;91;199;155,0.1,19,122,19,0.2288289392071429,,False,0.8973252804141502,,,,,,19,0,54.09730000246782,2.5902000052155927,69.91639999614563,2.715599999646656
DynamicOnly_B10,JILONG_EI_0009,860,B10,70;56;180;101;210;26;24;68;178;148;28;78;60;58;3;32;91;199;155,0.1,19,122,19,0.2288289392071429,,False,0.8964624676445211,,,,,,19,0,55.01760001061484,3.0122999887680635,70.23480000498239,2.265400005853735
DynamicOnly_B10,JILONG_EI_0009,870,B10,70;56;210;101;180;26;24;68;178;148;28;60;78;58;3;32;91;199;155,0.1,19,122,19,0.2288289392071429,,False,0.8973252804141502,,,,,,19,0,54.73279999569058,3.517599994665943,71.69639998755883,3.223699997761287
DynamicOnly_B10,JILONG_EI_0009,880,B10,70;56;210;101;180;26;24;178;68;148;78;28;60;58;3;32;199;91;155,0.1,19,122,19,0.2288289392071429,,False,0.8947368421052632,,,,,,19,0,54.65620000904892,2.876000013202429,69.91669999842998,2.261200002976693
DynamicOnly_B10,JILONG_EI_0009,890,B10,70;210;56;101;180;26;178;24;68;148;78;28;60;58;3;32;91;199;155,0.1,19,122,19,0.2288289392071429,,False,0.9003451251078515,,,,,,19,0,54.80000001261942,2.97510001109913,69.83079999918118,2.216199995018542
DynamicOnly_B10,JILONG_EI_0009,900,B10,70;210;56;101;180;26;24;178;68;148;78;28;60;58;3;32;199;91;155,0.1,19,122,19,0.2288289392071429,,False,0.8990509059534082,,,,,,19,0,54.33579999953509,3.62989999121055,69.73439999273978,2.2275000083027408
DynamicOnly_B10,JILONG_EI_0009,910,B10,70;210;56;101;180;26;24;178;68;148;78;28;58;60;3;32;199;91;155,0.1,19,122,19,0.2288289392071429,,False,0.900776531492666,,,,,,19,0,54.17239999223966,2.796100001432933,70.28169999830425,2.2610999876633286
DynamicOnly_B10,JILONG_EI_0009,920,B10,70;210;56;101;180;26;24;178;68;148;78;28;58;60;3;199;32;91;155,0.1,19,122,19,0.2288289392071429,,False,0.9029335634167384,,,,,,19,0,54.62819999956992,2.672500006156042,71.14699999510776,2.240800007712096
DynamicOnly_B10,JILONG_EI_0009,930,B10,70;210;101;56;180;26;24;68;178;148;78;28;60;58;3;199;32;91;155,0.1,19,122,19,0.2288289392071429,,False,0.9003451251078517,,,,,,19,0,55.10959999810439,2.611200005048886,71.9087000034051,2.2686000011162832
DynamicOnly_B10,JILONG_EI_0009,940,B10,70;210;26;101;56;180;24;68;178;148;78;28;60;58;3;199;32;91;155,0.1,19,122,19,0.2288289392071429,,False,0.9012079378774804,,,,,,19,0,57.41179999313317,2.607499991427176,70.66640000266489,2.217700006440282
DynamicOnly_B10,JILONG_EI_0009,950,B10,70;210;101;56;180;26;24;68;178;148;78;28;58;60;3;199;14;32;91,0.1,19,122,19,0.2264551155898951,,False,0.9055220017256256,,,,,,19,0,54.63450000388548,2.7157000004081056,70.133099987288,2.236800006357953
DynamicOnly_B10,JILONG_EI_0009,960,B10,70;210;101;56;180;26;24;178;68;148;78;28;58;60;199;3;91;32;155,0.1,19,122,19,0.2288289392071429,,False,0.8990509059534082,,,,,,19,0,55.02119999437127,3.2768000091891736,72.3502000037115,3.0647999956272542
DynamicOnly_B10,JILONG_EI_0009,970,B10,70;210;101;56;26;180;24;178;68;148;78;58;28;60;199;3;91;155;32,0.1,19,122,19,0.2288289392071429,,False,0.8960310612597064,,,,,,19,0,55.06999998760875,3.0919999990146607,71.09440000203904,2.4428000033367425
DynamicOnly_B10,JILONG_EI_0009,980,B10,70;210;101;56;26;180;24;178;68;148;78;28;58;60;199;3;91;155;32,0.1,19,122,19,0.2288289392071429,,False,0.9016393442622952,,,,,,19,0,55.53379999764729,3.5356000007595867,71.63920000311919,3.1766000029165298
DynamicOnly_B10,JILONG_EI_0009,990,B10,70;210;101;56;180;26;24;178;68;148;78;58;28;60;199;3;91;155;32,0.1,19,122,19,0.2288289392071429,,False,0.9003451251078518,,,,,,19,0,55.265199989662506,2.703799997107126,70.84200000099372,2.244899995275773
DynamicOnly_B10,JILONG_EI_0009,1000,B10,70;210;101;56;180;26;24;178;68;148;78;58;28;60;199;3;91;155;32,0.1,19,122,19,0.2288289392071429,,False,0.8981880931837792,,,,,,19,0,54.92999999842141,2.582200002507306,71.41869999759365,2.2413000115193427
DynamicOnly_B10,JILONG_EI_0009,1010,B10,70;101;210;180;56;26;24;178;68;148;78;58;28;60;199;3;91;155;32,0.1,19,122,19,0.2288289392071429,,False,0.8977566867989646,,,,,,19,0,54.56119999871589,2.6002999948104843,71.96690001001116,2.940499995020218
DynamicOnly_B10,JILONG_EI_0009,1020,B10,70;24;101;210;180;56;26;178;68;148;78;58;28;60;199;3;91;141;155,0.1,19,122,19,0.2303068358462681,,False,0.901639344262295,,,,,,19,0,54.4551000057254,3.0120000010356307,70.67450000613462,2.2222999978112057
DynamicOnly_B10,JILONG_EI_0009,1030,B10,70;101;210;180;56;26;24;178;68;148;78;58;28;60;199;3;91;155;141,0.1,19,122,19,0.2303068358462681,,False,0.9003451251078515,,,,,,19,0,55.77839999750722,2.770000006421469,71.91049998800736,3.279799988376908
DynamicOnly_B10,JILONG_EI_0009,1040,B10,70;101;210;180;56;26;24;178;68;148;78;58;28;60;199;3;91;141;155,0.1,19,122,19,0.2303068358462681,,False,0.9003451251078517,,,,,,19,0,54.99279999639839,2.592399992863648,70.84790000226349,2.275000006193295
DynamicOnly_B10,JILONG_EI_0009,1050,B10,70;101;180;56;210;26;24;178;68;148;78;58;28;199;60;3;91;155;141,0.1,19,122,19,0.2303068358462681,,False,0.9020707506471096,,,,,,19,0,54.74749999120832,2.6073000044561923,70.18629999947734,2.3355000012088567
DynamicOnly_B10,JILONG_EI_0009,1060,B10,70;101;56;180;26;210;24;178;68;148;78;58;28;199;60;3;91;155;141,0.1,19,122,19,0.2303068358462681,,False,0.9020707506471096,,,,,,19,0,55.92620000243187,3.11939998937305,70.88690000819042,2.271799996378832
DynamicOnly_B10,JILONG_EI_0009,1070,B10,70;101;56;26;180;210;24;178;68;148;94;58;28;199;60;3;91;155;141,0.1,19,122,19,0.2192953572604544,,False,0.9029335634167388,,,,,,19,0,55.22999999811873,2.6412000006530434,70.2097000030335,2.298999999766238
DynamicOnly_B10,JILONG_EI_0009,1080,B10,70;101;26;56;180;24;210;178;68;148;94;58;28;199;60;3;91;141;155,0.1,19,122,19,0.2192953572604544,,False,0.9037963761863675,,,,,,19,0,54.601600000751205,2.5784999888855964,70.48539999232162,2.3766000085743144
DynamicOnly_B10,JILONG_EI_0009,1090,B10,70;101;26;56;180;24;210;178;68;148;94;58;28;199;61;3;141;91;155,0.1,19,123,19,0.2325887695170417,,False,0.904150620453573,,,,,,19,0,54.56679999770131,2.579899999545887,70.26209999457933,2.9818999901181087
DynamicOnly_B10,JILONG_EI_0009,1100,B10,70;101;26;24;56;180;210;178;68;148;94;58;28;199;60;3;91;141;155,0.1,19,123,19,0.2192953572604544,,False,0.9045785194694052,,,,,,19,0,53.96199999086093,2.608099995995872,70.38289999763947,2.2006999934092164
DynamicOnly_B10,JILONG_EI_0009,1110,B10,70;101;26;24;56;180;210;178;68;148;94;58;28;199;60;3;91;141;155,0.1,19,123,19,0.2192953572604544,,False,0.902866923406076,,,,,,19,0,56.46579999302048,2.592199991340749,70.71660000656266,2.348199996049516
DynamicOnly_B10,JILONG_EI_0009,1120,B10,70;101;24;26;56;180;210;178;68;148;94;58;28;199;205;60;91;3;155,0.1,19,123,19,0.2171129710316943,,False,0.9054343175010696,,,,,,19,0,54.41910000809003,2.598399994894862,70.44260000111535,2.233400009572506
DynamicOnly_B10,JILONG_EI_0009,1130,B10,70;101;24;26;56;180;210;178;68;148;94;58;28;199;60;91;3;141;155,0.1,19,122,19,0.2192953572604544,,False,0.900776531492666,,,,,,19,0,54.79530000593513,2.5499000039417297,69.8839999968186,2.2070999984862283
DynamicOnly_B10,JILONG_EI_0009,1140,B10,70;101;24;26;56;180;210;178;68;94;148;58;28;199;60;91;3;141;155,0.1,19,122,19,0.2192953572604544,,False,0.904227782571182,,,,,,19,0,54.71979999856558,2.5686000008136034,70.40939999569673,2.31869998970069
DynamicOnly_B10,JILONG_EI_0009,1150,B10,70;101;24;26;56;180;210;178;94;68;148;58;28;199;60;3;91;155;141,0.1,19,122,19,0.2192953572604544,,False,0.899050905953408,,,,,,19,0,54.69249999441672,2.9722000035690144,70.56880000163801,2.403000005870126
DynamicOnly_B10,JILONG_EI_0009,1160,B10,70;101;24;26;56;180;178;210;94;68;148;58;28;199;60;3;91;141;155,0.1,19,122,19,0.2192953572604544,,False,0.9012079378774804,,,,,,19,0,54.426800008513965,2.6282999897375703,70.37600000330713,2.1744999976363037
DynamicOnly_B10,JILONG_EI_0009,1170,B10,70;101;24;26;180;56;178;210;94;68;148;58;28;199;60;91;3;141;155,0.1,19,122,19,0.2192953572604544,,False,0.9020707506471096,,,,,,19,0,54.25460000697058,2.9359000036492944,71.43470000301022,3.4011000097962096
DynamicOnly_B10,JILONG_EI_0009,1180,B10,70;101;24;26;56;180;178;94;210;68;148;58;28;199;60;91;3;155;141,0.1,19,122,19,0.2192953572604544,,False,0.9025021570319244,,,,,,19,0,54.59549999795854,2.59060000826139,70.23400001344271,2.2723000001860783
DynamicOnly_B10,JILONG_EI_0009,1190,B10,70;101;24;26;56;180;178;94;210;68;148;62;58;28;199;60;91;3;141,0.1,19,123,19,0.2208421713594351,,False,0.9084296106118956,,,,,,19,0,55.28110000886954,2.6442000089446083,69.8984000046039,2.247299998998642
DynamicOnly_B10,JILONG_EI_0009,1200,B10,70;101;24;26;56;180;94;178;210;68;148;58;28;199;60;91;3;155;141,0.1,19,122,19,0.2192953572604544,,False,0.899913718723037,,,,,,19,0,54.81100000906736,2.9565000004367903,70.06620000174735,2.2597999923164025
DynamicOnly_B10,JILONG_EI_0009,1210,B10,70;101;24;26;56;180;94;178;210;68;148;62;58;2;28;199;91;60;155,0.1,19,124,19,0.2208498288549747,,False,0.9100169779286926,,,,,,19,0,54.86659999587573,2.667299995664507,70.49430000188295,3.082600000197999
DynamicOnly_B10,JILONG_EI_0009,1220,B10,70;101;24;26;56;180;94;178;210;68;148;62;58;199;28;2;91;60;155,0.1,19,124,19,0.2208498288549747,,False,0.9104414261460104,,,,,,19,0,54.50870000640862,2.555599989136681,69.83039999613538,2.848300006007776
DynamicOnly_B10,JILONG_EI_0009,1230,B10,70;101;24;26;56;180;94;178;210;68;148;58;199;28;91;3;155;60;141,0.1,19,122,19,0.2192953572604544,,False,0.9003451251078517,,,,,,19,0,54.85410000255797,2.5686000008136034,70.75759999861475,2.2566000116057694
DynamicOnly_B10,JILONG_EI_0009,1240,B10,70;101;24;26;56;180;94;178;210;68;148;62;58;199;28;91;60;3;155,0.1,19,123,19,0.2218223307884923,,False,0.9050064184852374,,,,,,19,0,54.54179999651387,2.8920000040670857,70.68150000122841,2.22090000170283
DynamicOnly_B10,JILONG_EI_0009,1250,B10,70;101;24;26;56;180;94;178;210;68;148;58;199;28;91;3;155;60;192,0.1,19,122,19,0.2171818884915499,,False,0.8994823123382226,,,,,,19,0,54.54250000184402,3.588899999158457,71.29899998835754,2.270400000270456
DynamicOnly_B10,JILONG_EI_0009,1260,B10,70;101;24;26;56;180;94;178;210;68;148;62;58;199;28;2;91;155;192,0.1,19,124,19,0.2118599290915913,,False,0.91044142614601,,,,,,19,0,55.31609999889042,2.852099991287105,70.74130000546575,2.374900010181591
DynamicOnly_B10,JILONG_EI_0009,1270,B10,70;101;24;26;56;180;94;68;178;210;148;58;199;28;2;91;192;155;50,0.1,19,123,19,0.2078780314110467,,False,0.9054343175010696,,,,,,19,0,55.93480000970885,2.7618000021902844,72.44839999475516,2.385599989793264
DynamicOnly_B10,JILONG_EI_0009,1280,B10,70;24;101;26;56;180;94;68;210;178;148;58;199;28;91;3;192;155;141,0.1,19,122,19,0.210305457497071,,False,0.9016393442622952,,,,,,19,0,54.49579999549314,2.6177999970968813,70.08469999709632,2.2809999936725944
DynamicOnly_B10,JILONG_EI_0009,1290,B10,70;24;101;26;56;180;94;68;210;148;178;58;199;28;91;141;192;155;3,0.1,19,122,19,0.210305457497071,,False,0.9029335634167384,,,,,,19,0,55.99470000015572,2.5954000011552125,71.07530000212137,3.151500000967644
DynamicOnly_B10,JILONG_EI_0009,1300,B10,70;24;101;26;56;94;180;68;148;210;178;58;199;28;91;141;192;155;50,0.1,19,122,19,0.2100068151710301,,False,0.9037963761863675,,,,,,19,0,56.15160000161268,3.3613999985391274,70.04370000504423,2.237799999420531
DynamicOnly_B10,JILONG_EI_0009,1310,B10,70;24;101;26;56;94;180;68;148;210;178;62;58;199;28;91;141;192;155,0.1,19,123,19,0.2139887128515747,,False,0.9118528027385536,,,,,,19,0,55.38479999813717,3.9529000059701502,70.72509999852628,2.3646999907214195
DynamicOnly_B10,JILONG_EI_0009,1320,B10,70;24;101;26;94;56;180;68;148;210;178;62;58;199;28;91;192;155;50,0.1,19,123,19,0.212533788699068,,False,0.9084296106118956,,,,,,19,0,55.69580000883434,2.9746999935014173,69.92259999969974,2.192899992223829
DynamicOnly_B10,JILONG_EI_0009,1330,B10,70;24;101;26;94;56;180;68;148;210;178;58;199;28;2;91;192;155;203,0.1,19,123,19,0.2082915361701801,,False,0.9054343175010696,,,,,,19,0,54.2313999903854,3.010200001881458,70.66699999268167,2.2179000079631805
DynamicOnly_B10,JILONG_EI_0009,1340,B10,70;24;101;94;26;56;180;68;148;210;178;58;2;199;28;141;91;192;155,0.1,19,122,19,0.2093329555635533,,False,0.9098360655737704,,,,,,19,0,56.37849999766331,3.1439000013051555,70.03750000149012,2.240400004666298
DynamicOnly_B10,JILONG_EI_0009,1350,B10,70;24;101;94;26;56;180;68;148;210;178;58;199;28;192;91;155;141;50,0.1,19,121,19,0.2100068151710301,,False,0.9021313614615052,,,,,,19,0,54.24719999427907,3.024100005859509,69.88109998928849,2.260299996123649
DynamicOnly_B10,JILONG_EI_0009,1360,B10,70;24;101;94;26;56;180;68;148;210;178;58;199;28;91;192;155;141;50,0.1,19,121,19,0.2100068151710301,,False,0.9016963897346674,,,,,,19,0,54.448900002171285,3.1826000049477443,69.67609999992419,2.3652999952901155
DynamicOnly_B10,JILONG_EI_0009,1370,B10,70;24;101;94;26;56;180;68;148;210;178;58;199;28;91;192;141;155;50,0.1,19,121,19,0.2100068151710301,,False,0.9016963897346671,,,,,,19,0,55.02420000266284,2.684499995666556,69.97739999496844,2.22679998842068
DynamicOnly_B10,JILONG_EI_0009,1380,B10,70;24;101;94;26;56;180;68;148;210;178;62;58;199;28;141;91;50;192,0.1,19,122,19,0.2115536292700109,,False,0.9085418464193268,,,,,,19,0,55.96710000827443,3.383399991434999,70.14950001030229,2.891100011765957
DynamicOnly_B10,JILONG_EI_0009,1390,B10,70;24;101;94;26;56;180;68;148;210;62;178;58;2;199;28;141;91;192,0.1,19,123,19,0.2108797696625341,,False,0.9062901155327344,,,,,,19,0,54.71250000118744,2.591099997516721,70.51489999867044,2.3379000049317256
DynamicOnly_B10,JILONG_EI_0009,1400,B10,70;24;101;94;26;56;180;68;148;210;178;58;199;141;28;91;192;155;60,0.1,19,121,19,0.2183381703180157,,False,0.903871248368856,,,,,,19,0,54.187700006878,2.934599993750453,70.08969999151304,2.2292000066954643
DynamicOnly_B10,JILONG_EI_0009,1410,B10,70;24;101;94;26;56;180;68;148;210;178;58;199;2;28;141;91;192;203,0.1,19,123,19,0.207311376741123,,False,0.9080017115960636,,,,,,19,0,54.03370001295116,2.99799999629613,70.35220001125708,2.2754000092390925
DynamicOnly_B10,JILONG_EI_0009,1420,B10,70;24;101;94;26;56;180;68;148;210;62;178;58;199;141;28;203;91;192,0.1,19,123,19,0.2119671340291444,,False,0.9127086007702184,,,,,,19,0,55.290500007686205,2.5618999934522435,69.92140000511426,2.2529999987455085
DynamicOnly_B10,JILONG_EI_0009,1430,B10,70;24;101;94;26;56;180;68;148;210;62;178;58;199;2;28;141;91;192,0.1,19,124,19,0.2108797696625341,,False,0.9142614601018676,,,,,,19,0,54.560999997192994,2.6537999947322533,70.11609998880886,2.3224000033224
DynamicOnly_B10,JILONG_EI_0009,1440,B10,70;24;101;94;26;56;180;68;148;210;62;178;58;141;199;28;91;203;192,0.1,19,123,19,0.2119671340291444,,False,0.9118528027385536,,,,,,19,0,57.127899999613874,2.689999993890524,71.33609999436885,3.2543999986955896
DynamicOnly_B10,JILONG_EI_0019,10,B10,78;252;14;44;5;141;206;46;83;202;112;89;91;32;166;160;40;192;117,0.1,19,128,19,0.1087900391298022,,False,0.8935032894736842,,,,,,19,0,54.1261000034865,2.620700004626997,70.95540000591427,2.741399992373772
DynamicOnly_B10,JILONG_EI_0019,20,B10,77;79;141;14;46;42;174;252;44;128;231;23;32;202;176;89;70;101;206,0.1,19,126,19,0.1178411988575016,,False,0.887218045112782,,,,,,19,0,54.67240000143647,2.598299994133413,70.90020000759978,2.2793999960413203
DynamicOnly_B10,JILONG_EI_0019,30,B10,77;79;141;44;55;42;99;144;252;91;13;46;32;241;166;5;119;105;85,0.1,19,124,19,0.1176727339556324,,False,0.8438030560271649,,,,,,19,0,54.85670000780374,2.5925999943865463,70.66130000748672,2.8795999969588597
DynamicOnly_B10,JILONG_EI_0019,40,B10,77;79;166;84;44;42;106;119;252;112;55;46;74;174;24;32;50;141;172,0.1,19,124,19,0.1053824536147207,,False,0.8450764006791173,,,,,,19,0,54.70680000144057,2.60540000454057,70.42209999053739,2.9876000044168904
DynamicOnly_B10,JILONG_EI_0019,50,B10,61;93;79;14;121;28;206;141;99;19;42;85;112;55;87;90;5;66;172,0.1,19,120,19,0.1075342098613227,,False,0.8600877192982456,,,,,,19,0,54.960099994787015,2.546300005633384,70.49509999342263,2.72170000243932
DynamicOnly_B10,JILONG_EI_0019,60,B10,61;93;79;42;29;141;206;5;91;176;55;172;135;251;88;32;174;86;117,0.1,19,120,19,0.1193726979654034,,False,0.8539473684210527,,,,,,19,0,55.50829999265261,2.6249000075040385,71.58920000074431,2.280599990626797
DynamicOnly_B10,JILONG_EI_0019,70,B10,60;79;93;29;27;141;89;91;70;32;56;66;252;25;218;34;117;120;172,0.1,19,121,19,0.1352696587054238,,False,0.8338408003479775,,,,,,19,0,54.50650000420865,2.68099999811966,70.19949999812525,2.221400005510077
DynamicOnly_B10,JILONG_EI_0019,80,B10,44;77;79;46;14;42;141;218;56;172;34;32;252;101;135;87;89;91;66,0.1,19,121,19,0.1235383755388962,,False,0.8281861678990865,,,,,,19,0,54.57949999254197,2.6230000075884163,69.93820000207052,2.5301999994553626
DynamicOnly_B10,JILONG_EI_0019,90,B10,28;61;79;93;14;206;42;141;252;49;10;120;56;89;174;91;86;36;155,0.1,19,119,19,0.1188213582865587,,False,0.8120300751879699,,,,,,19,0,54.851399996550754,2.696499999728985,70.44690000475384,2.2470999974757437
DynamicOnly_B10,JILONG_EI_0019,100,B10,28;61;93;79;26;141;91;70;190;120;89;252;14;49;57;176;5;51;117,0.1,19,118,19,0.1327043976996883,,False,0.8086529884032115,,,,,,19,0,54.7554999939166,2.628400005050935,70.96040000033099,2.2661999973934144
DynamicOnly_B10,JILONG_EI_0019,110,B10,28;60;79;93;26;141;252;206;91;56;32;89;70;120;172;20;117;176;229,0.1,19,118,19,0.13158640335092,,False,0.8269402319357717,,,,,,19,0,54.89110000780784,2.725999991525896,70.49730001017451,2.2689000034006312
DynamicOnly_B10,JILONG_EI_0019,120,B10,28;60;93;79;252;26;90;55;32;14;206;202;88;4;135;141;229;66;86,0.1,19,118,19,0.1195564778583516,,False,0.8238180196253345,,,,,,19,0,55.09909999091178,3.104400006122887,71.04229999822564,2.395100003923289
DynamicOnly_B10,JILONG_EI_0019,130,B10,27;61;93;79;14;251;101;25;202;55;32;176;104;58;141;229;171;112;5,0.1,19,117,19,0.1378885221799358,,False,0.8205128205128205,,,,,,19,0,54.54240000108257,2.6624000020092358,70.62299999233801,2.309700008481741
DynamicOnly_B10,JILONG_EI_0019,140,B10,27;79;61;93;25;202;252;101;14;89;55;141;176;91;57;174;112;229;32,0.1,19,118,19,0.1362038731612438,,False,0.8300624442462089,,,,,,19,0,55.34700000134762,2.7105000044684857,71.36469999386463,2.281199995195493
DynamicOnly_B10,JILONG_EI_0019,150,B10,27;61;93;25;29;202;101;252;55;106;229;32;211;112;87;132;170;74;3,0.1,19,117,19,0.1594826596013507,,False,0.8146648672964462,,,,,,19,0,54.46650000521913,2.681300000404008,72.52570000127889,3.1473000126425177
DynamicOnly_B10,JILONG_EI_0019,160,B10,26;28;60;78;40;101;235;106;32;232;3;70;203;14;206;211;88;229;170,0.1,19,116,19,0.1711833127857203,,False,0.8044464609800362,,,,,,19,0,54.57070001284592,2.8882999904453754,70.11190000048373,2.302399996551685
DynamicOnly_B10,JILONG_EI_0019,170,B10,26;58;28;60;78;40;106;232;186;101;235;4;229;70;32;211;112;179;200,0.1,19,115,19,0.1806709497591717,,False,0.8022883295194508,,,,,,19,0,54.63810000219382,2.930600006948225,69.92160000663716,2.3175000096671283
DynamicOnly_B10,JILONG_EI_0019,180,B10,25;27;58;45;77;56;106;232;101;229;186;70;99;112;132;218;179;103;32,0.1,19,114,19,0.1711220528214042,,False,0.8028624192059095,,,,,,19,0,54.552500005229376,3.256700001657009,70.56670000019949,2.292199991643429
DynamicOnly_B10,JILONG_EI_0019,190,B10,25;27;45;78;58;101;56;70;106;233;202;88;229;99;179;36;3;251;132,0.1,19,115,19,0.1770872418466816,,False,0.7881006864988558,,,,,,19,0,54.78510000102688,2.8541999927256256,70.35029999678954,2.3841000074753538
DynamicOnly_B10,JILONG_EI_0019,200,B10,25;27;60;78;56;101;89;58;29;99;186;87;216;229;251;5;160;121;50,0.1,19,114,19,0.136778185326707,,False,0.7950138504155124,,,,,,19,0,54.976400002487935,2.7203999925404787,70.30699998722412,2.339300001040101
DynamicOnly_B10,JILONG_EI_0019,210,B10,24;26;28;56;60;94;101;88;58;90;216;186;51;99;229;251;160;70;135,0.1,19,115,19,0.1538773728664303,,False,0.8064073226544622,,,,,,19,0,54.55659999279305,2.67869999515824,71.29419999546371,2.484800003003329
DynamicOnly_B10,JILONG_EI_0019,220,B10,24;26;56;28;60;94;101;88;233;58;251;50;70;106;99;135;155;20;201,0.1,19,115,19,0.1533030607009671,,False,0.7990846681922197,,,,,,19,0,55.3933000046527,2.714799993555061,69.97120000596624,3.1750999914947897
DynamicOnly_B10,JILONG_EI_0019,230,B10,40;26;45;101;88;94;58;251;233;70;91;50;160;201;215;135;99;155;36,0.1,19,115,19,0.1468171619790031,,False,0.7844393592677347,,,,,,19,0,56.85530000482686,2.675600000657141,71.41020000563003,2.347699992242269
DynamicOnly_B10,JILONG_EI_0019,240,B10,40;26;101;94;28;60;88;58;251;70;135;233;51;219;91;209;3;206;99,0.1,19,117,19,0.1521850663521988,,False,0.7984705353126405,,,,,,19,0,54.751200004830025,3.046800004085526,70.71329999598674,2.275399994687177
DynamicOnly_B10,JILONG_EI_0019,250,B10,55;41;27;23;101;94;45;88;251;51;135;233;99;219;91;155;133;201;3,0.1,19,118,19,0.1451784579335482,,False,0.7743086529884031,,,,,,19,0,55.97479999414645,2.727700004470534,72.051899987855,2.256499996292405
DynamicOnly_B10,JILONG_EI_0019,260,B10,55;26;24;101;77;45;88;58;251;135;36;233;99;133;3;90;219;155;112,0.1,19,118,19,0.1404690981767503,,False,0.7725245316681534,,,,,,19,0,55.512799997814,2.635199998621829,70.83039999997709,2.257700005429797
DynamicOnly_B10,JILONG_EI_0019,270,B10,55;25;27;101;60;94;23;29;58;88;251;135;36;232;133;90;155;99;112,0.1,19,118,19,0.1448491856253493,,False,0.7899197145405887,,,,,,19,0,54.96169999241829,2.577200008090585,71.9431000034092,3.096100001130253
DynamicOnly_B10,JILONG_EI_0019,280,B10,26;55;24;101;77;45;58;135;251;88;133;232;51;99;90;112;32;155;144,0.1,19,117,19,0.1428812092716956,,False,0.7678812415654521,,,,,,19,0,54.54989999998361,2.579299994977191,71.45950000267476,2.857100000255741
DynamicOnly_B10,JILONG_EI_0019,290,B10,26;40;71;101;60;94;28;58;133;251;36;89;135;232;112;99;144;32;66,0.1,19,118,19,0.1659609008277752,,False,0.7832292595896521,,,,,,19,0,55.99360000633169,2.595500001916662,71.51169999269769,3.2873999880393967
DynamicOnly_B10,JILONG_EI_0019,300,B10,26;40;71;101;94;60;28;58;133;251;105;135;32;232;144;99;112;51;155,0.1,19,118,19,0.165310013706917,,False,0.7796610169491526,,,,,,19,0,55.191200008266605,2.6027999992948025,71.19349999993574,2.27719999384135
DynamicOnly_B10,JILONG_EI_0019,310,B10,60;26;40;70;101;94;28;133;58;251;72;135;105;32;232;144;99;240;155,0.1,19,119,19,0.1778070464273954,,False,0.7934542237947809,,,,,,19,0,56.266999992658384,2.660199999809265,71.90199999604374,2.7473000081954524
DynamicOnly_B10,JILONG_EI_0019,320,B10,40;26;60;70;101;94;28;133;58;72;135;105;32;36;172;240;144;232;99,0.1,19,119,19,0.1818884915499536,,False,0.7943387881468376,,,,,,19,0,54.552600005990826,2.701000004890375,70.05179999396205,2.2591999877477065
DynamicOnly_B10,JILONG_EI_0019,330,B10,40;26;101;70;60;94;28;133;58;135;72;90;32;240;144;176;232;36;99,0.1,19,119,19,0.1801425825669456,,False,0.792127377266696,,,,,,19,0,54.28929999470711,2.878200000850484,69.44450001174118,2.246300005936064
DynamicOnly_B10,JILONG_EI_0019,340,B10,40;26;101;70;60;94;28;133;58;72;135;90;32;176;240;36;180;144;232,0.1,19,118,19,0.1954499161504238,,False,0.7970561998215878,,,,,,19,0,54.16829999012407,2.7062000008299947,70.28249998984393,2.237799999420531
DynamicOnly_B10,JILONG_EI_0019,350,B10,40;26;70;101;60;94;28;133;58;135;72;176;32;90;180;240;46;36;172,0.1,19,118,19,0.195603066061214,,False,0.7975022301516503,,,,,,19,0,54.652499995427206,2.6889000000664964,70.48819999909028,2.331900002900511
DynamicOnly_B10,JILONG_EI_0019,360,B10,40;26;70;101;60;94;28;133;58;135;180;32;72;90;176;240;218;232;36,0.1,19,118,19,0.1941021969354703,,False,0.7961641391614629,,,,,,19,0,54.827399988425896,2.664800005732104,71.29399999394082,2.301200001966208
DynamicOnly_B10,JILONG_EI_0019,370,B10,40;26;70;101;60;94;28;133;58;180;32;135;72;176;90;240;206;36;218,0.1,19,119,19,0.1941787718908653,,False,0.8053958425475453,,,,,,19,0,54.74639999738429,3.254199997172691,72.86210000165738,3.248399996664375
DynamicOnly_B10,JILONG_EI_0019,380,B10,40;70;26;60;101;28;93;133;58;180;72;32;135;176;90;240;218;36;172,0.1,19,119,19,0.1849897772434547,,False,0.8045112781954886,,,,,,19,0,55.221699993126094,2.8030999965267256,70.37260000652168,2.4225999950431287
DynamicOnly_B10,JILONG_EI_0019,390,B10,40;70;26;60;101;28;94;133;180;58;72;32;135;176;90;172;240;218;36,0.1,19,118,19,0.1953580262039497,,False,0.8166815343443354,,,,,,19,0,54.52479999803472,3.075800006627105,70.13829999777954,2.2274000075412914
DynamicOnly_B10,JILONG_EI_0019,400,B10,40;70;26;60;101;28;78;133;180;72;58;32;135;90;176;240;206;218;172,0.1,19,118,19,0.2012542977693715,,False,0.8157894736842105,,,,,,19,0,55.01090000325348,2.577399995061569,70.41739999840502,2.251699988846667
DynamicOnly_B10,JILONG_EI_0019,410,B10,70;40;26;60;101;28;78;133;180;72;58;190;32;135;90;176;240;218;252,0.1,19,119,19,0.2011547503273579,,False,0.8222025652366209,,,,,,19,0,54.78950000542682,2.66100000590086,70.1651999988826,2.199000009568408
DynamicOnly_B10,JILONG_EI_0019,420,B10,70;40;26;60;101;28;78;180;133;72;58;32;135;252;90;176;218;240;172,0.1,19,118,19,0.2010475453898048,,False,0.8189116859946476,,,,,,19,0,55.20010000327602,2.544500006479211,70.45900000957772,2.912199997808784
DynamicOnly_B10,JILONG_EI_0019,430,B10,70;40;26;60;101;28;72;180;133;78;58;32;252;135;90;218;176;240;172,0.1,19,118,19,0.2010475453898048,,False,0.8247100802854594,,,,,,19,0,54.542900004889816,2.6406999968457967,70.23610000032932,2.267600008053705
DynamicOnly_B10,JILONG_EI_0019,440,B10,70;40;26;101;60;28;72;180;133;78;58;32;190;252;135;218;176;90;172,0.1,19,120,19,0.1823402837867846,,False,0.8350877192982457,,,,,,19,0,55.29660001047887,2.57580001198221,69.78829999570735,2.287000010255724
DynamicOnly_B10,JILONG_EI_0019,450,B10,70;40;26;101;60;28;72;180;133;78;58;32;252;135;218;90;176;172;240,0.1,19,119,19,0.2010475453898048,,False,0.8319327731092436,,,,,,19,0,54.33879999327473,2.6097999943885952,70.28729999728967,2.24760000128299
DynamicOnly_B10,JILONG_EI_0019,460,B10,70;40;26;101;60;72;28;180;133;78;58;32;252;135;218;90;176;172;232,0.1,19,119,19,0.1809772495807521,,False,0.8337019018133569,,,,,,19,0,54.38359999970999,2.7168000087840483,69.92259999969974,2.219899994088337
DynamicOnly_B10,JILONG_EI_0019,470,B10,70;40;26;101;72;60;28;180;133;78;58;252;32;135;218;172;176;90;232,0.1,19,119,19,0.1809772495807521,,False,0.8328173374613003,,,,,,19,0,54.297799986670725,2.595900004962459,70.198999994318,2.2622999968007207
DynamicOnly_B10,JILONG_EI_0019,480,B10,70;40;26;72;101;60;28;180;133;78;58;252;32;135;218;172;90;176;232,0.1,19,119,19,0.1809772495807521,,False,0.8345864661654134,,,,,,19,0,54.5027000043774,2.651700007845648,70.14049999997951,2.247299998998642
DynamicOnly_B10,JILONG_EI_0019,490,B10,70;40;26;72;101;60;180;28;133;78;58;252;32;172;135;218;90;232;176,0.1,19,119,19,0.1809772495807521,,False,0.8376824413976116,,,,,,19,0,54.988999996567145,2.592500008177012,70.75079999049194,2.2800000006100163
DynamicOnly_B10,JILONG_EI_0019,500,B10,70;40;26;72;101;60;180;28;133;78;58;252;32;218;135;172;90;210;176,0.1,19,120,19,0.2036970388464748,,False,0.8355263157894738,,,,,,19,0,56.451900003594346,2.5774999958230183,72.32330000260845,4.294300000765361
DynamicOnly_B10,JILONG_EI_0019,510,B10,70;40;72;26;101;60;180;28;133;78;58;252;32;218;135;190;172;210;90,0.1,19,121,19,0.205113675521284,,False,0.8408003479773815,,,,,,19,0,54.69150000135414,2.561499990406446,70.57179999537766,2.2573000023839995
DynamicOnly_B10,JILONG_EI_0019,520,B10,70;72;40;26;101;180;60;28;93;133;58;252;32;218;135;172;210;90;68,0.1,19,121,19,0.1912153211170754,,False,0.8360156589821661,,,,,,19,0,54.42100000800565,2.7611999976215884,70.73549999040551,2.299900006619282
DynamicOnly_B10,JILONG_EI_0019,530,B10,70;72;40;26;180;101;60;28;133;78;190;58;252;32;14;218;135;172;210,0.1,19,121,19,0.2057722201376817,,False,0.845150065245759,,,,,,19,0,54.920000009587966,2.6180999993812293,70.5902000045171,2.25650001084432
DynamicOnly_B10,JILONG_EI_0019,540,B10,70;72;40;26;180;101;60;93;28;133;58;252;32;135;218;172;210;90;68,0.1,19,121,19,0.1912153211170754,,False,0.8338408003479775,,,,,,19,0,54.7245999914594,2.7461999998195097,71.30480000341777,2.5286000018240884
DynamicOnly_B10,JILONG_EI_0019,550,B10,70;72;40;26;180;101;60;28;133;94;58;252;190;32;218;135;172;210;68,0.1,19,122,19,0.2031993016364068,,False,0.8425366695427093,,,,,,19,0,54.21580000256654,3.1989999988581985,70.39350000559352,2.261400004499592
DynamicOnly_B10,JILONG_EI_0019,560,B10,70;72;40;26;180;101;60;28;133;78;58;252;32;218;135;172;210;68;3,0.1,19,121,19,0.2134909756415066,,False,0.841670291431057,,,,,,19,0,54.45270000200253,3.126299998257309,70.57280000299215,2.349400005186908
DynamicOnly_B10,JILONG_EI_0019,570,B10,70;72;40;26;180;101;60;28;93;133;58;252;32;218;135;172;68;210;3,0.1,19,122,19,0.1921112480951979,,False,0.8429680759275238,,,,,,19,0,53.98929999500979,2.7670999988913536,70.2311000059126,2.220499998657033
DynamicOnly_B10,JILONG_EI_0019,580,B10,70;72;40;26;180;101;93;60;28;133;58;252;32;218;135;172;210;68;3,0.1,19,122,19,0.1921112480951979,,False,0.8455565142364107,,,,,,19,0,54.923100004089065,2.625099994475022,69.98549999843817,2.2471999982371926
DynamicOnly_B10,JILONG_EI_0019,590,B10,70;72;40;26;180;101;93;60;28;133;58;252;32;218;135;68;172;3;210,0.1,19,122,19,0.1921112480951979,,False,0.8459879206212253,,,,,,19,0,54.54860000463668,2.556499995989725,70.09600001038052,2.895199999329634
DynamicOnly_B10,JILONG_EI_0019,600,B10,70;72;40;26;180;101;93;60;28;133;58;252;32;218;135;3;68;172;210,0.1,19,122,19,0.1921112480951979,,False,0.8472821397756688,,,,,,19,0,54.80749999696855,3.567500010831281,71.64140000531916,3.0055000097490847
DynamicOnly_B10,JILONG_EI_0019,610,B10,70;72;40;26;180;101;60;93;28;133;58;252;32;218;135;3;68;199;210,0.1,19,122,19,0.1914833334609582,,False,0.8507333908541848,,,,,,19,0,55.06020000029821,2.936400007456541,69.87320000189357,2.249700002721511
DynamicOnly_B10,JILONG_EI_0019,620,B10,70;72;40;26;180;101;60;93;133;28;58;252;32;68;218;135;3;199;210,0.1,19,122,19,0.1914833334609582,,False,0.8524590163934425,,,,,,19,0,54.9108000122942,2.7630999975372106,69.9871999968309,2.253700004075654
DynamicOnly_B10,JILONG_EI_0019,630,B10,70;72;40;26;180;101;60;93;133;28;68;58;252;32;218;135;3;199;210,0.1,19,122,19,0.1914833334609582,,False,0.8584987057808454,,,,,,19,0,55.95599999651313,3.144100002828054,70.4157000000123,2.3475000052712858
DynamicOnly_B10,JILONG_EI_0019,640,B10,70;72;40;26;180;101;60;93;133;28;68;58;252;32;218;135;3;199;210,0.1,19,122,19,0.1914833334609582,,False,0.8632441760138049,,,,,,19,0,54.83979999553412,3.3944000024348497,70.62539999606088,2.261800007545389
DynamicOnly_B10,JILONG_EI_0019,650,B10,70;72;40;26;180;101;60;93;133;68;28;58;190;32;252;218;3;135;199,0.1,19,123,19,0.170126578401268,,False,0.876337184424476,,,,,,19,0,54.54989999998361,2.7325999981258065,71.12290000077337,2.2600999946007505
DynamicOnly_B10,JILONG_EI_0019,660,B10,70;72;40;26;180;101;60;93;68;133;28;58;32;252;218;3;135;199;147,0.1,19,122,19,0.1688860641238676,,False,0.86755823986195,,,,,,19,0,56.74419998831581,2.6117999950656667,71.57830000505783,3.044700002647005
DynamicOnly_B10,JILONG_EI_0019,670,B10,70;72;40;26;180;101;60;93;68;133;28;58;32;252;218;3;147;135;199,0.1,19,122,19,0.1688860641238676,,False,0.8731665228645383,,,,,,19,0,54.642999995849095,2.660099999047816,69.85580000036862,2.2059000039007515
DynamicOnly_B10,JILONG_EI_0019,680,B10,70;72;26;40;180;101;60;68;93;133;28;58;32;252;218;3;147;199;135,0.1,19,122,19,0.1688860641238676,,False,0.8697152717860225,,,,,,19,0,55.30330000328832,2.555099999881349,69.67849998909514,2.330399991478771
DynamicOnly_B10,JILONG_EI_0019,690,B10,72;70;26;40;180;101;60;68;93;133;28;58;32;252;218;3;147;199;135,0.1,19,122,19,0.1688860641238676,,False,0.8779119930974978,,,,,,19,0,54.77959998825099,2.5333000085083768,70.69530000444502,2.255300001706928
DynamicOnly_B10,JILONG_EI_0019,700,B10,72;70;40;26;180;101;68;60;93;133;28;58;32;252;147;218;3;199;135,0.1,19,122,19,0.1688860641238676,,False,0.8761863675582399,,,,,,19,0,55.35389999567997,2.806900010909885,70.64409999293275,2.497499997843988
DynamicOnly_B10,JILONG_EI_0019,710,B10,72;70;40;180;26;101;68;60;93;133;28;58;32;252;147;3;218;199;135,0.1,19,122,19,0.1688860641238676,,False,0.8805004314063849,,,,,,19,0,55.61489998945035,2.6482000102987517,70.41080000635702,3.4930000110762194
DynamicOnly_B10,JILONG_EI_0019,720,B10,72;70;40;180;26;101;68;60;93;133;28;58;32;147;3;218;199;135;172,0.1,19,121,19,0.1702720708165187,,False,0.8742931709438888,,,,,,19,0,54.00129999907222,2.595300000393763,70.45260000450071,2.2339999995892867
DynamicOnly_B10,JILONG_EI_0019,730,B10,72;70;40;180;26;101;68;60;93;133;28;58;32;147;3;218;199;135;172,0.1,19,121,19,0.1702720708165187,,False,0.8786428882122662,,,,,,19,0,55.02770000020973,2.641400002175942,70.46030000492465,2.306000009411946
DynamicOnly_B10,JILONG_EI_0019,740,B10,72;70;40;180;26;101;68;60;93;133;28;58;190;147;32;3;218;199;135,0.1,19,122,19,0.1703792757540718,,False,0.8869715271786023,,,,,,19,0,54.35570000554435,2.954800002044067,71.36349999927916,2.309499992406927
DynamicOnly_B10,JILONG_EI_0019,750,B10,72;70;40;180;26;101;68;60;93;133;28;58;190;147;3;32;218;199;135,0.1,19,122,19,0.1703792757540718,,False,0.8899913718723037,,,,,,19,0,55.10579999827314,2.818900000420399,71.80770000559278,2.3609999916516244
DynamicOnly_B10,JILONG_EI_0019,760,B10,72;70;40;180;26;101;68;60;93;133;28;58;147;3;32;199;218;135;232,0.1,19,121,19,0.1690162415480393,,False,0.8786428882122662,,,,,,19,0,54.87079999875277,2.6288999943062663,71.04979999712668,2.257800006191246
DynamicOnly_B10,JILONG_EI_0019,770,B10,72;70;26;40;180;101;68;60;93;133;58;28;190;147;3;199;32;218;135,0.1,19,122,19,0.1703792757540718,,False,0.8938740293356341,,,,,,19,0,55.52710000483785,2.6667000056477264,70.77719998778775,2.3533000057796016
DynamicOnly_B10,JILONG_EI_0019,780,B10,70;72;26;40;180;101;68;60;93;133;58;28;147;3;199;218;32;135;232,0.1,19,121,19,0.1690162415480393,,False,0.8834275772074814,,,,,,19,0,54.76300000736956,2.537100008339621,72.05309999699239,3.146899995044805
DynamicOnly_B10,JILONG_EI_0019,790,B10,70;72;40;26;180;101;68;60;93;133;58;28;147;3;199;218;32;135;232,0.1,19,121,19,0.1690162415480393,,False,0.884297520661157,,,,,,19,0,55.25220000708941,2.601499989395961,70.57740000891499,2.359700010856613
DynamicOnly_B10,JILONG_EI_0019,800,B10,70;72;40;26;180;101;68;60;93;133;58;28;147;199;3;218;32;135;232,0.1,19,121,19,0.1690162415480393,,False,0.8851674641148325,,,,,,19,0,54.02460000186693,2.612500000395812,71.25039999664295,3.0501000001095235
DynamicOnly_B10,JILONG_EI_0019,810,B10,72;70;40;26;180;101;68;60;93;133;58;28;147;199;3;218;32;135;232,0.1,19,121,19,0.1690162415480393,,False,0.8873423227490213,,,,,,19,0,54.74940000567585,3.501300001516938,70.14849998813588,2.2510999988298863
DynamicOnly_B10,JILONG_EI_0019,820,B10,72;70;40;26;101;180;68;60;93;133;58;28;190;147;199;3;218;32;135,0.1,19,122,19,0.1703792757540718,,False,0.8964624676445211,,,,,,19,0,54.84470000374131,3.028400009498,69.49840000015683,2.2462000051746145
DynamicOnly_B10,JILONG_EI_0019,830,B10,72;70;40;26;101;180;68;60;93;133;58;28;147;199;3;218;32;135;232,0.1,19,121,19,0.1690162415480393,,False,0.886472379295346,,,,,,19,0,54.113399994093925,2.577599996584468,70.05609999760054,2.245199997560121
DynamicOnly_B10,JILONG_EI_0019,840,B10,72;70;40;101;26;180;61;68;93;133;58;28;147;199;3;218;32;135;232,0.1,19,121,19,0.1823096538046266,,False,0.8834275772074814,,,,,,19,0,54.11359999561682,2.6769000105559826,69.95419999293517,2.2188000002643093
DynamicOnly_B10,JILONG_EI_0019,850,B10,72;70;101;40;26;180;68;93;60;133;58;28;199;147;3;218;32;135;232,0.1,19,121,19,0.1690162415480393,,False,0.887777294475859,,,,,,19,0,54.55950000032317,2.6951000036206096,70.01670000317972,2.363499996135942
DynamicOnly_B10,JILONG_EI_0019,860,B10,72;70;101;40;26;180;68;93;60;133;58;199;28;147;3;218;32;135;232,0.1,19,121,19,0.1690162415480393,,False,0.8899521531100477,,,,,,19,0,54.42499999480788,2.604799999971874,70.11729999794625,2.222999988589436
DynamicOnly_B10,JILONG_EI_0019,870,B10,72;70;101;40;26;180;68;93;60;133;58;199;28;190;147;3;218;32;135,0.1,19,122,19,0.1703792757540718,,False,0.8977566867989646,,,,,,19,0,54.4750999979442,2.635800003190525,70.82480000099167,2.243300012196414
DynamicOnly_B10,JILONG_EI_0019,880,B10,72;70;101;40;26;180;68;93;60;133;58;199;28;147;3;218;32;135;232,0.1,19,121,19,0.1690162415480393,,False,0.8903871248368853,,,,,,19,0,55.22460000065621,2.9439000063575804,70.65109998802654,2.257499989354983
DynamicOnly_B10,JILONG_EI_0019,890,B10,72;70;101;40;26;180;68;93;60;133;58;199;28;147;3;218;32;135;232,0.1,19,121,19,0.1690162415480393,,False,0.8908220965637232,,,,,,19,0,54.2593999998644,2.8406000055838376,70.02440000360366,2.250100005767308
DynamicOnly_B10,JILONG_EI_0019,900,B10,72;70;101;40;26;180;68;93;60;133;58;199;190;28;147;3;218;32;135,0.1,19,122,19,0.1703792757540718,,False,0.8990509059534082,,,,,,19,0,54.84949999663513,2.782900002785027,69.93069998861756,2.3308999952860177
DynamicOnly_B10,JILONG_EI_0019,910,B10,72;70;101;40;26;180;68;93;60;133;199;58;28;147;3;218;32;135;232,0.1,19,121,19,0.1690162415480393,,False,0.8908220965637232,,,,,,19,0,54.09860001236666,2.6341000047978014,69.95419999293517,2.214100008131936
DynamicOnly_B10,JILONG_EI_0019,920,B10,72;70;101;40;26;180;68;93;60;133;199;58;28;147;3;190;218;32;135,0.1,19,122,19,0.1703792757540718,,False,0.9003451251078517,,,,,,19,0,54.44939999142662,2.521999995224178,70.34529998782091,2.3068000009516254
DynamicOnly_B10,JILONG_EI_0019,930,B10,72;70;101;40;26;180;68;93;60;133;199;58;28;147;3;218;32;135;155,0.1,19,121,19,0.171795912428881,,False,0.8899521531100477,,,,,,19,0,55.119399999966845,3.371300001163036,70.59420000587124,2.252400008728728
DynamicOnly_B10,JILONG_EI_0019,940,B10,72;70;101;40;26;180;68;93;60;133;58;199;28;147;3;190;218;32;135,0.1,19,122,19,0.1703792757540718,,False,0.899913718723037,,,,,,19,0,54.31900000257883,2.5947999965865165,70.61499998962972,2.187900012359023
DynamicOnly_B10,JILONG_EI_0019,950,B10,72;70;101;40;26;180;68;93;60;133;58;199;28;147;3;218;32;135;155,0.1,19,121,19,0.171795912428881,,False,0.8912570682905611,,,,,,19,0,54.41399999835994,2.59649999497924,70.06700000783894,2.2833999973954637
DynamicOnly_B10,JILONG_EI_0019,960,B10,72;70;101;40;26;180;68;93;60;133;58;199;28;147;3;218;32;135;155,0.1,19,121,19,0.171795912428881,,False,0.8921270117442367,,,,,,19,0,58.44760000763927,3.682299997308292,69.67450000229292,2.6307999942218885
DynamicOnly_B10,JILONG_EI_0019,970,B10,72;70;101;40;26;180;68;93;60;133;58;199;190;28;147;3;218;32;135,0.1,19,122,19,0.1703792757540718,,False,0.9012079378774804,,,,,,19,0,55.61870000383351,2.548400007071905,70.39330000407062,2.294500009156764
DynamicOnly_B10,JILONG_EI_0019,980,B10,72;70;101;40;26;180;68;93;60;133;58;199;28;147;3;218;32;135;155,0.1,19,121,19,0.171795912428881,,False,0.8916920400173991,,,,,,19,0,56.97849999705795,2.6606000028550625,70.82770000852179,2.439300005789846
DynamicOnly_B10,JILONG_EI_0019,990,B10,72;70;101;40;26;180;68;93;60;133;58;199;28;147;3;218;32;135;155,0.1,19,121,19,0.171795912428881,,False,0.8916920400173989,,,,,,19,0,56.6699999908451,2.815200001350604,73.192800002289,2.557699990575202
DynamicOnly_B10,JILONG_EI_0019,1000,B10,72;70;101;40;26;180;68;93;60;133;58;199;28;147;3;190;218;32;135,0.1,19,122,19,0.1703792757540718,,False,0.8968938740293355,,,,,,19,0,55.28030000277795,3.61960000009276,70.65690000308678,2.257700005429797
DynamicOnly_B10,JILONG_EI_0019,1010,B10,72;70;101;40;26;180;68;93;60;133;199;58;28;3;147;218;32;135;155,0.1,19,121,19,0.171795912428881,,False,0.8921270117442367,,,,,,19,0,55.10759999742732,2.562900001066737,70.81019999168348,2.223600007710047
DynamicOnly_B10,JILONG_EI_0019,1020,B10,72;70;101;40;26;180;93;68;60;133;199;58;28;3;147;218;32;155;135,0.1,19,121,19,0.171795912428881,,False,0.8899521531100479,,,,,,19,0,54.04899999848567,2.994499998749234,70.13749999168795,2.2591000015381724
DynamicOnly_B10,JILONG_EI_0019,1030,B10,72;70;101;40;26;180;93;68;60;133;199;58;28;3;147;218;32;155;135,0.1,19,121,19,0.171795912428881,,False,0.8921270117442365,,,,,,19,0,53.95180000050459,2.5985000102082267,70.42940000246745,2.2912999993423
DynamicOnly_B10,JILONG_EI_0019,1040,B10,72;70;101;40;26;180;93;68;60;133;199;58;28;3;147;218;32;190;155,0.1,19,122,19,0.1710684503526276,,False,0.8955996548748922,,,,,,19,0,54.57209999440238,2.715499998885207,72.10239999403711,3.33590000809636
DynamicOnly_B10,JILONG_EI_0019,1050,B10,72;70;101;40;26;180;93;68;133;60;199;58;28;190;3;147;218;32;155,0.1,19,122,19,0.1710684503526276,,False,0.8990509059534082,,,,,,19,0,54.2390000045998,3.199700004188344,69.95109999843407,2.2210000024642795
DynamicOnly_B10,JILONG_EI_0019,1060,B10,72;70;101;40;26;180;93;68;133;60;199;58;28;3;147;218;32;155;135,0.1,19,121,19,0.171795912428881,,False,0.8916920400173989,,,,,,19,0,54.17000000306871,3.067400000873022,70.22389999474399,2.195199995185249
DynamicOnly_B10,JILONG_EI_0019,1070,B10,72;70;101;40;26;180;93;68;60;133;199;58;28;3;147;218;32;155;135,0.1,19,121,19,0.171795912428881,,False,0.8929969551979122,,,,,,19,0,54.87550000543706,3.5399000043980777,70.02369999827351,2.268399999593385
DynamicOnly_B10,JILONG_EI_0019,1080,B10,72;70;101;40;26;180;93;68;60;133;199;58;28;3;147;218;32;155;119,0.1,19,121,19,0.1694220888116332,,False,0.8934319269247498,,,,,,19,0,54.17230000603013,2.5971000140998517,71.53959998686332,2.991000001202337
DynamicOnly_B10,JILONG_EI_0019,1090,B10,72;70;101;40;26;180;93;68;60;133;58;199;28;3;147;218;32;155;119,0.1,19,121,19,0.1694220888116332,,False,0.8943018703784253,,,,,,19,0,55.80139999801759,3.3604000054765493,69.73840000864584,3.010200001881458
DynamicOnly_B10,JILONG_EI_0019,1100,B10,72;70;101;40;26;180;93;68;60;133;199;58;28;3;147;218;32;155;119,0.1,19,121,19,0.1694220888116332,,False,0.8947368421052632,,,,,,19,0,54.43200000445359,2.688799999305047,71.02010000380687,2.1880999993300065
DynamicOnly_B10,JILONG_EI_0019,1110,B10,72;70;101;40;26;180;93;68;60;133;58;199;28;3;147;218;190;32;155,0.1,19,122,19,0.1710684503526276,,False,0.9007765314926665,,,,,,19,0,54.27449999842793,2.6470000011613597,70.70090000343043,2.280200002132915
DynamicOnly_B10,JILONG_EI_0019,1120,B10,72;70;101;40;26;180;93;68;133;60;199;58;28;3;147;218;32;155;119,0.1,19,121,19,0.1694220888116332,,False,0.8956067855589385,,,,,,19,0,54.63009999948554,2.908499998738989,70.1491000072565,2.198500005761161
DynamicOnly_B10,JILONG_EI_0019,1130,B10,72;70;101;40;26;180;93;68;60;133;58;199;28;3;147;218;32;155;119,0.1,19,121,19,0.1694220888116332,,False,0.8956067855589387,,,,,,19,0,54.73629999323748,2.5464999926043674,71.18389999959618,2.298099992913194
DynamicOnly_B10,JILONG_EI_0019,1140,B10,72;70;101;40;26;93;180;68;60;133;58;199;28;3;147;218;32;155;119,0.1,19,121,19,0.1694220888116332,,False,0.8938668986515876,,,,,,19,0,54.55970000184607,2.642299994477071,69.9767000041902,2.2945999953662977
DynamicOnly_B10,JILONG_EI_0019,1150,B10,72;70;101;40;26;93;180;68;60;133;58;199;28;3;147;218;32;155;119,0.1,19,121,19,0.1694220888116332,,False,0.8956067855589385,,,,,,19,0,54.76569999882486,2.715099995839409,71.79679999535438,3.0895000090822577
DynamicOnly_B10,JILONG_EI_0019,1160,B10,72;70;101;40;26;93;180;68;60;133;58;199;3;28;147;218;32;155;119,0.1,19,121,19,0.1694220888116332,,False,0.8956067855589387,,,,,,19,0,55.69229999673553,2.57650000276044,69.99390000419226,2.29800000670366
DynamicOnly_B10,JILONG_EI_0019,1170,B10,72;70;101;40;26;93;180;68;60;133;58;199;3;28;147;218;32;155;119,0.1,19,121,19,0.1694220888116332,,False,0.8938668986515876,,,,,,19,0,55.755699999281205,3.9142000023275614,70.08209999185055,2.8523000073619187
DynamicOnly_B10,JILONG_EI_0019,1180,B10,72;70;101;40;26;93;180;68;60;133;58;199;3;28;147;218;32;155;119,0.1,19,121,19,0.1694220888116332,,False,0.8964767290126141,,,,,,19,0,53.868799994234,2.527899996493943,69.95540000207257,2.990900000440888
DynamicOnly_B10,JILONG_EI_0019,1190,B10,72;70;101;40;26;93;180;68;60;133;58;199;3;28;147;218;32;155;178,0.1,19,121,19,0.1764593272124419,,False,0.8969117007394518,,,,,,19,0,53.88680000032764,2.576900005806237,70.27900000684895,3.2023000094341114
DynamicOnly_B10,JILONG_EI_0019,1200,B10,72;70;101;40;26;93;180;68;133;60;58;199;3;28;178;218;147;32;155,0.1,19,121,19,0.1764593272124419,,False,0.8999565028273162,,,,,,19,0,54.28169999504462,2.8916000010212883,71.21179999376182,2.326999994693324
DynamicOnly_B10,JILONG_EI_0019,1210,B10,72;70;101;40;26;93;180;68;133;60;58;199;178;3;28;218;147;190;32,0.1,19,122,19,0.1750426905376327,,False,0.9029335634167384,,,,,,19,0,54.95809999410994,3.3573999971849844,71.16370000585448,2.231500009656884
DynamicOnly_B10,JILONG_EI_0019,1220,B10,72;70;101;40;93;26;180;68;60;133;58;199;178;3;28;218;147;32;155,0.1,19,121,19,0.1764593272124419,,False,0.9008264462809916,,,,,,19,0,54.667499993229285,2.849600001354702,70.42760000331327,2.34910000290256
DynamicOnly_B10,JILONG_EI_0019,1230,B10,72;70;101;40;93;26;180;68;133;60;58;199;178;3;28;190;218;147;32,0.1,19,122,19,0.1750426905376327,,False,0.9050905953408108,,,,,,19,0,55.07159999979194,2.79210000007879,70.68220000655856,2.254399994853884
DynamicOnly_B10,JILONG_EI_0019,1240,B10,72;70;101;40;93;26;180;68;133;60;58;199;178;3;28;218;32;147;155,0.1,19,121,19,0.1764593272124419,,False,0.9016963897346671,,,,,,19,0,54.70890000287909,2.7995999989798293,70.61830000020564,3.144000002066605
DynamicOnly_B10,JILONG_EI_0019,1250,B10,70;101;72;40;93;26;180;68;133;58;60;199;178;3;28;218;32;155;147,0.1,19,121,19,0.1764593272124419,,False,0.9003914745541539,,,,,,19,0,54.96379999385681,2.6104999997187406,72.18639999337029,3.191499999957159
DynamicOnly_B10,JILONG_EI_0019,1260,B10,70;101;72;40;93;26;180;68;133;60;58;178;199;3;28;32;155;147;218,0.1,19,121,19,0.1764593272124419,,False,0.8995215311004784,,,,,,19,0,55.03869999665767,2.8357999981381,70.46820000687148,2.254000006360002
DynamicOnly_B10,JILONG_EI_0019,1270,B10,70;101;72;40;93;26;180;68;133;178;60;58;199;3;28;32;155;147;218,0.1,19,121,19,0.1764593272124419,,False,0.8995215311004784,,,,,,19,0,54.65689999982715,3.270899993367493,70.28369999898132,2.2541999933309853
DynamicOnly_B10,JILONG_EI_0019,1280,B10,70;101;72;40;93;26;180;68;133;178;60;58;199;3;28;32;155;218;147,0.1,19,121,19,0.1764593272124419,,False,0.8995215311004784,,,,,,19,0,54.57229999592528,3.206700013834052,70.52949999342673,2.294800011441112
DynamicOnly_B10,JILONG_EI_0019,1290,B10,70;101;72;40;93;26;180;68;133;178;58;60;199;3;28;32;155;218;147,0.1,19,122,19,0.1764593272124419,,False,0.8964624676445211,,,,,,19,0,55.0134000077378,3.044600001885556,69.82649999554269,2.2446999937528744
DynamicOnly_B10,JILONG_EI_0019,1300,B10,70;101;72;40;93;26;180;68;178;133;58;60;199;3;155;32;28;218;147,0.1,19,122,19,0.1764593272124419,,False,0.89732528041415,,,,,,19,0,54.45609999878798,3.030200008652173,69.98090000706725,2.2655999928247184
DynamicOnly_B10,JILONG_EI_0019,1310,B10,70;101;72;40;93;26;180;68;178;133;58;60;199;3;155;32;28;218;147,0.1,19,122,19,0.1764593272124419,,False,0.8968938740293355,,,,,,19,0,54.350499995052814,2.842900008545257,70.08900000073481,2.3681000020587817
DynamicOnly_B10,JILONG_EI_0019,1320,B10,72;70;101;40;93;26;180;68;178;133;58;60;199;3;155;32;28;218;190,0.1,19,123,19,0.1776998414898423,,False,0.8994437312794182,,,,,,19,0,54.87609999545384,2.959500008728355,72.92779999261256,3.26620000123512
DynamicOnly_B10,JILONG_EI_0019,1330,B10,72;70;101;40;93;26;180;178;68;133;58;60;199;3;155;218;32;28;147,0.1,19,122,19,0.1764593272124419,,False,0.8973252804141502,,,,,,19,0,54.55290000827517,2.689400003873743,70.46210000407882,3.457200000411831
DynamicOnly_B10,JILONG_EI_0019,1340,B10,72;70;101;40;93;26;180;178;68;133;58;60;199;3;155;32;218;28;147,0.1,19,122,19,0.1764593272124419,,False,0.8955996548748922,,,,,,19,0,54.54800000006799,3.419699991354719,70.24600000295322,2.272299985634163
DynamicOnly_B10,JILONG_EI_0019,1350,B10,70;72;101;40;93;26;178;180;68;133;58;60;199;3;155;218;32;28;147,0.1,19,122,19,0.1764593272124419,,False,0.8977566867989646,,,,,,19,0,54.00779999035876,3.1389999930979684,69.59889999416191,2.2154999896883965
DynamicOnly_B10,JILONG_EI_0019,1360,B10,70;72;101;40;93;178;26;180;68;133;58;60;199;3;218;155;32;28;147,0.1,19,122,19,0.1764593272124419,,False,0.8973252804141502,,,,,,19,0,54.228900000453,2.9474000039044768,70.04020000749733,2.1779999951832
DynamicOnly_B10,JILONG_EI_0019,1370,B10,70;72;101;40;93;178;26;180;68;133;58;60;199;3;155;218;32;28;147,0.1,19,122,19,0.1764593272124419,,False,0.8955996548748922,,,,,,19,0,54.848999992827885,2.666999993380159,69.89870000688825,2.268099997309037
DynamicOnly_B10,JILONG_EI_0019,1380,B10,70;72;101;40;93;26;180;178;68;133;58;60;199;3;218;155;32;28;147,0.1,19,122,19,0.1764593272124419,,False,0.8964624676445213,,,,,,19,0,54.69440000888426,3.61960000009276,71.03350000397768,2.39730000612326
DynamicOnly_B10,JILONG_EI_0019,1390,B10,70;72;101;40;93;26;178;180;68;133;60;58;199;3;155;32;218;28;147,0.1,19,122,19,0.1764593272124419,,False,0.8960310612597067,,,,,,19,0,55.04710000241175,2.616199999465607,70.2274000068428,2.2616000060224906
DynamicOnly_B10,JILONG_EI_0019,1400,B10,70;72;101;40;93;26;178;180;68;133;58;60;199;3;155;32;28;218;147,0.1,19,123,19,0.1764593272124419,,False,0.893025246041934,,,,,,19,0,54.707300005247816,2.617700010887347,69.88759999512695,2.264399998239241
DynamicOnly_B10,JILONG_EI_0019,1410,B10,70;72;101;40;93;26;178;180;68;133;58;60;199;3;155;32;218;28;147,0.1,19,123,19,0.1764593272124419,,False,0.8934531450577662,,,,,,19,0,55.34400000760797,2.5716000091051683,69.94100000883918,2.212799998233095
DynamicOnly_B10,JILONG_EI_0019,1420,B10,70;72;101;40;93;26;178;180;68;133;58;60;199;3;155;32;218;28;147,0.1,19,123,19,0.1764593272124419,,False,0.8973042362002568,,,,,,19,0,55.23659999016672,3.376299995579757,69.97030001366511,2.219300004071556
DynamicOnly_B10,JILONG_EI_0019,1430,B10,70;72;101;40;93;26;178;180;68;133;58;60;199;3;32;155;218;28;112,0.1,19,123,19,0.1767349970518642,,False,0.8990158322635858,,,,,,19,0,55.03610000596382,2.590100004454144,70.53060000180267,2.2942999930819497
DynamicOnly_B10,JILONG_EI_0019,1440,B10,70;72;101;40;93;26;178;180;68;133;58;203;60;199;3;32;155;28;112,0.1,19,124,19,0.1767349970518642,,False,0.8989813242784382,,,,,,19,0,55.67310001060832,2.651500006322749,72.00790000206325,2.3734999995213
DynamicOnly_B10,JILONG_EI_0029,10,B10,78;252;14;206;44;192;46;5;166;32;128;141;83;121;202;91;34;40;174,0.1,19,128,19,0.0911854568844713,,False,0.8943256578947368,,,,,,19,0,54.97759999707341,2.932500006863848,70.29340000008233,2.238799992483109
DynamicOnly_B10,JILONG_EI_0029,20,B10,77;206;79;141;46;174;14;42;252;32;128;44;5;202;192;121;166;83;23,0.1,19,127,19,0.0784357268111891,,False,0.9009531703273932,,,,,,19,0,55.05749999429099,2.601400003186427,70.57709999207873,2.3194999957922846
DynamicOnly_B10,JILONG_EI_0029,30,B10,77;141;79;206;44;55;99;42;14;144;252;91;32;176;174;121;46;166;5,0.1,19,126,19,0.0992947446608112,,False,0.862155388471178,,,,,,19,0,55.10420000064187,2.6024999970104545,70.43550000526011,2.249299999675713
DynamicOnly_B10,JILONG_EI_0029,40,B10,77;79;44;206;166;42;84;174;252;32;112;24;141;46;106;50;172;74;55,0.1,19,126,19,0.1057423559050776,,False,0.8646616541353382,,,,,,19,0,54.93230000138283,2.6846000109799206,70.69849999970756,2.2696999949403107
DynamicOnly_B10,JILONG_EI_0029,50,B10,61;93;79;14;206;121;166;141;28;99;85;112;42;172;19;5;56;32;50,0.1,19,124,19,0.102135675505969,,False,0.8794567062818337,,,,,,19,0,54.83049999747891,2.604299996164628,70.40340000821743,2.2166999988257885
DynamicOnly_B10,JILONG_EI_0029,60,B10,61;93;79;42;29;141;83;172;5;166;88;91;190;176;55;49;203;120;86,0.1,19,123,19,0.1030928624484076,,False,0.8660676080445014,,,,,,19,0,54.50500000733882,2.7249999984633178,71.17840000137221,2.2912999993423
DynamicOnly_B10,JILONG_EI_0029,70,B10,60;79;93;29;27;141;166;32;70;91;252;56;25;34;218;89;132;120;66,0.1,19,124,19,0.1305602989486258,,False,0.8365874363327673,,,,,,19,0,54.3556000047829,3.0624000064563006,70.24830000591464,2.257499989354983
DynamicOnly_B10,JILONG_EI_0029,80,B10,44;77;79;46;14;42;218;141;32;34;101;172;252;209;147;206;231;87;56,0.1,19,123,19,0.1234694580790406,,False,0.8421052631578947,,,,,,19,0,54.38350001350045,2.6016000047093257,70.00979999429546,2.224899988505058
DynamicOnly_B10,JILONG_EI_0029,90,B10,28;61;93;79;14;206;141;26;49;252;99;57;155;91;203;120;55;209;86,0.1,19,121,19,0.1387921066535978,,False,0.82557633753806,,,,,,19,0,55.088399996748194,2.6685999910114333,70.81649999599904,2.309100003913045
DynamicOnly_B10,JILONG_EI_0029,100,B10,28;61;26;93;79;206;141;91;14;70;252;99;49;5;120;166;176;203;56,0.1,19,120,19,0.1240590852355828,,False,0.8429824561403508,,,,,,19,0,54.64080000820104,2.5925999943865463,70.51530000171624,2.2538999910466373
DynamicOnly_B10,JILONG_EI_0029,110,B10,28;60;79;93;26;141;252;206;32;56;166;91;203;20;34;99;70;88;117,0.1,19,121,19,0.1313337059981162,,False,0.8373205741626794,,,,,,19,0,54.51519999769516,2.64690000039991,70.37519999721553,2.762899996014312
DynamicOnly_B10,JILONG_EI_0029,120,B10,28;60;79;93;252;26;90;32;55;14;88;4;202;135;166;121;141;86;35,0.1,19,121,19,0.1185916334203735,,False,0.8242714223575467,,,,,,19,0,54.34789998980705,2.6325999933760613,70.42420000652783,2.908700000261888
DynamicOnly_B10,JILONG_EI_0029,130,B10,27;76;45;78;14;235;101;202;25;55;32;166;176;141;58;112;90;5;174,0.1,19,119,19,0.1286382675682091,,False,0.8350287483414417,,,,,,19,0,56.0257999895839,2.5774999958230183,70.57239999994636,2.896400008467026
DynamicOnly_B10,JILONG_EI_0029,140,B10,27;61;93;25;252;202;101;29;141;166;34;55;89;176;57;91;112;174;233,0.1,19,119,19,0.127658108139152,,False,0.8328173374613002,,,,,,19,0,55.31659998814576,2.630300004966557,72.03359999402892,3.4121999924536794
DynamicOnly_B10,JILONG_EI_0029,150,B10,27;93;61;25;29;101;252;202;121;32;211;112;55;3;176;172;166;170;90,0.1,19,118,19,0.1444739683439134,,False,0.8251561106155219,,,,,,19,0,54.532099995412864,2.6116000080946837,70.23630000185221,2.274900005431846
DynamicOnly_B10,JILONG_EI_0029,160,B10,26;28;60;78;40;101;32;70;3;232;112;203;252;211;121;166;14;170;90,0.1,19,117,19,0.1689549815837232,,False,0.8277103013945118,,,,,,19,0,54.5259999926202,2.574900005129166,69.92690000333823,3.0918999982532114
DynamicOnly_B10,JILONG_EI_0029,170,B10,26;58;28;60;78;40;106;232;186;101;32;112;218;70;4;211;88;179;166,0.1,19,116,19,0.1771408443154581,,False,0.8203266787658803,,,,,,19,0,54.8885999887716,2.5790999934542924,71.62060000700876,3.893399989465252
DynamicOnly_B10,JILONG_EI_0029,180,B10,25;27;58;60;78;56;101;88;29;106;70;99;232;32;229;218;132;179;186,0.1,19,116,19,0.176130054904243,,False,0.8212341197822143,,,,,,19,0,54.696499995770864,2.554399994551204,70.296200006851,2.248799995868467
DynamicOnly_B10,JILONG_EI_0029,190,B10,25;27;60;78;58;101;29;56;70;88;106;202;233;99;229;119;179;32;251,0.1,19,116,19,0.1621934130223369,,False,0.8144283121597096,,,,,,19,0,54.75450000085402,2.6153999933740124,71.31300000764895,2.2385000047506765
DynamicOnly_B10,JILONG_EI_0029,200,B10,41;27;45;77;101;88;55;99;186;90;119;229;160;216;251;36;50;4;172,0.1,19,117,19,0.1285004326484979,,False,0.8034188034188032,,,,,,19,0,54.73650000931229,2.6008999993791804,70.29780000448227,2.208899997640401
DynamicOnly_B10,JILONG_EI_0029,210,B10,24;26;28;56;60;88;94;101;58;99;119;216;50;90;186;141;70;36;160,0.1,19,118,19,0.1508143746506267,,False,0.8322925958965209,,,,,,19,0,54.85080000653397,2.6388000114820898,71.29809999605641,3.016100003151223
DynamicOnly_B10,JILONG_EI_0029,220,B10,40;26;88;28;101;60;94;58;106;251;70;119;232;50;99;52;166;186;155,0.1,19,117,19,0.1463806847332511,,False,0.8016194331983805,,,,,,19,0,54.38220000360161,3.027600003406405,70.34149998798966,2.408500004094094
DynamicOnly_B10,JILONG_EI_0029,230,B10,40;26;101;28;60;94;88;58;251;70;119;172;112;186;233;99;209;52;219,0.1,19,119,19,0.1516337266733542,,False,0.8098186643078283,,,,,,19,0,55.24019998847507,3.410400007851422,71.25490000180434,2.2329000057652597
DynamicOnly_B10,JILONG_EI_0029,240,B10,56;25;23;27;101;94;60;88;70;58;251;29;135;186;172;99;233;219;112,0.1,19,120,19,0.1360583807459932,,False,0.8276315789473684,,,,,,19,0,54.6256999950856,2.615899997181259,70.63349999953061,2.285499998833984
DynamicOnly_B10,JILONG_EI_0029,250,B10,56;24;26;101;28;60;94;70;88;58;233;251;135;99;206;112;186;172;35,0.1,19,121,19,0.145415840295273,,False,0.8133971291866028,,,,,,19,0,55.73379999259487,2.712500005145557,72.86109999404289,2.322200001799501
DynamicOnly_B10,JILONG_EI_0029,260,B10,55;41;23;27;101;94;60;29;88;251;206;233;66;186;135;32;112;148;172,0.1,19,121,19,0.1418091598961643,,False,0.7959982601130927,,,,,,19,0,54.96570000832435,2.569099990068935,70.26380000752397,3.26840000343509
DynamicOnly_B10,JILONG_EI_0029,270,B10,55;26;24;101;28;60;94;14;58;251;206;186;88;119;32;112;148;233;36,0.1,19,122,19,0.151044099516812,,False,0.8119068162208801,,,,,,19,0,54.70409999543335,2.577399995061569,69.8880999989342,2.2507999965455383
DynamicOnly_B10,JILONG_EI_0029,280,B10,55;26;101;24;60;28;94;58;251;88;206;186;32;148;66;119;112;232;141,0.1,19,121,19,0.1501252000520709,,False,0.799043062200957,,,,,,19,0,55.43619999662042,2.609100003610365,70.33880001108628,2.227000004495494
DynamicOnly_B10,JILONG_EI_0029,290,B10,40;26;101;71;28;60;94;14;58;251;148;206;32;36;186;105;119;141;144,0.1,19,122,19,0.1651645212916663,,False,0.8084555651423642,,,,,,19,0,54.47079999430571,2.899700004491024,70.4779000079725,3.0804999987594783
DynamicOnly_B10,JILONG_EI_0029,300,B10,40;26;101;71;28;60;94;58;148;32;251;186;206;36;144;105;46;176;66,0.1,19,122,19,0.1677604122795598,,False,0.8032786885245903,,,,,,19,0,54.61899998772424,2.586600006907247,70.10420000005979,2.744099998380989
DynamicOnly_B10,JILONG_EI_0029,310,B10,40;26;101;70;28;60;94;72;58;148;32;186;251;206;105;144;176;36;240,0.1,19,122,19,0.1821565038938364,,False,0.8127696289905091,,,,,,19,0,55.1495999970939,2.6095000066561624,70.42390000424348,2.2696999949403107
DynamicOnly_B10,JILONG_EI_0029,320,B10,40;26;70;101;60;28;94;72;148;58;32;186;105;251;206;176;144;240;218,0.1,19,122,19,0.1777228139764608,,False,0.810181190681622,,,,,,19,0,55.32459999085404,2.799800000502728,70.79669999075122,2.2281000128714368
DynamicOnly_B10,JILONG_EI_0029,330,B10,26;40;101;60;28;70;94;148;72;58;32;186;105;176;251;180;240;218;206,0.1,19,122,19,0.1921035905996584,,False,0.8123382226056947,,,,,,19,0,54.257900002994575,2.889399998821318,69.70829999772832,2.2726000024704263
DynamicOnly_B10,JILONG_EI_0029,340,B10,40;26;101;70;60;28;94;148;14;58;72;32;186;180;176;105;251;218;240,0.1,19,122,19,0.1924328629078573,,False,0.816220880069025,,,,,,19,0,54.555000009713694,2.972699992824346,70.17269999778364,2.265400005853735
DynamicOnly_B10,JILONG_EI_0029,350,B10,56;26;70;101;60;28;24;94;148;14;58;32;180;186;176;218;240;105;20,0.1,19,122,19,0.1989800215941374,,False,0.8209663503019845,,,,,,19,0,55.79909999505617,2.6466999988770112,70.8608999993885,2.212000006693416
DynamicOnly_B10,JILONG_EI_0029,360,B10,56;26;60;70;101;28;24;93;148;14;180;58;32;186;176;105;218;240;210,0.1,19,122,19,0.2080235238262973,,False,0.821397756686799,,,,,,19,0,54.182100007892586,2.6025000115623698,72.13450000563171,3.221899998607114
DynamicOnly_B10,JILONG_EI_0029,370,B10,56;26;70;60;101;28;24;94;148;180;58;32;190;186;176;218;240;105;210,0.1,19,122,19,0.2193489597292309,,False,0.8265746333045729,,,,,,19,0,54.390999997849576,2.6071000029332936,70.04990000859834,2.2284000006038696
DynamicOnly_B10,JILONG_EI_0029,380,B10,56;70;26;60;101;28;94;24;180;148;32;58;190;186;176;218;240;105;210,0.1,19,123,19,0.2193489597292309,,False,0.830979888746256,,,,,,19,0,54.22669999825303,2.653300005476922,69.91500000003725,2.257799991639331
DynamicOnly_B10,JILONG_EI_0029,390,B10,56;70;26;60;101;28;24;180;94;148;32;14;58;190;186;176;218;240;210,0.1,19,123,19,0.2195710270998767,,False,0.8322635857937527,,,,,,19,0,53.98630000127014,3.188599992427044,70.39559999248013,2.285099995788187
DynamicOnly_B10,JILONG_EI_0029,400,B10,56;70;26;60;101;28;24;180;78;148;32;58;186;190;176;210;218;240;252,0.1,19,123,19,0.2300464809979248,,False,0.8314077877620881,,,,,,19,0,54.66829999932088,3.153699988615699,70.39309998799581,2.289500000188127
DynamicOnly_B10,JILONG_EI_0029,410,B10,56;70;26;60;101;28;24;180;78;148;240;32;252;58;186;176;190;210;218,0.1,19,123,19,0.2300464809979248,,False,0.839109970047069,,,,,,19,0,55.32290000701323,2.795799999148585,71.93719998758752,2.256299994769506
DynamicOnly_B10,JILONG_EI_0029,420,B10,56;70;26;60;101;28;24;180;78;148;32;252;58;186;176;210;190;218;51,0.1,19,124,19,0.2160485791517026,,False,0.8387096774193548,,,,,,19,0,54.53259999922011,2.5864999915938824,70.16780000412837,2.186799989431165
DynamicOnly_B10,JILONG_EI_0029,430,B10,56;70;26;60;101;28;24;180;78;148;32;252;58;186;176;210;218;190;90,0.1,19,124,19,0.2097234878360683,,False,0.8395585738539899,,,,,,19,0,54.52649999642745,2.7643999928841367,70.02339999598917,2.2311000066110864
DynamicOnly_B10,JILONG_EI_0029,440,B10,56;70;60;26;101;28;180;24;148;78;32;252;58;186;210;218;176;190;90,0.1,19,124,19,0.2097234878360683,,False,0.8387096774193549,,,,,,19,0,54.08050000551157,2.945000000181608,70.26670000050217,2.315599995199591
DynamicOnly_B10,JILONG_EI_0029,450,B10,56;70;26;60;101;28;180;24;148;78;32;252;58;186;210;218;176;190;135,0.1,19,124,19,0.212066681471158,,False,0.8425297113752123,,,,,,19,0,55.20599998999387,2.6379000046290457,70.40270000288729,2.2584999969694763
DynamicOnly_B10,JILONG_EI_0029,460,B10,56;70;26;60;101;28;180;24;148;78;32;252;58;186;210;218;176;135;51,0.1,19,124,19,0.216776041227956,,False,0.8425297113752123,,,,,,19,0,54.742299995268695,2.6480999949853867,70.34510000084992,2.951699992991053
DynamicOnly_B10,JILONG_EI_0029,470,B10,56;70;26;60;101;28;180;24;14;148;94;32;252;58;186;210;218;135;176,0.1,19,125,19,0.2000980159429057,,False,0.8522105263157895,,,,,,19,0,54.647500001010485,2.569999996921979,71.64329999068286,2.2748000046703964
DynamicOnly_B10,JILONG_EI_0029,480,B10,56;70;26;60;101;180;28;24;148;78;32;14;252;58;186;210;218;135;176,0.1,19,125,19,0.2111094945287194,,False,0.8530526315789473,,,,,,19,0,54.70609999611042,2.5624000118114054,70.54440000501927,2.216100008809008
DynamicOnly_B10,JILONG_EI_0029,490,B10,56;70;26;60;101;180;28;24;148;78;32;252;58;186;218;210;190;135;176,0.1,19,125,19,0.212066681471158,,False,0.8522105263157895,,,,,,19,0,54.49520000547636,2.631199997267686,70.84639999084175,2.2800000006100163
DynamicOnly_B10,JILONG_EI_0029,500,B10,56;70;26;60;180;101;28;24;148;78;32;252;58;186;210;218;135;176;155,0.1,19,125,19,0.2134833181459672,,False,0.8505263157894735,,,,,,19,0,54.45619999954943,3.0673000001115724,70.7259999908274,2.2756999969715253
DynamicOnly_B10,JILONG_EI_0029,510,B10,56;70;60;26;180;101;28;24;148;78;32;252;58;186;210;218;135;176;155,0.1,19,125,19,0.2134833181459672,,False,0.8496842105263157,,,,,,19,0,55.79049998777919,3.599400006351061,71.47989999793936,2.7248999977018684
DynamicOnly_B10,JILONG_EI_0029,520,B10,56;70;26;60;180;101;28;24;148;252;32;78;58;186;210;218;135;51;176,0.1,19,125,19,0.216776041227956,,False,0.8492631578947368,,,,,,19,0,55.02290000731591,2.693100002943538,70.52239999757148,3.3260999916819856
DynamicOnly_B10,JILONG_EI_0029,530,B10,56;70;26;180;60;24;101;28;148;78;252;32;58;186;210;218;135;51;176,0.1,19,125,19,0.216776041227956,,False,0.8517894736842105,,,,,,19,0,54.44480000005569,2.631900002597831,70.94759999017697,2.251600002637133
DynamicOnly_B10,JILONG_EI_0029,540,B10,56;70;26;180;60;101;28;24;148;78;252;32;58;186;210;218;51;135;91,0.1,19,125,19,0.2182615953626207,,False,0.8530526315789475,,,,,,19,0,54.1291999979876,2.587599999969825,70.19310000760015,2.2388000070350245
DynamicOnly_B10,JILONG_EI_0029,550,B10,56;70;26;180;101;60;28;24;148;78;58;32;252;186;210;218;135;68;178,0.1,19,125,19,0.2263555681478815,,False,0.8522105263157895,,,,,,19,0,54.412800003774464,3.372300008777529,70.18910000624601,2.2551000001840293
DynamicOnly_B10,JILONG_EI_0029,560,B10,56;70;26;180;101;60;28;24;148;94;58;32;252;186;218;210;51;135;178,0.1,19,125,19,0.2125720761767656,,False,0.8522105263157895,,,,,,19,0,53.943699997034855,2.6815000019269064,71.0893999930704,2.2555000032298267
DynamicOnly_B10,JILONG_EI_0029,570,B10,56;70;26;180;101;60;28;94;24;148;58;32;252;186;210;218;178;51;135,0.1,19,125,19,0.2125720761767656,,False,0.8597894736842104,,,,,,19,0,54.449000002932735,2.715399998123757,71.48400000005495,2.346699999179691
DynamicOnly_B10,JILONG_EI_0029,580,B10,70;56;26;180;101;60;28;24;148;58;78;32;252;186;210;51;218;178;91,0.1,19,125,19,0.2229250101461816,,False,0.8618947368421054,,,,,,19,0,54.61520000244491,3.0919999990146607,70.62249998853076,2.359900012379512
DynamicOnly_B10,JILONG_EI_0029,590,B10,70;56;26;180;101;60;28;24;148;58;78;252;32;186;210;218;178;51;155,0.1,19,125,19,0.2242727293611351,,False,0.8627368421052631,,,,,,19,0,55.05080000148155,2.641699989908375,70.78520000504795,2.261499990709126
DynamicOnly_B10,JILONG_EI_0029,600,B10,70;56;24;26;180;101;60;28;94;148;252;58;32;186;210;178;51;218;155,0.1,19,125,19,0.2132612507753214,,False,0.8694736842105263,,,,,,19,0,55.1125000056345,2.551300000050105,69.52930000261404,2.477499991073273
DynamicOnly_B10,JILONG_EI_0029,610,B10,70;56;26;180;101;60;28;24;148;252;58;78;210;32;186;178;218;68;3,0.1,19,125,19,0.2249083014909143,,False,0.8686315789473685,,,,,,19,0,54.52629999490455,2.58169999870006,70.46989999071229,2.401799996732734
DynamicOnly_B10,JILONG_EI_0029,620,B10,70;56;26;180;101;28;60;24;94;148;252;58;210;186;32;218;178;3;68,0.1,19,125,19,0.2138968229051006,,False,0.8736842105263158,,,,,,19,0,55.3935000061756,3.4527000098023564,69.92439999885391,2.2234999923966825
DynamicOnly_B10,JILONG_EI_0029,630,B10,70;56;26;180;101;60;28;24;148;210;78;252;58;186;32;178;218;3;68,0.1,19,125,19,0.2249083014909143,,False,0.8749473684210526,,,,,,19,0,54.13340000086464,3.0020999984117225,70.1790000020992,2.2415999992517754
DynamicOnly_B10,JILONG_EI_0029,640,B10,70;56;26;180;101;60;28;24;210;148;252;58;78;186;32;3;218;68;178,0.1,19,125,19,0.2249083014909143,,False,0.8757894736842106,,,,,,19,0,55.34379999153316,2.9531999898608774,70.38969999121036,2.366700005950406
DynamicOnly_B10,JILONG_EI_0029,650,B10,70;56;26;180;101;60;28;24;94;210;148;252;58;186;32;178;3;218;68,0.1,19,125,19,0.2138968229051006,,False,0.880421052631579,,,,,,19,0,54.54480000480544,2.774499997030944,70.23959999787621,2.228900004411116
DynamicOnly_B10,JILONG_EI_0029,660,B10,70;56;26;180;101;60;24;28;210;148;58;252;78;186;32;3;178;218;155,0.1,19,125,19,0.2188435650236233,,False,0.8787368421052633,,,,,,19,0,54.71470000338741,2.6166000025114045,70.42200000432786,2.291100012371317
DynamicOnly_B10,JILONG_EI_0029,670,B10,70;56;26;101;180;60;24;28;210;148;78;58;252;186;32;3;178;218;155,0.1,19,125,19,0.2188435650236233,,False,0.8812631578947369,,,,,,19,0,55.04629999632016,2.6104999997187406,69.60120001167525,2.280799992149696
DynamicOnly_B10,JILONG_EI_0029,680,B10,70;56;101;26;180;60;24;28;210;148;58;78;252;186;32;3;178;218;155,0.1,19,125,19,0.2188435650236233,,False,0.8795789473684212,,,,,,19,0,54.08469999383669,2.578500003437512,70.40590001270175,2.260499997646548
DynamicOnly_B10,JILONG_EI_0029,690,B10,70;56;101;26;180;60;24;94;28;210;148;58;252;186;14;32;3;178;218,0.1,19,125,19,0.2054582628205619,,False,0.8875789473684211,,,,,,19,0,55.00780000875238,2.647500004968606,70.17830001132097,2.869399992050603
DynamicOnly_B10,JILONG_EI_0029,700,B10,70;56;101;26;180;60;24;210;28;78;148;58;186;252;32;3;178;218;155,0.1,19,125,19,0.2188435650236233,,False,0.8858947368421053,,,,,,19,0,55.01709999225568,2.583299996331334,71.04140000592452,3.3648000098764896
DynamicOnly_B10,JILONG_EI_0029,710,B10,70;56;101;26;180;60;24;210;28;148;78;58;186;252;32;3;178;218;155,0.1,19,125,19,0.2188435650236233,,False,0.8829473684210526,,,,,,19,0,55.19910001021344,2.592400007415563,70.6480999942869,2.313300006790086
DynamicOnly_B10,JILONG_EI_0029,720,B10,70;56;101;26;180;60;24;210;28;148;58;78;186;252;32;3;178;218;155,0.1,19,125,19,0.2188435650236233,,False,0.8875789473684211,,,,,,19,0,55.177899994305335,2.625699999043718,72.49340000271332,3.0637000018032268
DynamicOnly_B10,JILONG_EI_0029,730,B10,70;56;101;26;180;60;24;210;28;78;148;58;186;252;32;3;178;218;155,0.1,19,125,19,0.2188435650236233,,False,0.8863157894736842,,,,,,19,0,55.16269999498036,4.153799993218854,70.47859999875072,2.268099997309037
DynamicOnly_B10,JILONG_EI_0029,740,B10,70;56;101;26;180;24;210;60;28;148;58;78;186;252;32;3;178;218;155,0.1,19,125,19,0.2188435650236233,,False,0.8896842105263157,,,,,,19,0,55.15190000005532,2.608199996757321,70.73599999421276,2.2709000040777028
DynamicOnly_B10,JILONG_EI_0029,750,B10,70;56;101;26;180;210;24;60;78;28;148;58;186;252;32;3;178;218;155,0.1,19,125,19,0.2188435650236233,,False,0.8896842105263157,,,,,,19,0,54.930500002228655,2.616400000988506,70.97810000414029,3.1893999985186383
DynamicOnly_B10,JILONG_EI_0029,760,B10,70;56;101;26;180;210;24;60;28;148;78;58;186;252;32;3;178;218;155,0.1,19,124,19,0.2188435650236233,,False,0.8883701188455009,,,,,,19,0,54.76379999890924,2.7421999984653667,71.91969999985304,3.00319999223575
DynamicOnly_B10,JILONG_EI_0029,770,B10,70;56;101;26;180;210;24;60;78;28;148;58;186;178;252;32;3;155;218,0.1,19,124,19,0.2188435650236233,,False,0.8883701188455009,,,,,,19,0,54.6671000047354,2.674099989235401,69.90509999741334,2.228899989859201
DynamicOnly_B10,JILONG_EI_0029,780,B10,70;56;101;26;180;210;24;60;28;148;78;58;186;178;252;32;3;218;155,0.1,19,123,19,0.2188435650236233,,False,0.8938810440735988,,,,,,19,0,54.49310000403784,3.144900008919649,70.18130000506062,2.2380000009434298
DynamicOnly_B10,JILONG_EI_0029,790,B10,70;56;101;26;180;210;24;60;78;148;58;28;186;178;252;32;3;155;218,0.1,19,123,19,0.2188435650236233,,False,0.8925973470261019,,,,,,19,0,54.70750000677072,3.8566000002902,69.83549999131355,2.3345000081462786
DynamicOnly_B10,JILONG_EI_0029,800,B10,70;56;101;26;180;24;210;60;78;148;58;28;186;178;32;252;3;155;218,0.1,19,123,19,0.2188435650236233,,False,0.8943089430894309,,,,,,19,0,54.61720000312198,2.663399995071813,70.4089000064414,2.5165999977616598
DynamicOnly_B10,JILONG_EI_0029,810,B10,70;56;101;26;180;24;210;60;148;78;58;178;28;186;32;3;252;155;218,0.1,19,123,19,0.2188435650236233,,False,0.8943089430894309,,,,,,19,0,55.54669999401085,2.6987000019289558,71.82040000043344,2.314699988346547
DynamicOnly_B10,JILONG_EI_0029,820,B10,70;56;101;26;180;24;210;60;148;58;78;178;186;28;32;3;252;155;218,0.1,19,123,19,0.2188435650236233,,False,0.891313649978605,,,,,,19,0,54.80050000187475,3.234199990401976,70.39990001067054,2.901800005929545
DynamicOnly_B10,JILONG_EI_0029,830,B10,70;56;101;26;180;61;24;210;178;148;58;28;186;94;32;3;252;155;218,0.1,19,123,19,0.221125498694397,,False,0.8917415489944375,,,,,,19,0,54.40950000775047,2.561199988122098,70.61360000807326,2.26249999832362
DynamicOnly_B10,JILONG_EI_0029,840,B10,70;56;101;24;26;180;210;60;178;58;148;78;186;28;3;155;32;252;218,0.1,19,123,19,0.2188435650236233,,False,0.8943089430894309,,,,,,19,0,54.18310000095517,2.631199997267686,70.23230000049807,2.31799999892246
DynamicOnly_B10,JILONG_EI_0029,850,B10,70;56;101;94;24;26;180;210;178;60;148;58;186;28;3;155;32;252;218,0.1,19,123,19,0.2078320864378096,,False,0.8938810440735987,,,,,,19,0,55.02139999589417,2.5797999987844378,71.08370000787545,2.3159999982453883
DynamicOnly_B10,JILONG_EI_0029,860,B10,70;101;56;24;26;180;210;178;78;60;148;58;186;28;155;3;32;252;218,0.1,19,123,19,0.2188435650236233,,False,0.8964484381685923,,,,,,19,0,55.25689999922179,3.149600001052022,70.63919999927748,2.2844999912194908
DynamicOnly_B10,JILONG_EI_0029,870,B10,70;101;56;24;26;180;210;178;78;148;58;60;186;28;155;3;32;218;99,0.1,19,122,19,0.2201529967608793,,False,0.8904227782571184,,,,,,19,0,54.70949999289587,3.1331999925896525,70.31219999771565,2.2517000033985823
DynamicOnly_B10,JILONG_EI_0029,880,B10,70;101;56;24;26;180;210;178;78;148;60;58;186;28;155;3;32;218;99,0.1,19,122,19,0.2201529967608793,,False,0.8951682484900778,,,,,,19,0,54.15029999858234,2.5880000030156225,70.0420000066515,2.2544999956153333
DynamicOnly_B10,JILONG_EI_0029,890,B10,70;101;56;24;26;180;178;210;60;148;58;78;186;28;155;3;32;218;99,0.1,19,122,19,0.2201529967608793,,False,0.8947368421052632,,,,,,19,0,55.201700000907294,3.323099997942336,69.88799999817275,2.277499996125698
DynamicOnly_B10,JILONG_EI_0029,900,B10,70;101;56;24;26;180;178;210;148;58;60;78;186;28;155;32;3;218;99,0.1,19,122,19,0.2201529967608793,,False,0.8968938740293357,,,,,,19,0,54.512000002432615,2.6119999965885654,70.07119999616407,2.23869999172166
DynamicOnly_B10,JILONG_EI_0029,910,B10,70;101;56;24;180;26;178;210;58;148;78;60;186;28;155;3;32;199;218,0.1,19,122,19,0.2196016570820347,,False,0.8990509059534082,,,,,,19,0,54.120100001455285,2.580500004114583,69.88280000223313,2.223599993158132
DynamicOnly_B10,JILONG_EI_0029,920,B10,70;101;56;24;178;180;26;210;60;58;148;78;186;28;155;3;32;199;218,0.1,19,122,19,0.2196016570820347,,False,0.900776531492666,,,,,,19,0,54.87959999300074,4.214999993564561,70.63290000951383,2.252499994938262
DynamicOnly_B10,JILONG_EI_0029,930,B10,70;101;56;24;178;180;26;210;58;148;78;186;60;28;155;3;199;32;218,0.1,19,122,19,0.2196016570820347,,False,0.8968938740293355,,,,,,19,0,55.29209999076557,3.4321999992243946,71.10620000457857,2.5150999863399197
DynamicOnly_B10,JILONG_EI_0029,940,B10,70;101;24;56;178;26;180;210;58;148;78;60;186;28;155;199;3;99;32,0.1,19,122,19,0.2200228193367077,,False,0.9020707506471094,,,,,,19,0,54.00709999958053,2.6243000029353425,69.81420000374783,2.2638000082224607
DynamicOnly_B10,JILONG_EI_0029,950,B10,70;101;24;56;178;26;180;210;78;148;58;186;60;28;155;199;3;99;32,0.1,19,122,19,0.2200228193367077,,False,0.9012079378774804,,,,,,19,0,55.15949999971781,2.7307000127620995,70.71650000580121,2.2569000138901174
DynamicOnly_B10,JILONG_EI_0029,960,B10,70;101;24;56;178;26;180;210;58;148;78;186;28;155;60;3;199;99;32,0.1,19,122,19,0.2200228193367077,,False,0.9029335634167384,,,,,,19,0,54.92560000857338,3.3368000003974885,70.35860000178218,2.2501999919768423
DynamicOnly_B10,JILONG_EI_0029,970,B10,70;101;24;56;178;26;180;210;148;58;78;186;28;155;60;3;199;99;32,0.1,19,122,19,0.2200228193367077,,False,0.9029335634167384,,,,,,19,0,55.03899999894202,3.4087999956682324,70.93990000430495,2.251500001875684
DynamicOnly_B10,JILONG_EI_0029,980,B10,70;101;24;56;178;26;180;210;58;148;78;186;44;155;199;3;99;32;218,0.1,19,122,19,0.2206507339709474,,False,0.8999137187230373,,,,,,19,0,55.48960001033265,2.688400010811165,72.01940000231843,2.274700003908947
DynamicOnly_B10,JILONG_EI_0029,990,B10,70;24;101;56;178;26;180;210;58;148;44;78;186;199;155;32;3;99;218,0.1,19,122,19,0.2206507339709474,,False,0.899913718723037,,,,,,19,0,56.88100001134444,2.6104999997187406,71.73119999060873,2.235599997220561
DynamicOnly_B10,JILONG_EI_0029,1000,B10,70;24;101;178;56;26;180;210;44;58;148;77;186;199;155;99;3;218;32,0.1,19,122,19,0.2155967869148716,,False,0.896462467644521,,,,,,19,0,56.73709999246057,2.763500000583008,69.8945000040112,2.2000000026309863
DynamicOnly_B10,JILONG_EI_0029,1010,B10,70;24;101;56;178;26;180;210;44;148;58;78;186;199;155;3;218;99;32,0.1,19,122,19,0.2206507339709474,,False,0.8968938740293355,,,,,,19,0,53.887300004134886,2.632199990330264,70.69480000063777,3.041299991309643
DynamicOnly_B10,JILONG_EI_0029,1020,B10,70;24;101;178;56;26;180;44;210;148;58;78;186;199;155;3;99;218;32,0.1,19,122,19,0.2206507339709474,,False,0.8968938740293355,,,,,,19,0,54.05140000220854,2.6049000007333234,70.69079999928363,2.3664999898755923
DynamicOnly_B10,JILONG_EI_0029,1030,B10,70;24;101;56;178;26;180;44;210;148;58;78;186;199;155;205;3;218;99,0.1,19,123,19,0.2199462443813126,,False,0.9002995293110828,,,,,,19,0,55.16720000014175,2.790200000163168,71.25880000239704,2.431700006127357
DynamicOnly_B10,JILONG_EI_0029,1040,B10,70;24;101;56;178;26;180;210;44;148;58;78;186;199;155;218;3;99;32,0.1,19,122,19,0.2206507339709474,,False,0.8964624676445213,,,,,,19,0,54.732000004150905,2.735999994911253,70.71839999116492,2.360700003919192
DynamicOnly_B10,JILONG_EI_0029,1050,B10,70;24;101;56;178;26;180;210;44;148;58;78;186;199;155;3;218;99;32,0.1,19,122,19,0.2206507339709474,,False,0.8968938740293357,,,,,,19,0,54.67569999746047,2.5899000029312447,70.08029999269638,2.919399994425476
DynamicOnly_B10,JILONG_EI_0029,1060,B10,70;24;101;56;178;26;180;210;44;148;58;78;186;199;155;3;218;99;32,0.1,19,122,19,0.2206507339709474,,False,0.8960310612597064,,,,,,19,0,54.19840000104159,2.812799997627735,69.91659999766853,2.2234999923966825
DynamicOnly_B10,JILONG_EI_0029,1070,B10,70;24;101;56;26;178;180;210;62;44;148;58;94;186;199;155;3;218;99,0.1,19,123,19,0.2136441255522968,,False,0.90543431750107,,,,,,19,0,54.28789999859873,3.4951999987242743,70.83570001123007,2.2410999954445288
DynamicOnly_B10,JILONG_EI_0029,1080,B10,70;24;101;61;56;26;180;178;210;148;58;94;28;186;199;155;3;218;99,0.1,19,123,19,0.2227412302532334,,False,0.8994437312794179,,,,,,19,0,54.883200005861,3.1091999990167096,71.88259999384172,3.477200007182546
DynamicOnly_B10,JILONG_EI_0029,1090,B10,70;24;101;56;26;180;210;178;62;148;44;58;186;94;199;155;3;218;99,0.1,19,123,19,0.2136441255522968,,False,0.9067180145485664,,,,,,19,0,55.15149999700952,2.6988000026904047,69.56340000033379,3.3017000096151605
DynamicOnly_B10,JILONG_EI_0029,1100,B10,70;24;101;56;210;26;180;178;62;148;58;44;186;94;199;155;3;218;99,0.1,19,123,19,0.2136441255522968,,False,0.9080017115960632,,,,,,19,0,54.473199998028576,2.932899995357729,70.31150000693742,2.394499999354593
DynamicOnly_B10,JILONG_EI_0029,1110,B10,70;24;101;56;62;210;178;26;180;148;58;44;94;186;199;155;3;218;99,0.1,19,123,19,0.2136441255522968,,False,0.9067180145485664,,,,,,19,0,55.83990000013728,2.732799999648705,71.83620000432711,2.778600013698451
DynamicOnly_B10,JILONG_EI_0029,1120,B10,24;70;101;210;56;26;178;62;180;148;58;44;186;94;199;155;3;218;99,0.1,19,123,19,0.2136441255522968,,False,0.9067180145485664,,,,,,19,0,55.05019999691285,3.0644999933429062,71.24190000467934,2.3988000029930845
DynamicOnly_B10,JILONG_EI_0029,1130,B10,24;70;101;62;210;56;178;26;180;148;58;44;94;199;186;155;3;218;99,0.1,19,123,19,0.2136441255522968,,False,0.9088575096277276,,,,,,19,0,54.80840000382159,3.776300000026822,70.39249999797903,2.556799998274073
DynamicOnly_B10,JILONG_EI_0029,1140,B10,24;70;101;210;178;56;26;180;148;58;44;199;186;78;155;3;218;99;51,0.1,19,122,19,0.2264015131211186,,False,0.8999137187230373,,,,,,19,0,55.50190000212751,2.6172999932896346,69.77899999765214,2.278199986903928
DynamicOnly_B10,JILONG_EI_0029,1150,B10,24;70;101;62;210;178;56;26;180;148;58;44;199;186;155;94;3;218;99,0.1,19,123,19,0.2136441255522968,,False,0.9075738125802312,,,,,,19,0,54.03440000372939,2.655299991602078,70.96240000100806,2.4956999986898154
DynamicOnly_B10,JILONG_EI_0029,1160,B10,24;70;101;210;62;178;56;26;180;148;58;44;199;186;155;94;3;218;99,0.1,19,123,19,0.2136441255522968,,False,0.9071459135643988,,,,,,19,0,54.42329999641515,2.6493000041227788,70.66610000038054,2.322900007129647
DynamicOnly_B10,JILONG_EI_0029,1170,B10,24;70;101;210;178;56;26;180;148;58;44;199;186;155;3;78;218;99;51,0.1,19,122,19,0.2264015131211186,,False,0.900776531492666,,,,,,19,0,54.39460001070984,2.9312999977264558,70.43649999832269,2.59649999497924
DynamicOnly_B10,JILONG_EI_0029,1180,B10,24;70;101;210;62;178;56;26;180;148;58;44;199;186;155;3;218;94;51,0.1,19,122,19,0.218537265202043,,False,0.9046591889559964,,,,,,19,0,55.692699999781325,2.780399998300709,71.05159999628086,3.544999999576248
DynamicOnly_B10,JILONG_EI_0029,1190,B10,24;70;101;62;210;178;26;56;180;148;58;44;199;186;155;3;94;218;51,0.1,19,122,19,0.218537265202043,,False,0.90595340811044,,,,,,19,0,55.4307999991579,3.5330999962752685,71.39890000689775,2.587900002254173
DynamicOnly_B10,JILONG_EI_0029,1200,B10,24;70;101;62;210;178;26;56;180;148;58;44;199;186;155;3;94;218;51,0.1,19,122,19,0.218537265202043,,False,0.9081104400345126,,,,,,19,0,55.20099999557715,2.7045999886468053,71.08249999873806,2.3509000020567328
DynamicOnly_B10,JILONG_EI_0029,1210,B10,24;70;101;210;178;62;26;56;180;148;58;44;199;155;186;3;218;94;51,0.1,19,122,19,0.218537265202043,,False,0.9063848144952548,,,,,,19,0,56.52500000724103,2.6593000075081363,70.64780000655446,2.9289000085555017
DynamicOnly_B10,JILONG_EI_0029,1220,B10,24;70;101;210;62;178;26;56;180;148;58;44;199;3;186;155;218;94;51,0.1,19,122,19,0.218537265202043,,False,0.908541846419327,,,,,,19,0,54.655100000672974,2.772699997876771,70.5971999996109,2.26170000678394
DynamicOnly_B10,JILONG_EI_0029,1230,B10,24;70;101;210;62;178;26;180;56;148;58;199;44;3;155;186;218;94;51,0.1,19,122,19,0.218537265202043,,False,0.908541846419327,,,,,,19,0,54.883200005861,2.576999992015772,70.14309999067336,2.251800004160032
DynamicOnly_B10,JILONG_EI_0029,1240,B10,24;70;101;210;62;178;26;180;56;148;58;199;44;218;155;3;186;94;51,0.1,19,122,19,0.218537265202043,,False,0.9102674719585848,,,,,,19,0,55.45770000026096,3.4702999982982874,70.88279999152292,2.7079999999841675
DynamicOnly_B10,JILONG_EI_0029,1250,B10,24;70;101;210;62;178;26;180;56;148;58;199;44;3;155;186;94;218;50,0.1,19,122,19,0.2128094585384904,,False,0.9076790336496982,,,,,,19,0,56.17690000508446,3.9432000048691407,71.61469999118708,2.7097999991383404
DynamicOnly_B10,JILONG_EI_0029,1260,B10,24;70;101;210;178;26;180;56;148;58;199;44;155;186;3;94;218;50;32,0.1,19,121,19,0.2088045883713272,,False,0.9016963897346671,,,,,,19,0,56.29159999080002,2.7346999995643277,70.50919999892358,2.279599997564219
DynamicOnly_B10,JILONG_EI_0029,1270,B10,24;70;101;210;62;26;178;180;56;148;58;199;44;155;3;186;218;94;50,0.1,19,122,19,0.2128094585384904,,False,0.9115616911130284,,,,,,19,0,54.2624999943655,2.641400002175942,70.85730000108015,2.594899997347966
DynamicOnly_B10,JILONG_EI_0029,1280,B10,24;70;101;210;62;178;26;180;148;56;2;58;199;44;218;155;186;94;51,0.1,19,124,19,0.2175647632685254,,False,0.9078947368421052,,,,,,19,0,54.441400003270246,3.7207999994279817,70.021599996835,2.3671000089962035
DynamicOnly_B10,JILONG_EI_0029,1290,B10,24;70;210;101;62;26;178;180;148;56;58;199;3;44;218;155;94;186;50,0.1,19,123,19,0.2128094585384904,,False,0.9080017115960632,,,,,,19,0,54.43789999117144,3.061199997318909,70.25409999187104,2.3201000003609806
DynamicOnly_B10,JILONG_EI_0029,1300,B10,24;70;210;101;62;26;178;180;148;56;58;199;44;3;155;218;94;186;51,0.1,19,123,19,0.218537265202043,,False,0.9050064184852374,,,,,,19,0,54.06460000085645,2.6354000001447275,70.02520000969525,2.287199997226708
DynamicOnly_B10,JILONG_EI_0029,1310,B10,24;70;210;101;26;178;148;180;56;58;199;44;3;94;218;155;186;51;32,0.1,19,122,19,0.2145323950348799,,False,0.8990509059534082,,,,,,19,0,54.24050000146963,3.2489000004716218,69.94349999877159,2.243299997644499
DynamicOnly_B10,JILONG_EI_0029,1320,B10,24;210;70;101;62;26;148;178;180;56;58;44;199;3;94;155;218;186;51,0.1,19,123,19,0.218537265202043,,False,0.9071459135643988,,,,,,19,0,55.261700006667525,3.561599995009601,73.38220000383444,3.5418000043137
DynamicOnly_B10,JILONG_EI_0029,1330,B10,24;210;70;101;62;26;178;148;180;56;2;58;44;199;94;155;218;186;51,0.1,19,124,19,0.2175647632685254,,False,0.9044991511035656,,,,,,19,0,54.937100008828565,2.76169998687692,70.79269998939708,3.8656999968225136
DynamicOnly_B10,JILONG_EI_0029,1340,B10,24;210;70;101;62;26;148;178;180;56;58;44;199;3;94;155;218;186;51,0.1,19,123,19,0.218537265202043,,False,0.9028669234060762,,,,,,19,0,55.40099999052472,3.749099996639416,70.78149999142624,2.555499988375232
DynamicOnly_B10,JILONG_EI_0029,1350,B10,24;210;70;101;26;148;178;180;56;2;58;45;94;199;155;218;186;51;32,0.1,19,123,19,0.1968588953296934,,False,0.8938810440735987,,,,,,19,0,55.35589999635704,2.743199991527945,69.8292000015499,2.2410999954445288
DynamicOnly_B10,JILONG_EI_0029,1360,B10,24;210;70;101;62;2;26;148;178;180;58;56;44;94;199;155;218;186;51,0.1,19,124,19,0.2175647632685254,,False,0.902376910016978,,,,,,19,0,54.33740001171827,2.799500012770295,69.99100001121406,2.5831999955698848
DynamicOnly_B10,JILONG_EI_0029,1370,B10,24;210;70;101;62;26;148;178;180;58;56;44;94;199;3;218;155;51;186,0.1,19,123,19,0.218537265202043,,False,0.9020111253744116,,,,,,19,0,56.61460000555962,3.380000009201467,71.28039999224711,3.6734999885084103
DynamicOnly_B10,JILONG_EI_0029,1380,B10,24;210;70;101;62;26;148;178;180;58;56;2;44;94;199;218;155;51;186,0.1,19,124,19,0.2175647632685254,,False,0.9036502546689306,,,,,,19,0,54.591799998888746,3.327400001580827,71.14159999764524,2.496399989468045
DynamicOnly_B10,JILONG_EI_0029,1390,B10,24;210;70;101;26;148;178;180;58;56;44;94;199;3;218;155;51;186;212,0.1,19,122,19,0.2179399805499613,,False,0.8964624676445213,,,,,,19,0,54.322900003171526,2.62690000818111,72.32370000565425,3.106599993770942
DynamicOnly_B10,JILONG_EI_0029,1400,B10,24;210;70;101;62;26;148;178;180;58;56;44;94;212;199;3;155;218;51,0.1,19,123,19,0.2219754806992825,,False,0.907573812580231,,,,,,19,0,57.01560000306927,3.0082999874139205,72.76769999589305,2.8377999988151714
DynamicOnly_B10,JILONG_EI_0029,1410,B10,24;210;70;101;62;148;26;178;180;94;44;58;56;212;199;3;155;218;51,0.1,19,124,19,0.2219754806992825,,False,0.9083191850594228,,,,,,19,0,55.6600999989314,2.897300000768155,71.19609999062959,2.3972000053618103
DynamicOnly_B10,JILONG_EI_0029,1420,B10,24;70;210;101;62;148;26;178;180;58;44;56;212;199;3;94;155;218;51,0.1,19,124,19,0.2219754806992825,,False,0.9070458404074704,,,,,,19,0,54.495099990163,2.618500002427026,72.73479999275878,3.486500005237758
DynamicOnly_B10,JILONG_EI_0029,1430,B10,24;70;101;210;62;148;26;178;180;58;44;56;212;2;199;94;218;155;51,0.1,19,125,19,0.2210029787657648,,False,0.9069473684210526,,,,,,19,0,54.9680999974953,2.7068000053986907,70.38160000229254,2.536200001486577
DynamicOnly_B10,JILONG_EI_0029,1440,B10,24;70;101;210;62;2;148;26;180;178;212;44;58;56;199;94;155;218;51,0.1,19,125,19,0.2210029787657648,,False,0.9061052631578947,,,,,,19,0,54.988899995805696,3.7809999921591952,70.84889999532606,2.297799990628846
DynamicOnly_B10,JILONG_EI_0039,10,B10,78;252;14;44;46;141;166;5;192;83;91;32;206;117;128;202;25;86;55,0.1,19,128,19,0.1402010858328675,,False,0.8988486842105263,,,,,,19,0,54.68020000262186,2.675900002941489,69.47550000040792,2.289399999426678
DynamicOnly_B10,JILONG_EI_0039,20,B10,77;79;141;14;46;174;44;42;252;32;128;101;55;202;176;231;23;5;83,0.1,19,127,19,0.1185380309515969,,False,0.8922503108164112,,,,,,19,0,55.08710000140127,3.640800001448952,69.9631000024965,2.306399997905828
DynamicOnly_B10,JILONG_EI_0039,30,B10,77;79;141;44;55;99;46;91;14;42;252;144;174;5;32;88;121;166;68,0.1,19,126,19,0.1091652564112381,,False,0.857560568086884,,,,,,19,0,54.76860000635497,3.948300000047311,69.85949999943841,2.236599990283139
DynamicOnly_B10,JILONG_EI_0039,40,B10,77;79;44;84;166;42;252;91;46;112;174;24;55;32;141;88;50;121;172,0.1,19,126,19,0.1082693294331156,,False,0.8492063492063493,,,,,,19,0,53.91389998840168,2.8562999941641465,70.08599999244325,2.270099997986108
DynamicOnly_B10,JILONG_EI_0039,50,B10,61;93;79;14;121;28;141;206;85;112;166;56;99;5;19;25;32;50;87,0.1,19,124,19,0.114716940677382,,False,0.8688455008488964,,,,,,19,0,53.98599999898579,2.609000002848916,71.4291000040248,2.2776999976485968
DynamicOnly_B10,JILONG_EI_0039,60,B10,61;93;79;42;29;141;83;5;206;172;91;55;166;88;117;86;174;251;135,0.1,19,123,19,0.1200082700951826,,False,0.8609328198545142,,,,,,19,0,54.87279999942984,2.9304000054253265,71.03690000076313,2.4849999899743125
DynamicOnly_B10,JILONG_EI_0039,70,B10,60;93;29;27;166;141;25;70;56;252;32;117;34;91;218;66;89;3;52,0.1,19,122,19,0.1329341225658736,,False,0.8339085418464193,,,,,,19,0,56.40859999402892,2.780099996016361,71.13650000246707,2.3196999973151837
DynamicOnly_B10,JILONG_EI_0039,80,B10,44;77;46;14;42;203;141;34;56;172;252;101;91;32;231;70;135;206;4,0.1,19,121,19,0.1249473547181658,,False,0.8129621574597652,,,,,,19,0,55.27250000159256,2.7014999941457063,70.2653000043938,2.33719999960158
DynamicOnly_B10,JILONG_EI_0039,90,B10,28;61;93;14;26;206;141;252;49;91;56;99;101;155;36;120;58;70;202,0.1,19,120,19,0.1435856988613304,,False,0.8057017543859649,,,,,,19,0,54.40880000242032,2.621100007672794,69.70549999095965,2.2664999996777624
DynamicOnly_B10,JILONG_EI_0039,100,B10,28;61;26;93;141;91;70;190;49;166;14;252;56;101;120;5;155;203;51,0.1,19,119,19,0.1460054674518152,,False,0.8098186643078283,,,,,,19,0,54.44859999988694,3.076000008150004,70.25740000244696,2.274700003908947
DynamicOnly_B10,JILONG_EI_0039,110,B10,28;60;93;26;141;252;56;70;206;91;166;32;101;20;120;155;50;202;99,0.1,19,118,19,0.1279950379428904,,False,0.8224799286351472,,,,,,19,0,53.84709998907056,2.697100004297681,69.92719999107067,2.310399999259971
DynamicOnly_B10,JILONG_EI_0039,120,B10,28;60;93;26;252;56;32;101;90;14;88;166;202;135;206;4;66;157;121,0.1,19,118,19,0.1152146778874501,,False,0.8153434433541481,,,,,,19,0,55.76030000520405,2.74919999355916,70.65249999868684,2.471899992087856
DynamicOnly_B10,JILONG_EI_0039,130,B10,27;61;93;56;29;25;101;251;32;202;166;5;58;88;155;176;141;90;112,0.1,19,118,19,0.1235536905299752,,False,0.8269402319357717,,,,,,19,0,54.68699999619275,2.67129999701865,69.95489999826532,2.3129000037442893
DynamicOnly_B10,JILONG_EI_0039,140,B10,27;61;93;56;25;252;202;14;101;141;58;166;155;32;91;233;112;174;176,0.1,19,118,19,0.1240207977578853,,False,0.8269402319357716,,,,,,19,0,54.291200009174645,2.6413000014144927,70.09220001054928,2.483800009940751
DynamicOnly_B10,JILONG_EI_0039,150,B10,27;61;93;25;56;252;202;101;14;32;172;3;211;166;132;5;112;121;229,0.1,19,118,19,0.1483639760779839,,False,0.8220338983050847,,,,,,19,0,54.66059999889694,2.625699999043718,70.56959999317769,2.239099994767457
DynamicOnly_B10,JILONG_EI_0039,160,B10,26;28;60;93;56;101;32;252;70;14;3;232;106;112;203;132;172;211;166,0.1,19,118,19,0.1458446600454855,,False,0.8059768064228366,,,,,,19,0,54.87900000298396,2.664700004970655,71.45420000597369,2.4566000065533444
DynamicOnly_B10,JILONG_EI_0039,170,B10,26;93;28;60;56;101;232;106;70;32;58;186;235;112;211;132;179;229;141,0.1,19,118,19,0.1637785145990152,,False,0.7988403211418377,,,,,,19,0,55.72189998929389,2.6670000079320744,71.83080000686459,2.473000000463798
DynamicOnly_B10,JILONG_EI_0039,180,B10,25;27;56;45;77;101;106;70;229;232;99;132;186;88;32;218;179;128;58,0.1,19,117,19,0.1673545650159658,,False,0.8070175438596491,,,,,,19,0,55.18830000073649,2.6350999978603795,72.74979999056086,2.6698000001488253
DynamicOnly_B10,JILONG_EI_0039,190,B10,25;27;56;45;78;101;70;88;229;202;132;99;58;179;106;233;252;3;13,0.1,19,118,19,0.1719720348262897,,False,0.8006244424620875,,,,,,19,0,55.69380000815727,3.4810999932233244,71.0486000025412,2.5105000095209107
DynamicOnly_B10,JILONG_EI_0039,200,B10,25;27;56;60;94;101;89;70;99;229;4;29;186;119;132;141;251;233;50,0.1,19,119,19,0.1499567351502017,,False,0.8009730207872622,,,,,,19,0,55.14789999870118,2.710600005229935,70.65190000867005,2.368799992837012
DynamicOnly_B10,JILONG_EI_0039,210,B10,41;27;60;101;94;55;29;88;99;229;90;50;4;216;119;148;155;251;36,0.1,19,118,19,0.1481572236984172,,False,0.8001784121320249,,,,,,19,0,55.36289999145083,2.770300008705817,70.36800000059884,2.424199992674403
DynamicOnly_B10,JILONG_EI_0039,220,B10,24;26;56;28;101;77;88;50;99;70;155;119;216;112;58;251;148;106;4,0.1,19,119,19,0.163594734706067,,False,0.8076072534276867,,,,,,19,0,55.13799999607727,2.671499998541549,70.69079999928363,2.4587000079918653
DynamicOnly_B10,JILONG_EI_0039,230,B10,40;26;101;28;94;60;88;58;251;70;233;148;50;119;112;155;106;99;229,0.1,19,119,19,0.1620632355981652,,False,0.8062804068996019,,,,,,19,0,55.33690001175273,2.736400012508966,70.2541999926325,2.222700000857003
DynamicOnly_B10,JILONG_EI_0039,240,B10,40;26;101;94;45;88;70;251;148;119;58;229;233;112;52;219;155;99;209,0.1,19,119,19,0.1600569717668139,,False,0.7894736842105262,,,,,,19,0,55.1613000134239,2.6329999964218587,73.22520000161603,3.4395000111544505
DynamicOnly_B10,JILONG_EI_0039,250,B10,55;25;27;101;94;60;23;88;29;251;148;135;58;219;229;233;155;186;99,0.1,19,121,19,0.1473148991890712,,False,0.8155719878207917,,,,,,19,0,54.850300002726726,2.738299997872673,69.98549999843817,2.2766000038245693
DynamicOnly_B10,JILONG_EI_0039,260,B10,55;41;101;27;94;60;88;29;148;251;135;229;36;233;219;99;155;206;112,0.1,19,119,19,0.1468171619790031,,False,0.7934542237947809,,,,,,19,0,54.617700006929226,2.603000000817701,71.92300001042895,3.155800004606135
DynamicOnly_B10,JILONG_EI_0039,270,B10,25;55;101;27;94;60;23;88;29;148;57;251;229;135;155;99;219;233;32,0.1,19,119,19,0.1477666914259022,,False,0.8071649712516585,,,,,,19,0,54.62809999880847,2.828799988492392,70.06830000318587,2.5280999980168417
DynamicOnly_B10,JILONG_EI_0039,280,B10,25;55;101;27;60;94;23;148;29;88;58;251;36;229;155;219;32;135;99,0.1,19,122,19,0.1518481365484604,,False,0.7981018119068163,,,,,,19,0,54.33160001120996,2.5489999970886856,70.34220000787172,2.360200000111945
DynamicOnly_B10,JILONG_EI_0039,290,B10,25;55;101;27;60;94;23;148;29;58;88;32;251;155;229;219;135;206;99,0.1,19,121,19,0.1467329295280685,,False,0.7951283166594173,,,,,,19,0,54.58710000675637,2.665899999556132,70.42839999485295,2.217200002633035
DynamicOnly_B10,JILONG_EI_0039,300,B10,25;55;101;60;27;94;23;148;29;58;32;88;155;251;219;206;229;135;99,0.1,19,121,19,0.1467329295280685,,False,0.7877337973031754,,,,,,19,0,54.63980000058655,2.670999994734302,70.41720001143403,2.2388000070350245
DynamicOnly_B10,JILONG_EI_0039,310,B10,55;25;101;27;60;94;23;148;29;58;32;155;218;88;251;180;206;135;229,0.1,19,123,19,0.1632348324157101,,False,0.7881899871630296,,,,,,19,0,55.5614000040805,2.765700002782978,70.87569999566767,2.7802000113297254
DynamicOnly_B10,JILONG_EI_0039,320,B10,55;25;101;27;60;94;148;23;14;58;32;180;218;155;105;251;206;161;135,0.1,19,123,19,0.1629591625762877,,False,0.79204107830552,,,,,,19,0,55.91650000133086,2.5658999948063865,70.35380000888836,2.2226000000955537
DynamicOnly_B10,JILONG_EI_0039,330,B10,55;25;101;27;60;94;148;23;14;180;32;58;218;155;105;161;251;206;135,0.1,19,122,19,0.1629591625762877,,False,0.7976704055220017,,,,,,19,0,54.50770001334604,2.604299996164628,70.87789999786764,2.234800005680881
DynamicOnly_B10,JILONG_EI_0039,340,B10,55;25;60;101;27;94;148;180;23;29;32;58;218;155;161;105;251;66;206,0.1,19,121,19,0.1664203505601457,,False,0.8051326663766855,,,,,,19,0,55.859400003100745,2.713699999731034,70.6604999868432,2.2545999963767827
DynamicOnly_B10,JILONG_EI_0039,350,B10,55;25;101;27;60;94;148;180;14;23;32;58;218;155;105;161;251;135;206,0.1,19,121,19,0.1629591625762877,,False,0.8003479773814702,,,,,,19,0,55.2834999980405,3.44030000269413,72.13689999480266,3.0778000073041767
DynamicOnly_B10,JILONG_EI_0039,360,B10,55;25;101;27;60;94;180;148;29;32;23;218;58;155;105;161;251;135;206,0.1,19,121,19,0.1649424539210205,,False,0.8055676381035233,,,,,,19,0,54.99820000841282,2.5886000075843185,71.48400000005495,3.1430000090040267
DynamicOnly_B10,JILONG_EI_0039,370,B10,55;25;101;27;60;94;180;148;29;32;23;218;58;155;105;161;252;135;20,0.1,19,121,19,0.1684572443736551,,False,0.8051326663766856,,,,,,19,0,54.3277999968268,3.196400008164346,70.75079999049194,2.263299989863299
DynamicOnly_B10,JILONG_EI_0039,380,B10,55;25;101;27;60;94;180;148;29;32;218;23;58;252;105;161;155;20;135,0.1,19,121,19,0.1684572443736551,,False,0.8147020443671162,,,,,,19,0,55.41819999052677,2.551600002334453,69.86240000696853,2.377199998591095
DynamicOnly_B10,JILONG_EI_0039,390,B10,55;25;101;27;60;94;180;148;29;32;218;58;252;23;155;105;161;135;20,0.1,19,121,19,0.1684572443736551,,False,0.815137016093954,,,,,,19,0,54.64300001040101,2.667900000233203,69.87380000646226,2.8738999972119927
DynamicOnly_B10,JILONG_EI_0039,400,B10,55;25;101;27;60;180;78;148;29;32;218;252;58;23;155;105;161;135;20,0.1,19,121,19,0.1794687229594688,,False,0.8173118747281427,,,,,,19,0,55.20780000369996,2.8525000088848174,70.55449999461416,2.725699989241548
DynamicOnly_B10,JILONG_EI_0039,410,B10,55;25;101;27;60;180;78;148;32;29;252;218;58;23;155;161;105;135;20,0.1,19,121,19,0.1794687229594688,,False,0.8203566768160071,,,,,,19,0,54.45260000124108,2.777700006845407,70.27359999483451,2.466000005370006
DynamicOnly_B10,JILONG_EI_0039,420,B10,55;25;101;60;27;180;78;148;32;29;252;218;190;58;23;161;155;105;135,0.1,19,122,19,0.1775237190924336,,False,0.8287316652286453,,,,,,19,0,55.11950000072829,2.8543999942485243,70.37549999949988,2.403000005870126
DynamicOnly_B10,JILONG_EI_0039,430,B10,55;25;60;101;27;180;78;148;32;252;29;218;190;58;23;155;161;105;135,0.1,19,121,19,0.1775237190924336,,False,0.829056111352762,,,,,,19,0,54.663600007188506,3.022199991391972,70.60150000324938,2.361400009249337
DynamicOnly_B10,JILONG_EI_0039,440,B10,55;25;60;101;27;180;78;148;14;32;252;218;190;58;155;161;23;105;135,0.1,19,121,19,0.1755404277477008,,False,0.8294910830795998,,,,,,19,0,55.437900009565055,2.659299992956221,70.40630000119563,2.327500013052486
DynamicOnly_B10,JILONG_EI_0039,450,B10,55;25;101;60;27;180;78;148;32;252;218;29;190;58;161;155;23;105;135,0.1,19,121,19,0.1775237190924336,,False,0.8342757720748151,,,,,,19,0,54.89119999401737,3.634499997133389,70.01159999344964,2.438299998175353
DynamicOnly_B10,JILONG_EI_0039,460,B10,55;60;25;101;27;180;78;148;32;252;218;29;58;190;161;155;23;51;135,0.1,19,121,19,0.1834123331623159,,False,0.8303610265332754,,,,,,19,0,55.01540000841487,2.856999999494292,70.75210000039078,2.7799999952549115
DynamicOnly_B10,JILONG_EI_0039,470,B10,55;25;101;27;60;180;78;148;32;252;218;29;58;190;161;155;135;23;105,0.1,19,121,19,0.1775237190924336,,False,0.8290561113527621,,,,,,19,0,54.85039998893626,2.672499991604127,70.48759999452159,2.443000004859641
DynamicOnly_B10,JILONG_EI_0039,480,B10,55;25;101;27;60;180;78;148;32;252;218;29;58;190;161;155;51;135;23,0.1,19,121,19,0.1834123331623159,,False,0.8329708568943018,,,,,,19,0,54.84719999367371,2.780399998300709,70.44090000272263,2.420499993604608
DynamicOnly_B10,JILONG_EI_0039,490,B10,55;25;101;27;60;180;94;148;32;252;218;29;58;190;161;156;135;68;23,0.1,19,121,19,0.1793998054996133,,False,0.8303610265332754,,,,,,19,0,54.17169998690952,2.913299991632812,70.43100000009872,2.390399997239001
DynamicOnly_B10,JILONG_EI_0039,500,B10,55;25;101;27;180;60;148;78;32;252;218;29;58;156;190;161;68;135;23,0.1,19,121,19,0.190411284085427,,False,0.8390604610700304,,,,,,19,0,54.92239999875892,3.3448000031057745,71.12539999070577,2.478599999449216
DynamicOnly_B10,JILONG_EI_0039,510,B10,55;25;101;180;27;60;94;148;32;252;218;29;58;156;161;190;68;135;23,0.1,19,122,19,0.1793998054996133,,False,0.8364969801553064,,,,,,19,0,55.81789999268949,2.6885999977821484,71.50320000073407,2.520699999877252
DynamicOnly_B10,JILONG_EI_0039,520,B10,55;25;101;180;27;60;148;78;32;252;29;218;58;156;190;161;68;135;23,0.1,19,122,19,0.190411284085427,,False,0.8377911993097497,,,,,,19,0,55.44959999679122,2.846100003807805,72.46280000254046,2.6339000032749027
DynamicOnly_B10,JILONG_EI_0039,530,B10,55;25;101;180;27;60;78;148;32;252;218;29;58;156;190;161;51;135;87,0.1,19,122,19,0.1881370079101929,,False,0.8373597929249353,,,,,,19,0,54.87680000078399,2.793399995425716,70.5041000037454,2.4601000041002408
DynamicOnly_B10,JILONG_EI_0039,540,B10,55;25;101;180;60;27;78;148;14;32;252;218;58;156;87;161;190;51;135,0.1,19,122,19,0.1861537165654601,,False,0.8438308886971527,,,,,,19,0,54.69259999517817,3.0624999926658347,69.87219999427907,2.395600007730536
DynamicOnly_B10,JILONG_EI_0039,550,B10,55;25;101;180;60;27;94;148;32;252;218;58;29;156;87;161;190;51;135,0.1,19,122,19,0.1771255293243791,,False,0.8429680759275238,,,,,,19,0,54.28290000418201,3.3005000004777685,69.89969999995083,2.2253000061027706
DynamicOnly_B10,JILONG_EI_0039,560,B10,55;25;101;180;27;60;94;148;32;29;252;218;58;156;51;87;161;190;135,0.1,19,122,19,0.1771255293243791,,False,0.8468507333908541,,,,,,19,0,54.44100000022445,3.837500000372529,70.394700000179,2.266000010422431
DynamicOnly_B10,JILONG_EI_0039,570,B10,55;25;101;180;27;60;148;78;32;252;218;29;58;156;87;161;190;51;135,0.1,19,123,19,0.1881370079101929,,False,0.8476679503637141,,,,,,19,0,54.89590000070166,2.815899992128834,70.34950000524987,2.229199992143549
DynamicOnly_B10,JILONG_EI_0039,580,B10,55;25;101;180;27;60;78;148;32;218;252;29;58;156;87;161;51;190;135,0.1,19,123,19,0.1881370079101929,,False,0.8489516474112111,,,,,,19,0,54.36870000266936,2.5687000015750527,70.10890000674408,2.1815999934915453
DynamicOnly_B10,JILONG_EI_0039,590,B10,55;25;101;180;60;27;94;148;32;218;29;252;156;58;87;51;161;190;135,0.1,19,124,19,0.1771255293243791,,False,0.8484719864176571,,,,,,19,0,56.118000007700175,2.5978000048780814,70.18280000193045,2.685899991774932
DynamicOnly_B10,JILONG_EI_0039,600,B10,55;25;101;180;60;27;148;32;78;218;252;29;58;156;87;161;190;51;135,0.1,19,124,19,0.1881370079101929,,False,0.8480475382003396,,,,,,19,0,54.8869000049308,2.605999994557351,70.0209999922663,2.394499999354593
DynamicOnly_B10,JILONG_EI_0039,610,B10,55;25;101;180;60;27;148;78;32;218;29;252;58;156;87;51;190;161;135,0.1,19,124,19,0.1881370079101929,,False,0.8527164685908318,,,,,,19,0,54.15300000458956,2.642000006744638,69.94549999944866,2.8109999984735623
DynamicOnly_B10,JILONG_EI_0039,620,B10,55;25;101;180;60;27;94;148;32;218;29;252;58;156;87;51;161;190;135,0.1,19,124,19,0.1771255293243791,,False,0.8505942275042444,,,,,,19,0,53.85070000193082,2.6271000097040087,71.20869999926072,2.28320001042448
DynamicOnly_B10,JILONG_EI_0039,630,B10,55;25;101;180;60;27;148;78;32;218;29;252;58;156;87;51;161;190;135,0.1,19,124,19,0.1881370079101929,,False,0.8505942275042446,,,,,,19,0,55.9376000019256,2.9891000012867157,70.11039998906199,2.3699999874224886
DynamicOnly_B10,JILONG_EI_0039,640,B10,55;25;101;180;60;27;94;148;32;218;29;252;156;58;87;51;161;190;135,0.1,19,124,19,0.1771255293243791,,False,0.851867572156197,,,,,,19,0,54.72800000279676,2.580799991847016,70.50209998851642,2.207899990025908
DynamicOnly_B10,JILONG_EI_0039,650,B10,55;25;101;180;60;27;94;148;32;218;29;156;252;58;87;51;161;190;3,0.1,19,124,19,0.175678262667412,,False,0.8505942275042446,,,,,,19,0,54.27460001374129,2.638600009959191,69.89790000079665,2.224299998488277
DynamicOnly_B10,JILONG_EI_0039,660,B10,55;25;101;60;180;27;148;218;32;78;29;156;58;87;252;51;190;3;161,0.1,19,124,19,0.1866897412532257,,False,0.8582342954159593,,,,,,19,0,55.0338000030024,2.612199998111464,70.97659999271855,2.292500008479692
DynamicOnly_B10,JILONG_EI_0039,670,B10,55;101;25;180;60;27;148;218;78;32;29;156;58;87;252;51;3;161;190,0.1,19,124,19,0.1866897412532257,,False,0.8590831918505943,,,,,,19,0,54.9542999942787,2.5591000012354925,70.16740000108257,2.5764000019989908
DynamicOnly_B10,JILONG_EI_0039,680,B10,55;101;25;180;60;27;148;218;32;78;29;156;58;87;252;51;3;161;135,0.1,19,124,19,0.187417203329479,,False,0.8595076400679118,,,,,,19,0,54.89690000831615,2.594900011899881,70.17410000844393,2.577899998868816
DynamicOnly_B10,JILONG_EI_0039,690,B10,55;101;25;180;60;27;148;218;32;29;78;58;156;87;252;51;3;161;135,0.1,19,124,19,0.187417203329479,,False,0.8654499151103564,,,,,,19,0,55.87029999878723,2.633099997183308,71.1748999892734,2.5671000039437786
DynamicOnly_B10,JILONG_EI_0039,700,B10,55;101;25;180;60;27;94;148;218;32;29;51;58;156;87;252;3;161;135,0.1,19,124,19,0.1764057247436653,,False,0.8688455008488966,,,,,,19,0,54.59240000345744,2.6620999997248878,72.86759999988135,3.046300000278279
DynamicOnly_B10,JILONG_EI_0039,710,B10,55;101;25;60;180;27;148;218;32;29;58;94;156;87;252;51;3;161;135,0.1,19,124,19,0.1764057247436653,,False,0.8662988115449916,,,,,,19,0,54.54660000395961,2.650800000992604,70.5597000051057,2.2046000085538253
DynamicOnly_B10,JILONG_EI_0039,720,B10,55;101;25;180;60;27;148;218;32;51;58;29;156;94;87;252;3;161;135,0.1,19,124,19,0.1764057247436653,,False,0.8692699490662139,,,,,,19,0,54.558000003453344,2.618900005472824,72.0696000062162,3.495799988741055
DynamicOnly_B10,JILONG_EI_0039,730,B10,55;101;25;180;60;27;148;218;29;32;58;51;94;156;87;252;3;161;135,0.1,19,124,19,0.1764057247436653,,False,0.8747877758913413,,,,,,19,0,54.00940000254195,2.569299991591833,72.00960000045598,3.1315000087488443
DynamicOnly_B10,JILONG_EI_0039,740,B10,55;101;25;60;180;27;148;218;32;29;156;58;94;51;87;252;3;161;135,0.1,19,124,19,0.1764057247436653,,False,0.8747877758913413,,,,,,19,0,53.97300000186078,2.6689000078476965,70.57769999664742,2.299999992828816
DynamicOnly_B10,JILONG_EI_0039,750,B10,55;101;25;180;60;27;148;218;32;78;58;156;29;87;51;252;3;161;135,0.1,19,124,19,0.187417203329479,,False,0.8769100169779286,,,,,,19,0,55.8356000110507,2.7102000021841377,72.37480000185315,3.2783000060589984
DynamicOnly_B10,JILONG_EI_0039,760,B10,55;101;25;180;60;27;148;218;78;32;51;58;156;29;87;252;3;161;135,0.1,19,124,19,0.187417203329479,,False,0.8781833616298811,,,,,,19,0,54.31589999352582,2.5944000080926344,70.34659999771975,2.553099999204278
DynamicOnly_B10,JILONG_EI_0039,770,B10,55;101;25;180;60;27;148;218;94;32;58;29;156;51;87;252;3;161;135,0.1,19,124,19,0.1764057247436653,,False,0.8853989813242785,,,,,,19,0,54.68820000533015,2.6043000107165426,69.90529999893624,3.312200002255849
DynamicOnly_B10,JILONG_EI_0039,780,B10,55;101;25;61;180;27;148;218;58;51;94;32;156;29;87;252;3;161;135,0.1,19,124,19,0.1896991370002527,,False,0.8807300509337861,,,,,,19,0,56.1712000053376,3.370999998878688,71.11610000720248,2.215600005001761
DynamicOnly_B10,JILONG_EI_0039,790,B10,55;101;25;180;60;27;148;218;58;94;32;156;51;29;87;252;3;161;135,0.1,19,124,19,0.1764057247436653,,False,0.8777589134125636,,,,,,19,0,54.26380000426434,2.6892000023508444,71.22820000222418,2.2803000028943643
DynamicOnly_B10,JILONG_EI_0039,800,B10,55;101;25;180;60;27;148;218;94;32;156;58;51;29;87;252;3;161;135,0.1,19,124,19,0.1764057247436653,,False,0.8760611205432937,,,,,,19,0,55.76409999048337,4.335999998147599,71.35460000426974,2.324800007045269
DynamicOnly_B10,JILONG_EI_0039,810,B10,55;101;25;180;60;27;148;218;32;156;94;252;58;29;51;87;3;161;135,0.1,19,124,19,0.1764057247436653,,False,0.8828522920203736,,,,,,19,0,55.94910000218079,2.6593999937176704,72.20049999887124,2.242100003059022
DynamicOnly_B10,JILONG_EI_0039,820,B10,55;101;25;60;180;27;148;218;32;156;94;58;51;29;252;87;3;161;212,0.1,19,124,19,0.1780444287891202,,False,0.8781833616298811,,,,,,19,0,54.67620000126772,3.4050000103889038,70.24829999136273,2.29879999824334
DynamicOnly_B10,JILONG_EI_0039,830,B10,55;101;25;60;180;27;148;218;32;94;156;58;51;252;29;87;3;161;212,0.1,19,124,19,0.1780444287891202,,False,0.8841256366723261,,,,,,19,0,54.99299999792129,2.755199995590374,69.93820000207052,2.306000009411946
DynamicOnly_B10,JILONG_EI_0039,840,B10,55;101;25;60;180;27;148;218;156;94;32;58;51;252;87;29;3;161;212,0.1,19,124,19,0.1780444287891202,,False,0.8807300509337861,,,,,,19,0,54.69569998967927,2.622300002258271,69.61190000583883,2.213200001278892
DynamicOnly_B10,JILONG_EI_0039,850,B10,55;101;25;60;180;27;148;218;156;32;94;58;51;252;29;87;3;161;212,0.1,19,124,19,0.1780444287891202,,False,0.8786078098471986,,,,,,19,0,54.57100000057835,2.6122999988729134,70.87289998889901,2.469099999871105
DynamicOnly_B10,JILONG_EI_0039,860,B10,55;101;25;60;180;27;148;218;94;51;58;32;156;252;29;87;3;161;212,0.1,19,124,19,0.1780444287891202,,False,0.8811544991511034,,,,,,19,0,55.37980000372045,2.699899996514432,71.41340000089258,2.531099991756492
DynamicOnly_B10,JILONG_EI_0039,870,B10,55;101;25;60;180;27;218;148;94;58;156;32;51;252;29;87;3;161;212,0.1,19,124,19,0.1780444287891202,,False,0.8798811544991512,,,,,,19,0,54.73319999873638,2.7233000000705943,71.64799999736715,2.3843000089982525
DynamicOnly_B10,JILONG_EI_0039,880,B10,55;101;25;180;60;27;218;148;94;156;58;32;51;252;29;87;3;161;212,0.1,19,124,19,0.1780444287891202,,False,0.8824278438030561,,,,,,19,0,54.50769999879412,3.1190000008791685,69.70590000855736,2.299600004334934
DynamicOnly_B10,JILONG_EI_0039,890,B10,55;101;25;180;60;27;218;148;94;156;58;32;51;252;29;87;3;161;212,0.1,19,124,19,0.1780444287891202,,False,0.8811544991511036,,,,,,19,0,55.3312999982154,3.61670000711456,70.58230000257026,2.7380999963497743
DynamicOnly_B10,JILONG_EI_0039,900,B10,55;101;25;180;60;27;218;148;94;58;156;32;51;252;29;3;87;161;212,0.1,19,124,19,0.1780444287891202,,False,0.8803056027164686,,,,,,19,0,56.13100000482518,2.7154000126756728,70.58149999647867,2.311899996129796
DynamicOnly_B10,JILONG_EI_0039,910,B10,101;55;25;180;60;27;218;148;94;156;252;58;32;51;3;29;87;161;212,0.1,19,124,19,0.1780444287891202,,False,0.8811544991511036,,,,,,19,0,55.47259999730159,2.8594000032171607,70.92490000650287,2.3514999920735136
DynamicOnly_B10,JILONG_EI_0039,920,B10,101;55;25;180;60;27;218;148;94;58;156;252;32;51;29;3;87;161;212,0.1,19,124,19,0.1780444287891202,,False,0.881578947368421,,,,,,19,0,54.84799999976531,2.7353000041330238,70.67539999843575,3.72100000095088
DynamicOnly_B10,JILONG_EI_0039,930,B10,101;55;25;180;60;27;218;148;94;58;156;32;252;51;3;29;87;212;178,0.1,19,124,19,0.1798592552319838,,False,0.8820033955857385,,,,,,19,0,55.73369999183342,2.7784999983850867,71.11520000034943,2.295999991474673
DynamicOnly_B10,JILONG_EI_0039,940,B10,101;55;25;180;60;27;218;148;94;58;156;32;252;51;3;29;87;178;212,0.1,19,124,19,0.1798592552319838,,False,0.883276740237691,,,,,,19,0,55.79300000681542,2.869699994334951,70.73200000741053,2.489999998942949
DynamicOnly_B10,JILONG_EI_0039,950,B10,101;55;25;180;60;27;218;148;94;58;156;32;252;3;51;29;87;178;212,0.1,19,124,19,0.1798592552319838,,False,0.883276740237691,,,,,,19,0,54.8144000058528,3.5333999985596165,71.86079998791683,3.477999998722225
DynamicOnly_B10,JILONG_EI_0039,960,B10,101;55;25;180;60;27;218;148;94;58;156;32;252;51;3;29;87;178;199,0.1,19,124,19,0.1767579695384827,,False,0.8879456706281834,,,,,,19,0,54.67529999441467,2.7870000049006194,69.96880000224337,2.3233999963849783
DynamicOnly_B10,JILONG_EI_0039,970,B10,101;55;25;180;60;27;218;148;94;58;156;32;252;51;3;29;178;87;199,0.1,19,124,19,0.1767579695384827,,False,0.8913412563667233,,,,,,19,0,54.90800000552554,2.7723000093828887,70.09510000352748,2.265799994347617
DynamicOnly_B10,JILONG_EI_0039,980,B10,101;55;25;180;60;27;218;148;94;58;156;32;252;51;3;199;178;29;87,0.1,19,124,19,0.1767579695384827,,False,0.8909168081494059,,,,,,19,0,54.39430000842549,3.161699991323985,70.69929999124724,2.3676999990129843
DynamicOnly_B10,JILONG_EI_0039,990,B10,101;55;25;180;60;27;218;148;58;94;156;32;252;3;51;199;178;29;87,0.1,19,124,19,0.1767579695384827,,False,0.8887945670628183,,,,,,19,0,55.214099993463606,3.588599996874109,70.82290000107605,2.3246000055223703
DynamicOnly_B10,JILONG_EI_0039,1000,B10,101;55;25;180;60;27;218;148;58;94;156;32;252;51;3;178;199;29;87,0.1,19,124,19,0.1767579695384827,,False,0.8921901528013583,,,,,,19,0,55.4136999999173,3.2330000103684142,71.13909999316093,2.299100000527688
DynamicOnly_B10,JILONG_EI_0039,1010,B10,101;55;25;180;60;27;148;218;58;156;94;32;252;51;178;3;199;29;87,0.1,19,124,19,0.1767579695384827,,False,0.8934634974533109,,,,,,19,0,54.54710000776686,2.645999993546866,70.69559999217745,2.2699000110151246
DynamicOnly_B10,JILONG_EI_0039,1020,B10,101;55;25;180;60;27;218;148;58;156;94;32;178;252;51;3;199;29;87,0.1,19,124,19,0.1767579695384827,,False,0.8951612903225808,,,,,,19,0,54.46799998753704,2.6150999910896644,71.50730000284966,3.1860000017331918
DynamicOnly_B10,JILONG_EI_0039,1030,B10,101;55;25;180;60;27;218;148;58;94;178;156;199;32;252;51;3;29;87,0.1,19,124,19,0.1767579695384827,,False,0.8972835314091682,,,,,,19,0,54.330500002834015,3.070899998419918,70.39310000254773,2.3496999929193407
DynamicOnly_B10,JILONG_EI_0039,1040,B10,101;55;25;180;60;27;218;148;178;58;94;199;156;32;252;51;3;29;87,0.1,19,124,19,0.1767579695384827,,False,0.8934634974533108,,,,,,19,0,54.7662000026321,2.594699995825067,70.21700000041164,2.210300008300692
DynamicOnly_B10,JILONG_EI_0039,1050,B10,101;55;25;180;60;27;218;148;178;58;199;94;156;32;252;51;3;29;87,0.1,19,124,19,0.1767579695384827,,False,0.8985568760611207,,,,,,19,0,54.14860000018962,2.5754000089364126,69.98449999082368,2.752700005657971
DynamicOnly_B10,JILONG_EI_0039,1060,B10,101;25;55;180;60;27;218;178;148;58;199;94;156;32;3;252;51;29;87,0.1,19,124,19,0.1767579695384827,,False,0.8989813242784381,,,,,,19,0,55.7115999981761,2.7350000018486758,72.07829999970272,2.5381999876117334
DynamicOnly_B10,JILONG_EI_0039,1070,B10,101;25;55;180;60;27;178;218;148;58;199;94;156;32;252;3;51;29;212,0.1,19,124,19,0.1793538605263762,,False,0.8994057724957556,,,,,,19,0,54.9167999997735,3.4633000032044947,70.02930001181085,2.2735999955330044
DynamicOnly_B10,JILONG_EI_0039,1080,B10,101;25;55;180;60;178;27;218;148;58;199;94;156;32;3;252;51;29;212,0.1,19,124,19,0.1793538605263762,,False,0.8998302207130731,,,,,,19,0,54.15579999680631,3.185599998687394,69.9181999952998,2.292899996973574
DynamicOnly_B10,JILONG_EI_0039,1090,B10,101;25;55;180;60;178;27;218;148;58;199;94;156;32;3;252;51;29;212,0.1,19,124,19,0.1793538605263762,,False,0.8985568760611207,,,,,,19,0,55.09209999581799,3.702600006363354,70.2651000028709,2.315500008990057
DynamicOnly_B10,JILONG_EI_0039,1100,B10,101;25;55;180;60;178;27;218;148;58;199;94;156;32;3;51;29;212;252,0.1,19,124,19,0.1793538605263762,,False,0.8913412563667233,,,,,,19,0,54.50549999659415,2.601799991680309,71.56439998652786,2.40979999944102
DynamicOnly_B10,JILONG_EI_0039,1110,B10,101;27;55;25;180;178;60;62;218;148;58;199;94;156;32;3;51;29;212,0.1,19,125,19,0.1838105229303704,,False,0.9014736842105264,,,,,,19,0,56.58869999751914,2.7608000091277063,71.46749999083113,2.3342999920714647
DynamicOnly_B10,JILONG_EI_0039,1120,B10,101;25;55;178;180;60;27;218;148;58;199;94;32;156;3;51;29;212;192,0.1,19,124,19,0.179170080633428,,False,0.8875212224108658,,,,,,19,0,54.69020000600722,2.7711000002454966,71.24020000628661,2.5462000048719347
DynamicOnly_B10,JILONG_EI_0039,1130,B10,101;25;55;178;180;60;218;27;148;58;199;94;156;3;32;51;29;212;192,0.1,19,124,19,0.179170080633428,,False,0.8892190152801358,,,,,,19,0,55.820800000219606,2.8883000049972907,70.5446999927517,2.4187999952118844
DynamicOnly_B10,JILONG_EI_0039,1140,B10,101;25;55;178;60;180;27;218;148;58;199;94;156;3;32;51;29;212;170,0.1,19,124,19,0.1877005306644409,,False,0.8862478777589134,,,,,,19,0,54.83249999815598,3.0574000120395795,70.78480000200216,2.4763000110397115
DynamicOnly_B10,JILONG_EI_0039,1150,B10,101;25;55;178;60;180;218;27;148;58;199;94;156;3;32;51;29;212;170,0.1,19,124,19,0.1877005306644409,,False,0.8883701188455007,,,,,,19,0,54.580199997872114,2.8811000083805998,70.38210000609979,2.4370000028284267
DynamicOnly_B10,JILONG_EI_0039,1160,B10,101;25;55;178;60;180;27;218;148;58;199;94;156;3;32;29;51;212;170,0.1,19,124,19,0.1877005306644409,,False,0.8883701188455009,,,,,,19,0,54.93169999681413,3.2044999970821664,70.43510000221431,2.26910000492353
DynamicOnly_B10,JILONG_EI_0039,1170,B10,101;55;25;178;60;180;218;27;148;58;199;94;156;3;32;29;212;51;170,0.1,19,124,19,0.1877005306644409,,False,0.8858234295415958,,,,,,19,0,54.892100000870414,2.7599999884841964,70.85550000192598,2.411499997833744
DynamicOnly_B10,JILONG_EI_0039,1180,B10,101;55;25;178;45;180;27;218;148;58;199;94;156;3;32;212;51;170;192,0.1,19,124,19,0.1828686509790108,,False,0.8794567062818337,,,,,,19,0,55.574300000444055,2.763500000583008,71.09660000423901,2.92690000787843
DynamicOnly_B10,JILONG_EI_0039,1190,B10,101;55;25;178;45;218;180;27;148;58;199;94;156;3;32;212;51;170;192,0.1,19,124,19,0.1828686509790108,,False,0.8820033955857385,,,,,,19,0,56.04549999407027,2.9273999971337616,70.8747000026051,2.468499995302409
DynamicOnly_B10,JILONG_EI_0039,1200,B10,101;55;25;178;45;218;180;27;148;58;199;94;156;3;32;212;51;170;192,0.1,19,124,19,0.1828686509790108,,False,0.8824278438030561,,,,,,19,0,54.43889999878593,2.781000002869405,70.00910000351723,2.251500001875684
DynamicOnly_B10,JILONG_EI_0039,1210,B10,101;25;55;178;45;180;218;27;148;58;199;94;156;3;32;212;51;170;192,0.1,19,124,19,0.1828686509790108,,False,0.8820033955857385,,,,,,19,0,54.44750000606291,2.6541999977780506,69.95180000376422,2.246100004413165
DynamicOnly_B10,JILONG_EI_0039,1220,B10,101;25;55;45;178;218;180;27;148;58;199;94;156;32;3;212;51;170;192,0.1,19,124,19,0.1828686509790108,,False,0.881578947368421,,,,,,19,0,54.75369999476243,2.787499994155951,69.74010000703856,2.24389998766128
DynamicOnly_B10,JILONG_EI_0039,1230,B10,101;25;55;45;178;218;180;27;148;58;199;94;32;155;3;212;50;192;141,0.1,19,124,19,0.1664969255155408,,False,0.8803056027164686,,,,,,19,0,54.54810000082944,2.869999996619299,70.04649999726098,2.206000004662201
DynamicOnly_B10,JILONG_EI_0039,1240,B10,101;25;55;45;178;218;180;27;148;58;199;94;32;155;3;212;51;141;192,0.1,19,124,19,0.1722247321790935,,False,0.8824278438030561,,,,,,19,0,54.95020000671502,2.670899993972853,70.75730001088232,2.291599987074733
DynamicOnly_B10,JILONG_EI_0039,1250,B10,101;25;55;45;178;218;27;180;148;58;199;94;32;155;3;212;51;141;192,0.1,19,124,19,0.1722247321790935,,False,0.8837011884550084,,,,,,19,0,56.91579999984242,3.073600004427135,70.89750000159256,2.950800000689924
DynamicOnly_B10,JILONG_EI_0039,1260,B10,101;25;55;45;178;218;27;180;148;58;199;94;155;32;3;212;51;141;192,0.1,19,125,19,0.1722247321790935,,False,0.8795789473684209,,,,,,19,0,54.14029999519698,2.5698999961605296,70.02569999895059,2.218600013293326
DynamicOnly_B10,JILONG_EI_0039,1270,B10,101;25;55;45;178;218;27;180;148;199;58;94;32;155;3;212;51;141;192,0.1,19,125,19,0.1722247321790935,,False,0.878736842105263,,,,,,19,0,56.00180001056288,2.723899990087375,70.00500000140164,2.2292999929049984
DynamicOnly_B10,JILONG_EI_0039,1280,B10,101;25;55;45;178;218;27;180;148;199;58;94;155;32;3;212;51;141;192,0.1,19,125,19,0.1722247321790935,,False,0.8812631578947369,,,,,,19,0,54.21299999579787,2.553500002250076,69.98010000097565,2.2462000051746145
DynamicOnly_B10,JILONG_EI_0039,1290,B10,101;25;55;45;178;218;27;180;148;199;58;94;32;155;3;212;51;141;112,0.1,19,125,19,0.1729368792642678,,False,0.8825263157894735,,,,,,19,0,54.68449999170844,2.920600003562868,69.84890000603627,2.274400001624599
DynamicOnly_B10,JILONG_EI_0039,1300,B10,101;25;55;45;178;218;27;180;148;199;58;94;155;32;3;212;112;51;141,0.1,19,125,19,0.1729368792642678,,False,0.888842105263158,,,,,,19,0,54.850400003488176,2.8806000045733526,69.98729999759234,2.271499994094484
DynamicOnly_B10,JILONG_EI_0039,1310,B10,101;25;55;45;178;218;27;180;148;199;94;58;155;32;3;212;112;51;141,0.1,19,125,19,0.1729368792642678,,False,0.8892631578947366,,,,,,19,0,55.38420000812039,3.9432000048691407,71.03069999720901,2.2637000074610114
DynamicOnly_B10,JILONG_EI_0039,1320,B10,101;25;55;45;178;27;218;180;148;199;94;58;155;32;3;212;112;51;141,0.1,19,125,19,0.1729368792642678,,False,0.8896842105263157,,,,,,19,0,54.156400001375005,2.5729000044520944,69.94499999564141,2.2907999955350533
DynamicOnly_B10,JILONG_EI_0039,1330,B10,101;25;55;45;178;218;27;180;148;199;94;58;155;32;3;212;112;50;141,0.1,19,125,19,0.1672090726007152,,False,0.8917894736842105,,,,,,19,0,54.783100000349805,3.4034999989671637,69.8813000053633,2.228600002126768
DynamicOnly_B10,JILONG_EI_0039,1340,B10,101;25;55;45;178;218;27;148;180;94;199;58;155;32;212;3;112;50;141,0.1,19,125,19,0.1672090726007152,,False,0.8926315789473687,,,,,,19,0,54.70040001091547,2.6119999965885654,70.9528000006685,2.2834999981569126
DynamicOnly_B10,JILONG_EI_0039,1350,B10,101;25;55;45;178;218;27;148;180;199;58;155;32;94;212;3;112;50;141,0.1,19,125,19,0.1672090726007152,,False,0.8926315789473684,,,,,,19,0,55.51669999840669,3.1500000040978198,70.65569999394938,2.402300000539981
DynamicOnly_B10,JILONG_EI_0039,1360,B10,101;25;55;45;178;218;27;32;148;180;199;58;155;94;212;3;112;50;141,0.1,19,125,19,0.1672090726007152,,False,0.8947368421052632,,,,,,19,0,54.64400000346359,3.935500004445202,70.44520000636112,2.2510999988298863
DynamicOnly_B10,JILONG_EI_0039,1370,B10,101;25;55;45;178;218;27;32;148;180;199;58;155;94;212;3;112;50;141,0.1,19,125,19,0.1672090726007152,,False,0.8955789473684209,,,,,,19,0,55.75030000181869,2.581099994131364,70.28130000981037,2.327199996216222
DynamicOnly_B10,JILONG_EI_0039,1380,B10,101;25;55;178;218;62;27;32;148;180;199;58;155;94;212;3;60;112;50,0.1,19,124,19,0.1718648298887365,,False,0.9070458404074704,,,,,,19,0,54.84739999519661,2.599200000986457,70.33030000457074,2.968799992231652
DynamicOnly_B10,JILONG_EI_0039,1390,B10,101;25;55;178;218;27;32;148;180;199;58;155;212;94;60;3;112;50;141,0.1,19,123,19,0.1693378563606986,,False,0.8960205391527599,,,,,,19,0,54.37260000326205,2.7818999951705337,70.94540000252891,2.2686000011162832
DynamicOnly_B10,JILONG_EI_0039,1400,B10,101;25;55;178;218;27;32;148;180;199;58;155;212;94;60;3;112;50;141,0.1,19,123,19,0.1693378563606986,,False,0.8994437312794179,,,,,,19,0,54.594899993389845,2.599800005555153,71.73209999746177,2.389400004176423
DynamicOnly_B10,JILONG_EI_0039,1410,B10,101;25;55;178;27;218;32;148;180;199;77;58;155;212;3;112;141;34;192,0.1,19,123,19,0.1667189928861866,,False,0.8866067608044502,,,,,,19,0,55.1048999914201,3.619399998569861,70.89869999617804,2.3988000029930845
DynamicOnly_B10,JILONG_EI_0039,1420,B10,101;25;55;178;27;32;2;218;148;180;199;58;155;212;94;60;112;34;141,0.1,19,124,19,0.1687788591863145,,False,0.8977079796264856,,,,,,19,0,55.0191999936942,2.682099991943687,69.83730000501964,2.2988999990047887
DynamicOnly_B10,JILONG_EI_0039,1430,B10,101;25;55;178;218;27;32;148;77;180;199;58;155;212;3;112;34;141;192,0.1,19,123,19,0.1667189928861866,,False,0.8900299529311082,,,,,,19,0,54.41430000064429,2.5944000080926344,69.65309999941383,2.847399999154732
DynamicOnly_B10,JILONG_EI_0039,1440,B10,101;25;55;178;27;218;32;148;180;58;199;155;212;94;3;60;112;34;141,0.1,19,123,19,0.1697513611198321,,False,0.8968763371844244,,,,,,19,0,54.87100000027567,2.58390000090003,70.57930000883061,2.642599996761419
DynamicOnly_B10,JILONG_EI_0049,10,B10,78;206;252;174;14;192;44;46;5;32;121;83;128;166;141;202;34;25;91,0.1,19,128,19,0.0874256265745725,,False,0.8869243421052632,,,,,,19,0,54.560699994908646,2.635299999383278,70.11960000090767,2.319800012628548
DynamicOnly_B10,JILONG_EI_0049,20,B10,77;141;174;79;206;46;44;252;14;32;42;128;5;203;83;121;192;166;70,0.1,19,127,19,0.0943633175333675,,False,0.8827186075424782,,,,,,19,0,54.203600011533126,3.224299987778068,70.26860000041779,2.266999988933094
DynamicOnly_B10,JILONG_EI_0049,30,B10,77;79;141;206;44;252;147;55;144;99;32;25;174;74;13;176;46;5;50,0.1,19,128,19,0.1095634461792926,,False,0.8708881578947368,,,,,,19,0,55.7390000030864,3.1761999998707324,69.88720000663307,2.280799992149696
DynamicOnly_B10,JILONG_EI_0049,40,B10,77;79;44;174;166;25;85;206;128;141;252;172;32;83;106;50;74;23;147,0.1,19,127,19,0.1027789051312877,,False,0.8694571073352673,,,,,,19,0,54.46610000217333,2.655400006915442,70.32359999720939,3.239999990910292
DynamicOnly_B10,JILONG_EI_0049,50,B10,61;93;79;29;99;121;172;206;25;141;85;27;19;128;174;88;5;56;58,0.1,19,124,19,0.1234847730701196,,False,0.8718166383701189,,,,,,19,0,54.30790000536945,2.715800001169555,72.48790000448935,3.1454000127268955
DynamicOnly_B10,JILONG_EI_0049,60,B10,61;47;93;79;206;29;42;176;141;83;5;88;49;91;24;203;56;120;86,0.1,19,124,19,0.1070824176244917,,False,0.8629032258064516,,,,,,19,0,55.20599998999387,3.0267999973148108,70.85089999600314,2.275899998494424
DynamicOnly_B10,JILONG_EI_0049,70,B10,60;79;93;29;27;141;49;25;70;206;91;89;174;56;218;252;121;176;172,0.1,19,123,19,0.1156971001064391,,False,0.83739837398374,,,,,,19,0,55.95569999422878,2.557400002842769,70.41670000762679,2.256899999338202
DynamicOnly_B10,JILONG_EI_0049,80,B10,44;77;79;47;42;14;218;34;206;32;141;70;101;209;56;166;4;135;121,0.1,19,124,19,0.1398564985335896,,False,0.8272495755517827,,,,,,19,0,54.81119999603834,2.684199993382208,70.43680000060704,2.2101999929873277
DynamicOnly_B10,JILONG_EI_0049,90,B10,28;61;79;93;47;206;14;141;42;49;203;90;192;99;155;10;174;40;252,0.1,19,123,19,0.0997924818708793,,False,0.8271287976037656,,,,,,19,0,54.64210000354797,2.6757000014185905,70.3304000053322,2.562299996498041
DynamicOnly_B10,JILONG_EI_0049,100,B10,28;61;26;93;47;206;141;70;49;91;176;252;203;40;99;58;120;14;5,0.1,19,121,19,0.1200389000773407,,False,0.8242714223575467,,,,,,19,0,54.66889998933766,2.595600002678111,70.36230000085197,2.359200007049367
DynamicOnly_B10,JILONG_EI_0049,110,B10,28;76;26;78;141;47;252;190;203;40;32;20;99;70;176;128;74;172;117,0.1,19,121,19,0.140660535565238,,False,0.8160069595476293,,,,,,19,0,54.4693000119878,3.532900009304285,69.89050000265706,2.662999992026016
DynamicOnly_B10,JILONG_EI_0049,120,B10,28;60;93;252;26;47;32;40;4;203;14;91;86;206;88;141;217;135;128,0.1,19,118,19,0.1110566578094968,,False,0.8135593220338982,,,,,,19,0,56.48349999682978,2.6651999942259863,70.69049999699928,2.2507999965455383
DynamicOnly_B10,JILONG_EI_0049,130,B10,27;60;93;47;29;252;101;40;202;32;141;176;106;58;174;104;34;4;135,0.1,19,118,19,0.0980389153923317,,False,0.8327386262265835,,,,,,19,0,54.64109999593347,3.4543999936431646,70.36930001049768,2.229999998235144
DynamicOnly_B10,JILONG_EI_0049,140,B10,27;61;93;47;29;202;25;252;101;141;176;121;174;57;32;34;112;103;211,0.1,19,119,19,0.1249090672404683,,False,0.8257408226448474,,,,,,19,0,54.16949999926146,3.5109000018564984,69.89369999791961,2.3606000031577423
DynamicOnly_B10,JILONG_EI_0049,150,B10,27;61;25;94;29;101;252;202;121;211;32;3;176;56;87;170;229;141;74,0.1,19,118,19,0.1559984991308742,,False,0.8198037466547725,,,,,,19,0,54.277300005196594,3.428900003200397,69.82459999562707,2.6123999996343628
DynamicOnly_B10,JILONG_EI_0049,160,B10,26;28;60;78;40;101;70;232;3;32;203;121;235;211;89;206;135;229;192,0.1,19,118,19,0.1652793837247589,,False,0.8175735950044603,,,,,,19,0,54.33280000579544,2.61730000784155,71.35149999521673,2.2453000128734857
DynamicOnly_B10,JILONG_EI_0049,170,B10,26;58;28;60;78;40;106;232;186;101;70;235;32;229;192;179;3;206;50,0.1,19,119,19,0.1644064292332549,,False,0.8071649712516585,,,,,,19,0,55.09919999167323,3.0343000107677653,71.00669998908415,2.255300001706928
DynamicOnly_B10,JILONG_EI_0049,180,B10,25;27;58;45;78;56;233;70;90;101;229;206;186;50;103;32;128;135;179,0.1,19,119,19,0.1642685943135438,,False,0.8040689960194602,,,,,,19,0,55.17360000521876,2.610199997434393,71.71750000270549,2.278499989188276
DynamicOnly_B10,JILONG_EI_0049,190,B10,25;27;45;78;58;101;56;70;233;206;106;88;186;19;119;229;49;251;179,0.1,19,119,19,0.1571624384528796,,False,0.7952233524988942,,,,,,19,0,56.56369999633171,2.5710999907460064,70.49670000560582,2.2419000015361235
DynamicOnly_B10,JILONG_EI_0049,200,B10,41;28;60;94;23;101;55;10;89;19;119;216;99;50;160;121;87;251;5,0.1,19,120,19,0.1139129036457336,,False,0.8030701754385965,,,,,,19,0,55.16210000496358,2.5483000063104555,70.47599999350496,2.5129999994533136
DynamicOnly_B10,JILONG_EI_0049,210,B10,24;26;28;58;60;56;88;94;101;119;99;49;216;106;176;251;3;141;70,0.1,19,121,19,0.1449563905629025,,False,0.8086124401913876,,,,,,19,0,54.28070000198204,2.591600001323968,70.11519999650773,3.8335999997798353
DynamicOnly_B10,JILONG_EI_0049,220,B10,40;26;28;101;60;94;88;58;119;251;70;121;233;50;91;202;215;99;160,0.1,19,121,19,0.1477820064169812,,False,0.7785993910395824,,,,,,19,0,54.80119999265298,2.626799992867745,70.59979999030475,2.331200012122281
DynamicOnly_B10,JILONG_EI_0049,230,B10,40;26;28;101;94;60;88;70;58;209;251;119;233;19;112;99;52;91;121,0.1,19,121,19,0.1524454212005421,,False,0.8055676381035233,,,,,,19,0,54.16840000543744,2.612899988889694,70.67689999530558,2.3246999917319044
DynamicOnly_B10,JILONG_EI_0049,240,B10,55;41;23;27;101;60;94;88;29;252;232;135;99;19;219;112;121;91;51,0.1,19,122,19,0.1229717208689726,,False,0.7903364969801553,,,,,,19,0,54.65749998984393,2.560400011134334,70.24030000320636,3.0497999978251755
DynamicOnly_B10,JILONG_EI_0049,250,B10,55;25;23;28;60;101;94;89;232;252;135;58;99;19;112;176;219;240;121,0.1,19,121,19,0.1326661102219908,,False,0.7933884297520661,,,,,,19,0,54.34459999378305,2.7025000017602,70.12070000928361,2.558599997428246
DynamicOnly_B10,JILONG_EI_0049,260,B10,55;41;23;27;60;101;94;233;252;88;135;46;240;19;99;176;203;106;112,0.1,19,122,19,0.1349174139106064,,False,0.7933563416738567,,,,,,19,0,54.67519999365322,2.8051999979652464,70.45119999384042,2.263600006699562
DynamicOnly_B10,JILONG_EI_0049,270,B10,55;24;26;28;60;101;94;46;58;89;232;252;135;176;19;99;203;66;240,0.1,19,122,19,0.1507990596595477,,False,0.8011216566005178,,,,,,19,0,54.8001999995904,2.622600004542619,72.06930000393186,2.675499999895692
DynamicOnly_B10,JILONG_EI_0049,280,B10,40;26;71;60;28;101;94;252;89;58;135;176;232;19;203;240;66;32;112,0.1,19,121,19,0.1615042384237811,,False,0.7903436276642019,,,,,,19,0,55.56520000391174,2.616199999465607,72.09940000029746,3.61960000009276
DynamicOnly_B10,JILONG_EI_0049,290,B10,40;60;26;71;28;101;94;46;252;58;176;89;135;19;232;240;32;203;112,0.1,19,122,19,0.1589389774180456,,False,0.7981018119068162,,,,,,19,0,55.82189999404363,2.6477999927010387,70.36209999932908,2.205500000854954
DynamicOnly_B10,JILONG_EI_0049,300,B10,40;60;26;70;28;101;94;46;72;176;58;252;135;240;217;32;19;105;112,0.1,19,122,19,0.1569786585599314,,False,0.8037100949094047,,,,,,19,0,54.78959999163635,2.7498999988893047,69.67750001058448,2.235599997220561
DynamicOnly_B10,JILONG_EI_0049,310,B10,40;26;60;70;28;101;94;176;72;46;58;217;166;240;32;135;252;105;19,0.1,19,123,19,0.1576142306897106,,False,0.811724433033804,,,,,,19,0,55.073499999707565,4.57450000976678,70.64530000207014,3.079700007219799
DynamicOnly_B10,JILONG_EI_0049,320,B10,40;60;26;70;28;101;94;46;72;176;166;217;58;32;240;135;105;252;148,0.1,19,123,19,0.1795452979148639,,False,0.808729139922978,,,,,,19,0,56.002700002864,2.589899988379329,70.01909999235068,2.701899997191504
DynamicOnly_B10,JILONG_EI_0049,330,B10,40;60;26;70;28;101;94;14;46;176;72;166;217;58;32;240;148;135;180,0.1,19,124,19,0.1963841306062439,,False,0.8174872665534805,,,,,,19,0,54.860699994605966,2.635299999383278,70.21700000041164,2.2484000073745847
DynamicOnly_B10,JILONG_EI_0049,340,B10,40;60;26;70;28;101;94;46;176;166;72;148;32;217;240;58;180;90;135,0.1,19,124,19,0.1957255859898461,,False,0.8170628183361629,,,,,,19,0,54.62660000193864,2.8763000009348616,70.01969999691937,2.331000010599382
DynamicOnly_B10,JILONG_EI_0049,350,B10,40;60;70;26;28;101;94;176;180;90;148;166;72;46;32;217;240;58;135,0.1,19,124,19,0.1957255859898461,,False,0.816213921901528,,,,,,19,0,54.46719999599736,2.729699990595691,70.00180000613909,2.213800005847588
DynamicOnly_B10,JILONG_EI_0049,360,B10,60;40;70;26;28;101;94;46;180;176;148;166;72;32;217;240;58;135;105,0.1,19,124,19,0.1961620632355981,,False,0.817911714770798,,,,,,19,0,54.3898000032641,3.2435000030091032,70.26690000202507,2.23280000500381
DynamicOnly_B10,JILONG_EI_0049,370,B10,40;60;70;26;28;101;94;180;148;176;72;166;32;217;90;240;58;135;46,0.1,19,123,19,0.1957255859898461,,False,0.8198545143346171,,,,,,19,0,54.17180000222288,2.75129999499768,70.67309999547433,2.245099996798672
DynamicOnly_B10,JILONG_EI_0049,380,B10,70;40;60;26;28;101;94;180;148;176;72;46;166;32;217;58;240;105;135,0.1,19,123,19,0.1961620632355981,,False,0.8258451005562687,,,,,,19,0,55.32689999381546,2.667599997948855,70.54919999791309,2.2915000008651987
DynamicOnly_B10,JILONG_EI_0049,390,B10,70;40;60;26;28;101;180;94;148;72;176;46;166;32;217;58;240;105;252,0.1,19,122,19,0.1939413895291406,,False,0.8226919758412423,,,,,,19,0,54.97769999783486,2.923200008808635,71.13329999265261,2.348499998333864
DynamicOnly_B10,JILONG_EI_0049,400,B10,70;56;60;26;28;101;180;24;78;148;90;46;176;166;32;58;217;252;240,0.1,19,123,19,0.2073420067232811,,False,0.8318356867779204,,,,,,19,0,54.51240000547841,2.7236000023549423,70.8162000082666,2.2413000115193427
DynamicOnly_B10,JILONG_EI_0049,410,B10,56;70;60;26;28;101;24;180;78;148;90;166;32;176;58;46;217;252;135,0.1,19,123,19,0.1893622071965143,,False,0.8361146769362431,,,,,,19,0,55.60680000053253,2.7196999872103333,70.06060000276193,2.3832000006223097
DynamicOnly_B10,JILONG_EI_0049,420,B10,56;70;60;26;28;101;24;180;78;148;46;32;58;166;176;90;217;252;190,0.1,19,124,19,0.1886347451202609,,False,0.8399830220713074,,,,,,19,0,55.735800007823855,2.601400003186427,70.16660000954289,3.1082999921636656
DynamicOnly_B10,JILONG_EI_0049,430,B10,56;70;26;60;28;101;24;180;78;148;90;32;58;166;252;217;176;46;99,0.1,19,123,19,0.1884509652273127,,False,0.837826272999572,,,,,,19,0,55.02400000113994,2.6802000065799803,71.26379999681376,2.525199990486726
DynamicOnly_B10,JILONG_EI_0049,440,B10,56;70;26;60;28;101;24;180;148;90;78;58;32;166;252;217;99;176;135,0.1,19,123,19,0.189538329593923,,False,0.8433889602053914,,,,,,19,0,55.77170000469778,2.633700001752004,71.14859999273904,2.2664999996777624
DynamicOnly_B10,JILONG_EI_0049,450,B10,56;70;26;28;60;24;101;180;148;78;58;32;252;166;217;135;176;90;88,0.1,19,124,19,0.1894081521697513,,False,0.8416808149405771,,,,,,19,0,55.70070000248961,3.685300005599856,71.12100000085775,2.2594999900320545
DynamicOnly_B10,JILONG_EI_0049,460,B10,56;70;26;28;60;101;24;180;148;78;58;90;32;252;166;217;135;176;88,0.1,19,124,19,0.1894081521697513,,False,0.8442275042444821,,,,,,19,0,54.07030000060331,2.632500007166527,70.0527000008151,2.2022999910404906
DynamicOnly_B10,JILONG_EI_0049,470,B10,56;70;26;28;60;101;180;24;148;58;78;32;252;90;217;166;99;135;190,0.1,19,125,19,0.1909549662687321,,False,0.847578947368421,,,,,,19,0,54.87530000391416,2.5591000012354925,70.69750000664499,3.0848000023979694
DynamicOnly_B10,JILONG_EI_0049,480,B10,56;70;26;28;60;101;180;24;148;58;78;32;90;252;166;217;135;68;211,0.1,19,124,19,0.2105198673721772,,False,0.8467741935483871,,,,,,19,0,55.086099993786775,3.4955000010086223,69.97100000444334,2.213200001278892
DynamicOnly_B10,JILONG_EI_0049,490,B10,56;70;26;28;60;180;101;24;148;58;78;32;252;166;90;217;135;68;211,0.1,19,124,19,0.2105198673721772,,False,0.849320882852292,,,,,,19,0,55.94930000370368,2.764100005151704,71.90029999765102,3.1017000001156703
DynamicOnly_B10,JILONG_EI_0049,500,B10,70;56;26;28;60;180;101;24;148;58;78;90;252;32;166;217;135;68;211,0.1,19,124,19,0.2105198673721772,,False,0.8527164685908319,,,,,,19,0,55.40260000270791,2.6110000035259877,70.82999999693129,2.474900000379421
DynamicOnly_B10,JILONG_EI_0049,510,B10,70;56;26;28;60;180;24;101;148;58;78;252;32;166;90;217;135;68;88,0.1,19,124,19,0.1983061619866606,,False,0.8539898132427844,,,,,,19,0,54.95359998894856,2.634699994814582,71.37209999200422,2.2995000035734847
DynamicOnly_B10,JILONG_EI_0049,520,B10,70;56;26;28;60;180;24;101;148;58;78;252;32;166;90;217;135;68;3,0.1,19,124,19,0.1979003147230666,,False,0.8556876061120543,,,,,,19,0,56.40750000020489,3.6349000001791865,69.6198999939952,2.221200003987178
DynamicOnly_B10,JILONG_EI_0049,530,B10,70;56;26;28;180;60;101;24;148;58;78;90;252;32;14;166;217;99;135,0.1,19,124,19,0.1899977793262935,,False,0.8650254668930392,,,,,,19,0,54.14559999189805,3.0149999947752804,70.19890000810847,2.226899989182129
DynamicOnly_B10,JILONG_EI_0049,540,B10,70;56;26;28;180;60;101;24;148;58;78;252;32;166;90;217;135;3;68,0.1,19,124,19,0.1979003147230666,,False,0.8607809847198642,,,,,,19,0,54.21459999342915,3.293499990832061,70.19820000277832,2.242700007627718
DynamicOnly_B10,JILONG_EI_0049,550,B10,70;56;26;28;180;60;101;24;148;58;78;252;32;90;166;217;68;135;99,0.1,19,124,19,0.1984363394108323,,False,0.8633276740237691,,,,,,19,0,55.38419999356847,2.6901999954134226,70.07099999464117,2.285399998072535
DynamicOnly_B10,JILONG_EI_0049,560,B10,70;56;26;28;180;60;101;24;78;148;58;252;90;32;68;166;217;135;3,0.1,19,124,19,0.1979003147230666,,False,0.8662988115449916,,,,,,19,0,54.5369000028586,2.7187999949092045,71.43679998989683,2.252599995699711
DynamicOnly_B10,JILONG_EI_0049,570,B10,70;56;26;28;180;101;60;24;58;148;78;68;252;90;32;166;217;135;3,0.1,19,124,19,0.1979003147230666,,False,0.8701188455008488,,,,,,19,0,54.983900001388974,2.8726999880746007,70.80160001351032,2.264199996716343
DynamicOnly_B10,JILONG_EI_0049,580,B10,70;56;26;28;180;60;101;24;68;58;148;78;90;252;32;166;217;3;135,0.1,19,124,19,0.1979003147230666,,False,0.8739388794567063,,,,,,19,0,54.61639999703039,3.04100000357721,71.95460000366438,3.5140999971190467
DynamicOnly_B10,JILONG_EI_0049,590,B10,70;56;26;28;180;60;101;24;68;148;78;58;32;90;252;166;190;217;3,0.1,19,125,19,0.1971728526468133,,False,0.8749473684210526,,,,,,19,0,54.4897000072524,2.62539999675937,70.14960001106374,2.2441000037360936
DynamicOnly_B10,JILONG_EI_0049,600,B10,70;56;26;28;180;101;60;68;24;78;58;148;32;90;252;166;3;217;135,0.1,19,124,19,0.1979003147230666,,False,0.8760611205432937,,,,,,19,0,54.27900000358932,2.6252999959979206,70.18150000658352,2.276299986988306
DynamicOnly_B10,JILONG_EI_0049,610,B10,70;56;26;180;28;101;60;68;24;78;58;148;32;252;90;166;3;217;135,0.1,19,124,19,0.1979003147230666,,False,0.8756366723259762,,,,,,19,0,54.40259999886621,3.458199993474409,71.36149999860208,2.541599998949096
DynamicOnly_B10,JILONG_EI_0049,620,B10,70;56;26;28;180;101;68;60;24;78;58;148;32;90;252;3;166;217;199,0.1,19,124,19,0.1964377330750205,,False,0.879032258064516,,,,,,19,0,56.18739999772515,2.699399992707185,72.96449999557808,2.395300005446188
DynamicOnly_B10,JILONG_EI_0049,630,B10,70;56;26;28;180;101;68;60;24;78;58;148;32;90;166;3;252;217;199,0.1,19,124,19,0.1964377330750205,,False,0.8781833616298811,,,,,,19,0,55.565900009241886,2.718599993386306,73.09289999830071,2.571299992268905
DynamicOnly_B10,JILONG_EI_0049,640,B10,70;56;26;28;180;101;68;60;24;78;58;148;32;90;3;166;252;217;199,0.1,19,124,19,0.1964377330750205,,False,0.8794567062818335,,,,,,19,0,54.6984000102384,3.5007999977096915,70.50349999917671,2.264800001285039
DynamicOnly_B10,JILONG_EI_0049,650,B10,70;56;24;26;180;28;101;68;60;78;58;148;32;3;90;166;252;217;199,0.1,19,124,19,0.1964377330750205,,False,0.8798811544991512,,,,,,19,0,54.88820000027772,2.613500008010305,70.39880000229459,2.272500001708977
DynamicOnly_B10,JILONG_EI_0049,660,B10,70;56;26;28;180;101;68;60;24;78;58;148;3;32;90;166;252;199;217,0.1,19,124,19,0.1964377330750205,,False,0.8820033955857385,,,,,,19,0,55.8385000040289,3.52549999661278,70.4154999984894,3.268000000389293
DynamicOnly_B10,JILONG_EI_0049,670,B10,70;56;26;180;101;28;68;60;24;78;58;148;3;32;90;166;252;199;217,0.1,19,124,19,0.1964377330750205,,False,0.8807300509337861,,,,,,19,0,54.7074999922188,2.652899987879209,70.78470000124071,2.3412000009557232
DynamicOnly_B10,JILONG_EI_0049,680,B10,70;56;26;180;28;101;68;78;60;24;58;148;3;32;90;166;199;252;217,0.1,19,124,19,0.1964377330750205,,False,0.881578947368421,,,,,,19,0,56.44139999640174,2.754399989498779,70.44450000103097,2.2735999955330044
DynamicOnly_B10,JILONG_EI_0049,690,B10,70;56;26;180;68;101;28;78;24;60;58;148;3;32;90;166;199;217;135,0.1,19,123,19,0.198658406781478,,False,0.8814719726144629,,,,,,19,0,55.70050000096671,2.8705000004265457,70.25649999559391,2.3718000011285767
DynamicOnly_B10,JILONG_EI_0049,700,B10,70;56;26;180;68;101;28;24;61;58;148;3;32;90;166;190;199;217;135,0.1,19,124,19,0.1889946474106179,,False,0.870967741935484,,,,,,19,0,54.240700002992526,2.890000003390014,70.34799999382813,2.2425000061048195
DynamicOnly_B10,JILONG_EI_0049,710,B10,70;56;26;180;101;68;28;60;24;78;58;148;3;32;166;90;199;217;14,0.1,19,123,19,0.1969737577627861,,False,0.8763371844244757,,,,,,19,0,56.66570000175852,2.587599999969825,69.44120000116527,2.4961000017356128
DynamicOnly_B10,JILONG_EI_0049,720,B10,70;56;26;180;101;68;28;24;78;60;58;148;3;32;166;199;90;14;217,0.1,19,123,19,0.1969737577627861,,False,0.8776208814719727,,,,,,19,0,54.44909998914227,2.576700004283339,69.88639998598956,2.275000006193295
DynamicOnly_B10,JILONG_EI_0049,730,B10,70;56;26;180;101;68;28;24;60;78;58;148;3;32;166;199;90;217;135,0.1,19,122,19,0.198658406781478,,False,0.8779119930974978,,,,,,19,0,55.74670000351034,3.458499995758757,69.90640000731219,2.2948999976506457
DynamicOnly_B10,JILONG_EI_0049,740,B10,70;56;26;180;101;68;28;24;61;58;148;3;32;199;90;166;217;135;88,0.1,19,122,19,0.188680690093498,,False,0.862381363244176,,,,,,19,0,54.344600008334965,2.5793999957386404,70.40430000051856,2.908099995693192
DynamicOnly_B10,JILONG_EI_0049,750,B10,70;56;26;101;180;68;28;24;60;78;58;148;3;32;199;90;166;217;135,0.1,19,122,19,0.198658406781478,,False,0.8766177739430543,,,,,,19,0,54.65550000371877,4.055600002175197,70.29649999458343,2.2589000000152737
DynamicOnly_B10,JILONG_EI_0049,760,B10,70;56;26;101;180;68;24;28;61;58;148;3;32;199;166;90;217;135;212,0.1,19,122,19,0.1913608135323261,,False,0.864106988783434,,,,,,19,0,54.411800010711886,2.713099995162338,70.20960000227205,2.26249999832362
DynamicOnly_B10,JILONG_EI_0049,770,B10,70;56;26;101;180;68;24;28;60;78;58;148;3;32;199;90;166;217;135,0.1,19,122,19,0.198658406781478,,False,0.875323554788611,,,,,,19,0,54.25530001230072,2.80019998899661,69.92900000477675,2.227399992989376
DynamicOnly_B10,JILONG_EI_0049,780,B10,70;56;101;26;180;68;24;61;28;58;148;3;199;32;166;90;217;135;212,0.1,19,122,19,0.1913608135323261,,False,0.8619499568593616,,,,,,19,0,54.20990000129677,2.6046999992104247,72.29890000598971,3.152000004774891
DynamicOnly_B10,JILONG_EI_0049,790,B10,70;56;101;26;68;180;24;28;60;78;58;148;3;199;32;90;166;217;14,0.1,19,122,19,0.1969737577627861,,False,0.8766177739430543,,,,,,19,0,55.07549998583272,3.3223999926121905,70.84509999549482,2.284900008817204
DynamicOnly_B10,JILONG_EI_0049,800,B10,70;56;101;26;180;68;24;28;78;60;58;148;3;199;32;90;190;166;217,0.1,19,123,19,0.1979309447052247,,False,0.8797603765511339,,,,,,19,0,55.35009999584872,2.8128000121796504,70.69170000613667,2.2204000124474987
DynamicOnly_B10,JILONG_EI_0049,810,B10,70;56;101;26;180;68;24;28;78;58;60;148;3;199;32;90;166;217;135,0.1,19,122,19,0.198658406781478,,False,0.8757549611734252,,,,,,19,0,54.73319999873638,2.742299999226816,70.42550000187475,2.246300005936064
DynamicOnly_B10,JILONG_EI_0049,820,B10,70;56;101;26;68;180;24;28;61;58;148;3;199;32;90;14;166;135;217,0.1,19,122,19,0.1880374604681793,,False,0.8662640207075064,,,,,,19,0,54.22619999444578,2.5737999967532232,69.819299998926,2.187000005505979
DynamicOnly_B10,JILONG_EI_0049,830,B10,70;101;56;26;68;180;24;28;60;78;58;148;3;199;32;90;166;217;212,0.1,19,122,19,0.2002971108269329,,False,0.8792062122519413,,,,,,19,0,54.75009999645408,3.271199995651841,70.33339999907184,2.235499996459112
DynamicOnly_B10,JILONG_EI_0049,840,B10,70;101;56;26;180;68;24;28;78;60;148;58;3;199;32;14;90;166;217,0.1,19,122,19,0.1969737577627861,,False,0.8805004314063849,,,,,,19,0,54.226499996730126,2.618900005472824,70.50150001305155,2.260799999930896
DynamicOnly_B10,JILONG_EI_0049,850,B10,70;101;56;26;180;68;24;28;78;60;58;148;3;199;14;32;190;90;166,0.1,19,123,19,0.1976935623434999,,False,0.8823277706461276,,,,,,19,0,54.274100009934045,2.5891999976010998,70.14229999913368,2.5726999883772805
DynamicOnly_B10,JILONG_EI_0049,860,B10,70;101;26;56;180;68;24;28;77;148;58;199;3;32;90;166;135;212;14,0.1,19,122,19,0.1884203352451547,,False,0.8658326143226919,,,,,,19,0,56.131499994080514,3.151800003251992,70.76360000064597,2.2918000031495467
DynamicOnly_B10,JILONG_EI_0049,870,B10,70;77;101;26;180;24;68;56;28;148;58;199;3;32;90;14;166;212;135,0.1,19,122,19,0.1884203352451547,,False,0.8584987057808454,,,,,,19,0,56.974899998749606,2.619299993966706,72.18010000360664,3.161600005114451
DynamicOnly_B10,JILONG_EI_0049,880,B10,70;101;77;24;26;180;68;56;28;148;58;199;3;32;90;14;166;212;135,0.1,19,122,19,0.1884203352451547,,False,0.8619499568593616,,,,,,19,0,55.193400010466576,2.6750999968498945,70.95039999694563,2.2382000024663284
DynamicOnly_B10,JILONG_EI_0049,890,B10,70;101;77;24;26;180;68;56;28;148;58;199;3;190;32;90;14;166;212,0.1,19,123,19,0.1876928731689013,,False,0.8673513050919983,,,,,,19,0,54.78770000627264,2.848300006007776,70.37759998638649,2.2709000040777028
DynamicOnly_B10,JILONG_EI_0049,900,B10,70;101;24;180;26;68;77;56;28;148;58;199;3;190;32;90;14;212;166,0.1,19,123,19,0.1876928731689013,,False,0.8660676080445016,,,,,,19,0,54.792800001450814,3.660699992906302,73.05379999161232,3.332399995997548
DynamicOnly_B10,JILONG_EI_0049,910,B10,70;101;24;180;26;68;60;56;28;148;78;199;58;3;32;14;90;212;166,0.1,19,122,19,0.2000597284652081,,False,0.8731665228645383,,,,,,19,0,56.819400007952936,2.7160000026924536,72.43759999983013,2.418900010525249
DynamicOnly_B10,JILONG_EI_0049,920,B10,70;101;24;180;68;26;56;77;28;148;199;58;3;14;190;32;90;212;166,0.1,19,123,19,0.1876928731689013,,False,0.8664955070603336,,,,,,19,0,57.55030000000261,3.674499996122904,71.74459999077953,2.3757999879308045
DynamicOnly_B10,JILONG_EI_0049,930,B10,70;101;24;180;68;26;77;56;28;148;199;58;3;14;32;90;212;166;155,0.1,19,122,19,0.1891095098437105,,False,0.8610871440897325,,,,,,19,0,55.915599994477816,3.401599999051541,72.41829999838956,3.2365999941248447
DynamicOnly_B10,JILONG_EI_0049,940,B10,70;101;24;180;68;26;56;77;28;148;199;58;3;14;90;32;212;166;155,0.1,19,122,19,0.1891095098437105,,False,0.8619499568593616,,,,,,19,0,54.673400009050965,2.621999999973923,70.54369999968912,2.213600004324689
DynamicOnly_B10,JILONG_EI_0049,950,B10,70;101;24;180;26;68;56;77;28;199;148;58;3;14;90;32;212;155;166,0.1,19,122,19,0.1891095098437105,,False,0.8619499568593616,,,,,,19,0,54.61379999178462,2.8543999942485243,69.4530000037048,2.1926999907009304
DynamicOnly_B10,JILONG_EI_0049,960,B10,70;101;24;180;26;68;56;77;28;199;148;58;3;14;90;212;32;155;166,0.1,19,122,19,0.1891095098437105,,False,0.8628127696289905,,,,,,19,0,54.0093000017805,2.607500005979091,71.26940001035109,3.192000003764406
DynamicOnly_B10,JILONG_EI_0049,970,B10,70;24;101;180;26;68;56;77;28;199;148;58;3;14;212;90;32;155;141,0.1,19,122,19,0.1898752593976614,,False,0.864106988783434,,,,,,19,0,56.56789999920875,2.6387999969301745,70.01730000774842,2.6473999896552414
DynamicOnly_B10,JILONG_EI_0049,980,B10,70;24;101;180;26;68;56;77;28;199;148;58;3;14;212;190;32;90;155,0.1,19,123,19,0.1894387821519094,,False,0.8652118100128371,,,,,,19,0,54.32260000088718,2.8673999913735315,70.38070000999141,2.4164000060409307
DynamicOnly_B10,JILONG_EI_0049,990,B10,70;24;101;180;68;26;56;60;28;199;148;58;78;3;14;212;90;32;155,0.1,19,123,19,0.2018056374482162,,False,0.876337184424476,,,,,,19,0,54.995800004689954,3.5860000061802566,70.19990000117105,2.1898000122746453
DynamicOnly_B10,JILONG_EI_0049,1000,B10,70;24;101;180;68;26;56;77;28;199;148;58;3;14;212;90;32;155;178,0.1,19,123,19,0.1948296590117236,,False,0.8677792041078307,,,,,,19,0,55.4100000008475,2.792400002363138,71.88679999671876,2.9529999883379787
DynamicOnly_B10,JILONG_EI_0049,1010,B10,70;24;101;180;68;26;56;28;77;199;148;58;3;178;14;212;90;32;155,0.1,19,123,19,0.1948296590117236,,False,0.8741976893453147,,,,,,19,0,53.913099996862,2.534100000048056,69.58409999788273,2.264299997477792
DynamicOnly_B10,JILONG_EI_0049,1020,B10,70;24;101;180;26;68;56;77;199;28;148;58;178;3;14;212;32;155;90,0.1,19,123,19,0.1948296590117236,,False,0.8741976893453145,,,,,,19,0,54.60519999905955,2.5605000118957832,70.61209999665152,2.2210000024642795
DynamicOnly_B10,JILONG_EI_0049,1030,B10,70;24;101;180;68;26;56;199;77;148;28;58;178;3;212;14;90;32;155,0.1,19,123,19,0.1948296590117236,,False,0.8729139922978177,,,,,,19,0,56.27929999900516,2.6354000001447275,71.13159999425989,2.7618999883998185
DynamicOnly_B10,JILONG_EI_0049,1040,B10,70;24;101;180;26;68;56;199;77;148;28;178;58;3;14;212;32;155;90,0.1,19,123,19,0.1948296590117236,,False,0.8784766795036374,,,,,,19,0,55.440700001781806,3.478200000245124,70.79120000707917,2.4544999905629084
DynamicOnly_B10,JILONG_EI_0049,1050,B10,70;24;101;180;26;68;56;77;199;28;148;178;58;3;14;212;155;32;190,0.1,19,123,19,0.1964453905705599,,False,0.8759092854086434,,,,,,19,0,54.59859999245964,3.3287999976892024,69.96019999496639,2.517500004614704
DynamicOnly_B10,JILONG_EI_0049,1060,B10,70;24;101;180;26;68;56;178;199;28;148;77;58;3;14;212;190;155;32,0.1,19,123,19,0.1964453905705599,,False,0.8818998716302954,,,,,,19,0,54.660099995089695,2.594399993540719,70.40050000068732,2.238400003989227
DynamicOnly_B10,JILONG_EI_0049,1070,B10,70;24;101;180;26;68;56;178;199;28;148;77;58;3;14;212;190;155;32,0.1,19,124,19,0.1964453905705599,,False,0.8820033955857385,,,,,,19,0,54.136999999172986,2.622300002258271,69.46800000150688,2.2449999960372224
DynamicOnly_B10,JILONG_EI_0049,1080,B10,70;24;101;180;26;68;56;77;178;199;28;148;58;3;14;212;155;135;203,0.1,19,124,19,0.1976093298925653,,False,0.8824278438030561,,,,,,19,0,55.87389999709558,3.455100013525225,71.62719999905676,3.3090999932028358
DynamicOnly_B10,JILONG_EI_0049,1090,B10,70;24;101;180;26;68;56;178;199;148;28;60;94;58;3;212;14;155;32,0.1,19,123,19,0.197800767281053,,False,0.891313649978605,,,,,,19,0,56.169000003137626,4.061500003444962,70.35189999442082,2.233799998066388
DynamicOnly_B10,JILONG_EI_0049,1100,B10,24;70;101;180;26;68;178;56;199;148;28;94;58;3;61;212;14;155;203,0.1,19,124,19,0.2115306567833924,,False,0.8900679117147707,,,,,,19,0,54.99579999013804,3.054999993764796,70.97059999068733,2.2124000097392127
DynamicOnly_B10,JILONG_EI_0049,1110,B10,24;70;101;180;178;26;68;56;199;148;28;94;58;3;60;212;14;155;141,0.1,19,123,19,0.1992786639201782,,False,0.8938810440735987,,,,,,19,0,55.73319998802617,2.667599997948855,70.6439999921713,2.3323999921558425
DynamicOnly_B10,JILONG_EI_0049,1120,B10,24;70;101;178;180;68;26;56;199;148;28;94;58;212;3;61;14;203;155,0.1,19,124,19,0.2115306567833924,,False,0.9015280135823428,,,,,,19,0,54.59280000650324,2.6415000029373914,71.36489999538753,2.5972000003093854
DynamicOnly_B10,JILONG_EI_0049,1130,B10,24;70;101;178;180;68;26;56;199;148;94;28;58;212;3;61;14;155;135,0.1,19,123,19,0.2128630610072669,,False,0.8998716302952503,,,,,,19,0,54.51089999405667,2.589399999123998,71.07730000279844,2.2561000077985227
DynamicOnly_B10,JILONG_EI_0049,1140,B10,24;70;101;178;180;26;68;56;199;148;94;28;58;212;3;61;14;155;135,0.1,19,123,19,0.2128630610072669,,False,0.8977321352160891,,,,,,19,0,54.94959998759441,2.631800001836382,72.09970000258181,3.115600004093721
DynamicOnly_B10,JILONG_EI_0049,1150,B10,24;70;101;178;180;68;26;56;199;94;148;28;58;212;3;60;14;155;135,0.1,19,123,19,0.1995696487506796,,False,0.8968763371844246,,,,,,19,0,54.74379999213852,2.6246000052196905,71.12609999603592,2.665699998033233
DynamicOnly_B10,JILONG_EI_0049,1160,B10,24;70;101;178;180;68;26;56;94;199;148;58;212;28;3;61;14;155;135,0.1,19,123,19,0.2128630610072669,,False,0.8968763371844246,,,,,,19,0,55.720199990901165,2.658999990671873,71.00130000617355,2.5747000036062677
DynamicOnly_B10,JILONG_EI_0049,1170,B10,24;70;101;178;180;68;26;56;94;199;148;212;58;28;2;61;14;203;155,0.1,19,125,19,0.2105581548498748,,False,0.9031578947368422,,,,,,19,0,54.427299997769296,2.659799996763468,70.05919999210164,2.5908000097842887
DynamicOnly_B10,JILONG_EI_0049,1180,B10,24;70;101;178;180;68;26;56;94;199;148;212;2;58;28;61;14;155;135,0.1,19,124,19,0.2118905590737493,,False,0.8977079796264856,,,,,,19,0,54.120599990710616,3.057000008993782,69.93119999242481,2.648100009537302
DynamicOnly_B10,JILONG_EI_0049,1190,B10,24;70;101;178;180;68;26;56;94;199;148;212;58;28;2;61;14;155;141,0.1,19,123,19,0.211599574243248,,False,0.8990158322635858,,,,,,19,0,54.41550000978168,2.673099996172823,70.25599999178667,2.243599999928847
DynamicOnly_B10,JILONG_EI_0049,1200,B10,24;70;101;178;180;68;26;56;94;199;148;212;58;28;3;61;14;155;203,0.1,19,123,19,0.2115306567833924,,False,0.8990158322635858,,,,,,19,0,54.02070000127424,2.6587000029394403,70.04500000039116,2.275399994687177
DynamicOnly_B10,JILONG_EI_0049,1210,B10,24;70;101;178;180;68;26;94;56;212;148;199;58;28;3;61;14;203;155,0.1,19,123,19,0.2115306567833924,,False,0.9028669234060762,,,,,,19,0,54.12469999282621,2.6471000019228086,70.6140999973286,2.2921000054338947
DynamicOnly_B10,JILONG_EI_0049,1220,B10,24;70;101;178;180;68;26;94;56;212;148;199;58;28;61;3;14;155;141,0.1,19,122,19,0.2125720761767656,,False,0.9029335634167384,,,,,,19,0,57.71429999731481,3.367099998285994,71.72399999399204,2.426600010949187
DynamicOnly_B10,JILONG_EI_0049,1230,B10,24;70;101;178;180;94;68;26;62;212;56;148;199;58;28;3;14;60;155,0.1,19,124,19,0.2018056374482162,,False,0.9078947368421052,,,,,,19,0,54.92149999190588,3.3771000016713515,70.09139998990577,2.409699998679571
DynamicOnly_B10,JILONG_EI_0049,1240,B10,24;70;101;178;94;180;68;26;212;62;56;148;199;58;3;44;14;155;135,0.1,19,124,19,0.2037659563063304,,False,0.9036502546689305,,,,,,19,0,54.18680000002496,2.5836999993771315,71.74859999213368,2.995200004079379
DynamicOnly_B10,JILONG_EI_0049,1250,B10,24;70;101;178;94;180;68;26;212;62;56;148;199;203;58;44;2;14;155,0.1,19,125,19,0.2014610501489382,,False,0.9153684210526316,,,,,,19,0,54.90930000087246,2.852399993571453,70.63839999318589,2.599300001747906
DynamicOnly_B10,JILONG_EI_0049,1260,B10,24;70;101;178;94;180;68;212;26;62;56;148;199;58;44;203;3;14;155,0.1,19,124,19,0.2024335520824559,,False,0.9134125636672328,,,,,,19,0,54.223600003751926,2.5928999966708943,70.75590000022203,2.468199993018061
DynamicOnly_B10,JILONG_EI_0049,1270,B10,24;70;101;94;178;212;180;68;26;148;56;199;58;44;203;3;14;155;135,0.1,19,123,19,0.2001975633849193,,False,0.904150620453573,,,,,,19,0,56.19920000026468,3.0743999959668145,70.08059999498073,2.338600010261871
DynamicOnly_B10,JILONG_EI_0049,1280,B10,24;70;101;94;178;212;180;68;26;62;148;56;199;58;44;203;14;3;155,0.1,19,124,19,0.2024335520824559,,False,0.91383701188455,,,,,,19,0,55.286200004047714,2.599800005555153,70.42509999882895,2.2689000034006312
DynamicOnly_B10,JILONG_EI_0049,1290,B10,24;70;101;178;94;212;180;68;62;26;148;56;199;58;44;203;3;14;155,0.1,19,124,19,0.2024335520824559,,False,0.9146859083191852,,,,,,19,0,56.11289999797009,2.5286000018240884,70.91390001005493,3.4307000023545697
DynamicOnly_B10,JILONG_EI_0049,1300,B10,24;70;101;94;178;212;180;68;26;148;56;199;44;58;203;3;14;155;135,0.1,19,125,19,0.2001975633849193,,False,0.9035789473684208,,,,,,19,0,54.4468999869423,2.5581999943824485,69.71219999832101,2.2342000011121854
DynamicOnly_B10,JILONG_EI_0049,1310,B10,24;70;101;94;178;212;180;68;62;26;148;56;199;44;58;203;2;155;14,0.1,19,126,19,0.2014610501489382,,False,0.9051796157059314,,,,,,19,0,54.21840000781231,2.5745000020833686,70.74340000690427,2.2380000009434298
DynamicOnly_B10,JILONG_EI_0049,1320,B10,24;70;101;94;178;212;180;68;26;148;56;199;44;58;203;3;14;155;135,0.1,19,124,19,0.2001975633849193,,False,0.9044991511035656,,,,,,19,0,54.07030000060331,2.6577999960863963,71.16089999908581,2.2745000023860484
DynamicOnly_B10,JILONG_EI_0049,1330,B10,24;70;101;94;178;212;180;68;26;148;56;199;58;44;203;3;14;155;66,0.1,19,124,19,0.2016754600240445,,False,0.9044991511035652,,,,,,19,0,56.96069999248721,3.2387000101152807,71.68769999407232,2.3811999999452382
DynamicOnly_B10,JILONG_EI_0049,1340,B10,24;70;101;94;178;212;180;68;26;62;148;44;56;199;58;203;3;14;66,0.1,19,125,19,0.2032222741230253,,False,0.9145263157894736,,,,,,19,0,56.10880001040641,3.2494000042788684,71.27990000299178,2.292799996212125
DynamicOnly_B10,JILONG_EI_0049,1350,B10,24;70;101;94;178;212;180;68;26;148;62;56;199;44;58;203;14;3;135,0.1,19,125,19,0.2017443774839001,,False,0.9136842105263158,,,,,,19,0,55.39540000609122,3.0513999954564497,71.95549999596551,2.307699993252754
DynamicOnly_B10,JILONG_EI_0049,1360,B10,24;70;101;94;212;178;180;68;26;148;56;199;44;2;203;58;14;155;66,0.1,19,125,19,0.2007029580905269,,False,0.9052631578947368,,,,,,19,0,55.10120000690222,2.9854000022169203,70.4398000088986,2.2415999992517754
DynamicOnly_B10,JILONG_EI_0049,1370,B10,24;70;101;94;212;178;180;68;26;148;56;199;2;44;58;203;14;155;66,0.1,19,125,19,0.2007029580905269,,False,0.9052631578947368,,,,,,19,0,54.49110000336077,3.7111999990884215,70.95019999542274,2.2723000001860783
DynamicOnly_B10,JILONG_EI_0049,1380,B10,24;70;101;94;212;178;62;180;68;148;26;2;56;199;44;58;203;14;155,0.1,19,126,19,0.2014610501489382,,False,0.9139515455304932,,,,,,19,0,54.57340000430122,2.591399999801069,71.30440000037197,2.255899991723709
DynamicOnly_B10,JILONG_EI_0049,1390,B10,24;70;101;94;212;178;180;68;148;26;56;203;199;44;58;14;3;155;232,0.1,19,124,19,0.1981070671026334,,False,0.9028013582342954,,,,,,19,0,56.76140000286978,2.6510999887250364,71.36069999251049,2.9700999875785783
DynamicOnly_B10,JILONG_EI_0049,1400,B10,24;70;101;94;212;178;180;148;68;26;56;203;44;199;58;2;14;232;155,0.1,19,125,19,0.1971345651691158,,False,0.9027368421052632,,,,,,19,0,54.62910000642296,2.6350999978603795,71.44319999497384,3.05070000467822
DynamicOnly_B10,JILONG_EI_0049,1410,B10,24;70;101;94;212;178;180;148;68;26;62;56;44;203;199;58;14;3;232,0.1,19,125,19,0.1996538812016142,,False,0.9090526315789474,,,,,,19,0,54.35969999234658,2.697400006582029,72.23570000496693,2.9777999880025163
DynamicOnly_B10,JILONG_EI_0049,1420,B10,24;101;70;94;212;178;180;148;68;62;26;56;58;44;203;199;14;3;232,0.1,19,125,19,0.1996538812016142,,False,0.9094736842105262,,,,,,19,0,54.36089998693205,3.077600005781278,70.17120000091381,2.192300002207048
DynamicOnly_B10,JILONG_EI_0049,1430,B10,24;101;70;94;212;178;62;180;148;68;26;56;44;203;58;199;3;14;135,0.1,19,125,19,0.2017443774839001,,False,0.9098947368421052,,,,,,19,0,54.420100001152605,2.965699997730553,70.36520000838209,2.2438000014517456
DynamicOnly_B10,JILONG_EI_0049,1440,B10,24;101;94;70;212;178;148;180;62;68;26;56;75;44;199;203;14;2;232,0.1,19,127,19,0.198643091790399,,False,0.9108992954828014,,,,,,19,0,55.21289999887813,2.656399999978021,70.2070000115782,2.2693999926559627
DynamicOnly_B10,JILONG_EI_0059,10,B10,78;252;14;44;5;46;192;141;83;166;32;202;128;206;91;25;89;117;160,0.1,19,128,19,0.1054283985879578,,False,0.8963815789473685,,,,,,19,0,54.05700000119396,2.979199998662807,70.33240000600927,2.248899996629916
DynamicOnly_B10,JILONG_EI_0059,20,B10,77;141;79;14;46;206;252;174;42;44;32;128;202;83;231;101;23;70;176,0.1,19,127,19,0.1167844644730494,,False,0.893493576460837,,,,,,19,0,53.957600001012906,2.584400004707277,69.88580001052469,2.251900004921481
DynamicOnly_B10,JILONG_EI_0059,30,B10,77;79;44;141;206;55;252;99;144;25;91;13;46;5;32;166;241;88;119,0.1,19,125,19,0.1189974806839675,,False,0.8534736842105264,,,,,,19,0,54.33900000934955,2.5896000006468967,71.1726000008639,2.3040999949444085
DynamicOnly_B10,JILONG_EI_0059,40,B10,77;79;166;44;84;174;26;252;119;106;206;32;55;112;24;46;74;50;172,0.1,19,124,19,0.1200006125996431,,False,0.8455008488964347,,,,,,19,0,54.43970000487752,2.636400007759221,70.25760000396986,2.932699993834831
DynamicOnly_B10,JILONG_EI_0059,50,B10,61;93;79;14;121;141;206;28;85;99;112;25;19;56;172;32;5;58;87,0.1,19,121,19,0.114670995704145,,False,0.8573292735972162,,,,,,19,0,55.12530000123661,2.6439999928697944,71.5864999947371,3.0848000023979694
DynamicOnly_B10,JILONG_EI_0059,60,B10,61;93;79;29;42;83;141;5;172;91;190;176;55;86;135;88;251;117;203,0.1,19,120,19,0.1196713402914442,,False,0.8535087719298244,,,,,,19,0,56.74030000227504,2.7676000026986003,72.01710001390893,2.4548999936087057
DynamicOnly_B10,JILONG_EI_0059,70,B10,60;79;93;29;27;141;25;70;32;56;88;91;252;218;34;117;66;120;177,0.1,19,120,19,0.1389835440420856,,False,0.8271929824561405,,,,,,19,0,54.2901000007987,2.6702000031946227,70.12820000818465,2.2653000050922856
DynamicOnly_B10,JILONG_EI_0059,80,B10,44;77;79;46;14;42;218;141;172;56;34;101;32;70;252;135;147;91;209,0.1,19,121,19,0.1417785299140063,,False,0.8242714223575467,,,,,,19,0,54.9577999918256,2.666699991095811,70.06730001012329,2.2619999945163727
DynamicOnly_B10,JILONG_EI_0059,90,B10,28;61;93;14;26;206;141;58;252;49;99;40;91;155;120;192;86;174;89,0.1,19,118,19,0.1269153310718196,,False,0.8162355040142729,,,,,,19,0,54.727700000512414,3.273200010880828,70.63089999428485,2.265200004330836
DynamicOnly_B10,JILONG_EI_0059,100,B10,28;61;26;93;141;70;91;190;49;252;40;120;14;176;5;203;117;99;88,0.1,19,116,19,0.1407141380340145,,False,0.8130671506352086,,,,,,19,0,54.63140000938438,2.758400005404837,71.25249999808148,2.398299999185838
DynamicOnly_B10,JILONG_EI_0059,110,B10,28;60;93;26;141;252;206;91;40;32;70;203;20;117;155;34;176;99;229,0.1,19,116,19,0.1315940608464595,,False,0.8098911070780399,,,,,,19,0,54.57909998949617,2.678299992112443,70.43370000610594,2.2201000101631507
DynamicOnly_B10,JILONG_EI_0059,120,B10,28;60;93;26;252;90;32;40;14;4;202;88;229;135;141;121;190;86;58,0.1,19,116,19,0.1127183343415702,,False,0.8049001814882032,,,,,,19,0,54.602900010650046,2.991999994264916,70.0012000015704,2.4957999994512647
DynamicOnly_B10,JILONG_EI_0059,130,B10,27;61;93;14;101;25;251;202;32;55;176;141;74;190;88;106;112;5;171,0.1,19,115,19,0.1274436982640457,,False,0.8215102974828374,,,,,,19,0,54.551199995330535,2.664600004209205,70.49169999663718,2.2610000014537945
DynamicOnly_B10,JILONG_EI_0059,140,B10,27;61;93;25;202;252;101;29;74;141;55;190;176;112;34;32;229;104;69,0.1,19,116,19,0.1342129243209716,,False,0.808529945553539,,,,,,19,0,55.26129998906981,2.5972000003093854,70.43400000839029,2.2419999877456576
DynamicOnly_B10,JILONG_EI_0059,150,B10,27;61;25;93;29;202;101;252;121;32;112;56;211;3;229;74;87;190;170,0.1,19,117,19,0.1456455651614583,,False,0.8070175438596491,,,,,,19,0,54.61230000946671,2.640200007590465,70.53989999985788,2.239300010842271
DynamicOnly_B10,JILONG_EI_0059,160,B10,26;28;60;93;40;101;32;232;106;3;70;235;112;203;14;211;88;170;229,0.1,19,116,19,0.1501252000520709,,False,0.8017241379310345,,,,,,19,0,55.22239999845624,2.665300009539351,71.02639999357052,2.6824999949894845
DynamicOnly_B10,JILONG_EI_0059,170,B10,26;58;28;60;93;40;106;232;186;101;218;32;229;70;179;4;112;211;141,0.1,19,117,19,0.1578439555558959,,False,0.794421952316689,,,,,,19,0,54.674300001352094,2.5994000025093555,70.56230001035146,3.6528000055113807
DynamicOnly_B10,JILONG_EI_0059,180,B10,25;58;27;45;77;56;106;101;229;70;99;232;186;218;128;179;32;50;103,0.1,19,117,19,0.1582498028194898,,False,0.8016194331983805,,,,,,19,0,55.14949999633245,3.305299993371591,72.24999999743886,2.694999988307245
DynamicOnly_B10,JILONG_EI_0059,190,B10,25;27;45;58;78;101;56;106;70;233;88;99;202;229;251;179;51;192;206,0.1,19,117,19,0.1634722147774349,,False,0.7899235267656319,,,,,,19,0,54.59790000168141,3.0486000032396987,70.67760000063572,2.704099999391474
DynamicOnly_B10,JILONG_EI_0059,200,B10,41;27;60;94;55;101;89;99;29;216;229;251;4;87;50;160;172;36;202,0.1,19,116,19,0.1290517723273426,,False,0.7699637023593467,,,,,,19,0,54.92710000544321,2.6206000038655475,70.2263999992283,2.894200006267056
DynamicOnly_B10,JILONG_EI_0059,210,B10,24;93;26;58;28;60;56;101;88;99;216;90;50;251;229;5;70;190;135,0.1,19,117,19,0.1375133048984999,,False,0.803868645973909,,,,,,19,0,55.037699989043176,3.001999997650273,72.1406999946339,2.843200010829605
DynamicOnly_B10,JILONG_EI_0059,220,B10,40;26;28;88;101;58;94;60;251;233;106;70;50;155;135;201;165;215;52,0.1,19,117,19,0.1650802888407317,,False,0.7795771479982005,,,,,,19,0,54.35150000266731,2.5777999981073663,70.41979998757597,2.3896000056993216
DynamicOnly_B10,JILONG_EI_0059,230,B10,40;26;101;28;94;60;58;88;251;70;233;172;135;209;91;52;99;112;219,0.1,19,117,19,0.1551485171259887,,False,0.8097165991902834,,,,,,19,0,55.52520000492223,2.6104999997187406,70.11570000031497,2.2391999955289066
DynamicOnly_B10,JILONG_EI_0059,240,B10,40;26;101;28;94;60;58;88;70;251;135;233;99;219;172;51;91;133;209,0.1,19,117,19,0.1694833487759493,,False,0.7858749437696805,,,,,,19,0,54.56979999144096,2.604499997687526,70.68659999640658,2.2176000056788325
DynamicOnly_B10,JILONG_EI_0059,250,B10,55;41;27;23;101;94;60;88;29;251;135;233;99;51;206;219;172;133;91,0.1,19,119,19,0.1405839606098429,,False,0.793454223794781,,,,,,19,0,55.78779999632388,2.635500000906177,70.45159999688622,2.234999992651865
DynamicOnly_B10,JILONG_EI_0059,260,B10,55;25;27;101;60;94;58;88;29;135;251;233;99;36;133;219;106;128;172,0.1,19,117,19,0.143294714030829,,False,0.7881241565452091,,,,,,19,0,54.91610000899527,3.330500010633841,70.24749999982305,2.2115999890957028
DynamicOnly_B10,JILONG_EI_0059,270,B10,55;24;26;101;60;94;28;58;135;88;251;233;133;36;99;128;3;106;66,0.1,19,119,19,0.1529201859239917,,False,0.7930119416187527,,,,,,19,0,54.91820001043379,2.5653000047896057,70.37270000728313,2.199599999585189
DynamicOnly_B10,JILONG_EI_0059,280,B10,40;26;71;101;60;94;28;58;133;251;135;105;128;66;232;32;176;36;91,0.1,19,118,19,0.1637095971391596,,False,0.7792149866190902,,,,,,19,0,54.28489999030717,2.95660000119824,69.95160000224132,2.256799998576753
DynamicOnly_B10,JILONG_EI_0059,290,B10,40;26;71;101;60;94;28;58;133;251;135;176;105;232;128;32;36;66;240,0.1,19,119,19,0.1823479412823242,,False,0.7934542237947809,,,,,,19,0,54.1771999996854,2.6557000091997907,69.88019999698736,2.2413999977288768
DynamicOnly_B10,JILONG_EI_0059,300,B10,60;40;26;101;71;94;28;58;133;135;176;251;232;105;128;32;240;66;36,0.1,19,119,19,0.1823479412823242,,False,0.7969924812030074,,,,,,19,0,54.74659999890719,2.566600000136532,69.95610000740271,3.0861000122968107
DynamicOnly_B10,JILONG_EI_0059,310,B10,40;26;101;94;60;70;28;58;133;135;176;72;232;251;105;32;128;240;66,0.1,19,119,19,0.1760534799488479,,False,0.8018575851393188,,,,,,19,0,55.52470000111498,2.6187000039499253,71.24639999528881,2.2606999991694465
DynamicOnly_B10,JILONG_EI_0059,320,B10,40;26;60;101;70;28;94;58;133;72;135;176;232;105;32;251;240;128;66,0.1,19,119,19,0.1760534799488479,,False,0.8018575851393188,,,,,,19,0,54.73649999476038,2.6307999942218885,70.70759999623988,2.251300000352785
DynamicOnly_B10,JILONG_EI_0059,330,B10,40;26;101;60;70;28;94;58;133;72;176;32;105;232;135;240;128;66;36,0.1,19,118,19,0.1816587666837684,,False,0.7983942908117753,,,,,,19,0,54.54719999397639,2.6206999900750816,70.03049999184441,2.3641000007046387
DynamicOnly_B10,JILONG_EI_0059,340,B10,40;26;101;70;60;28;94;58;133;72;176;135;32;105;232;240;51;128;180,0.1,19,118,19,0.1954575736459633,,False,0.8015165031222123,,,,,,19,0,56.44729999767151,2.556399995228276,69.92809999792371,2.9125000000931323
DynamicOnly_B10,JILONG_EI_0059,350,B10,40;26;70;101;60;28;94;133;58;72;176;135;32;180;105;240;232;206;51,0.1,19,119,19,0.1947377690652495,,False,0.8093763821318,,,,,,19,0,54.79969999578316,3.371400001924485,70.28289999288972,2.253400001791306
DynamicOnly_B10,JILONG_EI_0059,360,B10,40;26;70;60;101;28;94;72;133;58;176;32;180;135;105;240;232;66;36,0.1,19,118,19,0.197348975044222,,False,0.803300624442462,,,,,,19,0,54.36310000368394,2.609600007417612,70.45299999299459,2.8350999928079545
DynamicOnly_B10,JILONG_EI_0059,370,B10,40;70;26;60;101;28;94;72;133;58;180;176;32;240;90;135;232;66;206,0.1,19,119,19,0.1917972907780781,,False,0.8093763821318,,,,,,19,0,55.43190000753384,2.5821000017458573,71.68150000507012,2.463500000885688
DynamicOnly_B10,JILONG_EI_0059,380,B10,70;40;26;60;101;28;93;72;133;180;58;32;176;240;135;90;66;232;172,0.1,19,118,19,0.1826082961306675,,False,0.8099910793933989,,,,,,19,0,54.667499993229285,2.6217999984510243,70.9457999910228,2.2554000024683774
DynamicOnly_B10,JILONG_EI_0059,390,B10,70;40;26;60;101;28;72;94;133;180;58;190;14;32;176;135;240;66;172,0.1,19,119,19,0.1949981239135928,,False,0.8244139761167624,,,,,,19,0,55.25910000142176,2.6760000037029386,70.68629999412224,2.517700006137602
DynamicOnly_B10,JILONG_EI_0059,400,B10,70;56;26;60;101;28;78;133;24;180;58;32;190;176;135;240;66;172;90,0.1,19,119,19,0.2081766737370875,,False,0.8244139761167625,,,,,,19,0,54.928099998505786,2.5405999913346022,71.2132000044221,2.535599996917881
DynamicOnly_B10,JILONG_EI_0059,410,B10,56;70;26;60;101;28;24;78;180;133;58;32;190;176;135;240;66;252;172,0.1,19,119,19,0.2082991936657197,,False,0.8279522335249889,,,,,,19,0,54.65960000583436,2.5390999944647774,71.32119999732822,2.55279999691993
DynamicOnly_B10,JILONG_EI_0059,420,B10,56;70;26;60;101;28;24;180;78;133;58;32;190;176;252;135;240;66;172,0.1,19,119,19,0.2082991936657197,,False,0.8328173374613003,,,,,,19,0,55.01680000452325,2.5985000102082267,71.16980000864714,2.802899995003827
DynamicOnly_B10,JILONG_EI_0059,430,B10,56;70;26;60;101;28;24;180;78;133;58;32;252;190;176;66;240;135;172,0.1,19,119,19,0.2082991936657197,,False,0.8372401592215833,,,,,,19,0,55.04190000647213,3.5976000071968883,71.23509999655653,2.3188000050140545
DynamicOnly_B10,JILONG_EI_0059,440,B10,56;70;26;60;101;28;24;180;78;133;58;32;66;252;190;176;135;172;240,0.1,19,119,19,0.2082991936657197,,False,0.8390092879256965,,,,,,19,0,55.21809999481775,2.5791999942157418,70.33780000347178,2.256499996292405
DynamicOnly_B10,JILONG_EI_0059,450,B10,56;70;26;60;101;28;180;24;133;78;66;58;32;252;190;176;135;172;240,0.1,19,119,19,0.2082991936657197,,False,0.8372401592215833,,,,,,19,0,54.54250000184402,2.541200010455213,70.29080000938848,2.3117999953683466
DynamicOnly_B10,JILONG_EI_0059,460,B10,56;70;60;26;101;28;180;24;133;78;66;58;32;252;190;176;135;172;90,0.1,19,119,19,0.1879762005038632,,False,0.8443166740380362,,,,,,19,0,54.81370000052266,2.6285999920219183,70.15600000158884,2.2576999908778816
DynamicOnly_B10,JILONG_EI_0059,470,B10,56;70;26;60;101;28;180;24;66;133;78;58;32;252;190;176;135;172;217,0.1,19,119,19,0.1888721274819857,,False,0.849624060150376,,,,,,19,0,55.2285000012489,3.71659999655094,70.65009999496397,2.932299990789033
DynamicOnly_B10,JILONG_EI_0059,480,B10,56;70;26;60;101;28;180;66;24;133;78;58;32;252;190;176;217;135;172,0.1,19,120,19,0.1888721274819857,,False,0.8491228070175438,,,,,,19,0,54.57860000024084,2.6599000120768324,71.44550001248717,2.273799997055903
DynamicOnly_B10,JILONG_EI_0059,490,B10,56;70;60;26;101;180;28;66;24;133;78;58;32;252;217;190;135;176;90,0.1,19,120,19,0.1873636008607025,,False,0.8495614035087719,,,,,,19,0,54.76790000102483,2.6606000028550625,70.85930000175722,2.502000003005378
DynamicOnly_B10,JILONG_EI_0059,500,B10,70;56;26;101;60;180;28;66;24;133;78;58;32;252;217;135;190;176;90,0.1,19,120,19,0.1873636008607025,,False,0.8495614035087719,,,,,,19,0,54.17960000340827,3.06399998953566,70.93219998932909,2.219999994849786
DynamicOnly_B10,JILONG_EI_0059,510,B10,70;56;26;101;60;180;28;66;24;133;78;58;32;252;190;217;176;135;90,0.1,19,120,19,0.1873636008607025,,False,0.850438596491228,,,,,,19,0,54.26459999580402,2.965899999253452,69.75830000010319,2.2197999933268875
DynamicOnly_B10,JILONG_EI_0059,520,B10,70;56;26;101;60;180;28;66;24;133;78;58;32;252;217;135;190;176;90,0.1,19,121,19,0.1873636008607025,,False,0.8508046976946497,,,,,,19,0,54.37959999835584,3.032100008567795,69.73000000289176,2.2438000014517456
DynamicOnly_B10,JILONG_EI_0059,530,B10,70;56;26;101;60;180;28;66;24;133;78;58;32;252;217;176;135;190;90,0.1,19,121,19,0.1873636008607025,,False,0.8516746411483255,,,,,,19,0,54.304599994793534,2.635900003951974,70.01200001104735,2.235599997220561
DynamicOnly_B10,JILONG_EI_0059,540,B10,70;56;26;101;60;180;28;66;24;93;133;58;32;252;217;176;135;190;90,0.1,19,122,19,0.1659838733143938,,False,0.849439171699741,,,,,,19,0,55.13470000005327,2.631199997267686,70.86399999388959,2.247999989776872
DynamicOnly_B10,JILONG_EI_0059,550,B10,70;56;26;101;180;60;66;28;24;133;78;58;252;32;217;176;135;190;3,0.1,19,122,19,0.188259527838825,,False,0.853753235547886,,,,,,19,0,56.0682000068482,3.079800007981248,70.44840000162367,2.205800003139302
DynamicOnly_B10,JILONG_EI_0059,560,B10,70;56;26;101;180;60;66;28;24;133;93;252;58;32;217;176;135;190;3,0.1,19,124,19,0.1668798002925163,,False,0.8578098471986417,,,,,,19,0,54.46239998855162,2.686599997105077,70.19369999761693,2.2077000030549243
DynamicOnly_B10,JILONG_EI_0059,570,B10,70;56;26;101;180;60;66;28;24;133;78;58;252;32;217;135;176;3;190,0.1,19,123,19,0.188259527838825,,False,0.8583654257595209,,,,,,19,0,54.68339999788441,2.82619999779854,69.87110000045504,2.2655999928247184
DynamicOnly_B10,JILONG_EI_0059,580,B10,70;56;26;101;180;60;66;28;24;133;78;58;252;32;217;135;3;176;190,0.1,19,123,19,0.188259527838825,,False,0.858793324775353,,,,,,19,0,54.85520001093391,2.724799996940419,69.8471000068821,2.261800007545389
DynamicOnly_B10,JILONG_EI_0059,590,B10,70;56;26;101;180;60;66;28;24;133;94;252;58;32;217;135;3;176;190,0.1,19,123,19,0.1772480492530113,,False,0.8613607188703467,,,,,,19,0,54.93220000062138,2.639599988469854,71.59750000573695,2.8307000029599294
DynamicOnly_B10,JILONG_EI_0059,600,B10,70;56;26;101;180;60;66;28;24;133;78;252;58;14;32;217;3;135;176,0.1,19,123,19,0.1873023408963864,,False,0.8682071031236628,,,,,,19,0,54.71160000888631,2.627699999720789,71.52859999041539,2.294000005349517
DynamicOnly_B10,JILONG_EI_0059,610,B10,70;56;26;101;180;60;66;28;24;133;58;78;252;32;3;135;217;176;68,0.1,19,123,19,0.1957409009809251,,False,0.8617886178861789,,,,,,19,0,55.21170000429265,2.6076999929500744,70.34150000254158,2.554099992266856
DynamicOnly_B10,JILONG_EI_0059,620,B10,70;56;26;101;180;60;66;28;24;133;58;78;252;32;3;135;176;217;68,0.1,19,123,19,0.1957409009809251,,False,0.8647839109970047,,,,,,19,0,55.3650999936508,2.6412000006530434,70.35350000660401,2.243599999928847
DynamicOnly_B10,JILONG_EI_0059,630,B10,70;56;26;101;180;60;66;28;24;133;58;252;78;32;3;176;135;68;217,0.1,19,123,19,0.1957409009809251,,False,0.8699186991869918,,,,,,19,0,55.791200007661246,3.515599993988872,70.30690000101458,2.5674999924376607
DynamicOnly_B10,JILONG_EI_0059,640,B10,70;56;26;101;180;60;66;24;28;133;58;78;252;32;68;3;176;135;217,0.1,19,123,19,0.1957409009809251,,False,0.8707744972186563,,,,,,19,0,54.38989998947363,2.962800004752353,70.87789999786764,2.2204000124474987
DynamicOnly_B10,JILONG_EI_0059,650,B10,70;56;26;101;180;60;66;24;133;28;58;68;252;78;32;3;176;217;135,0.1,19,123,19,0.1957409009809251,,False,0.875053487376979,,,,,,19,0,55.270499986363575,2.7433000068413094,71.52709999354556,2.3000000073807314
DynamicOnly_B10,JILONG_EI_0059,660,B10,70;56;26;101;180;60;66;24;133;28;68;58;252;78;32;3;176;217;135,0.1,19,123,19,0.1957409009809251,,False,0.8771929824561402,,,,,,19,0,55.08009999175556,2.6471999881323427,71.54150000133086,2.4930000072345138
DynamicOnly_B10,JILONG_EI_0059,670,B10,70;56;26;101;180;60;66;24;133;28;68;58;78;252;32;3;176;217;135,0.1,19,123,19,0.1957409009809251,,False,0.8793324775353016,,,,,,19,0,54.29759999969974,2.708100000745617,70.51609999325592,2.243200011434965
DynamicOnly_B10,JILONG_EI_0059,680,B10,70;56;26;101;180;60;66;68;24;133;28;58;78;252;32;3;176;147;217,0.1,19,123,19,0.1937729246272714,,False,0.8818998716302952,,,,,,19,0,54.07649998960551,3.1204999977489933,70.2292999922065,2.2912999993423
DynamicOnly_B10,JILONG_EI_0059,690,B10,70;56;26;101;180;60;68;66;24;133;28;58;78;252;32;3;176;147;217,0.1,19,123,19,0.1937729246272714,,False,0.8823277706461276,,,,,,19,0,55.294299992965534,3.319900002679788,70.32230000186246,2.2201000101631507
DynamicOnly_B10,JILONG_EI_0059,700,B10,70;56;26;101;180;60;68;66;24;133;28;58;78;252;176;3;32;147;217,0.1,19,123,19,0.1937729246272714,,False,0.8831835686777919,,,,,,19,0,56.176500002038665,2.656399999978021,71.10679999459535,3.064299991820008
DynamicOnly_B10,JILONG_EI_0059,710,B10,70;56;26;24;101;180;60;68;66;133;28;58;78;252;176;3;32;147;217,0.1,19,123,19,0.1937729246272714,,False,0.8866067608044501,,,,,,19,0,54.343199997674674,3.059099995880388,70.19090000540018,2.5689000030979514
DynamicOnly_B10,JILONG_EI_0059,720,B10,70;56;26;101;180;68;60;66;24;133;28;58;78;176;252;3;32;147;217,0.1,19,123,19,0.1937729246272714,,False,0.8887462558836113,,,,,,19,0,55.67050000536256,2.5716000091051683,71.03729998925701,2.260500012198463
DynamicOnly_B10,JILONG_EI_0059,730,B10,70;56;26;101;180;68;60;66;24;133;28;58;78;176;3;252;32;147;199,0.1,19,123,19,0.1937576096361923,,False,0.8878904578519468,,,,,,19,0,54.72449999069795,2.624800006742589,70.53589999850374,2.223600007710047
DynamicOnly_B10,JILONG_EI_0059,740,B10,70;56;26;101;180;68;60;66;24;133;28;58;78;176;3;252;147;32;199,0.1,19,123,19,0.1937576096361923,,False,0.8904578519469405,,,,,,19,0,56.83259999204893,3.0196000006981194,69.95570000435691,2.2589000000152737
DynamicOnly_B10,JILONG_EI_0059,750,B10,70;56;26;101;180;68;60;66;24;133;28;58;78;176;3;147;252;32;199,0.1,19,123,19,0.1937576096361923,,False,0.8938810440735987,,,,,,19,0,54.7530000039842,2.613699994981289,71.66370000049938,2.9686000052606687
DynamicOnly_B10,JILONG_EI_0059,760,B10,70;56;26;101;180;68;60;66;24;133;28;58;78;176;147;3;252;32;199,0.1,19,123,19,0.1937576096361923,,False,0.8921694480102694,,,,,,19,0,54.68619999010116,3.364899996086024,70.43249999696855,2.355000004172325
DynamicOnly_B10,JILONG_EI_0059,770,B10,70;56;26;101;180;68;60;66;24;133;28;58;78;176;3;147;252;32;199,0.1,19,123,19,0.1937576096361923,,False,0.8947368421052632,,,,,,19,0,54.00760000338778,3.0537999991793185,70.22850000066683,2.210999999078922
DynamicOnly_B10,JILONG_EI_0059,780,B10,70;56;26;101;180;68;60;66;24;133;28;58;78;176;147;3;32;252;199,0.1,19,123,19,0.1937576096361923,,False,0.891313649978605,,,,,,19,0,56.63019999337848,2.5978000048780814,70.6207000039285,2.215899992734194
DynamicOnly_B10,JILONG_EI_0059,790,B10,70;56;26;101;180;68;60;66;24;133;28;58;78;176;147;3;32;252;199,0.1,19,123,19,0.1937576096361923,,False,0.8973042362002567,,,,,,19,0,54.86770000425168,2.6511999894864857,69.89479999174364,2.228199999080971
DynamicOnly_B10,JILONG_EI_0059,800,B10,70;56;26;101;180;68;60;24;66;133;28;58;78;176;147;3;32;252;199,0.1,19,123,19,0.1937576096361923,,False,0.8964484381685921,,,,,,19,0,54.9005000066245,2.5507999962428585,70.27680000464898,2.506000004359521
DynamicOnly_B10,JILONG_EI_0059,810,B10,70;56;26;101;180;68;60;24;66;133;58;28;78;176;147;3;32;199;252,0.1,19,123,19,0.1937576096361923,,False,0.8951647411210955,,,,,,19,0,55.38479999813717,2.5777999981073663,70.89599999017082,2.358300000196323
DynamicOnly_B10,JILONG_EI_0059,820,B10,70;56;26;101;180;68;60;24;66;133;58;28;78;176;147;3;32;199;252,0.1,19,123,19,0.1937576096361923,,False,0.8990158322635856,,,,,,19,0,54.27290000079665,2.614900004118681,70.19769999897107,2.4329000007128343
DynamicOnly_B10,JILONG_EI_0059,830,B10,70;56;26;101;180;68;24;60;66;133;58;28;78;176;147;3;32;199;252,0.1,19,123,19,0.1937576096361923,,False,0.9011553273427472,,,,,,19,0,54.611799991107546,2.626300003612414,71.07449999602977,2.2471999982371926
DynamicOnly_B10,JILONG_EI_0059,840,B10,70;56;26;101;180;68;60;24;66;133;58;78;28;176;147;3;32;199;252,0.1,19,123,19,0.1937576096361923,,False,0.9028669234060762,,,,,,19,0,57.62400000821799,2.6615999959176406,72.22369998635259,3.187800000887364
DynamicOnly_B10,JILONG_EI_0059,850,B10,70;56;26;101;180;68;60;24;66;133;58;28;176;78;147;3;199;32;252,0.1,19,123,19,0.1937576096361923,,False,0.9028669234060762,,,,,,19,0,54.87110000103712,2.580799991847016,70.41719999688212,2.2447000083047897
DynamicOnly_B10,JILONG_EI_0059,860,B10,70;56;26;101;180;68;24;60;66;133;58;28;176;78;147;3;199;32;252,0.1,19,122,19,0.1937576096361923,,False,0.902502157031924,,,,,,19,0,55.095000003348105,2.578200001153164,70.4323999962071,2.2250000038184226
DynamicOnly_B10,JILONG_EI_0059,870,B10,70;56;26;101;180;68;24;60;66;133;58;28;176;78;147;3;199;32;252,0.1,19,122,19,0.1937576096361923,,False,0.901639344262295,,,,,,19,0,55.05480000283569,2.6365999947302043,70.17760000599083,2.1954000112600625
DynamicOnly_B10,JILONG_EI_0059,880,B10,70;26;56;101;180;68;60;24;66;133;58;28;176;78;190;147;3;199;32,0.1,19,123,19,0.1952508212663966,,False,0.9097133076593924,,,,,,19,0,55.17000000691041,2.576999992015772,70.48450000002049,2.9178999975556508
DynamicOnly_B10,JILONG_EI_0059,890,B10,70;26;56;101;180;68;24;60;66;133;58;176;28;78;147;3;199;32;155,0.1,19,122,19,0.1966674579412057,,False,0.901639344262295,,,,,,19,0,56.771400006255135,3.978600012487732,71.06729999941308,2.371599999605678
DynamicOnly_B10,JILONG_EI_0059,900,B10,70;26;56;101;180;61;68;24;66;133;58;176;28;147;94;3;199;32;155,0.1,19,122,19,0.1989493916119794,,False,0.895599654874892,,,,,,19,0,54.57839999871794,2.717099996516481,70.42489999730606,2.384199993684888
DynamicOnly_B10,JILONG_EI_0059,910,B10,70;26;101;56;180;68;24;60;133;66;58;176;28;78;147;3;199;32;155,0.1,19,122,19,0.1966674579412057,,False,0.9046591889559966,,,,,,19,0,55.75290000706445,2.5612000026740134,69.7543999995105,2.248699995107017
DynamicOnly_B10,JILONG_EI_0059,920,B10,70;101;26;56;180;68;24;60;133;66;58;176;28;78;147;3;199;32;155,0.1,19,122,19,0.1966674579412057,,False,0.9020707506471096,,,,,,19,0,54.54430000099819,2.5292000063927844,70.20940000074916,2.2335999965434894
DynamicOnly_B10,JILONG_EI_0059,930,B10,70;101;26;56;180;68;24;60;133;66;58;176;28;78;147;3;199;32;155,0.1,19,122,19,0.1966674579412057,,False,0.9081104400345126,,,,,,19,0,54.39130000013392,2.554699996835552,70.58030000189319,3.0334000039147213
DynamicOnly_B10,JILONG_EI_0059,940,B10,70;101;26;56;180;68;24;60;133;66;58;176;28;78;199;147;3;32;155,0.1,19,122,19,0.1966674579412057,,False,0.9098360655737704,,,,,,19,0,57.43000000074972,2.6120999973500147,72.13720001163892,2.294999998412095
DynamicOnly_B10,JILONG_EI_0059,950,B10,70;101;26;56;180;24;68;60;133;66;58;176;28;78;199;147;3;32;155,0.1,19,122,19,0.1966674579412057,,False,0.9085418464193272,,,,,,19,0,55.24860000878107,2.802800008794293,70.93739999982063,2.398600001470186
DynamicOnly_B10,JILONG_EI_0059,960,B10,70;101;26;56;180;24;68;60;133;66;58;176;28;78;199;147;3;32;155,0.1,19,122,19,0.1966674579412057,,False,0.908541846419327,,,,,,19,0,55.48779999662656,3.102500006207265,70.56580000789836,2.288700008648448
DynamicOnly_B10,JILONG_EI_0059,970,B10,70;101;26;56;180;24;68;60;133;66;58;176;78;199;28;147;3;32;155,0.1,19,122,19,0.1966674579412057,,False,0.9102674719585848,,,,,,19,0,55.4301999945892,2.652800001669675,69.86370000231545,2.272500001708977
DynamicOnly_B10,JILONG_EI_0059,980,B10,70;101;26;56;180;24;68;60;133;66;58;176;78;199;28;147;3;32;155,0.1,19,122,19,0.1966674579412057,,False,0.9098360655737704,,,,,,19,0,54.93569999816828,2.583299996331334,70.1932000083616,2.270800003316253
DynamicOnly_B10,JILONG_EI_0059,990,B10,70;101;26;56;180;24;68;60;133;66;58;176;78;199;28;147;3;32;155,0.1,19,122,19,0.1966674579412057,,False,0.909404659188956,,,,,,19,0,54.6252999920398,2.563200003351085,71.861300006276,2.4200999905588105
DynamicOnly_B10,JILONG_EI_0059,1000,B10,70;101;26;56;180;24;68;60;133;66;58;176;78;199;28;147;3;32;155,0.1,19,122,19,0.1966674579412057,,False,0.909404659188956,,,,,,19,0,54.20869999215938,2.853000012692064,71.3543000019854,2.29060000856407
DynamicOnly_B10,JILONG_EI_0059,1010,B10,70;101;26;56;180;24;68;133;60;66;58;176;78;199;28;147;3;190;32,0.1,19,123,19,0.1952508212663966,,False,0.908857509627728,,,,,,19,0,54.56479999702424,2.7364999987185,70.70749999547843,2.5935000012395903
DynamicOnly_B10,JILONG_EI_0059,1020,B10,70;101;26;56;180;24;68;133;66;60;58;176;78;199;28;147;3;32;155,0.1,19,122,19,0.1966674579412057,,False,0.9098360655737704,,,,,,19,0,54.36589999590069,2.6956999936373904,70.33410000440199,2.213600004324689
DynamicOnly_B10,JILONG_EI_0059,1030,B10,70;101;26;56;180;24;68;60;133;66;58;176;78;199;28;147;3;190;32,0.1,19,123,19,0.1952508212663966,,False,0.912280701754386,,,,,,19,0,54.42369999946095,3.9982000016607344,69.7405999962939,2.234700004919432
DynamicOnly_B10,JILONG_EI_0059,1040,B10,70;101;26;56;180;24;68;60;133;66;58;176;78;199;28;147;3;190;32,0.1,19,123,19,0.1952508212663966,,False,0.912280701754386,,,,,,19,0,54.07450000348035,2.835200008121319,71.55510000302456,2.9983999993419275
DynamicOnly_B10,JILONG_EI_0059,1050,B10,70;101;26;56;180;24;68;133;66;60;58;176;78;199;28;147;3;32;155,0.1,19,122,19,0.1966674579412057,,False,0.9076790336496982,,,,,,19,0,55.4413000063505,2.559800006565638,70.63260000722948,2.229699995950796
DynamicOnly_B10,JILONG_EI_0059,1060,B10,70;101;26;56;24;180;68;133;66;60;58;176;199;78;28;147;3;32;190,0.1,19,123,19,0.1952508212663966,,False,0.9131364997860506,,,,,,19,0,55.22009999549482,2.620100000058301,72.10279999708291,3.505300002871081
DynamicOnly_B10,JILONG_EI_0059,1070,B10,70;101;26;56;24;180;68;133;60;66;58;176;199;78;28;147;3;32;190,0.1,19,123,19,0.1952508212663966,,False,0.9131364997860506,,,,,,19,0,54.98749999969732,2.582300003268756,71.75099999585655,2.275399994687177
DynamicOnly_B10,JILONG_EI_0059,1080,B10,70;101;26;56;24;180;68;133;60;66;58;176;199;94;28;147;3;32;155,0.1,19,123,19,0.185655979355392,,False,0.9135643988018828,,,,,,19,0,55.0022999959765,2.824800001690164,70.5119000049308,2.3049000010360032
DynamicOnly_B10,JILONG_EI_0059,1090,B10,70;101;26;56;24;180;68;133;60;66;58;176;94;199;28;147;3;32;190,0.1,19,123,19,0.1842393426805829,,False,0.9148480958493796,,,,,,19,0,54.83530000492465,3.1217999930959195,70.41049998952076,2.2757000115234405
DynamicOnly_B10,JILONG_EI_0059,1100,B10,70;101;26;56;24;180;68;133;66;60;58;176;94;199;28;147;3;190;155,0.1,19,123,19,0.1866973987487652,,False,0.9139922978177152,,,,,,19,0,54.56080001022201,2.643300002091564,70.28030000219587,2.303999994182959
DynamicOnly_B10,JILONG_EI_0059,1110,B10,70;101;26;56;24;180;68;133;66;60;58;176;94;199;28;147;3;190;155,0.1,19,123,19,0.1866973987487652,,False,0.9144201968335474,,,,,,19,0,54.89820000366308,2.695899995160289,70.80929999938235,2.242100003059022
DynamicOnly_B10,JILONG_EI_0059,1120,B10,70;101;26;56;24;180;68;133;60;66;58;176;199;94;28;147;3;190;155,0.1,19,123,19,0.1866973987487652,,False,0.9114249037227216,,,,,,19,0,55.89180000242777,2.641099999891594,70.71549999818671,3.007999999681488
DynamicOnly_B10,JILONG_EI_0059,1130,B10,70;101;26;56;24;180;68;133;66;60;58;176;199;94;28;147;3;155;190,0.1,19,123,19,0.1866973987487652,,False,0.9131364997860506,,,,,,19,0,54.91770000662655,3.422800000407733,70.28349999745842,2.2369999933289364
DynamicOnly_B10,JILONG_EI_0059,1140,B10,70;101;26;56;24;180;68;133;60;66;58;176;199;94;28;147;3;190;155,0.1,19,123,19,0.1866973987487652,,False,0.9152759948652118,,,,,,19,0,54.23080000036862,2.726300008362159,70.06080000428483,2.2656000073766336
DynamicOnly_B10,JILONG_EI_0059,1150,B10,70;101;26;56;24;180;68;133;66;60;58;199;176;94;28;147;3;190;155,0.1,19,123,19,0.1866973987487652,,False,0.9152759948652118,,,,,,19,0,54.11719999392517,2.605799993034452,69.87589999334887,2.2529000125359744
DynamicOnly_B10,JILONG_EI_0059,1160,B10,70;101;56;26;24;180;68;133;60;66;58;199;176;94;28;147;3;155;190,0.1,19,123,19,0.1866973987487652,,False,0.9152759948652118,,,,,,19,0,54.21390000265092,2.974599992739968,70.85230000666343,2.261799992993474
DynamicOnly_B10,JILONG_EI_0059,1170,B10,70;101;26;56;24;180;68;133;66;60;58;199;94;176;28;147;3;155;190,0.1,19,123,19,0.1866973987487652,,False,0.915703893881044,,,,,,19,0,55.47130000195466,2.686100007849745,71.2649000051897,5.500700004631653
DynamicOnly_B10,JILONG_EI_0059,1180,B10,70;101;56;26;24;180;68;133;66;60;58;94;199;176;28;147;3;155;190,0.1,19,123,19,0.1866973987487652,,False,0.915703893881044,,,,,,19,0,54.92190000950359,2.6658000133465976,71.21190000907518,3.1124999950407077
DynamicOnly_B10,JILONG_EI_0059,1190,B10,70;101;56;26;24;180;68;133;60;66;58;94;199;176;28;147;3;155;190,0.1,19,123,19,0.1866973987487652,,False,0.9148480958493798,,,,,,19,0,55.26819999795407,2.5891999976010998,70.93849999364465,2.6178000116487965
DynamicOnly_B10,JILONG_EI_0059,1200,B10,70;101;26;56;24;180;68;133;66;60;58;94;199;176;28;147;3;155;203,0.1,19,123,19,0.186092456601144,,False,0.9148480958493798,,,,,,19,0,54.42610000318382,2.583599998615682,69.72780000069179,2.251900004921481
DynamicOnly_B10,JILONG_EI_0059,1210,B10,70;101;56;26;24;180;68;133;60;66;58;94;199;176;28;147;3;155;203,0.1,19,123,19,0.186092456601144,,False,0.915275994865212,,,,,,19,0,54.79460000060499,2.624200002173893,70.097200004966,2.556800012825988
DynamicOnly_B10,JILONG_EI_0059,1220,B10,70;101;26;56;24;180;68;133;66;60;58;94;199;176;28;147;3;155;203,0.1,19,123,19,0.186092456601144,,False,0.915275994865212,,,,,,19,0,54.9680999974953,2.6262000028509647,69.99699999869335,2.325800000107847
DynamicOnly_B10,JILONG_EI_0059,1230,B10,70;101;56;26;24;180;68;133;66;94;58;60;199;176;28;147;3;155;203,0.1,19,123,19,0.186092456601144,,False,0.915275994865212,,,,,,19,0,54.47840000852011,2.6221000007353723,71.02730000042357,2.2998000058578327
DynamicOnly_B10,JILONG_EI_0059,1240,B10,70;101;56;26;24;180;68;133;94;60;66;58;199;176;28;147;3;155;203,0.1,19,123,19,0.186092456601144,,False,0.9148480958493796,,,,,,19,0,56.16110000119079,3.4596000041347,71.54429999354761,2.4182999914046377
DynamicOnly_B10,JILONG_EI_0059,1250,B10,70;101;56;24;26;94;180;68;133;60;66;58;199;176;28;147;3;155;203,0.1,19,123,19,0.186092456601144,,False,0.9148480958493796,,,,,,19,0,54.94599998928607,2.7203000063309446,71.95589999901131,2.3901999957161024
DynamicOnly_B10,JILONG_EI_0059,1260,B10,70;101;94;56;24;26;180;68;133;66;60;58;199;176;28;3;147;155;203,0.1,19,123,19,0.186092456601144,,False,0.9161317928968764,,,,,,19,0,53.97540000558365,2.6343000063207,69.4896999921184,2.297400002134964
DynamicOnly_B10,JILONG_EI_0059,1270,B10,70;101;94;56;24;26;180;68;133;66;58;60;199;176;28;3;147;155;32,0.1,19,122,19,0.185655979355392,,False,0.9128559102674718,,,,,,19,0,54.207399996812455,2.630200004205108,70.08139998652041,2.231599995866418
DynamicOnly_B10,JILONG_EI_0059,1280,B10,70;101;94;24;56;26;180;68;133;66;60;58;199;176;2;28;147;155;32,0.1,19,123,19,0.1846834774218744,,False,0.9114249037227214,,,,,,19,0,54.44980000902433,2.680499994312413,71.75789999018889,2.373999988776632
DynamicOnly_B10,JILONG_EI_0059,1290,B10,70;101;94;24;56;26;180;68;133;66;58;60;199;176;28;147;3;155;32,0.1,19,122,19,0.185655979355392,,False,0.9132873166522862,,,,,,19,0,55.348900001263246,2.924400003394112,71.72490000084508,2.3058000078890477
DynamicOnly_B10,JILONG_EI_0059,1300,B10,70;101;94;24;56;26;180;68;133;66;58;60;199;176;2;28;147;155;32,0.1,19,123,19,0.1846834774218744,,False,0.9127086007702184,,,,,,19,0,55.33550000109244,2.642599996761419,71.1382000008598,2.340899998671375
DynamicOnly_B10,JILONG_EI_0059,1310,B10,70;101;94;24;56;26;180;68;133;66;60;58;199;2;176;28;147;155;32,0.1,19,123,19,0.1846834774218744,,False,0.9135643988018828,,,,,,19,0,55.74070000147913,2.653100003954023,71.63769999169745,2.248799995868467
DynamicOnly_B10,JILONG_EI_0059,1320,B10,70;94;101;24;56;26;180;68;133;66;60;58;199;176;2;28;147;155;32,0.1,19,123,19,0.1846834774218744,,False,0.9135643988018828,,,,,,19,0,55.02600000181701,2.778599999146536,70.39529999019578,2.235499996459112
DynamicOnly_B10,JILONG_EI_0059,1330,B10,70;94;101;24;56;26;180;68;133;66;58;60;199;176;28;147;155;3;32,0.1,19,122,19,0.185655979355392,,False,0.9128559102674718,,,,,,19,0,54.69239999365527,2.835299994330853,71.66050000523683,3.0088000057730824
DynamicOnly_B10,JILONG_EI_0059,1340,B10,70;94;101;24;56;26;180;68;133;60;66;58;199;176;28;147;155;3;32,0.1,19,122,19,0.185655979355392,,False,0.9128559102674718,,,,,,19,0,55.09110000275541,2.55799999285955,70.68309999885969,2.287100011017173
DynamicOnly_B10,JILONG_EI_0059,1350,B10,70;94;101;24;26;56;180;133;68;60;66;58;199;205;176;203;147;28;155,0.1,19,124,19,0.1850663521988498,,False,0.9193548387096776,,,,,,19,0,54.71979999856558,2.633099997183308,70.9396000020206,2.308800001628697
DynamicOnly_B10,JILONG_EI_0059,1360,B10,70;94;101;24;26;56;180;68;133;66;60;58;199;176;147;28;155;3;32,0.1,19,122,19,0.185655979355392,,False,0.9106988783433996,,,,,,19,0,56.25920000602491,2.7784000121755525,72.39410000329372,2.3508000012952834
DynamicOnly_B10,JILONG_EI_0059,1370,B10,70;94;101;24;26;56;180;133;68;66;58;60;199;176;28;2;155;147;32,0.1,19,123,19,0.1846834774218744,,False,0.9109970047068894,,,,,,19,0,55.177100002765656,2.6676000125007704,71.24839999596588,2.2763000015402213
DynamicOnly_B10,JILONG_EI_0059,1380,B10,70;94;101;24;56;26;180;68;133;58;66;60;199;2;176;155;28;147;32,0.1,19,123,19,0.1846834774218744,,False,0.9152759948652118,,,,,,19,0,54.757800011429936,2.639800004544668,71.30520000646356,2.310699986992404
DynamicOnly_B10,JILONG_EI_0059,1390,B10,70;94;101;24;26;56;68;180;133;58;66;60;199;2;176;155;28;147;32,0.1,19,123,19,0.1846834774218744,,False,0.9161317928968764,,,,,,19,0,54.73629999323748,2.7975999983027577,70.1474999950733,2.314700002898462
DynamicOnly_B10,JILONG_EI_0059,1400,B10,70;94;101;24;26;56;68;133;180;66;58;60;199;176;28;155;147;3;32,0.1,19,122,19,0.185655979355392,,False,0.911130284728214,,,,,,19,0,54.31430001044646,2.8321999998297542,70.11050000437535,2.255999992485158
DynamicOnly_B10,JILONG_EI_0059,1410,B10,70;94;101;24;26;56;68;133;180;66;58;60;199;203;176;155;28;147;32,0.1,19,123,19,0.1857708417884846,,False,0.9152759948652118,,,,,,19,0,54.844699989189394,2.9738000012002885,70.39769999391865,2.260900000692345
DynamicOnly_B10,JILONG_EI_0059,1420,B10,70;94;101;24;26;56;133;68;180;66;58;60;199;176;155;147;28;32;3,0.1,19,122,19,0.185655979355392,,False,0.9106988783433996,,,,,,19,0,54.28310000570491,2.591099997516721,70.21679999888875,2.1938999998383224
DynamicOnly_B10,JILONG_EI_0059,1430,B10,70;94;101;24;26;56;133;68;180;66;58;60;199;176;155;28;147;32;3,0.1,19,122,19,0.185655979355392,,False,0.9115616911130284,,,,,,19,0,54.4445999985328,2.6535999932093546,70.0665000040317,2.291600001626648
DynamicOnly_B10,JILONG_EI_0059,1440,B10,70;94;101;24;26;56;68;133;180;66;58;60;199;203;176;155;28;147;3,0.1,19,123,19,0.186092456601144,,False,0.9127086007702182,,,,,,19,0,54.72240000381135,2.587599999969825,70.84459999168757,2.2585999977309257
DynamicOnly_B10,JILONG_EI_0069,10,B10,78;206;252;14;174;192;44;46;5;32;83;121;128;141;166;202;34;91;89,0.1,19,128,19,0.069269704650397,,False,0.8889802631578947,,,,,,19,0,54.415499995229766,3.3217000018339604,69.9499000038486,2.362600003834814
DynamicOnly_B10,JILONG_EI_0069,20,B10,77;141;206;174;79;46;44;14;252;32;42;128;83;202;121;5;229;70;23,0.1,19,127,19,0.0966222787175226,,False,0.8756734355573975,,,,,,19,0,55.24050000531133,2.719199997955002,69.79399999545421,2.245199997560121
DynamicOnly_B10,JILONG_EI_0069,30,B10,77;79;44;206;141;252;147;55;144;99;174;25;13;74;32;176;5;50;105,0.1,19,126,19,0.1087440941565651,,False,0.8650793650793651,,,,,,19,0,54.61049999576062,3.3904000010807067,69.98650000605267,2.32980000146199
DynamicOnly_B10,JILONG_EI_0069,40,B10,77;79;44;174;166;84;206;252;106;128;32;50;25;46;172;74;55;147;120,0.1,19,125,19,0.1071743075709658,,False,0.8526315789473684,,,,,,19,0,54.590399988228455,2.6710999954957515,71.25640001322608,3.025900005013682
DynamicOnly_B10,JILONG_EI_0069,50,B10,61;93;79;29;172;121;99;85;206;141;27;174;19;128;88;25;58;5;209,0.1,19,122,19,0.1154214302670168,,False,0.8679896462467646,,,,,,19,0,54.46160001156386,3.010200001881458,70.41800000297371,2.2400000016205013
DynamicOnly_B10,JILONG_EI_0069,60,B10,61;47;93;79;206;29;172;42;176;5;174;141;24;91;49;55;203;135;86,0.1,19,123,19,0.1129174292255974,,False,0.860504920838682,,,,,,19,0,55.95789999642875,2.8777999978046864,71.33030000841245,2.2338000126183037
DynamicOnly_B10,JILONG_EI_0069,70,B10,60;79;47;93;29;27;49;141;70;25;206;89;91;202;56;121;174;252;176,0.1,19,123,19,0.1141043410342213,,False,0.8365425759520753,,,,,,19,0,54.35279999801424,2.636799996253103,71.25179999275133,2.558600011980161
DynamicOnly_B10,JILONG_EI_0069,80,B10,44;77;47;79;14;42;141;34;218;206;70;32;209;101;172;56;121;4;252,0.1,19,122,19,0.1378578921977778,,False,0.8317515099223468,,,,,,19,0,54.390500008594245,2.6683000032790005,70.3462999954354,2.2847999935038388
DynamicOnly_B10,JILONG_EI_0069,90,B10,28;61;47;93;14;206;141;42;49;90;192;99;252;155;10;174;40;202;120,0.1,19,120,19,0.0899832300847684,,False,0.8201754385964911,,,,,,19,0,54.51280000852421,3.786000001127832,70.42400000500493,2.253799990285188
DynamicOnly_B10,JILONG_EI_0069,100,B10,28;46;60;26;93;206;14;141;70;176;91;252;49;58;128;40;203;120;99,0.1,19,120,19,0.1084071643528267,,False,0.8267543859649124,,,,,,19,0,55.71709999640007,3.500699996948242,71.14629998977762,2.3498999944422394
DynamicOnly_B10,JILONG_EI_0069,110,B10,28;76;26;78;141;47;252;90;32;55;203;190;4;99;128;192;58;88;155,0.1,19,121,19,0.0991798822277186,,False,0.8229665071770335,,,,,,19,0,56.53919999895152,2.724499994656071,71.84479999705218,3.0229999974835664
DynamicOnly_B10,JILONG_EI_0069,120,B10,28;60;93;252;26;47;32;55;14;4;202;206;91;88;86;135;128;157;229,0.1,19,118,19,0.1133462489758099,,False,0.8157894736842106,,,,,,19,0,55.47019999357872,3.130200013401918,72.42090000363532,2.241199996205978
DynamicOnly_B10,JILONG_EI_0069,130,B10,27;60;93;47;29;252;101;202;55;32;141;25;106;206;135;104;74;174;176,0.1,19,118,19,0.1121823096538046,,False,0.8371989295272079,,,,,,19,0,54.80399999942165,2.6599999982863665,72.75669999944512,3.251799993449822
DynamicOnly_B10,JILONG_EI_0069,140,B10,27;61;93;47;25;29;202;252;101;141;55;176;121;57;174;32;88;91;155,0.1,19,118,19,0.1284544876752609,,False,0.8327386262265835,,,,,,19,0,54.87949999223929,2.9869999998481944,70.41450000542682,2.28909999714233
DynamicOnly_B10,JILONG_EI_0069,150,B10,26;28;60;93;47;101;203;252;121;40;32;14;211;128;3;176;74;141;87,0.1,19,119,19,0.125942829138302,,False,0.8222025652366208,,,,,,19,0,54.63749999762513,2.607299989904277,70.97869999415707,2.25720000162255
DynamicOnly_B10,JILONG_EI_0069,160,B10,26;28;60;78;40;47;101;235;3;203;70;121;232;32;91;229;211;206;192,0.1,19,118,19,0.1633803248309608,,False,0.8251561106155219,,,,,,19,0,55.07899999793153,2.6234000106342137,70.1897000108147,2.2430999961216003
DynamicOnly_B10,JILONG_EI_0069,170,B10,26;58;44;77;40;90;232;186;70;101;121;47;235;229;32;206;135;179;50,0.1,19,119,19,0.1614812659371625,,False,0.7969924812030074,,,,,,19,0,54.91170000459533,2.609700008179061,70.35409999662079,2.2380000009434298
DynamicOnly_B10,JILONG_EI_0069,180,B10,25;27;60;58;56;78;106;70;232;101;29;47;229;206;32;50;88;119;128,0.1,19,117,19,0.1443897358929788,,False,0.8254610886189833,,,,,,19,0,54.67209999915213,2.6328000094508752,70.72260000859387,2.279599997564219
DynamicOnly_B10,JILONG_EI_0069,190,B10,25;27;60;78;58;106;56;101;70;47;233;88;29;206;186;174;51;179;49,0.1,19,115,19,0.1673392500248868,,False,0.8178489702517163,,,,,,19,0,55.63300001085736,3.061199997318909,69.98879999446217,2.2923000069567934
DynamicOnly_B10,JILONG_EI_0069,200,B10,25;27;60;56;78;88;101;58;47;121;90;233;99;50;29;36;128;251;141,0.1,19,115,19,0.134626429080105,,False,0.8077803203661327,,,,,,19,0,54.338000001735054,3.1405000045197085,69.68060000508558,2.2702000132994726
DynamicOnly_B10,JILONG_EI_0069,210,B10,24;26;56;28;60;58;94;101;47;99;88;90;141;176;135;232;50;251;174,0.1,19,116,19,0.1257360767587353,,False,0.823049001814882,,,,,,19,0,54.48120000073686,2.919399994425476,70.12889999896288,2.275000006193295
DynamicOnly_B10,JILONG_EI_0069,220,B10,24;26;56;28;88;60;101;94;47;58;91;176;233;99;251;50;121;70;201,0.1,19,115,19,0.1472536392247551,,False,0.8306636155606407,,,,,,19,0,57.21709999488667,2.6362999924458563,70.42709999950603,2.3687000066274777
DynamicOnly_B10,JILONG_EI_0069,230,B10,40;26;101;28;60;94;88;47;251;58;70;233;91;135;121;99;160;112;202,0.1,19,116,19,0.142000597284652,,False,0.8035390199637024,,,,,,19,0,54.99119999876712,3.202599997166544,70.96840000303928,2.3059999948600307
DynamicOnly_B10,JILONG_EI_0069,240,B10,56;24;26;101;28;60;94;47;70;89;135;233;91;251;99;51;174;58;219,0.1,19,116,19,0.1480729912474826,,False,0.8212341197822141,,,,,,19,0,54.91960000654217,2.666300002601929,70.52850000036415,2.2471999982371926
DynamicOnly_B10,JILONG_EI_0069,250,B10,56;25;27;101;23;45;94;88;70;47;91;252;135;232;99;121;128;58;219,0.1,19,118,19,0.1318697306858818,,False,0.8077609277430865,,,,,,19,0,55.711799999699,2.834999992046505,71.08759999391623,2.294000005349517
DynamicOnly_B10,JILONG_EI_0069,260,B10,55;41;27;101;23;45;77;47;88;232;135;252;99;106;128;240;36;141;192,0.1,19,120,19,0.1433866039773031,,False,0.7916666666666667,,,,,,19,0,54.85089999274351,2.752999993390404,69.97119999141432,3.069399986998178
DynamicOnly_B10,JILONG_EI_0069,270,B10,55;26;24;101;60;28;94;232;135;46;89;252;99;58;128;240;36;91;141,0.1,19,119,19,0.1560214716174927,,False,0.7916850950906678,,,,,,19,0,54.35669999860693,2.690299996174872,70.08479999785777,2.4563000042689964
DynamicOnly_B10,JILONG_EI_0069,280,B10,55;26;60;101;24;94;28;232;46;89;135;252;176;99;128;91;57;240;36,0.1,19,119,19,0.1545895199516046,,False,0.7961079168509508,,,,,,19,0,55.21679999947082,2.7215999871259555,70.83799999963958,2.838599990354851
DynamicOnly_B10,JILONG_EI_0069,290,B10,55;26;101;60;24;28;94;46;232;135;89;252;91;57;240;36;128;99;141,0.1,19,119,19,0.1564426338721657,,False,0.7894736842105262,,,,,,19,0,54.80339999485295,2.977299998747185,70.48159999249037,2.348499998333864
DynamicOnly_B10,JILONG_EI_0069,300,B10,55;26;101;60;94;28;24;89;135;91;232;46;36;251;240;57;176;128;99,0.1,19,119,19,0.1543061926166428,,False,0.792127377266696,,,,,,19,0,54.81889999646228,3.817200005869381,71.82420000026468,3.431100005400367
DynamicOnly_B10,JILONG_EI_0069,310,B10,55;26;101;60;28;24;94;232;46;135;90;88;176;240;57;251;128;32;99,0.1,19,118,19,0.1478738963634553,,False,0.7957181088314006,,,,,,19,0,54.40769999404438,2.7695000026142225,70.41430000390392,2.206300006946549
DynamicOnly_B10,JILONG_EI_0069,320,B10,55;26;101;60;28;24;94;232;135;176;36;89;240;57;251;32;47;144;34,0.1,19,118,19,0.1527670360132015,,False,0.7966101694915254,,,,,,19,0,54.71090000355616,3.53660000837408,70.21280001208652,2.3197999980766326
DynamicOnly_B10,JILONG_EI_0069,330,B10,55;26;60;101;28;24;94;14;232;135;176;240;36;89;57;144;32;251;47,0.1,19,118,19,0.1524147912183841,,False,0.8073148974130241,,,,,,19,0,54.66619999788236,2.8190000011818483,70.38279999687802,2.3673999967286363
DynamicOnly_B10,JILONG_EI_0069,340,B10,55;26;60;101;24;28;94;240;90;232;176;135;46;32;36;144;57;34;88,0.1,19,119,19,0.1543674525809588,,False,0.8115877930119414,,,,,,19,0,56.19770000339486,2.872400000342168,71.05140000930987,2.350399998249486
DynamicOnly_B10,JILONG_EI_0069,350,B10,55;26;60;101;24;28;94;46;232;176;135;36;240;32;89;144;57;87;206,0.1,19,119,19,0.1549494222419615,,False,0.8089340999557717,,,,,,19,0,55.25399999169167,3.402400005143136,70.79820000217296,2.270000011776574
DynamicOnly_B10,JILONG_EI_0069,360,B10,55;26;60;101;24;28;94;46;232;135;176;36;32;240;87;206;144;57;89,0.1,19,120,19,0.1549494222419615,,False,0.8118421052631578,,,,,,19,0,55.9544999996433,2.5830000085989013,70.43600000906736,2.278799991472624
DynamicOnly_B10,JILONG_EI_0069,370,B10,55;26;60;101;24;28;93;46;176;232;90;135;87;32;240;206;36;144;57,0.1,19,121,19,0.1434019189683822,,False,0.8120922140060897,,,,,,19,0,55.590600008144975,2.647899993462488,70.77760000538547,2.3692999966442585
DynamicOnly_B10,JILONG_EI_0069,380,B10,55;26;60;101;24;28;94;232;176;46;87;135;32;240;206;36;144;89;148,0.1,19,120,19,0.1761070824176245,,False,0.8105263157894737,,,,,,19,0,54.93090000527445,2.875200007110834,70.58990000223275,2.2526999964611605
DynamicOnly_B10,JILONG_EI_0069,390,B10,55;26;60;101;24;28;78;46;176;232;87;135;32;206;240;148;180;144;34,0.1,19,120,19,0.1982449020223445,,False,0.8100877192982456,,,,,,19,0,56.014899993897416,3.870999993523583,70.8602999948198,2.3527000012109056
DynamicOnly_B10,JILONG_EI_0069,400,B10,55;26;60;24;101;28;78;176;232;46;148;32;135;87;240;180;252;144;210,0.1,19,121,19,0.2199998468500892,,False,0.8155719878207917,,,,,,19,0,55.617200006963685,2.7396999939810485,71.2686000042595,2.3835000029066578
DynamicOnly_B10,JILONG_EI_0069,410,B10,55;26;60;24;101;28;78;46;148;176;90;232;87;32;180;135;252;240;34,0.1,19,122,19,0.1956796410166091,,False,0.826574633304573,,,,,,19,0,55.55270001059398,2.795699998387136,71.54380000429228,2.859300002455712
DynamicOnly_B10,JILONG_EI_0069,420,B10,55;26;60;24;101;28;78;180;148;176;46;190;232;87;252;32;135;172;34,0.1,19,123,19,0.1784809060348722,,False,0.8322635857937528,,,,,,19,0,54.4882999965921,2.6753999991342425,70.68360000266694,2.301000000443309
DynamicOnly_B10,JILONG_EI_0069,430,B10,55;26;60;24;101;28;180;78;148;176;232;87;252;32;135;211;46;199;34,0.1,19,122,19,0.1897527394690292,,False,0.830888697152718,,,,,,19,0,55.375700001604855,2.715900001931004,70.59730000037234,2.2290000051725656
DynamicOnly_B10,JILONG_EI_0069,440,B10,55;26;60;24;101;28;180;148;78;252;176;87;232;32;135;211;199;46;166,0.1,19,122,19,0.1900284093084515,,False,0.8330457290767903,,,,,,19,0,55.55400000594091,2.631499999552034,70.6722000031732,2.613899996504188
DynamicOnly_B10,JILONG_EI_0069,450,B10,55;26;24;60;101;28;180;148;78;176;252;87;232;32;211;120;46;166;90,0.1,19,123,19,0.1875933257268877,,False,0.8403936670945655,,,,,,19,0,54.06729999231175,2.9528000013669957,70.58240000333171,2.516799999284558
DynamicOnly_B10,JILONG_EI_0069,460,B10,55;26;24;60;28;101;180;148;78;87;252;232;99;32;190;211;135;176;199,0.1,19,124,19,0.1905338040140591,,False,0.8433786078098473,,,,,,19,0,54.31220000900794,2.6985000004060566,70.33340001362376,2.292899996973574
DynamicOnly_B10,JILONG_EI_0069,470,B10,55;26;60;24;101;28;180;148;78;87;252;176;211;32;199;232;135;190;90,0.1,19,124,19,0.189101852348171,,False,0.8463497453310697,,,,,,19,0,54.71490000491031,2.686899999389425,71.68300000193994,3.0513999954564497
DynamicOnly_B10,JILONG_EI_0069,480,B10,55;26;60;24;101;28;180;148;78;87;252;176;90;211;32;199;232;135;172,0.1,19,124,19,0.1889946474106179,,False,0.8488964346349746,,,,,,19,0,54.15999999968335,2.811199999996461,69.75539999257307,2.252899997984059
DynamicOnly_B10,JILONG_EI_0069,490,B10,55;26;60;24;101;28;180;148;14;78;87;252;176;211;199;32;99;135;232,0.1,19,122,19,0.1895766170716205,,False,0.8520276100086283,,,,,,19,0,54.35790000774432,2.75580000015907,70.31740000820719,2.5719999975990504
DynamicOnly_B10,JILONG_EI_0069,500,B10,55;26;24;60;101;28;180;148;78;87;252;199;211;176;32;99;135;232;68,0.1,19,122,19,0.1980151771561593,,False,0.8511647972389992,,,,,,19,0,54.15359999460634,3.12320000375621,71.17419999849517,2.231699996627867
DynamicOnly_B10,JILONG_EI_0069,510,B10,55;26;24;60;101;28;180;148;78;252;87;199;99;211;32;176;135;232;90,0.1,19,123,19,0.1889180724552228,,False,0.8519469405220368,,,,,,19,0,54.545100007089786,2.629399998113513,70.63580000249203,2.26239999756217
DynamicOnly_B10,JILONG_EI_0069,520,B10,55;26;24;60;101;180;28;148;78;87;252;190;199;211;32;99;135;176;232,0.1,19,123,19,0.1905338040140591,,False,0.8575096277278562,,,,,,19,0,54.28730000858195,2.6230000075884163,72.49479999882169,3.2481000089319423
DynamicOnly_B10,JILONG_EI_0069,530,B10,55;26;24;60;101;180;28;148;78;252;87;199;211;32;99;135;176;232;58,0.1,19,123,19,0.1892473447634216,,False,0.8583654257595207,,,,,,19,0,54.36510000436101,3.1903999915812165,70.23690000642091,2.213399988249876
DynamicOnly_B10,JILONG_EI_0069,540,B10,55;26;24;101;180;60;28;148;78;252;87;199;211;32;99;135;232;176;58,0.1,19,123,19,0.1892473447634216,,False,0.857081728712024,,,,,,19,0,56.47280000266619,2.5920999905793,69.91400000697467,2.242999995360151
DynamicOnly_B10,JILONG_EI_0069,550,B10,55;26;24;180;101;60;28;148;78;252;199;87;211;32;135;99;232;58;176,0.1,19,123,19,0.1892473447634216,,False,0.8587933247753532,,,,,,19,0,54.30829999386333,2.5749999913387,69.82360000256449,2.224900003056973
DynamicOnly_B10,JILONG_EI_0069,560,B10,55;26;24;180;101;60;28;148;78;199;252;87;211;32;99;135;90;58;176,0.1,19,123,19,0.1889946474106179,,False,0.8613607188703467,,,,,,19,0,54.29269999149256,3.0380000098375604,70.64589999208692,2.315299992915243
DynamicOnly_B10,JILONG_EI_0069,570,B10,55;26;24;180;101;60;28;148;78;199;87;252;211;32;135;99;58;176;232,0.1,19,124,19,0.1892473447634216,,False,0.8620543293718166,,,,,,19,0,54.53609999676701,2.748700004303828,73.07530000980478,3.075499989790842
DynamicOnly_B10,JILONG_EI_0069,580,B10,55;60;26;24;180;101;28;148;78;199;87;252;211;32;135;58;99;90;166,0.1,19,124,19,0.1900820117772281,,False,0.868421052631579,,,,,,19,0,55.55319999984931,2.621100007672794,72.4029000120936,3.583099998650141
DynamicOnly_B10,JILONG_EI_0069,590,B10,55;26;24;180;101;60;28;148;78;199;87;252;211;166;32;99;135;58;190,0.1,19,123,19,0.1916977433360645,,False,0.8660676080445016,,,,,,19,0,55.16720000014175,3.3552999957464635,70.8608999993885,2.2413999977288768
DynamicOnly_B10,JILONG_EI_0069,600,B10,55;26;24;180;101;60;28;148;78;199;87;252;211;166;32;58;99;135;90,0.1,19,123,19,0.1900820117772281,,False,0.8682071031236628,,,,,,19,0,55.26920000556856,3.785399996559136,70.64890000037849,2.32690000848379
DynamicOnly_B10,JILONG_EI_0069,610,B10,55;26;180;24;101;60;28;148;78;199;87;252;166;90;58;32;211;135;99,0.1,19,123,19,0.1900820117772281,,False,0.8682071031236628,,,,,,19,0,53.97909999010153,2.791599996271543,70.91230001242366,2.267899995786138
DynamicOnly_B10,JILONG_EI_0069,620,B10,55;26;24;180;101;60;28;148;78;199;87;252;58;166;211;32;135;99;3,0.1,19,123,19,0.1909779387553506,,False,0.8682071031236628,,,,,,19,0,54.95560000417754,3.1482999911531806,70.0862999947276,2.5716000091051683
DynamicOnly_B10,JILONG_EI_0069,630,B10,55;26;180;24;101;60;28;148;78;199;87;252;58;211;166;135;32;3;99,0.1,19,123,19,0.1909779387553506,,False,0.8690629011553274,,,,,,19,0,55.70070000248961,3.441699998802505,71.18280000577215,2.362300001550466
DynamicOnly_B10,JILONG_EI_0069,640,B10,55;26;24;180;101;60;28;148;78;199;87;252;58;211;3;135;32;99;166,0.1,19,123,19,0.1909779387553506,,False,0.8652118100128371,,,,,,19,0,55.061599996406585,3.538600009051152,70.7230999978492,2.271599994855933
DynamicOnly_B10,JILONG_EI_0069,650,B10,55;26;180;24;101;60;28;148;78;199;87;252;58;166;3;211;135;99;32,0.1,19,123,19,0.1909779387553506,,False,0.866923406076166,,,,,,19,0,57.10629999521189,2.6153999933740124,69.99250000808388,2.3662000021431595
DynamicOnly_B10,JILONG_EI_0069,660,B10,55;26;24;180;101;60;28;148;78;199;87;252;58;166;3;135;211;32;161,0.1,19,123,19,0.1947377690652495,,False,0.8682071031236628,,,,,,19,0,54.09349998808466,2.5978999910876155,69.97509999200702,2.231300008133985
DynamicOnly_B10,JILONG_EI_0069,670,B10,55;26;180;24;101;60;28;148;78;199;87;252;58;3;166;161;135;211;32,0.1,19,123,19,0.1947377690652495,,False,0.866923406076166,,,,,,19,0,54.24450000282377,2.5615000049583614,70.11829999100883,2.219000001787208
DynamicOnly_B10,JILONG_EI_0069,680,B10,55;26;24;180;101;60;28;148;78;199;190;87;58;252;3;161;135;211;32,0.1,19,124,19,0.1950670413734484,,False,0.8735144312393889,,,,,,19,0,54.86020000535064,2.6240000006509945,69.96540000545792,2.252599995699711
DynamicOnly_B10,JILONG_EI_0069,690,B10,55;26;24;180;101;60;28;148;78;199;87;58;3;252;161;135;32;211;99,0.1,19,123,19,0.1948832614805002,,False,0.8664955070603338,,,,,,19,0,55.00279999978375,2.6097999943885952,71.42269999894779,2.4081000010482967
DynamicOnly_B10,JILONG_EI_0069,700,B10,55;26;24;180;101;60;28;148;78;199;87;58;3;161;252;135;211;32;52,0.1,19,123,19,0.2018056374482162,,False,0.8652118100128369,,,,,,19,0,55.446200000005774,2.717600000323728,71.81319998926483,2.51869999920018
DynamicOnly_B10,JILONG_EI_0069,710,B10,55;26;24;180;101;60;28;148;78;199;87;58;3;161;252;135;52;32;211,0.1,19,123,19,0.2018056374482162,,False,0.8686350021394951,,,,,,19,0,54.49019999650773,3.340399998705834,69.96710000385065,2.2578999924007803
DynamicOnly_B10,JILONG_EI_0069,720,B10,55;26;24;180;101;60;148;28;78;199;87;58;3;161;252;52;135;32;211,0.1,19,123,19,0.2018056374482162,,False,0.8690629011553274,,,,,,19,0,54.41920000885148,2.56019999505952,70.39030001033098,2.256499996292405
DynamicOnly_B10,JILONG_EI_0069,730,B10,55;26;24;180;101;60;148;28;78;199;87;190;58;3;161;252;52;135;32,0.1,19,124,19,0.1899058893798194,,False,0.8730899830220714,,,,,,19,0,54.74099999992177,3.3647999953245744,69.62989999738056,2.223099989350885
DynamicOnly_B10,JILONG_EI_0069,740,B10,55;26;24;180;101;60;148;28;199;78;87;3;58;161;252;52;135;32;211,0.1,19,123,19,0.2018056374482162,,False,0.8720581942661533,,,,,,19,0,54.17160000069998,3.015199996298179,72.28870000108145,3.214800002751872
DynamicOnly_B10,JILONG_EI_0069,750,B10,55;26;24;180;101;60;148;78;199;28;87;58;3;161;52;252;32;135;212,0.1,19,123,19,0.1922720555015276,,False,0.8712023962344887,,,,,,19,0,54.968700002064,2.6203000015811995,71.07589999213815,2.2591000015381724
DynamicOnly_B10,JILONG_EI_0069,760,B10,55;26;24;180;101;60;148;199;78;28;87;58;3;161;52;252;32;135;212,0.1,19,123,19,0.1922720555015276,,False,0.8703465982028241,,,,,,19,0,54.1833999886876,2.634099990245886,69.92520000494551,2.89879999763798
DynamicOnly_B10,JILONG_EI_0069,770,B10,55;26;24;101;180;60;148;199;78;28;87;58;3;161;52;252;32;212;135,0.1,19,123,19,0.1922720555015276,,False,0.8716302952503208,,,,,,19,0,54.0261999994982,2.594899997347966,70.02339999598917,2.894999997806736
DynamicOnly_B10,JILONG_EI_0069,780,B10,55;24;26;101;180;60;148;199;78;28;52;87;58;3;161;212;252;32;135,0.1,19,123,19,0.1922720555015276,,False,0.8789045785194695,,,,,,19,0,54.16859999240842,2.5298000109614804,69.75030001194682,2.2413999977288768
DynamicOnly_B10,JILONG_EI_0069,790,B10,55;26;24;101;180;60;148;199;78;52;28;87;58;3;161;212;252;32;135,0.1,19,122,19,0.1922720555015276,,False,0.8766177739430545,,,,,,19,0,54.180599996470846,2.5757999974302948,72.0251000020653,3.1190999870887026
DynamicOnly_B10,JILONG_EI_0069,800,B10,55;24;26;101;180;77;148;199;52;28;87;58;3;161;212;32;252;135;232,0.1,19,122,19,0.1785421659991883,,False,0.8541846419327006,,,,,,19,0,54.31479999970179,2.948300010757521,70.28289999288972,2.2581000084755942
DynamicOnly_B10,JILONG_EI_0069,810,B10,55;24;26;101;180;52;199;60;148;78;28;87;58;3;161;212;32;252;135,0.1,19,122,19,0.1922720555015276,,False,0.8757549611734252,,,,,,19,0,56.60860000352841,2.703599995584227,71.39549999556039,2.6046000130008906
DynamicOnly_B10,JILONG_EI_0069,820,B10,55;24;26;101;180;52;199;60;148;78;28;87;58;3;161;212;32;135;252,0.1,19,122,19,0.1922720555015276,,False,0.8757549611734254,,,,,,19,0,54.8144000058528,2.601100000902079,70.63889999699313,2.2179999941727147
DynamicOnly_B10,JILONG_EI_0069,830,B10,55;24;26;101;180;52;199;148;78;28;60;87;190;58;3;161;212;32;135,0.1,19,123,19,0.1937652671317319,,False,0.8874625588361148,,,,,,19,0,55.06409998633899,2.6082999975187704,71.09470000432339,2.2661999973934144
DynamicOnly_B10,JILONG_EI_0069,840,B10,55;24;26;101;180;52;199;148;60;78;28;87;58;3;212;161;32;252;135,0.1,19,122,19,0.1922720555015276,,False,0.8787748058671269,,,,,,19,0,54.42200000106823,2.567899995483458,72.54110000212677,3.065900004003197
DynamicOnly_B10,JILONG_EI_0069,850,B10,55;24;26;101;180;52;199;60;148;78;28;87;58;3;190;161;212;32;135,0.1,19,122,19,0.1937652671317319,,False,0.8904227782571181,,,,,,19,0,54.50480000581592,3.371300001163036,69.69889999891166,2.282999994349666
DynamicOnly_B10,JILONG_EI_0069,860,B10,55;24;101;26;180;52;199;78;148;28;60;87;58;3;212;161;32;135;232,0.1,19,121,19,0.1924022329256993,,False,0.8760330578512395,,,,,,19,0,55.09740000707097,3.875299997162074,69.93110000621527,2.270799988764338
DynamicOnly_B10,JILONG_EI_0069,870,B10,55;24;101;26;180;52;199;78;148;60;28;87;58;3;212;161;32;232;135,0.1,19,121,19,0.1924022329256993,,False,0.882557633753806,,,,,,19,0,55.06910000985954,2.6608999905874957,71.02089999534655,2.490699989721179
DynamicOnly_B10,JILONG_EI_0069,880,B10,55;24;101;26;180;52;199;78;148;60;28;87;58;3;212;161;32;232;135,0.1,19,121,19,0.1924022329256993,,False,0.8816876903001303,,,,,,19,0,55.86279999988619,2.674399991519749,70.48400001076516,2.9273999971337616
DynamicOnly_B10,JILONG_EI_0069,890,B10,55;24;101;26;180;52;199;78;148;28;60;87;58;3;212;161;32;232;135,0.1,19,121,19,0.1924022329256993,,False,0.8816876903001303,,,,,,19,0,54.35800000850577,2.5972000003093854,69.97549999505281,2.6821000064956024
DynamicOnly_B10,JILONG_EI_0069,900,B10,55;24;101;26;180;52;199;78;148;28;60;87;58;3;212;161;232;32;135,0.1,19,121,19,0.1924022329256993,,False,0.8812527185732927,,,,,,19,0,54.43329999980051,2.5359999999636784,70.18969999626279,2.277499996125698
DynamicOnly_B10,JILONG_EI_0069,910,B10,24;55;101;26;180;52;199;78;148;28;60;58;87;3;212;161;232;32;135,0.1,19,121,19,0.1924022329256993,,False,0.8821226620269682,,,,,,19,0,54.254900009254925,3.006599989021197,70.97430000430904,2.6913999899988994
DynamicOnly_B10,JILONG_EI_0069,920,B10,24;55;101;26;180;52;199;78;148;28;60;58;87;3;212;161;232;32;135,0.1,19,121,19,0.1924022329256993,,False,0.8816876903001305,,,,,,19,0,55.61670000315644,2.7251999999862164,72.13220000267029,2.4492999946232885
DynamicOnly_B10,JILONG_EI_0069,930,B10,24;55;101;26;180;52;199;78;148;28;60;58;87;3;212;161;232;32;135,0.1,19,120,19,0.1924022329256993,,False,0.8846491228070178,,,,,,19,0,55.52120000356808,2.835499995853752,71.96450000628829,3.3555999980308115
DynamicOnly_B10,JILONG_EI_0069,940,B10,24;55;101;26;180;52;199;78;148;28;83;58;87;60;3;212;161;232;135,0.1,19,121,19,0.1919504406888683,,False,0.8943018703784253,,,,,,19,0,54.13709999993444,2.618999991682358,70.84960000065621,2.2838000004412606
DynamicOnly_B10,JILONG_EI_0069,950,B10,24;55;101;26;180;52;199;148;78;28;58;87;161;60;212;3;232;32;135,0.1,19,120,19,0.1924022329256993,,False,0.8837719298245614,,,,,,19,0,54.01049999636598,2.598999999463558,70.3188999905251,2.250699995784089
DynamicOnly_B10,JILONG_EI_0069,960,B10,24;55;101;26;180;52;199;148;78;28;58;161;87;212;60;3;232;190;135,0.1,19,121,19,0.1934436523190725,,False,0.8886472379295346,,,,,,19,0,54.144499998074025,2.56170000648126,69.7671999951126,2.2630999883404
DynamicOnly_B10,JILONG_EI_0069,970,B10,24;101;55;180;26;52;199;148;78;161;28;60;58;87;212;3;232;135;32,0.1,19,120,19,0.1924022329256993,,False,0.8820175438596491,,,,,,19,0,54.21539999952074,2.5609000003896654,70.6827000103658,2.243900002213195
DynamicOnly_B10,JILONG_EI_0069,980,B10,24;101;55;180;26;52;199;148;78;161;28;58;87;212;3;60;190;232;135,0.1,19,120,19,0.1934436523190725,,False,0.8916666666666666,,,,,,19,0,54.1086000012001,2.791899998555891,70.84889999532606,2.303500004927628
DynamicOnly_B10,JILONG_EI_0069,990,B10,24;101;55;26;180;52;199;148;78;161;60;58;83;212;87;28;3;232;135,0.1,19,120,19,0.1919504406888683,,False,0.8956140350877194,,,,,,19,0,54.30419999174774,3.129699995042756,72.45159999001771,3.1346000032499437
DynamicOnly_B10,JILONG_EI_0069,1000,B10,24;101;55;180;26;52;199;148;78;161;58;212;60;87;28;3;232;135;155,0.1,19,119,19,0.1948602889938816,,False,0.8845643520566123,,,,,,19,0,55.12140000064392,2.877999999327585,70.09360000665765,2.3175999958766624
DynamicOnly_B10,JILONG_EI_0069,1010,B10,24;101;55;180;26;52;199;148;78;161;58;212;87;60;3;28;232;135;155,0.1,19,119,19,0.1948602889938816,,False,0.8810260946483858,,,,,,19,0,54.64200000278652,2.613999997265637,69.84159999410622,2.241800000774674
DynamicOnly_B10,JILONG_EI_0069,1020,B10,24;101;55;180;26;52;199;161;148;78;58;212;87;60;3;28;232;135;155,0.1,19,119,19,0.1948602889938816,,False,0.8845643520566121,,,,,,19,0,54.19169999368023,2.726000006077811,69.79049999790732,2.8184999973746017
DynamicOnly_B10,JILONG_EI_0069,1030,B10,24;101;55;180;26;52;199;161;148;78;212;58;87;3;60;28;232;135;155,0.1,19,119,19,0.1948602889938816,,False,0.8827952233524989,,,,,,19,0,54.3216000078246,2.6160999987041578,70.53029999951832,2.290000003995374
DynamicOnly_B10,JILONG_EI_0069,1040,B10,24;101;55;180;26;52;161;199;148;78;212;58;87;60;3;28;232;135;155,0.1,19,119,19,0.1948602889938816,,False,0.8850066342326407,,,,,,19,0,54.5882000005804,2.660800004377961,70.85180000285618,2.4010000051930547
DynamicOnly_B10,JILONG_EI_0069,1050,B10,24;101;55;180;26;52;161;199;148;78;212;58;87;3;60;28;232;135;155,0.1,19,119,19,0.1948602889938816,,False,0.8792569659442725,,,,,,19,0,54.88310000509955,2.6437000051373616,71.07170000381302,2.2566999978153035
DynamicOnly_B10,JILONG_EI_0069,1060,B10,24;101;55;180;26;52;161;199;148;78;212;58;87;60;3;28;232;135;155,0.1,19,119,19,0.1948602889938816,,False,0.8876603272888105,,,,,,19,0,54.71090000355616,2.8517000027932227,70.38030000694562,2.229399993666448
DynamicOnly_B10,JILONG_EI_0069,1070,B10,24;101;55;180;26;52;161;199;148;78;212;58;87;3;60;28;232;135;155,0.1,19,119,19,0.1948602889938816,,False,0.885448916408669,,,,,,19,0,55.5292999924859,2.773800006252713,69.83930000569671,2.394099996308796
DynamicOnly_B10,JILONG_EI_0069,1080,B10,24;101;55;180;26;52;161;199;148;78;212;58;87;3;60;28;232;135;155,0.1,19,119,19,0.1948602889938816,,False,0.8836797877045556,,,,,,19,0,55.17409999447409,2.537699998356402,70.79640000301879,2.253999991808086
DynamicOnly_B10,JILONG_EI_0069,1090,B10,24;101;55;180;52;26;161;199;148;212;78;58;87;3;28;60;232;135;206,0.1,19,119,19,0.192157193068435,,False,0.8867757629367536,,,,,,19,0,54.718800005503,2.626999994390644,71.22179999714717,2.3138000105973333
DynamicOnly_B10,JILONG_EI_0069,1100,B10,24;101;55;180;52;26;161;199;148;212;94;58;87;3;60;28;232;135;155,0.1,19,119,19,0.1838488104080679,,False,0.8827952233524989,,,,,,19,0,58.12099999457132,2.8103999939048663,72.20710000547115,2.405799998086877
DynamicOnly_B10,JILONG_EI_0069,1110,B10,24;101;55;180;52;161;26;199;148;212;94;58;87;3;44;232;135;155;5,0.1,19,119,19,0.1841704252207273,,False,0.8792569659442725,,,,,,19,0,55.16580000403337,2.687100000912324,70.88210000074469,2.453900000546128
DynamicOnly_B10,JILONG_EI_0069,1120,B10,24;101;55;161;180;52;26;77;199;148;212;44;58;87;3;232;135;5;155,0.1,19,119,19,0.1901279567504652,,False,0.8788146837682442,,,,,,19,0,53.977000003214926,3.2207999902311717,69.77790000382811,2.314600002137013
DynamicOnly_B10,JILONG_EI_0069,1130,B10,24;101;55;161;180;52;26;199;148;212;94;44;58;3;87;232;203;135;155,0.1,19,120,19,0.1844767250423076,,False,0.8820175438596493,,,,,,19,0,54.8893999948632,2.664600004209205,71.92289999511559,3.4279000101378188
DynamicOnly_B10,JILONG_EI_0069,1140,B10,101;24;55;161;180;52;26;199;148;212;94;44;58;3;87;232;203;83;135,0.1,19,121,19,0.1815668767372943,,False,0.8912570682905611,,,,,,19,0,54.51869999524206,2.679800003534183,69.6058999892557,2.897200000006705
DynamicOnly_B10,JILONG_EI_0069,1150,B10,101;24;55;161;180;52;26;199;148;212;94;44;58;3;87;232;203;135;5,0.1,19,120,19,0.1821488463982969,,False,0.8881578947368421,,,,,,19,0,54.1769999981625,2.623800013680011,70.29750000219792,2.256200008559972
DynamicOnly_B10,JILONG_EI_0069,1160,B10,101;24;161;55;180;52;26;148;199;212;94;44;58;3;87;232;135;66;5,0.1,19,119,19,0.1849591472612967,,False,0.8827952233524992,,,,,,19,0,55.36130000837147,3.228400004445575,70.1171999971848,3.377899993211031
DynamicOnly_B10,JILONG_EI_0069,1170,B10,101;24;161;55;52;180;26;148;199;2;212;94;44;58;87;203;232;135;66,0.1,19,122,19,0.1842929451493594,,False,0.8925798101811909,,,,,,19,0,55.17629999667406,2.7095999976154417,71.31939999817405,2.3893000034149736
DynamicOnly_B10,JILONG_EI_0069,1180,B10,101;24;161;55;52;180;26;148;212;199;94;44;58;203;3;87;232;135;66,0.1,19,121,19,0.185265447082877,,False,0.8886472379295346,,,,,,19,0,54.31239999597892,2.728100007516332,69.95730000198819,2.335299999685958
DynamicOnly_B10,JILONG_EI_0069,1190,B10,101;24;161;55;180;52;26;148;212;199;94;44;58;3;203;87;232;135;66,0.1,19,121,19,0.185265447082877,,False,0.8947368421052632,,,,,,19,0,54.413599995314144,2.776399996946566,72.25559999642428,3.121300003840588
DynamicOnly_B10,JILONG_EI_0069,1200,B10,101;24;161;55;52;180;26;212;2;148;94;199;44;58;203;87;232;135;66,0.1,19,122,19,0.1842929451493594,,False,0.8955996548748922,,,,,,19,0,54.76339999586344,2.5962999934563413,70.72250000783242,2.640599996084348
DynamicOnly_B10,JILONG_EI_0069,1210,B10,101;24;161;55;52;180;26;94;212;148;199;44;58;203;3;87;232;135;66,0.1,19,121,19,0.185265447082877,,False,0.8943018703784253,,,,,,19,0,54.60479999601375,2.616199999465607,70.17669999913778,2.2743000008631498
DynamicOnly_B10,JILONG_EI_0069,1220,B10,101;24;55;161;52;180;26;94;212;148;199;44;203;58;3;87;232;135;206,0.1,19,121,19,0.181773629116861,,False,0.8947368421052629,,,,,,19,0,54.96030001086183,2.685999992536381,70.4874000075506,2.29060000856407
DynamicOnly_B10,JILONG_EI_0069,1230,B10,101;24;55;161;52;180;26;212;94;148;199;44;203;58;3;232;87;135;206,0.1,19,121,19,0.181773629116861,,False,0.8977816441931274,,,,,,19,0,54.42840000614524,2.674999996088445,70.91919999220408,2.2738999978173524
DynamicOnly_B10,JILONG_EI_0069,1240,B10,101;24;55;161;180;52;26;212;94;148;2;199;44;58;203;232;87;135;206,0.1,19,122,19,0.1808011271833434,,False,0.8981880931837791,,,,,,19,0,56.86379999679048,2.834599989000708,69.73099999595433,2.4969000078272074
DynamicOnly_B10,JILONG_EI_0069,1250,B10,61;101;24;55;161;180;52;26;212;94;148;2;199;203;58;232;87;135;28,0.1,19,122,19,0.1941481419087073,,False,0.8925798101811906,,,,,,19,0,54.16420000256039,2.5859000015771016,70.50299999536946,2.305100002558902
DynamicOnly_B10,JILONG_EI_0069,1260,B10,101;24;55;161;52;180;26;212;94;148;199;44;203;58;3;232;87;135;206,0.1,19,121,19,0.181773629116861,,False,0.8973466724662896,,,,,,19,0,54.51280000852421,3.0396999936783686,70.5761999997776,2.303800007211976
DynamicOnly_B10,JILONG_EI_0069,1270,B10,101;24;55;52;180;161;26;212;94;148;199;44;203;58;3;232;87;135;156,0.1,19,120,19,0.1887036625801165,,False,0.8969298245614034,,,,,,19,0,55.484500000602566,2.7057999977841973,70.92090000514872,2.5095000019064173
DynamicOnly_B10,JILONG_EI_0069,1280,B10,101;24;55;52;180;161;26;212;94;148;199;203;44;58;3;232;135;87;156,0.1,19,121,19,0.1887036625801165,,False,0.898216615919965,,,,,,19,0,56.87339999713004,2.684100007172674,72.17869999294635,2.507500001229346
DynamicOnly_B10,JILONG_EI_0069,1290,B10,101;24;55;52;180;161;26;212;94;148;2;199;44;58;203;232;87;135;156,0.1,19,122,19,0.1877311606465989,,False,0.8977566867989646,,,,,,19,0,54.88719999266323,2.680700010387227,71.18180001270957,2.282900008140132
DynamicOnly_B10,JILONG_EI_0069,1300,B10,101;24;55;52;180;161;26;94;212;149;44;199;203;3;58;232;135;87;156,0.1,19,122,19,0.1754638527923057,,False,0.8981880931837791,,,,,,19,0,55.085300002247095,3.544299994246103,70.78429999819491,2.2391999955289066
DynamicOnly_B10,JILONG_EI_0069,1310,B10,101;24;55;52;180;161;26;94;212;148;44;199;58;203;3;232;135;87;156,0.1,19,121,19,0.1887036625801165,,False,0.9003914745541541,,,,,,19,0,54.92109998886008,3.2495000050403178,70.40319999214262,2.232200000435114
DynamicOnly_B10,JILONG_EI_0069,1320,B10,101;24;52;55;180;161;26;94;212;148;44;199;203;58;3;232;87;135;156,0.1,19,121,19,0.1887036625801165,,False,0.8990865593736406,,,,,,19,0,55.04019999352749,2.590299991425127,70.48739999299869,2.250299992738292
DynamicOnly_B10,JILONG_EI_0069,1330,B10,101;24;52;55;180;161;26;94;212;149;203;44;199;58;3;232;135;87;156,0.1,19,122,19,0.1754638527923057,,False,0.8964624676445211,,,,,,19,0,55.34770000667777,2.651899994816631,70.07359999988694,2.396199997747317
DynamicOnly_B10,JILONG_EI_0069,1340,B10,101;24;52;55;180;161;94;26;212;148;44;203;199;58;3;232;87;135;156,0.1,19,121,19,0.1887036625801165,,False,0.9008264462809916,,,,,,19,0,55.71000000054482,2.622399988467805,70.6276999990223,2.307699993252754
DynamicOnly_B10,JILONG_EI_0069,1350,B10,101;24;52;55;180;161;94;26;212;148;2;44;203;199;58;135;232;87;156,0.1,19,122,19,0.1877311606465989,,False,0.902502157031924,,,,,,19,0,54.20020000019576,2.6575999945634976,70.40240000060294,2.2533999872393906
DynamicOnly_B10,JILONG_EI_0069,1360,B10,101;24;52;55;180;94;161;26;212;148;44;199;203;58;3;232;135;156;87,0.1,19,121,19,0.1887036625801165,,False,0.898216615919965,,,,,,19,0,57.11939999309834,2.65949999447912,70.74919999286067,2.2761000000173226
DynamicOnly_B10,JILONG_EI_0069,1370,B10,101;24;52;94;55;180;161;26;212;149;203;44;2;199;58;135;232;156;87,0.1,19,123,19,0.1744913508587881,,False,0.8985879332477534,,,,,,19,0,54.778599995188415,2.778199996100738,71.82830000238027,3.2675999973434955
DynamicOnly_B10,JILONG_EI_0069,1380,B10,101;24;94;52;55;180;161;26;212;2;203;148;44;199;58;232;135;156;87,0.1,19,122,19,0.1877311606465989,,False,0.9033649698015532,,,,,,19,0,56.11730000237003,2.5855999992927536,70.81049999396782,2.30089999968186
DynamicOnly_B10,JILONG_EI_0069,1390,B10,101;24;94;52;55;180;161;26;212;149;44;58;199;3;232;135;203;156;87,0.1,19,122,19,0.1754638527923057,,False,0.8951682484900776,,,,,,19,0,55.21479999879375,3.539699988323264,71.10109999484848,2.408600004855544
DynamicOnly_B10,JILONG_EI_0069,1400,B10,101;24;94;52;55;180;26;161;212;2;44;148;199;58;232;203;135;156;87,0.1,19,122,19,0.1877311606465989,,False,0.902502157031924,,,,,,19,0,56.96719999832567,2.601100000902079,70.35009999526665,2.9389999981503934
DynamicOnly_B10,JILONG_EI_0069,1410,B10,101;24;94;52;55;180;26;161;212;148;203;44;199;58;3;232;135;156;87,0.1,19,121,19,0.1887036625801165,,False,0.903871248368856,,,,,,19,0,54.41599999903701,2.590300005977042,71.40200000139885,2.614500001072884
DynamicOnly_B10,JILONG_EI_0069,1420,B10,101;94;24;52;55;180;26;161;212;148;44;199;3;58;135;203;232;156;87,0.1,19,121,19,0.1887036625801165,,False,0.9043062200956936,,,,,,19,0,54.17820000729989,2.571799996076152,70.2943999931449,2.2437000006902963
DynamicOnly_B10,JILONG_EI_0069,1430,B10,101;94;24;52;55;180;161;26;212;148;203;44;199;58;3;135;156;232;87,0.1,19,122,19,0.1887036625801165,,False,0.8994823123382227,,,,,,19,0,54.33100000664126,2.563200003351085,70.37970000237692,2.263300004415214
DynamicOnly_B10,JILONG_EI_0069,1440,B10,101;94;24;52;55;180;161;26;212;148;203;44;199;58;3;135;156;232;87,0.1,19,122,19,0.1887036625801165,,False,0.8994823123382226,,,,,,19,0,54.44599999464117,2.560300010372885,71.58000000345055,2.254600010928698
DynamicOnly_B10,JILONG_EI_0079,10,B10,78;252;44;14;5;46;83;141;202;192;25;91;32;206;166;128;89;117;160,0.1,19,128,19,0.1054283985879578,,False,0.8980263157894737,,,,,,19,0,54.23500000324566,2.822299997205846,70.28049998916686,2.3763999924995005
DynamicOnly_B10,JILONG_EI_0079,20,B10,77;79;141;46;14;206;44;252;174;42;32;128;83;231;202;101;70;176;23,0.1,19,127,19,0.1167844644730494,,False,0.8827186075424782,,,,,,19,0,54.11589999857824,3.049899998586625,69.38529999752063,2.260299996123649
DynamicOnly_B10,JILONG_EI_0079,30,B10,77;79;44;141;55;252;83;206;144;25;91;13;5;46;32;88;241;166;86,0.1,19,125,19,0.1375439348806579,,False,0.8522105263157895,,,,,,19,0,54.14979999477509,2.672799993888475,69.89990000147372,2.2419999877456576
DynamicOnly_B10,JILONG_EI_0079,40,B10,77;79;44;84;26;166;252;106;40;141;32;174;128;119;46;74;50;172;206,0.1,19,124,19,0.1165930270845617,,False,0.8399830220713073,,,,,,19,0,54.34400000376627,2.615899997181259,70.28809998882934,2.4407000018982217
DynamicOnly_B10,JILONG_EI_0079,50,B10,61;93;79;14;121;141;166;206;85;28;25;19;56;32;90;99;172;58;87,0.1,19,122,19,0.1146020782442894,,False,0.8511647972389992,,,,,,19,0,54.38560000038706,2.5639999948907644,69.6246000006795,2.4699999921722338
DynamicOnly_B10,JILONG_EI_0079,60,B10,61;93;79;141;29;42;190;176;5;172;91;24;55;135;66;117;251;88;86,0.1,19,119,19,0.1331408749454403,,False,0.846528084918178,,,,,,19,0,56.1059000028763,2.6553999923635274,71.64199999533594,2.681300000404008
DynamicOnly_B10,JILONG_EI_0079,70,B10,60;93;29;27;141;25;70;89;56;32;252;34;91;218;66;117;177;120;172,0.1,19,118,19,0.1297945493946749,,False,0.8184656556645852,,,,,,19,0,55.45269999129232,2.6185999886365607,70.38039999315515,2.3141999990912154
DynamicOnly_B10,JILONG_EI_0079,80,B10,44;77;46;14;25;141;218;172;101;56;70;34;91;252;32;135;121;66;89,0.1,19,119,19,0.1420924872311262,,False,0.8102609464838566,,,,,,19,0,55.81730000267271,2.646499997354113,71.17789999756496,2.5821999879553914
DynamicOnly_B10,JILONG_EI_0079,90,B10,28;61;93;26;14;206;141;58;49;252;90;40;192;99;120;155;36;101;174,0.1,19,118,19,0.1331791624231378,,False,0.8189116859946478,,,,,,19,0,55.02469999191817,2.616700003272854,70.34520000161137,2.2557999909622595
DynamicOnly_B10,JILONG_EI_0079,100,B10,28;61;26;93;141;70;91;190;49;40;252;120;176;88;5;14;202;101;128,0.1,19,115,19,0.14546178526851,,False,0.8137299771167048,,,,,,19,0,54.6368000068469,2.716799994232133,70.87589999719057,2.3464999976567924
DynamicOnly_B10,JILONG_EI_0079,110,B10,28;60;26;93;141;252;206;91;70;40;32;202;128;155;117;20;176;229;120,0.1,19,115,19,0.1309661462122198,,False,0.8160183066361556,,,,,,19,0,55.19480000657495,2.644799998961389,71.24589999148156,2.3628999915672466
DynamicOnly_B10,JILONG_EI_0079,120,B10,28;60;93;26;252;32;40;14;202;4;206;88;91;229;101;141;135;121;128,0.1,19,115,19,0.1175195840448422,,False,0.8118993135011442,,,,,,19,0,55.57359999511391,2.5849000085145235,70.5796999973245,2.258200009237044
DynamicOnly_B10,JILONG_EI_0079,130,B10,27;61;93;14;101;25;251;202;32;58;141;106;190;176;88;229;55;5;112,0.1,19,115,19,0.1240897152177408,,False,0.820137299771167,,,,,,19,0,54.7900999954436,2.6313999987905845,69.89410000096541,2.5139000063063577
DynamicOnly_B10,JILONG_EI_0079,140,B10,27;61;93;25;202;252;101;29;141;55;57;176;32;34;174;104;91;155;132,0.1,19,114,19,0.1420618572489681,,False,0.8120960295475531,,,,,,19,0,54.570399996009655,2.5652000040281564,71.97129999985918,3.0097999988356605
DynamicOnly_B10,JILONG_EI_0079,150,B10,27;61;93;25;29;202;101;252;106;56;32;87;229;3;176;211;74;128;170,0.1,19,116,19,0.1435627263747118,,False,0.8148820326678766,,,,,,19,0,54.11949999688659,2.5858000008156523,70.52350000594743,2.3618999985046685
DynamicOnly_B10,JILONG_EI_0079,160,B10,26;28;93;60;40;101;106;32;3;70;232;235;74;203;14;88;211;170;229,0.1,19,117,19,0.1506688822353761,,False,0.7957714799820061,,,,,,19,0,56.69769999803975,3.055499997572042,71.88819999282714,2.937099998234771
DynamicOnly_B10,JILONG_EI_0079,170,B10,26;58;28;60;93;40;106;232;101;186;235;229;70;32;4;179;211;141;112,0.1,19,118,19,0.15793584550237,,False,0.800178412132025,,,,,,19,0,55.54149999807123,3.50839999737218,70.59279999521095,2.2896000009495765
DynamicOnly_B10,JILONG_EI_0079,180,B10,25;58;27;45;77;56;106;101;232;229;70;99;186;218;179;128;50;32;103,0.1,19,118,19,0.1582498028194898,,False,0.8050847457627119,,,,,,19,0,54.89879999367986,3.3952999947359785,70.72279999556486,2.28909999714233
DynamicOnly_B10,JILONG_EI_0079,190,B10,25;27;58;45;79;77;101;56;70;106;202;233;99;88;36;179;229;251;177,0.1,19,118,19,0.1729445367598073,,False,0.8010704727921499,,,,,,19,0,54.0437000017846,2.9661999869858846,70.0166999886278,2.257400003145449
DynamicOnly_B10,JILONG_EI_0079,200,B10,25;27;45;58;94;101;56;89;99;87;229;251;233;4;50;121;201;172;141,0.1,19,117,19,0.1255293243791685,,False,0.7840755735492577,,,,,,19,0,54.22689999977592,2.983999991556629,70.89829999313224,2.5170000008074567
DynamicOnly_B10,JILONG_EI_0079,210,B10,24;26;58;28;56;60;94;101;99;89;141;50;216;229;251;70;91;135;177,0.1,19,118,19,0.1542755626344847,,False,0.7917038358608386,,,,,,19,0,55.50429999129847,2.6704000047175214,71.50559998990502,2.384499995969236
DynamicOnly_B10,JILONG_EI_0079,220,B10,24;26;28;56;58;101;94;60;88;233;50;99;251;70;106;155;20;135;201,0.1,19,119,19,0.1533030607009671,,False,0.8022998673153472,,,,,,19,0,55.412699992302805,2.77210000785999,71.44830000470392,2.449399995384738
DynamicOnly_B10,JILONG_EI_0079,230,B10,40;26;101;28;88;94;60;58;251;70;233;91;50;155;201;99;112;177;215,0.1,19,119,19,0.1598195894050891,,False,0.7952233524988942,,,,,,19,0,53.96689999906812,2.871799995773472,69.3419999879552,2.2412999969674274
DynamicOnly_B10,JILONG_EI_0079,240,B10,40;26;101;28;77;58;88;70;251;233;135;91;36;99;112;219;177;172;209,0.1,19,118,19,0.1543674525809588,,False,0.7903657448706513,,,,,,19,0,54.16910001076758,2.8304000006755814,70.46699999773409,2.26979999570176
DynamicOnly_B10,JILONG_EI_0079,250,B10,55;41;27;101;94;60;88;29;251;135;99;233;106;51;219;206;177;112;172,0.1,19,118,19,0.1267009211967134,,False,0.7903657448706514,,,,,,19,0,55.22730000666343,2.656800003023818,72.60889999452047,3.05800000205636
DynamicOnly_B10,JILONG_EI_0079,260,B10,55;26;24;101;77;28;58;88;135;232;251;99;106;206;36;112;177;219;133,0.1,19,119,19,0.1493900804802781,,False,0.7899159663865545,,,,,,19,0,54.36840000038501,2.5828999932855368,71.20130000112113,3.3050999918486923
DynamicOnly_B10,JILONG_EI_0079,270,B10,55;26;24;101;60;94;28;58;88;135;232;206;251;106;99;133;112;177;219,0.1,19,120,19,0.1469167094210167,,False,0.7973684210526315,,,,,,19,0,54.64810000557918,2.639900005306117,70.29420000617392,2.24539999908302
DynamicOnly_B10,JILONG_EI_0079,280,B10,26;55;101;24;94;60;28;58;88;135;232;133;251;206;36;106;177;112;219,0.1,19,119,19,0.1509292370837194,,False,0.7947810703228658,,,,,,19,0,56.40690001018811,2.978200005600229,70.48160000704229,2.300299995113164
DynamicOnly_B10,JILONG_EI_0079,290,B10,26;55;101;24;60;94;28;58;88;133;135;232;251;206;90;177;240;66;219,0.1,19,119,19,0.1690238990435788,,False,0.787704555506413,,,,,,19,0,54.57970000861678,2.59800000640098,69.79700000374578,2.297099999850616
DynamicOnly_B10,JILONG_EI_0079,300,B10,26;55;101;60;24;94;28;58;133;88;135;232;251;90;206;177;66;240;32,0.1,19,120,19,0.1697819911019902,,False,0.7938596491228069,,,,,,19,0,54.72200000076555,4.0902000037021935,70.92669999110512,2.2638000082224607
DynamicOnly_B10,JILONG_EI_0079,310,B10,26;55;101;60;24;94;28;58;88;133;135;232;90;206;66;177;251;240;32,0.1,19,121,19,0.1697819911019902,,False,0.8003479773814701,,,,,,19,0,54.47010000352748,3.154599995468743,71.91670000611339,2.4428999895462766
DynamicOnly_B10,JILONG_EI_0079,320,B10,55;26;101;94;60;24;28;58;133;88;36;135;232;66;90;32;240;176;206,0.1,19,122,19,0.170486480691625,,False,0.8028472821397757,,,,,,19,0,54.83599999570288,2.789999998640269,71.11459999578074,2.218099994934164
DynamicOnly_B10,JILONG_EI_0079,330,B10,55;26;101;60;24;94;28;133;88;58;36;135;176;232;90;32;66;240;5,0.1,19,122,19,0.1708616979730609,,False,0.8101811906816222,,,,,,19,0,54.85220000264235,2.657700009876862,72.5562000006903,3.029800005606376
DynamicOnly_B10,JILONG_EI_0079,340,B10,55;26;101;60;24;94;28;88;133;58;135;176;232;32;66;90;240;5;206,0.1,19,121,19,0.165746490952669,,False,0.8081774684645499,,,,,,19,0,54.43160000140779,3.552800000761636,71.13169999502134,2.796199987642467
DynamicOnly_B10,JILONG_EI_0079,350,B10,55;26;101;60;24;94;28;88;133;58;135;176;232;36;32;66;5;90;240,0.1,19,122,19,0.1708616979730609,,False,0.8162208800690249,,,,,,19,0,54.91579999215901,2.6701999886427075,72.21969999955036,2.950199996121228
DynamicOnly_B10,JILONG_EI_0079,360,B10,55;26;101;60;24;28;94;88;133;58;135;176;32;5;232;66;90;240;180,0.1,19,121,19,0.1821565038938364,,False,0.811657242279252,,,,,,19,0,55.04370000562631,3.0104000034043565,71.34389999555424,3.0990999948699027
DynamicOnly_B10,JILONG_EI_0079,370,B10,55;26;101;60;24;94;28;133;88;58;36;135;176;5;32;180;232;66;240,0.1,19,122,19,0.1876009832224272,,False,0.8157894736842105,,,,,,19,0,57.50280000211205,2.646599998115562,72.36999999440741,2.5324000016553327
DynamicOnly_B10,JILONG_EI_0079,380,B10,55;26;101;60;24;28;94;133;88;58;5;135;176;32;180;66;232;240;99,0.1,19,121,19,0.1835884555597246,,False,0.8147020443671161,,,,,,19,0,55.19670000649057,3.378400011570193,72.94110000657383,3.623700002208352
DynamicOnly_B10,JILONG_EI_0079,390,B10,55;26;60;101;24;28;93;133;88;14;58;5;180;176;32;135;66;232;190,0.1,19,120,19,0.1537395379467191,,False,0.8192982456140351,,,,,,19,0,54.3819999875268,2.5862000038614497,69.66110000212211,2.4585999926785007
DynamicOnly_B10,JILONG_EI_0079,400,B10,55;26;60;24;101;28;94;133;88;180;58;36;135;32;176;66;232;190;240,0.1,19,120,19,0.1885122251916288,,False,0.8245614035087719,,,,,,19,0,54.80929999612272,3.3250000124098733,70.10859998990782,2.25569999020081
DynamicOnly_B10,JILONG_EI_0079,410,B10,55;26;60;101;24;28;133;78;88;180;58;135;32;66;36;176;232;190;240,0.1,19,120,19,0.1995237037774425,,False,0.8267543859649124,,,,,,19,0,54.19520000577904,3.350400002091192,69.92210001044441,2.2198000078788027
DynamicOnly_B10,JILONG_EI_0079,420,B10,55;26;77;24;101;28;133;88;180;240;58;66;135;32;176;232;252;190;90,0.1,19,120,19,0.1802191575223407,,False,0.8114035087719298,,,,,,19,0,54.20300000696443,3.0014999938430265,69.66429999738466,2.176599999074824
DynamicOnly_B10,JILONG_EI_0079,430,B10,55;26;60;101;24;28;133;88;180;78;58;66;32;135;176;252;232;172;240,0.1,19,120,19,0.1940945394399307,,False,0.8302631578947368,,,,,,19,0,55.02600000181701,3.776400000788272,70.74920000741258,2.500499991583638
DynamicOnly_B10,JILONG_EI_0079,440,B10,55;26;24;60;101;28;78;133;180;88;66;58;252;32;135;176;172;232;190,0.1,19,120,19,0.1753872778369106,,False,0.8399122807017544,,,,,,19,0,55.82900000445079,2.8642999968724325,70.06830000318587,2.248500008136034
DynamicOnly_B10,JILONG_EI_0079,450,B10,55;26;24;101;60;28;180;133;78;88;66;58;252;32;135;176;172;232;190,0.1,19,120,19,0.1753872778369106,,False,0.8451754385964912,,,,,,19,0,54.81909999798518,2.608700000564568,70.04910000250675,2.2658999951090664
DynamicOnly_B10,JILONG_EI_0079,460,B10,55;26;24;101;60;28;180;66;133;78;88;58;252;32;135;176;172;232;190,0.1,19,120,19,0.1753872778369106,,False,0.8429824561403508,,,,,,19,0,56.36159999994561,2.6744000060716644,71.48440000310075,2.723800003877841
DynamicOnly_B10,JILONG_EI_0079,470,B10,55;26;101;24;60;66;28;180;133;88;78;252;58;32;135;176;172;190;232,0.1,19,120,19,0.1753872778369106,,False,0.8478070175438597,,,,,,19,0,54.91900000197347,3.607400009059347,69.53249999787658,2.2655999928247184
DynamicOnly_B10,JILONG_EI_0079,480,B10,55;26;24;101;60;66;180;28;133;88;78;58;252;32;176;135;172;190;232,0.1,19,120,19,0.1753872778369106,,False,0.8517543859649123,,,,,,19,0,55.74029999843333,3.3679000043775886,69.77490001008846,2.2557000047527254
DynamicOnly_B10,JILONG_EI_0079,490,B10,55;26;24;101;60;66;180;28;133;88;78;58;252;32;135;176;172;190;232,0.1,19,121,19,0.1753872778369106,,False,0.8564593301435407,,,,,,19,0,54.60770000354387,2.5640999956522137,70.28089999221265,2.230700003565289
DynamicOnly_B10,JILONG_EI_0079,500,B10,55;26;101;60;24;180;66;28;133;88;78;58;252;32;135;176;172;190;232,0.1,19,121,19,0.1753872778369106,,False,0.8534145280556764,,,,,,19,0,54.80790000001434,2.5896000006468967,70.88040000235196,2.651100003276952
DynamicOnly_B10,JILONG_EI_0079,510,B10,55;26;101;60;24;180;66;28;133;88;78;58;252;32;135;176;172;190;232,0.1,19,121,19,0.1753872778369106,,False,0.8521096128751633,,,,,,19,0,54.78709998715203,3.434500002185814,70.06519999413285,2.2184999979799613
DynamicOnly_B10,JILONG_EI_0079,520,B10,55;26;101;60;24;180;66;28;133;88;78;58;252;32;135;176;172;199;190,0.1,19,122,19,0.1760151924711503,,False,0.858067299396031,,,,,,19,0,54.216999997152016,2.569400006905198,70.50879999587778,2.2184999979799613
DynamicOnly_B10,JILONG_EI_0079,530,B10,55;26;101;60;24;180;66;28;133;88;78;58;252;32;135;176;172;199;190,0.1,19,122,19,0.1760151924711503,,False,0.858067299396031,,,,,,19,0,54.43679999734741,2.976399991894141,70.53480000467971,2.24089999392163
DynamicOnly_B10,JILONG_EI_0079,540,B10,55;26;101;24;180;60;28;66;133;88;78;58;252;32;135;176;172;199;190,0.1,19,122,19,0.1760151924711503,,False,0.8576358930112166,,,,,,19,0,54.35030000808183,2.647800007252954,72.36620000912808,3.0245000089053065
DynamicOnly_B10,JILONG_EI_0079,550,B10,55;26;101;180;24;60;66;28;133;88;78;58;252;32;135;176;199;172;190,0.1,19,122,19,0.1760151924711503,,False,0.8563416738567731,,,,,,19,0,55.3459000075236,2.562300011049956,70.47940000484232,2.241700000013225
DynamicOnly_B10,JILONG_EI_0079,560,B10,55;26;101;24;180;60;66;28;133;88;78;58;252;32;135;176;172;199;190,0.1,19,122,19,0.1760151924711503,,False,0.8602243313201036,,,,,,19,0,55.8650999882957,2.6882999954978004,71.07630000973586,2.2723000001860783
DynamicOnly_B10,JILONG_EI_0079,570,B10,55;26;101;180;24;60;66;28;88;133;78;58;252;32;135;176;199;172;190,0.1,19,122,19,0.1760151924711503,,False,0.8602243313201036,,,,,,19,0,54.596999994828366,2.607200003694743,70.22829999914393,2.718000003369525
DynamicOnly_B10,JILONG_EI_0079,580,B10,55;26;101;180;24;60;66;88;28;133;78;58;252;32;135;176;199;172;3,0.1,19,122,19,0.1752953878904365,,False,0.8636755823986195,,,,,,19,0,54.59379999956582,2.614299999549985,71.12930000585038,2.3427000123774637
DynamicOnly_B10,JILONG_EI_0079,590,B10,55;26;101;24;180;60;66;88;133;28;58;78;252;32;135;199;176;172;3,0.1,19,122,19,0.1752953878904365,,False,0.8641069887834342,,,,,,19,0,54.95890000020154,3.731999997398816,70.16079999448266,2.237799999420531
DynamicOnly_B10,JILONG_EI_0079,600,B10,55;26;101;180;24;60;66;133;88;28;58;78;252;32;199;135;176;172;3,0.1,19,122,19,0.1752953878904365,,False,0.8662640207075064,,,,,,19,0,54.77919999975711,2.595900004962459,70.52979999571107,2.2425000061048195
DynamicOnly_B10,JILONG_EI_0079,610,B10,55;26;101;180;24;60;66;88;133;28;58;78;252;32;199;135;176;172;3,0.1,19,122,19,0.1752953878904365,,False,0.8697152717860225,,,,,,19,0,54.8319000081392,2.657399993040599,70.22999999753665,2.290300006279722
DynamicOnly_B10,JILONG_EI_0079,620,B10,55;26;101;24;180;60;66;88;133;28;58;78;252;199;32;135;176;172;3,0.1,19,122,19,0.1752953878904365,,False,0.8671268334771355,,,,,,19,0,55.076399992685765,2.6154999941354617,70.02919999649748,2.737599992542528
DynamicOnly_B10,JILONG_EI_0079,630,B10,55;26;101;24;180;60;66;88;133;28;58;78;252;199;32;135;176;172;3,0.1,19,122,19,0.1752953878904365,,False,0.8662640207075064,,,,,,19,0,55.48389999603387,2.5885999930324037,70.02209998609032,2.6903999969363213
DynamicOnly_B10,JILONG_EI_0079,640,B10,55;26;101;180;24;60;66;88;133;28;58;78;252;199;32;135;3;176;172,0.1,19,122,19,0.1752953878904365,,False,0.8697152717860225,,,,,,19,0,54.48299999989104,2.539699999033473,70.24079999246169,3.114000006462448
DynamicOnly_B10,JILONG_EI_0079,650,B10,55;26;101;180;24;60;66;88;133;94;28;58;252;199;32;3;176;135;172,0.1,19,122,19,0.1642839093046228,,False,0.8710094909404658,,,,,,19,0,54.2876000108663,2.592799995909445,72.27509999938775,3.061900002649054
DynamicOnly_B10,JILONG_EI_0079,660,B10,55;26;101;180;24;60;66;133;88;28;58;78;252;199;32;3;176;135;172,0.1,19,122,19,0.1752953878904365,,False,0.8697152717860225,,,,,,19,0,54.17459999443963,2.5855999992927536,70.50249999156222,2.27650000306312
DynamicOnly_B10,JILONG_EI_0079,670,B10,55;26;101;180;24;60;66;133;88;28;58;78;252;199;3;32;176;135;172,0.1,19,122,19,0.1752953878904365,,False,0.8679896462467646,,,,,,19,0,54.21919999935199,2.6160999987041578,70.37240000499878,2.565499991760589
DynamicOnly_B10,JILONG_EI_0079,680,B10,55;26;101;24;180;60;66;133;88;28;58;78;252;199;3;32;176;135;172,0.1,19,122,19,0.1752953878904365,,False,0.8710094909404658,,,,,,19,0,53.69269999209792,2.5938999897334725,70.25889999931678,2.2154000034788623
DynamicOnly_B10,JILONG_EI_0079,690,B10,55;26;101;24;180;60;66;133;88;28;58;78;252;199;3;32;176;172;135,0.1,19,122,19,0.1752953878904365,,False,0.8714408973252804,,,,,,19,0,55.027399997925386,2.6003999955719337,71.41250000859145,2.3361000057775527
DynamicOnly_B10,JILONG_EI_0079,700,B10,55;26;101;24;180;61;66;133;88;28;58;252;199;3;94;176;32;135;172,0.1,19,122,19,0.1775773215612102,,False,0.8666954270923208,,,,,,19,0,53.99829999078065,2.711199995246716,71.67910000134725,3.0322999955387786
DynamicOnly_B10,JILONG_EI_0079,710,B10,55;26;101;24;180;60;66;133;88;28;58;78;252;199;3;32;176;135;172,0.1,19,123,19,0.1752953878904365,,False,0.8737697903294822,,,,,,19,0,54.181499988771975,3.0795000056969,70.53610000002664,2.4630999978398904
DynamicOnly_B10,JILONG_EI_0079,720,B10,55;26;101;24;180;60;133;66;88;28;58;78;252;199;3;176;32;135;172,0.1,19,123,19,0.1752953878904365,,False,0.875053487376979,,,,,,19,0,55.1638000033563,3.10689999605529,70.73540000419598,2.313199991476722
DynamicOnly_B10,JILONG_EI_0079,730,B10,55;26;101;24;180;60;133;66;88;28;58;78;252;199;3;176;32;135;172,0.1,19,124,19,0.1752953878904365,,False,0.8786078098471988,,,,,,19,0,54.80940001143608,3.009099993505515,69.9806000047829,2.212200008216314
DynamicOnly_B10,JILONG_EI_0079,740,B10,55;26;101;24;180;60;133;66;88;28;58;78;252;199;3;176;32;135;172,0.1,19,124,19,0.1752953878904365,,False,0.8794567062818338,,,,,,19,0,54.697800005669706,2.6156999956583604,69.79689998843241,2.2581999946851283
DynamicOnly_B10,JILONG_EI_0079,750,B10,55;26;101;24;180;61;133;66;88;28;58;252;199;3;94;176;32;135;172,0.1,19,124,19,0.1775773215612102,,False,0.870967741935484,,,,,,19,0,54.86259999452159,2.559600005042739,70.57090000307653,2.2637000074610114
DynamicOnly_B10,JILONG_EI_0079,760,B10,55;26;101;24;180;60;133;66;88;58;28;252;78;199;3;176;32;172;135,0.1,19,124,19,0.1752953878904365,,False,0.8794567062818338,,,,,,19,0,54.63719999534078,2.67659999371972,69.63189999805763,2.2622999968007207
DynamicOnly_B10,JILONG_EI_0079,770,B10,55;26;101;24;180;60;133;66;88;58;28;78;252;199;3;176;32;172;135,0.1,19,125,19,0.1752953878904365,,False,0.8812631578947369,,,,,,19,0,54.20189999858849,2.6436999905854464,70.4249999980675,2.2791999945184216
DynamicOnly_B10,JILONG_EI_0079,780,B10,55;26;101;24;180;60;133;66;88;58;28;78;252;199;3;176;32;172;135,0.1,19,125,19,0.1752953878904365,,False,0.8825263157894735,,,,,,19,0,55.28709999634884,2.6259000005666167,71.20920000306796,2.2059999901102856
DynamicOnly_B10,JILONG_EI_0079,790,B10,55;26;101;24;180;60;133;66;88;58;28;78;252;199;3;176;32;172;135,0.1,19,125,19,0.1752953878904365,,False,0.8833684210526315,,,,,,19,0,55.0781000056304,2.886000002035871,71.2035000033211,2.214899999671616
DynamicOnly_B10,JILONG_EI_0079,800,B10,55;26;101;24;180;60;133;88;66;58;28;78;252;3;199;176;32;172;135,0.1,19,125,19,0.1752953878904365,,False,0.8821052631578946,,,,,,19,0,57.13120001018979,2.551800003857352,69.91229999403004,2.2461999906226997
DynamicOnly_B10,JILONG_EI_0079,810,B10,55;26;101;24;180;60;88;133;66;58;28;78;199;3;176;252;32;172;135,0.1,19,125,19,0.1752953878904365,,False,0.8816842105263157,,,,,,19,0,55.298499995842576,2.631800001836382,70.66139999369625,2.2394999978132546
DynamicOnly_B10,JILONG_EI_0079,820,B10,55;26;101;24;180;60;133;88;66;58;28;78;3;199;176;252;32;172;135,0.1,19,125,19,0.1752953878904365,,False,0.8816842105263157,,,,,,19,0,56.98290000145789,2.6045999984489754,71.23919999867212,3.027600003406405
DynamicOnly_B10,JILONG_EI_0079,830,B10,55;26;101;24;180;60;133;88;66;58;28;78;199;3;176;252;32;172;135,0.1,19,125,19,0.1752953878904365,,False,0.8825263157894735,,,,,,19,0,55.525500007206574,2.709399996092543,71.4527999953134,2.2918000031495467
DynamicOnly_B10,JILONG_EI_0079,840,B10,55;26;101;24;180;60;133;88;66;58;28;78;199;3;176;252;32;172;135,0.1,19,125,19,0.1752953878904365,,False,0.8842105263157896,,,,,,19,0,55.1506000047084,3.1736999953864142,72.21880000724923,3.31000000005588
DynamicOnly_B10,JILONG_EI_0079,850,B10,55;101;26;24;180;60;133;88;66;58;28;78;199;3;176;32;252;172;135,0.1,19,125,19,0.1752953878904365,,False,0.8821052631578946,,,,,,19,0,54.45389999658801,2.880499989259988,69.7914999909699,2.805900003295392
DynamicOnly_B10,JILONG_EI_0079,860,B10,55;101;26;24;180;60;133;88;66;58;78;28;199;3;176;32;252;172;135,0.1,19,125,19,0.1752953878904365,,False,0.8825263157894735,,,,,,19,0,54.67969999881461,3.415700004552491,69.95200000528712,2.252499994938262
DynamicOnly_B10,JILONG_EI_0079,870,B10,55;101;26;24;180;60;88;133;66;58;28;78;199;176;3;32;252;155;52,0.1,19,125,19,0.1828303635013132,,False,0.8804210526315789,,,,,,19,0,54.342200004612096,3.4285000001545995,71.89910000306554,3.044900004169904
DynamicOnly_B10,JILONG_EI_0079,880,B10,55;101;26;24;180;60;88;133;66;58;28;78;199;176;3;52;155;32;252,0.1,19,125,19,0.1828303635013132,,False,0.8867368421052629,,,,,,19,0,54.3448999960674,2.622899992275052,71.03400000778493,3.031800006283447
DynamicOnly_B10,JILONG_EI_0079,890,B10,55;101;26;24;180;60;133;88;66;58;28;78;176;199;3;52;155;32;252,0.1,19,125,19,0.1828303635013132,,False,0.8901052631578945,,,,,,19,0,54.45660000259522,2.9149999900255352,69.81369999994058,2.249299999675713
DynamicOnly_B10,JILONG_EI_0079,900,B10,55;101;26;24;180;60;133;88;66;58;28;78;176;199;3;52;155;32;252,0.1,19,125,19,0.1828303635013132,,False,0.8917894736842105,,,,,,19,0,55.23990000074264,3.980499997851439,70.3570000041509,2.2702999995090067
DynamicOnly_B10,JILONG_EI_0079,910,B10,55;101;26;24;180;60;133;88;66;58;78;199;28;176;3;52;155;32;252,0.1,19,125,19,0.1828303635013132,,False,0.8947368421052629,,,,,,19,0,55.12969999108464,2.6163000002270564,71.76710000203457,3.5629999911179766
DynamicOnly_B10,JILONG_EI_0079,920,B10,55;101;26;24;180;88;133;60;66;58;199;28;78;176;3;52;155;32;252,0.1,19,125,19,0.1828303635013132,,False,0.8964210526315789,,,,,,19,0,54.47410000488162,2.5610000011511147,70.59889999800362,2.853099998901598
DynamicOnly_B10,JILONG_EI_0079,930,B10,55;101;26;24;180;60;133;88;66;58;199;78;28;176;3;52;155;32;252,0.1,19,125,19,0.1828303635013132,,False,0.8938947368421052,,,,,,19,0,54.50699999346398,2.606000009109266,71.14139999612235,2.401400008238852
DynamicOnly_B10,JILONG_EI_0079,940,B10,55;101;26;24;180;60;88;133;66;58;199;78;52;28;176;3;155;32;252,0.1,19,125,19,0.1828303635013132,,False,0.8985263157894736,,,,,,19,0,54.58630000066478,2.604100009193644,71.32950000232086,2.297099999850616
DynamicOnly_B10,JILONG_EI_0079,950,B10,55;101;26;24;180;133;60;88;66;58;52;199;78;176;28;3;155;32;147,0.1,19,125,19,0.183083060854117,,False,0.9023157894736844,,,,,,19,0,54.339100010111,2.739299990935251,70.81150000158232,2.2629000013694167
DynamicOnly_B10,JILONG_EI_0079,960,B10,55;101;24;26;180;133;60;88;66;58;52;199;78;176;28;3;155;32;252,0.1,19,125,19,0.1828303635013132,,False,0.9002105263157895,,,,,,19,0,54.41149999387562,2.598300008685328,70.71079999150243,2.424200007226318
DynamicOnly_B10,JILONG_EI_0079,970,B10,55;101;24;26;180;133;60;88;66;52;58;199;78;176;28;3;155;32;147,0.1,19,125,19,0.183083060854117,,False,0.902315789473684,,,,,,19,0,54.51889999676496,3.373300001840107,69.69189998926595,2.1758000075351447
DynamicOnly_B10,JILONG_EI_0079,980,B10,55;101;24;26;180;133;60;88;66;52;58;199;78;176;28;3;155;32;147,0.1,19,125,19,0.183083060854117,,False,0.9044210526315788,,,,,,19,0,54.18559999088757,3.011000007973053,69.78390000585932,2.240400004666298
DynamicOnly_B10,JILONG_EI_0079,990,B10,55;101;24;26;180;133;60;88;78;66;52;58;199;176;28;3;155;32;147,0.1,19,125,19,0.183083060854117,,False,0.9052631578947368,,,,,,19,0,53.94610000075773,2.6228000060655177,70.18690000404604,2.285100010340102
DynamicOnly_B10,JILONG_EI_0079,1000,B10,55;101;24;26;180;133;60;52;88;66;58;199;78;176;28;3;155;32;147,0.1,19,125,19,0.183083060854117,,False,0.9044210526315788,,,,,,19,0,54.80079998960719,3.4087000094586983,72.79679999919608,3.870100001222454
DynamicOnly_B10,JILONG_EI_0079,1010,B10,55;101;24;26;180;133;60;52;88;66;58;199;78;176;28;3;155;32;147,0.1,19,125,19,0.183083060854117,,False,0.9048421052631576,,,,,,19,0,56.26979999942705,2.5855000130832195,70.3666999907,2.3874000034993514
DynamicOnly_B10,JILONG_EI_0079,1020,B10,55;101;24;26;180;133;52;60;88;66;58;199;78;176;28;3;155;32;147,0.1,19,125,19,0.183083060854117,,False,0.9065263157894736,,,,,,19,0,54.89459999080282,2.5584999966667965,70.80089999362826,2.2292999929049984
DynamicOnly_B10,JILONG_EI_0079,1030,B10,55;24;101;26;180;133;52;60;88;66;58;199;78;176;28;3;155;32;147,0.1,19,125,19,0.183083060854117,,False,0.9077894736842104,,,,,,19,0,54.52109999896493,2.629399998113513,71.00419999915175,2.345799992326647
DynamicOnly_B10,JILONG_EI_0079,1040,B10,55;101;24;26;180;52;133;60;88;66;58;199;78;176;28;3;155;32;147,0.1,19,125,19,0.183083060854117,,False,0.9065263157894736,,,,,,19,0,54.32039999868721,2.7249999984633178,70.26149999001063,2.260599998407997
DynamicOnly_B10,JILONG_EI_0079,1050,B10,55;24;101;26;180;52;133;60;88;66;58;199;78;176;28;3;155;32;147,0.1,19,125,19,0.183083060854117,,False,0.9077894736842104,,,,,,19,0,54.97990000003483,3.888600011123344,70.42320001346525,2.273199992487207
DynamicOnly_B10,JILONG_EI_0079,1060,B10,55;101;24;26;180;52;133;60;88;58;66;199;78;176;28;3;155;147;32,0.1,19,125,19,0.183083060854117,,False,0.9082105263157896,,,,,,19,0,56.83709999721032,2.600700012408197,71.0586999921361,2.6577999960863963
DynamicOnly_B10,JILONG_EI_0079,1070,B10,55;24;101;26;180;52;133;60;88;58;66;199;78;176;28;3;155;147;32,0.1,19,125,19,0.183083060854117,,False,0.9086315789473683,,,,,,19,0,55.19549999735318,2.7682000072672963,72.28379999287426,3.271499997936189
DynamicOnly_B10,JILONG_EI_0079,1080,B10,55;24;101;26;180;52;133;60;88;58;66;199;78;176;28;3;155;147;32,0.1,19,125,19,0.183083060854117,,False,0.9107368421052632,,,,,,19,0,54.75739999383222,2.76250000752043,71.05509999382775,2.9206999897724018
DynamicOnly_B10,JILONG_EI_0079,1090,B10,55;24;101;26;180;52;133;88;58;60;66;199;78;176;28;3;155;147;32,0.1,19,125,19,0.183083060854117,,False,0.9111578947368422,,,,,,19,0,53.906500004814006,2.5996999902417883,69.85420000273734,2.2434999991673976
DynamicOnly_B10,JILONG_EI_0079,1100,B10,55;24;101;26;180;52;133;88;58;60;66;199;78;176;28;3;155;147;32,0.1,19,125,19,0.183083060854117,,False,0.911578947368421,,,,,,19,0,54.241599995293655,2.5831999955698848,70.1998000004096,2.2600000083912164
DynamicOnly_B10,JILONG_EI_0079,1110,B10,55;24;101;26;180;52;133;58;60;88;66;199;78;176;28;3;155;147;32,0.1,19,125,19,0.183083060854117,,False,0.9124210526315788,,,,,,19,0,54.08699999679811,2.601100000902079,70.22339999093674,2.2169999865582213
DynamicOnly_B10,JILONG_EI_0079,1120,B10,24;55;101;26;180;52;133;60;58;88;66;199;78;176;28;3;155;147;32,0.1,19,125,19,0.183083060854117,,False,0.912421052631579,,,,,,19,0,54.78140000195708,2.559299988206476,71.668899996439,3.0894999945303425
DynamicOnly_B10,JILONG_EI_0079,1130,B10,24;55;101;26;180;52;133;60;58;88;66;199;78;176;28;3;155;147;203,0.1,19,125,19,0.183519538099869,,False,0.9132631578947368,,,,,,19,0,54.97490000561811,2.738100010901689,72.10679999843705,2.243900002213195
DynamicOnly_B10,JILONG_EI_0079,1140,B10,24;55;101;26;180;52;133;58;60;88;66;199;62;176;94;28;3;155;147,0.1,19,126,19,0.1760764524354664,,False,0.9172932330827068,,,,,,19,0,54.855000009411015,2.752499989583157,70.79060000251047,2.4916000111261383
DynamicOnly_B10,JILONG_EI_0079,1150,B10,24;55;101;26;180;52;133;58;60;88;66;199;176;94;28;3;155;147;203,0.1,19,125,19,0.1725080595140553,,False,0.9132631578947368,,,,,,19,0,53.98810000042431,3.180900006555021,70.06399999954738,2.253999991808086
DynamicOnly_B10,JILONG_EI_0079,1160,B10,24;55;101;26;180;52;133;58;60;88;66;199;176;94;28;3;155;203;147,0.1,19,125,19,0.1725080595140553,,False,0.9136842105263158,,,,,,19,0,53.953299997374415,2.6723999908426777,69.8868999897968,2.202100004069507
DynamicOnly_B10,JILONG_EI_0079,1170,B10,24;55;101;26;180;52;133;58;60;88;66;199;94;176;28;3;155;203;147,0.1,19,125,19,0.1725080595140553,,False,0.9149473684210526,,,,,,19,0,54.20569999841973,3.3408000017516315,70.11689999490045,2.267399991978891
DynamicOnly_B10,JILONG_EI_0079,1180,B10,24;55;101;26;180;52;133;58;60;88;66;199;94;176;28;3;155;203;147,0.1,19,125,19,0.1725080595140553,,False,0.9162105263157896,,,,,,19,0,54.70700000296347,3.0329999863170087,70.60259999707341,2.285800001118332
DynamicOnly_B10,JILONG_EI_0079,1190,B10,24;55;101;26;180;52;133;58;60;88;66;199;94;176;28;3;203;155;147,0.1,19,125,19,0.1725080595140553,,False,0.9162105263157896,,,,,,19,0,55.078599994885735,2.9907999996794388,70.76970000343863,2.460299991071224
DynamicOnly_B10,JILONG_EI_0079,1200,B10,24;55;101;26;180;52;133;58;60;88;66;199;176;94;28;3;155;147;32,0.1,19,124,19,0.1720715822683033,,False,0.9112903225806452,,,,,,19,0,54.67579999822192,2.5591000012354925,69.93430000147782,2.2284000006038696
DynamicOnly_B10,JILONG_EI_0079,1210,B10,24;55;101;26;180;52;133;60;58;88;66;199;176;94;28;3;155;147;32,0.1,19,124,19,0.1720715822683033,,False,0.9129881154499152,,,,,,19,0,56.09850000473671,2.570699987700209,69.94780000241008,2.259300003061071
DynamicOnly_B10,JILONG_EI_0079,1220,B10,24;55;101;26;180;52;133;58;60;88;66;199;94;176;28;3;155;147;32,0.1,19,124,19,0.1720715822683033,,False,0.9134125636672328,,,,,,19,0,54.09140000119805,2.598299994133413,70.75290000648238,2.4068000057013705
DynamicOnly_B10,JILONG_EI_0079,1230,B10,24;55;101;26;180;52;133;58;60;88;66;199;94;176;28;3;155;147;32,0.1,19,124,19,0.1720715822683033,,False,0.9134125636672328,,,,,,19,0,54.26600000646431,2.61280000268016,70.60390000697225,2.258500011521392
DynamicOnly_B10,JILONG_EI_0079,1240,B10,24;55;101;26;180;52;133;58;60;66;88;199;94;176;28;3;155;147;32,0.1,19,124,19,0.1720715822683033,,False,0.9142614601018676,,,,,,19,0,54.65250000997912,2.590000003692694,70.88020000082906,2.30540000484325
DynamicOnly_B10,JILONG_EI_0079,1250,B10,24;55;101;26;180;52;133;58;60;88;66;94;199;176;28;3;155;147;32,0.1,19,125,19,0.1720715822683033,,False,0.9145263157894736,,,,,,19,0,55.37810000532773,3.803900006460026,71.24589999148156,2.245799987576902
DynamicOnly_B10,JILONG_EI_0079,1260,B10,24;55;101;26;180;52;133;94;58;60;88;66;199;176;28;3;155;203;147,0.1,19,126,19,0.1725080595140553,,False,0.918546365914787,,,,,,19,0,55.72380000376143,2.651700007845648,71.1412999953609,3.3802999969339
DynamicOnly_B10,JILONG_EI_0079,1270,B10,24;55;101;26;180;52;133;94;58;60;88;66;199;176;28;3;155;147;32,0.1,19,125,19,0.1720715822683033,,False,0.9149473684210526,,,,,,19,0,54.86409999139141,2.5591000012354925,71.03639999695588,2.445199992507696
DynamicOnly_B10,JILONG_EI_0079,1280,B10,24;55;101;26;180;52;133;94;58;60;88;66;199;176;203;28;3;155;147,0.1,19,126,19,0.1725080595140553,,False,0.918546365914787,,,,,,19,0,56.27080000704154,2.8403000032994896,70.4251999995904,2.261400004499592
DynamicOnly_B10,JILONG_EI_0079,1290,B10,24;55;101;26;180;52;133;94;58;60;88;66;199;176;203;28;3;155;147,0.1,19,126,19,0.1725080595140553,,False,0.9164578111946532,,,,,,19,0,55.26930000633001,2.657100005308166,71.40359999903012,3.215600008843466
DynamicOnly_B10,JILONG_EI_0079,1300,B10,24;55;101;26;180;52;94;133;60;58;88;66;199;176;28;3;155;147;178,0.1,19,125,19,0.1785038785214907,,False,0.9136842105263158,,,,,,19,0,55.54320001101587,3.0119000002741814,71.93220000772271,2.254000006360002
DynamicOnly_B10,JILONG_EI_0079,1310,B10,24;55;101;26;94;180;52;133;58;60;88;66;199;176;178;3;28;155;147,0.1,19,125,19,0.1785038785214907,,False,0.9174736842105262,,,,,,19,0,54.99469999631401,3.708000003825873,71.04070000059437,2.3584999871673062
DynamicOnly_B10,JILONG_EI_0079,1320,B10,24;55;101;94;26;180;52;133;58;60;88;66;199;176;178;3;28;155;32,0.1,19,125,19,0.178702973405518,,False,0.9162105263157896,,,,,,19,0,54.61729998933152,2.9097999940859154,70.20550000015646,2.22609999764245
DynamicOnly_B10,JILONG_EI_0079,1330,B10,24;55;94;101;26;180;52;133;60;58;66;62;88;199;178;176;3;28;155,0.1,19,125,19,0.1827078435726811,,False,0.9216842105263158,,,,,,19,0,54.18350000400096,2.7585000061662868,69.57989999500569,2.253200000268407
DynamicOnly_B10,JILONG_EI_0079,1340,B10,24;55;94;101;26;180;52;133;62;58;60;66;88;199;178;203;176;28;3,0.1,19,126,19,0.1806862647502508,,False,0.9231411862990808,,,,,,19,0,54.0915000019595,3.0359000083990395,69.89559999783523,2.229499994427897
DynamicOnly_B10,JILONG_EI_0079,1350,B10,24;55;94;101;26;180;52;133;58;60;66;88;199;178;176;2;28;155;32,0.1,19,125,19,0.1777304714720003,,False,0.9183157894736842,,,,,,19,0,53.776400003698654,2.7282999944873154,71.96529999782797,3.049600010854192
DynamicOnly_B10,JILONG_EI_0079,1360,B10,24;55;94;101;26;180;52;133;58;60;66;178;88;199;176;28;155;3;32,0.1,19,125,19,0.178702973405518,,False,0.9187368421052632,,,,,,19,0,55.10040000081062,3.081699993344955,70.5755999952089,2.2682999988319352
DynamicOnly_B10,JILONG_EI_0079,1370,B10,24;94;55;101;26;180;52;133;58;178;60;66;88;199;176;155;28;3;32,0.1,19,125,19,0.178702973405518,,False,0.9191578947368422,,,,,,19,0,55.29570000362583,2.6193999947281554,70.52979999571107,2.305100002558902
DynamicOnly_B10,JILONG_EI_0079,1380,B10,24;94;55;101;26;180;52;133;178;60;58;66;88;199;176;28;155;3;32,0.1,19,125,19,0.178702973405518,,False,0.9195789473684212,,,,,,19,0,55.37709999771323,2.5997999910032377,71.44669999252073,2.919099992141128
DynamicOnly_B10,JILONG_EI_0079,1390,B10,24;94;55;101;26;52;180;133;178;60;58;66;88;199;203;176;28;155;3,0.1,19,126,19,0.17913945065127,,False,0.9214703425229742,,,,,,19,0,55.003300003590994,3.947299992432818,71.24340000154916,3.2330999965779483
DynamicOnly_B10,JILONG_EI_0079,1400,B10,24;94;55;101;26;52;180;133;178;58;60;66;88;199;176;28;155;3;135,0.1,19,125,19,0.1804718548751445,,False,0.9178947368421052,,,,,,19,0,54.34270000841934,2.6913999899988994,71.74240000313148,3.064299991820008
DynamicOnly_B10,JILONG_EI_0079,1410,B10,24;94;55;101;26;133;52;178;180;58;60;66;88;199;176;28;155;3;34,0.1,19,125,19,0.17913945065127,,False,0.9178947368421052,,,,,,19,0,54.46020000090357,2.6431000005686656,69.95650001044851,3.0338999931700528
DynamicOnly_B10,JILONG_EI_0079,1420,B10,24;94;55;101;26;178;133;52;180;58;60;66;88;199;176;28;155;3;34,0.1,19,125,19,0.17913945065127,,False,0.9178947368421052,,,,,,19,0,54.43509999895468,2.587899987702258,70.74109998939093,2.577899998868816
DynamicOnly_B10,JILONG_EI_0079,1430,B10,24;94;55;101;26;178;52;133;180;58;60;66;88;199;28;176;155;3;34,0.1,19,125,19,0.17913945065127,,False,0.9187368421052632,,,,,,19,0,54.31300000054762,2.567000003182329,70.25829999474809,2.3496999929193407
DynamicOnly_B10,JILONG_EI_0079,1440,B10,24;94;55;101;26;178;133;52;180;58;60;66;88;199;28;155;176;3;34,0.1,19,125,19,0.17913945065127,,False,0.9153684210526314,,,,,,19,0,54.71870000474155,3.0629999964730814,70.41929999832064,2.2391999955289066
DynamicOnly_B10,JILONG_EI_0089,10,B10,78;190;252;14;192;44;46;5;32;128;166;121;83;141;34;202;91;25;89,0.1,19,128,19,0.0883445260393135,,False,0.8774671052631579,,,,,,19,0,54.11469998944085,2.682600010302849,70.097200004966,2.2490000119432807
DynamicOnly_B10,JILONG_EI_0089,20,B10,77;174;141;79;206;46;14;252;42;32;44;128;121;5;202;192;166;23;70,0.1,19,126,19,0.0951060946006999,,False,0.8884711779448621,,,,,,19,0,54.819500001030974,3.4272000048076734,69.92639999953099,6.022400004439987
DynamicOnly_B10,JILONG_EI_0089,30,B10,77;141;79;206;44;252;55;174;144;32;99;42;74;176;121;13;166;23;46,0.1,19,126,19,0.0983758451960701,,False,0.8663324979114452,,,,,,19,0,54.69029999221675,2.594800011138432,70.12950000353158,2.2739999985788018
DynamicOnly_B10,JILONG_EI_0089,40,B10,77;79;206;44;174;166;252;128;46;32;42;84;172;91;24;50;147;105;141,0.1,19,126,19,0.0893170279728312,,False,0.8721804511278196,,,,,,19,0,54.589499995927326,3.277199997683056,70.38879999890924,2.2689000034006312
DynamicOnly_B10,JILONG_EI_0089,50,B10,61;93;79;14;172;166;121;99;141;85;28;174;206;88;42;19;128;55;50,0.1,19,122,19,0.1067531453162928,,False,0.8688524590163934,,,,,,19,0,54.28359999496024,2.7910999924642965,70.58210000104737,2.2000000026309863
DynamicOnly_B10,JILONG_EI_0089,60,B10,61;47;93;79;206;174;29;42;141;176;172;88;5;91;49;203;55;120;252,0.1,19,122,19,0.0821802421300089,,False,0.8727351164797238,,,,,,19,0,55.77900000207592,3.371799990418367,71.83109999459703,2.4598000018158928
DynamicOnly_B10,JILONG_EI_0089,70,B10,60;79;93;29;27;141;49;70;25;91;252;218;89;174;120;57;132;128;240,0.1,19,123,19,0.1338989670038517,,False,0.8232777064612752,,,,,,19,0,55.51799999375362,2.6387999969301745,71.0395000060089,2.299900006619282
DynamicOnly_B10,JILONG_EI_0089,80,B10,44;76;79;46;14;42;34;32;218;141;209;206;101;70;121;231;135;252;4,0.1,19,123,19,0.1057500134006172,,False,0.8292682926829269,,,,,,19,0,55.60409999452531,3.4749000042211264,71.50009999168105,2.413700000033714
DynamicOnly_B10,JILONG_EI_0089,90,B10,28;61;79;47;93;14;206;141;42;49;203;10;90;155;252;99;209;55;85,0.1,19,120,19,0.1134151664356655,,False,0.8399122807017543,,,,,,19,0,55.0199999997858,2.597700004116632,71.47349999286234,2.265200004330836
DynamicOnly_B10,JILONG_EI_0089,100,B10,28;61;93;79;42;47;141;206;70;252;10;91;49;176;203;5;14;99;121,0.1,19,120,19,0.0925791210726619,,False,0.856140350877193,,,,,,19,0,54.881400006706826,2.5656000070739537,71.67840001056902,2.921200008131564
DynamicOnly_B10,JILONG_EI_0089,110,B10,28;60;79;93;141;26;47;252;203;32;55;190;20;91;88;99;128;34;172,0.1,19,122,19,0.1013316384743205,,False,0.8421052631578947,,,,,,19,0,54.597099995589815,2.65949999447912,70.26630001200829,2.285099995788187
DynamicOnly_B10,JILONG_EI_0089,120,B10,28;60;93;252;203;26;32;55;47;90;14;4;88;135;157;217;86;206;128,0.1,19,120,19,0.109961635947347,,False,0.8219298245614035,,,,,,19,0,54.16849999164697,3.036000009160489,70.36529999459162,2.2998000058578327
DynamicOnly_B10,JILONG_EI_0089,130,B10,27;61;94;29;47;252;90;202;101;55;32;176;25;141;58;5;171;112;174,0.1,19,120,19,0.1378272622156197,,False,0.8412280701754385,,,,,,19,0,56.8601000122726,2.9383999935816973,70.49239998741541,2.3680999875068665
DynamicOnly_B10,JILONG_EI_0089,140,B10,27;61;94;47;252;25;29;101;202;141;176;55;89;121;57;34;174;103;32,0.1,19,119,19,0.1404614406812108,,False,0.8350287483414418,,,,,,19,0,55.08920000283979,3.649799997219816,70.24049999017734,2.246400006697513
DynamicOnly_B10,JILONG_EI_0089,150,B10,27;61;25;94;47;29;252;101;202;121;3;32;211;71;229;170;176;5;34,0.1,19,118,19,0.1555237344074247,,False,0.8148974130240857,,,,,,19,0,54.1322999924887,3.564300001016818,70.15120000869501,2.324400003999472
DynamicOnly_B10,JILONG_EI_0089,160,B10,26;28;60;78;40;70;101;232;3;32;235;203;121;211;170;91;229;128;206,0.1,19,116,19,0.1730211117152024,,False,0.8012704174228675,,,,,,19,0,55.28609998873435,3.8088000001152977,70.12200000463054,2.355600008741021
DynamicOnly_B10,JILONG_EI_0089,170,B10,26;58;28;60;78;40;90;232;186;70;101;121;229;235;32;3;179;192;206,0.1,19,117,19,0.164873536461165,,False,0.8029689608636975,,,,,,19,0,55.01890000596177,4.234699998050928,70.24670000828337,2.249400000437163
DynamicOnly_B10,JILONG_EI_0089,180,B10,25;27;58;60;78;56;70;206;101;90;88;29;229;232;99;49;128;218;132,0.1,19,117,19,0.1615501833970181,,False,0.8137651821862347,,,,,,19,0,55.10820000199601,2.587299997685477,70.40290000441018,2.5713000068208203
DynamicOnly_B10,JILONG_EI_0089,190,B10,25;27;60;94;58;70;101;56;233;206;29;88;106;99;186;119;229;251;49,0.1,19,117,19,0.1356065885091621,,False,0.7984705353126406,,,,,,19,0,55.12499999895226,3.266800005803816,70.40539999434259,2.4276999902212992
DynamicOnly_B10,JILONG_EI_0089,200,B10,41;28;60;94;88;23;101;10;55;19;186;99;216;119;160;206;106;251;49,0.1,19,119,19,0.1130399491542296,,False,0.799203892083149,,,,,,19,0,54.19110000366345,3.8484999968204647,71.09199999831617,3.0484000017168
DynamicOnly_B10,JILONG_EI_0089,210,B10,24;26;56;28;60;94;88;101;58;216;119;106;99;49;186;251;176;206;112,0.1,19,119,19,0.1267392086744109,,False,0.8018575851393187,,,,,,19,0,54.93939999723807,2.635199998621829,70.10900000750553,2.2194000048330054
DynamicOnly_B10,JILONG_EI_0089,220,B10,40;26;88;60;28;101;94;58;70;251;233;121;186;119;50;215;206;99;52,0.1,19,120,19,0.1522922712897519,,False,0.7846491228070175,,,,,,19,0,55.23850000463426,2.570899989223108,71.31880000815727,2.3538999957963824
DynamicOnly_B10,JILONG_EI_0089,230,B10,40;26;28;60;101;94;88;58;70;186;209;251;119;121;112;206;4;217;52,0.1,19,120,19,0.1506305947576785,,False,0.8021929824561403,,,,,,19,0,56.27269999240525,3.617800000938587,71.78260000364389,2.899200000683777
DynamicOnly_B10,JILONG_EI_0089,240,B10,56;25;23;27;60;94;101;70;88;29;252;186;232;121;58;135;99;219;112,0.1,19,121,19,0.1351624537678706,,False,0.8194867333623314,,,,,,19,0,57.03229999926407,2.616800004034303,70.73490000038873,2.58689999463968
DynamicOnly_B10,JILONG_EI_0089,250,B10,56;24;26;60;28;101;94;70;88;46;233;252;58;186;135;4;99;112;121,0.1,19,121,19,0.1430879616512623,,False,0.8164419312744671,,,,,,19,0,54.80630000238307,2.6695999986259267,71.09589999890886,2.804399991873652
DynamicOnly_B10,JILONG_EI_0089,260,B10,55;41;23;60;28;101;94;46;19;10;252;88;186;232;119;176;66;128;148,0.1,19,122,19,0.1317625257483287,,False,0.808455565142364,,,,,,19,0,55.33899999863934,3.613499997300096,70.0490000017453,2.189299993915484
DynamicOnly_B10,JILONG_EI_0089,270,B10,55;25;60;28;23;94;101;252;46;186;88;58;119;176;232;4;148;66;90,0.1,19,121,19,0.1351777687589496,,False,0.8016528925619836,,,,,,19,0,54.145399990375154,2.8673000051639974,71.35930001095403,3.2773999992059544
DynamicOnly_B10,JILONG_EI_0089,280,B10,40;60;26;28;71;94;101;46;252;58;186;176;119;148;217;4;66;105;32,0.1,19,121,19,0.1612285685843588,,False,0.8038277511961722,,,,,,19,0,55.06639998930041,2.632700008689426,71.80400000652298,2.4006000021472573
DynamicOnly_B10,JILONG_EI_0089,290,B10,40;60;28;26;71;101;94;46;19;252;186;176;58;148;217;32;119;105;66,0.1,19,122,19,0.1607538038609092,,False,0.8106125970664365,,,,,,19,0,57.89609999919776,2.977099997224286,71.23189998674206,2.272800003993325
DynamicOnly_B10,JILONG_EI_0089,300,B10,40;60;28;26;71;101;94;46;176;148;186;252;58;32;217;4;241;105;119,0.1,19,121,19,0.1665122405066199,,False,0.8129621574597652,,,,,,19,0,55.00849999953061,2.672400005394593,70.78259999980219,2.2289999906206504
DynamicOnly_B10,JILONG_EI_0089,310,B10,40;60;28;26;70;101;94;46;148;72;176;186;32;217;4;105;58;180;252,0.1,19,122,19,0.1733274115367827,,False,0.8183779119930975,,,,,,19,0,54.858499992406,2.8711000049952418,70.53739999537356,2.235899999504909
DynamicOnly_B10,JILONG_EI_0089,320,B10,40;60;28;26;70;101;94;72;148;46;176;186;32;180;105;217;4;58;240,0.1,19,122,19,0.1935278847700071,,False,0.8183779119930975,,,,,,19,0,54.9575999903027,2.69129998923745,70.41109999408945,2.319600011105649
DynamicOnly_B10,JILONG_EI_0089,330,B10,40;60;28;26;70;94;101;148;180;72;46;186;32;176;217;105;4;240;58,0.1,19,123,19,0.1935278847700071,,False,0.8245614035087719,,,,,,19,0,56.023000011919066,2.621000006911345,70.71650000580121,2.497699999366887
DynamicOnly_B10,JILONG_EI_0089,340,B10,40;60;26;28;70;94;101;180;148;72;186;32;176;90;217;46;4;240;58,0.1,19,123,19,0.1930914075242551,,False,0.8219940094137784,,,,,,19,0,54.82520000077784,3.13579999783542,71.95370001136325,2.3013000027276576
DynamicOnly_B10,JILONG_EI_0089,350,B10,40;70;60;28;26;101;94;180;72;148;32;186;176;46;90;217;58;240;34,0.1,19,123,19,0.1936504046986392,,False,0.8254172015404365,,,,,,19,0,55.339400001685135,4.27589999162592,72.15269999869633,2.556999999796972
DynamicOnly_B10,JILONG_EI_0089,360,B10,40;70;60;26;28;101;78;180;148;32;72;186;46;176;90;58;217;240;34,0.1,19,123,19,0.2046618832844529,,False,0.826272999572101,,,,,,19,0,54.97769999783486,3.0749999859835957,70.49879999249242,2.324100001715124
DynamicOnly_B10,JILONG_EI_0089,370,B10,70;40;60;26;28;101;78;180;148;32;186;46;72;90;58;176;217;240;34,0.1,19,123,19,0.2046618832844529,,False,0.8288403936670945,,,,,,19,0,56.04139999195468,2.677099997526966,70.20519999787211,2.2440000029746443
DynamicOnly_B10,JILONG_EI_0089,380,B10,70;40;26;28;60;101;78;180;148;32;186;46;72;58;90;217;240;176;252,0.1,19,123,19,0.2037736138018699,,False,0.8296961916987591,,,,,,19,0,55.765299999620765,2.638399993884377,70.08730000234209,2.4569999950472265
DynamicOnly_B10,JILONG_EI_0089,390,B10,70;56;60;28;26;101;94;24;180;148;32;186;90;58;252;217;46;240;34,0.1,19,123,19,0.1963994455973229,,False,0.8386820710312366,,,,,,19,0,54.197200006456114,2.72689999837894,71.50750000437256,2.505399999790825
DynamicOnly_B10,JILONG_EI_0089,400,B10,56;70;60;26;28;101;24;180;94;148;32;186;58;90;190;252;46;217;34,0.1,19,124,19,0.1776921839943028,,False,0.8382852292020373,,,,,,19,0,55.02830000477843,3.2995999936247244,70.17380000615958,2.6363999932073057
DynamicOnly_B10,JILONG_EI_0089,410,B10,56;70;60;26;28;24;101;180;78;148;32;186;58;90;14;252;217;34;135,0.1,19,123,19,0.1888338400042881,,False,0.844244758237056,,,,,,19,0,54.78710000170395,2.7823999989777803,70.27189999644179,2.685699990252033
DynamicOnly_B10,JILONG_EI_0089,420,B10,56;70;60;28;26;24;101;180;78;148;32;186;58;90;252;217;34;135;241,0.1,19,124,19,0.1972800575843664,,False,0.8425297113752123,,,,,,19,0,55.19230000209063,2.8597000055015087,71.59809999575373,3.102500006207265
DynamicOnly_B10,JILONG_EI_0089,430,B10,56;70;26;28;60;24;101;180;78;148;32;186;58;252;90;217;34;135;88,0.1,19,124,19,0.1894770696296069,,False,0.8416808149405772,,,,,,19,0,54.572499997448176,2.776799999992363,70.07380000140984,2.555700004450045
DynamicOnly_B10,JILONG_EI_0089,440,B10,56;70;28;26;24;60;180;101;78;148;58;32;186;252;90;34;217;135;190,0.1,19,125,19,0.1897910269467268,,False,0.8471578947368421,,,,,,19,0,54.54949999693781,4.320499996538274,70.01250000030268,2.374000003328547
DynamicOnly_B10,JILONG_EI_0089,450,B10,56;70;28;26;24;60;180;101;78;148;58;32;186;252;90;135;217;34;166,0.1,19,124,19,0.1894617546385279,,False,0.8463497453310694,,,,,,19,0,55.44129999179859,2.8798999992432077,69.91910000215285,2.500699993106537
DynamicOnly_B10,JILONG_EI_0089,460,B10,56;70;28;26;60;24;180;101;78;148;58;32;186;252;90;135;217;34;166,0.1,19,124,19,0.1894617546385279,,False,0.8476230899830219,,,,,,19,0,54.28379999648314,2.9131999908713624,71.72389999323059,2.4942000018199906
DynamicOnly_B10,JILONG_EI_0089,470,B10,56;70;28;26;60;180;24;101;78;148;58;32;186;252;90;135;34;217;190,0.1,19,125,19,0.1897910269467268,,False,0.8534736842105264,,,,,,19,0,55.586699993000366,3.0522000015480444,71.3157999998657,2.508499994291924
DynamicOnly_B10,JILONG_EI_0089,480,B10,56;70;28;60;26;180;24;101;148;58;78;32;186;252;90;217;135;34;68,0.1,19,124,19,0.1972724000888269,,False,0.8505942275042444,,,,,,19,0,56.15459999535233,2.8802000015275557,71.19329999841284,2.628600006573833
DynamicOnly_B10,JILONG_EI_0089,490,B10,56;70;28;60;26;180;101;24;58;148;78;32;186;252;90;135;34;217;166,0.1,19,125,19,0.1894617546385279,,False,0.8543157894736841,,,,,,19,0,54.48989999422338,2.740800002356991,69.73839999409392,2.901100000599399
DynamicOnly_B10,JILONG_EI_0089,500,B10,56;70;28;26;60;180;101;24;58;78;148;186;32;252;90;135;34;217;68,0.1,19,125,19,0.1972724000888269,,False,0.8555789473684211,,,,,,19,0,54.98050000460353,2.635199998621829,70.0448999996297,2.257700005429797
DynamicOnly_B10,JILONG_EI_0089,510,B10,56;70;28;60;180;26;101;24;58;78;148;186;32;252;90;135;217;34;68,0.1,19,125,19,0.1972724000888269,,False,0.8597894736842104,,,,,,19,0,53.99319999560248,2.641699989908375,71.28889999876264,2.773700005491264
DynamicOnly_B10,JILONG_EI_0089,520,B10,56;60;70;28;180;26;101;24;58;78;148;186;32;252;90;135;68;217;34,0.1,19,125,19,0.1972724000888269,,False,0.8614736842105263,,,,,,19,0,54.98319999605883,2.5944000080926344,70.91110000328626,2.4707999982638285
DynamicOnly_B10,JILONG_EI_0089,530,B10,56;70;28;60;180;26;101;24;58;78;148;186;32;252;90;135;68;217;34,0.1,19,125,19,0.1972724000888269,,False,0.8631578947368422,,,,,,19,0,55.68969999148976,2.7805999998236075,70.76279999455437,2.395199990132824
DynamicOnly_B10,JILONG_EI_0089,540,B10,56;70;93;28;180;26;60;101;24;58;148;186;32;252;90;68;135;34;217,0.1,19,126,19,0.1758926725425182,,False,0.8663324979114452,,,,,,19,0,55.14969999785535,3.3678000036161397,70.73779999336693,2.413700000033714
DynamicOnly_B10,JILONG_EI_0089,550,B10,56;70;28;61;180;26;101;24;58;148;186;32;252;90;135;68;34;217;3,0.1,19,125,19,0.1868888361372529,,False,0.8543157894736841,,,,,,19,0,55.45809998875484,2.6826999965123832,70.46339999942575,2.3970999900484458
DynamicOnly_B10,JILONG_EI_0089,560,B10,56;70;28;60;180;26;101;24;58;78;186;148;32;252;90;68;135;34;217,0.1,19,125,19,0.1972724000888269,,False,0.8597894736842107,,,,,,19,0,54.56309999863152,2.8165999974589795,73.33089999156073,3.665399999590591
DynamicOnly_B10,JILONG_EI_0089,570,B10,56;70;28;180;61;26;101;24;58;186;148;252;32;68;90;3;135;34;217,0.1,19,126,19,0.1868888361372529,,False,0.8558897243107768,,,,,,19,0,54.46990000200458,4.046000001835637,70.26769999356475,2.3908000002847984
DynamicOnly_B10,JILONG_EI_0089,580,B10,56;70;28;60;180;26;101;94;24;58;68;186;148;32;252;90;135;3;217,0.1,19,127,19,0.1861460590699206,,False,0.8657273104019892,,,,,,19,0,54.62120000447612,2.898299993830733,69.81390000146348,2.9731999966315925
DynamicOnly_B10,JILONG_EI_0089,590,B10,56;70;28;61;180;26;101;24;68;58;186;148;32;252;90;3;135;217;190,0.1,19,127,19,0.1874937782848741,,False,0.8628263572316618,,,,,,19,0,54.69469999661669,2.717600000323728,70.07570000132546,2.841299996362068
DynamicOnly_B10,JILONG_EI_0089,600,B10,56;70;28;180;60;26;101;24;68;58;78;186;148;32;252;90;3;135;217,0.1,19,126,19,0.1971575376557343,,False,0.8713450292397662,,,,,,19,0,54.804300001706,2.7020999987144023,70.56730000476819,2.411800000118092
DynamicOnly_B10,JILONG_EI_0089,610,B10,56;70;28;61;180;26;101;68;24;58;186;148;32;252;3;190;90;135;217,0.1,19,127,19,0.1874937782848741,,False,0.8711147948611686,,,,,,19,0,54.31580000731629,3.1336999963968992,70.80680000944994,2.552199992351234
DynamicOnly_B10,JILONG_EI_0089,620,B10,56;70;28;180;60;26;101;68;24;58;186;78;32;148;252;3;90;135;217,0.1,19,127,19,0.1971575376557343,,False,0.8769167012018234,,,,,,19,0,54.134000005433336,2.813700004480779,70.6744999915827,2.3459999938495457
DynamicOnly_B10,JILONG_EI_0089,630,B10,56;70;28;61;180;101;26;68;24;58;186;148;32;252;3;90;217;135;178,0.1,19,127,19,0.1928846551446884,,False,0.8673849979278906,,,,,,19,0,54.69979999179486,3.328599996166304,70.67909999750555,2.4308000138262287
DynamicOnly_B10,JILONG_EI_0089,640,B10,70;56;28;180;60;68;101;26;24;58;186;78;32;148;252;3;90;178;217,0.1,19,127,19,0.2018209524392952,,False,0.8769167012018236,,,,,,19,0,55.19480000657495,2.6406999968457967,70.897799989325,2.4582000041846186
DynamicOnly_B10,JILONG_EI_0089,650,B10,70;56;28;180;61;68;101;26;24;58;186;148;32;252;3;90;178;135;217,0.1,19,127,19,0.1928846551446884,,False,0.8673849979278906,,,,,,19,0,55.72670001129154,3.218199999537319,71.50229999388102,2.5274999934481457
DynamicOnly_B10,JILONG_EI_0089,660,B10,70;56;28;180;68;60;101;26;24;58;78;186;32;148;252;3;90;178;135,0.1,19,127,19,0.2032682190962624,,False,0.8806464981351015,,,,,,19,0,54.86139999993611,2.743799996096641,71.32459999411367,2.445499994792044
DynamicOnly_B10,JILONG_EI_0089,670,B10,70;56;28;61;180;68;101;26;24;58;186;148;32;3;252;178;90;135;14,0.1,19,127,19,0.1926472727829636,,False,0.8673849979278906,,,,,,19,0,55.18080000183545,2.847000010660849,70.48549999308307,2.3778000031597912
DynamicOnly_B10,JILONG_EI_0089,680,B10,70;56;28;180;68;60;101;26;24;58;78;186;148;32;3;178;90;135;166,0.1,19,126,19,0.2044321584182677,,False,0.8734335839598998,,,,,,19,0,54.46349999692757,2.602099993964657,70.34809999458957,2.2084000083850697
DynamicOnly_B10,JILONG_EI_0089,690,B10,70;56;28;61;68;180;101;26;24;58;186;148;32;3;178;90;135;166;233,0.1,19,126,19,0.1940945394399307,,False,0.860484544695071,,,,,,19,0,55.88839999109041,2.662899991264567,70.28949999948964,2.229999998235144
DynamicOnly_B10,JILONG_EI_0089,700,B10,70;56;28;68;180;101;60;26;24;78;58;178;186;3;148;32;90;135;233,0.1,19,126,19,0.2040875711189898,,False,0.8809523809523809,,,,,,19,0,54.263899990473874,2.8193000034661964,70.75509999413043,2.249900004244409
DynamicOnly_B10,JILONG_EI_0089,710,B10,70;56;68;28;61;180;101;26;24;58;178;186;148;3;32;90;233;135;156,0.1,19,126,19,0.2000673859607477,,False,0.8671679197994987,,,,,,19,0,54.79059999925085,3.629000013461337,70.00159999006428,2.304599998751655
DynamicOnly_B10,JILONG_EI_0089,720,B10,70;56;68;28;180;101;60;26;24;78;178;58;186;3;148;32;90;233;135,0.1,19,126,19,0.2040875711189898,,False,0.8830409356725146,,,,,,19,0,55.225899996003136,2.8575000033015385,70.12370000302326,2.442999990307726
DynamicOnly_B10,JILONG_EI_0089,730,B10,70;56;61;68;28;101;180;26;24;178;58;186;148;3;32;14;90;233;135,0.1,19,126,19,0.193466624805691,,False,0.876357560568087,,,,,,19,0,55.17390000750311,2.781699993647635,69.92059999902267,2.3468999861506745
DynamicOnly_B10,JILONG_EI_0089,740,B10,70;56;68;28;101;180;60;26;24;178;58;78;186;148;3;32;90;233;135,0.1,19,126,19,0.2040875711189898,,False,0.882623224728488,,,,,,19,0,55.58130001008976,2.6246000052196905,70.4128000070341,2.7273000014247373
DynamicOnly_B10,JILONG_EI_0089,750,B10,70;56;68;61;101;180;28;26;24;178;58;186;148;3;32;90;233;135;156,0.1,19,126,19,0.2000673859607477,,False,0.8705096073517126,,,,,,19,0,55.49030000111088,2.743199991527945,71.01420000253711,2.406100000371225
DynamicOnly_B10,JILONG_EI_0089,760,B10,70;56;68;101;28;60;180;178;26;24;58;78;3;186;148;32;90;233;156,0.1,19,126,19,0.2090036832553545,,False,0.8847117794486216,,,,,,19,0,54.50920001021586,2.773900007014163,72.0759999967413,2.372899994952604
DynamicOnly_B10,JILONG_EI_0089,770,B10,70;56;68;101;180;61;28;178;24;26;58;3;186;148;32;90;233;156;135,0.1,19,126,19,0.2000673859607477,,False,0.8738512949039263,,,,,,19,0,55.844800008344464,3.5617000103229657,71.57440000446513,2.4298000062117358
DynamicOnly_B10,JILONG_EI_0089,780,B10,70;56;68;101;178;180;28;60;24;26;58;78;3;148;186;32;90;233;156,0.1,19,126,19,0.2090036832553545,,False,0.8855472013366749,,,,,,19,0,56.55819999810774,2.715800001169555,71.31210000079591,3.461200001765974
DynamicOnly_B10,JILONG_EI_0089,790,B10,70;56;68;178;61;101;180;28;24;26;58;3;148;186;32;233;90;156;212,0.1,19,126,19,0.2017060900062025,,False,0.8730158730158729,,,,,,19,0,54.76509999425616,2.594599995063618,70.39710000390187,3.540899997460656
DynamicOnly_B10,JILONG_EI_0089,800,B10,70;56;178;68;101;28;180;60;24;26;58;78;3;148;186;32;90;233;156,0.1,19,125,19,0.2090036832553545,,False,0.8850526315789475,,,,,,19,0,54.674300001352094,3.074299995205365,69.9173999892082,2.235200008726679
DynamicOnly_B10,JILONG_EI_0089,810,B10,70;178;56;68;101;180;28;61;24;26;58;3;148;186;32;90;156;135;212,0.1,19,125,19,0.2031074116899326,,False,0.8728421052631579,,,,,,19,0,54.29229998844676,3.2303999905707315,70.60469999851193,2.6689999940572307
DynamicOnly_B10,JILONG_EI_0089,820,B10,70;178;68;56;101;180;60;28;24;26;58;3;78;148;186;32;90;212;156,0.1,19,125,19,0.2120437089845395,,False,0.880842105263158,,,,,,19,0,54.91369999072049,2.747499995166436,70.79050000174902,2.509400001144968
DynamicOnly_B10,JILONG_EI_0089,830,B10,70;178;68;56;101;61;180;28;24;26;58;3;148;186;32;90;212;156;119,0.1,19,125,19,0.2007335880726849,,False,0.8719999999999999,,,,,,19,0,55.38059999526013,2.892799995606765,72.00179999927059,2.896899997722357
DynamicOnly_B10,JILONG_EI_0089,840,B10,70;178;68;56;101;180;28;60;24;26;58;3;148;78;186;32;14;90;212,0.1,19,125,19,0.2054429478294828,,False,0.8892631578947369,,,,,,19,0,55.26369999279268,2.8396999987307936,71.70460000634193,2.4762999964877963
DynamicOnly_B10,JILONG_EI_0089,850,B10,70;178;68;56;101;180;24;61;28;26;58;3;148;186;32;90;212;135;156,0.1,19,125,19,0.2031074116899326,,False,0.8707368421052631,,,,,,19,0,55.19969998567831,2.875799997127615,71.10840000677854,2.4646999954711646
DynamicOnly_B10,JILONG_EI_0089,860,B10,70;178;68;56;101;180;28;24;61;26;58;3;148;186;32;90;212;119;156,0.1,19,125,19,0.2007335880726849,,False,0.8741052631578947,,,,,,19,0,55.15510000986978,3.0565000051865354,70.049600006314,3.041799995116889
DynamicOnly_B10,JILONG_EI_0089,870,B10,70;178;68;101;56;60;180;24;28;26;58;3;148;78;186;32;14;90;212,0.1,19,125,19,0.2054429478294828,,False,0.8863157894736842,,,,,,19,0,53.94979999982752,2.6221000007353723,70.65949999378063,3.003100006026216
DynamicOnly_B10,JILONG_EI_0089,880,B10,70;178;68;101;56;180;24;60;26;28;58;3;148;78;186;32;90;212;119,0.1,19,125,19,0.204753773230927,,False,0.8825263157894735,,,,,,19,0,55.17640001198743,2.5981000071624294,70.58649999089539,2.3095000069588423
DynamicOnly_B10,JILONG_EI_0089,890,B10,70;178;61;68;101;56;180;24;26;28;58;3;148;186;32;212;90;119;66,0.1,19,125,19,0.1972953725754454,,False,0.8720000000000001,,,,,,19,0,54.28900000697468,2.6560000114841387,70.68940000317525,2.2265000006882474
DynamicOnly_B10,JILONG_EI_0089,900,B10,70;178;68;101;56;180;24;26;60;28;58;78;3;148;186;32;14;212;90,0.1,19,125,19,0.2054429478294828,,False,0.8884210526315789,,,,,,19,0,54.78140000195708,3.3210999972652644,70.24889999593142,2.249299999675713
DynamicOnly_B10,JILONG_EI_0089,910,B10,70;178;68;101;56;24;180;26;28;61;58;3;148;186;32;212;14;119;90,0.1,19,125,19,0.1941328269176283,,False,0.8732631578947367,,,,,,19,0,53.99299999407958,3.1135000026552007,69.9470000108704,2.2631000028923154
DynamicOnly_B10,JILONG_EI_0089,920,B10,70;178;68;101;60;56;24;180;26;28;58;3;148;78;186;32;119;212;90,0.1,19,125,19,0.204753773230927,,False,0.8829473684210526,,,,,,19,0,54.551199995330535,3.1466000073123723,71.60809999913909,3.213200005120598
DynamicOnly_B10,JILONG_EI_0089,930,B10,70;178;61;68;101;24;56;180;26;28;58;3;148;186;32;212;119;90;128,0.1,19,125,19,0.1945233591901432,,False,0.8749473684210526,,,,,,19,0,54.79439999908209,2.7608999953372404,70.53460000315681,2.2425999923143536
DynamicOnly_B10,JILONG_EI_0089,940,B10,70;178;60;101;68;24;180;56;26;28;58;3;148;78;186;32;212;119;90,0.1,19,125,19,0.204753773230927,,False,0.8884210526315789,,,,,,19,0,54.68159999873024,3.097599998000078,71.333500003675,3.4659000084502622
DynamicOnly_B10,JILONG_EI_0089,950,B10,70;178;101;68;180;56;24;26;60;58;28;3;148;78;186;32;212;119;91,0.1,19,125,19,0.206438422249619,,False,0.8884210526315789,,,,,,19,0,54.41070000233594,2.609300005133264,70.1312000019243,2.2739999985788018
DynamicOnly_B10,JILONG_EI_0089,960,B10,70;178;101;68;180;24;56;61;26;58;28;3;148;186;32;212;119;91;14,0.1,19,125,19,0.1958174759363202,,False,0.8770526315789474,,,,,,19,0,54.9998000060441,2.690900000743568,71.09360001049936,2.227899996796623
DynamicOnly_B10,JILONG_EI_0089,970,B10,70;178;101;68;60;24;180;56;26;58;28;3;148;78;186;32;212;119;91,0.1,19,125,19,0.206438422249619,,False,0.8867368421052633,,,,,,19,0,54.90329999884125,2.738900002441369,71.83760000043549,2.6455000042915344
DynamicOnly_B10,JILONG_EI_0089,980,B10,70;178;61;101;68;24;180;56;26;58;28;3;148;186;32;212;119;91;66,0.1,19,125,19,0.1989800215941374,,False,0.8778947368421053,,,,,,19,0,54.67800000042189,2.6151999918511137,72.86239998938981,3.790899994783104
DynamicOnly_B10,JILONG_EI_0089,990,B10,70;178;101;68;24;180;56;26;60;58;3;28;148;78;32;186;119;212;91,0.1,19,125,19,0.206438422249619,,False,0.8884210526315789,,,,,,19,0,54.39850001130253,2.643600004375912,71.19049999164417,2.2576000046683475
DynamicOnly_B10,JILONG_EI_0089,1000,B10,70;178;101;68;24;180;56;26;60;58;3;148;28;78;186;32;212;119;91,0.1,19,125,19,0.206438422249619,,False,0.887157894736842,,,,,,19,0,55.14510000648443,2.5886999937938526,71.78890000795946,2.392199996393174
DynamicOnly_B10,JILONG_EI_0089,1010,B10,70;178;101;68;24;180;56;60;26;58;3;148;28;78;186;91;32;212;119,0.1,19,125,19,0.206438422249619,,False,0.8892631578947369,,,,,,19,0,55.17000000691041,3.100500005530193,71.16360000509303,2.300599997397512
DynamicOnly_B10,JILONG_EI_0089,1020,B10,70;178;61;101;68;24;180;56;26;58;148;3;28;186;32;91;14;212;119,0.1,19,125,19,0.1958174759363202,,False,0.8816842105263157,,,,,,19,0,55.01509999157861,2.600600011646748,70.34510000084992,2.410699991742149
DynamicOnly_B10,JILONG_EI_0089,1030,B10,70;101;178;24;68;60;180;56;26;58;3;148;28;78;32;186;91;212;119,0.1,19,125,19,0.206438422249619,,False,0.8892631578947369,,,,,,19,0,55.055600008927286,2.5836999993771315,70.46050000644755,2.210699996794574
DynamicOnly_B10,JILONG_EI_0089,1040,B10,70;101;178;24;68;180;56;61;26;58;148;3;28;14;186;32;212;91;94,0.1,19,125,19,0.2094095305189484,,False,0.8858947368421053,,,,,,19,0,54.91210000764113,2.6606999890645966,70.84470000700094,2.2902000055182725
DynamicOnly_B10,JILONG_EI_0089,1050,B10,70;101;178;24;68;180;60;56;26;58;148;3;28;78;212;14;32;186;91,0.1,19,125,19,0.2071275968481748,,False,0.8959999999999999,,,,,,19,0,54.46120000851806,2.607899994472973,69.86699999833945,2.274699989357032
DynamicOnly_B10,JILONG_EI_0089,1060,B10,70;101;178;24;68;180;61;56;26;58;3;148;28;212;94;186;32;91;199,0.1,19,125,19,0.2096315978895942,,False,0.887157894736842,,,,,,19,0,53.87709999922663,2.5828000070760027,70.71330001053866,2.303000001120381
DynamicOnly_B10,JILONG_EI_0089,1070,B10,70;101;178;24;68;180;61;56;26;58;3;148;28;212;94;32;186;91;14,0.1,19,125,19,0.2094095305189484,,False,0.8846315789473684,,,,,,19,0,54.84419999993406,4.062100008013658,70.52920000569429,2.3099999962141737
DynamicOnly_B10,JILONG_EI_0089,1080,B10,70;101;24;178;60;68;180;56;26;58;148;3;78;28;212;32;186;91;199,0.1,19,125,19,0.2073496642188206,,False,0.8917894736842105,,,,,,19,0,54.31930000486318,2.6288999943062663,69.85030000214465,2.30540000484325
DynamicOnly_B10,JILONG_EI_0089,1090,B10,70;101;24;178;68;180;60;56;26;58;148;3;28;78;212;91;186;32;199,0.1,19,125,19,0.2073496642188206,,False,0.8905263157894737,,,,,,19,0,54.12679999426473,2.773699990939349,70.75020000047516,2.8630999877350405
DynamicOnly_B10,JILONG_EI_0089,1100,B10,70;101;24;178;68;180;61;56;58;26;148;3;212;94;28;32;186;199;91,0.1,19,125,19,0.2096315978895942,,False,0.888,,,,,,19,0,54.217099997913465,2.5873999984469265,69.99649999488611,2.935800002887845
DynamicOnly_B10,JILONG_EI_0089,1110,B10,70;101;24;178;68;60;180;56;26;58;148;3;212;78;28;199;32;186;91,0.1,19,125,19,0.2073496642188206,,False,0.8922105263157896,,,,,,19,0,54.37260000326205,2.573599995230325,69.63230000110343,2.9452000017045066
DynamicOnly_B10,JILONG_EI_0089,1120,B10,101;70;24;178;68;61;180;56;26;58;148;3;212;94;28;199;32;186;91,0.1,19,125,19,0.2096315978895942,,False,0.8934736842105263,,,,,,19,0,55.82259999937378,2.5843999901553616,72.45659999898635,3.0762999958824366
DynamicOnly_B10,JILONG_EI_0089,1130,B10,101;70;24;178;68;180;60;56;26;58;148;212;3;94;199;28;91;32;186,0.1,19,124,19,0.1963381856330068,,False,0.8896434634974533,,,,,,19,0,57.398100005229935,2.660199999809265,70.73970000783447,2.3252999963006005
DynamicOnly_B10,JILONG_EI_0089,1140,B10,101;24;70;178;68;180;61;56;26;58;148;212;3;94;199;28;32;14;91,0.1,19,125,19,0.2097464603226868,,False,0.8943157894736841,,,,,,19,0,54.61529998865444,2.6101000112248585,70.10159999481402,3.1198999931802973
DynamicOnly_B10,JILONG_EI_0089,1150,B10,24;101;70;178;180;68;60;56;27;58;148;212;3;94;199;32;91;192;119,0.1,19,125,19,0.1782741536553055,,False,0.8833684210526315,,,,,,19,0,54.248000000370666,2.615299992612563,70.37640000635292,2.2615999914705758
DynamicOnly_B10,JILONG_EI_0089,1160,B10,24;101;70;178;180;68;60;58;56;26;148;212;3;94;199;28;32;91;192,0.1,19,125,19,0.1957332434853856,,False,0.8901052631578947,,,,,,19,0,56.137899999157526,2.646799999638461,69.66419999662321,2.26239999756217
DynamicOnly_B10,JILONG_EI_0089,1170,B10,24;101;70;180;178;68;61;26;58;56;212;148;94;3;199;28;32;91;192,0.1,19,125,19,0.209026655741973,,False,0.8938947368421054,,,,,,19,0,55.42379998951219,2.636199991684407,70.61809999868274,2.294600009918213
DynamicOnly_B10,JILONG_EI_0089,1180,B10,24;101;70;60;180;178;68;26;56;58;212;148;94;3;199;28;32;91;192,0.1,19,124,19,0.1957332434853856,,False,0.8896434634974533,,,,,,19,0,54.08689999603666,2.669600013177842,70.18059999973048,2.252199992653914
DynamicOnly_B10,JILONG_EI_0089,1190,B10,24;101;70;180;178;68;61;26;212;56;94;58;148;3;199;28;32;91;14,0.1,19,124,19,0.2097464603226868,,False,0.8921901528013583,,,,,,19,0,55.61280000256375,3.2913000031840056,71.00889999128412,2.2170000011101365
DynamicOnly_B10,JILONG_EI_0089,1200,B10,24;101;70;180;60;68;178;26;212;56;94;58;148;3;199;28;32;91;14,0.1,19,124,19,0.1964530480660995,,False,0.8964346349745332,,,,,,19,0,54.19669998809695,2.6043999969260767,69.84569999622181,2.5833000108832493
DynamicOnly_B10,JILONG_EI_0089,1210,B10,24;101;70;180;60;178;68;212;26;94;58;56;148;3;199;28;32;91;14,0.1,19,124,19,0.1964530480660995,,False,0.8955857385398981,,,,,,19,0,54.568199993809685,3.391500009456649,70.03649999387562,2.2566999978153035
DynamicOnly_B10,JILONG_EI_0089,1220,B10,24;101;70;180;178;68;26;212;61;58;94;56;148;3;199;28;32;91;192,0.1,19,125,19,0.209026655741973,,False,0.8926315789473683,,,,,,19,0,55.27660000370816,3.1813999958103523,70.43829999747686,2.25430000864435
DynamicOnly_B10,JILONG_EI_0089,1230,B10,24;101;70;180;68;60;178;212;26;94;58;148;56;3;199;28;91;32;192,0.1,19,125,19,0.1957332434853856,,False,0.896842105263158,,,,,,19,0,55.10640000284184,2.588799994555302,72.44389998959377,3.212099996744655
DynamicOnly_B10,JILONG_EI_0089,1240,B10,24;101;70;180;61;68;178;212;26;94;58;148;56;3;199;28;32;91;14,0.1,19,125,19,0.2097464603226868,,False,0.8926315789473684,,,,,,19,0,54.62209999677725,2.5913000135915354,71.35090000519995,3.753400000277906
DynamicOnly_B10,JILONG_EI_0089,1250,B10,24;101;70;60;180;68;178;212;26;94;58;148;56;3;199;32;28;14;91,0.1,19,125,19,0.1964530480660995,,False,0.8997894736842106,,,,,,19,0,55.41519999678712,2.6566000015009195,72.59619999967981,2.2603000106755644
DynamicOnly_B10,JILONG_EI_0089,1260,B10,24;101;70;180;68;178;60;212;94;26;58;148;3;56;199;32;28;91;50,0.1,19,125,19,0.1963917881017834,,False,0.8964210526315789,,,,,,19,0,54.77649999374989,2.7097999991383404,70.67330001154914,2.37800000468269
DynamicOnly_B10,JILONG_EI_0089,1270,B10,24;101;70;60;180;212;68;94;178;26;58;148;56;3;199;32;28;91;192,0.1,19,125,19,0.1957332434853856,,False,0.8930526315789472,,,,,,19,0,54.60849999508355,5.924100012634881,70.1132999965921,2.231800011941232
DynamicOnly_B10,JILONG_EI_0089,1280,B10,24;101;70;61;180;212;68;94;178;26;58;148;3;56;199;32;28;91;192,0.1,19,125,19,0.209026655741973,,False,0.8951578947368423,,,,,,19,0,54.63189999863971,2.572800003690645,70.15729999693576,2.2947999968891963
DynamicOnly_B10,JILONG_EI_0089,1290,B10,24;101;70;60;180;212;94;68;178;26;58;148;56;3;199;32;28;91;192,0.1,19,125,19,0.1957332434853856,,False,0.8989473684210525,,,,,,19,0,54.48779999278486,2.623799999128096,70.62909999513067,2.8669000021182
DynamicOnly_B10,JILONG_EI_0089,1300,B10,24;101;70;180;94;212;68;178;26;58;148;60;3;56;199;28;32;14;91,0.1,19,125,19,0.1964530480660995,,False,0.9002105263157895,,,,,,19,0,54.974400001810864,2.657699995324947,70.85559998813551,2.3332999990088865
DynamicOnly_B10,JILONG_EI_0089,1310,B10,24;101;70;180;94;60;212;68;26;178;148;58;3;56;199;32;50;28;91,0.1,19,125,19,0.1963917881017834,,False,0.9006315789473683,,,,,,19,0,54.75539999315515,3.023199999006465,71.25010000891052,2.3670999944442883
DynamicOnly_B10,JILONG_EI_0089,1320,B10,24;101;70;180;212;60;94;68;178;26;148;58;3;56;199;32;28;91;50,0.1,19,125,19,0.1963917881017834,,False,0.8985263157894736,,,,,,19,0,54.679399996530265,2.867499992134981,71.65140000870451,3.086500000790693
DynamicOnly_B10,JILONG_EI_0089,1330,B10,24;101;70;180;212;94;68;178;61;148;26;58;56;3;199;32;203;91;192,0.1,19,125,19,0.1950823563645274,,False,0.8964210526315789,,,,,,19,0,55.10830000275746,2.6611999928718437,70.36550001066644,2.212299994425848
DynamicOnly_B10,JILONG_EI_0089,1340,B10,24;101;70;60;180;94;212;68;178;148;58;26;3;199;56;203;32;50;91,0.1,19,125,19,0.1824474887243378,,False,0.9014736842105264,,,,,,19,0,55.07180000131484,2.612199998111464,70.22039999719709,2.2219999955268577
DynamicOnly_B10,JILONG_EI_0089,1350,B10,24;101;70;180;94;212;68;60;148;178;58;26;199;56;3;205;32;91;203,0.1,19,127,19,0.1817200266480844,,False,0.89680895151264,,,,,,19,0,56.54049999429844,2.660500002093613,70.28459999128245,2.9347000090638176
DynamicOnly_B10,JILONG_EI_0089,1360,B10,24;101;70;94;180;212;68;178;148;58;60;26;199;56;3;203;32;50;91,0.1,19,126,19,0.1824474887243378,,False,0.8993316624895573,,,,,,19,0,54.42300000868272,2.6482000102987517,70.7269999984419,2.718600007938221
DynamicOnly_B10,JILONG_EI_0089,1370,B10,24;101;70;94;180;212;68;148;178;60;58;26;199;56;3;203;32;91;192,0.1,19,126,19,0.18178894410794,,False,0.899749373433584,,,,,,19,0,54.15009999705944,2.61280000268016,70.10270000318997,3.061299998080358
DynamicOnly_B10,JILONG_EI_0089,1380,B10,24;101;70;94;180;212;68;148;178;60;58;26;199;3;56;203;50;32;192,0.1,19,126,19,0.1807015797413298,,False,0.8989139515455304,,,,,,19,0,55.28559999947902,2.548200005549006,70.17340000311378,2.488199999788776
DynamicOnly_B10,JILONG_EI_0089,1390,B10,24;74;101;70;94;180;212;60;148;68;178;26;199;3;56;50;32;192;28,0.1,19,125,19,0.1955111761147399,,False,0.8955789473684209,,,,,,19,0,55.29019999084994,2.6191999932052568,70.15580000006594,2.2314999951049685
DynamicOnly_B10,JILONG_EI_0089,1400,B10,24;101;70;60;94;180;212;148;68;178;58;26;199;3;56;203;50;28;32,0.1,19,126,19,0.1957179284943066,,False,0.9010025062656642,,,,,,19,0,53.92699998628814,2.5489999970886856,69.95580000511836,2.290399992489256
DynamicOnly_B10,JILONG_EI_0089,1410,B10,24;101;70;94;180;212;61;148;68;58;178;26;199;203;3;56;50;32;28,0.1,19,126,19,0.209011340750894,,False,0.9005847953216374,,,,,,19,0,54.30670001078397,2.6259000005666167,70.52509998902678,2.2950999991735443
DynamicOnly_B10,JILONG_EI_0089,1420,B10,24;101;70;94;180;212;60;148;68;58;178;26;199;3;56;203;32;50;28,0.1,19,126,19,0.1957179284943066,,False,0.9035087719298244,,,,,,19,0,54.533999995328486,2.638099991600029,70.86890000209678,2.254399994853884
DynamicOnly_B10,JILONG_EI_0089,1430,B10,24;74;101;70;94;180;212;148;60;68;178;3;26;199;56;203;32;192;28,0.1,19,126,19,0.1959246808738733,,False,0.8964076858813701,,,,,,19,0,54.296500005875714,2.9482999962056056,70.3815000015311,2.225500007625669
DynamicOnly_B10,JILONG_EI_0089,1440,B10,24;101;70;94;180;60;148;212;68;178;58;26;199;3;56;203;50;32;91,0.1,19,126,19,0.1824474887243378,,False,0.9001670843776107,,,,,,19,0,54.64830000710208,2.715099995839409,71.47129999066237,2.250100005767308
DynamicOnly_B10,JILONG_EI_0099,10,B10,78;252;14;44;5;141;46;192;166;83;32;202;128;206;91;117;25;89;55,0.1,19,128,19,0.1215550841941634,,False,0.8967927631578947,,,,,,19,0,54.89780000061728,2.859899992472492,70.33339999907184,2.2323999874060974
DynamicOnly_B10,JILONG_EI_0099,20,B10,77;79;141;14;46;252;42;44;174;32;128;23;101;202;176;55;231;5;166,0.1,19,126,19,0.1197019702736023,,False,0.8934837092731829,,,,,,19,0,54.47350000031293,2.638000005390495,70.42859999637585,2.3175000096671283
DynamicOnly_B10,JILONG_EI_0099,30,B10,77;79;141;44;55;99;32;42;252;144;46;91;13;5;174;166;121;88;86,0.1,19,126,19,0.1192808080189293,,False,0.8609022556390977,,,,,,19,0,55.69189999368973,2.80840000777971,72.02289999986533,3.411400000914
DynamicOnly_B10,JILONG_EI_0099,40,B10,77;79;44;84;42;166;252;174;40;112;106;46;32;50;88;141;172;86;74,0.1,19,125,19,0.1206821297026594,,False,0.8416842105263158,,,,,,19,0,55.53289999079425,2.541399997426197,70.04330000199843,2.2231000039028004
DynamicOnly_B10,JILONG_EI_0099,50,B10,61;93;79;14;121;28;85;141;166;206;56;19;99;42;5;112;172;87;23,0.1,19,124,19,0.1032383548636582,,False,0.8590831918505941,,,,,,19,0,56.24499999976251,3.3780000085243955,70.60989999445155,3.0380999960470945
DynamicOnly_B10,JILONG_EI_0099,60,B10,61;93;79;29;42;141;206;5;166;91;172;55;176;24;66;117;88;85;135,0.1,19,122,19,0.1260500340758551,,False,0.8632441760138051,,,,,,19,0,54.54250000184402,2.595900004962459,70.9935999911977,2.5794999965000898
DynamicOnly_B10,JILONG_EI_0099,70,B10,60;79;93;29;27;141;166;70;25;56;252;49;91;88;218;117;120;3;52,0.1,19,122,19,0.1408979179269628,,False,0.8308886971527178,,,,,,19,0,53.86339999677148,2.59869999717921,71.68540000566281,3.507999994326383
DynamicOnly_B10,JILONG_EI_0099,80,B10,44;77;79;46;14;25;141;203;56;32;172;34;101;70;252;231;147;91;135,0.1,19,123,19,0.1478202938946788,,False,0.8237056054771074,,,,,,19,0,54.66709999018349,2.6348000101279467,71.04840000101831,2.543800001149066
DynamicOnly_B10,JILONG_EI_0099,90,B10,28;61;79;93;14;26;206;141;252;49;57;55;99;88;101;155;91;120;192,0.1,19,120,19,0.1352466862188052,,False,0.8179824561403509,,,,,,19,0,55.64180000510533,2.842200003215112,70.93349999922793,3.1029999954625964
DynamicOnly_B10,JILONG_EI_0099,100,B10,28;61;26;94;141;70;91;190;49;120;166;252;40;203;14;88;101;176;5,0.1,19,118,19,0.1560903890773483,,False,0.8233719892952721,,,,,,19,0,54.82419999316335,2.7811999898403883,71.27860000764485,3.5333000123500824
DynamicOnly_B10,JILONG_EI_0099,110,B10,28;60;26;78;141;252;70;40;206;32;91;166;203;101;20;120;88;99;155,0.1,19,118,19,0.1576754906540267,,False,0.8331846565566459,,,,,,19,0,54.42139999649953,2.565100003266707,71.60890000523068,3.13359999563545
DynamicOnly_B10,JILONG_EI_0099,120,B10,28;60;78;252;26;40;90;101;203;14;88;4;32;135;206;70;141;172;217,0.1,19,118,19,0.1517485891064468,,False,0.8206958073148973,,,,,,19,0,55.869300005724654,2.643899992108345,70.38529998681042,2.343000000109896
DynamicOnly_B10,JILONG_EI_0099,130,B10,27;61;94;14;40;101;251;202;176;32;90;104;70;58;141;190;112;172;5,0.1,19,118,19,0.1354610960939115,,False,0.8104371097234612,,,,,,19,0,54.89769999985583,2.643600004375912,70.17339998856187,2.3098999954527244
DynamicOnly_B10,JILONG_EI_0099,140,B10,27;61;94;25;252;202;101;29;141;55;90;58;176;34;174;104;233;132;166,0.1,19,118,19,0.1489459457389866,,False,0.8264942016057092,,,,,,19,0,56.64109998906497,2.6516999932937324,70.43979999434669,2.2138999920571223
DynamicOnly_B10,JILONG_EI_0099,150,B10,27;61;25;94;29;202;252;101;121;3;56;211;32;132;172;87;170;5;229,0.1,19,118,19,0.1686333667710638,,False,0.8305084745762713,,,,,,19,0,55.13050001172815,2.58689999463968,69.78330000129063,2.297200000612065
DynamicOnly_B10,JILONG_EI_0099,160,B10,26;28;60;78;40;101;70;3;32;235;232;121;14;90;211;119;132;203;170,0.1,19,119,19,0.1818348890811771,,False,0.8102609464838565,,,,,,19,0,54.05140000220854,3.092400002060458,69.97389999742154,2.1932999952696264
DynamicOnly_B10,JILONG_EI_0099,170,B10,26;58;28;60;78;40;101;106;232;186;235;70;211;3;32;179;148;88;229,0.1,19,119,19,0.2002664808447749,,False,0.8071649712516585,,,,,,19,0,54.70919999061152,2.6071000029332936,69.90139999834355,2.321899999515153
DynamicOnly_B10,JILONG_EI_0099,180,B10,25;27;58;45;77;56;101;106;88;232;70;229;186;99;132;218;179;172;128,0.1,19,119,19,0.1682887794717859,,False,0.8084918177797434,,,,,,19,0,54.82770000526216,2.828600001521409,70.12360000226181,2.2105000098235905
DynamicOnly_B10,JILONG_EI_0099,190,B10,25;27;45;78;101;56;58;70;88;229;202;233;106;132;179;51;99;172;119,0.1,19,119,19,0.1787106309010575,,False,0.7925696594427244,,,,,,19,0,56.60650000208989,3.189800001564436,70.43000000703614,2.460199990309775
DynamicOnly_B10,JILONG_EI_0099,200,B10,25;27;60;94;101;56;88;70;58;99;29;90;119;229;186;233;4;121;172,0.1,19,119,19,0.1365790904426798,,False,0.8124723573639981,,,,,,19,0,54.78669999865815,4.168499988736585,71.25459999952,3.0201999907149
DynamicOnly_B10,JILONG_EI_0099,210,B10,24;26;28;60;94;56;101;70;88;58;99;106;216;119;186;251;5;50;172,0.1,19,120,19,0.14327939903975,,False,0.8166666666666668,,,,,,19,0,54.42590000166092,2.6519999955780804,70.30169999052305,2.253500002552755
DynamicOnly_B10,JILONG_EI_0099,220,B10,24;26;28;101;56;94;70;60;88;58;233;119;106;251;50;186;155;99;52,0.1,19,120,19,0.1489918907122236,,False,0.8078947368421052,,,,,,19,0,55.689800006803125,2.773900007014163,69.72889999451581,2.4174999998649582
DynamicOnly_B10,JILONG_EI_0099,230,B10,40;26;101;94;45;70;88;58;251;119;233;186;172;121;52;148;112;50;215,0.1,19,120,19,0.157514683247697,,False,0.793859649122807,,,,,,19,0,55.3792999999132,3.607900012866594,69.79320000391454,2.216900000348687
DynamicOnly_B10,JILONG_EI_0099,240,B10,40;26;101;70;28;94;60;88;135;58;251;172;186;52;34;219;4;112;217,0.1,19,120,19,0.1465338346440413,,False,0.8092105263157895,,,,,,19,0,55.06020000029821,2.723500001593493,71.12860000052024,2.250300007290207
DynamicOnly_B10,JILONG_EI_0099,250,B10,55;41;23;27;101;94;45;88;251;172;135;233;186;219;148;4;99;52;112,0.1,19,122,19,0.1423681570705485,,False,0.7881794650560828,,,,,,19,0,55.43339998985175,2.6811999996425584,70.57369999529328,2.297400002134964
DynamicOnly_B10,JILONG_EI_0099,260,B10,55;25;27;23;101;94;60;88;29;58;251;172;186;148;135;232;52;4;112,0.1,19,123,19,0.1506918547219946,,False,0.8001711596063329,,,,,,19,0,55.14739999489393,2.675299998372793,70.92309999279678,2.420499993604608
DynamicOnly_B10,JILONG_EI_0099,270,B10,25;55;27;23;101;77;45;58;88;148;186;229;251;172;119;206;52;112;232,0.1,19,123,19,0.1520012864592506,,False,0.7933247753530167,,,,,,19,0,54.76769999950193,2.6313000125810504,72.09169999987353,3.009699998074211
DynamicOnly_B10,JILONG_EI_0099,280,B10,26;40;71;94;101;60;28;14;58;148;186;229;251;89;206;119;112;52;66,0.1,19,123,19,0.170922957937377,,False,0.7967479674796748,,,,,,19,0,54.70449999847915,3.8666000036755577,70.51940000383183,2.256799998576753
DynamicOnly_B10,JILONG_EI_0099,290,B10,25;55;94;27;101;60;23;148;58;29;251;186;229;206;88;52;66;32;90,0.1,19,123,19,0.1528282959775176,,False,0.7971758664955071,,,,,,19,0,54.71979999856558,3.307400009362027,70.41520001075696,2.261799992993474
DynamicOnly_B10,JILONG_EI_0099,300,B10,25;55;60;94;27;101;23;148;58;29;186;229;251;206;105;52;66;32;176,0.1,19,123,19,0.1521620938655803,,False,0.7984595635430038,,,,,,19,0,54.96300000231713,3.0719999922439456,72.28320000285748,3.06399998953566
DynamicOnly_B10,JILONG_EI_0099,310,B10,25;55;94;60;27;101;23;148;58;29;186;229;105;52;176;66;32;218;112,0.1,19,121,19,0.1536553054957845,,False,0.7925184862983906,,,,,,19,0,56.20979999366682,2.6230000075884163,70.87750000937376,2.22540000686422
DynamicOnly_B10,JILONG_EI_0099,320,B10,55;25;60;27;101;94;23;148;58;29;52;186;229;105;176;218;112;32;180,0.1,19,121,19,0.1665735004709359,,False,0.7925184862983907,,,,,,19,0,54.361400005291216,2.635600001667626,70.16609999118373,2.6692999963415787
DynamicOnly_B10,JILONG_EI_0099,330,B10,55;25;94;60;27;101;23;148;52;58;29;186;180;229;105;176;218;32;112,0.1,19,121,19,0.1665735004709359,,False,0.7986080904741192,,,,,,19,0,54.53000000852626,2.6071000029332936,70.18720000633039,2.193799999076873
DynamicOnly_B10,JILONG_EI_0099,340,B10,55;25;60;27;101;94;148;52;23;29;180;58;186;229;176;218;32;90;112,0.1,19,120,19,0.1661370232251839,,False,0.7956140350877193,,,,,,19,0,54.269700005534105,3.2327999942936003,69.94450000638608,2.2467999951913957
DynamicOnly_B10,JILONG_EI_0099,350,B10,55;25;60;27;101;93;52;148;180;29;23;58;186;229;32;176;218;90;112,0.1,19,121,19,0.155768774264689,,False,0.799043062200957,,,,,,19,0,54.38719999801833,2.752200001850724,70.68520000029821,2.458900009514764
DynamicOnly_B10,JILONG_EI_0099,360,B10,55;25;60;27;101;78;52;180;148;29;58;23;186;32;218;176;229;90;112,0.1,19,120,19,0.1771485018109977,,False,0.8061403508771929,,,,,,19,0,54.69889999949373,2.905399989685975,70.35460000042804,2.3040999949444085
DynamicOnly_B10,JILONG_EI_0099,370,B10,55;60;25;27;101;94;52;180;148;29;58;23;186;32;218;176;90;229;112,0.1,19,120,19,0.1661370232251839,,False,0.8048245614035089,,,,,,19,0,54.51310001080856,3.0245000089053065,70.3926000132924,2.2907999955350533
DynamicOnly_B10,JILONG_EI_0099,380,B10,55;25;60;27;101;52;180;94;148;29;58;23;32;186;218;176;229;90;112,0.1,19,120,19,0.1661370232251839,,False,0.8061403508771929,,,,,,19,0,54.35310000029858,2.6919999945675954,70.29020000481978,2.274700003908947
DynamicOnly_B10,JILONG_EI_0099,390,B10,55;25;60;27;101;52;180;148;29;78;190;58;32;186;23;176;218;90;112,0.1,19,121,19,0.176145369895322,,False,0.8086124401913876,,,,,,19,0,54.17649999435525,2.572199999121949,70.19700000819284,2.2433999984059483
DynamicOnly_B10,JILONG_EI_0099,400,B10,55;25;60;27;101;52;180;148;29;78;32;58;186;23;176;218;90;252;112,0.1,19,120,19,0.1746521582651178,,False,0.806140350877193,,,,,,19,0,54.73279999569058,2.7529000071808696,70.19270000455435,2.352499999688007
DynamicOnly_B10,JILONG_EI_0099,410,B10,55;25;60;27;101;52;180;148;29;78;252;32;186;58;176;218;23;90;135,0.1,19,120,19,0.1763444647793492,,False,0.8105263157894738,,,,,,19,0,54.76299999281764,2.8301999991526827,70.59920000028796,2.223299990873784
DynamicOnly_B10,JILONG_EI_0099,420,B10,55;25;60;27;101;52;180;148;29;94;252;32;186;58;190;176;218;90;23,0.1,19,121,19,0.1646055241172822,,False,0.8125271857329274,,,,,,19,0,54.36480000207666,2.592499993625097,69.94679999479558,2.2437000006902963
DynamicOnly_B10,JILONG_EI_0099,430,B10,55;25;60;93;27;101;52;180;148;29;252;32;186;58;190;176;218;90;23,0.1,19,122,19,0.1542372751567872,,False,0.8244176013805005,,,,,,19,0,54.05940000491682,2.8009999950882047,70.0527000008151,2.322500004083849
DynamicOnly_B10,JILONG_EI_0099,440,B10,55;25;60;93;27;101;52;180;148;29;252;32;186;58;218;176;90;23;135,0.1,19,121,19,0.1549647372330405,,False,0.8242714223575467,,,,,,19,0,55.09160000656266,3.598199997213669,70.53409999934956,2.2415999992517754
DynamicOnly_B10,JILONG_EI_0099,450,B10,55;25;60;27;52;101;180;148;29;252;78;32;186;218;58;176;90;23;135,0.1,19,120,19,0.1763444647793492,,False,0.8228070175438597,,,,,,19,0,54.43049999303184,3.168900002492592,70.3153999929782,2.286900009494275
DynamicOnly_B10,JILONG_EI_0099,460,B10,55;25;60;27;52;101;180;148;29;78;252;32;186;58;218;176;90;23;135,0.1,19,120,19,0.1763444647793492,,False,0.8219298245614036,,,,,,19,0,55.368100001942366,3.136900006211363,71.55250001233071,2.308800001628697
DynamicOnly_B10,JILONG_EI_0099,470,B10,55;25;60;27;52;101;180;94;148;29;252;32;186;58;218;176;135;90;87,0.1,19,120,19,0.1658307234036036,,False,0.8210526315789473,,,,,,19,0,55.51500000001397,2.7205999940633774,70.93309999618214,2.2927000100025907
DynamicOnly_B10,JILONG_EI_0099,480,B10,55;25;60;27;52;101;180;148;29;252;32;78;186;218;58;190;176;90;87,0.1,19,121,19,0.176114739913164,,False,0.82557633753806,,,,,,19,0,55.01149999327026,2.554899998358451,71.37849999708124,2.244800009066239
DynamicOnly_B10,JILONG_EI_0099,490,B10,55;25;60;27;52;180;101;29;148;252;78;32;186;218;58;176;90;87;135,0.1,19,121,19,0.1768422019894173,,False,0.8247063940843845,,,,,,19,0,54.652499995427206,2.634000004036352,71.19400000374299,2.2689999896101654
DynamicOnly_B10,JILONG_EI_0099,500,B10,55;25;60;27;52;180;101;148;29;252;78;32;186;218;58;176;87;135;90,0.1,19,122,19,0.1768422019894173,,False,0.8270060396893874,,,,,,19,0,54.77170000085607,2.961899997899309,71.4155000023311,2.3687000066274777
DynamicOnly_B10,JILONG_EI_0099,510,B10,55;25;60;27;52;180;101;29;148;252;78;32;190;186;58;218;176;87;90,0.1,19,123,19,0.176114739913164,,False,0.8326914848095849,,,,,,19,0,55.00390000815969,3.325600002426654,71.01600000169128,2.248899996629916
DynamicOnly_B10,JILONG_EI_0099,520,B10,55;25;60;27;52;180;101;29;148;252;78;32;186;218;58;87;176;90;135,0.1,19,122,19,0.1768422019894173,,False,0.8274374460742019,,,,,,19,0,55.62479999207426,2.6320000033592805,71.13499999104533,2.272800003993325
DynamicOnly_B10,JILONG_EI_0099,530,B10,55;60;25;52;27;180;101;29;252;148;32;78;186;218;190;58;87;176;90,0.1,19,123,19,0.176114739913164,,False,0.8331193838254173,,,,,,19,0,54.79660000128206,3.024999998160638,71.02979999035597,2.755299996351823
DynamicOnly_B10,JILONG_EI_0099,540,B10,55;60;25;52;27;180;101;94;29;252;148;32;186;218;58;87;176;90;135,0.1,19,123,19,0.1658307234036036,,False,0.8348309798887462,,,,,,19,0,54.315600005793385,2.909999995608814,70.50529999833088,2.244200004497543
DynamicOnly_B10,JILONG_EI_0099,550,B10,55;60;25;52;27;180;101;29;252;148;32;78;186;218;58;87;90;176;135,0.1,19,123,19,0.1768422019894173,,False,0.8322635857937527,,,,,,19,0,54.00069999450352,2.665599997271784,71.45200000377372,2.988000007462688
DynamicOnly_B10,JILONG_EI_0099,560,B10,55;60;25;52;27;180;101;29;252;78;148;32;186;218;58;87;90;176;190,0.1,19,124,19,0.176114739913164,,False,0.8357385398981323,,,,,,19,0,54.49339999177028,3.148099989630282,71.00440000067465,2.328500006115064
DynamicOnly_B10,JILONG_EI_0099,570,B10,55;60;25;52;101;180;27;29;252;148;78;32;186;218;58;87;90;176;211,0.1,19,124,19,0.1880144879815607,,False,0.8374363327674024,,,,,,19,0,54.87449999782257,2.6050000014947727,70.21730000269599,2.296299993759021
DynamicOnly_B10,JILONG_EI_0099,580,B10,55;60;25;52;101;180;27;29;78;252;148;32;186;218;58;87;90;176;211,0.1,19,124,19,0.1880144879815607,,False,0.8382852292020373,,,,,,19,0,55.17970000801142,2.6439999928697944,70.65680000232533,2.2776999976485968
DynamicOnly_B10,JILONG_EI_0099,590,B10,55;60;25;52;101;180;27;78;29;252;32;148;186;218;58;87;90;176;211,0.1,19,124,19,0.1880144879815607,,False,0.8433786078098473,,,,,,19,0,55.03460000909399,3.7349999911384657,70.9464000101434,3.2518000080017373
DynamicOnly_B10,JILONG_EI_0099,600,B10,55;25;60;52;101;180;27;78;29;252;32;148;186;218;58;87;90;176;211,0.1,19,124,19,0.1880144879815607,,False,0.8455008488964347,,,,,,19,0,54.01180000626482,2.585000009275973,70.33509999746457,2.2222999978112057
DynamicOnly_B10,JILONG_EI_0099,610,B10,55;60;25;52;101;180;27;29;78;252;32;148;186;58;218;87;90;176;211,0.1,19,124,19,0.1880144879815607,,False,0.8429541595925298,,,,,,19,0,55.759399998351,2.5553999876137823,70.48840000061318,2.229199992143549
DynamicOnly_B10,JILONG_EI_0099,620,B10,55;25;52;60;101;180;27;78;29;252;32;148;186;58;218;87;90;176;211,0.1,19,124,19,0.1880144879815607,,False,0.8450764006791173,,,,,,19,0,56.23760000162292,2.5465000071562827,70.01049999962561,2.21869999950286
DynamicOnly_B10,JILONG_EI_0099,630,B10,55;25;52;60;101;180;27;29;78;32;252;148;186;218;58;190;87;176;90,0.1,19,125,19,0.176114739913164,,False,0.8526315789473684,,,,,,19,0,55.2458000020124,3.486199988401495,71.37130000046454,3.012700006365776
DynamicOnly_B10,JILONG_EI_0099,640,B10,55;25;52;60;101;180;27;78;29;32;252;148;186;58;218;87;176;90;178,0.1,19,124,19,0.1815056167729782,,False,0.8505942275042446,,,,,,19,0,55.1156000001356,2.657999997609295,71.01060000422876,2.242000002297573
DynamicOnly_B10,JILONG_EI_0099,650,B10,55;25;52;60;101;180;27;78;29;32;252;148;186;58;218;87;176;178;90,0.1,19,124,19,0.1815056167729782,,False,0.8501697792869269,,,,,,19,0,54.36180000833701,2.6103999989572912,70.63509999716189,2.287600000272505
DynamicOnly_B10,JILONG_EI_0099,660,B10,55;25;52;101;60;180;27;29;78;32;252;148;186;218;58;87;176;178;90,0.1,19,124,19,0.1815056167729782,,False,0.8544142614601019,,,,,,19,0,54.70269999932498,3.4964999940712005,69.94259999191854,2.324400003999472
DynamicOnly_B10,JILONG_EI_0099,670,B10,55;25;52;101;60;180;27;78;29;32;252;148;218;186;58;176;178;87;90,0.1,19,124,19,0.1815056167729782,,False,0.8595076400679118,,,,,,19,0,54.38970000250265,2.596799997263588,71.46839999768417,2.978599994094111
DynamicOnly_B10,JILONG_EI_0099,680,B10,55;25;52;60;101;180;27;78;29;32;252;148;186;218;58;178;176;87;90,0.1,19,124,19,0.1815056167729782,,False,0.8641765704584042,,,,,,19,0,54.577799994149245,2.626999994390644,70.03580000309739,2.235100007965229
DynamicOnly_B10,JILONG_EI_0099,690,B10,55;25;52;101;60;180;27;29;78;32;148;252;218;58;186;178;176;87;90,0.1,19,124,19,0.1815056167729782,,False,0.8650254668930392,,,,,,19,0,55.31530000735074,3.3207999949809164,70.56150000425987,2.230400001280941
DynamicOnly_B10,JILONG_EI_0099,700,B10,55;25;52;60;101;180;27;29;32;78;148;252;58;218;186;178;176;87;90,0.1,19,124,19,0.1815056167729782,,False,0.8650254668930392,,,,,,19,0,55.26980001013726,2.615299992612563,70.29380000312813,2.2551999863935634
DynamicOnly_B10,JILONG_EI_0099,710,B10,55;25;52;101;60;180;27;78;32;29;148;252;58;218;186;176;178;87;90,0.1,19,125,19,0.1815056167729782,,False,0.872421052631579,,,,,,19,0,54.44189999252558,2.639899990754202,70.23280000430532,2.239200010080822
DynamicOnly_B10,JILONG_EI_0099,720,B10,55;25;52;101;60;180;27;32;29;78;148;58;252;218;186;178;176;87;90,0.1,19,125,19,0.1815056167729782,,False,0.8745263157894738,,,,,,19,0,55.35519999102689,2.6259000005666167,70.51469999714755,2.267999996547587
DynamicOnly_B10,JILONG_EI_0099,730,B10,55;25;52;101;60;180;27;29;32;78;148;58;218;186;176;178;87;155;90,0.1,19,124,19,0.1844154650779915,,False,0.8675721561969439,,,,,,19,0,54.95179998979438,2.6463999965926632,72.49579999188427,2.3290000099223107
DynamicOnly_B10,JILONG_EI_0099,740,B10,55;25;52;101;60;180;27;78;32;29;148;58;218;186;176;178;87;155;90,0.1,19,124,19,0.1844154650779915,,False,0.8739388794567063,,,,,,19,0,55.68799999309704,2.761099996860139,72.37310000346042,2.297099999850616
DynamicOnly_B10,JILONG_EI_0099,750,B10,55;25;52;101;60;180;27;78;32;29;148;58;218;186;176;178;87;155;90,0.1,19,124,19,0.1844154650779915,,False,0.8743633276740238,,,,,,19,0,55.74700000579469,2.947200002381578,72.50990001193713,2.381700003752485
DynamicOnly_B10,JILONG_EI_0099,760,B10,55;25;52;101;60;180;27;78;32;29;148;58;218;186;176;178;87;155;90,0.1,19,124,19,0.1844154650779915,,False,0.8803056027164686,,,,,,19,0,55.73330000333954,2.56170000648126,70.559100000537,2.2379000001819804
DynamicOnly_B10,JILONG_EI_0099,770,B10,55;25;52;101;60;180;27;78;32;29;148;218;58;186;178;176;87;155;90,0.1,19,124,19,0.1844154650779915,,False,0.883276740237691,,,,,,19,0,54.80490000627469,2.571800010628067,70.03659999463707,2.7086000045528635
DynamicOnly_B10,JILONG_EI_0099,780,B10,55;25;52;101;180;60;27;32;29;78;148;58;176;186;218;178;87;155;90,0.1,19,124,19,0.1844154650779915,,False,0.8781833616298811,,,,,,19,0,54.42770000081509,2.6301000034436584,69.87379999191035,2.9860999929951504
DynamicOnly_B10,JILONG_EI_0099,790,B10,55;25;52;101;60;180;27;78;32;29;148;58;218;178;176;186;199;87;155,0.1,19,124,19,0.1852960770650351,,False,0.8926146010186757,,,,,,19,0,53.97790001006797,2.5965999957406893,69.95570000435691,2.254100007121451
DynamicOnly_B10,JILONG_EI_0099,800,B10,55;25;52;101;60;180;27;32;78;178;29;148;58;218;176;186;199;87;155,0.1,19,124,19,0.1852960770650351,,False,0.8943123938879457,,,,,,19,0,54.219500001636334,2.6373000000603497,70.1658000034513,2.3787000100128357
DynamicOnly_B10,JILONG_EI_0099,810,B10,55;25;52;101;180;60;27;178;32;78;29;148;58;176;186;218;199;155;87,0.1,19,124,19,0.1852960770650351,,False,0.8913412563667233,,,,,,19,0,54.55589998746291,2.69280000065919,71.09929999569431,2.251300000352785
DynamicOnly_B10,JILONG_EI_0099,820,B10,55;25;52;101;60;180;27;178;32;29;78;148;58;176;199;218;186;155;87,0.1,19,124,19,0.1852960770650351,,False,0.8951612903225806,,,,,,19,0,54.84720000822563,2.652800001669675,70.91629999922588,2.309499992406927
DynamicOnly_B10,JILONG_EI_0099,830,B10,55;25;52;101;60;180;27;178;32;78;148;29;58;176;218;199;186;155;87,0.1,19,124,19,0.1852960770650351,,False,0.8977079796264856,,,,,,19,0,54.78690000018105,2.6622000004863366,70.60089999868069,2.2766999900341034
DynamicOnly_B10,JILONG_EI_0099,840,B10,55;52;25;101;60;180;27;178;32;148;78;29;58;218;176;199;186;155;87,0.1,19,124,19,0.1852960770650351,,False,0.8985568760611207,,,,,,19,0,54.28100000426639,3.151900004013441,71.88909999968018,3.1952999997884035
DynamicOnly_B10,JILONG_EI_0099,850,B10,55;101;25;52;60;180;27;78;178;32;199;148;29;58;218;176;186;155;87,0.1,19,124,19,0.1852960770650351,,False,0.9011035653650254,,,,,,19,0,55.22570000903215,2.671499998541549,70.41440000466537,2.3485999990953133
DynamicOnly_B10,JILONG_EI_0099,860,B10,55;101;52;25;60;180;27;178;78;32;199;148;58;29;176;218;186;155;87,0.1,19,124,19,0.1852960770650351,,False,0.8977079796264856,,,,,,19,0,54.52220000734087,2.6602000143611804,71.10560000000987,2.282699992065318
DynamicOnly_B10,JILONG_EI_0099,870,B10,55;101;25;52;61;180;178;27;32;199;148;29;58;176;218;186;94;155;87,0.1,19,125,19,0.1875780107358087,,False,0.8825263157894735,,,,,,19,0,56.41690001357347,2.605100002256222,69.99429999268614,2.244599992991425
DynamicOnly_B10,JILONG_EI_0099,880,B10,55;101;52;25;180;60;27;178;32;62;199;148;58;29;218;176;186;94;155,0.1,19,125,19,0.1774777741191965,,False,0.902315789473684,,,,,,19,0,54.9310000060359,3.918200003681704,70.36939999670722,2.224600000772625
DynamicOnly_B10,JILONG_EI_0099,890,B10,55;101;52;25;61;178;27;180;32;148;199;58;218;176;29;186;94;155;87,0.1,19,124,19,0.1875780107358087,,False,0.8870967741935484,,,,,,19,0,54.24199999833945,3.762099993764423,69.75330000568647,2.264800001285039
DynamicOnly_B10,JILONG_EI_0099,900,B10,55;101;52;25;60;178;180;27;78;32;148;199;58;29;218;176;186;155;87,0.1,19,124,19,0.1852960770650351,,False,0.9002546689303905,,,,,,19,0,54.07670000568032,2.59060000826139,70.6868000124814,2.3467999999411404
DynamicOnly_B10,JILONG_EI_0099,910,B10,55;101;52;25;178;60;180;27;32;148;199;58;78;29;176;218;186;155;87,0.1,19,124,19,0.1852960770650351,,False,0.8994057724957557,,,,,,19,0,55.63679999613669,2.69950000802055,71.46780000766739,2.749000006588176
DynamicOnly_B10,JILONG_EI_0099,920,B10,101;55;52;25;178;60;180;27;32;199;148;58;78;29;176;186;218;155;87,0.1,19,124,19,0.1852960770650351,,False,0.9002546689303907,,,,,,19,0,55.53349999536295,2.705099992454052,72.19170000462327,2.493100007995963
DynamicOnly_B10,JILONG_EI_0099,930,B10,101;55;52;25;178;180;60;27;32;199;148;58;78;176;29;186;218;155;99,0.1,19,124,19,0.1853420220382721,,False,0.8985568760611207,,,,,,19,0,54.80089999036864,3.13649998861365,71.11540000187233,2.4923999881139025
DynamicOnly_B10,JILONG_EI_0099,940,B10,101;55;52;25;178;180;60;27;32;199;148;58;78;176;29;186;218;155;99,0.1,19,124,19,0.1853420220382721,,False,0.9002546689303905,,,,,,19,0,55.19290000665933,3.5200999991502613,71.20180000492837,2.846799994586036
DynamicOnly_B10,JILONG_EI_0099,950,B10,101;55;52;25;178;180;60;27;32;199;148;58;78;176;186;29;218;155;99,0.1,19,124,19,0.1853420220382721,,False,0.9053480475382004,,,,,,19,0,53.94349999551196,2.6547000015852973,70.54120000975672,2.4216999881900847
DynamicOnly_B10,JILONG_EI_0099,960,B10,101;55;52;25;178;60;180;27;62;32;199;148;58;218;176;186;29;94;155,0.1,19,125,19,0.1774777741191965,,False,0.9090526315789474,,,,,,19,0,54.51119999634102,2.628199988976121,70.38260000990704,2.276899991557002
DynamicOnly_B10,JILONG_EI_0099,970,B10,101;52;55;25;178;180;60;27;32;199;148;58;186;218;78;176;29;155;99,0.1,19,124,19,0.1853420220382721,,False,0.9066213921901528,,,,,,19,0,55.67919999884907,3.2947999861789867,70.72560000233352,2.272599987918511
DynamicOnly_B10,JILONG_EI_0099,980,B10,101;52;55;25;178;60;180;27;32;199;148;58;218;78;176;186;29;155;99,0.1,19,124,19,0.1853420220382721,,False,0.9078947368421052,,,,,,19,0,55.95579999499023,2.804399991873652,70.69779999437742,2.3065999994287267
DynamicOnly_B10,JILONG_EI_0099,990,B10,101;52;55;25;178;60;180;27;32;199;148;58;218;78;176;186;29;155;99,0.1,19,124,19,0.1853420220382721,,False,0.9070458404074704,,,,,,19,0,54.82710000069346,2.652199997100979,71.5139999956591,2.289800002472475
DynamicOnly_B10,JILONG_EI_0099,1000,B10,101;52;55;25;178;60;180;27;62;32;199;148;58;218;176;94;186;29;155,0.1,19,124,19,0.1774777741191965,,False,0.9117147707979626,,,,,,19,0,54.61700000159908,2.558399995905347,71.18430000264198,2.2693999926559627
DynamicOnly_B10,JILONG_EI_0099,1010,B10,101;52;55;25;178;180;60;27;32;199;148;58;94;176;218;186;29;155;99,0.1,19,123,19,0.1743305434524584,,False,0.9097133076593924,,,,,,19,0,54.502400002093054,3.132300000288524,70.56670000019949,2.27870000526309
DynamicOnly_B10,JILONG_EI_0099,1020,B10,101;52;25;55;178;60;180;27;32;199;148;62;58;218;94;176;186;29;155,0.1,19,124,19,0.1774777741191965,,False,0.91893039049236,,,,,,19,0,55.225999996764585,3.445500013185665,71.29049999639392,3.279700002167374
DynamicOnly_B10,JILONG_EI_0099,1030,B10,101;52;25;55;178;180;60;27;32;199;148;58;218;176;94;186;29;155;99,0.1,19,123,19,0.1743305434524584,,False,0.9109970047068892,,,,,,19,0,54.44560000614729,2.644099993631244,69.81739999901038,2.555600003688596
DynamicOnly_B10,JILONG_EI_0099,1040,B10,101;52;25;55;178;60;180;27;32;199;148;58;218;94;176;186;29;155;99,0.1,19,123,19,0.1743305434524584,,False,0.912280701754386,,,,,,19,0,57.12259998836089,2.590499992948025,71.77139999112114,2.2560999932466075
DynamicOnly_B10,JILONG_EI_0099,1050,B10,101;52;25;55;178;60;180;27;32;199;148;58;218;94;176;186;155;29;99,0.1,19,123,19,0.1743305434524584,,False,0.9114249037227216,,,,,,19,0,56.224700005259365,2.600199994049035,70.64370000443887,2.274799990118481
DynamicOnly_B10,JILONG_EI_0099,1060,B10,101;52;25;55;178;180;60;27;32;199;148;58;94;218;176;186;155;29;99,0.1,19,123,19,0.1743305434524584,,False,0.9131364997860506,,,,,,19,0,54.00730000110343,2.8218999941600487,70.31739999365527,2.2393999970518053
DynamicOnly_B10,JILONG_EI_0099,1070,B10,101;52;25;55;178;60;180;27;32;199;148;58;218;94;176;186;155;99;29,0.1,19,123,19,0.1743305434524584,,False,0.9139922978177152,,,,,,19,0,55.277099992963485,3.37289999879431,70.4944000026444,3.0254000012064357
DynamicOnly_B10,JILONG_EI_0099,1080,B10,101;52;25;55;178;60;180;27;32;199;148;94;58;218;186;176;155;99;29,0.1,19,123,19,0.1743305434524584,,False,0.9152759948652118,,,,,,19,0,54.95410000730772,3.274599992437288,70.60040000942536,2.299899992067367
DynamicOnly_B10,JILONG_EI_0099,1090,B10,101;52;25;55;178;60;180;27;32;199;148;94;58;218;186;176;155;99;29,0.1,19,123,19,0.1743305434524584,,False,0.9152759948652118,,,,,,19,0,54.38499999581836,2.567000003182329,70.60610000917222,2.2764000023016706
DynamicOnly_B10,JILONG_EI_0099,1100,B10,101;52;25;55;178;60;180;27;94;32;199;148;58;218;186;176;155;99;29,0.1,19,123,19,0.1743305434524584,,False,0.916987590928541,,,,,,19,0,54.83360000653192,2.949399990029633,70.04720000259113,2.261100002215244
DynamicOnly_B10,JILONG_EI_0099,1110,B10,101;52;25;55;178;94;60;180;27;32;199;148;58;218;186;176;155;99;29,0.1,19,123,19,0.1743305434524584,,False,0.916987590928541,,,,,,19,0,54.86390000442043,2.618300000904128,70.66349999513477,2.2025999933248386
DynamicOnly_B10,JILONG_EI_0099,1120,B10,101;52;178;25;55;62;94;180;27;60;32;199;148;58;218;186;176;155;99,0.1,19,124,19,0.1762678898239541,,False,0.9202037351443126,,,,,,19,0,54.32359999394976,2.555200000642799,75.14780000201426,3.210099996067584
DynamicOnly_B10,JILONG_EI_0099,1130,B10,101;52;25;178;55;94;180;27;32;199;62;148;60;58;218;186;176;155;99,0.1,19,124,19,0.1762678898239541,,False,0.9202037351443124,,,,,,19,0,54.75690000457689,2.858200008631684,71.20520000171382,2.501099996152334
DynamicOnly_B10,JILONG_EI_0099,1140,B10,27;101;52;25;178;55;94;180;32;199;148;60;218;58;186;155;176;99;141,0.1,19,123,19,0.1737409162959162,,False,0.9148480958493796,,,,,,19,0,54.32619999919552,2.590100004454144,70.84220000251662,3.4516000014264137
DynamicOnly_B10,JILONG_EI_0099,1150,B10,101;52;178;25;55;94;62;180;27;32;148;199;60;218;58;186;155;176;99,0.1,19,124,19,0.1762678898239541,,False,0.92062818336163,,,,,,19,0,55.145899998024106,2.6860999932978302,71.27239998953883,2.231699996627867
DynamicOnly_B10,JILONG_EI_0099,1160,B10,94;101;52;178;25;55;180;27;32;148;199;60;58;218;186;155;176;99;141,0.1,19,123,19,0.1737409162959162,,False,0.9152759948652118,,,,,,19,0,54.55929999880027,2.820800000336021,70.69480000063777,2.2393999970518053
DynamicOnly_B10,JILONG_EI_0099,1170,B10,94;101;52;178;25;55;180;27;32;148;199;60;218;58;186;155;99;176;141,0.1,19,123,19,0.1737409162959162,,False,0.9178433889602056,,,,,,19,0,54.868299994268455,2.6516999932937324,72.00260000536218,2.9873000021325424
DynamicOnly_B10,JILONG_EI_0099,1180,B10,94;101;52;178;25;55;180;27;32;148;199;60;218;58;186;155;99;176;141,0.1,19,123,19,0.1737409162959162,,False,0.9174154899443732,,,,,,19,0,54.61410000862088,3.1127999973250557,69.95080001070164,2.2363999887602404
DynamicOnly_B10,JILONG_EI_0099,1190,B10,94;101;52;178;25;55;180;32;60;27;148;199;218;58;155;186;99;176;141,0.1,19,123,19,0.1737409162959162,,False,0.9161317928968764,,,,,,19,0,55.52890000399202,2.582300003268756,71.17010001093149,2.301700005773455
DynamicOnly_B10,JILONG_EI_0099,1200,B10,94;101;52;25;178;55;180;32;148;27;199;60;218;58;155;186;99;176;141,0.1,19,123,19,0.1737409162959162,,False,0.9161317928968764,,,,,,19,0,55.54440000560135,2.5771999935386702,71.63069999660365,2.393700007814914
DynamicOnly_B10,JILONG_EI_0099,1210,B10,94;101;52;25;178;55;180;32;148;27;199;60;218;58;155;186;99;176;141,0.1,19,123,19,0.1737409162959162,,False,0.915703893881044,,,,,,19,0,55.73180000646971,2.676799995242618,72.3128999961773,2.347300003748387
DynamicOnly_B10,JILONG_EI_0099,1220,B10,94;101;52;25;178;55;62;180;148;32;60;27;199;218;58;155;186;99;176,0.1,19,124,19,0.1762678898239541,,False,0.9193548387096776,,,,,,19,0,55.38029999297578,2.650599999469705,71.78259998909198,2.5353999953949824
DynamicOnly_B10,JILONG_EI_0099,1230,B10,94;101;52;25;55;178;180;27;148;32;199;60;58;218;155;186;99;176;141,0.1,19,123,19,0.1737409162959162,,False,0.9131364997860506,,,,,,19,0,55.18919999303762,3.13139999343548,71.14299999375362,2.266700001200661
DynamicOnly_B10,JILONG_EI_0099,1240,B10,94;101;52;25;55;178;180;27;148;32;62;199;60;218;58;155;186;99;176,0.1,19,124,19,0.1762678898239541,,False,0.9185059422750426,,,,,,19,0,55.075600001146086,2.669399997103028,70.49179999739863,2.3509000020567328
DynamicOnly_B10,JILONG_EI_0099,1250,B10,94;101;52;25;55;178;62;180;27;148;32;199;218;60;58;155;186;99;176,0.1,19,124,19,0.1762678898239541,,False,0.9176570458404076,,,,,,19,0,55.01749999530148,2.61869998939801,70.4762999957893,2.266099996631965
DynamicOnly_B10,JILONG_EI_0099,1260,B10,94;101;52;25;55;178;62;180;27;148;32;199;60;218;58;155;186;99;176,0.1,19,124,19,0.1762678898239541,,False,0.91723259762309,,,,,,19,0,54.76869999256451,2.639199999975972,70.67430000461172,2.2591000015381724
DynamicOnly_B10,JILONG_EI_0099,1270,B10,94;101;52;25;55;178;27;180;148;32;199;60;218;58;155;186;99;176;141,0.1,19,123,19,0.1737409162959162,,False,0.90928540864356,,,,,,19,0,54.44989999523386,2.6390999992145225,70.42859999637585,2.2936000023037195
DynamicOnly_B10,JILONG_EI_0099,1280,B10,27;94;101;52;25;55;178;62;148;180;32;199;218;60;58;155;186;141;99,0.1,19,124,19,0.1781210037445153,,False,0.9180814940577248,,,,,,19,0,54.91469999833498,3.861700010020286,70.97390000126325,2.586300004622899
DynamicOnly_B10,JILONG_EI_0099,1290,B10,94;101;52;25;55;178;62;148;180;32;60;27;199;218;58;155;186;141;99,0.1,19,123,19,0.1781210037445153,,False,0.9169875909285408,,,,,,19,0,54.81600000348408,2.576200000476092,70.38040000770707,2.2261999984039
DynamicOnly_B10,JILONG_EI_0099,1300,B10,94;101;52;25;55;178;148;180;32;27;199;218;60;58;155;186;141;99;3,0.1,19,122,19,0.1744377483900115,,False,0.9081104400345126,,,,,,19,0,54.81159999908414,2.5944000080926344,70.3603000001749,2.2456000006059185
DynamicOnly_B10,JILONG_EI_0099,1310,B10,94;101;52;25;55;178;148;60;180;32;27;199;218;58;155;186;141;99;3,0.1,19,122,19,0.1744377483900115,,False,0.9102674719585848,,,,,,19,0,55.22280000150204,3.4053000126732518,70.9190000052331,3.0897000106051564
DynamicOnly_B10,JILONG_EI_0099,1320,B10,94;101;52;25;55;178;60;148;180;27;199;218;58;155;186;141;99;3;112,0.1,19,121,19,0.1745143233454066,,False,0.9047411918225317,,,,,,19,0,55.569000003742985,2.6211999938823283,70.63249999191612,2.2295999951893464
DynamicOnly_B10,JILONG_EI_0099,1330,B10,94;101;52;25;55;178;148;60;180;27;199;58;218;155;186;141;112;99;3,0.1,19,121,19,0.1745143233454066,,False,0.905611135276207,,,,,,19,0,54.95390000578482,2.584500005468726,70.103799997014,2.213600004324689
DynamicOnly_B10,JILONG_EI_0099,1340,B10,94;101;52;25;55;178;62;148;60;180;199;27;58;218;155;186;112;141;99,0.1,19,122,19,0.1781975786999104,,False,0.9102674719585848,,,,,,19,0,55.19369999819901,2.8710000042337924,70.93410000379663,2.661600010469556
DynamicOnly_B10,JILONG_EI_0099,1350,B10,94;101;52;25;55;178;60;149;180;199;27;218;58;155;186;141;112;99;3,0.1,19,122,19,0.1612745135575958,,False,0.900776531492666,,,,,,19,0,54.24630000197794,2.535899999202229,70.21059999533463,2.25720000162255
DynamicOnly_B10,JILONG_EI_0099,1360,B10,94;101;52;25;55;62;178;149;180;60;199;27;218;58;155;3;186;112;141,0.1,19,123,19,0.1644217442243339,,False,0.908857509627728,,,,,,19,0,54.38539999886416,2.556199993705377,70.06099999125581,2.2471999982371926
DynamicOnly_B10,JILONG_EI_0099,1370,B10,94;101;52;25;55;62;178;60;180;218;199;148;27;58;155;3;186;112;141,0.1,19,122,19,0.1776615540121447,,False,0.911130284728214,,,,,,19,0,54.47640000784304,3.4108999971067533,70.19729999592528,2.229699995950796
DynamicOnly_B10,JILONG_EI_0099,1380,B10,94;101;52;25;55;62;178;148;180;60;218;199;27;58;155;3;186;141;112,0.1,19,122,19,0.1776615540121447,,False,0.911130284728214,,,,,,19,0,54.08489999535959,2.543299997341819,71.29680000070948,2.2735000093234703
DynamicOnly_B10,JILONG_EI_0099,1390,B10,94;101;52;25;55;62;149;178;60;180;218;199;27;58;155;186;141;112;99,0.1,19,123,19,0.1649577689120996,,False,0.9037227214377406,,,,,,19,0,54.76410000119358,2.690000008442439,70.30419999500737,2.3299000022234395
DynamicOnly_B10,JILONG_EI_0099,1400,B10,94;101;52;25;55;62;178;60;180;218;148;199;58;27;155;141;112;186;99,0.1,19,122,19,0.1781975786999104,,False,0.9089732528041414,,,,,,19,0,54.74740000499878,2.970100002130493,70.4117999994196,2.2597999923164025
DynamicOnly_B10,JILONG_EI_0099,1410,B10,101;52;25;55;62;178;60;148;180;218;199;27;155;58;112;141;186;160;99,0.1,19,121,19,0.1666807054084891,,False,0.8995215311004784,,,,,,19,0,54.27839999902062,2.659299992956221,71.50710000132676,3.243799990741536
DynamicOnly_B10,JILONG_EI_0099,1420,B10,101;52;25;55;62;178;148;180;60;218;199;58;27;155;160;3;112;141;186,0.1,19,121,19,0.1661446807207234,,False,0.9112657677250976,,,,,,19,0,58.19529999280349,2.9826000100001693,69.65700000000652,2.6673000102164224
DynamicOnly_B10,JILONG_EI_0099,1430,B10,101;52;25;55;149;178;60;180;218;199;58;155;27;3;112;160;141;186;99,0.1,19,121,19,0.1497576402661745,,False,0.8990865593736406,,,,,,19,0,54.88500000501517,2.538600005209446,71.69779999821912,2.311999996891245
DynamicOnly_B10,JILONG_EI_0099,1440,B10,101;52;25;55;178;45;180;218;148;199;155;58;27;112;160;141;186;99;78,0.1,19,121,19,0.1845456425021632,,False,0.8916920400173989,,,,,,19,0,55.2797999989707,2.6439000066602603,72.52899999730289,2.2912999993423
DynamicOnly_B10,JILONG_EI_0109,10,B10,78;252;14;44;5;141;83;202;206;112;89;160;46;40;91;119;32;117;166,0.1,19,128,19,0.1088206691119602,,False,0.8885690789473685,,,,,,19,0,54.33430000266526,2.5846999924397096,70.54770000104327,2.2231000039028004
DynamicOnly_B10,JILONG_EI_0109,20,B10,77;79;141;14;42;46;252;174;44;231;23;128;89;202;32;70;229;206;101,0.1,19,126,19,0.1202609674479864,,False,0.879281537176274,,,,,,19,0,55.20829999295529,3.5170999908586964,70.35140000516549,2.249700002721511
DynamicOnly_B10,JILONG_EI_0109,30,B10,77;79;44;141;55;42;252;99;144;91;13;241;166;5;119;105;32;86;46,0.1,19,124,19,0.1249243822315473,,False,0.8438030560271649,,,,,,19,0,55.47239999577869,2.657400007592514,71.10980000288691,3.3897999965120107
DynamicOnly_B10,JILONG_EI_0109,40,B10,77;79;166;42;84;44;106;252;119;55;46;112;74;174;50;24;32;86;172,0.1,19,124,19,0.1231555007619208,,False,0.83276740237691,,,,,,19,0,54.37450000317767,2.6190000062342733,70.51469999714755,2.2883000056026503
DynamicOnly_B10,JILONG_EI_0109,50,B10,61;93;79;29;121;141;85;42;206;19;55;90;87;23;112;99;66;135;32,0.1,19,122,19,0.0961551714896126,,False,0.8554788610871441,,,,,,19,0,54.91510000138078,2.863200003048405,71.04779999644961,2.236899992567487
DynamicOnly_B10,JILONG_EI_0109,60,B10,61;93;79;42;29;206;141;91;135;176;5;55;172;66;251;88;174;32;117,0.1,19,121,19,0.1033685322878299,,False,0.8599391039582427,,,,,,19,0,55.23899999388959,2.7588000084506348,72.19110000005458,3.191499999957159
DynamicOnly_B10,JILONG_EI_0109,70,B10,60;79;93;29;27;141;89;70;252;56;25;49;91;218;120;190;117;177;171,0.1,19,121,19,0.1420618572489681,,False,0.8164419312744671,,,,,,19,0,55.97829999169335,2.896599995438009,69.8607000085758,2.221100003225729
DynamicOnly_B10,JILONG_EI_0109,80,B10,44;77;79;46;42;141;56;13;219;34;252;89;32;101;70;135;91;66;209,0.1,19,121,19,0.1430879616512623,,False,0.82557633753806,,,,,,19,0,54.20939999748953,2.6050000014947727,69.86849999520928,2.256799998576753
DynamicOnly_B10,JILONG_EI_0109,90,B10,28;61;79;93;206;42;14;141;49;10;88;252;135;56;91;192;174;86;36,0.1,19,121,19,0.1174047216117496,,False,0.8155719878207917,,,,,,19,0,54.37489999167156,2.551200013840571,71.74310000846162,2.374100004089996
DynamicOnly_B10,JILONG_EI_0109,100,B10,28;61;79;93;42;14;141;10;70;91;190;120;89;252;49;176;40;19;5,0.1,19,122,19,0.1155056627179514,,False,0.8270060396893874,,,,,,19,0,55.83559999649879,2.674099989235401,71.66760000109207,2.366699991398491
DynamicOnly_B10,JILONG_EI_0109,110,B10,28;60;46;93;26;141;252;206;91;56;89;70;32;120;172;20;117;229;203,0.1,19,121,19,0.1230789258065257,,False,0.8316659417137887,,,,,,19,0,55.595600002561696,2.701699995668605,71.36640000680927,2.4556999997003004
DynamicOnly_B10,JILONG_EI_0109,120,B10,28;60;93;46;252;26;90;55;32;206;203;14;229;104;4;141;135;66;217,0.1,19,121,19,0.0910169919826021,,False,0.8260113092648977,,,,,,19,0,54.47249999269843,2.5698000099509954,70.45559999824036,2.441999997245148
DynamicOnly_B10,JILONG_EI_0109,130,B10,27;61;93;14;25;101;251;55;202;32;104;229;176;74;141;106;112;171;4,0.1,19,120,19,0.1278801755097977,,False,0.8074561403508772,,,,,,19,0,54.46460000530351,2.667799999471754,70.21859999804292,2.205400000093505
DynamicOnly_B10,JILONG_EI_0109,140,B10,27;61;94;25;252;202;101;29;89;55;141;57;176;91;34;229;174;215;32,0.1,19,119,19,0.1464878896708042,,False,0.8257408226448474,,,,,,19,0,54.621599992970005,2.62990000192076,69.79470000078436,2.422699995804578
DynamicOnly_B10,JILONG_EI_0109,150,B10,27;61;25;94;29;252;202;101;55;106;229;87;211;132;170;3;74;32;206,0.1,19,119,19,0.1695292937491864,,False,0.8204334365325077,,,,,,19,0,55.15359999844805,2.778900001430884,71.43999999971129,3.7807000044267625
DynamicOnly_B10,JILONG_EI_0109,160,B10,26;28;60;78;101;40;235;106;3;232;32;70;203;14;211;229;171;119;132,0.1,19,116,19,0.180027720133853,,False,0.7885662431941923,,,,,,19,0,55.029000010108575,3.445800000918098,70.76430000597611,2.3892000026535243
DynamicOnly_B10,JILONG_EI_0109,170,B10,26;28;58;60;78;40;232;106;186;235;101;229;4;70;112;211;32;179;156,0.1,19,116,19,0.1845226700155447,,False,0.794010889292196,,,,,,19,0,55.22120000387076,3.426800001761876,70.48850000137463,2.245099996798672
DynamicOnly_B10,JILONG_EI_0109,180,B10,25;27;45;58;77;56;106;232;101;229;88;186;70;132;99;179;218;112;172,0.1,19,116,19,0.1678905897037315,,False,0.79491833030853,,,,,,19,0,54.42790000233799,2.5674999924376607,70.07370000064839,3.2315999997081235
DynamicOnly_B10,JILONG_EI_0109,190,B10,25;27;45;78;58;56;101;70;88;233;106;202;229;179;99;51;3;132;174,0.1,19,117,19,0.1796754753390356,,False,0.7890238416554205,,,,,,19,0,54.86210000526626,2.5840000016614795,70.46829999308102,2.271499994094484
DynamicOnly_B10,JILONG_EI_0109,200,B10,25;27;60;94;56;101;89;58;29;99;186;233;229;251;119;87;5;121;50,0.1,19,117,19,0.1202303374658284,,False,0.7998200629779576,,,,,,19,0,54.65610000828747,2.551899990066886,70.02899999497458,2.837099993485026
DynamicOnly_B10,JILONG_EI_0109,210,B10,24;26;28;60;56;94;101;88;90;99;58;216;186;50;251;119;160;229;70,0.1,19,120,19,0.1457757425856299,,False,0.8052631578947369,,,,,,19,0,54.94780000299215,2.599500003270805,70.39829999848735,4.054099990753457
DynamicOnly_B10,JILONG_EI_0109,220,B10,24;26;28;56;60;94;88;101;233;58;251;119;50;106;186;70;99;219;20,0.1,19,121,19,0.1409821503778974,,False,0.8051326663766856,,,,,,19,0,54.8175000003539,2.628200003528036,71.5764000051422,2.2973000013735145
DynamicOnly_B10,JILONG_EI_0109,230,B10,40;26;45;101;88;94;58;251;119;233;186;70;91;50;215;172;160;99;52,0.1,19,122,19,0.1390984064751782,,False,0.7842968075927523,,,,,,19,0,54.63980000058655,3.010000000358559,72.24880000285339,2.9887999990023677
DynamicOnly_B10,JILONG_EI_0109,240,B10,40;26;101;45;94;71;89;251;58;186;135;51;91;172;233;209;219;206;99,0.1,19,123,19,0.1373678124832492,,False,0.7903294822421908,,,,,,19,0,54.89590000070166,3.570200002286583,70.51579999097157,2.2360000002663583
DynamicOnly_B10,JILONG_EI_0109,250,B10,55;41;27;23;101;45;94;88;251;135;186;233;172;219;91;51;99;112;133,0.1,19,122,19,0.1366786378846934,,False,0.7877480586712684,,,,,,19,0,55.26419999659993,2.6381999923614785,71.64579999516718,2.3556999949505557
DynamicOnly_B10,JILONG_EI_0109,260,B10,55;25;27;94;23;101;45;89;58;186;251;232;135;36;99;91;172;112;66,0.1,19,122,19,0.1274666707506642,,False,0.7993960310612597,,,,,,19,0,55.39179999323096,2.676100004464388,71.30460000189487,2.696800002013333
DynamicOnly_B10,JILONG_EI_0109,270,B10,26;55;24;60;94;101;28;58;186;89;251;135;232;66;36;91;112;3;99,0.1,19,122,19,0.1369696227151947,,False,0.7963761863675582,,,,,,19,0,54.60050000692718,2.682399994228035,72.01580000401009,3.340299997944385
DynamicOnly_B10,JILONG_EI_0109,280,B10,26;40;71;77;101;45;58;251;89;186;135;232;66;36;91;112;133;144;99,0.1,19,121,19,0.1564885788454028,,False,0.7746846454980426,,,,,,19,0,54.30460000934545,2.5507999962428585,70.05000000935979,2.236200001789257
DynamicOnly_B10,JILONG_EI_0109,290,B10,26;40;71;60;101;94;28;58;186;252;135;89;133;36;232;66;144;112;91,0.1,19,120,19,0.1664662955333828,,False,0.7929824561403509,,,,,,19,0,54.43350000132341,3.0226999951992184,70.24190000083763,2.265700008138083
DynamicOnly_B10,JILONG_EI_0109,300,B10,26;40;70;60;101;94;28;58;186;133;135;252;72;36;66;232;90;144;240,0.1,19,120,19,0.1824245162377193,,False,0.7912280701754387,,,,,,19,0,54.08859999442939,2.5517999893054366,71.34930000756867,2.323799999430776
DynamicOnly_B10,JILONG_EI_0109,310,B10,40;26;70;60;101;94;28;58;133;186;135;72;252;36;240;90;66;172;232,0.1,19,120,19,0.1815745342328338,,False,0.7951754385964912,,,,,,19,0,55.23159999575,2.642600011313334,71.6553000092972,2.2597999923164025
DynamicOnly_B10,JILONG_EI_0109,320,B10,40;26;60;70;101;94;28;133;58;186;135;172;72;36;252;46;240;90;66,0.1,19,120,19,0.1825776661485094,,False,0.8021929824561403,,,,,,19,0,55.42789999162778,2.681700003449805,71.44260000495706,2.3815000022295862
DynamicOnly_B10,JILONG_EI_0109,330,B10,40;26;60;70;101;94;28;133;58;186;135;36;72;90;46;240;217;252;66,0.1,19,120,19,0.1819650665053487,,False,0.7999999999999999,,,,,,19,0,54.26509999961127,2.744700002949685,71.05329999467358,2.2772000083932653
DynamicOnly_B10,JILONG_EI_0109,340,B10,40;26;70;60;101;28;94;133;58;186;135;46;90;240;36;217;72;176;180,0.1,19,120,19,0.1949598364358953,,False,0.8004385964912281,,,,,,19,0,54.34209998929873,2.650999987963587,70.94989999313839,2.291900003910996
DynamicOnly_B10,JILONG_EI_0109,350,B10,40;26;70;60;101;94;28;133;58;186;46;135;90;240;180;217;36;72;176,0.1,19,120,19,0.1949598364358953,,False,0.8065789473684211,,,,,,19,0,54.7666000056779,2.613700009533204,69.85559999884572,3.648699988843873
DynamicOnly_B10,JILONG_EI_0109,360,B10,40;60;26;70;101;28;93;133;186;58;135;46;180;90;240;217;176;36;32,0.1,19,120,19,0.184783024863888,,False,0.8087719298245615,,,,,,19,0,53.88439999660477,2.5888999953167517,69.91580000612885,2.2394999978132546
DynamicOnly_B10,JILONG_EI_0109,370,B10,40;26;70;60;101;28;78;133;186;58;46;180;135;90;217;240;32;176;88,0.1,19,120,19,0.2020200473233224,,False,0.8127192982456141,,,,,,19,0,55.14789999870118,3.038599999854341,70.33210000372492,2.311800009920262
DynamicOnly_B10,JILONG_EI_0109,380,B10,40;70;26;60;101;28;78;240;133;186;58;46;180;135;90;217;32;176;88,0.1,19,120,19,0.2020200473233224,,False,0.8175438596491229,,,,,,19,0,55.613399992580526,2.6230000075884163,70.50100000924431,2.314099998329766
DynamicOnly_B10,JILONG_EI_0109,390,B10,40;70;26;60;28;101;78;133;180;186;58;46;135;90;217;240;32;172;176,0.1,19,120,19,0.2022267997028891,,False,0.8162280701754385,,,,,,19,0,55.92870000691619,2.888100003474392,69.98380000004545,2.4511999945389107
DynamicOnly_B10,JILONG_EI_0109,400,B10,40;70;26;60;28;101;78;180;133;186;58;46;135;90;217;240;32;176;88,0.1,19,120,19,0.2020200473233224,,False,0.8157894736842105,,,,,,19,0,54.76130000897683,2.591500000562519,70.03090000944212,2.201199997216463
DynamicOnly_B10,JILONG_EI_0109,410,B10,56;70;26;60;28;101;78;24;180;133;186;58;135;217;46;90;32;240;176,0.1,19,120,19,0.2039267637126601,,False,0.8315789473684211,,,,,,19,0,54.48439999599941,2.6246000052196905,70.093900008942,2.415900002233684
DynamicOnly_B10,JILONG_EI_0109,420,B10,56;70;60;26;28;101;24;78;180;133;186;58;135;217;90;32;252;176;240,0.1,19,120,19,0.2027934543728128,,False,0.8342105263157895,,,,,,19,0,56.08679998840671,2.66909999481868,70.64689999970142,2.6412000006530434
DynamicOnly_B10,JILONG_EI_0109,430,B10,56;70;93;26;60;28;101;24;180;133;186;58;135;217;32;90;252;176;240,0.1,19,121,19,0.1814137268265041,,False,0.8377555458895172,,,,,,19,0,54.89270000543911,2.6527000009082258,70.41120000940282,2.5147999986074865
DynamicOnly_B10,JILONG_EI_0109,440,B10,56;70;26;93;60;28;101;24;180;133;186;58;190;32;252;217;135;172;90,0.1,19,123,19,0.16401589696074,,False,0.8459563543003852,,,,,,19,0,54.34659999446012,2.636900011566468,70.85560000268742,2.2708999895257875
DynamicOnly_B10,JILONG_EI_0109,450,B10,56;70;26;60;28;101;24;180;133;78;186;58;252;32;217;135;90;176;172,0.1,19,121,19,0.1839789878322396,,False,0.8390604610700304,,,,,,19,0,54.31990000943188,2.749399995082058,70.58339999639429,2.335700002731756
DynamicOnly_B10,JILONG_EI_0109,460,B10,56;70;26;60;28;93;101;24;180;133;186;58;252;32;217;135;90;176;215,0.1,19,122,19,0.169238308918685,,False,0.8386540120793787,,,,,,19,0,54.80889999307692,2.6802999927895144,70.52009999461006,2.265699993586168
DynamicOnly_B10,JILONG_EI_0109,470,B10,56;70;26;60;28;101;180;24;133;78;186;58;252;190;32;217;135;172;90,0.1,19,122,19,0.1853956245070487,,False,0.8485763589301123,,,,,,19,0,54.7863999963738,2.849299999070354,70.84129999566358,2.390399997239001
DynamicOnly_B10,JILONG_EI_0109,480,B10,56;70;26;60;93;28;101;180;24;133;186;58;252;32;217;135;90;199;172,0.1,19,123,19,0.1632807773889471,,False,0.8416773641420624,,,,,,19,0,55.27320000692271,2.745800011325628,70.72590000461787,2.37129999732133
DynamicOnly_B10,JILONG_EI_0109,490,B10,56;70;26;60;28;101;180;24;133;186;78;58;252;32;120;217;90;199;172,0.1,19,122,19,0.1831060333407355,,False,0.8425366695427092,,,,,,19,0,55.5123999947682,2.6347999955760315,70.92820000252686,2.2250000038184226
DynamicOnly_B10,JILONG_EI_0109,500,B10,56;70;26;60;28;180;101;24;133;78;186;58;252;120;32;217;90;199;172,0.1,19,122,19,0.1831060333407355,,False,0.8438308886971527,,,,,,19,0,56.11609999323264,2.6151999918511137,70.70100000419188,2.2504999942611903
DynamicOnly_B10,JILONG_EI_0109,510,B10,56;70;26;60;28;180;93;101;24;133;186;58;252;32;120;217;199;90;172,0.1,19,124,19,0.1617263057944268,,False,0.8501697792869269,,,,,,19,0,54.97800000011921,2.6593000075081363,71.70449999102857,3.1521999917458743
DynamicOnly_B10,JILONG_EI_0109,520,B10,70;56;26;60;28;180;101;24;133;78;186;58;252;32;120;217;199;90;172,0.1,19,123,19,0.1831060333407355,,False,0.8489516474112109,,,,,,19,0,54.72920001193416,2.645199987455271,70.1305999973556,2.248399992822669
DynamicOnly_B10,JILONG_EI_0109,530,B10,70;56;26;60;180;28;101;24;133;186;78;58;252;32;135;217;199;90;99,0.1,19,123,19,0.1845839299798607,,False,0.8472400513478819,,,,,,19,0,54.41409999912139,2.6670999941416085,70.29959998908453,2.2552000009454787
DynamicOnly_B10,JILONG_EI_0109,540,B10,70;56;26;180;60;28;101;24;133;186;78;58;252;135;32;199;217;90;99,0.1,19,123,19,0.1845839299798607,,False,0.8463842533162174,,,,,,19,0,54.722999993828125,2.646299995831214,70.16390000353567,2.8328000043984503
DynamicOnly_B10,JILONG_EI_0109,550,B10,70;56;26;180;60;28;101;24;133;186;78;58;252;135;199;32;217;90;68,0.1,19,123,19,0.1922490830149091,,False,0.8459563543003852,,,,,,19,0,56.2361000047531,3.140700006042607,70.86210000852589,2.212599996710196
DynamicOnly_B10,JILONG_EI_0109,560,B10,70;56;26;180;60;101;28;24;133;186;58;78;252;199;135;32;217;172;90,0.1,19,123,19,0.1846605049352558,,False,0.8493795464270432,,,,,,19,0,54.61069999728352,2.663399995071813,72.02150000375696,3.0624999926658347
DynamicOnly_B10,JILONG_EI_0109,570,B10,70;56;180;26;60;101;28;24;133;186;78;58;252;199;135;32;217;90;3,0.1,19,123,19,0.1840479052920951,,False,0.8485237483953787,,,,,,19,0,55.00170000595972,4.222299990942702,70.44729999324773,2.335700002731756
DynamicOnly_B10,JILONG_EI_0109,580,B10,70;56;180;26;60;101;28;24;133;186;58;78;252;199;135;190;32;217;3,0.1,19,124,19,0.1856636368509315,,False,0.8548387096774194,,,,,,19,0,55.18899999151472,2.6261000020895158,70.16760000260547,2.280599990626797
DynamicOnly_B10,JILONG_EI_0109,590,B10,70;56;180;26;60;101;28;24;133;186;58;190;78;252;199;135;32;217;172,0.1,19,125,19,0.1862762364940922,,False,0.8597894736842107,,,,,,19,0,54.8034999956144,2.6251999952364717,70.4157000000123,2.238600005512126
DynamicOnly_B10,JILONG_EI_0109,600,B10,70;56;180;26;60;101;28;24;133;186;58;78;252;199;135;32;217;3;99,0.1,19,124,19,0.1854798569579833,,False,0.8535653650254671,,,,,,19,0,55.37839999306016,2.65650000073947,70.5766000028234,2.330999996047467
DynamicOnly_B10,JILONG_EI_0109,610,B10,70;56;180;26;60;101;24;28;133;186;58;78;199;135;32;217;3;99;68,0.1,19,123,19,0.1944544417302877,,False,0.8485237483953788,,,,,,19,0,55.92410000099335,2.6562999992165715,72.75009999284521,2.701999997952953
DynamicOnly_B10,JILONG_EI_0109,620,B10,70;56;180;26;60;101;24;28;133;186;58;78;199;135;32;217;3;68;99,0.1,19,123,19,0.1944544417302877,,False,0.8523748395378691,,,,,,19,0,54.95689999952447,3.46989999525249,69.76320000831038,2.2709000040777028
DynamicOnly_B10,JILONG_EI_0109,630,B10,70;56;180;26;101;60;24;28;133;186;78;58;199;135;217;32;3;68;99,0.1,19,123,19,0.1944544417302877,,False,0.8528027385537014,,,,,,19,0,55.16839999472722,2.590000003692694,71.63769999169745,3.670999998576008
DynamicOnly_B10,JILONG_EI_0109,640,B10,70;56;180;26;101;60;24;28;133;78;186;58;199;135;217;32;3;68;99,0.1,19,123,19,0.1944544417302877,,False,0.8575096277278562,,,,,,19,0,54.40090000047349,2.649499991093762,69.71169999451376,2.4116999993566424
DynamicOnly_B10,JILONG_EI_0109,650,B10,70;56;180;26;101;61;24;28;133;58;186;199;135;217;32;3;99;68;94,0.1,19,123,19,0.1967363754010613,,False,0.847240051347882,,,,,,19,0,54.54279998957645,3.38470000133384,70.24689999525435,2.265699993586168
DynamicOnly_B10,JILONG_EI_0109,660,B10,70;56;180;26;101;60;24;28;133;58;78;186;199;217;32;135;3;99;68,0.1,19,123,19,0.1944544417302877,,False,0.8609328198545144,,,,,,19,0,54.369899997254834,2.659799996763468,70.80499999574386,2.563700007158332
DynamicOnly_B10,JILONG_EI_0109,670,B10,70;56;180;26;101;60;24;28;133;58;78;186;199;3;135;32;217;68;99,0.1,19,123,19,0.1944544417302877,,False,0.8652118100128369,,,,,,19,0,54.02229999890551,2.673699986189604,70.04089999827556,2.251500001875684
DynamicOnly_B10,JILONG_EI_0109,680,B10,70;56;180;26;101;60;24;28;133;58;78;186;199;68;3;32;217;135;99,0.1,19,123,19,0.1944544417302877,,False,0.8699186991869918,,,,,,19,0,54.34539999987464,2.642999999807216,69.61580000643153,2.274700003908947
DynamicOnly_B10,JILONG_EI_0109,690,B10,70;56;180;26;101;60;24;28;133;68;78;58;186;199;3;32;217;135;99,0.1,19,123,19,0.1944544417302877,,False,0.8754813863928113,,,,,,19,0,54.59860000701156,2.6313999987905845,71.77629999932833,2.7039999986300245
DynamicOnly_B10,JILONG_EI_0109,700,B10,70;56;180;26;101;60;24;68;133;28;78;58;186;199;190;3;217;32;99,0.1,19,124,19,0.1937269796540343,,False,0.8807300509337861,,,,,,19,0,55.022400003508665,2.573599995230325,71.3370000012219,3.2936999923549592
DynamicOnly_B10,JILONG_EI_0109,710,B10,70;56;180;26;101;60;24;68;133;28;58;78;186;199;3;217;32;99;135,0.1,19,123,19,0.1944544417302877,,False,0.8767650834403081,,,,,,19,0,55.748300001141615,2.7261000068392605,72.21620000200346,2.32980000146199
DynamicOnly_B10,JILONG_EI_0109,720,B10,70;56;180;26;101;68;24;60;133;28;58;78;186;199;3;217;32;99;135,0.1,19,123,19,0.1944544417302877,,False,0.8784766795036372,,,,,,19,0,55.20509999769274,2.733700006501749,71.48350001079962,2.42689999868162
DynamicOnly_B10,JILONG_EI_0109,730,B10,70;56;180;26;101;68;24;60;133;28;190;58;78;199;186;3;217;32;99,0.1,19,124,19,0.1937269796540343,,False,0.8832767402376911,,,,,,19,0,55.30160000489559,3.155700003844686,71.04609999805689,2.30990001000464
DynamicOnly_B10,JILONG_EI_0109,740,B10,70;56;180;26;101;68;24;60;133;28;58;78;199;186;3;217;32;99;135,0.1,19,123,19,0.1944544417302877,,False,0.8789045785194695,,,,,,19,0,55.59229999198578,2.828099997714162,70.45149999612477,2.85210000583902
DynamicOnly_B10,JILONG_EI_0109,750,B10,70;56;180;26;101;68;60;24;133;58;28;78;199;186;3;217;99;32;135,0.1,19,123,19,0.1944544417302877,,False,0.8814719726144629,,,,,,19,0,54.37309999251738,2.600100007839501,70.60559999081306,2.6890000008279458
DynamicOnly_B10,JILONG_EI_0109,760,B10,70;56;180;26;101;68;24;60;133;58;28;78;199;186;3;217;99;32;135,0.1,19,123,19,0.1944544417302877,,False,0.8827556696619598,,,,,,19,0,57.180300005711615,2.8920000040670857,71.8670999922324,3.037600006791763
DynamicOnly_B10,JILONG_EI_0109,770,B10,70;56;180;26;101;68;60;24;133;58;78;28;199;186;3;217;32;99;135,0.1,19,123,19,0.1944544417302877,,False,0.8789045785194695,,,,,,19,0,55.79719999514055,3.419700005906634,70.2607999992324,2.353199990466237
DynamicOnly_B10,JILONG_EI_0109,780,B10,70;56;180;26;101;68;24;60;133;58;78;199;28;186;3;217;99;32;135,0.1,19,123,19,0.1944544417302877,,False,0.8831835686777921,,,,,,19,0,54.89140001009218,2.5962999934563413,70.32930001150817,2.6027999992948025
DynamicOnly_B10,JILONG_EI_0109,790,B10,70;56;180;26;101;68;24;60;133;58;78;199;28;186;3;217;99;32;147,0.1,19,123,19,0.1924864653766339,,False,0.8806161745827986,,,,,,19,0,54.09950000466779,2.6085999998031184,70.75080000504386,2.1908000053372234
DynamicOnly_B10,JILONG_EI_0109,800,B10,70;56;180;26;101;68;24;60;133;58;78;199;28;190;186;3;217;99;32,0.1,19,124,19,0.1937269796540343,,False,0.8904923599320884,,,,,,19,0,54.19520000577904,2.557100000558421,70.1971000089543,2.4682999937795103
DynamicOnly_B10,JILONG_EI_0109,810,B10,70;56;180;26;101;68;24;60;133;58;78;199;28;186;190;3;217;147;99,0.1,19,124,19,0.1935278847700071,,False,0.8917657045840408,,,,,,19,0,54.19580001034774,2.561399989644997,70.67810000444297,2.2195000055944547
DynamicOnly_B10,JILONG_EI_0109,820,B10,70;180;56;26;101;68;24;60;133;78;58;199;28;186;3;217;147;32;99,0.1,19,123,19,0.1924864653766339,,False,0.8806161745827984,,,,,,19,0,54.75639998621773,2.575299993623048,70.47539998893626,2.43649999902118
DynamicOnly_B10,JILONG_EI_0109,830,B10,70;180;56;26;101;68;24;133;60;58;199;78;28;186;3;217;99;147;32,0.1,19,123,19,0.1924864653766339,,False,0.8793324775353016,,,,,,19,0,54.437600003439,2.6354000001447275,70.09149999066722,2.259899993077852
DynamicOnly_B10,JILONG_EI_0109,840,B10,70;180;56;26;101;68;24;60;133;58;199;78;28;186;3;217;32;99;147,0.1,19,123,19,0.1924864653766339,,False,0.8861788617886178,,,,,,19,0,54.63210000016261,2.9408999980660155,70.67349999852013,2.25279999722261
DynamicOnly_B10,JILONG_EI_0109,850,B10,70;180;56;26;101;68;24;60;133;58;199;78;28;186;3;217;99;147;32,0.1,19,123,19,0.1924864653766339,,False,0.8844672657252888,,,,,,19,0,54.40160000580363,3.5472000017762184,70.17459999769926,2.2473999997600917
DynamicOnly_B10,JILONG_EI_0109,860,B10,70;180;26;56;101;68;24;133;60;58;199;78;28;186;3;217;147;99;32,0.1,19,123,19,0.1924864653766339,,False,0.8844672657252888,,,,,,19,0,54.00220000592526,3.216900004190393,70.40959999721963,2.264099995954893
DynamicOnly_B10,JILONG_EI_0109,870,B10,70;26;180;56;101;68;24;60;133;58;199;78;28;186;3;217;147;32;99,0.1,19,124,19,0.1924864653766339,,False,0.8870967741935483,,,,,,19,0,54.92330000561197,2.678099990589544,71.49070000741631,3.1749000045238063
DynamicOnly_B10,JILONG_EI_0109,880,B10,70;26;180;56;101;68;24;133;58;199;78;60;186;28;3;217;147;99;32,0.1,19,124,19,0.1924864653766339,,False,0.8875212224108658,,,,,,19,0,54.61399999330752,2.597099999547936,71.53529999777675,2.5655000063125044
DynamicOnly_B10,JILONG_EI_0109,890,B10,70;26;180;101;56;68;24;133;199;58;78;60;186;28;3;217;147;99;32,0.1,19,124,19,0.1924864653766339,,False,0.8887945670628183,,,,,,19,0,54.92670000239741,2.671599999302998,71.29279999935534,2.3674999974900857
DynamicOnly_B10,JILONG_EI_0109,900,B10,70;26;180;101;56;61;68;24;133;199;58;186;28;3;217;147;94;99;32,0.1,19,124,19,0.1947683990474075,,False,0.8781833616298812,,,,,,19,0,54.56990000675432,3.0497999978251755,71.70179999957327,3.1766000029165298
DynamicOnly_B10,JILONG_EI_0109,910,B10,70;26;101;180;56;68;24;60;133;199;58;78;186;28;190;3;217;147;99,0.1,19,125,19,0.1935278847700071,,False,0.8930526315789473,,,,,,19,0,54.12639999121893,2.904900000430644,69.95560000359546,2.2831000096630305
DynamicOnly_B10,JILONG_EI_0109,920,B10,70;101;26;180;56;68;24;133;199;58;78;60;186;28;3;147;217;32;99,0.1,19,124,19,0.1924864653766339,,False,0.8875212224108657,,,,,,19,0,54.93009999918286,3.602400000090711,71.09130000753794,2.4444000009680167
DynamicOnly_B10,JILONG_EI_0109,930,B10,70;101;26;180;56;68;24;199;133;58;78;60;190;186;28;3;147;217;99,0.1,19,125,19,0.1935278847700071,,False,0.8926315789473684,,,,,,19,0,56.46900000283495,2.6778000028571114,70.62199999927543,2.790899990941398
DynamicOnly_B10,JILONG_EI_0109,940,B10,70;101;26;180;56;68;24;199;133;58;60;78;186;28;3;147;217;99;32,0.1,19,124,19,0.1924864653766339,,False,0.8879456706281834,,,,,,19,0,54.511900001671165,2.684499995666556,71.81059999857098,2.446800004690885
DynamicOnly_B10,JILONG_EI_0109,950,B10,70;101;26;180;56;68;24;199;58;133;78;60;28;186;3;190;147;217;99,0.1,19,125,19,0.1935278847700071,,False,0.8934736842105263,,,,,,19,0,55.072800008929335,3.474500001175329,71.14909999654628,2.3913999903015792
DynamicOnly_B10,JILONG_EI_0109,960,B10,70;101;26;180;56;68;24;199;133;60;58;78;186;28;3;147;217;99;32,0.1,19,124,19,0.1924864653766339,,False,0.8887945670628185,,,,,,19,0,56.82849998993333,3.5696000122698024,71.74379999923985,2.3462999961338937
DynamicOnly_B10,JILONG_EI_0109,970,B10,70;101;26;180;56;68;24;199;133;58;78;60;28;186;3;147;217;99;32,0.1,19,124,19,0.1924864653766339,,False,0.8930390492359933,,,,,,19,0,54.83690000255592,2.6849999994738027,70.10599999921396,2.2702999995090067
DynamicOnly_B10,JILONG_EI_0109,980,B10,70;101;26;180;56;68;24;199;133;58;60;78;186;28;3;217;147;32;212,0.1,19,124,19,0.1950364113912903,,False,0.8870967741935486,,,,,,19,0,54.89590000070166,3.232300005038269,69.68780000170227,2.3874999897088856
DynamicOnly_B10,JILONG_EI_0109,990,B10,70;101;26;180;56;68;24;199;58;133;60;78;186;28;3;217;147;32;212,0.1,19,124,19,0.1950364113912903,,False,0.8862478777589134,,,,,,19,0,54.22260001068935,2.7402999985497445,70.25849999627098,3.226100001484156
DynamicOnly_B10,JILONG_EI_0109,1000,B10,70;101;26;56;180;68;24;199;58;133;60;78;186;28;3;217;147;212;32,0.1,19,124,19,0.1950364113912903,,False,0.885823429541596,,,,,,19,0,54.49209999642335,2.69730000582058,70.5593000020599,2.2690000041620806
DynamicOnly_B10,JILONG_EI_0109,1010,B10,70;101;26;180;56;68;24;199;58;133;60;78;186;28;3;217;147;212;32,0.1,19,124,19,0.1950364113912903,,False,0.8909168081494059,,,,,,19,0,54.938799992669374,3.343400006997399,69.85179999901447,2.231200007372536
DynamicOnly_B10,JILONG_EI_0109,1020,B10,70;101;26;180;56;68;24;199;58;133;60;78;186;28;3;217;147;212;32,0.1,19,124,19,0.1950364113912903,,False,0.8921901528013583,,,,,,19,0,54.53179999312852,2.725699989241548,70.72039999184199,2.275000006193295
DynamicOnly_B10,JILONG_EI_0109,1030,B10,70;101;26;180;56;68;24;199;58;133;60;78;186;28;3;217;147;212;32,0.1,19,124,19,0.1950364113912903,,False,0.8896434634974535,,,,,,19,0,54.883800010429695,2.6717000000644475,70.63550000020768,2.3286000068765134
DynamicOnly_B10,JILONG_EI_0109,1040,B10,70;101;26;56;180;68;24;199;58;133;60;78;186;28;3;190;217;212;147,0.1,19,125,19,0.1960778307846635,,False,0.8947368421052632,,,,,,19,0,56.61499999405351,2.587599999969825,70.33980000414886,3.0076000111876056
DynamicOnly_B10,JILONG_EI_0109,1050,B10,70;101;26;180;56;68;24;199;77;58;133;186;28;3;217;212;147;32;99,0.1,19,124,19,0.1824857762020353,,False,0.8790322580645162,,,,,,19,0,54.94609999004752,2.629399998113513,69.91930000367574,2.565400005551055
DynamicOnly_B10,JILONG_EI_0109,1060,B10,70;101;26;180;56;68;24;199;58;133;60;94;186;28;3;217;212;147;32,0.1,19,124,19,0.1840249328054766,,False,0.8921901528013583,,,,,,19,0,54.55939999956172,2.556300009018741,70.49589999951422,2.6535000069998205
DynamicOnly_B10,JILONG_EI_0109,1070,B10,70;101;26;180;56;68;24;199;58;133;94;60;186;3;28;217;212;147;32,0.1,19,124,19,0.1840249328054766,,False,0.8913412563667233,,,,,,19,0,55.59980000543874,3.044400000362657,70.68879999860656,2.295600002980791
DynamicOnly_B10,JILONG_EI_0109,1080,B10,70;101;26;180;56;68;24;199;58;133;94;60;3;186;28;217;212;147;32,0.1,19,124,19,0.1840249328054766,,False,0.8930390492359933,,,,,,19,0,54.98369999986608,3.64330000593327,70.29669999610633,2.258200009237044
DynamicOnly_B10,JILONG_EI_0109,1090,B10,70;101;26;180;56;68;24;199;58;133;60;94;3;186;28;217;212;147;32,0.1,19,124,19,0.1840249328054766,,False,0.8947368421052632,,,,,,19,0,54.16860000696033,2.673999988473952,69.62699998985045,2.22760000906419
DynamicOnly_B10,JILONG_EI_0109,1100,B10,70;101;26;180;56;68;24;199;58;133;94;60;3;186;28;217;212;147;32,0.1,19,124,19,0.1840249328054766,,False,0.8934634974533108,,,,,,19,0,54.85840000619646,2.963700011605397,70.33810000575613,2.3424000100931157
DynamicOnly_B10,JILONG_EI_0109,1110,B10,70;101;26;180;56;68;24;199;58;133;94;60;3;186;28;217;212;147;32,0.1,19,124,19,0.1840249328054766,,False,0.896434634974533,,,,,,19,0,56.02240000735037,3.037900009076111,69.55049998941831,2.998500000103377
DynamicOnly_B10,JILONG_EI_0109,1120,B10,70;101;26;180;56;24;68;199;58;133;94;3;186;60;28;212;217;190;147,0.1,19,125,19,0.1850663521988498,,False,0.8981052631578945,,,,,,19,0,54.49720000615344,2.5908000097842887,70.62630000291392,2.2806999913882464
DynamicOnly_B10,JILONG_EI_0109,1130,B10,70;101;26;180;56;24;68;199;58;133;94;3;186;60;28;217;212;147;32,0.1,19,124,19,0.1840249328054766,,False,0.8977079796264856,,,,,,19,0,54.94869999529328,2.6249999937135726,71.82230000034906,2.235200008726679
DynamicOnly_B10,JILONG_EI_0109,1140,B10,70;101;26;180;56;24;68;199;58;133;94;60;3;186;28;212;217;147;32,0.1,19,124,19,0.1840249328054766,,False,0.8985568760611207,,,,,,19,0,54.76100000669248,2.626600005896762,70.72709999920335,2.23579999874346
DynamicOnly_B10,JILONG_EI_0109,1150,B10,70;101;26;180;56;24;68;199;58;133;94;3;186;44;212;217;147;32;5,0.1,19,124,19,0.184346547618136,,False,0.8917657045840407,,,,,,19,0,55.05429999902845,3.646700002718717,69.8400999972364,2.223599993158132
DynamicOnly_B10,JILONG_EI_0109,1160,B10,70;101;26;180;56;24;68;58;199;133;94;44;186;3;217;212;32;147;119,0.1,19,124,19,0.1836114280463431,,False,0.8896434634974533,,,,,,19,0,55.93830000725575,2.6446000119904056,71.17870000365656,2.249700002721511
DynamicOnly_B10,JILONG_EI_0109,1170,B10,70;101;26;180;24;56;68;199;58;133;94;44;186;3;217;212;147;32;119,0.1,19,124,19,0.1836114280463431,,False,0.8909168081494059,,,,,,19,0,55.02279999200255,2.590999996755272,71.41699999920093,3.189299997757189
DynamicOnly_B10,JILONG_EI_0109,1180,B10,70;101;26;180;56;24;68;58;199;94;133;44;186;3;217;212;32;147;119,0.1,19,124,19,0.1836114280463431,,False,0.8951612903225806,,,,,,19,0,55.66859999089502,2.7053999947384,71.80089999746997,2.2693000064464286
DynamicOnly_B10,JILONG_EI_0109,1190,B10,70;101;26;180;56;24;68;94;58;199;133;44;186;3;217;212;32;147;119,0.1,19,124,19,0.1836114280463431,,False,0.8909168081494059,,,,,,19,0,58.19609999889508,2.670999994734302,72.36459999694489,2.829999997629784
DynamicOnly_B10,JILONG_EI_0109,1200,B10,70;101;26;180;24;56;68;94;58;199;133;44;3;186;217;212;190;32;147,0.1,19,125,19,0.1852577895873375,,False,0.897263157894737,,,,,,19,0,57.39280000852887,3.0658999894512817,72.04430000274442,2.543800001149066
DynamicOnly_B10,JILONG_EI_0109,1210,B10,70;101;26;180;24;56;68;94;58;199;133;44;2;186;217;212;32;147;119,0.1,19,125,19,0.1826389261128255,,False,0.8922105263157893,,,,,,19,0,54.836299997987226,3.392699989490211,71.4663999970071,2.2262000129558146
DynamicOnly_B10,JILONG_EI_0109,1220,B10,70;101;26;94;180;24;56;68;58;199;133;44;2;186;217;212;32;147;119,0.1,19,125,19,0.1826389261128255,,False,0.8917894736842105,,,,,,19,0,54.70160000550095,3.3595999993849546,70.16360000125133,2.2234000061871484
DynamicOnly_B10,JILONG_EI_0109,1230,B10,70;101;94;26;180;24;56;68;58;199;133;44;186;3;217;212;32;119;147,0.1,19,124,19,0.1836114280463431,,False,0.8930390492359933,,,,,,19,0,54.11949999688659,3.0864000000292435,70.274600002449,2.2105999960331246
DynamicOnly_B10,JILONG_EI_0109,1240,B10,70;101;94;26;24;180;56;68;58;199;133;44;186;3;217;212;32;119;147,0.1,19,124,19,0.1836114280463431,,False,0.8904923599320884,,,,,,19,0,54.171099996892735,3.0687999969813973,70.4911000066204,2.2545000101672485
DynamicOnly_B10,JILONG_EI_0109,1250,B10,70;101;94;26;24;180;56;68;58;199;133;44;2;186;212;217;32;119;147,0.1,19,125,19,0.1826389261128255,,False,0.8930526315789473,,,,,,19,0,54.83889998868108,3.4023000043816864,70.47759999113623,2.3027000133879483
DynamicOnly_B10,JILONG_EI_0109,1260,B10,70;101;94;26;24;180;56;68;58;199;133;44;186;3;212;217;32;119;178,0.1,19,124,19,0.1902428191835578,,False,0.8926146010186757,,,,,,19,0,55.91169999388512,2.719700001762249,70.39649999933317,2.2409000084735453
DynamicOnly_B10,JILONG_EI_0109,1270,B10,70;101;94;26;24;180;56;68;58;44;199;133;186;3;212;217;32;178;119,0.1,19,125,19,0.1902428191835578,,False,0.8938947368421054,,,,,,19,0,54.00639999425039,2.6288999943062663,69.98050000402145,2.249799988931045
DynamicOnly_B10,JILONG_EI_0109,1280,B10,70;101;94;26;24;180;56;68;58;44;133;199;203;3;212;217;178;32;119,0.1,19,125,19,0.1907099264114678,,False,0.897263157894737,,,,,,19,0,54.25070000637788,2.578699990408495,70.60399999318179,2.266299998154864
DynamicOnly_B10,JILONG_EI_0109,1290,B10,70;101;94;26;180;24;56;68;58;44;133;199;203;3;212;178;217;32;119,0.1,19,125,19,0.1907099264114678,,False,0.8985263157894736,,,,,,19,0,54.93109999224544,2.6728999946499243,70.42650000948925,2.242700007627718
DynamicOnly_B10,JILONG_EI_0109,1300,B10,70;101;94;26;180;24;68;56;58;44;133;199;178;3;212;217;32;186;119,0.1,19,124,19,0.1902428191835578,,False,0.8985568760611207,,,,,,19,0,54.94380000163801,2.589800002169796,70.48239999858197,2.5016999861691147
DynamicOnly_B10,JILONG_EI_0109,1310,B10,70;94;101;26;180;24;68;56;58;44;133;199;203;3;212;178;217;32;119,0.1,19,125,19,0.1907099264114678,,False,0.9027368421052632,,,,,,19,0,55.23470000480302,2.6320000033592805,70.80249999125954,2.3763000062899664
DynamicOnly_B10,JILONG_EI_0109,1320,B10,70;94;101;26;24;180;68;56;58;44;133;199;178;212;3;217;32;186;190,0.1,19,125,19,0.1918891807245522,,False,0.9023157894736844,,,,,,19,0,55.10420000064187,2.751500011072494,70.76210000377614,2.355300006456673
DynamicOnly_B10,JILONG_EI_0109,1330,B10,70;94;101;26;24;180;68;56;58;133;44;199;178;2;212;186;217;32;206,0.1,19,124,19,0.1896302195403971,,False,0.9002546689303905,,,,,,19,0,54.46990000200458,2.590199990663677,69.96229999640491,2.4905999889597297
DynamicOnly_B10,JILONG_EI_0109,1340,B10,70;94;101;26;24;180;68;56;58;133;44;199;178;2;212;32;186;217;206,0.1,19,124,19,0.1896302195403971,,False,0.9070458404074704,,,,,,19,0,54.23080000036862,2.6704999909270555,71.67990000743885,2.918199999839999
DynamicOnly_B10,JILONG_EI_0109,1350,B10,70;94;101;26;24;180;68;56;58;133;44;178;199;212;32;186;3;217;206,0.1,19,123,19,0.1906027214739147,,False,0.9139922978177152,,,,,,19,0,56.5531999891391,3.683099988847971,70.77339998795651,3.047400008654222
DynamicOnly_B10,JILONG_EI_0109,1360,B10,70;94;101;26;24;180;68;56;58;133;178;44;199;206;2;212;32;186;217,0.1,19,124,19,0.1896302195403971,,False,0.9185059422750426,,,,,,19,0,54.63749999762513,2.603600005386397,71.83869999425951,2.980699995532632
DynamicOnly_B10,JILONG_EI_0109,1370,B10,70;94;101;26;24;180;68;56;58;178;133;44;199;212;32;186;217;3;135,0.1,19,122,19,0.1926166428008055,,False,0.909404659188956,,,,,,19,0,56.2190000055125,2.5628000003052875,70.42720000026748,2.228199999080971
DynamicOnly_B10,JILONG_EI_0109,1380,B10,70;94;101;24;26;180;68;56;178;58;133;44;199;203;212;32;217;3;158,0.1,19,123,19,0.1970043877449441,,False,0.9118528027385536,,,,,,19,0,56.331200001295656,2.642300009028986,70.58460000553168,2.249699988169596
DynamicOnly_B10,JILONG_EI_0109,1390,B10,70;94;101;24;26;180;68;56;178;58;133;44;203;199;212;32;217;3;158,0.1,19,123,19,0.1970043877449441,,False,0.9139922978177148,,,,,,19,0,55.27540000912268,3.329500003019348,69.85470000654459,2.2290000051725656
DynamicOnly_B10,JILONG_EI_0109,1400,B10,70;94;101;24;26;180;68;178;56;133;58;44;199;2;212;32;217;190;186,0.1,19,125,19,0.1909166787910346,,False,0.911157894736842,,,,,,19,0,54.32599999767263,2.5902000052155927,70.38519998604897,2.294999998412095
DynamicOnly_B10,JILONG_EI_0109,1410,B10,94;70;101;24;26;180;178;68;56;133;58;44;2;199;212;32;186;217;135,0.1,19,124,19,0.1916441408672879,,False,0.9146859083191852,,,,,,19,0,54.778499994426966,2.651299990247935,70.26269999914803,2.265200004330836
DynamicOnly_B10,JILONG_EI_0109,1420,B10,94;70;101;24;26;180;178;68;56;133;58;44;212;199;32;186;217;3;135,0.1,19,124,19,0.1926166428008055,,False,0.911290322580645,,,,,,19,0,54.447399990749545,2.614800003357232,70.65949999378063,2.265499992063269
DynamicOnly_B10,JILONG_EI_0109,1430,B10,94;70;101;24;26;180;178;68;56;133;58;44;212;199;32;217;186;2;158,0.1,19,124,19,0.1955647785835164,,False,0.91383701188455,,,,,,19,0,55.27720000827685,2.817000000504777,70.73419999505859,2.3397000040858984
DynamicOnly_B10,JILONG_EI_0109,1440,B10,94;70;101;24;26;178;180;68;56;133;58;44;2;212;199;32;217;186;66,0.1,19,124,19,0.1931220375064131,,False,0.9134125636672328,,,,,,19,0,54.71390001184773,2.666000000317581,70.94609999330714,2.25720000162255
DynamicOnly_B10,JILONG_EI_0119,10,B10,78;44;252;14;141;5;55;117;166;91;202;86;25;83;206;112;192;46;32,0.1,19,128,19,0.139802896064813,,False,0.8947368421052632,,,,,,19,0,54.70109998714179,2.679199998965487,70.24289999390021,2.4784999986877665
DynamicOnly_B10,JILONG_EI_0119,20,B10,77;79;141;14;44;46;42;174;252;55;192;101;231;128;203;23;32;241;87,0.1,19,127,19,0.1279644079607323,,False,0.8843762950683796,,,,,,19,0,54.17180000222288,3.0470999918179587,70.12160000158474,2.2342000011121854
DynamicOnly_B10,JILONG_EI_0119,30,B10,77;79;141;44;55;91;46;42;99;13;252;174;144;88;32;5;166;86;112,0.1,19,125,19,0.1189132482330329,,False,0.8517894736842105,,,,,,19,0,56.68789999617729,2.647200002684258,69.73119999747723,2.2634000051766634
DynamicOnly_B10,JILONG_EI_0119,40,B10,77;79;44;42;84;166;46;112;252;40;91;88;174;141;86;119;121;32;50,0.1,19,125,19,0.1206974446937384,,False,0.8332631578947368,,,,,,19,0,54.37470000470057,3.0091000080574304,70.3782000055071,2.221200003987178
DynamicOnly_B10,JILONG_EI_0119,50,B10,61;93;79;14;121;166;28;206;56;141;85;112;26;5;87;19;83;176;50,0.1,19,123,19,0.1166696020399568,,False,0.8575096277278562,,,,,,19,0,54.170999996131286,2.584400004707277,70.7271999999648,3.0750000005355105
DynamicOnly_B10,JILONG_EI_0119,60,B10,61;93;79;29;42;141;5;206;91;55;172;86;135;66;117;251;88;24;32,0.1,19,120,19,0.1322296329762388,,False,0.8429824561403508,,,,,,19,0,54.8036999971373,2.708799991523847,71.26199999765959,2.3564000002807006
DynamicOnly_B10,JILONG_EI_0119,70,B10,60;93;29;27;25;56;252;70;141;33;117;66;91;218;3;172;89;52;128,0.1,19,119,19,0.1332404223874539,,False,0.8199911543564794,,,,,,19,0,55.910600000061095,2.5587999989511445,69.87659999867901,2.2356999979820102
DynamicOnly_B10,JILONG_EI_0119,80,B10,44;77;46;25;14;203;141;56;172;32;252;34;85;91;66;99;117;165;58,0.1,19,118,19,0.1334165447848626,,False,0.8104371097234613,,,,,,19,0,54.430599993793294,2.6480999949853867,70.00119998701848,2.258399996208027
DynamicOnly_B10,JILONG_EI_0119,90,B10,44;77;46;26;206;14;141;55;252;33;85;91;57;172;66;88;99;36;165,0.1,19,118,19,0.1268693860985826,,False,0.8010704727921499,,,,,,19,0,55.12000000453554,2.574600002844818,70.04490001418162,2.2719999979017302
DynamicOnly_B10,JILONG_EI_0119,100,B10,28;61;26;93;91;141;70;190;56;34;120;252;101;88;58;32;99;14;155,0.1,19,118,19,0.1394429937744561,,False,0.7957181088314007,,,,,,19,0,54.69069999526255,3.073999992921017,70.4288999986602,2.2535999887622893
DynamicOnly_B10,JILONG_EI_0119,110,B10,28;60;26;93;141;46;252;70;91;206;56;33;101;120;99;155;202;66;5,0.1,19,118,19,0.1283779127198658,,False,0.8090990187332738,,,,,,19,0,54.63410000083968,2.6852000009967014,70.14530000742525,2.2409999946830794
DynamicOnly_B10,JILONG_EI_0119,120,B10,28;60;93;26;252;33;56;206;101;202;66;20;70;141;90;14;88;135;58,0.1,19,118,19,0.127673423130231,,False,0.8157894736842105,,,,,,19,0,54.648900011670776,2.8165000112494454,70.82969999464694,2.2788000060245395
DynamicOnly_B10,JILONG_EI_0119,130,B10,27;61;93;29;25;56;101;251;202;88;32;70;90;155;66;23;233;4;112,0.1,19,117,19,0.1418780773560199,,False,0.8097165991902834,,,,,,19,0,54.44710000301711,2.616199999465607,70.54059999063611,2.290699994773604
DynamicOnly_B10,JILONG_EI_0119,140,B10,27;61;93;56;25;14;101;202;141;252;155;91;32;233;176;229;132;70;104,0.1,19,116,19,0.154474657518512,,False,0.8135208711433757,,,,,,19,0,54.91610000899527,3.349200007505715,70.32719999551773,2.3631000076420605
DynamicOnly_B10,JILONG_EI_0119,150,B10,27;61;93;25;56;29;202;101;252;229;132;104;32;155;91;70;241;4;174,0.1,19,118,19,0.1643681417555574,,False,0.8086529884032113,,,,,,19,0,54.7733999992488,2.6922999968519434,70.39340000483207,2.2825999913038686
DynamicOnly_B10,JILONG_EI_0119,160,B10,26;28;60;93;56;101;14;252;32;202;3;106;70;172;229;132;232;206;211,0.1,19,118,19,0.1468324769700821,,False,0.808206958073149,,,,,,19,0,54.59569999948144,2.591500000562519,71.36459999310318,3.576999995857477
DynamicOnly_B10,JILONG_EI_0119,170,B10,26;28;60;56;93;101;232;106;219;70;32;3;186;211;14;252;112;132;179,0.1,19,117,19,0.1591687022842309,,False,0.7863247863247862,,,,,,19,0,54.15839998750016,2.6058000075863674,70.29929998680018,3.0287999979918823
DynamicOnly_B10,JILONG_EI_0119,180,B10,26;28;60;40;93;106;101;71;232;186;132;58;218;99;229;179;32;4;112,0.1,19,117,19,0.158808799993874,,False,0.7980206927575347,,,,,,19,0,55.51510000077542,2.6482999965082854,71.74559999839403,2.291900003910996
DynamicOnly_B10,JILONG_EI_0119,190,B10,25;27;45;56;77;101;70;58;229;105;202;132;99;179;4;233;170;112;252,0.1,19,118,19,0.1747287332205129,,False,0.7917038358608386,,,,,,19,0,54.96280000079423,2.8348000050755218,70.69900000351481,2.231600010418333
DynamicOnly_B10,JILONG_EI_0119,200,B10,25;27;45;56;94;101;89;229;70;99;233;202;121;132;51;4;251;170;91,0.1,19,118,19,0.1605087640036449,,False,0.7765388046387155,,,,,,19,0,55.11070000648033,2.786299999570474,70.65430001239292,2.419600001303479
DynamicOnly_B10,JILONG_EI_0119,210,B10,41;27;45;55;77;101;88;99;229;51;186;90;216;4;251;148;155;174;160,0.1,19,118,19,0.1537931404154957,,False,0.7707404103479036,,,,,,19,0,55.17460001283325,2.8079000039724638,71.52060000225902,2.480800001649186
DynamicOnly_B10,JILONG_EI_0119,220,B10,24;26;28;55;60;94;101;88;57;99;50;229;216;90;155;135;251;112;186,0.1,19,119,19,0.1360660382415327,,False,0.8040689960194604,,,,,,19,0,54.46420000225771,2.745900012087077,70.23779999872204,2.231500009656884
DynamicOnly_B10,JILONG_EI_0119,230,B10,40;26;28;77;101;88;58;70;233;251;50;112;155;186;135;148;106;20;99,0.1,19,119,19,0.1629515050807483,,False,0.7722246793454224,,,,,,19,0,55.00130000291392,3.021399999852292,70.13129998813383,2.2760000138077885
DynamicOnly_B10,JILONG_EI_0119,240,B10,40;26;101;45;77;88;70;251;58;112;135;148;186;20;217;99;229;219;52,0.1,19,119,19,0.1619560306606121,,False,0.787704555506413,,,,,,19,0,54.311200001393445,3.4497000015107915,70.39259999874048,2.261799992993474
DynamicOnly_B10,JILONG_EI_0119,250,B10,41;55;27;101;94;45;88;251;112;20;217;135;148;186;74;52;229;219;99,0.1,19,120,19,0.1468477919611611,,False,0.7916666666666666,,,,,,19,0,55.11309999565128,2.934299991466105,70.2653000043938,2.3233999963849783
DynamicOnly_B10,JILONG_EI_0119,260,B10,24;26;55;101;77;45;88;112;251;20;148;57;135;186;229;217;52;99;219,0.1,19,121,19,0.1514422892848665,,False,0.7929534580252282,,,,,,19,0,54.3413999985205,2.6408000121591613,70.3747000079602,2.313100005267188
DynamicOnly_B10,JILONG_EI_0119,270,B10,25;55;27;101;77;45;23;88;148;20;112;251;57;229;186;135;52;206;217,0.1,19,121,19,0.1574917107610784,,False,0.8007829491083079,,,,,,19,0,54.95439999504015,3.5367000091355294,70.15110000793356,2.309499992406927
DynamicOnly_B10,JILONG_EI_0119,280,B10,25;55;27;101;77;45;23;148;88;20;57;112;186;206;251;229;52;135;217,0.1,19,121,19,0.1574917107610784,,False,0.7986080904741192,,,,,,19,0,54.6541000076104,2.6073000044561923,70.26720000430942,2.2319999989122152
DynamicOnly_B10,JILONG_EI_0119,290,B10,25;55;77;27;101;45;23;148;20;57;251;186;88;112;52;229;206;218;32,0.1,19,121,19,0.1558376917245445,,False,0.8020878642888212,,,,,,19,0,54.676500003552064,2.708500003791414,70.12309999845456,2.2336999973049387
DynamicOnly_B10,JILONG_EI_0119,300,B10,25;55;101;27;77;45;23;148;20;112;57;218;186;52;251;206;229;32;88,0.1,19,121,19,0.1558376917245445,,False,0.8038277511961722,,,,,,19,0,54.33460000494961,2.527100004954264,70.58290000713896,2.239000008557923
DynamicOnly_B10,JILONG_EI_0119,310,B10,25;55;77;101;27;45;23;148;20;112;218;57;186;52;32;251;206;229;105,0.1,19,120,19,0.15497239472858,,False,0.8083333333333332,,,,,,19,0,54.5169000106398,2.6463999965926632,72.27610000700224,2.2713000071235
DynamicOnly_B10,JILONG_EI_0119,320,B10,25;55;77;101;27;45;20;23;148;218;186;57;112;52;32;251;206;180;229,0.1,19,120,19,0.1712752027321944,,False,0.8096491228070175,,,,,,19,0,54.48219999379944,2.626199988299049,70.35239999822807,2.2806000051787123
DynamicOnly_B10,JILONG_EI_0119,330,B10,55;25;101;27;77;45;20;23;148;218;112;186;32;57;52;180;206;251;105,0.1,19,120,19,0.1690928165034343,,False,0.8127192982456141,,,,,,19,0,54.42860000766814,2.592499993625097,69.7138000105042,2.256599997053854
DynamicOnly_B10,JILONG_EI_0119,340,B10,55;25;101;27;77;20;45;23;148;218;112;186;32;52;180;57;206;105;135,0.1,19,119,19,0.1715968175448537,,False,0.8089340999557717,,,,,,19,0,54.80340000940487,2.6310999965062365,70.19990000117105,2.2350999934133142
DynamicOnly_B10,JILONG_EI_0119,350,B10,55;25;61;101;27;20;94;148;23;29;218;52;32;186;180;112;57;206;105,0.1,19,119,19,0.1813601243577275,,False,0.8160106147722245,,,,,,19,0,54.804400002467446,2.642300009028986,70.59359998675063,2.289800002472475
DynamicOnly_B10,JILONG_EI_0119,360,B10,55;25;20;101;27;77;45;148;23;52;14;180;218;32;186;112;57;206;105,0.1,19,119,19,0.1699121685261618,,False,0.8146837682441397,,,,,,19,0,54.29579998599365,3.441699998802505,70.10680000530556,2.220800000941381
DynamicOnly_B10,JILONG_EI_0119,370,B10,55;25;20;101;27;60;94;148;52;180;23;218;29;32;186;112;57;105;206,0.1,19,119,19,0.1680667121011402,,False,0.8199911543564793,,,,,,19,0,55.12010000529699,3.7453999975696206,71.44679999328218,3.031500003999099
DynamicOnly_B10,JILONG_EI_0119,380,B10,55;25;20;60;101;27;78;52;148;180;23;218;29;32;186;112;57;206;105,0.1,19,119,19,0.1790781906869539,,False,0.8213180008845642,,,,,,19,0,54.935000007390045,4.207300007692538,69.93450000300072,2.2772999946027994
DynamicOnly_B10,JILONG_EI_0119,390,B10,55;25;93;20;101;27;60;52;180;148;23;218;29;112;186;32;57;105;66,0.1,19,121,19,0.1611902811066612,,False,0.8229665071770335,,,,,,19,0,54.173199998331256,3.1832999957259744,70.05799999751616,2.286599992658012
DynamicOnly_B10,JILONG_EI_0119,400,B10,55;25;93;20;101;27;60;52;180;148;23;218;29;32;112;186;57;105;66,0.1,19,121,19,0.1611902811066612,,False,0.8264462809917356,,,,,,19,0,54.72929999814369,3.015300011611544,70.27880000532605,2.3206000041682278
DynamicOnly_B10,JILONG_EI_0119,410,B10,55;20;25;101;77;27;45;52;180;148;23;218;32;112;186;57;66;172;105,0.1,19,120,19,0.1742539684970633,,False,0.8271929824561404,,,,,,19,0,54.4270999962464,2.577300008852035,70.37940000009257,2.8156999906059355
DynamicOnly_B10,JILONG_EI_0119,420,B10,55;20;25;93;101;27;45;52;180;148;23;218;32;112;186;172;66;57;252,0.1,19,121,19,0.1576142306897106,,False,0.8316659417137886,,,,,,19,0,55.06930001138244,2.84099999407772,73.4260000026552,3.185000008670613
DynamicOnly_B10,JILONG_EI_0119,430,B10,55;20;25;101;27;45;52;77;180;148;23;218;32;186;172;112;252;66;57,0.1,19,120,19,0.1739400111799434,,False,0.837280701754386,,,,,,19,0,55.31780001183506,2.6140999980270863,70.62620000215247,2.5650000025052577
DynamicOnly_B10,JILONG_EI_0119,440,B10,55;20;25;93;101;27;45;52;180;148;23;218;32;112;186;172;252;66;57,0.1,19,121,19,0.1576142306897106,,False,0.841670291431057,,,,,,19,0,55.25169998873025,2.7563000039663166,71.12619999679737,2.3197999980766326
DynamicOnly_B10,JILONG_EI_0119,450,B10,55;20;25;93;101;27;45;52;180;148;23;218;32;186;190;172;112;252;66,0.1,19,122,19,0.1584795276856751,,False,0.8446937014667818,,,,,,19,0,54.63959999906365,2.612600001157261,70.45280000602361,2.2692999918945134
DynamicOnly_B10,JILONG_EI_0119,460,B10,55;20;25;101;27;52;45;77;180;148;23;218;32;112;190;186;172;252;66,0.1,19,121,19,0.1748053081759079,,False,0.8555893866898652,,,,,,19,0,54.8891999933403,2.6218999992124736,71.93029999325518,3.0438999965554103
DynamicOnly_B10,JILONG_EI_0119,470,B10,55;20;25;101;77;27;52;45;180;148;23;32;218;112;190;186;66;252;172,0.1,19,121,19,0.1748053081759079,,False,0.8599391039582427,,,,,,19,0,54.79880000348203,2.616800004034303,70.24250000540633,2.324100001715124
DynamicOnly_B10,JILONG_EI_0119,480,B10,55;20;25;101;27;52;77;45;180;148;23;32;218;112;66;190;186;252;172,0.1,19,121,19,0.1748053081759079,,False,0.8634188777729448,,,,,,19,0,54.55789998813998,2.573299992945977,71.81580000906251,2.372500006458722
DynamicOnly_B10,JILONG_EI_0119,490,B10,55;20;25;101;27;52;45;180;77;148;23;66;32;218;112;190;252;186;172,0.1,19,121,19,0.1748053081759079,,False,0.8642888212266202,,,,,,19,0,54.6506000100635,2.64469999819994,70.66019999911077,2.2470999974757437
DynamicOnly_B10,JILONG_EI_0119,500,B10,55;20;25;101;52;27;45;180;94;66;148;23;218;32;112;190;252;186;172,0.1,19,121,19,0.1688477766461701,,False,0.8668986515876467,,,,,,19,0,54.1598999989219,2.5768999912543222,70.34580000618007,2.3338999890256678
DynamicOnly_B10,JILONG_EI_0119,510,B10,55;20;25;101;52;27;180;66;60;148;23;78;218;32;112;190;252;186;172,0.1,19,121,19,0.1819880389919672,,False,0.8668986515876469,,,,,,19,0,54.47549998643808,3.4516000014264137,69.46079999033827,2.33279999520164
DynamicOnly_B10,JILONG_EI_0119,520,B10,55;20;25;101;52;27;66;180;60;78;148;23;218;32;112;190;252;186;172,0.1,19,121,19,0.1819880389919672,,False,0.8686385384949978,,,,,,19,0,54.04800000542309,2.612199998111464,70.23169999592938,2.21869999950286
DynamicOnly_B10,JILONG_EI_0119,530,B10,55;20;25;101;52;66;27;180;60;78;148;23;218;32;112;252;190;186;172,0.1,19,121,19,0.1819880389919672,,False,0.8708133971291867,,,,,,19,0,54.43370000284631,2.6618000119924545,70.48859998758417,2.2520000056829304
DynamicOnly_B10,JILONG_EI_0119,540,B10,55;20;25;101;52;66;180;27;60;78;148;23;218;32;112;252;190;186;172,0.1,19,121,19,0.1819880389919672,,False,0.8773379730317529,,,,,,19,0,55.47019999357872,3.2177999964915216,70.80330001190305,2.371099995798432
DynamicOnly_B10,JILONG_EI_0119,550,B10,55;20;25;101;52;66;180;27;60;78;148;23;218;32;112;252;190;186;172,0.1,19,121,19,0.1819880389919672,,False,0.8764680295780776,,,,,,19,0,54.97209999884944,2.6221000007353723,70.3782000055071,2.292599994689226
DynamicOnly_B10,JILONG_EI_0119,560,B10,55;20;25;101;52;180;66;27;60;78;148;23;218;32;112;252;190;186;172,0.1,19,121,19,0.1819880389919672,,False,0.8742931709438886,,,,,,19,0,54.68660000769887,2.59649999497924,70.12099999701604,2.234799991128966
DynamicOnly_B10,JILONG_EI_0119,570,B10,55;20;25;52;101;180;61;66;27;148;23;218;32;112;190;252;94;186;172,0.1,19,121,19,0.1842699726627409,,False,0.8690735102218357,,,,,,19,0,56.247000000439584,2.5962999934563413,69.69819999358151,2.2838000004412606
DynamicOnly_B10,JILONG_EI_0119,580,B10,55;20;25;52;101;180;66;27;60;23;94;148;218;32;112;190;252;186;172,0.1,19,122,19,0.1709765604061535,,False,0.8766177739430543,,,,,,19,0,54.57530000421684,2.542300004279241,70.62079999013804,2.8873000119347125
DynamicOnly_B10,JILONG_EI_0119,590,B10,55;20;25;101;52;180;27;66;60;23;148;78;218;32;112;190;252;186;172,0.1,19,122,19,0.1819880389919672,,False,0.8787748058671268,,,,,,19,0,55.58580000069924,3.42839999939315,70.91569999465719,2.2081000061007217
DynamicOnly_B10,JILONG_EI_0119,600,B10,55;20;25;52;101;180;27;60;66;78;23;148;218;32;112;190;252;186;172,0.1,19,123,19,0.1819880389919672,,False,0.8780487804878049,,,,,,19,0,54.73319999873638,2.5624999980209395,70.50539999909233,2.2600000083912164
DynamicOnly_B10,JILONG_EI_0119,610,B10,55;20;25;52;101;180;60;27;66;78;23;148;218;32;112;252;190;186;172,0.1,19,123,19,0.1819880389919672,,False,0.8823277706461276,,,,,,19,0,54.95009999140166,3.3727999980328605,70.32080000499263,2.2089999984018505
DynamicOnly_B10,JILONG_EI_0119,620,B10,55;20;25;52;101;180;61;27;66;23;148;218;32;252;112;94;190;186;172,0.1,19,123,19,0.1842699726627409,,False,0.8771929824561402,,,,,,19,0,54.67589999898337,2.569099990068935,70.19629998831078,2.2179999941727147
DynamicOnly_B10,JILONG_EI_0119,630,B10,55;60;20;25;52;101;180;27;66;94;23;148;218;32;252;112;190;186;172,0.1,19,123,19,0.1709765604061535,,False,0.8853230637569535,,,,,,19,0,55.801700000301935,2.600700012408197,70.59099999605678,2.515500003937632
DynamicOnly_B10,JILONG_EI_0119,640,B10,55;45;20;25;52;101;180;27;66;23;148;218;32;78;252;112;190;186;172,0.1,19,123,19,0.1798592552319838,,False,0.8840393667094567,,,,,,19,0,54.2620999913197,2.628800008096732,70.20909999846481,2.701899997191504
DynamicOnly_B10,JILONG_EI_0119,650,B10,55;20;25;52;101;180;60;27;66;94;23;148;218;32;252;112;190;186;172,0.1,19,124,19,0.1709765604061535,,False,0.8870967741935486,,,,,,19,0,54.58260000159498,2.7618000021902844,70.28679999348242,2.899400002206676
DynamicOnly_B10,JILONG_EI_0119,660,B10,55;20;25;52;101;180;60;27;66;23;148;218;32;78;252;112;190;186;172,0.1,19,124,19,0.1819880389919672,,False,0.8866723259762309,,,,,,19,0,55.29299999761861,2.6559999969322234,71.27010000112932,2.2761000000173226
DynamicOnly_B10,JILONG_EI_0119,670,B10,55;20;25;52;101;180;60;27;66;23;148;78;218;32;252;112;190;186;57,0.1,19,124,19,0.1812299469335559,,False,0.889219015280136,,,,,,19,0,54.60219999076799,2.6826999965123832,70.89730000006966,2.241700000013225
DynamicOnly_B10,JILONG_EI_0119,680,B10,55;20;25;52;101;180;60;27;66;94;23;148;218;32;252;112;186;57;190,0.1,19,124,19,0.1702184683477421,,False,0.8909168081494059,,,,,,19,0,54.71579999721144,2.608499999041669,70.97410000278614,2.24760000128299
DynamicOnly_B10,JILONG_EI_0119,690,B10,55;20;25;52;101;180;60;27;66;23;218;148;32;78;252;112;57;190;186,0.1,19,124,19,0.1812299469335559,,False,0.8904923599320884,,,,,,19,0,54.62450000050012,2.8435999993234877,71.37570000486448,2.265999995870516
DynamicOnly_B10,JILONG_EI_0119,700,B10,55;20;25;52;101;180;60;27;66;23;218;148;78;32;252;112;57;190;186,0.1,19,124,19,0.1812299469335559,,False,0.8921901528013583,,,,,,19,0,54.549099993892014,4.099500001757406,70.54620000417344,2.266700001200661
DynamicOnly_B10,JILONG_EI_0119,710,B10,55;20;25;52;101;180;60;27;66;23;218;148;32;78;252;112;57;186;190,0.1,19,124,19,0.1812299469335559,,False,0.8913412563667233,,,,,,19,0,55.01149999327026,2.605100002256222,70.82500000251457,2.2308999905362725
DynamicOnly_B10,JILONG_EI_0119,720,B10,55;20;25;52;101;180;61;27;66;23;218;148;32;252;94;112;57;190;186,0.1,19,124,19,0.1835118806043295,,False,0.8875212224108661,,,,,,19,0,55.37669999466743,2.645400003530085,71.01849999162368,2.433300003758632
DynamicOnly_B10,JILONG_EI_0119,730,B10,55;20;25;52;101;180;60;27;66;23;218;148;32;252;94;112;57;186;190,0.1,19,124,19,0.1702184683477421,,False,0.8866723259762309,,,,,,19,0,54.37810000148602,2.700400000321679,70.65239999792539,2.2375999978976324
DynamicOnly_B10,JILONG_EI_0119,740,B10,55;20;25;52;101;180;60;27;23;66;218;148;32;252;94;112;57;186;190,0.1,19,124,19,0.1702184683477421,,False,0.8904923599320882,,,,,,19,0,54.4091999909142,2.848499992978759,70.55460000992753,2.216200009570457
DynamicOnly_B10,JILONG_EI_0119,750,B10,45;55;20;25;52;101;180;27;23;66;218;148;32;77;252;112;57;190;186,0.1,19,124,19,0.1740472161174966,,False,0.8887945670628181,,,,,,19,0,54.47540000022855,2.7713000017683957,71.44920001155697,2.246699994429946
DynamicOnly_B10,JILONG_EI_0119,760,B10,55;20;25;52;101;180;60;27;23;66;218;148;32;94;112;57;252;190;186,0.1,19,124,19,0.1702184683477421,,False,0.8853989813242783,,,,,,19,0,54.86580000433605,3.015400012372993,70.4764999973122,2.2563999955309555
DynamicOnly_B10,JILONG_EI_0119,770,B10,55;20;25;101;52;180;60;23;27;66;218;148;32;94;112;57;252;190;156,0.1,19,124,19,0.1769340919358914,,False,0.8887945670628181,,,,,,19,0,57.92510000173934,4.37670000246726,71.384399998351,2.345400003832765
DynamicOnly_B10,JILONG_EI_0119,780,B10,55;20;25;101;52;180;60;23;27;66;218;148;32;94;112;156;57;252;190,0.1,19,124,19,0.1769340919358914,,False,0.898132427843803,,,,,,19,0,54.56160000176169,2.5932000135071576,69.79349999164697,2.264399998239241
DynamicOnly_B10,JILONG_EI_0119,790,B10,55;20;25;101;52;61;180;23;27;66;218;148;32;94;112;156;57;252;190,0.1,19,124,19,0.1902275041924788,,False,0.8972835314091678,,,,,,19,0,55.12430000817403,2.624400003696792,70.29940000211354,2.262699999846518
DynamicOnly_B10,JILONG_EI_0119,800,B10,55;20;25;101;52;180;60;23;27;66;218;148;32;94;112;156;57;252;190,0.1,19,124,19,0.1769340919358914,,False,0.8972835314091681,,,,,,19,0,54.55590000201482,2.588799994555302,70.58659999165684,2.614600001834333
DynamicOnly_B10,JILONG_EI_0119,810,B10,55;20;25;101;52;180;60;23;27;66;218;148;32;112;94;156;252;57;190,0.1,19,124,19,0.1769340919358914,,False,0.8972835314091681,,,,,,19,0,54.68390000169165,2.671599999302998,70.89350000023842,2.3564000002807006
DynamicOnly_B10,JILONG_EI_0119,820,B10,55;20;25;101;52;180;23;60;27;66;218;148;32;112;94;156;252;57;190,0.1,19,124,19,0.1769340919358914,,False,0.8977079796264855,,,,,,19,0,56.06869999610353,2.6885999977821484,72.52909999806434,3.1245999998645857
DynamicOnly_B10,JILONG_EI_0119,830,B10,55;20;25;101;52;23;180;60;27;66;218;148;32;112;94;156;252;57;99,0.1,19,124,19,0.1767503120429432,,False,0.9011035653650254,,,,,,19,0,55.28260000573937,2.876400001696311,70.60970000748057,2.379300000029616
DynamicOnly_B10,JILONG_EI_0119,840,B10,55;20;25;101;52;23;180;60;27;66;218;148;32;112;94;156;252;57;99,0.1,19,124,19,0.1767503120429432,,False,0.9028013582342954,,,,,,19,0,54.95969999174122,2.578200001153164,69.83030000992585,2.5477000017417595
DynamicOnly_B10,JILONG_EI_0119,850,B10,55;20;25;101;52;23;180;60;27;66;218;148;32;112;94;156;252;57;99,0.1,19,124,19,0.1767503120429432,,False,0.9036502546689305,,,,,,19,0,54.59810000320431,2.5701999984448776,69.58349999331404,2.2920000046724454
DynamicOnly_B10,JILONG_EI_0119,860,B10,55;20;25;101;52;23;60;180;27;66;218;148;32;112;94;156;57;252;99,0.1,19,124,19,0.1767503120429432,,False,0.9044991511035656,,,,,,19,0,55.1951000088593,3.388299999642186,69.84799999918323,2.293800003826618
DynamicOnly_B10,JILONG_EI_0119,870,B10,55;20;25;101;52;23;180;60;27;66;148;218;32;112;94;156;99;57;252,0.1,19,124,19,0.1767503120429432,,False,0.9044991511035656,,,,,,19,0,54.17970000416972,2.5430000096093863,69.84530000772793,2.5477000017417595
DynamicOnly_B10,JILONG_EI_0119,880,B10,55;20;25;101;52;23;180;60;27;66;148;218;32;112;99;94;156;57;252,0.1,19,124,19,0.1767503120429432,,False,0.9091680814940576,,,,,,19,0,54.84779999824241,2.583499997854233,71.23639999190345,2.653699993970804
DynamicOnly_B10,JILONG_EI_0119,890,B10,55;20;25;101;52;23;60;180;27;66;218;148;32;112;99;94;156;57;252,0.1,19,124,19,0.1767503120429432,,False,0.909168081494058,,,,,,19,0,54.70880000211764,2.599700004793704,70.68469999649096,2.261200002976693
DynamicOnly_B10,JILONG_EI_0119,900,B10,55;20;25;101;52;23;60;180;27;66;218;148;32;112;99;94;156;57;252,0.1,19,124,19,0.1767503120429432,,False,0.9108658743633278,,,,,,19,0,54.46060000394937,2.5578999920981005,71.01340001099743,2.2815000120317563
DynamicOnly_B10,JILONG_EI_0119,910,B10,55;20;25;101;23;52;60;180;27;66;148;218;32;99;112;94;156;57;252,0.1,19,124,19,0.1767503120429432,,False,0.9125636672325976,,,,,,19,0,54.4752999994671,2.7208999963477254,72.39539999864064,3.186799993272871
DynamicOnly_B10,JILONG_EI_0119,920,B10,55;20;25;101;23;52;60;180;27;66;218;148;99;32;112;94;156;57;252,0.1,19,124,19,0.1767503120429432,,False,0.9125636672325976,,,,,,19,0,55.32430000312161,2.6384999946458265,70.6897000054596,2.8381000010995194
DynamicOnly_B10,JILONG_EI_0119,930,B10,55;20;25;101;23;52;60;180;27;66;218;148;99;32;112;94;156;57;252,0.1,19,124,19,0.1767503120429432,,False,0.9129881154499152,,,,,,19,0,54.91069999698084,2.660799989826046,72.79020000714809,3.141500012134202
DynamicOnly_B10,JILONG_EI_0119,940,B10,55;20;23;25;101;52;60;180;27;66;99;148;218;32;112;94;156;57;252,0.1,19,124,19,0.1767503120429432,,False,0.9125636672325976,,,,,,19,0,55.01889999140985,3.272000001743436,71.28820000798441,2.253099999506958
DynamicOnly_B10,JILONG_EI_0119,950,B10,55;20;23;25;101;52;60;180;27;99;66;148;218;32;112;94;57;156;252,0.1,19,124,19,0.1767503120429432,,False,0.9134125636672328,,,,,,19,0,55.06020000029821,2.5987999979406595,70.0819999910891,2.267999996547587
DynamicOnly_B10,JILONG_EI_0119,960,B10,55;20;23;25;101;52;60;180;99;27;66;218;148;32;112;94;57;156;252,0.1,19,124,19,0.1767503120429432,,False,0.9134125636672328,,,,,,19,0,54.50699999346398,2.6326999941375107,71.35359999665525,2.636499993968755
DynamicOnly_B10,JILONG_EI_0119,970,B10,55;20;23;25;101;52;60;180;99;27;66;218;148;32;112;94;57;156;252,0.1,19,124,19,0.1767503120429432,,False,0.9129881154499152,,,,,,19,0,54.29000000003725,2.5680999970063567,70.06669999100268,2.3490999883506447
DynamicOnly_B10,JILONG_EI_0119,980,B10,55;23;20;25;101;52;60;180;99;27;66;218;148;32;112;94;57;156;252,0.1,19,124,19,0.1767503120429432,,False,0.9129881154499152,,,,,,19,0,54.536199997528456,2.60839999828022,70.5627999996068,2.2625999990850687
DynamicOnly_B10,JILONG_EI_0119,990,B10,55;23;20;25;101;52;60;180;99;27;218;66;148;112;32;94;57;156;252,0.1,19,124,19,0.1767503120429432,,False,0.9121392190152802,,,,,,19,0,54.659200002788566,3.4291999909328297,70.39939999231137,2.2332000080496077
DynamicOnly_B10,JILONG_EI_0119,1000,B10,23;55;20;25;101;52;60;180;99;27;66;218;148;112;32;94;57;156;252,0.1,19,124,19,0.1767503120429432,,False,0.91383701188455,,,,,,19,0,55.65919999207836,2.679199998965487,71.13019999815151,2.411800000118092
DynamicOnly_B10,JILONG_EI_0119,1010,B10,23;55;20;25;101;52;60;180;99;27;148;66;218;112;32;94;57;156;252,0.1,19,124,19,0.1767503120429432,,False,0.9146859083191852,,,,,,19,0,55.694800001219846,3.264300001319498,71.21100000222214,2.267999996547587
DynamicOnly_B10,JILONG_EI_0119,1020,B10,23;55;20;25;101;52;60;99;180;62;27;218;148;66;112;32;94;57;156,0.1,19,125,19,0.1812069744469374,,False,0.92,,,,,,19,0,54.80820000229869,2.6182000001426786,70.22210001014173,2.299100000527688
DynamicOnly_B10,JILONG_EI_0119,1030,B10,23;55;20;25;101;52;99;60;180;27;218;148;66;112;94;32;57;156;178,0.1,19,124,19,0.1836344005329616,,False,0.9151103565365024,,,,,,19,0,56.00569999660365,2.65360000776127,71.52420000056736,2.311000003828667
DynamicOnly_B10,JILONG_EI_0119,1040,B10,23;55;20;25;101;52;99;60;180;27;218;148;66;112;94;32;57;156;178,0.1,19,124,19,0.1836344005329616,,False,0.91553480475382,,,,,,19,0,55.13009999413043,2.5831999955698848,71.82940001075622,2.9005000105826184
DynamicOnly_B10,JILONG_EI_0119,1050,B10,23;20;55;25;101;52;99;60;180;94;27;218;112;148;66;32;57;178;156,0.1,19,124,19,0.1836344005329616,,False,0.91553480475382,,,,,,19,0,54.81380000128411,3.4309999900870025,70.00380000681616,2.251199999591336
DynamicOnly_B10,JILONG_EI_0119,1060,B10,23;20;55;25;101;52;99;60;94;180;27;112;148;66;218;32;178;57;156,0.1,19,124,19,0.1836344005329616,,False,0.9180814940577248,,,,,,19,0,55.24230000446551,2.6553000061539933,70.57320000603795,2.286599992658012
DynamicOnly_B10,JILONG_EI_0119,1070,B10,23;20;55;25;101;52;99;60;94;180;218;27;112;148;66;32;178;57;156,0.1,19,124,19,0.1836344005329616,,False,0.9193548387096776,,,,,,19,0,56.22199999925215,2.573299992945977,70.6408999976702,3.064200005610473
DynamicOnly_B10,JILONG_EI_0119,1080,B10,23;20;55;25;101;52;99;60;94;180;218;112;27;148;66;32;178;57;156,0.1,19,124,19,0.1836344005329616,,False,0.9202037351443124,,,,,,19,0,54.53239999769721,2.6734999992186204,70.43070001236629,2.2615999914705758
DynamicOnly_B10,JILONG_EI_0119,1090,B10,23;20;55;25;101;52;99;60;94;180;218;112;27;148;66;32;178;57;156,0.1,19,124,19,0.1836344005329616,,False,0.92062818336163,,,,,,19,0,54.056500011938624,2.689999993890524,70.02040000224952,2.228600002126768
DynamicOnly_B10,JILONG_EI_0119,1100,B10,23;20;55;25;101;52;99;60;94;180;112;218;27;148;66;178;32;57;156,0.1,19,124,19,0.1836344005329616,,False,0.9202037351443124,,,,,,19,0,54.44390000775456,2.695899995160289,70.95290000142995,2.218099994934164
DynamicOnly_B10,JILONG_EI_0119,1110,B10,23;20;55;25;101;52;99;60;94;180;112;218;27;148;178;66;32;57;156,0.1,19,124,19,0.1836344005329616,,False,0.92062818336163,,,,,,19,0,56.40049999055918,3.137799998512492,70.72820000757929,2.2027999948477373
DynamicOnly_B10,JILONG_EI_0119,1120,B10,23;20;55;25;101;52;99;60;94;180;112;178;218;27;148;66;32;57;156,0.1,19,124,19,0.1836344005329616,,False,0.919779286926995,,,,,,19,0,54.38459999277256,3.23729999945499,70.41089999256656,2.431600005365908
DynamicOnly_B10,JILONG_EI_0119,1130,B10,23;20;55;25;101;52;99;60;94;180;112;218;178;27;148;66;32;62;57,0.1,19,124,19,0.1809542770941336,,False,0.9235993208828523,,,,,,19,0,54.28240000037477,2.6676999987103045,72.21900000877213,2.2425000061048195
DynamicOnly_B10,JILONG_EI_0119,1140,B10,23;20;55;25;101;52;99;94;60;180;112;178;218;27;148;66;32;57;192,0.1,19,123,19,0.1763138347971912,,False,0.9191270860077022,,,,,,19,0,54.69469999661669,2.628099988214672,70.71680000808556,2.2446999937528744
DynamicOnly_B10,JILONG_EI_0119,1150,B10,23;20;55;25;101;52;99;94;60;180;112;178;218;148;27;66;32;57;192,0.1,19,123,19,0.1763138347971912,,False,0.9182712879760376,,,,,,19,0,54.814999995869584,3.5949999873992056,70.03000000258908,2.236899992567487
DynamicOnly_B10,JILONG_EI_0119,1160,B10,23;20;55;25;101;52;99;94;60;112;180;178;218;148;27;66;32;57;192,0.1,19,123,19,0.1763138347971912,,False,0.9174154899443732,,,,,,19,0,54.67900000803638,3.174099998432212,70.439000002807,2.2785999899497256
DynamicOnly_B10,JILONG_EI_0119,1170,B10,23;20;55;25;101;52;99;94;60;112;180;178;218;148;27;66;32;57;199,0.1,19,123,19,0.1772557067485508,,False,0.9174154899443732,,,,,,19,0,54.584600002272055,2.613800010294653,71.87940001313109,3.286599996499717
DynamicOnly_B10,JILONG_EI_0119,1180,B10,23;20;55;25;101;52;99;94;60;112;180;178;218;62;148;27;66;32;57,0.1,19,124,19,0.1809542770941336,,False,0.921477079796265,,,,,,19,0,55.4485000029672,2.630200004205108,71.53279999329243,3.402699992875569
DynamicOnly_B10,JILONG_EI_0119,1190,B10,23;20;55;25;101;52;99;94;60;112;180;178;218;62;148;27;66;32;57,0.1,19,124,19,0.1809542770941336,,False,0.921477079796265,,,,,,19,0,55.0329999969108,2.7442999999038875,70.75909999548458,2.210100006777793
DynamicOnly_B10,JILONG_EI_0119,1200,B10,23;20;55;25;101;99;52;94;112;60;180;178;218;148;27;66;32;57;199,0.1,19,123,19,0.1772557067485508,,False,0.9174154899443732,,,,,,19,0,54.73869999696035,3.248999986681156,71.9810000009602,3.0489000055240467
DynamicOnly_B10,JILONG_EI_0119,1210,B10,23;20;55;25;101;99;52;94;112;60;180;178;218;148;27;66;32;57;199,0.1,19,123,19,0.1772557067485508,,False,0.9178433889602052,,,,,,19,0,55.14019999827724,2.8042999911122024,70.68720000097528,2.248300006613136
DynamicOnly_B10,JILONG_EI_0119,1220,B10,23;20;55;25;101;99;52;94;112;60;180;178;218;148;27;66;32;57;199,0.1,19,123,19,0.1772557067485508,,False,0.9186991869918698,,,,,,19,0,54.72699999518227,2.5797999987844378,71.2000000057742,3.237799988710321
DynamicOnly_B10,JILONG_EI_0119,1230,B10,23;20;55;101;25;99;52;94;112;60;180;178;218;148;27;66;32;57;199,0.1,19,123,19,0.1772557067485508,,False,0.9182712879760376,,,,,,19,0,55.18679998931475,2.649999994901009,71.3467000023229,2.2419000015361235
DynamicOnly_B10,JILONG_EI_0119,1240,B10,23;20;55;101;25;99;52;94;112;60;180;178;218;148;27;66;32;57;199,0.1,19,124,19,0.1772557067485508,,False,0.9193548387096776,,,,,,19,0,57.00549999892246,2.825599993229844,70.8903999911854,2.2692000056849797
DynamicOnly_B10,JILONG_EI_0119,1250,B10,23;20;55;25;101;99;52;94;112;45;180;178;218;148;27;66;32;57;199,0.1,19,124,19,0.1751269229885673,,False,0.9193548387096776,,,,,,19,0,53.94189999788068,3.0168999946909025,69.68939999933355,2.252599995699711
DynamicOnly_B10,JILONG_EI_0119,1260,B10,23;20;55;25;101;99;52;94;112;45;178;180;218;148;27;66;32;57;199,0.1,19,124,19,0.1751269229885673,,False,0.91893039049236,,,,,,19,0,54.8207999963779,4.112199996598065,70.20550000015646,2.2790999937569723
DynamicOnly_B10,JILONG_EI_0119,1270,B10,23;20;55;25;101;99;52;94;112;45;178;180;218;148;27;66;32;57;2,0.1,19,124,19,0.1741697360461287,,False,0.9163837011884552,,,,,,19,0,54.24930001026951,3.031100000953302,70.79429998702835,2.759100010734983
DynamicOnly_B10,JILONG_EI_0119,1280,B10,23;20;55;101;25;99;52;94;112;45;178;180;218;148;27;66;32;57;199,0.1,19,123,19,0.1751269229885673,,False,0.917415489944373,,,,,,19,0,55.24709999735933,2.6991000049747527,71.58920000074431,2.3530000034952536
DynamicOnly_B10,JILONG_EI_0119,1290,B10,23;20;55;101;25;99;52;112;45;178;180;218;148;27;66;32;57;2;192,0.1,19,124,19,0.1605470514813425,,False,0.911290322580645,,,,,,19,0,55.02559999877121,2.636100005474873,71.70559999940451,2.4982000031741336
DynamicOnly_B10,JILONG_EI_0119,1300,B10,23;20;55;101;25;99;52;112;45;178;180;218;148;27;66;32;57;199;192,0.1,19,123,19,0.1615042384237811,,False,0.912280701754386,,,,,,19,0,54.50379999820143,2.6500999956624582,70.36330000846647,2.358099998673424
DynamicOnly_B10,JILONG_EI_0119,1310,B10,23;20;55;25;101;99;52;45;112;178;218;180;148;27;66;32;199;57;192,0.1,19,123,19,0.1615042384237811,,False,0.912280701754386,,,,,,19,0,56.21929999324493,3.665199998067692,70.0961999973515,2.230699989013374
DynamicOnly_B10,JILONG_EI_0119,1320,B10,23;20;55;101;25;99;52;45;112;178;218;180;148;27;66;32;57;192;199,0.1,19,123,19,0.1615042384237811,,False,0.9101412066752248,,,,,,19,0,54.55640000582207,3.165499991155229,70.39890000305604,2.26390000898391
DynamicOnly_B10,JILONG_EI_0119,1330,B10,23;20;55;25;101;99;45;52;112;178;218;180;148;27;66;32;57;199;192,0.1,19,123,19,0.1615042384237811,,False,0.912280701754386,,,,,,19,0,54.54889999236912,2.6540999970166013,70.6237999984296,2.347800007555634
DynamicOnly_B10,JILONG_EI_0119,1340,B10,23;20;55;25;101;99;45;52;112;178;218;180;148;27;66;32;57;2;192,0.1,19,124,19,0.1605470514813425,,False,0.9134125636672324,,,,,,19,0,54.5914999966044,2.663599996594712,70.77659999777097,3.259400007664226
DynamicOnly_B10,JILONG_EI_0119,1350,B10,23;20;55;101;25;99;45;52;112;178;218;180;148;27;66;32;199;57;77,0.1,19,124,19,0.1810844545183052,,False,0.9151103565365024,,,,,,19,0,55.56800001068041,2.610000010463409,71.07439999526832,2.627800000482239
DynamicOnly_B10,JILONG_EI_0119,1360,B10,23;20;55;101;25;99;45;52;112;178;218;180;148;27;66;32;57;192;199,0.1,19,124,19,0.1615042384237811,,False,0.9134125636672324,,,,,,19,0,54.9007000081474,2.672700007678941,71.17319999088068,2.5010000099428
DynamicOnly_B10,JILONG_EI_0119,1370,B10,23;20;55;101;25;99;45;52;112;178;218;180;148;27;66;32;57;192;199,0.1,19,123,19,0.1615042384237811,,False,0.9131364997860504,,,,,,19,0,54.81869999493938,4.036600003018975,70.29489999695215,2.376899996306747
DynamicOnly_B10,JILONG_EI_0119,1380,B10,23;20;55;101;25;45;99;52;112;178;218;180;148;27;66;32;199;57;192,0.1,19,123,19,0.1615042384237811,,False,0.9148480958493796,,,,,,19,0,55.17979999422096,2.746900005149655,71.21930000721477,2.4158000014722347
DynamicOnly_B10,JILONG_EI_0119,1390,B10,23;20;55;25;101;45;99;52;112;178;218;180;148;27;66;32;57;199;192,0.1,19,123,19,0.1615042384237811,,False,0.9131364997860504,,,,,,19,0,55.94849999761209,3.682099995785393,70.13340000412427,2.579700012574904
DynamicOnly_B10,JILONG_EI_0119,1400,B10,23;20;55;25;101;45;99;52;112;178;218;180;148;27;66;32;199;57;192,0.1,19,123,19,0.1615042384237811,,False,0.9152759948652118,,,,,,19,0,55.12479999742936,3.4774999949149787,72.42070000211243,3.4149999992223457
DynamicOnly_B10,JILONG_EI_0119,1410,B10,23;20;55;25;101;45;99;52;112;178;218;148;180;27;66;32;57;199;192,0.1,19,123,19,0.1615042384237811,,False,0.9135643988018828,,,,,,19,0,55.61909999232739,2.7612999983830377,71.09729999501724,2.4836999946273863
DynamicOnly_B10,JILONG_EI_0119,1420,B10,23;20;55;25;101;45;99;52;112;178;218;148;180;27;66;32;57;199;34,0.1,19,123,19,0.1625762877993123,,False,0.9161317928968764,,,,,,19,0,55.43439999746624,3.4909999958472326,71.1621000082232,2.470099992933683
DynamicOnly_B10,JILONG_EI_0119,1430,B10,23;20;55;25;101;45;99;52;112;178;218;148;27;180;66;32;57;34;199,0.1,19,123,19,0.1625762877993123,,False,0.9152759948652118,,,,,,19,0,54.95290001272224,3.185599998687394,70.5448999942746,2.391499991063029
DynamicOnly_B10,JILONG_EI_0119,1440,B10,23;20;55;25;101;45;99;52;112;178;218;148;27;180;66;32;57;34;199,0.1,19,123,19,0.1625762877993123,,False,0.9161317928968764,,,,,,19,0,54.57239999668673,2.735599991865456,71.77090000186581,2.48319999082014
DynamicOnly_B10,JILONG_EI_0129,10,B10,78;190;252;14;192;46;44;32;128;166;5;121;141;83;34;91;203;89;195,0.1,19,128,19,0.0895544103345559,,False,0.875,,,,,,19,0,54.405999995651655,2.7523000026121736,70.14039999921806,2.2396999993361533
DynamicOnly_B10,JILONG_EI_0129,20,B10,77;190;46;141;79;14;252;32;42;128;121;5;44;192;166;202;241;23;200,0.1,19,126,19,0.0905651997457711,,False,0.8755221386800335,,,,,,19,0,54.35030000808183,3.0460999987553805,69.8642000061227,2.3911000025691465
DynamicOnly_B10,JILONG_EI_0129,30,B10,77;174;141;79;206;44;14;55;252;99;144;32;36;42;74;176;121;50;241,0.1,19,125,19,0.1107044130146794,,False,0.8661052631578947,,,,,,19,0,54.24299999140203,2.6187000039499253,69.61129998671822,2.624800006742589
DynamicOnly_B10,JILONG_EI_0129,40,B10,77;79;44;46;166;206;32;128;50;252;84;42;24;147;172;174;91;141;202,0.1,19,126,19,0.0898683676516758,,False,0.8776106934001673,,,,,,19,0,54.89780000061728,2.6326999941375107,70.71400000131689,3.138200001558289
DynamicOnly_B10,JILONG_EI_0129,50,B10,61;93;79;14;121;166;141;206;99;172;174;28;176;85;42;5;128;19;88,0.1,19,123,19,0.0888882082226187,,False,0.875053487376979,,,,,,19,0,54.54509999253787,2.599600004032254,70.66420000046492,2.234999992651865
DynamicOnly_B10,JILONG_EI_0129,60,B10,61;47;93;79;29;172;141;42;206;5;166;176;88;91;203;49;56;252;120,0.1,19,123,19,0.0792703938249956,,False,0.8686350021394948,,,,,,19,0,56.84809999365825,3.4408000065013766,70.50560000061523,2.319599996553734
DynamicOnly_B10,JILONG_EI_0129,70,B10,60;47;79;93;29;141;27;49;174;166;70;206;91;128;25;202;252;56;89,0.1,19,122,19,0.1152223353829896,,False,0.8494391716997413,,,,,,19,0,55.15610000293236,2.628300004289485,70.47120000061113,2.2726000024704263
DynamicOnly_B10,JILONG_EI_0129,80,B10,44;76;47;79;14;218;42;34;206;32;141;209;101;231;87;252;121;4;172,0.1,19,123,19,0.0881913761285234,,False,0.8318356867779204,,,,,,19,0,54.664600000251085,2.6424000097904354,69.93559999682475,2.251900004921481
DynamicOnly_B10,JILONG_EI_0129,90,B10,28;76;47;79;14;206;141;49;25;252;99;155;203;174;90;57;209;176;120,0.1,19,122,19,0.0717277607185793,,False,0.8188093183779119,,,,,,19,0,55.19000001368113,2.6776000013342127,71.8118999939179,2.3428999993484467
DynamicOnly_B10,JILONG_EI_0129,100,B10,28;61;93;79;26;47;14;141;252;91;99;49;176;206;70;121;203;166;5,0.1,19,121,19,0.1087058066788676,,False,0.8499347542409743,,,,,,19,0,54.42780000157654,2.935399999842048,70.73000000673346,3.0008000030647963
DynamicOnly_B10,JILONG_EI_0129,110,B10,28;60;79;93;26;47;252;141;32;55;203;166;4;128;206;99;88;34;14,0.1,19,119,19,0.0956880642617025,,False,0.8421052631578947,,,,,,19,0,54.49209999642335,2.624200002173893,69.7163000004366,2.2461999906226997
DynamicOnly_B10,JILONG_EI_0129,120,B10,28;60;93;252;32;47;14;90;55;26;203;88;135;166;206;128;121;141;5,0.1,19,119,19,0.0862846597391857,,False,0.8319327731092436,,,,,,19,0,55.26200000895187,2.800499991280958,70.73310000123456,2.283599998918362
DynamicOnly_B10,JILONG_EI_0129,130,B10,27;60;93;47;252;14;202;32;55;25;101;176;141;58;4;171;112;174;206,0.1,19,118,19,0.1122588846091997,,False,0.8376449598572704,,,,,,19,0,54.63090000557713,2.605100002256222,70.39800001075491,2.2566999978153035
DynamicOnly_B10,JILONG_EI_0129,140,B10,27;61;93;47;25;252;202;101;29;141;55;128;176;57;89;34;121;174;32,0.1,19,118,19,0.1256748167944192,,False,0.8336306868867084,,,,,,19,0,54.45610001333989,2.68320000031963,70.13310000183992,2.335600001970306
DynamicOnly_B10,JILONG_EI_0129,150,B10,26;28;60;93;47;128;252;101;14;202;40;121;32;211;90;70;3;141;176,0.1,19,118,19,0.1401321683730119,,False,0.8314005352363961,,,,,,19,0,55.27769999753218,2.6412000006530434,70.27470000321046,2.687400003196672
DynamicOnly_B10,JILONG_EI_0129,160,B10,26;93;28;60;128;40;47;101;203;235;70;3;232;32;121;211;229;170;206,0.1,19,117,19,0.1498954751858857,,False,0.8146648672964462,,,,,,19,0,54.6740999998292,2.613300006487407,70.195699998294,2.213999992818572
DynamicOnly_B10,JILONG_EI_0129,170,B10,26;58;28;60;78;40;106;128;232;186;101;70;47;32;218;88;206;229;99,0.1,19,116,19,0.1498342152215696,,False,0.8153357531760437,,,,,,19,0,54.328799989889376,3.7734000070486218,69.46820000302978,2.289100011694245
DynamicOnly_B10,JILONG_EI_0129,180,B10,25;27;58;77;45;56;70;88;101;206;128;47;90;229;233;99;32;132;186,0.1,19,116,19,0.1505769922889019,,False,0.8171506352087115,,,,,,19,0,56.32340000011027,2.5808999926084653,72.27130001410842,2.921999999671243
DynamicOnly_B10,JILONG_EI_0129,190,B10,25;28;60;58;78;101;88;70;206;47;56;233;186;90;99;121;14;51;192,0.1,19,117,19,0.1420465422578891,,False,0.8115159694107061,,,,,,19,0,55.544700007885695,3.370199992787093,71.23000000137836,2.3609000054420903
DynamicOnly_B10,JILONG_EI_0129,200,B10,41;27;60;78;88;101;55;47;99;29;119;3;160;128;216;251;90;32;206,0.1,19,116,19,0.1299476993054651,,False,0.8012704174228675,,,,,,19,0,55.44720000762027,2.592799995909445,73.15660000313073,2.303300003404729
DynamicOnly_B10,JILONG_EI_0129,210,B10,24;26;28;88;56;60;58;94;101;47;99;119;216;176;128;90;50;70;141,0.1,19,117,19,0.1439685736383058,,False,0.8232118758434548,,,,,,19,0,54.557800001930445,2.604299996164628,70.1312000019243,2.284800008055754
DynamicOnly_B10,JILONG_EI_0129,220,B10,40;26;28;88;60;101;94;58;47;70;251;121;119;232;128;50;206;52;202,0.1,19,117,19,0.1434555214371587,,False,0.8097165991902834,,,,,,19,0,54.21770000248216,2.564800000982359,72.0973999996204,3.005899998242967
DynamicOnly_B10,JILONG_EI_0129,230,B10,40;26;28;60;101;94;47;88;58;70;251;128;209;119;233;52;99;121;195,0.1,19,118,19,0.1716427625180908,,False,0.8175735950044604,,,,,,19,0,54.97029999969527,3.408200005651452,70.53949999681208,2.1893999946769327
DynamicOnly_B10,JILONG_EI_0129,240,B10,56;25;27;101;206;60;94;88;47;70;128;58;29;251;135;233;99;219;121,0.1,19,119,19,0.1348025514775137,,False,0.8279522335249889,,,,,,19,0,54.29790000198409,2.7446000021882355,71.68400000955444,3.262500002165325
DynamicOnly_B10,JILONG_EI_0129,250,B10,56;24;26;28;101;60;94;70;47;88;58;128;135;252;233;90;99;36;66,0.1,19,121,19,0.1494207104624361,,False,0.8177468464549804,,,,,,19,0,55.674299990641885,3.543400001944974,70.95870000193827,2.4716999905649573
DynamicOnly_B10,JILONG_EI_0129,260,B10,55;41;23;101;27;94;60;47;128;29;252;88;232;135;66;141;90;148;35,0.1,19,121,19,0.1443361334242023,,False,0.7994780339277948,,,,,,19,0,56.15150000085123,3.376699998625554,71.79139999789186,2.2613999899476767
DynamicOnly_B10,JILONG_EI_0129,270,B10,55;26;24;28;101;60;94;128;47;58;252;232;135;88;36;32;141;66;148,0.1,19,120,19,0.1576908056451057,,False,0.7982456140350876,,,,,,19,0,56.35319999419153,4.188000006251968,71.28210000519175,2.55950000428129
DynamicOnly_B10,JILONG_EI_0129,280,B10,40;26;101;28;60;70;94;128;47;72;58;252;32;135;141;176;66;105;232,0.1,19,119,19,0.1409898078734369,,False,0.804953560371517,,,,,,19,0,56.836600007954985,2.82250001328066,70.19449998915661,2.296899998327717
DynamicOnly_B10,JILONG_EI_0129,290,B10,40;26;101;28;60;70;94;72;128;47;58;32;252;176;141;90;135;148;232,0.1,19,121,19,0.1586403350920048,,False,0.8077424967377121,,,,,,19,0,57.80740000773221,2.7051999932155013,70.60639999690466,2.2948999976506457
DynamicOnly_B10,JILONG_EI_0129,300,B10,40;26;101;28;60;70;94;72;128;47;32;176;148;252;58;141;34;135;240,0.1,19,120,19,0.1797214203122726,,False,0.8105263157894737,,,,,,19,0,55.10369999683462,2.7578000008361414,72.26400000217836,4.046000001835637
DynamicOnly_B10,JILONG_EI_0129,310,B10,40;26;101;60;28;70;94;72;128;32;47;148;176;252;58;141;240;135;34,0.1,19,121,19,0.1797214203122726,,False,0.8155719878207917,,,,,,19,0,57.70460001076572,2.8029999957652763,71.48359999700915,2.2634000051766634
DynamicOnly_B10,JILONG_EI_0129,320,B10,40;26;101;60;70;28;94;72;128;32;148;47;176;252;58;34;90;141;240,0.1,19,121,19,0.1773782266771829,,False,0.8225315354501959,,,,,,19,0,55.5097000033129,2.667200009454973,70.61169999360573,2.327000009245239
DynamicOnly_B10,JILONG_EI_0129,330,B10,40;26;101;60;70;28;94;72;148;128;32;252;176;90;47;58;240;141;180,0.1,19,122,19,0.1931067225153341,,False,0.8213977566867989,,,,,,19,0,54.91140000231098,3.049899998586625,71.6132999950787,3.060499991988763
DynamicOnly_B10,JILONG_EI_0129,340,B10,40;26;101;60;70;28;94;72;148;32;128;176;252;90;47;240;180;58;141,0.1,19,122,19,0.1931067225153341,,False,0.8226919758412424,,,,,,19,0,54.57559999194928,2.972799993585795,69.59800000186078,2.2754999954486266
DynamicOnly_B10,JILONG_EI_0129,350,B10,40;26;101;60;70;28;94;14;148;72;32;252;176;128;180;47;90;240;58,0.1,19,122,19,0.1917130583271435,,False,0.8291630716134598,,,,,,19,0,54.3275999953039,3.125699993688613,70.02170001214836,2.237400010926649
DynamicOnly_B10,JILONG_EI_0129,360,B10,60;40;26;70;101;28;94;148;72;32;252;176;180;128;90;240;47;34;58,0.1,19,122,19,0.1920653031219609,,False,0.822260569456428,,,,,,19,0,54.475600001751445,3.3682000066619366,70.28559999889694,2.226399999926798
DynamicOnly_B10,JILONG_EI_0129,370,B10,40;70;26;60;101;28;94;148;180;32;252;176;72;90;190;128;34;240;58,0.1,19,124,19,0.1937422946451133,,False,0.8264006791171477,,,,,,19,0,54.84660000365693,3.863499994622544,70.87769999634475,2.2664999996777624
DynamicOnly_B10,JILONG_EI_0129,380,B10,40;70;26;60;101;28;94;14;180;148;252;32;176;90;72;190;34;128;240,0.1,19,124,19,0.1940715669533122,,False,0.833616298811545,,,,,,19,0,54.74500000127591,2.6760999899124727,70.49549999646842,2.2907999955350533
DynamicOnly_B10,JILONG_EI_0129,390,B10,40;70;26;60;101;28;94;180;148;252;32;176;90;72;34;190;240;128;218,0.1,19,124,19,0.1944238117481296,,False,0.8276740237691002,,,,,,19,0,55.100199999287724,2.6680000009946525,70.19440000294708,2.217400004155934
DynamicOnly_B10,JILONG_EI_0129,400,B10,70;40;26;60;101;28;180;94;148;252;32;176;90;72;51;190;240;128;58,0.1,19,124,19,0.1990565965495325,,False,0.8285229202037353,,,,,,19,0,54.343199997674674,2.5764000019989908,69.86079999478534,2.2046999947633594
DynamicOnly_B10,JILONG_EI_0129,410,B10,70;40;60;26;101;28;180;78;148;32;252;176;72;90;34;240;190;58;128,0.1,19,124,19,0.204753773230927,,False,0.8302207130730052,,,,,,19,0,54.44290000014007,2.589700001408346,70.37279999349266,2.5394999975105748
DynamicOnly_B10,JILONG_EI_0129,420,B10,70;40;26;60;101;28;180;78;148;32;252;72;176;90;51;240;58;190;128,0.1,19,124,19,0.2100680751353462,,False,0.83276740237691,,,,,,19,0,55.21720000251662,2.7609999960986897,71.03639999695588,2.238700006273575
DynamicOnly_B10,JILONG_EI_0129,430,B10,70;40;26;101;60;28;180;78;148;32;252;72;176;90;51;240;58;190;128,0.1,19,124,19,0.2100680751353462,,False,0.835314091680815,,,,,,19,0,55.59319999883883,2.6474000042071566,71.11550000263378,2.8260999970370904
DynamicOnly_B10,JILONG_EI_0129,440,B10,70;40;26;60;101;28;180;78;148;32;252;72;176;90;51;58;240;190;128,0.1,19,126,19,0.2100680751353462,,False,0.8416875522138679,,,,,,19,0,54.71430000034161,2.593099998193793,70.38330000068527,2.8750000055879354
DynamicOnly_B10,JILONG_EI_0129,450,B10,70;40;26;60;101;28;180;78;148;72;252;32;90;176;58;51;240;128;210,0.1,19,125,19,0.2314248301950364,,False,0.8450526315789474,,,,,,19,0,55.86999999650288,2.582000000984408,71.63590000709519,3.3303999953204766
DynamicOnly_B10,JILONG_EI_0129,460,B10,70;40;26;60;101;28;180;78;148;72;252;32;90;176;58;51;210;128;240,0.1,19,126,19,0.2314248301950364,,False,0.8504594820384294,,,,,,19,0,54.11150000873022,2.7245000092079863,69.87479999952484,2.2412999969674274
DynamicOnly_B10,JILONG_EI_0129,470,B10,70;40;26;60;101;28;180;72;78;148;252;32;176;90;58;190;210;51;128,0.1,19,126,19,0.2127175685920163,,False,0.8521303258145363,,,,,,19,0,54.54779999854509,2.7126999921165407,70.28169999830425,2.3461000091629103
DynamicOnly_B10,JILONG_EI_0129,480,B10,70;40;26;60;101;28;180;72;148;78;14;252;32;176;90;58;210;128;135,0.1,19,125,19,0.2077784839690331,,False,0.856842105263158,,,,,,19,0,54.68710001150612,2.9485999984899536,70.30510000186041,2.243599999928847
DynamicOnly_B10,JILONG_EI_0129,490,B10,70;40;26;60;101;28;180;72;148;78;252;32;176;58;90;210;135;51;128,0.1,19,125,19,0.2134450306682696,,False,0.8526315789473684,,,,,,19,0,54.32189999555703,3.056400004425086,69.97399999818299,2.2043000062694773
DynamicOnly_B10,JILONG_EI_0129,500,B10,70;40;26;60;28;101;180;72;94;148;252;32;176;58;90;210;135;51;128,0.1,19,126,19,0.2024335520824559,,False,0.8554720133667502,,,,,,19,0,54.54230000032112,3.169500007061288,71.03450001159217,2.285599999595433
DynamicOnly_B10,JILONG_EI_0129,510,B10,70;60;40;26;180;101;28;72;148;78;32;252;58;90;176;51;210;135;128,0.1,19,126,19,0.2134450306682696,,False,0.8554720133667502,,,,,,19,0,55.1473000086844,2.6368999970145524,70.72540000081062,2.228800003649667
DynamicOnly_B10,JILONG_EI_0129,520,B10,70;40;26;60;28;180;101;72;148;78;252;32;58;90;176;51;210;135;128,0.1,19,126,19,0.2134450306682696,,False,0.8613199665831244,,,,,,19,0,55.28790000244044,2.650500013260171,70.5560000060359,2.2729000047547743
DynamicOnly_B10,JILONG_EI_0129,530,B10,70;40;26;60;180;28;101;72;148;78;252;32;58;176;90;210;51;135;178,0.1,19,126,19,0.2194025621980075,,False,0.8617376775271512,,,,,,19,0,55.21770000632387,2.618500002427026,70.80770000175107,2.681600002688356
DynamicOnly_B10,JILONG_EI_0129,540,B10,70;40;60;26;180;28;101;72;148;94;252;58;32;90;176;210;135;178;218,0.1,19,126,19,0.2030767817077746,,False,0.8609022556390976,,,,,,19,0,57.15779999445658,3.209400005289353,71.16680000035558,2.328500006115064
DynamicOnly_B10,JILONG_EI_0129,550,B10,70;40;180;26;60;28;101;72;148;78;58;252;32;90;176;210;178;135;68,0.1,19,127,19,0.2221745755833097,,False,0.8673849979278906,,,,,,19,0,56.16329998883885,2.6237000129185617,70.55699999909848,2.239299996290356
DynamicOnly_B10,JILONG_EI_0129,560,B10,70;40;180;26;60;28;101;72;148;78;58;252;32;90;176;210;178;51;135,0.1,19,126,19,0.2194025621980075,,False,0.8688387635756056,,,,,,19,0,54.93840000417549,2.6228000060655177,70.45210000069346,3.254800001741387
DynamicOnly_B10,JILONG_EI_0129,570,B10,70;40;180;26;60;28;101;72;148;94;58;252;32;90;176;178;210;51;156,0.1,19,126,19,0.2133071957485584,,False,0.8675856307435255,,,,,,19,0,54.03100000694394,2.567200004705228,70.45199999993201,2.3339000035775825
DynamicOnly_B10,JILONG_EI_0129,580,B10,70;40;180;60;26;101;28;72;148;78;58;252;32;90;178;210;176;156;68,0.1,19,126,19,0.2270906877196744,,False,0.8705096073517127,,,,,,19,0,54.23740000696853,2.674000003025867,70.3403000079561,2.282999994349666
DynamicOnly_B10,JILONG_EI_0129,590,B10,70;60;40;180;26;28;101;72;148;78;58;32;252;90;178;210;176;68;156,0.1,19,126,19,0.2270906877196744,,False,0.8709273182957393,,,,,,19,0,55.26799999643117,2.6477000064915046,71.13969999772962,2.3612999939359725
DynamicOnly_B10,JILONG_EI_0129,600,B10,70;40;180;60;26;101;28;72;148;58;78;90;32;252;210;178;176;68;156,0.1,19,126,19,0.2270906877196744,,False,0.8763575605680868,,,,,,19,0,55.24610000429675,3.420599998207763,70.65249999868684,2.308099996298552
DynamicOnly_B10,JILONG_EI_0129,610,B10,70;40;180;60;101;26;28;72;148;58;78;32;210;252;178;90;68;176;156,0.1,19,126,19,0.2270906877196744,,False,0.8751044277360066,,,,,,19,0,54.79470000136644,2.8996999899391085,70.75060000352096,2.273000005516224
DynamicOnly_B10,JILONG_EI_0129,620,B10,70;40;180;101;72;26;28;60;148;58;78;210;32;178;90;252;68;176;156,0.1,19,126,19,0.2270906877196744,,False,0.8788638262322473,,,,,,19,0,56.61070000496693,2.671499998541549,70.5432000104338,2.776499997708015
DynamicOnly_B10,JILONG_EI_0129,630,B10,70;40;180;72;101;28;26;60;148;58;78;210;178;32;252;90;51;176;156,0.1,19,126,19,0.2243186743343722,,False,0.8755221386800333,,,,,,19,0,56.10560000059195,2.660800004377961,70.34700000076555,2.2641000105068088
DynamicOnly_B10,JILONG_EI_0129,640,B10,70;40;180;72;101;60;28;26;148;58;78;210;90;178;32;252;68;176;156,0.1,19,126,19,0.2270906877196744,,False,0.8805346700083543,,,,,,19,0,54.84179999621119,2.785699995001778,69.74239999544807,2.313600009074434
DynamicOnly_B10,JILONG_EI_0129,650,B10,70;40;180;72;101;28;26;60;58;148;210;78;178;32;252;90;68;156;176,0.1,19,126,19,0.2270906877196744,,False,0.8830409356725146,,,,,,19,0,54.59729999711272,3.2959999953163788,70.53370001085568,2.2478000028058887
DynamicOnly_B10,JILONG_EI_0129,660,B10,70;40;180;72;101;28;60;26;58;210;148;78;14;252;178;32;68;91;156,0.1,19,126,19,0.2292347864707369,,False,0.8855472013366751,,,,,,19,0,56.57430000428576,3.5302999895066023,71.45679999666754,2.383600003668107
DynamicOnly_B10,JILONG_EI_0129,670,B10,70;40;180;72;101;28;26;60;210;58;148;78;178;252;32;90;68;156;3,0.1,19,126,19,0.2277875198137697,,False,0.8859649122807018,,,,,,19,0,54.3898000032641,2.6904999976977706,70.85649999498855,2.3052000033203512
DynamicOnly_B10,JILONG_EI_0129,680,B10,70;40;180;72;101;28;60;26;210;78;58;148;178;252;68;32;91;156;3,0.1,19,126,19,0.2294721688324616,,False,0.8842940685045948,,,,,,19,0,54.31789999420289,3.265599996666424,70.13790000928566,2.4588999949628487
DynamicOnly_B10,JILONG_EI_0129,690,B10,70;40;180;72;101;28;26;60;210;58;78;148;252;68;178;32;90;156;3,0.1,19,126,19,0.2277875198137697,,False,0.8897243107769424,,,,,,19,0,56.1421999882441,2.6625000027706847,70.32839999010321,2.2760000138077885
DynamicOnly_B10,JILONG_EI_0129,700,B10,70;40;180;101;72;28;26;60;210;58;148;78;68;252;178;32;90;156;3,0.1,19,126,19,0.2277875198137697,,False,0.8897243107769424,,,,,,19,0,54.21230000501964,2.749300008872524,70.87219999812078,2.272800003993325
DynamicOnly_B10,JILONG_EI_0129,710,B10,70;40;180;72;101;28;26;60;210;68;78;58;148;252;178;32;3;156;90,0.1,19,126,19,0.2277875198137697,,False,0.8947368421052632,,,,,,19,0,54.243899998255074,2.627200010465458,70.17350000387523,2.3072000039974228
DynamicOnly_B10,JILONG_EI_0129,720,B10,70;40;180;101;72;28;26;60;210;68;58;178;148;78;252;32;3;156;90,0.1,19,126,19,0.2277875198137697,,False,0.8930659983291565,,,,,,19,0,54.55549999896903,3.051000006962568,70.86549999075942,2.271899997140281
DynamicOnly_B10,JILONG_EI_0129,730,B10,70;40;180;101;72;60;28;26;210;68;78;178;58;148;252;32;3;90;156,0.1,19,126,19,0.2277875198137697,,False,0.8947368421052632,,,,,,19,0,54.94869999529328,2.6667000056477264,70.05919999210164,2.266600000439212
DynamicOnly_B10,JILONG_EI_0129,740,B10,70;40;180;101;72;26;28;60;210;68;78;178;58;148;252;32;3;156;91,0.1,19,126,19,0.2294721688324616,,False,0.8959899749373432,,,,,,19,0,55.69899998954497,2.798699992126785,70.51790000696201,2.2584999969694763
DynamicOnly_B10,JILONG_EI_0129,750,B10,70;40;180;101;72;26;28;68;210;60;178;78;58;148;252;32;3;156;14,0.1,19,126,19,0.2284460644301674,,False,0.9001670843776106,,,,,,19,0,57.66069999663159,2.701400007936172,70.85200000437908,3.2404999947175384
DynamicOnly_B10,JILONG_EI_0129,760,B10,70;26;101;40;180;72;28;68;60;210;178;78;58;148;252;32;3;156;91,0.1,19,126,19,0.2294721688324616,,False,0.899749373433584,,,,,,19,0,54.54440000175964,3.015199996298179,70.22300000244286,2.294399993843399
DynamicOnly_B10,JILONG_EI_0129,770,B10,70;101;72;180;40;68;26;60;28;210;178;78;58;148;252;32;3;156;90,0.1,19,126,19,0.2277875198137697,,False,0.8976608187134502,,,,,,19,0,55.48329999146517,2.663699997356161,70.64229999377858,3.49879999703262
DynamicOnly_B10,JILONG_EI_0129,780,B10,70;101;180;40;68;72;26;28;210;178;60;58;78;148;252;3;32;156;233,0.1,19,126,19,0.2287293917651293,,False,0.8972431077694235,,,,,,19,0,55.04759999166709,2.6983999996446077,71.14130000991281,2.283599998918362
DynamicOnly_B10,JILONG_EI_0129,790,B10,70;101;180;40;68;72;60;26;28;210;178;78;58;148;252;3;32;14;156,0.1,19,126,19,0.2284460644301674,,False,0.9030910609857978,,,,,,19,0,54.3729000055464,2.9460000077961013,70.59889999800362,2.2690999903716147
DynamicOnly_B10,JILONG_EI_0129,800,B10,70;101;180;68;40;72;178;26;210;28;60;58;78;148;252;3;32;156;233,0.1,19,126,19,0.2287293917651293,,False,0.8984962406015037,,,,,,19,0,55.2322000003187,2.6587000029394403,69.99550000182353,2.271600009407848
DynamicOnly_B10,JILONG_EI_0129,810,B10,70;101;180;40;68;178;26;72;60;28;210;78;58;148;252;3;32;156;233,0.1,19,126,19,0.2287293917651293,,False,0.9018379281537175,,,,,,19,0,55.11689999548253,2.6470000011613597,70.47310000052676,2.242000002297573
DynamicOnly_B10,JILONG_EI_0129,820,B10,70;101;180;40;178;68;72;26;210;28;60;78;148;58;252;3;32;233;156,0.1,19,126,19,0.2287293917651293,,False,0.9018379281537175,,,,,,19,0,54.76189999899361,2.577600011136383,70.91749999381136,2.7955999976256862
DynamicOnly_B10,JILONG_EI_0129,830,B10,70;101;178;180;40;68;72;26;210;28;60;78;148;58;252;3;32;233;91,0.1,19,126,19,0.2231547350123668,,False,0.9018379281537175,,,,,,19,0,55.03880001197104,2.830900004482828,70.95449999906123,2.3821999930078164
DynamicOnly_B10,JILONG_EI_0129,840,B10,70;101;178;180;40;68;72;26;210;28;60;78;148;58;3;252;32;14;156,0.1,19,126,19,0.2284460644301674,,False,0.902673350041771,,,,,,19,0,55.09360000723973,2.727200000663288,71.2364999926649,2.530099998693913
DynamicOnly_B10,JILONG_EI_0129,850,B10,70;101;178;180;40;72;68;210;26;28;60;78;148;58;3;252;32;156;14,0.1,19,126,19,0.2284460644301674,,False,0.9001670843776107,,,,,,19,0,54.800300000351854,2.773500003968365,70.95449999906123,2.2896000009495765
DynamicOnly_B10,JILONG_EI_0129,860,B10,70;40;178;101;180;72;68;210;60;26;28;78;148;58;3;32;156;91;128,0.1,19,125,19,0.2303987257927422,,False,0.8926315789473683,,,,,,19,0,54.73480001091957,2.736700000241399,70.00439999683294,2.4007000029087067
DynamicOnly_B10,JILONG_EI_0129,870,B10,70;178;101;180;40;72;68;210;26;60;28;78;148;58;3;32;156;128;233,0.1,19,124,19,0.2296559487254098,,False,0.8904923599320884,,,,,,19,0,54.84720000822563,2.6368999970145524,69.78420000814367,3.4180000075139105
DynamicOnly_B10,JILONG_EI_0129,880,B10,70;40;178;101;180;72;210;68;26;60;28;78;148;58;3;32;156;233;128,0.1,19,124,19,0.2296559487254098,,False,0.8896434634974535,,,,,,19,0,54.72559999907389,2.6111000042874366,71.3646000076551,2.2606999991694465
DynamicOnly_B10,JILONG_EI_0129,890,B10,70;178;101;210;180;40;72;68;26;60;28;78;148;58;3;32;156;128;233,0.1,19,124,19,0.2296559487254098,,False,0.8926146010186757,,,,,,19,0,55.61100000340957,2.871800010325387,71.27670000772923,2.29280001076404
DynamicOnly_B10,JILONG_EI_0129,900,B10,70;178;101;210;180;72;40;68;77;26;28;148;58;3;32;156;128;66;119,0.1,19,124,19,0.218521950210964,,False,0.8807300509337859,,,,,,19,0,54.79650000052061,3.3422999986214563,71.16740000492427,2.520099995308556
DynamicOnly_B10,JILONG_EI_0129,910,B10,70;178;40;210;101;77;72;180;68;26;28;148;58;3;32;99;156;233;66,0.1,19,124,19,0.219877326921457,,False,0.8760611205432937,,,,,,19,0,55.04540000401903,2.8348000050755218,71.30650000181049,2.565799994044937
DynamicOnly_B10,JILONG_EI_0129,920,B10,70;210;178;101;72;77;180;40;68;26;28;148;58;3;32;99;156;233;66,0.1,19,124,19,0.219877326921457,,False,0.8807300509337859,,,,,,19,0,54.23819999850821,3.373800005647354,70.16359998669941,2.2804000036558136
DynamicOnly_B10,JILONG_EI_0129,930,B10,70;210;178;101;180;72;40;60;68;26;28;78;148;58;3;99;32;155;141,0.1,19,124,19,0.2269222228178052,,False,0.8913412563667231,,,,,,19,0,56.86939999577589,3.156100006890483,69.67789999907836,2.229100005934015
DynamicOnly_B10,JILONG_EI_0129,940,B10,70;210;178;101;72;180;40;26;68;77;28;148;58;3;99;32;155;14;141,0.1,19,124,19,0.2135981805790598,,False,0.8811544991511036,,,,,,19,0,54.35179999039974,3.654799991636537,69.98270000622142,2.224800002295524
DynamicOnly_B10,JILONG_EI_0129,950,B10,70;210;178;101;180;72;40;68;26;60;28;78;148;58;3;99;32;155;141,0.1,19,124,19,0.2269222228178052,,False,0.8913412563667231,,,,,,19,0,55.09120000351686,2.610900002764538,70.10160000936594,2.2402000031434
DynamicOnly_B10,JILONG_EI_0129,960,B10,70;210;101;178;72;180;40;68;26;60;28;78;148;58;3;99;32;155;141,0.1,19,124,19,0.2269222228178052,,False,0.8934634974533108,,,,,,19,0,54.740199993830174,2.6768000097945333,70.46580000314862,2.5756999966688454
DynamicOnly_B10,JILONG_EI_0129,970,B10,70;210;101;178;72;180;40;68;26;60;28;78;148;58;3;99;32;155;141,0.1,19,124,19,0.2269222228178052,,False,0.8913412563667231,,,,,,19,0,56.88019999070093,2.7808999875560403,71.50790000741836,2.5342000008095056
DynamicOnly_B10,JILONG_EI_0129,980,B10,210;70;101;178;72;180;40;68;26;60;28;148;78;58;3;99;14;32;141,0.1,19,124,19,0.2245483992005574,,False,0.8981324278438031,,,,,,19,0,54.59390000032727,2.566099996329285,71.09260000288486,2.4344999983441085
DynamicOnly_B10,JILONG_EI_0129,990,B10,210;70;101;178;72;180;40;68;26;77;148;28;58;3;99;32;141;155;66,0.1,19,124,19,0.2167607262368769,,False,0.8837011884550084,,,,,,19,0,54.589200008194894,2.718899995670654,70.69040001078974,2.213600004324689
DynamicOnly_B10,JILONG_EI_0129,1000,B10,210;70;101;72;178;180;40;77;68;26;148;28;58;3;99;141;32;155;91,0.1,19,124,19,0.214624284981354,,False,0.881578947368421,,,,,,19,0,55.64639999647625,4.523700001300313,71.74289999238681,2.335400000447408
DynamicOnly_B10,JILONG_EI_0129,1010,B10,210;70;101;72;178;180;40;68;26;77;148;44;58;3;99;141;155;32;66,0.1,19,124,19,0.2253064912589688,,False,0.8841256366723259,,,,,,19,0,57.34360001224559,2.6954000059049577,72.22030000411905,2.42689999868162
DynamicOnly_B10,JILONG_EI_0129,1020,B10,210;70;101;72;178;180;40;26;68;77;44;148;58;3;99;141;32;14;155,0.1,19,124,19,0.2221439456011517,,False,0.8921901528013583,,,,,,19,0,54.81990000407677,2.722599994740449,71.57050000387244,2.318099999683909
DynamicOnly_B10,JILONG_EI_0129,1030,B10,210;70;101;72;178;180;40;26;68;60;148;78;28;58;99;141;3;155;32,0.1,19,124,19,0.2269222228178052,,False,0.8947368421052632,,,,,,19,0,54.43649999506306,2.958699988084845,70.49519999418408,2.219600006355904
DynamicOnly_B10,JILONG_EI_0129,1040,B10,210;70;101;72;178;180;40;68;26;28;148;78;58;60;99;3;141;155;32,0.1,19,124,19,0.2269222228178052,,False,0.8938879456706282,,,,,,19,0,54.89070000476204,2.693000002182089,69.75280000187922,2.555500002927147
DynamicOnly_B10,JILONG_EI_0129,1050,B10,210;70;101;72;178;180;40;26;68;28;148;60;78;58;99;141;3;155;199,0.1,19,123,19,0.2272285226393855,,False,0.8985879332477534,,,,,,19,0,54.31940000562463,2.636100005474873,71.5316999994684,3.37730000319425
DynamicOnly_B10,JILONG_EI_0129,1060,B10,210;70;72;101;178;180;40;26;68;28;148;78;58;60;99;3;141;199;155,0.1,19,123,19,0.2272285226393855,,False,0.9024390243902438,,,,,,19,0,54.15090000315104,2.628900008858181,71.07910000195261,2.289700001711026
DynamicOnly_B10,JILONG_EI_0129,1070,B10,210;70;72;101;178;180;40;26;68;148;28;78;58;60;3;99;141;199;155,0.1,19,123,19,0.2272285226393855,,False,0.9011553273427472,,,,,,19,0,55.07119999674615,2.5833999970927835,70.11129999591503,2.427800005534664
DynamicOnly_B10,JILONG_EI_0129,1080,B10,210;70;72;101;178;180;40;26;68;148;28;58;78;60;141;99;3;199;155,0.1,19,123,19,0.2272285226393855,,False,0.902439024390244,,,,,,19,0,55.43979999492876,3.743699999176897,71.1656000057701,2.2428999945987016
DynamicOnly_B10,JILONG_EI_0129,1090,B10,210;70;72;101;178;180;40;26;68;148;58;28;78;60;141;99;3;199;155,0.1,19,123,19,0.2272285226393855,,False,0.9028669234060762,,,,,,19,0,54.3131999875186,2.602900000056252,70.35639999958221,2.271700010169297
DynamicOnly_B10,JILONG_EI_0129,1100,B10,210;70;72;101;178;180;40;26;68;148;58;78;28;60;141;99;3;199;155,0.1,19,123,19,0.2272285226393855,,False,0.900727428326915,,,,,,19,0,54.28989999927581,2.574699989054352,70.24669999373145,2.2221999970497563
DynamicOnly_B10,JILONG_EI_0129,1110,B10,210;70;72;101;178;180;40;26;68;148;58;78;28;60;99;141;199;3;155,0.1,19,123,19,0.2272285226393855,,False,0.9011553273427472,,,,,,19,0,54.17640000814572,2.6131999911740422,70.37940000009257,2.2867999941809103
DynamicOnly_B10,JILONG_EI_0129,1120,B10,210;70;72;101;178;40;180;26;68;148;58;78;28;141;99;199;60;3;155,0.1,19,123,19,0.2272285226393855,,False,0.9045785194694052,,,,,,19,0,54.4064999994589,2.6329999964218587,70.74319999082945,2.325699999346398
DynamicOnly_B10,JILONG_EI_0129,1130,B10,210;70;101;72;178;40;180;26;148;68;58;78;28;141;3;99;199;60;155,0.1,19,123,19,0.2272285226393855,,False,0.9045785194694052,,,,,,19,0,56.04720000701491,3.1850999948801477,70.86899998830631,2.3079999955371022
DynamicOnly_B10,JILONG_EI_0129,1140,B10,210;70;101;72;178;40;180;26;148;68;58;78;28;141;199;99;3;60;155,0.1,19,123,19,0.2272285226393855,,False,0.9062901155327342,,,,,,19,0,57.166699989466,2.646000008098781,72.18469999497756,2.9568000027211383
DynamicOnly_B10,JILONG_EI_0129,1150,B10,210;70;101;72;178;40;180;26;148;68;58;94;28;199;141;99;3;61;155,0.1,19,123,19,0.2295104563101592,,False,0.9028669234060762,,,,,,19,0,54.27900000358932,2.587900002254173,70.06699999328703,2.248599994345568
DynamicOnly_B10,JILONG_EI_0129,1160,B10,70;210;101;72;178;40;180;26;148;68;94;58;28;199;61;3;141;99;155,0.1,19,123,19,0.2295104563101592,,False,0.904150620453573,,,,,,19,0,54.44039999565575,2.5880000030156225,70.46889999764971,2.242699993075803
DynamicOnly_B10,JILONG_EI_0129,1170,B10,70;101;210;72;178;40;180;26;148;94;68;58;199;61;28;141;3;99;155,0.1,19,123,19,0.2295104563101592,,False,0.9020111253744116,,,,,,19,0,54.14799999562092,2.6689999940572307,69.72569999925327,2.250100005767308
DynamicOnly_B10,JILONG_EI_0129,1180,B10,70;101;210;72;178;40;180;26;148;68;94;58;199;61;3;28;141;99;155,0.1,19,123,19,0.2295104563101592,,False,0.9071459135643988,,,,,,19,0,54.544499987969175,3.1121999927563597,70.56299998657778,2.440500000375323
DynamicOnly_B10,JILONG_EI_0129,1190,B10,70;101;72;210;178;40;180;26;148;94;68;58;199;61;141;28;3;155;99,0.1,19,123,19,0.2295104563101592,,False,0.9071459135643988,,,,,,19,0,56.10049999086186,2.613400007248856,71.30299998971168,2.2287000028882176
DynamicOnly_B10,JILONG_EI_0129,1200,B10,101;70;72;210;40;180;178;26;148;94;68;58;199;61;141;28;3;155;66,0.1,19,123,19,0.2318995949184859,,False,0.905862216516902,,,,,,19,0,54.92799999774434,2.6550000038696453,70.47799999418203,2.695200004382059
DynamicOnly_B10,JILONG_EI_0129,1210,B10,101;70;72;210;40;180;178;26;148;77;68;58;199;141;28;3;155;66;99,0.1,19,123,19,0.2170670260584573,,False,0.8964484381685921,,,,,,19,0,55.14280000352301,2.618999991682358,70.67950000055134,2.264900002046488
DynamicOnly_B10,JILONG_EI_0129,1220,B10,101;70;72;210;40;180;178;26;148;94;61;58;68;199;3;141;28;155;50,0.1,19,123,19,0.2286757892963527,,False,0.9045785194694052,,,,,,19,0,54.56219999177847,2.891199997975491,70.4251999995904,2.197900001192465
DynamicOnly_B10,JILONG_EI_0129,1230,B10,101;70;72;210;40;180;178;26;148;94;58;68;199;141;61;3;155;66;28,0.1,19,123,19,0.2318995949184859,,False,0.9045785194694052,,,,,,19,0,54.121500012115575,2.9561999981524423,71.34109998878557,2.2748999908799306
DynamicOnly_B10,JILONG_EI_0129,1240,B10,101;70;72;210;40;180;178;26;148;94;58;68;199;2;141;61;155;66;99,0.1,19,123,19,0.2174039558621957,,False,0.9032948224219084,,,,,,19,0,54.8692000011215,2.805099997203797,71.63690000015777,2.4403999996138737
DynamicOnly_B10,JILONG_EI_0129,1250,B10,77;101;70;72;210;40;180;178;26;148;58;199;68;141;3;155;44;66;99,0.1,19,122,19,0.2256127910805491,,False,0.8943054357204487,,,,,,19,0,55.38399999204557,2.6403000083519146,72.1487000118941,2.3785000084899366
DynamicOnly_B10,JILONG_EI_0129,1260,B10,101;70;72;210;40;180;62;178;94;26;148;58;68;199;141;44;3;155;66,0.1,19,123,19,0.2228024902175494,,False,0.9071459135643988,,,,,,19,0,57.46050000016112,2.606699999887496,75.41189999028575,3.159400002914481
DynamicOnly_B10,JILONG_EI_0129,1270,B10,101;70;72;210;40;180;62;178;94;26;148;58;199;68;3;141;60;155;66,0.1,19,123,19,0.2082302762058641,,False,0.9067180145485668,,,,,,19,0,54.5737999927951,3.1612000020686537,69.2918999993708,2.268399999593385
DynamicOnly_B10,JILONG_EI_0129,1280,B10,101;70;72;210;40;62;180;94;178;148;26;58;199;68;2;44;141;155;66,0.1,19,124,19,0.2218299882840318,,False,0.9087436332767402,,,,,,19,0,54.0917000034824,3.096999993431382,69.8975999985123,2.252700011013076
DynamicOnly_B10,JILONG_EI_0129,1290,B10,101;72;70;210;40;62;180;94;178;148;26;58;199;68;141;3;44;155;66,0.1,19,123,19,0.2228024902175494,,False,0.908857509627728,,,,,,19,0,54.46260000462644,2.9824999946868047,70.80190000124276,2.319200008059852
DynamicOnly_B10,JILONG_EI_0129,1300,B10,101;72;70;210;40;62;94;180;178;148;26;58;199;68;3;44;141;155;66,0.1,19,123,19,0.2228024902175494,,False,0.9080017115960636,,,,,,19,0,55.66660000476986,2.661099992110394,71.07879999966826,2.4357999936910346
DynamicOnly_B10,JILONG_EI_0129,1310,B10,101;72;70;62;40;210;94;180;178;148;26;58;199;68;44;141;203;3;155,0.1,19,124,19,0.2199921893545497,,False,0.91044142614601,,,,,,19,0,55.53280000458472,2.9519000090658665,71.1656000057701,2.517099987016991
DynamicOnly_B10,JILONG_EI_0129,1320,B10,101;72;70;94;62;40;210;27;180;178;148;58;199;68;3;60;203;141;50,0.1,19,124,19,0.2005115207020392,,False,0.9066213921901528,,,,,,19,0,56.06879999686498,3.454199992120266,71.85530000424478,3.458799998043105
DynamicOnly_B10,JILONG_EI_0129,1330,B10,101;94;72;40;70;62;210;180;178;148;26;199;58;2;68;141;44;155;66,0.1,19,124,19,0.2218299882840318,,False,0.9091680814940576,,,,,,19,0,54.96649999986403,2.664400002686307,70.48409999697469,2.212200008216314
DynamicOnly_B10,JILONG_EI_0129,1340,B10,101;72;70;94;40;62;210;180;178;148;186;26;199;58;68;44;141;3;155,0.1,19,124,19,0.2195250821266396,,False,0.91213921901528,,,,,,19,0,54.6226000005845,2.61510000564158,70.30439999653026,2.2237999946810305
DynamicOnly_B10,JILONG_EI_0129,1350,B10,101;72;70;94;62;40;180;210;178;148;26;186;199;58;68;44;3;141;155,0.1,19,124,19,0.2195250821266396,,False,0.91383701188455,,,,,,19,0,55.2383999893209,2.630399991176091,70.26809999661054,2.221499991719611
DynamicOnly_B10,JILONG_EI_0129,1360,B10,101;72;94;70;62;40;180;210;178;148;26;186;199;58;141;68;44;2;50,0.1,19,126,19,0.2161174966115582,,False,0.9143692564745196,,,,,,19,0,54.58580001140945,2.604299996164628,69.77389998792205,2.256899999338202
DynamicOnly_B10,JILONG_EI_0129,1370,B10,101;72;94;70;62;40;180;210;178;148;26;186;199;58;44;68;141;3;50,0.1,19,125,19,0.2170899985450758,,False,0.9157894736842104,,,,,,19,0,55.37129999720492,2.6906999992206693,70.53409999934956,2.6255999982822686
DynamicOnly_B10,JILONG_EI_0129,1380,B10,101;94;72;70;40;180;178;210;148;26;186;199;58;68;44;50;141;3;155,0.1,19,125,19,0.215543184446095,,False,0.9145263157894736,,,,,,19,0,55.40399999881629,2.650100010214373,70.52960000874009,2.231300008133985
DynamicOnly_B10,JILONG_EI_0129,1390,B10,101;94;72;70;62;40;180;210;178;148;186;26;199;58;141;44;68;50;3,0.1,19,125,19,0.2170899985450758,,False,0.911578947368421,,,,,,19,0,54.28860000392888,2.6254999975208198,70.233599995845,2.270400000270456
DynamicOnly_B10,JILONG_EI_0129,1400,B10,101;94;72;70;62;40;180;210;178;148;186;26;199;58;44;68;3;66;155,0.1,19,124,19,0.2212939635962662,,False,0.9125636672325976,,,,,,19,0,54.1945000004489,2.5701999984448776,70.59680001111701,2.265099989017472
DynamicOnly_B10,JILONG_EI_0129,1410,B10,101;94;72;70;62;40;180;178;210;148;26;186;199;58;68;44;3;155;66,0.1,19,125,19,0.2212939635962662,,False,0.9111578947368422,,,,,,19,0,54.43669999658596,2.63499999709893,70.55709999985993,2.239099994767457
DynamicOnly_B10,JILONG_EI_0129,1420,B10,27;101;94;72;70;62;40;180;178;210;148;186;2;199;58;68;155;66;60,0.1,19,126,19,0.2032758765918018,,False,0.9068504594820384,,,,,,19,0,55.36880000727251,2.6599999982863665,70.84920001216233,2.236899992567487
DynamicOnly_B10,JILONG_EI_0129,1430,B10,94;101;72;70;62;40;180;178;210;148;186;26;199;2;58;68;44;155;66,0.1,19,126,19,0.2203214616627485,,False,0.9072681704260652,,,,,,19,0,54.884000011952594,2.737600007094443,70.28029998764396,2.239900000859052
DynamicOnly_B10,JILONG_EI_0129,1440,B10,94;101;72;70;62;40;180;178;148;210;26;186;199;58;3;68;44;50;155,0.1,19,125,19,0.2180701579741329,,False,0.9107368421052632,,,,,,19,0,54.75739999383222,3.564600003301166,71.90700000501238,2.37800000468269
DynamicOnly_B10,JILONG_EI_0139,10,B10,78;252;14;44;192;46;5;141;166;32;83;128;91;206;202;25;117;89;86,0.1,19,128,19,0.1232091032306973,,False,0.8984375,,,,,,19,0,54.40170000656508,3.3604000054765493,70.68659999640658,2.253999991808086
DynamicOnly_B10,JILONG_EI_0139,20,B10,77;141;79;46;14;206;174;44;252;42;32;128;202;5;101;83;166;231;176,0.1,19,127,19,0.1010942561125958,,False,0.8947368421052632,,,,,,19,0,55.22490000294056,3.5560999967856333,71.80250000965316,3.0457999964710325
DynamicOnly_B10,JILONG_EI_0139,30,B10,77;79;141;44;55;99;46;206;252;14;91;144;25;32;5;121;174;88;166,0.1,19,125,19,0.1131012091185457,,False,0.8593684210526316,,,,,,19,0,55.4100000008475,3.4134000015910715,70.59770000341814,2.7468000043882057
DynamicOnly_B10,JILONG_EI_0139,40,B10,77;79;44;84;166;26;252;141;46;91;23;32;112;55;206;88;174;50;172,0.1,19,125,19,0.1140277660788262,,False,0.8555789473684211,,,,,,19,0,55.51459999696817,2.646199995069765,70.62549999682233,2.849000011337921
DynamicOnly_B10,JILONG_EI_0139,50,B10,61;93;79;14;121;206;141;28;85;166;112;99;56;19;25;5;172;32;50,0.1,19,122,19,0.1148394606060142,,False,0.8748921484037964,,,,,,19,0,54.72060000465717,2.5886999937938526,70.81119999929797,2.284200003487058
DynamicOnly_B10,JILONG_EI_0139,60,B10,61;93;79;141;29;42;5;172;166;91;206;55;24;174;176;66;251;135;117,0.1,19,122,19,0.1135606588509162,,False,0.860655737704918,,,,,,19,0,55.406900006346405,2.858899999409914,71.17060000018682,2.397699994617142
DynamicOnly_B10,JILONG_EI_0139,70,B10,60;93;29;141;27;166;25;32;70;56;252;91;66;34;218;89;117;120;128,0.1,19,121,19,0.125521666883629,,False,0.8307959982601132,,,,,,19,0,54.608400008874014,3.3653999998932704,70.30479999957606,2.2800000006100163
DynamicOnly_B10,JILONG_EI_0139,80,B10,44;77;46;14;42;203;141;34;172;32;56;101;252;206;91;70;147;66;209,0.1,19,122,19,0.1330106975212687,,False,0.8162208800690249,,,,,,19,0,54.923200004850514,2.8512999997474253,69.91289999859873,2.2323999874060974
DynamicOnly_B10,JILONG_EI_0139,90,B10,28;61;93;14;206;26;141;252;99;49;91;57;155;55;120;202;86;36;88,0.1,19,120,19,0.1274819857417433,,False,0.8228070175438597,,,,,,19,0,54.432599994470365,3.050500003155321,69.97410001349635,2.2440999891841784
DynamicOnly_B10,JILONG_EI_0139,100,B10,28;61;26;93;141;206;91;70;49;252;14;5;166;120;89;176;40;99;117,0.1,19,119,19,0.1395808286941673,,False,0.8270676691729322,,,,,,19,0,54.83979999553412,2.5894999998854478,70.55980000586715,2.883000008296221
DynamicOnly_B10,JILONG_EI_0139,110,B10,28;60;26;93;252;141;206;91;32;40;70;166;202;128;20;117;155;99;50,0.1,19,118,19,0.1306751613817185,,False,0.8278322925958965,,,,,,19,0,54.53019999549724,2.5549999991199,70.13290000031702,2.183299991884269
DynamicOnly_B10,JILONG_EI_0139,120,B10,28;60;93;26;252;90;14;55;32;88;202;4;135;141;172;206;121;128;66,0.1,19,118,19,0.0901134075089401,,False,0.8108831400535236,,,,,,19,0,56.895599991548806,2.674699993804097,70.61210001120344,2.26249999832362
DynamicOnly_B10,JILONG_EI_0139,130,B10,27;61;93;14;25;101;251;202;55;176;58;5;32;112;104;171;91;233;141,0.1,19,118,19,0.1273211783354136,,False,0.8206958073148973,,,,,,19,0,56.04450000100769,2.753900000243448,71.85330000356771,2.914599986979738
DynamicOnly_B10,JILONG_EI_0139,140,B10,27;61;93;25;202;252;101;14;58;55;112;104;141;34;176;174;91;155;229,0.1,19,119,19,0.1284851176574189,,False,0.8084918177797434,,,,,,19,0,55.5815999978222,3.4872999967774376,71.21799999731593,2.459600000292994
DynamicOnly_B10,JILONG_EI_0139,150,B10,27;61;25;93;202;101;14;252;56;112;121;32;211;172;4;176;34;170;141,0.1,19,119,19,0.1411735877663851,,False,0.8093763821318,,,,,,19,0,55.03160000080243,2.8935000009369105,71.137799997814,3.0218000028980896
DynamicOnly_B10,JILONG_EI_0139,160,B10,26;28;60;93;40;101;32;232;70;14;121;235;203;3;211;170;112;119;91,0.1,19,118,19,0.148922973252368,,False,0.7997323818019624,,,,,,19,0,55.36120000761002,2.7104999899165705,70.06520000868477,2.220599999418482
DynamicOnly_B10,JILONG_EI_0139,170,B10,26;58;28;60;93;40;106;232;101;186;218;32;70;229;112;179;14;211;50,0.1,19,117,19,0.1565957837829559,,False,0.7989203778677462,,,,,,19,0,54.02340000728145,2.546699994127266,70.56930000544526,2.7261999930487946
DynamicOnly_B10,JILONG_EI_0139,180,B10,25;58;27;45;77;56;101;106;229;70;99;232;218;88;50;186;179;132;13,0.1,19,118,19,0.1663744055869087,,False,0.8046387154326494,,,,,,19,0,54.4720000034431,2.548200005549006,70.60520000231918,2.2406999923987314
DynamicOnly_B10,JILONG_EI_0139,190,B10,25;27;58;45;78;101;56;88;70;106;99;202;233;229;251;14;179;51;132,0.1,19,118,19,0.1777304714720003,,False,0.792149866190901,,,,,,19,0,55.026800007908605,2.644399995915592,70.29209999018349,2.268399999593385
DynamicOnly_B10,JILONG_EI_0139,200,B10,41;27;60;78;101;55;88;99;29;229;90;4;200;251;50;141;232;36;160,0.1,19,118,19,0.1376128523405135,,False,0.7854594112399643,,,,,,19,0,54.44619999616407,3.0618999880971387,70.6140999973286,2.3843999952077866
DynamicOnly_B10,JILONG_EI_0139,210,B10,24;26;58;93;28;56;60;101;88;99;216;50;90;229;70;4;141;160;135,0.1,19,119,19,0.1399024435068266,,False,0.8133569217160548,,,,,,19,0,54.59960000007413,2.956700001959689,70.17039999482222,2.303500004927628
DynamicOnly_B10,JILONG_EI_0139,220,B10,40;26;28;58;101;88;94;60;233;251;70;106;50;155;135;165;201;52;215,0.1,19,118,19,0.1650802888407317,,False,0.7899197145405887,,,,,,19,0,54.30269999487791,3.173100005369633,71.97299999825191,2.923699998063966
DynamicOnly_B10,JILONG_EI_0139,230,B10,40;93;26;101;58;28;60;88;251;70;233;135;172;112;36;209;201;219;206,0.1,19,118,19,0.1463577122466326,,False,0.8059768064228369,,,,,,19,0,56.203200001618825,3.3891999919433147,70.04039999446832,2.222099996288307
DynamicOnly_B10,JILONG_EI_0139,240,B10,40;26;101;58;28;94;60;88;70;251;229;135;233;219;51;172;206;201;112,0.1,19,118,19,0.1527670360132015,,False,0.802408563782337,,,,,,19,0,54.325799996149726,3.0346999992616475,72.03280000248924,2.9746000072918832
DynamicOnly_B10,JILONG_EI_0139,250,B10,55;41;23;27;101;94;60;88;29;251;229;36;135;233;219;206;172;128;148,0.1,19,120,19,0.1451478279513902,,False,0.7969298245614036,,,,,,19,0,55.83450000267476,2.6113000058103357,70.69139998930041,2.2074000007705763
DynamicOnly_B10,JILONG_EI_0139,260,B10,55;24;26;101;28;94;60;58;88;229;36;251;128;135;233;206;148;219;172,0.1,19,121,19,0.1559831841397952,,False,0.8012179208351458,,,,,,19,0,54.952499995124526,3.183699998771772,70.65829999919515,2.253700004075654
DynamicOnly_B10,JILONG_EI_0139,270,B10,55;25;101;27;23;60;94;58;88;29;229;128;251;206;135;36;148;233;219,0.1,19,122,19,0.1491297256319348,,False,0.8045729076790337,,,,,,19,0,54.587499995250255,2.811700003803708,70.17289999930654,2.249999990453944
DynamicOnly_B10,JILONG_EI_0139,280,B10,26;40;101;71;60;58;94;28;229;206;128;251;135;105;148;203;233;35;66,0.1,19,121,19,0.1688477766461701,,False,0.7899086559373641,,,,,,19,0,54.75510000542272,3.1851000094320625,72.27180000336375,3.0409000028157607
DynamicOnly_B10,JILONG_EI_0139,290,B10,26;40;101;71;60;28;94;58;206;36;148;229;251;128;105;135;203;66;32,0.1,19,122,19,0.1704252207273089,,False,0.7937877480586714,,,,,,19,0,55.35979999694973,2.60540000454057,70.22880000295117,2.2336999973049387
DynamicOnly_B10,JILONG_EI_0139,300,B10,40;26;101;70;60;28;94;58;14;88;148;206;128;229;251;203;135;32;66,0.1,19,122,19,0.1652717262292194,,False,0.8032786885245902,,,,,,19,0,55.31390001124237,2.649800007930025,70.49869999173097,2.2062000061850995
DynamicOnly_B10,JILONG_EI_0139,310,B10,40;26;101;70;60;28;94;58;88;148;206;203;251;135;32;128;66;161;155,0.1,19,122,19,0.1702184683477421,,False,0.7950819672131149,,,,,,19,0,54.66860000160523,3.333000000566244,70.74589999683667,2.2075000015320256
DynamicOnly_B10,JILONG_EI_0139,320,B10,40;26;101;60;70;28;94;58;88;148;206;203;161;36;155;32;135;128;251,0.1,19,123,19,0.171841857402118,,False,0.798887462558836,,,,,,19,0,54.15050000010524,2.6587000029394403,71.51139999041334,3.3060999994631857
DynamicOnly_B10,JILONG_EI_0139,330,B10,40;26;101;60;70;28;94;88;58;148;206;155;203;32;128;180;135;251;176,0.1,19,122,19,0.1781439762311338,,False,0.7955133735979292,,,,,,19,0,55.815900006564334,2.588500006822869,70.36040000093635,2.2160000080475584
DynamicOnly_B10,JILONG_EI_0139,340,B10,40;26;101;70;94;60;28;88;58;148;180;176;203;155;206;32;51;135;240,0.1,19,121,19,0.2039037912260416,,False,0.8003479773814702,,,,,,19,0,55.2767000044696,2.655899996170774,70.64570000511594,2.195599998231046
DynamicOnly_B10,JILONG_EI_0139,350,B10,40;26;101;70;60;28;94;88;58;148;180;176;203;32;155;51;206;240;135,0.1,19,122,19,0.2039037912260416,,False,0.8006902502157033,,,,,,19,0,54.84230000001844,3.346200013766065,72.52660000813194,3.251499991165474
DynamicOnly_B10,JILONG_EI_0139,360,B10,40;26;70;101;60;28;94;88;58;148;180;176;218;32;155;240;51;206;135,0.1,19,121,19,0.2039037912260416,,False,0.8038277511961723,,,,,,19,0,55.67169999994803,2.991200002725236,71.65859999076929,2.6750999968498945
DynamicOnly_B10,JILONG_EI_0139,370,B10,40;26;70;101;60;28;94;88;58;148;180;176;218;32;51;155;240;206;252,0.1,19,121,19,0.201683117519584,,False,0.8073075250108743,,,,,,19,0,54.09379999036901,2.6320000033592805,70.81740000285208,2.9399000050034374
DynamicOnly_B10,JILONG_EI_0139,380,B10,40;70;26;101;60;28;94;88;148;180;58;176;218;51;252;32;155;240;206,0.1,19,121,19,0.201683117519584,,False,0.8151370160939538,,,,,,19,0,54.4384000095306,2.560400011134334,70.81839999591466,3.144100002828054
DynamicOnly_B10,JILONG_EI_0139,390,B10,70;40;26;101;60;28;94;88;180;148;58;190;51;176;252;218;32;155;240,0.1,19,122,19,0.2029695767702215,,False,0.824849007765315,,,,,,19,0,54.75680000381544,3.300099997431971,71.45090000994969,2.954799987492152
DynamicOnly_B10,JILONG_EI_0139,400,B10,70;40;26;101;60;28;94;14;180;88;148;58;190;252;176;218;32;51;155,0.1,19,122,19,0.1833051282247628,,False,0.8330457290767903,,,,,,19,0,55.98569998983294,2.6885999977821484,71.52520000818186,2.8910999972140417
DynamicOnly_B10,JILONG_EI_0139,410,B10,70;40;26;101;60;28;180;78;14;88;148;58;51;190;252;176;218;32;155,0.1,19,122,19,0.1943166068105765,,False,0.8373597929249352,,,,,,19,0,56.96059999172576,3.355699998792261,70.54709999647457,2.255600003991276
DynamicOnly_B10,JILONG_EI_0139,420,B10,70;60;40;26;101;28;78;180;14;88;148;58;252;51;190;32;218;176;155,0.1,19,122,19,0.1943166068105765,,False,0.8421052631578947,,,,,,19,0,56.41370000375901,2.642000006744638,71.0557999991579,2.398700002231635
DynamicOnly_B10,JILONG_EI_0139,430,B10,70;26;40;101;60;28;180;78;88;148;51;58;252;190;32;218;176;155;240,0.1,19,122,19,0.2139810553560352,,False,0.8408110440034513,,,,,,19,0,55.0132000062149,2.773999993223697,70.49179999739863,2.309700008481741
DynamicOnly_B10,JILONG_EI_0139,440,B10,70;26;40;101;60;28;180;78;88;148;252;58;51;32;190;218;176;155;240,0.1,19,122,19,0.2139810553560352,,False,0.8438308886971527,,,,,,19,0,55.15529999684077,2.6104999997187406,71.118200008641,2.2828999935882166
DynamicOnly_B10,JILONG_EI_0139,450,B10,70;26;40;101;60;28;180;78;88;148;252;58;32;190;218;176;155;51;240,0.1,19,123,19,0.2139810553560352,,False,0.8399657680787334,,,,,,19,0,56.71439999423456,3.452300006756559,72.09159999911208,2.394299997831695
DynamicOnly_B10,JILONG_EI_0139,460,B10,70;26;40;60;101;28;180;78;88;148;252;58;51;32;218;190;176;155;240,0.1,19,123,19,0.2139810553560352,,False,0.8429610611895593,,,,,,19,0,56.260800003656186,2.7061000000685453,70.91509999008849,2.353400006541051
DynamicOnly_B10,JILONG_EI_0139,470,B10,70;26;40;60;101;180;28;88;78;148;252;58;51;32;218;190;176;155;240,0.1,19,123,19,0.2139810553560352,,False,0.8459563543003852,,,,,,19,0,56.91959999967367,2.7474000089569017,71.67620000836905,2.2967000113567337
DynamicOnly_B10,JILONG_EI_0139,480,B10,70;26;40;60;101;180;28;88;78;148;252;58;51;32;203;190;176;155;240,0.1,19,123,19,0.2139810553560352,,False,0.8468121523320497,,,,,,19,0,55.54180000035558,3.515399992465973,71.2476000044262,2.282400004332885
DynamicOnly_B10,JILONG_EI_0139,490,B10,70;26;40;60;101;180;28;88;148;78;252;51;58;32;203;190;176;155;240,0.1,19,123,19,0.2139810553560352,,False,0.8451005562687207,,,,,,19,0,55.30200000794139,3.4607999987201765,70.7943999877898,2.238700006273575
DynamicOnly_B10,JILONG_EI_0139,500,B10,70;26;40;101;60;180;28;88;148;78;252;58;32;51;203;176;155;190;240,0.1,19,123,19,0.2139810553560352,,False,0.8459563543003852,,,,,,19,0,57.79760000586976,2.972400005091913,70.44120000500698,2.649599991855212
DynamicOnly_B10,JILONG_EI_0139,510,B10,70;26;40;101;60;180;28;88;14;148;78;252;58;32;51;203;155;176;190,0.1,19,123,19,0.1943166068105765,,False,0.8600770218228497,,,,,,19,0,55.05120000452735,3.5660000139614567,71.84599999163765,3.11140000121668
DynamicOnly_B10,JILONG_EI_0139,520,B10,70;26;40;101;60;180;28;88;148;78;252;58;32;51;203;155;176;190;135,0.1,19,124,19,0.1960012558292684,,False,0.8501697792869269,,,,,,19,0,54.88850000256207,3.4254999918630347,73.34260000789072,2.5806000048760325
DynamicOnly_B10,JILONG_EI_0139,530,B10,60;70;26;40;101;180;28;88;148;94;58;252;32;203;51;155;176;190;135,0.1,19,124,19,0.1849897772434547,,False,0.8484719864176569,,,,,,19,0,55.21229999430943,3.2693999964976683,70.02460000512656,2.289000010932796
DynamicOnly_B10,JILONG_EI_0139,540,B10,70;26;101;40;180;60;28;88;148;78;58;252;32;51;203;155;176;190;135,0.1,19,124,19,0.1960012558292684,,False,0.8476230899830219,,,,,,19,0,54.12770000111777,3.4118000039597973,69.80459998885635,2.316899990546517
DynamicOnly_B10,JILONG_EI_0139,550,B10,70;26;101;40;180;60;28;88;148;78;58;252;203;32;51;155;190;176;135,0.1,19,124,19,0.1960012558292684,,False,0.8539898132427844,,,,,,19,0,54.64640000718646,2.718900010222569,70.4626999940956,2.2563999955309555
DynamicOnly_B10,JILONG_EI_0139,560,B10,70;26;101;40;180;60;94;28;88;148;58;252;203;32;51;155;161;190;135,0.1,19,125,19,0.1899824643352145,,False,0.8509473684210528,,,,,,19,0,55.31780001183506,2.716100003453903,70.54369999968912,2.87949999619741
DynamicOnly_B10,JILONG_EI_0139,570,B10,70;26;101;40;180;60;28;88;94;148;58;203;252;32;51;155;190;161;135,0.1,19,125,19,0.1899824643352145,,False,0.8551578947368421,,,,,,19,0,54.16160001186654,2.703800011659041,70.51460001093801,2.212199993664399
DynamicOnly_B10,JILONG_EI_0139,580,B10,70;26;101;40;180;60;28;88;148;14;78;58;203;32;252;51;155;190;161,0.1,19,125,19,0.1993092939023363,,False,0.8652631578947367,,,,,,19,0,54.18919998919591,2.632200004882179,70.45080000534654,2.308800001628697
DynamicOnly_B10,JILONG_EI_0139,590,B10,70;26;40;101;180;60;28;88;148;78;203;58;32;51;252;155;161;135;190,0.1,19,125,19,0.2009939429210282,,False,0.8543157894736841,,,,,,19,0,54.72460000601132,2.678900011233054,70.78690000344068,2.379900004598312
DynamicOnly_B10,JILONG_EI_0139,600,B10,70;60;26;101;40;180;88;28;148;94;203;58;51;32;252;155;161;190;135,0.1,19,125,19,0.1899824643352145,,False,0.8576842105263157,,,,,,19,0,55.19559999811463,2.804799994919449,71.5288000064902,2.381099999183789
DynamicOnly_B10,JILONG_EI_0139,610,B10,70;26;101;40;180;60;88;28;148;78;203;58;32;51;252;155;161;135;3,0.1,19,125,19,0.2002741383403144,,False,0.8568421052631577,,,,,,19,0,54.56440000853036,2.7399999962653965,72.45950000651646,3.392500002519228
DynamicOnly_B10,JILONG_EI_0139,620,B10,70;26;101;40;180;60;88;28;148;78;203;58;51;32;252;155;190;161;3,0.1,19,125,19,0.199546676264061,,False,0.8551578947368421,,,,,,19,0,57.026199996471405,2.736599999479949,71.49839999328833,2.225899996119552
DynamicOnly_B10,JILONG_EI_0139,630,B10,70;26;101;40;180;60;88;28;148;78;51;203;58;32;252;155;161;3;135,0.1,19,125,19,0.2002741383403144,,False,0.856842105263158,,,,,,19,0,56.53910001274198,2.674900009878911,70.45579999976326,2.2182999964570627
DynamicOnly_B10,JILONG_EI_0139,640,B10,70;26;101;40;180;60;88;28;148;78;51;203;58;32;252;155;161;3;190,0.1,19,125,19,0.199546676264061,,False,0.8589473684210527,,,,,,19,0,54.60620000667405,3.3027000026777387,70.46459999401122,2.295900005265139
DynamicOnly_B10,JILONG_EI_0139,650,B10,70;26;101;40;180;60;88;28;148;78;51;203;58;32;252;155;161;3;135,0.1,19,125,19,0.2002741383403144,,False,0.8602105263157893,,,,,,19,0,55.64189999131486,2.713399997446686,70.04239999514539,2.8722999995807186
DynamicOnly_B10,JILONG_EI_0139,660,B10,70;26;101;40;180;60;88;28;148;51;78;203;58;32;252;155;3;161;190,0.1,19,125,19,0.199546676264061,,False,0.8627368421052631,,,,,,19,0,54.205199994612485,2.6913000037893653,70.21190000523347,2.7406999870436266
DynamicOnly_B10,JILONG_EI_0139,670,B10,70;26;101;40;180;61;88;28;148;51;94;203;58;32;252;155;3;161;91,0.1,19,125,19,0.2018975273946903,,False,0.8606315789473684,,,,,,19,0,54.81970000255387,2.601999993203208,70.69209999463055,2.3630999930901453
DynamicOnly_B10,JILONG_EI_0139,680,B10,70;26;101;40;180;60;88;28;148;51;78;203;58;32;155;252;3;161;190,0.1,19,125,19,0.199546676264061,,False,0.864,,,,,,19,0,54.3381000024965,2.59360000200104,71.9392000028165,2.274099999340251
DynamicOnly_B10,JILONG_EI_0139,690,B10,70;26;101;40;180;60;88;28;148;51;203;78;58;32;155;252;3;161;91,0.1,19,125,19,0.1996155937239166,,False,0.8686315789473685,,,,,,19,0,54.29020000156015,3.1023999908939004,71.40359999903012,3.1244999991031364
DynamicOnly_B10,JILONG_EI_0139,700,B10,70;26;101;40;180;60;88;28;148;51;78;203;58;32;155;252;3;161;91,0.1,19,125,19,0.1996155937239166,,False,0.870315789473684,,,,,,19,0,55.36349999601953,2.628699992783368,71.13050000043586,2.228800003649667
DynamicOnly_B10,JILONG_EI_0139,710,B10,70;26;101;40;180;60;88;148;28;51;94;203;58;32;155;252;3;161;91,0.1,19,125,19,0.1886041151381029,,False,0.8703157894736843,,,,,,19,0,55.07709999801591,2.665599997271784,70.38800000736956,3.402200003620237
DynamicOnly_B10,JILONG_EI_0139,720,B10,70;26;101;40;180;60;88;148;28;51;203;94;58;32;155;252;3;161;91,0.1,19,125,19,0.1886041151381029,,False,0.8736842105263158,,,,,,19,0,54.28280000342056,2.7283999952487648,70.54790000256617,2.271299992571585
DynamicOnly_B10,JILONG_EI_0139,730,B10,70;101;26;40;180;60;88;148;51;28;203;94;58;32;155;252;3;161;91,0.1,19,125,19,0.1886041151381029,,False,0.8766315789473683,,,,,,19,0,54.89539999689441,3.6003999994136398,70.73680000030436,2.239600013126619
DynamicOnly_B10,JILONG_EI_0139,740,B10,70;26;101;40;180;60;88;51;148;28;203;94;58;32;155;252;3;161;91,0.1,19,125,19,0.1886041151381029,,False,0.8812631578947369,,,,,,19,0,54.59780000091996,3.739700012374669,71.2379000033252,2.3911000025691465
DynamicOnly_B10,JILONG_EI_0139,750,B10,70;101;26;40;180;60;88;51;148;28;203;94;58;32;155;252;3;161;91,0.1,19,125,19,0.1886041151381029,,False,0.8821052631578946,,,,,,19,0,56.91129999468103,2.628100002766587,71.55120000243187,3.1291000050259754
DynamicOnly_B10,JILONG_EI_0139,760,B10,70;101;26;40;180;60;88;51;148;28;203;58;94;32;155;252;3;161;91,0.1,19,125,19,0.1886041151381029,,False,0.8854736842105264,,,,,,19,0,54.53929999202956,2.636499993968755,70.15250000404194,2.2268000029725954
DynamicOnly_B10,JILONG_EI_0139,770,B10,70;101;26;40;180;51;60;88;148;28;203;94;58;32;155;3;252;161;91,0.1,19,125,19,0.1886041151381029,,False,0.8842105263157896,,,,,,19,0,54.77029999019578,2.6664000033633783,70.39939999231137,2.2591000015381724
DynamicOnly_B10,JILONG_EI_0139,780,B10,70;101;26;40;180;51;60;88;148;28;203;94;58;32;155;3;252;161;91,0.1,19,125,19,0.1886041151381029,,False,0.888,,,,,,19,0,54.235700008575805,2.5501000054646283,70.08099999802653,2.223099989350885
DynamicOnly_B10,JILONG_EI_0139,790,B10,70;101;26;40;180;51;60;88;148;28;203;94;58;32;155;3;252;161;91,0.1,19,124,19,0.1886041151381029,,False,0.8858234295415958,,,,,,19,0,54.75690000457689,2.644799998961389,69.97949999640696,2.267699994263239
DynamicOnly_B10,JILONG_EI_0139,800,B10,70;101;26;40;51;180;60;88;148;28;94;58;203;32;155;3;252;161;91,0.1,19,124,19,0.1886041151381029,,False,0.8904923599320884,,,,,,19,0,54.40280000038911,2.5821000017458573,70.40419999975711,2.2007999941706657
DynamicOnly_B10,JILONG_EI_0139,810,B10,70;101;26;40;51;180;60;88;148;28;203;94;58;32;155;3;252;161;91,0.1,19,124,19,0.1886041151381029,,False,0.8913412563667233,,,,,,19,0,54.62299998907838,3.544499995769001,70.27820000075735,2.2779999999329448
DynamicOnly_B10,JILONG_EI_0139,820,B10,70;101;26;51;40;180;60;88;148;28;203;94;58;32;155;3;252;161;91,0.1,19,124,19,0.1886041151381029,,False,0.8917657045840408,,,,,,19,0,54.80969999916852,2.644499996677041,70.5900000029942,2.290300006279722
DynamicOnly_B10,JILONG_EI_0139,830,B10,70;101;26;51;40;180;61;88;148;28;203;94;58;32;155;3;252;161;91,0.1,19,124,19,0.2018975273946903,,False,0.8917657045840408,,,,,,19,0,54.21080000814982,2.8842000028816983,70.340500009479,2.2761000000173226
DynamicOnly_B10,JILONG_EI_0139,840,B10,70;101;26;51;40;180;60;88;148;28;203;94;58;32;155;3;252;161;91,0.1,19,124,19,0.1886041151381029,,False,0.896434634974533,,,,,,19,0,54.323200005455874,2.6445000112289563,69.91950000519864,2.262199996039272
DynamicOnly_B10,JILONG_EI_0139,850,B10,70;101;26;51;40;180;60;88;148;28;94;203;58;32;155;3;161;252;91,0.1,19,124,19,0.1886041151381029,,False,0.8960101867572156,,,,,,19,0,54.15749999519903,2.783799995086156,69.91860001289751,2.2836999996798117
DynamicOnly_B10,JILONG_EI_0139,860,B10,70;101;26;51;40;180;60;88;148;28;203;94;58;32;155;3;91;252;161,0.1,19,124,19,0.1886041151381029,,False,0.8951612903225806,,,,,,19,0,54.62310000439175,2.745100005995482,71.01410000177566,2.445899997837841
DynamicOnly_B10,JILONG_EI_0139,870,B10,70;101;26;51;40;180;60;88;148;28;94;58;32;203;155;3;252;161;91,0.1,19,124,19,0.1886041151381029,,False,0.8985568760611207,,,,,,19,0,54.320600000210106,2.6080000097863376,70.72850000986364,2.2481000050902367
DynamicOnly_B10,JILONG_EI_0139,880,B10,70;101;26;51;40;180;88;60;148;28;94;58;32;203;155;3;252;161;91,0.1,19,124,19,0.1886041151381029,,False,0.8968590831918505,,,,,,19,0,54.7225000045728,2.9137999954400584,71.40679999429267,2.9680000006919727
DynamicOnly_B10,JILONG_EI_0139,890,B10,70;101;26;51;40;180;60;88;148;28;94;58;32;203;155;3;252;161;91,0.1,19,124,19,0.1886041151381029,,False,0.9002546689303905,,,,,,19,0,54.10319998918567,2.6187999901594594,71.75329999881797,3.053299995372072
DynamicOnly_B10,JILONG_EI_0139,900,B10,70;101;26;51;40;180;60;88;148;28;94;58;32;203;155;3;252;161;91,0.1,19,124,19,0.1886041151381029,,False,0.9002546689303905,,,,,,19,0,54.93850000493694,3.74030000239145,70.25989999237936,2.2819000005256385
DynamicOnly_B10,JILONG_EI_0139,910,B10,70;101;26;40;51;180;88;60;148;28;94;58;32;203;155;3;252;161;91,0.1,19,124,19,0.1886041151381029,,False,0.8998302207130731,,,,,,19,0,54.48380000598263,2.556799998274073,71.45909999962896,3.0006000015418977
DynamicOnly_B10,JILONG_EI_0139,920,B10,70;101;26;40;51;180;88;60;148;28;94;58;32;203;155;3;161;252;91,0.1,19,124,19,0.1886041151381029,,False,0.9011035653650254,,,,,,19,0,56.06210000405554,2.5565999967511743,70.23019999905955,2.2110999998403718
DynamicOnly_B10,JILONG_EI_0139,930,B10,70;101;26;40;51;180;88;60;148;28;94;58;32;203;155;3;252;91;161,0.1,19,124,19,0.1886041151381029,,False,0.8981324278438031,,,,,,19,0,56.13899999298155,4.03960001131054,70.03450000775047,2.622999993036501
DynamicOnly_B10,JILONG_EI_0139,940,B10,70;101;26;40;51;180;88;148;60;28;58;94;32;203;155;3;252;91;161,0.1,19,124,19,0.1886041151381029,,False,0.8972835314091682,,,,,,19,0,57.372199997189455,3.4313999931328,70.26229999610223,2.568500000052154
DynamicOnly_B10,JILONG_EI_0139,950,B10,70;101;26;40;51;180;88;60;148;28;58;94;32;203;155;3;91;252;161,0.1,19,124,19,0.1886041151381029,,False,0.8989813242784381,,,,,,19,0,55.76299999665935,2.9972999909659848,71.53780000226106,3.006200000527315
DynamicOnly_B10,JILONG_EI_0139,960,B10,70;101;26;40;51;180;60;88;148;28;58;94;32;203;155;3;91;252;161,0.1,19,124,19,0.1886041151381029,,False,0.8943123938879455,,,,,,19,0,55.94010000640992,3.9314000023296094,71.4702999975998,2.319899998838082
DynamicOnly_B10,JILONG_EI_0139,970,B10,70;101;26;40;51;180;60;148;88;58;28;94;32;203;155;3;91;252;161,0.1,19,124,19,0.1886041151381029,,False,0.8968590831918505,,,,,,19,0,55.08459999691695,2.751499996520579,71.93320000078529,2.435299989883788
DynamicOnly_B10,JILONG_EI_0139,980,B10,70;101;26;40;51;180;60;88;148;58;94;28;32;203;155;3;252;91;161,0.1,19,124,19,0.1886041151381029,,False,0.8994057724957556,,,,,,19,0,55.26099998678546,2.705000006244518,71.87229998817202,2.2813000105088577
DynamicOnly_B10,JILONG_EI_0139,990,B10,70;101;26;40;51;180;60;148;88;58;94;28;32;203;155;3;252;91;161,0.1,19,124,19,0.1886041151381029,,False,0.8968590831918505,,,,,,19,0,55.30459999863524,3.3679000043775886,70.64900000113994,2.4852999922586605
DynamicOnly_B10,JILONG_EI_0139,1000,B10,70;101;26;40;51;180;148;88;60;58;94;28;32;203;155;3;252;91;161,0.1,19,124,19,0.1886041151381029,,False,0.8985568760611207,,,,,,19,0,56.02879999787547,2.6879999932134524,70.80229998973664,2.289399999426678
DynamicOnly_B10,JILONG_EI_0139,1010,B10,70;101;26;40;51;180;60;148;88;58;94;32;28;203;155;3;252;91;161,0.1,19,124,19,0.1886041151381029,,False,0.8968590831918507,,,,,,19,0,56.79449999297504,2.6336000009905547,70.86999999592081,2.347300003748387
DynamicOnly_B10,JILONG_EI_0139,1020,B10,70;101;26;40;51;180;60;148;88;94;58;32;203;28;155;3;252;91;161,0.1,19,124,19,0.1886041151381029,,False,0.8977079796264856,,,,,,19,0,55.89839999447577,3.4183999960077927,70.03919999988284,2.4553999974159524
DynamicOnly_B10,JILONG_EI_0139,1030,B10,70;101;26;40;51;180;60;148;88;94;58;32;203;28;155;3;252;91;161,0.1,19,124,19,0.1886041151381029,,False,0.8989813242784381,,,,,,19,0,54.65520000143442,2.702300000237301,70.34459999704268,2.419299999019131
DynamicOnly_B10,JILONG_EI_0139,1040,B10,70;101;26;40;51;180;60;148;88;94;58;32;203;28;155;3;252;91;161,0.1,19,124,19,0.1886041151381029,,False,0.8981324278438031,,,,,,19,0,54.83660000027157,2.7855999942403287,69.6996000042418,3.105299998424016
DynamicOnly_B10,JILONG_EI_0139,1050,B10,70;101;26;40;51;180;60;148;88;94;58;32;203;28;155;3;91;252;161,0.1,19,124,19,0.1886041151381029,,False,0.8977079796264856,,,,,,19,0,54.65809999441262,2.665099993464537,70.46919999993406,2.6760000037029386
DynamicOnly_B10,JILONG_EI_0139,1060,B10,70;101;26;40;180;51;60;148;88;94;58;32;203;28;155;3;91;252;161,0.1,19,124,19,0.1886041151381029,,False,0.8994057724957556,,,,,,19,0,55.69649999961257,2.679500001249835,70.10979999904521,2.4618000024929643
DynamicOnly_B10,JILONG_EI_0139,1070,B10,70;101;26;40;180;51;60;148;88;94;58;32;203;28;155;3;91;161;252,0.1,19,124,19,0.1886041151381029,,False,0.8998302207130731,,,,,,19,0,54.24660000426229,2.768699996522628,69.8883000004571,2.2452999983215705
DynamicOnly_B10,JILONG_EI_0139,1080,B10,70;101;26;40;180;51;60;148;88;62;94;58;32;203;28;155;3;91;161,0.1,19,125,19,0.193060777542097,,False,0.9069473684210526,,,,,,19,0,54.69330000050832,2.6294999988749623,70.13049999659415,2.2776999976485968
DynamicOnly_B10,JILONG_EI_0139,1090,B10,70;101;26;40;180;51;60;148;88;94;58;32;203;28;155;3;161;91;199,0.1,19,124,19,0.1893622071965143,,False,0.8998302207130731,,,,,,19,0,55.31020001217257,3.571100009139627,72.7657000097679,3.1952999997884035
DynamicOnly_B10,JILONG_EI_0139,1100,B10,70;101;26;40;180;51;60;148;94;88;58;32;203;28;155;161;3;91;199,0.1,19,124,19,0.1893622071965143,,False,0.903225806451613,,,,,,19,0,56.79630000668112,2.644499996677041,70.55430000764318,2.9953000048408285
DynamicOnly_B10,JILONG_EI_0139,1110,B10,70;101;26;40;180;51;60;94;148;88;58;32;203;28;161;155;3;91;199,0.1,19,124,19,0.1893622071965143,,False,0.905772495755518,,,,,,19,0,54.378400003770366,2.6766999944811687,70.37529999797698,2.278100000694394
DynamicOnly_B10,JILONG_EI_0139,1120,B10,70;101;26;40;180;51;60;94;148;88;58;32;203;161;28;155;3;91;199,0.1,19,124,19,0.1893622071965143,,False,0.904923599320883,,,,,,19,0,55.23369999718852,3.240699996240437,70.03590000385884,2.2963000083109364
DynamicOnly_B10,JILONG_EI_0139,1130,B10,70;101;40;26;180;51;94;60;148;88;58;32;203;161;28;155;3;199;91,0.1,19,124,19,0.1893622071965143,,False,0.9061969439728352,,,,,,19,0,54.97219999961089,2.642499995999969,69.88569999521133,2.263499991386197
DynamicOnly_B10,JILONG_EI_0139,1140,B10,70;101;40;26;180;51;94;60;148;88;58;32;161;203;28;155;3;199;91,0.1,19,124,19,0.1893622071965143,,False,0.905772495755518,,,,,,19,0,55.12419999286067,2.626599991344847,69.85109999368433,2.6788000104716048
DynamicOnly_B10,JILONG_EI_0139,1150,B10,70;101;40;26;180;51;94;60;148;88;32;58;161;203;28;155;3;199;91,0.1,19,124,19,0.1893622071965143,,False,0.905772495755518,,,,,,19,0,56.04409999796189,2.762899996014312,71.79029998951592,2.896700010751374
DynamicOnly_B10,JILONG_EI_0139,1160,B10,70;101;40;26;94;180;51;60;148;88;32;58;161;203;28;155;3;199;91,0.1,19,124,19,0.1893622071965143,,False,0.9066213921901528,,,,,,19,0,54.49720000615344,2.768999998806976,71.10670000838581,2.2434999991673976
DynamicOnly_B10,JILONG_EI_0139,1170,B10,70;101;40;26;94;180;51;60;148;88;32;161;58;203;28;155;199;3;91,0.1,19,124,19,0.1893622071965143,,False,0.904923599320883,,,,,,19,0,53.90250000345986,2.6739000022644177,70.93359999998938,2.2558000055141747
DynamicOnly_B10,JILONG_EI_0139,1180,B10,70;101;40;94;26;51;180;60;148;88;161;32;58;203;28;155;3;199;91,0.1,19,124,19,0.1893622071965143,,False,0.9061969439728352,,,,,,19,0,54.53370000759605,2.8132000006735325,71.21429999824613,2.2450000105891377
DynamicOnly_B10,JILONG_EI_0139,1190,B10,70;101;40;94;26;51;180;60;148;88;161;32;58;28;155;218;199;3;91,0.1,19,124,19,0.1893622071965143,,False,0.9083191850594228,,,,,,19,0,55.08239999471698,2.6384999946458265,71.17870000365656,2.4350999883608893
DynamicOnly_B10,JILONG_EI_0139,1200,B10,70;101;40;94;26;51;180;60;148;88;161;32;58;28;155;218;199;3;91,0.1,19,124,19,0.1893622071965143,,False,0.9091680814940576,,,,,,19,0,54.97769999783486,2.680799996596761,73.17350000084843,3.1858000002102926
DynamicOnly_B10,JILONG_EI_0139,1210,B10,70;101;94;40;26;51;180;60;148;88;161;32;58;28;155;218;199;3;91,0.1,19,124,19,0.1893622071965143,,False,0.9095925297113752,,,,,,19,0,55.21279999811668,3.310300002340228,71.27179999952205,2.258399996208027
DynamicOnly_B10,JILONG_EI_0139,1220,B10,70;101;94;40;26;51;180;60;148;161;88;32;58;205;28;155;218;199;3,0.1,19,125,19,0.1875473807536507,,False,0.9132631578947368,,,,,,19,0,55.705200007651,2.665200008777901,71.34649998624809,2.351500006625429
DynamicOnly_B10,JILONG_EI_0139,1230,B10,70;101;94;40;26;51;180;60;148;161;88;32;58;28;155;218;199;3;91,0.1,19,124,19,0.1893622071965143,,False,0.9087436332767402,,,,,,19,0,55.535599996801466,2.546300005633384,71.66529999813065,3.872500004945323
DynamicOnly_B10,JILONG_EI_0139,1240,B10,70;101;94;40;26;51;180;60;148;161;88;32;58;28;155;218;199;3;141,0.1,19,124,19,0.1897297669824107,,False,0.9091680814940576,,,,,,19,0,54.394900012994185,2.953300005174242,70.08580000547227,2.2465999936684966
DynamicOnly_B10,JILONG_EI_0139,1250,B10,70;101;94;40;26;51;180;60;148;161;88;32;58;28;155;199;218;141;3,0.1,19,124,19,0.1897297669824107,,False,0.9095925297113752,,,,,,19,0,54.76919999637175,3.06319999799598,70.64619999437127,2.287499999511056
DynamicOnly_B10,JILONG_EI_0139,1260,B10,70;101;94;40;26;51;180;60;148;161;62;88;32;58;28;155;199;218;141,0.1,19,125,19,0.1934130223369145,,False,0.9141052631578946,,,,,,19,0,54.87560000619851,3.180999992764555,71.9431000034092,2.58390000090003
DynamicOnly_B10,JILONG_EI_0139,1270,B10,70;101;94;40;26;51;180;60;148;161;88;32;58;28;199;155;218;141;3,0.1,19,124,19,0.1897297669824107,,False,0.9108658743633276,,,,,,19,0,55.12140000064392,2.622999993036501,70.79120000707917,2.2716999956173822
DynamicOnly_B10,JILONG_EI_0139,1280,B10,70;101;94;40;26;51;60;180;148;161;32;88;58;199;28;155;218;141;3,0.1,19,124,19,0.1897297669824107,,False,0.91044142614601,,,,,,19,0,54.85640000551939,2.634899996337481,70.54970000172034,2.879100007703528
DynamicOnly_B10,JILONG_EI_0139,1290,B10,70;101;94;40;26;51;60;180;148;161;32;58;88;199;28;155;218;141;3,0.1,19,124,19,0.1897297669824107,,False,0.9087436332767402,,,,,,19,0,54.29509999521542,2.5965999957406893,70.77380000555422,2.21939999028109
DynamicOnly_B10,JILONG_EI_0139,1300,B10,70;101;94;40;26;51;180;60;148;161;32;88;58;199;28;155;218;141;3,0.1,19,124,19,0.1897297669824107,,False,0.9057724957555175,,,,,,19,0,54.69630000879988,2.7913999947486445,73.18059999670368,3.906099998857826
DynamicOnly_B10,JILONG_EI_0139,1310,B10,70;94;101;40;26;51;180;60;148;161;32;88;58;199;28;155;141;218;3,0.1,19,124,19,0.1897297669824107,,False,0.9083191850594228,,,,,,19,0,55.21600000793114,2.616500001749955,70.62909999513067,2.384299994446337
DynamicOnly_B10,JILONG_EI_0139,1320,B10,70;94;101;40;26;51;180;60;148;32;161;58;88;199;28;155;141;218;3,0.1,19,124,19,0.1897297669824107,,False,0.9095925297113752,,,,,,19,0,54.75870000373106,2.627399997436441,70.12980000581592,2.8159999928902835
DynamicOnly_B10,JILONG_EI_0139,1330,B10,70;94;101;40;26;51;180;60;148;32;161;58;88;199;28;155;141;218;3,0.1,19,124,19,0.1897297669824107,,False,0.9100169779286926,,,,,,19,0,54.75870000373106,2.6596999960020185,70.49290000577457,2.82100000185892
DynamicOnly_B10,JILONG_EI_0139,1340,B10,70;94;101;40;26;51;180;60;148;32;161;58;88;199;155;28;141;218;3,0.1,19,124,19,0.1897297669824107,,False,0.909168081494058,,,,,,19,0,54.395800005295314,2.638899997691624,70.14739999431185,2.555200000642799
DynamicOnly_B10,JILONG_EI_0139,1350,B10,70;94;101;40;26;51;180;60;148;32;161;88;58;199;155;28;141;218;3,0.1,19,124,19,0.1897297669824107,,False,0.9066213921901528,,,,,,19,0,54.40140000428073,3.23950000165496,69.74629999604076,2.2401000023819506
DynamicOnly_B10,JILONG_EI_0139,1360,B10,70;94;101;40;26;51;180;60;148;32;161;58;88;199;155;28;141;218;3,0.1,19,124,19,0.1897297669824107,,False,0.909168081494058,,,,,,19,0,54.611400002613664,2.9587999888462946,69.70340000407305,2.2622999968007207
DynamicOnly_B10,JILONG_EI_0139,1370,B10,70;94;101;40;26;51;180;148;60;32;161;58;88;199;155;28;141;218;3,0.1,19,124,19,0.1897297669824107,,False,0.9053480475382002,,,,,,19,0,54.040000002714805,2.796700006001629,70.26690000202507,2.2547999978996813
DynamicOnly_B10,JILONG_EI_0139,1380,B10,70;94;101;40;26;51;180;148;60;32;58;161;88;199;155;28;141;218;3,0.1,19,124,19,0.1897297669824107,,False,0.909168081494058,,,,,,19,0,54.92700000468176,2.983500002301298,70.61359999352135,2.222700000857003
DynamicOnly_B10,JILONG_EI_0139,1390,B10,70;94;101;40;26;51;180;148;60;32;58;161;88;199;155;28;141;218;3,0.1,19,124,19,0.1897297669824107,,False,0.9083191850594228,,,,,,19,0,54.65070001082495,2.987100000609644,70.20840000768658,2.224600000772625
DynamicOnly_B10,JILONG_EI_0139,1400,B10,70;94;101;40;26;51;180;148;60;161;32;58;2;88;199;155;28;141;218,0.1,19,125,19,0.1887572650488931,,False,0.9145263157894736,,,,,,19,0,54.386700008763,3.2824000081745908,70.36679999146145,2.257500003906898
DynamicOnly_B10,JILONG_EI_0139,1410,B10,70;94;101;40;26;51;180;148;60;32;161;58;88;199;155;28;141;218;3,0.1,19,124,19,0.1897297669824107,,False,0.9083191850594228,,,,,,19,0,55.07249999209307,2.6329999964218587,69.8953000101028,2.2601999953622
DynamicOnly_B10,JILONG_EI_0139,1420,B10,70;94;101;40;26;51;180;62;148;60;32;161;58;199;88;155;28;141;218,0.1,19,125,19,0.1934130223369145,,False,0.9153684210526316,,,,,,19,0,55.01370001002215,2.632199990330264,70.39979999535717,2.2194000048330054
DynamicOnly_B10,JILONG_EI_0139,1430,B10,70;94;101;40;26;51;180;148;62;60;161;32;58;199;88;155;218;141;28,0.1,19,125,19,0.1934130223369145,,False,0.9162105263157896,,,,,,19,0,55.82639999920502,2.734200010308996,72.27099999727216,3.9575999981025234
DynamicOnly_B10,JILONG_EI_0139,1440,B10,70;94;101;40;26;51;62;180;148;60;32;161;58;199;88;155;28;141;218,0.1,19,125,19,0.1934130223369145,,False,0.9153684210526316,,,,,,19,0,55.62600000121165,3.2860999926924706,70.929099994828,2.224199997726828
DynamicOnly_B10,JILONG_EI_0149,10,B10,78;252;14;206;44;192;46;166;5;141;128;32;83;121;202;91;25;89;174,0.1,19,128,19,0.0875940914764417,,False,0.8926809210526315,,,,,,19,0,54.69430000812281,2.620500003104098,70.11889999557752,2.618300000904128
DynamicOnly_B10,JILONG_EI_0149,20,B10,77;79;141;46;206;14;174;42;252;32;128;44;5;202;192;166;23;121;101,0.1,19,126,19,0.1018217181888491,,False,0.8993316624895571,,,,,,19,0,54.71810000017285,2.918400001362897,69.88549999368843,2.315399993676692
DynamicOnly_B10,JILONG_EI_0149,30,B10,77;141;79;44;14;42;206;55;46;99;32;252;144;74;176;174;121;166;5,0.1,19,125,19,0.0988046649462826,,False,0.8677894736842106,,,,,,19,0,54.84230000001844,2.697699994314462,69.94820000545587,2.2948999976506457
DynamicOnly_B10,JILONG_EI_0149,40,B10,77;79;44;206;84;32;252;112;42;24;91;141;174;172;50;46;202;5;55,0.1,19,124,19,0.1066842278564372,,False,0.8590831918505941,,,,,,19,0,54.09119999967516,2.671599999302998,70.37109999509994,2.29719998606015
DynamicOnly_B10,JILONG_EI_0149,50,B10,61;93;79;14;206;121;141;28;112;85;99;5;42;172;19;56;50;202;88,0.1,19,123,19,0.1025644952561815,,False,0.869918699186992,,,,,,19,0,57.20680000376888,2.651100003276952,70.34330000169575,2.3027999995974824
DynamicOnly_B10,JILONG_EI_0149,60,B10,61;93;79;141;29;42;172;5;91;206;176;84;174;56;203;251;49;120;70,0.1,19,124,19,0.0946160148861713,,False,0.8607809847198642,,,,,,19,0,55.93329999828711,2.6522999978624284,70.7210000109626,2.606299996841699
DynamicOnly_B10,JILONG_EI_0149,70,B10,60;79;93;29;27;141;49;91;70;56;88;252;25;203;132;120;128;174;52,0.1,19,125,19,0.1368241302999441,,False,0.8248421052631578,,,,,,19,0,54.8148000088986,2.6218999992124736,70.5836000124691,2.2867999941809103
DynamicOnly_B10,JILONG_EI_0149,80,B10,44;77;79;46;14;42;32;218;141;34;172;56;147;209;87;101;252;231;135,0.1,19,125,19,0.1254833794059315,,False,0.8416842105263158,,,,,,19,0,55.09950000850949,3.695699997479096,70.07549999980256,2.2622999968007207
DynamicOnly_B10,JILONG_EI_0149,90,B10,28;61;79;93;14;206;141;26;49;91;99;252;57;155;120;202;55;209;88,0.1,19,123,19,0.1202456524569074,,False,0.8232777064612752,,,,,,19,0,54.6394999983022,2.6123999996343628,70.39829999848735,2.3859000066295266
DynamicOnly_B10,JILONG_EI_0149,100,B10,28;61;79;26;93;14;141;252;91;190;49;70;5;120;99;176;56;202;128,0.1,19,122,19,0.125085189637877,,False,0.8343399482312337,,,,,,19,0,54.36660000123084,2.6160999987041578,70.52919999114238,2.304800000274554
DynamicOnly_B10,JILONG_EI_0149,110,B10,28;60;93;26;141;252;56;32;128;99;34;20;202;155;74;14;176;88;117,0.1,19,120,19,0.1067761178029113,,False,0.8175438596491228,,,,,,19,0,55.40119999204762,2.6625999889802188,71.09250000212342,2.66389999887906
DynamicOnly_B10,JILONG_EI_0149,120,B10,28;60;93;252;26;90;14;55;32;4;135;219;88;206;121;128;141;35;86,0.1,19,121,19,0.106936925209241,,False,0.8103523270987385,,,,,,19,0,54.8038999986602,2.5870999961625785,69.82669999706559,2.21429999510292
DynamicOnly_B10,JILONG_EI_0149,130,B10,27;61;93;14;235;202;25;101;55;176;141;58;174;112;5;35;171;233;104,0.1,19,119,19,0.1313719934758138,,False,0.8208757187085359,,,,,,19,0,54.21210000349674,3.23740000021644,71.30100000358652,3.3534000103827566
DynamicOnly_B10,JILONG_EI_0149,140,B10,27;76;45;78;25;202;14;252;101;112;141;55;74;176;174;34;229;104;211,0.1,19,120,19,0.144091093566938,,False,0.8162280701754385,,,,,,19,0,54.35639999632258,2.8729999903589487,70.63449999259319,2.249700002721511
DynamicOnly_B10,JILONG_EI_0149,150,B10,26;28;61;93;202;14;40;101;112;252;121;32;211;3;172;176;70;170;141,0.1,19,119,19,0.1630663675138409,,False,0.8160106147722246,,,,,,19,0,55.21380000573117,3.240899997763336,70.94499999948312,2.2440000029746443
DynamicOnly_B10,JILONG_EI_0149,160,B10,26;28;60;93;40;112;232;101;219;32;121;4;229;186;211;70;14;252;74,0.1,19,118,19,0.1405380156366059,,False,0.8095450490633362,,,,,,19,0,54.824699996970594,2.6217999984510243,70.98000000405591,2.2761000000173226
DynamicOnly_B10,JILONG_EI_0149,170,B10,26;58;28;60;93;40;106;232;186;86;32;229;218;112;14;99;179;200;119,0.1,19,117,19,0.126815783629806,,False,0.803868645973909,,,,,,19,0,55.08560000453144,2.5133000017376617,70.11539999803063,2.251500001875684
DynamicOnly_B10,JILONG_EI_0149,180,B10,25;58;27;60;78;56;86;29;229;105;233;99;112;91;179;3;202;132;32,0.1,19,117,19,0.1581885428551737,,False,0.793072424651372,,,,,,19,0,55.22710000514053,2.686500010895543,71.13810000009835,2.482199997757561
DynamicOnly_B10,JILONG_EI_0149,190,B10,25;27;58;60;78;89;87;56;29;19;233;101;121;202;99;229;251;112;32,0.1,19,118,19,0.1316170333330781,,False,0.803300624442462,,,,,,19,0,54.04769998858683,2.570600001490675,72.07819999894127,2.413399997749366
DynamicOnly_B10,JILONG_EI_0149,200,B10,41;27;45;77;55;101;89;216;160;32;50;229;36;172;112;13;251;3;202,0.1,19,117,19,0.1291360047782772,,False,0.7557354925775979,,,,,,19,0,58.43540000205394,2.675199997611344,72.29030001326464,2.4285999970743437
DynamicOnly_B10,JILONG_EI_0149,210,B10,24;26;58;28;56;60;94;101;88;106;216;36;70;112;50;32;251;172;160,0.1,19,115,19,0.149344135507041,,False,0.8041189931350115,,,,,,19,0,55.47269999806304,2.9195999959483743,71.96770000155084,2.6578000106383115
DynamicOnly_B10,JILONG_EI_0149,220,B10,40;26;58;28;88;60;101;94;251;70;233;106;215;50;172;160;201;112;52,0.1,19,115,19,0.1604321890482498,,False,0.7903890160183066,,,,,,19,0,55.20639999303967,2.5852999970084056,71.20239999494515,2.569499993114732
DynamicOnly_B10,JILONG_EI_0149,230,B10,40;26;93;58;45;101;88;251;70;172;52;112;135;209;233;206;211;219;34,0.1,19,117,19,0.1394353362789166,,False,0.7921727395411605,,,,,,19,0,55.5445000063628,3.368499994394369,70.4960999864852,2.2719999979017302
DynamicOnly_B10,JILONG_EI_0149,240,B10,93;41;55;27;23;45;101;88;251;135;233;172;112;52;219;178;99;32;133,0.1,19,118,19,0.133692214624285,,False,0.780107047279215,,,,,,19,0,54.39109999861103,2.626300003612414,71.63030000810977,2.211899991380051
DynamicOnly_B10,JILONG_EI_0149,250,B10,55;24;26;101;45;94;58;88;135;251;233;36;172;99;112;219;32;148;3,0.1,19,118,19,0.1384551768498594,,False,0.7765388046387155,,,,,,19,0,54.33139999513514,2.631299998029135,71.1855999979889,2.2844000050099567
DynamicOnly_B10,JILONG_EI_0149,260,B10,55;25;27;23;101;58;94;45;88;251;112;233;135;32;172;35;133;219;66,0.1,19,116,19,0.1400785659042353,,False,0.7867513611615246,,,,,,19,0,55.21719998796471,2.6542999985395,70.71830000495538,2.288700008648448
DynamicOnly_B10,JILONG_EI_0149,270,B10,55;26;23;101;58;94;45;14;88;135;251;66;112;35;233;32;3;133;203,0.1,19,116,19,0.1244572750036373,,False,0.7776769509981851,,,,,,19,0,54.54480000480544,2.557600004365668,70.19489999220241,2.703400008613244
DynamicOnly_B10,JILONG_EI_0149,280,B10,55;26;24;101;58;94;60;28;88;135;251;32;112;66;133;206;46;203;20,0.1,19,118,19,0.1505846497844415,,False,0.788135593220339,,,,,,19,0,54.473999989568256,2.5562999944668263,70.58450000477023,2.345000000786968
DynamicOnly_B10,JILONG_EI_0149,290,B10,40;26;101;58;71;94;60;28;190;251;105;133;36;135;32;66;112;203;155,0.1,19,119,19,0.1668338553192792,,False,0.7872622733303847,,,,,,19,0,54.60560000210535,2.7877000102307647,70.5290000041714,2.1906000038143247
DynamicOnly_B10,JILONG_EI_0149,300,B10,40;26;101;58;71;60;94;28;133;251;32;66;105;135;155;203;217;34;20,0.1,19,119,19,0.1645902091262031,,False,0.7841662980981866,,,,,,19,0,54.285299993352965,2.5705000007292256,70.18650000100024,2.214200008893385
DynamicOnly_B10,JILONG_EI_0149,310,B10,40;26;101;70;58;60;94;28;14;88;133;135;251;32;66;217;36;46;155,0.1,19,120,19,0.1659991883054728,,False,0.8026315789473685,,,,,,19,0,55.26850000023842,2.642299994477071,71.37060000968631,2.62839999049902
DynamicOnly_B10,JILONG_EI_0149,320,B10,40;26;70;101;58;61;94;28;88;133;135;32;251;66;206;217;155;36;203,0.1,19,120,19,0.178718288396597,,False,0.7969298245614036,,,,,,19,0,54.66189999424387,2.711199995246716,70.28800000261981,2.340599996387027
DynamicOnly_B10,JILONG_EI_0149,330,B10,40;26;70;101;58;61;94;28;88;133;135;32;66;251;217;203;155;36;180,0.1,19,119,19,0.1951283013377644,,False,0.8005307386112339,,,,,,19,0,54.04570000246167,2.6101000112248585,69.89709999470506,2.212200008216314
DynamicOnly_B10,JILONG_EI_0149,340,B10,40;26;101;70;58;61;94;28;88;133;190;32;135;217;251;66;203;180;155,0.1,19,121,19,0.19129955356801,,False,0.8016528925619835,,,,,,19,0,54.78890000085812,3.894099994795397,69.51859999389853,2.264199996716343
DynamicOnly_B10,JILONG_EI_0149,350,B10,40;26;101;70;58;61;28;94;88;14;133;206;135;32;217;180;203;66;176,0.1,19,120,19,0.1879991729904817,,False,0.8135964912280703,,,,,,19,0,54.309699989971705,2.6055000053020194,71.07860001269728,2.2594000038225204
DynamicOnly_B10,JILONG_EI_0149,360,B10,40;26;60;101;70;58;28;94;88;133;135;32;176;217;180;203;66;46;240,0.1,19,120,19,0.1952967662396336,,False,0.8087719298245615,,,,,,19,0,56.57650000648573,2.6413000014144927,72.03989999834448,3.341899995575659
DynamicOnly_B10,JILONG_EI_0149,370,B10,40;26;101;70;61;28;58;94;14;88;133;180;135;32;176;240;217;203;66,0.1,19,120,19,0.2079928938441393,,False,0.8157894736842104,,,,,,19,0,55.19070000445936,2.787200006423518,72.06120000046212,2.514399995561689
DynamicOnly_B10,JILONG_EI_0149,380,B10,40;26;101;70;60;28;58;94;88;133;180;32;135;176;240;218;46;66;20,0.1,19,120,19,0.1979615746873827,,False,0.8153508771929824,,,,,,19,0,54.85879999469034,3.763700005947612,70.58430000324734,2.2462999913841486
DynamicOnly_B10,JILONG_EI_0149,390,B10,40;26;101;70;60;28;94;58;88;133;180;32;176;190;218;240;135;66;20,0.1,19,121,19,0.1983214769777396,,False,0.8194867333623315,,,,,,19,0,54.9143000098411,2.593400000478141,70.2917000016896,2.2231999901123345
DynamicOnly_B10,JILONG_EI_0149,400,B10,40;70;101;26;60;28;58;94;88;180;133;32;135;176;218;240;66;20;210,0.1,19,120,19,0.2196782320374298,,False,0.8175438596491228,,,,,,19,0,54.933399995206855,2.612199998111464,70.00289999996312,2.238700006273575
DynamicOnly_B10,JILONG_EI_0149,410,B10,70;40;26;101;60;28;94;58;180;88;133;190;32;135;176;218;240;210;66,0.1,19,121,19,0.2177332281703946,,False,0.8294910830795997,,,,,,19,0,54.63490000693128,2.600199994049035,70.5104999942705,2.220199996372685
DynamicOnly_B10,JILONG_EI_0149,420,B10,70;40;26;101;60;28;94;180;58;88;133;32;135;176;218;240;210;66;252,0.1,19,121,19,0.2162400165401903,,False,0.8268812527185733,,,,,,19,0,55.30419999558944,3.4986999962711707,70.51320000027772,2.317199992830865
DynamicOnly_B10,JILONG_EI_0149,430,B10,70;40;60;26;101;28;180;88;78;133;58;32;176;218;135;190;240;210;252,0.1,19,122,19,0.2250461364106255,,False,0.8295944779982743,,,,,,19,0,54.38120001053903,3.3639000030234456,71.13609999942128,2.234500003396533
DynamicOnly_B10,JILONG_EI_0149,440,B10,70;40;101;26;60;28;180;78;88;133;58;32;218;135;176;240;210;252;66,0.1,19,121,19,0.2272514951260041,,False,0.8325358851674641,,,,,,19,0,56.09379999805242,3.621699986979365,70.38919998740312,2.1948000066913664
DynamicOnly_B10,JILONG_EI_0149,450,B10,70;40;26;101;60;28;180;78;133;88;58;32;218;135;176;240;210;66;147,0.1,19,121,19,0.2275041924788078,,False,0.8321009134406264,,,,,,19,0,56.30300000484567,2.5796999980229884,70.5135999887716,2.3193999950308357
DynamicOnly_B10,JILONG_EI_0149,460,B10,70;40;101;26;60;28;180;78;133;88;58;32;218;176;135;240;66;210;147,0.1,19,121,19,0.2275041924788078,,False,0.8377555458895172,,,,,,19,0,54.95869999867864,3.018200004589744,70.66759999725036,2.219699992565438
DynamicOnly_B10,JILONG_EI_0149,470,B10,93;70;40;26;101;60;28;180;133;88;32;58;66;218;176;135;240;210;147,0.1,19,124,19,0.2061244649324991,,False,0.8488964346349746,,,,,,19,0,55.03809999208897,2.599300001747906,70.5625999980839,2.788400001008995
DynamicOnly_B10,JILONG_EI_0149,480,B10,70;40;101;26;60;28;180;133;88;78;32;66;58;218;176;240;135;210;147,0.1,19,123,19,0.2275041924788078,,False,0.8485237483953787,,,,,,19,0,55.39399999543093,2.623599997605197,71.02289999602363,2.2380000009434298
DynamicOnly_B10,JILONG_EI_0149,490,B10,70;60;40;101;26;180;28;133;88;78;66;14;32;58;218;135;240;176;210,0.1,19,123,19,0.2277875198137697,,False,0.8583654257595207,,,,,,19,0,56.03819999669213,2.7116999990539625,71.6132999950787,2.304499997990206
DynamicOnly_B10,JILONG_EI_0149,500,B10,70;40;101;60;26;180;28;133;88;66;78;32;58;190;218;240;210;176;135,0.1,19,123,19,0.2287447067562083,,False,0.8570817287120238,,,,,,19,0,54.78730000322685,3.0632000125478958,69.94269999267999,2.8405000048223883
DynamicOnly_B10,JILONG_EI_0149,510,B10,70;60;40;101;26;180;28;133;66;88;78;14;32;58;218;210;240;176;135,0.1,19,123,19,0.2277875198137697,,False,0.8656397090286692,,,,,,19,0,56.248300010338426,3.638199996203184,70.14950001030229,2.3120999976526946
DynamicOnly_B10,JILONG_EI_0149,520,B10,70;40;101;26;60;180;28;66;133;88;78;32;58;218;210;176;147;135;240,0.1,19,123,19,0.2275041924788078,,False,0.8605049208386821,,,,,,19,0,54.17079999460839,2.9359000036492944,70.26339998992626,2.2409999946830794
DynamicOnly_B10,JILONG_EI_0149,530,B10,70;40;101;26;60;180;66;28;133;88;14;78;32;58;147;218;210;135;176,0.1,19,123,19,0.2078397439333491,,False,0.8677792041078306,,,,,,19,0,54.947700002230704,2.8310999914538115,70.25639999483246,2.2668000019621104
DynamicOnly_B10,JILONG_EI_0149,540,B10,70;101;40;26;180;60;66;28;133;88;78;32;58;147;218;210;176;135;240,0.1,19,123,19,0.2275041924788078,,False,0.863500213949508,,,,,,19,0,54.85110000881832,2.594200006569736,70.66640000266489,2.343000000109896
DynamicOnly_B10,JILONG_EI_0149,550,B10,70;60;101;40;26;180;66;28;133;88;78;32;147;58;218;210;240;135;176,0.1,19,123,19,0.2275041924788078,,False,0.8664955070603336,,,,,,19,0,54.57529998966493,3.0808000010438263,71.05610000144225,2.531200007069856
DynamicOnly_B10,JILONG_EI_0149,560,B10,70;60;101;40;26;180;66;28;133;88;78;32;147;58;218;210;135;176;240,0.1,19,123,19,0.2275041924788078,,False,0.8682071031236628,,,,,,19,0,54.4382000080077,2.6079999952344224,70.5185000115307,2.230400001280941
DynamicOnly_B10,JILONG_EI_0149,570,B10,70;101;40;26;180;66;60;28;133;88;78;32;147;58;210;218;135;176;240,0.1,19,123,19,0.2275041924788078,,False,0.8703465982028241,,,,,,19,0,54.55099999380764,2.5720999983605,70.08059999498073,2.2656000073766336
DynamicOnly_B10,JILONG_EI_0149,580,B10,70;101;180;40;26;66;60;28;133;88;78;32;147;58;210;218;176;240;135,0.1,19,123,19,0.2275041924788078,,False,0.8707744972186565,,,,,,19,0,53.984700003638864,2.710300002945587,70.37030000356026,2.2446000075433403
DynamicOnly_B10,JILONG_EI_0149,590,B10,70;101;180;40;26;66;60;28;88;133;94;32;147;58;210;218;176;135;240,0.1,19,123,19,0.2164927138929941,,False,0.8682071031236628,,,,,,19,0,55.1831999910064,2.5671000039437786,70.52769999427255,2.4006000021472573
DynamicOnly_B10,JILONG_EI_0149,600,B10,70;101;180;40;26;66;60;28;88;133;78;32;147;210;58;218;176;135;240,0.1,19,123,19,0.2275041924788078,,False,0.87334189131365,,,,,,19,0,55.58230000315234,2.8418000001693144,71.52270000369754,2.355300006456673
DynamicOnly_B10,JILONG_EI_0149,610,B10,70;180;101;40;26;66;60;28;88;133;78;210;32;147;58;218;135;176;240,0.1,19,123,19,0.2275041924788078,,False,0.87334189131365,,,,,,19,0,56.19540000043344,3.40620000497438,70.90310000057798,2.792600003886037
DynamicOnly_B10,JILONG_EI_0149,620,B10,70;180;101;26;40;66;60;28;88;133;78;210;32;147;58;218;135;176;240,0.1,19,123,19,0.2275041924788078,,False,0.8746255883611469,,,,,,19,0,54.22419999376871,2.5729000044520944,70.45309999375604,2.949600006104447
DynamicOnly_B10,JILONG_EI_0149,630,B10,70;180;101;40;26;66;60;28;88;133;210;78;32;147;58;218;135;176;240,0.1,19,123,19,0.2275041924788078,,False,0.8750534873769792,,,,,,19,0,53.909100010059774,2.6024999970104545,70.5568000121275,2.252499994938262
DynamicOnly_B10,JILONG_EI_0149,640,B10,70;180;101;40;26;66;60;28;133;88;210;78;147;32;58;218;176;135;178,0.1,19,123,19,0.214187807735602,,False,0.8767650834403081,,,,,,19,0,55.77409999386873,2.5827000063145533,69.95559998904355,2.228500001365319
DynamicOnly_B10,JILONG_EI_0149,650,B10,70;180;101;40;26;66;60;28;133;88;210;78;14;147;32;58;218;176;135,0.1,19,123,19,0.2078397439333491,,False,0.8814719726144629,,,,,,19,0,53.69759998575319,2.6320000033592805,70.43449999764562,2.223699993919581
DynamicOnly_B10,JILONG_EI_0149,660,B10,70;60;180;101;26;40;66;133;28;88;210;94;147;32;58;218;176;135;178,0.1,19,123,19,0.2031763291497882,,False,0.8767650834403081,,,,,,19,0,54.97909999394324,2.699899996514432,70.20610000472516,2.2009000094840303
DynamicOnly_B10,JILONG_EI_0149,670,B10,70;180;101;26;40;66;60;133;28;88;210;78;147;32;58;218;135;176;178,0.1,19,123,19,0.214187807735602,,False,0.8793324775353016,,,,,,19,0,54.65320000075735,2.5680999970063567,71.11179998901207,2.2557000047527254
DynamicOnly_B10,JILONG_EI_0149,680,B10,70;180;101;26;40;66;60;133;28;88;210;78;147;32;58;218;178;135;176,0.1,19,123,19,0.214187807735602,,False,0.8806161745827986,,,,,,19,0,54.65219999314286,2.9513000044971704,70.8852000097977,2.216299995779991
DynamicOnly_B10,JILONG_EI_0149,690,B10,70;180;101;26;40;66;60;133;210;88;28;78;147;32;58;218;178;135;176,0.1,19,123,19,0.214187807735602,,False,0.8789045785194695,,,,,,19,0,55.51510000077542,2.586000002338551,70.44840000162367,2.2265000006882474
DynamicOnly_B10,JILONG_EI_0149,700,B10,70;101;180;26;40;66;60;133;210;88;28;78;147;58;32;218;178;135;176,0.1,19,123,19,0.214187807735602,,False,0.8831835686777921,,,,,,19,0,55.23450000328012,2.5496000016573817,70.31379999534693,2.248799995868467
DynamicOnly_B10,JILONG_EI_0149,710,B10,70;101;180;26;40;66;60;210;133;88;28;78;147;32;58;218;178;135;176,0.1,19,123,19,0.214187807735602,,False,0.8836114676936243,,,,,,19,0,55.70029999944381,2.9873000021325424,70.41989998833742,2.303800007211976
DynamicOnly_B10,JILONG_EI_0149,720,B10,70;101;180;26;40;66;60;210;133;88;28;78;147;58;32;218;178;135;3,0.1,19,123,19,0.2148846398296973,,False,0.8857509627727855,,,,,,19,0,54.64390000270214,2.9238999995868653,71.54479999735486,2.9320000030566007
DynamicOnly_B10,JILONG_EI_0149,730,B10,70;101;180;26;40;66;60;210;133;88;28;78;147;58;32;218;178;135;3,0.1,19,123,19,0.2148846398296973,,False,0.889602053915276,,,,,,19,0,54.02549999416806,2.574600002844818,70.51820000924636,2.2481000050902367
DynamicOnly_B10,JILONG_EI_0149,740,B10,70;101;180;26;40;66;210;60;133;88;28;78;147;58;32;218;178;135;3,0.1,19,124,19,0.2148846398296973,,False,0.8883701188455009,,,,,,19,0,56.14439999044407,2.6140999980270863,69.95240000833292,2.251899990369566
DynamicOnly_B10,JILONG_EI_0149,750,B10,70;101;180;26;40;66;210;60;133;88;28;78;147;58;32;178;218;135;3,0.1,19,124,19,0.2148846398296973,,False,0.8938879456706282,,,,,,19,0,54.54130000725854,3.1165999971563,69.85569999960717,2.2487000096589327
DynamicOnly_B10,JILONG_EI_0149,760,B10,70;101;180;26;40;66;210;60;133;88;28;78;147;58;32;178;218;135;3,0.1,19,124,19,0.2148846398296973,,False,0.8947368421052632,,,,,,19,0,54.60979999043048,2.9752999980701134,70.55200000468176,2.242900009150617
DynamicOnly_B10,JILONG_EI_0149,770,B10,70;101;180;26;40;66;210;60;133;88;28;78;147;58;32;178;218;135;3,0.1,19,124,19,0.2148846398296973,,False,0.8947368421052632,,,,,,19,0,55.34960000659339,3.4164999960921705,70.52219999604858,2.8531999996630475
DynamicOnly_B10,JILONG_EI_0149,780,B10,70;101;180;26;40;210;66;60;133;88;28;78;147;58;32;178;218;3;135,0.1,19,124,19,0.2148846398296973,,False,0.8968590831918505,,,,,,19,0,54.50689999270253,2.620799990836531,70.92939999711234,2.2327999904518947
DynamicOnly_B10,JILONG_EI_0149,790,B10,70;101;180;26;40;210;66;60;133;88;28;78;58;147;32;178;218;3;135,0.1,19,124,19,0.2148846398296973,,False,0.8977079796264855,,,,,,19,0,54.41749999590684,3.235399999539368,70.18870000320021,2.24609998986125
DynamicOnly_B10,JILONG_EI_0149,800,B10,70;101;180;26;40;210;66;60;133;88;28;78;58;147;178;32;218;3;135,0.1,19,124,19,0.2148846398296973,,False,0.8977079796264855,,,,,,19,0,56.67030000768136,2.565999995567836,69.84840000222903,2.1967000066069886
DynamicOnly_B10,JILONG_EI_0149,810,B10,70;101;180;26;40;210;66;60;133;88;28;78;178;58;147;32;218;3;135,0.1,19,124,19,0.2148846398296973,,False,0.9002546689303905,,,,,,19,0,54.548200001590885,2.5741999997990206,71.4078999881167,2.4634000001242384
DynamicOnly_B10,JILONG_EI_0149,820,B10,70;101;180;26;40;210;66;60;133;88;28;78;178;58;147;32;218;3;135,0.1,19,124,19,0.2148846398296973,,False,0.9002546689303905,,,,,,19,0,55.9472999884747,3.404399991268292,70.46820000687148,2.2253999923123047
DynamicOnly_B10,JILONG_EI_0149,830,B10,70;101;180;26;40;210;66;60;133;88;28;78;178;58;147;32;218;3;135,0.1,19,124,19,0.2148846398296973,,False,0.9019524617996606,,,,,,19,0,55.05879998963792,2.790900005493313,70.49250000272878,2.5498000031802803
DynamicOnly_B10,JILONG_EI_0149,840,B10,70;101;26;180;40;210;66;60;133;88;28;78;178;58;147;32;218;3;135,0.1,19,124,19,0.2148846398296973,,False,0.904923599320883,,,,,,19,0,54.31720000342466,3.041399992071092,71.51359999261331,2.9746999935014173
DynamicOnly_B10,JILONG_EI_0149,850,B10,70;101;180;26;40;210;66;60;133;88;28;178;78;58;147;32;218;3;135,0.1,19,124,19,0.2148846398296973,,False,0.8998302207130728,,,,,,19,0,54.40660000022035,3.4347000037087128,70.06769999861717,2.277400009916164
DynamicOnly_B10,JILONG_EI_0149,860,B10,70;101;180;26;210;40;66;60;133;88;28;178;78;58;147;32;14;218;3,0.1,19,124,19,0.2131999908110053,,False,0.9061969439728352,,,,,,19,0,54.27940000663512,2.539299995987676,71.28400000510737,3.2075999915832654
DynamicOnly_B10,JILONG_EI_0149,870,B10,70;101;180;210;26;40;66;133;60;88;28;178;78;58;147;32;218;3;135,0.1,19,124,19,0.2148846398296973,,False,0.9036502546689306,,,,,,19,0,55.93319999752566,2.519599991501309,70.5045000067912,2.324599990970455
DynamicOnly_B10,JILONG_EI_0149,880,B10,70;101;180;210;26;40;66;133;60;88;178;78;28;58;147;32;218;3;135,0.1,19,124,19,0.2148846398296973,,False,0.9053480475382004,,,,,,19,0,54.328099999111146,2.592200005892664,70.73439999658149,2.214200008893385
DynamicOnly_B10,JILONG_EI_0149,890,B10,70;60;101;210;180;26;40;66;133;88;178;28;78;58;147;32;218;3;135,0.1,19,124,19,0.2148846398296973,,False,0.9061969439728352,,,,,,19,0,55.206899996846914,2.599500003270805,70.45109999307897,2.250200006528757
DynamicOnly_B10,JILONG_EI_0149,900,B10,70;101;210;180;40;26;66;133;60;88;178;28;78;58;147;32;218;3;135,0.1,19,124,19,0.2148846398296973,,False,0.9044991511035656,,,,,,19,0,55.441699994844384,3.3900999987963587,70.5893999984255,2.468400009092875
DynamicOnly_B10,JILONG_EI_0149,910,B10,70;101;210;180;40;26;66;133;60;88;178;28;78;58;32;147;218;3;135,0.1,19,123,19,0.2148846398296973,,False,0.9054343175010696,,,,,,19,0,55.68369998945855,2.545099996495992,70.81160000234377,2.21939999028109
DynamicOnly_B10,JILONG_EI_0149,920,B10,70;101;210;180;40;26;66;133;60;178;88;28;78;58;32;147;218;3;135,0.1,19,123,19,0.2148846398296973,,False,0.9054343175010696,,,,,,19,0,55.02419998811092,3.0965000041760504,70.24289999390021,2.1935999975539744
DynamicOnly_B10,JILONG_EI_0149,930,B10,70;101;210;180;40;26;66;133;60;178;88;28;78;58;32;147;218;3;135,0.1,19,123,19,0.2148846398296973,,False,0.9062901155327342,,,,,,19,0,54.63460000464693,2.6163000002270564,70.44939999468625,2.234499988844618
DynamicOnly_B10,JILONG_EI_0149,940,B10,70;101;26;210;180;40;133;66;60;178;88;78;28;58;32;147;218;3;135,0.1,19,123,19,0.2148846398296973,,False,0.9054343175010696,,,,,,19,0,54.83290000120178,2.585399997769855,71.19300001068041,2.3472000029869378
DynamicOnly_B10,JILONG_EI_0149,950,B10,70;101;210;180;40;26;133;66;60;178;88;78;28;58;32;147;218;3;135,0.1,19,123,19,0.2148846398296973,,False,0.9050064184852372,,,,,,19,0,55.73370000638533,3.4506999945733696,73.15850000304636,3.132300000288524
DynamicOnly_B10,JILONG_EI_0149,960,B10,70;101;210;180;40;26;133;66;178;60;88;78;28;58;32;147;205;218;3,0.1,19,124,19,0.2124112687704359,,False,0.9083191850594228,,,,,,19,0,54.480799997691065,2.7298000059090555,70.29129999864381,2.2256000083871186
DynamicOnly_B10,JILONG_EI_0149,970,B10,70;101;210;40;180;26;133;66;178;60;88;78;28;58;32;147;218;3;135,0.1,19,123,19,0.2148846398296973,,False,0.9045785194694052,,,,,,19,0,55.81939998955932,2.612600001157261,69.87149998894893,2.2422000038204715
DynamicOnly_B10,JILONG_EI_0149,980,B10,70;101;210;180;40;26;133;66;178;60;88;78;58;28;32;147;218;3;135,0.1,19,123,19,0.2148846398296973,,False,0.9041506204535728,,,,,,19,0,55.33730000024661,3.3748999994713813,69.86450000840705,2.7977999998256564
DynamicOnly_B10,JILONG_EI_0149,990,B10,70;101;210;180;40;26;133;66;178;60;88;78;58;28;32;147;218;3;135,0.1,19,123,19,0.2148846398296973,,False,0.9041506204535728,,,,,,19,0,54.12159999832511,2.684400009457022,69.96100000105798,3.080400012549944
DynamicOnly_B10,JILONG_EI_0149,1000,B10,70;101;210;40;26;180;133;66;178;60;88;78;28;58;32;147;218;3;135,0.1,19,123,19,0.2148846398296973,,False,0.9032948224219084,,,,,,19,0,56.43899999267887,2.5793999957386404,70.92289999127388,2.311800009920262
DynamicOnly_B10,JILONG_EI_0149,1010,B10,70;101;210;40;26;180;133;66;178;60;88;78;58;28;147;32;218;3;135,0.1,19,123,19,0.2148846398296973,,False,0.9045785194694052,,,,,,19,0,54.9878999881912,2.6342000055592507,72.26969998737331,3.02920000103768
DynamicOnly_B10,JILONG_EI_0149,1020,B10,70;101;210;40;26;180;133;66;178;60;88;78;58;28;147;32;218;3;199,0.1,19,123,19,0.2134220581816511,,False,0.9041506204535728,,,,,,19,0,55.00200000824407,2.8021999896736816,70.65749999310356,2.4985000054584816
DynamicOnly_B10,JILONG_EI_0149,1030,B10,70;101;40;210;26;180;133;178;66;60;88;78;58;28;147;32;218;3;199,0.1,19,123,19,0.2134220581816511,,False,0.9054343175010696,,,,,,19,0,55.00199999369215,2.5624999980209395,70.17789999372326,2.7310000004945323
DynamicOnly_B10,JILONG_EI_0149,1040,B10,70;101;40;210;26;180;133;178;66;60;88;78;58;28;147;32;218;3;199,0.1,19,123,19,0.2134220581816511,,False,0.902866923406076,,,,,,19,0,56.48349999682978,2.560400011134334,70.09449999895878,2.2815999982412905
DynamicOnly_B10,JILONG_EI_0149,1050,B10,70;101;40;26;210;180;133;178;66;60;88;78;58;28;147;32;218;3;199,0.1,19,123,19,0.2134220581816511,,False,0.90543431750107,,,,,,19,0,54.37070000334643,2.5873999984469265,70.78169999294914,2.412400004686788
DynamicOnly_B10,JILONG_EI_0149,1060,B10,70;101;40;26;210;180;133;178;66;60;88;78;58;28;147;32;218;199;3,0.1,19,123,19,0.2134220581816511,,False,0.90543431750107,,,,,,19,0,55.267000003368594,2.6682999887270853,70.88370001292787,3.2371999986935407
DynamicOnly_B10,JILONG_EI_0149,1070,B10,70;101;40;26;180;210;133;178;66;60;88;94;58;28;147;32;218;199;3,0.1,19,123,19,0.2024105795958374,,False,0.9054343175010696,,,,,,19,0,54.3448999960674,2.5883999915095046,70.72829999378882,2.221200003987178
DynamicOnly_B10,JILONG_EI_0149,1080,B10,70;101;40;26;180;210;133;178;66;60;88;94;58;28;147;32;218;199;3,0.1,19,123,19,0.2024105795958374,,False,0.9054343175010696,,,,,,19,0,55.03069999394938,3.1158999918261543,70.3289999946719,2.2447000083047897
DynamicOnly_B10,JILONG_EI_0149,1090,B10,70;101;40;26;180;210;178;133;66;60;88;94;58;28;147;32;218;199;141,0.1,19,123,19,0.2035668614223032,,False,0.9067180145485668,,,,,,19,0,54.86620000738185,2.996600000187754,70.68200000503566,2.252899997984059
DynamicOnly_B10,JILONG_EI_0149,1100,B10,70;101;40;26;180;210;133;178;66;60;88;62;94;58;28;147;32;218;199,0.1,19,124,19,0.2060938349503411,,False,0.9121392190152802,,,,,,19,0,56.21869998867624,2.584700006991625,71.39729999471456,3.5398999898461625
DynamicOnly_B10,JILONG_EI_0149,1110,B10,70;101;40;180;26;210;133;178;66;60;62;88;94;58;28;147;32;199;218,0.1,19,124,19,0.2060938349503411,,False,0.9129881154499152,,,,,,19,0,54.139400002895854,2.7258999907644466,70.65720000537112,2.253699989523738
DynamicOnly_B10,JILONG_EI_0149,1120,B10,70;101;40;26;180;210;133;178;66;60;62;88;94;58;28;147;32;199;218,0.1,19,124,19,0.2060938349503411,,False,0.91383701188455,,,,,,19,0,54.55630000506062,2.599200000986457,71.53030000336003,2.239099994767457
DynamicOnly_B10,JILONG_EI_0149,1130,B10,70;101;40;26;180;210;133;178;66;60;62;88;94;58;28;147;32;199;218,0.1,19,124,19,0.2060938349503411,,False,0.9146859083191852,,,,,,19,0,54.74089999916032,2.5821000017458573,70.23510000726674,2.2687999880872667
DynamicOnly_B10,JILONG_EI_0149,1140,B10,70;101;40;26;180;210;133;178;66;62;60;88;94;58;28;147;32;199;218,0.1,19,124,19,0.2060938349503411,,False,0.9159592529711374,,,,,,19,0,55.59510001330637,3.779100006795488,71.50979999278206,2.93279999459628
DynamicOnly_B10,JILONG_EI_0149,1150,B10,70;101;40;26;180;210;133;178;66;62;60;94;88;58;147;28;32;199;219,0.1,19,124,19,0.2048992656461777,,False,0.9159592529711376,,,,,,19,0,54.831200002809055,2.6095999928656965,71.54490001266822,2.350699985981919
DynamicOnly_B10,JILONG_EI_0149,1160,B10,70;101;40;26;180;210;133;178;66;60;62;88;94;147;58;28;32;219;199,0.1,19,124,19,0.2048992656461777,,False,0.9185059422750426,,,,,,19,0,54.45460000191815,2.711900000576861,71.06820000626612,2.2733999940101057
DynamicOnly_B10,JILONG_EI_0149,1170,B10,70;101;40;26;180;210;133;178;66;94;62;60;88;147;58;28;32;199;218,0.1,19,124,19,0.2060938349503411,,False,0.9180814940577248,,,,,,19,0,54.896500005270354,3.277499999967404,70.110200002091,2.293199999257922
DynamicOnly_B10,JILONG_EI_0149,1180,B10,70;101;40;26;180;210;133;178;66;94;62;60;88;147;58;28;32;199;218,0.1,19,124,19,0.2060938349503411,,False,0.9163837011884548,,,,,,19,0,55.45279999205377,2.5491999986115843,71.0244999936549,2.3490000021411106
DynamicOnly_B10,JILONG_EI_0149,1190,B10,70;101;40;26;180;210;133;178;94;66;60;88;147;58;28;32;199;218;141,0.1,19,123,19,0.2035668614223032,,False,0.907573812580231,,,,,,19,0,55.13179999252316,2.737599992542528,70.74690000445116,2.3295999999390915
DynamicOnly_B10,JILONG_EI_0149,1200,B10,70;101;40;26;180;210;133;94;178;66;62;60;147;88;58;28;32;199;218,0.1,19,124,19,0.2060938349503411,,False,0.9151103565365024,,,,,,19,0,55.14019999827724,2.6343000063207,70.22510000388138,2.4985000054584816
DynamicOnly_B10,JILONG_EI_0149,1210,B10,70;101;40;26;180;210;94;133;178;66;62;147;60;88;58;28;32;199;218,0.1,19,124,19,0.2060938349503411,,False,0.9176570458404074,,,,,,19,0,54.34339999919757,2.992500012624077,70.62309999309946,2.6008000131696463
DynamicOnly_B10,JILONG_EI_0149,1220,B10,70;101;40;26;180;94;210;133;178;66;62;147;60;88;58;28;199;32;218,0.1,19,124,19,0.2060938349503411,,False,0.91723259762309,,,,,,19,0,54.37470000470057,3.631100000347942,70.07459999294952,2.2475000005215406
DynamicOnly_B10,JILONG_EI_0149,1230,B10,70;101;40;26;180;94;210;133;178;66;62;147;60;88;58;28;199;32;218,0.1,19,124,19,0.2060938349503411,,False,0.9159592529711374,,,,,,19,0,54.68499999551568,2.5022000045282766,69.96629999775905,2.229399993666448
DynamicOnly_B10,JILONG_EI_0149,1240,B10,70;101;40;26;180;94;133;210;178;66;147;88;60;58;28;199;32;218;155,0.1,19,123,19,0.2045470208513603,,False,0.9109970047068892,,,,,,19,0,54.785200001788326,2.578900006483309,69.94450000638608,2.221199989435263
DynamicOnly_B10,JILONG_EI_0149,1250,B10,70;101;40;26;180;94;133;210;178;66;147;62;60;88;58;28;199;32;218,0.1,19,124,19,0.2060938349503411,,False,0.9168081494057726,,,,,,19,0,55.557100000442006,2.591099997516721,70.08960000530351,2.2960999922361225
DynamicOnly_B10,JILONG_EI_0149,1260,B10,70;101;40;26;180;94;133;210;66;178;62;147;60;88;58;28;199;32;218,0.1,19,124,19,0.2060938349503411,,False,0.9163837011884552,,,,,,19,0,55.51940000441391,2.634699994814582,72.4113999895053,3.056099987588823
DynamicOnly_B10,JILONG_EI_0149,1270,B10,70;101;40;26;94;180;133;62;210;66;178;147;60;88;58;199;28;32;218,0.1,19,124,19,0.2060938349503411,,False,0.918081494057725,,,,,,19,0,54.46420000225771,2.575899998191744,70.78000000910833,2.2929000115254894
DynamicOnly_B10,JILONG_EI_0149,1280,B10,70;101;40;26;94;180;62;133;210;66;178;147;60;88;58;199;28;32;218,0.1,19,124,19,0.2060938349503411,,False,0.918081494057725,,,,,,19,0,54.5255999895744,2.566299997852184,70.30530000338331,2.2409999946830794
DynamicOnly_B10,JILONG_EI_0149,1290,B10,70;101;40;94;26;180;133;62;210;66;178;147;88;60;58;199;28;32;218,0.1,19,124,19,0.2060938349503411,,False,0.91893039049236,,,,,,19,0,54.500599988386966,2.5929000112228096,70.46359998639673,2.2360000002663583
DynamicOnly_B10,JILONG_EI_0149,1300,B10,70;101;40;94;26;180;133;62;210;66;178;147;88;60;199;58;28;32;218,0.1,19,124,19,0.2060938349503411,,False,0.9185059422750426,,,,,,19,0,54.25359999935608,2.6516999932937324,72.29279998864513,2.999400006956421
DynamicOnly_B10,JILONG_EI_0149,1310,B10,70;101;40;94;26;180;62;133;210;66;178;60;147;88;199;58;28;2;32,0.1,19,126,19,0.2050064705837309,,False,0.9231411862990812,,,,,,19,0,54.73299999721348,2.846700008376501,71.81739999214187,2.302299995790236
DynamicOnly_B10,JILONG_EI_0149,1320,B10,70;101;40;94;26;180;62;133;210;66;178;60;147;88;199;58;28;32;205,0.1,19,125,19,0.2049528681149543,,False,0.9216842105263158,,,,,,19,0,54.36550000740681,2.819500004989095,70.19759999820963,2.225499993073754
DynamicOnly_B10,JILONG_EI_0149,1330,B10,70;101;40;94;26;180;133;62;210;66;178;88;60;147;199;58;28;32;203,0.1,19,124,19,0.2060938349503411,,False,0.91893039049236,,,,,,19,0,54.6055000013439,2.640599996084348,70.08309999946505,2.2686000011162832
DynamicOnly_B10,JILONG_EI_0149,1340,B10,70;101;40;94;26;180;133;62;210;66;178;60;88;147;199;58;28;32;203,0.1,19,124,19,0.2060938349503411,,False,0.9214770797962648,,,,,,19,0,54.43170000216924,2.6147000025957823,70.07839999278076,2.258000007714145
DynamicOnly_B10,JILONG_EI_0149,1350,B10,70;101;40;94;26;180;133;62;210;66;178;88;60;147;199;2;58;28;32,0.1,19,125,19,0.2050064705837309,,False,0.9237894736842108,,,,,,19,0,54.66919999162201,2.574699989054352,71.25330000417307,2.409599997918121
DynamicOnly_B10,JILONG_EI_0149,1360,B10,70;101;40;94;26;180;133;62;210;66;125;178;88;60;147;199;58;28;32,0.1,19,125,19,0.2054123178473248,,False,0.9237894736842108,,,,,,19,0,56.1189000000013,2.6833000010810792,71.52699999278411,2.4050000065471977
DynamicOnly_B10,JILONG_EI_0149,1370,B10,70;101;40;94;26;180;133;62;210;66;178;125;60;88;199;147;58;28;32,0.1,19,125,19,0.2054123178473248,,False,0.9242105263157894,,,,,,19,0,55.231299993465655,2.6196000108029693,72.78339999902528,2.9601999995065853
DynamicOnly_B10,JILONG_EI_0149,1380,B10,70;101;40;94;26;180;133;62;210;66;178;88;60;199;147;58;28;2;32,0.1,19,125,19,0.2050064705837309,,False,0.9242105263157894,,,,,,19,0,55.9685000043828,3.2299000013154,71.01120000879746,2.228600002126768
DynamicOnly_B10,JILONG_EI_0149,1390,B10,70;40;101;94;26;133;180;62;210;66;178;88;60;199;147;58;28;32;203,0.1,19,124,19,0.2060938349503411,,False,0.9219015280135824,,,,,,19,0,54.614199994830415,3.076099994359538,70.32040000194684,2.2526000102516264
DynamicOnly_B10,JILONG_EI_0149,1400,B10,70;101;40;94;26;133;180;62;210;66;178;88;199;60;147;2;58;28;32,0.1,19,125,19,0.2050064705837309,,False,0.9233684210526316,,,,,,19,0,54.60740000125952,2.97209998825565,70.49169999663718,2.321299994946457
DynamicOnly_B10,JILONG_EI_0149,1410,B10,70;40;101;94;26;133;62;180;210;66;125;178;88;60;199;147;58;32;28,0.1,19,125,19,0.2054123178473248,,False,0.9225263157894736,,,,,,19,0,55.56789999536704,3.1088000105228275,71.81380000838544,2.4797999940346926
DynamicOnly_B10,JILONG_EI_0149,1420,B10,70;40;101;94;26;133;180;62;210;66;178;88;60;199;147;58;28;32;203,0.1,19,124,19,0.2060938349503411,,False,0.9210526315789476,,,,,,19,0,55.76039999141358,2.8279000107431784,72.7541999949608,2.3019000072963536
DynamicOnly_B10,JILONG_EI_0149,1430,B10,70;40;101;94;26;133;180;62;210;66;178;88;199;60;147;2;58;28;32,0.1,19,125,19,0.2050064705837309,,False,0.9229473684210528,,,,,,19,0,55.05700000503566,2.9138000099919736,71.54479999735486,2.4634999863337725
DynamicOnly_B10,JILONG_EI_0149,1440,B10,70;40;101;94;26;133;180;62;210;66;178;88;199;60;125;147;58;28;2,0.1,19,126,19,0.2047614307264666,,False,0.9231411862990808,,,,,,19,0,55.06210000021383,2.6972000050591305,70.61709999106824,4.441199998836964
DynamicOnly_B10,JILONG_EI_0159,10,B10,78;252;14;44;5;141;83;46;206;202;166;91;112;117;89;32;55;192;160,0.1,19,128,19,0.103866269497898,,False,0.8967927631578947,,,,,,19,0,54.38999999023508,2.66840000404045,70.13110000116285,2.251800004160032
DynamicOnly_B10,JILONG_EI_0159,20,B10,77;79;141;14;46;42;174;252;44;32;231;128;23;55;202;101;176;83;89,0.1,19,127,19,0.1190127956750465,,False,0.891007045171985,,,,,,19,0,54.56999999296386,2.8151000005891547,70.0555999937933,2.257500003906898
DynamicOnly_B10,JILONG_EI_0159,30,B10,77;79;141;44;55;99;91;42;252;46;144;13;5;32;88;166;241;86;174,0.1,19,125,19,0.1273671233086506,,False,0.8496842105263159,,,,,,19,0,54.29810000350699,2.688199994736351,69.91459999699146,2.272199999424629
DynamicOnly_B10,JILONG_EI_0159,40,B10,77;79;44;84;42;166;252;46;106;112;40;174;119;74;32;50;141;88;86,0.1,19,125,19,0.1191429730992181,,False,0.8328421052631579,,,,,,19,0,54.20350001077168,2.727200000663288,70.99439999728929,2.415200011455454
DynamicOnly_B10,JILONG_EI_0159,50,B10,61;93;79;121;166;29;141;85;206;27;99;56;19;112;5;87;74;25;66,0.1,19,123,19,0.1260883215535527,,False,0.8575096277278562,,,,,,19,0,55.76930000097491,2.7497000119183213,70.40699999197386,2.335299999685958
DynamicOnly_B10,JILONG_EI_0159,60,B10,61;93;79;29;42;83;141;206;5;91;166;172;55;24;135;174;176;117;251,0.1,19,122,19,0.1098620885053334,,False,0.8628127696289905,,,,,,19,0,54.521500002010725,2.770300008705817,70.52019999537151,2.2769999923184514
DynamicOnly_B10,JILONG_EI_0159,70,B10,60;79;93;29;27;166;141;70;56;25;252;91;89;32;66;34;117;218;3,0.1,19,121,19,0.1351547962723311,,False,0.8494997825141366,,,,,,19,0,54.686100003891625,2.676700009033084,70.16970000404399,2.2933000000193715
DynamicOnly_B10,JILONG_EI_0159,80,B10,44;77;79;46;25;141;14;203;56;34;172;101;252;32;70;91;66;121;135,0.1,19,120,19,0.1514882342581035,,False,0.8171052631578948,,,,,,19,0,54.620900002191775,2.6856000040424988,72.23740000335965,3.192299991496838
DynamicOnly_B10,JILONG_EI_0159,90,B10,28;61;93;14;206;26;141;252;49;57;55;91;120;86;88;36;192;203;174,0.1,19,119,19,0.1245261924634928,,False,0.8080495356037151,,,,,,19,0,53.73729999701027,2.644799998961389,73.43180000316352,3.2384000078309327
DynamicOnly_B10,JILONG_EI_0159,100,B10,28;61;93;26;141;70;91;190;120;49;166;252;57;14;5;203;117;88;176,0.1,19,118,19,0.1182240736344771,,False,0.8046387154326494,,,,,,19,0,55.13710000377614,2.79660000524018,71.72249999712221,2.485699995304458
DynamicOnly_B10,JILONG_EI_0159,110,B10,28;60;93;26;141;252;206;70;166;91;56;32;117;203;120;20;176;229;155,0.1,19,117,19,0.1236532379719888,,False,0.8245614035087719,,,,,,19,0,55.8212000032654,3.579700001864694,71.91040000179783,2.308099996298552
DynamicOnly_B10,JILONG_EI_0159,120,B10,28;60;93;26;252;90;32;14;55;88;229;202;206;4;135;141;66;166;86,0.1,19,118,19,0.1102679357689274,,False,0.8104371097234612,,,,,,19,0,54.21529999875929,3.328099992359057,71.580100004212,3.035200003068894
DynamicOnly_B10,JILONG_EI_0159,130,B10,27;61;94;14;25;101;251;202;55;32;176;88;58;229;141;5;190;112;106,0.1,19,117,19,0.1344579641782358,,False,0.8250112460638777,,,,,,19,0,54.53329998999834,3.2835000019986182,69.79920000594575,2.2591000015381724
DynamicOnly_B10,JILONG_EI_0159,140,B10,27;61;94;25;202;101;252;14;141;55;58;89;176;91;132;229;174;32;112,0.1,19,117,19,0.1494436829490547,,False,0.8263607737291947,,,,,,19,0,54.16640000476036,2.6537999947322533,71.6724000085378,3.0722000083187595
DynamicOnly_B10,JILONG_EI_0159,150,B10,27;61;25;94;101;202;29;252;55;106;229;3;112;74;32;132;176;211;87,0.1,19,116,19,0.1615808133791762,,False,0.8253176043557169,,,,,,19,0,54.82360000314657,2.5655000063125044,70.02679999277461,2.239200010080822
DynamicOnly_B10,JILONG_EI_0159,160,B10,26;28;60;78;40;101;106;71;32;252;3;232;14;219;229;112;74;206;132,0.1,19,117,19,0.1626681777457864,,False,0.8119658119658117,,,,,,19,0,55.12589999125339,2.6578000106383115,71.98440001229756,2.307300004758872
DynamicOnly_B10,JILONG_EI_0159,170,B10,26;28;60;78;40;106;232;101;186;70;235;4;112;229;58;211;32;179;148,0.1,19,117,19,0.1991714589826251,,False,0.8016194331983805,,,,,,19,0,55.31809999956749,2.783800009638071,71.58760000311304,2.289500000188127
DynamicOnly_B10,JILONG_EI_0159,180,B10,25;27;58;60;78;56;106;101;29;232;70;186;229;99;112;132;88;218;179,0.1,19,117,19,0.1762066298596381,,False,0.822762033288349,,,,,,19,0,55.1153999986127,2.6211999938823283,70.23219999973662,3.518700003041886
DynamicOnly_B10,JILONG_EI_0159,190,B10,25;27;60;94;58;101;71;29;106;202;99;233;229;179;132;112;36;3;103,0.1,19,117,19,0.1615348684059391,,False,0.7980206927575347,,,,,,19,0,55.06929999683052,2.59649999497924,71.08439999865368,2.30089999968186
DynamicOnly_B10,JILONG_EI_0159,200,B10,25;27;60;94;101;56;23;89;99;58;29;186;87;233;4;251;229;121;51,0.1,19,118,19,0.1266243462413183,,False,0.803300624442462,,,,,,19,0,55.11139999725856,2.6463999965926632,70.925799998804,2.408800006378442
DynamicOnly_B10,JILONG_EI_0159,210,B10,41;27;45;77;101;55;88;90;99;216;186;4;51;251;160;157;135;229;148,0.1,19,118,19,0.1591227573109938,,False,0.7859054415700267,,,,,,19,0,55.4301999945892,2.6375000015832484,71.6794000036316,2.435000002151355
DynamicOnly_B10,JILONG_EI_0159,220,B10,24;26;56;28;94;60;101;88;58;233;99;50;251;106;4;70;135;201;229,0.1,19,118,19,0.149780612752793,,False,0.8157894736842105,,,,,,19,0,55.7766999991145,2.865200003725477,70.69530000444502,2.2592000022996217
DynamicOnly_B10,JILONG_EI_0159,230,B10,40;26;28;101;88;94;60;58;251;233;70;50;106;201;148;99;155;215;52,0.1,19,118,19,0.182600638635128,,False,0.800178412132025,,,,,,19,0,54.75540000770707,2.635600001667626,69.89259998954367,2.2428999945987016
DynamicOnly_B10,JILONG_EI_0159,240,B10,40;26;101;45;94;88;251;70;58;135;233;36;112;219;201;148;172;209;3,0.1,19,118,19,0.1621168380669418,,False,0.7970561998215878,,,,,,19,0,54.89879999367986,3.007499995874241,70.05609999760054,2.19430000288412
DynamicOnly_B10,JILONG_EI_0159,250,B10,41;55;27;101;23;94;45;88;251;36;135;233;219;201;148;99;172;229;112,0.1,19,121,19,0.1483563185824444,,False,0.8020878642888212,,,,,,19,0,54.59549999795854,2.786299999570474,70.11810000403784,2.325699999346398
DynamicOnly_B10,JILONG_EI_0159,260,B10,25;55;27;101;94;60;23;88;29;58;251;36;135;233;148;99;90;219;201,0.1,19,122,19,0.1538390853887327,,False,0.8123382226056947,,,,,,19,0,54.78890000085812,2.5920999905793,70.40719999349676,2.293800003826618
DynamicOnly_B10,JILONG_EI_0159,270,B10,25;56;101;27;60;94;23;70;88;58;29;251;135;148;206;229;233;90;112,0.1,19,121,19,0.1576142306897106,,False,0.8194867333623315,,,,,,19,0,54.75480000313837,2.735999994911253,71.57519999600481,2.2892000124556944
DynamicOnly_B10,JILONG_EI_0159,280,B10,25;55;101;27;60;94;23;29;58;88;251;36;148;90;206;135;229;233;112,0.1,19,121,19,0.1489153157568285,,False,0.8064375815571988,,,,,,19,0,54.77479999535717,2.624200002173893,70.38350000220817,2.262800000607968
DynamicOnly_B10,JILONG_EI_0159,290,B10,25;55;101;60;27;94;23;58;29;148;251;88;36;206;90;112;135;229;32,0.1,19,120,19,0.1485477559709321,,False,0.8057017543859648,,,,,,19,0,54.0923000080511,2.594699995825067,70.38240000838414,2.240400004666298
DynamicOnly_B10,JILONG_EI_0159,300,B10,25;55;101;27;60;94;23;58;29;148;251;90;206;88;32;112;135;36;229,0.1,19,121,19,0.1485477559709321,,False,0.7981731187472814,,,,,,19,0,55.20319999777712,2.6034000038634986,71.06000000203494,2.3015999904600903
DynamicOnly_B10,JILONG_EI_0159,310,B10,25;55;101;27;60;94;23;148;58;29;251;206;90;32;112;88;229;218;135,0.1,19,120,19,0.1441140660535565,,False,0.793859649122807,,,,,,19,0,54.38509999657981,2.8519000043161213,70.63159999961499,2.269700009492226
DynamicOnly_B10,JILONG_EI_0159,320,B10,25;55;101;27;60;94;23;148;58;29;251;36;90;32;206;112;218;88;229,0.1,19,121,19,0.1472153517470576,,False,0.7994780339277947,,,,,,19,0,54.72179999924265,2.999200005433522,70.13300000107847,2.8503999928943813
DynamicOnly_B10,JILONG_EI_0159,330,B10,25;55;101;27;60;94;148;23;29;58;251;90;32;206;218;180;112;88;176,0.1,19,121,19,0.1560903890773483,,False,0.7977381470204437,,,,,,19,0,54.84739999519661,2.634899996337481,71.1511999979848,2.258600012282841
DynamicOnly_B10,JILONG_EI_0159,340,B10,55;25;101;27;60;94;148;23;29;58;251;180;32;90;206;176;218;88;112,0.1,19,120,19,0.1560903890773483,,False,0.8008771929824562,,,,,,19,0,55.48359999374952,2.638600009959191,70.04710000182968,3.210099996067584
DynamicOnly_B10,JILONG_EI_0159,350,B10,55;25;101;27;60;93;148;29;23;58;180;32;251;90;176;218;206;88;112,0.1,19,120,19,0.1457221401168534,,False,0.8035087719298245,,,,,,19,0,54.340100003173575,2.5655000063125044,69.98800000292249,2.1966000058455397
DynamicOnly_B10,JILONG_EI_0159,360,B10,55;25;27;101;60;78;148;29;58;23;180;32;251;90;176;218;206;88;240,0.1,19,120,19,0.1867739737041603,,False,0.8078947368421052,,,,,,19,0,55.18060000031255,2.71880000946112,70.6378000031691,2.266999988933094
DynamicOnly_B10,JILONG_EI_0159,370,B10,55;25;27;60;101;94;148;180;29;58;23;32;90;218;176;88;240;51;206,0.1,19,119,19,0.1822483938403105,,False,0.8080495356037151,,,,,,19,0,55.60009999317117,2.601399988634512,70.36549999611452,2.322800006368197
DynamicOnly_B10,JILONG_EI_0159,380,B10,55;25;27;101;60;78;148;180;29;58;32;23;90;218;176;51;206;88;240,0.1,19,119,19,0.1932598724261243,,False,0.8120300751879698,,,,,,19,0,55.05310000444297,3.0203000060282648,70.54770000104327,2.247900003567338
DynamicOnly_B10,JILONG_EI_0159,390,B10,55;25;27;101;60;78;180;148;29;58;32;90;23;218;176;51;88;240;172,0.1,19,119,19,0.1944391267392086,,False,0.8107032286598849,,,,,,19,0,54.94160001398996,2.592499993625097,71.50309999997262,3.407399999559857
DynamicOnly_B10,JILONG_EI_0159,400,B10,55;25;27;93;101;60;180;148;29;58;32;90;23;218;172;176;51;88;240,0.1,19,120,19,0.1730593991928999,,False,0.8144736842105263,,,,,,19,0,54.54189999727532,2.69579999439884,71.25920000544284,2.285800001118332
DynamicOnly_B10,JILONG_EI_0159,410,B10,55;25;27;101;60;180;78;148;29;58;32;90;218;23;176;172;88;51;240,0.1,19,119,19,0.1944391267392086,,False,0.8186643078283944,,,,,,19,0,54.46970000048168,3.245600004447624,70.89899999846239,2.265200004330836
DynamicOnly_B10,JILONG_EI_0159,420,B10,55;25;27;101;60;180;78;148;29;58;32;90;218;23;176;172;88;252;51,0.1,19,119,19,0.1742386535059843,,False,0.8186643078283944,,,,,,19,0,55.56290000095032,2.678300006664358,70.73239999590442,2.3599999985890463
DynamicOnly_B10,JILONG_EI_0159,430,B10,55;25;27;101;60;93;180;148;29;32;58;90;218;252;176;23;88;51;172,0.1,19,120,19,0.1528589259596756,,False,0.8214912280701755,,,,,,19,0,55.32859999220818,2.690099994651973,71.72409999475349,2.2782000014558434
DynamicOnly_B10,JILONG_EI_0159,440,B10,55;25;27;101;60;180;148;78;29;32;58;252;90;51;218;176;88;23;172,0.1,19,118,19,0.1742386535059843,,False,0.8238180196253346,,,,,,19,0,55.37180000101216,3.165999994962476,71.26129999232944,2.3985000007087365
DynamicOnly_B10,JILONG_EI_0159,450,B10,55;25;27;60;101;93;180;148;29;32;58;252;90;51;218;88;176;23;120,0.1,19,119,19,0.1521391213789618,,False,0.826625386996904,,,,,,19,0,54.76780000026338,2.7984000043943524,70.74419999844395,2.2658000088995323
DynamicOnly_B10,JILONG_EI_0159,460,B10,55;25;27;60;101;180;148;78;29;32;58;190;51;90;252;218;120;176;88,0.1,19,119,19,0.1742463110015238,,False,0.831048208757187,,,,,,19,0,55.32749999838416,3.188800008501857,69.7539999964647,2.2604000114370137
DynamicOnly_B10,JILONG_EI_0159,470,B10,55;25;27;60;101;180;93;148;29;32;58;51;190;252;90;218;88;120;176,0.1,19,121,19,0.1528665834552151,,False,0.8368856024358416,,,,,,19,0,54.53540000598878,3.194500008248724,70.0319000025047,2.3106000007828698
DynamicOnly_B10,JILONG_EI_0159,480,B10,55;25;27;61;101;180;93;148;29;51;32;58;190;252;90;218;88;120;176,0.1,19,121,19,0.1661599957118025,,False,0.8386254893431928,,,,,,19,0,55.005100002745166,2.6104999997187406,70.77449999633245,2.2547999978996813
DynamicOnly_B10,JILONG_EI_0159,490,B10,55;25;27;101;60;93;180;148;29;32;51;58;252;190;90;218;88;120;176,0.1,19,122,19,0.1528665834552151,,False,0.8343399482312338,,,,,,19,0,55.16139999963343,2.6175999955739826,70.86079999862704,2.4597000010544434
DynamicOnly_B10,JILONG_EI_0159,500,B10,55;25;27;101;180;60;93;148;29;32;58;252;190;218;90;88;51;120;176,0.1,19,122,19,0.1528665834552151,,False,0.8399482312338223,,,,,,19,0,55.66500000713859,3.4158000053139403,71.46079999802168,2.287000010255724
DynamicOnly_B10,JILONG_EI_0159,510,B10,55;25;27;101;180;60;93;148;29;51;32;58;252;190;218;88;90;120;176,0.1,19,122,19,0.1528665834552151,,False,0.8403796376186368,,,,,,19,0,54.40839999937453,2.968899992993101,70.27999999991152,2.240700006950646
DynamicOnly_B10,JILONG_EI_0159,520,B10,55;25;27;101;180;60;93;148;29;32;58;51;252;218;90;88;120;176;156,0.1,19,121,19,0.1585101576678331,,False,0.8312309699869508,,,,,,19,0,54.50289999134839,2.6214999961666763,70.1310000004014,2.262800000607968
DynamicOnly_B10,JILONG_EI_0159,530,B10,55;25;101;27;180;60;93;148;29;32;58;252;190;51;218;88;90;120;156,0.1,19,122,19,0.1599267943426423,,False,0.8347713546160483,,,,,,19,0,53.907499997876585,2.561799992690794,70.72200000402518,2.282400004332885
DynamicOnly_B10,JILONG_EI_0159,540,B10,55;25;101;180;27;60;93;148;29;32;252;58;218;88;90;120;156;51;23,0.1,19,122,19,0.1591993322663889,,False,0.8334771354616047,,,,,,19,0,53.92619999474846,2.5968000118155032,70.2774999954272,2.667900000233203
DynamicOnly_B10,JILONG_EI_0159,550,B10,55;25;101;180;27;60;93;148;29;32;58;252;51;218;88;90;120;156;23,0.1,19,122,19,0.1591993322663889,,False,0.8408110440034513,,,,,,19,0,54.50810000183992,2.704500002437271,71.06439999188296,2.2117000044090678
DynamicOnly_B10,JILONG_EI_0159,560,B10,55;25;180;101;27;60;93;148;29;32;58;252;218;88;51;190;90;120;156,0.1,19,123,19,0.1599267943426423,,False,0.8438168592212237,,,,,,19,0,54.26889999944251,2.7436000091256574,70.29360000160523,2.2356999979820102
DynamicOnly_B10,JILONG_EI_0159,570,B10,55;25;180;101;27;60;93;148;29;252;32;58;51;218;88;90;120;156;99,0.1,19,122,19,0.159743014449694,,False,0.8377911993097498,,,,,,19,0,54.75789999763947,4.0210000006482005,70.39310000254773,2.2349000064423308
DynamicOnly_B10,JILONG_EI_0159,580,B10,55;25;180;101;61;27;93;148;29;252;32;58;190;218;88;90;51;120;99,0.1,19,123,19,0.1673928524936634,,False,0.8498074454428756,,,,,,19,0,54.47149999963585,2.9353000136325136,69.95240000833292,2.252499994938262
DynamicOnly_B10,JILONG_EI_0159,590,B10,55;25;180;101;60;27;93;148;29;190;58;32;252;218;88;51;90;99;120,0.1,19,123,19,0.154099440237076,,False,0.8536585365853658,,,,,,19,0,54.43010000453796,2.5408999936189502,72.69539999833796,3.196699995896779
DynamicOnly_B10,JILONG_EI_0159,600,B10,55;25;180;101;60;27;93;148;29;58;32;252;218;88;90;99;51;190;120,0.1,19,123,19,0.154099440237076,,False,0.8480958493795464,,,,,,19,0,56.043799995677546,2.716799994232133,71.74240000313148,3.3342999959131703
DynamicOnly_B10,JILONG_EI_0159,610,B10,55;25;180;101;60;27;93;148;29;58;32;252;218;88;51;99;90;120;156,0.1,19,122,19,0.159743014449694,,False,0.8511647972389992,,,,,,19,0,55.01229999936186,2.684400009457022,71.22140000865329,2.323900000192225
DynamicOnly_B10,JILONG_EI_0159,620,B10,55;25;180;101;60;27;93;148;29;58;32;88;252;218;99;51;90;120;156,0.1,19,122,19,0.159743014449694,,False,0.8554788610871441,,,,,,19,0,54.7591999929864,3.131699995719828,71.3324999960605,3.1366000039270148
DynamicOnly_B10,JILONG_EI_0159,630,B10,55;25;101;180;27;60;93;148;29;58;32;51;88;218;252;99;90;120;156,0.1,19,122,19,0.159743014449694,,False,0.8597929249352891,,,,,,19,0,55.05429999902845,2.663999999640509,69.77650000771973,2.2616999922320247
DynamicOnly_B10,JILONG_EI_0159,640,B10,55;25;101;180;60;27;93;148;29;58;51;32;88;218;252;99;90;120;190,0.1,19,123,19,0.154099440237076,,False,0.8600770218228497,,,,,,19,0,55.603000000701286,2.5858000008156523,70.36270000389777,2.2407999931601807
DynamicOnly_B10,JILONG_EI_0159,650,B10,55;25;101;180;60;27;93;148;29;58;32;88;218;51;99;252;120;90;156,0.1,19,122,19,0.159743014449694,,False,0.8593615185504745,,,,,,19,0,56.50159998913296,2.632499992614612,70.18830000015441,2.2889000101713464
DynamicOnly_B10,JILONG_EI_0159,660,B10,55;25;101;180;60;93;27;148;29;58;32;190;88;51;218;99;252;90;120,0.1,19,123,19,0.154099440237076,,False,0.8660676080445014,,,,,,19,0,54.87480000010692,2.5764000019989908,70.46819999231957,3.2619999983580783
DynamicOnly_B10,JILONG_EI_0159,670,B10,55;25;101;180;60;93;27;148;29;58;32;88;218;51;99;252;120;90;155,0.1,19,122,19,0.1555160769118852,,False,0.8589301121656601,,,,,,19,0,55.78140000579879,2.703100006328896,71.2811999983387,2.430900000035763
DynamicOnly_B10,JILONG_EI_0159,680,B10,55;25;101;180;60;27;93;148;29;58;51;32;88;218;99;252;120;90;155,0.1,19,122,19,0.1555160769118852,,False,0.8662640207075065,,,,,,19,0,55.44989999907557,2.66389999887906,71.94140000501648,2.369400011957623
DynamicOnly_B10,JILONG_EI_0159,690,B10,55;25;101;180;60;93;27;148;29;58;88;32;218;51;99;252;90;120;155,0.1,19,122,19,0.1555160769118852,,False,0.8723037100949095,,,,,,19,0,57.10340000223368,2.924499989603646,69.79410001076758,2.21130000136327
DynamicOnly_B10,JILONG_EI_0159,700,B10,55;25;101;180;60;93;27;148;29;58;88;32;51;218;99;252;120;90;155,0.1,19,123,19,0.1555160769118852,,False,0.8720581942661533,,,,,,19,0,54.90750000171829,2.55950000428129,70.50110001000576,2.227000004495494
DynamicOnly_B10,JILONG_EI_0159,710,B10,55;25;101;180;60;93;27;148;58;29;88;32;51;218;99;120;252;155;5,0.1,19,123,19,0.15622056650152,,False,0.8759092854086434,,,,,,19,0,54.71070000203326,2.6708000077633187,71.82379999721888,2.9725999920628965
DynamicOnly_B10,JILONG_EI_0159,720,B10,55;25;101;180;60;93;27;148;58;29;51;88;32;218;99;120;252;155;5,0.1,19,123,19,0.15622056650152,,False,0.8741976893453147,,,,,,19,0,55.40209999890067,2.6543999993009493,71.0205999930622,2.722599994740449
DynamicOnly_B10,JILONG_EI_0159,730,B10,55;25;101;180;60;93;27;148;58;29;88;51;218;32;99;5;120;155;252,0.1,19,123,19,0.15622056650152,,False,0.876765083440308,,,,,,19,0,54.5167000091169,2.7098999998997897,72.07829999970272,2.9890999867348
DynamicOnly_B10,JILONG_EI_0159,740,B10,55;25;101;180;60;93;27;148;58;29;88;51;99;32;218;120;155;252;5,0.1,19,124,19,0.15622056650152,,False,0.8790322580645162,,,,,,19,0,54.41399999835994,2.661399994394742,70.89560000167694,2.191000006860122
DynamicOnly_B10,JILONG_EI_0159,750,B10,55;25;101;180;60;93;27;148;58;29;88;218;51;99;32;120;155;5;252,0.1,19,124,19,0.15622056650152,,False,0.8786078098471988,,,,,,19,0,54.064500000095,2.689999993890524,70.61640000029001,2.474599998095073
DynamicOnly_B10,JILONG_EI_0159,760,B10,55;25;101;180;93;60;27;148;58;88;29;99;218;51;32;5;120;155;252,0.1,19,124,19,0.15622056650152,,False,0.8781833616298811,,,,,,19,0,54.27389999385923,3.046500001801178,69.87859999935608,2.22829999984242
DynamicOnly_B10,JILONG_EI_0159,770,B10,55;25;101;180;93;60;27;148;58;88;29;99;218;32;51;5;120;155;3,0.1,19,124,19,0.1569939735510104,,False,0.8807300509337861,,,,,,19,0,54.35510000097565,3.2678999996278435,71.43319999158848,2.942100007203408
DynamicOnly_B10,JILONG_EI_0159,780,B10,55;25;101;180;93;60;27;148;58;88;29;99;218;51;32;5;120;155;3,0.1,19,124,19,0.1569939735510104,,False,0.8845500848896434,,,,,,19,0,55.16030000580941,3.320999996503815,70.44470000255387,2.526600001147017
DynamicOnly_B10,JILONG_EI_0159,790,B10,55;25;101;180;93;60;27;148;58;88;29;51;99;218;32;120;155;5;3,0.1,19,124,19,0.1569939735510104,,False,0.8849745331069608,,,,,,19,0,54.41349999455269,2.7412000054027885,71.51979999616742,3.853699992760085
DynamicOnly_B10,JILONG_EI_0159,800,B10,55;25;101;180;93;60;27;148;58;88;29;51;99;218;32;120;155;3;5,0.1,19,124,19,0.1569939735510104,,False,0.8853989813242785,,,,,,19,0,54.57529998966493,2.626600005896762,70.27039999957196,2.2478999890154228
DynamicOnly_B10,JILONG_EI_0159,810,B10,55;25;101;180;93;60;27;148;58;88;51;99;218;29;32;120;155;5;3,0.1,19,124,19,0.1569939735510104,,False,0.8926146010186757,,,,,,19,0,55.09550000715535,3.9446999871870494,71.4021000021603,3.1759999983478338
DynamicOnly_B10,JILONG_EI_0159,820,B10,55;25;101;93;180;60;27;58;148;88;51;218;29;32;120;155;99;5;3,0.1,19,124,19,0.1569939735510104,,False,0.885823429541596,,,,,,19,0,54.76169999747072,3.349599995999597,69.97549999505281,2.504000003682449
DynamicOnly_B10,JILONG_EI_0159,830,B10,55;25;101;93;180;60;27;58;148;88;51;99;218;29;32;199;155;120;5,0.1,19,124,19,0.1569786585599314,,False,0.890067911714771,,,,,,19,0,53.861499996855855,2.637699988554232,70.1334999903338,2.731899992795661
DynamicOnly_B10,JILONG_EI_0159,840,B10,55;25;101;93;180;60;27;58;148;88;51;99;218;29;199;32;155;120;3,0.1,19,124,19,0.1571700959484191,,False,0.8994057724957556,,,,,,19,0,54.66769999475218,2.994599999510683,70.89940000150818,2.282700006617233
DynamicOnly_B10,JILONG_EI_0159,850,B10,55;101;25;93;180;60;27;148;58;51;218;99;88;29;199;32;155;120;3,0.1,19,124,19,0.1571700959484191,,False,0.9011035653650254,,,,,,19,0,54.55980000260752,2.644499996677041,70.74979999742936,2.213300002040341
DynamicOnly_B10,JILONG_EI_0159,860,B10,55;101;25;93;180;60;27;58;148;51;88;99;218;199;29;32;155;120;3,0.1,19,124,19,0.1571700959484191,,False,0.902376910016978,,,,,,19,0,54.41820000123698,2.6108000020030886,70.8199000073364,2.306700000190176
DynamicOnly_B10,JILONG_EI_0159,870,B10,55;101;25;93;180;60;27;58;148;88;99;218;51;199;29;32;155;120;3,0.1,19,124,19,0.1571700959484191,,False,0.9011035653650254,,,,,,19,0,54.816999996546656,3.6561000015353775,71.85320000280626,2.2825999913038686
DynamicOnly_B10,JILONG_EI_0159,880,B10,55;101;25;61;93;180;27;58;148;51;99;218;88;199;29;32;155;120;3,0.1,19,124,19,0.1704635082050064,,False,0.8981324278438031,,,,,,19,0,56.822300000931136,2.587599999969825,70.40989999950398,3.061900002649054
DynamicOnly_B10,JILONG_EI_0159,890,B10,55;101;25;93;180;60;27;148;58;99;218;51;199;88;29;32;155;120;3,0.1,19,124,19,0.1571700959484191,,False,0.9015280135823428,,,,,,19,0,54.772099989349954,2.6228000060655177,72.11090000055265,2.5679999962449074
DynamicOnly_B10,JILONG_EI_0159,900,B10,55;101;25;93;180;60;27;58;148;99;218;51;88;199;29;32;155;120;3,0.1,19,124,19,0.1571700959484191,,False,0.907470288624788,,,,,,19,0,55.52710000483785,3.0632999987574294,71.16779999341816,2.237000007880852
DynamicOnly_B10,JILONG_EI_0159,910,B10,55;101;25;93;180;60;27;58;148;199;99;51;88;218;32;29;155;120;3,0.1,19,124,19,0.1571700959484191,,False,0.9066213921901528,,,,,,19,0,56.25090000103228,2.6331999979447573,71.45509999827482,2.2738999978173524
DynamicOnly_B10,JILONG_EI_0159,920,B10,55;101;25;93;180;60;27;58;148;199;99;218;51;88;32;29;155;120;3,0.1,19,124,19,0.1571700959484191,,False,0.904074702886248,,,,,,19,0,56.30219999875408,2.6402999938,70.69999999657739,2.526999989640899
DynamicOnly_B10,JILONG_EI_0159,930,B10,55;101;25;93;180;60;27;58;148;199;99;218;51;88;32;29;155;120;3,0.1,19,124,19,0.1571700959484191,,False,0.9087436332767403,,,,,,19,0,57.01940000290051,2.7473999944049865,71.4185999968322,2.36169999698177
DynamicOnly_B10,JILONG_EI_0159,940,B10,55;101;25;93;180;60;27;58;148;199;99;51;218;88;32;29;155;120;3,0.1,19,124,19,0.1571700959484191,,False,0.9078947368421052,,,,,,19,0,54.26439999428112,3.0547999922418967,70.84320001013111,2.255299987155013
DynamicOnly_B10,JILONG_EI_0159,950,B10,55;101;25;93;180;60;27;58;148;199;99;218;51;88;32;29;155;120;3,0.1,19,124,19,0.1571700959484191,,False,0.9087436332767403,,,,,,19,0,54.38729999877978,2.7270999999018386,70.6138999958057,2.6144000003114343
DynamicOnly_B10,JILONG_EI_0159,960,B10,101;55;25;93;180;60;27;58;148;199;218;51;88;32;29;155;99;120;3,0.1,19,124,19,0.1571700959484191,,False,0.9053480475382004,,,,,,19,0,54.860000003827736,3.4339999983785674,70.26130000303965,2.288799994857982
DynamicOnly_B10,JILONG_EI_0159,970,B10,101;55;25;93;180;60;27;58;148;199;99;218;51;32;88;29;155;120;3,0.1,19,124,19,0.1571700959484191,,False,0.9100169779286928,,,,,,19,0,56.12539999128785,2.728000006754882,71.75200000347104,2.943800005596131
DynamicOnly_B10,JILONG_EI_0159,980,B10,101;55;25;93;180;60;27;58;148;199;99;218;51;32;88;29;155;120;3,0.1,19,124,19,0.1571700959484191,,False,0.9112903225806452,,,,,,19,0,54.2795999936061,2.784100011922419,70.78090000140946,2.5422999897273257
DynamicOnly_B10,JILONG_EI_0159,990,B10,101;55;25;93;180;60;27;58;148;199;99;218;51;32;88;29;155;120;3,0.1,19,124,19,0.1571700959484191,,False,0.9104414261460104,,,,,,19,0,54.62339999212418,3.714099992066622,70.60510000155773,2.268700001877733
DynamicOnly_B10,JILONG_EI_0159,1000,B10,101;55;25;93;180;60;27;58;148;199;99;218;51;32;29;88;155;120;3,0.1,19,124,19,0.1571700959484191,,False,0.9117147707979628,,,,,,19,0,54.571800006669946,2.6013000024249777,70.03889999759849,2.289199997903779
DynamicOnly_B10,JILONG_EI_0159,1010,B10,101;55;25;93;180;60;27;58;148;199;99;218;51;32;29;155;88;120;3,0.1,19,125,19,0.1571700959484191,,False,0.912842105263158,,,,,,19,0,55.19260000437498,2.577000006567687,70.51910000154749,2.249999990453944
DynamicOnly_B10,JILONG_EI_0159,1020,B10,101;55;25;93;180;27;60;58;148;199;218;99;51;32;155;29;88;3;120,0.1,19,125,19,0.1571700959484191,,False,0.9103157894736842,,,,,,19,0,56.78480000642594,2.621099993120879,70.2988999983063,2.9757000011159107
DynamicOnly_B10,JILONG_EI_0159,1030,B10,101;55;25;93;180;60;27;58;148;199;218;99;51;155;29;32;88;120;3,0.1,19,125,19,0.1571700959484191,,False,0.9098947368421052,,,,,,19,0,55.89099999633618,2.7582000038819388,70.56370000645984,2.162999997381121
DynamicOnly_B10,JILONG_EI_0159,1040,B10,101;55;25;93;180;60;27;58;148;199;218;99;51;155;29;32;3;120;88,0.1,19,125,19,0.1571700959484191,,False,0.9077894736842106,,,,,,19,0,53.98320000676904,2.5919999898178503,71.44060000427999,3.203499989467673
DynamicOnly_B10,JILONG_EI_0159,1050,B10,101;55;25;93;180;60;27;58;148;199;99;218;51;155;32;29;88;3;120,0.1,19,125,19,0.1571700959484191,,False,0.9065263157894736,,,,,,19,0,55.93050000607036,3.0872000061208382,69.74310000077821,2.2597000061068684
DynamicOnly_B10,JILONG_EI_0159,1060,B10,101;55;25;93;180;27;60;58;148;199;218;99;51;155;32;29;3;88;120,0.1,19,125,19,0.1571700959484191,,False,0.9082105263157896,,,,,,19,0,56.54770000546705,2.5477000017417595,72.41559999238234,2.929599999333732
DynamicOnly_B10,JILONG_EI_0159,1070,B10,101;55;25;93;180;27;60;58;148;199;218;99;51;155;32;29;3;120;88,0.1,19,125,19,0.1571700959484191,,False,0.9086315789473682,,,,,,19,0,56.44689999462571,2.619799997773953,72.59100000374019,3.0190999968908727
DynamicOnly_B10,JILONG_EI_0159,1080,B10,101;25;55;93;180;27;60;58;148;199;99;218;51;155;32;29;3;120;88,0.1,19,125,19,0.1571700959484191,,False,0.9082105263157896,,,,,,19,0,55.36800000118092,2.730899999733083,70.9241999866208,2.481200004694984
DynamicOnly_B10,JILONG_EI_0159,1090,B10,101;25;55;93;180;27;60;58;148;199;218;99;51;155;32;29;3;120;88,0.1,19,125,19,0.1571700959484191,,False,0.9094736842105262,,,,,,19,0,54.92239999875892,2.6474000042071566,70.26729999051895,2.2083999938331544
DynamicOnly_B10,JILONG_EI_0159,1100,B10,101;25;93;55;180;27;60;58;148;199;218;99;155;51;32;29;3;120;5,0.1,19,125,19,0.1565728112963374,,False,0.9065263157894736,,,,,,19,0,56.403800001135096,2.566399998613633,71.51779999549035,2.809500001603737
DynamicOnly_B10,JILONG_EI_0159,1110,B10,101;25;93;55;180;27;58;60;148;199;218;99;155;51;32;29;3;120;88,0.1,19,125,19,0.1571700959484191,,False,0.905684210526316,,,,,,19,0,55.271799996262416,2.586999995401129,70.6620999990264,2.736399997957051
DynamicOnly_B10,JILONG_EI_0159,1120,B10,101;25;93;55;180;27;62;60;58;148;199;99;218;155;32;51;29;3;120,0.1,19,126,19,0.1604475040393289,,False,0.9147869674185464,,,,,,19,0,57.290099997771904,2.7858000103151426,71.34640000003856,2.481599993188865
DynamicOnly_B10,JILONG_EI_0159,1130,B10,101;25;93;55;180;27;60;58;148;199;218;99;155;32;51;29;3;120;5,0.1,19,125,19,0.1565728112963374,,False,0.9073684210526316,,,,,,19,0,55.77559999073856,3.800499995122664,72.0794999942882,4.069500006153248
DynamicOnly_B10,JILONG_EI_0159,1140,B10,101;93;25;55;180;27;60;58;148;199;218;99;155;32;51;3;29;120;5,0.1,19,125,19,0.1565728112963374,,False,0.9061052631578947,,,,,,19,0,55.09729999175761,2.636799996253103,71.9731999997748,2.502600007574074
DynamicOnly_B10,JILONG_EI_0159,1150,B10,101;93;25;55;180;27;60;58;148;199;218;99;155;32;51;3;29;120;5,0.1,19,125,19,0.1565728112963374,,False,0.9090526315789472,,,,,,19,0,55.576500002644025,3.9781999948900193,71.14549999823794,2.268399999593385
DynamicOnly_B10,JILONG_EI_0159,1160,B10,101;93;25;55;180;27;58;60;148;199;218;99;155;32;51;3;29;5;120,0.1,19,125,19,0.1565728112963374,,False,0.9094736842105262,,,,,,19,0,54.68129999644589,3.420399996684864,70.21220000751782,2.1749000006821007
DynamicOnly_B10,JILONG_EI_0159,1170,B10,101;93;25;55;180;27;58;60;148;199;218;99;155;32;51;3;29;120;5,0.1,19,125,19,0.1565728112963374,,False,0.9086315789473683,,,,,,19,0,54.56459999550134,3.4035999997286126,70.7399999955669,2.4656000023242086
DynamicOnly_B10,JILONG_EI_0159,1180,B10,101;93;25;55;180;27;58;60;148;199;218;99;155;32;51;3;29;5;120,0.1,19,124,19,0.1565728112963374,,False,0.9083191850594228,,,,,,19,0,54.64999999094289,2.7809999883174896,70.60130000172649,2.241499998490326
DynamicOnly_B10,JILONG_EI_0159,1190,B10,101;93;25;55;180;27;60;58;148;199;218;99;155;32;51;3;29;5;120,0.1,19,124,19,0.1565728112963374,,False,0.909168081494058,,,,,,19,0,54.367499993531965,3.7783000007038936,70.41620000381954,2.215200001955964
DynamicOnly_B10,JILONG_EI_0159,1200,B10,101;93;25;55;180;27;60;58;148;199;218;99;155;32;51;3;29;5;120,0.1,19,124,19,0.1565728112963374,,False,0.9087436332767403,,,,,,19,0,54.79959999502171,2.6117000088561326,70.17910000286065,2.4164000060409307
DynamicOnly_B10,JILONG_EI_0159,1210,B10,101;93;25;55;180;27;60;58;148;199;218;32;155;51;3;29;5;99;120,0.1,19,124,19,0.1565728112963374,,False,0.9044991511035656,,,,,,19,0,55.18139999185223,2.6574999938020483,72.18540000030771,2.848799995263107
DynamicOnly_B10,JILONG_EI_0159,1220,B10,101;93;25;55;180;27;58;60;199;148;218;99;155;32;51;3;29;5;120,0.1,19,124,19,0.1565728112963374,,False,0.9108658743633276,,,,,,19,0,54.76749999797903,2.689100001589395,70.04949999100063,2.687500003958121
DynamicOnly_B10,JILONG_EI_0159,1230,B10,101;93;25;55;180;27;60;58;148;199;218;99;32;155;3;51;29;5;120,0.1,19,124,19,0.1565728112963374,,False,0.9108658743633276,,,,,,19,0,54.84810000052676,4.010600008768961,69.98099999327678,2.2622999968007207
DynamicOnly_B10,JILONG_EI_0159,1240,B10,101;93;25;55;180;27;58;199;60;148;218;99;32;155;3;51;29;5;120,0.1,19,123,19,0.1565728112963374,,False,0.9097133076593922,,,,,,19,0,55.08040000859182,2.6043999969260767,70.60099999944214,2.24089999392163
DynamicOnly_B10,JILONG_EI_0159,1250,B10,101;93;25;55;180;27;58;60;199;148;218;99;155;32;3;51;29;5;120,0.1,19,123,19,0.1565728112963374,,False,0.9080017115960632,,,,,,19,0,54.28389999724459,2.573400008259341,71.11979999172036,2.916400000685826
DynamicOnly_B10,JILONG_EI_0159,1260,B10,101;93;25;55;180;27;58;199;148;60;32;218;99;155;3;51;29;5;120,0.1,19,123,19,0.1565728112963374,,False,0.9071459135643988,,,,,,19,0,55.41840000660159,2.645900007337332,71.60309999017045,2.4646999954711646
DynamicOnly_B10,JILONG_EI_0159,1270,B10,101;93;25;55;27;180;58;45;148;199;218;32;155;99;3;51;5;120;141,0.1,19,123,19,0.1538544003798117,,False,0.8981600342319214,,,,,,19,0,54.975500010186806,2.6323000056436285,71.04359999357257,2.217400004155934
DynamicOnly_B10,JILONG_EI_0159,1280,B10,101;93;25;55;27;62;180;58;60;148;199;218;32;155;99;5;3;51;141,0.1,19,124,19,0.1597736444318521,,False,0.9142614601018676,,,,,,19,0,54.06179999408778,2.5480999902356416,70.08850001147948,2.231399994343519
DynamicOnly_B10,JILONG_EI_0159,1290,B10,101;93;25;55;27;180;58;45;148;199;218;32;155;99;3;51;5;141;161,0.1,19,123,19,0.1582574603150293,,False,0.9015832263585796,,,,,,19,0,54.45750000944827,2.6532000047154725,70.09149999066722,2.224299998488277
DynamicOnly_B10,JILONG_EI_0159,1300,B10,101;93;25;55;27;180;45;58;148;199;32;218;155;99;3;5;51;141;161,0.1,19,123,19,0.1582574603150293,,False,0.9032948224219084,,,,,,19,0,54.27429999690503,2.508100005798042,70.20479999482632,2.2200999956112355
DynamicOnly_B10,JILONG_EI_0159,1310,B10,101;93;25;55;27;180;45;58;148;199;32;218;155;99;3;5;51;141;161,0.1,19,123,19,0.1582574603150293,,False,0.9097133076593924,,,,,,19,0,54.77750000136439,2.614500001072884,70.19139999465551,2.413300011539832
DynamicOnly_B10,JILONG_EI_0159,1320,B10,101;93;25;55;27;180;45;58;148;199;32;218;155;5;161;3;99;51;141,0.1,19,123,19,0.1582574603150293,,False,0.9127086007702184,,,,,,19,0,55.07550000038464,2.674599993042648,71.42089999979362,2.41719999758061
DynamicOnly_B10,JILONG_EI_0159,1330,B10,101;93;25;55;27;45;180;58;148;199;32;218;161;155;5;3;99;51;141,0.1,19,123,19,0.1582574603150293,,False,0.9131364997860506,,,,,,19,0,54.84419999993406,3.628399994340725,70.21879999956582,2.2336999973049387
DynamicOnly_B10,JILONG_EI_0159,1340,B10,101;93;25;55;45;27;180;58;148;199;218;32;161;155;3;5;99;51;141,0.1,19,123,19,0.1582574603150293,,False,0.9114249037227216,,,,,,19,0,54.5224999950733,2.9414000018732622,71.68040001124609,2.263999995193444
DynamicOnly_B10,JILONG_EI_0159,1350,B10,101;93;25;55;45;27;180;58;148;199;218;32;161;155;5;3;99;51;141,0.1,19,122,19,0.1582574603150293,,False,0.911130284728214,,,,,,19,0,55.38410000735894,2.5889999960782006,72.11370000732131,2.867600007448345
DynamicOnly_B10,JILONG_EI_0159,1360,B10,101;93;25;55;45;27;180;58;148;161;199;32;218;155;3;5;99;141;51,0.1,19,122,19,0.1582574603150293,,False,0.911130284728214,,,,,,19,0,54.77959998825099,2.8500999906100333,70.68119999894407,2.5683999992907047
DynamicOnly_B10,JILONG_EI_0159,1370,B10,93;101;25;55;62;27;180;58;60;161;148;199;32;218;155;5;3;141;99,0.1,19,123,19,0.1586403350920048,,False,0.9127086007702184,,,,,,19,0,55.62780000036582,3.369500002008863,70.94790000701323,2.456800008076243
DynamicOnly_B10,JILONG_EI_0159,1380,B10,93;101;25;55;45;27;180;161;58;148;218;199;32;155;3;5;141;51;99,0.1,19,122,19,0.1582574603150293,,False,0.9102674719585848,,,,,,19,0,57.35020000429358,2.913699994678609,71.78860000567511,2.3132999922381714
DynamicOnly_B10,JILONG_EI_0159,1390,B10,93;101;25;55;45;27;161;180;58;148;218;199;32;155;5;3;141;51;99,0.1,19,122,19,0.1582574603150293,,False,0.9089732528041414,,,,,,19,0,55.5097000033129,2.637400000821799,70.4288999986602,2.3570000048493966
DynamicOnly_B10,JILONG_EI_0159,1400,B10,93;101;25;55;45;161;27;180;58;148;218;32;199;155;3;5;141;51;99,0.1,19,122,19,0.1582574603150293,,False,0.9102674719585848,,,,,,19,0,54.46970000048168,2.543299997341819,70.72950000292622,2.216200009570457
DynamicOnly_B10,JILONG_EI_0159,1410,B10,93;101;25;55;45;161;27;180;58;148;32;199;218;155;3;5;51;141;99,0.1,19,123,19,0.1582574603150293,,False,0.905862216516902,,,,,,19,0,54.17829999350943,2.590100004454144,69.8125000053551,2.307400005520321
DynamicOnly_B10,JILONG_EI_0159,1420,B10,93;101;25;55;45;161;27;180;58;148;32;218;199;155;5;3;51;141;99,0.1,19,123,19,0.1582574603150293,,False,0.9032948224219084,,,,,,19,0,54.39170000317972,2.5305000017397106,70.27549999475013,2.2481000050902367
DynamicOnly_B10,JILONG_EI_0159,1430,B10,93;101;25;55;45;161;27;180;58;2;148;218;32;199;155;5;51;141;112,0.1,19,124,19,0.1565038938364818,,False,0.9044991511035652,,,,,,19,0,54.80220000026748,2.5757999974302948,71.49360000039451,2.625100009026937
DynamicOnly_B10,JILONG_EI_0159,1440,B10,93;101;25;55;45;161;27;180;58;148;218;32;199;155;5;3;112;51;141,0.1,19,123,19,0.1574763957699994,,False,0.9054343175010696,,,,,,19,0,54.41320000682026,2.825899995514192,70.80449999193661,2.2880000033183023
DynamicOnly_B10,JILONG_EI_0169,10,B10,78;252;14;44;5;141;46;192;206;32;128;166;202;83;106;40;42;160;241,0.1,19,128,19,0.1036595171183312,,False,0.8910361842105263,,,,,,19,0,54.62180000904482,2.639800004544668,69.80249998741783,2.259000000776723
DynamicOnly_B10,JILONG_EI_0169,20,B10,77;206;79;141;14;46;42;174;252;44;23;128;32;176;202;231;70;101;5,0.1,19,126,19,0.1173664341340521,,False,0.8868003341687551,,,,,,19,0,54.448300012154505,4.461400007130578,69.8504000029061,2.257700005429797
DynamicOnly_B10,JILONG_EI_0169,30,B10,77;79;141;206;44;55;42;32;144;252;74;23;99;166;241;46;121;85;13,0.1,19,126,19,0.1183083060854117,,False,0.855889724310777,,,,,,19,0,53.96599999221508,2.62539999675937,71.16939999104943,3.243400002247654
DynamicOnly_B10,JILONG_EI_0169,40,B10,77;79;166;29;84;252;106;42;174;112;74;24;32;50;55;120;172;141;231,0.1,19,125,19,0.0848833380554555,,False,0.856842105263158,,,,,,19,0,53.9615000016056,2.5886000075843185,70.1377999939723,3.459100000327453
DynamicOnly_B10,JILONG_EI_0169,50,B10,61;93;79;14;121;28;42;141;206;85;99;172;19;112;55;87;66;252;5,0.1,19,121,19,0.1076567297899549,,False,0.8655937364071336,,,,,,19,0,54.874900000868365,2.630000002682209,70.36129999323748,2.724799996940419
DynamicOnly_B10,JILONG_EI_0169,60,B10,61;93;79;29;141;42;206;5;176;91;55;120;88;32;251;66;203;174;86,0.1,19,120,19,0.1027865626268272,,False,0.8552631578947368,,,,,,19,0,54.94250000629109,2.638300007674843,71.10950000060257,2.275200007716194
DynamicOnly_B10,JILONG_EI_0169,70,B10,60;79;93;29;27;141;91;88;49;70;252;218;56;166;25;120;132;171;190,0.1,19,123,19,0.1338836520127727,,False,0.8232777064612753,,,,,,19,0,54.90390000340994,2.828099997714162,70.19699999364093,2.2465999936684966
DynamicOnly_B10,JILONG_EI_0169,80,B10,44;77;79;46;42;13;252;218;141;32;56;34;172;91;88;101;209;70;135,0.1,19,122,19,0.1420924872311262,,False,0.8412424503882658,,,,,,19,0,54.695600003469735,3.33070001215674,71.30919999326579,2.922300001955591
DynamicOnly_B10,JILONG_EI_0169,90,B10,28;61;79;93;206;14;42;141;23;10;49;203;88;91;56;120;174;252;155,0.1,19,122,19,0.0955732018286099,,False,0.8304572907679034,,,,,,19,0,56.193399999756366,3.2687999919289723,70.11359999887645,2.5815999979386106
DynamicOnly_B10,JILONG_EI_0169,100,B10,28;61;93;79;42;141;91;10;70;49;206;120;203;252;14;89;176;5;40,0.1,19,122,19,0.1152529653651476,,False,0.8369283865401208,,,,,,19,0,55.79189999843948,2.7306999982101843,70.49710000865161,2.697600008104928
DynamicOnly_B10,JILONG_EI_0169,110,B10,28;60;79;93;141;252;46;26;56;206;91;32;203;89;172;70;120;20;117,0.1,19,124,19,0.1310350636720754,,False,0.8412563667232598,,,,,,19,0,55.37499999627471,3.2044999970821664,69.87969999318011,3.2659999997122213
DynamicOnly_B10,JILONG_EI_0169,120,B10,28;60;79;93;46;252;26;55;90;203;14;32;4;141;104;35;217;135;112,0.1,19,122,19,0.0989731298481518,,False,0.8183779119930975,,,,,,19,0,54.97230000037234,2.738999988650903,70.1686999964295,2.4141999892890453
DynamicOnly_B10,JILONG_EI_0169,130,B10,27;76;45;78;14;235;55;202;101;25;90;176;141;32;112;88;58;5;171,0.1,19,122,19,0.1322143179851597,,False,0.8149266609145815,,,,,,19,0,56.13610000000335,2.723099998547696,71.88740000128746,3.6626999935833737
DynamicOnly_B10,JILONG_EI_0169,140,B10,27;93;61;252;202;25;29;101;89;55;141;79;34;91;176;57;174;229;233,0.1,19,121,19,0.13891462658223,,False,0.8260113092648977,,,,,,19,0,56.800899998052046,2.605199988465756,71.93420000839978,2.426699997158721
DynamicOnly_B10,JILONG_EI_0169,150,B10,27;61;25;94;252;29;202;55;101;211;121;32;3;90;170;5;87;229;132,0.1,19,120,19,0.1697743336064506,,False,0.8131578947368421,,,,,,19,0,56.10579998756293,3.3989000075962394,71.88939998741262,2.2936999885132536
DynamicOnly_B10,JILONG_EI_0169,160,B10,26;28;60;78;101;40;235;3;232;32;70;211;121;89;186;91;46;14;119,0.1,19,118,19,0.1631505999647755,,False,0.8019625334522749,,,,,,19,0,55.03770000359509,2.849299999070354,71.41760000376962,2.24089999392163
DynamicOnly_B10,JILONG_EI_0169,170,B10,26;58;28;60;78;40;232;106;186;235;101;70;229;211;32;4;179;200;88,0.1,19,116,19,0.18132183688003,,False,0.7935571687840288,,,,,,19,0,54.94239999097772,3.504600012092851,71.85710000339895,3.212399999029003
DynamicOnly_B10,JILONG_EI_0169,180,B10,25;27;58;60;78;56;106;29;88;232;229;86;132;119;186;99;218;179;20,0.1,19,118,19,0.1586097051098467,,False,0.8028545941123996,,,,,,19,0,54.83360000653192,2.7507000049808994,69.82330000028014,2.234799991128966
DynamicOnly_B10,JILONG_EI_0169,190,B10,25;27;60;78;58;29;88;70;233;101;186;56;229;106;119;251;179;51;32,0.1,19,118,19,0.1666424179307915,,False,0.7912578055307761,,,,,,19,0,56.61850000615232,2.593400000478141,69.76429998758249,2.260900000692345
DynamicOnly_B10,JILONG_EI_0169,200,B10,41;79;27;60;23;88;55;101;119;186;29;90;216;99;229;160;36;251;50,0.1,19,119,19,0.1232550482039344,,False,0.8005307386112338,,,,,,19,0,54.88640000112355,2.625300010549836,70.20590000320226,2.33499999740161
DynamicOnly_B10,JILONG_EI_0169,210,B10,24;26;28;56;60;94;88;58;101;216;119;90;99;176;32;186;50;36;229,0.1,19,119,19,0.133316997342849,,False,0.8098186643078283,,,,,,19,0,54.65760000515729,3.1291000050259754,70.50290000915993,2.2268000029725954
DynamicOnly_B10,JILONG_EI_0169,220,B10,40;26;28;88;94;58;60;101;233;119;251;106;186;70;50;215;36;165;99,0.1,19,119,19,0.151465261771485,,False,0.7784166298098186,,,,,,19,0,54.54320000717416,2.575299993623048,70.36149999476038,2.241499998490326
DynamicOnly_B10,JILONG_EI_0169,230,B10,40;26;45;94;101;88;58;119;251;70;186;209;233;99;112;52;3;206;91,0.1,19,120,19,0.1361349557013883,,False,0.7881578947368422,,,,,,19,0,54.27139998937491,4.128300002776086,69.84019999799784,2.238600005512126
DynamicOnly_B10,JILONG_EI_0169,240,B10,40;26;45;94;101;88;70;186;251;119;58;232;219;99;112;51;106;4;178,0.1,19,119,19,0.130276971613664,,False,0.7713401149933657,,,,,,19,0,55.05700000503566,3.0986000056145717,70.04700000106823,2.235899999504909
DynamicOnly_B10,JILONG_EI_0169,250,B10,56;25;23;27;94;45;101;88;70;252;119;233;58;186;219;99;112;36;91,0.1,19,120,19,0.1348178664685927,,False,0.8061403508771929,,,,,,19,0,56.68179999338463,2.851899989764206,70.51389999105595,2.29350000154227
DynamicOnly_B10,JILONG_EI_0169,260,B10,55;41;23;27;60;94;101;29;252;88;119;186;232;36;112;66;99;4;219,0.1,19,120,19,0.1218537265202043,,False,0.7890350877192983,,,,,,19,0,54.47050000657328,2.995400005602278,71.86099998943973,3.189299997757189
DynamicOnly_B10,JILONG_EI_0169,270,B10,55;24;26;94;60;101;28;58;119;252;89;186;232;66;46;112;87;36;4,0.1,19,120,19,0.1339602269681677,,False,0.7978070175438597,,,,,,19,0,54.24050000146963,3.019800002221018,70.04079999751411,2.1964000043226406
DynamicOnly_B10,JILONG_EI_0169,280,B10,40;26;71;60;94;101;28;58;119;252;186;66;105;232;36;112;32;148;46,0.1,19,120,19,0.1660298182876308,,False,0.7833333333333334,,,,,,19,0,54.385200011893176,3.314100002171472,70.62220000079833,2.229799996712245
DynamicOnly_B10,JILONG_EI_0169,290,B10,40;26;71;60;94;101;28;58;252;119;46;186;105;66;36;148;112;217;32,0.1,19,120,19,0.1666730479129496,,False,0.7842105263157896,,,,,,19,0,55.540999994263984,2.6381999923614785,70.27989999915008,3.078299996559508
DynamicOnly_B10,JILONG_EI_0169,300,B10,40;26;60;71;28;94;101;58;252;119;46;186;105;206;66;148;241;176;36,0.1,19,122,19,0.1741850510372077,,False,0.7886108714408973,,,,,,19,0,54.582099997787736,2.653700008522719,70.60579999233596,3.238899997086264
DynamicOnly_B10,JILONG_EI_0169,310,B10,40;26;60;70;28;94;101;58;72;251;46;186;119;148;105;66;176;241;217,0.1,19,121,19,0.1681739170386933,,False,0.797303175293606,,,,,,19,0,55.15970000124071,2.646599998115562,70.32450000406243,2.521400005207397
DynamicOnly_B10,JILONG_EI_0169,320,B10,40;60;26;70;28;94;101;58;46;72;148;251;186;105;217;176;241;66;180,0.1,19,121,19,0.1849438322702177,,False,0.8016528925619835,,,,,,19,0,55.93020000378601,2.6776000013342127,70.73880000098143,2.3387000110233203
DynamicOnly_B10,JILONG_EI_0169,330,B10,40;60;26;70;28;101;94;58;190;148;46;186;251;180;176;241;88;217;66,0.1,19,121,19,0.1870419860480431,,False,0.8142670726402784,,,,,,19,0,55.14250000123866,2.5606999988667667,69.54150000819936,2.598899998702109
DynamicOnly_B10,JILONG_EI_0169,340,B10,40;60;26;70;28;101;94;148;58;72;46;186;180;251;241;217;176;32;105,0.1,19,122,19,0.1816970541614659,,False,0.8123382226056947,,,,,,19,0,54.82699999993201,2.535899999202229,70.02500000817236,2.2277000098256394
DynamicOnly_B10,JILONG_EI_0169,350,B10,40;60;26;70;28;94;101;148;58;46;180;186;251;72;176;241;217;105;32,0.1,19,122,19,0.1816970541614659,,False,0.816220880069025,,,,,,19,0,54.27580000832677,3.48400000075344,71.2541999964742,3.8003999943612143
DynamicOnly_B10,JILONG_EI_0169,360,B10,40;60;93;70;26;28;101;180;148;58;46;186;72;241;217;176;32;252;105,0.1,19,122,19,0.1716121325359328,,False,0.8110440034512512,,,,,,19,0,55.42319999949541,2.626599991344847,71.32769998861477,2.303600005689077
DynamicOnly_B10,JILONG_EI_0169,370,B10,56;60;70;28;93;25;101;180;148;46;23;58;186;176;241;217;32;88;90,0.1,19,122,19,0.1616497308390317,,False,0.82053494391717,,,,,,19,0,56.91509999451228,2.926600005594082,71.58720000006724,2.774599997792393
DynamicOnly_B10,JILONG_EI_0169,380,B10,56;60;70;28;26;101;94;24;180;148;58;46;186;176;32;217;241;88;252,0.1,19,121,19,0.185671294346471,,False,0.8303610265332754,,,,,,19,0,55.78369999420829,2.714599992032163,71.86510000610724,2.382999999099411
DynamicOnly_B10,JILONG_EI_0169,390,B10,56;60;70;28;26;24;94;101;180;148;58;186;46;32;217;176;241;88;90,0.1,19,122,19,0.1855487744178389,,False,0.8373597929249353,,,,,,19,0,54.40679998719133,2.672500006156042,70.85459999507293,2.6556999946478754
DynamicOnly_B10,JILONG_EI_0169,400,B10,56;70;60;28;25;93;101;180;148;58;23;186;32;46;176;241;88;217;190,0.1,19,124,19,0.1632654623978681,,False,0.8293718166383701,,,,,,19,0,54.48820001038257,2.6196000108029693,70.34560000465717,2.3658999998588115
DynamicOnly_B10,JILONG_EI_0169,410,B10,56;70;60;28;26;24;101;180;78;148;58;32;186;217;176;252;46;241;135,0.1,19,122,19,0.1977241923256579,,False,0.8364969801553063,,,,,,19,0,54.56550000235438,3.335300003527664,70.23850000405218,2.26690000272356
DynamicOnly_B10,JILONG_EI_0169,420,B10,56;70;60;28;25;94;101;180;148;58;186;32;23;252;217;176;135;90;241,0.1,19,122,19,0.1719260898530526,,False,0.8317515099223468,,,,,,19,0,55.40459998883307,3.3530000073369592,72.98650000302587,3.5135999933118
DynamicOnly_B10,JILONG_EI_0169,430,B10,56;70;28;60;26;24;101;180;78;148;58;32;186;252;217;135;176;241;14,0.1,19,122,19,0.1971269076735762,,False,0.8403796376186367,,,,,,19,0,55.61669998860452,3.2102999975904822,70.30550000490621,2.3089000023901463
DynamicOnly_B10,JILONG_EI_0169,440,B10,56;70;93;28;60;25;180;101;148;58;32;186;252;23;217;135;241;90;176,0.1,19,123,19,0.1615578408925576,,False,0.834403080872914,,,,,,19,0,55.55469999671914,3.0845000001136214,70.98779999068938,2.334699995117262
DynamicOnly_B10,JILONG_EI_0169,450,B10,56;70;28;60;25;180;101;148;78;58;32;186;252;23;217;135;51;241;90,0.1,19,123,19,0.1890635648704734,,False,0.8326914848095849,,,,,,19,0,54.57990001013968,2.595900004962459,70.28480000735726,2.3191999935079366
DynamicOnly_B10,JILONG_EI_0169,460,B10,56;70;93;28;60;25;180;101;148;58;32;186;252;23;135;217;241;90;177,0.1,19,124,19,0.1664586380378433,,False,0.8378607809847199,,,,,,19,0,54.12700001033954,2.657999997609295,70.32709999475628,2.685100000235252
DynamicOnly_B10,JILONG_EI_0169,470,B10,56;70;28;60;25;180;101;148;78;58;32;252;186;135;217;23;90;241;176,0.1,19,123,19,0.1829375684388663,,False,0.8391099700470688,,,,,,19,0,53.96679999830667,2.5599999935366213,73.00730000133626,2.5587999989511445
DynamicOnly_B10,JILONG_EI_0169,480,B10,56;70;28;60;25;180;101;148;78;58;252;186;32;135;217;90;23;51;241,0.1,19,123,19,0.1890635648704734,,False,0.8433889602053914,,,,,,19,0,55.14189999666996,3.15289999707602,71.05460000457242,2.2788000060245395
DynamicOnly_B10,JILONG_EI_0169,490,B10,56;70;93;28;60;25;180;101;148;58;252;186;32;135;217;90;23;51;241,0.1,19,124,19,0.1676838373241647,,False,0.8463497453310697,,,,,,19,0,55.854300007922575,2.741400006925687,70.99050001124851,2.3049000010360032
DynamicOnly_B10,JILONG_EI_0169,500,B10,56;70;28;60;25;180;101;148;78;58;252;32;186;135;217;23;90;51;241,0.1,19,123,19,0.1890635648704734,,False,0.8476679503637141,,,,,,19,0,55.00469999969937,2.84770000143908,69.85520001035184,2.261100002215244
DynamicOnly_B10,JILONG_EI_0169,510,B10,56;60;70;93;28;25;180;101;148;58;252;32;186;217;135;90;23;51;241,0.1,19,124,19,0.1676838373241647,,False,0.849320882852292,,,,,,19,0,54.51909999828786,2.5902000052155927,69.9051999981748,3.40620000497438
DynamicOnly_B10,JILONG_EI_0169,520,B10,56;70;93;28;180;25;61;101;148;58;252;32;186;135;90;217;51;241;23,0.1,19,125,19,0.1809772495807521,,False,0.8484210526315789,,,,,,19,0,54.51859999448061,2.6545000000623986,69.85890000942163,2.6787000097101554
DynamicOnly_B10,JILONG_EI_0169,530,B10,56;70;28;60;180;25;101;148;58;78;252;32;186;90;217;135;51;23;241,0.1,19,124,19,0.1890635648704734,,False,0.8480475382003396,,,,,,19,0,54.0632999909576,2.6120999973500147,71.28930000180844,2.2629000013694167
DynamicOnly_B10,JILONG_EI_0169,540,B10,56;70;28;180;61;25;101;148;58;252;186;32;90;135;217;51;241;23;178,0.1,19,124,19,0.1847906823594275,,False,0.8382852292020374,,,,,,19,0,55.30870000075083,2.715099995839409,71.51599999633618,2.466999998432584
DynamicOnly_B10,JILONG_EI_0169,550,B10,56;70;60;180;28;25;101;58;148;78;240;252;186;32;90;217;190;135;51,0.1,19,125,19,0.2010092579121072,,False,0.856,,,,,,19,0,55.05979999725241,2.6735999999800697,72.62990000890568,2.3572000063722958
DynamicOnly_B10,JILONG_EI_0169,560,B10,56;70;180;28;25;60;101;58;148;78;252;186;32;90;135;217;51;178;241,0.1,19,124,19,0.195181903806541,,False,0.8510186757215621,,,,,,19,0,55.385500003467314,2.657100005308166,70.93950000125915,2.2481999912997708
DynamicOnly_B10,JILONG_EI_0169,570,B10,56;70;180;25;28;60;101;58;78;148;190;186;32;90;217;135;178;51;241,0.1,19,124,19,0.1966751154367452,,False,0.8531409168081495,,,,,,19,0,54.13489999773447,2.6196999970125034,70.21990000794176,2.397799995378591
DynamicOnly_B10,JILONG_EI_0169,580,B10,56;70;93;180;25;61;28;101;58;148;186;90;32;178;217;135;51;241;3,0.1,19,124,19,0.1878689955663101,,False,0.8501697792869272,,,,,,19,0,54.36720000579953,2.7504000026965514,70.11200000124518,2.9866999975638464
DynamicOnly_B10,JILONG_EI_0169,590,B10,70;56;93;180;60;25;28;101;58;148;90;186;32;217;178;135;51;241;3,0.1,19,124,19,0.1745755833097227,,False,0.8497453310696097,,,,,,19,0,54.541599994990975,3.4768000041367486,70.45739999739453,2.2228000016184524
DynamicOnly_B10,JILONG_EI_0169,600,B10,70;56;180;25;28;60;101;58;148;78;186;32;90;178;135;217;51;241;3,0.1,19,123,19,0.1959553108560314,,False,0.8532306375695335,,,,,,19,0,54.26879999868106,2.563899994129315,73.28070000221487,3.180700005032122
DynamicOnly_B10,JILONG_EI_0169,610,B10,70;56;180;60;28;25;101;58;78;148;186;90;32;178;217;135;3;51;241,0.1,19,123,19,0.1959553108560314,,False,0.8562259306803595,,,,,,19,0,54.95609999343287,2.623799999128096,71.91959999909159,2.259399989270605
DynamicOnly_B10,JILONG_EI_0169,620,B10,70;56;93;180;25;28;60;101;58;148;178;186;90;32;217;135;3;51;241,0.1,19,124,19,0.1745755833097227,,False,0.8565365025466892,,,,,,19,0,55.33529999956954,2.896399993915111,70.25160000193864,2.4593999987700954
DynamicOnly_B10,JILONG_EI_0169,630,B10,70;56;180;60;25;28;101;58;148;78;90;186;32;178;217;3;135;241;68,0.1,19,123,19,0.1987273242413336,,False,0.8575096277278562,,,,,,19,0,54.23340000561439,2.705300008528866,70.37239999044687,2.467300000716932
DynamicOnly_B10,JILONG_EI_0169,640,B10,70;56;180;25;60;28;101;58;148;78;178;186;32;90;217;3;135;241;68,0.1,19,123,19,0.1987273242413336,,False,0.8557980316645273,,,,,,19,0,54.4779999909224,2.599300001747906,71.12429999688175,2.2552000009454787
DynamicOnly_B10,JILONG_EI_0169,650,B10,70;56;180;60;28;25;101;58;78;148;32;178;186;90;3;217;241;135;68,0.1,19,123,19,0.1987273242413336,,False,0.8579375267436885,,,,,,19,0,54.40810001164209,2.6699000009102747,71.26830000197515,2.290700009325519
DynamicOnly_B10,JILONG_EI_0169,660,B10,70;56;180;25;28;60;101;58;94;148;32;178;186;3;90;217;241;135;68,0.1,19,123,19,0.1877158456555199,,False,0.8553701326486948,,,,,,19,0,55.9472999884747,2.760499992291443,70.89149999956135,2.3509000020567328
DynamicOnly_B10,JILONG_EI_0169,670,B10,70;93;56;180;25;28;60;101;58;148;178;32;90;186;3;217;241;135;68,0.1,19,124,19,0.1773475966950249,,False,0.8612054329371817,,,,,,19,0,55.18189999565948,2.682000005734153,71.16300000052433,2.287300012540072
DynamicOnly_B10,JILONG_EI_0169,680,B10,70;93;56;180;25;28;101;60;58;148;178;32;3;186;90;241;217;135;51,0.1,19,124,19,0.1745755833097227,,False,0.8595076400679118,,,,,,19,0,55.23450000328012,2.555400002165697,69.70200000796467,2.8912999987369403
DynamicOnly_B10,JILONG_EI_0169,690,B10,70;56;180;60;25;28;101;58;78;148;32;178;3;186;90;217;241;135;51,0.1,19,123,19,0.1959553108560314,,False,0.8587933247753532,,,,,,19,0,53.97009999433067,2.594900011899881,69.97599999886006,2.4984999909065664
DynamicOnly_B10,JILONG_EI_0169,700,B10,70;56;180;25;60;28;101;58;78;148;32;3;178;186;90;190;241;217;135,0.1,19,124,19,0.1912459510992334,,False,0.8646010186757217,,,,,,19,0,54.50959999870975,3.319900002679788,70.16909999947529,2.3203000018838797
DynamicOnly_B10,JILONG_EI_0169,710,B10,70;56;93;180;25;28;101;60;58;148;32;178;3;90;186;241;217;51;135,0.1,19,124,19,0.1745755833097227,,False,0.8578098471986418,,,,,,19,0,54.20640000374988,2.5808999926084653,70.57549999444745,2.2406999923987314
DynamicOnly_B10,JILONG_EI_0169,720,B10,70;93;56;180;25;101;60;28;58;148;32;178;3;186;90;241;217;51;135,0.1,19,124,19,0.1745755833097227,,False,0.8578098471986418,,,,,,19,0,54.519400000572205,2.6037999923573807,70.8409000071697,2.6657999987946823
DynamicOnly_B10,JILONG_EI_0169,730,B10,70;56;180;25;60;101;28;58;78;148;32;3;178;186;241;90;217;51;135,0.1,19,123,19,0.1959553108560314,,False,0.857081728712024,,,,,,19,0,54.61359999026172,2.642800012836233,70.84040000336245,2.260200009914115
DynamicOnly_B10,JILONG_EI_0169,740,B10,70;56;180;25;101;60;28;58;78;148;32;3;178;241;186;90;217;51;128,0.1,19,123,19,0.1946611941098544,,False,0.8575096277278562,,,,,,19,0,54.92570000933483,3.014200003235601,71.95920000958722,3.140699991490692
DynamicOnly_B10,JILONG_EI_0169,750,B10,70;56;180;25;60;101;28;58;78;148;32;3;178;90;241;186;217;51;128,0.1,19,123,19,0.1946611941098544,,False,0.86007702182285,,,,,,19,0,54.296400005114265,2.578200001153164,70.6820999912452,2.2726000024704263
DynamicOnly_B10,JILONG_EI_0169,760,B10,70;93;56;180;25;60;101;28;58;148;32;3;178;186;241;217;51;90;128,0.1,19,124,19,0.1732814665635457,,False,0.8561120543293718,,,,,,19,0,54.20389999926556,2.5864000053843483,70.35899999027606,2.2226000000955537
DynamicOnly_B10,JILONG_EI_0169,770,B10,70;56;180;25;60;101;28;58;78;148;32;3;178;190;241;186;217;90;51,0.1,19,124,19,0.195227848779778,,False,0.8578098471986417,,,,,,19,0,55.055600008927286,3.352999992785044,70.25479999720119,2.248999997391365
DynamicOnly_B10,JILONG_EI_0169,780,B10,70;93;56;180;25;101;60;28;58;148;32;3;178;241;186;217;51;90;128,0.1,19,124,19,0.1732814665635457,,False,0.8561120543293718,,,,,,19,0,55.04530000325758,2.6585000014165416,70.34170000406448,2.31869998970069
DynamicOnly_B10,JILONG_EI_0169,790,B10,70;56;180;25;101;60;28;58;78;178;148;32;3;241;186;217;51;90;128,0.1,19,123,19,0.1946611941098544,,False,0.8617886178861789,,,,,,19,0,54.86209999071434,2.6618999982019886,70.2636999922106,2.496200002497062
DynamicOnly_B10,JILONG_EI_0169,800,B10,70;56;180;25;60;101;28;58;78;178;148;3;32;241;186;51;217;128;90,0.1,19,123,19,0.1946611941098544,,False,0.8617886178861789,,,,,,19,0,54.468200003611855,2.5812999956542626,70.50489999528509,3.1986999965738505
DynamicOnly_B10,JILONG_EI_0169,810,B10,70;56;180;25;101;60;58;28;178;78;148;32;3;241;186;51;128;217;135,0.1,19,123,19,0.1970043877449441,,False,0.8622165169020112,,,,,,19,0,54.213200011872686,2.6298000011593103,69.9981000070693,2.858899999409914
DynamicOnly_B10,JILONG_EI_0169,820,B10,70;56;180;25;101;77;58;28;178;148;32;3;241;186;51;199;128;217;90,0.1,19,123,19,0.1815592192417548,,False,0.85066324347454,,,,,,19,0,54.248799991910346,2.6445000112289563,71.69950001116376,2.3925999994389717
DynamicOnly_B10,JILONG_EI_0169,830,B10,70;77;56;180;25;101;28;58;178;148;3;32;241;186;51;99;90;199;128,0.1,19,123,19,0.1820952439295204,,False,0.847240051347882,,,,,,19,0,55.26739999186248,2.7585000061662868,72.3364000004949,2.796100001432933
DynamicOnly_B10,JILONG_EI_0169,840,B10,70;60;56;180;25;101;178;28;58;78;148;3;32;241;186;51;199;128;90,0.1,19,123,19,0.1946458791187754,,False,0.8587933247753532,,,,,,19,0,55.6773999996949,3.097900000284426,72.48489999619778,3.0374000052688643
DynamicOnly_B10,JILONG_EI_0169,850,B10,70;56;25;180;101;60;178;58;28;78;148;3;32;241;186;199;51;128;90,0.1,19,123,19,0.1946458791187754,,False,0.8592212237911854,,,,,,19,0,55.85429999337066,2.6092000043718144,70.99059999745805,3.097900000284426
DynamicOnly_B10,JILONG_EI_0169,860,B10,70;25;180;56;101;178;60;58;28;78;148;32;3;241;186;199;51;128;156,0.1,19,123,19,0.2019051848902298,,False,0.8587933247753532,,,,,,19,0,54.60930000117514,2.5994000025093555,70.38240000838414,3.2596000091871247
DynamicOnly_B10,JILONG_EI_0169,870,B10,70;25;180;56;178;101;58;77;28;148;3;32;241;186;199;128;51;156;229,0.1,19,123,19,0.1905414615095986,,False,0.8480958493795466,,,,,,19,0,55.489100006525405,2.859200001694262,70.1176000002306,2.396199997747317
DynamicOnly_B10,JILONG_EI_0169,880,B10,70;77;25;180;56;101;178;58;28;148;3;32;241;190;186;199;51;128;156,0.1,19,124,19,0.189538329593923,,False,0.8501697792869269,,,,,,19,0,54.35679999936838,2.733399989665486,71.39409999945201,2.282400004332885
DynamicOnly_B10,JILONG_EI_0169,890,B10,70;178;25;77;180;101;56;58;44;148;3;32;241;199;186;51;128;23;99,0.1,19,123,19,0.1915292784341953,,False,0.8472400513478819,,,,,,19,0,55.83090000436641,2.7226999955018982,71.57910001114942,2.627699999720789
DynamicOnly_B10,JILONG_EI_0169,900,B10,70;178;25;60;180;101;56;58;27;78;148;3;32;241;199;186;51;23;141,0.1,19,123,19,0.2020813072876385,,False,0.8566538296961917,,,,,,19,0,56.14570000034291,2.6328999956604093,71.01030000194442,2.4601000041002408
DynamicOnly_B10,JILONG_EI_0169,910,B10,70;178;25;180;101;56;77;27;58;148;32;3;241;199;186;51;211;23;99,0.1,19,123,19,0.2009939429210282,,False,0.8489516474112111,,,,,,19,0,55.55540000204928,2.6694000116549432,70.73160000436474,2.6037999923573807
DynamicOnly_B10,JILONG_EI_0169,920,B10,70;178;25;101;180;56;77;44;58;148;32;3;241;199;186;51;99;211;23,0.1,19,123,19,0.2039956811725157,,False,0.8480958493795466,,,,,,19,0,54.92019999655895,2.584500005468726,70.69720000436064,2.236100001027808
DynamicOnly_B10,JILONG_EI_0169,930,B10,70;178;25;101;180;44;77;56;58;148;32;241;3;199;141;186;51;23;99,0.1,19,123,19,0.1925324103498709,,False,0.85066324347454,,,,,,19,0,54.74719998892397,3.026999998837709,70.6728000077419,2.2335999965434894
DynamicOnly_B10,JILONG_EI_0169,940,B10,70;178;25;60;101;180;56;58;28;78;199;148;32;3;241;141;186;99;51,0.1,19,123,19,0.1970809627003392,,False,0.8643560119811724,,,,,,19,0,54.59040000278037,2.6750999968498945,70.81289999769069,2.2038999886717647
DynamicOnly_B10,JILONG_EI_0169,950,B10,70;178;25;101;180;56;77;44;58;199;148;32;3;241;141;186;51;99;211,0.1,19,123,19,0.205159620494521,,False,0.8570817287120241,,,,,,19,0,54.50679999194108,3.1924999930197373,70.73640001181047,2.364799991482869
DynamicOnly_B10,JILONG_EI_0169,960,B10,70;178;25;101;180;77;56;44;58;199;148;32;3;241;141;186;51;99;23,0.1,19,123,19,0.1925324103498709,,False,0.8557980316645271,,,,,,19,0,54.24650000350084,2.628000002005137,70.62230000155978,2.590699994470924
DynamicOnly_B10,JILONG_EI_0169,970,B10,70;178;25;101;180;56;77;44;58;199;148;32;3;241;141;186;99;51;23,0.1,19,123,19,0.1925324103498709,,False,0.8562259306803593,,,,,,19,0,54.43609999201726,2.588799994555302,70.21510000049602,2.249400000437163
DynamicOnly_B10,JILONG_EI_0169,980,B10,70;178;25;101;180;56;60;58;28;62;199;148;94;32;3;241;141;186;99,0.1,19,124,19,0.1843235751315174,,False,0.8752122241086587,,,,,,19,0,54.1627999919001,2.585700000054203,70.39930000610184,2.249400000437163
DynamicOnly_B10,JILONG_EI_0169,990,B10,70;178;25;101;180;56;28;77;58;199;148;32;3;241;141;186;99;51;23,0.1,19,123,19,0.183986645327779,,False,0.8613607188703467,,,,,,19,0,54.16189999959897,2.5591000012354925,72.16609999886714,2.233199993497692
DynamicOnly_B10,JILONG_EI_0169,1000,B10,70;178;25;101;180;77;56;58;28;199;148;32;3;141;241;186;23;99;51,0.1,19,123,19,0.183986645327779,,False,0.8617886178861789,,,,,,19,0,55.03459999454208,2.613400007248856,70.83050000073854,2.290000003995374
DynamicOnly_B10,JILONG_EI_0169,1010,B10,70;178;101;25;180;77;56;58;28;199;148;3;32;141;241;23;186;99;51,0.1,19,123,19,0.183986645327779,,False,0.8647839109970048,,,,,,19,0,54.5568999950774,2.596799997263588,70.54040000366513,2.2323000011965632
DynamicOnly_B10,JILONG_EI_0169,1020,B10,70;178;101;25;180;56;58;77;28;199;148;3;32;141;241;23;186;99;51,0.1,19,123,19,0.183986645327779,,False,0.8660676080445016,,,,,,19,0,54.50589999963995,2.562099994975142,70.47720000264235,2.4150999961420894
DynamicOnly_B10,JILONG_EI_0169,1030,B10,70;178;101;25;180;56;77;58;28;199;148;3;32;141;190;23;241;186;99,0.1,19,124,19,0.1792772855709811,,False,0.8747877758913413,,,,,,19,0,55.09179999353364,3.998100000899285,70.3234000102384,2.197499998146668
DynamicOnly_B10,JILONG_EI_0169,1040,B10,70;178;101;25;180;56;58;77;199;28;148;3;32;23;241;186;99;51;141,0.1,19,123,19,0.183986645327779,,False,0.8622165169020112,,,,,,19,0,55.9353000135161,3.406799994991161,69.95429999369662,3.0055000097490847
DynamicOnly_B10,JILONG_EI_0169,1050,B10,70;178;101;25;180;56;77;58;199;28;148;3;32;190;23;241;186;99;51,0.1,19,124,19,0.1835501680820271,,False,0.868421052631579,,,,,,19,0,54.18720000307076,2.569599993876181,69.9488999962341,3.249900008086115
DynamicOnly_B10,JILONG_EI_0169,1060,B10,70;178;101;25;180;56;60;58;199;148;28;94;3;32;190;23;241;99;186,0.1,19,124,19,0.1801961850357222,,False,0.8798811544991512,,,,,,19,0,55.64350000349805,2.926299988757819,70.50680000975262,2.351899995119311
DynamicOnly_B10,JILONG_EI_0169,1070,B10,70;178;101;25;180;56;58;199;148;94;28;61;3;32;23;241;186;51;99,0.1,19,123,19,0.1981989570491075,,False,0.8767650834403081,,,,,,19,0,55.22639999981038,3.1373999954666942,72.55920000898186,2.999100004672073
DynamicOnly_B10,JILONG_EI_0169,1080,B10,70;178;101;25;180;56;58;199;148;94;28;61;3;32;23;141;186;99;51,0.1,19,123,19,0.1911464036572198,,False,0.8771929824561404,,,,,,19,0,55.15849999210332,2.6015999901574105,70.67089999327436,2.6876999909291044
DynamicOnly_B10,JILONG_EI_0169,1090,B10,70;178;101;25;180;56;58;199;94;148;28;60;3;32;23;186;51;99;241,0.1,19,124,19,0.1849055447925201,,False,0.8777589134125636,,,,,,19,0,54.97769999783486,2.6618000119924545,70.78029999684077,2.22760000906419
DynamicOnly_B10,JILONG_EI_0169,1100,B10,70;101;178;25;180;56;58;199;94;148;44;3;32;23;241;186;51;99;155,0.1,19,124,19,0.1875550382491902,,False,0.8688455008488964,,,,,,19,0,54.85010000120383,2.5419999874429777,70.49949999782257,2.2240999969653785
DynamicOnly_B10,JILONG_EI_0169,1110,B10,70;101;178;25;180;56;77;58;199;44;148;3;32;23;241;186;51;99;155,0.1,19,124,19,0.1935125697789281,,False,0.8692699490662139,,,,,,19,0,54.52879999938887,2.645000000484288,71.27580000087619,2.2298999974736944
DynamicOnly_B10,JILONG_EI_0169,1120,B10,70;101;178;25;180;56;199;58;94;148;44;3;32;23;141;241;186;51;99,0.1,19,124,19,0.1865748788201331,,False,0.8696943972835314,,,,,,19,0,55.586899994523264,3.5613999934867024,70.8506000082707,2.307099988684058
DynamicOnly_B10,JILONG_EI_0169,1130,B10,70;101;178;25;180;56;58;94;199;148;44;3;32;23;241;186;51;99;232,0.1,19,124,19,0.1847753673683485,,False,0.866723259762309,,,,,,19,0,55.70209999859799,2.713399997446686,71.52399999904446,2.297200000612065
DynamicOnly_B10,JILONG_EI_0169,1140,B10,70;101;178;25;180;56;58;94;199;148;2;44;32;23;241;186;51;99;232,0.1,19,125,19,0.1838028654348308,,False,0.8682105263157894,,,,,,19,0,55.634899996221066,2.69129998923745,72.59670000348706,3.668099991045892
DynamicOnly_B10,JILONG_EI_0169,1150,B10,70;101;178;25;180;56;94;58;199;148;44;3;32;23;241;186;51;141;232,0.1,19,124,19,0.1853956245070487,,False,0.866723259762309,,,,,,19,0,54.29960000037681,2.580599990324117,69.66120000288356,2.2364999895216897
DynamicOnly_B10,JILONG_EI_0169,1160,B10,70;101;25;178;180;62;56;94;58;199;148;2;44;32;23;241;186;51;232,0.1,19,126,19,0.186950096101569,,False,0.8809523809523809,,,,,,19,0,54.2559000023175,3.2073000038508326,69.73699999798555,2.212200008216314
DynamicOnly_B10,JILONG_EI_0169,1170,B10,70;101;25;178;180;62;56;94;58;199;148;44;3;32;23;241;186;51;232,0.1,19,125,19,0.1879225980350866,,False,0.8842105263157896,,,,,,19,0,54.28939999546856,2.626799992867745,70.30449999729171,2.2311000066110864
DynamicOnly_B10,JILONG_EI_0169,1180,B10,70;101;25;178;180;62;56;94;58;199;148;2;44;32;23;241;186;51;141,0.1,19,126,19,0.1887496075533536,,False,0.8830409356725145,,,,,,19,0,55.01499999081716,3.192399992258288,71.08370000787545,2.4510999937774613
DynamicOnly_B10,JILONG_EI_0169,1190,B10,70;101;25;178;180;62;94;56;58;199;148;44;3;32;23;241;186;51;232,0.1,19,124,19,0.1879225980350866,,False,0.8798811544991512,,,,,,19,0,54.918699999689125,3.0504000023938715,70.58109999343287,2.256499996292405
DynamicOnly_B10,JILONG_EI_0169,1200,B10,70;101;25;178;180;62;94;56;58;199;148;44;3;32;23;83;241;186;51,0.1,19,125,19,0.187792420610915,,False,0.8884210526315789,,,,,,19,0,54.32569999538828,3.281299999798648,70.02349999675062,2.2693000064464286
DynamicOnly_B10,JILONG_EI_0169,1210,B10,70;101;25;62;178;180;94;56;58;199;148;44;2;32;23;241;186;51;232,0.1,19,125,19,0.186950096101569,,False,0.8821052631578946,,,,,,19,0,53.99690000922419,2.6108000020030886,70.09840001410339,2.290099990204908
DynamicOnly_B10,JILONG_EI_0169,1220,B10,70;101;25;180;62;178;94;56;58;199;148;44;3;32;23;241;186;51;232,0.1,19,124,19,0.1879225980350866,,False,0.8824278438030561,,,,,,19,0,54.57969999406487,2.563100002589636,70.16730000032112,3.054599990718998
DynamicOnly_B10,JILONG_EI_0169,1230,B10,70;101;25;180;178;94;56;58;148;199;44;3;32;23;241;186;51;192;135,0.1,19,123,19,0.1853726520204302,,False,0.8686350021394951,,,,,,19,0,53.985900012776256,2.6670999941416085,70.43720000365283,2.2539000055985525
DynamicOnly_B10,JILONG_EI_0169,1240,B10,70;101;25;180;178;94;56;58;148;199;44;3;190;32;23;241;186;51;192,0.1,19,124,19,0.1846451899441768,,False,0.8786078098471988,,,,,,19,0,54.74870000034571,3.168299997923896,70.67070000630338,2.235899999504909
DynamicOnly_B10,JILONG_EI_0169,1250,B10,70;101;25;94;180;62;27;178;58;56;2;148;199;60;32;23;241;186;51,0.1,19,125,19,0.192624300296345,,False,0.8964210526315791,,,,,,19,0,55.6664999894565,2.65650000073947,70.8162000082666,2.4044000019785017
DynamicOnly_B10,JILONG_EI_0169,1260,B10,70;101;25;94;62;180;178;56;58;148;199;44;3;32;23;241;186;51;192,0.1,19,124,19,0.1876086407179668,,False,0.8875212224108658,,,,,,19,0,54.41169999539852,2.6402999938,70.1820999966003,2.533600010792725
DynamicOnly_B10,JILONG_EI_0169,1270,B10,101;70;25;94;62;180;178;56;58;148;199;44;3;32;241;23;186;51;192,0.1,19,123,19,0.1876086407179668,,False,0.889174154899444,,,,,,19,0,54.50090000522323,2.612199998111464,70.40019999840297,2.8199000080348924
DynamicOnly_B10,JILONG_EI_0169,1280,B10,101;70;25;94;62;180;178;56;58;148;199;44;2;32;241;23;190;186;51,0.1,19,125,19,0.1883131303076016,,False,0.8964210526315788,,,,,,19,0,54.27170000621118,2.5690000038594007,70.61170000815764,2.2796999983256683
DynamicOnly_B10,JILONG_EI_0169,1290,B10,101;70;25;94;62;180;178;56;58;148;199;44;3;241;32;23;186;51;192,0.1,19,123,19,0.1876086407179668,,False,0.893025246041934,,,,,,19,0,54.40029999590479,2.6116000080946837,70.27320000634063,2.3570000048493966
DynamicOnly_B10,JILONG_EI_0169,1300,B10,101;70;25;94;180;178;2;56;58;148;199;44;241;32;23;186;51;192;232,0.1,19,123,19,0.1823096538046266,,False,0.8810440735986307,,,,,,19,0,54.913400002988055,2.666900007170625,71.06400000338908,2.257500003906898
DynamicOnly_B10,JILONG_EI_0169,1310,B10,101;70;25;94;62;180;178;56;58;148;44;199;241;3;32;23;186;51;192,0.1,19,123,19,0.1876086407179668,,False,0.8951647411210956,,,,,,19,0,54.684000002453104,3.037600006791763,71.70679999398999,2.238900007796474
DynamicOnly_B10,JILONG_EI_0169,1320,B10,101;70;25;94;180;178;56;148;2;58;44;199;241;32;23;186;51;192;232,0.1,19,123,19,0.1823096538046266,,False,0.8818998716302954,,,,,,19,0,54.481599989230745,3.567399995517917,70.32429998798762,2.288299991050735
DynamicOnly_B10,JILONG_EI_0169,1330,B10,101;70;25;94;62;180;178;56;148;58;27;241;199;32;3;23;186;60;51,0.1,19,123,19,0.1935968022298627,,False,0.8990158322635858,,,,,,19,0,54.8041000001831,2.7074000099673867,71.07769999129232,2.485100005287677
DynamicOnly_B10,JILONG_EI_0169,1340,B10,101;70;25;94;62;180;178;2;56;148;58;241;44;199;32;23;186;51;192,0.1,19,123,19,0.1866361387844491,,False,0.8985879332477535,,,,,,19,0,55.0649000069825,2.6907999999821186,72.02389999292791,3.356900007929653
DynamicOnly_B10,JILONG_EI_0169,1350,B10,101;70;25;94;62;180;178;2;148;56;58;241;44;199;32;23;186;192;51,0.1,19,124,19,0.1866361387844491,,False,0.8964346349745332,,,,,,19,0,54.80840000382159,2.6474000042071566,70.88210000074469,2.4616000009700656
DynamicOnly_B10,JILONG_EI_0169,1360,B10,101;70;94;25;62;180;178;2;148;56;58;241;44;199;32;23;186;192;51,0.1,19,124,19,0.1866361387844491,,False,0.8960101867572156,,,,,,19,0,55.21459999727085,2.636900011566468,70.87280000268947,2.245800002128817
DynamicOnly_B10,JILONG_EI_0169,1370,B10,101;70;25;94;62;180;178;148;58;241;56;44;199;32;3;23;203;192;51,0.1,19,123,19,0.1880757479458768,,False,0.8934531450577664,,,,,,19,0,56.45270000968594,3.027999991900288,70.66179999674205,2.6037999923573807
DynamicOnly_B10,JILONG_EI_0169,1380,B10,101;70;25;94;62;180;178;241;148;58;56;44;199;3;23;192;51;160;186,0.1,19,121,19,0.1890788798615524,,False,0.8773379730317529,,,,,,19,0,56.53450000681914,3.5399000043980777,70.50159999926109,2.2698999964632094
DynamicOnly_B10,JILONG_EI_0169,1390,B10,101;70;94;25;62;180;241;178;148;56;27;58;199;3;23;186;60;192;160,0.1,19,121,19,0.188680690093498,,False,0.8912570682905611,,,,,,19,0,54.41520000749733,2.6144000003114343,70.03760000225157,2.2838000004412606
DynamicOnly_B10,JILONG_EI_0169,1400,B10,101;94;70;25;62;241;180;178;148;2;56;58;44;199;23;186;192;160;51,0.1,19,122,19,0.1881063779280348,,False,0.8908541846419328,,,,,,19,0,55.00449999817647,2.728499996010214,70.0832000002265,2.2308000043267384
DynamicOnly_B10,JILONG_EI_0169,1410,B10,101;94;70;25;241;62;180;178;148;56;58;44;2;199;23;186;192;160;190,0.1,19,123,19,0.1833970181712369,,False,0.8968763371844244,,,,,,19,0,55.06199999945238,2.8006000065943226,70.79719999455847,2.3004000104265288
DynamicOnly_B10,JILONG_EI_0169,1420,B10,241;101;94;25;70;62;180;178;148;56;58;44;199;203;3;23;192;160;51,0.1,19,123,19,0.1895459870894625,,False,0.8934531450577664,,,,,,19,0,55.000300009851344,2.6637000119080767,71.3677000021562,2.447599996230565
DynamicOnly_B10,JILONG_EI_0169,1430,B10,241;101;94;25;70;62;180;178;148;56;44;58;199;23;3;192;160;51;203,0.1,19,123,19,0.1895459870894625,,False,0.8908857509627728,,,,,,19,0,55.30400000861846,2.660700003616512,73.4634999971604,3.1946999952197075
DynamicOnly_B10,JILONG_EI_0169,1440,B10,241;94;101;25;70;62;180;178;148;203;44;56;58;199;23;3;192;160;51,0.1,19,123,19,0.1895459870894625,,False,0.8977321352160889,,,,,,19,0,54.77889999747276,2.682600010302849,69.77339999866672,2.3062999971443787
DynamicOnly_B10,JILONG_EI_0179,10,B10,78;252;44;14;5;83;141;46;202;192;166;32;25;112;206;91;89;160;117,0.1,19,128,19,0.1050302088199033,,False,0.8967927631578947,,,,,,19,0,55.02430000342429,3.5853999870596454,69.99479999649338,2.3142999998526648
DynamicOnly_B10,JILONG_EI_0179,20,B10,77;141;79;46;14;206;252;44;42;174;32;128;83;231;202;5;23;176;70,0.1,19,127,19,0.0939804427563921,,False,0.8864484044757563,,,,,,19,0,54.62890000490006,2.5846000062301755,70.53949999681208,2.2478000028058887
DynamicOnly_B10,JILONG_EI_0179,30,B10,77;79;44;141;55;252;206;42;99;144;32;91;13;46;166;23;105;241;86,0.1,19,126,19,0.1254680644148524,,False,0.8550543024227235,,,,,,19,0,55.53909999434836,3.699099994264543,70.81119999929797,2.3445999977411702
DynamicOnly_B10,JILONG_EI_0179,40,B10,77;79;44;42;84;166;106;252;174;141;55;128;46;119;74;24;206;50;172,0.1,19,125,19,0.1055356035255109,,False,0.8421052631578949,,,,,,19,0,54.72009998629801,2.6347999955760315,71.40039998921566,2.262800000607968
DynamicOnly_B10,JILONG_EI_0179,50,B10,61;93;79;29;121;85;27;206;25;141;19;55;83;172;90;58;87;50;112,0.1,19,121,19,0.1228568584358799,,False,0.8529795563288386,,,,,,19,0,55.192200001329184,2.681400001165457,70.99449999805074,2.349499991396442
DynamicOnly_B10,JILONG_EI_0179,60,B10,61;93;79;29;42;206;141;176;91;5;88;55;172;135;66;32;174;85;251,0.1,19,118,19,0.0975871231555007,,False,0.8505798394290812,,,,,,19,0,54.882399999769405,2.6107999874511734,70.54660000721924,2.6702000031946227
DynamicOnly_B10,JILONG_EI_0179,70,B10,60;79;93;29;27;141;25;70;89;91;49;56;252;218;117;120;172;190;177,0.1,19,119,19,0.138462834345399,,False,0.8182220256523662,,,,,,19,0,54.93579999892973,2.599700004793704,70.148099999642,3.29730000521522
DynamicOnly_B10,JILONG_EI_0179,80,B10,44;77;46;25;141;13;56;218;70;34;32;101;172;147;252;121;209;135;88,0.1,19,119,19,0.1439302861606083,,False,0.8071649712516584,,,,,,19,0,54.74399999366142,2.649500005645677,70.10690000606701,2.91060000017751
DynamicOnly_B10,JILONG_EI_0179,90,B10,28;61;93;14;26;206;141;49;58;252;90;192;40;85;99;120;155;174;36,0.1,19,117,19,0.1222442587927192,,False,0.8065677013045432,,,,,,19,0,55.06419998710044,2.6104000135092065,70.46590000391006,2.273100006277673
DynamicOnly_B10,JILONG_EI_0179,100,B10,28;61;93;26;141;70;91;190;40;120;49;58;252;176;14;5;88;202;99,0.1,19,116,19,0.1226654210473922,,False,0.8135208711433757,,,,,,19,0,56.73110000498127,2.739899995503947,72.607699999935,2.647200002684258
DynamicOnly_B10,JILONG_EI_0179,110,B10,28;60;93;26;141;252;40;206;70;91;32;202;20;34;117;120;172;229;176,0.1,19,116,19,0.12940401712216,,False,0.809437386569873,,,,,,19,0,54.83740000636317,2.955499992822297,70.9639000124298,2.355599994189106
DynamicOnly_B10,JILONG_EI_0179,120,B10,28;60;93;252;26;40;32;14;4;202;88;229;91;141;86;135;121;172;128,0.1,19,115,19,0.1150155830034229,,False,0.7862700228832952,,,,,,19,0,54.25480000849348,2.5987999979406595,70.59920000028796,3.1113000004552305
DynamicOnly_B10,JILONG_EI_0179,130,B10,27;61;93;14;40;101;251;202;176;32;58;106;141;104;229;112;4;171;174,0.1,19,114,19,0.1141502860074584,,False,0.8005540166204987,,,,,,19,0,54.84440000145696,2.592000004369765,70.09509998897556,2.525499992771074
DynamicOnly_B10,JILONG_EI_0179,140,B10,27;61;93;25;202;101;29;252;141;55;176;58;91;174;104;229;32;69;132,0.1,19,115,19,0.1471694067738205,,False,0.8041189931350115,,,,,,19,0,54.928799989284016,2.612600001157261,70.5149999994319,2.2452000121120363
DynamicOnly_B10,JILONG_EI_0179,150,B10,27;61;25;93;29;202;101;252;106;56;229;3;87;211;32;170;74;132;172,0.1,19,115,19,0.1576908056451057,,False,0.8009153318077803,,,,,,19,0,55.75129999488127,2.606199996080249,70.23349999508355,2.2219999955268577
DynamicOnly_B10,JILONG_EI_0179,160,B10,26;28;60;78;40;101;232;3;106;235;32;70;203;211;170;14;74;88;229,0.1,19,113,19,0.1720486097816848,,False,0.7885421518397765,,,,,,19,0,54.59359999804292,2.6416000036988407,70.44100000348408,2.303999994182959
DynamicOnly_B10,JILONG_EI_0179,170,B10,26;58;28;60;78;40;106;232;186;101;235;70;229;4;179;135;32;211;200,0.1,19,114,19,0.1823632562734032,,False,0.7867036011080332,,,,,,19,0,54.79650000052061,3.471799995168112,70.57209999766201,2.287199997226708
DynamicOnly_B10,JILONG_EI_0179,180,B10,25;27;58;45;77;56;106;101;229;232;70;186;88;99;218;132;128;179;50,0.1,19,115,19,0.1673775375025844,,False,0.7990846681922197,,,,,,19,0,54.54110000573564,3.3396000071661547,69.88080000155605,2.268100011860952
DynamicOnly_B10,JILONG_EI_0179,190,B10,25;27;45;58;78;56;101;106;88;233;70;202;229;251;192;51;179;174;99,0.1,19,115,19,0.1646897565682168,,False,0.7835240274599543,,,,,,19,0,54.028400001698174,2.591099997516721,70.31719999213237,2.2507999965455383
DynamicOnly_B10,JILONG_EI_0179,200,B10,41;27;60;78;55;101;89;29;229;186;216;99;251;50;87;160;172;5;121,0.1,19,115,19,0.1354457811028325,,False,0.7839816933638444,,,,,,19,0,54.29349999758415,2.6317000010749325,70.6730000092648,2.2992000012891367
DynamicOnly_B10,JILONG_EI_0179,210,B10,24;26;28;60;56;94;58;101;88;216;90;70;50;99;135;229;186;251;160,0.1,19,116,19,0.1481495662028777,,False,0.810344827586207,,,,,,19,0,54.89110000780784,2.562699999543838,70.00229999539442,3.393500010133721
DynamicOnly_B10,JILONG_EI_0179,220,B10,40;26;28;101;94;60;88;58;70;251;216;106;50;186;135;165;52;219;160,0.1,19,117,19,0.1524913661737792,,False,0.7732793522267206,,,,,,19,0,54.39469999691937,2.545700001064688,70.22689998848364,2.350700000533834
DynamicOnly_B10,JILONG_EI_0179,230,B10,40;26;101;45;94;88;58;70;251;172;209;135;233;52;91;112;219;3;99,0.1,19,117,19,0.138960571555467,,False,0.7809266756635177,,,,,,19,0,54.78829999628943,2.601799991680309,70.56220000959001,2.24829999206122
DynamicOnly_B10,JILONG_EI_0179,240,B10,40;26;101;28;94;60;70;88;58;251;232;135;172;219;51;99;91;4;209,0.1,19,117,19,0.1522310113254359,,False,0.7809266756635177,,,,,,19,0,55.06980000063777,3.0667999963043258,70.2339999988908,2.2378000139724463
DynamicOnly_B10,JILONG_EI_0179,250,B10,55;41;23;27;101;94;45;88;251;233;135;172;219;51;91;99;4;209;112,0.1,19,118,19,0.1270301935049123,,False,0.775200713648528,,,,,,19,0,54.76270000508521,2.917799996794201,70.39310000254773,2.32759999926202
DynamicOnly_B10,JILONG_EI_0179,260,B10,55;25;23;27;101;60;94;58;88;252;29;135;232;36;172;219;99;106;4,0.1,19,118,19,0.1261648965089477,,False,0.7966101694915254,,,,,,19,0,54.27579999377485,2.5861000031000003,71.5280000003986,2.9787999956170097
DynamicOnly_B10,JILONG_EI_0179,270,B10,26;24;55;101;60;28;94;58;135;252;89;232;36;66;3;112;91;176;172,0.1,19,119,19,0.1369849377062738,,False,0.7766475011057054,,,,,,19,0,53.8790999999037,2.5999000063166022,71.66070000675973,2.990299995872192
DynamicOnly_B10,JILONG_EI_0179,280,B10,40;26;71;60;101;94;28;58;251;135;89;232;66;176;36;3;148;240;91,0.1,19,119,19,0.1889410449418413,,False,0.777532065457762,,,,,,19,0,56.37969999224879,2.759800001513213,70.02810000267345,2.3075000062817708
DynamicOnly_B10,JILONG_EI_0179,290,B10,40;26;71;94;60;101;28;58;252;89;135;176;240;66;232;36;148;32;3,0.1,19,118,19,0.1881140354235743,,False,0.7867975022301517,,,,,,19,0,56.37400000705384,2.540700006647967,70.35619999805931,2.29800000670366
DynamicOnly_B10,JILONG_EI_0179,300,B10,40;26;71;60;101;28;94;58;135;252;176;240;89;66;148;36;232;32;91,0.1,19,119,19,0.1889027574641437,,False,0.7854931446262715,,,,,,19,0,54.95599999267142,2.641099999891594,71.61409998661838,2.414600006886758
DynamicOnly_B10,JILONG_EI_0179,310,B10,40;26;60;101;28;94;70;58;72;176;135;240;148;252;105;36;66;217;32,0.1,19,119,19,0.1862685789985527,,False,0.7965501990269791,,,,,,19,0,54.67890000727493,2.7199000032851472,70.61870000325143,2.2284000006038696
DynamicOnly_B10,JILONG_EI_0179,320,B10,40;26;60;70;101;28;94;58;206;72;148;176;135;240;217;36;105;66;32,0.1,19,120,19,0.1864753313781194,,False,0.8017543859649122,,,,,,19,0,54.34760000207461,2.583800000138581,71.31549999758136,3.0149000085657462
DynamicOnly_B10,JILONG_EI_0179,330,B10,40;26;60;70;101;28;94;58;148;72;176;240;135;217;46;105;36;180;32,0.1,19,119,19,0.2003200833135514,,False,0.8009730207872622,,,,,,19,0,54.38509999657981,2.6609999913489446,70.00279999920167,2.7895000093849376
DynamicOnly_B10,JILONG_EI_0179,340,B10,40;26;60;70;101;28;94;58;148;72;176;46;206;240;217;180;135;105;32,0.1,19,120,19,0.1952048762931595,,False,0.8100877192982456,,,,,,19,0,54.7861999948509,2.7036999963456765,70.96420000016224,2.2256999945966527
DynamicOnly_B10,JILONG_EI_0179,350,B10,40;26;70;60;28;101;94;58;148;72;46;176;240;180;217;135;32;90;36,0.1,19,119,19,0.1998836060677994,,False,0.804953560371517,,,,,,19,0,54.89290000696201,2.63499999709893,70.61359999352135,2.4018999974941835
DynamicOnly_B10,JILONG_EI_0179,360,B10,40;60;70;26;28;101;93;58;72;148;180;46;176;240;217;135;32;90;66,0.1,19,119,19,0.1878919680529286,,False,0.8053958425475453,,,,,,19,0,55.149399995571,2.6837000041268766,72.11180000740569,2.2360000002663583
DynamicOnly_B10,JILONG_EI_0179,370,B10,40;70;26;60;28;101;78;72;180;58;148;176;240;217;46;135;32;90;66,0.1,19,118,19,0.2092716955992373,,False,0.8144513826940232,,,,,,19,0,55.223799994564615,3.3432000054745004,70.64179998997133,2.351800008909777
DynamicOnly_B10,JILONG_EI_0179,380,B10,40;70;26;60;28;101;72;78;180;58;148;46;176;240;217;32;135;90;252,0.1,19,118,19,0.2055731252536545,,False,0.8215878679750224,,,,,,19,0,55.01250000088476,2.545600000303238,70.48159999249037,2.2604000114370137
DynamicOnly_B10,JILONG_EI_0179,390,B10,70;56;26;60;28;101;78;24;180;148;58;176;240;217;32;135;90;46;252,0.1,19,118,19,0.2083987411077333,,False,0.8193577163247101,,,,,,19,0,54.95990000781603,3.13810000079684,70.77509998634923,2.549400000134483
DynamicOnly_B10,JILONG_EI_0179,400,B10,56;70;60;26;28;101;24;78;180;148;58;176;217;90;32;252;240;135;88,0.1,19,119,19,0.2084446860809703,,False,0.8235294117647058,,,,,,19,0,55.4342999967048,2.572700002929196,70.46220000484027,2.260900000692345
DynamicOnly_B10,JILONG_EI_0179,410,B10,56;70;60;26;28;101;24;180;78;148;58;176;252;217;32;90;240;135;88,0.1,19,119,19,0.2084446860809703,,False,0.8275099513489605,,,,,,19,0,55.429000000003725,2.868700001272373,70.79040000098757,3.4088999964296818
DynamicOnly_B10,JILONG_EI_0179,420,B10,56;70;60;26;28;101;24;180;78;148;58;252;176;32;217;90;240;135;88,0.1,19,119,19,0.2084446860809703,,False,0.8314904909332154,,,,,,19,0,55.65730000671465,2.613899996504188,71.28869999723975,2.2329000057652597
DynamicOnly_B10,JILONG_EI_0179,430,B10,56;70;60;26;28;101;24;180;78;148;58;252;32;176;217;88;135;90;240,0.1,19,119,19,0.2084446860809703,,False,0.8279522335249889,,,,,,19,0,54.59759999939706,3.02689999807626,69.66320000356063,2.250700010336004
DynamicOnly_B10,JILONG_EI_0179,440,B10,56;70;60;26;28;101;24;180;148;78;58;252;32;88;217;176;135;90;240,0.1,19,119,19,0.2084446860809703,,False,0.8332596196373285,,,,,,19,0,54.2624999943655,2.905200002714992,69.90310001128819,2.2452999983215705
DynamicOnly_B10,JILONG_EI_0179,450,B10,56;70;60;26;28;101;24;180;148;78;58;252;88;32;217;176;135;90;240,0.1,19,119,19,0.2084446860809703,,False,0.8363555948695267,,,,,,19,0,53.95519999729004,2.9448999994201586,69.81509999604896,2.46319999860134
DynamicOnly_B10,JILONG_EI_0179,460,B10,56;70;60;26;28;101;24;180;148;78;58;88;252;32;217;176;90;135;240,0.1,19,119,19,0.2084446860809703,,False,0.8363555948695267,,,,,,19,0,55.75900000985712,3.095699998084456,70.22259999939706,2.303300003404729
DynamicOnly_B10,JILONG_EI_0179,470,B10,56;70;60;26;28;101;24;180;148;78;88;58;252;32;217;14;190;135;176,0.1,19,120,19,0.190395969094348,,False,0.842982456140351,,,,,,19,0,55.046200010110624,2.6150000048801303,70.41069999104366,2.1983000042382628
DynamicOnly_B10,JILONG_EI_0179,480,B10,56;70;26;60;28;101;24;180;148;88;78;58;252;32;217;90;135;176;172,0.1,19,120,19,0.1896302195403971,,False,0.8394736842105263,,,,,,19,0,54.91959999199025,2.730599997448735,70.94819999474566,2.594999998109415
DynamicOnly_B10,JILONG_EI_0179,490,B10,56;70;60;26;28;101;180;24;148;88;58;78;252;32;217;90;135;176;172,0.1,19,120,19,0.1896302195403971,,False,0.8438596491228071,,,,,,19,0,54.27699998836033,2.5756000104593118,70.75329999497626,2.2178999934112653
DynamicOnly_B10,JILONG_EI_0179,500,B10,56;70;60;26;24;28;101;180;148;88;94;58;252;32;217;90;135;176;172,0.1,19,121,19,0.1786187409545833,,False,0.8455850369725969,,,,,,19,0,54.330500002834015,2.6929000014206395,70.02730001113378,2.221199989435263
DynamicOnly_B10,JILONG_EI_0179,510,B10,56;70;26;60;28;180;101;24;148;88;58;78;252;32;217;90;135;176;172,0.1,19,121,19,0.1896302195403971,,False,0.8464549804262723,,,,,,19,0,54.0235000080429,2.66320000810083,70.00809999590274,2.2363000025507063
DynamicOnly_B10,JILONG_EI_0179,520,B10,56;70;26;60;28;180;101;93;24;148;88;58;252;32;217;90;135;199;176,0.1,19,123,19,0.1676225773598487,,False,0.8519469405220368,,,,,,19,0,54.64489999576472,3.022599994437769,70.18860000243876,2.256199994008057
DynamicOnly_B10,JILONG_EI_0179,530,B10,56;70;26;60;180;28;101;24;88;148;58;252;78;32;217;90;135;199;176,0.1,19,123,19,0.1890023049061573,,False,0.8532306375695335,,,,,,19,0,55.39749999297783,2.7836999943247065,71.1555000016233,2.529400007915683
DynamicOnly_B10,JILONG_EI_0179,540,B10,70;56;26;60;180;28;101;24;88;148;58;252;78;32;217;90;135;199;68,0.1,19,123,19,0.1979003147230666,,False,0.8519469405220368,,,,,,19,0,54.7216999984812,2.6594000082695857,70.38859999738634,2.23280000500381
DynamicOnly_B10,JILONG_EI_0179,550,B10,70;56;26;60;180;28;101;24;88;148;58;78;252;32;190;217;90;135;199,0.1,19,124,19,0.1904189415809665,,False,0.8582342954159593,,,,,,19,0,54.60740000125952,2.620100000058301,70.16990000556689,2.6406999968457967
DynamicOnly_B10,JILONG_EI_0179,560,B10,70;56;26;180;60;101;28;24;88;148;78;58;252;32;217;90;135;199;68,0.1,19,123,19,0.1979003147230666,,False,0.8562259306803595,,,,,,19,0,55.77020000782795,2.626600005896762,70.3326999937417,2.244599992991425
DynamicOnly_B10,JILONG_EI_0179,570,B10,70;56;26;60;180;101;28;24;88;148;78;58;252;32;217;90;135;199;68,0.1,19,123,19,0.1979003147230666,,False,0.8579375267436885,,,,,,19,0,54.32590001146309,2.782900002785027,71.06950000161305,2.375299998675473
DynamicOnly_B10,JILONG_EI_0179,580,B10,70;56;26;180;24;60;101;28;88;148;58;78;252;32;217;90;68;135;199,0.1,19,123,19,0.1979003147230666,,False,0.8613607188703467,,,,,,19,0,55.223699993803166,3.0537999991793185,70.77859999844804,2.4070999934338038
DynamicOnly_B10,JILONG_EI_0179,590,B10,70;56;26;180;101;60;28;24;88;148;58;78;252;68;32;217;90;135;199,0.1,19,123,19,0.1979003147230666,,False,0.8630723149336756,,,,,,19,0,55.73350000486244,2.9643000016221777,70.98970000515692,2.4394999927608296
DynamicOnly_B10,JILONG_EI_0179,600,B10,70;56;26;180;101;60;28;24;88;148;58;78;68;252;32;217;90;135;199,0.1,19,123,19,0.1979003147230666,,False,0.8622165169020112,,,,,,19,0,55.28700001013931,2.748500002780929,70.63290000951383,2.6606000028550625
DynamicOnly_B10,JILONG_EI_0179,610,B10,70;56;26;180;101;60;28;24;88;148;58;68;78;252;32;217;90;135;199,0.1,19,123,19,0.1979003147230666,,False,0.8647839109970047,,,,,,19,0,54.45710000640247,2.5683999992907047,70.68170000275131,2.804999996442348
DynamicOnly_B10,JILONG_EI_0179,620,B10,70;56;26;180;101;60;28;24;68;88;78;148;58;252;32;217;3;199;90,0.1,19,123,19,0.1964530480660995,,False,0.8699186991869918,,,,,,19,0,55.380699996021576,3.247600005124696,70.6036000046879,2.2210000024642795
DynamicOnly_B10,JILONG_EI_0179,630,B10,70;56;26;180;101;60;28;68;24;78;88;58;148;252;32;217;3;199;90,0.1,19,123,19,0.1964530480660995,,False,0.872058194266153,,,,,,19,0,54.910400009248406,2.928100002463907,70.75559999793768,2.359200007049367
DynamicOnly_B10,JILONG_EI_0179,640,B10,70;56;26;180;101;60;68;28;24;88;78;58;148;252;32;217;3;199;90,0.1,19,123,19,0.1964530480660995,,False,0.8716302952503208,,,,,,19,0,55.05199999606703,2.962300000945106,70.46799999079667,2.2659000096609816
DynamicOnly_B10,JILONG_EI_0179,650,B10,70;56;26;180;101;68;60;28;24;88;58;78;148;252;32;217;3;199;90,0.1,19,123,19,0.1964530480660995,,False,0.8763371844244757,,,,,,19,0,54.85299999418203,2.60540000454057,70.17150000319816,2.280799992149696
DynamicOnly_B10,JILONG_EI_0179,660,B10,70;56;26;180;101;68;60;28;24;88;78;58;148;32;3;217;199;90;135,0.1,19,122,19,0.198673721772557,,False,0.8705780845556513,,,,,,19,0,55.54439999104943,3.3989999938057736,69.93460000376217,2.2449999960372224
DynamicOnly_B10,JILONG_EI_0179,670,B10,70;56;26;180;101;68;60;24;28;88;78;58;148;32;3;217;199;135;90,0.1,19,122,19,0.198673721772557,,False,0.8714408973252804,,,,,,19,0,54.4858000066597,3.456099992035888,69.72519999544602,2.270800003316253
DynamicOnly_B10,JILONG_EI_0179,680,B10,70;56;26;180;101;68;60;24;28;88;94;58;148;32;3;217;199;135;90,0.1,19,122,19,0.1876622431867433,,False,0.871872303710095,,,,,,19,0,54.45339999278076,2.5982000079238787,70.30310000118334,2.263899994431995
DynamicOnly_B10,JILONG_EI_0179,690,B10,70;56;26;180;101;68;60;24;28;88;78;58;148;32;3;217;199;135;90,0.1,19,122,19,0.198673721772557,,False,0.8740293356341674,,,,,,19,0,54.60149999998976,2.614600001834333,70.11050000437535,2.246100004413165
DynamicOnly_B10,JILONG_EI_0179,700,B10,70;56;26;180;68;101;60;24;28;88;78;58;148;32;3;217;199;135;90,0.1,19,121,19,0.198673721772557,,False,0.8742931709438886,,,,,,19,0,55.29920000117272,3.102400005445816,70.15949999913573,2.232099999673665
DynamicOnly_B10,JILONG_EI_0179,710,B10,70;56;26;180;68;101;60;24;28;88;78;58;148;32;3;217;199;135;90,0.1,19,121,19,0.198673721772557,,False,0.8734232274902132,,,,,,19,0,54.83959999401122,2.716700008022599,71.00480000372045,2.388200009590946
DynamicOnly_B10,JILONG_EI_0179,720,B10,70;56;26;180;68;101;60;24;88;28;58;78;148;32;3;217;199;135;90,0.1,19,121,19,0.198673721772557,,False,0.8769030013049153,,,,,,19,0,55.32050000329036,4.022399996756576,71.88410000526346,3.642099996795878
DynamicOnly_B10,JILONG_EI_0179,730,B10,70;56;26;180;68;101;60;24;88;28;58;78;148;3;32;217;199;135;90,0.1,19,121,19,0.198673721772557,,False,0.8786428882122662,,,,,,19,0,54.25820000527892,3.1190000008791685,70.38689999899361,2.374300005612895
DynamicOnly_B10,JILONG_EI_0179,740,B10,70;56;26;180;68;101;24;60;88;94;28;58;148;3;32;217;199;99;90,0.1,19,121,19,0.1867510012175418,,False,0.8764680295780776,,,,,,19,0,55.75159999716561,2.649699992616661,70.8916000003228,2.389100001892075
DynamicOnly_B10,JILONG_EI_0179,750,B10,70;56;26;68;180;101;24;60;88;28;58;78;148;190;3;32;217;199;99,0.1,19,122,19,0.1993782113621919,,False,0.8908541846419326,,,,,,19,0,54.95179998979438,3.679100002045743,70.49779999942984,2.3496999929193407
DynamicOnly_B10,JILONG_EI_0179,760,B10,70;56;26;101;68;180;24;60;88;28;58;78;148;3;32;217;199;99;135,0.1,19,121,19,0.2001056734384452,,False,0.8829926054806438,,,,,,19,0,54.920000009587966,2.802200004225597,70.66349999513477,2.364899992244318
DynamicOnly_B10,JILONG_EI_0179,770,B10,70;56;26;101;68;180;24;88;60;28;58;78;148;3;32;217;199;99;135,0.1,19,121,19,0.2001056734384452,,False,0.8821226620269683,,,,,,19,0,55.25350000243634,3.642800002126023,72.57399999070913,3.349599995999597
DynamicOnly_B10,JILONG_EI_0179,780,B10,70;56;26;101;68;180;24;88;60;58;78;28;148;3;32;217;199;99;135,0.1,19,121,19,0.2001056734384452,,False,0.8856024358416703,,,,,,19,0,54.640899994410574,2.8694999928120524,70.27799999923445,2.289399999426678
DynamicOnly_B10,JILONG_EI_0179,790,B10,70;56;26;101;68;180;24;88;60;58;78;28;148;3;32;217;199;99;135,0.1,19,121,19,0.2001056734384452,,False,0.8838625489343194,,,,,,19,0,54.603700002189726,2.883000008296221,70.57570001052227,2.468700011377223
DynamicOnly_B10,JILONG_EI_0179,800,B10,70;56;26;101;68;180;24;88;60;58;78;28;148;3;32;199;217;99;135,0.1,19,121,19,0.2001056734384452,,False,0.8890822096563724,,,,,,19,0,55.44340000778902,3.5579999967012554,71.57789998746011,2.338699996471405
DynamicOnly_B10,JILONG_EI_0179,810,B10,70;56;26;101;180;68;24;60;88;78;58;28;148;190;3;32;199;217;99,0.1,19,122,19,0.1993782113621919,,False,0.8977566867989646,,,,,,19,0,55.09860000165645,2.6763000059872866,70.87599999795202,2.363199993851594
DynamicOnly_B10,JILONG_EI_0179,820,B10,70;26;56;101;180;68;24;61;88;58;28;148;3;32;199;217;99;94;135,0.1,19,121,19,0.2023876071092188,,False,0.8803827751196174,,,,,,19,0,54.78900000161957,2.8826999914599583,70.5391000083182,2.2982999944360927
DynamicOnly_B10,JILONG_EI_0179,830,B10,70;26;56;101;180;68;24;60;88;58;148;78;28;3;32;199;217;99;135,0.1,19,121,19,0.2001056734384452,,False,0.8925619834710745,,,,,,19,0,55.44229999941308,2.707299994654022,70.78619999811053,2.410999994026497
DynamicOnly_B10,JILONG_EI_0179,840,B10,70;26;56;101;180;68;24;88;94;60;58;148;28;3;32;199;217;99;135,0.1,19,121,19,0.1890941948526315,,False,0.8921270117442367,,,,,,19,0,54.95289999817032,2.6415000029373914,72.48040000558831,2.341799990972504
DynamicOnly_B10,JILONG_EI_0179,850,B10,70;26;56;101;180;68;24;88;58;60;148;28;78;3;190;32;199;217;99,0.1,19,122,19,0.1993782113621919,,False,0.9033649698015532,,,,,,19,0,55.14229999971576,2.6667999918572605,70.71790000190958,2.331299998331815
DynamicOnly_B10,JILONG_EI_0179,860,B10,70;26;56;101;180;68;24;88;60;58;148;78;28;3;199;32;217;99;135,0.1,19,121,19,0.2001056734384452,,False,0.8956067855589387,,,,,,19,0,54.28419999952894,2.8941000055056065,70.80950000090525,2.263000002130866
DynamicOnly_B10,JILONG_EI_0179,870,B10,70;26;56;101;180;68;24;88;58;148;60;78;28;3;199;32;217;99;135,0.1,19,121,19,0.2001056734384452,,False,0.8969117007394519,,,,,,19,0,56.13959999755025,3.6028999893460414,70.87539999338333,2.3003000096650794
DynamicOnly_B10,JILONG_EI_0179,880,B10,70;26;56;101;180;68;24;88;58;60;148;78;28;3;199;32;217;99;135,0.1,19,121,19,0.2001056734384452,,False,0.8982166159199653,,,,,,19,0,54.41120000614319,2.6172999932896346,70.31670000287704,2.360800004680641
DynamicOnly_B10,JILONG_EI_0179,890,B10,70;26;56;101;180;68;24;88;58;148;60;78;28;3;199;190;32;217;99,0.1,19,122,19,0.1993782113621919,,False,0.9076790336496982,,,,,,19,0,54.56649999541696,2.854600010323338,70.38040000770707,2.222700000857003
DynamicOnly_B10,JILONG_EI_0179,900,B10,70;26;56;101;180;61;68;24;88;58;148;28;3;199;32;217;99;94;135,0.1,19,121,19,0.2023876071092188,,False,0.8890822096563722,,,,,,19,0,54.43119999836199,3.1962000066414475,70.10230000014417,2.239900000859052
DynamicOnly_B10,JILONG_EI_0179,910,B10,70;26;56;101;180;68;24;88;58;60;148;78;28;3;199;32;217;99;135,0.1,19,121,19,0.2001056734384452,,False,0.8995215311004786,,,,,,19,0,54.01690000144299,2.607899994472973,69.75149999198038,2.271599994855933
DynamicOnly_B10,JILONG_EI_0179,920,B10,70;26;56;101;180;68;24;88;58;148;60;28;78;3;199;32;217;99;135,0.1,19,121,19,0.2001056734384452,,False,0.8969117007394519,,,,,,19,0,54.01969999365974,2.7588000084506348,70.34949999069795,2.384899999015033
DynamicOnly_B10,JILONG_EI_0179,930,B10,70;26;56;101;180;68;24;88;58;148;28;60;78;3;199;190;32;217;99,0.1,19,122,19,0.1993782113621919,,False,0.9098360655737704,,,,,,19,0,55.18710000615101,2.814300009049475,70.68820000858977,2.351399991312064
DynamicOnly_B10,JILONG_EI_0179,940,B10,70;26;56;101;180;68;24;88;58;148;60;28;78;3;199;32;217;99;135,0.1,19,121,19,0.2001056734384452,,False,0.9016963897346674,,,,,,19,0,55.412000001524575,2.7267999976174906,70.70789999852423,2.465700003085658
DynamicOnly_B10,JILONG_EI_0179,950,B10,70;26;56;101;180;24;68;58;88;148;199;28;78;60;3;32;217;99;135,0.1,19,121,19,0.2001056734384452,,False,0.9008264462809916,,,,,,19,0,55.02169999817852,2.7014999941457063,70.53160000941716,2.421199998934753
DynamicOnly_B10,JILONG_EI_0179,960,B10,70;26;101;56;180;24;68;58;88;148;199;78;28;60;3;190;32;217;99,0.1,19,122,19,0.1993782113621919,,False,0.9063848144952548,,,,,,19,0,54.55489999440033,2.682899998035282,70.35080000059679,2.371000009588897
DynamicOnly_B10,JILONG_EI_0179,970,B10,70;26;101;56;180;24;68;58;88;148;199;60;78;28;3;32;217;99;190,0.1,19,122,19,0.1993782113621919,,False,0.9055220017256256,,,,,,19,0,54.09750000399072,3.144000002066605,70.2679999958491,2.271799996378832
DynamicOnly_B10,JILONG_EI_0179,980,B10,70;26;101;56;180;24;68;58;148;88;199;60;28;78;3;32;217;99;135,0.1,19,121,19,0.2001056734384452,,False,0.9034362766420182,,,,,,19,0,54.09259999578353,2.8725000011036173,71.48330000927672,3.1726000015623868
DynamicOnly_B10,JILONG_EI_0179,990,B10,70;26;101;56;180;24;68;58;88;148;199;28;78;3;60;32;217;99;135,0.1,19,121,19,0.2001056734384452,,False,0.9030013049151804,,,,,,19,0,55.55060000915546,2.6408999983686954,70.34969999222085,2.397799995378591
DynamicOnly_B10,JILONG_EI_0179,1000,B10,70;26;101;56;180;24;68;58;88;148;199;28;3;78;60;32;217;99;155,0.1,19,121,19,0.200794848037001,,False,0.9008264462809916,,,,,,19,0,54.67569999746047,2.675600000657141,70.99039999593515,2.272199999424629
DynamicOnly_B10,JILONG_EI_0179,1010,B10,70;26;101;56;180;24;68;58;148;88;199;3;28;78;60;32;217;99;155,0.1,19,121,19,0.200794848037001,,False,0.9025663331883428,,,,,,19,0,55.313399992883205,4.061500003444962,70.60310000088066,2.2969999990891665
DynamicOnly_B10,JILONG_EI_0179,1020,B10,70;26;101;56;180;24;68;58;148;88;199;3;28;78;60;32;217;99;155,0.1,19,121,19,0.200794848037001,,False,0.9012614180078296,,,,,,19,0,55.046800000127405,2.624200002173893,70.63070000731386,2.483400006894953
DynamicOnly_B10,JILONG_EI_0179,1030,B10,70;101;26;56;180;24;68;58;148;88;199;3;28;60;78;32;99;217;155,0.1,19,121,19,0.200794848037001,,False,0.9030013049151804,,,,,,19,0,54.141400003572926,2.543499998864718,69.9350999930175,2.257700005429797
DynamicOnly_B10,JILONG_EI_0179,1040,B10,70;101;26;56;180;24;68;58;148;88;199;3;28;94;60;99;32;217;190,0.1,19,122,19,0.1883667327763781,,False,0.9055220017256256,,,,,,19,0,55.40090000431519,3.3414000063203275,71.45139999920502,2.9975000070407987
DynamicOnly_B10,JILONG_EI_0179,1050,B10,70;101;26;56;24;180;68;58;148;88;199;3;28;94;60;99;32;217;155,0.1,19,121,19,0.1897833694511873,,False,0.9016963897346671,,,,,,19,0,57.29579999751877,2.637799989315681,71.14159999764524,2.3313999990932643
DynamicOnly_B10,JILONG_EI_0179,1060,B10,70;101;26;56;24;180;68;58;148;88;199;94;3;28;60;99;32;217;155,0.1,19,121,19,0.1897833694511873,,False,0.9038712483688562,,,,,,19,0,54.80300000635907,2.697400006582029,71.17500000458676,2.353999996557832
DynamicOnly_B10,JILONG_EI_0179,1070,B10,70;101;26;56;24;180;68;58;148;199;88;94;3;28;60;99;32;217;155,0.1,19,121,19,0.1897833694511873,,False,0.9025663331883428,,,,,,19,0,57.42149999423418,3.135400009341538,71.1062999907881,2.238300003227778
DynamicOnly_B10,JILONG_EI_0179,1080,B10,70;101;26;56;24;180;68;58;148;199;88;94;3;28;60;99;32;217;155,0.1,19,121,19,0.1897833694511873,,False,0.9043062200956938,,,,,,19,0,55.88770000031218,2.6699000009102747,71.34509999013972,2.2507999965455383
DynamicOnly_B10,JILONG_EI_0179,1090,B10,70;101;26;56;24;180;68;58;148;199;88;94;3;28;60;99;32;217;155,0.1,19,121,19,0.1897833694511873,,False,0.9043062200956938,,,,,,19,0,56.22840000432916,2.609300005133264,70.79350001004059,2.326400004676543
DynamicOnly_B10,JILONG_EI_0179,1100,B10,70;101;26;56;24;180;68;148;58;199;88;94;3;28;60;99;32;217;155,0.1,19,121,19,0.1897833694511873,,False,0.9051761635493694,,,,,,19,0,54.55270000675228,2.63279999489896,71.38999999733642,2.366600005188957
DynamicOnly_B10,JILONG_EI_0179,1110,B10,70;101;26;56;24;180;68;58;148;199;88;94;3;28;99;32;60;217;155,0.1,19,121,19,0.1897833694511873,,False,0.9030013049151804,,,,,,19,0,54.99319999944419,2.5962999934563413,70.15010000031907,2.223399991635233
DynamicOnly_B10,JILONG_EI_0179,1120,B10,70;101;26;56;24;180;68;148;58;199;94;88;3;28;60;99;32;217;155,0.1,19,121,19,0.1897833694511873,,False,0.9069160504567204,,,,,,19,0,54.86049999308307,2.886500005843118,70.01490000402555,2.2579999931622297
DynamicOnly_B10,JILONG_EI_0179,1130,B10,70;101;26;56;24;180;68;58;148;199;94;88;3;28;99;32;217;60;155,0.1,19,121,19,0.1897833694511873,,False,0.9043062200956936,,,,,,19,0,55.10059998778161,2.664200001163408,70.27959999686573,2.4378999951295555
DynamicOnly_B10,JILONG_EI_0179,1140,B10,70;101;26;56;24;180;68;58;148;199;94;88;3;28;99;32;217;60;155,0.1,19,121,19,0.1897833694511873,,False,0.9034362766420184,,,,,,19,0,56.59990001004189,2.608199996757321,70.07459999294952,2.5987999979406595
DynamicOnly_B10,JILONG_EI_0179,1150,B10,70;101;26;56;24;180;68;58;148;94;199;88;3;28;99;60;32;217;155,0.1,19,121,19,0.1897833694511873,,False,0.9060461070030448,,,,,,19,0,55.94169998948928,2.677700002095662,70.05000000935979,2.3782999924151227
DynamicOnly_B10,JILONG_EI_0179,1160,B10,70;101;26;24;56;180;68;58;94;148;199;88;3;28;99;32;217;60;155,0.1,19,121,19,0.1897833694511873,,False,0.9056111352762072,,,,,,19,0,54.804600003990345,2.667599997948855,69.88650000130292,2.2108999983174726
DynamicOnly_B10,JILONG_EI_0179,1170,B10,70;101;26;24;56;180;68;58;148;94;199;88;3;28;99;32;217;60;155,0.1,19,121,19,0.1897833694511873,,False,0.9056111352762072,,,,,,19,0,54.28519999259152,3.128000011201948,70.78239999827929,2.2581000084755942
DynamicOnly_B10,JILONG_EI_0179,1180,B10,70;101;26;24;56;180;68;94;58;148;199;3;88;99;28;32;217;60;155,0.1,19,121,19,0.1897833694511873,,False,0.9064810787298824,,,,,,19,0,56.587800005218014,3.228599991416558,71.76190000609495,2.3122999991755933
DynamicOnly_B10,JILONG_EI_0179,1190,B10,70;101;26;24;56;180;68;94;58;148;199;3;88;99;28;32;217;60;155,0.1,19,121,19,0.1897833694511873,,False,0.9064810787298828,,,,,,19,0,55.77079999784473,2.677399999811314,70.86920000438113,3.2738000008976087
DynamicOnly_B10,JILONG_EI_0179,1200,B10,70;101;26;24;56;180;68;94;58;148;199;3;88;28;99;32;217;60;155,0.1,19,121,19,0.1897833694511873,,False,0.907351022183558,,,,,,19,0,54.34479999530595,2.7504000026965514,70.16319999820553,2.241100009996444
DynamicOnly_B10,JILONG_EI_0179,1210,B10,70;101;26;24;56;180;68;94;58;148;199;3;88;99;28;32;217;60;155,0.1,19,121,19,0.1897833694511873,,False,0.9077859939103958,,,,,,19,0,53.85460000252351,2.5482999917585403,69.98899999598507,2.432799999951385
DynamicOnly_B10,JILONG_EI_0179,1220,B10,70;101;26;24;56;180;68;94;58;148;199;3;88;99;28;32;217;60;155,0.1,19,121,19,0.1897833694511873,,False,0.9082209656372334,,,,,,19,0,54.77410000457894,2.6466999988770112,70.15769999998156,2.238300003227778
DynamicOnly_B10,JILONG_EI_0179,1230,B10,70;101;26;24;56;94;180;68;58;148;199;99;3;88;28;32;217;60;155,0.1,19,121,19,0.1897833694511873,,False,0.9103958242714224,,,,,,19,0,54.151799995452166,2.5408999936189502,70.93770000210498,2.275399994687177
DynamicOnly_B10,JILONG_EI_0179,1240,B10,70;101;26;24;94;56;180;68;58;148;199;99;3;88;28;32;217;60;178,0.1,19,121,19,0.1937576096361923,,False,0.9099608525445846,,,,,,19,0,54.89659999147989,2.9116000077920035,71.69040000007953,2.2809999936725944
DynamicOnly_B10,JILONG_EI_0179,1250,B10,70;101;94;24;26;56;180;68;58;148;199;99;3;88;178;28;32;217;60,0.1,19,121,19,0.1937576096361923,,False,0.9138755980861246,,,,,,19,0,54.49570000928361,2.608700000564568,70.42429999273736,2.31280000298284
DynamicOnly_B10,JILONG_EI_0179,1260,B10,70;101;24;94;26;56;180;68;58;148;199;99;3;178;88;28;32;217;60,0.1,19,121,19,0.1937576096361923,,False,0.916485428447151,,,,,,19,0,54.154799989191815,3.0981000018073246,70.4808000009507,2.3418000055244192
DynamicOnly_B10,JILONG_EI_0179,1270,B10,70;101;24;94;26;56;180;68;58;148;199;99;3;88;178;28;32;217;60,0.1,19,121,19,0.1937576096361923,,False,0.9143105698129622,,,,,,19,0,54.40729999099858,3.046900004846975,69.78009999147616,2.262000009068288
DynamicOnly_B10,JILONG_EI_0179,1280,B10,70;101;24;94;26;56;180;68;58;148;199;99;3;178;88;28;32;217;203,0.1,19,122,19,0.1858397592483402,,False,0.916307161345988,,,,,,19,0,55.97979998856317,2.7336000057403,71.32519999868236,2.234400002635084
DynamicOnly_B10,JILONG_EI_0179,1290,B10,70;101;24;94;26;56;180;68;58;148;199;99;178;3;88;28;32;217;60,0.1,19,121,19,0.1937576096361923,,False,0.9143105698129622,,,,,,19,0,56.54649999632966,2.649699992616661,71.41830000909977,2.351699993596412
DynamicOnly_B10,JILONG_EI_0179,1300,B10,70;101;24;94;26;56;180;68;148;58;199;178;99;3;32;88;28;217;60,0.1,19,121,19,0.1937576096361923,,False,0.9147455415398,,,,,,19,0,55.0677999999607,2.6585000014165416,73.16430000355467,2.530300000216812
DynamicOnly_B10,JILONG_EI_0179,1310,B10,70;94;101;24;26;56;180;68;148;58;199;178;99;3;32;88;28;217;60,0.1,19,121,19,0.1937576096361923,,False,0.9151805132666376,,,,,,19,0,54.97739999555051,3.368900011992082,70.6108000013046,2.708700005314313
DynamicOnly_B10,JILONG_EI_0179,1320,B10,70;94;101;24;26;56;180;68;148;58;178;199;99;3;32;88;28;217;60,0.1,19,122,19,0.1937576096361923,,False,0.9145815358067296,,,,,,19,0,54.674200000590645,3.053000007639639,70.24590000219177,2.233400009572506
DynamicOnly_B10,JILONG_EI_0179,1330,B10,70;94;101;24;26;56;180;68;148;58;178;199;99;3;32;88;28;217;60,0.1,19,122,19,0.1937576096361923,,False,0.91458153580673,,,,,,19,0,54.79259999992792,2.6606000028550625,69.92670000181533,2.262300011352636
DynamicOnly_B10,JILONG_EI_0179,1340,B10,70;94;24;101;26;56;180;68;148;58;178;199;99;3;32;88;28;217;60,0.1,19,122,19,0.1937576096361923,,False,0.9150129421915444,,,,,,19,0,54.35330000182148,2.562299996498041,70.83770001190715,2.6648999919416383
DynamicOnly_B10,JILONG_EI_0179,1350,B10,70;94;101;24;26;56;180;68;178;148;58;199;99;3;32;88;217;28;60,0.1,19,122,19,0.1937576096361923,,False,0.9137187230371012,,,,,,19,0,55.634300006204285,2.64759999117814,71.18179999815766,2.4916999973356724
DynamicOnly_B10,JILONG_EI_0179,1360,B10,70;94;101;24;26;56;68;180;178;148;58;199;99;3;32;88;28;217;60,0.1,19,122,19,0.1937576096361923,,False,0.91458153580673,,,,,,19,0,55.760100003681146,2.7175999857718125,72.17790000140667,3.152500008582137
DynamicOnly_B10,JILONG_EI_0179,1370,B10,70;94;24;101;26;56;180;68;178;148;58;199;99;3;32;88;28;217;60,0.1,19,122,19,0.1937576096361923,,False,0.91458153580673,,,,,,19,0,55.82419999700505,2.733300003455952,70.46569998783525,2.2987000120338053
DynamicOnly_B10,JILONG_EI_0179,1380,B10,70;94;24;101;26;56;178;180;68;148;58;199;99;3;32;203;28;88;217,0.1,19,123,19,0.1858397592483402,,False,0.920410783055199,,,,,,19,0,53.933200004394166,2.5578000058885664,70.0382999930298,2.2296000097412616
DynamicOnly_B10,JILONG_EI_0179,1390,B10,70;94;24;101;26;56;178;180;68;148;58;199;99;3;32;28;217;88;60,0.1,19,122,19,0.1937576096361923,,False,0.9158757549611732,,,,,,19,0,54.77950000204146,2.6008999993791804,69.79370000772178,2.247000011266209
DynamicOnly_B10,JILONG_EI_0179,1400,B10,70;94;24;101;26;56;178;68;180;148;58;199;99;3;32;28;217;88;60,0.1,19,122,19,0.1937576096361923,,False,0.9154443485763588,,,,,,19,0,54.97330000798684,2.6123999996343628,70.89370000176132,2.6541999977780506
DynamicOnly_B10,JILONG_EI_0179,1410,B10,70;94;24;101;26;56;178;68;180;148;58;199;99;3;32;28;217;88;60,0.1,19,122,19,0.1937576096361923,,False,0.9154443485763588,,,,,,19,0,54.431800002930686,2.744199999142438,70.96879999153316,2.416900009848177
DynamicOnly_B10,JILONG_EI_0179,1420,B10,70;94;24;101;26;56;178;68;180;148;58;199;99;3;32;203;28;217;88,0.1,19,122,19,0.1858397592483402,,False,0.918895599654875,,,,,,19,0,56.8082000099821,2.9722999897785485,70.5757999967318,2.26539999130182
DynamicOnly_B10,JILONG_EI_0179,1430,B10,94;70;24;101;26;56;178;68;180;148;58;199;99;3;32;28;217;88;155,0.1,19,121,19,0.1878613380707705,,False,0.914310569812962,,,,,,19,0,57.429799999226816,3.211799994460307,70.51429999410175,2.3075000062817708
DynamicOnly_B10,JILONG_EI_0179,1440,B10,94;70;24;101;26;56;178;68;180;148;58;199;99;3;32;28;217;88;155,0.1,19,121,19,0.1878613380707705,,False,0.9095258808177468,,,,,,19,0,54.64709999796469,2.5676000077510253,69.86850000976119,2.4046999897109345
DynamicOnly_B10,JILONG_EI_0189,10,B10,78;252;14;44;5;141;202;206;83;112;89;91;32;40;117;46;160;166;192,0.1,19,128,19,0.1087900391298022,,False,0.8922697368421053,,,,,,19,0,54.26910000096541,3.748599992832169,69.77290000941139,2.284900008817204
DynamicOnly_B10,JILONG_EI_0189,20,B10,77;79;141;14;42;46;174;252;44;23;128;231;202;70;89;32;101;206;5,0.1,19,126,19,0.1183465935631092,,False,0.8834586466165415,,,,,,19,0,54.41009999776725,2.6230999937979504,70.11770000099204,2.5928999966708943
DynamicOnly_B10,JILONG_EI_0189,30,B10,77;79;141;44;55;42;99;91;144;13;46;252;166;241;32;88;86;5;119,0.1,19,124,19,0.1257896792275118,,False,0.8370118845500848,,,,,,19,0,54.822499994770624,2.631799987284466,71.36290000926238,2.868399998988025
DynamicOnly_B10,JILONG_EI_0189,40,B10,77;79;44;84;42;106;252;112;55;24;74;46;174;165;120;141;32;50;86,0.1,19,123,19,0.1267085786922529,,False,0.8309798887462558,,,,,,19,0,54.28129999199882,2.620800005388446,71.2550000025658,2.2431999968830496
DynamicOnly_B10,JILONG_EI_0189,50,B10,61;93;79;121;14;28;85;206;141;42;112;19;99;87;55;90;5;50;202,0.1,19,120,19,0.1037896945425029,,False,0.8596491228070177,,,,,,19,0,54.64020000363234,4.3258999940007925,69.87209999351762,2.218300011008978
DynamicOnly_B10,JILONG_EI_0189,60,B10,61;93;79;42;29;141;206;5;91;172;55;32;176;135;251;66;174;117;86,0.1,19,119,19,0.1218920139979018,,False,0.8544891640866874,,,,,,19,0,54.84260000230279,3.425299990340136,72.1283000020776,2.2828999935882166
DynamicOnly_B10,JILONG_EI_0189,70,B10,60;79;93;29;27;141;91;89;56;70;25;252;66;218;33;120;117;174;128,0.1,19,120,19,0.1353921786340559,,False,0.8210526315789475,,,,,,19,0,55.11899999692105,3.3930000063264742,72.38209999923129,3.0208999960450456
DynamicOnly_B10,JILONG_EI_0189,80,B10,44;77;79;46;14;42;141;203;56;32;34;252;172;101;66;135;70;88;165,0.1,19,120,19,0.1408596304492652,,False,0.8210526315789474,,,,,,19,0,55.10229998617433,2.58390000090003,71.58180000260472,3.4549999982118607
DynamicOnly_B10,JILONG_EI_0189,90,B10,28;61;93;79;14;206;26;141;33;252;57;120;66;55;88;192;86;36;90,0.1,19,120,19,0.1334165447848626,,False,0.8109649122807018,,,,,,19,0,55.75800000224263,2.6387999969301745,71.21700000425335,2.703499994822778
DynamicOnly_B10,JILONG_EI_0189,100,B10,28;61;93;42;141;91;10;190;70;252;120;33;14;88;40;176;51;203;5,0.1,19,117,19,0.1111485477559709,,False,0.8083670715249662,,,,,,19,0,55.71889999555424,3.5547000006772578,71.41040000715293,2.444900004775264
DynamicOnly_B10,JILONG_EI_0189,110,B10,28;60;93;26;141;252;206;33;91;40;70;120;172;203;20;117;66;128;229,0.1,19,117,19,0.1331332174499008,,False,0.8142150247413406,,,,,,19,0,55.24339999828953,3.3903000003192574,70.42599999113008,2.307000002474524
DynamicOnly_B10,JILONG_EI_0189,120,B10,28;60;93;26;252;90;55;206;14;33;202;229;88;4;135;141;66;57;121,0.1,19,116,19,0.0909710470093651,,False,0.8176043557168784,,,,,,19,0,54.69750000338536,2.614399985759519,70.83570001123007,3.2980999967549
DynamicOnly_B10,JILONG_EI_0189,130,B10,27;61;93;14;25;251;101;202;55;176;74;229;88;33;141;155;112;106;174,0.1,19,116,19,0.1272599183710975,,False,0.8071687840290382,,,,,,19,0,54.7184000024572,2.680699995835312,70.71159999759402,2.281199995195493
DynamicOnly_B10,JILONG_EI_0189,140,B10,27;61;93;25;202;252;101;14;74;55;176;229;141;34;174;112;104;215;155,0.1,19,115,19,0.1358133408887289,,False,0.8151029748283753,,,,,,19,0,54.51889999676496,2.591900003608316,70.47520000196528,2.2735999955330044
DynamicOnly_B10,JILONG_EI_0189,150,B10,27;61;93;25;252;202;101;29;74;55;106;229;112;211;32;132;170;87;3,0.1,19,115,19,0.1594826596013507,,False,0.8146453089244851,,,,,,19,0,55.04749999090564,2.565400005551055,70.531099991058,2.7661000058287755
DynamicOnly_B10,JILONG_EI_0189,160,B10,26;28;60;93;40;101;235;232;106;3;32;70;14;74;112;203;211;170;229,0.1,19,115,19,0.1500179951145178,,False,0.791304347826087,,,,,,19,0,54.2626999958884,2.650800000992604,70.82730000547599,2.230900005088188
DynamicOnly_B10,JILONG_EI_0189,170,B10,26;28;58;60;93;40;106;232;186;101;235;112;229;4;70;32;211;179;200,0.1,19,116,19,0.159291222212863,,False,0.793557168784029,,,,,,19,0,55.09639999945648,2.653700008522719,70.46099999570288,3.588899999158457
DynamicOnly_B10,JILONG_EI_0189,180,B10,25;27;58;45;77;56;106;232;229;101;186;70;50;218;112;179;132;103;99,0.1,19,116,19,0.1711450253080227,,False,0.793103448275862,,,,,,19,0,53.98050000076182,2.672200003871694,70.84790000226349,2.300399995874613
DynamicOnly_B10,JILONG_EI_0189,190,B10,25;27;45;78;58;56;101;89;233;70;202;229;99;91;251;179;103;3;51,0.1,19,117,19,0.1711756552901808,,False,0.7822762033288349,,,,,,19,0,54.61669999931473,2.632399991853162,70.73819999641273,2.257500003906898
DynamicOnly_B10,JILONG_EI_0189,200,B10,25;27;60;94;56;89;101;58;29;186;99;232;229;251;50;87;91;200;36,0.1,19,118,19,0.1283855702154053,,False,0.798394290811775,,,,,,19,0,55.59969999012537,2.650599999469705,72.35089999448974,2.4744999973336235
DynamicOnly_B10,JILONG_EI_0189,210,B10,24;26;28;56;60;94;101;58;88;99;106;216;50;186;70;135;36;251;229,0.1,19,120,19,0.1515035492491825,,False,0.8013157894736842,,,,,,19,0,53.938400000333786,2.599600004032254,69.93579999834765,2.232200000435114
DynamicOnly_B10,JILONG_EI_0189,220,B10,24;26;56;28;60;94;88;101;58;233;251;50;70;186;106;99;36;112;155,0.1,19,120,19,0.1467635595102266,,False,0.7978070175438596,,,,,,19,0,54.63759999838658,2.570099997683428,69.72539999696892,2.337400001124479
DynamicOnly_B10,JILONG_EI_0189,230,B10,40;26;45;101;94;88;58;251;186;233;70;91;112;36;172;99;160;135;215,0.1,19,119,19,0.1386159842561891,,False,0.7797434763379035,,,,,,19,0,54.30859999614768,3.0491999932564795,70.33130001218524,2.2767000045860186
DynamicOnly_B10,JILONG_EI_0189,240,B10,40;26;45;94;101;88;58;251;70;233;135;51;172;99;112;219;209;106;3,0.1,19,120,19,0.1352007412455682,,False,0.7745614035087719,,,,,,19,0,54.38649999268819,2.632399991853162,69.9942000064766,2.4403999996138737
DynamicOnly_B10,JILONG_EI_0189,250,B10,55;41;27;23;45;94;101;88;251;99;135;51;233;219;172;91;128;133;209,0.1,19,119,19,0.1439915461249243,,False,0.7770897832817337,,,,,,19,0,55.28050000430085,3.477999998722225,72.05669999530073,3.3300000068265945
DynamicOnly_B10,JILONG_EI_0189,260,B10,55;26;24;45;101;94;58;88;251;99;135;233;36;128;66;133;91;219;3,0.1,19,119,19,0.1373831274743282,,False,0.7753206545776204,,,,,,19,0,54.60120001225732,3.029699990293011,69.83010000840295,2.994299997226335
DynamicOnly_B10,JILONG_EI_0189,270,B10,55;26;24;45;101;77;58;88;252;135;99;206;232;66;36;133;128;91;32,0.1,19,119,19,0.1431262491289598,,False,0.7722246793454224,,,,,,19,0,54.932600003667176,2.5636000063968822,70.07390000217129,2.253700004075654
DynamicOnly_B10,JILONG_EI_0189,280,B10,26;55;24;101;77;45;58;88;252;133;66;99;36;135;233;32;112;91;144,0.1,19,118,19,0.145446470277431,,False,0.7644959857270295,,,,,,19,0,54.36850000114646,2.5747999898158014,69.95669999741949,2.2517000033985823
DynamicOnly_B10,JILONG_EI_0189,290,B10,26;55;24;101;77;45;58;88;133;252;135;66;36;99;112;144;32;90;233,0.1,19,119,19,0.1437618212587391,,False,0.7660327288810261,,,,,,19,0,54.40199999429751,3.255700008594431,71.84059999417514,3.0404999997699638
DynamicOnly_B10,JILONG_EI_0189,300,B10,26;40;71;77;101;45;58;133;135;252;36;89;66;144;32;99;112;91;232,0.1,19,119,19,0.1568025361625226,,False,0.7664750110570544,,,,,,19,0,55.17979999422096,2.6182000001426786,71.86019999790005,2.303099987329915
DynamicOnly_B10,JILONG_EI_0189,310,B10,26;40;71;101;77;45;58;133;135;36;90;252;66;32;112;144;99;217;240,0.1,19,119,19,0.1749048556179216,,False,0.7700132684652808,,,,,,19,0,55.94259999634232,2.678600008948706,71.84660001075827,2.2813000105088577
DynamicOnly_B10,JILONG_EI_0189,320,B10,40;26;70;94;101;60;28;58;133;72;36;240;135;90;32;217;66;252;144,0.1,19,119,19,0.183098375845196,,False,0.7943387881468376,,,,,,19,0,55.689900007564574,2.6251999952364717,70.42050000745803,2.2195000055944547
DynamicOnly_B10,JILONG_EI_0189,330,B10,40;26;70;101;77;45;58;133;206;72;135;36;90;240;217;66;32;144;180,0.1,19,120,19,0.1889180724552228,,False,0.7859649122807018,,,,,,19,0,54.89899999520276,2.6548999885562807,71.85580000805203,3.0692000000271946
DynamicOnly_B10,JILONG_EI_0189,340,B10,40;26;70;101;77;45;58;133;190;72;135;240;217;66;90;36;32;180;176,0.1,19,120,19,0.1880451179637187,,False,0.7894736842105263,,,,,,19,0,55.25650001072791,2.588500006822869,71.40299999446142,2.2886000078869984
DynamicOnly_B10,JILONG_EI_0189,350,B10,40;26;70;101;77;45;58;133;72;240;217;66;90;180;176;32;135;36;206,0.1,19,120,19,0.1867586587130813,,False,0.7864035087719299,,,,,,19,0,56.04520000633784,2.8599000070244074,71.41079999564681,2.8153000021120533
DynamicOnly_B10,JILONG_EI_0189,360,B10,40;26;70;101;77;45;133;58;72;180;240;218;90;66;32;176;135;36;99,0.1,19,119,19,0.1879762005038632,,False,0.7823971693940733,,,,,,19,0,55.53490000602324,2.658599987626076,72.74299999698997,2.973399998154491
DynamicOnly_B10,JILONG_EI_0189,370,B10,40;26;70;101;60;94;28;72;133;58;180;218;240;90;66;32;176;135;99,0.1,19,120,19,0.1936580621941787,,False,0.8039473684210525,,,,,,19,0,55.1530999946408,2.6913000037893653,70.60239999555051,3.129399992758408
DynamicOnly_B10,JILONG_EI_0189,380,B10,40;26;70;101;60;94;28;72;133;58;180;218;240;90;66;32;135;176;99,0.1,19,120,19,0.1936580621941787,,False,0.8043859649122808,,,,,,19,0,54.66630001319572,2.7603999915299937,70.25249999423977,2.9202000005170703
DynamicOnly_B10,JILONG_EI_0189,390,B10,40;26;70;101;60;94;72;28;133;58;180;218;240;90;66;176;32;135;172,0.1,19,119,19,0.1937346371495738,,False,0.8146837682441397,,,,,,19,0,54.94419999013189,2.731499989749864,70.03729999996722,2.4290000001201406
DynamicOnly_B10,JILONG_EI_0189,400,B10,40;70;26;60;101;72;28;94;180;133;58;190;218;240;90;66;176;32;172,0.1,19,120,19,0.1930071750733205,,False,0.8245614035087719,,,,,,19,0,55.20800000522286,2.6466999988770112,70.15369999862742,2.413499998510815
DynamicOnly_B10,JILONG_EI_0189,410,B10,40;70;26;72;101;60;28;78;180;133;58;218;240;66;176;32;90;135;172,0.1,19,119,19,0.2047461157353876,,False,0.8213180008845642,,,,,,19,0,55.36349999601953,2.7266999968560413,70.36489999154583,3.0900999990990385
DynamicOnly_B10,JILONG_EI_0189,420,B10,70;56;26;101;60;28;78;24;180;133;58;218;240;90;66;32;252;176;135,0.1,19,119,19,0.2061857248968152,,False,0.8191065900044228,,,,,,19,0,55.0336000014795,2.8442999901017174,70.8366000035312,2.390099994954653
DynamicOnly_B10,JILONG_EI_0189,430,B10,56;70;26;101;60;28;24;78;180;133;58;218;66;240;252;90;32;135;176,0.1,19,119,19,0.2061857248968152,,False,0.8244139761167625,,,,,,19,0,54.61289999948349,2.6473000034457077,69.84029999875929,2.375200012465939
DynamicOnly_B10,JILONG_EI_0189,440,B10,56;70;26;93;101;60;28;24;180;133;58;66;218;252;240;32;135;99;90,0.1,19,120,19,0.1860388541323674,,False,0.8250000000000001,,,,,,19,0,54.0610000025481,2.7639000036288053,69.76589999976568,2.371599999605678
DynamicOnly_B10,JILONG_EI_0189,450,B10,56;70;26;101;61;24;28;180;133;58;66;94;218;252;190;240;32;172;135,0.1,19,120,19,0.2113928218636812,,False,0.8276315789473684,,,,,,19,0,54.86629999359138,3.5465000109979883,72.43030000245199,3.10180000087712
DynamicOnly_B10,JILONG_EI_0189,460,B10,56;70;26;101;60;24;28;180;133;78;66;58;252;218;32;240;172;99;135,0.1,19,119,19,0.2089271082999594,,False,0.8345864661654134,,,,,,19,0,56.67930000345223,3.363400013768114,73.34479999553878,3.1482000049436465
DynamicOnly_B10,JILONG_EI_0189,470,B10,56;70;26;101;60;24;28;180;78;133;66;58;252;218;240;32;99;172;135,0.1,19,120,19,0.2089271082999594,,False,0.8416666666666666,,,,,,19,0,55.16210000496358,2.677699987543747,71.32519999868236,2.523800008930266
DynamicOnly_B10,JILONG_EI_0189,480,B10,56;70;26;101;60;24;28;180;133;78;66;58;252;218;32;99;135;240;172,0.1,19,120,19,0.2089271082999594,,False,0.8434210526315788,,,,,,19,0,55.55000000458677,2.6227999915136024,72.67970000975765,3.6155999987386167
DynamicOnly_B10,JILONG_EI_0189,490,B10,56;70;26;101;60;24;28;180;66;133;78;58;252;218;99;32;135;172;240,0.1,19,120,19,0.2089271082999594,,False,0.8464912280701754,,,,,,19,0,55.310700001427904,2.564499998698011,70.2822000021115,2.588499992270954
DynamicOnly_B10,JILONG_EI_0189,500,B10,56;70;26;101;60;24;180;28;93;66;133;58;252;190;218;99;32;135;172,0.1,19,123,19,0.1688401191506306,,False,0.8485237483953788,,,,,,19,0,54.81229998986237,2.7655000012600794,71.92069999291562,2.978599994094111
DynamicOnly_B10,JILONG_EI_0189,510,B10,56;70;26;93;101;60;24;180;28;66;133;58;252;190;218;99;32;135;172,0.1,19,123,19,0.1688401191506306,,False,0.8510911424903723,,,,,,19,0,54.11939999612514,2.549099997850135,71.7579000047408,3.06980000459589
DynamicOnly_B10,JILONG_EI_0189,520,B10,56;70;26;93;101;60;24;180;28;66;133;58;252;218;99;32;135;172;210,0.1,19,122,19,0.1901968742103207,,False,0.8468507333908541,,,,,,19,0,54.82299999857787,2.6037999923573807,70.60459999775048,2.849399999831803
DynamicOnly_B10,JILONG_EI_0189,530,B10,56;70;26;93;101;60;180;24;28;66;133;58;252;218;99;135;32;210;172,0.1,19,122,19,0.1901968742103207,,False,0.8524590163934427,,,,,,19,0,55.00890000257641,3.324999997857958,71.32789999013767,3.064599994104356
DynamicOnly_B10,JILONG_EI_0189,540,B10,56;70;26;93;101;60;180;24;28;66;133;58;252;218;99;135;32;210;172,0.1,19,122,19,0.1901968742103207,,False,0.8503019844693701,,,,,,19,0,56.40439999115188,2.777000001515262,71.71059999382123,2.469700004439801
DynamicOnly_B10,JILONG_EI_0189,550,B10,56;70;26;93;101;180;60;24;28;66;133;58;252;218;99;135;32;210;172,0.1,19,123,19,0.1901968742103207,,False,0.8532306375695338,,,,,,19,0,55.29509999905713,3.502000006847084,70.84309999481775,2.41210000240244
DynamicOnly_B10,JILONG_EI_0189,560,B10,56;70;26;101;93;180;60;24;28;66;133;58;252;218;99;135;32;210;172,0.1,19,123,19,0.1901968742103207,,False,0.8557980316645273,,,,,,19,0,54.72919999738224,2.700800003367476,70.47179999062791,2.422999998088926
DynamicOnly_B10,JILONG_EI_0189,570,B10,56;70;26;101;180;93;60;24;28;66;133;58;252;218;99;135;32;210;172,0.1,19,124,19,0.1901968742103207,,False,0.8569609507640067,,,,,,19,0,55.41260000609327,2.7847000019392,71.53570000082254,3.020299991476349
DynamicOnly_B10,JILONG_EI_0189,580,B10,56;70;101;26;180;60;93;24;28;66;133;58;99;252;218;135;32;210;172,0.1,19,124,19,0.1901968742103207,,False,0.8595076400679116,,,,,,19,0,54.86009999003727,3.329300001496449,72.33029999770224,2.9794000001857057
DynamicOnly_B10,JILONG_EI_0189,590,B10,56;70;101;180;26;60;93;24;28;66;133;58;99;252;218;135;32;210;172,0.1,19,124,19,0.1901968742103207,,False,0.861629881154499,,,,,,19,0,57.575899991206825,3.408099990338087,70.7542000018293,3.0082999874139205
DynamicOnly_B10,JILONG_EI_0189,600,B10,56;70;180;101;26;61;24;93;66;28;133;58;99;190;218;252;135;210;32,0.1,19,125,19,0.2035974914044612,,False,0.8606315789473684,,,,,,19,0,56.65680000674911,2.6199000130873173,71.79239999095444,3.2039000070653856
DynamicOnly_B10,JILONG_EI_0189,610,B10,70;56;180;101;26;60;24;93;66;28;133;58;99;252;218;135;32;210;3,0.1,19,124,19,0.18958427456716,,False,0.8616298811544991,,,,,,19,0,54.47339999955148,2.9439000063575804,70.85860001097899,2.613699994981289
DynamicOnly_B10,JILONG_EI_0189,620,B10,70;56;180;101;26;24;60;93;66;28;133;190;58;99;218;135;3;32;210,0.1,19,124,19,0.1910774861973642,,False,0.8662988115449913,,,,,,19,0,55.359599995426834,2.793399995425716,70.90779999271035,2.5313000078313053
DynamicOnly_B10,JILONG_EI_0189,630,B10,70;56;180;101;26;24;60;93;66;28;133;58;99;218;135;3;32;210;199,0.1,19,123,19,0.1903423666255714,,False,0.8609328198545144,,,,,,19,0,54.29559999902267,3.376099994056858,69.69270000990946,2.237700013210997
DynamicOnly_B10,JILONG_EI_0189,640,B10,70;56;180;101;26;24;60;93;66;133;28;190;58;99;218;135;3;32;210,0.1,19,124,19,0.1910774861973642,,False,0.8705432937181663,,,,,,19,0,54.32280000241008,2.5849999947240576,70.24799998907838,2.2668999881716445
DynamicOnly_B10,JILONG_EI_0189,650,B10,70;56;180;101;26;24;60;93;66;28;133;58;99;218;3;135;210;32;199,0.1,19,123,19,0.1903423666255714,,False,0.8656397090286692,,,,,,19,0,56.142999994335696,2.90550000499934,70.31910000659991,2.6744000060716644
DynamicOnly_B10,JILONG_EI_0189,660,B10,70;56;180;101;26;24;60;93;66;28;133;58;99;218;3;135;199;32;5,0.1,19,123,19,0.1680743695966797,,False,0.866923406076166,,,,,,19,0,56.16639999789186,2.636799996253103,71.80249999510124,3.329500003019348
DynamicOnly_B10,JILONG_EI_0189,670,B10,70;56;180;101;26;24;60;93;66;133;28;58;99;218;3;135;199;5;32,0.1,19,123,19,0.1680743695966797,,False,0.8686350021394951,,,,,,19,0,54.58369999541901,2.59280001046136,71.03189999179449,2.2446000075433403
DynamicOnly_B10,JILONG_EI_0189,680,B10,70;56;180;101;26;24;61;93;66;133;28;58;99;3;218;135;199;32;210,0.1,19,123,19,0.2036357788821588,,False,0.8699186991869918,,,,,,19,0,54.35310000029858,2.72100001166109,70.31950000964571,2.2557000047527254
DynamicOnly_B10,JILONG_EI_0189,690,B10,70;56;180;101;26;24;60;93;66;133;28;99;58;3;218;199;135;32;210,0.1,19,123,19,0.1903423666255714,,False,0.871630295250321,,,,,,19,0,54.511200010892935,3.1288000027416274,69.98380000004545,2.2360000002663583
DynamicOnly_B10,JILONG_EI_0189,700,B10,70;56;180;101;26;24;60;93;66;133;28;99;58;3;218;199;135;190;32,0.1,19,124,19,0.1689856115658812,,False,0.8760611205432939,,,,,,19,0,54.59980000159703,2.5701999984448776,70.72280001011677,2.3649000067962334
DynamicOnly_B10,JILONG_EI_0189,710,B10,70;56;180;101;26;24;60;93;66;133;28;99;58;3;218;199;135;32;147,0.1,19,123,19,0.1677450972884808,,False,0.8720581942661533,,,,,,19,0,56.90120000508614,3.6921999999322,70.93620000523515,3.015199996298179
DynamicOnly_B10,JILONG_EI_0189,720,B10,70;56;180;101;26;24;60;93;66;133;28;99;58;3;199;218;135;32;147,0.1,19,123,19,0.1677450972884808,,False,0.876337184424476,,,,,,19,0,55.33950000244658,2.782299998216331,72.05850000900682,2.394900002400391
DynamicOnly_B10,JILONG_EI_0189,730,B10,70;56;180;101;26;24;60;93;66;133;28;99;58;190;3;199;218;135;147,0.1,19,124,19,0.168786516681854,,False,0.8837011884550087,,,,,,19,0,54.80269998952281,2.674300005310215,70.99829999788199,2.242999995360151
DynamicOnly_B10,JILONG_EI_0189,740,B10,70;56;180;101;26;24;61;93;66;133;28;99;58;3;199;218;135;147;32,0.1,19,123,19,0.1810385095450682,,False,0.8789045785194695,,,,,,19,0,55.45440000423696,2.7280999929644167,70.56839999859221,2.2948999976506457
DynamicOnly_B10,JILONG_EI_0189,750,B10,70;56;180;101;26;24;60;93;66;133;28;99;58;3;199;218;147;135;32,0.1,19,123,19,0.1677450972884808,,False,0.8831835686777921,,,,,,19,0,57.10279999766499,2.61359999421984,70.49899999401532,2.340100007131696
DynamicOnly_B10,JILONG_EI_0189,760,B10,70;56;180;101;26;24;93;60;66;133;28;99;58;3;199;218;147;135;32,0.1,19,123,19,0.1677450972884808,,False,0.8806161745827986,,,,,,19,0,54.98780000198167,2.638999998453073,70.59160000062548,2.223900009994395
DynamicOnly_B10,JILONG_EI_0189,770,B10,70;56;180;101;26;24;93;60;66;133;28;99;58;3;199;218;147;135;32,0.1,19,123,19,0.1677450972884808,,False,0.8853230637569534,,,,,,19,0,54.34080000850372,2.9974999924888834,71.79389998782426,2.239599998574704
DynamicOnly_B10,JILONG_EI_0189,780,B10,70;56;180;101;26;24;93;60;66;133;28;99;58;3;199;218;147;135;5,0.1,19,123,19,0.1678752747126524,,False,0.8861788617886178,,,,,,19,0,55.04590000782628,2.8359999996609986,71.3427999871783,2.302699998836033
DynamicOnly_B10,JILONG_EI_0189,790,B10,70;56;101;180;26;24;93;60;66;133;99;28;58;3;199;218;147;135;32,0.1,19,123,19,0.1677450972884808,,False,0.887890457851947,,,,,,19,0,54.26239999360405,2.598299994133413,70.27929999458138,2.1927000052528456
DynamicOnly_B10,JILONG_EI_0189,800,B10,70;56;101;180;26;24;93;66;60;133;99;28;58;3;199;218;147;135;5,0.1,19,123,19,0.1678752747126524,,False,0.8891741548994437,,,,,,19,0,54.81409998901654,3.2586000015726317,71.04930000787135,2.265099989017472
DynamicOnly_B10,JILONG_EI_0189,810,B10,70;56;101;26;180;24;93;66;60;133;99;28;190;58;3;199;147;218;5,0.1,19,124,19,0.1671478126363991,,False,0.8955857385398981,,,,,,19,0,54.59379999956582,3.260299999965355,70.63649999327026,2.2314000088954344
DynamicOnly_B10,JILONG_EI_0189,820,B10,70;56;101;180;26;24;93;66;60;133;99;28;58;3;199;147;5;218;32,0.1,19,123,19,0.1661063932430259,,False,0.8917415489944372,,,,,,19,0,54.78400000720285,2.592300006654113,71.88390000374056,3.571000008378178
DynamicOnly_B10,JILONG_EI_0189,830,B10,70;56;101;180;26;24;93;66;60;133;99;28;58;190;3;199;147;218;32,0.1,19,124,19,0.1670176352122274,,False,0.8972835314091681,,,,,,19,0,54.67519999365322,2.600199994049035,71.46659999853,2.3821000067982823
DynamicOnly_B10,JILONG_EI_0189,840,B10,70;56;101;180;26;24;93;66;60;133;99;28;58;3;199;147;218;5;32,0.1,19,123,19,0.1661063932430259,,False,0.8917415489944372,,,,,,19,0,55.25409999245312,3.671099999337457,70.06849999015685,2.188900005421601
DynamicOnly_B10,JILONG_EI_0189,850,B10,70;56;101;180;26;24;93;66;60;133;99;28;58;3;199;218;147;32;135,0.1,19,123,19,0.1677450972884808,,False,0.8925973470261017,,,,,,19,0,54.28490000485908,2.643600004375912,70.00380000681616,2.2333000088110566
DynamicOnly_B10,JILONG_EI_0189,860,B10,70;56;101;180;26;24;93;66;60;133;99;28;58;199;3;218;147;32;135,0.1,19,123,19,0.1677450972884808,,False,0.893025246041934,,,,,,19,0,54.868299994268455,2.6034000038634986,71.0051000060048,2.180299998144619
DynamicOnly_B10,JILONG_EI_0189,870,B10,70;56;101;180;26;24;93;66;60;133;99;28;58;199;3;218;147;32;135,0.1,19,124,19,0.1677450972884808,,False,0.8951612903225806,,,,,,19,0,54.817999989609234,2.607200003694743,70.04140000208281,2.314999990630895
DynamicOnly_B10,JILONG_EI_0189,880,B10,70;56;101;180;26;24;93;66;60;133;99;28;58;199;3;218;147;32;135,0.1,19,124,19,0.1677450972884808,,False,0.8947368421052632,,,,,,19,0,54.53069999930449,2.647299988893792,69.90000000223517,2.2745000023860484
DynamicOnly_B10,JILONG_EI_0189,890,B10,70;56;101;26;180;24;93;66;60;133;99;28;58;199;3;218;147;32;135,0.1,19,124,19,0.1677450972884808,,False,0.8938879456706282,,,,,,19,0,56.084700001520105,2.84319999627769,70.82660000014585,2.2581000084755942
DynamicOnly_B10,JILONG_EI_0189,900,B10,70;56;101;26;180;24;93;66;60;99;133;28;199;58;3;218;147;32;135,0.1,19,124,19,0.1677450972884808,,False,0.8934634974533108,,,,,,19,0,54.74850001337472,3.0817000078968704,69.94699999631848,2.2266000014496967
DynamicOnly_B10,JILONG_EI_0189,910,B10,70;56;101;26;180;24;93;66;60;99;133;28;199;58;3;218;147;32;5,0.1,19,124,19,0.1661063932430259,,False,0.896434634974533,,,,,,19,0,56.02790000557434,3.837999989627861,70.53270000324119,2.5446000072406605
DynamicOnly_B10,JILONG_EI_0189,920,B10,70;56;101;26;180;24;93;66;60;99;133;28;199;58;3;147;218;32;5,0.1,19,124,19,0.1661063932430259,,False,0.8977079796264855,,,,,,19,0,55.157800001325086,3.352999992785044,69.85509999503847,2.2736999962944537
DynamicOnly_B10,JILONG_EI_0189,930,B10,70;56;101;26;24;180;93;66;60;99;133;28;199;58;3;218;147;32;190,0.1,19,124,19,0.1670176352122274,,False,0.8994057724957554,,,,,,19,0,54.501500009791926,2.547199997934513,69.75890000467189,2.439000003505498
DynamicOnly_B10,JILONG_EI_0189,940,B10,70;56;101;26;24;180;93;66;60;99;133;199;28;58;3;218;147;32;135,0.1,19,123,19,0.1677450972884808,,False,0.8943089430894309,,,,,,19,0,54.43659999582451,2.923499996541068,70.39709998934995,2.678399992873892
DynamicOnly_B10,JILONG_EI_0189,950,B10,70;56;101;26;24;180;93;66;60;99;133;199;28;58;3;147;218;32;5,0.1,19,123,19,0.1661063932430259,,False,0.8973042362002567,,,,,,19,0,55.286000002524815,2.691500005312264,71.11769999028184,2.391000001807697
DynamicOnly_B10,JILONG_EI_0189,960,B10,70;56;101;26;24;180;93;66;99;133;60;199;28;3;58;147;32;218;5,0.1,19,123,19,0.1661063932430259,,False,0.8990158322635858,,,,,,19,0,55.05980001180433,3.5131999902660027,70.71020000148565,2.353199990466237
DynamicOnly_B10,JILONG_EI_0189,970,B10,70;56;101;26;24;180;93;66;99;133;60;199;28;58;3;218;32;147;5,0.1,19,123,19,0.1661063932430259,,False,0.9002995293110826,,,,,,19,0,54.21009998826776,3.008600004250184,70.07099999464117,2.2409999946830794
DynamicOnly_B10,JILONG_EI_0189,980,B10,70;56;101;26;24;180;93;66;99;133;60;199;28;58;3;32;147;218;5,0.1,19,123,19,0.1661063932430259,,False,0.8998716302952503,,,,,,19,0,54.71790001320187,2.6230999937979504,69.94549999944866,2.218399997218512
DynamicOnly_B10,JILONG_EI_0189,990,B10,70;56;101;26;24;180;93;66;99;133;60;199;58;3;28;190;218;32;147,0.1,19,124,19,0.1670176352122274,,False,0.9061969439728352,,,,,,19,0,55.08850001206156,2.635600001667626,70.5086000089068,2.366399989114143
DynamicOnly_B10,JILONG_EI_0189,1000,B10,70;56;101;26;24;180;93;66;99;133;60;199;28;3;58;218;32;147;5,0.1,19,123,19,0.1661063932430259,,False,0.8990158322635858,,,,,,19,0,56.13780001294799,2.641599989146925,70.33220000448637,2.296200007549487
DynamicOnly_B10,JILONG_EI_0189,1010,B10,70;56;101;26;24;180;93;66;99;133;60;199;3;28;58;218;32;147;5,0.1,19,123,19,0.1661063932430259,,False,0.9020111253744116,,,,,,19,0,55.904200009536,2.738199997111224,71.61139999516308,2.35870000324212
DynamicOnly_B10,JILONG_EI_0189,1020,B10,70;56;101;26;24;180;93;66;99;133;60;3;199;28;58;5;32;147;218,0.1,19,123,19,0.1661063932430259,,False,0.902439024390244,,,,,,19,0,55.02109999360982,3.1893999985186383,71.24590000603348,2.471800005878322
DynamicOnly_B10,JILONG_EI_0189,1030,B10,70;56;101;26;24;180;93;66;133;99;60;3;199;58;28;5;32;218;147,0.1,19,123,19,0.1661063932430259,,False,0.9028669234060762,,,,,,19,0,55.43779999425169,2.6332999987062067,71.90340000670403,3.758100006962195
DynamicOnly_B10,JILONG_EI_0189,1040,B10,70;56;101;26;24;180;93;66;133;99;60;3;199;58;28;5;218;32;147,0.1,19,123,19,0.1661063932430259,,False,0.9041506204535732,,,,,,19,0,55.048900001565926,2.575200007413514,70.6905000115512,2.3376000026473776
DynamicOnly_B10,JILONG_EI_0189,1050,B10,70;56;101;26;24;180;93;66;133;99;3;60;199;58;28;5;190;218;32,0.1,19,124,19,0.1673469075204263,,False,0.9061969439728352,,,,,,19,0,54.76050000288524,3.0350000015459955,71.64490000286605,2.3062999971443787
DynamicOnly_B10,JILONG_EI_0189,1060,B10,70;56;101;26;24;180;93;66;133;99;60;3;199;28;58;5;190;32;218,0.1,19,124,19,0.1673469075204263,,False,0.9095925297113752,,,,,,19,0,56.93109999992885,2.66909999481868,71.0006000008434,2.4910000065574422
DynamicOnly_B10,JILONG_EI_0189,1070,B10,70;56;101;26;24;180;93;66;133;5;99;3;60;199;58;28;32;218;147,0.1,19,123,19,0.1661063932430259,,False,0.9062901155327342,,,,,,19,0,55.23690000700299,2.661099992110394,70.93479999457486,2.420200005872175
DynamicOnly_B10,JILONG_EI_0189,1080,B10,70;26;56;101;24;180;93;66;5;133;99;3;60;199;58;28;32;147;218,0.1,19,123,19,0.1661063932430259,,False,0.9067180145485668,,,,,,19,0,54.94110001018271,3.3660000044619665,70.41649999155197,2.2601000091526657
DynamicOnly_B10,JILONG_EI_0189,1090,B10,70;56;101;26;24;93;180;5;66;133;99;3;199;60;58;28;32;218;147,0.1,19,123,19,0.1661063932430259,,False,0.9067180145485664,,,,,,19,0,54.25489999470301,2.600400010123849,69.69849999586586,2.246300005936064
DynamicOnly_B10,JILONG_EI_0189,1100,B10,70;56;101;26;24;180;93;5;66;133;99;3;199;60;58;28;32;147;218,0.1,19,123,19,0.1661063932430259,,False,0.905862216516902,,,,,,19,0,55.40729999484029,3.351100007421337,70.04219999362249,2.39730000612326
DynamicOnly_B10,JILONG_EI_0189,1110,B10,70;56;101;26;24;180;93;5;66;133;3;99;199;58;60;28;32;218;147,0.1,19,124,19,0.1661063932430259,,False,0.9061969439728352,,,,,,19,0,54.66030001116451,3.370200007339008,72.23030000750441,2.2896000009495765
DynamicOnly_B10,JILONG_EI_0189,1120,B10,70;56;101;26;24;180;93;5;66;133;3;199;99;60;58;28;32;218;147,0.1,19,125,19,0.1661063932430259,,False,0.9073684210526316,,,,,,19,0,54.59559999871999,2.613699994981289,70.12789999134839,2.235899999504909
DynamicOnly_B10,JILONG_EI_0189,1130,B10,70;56;101;26;24;93;180;5;66;133;3;199;99;60;28;58;32;218;147,0.1,19,125,19,0.1661063932430259,,False,0.9082105263157892,,,,,,19,0,54.77139999857173,2.8310999914538115,71.74590000067838,3.138400003081188
DynamicOnly_B10,JILONG_EI_0189,1140,B10,70;56;101;26;24;93;180;5;66;133;3;199;60;99;58;28;32;218;147,0.1,19,125,19,0.1661063932430259,,False,0.9086315789473683,,,,,,19,0,55.15909999667201,2.626599991344847,70.28569999965839,2.2108999983174726
DynamicOnly_B10,JILONG_EI_0189,1150,B10,70;56;101;26;24;93;180;5;66;133;3;199;58;60;99;28;32;218;147,0.1,19,125,19,0.1661063932430259,,False,0.9082105263157896,,,,,,19,0,54.51109999557957,2.59129999903962,70.17130000167526,2.212899998994544
DynamicOnly_B10,JILONG_EI_0189,1160,B10,70;56;101;24;26;93;180;5;66;133;3;199;60;58;99;28;32;147;218,0.1,19,125,19,0.1661063932430259,,False,0.9077894736842106,,,,,,19,0,55.1984000048833,2.564800000982359,69.97680000495166,2.2763999877497554
DynamicOnly_B10,JILONG_EI_0189,1170,B10,70;56;101;24;26;93;180;5;66;133;3;58;199;60;99;28;32;218;147,0.1,19,125,19,0.1661063932430259,,False,0.9073684210526316,,,,,,19,0,55.50519999815151,4.139099997701123,72.39290000870824,3.1543999939458445
DynamicOnly_B10,JILONG_EI_0189,1180,B10,70;56;101;24;26;93;180;5;66;133;3;199;58;60;28;99;32;218;147,0.1,19,125,19,0.1661063932430259,,False,0.9077894736842106,,,,,,19,0,55.24729999888223,3.958699991926551,70.02999998803716,2.2473999997600917
DynamicOnly_B10,JILONG_EI_0189,1190,B10,70;56;101;24;26;93;180;5;66;3;133;199;60;58;28;99;32;218;147,0.1,19,125,19,0.1661063932430259,,False,0.9069473684210526,,,,,,19,0,54.8012000072049,2.8368999919621274,70.23579999804497,2.233700011856854
DynamicOnly_B10,JILONG_EI_0189,1200,B10,70;56;101;24;26;93;180;5;66;3;133;58;199;60;28;99;32;203;147,0.1,19,125,19,0.1661063932430259,,False,0.9077894736842104,,,,,,19,0,54.5875999960117,2.748799990513362,69.71109998994507,2.251899990369566
DynamicOnly_B10,JILONG_EI_0189,1210,B10,70;56;101;24;26;93;180;5;3;66;133;58;199;60;28;99;32;147;218,0.1,19,125,19,0.1661063932430259,,False,0.9073684210526316,,,,,,19,0,54.08830000669696,2.8174999897601083,70.20139999804087,2.268399999593385
DynamicOnly_B10,JILONG_EI_0189,1220,B10,70;56;101;24;26;93;180;5;3;66;133;58;60;199;28;99;32;218;147,0.1,19,125,19,0.1661063932430259,,False,0.9077894736842104,,,,,,19,0,54.9377999996068,2.6710000092862174,70.17520000226796,2.231599995866418
DynamicOnly_B10,JILONG_EI_0189,1230,B10,70;56;24;101;26;93;180;5;3;66;133;58;60;199;28;99;32;218;147,0.1,19,125,19,0.1661063932430259,,False,0.9082105263157896,,,,,,19,0,55.534800005261786,3.473200005828403,70.60099999944214,3.041599993593991
DynamicOnly_B10,JILONG_EI_0189,1240,B10,70;26;56;24;101;93;180;5;3;66;133;58;60;199;28;99;32;218;147,0.1,19,125,19,0.1661063932430259,,False,0.9082105263157896,,,,,,19,0,55.75640000461135,3.5060999944107607,71.09910000872333,2.289500000188127
DynamicOnly_B10,JILONG_EI_0189,1250,B10,70;56;24;101;26;93;180;5;3;133;66;60;199;58;28;99;32;203;147,0.1,19,125,19,0.1661063932430259,,False,0.9073684210526316,,,,,,19,0,54.46660000598058,2.844400005415082,69.9346999899717,2.2388999932445586
DynamicOnly_B10,JILONG_EI_0189,1260,B10,70;56;24;101;26;93;180;3;5;133;66;60;58;199;28;99;32;203;147,0.1,19,125,19,0.1661063932430259,,False,0.9065263157894736,,,,,,19,0,54.4577999971807,3.788199988775887,70.15369999862742,2.298999999766238
DynamicOnly_B10,JILONG_EI_0189,1270,B10,70;56;24;101;26;93;180;3;5;133;66;60;58;199;28;99;32;203;34,0.1,19,125,19,0.1667419653728051,,False,0.905263157894737,,,,,,19,0,55.31009999685921,2.7246999961789697,70.33260000753216,2.262000009068288
DynamicOnly_B10,JILONG_EI_0189,1280,B10,70;24;56;101;26;93;180;3;5;133;66;58;60;199;28;32;99;34;147,0.1,19,124,19,0.1661063932430259,,False,0.9036502546689306,,,,,,19,0,54.5121999894036,2.5719999975990504,70.70709999243263,2.280200002132915
DynamicOnly_B10,JILONG_EI_0189,1290,B10,70;24;56;101;26;93;180;5;3;133;66;60;58;199;28;32;99;34;147,0.1,19,124,19,0.1661063932430259,,False,0.904074702886248,,,,,,19,0,55.603000000701286,2.621699997689575,72.23839999642223,3.1540000054519624
DynamicOnly_B10,JILONG_EI_0189,1300,B10,70;24;56;101;26;93;180;3;5;133;66;60;58;199;28;32;99;34;147,0.1,19,124,19,0.1661063932430259,,False,0.904074702886248,,,,,,19,0,55.02790000173263,2.750300001935102,72.31450000836048,2.2154000034788623
DynamicOnly_B10,JILONG_EI_0189,1310,B10,70;24;56;101;26;93;180;3;5;133;66;60;58;199;28;32;99;34;147,0.1,19,124,19,0.1661063932430259,,False,0.9036502546689305,,,,,,19,0,54.8885999887716,2.986899999086745,70.72059999336489,2.26249999832362
DynamicOnly_B10,JILONG_EI_0189,1320,B10,70;24;56;101;26;93;180;3;5;133;66;58;60;199;28;32;34;99;147,0.1,19,123,19,0.1661063932430259,,False,0.9020111253744116,,,,,,19,0,54.5849000045564,2.596200007246807,69.64760000118986,2.235600011772476
DynamicOnly_B10,JILONG_EI_0189,1330,B10,70;24;56;101;26;93;180;3;5;133;66;60;58;199;28;32;34;147;99,0.1,19,123,19,0.1661063932430259,,False,0.8985879332477535,,,,,,19,0,54.14399999426678,2.905800007283688,69.54910000786185,2.2406999923987314
DynamicOnly_B10,JILONG_EI_0189,1340,B10,70;24;56;101;26;93;180;3;5;133;66;60;58;199;28;203;32;34;147,0.1,19,124,19,0.1656852309883529,,False,0.9078947368421054,,,,,,19,0,55.83449998812284,2.803199997288175,70.58169999800157,2.3021999950287864
DynamicOnly_B10,JILONG_EI_0189,1350,B10,70;24;56;101;26;93;180;3;5;133;66;60;58;199;28;32;34;147;52,0.1,19,123,19,0.1730287692107419,,False,0.8998716302952503,,,,,,19,0,54.74330000288319,2.908700000261888,70.72389998938888,2.2763000015402213
DynamicOnly_B10,JILONG_EI_0189,1360,B10,70;24;56;101;26;93;180;3;5;133;66;58;60;199;28;32;34;52;147,0.1,19,123,19,0.1730287692107419,,False,0.9020111253744116,,,,,,19,0,55.61029999807943,2.726399994571693,71.54129999980796,3.3042999857570976
DynamicOnly_B10,JILONG_EI_0189,1370,B10,70;24;56;101;26;93;180;3;5;133;66;58;60;28;199;32;52;34;147,0.1,19,123,19,0.1730287692107419,,False,0.9037227214377406,,,,,,19,0,55.10899999353569,3.4441999887349084,70.74789999751374,2.297500002896413
DynamicOnly_B10,JILONG_EI_0189,1380,B10,70;24;56;101;26;93;180;3;133;5;66;58;60;28;199;32;52;34;147,0.1,19,123,19,0.1730287692107419,,False,0.9037227214377406,,,,,,19,0,54.64459999348037,2.574600002844818,69.94760000088718,2.2473999997600917
DynamicOnly_B10,JILONG_EI_0189,1390,B10,70;24;56;101;26;93;180;3;133;5;66;58;60;28;199;203;52;32;34,0.1,19,124,19,0.1736643413405211,,False,0.9121392190152802,,,,,,19,0,54.31150000367779,2.9380000050878152,69.86160000087693,2.2087000106694177
DynamicOnly_B10,JILONG_EI_0189,1400,B10,70;24;56;101;26;93;180;3;133;5;66;58;60;28;199;52;32;34;147,0.1,19,123,19,0.1730287692107419,,False,0.9084296106118956,,,,,,19,0,54.35940000461415,2.6236000121571124,70.53690000611823,2.328500006115064
DynamicOnly_B10,JILONG_EI_0189,1410,B10,70;24;56;101;26;93;180;3;133;5;66;58;60;28;52;199;32;34;147,0.1,19,123,19,0.1730287692107419,,False,0.908857509627728,,,,,,19,0,55.44529999315273,3.6201000039000064,70.45050000306219,2.2572999878320843
DynamicOnly_B10,JILONG_EI_0189,1420,B10,70;24;56;101;26;93;180;3;133;5;66;58;60;52;28;199;32;34;147,0.1,19,123,19,0.1730287692107419,,False,0.9101412066752248,,,,,,19,0,55.84339999768417,3.154799996991642,70.86229999549687,2.42239999352023
DynamicOnly_B10,JILONG_EI_0189,1430,B10,70;24;56;101;26;93;180;3;133;5;66;58;60;203;52;28;199;32;34,0.1,19,124,19,0.1736643413405211,,False,0.9151103565365024,,,,,,19,0,55.7738000061363,2.797099994495511,70.71230000292417,2.275500010000542
DynamicOnly_B10,JILONG_EI_0189,1440,B10,70;24;56;101;26;93;180;3;133;5;58;66;60;52;28;199;32;34;166,0.1,19,123,19,0.1739400111799434,,False,0.9080017115960632,,,,,,19,0,54.8041000001831,2.6821999927051365,69.87030000891536,2.224200012278743
DynamicOnly_B10,JILONG_EI_0199,10,B10,78;252;14;44;5;141;46;83;206;32;202;91;166;89;112;117;192;55;160,0.1,19,128,19,0.103866269497898,,False,0.8959703947368421,,,,,,19,0,54.40490000182763,2.5888999953167517,69.8368000012124,2.266700001200661
DynamicOnly_B10,JILONG_EI_0199,20,B10,77;79;141;14;46;42;174;44;252;32;128;231;202;101;83;176;23;70;206,0.1,19,127,19,0.1167844644730494,,False,0.8885205138831329,,,,,,19,0,54.07759999798145,2.67659999371972,69.59160001133569,2.3455000045942143
DynamicOnly_B10,JILONG_EI_0199,30,B10,77;79;44;141;55;99;91;252;13;144;26;46;5;88;241;119;166;32;86,0.1,19,124,19,0.1421307747088237,,False,0.8493208828522922,,,,,,19,0,55.690699999104254,2.6317000010749325,71.45370000216644,2.590400006738492
DynamicOnly_B10,JILONG_EI_0199,40,B10,77;79;44;84;166;106;42;252;119;141;46;112;40;32;174;74;50;88;86,0.1,19,124,19,0.1191429730992181,,False,0.8391341256366722,,,,,,19,0,55.50499999662861,2.704699989408254,71.15849999536294,2.33719999960158
DynamicOnly_B10,JILONG_EI_0199,50,B10,61;93;79;14;121;141;28;166;85;206;32;19;99;42;112;56;87;5;90,0.1,19,124,19,0.1014158709252551,,False,0.8713921901528014,,,,,,19,0,55.08770000596997,2.7073000092059374,70.4288999986602,2.2819000005256385
DynamicOnly_B10,JILONG_EI_0199,60,B10,61;93;141;29;42;5;206;84;91;166;172;24;32;135;176;251;66;174;55,0.1,19,122,19,0.0850211729751667,,False,0.8550474547023296,,,,,,19,0,55.2089000120759,2.659199992194772,70.5621999950381,2.365499996813014
DynamicOnly_B10,JILONG_EI_0199,70,B10,60;93;29;27;141;25;32;166;89;56;252;70;91;34;218;66;117;112;172,0.1,19,122,19,0.1258432816962884,,False,0.8382226056945644,,,,,,19,0,54.44550000538584,2.5745000020833686,70.9556999936467,2.242699993075803
DynamicOnly_B10,JILONG_EI_0199,80,B10,44;77;46;14;141;25;172;203;56;34;91;252;101;70;32;112;176;66;88,0.1,19,123,19,0.1397033486227994,,False,0.8331193838254173,,,,,,19,0,55.25079999642912,2.7783999976236373,70.29279999551363,2.2481000050902367
DynamicOnly_B10,JILONG_EI_0199,90,B10,28;61;93;26;14;206;252;141;49;57;91;88;120;36;174;112;192;155;99,0.1,19,123,19,0.0906341172056267,,False,0.8189987163029525,,,,,,19,0,54.57690000184812,2.570300013758242,70.33660000888631,2.233199993497692
DynamicOnly_B10,JILONG_EI_0199,100,B10,28;60;26;93;46;141;70;91;206;49;252;89;120;14;5;57;19;176;117,0.1,19,122,19,0.1024572903186284,,False,0.8304572907679033,,,,,,19,0,54.19920000713319,2.580200001830235,71.0189000092214,2.25059999502264
DynamicOnly_B10,JILONG_EI_0199,110,B10,28;60;26;93;141;252;46;206;91;70;49;56;155;202;120;117;20;99;176,0.1,19,121,19,0.1237221554318444,,False,0.8251413658112223,,,,,,19,0,54.379199995310046,2.6507000002311543,70.27060000109486,2.476499998010695
DynamicOnly_B10,JILONG_EI_0199,120,B10,28;60;93;26;252;90;14;32;202;88;206;40;135;4;141;172;101;66;121,0.1,19,120,19,0.1174966115582237,,False,0.8192982456140351,,,,,,19,0,56.76779999339488,3.328299993881956,70.9045999974478,2.8294999938225374
DynamicOnly_B10,JILONG_EI_0199,130,B10,27;61;93;14;25;101;251;202;32;176;141;104;58;106;55;229;5;190;112,0.1,19,119,19,0.123775757900621,,False,0.8191065900044228,,,,,,19,0,54.4752999994671,2.560000008088537,70.78999999794178,3.214199998183176
DynamicOnly_B10,JILONG_EI_0199,140,B10,27;61;93;25;202;252;101;14;58;55;104;141;32;176;91;112;174;132;155,0.1,19,119,19,0.1392975013592054,,False,0.825298540468819,,,,,,19,0,54.89310000848491,2.827400006935932,70.15649999084417,2.2321999858831987
DynamicOnly_B10,JILONG_EI_0199,150,B10,27;61;25;93;29;202;101;252;106;32;55;4;141;104;229;132;211;172;176,0.1,19,120,19,0.1520855189101852,,False,0.8241228070175438,,,,,,19,0,54.942999995546415,3.419400003622286,70.36750001134351,2.2877999872434884
DynamicOnly_B10,JILONG_EI_0199,160,B10,26;28;60;93;40;101;106;32;70;235;232;14;3;203;206;119;211;155;132,0.1,19,122,19,0.1542832201300242,,False,0.808455565142364,,,,,,19,0,54.26710000028834,2.5929000112228096,70.59129999834113,2.218399997218512
DynamicOnly_B10,JILONG_EI_0199,170,B10,26;58;28;60;93;40;106;232;101;186;235;32;70;211;179;141;112;3;155,0.1,19,122,19,0.158793485002795,,False,0.8011216566005176,,,,,,19,0,55.114100003265776,3.9267999964067712,70.04299999971408,2.19650000508409
DynamicOnly_B10,JILONG_EI_0199,180,B10,25;58;27;45;77;56;106;101;232;70;186;229;99;218;88;112;176;179;132,0.1,19,122,19,0.1665811579664755,,False,0.8157894736842105,,,,,,19,0,54.61829999694601,3.538199991453439,69.9521999922581,2.2682999988319352
DynamicOnly_B10,JILONG_EI_0199,190,B10,25;27;58;45;94;101;56;70;106;88;229;202;232;99;179;36;3;50;206,0.1,19,121,19,0.1526062286068718,,False,0.8064375815571988,,,,,,19,0,54.39870001282543,3.124099996057339,71.70909999695141,3.0322999955387786
DynamicOnly_B10,JILONG_EI_0199,200,B10,25;27;60;58;94;101;56;106;88;99;29;19;233;70;5;251;119;50;229,0.1,19,121,19,0.1341286918700369,,False,0.8129621574597651,,,,,,19,0,54.98960000113584,2.668399989488534,70.44179999502376,2.225899996119552
DynamicOnly_B10,JILONG_EI_0199,210,B10,41;27;45;94;101;55;88;99;106;229;119;251;216;50;4;160;174;133;74,0.1,19,120,19,0.1347566065042767,,False,0.775,,,,,,19,0,57.272899997769855,2.868600000510924,71.05859999137465,2.2732999932486564
DynamicOnly_B10,JILONG_EI_0199,220,B10,24;26;93;56;58;28;60;101;88;99;106;50;119;216;229;251;70;4;160,0.1,19,121,19,0.1352696587054238,,False,0.8260113092648979,,,,,,19,0,54.56409999169409,2.560499997343868,70.28630000422709,2.217500004917383
DynamicOnly_B10,JILONG_EI_0199,230,B10,40;26;28;88;101;94;60;58;251;119;233;70;50;99;106;229;201;160;148,0.1,19,121,19,0.1676991523152437,,False,0.8120922140060897,,,,,,19,0,56.49089999496937,2.62470000598114,71.6305999958422,2.643500003614463
DynamicOnly_B10,JILONG_EI_0199,240,B10,40;26;101;94;28;60;88;58;251;70;233;229;135;106;99;36;219;112;148,0.1,19,120,19,0.1660681057653284,,False,0.8114035087719298,,,,,,19,0,53.93300000287127,2.602599997771904,70.82020000962075,2.248999997391365
DynamicOnly_B10,JILONG_EI_0199,250,B10,56;25;27;101;60;94;58;88;70;29;251;233;106;135;219;229;112;51;99,0.1,19,120,19,0.1420159122757311,,False,0.8144736842105263,,,,,,19,0,54.37110000639223,2.651100003276952,70.6213000084972,2.340899998671375
DynamicOnly_B10,JILONG_EI_0199,260,B10,24;55;26;101;60;94;28;58;88;106;251;233;135;229;219;206;51;112;133,0.1,19,120,19,0.1500179951145178,,False,0.8140350877192981,,,,,,19,0,55.10339999455027,2.5968999980250373,70.70779999776278,2.231699996627867
DynamicOnly_B10,JILONG_EI_0199,270,B10,55;41;101;27;60;94;88;29;251;36;106;135;219;233;206;133;112;144;66,0.1,19,122,19,0.1409744928823579,,False,0.7851596203623814,,,,,,19,0,55.603100001462735,3.0989000078989197,70.82419999642298,2.935500000603497
DynamicOnly_B10,JILONG_EI_0199,280,B10,55;26;101;24;60;94;28;58;88;106;36;251;135;144;219;133;112;233;206,0.1,19,122,19,0.148877028279131,,False,0.8097497842968076,,,,,,19,0,54.46020000090357,2.6291999965906143,70.90369999059476,2.209500002209097
DynamicOnly_B10,JILONG_EI_0199,290,B10,25;55;101;27;60;94;58;23;88;29;90;251;135;144;219;133;51;206;112,0.1,19,123,19,0.1435167814014748,,False,0.8078733418913138,,,,,,19,0,57.32400000852067,3.3758000063244253,72.37740000709891,2.4365999997826293
DynamicOnly_B10,JILONG_EI_0199,300,B10,25;55;101;27;60;94;58;29;88;90;135;133;251;144;219;206;36;112;66,0.1,19,122,19,0.1455689902060632,,False,0.8006902502157033,,,,,,19,0,54.77729999984149,2.619299993966706,71.21240001288243,2.2019000025466084
DynamicOnly_B10,JILONG_EI_0199,310,B10,25;55;101;94;27;60;58;23;88;29;133;90;135;251;144;219;206;66;112,0.1,19,123,19,0.1410127803600554,,False,0.8100128369704749,,,,,,19,0,55.14499999117106,2.634899996337481,71.251300003496,2.2083000076236203
DynamicOnly_B10,JILONG_EI_0199,320,B10,55;25;101;27;60;94;58;88;133;90;29;135;251;144;219;206;66;32;240,0.1,19,122,19,0.1603709290839338,,False,0.8062985332182917,,,,,,19,0,56.302500001038425,2.6988000026904047,69.9871999968309,2.437100003589876
DynamicOnly_B10,JILONG_EI_0199,330,B10,55;25;101;94;60;27;58;88;29;133;90;135;251;219;144;32;66;240;206,0.1,19,122,19,0.1603709290839338,,False,0.8097497842968077,,,,,,19,0,57.44620000768919,3.082100010942668,71.706600007019,2.9977999947732314
DynamicOnly_B10,JILONG_EI_0199,340,B10,55;25;101;60;27;94;58;88;133;29;90;135;219;251;144;32;66;36;240,0.1,19,122,19,0.1654861361043257,,False,0.8071613459879207,,,,,,19,0,55.16720000014175,3.3915999956661835,69.58599999779835,3.107700002146885
DynamicOnly_B10,JILONG_EI_0199,350,B10,55;25;101;60;27;94;58;88;133;29;90;135;219;251;32;144;66;23;240,0.1,19,122,19,0.1609299262583179,,False,0.8062985332182916,,,,,,19,0,56.08059999940451,2.6257999998051678,70.23680000565946,2.3438000062014908
DynamicOnly_B10,JILONG_EI_0199,360,B10,55;25;101;27;60;94;58;88;133;29;90;135;32;219;251;66;180;144;240,0.1,19,121,19,0.1767809420251012,,False,0.8033927794693345,,,,,,19,0,56.82949999754783,2.7030999917769805,70.88090000615921,2.2147999989101663
DynamicOnly_B10,JILONG_EI_0199,370,B10,55;25;101;60;27;94;88;133;58;29;90;135;32;180;219;66;251;240;176,0.1,19,120,19,0.1746215282829597,,False,0.8065789473684211,,,,,,19,0,55.07410000427626,3.335100002004765,71.42140000360087,2.2040000039851293
DynamicOnly_B10,JILONG_EI_0199,380,B10,55;25;101;60;27;94;133;88;58;29;90;176;135;32;180;66;219;251;240,0.1,19,121,19,0.1746215282829597,,False,0.8147020443671161,,,,,,19,0,56.23080000805203,2.877599996281788,70.8567999972729,2.313400007551536
DynamicOnly_B10,JILONG_EI_0199,390,B10,55;25;60;101;27;93;133;88;29;58;90;190;176;135;32;180;36;66;219,0.1,19,123,19,0.1511513044543651,,False,0.8228498074454429,,,,,,19,0,54.277000002912246,2.529999997932464,70.05480000225361,2.198599991970696
DynamicOnly_B10,JILONG_EI_0199,400,B10,55;25;101;60;27;94;133;88;29;58;190;176;90;135;32;180;66;219;240,0.1,19,123,19,0.1763980672481258,,False,0.8224219084296106,,,,,,19,0,53.91709999821615,2.5796000118134543,70.37050000508316,2.240700006950646
DynamicOnly_B10,JILONG_EI_0199,410,B10,55;25;101;60;27;133;78;88;29;58;176;190;135;180;32;90;66;219;36,0.1,19,123,19,0.1725310320006738,,False,0.8237056054771075,,,,,,19,0,54.090500008896925,2.5963999942177907,70.50979998894036,2.246100004413165
DynamicOnly_B10,JILONG_EI_0199,420,B10,55;25;101;60;27;78;133;88;29;180;58;135;90;66;32;176;190;219;217,0.1,19,123,19,0.1679824796502056,,False,0.8202824133504493,,,,,,19,0,56.43480000435375,2.897400001529604,71.44880000851117,2.5862000038614497
DynamicOnly_B10,JILONG_EI_0199,430,B10,55;25;101;60;27;94;133;88;180;29;32;176;58;217;135;66;190;219;90,0.1,19,123,19,0.1569710010643918,,False,0.8258451005562687,,,,,,19,0,56.63540000387002,2.6763999921968207,71.8981999962125,2.865200003725477
DynamicOnly_B10,JILONG_EI_0199,440,B10,55;25;101;60;27;133;88;78;180;29;32;176;135;217;58;66;190;219;90,0.1,19,123,19,0.1679824796502056,,False,0.8275566966195979,,,,,,19,0,54.74419999518432,2.6657999987946823,72.62959999206942,3.3379999949829653
DynamicOnly_B10,JILONG_EI_0199,450,B10,55;25;101;60;27;133;88;78;180;29;32;135;217;176;58;66;190;90;219,0.1,19,122,19,0.1679824796502056,,False,0.8321829163071612,,,,,,19,0,54.33400000038091,2.621399995405227,70.24959998670965,2.24829999206122
DynamicOnly_B10,JILONG_EI_0199,460,B10,55;25;101;60;27;133;88;78;180;29;32;217;176;135;66;58;190;219;172,0.1,19,122,19,0.1694910062714888,,False,0.8326143226919759,,,,,,19,0,53.9025999896694,2.605899993795901,70.92160001047887,2.2622999968007207
DynamicOnly_B10,JILONG_EI_0199,470,B10,55;25;101;60;27;133;180;88;78;29;32;217;135;176;58;190;66;172;219,0.1,19,122,19,0.1694910062714888,,False,0.8399482312338221,,,,,,19,0,55.70609999995213,2.7784999983850867,70.81009999092203,3.155800004606135
DynamicOnly_B10,JILONG_EI_0199,480,B10,55;25;101;60;27;133;180;88;78;29;32;217;135;176;190;58;203;66;172,0.1,19,122,19,0.1706855755756522,,False,0.8390854184641934,,,,,,19,0,54.797799995867535,3.39729999541305,72.73210000130348,2.8318999975454062
DynamicOnly_B10,JILONG_EI_0199,490,B10,55;25;101;60;27;180;133;88;78;29;32;190;217;135;176;203;58;66;172,0.1,19,122,19,0.1706855755756522,,False,0.8446937014667816,,,,,,19,0,56.7470000096364,3.9235000003827736,70.65019999572542,2.2375999978976324
DynamicOnly_B10,JILONG_EI_0199,500,B10,55;25;101;60;27;180;133;88;78;29;32;190;217;135;176;58;66;203;172,0.1,19,122,19,0.1706855755756522,,False,0.8481449525452976,,,,,,19,0,55.231199992704205,2.8000000020256266,71.40269999217708,2.264099995954893
DynamicOnly_B10,JILONG_EI_0199,510,B10,55;25;101;60;27;180;133;88;78;29;32;190;217;135;66;176;58;203;172,0.1,19,122,19,0.1706855755756522,,False,0.8498705780845557,,,,,,19,0,56.01639999076724,3.114799998002127,70.37339999806136,2.355600008741021
DynamicOnly_B10,JILONG_EI_0199,520,B10,55;101;25;60;27;180;133;88;78;29;32;190;217;135;176;58;66;203;172,0.1,19,122,19,0.1706855755756522,,False,0.8511647972389992,,,,,,19,0,54.21109999588225,2.701600009459071,70.64149998768698,2.2443999914685264
DynamicOnly_B10,JILONG_EI_0199,530,B10,55;101;25;60;27;180;133;88;78;29;32;190;217;135;176;58;66;203;172,0.1,19,122,19,0.1706855755756522,,False,0.8464193270060395,,,,,,19,0,56.68819999846164,2.625100009026937,70.59300001128577,2.267899995786138
DynamicOnly_B10,JILONG_EI_0199,540,B10,55;101;25;60;27;180;133;88;78;29;32;190;217;135;176;58;66;203;166,0.1,19,122,19,0.1704635082050064,,False,0.8511647972389992,,,,,,19,0,55.53859999054112,2.627199995913543,71.39890000689775,2.255600003991276
DynamicOnly_B10,JILONG_EI_0199,550,B10,55;101;25;60;27;180;133;88;78;29;32;166;190;217;135;58;176;203;66,0.1,19,123,19,0.1704635082050064,,False,0.8583654257595209,,,,,,19,0,57.09980000392534,3.024300007382408,74.54770000185817,3.1955999875208363
DynamicOnly_B10,JILONG_EI_0199,560,B10,55;101;25;180;60;27;133;88;94;29;32;166;190;217;135;58;176;203;66,0.1,19,123,19,0.1594520296191927,,False,0.8566538296961917,,,,,,19,0,54.74160000449047,2.739100003964268,70.57050000003073,2.413499998510815
DynamicOnly_B10,JILONG_EI_0199,570,B10,55;101;25;180;60;27;133;88;78;29;32;166;190;217;58;135;176;203;66,0.1,19,123,19,0.1704635082050064,,False,0.8592212237911853,,,,,,19,0,54.296200003591366,2.658599987626076,70.35809999797493,2.2708999895257875
DynamicOnly_B10,JILONG_EI_0199,580,B10,55;101;25;180;60;27;133;88;78;29;32;166;217;190;58;135;203;176;66,0.1,19,123,19,0.1704635082050064,,False,0.8617886178861789,,,,,,19,0,54.30570000316948,2.8267000016057864,69.93969999894034,2.23579999874346
DynamicOnly_B10,JILONG_EI_0199,590,B10,55;101;25;180;60;27;133;88;78;29;32;166;217;190;58;203;135;176;66,0.1,19,124,19,0.1704635082050064,,False,0.8612054329371817,,,,,,19,0,56.39500000688713,2.6557999954093248,70.16879999719094,2.2219999955268577
DynamicOnly_B10,JILONG_EI_0199,600,B10,55;101;25;180;60;27;133;88;78;29;32;166;217;58;190;203;135;176;66,0.1,19,124,19,0.1704635082050064,,False,0.8620543293718166,,,,,,19,0,54.613500004052185,2.568899988546036,70.44029999815393,2.2379000001819804
DynamicOnly_B10,JILONG_EI_0199,610,B10,55;101;25;180;60;27;133;88;78;29;32;166;58;217;203;190;135;66;176,0.1,19,124,19,0.1704635082050064,,False,0.8650254668930392,,,,,,19,0,54.95170000358485,2.6890000008279458,70.77310000022408,2.9192999936640263
DynamicOnly_B10,JILONG_EI_0199,620,B10,55;101;25;180;60;27;133;88;78;29;32;166;58;217;203;66;190;135;176,0.1,19,124,19,0.1704635082050064,,False,0.8688455008488964,,,,,,19,0,55.48750000889413,2.6782000059029087,71.10769998689648,2.26759999350179
DynamicOnly_B10,JILONG_EI_0199,630,B10,55;101;25;180;60;27;133;88;78;29;32;166;58;203;217;66;190;135;176,0.1,19,124,19,0.1704635082050064,,False,0.8684210526315791,,,,,,19,0,54.47699999785982,2.59580000420101,70.4799999948591,2.3313000128837302
DynamicOnly_B10,JILONG_EI_0199,640,B10,55;101;25;180;60;27;133;88;78;29;32;166;58;203;66;217;190;176;135,0.1,19,124,19,0.1704635082050064,,False,0.8679966044142615,,,,,,19,0,54.11139999341685,2.693100002943538,70.09150000521913,2.2350999934133142
DynamicOnly_B10,JILONG_EI_0199,650,B10,55;101;25;180;60;27;133;88;78;29;58;66;166;32;203;217;190;176;135,0.1,19,124,19,0.1704635082050064,,False,0.8658743633276741,,,,,,19,0,54.38110000977758,2.6298000011593103,70.92540001031011,2.2332999942591414
DynamicOnly_B10,JILONG_EI_0199,660,B10,55;101;25;180;60;27;133;88;78;66;29;58;166;203;32;217;176;190;135,0.1,19,124,19,0.1704635082050064,,False,0.8718166383701188,,,,,,19,0,55.22039999777917,2.7981000021100044,71.43539999378845,2.278100000694394
DynamicOnly_B10,JILONG_EI_0199,670,B10,55;101;25;180;60;27;133;88;66;78;29;58;203;166;32;217;176;135;190,0.1,19,124,19,0.1704635082050064,,False,0.8692699490662139,,,,,,19,0,55.25619999389164,3.42330000421498,70.95980001031421,2.270700002554804
DynamicOnly_B10,JILONG_EI_0199,680,B10,55;101;25;180;60;27;133;88;66;78;58;29;203;166;32;217;176;135;190,0.1,19,124,19,0.1704635082050064,,False,0.8705432937181663,,,,,,19,0,55.42340000101831,2.628700007335283,71.90019999688957,3.208699999959208
DynamicOnly_B10,JILONG_EI_0199,690,B10,55;101;25;180;60;27;133;88;66;78;58;29;203;166;32;217;176;135;190,0.1,19,124,19,0.1704635082050064,,False,0.8726655348047538,,,,,,19,0,54.15339999308344,2.5797999987844378,69.86740000138525,2.823799994075671
DynamicOnly_B10,JILONG_EI_0199,700,B10,55;101;25;180;60;27;133;88;66;78;58;203;29;166;32;217;190;176;135,0.1,19,124,19,0.1704635082050064,,False,0.875212224108659,,,,,,19,0,54.92120000417344,2.5157999916700646,69.74220000847708,2.507600001990795
DynamicOnly_B10,JILONG_EI_0199,710,B10,55;101;25;180;60;133;27;88;66;58;78;203;29;166;32;217;190;176;199,0.1,19,124,19,0.1690009265569602,,False,0.8747877758913413,,,,,,19,0,54.64090000896249,2.574900005129166,70.48690000374336,2.369499998167157
DynamicOnly_B10,JILONG_EI_0199,720,B10,55;101;25;180;60;133;27;88;66;58;78;203;29;166;32;217;190;176;199,0.1,19,124,19,0.1690009265569602,,False,0.8760611205432937,,,,,,19,0,55.17150000378024,2.657399993040599,70.90079999761656,3.1688999879406765
DynamicOnly_B10,JILONG_EI_0199,730,B10,55;101;25;180;60;133;27;88;66;58;78;203;29;166;32;217;176;190;199,0.1,19,124,19,0.1690009265569602,,False,0.8722410865874363,,,,,,19,0,55.28139999660198,2.7070999931311235,73.06610001251101,2.3824999952921644
DynamicOnly_B10,JILONG_EI_0199,740,B10,55;101;25;180;60;133;27;88;66;58;203;78;166;29;32;217;176;199;190,0.1,19,124,19,0.1690009265569602,,False,0.8760611205432937,,,,,,19,0,55.23610000091139,2.8488999960245565,71.26130000688136,2.402099999017082
DynamicOnly_B10,JILONG_EI_0199,750,B10,55;101;25;180;60;133;27;88;66;58;78;203;166;29;32;217;199;176;190,0.1,19,124,19,0.1690009265569602,,False,0.8722410865874363,,,,,,19,0,55.3341999911936,2.572700002929196,70.52950000797864,2.3527000012109056
DynamicOnly_B10,JILONG_EI_0199,760,B10,55;101;25;180;61;133;27;88;66;58;203;94;166;29;32;217;199;176;190,0.1,19,124,19,0.1712828602277339,,False,0.8654499151103564,,,,,,19,0,54.75100000330713,2.5754000089364126,70.59970000409521,2.853600002708845
DynamicOnly_B10,JILONG_EI_0199,770,B10,55;101;25;180;60;133;27;88;66;58;203;78;166;29;32;217;199;176;99,0.1,19,124,19,0.168817146664012,,False,0.8667232597623089,,,,,,19,0,54.45120000513271,2.5854999985313043,71.71769998967648,2.298499995958992
DynamicOnly_B10,JILONG_EI_0199,780,B10,55;101;25;180;60;133;27;88;66;58;203;78;166;29;99;32;217;199;176,0.1,19,124,19,0.168817146664012,,False,0.8743633276740238,,,,,,19,0,55.35550000786316,3.980599998612888,71.75630000710953,2.2947000106796622
DynamicOnly_B10,JILONG_EI_0199,790,B10,55;101;25;180;60;133;27;88;66;58;203;78;166;29;99;32;217;199;176,0.1,19,124,19,0.168817146664012,,False,0.8769100169779286,,,,,,19,0,55.59689999790862,3.628400008892641,71.97889999952167,2.4883000005502254
DynamicOnly_B10,JILONG_EI_0199,800,B10,55;101;25;180;60;133;27;88;66;58;203;78;166;29;99;32;217;199;176,0.1,19,124,19,0.168817146664012,,False,0.8739388794567063,,,,,,19,0,54.542900004889816,2.5858000008156523,72.07530000596307,3.038499999092892
DynamicOnly_B10,JILONG_EI_0199,810,B10,55;101;25;180;27;60;133;88;66;58;203;78;166;29;99;32;217;176;199,0.1,19,124,19,0.168817146664012,,False,0.8705432937181663,,,,,,19,0,54.20640000374988,3.0610999965574592,69.9731999920914,2.2776000114390627
DynamicOnly_B10,JILONG_EI_0199,820,B10,55;101;25;180;60;133;88;27;66;58;203;78;166;29;99;32;217;176;199,0.1,19,125,19,0.168817146664012,,False,0.8745263157894737,,,,,,19,0,54.286700004013255,2.9129000031389296,69.93209999927785,2.213600004324689
DynamicOnly_B10,JILONG_EI_0199,830,B10,55;101;25;180;60;133;88;27;66;58;203;78;166;29;99;32;217;176;199,0.1,19,125,19,0.168817146664012,,False,0.8753684210526317,,,,,,19,0,54.43920000107028,2.950299996882677,70.88639998983126,2.5587000127416104
DynamicOnly_B10,JILONG_EI_0199,840,B10,55;101;25;180;60;133;88;27;66;58;203;78;166;29;99;32;217;176;199,0.1,19,125,19,0.168817146664012,,False,0.8766315789473685,,,,,,19,0,55.48819999967236,2.742900003795512,71.17149999248795,2.6584000006550923
DynamicOnly_B10,JILONG_EI_0199,850,B10,55;101;25;180;60;133;27;66;88;58;203;78;166;29;99;32;217;176;199,0.1,19,125,19,0.168817146664012,,False,0.872421052631579,,,,,,19,0,55.16930000158027,2.6885000115726143,71.62940000125673,2.253700004075654
DynamicOnly_B10,JILONG_EI_0199,860,B10,55;101;25;180;60;133;88;27;66;58;203;78;166;99;29;32;217;176;199,0.1,19,125,19,0.168817146664012,,False,0.8741052631578947,,,,,,19,0,55.62339999596588,2.638599995407276,70.3232000087155,2.246399992145598
DynamicOnly_B10,JILONG_EI_0199,870,B10,55;101;25;180;60;133;88;27;66;58;203;78;166;99;32;29;217;176;199,0.1,19,125,19,0.168817146664012,,False,0.8732631578947367,,,,,,19,0,54.01769999298267,2.704200000152923,69.99649999488611,2.250299992738292
DynamicOnly_B10,JILONG_EI_0199,880,B10,55;101;25;180;27;60;133;88;66;58;203;78;32;99;29;217;166;176;199,0.1,19,125,19,0.168817146664012,,False,0.8698947368421054,,,,,,19,0,54.26770000485703,2.5840000016614795,71.82029999967199,3.2500999950570986
DynamicOnly_B10,JILONG_EI_0199,890,B10,55;101;25;180;60;133;88;27;66;58;203;78;32;99;29;166;176;217;199,0.1,19,125,19,0.168817146664012,,False,0.8694736842105263,,,,,,19,0,54.72749999898952,2.679299999726936,70.26300000143237,2.3243000032380223
DynamicOnly_B10,JILONG_EI_0199,900,B10,55;101;25;180;60;133;27;88;66;58;203;78;32;99;29;176;166;217;199,0.1,19,125,19,0.168817146664012,,False,0.8690526315789474,,,,,,19,0,57.14720000105444,2.8577999910339718,70.12099999701604,2.2462000051746145
DynamicOnly_B10,JILONG_EI_0199,910,B10,55;101;25;180;60;133;88;27;66;58;203;78;32;176;29;99;217;166;199,0.1,19,125,19,0.168817146664012,,False,0.8665263157894736,,,,,,19,0,54.41369999607559,3.398899993044324,70.43930000509135,2.265999995870516
DynamicOnly_B10,JILONG_EI_0199,920,B10,55;101;25;180;133;60;88;27;66;58;203;78;32;29;176;217;99;166;199,0.1,19,125,19,0.168817146664012,,False,0.8690526315789474,,,,,,19,0,54.51599998923484,2.741299991612322,71.04249999974854,2.2410999954445288
DynamicOnly_B10,JILONG_EI_0199,930,B10,55;101;25;180;133;60;88;27;66;58;203;78;32;176;29;217;99;166;199,0.1,19,125,19,0.168817146664012,,False,0.8686315789473685,,,,,,19,0,54.511100010131486,2.77579999237787,70.40050000068732,2.260799999930896
DynamicOnly_B10,JILONG_EI_0199,940,B10,55;101;25;180;60;133;88;27;66;58;203;78;32;176;29;217;166;99;199,0.1,19,125,19,0.168817146664012,,False,0.8690526315789474,,,,,,19,0,54.24959999800194,2.5944000080926344,72.55609999992885,3.0306999979075044
DynamicOnly_B10,JILONG_EI_0199,950,B10,55;101;25;180;133;60;88;27;66;58;203;78;32;176;29;217;166;99;199,0.1,19,125,19,0.168817146664012,,False,0.8711578947368421,,,,,,19,0,54.59240000345744,2.645000000484288,70.13649999862537,2.257100000861101
DynamicOnly_B10,JILONG_EI_0199,960,B10,55;101;25;180;60;133;88;27;66;58;203;78;32;176;199;29;217;5;166,0.1,19,125,19,0.1680896845877587,,False,0.8720000000000001,,,,,,19,0,54.84640000213403,2.786899989587255,70.87159999355208,2.2104999952716757
DynamicOnly_B10,JILONG_EI_0199,970,B10,55;101;25;180;60;133;88;27;66;58;203;78;32;176;155;199;217;166;29,0.1,19,125,19,0.1704175632317694,,False,0.8728421052631579,,,,,,19,0,54.2388000030769,2.649200003361329,71.33829999656882,2.339900005608797
DynamicOnly_B10,JILONG_EI_0199,980,B10,55;101;25;180;60;133;88;27;66;58;203;78;32;155;176;199;5;217;166,0.1,19,125,19,0.1684802168602736,,False,0.8753684210526317,,,,,,19,0,55.33239999203943,3.116399995633401,71.33669999893755,2.3575000086566438
DynamicOnly_B10,JILONG_EI_0199,990,B10,55;101;25;180;60;133;88;27;66;58;203;78;32;155;176;199;166;217;3,0.1,19,125,19,0.1686716542487614,,False,0.8762105263157894,,,,,,19,0,55.12170000292826,2.6190000062342733,70.5288000026485,2.540600005886517
DynamicOnly_B10,JILONG_EI_0199,1000,B10,55;101;25;180;27;60;133;88;66;58;203;62;94;32;155;199;176;217;5,0.1,19,126,19,0.1607614613564487,,False,0.8855472013366749,,,,,,19,0,56.121699992218055,2.5492999993730336,70.78239999827929,2.303599991137162
DynamicOnly_B10,JILONG_EI_0199,1010,B10,55;101;25;180;60;133;88;27;66;58;203;78;32;155;199;176;5;217;3,0.1,19,125,19,0.1680896845877587,,False,0.8783157894736844,,,,,,19,0,54.54079998889938,2.653900010045618,71.35860000562388,3.0362000106833875
DynamicOnly_B10,JILONG_EI_0199,1020,B10,55;101;25;180;27;60;133;88;66;58;203;78;32;155;199;5;176;217;99,0.1,19,125,19,0.1686257092755243,,False,0.8799999999999999,,,,,,19,0,55.56569999316707,2.6954000059049577,71.64599999669008,2.2743000008631498
DynamicOnly_B10,JILONG_EI_0199,1030,B10,55;101;25;180;60;133;88;27;66;78;58;203;32;155;199;176;5;217;147,0.1,19,125,19,0.1675689748910721,,False,0.881684210526316,,,,,,19,0,55.25580000539776,2.672100003110245,70.5391000083182,2.713199995923788
DynamicOnly_B10,JILONG_EI_0199,1040,B10,55;101;25;180;60;133;88;27;66;58;203;78;32;155;199;176;5;217;147,0.1,19,125,19,0.1675689748910721,,False,0.879578947368421,,,,,,19,0,55.01389999699313,3.3933999948203564,70.86660001368728,2.224199997726828
DynamicOnly_B10,JILONG_EI_0199,1050,B10,55;101;25;27;180;60;133;88;58;66;203;78;32;155;199;176;5;217;147,0.1,19,125,19,0.1675689748910721,,False,0.8829473684210526,,,,,,19,0,54.25799998920411,2.651800008607097,70.05710000521503,2.280200002132915
DynamicOnly_B10,JILONG_EI_0199,1060,B10,55;101;25;180;60;133;88;27;58;66;203;78;32;155;199;176;5;217;147,0.1,19,125,19,0.1675689748910721,,False,0.8850526315789473,,,,,,19,0,54.25410000316333,2.6476000057300557,70.31439999991562,2.2677999950246885
DynamicOnly_B10,JILONG_EI_0199,1070,B10,55;101;25;180;60;133;88;27;58;66;203;78;32;199;155;5;176;217;147,0.1,19,125,19,0.1675689748910721,,False,0.8850526315789473,,,,,,19,0,54.70840001362376,2.6217999984510243,70.64360000367742,2.265200004330836
DynamicOnly_B10,JILONG_EI_0199,1080,B10,55;101;25;180;60;133;88;27;58;66;78;203;32;199;155;5;217;176;3,0.1,19,125,19,0.1680896845877587,,False,0.8863157894736842,,,,,,19,0,54.79890000424348,2.613100004964508,70.99969999399036,2.2301999997580424
DynamicOnly_B10,JILONG_EI_0199,1090,B10,55;101;25;180;60;133;88;27;58;66;78;203;32;199;155;5;217;176;3,0.1,19,125,19,0.1680896845877587,,False,0.8858947368421053,,,,,,19,0,54.16960000002291,3.3666999952401966,70.46529999934137,2.2576999908778816
DynamicOnly_B10,JILONG_EI_0199,1100,B10,55;101;25;180;60;133;88;27;58;66;78;203;32;199;155;5;176;217;3,0.1,19,125,19,0.1680896845877587,,False,0.8871578947368421,,,,,,19,0,55.37630000617355,2.7692000003298745,69.95079999614973,2.2311000066110864
DynamicOnly_B10,JILONG_EI_0199,1110,B10,55;101;25;180;60;133;27;88;58;66;78;203;32;199;155;5;217;176;3,0.1,19,125,19,0.1680896845877587,,False,0.8863157894736842,,,,,,19,0,54.44530000386294,3.4100999910151586,70.06739999633282,2.2151000011945143
DynamicOnly_B10,JILONG_EI_0199,1120,B10,55;101;25;180;60;133;88;27;58;66;78;203;32;199;155;5;217;176;3,0.1,19,125,19,0.1680896845877587,,False,0.8896842105263157,,,,,,19,0,54.44780000834726,2.5905000074999407,70.6338999880245,2.343399988603778
DynamicOnly_B10,JILONG_EI_0199,1130,B10,55;101;25;180;60;133;27;88;58;66;78;203;199;32;155;5;176;217;3,0.1,19,125,19,0.1680896845877587,,False,0.8867368421052632,,,,,,19,0,54.7670000087237,2.6739000022644177,70.27300000481773,3.092400002060458
DynamicOnly_B10,JILONG_EI_0199,1140,B10,55;101;25;180;60;133;88;27;58;66;78;203;199;32;155;5;176;217;3,0.1,19,125,19,0.1680896845877587,,False,0.8913684210526316,,,,,,19,0,54.73079999501351,2.653399991686456,70.8052999980282,2.359299993258901
DynamicOnly_B10,JILONG_EI_0199,1150,B10,55;101;25;180;60;133;88;27;58;66;78;203;199;32;155;5;176;217;3,0.1,19,125,19,0.1680896845877587,,False,0.8917894736842107,,,,,,19,0,54.63430000236258,3.0724999960511923,69.96530000469647,2.2228999878279865
DynamicOnly_B10,JILONG_EI_0199,1160,B10,55;101;25;180;60;133;27;88;58;62;66;203;94;199;32;155;5;176;217,0.1,19,126,19,0.1607614613564487,,False,0.899749373433584,,,,,,19,0,54.378500004531816,3.023500001290813,69.86619999224786,2.2719999979017302
DynamicOnly_B10,JILONG_EI_0199,1170,B10,55;101;25;180;60;133;88;27;58;66;203;78;199;32;155;5;176;217;3,0.1,19,125,19,0.1680896845877587,,False,0.8922105263157896,,,,,,19,0,54.94430000544526,2.614900004118681,70.68720000097528,2.267000003485009
DynamicOnly_B10,JILONG_EI_0199,1180,B10,55;101;25;180;60;133;27;88;62;58;66;203;94;199;32;155;5;176;217,0.1,19,126,19,0.1607614613564487,,False,0.9022556390977444,,,,,,19,0,54.46980000124313,2.59869999717921,70.2298999967752,3.0432999919867143
DynamicOnly_B10,JILONG_EI_0199,1190,B10,55;101;25;180;60;133;88;27;58;203;66;94;199;32;155;5;176;217;3,0.1,19,125,19,0.157078206001945,,False,0.8964210526315789,,,,,,19,0,54.32440000004135,2.638299993122928,70.43530000373721,2.942299994174391
DynamicOnly_B10,JILONG_EI_0199,1200,B10,55;101;25;180;60;133;88;27;58;203;66;94;199;32;155;5;176;217;3,0.1,19,125,19,0.157078206001945,,False,0.897263157894737,,,,,,19,0,54.79239999840502,2.6490000018384308,70.46630000695586,4.66710000182502
DynamicOnly_B10,JILONG_EI_0199,1210,B10,55;101;25;180;60;133;88;27;58;203;94;66;199;32;155;5;176;217;3,0.1,19,125,19,0.157078206001945,,False,0.8972631578947368,,,,,,19,0,56.17050000000745,2.620100000058301,70.31210001150612,2.2409999946830794
DynamicOnly_B10,JILONG_EI_0199,1220,B10,55;101;25;180;60;133;88;27;58;203;66;94;199;32;155;5;176;217;178,0.1,19,125,19,0.163188887442473,,False,0.8985263157894736,,,,,,19,0,54.51560000074096,2.9648999916389585,70.48920000670478,2.975199997308664
DynamicOnly_B10,JILONG_EI_0199,1230,B10,55;101;25;180;60;133;88;27;58;203;66;94;199;32;155;5;178;217;176,0.1,19,125,19,0.163188887442473,,False,0.8985263157894736,,,,,,19,0,54.587499995250255,2.639199999975972,71.8287999916356,2.252299993415363
DynamicOnly_B10,JILONG_EI_0199,1240,B10,55;101;25;180;60;133;27;88;58;203;66;94;199;32;155;5;217;178;176,0.1,19,125,19,0.163188887442473,,False,0.897263157894737,,,,,,19,0,55.47209999349434,3.66770000255201,70.64530000207014,2.3283000045921654
DynamicOnly_B10,JILONG_EI_0199,1250,B10,55;101;25;27;180;60;133;88;58;203;66;94;199;32;155;178;5;217;176,0.1,19,125,19,0.163188887442473,,False,0.9048421052631576,,,,,,19,0,55.62530001043342,2.6532000047154725,70.63319999724627,2.238100001704879
DynamicOnly_B10,JILONG_EI_0199,1260,B10,55;101;25;180;60;133;88;27;58;203;94;66;199;32;155;178;5;176;217,0.1,19,125,19,0.163188887442473,,False,0.9031578947368422,,,,,,19,0,55.177100002765656,2.684100007172674,70.54980000248179,2.27650000306312
DynamicOnly_B10,JILONG_EI_0199,1270,B10,55;101;25;180;60;133;88;27;58;218;94;66;199;32;178;155;5;176;3,0.1,19,125,19,0.163188887442473,,False,0.9010526315789474,,,,,,19,0,54.27520000375807,2.571200006059371,70.4567000066163,2.225299991550856
DynamicOnly_B10,JILONG_EI_0199,1280,B10,55;101;25;180;60;133;88;27;58;218;94;66;199;178;32;155;5;176;3,0.1,19,125,19,0.163188887442473,,False,0.9061052631578947,,,,,,19,0,54.22040000848938,2.581099994131364,70.06430000183173,2.2840000019641598
DynamicOnly_B10,JILONG_EI_0199,1290,B10,55;101;25;180;60;133;88;27;58;94;218;66;178;199;32;155;5;176;3,0.1,19,125,19,0.163188887442473,,False,0.9069473684210526,,,,,,19,0,55.15890000970103,3.3565999910933897,70.57860000350047,2.251699988846667
DynamicOnly_B10,JILONG_EI_0199,1300,B10,55;101;25;180;60;133;88;27;58;62;94;218;178;66;199;32;155;5;176,0.1,19,126,19,0.1668721427969768,,False,0.9126984126984128,,,,,,19,0,54.76630000339355,3.9906000019982457,70.0038999930257,2.3432000016327947
DynamicOnly_B10,JILONG_EI_0199,1310,B10,55;101;25;60;180;133;88;27;58;94;178;218;199;66;32;155;5;176;3,0.1,19,125,19,0.163188887442473,,False,0.9077894736842106,,,,,,19,0,54.84719999367371,3.18840000545606,70.62119999318384,2.246400006697513
DynamicOnly_B10,JILONG_EI_0199,1320,B10,55;101;25;60;180;133;88;27;58;94;178;218;199;66;32;155;5;176;3,0.1,19,125,19,0.163188887442473,,False,0.9082105263157892,,,,,,19,0,54.26390000502579,2.641899991431273,70.12720000057016,2.2330000065267086
DynamicOnly_B10,JILONG_EI_0199,1330,B10,55;101;25;60;180;133;88;94;27;58;178;218;199;66;32;155;5;176;3,0.1,19,125,19,0.163188887442473,,False,0.9086315789473683,,,,,,19,0,54.309699989971705,3.1586999975843355,69.85189999977592,2.2698000102536757
DynamicOnly_B10,JILONG_EI_0199,1340,B10,55;101;25;60;180;133;88;94;27;58;178;218;199;66;32;155;5;176;3,0.1,19,125,19,0.163188887442473,,False,0.9094736842105262,,,,,,19,0,54.19910000637174,3.1091999990167096,71.68449999880977,3.1636999920010567
DynamicOnly_B10,JILONG_EI_0199,1350,B10,55;101;25;60;180;133;94;88;58;178;27;62;218;199;66;32;155;5;3,0.1,19,126,19,0.1675689748910721,,False,0.9164578111946532,,,,,,19,0,54.897899986826815,2.6045999984489754,70.78320000437088,2.3012999881757423
DynamicOnly_B10,JILONG_EI_0199,1360,B10,55;101;25;180;60;94;133;178;88;58;27;199;218;66;32;155;5;3;192,0.1,19,125,19,0.1629285325941297,,False,0.9065263157894736,,,,,,19,0,54.81349999899976,2.583299996331334,70.85669999651145,2.664800005732104
DynamicOnly_B10,JILONG_EI_0199,1370,B10,55;101;25;94;27;180;60;133;178;88;58;199;218;66;32;192;155;5;3,0.1,19,125,19,0.1629285325941297,,False,0.9149473684210526,,,,,,19,0,54.751300005591474,2.6708000077633187,70.72770000377204,2.3508000012952834
DynamicOnly_B10,JILONG_EI_0199,1380,B10,55;101;94;25;180;60;178;133;88;58;27;199;218;66;192;32;155;5;3,0.1,19,125,19,0.1629285325941297,,False,0.9157894736842104,,,,,,19,0,54.4205000041984,2.9057999927317724,70.51390000560787,2.325499997823499
DynamicOnly_B10,JILONG_EI_0199,1390,B10,55;101;94;25;180;60;178;133;88;58;27;199;218;66;192;32;155;5;3,0.1,19,125,19,0.1629285325941297,,False,0.9145263157894736,,,,,,19,0,54.75840000144672,3.6327999987406656,70.2406000054907,2.2160999942570925
DynamicOnly_B10,JILONG_EI_0199,1400,B10,55;101;94;25;178;60;180;133;88;58;27;199;218;66;192;32;155;5;3,0.1,19,125,19,0.1629285325941297,,False,0.9145263157894736,,,,,,19,0,54.88790001254529,2.6095999928656965,70.02349999675062,2.279300009831786
DynamicOnly_B10,JILONG_EI_0199,1410,B10,55;101;94;25;178;180;60;133;88;58;27;199;218;66;192;32;155;5;3,0.1,19,125,19,0.1629285325941297,,False,0.9145263157894736,,,,,,19,0,54.4895000057295,2.629399998113513,70.62549999682233,2.2579000069526955
DynamicOnly_B10,JILONG_EI_0199,1420,B10,55;101;94;25;178;60;180;133;58;88;27;199;218;66;192;32;155;5;3,0.1,19,125,19,0.1629285325941297,,False,0.912842105263158,,,,,,19,0,55.39520000456832,2.6545000000623986,71.27670000772923,2.216900000348687
DynamicOnly_B10,JILONG_EI_0199,1430,B10,55;101;94;25;178;180;60;133;58;88;27;199;62;218;66;192;32;155;5,0.1,19,126,19,0.1666117879486335,,False,0.9189640768588136,,,,,,19,0,55.08930000360124,2.573899997514673,70.36690000677481,2.225199990789406
DynamicOnly_B10,JILONG_EI_0199,1440,B10,55;101;94;25;178;180;60;133;58;88;27;199;218;66;192;32;155;5;3,0.1,19,125,19,0.1629285325941297,,False,0.9153684210526316,,,,,,19,0,54.42040000343695,4.131499998038635,70.39910000457894,2.6182000001426786
