Reading data file: claw.data
         first 5 lines are comments and will be skipped
Reading data file: amr.data
         first 5 lines are comments and will be skipped
  
 Running amrclaw ...  
  
Reading data file: geoclaw.data
         first 5 lines are comments and will be skipped
Reading data file: refinement.data
         first 5 lines are comments and will be skipped
Reading data file: dtopo.data
         first 5 lines are comments and will be skipped
Reading data file: topo.data
         first 5 lines are comments and will be skipped
 *** in file: /root/autodl-tmp/Debris-flow-jilong-final/sim/dclaw/jilong_published_route_rebase/published_route_domain_64m.tt3
     Shifting xllcorner by 0.5*dx to cell center
 *** in file: /root/autodl-tmp/Debris-flow-jilong-final/sim/dclaw/jilong_published_route_rebase/published_route_domain_64m.tt3
     Shifting yllcorner by 0.5*dy to cell center
  
 Reading topography file  /root/autodl-tmp/Debris-flow-jilong-final/sim/dclaw/jilong_published_route_rebase/published_route_domain_64m.tt3                                      
 **** WARNING
 **** topo arrays do not quite cover domain
 **** area of overlap =    179568640.00000000     
 **** area of domain  =    181350400.00000000     
 **** error is less than 1% so proceeding...
Reading data file: auxinit_dclaw.data       
         first 5 lines are comments and will be skipped
  
 Reading auxinit file  /root/autodl-tmp/Debris-flow-jilong-final/sim/dclaw/jilong_published_route_rebase/entrainment/erodible_thickness_fullroute_8m.tt3                     
Reading data file: fgout_grids.data
         first 5 lines are comments and will be skipped
Reading data file: regions.data
         first 5 lines are comments and will be skipped
Reading data file: flagregions.data
         first 5 lines are comments and will be skipped
Reading data file: gauges.data
         first 5 lines are comments and will be skipped
Reading data file: fgmax_grids.data
         first 5 lines are comments and will be skipped
 +++ fgbb:    338894.00000000000        356430.00000000000        3127228.0000000000        3137468.0000000000     
 +++ fgll:    338894.00000000000        3127228.0000000000              275         161
 +++ fg%x(npts), fg%y(1):    356430.00000000000        3127228.0000000000     
Reading data file: dclaw.data               
         first 5 lines are comments and will be skipped
Reading data file: pinit_dclaw.data         
         first 5 lines are comments and will be skipped
Reading data file: qinit_dclaw.data         
         first 5 lines are comments and will be skipped
Reading data file: flowgrades.data          
         first 5 lines are comments and will be skipped
 rnode allocated...
 node allocated...
 listOfGrids allocated...
 Storage allocated...
 bndList allocated...
Gridding level   1 at t =  0.000000E+00:     1 grids with       44275 cells
  max threads set to           12
  
 Done reading data, starting computation ...  
  
 Total mass at initial time:    0.0000000000000000     
GEOCLAW: Frame    0 output files done at time t =  0.000000D+00

 AMRCLAW: level  1  CFL = .000E+00  dt = 0.5000E-01  final t = 0.500000E-01
 AMRCLAW: level  1  CFL = .000E+00  dt = 0.5000E+00  final t = 0.550000E+00
 AMRCLAW: level  1  CFL = .182E-01  dt = 0.5000E+00  final t = 0.105000E+01
 AMRCLAW: level  1  CFL = .423E-01  dt = 0.5000E+00  final t = 0.155000E+01
 AMRCLAW: level  1  CFL = .592E-01  dt = 0.5000E+00  final t = 0.205000E+01
 AMRCLAW: level  1  CFL = .804E-01  dt = 0.5000E+00  final t = 0.255000E+01
 AMRCLAW: level  1  CFL = .101E+00  dt = 0.5000E+00  final t = 0.305000E+01
 AMRCLAW: level  1  CFL = .120E+00  dt = 0.5000E+00  final t = 0.355000E+01
 AMRCLAW: level  1  CFL = .138E+00  dt = 0.5000E+00  final t = 0.405000E+01
 AMRCLAW: level  1  CFL = .155E+00  dt = 0.5000E+00  final t = 0.455000E+01
 AMRCLAW: level  1  CFL = .171E+00  dt = 0.5000E+00  final t = 0.505000E+01
 AMRCLAW: level  1  CFL = .185E+00  dt = 0.5000E+00  final t = 0.555000E+01
 AMRCLAW: level  1  CFL = .199E+00  dt = 0.5000E+00  final t = 0.605000E+01
 AMRCLAW: level  1  CFL = .211E+00  dt = 0.5000E+00  final t = 0.655000E+01
 AMRCLAW: level  1  CFL = .227E+00  dt = 0.5000E+00  final t = 0.705000E+01
 AMRCLAW: level  1  CFL = .244E+00  dt = 0.5000E+00  final t = 0.755000E+01
 AMRCLAW: level  1  CFL = .260E+00  dt = 0.5000E+00  final t = 0.805000E+01
 AMRCLAW: level  1  CFL = .275E+00  dt = 0.5000E+00  final t = 0.855000E+01
 AMRCLAW: level  1  CFL = .289E+00  dt = 0.5000E+00  final t = 0.905000E+01
 AMRCLAW: level  1  CFL = .302E+00  dt = 0.5000E+00  final t = 0.955000E+01
 AMRCLAW: level  1  CFL = .314E+00  dt = 0.5000E+00  final t = 0.100500E+02
 AMRCLAW: level  1  CFL = .326E+00  dt = 0.5000E+00  final t = 0.105500E+02
 AMRCLAW: level  1  CFL = .338E+00  dt = 0.5000E+00  final t = 0.110500E+02
 AMRCLAW: level  1  CFL = .350E+00  dt = 0.5000E+00  final t = 0.115500E+02
 AMRCLAW: level  1  CFL = .363E+00  dt = 0.5000E+00  final t = 0.120500E+02
 AMRCLAW: level  1  CFL = .376E+00  dt = 0.5000E+00  final t = 0.125500E+02
 AMRCLAW: level  1  CFL = .388E+00  dt = 0.5000E+00  final t = 0.130500E+02
 AMRCLAW: level  1  CFL = .399E+00  dt = 0.5000E+00  final t = 0.135500E+02
 AMRCLAW: level  1  CFL = .409E+00  dt = 0.5000E+00  final t = 0.140500E+02
 AMRCLAW: level  1  CFL = .418E+00  dt = 0.5000E+00  final t = 0.145500E+02
 AMRCLAW: level  1  CFL = .426E+00  dt = 0.5000E+00  final t = 0.150500E+02
 AMRCLAW: level  1  CFL = .433E+00  dt = 0.5000E+00  final t = 0.155500E+02
 AMRCLAW: level  1  CFL = .439E+00  dt = 0.5000E+00  final t = 0.160500E+02
 AMRCLAW: level  1  CFL = .443E+00  dt = 0.5000E+00  final t = 0.165500E+02
 AMRCLAW: level  1  CFL = .444E+00  dt = 0.5000E+00  final t = 0.170500E+02
 AMRCLAW: level  1  CFL = .445E+00  dt = 0.5000E+00  final t = 0.175500E+02
 AMRCLAW: level  1  CFL = .447E+00  dt = 0.5000E+00  final t = 0.180500E+02
 AMRCLAW: level  1  CFL = .448E+00  dt = 0.5000E+00  final t = 0.185500E+02
 AMRCLAW: level  1  CFL = .450E+00  dt = 0.5000E+00  final t = 0.190500E+02
 AMRCLAW: level  1  CFL = .451E+00  dt = 0.5000E+00  final t = 0.195500E+02
 AMRCLAW: level  1  CFL = .451E+00  dt = 0.4988E+00  final t = 0.200488E+02
 AMRCLAW: level  1  CFL = .451E+00  dt = 0.4973E+00  final t = 0.205462E+02
 AMRCLAW: level  1  CFL = .453E+00  dt = 0.4959E+00  final t = 0.210421E+02
 AMRCLAW: level  1  CFL = .453E+00  dt = 0.4929E+00  final t = 0.215350E+02
 AMRCLAW: level  1  CFL = .452E+00  dt = 0.4896E+00  final t = 0.220246E+02
 AMRCLAW: level  1  CFL = .451E+00  dt = 0.4871E+00  final t = 0.225117E+02
 AMRCLAW: level  1  CFL = .451E+00  dt = 0.4861E+00  final t = 0.229978E+02
 AMRCLAW: level  1  CFL = .451E+00  dt = 0.4851E+00  final t = 0.234828E+02
 AMRCLAW: level  1  CFL = .451E+00  dt = 0.4841E+00  final t = 0.239669E+02
 AMRCLAW: level  1  CFL = .451E+00  dt = 0.4832E+00  final t = 0.244501E+02
 AMRCLAW: level  1  CFL = .451E+00  dt = 0.4823E+00  final t = 0.249324E+02
 AMRCLAW: level  1  CFL = .451E+00  dt = 0.4815E+00  final t = 0.254139E+02
 AMRCLAW: level  1  CFL = .451E+00  dt = 0.4806E+00  final t = 0.258945E+02
 AMRCLAW: level  1  CFL = .451E+00  dt = 0.4798E+00  final t = 0.263743E+02
 AMRCLAW: level  1  CFL = .451E+00  dt = 0.4791E+00  final t = 0.268534E+02
 AMRCLAW: level  1  CFL = .451E+00  dt = 0.4783E+00  final t = 0.273317E+02
 AMRCLAW: level  1  CFL = .451E+00  dt = 0.4776E+00  final t = 0.278093E+02
 AMRCLAW: level  1  CFL = .451E+00  dt = 0.4769E+00  final t = 0.282862E+02
 AMRCLAW: level  1  CFL = .451E+00  dt = 0.4762E+00  final t = 0.287623E+02
 AMRCLAW: level  1  CFL = .451E+00  dt = 0.4755E+00  final t = 0.292379E+02
 AMRCLAW: level  1  CFL = .451E+00  dt = 0.4749E+00  final t = 0.297127E+02
 AMRCLAW: level  1  CFL = .273E+00  dt = 0.2873E+00  final t = 0.300000E+02
GEOCLAW: Frame    1 output files done at time t =  0.300000D+02

 AMRCLAW: level  1  CFL = .450E+00  dt = 0.4737E+00  final t = 0.304737E+02
 AMRCLAW: level  1  CFL = .451E+00  dt = 0.4733E+00  final t = 0.309470E+02
 AMRCLAW: level  1  CFL = .451E+00  dt = 0.4728E+00  final t = 0.314198E+02
 AMRCLAW: level  1  CFL = .451E+00  dt = 0.4722E+00  final t = 0.318920E+02
 AMRCLAW: level  1  CFL = .450E+00  dt = 0.4717E+00  final t = 0.323637E+02
 AMRCLAW: level  1  CFL = .450E+00  dt = 0.4712E+00  final t = 0.328348E+02
 AMRCLAW: level  1  CFL = .450E+00  dt = 0.4707E+00  final t = 0.333055E+02
 AMRCLAW: level  1  CFL = .450E+00  dt = 0.4702E+00  final t = 0.337757E+02
 AMRCLAW: level  1  CFL = .450E+00  dt = 0.4697E+00  final t = 0.342454E+02
 AMRCLAW: level  1  CFL = .450E+00  dt = 0.4693E+00  final t = 0.347147E+02
 AMRCLAW: level  1  CFL = .450E+00  dt = 0.4688E+00  final t = 0.351835E+02
 AMRCLAW: level  1  CFL = .450E+00  dt = 0.4684E+00  final t = 0.356518E+02
 AMRCLAW: level  1  CFL = .450E+00  dt = 0.4679E+00  final t = 0.361198E+02
 AMRCLAW: level  1  CFL = .450E+00  dt = 0.4675E+00  final t = 0.365873E+02
 AMRCLAW: level  1  CFL = .450E+00  dt = 0.4671E+00  final t = 0.370544E+02
 AMRCLAW: level  1  CFL = .450E+00  dt = 0.4667E+00  final t = 0.375211E+02
 AMRCLAW: level  1  CFL = .450E+00  dt = 0.4663E+00  final t = 0.379874E+02
 AMRCLAW: level  1  CFL = .450E+00  dt = 0.4659E+00  final t = 0.384533E+02
 AMRCLAW: level  1  CFL = .450E+00  dt = 0.4655E+00  final t = 0.389188E+02
 AMRCLAW: level  1  CFL = .450E+00  dt = 0.4652E+00  final t = 0.393840E+02
 AMRCLAW: level  1  CFL = .450E+00  dt = 0.4648E+00  final t = 0.398489E+02
 AMRCLAW: level  1  CFL = .450E+00  dt = 0.4645E+00  final t = 0.403134E+02
 AMRCLAW: level  1  CFL = .450E+00  dt = 0.4642E+00  final t = 0.407775E+02
 AMRCLAW: level  1  CFL = .450E+00  dt = 0.4639E+00  final t = 0.412414E+02
 AMRCLAW: level  1  CFL = .450E+00  dt = 0.4636E+00  final t = 0.417050E+02
 AMRCLAW: level  1  CFL = .450E+00  dt = 0.4633E+00  final t = 0.421683E+02
 AMRCLAW: level  1  CFL = .450E+00  dt = 0.4630E+00  final t = 0.426313E+02
 AMRCLAW: level  1  CFL = .450E+00  dt = 0.4628E+00  final t = 0.430941E+02
 AMRCLAW: level  1  CFL = .450E+00  dt = 0.4625E+00  final t = 0.435566E+02
 AMRCLAW: level  1  CFL = .450E+00  dt = 0.4623E+00  final t = 0.440189E+02
 AMRCLAW: level  1  CFL = .450E+00  dt = 0.4621E+00  final t = 0.444810E+02
 AMRCLAW: level  1  CFL = .450E+00  dt = 0.4619E+00  final t = 0.449429E+02
 AMRCLAW: level  1  CFL = .450E+00  dt = 0.4617E+00  final t = 0.454047E+02
 AMRCLAW: level  1  CFL = .450E+00  dt = 0.4616E+00  final t = 0.458662E+02
 AMRCLAW: level  1  CFL = .450E+00  dt = 0.4614E+00  final t = 0.463276E+02
 AMRCLAW: level  1  CFL = .450E+00  dt = 0.4613E+00  final t = 0.467889E+02
 AMRCLAW: level  1  CFL = .450E+00  dt = 0.4611E+00  final t = 0.472500E+02
 AMRCLAW: level  1  CFL = .450E+00  dt = 0.4610E+00  final t = 0.477111E+02
 AMRCLAW: level  1  CFL = .450E+00  dt = 0.4609E+00  final t = 0.481720E+02
 AMRCLAW: level  1  CFL = .450E+00  dt = 0.4609E+00  final t = 0.486329E+02
 AMRCLAW: level  1  CFL = .450E+00  dt = 0.4608E+00  final t = 0.490937E+02
 AMRCLAW: level  1  CFL = .450E+00  dt = 0.4607E+00  final t = 0.495544E+02
 AMRCLAW: level  1  CFL = .450E+00  dt = 0.4607E+00  final t = 0.500151E+02
 AMRCLAW: level  1  CFL = .450E+00  dt = 0.4607E+00  final t = 0.504758E+02
 AMRCLAW: level  1  CFL = .450E+00  dt = 0.4607E+00  final t = 0.509365E+02
 AMRCLAW: level  1  CFL = .450E+00  dt = 0.4607E+00  final t = 0.513971E+02
 AMRCLAW: level  1  CFL = .450E+00  dt = 0.4607E+00  final t = 0.518578E+02
 AMRCLAW: level  1  CFL = .450E+00  dt = 0.4607E+00  final t = 0.523185E+02
 AMRCLAW: level  1  CFL = .450E+00  dt = 0.4608E+00  final t = 0.527793E+02
 AMRCLAW: level  1  CFL = .450E+00  dt = 0.4608E+00  final t = 0.532401E+02
 AMRCLAW: level  1  CFL = .450E+00  dt = 0.4609E+00  final t = 0.537010E+02
 AMRCLAW: level  1  CFL = .450E+00  dt = 0.4610E+00  final t = 0.541619E+02
 AMRCLAW: level  1  CFL = .450E+00  dt = 0.4611E+00  final t = 0.546230E+02
 AMRCLAW: level  1  CFL = .450E+00  dt = 0.4612E+00  final t = 0.550842E+02
 AMRCLAW: level  1  CFL = .450E+00  dt = 0.4613E+00  final t = 0.555454E+02
 AMRCLAW: level  1  CFL = .450E+00  dt = 0.4614E+00  final t = 0.560069E+02
 AMRCLAW: level  1  CFL = .450E+00  dt = 0.4616E+00  final t = 0.564685E+02
 AMRCLAW: level  1  CFL = .450E+00  dt = 0.4618E+00  final t = 0.569302E+02
 AMRCLAW: level  1  CFL = .450E+00  dt = 0.4619E+00  final t = 0.573921E+02
 AMRCLAW: level  1  CFL = .450E+00  dt = 0.4621E+00  final t = 0.578543E+02
 AMRCLAW: level  1  CFL = .450E+00  dt = 0.4623E+00  final t = 0.583166E+02
 AMRCLAW: level  1  CFL = .449E+00  dt = 0.4621E+00  final t = 0.587787E+02
 AMRCLAW: level  1  CFL = .450E+00  dt = 0.4628E+00  final t = 0.592415E+02
 AMRCLAW: level  1  CFL = .450E+00  dt = 0.4630E+00  final t = 0.597046E+02
 AMRCLAW: level  1  CFL = .287E+00  dt = 0.2954E+00  final t = 0.600000E+02
GEOCLAW: Frame    2 output files done at time t =  0.600000D+02

 AMRCLAW: level  1  CFL = .450E+00  dt = 0.4636E+00  final t = 0.604636E+02
 AMRCLAW: level  1  CFL = .450E+00  dt = 0.4638E+00  final t = 0.609273E+02
 AMRCLAW: level  1  CFL = .451E+00  dt = 0.4641E+00  final t = 0.613914E+02
 AMRCLAW: level  1  CFL = .449E+00  dt = 0.4635E+00  final t = 0.618549E+02
 AMRCLAW: level  1  CFL = .449E+00  dt = 0.4644E+00  final t = 0.623193E+02
 AMRCLAW: level  1  CFL = .450E+00  dt = 0.4650E+00  final t = 0.627843E+02
 AMRCLAW: level  1  CFL = .450E+00  dt = 0.4654E+00  final t = 0.632497E+02
 AMRCLAW: level  1  CFL = .450E+00  dt = 0.4658E+00  final t = 0.637155E+02
 AMRCLAW: level  1  CFL = .450E+00  dt = 0.4662E+00  final t = 0.641816E+02
 AMRCLAW: level  1  CFL = .450E+00  dt = 0.4665E+00  final t = 0.646481E+02
 AMRCLAW: level  1  CFL = .450E+00  dt = 0.4667E+00  final t = 0.651148E+02
 AMRCLAW: level  1  CFL = .450E+00  dt = 0.4671E+00  final t = 0.655819E+02
 AMRCLAW: level  1  CFL = .450E+00  dt = 0.4674E+00  final t = 0.660493E+02
 AMRCLAW: level  1  CFL = .450E+00  dt = 0.4676E+00  final t = 0.665169E+02
 AMRCLAW: level  1  CFL = .450E+00  dt = 0.4681E+00  final t = 0.669850E+02
 AMRCLAW: level  1  CFL = .450E+00  dt = 0.4684E+00  final t = 0.674534E+02
 AMRCLAW: level  1  CFL = .449E+00  dt = 0.4685E+00  final t = 0.679219E+02
 AMRCLAW: level  1  CFL = .450E+00  dt = 0.4692E+00  final t = 0.683912E+02
 AMRCLAW: level  1  CFL = .450E+00  dt = 0.4696E+00  final t = 0.688608E+02
 AMRCLAW: level  1  CFL = .450E+00  dt = 0.4701E+00  final t = 0.693309E+02
 AMRCLAW: level  1  CFL = .450E+00  dt = 0.4705E+00  final t = 0.698014E+02
 AMRCLAW: level  1  CFL = .450E+00  dt = 0.4710E+00  final t = 0.702723E+02
 AMRCLAW: level  1  CFL = .450E+00  dt = 0.4714E+00  final t = 0.707438E+02
 AMRCLAW: level  1  CFL = .450E+00  dt = 0.4719E+00  final t = 0.712157E+02
 AMRCLAW: level  1  CFL = .450E+00  dt = 0.4724E+00  final t = 0.716881E+02
 AMRCLAW: level  1  CFL = .450E+00  dt = 0.4729E+00  final t = 0.721611E+02
 AMRCLAW: level  1  CFL = .450E+00  dt = 0.4734E+00  final t = 0.726345E+02
 AMRCLAW: level  1  CFL = .449E+00  dt = 0.4740E+00  final t = 0.731085E+02
 AMRCLAW: level  1  CFL = .449E+00  dt = 0.4745E+00  final t = 0.735830E+02
 AMRCLAW: level  1  CFL = .449E+00  dt = 0.4751E+00  final t = 0.740581E+02
 AMRCLAW: level  1  CFL = .449E+00  dt = 0.4756E+00  final t = 0.745337E+02
 AMRCLAW: level  1  CFL = .449E+00  dt = 0.4762E+00  final t = 0.750099E+02
 AMRCLAW: level  1  CFL = .449E+00  dt = 0.4768E+00  final t = 0.754867E+02
 AMRCLAW: level  1  CFL = .449E+00  dt = 0.4774E+00  final t = 0.759641E+02
 AMRCLAW: level  1  CFL = .449E+00  dt = 0.4780E+00  final t = 0.764421E+02
 AMRCLAW: level  1  CFL = .449E+00  dt = 0.4787E+00  final t = 0.769208E+02
 AMRCLAW: level  1  CFL = .450E+00  dt = 0.4793E+00  final t = 0.774001E+02
 AMRCLAW: level  1  CFL = .449E+00  dt = 0.4796E+00  final t = 0.778797E+02
 AMRCLAW: level  1  CFL = .450E+00  dt = 0.4806E+00  final t = 0.783603E+02
 AMRCLAW: level  1  CFL = .449E+00  dt = 0.4810E+00  final t = 0.788413E+02
 AMRCLAW: level  1  CFL = .449E+00  dt = 0.4816E+00  final t = 0.793230E+02
 AMRCLAW: level  1  CFL = .449E+00  dt = 0.4823E+00  final t = 0.798053E+02
 AMRCLAW: level  1  CFL = .452E+00  dt = 0.4831E+00  final t = 0.802883E+02
 AMRCLAW: level  1  CFL = .453E+00  dt = 0.4811E+00  final t = 0.807695E+02
 AMRCLAW: level  1  CFL = .453E+00  dt = 0.4780E+00  final t = 0.812474E+02
 AMRCLAW: level  1  CFL = .453E+00  dt = 0.4748E+00  final t = 0.817222E+02
 AMRCLAW: level  1  CFL = .453E+00  dt = 0.4716E+00  final t = 0.821938E+02
 AMRCLAW: level  1  CFL = .453E+00  dt = 0.4683E+00  final t = 0.826621E+02
 AMRCLAW: level  1  CFL = .453E+00  dt = 0.4652E+00  final t = 0.831273E+02
 AMRCLAW: level  1  CFL = .453E+00  dt = 0.4622E+00  final t = 0.835895E+02
 AMRCLAW: level  1  CFL = .452E+00  dt = 0.4595E+00  final t = 0.840490E+02
 AMRCLAW: level  1  CFL = .452E+00  dt = 0.4573E+00  final t = 0.845063E+02
 AMRCLAW: level  1  CFL = .451E+00  dt = 0.4556E+00  final t = 0.849618E+02
 AMRCLAW: level  1  CFL = .451E+00  dt = 0.4542E+00  final t = 0.854161E+02
 AMRCLAW: level  1  CFL = .451E+00  dt = 0.4533E+00  final t = 0.858693E+02
 AMRCLAW: level  1  CFL = .450E+00  dt = 0.4526E+00  final t = 0.863219E+02
 AMRCLAW: level  1  CFL = .450E+00  dt = 0.4521E+00  final t = 0.867740E+02
 AMRCLAW: level  1  CFL = .450E+00  dt = 0.4517E+00  final t = 0.872257E+02
 AMRCLAW: level  1  CFL = .450E+00  dt = 0.4515E+00  final t = 0.876772E+02
 AMRCLAW: level  1  CFL = .450E+00  dt = 0.4512E+00  final t = 0.881284E+02
 AMRCLAW: level  1  CFL = .450E+00  dt = 0.4509E+00  final t = 0.885793E+02
 AMRCLAW: level  1  CFL = .450E+00  dt = 0.4507E+00  final t = 0.890300E+02
 AMRCLAW: level  1  CFL = .450E+00  dt = 0.4503E+00  final t = 0.894803E+02
 AMRCLAW: level  1  CFL = .450E+00  dt = 0.4500E+00  final t = 0.899303E+02
 AMRCLAW: level  1  CFL = .699E-01  dt = 0.6973E-01  final t = 0.900000E+02
GEOCLAW: Frame    3 output files done at time t =  0.900000D+02

 AMRCLAW: level  1  CFL = .450E+00  dt = 0.4491E+00  final t = 0.904491E+02
 AMRCLAW: level  1  CFL = .450E+00  dt = 0.4490E+00  final t = 0.908982E+02
 AMRCLAW: level  1  CFL = .450E+00  dt = 0.4486E+00  final t = 0.913468E+02
 AMRCLAW: level  1  CFL = .450E+00  dt = 0.4482E+00  final t = 0.917950E+02
 AMRCLAW: level  1  CFL = .450E+00  dt = 0.4478E+00  final t = 0.922428E+02
 AMRCLAW: level  1  CFL = .450E+00  dt = 0.4475E+00  final t = 0.926903E+02
 AMRCLAW: level  1  CFL = .450E+00  dt = 0.4472E+00  final t = 0.931375E+02
 AMRCLAW: level  1  CFL = .450E+00  dt = 0.4470E+00  final t = 0.935845E+02
 AMRCLAW: level  1  CFL = .450E+00  dt = 0.4469E+00  final t = 0.940314E+02
 AMRCLAW: level  1  CFL = .450E+00  dt = 0.4467E+00  final t = 0.944781E+02
 AMRCLAW: level  1  CFL = .450E+00  dt = 0.4466E+00  final t = 0.949247E+02
 AMRCLAW: level  1  CFL = .450E+00  dt = 0.4465E+00  final t = 0.953712E+02
 AMRCLAW: level  1  CFL = .450E+00  dt = 0.4465E+00  final t = 0.958177E+02
 AMRCLAW: level  1  CFL = .450E+00  dt = 0.4464E+00  final t = 0.962641E+02
 AMRCLAW: level  1  CFL = .450E+00  dt = 0.4465E+00  final t = 0.967105E+02
 AMRCLAW: level  1  CFL = .450E+00  dt = 0.4465E+00  final t = 0.971570E+02
 AMRCLAW: level  1  CFL = .450E+00  dt = 0.4466E+00  final t = 0.976036E+02
 AMRCLAW: level  1  CFL = .450E+00  dt = 0.4467E+00  final t = 0.980504E+02
 AMRCLAW: level  1  CFL = .451E+00  dt = 0.4464E+00  final t = 0.984968E+02
 AMRCLAW: level  1  CFL = .450E+00  dt = 0.4459E+00  final t = 0.989427E+02
 AMRCLAW: level  1  CFL = .450E+00  dt = 0.4455E+00  final t = 0.993881E+02
 AMRCLAW: level  1  CFL = .450E+00  dt = 0.4451E+00  final t = 0.998332E+02
 AMRCLAW: level  1  CFL = .450E+00  dt = 0.4449E+00  final t = 0.100278E+03
 AMRCLAW: level  1  CFL = .450E+00  dt = 0.4448E+00  final t = 0.100723E+03
 AMRCLAW: level  1  CFL = .450E+00  dt = 0.4447E+00  final t = 0.101168E+03
 AMRCLAW: level  1  CFL = .450E+00  dt = 0.4447E+00  final t = 0.101612E+03
 AMRCLAW: level  1  CFL = .450E+00  dt = 0.4448E+00  final t = 0.102057E+03
 AMRCLAW: level  1  CFL = .450E+00  dt = 0.4449E+00  final t = 0.102502E+03
 AMRCLAW: level  1  CFL = .450E+00  dt = 0.4451E+00  final t = 0.102947E+03
 AMRCLAW: level  1  CFL = .450E+00  dt = 0.4453E+00  final t = 0.103393E+03
 AMRCLAW: level  1  CFL = .450E+00  dt = 0.4455E+00  final t = 0.103838E+03
 AMRCLAW: level  1  CFL = .450E+00  dt = 0.4458E+00  final t = 0.104284E+03
 AMRCLAW: level  1  CFL = .449E+00  dt = 0.4463E+00  final t = 0.104730E+03
 AMRCLAW: level  1  CFL = .449E+00  dt = 0.4470E+00  final t = 0.105177E+03
 AMRCLAW: level  1  CFL = .449E+00  dt = 0.4481E+00  final t = 0.105625E+03
 AMRCLAW: level  1  CFL = .449E+00  dt = 0.4494E+00  final t = 0.106075E+03
 AMRCLAW: level  1  CFL = .449E+00  dt = 0.4507E+00  final t = 0.106526E+03
 AMRCLAW: level  1  CFL = .449E+00  dt = 0.4520E+00  final t = 0.106978E+03
 AMRCLAW: level  1  CFL = .449E+00  dt = 0.4535E+00  final t = 0.107431E+03
 AMRCLAW: level  1  CFL = .449E+00  dt = 0.4548E+00  final t = 0.107886E+03
 AMRCLAW: level  1  CFL = .449E+00  dt = 0.4559E+00  final t = 0.108342E+03
 AMRCLAW: level  1  CFL = .449E+00  dt = 0.4570E+00  final t = 0.108799E+03
 AMRCLAW: level  1  CFL = .449E+00  dt = 0.4580E+00  final t = 0.109257E+03
 AMRCLAW: level  1  CFL = .449E+00  dt = 0.4590E+00  final t = 0.109716E+03
 AMRCLAW: level  1  CFL = .449E+00  dt = 0.4598E+00  final t = 0.110175E+03
 AMRCLAW: level  1  CFL = .449E+00  dt = 0.4607E+00  final t = 0.110636E+03
 AMRCLAW: level  1  CFL = .449E+00  dt = 0.4616E+00  final t = 0.111098E+03
 AMRCLAW: level  1  CFL = .449E+00  dt = 0.4625E+00  final t = 0.111560E+03
 AMRCLAW: level  1  CFL = .450E+00  dt = 0.4630E+00  final t = 0.112023E+03
 AMRCLAW: level  1  CFL = .451E+00  dt = 0.4634E+00  final t = 0.112486E+03
 AMRCLAW: level  1  CFL = .450E+00  dt = 0.4623E+00  final t = 0.112949E+03
 AMRCLAW: level  1  CFL = .451E+00  dt = 0.4623E+00  final t = 0.113411E+03
 AMRCLAW: level  1  CFL = .450E+00  dt = 0.4611E+00  final t = 0.113872E+03
 AMRCLAW: level  1  CFL = .450E+00  dt = 0.4610E+00  final t = 0.114333E+03
 AMRCLAW: level  1  CFL = .450E+00  dt = 0.4607E+00  final t = 0.114794E+03
 AMRCLAW: level  1  CFL = .451E+00  dt = 0.4602E+00  final t = 0.115254E+03
 AMRCLAW: level  1  CFL = .450E+00  dt = 0.4597E+00  final t = 0.115714E+03
 AMRCLAW: level  1  CFL = .450E+00  dt = 0.4592E+00  final t = 0.116173E+03
 AMRCLAW: level  1  CFL = .450E+00  dt = 0.4588E+00  final t = 0.116632E+03
 AMRCLAW: level  1  CFL = .450E+00  dt = 0.4584E+00  final t = 0.117090E+03
 AMRCLAW: level  1  CFL = .450E+00  dt = 0.4582E+00  final t = 0.117549E+03
 AMRCLAW: level  1  CFL = .450E+00  dt = 0.4581E+00  final t = 0.118007E+03
 AMRCLAW: level  1  CFL = .450E+00  dt = 0.4581E+00  final t = 0.118465E+03
 AMRCLAW: level  1  CFL = .450E+00  dt = 0.4581E+00  final t = 0.118923E+03
 AMRCLAW: level  1  CFL = .450E+00  dt = 0.4583E+00  final t = 0.119381E+03
 AMRCLAW: level  1  CFL = .450E+00  dt = 0.4586E+00  final t = 0.119840E+03
 AMRCLAW: level  1  CFL = .157E+00  dt = 0.1602E+00  final t = 0.120000E+03
GEOCLAW: Frame    4 output files done at time t =  0.120000D+03

 AMRCLAW: level  1  CFL = .450E+00  dt = 0.4594E+00  final t = 0.120459E+03
 AMRCLAW: level  1  CFL = .450E+00  dt = 0.4595E+00  final t = 0.120919E+03
 AMRCLAW: level  1  CFL = .450E+00  dt = 0.4598E+00  final t = 0.121379E+03
 AMRCLAW: level  1  CFL = .450E+00  dt = 0.4602E+00  final t = 0.121839E+03
 AMRCLAW: level  1  CFL = .451E+00  dt = 0.4607E+00  final t = 0.122300E+03
 AMRCLAW: level  1  CFL = .452E+00  dt = 0.4598E+00  final t = 0.122759E+03
 AMRCLAW: level  1  CFL = .452E+00  dt = 0.4578E+00  final t = 0.123217E+03
 AMRCLAW: level  1  CFL = .452E+00  dt = 0.4560E+00  final t = 0.123673E+03
 AMRCLAW: level  1  CFL = .452E+00  dt = 0.4541E+00  final t = 0.124127E+03
 AMRCLAW: level  1  CFL = .452E+00  dt = 0.4522E+00  final t = 0.124580E+03
 AMRCLAW: level  1  CFL = .451E+00  dt = 0.4500E+00  final t = 0.125030E+03
 AMRCLAW: level  1  CFL = .452E+00  dt = 0.4487E+00  final t = 0.125478E+03
 AMRCLAW: level  1  CFL = .452E+00  dt = 0.4469E+00  final t = 0.125925E+03
 AMRCLAW: level  1  CFL = .452E+00  dt = 0.4450E+00  final t = 0.126370E+03
 AMRCLAW: level  1  CFL = .452E+00  dt = 0.4435E+00  final t = 0.126814E+03
 AMRCLAW: level  1  CFL = .451E+00  dt = 0.4419E+00  final t = 0.127256E+03
 AMRCLAW: level  1  CFL = .451E+00  dt = 0.4412E+00  final t = 0.127697E+03
 AMRCLAW: level  1  CFL = .451E+00  dt = 0.4402E+00  final t = 0.128137E+03
 AMRCLAW: level  1  CFL = .451E+00  dt = 0.4392E+00  final t = 0.128576E+03
 AMRCLAW: level  1  CFL = .450E+00  dt = 0.4387E+00  final t = 0.129015E+03
 AMRCLAW: level  1  CFL = .450E+00  dt = 0.4385E+00  final t = 0.129453E+03
 AMRCLAW: level  1  CFL = .449E+00  dt = 0.4387E+00  final t = 0.129892E+03
 AMRCLAW: level  1  CFL = .449E+00  dt = 0.4392E+00  final t = 0.130331E+03
 AMRCLAW: level  1  CFL = .449E+00  dt = 0.4401E+00  final t = 0.130772E+03
 AMRCLAW: level  1  CFL = .449E+00  dt = 0.4406E+00  final t = 0.131212E+03
 AMRCLAW: level  1  CFL = .449E+00  dt = 0.4412E+00  final t = 0.131653E+03
 AMRCLAW: level  1  CFL = .449E+00  dt = 0.4420E+00  final t = 0.132095E+03
 AMRCLAW: level  1  CFL = .449E+00  dt = 0.4427E+00  final t = 0.132538E+03
 AMRCLAW: level  1  CFL = .449E+00  dt = 0.4435E+00  final t = 0.132982E+03
 AMRCLAW: level  1  CFL = .449E+00  dt = 0.4442E+00  final t = 0.133426E+03
 AMRCLAW: level  1  CFL = .449E+00  dt = 0.4449E+00  final t = 0.133871E+03
 AMRCLAW: level  1  CFL = .450E+00  dt = 0.4454E+00  final t = 0.134316E+03
 AMRCLAW: level  1  CFL = .450E+00  dt = 0.4459E+00  final t = 0.134762E+03
 AMRCLAW: level  1  CFL = .450E+00  dt = 0.4458E+00  final t = 0.135208E+03
 AMRCLAW: level  1  CFL = .450E+00  dt = 0.4453E+00  final t = 0.135653E+03
 AMRCLAW: level  1  CFL = .450E+00  dt = 0.4450E+00  final t = 0.136098E+03
 AMRCLAW: level  1  CFL = .450E+00  dt = 0.4447E+00  final t = 0.136543E+03
 AMRCLAW: level  1  CFL = .450E+00  dt = 0.4445E+00  final t = 0.136987E+03
 AMRCLAW: level  1  CFL = .450E+00  dt = 0.4444E+00  final t = 0.137432E+03
 AMRCLAW: level  1  CFL = .450E+00  dt = 0.4443E+00  final t = 0.137876E+03
 AMRCLAW: level  1  CFL = .450E+00  dt = 0.4442E+00  final t = 0.138320E+03
 AMRCLAW: level  1  CFL = .450E+00  dt = 0.4441E+00  final t = 0.138764E+03
 AMRCLAW: level  1  CFL = .450E+00  dt = 0.4440E+00  final t = 0.139208E+03
 AMRCLAW: level  1  CFL = .450E+00  dt = 0.4439E+00  final t = 0.139652E+03
 AMRCLAW: level  1  CFL = .450E+00  dt = 0.4438E+00  final t = 0.140096E+03
 AMRCLAW: level  1  CFL = .450E+00  dt = 0.4437E+00  final t = 0.140540E+03
 AMRCLAW: level  1  CFL = .450E+00  dt = 0.4436E+00  final t = 0.140983E+03
 AMRCLAW: level  1  CFL = .450E+00  dt = 0.4435E+00  final t = 0.141427E+03
 AMRCLAW: level  1  CFL = .450E+00  dt = 0.4434E+00  final t = 0.141870E+03
 AMRCLAW: level  1  CFL = .450E+00  dt = 0.4433E+00  final t = 0.142314E+03
 AMRCLAW: level  1  CFL = .450E+00  dt = 0.4432E+00  final t = 0.142757E+03
 AMRCLAW: level  1  CFL = .450E+00  dt = 0.4431E+00  final t = 0.143200E+03
 AMRCLAW: level  1  CFL = .450E+00  dt = 0.4430E+00  final t = 0.143643E+03
 AMRCLAW: level  1  CFL = .450E+00  dt = 0.4430E+00  final t = 0.144086E+03
 AMRCLAW: level  1  CFL = .450E+00  dt = 0.4429E+00  final t = 0.144529E+03
 AMRCLAW: level  1  CFL = .450E+00  dt = 0.4429E+00  final t = 0.144972E+03
 AMRCLAW: level  1  CFL = .450E+00  dt = 0.4429E+00  final t = 0.145415E+03
 AMRCLAW: level  1  CFL = .450E+00  dt = 0.4429E+00  final t = 0.145858E+03
 AMRCLAW: level  1  CFL = .450E+00  dt = 0.4428E+00  final t = 0.146300E+03
 AMRCLAW: level  1  CFL = .450E+00  dt = 0.4428E+00  final t = 0.146743E+03
 AMRCLAW: level  1  CFL = .450E+00  dt = 0.4428E+00  final t = 0.147186E+03
 AMRCLAW: level  1  CFL = .450E+00  dt = 0.4428E+00  final t = 0.147629E+03
 AMRCLAW: level  1  CFL = .450E+00  dt = 0.4427E+00  final t = 0.148071E+03
 AMRCLAW: level  1  CFL = .450E+00  dt = 0.4427E+00  final t = 0.148514E+03
 AMRCLAW: level  1  CFL = .450E+00  dt = 0.4427E+00  final t = 0.148957E+03
 AMRCLAW: level  1  CFL = .450E+00  dt = 0.4427E+00  final t = 0.149400E+03
 AMRCLAW: level  1  CFL = .450E+00  dt = 0.4427E+00  final t = 0.149842E+03
 AMRCLAW: level  1  CFL = .160E+00  dt = 0.1577E+00  final t = 0.150000E+03
GEOCLAW: Frame    5 output files done at time t =  0.150000D+03

 AMRCLAW: level  1  CFL = .450E+00  dt = 0.4427E+00  final t = 0.150443E+03
 AMRCLAW: level  1  CFL = .450E+00  dt = 0.4427E+00  final t = 0.150885E+03
 AMRCLAW: level  1  CFL = .450E+00  dt = 0.4427E+00  final t = 0.151328E+03
 AMRCLAW: level  1  CFL = .450E+00  dt = 0.4427E+00  final t = 0.151771E+03
 AMRCLAW: level  1  CFL = .450E+00  dt = 0.4427E+00  final t = 0.152213E+03
 AMRCLAW: level  1  CFL = .450E+00  dt = 0.4427E+00  final t = 0.152656E+03
 AMRCLAW: level  1  CFL = .450E+00  dt = 0.4427E+00  final t = 0.153099E+03
 AMRCLAW: level  1  CFL = .450E+00  dt = 0.4427E+00  final t = 0.153542E+03
 AMRCLAW: level  1  CFL = .450E+00  dt = 0.4427E+00  final t = 0.153984E+03
 AMRCLAW: level  1  CFL = .450E+00  dt = 0.4427E+00  final t = 0.154427E+03
 AMRCLAW: level  1  CFL = .450E+00  dt = 0.4427E+00  final t = 0.154870E+03
 AMRCLAW: level  1  CFL = .450E+00  dt = 0.4428E+00  final t = 0.155312E+03
 AMRCLAW: level  1  CFL = .450E+00  dt = 0.4428E+00  final t = 0.155755E+03
 AMRCLAW: level  1  CFL = .450E+00  dt = 0.4429E+00  final t = 0.156198E+03
 AMRCLAW: level  1  CFL = .450E+00  dt = 0.4429E+00  final t = 0.156641E+03
 AMRCLAW: level  1  CFL = .450E+00  dt = 0.4430E+00  final t = 0.157084E+03
 AMRCLAW: level  1  CFL = .450E+00  dt = 0.4431E+00  final t = 0.157527E+03
 AMRCLAW: level  1  CFL = .450E+00  dt = 0.4433E+00  final t = 0.157970E+03
 AMRCLAW: level  1  CFL = .450E+00  dt = 0.4434E+00  final t = 0.158414E+03
 AMRCLAW: level  1  CFL = .450E+00  dt = 0.4436E+00  final t = 0.158857E+03
 AMRCLAW: level  1  CFL = .450E+00  dt = 0.4437E+00  final t = 0.159301E+03
 AMRCLAW: level  1  CFL = .450E+00  dt = 0.4439E+00  final t = 0.159745E+03
 AMRCLAW: level  1  CFL = .450E+00  dt = 0.4442E+00  final t = 0.160189E+03
 AMRCLAW: level  1  CFL = .450E+00  dt = 0.4444E+00  final t = 0.160634E+03
 AMRCLAW: level  1  CFL = .450E+00  dt = 0.4447E+00  final t = 0.161078E+03
 AMRCLAW: level  1  CFL = .450E+00  dt = 0.4450E+00  final t = 0.161523E+03
 AMRCLAW: level  1  CFL = .450E+00  dt = 0.4452E+00  final t = 0.161969E+03
 AMRCLAW: level  1  CFL = .450E+00  dt = 0.4455E+00  final t = 0.162414E+03
 AMRCLAW: level  1  CFL = .450E+00  dt = 0.4458E+00  final t = 0.162860E+03
 AMRCLAW: level  1  CFL = .450E+00  dt = 0.4456E+00  final t = 0.163305E+03
 AMRCLAW: level  1  CFL = .450E+00  dt = 0.4455E+00  final t = 0.163751E+03
 AMRCLAW: level  1  CFL = .450E+00  dt = 0.4455E+00  final t = 0.164197E+03
 AMRCLAW: level  1  CFL = .450E+00  dt = 0.4455E+00  final t = 0.164642E+03
 AMRCLAW: level  1  CFL = .450E+00  dt = 0.4456E+00  final t = 0.165088E+03
 AMRCLAW: level  1  CFL = .450E+00  dt = 0.4458E+00  final t = 0.165533E+03
 AMRCLAW: level  1  CFL = .450E+00  dt = 0.4459E+00  final t = 0.165979E+03
 AMRCLAW: level  1  CFL = .450E+00  dt = 0.4461E+00  final t = 0.166425E+03
 AMRCLAW: level  1  CFL = .450E+00  dt = 0.4460E+00  final t = 0.166872E+03
 AMRCLAW: level  1  CFL = .450E+00  dt = 0.4459E+00  final t = 0.167317E+03
 AMRCLAW: level  1  CFL = .450E+00  dt = 0.4457E+00  final t = 0.167763E+03
 AMRCLAW: level  1  CFL = .450E+00  dt = 0.4455E+00  final t = 0.168209E+03
 AMRCLAW: level  1  CFL = .450E+00  dt = 0.4453E+00  final t = 0.168654E+03
 AMRCLAW: level  1  CFL = .450E+00  dt = 0.4451E+00  final t = 0.169099E+03
 AMRCLAW: level  1  CFL = .450E+00  dt = 0.4449E+00  final t = 0.169544E+03
 AMRCLAW: level  1  CFL = .450E+00  dt = 0.4447E+00  final t = 0.169989E+03
 AMRCLAW: level  1  CFL = .450E+00  dt = 0.4446E+00  final t = 0.170433E+03
 AMRCLAW: level  1  CFL = .450E+00  dt = 0.4445E+00  final t = 0.170878E+03
 AMRCLAW: level  1  CFL = .450E+00  dt = 0.4444E+00  final t = 0.171322E+03
 AMRCLAW: level  1  CFL = .450E+00  dt = 0.4443E+00  final t = 0.171766E+03
 AMRCLAW: level  1  CFL = .450E+00  dt = 0.4443E+00  final t = 0.172211E+03
 AMRCLAW: level  1  CFL = .450E+00  dt = 0.4443E+00  final t = 0.172655E+03
 AMRCLAW: level  1  CFL = .450E+00  dt = 0.4443E+00  final t = 0.173099E+03
 AMRCLAW: level  1  CFL = .450E+00  dt = 0.4443E+00  final t = 0.173543E+03
 AMRCLAW: level  1  CFL = .450E+00  dt = 0.4443E+00  final t = 0.173988E+03
 AMRCLAW: level  1  CFL = .450E+00  dt = 0.4444E+00  final t = 0.174432E+03
 AMRCLAW: level  1  CFL = .450E+00  dt = 0.4445E+00  final t = 0.174877E+03
 AMRCLAW: level  1  CFL = .450E+00  dt = 0.4446E+00  final t = 0.175321E+03
 AMRCLAW: level  1  CFL = .450E+00  dt = 0.4447E+00  final t = 0.175766E+03
 AMRCLAW: level  1  CFL = .450E+00  dt = 0.4449E+00  final t = 0.176211E+03
 AMRCLAW: level  1  CFL = .450E+00  dt = 0.4450E+00  final t = 0.176656E+03
 AMRCLAW: level  1  CFL = .450E+00  dt = 0.4452E+00  final t = 0.177101E+03
 AMRCLAW: level  1  CFL = .450E+00  dt = 0.4454E+00  final t = 0.177547E+03
 AMRCLAW: level  1  CFL = .450E+00  dt = 0.4456E+00  final t = 0.177992E+03
 AMRCLAW: level  1  CFL = .450E+00  dt = 0.4458E+00  final t = 0.178438E+03
 AMRCLAW: level  1  CFL = .450E+00  dt = 0.4461E+00  final t = 0.178884E+03
 AMRCLAW: level  1  CFL = .450E+00  dt = 0.4463E+00  final t = 0.179330E+03
 AMRCLAW: level  1  CFL = .450E+00  dt = 0.4466E+00  final t = 0.179777E+03
 AMRCLAW: level  1  CFL = .224E+00  dt = 0.2231E+00  final t = 0.180000E+03
GEOCLAW: Frame    6 output files done at time t =  0.180000D+03

 AMRCLAW: level  1  CFL = .450E+00  dt = 0.4471E+00  final t = 0.180447E+03
 AMRCLAW: level  1  CFL = .450E+00  dt = 0.4473E+00  final t = 0.180894E+03
 AMRCLAW: level  1  CFL = .450E+00  dt = 0.4475E+00  final t = 0.181342E+03
 AMRCLAW: level  1  CFL = .450E+00  dt = 0.4478E+00  final t = 0.181790E+03
 AMRCLAW: level  1  CFL = .450E+00  dt = 0.4481E+00  final t = 0.182238E+03
 AMRCLAW: level  1  CFL = .450E+00  dt = 0.4483E+00  final t = 0.182686E+03
 AMRCLAW: level  1  CFL = .450E+00  dt = 0.4486E+00  final t = 0.183135E+03
 AMRCLAW: level  1  CFL = .450E+00  dt = 0.4489E+00  final t = 0.183584E+03
 AMRCLAW: level  1  CFL = .450E+00  dt = 0.4492E+00  final t = 0.184033E+03
 AMRCLAW: level  1  CFL = .450E+00  dt = 0.4495E+00  final t = 0.184482E+03
 AMRCLAW: level  1  CFL = .450E+00  dt = 0.4498E+00  final t = 0.184932E+03
 AMRCLAW: level  1  CFL = .450E+00  dt = 0.4501E+00  final t = 0.185382E+03
 AMRCLAW: level  1  CFL = .450E+00  dt = 0.4505E+00  final t = 0.185833E+03
 AMRCLAW: level  1  CFL = .450E+00  dt = 0.4508E+00  final t = 0.186284E+03
 AMRCLAW: level  1  CFL = .450E+00  dt = 0.4512E+00  final t = 0.186735E+03
 AMRCLAW: level  1  CFL = .450E+00  dt = 0.4516E+00  final t = 0.187186E+03
 AMRCLAW: level  1  CFL = .450E+00  dt = 0.4520E+00  final t = 0.187638E+03
 AMRCLAW: level  1  CFL = .450E+00  dt = 0.4524E+00  final t = 0.188091E+03
 AMRCLAW: level  1  CFL = .450E+00  dt = 0.4528E+00  final t = 0.188544E+03
 AMRCLAW: level  1  CFL = .450E+00  dt = 0.4532E+00  final t = 0.188997E+03
 AMRCLAW: level  1  CFL = .450E+00  dt = 0.4534E+00  final t = 0.189450E+03
 AMRCLAW: level  1  CFL = .450E+00  dt = 0.4536E+00  final t = 0.189904E+03
 AMRCLAW: level  1  CFL = .450E+00  dt = 0.4538E+00  final t = 0.190358E+03
 AMRCLAW: level  1  CFL = .450E+00  dt = 0.4541E+00  final t = 0.190812E+03
 AMRCLAW: level  1  CFL = .450E+00  dt = 0.4543E+00  final t = 0.191266E+03
 AMRCLAW: level  1  CFL = .450E+00  dt = 0.4545E+00  final t = 0.191720E+03
 AMRCLAW: level  1  CFL = .450E+00  dt = 0.4548E+00  final t = 0.192175E+03
 AMRCLAW: level  1  CFL = .450E+00  dt = 0.4551E+00  final t = 0.192630E+03
 AMRCLAW: level  1  CFL = .450E+00  dt = 0.4553E+00  final t = 0.193086E+03
 AMRCLAW: level  1  CFL = .450E+00  dt = 0.4556E+00  final t = 0.193541E+03
 AMRCLAW: level  1  CFL = .450E+00  dt = 0.4559E+00  final t = 0.193997E+03
 AMRCLAW: level  1  CFL = .450E+00  dt = 0.4562E+00  final t = 0.194453E+03
 AMRCLAW: level  1  CFL = .450E+00  dt = 0.4565E+00  final t = 0.194910E+03
 AMRCLAW: level  1  CFL = .450E+00  dt = 0.4569E+00  final t = 0.195367E+03
 AMRCLAW: level  1  CFL = .451E+00  dt = 0.4572E+00  final t = 0.195824E+03
 AMRCLAW: level  1  CFL = .451E+00  dt = 0.4565E+00  final t = 0.196281E+03
 AMRCLAW: level  1  CFL = .452E+00  dt = 0.4558E+00  final t = 0.196736E+03
 AMRCLAW: level  1  CFL = .452E+00  dt = 0.4537E+00  final t = 0.197190E+03
 AMRCLAW: level  1  CFL = .452E+00  dt = 0.4515E+00  final t = 0.197642E+03
 AMRCLAW: level  1  CFL = .452E+00  dt = 0.4495E+00  final t = 0.198091E+03
 AMRCLAW: level  1  CFL = .452E+00  dt = 0.4477E+00  final t = 0.198539E+03
 AMRCLAW: level  1  CFL = .451E+00  dt = 0.4461E+00  final t = 0.198985E+03
 AMRCLAW: level  1  CFL = .451E+00  dt = 0.4446E+00  final t = 0.199429E+03
 AMRCLAW: level  1  CFL = .451E+00  dt = 0.4433E+00  final t = 0.199873E+03
 AMRCLAW: level  1  CFL = .451E+00  dt = 0.4422E+00  final t = 0.200315E+03
 AMRCLAW: level  1  CFL = .451E+00  dt = 0.4411E+00  final t = 0.200756E+03
 AMRCLAW: level  1  CFL = .451E+00  dt = 0.4402E+00  final t = 0.201196E+03
 AMRCLAW: level  1  CFL = .451E+00  dt = 0.4394E+00  final t = 0.201636E+03
 AMRCLAW: level  1  CFL = .451E+00  dt = 0.4387E+00  final t = 0.202075E+03
 AMRCLAW: level  1  CFL = .451E+00  dt = 0.4382E+00  final t = 0.202513E+03
 AMRCLAW: level  1  CFL = .450E+00  dt = 0.4377E+00  final t = 0.202950E+03
 AMRCLAW: level  1  CFL = .450E+00  dt = 0.4372E+00  final t = 0.203388E+03
 AMRCLAW: level  1  CFL = .450E+00  dt = 0.4369E+00  final t = 0.203825E+03
 AMRCLAW: level  1  CFL = .450E+00  dt = 0.4367E+00  final t = 0.204261E+03
 AMRCLAW: level  1  CFL = .450E+00  dt = 0.4366E+00  final t = 0.204698E+03
 AMRCLAW: level  1  CFL = .450E+00  dt = 0.4364E+00  final t = 0.205134E+03
 AMRCLAW: level  1  CFL = .450E+00  dt = 0.4363E+00  final t = 0.205571E+03
 AMRCLAW: level  1  CFL = .450E+00  dt = 0.4363E+00  final t = 0.206007E+03
 AMRCLAW: level  1  CFL = .450E+00  dt = 0.4363E+00  final t = 0.206443E+03
 AMRCLAW: level  1  CFL = .450E+00  dt = 0.4363E+00  final t = 0.206879E+03
 AMRCLAW: level  1  CFL = .450E+00  dt = 0.4363E+00  final t = 0.207316E+03
 AMRCLAW: level  1  CFL = .450E+00  dt = 0.4364E+00  final t = 0.207752E+03
 AMRCLAW: level  1  CFL = .450E+00  dt = 0.4366E+00  final t = 0.208189E+03
 AMRCLAW: level  1  CFL = .450E+00  dt = 0.4367E+00  final t = 0.208625E+03
 AMRCLAW: level  1  CFL = .450E+00  dt = 0.4368E+00  final t = 0.209062E+03
 AMRCLAW: level  1  CFL = .450E+00  dt = 0.4370E+00  final t = 0.209499E+03
 AMRCLAW: level  1  CFL = .450E+00  dt = 0.4373E+00  final t = 0.209937E+03
 AMRCLAW: level  1  CFL = .652E-01  dt = 0.6343E-01  final t = 0.210000E+03
GEOCLAW: Frame    7 output files done at time t =  0.210000D+03

 AMRCLAW: level  1  CFL = .450E+00  dt = 0.4378E+00  final t = 0.210438E+03
 AMRCLAW: level  1  CFL = .450E+00  dt = 0.4378E+00  final t = 0.210876E+03
 AMRCLAW: level  1  CFL = .450E+00  dt = 0.4381E+00  final t = 0.211314E+03
 AMRCLAW: level  1  CFL = .450E+00  dt = 0.4383E+00  final t = 0.211752E+03
 AMRCLAW: level  1  CFL = .450E+00  dt = 0.4386E+00  final t = 0.212191E+03
 AMRCLAW: level  1  CFL = .450E+00  dt = 0.4389E+00  final t = 0.212629E+03
 AMRCLAW: level  1  CFL = .450E+00  dt = 0.4392E+00  final t = 0.213069E+03
 AMRCLAW: level  1  CFL = .450E+00  dt = 0.4395E+00  final t = 0.213508E+03
 AMRCLAW: level  1  CFL = .450E+00  dt = 0.4398E+00  final t = 0.213948E+03
 AMRCLAW: level  1  CFL = .450E+00  dt = 0.4402E+00  final t = 0.214388E+03
 AMRCLAW: level  1  CFL = .450E+00  dt = 0.4405E+00  final t = 0.214829E+03
 AMRCLAW: level  1  CFL = .450E+00  dt = 0.4408E+00  final t = 0.215269E+03
 AMRCLAW: level  1  CFL = .450E+00  dt = 0.4412E+00  final t = 0.215711E+03
 AMRCLAW: level  1  CFL = .450E+00  dt = 0.4415E+00  final t = 0.216152E+03
 AMRCLAW: level  1  CFL = .450E+00  dt = 0.4419E+00  final t = 0.216594E+03
 AMRCLAW: level  1  CFL = .450E+00  dt = 0.4423E+00  final t = 0.217036E+03
 AMRCLAW: level  1  CFL = .450E+00  dt = 0.4427E+00  final t = 0.217479E+03
 AMRCLAW: level  1  CFL = .450E+00  dt = 0.4431E+00  final t = 0.217922E+03
 AMRCLAW: level  1  CFL = .450E+00  dt = 0.4434E+00  final t = 0.218366E+03
 AMRCLAW: level  1  CFL = .450E+00  dt = 0.4433E+00  final t = 0.218809E+03
 AMRCLAW: level  1  CFL = .450E+00  dt = 0.4432E+00  final t = 0.219252E+03
 AMRCLAW: level  1  CFL = .450E+00  dt = 0.4431E+00  final t = 0.219695E+03
 AMRCLAW: level  1  CFL = .450E+00  dt = 0.4432E+00  final t = 0.220138E+03
 AMRCLAW: level  1  CFL = .450E+00  dt = 0.4433E+00  final t = 0.220582E+03
 AMRCLAW: level  1  CFL = .450E+00  dt = 0.4432E+00  final t = 0.221025E+03
 AMRCLAW: level  1  CFL = .450E+00  dt = 0.4433E+00  final t = 0.221468E+03
 AMRCLAW: level  1  CFL = .450E+00  dt = 0.4429E+00  final t = 0.221911E+03
 AMRCLAW: level  1  CFL = .450E+00  dt = 0.4434E+00  final t = 0.222354E+03
 AMRCLAW: level  1  CFL = .450E+00  dt = 0.4433E+00  final t = 0.222798E+03
 AMRCLAW: level  1  CFL = .450E+00  dt = 0.4433E+00  final t = 0.223241E+03
 AMRCLAW: level  1  CFL = .450E+00  dt = 0.4433E+00  final t = 0.223684E+03
 AMRCLAW: level  1  CFL = .451E+00  dt = 0.4432E+00  final t = 0.224128E+03
 AMRCLAW: level  1  CFL = .451E+00  dt = 0.4424E+00  final t = 0.224570E+03
 AMRCLAW: level  1  CFL = .452E+00  dt = 0.4410E+00  final t = 0.225011E+03
 AMRCLAW: level  1  CFL = .452E+00  dt = 0.4394E+00  final t = 0.225450E+03
 AMRCLAW: level  1  CFL = .451E+00  dt = 0.4380E+00  final t = 0.225888E+03
 AMRCLAW: level  1  CFL = .451E+00  dt = 0.4367E+00  final t = 0.226325E+03
 AMRCLAW: level  1  CFL = .451E+00  dt = 0.4355E+00  final t = 0.226761E+03
 AMRCLAW: level  1  CFL = .451E+00  dt = 0.4345E+00  final t = 0.227195E+03
 AMRCLAW: level  1  CFL = .451E+00  dt = 0.4336E+00  final t = 0.227629E+03
 AMRCLAW: level  1  CFL = .451E+00  dt = 0.4328E+00  final t = 0.228062E+03
 AMRCLAW: level  1  CFL = .451E+00  dt = 0.4321E+00  final t = 0.228494E+03
 AMRCLAW: level  1  CFL = .451E+00  dt = 0.4314E+00  final t = 0.228925E+03
 AMRCLAW: level  1  CFL = .451E+00  dt = 0.4307E+00  final t = 0.229356E+03
 AMRCLAW: level  1  CFL = .451E+00  dt = 0.4299E+00  final t = 0.229786E+03
 AMRCLAW: level  1  CFL = .451E+00  dt = 0.4292E+00  final t = 0.230215E+03
 AMRCLAW: level  1  CFL = .451E+00  dt = 0.4286E+00  final t = 0.230643E+03
 AMRCLAW: level  1  CFL = .451E+00  dt = 0.4280E+00  final t = 0.231071E+03
 AMRCLAW: level  1  CFL = .450E+00  dt = 0.4275E+00  final t = 0.231499E+03
 AMRCLAW: level  1  CFL = .450E+00  dt = 0.4271E+00  final t = 0.231926E+03
 AMRCLAW: level  1  CFL = .450E+00  dt = 0.4268E+00  final t = 0.232353E+03
 AMRCLAW: level  1  CFL = .450E+00  dt = 0.4265E+00  final t = 0.232779E+03
 AMRCLAW: level  1  CFL = .450E+00  dt = 0.4264E+00  final t = 0.233206E+03
 AMRCLAW: level  1  CFL = .450E+00  dt = 0.4263E+00  final t = 0.233632E+03
 AMRCLAW: level  1  CFL = .450E+00  dt = 0.4262E+00  final t = 0.234058E+03
 AMRCLAW: level  1  CFL = .450E+00  dt = 0.4262E+00  final t = 0.234484E+03
 AMRCLAW: level  1  CFL = .450E+00  dt = 0.4261E+00  final t = 0.234911E+03
 AMRCLAW: level  1  CFL = .450E+00  dt = 0.4261E+00  final t = 0.235337E+03
 AMRCLAW: level  1  CFL = .450E+00  dt = 0.4260E+00  final t = 0.235763E+03
 AMRCLAW: level  1  CFL = .450E+00  dt = 0.4260E+00  final t = 0.236189E+03
 AMRCLAW: level  1  CFL = .450E+00  dt = 0.4259E+00  final t = 0.236615E+03
 AMRCLAW: level  1  CFL = .450E+00  dt = 0.4259E+00  final t = 0.237040E+03
 AMRCLAW: level  1  CFL = .450E+00  dt = 0.4258E+00  final t = 0.237466E+03
 AMRCLAW: level  1  CFL = .450E+00  dt = 0.4258E+00  final t = 0.237892E+03
 AMRCLAW: level  1  CFL = .450E+00  dt = 0.4257E+00  final t = 0.238318E+03
 AMRCLAW: level  1  CFL = .450E+00  dt = 0.4257E+00  final t = 0.238743E+03
 AMRCLAW: level  1  CFL = .450E+00  dt = 0.4257E+00  final t = 0.239169E+03
 AMRCLAW: level  1  CFL = .450E+00  dt = 0.4257E+00  final t = 0.239595E+03
 AMRCLAW: level  1  CFL = .428E+00  dt = 0.4051E+00  final t = 0.240000E+03
GEOCLAW: Frame    8 output files done at time t =  0.240000D+03

 AMRCLAW: level  1  CFL = .450E+00  dt = 0.4257E+00  final t = 0.240426E+03
 AMRCLAW: level  1  CFL = .450E+00  dt = 0.4258E+00  final t = 0.240851E+03
 AMRCLAW: level  1  CFL = .450E+00  dt = 0.4258E+00  final t = 0.241277E+03
 AMRCLAW: level  1  CFL = .450E+00  dt = 0.4258E+00  final t = 0.241703E+03
 AMRCLAW: level  1  CFL = .450E+00  dt = 0.4259E+00  final t = 0.242129E+03
 AMRCLAW: level  1  CFL = .450E+00  dt = 0.4260E+00  final t = 0.242555E+03
 AMRCLAW: level  1  CFL = .450E+00  dt = 0.4260E+00  final t = 0.242981E+03
 AMRCLAW: level  1  CFL = .450E+00  dt = 0.4261E+00  final t = 0.243407E+03
 AMRCLAW: level  1  CFL = .450E+00  dt = 0.4261E+00  final t = 0.243833E+03
 AMRCLAW: level  1  CFL = .450E+00  dt = 0.4262E+00  final t = 0.244259E+03
 AMRCLAW: level  1  CFL = .450E+00  dt = 0.4263E+00  final t = 0.244686E+03
 AMRCLAW: level  1  CFL = .450E+00  dt = 0.4263E+00  final t = 0.245112E+03
 AMRCLAW: level  1  CFL = .450E+00  dt = 0.4264E+00  final t = 0.245538E+03
 AMRCLAW: level  1  CFL = .450E+00  dt = 0.4265E+00  final t = 0.245965E+03
 AMRCLAW: level  1  CFL = .450E+00  dt = 0.4266E+00  final t = 0.246392E+03
 AMRCLAW: level  1  CFL = .450E+00  dt = 0.4267E+00  final t = 0.246818E+03
 AMRCLAW: level  1  CFL = .450E+00  dt = 0.4268E+00  final t = 0.247245E+03
 AMRCLAW: level  1  CFL = .450E+00  dt = 0.4269E+00  final t = 0.247672E+03
 AMRCLAW: level  1  CFL = .451E+00  dt = 0.4270E+00  final t = 0.248099E+03
 AMRCLAW: level  1  CFL = .451E+00  dt = 0.4257E+00  final t = 0.248525E+03
 AMRCLAW: level  1  CFL = .451E+00  dt = 0.4244E+00  final t = 0.248949E+03
 AMRCLAW: level  1  CFL = .451E+00  dt = 0.4232E+00  final t = 0.249372E+03
 AMRCLAW: level  1  CFL = .451E+00  dt = 0.4221E+00  final t = 0.249794E+03
 AMRCLAW: level  1  CFL = .451E+00  dt = 0.4212E+00  final t = 0.250215E+03
 AMRCLAW: level  1  CFL = .451E+00  dt = 0.4203E+00  final t = 0.250636E+03
 AMRCLAW: level  1  CFL = .451E+00  dt = 0.4195E+00  final t = 0.251055E+03
 AMRCLAW: level  1  CFL = .451E+00  dt = 0.4188E+00  final t = 0.251474E+03
 AMRCLAW: level  1  CFL = .451E+00  dt = 0.4181E+00  final t = 0.251892E+03
 AMRCLAW: level  1  CFL = .451E+00  dt = 0.4174E+00  final t = 0.252309E+03
 AMRCLAW: level  1  CFL = .451E+00  dt = 0.4168E+00  final t = 0.252726E+03
 AMRCLAW: level  1  CFL = .451E+00  dt = 0.4162E+00  final t = 0.253142E+03
 AMRCLAW: level  1  CFL = .451E+00  dt = 0.4157E+00  final t = 0.253558E+03
 AMRCLAW: level  1  CFL = .450E+00  dt = 0.4152E+00  final t = 0.253973E+03
 AMRCLAW: level  1  CFL = .450E+00  dt = 0.4148E+00  final t = 0.254388E+03
 AMRCLAW: level  1  CFL = .450E+00  dt = 0.4143E+00  final t = 0.254803E+03
 AMRCLAW: level  1  CFL = .450E+00  dt = 0.4140E+00  final t = 0.255216E+03
 AMRCLAW: level  1  CFL = .450E+00  dt = 0.4136E+00  final t = 0.255630E+03
 AMRCLAW: level  1  CFL = .450E+00  dt = 0.4133E+00  final t = 0.256043E+03
 AMRCLAW: level  1  CFL = .450E+00  dt = 0.4130E+00  final t = 0.256456E+03
 AMRCLAW: level  1  CFL = .450E+00  dt = 0.4127E+00  final t = 0.256869E+03
 AMRCLAW: level  1  CFL = .450E+00  dt = 0.4125E+00  final t = 0.257282E+03
 AMRCLAW: level  1  CFL = .450E+00  dt = 0.4123E+00  final t = 0.257694E+03
 AMRCLAW: level  1  CFL = .450E+00  dt = 0.4121E+00  final t = 0.258106E+03
 AMRCLAW: level  1  CFL = .450E+00  dt = 0.4120E+00  final t = 0.258518E+03
 AMRCLAW: level  1  CFL = .450E+00  dt = 0.4119E+00  final t = 0.258930E+03
 AMRCLAW: level  1  CFL = .450E+00  dt = 0.4118E+00  final t = 0.259342E+03
 AMRCLAW: level  1  CFL = .450E+00  dt = 0.4117E+00  final t = 0.259753E+03
 AMRCLAW: level  1  CFL = .450E+00  dt = 0.4116E+00  final t = 0.260165E+03
 AMRCLAW: level  1  CFL = .450E+00  dt = 0.4116E+00  final t = 0.260576E+03
 AMRCLAW: level  1  CFL = .450E+00  dt = 0.4115E+00  final t = 0.260988E+03
 AMRCLAW: level  1  CFL = .450E+00  dt = 0.4114E+00  final t = 0.261399E+03
 AMRCLAW: level  1  CFL = .450E+00  dt = 0.4114E+00  final t = 0.261811E+03
 AMRCLAW: level  1  CFL = .450E+00  dt = 0.4114E+00  final t = 0.262222E+03
 AMRCLAW: level  1  CFL = .450E+00  dt = 0.4113E+00  final t = 0.262634E+03
 AMRCLAW: level  1  CFL = .450E+00  dt = 0.4113E+00  final t = 0.263045E+03
 AMRCLAW: level  1  CFL = .450E+00  dt = 0.4113E+00  final t = 0.263456E+03
 AMRCLAW: level  1  CFL = .450E+00  dt = 0.4113E+00  final t = 0.263867E+03
 AMRCLAW: level  1  CFL = .450E+00  dt = 0.4113E+00  final t = 0.264279E+03
 AMRCLAW: level  1  CFL = .450E+00  dt = 0.4113E+00  final t = 0.264690E+03
 AMRCLAW: level  1  CFL = .450E+00  dt = 0.4113E+00  final t = 0.265101E+03
 AMRCLAW: level  1  CFL = .450E+00  dt = 0.4113E+00  final t = 0.265513E+03
 AMRCLAW: level  1  CFL = .450E+00  dt = 0.4113E+00  final t = 0.265924E+03
 AMRCLAW: level  1  CFL = .450E+00  dt = 0.4113E+00  final t = 0.266335E+03
 AMRCLAW: level  1  CFL = .450E+00  dt = 0.4114E+00  final t = 0.266747E+03
 AMRCLAW: level  1  CFL = .450E+00  dt = 0.4114E+00  final t = 0.267158E+03
 AMRCLAW: level  1  CFL = .450E+00  dt = 0.4114E+00  final t = 0.267569E+03
 AMRCLAW: level  1  CFL = .450E+00  dt = 0.4115E+00  final t = 0.267981E+03
 AMRCLAW: level  1  CFL = .450E+00  dt = 0.4115E+00  final t = 0.268392E+03
 AMRCLAW: level  1  CFL = .450E+00  dt = 0.4116E+00  final t = 0.268804E+03
 AMRCLAW: level  1  CFL = .450E+00  dt = 0.4117E+00  final t = 0.269216E+03
 AMRCLAW: level  1  CFL = .450E+00  dt = 0.4117E+00  final t = 0.269627E+03
 AMRCLAW: level  1  CFL = .407E+00  dt = 0.3726E+00  final t = 0.270000E+03
GEOCLAW: Frame    9 output files done at time t =  0.270000D+03

 AMRCLAW: level  1  CFL = .450E+00  dt = 0.4119E+00  final t = 0.270412E+03
 AMRCLAW: level  1  CFL = .450E+00  dt = 0.4119E+00  final t = 0.270824E+03
 AMRCLAW: level  1  CFL = .450E+00  dt = 0.4120E+00  final t = 0.271236E+03
 AMRCLAW: level  1  CFL = .450E+00  dt = 0.4121E+00  final t = 0.271648E+03
 AMRCLAW: level  1  CFL = .450E+00  dt = 0.4122E+00  final t = 0.272060E+03
 AMRCLAW: level  1  CFL = .450E+00  dt = 0.4123E+00  final t = 0.272472E+03
 AMRCLAW: level  1  CFL = .450E+00  dt = 0.4124E+00  final t = 0.272885E+03
 AMRCLAW: level  1  CFL = .450E+00  dt = 0.4125E+00  final t = 0.273297E+03
 AMRCLAW: level  1  CFL = .450E+00  dt = 0.4126E+00  final t = 0.273710E+03
 AMRCLAW: level  1  CFL = .450E+00  dt = 0.4128E+00  final t = 0.274123E+03
 AMRCLAW: level  1  CFL = .450E+00  dt = 0.4129E+00  final t = 0.274536E+03
 AMRCLAW: level  1  CFL = .450E+00  dt = 0.4130E+00  final t = 0.274949E+03
 AMRCLAW: level  1  CFL = .450E+00  dt = 0.4131E+00  final t = 0.275362E+03
 AMRCLAW: level  1  CFL = .450E+00  dt = 0.4133E+00  final t = 0.275775E+03
 AMRCLAW: level  1  CFL = .450E+00  dt = 0.4134E+00  final t = 0.276189E+03
 AMRCLAW: level  1  CFL = .450E+00  dt = 0.4136E+00  final t = 0.276602E+03
 AMRCLAW: level  1  CFL = .450E+00  dt = 0.4138E+00  final t = 0.277016E+03
 AMRCLAW: level  1  CFL = .450E+00  dt = 0.4139E+00  final t = 0.277430E+03
 AMRCLAW: level  1  CFL = .450E+00  dt = 0.4141E+00  final t = 0.277844E+03
 AMRCLAW: level  1  CFL = .450E+00  dt = 0.4143E+00  final t = 0.278258E+03
 AMRCLAW: level  1  CFL = .450E+00  dt = 0.4144E+00  final t = 0.278673E+03
 AMRCLAW: level  1  CFL = .450E+00  dt = 0.4146E+00  final t = 0.279087E+03
 AMRCLAW: level  1  CFL = .450E+00  dt = 0.4148E+00  final t = 0.279502E+03
 AMRCLAW: level  1  CFL = .450E+00  dt = 0.4150E+00  final t = 0.279917E+03
 AMRCLAW: level  1  CFL = .450E+00  dt = 0.4151E+00  final t = 0.280332E+03
 AMRCLAW: level  1  CFL = .450E+00  dt = 0.4153E+00  final t = 0.280748E+03
 AMRCLAW: level  1  CFL = .450E+00  dt = 0.4155E+00  final t = 0.281163E+03
 AMRCLAW: level  1  CFL = .450E+00  dt = 0.4157E+00  final t = 0.281579E+03
 AMRCLAW: level  1  CFL = .450E+00  dt = 0.4158E+00  final t = 0.281995E+03
 AMRCLAW: level  1  CFL = .450E+00  dt = 0.4160E+00  final t = 0.282411E+03
 AMRCLAW: level  1  CFL = .450E+00  dt = 0.4162E+00  final t = 0.282827E+03
 AMRCLAW: level  1  CFL = .450E+00  dt = 0.4164E+00  final t = 0.283243E+03
 AMRCLAW: level  1  CFL = .450E+00  dt = 0.4166E+00  final t = 0.283660E+03
 AMRCLAW: level  1  CFL = .450E+00  dt = 0.4168E+00  final t = 0.284077E+03
 AMRCLAW: level  1  CFL = .450E+00  dt = 0.4170E+00  final t = 0.284494E+03
 AMRCLAW: level  1  CFL = .450E+00  dt = 0.4172E+00  final t = 0.284911E+03
 AMRCLAW: level  1  CFL = .450E+00  dt = 0.4174E+00  final t = 0.285328E+03
 AMRCLAW: level  1  CFL = .450E+00  dt = 0.4176E+00  final t = 0.285746E+03
 AMRCLAW: level  1  CFL = .450E+00  dt = 0.4178E+00  final t = 0.286164E+03
 AMRCLAW: level  1  CFL = .450E+00  dt = 0.4181E+00  final t = 0.286582E+03
 AMRCLAW: level  1  CFL = .450E+00  dt = 0.4183E+00  final t = 0.287000E+03
 AMRCLAW: level  1  CFL = .450E+00  dt = 0.4185E+00  final t = 0.287419E+03
 AMRCLAW: level  1  CFL = .450E+00  dt = 0.4187E+00  final t = 0.287837E+03
 AMRCLAW: level  1  CFL = .450E+00  dt = 0.4189E+00  final t = 0.288256E+03
 AMRCLAW: level  1  CFL = .450E+00  dt = 0.4192E+00  final t = 0.288675E+03
 AMRCLAW: level  1  CFL = .450E+00  dt = 0.4194E+00  final t = 0.289095E+03
 AMRCLAW: level  1  CFL = .450E+00  dt = 0.4197E+00  final t = 0.289514E+03
 AMRCLAW: level  1  CFL = .450E+00  dt = 0.4199E+00  final t = 0.289934E+03
 AMRCLAW: level  1  CFL = .450E+00  dt = 0.4202E+00  final t = 0.290355E+03
 AMRCLAW: level  1  CFL = .450E+00  dt = 0.4205E+00  final t = 0.290775E+03
 AMRCLAW: level  1  CFL = .450E+00  dt = 0.4208E+00  final t = 0.291196E+03
 AMRCLAW: level  1  CFL = .450E+00  dt = 0.4210E+00  final t = 0.291617E+03
 AMRCLAW: level  1  CFL = .450E+00  dt = 0.4213E+00  final t = 0.292038E+03
 AMRCLAW: level  1  CFL = .450E+00  dt = 0.4216E+00  final t = 0.292460E+03
 AMRCLAW: level  1  CFL = .450E+00  dt = 0.4219E+00  final t = 0.292882E+03
 AMRCLAW: level  1  CFL = .450E+00  dt = 0.4222E+00  final t = 0.293304E+03
 AMRCLAW: level  1  CFL = .450E+00  dt = 0.4225E+00  final t = 0.293726E+03
 AMRCLAW: level  1  CFL = .450E+00  dt = 0.4228E+00  final t = 0.294149E+03
 AMRCLAW: level  1  CFL = .450E+00  dt = 0.4230E+00  final t = 0.294572E+03
 AMRCLAW: level  1  CFL = .450E+00  dt = 0.4233E+00  final t = 0.294996E+03
 AMRCLAW: level  1  CFL = .450E+00  dt = 0.4236E+00  final t = 0.295419E+03
 AMRCLAW: level  1  CFL = .450E+00  dt = 0.4239E+00  final t = 0.295843E+03
 AMRCLAW: level  1  CFL = .450E+00  dt = 0.4242E+00  final t = 0.296267E+03
 AMRCLAW: level  1  CFL = .450E+00  dt = 0.4245E+00  final t = 0.296692E+03
 AMRCLAW: level  1  CFL = .450E+00  dt = 0.4248E+00  final t = 0.297116E+03
 AMRCLAW: level  1  CFL = .450E+00  dt = 0.4250E+00  final t = 0.297542E+03
 AMRCLAW: level  1  CFL = .450E+00  dt = 0.4253E+00  final t = 0.297967E+03
 AMRCLAW: level  1  CFL = .450E+00  dt = 0.4256E+00  final t = 0.298392E+03
 AMRCLAW: level  1  CFL = .450E+00  dt = 0.4259E+00  final t = 0.298818E+03
 AMRCLAW: level  1  CFL = .450E+00  dt = 0.4261E+00  final t = 0.299244E+03
 AMRCLAW: level  1  CFL = .450E+00  dt = 0.4264E+00  final t = 0.299671E+03
 AMRCLAW: level  1  CFL = .347E+00  dt = 0.3291E+00  final t = 0.300000E+03
GEOCLAW: Frame   10 output files done at time t =  0.300000D+03

 AMRCLAW: level  1  CFL = .450E+00  dt = 0.4269E+00  final t = 0.300427E+03
 AMRCLAW: level  1  CFL = .450E+00  dt = 0.4271E+00  final t = 0.300854E+03
 AMRCLAW: level  1  CFL = .450E+00  dt = 0.4274E+00  final t = 0.301281E+03
 AMRCLAW: level  1  CFL = .450E+00  dt = 0.4276E+00  final t = 0.301709E+03
 AMRCLAW: level  1  CFL = .450E+00  dt = 0.4279E+00  final t = 0.302137E+03
 AMRCLAW: level  1  CFL = .450E+00  dt = 0.4281E+00  final t = 0.302565E+03
 AMRCLAW: level  1  CFL = .450E+00  dt = 0.4284E+00  final t = 0.302993E+03
 AMRCLAW: level  1  CFL = .450E+00  dt = 0.4286E+00  final t = 0.303422E+03
 AMRCLAW: level  1  CFL = .450E+00  dt = 0.4288E+00  final t = 0.303851E+03
 AMRCLAW: level  1  CFL = .450E+00  dt = 0.4291E+00  final t = 0.304280E+03
 AMRCLAW: level  1  CFL = .450E+00  dt = 0.4293E+00  final t = 0.304709E+03
 AMRCLAW: level  1  CFL = .450E+00  dt = 0.4295E+00  final t = 0.305139E+03
 AMRCLAW: level  1  CFL = .450E+00  dt = 0.4297E+00  final t = 0.305569E+03
 AMRCLAW: level  1  CFL = .450E+00  dt = 0.4299E+00  final t = 0.305998E+03
 AMRCLAW: level  1  CFL = .450E+00  dt = 0.4302E+00  final t = 0.306429E+03
 AMRCLAW: level  1  CFL = .450E+00  dt = 0.4304E+00  final t = 0.306859E+03
 AMRCLAW: level  1  CFL = .450E+00  dt = 0.4306E+00  final t = 0.307290E+03
 AMRCLAW: level  1  CFL = .450E+00  dt = 0.4308E+00  final t = 0.307720E+03
 AMRCLAW: level  1  CFL = .450E+00  dt = 0.4309E+00  final t = 0.308151E+03
 AMRCLAW: level  1  CFL = .450E+00  dt = 0.4311E+00  final t = 0.308582E+03
 AMRCLAW: level  1  CFL = .450E+00  dt = 0.4313E+00  final t = 0.309014E+03
 AMRCLAW: level  1  CFL = .450E+00  dt = 0.4315E+00  final t = 0.309445E+03
 AMRCLAW: level  1  CFL = .450E+00  dt = 0.4317E+00  final t = 0.309877E+03
 AMRCLAW: level  1  CFL = .450E+00  dt = 0.4318E+00  final t = 0.310309E+03
 AMRCLAW: level  1  CFL = .450E+00  dt = 0.4320E+00  final t = 0.310741E+03
 AMRCLAW: level  1  CFL = .450E+00  dt = 0.4321E+00  final t = 0.311173E+03
 AMRCLAW: level  1  CFL = .450E+00  dt = 0.4323E+00  final t = 0.311605E+03
 AMRCLAW: level  1  CFL = .450E+00  dt = 0.4324E+00  final t = 0.312037E+03
 AMRCLAW: level  1  CFL = .450E+00  dt = 0.4326E+00  final t = 0.312470E+03
 AMRCLAW: level  1  CFL = .450E+00  dt = 0.4327E+00  final t = 0.312903E+03
 AMRCLAW: level  1  CFL = .450E+00  dt = 0.4328E+00  final t = 0.313336E+03
 AMRCLAW: level  1  CFL = .450E+00  dt = 0.4330E+00  final t = 0.313769E+03
 AMRCLAW: level  1  CFL = .450E+00  dt = 0.4331E+00  final t = 0.314202E+03
 AMRCLAW: level  1  CFL = .450E+00  dt = 0.4332E+00  final t = 0.314635E+03
 AMRCLAW: level  1  CFL = .450E+00  dt = 0.4333E+00  final t = 0.315068E+03
 AMRCLAW: level  1  CFL = .450E+00  dt = 0.4334E+00  final t = 0.315501E+03
 AMRCLAW: level  1  CFL = .450E+00  dt = 0.4335E+00  final t = 0.315935E+03
 AMRCLAW: level  1  CFL = .450E+00  dt = 0.4336E+00  final t = 0.316369E+03
 AMRCLAW: level  1  CFL = .450E+00  dt = 0.4337E+00  final t = 0.316802E+03
 AMRCLAW: level  1  CFL = .450E+00  dt = 0.4338E+00  final t = 0.317236E+03
 AMRCLAW: level  1  CFL = .450E+00  dt = 0.4339E+00  final t = 0.317670E+03
 AMRCLAW: level  1  CFL = .450E+00  dt = 0.4339E+00  final t = 0.318104E+03
 AMRCLAW: level  1  CFL = .450E+00  dt = 0.4340E+00  final t = 0.318538E+03
 AMRCLAW: level  1  CFL = .450E+00  dt = 0.4341E+00  final t = 0.318972E+03
 AMRCLAW: level  1  CFL = .450E+00  dt = 0.4342E+00  final t = 0.319406E+03
 AMRCLAW: level  1  CFL = .450E+00  dt = 0.4343E+00  final t = 0.319841E+03
 AMRCLAW: level  1  CFL = .450E+00  dt = 0.4344E+00  final t = 0.320275E+03
 AMRCLAW: level  1  CFL = .450E+00  dt = 0.4345E+00  final t = 0.320709E+03
 AMRCLAW: level  1  CFL = .450E+00  dt = 0.4346E+00  final t = 0.321144E+03
 AMRCLAW: level  1  CFL = .450E+00  dt = 0.4348E+00  final t = 0.321579E+03
 AMRCLAW: level  1  CFL = .450E+00  dt = 0.4349E+00  final t = 0.322014E+03
 AMRCLAW: level  1  CFL = .450E+00  dt = 0.4351E+00  final t = 0.322449E+03
 AMRCLAW: level  1  CFL = .450E+00  dt = 0.4352E+00  final t = 0.322884E+03
 AMRCLAW: level  1  CFL = .450E+00  dt = 0.4354E+00  final t = 0.323319E+03
 AMRCLAW: level  1  CFL = .450E+00  dt = 0.4356E+00  final t = 0.323755E+03
 AMRCLAW: level  1  CFL = .450E+00  dt = 0.4358E+00  final t = 0.324191E+03
 AMRCLAW: level  1  CFL = .450E+00  dt = 0.4360E+00  final t = 0.324627E+03
 AMRCLAW: level  1  CFL = .450E+00  dt = 0.4362E+00  final t = 0.325063E+03
 AMRCLAW: level  1  CFL = .450E+00  dt = 0.4364E+00  final t = 0.325499E+03
 AMRCLAW: level  1  CFL = .450E+00  dt = 0.4367E+00  final t = 0.325936E+03
 AMRCLAW: level  1  CFL = .450E+00  dt = 0.4370E+00  final t = 0.326373E+03
 AMRCLAW: level  1  CFL = .450E+00  dt = 0.4373E+00  final t = 0.326810E+03
 AMRCLAW: level  1  CFL = .450E+00  dt = 0.4376E+00  final t = 0.327248E+03
 AMRCLAW: level  1  CFL = .450E+00  dt = 0.4380E+00  final t = 0.327686E+03
 AMRCLAW: level  1  CFL = .450E+00  dt = 0.4383E+00  final t = 0.328124E+03
 AMRCLAW: level  1  CFL = .450E+00  dt = 0.4387E+00  final t = 0.328563E+03
 AMRCLAW: level  1  CFL = .450E+00  dt = 0.4391E+00  final t = 0.329002E+03
 AMRCLAW: level  1  CFL = .450E+00  dt = 0.4396E+00  final t = 0.329442E+03
 AMRCLAW: level  1  CFL = .449E+00  dt = 0.4400E+00  final t = 0.329882E+03
 AMRCLAW: level  1  CFL = .121E+00  dt = 0.1182E+00  final t = 0.330000E+03
GEOCLAW: Frame   11 output files done at time t =  0.330000D+03

 AMRCLAW: level  1  CFL = .450E+00  dt = 0.4411E+00  final t = 0.330441E+03
 AMRCLAW: level  1  CFL = .449E+00  dt = 0.4412E+00  final t = 0.330882E+03
 AMRCLAW: level  1  CFL = .449E+00  dt = 0.4417E+00  final t = 0.331324E+03
 AMRCLAW: level  1  CFL = .450E+00  dt = 0.4423E+00  final t = 0.331766E+03
 AMRCLAW: level  1  CFL = .450E+00  dt = 0.4423E+00  final t = 0.332209E+03
 AMRCLAW: level  1  CFL = .450E+00  dt = 0.4424E+00  final t = 0.332651E+03
 AMRCLAW: level  1  CFL = .450E+00  dt = 0.4424E+00  final t = 0.333093E+03
 AMRCLAW: level  1  CFL = .450E+00  dt = 0.4425E+00  final t = 0.333536E+03
 AMRCLAW: level  1  CFL = .450E+00  dt = 0.4425E+00  final t = 0.333978E+03
 AMRCLAW: level  1  CFL = .450E+00  dt = 0.4426E+00  final t = 0.334421E+03
 AMRCLAW: level  1  CFL = .450E+00  dt = 0.4427E+00  final t = 0.334864E+03
 AMRCLAW: level  1  CFL = .450E+00  dt = 0.4428E+00  final t = 0.335307E+03
 AMRCLAW: level  1  CFL = .450E+00  dt = 0.4429E+00  final t = 0.335749E+03
 AMRCLAW: level  1  CFL = .450E+00  dt = 0.4430E+00  final t = 0.336192E+03
 AMRCLAW: level  1  CFL = .450E+00  dt = 0.4431E+00  final t = 0.336635E+03
 AMRCLAW: level  1  CFL = .450E+00  dt = 0.4431E+00  final t = 0.337079E+03
 AMRCLAW: level  1  CFL = .450E+00  dt = 0.4432E+00  final t = 0.337522E+03
 AMRCLAW: level  1  CFL = .450E+00  dt = 0.4433E+00  final t = 0.337965E+03
 AMRCLAW: level  1  CFL = .450E+00  dt = 0.4433E+00  final t = 0.338408E+03
 AMRCLAW: level  1  CFL = .450E+00  dt = 0.4434E+00  final t = 0.338852E+03
 AMRCLAW: level  1  CFL = .450E+00  dt = 0.4434E+00  final t = 0.339295E+03
 AMRCLAW: level  1  CFL = .450E+00  dt = 0.4435E+00  final t = 0.339739E+03
 AMRCLAW: level  1  CFL = .450E+00  dt = 0.4435E+00  final t = 0.340182E+03
 AMRCLAW: level  1  CFL = .450E+00  dt = 0.4436E+00  final t = 0.340626E+03
 AMRCLAW: level  1  CFL = .450E+00  dt = 0.4436E+00  final t = 0.341069E+03
 AMRCLAW: level  1  CFL = .450E+00  dt = 0.4437E+00  final t = 0.341513E+03
 AMRCLAW: level  1  CFL = .450E+00  dt = 0.4438E+00  final t = 0.341957E+03
 AMRCLAW: level  1  CFL = .450E+00  dt = 0.4439E+00  final t = 0.342401E+03
 AMRCLAW: level  1  CFL = .450E+00  dt = 0.4441E+00  final t = 0.342845E+03
 AMRCLAW: level  1  CFL = .450E+00  dt = 0.4443E+00  final t = 0.343289E+03
 AMRCLAW: level  1  CFL = .450E+00  dt = 0.4447E+00  final t = 0.343734E+03
 AMRCLAW: level  1  CFL = .450E+00  dt = 0.4449E+00  final t = 0.344179E+03
 AMRCLAW: level  1  CFL = .450E+00  dt = 0.4453E+00  final t = 0.344624E+03
 AMRCLAW: level  1  CFL = .450E+00  dt = 0.4457E+00  final t = 0.345070E+03
 AMRCLAW: level  1  CFL = .450E+00  dt = 0.4460E+00  final t = 0.345516E+03
 AMRCLAW: level  1  CFL = .450E+00  dt = 0.4464E+00  final t = 0.345962E+03
 AMRCLAW: level  1  CFL = .450E+00  dt = 0.4468E+00  final t = 0.346409E+03
 AMRCLAW: level  1  CFL = .450E+00  dt = 0.4473E+00  final t = 0.346856E+03
 AMRCLAW: level  1  CFL = .450E+00  dt = 0.4477E+00  final t = 0.347304E+03
 AMRCLAW: level  1  CFL = .449E+00  dt = 0.4482E+00  final t = 0.347752E+03
 AMRCLAW: level  1  CFL = .449E+00  dt = 0.4488E+00  final t = 0.348201E+03
 AMRCLAW: level  1  CFL = .449E+00  dt = 0.4494E+00  final t = 0.348650E+03
 AMRCLAW: level  1  CFL = .449E+00  dt = 0.4501E+00  final t = 0.349101E+03
 AMRCLAW: level  1  CFL = .449E+00  dt = 0.4508E+00  final t = 0.349551E+03
 AMRCLAW: level  1  CFL = .449E+00  dt = 0.4516E+00  final t = 0.350003E+03
 AMRCLAW: level  1  CFL = .449E+00  dt = 0.4525E+00  final t = 0.350455E+03
 AMRCLAW: level  1  CFL = .449E+00  dt = 0.4533E+00  final t = 0.350909E+03
 AMRCLAW: level  1  CFL = .449E+00  dt = 0.4542E+00  final t = 0.351363E+03
 AMRCLAW: level  1  CFL = .449E+00  dt = 0.4550E+00  final t = 0.351818E+03
 AMRCLAW: level  1  CFL = .449E+00  dt = 0.4558E+00  final t = 0.352274E+03
 AMRCLAW: level  1  CFL = .449E+00  dt = 0.4566E+00  final t = 0.352730E+03
 AMRCLAW: level  1  CFL = .449E+00  dt = 0.4575E+00  final t = 0.353188E+03
 AMRCLAW: level  1  CFL = .449E+00  dt = 0.4585E+00  final t = 0.353646E+03
 AMRCLAW: level  1  CFL = .449E+00  dt = 0.4596E+00  final t = 0.354106E+03
 AMRCLAW: level  1  CFL = .449E+00  dt = 0.4606E+00  final t = 0.354566E+03
 AMRCLAW: level  1  CFL = .449E+00  dt = 0.4615E+00  final t = 0.355028E+03
 AMRCLAW: level  1  CFL = .449E+00  dt = 0.4624E+00  final t = 0.355490E+03
 AMRCLAW: level  1  CFL = .449E+00  dt = 0.4633E+00  final t = 0.355954E+03
 AMRCLAW: level  1  CFL = .449E+00  dt = 0.4641E+00  final t = 0.356418E+03
 AMRCLAW: level  1  CFL = .449E+00  dt = 0.4648E+00  final t = 0.356883E+03
 AMRCLAW: level  1  CFL = .449E+00  dt = 0.4656E+00  final t = 0.357348E+03
 AMRCLAW: level  1  CFL = .449E+00  dt = 0.4663E+00  final t = 0.357814E+03
 AMRCLAW: level  1  CFL = .449E+00  dt = 0.4669E+00  final t = 0.358281E+03
 AMRCLAW: level  1  CFL = .449E+00  dt = 0.4676E+00  final t = 0.358749E+03
 AMRCLAW: level  1  CFL = .450E+00  dt = 0.4681E+00  final t = 0.359217E+03
 AMRCLAW: level  1  CFL = .450E+00  dt = 0.4686E+00  final t = 0.359686E+03
 AMRCLAW: level  1  CFL = .302E+00  dt = 0.3144E+00  final t = 0.360000E+03
GEOCLAW: Frame   12 output files done at time t =  0.360000D+03

 AMRCLAW: level  1  CFL = .450E+00  dt = 0.4685E+00  final t = 0.360469E+03
 AMRCLAW: level  1  CFL = .450E+00  dt = 0.4685E+00  final t = 0.360937E+03
 AMRCLAW: level  1  CFL = .450E+00  dt = 0.4684E+00  final t = 0.361405E+03
 AMRCLAW: level  1  CFL = .450E+00  dt = 0.4684E+00  final t = 0.361874E+03
 AMRCLAW: level  1  CFL = .450E+00  dt = 0.4684E+00  final t = 0.362342E+03
 AMRCLAW: level  1  CFL = .450E+00  dt = 0.4686E+00  final t = 0.362811E+03
 AMRCLAW: level  1  CFL = .450E+00  dt = 0.4688E+00  final t = 0.363280E+03
 AMRCLAW: level  1  CFL = .450E+00  dt = 0.4692E+00  final t = 0.363749E+03
 AMRCLAW: level  1  CFL = .450E+00  dt = 0.4696E+00  final t = 0.364218E+03
 AMRCLAW: level  1  CFL = .450E+00  dt = 0.4700E+00  final t = 0.364688E+03
 AMRCLAW: level  1  CFL = .449E+00  dt = 0.4705E+00  final t = 0.365159E+03
 AMRCLAW: level  1  CFL = .449E+00  dt = 0.4711E+00  final t = 0.365630E+03
 AMRCLAW: level  1  CFL = .449E+00  dt = 0.4716E+00  final t = 0.366102E+03
 AMRCLAW: level  1  CFL = .449E+00  dt = 0.4722E+00  final t = 0.366574E+03
 AMRCLAW: level  1  CFL = .449E+00  dt = 0.4729E+00  final t = 0.367047E+03
 AMRCLAW: level  1  CFL = .449E+00  dt = 0.4735E+00  final t = 0.367520E+03
 AMRCLAW: level  1  CFL = .449E+00  dt = 0.4742E+00  final t = 0.367994E+03
 AMRCLAW: level  1  CFL = .449E+00  dt = 0.4749E+00  final t = 0.368469E+03
 AMRCLAW: level  1  CFL = .449E+00  dt = 0.4757E+00  final t = 0.368945E+03
 AMRCLAW: level  1  CFL = .449E+00  dt = 0.4765E+00  final t = 0.369422E+03
 AMRCLAW: level  1  CFL = .449E+00  dt = 0.4773E+00  final t = 0.369899E+03
 AMRCLAW: level  1  CFL = .449E+00  dt = 0.4782E+00  final t = 0.370377E+03
 AMRCLAW: level  1  CFL = .449E+00  dt = 0.4792E+00  final t = 0.370856E+03
 AMRCLAW: level  1  CFL = .449E+00  dt = 0.4802E+00  final t = 0.371336E+03
 AMRCLAW: level  1  CFL = .449E+00  dt = 0.4813E+00  final t = 0.371818E+03
 AMRCLAW: level  1  CFL = .449E+00  dt = 0.4824E+00  final t = 0.372300E+03
 AMRCLAW: level  1  CFL = .449E+00  dt = 0.4836E+00  final t = 0.372784E+03
 AMRCLAW: level  1  CFL = .449E+00  dt = 0.4849E+00  final t = 0.373269E+03
 AMRCLAW: level  1  CFL = .449E+00  dt = 0.4862E+00  final t = 0.373755E+03
 AMRCLAW: level  1  CFL = .449E+00  dt = 0.4875E+00  final t = 0.374242E+03
 AMRCLAW: level  1  CFL = .449E+00  dt = 0.4889E+00  final t = 0.374731E+03
 AMRCLAW: level  1  CFL = .449E+00  dt = 0.4904E+00  final t = 0.375222E+03
 AMRCLAW: level  1  CFL = .449E+00  dt = 0.4918E+00  final t = 0.375714E+03
 AMRCLAW: level  1  CFL = .449E+00  dt = 0.4933E+00  final t = 0.376207E+03
 AMRCLAW: level  1  CFL = .449E+00  dt = 0.4949E+00  final t = 0.376702E+03
 AMRCLAW: level  1  CFL = .449E+00  dt = 0.4964E+00  final t = 0.377198E+03
 AMRCLAW: level  1  CFL = .449E+00  dt = 0.4980E+00  final t = 0.377696E+03
 AMRCLAW: level  1  CFL = .449E+00  dt = 0.4995E+00  final t = 0.378196E+03
 AMRCLAW: level  1  CFL = .448E+00  dt = 0.5000E+00  final t = 0.378696E+03
 AMRCLAW: level  1  CFL = .447E+00  dt = 0.5000E+00  final t = 0.379196E+03
 AMRCLAW: level  1  CFL = .445E+00  dt = 0.5000E+00  final t = 0.379696E+03
 AMRCLAW: level  1  CFL = .444E+00  dt = 0.5000E+00  final t = 0.380196E+03
 AMRCLAW: level  1  CFL = .443E+00  dt = 0.5000E+00  final t = 0.380696E+03
 AMRCLAW: level  1  CFL = .443E+00  dt = 0.5000E+00  final t = 0.381196E+03
 AMRCLAW: level  1  CFL = .442E+00  dt = 0.5000E+00  final t = 0.381696E+03
 AMRCLAW: level  1  CFL = .441E+00  dt = 0.5000E+00  final t = 0.382196E+03
 AMRCLAW: level  1  CFL = .441E+00  dt = 0.5000E+00  final t = 0.382696E+03
 AMRCLAW: level  1  CFL = .440E+00  dt = 0.5000E+00  final t = 0.383196E+03
 AMRCLAW: level  1  CFL = .439E+00  dt = 0.5000E+00  final t = 0.383696E+03
 AMRCLAW: level  1  CFL = .438E+00  dt = 0.5000E+00  final t = 0.384196E+03
 AMRCLAW: level  1  CFL = .437E+00  dt = 0.5000E+00  final t = 0.384696E+03
 AMRCLAW: level  1  CFL = .437E+00  dt = 0.5000E+00  final t = 0.385196E+03
 AMRCLAW: level  1  CFL = .436E+00  dt = 0.5000E+00  final t = 0.385696E+03
 AMRCLAW: level  1  CFL = .435E+00  dt = 0.5000E+00  final t = 0.386196E+03
 AMRCLAW: level  1  CFL = .434E+00  dt = 0.5000E+00  final t = 0.386696E+03
 AMRCLAW: level  1  CFL = .434E+00  dt = 0.5000E+00  final t = 0.387196E+03
 AMRCLAW: level  1  CFL = .433E+00  dt = 0.5000E+00  final t = 0.387696E+03
 AMRCLAW: level  1  CFL = .432E+00  dt = 0.5000E+00  final t = 0.388196E+03
 AMRCLAW: level  1  CFL = .431E+00  dt = 0.5000E+00  final t = 0.388696E+03
 AMRCLAW: level  1  CFL = .430E+00  dt = 0.5000E+00  final t = 0.389196E+03
 AMRCLAW: level  1  CFL = .429E+00  dt = 0.5000E+00  final t = 0.389696E+03
 AMRCLAW: level  1  CFL = .261E+00  dt = 0.3044E+00  final t = 0.390000E+03
GEOCLAW: Frame   13 output files done at time t =  0.390000D+03

 AMRCLAW: level  1  CFL = .428E+00  dt = 0.5000E+00  final t = 0.390500E+03
 AMRCLAW: level  1  CFL = .427E+00  dt = 0.5000E+00  final t = 0.391000E+03
 AMRCLAW: level  1  CFL = .426E+00  dt = 0.5000E+00  final t = 0.391500E+03
 AMRCLAW: level  1  CFL = .425E+00  dt = 0.5000E+00  final t = 0.392000E+03
 AMRCLAW: level  1  CFL = .424E+00  dt = 0.5000E+00  final t = 0.392500E+03
 AMRCLAW: level  1  CFL = .424E+00  dt = 0.5000E+00  final t = 0.393000E+03
 AMRCLAW: level  1  CFL = .423E+00  dt = 0.5000E+00  final t = 0.393500E+03
 AMRCLAW: level  1  CFL = .422E+00  dt = 0.5000E+00  final t = 0.394000E+03
 AMRCLAW: level  1  CFL = .421E+00  dt = 0.5000E+00  final t = 0.394500E+03
 AMRCLAW: level  1  CFL = .421E+00  dt = 0.5000E+00  final t = 0.395000E+03
 AMRCLAW: level  1  CFL = .420E+00  dt = 0.5000E+00  final t = 0.395500E+03
 AMRCLAW: level  1  CFL = .419E+00  dt = 0.5000E+00  final t = 0.396000E+03
 AMRCLAW: level  1  CFL = .418E+00  dt = 0.5000E+00  final t = 0.396500E+03
 AMRCLAW: level  1  CFL = .418E+00  dt = 0.5000E+00  final t = 0.397000E+03
 AMRCLAW: level  1  CFL = .417E+00  dt = 0.5000E+00  final t = 0.397500E+03
 AMRCLAW: level  1  CFL = .416E+00  dt = 0.5000E+00  final t = 0.398000E+03
 AMRCLAW: level  1  CFL = .415E+00  dt = 0.5000E+00  final t = 0.398500E+03
 AMRCLAW: level  1  CFL = .415E+00  dt = 0.5000E+00  final t = 0.399000E+03
 AMRCLAW: level  1  CFL = .414E+00  dt = 0.5000E+00  final t = 0.399500E+03
 AMRCLAW: level  1  CFL = .413E+00  dt = 0.5000E+00  final t = 0.400000E+03
 AMRCLAW: level  1  CFL = .413E+00  dt = 0.5000E+00  final t = 0.400500E+03
 AMRCLAW: level  1  CFL = .413E+00  dt = 0.5000E+00  final t = 0.401000E+03
 AMRCLAW: level  1  CFL = .413E+00  dt = 0.5000E+00  final t = 0.401500E+03
 AMRCLAW: level  1  CFL = .413E+00  dt = 0.5000E+00  final t = 0.402000E+03
 AMRCLAW: level  1  CFL = .414E+00  dt = 0.5000E+00  final t = 0.402500E+03
 AMRCLAW: level  1  CFL = .414E+00  dt = 0.5000E+00  final t = 0.403000E+03
 AMRCLAW: level  1  CFL = .414E+00  dt = 0.5000E+00  final t = 0.403500E+03
 AMRCLAW: level  1  CFL = .414E+00  dt = 0.5000E+00  final t = 0.404000E+03
 AMRCLAW: level  1  CFL = .414E+00  dt = 0.5000E+00  final t = 0.404500E+03
 AMRCLAW: level  1  CFL = .414E+00  dt = 0.5000E+00  final t = 0.405000E+03
 AMRCLAW: level  1  CFL = .414E+00  dt = 0.5000E+00  final t = 0.405500E+03
 AMRCLAW: level  1  CFL = .414E+00  dt = 0.5000E+00  final t = 0.406000E+03
 AMRCLAW: level  1  CFL = .414E+00  dt = 0.5000E+00  final t = 0.406500E+03
 AMRCLAW: level  1  CFL = .414E+00  dt = 0.5000E+00  final t = 0.407000E+03
 AMRCLAW: level  1  CFL = .414E+00  dt = 0.5000E+00  final t = 0.407500E+03
 AMRCLAW: level  1  CFL = .414E+00  dt = 0.5000E+00  final t = 0.408000E+03
 AMRCLAW: level  1  CFL = .414E+00  dt = 0.5000E+00  final t = 0.408500E+03
 AMRCLAW: level  1  CFL = .414E+00  dt = 0.5000E+00  final t = 0.409000E+03
 AMRCLAW: level  1  CFL = .414E+00  dt = 0.5000E+00  final t = 0.409500E+03
 AMRCLAW: level  1  CFL = .414E+00  dt = 0.5000E+00  final t = 0.410000E+03
 AMRCLAW: level  1  CFL = .414E+00  dt = 0.5000E+00  final t = 0.410500E+03
 AMRCLAW: level  1  CFL = .415E+00  dt = 0.5000E+00  final t = 0.411000E+03
 AMRCLAW: level  1  CFL = .415E+00  dt = 0.5000E+00  final t = 0.411500E+03
 AMRCLAW: level  1  CFL = .415E+00  dt = 0.5000E+00  final t = 0.412000E+03
 AMRCLAW: level  1  CFL = .415E+00  dt = 0.5000E+00  final t = 0.412500E+03
 AMRCLAW: level  1  CFL = .415E+00  dt = 0.5000E+00  final t = 0.413000E+03
 AMRCLAW: level  1  CFL = .415E+00  dt = 0.5000E+00  final t = 0.413500E+03
 AMRCLAW: level  1  CFL = .415E+00  dt = 0.5000E+00  final t = 0.414000E+03
 AMRCLAW: level  1  CFL = .415E+00  dt = 0.5000E+00  final t = 0.414500E+03
 AMRCLAW: level  1  CFL = .414E+00  dt = 0.5000E+00  final t = 0.415000E+03
 AMRCLAW: level  1  CFL = .414E+00  dt = 0.5000E+00  final t = 0.415500E+03
 AMRCLAW: level  1  CFL = .414E+00  dt = 0.5000E+00  final t = 0.416000E+03
 AMRCLAW: level  1  CFL = .414E+00  dt = 0.5000E+00  final t = 0.416500E+03
 AMRCLAW: level  1  CFL = .414E+00  dt = 0.5000E+00  final t = 0.417000E+03
 AMRCLAW: level  1  CFL = .413E+00  dt = 0.5000E+00  final t = 0.417500E+03
 AMRCLAW: level  1  CFL = .413E+00  dt = 0.5000E+00  final t = 0.418000E+03
 AMRCLAW: level  1  CFL = .413E+00  dt = 0.5000E+00  final t = 0.418500E+03
 AMRCLAW: level  1  CFL = .412E+00  dt = 0.5000E+00  final t = 0.419000E+03
 AMRCLAW: level  1  CFL = .412E+00  dt = 0.5000E+00  final t = 0.419500E+03
 AMRCLAW: level  1  CFL = .412E+00  dt = 0.5000E+00  final t = 0.420000E+03
GEOCLAW: Frame   14 output files done at time t =  0.420000D+03

 AMRCLAW: level  1  CFL = .411E+00  dt = 0.5000E+00  final t = 0.420500E+03
 AMRCLAW: level  1  CFL = .411E+00  dt = 0.5000E+00  final t = 0.421000E+03
 AMRCLAW: level  1  CFL = .410E+00  dt = 0.5000E+00  final t = 0.421500E+03
 AMRCLAW: level  1  CFL = .410E+00  dt = 0.5000E+00  final t = 0.422000E+03
 AMRCLAW: level  1  CFL = .409E+00  dt = 0.5000E+00  final t = 0.422500E+03
 AMRCLAW: level  1  CFL = .409E+00  dt = 0.5000E+00  final t = 0.423000E+03
 AMRCLAW: level  1  CFL = .408E+00  dt = 0.5000E+00  final t = 0.423500E+03
 AMRCLAW: level  1  CFL = .408E+00  dt = 0.5000E+00  final t = 0.424000E+03
 AMRCLAW: level  1  CFL = .407E+00  dt = 0.5000E+00  final t = 0.424500E+03
 AMRCLAW: level  1  CFL = .407E+00  dt = 0.5000E+00  final t = 0.425000E+03
 AMRCLAW: level  1  CFL = .406E+00  dt = 0.5000E+00  final t = 0.425500E+03
 AMRCLAW: level  1  CFL = .406E+00  dt = 0.5000E+00  final t = 0.426000E+03
 AMRCLAW: level  1  CFL = .405E+00  dt = 0.5000E+00  final t = 0.426500E+03
 AMRCLAW: level  1  CFL = .405E+00  dt = 0.5000E+00  final t = 0.427000E+03
 AMRCLAW: level  1  CFL = .404E+00  dt = 0.5000E+00  final t = 0.427500E+03
 AMRCLAW: level  1  CFL = .403E+00  dt = 0.5000E+00  final t = 0.428000E+03
 AMRCLAW: level  1  CFL = .403E+00  dt = 0.5000E+00  final t = 0.428500E+03
 AMRCLAW: level  1  CFL = .403E+00  dt = 0.5000E+00  final t = 0.429000E+03
 AMRCLAW: level  1  CFL = .402E+00  dt = 0.5000E+00  final t = 0.429500E+03
 AMRCLAW: level  1  CFL = .402E+00  dt = 0.5000E+00  final t = 0.430000E+03
 AMRCLAW: level  1  CFL = .402E+00  dt = 0.5000E+00  final t = 0.430500E+03
 AMRCLAW: level  1  CFL = .402E+00  dt = 0.5000E+00  final t = 0.431000E+03
 AMRCLAW: level  1  CFL = .402E+00  dt = 0.5000E+00  final t = 0.431500E+03
 AMRCLAW: level  1  CFL = .402E+00  dt = 0.5000E+00  final t = 0.432000E+03
 AMRCLAW: level  1  CFL = .402E+00  dt = 0.5000E+00  final t = 0.432500E+03
 AMRCLAW: level  1  CFL = .401E+00  dt = 0.5000E+00  final t = 0.433000E+03
 AMRCLAW: level  1  CFL = .401E+00  dt = 0.5000E+00  final t = 0.433500E+03
 AMRCLAW: level  1  CFL = .401E+00  dt = 0.5000E+00  final t = 0.434000E+03
 AMRCLAW: level  1  CFL = .401E+00  dt = 0.5000E+00  final t = 0.434500E+03
 AMRCLAW: level  1  CFL = .401E+00  dt = 0.5000E+00  final t = 0.435000E+03
 AMRCLAW: level  1  CFL = .401E+00  dt = 0.5000E+00  final t = 0.435500E+03
 AMRCLAW: level  1  CFL = .400E+00  dt = 0.5000E+00  final t = 0.436000E+03
 AMRCLAW: level  1  CFL = .400E+00  dt = 0.5000E+00  final t = 0.436500E+03
 AMRCLAW: level  1  CFL = .400E+00  dt = 0.5000E+00  final t = 0.437000E+03
 AMRCLAW: level  1  CFL = .400E+00  dt = 0.5000E+00  final t = 0.437500E+03
 AMRCLAW: level  1  CFL = .399E+00  dt = 0.5000E+00  final t = 0.438000E+03
 AMRCLAW: level  1  CFL = .399E+00  dt = 0.5000E+00  final t = 0.438500E+03
 AMRCLAW: level  1  CFL = .399E+00  dt = 0.5000E+00  final t = 0.439000E+03
 AMRCLAW: level  1  CFL = .398E+00  dt = 0.5000E+00  final t = 0.439500E+03
 AMRCLAW: level  1  CFL = .398E+00  dt = 0.5000E+00  final t = 0.440000E+03
 AMRCLAW: level  1  CFL = .398E+00  dt = 0.5000E+00  final t = 0.440500E+03
 AMRCLAW: level  1  CFL = .397E+00  dt = 0.5000E+00  final t = 0.441000E+03
 AMRCLAW: level  1  CFL = .397E+00  dt = 0.5000E+00  final t = 0.441500E+03
 AMRCLAW: level  1  CFL = .397E+00  dt = 0.5000E+00  final t = 0.442000E+03
 AMRCLAW: level  1  CFL = .396E+00  dt = 0.5000E+00  final t = 0.442500E+03
 AMRCLAW: level  1  CFL = .396E+00  dt = 0.5000E+00  final t = 0.443000E+03
 AMRCLAW: level  1  CFL = .396E+00  dt = 0.5000E+00  final t = 0.443500E+03
 AMRCLAW: level  1  CFL = .395E+00  dt = 0.5000E+00  final t = 0.444000E+03
 AMRCLAW: level  1  CFL = .395E+00  dt = 0.5000E+00  final t = 0.444500E+03
 AMRCLAW: level  1  CFL = .394E+00  dt = 0.5000E+00  final t = 0.445000E+03
 AMRCLAW: level  1  CFL = .394E+00  dt = 0.5000E+00  final t = 0.445500E+03
 AMRCLAW: level  1  CFL = .394E+00  dt = 0.5000E+00  final t = 0.446000E+03
 AMRCLAW: level  1  CFL = .393E+00  dt = 0.5000E+00  final t = 0.446500E+03
 AMRCLAW: level  1  CFL = .393E+00  dt = 0.5000E+00  final t = 0.447000E+03
 AMRCLAW: level  1  CFL = .393E+00  dt = 0.5000E+00  final t = 0.447500E+03
 AMRCLAW: level  1  CFL = .392E+00  dt = 0.5000E+00  final t = 0.448000E+03
 AMRCLAW: level  1  CFL = .392E+00  dt = 0.5000E+00  final t = 0.448500E+03
 AMRCLAW: level  1  CFL = .391E+00  dt = 0.5000E+00  final t = 0.449000E+03
 AMRCLAW: level  1  CFL = .391E+00  dt = 0.5000E+00  final t = 0.449500E+03
 AMRCLAW: level  1  CFL = .390E+00  dt = 0.5000E+00  final t = 0.450000E+03
GEOCLAW: Frame   15 output files done at time t =  0.450000D+03

 AMRCLAW: level  1  CFL = .390E+00  dt = 0.5000E+00  final t = 0.450500E+03
 AMRCLAW: level  1  CFL = .390E+00  dt = 0.5000E+00  final t = 0.451000E+03
 AMRCLAW: level  1  CFL = .389E+00  dt = 0.5000E+00  final t = 0.451500E+03
 AMRCLAW: level  1  CFL = .389E+00  dt = 0.5000E+00  final t = 0.452000E+03
 AMRCLAW: level  1  CFL = .388E+00  dt = 0.5000E+00  final t = 0.452500E+03
 AMRCLAW: level  1  CFL = .388E+00  dt = 0.5000E+00  final t = 0.453000E+03
 AMRCLAW: level  1  CFL = .388E+00  dt = 0.5000E+00  final t = 0.453500E+03
 AMRCLAW: level  1  CFL = .387E+00  dt = 0.5000E+00  final t = 0.454000E+03
 AMRCLAW: level  1  CFL = .387E+00  dt = 0.5000E+00  final t = 0.454500E+03
 AMRCLAW: level  1  CFL = .387E+00  dt = 0.5000E+00  final t = 0.455000E+03
 AMRCLAW: level  1  CFL = .387E+00  dt = 0.5000E+00  final t = 0.455500E+03
 AMRCLAW: level  1  CFL = .386E+00  dt = 0.5000E+00  final t = 0.456000E+03
 AMRCLAW: level  1  CFL = .386E+00  dt = 0.5000E+00  final t = 0.456500E+03
 AMRCLAW: level  1  CFL = .386E+00  dt = 0.5000E+00  final t = 0.457000E+03
 AMRCLAW: level  1  CFL = .386E+00  dt = 0.5000E+00  final t = 0.457500E+03
 AMRCLAW: level  1  CFL = .385E+00  dt = 0.5000E+00  final t = 0.458000E+03
 AMRCLAW: level  1  CFL = .385E+00  dt = 0.5000E+00  final t = 0.458500E+03
 AMRCLAW: level  1  CFL = .385E+00  dt = 0.5000E+00  final t = 0.459000E+03
 AMRCLAW: level  1  CFL = .385E+00  dt = 0.5000E+00  final t = 0.459500E+03
 AMRCLAW: level  1  CFL = .385E+00  dt = 0.5000E+00  final t = 0.460000E+03
 AMRCLAW: level  1  CFL = .385E+00  dt = 0.5000E+00  final t = 0.460500E+03
 AMRCLAW: level  1  CFL = .385E+00  dt = 0.5000E+00  final t = 0.461000E+03
 AMRCLAW: level  1  CFL = .385E+00  dt = 0.5000E+00  final t = 0.461500E+03
 AMRCLAW: level  1  CFL = .385E+00  dt = 0.5000E+00  final t = 0.462000E+03
 AMRCLAW: level  1  CFL = .386E+00  dt = 0.5000E+00  final t = 0.462500E+03
 AMRCLAW: level  1  CFL = .386E+00  dt = 0.5000E+00  final t = 0.463000E+03
 AMRCLAW: level  1  CFL = .386E+00  dt = 0.5000E+00  final t = 0.463500E+03
 AMRCLAW: level  1  CFL = .386E+00  dt = 0.5000E+00  final t = 0.464000E+03
 AMRCLAW: level  1  CFL = .386E+00  dt = 0.5000E+00  final t = 0.464500E+03
 AMRCLAW: level  1  CFL = .386E+00  dt = 0.5000E+00  final t = 0.465000E+03
 AMRCLAW: level  1  CFL = .386E+00  dt = 0.5000E+00  final t = 0.465500E+03
 AMRCLAW: level  1  CFL = .386E+00  dt = 0.5000E+00  final t = 0.466000E+03
 AMRCLAW: level  1  CFL = .386E+00  dt = 0.5000E+00  final t = 0.466500E+03
 AMRCLAW: level  1  CFL = .386E+00  dt = 0.5000E+00  final t = 0.467000E+03
 AMRCLAW: level  1  CFL = .386E+00  dt = 0.5000E+00  final t = 0.467500E+03
 AMRCLAW: level  1  CFL = .386E+00  dt = 0.5000E+00  final t = 0.468000E+03
 AMRCLAW: level  1  CFL = .385E+00  dt = 0.5000E+00  final t = 0.468500E+03
 AMRCLAW: level  1  CFL = .385E+00  dt = 0.5000E+00  final t = 0.469000E+03
 AMRCLAW: level  1  CFL = .385E+00  dt = 0.5000E+00  final t = 0.469500E+03
 AMRCLAW: level  1  CFL = .384E+00  dt = 0.5000E+00  final t = 0.470000E+03
 AMRCLAW: level  1  CFL = .384E+00  dt = 0.5000E+00  final t = 0.470500E+03
 AMRCLAW: level  1  CFL = .383E+00  dt = 0.5000E+00  final t = 0.471000E+03
 AMRCLAW: level  1  CFL = .383E+00  dt = 0.5000E+00  final t = 0.471500E+03
 AMRCLAW: level  1  CFL = .383E+00  dt = 0.5000E+00  final t = 0.472000E+03
 AMRCLAW: level  1  CFL = .383E+00  dt = 0.5000E+00  final t = 0.472500E+03
 AMRCLAW: level  1  CFL = .383E+00  dt = 0.5000E+00  final t = 0.473000E+03
 AMRCLAW: level  1  CFL = .383E+00  dt = 0.5000E+00  final t = 0.473500E+03
 AMRCLAW: level  1  CFL = .383E+00  dt = 0.5000E+00  final t = 0.474000E+03
 AMRCLAW: level  1  CFL = .383E+00  dt = 0.5000E+00  final t = 0.474500E+03
 AMRCLAW: level  1  CFL = .383E+00  dt = 0.5000E+00  final t = 0.475000E+03
 AMRCLAW: level  1  CFL = .383E+00  dt = 0.5000E+00  final t = 0.475500E+03
 AMRCLAW: level  1  CFL = .383E+00  dt = 0.5000E+00  final t = 0.476000E+03
 AMRCLAW: level  1  CFL = .383E+00  dt = 0.5000E+00  final t = 0.476500E+03
 AMRCLAW: level  1  CFL = .383E+00  dt = 0.5000E+00  final t = 0.477000E+03
 AMRCLAW: level  1  CFL = .383E+00  dt = 0.5000E+00  final t = 0.477500E+03
 AMRCLAW: level  1  CFL = .383E+00  dt = 0.5000E+00  final t = 0.478000E+03
 AMRCLAW: level  1  CFL = .383E+00  dt = 0.5000E+00  final t = 0.478500E+03
 AMRCLAW: level  1  CFL = .383E+00  dt = 0.5000E+00  final t = 0.479000E+03
 AMRCLAW: level  1  CFL = .383E+00  dt = 0.5000E+00  final t = 0.479500E+03
 AMRCLAW: level  1  CFL = .383E+00  dt = 0.5000E+00  final t = 0.480000E+03
GEOCLAW: Frame   16 output files done at time t =  0.480000D+03

 AMRCLAW: level  1  CFL = .383E+00  dt = 0.5000E+00  final t = 0.480500E+03
 AMRCLAW: level  1  CFL = .383E+00  dt = 0.5000E+00  final t = 0.481000E+03
 AMRCLAW: level  1  CFL = .383E+00  dt = 0.5000E+00  final t = 0.481500E+03
 AMRCLAW: level  1  CFL = .382E+00  dt = 0.5000E+00  final t = 0.482000E+03
 AMRCLAW: level  1  CFL = .382E+00  dt = 0.5000E+00  final t = 0.482500E+03
 AMRCLAW: level  1  CFL = .382E+00  dt = 0.5000E+00  final t = 0.483000E+03
 AMRCLAW: level  1  CFL = .382E+00  dt = 0.5000E+00  final t = 0.483500E+03
 AMRCLAW: level  1  CFL = .382E+00  dt = 0.5000E+00  final t = 0.484000E+03
 AMRCLAW: level  1  CFL = .382E+00  dt = 0.5000E+00  final t = 0.484500E+03
 AMRCLAW: level  1  CFL = .382E+00  dt = 0.5000E+00  final t = 0.485000E+03
 AMRCLAW: level  1  CFL = .381E+00  dt = 0.5000E+00  final t = 0.485500E+03
 AMRCLAW: level  1  CFL = .381E+00  dt = 0.5000E+00  final t = 0.486000E+03
 AMRCLAW: level  1  CFL = .381E+00  dt = 0.5000E+00  final t = 0.486500E+03
 AMRCLAW: level  1  CFL = .381E+00  dt = 0.5000E+00  final t = 0.487000E+03
 AMRCLAW: level  1  CFL = .381E+00  dt = 0.5000E+00  final t = 0.487500E+03
 AMRCLAW: level  1  CFL = .381E+00  dt = 0.5000E+00  final t = 0.488000E+03
 AMRCLAW: level  1  CFL = .380E+00  dt = 0.5000E+00  final t = 0.488500E+03
 AMRCLAW: level  1  CFL = .380E+00  dt = 0.5000E+00  final t = 0.489000E+03
 AMRCLAW: level  1  CFL = .380E+00  dt = 0.5000E+00  final t = 0.489500E+03
 AMRCLAW: level  1  CFL = .380E+00  dt = 0.5000E+00  final t = 0.490000E+03
 AMRCLAW: level  1  CFL = .380E+00  dt = 0.5000E+00  final t = 0.490500E+03
 AMRCLAW: level  1  CFL = .380E+00  dt = 0.5000E+00  final t = 0.491000E+03
 AMRCLAW: level  1  CFL = .380E+00  dt = 0.5000E+00  final t = 0.491500E+03
 AMRCLAW: level  1  CFL = .380E+00  dt = 0.5000E+00  final t = 0.492000E+03
 AMRCLAW: level  1  CFL = .380E+00  dt = 0.5000E+00  final t = 0.492500E+03
 AMRCLAW: level  1  CFL = .380E+00  dt = 0.5000E+00  final t = 0.493000E+03
 AMRCLAW: level  1  CFL = .380E+00  dt = 0.5000E+00  final t = 0.493500E+03
 AMRCLAW: level  1  CFL = .380E+00  dt = 0.5000E+00  final t = 0.494000E+03
 AMRCLAW: level  1  CFL = .380E+00  dt = 0.5000E+00  final t = 0.494500E+03
 AMRCLAW: level  1  CFL = .380E+00  dt = 0.5000E+00  final t = 0.495000E+03
 AMRCLAW: level  1  CFL = .380E+00  dt = 0.5000E+00  final t = 0.495500E+03
 AMRCLAW: level  1  CFL = .380E+00  dt = 0.5000E+00  final t = 0.496000E+03
 AMRCLAW: level  1  CFL = .380E+00  dt = 0.5000E+00  final t = 0.496500E+03
 AMRCLAW: level  1  CFL = .380E+00  dt = 0.5000E+00  final t = 0.497000E+03
 AMRCLAW: level  1  CFL = .381E+00  dt = 0.5000E+00  final t = 0.497500E+03
 AMRCLAW: level  1  CFL = .381E+00  dt = 0.5000E+00  final t = 0.498000E+03
 AMRCLAW: level  1  CFL = .381E+00  dt = 0.5000E+00  final t = 0.498500E+03
 AMRCLAW: level  1  CFL = .381E+00  dt = 0.5000E+00  final t = 0.499000E+03
 AMRCLAW: level  1  CFL = .381E+00  dt = 0.5000E+00  final t = 0.499500E+03
 AMRCLAW: level  1  CFL = .381E+00  dt = 0.5000E+00  final t = 0.500000E+03
 AMRCLAW: level  1  CFL = .381E+00  dt = 0.5000E+00  final t = 0.500500E+03
 AMRCLAW: level  1  CFL = .381E+00  dt = 0.5000E+00  final t = 0.501000E+03
 AMRCLAW: level  1  CFL = .381E+00  dt = 0.5000E+00  final t = 0.501500E+03
 AMRCLAW: level  1  CFL = .381E+00  dt = 0.5000E+00  final t = 0.502000E+03
 AMRCLAW: level  1  CFL = .381E+00  dt = 0.5000E+00  final t = 0.502500E+03
 AMRCLAW: level  1  CFL = .381E+00  dt = 0.5000E+00  final t = 0.503000E+03
 AMRCLAW: level  1  CFL = .381E+00  dt = 0.5000E+00  final t = 0.503500E+03
 AMRCLAW: level  1  CFL = .381E+00  dt = 0.5000E+00  final t = 0.504000E+03
 AMRCLAW: level  1  CFL = .381E+00  dt = 0.5000E+00  final t = 0.504500E+03
 AMRCLAW: level  1  CFL = .380E+00  dt = 0.5000E+00  final t = 0.505000E+03
 AMRCLAW: level  1  CFL = .380E+00  dt = 0.5000E+00  final t = 0.505500E+03
 AMRCLAW: level  1  CFL = .380E+00  dt = 0.5000E+00  final t = 0.506000E+03
 AMRCLAW: level  1  CFL = .380E+00  dt = 0.5000E+00  final t = 0.506500E+03
 AMRCLAW: level  1  CFL = .380E+00  dt = 0.5000E+00  final t = 0.507000E+03
 AMRCLAW: level  1  CFL = .380E+00  dt = 0.5000E+00  final t = 0.507500E+03
 AMRCLAW: level  1  CFL = .379E+00  dt = 0.5000E+00  final t = 0.508000E+03
 AMRCLAW: level  1  CFL = .379E+00  dt = 0.5000E+00  final t = 0.508500E+03
 AMRCLAW: level  1  CFL = .379E+00  dt = 0.5000E+00  final t = 0.509000E+03
 AMRCLAW: level  1  CFL = .378E+00  dt = 0.5000E+00  final t = 0.509500E+03
 AMRCLAW: level  1  CFL = .378E+00  dt = 0.5000E+00  final t = 0.510000E+03
GEOCLAW: Frame   17 output files done at time t =  0.510000D+03

 AMRCLAW: level  1  CFL = .378E+00  dt = 0.5000E+00  final t = 0.510500E+03
 AMRCLAW: level  1  CFL = .378E+00  dt = 0.5000E+00  final t = 0.511000E+03
 AMRCLAW: level  1  CFL = .377E+00  dt = 0.5000E+00  final t = 0.511500E+03
 AMRCLAW: level  1  CFL = .377E+00  dt = 0.5000E+00  final t = 0.512000E+03
 AMRCLAW: level  1  CFL = .377E+00  dt = 0.5000E+00  final t = 0.512500E+03
 AMRCLAW: level  1  CFL = .377E+00  dt = 0.5000E+00  final t = 0.513000E+03
 AMRCLAW: level  1  CFL = .376E+00  dt = 0.5000E+00  final t = 0.513500E+03
 AMRCLAW: level  1  CFL = .376E+00  dt = 0.5000E+00  final t = 0.514000E+03
 AMRCLAW: level  1  CFL = .376E+00  dt = 0.5000E+00  final t = 0.514500E+03
 AMRCLAW: level  1  CFL = .376E+00  dt = 0.5000E+00  final t = 0.515000E+03
 AMRCLAW: level  1  CFL = .376E+00  dt = 0.5000E+00  final t = 0.515500E+03
 AMRCLAW: level  1  CFL = .376E+00  dt = 0.5000E+00  final t = 0.516000E+03
 AMRCLAW: level  1  CFL = .375E+00  dt = 0.5000E+00  final t = 0.516500E+03
 AMRCLAW: level  1  CFL = .375E+00  dt = 0.5000E+00  final t = 0.517000E+03
 AMRCLAW: level  1  CFL = .375E+00  dt = 0.5000E+00  final t = 0.517500E+03
 AMRCLAW: level  1  CFL = .375E+00  dt = 0.5000E+00  final t = 0.518000E+03
 AMRCLAW: level  1  CFL = .375E+00  dt = 0.5000E+00  final t = 0.518500E+03
 AMRCLAW: level  1  CFL = .375E+00  dt = 0.5000E+00  final t = 0.519000E+03
 AMRCLAW: level  1  CFL = .375E+00  dt = 0.5000E+00  final t = 0.519500E+03
 AMRCLAW: level  1  CFL = .375E+00  dt = 0.5000E+00  final t = 0.520000E+03
 AMRCLAW: level  1  CFL = .375E+00  dt = 0.5000E+00  final t = 0.520500E+03
 AMRCLAW: level  1  CFL = .375E+00  dt = 0.5000E+00  final t = 0.521000E+03
 AMRCLAW: level  1  CFL = .375E+00  dt = 0.5000E+00  final t = 0.521500E+03
 AMRCLAW: level  1  CFL = .375E+00  dt = 0.5000E+00  final t = 0.522000E+03
 AMRCLAW: level  1  CFL = .375E+00  dt = 0.5000E+00  final t = 0.522500E+03
 AMRCLAW: level  1  CFL = .375E+00  dt = 0.5000E+00  final t = 0.523000E+03
 AMRCLAW: level  1  CFL = .375E+00  dt = 0.5000E+00  final t = 0.523500E+03
 AMRCLAW: level  1  CFL = .376E+00  dt = 0.5000E+00  final t = 0.524000E+03
 AMRCLAW: level  1  CFL = .376E+00  dt = 0.5000E+00  final t = 0.524500E+03
 AMRCLAW: level  1  CFL = .375E+00  dt = 0.5000E+00  final t = 0.525000E+03
 AMRCLAW: level  1  CFL = .375E+00  dt = 0.5000E+00  final t = 0.525500E+03
 AMRCLAW: level  1  CFL = .375E+00  dt = 0.5000E+00  final t = 0.526000E+03
 AMRCLAW: level  1  CFL = .375E+00  dt = 0.5000E+00  final t = 0.526500E+03
 AMRCLAW: level  1  CFL = .375E+00  dt = 0.5000E+00  final t = 0.527000E+03
 AMRCLAW: level  1  CFL = .375E+00  dt = 0.5000E+00  final t = 0.527500E+03
 AMRCLAW: level  1  CFL = .375E+00  dt = 0.5000E+00  final t = 0.528000E+03
 AMRCLAW: level  1  CFL = .374E+00  dt = 0.5000E+00  final t = 0.528500E+03
 AMRCLAW: level  1  CFL = .374E+00  dt = 0.5000E+00  final t = 0.529000E+03
 AMRCLAW: level  1  CFL = .374E+00  dt = 0.5000E+00  final t = 0.529500E+03
 AMRCLAW: level  1  CFL = .374E+00  dt = 0.5000E+00  final t = 0.530000E+03
 AMRCLAW: level  1  CFL = .373E+00  dt = 0.5000E+00  final t = 0.530500E+03
 AMRCLAW: level  1  CFL = .373E+00  dt = 0.5000E+00  final t = 0.531000E+03
 AMRCLAW: level  1  CFL = .373E+00  dt = 0.5000E+00  final t = 0.531500E+03
 AMRCLAW: level  1  CFL = .373E+00  dt = 0.5000E+00  final t = 0.532000E+03
 AMRCLAW: level  1  CFL = .372E+00  dt = 0.5000E+00  final t = 0.532500E+03
 AMRCLAW: level  1  CFL = .372E+00  dt = 0.5000E+00  final t = 0.533000E+03
 AMRCLAW: level  1  CFL = .372E+00  dt = 0.5000E+00  final t = 0.533500E+03
 AMRCLAW: level  1  CFL = .371E+00  dt = 0.5000E+00  final t = 0.534000E+03
 AMRCLAW: level  1  CFL = .371E+00  dt = 0.5000E+00  final t = 0.534500E+03
 AMRCLAW: level  1  CFL = .371E+00  dt = 0.5000E+00  final t = 0.535000E+03
 AMRCLAW: level  1  CFL = .371E+00  dt = 0.5000E+00  final t = 0.535500E+03
 AMRCLAW: level  1  CFL = .370E+00  dt = 0.5000E+00  final t = 0.536000E+03
 AMRCLAW: level  1  CFL = .370E+00  dt = 0.5000E+00  final t = 0.536500E+03
 AMRCLAW: level  1  CFL = .370E+00  dt = 0.5000E+00  final t = 0.537000E+03
 AMRCLAW: level  1  CFL = .370E+00  dt = 0.5000E+00  final t = 0.537500E+03
 AMRCLAW: level  1  CFL = .369E+00  dt = 0.5000E+00  final t = 0.538000E+03
 AMRCLAW: level  1  CFL = .369E+00  dt = 0.5000E+00  final t = 0.538500E+03
 AMRCLAW: level  1  CFL = .369E+00  dt = 0.5000E+00  final t = 0.539000E+03
 AMRCLAW: level  1  CFL = .369E+00  dt = 0.5000E+00  final t = 0.539500E+03
 AMRCLAW: level  1  CFL = .368E+00  dt = 0.5000E+00  final t = 0.540000E+03
GEOCLAW: Frame   18 output files done at time t =  0.540000D+03

 AMRCLAW: level  1  CFL = .368E+00  dt = 0.5000E+00  final t = 0.540500E+03
 AMRCLAW: level  1  CFL = .368E+00  dt = 0.5000E+00  final t = 0.541000E+03
 AMRCLAW: level  1  CFL = .368E+00  dt = 0.5000E+00  final t = 0.541500E+03
 AMRCLAW: level  1  CFL = .367E+00  dt = 0.5000E+00  final t = 0.542000E+03
 AMRCLAW: level  1  CFL = .367E+00  dt = 0.5000E+00  final t = 0.542500E+03
 AMRCLAW: level  1  CFL = .367E+00  dt = 0.5000E+00  final t = 0.543000E+03
 AMRCLAW: level  1  CFL = .367E+00  dt = 0.5000E+00  final t = 0.543500E+03
 AMRCLAW: level  1  CFL = .367E+00  dt = 0.5000E+00  final t = 0.544000E+03
 AMRCLAW: level  1  CFL = .367E+00  dt = 0.5000E+00  final t = 0.544500E+03
 AMRCLAW: level  1  CFL = .367E+00  dt = 0.5000E+00  final t = 0.545000E+03
 AMRCLAW: level  1  CFL = .367E+00  dt = 0.5000E+00  final t = 0.545500E+03
 AMRCLAW: level  1  CFL = .367E+00  dt = 0.5000E+00  final t = 0.546000E+03
 AMRCLAW: level  1  CFL = .366E+00  dt = 0.5000E+00  final t = 0.546500E+03
 AMRCLAW: level  1  CFL = .366E+00  dt = 0.5000E+00  final t = 0.547000E+03
 AMRCLAW: level  1  CFL = .366E+00  dt = 0.5000E+00  final t = 0.547500E+03
 AMRCLAW: level  1  CFL = .365E+00  dt = 0.5000E+00  final t = 0.548000E+03
 AMRCLAW: level  1  CFL = .364E+00  dt = 0.5000E+00  final t = 0.548500E+03
 AMRCLAW: level  1  CFL = .362E+00  dt = 0.5000E+00  final t = 0.549000E+03
 AMRCLAW: level  1  CFL = .359E+00  dt = 0.5000E+00  final t = 0.549500E+03
 AMRCLAW: level  1  CFL = .356E+00  dt = 0.5000E+00  final t = 0.550000E+03
 AMRCLAW: level  1  CFL = .352E+00  dt = 0.5000E+00  final t = 0.550500E+03
 AMRCLAW: level  1  CFL = .348E+00  dt = 0.5000E+00  final t = 0.551000E+03
 AMRCLAW: level  1  CFL = .345E+00  dt = 0.5000E+00  final t = 0.551500E+03
 AMRCLAW: level  1  CFL = .344E+00  dt = 0.5000E+00  final t = 0.552000E+03
 AMRCLAW: level  1  CFL = .343E+00  dt = 0.5000E+00  final t = 0.552500E+03
 AMRCLAW: level  1  CFL = .342E+00  dt = 0.5000E+00  final t = 0.553000E+03
 AMRCLAW: level  1  CFL = .341E+00  dt = 0.5000E+00  final t = 0.553500E+03
 AMRCLAW: level  1  CFL = .340E+00  dt = 0.5000E+00  final t = 0.554000E+03
 AMRCLAW: level  1  CFL = .339E+00  dt = 0.5000E+00  final t = 0.554500E+03
 AMRCLAW: level  1  CFL = .339E+00  dt = 0.5000E+00  final t = 0.555000E+03
 AMRCLAW: level  1  CFL = .338E+00  dt = 0.5000E+00  final t = 0.555500E+03
 AMRCLAW: level  1  CFL = .337E+00  dt = 0.5000E+00  final t = 0.556000E+03
 AMRCLAW: level  1  CFL = .337E+00  dt = 0.5000E+00  final t = 0.556500E+03
 AMRCLAW: level  1  CFL = .336E+00  dt = 0.5000E+00  final t = 0.557000E+03
 AMRCLAW: level  1  CFL = .336E+00  dt = 0.5000E+00  final t = 0.557500E+03
 AMRCLAW: level  1  CFL = .336E+00  dt = 0.5000E+00  final t = 0.558000E+03
 AMRCLAW: level  1  CFL = .335E+00  dt = 0.5000E+00  final t = 0.558500E+03
 AMRCLAW: level  1  CFL = .335E+00  dt = 0.5000E+00  final t = 0.559000E+03
 AMRCLAW: level  1  CFL = .335E+00  dt = 0.5000E+00  final t = 0.559500E+03
 AMRCLAW: level  1  CFL = .335E+00  dt = 0.5000E+00  final t = 0.560000E+03
 AMRCLAW: level  1  CFL = .335E+00  dt = 0.5000E+00  final t = 0.560500E+03
 AMRCLAW: level  1  CFL = .335E+00  dt = 0.5000E+00  final t = 0.561000E+03
 AMRCLAW: level  1  CFL = .335E+00  dt = 0.5000E+00  final t = 0.561500E+03
 AMRCLAW: level  1  CFL = .335E+00  dt = 0.5000E+00  final t = 0.562000E+03
 AMRCLAW: level  1  CFL = .335E+00  dt = 0.5000E+00  final t = 0.562500E+03
 AMRCLAW: level  1  CFL = .335E+00  dt = 0.5000E+00  final t = 0.563000E+03
 AMRCLAW: level  1  CFL = .335E+00  dt = 0.5000E+00  final t = 0.563500E+03
 AMRCLAW: level  1  CFL = .335E+00  dt = 0.5000E+00  final t = 0.564000E+03
 AMRCLAW: level  1  CFL = .335E+00  dt = 0.5000E+00  final t = 0.564500E+03
 AMRCLAW: level  1  CFL = .335E+00  dt = 0.5000E+00  final t = 0.565000E+03
 AMRCLAW: level  1  CFL = .334E+00  dt = 0.5000E+00  final t = 0.565500E+03
 AMRCLAW: level  1  CFL = .334E+00  dt = 0.5000E+00  final t = 0.566000E+03
 AMRCLAW: level  1  CFL = .334E+00  dt = 0.5000E+00  final t = 0.566500E+03
 AMRCLAW: level  1  CFL = .334E+00  dt = 0.5000E+00  final t = 0.567000E+03
 AMRCLAW: level  1  CFL = .334E+00  dt = 0.5000E+00  final t = 0.567500E+03
 AMRCLAW: level  1  CFL = .333E+00  dt = 0.5000E+00  final t = 0.568000E+03
 AMRCLAW: level  1  CFL = .333E+00  dt = 0.5000E+00  final t = 0.568500E+03
 AMRCLAW: level  1  CFL = .333E+00  dt = 0.5000E+00  final t = 0.569000E+03
 AMRCLAW: level  1  CFL = .333E+00  dt = 0.5000E+00  final t = 0.569500E+03
 AMRCLAW: level  1  CFL = .333E+00  dt = 0.5000E+00  final t = 0.570000E+03
GEOCLAW: Frame   19 output files done at time t =  0.570000D+03

 AMRCLAW: level  1  CFL = .332E+00  dt = 0.5000E+00  final t = 0.570500E+03
 AMRCLAW: level  1  CFL = .332E+00  dt = 0.5000E+00  final t = 0.571000E+03
 AMRCLAW: level  1  CFL = .332E+00  dt = 0.5000E+00  final t = 0.571500E+03
 AMRCLAW: level  1  CFL = .332E+00  dt = 0.5000E+00  final t = 0.572000E+03
 AMRCLAW: level  1  CFL = .331E+00  dt = 0.5000E+00  final t = 0.572500E+03
 AMRCLAW: level  1  CFL = .331E+00  dt = 0.5000E+00  final t = 0.573000E+03
 AMRCLAW: level  1  CFL = .331E+00  dt = 0.5000E+00  final t = 0.573500E+03
 AMRCLAW: level  1  CFL = .331E+00  dt = 0.5000E+00  final t = 0.574000E+03
 AMRCLAW: level  1  CFL = .331E+00  dt = 0.5000E+00  final t = 0.574500E+03
 AMRCLAW: level  1  CFL = .331E+00  dt = 0.5000E+00  final t = 0.575000E+03
 AMRCLAW: level  1  CFL = .330E+00  dt = 0.5000E+00  final t = 0.575500E+03
 AMRCLAW: level  1  CFL = .330E+00  dt = 0.5000E+00  final t = 0.576000E+03
 AMRCLAW: level  1  CFL = .330E+00  dt = 0.5000E+00  final t = 0.576500E+03
 AMRCLAW: level  1  CFL = .330E+00  dt = 0.5000E+00  final t = 0.577000E+03
 AMRCLAW: level  1  CFL = .330E+00  dt = 0.5000E+00  final t = 0.577500E+03
 AMRCLAW: level  1  CFL = .330E+00  dt = 0.5000E+00  final t = 0.578000E+03
 AMRCLAW: level  1  CFL = .329E+00  dt = 0.5000E+00  final t = 0.578500E+03
 AMRCLAW: level  1  CFL = .329E+00  dt = 0.5000E+00  final t = 0.579000E+03
 AMRCLAW: level  1  CFL = .329E+00  dt = 0.5000E+00  final t = 0.579500E+03
 AMRCLAW: level  1  CFL = .329E+00  dt = 0.5000E+00  final t = 0.580000E+03
 AMRCLAW: level  1  CFL = .329E+00  dt = 0.5000E+00  final t = 0.580500E+03
 AMRCLAW: level  1  CFL = .329E+00  dt = 0.5000E+00  final t = 0.581000E+03
 AMRCLAW: level  1  CFL = .328E+00  dt = 0.5000E+00  final t = 0.581500E+03
 AMRCLAW: level  1  CFL = .328E+00  dt = 0.5000E+00  final t = 0.582000E+03
 AMRCLAW: level  1  CFL = .328E+00  dt = 0.5000E+00  final t = 0.582500E+03
 AMRCLAW: level  1  CFL = .327E+00  dt = 0.5000E+00  final t = 0.583000E+03
 AMRCLAW: level  1  CFL = .327E+00  dt = 0.5000E+00  final t = 0.583500E+03
 AMRCLAW: level  1  CFL = .326E+00  dt = 0.5000E+00  final t = 0.584000E+03
 AMRCLAW: level  1  CFL = .326E+00  dt = 0.5000E+00  final t = 0.584500E+03
 AMRCLAW: level  1  CFL = .325E+00  dt = 0.5000E+00  final t = 0.585000E+03
 AMRCLAW: level  1  CFL = .324E+00  dt = 0.5000E+00  final t = 0.585500E+03
 AMRCLAW: level  1  CFL = .323E+00  dt = 0.5000E+00  final t = 0.586000E+03
 AMRCLAW: level  1  CFL = .321E+00  dt = 0.5000E+00  final t = 0.586500E+03
 AMRCLAW: level  1  CFL = .320E+00  dt = 0.5000E+00  final t = 0.587000E+03
 AMRCLAW: level  1  CFL = .319E+00  dt = 0.5000E+00  final t = 0.587500E+03
 AMRCLAW: level  1  CFL = .319E+00  dt = 0.5000E+00  final t = 0.588000E+03
 AMRCLAW: level  1  CFL = .319E+00  dt = 0.5000E+00  final t = 0.588500E+03
 AMRCLAW: level  1  CFL = .319E+00  dt = 0.5000E+00  final t = 0.589000E+03
 AMRCLAW: level  1  CFL = .320E+00  dt = 0.5000E+00  final t = 0.589500E+03
 AMRCLAW: level  1  CFL = .320E+00  dt = 0.5000E+00  final t = 0.590000E+03
 AMRCLAW: level  1  CFL = .321E+00  dt = 0.5000E+00  final t = 0.590500E+03
 AMRCLAW: level  1  CFL = .321E+00  dt = 0.5000E+00  final t = 0.591000E+03
 AMRCLAW: level  1  CFL = .321E+00  dt = 0.5000E+00  final t = 0.591500E+03
 AMRCLAW: level  1  CFL = .322E+00  dt = 0.5000E+00  final t = 0.592000E+03
 AMRCLAW: level  1  CFL = .322E+00  dt = 0.5000E+00  final t = 0.592500E+03
 AMRCLAW: level  1  CFL = .322E+00  dt = 0.5000E+00  final t = 0.593000E+03
 AMRCLAW: level  1  CFL = .322E+00  dt = 0.5000E+00  final t = 0.593500E+03
 AMRCLAW: level  1  CFL = .322E+00  dt = 0.5000E+00  final t = 0.594000E+03
 AMRCLAW: level  1  CFL = .321E+00  dt = 0.5000E+00  final t = 0.594500E+03
 AMRCLAW: level  1  CFL = .321E+00  dt = 0.5000E+00  final t = 0.595000E+03
 AMRCLAW: level  1  CFL = .321E+00  dt = 0.5000E+00  final t = 0.595500E+03
 AMRCLAW: level  1  CFL = .320E+00  dt = 0.5000E+00  final t = 0.596000E+03
 AMRCLAW: level  1  CFL = .319E+00  dt = 0.5000E+00  final t = 0.596500E+03
 AMRCLAW: level  1  CFL = .319E+00  dt = 0.5000E+00  final t = 0.597000E+03
 AMRCLAW: level  1  CFL = .317E+00  dt = 0.5000E+00  final t = 0.597500E+03
 AMRCLAW: level  1  CFL = .316E+00  dt = 0.5000E+00  final t = 0.598000E+03
 AMRCLAW: level  1  CFL = .315E+00  dt = 0.5000E+00  final t = 0.598500E+03
 AMRCLAW: level  1  CFL = .313E+00  dt = 0.5000E+00  final t = 0.599000E+03
 AMRCLAW: level  1  CFL = .311E+00  dt = 0.5000E+00  final t = 0.599500E+03
 AMRCLAW: level  1  CFL = .309E+00  dt = 0.5000E+00  final t = 0.600000E+03
GEOCLAW: Frame   20 output files done at time t =  0.600000D+03

 AMRCLAW: level  1  CFL = .306E+00  dt = 0.5000E+00  final t = 0.600500E+03
 AMRCLAW: level  1  CFL = .305E+00  dt = 0.5000E+00  final t = 0.601000E+03
 AMRCLAW: level  1  CFL = .303E+00  dt = 0.5000E+00  final t = 0.601500E+03
 AMRCLAW: level  1  CFL = .302E+00  dt = 0.5000E+00  final t = 0.602000E+03
 AMRCLAW: level  1  CFL = .301E+00  dt = 0.5000E+00  final t = 0.602500E+03
 AMRCLAW: level  1  CFL = .301E+00  dt = 0.5000E+00  final t = 0.603000E+03
 AMRCLAW: level  1  CFL = .300E+00  dt = 0.5000E+00  final t = 0.603500E+03
 AMRCLAW: level  1  CFL = .300E+00  dt = 0.5000E+00  final t = 0.604000E+03
 AMRCLAW: level  1  CFL = .299E+00  dt = 0.5000E+00  final t = 0.604500E+03
 AMRCLAW: level  1  CFL = .298E+00  dt = 0.5000E+00  final t = 0.605000E+03
 AMRCLAW: level  1  CFL = .298E+00  dt = 0.5000E+00  final t = 0.605500E+03
 AMRCLAW: level  1  CFL = .297E+00  dt = 0.5000E+00  final t = 0.606000E+03
 AMRCLAW: level  1  CFL = .296E+00  dt = 0.5000E+00  final t = 0.606500E+03
 AMRCLAW: level  1  CFL = .295E+00  dt = 0.5000E+00  final t = 0.607000E+03
 AMRCLAW: level  1  CFL = .294E+00  dt = 0.5000E+00  final t = 0.607500E+03
 AMRCLAW: level  1  CFL = .293E+00  dt = 0.5000E+00  final t = 0.608000E+03
 AMRCLAW: level  1  CFL = .293E+00  dt = 0.5000E+00  final t = 0.608500E+03
 AMRCLAW: level  1  CFL = .293E+00  dt = 0.5000E+00  final t = 0.609000E+03
 AMRCLAW: level  1  CFL = .292E+00  dt = 0.5000E+00  final t = 0.609500E+03
 AMRCLAW: level  1  CFL = .292E+00  dt = 0.5000E+00  final t = 0.610000E+03
 AMRCLAW: level  1  CFL = .291E+00  dt = 0.5000E+00  final t = 0.610500E+03
 AMRCLAW: level  1  CFL = .291E+00  dt = 0.5000E+00  final t = 0.611000E+03
 AMRCLAW: level  1  CFL = .290E+00  dt = 0.5000E+00  final t = 0.611500E+03
 AMRCLAW: level  1  CFL = .290E+00  dt = 0.5000E+00  final t = 0.612000E+03
 AMRCLAW: level  1  CFL = .290E+00  dt = 0.5000E+00  final t = 0.612500E+03
 AMRCLAW: level  1  CFL = .289E+00  dt = 0.5000E+00  final t = 0.613000E+03
 AMRCLAW: level  1  CFL = .289E+00  dt = 0.5000E+00  final t = 0.613500E+03
 AMRCLAW: level  1  CFL = .288E+00  dt = 0.5000E+00  final t = 0.614000E+03
 AMRCLAW: level  1  CFL = .288E+00  dt = 0.5000E+00  final t = 0.614500E+03
 AMRCLAW: level  1  CFL = .287E+00  dt = 0.5000E+00  final t = 0.615000E+03
 AMRCLAW: level  1  CFL = .287E+00  dt = 0.5000E+00  final t = 0.615500E+03
 AMRCLAW: level  1  CFL = .286E+00  dt = 0.5000E+00  final t = 0.616000E+03
 AMRCLAW: level  1  CFL = .286E+00  dt = 0.5000E+00  final t = 0.616500E+03
 AMRCLAW: level  1  CFL = .285E+00  dt = 0.5000E+00  final t = 0.617000E+03
 AMRCLAW: level  1  CFL = .343E+00  dt = 0.5000E+00  final t = 0.617500E+03
 AMRCLAW: level  1  CFL = .285E+00  dt = 0.5000E+00  final t = 0.618000E+03
 AMRCLAW: level  1  CFL = .285E+00  dt = 0.5000E+00  final t = 0.618500E+03
 AMRCLAW: level  1  CFL = .285E+00  dt = 0.5000E+00  final t = 0.619000E+03
 AMRCLAW: level  1  CFL = .285E+00  dt = 0.5000E+00  final t = 0.619500E+03
 AMRCLAW: level  1  CFL = .284E+00  dt = 0.5000E+00  final t = 0.620000E+03
 AMRCLAW: level  1  CFL = .284E+00  dt = 0.5000E+00  final t = 0.620500E+03
 AMRCLAW: level  1  CFL = .284E+00  dt = 0.5000E+00  final t = 0.621000E+03
 AMRCLAW: level  1  CFL = .284E+00  dt = 0.5000E+00  final t = 0.621500E+03
 AMRCLAW: level  1  CFL = .284E+00  dt = 0.5000E+00  final t = 0.622000E+03
 AMRCLAW: level  1  CFL = .284E+00  dt = 0.5000E+00  final t = 0.622500E+03
 AMRCLAW: level  1  CFL = .284E+00  dt = 0.5000E+00  final t = 0.623000E+03
 AMRCLAW: level  1  CFL = .284E+00  dt = 0.5000E+00  final t = 0.623500E+03
 AMRCLAW: level  1  CFL = .284E+00  dt = 0.5000E+00  final t = 0.624000E+03
 AMRCLAW: level  1  CFL = .284E+00  dt = 0.5000E+00  final t = 0.624500E+03
 AMRCLAW: level  1  CFL = .284E+00  dt = 0.5000E+00  final t = 0.625000E+03
 AMRCLAW: level  1  CFL = .284E+00  dt = 0.5000E+00  final t = 0.625500E+03
 AMRCLAW: level  1  CFL = .284E+00  dt = 0.5000E+00  final t = 0.626000E+03
 AMRCLAW: level  1  CFL = .284E+00  dt = 0.5000E+00  final t = 0.626500E+03
 AMRCLAW: level  1  CFL = .284E+00  dt = 0.5000E+00  final t = 0.627000E+03
 AMRCLAW: level  1  CFL = .284E+00  dt = 0.5000E+00  final t = 0.627500E+03
 AMRCLAW: level  1  CFL = .284E+00  dt = 0.5000E+00  final t = 0.628000E+03
 AMRCLAW: level  1  CFL = .284E+00  dt = 0.5000E+00  final t = 0.628500E+03
 AMRCLAW: level  1  CFL = .284E+00  dt = 0.5000E+00  final t = 0.629000E+03
 AMRCLAW: level  1  CFL = .284E+00  dt = 0.5000E+00  final t = 0.629500E+03
 AMRCLAW: level  1  CFL = .284E+00  dt = 0.5000E+00  final t = 0.630000E+03
GEOCLAW: Frame   21 output files done at time t =  0.630000D+03

 AMRCLAW: level  1  CFL = .284E+00  dt = 0.5000E+00  final t = 0.630500E+03
 AMRCLAW: level  1  CFL = .284E+00  dt = 0.5000E+00  final t = 0.631000E+03
 AMRCLAW: level  1  CFL = .284E+00  dt = 0.5000E+00  final t = 0.631500E+03
 AMRCLAW: level  1  CFL = .284E+00  dt = 0.5000E+00  final t = 0.632000E+03
 AMRCLAW: level  1  CFL = .284E+00  dt = 0.5000E+00  final t = 0.632500E+03
 AMRCLAW: level  1  CFL = .284E+00  dt = 0.5000E+00  final t = 0.633000E+03
 AMRCLAW: level  1  CFL = .284E+00  dt = 0.5000E+00  final t = 0.633500E+03
 AMRCLAW: level  1  CFL = .284E+00  dt = 0.5000E+00  final t = 0.634000E+03
 AMRCLAW: level  1  CFL = .284E+00  dt = 0.5000E+00  final t = 0.634500E+03
 AMRCLAW: level  1  CFL = .283E+00  dt = 0.5000E+00  final t = 0.635000E+03
 AMRCLAW: level  1  CFL = .283E+00  dt = 0.5000E+00  final t = 0.635500E+03
 AMRCLAW: level  1  CFL = .283E+00  dt = 0.5000E+00  final t = 0.636000E+03
 AMRCLAW: level  1  CFL = .283E+00  dt = 0.5000E+00  final t = 0.636500E+03
 AMRCLAW: level  1  CFL = .283E+00  dt = 0.5000E+00  final t = 0.637000E+03
 AMRCLAW: level  1  CFL = .283E+00  dt = 0.5000E+00  final t = 0.637500E+03
 AMRCLAW: level  1  CFL = .283E+00  dt = 0.5000E+00  final t = 0.638000E+03
 AMRCLAW: level  1  CFL = .283E+00  dt = 0.5000E+00  final t = 0.638500E+03
 AMRCLAW: level  1  CFL = .283E+00  dt = 0.5000E+00  final t = 0.639000E+03
 AMRCLAW: level  1  CFL = .283E+00  dt = 0.5000E+00  final t = 0.639500E+03
 AMRCLAW: level  1  CFL = .283E+00  dt = 0.5000E+00  final t = 0.640000E+03
 AMRCLAW: level  1  CFL = .283E+00  dt = 0.5000E+00  final t = 0.640500E+03
 AMRCLAW: level  1  CFL = .283E+00  dt = 0.5000E+00  final t = 0.641000E+03
 AMRCLAW: level  1  CFL = .283E+00  dt = 0.5000E+00  final t = 0.641500E+03
 AMRCLAW: level  1  CFL = .283E+00  dt = 0.5000E+00  final t = 0.642000E+03
 AMRCLAW: level  1  CFL = .283E+00  dt = 0.5000E+00  final t = 0.642500E+03
 AMRCLAW: level  1  CFL = .283E+00  dt = 0.5000E+00  final t = 0.643000E+03
 AMRCLAW: level  1  CFL = .283E+00  dt = 0.5000E+00  final t = 0.643500E+03
 AMRCLAW: level  1  CFL = .283E+00  dt = 0.5000E+00  final t = 0.644000E+03
 AMRCLAW: level  1  CFL = .282E+00  dt = 0.5000E+00  final t = 0.644500E+03
 AMRCLAW: level  1  CFL = .282E+00  dt = 0.5000E+00  final t = 0.645000E+03
 AMRCLAW: level  1  CFL = .282E+00  dt = 0.5000E+00  final t = 0.645500E+03
 AMRCLAW: level  1  CFL = .282E+00  dt = 0.5000E+00  final t = 0.646000E+03
 AMRCLAW: level  1  CFL = .282E+00  dt = 0.5000E+00  final t = 0.646500E+03
 AMRCLAW: level  1  CFL = .282E+00  dt = 0.5000E+00  final t = 0.647000E+03
 AMRCLAW: level  1  CFL = .282E+00  dt = 0.5000E+00  final t = 0.647500E+03
 AMRCLAW: level  1  CFL = .282E+00  dt = 0.5000E+00  final t = 0.648000E+03
 AMRCLAW: level  1  CFL = .282E+00  dt = 0.5000E+00  final t = 0.648500E+03
 AMRCLAW: level  1  CFL = .282E+00  dt = 0.5000E+00  final t = 0.649000E+03
 AMRCLAW: level  1  CFL = .282E+00  dt = 0.5000E+00  final t = 0.649500E+03
 AMRCLAW: level  1  CFL = .282E+00  dt = 0.5000E+00  final t = 0.650000E+03
 AMRCLAW: level  1  CFL = .281E+00  dt = 0.5000E+00  final t = 0.650500E+03
 AMRCLAW: level  1  CFL = .281E+00  dt = 0.5000E+00  final t = 0.651000E+03
 AMRCLAW: level  1  CFL = .281E+00  dt = 0.5000E+00  final t = 0.651500E+03
 AMRCLAW: level  1  CFL = .281E+00  dt = 0.5000E+00  final t = 0.652000E+03
 AMRCLAW: level  1  CFL = .282E+00  dt = 0.5000E+00  final t = 0.652500E+03
 AMRCLAW: level  1  CFL = .282E+00  dt = 0.5000E+00  final t = 0.653000E+03
 AMRCLAW: level  1  CFL = .283E+00  dt = 0.5000E+00  final t = 0.653500E+03
 AMRCLAW: level  1  CFL = .283E+00  dt = 0.5000E+00  final t = 0.654000E+03
 AMRCLAW: level  1  CFL = .284E+00  dt = 0.5000E+00  final t = 0.654500E+03
 AMRCLAW: level  1  CFL = .284E+00  dt = 0.5000E+00  final t = 0.655000E+03
 AMRCLAW: level  1  CFL = .284E+00  dt = 0.5000E+00  final t = 0.655500E+03
 AMRCLAW: level  1  CFL = .284E+00  dt = 0.5000E+00  final t = 0.656000E+03
 AMRCLAW: level  1  CFL = .283E+00  dt = 0.5000E+00  final t = 0.656500E+03
 AMRCLAW: level  1  CFL = .283E+00  dt = 0.5000E+00  final t = 0.657000E+03
 AMRCLAW: level  1  CFL = .282E+00  dt = 0.5000E+00  final t = 0.657500E+03
 AMRCLAW: level  1  CFL = .281E+00  dt = 0.5000E+00  final t = 0.658000E+03
 AMRCLAW: level  1  CFL = .280E+00  dt = 0.5000E+00  final t = 0.658500E+03
 AMRCLAW: level  1  CFL = .280E+00  dt = 0.5000E+00  final t = 0.659000E+03
 AMRCLAW: level  1  CFL = .280E+00  dt = 0.5000E+00  final t = 0.659500E+03
 AMRCLAW: level  1  CFL = .280E+00  dt = 0.5000E+00  final t = 0.660000E+03
GEOCLAW: Frame   22 output files done at time t =  0.660000D+03

 AMRCLAW: level  1  CFL = .280E+00  dt = 0.5000E+00  final t = 0.660500E+03
 AMRCLAW: level  1  CFL = .280E+00  dt = 0.5000E+00  final t = 0.661000E+03
 AMRCLAW: level  1  CFL = .280E+00  dt = 0.5000E+00  final t = 0.661500E+03
 AMRCLAW: level  1  CFL = .279E+00  dt = 0.5000E+00  final t = 0.662000E+03
 AMRCLAW: level  1  CFL = .279E+00  dt = 0.5000E+00  final t = 0.662500E+03
 AMRCLAW: level  1  CFL = .279E+00  dt = 0.5000E+00  final t = 0.663000E+03
 AMRCLAW: level  1  CFL = .279E+00  dt = 0.5000E+00  final t = 0.663500E+03
 AMRCLAW: level  1  CFL = .279E+00  dt = 0.5000E+00  final t = 0.664000E+03
 AMRCLAW: level  1  CFL = .279E+00  dt = 0.5000E+00  final t = 0.664500E+03
 AMRCLAW: level  1  CFL = .279E+00  dt = 0.5000E+00  final t = 0.665000E+03
 AMRCLAW: level  1  CFL = .279E+00  dt = 0.5000E+00  final t = 0.665500E+03
 AMRCLAW: level  1  CFL = .279E+00  dt = 0.5000E+00  final t = 0.666000E+03
 AMRCLAW: level  1  CFL = .279E+00  dt = 0.5000E+00  final t = 0.666500E+03
 AMRCLAW: level  1  CFL = .279E+00  dt = 0.5000E+00  final t = 0.667000E+03
 AMRCLAW: level  1  CFL = .278E+00  dt = 0.5000E+00  final t = 0.667500E+03
 AMRCLAW: level  1  CFL = .311E+00  dt = 0.5000E+00  final t = 0.668000E+03
 AMRCLAW: level  1  CFL = .278E+00  dt = 0.5000E+00  final t = 0.668500E+03
 AMRCLAW: level  1  CFL = .278E+00  dt = 0.5000E+00  final t = 0.669000E+03
 AMRCLAW: level  1  CFL = .278E+00  dt = 0.5000E+00  final t = 0.669500E+03
 AMRCLAW: level  1  CFL = .278E+00  dt = 0.5000E+00  final t = 0.670000E+03
 AMRCLAW: level  1  CFL = .278E+00  dt = 0.5000E+00  final t = 0.670500E+03
 AMRCLAW: level  1  CFL = .278E+00  dt = 0.5000E+00  final t = 0.671000E+03
 AMRCLAW: level  1  CFL = .278E+00  dt = 0.5000E+00  final t = 0.671500E+03
 AMRCLAW: level  1  CFL = .278E+00  dt = 0.5000E+00  final t = 0.672000E+03
 AMRCLAW: level  1  CFL = .277E+00  dt = 0.5000E+00  final t = 0.672500E+03
 AMRCLAW: level  1  CFL = .277E+00  dt = 0.5000E+00  final t = 0.673000E+03
 AMRCLAW: level  1  CFL = .277E+00  dt = 0.5000E+00  final t = 0.673500E+03
 AMRCLAW: level  1  CFL = .277E+00  dt = 0.5000E+00  final t = 0.674000E+03
 AMRCLAW: level  1  CFL = .277E+00  dt = 0.5000E+00  final t = 0.674500E+03
 AMRCLAW: level  1  CFL = .277E+00  dt = 0.5000E+00  final t = 0.675000E+03
 AMRCLAW: level  1  CFL = .277E+00  dt = 0.5000E+00  final t = 0.675500E+03
 AMRCLAW: level  1  CFL = .277E+00  dt = 0.5000E+00  final t = 0.676000E+03
 AMRCLAW: level  1  CFL = .277E+00  dt = 0.5000E+00  final t = 0.676500E+03
 AMRCLAW: level  1  CFL = .276E+00  dt = 0.5000E+00  final t = 0.677000E+03
 AMRCLAW: level  1  CFL = .276E+00  dt = 0.5000E+00  final t = 0.677500E+03
 AMRCLAW: level  1  CFL = .276E+00  dt = 0.5000E+00  final t = 0.678000E+03
 AMRCLAW: level  1  CFL = .276E+00  dt = 0.5000E+00  final t = 0.678500E+03
 AMRCLAW: level  1  CFL = .276E+00  dt = 0.5000E+00  final t = 0.679000E+03
 AMRCLAW: level  1  CFL = .276E+00  dt = 0.5000E+00  final t = 0.679500E+03
 AMRCLAW: level  1  CFL = .276E+00  dt = 0.5000E+00  final t = 0.680000E+03
 AMRCLAW: level  1  CFL = .276E+00  dt = 0.5000E+00  final t = 0.680500E+03
 AMRCLAW: level  1  CFL = .276E+00  dt = 0.5000E+00  final t = 0.681000E+03
 AMRCLAW: level  1  CFL = .276E+00  dt = 0.5000E+00  final t = 0.681500E+03
 AMRCLAW: level  1  CFL = .276E+00  dt = 0.5000E+00  final t = 0.682000E+03
 AMRCLAW: level  1  CFL = .275E+00  dt = 0.5000E+00  final t = 0.682500E+03
 AMRCLAW: level  1  CFL = .275E+00  dt = 0.5000E+00  final t = 0.683000E+03
 AMRCLAW: level  1  CFL = .275E+00  dt = 0.5000E+00  final t = 0.683500E+03
 AMRCLAW: level  1  CFL = .275E+00  dt = 0.5000E+00  final t = 0.684000E+03
 AMRCLAW: level  1  CFL = .275E+00  dt = 0.5000E+00  final t = 0.684500E+03
 AMRCLAW: level  1  CFL = .275E+00  dt = 0.5000E+00  final t = 0.685000E+03
 AMRCLAW: level  1  CFL = .275E+00  dt = 0.5000E+00  final t = 0.685500E+03
 AMRCLAW: level  1  CFL = .275E+00  dt = 0.5000E+00  final t = 0.686000E+03
 AMRCLAW: level  1  CFL = .275E+00  dt = 0.5000E+00  final t = 0.686500E+03
 AMRCLAW: level  1  CFL = .275E+00  dt = 0.5000E+00  final t = 0.687000E+03
 AMRCLAW: level  1  CFL = .275E+00  dt = 0.5000E+00  final t = 0.687500E+03
 AMRCLAW: level  1  CFL = .275E+00  dt = 0.5000E+00  final t = 0.688000E+03
 AMRCLAW: level  1  CFL = .275E+00  dt = 0.5000E+00  final t = 0.688500E+03
 AMRCLAW: level  1  CFL = .275E+00  dt = 0.5000E+00  final t = 0.689000E+03
 AMRCLAW: level  1  CFL = .275E+00  dt = 0.5000E+00  final t = 0.689500E+03
 AMRCLAW: level  1  CFL = .275E+00  dt = 0.5000E+00  final t = 0.690000E+03
GEOCLAW: Frame   23 output files done at time t =  0.690000D+03

 AMRCLAW: level  1  CFL = .275E+00  dt = 0.5000E+00  final t = 0.690500E+03
 AMRCLAW: level  1  CFL = .275E+00  dt = 0.5000E+00  final t = 0.691000E+03
 AMRCLAW: level  1  CFL = .275E+00  dt = 0.5000E+00  final t = 0.691500E+03
 AMRCLAW: level  1  CFL = .275E+00  dt = 0.5000E+00  final t = 0.692000E+03
 AMRCLAW: level  1  CFL = .275E+00  dt = 0.5000E+00  final t = 0.692500E+03
 AMRCLAW: level  1  CFL = .275E+00  dt = 0.5000E+00  final t = 0.693000E+03
 AMRCLAW: level  1  CFL = .275E+00  dt = 0.5000E+00  final t = 0.693500E+03
 AMRCLAW: level  1  CFL = .275E+00  dt = 0.5000E+00  final t = 0.694000E+03
 AMRCLAW: level  1  CFL = .275E+00  dt = 0.5000E+00  final t = 0.694500E+03
 AMRCLAW: level  1  CFL = .275E+00  dt = 0.5000E+00  final t = 0.695000E+03
 AMRCLAW: level  1  CFL = .275E+00  dt = 0.5000E+00  final t = 0.695500E+03
 AMRCLAW: level  1  CFL = .275E+00  dt = 0.5000E+00  final t = 0.696000E+03
 AMRCLAW: level  1  CFL = .276E+00  dt = 0.5000E+00  final t = 0.696500E+03
 AMRCLAW: level  1  CFL = .276E+00  dt = 0.5000E+00  final t = 0.697000E+03
 AMRCLAW: level  1  CFL = .276E+00  dt = 0.5000E+00  final t = 0.697500E+03
 AMRCLAW: level  1  CFL = .276E+00  dt = 0.5000E+00  final t = 0.698000E+03
 AMRCLAW: level  1  CFL = .276E+00  dt = 0.5000E+00  final t = 0.698500E+03
 AMRCLAW: level  1  CFL = .276E+00  dt = 0.5000E+00  final t = 0.699000E+03
 AMRCLAW: level  1  CFL = .276E+00  dt = 0.5000E+00  final t = 0.699500E+03
 AMRCLAW: level  1  CFL = .276E+00  dt = 0.5000E+00  final t = 0.700000E+03
 AMRCLAW: level  1  CFL = .276E+00  dt = 0.5000E+00  final t = 0.700500E+03
 AMRCLAW: level  1  CFL = .276E+00  dt = 0.5000E+00  final t = 0.701000E+03
 AMRCLAW: level  1  CFL = .277E+00  dt = 0.5000E+00  final t = 0.701500E+03
 AMRCLAW: level  1  CFL = .277E+00  dt = 0.5000E+00  final t = 0.702000E+03
 AMRCLAW: level  1  CFL = .277E+00  dt = 0.5000E+00  final t = 0.702500E+03
 AMRCLAW: level  1  CFL = .277E+00  dt = 0.5000E+00  final t = 0.703000E+03
 AMRCLAW: level  1  CFL = .277E+00  dt = 0.5000E+00  final t = 0.703500E+03
 AMRCLAW: level  1  CFL = .277E+00  dt = 0.5000E+00  final t = 0.704000E+03
 AMRCLAW: level  1  CFL = .277E+00  dt = 0.5000E+00  final t = 0.704500E+03
 AMRCLAW: level  1  CFL = .278E+00  dt = 0.5000E+00  final t = 0.705000E+03
 AMRCLAW: level  1  CFL = .278E+00  dt = 0.5000E+00  final t = 0.705500E+03
 AMRCLAW: level  1  CFL = .278E+00  dt = 0.5000E+00  final t = 0.706000E+03
 AMRCLAW: level  1  CFL = .278E+00  dt = 0.5000E+00  final t = 0.706500E+03
 AMRCLAW: level  1  CFL = .278E+00  dt = 0.5000E+00  final t = 0.707000E+03
 AMRCLAW: level  1  CFL = .278E+00  dt = 0.5000E+00  final t = 0.707500E+03
 AMRCLAW: level  1  CFL = .279E+00  dt = 0.5000E+00  final t = 0.708000E+03
 AMRCLAW: level  1  CFL = .279E+00  dt = 0.5000E+00  final t = 0.708500E+03
 AMRCLAW: level  1  CFL = .279E+00  dt = 0.5000E+00  final t = 0.709000E+03
 AMRCLAW: level  1  CFL = .279E+00  dt = 0.5000E+00  final t = 0.709500E+03
 AMRCLAW: level  1  CFL = .279E+00  dt = 0.5000E+00  final t = 0.710000E+03
 AMRCLAW: level  1  CFL = .279E+00  dt = 0.5000E+00  final t = 0.710500E+03
 AMRCLAW: level  1  CFL = .279E+00  dt = 0.5000E+00  final t = 0.711000E+03
 AMRCLAW: level  1  CFL = .279E+00  dt = 0.5000E+00  final t = 0.711500E+03
 AMRCLAW: level  1  CFL = .280E+00  dt = 0.5000E+00  final t = 0.712000E+03
 AMRCLAW: level  1  CFL = .280E+00  dt = 0.5000E+00  final t = 0.712500E+03
 AMRCLAW: level  1  CFL = .280E+00  dt = 0.5000E+00  final t = 0.713000E+03
 AMRCLAW: level  1  CFL = .280E+00  dt = 0.5000E+00  final t = 0.713500E+03
 AMRCLAW: level  1  CFL = .280E+00  dt = 0.5000E+00  final t = 0.714000E+03
 AMRCLAW: level  1  CFL = .280E+00  dt = 0.5000E+00  final t = 0.714500E+03
 AMRCLAW: level  1  CFL = .280E+00  dt = 0.5000E+00  final t = 0.715000E+03
 AMRCLAW: level  1  CFL = .280E+00  dt = 0.5000E+00  final t = 0.715500E+03
 AMRCLAW: level  1  CFL = .280E+00  dt = 0.5000E+00  final t = 0.716000E+03
 AMRCLAW: level  1  CFL = .280E+00  dt = 0.5000E+00  final t = 0.716500E+03
 AMRCLAW: level  1  CFL = .280E+00  dt = 0.5000E+00  final t = 0.717000E+03
 AMRCLAW: level  1  CFL = .281E+00  dt = 0.5000E+00  final t = 0.717500E+03
 AMRCLAW: level  1  CFL = .281E+00  dt = 0.5000E+00  final t = 0.718000E+03
 AMRCLAW: level  1  CFL = .281E+00  dt = 0.5000E+00  final t = 0.718500E+03
 AMRCLAW: level  1  CFL = .281E+00  dt = 0.5000E+00  final t = 0.719000E+03
 AMRCLAW: level  1  CFL = .281E+00  dt = 0.5000E+00  final t = 0.719500E+03
 AMRCLAW: level  1  CFL = .281E+00  dt = 0.5000E+00  final t = 0.720000E+03
GEOCLAW: Frame   24 output files done at time t =  0.720000D+03

 AMRCLAW: level  1  CFL = .281E+00  dt = 0.5000E+00  final t = 0.720500E+03
 AMRCLAW: level  1  CFL = .281E+00  dt = 0.5000E+00  final t = 0.721000E+03
 AMRCLAW: level  1  CFL = .281E+00  dt = 0.5000E+00  final t = 0.721500E+03
 AMRCLAW: level  1  CFL = .281E+00  dt = 0.5000E+00  final t = 0.722000E+03
 AMRCLAW: level  1  CFL = .281E+00  dt = 0.5000E+00  final t = 0.722500E+03
 AMRCLAW: level  1  CFL = .281E+00  dt = 0.5000E+00  final t = 0.723000E+03
 AMRCLAW: level  1  CFL = .281E+00  dt = 0.5000E+00  final t = 0.723500E+03
 AMRCLAW: level  1  CFL = .281E+00  dt = 0.5000E+00  final t = 0.724000E+03
 AMRCLAW: level  1  CFL = .281E+00  dt = 0.5000E+00  final t = 0.724500E+03
 AMRCLAW: level  1  CFL = .281E+00  dt = 0.5000E+00  final t = 0.725000E+03
 AMRCLAW: level  1  CFL = .281E+00  dt = 0.5000E+00  final t = 0.725500E+03
 AMRCLAW: level  1  CFL = .281E+00  dt = 0.5000E+00  final t = 0.726000E+03
 AMRCLAW: level  1  CFL = .281E+00  dt = 0.5000E+00  final t = 0.726500E+03
 AMRCLAW: level  1  CFL = .281E+00  dt = 0.5000E+00  final t = 0.727000E+03
 AMRCLAW: level  1  CFL = .281E+00  dt = 0.5000E+00  final t = 0.727500E+03
 AMRCLAW: level  1  CFL = .281E+00  dt = 0.5000E+00  final t = 0.728000E+03
 AMRCLAW: level  1  CFL = .281E+00  dt = 0.5000E+00  final t = 0.728500E+03
 AMRCLAW: level  1  CFL = .281E+00  dt = 0.5000E+00  final t = 0.729000E+03
 AMRCLAW: level  1  CFL = .281E+00  dt = 0.5000E+00  final t = 0.729500E+03
 AMRCLAW: level  1  CFL = .281E+00  dt = 0.5000E+00  final t = 0.730000E+03
 AMRCLAW: level  1  CFL = .281E+00  dt = 0.5000E+00  final t = 0.730500E+03
 AMRCLAW: level  1  CFL = .281E+00  dt = 0.5000E+00  final t = 0.731000E+03
 AMRCLAW: level  1  CFL = .281E+00  dt = 0.5000E+00  final t = 0.731500E+03
 AMRCLAW: level  1  CFL = .281E+00  dt = 0.5000E+00  final t = 0.732000E+03
 AMRCLAW: level  1  CFL = .281E+00  dt = 0.5000E+00  final t = 0.732500E+03
 AMRCLAW: level  1  CFL = .281E+00  dt = 0.5000E+00  final t = 0.733000E+03
 AMRCLAW: level  1  CFL = .281E+00  dt = 0.5000E+00  final t = 0.733500E+03
 AMRCLAW: level  1  CFL = .281E+00  dt = 0.5000E+00  final t = 0.734000E+03
 AMRCLAW: level  1  CFL = .281E+00  dt = 0.5000E+00  final t = 0.734500E+03
 AMRCLAW: level  1  CFL = .281E+00  dt = 0.5000E+00  final t = 0.735000E+03
 AMRCLAW: level  1  CFL = .281E+00  dt = 0.5000E+00  final t = 0.735500E+03
 AMRCLAW: level  1  CFL = .281E+00  dt = 0.5000E+00  final t = 0.736000E+03
 AMRCLAW: level  1  CFL = .281E+00  dt = 0.5000E+00  final t = 0.736500E+03
 AMRCLAW: level  1  CFL = .281E+00  dt = 0.5000E+00  final t = 0.737000E+03
 AMRCLAW: level  1  CFL = .281E+00  dt = 0.5000E+00  final t = 0.737500E+03
 AMRCLAW: level  1  CFL = .281E+00  dt = 0.5000E+00  final t = 0.738000E+03
 AMRCLAW: level  1  CFL = .281E+00  dt = 0.5000E+00  final t = 0.738500E+03
 AMRCLAW: level  1  CFL = .281E+00  dt = 0.5000E+00  final t = 0.739000E+03
 AMRCLAW: level  1  CFL = .281E+00  dt = 0.5000E+00  final t = 0.739500E+03
 AMRCLAW: level  1  CFL = .280E+00  dt = 0.5000E+00  final t = 0.740000E+03
 AMRCLAW: level  1  CFL = .280E+00  dt = 0.5000E+00  final t = 0.740500E+03
 AMRCLAW: level  1  CFL = .280E+00  dt = 0.5000E+00  final t = 0.741000E+03
 AMRCLAW: level  1  CFL = .280E+00  dt = 0.5000E+00  final t = 0.741500E+03
 AMRCLAW: level  1  CFL = .280E+00  dt = 0.5000E+00  final t = 0.742000E+03
 AMRCLAW: level  1  CFL = .280E+00  dt = 0.5000E+00  final t = 0.742500E+03
 AMRCLAW: level  1  CFL = .280E+00  dt = 0.5000E+00  final t = 0.743000E+03
 AMRCLAW: level  1  CFL = .280E+00  dt = 0.5000E+00  final t = 0.743500E+03
 AMRCLAW: level  1  CFL = .280E+00  dt = 0.5000E+00  final t = 0.744000E+03
 AMRCLAW: level  1  CFL = .280E+00  dt = 0.5000E+00  final t = 0.744500E+03
 AMRCLAW: level  1  CFL = .280E+00  dt = 0.5000E+00  final t = 0.745000E+03
 AMRCLAW: level  1  CFL = .280E+00  dt = 0.5000E+00  final t = 0.745500E+03
 AMRCLAW: level  1  CFL = .280E+00  dt = 0.5000E+00  final t = 0.746000E+03
 AMRCLAW: level  1  CFL = .280E+00  dt = 0.5000E+00  final t = 0.746500E+03
 AMRCLAW: level  1  CFL = .280E+00  dt = 0.5000E+00  final t = 0.747000E+03
 AMRCLAW: level  1  CFL = .280E+00  dt = 0.5000E+00  final t = 0.747500E+03
 AMRCLAW: level  1  CFL = .280E+00  dt = 0.5000E+00  final t = 0.748000E+03
 AMRCLAW: level  1  CFL = .280E+00  dt = 0.5000E+00  final t = 0.748500E+03
 AMRCLAW: level  1  CFL = .280E+00  dt = 0.5000E+00  final t = 0.749000E+03
 AMRCLAW: level  1  CFL = .280E+00  dt = 0.5000E+00  final t = 0.749500E+03
 AMRCLAW: level  1  CFL = .280E+00  dt = 0.5000E+00  final t = 0.750000E+03
GEOCLAW: Frame   25 output files done at time t =  0.750000D+03

 AMRCLAW: level  1  CFL = .280E+00  dt = 0.5000E+00  final t = 0.750500E+03
 AMRCLAW: level  1  CFL = .280E+00  dt = 0.5000E+00  final t = 0.751000E+03
 AMRCLAW: level  1  CFL = .280E+00  dt = 0.5000E+00  final t = 0.751500E+03
 AMRCLAW: level  1  CFL = .280E+00  dt = 0.5000E+00  final t = 0.752000E+03
 AMRCLAW: level  1  CFL = .280E+00  dt = 0.5000E+00  final t = 0.752500E+03
 AMRCLAW: level  1  CFL = .280E+00  dt = 0.5000E+00  final t = 0.753000E+03
 AMRCLAW: level  1  CFL = .280E+00  dt = 0.5000E+00  final t = 0.753500E+03
 AMRCLAW: level  1  CFL = .279E+00  dt = 0.5000E+00  final t = 0.754000E+03
 AMRCLAW: level  1  CFL = .279E+00  dt = 0.5000E+00  final t = 0.754500E+03
 AMRCLAW: level  1  CFL = .279E+00  dt = 0.5000E+00  final t = 0.755000E+03
 AMRCLAW: level  1  CFL = .279E+00  dt = 0.5000E+00  final t = 0.755500E+03
 AMRCLAW: level  1  CFL = .279E+00  dt = 0.5000E+00  final t = 0.756000E+03
 AMRCLAW: level  1  CFL = .279E+00  dt = 0.5000E+00  final t = 0.756500E+03
 AMRCLAW: level  1  CFL = .279E+00  dt = 0.5000E+00  final t = 0.757000E+03
 AMRCLAW: level  1  CFL = .279E+00  dt = 0.5000E+00  final t = 0.757500E+03
 AMRCLAW: level  1  CFL = .279E+00  dt = 0.5000E+00  final t = 0.758000E+03
 AMRCLAW: level  1  CFL = .279E+00  dt = 0.5000E+00  final t = 0.758500E+03
 AMRCLAW: level  1  CFL = .279E+00  dt = 0.5000E+00  final t = 0.759000E+03
 AMRCLAW: level  1  CFL = .279E+00  dt = 0.5000E+00  final t = 0.759500E+03
 AMRCLAW: level  1  CFL = .279E+00  dt = 0.5000E+00  final t = 0.760000E+03
 AMRCLAW: level  1  CFL = .279E+00  dt = 0.5000E+00  final t = 0.760500E+03
 AMRCLAW: level  1  CFL = .278E+00  dt = 0.5000E+00  final t = 0.761000E+03
 AMRCLAW: level  1  CFL = .278E+00  dt = 0.5000E+00  final t = 0.761500E+03
 AMRCLAW: level  1  CFL = .278E+00  dt = 0.5000E+00  final t = 0.762000E+03
 AMRCLAW: level  1  CFL = .278E+00  dt = 0.5000E+00  final t = 0.762500E+03
 AMRCLAW: level  1  CFL = .278E+00  dt = 0.5000E+00  final t = 0.763000E+03
 AMRCLAW: level  1  CFL = .278E+00  dt = 0.5000E+00  final t = 0.763500E+03
 AMRCLAW: level  1  CFL = .278E+00  dt = 0.5000E+00  final t = 0.764000E+03
 AMRCLAW: level  1  CFL = .278E+00  dt = 0.5000E+00  final t = 0.764500E+03
 AMRCLAW: level  1  CFL = .278E+00  dt = 0.5000E+00  final t = 0.765000E+03
 AMRCLAW: level  1  CFL = .278E+00  dt = 0.5000E+00  final t = 0.765500E+03
 AMRCLAW: level  1  CFL = .278E+00  dt = 0.5000E+00  final t = 0.766000E+03
 AMRCLAW: level  1  CFL = .278E+00  dt = 0.5000E+00  final t = 0.766500E+03
 AMRCLAW: level  1  CFL = .278E+00  dt = 0.5000E+00  final t = 0.767000E+03
 AMRCLAW: level  1  CFL = .278E+00  dt = 0.5000E+00  final t = 0.767500E+03
 AMRCLAW: level  1  CFL = .277E+00  dt = 0.5000E+00  final t = 0.768000E+03
 AMRCLAW: level  1  CFL = .277E+00  dt = 0.5000E+00  final t = 0.768500E+03
 AMRCLAW: level  1  CFL = .277E+00  dt = 0.5000E+00  final t = 0.769000E+03
 AMRCLAW: level  1  CFL = .277E+00  dt = 0.5000E+00  final t = 0.769500E+03
 AMRCLAW: level  1  CFL = .277E+00  dt = 0.5000E+00  final t = 0.770000E+03
 AMRCLAW: level  1  CFL = .277E+00  dt = 0.5000E+00  final t = 0.770500E+03
 AMRCLAW: level  1  CFL = .277E+00  dt = 0.5000E+00  final t = 0.771000E+03
 AMRCLAW: level  1  CFL = .277E+00  dt = 0.5000E+00  final t = 0.771500E+03
 AMRCLAW: level  1  CFL = .277E+00  dt = 0.5000E+00  final t = 0.772000E+03
 AMRCLAW: level  1  CFL = .277E+00  dt = 0.5000E+00  final t = 0.772500E+03
 AMRCLAW: level  1  CFL = .277E+00  dt = 0.5000E+00  final t = 0.773000E+03
 AMRCLAW: level  1  CFL = .277E+00  dt = 0.5000E+00  final t = 0.773500E+03
 AMRCLAW: level  1  CFL = .277E+00  dt = 0.5000E+00  final t = 0.774000E+03
 AMRCLAW: level  1  CFL = .277E+00  dt = 0.5000E+00  final t = 0.774500E+03
 AMRCLAW: level  1  CFL = .277E+00  dt = 0.5000E+00  final t = 0.775000E+03
 AMRCLAW: level  1  CFL = .277E+00  dt = 0.5000E+00  final t = 0.775500E+03
 AMRCLAW: level  1  CFL = .278E+00  dt = 0.5000E+00  final t = 0.776000E+03
 AMRCLAW: level  1  CFL = .285E+00  dt = 0.5000E+00  final t = 0.776500E+03
 AMRCLAW: level  1  CFL = .292E+00  dt = 0.5000E+00  final t = 0.777000E+03
 AMRCLAW: level  1  CFL = .298E+00  dt = 0.5000E+00  final t = 0.777500E+03
 AMRCLAW: level  1  CFL = .304E+00  dt = 0.5000E+00  final t = 0.778000E+03
 AMRCLAW: level  1  CFL = .277E+00  dt = 0.5000E+00  final t = 0.778500E+03
 AMRCLAW: level  1  CFL = .277E+00  dt = 0.5000E+00  final t = 0.779000E+03
 AMRCLAW: level  1  CFL = .276E+00  dt = 0.5000E+00  final t = 0.779500E+03
 AMRCLAW: level  1  CFL = .276E+00  dt = 0.5000E+00  final t = 0.780000E+03
GEOCLAW: Frame   26 output files done at time t =  0.780000D+03

 AMRCLAW: level  1  CFL = .276E+00  dt = 0.5000E+00  final t = 0.780500E+03
 AMRCLAW: level  1  CFL = .276E+00  dt = 0.5000E+00  final t = 0.781000E+03
 AMRCLAW: level  1  CFL = .276E+00  dt = 0.5000E+00  final t = 0.781500E+03
 AMRCLAW: level  1  CFL = .276E+00  dt = 0.5000E+00  final t = 0.782000E+03
 AMRCLAW: level  1  CFL = .276E+00  dt = 0.5000E+00  final t = 0.782500E+03
 AMRCLAW: level  1  CFL = .276E+00  dt = 0.5000E+00  final t = 0.783000E+03
 AMRCLAW: level  1  CFL = .276E+00  dt = 0.5000E+00  final t = 0.783500E+03
 AMRCLAW: level  1  CFL = .276E+00  dt = 0.5000E+00  final t = 0.784000E+03
 AMRCLAW: level  1  CFL = .276E+00  dt = 0.5000E+00  final t = 0.784500E+03
 AMRCLAW: level  1  CFL = .276E+00  dt = 0.5000E+00  final t = 0.785000E+03
 AMRCLAW: level  1  CFL = .276E+00  dt = 0.5000E+00  final t = 0.785500E+03
 AMRCLAW: level  1  CFL = .276E+00  dt = 0.5000E+00  final t = 0.786000E+03
 AMRCLAW: level  1  CFL = .276E+00  dt = 0.5000E+00  final t = 0.786500E+03
 AMRCLAW: level  1  CFL = .275E+00  dt = 0.5000E+00  final t = 0.787000E+03
 AMRCLAW: level  1  CFL = .275E+00  dt = 0.5000E+00  final t = 0.787500E+03
 AMRCLAW: level  1  CFL = .275E+00  dt = 0.5000E+00  final t = 0.788000E+03
 AMRCLAW: level  1  CFL = .275E+00  dt = 0.5000E+00  final t = 0.788500E+03
 AMRCLAW: level  1  CFL = .275E+00  dt = 0.5000E+00  final t = 0.789000E+03
 AMRCLAW: level  1  CFL = .275E+00  dt = 0.5000E+00  final t = 0.789500E+03
 AMRCLAW: level  1  CFL = .275E+00  dt = 0.5000E+00  final t = 0.790000E+03
 AMRCLAW: level  1  CFL = .275E+00  dt = 0.5000E+00  final t = 0.790500E+03
 AMRCLAW: level  1  CFL = .275E+00  dt = 0.5000E+00  final t = 0.791000E+03
 AMRCLAW: level  1  CFL = .275E+00  dt = 0.5000E+00  final t = 0.791500E+03
 AMRCLAW: level  1  CFL = .275E+00  dt = 0.5000E+00  final t = 0.792000E+03
 AMRCLAW: level  1  CFL = .275E+00  dt = 0.5000E+00  final t = 0.792500E+03
 AMRCLAW: level  1  CFL = .275E+00  dt = 0.5000E+00  final t = 0.793000E+03
 AMRCLAW: level  1  CFL = .275E+00  dt = 0.5000E+00  final t = 0.793500E+03
 AMRCLAW: level  1  CFL = .275E+00  dt = 0.5000E+00  final t = 0.794000E+03
 AMRCLAW: level  1  CFL = .274E+00  dt = 0.5000E+00  final t = 0.794500E+03
 AMRCLAW: level  1  CFL = .274E+00  dt = 0.5000E+00  final t = 0.795000E+03
 AMRCLAW: level  1  CFL = .274E+00  dt = 0.5000E+00  final t = 0.795500E+03
 AMRCLAW: level  1  CFL = .274E+00  dt = 0.5000E+00  final t = 0.796000E+03
 AMRCLAW: level  1  CFL = .274E+00  dt = 0.5000E+00  final t = 0.796500E+03
 AMRCLAW: level  1  CFL = .274E+00  dt = 0.5000E+00  final t = 0.797000E+03
 AMRCLAW: level  1  CFL = .274E+00  dt = 0.5000E+00  final t = 0.797500E+03
 AMRCLAW: level  1  CFL = .273E+00  dt = 0.5000E+00  final t = 0.798000E+03
 AMRCLAW: level  1  CFL = .271E+00  dt = 0.5000E+00  final t = 0.798500E+03
 AMRCLAW: level  1  CFL = .270E+00  dt = 0.5000E+00  final t = 0.799000E+03
 AMRCLAW: level  1  CFL = .268E+00  dt = 0.5000E+00  final t = 0.799500E+03
 AMRCLAW: level  1  CFL = .267E+00  dt = 0.5000E+00  final t = 0.800000E+03
 AMRCLAW: level  1  CFL = .266E+00  dt = 0.5000E+00  final t = 0.800500E+03
 AMRCLAW: level  1  CFL = .266E+00  dt = 0.5000E+00  final t = 0.801000E+03
 AMRCLAW: level  1  CFL = .266E+00  dt = 0.5000E+00  final t = 0.801500E+03
 AMRCLAW: level  1  CFL = .266E+00  dt = 0.5000E+00  final t = 0.802000E+03
 AMRCLAW: level  1  CFL = .266E+00  dt = 0.5000E+00  final t = 0.802500E+03
 AMRCLAW: level  1  CFL = .266E+00  dt = 0.5000E+00  final t = 0.803000E+03
 AMRCLAW: level  1  CFL = .266E+00  dt = 0.5000E+00  final t = 0.803500E+03
 AMRCLAW: level  1  CFL = .266E+00  dt = 0.5000E+00  final t = 0.804000E+03
 AMRCLAW: level  1  CFL = .266E+00  dt = 0.5000E+00  final t = 0.804500E+03
 AMRCLAW: level  1  CFL = .266E+00  dt = 0.5000E+00  final t = 0.805000E+03
 AMRCLAW: level  1  CFL = .266E+00  dt = 0.5000E+00  final t = 0.805500E+03
 AMRCLAW: level  1  CFL = .267E+00  dt = 0.5000E+00  final t = 0.806000E+03
 AMRCLAW: level  1  CFL = .267E+00  dt = 0.5000E+00  final t = 0.806500E+03
 AMRCLAW: level  1  CFL = .267E+00  dt = 0.5000E+00  final t = 0.807000E+03
 AMRCLAW: level  1  CFL = .267E+00  dt = 0.5000E+00  final t = 0.807500E+03
 AMRCLAW: level  1  CFL = .267E+00  dt = 0.5000E+00  final t = 0.808000E+03
 AMRCLAW: level  1  CFL = .267E+00  dt = 0.5000E+00  final t = 0.808500E+03
 AMRCLAW: level  1  CFL = .267E+00  dt = 0.5000E+00  final t = 0.809000E+03
 AMRCLAW: level  1  CFL = .267E+00  dt = 0.5000E+00  final t = 0.809500E+03
 AMRCLAW: level  1  CFL = .267E+00  dt = 0.5000E+00  final t = 0.810000E+03
GEOCLAW: Frame   27 output files done at time t =  0.810000D+03

 AMRCLAW: level  1  CFL = .267E+00  dt = 0.5000E+00  final t = 0.810500E+03
 AMRCLAW: level  1  CFL = .267E+00  dt = 0.5000E+00  final t = 0.811000E+03
 AMRCLAW: level  1  CFL = .267E+00  dt = 0.5000E+00  final t = 0.811500E+03
 AMRCLAW: level  1  CFL = .268E+00  dt = 0.5000E+00  final t = 0.812000E+03
 AMRCLAW: level  1  CFL = .268E+00  dt = 0.5000E+00  final t = 0.812500E+03
 AMRCLAW: level  1  CFL = .268E+00  dt = 0.5000E+00  final t = 0.813000E+03
 AMRCLAW: level  1  CFL = .268E+00  dt = 0.5000E+00  final t = 0.813500E+03
 AMRCLAW: level  1  CFL = .268E+00  dt = 0.5000E+00  final t = 0.814000E+03
 AMRCLAW: level  1  CFL = .268E+00  dt = 0.5000E+00  final t = 0.814500E+03
 AMRCLAW: level  1  CFL = .268E+00  dt = 0.5000E+00  final t = 0.815000E+03
 AMRCLAW: level  1  CFL = .268E+00  dt = 0.5000E+00  final t = 0.815500E+03
 AMRCLAW: level  1  CFL = .268E+00  dt = 0.5000E+00  final t = 0.816000E+03
 AMRCLAW: level  1  CFL = .268E+00  dt = 0.5000E+00  final t = 0.816500E+03
 AMRCLAW: level  1  CFL = .268E+00  dt = 0.5000E+00  final t = 0.817000E+03
 AMRCLAW: level  1  CFL = .268E+00  dt = 0.5000E+00  final t = 0.817500E+03
 AMRCLAW: level  1  CFL = .268E+00  dt = 0.5000E+00  final t = 0.818000E+03
 AMRCLAW: level  1  CFL = .269E+00  dt = 0.5000E+00  final t = 0.818500E+03
 AMRCLAW: level  1  CFL = .269E+00  dt = 0.5000E+00  final t = 0.819000E+03
 AMRCLAW: level  1  CFL = .269E+00  dt = 0.5000E+00  final t = 0.819500E+03
 AMRCLAW: level  1  CFL = .269E+00  dt = 0.5000E+00  final t = 0.820000E+03
 AMRCLAW: level  1  CFL = .269E+00  dt = 0.5000E+00  final t = 0.820500E+03
 AMRCLAW: level  1  CFL = .269E+00  dt = 0.5000E+00  final t = 0.821000E+03
 AMRCLAW: level  1  CFL = .269E+00  dt = 0.5000E+00  final t = 0.821500E+03
 AMRCLAW: level  1  CFL = .269E+00  dt = 0.5000E+00  final t = 0.822000E+03
 AMRCLAW: level  1  CFL = .269E+00  dt = 0.5000E+00  final t = 0.822500E+03
 AMRCLAW: level  1  CFL = .269E+00  dt = 0.5000E+00  final t = 0.823000E+03
 AMRCLAW: level  1  CFL = .269E+00  dt = 0.5000E+00  final t = 0.823500E+03
 AMRCLAW: level  1  CFL = .269E+00  dt = 0.5000E+00  final t = 0.824000E+03
 AMRCLAW: level  1  CFL = .269E+00  dt = 0.5000E+00  final t = 0.824500E+03
 AMRCLAW: level  1  CFL = .269E+00  dt = 0.5000E+00  final t = 0.825000E+03
 AMRCLAW: level  1  CFL = .270E+00  dt = 0.5000E+00  final t = 0.825500E+03
 AMRCLAW: level  1  CFL = .270E+00  dt = 0.5000E+00  final t = 0.826000E+03
 AMRCLAW: level  1  CFL = .270E+00  dt = 0.5000E+00  final t = 0.826500E+03
 AMRCLAW: level  1  CFL = .270E+00  dt = 0.5000E+00  final t = 0.827000E+03
 AMRCLAW: level  1  CFL = .270E+00  dt = 0.5000E+00  final t = 0.827500E+03
 AMRCLAW: level  1  CFL = .270E+00  dt = 0.5000E+00  final t = 0.828000E+03
 AMRCLAW: level  1  CFL = .270E+00  dt = 0.5000E+00  final t = 0.828500E+03
 AMRCLAW: level  1  CFL = .270E+00  dt = 0.5000E+00  final t = 0.829000E+03
 AMRCLAW: level  1  CFL = .270E+00  dt = 0.5000E+00  final t = 0.829500E+03
 AMRCLAW: level  1  CFL = .270E+00  dt = 0.5000E+00  final t = 0.830000E+03
 AMRCLAW: level  1  CFL = .270E+00  dt = 0.5000E+00  final t = 0.830500E+03
 AMRCLAW: level  1  CFL = .270E+00  dt = 0.5000E+00  final t = 0.831000E+03
 AMRCLAW: level  1  CFL = .270E+00  dt = 0.5000E+00  final t = 0.831500E+03
 AMRCLAW: level  1  CFL = .270E+00  dt = 0.5000E+00  final t = 0.832000E+03
 AMRCLAW: level  1  CFL = .270E+00  dt = 0.5000E+00  final t = 0.832500E+03
 AMRCLAW: level  1  CFL = .271E+00  dt = 0.5000E+00  final t = 0.833000E+03
 AMRCLAW: level  1  CFL = .271E+00  dt = 0.5000E+00  final t = 0.833500E+03
 AMRCLAW: level  1  CFL = .271E+00  dt = 0.5000E+00  final t = 0.834000E+03
 AMRCLAW: level  1  CFL = .271E+00  dt = 0.5000E+00  final t = 0.834500E+03
 AMRCLAW: level  1  CFL = .271E+00  dt = 0.5000E+00  final t = 0.835000E+03
 AMRCLAW: level  1  CFL = .271E+00  dt = 0.5000E+00  final t = 0.835500E+03
 AMRCLAW: level  1  CFL = .271E+00  dt = 0.5000E+00  final t = 0.836000E+03
 AMRCLAW: level  1  CFL = .271E+00  dt = 0.5000E+00  final t = 0.836500E+03
 AMRCLAW: level  1  CFL = .271E+00  dt = 0.5000E+00  final t = 0.837000E+03
 AMRCLAW: level  1  CFL = .271E+00  dt = 0.5000E+00  final t = 0.837500E+03
 AMRCLAW: level  1  CFL = .271E+00  dt = 0.5000E+00  final t = 0.838000E+03
 AMRCLAW: level  1  CFL = .271E+00  dt = 0.5000E+00  final t = 0.838500E+03
 AMRCLAW: level  1  CFL = .271E+00  dt = 0.5000E+00  final t = 0.839000E+03
 AMRCLAW: level  1  CFL = .271E+00  dt = 0.5000E+00  final t = 0.839500E+03
 AMRCLAW: level  1  CFL = .271E+00  dt = 0.5000E+00  final t = 0.840000E+03
GEOCLAW: Frame   28 output files done at time t =  0.840000D+03

 AMRCLAW: level  1  CFL = .271E+00  dt = 0.5000E+00  final t = 0.840500E+03
 AMRCLAW: level  1  CFL = .272E+00  dt = 0.5000E+00  final t = 0.841000E+03
 AMRCLAW: level  1  CFL = .272E+00  dt = 0.5000E+00  final t = 0.841500E+03
 AMRCLAW: level  1  CFL = .272E+00  dt = 0.5000E+00  final t = 0.842000E+03
 AMRCLAW: level  1  CFL = .272E+00  dt = 0.5000E+00  final t = 0.842500E+03
 AMRCLAW: level  1  CFL = .272E+00  dt = 0.5000E+00  final t = 0.843000E+03
 AMRCLAW: level  1  CFL = .272E+00  dt = 0.5000E+00  final t = 0.843500E+03
 AMRCLAW: level  1  CFL = .272E+00  dt = 0.5000E+00  final t = 0.844000E+03
 AMRCLAW: level  1  CFL = .272E+00  dt = 0.5000E+00  final t = 0.844500E+03
 AMRCLAW: level  1  CFL = .272E+00  dt = 0.5000E+00  final t = 0.845000E+03
 AMRCLAW: level  1  CFL = .272E+00  dt = 0.5000E+00  final t = 0.845500E+03
 AMRCLAW: level  1  CFL = .272E+00  dt = 0.5000E+00  final t = 0.846000E+03
 AMRCLAW: level  1  CFL = .272E+00  dt = 0.5000E+00  final t = 0.846500E+03
 AMRCLAW: level  1  CFL = .272E+00  dt = 0.5000E+00  final t = 0.847000E+03
 AMRCLAW: level  1  CFL = .272E+00  dt = 0.5000E+00  final t = 0.847500E+03
 AMRCLAW: level  1  CFL = .272E+00  dt = 0.5000E+00  final t = 0.848000E+03
 AMRCLAW: level  1  CFL = .272E+00  dt = 0.5000E+00  final t = 0.848500E+03
 AMRCLAW: level  1  CFL = .272E+00  dt = 0.5000E+00  final t = 0.849000E+03
 AMRCLAW: level  1  CFL = .272E+00  dt = 0.5000E+00  final t = 0.849500E+03
 AMRCLAW: level  1  CFL = .272E+00  dt = 0.5000E+00  final t = 0.850000E+03
 AMRCLAW: level  1  CFL = .272E+00  dt = 0.5000E+00  final t = 0.850500E+03
 AMRCLAW: level  1  CFL = .273E+00  dt = 0.5000E+00  final t = 0.851000E+03
 AMRCLAW: level  1  CFL = .273E+00  dt = 0.5000E+00  final t = 0.851500E+03
 AMRCLAW: level  1  CFL = .273E+00  dt = 0.5000E+00  final t = 0.852000E+03
 AMRCLAW: level  1  CFL = .273E+00  dt = 0.5000E+00  final t = 0.852500E+03
 AMRCLAW: level  1  CFL = .273E+00  dt = 0.5000E+00  final t = 0.853000E+03
 AMRCLAW: level  1  CFL = .273E+00  dt = 0.5000E+00  final t = 0.853500E+03
 AMRCLAW: level  1  CFL = .273E+00  dt = 0.5000E+00  final t = 0.854000E+03
 AMRCLAW: level  1  CFL = .273E+00  dt = 0.5000E+00  final t = 0.854500E+03
 AMRCLAW: level  1  CFL = .273E+00  dt = 0.5000E+00  final t = 0.855000E+03
 AMRCLAW: level  1  CFL = .273E+00  dt = 0.5000E+00  final t = 0.855500E+03
 AMRCLAW: level  1  CFL = .273E+00  dt = 0.5000E+00  final t = 0.856000E+03
 AMRCLAW: level  1  CFL = .273E+00  dt = 0.5000E+00  final t = 0.856500E+03
 AMRCLAW: level  1  CFL = .273E+00  dt = 0.5000E+00  final t = 0.857000E+03
 AMRCLAW: level  1  CFL = .273E+00  dt = 0.5000E+00  final t = 0.857500E+03
 AMRCLAW: level  1  CFL = .273E+00  dt = 0.5000E+00  final t = 0.858000E+03
 AMRCLAW: level  1  CFL = .273E+00  dt = 0.5000E+00  final t = 0.858500E+03
 AMRCLAW: level  1  CFL = .273E+00  dt = 0.5000E+00  final t = 0.859000E+03
 AMRCLAW: level  1  CFL = .273E+00  dt = 0.5000E+00  final t = 0.859500E+03
 AMRCLAW: level  1  CFL = .273E+00  dt = 0.5000E+00  final t = 0.860000E+03
 AMRCLAW: level  1  CFL = .273E+00  dt = 0.5000E+00  final t = 0.860500E+03
 AMRCLAW: level  1  CFL = .274E+00  dt = 0.5000E+00  final t = 0.861000E+03
 AMRCLAW: level  1  CFL = .274E+00  dt = 0.5000E+00  final t = 0.861500E+03
 AMRCLAW: level  1  CFL = .274E+00  dt = 0.5000E+00  final t = 0.862000E+03
 AMRCLAW: level  1  CFL = .274E+00  dt = 0.5000E+00  final t = 0.862500E+03
 AMRCLAW: level  1  CFL = .274E+00  dt = 0.5000E+00  final t = 0.863000E+03
 AMRCLAW: level  1  CFL = .274E+00  dt = 0.5000E+00  final t = 0.863500E+03
 AMRCLAW: level  1  CFL = .274E+00  dt = 0.5000E+00  final t = 0.864000E+03
 AMRCLAW: level  1  CFL = .274E+00  dt = 0.5000E+00  final t = 0.864500E+03
 AMRCLAW: level  1  CFL = .274E+00  dt = 0.5000E+00  final t = 0.865000E+03
 AMRCLAW: level  1  CFL = .274E+00  dt = 0.5000E+00  final t = 0.865500E+03
 AMRCLAW: level  1  CFL = .274E+00  dt = 0.5000E+00  final t = 0.866000E+03
 AMRCLAW: level  1  CFL = .274E+00  dt = 0.5000E+00  final t = 0.866500E+03
 AMRCLAW: level  1  CFL = .274E+00  dt = 0.5000E+00  final t = 0.867000E+03
 AMRCLAW: level  1  CFL = .274E+00  dt = 0.5000E+00  final t = 0.867500E+03
 AMRCLAW: level  1  CFL = .274E+00  dt = 0.5000E+00  final t = 0.868000E+03
 AMRCLAW: level  1  CFL = .274E+00  dt = 0.5000E+00  final t = 0.868500E+03
 AMRCLAW: level  1  CFL = .274E+00  dt = 0.5000E+00  final t = 0.869000E+03
 AMRCLAW: level  1  CFL = .274E+00  dt = 0.5000E+00  final t = 0.869500E+03
 AMRCLAW: level  1  CFL = .274E+00  dt = 0.5000E+00  final t = 0.870000E+03
GEOCLAW: Frame   29 output files done at time t =  0.870000D+03

 AMRCLAW: level  1  CFL = .274E+00  dt = 0.5000E+00  final t = 0.870500E+03
 AMRCLAW: level  1  CFL = .274E+00  dt = 0.5000E+00  final t = 0.871000E+03
 AMRCLAW: level  1  CFL = .275E+00  dt = 0.5000E+00  final t = 0.871500E+03
 AMRCLAW: level  1  CFL = .275E+00  dt = 0.5000E+00  final t = 0.872000E+03
 AMRCLAW: level  1  CFL = .275E+00  dt = 0.5000E+00  final t = 0.872500E+03
 AMRCLAW: level  1  CFL = .275E+00  dt = 0.5000E+00  final t = 0.873000E+03
 AMRCLAW: level  1  CFL = .275E+00  dt = 0.5000E+00  final t = 0.873500E+03
 AMRCLAW: level  1  CFL = .275E+00  dt = 0.5000E+00  final t = 0.874000E+03
 AMRCLAW: level  1  CFL = .275E+00  dt = 0.5000E+00  final t = 0.874500E+03
 AMRCLAW: level  1  CFL = .275E+00  dt = 0.5000E+00  final t = 0.875000E+03
 AMRCLAW: level  1  CFL = .275E+00  dt = 0.5000E+00  final t = 0.875500E+03
 AMRCLAW: level  1  CFL = .275E+00  dt = 0.5000E+00  final t = 0.876000E+03
 AMRCLAW: level  1  CFL = .275E+00  dt = 0.5000E+00  final t = 0.876500E+03
 AMRCLAW: level  1  CFL = .275E+00  dt = 0.5000E+00  final t = 0.877000E+03
 AMRCLAW: level  1  CFL = .275E+00  dt = 0.5000E+00  final t = 0.877500E+03
 AMRCLAW: level  1  CFL = .275E+00  dt = 0.5000E+00  final t = 0.878000E+03
 AMRCLAW: level  1  CFL = .275E+00  dt = 0.5000E+00  final t = 0.878500E+03
 AMRCLAW: level  1  CFL = .275E+00  dt = 0.5000E+00  final t = 0.879000E+03
 AMRCLAW: level  1  CFL = .275E+00  dt = 0.5000E+00  final t = 0.879500E+03
 AMRCLAW: level  1  CFL = .275E+00  dt = 0.5000E+00  final t = 0.880000E+03
 AMRCLAW: level  1  CFL = .275E+00  dt = 0.5000E+00  final t = 0.880500E+03
 AMRCLAW: level  1  CFL = .275E+00  dt = 0.5000E+00  final t = 0.881000E+03
 AMRCLAW: level  1  CFL = .275E+00  dt = 0.5000E+00  final t = 0.881500E+03
 AMRCLAW: level  1  CFL = .276E+00  dt = 0.5000E+00  final t = 0.882000E+03
 AMRCLAW: level  1  CFL = .277E+00  dt = 0.5000E+00  final t = 0.882500E+03
 AMRCLAW: level  1  CFL = .277E+00  dt = 0.5000E+00  final t = 0.883000E+03
 AMRCLAW: level  1  CFL = .278E+00  dt = 0.5000E+00  final t = 0.883500E+03
 AMRCLAW: level  1  CFL = .278E+00  dt = 0.5000E+00  final t = 0.884000E+03
 AMRCLAW: level  1  CFL = .278E+00  dt = 0.5000E+00  final t = 0.884500E+03
 AMRCLAW: level  1  CFL = .278E+00  dt = 0.5000E+00  final t = 0.885000E+03
 AMRCLAW: level  1  CFL = .278E+00  dt = 0.5000E+00  final t = 0.885500E+03
 AMRCLAW: level  1  CFL = .278E+00  dt = 0.5000E+00  final t = 0.886000E+03
 AMRCLAW: level  1  CFL = .278E+00  dt = 0.5000E+00  final t = 0.886500E+03
 AMRCLAW: level  1  CFL = .278E+00  dt = 0.5000E+00  final t = 0.887000E+03
 AMRCLAW: level  1  CFL = .278E+00  dt = 0.5000E+00  final t = 0.887500E+03
 AMRCLAW: level  1  CFL = .278E+00  dt = 0.5000E+00  final t = 0.888000E+03
 AMRCLAW: level  1  CFL = .278E+00  dt = 0.5000E+00  final t = 0.888500E+03
 AMRCLAW: level  1  CFL = .278E+00  dt = 0.5000E+00  final t = 0.889000E+03
 AMRCLAW: level  1  CFL = .277E+00  dt = 0.5000E+00  final t = 0.889500E+03
 AMRCLAW: level  1  CFL = .277E+00  dt = 0.5000E+00  final t = 0.890000E+03
 AMRCLAW: level  1  CFL = .277E+00  dt = 0.5000E+00  final t = 0.890500E+03
 AMRCLAW: level  1  CFL = .277E+00  dt = 0.5000E+00  final t = 0.891000E+03
 AMRCLAW: level  1  CFL = .277E+00  dt = 0.5000E+00  final t = 0.891500E+03
 AMRCLAW: level  1  CFL = .277E+00  dt = 0.5000E+00  final t = 0.892000E+03
 AMRCLAW: level  1  CFL = .276E+00  dt = 0.5000E+00  final t = 0.892500E+03
 AMRCLAW: level  1  CFL = .276E+00  dt = 0.5000E+00  final t = 0.893000E+03
 AMRCLAW: level  1  CFL = .276E+00  dt = 0.5000E+00  final t = 0.893500E+03
 AMRCLAW: level  1  CFL = .276E+00  dt = 0.5000E+00  final t = 0.894000E+03
 AMRCLAW: level  1  CFL = .276E+00  dt = 0.5000E+00  final t = 0.894500E+03
 AMRCLAW: level  1  CFL = .276E+00  dt = 0.5000E+00  final t = 0.895000E+03
 AMRCLAW: level  1  CFL = .275E+00  dt = 0.5000E+00  final t = 0.895500E+03
 AMRCLAW: level  1  CFL = .275E+00  dt = 0.5000E+00  final t = 0.896000E+03
 AMRCLAW: level  1  CFL = .275E+00  dt = 0.5000E+00  final t = 0.896500E+03
 AMRCLAW: level  1  CFL = .275E+00  dt = 0.5000E+00  final t = 0.897000E+03
 AMRCLAW: level  1  CFL = .275E+00  dt = 0.5000E+00  final t = 0.897500E+03
 AMRCLAW: level  1  CFL = .275E+00  dt = 0.5000E+00  final t = 0.898000E+03
 AMRCLAW: level  1  CFL = .275E+00  dt = 0.5000E+00  final t = 0.898500E+03
 AMRCLAW: level  1  CFL = .274E+00  dt = 0.5000E+00  final t = 0.899000E+03
 AMRCLAW: level  1  CFL = .274E+00  dt = 0.5000E+00  final t = 0.899500E+03
 AMRCLAW: level  1  CFL = .274E+00  dt = 0.5000E+00  final t = 0.900000E+03
GEOCLAW: Frame   30 output files done at time t =  0.900000D+03

 Done integrating to time    900.00000000000000     
 Writing to file fgmax0001.txt                 
See fort.amr for more info on this run and memory usage

============================== Timing Data ==============================

Integration Time (stepgrid + BC + overhead)
Level           Wall Time (seconds)    CPU Time (seconds)   Total Cell Updates
  1                    75.701                273.398            0.839E+08
total                  75.701                273.398            0.839E+08

All levels:
stepgrid               75.458                272.760    
BC/ghost cells          0.235                  0.618
Regridding              0.000                  0.000  
Output (valout)         8.845                 11.826  

Total time:            84.996                286.259  
Using 12 thread(s)

Note: The CPU times are summed over all threads.
      Total time includes more than the subroutines listed above
Note: timings are also recorded for each output step
      in the file timing.csv.

=========================================================================

 maximum Courant number seen =    0.45312
