Reading data file: claw.data
         first 5 lines are comments and will be skipped
Reading data file: amr.data
         first 5 lines are comments and will be skipped
  
 Running amrclaw ...  
  
Reading data file: geoclaw.data
         first 5 lines are comments and will be skipped
Reading data file: refinement.data
         first 5 lines are comments and will be skipped
Reading data file: dtopo.data
         first 5 lines are comments and will be skipped
Reading data file: topo.data
         first 5 lines are comments and will be skipped
 *** in file: /root/autodl-tmp/Debris-flow-jilong-final/sim/dclaw/jilong_published_route_rebase/published_route_domain_64m.tt3
     Shifting xllcorner by 0.5*dx to cell center
 *** in file: /root/autodl-tmp/Debris-flow-jilong-final/sim/dclaw/jilong_published_route_rebase/published_route_domain_64m.tt3
     Shifting yllcorner by 0.5*dy to cell center
  
 Reading topography file  /root/autodl-tmp/Debris-flow-jilong-final/sim/dclaw/jilong_published_route_rebase/published_route_domain_64m.tt3                                      
 **** WARNING
 **** topo arrays do not quite cover domain
 **** area of overlap =    179568640.00000000     
 **** area of domain  =    181350400.00000000     
 **** error is less than 1% so proceeding...
Reading data file: auxinit_dclaw.data       
         first 5 lines are comments and will be skipped
  
 Reading auxinit file  /root/autodl-tmp/Debris-flow-jilong-final/sim/dclaw/jilong_published_route_rebase/entrainment/erodible_thickness_fullroute_8m.tt3                     
Reading data file: fgout_grids.data
         first 5 lines are comments and will be skipped
Reading data file: regions.data
         first 5 lines are comments and will be skipped
Reading data file: flagregions.data
         first 5 lines are comments and will be skipped
Reading data file: gauges.data
         first 5 lines are comments and will be skipped
Reading data file: fgmax_grids.data
         first 5 lines are comments and will be skipped
 +++ fgbb:    338894.00000000000        356430.00000000000        3127228.0000000000        3137468.0000000000     
 +++ fgll:    338894.00000000000        3127228.0000000000              275         161
 +++ fg%x(npts), fg%y(1):    356430.00000000000        3127228.0000000000     
Reading data file: dclaw.data               
         first 5 lines are comments and will be skipped
Reading data file: pinit_dclaw.data         
         first 5 lines are comments and will be skipped
Reading data file: qinit_dclaw.data         
         first 5 lines are comments and will be skipped
Reading data file: flowgrades.data          
         first 5 lines are comments and will be skipped
 rnode allocated...
 node allocated...
 listOfGrids allocated...
 Storage allocated...
 bndList allocated...
Gridding level   1 at t =  0.000000E+00:     1 grids with       44275 cells
  max threads set to           12
  
 Done reading data, starting computation ...  
  
 Total mass at initial time:    0.0000000000000000     
GEOCLAW: Frame    0 output files done at time t =  0.000000D+00

 AMRCLAW: level  1  CFL = .000E+00  dt = 0.5000E-01  final t = 0.500000E-01
 AMRCLAW: level  1  CFL = .000E+00  dt = 0.5000E+00  final t = 0.550000E+00
 AMRCLAW: level  1  CFL = .209E-01  dt = 0.5000E+00  final t = 0.105000E+01
 AMRCLAW: level  1  CFL = .468E-01  dt = 0.5000E+00  final t = 0.155000E+01
 AMRCLAW: level  1  CFL = .647E-01  dt = 0.5000E+00  final t = 0.205000E+01
 AMRCLAW: level  1  CFL = .863E-01  dt = 0.5000E+00  final t = 0.255000E+01
 AMRCLAW: level  1  CFL = .107E+00  dt = 0.5000E+00  final t = 0.305000E+01
 AMRCLAW: level  1  CFL = .126E+00  dt = 0.5000E+00  final t = 0.355000E+01
 AMRCLAW: level  1  CFL = .144E+00  dt = 0.5000E+00  final t = 0.405000E+01
 AMRCLAW: level  1  CFL = .161E+00  dt = 0.5000E+00  final t = 0.455000E+01
 AMRCLAW: level  1  CFL = .177E+00  dt = 0.5000E+00  final t = 0.505000E+01
 AMRCLAW: level  1  CFL = .192E+00  dt = 0.5000E+00  final t = 0.555000E+01
 AMRCLAW: level  1  CFL = .211E+00  dt = 0.5000E+00  final t = 0.605000E+01
 AMRCLAW: level  1  CFL = .229E+00  dt = 0.5000E+00  final t = 0.655000E+01
 AMRCLAW: level  1  CFL = .246E+00  dt = 0.5000E+00  final t = 0.705000E+01
 AMRCLAW: level  1  CFL = .261E+00  dt = 0.5000E+00  final t = 0.755000E+01
 AMRCLAW: level  1  CFL = .276E+00  dt = 0.5000E+00  final t = 0.805000E+01
 AMRCLAW: level  1  CFL = .290E+00  dt = 0.5000E+00  final t = 0.855000E+01
 AMRCLAW: level  1  CFL = .303E+00  dt = 0.5000E+00  final t = 0.905000E+01
 AMRCLAW: level  1  CFL = .315E+00  dt = 0.5000E+00  final t = 0.955000E+01
 AMRCLAW: level  1  CFL = .327E+00  dt = 0.5000E+00  final t = 0.100500E+02
 AMRCLAW: level  1  CFL = .342E+00  dt = 0.5000E+00  final t = 0.105500E+02
 AMRCLAW: level  1  CFL = .356E+00  dt = 0.5000E+00  final t = 0.110500E+02
 AMRCLAW: level  1  CFL = .368E+00  dt = 0.5000E+00  final t = 0.115500E+02
 AMRCLAW: level  1  CFL = .380E+00  dt = 0.5000E+00  final t = 0.120500E+02
 AMRCLAW: level  1  CFL = .392E+00  dt = 0.5000E+00  final t = 0.125500E+02
 AMRCLAW: level  1  CFL = .403E+00  dt = 0.5000E+00  final t = 0.130500E+02
 AMRCLAW: level  1  CFL = .413E+00  dt = 0.5000E+00  final t = 0.135500E+02
 AMRCLAW: level  1  CFL = .422E+00  dt = 0.5000E+00  final t = 0.140500E+02
 AMRCLAW: level  1  CFL = .430E+00  dt = 0.5000E+00  final t = 0.145500E+02
 AMRCLAW: level  1  CFL = .438E+00  dt = 0.5000E+00  final t = 0.150500E+02
 AMRCLAW: level  1  CFL = .439E+00  dt = 0.5000E+00  final t = 0.155500E+02
 AMRCLAW: level  1  CFL = .441E+00  dt = 0.5000E+00  final t = 0.160500E+02
 AMRCLAW: level  1  CFL = .442E+00  dt = 0.5000E+00  final t = 0.165500E+02
 AMRCLAW: level  1  CFL = .444E+00  dt = 0.5000E+00  final t = 0.170500E+02
 AMRCLAW: level  1  CFL = .445E+00  dt = 0.5000E+00  final t = 0.175500E+02
 AMRCLAW: level  1  CFL = .447E+00  dt = 0.5000E+00  final t = 0.180500E+02
 AMRCLAW: level  1  CFL = .448E+00  dt = 0.5000E+00  final t = 0.185500E+02
 AMRCLAW: level  1  CFL = .449E+00  dt = 0.5000E+00  final t = 0.190500E+02
 AMRCLAW: level  1  CFL = .451E+00  dt = 0.5000E+00  final t = 0.195500E+02
 AMRCLAW: level  1  CFL = .453E+00  dt = 0.4986E+00  final t = 0.200486E+02
 AMRCLAW: level  1  CFL = .453E+00  dt = 0.4950E+00  final t = 0.205437E+02
 AMRCLAW: level  1  CFL = .452E+00  dt = 0.4916E+00  final t = 0.210352E+02
 AMRCLAW: level  1  CFL = .451E+00  dt = 0.4897E+00  final t = 0.215249E+02
 AMRCLAW: level  1  CFL = .451E+00  dt = 0.4885E+00  final t = 0.220134E+02
 AMRCLAW: level  1  CFL = .451E+00  dt = 0.4873E+00  final t = 0.225007E+02
 AMRCLAW: level  1  CFL = .451E+00  dt = 0.4862E+00  final t = 0.229869E+02
 AMRCLAW: level  1  CFL = .451E+00  dt = 0.4851E+00  final t = 0.234720E+02
 AMRCLAW: level  1  CFL = .451E+00  dt = 0.4841E+00  final t = 0.239561E+02
 AMRCLAW: level  1  CFL = .451E+00  dt = 0.4832E+00  final t = 0.244393E+02
 AMRCLAW: level  1  CFL = .451E+00  dt = 0.4823E+00  final t = 0.249217E+02
 AMRCLAW: level  1  CFL = .451E+00  dt = 0.4815E+00  final t = 0.254031E+02
 AMRCLAW: level  1  CFL = .451E+00  dt = 0.4807E+00  final t = 0.258838E+02
 AMRCLAW: level  1  CFL = .451E+00  dt = 0.4799E+00  final t = 0.263636E+02
 AMRCLAW: level  1  CFL = .451E+00  dt = 0.4791E+00  final t = 0.268427E+02
 AMRCLAW: level  1  CFL = .451E+00  dt = 0.4783E+00  final t = 0.273211E+02
 AMRCLAW: level  1  CFL = .451E+00  dt = 0.4776E+00  final t = 0.277987E+02
 AMRCLAW: level  1  CFL = .451E+00  dt = 0.4769E+00  final t = 0.282756E+02
 AMRCLAW: level  1  CFL = .451E+00  dt = 0.4762E+00  final t = 0.287518E+02
 AMRCLAW: level  1  CFL = .451E+00  dt = 0.4755E+00  final t = 0.292273E+02
 AMRCLAW: level  1  CFL = .451E+00  dt = 0.4749E+00  final t = 0.297022E+02
 AMRCLAW: level  1  CFL = .283E+00  dt = 0.2978E+00  final t = 0.300000E+02
GEOCLAW: Frame    1 output files done at time t =  0.300000D+02

 AMRCLAW: level  1  CFL = .450E+00  dt = 0.4737E+00  final t = 0.304737E+02
 AMRCLAW: level  1  CFL = .451E+00  dt = 0.4733E+00  final t = 0.309470E+02
 AMRCLAW: level  1  CFL = .451E+00  dt = 0.4728E+00  final t = 0.314198E+02
 AMRCLAW: level  1  CFL = .451E+00  dt = 0.4722E+00  final t = 0.318920E+02
 AMRCLAW: level  1  CFL = .450E+00  dt = 0.4717E+00  final t = 0.323637E+02
 AMRCLAW: level  1  CFL = .450E+00  dt = 0.4712E+00  final t = 0.328349E+02
 AMRCLAW: level  1  CFL = .450E+00  dt = 0.4707E+00  final t = 0.333056E+02
 AMRCLAW: level  1  CFL = .450E+00  dt = 0.4702E+00  final t = 0.337758E+02
 AMRCLAW: level  1  CFL = .450E+00  dt = 0.4697E+00  final t = 0.342455E+02
 AMRCLAW: level  1  CFL = .450E+00  dt = 0.4693E+00  final t = 0.347148E+02
 AMRCLAW: level  1  CFL = .450E+00  dt = 0.4688E+00  final t = 0.351837E+02
 AMRCLAW: level  1  CFL = .450E+00  dt = 0.4684E+00  final t = 0.356520E+02
 AMRCLAW: level  1  CFL = .450E+00  dt = 0.4679E+00  final t = 0.361200E+02
 AMRCLAW: level  1  CFL = .450E+00  dt = 0.4675E+00  final t = 0.365875E+02
 AMRCLAW: level  1  CFL = .450E+00  dt = 0.4671E+00  final t = 0.370546E+02
 AMRCLAW: level  1  CFL = .450E+00  dt = 0.4667E+00  final t = 0.375213E+02
 AMRCLAW: level  1  CFL = .450E+00  dt = 0.4663E+00  final t = 0.379876E+02
 AMRCLAW: level  1  CFL = .450E+00  dt = 0.4659E+00  final t = 0.384535E+02
 AMRCLAW: level  1  CFL = .450E+00  dt = 0.4656E+00  final t = 0.389191E+02
 AMRCLAW: level  1  CFL = .450E+00  dt = 0.4652E+00  final t = 0.393843E+02
 AMRCLAW: level  1  CFL = .450E+00  dt = 0.4649E+00  final t = 0.398492E+02
 AMRCLAW: level  1  CFL = .450E+00  dt = 0.4645E+00  final t = 0.403137E+02
 AMRCLAW: level  1  CFL = .450E+00  dt = 0.4642E+00  final t = 0.407779E+02
 AMRCLAW: level  1  CFL = .450E+00  dt = 0.4639E+00  final t = 0.412418E+02
 AMRCLAW: level  1  CFL = .450E+00  dt = 0.4636E+00  final t = 0.417054E+02
 AMRCLAW: level  1  CFL = .450E+00  dt = 0.4633E+00  final t = 0.421688E+02
 AMRCLAW: level  1  CFL = .450E+00  dt = 0.4631E+00  final t = 0.426318E+02
 AMRCLAW: level  1  CFL = .450E+00  dt = 0.4628E+00  final t = 0.430946E+02
 AMRCLAW: level  1  CFL = .450E+00  dt = 0.4626E+00  final t = 0.435572E+02
 AMRCLAW: level  1  CFL = .450E+00  dt = 0.4623E+00  final t = 0.440195E+02
 AMRCLAW: level  1  CFL = .450E+00  dt = 0.4621E+00  final t = 0.444817E+02
 AMRCLAW: level  1  CFL = .450E+00  dt = 0.4619E+00  final t = 0.449436E+02
 AMRCLAW: level  1  CFL = .450E+00  dt = 0.4618E+00  final t = 0.454054E+02
 AMRCLAW: level  1  CFL = .450E+00  dt = 0.4616E+00  final t = 0.458670E+02
 AMRCLAW: level  1  CFL = .450E+00  dt = 0.4614E+00  final t = 0.463284E+02
 AMRCLAW: level  1  CFL = .450E+00  dt = 0.4613E+00  final t = 0.467897E+02
 AMRCLAW: level  1  CFL = .450E+00  dt = 0.4612E+00  final t = 0.472509E+02
 AMRCLAW: level  1  CFL = .450E+00  dt = 0.4611E+00  final t = 0.477120E+02
 AMRCLAW: level  1  CFL = .450E+00  dt = 0.4610E+00  final t = 0.481730E+02
 AMRCLAW: level  1  CFL = .450E+00  dt = 0.4609E+00  final t = 0.486339E+02
 AMRCLAW: level  1  CFL = .450E+00  dt = 0.4608E+00  final t = 0.490947E+02
 AMRCLAW: level  1  CFL = .450E+00  dt = 0.4608E+00  final t = 0.495555E+02
 AMRCLAW: level  1  CFL = .450E+00  dt = 0.4607E+00  final t = 0.500162E+02
 AMRCLAW: level  1  CFL = .450E+00  dt = 0.4607E+00  final t = 0.504769E+02
 AMRCLAW: level  1  CFL = .450E+00  dt = 0.4607E+00  final t = 0.509376E+02
 AMRCLAW: level  1  CFL = .450E+00  dt = 0.4607E+00  final t = 0.513983E+02
 AMRCLAW: level  1  CFL = .450E+00  dt = 0.4607E+00  final t = 0.518590E+02
 AMRCLAW: level  1  CFL = .450E+00  dt = 0.4607E+00  final t = 0.523198E+02
 AMRCLAW: level  1  CFL = .450E+00  dt = 0.4608E+00  final t = 0.527806E+02
 AMRCLAW: level  1  CFL = .450E+00  dt = 0.4608E+00  final t = 0.532414E+02
 AMRCLAW: level  1  CFL = .450E+00  dt = 0.4609E+00  final t = 0.537023E+02
 AMRCLAW: level  1  CFL = .450E+00  dt = 0.4610E+00  final t = 0.541633E+02
 AMRCLAW: level  1  CFL = .450E+00  dt = 0.4611E+00  final t = 0.546244E+02
 AMRCLAW: level  1  CFL = .450E+00  dt = 0.4612E+00  final t = 0.550856E+02
 AMRCLAW: level  1  CFL = .450E+00  dt = 0.4613E+00  final t = 0.555470E+02
 AMRCLAW: level  1  CFL = .450E+00  dt = 0.4615E+00  final t = 0.560084E+02
 AMRCLAW: level  1  CFL = .450E+00  dt = 0.4616E+00  final t = 0.564701E+02
 AMRCLAW: level  1  CFL = .450E+00  dt = 0.4618E+00  final t = 0.569318E+02
 AMRCLAW: level  1  CFL = .450E+00  dt = 0.4620E+00  final t = 0.573938E+02
 AMRCLAW: level  1  CFL = .450E+00  dt = 0.4622E+00  final t = 0.578560E+02
 AMRCLAW: level  1  CFL = .450E+00  dt = 0.4624E+00  final t = 0.583183E+02
 AMRCLAW: level  1  CFL = .450E+00  dt = 0.4626E+00  final t = 0.587809E+02
 AMRCLAW: level  1  CFL = .450E+00  dt = 0.4627E+00  final t = 0.592437E+02
 AMRCLAW: level  1  CFL = .450E+00  dt = 0.4631E+00  final t = 0.597067E+02
 AMRCLAW: level  1  CFL = .285E+00  dt = 0.2933E+00  final t = 0.600000E+02
GEOCLAW: Frame    2 output files done at time t =  0.600000D+02

 AMRCLAW: level  1  CFL = .449E+00  dt = 0.4632E+00  final t = 0.604632E+02
 AMRCLAW: level  1  CFL = .450E+00  dt = 0.4638E+00  final t = 0.609269E+02
 AMRCLAW: level  1  CFL = .450E+00  dt = 0.4641E+00  final t = 0.613910E+02
 AMRCLAW: level  1  CFL = .450E+00  dt = 0.4644E+00  final t = 0.618554E+02
 AMRCLAW: level  1  CFL = .450E+00  dt = 0.4647E+00  final t = 0.623202E+02
 AMRCLAW: level  1  CFL = .449E+00  dt = 0.4642E+00  final t = 0.627844E+02
 AMRCLAW: level  1  CFL = .449E+00  dt = 0.4651E+00  final t = 0.632495E+02
 AMRCLAW: level  1  CFL = .450E+00  dt = 0.4658E+00  final t = 0.637153E+02
 AMRCLAW: level  1  CFL = .450E+00  dt = 0.4662E+00  final t = 0.641815E+02
 AMRCLAW: level  1  CFL = .450E+00  dt = 0.4666E+00  final t = 0.646481E+02
 AMRCLAW: level  1  CFL = .450E+00  dt = 0.4669E+00  final t = 0.651150E+02
 AMRCLAW: level  1  CFL = .450E+00  dt = 0.4673E+00  final t = 0.655823E+02
 AMRCLAW: level  1  CFL = .450E+00  dt = 0.4677E+00  final t = 0.660499E+02
 AMRCLAW: level  1  CFL = .450E+00  dt = 0.4680E+00  final t = 0.665179E+02
 AMRCLAW: level  1  CFL = .449E+00  dt = 0.4680E+00  final t = 0.669860E+02
 AMRCLAW: level  1  CFL = .450E+00  dt = 0.4687E+00  final t = 0.674547E+02
 AMRCLAW: level  1  CFL = .450E+00  dt = 0.4691E+00  final t = 0.679238E+02
 AMRCLAW: level  1  CFL = .450E+00  dt = 0.4695E+00  final t = 0.683933E+02
 AMRCLAW: level  1  CFL = .450E+00  dt = 0.4699E+00  final t = 0.688632E+02
 AMRCLAW: level  1  CFL = .450E+00  dt = 0.4703E+00  final t = 0.693335E+02
 AMRCLAW: level  1  CFL = .450E+00  dt = 0.4708E+00  final t = 0.698043E+02
 AMRCLAW: level  1  CFL = .450E+00  dt = 0.4712E+00  final t = 0.702755E+02
 AMRCLAW: level  1  CFL = .450E+00  dt = 0.4717E+00  final t = 0.707472E+02
 AMRCLAW: level  1  CFL = .450E+00  dt = 0.4722E+00  final t = 0.712194E+02
 AMRCLAW: level  1  CFL = .450E+00  dt = 0.4727E+00  final t = 0.716920E+02
 AMRCLAW: level  1  CFL = .450E+00  dt = 0.4732E+00  final t = 0.721652E+02
 AMRCLAW: level  1  CFL = .450E+00  dt = 0.4737E+00  final t = 0.726389E+02
 AMRCLAW: level  1  CFL = .449E+00  dt = 0.4742E+00  final t = 0.731131E+02
 AMRCLAW: level  1  CFL = .449E+00  dt = 0.4747E+00  final t = 0.735878E+02
 AMRCLAW: level  1  CFL = .449E+00  dt = 0.4753E+00  final t = 0.740631E+02
 AMRCLAW: level  1  CFL = .449E+00  dt = 0.4758E+00  final t = 0.745389E+02
 AMRCLAW: level  1  CFL = .449E+00  dt = 0.4764E+00  final t = 0.750153E+02
 AMRCLAW: level  1  CFL = .449E+00  dt = 0.4770E+00  final t = 0.754923E+02
 AMRCLAW: level  1  CFL = .449E+00  dt = 0.4776E+00  final t = 0.759699E+02
 AMRCLAW: level  1  CFL = .449E+00  dt = 0.4781E+00  final t = 0.764480E+02
 AMRCLAW: level  1  CFL = .449E+00  dt = 0.4787E+00  final t = 0.769266E+02
 AMRCLAW: level  1  CFL = .449E+00  dt = 0.4793E+00  final t = 0.774059E+02
 AMRCLAW: level  1  CFL = .449E+00  dt = 0.4798E+00  final t = 0.778857E+02
 AMRCLAW: level  1  CFL = .449E+00  dt = 0.4805E+00  final t = 0.783662E+02
 AMRCLAW: level  1  CFL = .450E+00  dt = 0.4811E+00  final t = 0.788473E+02
 AMRCLAW: level  1  CFL = .449E+00  dt = 0.4816E+00  final t = 0.793289E+02
 AMRCLAW: level  1  CFL = .449E+00  dt = 0.4823E+00  final t = 0.798112E+02
 AMRCLAW: level  1  CFL = .449E+00  dt = 0.4829E+00  final t = 0.802941E+02
 AMRCLAW: level  1  CFL = .449E+00  dt = 0.4836E+00  final t = 0.807777E+02
 AMRCLAW: level  1  CFL = .449E+00  dt = 0.4842E+00  final t = 0.812619E+02
 AMRCLAW: level  1  CFL = .449E+00  dt = 0.4849E+00  final t = 0.817468E+02
 AMRCLAW: level  1  CFL = .449E+00  dt = 0.4857E+00  final t = 0.822326E+02
 AMRCLAW: level  1  CFL = .451E+00  dt = 0.4865E+00  final t = 0.827191E+02
 AMRCLAW: level  1  CFL = .452E+00  dt = 0.4858E+00  final t = 0.832049E+02
 AMRCLAW: level  1  CFL = .453E+00  dt = 0.4835E+00  final t = 0.836884E+02
 AMRCLAW: level  1  CFL = .453E+00  dt = 0.4805E+00  final t = 0.841689E+02
 AMRCLAW: level  1  CFL = .454E+00  dt = 0.4769E+00  final t = 0.846458E+02
 AMRCLAW: level  1  CFL = .454E+00  dt = 0.4730E+00  final t = 0.851188E+02
 AMRCLAW: level  1  CFL = .453E+00  dt = 0.4692E+00  final t = 0.855880E+02
 AMRCLAW: level  1  CFL = .453E+00  dt = 0.4657E+00  final t = 0.860537E+02
 AMRCLAW: level  1  CFL = .452E+00  dt = 0.4626E+00  final t = 0.865163E+02
 AMRCLAW: level  1  CFL = .452E+00  dt = 0.4602E+00  final t = 0.869765E+02
 AMRCLAW: level  1  CFL = .451E+00  dt = 0.4583E+00  final t = 0.874347E+02
 AMRCLAW: level  1  CFL = .451E+00  dt = 0.4570E+00  final t = 0.878917E+02
 AMRCLAW: level  1  CFL = .450E+00  dt = 0.4563E+00  final t = 0.883480E+02
 AMRCLAW: level  1  CFL = .450E+00  dt = 0.4561E+00  final t = 0.888041E+02
 AMRCLAW: level  1  CFL = .450E+00  dt = 0.4562E+00  final t = 0.892602E+02
 AMRCLAW: level  1  CFL = .450E+00  dt = 0.4565E+00  final t = 0.897167E+02
 AMRCLAW: level  1  CFL = .279E+00  dt = 0.2833E+00  final t = 0.900000E+02
GEOCLAW: Frame    3 output files done at time t =  0.900000D+02

 AMRCLAW: level  1  CFL = .450E+00  dt = 0.4576E+00  final t = 0.904576E+02
 AMRCLAW: level  1  CFL = .449E+00  dt = 0.4579E+00  final t = 0.909154E+02
 AMRCLAW: level  1  CFL = .450E+00  dt = 0.4584E+00  final t = 0.913738E+02
 AMRCLAW: level  1  CFL = .450E+00  dt = 0.4589E+00  final t = 0.918327E+02
 AMRCLAW: level  1  CFL = .450E+00  dt = 0.4593E+00  final t = 0.922920E+02
 AMRCLAW: level  1  CFL = .450E+00  dt = 0.4596E+00  final t = 0.927516E+02
 AMRCLAW: level  1  CFL = .450E+00  dt = 0.4598E+00  final t = 0.932113E+02
 AMRCLAW: level  1  CFL = .450E+00  dt = 0.4599E+00  final t = 0.936712E+02
 AMRCLAW: level  1  CFL = .450E+00  dt = 0.4599E+00  final t = 0.941311E+02
 AMRCLAW: level  1  CFL = .450E+00  dt = 0.4598E+00  final t = 0.945909E+02
 AMRCLAW: level  1  CFL = .450E+00  dt = 0.4595E+00  final t = 0.950504E+02
 AMRCLAW: level  1  CFL = .450E+00  dt = 0.4592E+00  final t = 0.955096E+02
 AMRCLAW: level  1  CFL = .450E+00  dt = 0.4588E+00  final t = 0.959684E+02
 AMRCLAW: level  1  CFL = .451E+00  dt = 0.4583E+00  final t = 0.964267E+02
 AMRCLAW: level  1  CFL = .451E+00  dt = 0.4577E+00  final t = 0.968844E+02
 AMRCLAW: level  1  CFL = .451E+00  dt = 0.4571E+00  final t = 0.973415E+02
 AMRCLAW: level  1  CFL = .451E+00  dt = 0.4565E+00  final t = 0.977980E+02
 AMRCLAW: level  1  CFL = .451E+00  dt = 0.4558E+00  final t = 0.982538E+02
 AMRCLAW: level  1  CFL = .451E+00  dt = 0.4551E+00  final t = 0.987089E+02
 AMRCLAW: level  1  CFL = .451E+00  dt = 0.4545E+00  final t = 0.991634E+02
 AMRCLAW: level  1  CFL = .451E+00  dt = 0.4538E+00  final t = 0.996172E+02
 AMRCLAW: level  1  CFL = .451E+00  dt = 0.4532E+00  final t = 0.100070E+03
 AMRCLAW: level  1  CFL = .451E+00  dt = 0.4525E+00  final t = 0.100523E+03
 AMRCLAW: level  1  CFL = .451E+00  dt = 0.4519E+00  final t = 0.100975E+03
 AMRCLAW: level  1  CFL = .451E+00  dt = 0.4514E+00  final t = 0.101426E+03
 AMRCLAW: level  1  CFL = .451E+00  dt = 0.4508E+00  final t = 0.101877E+03
 AMRCLAW: level  1  CFL = .451E+00  dt = 0.4503E+00  final t = 0.102327E+03
 AMRCLAW: level  1  CFL = .450E+00  dt = 0.4498E+00  final t = 0.102777E+03
 AMRCLAW: level  1  CFL = .450E+00  dt = 0.4493E+00  final t = 0.103226E+03
 AMRCLAW: level  1  CFL = .450E+00  dt = 0.4488E+00  final t = 0.103675E+03
 AMRCLAW: level  1  CFL = .450E+00  dt = 0.4484E+00  final t = 0.104123E+03
 AMRCLAW: level  1  CFL = .450E+00  dt = 0.4480E+00  final t = 0.104571E+03
 AMRCLAW: level  1  CFL = .450E+00  dt = 0.4476E+00  final t = 0.105019E+03
 AMRCLAW: level  1  CFL = .450E+00  dt = 0.4472E+00  final t = 0.105466E+03
 AMRCLAW: level  1  CFL = .450E+00  dt = 0.4468E+00  final t = 0.105913E+03
 AMRCLAW: level  1  CFL = .450E+00  dt = 0.4465E+00  final t = 0.106359E+03
 AMRCLAW: level  1  CFL = .450E+00  dt = 0.4461E+00  final t = 0.106806E+03
 AMRCLAW: level  1  CFL = .450E+00  dt = 0.4458E+00  final t = 0.107251E+03
 AMRCLAW: level  1  CFL = .450E+00  dt = 0.4455E+00  final t = 0.107697E+03
 AMRCLAW: level  1  CFL = .450E+00  dt = 0.4452E+00  final t = 0.108142E+03
 AMRCLAW: level  1  CFL = .450E+00  dt = 0.4449E+00  final t = 0.108587E+03
 AMRCLAW: level  1  CFL = .450E+00  dt = 0.4446E+00  final t = 0.109031E+03
 AMRCLAW: level  1  CFL = .450E+00  dt = 0.4443E+00  final t = 0.109476E+03
 AMRCLAW: level  1  CFL = .450E+00  dt = 0.4440E+00  final t = 0.109920E+03
 AMRCLAW: level  1  CFL = .450E+00  dt = 0.4438E+00  final t = 0.110364E+03
 AMRCLAW: level  1  CFL = .450E+00  dt = 0.4436E+00  final t = 0.110807E+03
 AMRCLAW: level  1  CFL = .450E+00  dt = 0.4435E+00  final t = 0.111251E+03
 AMRCLAW: level  1  CFL = .450E+00  dt = 0.4435E+00  final t = 0.111694E+03
 AMRCLAW: level  1  CFL = .450E+00  dt = 0.4434E+00  final t = 0.112138E+03
 AMRCLAW: level  1  CFL = .450E+00  dt = 0.4434E+00  final t = 0.112581E+03
 AMRCLAW: level  1  CFL = .450E+00  dt = 0.4434E+00  final t = 0.113024E+03
 AMRCLAW: level  1  CFL = .450E+00  dt = 0.4435E+00  final t = 0.113468E+03
 AMRCLAW: level  1  CFL = .450E+00  dt = 0.4435E+00  final t = 0.113911E+03
 AMRCLAW: level  1  CFL = .450E+00  dt = 0.4436E+00  final t = 0.114355E+03
 AMRCLAW: level  1  CFL = .450E+00  dt = 0.4437E+00  final t = 0.114799E+03
 AMRCLAW: level  1  CFL = .450E+00  dt = 0.4438E+00  final t = 0.115242E+03
 AMRCLAW: level  1  CFL = .450E+00  dt = 0.4439E+00  final t = 0.115686E+03
 AMRCLAW: level  1  CFL = .450E+00  dt = 0.4441E+00  final t = 0.116131E+03
 AMRCLAW: level  1  CFL = .450E+00  dt = 0.4443E+00  final t = 0.116575E+03
 AMRCLAW: level  1  CFL = .450E+00  dt = 0.4445E+00  final t = 0.117019E+03
 AMRCLAW: level  1  CFL = .450E+00  dt = 0.4448E+00  final t = 0.117464E+03
 AMRCLAW: level  1  CFL = .451E+00  dt = 0.4446E+00  final t = 0.117909E+03
 AMRCLAW: level  1  CFL = .450E+00  dt = 0.4441E+00  final t = 0.118353E+03
 AMRCLAW: level  1  CFL = .450E+00  dt = 0.4437E+00  final t = 0.118796E+03
 AMRCLAW: level  1  CFL = .450E+00  dt = 0.4434E+00  final t = 0.119240E+03
 AMRCLAW: level  1  CFL = .450E+00  dt = 0.4433E+00  final t = 0.119683E+03
 AMRCLAW: level  1  CFL = .322E+00  dt = 0.3169E+00  final t = 0.120000E+03
GEOCLAW: Frame    4 output files done at time t =  0.120000D+03

 AMRCLAW: level  1  CFL = .450E+00  dt = 0.4434E+00  final t = 0.120443E+03
 AMRCLAW: level  1  CFL = .450E+00  dt = 0.4435E+00  final t = 0.120887E+03
 AMRCLAW: level  1  CFL = .450E+00  dt = 0.4439E+00  final t = 0.121331E+03
 AMRCLAW: level  1  CFL = .449E+00  dt = 0.4443E+00  final t = 0.121775E+03
 AMRCLAW: level  1  CFL = .449E+00  dt = 0.4450E+00  final t = 0.122220E+03
 AMRCLAW: level  1  CFL = .449E+00  dt = 0.4459E+00  final t = 0.122666E+03
 AMRCLAW: level  1  CFL = .448E+00  dt = 0.4471E+00  final t = 0.123113E+03
 AMRCLAW: level  1  CFL = .449E+00  dt = 0.4487E+00  final t = 0.123562E+03
 AMRCLAW: level  1  CFL = .450E+00  dt = 0.4497E+00  final t = 0.124012E+03
 AMRCLAW: level  1  CFL = .450E+00  dt = 0.4495E+00  final t = 0.124461E+03
 AMRCLAW: level  1  CFL = .450E+00  dt = 0.4494E+00  final t = 0.124910E+03
 AMRCLAW: level  1  CFL = .450E+00  dt = 0.4494E+00  final t = 0.125360E+03
 AMRCLAW: level  1  CFL = .450E+00  dt = 0.4496E+00  final t = 0.125809E+03
 AMRCLAW: level  1  CFL = .450E+00  dt = 0.4497E+00  final t = 0.126259E+03
 AMRCLAW: level  1  CFL = .450E+00  dt = 0.4498E+00  final t = 0.126709E+03
 AMRCLAW: level  1  CFL = .450E+00  dt = 0.4500E+00  final t = 0.127159E+03
 AMRCLAW: level  1  CFL = .450E+00  dt = 0.4501E+00  final t = 0.127609E+03
 AMRCLAW: level  1  CFL = .450E+00  dt = 0.4503E+00  final t = 0.128059E+03
 AMRCLAW: level  1  CFL = .450E+00  dt = 0.4504E+00  final t = 0.128510E+03
 AMRCLAW: level  1  CFL = .450E+00  dt = 0.4505E+00  final t = 0.128960E+03
 AMRCLAW: level  1  CFL = .450E+00  dt = 0.4510E+00  final t = 0.129411E+03
 AMRCLAW: level  1  CFL = .450E+00  dt = 0.4511E+00  final t = 0.129862E+03
 AMRCLAW: level  1  CFL = .450E+00  dt = 0.4512E+00  final t = 0.130313E+03
 AMRCLAW: level  1  CFL = .450E+00  dt = 0.4513E+00  final t = 0.130765E+03
 AMRCLAW: level  1  CFL = .450E+00  dt = 0.4514E+00  final t = 0.131216E+03
 AMRCLAW: level  1  CFL = .450E+00  dt = 0.4515E+00  final t = 0.131668E+03
 AMRCLAW: level  1  CFL = .450E+00  dt = 0.4516E+00  final t = 0.132119E+03
 AMRCLAW: level  1  CFL = .450E+00  dt = 0.4517E+00  final t = 0.132571E+03
 AMRCLAW: level  1  CFL = .450E+00  dt = 0.4518E+00  final t = 0.133023E+03
 AMRCLAW: level  1  CFL = .450E+00  dt = 0.4519E+00  final t = 0.133475E+03
 AMRCLAW: level  1  CFL = .450E+00  dt = 0.4518E+00  final t = 0.133927E+03
 AMRCLAW: level  1  CFL = .450E+00  dt = 0.4517E+00  final t = 0.134378E+03
 AMRCLAW: level  1  CFL = .450E+00  dt = 0.4516E+00  final t = 0.134830E+03
 AMRCLAW: level  1  CFL = .450E+00  dt = 0.4515E+00  final t = 0.135281E+03
 AMRCLAW: level  1  CFL = .450E+00  dt = 0.4513E+00  final t = 0.135733E+03
 AMRCLAW: level  1  CFL = .450E+00  dt = 0.4509E+00  final t = 0.136184E+03
 AMRCLAW: level  1  CFL = .450E+00  dt = 0.4506E+00  final t = 0.136634E+03
 AMRCLAW: level  1  CFL = .450E+00  dt = 0.4503E+00  final t = 0.137085E+03
 AMRCLAW: level  1  CFL = .450E+00  dt = 0.4501E+00  final t = 0.137535E+03
 AMRCLAW: level  1  CFL = .450E+00  dt = 0.4499E+00  final t = 0.137985E+03
 AMRCLAW: level  1  CFL = .450E+00  dt = 0.4497E+00  final t = 0.138434E+03
 AMRCLAW: level  1  CFL = .450E+00  dt = 0.4496E+00  final t = 0.138884E+03
 AMRCLAW: level  1  CFL = .450E+00  dt = 0.4494E+00  final t = 0.139333E+03
 AMRCLAW: level  1  CFL = .450E+00  dt = 0.4493E+00  final t = 0.139783E+03
 AMRCLAW: level  1  CFL = .450E+00  dt = 0.4492E+00  final t = 0.140232E+03
 AMRCLAW: level  1  CFL = .450E+00  dt = 0.4491E+00  final t = 0.140681E+03
 AMRCLAW: level  1  CFL = .450E+00  dt = 0.4491E+00  final t = 0.141130E+03
 AMRCLAW: level  1  CFL = .450E+00  dt = 0.4490E+00  final t = 0.141579E+03
 AMRCLAW: level  1  CFL = .450E+00  dt = 0.4490E+00  final t = 0.142028E+03
 AMRCLAW: level  1  CFL = .450E+00  dt = 0.4489E+00  final t = 0.142477E+03
 AMRCLAW: level  1  CFL = .450E+00  dt = 0.4489E+00  final t = 0.142926E+03
 AMRCLAW: level  1  CFL = .450E+00  dt = 0.4489E+00  final t = 0.143375E+03
 AMRCLAW: level  1  CFL = .450E+00  dt = 0.4489E+00  final t = 0.143824E+03
 AMRCLAW: level  1  CFL = .450E+00  dt = 0.4489E+00  final t = 0.144272E+03
 AMRCLAW: level  1  CFL = .450E+00  dt = 0.4488E+00  final t = 0.144721E+03
 AMRCLAW: level  1  CFL = .450E+00  dt = 0.4488E+00  final t = 0.145170E+03
 AMRCLAW: level  1  CFL = .450E+00  dt = 0.4488E+00  final t = 0.145619E+03
 AMRCLAW: level  1  CFL = .450E+00  dt = 0.4488E+00  final t = 0.146068E+03
 AMRCLAW: level  1  CFL = .450E+00  dt = 0.4488E+00  final t = 0.146516E+03
 AMRCLAW: level  1  CFL = .450E+00  dt = 0.4487E+00  final t = 0.146965E+03
 AMRCLAW: level  1  CFL = .450E+00  dt = 0.4485E+00  final t = 0.147414E+03
 AMRCLAW: level  1  CFL = .450E+00  dt = 0.4484E+00  final t = 0.147862E+03
 AMRCLAW: level  1  CFL = .450E+00  dt = 0.4483E+00  final t = 0.148310E+03
 AMRCLAW: level  1  CFL = .450E+00  dt = 0.4481E+00  final t = 0.148758E+03
 AMRCLAW: level  1  CFL = .450E+00  dt = 0.4480E+00  final t = 0.149206E+03
 AMRCLAW: level  1  CFL = .450E+00  dt = 0.4479E+00  final t = 0.149654E+03
 AMRCLAW: level  1  CFL = .347E+00  dt = 0.3457E+00  final t = 0.150000E+03
GEOCLAW: Frame    5 output files done at time t =  0.150000D+03

 AMRCLAW: level  1  CFL = .450E+00  dt = 0.4477E+00  final t = 0.150448E+03
 AMRCLAW: level  1  CFL = .450E+00  dt = 0.4477E+00  final t = 0.150895E+03
 AMRCLAW: level  1  CFL = .450E+00  dt = 0.4476E+00  final t = 0.151343E+03
 AMRCLAW: level  1  CFL = .450E+00  dt = 0.4476E+00  final t = 0.151791E+03
 AMRCLAW: level  1  CFL = .450E+00  dt = 0.4475E+00  final t = 0.152238E+03
 AMRCLAW: level  1  CFL = .450E+00  dt = 0.4475E+00  final t = 0.152686E+03
 AMRCLAW: level  1  CFL = .450E+00  dt = 0.4475E+00  final t = 0.153133E+03
 AMRCLAW: level  1  CFL = .450E+00  dt = 0.4473E+00  final t = 0.153580E+03
 AMRCLAW: level  1  CFL = .450E+00  dt = 0.4471E+00  final t = 0.154027E+03
 AMRCLAW: level  1  CFL = .450E+00  dt = 0.4469E+00  final t = 0.154474E+03
 AMRCLAW: level  1  CFL = .450E+00  dt = 0.4467E+00  final t = 0.154921E+03
 AMRCLAW: level  1  CFL = .450E+00  dt = 0.4465E+00  final t = 0.155368E+03
 AMRCLAW: level  1  CFL = .450E+00  dt = 0.4464E+00  final t = 0.155814E+03
 AMRCLAW: level  1  CFL = .450E+00  dt = 0.4462E+00  final t = 0.156260E+03
 AMRCLAW: level  1  CFL = .450E+00  dt = 0.4461E+00  final t = 0.156706E+03
 AMRCLAW: level  1  CFL = .450E+00  dt = 0.4460E+00  final t = 0.157152E+03
 AMRCLAW: level  1  CFL = .450E+00  dt = 0.4460E+00  final t = 0.157598E+03
 AMRCLAW: level  1  CFL = .450E+00  dt = 0.4460E+00  final t = 0.158044E+03
 AMRCLAW: level  1  CFL = .450E+00  dt = 0.4460E+00  final t = 0.158490E+03
 AMRCLAW: level  1  CFL = .450E+00  dt = 0.4461E+00  final t = 0.158936E+03
 AMRCLAW: level  1  CFL = .450E+00  dt = 0.4462E+00  final t = 0.159383E+03
 AMRCLAW: level  1  CFL = .450E+00  dt = 0.4463E+00  final t = 0.159829E+03
 AMRCLAW: level  1  CFL = .450E+00  dt = 0.4465E+00  final t = 0.160275E+03
 AMRCLAW: level  1  CFL = .450E+00  dt = 0.4465E+00  final t = 0.160722E+03
 AMRCLAW: level  1  CFL = .450E+00  dt = 0.4465E+00  final t = 0.161168E+03
 AMRCLAW: level  1  CFL = .450E+00  dt = 0.4464E+00  final t = 0.161615E+03
 AMRCLAW: level  1  CFL = .450E+00  dt = 0.4464E+00  final t = 0.162061E+03
 AMRCLAW: level  1  CFL = .450E+00  dt = 0.4464E+00  final t = 0.162508E+03
 AMRCLAW: level  1  CFL = .450E+00  dt = 0.4465E+00  final t = 0.162954E+03
 AMRCLAW: level  1  CFL = .450E+00  dt = 0.4465E+00  final t = 0.163401E+03
 AMRCLAW: level  1  CFL = .450E+00  dt = 0.4463E+00  final t = 0.163847E+03
 AMRCLAW: level  1  CFL = .450E+00  dt = 0.4463E+00  final t = 0.164293E+03
 AMRCLAW: level  1  CFL = .450E+00  dt = 0.4462E+00  final t = 0.164739E+03
 AMRCLAW: level  1  CFL = .450E+00  dt = 0.4462E+00  final t = 0.165186E+03
 AMRCLAW: level  1  CFL = .450E+00  dt = 0.4461E+00  final t = 0.165632E+03
 AMRCLAW: level  1  CFL = .450E+00  dt = 0.4461E+00  final t = 0.166078E+03
 AMRCLAW: level  1  CFL = .450E+00  dt = 0.4462E+00  final t = 0.166524E+03
 AMRCLAW: level  1  CFL = .450E+00  dt = 0.4462E+00  final t = 0.166970E+03
 AMRCLAW: level  1  CFL = .450E+00  dt = 0.4463E+00  final t = 0.167417E+03
 AMRCLAW: level  1  CFL = .450E+00  dt = 0.4464E+00  final t = 0.167863E+03
 AMRCLAW: level  1  CFL = .450E+00  dt = 0.4466E+00  final t = 0.168310E+03
 AMRCLAW: level  1  CFL = .450E+00  dt = 0.4468E+00  final t = 0.168756E+03
 AMRCLAW: level  1  CFL = .450E+00  dt = 0.4470E+00  final t = 0.169203E+03
 AMRCLAW: level  1  CFL = .450E+00  dt = 0.4472E+00  final t = 0.169651E+03
 AMRCLAW: level  1  CFL = .450E+00  dt = 0.4474E+00  final t = 0.170098E+03
 AMRCLAW: level  1  CFL = .450E+00  dt = 0.4477E+00  final t = 0.170546E+03
 AMRCLAW: level  1  CFL = .450E+00  dt = 0.4480E+00  final t = 0.170994E+03
 AMRCLAW: level  1  CFL = .450E+00  dt = 0.4483E+00  final t = 0.171442E+03
 AMRCLAW: level  1  CFL = .450E+00  dt = 0.4486E+00  final t = 0.171891E+03
 AMRCLAW: level  1  CFL = .450E+00  dt = 0.4490E+00  final t = 0.172340E+03
 AMRCLAW: level  1  CFL = .450E+00  dt = 0.4494E+00  final t = 0.172789E+03
 AMRCLAW: level  1  CFL = .450E+00  dt = 0.4491E+00  final t = 0.173238E+03
 AMRCLAW: level  1  CFL = .450E+00  dt = 0.4489E+00  final t = 0.173687E+03
 AMRCLAW: level  1  CFL = .450E+00  dt = 0.4486E+00  final t = 0.174136E+03
 AMRCLAW: level  1  CFL = .450E+00  dt = 0.4484E+00  final t = 0.174584E+03
 AMRCLAW: level  1  CFL = .450E+00  dt = 0.4482E+00  final t = 0.175032E+03
 AMRCLAW: level  1  CFL = .450E+00  dt = 0.4481E+00  final t = 0.175480E+03
 AMRCLAW: level  1  CFL = .450E+00  dt = 0.4481E+00  final t = 0.175928E+03
 AMRCLAW: level  1  CFL = .450E+00  dt = 0.4481E+00  final t = 0.176376E+03
 AMRCLAW: level  1  CFL = .450E+00  dt = 0.4481E+00  final t = 0.176824E+03
 AMRCLAW: level  1  CFL = .450E+00  dt = 0.4478E+00  final t = 0.177272E+03
 AMRCLAW: level  1  CFL = .450E+00  dt = 0.4475E+00  final t = 0.177720E+03
 AMRCLAW: level  1  CFL = .450E+00  dt = 0.4472E+00  final t = 0.178167E+03
 AMRCLAW: level  1  CFL = .450E+00  dt = 0.4470E+00  final t = 0.178614E+03
 AMRCLAW: level  1  CFL = .450E+00  dt = 0.4467E+00  final t = 0.179061E+03
 AMRCLAW: level  1  CFL = .450E+00  dt = 0.4464E+00  final t = 0.179507E+03
 AMRCLAW: level  1  CFL = .450E+00  dt = 0.4462E+00  final t = 0.179953E+03
 AMRCLAW: level  1  CFL = .471E-01  dt = 0.4669E-01  final t = 0.180000E+03
GEOCLAW: Frame    6 output files done at time t =  0.180000D+03

 AMRCLAW: level  1  CFL = .450E+00  dt = 0.4459E+00  final t = 0.180446E+03
 AMRCLAW: level  1  CFL = .450E+00  dt = 0.4459E+00  final t = 0.180892E+03
 AMRCLAW: level  1  CFL = .450E+00  dt = 0.4458E+00  final t = 0.181338E+03
 AMRCLAW: level  1  CFL = .450E+00  dt = 0.4457E+00  final t = 0.181783E+03
 AMRCLAW: level  1  CFL = .450E+00  dt = 0.4457E+00  final t = 0.182229E+03
 AMRCLAW: level  1  CFL = .450E+00  dt = 0.4457E+00  final t = 0.182675E+03
 AMRCLAW: level  1  CFL = .450E+00  dt = 0.4458E+00  final t = 0.183121E+03
 AMRCLAW: level  1  CFL = .450E+00  dt = 0.4458E+00  final t = 0.183566E+03
 AMRCLAW: level  1  CFL = .450E+00  dt = 0.4459E+00  final t = 0.184012E+03
 AMRCLAW: level  1  CFL = .450E+00  dt = 0.4460E+00  final t = 0.184458E+03
 AMRCLAW: level  1  CFL = .450E+00  dt = 0.4462E+00  final t = 0.184905E+03
 AMRCLAW: level  1  CFL = .450E+00  dt = 0.4464E+00  final t = 0.185351E+03
 AMRCLAW: level  1  CFL = .450E+00  dt = 0.4466E+00  final t = 0.185798E+03
 AMRCLAW: level  1  CFL = .450E+00  dt = 0.4469E+00  final t = 0.186244E+03
 AMRCLAW: level  1  CFL = .450E+00  dt = 0.4471E+00  final t = 0.186692E+03
 AMRCLAW: level  1  CFL = .450E+00  dt = 0.4475E+00  final t = 0.187139E+03
 AMRCLAW: level  1  CFL = .450E+00  dt = 0.4478E+00  final t = 0.187587E+03
 AMRCLAW: level  1  CFL = .450E+00  dt = 0.4482E+00  final t = 0.188035E+03
 AMRCLAW: level  1  CFL = .450E+00  dt = 0.4486E+00  final t = 0.188484E+03
 AMRCLAW: level  1  CFL = .450E+00  dt = 0.4490E+00  final t = 0.188933E+03
 AMRCLAW: level  1  CFL = .450E+00  dt = 0.4495E+00  final t = 0.189382E+03
 AMRCLAW: level  1  CFL = .450E+00  dt = 0.4499E+00  final t = 0.189832E+03
 AMRCLAW: level  1  CFL = .450E+00  dt = 0.4503E+00  final t = 0.190282E+03
 AMRCLAW: level  1  CFL = .450E+00  dt = 0.4507E+00  final t = 0.190733E+03
 AMRCLAW: level  1  CFL = .450E+00  dt = 0.4511E+00  final t = 0.191184E+03
 AMRCLAW: level  1  CFL = .450E+00  dt = 0.4515E+00  final t = 0.191636E+03
 AMRCLAW: level  1  CFL = .450E+00  dt = 0.4520E+00  final t = 0.192088E+03
 AMRCLAW: level  1  CFL = .450E+00  dt = 0.4525E+00  final t = 0.192540E+03
 AMRCLAW: level  1  CFL = .449E+00  dt = 0.4529E+00  final t = 0.192993E+03
 AMRCLAW: level  1  CFL = .449E+00  dt = 0.4535E+00  final t = 0.193447E+03
 AMRCLAW: level  1  CFL = .449E+00  dt = 0.4542E+00  final t = 0.193901E+03
 AMRCLAW: level  1  CFL = .449E+00  dt = 0.4549E+00  final t = 0.194356E+03
 AMRCLAW: level  1  CFL = .449E+00  dt = 0.4556E+00  final t = 0.194811E+03
 AMRCLAW: level  1  CFL = .450E+00  dt = 0.4563E+00  final t = 0.195267E+03
 AMRCLAW: level  1  CFL = .450E+00  dt = 0.4568E+00  final t = 0.195724E+03
 AMRCLAW: level  1  CFL = .450E+00  dt = 0.4570E+00  final t = 0.196181E+03
 AMRCLAW: level  1  CFL = .452E+00  dt = 0.4574E+00  final t = 0.196639E+03
 AMRCLAW: level  1  CFL = .453E+00  dt = 0.4550E+00  final t = 0.197094E+03
 AMRCLAW: level  1  CFL = .452E+00  dt = 0.4525E+00  final t = 0.197546E+03
 AMRCLAW: level  1  CFL = .452E+00  dt = 0.4502E+00  final t = 0.197996E+03
 AMRCLAW: level  1  CFL = .452E+00  dt = 0.4482E+00  final t = 0.198445E+03
 AMRCLAW: level  1  CFL = .452E+00  dt = 0.4464E+00  final t = 0.198891E+03
 AMRCLAW: level  1  CFL = .451E+00  dt = 0.4447E+00  final t = 0.199336E+03
 AMRCLAW: level  1  CFL = .451E+00  dt = 0.4433E+00  final t = 0.199779E+03
 AMRCLAW: level  1  CFL = .451E+00  dt = 0.4419E+00  final t = 0.200221E+03
 AMRCLAW: level  1  CFL = .451E+00  dt = 0.4407E+00  final t = 0.200662E+03
 AMRCLAW: level  1  CFL = .451E+00  dt = 0.4397E+00  final t = 0.201101E+03
 AMRCLAW: level  1  CFL = .451E+00  dt = 0.4387E+00  final t = 0.201540E+03
 AMRCLAW: level  1  CFL = .451E+00  dt = 0.4378E+00  final t = 0.201978E+03
 AMRCLAW: level  1  CFL = .451E+00  dt = 0.4369E+00  final t = 0.202415E+03
 AMRCLAW: level  1  CFL = .451E+00  dt = 0.4362E+00  final t = 0.202851E+03
 AMRCLAW: level  1  CFL = .451E+00  dt = 0.4355E+00  final t = 0.203286E+03
 AMRCLAW: level  1  CFL = .451E+00  dt = 0.4349E+00  final t = 0.203721E+03
 AMRCLAW: level  1  CFL = .451E+00  dt = 0.4343E+00  final t = 0.204155E+03
 AMRCLAW: level  1  CFL = .451E+00  dt = 0.4337E+00  final t = 0.204589E+03
 AMRCLAW: level  1  CFL = .451E+00  dt = 0.4332E+00  final t = 0.205022E+03
 AMRCLAW: level  1  CFL = .450E+00  dt = 0.4327E+00  final t = 0.205455E+03
 AMRCLAW: level  1  CFL = .450E+00  dt = 0.4323E+00  final t = 0.205887E+03
 AMRCLAW: level  1  CFL = .450E+00  dt = 0.4318E+00  final t = 0.206319E+03
 AMRCLAW: level  1  CFL = .450E+00  dt = 0.4315E+00  final t = 0.206751E+03
 AMRCLAW: level  1  CFL = .450E+00  dt = 0.4312E+00  final t = 0.207182E+03
 AMRCLAW: level  1  CFL = .450E+00  dt = 0.4309E+00  final t = 0.207613E+03
 AMRCLAW: level  1  CFL = .450E+00  dt = 0.4307E+00  final t = 0.208043E+03
 AMRCLAW: level  1  CFL = .450E+00  dt = 0.4305E+00  final t = 0.208474E+03
 AMRCLAW: level  1  CFL = .450E+00  dt = 0.4304E+00  final t = 0.208904E+03
 AMRCLAW: level  1  CFL = .450E+00  dt = 0.4304E+00  final t = 0.209335E+03
 AMRCLAW: level  1  CFL = .450E+00  dt = 0.4304E+00  final t = 0.209765E+03
 AMRCLAW: level  1  CFL = .245E+00  dt = 0.2348E+00  final t = 0.210000E+03
GEOCLAW: Frame    7 output files done at time t =  0.210000D+03

 AMRCLAW: level  1  CFL = .450E+00  dt = 0.4306E+00  final t = 0.210431E+03
 AMRCLAW: level  1  CFL = .450E+00  dt = 0.4307E+00  final t = 0.210861E+03
 AMRCLAW: level  1  CFL = .450E+00  dt = 0.4309E+00  final t = 0.211292E+03
 AMRCLAW: level  1  CFL = .450E+00  dt = 0.4311E+00  final t = 0.211723E+03
 AMRCLAW: level  1  CFL = .450E+00  dt = 0.4314E+00  final t = 0.212155E+03
 AMRCLAW: level  1  CFL = .450E+00  dt = 0.4316E+00  final t = 0.212586E+03
 AMRCLAW: level  1  CFL = .450E+00  dt = 0.4319E+00  final t = 0.213018E+03
 AMRCLAW: level  1  CFL = .450E+00  dt = 0.4322E+00  final t = 0.213450E+03
 AMRCLAW: level  1  CFL = .450E+00  dt = 0.4325E+00  final t = 0.213883E+03
 AMRCLAW: level  1  CFL = .450E+00  dt = 0.4328E+00  final t = 0.214316E+03
 AMRCLAW: level  1  CFL = .450E+00  dt = 0.4331E+00  final t = 0.214749E+03
 AMRCLAW: level  1  CFL = .450E+00  dt = 0.4334E+00  final t = 0.215182E+03
 AMRCLAW: level  1  CFL = .450E+00  dt = 0.4337E+00  final t = 0.215616E+03
 AMRCLAW: level  1  CFL = .450E+00  dt = 0.4340E+00  final t = 0.216050E+03
 AMRCLAW: level  1  CFL = .450E+00  dt = 0.4343E+00  final t = 0.216484E+03
 AMRCLAW: level  1  CFL = .450E+00  dt = 0.4346E+00  final t = 0.216919E+03
 AMRCLAW: level  1  CFL = .450E+00  dt = 0.4349E+00  final t = 0.217354E+03
 AMRCLAW: level  1  CFL = .450E+00  dt = 0.4352E+00  final t = 0.217789E+03
 AMRCLAW: level  1  CFL = .450E+00  dt = 0.4356E+00  final t = 0.218224E+03
 AMRCLAW: level  1  CFL = .450E+00  dt = 0.4359E+00  final t = 0.218660E+03
 AMRCLAW: level  1  CFL = .450E+00  dt = 0.4362E+00  final t = 0.219097E+03
 AMRCLAW: level  1  CFL = .450E+00  dt = 0.4366E+00  final t = 0.219533E+03
 AMRCLAW: level  1  CFL = .450E+00  dt = 0.4369E+00  final t = 0.219970E+03
 AMRCLAW: level  1  CFL = .450E+00  dt = 0.4369E+00  final t = 0.220407E+03
 AMRCLAW: level  1  CFL = .450E+00  dt = 0.4367E+00  final t = 0.220844E+03
 AMRCLAW: level  1  CFL = .450E+00  dt = 0.4366E+00  final t = 0.221280E+03
 AMRCLAW: level  1  CFL = .450E+00  dt = 0.4366E+00  final t = 0.221717E+03
 AMRCLAW: level  1  CFL = .450E+00  dt = 0.4367E+00  final t = 0.222154E+03
 AMRCLAW: level  1  CFL = .450E+00  dt = 0.4368E+00  final t = 0.222590E+03
 AMRCLAW: level  1  CFL = .450E+00  dt = 0.4370E+00  final t = 0.223027E+03
 AMRCLAW: level  1  CFL = .450E+00  dt = 0.4369E+00  final t = 0.223464E+03
 AMRCLAW: level  1  CFL = .450E+00  dt = 0.4368E+00  final t = 0.223901E+03
 AMRCLAW: level  1  CFL = .450E+00  dt = 0.4367E+00  final t = 0.224338E+03
 AMRCLAW: level  1  CFL = .450E+00  dt = 0.4368E+00  final t = 0.224775E+03
 AMRCLAW: level  1  CFL = .450E+00  dt = 0.4370E+00  final t = 0.225212E+03
 AMRCLAW: level  1  CFL = .450E+00  dt = 0.4372E+00  final t = 0.225649E+03
 AMRCLAW: level  1  CFL = .450E+00  dt = 0.4375E+00  final t = 0.226086E+03
 AMRCLAW: level  1  CFL = .450E+00  dt = 0.4378E+00  final t = 0.226524E+03
 AMRCLAW: level  1  CFL = .451E+00  dt = 0.4375E+00  final t = 0.226961E+03
 AMRCLAW: level  1  CFL = .451E+00  dt = 0.4370E+00  final t = 0.227398E+03
 AMRCLAW: level  1  CFL = .451E+00  dt = 0.4364E+00  final t = 0.227835E+03
 AMRCLAW: level  1  CFL = .451E+00  dt = 0.4358E+00  final t = 0.228271E+03
 AMRCLAW: level  1  CFL = .450E+00  dt = 0.4353E+00  final t = 0.228706E+03
 AMRCLAW: level  1  CFL = .450E+00  dt = 0.4348E+00  final t = 0.229141E+03
 AMRCLAW: level  1  CFL = .450E+00  dt = 0.4344E+00  final t = 0.229575E+03
 AMRCLAW: level  1  CFL = .450E+00  dt = 0.4340E+00  final t = 0.230009E+03
 AMRCLAW: level  1  CFL = .450E+00  dt = 0.4336E+00  final t = 0.230443E+03
 AMRCLAW: level  1  CFL = .450E+00  dt = 0.4333E+00  final t = 0.230876E+03
 AMRCLAW: level  1  CFL = .450E+00  dt = 0.4329E+00  final t = 0.231309E+03
 AMRCLAW: level  1  CFL = .450E+00  dt = 0.4326E+00  final t = 0.231742E+03
 AMRCLAW: level  1  CFL = .450E+00  dt = 0.4324E+00  final t = 0.232174E+03
 AMRCLAW: level  1  CFL = .450E+00  dt = 0.4321E+00  final t = 0.232606E+03
 AMRCLAW: level  1  CFL = .450E+00  dt = 0.4318E+00  final t = 0.233038E+03
 AMRCLAW: level  1  CFL = .450E+00  dt = 0.4316E+00  final t = 0.233470E+03
 AMRCLAW: level  1  CFL = .450E+00  dt = 0.4313E+00  final t = 0.233901E+03
 AMRCLAW: level  1  CFL = .450E+00  dt = 0.4311E+00  final t = 0.234332E+03
 AMRCLAW: level  1  CFL = .450E+00  dt = 0.4309E+00  final t = 0.234763E+03
 AMRCLAW: level  1  CFL = .450E+00  dt = 0.4307E+00  final t = 0.235194E+03
 AMRCLAW: level  1  CFL = .450E+00  dt = 0.4305E+00  final t = 0.235624E+03
 AMRCLAW: level  1  CFL = .450E+00  dt = 0.4304E+00  final t = 0.236054E+03
 AMRCLAW: level  1  CFL = .450E+00  dt = 0.4302E+00  final t = 0.236485E+03
 AMRCLAW: level  1  CFL = .450E+00  dt = 0.4301E+00  final t = 0.236915E+03
 AMRCLAW: level  1  CFL = .450E+00  dt = 0.4299E+00  final t = 0.237345E+03
 AMRCLAW: level  1  CFL = .450E+00  dt = 0.4298E+00  final t = 0.237774E+03
 AMRCLAW: level  1  CFL = .450E+00  dt = 0.4297E+00  final t = 0.238204E+03
 AMRCLAW: level  1  CFL = .450E+00  dt = 0.4296E+00  final t = 0.238634E+03
 AMRCLAW: level  1  CFL = .450E+00  dt = 0.4296E+00  final t = 0.239063E+03
 AMRCLAW: level  1  CFL = .450E+00  dt = 0.4295E+00  final t = 0.239493E+03
 AMRCLAW: level  1  CFL = .450E+00  dt = 0.4294E+00  final t = 0.239922E+03
 AMRCLAW: level  1  CFL = .814E-01  dt = 0.7768E-01  final t = 0.240000E+03
GEOCLAW: Frame    8 output files done at time t =  0.240000D+03

 AMRCLAW: level  1  CFL = .450E+00  dt = 0.4294E+00  final t = 0.240429E+03
 AMRCLAW: level  1  CFL = .450E+00  dt = 0.4294E+00  final t = 0.240859E+03
 AMRCLAW: level  1  CFL = .450E+00  dt = 0.4294E+00  final t = 0.241288E+03
 AMRCLAW: level  1  CFL = .450E+00  dt = 0.4293E+00  final t = 0.241717E+03
 AMRCLAW: level  1  CFL = .450E+00  dt = 0.4293E+00  final t = 0.242147E+03
 AMRCLAW: level  1  CFL = .450E+00  dt = 0.4294E+00  final t = 0.242576E+03
 AMRCLAW: level  1  CFL = .450E+00  dt = 0.4294E+00  final t = 0.243006E+03
 AMRCLAW: level  1  CFL = .450E+00  dt = 0.4294E+00  final t = 0.243435E+03
 AMRCLAW: level  1  CFL = .450E+00  dt = 0.4294E+00  final t = 0.243864E+03
 AMRCLAW: level  1  CFL = .450E+00  dt = 0.4294E+00  final t = 0.244294E+03
 AMRCLAW: level  1  CFL = .450E+00  dt = 0.4295E+00  final t = 0.244723E+03
 AMRCLAW: level  1  CFL = .450E+00  dt = 0.4295E+00  final t = 0.245153E+03
 AMRCLAW: level  1  CFL = .450E+00  dt = 0.4296E+00  final t = 0.245582E+03
 AMRCLAW: level  1  CFL = .450E+00  dt = 0.4296E+00  final t = 0.246012E+03
 AMRCLAW: level  1  CFL = .450E+00  dt = 0.4296E+00  final t = 0.246442E+03
 AMRCLAW: level  1  CFL = .450E+00  dt = 0.4297E+00  final t = 0.246871E+03
 AMRCLAW: level  1  CFL = .451E+00  dt = 0.4293E+00  final t = 0.247300E+03
 AMRCLAW: level  1  CFL = .451E+00  dt = 0.4283E+00  final t = 0.247729E+03
 AMRCLAW: level  1  CFL = .451E+00  dt = 0.4275E+00  final t = 0.248156E+03
 AMRCLAW: level  1  CFL = .451E+00  dt = 0.4266E+00  final t = 0.248583E+03
 AMRCLAW: level  1  CFL = .451E+00  dt = 0.4259E+00  final t = 0.249009E+03
 AMRCLAW: level  1  CFL = .451E+00  dt = 0.4252E+00  final t = 0.249434E+03
 AMRCLAW: level  1  CFL = .451E+00  dt = 0.4245E+00  final t = 0.249859E+03
 AMRCLAW: level  1  CFL = .451E+00  dt = 0.4239E+00  final t = 0.250282E+03
 AMRCLAW: level  1  CFL = .451E+00  dt = 0.4233E+00  final t = 0.250706E+03
 AMRCLAW: level  1  CFL = .451E+00  dt = 0.4228E+00  final t = 0.251129E+03
 AMRCLAW: level  1  CFL = .451E+00  dt = 0.4223E+00  final t = 0.251551E+03
 AMRCLAW: level  1  CFL = .450E+00  dt = 0.4218E+00  final t = 0.251973E+03
 AMRCLAW: level  1  CFL = .450E+00  dt = 0.4213E+00  final t = 0.252394E+03
 AMRCLAW: level  1  CFL = .450E+00  dt = 0.4209E+00  final t = 0.252815E+03
 AMRCLAW: level  1  CFL = .450E+00  dt = 0.4205E+00  final t = 0.253235E+03
 AMRCLAW: level  1  CFL = .450E+00  dt = 0.4201E+00  final t = 0.253656E+03
 AMRCLAW: level  1  CFL = .450E+00  dt = 0.4198E+00  final t = 0.254075E+03
 AMRCLAW: level  1  CFL = .450E+00  dt = 0.4194E+00  final t = 0.254495E+03
 AMRCLAW: level  1  CFL = .450E+00  dt = 0.4191E+00  final t = 0.254914E+03
 AMRCLAW: level  1  CFL = .450E+00  dt = 0.4188E+00  final t = 0.255333E+03
 AMRCLAW: level  1  CFL = .450E+00  dt = 0.4185E+00  final t = 0.255751E+03
 AMRCLAW: level  1  CFL = .450E+00  dt = 0.4182E+00  final t = 0.256169E+03
 AMRCLAW: level  1  CFL = .450E+00  dt = 0.4180E+00  final t = 0.256587E+03
 AMRCLAW: level  1  CFL = .450E+00  dt = 0.4177E+00  final t = 0.257005E+03
 AMRCLAW: level  1  CFL = .450E+00  dt = 0.4175E+00  final t = 0.257423E+03
 AMRCLAW: level  1  CFL = .450E+00  dt = 0.4173E+00  final t = 0.257840E+03
 AMRCLAW: level  1  CFL = .450E+00  dt = 0.4171E+00  final t = 0.258257E+03
 AMRCLAW: level  1  CFL = .450E+00  dt = 0.4169E+00  final t = 0.258674E+03
 AMRCLAW: level  1  CFL = .450E+00  dt = 0.4167E+00  final t = 0.259090E+03
 AMRCLAW: level  1  CFL = .450E+00  dt = 0.4166E+00  final t = 0.259507E+03
 AMRCLAW: level  1  CFL = .450E+00  dt = 0.4164E+00  final t = 0.259923E+03
 AMRCLAW: level  1  CFL = .450E+00  dt = 0.4163E+00  final t = 0.260340E+03
 AMRCLAW: level  1  CFL = .450E+00  dt = 0.4162E+00  final t = 0.260756E+03
 AMRCLAW: level  1  CFL = .450E+00  dt = 0.4161E+00  final t = 0.261172E+03
 AMRCLAW: level  1  CFL = .450E+00  dt = 0.4160E+00  final t = 0.261588E+03
 AMRCLAW: level  1  CFL = .450E+00  dt = 0.4159E+00  final t = 0.262004E+03
 AMRCLAW: level  1  CFL = .450E+00  dt = 0.4158E+00  final t = 0.262420E+03
 AMRCLAW: level  1  CFL = .450E+00  dt = 0.4157E+00  final t = 0.262835E+03
 AMRCLAW: level  1  CFL = .450E+00  dt = 0.4157E+00  final t = 0.263251E+03
 AMRCLAW: level  1  CFL = .450E+00  dt = 0.4156E+00  final t = 0.263667E+03
 AMRCLAW: level  1  CFL = .450E+00  dt = 0.4156E+00  final t = 0.264082E+03
 AMRCLAW: level  1  CFL = .450E+00  dt = 0.4156E+00  final t = 0.264498E+03
 AMRCLAW: level  1  CFL = .450E+00  dt = 0.4155E+00  final t = 0.264913E+03
 AMRCLAW: level  1  CFL = .450E+00  dt = 0.4155E+00  final t = 0.265329E+03
 AMRCLAW: level  1  CFL = .450E+00  dt = 0.4155E+00  final t = 0.265744E+03
 AMRCLAW: level  1  CFL = .450E+00  dt = 0.4155E+00  final t = 0.266160E+03
 AMRCLAW: level  1  CFL = .450E+00  dt = 0.4155E+00  final t = 0.266575E+03
 AMRCLAW: level  1  CFL = .450E+00  dt = 0.4156E+00  final t = 0.266991E+03
 AMRCLAW: level  1  CFL = .450E+00  dt = 0.4156E+00  final t = 0.267407E+03
 AMRCLAW: level  1  CFL = .450E+00  dt = 0.4156E+00  final t = 0.267822E+03
 AMRCLAW: level  1  CFL = .450E+00  dt = 0.4157E+00  final t = 0.268238E+03
 AMRCLAW: level  1  CFL = .450E+00  dt = 0.4157E+00  final t = 0.268654E+03
 AMRCLAW: level  1  CFL = .450E+00  dt = 0.4158E+00  final t = 0.269069E+03
 AMRCLAW: level  1  CFL = .450E+00  dt = 0.4158E+00  final t = 0.269485E+03
 AMRCLAW: level  1  CFL = .450E+00  dt = 0.4159E+00  final t = 0.269901E+03
 AMRCLAW: level  1  CFL = .107E+00  dt = 0.9889E-01  final t = 0.270000E+03
GEOCLAW: Frame    9 output files done at time t =  0.270000D+03

 AMRCLAW: level  1  CFL = .450E+00  dt = 0.4160E+00  final t = 0.270416E+03
 AMRCLAW: level  1  CFL = .450E+00  dt = 0.4160E+00  final t = 0.270832E+03
 AMRCLAW: level  1  CFL = .450E+00  dt = 0.4161E+00  final t = 0.271248E+03
 AMRCLAW: level  1  CFL = .450E+00  dt = 0.4162E+00  final t = 0.271664E+03
 AMRCLAW: level  1  CFL = .450E+00  dt = 0.4163E+00  final t = 0.272081E+03
 AMRCLAW: level  1  CFL = .450E+00  dt = 0.4163E+00  final t = 0.272497E+03
 AMRCLAW: level  1  CFL = .450E+00  dt = 0.4164E+00  final t = 0.272913E+03
 AMRCLAW: level  1  CFL = .450E+00  dt = 0.4165E+00  final t = 0.273330E+03
 AMRCLAW: level  1  CFL = .450E+00  dt = 0.4166E+00  final t = 0.273746E+03
 AMRCLAW: level  1  CFL = .450E+00  dt = 0.4167E+00  final t = 0.274163E+03
 AMRCLAW: level  1  CFL = .450E+00  dt = 0.4168E+00  final t = 0.274580E+03
 AMRCLAW: level  1  CFL = .450E+00  dt = 0.4169E+00  final t = 0.274997E+03
 AMRCLAW: level  1  CFL = .450E+00  dt = 0.4170E+00  final t = 0.275414E+03
 AMRCLAW: level  1  CFL = .450E+00  dt = 0.4170E+00  final t = 0.275831E+03
 AMRCLAW: level  1  CFL = .450E+00  dt = 0.4171E+00  final t = 0.276248E+03
 AMRCLAW: level  1  CFL = .450E+00  dt = 0.4172E+00  final t = 0.276665E+03
 AMRCLAW: level  1  CFL = .450E+00  dt = 0.4174E+00  final t = 0.277083E+03
 AMRCLAW: level  1  CFL = .450E+00  dt = 0.4175E+00  final t = 0.277500E+03
 AMRCLAW: level  1  CFL = .450E+00  dt = 0.4176E+00  final t = 0.277918E+03
 AMRCLAW: level  1  CFL = .450E+00  dt = 0.4177E+00  final t = 0.278335E+03
 AMRCLAW: level  1  CFL = .450E+00  dt = 0.4178E+00  final t = 0.278753E+03
 AMRCLAW: level  1  CFL = .450E+00  dt = 0.4179E+00  final t = 0.279171E+03
 AMRCLAW: level  1  CFL = .450E+00  dt = 0.4181E+00  final t = 0.279589E+03
 AMRCLAW: level  1  CFL = .450E+00  dt = 0.4182E+00  final t = 0.280007E+03
 AMRCLAW: level  1  CFL = .450E+00  dt = 0.4184E+00  final t = 0.280426E+03
 AMRCLAW: level  1  CFL = .450E+00  dt = 0.4185E+00  final t = 0.280844E+03
 AMRCLAW: level  1  CFL = .450E+00  dt = 0.4187E+00  final t = 0.281263E+03
 AMRCLAW: level  1  CFL = .450E+00  dt = 0.4189E+00  final t = 0.281682E+03
 AMRCLAW: level  1  CFL = .450E+00  dt = 0.4190E+00  final t = 0.282101E+03
 AMRCLAW: level  1  CFL = .450E+00  dt = 0.4192E+00  final t = 0.282520E+03
 AMRCLAW: level  1  CFL = .450E+00  dt = 0.4194E+00  final t = 0.282939E+03
 AMRCLAW: level  1  CFL = .450E+00  dt = 0.4196E+00  final t = 0.283359E+03
 AMRCLAW: level  1  CFL = .450E+00  dt = 0.4198E+00  final t = 0.283779E+03
 AMRCLAW: level  1  CFL = .450E+00  dt = 0.4200E+00  final t = 0.284199E+03
 AMRCLAW: level  1  CFL = .450E+00  dt = 0.4202E+00  final t = 0.284619E+03
 AMRCLAW: level  1  CFL = .450E+00  dt = 0.4204E+00  final t = 0.285039E+03
 AMRCLAW: level  1  CFL = .450E+00  dt = 0.4206E+00  final t = 0.285460E+03
 AMRCLAW: level  1  CFL = .450E+00  dt = 0.4208E+00  final t = 0.285881E+03
 AMRCLAW: level  1  CFL = .450E+00  dt = 0.4211E+00  final t = 0.286302E+03
 AMRCLAW: level  1  CFL = .450E+00  dt = 0.4214E+00  final t = 0.286723E+03
 AMRCLAW: level  1  CFL = .450E+00  dt = 0.4216E+00  final t = 0.287145E+03
 AMRCLAW: level  1  CFL = .450E+00  dt = 0.4219E+00  final t = 0.287567E+03
 AMRCLAW: level  1  CFL = .450E+00  dt = 0.4222E+00  final t = 0.287989E+03
 AMRCLAW: level  1  CFL = .450E+00  dt = 0.4225E+00  final t = 0.288411E+03
 AMRCLAW: level  1  CFL = .450E+00  dt = 0.4227E+00  final t = 0.288834E+03
 AMRCLAW: level  1  CFL = .450E+00  dt = 0.4230E+00  final t = 0.289257E+03
 AMRCLAW: level  1  CFL = .450E+00  dt = 0.4233E+00  final t = 0.289681E+03
 AMRCLAW: level  1  CFL = .450E+00  dt = 0.4236E+00  final t = 0.290104E+03
 AMRCLAW: level  1  CFL = .450E+00  dt = 0.4239E+00  final t = 0.290528E+03
 AMRCLAW: level  1  CFL = .450E+00  dt = 0.4242E+00  final t = 0.290952E+03
 AMRCLAW: level  1  CFL = .450E+00  dt = 0.4245E+00  final t = 0.291377E+03
 AMRCLAW: level  1  CFL = .450E+00  dt = 0.4249E+00  final t = 0.291802E+03
 AMRCLAW: level  1  CFL = .450E+00  dt = 0.4252E+00  final t = 0.292227E+03
 AMRCLAW: level  1  CFL = .450E+00  dt = 0.4255E+00  final t = 0.292652E+03
 AMRCLAW: level  1  CFL = .450E+00  dt = 0.4258E+00  final t = 0.293078E+03
 AMRCLAW: level  1  CFL = .450E+00  dt = 0.4262E+00  final t = 0.293504E+03
 AMRCLAW: level  1  CFL = .450E+00  dt = 0.4265E+00  final t = 0.293931E+03
 AMRCLAW: level  1  CFL = .450E+00  dt = 0.4268E+00  final t = 0.294358E+03
 AMRCLAW: level  1  CFL = .450E+00  dt = 0.4272E+00  final t = 0.294785E+03
 AMRCLAW: level  1  CFL = .450E+00  dt = 0.4275E+00  final t = 0.295212E+03
 AMRCLAW: level  1  CFL = .450E+00  dt = 0.4279E+00  final t = 0.295640E+03
 AMRCLAW: level  1  CFL = .450E+00  dt = 0.4282E+00  final t = 0.296068E+03
 AMRCLAW: level  1  CFL = .450E+00  dt = 0.4286E+00  final t = 0.296497E+03
 AMRCLAW: level  1  CFL = .450E+00  dt = 0.4290E+00  final t = 0.296926E+03
 AMRCLAW: level  1  CFL = .450E+00  dt = 0.4293E+00  final t = 0.297355E+03
 AMRCLAW: level  1  CFL = .450E+00  dt = 0.4297E+00  final t = 0.297785E+03
 AMRCLAW: level  1  CFL = .450E+00  dt = 0.4301E+00  final t = 0.298215E+03
 AMRCLAW: level  1  CFL = .450E+00  dt = 0.4305E+00  final t = 0.298646E+03
 AMRCLAW: level  1  CFL = .450E+00  dt = 0.4309E+00  final t = 0.299076E+03
 AMRCLAW: level  1  CFL = .450E+00  dt = 0.4313E+00  final t = 0.299508E+03
 AMRCLAW: level  1  CFL = .450E+00  dt = 0.4317E+00  final t = 0.299939E+03
 AMRCLAW: level  1  CFL = .631E-01  dt = 0.6063E-01  final t = 0.300000E+03
GEOCLAW: Frame   10 output files done at time t =  0.300000D+03

 AMRCLAW: level  1  CFL = .450E+00  dt = 0.4325E+00  final t = 0.300432E+03
 AMRCLAW: level  1  CFL = .450E+00  dt = 0.4325E+00  final t = 0.300865E+03
 AMRCLAW: level  1  CFL = .450E+00  dt = 0.4330E+00  final t = 0.301298E+03
 AMRCLAW: level  1  CFL = .450E+00  dt = 0.4334E+00  final t = 0.301731E+03
 AMRCLAW: level  1  CFL = .450E+00  dt = 0.4338E+00  final t = 0.302165E+03
 AMRCLAW: level  1  CFL = .450E+00  dt = 0.4343E+00  final t = 0.302600E+03
 AMRCLAW: level  1  CFL = .450E+00  dt = 0.4347E+00  final t = 0.303034E+03
 AMRCLAW: level  1  CFL = .450E+00  dt = 0.4352E+00  final t = 0.303469E+03
 AMRCLAW: level  1  CFL = .450E+00  dt = 0.4356E+00  final t = 0.303905E+03
 AMRCLAW: level  1  CFL = .450E+00  dt = 0.4361E+00  final t = 0.304341E+03
 AMRCLAW: level  1  CFL = .450E+00  dt = 0.4365E+00  final t = 0.304778E+03
 AMRCLAW: level  1  CFL = .450E+00  dt = 0.4370E+00  final t = 0.305215E+03
 AMRCLAW: level  1  CFL = .450E+00  dt = 0.4375E+00  final t = 0.305652E+03
 AMRCLAW: level  1  CFL = .450E+00  dt = 0.4379E+00  final t = 0.306090E+03
 AMRCLAW: level  1  CFL = .450E+00  dt = 0.4384E+00  final t = 0.306528E+03
 AMRCLAW: level  1  CFL = .450E+00  dt = 0.4389E+00  final t = 0.306967E+03
 AMRCLAW: level  1  CFL = .450E+00  dt = 0.4392E+00  final t = 0.307406E+03
 AMRCLAW: level  1  CFL = .450E+00  dt = 0.4394E+00  final t = 0.307846E+03
 AMRCLAW: level  1  CFL = .450E+00  dt = 0.4395E+00  final t = 0.308285E+03
 AMRCLAW: level  1  CFL = .450E+00  dt = 0.4396E+00  final t = 0.308725E+03
 AMRCLAW: level  1  CFL = .450E+00  dt = 0.4398E+00  final t = 0.309165E+03
 AMRCLAW: level  1  CFL = .450E+00  dt = 0.4399E+00  final t = 0.309605E+03
 AMRCLAW: level  1  CFL = .450E+00  dt = 0.4401E+00  final t = 0.310045E+03
 AMRCLAW: level  1  CFL = .450E+00  dt = 0.4402E+00  final t = 0.310485E+03
 AMRCLAW: level  1  CFL = .450E+00  dt = 0.4404E+00  final t = 0.310925E+03
 AMRCLAW: level  1  CFL = .450E+00  dt = 0.4406E+00  final t = 0.311366E+03
 AMRCLAW: level  1  CFL = .450E+00  dt = 0.4409E+00  final t = 0.311807E+03
 AMRCLAW: level  1  CFL = .450E+00  dt = 0.4411E+00  final t = 0.312248E+03
 AMRCLAW: level  1  CFL = .450E+00  dt = 0.4413E+00  final t = 0.312689E+03
 AMRCLAW: level  1  CFL = .450E+00  dt = 0.4416E+00  final t = 0.313131E+03
 AMRCLAW: level  1  CFL = .450E+00  dt = 0.4418E+00  final t = 0.313573E+03
 AMRCLAW: level  1  CFL = .450E+00  dt = 0.4420E+00  final t = 0.314015E+03
 AMRCLAW: level  1  CFL = .450E+00  dt = 0.4423E+00  final t = 0.314457E+03
 AMRCLAW: level  1  CFL = .450E+00  dt = 0.4425E+00  final t = 0.314899E+03
 AMRCLAW: level  1  CFL = .450E+00  dt = 0.4427E+00  final t = 0.315342E+03
 AMRCLAW: level  1  CFL = .450E+00  dt = 0.4429E+00  final t = 0.315785E+03
 AMRCLAW: level  1  CFL = .450E+00  dt = 0.4431E+00  final t = 0.316228E+03
 AMRCLAW: level  1  CFL = .450E+00  dt = 0.4434E+00  final t = 0.316672E+03
 AMRCLAW: level  1  CFL = .450E+00  dt = 0.4436E+00  final t = 0.317115E+03
 AMRCLAW: level  1  CFL = .450E+00  dt = 0.4438E+00  final t = 0.317559E+03
 AMRCLAW: level  1  CFL = .450E+00  dt = 0.4441E+00  final t = 0.318003E+03
 AMRCLAW: level  1  CFL = .450E+00  dt = 0.4444E+00  final t = 0.318448E+03
 AMRCLAW: level  1  CFL = .450E+00  dt = 0.4447E+00  final t = 0.318892E+03
 AMRCLAW: level  1  CFL = .450E+00  dt = 0.4451E+00  final t = 0.319337E+03
 AMRCLAW: level  1  CFL = .450E+00  dt = 0.4454E+00  final t = 0.319783E+03
 AMRCLAW: level  1  CFL = .450E+00  dt = 0.4458E+00  final t = 0.320229E+03
 AMRCLAW: level  1  CFL = .450E+00  dt = 0.4462E+00  final t = 0.320675E+03
 AMRCLAW: level  1  CFL = .450E+00  dt = 0.4466E+00  final t = 0.321121E+03
 AMRCLAW: level  1  CFL = .450E+00  dt = 0.4470E+00  final t = 0.321568E+03
 AMRCLAW: level  1  CFL = .450E+00  dt = 0.4475E+00  final t = 0.322016E+03
 AMRCLAW: level  1  CFL = .450E+00  dt = 0.4479E+00  final t = 0.322464E+03
 AMRCLAW: level  1  CFL = .450E+00  dt = 0.4484E+00  final t = 0.322912E+03
 AMRCLAW: level  1  CFL = .450E+00  dt = 0.4489E+00  final t = 0.323361E+03
 AMRCLAW: level  1  CFL = .450E+00  dt = 0.4494E+00  final t = 0.323810E+03
 AMRCLAW: level  1  CFL = .450E+00  dt = 0.4498E+00  final t = 0.324260E+03
 AMRCLAW: level  1  CFL = .450E+00  dt = 0.4502E+00  final t = 0.324710E+03
 AMRCLAW: level  1  CFL = .450E+00  dt = 0.4506E+00  final t = 0.325161E+03
 AMRCLAW: level  1  CFL = .450E+00  dt = 0.4510E+00  final t = 0.325612E+03
 AMRCLAW: level  1  CFL = .450E+00  dt = 0.4514E+00  final t = 0.326063E+03
 AMRCLAW: level  1  CFL = .450E+00  dt = 0.4517E+00  final t = 0.326515E+03
 AMRCLAW: level  1  CFL = .450E+00  dt = 0.4521E+00  final t = 0.326967E+03
 AMRCLAW: level  1  CFL = .450E+00  dt = 0.4524E+00  final t = 0.327420E+03
 AMRCLAW: level  1  CFL = .450E+00  dt = 0.4527E+00  final t = 0.327872E+03
 AMRCLAW: level  1  CFL = .450E+00  dt = 0.4530E+00  final t = 0.328325E+03
 AMRCLAW: level  1  CFL = .450E+00  dt = 0.4533E+00  final t = 0.328779E+03
 AMRCLAW: level  1  CFL = .450E+00  dt = 0.4536E+00  final t = 0.329232E+03
 AMRCLAW: level  1  CFL = .450E+00  dt = 0.4539E+00  final t = 0.329686E+03
 AMRCLAW: level  1  CFL = .311E+00  dt = 0.3139E+00  final t = 0.330000E+03
GEOCLAW: Frame   11 output files done at time t =  0.330000D+03

 AMRCLAW: level  1  CFL = .450E+00  dt = 0.4546E+00  final t = 0.330455E+03
 AMRCLAW: level  1  CFL = .450E+00  dt = 0.4548E+00  final t = 0.330909E+03
 AMRCLAW: level  1  CFL = .450E+00  dt = 0.4551E+00  final t = 0.331365E+03
 AMRCLAW: level  1  CFL = .450E+00  dt = 0.4554E+00  final t = 0.331820E+03
 AMRCLAW: level  1  CFL = .450E+00  dt = 0.4556E+00  final t = 0.332276E+03
 AMRCLAW: level  1  CFL = .450E+00  dt = 0.4558E+00  final t = 0.332731E+03
 AMRCLAW: level  1  CFL = .450E+00  dt = 0.4560E+00  final t = 0.333187E+03
 AMRCLAW: level  1  CFL = .450E+00  dt = 0.4563E+00  final t = 0.333644E+03
 AMRCLAW: level  1  CFL = .450E+00  dt = 0.4565E+00  final t = 0.334100E+03
 AMRCLAW: level  1  CFL = .450E+00  dt = 0.4568E+00  final t = 0.334557E+03
 AMRCLAW: level  1  CFL = .450E+00  dt = 0.4571E+00  final t = 0.335014E+03
 AMRCLAW: level  1  CFL = .450E+00  dt = 0.4574E+00  final t = 0.335471E+03
 AMRCLAW: level  1  CFL = .450E+00  dt = 0.4577E+00  final t = 0.335929E+03
 AMRCLAW: level  1  CFL = .450E+00  dt = 0.4581E+00  final t = 0.336387E+03
 AMRCLAW: level  1  CFL = .449E+00  dt = 0.4586E+00  final t = 0.336846E+03
 AMRCLAW: level  1  CFL = .449E+00  dt = 0.4591E+00  final t = 0.337305E+03
 AMRCLAW: level  1  CFL = .450E+00  dt = 0.4597E+00  final t = 0.337765E+03
 AMRCLAW: level  1  CFL = .450E+00  dt = 0.4602E+00  final t = 0.338225E+03
 AMRCLAW: level  1  CFL = .450E+00  dt = 0.4606E+00  final t = 0.338685E+03
 AMRCLAW: level  1  CFL = .450E+00  dt = 0.4610E+00  final t = 0.339146E+03
 AMRCLAW: level  1  CFL = .450E+00  dt = 0.4614E+00  final t = 0.339608E+03
 AMRCLAW: level  1  CFL = .450E+00  dt = 0.4617E+00  final t = 0.340070E+03
 AMRCLAW: level  1  CFL = .450E+00  dt = 0.4620E+00  final t = 0.340532E+03
 AMRCLAW: level  1  CFL = .450E+00  dt = 0.4622E+00  final t = 0.340994E+03
 AMRCLAW: level  1  CFL = .450E+00  dt = 0.4624E+00  final t = 0.341456E+03
 AMRCLAW: level  1  CFL = .450E+00  dt = 0.4626E+00  final t = 0.341919E+03
 AMRCLAW: level  1  CFL = .450E+00  dt = 0.4628E+00  final t = 0.342382E+03
 AMRCLAW: level  1  CFL = .450E+00  dt = 0.4629E+00  final t = 0.342844E+03
 AMRCLAW: level  1  CFL = .450E+00  dt = 0.4629E+00  final t = 0.343307E+03
 AMRCLAW: level  1  CFL = .450E+00  dt = 0.4630E+00  final t = 0.343770E+03
 AMRCLAW: level  1  CFL = .450E+00  dt = 0.4630E+00  final t = 0.344233E+03
 AMRCLAW: level  1  CFL = .450E+00  dt = 0.4630E+00  final t = 0.344696E+03
 AMRCLAW: level  1  CFL = .450E+00  dt = 0.4631E+00  final t = 0.345159E+03
 AMRCLAW: level  1  CFL = .450E+00  dt = 0.4631E+00  final t = 0.345623E+03
 AMRCLAW: level  1  CFL = .450E+00  dt = 0.4632E+00  final t = 0.346086E+03
 AMRCLAW: level  1  CFL = .450E+00  dt = 0.4633E+00  final t = 0.346549E+03
 AMRCLAW: level  1  CFL = .450E+00  dt = 0.4634E+00  final t = 0.347012E+03
 AMRCLAW: level  1  CFL = .450E+00  dt = 0.4635E+00  final t = 0.347476E+03
 AMRCLAW: level  1  CFL = .450E+00  dt = 0.4636E+00  final t = 0.347939E+03
 AMRCLAW: level  1  CFL = .450E+00  dt = 0.4637E+00  final t = 0.348403E+03
 AMRCLAW: level  1  CFL = .450E+00  dt = 0.4638E+00  final t = 0.348867E+03
 AMRCLAW: level  1  CFL = .450E+00  dt = 0.4639E+00  final t = 0.349331E+03
 AMRCLAW: level  1  CFL = .450E+00  dt = 0.4640E+00  final t = 0.349795E+03
 AMRCLAW: level  1  CFL = .450E+00  dt = 0.4641E+00  final t = 0.350259E+03
 AMRCLAW: level  1  CFL = .450E+00  dt = 0.4643E+00  final t = 0.350723E+03
 AMRCLAW: level  1  CFL = .450E+00  dt = 0.4646E+00  final t = 0.351188E+03
 AMRCLAW: level  1  CFL = .450E+00  dt = 0.4648E+00  final t = 0.351653E+03
 AMRCLAW: level  1  CFL = .450E+00  dt = 0.4652E+00  final t = 0.352118E+03
 AMRCLAW: level  1  CFL = .450E+00  dt = 0.4655E+00  final t = 0.352583E+03
 AMRCLAW: level  1  CFL = .450E+00  dt = 0.4659E+00  final t = 0.353049E+03
 AMRCLAW: level  1  CFL = .450E+00  dt = 0.4664E+00  final t = 0.353515E+03
 AMRCLAW: level  1  CFL = .449E+00  dt = 0.4669E+00  final t = 0.353982E+03
 AMRCLAW: level  1  CFL = .449E+00  dt = 0.4674E+00  final t = 0.354450E+03
 AMRCLAW: level  1  CFL = .449E+00  dt = 0.4680E+00  final t = 0.354918E+03
 AMRCLAW: level  1  CFL = .449E+00  dt = 0.4686E+00  final t = 0.355386E+03
 AMRCLAW: level  1  CFL = .449E+00  dt = 0.4691E+00  final t = 0.355856E+03
 AMRCLAW: level  1  CFL = .449E+00  dt = 0.4697E+00  final t = 0.356325E+03
 AMRCLAW: level  1  CFL = .449E+00  dt = 0.4704E+00  final t = 0.356796E+03
 AMRCLAW: level  1  CFL = .449E+00  dt = 0.4712E+00  final t = 0.357267E+03
 AMRCLAW: level  1  CFL = .449E+00  dt = 0.4723E+00  final t = 0.357739E+03
 AMRCLAW: level  1  CFL = .449E+00  dt = 0.4734E+00  final t = 0.358212E+03
 AMRCLAW: level  1  CFL = .449E+00  dt = 0.4747E+00  final t = 0.358687E+03
 AMRCLAW: level  1  CFL = .449E+00  dt = 0.4760E+00  final t = 0.359163E+03
 AMRCLAW: level  1  CFL = .449E+00  dt = 0.4775E+00  final t = 0.359641E+03
 AMRCLAW: level  1  CFL = .336E+00  dt = 0.3593E+00  final t = 0.360000E+03
GEOCLAW: Frame   12 output files done at time t =  0.360000D+03

 AMRCLAW: level  1  CFL = .449E+00  dt = 0.4807E+00  final t = 0.360481E+03
 AMRCLAW: level  1  CFL = .448E+00  dt = 0.4820E+00  final t = 0.360963E+03
 AMRCLAW: level  1  CFL = .448E+00  dt = 0.4837E+00  final t = 0.361446E+03
 AMRCLAW: level  1  CFL = .448E+00  dt = 0.4854E+00  final t = 0.361932E+03
 AMRCLAW: level  1  CFL = .448E+00  dt = 0.4871E+00  final t = 0.362419E+03
 AMRCLAW: level  1  CFL = .448E+00  dt = 0.4888E+00  final t = 0.362908E+03
 AMRCLAW: level  1  CFL = .449E+00  dt = 0.4905E+00  final t = 0.363398E+03
 AMRCLAW: level  1  CFL = .449E+00  dt = 0.4921E+00  final t = 0.363890E+03
 AMRCLAW: level  1  CFL = .449E+00  dt = 0.4937E+00  final t = 0.364384E+03
 AMRCLAW: level  1  CFL = .449E+00  dt = 0.4952E+00  final t = 0.364879E+03
 AMRCLAW: level  1  CFL = .449E+00  dt = 0.4967E+00  final t = 0.365376E+03
 AMRCLAW: level  1  CFL = .449E+00  dt = 0.4981E+00  final t = 0.365874E+03
 AMRCLAW: level  1  CFL = .449E+00  dt = 0.4994E+00  final t = 0.366373E+03
 AMRCLAW: level  1  CFL = .448E+00  dt = 0.5000E+00  final t = 0.366873E+03
 AMRCLAW: level  1  CFL = .448E+00  dt = 0.5000E+00  final t = 0.367373E+03
 AMRCLAW: level  1  CFL = .447E+00  dt = 0.5000E+00  final t = 0.367873E+03
 AMRCLAW: level  1  CFL = .446E+00  dt = 0.5000E+00  final t = 0.368373E+03
 AMRCLAW: level  1  CFL = .446E+00  dt = 0.5000E+00  final t = 0.368873E+03
 AMRCLAW: level  1  CFL = .446E+00  dt = 0.5000E+00  final t = 0.369373E+03
 AMRCLAW: level  1  CFL = .445E+00  dt = 0.5000E+00  final t = 0.369873E+03
 AMRCLAW: level  1  CFL = .445E+00  dt = 0.5000E+00  final t = 0.370373E+03
 AMRCLAW: level  1  CFL = .445E+00  dt = 0.5000E+00  final t = 0.370873E+03
 AMRCLAW: level  1  CFL = .445E+00  dt = 0.5000E+00  final t = 0.371373E+03
 AMRCLAW: level  1  CFL = .445E+00  dt = 0.5000E+00  final t = 0.371873E+03
 AMRCLAW: level  1  CFL = .444E+00  dt = 0.5000E+00  final t = 0.372373E+03
 AMRCLAW: level  1  CFL = .444E+00  dt = 0.5000E+00  final t = 0.372873E+03
 AMRCLAW: level  1  CFL = .444E+00  dt = 0.5000E+00  final t = 0.373373E+03
 AMRCLAW: level  1  CFL = .443E+00  dt = 0.5000E+00  final t = 0.373873E+03
 AMRCLAW: level  1  CFL = .443E+00  dt = 0.5000E+00  final t = 0.374373E+03
 AMRCLAW: level  1  CFL = .442E+00  dt = 0.5000E+00  final t = 0.374873E+03
 AMRCLAW: level  1  CFL = .442E+00  dt = 0.5000E+00  final t = 0.375373E+03
 AMRCLAW: level  1  CFL = .441E+00  dt = 0.5000E+00  final t = 0.375873E+03
 AMRCLAW: level  1  CFL = .440E+00  dt = 0.5000E+00  final t = 0.376373E+03
 AMRCLAW: level  1  CFL = .440E+00  dt = 0.5000E+00  final t = 0.376873E+03
 AMRCLAW: level  1  CFL = .439E+00  dt = 0.5000E+00  final t = 0.377373E+03
 AMRCLAW: level  1  CFL = .438E+00  dt = 0.5000E+00  final t = 0.377873E+03
 AMRCLAW: level  1  CFL = .438E+00  dt = 0.5000E+00  final t = 0.378373E+03
 AMRCLAW: level  1  CFL = .437E+00  dt = 0.5000E+00  final t = 0.378873E+03
 AMRCLAW: level  1  CFL = .436E+00  dt = 0.5000E+00  final t = 0.379373E+03
 AMRCLAW: level  1  CFL = .435E+00  dt = 0.5000E+00  final t = 0.379873E+03
 AMRCLAW: level  1  CFL = .435E+00  dt = 0.5000E+00  final t = 0.380373E+03
 AMRCLAW: level  1  CFL = .434E+00  dt = 0.5000E+00  final t = 0.380873E+03
 AMRCLAW: level  1  CFL = .433E+00  dt = 0.5000E+00  final t = 0.381373E+03
 AMRCLAW: level  1  CFL = .432E+00  dt = 0.5000E+00  final t = 0.381873E+03
 AMRCLAW: level  1  CFL = .431E+00  dt = 0.5000E+00  final t = 0.382373E+03
 AMRCLAW: level  1  CFL = .430E+00  dt = 0.5000E+00  final t = 0.382873E+03
 AMRCLAW: level  1  CFL = .429E+00  dt = 0.5000E+00  final t = 0.383373E+03
 AMRCLAW: level  1  CFL = .428E+00  dt = 0.5000E+00  final t = 0.383873E+03
 AMRCLAW: level  1  CFL = .427E+00  dt = 0.5000E+00  final t = 0.384373E+03
 AMRCLAW: level  1  CFL = .426E+00  dt = 0.5000E+00  final t = 0.384873E+03
 AMRCLAW: level  1  CFL = .425E+00  dt = 0.5000E+00  final t = 0.385373E+03
 AMRCLAW: level  1  CFL = .423E+00  dt = 0.5000E+00  final t = 0.385873E+03
 AMRCLAW: level  1  CFL = .422E+00  dt = 0.5000E+00  final t = 0.386373E+03
 AMRCLAW: level  1  CFL = .422E+00  dt = 0.5000E+00  final t = 0.386873E+03
 AMRCLAW: level  1  CFL = .421E+00  dt = 0.5000E+00  final t = 0.387373E+03
 AMRCLAW: level  1  CFL = .421E+00  dt = 0.5000E+00  final t = 0.387873E+03
 AMRCLAW: level  1  CFL = .420E+00  dt = 0.5000E+00  final t = 0.388373E+03
 AMRCLAW: level  1  CFL = .419E+00  dt = 0.5000E+00  final t = 0.388873E+03
 AMRCLAW: level  1  CFL = .419E+00  dt = 0.5000E+00  final t = 0.389373E+03
 AMRCLAW: level  1  CFL = .418E+00  dt = 0.5000E+00  final t = 0.389873E+03
 AMRCLAW: level  1  CFL = .106E+00  dt = 0.1266E+00  final t = 0.390000E+03
GEOCLAW: Frame   13 output files done at time t =  0.390000D+03

 AMRCLAW: level  1  CFL = .417E+00  dt = 0.5000E+00  final t = 0.390500E+03
 AMRCLAW: level  1  CFL = .416E+00  dt = 0.5000E+00  final t = 0.391000E+03
 AMRCLAW: level  1  CFL = .416E+00  dt = 0.5000E+00  final t = 0.391500E+03
 AMRCLAW: level  1  CFL = .415E+00  dt = 0.5000E+00  final t = 0.392000E+03
 AMRCLAW: level  1  CFL = .414E+00  dt = 0.5000E+00  final t = 0.392500E+03
 AMRCLAW: level  1  CFL = .413E+00  dt = 0.5000E+00  final t = 0.393000E+03
 AMRCLAW: level  1  CFL = .412E+00  dt = 0.5000E+00  final t = 0.393500E+03
 AMRCLAW: level  1  CFL = .411E+00  dt = 0.5000E+00  final t = 0.394000E+03
 AMRCLAW: level  1  CFL = .410E+00  dt = 0.5000E+00  final t = 0.394500E+03
 AMRCLAW: level  1  CFL = .410E+00  dt = 0.5000E+00  final t = 0.395000E+03
 AMRCLAW: level  1  CFL = .410E+00  dt = 0.5000E+00  final t = 0.395500E+03
 AMRCLAW: level  1  CFL = .409E+00  dt = 0.5000E+00  final t = 0.396000E+03
 AMRCLAW: level  1  CFL = .409E+00  dt = 0.5000E+00  final t = 0.396500E+03
 AMRCLAW: level  1  CFL = .409E+00  dt = 0.5000E+00  final t = 0.397000E+03
 AMRCLAW: level  1  CFL = .408E+00  dt = 0.5000E+00  final t = 0.397500E+03
 AMRCLAW: level  1  CFL = .408E+00  dt = 0.5000E+00  final t = 0.398000E+03
 AMRCLAW: level  1  CFL = .408E+00  dt = 0.5000E+00  final t = 0.398500E+03
 AMRCLAW: level  1  CFL = .409E+00  dt = 0.5000E+00  final t = 0.399000E+03
 AMRCLAW: level  1  CFL = .410E+00  dt = 0.5000E+00  final t = 0.399500E+03
 AMRCLAW: level  1  CFL = .410E+00  dt = 0.5000E+00  final t = 0.400000E+03
 AMRCLAW: level  1  CFL = .411E+00  dt = 0.5000E+00  final t = 0.400500E+03
 AMRCLAW: level  1  CFL = .412E+00  dt = 0.5000E+00  final t = 0.401000E+03
 AMRCLAW: level  1  CFL = .412E+00  dt = 0.5000E+00  final t = 0.401500E+03
 AMRCLAW: level  1  CFL = .413E+00  dt = 0.5000E+00  final t = 0.402000E+03
 AMRCLAW: level  1  CFL = .414E+00  dt = 0.5000E+00  final t = 0.402500E+03
 AMRCLAW: level  1  CFL = .415E+00  dt = 0.5000E+00  final t = 0.403000E+03
 AMRCLAW: level  1  CFL = .416E+00  dt = 0.5000E+00  final t = 0.403500E+03
 AMRCLAW: level  1  CFL = .417E+00  dt = 0.5000E+00  final t = 0.404000E+03
 AMRCLAW: level  1  CFL = .417E+00  dt = 0.5000E+00  final t = 0.404500E+03
 AMRCLAW: level  1  CFL = .418E+00  dt = 0.5000E+00  final t = 0.405000E+03
 AMRCLAW: level  1  CFL = .419E+00  dt = 0.5000E+00  final t = 0.405500E+03
 AMRCLAW: level  1  CFL = .420E+00  dt = 0.5000E+00  final t = 0.406000E+03
 AMRCLAW: level  1  CFL = .420E+00  dt = 0.5000E+00  final t = 0.406500E+03
 AMRCLAW: level  1  CFL = .421E+00  dt = 0.5000E+00  final t = 0.407000E+03
 AMRCLAW: level  1  CFL = .422E+00  dt = 0.5000E+00  final t = 0.407500E+03
 AMRCLAW: level  1  CFL = .422E+00  dt = 0.5000E+00  final t = 0.408000E+03
 AMRCLAW: level  1  CFL = .422E+00  dt = 0.5000E+00  final t = 0.408500E+03
 AMRCLAW: level  1  CFL = .423E+00  dt = 0.5000E+00  final t = 0.409000E+03
 AMRCLAW: level  1  CFL = .423E+00  dt = 0.5000E+00  final t = 0.409500E+03
 AMRCLAW: level  1  CFL = .423E+00  dt = 0.5000E+00  final t = 0.410000E+03
 AMRCLAW: level  1  CFL = .423E+00  dt = 0.5000E+00  final t = 0.410500E+03
 AMRCLAW: level  1  CFL = .423E+00  dt = 0.5000E+00  final t = 0.411000E+03
 AMRCLAW: level  1  CFL = .423E+00  dt = 0.5000E+00  final t = 0.411500E+03
 AMRCLAW: level  1  CFL = .422E+00  dt = 0.5000E+00  final t = 0.412000E+03
 AMRCLAW: level  1  CFL = .422E+00  dt = 0.5000E+00  final t = 0.412500E+03
 AMRCLAW: level  1  CFL = .422E+00  dt = 0.5000E+00  final t = 0.413000E+03
 AMRCLAW: level  1  CFL = .421E+00  dt = 0.5000E+00  final t = 0.413500E+03
 AMRCLAW: level  1  CFL = .420E+00  dt = 0.5000E+00  final t = 0.414000E+03
 AMRCLAW: level  1  CFL = .420E+00  dt = 0.5000E+00  final t = 0.414500E+03
 AMRCLAW: level  1  CFL = .419E+00  dt = 0.5000E+00  final t = 0.415000E+03
 AMRCLAW: level  1  CFL = .418E+00  dt = 0.5000E+00  final t = 0.415500E+03
 AMRCLAW: level  1  CFL = .418E+00  dt = 0.5000E+00  final t = 0.416000E+03
 AMRCLAW: level  1  CFL = .417E+00  dt = 0.5000E+00  final t = 0.416500E+03
 AMRCLAW: level  1  CFL = .416E+00  dt = 0.5000E+00  final t = 0.417000E+03
 AMRCLAW: level  1  CFL = .415E+00  dt = 0.5000E+00  final t = 0.417500E+03
 AMRCLAW: level  1  CFL = .415E+00  dt = 0.5000E+00  final t = 0.418000E+03
 AMRCLAW: level  1  CFL = .414E+00  dt = 0.5000E+00  final t = 0.418500E+03
 AMRCLAW: level  1  CFL = .413E+00  dt = 0.5000E+00  final t = 0.419000E+03
 AMRCLAW: level  1  CFL = .412E+00  dt = 0.5000E+00  final t = 0.419500E+03
 AMRCLAW: level  1  CFL = .412E+00  dt = 0.5000E+00  final t = 0.420000E+03
GEOCLAW: Frame   14 output files done at time t =  0.420000D+03

 AMRCLAW: level  1  CFL = .411E+00  dt = 0.5000E+00  final t = 0.420500E+03
 AMRCLAW: level  1  CFL = .410E+00  dt = 0.5000E+00  final t = 0.421000E+03
 AMRCLAW: level  1  CFL = .410E+00  dt = 0.5000E+00  final t = 0.421500E+03
 AMRCLAW: level  1  CFL = .409E+00  dt = 0.5000E+00  final t = 0.422000E+03
 AMRCLAW: level  1  CFL = .408E+00  dt = 0.5000E+00  final t = 0.422500E+03
 AMRCLAW: level  1  CFL = .408E+00  dt = 0.5000E+00  final t = 0.423000E+03
 AMRCLAW: level  1  CFL = .407E+00  dt = 0.5000E+00  final t = 0.423500E+03
 AMRCLAW: level  1  CFL = .407E+00  dt = 0.5000E+00  final t = 0.424000E+03
 AMRCLAW: level  1  CFL = .407E+00  dt = 0.5000E+00  final t = 0.424500E+03
 AMRCLAW: level  1  CFL = .406E+00  dt = 0.5000E+00  final t = 0.425000E+03
 AMRCLAW: level  1  CFL = .406E+00  dt = 0.5000E+00  final t = 0.425500E+03
 AMRCLAW: level  1  CFL = .405E+00  dt = 0.5000E+00  final t = 0.426000E+03
 AMRCLAW: level  1  CFL = .405E+00  dt = 0.5000E+00  final t = 0.426500E+03
 AMRCLAW: level  1  CFL = .405E+00  dt = 0.5000E+00  final t = 0.427000E+03
 AMRCLAW: level  1  CFL = .405E+00  dt = 0.5000E+00  final t = 0.427500E+03
 AMRCLAW: level  1  CFL = .404E+00  dt = 0.5000E+00  final t = 0.428000E+03
 AMRCLAW: level  1  CFL = .404E+00  dt = 0.5000E+00  final t = 0.428500E+03
 AMRCLAW: level  1  CFL = .404E+00  dt = 0.5000E+00  final t = 0.429000E+03
 AMRCLAW: level  1  CFL = .404E+00  dt = 0.5000E+00  final t = 0.429500E+03
 AMRCLAW: level  1  CFL = .404E+00  dt = 0.5000E+00  final t = 0.430000E+03
 AMRCLAW: level  1  CFL = .403E+00  dt = 0.5000E+00  final t = 0.430500E+03
 AMRCLAW: level  1  CFL = .403E+00  dt = 0.5000E+00  final t = 0.431000E+03
 AMRCLAW: level  1  CFL = .403E+00  dt = 0.5000E+00  final t = 0.431500E+03
 AMRCLAW: level  1  CFL = .403E+00  dt = 0.5000E+00  final t = 0.432000E+03
 AMRCLAW: level  1  CFL = .403E+00  dt = 0.5000E+00  final t = 0.432500E+03
 AMRCLAW: level  1  CFL = .402E+00  dt = 0.5000E+00  final t = 0.433000E+03
 AMRCLAW: level  1  CFL = .402E+00  dt = 0.5000E+00  final t = 0.433500E+03
 AMRCLAW: level  1  CFL = .402E+00  dt = 0.5000E+00  final t = 0.434000E+03
 AMRCLAW: level  1  CFL = .402E+00  dt = 0.5000E+00  final t = 0.434500E+03
 AMRCLAW: level  1  CFL = .401E+00  dt = 0.5000E+00  final t = 0.435000E+03
 AMRCLAW: level  1  CFL = .401E+00  dt = 0.5000E+00  final t = 0.435500E+03
 AMRCLAW: level  1  CFL = .401E+00  dt = 0.5000E+00  final t = 0.436000E+03
 AMRCLAW: level  1  CFL = .401E+00  dt = 0.5000E+00  final t = 0.436500E+03
 AMRCLAW: level  1  CFL = .400E+00  dt = 0.5000E+00  final t = 0.437000E+03
 AMRCLAW: level  1  CFL = .400E+00  dt = 0.5000E+00  final t = 0.437500E+03
 AMRCLAW: level  1  CFL = .400E+00  dt = 0.5000E+00  final t = 0.438000E+03
 AMRCLAW: level  1  CFL = .400E+00  dt = 0.5000E+00  final t = 0.438500E+03
 AMRCLAW: level  1  CFL = .399E+00  dt = 0.5000E+00  final t = 0.439000E+03
 AMRCLAW: level  1  CFL = .399E+00  dt = 0.5000E+00  final t = 0.439500E+03
 AMRCLAW: level  1  CFL = .399E+00  dt = 0.5000E+00  final t = 0.440000E+03
 AMRCLAW: level  1  CFL = .398E+00  dt = 0.5000E+00  final t = 0.440500E+03
 AMRCLAW: level  1  CFL = .398E+00  dt = 0.5000E+00  final t = 0.441000E+03
 AMRCLAW: level  1  CFL = .398E+00  dt = 0.5000E+00  final t = 0.441500E+03
 AMRCLAW: level  1  CFL = .398E+00  dt = 0.5000E+00  final t = 0.442000E+03
 AMRCLAW: level  1  CFL = .398E+00  dt = 0.5000E+00  final t = 0.442500E+03
 AMRCLAW: level  1  CFL = .398E+00  dt = 0.5000E+00  final t = 0.443000E+03
 AMRCLAW: level  1  CFL = .397E+00  dt = 0.5000E+00  final t = 0.443500E+03
 AMRCLAW: level  1  CFL = .397E+00  dt = 0.5000E+00  final t = 0.444000E+03
 AMRCLAW: level  1  CFL = .397E+00  dt = 0.5000E+00  final t = 0.444500E+03
 AMRCLAW: level  1  CFL = .397E+00  dt = 0.5000E+00  final t = 0.445000E+03
 AMRCLAW: level  1  CFL = .397E+00  dt = 0.5000E+00  final t = 0.445500E+03
 AMRCLAW: level  1  CFL = .397E+00  dt = 0.5000E+00  final t = 0.446000E+03
 AMRCLAW: level  1  CFL = .397E+00  dt = 0.5000E+00  final t = 0.446500E+03
 AMRCLAW: level  1  CFL = .397E+00  dt = 0.5000E+00  final t = 0.447000E+03
 AMRCLAW: level  1  CFL = .397E+00  dt = 0.5000E+00  final t = 0.447500E+03
 AMRCLAW: level  1  CFL = .397E+00  dt = 0.5000E+00  final t = 0.448000E+03
 AMRCLAW: level  1  CFL = .397E+00  dt = 0.5000E+00  final t = 0.448500E+03
 AMRCLAW: level  1  CFL = .397E+00  dt = 0.5000E+00  final t = 0.449000E+03
 AMRCLAW: level  1  CFL = .397E+00  dt = 0.5000E+00  final t = 0.449500E+03
 AMRCLAW: level  1  CFL = .397E+00  dt = 0.5000E+00  final t = 0.450000E+03
GEOCLAW: Frame   15 output files done at time t =  0.450000D+03

 AMRCLAW: level  1  CFL = .397E+00  dt = 0.5000E+00  final t = 0.450500E+03
 AMRCLAW: level  1  CFL = .397E+00  dt = 0.5000E+00  final t = 0.451000E+03
 AMRCLAW: level  1  CFL = .397E+00  dt = 0.5000E+00  final t = 0.451500E+03
 AMRCLAW: level  1  CFL = .397E+00  dt = 0.5000E+00  final t = 0.452000E+03
 AMRCLAW: level  1  CFL = .397E+00  dt = 0.5000E+00  final t = 0.452500E+03
 AMRCLAW: level  1  CFL = .397E+00  dt = 0.5000E+00  final t = 0.453000E+03
 AMRCLAW: level  1  CFL = .397E+00  dt = 0.5000E+00  final t = 0.453500E+03
 AMRCLAW: level  1  CFL = .397E+00  dt = 0.5000E+00  final t = 0.454000E+03
 AMRCLAW: level  1  CFL = .397E+00  dt = 0.5000E+00  final t = 0.454500E+03
 AMRCLAW: level  1  CFL = .397E+00  dt = 0.5000E+00  final t = 0.455000E+03
 AMRCLAW: level  1  CFL = .397E+00  dt = 0.5000E+00  final t = 0.455500E+03
 AMRCLAW: level  1  CFL = .397E+00  dt = 0.5000E+00  final t = 0.456000E+03
 AMRCLAW: level  1  CFL = .397E+00  dt = 0.5000E+00  final t = 0.456500E+03
 AMRCLAW: level  1  CFL = .397E+00  dt = 0.5000E+00  final t = 0.457000E+03
 AMRCLAW: level  1  CFL = .397E+00  dt = 0.5000E+00  final t = 0.457500E+03
 AMRCLAW: level  1  CFL = .396E+00  dt = 0.5000E+00  final t = 0.458000E+03
 AMRCLAW: level  1  CFL = .396E+00  dt = 0.5000E+00  final t = 0.458500E+03
 AMRCLAW: level  1  CFL = .396E+00  dt = 0.5000E+00  final t = 0.459000E+03
 AMRCLAW: level  1  CFL = .396E+00  dt = 0.5000E+00  final t = 0.459500E+03
 AMRCLAW: level  1  CFL = .395E+00  dt = 0.5000E+00  final t = 0.460000E+03
 AMRCLAW: level  1  CFL = .395E+00  dt = 0.5000E+00  final t = 0.460500E+03
 AMRCLAW: level  1  CFL = .395E+00  dt = 0.5000E+00  final t = 0.461000E+03
 AMRCLAW: level  1  CFL = .394E+00  dt = 0.5000E+00  final t = 0.461500E+03
 AMRCLAW: level  1  CFL = .394E+00  dt = 0.5000E+00  final t = 0.462000E+03
 AMRCLAW: level  1  CFL = .394E+00  dt = 0.5000E+00  final t = 0.462500E+03
 AMRCLAW: level  1  CFL = .393E+00  dt = 0.5000E+00  final t = 0.463000E+03
 AMRCLAW: level  1  CFL = .393E+00  dt = 0.5000E+00  final t = 0.463500E+03
 AMRCLAW: level  1  CFL = .392E+00  dt = 0.5000E+00  final t = 0.464000E+03
 AMRCLAW: level  1  CFL = .391E+00  dt = 0.5000E+00  final t = 0.464500E+03
 AMRCLAW: level  1  CFL = .391E+00  dt = 0.5000E+00  final t = 0.465000E+03
 AMRCLAW: level  1  CFL = .390E+00  dt = 0.5000E+00  final t = 0.465500E+03
 AMRCLAW: level  1  CFL = .390E+00  dt = 0.5000E+00  final t = 0.466000E+03
 AMRCLAW: level  1  CFL = .389E+00  dt = 0.5000E+00  final t = 0.466500E+03
 AMRCLAW: level  1  CFL = .388E+00  dt = 0.5000E+00  final t = 0.467000E+03
 AMRCLAW: level  1  CFL = .388E+00  dt = 0.5000E+00  final t = 0.467500E+03
 AMRCLAW: level  1  CFL = .387E+00  dt = 0.5000E+00  final t = 0.468000E+03
 AMRCLAW: level  1  CFL = .386E+00  dt = 0.5000E+00  final t = 0.468500E+03
 AMRCLAW: level  1  CFL = .385E+00  dt = 0.5000E+00  final t = 0.469000E+03
 AMRCLAW: level  1  CFL = .385E+00  dt = 0.5000E+00  final t = 0.469500E+03
 AMRCLAW: level  1  CFL = .384E+00  dt = 0.5000E+00  final t = 0.470000E+03
 AMRCLAW: level  1  CFL = .383E+00  dt = 0.5000E+00  final t = 0.470500E+03
 AMRCLAW: level  1  CFL = .383E+00  dt = 0.5000E+00  final t = 0.471000E+03
 AMRCLAW: level  1  CFL = .382E+00  dt = 0.5000E+00  final t = 0.471500E+03
 AMRCLAW: level  1  CFL = .382E+00  dt = 0.5000E+00  final t = 0.472000E+03
 AMRCLAW: level  1  CFL = .381E+00  dt = 0.5000E+00  final t = 0.472500E+03
 AMRCLAW: level  1  CFL = .381E+00  dt = 0.5000E+00  final t = 0.473000E+03
 AMRCLAW: level  1  CFL = .380E+00  dt = 0.5000E+00  final t = 0.473500E+03
 AMRCLAW: level  1  CFL = .380E+00  dt = 0.5000E+00  final t = 0.474000E+03
 AMRCLAW: level  1  CFL = .380E+00  dt = 0.5000E+00  final t = 0.474500E+03
 AMRCLAW: level  1  CFL = .380E+00  dt = 0.5000E+00  final t = 0.475000E+03
 AMRCLAW: level  1  CFL = .379E+00  dt = 0.5000E+00  final t = 0.475500E+03
 AMRCLAW: level  1  CFL = .379E+00  dt = 0.5000E+00  final t = 0.476000E+03
 AMRCLAW: level  1  CFL = .379E+00  dt = 0.5000E+00  final t = 0.476500E+03
 AMRCLAW: level  1  CFL = .379E+00  dt = 0.5000E+00  final t = 0.477000E+03
 AMRCLAW: level  1  CFL = .379E+00  dt = 0.5000E+00  final t = 0.477500E+03
 AMRCLAW: level  1  CFL = .379E+00  dt = 0.5000E+00  final t = 0.478000E+03
 AMRCLAW: level  1  CFL = .379E+00  dt = 0.5000E+00  final t = 0.478500E+03
 AMRCLAW: level  1  CFL = .379E+00  dt = 0.5000E+00  final t = 0.479000E+03
 AMRCLAW: level  1  CFL = .379E+00  dt = 0.5000E+00  final t = 0.479500E+03
 AMRCLAW: level  1  CFL = .379E+00  dt = 0.5000E+00  final t = 0.480000E+03
GEOCLAW: Frame   16 output files done at time t =  0.480000D+03

 AMRCLAW: level  1  CFL = .379E+00  dt = 0.5000E+00  final t = 0.480500E+03
 AMRCLAW: level  1  CFL = .379E+00  dt = 0.5000E+00  final t = 0.481000E+03
 AMRCLAW: level  1  CFL = .379E+00  dt = 0.5000E+00  final t = 0.481500E+03
 AMRCLAW: level  1  CFL = .379E+00  dt = 0.5000E+00  final t = 0.482000E+03
 AMRCLAW: level  1  CFL = .379E+00  dt = 0.5000E+00  final t = 0.482500E+03
 AMRCLAW: level  1  CFL = .379E+00  dt = 0.5000E+00  final t = 0.483000E+03
 AMRCLAW: level  1  CFL = .379E+00  dt = 0.5000E+00  final t = 0.483500E+03
 AMRCLAW: level  1  CFL = .379E+00  dt = 0.5000E+00  final t = 0.484000E+03
 AMRCLAW: level  1  CFL = .379E+00  dt = 0.5000E+00  final t = 0.484500E+03
 AMRCLAW: level  1  CFL = .379E+00  dt = 0.5000E+00  final t = 0.485000E+03
 AMRCLAW: level  1  CFL = .378E+00  dt = 0.5000E+00  final t = 0.485500E+03
 AMRCLAW: level  1  CFL = .378E+00  dt = 0.5000E+00  final t = 0.486000E+03
 AMRCLAW: level  1  CFL = .378E+00  dt = 0.5000E+00  final t = 0.486500E+03
 AMRCLAW: level  1  CFL = .377E+00  dt = 0.5000E+00  final t = 0.487000E+03
 AMRCLAW: level  1  CFL = .377E+00  dt = 0.5000E+00  final t = 0.487500E+03
 AMRCLAW: level  1  CFL = .377E+00  dt = 0.5000E+00  final t = 0.488000E+03
 AMRCLAW: level  1  CFL = .376E+00  dt = 0.5000E+00  final t = 0.488500E+03
 AMRCLAW: level  1  CFL = .375E+00  dt = 0.5000E+00  final t = 0.489000E+03
 AMRCLAW: level  1  CFL = .375E+00  dt = 0.5000E+00  final t = 0.489500E+03
 AMRCLAW: level  1  CFL = .374E+00  dt = 0.5000E+00  final t = 0.490000E+03
 AMRCLAW: level  1  CFL = .374E+00  dt = 0.5000E+00  final t = 0.490500E+03
 AMRCLAW: level  1  CFL = .373E+00  dt = 0.5000E+00  final t = 0.491000E+03
 AMRCLAW: level  1  CFL = .372E+00  dt = 0.5000E+00  final t = 0.491500E+03
 AMRCLAW: level  1  CFL = .372E+00  dt = 0.5000E+00  final t = 0.492000E+03
 AMRCLAW: level  1  CFL = .371E+00  dt = 0.5000E+00  final t = 0.492500E+03
 AMRCLAW: level  1  CFL = .370E+00  dt = 0.5000E+00  final t = 0.493000E+03
 AMRCLAW: level  1  CFL = .369E+00  dt = 0.5000E+00  final t = 0.493500E+03
 AMRCLAW: level  1  CFL = .369E+00  dt = 0.5000E+00  final t = 0.494000E+03
 AMRCLAW: level  1  CFL = .368E+00  dt = 0.5000E+00  final t = 0.494500E+03
 AMRCLAW: level  1  CFL = .368E+00  dt = 0.5000E+00  final t = 0.495000E+03
 AMRCLAW: level  1  CFL = .368E+00  dt = 0.5000E+00  final t = 0.495500E+03
 AMRCLAW: level  1  CFL = .368E+00  dt = 0.5000E+00  final t = 0.496000E+03
 AMRCLAW: level  1  CFL = .368E+00  dt = 0.5000E+00  final t = 0.496500E+03
 AMRCLAW: level  1  CFL = .368E+00  dt = 0.5000E+00  final t = 0.497000E+03
 AMRCLAW: level  1  CFL = .368E+00  dt = 0.5000E+00  final t = 0.497500E+03
 AMRCLAW: level  1  CFL = .368E+00  dt = 0.5000E+00  final t = 0.498000E+03
 AMRCLAW: level  1  CFL = .368E+00  dt = 0.5000E+00  final t = 0.498500E+03
 AMRCLAW: level  1  CFL = .368E+00  dt = 0.5000E+00  final t = 0.499000E+03
 AMRCLAW: level  1  CFL = .368E+00  dt = 0.5000E+00  final t = 0.499500E+03
 AMRCLAW: level  1  CFL = .368E+00  dt = 0.5000E+00  final t = 0.500000E+03
 AMRCLAW: level  1  CFL = .368E+00  dt = 0.5000E+00  final t = 0.500500E+03
 AMRCLAW: level  1  CFL = .368E+00  dt = 0.5000E+00  final t = 0.501000E+03
 AMRCLAW: level  1  CFL = .368E+00  dt = 0.5000E+00  final t = 0.501500E+03
 AMRCLAW: level  1  CFL = .368E+00  dt = 0.5000E+00  final t = 0.502000E+03
 AMRCLAW: level  1  CFL = .367E+00  dt = 0.5000E+00  final t = 0.502500E+03
 AMRCLAW: level  1  CFL = .383E+00  dt = 0.5000E+00  final t = 0.503000E+03
 AMRCLAW: level  1  CFL = .367E+00  dt = 0.5000E+00  final t = 0.503500E+03
 AMRCLAW: level  1  CFL = .367E+00  dt = 0.5000E+00  final t = 0.504000E+03
 AMRCLAW: level  1  CFL = .367E+00  dt = 0.5000E+00  final t = 0.504500E+03
 AMRCLAW: level  1  CFL = .367E+00  dt = 0.5000E+00  final t = 0.505000E+03
 AMRCLAW: level  1  CFL = .367E+00  dt = 0.5000E+00  final t = 0.505500E+03
 AMRCLAW: level  1  CFL = .366E+00  dt = 0.5000E+00  final t = 0.506000E+03
 AMRCLAW: level  1  CFL = .383E+00  dt = 0.5000E+00  final t = 0.506500E+03
 AMRCLAW: level  1  CFL = .366E+00  dt = 0.5000E+00  final t = 0.507000E+03
 AMRCLAW: level  1  CFL = .366E+00  dt = 0.5000E+00  final t = 0.507500E+03
 AMRCLAW: level  1  CFL = .366E+00  dt = 0.5000E+00  final t = 0.508000E+03
 AMRCLAW: level  1  CFL = .366E+00  dt = 0.5000E+00  final t = 0.508500E+03
 AMRCLAW: level  1  CFL = .366E+00  dt = 0.5000E+00  final t = 0.509000E+03
 AMRCLAW: level  1  CFL = .366E+00  dt = 0.5000E+00  final t = 0.509500E+03
 AMRCLAW: level  1  CFL = .366E+00  dt = 0.5000E+00  final t = 0.510000E+03
GEOCLAW: Frame   17 output files done at time t =  0.510000D+03

 AMRCLAW: level  1  CFL = .366E+00  dt = 0.5000E+00  final t = 0.510500E+03
 AMRCLAW: level  1  CFL = .366E+00  dt = 0.5000E+00  final t = 0.511000E+03
 AMRCLAW: level  1  CFL = .366E+00  dt = 0.5000E+00  final t = 0.511500E+03
 AMRCLAW: level  1  CFL = .366E+00  dt = 0.5000E+00  final t = 0.512000E+03
 AMRCLAW: level  1  CFL = .366E+00  dt = 0.5000E+00  final t = 0.512500E+03
 AMRCLAW: level  1  CFL = .366E+00  dt = 0.5000E+00  final t = 0.513000E+03
 AMRCLAW: level  1  CFL = .367E+00  dt = 0.5000E+00  final t = 0.513500E+03
 AMRCLAW: level  1  CFL = .367E+00  dt = 0.5000E+00  final t = 0.514000E+03
 AMRCLAW: level  1  CFL = .367E+00  dt = 0.5000E+00  final t = 0.514500E+03
 AMRCLAW: level  1  CFL = .367E+00  dt = 0.5000E+00  final t = 0.515000E+03
 AMRCLAW: level  1  CFL = .367E+00  dt = 0.5000E+00  final t = 0.515500E+03
 AMRCLAW: level  1  CFL = .367E+00  dt = 0.5000E+00  final t = 0.516000E+03
 AMRCLAW: level  1  CFL = .367E+00  dt = 0.5000E+00  final t = 0.516500E+03
 AMRCLAW: level  1  CFL = .367E+00  dt = 0.5000E+00  final t = 0.517000E+03
 AMRCLAW: level  1  CFL = .367E+00  dt = 0.5000E+00  final t = 0.517500E+03
 AMRCLAW: level  1  CFL = .367E+00  dt = 0.5000E+00  final t = 0.518000E+03
 AMRCLAW: level  1  CFL = .367E+00  dt = 0.5000E+00  final t = 0.518500E+03
 AMRCLAW: level  1  CFL = .367E+00  dt = 0.5000E+00  final t = 0.519000E+03
 AMRCLAW: level  1  CFL = .366E+00  dt = 0.5000E+00  final t = 0.519500E+03
 AMRCLAW: level  1  CFL = .366E+00  dt = 0.5000E+00  final t = 0.520000E+03
 AMRCLAW: level  1  CFL = .366E+00  dt = 0.5000E+00  final t = 0.520500E+03
 AMRCLAW: level  1  CFL = .366E+00  dt = 0.5000E+00  final t = 0.521000E+03
 AMRCLAW: level  1  CFL = .365E+00  dt = 0.5000E+00  final t = 0.521500E+03
 AMRCLAW: level  1  CFL = .365E+00  dt = 0.5000E+00  final t = 0.522000E+03
 AMRCLAW: level  1  CFL = .365E+00  dt = 0.5000E+00  final t = 0.522500E+03
 AMRCLAW: level  1  CFL = .365E+00  dt = 0.5000E+00  final t = 0.523000E+03
 AMRCLAW: level  1  CFL = .365E+00  dt = 0.5000E+00  final t = 0.523500E+03
 AMRCLAW: level  1  CFL = .364E+00  dt = 0.5000E+00  final t = 0.524000E+03
 AMRCLAW: level  1  CFL = .364E+00  dt = 0.5000E+00  final t = 0.524500E+03
 AMRCLAW: level  1  CFL = .364E+00  dt = 0.5000E+00  final t = 0.525000E+03
 AMRCLAW: level  1  CFL = .364E+00  dt = 0.5000E+00  final t = 0.525500E+03
 AMRCLAW: level  1  CFL = .364E+00  dt = 0.5000E+00  final t = 0.526000E+03
 AMRCLAW: level  1  CFL = .364E+00  dt = 0.5000E+00  final t = 0.526500E+03
 AMRCLAW: level  1  CFL = .364E+00  dt = 0.5000E+00  final t = 0.527000E+03
 AMRCLAW: level  1  CFL = .364E+00  dt = 0.5000E+00  final t = 0.527500E+03
 AMRCLAW: level  1  CFL = .364E+00  dt = 0.5000E+00  final t = 0.528000E+03
 AMRCLAW: level  1  CFL = .364E+00  dt = 0.5000E+00  final t = 0.528500E+03
 AMRCLAW: level  1  CFL = .364E+00  dt = 0.5000E+00  final t = 0.529000E+03
 AMRCLAW: level  1  CFL = .364E+00  dt = 0.5000E+00  final t = 0.529500E+03
 AMRCLAW: level  1  CFL = .363E+00  dt = 0.5000E+00  final t = 0.530000E+03
 AMRCLAW: level  1  CFL = .363E+00  dt = 0.5000E+00  final t = 0.530500E+03
 AMRCLAW: level  1  CFL = .363E+00  dt = 0.5000E+00  final t = 0.531000E+03
 AMRCLAW: level  1  CFL = .363E+00  dt = 0.5000E+00  final t = 0.531500E+03
 AMRCLAW: level  1  CFL = .363E+00  dt = 0.5000E+00  final t = 0.532000E+03
 AMRCLAW: level  1  CFL = .363E+00  dt = 0.5000E+00  final t = 0.532500E+03
 AMRCLAW: level  1  CFL = .363E+00  dt = 0.5000E+00  final t = 0.533000E+03
 AMRCLAW: level  1  CFL = .363E+00  dt = 0.5000E+00  final t = 0.533500E+03
 AMRCLAW: level  1  CFL = .363E+00  dt = 0.5000E+00  final t = 0.534000E+03
 AMRCLAW: level  1  CFL = .363E+00  dt = 0.5000E+00  final t = 0.534500E+03
 AMRCLAW: level  1  CFL = .363E+00  dt = 0.5000E+00  final t = 0.535000E+03
 AMRCLAW: level  1  CFL = .363E+00  dt = 0.5000E+00  final t = 0.535500E+03
 AMRCLAW: level  1  CFL = .362E+00  dt = 0.5000E+00  final t = 0.536000E+03
 AMRCLAW: level  1  CFL = .362E+00  dt = 0.5000E+00  final t = 0.536500E+03
 AMRCLAW: level  1  CFL = .362E+00  dt = 0.5000E+00  final t = 0.537000E+03
 AMRCLAW: level  1  CFL = .362E+00  dt = 0.5000E+00  final t = 0.537500E+03
 AMRCLAW: level  1  CFL = .362E+00  dt = 0.5000E+00  final t = 0.538000E+03
 AMRCLAW: level  1  CFL = .362E+00  dt = 0.5000E+00  final t = 0.538500E+03
 AMRCLAW: level  1  CFL = .362E+00  dt = 0.5000E+00  final t = 0.539000E+03
 AMRCLAW: level  1  CFL = .362E+00  dt = 0.5000E+00  final t = 0.539500E+03
 AMRCLAW: level  1  CFL = .362E+00  dt = 0.5000E+00  final t = 0.540000E+03
GEOCLAW: Frame   18 output files done at time t =  0.540000D+03

 AMRCLAW: level  1  CFL = .362E+00  dt = 0.5000E+00  final t = 0.540500E+03
 AMRCLAW: level  1  CFL = .361E+00  dt = 0.5000E+00  final t = 0.541000E+03
 AMRCLAW: level  1  CFL = .361E+00  dt = 0.5000E+00  final t = 0.541500E+03
 AMRCLAW: level  1  CFL = .361E+00  dt = 0.5000E+00  final t = 0.542000E+03
 AMRCLAW: level  1  CFL = .361E+00  dt = 0.5000E+00  final t = 0.542500E+03
 AMRCLAW: level  1  CFL = .361E+00  dt = 0.5000E+00  final t = 0.543000E+03
 AMRCLAW: level  1  CFL = .360E+00  dt = 0.5000E+00  final t = 0.543500E+03
 AMRCLAW: level  1  CFL = .360E+00  dt = 0.5000E+00  final t = 0.544000E+03
 AMRCLAW: level  1  CFL = .360E+00  dt = 0.5000E+00  final t = 0.544500E+03
 AMRCLAW: level  1  CFL = .359E+00  dt = 0.5000E+00  final t = 0.545000E+03
 AMRCLAW: level  1  CFL = .358E+00  dt = 0.5000E+00  final t = 0.545500E+03
 AMRCLAW: level  1  CFL = .358E+00  dt = 0.5000E+00  final t = 0.546000E+03
 AMRCLAW: level  1  CFL = .357E+00  dt = 0.5000E+00  final t = 0.546500E+03
 AMRCLAW: level  1  CFL = .357E+00  dt = 0.5000E+00  final t = 0.547000E+03
 AMRCLAW: level  1  CFL = .357E+00  dt = 0.5000E+00  final t = 0.547500E+03
 AMRCLAW: level  1  CFL = .357E+00  dt = 0.5000E+00  final t = 0.548000E+03
 AMRCLAW: level  1  CFL = .358E+00  dt = 0.5000E+00  final t = 0.548500E+03
 AMRCLAW: level  1  CFL = .358E+00  dt = 0.5000E+00  final t = 0.549000E+03
 AMRCLAW: level  1  CFL = .359E+00  dt = 0.5000E+00  final t = 0.549500E+03
 AMRCLAW: level  1  CFL = .360E+00  dt = 0.5000E+00  final t = 0.550000E+03
 AMRCLAW: level  1  CFL = .360E+00  dt = 0.5000E+00  final t = 0.550500E+03
 AMRCLAW: level  1  CFL = .361E+00  dt = 0.5000E+00  final t = 0.551000E+03
 AMRCLAW: level  1  CFL = .361E+00  dt = 0.5000E+00  final t = 0.551500E+03
 AMRCLAW: level  1  CFL = .361E+00  dt = 0.5000E+00  final t = 0.552000E+03
 AMRCLAW: level  1  CFL = .362E+00  dt = 0.5000E+00  final t = 0.552500E+03
 AMRCLAW: level  1  CFL = .362E+00  dt = 0.5000E+00  final t = 0.553000E+03
 AMRCLAW: level  1  CFL = .362E+00  dt = 0.5000E+00  final t = 0.553500E+03
 AMRCLAW: level  1  CFL = .362E+00  dt = 0.5000E+00  final t = 0.554000E+03
 AMRCLAW: level  1  CFL = .362E+00  dt = 0.5000E+00  final t = 0.554500E+03
 AMRCLAW: level  1  CFL = .362E+00  dt = 0.5000E+00  final t = 0.555000E+03
 AMRCLAW: level  1  CFL = .361E+00  dt = 0.5000E+00  final t = 0.555500E+03
 AMRCLAW: level  1  CFL = .360E+00  dt = 0.5000E+00  final t = 0.556000E+03
 AMRCLAW: level  1  CFL = .359E+00  dt = 0.5000E+00  final t = 0.556500E+03
 AMRCLAW: level  1  CFL = .357E+00  dt = 0.5000E+00  final t = 0.557000E+03
 AMRCLAW: level  1  CFL = .354E+00  dt = 0.5000E+00  final t = 0.557500E+03
 AMRCLAW: level  1  CFL = .351E+00  dt = 0.5000E+00  final t = 0.558000E+03
 AMRCLAW: level  1  CFL = .350E+00  dt = 0.5000E+00  final t = 0.558500E+03
 AMRCLAW: level  1  CFL = .350E+00  dt = 0.5000E+00  final t = 0.559000E+03
 AMRCLAW: level  1  CFL = .350E+00  dt = 0.5000E+00  final t = 0.559500E+03
 AMRCLAW: level  1  CFL = .350E+00  dt = 0.5000E+00  final t = 0.560000E+03
 AMRCLAW: level  1  CFL = .350E+00  dt = 0.5000E+00  final t = 0.560500E+03
 AMRCLAW: level  1  CFL = .351E+00  dt = 0.5000E+00  final t = 0.561000E+03
 AMRCLAW: level  1  CFL = .351E+00  dt = 0.5000E+00  final t = 0.561500E+03
 AMRCLAW: level  1  CFL = .351E+00  dt = 0.5000E+00  final t = 0.562000E+03
 AMRCLAW: level  1  CFL = .351E+00  dt = 0.5000E+00  final t = 0.562500E+03
 AMRCLAW: level  1  CFL = .351E+00  dt = 0.5000E+00  final t = 0.563000E+03
 AMRCLAW: level  1  CFL = .351E+00  dt = 0.5000E+00  final t = 0.563500E+03
 AMRCLAW: level  1  CFL = .351E+00  dt = 0.5000E+00  final t = 0.564000E+03
 AMRCLAW: level  1  CFL = .351E+00  dt = 0.5000E+00  final t = 0.564500E+03
 AMRCLAW: level  1  CFL = .350E+00  dt = 0.5000E+00  final t = 0.565000E+03
 AMRCLAW: level  1  CFL = .350E+00  dt = 0.5000E+00  final t = 0.565500E+03
 AMRCLAW: level  1  CFL = .350E+00  dt = 0.5000E+00  final t = 0.566000E+03
 AMRCLAW: level  1  CFL = .349E+00  dt = 0.5000E+00  final t = 0.566500E+03
 AMRCLAW: level  1  CFL = .349E+00  dt = 0.5000E+00  final t = 0.567000E+03
 AMRCLAW: level  1  CFL = .348E+00  dt = 0.5000E+00  final t = 0.567500E+03
 AMRCLAW: level  1  CFL = .347E+00  dt = 0.5000E+00  final t = 0.568000E+03
 AMRCLAW: level  1  CFL = .347E+00  dt = 0.5000E+00  final t = 0.568500E+03
 AMRCLAW: level  1  CFL = .346E+00  dt = 0.5000E+00  final t = 0.569000E+03
 AMRCLAW: level  1  CFL = .345E+00  dt = 0.5000E+00  final t = 0.569500E+03
 AMRCLAW: level  1  CFL = .345E+00  dt = 0.5000E+00  final t = 0.570000E+03
GEOCLAW: Frame   19 output files done at time t =  0.570000D+03

 AMRCLAW: level  1  CFL = .345E+00  dt = 0.5000E+00  final t = 0.570500E+03
 AMRCLAW: level  1  CFL = .345E+00  dt = 0.5000E+00  final t = 0.571000E+03
 AMRCLAW: level  1  CFL = .344E+00  dt = 0.5000E+00  final t = 0.571500E+03
 AMRCLAW: level  1  CFL = .344E+00  dt = 0.5000E+00  final t = 0.572000E+03
 AMRCLAW: level  1  CFL = .345E+00  dt = 0.5000E+00  final t = 0.572500E+03
 AMRCLAW: level  1  CFL = .345E+00  dt = 0.5000E+00  final t = 0.573000E+03
 AMRCLAW: level  1  CFL = .345E+00  dt = 0.5000E+00  final t = 0.573500E+03
 AMRCLAW: level  1  CFL = .345E+00  dt = 0.5000E+00  final t = 0.574000E+03
 AMRCLAW: level  1  CFL = .345E+00  dt = 0.5000E+00  final t = 0.574500E+03
 AMRCLAW: level  1  CFL = .346E+00  dt = 0.5000E+00  final t = 0.575000E+03
 AMRCLAW: level  1  CFL = .346E+00  dt = 0.5000E+00  final t = 0.575500E+03
 AMRCLAW: level  1  CFL = .346E+00  dt = 0.5000E+00  final t = 0.576000E+03
 AMRCLAW: level  1  CFL = .345E+00  dt = 0.5000E+00  final t = 0.576500E+03
 AMRCLAW: level  1  CFL = .345E+00  dt = 0.5000E+00  final t = 0.577000E+03
 AMRCLAW: level  1  CFL = .345E+00  dt = 0.5000E+00  final t = 0.577500E+03
 AMRCLAW: level  1  CFL = .345E+00  dt = 0.5000E+00  final t = 0.578000E+03
 AMRCLAW: level  1  CFL = .344E+00  dt = 0.5000E+00  final t = 0.578500E+03
 AMRCLAW: level  1  CFL = .344E+00  dt = 0.5000E+00  final t = 0.579000E+03
 AMRCLAW: level  1  CFL = .344E+00  dt = 0.5000E+00  final t = 0.579500E+03
 AMRCLAW: level  1  CFL = .345E+00  dt = 0.5000E+00  final t = 0.580000E+03
 AMRCLAW: level  1  CFL = .345E+00  dt = 0.5000E+00  final t = 0.580500E+03
 AMRCLAW: level  1  CFL = .345E+00  dt = 0.5000E+00  final t = 0.581000E+03
 AMRCLAW: level  1  CFL = .346E+00  dt = 0.5000E+00  final t = 0.581500E+03
 AMRCLAW: level  1  CFL = .346E+00  dt = 0.5000E+00  final t = 0.582000E+03
 AMRCLAW: level  1  CFL = .346E+00  dt = 0.5000E+00  final t = 0.582500E+03
 AMRCLAW: level  1  CFL = .346E+00  dt = 0.5000E+00  final t = 0.583000E+03
 AMRCLAW: level  1  CFL = .347E+00  dt = 0.5000E+00  final t = 0.583500E+03
 AMRCLAW: level  1  CFL = .347E+00  dt = 0.5000E+00  final t = 0.584000E+03
 AMRCLAW: level  1  CFL = .347E+00  dt = 0.5000E+00  final t = 0.584500E+03
 AMRCLAW: level  1  CFL = .347E+00  dt = 0.5000E+00  final t = 0.585000E+03
 AMRCLAW: level  1  CFL = .348E+00  dt = 0.5000E+00  final t = 0.585500E+03
 AMRCLAW: level  1  CFL = .348E+00  dt = 0.5000E+00  final t = 0.586000E+03
 AMRCLAW: level  1  CFL = .348E+00  dt = 0.5000E+00  final t = 0.586500E+03
 AMRCLAW: level  1  CFL = .348E+00  dt = 0.5000E+00  final t = 0.587000E+03
 AMRCLAW: level  1  CFL = .348E+00  dt = 0.5000E+00  final t = 0.587500E+03
 AMRCLAW: level  1  CFL = .348E+00  dt = 0.5000E+00  final t = 0.588000E+03
 AMRCLAW: level  1  CFL = .348E+00  dt = 0.5000E+00  final t = 0.588500E+03
 AMRCLAW: level  1  CFL = .348E+00  dt = 0.5000E+00  final t = 0.589000E+03
 AMRCLAW: level  1  CFL = .348E+00  dt = 0.5000E+00  final t = 0.589500E+03
 AMRCLAW: level  1  CFL = .348E+00  dt = 0.5000E+00  final t = 0.590000E+03
 AMRCLAW: level  1  CFL = .348E+00  dt = 0.5000E+00  final t = 0.590500E+03
 AMRCLAW: level  1  CFL = .348E+00  dt = 0.5000E+00  final t = 0.591000E+03
 AMRCLAW: level  1  CFL = .348E+00  dt = 0.5000E+00  final t = 0.591500E+03
 AMRCLAW: level  1  CFL = .348E+00  dt = 0.5000E+00  final t = 0.592000E+03
 AMRCLAW: level  1  CFL = .348E+00  dt = 0.5000E+00  final t = 0.592500E+03
 AMRCLAW: level  1  CFL = .349E+00  dt = 0.5000E+00  final t = 0.593000E+03
 AMRCLAW: level  1  CFL = .349E+00  dt = 0.5000E+00  final t = 0.593500E+03
 AMRCLAW: level  1  CFL = .349E+00  dt = 0.5000E+00  final t = 0.594000E+03
 AMRCLAW: level  1  CFL = .349E+00  dt = 0.5000E+00  final t = 0.594500E+03
 AMRCLAW: level  1  CFL = .349E+00  dt = 0.5000E+00  final t = 0.595000E+03
 AMRCLAW: level  1  CFL = .349E+00  dt = 0.5000E+00  final t = 0.595500E+03
 AMRCLAW: level  1  CFL = .349E+00  dt = 0.5000E+00  final t = 0.596000E+03
 AMRCLAW: level  1  CFL = .350E+00  dt = 0.5000E+00  final t = 0.596500E+03
 AMRCLAW: level  1  CFL = .350E+00  dt = 0.5000E+00  final t = 0.597000E+03
 AMRCLAW: level  1  CFL = .350E+00  dt = 0.5000E+00  final t = 0.597500E+03
 AMRCLAW: level  1  CFL = .350E+00  dt = 0.5000E+00  final t = 0.598000E+03
 AMRCLAW: level  1  CFL = .351E+00  dt = 0.5000E+00  final t = 0.598500E+03
 AMRCLAW: level  1  CFL = .351E+00  dt = 0.5000E+00  final t = 0.599000E+03
 AMRCLAW: level  1  CFL = .351E+00  dt = 0.5000E+00  final t = 0.599500E+03
 AMRCLAW: level  1  CFL = .351E+00  dt = 0.5000E+00  final t = 0.600000E+03
GEOCLAW: Frame   20 output files done at time t =  0.600000D+03

 AMRCLAW: level  1  CFL = .352E+00  dt = 0.5000E+00  final t = 0.600500E+03
 AMRCLAW: level  1  CFL = .352E+00  dt = 0.5000E+00  final t = 0.601000E+03
 AMRCLAW: level  1  CFL = .352E+00  dt = 0.5000E+00  final t = 0.601500E+03
 AMRCLAW: level  1  CFL = .352E+00  dt = 0.5000E+00  final t = 0.602000E+03
 AMRCLAW: level  1  CFL = .352E+00  dt = 0.5000E+00  final t = 0.602500E+03
 AMRCLAW: level  1  CFL = .352E+00  dt = 0.5000E+00  final t = 0.603000E+03
 AMRCLAW: level  1  CFL = .353E+00  dt = 0.5000E+00  final t = 0.603500E+03
 AMRCLAW: level  1  CFL = .353E+00  dt = 0.5000E+00  final t = 0.604000E+03
 AMRCLAW: level  1  CFL = .353E+00  dt = 0.5000E+00  final t = 0.604500E+03
 AMRCLAW: level  1  CFL = .353E+00  dt = 0.5000E+00  final t = 0.605000E+03
 AMRCLAW: level  1  CFL = .353E+00  dt = 0.5000E+00  final t = 0.605500E+03
 AMRCLAW: level  1  CFL = .352E+00  dt = 0.5000E+00  final t = 0.606000E+03
 AMRCLAW: level  1  CFL = .352E+00  dt = 0.5000E+00  final t = 0.606500E+03
 AMRCLAW: level  1  CFL = .352E+00  dt = 0.5000E+00  final t = 0.607000E+03
 AMRCLAW: level  1  CFL = .352E+00  dt = 0.5000E+00  final t = 0.607500E+03
 AMRCLAW: level  1  CFL = .352E+00  dt = 0.5000E+00  final t = 0.608000E+03
 AMRCLAW: level  1  CFL = .351E+00  dt = 0.5000E+00  final t = 0.608500E+03
 AMRCLAW: level  1  CFL = .351E+00  dt = 0.5000E+00  final t = 0.609000E+03
 AMRCLAW: level  1  CFL = .351E+00  dt = 0.5000E+00  final t = 0.609500E+03
 AMRCLAW: level  1  CFL = .350E+00  dt = 0.5000E+00  final t = 0.610000E+03
 AMRCLAW: level  1  CFL = .350E+00  dt = 0.5000E+00  final t = 0.610500E+03
 AMRCLAW: level  1  CFL = .349E+00  dt = 0.5000E+00  final t = 0.611000E+03
 AMRCLAW: level  1  CFL = .349E+00  dt = 0.5000E+00  final t = 0.611500E+03
 AMRCLAW: level  1  CFL = .348E+00  dt = 0.5000E+00  final t = 0.612000E+03
 AMRCLAW: level  1  CFL = .348E+00  dt = 0.5000E+00  final t = 0.612500E+03
 AMRCLAW: level  1  CFL = .347E+00  dt = 0.5000E+00  final t = 0.613000E+03
 AMRCLAW: level  1  CFL = .348E+00  dt = 0.5000E+00  final t = 0.613500E+03
 AMRCLAW: level  1  CFL = .348E+00  dt = 0.5000E+00  final t = 0.614000E+03
 AMRCLAW: level  1  CFL = .349E+00  dt = 0.5000E+00  final t = 0.614500E+03
 AMRCLAW: level  1  CFL = .349E+00  dt = 0.5000E+00  final t = 0.615000E+03
 AMRCLAW: level  1  CFL = .349E+00  dt = 0.5000E+00  final t = 0.615500E+03
 AMRCLAW: level  1  CFL = .350E+00  dt = 0.5000E+00  final t = 0.616000E+03
 AMRCLAW: level  1  CFL = .350E+00  dt = 0.5000E+00  final t = 0.616500E+03
 AMRCLAW: level  1  CFL = .350E+00  dt = 0.5000E+00  final t = 0.617000E+03
 AMRCLAW: level  1  CFL = .350E+00  dt = 0.5000E+00  final t = 0.617500E+03
 AMRCLAW: level  1  CFL = .351E+00  dt = 0.5000E+00  final t = 0.618000E+03
 AMRCLAW: level  1  CFL = .350E+00  dt = 0.5000E+00  final t = 0.618500E+03
 AMRCLAW: level  1  CFL = .350E+00  dt = 0.5000E+00  final t = 0.619000E+03
 AMRCLAW: level  1  CFL = .350E+00  dt = 0.5000E+00  final t = 0.619500E+03
 AMRCLAW: level  1  CFL = .350E+00  dt = 0.5000E+00  final t = 0.620000E+03
 AMRCLAW: level  1  CFL = .349E+00  dt = 0.5000E+00  final t = 0.620500E+03
 AMRCLAW: level  1  CFL = .348E+00  dt = 0.5000E+00  final t = 0.621000E+03
 AMRCLAW: level  1  CFL = .348E+00  dt = 0.5000E+00  final t = 0.621500E+03
 AMRCLAW: level  1  CFL = .347E+00  dt = 0.5000E+00  final t = 0.622000E+03
 AMRCLAW: level  1  CFL = .347E+00  dt = 0.5000E+00  final t = 0.622500E+03
 AMRCLAW: level  1  CFL = .346E+00  dt = 0.5000E+00  final t = 0.623000E+03
 AMRCLAW: level  1  CFL = .346E+00  dt = 0.5000E+00  final t = 0.623500E+03
 AMRCLAW: level  1  CFL = .345E+00  dt = 0.5000E+00  final t = 0.624000E+03
 AMRCLAW: level  1  CFL = .345E+00  dt = 0.5000E+00  final t = 0.624500E+03
 AMRCLAW: level  1  CFL = .345E+00  dt = 0.5000E+00  final t = 0.625000E+03
 AMRCLAW: level  1  CFL = .344E+00  dt = 0.5000E+00  final t = 0.625500E+03
 AMRCLAW: level  1  CFL = .344E+00  dt = 0.5000E+00  final t = 0.626000E+03
 AMRCLAW: level  1  CFL = .344E+00  dt = 0.5000E+00  final t = 0.626500E+03
 AMRCLAW: level  1  CFL = .344E+00  dt = 0.5000E+00  final t = 0.627000E+03
 AMRCLAW: level  1  CFL = .344E+00  dt = 0.5000E+00  final t = 0.627500E+03
 AMRCLAW: level  1  CFL = .344E+00  dt = 0.5000E+00  final t = 0.628000E+03
 AMRCLAW: level  1  CFL = .343E+00  dt = 0.5000E+00  final t = 0.628500E+03
 AMRCLAW: level  1  CFL = .343E+00  dt = 0.5000E+00  final t = 0.629000E+03
 AMRCLAW: level  1  CFL = .343E+00  dt = 0.5000E+00  final t = 0.629500E+03
 AMRCLAW: level  1  CFL = .343E+00  dt = 0.5000E+00  final t = 0.630000E+03
GEOCLAW: Frame   21 output files done at time t =  0.630000D+03

 AMRCLAW: level  1  CFL = .343E+00  dt = 0.5000E+00  final t = 0.630500E+03
 AMRCLAW: level  1  CFL = .343E+00  dt = 0.5000E+00  final t = 0.631000E+03
 AMRCLAW: level  1  CFL = .342E+00  dt = 0.5000E+00  final t = 0.631500E+03
 AMRCLAW: level  1  CFL = .342E+00  dt = 0.5000E+00  final t = 0.632000E+03
 AMRCLAW: level  1  CFL = .341E+00  dt = 0.5000E+00  final t = 0.632500E+03
 AMRCLAW: level  1  CFL = .340E+00  dt = 0.5000E+00  final t = 0.633000E+03
 AMRCLAW: level  1  CFL = .339E+00  dt = 0.5000E+00  final t = 0.633500E+03
 AMRCLAW: level  1  CFL = .338E+00  dt = 0.5000E+00  final t = 0.634000E+03
 AMRCLAW: level  1  CFL = .338E+00  dt = 0.5000E+00  final t = 0.634500E+03
 AMRCLAW: level  1  CFL = .339E+00  dt = 0.5000E+00  final t = 0.635000E+03
 AMRCLAW: level  1  CFL = .339E+00  dt = 0.5000E+00  final t = 0.635500E+03
 AMRCLAW: level  1  CFL = .339E+00  dt = 0.5000E+00  final t = 0.636000E+03
 AMRCLAW: level  1  CFL = .340E+00  dt = 0.5000E+00  final t = 0.636500E+03
 AMRCLAW: level  1  CFL = .340E+00  dt = 0.5000E+00  final t = 0.637000E+03
 AMRCLAW: level  1  CFL = .340E+00  dt = 0.5000E+00  final t = 0.637500E+03
 AMRCLAW: level  1  CFL = .341E+00  dt = 0.5000E+00  final t = 0.638000E+03
 AMRCLAW: level  1  CFL = .341E+00  dt = 0.5000E+00  final t = 0.638500E+03
 AMRCLAW: level  1  CFL = .341E+00  dt = 0.5000E+00  final t = 0.639000E+03
 AMRCLAW: level  1  CFL = .340E+00  dt = 0.5000E+00  final t = 0.639500E+03
 AMRCLAW: level  1  CFL = .339E+00  dt = 0.5000E+00  final t = 0.640000E+03
 AMRCLAW: level  1  CFL = .340E+00  dt = 0.5000E+00  final t = 0.640500E+03
 AMRCLAW: level  1  CFL = .341E+00  dt = 0.5000E+00  final t = 0.641000E+03
 AMRCLAW: level  1  CFL = .334E+00  dt = 0.5000E+00  final t = 0.641500E+03
 AMRCLAW: level  1  CFL = .337E+00  dt = 0.5000E+00  final t = 0.642000E+03
 AMRCLAW: level  1  CFL = .339E+00  dt = 0.5000E+00  final t = 0.642500E+03
 AMRCLAW: level  1  CFL = .333E+00  dt = 0.5000E+00  final t = 0.643000E+03
 AMRCLAW: level  1  CFL = .337E+00  dt = 0.5000E+00  final t = 0.643500E+03
 AMRCLAW: level  1  CFL = .339E+00  dt = 0.5000E+00  final t = 0.644000E+03
 AMRCLAW: level  1  CFL = .334E+00  dt = 0.5000E+00  final t = 0.644500E+03
 AMRCLAW: level  1  CFL = .337E+00  dt = 0.5000E+00  final t = 0.645000E+03
 AMRCLAW: level  1  CFL = .339E+00  dt = 0.5000E+00  final t = 0.645500E+03
 AMRCLAW: level  1  CFL = .341E+00  dt = 0.5000E+00  final t = 0.646000E+03
 AMRCLAW: level  1  CFL = .337E+00  dt = 0.5000E+00  final t = 0.646500E+03
 AMRCLAW: level  1  CFL = .339E+00  dt = 0.5000E+00  final t = 0.647000E+03
 AMRCLAW: level  1  CFL = .341E+00  dt = 0.5000E+00  final t = 0.647500E+03
 AMRCLAW: level  1  CFL = .335E+00  dt = 0.5000E+00  final t = 0.648000E+03
 AMRCLAW: level  1  CFL = .338E+00  dt = 0.5000E+00  final t = 0.648500E+03
 AMRCLAW: level  1  CFL = .340E+00  dt = 0.5000E+00  final t = 0.649000E+03
 AMRCLAW: level  1  CFL = .335E+00  dt = 0.5000E+00  final t = 0.649500E+03
 AMRCLAW: level  1  CFL = .338E+00  dt = 0.5000E+00  final t = 0.650000E+03
 AMRCLAW: level  1  CFL = .341E+00  dt = 0.5000E+00  final t = 0.650500E+03
 AMRCLAW: level  1  CFL = .335E+00  dt = 0.5000E+00  final t = 0.651000E+03
 AMRCLAW: level  1  CFL = .339E+00  dt = 0.5000E+00  final t = 0.651500E+03
 AMRCLAW: level  1  CFL = .341E+00  dt = 0.5000E+00  final t = 0.652000E+03
 AMRCLAW: level  1  CFL = .335E+00  dt = 0.5000E+00  final t = 0.652500E+03
 AMRCLAW: level  1  CFL = .338E+00  dt = 0.5000E+00  final t = 0.653000E+03
 AMRCLAW: level  1  CFL = .341E+00  dt = 0.5000E+00  final t = 0.653500E+03
 AMRCLAW: level  1  CFL = .336E+00  dt = 0.5000E+00  final t = 0.654000E+03
 AMRCLAW: level  1  CFL = .338E+00  dt = 0.5000E+00  final t = 0.654500E+03
 AMRCLAW: level  1  CFL = .340E+00  dt = 0.5000E+00  final t = 0.655000E+03
 AMRCLAW: level  1  CFL = .337E+00  dt = 0.5000E+00  final t = 0.655500E+03
 AMRCLAW: level  1  CFL = .338E+00  dt = 0.5000E+00  final t = 0.656000E+03
 AMRCLAW: level  1  CFL = .340E+00  dt = 0.5000E+00  final t = 0.656500E+03
 AMRCLAW: level  1  CFL = .338E+00  dt = 0.5000E+00  final t = 0.657000E+03
 AMRCLAW: level  1  CFL = .338E+00  dt = 0.5000E+00  final t = 0.657500E+03
 AMRCLAW: level  1  CFL = .339E+00  dt = 0.5000E+00  final t = 0.658000E+03
 AMRCLAW: level  1  CFL = .338E+00  dt = 0.5000E+00  final t = 0.658500E+03
 AMRCLAW: level  1  CFL = .338E+00  dt = 0.5000E+00  final t = 0.659000E+03
 AMRCLAW: level  1  CFL = .339E+00  dt = 0.5000E+00  final t = 0.659500E+03
 AMRCLAW: level  1  CFL = .338E+00  dt = 0.5000E+00  final t = 0.660000E+03
GEOCLAW: Frame   22 output files done at time t =  0.660000D+03

 AMRCLAW: level  1  CFL = .338E+00  dt = 0.5000E+00  final t = 0.660500E+03
 AMRCLAW: level  1  CFL = .339E+00  dt = 0.5000E+00  final t = 0.661000E+03
 AMRCLAW: level  1  CFL = .338E+00  dt = 0.5000E+00  final t = 0.661500E+03
 AMRCLAW: level  1  CFL = .339E+00  dt = 0.5000E+00  final t = 0.662000E+03
 AMRCLAW: level  1  CFL = .339E+00  dt = 0.5000E+00  final t = 0.662500E+03
 AMRCLAW: level  1  CFL = .339E+00  dt = 0.5000E+00  final t = 0.663000E+03
 AMRCLAW: level  1  CFL = .340E+00  dt = 0.5000E+00  final t = 0.663500E+03
 AMRCLAW: level  1  CFL = .340E+00  dt = 0.5000E+00  final t = 0.664000E+03
 AMRCLAW: level  1  CFL = .340E+00  dt = 0.5000E+00  final t = 0.664500E+03
 AMRCLAW: level  1  CFL = .341E+00  dt = 0.5000E+00  final t = 0.665000E+03
 AMRCLAW: level  1  CFL = .341E+00  dt = 0.5000E+00  final t = 0.665500E+03
 AMRCLAW: level  1  CFL = .341E+00  dt = 0.5000E+00  final t = 0.666000E+03
 AMRCLAW: level  1  CFL = .341E+00  dt = 0.5000E+00  final t = 0.666500E+03
 AMRCLAW: level  1  CFL = .341E+00  dt = 0.5000E+00  final t = 0.667000E+03
 AMRCLAW: level  1  CFL = .341E+00  dt = 0.5000E+00  final t = 0.667500E+03
 AMRCLAW: level  1  CFL = .341E+00  dt = 0.5000E+00  final t = 0.668000E+03
 AMRCLAW: level  1  CFL = .341E+00  dt = 0.5000E+00  final t = 0.668500E+03
 AMRCLAW: level  1  CFL = .340E+00  dt = 0.5000E+00  final t = 0.669000E+03
 AMRCLAW: level  1  CFL = .340E+00  dt = 0.5000E+00  final t = 0.669500E+03
 AMRCLAW: level  1  CFL = .339E+00  dt = 0.5000E+00  final t = 0.670000E+03
 AMRCLAW: level  1  CFL = .339E+00  dt = 0.5000E+00  final t = 0.670500E+03
 AMRCLAW: level  1  CFL = .338E+00  dt = 0.5000E+00  final t = 0.671000E+03
 AMRCLAW: level  1  CFL = .338E+00  dt = 0.5000E+00  final t = 0.671500E+03
 AMRCLAW: level  1  CFL = .338E+00  dt = 0.5000E+00  final t = 0.672000E+03
 AMRCLAW: level  1  CFL = .338E+00  dt = 0.5000E+00  final t = 0.672500E+03
 AMRCLAW: level  1  CFL = .338E+00  dt = 0.5000E+00  final t = 0.673000E+03
 AMRCLAW: level  1  CFL = .338E+00  dt = 0.5000E+00  final t = 0.673500E+03
 AMRCLAW: level  1  CFL = .338E+00  dt = 0.5000E+00  final t = 0.674000E+03
 AMRCLAW: level  1  CFL = .338E+00  dt = 0.5000E+00  final t = 0.674500E+03
 AMRCLAW: level  1  CFL = .338E+00  dt = 0.5000E+00  final t = 0.675000E+03
 AMRCLAW: level  1  CFL = .338E+00  dt = 0.5000E+00  final t = 0.675500E+03
 AMRCLAW: level  1  CFL = .338E+00  dt = 0.5000E+00  final t = 0.676000E+03
 AMRCLAW: level  1  CFL = .338E+00  dt = 0.5000E+00  final t = 0.676500E+03
 AMRCLAW: level  1  CFL = .338E+00  dt = 0.5000E+00  final t = 0.677000E+03
 AMRCLAW: level  1  CFL = .338E+00  dt = 0.5000E+00  final t = 0.677500E+03
 AMRCLAW: level  1  CFL = .338E+00  dt = 0.5000E+00  final t = 0.678000E+03
 AMRCLAW: level  1  CFL = .338E+00  dt = 0.5000E+00  final t = 0.678500E+03
 AMRCLAW: level  1  CFL = .338E+00  dt = 0.5000E+00  final t = 0.679000E+03
 AMRCLAW: level  1  CFL = .338E+00  dt = 0.5000E+00  final t = 0.679500E+03
 AMRCLAW: level  1  CFL = .338E+00  dt = 0.5000E+00  final t = 0.680000E+03
 AMRCLAW: level  1  CFL = .337E+00  dt = 0.5000E+00  final t = 0.680500E+03
 AMRCLAW: level  1  CFL = .337E+00  dt = 0.5000E+00  final t = 0.681000E+03
 AMRCLAW: level  1  CFL = .336E+00  dt = 0.5000E+00  final t = 0.681500E+03
 AMRCLAW: level  1  CFL = .335E+00  dt = 0.5000E+00  final t = 0.682000E+03
 AMRCLAW: level  1  CFL = .335E+00  dt = 0.5000E+00  final t = 0.682500E+03
 AMRCLAW: level  1  CFL = .335E+00  dt = 0.5000E+00  final t = 0.683000E+03
 AMRCLAW: level  1  CFL = .335E+00  dt = 0.5000E+00  final t = 0.683500E+03
 AMRCLAW: level  1  CFL = .335E+00  dt = 0.5000E+00  final t = 0.684000E+03
 AMRCLAW: level  1  CFL = .335E+00  dt = 0.5000E+00  final t = 0.684500E+03
 AMRCLAW: level  1  CFL = .335E+00  dt = 0.5000E+00  final t = 0.685000E+03
 AMRCLAW: level  1  CFL = .335E+00  dt = 0.5000E+00  final t = 0.685500E+03
 AMRCLAW: level  1  CFL = .335E+00  dt = 0.5000E+00  final t = 0.686000E+03
 AMRCLAW: level  1  CFL = .335E+00  dt = 0.5000E+00  final t = 0.686500E+03
 AMRCLAW: level  1  CFL = .335E+00  dt = 0.5000E+00  final t = 0.687000E+03
 AMRCLAW: level  1  CFL = .335E+00  dt = 0.5000E+00  final t = 0.687500E+03
 AMRCLAW: level  1  CFL = .335E+00  dt = 0.5000E+00  final t = 0.688000E+03
 AMRCLAW: level  1  CFL = .335E+00  dt = 0.5000E+00  final t = 0.688500E+03
 AMRCLAW: level  1  CFL = .335E+00  dt = 0.5000E+00  final t = 0.689000E+03
 AMRCLAW: level  1  CFL = .335E+00  dt = 0.5000E+00  final t = 0.689500E+03
 AMRCLAW: level  1  CFL = .335E+00  dt = 0.5000E+00  final t = 0.690000E+03
GEOCLAW: Frame   23 output files done at time t =  0.690000D+03

 AMRCLAW: level  1  CFL = .335E+00  dt = 0.5000E+00  final t = 0.690500E+03
 AMRCLAW: level  1  CFL = .335E+00  dt = 0.5000E+00  final t = 0.691000E+03
 AMRCLAW: level  1  CFL = .335E+00  dt = 0.5000E+00  final t = 0.691500E+03
 AMRCLAW: level  1  CFL = .335E+00  dt = 0.5000E+00  final t = 0.692000E+03
 AMRCLAW: level  1  CFL = .335E+00  dt = 0.5000E+00  final t = 0.692500E+03
 AMRCLAW: level  1  CFL = .335E+00  dt = 0.5000E+00  final t = 0.693000E+03
 AMRCLAW: level  1  CFL = .335E+00  dt = 0.5000E+00  final t = 0.693500E+03
 AMRCLAW: level  1  CFL = .334E+00  dt = 0.5000E+00  final t = 0.694000E+03
 AMRCLAW: level  1  CFL = .334E+00  dt = 0.5000E+00  final t = 0.694500E+03
 AMRCLAW: level  1  CFL = .334E+00  dt = 0.5000E+00  final t = 0.695000E+03
 AMRCLAW: level  1  CFL = .334E+00  dt = 0.5000E+00  final t = 0.695500E+03
 AMRCLAW: level  1  CFL = .334E+00  dt = 0.5000E+00  final t = 0.696000E+03
 AMRCLAW: level  1  CFL = .334E+00  dt = 0.5000E+00  final t = 0.696500E+03
 AMRCLAW: level  1  CFL = .333E+00  dt = 0.5000E+00  final t = 0.697000E+03
 AMRCLAW: level  1  CFL = .333E+00  dt = 0.5000E+00  final t = 0.697500E+03
 AMRCLAW: level  1  CFL = .333E+00  dt = 0.5000E+00  final t = 0.698000E+03
 AMRCLAW: level  1  CFL = .333E+00  dt = 0.5000E+00  final t = 0.698500E+03
 AMRCLAW: level  1  CFL = .332E+00  dt = 0.5000E+00  final t = 0.699000E+03
 AMRCLAW: level  1  CFL = .332E+00  dt = 0.5000E+00  final t = 0.699500E+03
 AMRCLAW: level  1  CFL = .342E+00  dt = 0.5000E+00  final t = 0.700000E+03
 AMRCLAW: level  1  CFL = .332E+00  dt = 0.5000E+00  final t = 0.700500E+03
 AMRCLAW: level  1  CFL = .331E+00  dt = 0.5000E+00  final t = 0.701000E+03
 AMRCLAW: level  1  CFL = .331E+00  dt = 0.5000E+00  final t = 0.701500E+03
 AMRCLAW: level  1  CFL = .331E+00  dt = 0.5000E+00  final t = 0.702000E+03
 AMRCLAW: level  1  CFL = .330E+00  dt = 0.5000E+00  final t = 0.702500E+03
 AMRCLAW: level  1  CFL = .330E+00  dt = 0.5000E+00  final t = 0.703000E+03
 AMRCLAW: level  1  CFL = .330E+00  dt = 0.5000E+00  final t = 0.703500E+03
 AMRCLAW: level  1  CFL = .329E+00  dt = 0.5000E+00  final t = 0.704000E+03
 AMRCLAW: level  1  CFL = .329E+00  dt = 0.5000E+00  final t = 0.704500E+03
 AMRCLAW: level  1  CFL = .329E+00  dt = 0.5000E+00  final t = 0.705000E+03
 AMRCLAW: level  1  CFL = .329E+00  dt = 0.5000E+00  final t = 0.705500E+03
 AMRCLAW: level  1  CFL = .328E+00  dt = 0.5000E+00  final t = 0.706000E+03
 AMRCLAW: level  1  CFL = .328E+00  dt = 0.5000E+00  final t = 0.706500E+03
 AMRCLAW: level  1  CFL = .328E+00  dt = 0.5000E+00  final t = 0.707000E+03
 AMRCLAW: level  1  CFL = .327E+00  dt = 0.5000E+00  final t = 0.707500E+03
 AMRCLAW: level  1  CFL = .327E+00  dt = 0.5000E+00  final t = 0.708000E+03
 AMRCLAW: level  1  CFL = .327E+00  dt = 0.5000E+00  final t = 0.708500E+03
 AMRCLAW: level  1  CFL = .326E+00  dt = 0.5000E+00  final t = 0.709000E+03
 AMRCLAW: level  1  CFL = .326E+00  dt = 0.5000E+00  final t = 0.709500E+03
 AMRCLAW: level  1  CFL = .326E+00  dt = 0.5000E+00  final t = 0.710000E+03
 AMRCLAW: level  1  CFL = .326E+00  dt = 0.5000E+00  final t = 0.710500E+03
 AMRCLAW: level  1  CFL = .325E+00  dt = 0.5000E+00  final t = 0.711000E+03
 AMRCLAW: level  1  CFL = .325E+00  dt = 0.5000E+00  final t = 0.711500E+03
 AMRCLAW: level  1  CFL = .325E+00  dt = 0.5000E+00  final t = 0.712000E+03
 AMRCLAW: level  1  CFL = .325E+00  dt = 0.5000E+00  final t = 0.712500E+03
 AMRCLAW: level  1  CFL = .325E+00  dt = 0.5000E+00  final t = 0.713000E+03
 AMRCLAW: level  1  CFL = .325E+00  dt = 0.5000E+00  final t = 0.713500E+03
 AMRCLAW: level  1  CFL = .325E+00  dt = 0.5000E+00  final t = 0.714000E+03
 AMRCLAW: level  1  CFL = .325E+00  dt = 0.5000E+00  final t = 0.714500E+03
 AMRCLAW: level  1  CFL = .325E+00  dt = 0.5000E+00  final t = 0.715000E+03
 AMRCLAW: level  1  CFL = .325E+00  dt = 0.5000E+00  final t = 0.715500E+03
 AMRCLAW: level  1  CFL = .325E+00  dt = 0.5000E+00  final t = 0.716000E+03
 AMRCLAW: level  1  CFL = .325E+00  dt = 0.5000E+00  final t = 0.716500E+03
 AMRCLAW: level  1  CFL = .325E+00  dt = 0.5000E+00  final t = 0.717000E+03
 AMRCLAW: level  1  CFL = .325E+00  dt = 0.5000E+00  final t = 0.717500E+03
 AMRCLAW: level  1  CFL = .326E+00  dt = 0.5000E+00  final t = 0.718000E+03
 AMRCLAW: level  1  CFL = .326E+00  dt = 0.5000E+00  final t = 0.718500E+03
 AMRCLAW: level  1  CFL = .326E+00  dt = 0.5000E+00  final t = 0.719000E+03
 AMRCLAW: level  1  CFL = .326E+00  dt = 0.5000E+00  final t = 0.719500E+03
 AMRCLAW: level  1  CFL = .327E+00  dt = 0.5000E+00  final t = 0.720000E+03
GEOCLAW: Frame   24 output files done at time t =  0.720000D+03

 AMRCLAW: level  1  CFL = .327E+00  dt = 0.5000E+00  final t = 0.720500E+03
 AMRCLAW: level  1  CFL = .327E+00  dt = 0.5000E+00  final t = 0.721000E+03
 AMRCLAW: level  1  CFL = .328E+00  dt = 0.5000E+00  final t = 0.721500E+03
 AMRCLAW: level  1  CFL = .328E+00  dt = 0.5000E+00  final t = 0.722000E+03
 AMRCLAW: level  1  CFL = .329E+00  dt = 0.5000E+00  final t = 0.722500E+03
 AMRCLAW: level  1  CFL = .329E+00  dt = 0.5000E+00  final t = 0.723000E+03
 AMRCLAW: level  1  CFL = .329E+00  dt = 0.5000E+00  final t = 0.723500E+03
 AMRCLAW: level  1  CFL = .330E+00  dt = 0.5000E+00  final t = 0.724000E+03
 AMRCLAW: level  1  CFL = .330E+00  dt = 0.5000E+00  final t = 0.724500E+03
 AMRCLAW: level  1  CFL = .331E+00  dt = 0.5000E+00  final t = 0.725000E+03
 AMRCLAW: level  1  CFL = .331E+00  dt = 0.5000E+00  final t = 0.725500E+03
 AMRCLAW: level  1  CFL = .332E+00  dt = 0.5000E+00  final t = 0.726000E+03
 AMRCLAW: level  1  CFL = .332E+00  dt = 0.5000E+00  final t = 0.726500E+03
 AMRCLAW: level  1  CFL = .333E+00  dt = 0.5000E+00  final t = 0.727000E+03
 AMRCLAW: level  1  CFL = .333E+00  dt = 0.5000E+00  final t = 0.727500E+03
 AMRCLAW: level  1  CFL = .333E+00  dt = 0.5000E+00  final t = 0.728000E+03
 AMRCLAW: level  1  CFL = .334E+00  dt = 0.5000E+00  final t = 0.728500E+03
 AMRCLAW: level  1  CFL = .334E+00  dt = 0.5000E+00  final t = 0.729000E+03
 AMRCLAW: level  1  CFL = .334E+00  dt = 0.5000E+00  final t = 0.729500E+03
 AMRCLAW: level  1  CFL = .334E+00  dt = 0.5000E+00  final t = 0.730000E+03
 AMRCLAW: level  1  CFL = .334E+00  dt = 0.5000E+00  final t = 0.730500E+03
 AMRCLAW: level  1  CFL = .334E+00  dt = 0.5000E+00  final t = 0.731000E+03
 AMRCLAW: level  1  CFL = .334E+00  dt = 0.5000E+00  final t = 0.731500E+03
 AMRCLAW: level  1  CFL = .334E+00  dt = 0.5000E+00  final t = 0.732000E+03
 AMRCLAW: level  1  CFL = .334E+00  dt = 0.5000E+00  final t = 0.732500E+03
 AMRCLAW: level  1  CFL = .333E+00  dt = 0.5000E+00  final t = 0.733000E+03
 AMRCLAW: level  1  CFL = .333E+00  dt = 0.5000E+00  final t = 0.733500E+03
 AMRCLAW: level  1  CFL = .333E+00  dt = 0.5000E+00  final t = 0.734000E+03
 AMRCLAW: level  1  CFL = .333E+00  dt = 0.5000E+00  final t = 0.734500E+03
 AMRCLAW: level  1  CFL = .332E+00  dt = 0.5000E+00  final t = 0.735000E+03
 AMRCLAW: level  1  CFL = .332E+00  dt = 0.5000E+00  final t = 0.735500E+03
 AMRCLAW: level  1  CFL = .331E+00  dt = 0.5000E+00  final t = 0.736000E+03
 AMRCLAW: level  1  CFL = .331E+00  dt = 0.5000E+00  final t = 0.736500E+03
 AMRCLAW: level  1  CFL = .330E+00  dt = 0.5000E+00  final t = 0.737000E+03
 AMRCLAW: level  1  CFL = .330E+00  dt = 0.5000E+00  final t = 0.737500E+03
 AMRCLAW: level  1  CFL = .329E+00  dt = 0.5000E+00  final t = 0.738000E+03
 AMRCLAW: level  1  CFL = .329E+00  dt = 0.5000E+00  final t = 0.738500E+03
 AMRCLAW: level  1  CFL = .328E+00  dt = 0.5000E+00  final t = 0.739000E+03
 AMRCLAW: level  1  CFL = .327E+00  dt = 0.5000E+00  final t = 0.739500E+03
 AMRCLAW: level  1  CFL = .327E+00  dt = 0.5000E+00  final t = 0.740000E+03
 AMRCLAW: level  1  CFL = .326E+00  dt = 0.5000E+00  final t = 0.740500E+03
 AMRCLAW: level  1  CFL = .325E+00  dt = 0.5000E+00  final t = 0.741000E+03
 AMRCLAW: level  1  CFL = .325E+00  dt = 0.5000E+00  final t = 0.741500E+03
 AMRCLAW: level  1  CFL = .324E+00  dt = 0.5000E+00  final t = 0.742000E+03
 AMRCLAW: level  1  CFL = .323E+00  dt = 0.5000E+00  final t = 0.742500E+03
 AMRCLAW: level  1  CFL = .323E+00  dt = 0.5000E+00  final t = 0.743000E+03
 AMRCLAW: level  1  CFL = .322E+00  dt = 0.5000E+00  final t = 0.743500E+03
 AMRCLAW: level  1  CFL = .322E+00  dt = 0.5000E+00  final t = 0.744000E+03
 AMRCLAW: level  1  CFL = .321E+00  dt = 0.5000E+00  final t = 0.744500E+03
 AMRCLAW: level  1  CFL = .321E+00  dt = 0.5000E+00  final t = 0.745000E+03
 AMRCLAW: level  1  CFL = .322E+00  dt = 0.5000E+00  final t = 0.745500E+03
 AMRCLAW: level  1  CFL = .323E+00  dt = 0.5000E+00  final t = 0.746000E+03
 AMRCLAW: level  1  CFL = .324E+00  dt = 0.5000E+00  final t = 0.746500E+03
 AMRCLAW: level  1  CFL = .324E+00  dt = 0.5000E+00  final t = 0.747000E+03
 AMRCLAW: level  1  CFL = .325E+00  dt = 0.5000E+00  final t = 0.747500E+03
 AMRCLAW: level  1  CFL = .326E+00  dt = 0.5000E+00  final t = 0.748000E+03
 AMRCLAW: level  1  CFL = .326E+00  dt = 0.5000E+00  final t = 0.748500E+03
 AMRCLAW: level  1  CFL = .326E+00  dt = 0.5000E+00  final t = 0.749000E+03
 AMRCLAW: level  1  CFL = .326E+00  dt = 0.5000E+00  final t = 0.749500E+03
 AMRCLAW: level  1  CFL = .326E+00  dt = 0.5000E+00  final t = 0.750000E+03
GEOCLAW: Frame   25 output files done at time t =  0.750000D+03

 AMRCLAW: level  1  CFL = .326E+00  dt = 0.5000E+00  final t = 0.750500E+03
 AMRCLAW: level  1  CFL = .325E+00  dt = 0.5000E+00  final t = 0.751000E+03
 AMRCLAW: level  1  CFL = .324E+00  dt = 0.5000E+00  final t = 0.751500E+03
 AMRCLAW: level  1  CFL = .324E+00  dt = 0.5000E+00  final t = 0.752000E+03
 AMRCLAW: level  1  CFL = .322E+00  dt = 0.5000E+00  final t = 0.752500E+03
 AMRCLAW: level  1  CFL = .321E+00  dt = 0.5000E+00  final t = 0.753000E+03
 AMRCLAW: level  1  CFL = .320E+00  dt = 0.5000E+00  final t = 0.753500E+03
 AMRCLAW: level  1  CFL = .318E+00  dt = 0.5000E+00  final t = 0.754000E+03
 AMRCLAW: level  1  CFL = .317E+00  dt = 0.5000E+00  final t = 0.754500E+03
 AMRCLAW: level  1  CFL = .315E+00  dt = 0.5000E+00  final t = 0.755000E+03
 AMRCLAW: level  1  CFL = .314E+00  dt = 0.5000E+00  final t = 0.755500E+03
 AMRCLAW: level  1  CFL = .313E+00  dt = 0.5000E+00  final t = 0.756000E+03
 AMRCLAW: level  1  CFL = .312E+00  dt = 0.5000E+00  final t = 0.756500E+03
 AMRCLAW: level  1  CFL = .312E+00  dt = 0.5000E+00  final t = 0.757000E+03
 AMRCLAW: level  1  CFL = .311E+00  dt = 0.5000E+00  final t = 0.757500E+03
 AMRCLAW: level  1  CFL = .310E+00  dt = 0.5000E+00  final t = 0.758000E+03
 AMRCLAW: level  1  CFL = .310E+00  dt = 0.5000E+00  final t = 0.758500E+03
 AMRCLAW: level  1  CFL = .310E+00  dt = 0.5000E+00  final t = 0.759000E+03
 AMRCLAW: level  1  CFL = .310E+00  dt = 0.5000E+00  final t = 0.759500E+03
 AMRCLAW: level  1  CFL = .310E+00  dt = 0.5000E+00  final t = 0.760000E+03
 AMRCLAW: level  1  CFL = .310E+00  dt = 0.5000E+00  final t = 0.760500E+03
 AMRCLAW: level  1  CFL = .310E+00  dt = 0.5000E+00  final t = 0.761000E+03
 AMRCLAW: level  1  CFL = .309E+00  dt = 0.5000E+00  final t = 0.761500E+03
 AMRCLAW: level  1  CFL = .309E+00  dt = 0.5000E+00  final t = 0.762000E+03
 AMRCLAW: level  1  CFL = .309E+00  dt = 0.5000E+00  final t = 0.762500E+03
 AMRCLAW: level  1  CFL = .309E+00  dt = 0.5000E+00  final t = 0.763000E+03
 AMRCLAW: level  1  CFL = .309E+00  dt = 0.5000E+00  final t = 0.763500E+03
 AMRCLAW: level  1  CFL = .309E+00  dt = 0.5000E+00  final t = 0.764000E+03
 AMRCLAW: level  1  CFL = .309E+00  dt = 0.5000E+00  final t = 0.764500E+03
 AMRCLAW: level  1  CFL = .309E+00  dt = 0.5000E+00  final t = 0.765000E+03
 AMRCLAW: level  1  CFL = .309E+00  dt = 0.5000E+00  final t = 0.765500E+03
 AMRCLAW: level  1  CFL = .309E+00  dt = 0.5000E+00  final t = 0.766000E+03
 AMRCLAW: level  1  CFL = .309E+00  dt = 0.5000E+00  final t = 0.766500E+03
 AMRCLAW: level  1  CFL = .309E+00  dt = 0.5000E+00  final t = 0.767000E+03
 AMRCLAW: level  1  CFL = .309E+00  dt = 0.5000E+00  final t = 0.767500E+03
 AMRCLAW: level  1  CFL = .308E+00  dt = 0.5000E+00  final t = 0.768000E+03
 AMRCLAW: level  1  CFL = .308E+00  dt = 0.5000E+00  final t = 0.768500E+03
 AMRCLAW: level  1  CFL = .308E+00  dt = 0.5000E+00  final t = 0.769000E+03
 AMRCLAW: level  1  CFL = .308E+00  dt = 0.5000E+00  final t = 0.769500E+03
 AMRCLAW: level  1  CFL = .308E+00  dt = 0.5000E+00  final t = 0.770000E+03
 AMRCLAW: level  1  CFL = .308E+00  dt = 0.5000E+00  final t = 0.770500E+03
 AMRCLAW: level  1  CFL = .308E+00  dt = 0.5000E+00  final t = 0.771000E+03
 AMRCLAW: level  1  CFL = .308E+00  dt = 0.5000E+00  final t = 0.771500E+03
 AMRCLAW: level  1  CFL = .308E+00  dt = 0.5000E+00  final t = 0.772000E+03
 AMRCLAW: level  1  CFL = .308E+00  dt = 0.5000E+00  final t = 0.772500E+03
 AMRCLAW: level  1  CFL = .308E+00  dt = 0.5000E+00  final t = 0.773000E+03
 AMRCLAW: level  1  CFL = .308E+00  dt = 0.5000E+00  final t = 0.773500E+03
 AMRCLAW: level  1  CFL = .308E+00  dt = 0.5000E+00  final t = 0.774000E+03
 AMRCLAW: level  1  CFL = .308E+00  dt = 0.5000E+00  final t = 0.774500E+03
 AMRCLAW: level  1  CFL = .308E+00  dt = 0.5000E+00  final t = 0.775000E+03
 AMRCLAW: level  1  CFL = .308E+00  dt = 0.5000E+00  final t = 0.775500E+03
 AMRCLAW: level  1  CFL = .308E+00  dt = 0.5000E+00  final t = 0.776000E+03
 AMRCLAW: level  1  CFL = .308E+00  dt = 0.5000E+00  final t = 0.776500E+03
 AMRCLAW: level  1  CFL = .308E+00  dt = 0.5000E+00  final t = 0.777000E+03
 AMRCLAW: level  1  CFL = .308E+00  dt = 0.5000E+00  final t = 0.777500E+03
 AMRCLAW: level  1  CFL = .309E+00  dt = 0.5000E+00  final t = 0.778000E+03
 AMRCLAW: level  1  CFL = .309E+00  dt = 0.5000E+00  final t = 0.778500E+03
 AMRCLAW: level  1  CFL = .309E+00  dt = 0.5000E+00  final t = 0.779000E+03
 AMRCLAW: level  1  CFL = .309E+00  dt = 0.5000E+00  final t = 0.779500E+03
 AMRCLAW: level  1  CFL = .309E+00  dt = 0.5000E+00  final t = 0.780000E+03
GEOCLAW: Frame   26 output files done at time t =  0.780000D+03

 AMRCLAW: level  1  CFL = .309E+00  dt = 0.5000E+00  final t = 0.780500E+03
 AMRCLAW: level  1  CFL = .309E+00  dt = 0.5000E+00  final t = 0.781000E+03
 AMRCLAW: level  1  CFL = .309E+00  dt = 0.5000E+00  final t = 0.781500E+03
 AMRCLAW: level  1  CFL = .309E+00  dt = 0.5000E+00  final t = 0.782000E+03
 AMRCLAW: level  1  CFL = .309E+00  dt = 0.5000E+00  final t = 0.782500E+03
 AMRCLAW: level  1  CFL = .309E+00  dt = 0.5000E+00  final t = 0.783000E+03
 AMRCLAW: level  1  CFL = .309E+00  dt = 0.5000E+00  final t = 0.783500E+03
 AMRCLAW: level  1  CFL = .309E+00  dt = 0.5000E+00  final t = 0.784000E+03
 AMRCLAW: level  1  CFL = .309E+00  dt = 0.5000E+00  final t = 0.784500E+03
 AMRCLAW: level  1  CFL = .309E+00  dt = 0.5000E+00  final t = 0.785000E+03
 AMRCLAW: level  1  CFL = .309E+00  dt = 0.5000E+00  final t = 0.785500E+03
 AMRCLAW: level  1  CFL = .309E+00  dt = 0.5000E+00  final t = 0.786000E+03
 AMRCLAW: level  1  CFL = .309E+00  dt = 0.5000E+00  final t = 0.786500E+03
 AMRCLAW: level  1  CFL = .309E+00  dt = 0.5000E+00  final t = 0.787000E+03
 AMRCLAW: level  1  CFL = .309E+00  dt = 0.5000E+00  final t = 0.787500E+03
 AMRCLAW: level  1  CFL = .309E+00  dt = 0.5000E+00  final t = 0.788000E+03
 AMRCLAW: level  1  CFL = .309E+00  dt = 0.5000E+00  final t = 0.788500E+03
 AMRCLAW: level  1  CFL = .309E+00  dt = 0.5000E+00  final t = 0.789000E+03
 AMRCLAW: level  1  CFL = .309E+00  dt = 0.5000E+00  final t = 0.789500E+03
 AMRCLAW: level  1  CFL = .309E+00  dt = 0.5000E+00  final t = 0.790000E+03
 AMRCLAW: level  1  CFL = .309E+00  dt = 0.5000E+00  final t = 0.790500E+03
 AMRCLAW: level  1  CFL = .309E+00  dt = 0.5000E+00  final t = 0.791000E+03
 AMRCLAW: level  1  CFL = .309E+00  dt = 0.5000E+00  final t = 0.791500E+03
 AMRCLAW: level  1  CFL = .309E+00  dt = 0.5000E+00  final t = 0.792000E+03
 AMRCLAW: level  1  CFL = .309E+00  dt = 0.5000E+00  final t = 0.792500E+03
 AMRCLAW: level  1  CFL = .309E+00  dt = 0.5000E+00  final t = 0.793000E+03
 AMRCLAW: level  1  CFL = .309E+00  dt = 0.5000E+00  final t = 0.793500E+03
 AMRCLAW: level  1  CFL = .309E+00  dt = 0.5000E+00  final t = 0.794000E+03
 AMRCLAW: level  1  CFL = .309E+00  dt = 0.5000E+00  final t = 0.794500E+03
 AMRCLAW: level  1  CFL = .308E+00  dt = 0.5000E+00  final t = 0.795000E+03
 AMRCLAW: level  1  CFL = .308E+00  dt = 0.5000E+00  final t = 0.795500E+03
 AMRCLAW: level  1  CFL = .308E+00  dt = 0.5000E+00  final t = 0.796000E+03
 AMRCLAW: level  1  CFL = .308E+00  dt = 0.5000E+00  final t = 0.796500E+03
 AMRCLAW: level  1  CFL = .308E+00  dt = 0.5000E+00  final t = 0.797000E+03
 AMRCLAW: level  1  CFL = .308E+00  dt = 0.5000E+00  final t = 0.797500E+03
 AMRCLAW: level  1  CFL = .308E+00  dt = 0.5000E+00  final t = 0.798000E+03
 AMRCLAW: level  1  CFL = .308E+00  dt = 0.5000E+00  final t = 0.798500E+03
 AMRCLAW: level  1  CFL = .307E+00  dt = 0.5000E+00  final t = 0.799000E+03
 AMRCLAW: level  1  CFL = .307E+00  dt = 0.5000E+00  final t = 0.799500E+03
 AMRCLAW: level  1  CFL = .307E+00  dt = 0.5000E+00  final t = 0.800000E+03
 AMRCLAW: level  1  CFL = .307E+00  dt = 0.5000E+00  final t = 0.800500E+03
 AMRCLAW: level  1  CFL = .307E+00  dt = 0.5000E+00  final t = 0.801000E+03
 AMRCLAW: level  1  CFL = .306E+00  dt = 0.5000E+00  final t = 0.801500E+03
 AMRCLAW: level  1  CFL = .306E+00  dt = 0.5000E+00  final t = 0.802000E+03
 AMRCLAW: level  1  CFL = .306E+00  dt = 0.5000E+00  final t = 0.802500E+03
 AMRCLAW: level  1  CFL = .305E+00  dt = 0.5000E+00  final t = 0.803000E+03
 AMRCLAW: level  1  CFL = .305E+00  dt = 0.5000E+00  final t = 0.803500E+03
 AMRCLAW: level  1  CFL = .305E+00  dt = 0.5000E+00  final t = 0.804000E+03
 AMRCLAW: level  1  CFL = .305E+00  dt = 0.5000E+00  final t = 0.804500E+03
 AMRCLAW: level  1  CFL = .304E+00  dt = 0.5000E+00  final t = 0.805000E+03
 AMRCLAW: level  1  CFL = .304E+00  dt = 0.5000E+00  final t = 0.805500E+03
 AMRCLAW: level  1  CFL = .303E+00  dt = 0.5000E+00  final t = 0.806000E+03
 AMRCLAW: level  1  CFL = .303E+00  dt = 0.5000E+00  final t = 0.806500E+03
 AMRCLAW: level  1  CFL = .302E+00  dt = 0.5000E+00  final t = 0.807000E+03
 AMRCLAW: level  1  CFL = .302E+00  dt = 0.5000E+00  final t = 0.807500E+03
 AMRCLAW: level  1  CFL = .302E+00  dt = 0.5000E+00  final t = 0.808000E+03
 AMRCLAW: level  1  CFL = .301E+00  dt = 0.5000E+00  final t = 0.808500E+03
 AMRCLAW: level  1  CFL = .301E+00  dt = 0.5000E+00  final t = 0.809000E+03
 AMRCLAW: level  1  CFL = .300E+00  dt = 0.5000E+00  final t = 0.809500E+03
 AMRCLAW: level  1  CFL = .300E+00  dt = 0.5000E+00  final t = 0.810000E+03
GEOCLAW: Frame   27 output files done at time t =  0.810000D+03

 AMRCLAW: level  1  CFL = .299E+00  dt = 0.5000E+00  final t = 0.810500E+03
 AMRCLAW: level  1  CFL = .298E+00  dt = 0.5000E+00  final t = 0.811000E+03
 AMRCLAW: level  1  CFL = .303E+00  dt = 0.5000E+00  final t = 0.811500E+03
 AMRCLAW: level  1  CFL = .297E+00  dt = 0.5000E+00  final t = 0.812000E+03
 AMRCLAW: level  1  CFL = .297E+00  dt = 0.5000E+00  final t = 0.812500E+03
 AMRCLAW: level  1  CFL = .296E+00  dt = 0.5000E+00  final t = 0.813000E+03
 AMRCLAW: level  1  CFL = .296E+00  dt = 0.5000E+00  final t = 0.813500E+03
 AMRCLAW: level  1  CFL = .295E+00  dt = 0.5000E+00  final t = 0.814000E+03
 AMRCLAW: level  1  CFL = .294E+00  dt = 0.5000E+00  final t = 0.814500E+03
 AMRCLAW: level  1  CFL = .294E+00  dt = 0.5000E+00  final t = 0.815000E+03
 AMRCLAW: level  1  CFL = .293E+00  dt = 0.5000E+00  final t = 0.815500E+03
 AMRCLAW: level  1  CFL = .293E+00  dt = 0.5000E+00  final t = 0.816000E+03
 AMRCLAW: level  1  CFL = .292E+00  dt = 0.5000E+00  final t = 0.816500E+03
 AMRCLAW: level  1  CFL = .291E+00  dt = 0.5000E+00  final t = 0.817000E+03
 AMRCLAW: level  1  CFL = .291E+00  dt = 0.5000E+00  final t = 0.817500E+03
 AMRCLAW: level  1  CFL = .290E+00  dt = 0.5000E+00  final t = 0.818000E+03
 AMRCLAW: level  1  CFL = .290E+00  dt = 0.5000E+00  final t = 0.818500E+03
 AMRCLAW: level  1  CFL = .289E+00  dt = 0.5000E+00  final t = 0.819000E+03
 AMRCLAW: level  1  CFL = .288E+00  dt = 0.5000E+00  final t = 0.819500E+03
 AMRCLAW: level  1  CFL = .288E+00  dt = 0.5000E+00  final t = 0.820000E+03
 AMRCLAW: level  1  CFL = .287E+00  dt = 0.5000E+00  final t = 0.820500E+03
 AMRCLAW: level  1  CFL = .287E+00  dt = 0.5000E+00  final t = 0.821000E+03
 AMRCLAW: level  1  CFL = .286E+00  dt = 0.5000E+00  final t = 0.821500E+03
 AMRCLAW: level  1  CFL = .286E+00  dt = 0.5000E+00  final t = 0.822000E+03
 AMRCLAW: level  1  CFL = .286E+00  dt = 0.5000E+00  final t = 0.822500E+03
 AMRCLAW: level  1  CFL = .285E+00  dt = 0.5000E+00  final t = 0.823000E+03
 AMRCLAW: level  1  CFL = .285E+00  dt = 0.5000E+00  final t = 0.823500E+03
 AMRCLAW: level  1  CFL = .285E+00  dt = 0.5000E+00  final t = 0.824000E+03
 AMRCLAW: level  1  CFL = .286E+00  dt = 0.5000E+00  final t = 0.824500E+03
 AMRCLAW: level  1  CFL = .287E+00  dt = 0.5000E+00  final t = 0.825000E+03
 AMRCLAW: level  1  CFL = .287E+00  dt = 0.5000E+00  final t = 0.825500E+03
 AMRCLAW: level  1  CFL = .286E+00  dt = 0.5000E+00  final t = 0.826000E+03
 AMRCLAW: level  1  CFL = .285E+00  dt = 0.5000E+00  final t = 0.826500E+03
 AMRCLAW: level  1  CFL = .284E+00  dt = 0.5000E+00  final t = 0.827000E+03
 AMRCLAW: level  1  CFL = .284E+00  dt = 0.5000E+00  final t = 0.827500E+03
 AMRCLAW: level  1  CFL = .284E+00  dt = 0.5000E+00  final t = 0.828000E+03
 AMRCLAW: level  1  CFL = .284E+00  dt = 0.5000E+00  final t = 0.828500E+03
 AMRCLAW: level  1  CFL = .284E+00  dt = 0.5000E+00  final t = 0.829000E+03
 AMRCLAW: level  1  CFL = .284E+00  dt = 0.5000E+00  final t = 0.829500E+03
 AMRCLAW: level  1  CFL = .284E+00  dt = 0.5000E+00  final t = 0.830000E+03
 AMRCLAW: level  1  CFL = .284E+00  dt = 0.5000E+00  final t = 0.830500E+03
 AMRCLAW: level  1  CFL = .284E+00  dt = 0.5000E+00  final t = 0.831000E+03
 AMRCLAW: level  1  CFL = .300E+00  dt = 0.5000E+00  final t = 0.831500E+03
 AMRCLAW: level  1  CFL = .285E+00  dt = 0.5000E+00  final t = 0.832000E+03
 AMRCLAW: level  1  CFL = .285E+00  dt = 0.5000E+00  final t = 0.832500E+03
 AMRCLAW: level  1  CFL = .285E+00  dt = 0.5000E+00  final t = 0.833000E+03
 AMRCLAW: level  1  CFL = .285E+00  dt = 0.5000E+00  final t = 0.833500E+03
 AMRCLAW: level  1  CFL = .286E+00  dt = 0.5000E+00  final t = 0.834000E+03
 AMRCLAW: level  1  CFL = .286E+00  dt = 0.5000E+00  final t = 0.834500E+03
 AMRCLAW: level  1  CFL = .286E+00  dt = 0.5000E+00  final t = 0.835000E+03
 AMRCLAW: level  1  CFL = .287E+00  dt = 0.5000E+00  final t = 0.835500E+03
 AMRCLAW: level  1  CFL = .287E+00  dt = 0.5000E+00  final t = 0.836000E+03
 AMRCLAW: level  1  CFL = .287E+00  dt = 0.5000E+00  final t = 0.836500E+03
 AMRCLAW: level  1  CFL = .287E+00  dt = 0.5000E+00  final t = 0.837000E+03
 AMRCLAW: level  1  CFL = .288E+00  dt = 0.5000E+00  final t = 0.837500E+03
 AMRCLAW: level  1  CFL = .288E+00  dt = 0.5000E+00  final t = 0.838000E+03
 AMRCLAW: level  1  CFL = .288E+00  dt = 0.5000E+00  final t = 0.838500E+03
 AMRCLAW: level  1  CFL = .288E+00  dt = 0.5000E+00  final t = 0.839000E+03
 AMRCLAW: level  1  CFL = .288E+00  dt = 0.5000E+00  final t = 0.839500E+03
 AMRCLAW: level  1  CFL = .288E+00  dt = 0.5000E+00  final t = 0.840000E+03
GEOCLAW: Frame   28 output files done at time t =  0.840000D+03

 AMRCLAW: level  1  CFL = .288E+00  dt = 0.5000E+00  final t = 0.840500E+03
 AMRCLAW: level  1  CFL = .288E+00  dt = 0.5000E+00  final t = 0.841000E+03
 AMRCLAW: level  1  CFL = .289E+00  dt = 0.5000E+00  final t = 0.841500E+03
 AMRCLAW: level  1  CFL = .289E+00  dt = 0.5000E+00  final t = 0.842000E+03
 AMRCLAW: level  1  CFL = .289E+00  dt = 0.5000E+00  final t = 0.842500E+03
 AMRCLAW: level  1  CFL = .291E+00  dt = 0.5000E+00  final t = 0.843000E+03
 AMRCLAW: level  1  CFL = .288E+00  dt = 0.5000E+00  final t = 0.843500E+03
 AMRCLAW: level  1  CFL = .288E+00  dt = 0.5000E+00  final t = 0.844000E+03
 AMRCLAW: level  1  CFL = .288E+00  dt = 0.5000E+00  final t = 0.844500E+03
 AMRCLAW: level  1  CFL = .288E+00  dt = 0.5000E+00  final t = 0.845000E+03
 AMRCLAW: level  1  CFL = .288E+00  dt = 0.5000E+00  final t = 0.845500E+03
 AMRCLAW: level  1  CFL = .288E+00  dt = 0.5000E+00  final t = 0.846000E+03
 AMRCLAW: level  1  CFL = .288E+00  dt = 0.5000E+00  final t = 0.846500E+03
 AMRCLAW: level  1  CFL = .288E+00  dt = 0.5000E+00  final t = 0.847000E+03
 AMRCLAW: level  1  CFL = .287E+00  dt = 0.5000E+00  final t = 0.847500E+03
 AMRCLAW: level  1  CFL = .287E+00  dt = 0.5000E+00  final t = 0.848000E+03
 AMRCLAW: level  1  CFL = .287E+00  dt = 0.5000E+00  final t = 0.848500E+03
 AMRCLAW: level  1  CFL = .286E+00  dt = 0.5000E+00  final t = 0.849000E+03
 AMRCLAW: level  1  CFL = .286E+00  dt = 0.5000E+00  final t = 0.849500E+03
 AMRCLAW: level  1  CFL = .286E+00  dt = 0.5000E+00  final t = 0.850000E+03
 AMRCLAW: level  1  CFL = .285E+00  dt = 0.5000E+00  final t = 0.850500E+03
 AMRCLAW: level  1  CFL = .285E+00  dt = 0.5000E+00  final t = 0.851000E+03
 AMRCLAW: level  1  CFL = .285E+00  dt = 0.5000E+00  final t = 0.851500E+03
 AMRCLAW: level  1  CFL = .284E+00  dt = 0.5000E+00  final t = 0.852000E+03
 AMRCLAW: level  1  CFL = .284E+00  dt = 0.5000E+00  final t = 0.852500E+03
 AMRCLAW: level  1  CFL = .283E+00  dt = 0.5000E+00  final t = 0.853000E+03
 AMRCLAW: level  1  CFL = .283E+00  dt = 0.5000E+00  final t = 0.853500E+03
 AMRCLAW: level  1  CFL = .282E+00  dt = 0.5000E+00  final t = 0.854000E+03
 AMRCLAW: level  1  CFL = .282E+00  dt = 0.5000E+00  final t = 0.854500E+03
 AMRCLAW: level  1  CFL = .281E+00  dt = 0.5000E+00  final t = 0.855000E+03
 AMRCLAW: level  1  CFL = .281E+00  dt = 0.5000E+00  final t = 0.855500E+03
 AMRCLAW: level  1  CFL = .280E+00  dt = 0.5000E+00  final t = 0.856000E+03
 AMRCLAW: level  1  CFL = .280E+00  dt = 0.5000E+00  final t = 0.856500E+03
 AMRCLAW: level  1  CFL = .279E+00  dt = 0.5000E+00  final t = 0.857000E+03
 AMRCLAW: level  1  CFL = .279E+00  dt = 0.5000E+00  final t = 0.857500E+03
 AMRCLAW: level  1  CFL = .278E+00  dt = 0.5000E+00  final t = 0.858000E+03
 AMRCLAW: level  1  CFL = .279E+00  dt = 0.5000E+00  final t = 0.858500E+03
 AMRCLAW: level  1  CFL = .280E+00  dt = 0.5000E+00  final t = 0.859000E+03
 AMRCLAW: level  1  CFL = .281E+00  dt = 0.5000E+00  final t = 0.859500E+03
 AMRCLAW: level  1  CFL = .281E+00  dt = 0.5000E+00  final t = 0.860000E+03
 AMRCLAW: level  1  CFL = .281E+00  dt = 0.5000E+00  final t = 0.860500E+03
 AMRCLAW: level  1  CFL = .281E+00  dt = 0.5000E+00  final t = 0.861000E+03
 AMRCLAW: level  1  CFL = .280E+00  dt = 0.5000E+00  final t = 0.861500E+03
 AMRCLAW: level  1  CFL = .279E+00  dt = 0.5000E+00  final t = 0.862000E+03
 AMRCLAW: level  1  CFL = .277E+00  dt = 0.5000E+00  final t = 0.862500E+03
 AMRCLAW: level  1  CFL = .275E+00  dt = 0.5000E+00  final t = 0.863000E+03
 AMRCLAW: level  1  CFL = .274E+00  dt = 0.5000E+00  final t = 0.863500E+03
 AMRCLAW: level  1  CFL = .274E+00  dt = 0.5000E+00  final t = 0.864000E+03
 AMRCLAW: level  1  CFL = .296E+00  dt = 0.5000E+00  final t = 0.864500E+03
 AMRCLAW: level  1  CFL = .279E+00  dt = 0.5000E+00  final t = 0.865000E+03
 AMRCLAW: level  1  CFL = .274E+00  dt = 0.5000E+00  final t = 0.865500E+03
 AMRCLAW: level  1  CFL = .274E+00  dt = 0.5000E+00  final t = 0.866000E+03
 AMRCLAW: level  1  CFL = .274E+00  dt = 0.5000E+00  final t = 0.866500E+03
 AMRCLAW: level  1  CFL = .274E+00  dt = 0.5000E+00  final t = 0.867000E+03
 AMRCLAW: level  1  CFL = .274E+00  dt = 0.5000E+00  final t = 0.867500E+03
 AMRCLAW: level  1  CFL = .274E+00  dt = 0.5000E+00  final t = 0.868000E+03
 AMRCLAW: level  1  CFL = .275E+00  dt = 0.5000E+00  final t = 0.868500E+03
 AMRCLAW: level  1  CFL = .275E+00  dt = 0.5000E+00  final t = 0.869000E+03
 AMRCLAW: level  1  CFL = .275E+00  dt = 0.5000E+00  final t = 0.869500E+03
 AMRCLAW: level  1  CFL = .275E+00  dt = 0.5000E+00  final t = 0.870000E+03
GEOCLAW: Frame   29 output files done at time t =  0.870000D+03

 AMRCLAW: level  1  CFL = .275E+00  dt = 0.5000E+00  final t = 0.870500E+03
 AMRCLAW: level  1  CFL = .275E+00  dt = 0.5000E+00  final t = 0.871000E+03
 AMRCLAW: level  1  CFL = .275E+00  dt = 0.5000E+00  final t = 0.871500E+03
 AMRCLAW: level  1  CFL = .275E+00  dt = 0.5000E+00  final t = 0.872000E+03
 AMRCLAW: level  1  CFL = .275E+00  dt = 0.5000E+00  final t = 0.872500E+03
 AMRCLAW: level  1  CFL = .275E+00  dt = 0.5000E+00  final t = 0.873000E+03
 AMRCLAW: level  1  CFL = .275E+00  dt = 0.5000E+00  final t = 0.873500E+03
 AMRCLAW: level  1  CFL = .275E+00  dt = 0.5000E+00  final t = 0.874000E+03
 AMRCLAW: level  1  CFL = .275E+00  dt = 0.5000E+00  final t = 0.874500E+03
 AMRCLAW: level  1  CFL = .275E+00  dt = 0.5000E+00  final t = 0.875000E+03
 AMRCLAW: level  1  CFL = .275E+00  dt = 0.5000E+00  final t = 0.875500E+03
 AMRCLAW: level  1  CFL = .276E+00  dt = 0.5000E+00  final t = 0.876000E+03
 AMRCLAW: level  1  CFL = .295E+00  dt = 0.5000E+00  final t = 0.876500E+03
 AMRCLAW: level  1  CFL = .276E+00  dt = 0.5000E+00  final t = 0.877000E+03
 AMRCLAW: level  1  CFL = .276E+00  dt = 0.5000E+00  final t = 0.877500E+03
 AMRCLAW: level  1  CFL = .278E+00  dt = 0.5000E+00  final t = 0.878000E+03
 AMRCLAW: level  1  CFL = .285E+00  dt = 0.5000E+00  final t = 0.878500E+03
 AMRCLAW: level  1  CFL = .291E+00  dt = 0.5000E+00  final t = 0.879000E+03
 AMRCLAW: level  1  CFL = .297E+00  dt = 0.5000E+00  final t = 0.879500E+03
 AMRCLAW: level  1  CFL = .303E+00  dt = 0.5000E+00  final t = 0.880000E+03
 AMRCLAW: level  1  CFL = .276E+00  dt = 0.5000E+00  final t = 0.880500E+03
 AMRCLAW: level  1  CFL = .276E+00  dt = 0.5000E+00  final t = 0.881000E+03
 AMRCLAW: level  1  CFL = .276E+00  dt = 0.5000E+00  final t = 0.881500E+03
 AMRCLAW: level  1  CFL = .276E+00  dt = 0.5000E+00  final t = 0.882000E+03
 AMRCLAW: level  1  CFL = .276E+00  dt = 0.5000E+00  final t = 0.882500E+03
 AMRCLAW: level  1  CFL = .276E+00  dt = 0.5000E+00  final t = 0.883000E+03
 AMRCLAW: level  1  CFL = .276E+00  dt = 0.5000E+00  final t = 0.883500E+03
 AMRCLAW: level  1  CFL = .276E+00  dt = 0.5000E+00  final t = 0.884000E+03
 AMRCLAW: level  1  CFL = .276E+00  dt = 0.5000E+00  final t = 0.884500E+03
 AMRCLAW: level  1  CFL = .276E+00  dt = 0.5000E+00  final t = 0.885000E+03
 AMRCLAW: level  1  CFL = .276E+00  dt = 0.5000E+00  final t = 0.885500E+03
 AMRCLAW: level  1  CFL = .277E+00  dt = 0.5000E+00  final t = 0.886000E+03
 AMRCLAW: level  1  CFL = .277E+00  dt = 0.5000E+00  final t = 0.886500E+03
 AMRCLAW: level  1  CFL = .277E+00  dt = 0.5000E+00  final t = 0.887000E+03
 AMRCLAW: level  1  CFL = .277E+00  dt = 0.5000E+00  final t = 0.887500E+03
 AMRCLAW: level  1  CFL = .277E+00  dt = 0.5000E+00  final t = 0.888000E+03
 AMRCLAW: level  1  CFL = .284E+00  dt = 0.5000E+00  final t = 0.888500E+03
 AMRCLAW: level  1  CFL = .287E+00  dt = 0.5000E+00  final t = 0.889000E+03
 AMRCLAW: level  1  CFL = .277E+00  dt = 0.5000E+00  final t = 0.889500E+03
 AMRCLAW: level  1  CFL = .277E+00  dt = 0.5000E+00  final t = 0.890000E+03
 AMRCLAW: level  1  CFL = .277E+00  dt = 0.5000E+00  final t = 0.890500E+03
 AMRCLAW: level  1  CFL = .277E+00  dt = 0.5000E+00  final t = 0.891000E+03
 AMRCLAW: level  1  CFL = .277E+00  dt = 0.5000E+00  final t = 0.891500E+03
 AMRCLAW: level  1  CFL = .277E+00  dt = 0.5000E+00  final t = 0.892000E+03
 AMRCLAW: level  1  CFL = .277E+00  dt = 0.5000E+00  final t = 0.892500E+03
 AMRCLAW: level  1  CFL = .277E+00  dt = 0.5000E+00  final t = 0.893000E+03
 AMRCLAW: level  1  CFL = .277E+00  dt = 0.5000E+00  final t = 0.893500E+03
 AMRCLAW: level  1  CFL = .277E+00  dt = 0.5000E+00  final t = 0.894000E+03
 AMRCLAW: level  1  CFL = .277E+00  dt = 0.5000E+00  final t = 0.894500E+03
 AMRCLAW: level  1  CFL = .277E+00  dt = 0.5000E+00  final t = 0.895000E+03
 AMRCLAW: level  1  CFL = .277E+00  dt = 0.5000E+00  final t = 0.895500E+03
 AMRCLAW: level  1  CFL = .277E+00  dt = 0.5000E+00  final t = 0.896000E+03
 AMRCLAW: level  1  CFL = .277E+00  dt = 0.5000E+00  final t = 0.896500E+03
 AMRCLAW: level  1  CFL = .277E+00  dt = 0.5000E+00  final t = 0.897000E+03
 AMRCLAW: level  1  CFL = .277E+00  dt = 0.5000E+00  final t = 0.897500E+03
 AMRCLAW: level  1  CFL = .277E+00  dt = 0.5000E+00  final t = 0.898000E+03
 AMRCLAW: level  1  CFL = .277E+00  dt = 0.5000E+00  final t = 0.898500E+03
 AMRCLAW: level  1  CFL = .277E+00  dt = 0.5000E+00  final t = 0.899000E+03
 AMRCLAW: level  1  CFL = .277E+00  dt = 0.5000E+00  final t = 0.899500E+03
 AMRCLAW: level  1  CFL = .277E+00  dt = 0.5000E+00  final t = 0.900000E+03
GEOCLAW: Frame   30 output files done at time t =  0.900000D+03

 Done integrating to time    900.00000000000000     
 Writing to file fgmax0001.txt                 
See fort.amr for more info on this run and memory usage

============================== Timing Data ==============================

Integration Time (stepgrid + BC + overhead)
Level           Wall Time (seconds)    CPU Time (seconds)   Total Cell Updates
  1                    77.231                274.052            0.836E+08
total                  77.231                274.052            0.836E+08

All levels:
stepgrid               76.992                273.432    
BC/ghost cells          0.231                  0.596
Regridding              0.000                  0.000  
Output (valout)         8.854                 11.914  

Total time:            86.549                286.987  
Using 12 thread(s)

Note: The CPU times are summed over all threads.
      Total time includes more than the subroutines listed above
Note: timings are also recorded for each output step
      in the file timing.csv.

=========================================================================

 maximum Courant number seen =    0.45368
