case,time_s,depth_threshold_m,max_chainage_128m,max_chainage_256m,max_chainage_512m,max_chainage_1000m,max_chainage_unrestricted,max_lateral_distance_m,max_euclidean_distance_from_S0_m
C1,30,0.001,373.69523767201326,373.69523767201326,373.69523767201326,373.69523767201326,373.69523767201326,209.9243304913095,395.04067659463095
C1,30,0.01,373.69523767201326,373.69523767201326,373.69523767201326,373.69523767201326,373.69523767201326,209.9243304913095,395.04067659463095
C1,30,0.05,188.83551444468895,323.0703600064646,323.0703600064646,323.0703600064646,323.0703600064646,209.9243304913095,371.976786342594
C1,30,0.1,188.83551444468895,323.0703600064646,323.0703600064646,323.0703600064646,323.0703600064646,209.9243304913095,371.976786342594
C1,60,0.001,646.2376529771553,646.2376529771553,646.2376529771553,646.2376529771553,646.2376529771553,256.6147115562749,645.2789008975232
C1,60,0.01,602.5692849541147,602.5692849541147,602.5692849541147,602.5692849541147,602.5692849541147,256.6147115562749,604.9185510107419
C1,60,0.05,602.5692849541147,602.5692849541147,602.5692849541147,602.5692849541147,602.5692849541147,256.6147115562749,604.9185510107419
C1,60,0.1,558.900916931074,558.900916931074,558.900916931074,558.900916931074,558.900916931074,256.6147115562749,568.911281985474
C1,90,0.001,875.1598858206247,921.8502668855901,921.8502668855901,921.8502668855901,921.8502668855901,256.6147115562749,926.1036343697401
C1,90,0.01,875.1598858206247,875.1598858206247,875.1598858206247,875.1598858206247,875.1598858206247,256.6147115562749,875.3568043982187
C1,90,0.05,875.1598858206247,875.1598858206247,875.1598858206247,875.1598858206247,875.1598858206247,256.6147115562749,875.3568043982187
C1,90,0.1,875.1598858206247,875.1598858206247,875.1598858206247,875.1598858206247,875.1598858206247,256.6147115562749,875.3568043982187
C1,120,0.001,1050.6902256499422,1050.6902256499422,1050.6902256499422,1050.6902256499422,1050.6902256499422,256.6147115562749,1051.2626159728686
C1,120,0.01,1050.6902256499422,1050.6902256499422,1050.6902256499422,1050.6902256499422,1050.6902256499422,256.6147115562749,1051.2626159728686
C1,120,0.05,1050.6902256499422,1050.6902256499422,1050.6902256499422,1050.6902256499422,1050.6902256499422,256.6147115562749,1051.2626159728686
C1,120,0.1,1000.7146218455883,1000.7146218455883,1000.7146218455883,1000.7146218455883,1000.7146218455883,212.13203435596427,1007.2070487370971
C1,150,0.001,1110.6609502151668,1110.6609502151668,1110.6609502151668,1110.6609502151668,1110.6609502151668,256.6147115562749,1104.3933984719354
C1,150,0.01,1110.6609502151668,1110.6609502151668,1110.6609502151668,1110.6609502151668,1110.6609502151668,212.13203435596427,1104.3933984719354
C1,150,0.05,1110.6609502151668,1110.6609502151668,1110.6609502151668,1110.6609502151668,1110.6609502151668,212.13203435596427,1104.3933984719354
C1,150,0.1,1100.6658294542963,1100.6658294542963,1100.6658294542963,1100.6658294542963,1100.6658294542963,212.13203435596427,1097.2839816832036
C1,180,0.001,1110.6609502151668,1180.563896594787,1232.1738163295522,1232.1738163295522,1232.1738163295522,286.73502682748074,1227.527400163063
C1,180,0.01,1110.6609502151668,1180.563896594787,1180.563896594787,1180.563896594787,1180.563896594787,246.7545437839976,1172.6791843614615
C1,180,0.05,1110.6609502151668,1180.563896594787,1180.563896594787,1180.563896594787,1180.563896594787,246.7545437839976,1172.6791843614615
C1,180,0.1,1110.6609502151668,1180.563896594787,1180.563896594787,1180.563896594787,1180.563896594787,246.7545437839976,1172.6791843614615
C1,210,0.001,1110.6609502151668,1180.563896594787,1370.698065727749,1370.698065727749,1370.698065727749,415.1372918665172,1396.7521842833703
C1,210,0.01,1110.6609502151668,1180.563896594787,1335.3936557990826,1335.3936557990826,1335.3936557990826,415.1372918665172,1339.6617541692904
C1,210,0.05,1110.6609502151668,1180.563896594787,1335.3936557990826,1335.3936557990826,1335.3936557990826,376.6911136753178,1339.6617541692904
C1,210,0.1,1110.6609502151668,1180.563896594787,1283.7837360643173,1283.7837360643173,1283.7837360643173,376.6911136753178,1283.223506201283
C1,240,0.001,1110.6609502151668,1180.563896594787,1460.654152575586,1460.654152575586,1460.654152575586,415.1372918665172,1482.7535599698865
C1,240,0.01,1110.6609502151668,1180.563896594787,1410.6785487712323,1410.6785487712323,1410.6785487712323,415.1372918665172,1426.2338766439907
C1,240,0.05,1110.6609502151668,1180.563896594787,1410.6785487712323,1410.6785487712323,1410.6785487712323,415.1372918665172,1426.2338766439907
C1,240,0.1,1110.6609502151668,1180.563896594787,1410.6785487712323,1410.6785487712323,1410.6785487712323,415.1372918665172,1426.2338766439907
C1,270,0.001,1110.6609502151668,1180.563896594787,1460.654152575586,1460.654152575586,1460.654152575586,415.1372918665172,1482.7535599698865
C1,270,0.01,1110.6609502151668,1180.563896594787,1460.654152575586,1460.654152575586,1460.654152575586,415.1372918665172,1482.7535599698865
C1,270,0.05,1110.6609502151668,1180.563896594787,1460.654152575586,1460.654152575586,1460.654152575586,415.1372918665172,1482.7535599698865
C1,270,0.1,1110.6609502151668,1180.563896594787,1460.654152575586,1460.654152575586,1460.654152575586,415.1372918665172,1482.7535599698865
C1,300,0.001,1110.6609502151668,1180.563896594787,1540.9274661863296,1540.9274661863296,1540.9274661863296,415.1372918665172,1569.2621116009836
C1,300,0.01,1110.6609502151668,1180.563896594787,1500.6346356190693,1500.6346356190693,1500.6346356190693,415.1372918665172,1513.2668390571282
C1,300,0.05,1110.6609502151668,1180.563896594787,1500.6346356190693,1500.6346356190693,1500.6346356190693,415.1372918665172,1513.2668390571282
C1,300,0.1,117.55037354150878,142.14513337972352,142.14513337972352,142.14513337972352,142.14513337972352,180.37990011567342,229.52956012625492
C1,330,0.001,1110.6609502151668,1180.563896594787,1540.9274661863296,1540.9274661863296,1540.9274661863296,415.1372918665172,1569.2621116009836
C1,330,0.01,1110.6609502151668,1180.563896594787,1540.9274661863296,1540.9274661863296,1540.9274661863296,415.1372918665172,1569.2621116009836
C1,330,0.05,1110.6609502151668,1180.563896594787,1540.9274661863296,1540.9274661863296,1540.9274661863296,415.1372918665172,1569.2621116009836
C1,330,0.1,117.55037354150878,142.14513337972352,142.14513337972352,142.14513337972352,142.14513337972352,180.37990011567342,229.52956012625492
C1,360,0.001,1110.6609502151668,1180.563896594787,1540.9274661863296,1540.9274661863296,1540.9274661863296,415.1372918665172,1569.2621116009836
C1,360,0.01,1110.6609502151668,1180.563896594787,1540.9274661863296,1540.9274661863296,1540.9274661863296,415.1372918665172,1569.2621116009836
C1,360,0.05,1110.6609502151668,1180.563896594787,1540.9274661863296,1540.9274661863296,1540.9274661863296,415.1372918665172,1569.2621116009836
C1,360,0.1,117.55037354150878,142.14513337972352,142.14513337972352,142.14513337972352,142.14513337972352,180.37990011567342,229.52956012625492
C1,390,0.001,1110.6609502151668,1180.563896594787,1540.9274661863296,1540.9274661863296,1540.9274661863296,415.1372918665172,1569.2621116009836
C1,390,0.01,1110.6609502151668,1180.563896594787,1540.9274661863296,1540.9274661863296,1540.9274661863296,415.1372918665172,1569.2621116009836
C1,390,0.05,1110.6609502151668,1180.563896594787,1540.9274661863296,1540.9274661863296,1540.9274661863296,415.1372918665172,1569.2621116009836
C1,390,0.1,117.55037354150878,142.14513337972352,142.14513337972352,142.14513337972352,142.14513337972352,180.37990011567342,229.52956012625492
C1,420,0.001,1110.6609502151668,1180.563896594787,1540.9274661863296,1540.9274661863296,1540.9274661863296,415.1372918665172,1569.2621116009836
C1,420,0.01,1110.6609502151668,1180.563896594787,1540.9274661863296,1540.9274661863296,1540.9274661863296,415.1372918665172,1569.2621116009836
C1,420,0.05,1110.6609502151668,1180.563896594787,1540.9274661863296,1540.9274661863296,1540.9274661863296,415.1372918665172,1569.2621116009836
C1,420,0.1,117.55037354150878,232.60774669309407,232.60774669309407,232.60774669309407,232.60774669309407,180.37990011567342,295.5220368682477
C1,450,0.001,1110.6609502151668,1180.563896594787,1540.9274661863296,1540.9274661863296,1540.9274661863296,428.8531501461122,1569.2621116009836
C1,450,0.01,1110.6609502151668,1180.563896594787,1540.9274661863296,1540.9274661863296,1540.9274661863296,428.8531501461122,1569.2621116009836
C1,450,0.05,1110.6609502151668,1180.563896594787,1540.9274661863296,1540.9274661863296,1540.9274661863296,428.8531501461122,1569.2621116009836
C1,450,0.1,117.55037354150878,232.60774669309407,232.60774669309407,232.60774669309407,232.60774669309407,180.37990011567342,295.5220368682477
C1,480,0.001,1110.6609502151668,1180.563896594787,1540.9274661863296,1540.9274661863296,1540.9274661863296,428.8531501461122,1569.2621116009836
C1,480,0.01,1110.6609502151668,1180.563896594787,1540.9274661863296,1540.9274661863296,1540.9274661863296,428.8531501461122,1569.2621116009836
C1,480,0.05,1110.6609502151668,1180.563896594787,1540.9274661863296,1540.9274661863296,1540.9274661863296,428.8531501461122,1569.2621116009836
C1,480,0.1,117.55037354150878,232.60774669309407,232.60774669309407,232.60774669309407,232.60774669309407,180.37990011567342,295.5220368682477
C1,510,0.001,1110.6609502151668,1180.563896594787,1540.9274661863296,1540.9274661863296,1540.9274661863296,428.8531501461122,1569.2621116009836
C1,510,0.01,1110.6609502151668,1180.563896594787,1540.9274661863296,1540.9274661863296,1540.9274661863296,428.8531501461122,1569.2621116009836
C1,510,0.05,1110.6609502151668,1180.563896594787,1540.9274661863296,1540.9274661863296,1540.9274661863296,428.8531501461122,1569.2621116009836
C1,510,0.1,117.55037354150878,232.60774669309407,232.60774669309407,232.60774669309407,232.60774669309407,180.37990011567342,295.5220368682477
C1,540,0.001,1110.6609502151668,1180.563896594787,1540.9274661863296,1540.9274661863296,1540.9274661863296,428.8531501461122,1569.2621116009836
C1,540,0.01,1110.6609502151668,1180.563896594787,1540.9274661863296,1540.9274661863296,1540.9274661863296,428.8531501461122,1569.2621116009836
C1,540,0.05,1110.6609502151668,1180.563896594787,1540.9274661863296,1540.9274661863296,1540.9274661863296,428.8531501461122,1569.2621116009836
C1,540,0.1,117.55037354150878,232.60774669309407,232.60774669309407,232.60774669309407,232.60774669309407,180.37990011567342,295.5220368682477
C1,570,0.001,1110.6609502151668,1180.563896594787,1540.9274661863296,1540.9274661863296,1540.9274661863296,428.8531501461122,1569.2621116009836
C1,570,0.01,1110.6609502151668,1180.563896594787,1540.9274661863296,1540.9274661863296,1540.9274661863296,428.8531501461122,1569.2621116009836
C1,570,0.05,649.3568221216583,649.3568221216583,649.3568221216583,649.3568221216583,649.3568221216583,180.37990011567342,657.2955971808738
C1,570,0.1,117.55037354150878,232.60774669309407,232.60774669309407,232.60774669309407,232.60774669309407,180.37990011567342,295.5220368682477
C1,600,0.001,1110.6609502151668,1180.563896594787,1540.9274661863296,1540.9274661863296,1540.9274661863296,428.8531501461122,1569.2621116009836
C1,600,0.01,1110.6609502151668,1180.563896594787,1540.9274661863296,1540.9274661863296,1540.9274661863296,428.8531501461122,1569.2621116009836
C1,600,0.05,649.3568221216583,649.3568221216583,649.3568221216583,649.3568221216583,649.3568221216583,180.37990011567342,657.2955971808738
C1,600,0.1,117.55037354150878,232.60774669309407,232.60774669309407,232.60774669309407,232.60774669309407,180.37990011567342,295.5220368682477
C1,630,0.001,1110.6609502151668,1180.563896594787,1540.9274661863296,1540.9274661863296,1540.9274661863296,428.8531501461122,1569.2621116009836
C1,630,0.01,1110.6609502151668,1180.563896594787,1540.9274661863296,1540.9274661863296,1540.9274661863296,428.8531501461122,1569.2621116009836
C1,630,0.05,1110.6609502151668,1180.563896594787,1540.9274661863296,1540.9274661863296,1540.9274661863296,428.8531501461122,1569.2621116009836
C1,630,0.1,117.55037354150878,232.60774669309407,232.60774669309407,232.60774669309407,232.60774669309407,180.37990011567342,295.5220368682477
C1,660,0.001,1110.6609502151668,1180.563896594787,1540.9274661863296,1540.9274661863296,1540.9274661863296,428.8531501461122,1569.2621116009836
C1,660,0.01,1110.6609502151668,1180.563896594787,1540.9274661863296,1540.9274661863296,1540.9274661863296,428.8531501461122,1569.2621116009836
C1,660,0.05,1110.6609502151668,1180.563896594787,1540.9274661863296,1540.9274661863296,1540.9274661863296,428.8531501461122,1569.2621116009836
C1,660,0.1,117.55037354150878,232.60774669309407,232.60774669309407,232.60774669309407,232.60774669309407,180.37990011567342,295.5220368682477
C1,690,0.001,1110.6609502151668,1180.563896594787,1540.9274661863296,1540.9274661863296,1540.9274661863296,428.8531501461122,1569.2621116009836
C1,690,0.01,1110.6609502151668,1180.563896594787,1540.9274661863296,1540.9274661863296,1540.9274661863296,428.8531501461122,1569.2621116009836
C1,690,0.05,602.5692849541147,602.5692849541147,602.5692849541147,602.5692849541147,602.5692849541147,180.37990011567342,604.9185510107419
C1,690,0.1,117.55037354150878,232.60774669309407,232.60774669309407,232.60774669309407,232.60774669309407,180.37990011567342,295.5220368682477
C1,720,0.001,1110.6609502151668,1180.563896594787,1540.9274661863296,1540.9274661863296,1540.9274661863296,428.8531501461122,1569.2621116009836
C1,720,0.01,1110.6609502151668,1180.563896594787,1540.9274661863296,1540.9274661863296,1540.9274661863296,428.8531501461122,1569.2621116009836
C1,720,0.05,602.5692849541147,602.5692849541147,602.5692849541147,602.5692849541147,602.5692849541147,180.37990011567342,604.9185510107419
C1,720,0.1,117.55037354150878,232.60774669309407,232.60774669309407,232.60774669309407,232.60774669309407,180.37990011567342,295.5220368682477
C1,750,0.001,1110.6609502151668,1180.563896594787,1540.9274661863296,1540.9274661863296,1540.9274661863296,428.8531501461122,1569.2621116009836
C1,750,0.01,1110.6609502151668,1180.563896594787,1540.9274661863296,1540.9274661863296,1540.9274661863296,428.8531501461122,1569.2621116009836
C1,750,0.05,602.5692849541147,602.5692849541147,602.5692849541147,602.5692849541147,602.5692849541147,180.37990011567342,604.9185510107419
C1,750,0.1,117.55037354150878,232.60774669309407,232.60774669309407,232.60774669309407,232.60774669309407,180.37990011567342,295.5220368682477
C1,780,0.001,1110.6609502151668,1180.563896594787,1540.9274661863296,1540.9274661863296,1540.9274661863296,428.8531501461122,1569.2621116009836
C1,780,0.01,602.5692849541147,602.5692849541147,602.5692849541147,602.5692849541147,602.5692849541147,209.9243304913095,604.9185510107419
C1,780,0.05,117.55037354150878,418.95007166795233,418.95007166795233,418.95007166795233,418.95007166795233,180.37990011567342,453.63441765453564
C1,780,0.1,117.55037354150878,232.60774669309407,232.60774669309407,232.60774669309407,232.60774669309407,180.37990011567342,295.5220368682477
C1,810,0.001,1110.6609502151668,1180.563896594787,1540.9274661863296,1540.9274661863296,1540.9274661863296,428.8531501461122,1569.2621116009836
C1,810,0.01,602.5692849541147,602.5692849541147,602.5692849541147,602.5692849541147,602.5692849541147,209.9243304913095,604.9185510107419
C1,810,0.05,117.55037354150878,418.95007166795233,418.95007166795233,418.95007166795233,418.95007166795233,180.37990011567342,453.63441765453564
C1,810,0.1,117.55037354150878,232.60774669309407,232.60774669309407,232.60774669309407,232.60774669309407,180.37990011567342,295.5220368682477
C1,840,0.001,1110.6609502151668,1180.563896594787,1540.9274661863296,1540.9274661863296,1540.9274661863296,428.8531501461122,1569.2621116009836
C1,840,0.01,602.5692849541147,602.5692849541147,602.5692849541147,602.5692849541147,602.5692849541147,209.9243304913095,604.9185510107419
C1,840,0.05,117.55037354150878,418.95007166795233,418.95007166795233,418.95007166795233,418.95007166795233,180.37990011567342,453.63441765453564
C1,840,0.1,117.55037354150878,232.60774669309407,232.60774669309407,232.60774669309407,232.60774669309407,180.37990011567342,295.5220368682477
C1,870,0.001,1110.6609502151668,1180.563896594787,1540.9274661863296,1540.9274661863296,1540.9274661863296,428.8531501461122,1569.2621116009836
C1,870,0.01,602.5692849541147,602.5692849541147,602.5692849541147,602.5692849541147,602.5692849541147,209.9243304913095,604.9185510107419
C1,870,0.05,117.55037354150878,418.95007166795233,418.95007166795233,418.95007166795233,418.95007166795233,180.37990011567342,453.63441765453564
C1,870,0.1,117.55037354150878,232.60774669309407,232.60774669309407,232.60774669309407,232.60774669309407,180.37990011567342,295.5220368682477
C1,900,0.001,1110.6609502151668,1180.563896594787,1540.9274661863296,1540.9274661863296,1540.9274661863296,428.8531501461122,1569.2621116009836
C1,900,0.01,602.5692849541147,602.5692849541147,602.5692849541147,602.5692849541147,602.5692849541147,209.9243304913095,604.9185510107419
C1,900,0.05,117.55037354150878,418.95007166795233,418.95007166795233,418.95007166795233,418.95007166795233,180.37990011567342,453.63441765453564
C1,900,0.1,117.55037354150878,232.60774669309407,232.60774669309407,232.60774669309407,232.60774669309407,180.37990011567342,295.5220368682477
C2,30,0.001,145.06328219628386,145.06328219628386,145.06328219628386,145.06328219628386,145.06328219628386,117.10969189430023,169.82101413519516
C2,30,0.01,145.06328219628386,145.06328219628386,145.06328219628386,145.06328219628386,145.06328219628386,117.10969189430023,169.82101413519516
C2,30,0.05,145.06328219628386,145.06328219628386,145.06328219628386,145.06328219628386,145.06328219628386,117.10969189430023,169.82101413519516
C2,30,0.1,145.06328219628386,145.06328219628386,145.06328219628386,145.06328219628386,145.06328219628386,117.10969189430023,169.82101413519516
C2,60,0.001,145.06328219628386,145.06328219628386,145.06328219628386,145.06328219628386,145.06328219628386,129.16595685286225,169.82101413519516
C2,60,0.01,145.06328219628386,145.06328219628386,145.06328219628386,145.06328219628386,145.06328219628386,129.16595685286225,169.82101413519516
C2,60,0.05,145.06328219628386,145.06328219628386,145.06328219628386,145.06328219628386,145.06328219628386,129.16595685286225,169.82101413519516
C2,60,0.1,145.06328219628386,145.06328219628386,145.06328219628386,145.06328219628386,145.06328219628386,129.16595685286225,169.82101413519516
C2,90,0.001,145.06328219628386,145.06328219628386,145.06328219628386,145.06328219628386,145.06328219628386,167.98937528112776,185.52186843805288
C2,90,0.01,145.06328219628386,145.06328219628386,145.06328219628386,145.06328219628386,145.06328219628386,167.98937528112776,185.52186843805288
C2,90,0.05,145.06328219628386,145.06328219628386,145.06328219628386,145.06328219628386,145.06328219628386,129.16595685286225,169.82101413519516
C2,90,0.1,145.06328219628386,145.06328219628386,145.06328219628386,145.06328219628386,145.06328219628386,129.16595685286225,169.82101413519516
C2,120,0.001,145.06328219628386,145.06328219628386,145.06328219628386,145.06328219628386,145.06328219628386,167.98937528112776,185.52186843805288
C2,120,0.01,145.06328219628386,145.06328219628386,145.06328219628386,145.06328219628386,145.06328219628386,167.98937528112776,185.52186843805288
C2,120,0.05,145.06328219628386,145.06328219628386,145.06328219628386,145.06328219628386,145.06328219628386,167.98937528112776,185.52186843805288
C2,120,0.1,145.06328219628386,145.06328219628386,145.06328219628386,145.06328219628386,145.06328219628386,167.98937528112776,185.52186843805288
C2,150,0.001,188.83551444468895,232.60774669309407,232.60774669309407,232.60774669309407,232.60774669309407,207.00618167474914,295.5220368682477
C2,150,0.01,188.83551444468895,232.60774669309407,232.60774669309407,232.60774669309407,232.60774669309407,207.00618167474914,295.5220368682477
C2,150,0.05,188.83551444468895,232.60774669309407,232.60774669309407,232.60774669309407,232.60774669309407,207.00618167474914,295.5220368682477
C2,150,0.1,188.83551444468895,232.60774669309407,232.60774669309407,232.60774669309407,232.60774669309407,207.00618167474914,295.5220368682477
C2,180,0.001,188.83551444468895,232.60774669309407,232.60774669309407,232.60774669309407,232.60774669309407,207.00618167474914,295.5220368682477
C2,180,0.01,188.83551444468895,232.60774669309407,232.60774669309407,232.60774669309407,232.60774669309407,207.00618167474914,295.5220368682477
C2,180,0.05,188.83551444468895,232.60774669309407,232.60774669309407,232.60774669309407,232.60774669309407,207.00618167474914,295.5220368682477
C2,180,0.1,188.83551444468895,232.60774669309407,232.60774669309407,232.60774669309407,232.60774669309407,207.00618167474914,295.5220368682477
C2,210,0.001,188.83551444468895,232.60774669309407,232.60774669309407,232.60774669309407,232.60774669309407,207.00618167474914,295.5220368682477
C2,210,0.01,188.83551444468895,232.60774669309407,232.60774669309407,232.60774669309407,232.60774669309407,207.00618167474914,295.5220368682477
C2,210,0.05,188.83551444468895,232.60774669309407,232.60774669309407,232.60774669309407,232.60774669309407,207.00618167474914,295.5220368682477
C2,210,0.1,188.83551444468895,232.60774669309407,232.60774669309407,232.60774669309407,232.60774669309407,207.00618167474914,295.5220368682477
C2,240,0.001,188.83551444468895,232.60774669309407,232.60774669309407,232.60774669309407,232.60774669309407,207.00618167474914,295.5220368682477
C2,240,0.01,188.83551444468895,232.60774669309407,232.60774669309407,232.60774669309407,232.60774669309407,207.00618167474914,295.5220368682477
C2,240,0.05,188.83551444468895,232.60774669309407,232.60774669309407,232.60774669309407,232.60774669309407,207.00618167474914,295.5220368682477
C2,240,0.1,188.83551444468895,232.60774669309407,232.60774669309407,232.60774669309407,232.60774669309407,207.00618167474914,295.5220368682477
C2,270,0.001,188.83551444468895,232.60774669309407,232.60774669309407,232.60774669309407,232.60774669309407,207.00618167474914,295.5220368682477
C2,270,0.01,188.83551444468895,232.60774669309407,232.60774669309407,232.60774669309407,232.60774669309407,207.00618167474914,295.5220368682477
C2,270,0.05,188.83551444468895,232.60774669309407,232.60774669309407,232.60774669309407,232.60774669309407,207.00618167474914,295.5220368682477
C2,270,0.1,188.83551444468895,232.60774669309407,232.60774669309407,232.60774669309407,232.60774669309407,207.00618167474914,295.5220368682477
C2,300,0.001,188.83551444468895,232.60774669309407,232.60774669309407,232.60774669309407,232.60774669309407,207.00618167474914,295.5220368682477
C2,300,0.01,188.83551444468895,232.60774669309407,232.60774669309407,232.60774669309407,232.60774669309407,207.00618167474914,295.5220368682477
C2,300,0.05,188.83551444468895,232.60774669309407,232.60774669309407,232.60774669309407,232.60774669309407,207.00618167474914,295.5220368682477
C2,300,0.1,188.83551444468895,232.60774669309407,232.60774669309407,232.60774669309407,232.60774669309407,207.00618167474914,295.5220368682477
C2,330,0.001,188.83551444468895,232.60774669309407,232.60774669309407,232.60774669309407,232.60774669309407,207.00618167474914,295.5220368682477
C2,330,0.01,188.83551444468895,232.60774669309407,232.60774669309407,232.60774669309407,232.60774669309407,207.00618167474914,295.5220368682477
C2,330,0.05,188.83551444468895,232.60774669309407,232.60774669309407,232.60774669309407,232.60774669309407,207.00618167474914,295.5220368682477
C2,330,0.1,188.83551444468895,232.60774669309407,232.60774669309407,232.60774669309407,232.60774669309407,207.00618167474914,295.5220368682477
C2,360,0.001,188.83551444468895,232.60774669309407,232.60774669309407,232.60774669309407,232.60774669309407,207.00618167474914,295.5220368682477
C2,360,0.01,188.83551444468895,232.60774669309407,232.60774669309407,232.60774669309407,232.60774669309407,207.00618167474914,295.5220368682477
C2,360,0.05,188.83551444468895,232.60774669309407,232.60774669309407,232.60774669309407,232.60774669309407,207.00618167474914,295.5220368682477
C2,360,0.1,188.83551444468895,232.60774669309407,232.60774669309407,232.60774669309407,232.60774669309407,207.00618167474914,295.5220368682477
C2,390,0.001,188.83551444468895,232.60774669309407,232.60774669309407,232.60774669309407,232.60774669309407,207.00618167474914,295.5220368682477
C2,390,0.01,188.83551444468895,232.60774669309407,232.60774669309407,232.60774669309407,232.60774669309407,207.00618167474914,295.5220368682477
C2,390,0.05,188.83551444468895,232.60774669309407,232.60774669309407,232.60774669309407,232.60774669309407,207.00618167474914,295.5220368682477
C2,390,0.1,188.83551444468895,232.60774669309407,232.60774669309407,232.60774669309407,232.60774669309407,207.00618167474914,295.5220368682477
C2,420,0.001,188.83551444468895,232.60774669309407,232.60774669309407,232.60774669309407,232.60774669309407,207.00618167474914,295.5220368682477
C2,420,0.01,188.83551444468895,232.60774669309407,232.60774669309407,232.60774669309407,232.60774669309407,207.00618167474914,295.5220368682477
C2,420,0.05,188.83551444468895,232.60774669309407,232.60774669309407,232.60774669309407,232.60774669309407,207.00618167474914,295.5220368682477
C2,420,0.1,188.83551444468895,232.60774669309407,232.60774669309407,232.60774669309407,232.60774669309407,207.00618167474914,295.5220368682477
C2,450,0.001,188.83551444468895,232.60774669309407,232.60774669309407,232.60774669309407,232.60774669309407,207.00618167474914,295.5220368682477
C2,450,0.01,188.83551444468895,232.60774669309407,232.60774669309407,232.60774669309407,232.60774669309407,207.00618167474914,295.5220368682477
C2,450,0.05,188.83551444468895,232.60774669309407,232.60774669309407,232.60774669309407,232.60774669309407,207.00618167474914,295.5220368682477
C2,450,0.1,188.83551444468895,232.60774669309407,232.60774669309407,232.60774669309407,232.60774669309407,207.00618167474914,295.5220368682477
C2,480,0.001,188.83551444468895,232.60774669309407,232.60774669309407,232.60774669309407,232.60774669309407,207.00618167474914,295.5220368682477
C2,480,0.01,188.83551444468895,232.60774669309407,232.60774669309407,232.60774669309407,232.60774669309407,207.00618167474914,295.5220368682477
C2,480,0.05,188.83551444468895,232.60774669309407,232.60774669309407,232.60774669309407,232.60774669309407,207.00618167474914,295.5220368682477
C2,480,0.1,188.83551444468895,232.60774669309407,232.60774669309407,232.60774669309407,232.60774669309407,207.00618167474914,295.5220368682477
C2,510,0.001,188.83551444468895,232.60774669309407,232.60774669309407,232.60774669309407,232.60774669309407,207.00618167474914,295.5220368682477
C2,510,0.01,188.83551444468895,232.60774669309407,232.60774669309407,232.60774669309407,232.60774669309407,207.00618167474914,295.5220368682477
C2,510,0.05,188.83551444468895,232.60774669309407,232.60774669309407,232.60774669309407,232.60774669309407,207.00618167474914,295.5220368682477
C2,510,0.1,188.83551444468895,232.60774669309407,232.60774669309407,232.60774669309407,232.60774669309407,207.00618167474914,295.5220368682477
C2,540,0.001,188.83551444468895,232.60774669309407,232.60774669309407,232.60774669309407,232.60774669309407,207.00618167474914,295.5220368682477
C2,540,0.01,188.83551444468895,232.60774669309407,232.60774669309407,232.60774669309407,232.60774669309407,207.00618167474914,295.5220368682477
C2,540,0.05,188.83551444468895,232.60774669309407,232.60774669309407,232.60774669309407,232.60774669309407,207.00618167474914,295.5220368682477
C2,540,0.1,188.83551444468895,232.60774669309407,232.60774669309407,232.60774669309407,232.60774669309407,207.00618167474914,295.5220368682477
C2,570,0.001,188.83551444468895,232.60774669309407,232.60774669309407,232.60774669309407,232.60774669309407,207.00618167474914,295.5220368682477
C2,570,0.01,188.83551444468895,232.60774669309407,232.60774669309407,232.60774669309407,232.60774669309407,207.00618167474914,295.5220368682477
C2,570,0.05,188.83551444468895,232.60774669309407,232.60774669309407,232.60774669309407,232.60774669309407,207.00618167474914,295.5220368682477
C2,570,0.1,188.83551444468895,232.60774669309407,232.60774669309407,232.60774669309407,232.60774669309407,207.00618167474914,295.5220368682477
C2,600,0.001,188.83551444468895,232.60774669309407,232.60774669309407,232.60774669309407,232.60774669309407,207.00618167474914,295.5220368682477
C2,600,0.01,188.83551444468895,232.60774669309407,232.60774669309407,232.60774669309407,232.60774669309407,207.00618167474914,295.5220368682477
C2,600,0.05,188.83551444468895,232.60774669309407,232.60774669309407,232.60774669309407,232.60774669309407,207.00618167474914,295.5220368682477
C2,600,0.1,188.83551444468895,232.60774669309407,232.60774669309407,232.60774669309407,232.60774669309407,207.00618167474914,295.5220368682477
C2,630,0.001,188.83551444468895,232.60774669309407,232.60774669309407,232.60774669309407,232.60774669309407,207.00618167474914,295.5220368682477
C2,630,0.01,188.83551444468895,232.60774669309407,232.60774669309407,232.60774669309407,232.60774669309407,207.00618167474914,295.5220368682477
C2,630,0.05,188.83551444468895,232.60774669309407,232.60774669309407,232.60774669309407,232.60774669309407,207.00618167474914,295.5220368682477
C2,630,0.1,188.83551444468895,232.60774669309407,232.60774669309407,232.60774669309407,232.60774669309407,207.00618167474914,295.5220368682477
C2,660,0.001,188.83551444468895,232.60774669309407,232.60774669309407,232.60774669309407,232.60774669309407,207.00618167474914,295.5220368682477
C2,660,0.01,188.83551444468895,232.60774669309407,232.60774669309407,232.60774669309407,232.60774669309407,207.00618167474914,295.5220368682477
C2,660,0.05,188.83551444468895,232.60774669309407,232.60774669309407,232.60774669309407,232.60774669309407,207.00618167474914,295.5220368682477
C2,660,0.1,188.83551444468895,232.60774669309407,232.60774669309407,232.60774669309407,232.60774669309407,207.00618167474914,295.5220368682477
C2,690,0.001,188.83551444468895,232.60774669309407,232.60774669309407,232.60774669309407,232.60774669309407,207.00618167474914,295.5220368682477
C2,690,0.01,188.83551444468895,232.60774669309407,232.60774669309407,232.60774669309407,232.60774669309407,207.00618167474914,295.5220368682477
C2,690,0.05,188.83551444468895,232.60774669309407,232.60774669309407,232.60774669309407,232.60774669309407,207.00618167474914,295.5220368682477
C2,690,0.1,188.83551444468895,232.60774669309407,232.60774669309407,232.60774669309407,232.60774669309407,207.00618167474914,295.5220368682477
C2,720,0.001,188.83551444468895,232.60774669309407,232.60774669309407,232.60774669309407,232.60774669309407,207.00618167474914,295.5220368682477
C2,720,0.01,188.83551444468895,232.60774669309407,232.60774669309407,232.60774669309407,232.60774669309407,207.00618167474914,295.5220368682477
C2,720,0.05,188.83551444468895,232.60774669309407,232.60774669309407,232.60774669309407,232.60774669309407,207.00618167474914,295.5220368682477
C2,720,0.1,188.83551444468895,232.60774669309407,232.60774669309407,232.60774669309407,232.60774669309407,207.00618167474914,295.5220368682477
C2,750,0.001,188.83551444468895,232.60774669309407,232.60774669309407,232.60774669309407,232.60774669309407,207.00618167474914,295.5220368682477
C2,750,0.01,188.83551444468895,232.60774669309407,232.60774669309407,232.60774669309407,232.60774669309407,207.00618167474914,295.5220368682477
C2,750,0.05,188.83551444468895,232.60774669309407,232.60774669309407,232.60774669309407,232.60774669309407,207.00618167474914,295.5220368682477
C2,750,0.1,188.83551444468895,232.60774669309407,232.60774669309407,232.60774669309407,232.60774669309407,207.00618167474914,295.5220368682477
C2,780,0.001,188.83551444468895,232.60774669309407,232.60774669309407,232.60774669309407,232.60774669309407,207.00618167474914,295.5220368682477
C2,780,0.01,188.83551444468895,232.60774669309407,232.60774669309407,232.60774669309407,232.60774669309407,207.00618167474914,295.5220368682477
C2,780,0.05,188.83551444468895,232.60774669309407,232.60774669309407,232.60774669309407,232.60774669309407,207.00618167474914,295.5220368682477
C2,780,0.1,188.83551444468895,232.60774669309407,232.60774669309407,232.60774669309407,232.60774669309407,207.00618167474914,295.5220368682477
C2,810,0.001,188.83551444468895,232.60774669309407,232.60774669309407,232.60774669309407,232.60774669309407,207.00618167474914,295.5220368682477
C2,810,0.01,188.83551444468895,232.60774669309407,232.60774669309407,232.60774669309407,232.60774669309407,207.00618167474914,295.5220368682477
C2,810,0.05,188.83551444468895,232.60774669309407,232.60774669309407,232.60774669309407,232.60774669309407,207.00618167474914,295.5220368682477
C2,810,0.1,188.83551444468895,232.60774669309407,232.60774669309407,232.60774669309407,232.60774669309407,207.00618167474914,295.5220368682477
C2,840,0.001,188.83551444468895,232.60774669309407,232.60774669309407,232.60774669309407,232.60774669309407,207.00618167474914,295.5220368682477
C2,840,0.01,188.83551444468895,232.60774669309407,232.60774669309407,232.60774669309407,232.60774669309407,207.00618167474914,295.5220368682477
C2,840,0.05,188.83551444468895,232.60774669309407,232.60774669309407,232.60774669309407,232.60774669309407,207.00618167474914,295.5220368682477
C2,840,0.1,188.83551444468895,232.60774669309407,232.60774669309407,232.60774669309407,232.60774669309407,207.00618167474914,295.5220368682477
C2,870,0.001,188.83551444468895,232.60774669309407,232.60774669309407,232.60774669309407,232.60774669309407,207.00618167474914,295.5220368682477
C2,870,0.01,188.83551444468895,232.60774669309407,232.60774669309407,232.60774669309407,232.60774669309407,207.00618167474914,295.5220368682477
C2,870,0.05,188.83551444468895,232.60774669309407,232.60774669309407,232.60774669309407,232.60774669309407,207.00618167474914,295.5220368682477
C2,870,0.1,188.83551444468895,232.60774669309407,232.60774669309407,232.60774669309407,232.60774669309407,207.00618167474914,295.5220368682477
C2,900,0.001,188.83551444468895,232.60774669309407,232.60774669309407,232.60774669309407,232.60774669309407,207.00618167474914,295.5220368682477
C2,900,0.01,188.83551444468895,232.60774669309407,232.60774669309407,232.60774669309407,232.60774669309407,207.00618167474914,295.5220368682477
C2,900,0.05,188.83551444468895,232.60774669309407,232.60774669309407,232.60774669309407,232.60774669309407,207.00618167474914,295.5220368682477
C2,900,0.1,188.83551444468895,232.60774669309407,232.60774669309407,232.60774669309407,232.60774669309407,207.00618167474914,295.5220368682477
C3,30,0.001,464.2049056638914,464.2049056638914,464.2049056638914,464.2049056638914,464.2049056638914,256.6147115562749,481.3175578216004
C3,30,0.01,464.2049056638914,464.2049056638914,464.2049056638914,464.2049056638914,464.2049056638914,256.6147115562749,481.3175578216004
C3,30,0.05,373.69523767201326,418.95007166795233,418.95007166795233,418.95007166795233,418.95007166795233,256.6147115562749,453.63441765453564
C3,30,0.1,373.69523767201326,418.95007166795233,418.95007166795233,418.95007166795233,418.95007166795233,256.6147115562749,453.63441765453564
C3,60,0.001,781.7791236906938,781.7791236906938,781.7791236906938,781.7791236906938,781.7791236906938,256.6147115562749,779.7363155792484
C3,60,0.01,781.7791236906938,781.7791236906938,781.7791236906938,781.7791236906938,781.7791236906938,256.6147115562749,779.7363155792484
C3,60,0.05,781.7791236906938,781.7791236906938,781.7791236906938,781.7791236906938,781.7791236906938,256.6147115562749,779.7363155792484
C3,60,0.1,736.6935581677396,736.6935581677396,736.6935581677396,736.6935581677396,736.6935581677396,256.6147115562749,735.6264780760147
C3,90,0.001,1000.7146218455883,1000.7146218455883,1000.7146218455883,1000.7146218455883,1000.7146218455883,256.6147115562749,1007.2070487370971
C3,90,0.01,1000.7146218455883,1000.7146218455883,1000.7146218455883,1000.7146218455883,1000.7146218455883,256.6147115562749,1007.2070487370971
C3,90,0.05,1000.7146218455883,1000.7146218455883,1000.7146218455883,1000.7146218455883,1000.7146218455883,256.6147115562749,1007.2070487370971
C3,90,0.1,965.6224991339952,965.6224991339952,965.6224991339952,965.6224991339952,965.6224991339952,212.13203435596427,965.386446097762
C3,120,0.001,1110.6609502151668,1110.6609502151668,1110.6609502151668,1110.6609502151668,1110.6609502151668,256.6147115562749,1104.3933984719354
C3,120,0.01,1110.6609502151668,1110.6609502151668,1110.6609502151668,1110.6609502151668,1110.6609502151668,256.6147115562749,1104.3933984719354
C3,120,0.05,1100.6658294542963,1100.6658294542963,1100.6658294542963,1100.6658294542963,1100.6658294542963,212.13203435596427,1097.2839816832036
C3,120,0.1,1100.6658294542963,1100.6658294542963,1100.6658294542963,1100.6658294542963,1100.6658294542963,212.13203435596427,1097.2839816832036
C3,150,0.001,1110.6609502151668,1180.563896594787,1180.563896594787,1180.563896594787,1180.563896594787,286.73502682748074,1172.6791843614615
C3,150,0.01,1110.6609502151668,1180.563896594787,1180.563896594787,1180.563896594787,1180.563896594787,246.7545437839976,1172.6791843614615
C3,150,0.05,1110.6609502151668,1180.563896594787,1180.563896594787,1180.563896594787,1180.563896594787,246.7545437839976,1172.6791843614615
C3,150,0.1,1110.6609502151668,1120.6560709760377,1120.6560709760377,1120.6560709760377,1120.6560709760377,212.13203435596427,1118.8035666363585
C3,180,0.001,1110.6609502151668,1218.411171066948,1370.698065727749,1370.698065727749,1370.698065727749,415.1372918665172,1396.7521842833703
C3,180,0.01,1110.6609502151668,1218.411171066948,1370.698065727749,1370.698065727749,1370.698065727749,415.1372918665172,1396.7521842833703
C3,180,0.05,1110.6609502151668,1180.563896594787,1335.3936557990826,1335.3936557990826,1335.3936557990826,376.6911136753178,1339.6617541692904
C3,180,0.1,1110.6609502151668,1180.563896594787,1335.3936557990826,1335.3936557990826,1335.3936557990826,376.6911136753178,1339.6617541692904
C3,210,0.001,1110.6609502151668,1270.0210908017134,1460.654152575586,1460.654152575586,1460.654152575586,415.1372918665172,1482.7535599698865
C3,210,0.01,1110.6609502151668,1270.0210908017134,1410.6785487712323,1410.6785487712323,1410.6785487712323,415.1372918665172,1426.2338766439907
C3,210,0.05,1110.6609502151668,1270.0210908017134,1410.6785487712323,1410.6785487712323,1410.6785487712323,415.1372918665172,1426.2338766439907
C3,210,0.1,1110.6609502151668,1218.411171066948,1410.6785487712323,1410.6785487712323,1410.6785487712323,415.1372918665172,1426.2338766439907
C3,240,0.001,1110.6609502151668,1270.0210908017134,1460.654152575586,1460.654152575586,1460.654152575586,415.1372918665172,1482.7535599698865
C3,240,0.01,1110.6609502151668,1270.0210908017134,1460.654152575586,1460.654152575586,1460.654152575586,415.1372918665172,1482.7535599698865
C3,240,0.05,1110.6609502151668,1270.0210908017134,1460.654152575586,1460.654152575586,1460.654152575586,415.1372918665172,1482.7535599698865
C3,240,0.1,1110.6609502151668,1180.563896594787,1460.654152575586,1460.654152575586,1460.654152575586,415.1372918665172,1482.7535599698865
C3,270,0.001,1110.6609502151668,1270.0210908017134,1540.9274661863296,1540.9274661863296,1540.9274661863296,418.8580293852415,1569.2621116009836
C3,270,0.01,1110.6609502151668,1270.0210908017134,1540.9274661863296,1540.9274661863296,1540.9274661863296,418.8580293852415,1569.2621116009836
C3,270,0.05,1110.6609502151668,1180.563896594787,1540.9274661863296,1540.9274661863296,1540.9274661863296,418.8580293852415,1569.2621116009836
C3,270,0.1,1110.6609502151668,1180.563896594787,1540.9274661863296,1540.9274661863296,1540.9274661863296,418.8580293852415,1569.2621116009836
C3,300,0.001,1110.6609502151668,1270.0210908017134,1555.0696018100607,1555.0696018100607,1555.0696018100607,418.8580293852415,1625.8482781682933
C3,300,0.01,1110.6609502151668,1270.0210908017134,1555.0696018100607,1555.0696018100607,1555.0696018100607,418.8580293852415,1625.8482781682933
C3,300,0.05,1110.6609502151668,1180.563896594787,1540.9274661863296,1540.9274661863296,1540.9274661863296,418.8580293852415,1569.2621116009836
C3,300,0.1,1110.6609502151668,1180.563896594787,1540.9274661863296,1540.9274661863296,1540.9274661863296,418.8580293852415,1569.2621116009836
C3,330,0.001,1110.6609502151668,1270.0210908017134,1600.3244358059997,1600.3244358059997,1600.3244358059997,418.8580293852415,1656.1983668055539
C3,330,0.01,1110.6609502151668,1270.0210908017134,1600.3244358059997,1600.3244358059997,1600.3244358059997,418.8580293852415,1656.1983668055539
C3,330,0.05,1110.6609502151668,1180.563896594787,1600.3244358059997,1600.3244358059997,1600.3244358059997,418.8580293852415,1656.1983668055539
C3,330,0.1,1110.6609502151668,1180.563896594787,1600.3244358059997,1600.3244358059997,1600.3244358059997,418.8580293852415,1656.1983668055539
C3,360,0.001,1110.6609502151668,1270.0210908017134,1600.3244358059997,1600.3244358059997,1600.3244358059997,428.8531501461122,1656.1983668055539
C3,360,0.01,1110.6609502151668,1270.0210908017134,1600.3244358059997,1600.3244358059997,1600.3244358059997,428.8531501461122,1656.1983668055539
C3,360,0.05,1110.6609502151668,1180.563896594787,1600.3244358059997,1600.3244358059997,1600.3244358059997,428.8531501461122,1656.1983668055539
C3,360,0.1,1110.6609502151668,1180.563896594787,1600.3244358059997,1600.3244358059997,1600.3244358059997,428.8531501461122,1656.1983668055539
C3,390,0.001,1110.6609502151668,1270.0210908017134,1600.3244358059997,1600.3244358059997,1600.3244358059997,428.8531501461122,1656.1983668055539
C3,390,0.01,1110.6609502151668,1270.0210908017134,1600.3244358059997,1600.3244358059997,1600.3244358059997,428.8531501461122,1656.1983668055539
C3,390,0.05,1110.6609502151668,1180.563896594787,1600.3244358059997,1600.3244358059997,1600.3244358059997,428.8531501461122,1656.1983668055539
C3,390,0.1,1110.6609502151668,1180.563896594787,1600.3244358059997,1600.3244358059997,1600.3244358059997,428.8531501461122,1656.1983668055539
C3,420,0.001,1110.6609502151668,1270.0210908017134,1600.3244358059997,1600.3244358059997,1600.3244358059997,428.8531501461122,1656.1983668055539
C3,420,0.01,1110.6609502151668,1270.0210908017134,1600.3244358059997,1600.3244358059997,1600.3244358059997,428.8531501461122,1656.1983668055539
C3,420,0.05,1110.6609502151668,1180.563896594787,1600.3244358059997,1600.3244358059997,1600.3244358059997,428.8531501461122,1656.1983668055539
C3,420,0.1,602.5692849541147,602.5692849541147,602.5692849541147,602.5692849541147,602.5692849541147,207.00618167474914,604.9185510107419
C3,450,0.001,1110.6609502151668,1270.0210908017134,1600.3244358059997,1600.3244358059997,1600.3244358059997,428.8531501461122,1656.1983668055539
C3,450,0.01,1110.6609502151668,1270.0210908017134,1600.3244358059997,1600.3244358059997,1600.3244358059997,428.8531501461122,1656.1983668055539
C3,450,0.05,649.3568221216583,649.3568221216583,649.3568221216583,649.3568221216583,649.3568221216583,207.00618167474914,657.2955971808738
C3,450,0.1,602.5692849541147,602.5692849541147,602.5692849541147,602.5692849541147,602.5692849541147,207.00618167474914,604.9185510107419
C3,480,0.001,1110.6609502151668,1270.0210908017134,1600.3244358059997,1600.3244358059997,1600.3244358059997,428.8531501461122,1656.1983668055539
C3,480,0.01,1110.6609502151668,1180.563896594787,1600.3244358059997,1600.3244358059997,1600.3244358059997,428.8531501461122,1656.1983668055539
C3,480,0.05,1110.6609502151668,1180.563896594787,1600.3244358059997,1600.3244358059997,1600.3244358059997,428.8531501461122,1656.1983668055539
C3,480,0.1,188.83551444468895,418.95007166795233,418.95007166795233,418.95007166795233,418.95007166795233,207.00618167474914,453.63441765453564
C3,510,0.001,1110.6609502151668,1270.0210908017134,1600.3244358059997,1600.3244358059997,1600.3244358059997,428.8531501461122,1656.1983668055539
C3,510,0.01,1110.6609502151668,1180.563896594787,1600.3244358059997,1600.3244358059997,1600.3244358059997,428.8531501461122,1656.1983668055539
C3,510,0.05,602.5692849541147,602.5692849541147,602.5692849541147,602.5692849541147,602.5692849541147,207.00618167474914,604.9185510107419
C3,510,0.1,188.83551444468895,418.95007166795233,418.95007166795233,418.95007166795233,418.95007166795233,207.00618167474914,453.63441765453564
C3,540,0.001,1110.6609502151668,1270.0210908017134,1600.3244358059997,1600.3244358059997,1600.3244358059997,428.8531501461122,1656.1983668055539
C3,540,0.01,1110.6609502151668,1180.563896594787,1600.3244358059997,1600.3244358059997,1600.3244358059997,428.8531501461122,1656.1983668055539
C3,540,0.05,188.83551444468895,418.95007166795233,418.95007166795233,418.95007166795233,418.95007166795233,207.00618167474914,453.63441765453564
C3,540,0.1,188.83551444468895,418.95007166795233,418.95007166795233,418.95007166795233,418.95007166795233,207.00618167474914,453.63441765453564
C3,570,0.001,1110.6609502151668,1270.0210908017134,1600.3244358059997,1600.3244358059997,1600.3244358059997,428.8531501461122,1656.1983668055539
C3,570,0.01,1110.6609502151668,1180.563896594787,1600.3244358059997,1600.3244358059997,1600.3244358059997,428.8531501461122,1656.1983668055539
C3,570,0.05,188.83551444468895,418.95007166795233,418.95007166795233,418.95007166795233,418.95007166795233,207.00618167474914,453.63441765453564
C3,570,0.1,188.83551444468895,418.95007166795233,418.95007166795233,418.95007166795233,418.95007166795233,207.00618167474914,453.63441765453564
C3,600,0.001,1110.6609502151668,1270.0210908017134,1600.3244358059997,1600.3244358059997,1600.3244358059997,428.8531501461122,1656.1983668055539
C3,600,0.01,1110.6609502151668,1180.563896594787,1600.3244358059997,1600.3244358059997,1600.3244358059997,428.8531501461122,1656.1983668055539
C3,600,0.05,188.83551444468895,418.95007166795233,418.95007166795233,418.95007166795233,418.95007166795233,207.00618167474914,453.63441765453564
C3,600,0.1,188.83551444468895,418.95007166795233,418.95007166795233,418.95007166795233,418.95007166795233,207.00618167474914,453.63441765453564
C3,630,0.001,1110.6609502151668,1270.0210908017134,1600.3244358059997,1600.3244358059997,1600.3244358059997,428.8531501461122,1656.1983668055539
C3,630,0.01,649.3568221216583,649.3568221216583,649.3568221216583,649.3568221216583,649.3568221216583,207.00618167474914,657.2955971808738
C3,630,0.05,188.83551444468895,418.95007166795233,418.95007166795233,418.95007166795233,418.95007166795233,207.00618167474914,453.63441765453564
C3,630,0.1,188.83551444468895,418.95007166795233,418.95007166795233,418.95007166795233,418.95007166795233,207.00618167474914,453.63441765453564
C3,660,0.001,1110.6609502151668,1270.0210908017134,1600.3244358059997,1600.3244358059997,1600.3244358059997,428.8531501461122,1656.1983668055539
C3,660,0.01,649.3568221216583,649.3568221216583,649.3568221216583,649.3568221216583,649.3568221216583,207.00618167474914,657.2955971808738
C3,660,0.05,188.83551444468895,418.95007166795233,418.95007166795233,418.95007166795233,418.95007166795233,207.00618167474914,453.63441765453564
C3,660,0.1,188.83551444468895,418.95007166795233,418.95007166795233,418.95007166795233,418.95007166795233,207.00618167474914,453.63441765453564
C3,690,0.001,1110.6609502151668,1270.0210908017134,1600.3244358059997,1600.3244358059997,1600.3244358059997,428.8531501461122,1656.1983668055539
C3,690,0.01,188.83551444468895,418.95007166795233,418.95007166795233,418.95007166795233,418.95007166795233,207.00618167474914,453.63441765453564
C3,690,0.05,188.83551444468895,418.95007166795233,418.95007166795233,418.95007166795233,418.95007166795233,207.00618167474914,453.63441765453564
C3,690,0.1,188.83551444468895,418.95007166795233,418.95007166795233,418.95007166795233,418.95007166795233,207.00618167474914,453.63441765453564
C3,720,0.001,1110.6609502151668,1270.0210908017134,1600.3244358059997,1600.3244358059997,1600.3244358059997,428.8531501461122,1656.1983668055539
C3,720,0.01,188.83551444468895,418.95007166795233,418.95007166795233,418.95007166795233,418.95007166795233,207.00618167474914,453.63441765453564
C3,720,0.05,188.83551444468895,418.95007166795233,418.95007166795233,418.95007166795233,418.95007166795233,207.00618167474914,453.63441765453564
C3,720,0.1,188.83551444468895,418.95007166795233,418.95007166795233,418.95007166795233,418.95007166795233,207.00618167474914,453.63441765453564
C3,750,0.001,1110.6609502151668,1270.0210908017134,1600.3244358059997,1600.3244358059997,1600.3244358059997,428.8531501461122,1656.1983668055539
C3,750,0.01,188.83551444468895,418.95007166795233,418.95007166795233,418.95007166795233,418.95007166795233,207.00618167474914,453.63441765453564
C3,750,0.05,188.83551444468895,418.95007166795233,418.95007166795233,418.95007166795233,418.95007166795233,207.00618167474914,453.63441765453564
C3,750,0.1,188.83551444468895,418.95007166795233,418.95007166795233,418.95007166795233,418.95007166795233,207.00618167474914,453.63441765453564
C3,780,0.001,1110.6609502151668,1270.0210908017134,1600.3244358059997,1600.3244358059997,1600.3244358059997,428.8531501461122,1656.1983668055539
C3,780,0.01,188.83551444468895,418.95007166795233,418.95007166795233,418.95007166795233,418.95007166795233,207.00618167474914,453.63441765453564
C3,780,0.05,188.83551444468895,418.95007166795233,418.95007166795233,418.95007166795233,418.95007166795233,207.00618167474914,453.63441765453564
C3,780,0.1,188.83551444468895,418.95007166795233,418.95007166795233,418.95007166795233,418.95007166795233,207.00618167474914,453.63441765453564
C3,810,0.001,1110.6609502151668,1270.0210908017134,1600.3244358059997,1600.3244358059997,1600.3244358059997,428.8531501461122,1656.1983668055539
C3,810,0.01,188.83551444468895,418.95007166795233,418.95007166795233,418.95007166795233,418.95007166795233,207.00618167474914,453.63441765453564
C3,810,0.05,188.83551444468895,418.95007166795233,418.95007166795233,418.95007166795233,418.95007166795233,207.00618167474914,453.63441765453564
C3,810,0.1,188.83551444468895,418.95007166795233,418.95007166795233,418.95007166795233,418.95007166795233,207.00618167474914,453.63441765453564
C3,840,0.001,1110.6609502151668,1270.0210908017134,1600.3244358059997,1600.3244358059997,1600.3244358059997,428.8531501461122,1656.1983668055539
C3,840,0.01,188.83551444468895,418.95007166795233,418.95007166795233,418.95007166795233,418.95007166795233,207.00618167474914,453.63441765453564
C3,840,0.05,188.83551444468895,418.95007166795233,418.95007166795233,418.95007166795233,418.95007166795233,207.00618167474914,453.63441765453564
C3,840,0.1,188.83551444468895,418.95007166795233,418.95007166795233,418.95007166795233,418.95007166795233,207.00618167474914,453.63441765453564
C3,870,0.001,1110.6609502151668,1270.0210908017134,1600.3244358059997,1600.3244358059997,1600.3244358059997,428.8531501461122,1656.1983668055539
C3,870,0.01,188.83551444468895,418.95007166795233,418.95007166795233,418.95007166795233,418.95007166795233,207.00618167474914,453.63441765453564
C3,870,0.05,188.83551444468895,418.95007166795233,418.95007166795233,418.95007166795233,418.95007166795233,207.00618167474914,453.63441765453564
C3,870,0.1,188.83551444468895,418.95007166795233,418.95007166795233,418.95007166795233,418.95007166795233,207.00618167474914,453.63441765453564
C3,900,0.001,1110.6609502151668,1270.0210908017134,1600.3244358059997,1600.3244358059997,1600.3244358059997,428.8531501461122,1656.1983668055539
C3,900,0.01,188.83551444468895,418.95007166795233,418.95007166795233,418.95007166795233,418.95007166795233,207.00618167474914,453.63441765453564
C3,900,0.05,188.83551444468895,418.95007166795233,418.95007166795233,418.95007166795233,418.95007166795233,207.00618167474914,453.63441765453564
C3,900,0.1,188.83551444468895,418.95007166795233,418.95007166795233,418.95007166795233,418.95007166795233,207.00618167474914,453.63441765453564
C4,30,0.001,188.83551444468895,323.0703600064646,323.0703600064646,323.0703600064646,323.0703600064646,209.9243304913095,371.976786342594
C4,30,0.01,188.83551444468895,323.0703600064646,323.0703600064646,323.0703600064646,323.0703600064646,209.9243304913095,371.976786342594
C4,30,0.05,188.83551444468895,323.0703600064646,323.0703600064646,323.0703600064646,323.0703600064646,209.9243304913095,371.976786342594
C4,30,0.1,188.83551444468895,323.0703600064646,323.0703600064646,323.0703600064646,323.0703600064646,209.9243304913095,371.976786342594
C4,60,0.001,558.900916931074,558.900916931074,558.900916931074,558.900916931074,558.900916931074,212.13203435596427,568.911281985474
C4,60,0.01,464.2049056638914,509.4597396598304,509.4597396598304,509.4597396598304,509.4597396598304,212.13203435596427,538.1316197583781
C4,60,0.05,464.2049056638914,509.4597396598304,509.4597396598304,509.4597396598304,509.4597396598304,212.13203435596427,538.1316197583781
C4,60,0.1,464.2049056638914,509.4597396598304,509.4597396598304,509.4597396598304,509.4597396598304,212.13203435596427,538.1316197583781
C4,90,0.001,733.5743890232368,733.5743890232368,733.5743890232368,733.5743890232368,733.5743890232368,256.6147115562749,736.1234088905715
C4,90,0.01,693.025190144699,693.025190144699,693.025190144699,693.025190144699,693.025190144699,256.6147115562749,694.6192544552313
C4,90,0.05,689.9060210001961,689.9060210001961,689.9060210001961,689.9060210001961,689.9060210001961,256.6147115562749,689.2280221596445
C4,90,0.1,649.3568221216583,649.3568221216583,649.3568221216583,649.3568221216583,649.3568221216583,256.6147115562749,657.2955971808738
C4,120,0.001,965.6224991339952,965.6224991339952,965.6224991339952,965.6224991339952,965.6224991339952,256.6147115562749,965.386446097762
C4,120,0.01,965.6224991339952,965.6224991339952,965.6224991339952,965.6224991339952,965.6224991339952,256.6147115562749,965.386446097762
C4,120,0.05,875.1598858206247,921.8502668855901,921.8502668855901,921.8502668855901,921.8502668855901,256.6147115562749,926.1036343697401
C4,120,0.1,875.1598858206247,921.8502668855901,921.8502668855901,921.8502668855901,921.8502668855901,256.6147115562749,926.1036343697401
C4,150,0.001,1050.6902256499422,1050.6902256499422,1050.6902256499422,1050.6902256499422,1050.6902256499422,256.6147115562749,1051.2626159728686
C4,150,0.01,1050.6902256499422,1050.6902256499422,1050.6902256499422,1050.6902256499422,1050.6902256499422,256.6147115562749,1051.2626159728686
C4,150,0.05,1050.6902256499422,1050.6902256499422,1050.6902256499422,1050.6902256499422,1050.6902256499422,256.6147115562749,1051.2626159728686
C4,150,0.1,1050.6902256499422,1050.6902256499422,1050.6902256499422,1050.6902256499422,1050.6902256499422,256.6147115562749,1051.2626159728686
C4,180,0.001,1110.6609502151668,1120.6560709760377,1120.6560709760377,1120.6560709760377,1120.6560709760377,256.6147115562749,1118.8035666363585
C4,180,0.01,1110.6609502151668,1120.6560709760377,1120.6560709760377,1120.6560709760377,1120.6560709760377,256.6147115562749,1118.8035666363585
C4,180,0.05,1110.6609502151668,1110.6609502151668,1110.6609502151668,1110.6609502151668,1110.6609502151668,256.6147115562749,1104.3933984719354
C4,180,0.1,1110.6609502151668,1110.6609502151668,1110.6609502151668,1110.6609502151668,1110.6609502151668,256.6147115562749,1104.3933984719354
C4,210,0.001,1110.6609502151668,1218.411171066948,1283.7837360643173,1283.7837360643173,1283.7837360643173,363.5273721317521,1283.223506201283
C4,210,0.01,1110.6609502151668,1218.411171066948,1283.7837360643173,1283.7837360643173,1283.7837360643173,325.68009765959096,1283.223506201283
C4,210,0.05,1110.6609502151668,1218.411171066948,1232.1738163295522,1232.1738163295522,1232.1738163295522,325.68009765959096,1227.527400163063
C4,210,0.1,1110.6609502151668,1218.411171066948,1232.1738163295522,1232.1738163295522,1232.1738163295522,325.68009765959096,1227.527400163063
C4,240,0.001,1110.6609502151668,1270.0210908017134,1410.6785487712323,1410.6785487712323,1410.6785487712323,415.1372918665172,1426.2338766439907
C4,240,0.01,1110.6609502151668,1270.0210908017134,1370.698065727749,1370.698065727749,1370.698065727749,415.1372918665172,1396.7521842833703
C4,240,0.05,1110.6609502151668,1270.0210908017134,1370.698065727749,1370.698065727749,1370.698065727749,415.1372918665172,1396.7521842833703
C4,240,0.1,1110.6609502151668,1270.0210908017134,1335.3936557990826,1335.3936557990826,1335.3936557990826,415.1372918665172,1339.6617541692904
C4,270,0.001,1110.6609502151668,1270.0210908017134,1460.654152575586,1460.654152575586,1460.654152575586,415.1372918665172,1482.7535599698865
C4,270,0.01,1110.6609502151668,1270.0210908017134,1460.654152575586,1460.654152575586,1460.654152575586,415.1372918665172,1482.7535599698865
C4,270,0.05,1110.6609502151668,1270.0210908017134,1460.654152575586,1460.654152575586,1460.654152575586,415.1372918665172,1482.7535599698865
C4,270,0.1,1110.6609502151668,1270.0210908017134,1460.654152575586,1460.654152575586,1460.654152575586,415.1372918665172,1482.7535599698865
C4,300,0.001,1110.6609502151668,1270.0210908017134,1540.9274661863296,1540.9274661863296,1540.9274661863296,428.8531501461122,1569.2621116009836
C4,300,0.01,1110.6609502151668,1270.0210908017134,1540.9274661863296,1540.9274661863296,1540.9274661863296,428.8531501461122,1569.2621116009836
C4,300,0.05,1110.6609502151668,1270.0210908017134,1540.9274661863296,1540.9274661863296,1540.9274661863296,428.8531501461122,1569.2621116009836
C4,300,0.1,1110.6609502151668,1270.0210908017134,1540.9274661863296,1540.9274661863296,1540.9274661863296,428.8531501461122,1569.2621116009836
C4,330,0.001,1110.6609502151668,1270.0210908017134,1600.3244358059997,1600.3244358059997,1600.3244358059997,428.8531501461122,1656.1983668055539
C4,330,0.01,1110.6609502151668,1270.0210908017134,1600.3244358059997,1600.3244358059997,1600.3244358059997,428.8531501461122,1656.1983668055539
C4,330,0.05,1110.6609502151668,1270.0210908017134,1600.3244358059997,1600.3244358059997,1600.3244358059997,428.8531501461122,1656.1983668055539
C4,330,0.1,1110.6609502151668,1218.411171066948,1600.3244358059997,1600.3244358059997,1600.3244358059997,428.8531501461122,1656.1983668055539
C4,360,0.001,1110.6609502151668,1270.0210908017134,1600.3244358059997,1600.3244358059997,1600.3244358059997,428.8531501461122,1656.1983668055539
C4,360,0.01,1110.6609502151668,1270.0210908017134,1600.3244358059997,1600.3244358059997,1600.3244358059997,428.8531501461122,1656.1983668055539
C4,360,0.05,1110.6609502151668,1180.563896594787,1600.3244358059997,1600.3244358059997,1600.3244358059997,428.8531501461122,1656.1983668055539
C4,360,0.1,1110.6609502151668,1180.563896594787,1600.3244358059997,1600.3244358059997,1600.3244358059997,428.8531501461122,1656.1983668055539
C4,390,0.001,1110.6609502151668,1270.0210908017134,1600.3244358059997,1600.3244358059997,1600.3244358059997,428.8531501461122,1656.1983668055539
C4,390,0.01,1110.6609502151668,1270.0210908017134,1600.3244358059997,1600.3244358059997,1600.3244358059997,428.8531501461122,1656.1983668055539
C4,390,0.05,1110.6609502151668,1180.563896594787,1600.3244358059997,1600.3244358059997,1600.3244358059997,428.8531501461122,1656.1983668055539
C4,390,0.1,1110.6609502151668,1180.563896594787,1600.3244358059997,1600.3244358059997,1600.3244358059997,428.8531501461122,1656.1983668055539
C4,420,0.001,1110.6609502151668,1270.0210908017134,1600.3244358059997,1600.3244358059997,1600.3244358059997,428.8531501461122,1656.1983668055539
C4,420,0.01,1110.6609502151668,1270.0210908017134,1600.3244358059997,1600.3244358059997,1600.3244358059997,428.8531501461122,1656.1983668055539
C4,420,0.05,1110.6609502151668,1180.563896594787,1600.3244358059997,1600.3244358059997,1600.3244358059997,428.8531501461122,1656.1983668055539
C4,420,0.1,1110.6609502151668,1180.563896594787,1600.3244358059997,1600.3244358059997,1600.3244358059997,428.8531501461122,1656.1983668055539
C4,450,0.001,1110.6609502151668,1270.0210908017134,1600.3244358059997,1600.3244358059997,1600.3244358059997,428.8531501461122,1656.1983668055539
C4,450,0.01,1110.6609502151668,1270.0210908017134,1600.3244358059997,1600.3244358059997,1600.3244358059997,428.8531501461122,1656.1983668055539
C4,450,0.05,1110.6609502151668,1180.563896594787,1600.3244358059997,1600.3244358059997,1600.3244358059997,428.8531501461122,1656.1983668055539
C4,450,0.1,117.55037354150878,117.55037354150878,117.55037354150878,117.55037354150878,117.55037354150878,180.37990011567342,185.52186843805288
C4,480,0.001,1110.6609502151668,1270.0210908017134,1600.3244358059997,1600.3244358059997,1600.3244358059997,428.8531501461122,1656.1983668055539
C4,480,0.01,1110.6609502151668,1270.0210908017134,1600.3244358059997,1600.3244358059997,1600.3244358059997,428.8531501461122,1656.1983668055539
C4,480,0.05,1110.6609502151668,1180.563896594787,1600.3244358059997,1600.3244358059997,1600.3244358059997,428.8531501461122,1656.1983668055539
C4,480,0.1,117.55037354150878,117.55037354150878,117.55037354150878,117.55037354150878,117.55037354150878,180.37990011567342,185.52186843805288
C4,510,0.001,1110.6609502151668,1270.0210908017134,1600.3244358059997,1600.3244358059997,1600.3244358059997,428.8531501461122,1656.1983668055539
C4,510,0.01,1110.6609502151668,1270.0210908017134,1600.3244358059997,1600.3244358059997,1600.3244358059997,428.8531501461122,1656.1983668055539
C4,510,0.05,117.55037354150878,117.55037354150878,117.55037354150878,117.55037354150878,117.55037354150878,180.37990011567342,185.52186843805288
C4,510,0.1,117.55037354150878,117.55037354150878,117.55037354150878,117.55037354150878,117.55037354150878,180.37990011567342,185.52186843805288
C4,540,0.001,1110.6609502151668,1270.0210908017134,1600.3244358059997,1600.3244358059997,1600.3244358059997,428.8531501461122,1656.1983668055539
C4,540,0.01,1110.6609502151668,1270.0210908017134,1600.3244358059997,1600.3244358059997,1600.3244358059997,428.8531501461122,1656.1983668055539
C4,540,0.05,117.55037354150878,117.55037354150878,117.55037354150878,117.55037354150878,117.55037354150878,180.37990011567342,185.52186843805288
C4,540,0.1,117.55037354150878,117.55037354150878,117.55037354150878,117.55037354150878,117.55037354150878,180.37990011567342,185.52186843805288
C4,570,0.001,1110.6609502151668,1270.0210908017134,1600.3244358059997,1600.3244358059997,1600.3244358059997,428.8531501461122,1656.1983668055539
C4,570,0.01,1110.6609502151668,1180.563896594787,1600.3244358059997,1600.3244358059997,1600.3244358059997,428.8531501461122,1656.1983668055539
C4,570,0.05,117.55037354150878,117.55037354150878,117.55037354150878,117.55037354150878,117.55037354150878,180.37990011567342,185.52186843805288
C4,570,0.1,117.55037354150878,117.55037354150878,117.55037354150878,117.55037354150878,117.55037354150878,180.37990011567342,185.52186843805288
C4,600,0.001,1110.6609502151668,1270.0210908017134,1600.3244358059997,1600.3244358059997,1600.3244358059997,428.8531501461122,1656.1983668055539
C4,600,0.01,1110.6609502151668,1180.563896594787,1600.3244358059997,1600.3244358059997,1600.3244358059997,428.8531501461122,1656.1983668055539
C4,600,0.05,117.55037354150878,117.55037354150878,117.55037354150878,117.55037354150878,117.55037354150878,180.37990011567342,185.52186843805288
C4,600,0.1,117.55037354150878,117.55037354150878,117.55037354150878,117.55037354150878,117.55037354150878,180.37990011567342,185.52186843805288
C4,630,0.001,1110.6609502151668,1270.0210908017134,1600.3244358059997,1600.3244358059997,1600.3244358059997,428.8531501461122,1656.1983668055539
C4,630,0.01,1110.6609502151668,1180.563896594787,1600.3244358059997,1600.3244358059997,1600.3244358059997,428.8531501461122,1656.1983668055539
C4,630,0.05,117.55037354150878,117.55037354150878,117.55037354150878,117.55037354150878,117.55037354150878,180.37990011567342,185.52186843805288
C4,630,0.1,117.55037354150878,117.55037354150878,117.55037354150878,117.55037354150878,117.55037354150878,180.37990011567342,185.52186843805288
C4,660,0.001,1110.6609502151668,1270.0210908017134,1600.3244358059997,1600.3244358059997,1600.3244358059997,428.8531501461122,1656.1983668055539
C4,660,0.01,1110.6609502151668,1180.563896594787,1600.3244358059997,1600.3244358059997,1600.3244358059997,428.8531501461122,1656.1983668055539
C4,660,0.05,117.55037354150878,117.55037354150878,117.55037354150878,117.55037354150878,117.55037354150878,180.37990011567342,185.52186843805288
C4,660,0.1,117.55037354150878,117.55037354150878,117.55037354150878,117.55037354150878,117.55037354150878,180.37990011567342,185.52186843805288
C4,690,0.001,1110.6609502151668,1270.0210908017134,1600.3244358059997,1600.3244358059997,1600.3244358059997,428.8531501461122,1656.1983668055539
C4,690,0.01,1110.6609502151668,1180.563896594787,1600.3244358059997,1600.3244358059997,1600.3244358059997,428.8531501461122,1656.1983668055539
C4,690,0.05,117.55037354150878,117.55037354150878,117.55037354150878,117.55037354150878,117.55037354150878,180.37990011567342,185.52186843805288
C4,690,0.1,117.55037354150878,117.55037354150878,117.55037354150878,117.55037354150878,117.55037354150878,180.37990011567342,185.52186843805288
C4,720,0.001,1110.6609502151668,1270.0210908017134,1600.3244358059997,1600.3244358059997,1600.3244358059997,428.8531501461122,1656.1983668055539
C4,720,0.01,1110.6609502151668,1180.563896594787,1600.3244358059997,1600.3244358059997,1600.3244358059997,428.8531501461122,1656.1983668055539
C4,720,0.05,117.55037354150878,117.55037354150878,117.55037354150878,117.55037354150878,117.55037354150878,180.37990011567342,185.52186843805288
C4,720,0.1,117.55037354150878,117.55037354150878,117.55037354150878,117.55037354150878,117.55037354150878,180.37990011567342,185.52186843805288
C4,750,0.001,1110.6609502151668,1270.0210908017134,1600.3244358059997,1600.3244358059997,1600.3244358059997,428.8531501461122,1656.1983668055539
C4,750,0.01,1110.6609502151668,1180.563896594787,1600.3244358059997,1600.3244358059997,1600.3244358059997,428.8531501461122,1656.1983668055539
C4,750,0.05,117.55037354150878,117.55037354150878,117.55037354150878,117.55037354150878,117.55037354150878,180.37990011567342,185.52186843805288
C4,750,0.1,117.55037354150878,117.55037354150878,117.55037354150878,117.55037354150878,117.55037354150878,180.37990011567342,185.52186843805288
C4,780,0.001,1110.6609502151668,1270.0210908017134,1600.3244358059997,1600.3244358059997,1600.3244358059997,428.8531501461122,1656.1983668055539
C4,780,0.01,1110.6609502151668,1180.563896594787,1600.3244358059997,1600.3244358059997,1600.3244358059997,428.8531501461122,1656.1983668055539
C4,780,0.05,117.55037354150878,117.55037354150878,117.55037354150878,117.55037354150878,117.55037354150878,180.37990011567342,185.52186843805288
C4,780,0.1,117.55037354150878,117.55037354150878,117.55037354150878,117.55037354150878,117.55037354150878,180.37990011567342,185.52186843805288
C4,810,0.001,1110.6609502151668,1270.0210908017134,1600.3244358059997,1600.3244358059997,1600.3244358059997,428.8531501461122,1656.1983668055539
C4,810,0.01,1110.6609502151668,1180.563896594787,1600.3244358059997,1600.3244358059997,1600.3244358059997,428.8531501461122,1656.1983668055539
C4,810,0.05,117.55037354150878,117.55037354150878,117.55037354150878,117.55037354150878,117.55037354150878,180.37990011567342,185.52186843805288
C4,810,0.1,117.55037354150878,117.55037354150878,117.55037354150878,117.55037354150878,117.55037354150878,180.37990011567342,185.52186843805288
C4,840,0.001,1110.6609502151668,1270.0210908017134,1600.3244358059997,1600.3244358059997,1600.3244358059997,428.8531501461122,1656.1983668055539
C4,840,0.01,602.5692849541147,602.5692849541147,602.5692849541147,602.5692849541147,602.5692849541147,180.37990011567342,604.9185510107419
C4,840,0.05,117.55037354150878,117.55037354150878,117.55037354150878,117.55037354150878,117.55037354150878,180.37990011567342,185.52186843805288
C4,840,0.1,117.55037354150878,117.55037354150878,117.55037354150878,117.55037354150878,117.55037354150878,180.37990011567342,185.52186843805288
C4,870,0.001,1110.6609502151668,1270.0210908017134,1600.3244358059997,1600.3244358059997,1600.3244358059997,428.8531501461122,1656.1983668055539
C4,870,0.01,145.06328219628386,418.95007166795233,418.95007166795233,418.95007166795233,418.95007166795233,180.37990011567342,453.63441765453564
C4,870,0.05,117.55037354150878,117.55037354150878,117.55037354150878,117.55037354150878,117.55037354150878,180.37990011567342,185.52186843805288
C4,870,0.1,117.55037354150878,117.55037354150878,117.55037354150878,117.55037354150878,117.55037354150878,180.37990011567342,185.52186843805288
C4,900,0.001,1110.6609502151668,1270.0210908017134,1600.3244358059997,1600.3244358059997,1600.3244358059997,428.8531501461122,1656.1983668055539
C4,900,0.01,145.06328219628386,418.95007166795233,418.95007166795233,418.95007166795233,418.95007166795233,180.37990011567342,453.63441765453564
C4,900,0.05,117.55037354150878,117.55037354150878,117.55037354150878,117.55037354150878,117.55037354150878,180.37990011567342,185.52186843805288
C4,900,0.1,117.55037354150878,117.55037354150878,117.55037354150878,117.55037354150878,117.55037354150878,180.37990011567342,185.52186843805288
C5,30,0.001,464.2049056638914,509.4597396598304,509.4597396598304,509.4597396598304,509.4597396598304,256.6147115562749,538.1316197583781
C5,30,0.01,464.2049056638914,509.4597396598304,509.4597396598304,509.4597396598304,509.4597396598304,256.6147115562749,538.1316197583781
C5,30,0.05,464.2049056638914,464.2049056638914,464.2049056638914,464.2049056638914,464.2049056638914,256.6147115562749,481.3175578216004
C5,30,0.1,464.2049056638914,464.2049056638914,464.2049056638914,464.2049056638914,464.2049056638914,256.6147115562749,481.3175578216004
C5,60,0.001,875.1598858206247,875.1598858206247,875.1598858206247,875.1598858206247,875.1598858206247,302.64170234784234,875.3568043982187
C5,60,0.01,875.1598858206247,875.1598858206247,875.1598858206247,875.1598858206247,875.1598858206247,302.64170234784234,875.3568043982187
C5,60,0.05,828.4695047556593,828.4695047556593,828.4695047556593,828.4695047556593,828.4695047556593,302.64170234784234,826.452133169055
C5,60,0.1,828.4695047556593,828.4695047556593,828.4695047556593,828.4695047556593,828.4695047556593,256.6147115562749,826.452133169055
C5,90,0.001,1050.6902256499422,1050.6902256499422,1050.6902256499422,1050.6902256499422,1050.6902256499422,302.64170234784234,1051.2626159728686
C5,90,0.01,1050.6902256499422,1050.6902256499422,1050.6902256499422,1050.6902256499422,1050.6902256499422,302.64170234784234,1051.2626159728686
C5,90,0.05,1050.6902256499422,1050.6902256499422,1050.6902256499422,1050.6902256499422,1050.6902256499422,253.69656273971458,1051.2626159728686
C5,90,0.1,1050.6902256499422,1050.6902256499422,1050.6902256499422,1050.6902256499422,1050.6902256499422,253.69656273971458,1051.2626159728686
C5,120,0.001,1110.6609502151668,1110.6609502151668,1110.6609502151668,1110.6609502151668,1110.6609502151668,302.64170234784234,1104.3933984719354
C5,120,0.01,1110.6609502151668,1110.6609502151668,1110.6609502151668,1110.6609502151668,1110.6609502151668,302.64170234784234,1104.3933984719354
C5,120,0.05,1110.6609502151668,1110.6609502151668,1110.6609502151668,1110.6609502151668,1110.6609502151668,253.69656273971458,1104.3933984719354
C5,120,0.1,1110.6609502151668,1110.6609502151668,1110.6609502151668,1110.6609502151668,1110.6609502151668,253.69656273971458,1104.3933984719354
C5,150,0.001,1110.6609502151668,1180.563896594787,1283.7837360643173,1283.7837360643173,1283.7837360643173,325.68009765959096,1283.223506201283
C5,150,0.01,1110.6609502151668,1180.563896594787,1232.1738163295522,1232.1738163295522,1232.1738163295522,302.64170234784234,1227.527400163063
C5,150,0.05,1110.6609502151668,1180.563896594787,1232.1738163295522,1232.1738163295522,1232.1738163295522,286.73502682748074,1227.527400163063
C5,150,0.1,1110.6609502151668,1180.563896594787,1180.563896594787,1180.563896594787,1180.563896594787,286.73502682748074,1172.6791843614615
C5,180,0.001,1110.6609502151668,1270.0210908017134,1410.6785487712323,1410.6785487712323,1410.6785487712323,415.1372918665172,1426.2338766439907
C5,180,0.01,1110.6609502151668,1270.0210908017134,1370.698065727749,1370.698065727749,1370.698065727749,415.1372918665172,1396.7521842833703
C5,180,0.05,1110.6609502151668,1218.411171066948,1370.698065727749,1370.698065727749,1370.698065727749,415.1372918665172,1396.7521842833703
C5,180,0.1,1110.6609502151668,1218.411171066948,1370.698065727749,1370.698065727749,1370.698065727749,415.1372918665172,1396.7521842833703
C5,210,0.001,1110.6609502151668,1270.0210908017134,1460.654152575586,1460.654152575586,1460.654152575586,415.1372918665172,1482.7535599698865
C5,210,0.01,1110.6609502151668,1270.0210908017134,1460.654152575586,1460.654152575586,1460.654152575586,415.1372918665172,1482.7535599698865
C5,210,0.05,1110.6609502151668,1270.0210908017134,1460.654152575586,1460.654152575586,1460.654152575586,415.1372918665172,1482.7535599698865
C5,210,0.1,1110.6609502151668,1218.411171066948,1410.6785487712323,1410.6785487712323,1410.6785487712323,415.1372918665172,1426.2338766439907
C5,240,0.001,1110.6609502151668,1270.0210908017134,1500.6346356190693,1500.6346356190693,1500.6346356190693,415.1372918665172,1513.2668390571282
C5,240,0.01,1110.6609502151668,1270.0210908017134,1500.6346356190693,1500.6346356190693,1500.6346356190693,415.1372918665172,1513.2668390571282
C5,240,0.05,1110.6609502151668,1180.563896594787,1500.6346356190693,1500.6346356190693,1500.6346356190693,415.1372918665172,1513.2668390571282
C5,240,0.1,1110.6609502151668,1180.563896594787,1460.654152575586,1460.654152575586,1460.654152575586,415.1372918665172,1482.7535599698865
C5,270,0.001,1110.6609502151668,1270.0210908017134,1540.9274661863296,1540.9274661863296,1540.9274661863296,418.8580293852415,1569.2621116009836
C5,270,0.01,1110.6609502151668,1270.0210908017134,1540.9274661863296,1540.9274661863296,1540.9274661863296,418.8580293852415,1569.2621116009836
C5,270,0.05,1110.6609502151668,1180.563896594787,1540.9274661863296,1540.9274661863296,1540.9274661863296,418.8580293852415,1569.2621116009836
C5,270,0.1,1110.6609502151668,1180.563896594787,1540.9274661863296,1540.9274661863296,1540.9274661863296,418.8580293852415,1569.2621116009836
C5,300,0.001,1110.6609502151668,1270.0210908017134,1600.3244358059997,1600.3244358059997,1600.3244358059997,418.8580293852415,1656.1983668055539
C5,300,0.01,1110.6609502151668,1270.0210908017134,1600.3244358059997,1600.3244358059997,1600.3244358059997,418.8580293852415,1656.1983668055539
C5,300,0.05,1110.6609502151668,1180.563896594787,1555.0696018100607,1555.0696018100607,1555.0696018100607,418.8580293852415,1625.8482781682933
C5,300,0.1,1110.6609502151668,1180.563896594787,1555.0696018100607,1555.0696018100607,1555.0696018100607,418.8580293852415,1625.8482781682933
C5,330,0.001,1110.6609502151668,1270.0210908017134,1600.3244358059997,1600.3244358059997,1600.3244358059997,428.8531501461122,1656.1983668055539
C5,330,0.01,1110.6609502151668,1270.0210908017134,1600.3244358059997,1600.3244358059997,1600.3244358059997,428.8531501461122,1656.1983668055539
C5,330,0.05,1110.6609502151668,1180.563896594787,1600.3244358059997,1600.3244358059997,1600.3244358059997,428.8531501461122,1656.1983668055539
C5,330,0.1,1110.6609502151668,1180.563896594787,1600.3244358059997,1600.3244358059997,1600.3244358059997,428.8531501461122,1656.1983668055539
C5,360,0.001,1110.6609502151668,1270.0210908017134,1600.3244358059997,1600.3244358059997,1600.3244358059997,428.8531501461122,1656.1983668055539
C5,360,0.01,1110.6609502151668,1270.0210908017134,1600.3244358059997,1600.3244358059997,1600.3244358059997,428.8531501461122,1656.1983668055539
C5,360,0.05,1110.6609502151668,1180.563896594787,1600.3244358059997,1600.3244358059997,1600.3244358059997,428.8531501461122,1656.1983668055539
C5,360,0.1,1110.6609502151668,1180.563896594787,1600.3244358059997,1600.3244358059997,1600.3244358059997,428.8531501461122,1656.1983668055539
C5,390,0.001,1110.6609502151668,1270.0210908017134,1600.3244358059997,1600.3244358059997,1600.3244358059997,428.8531501461122,1656.1983668055539
C5,390,0.01,1110.6609502151668,1270.0210908017134,1600.3244358059997,1600.3244358059997,1600.3244358059997,428.8531501461122,1656.1983668055539
C5,390,0.05,1110.6609502151668,1180.563896594787,1600.3244358059997,1600.3244358059997,1600.3244358059997,428.8531501461122,1656.1983668055539
C5,390,0.1,1110.6609502151668,1180.563896594787,1600.3244358059997,1600.3244358059997,1600.3244358059997,428.8531501461122,1656.1983668055539
C5,420,0.001,1110.6609502151668,1270.0210908017134,1600.3244358059997,1600.3244358059997,1600.3244358059997,428.8531501461122,1656.1983668055539
C5,420,0.01,1110.6609502151668,1270.0210908017134,1600.3244358059997,1600.3244358059997,1600.3244358059997,428.8531501461122,1656.1983668055539
C5,420,0.05,1110.6609502151668,1180.563896594787,1600.3244358059997,1600.3244358059997,1600.3244358059997,428.8531501461122,1656.1983668055539
C5,420,0.1,1110.6609502151668,1180.563896594787,1600.3244358059997,1600.3244358059997,1600.3244358059997,428.8531501461122,1656.1983668055539
C5,450,0.001,1110.6609502151668,1270.0210908017134,1600.3244358059997,1600.3244358059997,1600.3244358059997,428.8531501461122,1656.1983668055539
C5,450,0.01,1110.6609502151668,1270.0210908017134,1600.3244358059997,1600.3244358059997,1600.3244358059997,428.8531501461122,1656.1983668055539
C5,450,0.05,1110.6609502151668,1180.563896594787,1600.3244358059997,1600.3244358059997,1600.3244358059997,428.8531501461122,1656.1983668055539
C5,450,0.1,1110.6609502151668,1180.563896594787,1600.3244358059997,1600.3244358059997,1600.3244358059997,428.8531501461122,1656.1983668055539
C5,480,0.001,1110.6609502151668,1270.0210908017134,1600.3244358059997,1600.3244358059997,1600.3244358059997,428.8531501461122,1656.1983668055539
C5,480,0.01,1110.6609502151668,1180.563896594787,1600.3244358059997,1600.3244358059997,1600.3244358059997,428.8531501461122,1656.1983668055539
C5,480,0.05,1110.6609502151668,1180.563896594787,1600.3244358059997,1600.3244358059997,1600.3244358059997,428.8531501461122,1656.1983668055539
C5,480,0.1,1110.6609502151668,1180.563896594787,1600.3244358059997,1600.3244358059997,1600.3244358059997,428.8531501461122,1656.1983668055539
C5,510,0.001,1110.6609502151668,1270.0210908017134,1600.3244358059997,1600.3244358059997,1600.3244358059997,428.8531501461122,1656.1983668055539
C5,510,0.01,1110.6609502151668,1180.563896594787,1600.3244358059997,1600.3244358059997,1600.3244358059997,428.8531501461122,1656.1983668055539
C5,510,0.05,1110.6609502151668,1180.563896594787,1600.3244358059997,1600.3244358059997,1600.3244358059997,428.8531501461122,1656.1983668055539
C5,510,0.1,1110.6609502151668,1180.563896594787,1600.3244358059997,1600.3244358059997,1600.3244358059997,428.8531501461122,1656.1983668055539
C5,540,0.001,1110.6609502151668,1270.0210908017134,1600.3244358059997,1600.3244358059997,1600.3244358059997,428.8531501461122,1656.1983668055539
C5,540,0.01,1110.6609502151668,1180.563896594787,1600.3244358059997,1600.3244358059997,1600.3244358059997,428.8531501461122,1656.1983668055539
C5,540,0.05,1110.6609502151668,1180.563896594787,1600.3244358059997,1600.3244358059997,1600.3244358059997,428.8531501461122,1656.1983668055539
C5,540,0.1,1110.6609502151668,1180.563896594787,1600.3244358059997,1600.3244358059997,1600.3244358059997,428.8531501461122,1656.1983668055539
C5,570,0.001,1110.6609502151668,1270.0210908017134,1600.3244358059997,1600.3244358059997,1600.3244358059997,428.8531501461122,1656.1983668055539
C5,570,0.01,1110.6609502151668,1180.563896594787,1600.3244358059997,1600.3244358059997,1600.3244358059997,428.8531501461122,1656.1983668055539
C5,570,0.05,1110.6609502151668,1180.563896594787,1600.3244358059997,1600.3244358059997,1600.3244358059997,428.8531501461122,1656.1983668055539
C5,570,0.1,649.3568221216583,649.3568221216583,649.3568221216583,649.3568221216583,649.3568221216583,216.8858065036402,657.2955971808738
C5,600,0.001,1110.6609502151668,1270.0210908017134,1600.3244358059997,1600.3244358059997,1600.3244358059997,428.8531501461122,1656.1983668055539
C5,600,0.01,1110.6609502151668,1180.563896594787,1600.3244358059997,1600.3244358059997,1600.3244358059997,428.8531501461122,1656.1983668055539
C5,600,0.05,1110.6609502151668,1180.563896594787,1600.3244358059997,1600.3244358059997,1600.3244358059997,428.8531501461122,1656.1983668055539
C5,600,0.1,649.3568221216583,649.3568221216583,649.3568221216583,649.3568221216583,649.3568221216583,216.8858065036402,657.2955971808738
C5,630,0.001,1110.6609502151668,1270.0210908017134,1600.3244358059997,1600.3244358059997,1600.3244358059997,428.8531501461122,1656.1983668055539
C5,630,0.01,1110.6609502151668,1180.563896594787,1600.3244358059997,1600.3244358059997,1600.3244358059997,428.8531501461122,1656.1983668055539
C5,630,0.05,649.3568221216583,649.3568221216583,649.3568221216583,649.3568221216583,649.3568221216583,216.8858065036402,657.2955971808738
C5,630,0.1,602.5692849541147,602.5692849541147,602.5692849541147,602.5692849541147,602.5692849541147,216.8858065036402,604.9185510107419
C5,660,0.001,1110.6609502151668,1270.0210908017134,1600.3244358059997,1600.3244358059997,1600.3244358059997,428.8531501461122,1656.1983668055539
C5,660,0.01,1110.6609502151668,1180.563896594787,1600.3244358059997,1600.3244358059997,1600.3244358059997,428.8531501461122,1656.1983668055539
C5,660,0.05,1110.6609502151668,1180.563896594787,1600.3244358059997,1600.3244358059997,1600.3244358059997,428.8531501461122,1656.1983668055539
C5,660,0.1,602.5692849541147,602.5692849541147,602.5692849541147,602.5692849541147,602.5692849541147,216.8858065036402,604.9185510107419
C5,690,0.001,1110.6609502151668,1270.0210908017134,1600.3244358059997,1600.3244358059997,1600.3244358059997,428.8531501461122,1656.1983668055539
C5,690,0.01,1110.6609502151668,1180.563896594787,1600.3244358059997,1600.3244358059997,1600.3244358059997,428.8531501461122,1656.1983668055539
C5,690,0.05,1110.6609502151668,1180.563896594787,1600.3244358059997,1600.3244358059997,1600.3244358059997,428.8531501461122,1656.1983668055539
C5,690,0.1,602.5692849541147,602.5692849541147,602.5692849541147,602.5692849541147,602.5692849541147,216.8858065036402,604.9185510107419
C5,720,0.001,1110.6609502151668,1270.0210908017134,1600.3244358059997,1600.3244358059997,1600.3244358059997,428.8531501461122,1656.1983668055539
C5,720,0.01,1110.6609502151668,1180.563896594787,1600.3244358059997,1600.3244358059997,1600.3244358059997,428.8531501461122,1656.1983668055539
C5,720,0.05,1110.6609502151668,1180.563896594787,1600.3244358059997,1600.3244358059997,1600.3244358059997,428.8531501461122,1656.1983668055539
C5,720,0.1,188.83551444468895,418.95007166795233,418.95007166795233,418.95007166795233,418.95007166795233,216.8858065036402,453.63441765453564
C5,750,0.001,1110.6609502151668,1270.0210908017134,1600.3244358059997,1600.3244358059997,1600.3244358059997,428.8531501461122,1656.1983668055539
C5,750,0.01,1110.6609502151668,1180.563896594787,1600.3244358059997,1600.3244358059997,1600.3244358059997,428.8531501461122,1656.1983668055539
C5,750,0.05,602.5692849541147,602.5692849541147,602.5692849541147,602.5692849541147,602.5692849541147,216.8858065036402,604.9185510107419
C5,750,0.1,188.83551444468895,418.95007166795233,418.95007166795233,418.95007166795233,418.95007166795233,216.8858065036402,453.63441765453564
C5,780,0.001,1110.6609502151668,1270.0210908017134,1600.3244358059997,1600.3244358059997,1600.3244358059997,428.8531501461122,1656.1983668055539
C5,780,0.01,1110.6609502151668,1180.563896594787,1600.3244358059997,1600.3244358059997,1600.3244358059997,428.8531501461122,1656.1983668055539
C5,780,0.05,188.83551444468895,418.95007166795233,418.95007166795233,418.95007166795233,418.95007166795233,216.8858065036402,453.63441765453564
C5,780,0.1,188.83551444468895,418.95007166795233,418.95007166795233,418.95007166795233,418.95007166795233,216.8858065036402,453.63441765453564
C5,810,0.001,1110.6609502151668,1270.0210908017134,1600.3244358059997,1600.3244358059997,1600.3244358059997,428.8531501461122,1656.1983668055539
C5,810,0.01,1110.6609502151668,1180.563896594787,1600.3244358059997,1600.3244358059997,1600.3244358059997,428.8531501461122,1656.1983668055539
C5,810,0.05,188.83551444468895,418.95007166795233,418.95007166795233,418.95007166795233,418.95007166795233,216.8858065036402,453.63441765453564
C5,810,0.1,188.83551444468895,418.95007166795233,418.95007166795233,418.95007166795233,418.95007166795233,216.8858065036402,453.63441765453564
C5,840,0.001,1110.6609502151668,1270.0210908017134,1600.3244358059997,1600.3244358059997,1600.3244358059997,428.8531501461122,1656.1983668055539
C5,840,0.01,602.5692849541147,602.5692849541147,602.5692849541147,602.5692849541147,602.5692849541147,216.8858065036402,604.9185510107419
C5,840,0.05,188.83551444468895,418.95007166795233,418.95007166795233,418.95007166795233,418.95007166795233,216.8858065036402,453.63441765453564
C5,840,0.1,188.83551444468895,418.95007166795233,418.95007166795233,418.95007166795233,418.95007166795233,216.8858065036402,453.63441765453564
C5,870,0.001,1110.6609502151668,1270.0210908017134,1600.3244358059997,1600.3244358059997,1600.3244358059997,428.8531501461122,1656.1983668055539
C5,870,0.01,602.5692849541147,602.5692849541147,602.5692849541147,602.5692849541147,602.5692849541147,216.8858065036402,604.9185510107419
C5,870,0.05,188.83551444468895,418.95007166795233,418.95007166795233,418.95007166795233,418.95007166795233,216.8858065036402,453.63441765453564
C5,870,0.1,188.83551444468895,418.95007166795233,418.95007166795233,418.95007166795233,418.95007166795233,216.8858065036402,453.63441765453564
C5,900,0.001,1110.6609502151668,1270.0210908017134,1600.3244358059997,1600.3244358059997,1600.3244358059997,428.8531501461122,1656.1983668055539
C5,900,0.01,188.83551444468895,418.95007166795233,418.95007166795233,418.95007166795233,418.95007166795233,216.8858065036402,453.63441765453564
C5,900,0.05,188.83551444468895,418.95007166795233,418.95007166795233,418.95007166795233,418.95007166795233,216.8858065036402,453.63441765453564
C5,900,0.1,188.83551444468895,418.95007166795233,418.95007166795233,418.95007166795233,418.95007166795233,216.8858065036402,453.63441765453564
C6,30,0.001,188.83551444468895,323.0703600064646,323.0703600064646,323.0703600064646,323.0703600064646,209.9243304913095,371.976786342594
C6,30,0.01,188.83551444468895,323.0703600064646,323.0703600064646,323.0703600064646,323.0703600064646,209.9243304913095,371.976786342594
C6,30,0.05,188.83551444468895,323.0703600064646,323.0703600064646,323.0703600064646,323.0703600064646,209.9243304913095,371.976786342594
C6,30,0.1,188.83551444468895,323.0703600064646,323.0703600064646,323.0703600064646,323.0703600064646,209.9243304913095,371.976786342594
C6,60,0.001,602.5692849541147,602.5692849541147,602.5692849541147,602.5692849541147,602.5692849541147,256.6147115562749,604.9185510107419
C6,60,0.01,602.5692849541147,602.5692849541147,602.5692849541147,602.5692849541147,602.5692849541147,256.6147115562749,604.9185510107419
C6,60,0.05,558.900916931074,558.900916931074,558.900916931074,558.900916931074,558.900916931074,256.6147115562749,568.911281985474
C6,60,0.1,558.900916931074,558.900916931074,558.900916931074,558.900916931074,558.900916931074,256.6147115562749,568.911281985474
C6,90,0.001,875.1598858206247,875.1598858206247,875.1598858206247,875.1598858206247,875.1598858206247,256.6147115562749,875.3568043982187
C6,90,0.01,875.1598858206247,875.1598858206247,875.1598858206247,875.1598858206247,875.1598858206247,256.6147115562749,875.3568043982187
C6,90,0.05,828.4695047556593,828.4695047556593,828.4695047556593,828.4695047556593,828.4695047556593,256.6147115562749,826.452133169055
C6,90,0.1,828.4695047556593,828.4695047556593,828.4695047556593,828.4695047556593,828.4695047556593,256.6147115562749,826.452133169055
C6,120,0.001,1050.6902256499422,1050.6902256499422,1050.6902256499422,1050.6902256499422,1050.6902256499422,256.6147115562749,1051.2626159728686
C6,120,0.01,1050.6902256499422,1050.6902256499422,1050.6902256499422,1050.6902256499422,1050.6902256499422,256.6147115562749,1051.2626159728686
C6,120,0.05,1000.7146218455883,1000.7146218455883,1000.7146218455883,1000.7146218455883,1000.7146218455883,256.6147115562749,1007.2070487370971
C6,120,0.1,1000.7146218455883,1000.7146218455883,1000.7146218455883,1000.7146218455883,1000.7146218455883,256.6147115562749,1007.2070487370971
C6,150,0.001,1110.6609502151668,1110.6609502151668,1110.6609502151668,1110.6609502151668,1110.6609502151668,256.6147115562749,1104.3933984719354
C6,150,0.01,1110.6609502151668,1110.6609502151668,1110.6609502151668,1110.6609502151668,1110.6609502151668,216.8858065036402,1104.3933984719354
C6,150,0.05,1110.6609502151668,1110.6609502151668,1110.6609502151668,1110.6609502151668,1110.6609502151668,216.8858065036402,1104.3933984719354
C6,150,0.1,1100.6658294542963,1100.6658294542963,1100.6658294542963,1100.6658294542963,1100.6658294542963,216.8858065036402,1097.2839816832036
C6,180,0.001,1110.6609502151668,1180.563896594787,1232.1738163295522,1232.1738163295522,1232.1738163295522,286.73502682748074,1227.527400163063
C6,180,0.01,1110.6609502151668,1180.563896594787,1180.563896594787,1180.563896594787,1180.563896594787,246.7545437839976,1172.6791843614615
C6,180,0.05,1110.6609502151668,1180.563896594787,1180.563896594787,1180.563896594787,1180.563896594787,246.7545437839976,1172.6791843614615
C6,180,0.1,1110.6609502151668,1180.563896594787,1180.563896594787,1180.563896594787,1180.563896594787,246.7545437839976,1172.6791843614615
C6,210,0.001,1110.6609502151668,1180.563896594787,1370.698065727749,1370.698065727749,1370.698065727749,415.1372918665172,1396.7521842833703
C6,210,0.01,1110.6609502151668,1180.563896594787,1335.3936557990826,1335.3936557990826,1335.3936557990826,415.1372918665172,1339.6617541692904
C6,210,0.05,1110.6609502151668,1180.563896594787,1335.3936557990826,1335.3936557990826,1335.3936557990826,376.6911136753178,1339.6617541692904
C6,210,0.1,1110.6609502151668,1180.563896594787,1283.7837360643173,1283.7837360643173,1283.7837360643173,376.6911136753178,1283.223506201283
C6,240,0.001,1110.6609502151668,1270.0210908017134,1460.654152575586,1460.654152575586,1460.654152575586,415.1372918665172,1482.7535599698865
C6,240,0.01,1110.6609502151668,1218.411171066948,1460.654152575586,1460.654152575586,1460.654152575586,415.1372918665172,1482.7535599698865
C6,240,0.05,1110.6609502151668,1218.411171066948,1410.6785487712323,1410.6785487712323,1410.6785487712323,415.1372918665172,1426.2338766439907
C6,240,0.1,1110.6609502151668,1218.411171066948,1410.6785487712323,1410.6785487712323,1410.6785487712323,415.1372918665172,1426.2338766439907
C6,270,0.001,1110.6609502151668,1270.0210908017134,1460.654152575586,1460.654152575586,1460.654152575586,415.1372918665172,1482.7535599698865
C6,270,0.01,1110.6609502151668,1270.0210908017134,1460.654152575586,1460.654152575586,1460.654152575586,415.1372918665172,1482.7535599698865
C6,270,0.05,1110.6609502151668,1218.411171066948,1460.654152575586,1460.654152575586,1460.654152575586,415.1372918665172,1482.7535599698865
C6,270,0.1,1110.6609502151668,1180.563896594787,1460.654152575586,1460.654152575586,1460.654152575586,415.1372918665172,1482.7535599698865
C6,300,0.001,1110.6609502151668,1270.0210908017134,1540.9274661863296,1540.9274661863296,1540.9274661863296,415.1372918665172,1569.2621116009836
C6,300,0.01,1110.6609502151668,1270.0210908017134,1540.9274661863296,1540.9274661863296,1540.9274661863296,415.1372918665172,1569.2621116009836
C6,300,0.05,1110.6609502151668,1218.411171066948,1540.9274661863296,1540.9274661863296,1540.9274661863296,415.1372918665172,1569.2621116009836
C6,300,0.1,1110.6609502151668,1180.563896594787,1500.6346356190693,1500.6346356190693,1500.6346356190693,415.1372918665172,1513.2668390571282
C6,330,0.001,1110.6609502151668,1270.0210908017134,1540.9274661863296,1540.9274661863296,1540.9274661863296,428.8531501461122,1569.2621116009836
C6,330,0.01,1110.6609502151668,1270.0210908017134,1540.9274661863296,1540.9274661863296,1540.9274661863296,428.8531501461122,1569.2621116009836
C6,330,0.05,1110.6609502151668,1180.563896594787,1540.9274661863296,1540.9274661863296,1540.9274661863296,428.8531501461122,1569.2621116009836
C6,330,0.1,1110.6609502151668,1180.563896594787,1540.9274661863296,1540.9274661863296,1540.9274661863296,428.8531501461122,1569.2621116009836
C6,360,0.001,1110.6609502151668,1270.0210908017134,1600.3244358059997,1600.3244358059997,1600.3244358059997,428.8531501461122,1656.1983668055539
C6,360,0.01,1110.6609502151668,1270.0210908017134,1600.3244358059997,1600.3244358059997,1600.3244358059997,428.8531501461122,1656.1983668055539
C6,360,0.05,1110.6609502151668,1180.563896594787,1600.3244358059997,1600.3244358059997,1600.3244358059997,428.8531501461122,1656.1983668055539
C6,360,0.1,1110.6609502151668,1180.563896594787,1600.3244358059997,1600.3244358059997,1600.3244358059997,428.8531501461122,1656.1983668055539
C6,390,0.001,1110.6609502151668,1270.0210908017134,1600.3244358059997,1600.3244358059997,1600.3244358059997,428.8531501461122,1656.1983668055539
C6,390,0.01,1110.6609502151668,1270.0210908017134,1600.3244358059997,1600.3244358059997,1600.3244358059997,428.8531501461122,1656.1983668055539
C6,390,0.05,1110.6609502151668,1180.563896594787,1600.3244358059997,1600.3244358059997,1600.3244358059997,428.8531501461122,1656.1983668055539
C6,390,0.1,1110.6609502151668,1180.563896594787,1600.3244358059997,1600.3244358059997,1600.3244358059997,428.8531501461122,1656.1983668055539
C6,420,0.001,1110.6609502151668,1270.0210908017134,1600.3244358059997,1600.3244358059997,1600.3244358059997,428.8531501461122,1656.1983668055539
C6,420,0.01,1110.6609502151668,1270.0210908017134,1600.3244358059997,1600.3244358059997,1600.3244358059997,428.8531501461122,1656.1983668055539
C6,420,0.05,1110.6609502151668,1180.563896594787,1600.3244358059997,1600.3244358059997,1600.3244358059997,428.8531501461122,1656.1983668055539
C6,420,0.1,1110.6609502151668,1180.563896594787,1600.3244358059997,1600.3244358059997,1600.3244358059997,428.8531501461122,1656.1983668055539
C6,450,0.001,1110.6609502151668,1270.0210908017134,1600.3244358059997,1600.3244358059997,1600.3244358059997,428.8531501461122,1656.1983668055539
C6,450,0.01,1110.6609502151668,1270.0210908017134,1600.3244358059997,1600.3244358059997,1600.3244358059997,428.8531501461122,1656.1983668055539
C6,450,0.05,1110.6609502151668,1180.563896594787,1600.3244358059997,1600.3244358059997,1600.3244358059997,428.8531501461122,1656.1983668055539
C6,450,0.1,1110.6609502151668,1180.563896594787,1600.3244358059997,1600.3244358059997,1600.3244358059997,428.8531501461122,1656.1983668055539
C6,480,0.001,1110.6609502151668,1270.0210908017134,1600.3244358059997,1600.3244358059997,1600.3244358059997,428.8531501461122,1656.1983668055539
C6,480,0.01,1110.6609502151668,1270.0210908017134,1600.3244358059997,1600.3244358059997,1600.3244358059997,428.8531501461122,1656.1983668055539
C6,480,0.05,1110.6609502151668,1180.563896594787,1600.3244358059997,1600.3244358059997,1600.3244358059997,428.8531501461122,1656.1983668055539
C6,480,0.1,1110.6609502151668,1180.563896594787,1600.3244358059997,1600.3244358059997,1600.3244358059997,428.8531501461122,1656.1983668055539
C6,510,0.001,1110.6609502151668,1270.0210908017134,1600.3244358059997,1600.3244358059997,1600.3244358059997,428.8531501461122,1656.1983668055539
C6,510,0.01,1110.6609502151668,1180.563896594787,1600.3244358059997,1600.3244358059997,1600.3244358059997,428.8531501461122,1656.1983668055539
C6,510,0.05,1110.6609502151668,1180.563896594787,1600.3244358059997,1600.3244358059997,1600.3244358059997,428.8531501461122,1656.1983668055539
C6,510,0.1,1110.6609502151668,1180.563896594787,1600.3244358059997,1600.3244358059997,1600.3244358059997,428.8531501461122,1656.1983668055539
C6,540,0.001,1110.6609502151668,1270.0210908017134,1600.3244358059997,1600.3244358059997,1600.3244358059997,428.8531501461122,1656.1983668055539
C6,540,0.01,1110.6609502151668,1180.563896594787,1600.3244358059997,1600.3244358059997,1600.3244358059997,428.8531501461122,1656.1983668055539
C6,540,0.05,1110.6609502151668,1180.563896594787,1600.3244358059997,1600.3244358059997,1600.3244358059997,428.8531501461122,1656.1983668055539
C6,540,0.1,1110.6609502151668,1180.563896594787,1600.3244358059997,1600.3244358059997,1600.3244358059997,428.8531501461122,1656.1983668055539
C6,570,0.001,1110.6609502151668,1270.0210908017134,1600.3244358059997,1600.3244358059997,1600.3244358059997,428.8531501461122,1656.1983668055539
C6,570,0.01,1110.6609502151668,1180.563896594787,1600.3244358059997,1600.3244358059997,1600.3244358059997,428.8531501461122,1656.1983668055539
C6,570,0.05,1110.6609502151668,1180.563896594787,1600.3244358059997,1600.3244358059997,1600.3244358059997,428.8531501461122,1656.1983668055539
C6,570,0.1,1110.6609502151668,1180.563896594787,1600.3244358059997,1600.3244358059997,1600.3244358059997,428.8531501461122,1656.1983668055539
C6,600,0.001,1110.6609502151668,1270.0210908017134,1600.3244358059997,1600.3244358059997,1600.3244358059997,428.8531501461122,1656.1983668055539
C6,600,0.01,1110.6609502151668,1180.563896594787,1600.3244358059997,1600.3244358059997,1600.3244358059997,428.8531501461122,1656.1983668055539
C6,600,0.05,1110.6609502151668,1180.563896594787,1600.3244358059997,1600.3244358059997,1600.3244358059997,428.8531501461122,1656.1983668055539
C6,600,0.1,1110.6609502151668,1180.563896594787,1600.3244358059997,1600.3244358059997,1600.3244358059997,428.8531501461122,1656.1983668055539
C6,630,0.001,1110.6609502151668,1270.0210908017134,1600.3244358059997,1600.3244358059997,1600.3244358059997,428.8531501461122,1656.1983668055539
C6,630,0.01,1110.6609502151668,1180.563896594787,1600.3244358059997,1600.3244358059997,1600.3244358059997,428.8531501461122,1656.1983668055539
C6,630,0.05,1110.6609502151668,1180.563896594787,1600.3244358059997,1600.3244358059997,1600.3244358059997,428.8531501461122,1656.1983668055539
C6,630,0.1,1110.6609502151668,1180.563896594787,1600.3244358059997,1600.3244358059997,1600.3244358059997,428.8531501461122,1656.1983668055539
C6,660,0.001,1110.6609502151668,1270.0210908017134,1600.3244358059997,1600.3244358059997,1600.3244358059997,428.8531501461122,1656.1983668055539
C6,660,0.01,1110.6609502151668,1180.563896594787,1600.3244358059997,1600.3244358059997,1600.3244358059997,428.8531501461122,1656.1983668055539
C6,660,0.05,1110.6609502151668,1180.563896594787,1600.3244358059997,1600.3244358059997,1600.3244358059997,428.8531501461122,1656.1983668055539
C6,660,0.1,649.3568221216583,649.3568221216583,649.3568221216583,649.3568221216583,649.3568221216583,216.8858065036402,657.2955971808738
C6,690,0.001,1110.6609502151668,1270.0210908017134,1600.3244358059997,1600.3244358059997,1600.3244358059997,428.8531501461122,1656.1983668055539
C6,690,0.01,1110.6609502151668,1180.563896594787,1600.3244358059997,1600.3244358059997,1600.3244358059997,428.8531501461122,1656.1983668055539
C6,690,0.05,1110.6609502151668,1180.563896594787,1600.3244358059997,1600.3244358059997,1600.3244358059997,428.8531501461122,1656.1983668055539
C6,690,0.1,649.3568221216583,649.3568221216583,649.3568221216583,649.3568221216583,649.3568221216583,216.8858065036402,657.2955971808738
C6,720,0.001,1110.6609502151668,1270.0210908017134,1600.3244358059997,1600.3244358059997,1600.3244358059997,428.8531501461122,1656.1983668055539
C6,720,0.01,1110.6609502151668,1180.563896594787,1600.3244358059997,1600.3244358059997,1600.3244358059997,428.8531501461122,1656.1983668055539
C6,720,0.05,649.3568221216583,649.3568221216583,649.3568221216583,649.3568221216583,649.3568221216583,216.8858065036402,657.2955971808738
C6,720,0.1,602.5692849541147,602.5692849541147,602.5692849541147,602.5692849541147,602.5692849541147,216.8858065036402,604.9185510107419
C6,750,0.001,1110.6609502151668,1270.0210908017134,1600.3244358059997,1600.3244358059997,1600.3244358059997,428.8531501461122,1656.1983668055539
C6,750,0.01,1110.6609502151668,1180.563896594787,1600.3244358059997,1600.3244358059997,1600.3244358059997,428.8531501461122,1656.1983668055539
C6,750,0.05,1110.6609502151668,1180.563896594787,1600.3244358059997,1600.3244358059997,1600.3244358059997,428.8531501461122,1656.1983668055539
C6,750,0.1,602.5692849541147,602.5692849541147,602.5692849541147,602.5692849541147,602.5692849541147,216.8858065036402,604.9185510107419
C6,780,0.001,1110.6609502151668,1270.0210908017134,1600.3244358059997,1600.3244358059997,1600.3244358059997,428.8531501461122,1656.1983668055539
C6,780,0.01,1110.6609502151668,1180.563896594787,1600.3244358059997,1600.3244358059997,1600.3244358059997,428.8531501461122,1656.1983668055539
C6,780,0.05,1110.6609502151668,1180.563896594787,1600.3244358059997,1600.3244358059997,1600.3244358059997,428.8531501461122,1656.1983668055539
C6,780,0.1,188.83551444468895,418.95007166795233,418.95007166795233,418.95007166795233,418.95007166795233,216.8858065036402,453.63441765453564
C6,810,0.001,1110.6609502151668,1270.0210908017134,1600.3244358059997,1600.3244358059997,1600.3244358059997,428.8531501461122,1656.1983668055539
C6,810,0.01,1110.6609502151668,1180.563896594787,1600.3244358059997,1600.3244358059997,1600.3244358059997,428.8531501461122,1656.1983668055539
C6,810,0.05,1110.6609502151668,1180.563896594787,1600.3244358059997,1600.3244358059997,1600.3244358059997,428.8531501461122,1656.1983668055539
C6,810,0.1,188.83551444468895,418.95007166795233,418.95007166795233,418.95007166795233,418.95007166795233,216.8858065036402,453.63441765453564
C6,840,0.001,1110.6609502151668,1270.0210908017134,1600.3244358059997,1600.3244358059997,1600.3244358059997,428.8531501461122,1656.1983668055539
C6,840,0.01,1110.6609502151668,1180.563896594787,1600.3244358059997,1600.3244358059997,1600.3244358059997,428.8531501461122,1656.1983668055539
C6,840,0.05,602.5692849541147,602.5692849541147,602.5692849541147,602.5692849541147,602.5692849541147,216.8858065036402,604.9185510107419
C6,840,0.1,188.83551444468895,418.95007166795233,418.95007166795233,418.95007166795233,418.95007166795233,216.8858065036402,453.63441765453564
C6,870,0.001,1110.6609502151668,1270.0210908017134,1600.3244358059997,1600.3244358059997,1600.3244358059997,428.8531501461122,1656.1983668055539
C6,870,0.01,1110.6609502151668,1180.563896594787,1600.3244358059997,1600.3244358059997,1600.3244358059997,428.8531501461122,1656.1983668055539
C6,870,0.05,188.83551444468895,418.95007166795233,418.95007166795233,418.95007166795233,418.95007166795233,216.8858065036402,453.63441765453564
C6,870,0.1,188.83551444468895,418.95007166795233,418.95007166795233,418.95007166795233,418.95007166795233,216.8858065036402,453.63441765453564
C6,900,0.001,1110.6609502151668,1270.0210908017134,1600.3244358059997,1600.3244358059997,1600.3244358059997,428.8531501461122,1656.1983668055539
C6,900,0.01,1110.6609502151668,1180.563896594787,1600.3244358059997,1600.3244358059997,1600.3244358059997,428.8531501461122,1656.1983668055539
C6,900,0.05,188.83551444468895,418.95007166795233,418.95007166795233,418.95007166795233,418.95007166795233,216.8858065036402,453.63441765453564
C6,900,0.1,188.83551444468895,418.95007166795233,418.95007166795233,418.95007166795233,418.95007166795233,216.8858065036402,453.63441765453564
