Reading data file: claw.data
         first 5 lines are comments and will be skipped
Reading data file: amr.data
         first 5 lines are comments and will be skipped
  
 Running amrclaw ...  
  
Reading data file: geoclaw.data
         first 5 lines are comments and will be skipped
Reading data file: refinement.data
         first 5 lines are comments and will be skipped
Reading data file: dtopo.data
         first 5 lines are comments and will be skipped
Reading data file: topo.data
         first 5 lines are comments and will be skipped
 *** in file: /root/autodl-tmp/Debris-flow-jilong-final/sim/dclaw/jilong_published_route_rebase/published_route_domain_64m.tt3
     Shifting xllcorner by 0.5*dx to cell center
 *** in file: /root/autodl-tmp/Debris-flow-jilong-final/sim/dclaw/jilong_published_route_rebase/published_route_domain_64m.tt3
     Shifting yllcorner by 0.5*dy to cell center
  
 Reading topography file  /root/autodl-tmp/Debris-flow-jilong-final/sim/dclaw/jilong_published_route_rebase/published_route_domain_64m.tt3                                      
 **** WARNING
 **** topo arrays do not quite cover domain
 **** area of overlap =    179568640.00000000     
 **** area of domain  =    181350400.00000000     
 **** error is less than 1% so proceeding...
Reading data file: auxinit_dclaw.data       
         first 5 lines are comments and will be skipped
  
 Reading auxinit file  /root/autodl-tmp/Debris-flow-jilong-final/sim/dclaw/jilong_published_route_rebase/entrainment/erodible_thickness_fullroute_8m.tt3                     
Reading data file: fgout_grids.data
         first 5 lines are comments and will be skipped
Reading data file: regions.data
         first 5 lines are comments and will be skipped
Reading data file: flagregions.data
         first 5 lines are comments and will be skipped
Reading data file: gauges.data
         first 5 lines are comments and will be skipped
Reading data file: fgmax_grids.data
         first 5 lines are comments and will be skipped
 +++ fgbb:    338894.00000000000        356430.00000000000        3127228.0000000000        3137468.0000000000     
 +++ fgll:    338894.00000000000        3127228.0000000000              275         161
 +++ fg%x(npts), fg%y(1):    356430.00000000000        3127228.0000000000     
Reading data file: dclaw.data               
         first 5 lines are comments and will be skipped
Reading data file: pinit_dclaw.data         
         first 5 lines are comments and will be skipped
Reading data file: qinit_dclaw.data         
         first 5 lines are comments and will be skipped
Reading data file: flowgrades.data          
         first 5 lines are comments and will be skipped
 rnode allocated...
 node allocated...
 listOfGrids allocated...
 Storage allocated...
 bndList allocated...
Gridding level   1 at t =  0.000000E+00:     1 grids with       44275 cells
  max threads set to           12
  
 Done reading data, starting computation ...  
  
 Total mass at initial time:    0.0000000000000000     
GEOCLAW: Frame    0 output files done at time t =  0.000000D+00

 AMRCLAW: level  1  CFL = .000E+00  dt = 0.5000E-01  final t = 0.500000E-01
 AMRCLAW: level  1  CFL = .000E+00  dt = 0.5000E+00  final t = 0.550000E+00
 AMRCLAW: level  1  CFL = .166E-01  dt = 0.5000E+00  final t = 0.105000E+01
 AMRCLAW: level  1  CFL = .389E-01  dt = 0.5000E+00  final t = 0.155000E+01
 AMRCLAW: level  1  CFL = .543E-01  dt = 0.5000E+00  final t = 0.205000E+01
 AMRCLAW: level  1  CFL = .750E-01  dt = 0.5000E+00  final t = 0.255000E+01
 AMRCLAW: level  1  CFL = .948E-01  dt = 0.5000E+00  final t = 0.305000E+01
 AMRCLAW: level  1  CFL = .114E+00  dt = 0.5000E+00  final t = 0.355000E+01
 AMRCLAW: level  1  CFL = .132E+00  dt = 0.5000E+00  final t = 0.405000E+01
 AMRCLAW: level  1  CFL = .148E+00  dt = 0.5000E+00  final t = 0.455000E+01
 AMRCLAW: level  1  CFL = .164E+00  dt = 0.5000E+00  final t = 0.505000E+01
 AMRCLAW: level  1  CFL = .179E+00  dt = 0.5000E+00  final t = 0.555000E+01
 AMRCLAW: level  1  CFL = .192E+00  dt = 0.5000E+00  final t = 0.605000E+01
 AMRCLAW: level  1  CFL = .205E+00  dt = 0.5000E+00  final t = 0.655000E+01
 AMRCLAW: level  1  CFL = .217E+00  dt = 0.5000E+00  final t = 0.705000E+01
 AMRCLAW: level  1  CFL = .228E+00  dt = 0.5000E+00  final t = 0.755000E+01
 AMRCLAW: level  1  CFL = .243E+00  dt = 0.5000E+00  final t = 0.805000E+01
 AMRCLAW: level  1  CFL = .259E+00  dt = 0.5000E+00  final t = 0.855000E+01
 AMRCLAW: level  1  CFL = .274E+00  dt = 0.5000E+00  final t = 0.905000E+01
 AMRCLAW: level  1  CFL = .288E+00  dt = 0.5000E+00  final t = 0.955000E+01
 AMRCLAW: level  1  CFL = .301E+00  dt = 0.5000E+00  final t = 0.100500E+02
 AMRCLAW: level  1  CFL = .315E+00  dt = 0.5000E+00  final t = 0.105500E+02
 AMRCLAW: level  1  CFL = .328E+00  dt = 0.5000E+00  final t = 0.110500E+02
 AMRCLAW: level  1  CFL = .340E+00  dt = 0.5000E+00  final t = 0.115500E+02
 AMRCLAW: level  1  CFL = .351E+00  dt = 0.5000E+00  final t = 0.120500E+02
 AMRCLAW: level  1  CFL = .361E+00  dt = 0.5000E+00  final t = 0.125500E+02
 AMRCLAW: level  1  CFL = .372E+00  dt = 0.5000E+00  final t = 0.130500E+02
 AMRCLAW: level  1  CFL = .384E+00  dt = 0.5000E+00  final t = 0.135500E+02
 AMRCLAW: level  1  CFL = .394E+00  dt = 0.5000E+00  final t = 0.140500E+02
 AMRCLAW: level  1  CFL = .404E+00  dt = 0.5000E+00  final t = 0.145500E+02
 AMRCLAW: level  1  CFL = .413E+00  dt = 0.5000E+00  final t = 0.150500E+02
 AMRCLAW: level  1  CFL = .420E+00  dt = 0.5000E+00  final t = 0.155500E+02
 AMRCLAW: level  1  CFL = .427E+00  dt = 0.5000E+00  final t = 0.160500E+02
 AMRCLAW: level  1  CFL = .434E+00  dt = 0.5000E+00  final t = 0.165500E+02
 AMRCLAW: level  1  CFL = .440E+00  dt = 0.5000E+00  final t = 0.170500E+02
 AMRCLAW: level  1  CFL = .445E+00  dt = 0.5000E+00  final t = 0.175500E+02
 AMRCLAW: level  1  CFL = .447E+00  dt = 0.5000E+00  final t = 0.180500E+02
 AMRCLAW: level  1  CFL = .449E+00  dt = 0.5000E+00  final t = 0.185500E+02
 AMRCLAW: level  1  CFL = .450E+00  dt = 0.5000E+00  final t = 0.190500E+02
 AMRCLAW: level  1  CFL = .451E+00  dt = 0.5000E+00  final t = 0.195500E+02
 AMRCLAW: level  1  CFL = .451E+00  dt = 0.4985E+00  final t = 0.200485E+02
 AMRCLAW: level  1  CFL = .451E+00  dt = 0.4972E+00  final t = 0.205457E+02
 AMRCLAW: level  1  CFL = .451E+00  dt = 0.4958E+00  final t = 0.210415E+02
 AMRCLAW: level  1  CFL = .451E+00  dt = 0.4945E+00  final t = 0.215360E+02
 AMRCLAW: level  1  CFL = .451E+00  dt = 0.4931E+00  final t = 0.220291E+02
 AMRCLAW: level  1  CFL = .453E+00  dt = 0.4916E+00  final t = 0.225207E+02
 AMRCLAW: level  1  CFL = .453E+00  dt = 0.4886E+00  final t = 0.230093E+02
 AMRCLAW: level  1  CFL = .452E+00  dt = 0.4859E+00  final t = 0.234952E+02
 AMRCLAW: level  1  CFL = .451E+00  dt = 0.4838E+00  final t = 0.239789E+02
 AMRCLAW: level  1  CFL = .451E+00  dt = 0.4830E+00  final t = 0.244619E+02
 AMRCLAW: level  1  CFL = .451E+00  dt = 0.4821E+00  final t = 0.249440E+02
 AMRCLAW: level  1  CFL = .451E+00  dt = 0.4813E+00  final t = 0.254254E+02
 AMRCLAW: level  1  CFL = .451E+00  dt = 0.4805E+00  final t = 0.259059E+02
 AMRCLAW: level  1  CFL = .451E+00  dt = 0.4797E+00  final t = 0.263856E+02
 AMRCLAW: level  1  CFL = .451E+00  dt = 0.4790E+00  final t = 0.268645E+02
 AMRCLAW: level  1  CFL = .451E+00  dt = 0.4782E+00  final t = 0.273427E+02
 AMRCLAW: level  1  CFL = .451E+00  dt = 0.4775E+00  final t = 0.278202E+02
 AMRCLAW: level  1  CFL = .451E+00  dt = 0.4768E+00  final t = 0.282970E+02
 AMRCLAW: level  1  CFL = .451E+00  dt = 0.4761E+00  final t = 0.287731E+02
 AMRCLAW: level  1  CFL = .451E+00  dt = 0.4754E+00  final t = 0.292486E+02
 AMRCLAW: level  1  CFL = .451E+00  dt = 0.4748E+00  final t = 0.297234E+02
 AMRCLAW: level  1  CFL = .263E+00  dt = 0.2766E+00  final t = 0.300000E+02
GEOCLAW: Frame    1 output files done at time t =  0.300000D+02

 AMRCLAW: level  1  CFL = .450E+00  dt = 0.4736E+00  final t = 0.304736E+02
 AMRCLAW: level  1  CFL = .451E+00  dt = 0.4733E+00  final t = 0.309469E+02
 AMRCLAW: level  1  CFL = .451E+00  dt = 0.4727E+00  final t = 0.314196E+02
 AMRCLAW: level  1  CFL = .451E+00  dt = 0.4722E+00  final t = 0.318917E+02
 AMRCLAW: level  1  CFL = .450E+00  dt = 0.4716E+00  final t = 0.323633E+02
 AMRCLAW: level  1  CFL = .450E+00  dt = 0.4711E+00  final t = 0.328345E+02
 AMRCLAW: level  1  CFL = .450E+00  dt = 0.4706E+00  final t = 0.333051E+02
 AMRCLAW: level  1  CFL = .450E+00  dt = 0.4701E+00  final t = 0.337752E+02
 AMRCLAW: level  1  CFL = .450E+00  dt = 0.4697E+00  final t = 0.342449E+02
 AMRCLAW: level  1  CFL = .450E+00  dt = 0.4692E+00  final t = 0.347141E+02
 AMRCLAW: level  1  CFL = .450E+00  dt = 0.4687E+00  final t = 0.351828E+02
 AMRCLAW: level  1  CFL = .450E+00  dt = 0.4683E+00  final t = 0.356511E+02
 AMRCLAW: level  1  CFL = .450E+00  dt = 0.4678E+00  final t = 0.361189E+02
 AMRCLAW: level  1  CFL = .450E+00  dt = 0.4674E+00  final t = 0.365863E+02
 AMRCLAW: level  1  CFL = .450E+00  dt = 0.4670E+00  final t = 0.370533E+02
 AMRCLAW: level  1  CFL = .450E+00  dt = 0.4666E+00  final t = 0.375199E+02
 AMRCLAW: level  1  CFL = .450E+00  dt = 0.4662E+00  final t = 0.379860E+02
 AMRCLAW: level  1  CFL = .450E+00  dt = 0.4658E+00  final t = 0.384518E+02
 AMRCLAW: level  1  CFL = .450E+00  dt = 0.4654E+00  final t = 0.389173E+02
 AMRCLAW: level  1  CFL = .450E+00  dt = 0.4651E+00  final t = 0.393823E+02
 AMRCLAW: level  1  CFL = .450E+00  dt = 0.4647E+00  final t = 0.398470E+02
 AMRCLAW: level  1  CFL = .450E+00  dt = 0.4644E+00  final t = 0.403114E+02
 AMRCLAW: level  1  CFL = .450E+00  dt = 0.4641E+00  final t = 0.407755E+02
 AMRCLAW: level  1  CFL = .450E+00  dt = 0.4637E+00  final t = 0.412392E+02
 AMRCLAW: level  1  CFL = .450E+00  dt = 0.4635E+00  final t = 0.417027E+02
 AMRCLAW: level  1  CFL = .450E+00  dt = 0.4632E+00  final t = 0.421659E+02
 AMRCLAW: level  1  CFL = .450E+00  dt = 0.4629E+00  final t = 0.426288E+02
 AMRCLAW: level  1  CFL = .450E+00  dt = 0.4626E+00  final t = 0.430914E+02
 AMRCLAW: level  1  CFL = .450E+00  dt = 0.4624E+00  final t = 0.435538E+02
 AMRCLAW: level  1  CFL = .450E+00  dt = 0.4622E+00  final t = 0.440160E+02
 AMRCLAW: level  1  CFL = .450E+00  dt = 0.4620E+00  final t = 0.444780E+02
 AMRCLAW: level  1  CFL = .450E+00  dt = 0.4618E+00  final t = 0.449398E+02
 AMRCLAW: level  1  CFL = .450E+00  dt = 0.4616E+00  final t = 0.454014E+02
 AMRCLAW: level  1  CFL = .450E+00  dt = 0.4614E+00  final t = 0.458628E+02
 AMRCLAW: level  1  CFL = .450E+00  dt = 0.4613E+00  final t = 0.463241E+02
 AMRCLAW: level  1  CFL = .450E+00  dt = 0.4611E+00  final t = 0.467852E+02
 AMRCLAW: level  1  CFL = .450E+00  dt = 0.4610E+00  final t = 0.472462E+02
 AMRCLAW: level  1  CFL = .450E+00  dt = 0.4609E+00  final t = 0.477072E+02
 AMRCLAW: level  1  CFL = .450E+00  dt = 0.4608E+00  final t = 0.481680E+02
 AMRCLAW: level  1  CFL = .450E+00  dt = 0.4607E+00  final t = 0.486287E+02
 AMRCLAW: level  1  CFL = .450E+00  dt = 0.4607E+00  final t = 0.490894E+02
 AMRCLAW: level  1  CFL = .450E+00  dt = 0.4606E+00  final t = 0.495500E+02
 AMRCLAW: level  1  CFL = .450E+00  dt = 0.4606E+00  final t = 0.500105E+02
 AMRCLAW: level  1  CFL = .450E+00  dt = 0.4605E+00  final t = 0.504711E+02
 AMRCLAW: level  1  CFL = .450E+00  dt = 0.4605E+00  final t = 0.509316E+02
 AMRCLAW: level  1  CFL = .450E+00  dt = 0.4605E+00  final t = 0.513921E+02
 AMRCLAW: level  1  CFL = .450E+00  dt = 0.4605E+00  final t = 0.518526E+02
 AMRCLAW: level  1  CFL = .450E+00  dt = 0.4605E+00  final t = 0.523131E+02
 AMRCLAW: level  1  CFL = .450E+00  dt = 0.4606E+00  final t = 0.527737E+02
 AMRCLAW: level  1  CFL = .450E+00  dt = 0.4606E+00  final t = 0.532343E+02
 AMRCLAW: level  1  CFL = .450E+00  dt = 0.4607E+00  final t = 0.536949E+02
 AMRCLAW: level  1  CFL = .450E+00  dt = 0.4607E+00  final t = 0.541557E+02
 AMRCLAW: level  1  CFL = .450E+00  dt = 0.4608E+00  final t = 0.546165E+02
 AMRCLAW: level  1  CFL = .450E+00  dt = 0.4609E+00  final t = 0.550774E+02
 AMRCLAW: level  1  CFL = .450E+00  dt = 0.4610E+00  final t = 0.555385E+02
 AMRCLAW: level  1  CFL = .450E+00  dt = 0.4612E+00  final t = 0.559996E+02
 AMRCLAW: level  1  CFL = .450E+00  dt = 0.4612E+00  final t = 0.564608E+02
 AMRCLAW: level  1  CFL = .450E+00  dt = 0.4615E+00  final t = 0.569222E+02
 AMRCLAW: level  1  CFL = .449E+00  dt = 0.4613E+00  final t = 0.573835E+02
 AMRCLAW: level  1  CFL = .450E+00  dt = 0.4618E+00  final t = 0.578453E+02
 AMRCLAW: level  1  CFL = .450E+00  dt = 0.4620E+00  final t = 0.583073E+02
 AMRCLAW: level  1  CFL = .449E+00  dt = 0.4618E+00  final t = 0.587692E+02
 AMRCLAW: level  1  CFL = .451E+00  dt = 0.4624E+00  final t = 0.592316E+02
 AMRCLAW: level  1  CFL = .449E+00  dt = 0.4618E+00  final t = 0.596934E+02
 AMRCLAW: level  1  CFL = .298E+00  dt = 0.3066E+00  final t = 0.600000E+02
GEOCLAW: Frame    2 output files done at time t =  0.600000D+02

 AMRCLAW: level  1  CFL = .450E+00  dt = 0.4632E+00  final t = 0.604632E+02
 AMRCLAW: level  1  CFL = .449E+00  dt = 0.4628E+00  final t = 0.609260E+02
 AMRCLAW: level  1  CFL = .450E+00  dt = 0.4635E+00  final t = 0.613895E+02
 AMRCLAW: level  1  CFL = .451E+00  dt = 0.4640E+00  final t = 0.618534E+02
 AMRCLAW: level  1  CFL = .449E+00  dt = 0.4630E+00  final t = 0.623164E+02
 AMRCLAW: level  1  CFL = .449E+00  dt = 0.4639E+00  final t = 0.627803E+02
 AMRCLAW: level  1  CFL = .450E+00  dt = 0.4645E+00  final t = 0.632448E+02
 AMRCLAW: level  1  CFL = .450E+00  dt = 0.4649E+00  final t = 0.637098E+02
 AMRCLAW: level  1  CFL = .450E+00  dt = 0.4653E+00  final t = 0.641751E+02
 AMRCLAW: level  1  CFL = .450E+00  dt = 0.4657E+00  final t = 0.646408E+02
 AMRCLAW: level  1  CFL = .450E+00  dt = 0.4660E+00  final t = 0.651068E+02
 AMRCLAW: level  1  CFL = .450E+00  dt = 0.4663E+00  final t = 0.655731E+02
 AMRCLAW: level  1  CFL = .450E+00  dt = 0.4667E+00  final t = 0.660397E+02
 AMRCLAW: level  1  CFL = .450E+00  dt = 0.4670E+00  final t = 0.665068E+02
 AMRCLAW: level  1  CFL = .450E+00  dt = 0.4674E+00  final t = 0.669742E+02
 AMRCLAW: level  1  CFL = .450E+00  dt = 0.4678E+00  final t = 0.674420E+02
 AMRCLAW: level  1  CFL = .450E+00  dt = 0.4682E+00  final t = 0.679102E+02
 AMRCLAW: level  1  CFL = .450E+00  dt = 0.4686E+00  final t = 0.683788E+02
 AMRCLAW: level  1  CFL = .450E+00  dt = 0.4690E+00  final t = 0.688478E+02
 AMRCLAW: level  1  CFL = .450E+00  dt = 0.4695E+00  final t = 0.693173E+02
 AMRCLAW: level  1  CFL = .450E+00  dt = 0.4700E+00  final t = 0.697873E+02
 AMRCLAW: level  1  CFL = .450E+00  dt = 0.4704E+00  final t = 0.702577E+02
 AMRCLAW: level  1  CFL = .450E+00  dt = 0.4709E+00  final t = 0.707286E+02
 AMRCLAW: level  1  CFL = .450E+00  dt = 0.4714E+00  final t = 0.712000E+02
 AMRCLAW: level  1  CFL = .450E+00  dt = 0.4719E+00  final t = 0.716719E+02
 AMRCLAW: level  1  CFL = .449E+00  dt = 0.4724E+00  final t = 0.721444E+02
 AMRCLAW: level  1  CFL = .449E+00  dt = 0.4730E+00  final t = 0.726173E+02
 AMRCLAW: level  1  CFL = .449E+00  dt = 0.4735E+00  final t = 0.730908E+02
 AMRCLAW: level  1  CFL = .449E+00  dt = 0.4741E+00  final t = 0.735649E+02
 AMRCLAW: level  1  CFL = .449E+00  dt = 0.4746E+00  final t = 0.740395E+02
 AMRCLAW: level  1  CFL = .449E+00  dt = 0.4752E+00  final t = 0.745147E+02
 AMRCLAW: level  1  CFL = .449E+00  dt = 0.4758E+00  final t = 0.749905E+02
 AMRCLAW: level  1  CFL = .450E+00  dt = 0.4764E+00  final t = 0.754668E+02
 AMRCLAW: level  1  CFL = .450E+00  dt = 0.4766E+00  final t = 0.759435E+02
 AMRCLAW: level  1  CFL = .449E+00  dt = 0.4771E+00  final t = 0.764206E+02
 AMRCLAW: level  1  CFL = .450E+00  dt = 0.4781E+00  final t = 0.768987E+02
 AMRCLAW: level  1  CFL = .449E+00  dt = 0.4785E+00  final t = 0.773772E+02
 AMRCLAW: level  1  CFL = .449E+00  dt = 0.4791E+00  final t = 0.778563E+02
 AMRCLAW: level  1  CFL = .449E+00  dt = 0.4798E+00  final t = 0.783361E+02
 AMRCLAW: level  1  CFL = .449E+00  dt = 0.4805E+00  final t = 0.788166E+02
 AMRCLAW: level  1  CFL = .449E+00  dt = 0.4812E+00  final t = 0.792978E+02
 AMRCLAW: level  1  CFL = .449E+00  dt = 0.4820E+00  final t = 0.797798E+02
 AMRCLAW: level  1  CFL = .449E+00  dt = 0.4828E+00  final t = 0.802626E+02
 AMRCLAW: level  1  CFL = .449E+00  dt = 0.4836E+00  final t = 0.807461E+02
 AMRCLAW: level  1  CFL = .449E+00  dt = 0.4844E+00  final t = 0.812305E+02
 AMRCLAW: level  1  CFL = .449E+00  dt = 0.4852E+00  final t = 0.817158E+02
 AMRCLAW: level  1  CFL = .449E+00  dt = 0.4861E+00  final t = 0.822019E+02
 AMRCLAW: level  1  CFL = .450E+00  dt = 0.4870E+00  final t = 0.826890E+02
 AMRCLAW: level  1  CFL = .452E+00  dt = 0.4874E+00  final t = 0.831763E+02
 AMRCLAW: level  1  CFL = .452E+00  dt = 0.4851E+00  final t = 0.836615E+02
 AMRCLAW: level  1  CFL = .451E+00  dt = 0.4835E+00  final t = 0.841450E+02
 AMRCLAW: level  1  CFL = .451E+00  dt = 0.4821E+00  final t = 0.846271E+02
 AMRCLAW: level  1  CFL = .451E+00  dt = 0.4809E+00  final t = 0.851080E+02
 AMRCLAW: level  1  CFL = .451E+00  dt = 0.4796E+00  final t = 0.855875E+02
 AMRCLAW: level  1  CFL = .451E+00  dt = 0.4782E+00  final t = 0.860658E+02
 AMRCLAW: level  1  CFL = .451E+00  dt = 0.4769E+00  final t = 0.865426E+02
 AMRCLAW: level  1  CFL = .451E+00  dt = 0.4755E+00  final t = 0.870181E+02
 AMRCLAW: level  1  CFL = .451E+00  dt = 0.4741E+00  final t = 0.874922E+02
 AMRCLAW: level  1  CFL = .451E+00  dt = 0.4728E+00  final t = 0.879650E+02
 AMRCLAW: level  1  CFL = .451E+00  dt = 0.4715E+00  final t = 0.884365E+02
 AMRCLAW: level  1  CFL = .451E+00  dt = 0.4703E+00  final t = 0.889068E+02
 AMRCLAW: level  1  CFL = .451E+00  dt = 0.4692E+00  final t = 0.893760E+02
 AMRCLAW: level  1  CFL = .451E+00  dt = 0.4682E+00  final t = 0.898441E+02
 AMRCLAW: level  1  CFL = .150E+00  dt = 0.1559E+00  final t = 0.900000E+02
GEOCLAW: Frame    3 output files done at time t =  0.900000D+02

 AMRCLAW: level  1  CFL = .450E+00  dt = 0.4665E+00  final t = 0.904665E+02
 AMRCLAW: level  1  CFL = .451E+00  dt = 0.4663E+00  final t = 0.909328E+02
 AMRCLAW: level  1  CFL = .450E+00  dt = 0.4657E+00  final t = 0.913985E+02
 AMRCLAW: level  1  CFL = .450E+00  dt = 0.4653E+00  final t = 0.918638E+02
 AMRCLAW: level  1  CFL = .450E+00  dt = 0.4650E+00  final t = 0.923288E+02
 AMRCLAW: level  1  CFL = .450E+00  dt = 0.4649E+00  final t = 0.927937E+02
 AMRCLAW: level  1  CFL = .450E+00  dt = 0.4650E+00  final t = 0.932587E+02
 AMRCLAW: level  1  CFL = .450E+00  dt = 0.4653E+00  final t = 0.937240E+02
 AMRCLAW: level  1  CFL = .450E+00  dt = 0.4656E+00  final t = 0.941896E+02
 AMRCLAW: level  1  CFL = .450E+00  dt = 0.4661E+00  final t = 0.946557E+02
 AMRCLAW: level  1  CFL = .450E+00  dt = 0.4666E+00  final t = 0.951223E+02
 AMRCLAW: level  1  CFL = .450E+00  dt = 0.4670E+00  final t = 0.955894E+02
 AMRCLAW: level  1  CFL = .449E+00  dt = 0.4675E+00  final t = 0.960569E+02
 AMRCLAW: level  1  CFL = .449E+00  dt = 0.4681E+00  final t = 0.965249E+02
 AMRCLAW: level  1  CFL = .450E+00  dt = 0.4687E+00  final t = 0.969936E+02
 AMRCLAW: level  1  CFL = .451E+00  dt = 0.4685E+00  final t = 0.974621E+02
 AMRCLAW: level  1  CFL = .450E+00  dt = 0.4680E+00  final t = 0.979301E+02
 AMRCLAW: level  1  CFL = .450E+00  dt = 0.4675E+00  final t = 0.983976E+02
 AMRCLAW: level  1  CFL = .450E+00  dt = 0.4670E+00  final t = 0.988646E+02
 AMRCLAW: level  1  CFL = .451E+00  dt = 0.4665E+00  final t = 0.993312E+02
 AMRCLAW: level  1  CFL = .451E+00  dt = 0.4660E+00  final t = 0.997971E+02
 AMRCLAW: level  1  CFL = .451E+00  dt = 0.4654E+00  final t = 0.100263E+03
 AMRCLAW: level  1  CFL = .450E+00  dt = 0.4647E+00  final t = 0.100727E+03
 AMRCLAW: level  1  CFL = .451E+00  dt = 0.4650E+00  final t = 0.101192E+03
 AMRCLAW: level  1  CFL = .450E+00  dt = 0.4639E+00  final t = 0.101656E+03
 AMRCLAW: level  1  CFL = .451E+00  dt = 0.4639E+00  final t = 0.102120E+03
 AMRCLAW: level  1  CFL = .450E+00  dt = 0.4628E+00  final t = 0.102583E+03
 AMRCLAW: level  1  CFL = .450E+00  dt = 0.4628E+00  final t = 0.103046E+03
 AMRCLAW: level  1  CFL = .450E+00  dt = 0.4625E+00  final t = 0.103508E+03
 AMRCLAW: level  1  CFL = .450E+00  dt = 0.4621E+00  final t = 0.103970E+03
 AMRCLAW: level  1  CFL = .450E+00  dt = 0.4617E+00  final t = 0.104432E+03
 AMRCLAW: level  1  CFL = .450E+00  dt = 0.4613E+00  final t = 0.104893E+03
 AMRCLAW: level  1  CFL = .450E+00  dt = 0.4610E+00  final t = 0.105354E+03
 AMRCLAW: level  1  CFL = .450E+00  dt = 0.4607E+00  final t = 0.105815E+03
 AMRCLAW: level  1  CFL = .450E+00  dt = 0.4605E+00  final t = 0.106276E+03
 AMRCLAW: level  1  CFL = .450E+00  dt = 0.4603E+00  final t = 0.106736E+03
 AMRCLAW: level  1  CFL = .450E+00  dt = 0.4602E+00  final t = 0.107196E+03
 AMRCLAW: level  1  CFL = .450E+00  dt = 0.4602E+00  final t = 0.107656E+03
 AMRCLAW: level  1  CFL = .450E+00  dt = 0.4601E+00  final t = 0.108116E+03
 AMRCLAW: level  1  CFL = .450E+00  dt = 0.4601E+00  final t = 0.108577E+03
 AMRCLAW: level  1  CFL = .450E+00  dt = 0.4601E+00  final t = 0.109037E+03
 AMRCLAW: level  1  CFL = .450E+00  dt = 0.4601E+00  final t = 0.109497E+03
 AMRCLAW: level  1  CFL = .450E+00  dt = 0.4602E+00  final t = 0.109957E+03
 AMRCLAW: level  1  CFL = .450E+00  dt = 0.4605E+00  final t = 0.110417E+03
 AMRCLAW: level  1  CFL = .450E+00  dt = 0.4608E+00  final t = 0.110878E+03
 AMRCLAW: level  1  CFL = .450E+00  dt = 0.4612E+00  final t = 0.111339E+03
 AMRCLAW: level  1  CFL = .450E+00  dt = 0.4617E+00  final t = 0.111801E+03
 AMRCLAW: level  1  CFL = .450E+00  dt = 0.4622E+00  final t = 0.112263E+03
 AMRCLAW: level  1  CFL = .450E+00  dt = 0.4626E+00  final t = 0.112726E+03
 AMRCLAW: level  1  CFL = .449E+00  dt = 0.4629E+00  final t = 0.113189E+03
 AMRCLAW: level  1  CFL = .449E+00  dt = 0.4635E+00  final t = 0.113652E+03
 AMRCLAW: level  1  CFL = .449E+00  dt = 0.4642E+00  final t = 0.114116E+03
 AMRCLAW: level  1  CFL = .449E+00  dt = 0.4649E+00  final t = 0.114581E+03
 AMRCLAW: level  1  CFL = .449E+00  dt = 0.4656E+00  final t = 0.115047E+03
 AMRCLAW: level  1  CFL = .449E+00  dt = 0.4662E+00  final t = 0.115513E+03
 AMRCLAW: level  1  CFL = .449E+00  dt = 0.4668E+00  final t = 0.115980E+03
 AMRCLAW: level  1  CFL = .449E+00  dt = 0.4676E+00  final t = 0.116448E+03
 AMRCLAW: level  1  CFL = .449E+00  dt = 0.4685E+00  final t = 0.116916E+03
 AMRCLAW: level  1  CFL = .449E+00  dt = 0.4693E+00  final t = 0.117385E+03
 AMRCLAW: level  1  CFL = .449E+00  dt = 0.4701E+00  final t = 0.117856E+03
 AMRCLAW: level  1  CFL = .449E+00  dt = 0.4712E+00  final t = 0.118327E+03
 AMRCLAW: level  1  CFL = .449E+00  dt = 0.4722E+00  final t = 0.118799E+03
 AMRCLAW: level  1  CFL = .449E+00  dt = 0.4732E+00  final t = 0.119272E+03
 AMRCLAW: level  1  CFL = .449E+00  dt = 0.4741E+00  final t = 0.119746E+03
 AMRCLAW: level  1  CFL = .240E+00  dt = 0.2538E+00  final t = 0.120000E+03
GEOCLAW: Frame    4 output files done at time t =  0.120000D+03

 AMRCLAW: level  1  CFL = .450E+00  dt = 0.4753E+00  final t = 0.120475E+03
 AMRCLAW: level  1  CFL = .451E+00  dt = 0.4754E+00  final t = 0.120951E+03
 AMRCLAW: level  1  CFL = .451E+00  dt = 0.4745E+00  final t = 0.121425E+03
 AMRCLAW: level  1  CFL = .451E+00  dt = 0.4736E+00  final t = 0.121899E+03
 AMRCLAW: level  1  CFL = .450E+00  dt = 0.4730E+00  final t = 0.122372E+03
 AMRCLAW: level  1  CFL = .450E+00  dt = 0.4728E+00  final t = 0.122845E+03
 AMRCLAW: level  1  CFL = .450E+00  dt = 0.4724E+00  final t = 0.123317E+03
 AMRCLAW: level  1  CFL = .450E+00  dt = 0.4727E+00  final t = 0.123790E+03
 AMRCLAW: level  1  CFL = .449E+00  dt = 0.4732E+00  final t = 0.124263E+03
 AMRCLAW: level  1  CFL = .450E+00  dt = 0.4739E+00  final t = 0.124737E+03
 AMRCLAW: level  1  CFL = .449E+00  dt = 0.4735E+00  final t = 0.125210E+03
 AMRCLAW: level  1  CFL = .450E+00  dt = 0.4744E+00  final t = 0.125685E+03
 AMRCLAW: level  1  CFL = .453E+00  dt = 0.4743E+00  final t = 0.126159E+03
 AMRCLAW: level  1  CFL = .455E+00  dt = 0.4714E+00  final t = 0.126630E+03
 AMRCLAW: level  1  CFL = .457E+00  dt = 0.4660E+00  final t = 0.127096E+03
 AMRCLAW: level  1  CFL = .455E+00  dt = 0.4591E+00  final t = 0.127555E+03
 AMRCLAW: level  1  CFL = .453E+00  dt = 0.4539E+00  final t = 0.128009E+03
 AMRCLAW: level  1  CFL = .450E+00  dt = 0.4511E+00  final t = 0.128460E+03
 AMRCLAW: level  1  CFL = .450E+00  dt = 0.4508E+00  final t = 0.128911E+03
 AMRCLAW: level  1  CFL = .449E+00  dt = 0.4506E+00  final t = 0.129362E+03
 AMRCLAW: level  1  CFL = .449E+00  dt = 0.4512E+00  final t = 0.129813E+03
 AMRCLAW: level  1  CFL = .449E+00  dt = 0.4521E+00  final t = 0.130265E+03
 AMRCLAW: level  1  CFL = .450E+00  dt = 0.4529E+00  final t = 0.130718E+03
 AMRCLAW: level  1  CFL = .451E+00  dt = 0.4533E+00  final t = 0.131171E+03
 AMRCLAW: level  1  CFL = .453E+00  dt = 0.4522E+00  final t = 0.131624E+03
 AMRCLAW: level  1  CFL = .454E+00  dt = 0.4489E+00  final t = 0.132072E+03
 AMRCLAW: level  1  CFL = .454E+00  dt = 0.4446E+00  final t = 0.132517E+03
 AMRCLAW: level  1  CFL = .453E+00  dt = 0.4410E+00  final t = 0.132958E+03
 AMRCLAW: level  1  CFL = .453E+00  dt = 0.4378E+00  final t = 0.133396E+03
 AMRCLAW: level  1  CFL = .451E+00  dt = 0.4349E+00  final t = 0.133831E+03
 AMRCLAW: level  1  CFL = .451E+00  dt = 0.4339E+00  final t = 0.134265E+03
 AMRCLAW: level  1  CFL = .450E+00  dt = 0.4333E+00  final t = 0.134698E+03
 AMRCLAW: level  1  CFL = .450E+00  dt = 0.4328E+00  final t = 0.135131E+03
 AMRCLAW: level  1  CFL = .450E+00  dt = 0.4326E+00  final t = 0.135563E+03
 AMRCLAW: level  1  CFL = .450E+00  dt = 0.4325E+00  final t = 0.135996E+03
 AMRCLAW: level  1  CFL = .450E+00  dt = 0.4324E+00  final t = 0.136428E+03
 AMRCLAW: level  1  CFL = .450E+00  dt = 0.4324E+00  final t = 0.136861E+03
 AMRCLAW: level  1  CFL = .450E+00  dt = 0.4325E+00  final t = 0.137293E+03
 AMRCLAW: level  1  CFL = .450E+00  dt = 0.4326E+00  final t = 0.137726E+03
 AMRCLAW: level  1  CFL = .450E+00  dt = 0.4324E+00  final t = 0.138158E+03
 AMRCLAW: level  1  CFL = .450E+00  dt = 0.4321E+00  final t = 0.138590E+03
 AMRCLAW: level  1  CFL = .450E+00  dt = 0.4318E+00  final t = 0.139022E+03
 AMRCLAW: level  1  CFL = .450E+00  dt = 0.4315E+00  final t = 0.139453E+03
 AMRCLAW: level  1  CFL = .450E+00  dt = 0.4312E+00  final t = 0.139885E+03
 AMRCLAW: level  1  CFL = .450E+00  dt = 0.4309E+00  final t = 0.140316E+03
 AMRCLAW: level  1  CFL = .450E+00  dt = 0.4307E+00  final t = 0.140746E+03
 AMRCLAW: level  1  CFL = .450E+00  dt = 0.4305E+00  final t = 0.141177E+03
 AMRCLAW: level  1  CFL = .450E+00  dt = 0.4303E+00  final t = 0.141607E+03
 AMRCLAW: level  1  CFL = .450E+00  dt = 0.4301E+00  final t = 0.142037E+03
 AMRCLAW: level  1  CFL = .450E+00  dt = 0.4299E+00  final t = 0.142467E+03
 AMRCLAW: level  1  CFL = .450E+00  dt = 0.4299E+00  final t = 0.142897E+03
 AMRCLAW: level  1  CFL = .450E+00  dt = 0.4299E+00  final t = 0.143327E+03
 AMRCLAW: level  1  CFL = .450E+00  dt = 0.4299E+00  final t = 0.143757E+03
 AMRCLAW: level  1  CFL = .450E+00  dt = 0.4300E+00  final t = 0.144187E+03
 AMRCLAW: level  1  CFL = .450E+00  dt = 0.4300E+00  final t = 0.144617E+03
 AMRCLAW: level  1  CFL = .450E+00  dt = 0.4300E+00  final t = 0.145047E+03
 AMRCLAW: level  1  CFL = .450E+00  dt = 0.4300E+00  final t = 0.145477E+03
 AMRCLAW: level  1  CFL = .450E+00  dt = 0.4301E+00  final t = 0.145907E+03
 AMRCLAW: level  1  CFL = .450E+00  dt = 0.4301E+00  final t = 0.146337E+03
 AMRCLAW: level  1  CFL = .450E+00  dt = 0.4302E+00  final t = 0.146767E+03
 AMRCLAW: level  1  CFL = .450E+00  dt = 0.4302E+00  final t = 0.147197E+03
 AMRCLAW: level  1  CFL = .450E+00  dt = 0.4303E+00  final t = 0.147628E+03
 AMRCLAW: level  1  CFL = .450E+00  dt = 0.4303E+00  final t = 0.148058E+03
 AMRCLAW: level  1  CFL = .450E+00  dt = 0.4304E+00  final t = 0.148488E+03
 AMRCLAW: level  1  CFL = .450E+00  dt = 0.4305E+00  final t = 0.148919E+03
 AMRCLAW: level  1  CFL = .450E+00  dt = 0.4306E+00  final t = 0.149349E+03
 AMRCLAW: level  1  CFL = .450E+00  dt = 0.4307E+00  final t = 0.149780E+03
 AMRCLAW: level  1  CFL = .230E+00  dt = 0.2199E+00  final t = 0.150000E+03
GEOCLAW: Frame    5 output files done at time t =  0.150000D+03

 AMRCLAW: level  1  CFL = .450E+00  dt = 0.4309E+00  final t = 0.150431E+03
 AMRCLAW: level  1  CFL = .450E+00  dt = 0.4310E+00  final t = 0.150862E+03
 AMRCLAW: level  1  CFL = .450E+00  dt = 0.4311E+00  final t = 0.151293E+03
 AMRCLAW: level  1  CFL = .450E+00  dt = 0.4312E+00  final t = 0.151724E+03
 AMRCLAW: level  1  CFL = .450E+00  dt = 0.4314E+00  final t = 0.152156E+03
 AMRCLAW: level  1  CFL = .450E+00  dt = 0.4316E+00  final t = 0.152587E+03
 AMRCLAW: level  1  CFL = .450E+00  dt = 0.4317E+00  final t = 0.153019E+03
 AMRCLAW: level  1  CFL = .450E+00  dt = 0.4319E+00  final t = 0.153451E+03
 AMRCLAW: level  1  CFL = .450E+00  dt = 0.4321E+00  final t = 0.153883E+03
 AMRCLAW: level  1  CFL = .450E+00  dt = 0.4323E+00  final t = 0.154315E+03
 AMRCLAW: level  1  CFL = .450E+00  dt = 0.4325E+00  final t = 0.154748E+03
 AMRCLAW: level  1  CFL = .450E+00  dt = 0.4327E+00  final t = 0.155180E+03
 AMRCLAW: level  1  CFL = .450E+00  dt = 0.4329E+00  final t = 0.155613E+03
 AMRCLAW: level  1  CFL = .450E+00  dt = 0.4331E+00  final t = 0.156046E+03
 AMRCLAW: level  1  CFL = .450E+00  dt = 0.4333E+00  final t = 0.156480E+03
 AMRCLAW: level  1  CFL = .450E+00  dt = 0.4335E+00  final t = 0.156913E+03
 AMRCLAW: level  1  CFL = .450E+00  dt = 0.4339E+00  final t = 0.157347E+03
 AMRCLAW: level  1  CFL = .450E+00  dt = 0.4341E+00  final t = 0.157781E+03
 AMRCLAW: level  1  CFL = .450E+00  dt = 0.4342E+00  final t = 0.158215E+03
 AMRCLAW: level  1  CFL = .450E+00  dt = 0.4344E+00  final t = 0.158650E+03
 AMRCLAW: level  1  CFL = .450E+00  dt = 0.4345E+00  final t = 0.159084E+03
 AMRCLAW: level  1  CFL = .450E+00  dt = 0.4348E+00  final t = 0.159519E+03
 AMRCLAW: level  1  CFL = .450E+00  dt = 0.4350E+00  final t = 0.159954E+03
 AMRCLAW: level  1  CFL = .450E+00  dt = 0.4351E+00  final t = 0.160389E+03
 AMRCLAW: level  1  CFL = .450E+00  dt = 0.4352E+00  final t = 0.160824E+03
 AMRCLAW: level  1  CFL = .450E+00  dt = 0.4353E+00  final t = 0.161260E+03
 AMRCLAW: level  1  CFL = .450E+00  dt = 0.4356E+00  final t = 0.161695E+03
 AMRCLAW: level  1  CFL = .450E+00  dt = 0.4357E+00  final t = 0.162131E+03
 AMRCLAW: level  1  CFL = .450E+00  dt = 0.4358E+00  final t = 0.162567E+03
 AMRCLAW: level  1  CFL = .450E+00  dt = 0.4359E+00  final t = 0.163003E+03
 AMRCLAW: level  1  CFL = .450E+00  dt = 0.4360E+00  final t = 0.163438E+03
 AMRCLAW: level  1  CFL = .450E+00  dt = 0.4362E+00  final t = 0.163875E+03
 AMRCLAW: level  1  CFL = .450E+00  dt = 0.4363E+00  final t = 0.164311E+03
 AMRCLAW: level  1  CFL = .450E+00  dt = 0.4364E+00  final t = 0.164747E+03
 AMRCLAW: level  1  CFL = .450E+00  dt = 0.4365E+00  final t = 0.165184E+03
 AMRCLAW: level  1  CFL = .450E+00  dt = 0.4367E+00  final t = 0.165621E+03
 AMRCLAW: level  1  CFL = .450E+00  dt = 0.4370E+00  final t = 0.166058E+03
 AMRCLAW: level  1  CFL = .449E+00  dt = 0.4374E+00  final t = 0.166495E+03
 AMRCLAW: level  1  CFL = .449E+00  dt = 0.4379E+00  final t = 0.166933E+03
 AMRCLAW: level  1  CFL = .449E+00  dt = 0.4386E+00  final t = 0.167372E+03
 AMRCLAW: level  1  CFL = .449E+00  dt = 0.4393E+00  final t = 0.167811E+03
 AMRCLAW: level  1  CFL = .449E+00  dt = 0.4401E+00  final t = 0.168251E+03
 AMRCLAW: level  1  CFL = .449E+00  dt = 0.4408E+00  final t = 0.168692E+03
 AMRCLAW: level  1  CFL = .449E+00  dt = 0.4416E+00  final t = 0.169133E+03
 AMRCLAW: level  1  CFL = .449E+00  dt = 0.4425E+00  final t = 0.169576E+03
 AMRCLAW: level  1  CFL = .448E+00  dt = 0.4433E+00  final t = 0.170019E+03
 AMRCLAW: level  1  CFL = .449E+00  dt = 0.4449E+00  final t = 0.170464E+03
 AMRCLAW: level  1  CFL = .449E+00  dt = 0.4462E+00  final t = 0.170910E+03
 AMRCLAW: level  1  CFL = .449E+00  dt = 0.4469E+00  final t = 0.171357E+03
 AMRCLAW: level  1  CFL = .449E+00  dt = 0.4476E+00  final t = 0.171805E+03
 AMRCLAW: level  1  CFL = .449E+00  dt = 0.4482E+00  final t = 0.172253E+03
 AMRCLAW: level  1  CFL = .450E+00  dt = 0.4487E+00  final t = 0.172702E+03
 AMRCLAW: level  1  CFL = .450E+00  dt = 0.4492E+00  final t = 0.173151E+03
 AMRCLAW: level  1  CFL = .450E+00  dt = 0.4497E+00  final t = 0.173601E+03
 AMRCLAW: level  1  CFL = .449E+00  dt = 0.4501E+00  final t = 0.174051E+03
 AMRCLAW: level  1  CFL = .450E+00  dt = 0.4513E+00  final t = 0.174502E+03
 AMRCLAW: level  1  CFL = .450E+00  dt = 0.4515E+00  final t = 0.174954E+03
 AMRCLAW: level  1  CFL = .450E+00  dt = 0.4517E+00  final t = 0.175405E+03
 AMRCLAW: level  1  CFL = .450E+00  dt = 0.4518E+00  final t = 0.175857E+03
 AMRCLAW: level  1  CFL = .450E+00  dt = 0.4518E+00  final t = 0.176309E+03
 AMRCLAW: level  1  CFL = .450E+00  dt = 0.4519E+00  final t = 0.176761E+03
 AMRCLAW: level  1  CFL = .450E+00  dt = 0.4519E+00  final t = 0.177213E+03
 AMRCLAW: level  1  CFL = .450E+00  dt = 0.4520E+00  final t = 0.177665E+03
 AMRCLAW: level  1  CFL = .450E+00  dt = 0.4520E+00  final t = 0.178117E+03
 AMRCLAW: level  1  CFL = .450E+00  dt = 0.4521E+00  final t = 0.178569E+03
 AMRCLAW: level  1  CFL = .450E+00  dt = 0.4521E+00  final t = 0.179021E+03
 AMRCLAW: level  1  CFL = .451E+00  dt = 0.4522E+00  final t = 0.179473E+03
 AMRCLAW: level  1  CFL = .449E+00  dt = 0.4514E+00  final t = 0.179925E+03
 AMRCLAW: level  1  CFL = .750E-01  dt = 0.7542E-01  final t = 0.180000E+03
GEOCLAW: Frame    6 output files done at time t =  0.180000D+03

 AMRCLAW: level  1  CFL = .450E+00  dt = 0.4524E+00  final t = 0.180452E+03
 AMRCLAW: level  1  CFL = .450E+00  dt = 0.4524E+00  final t = 0.180905E+03
 AMRCLAW: level  1  CFL = .450E+00  dt = 0.4525E+00  final t = 0.181357E+03
 AMRCLAW: level  1  CFL = .450E+00  dt = 0.4526E+00  final t = 0.181810E+03
 AMRCLAW: level  1  CFL = .450E+00  dt = 0.4528E+00  final t = 0.182263E+03
 AMRCLAW: level  1  CFL = .450E+00  dt = 0.4531E+00  final t = 0.182716E+03
 AMRCLAW: level  1  CFL = .449E+00  dt = 0.4534E+00  final t = 0.183169E+03
 AMRCLAW: level  1  CFL = .449E+00  dt = 0.4539E+00  final t = 0.183623E+03
 AMRCLAW: level  1  CFL = .449E+00  dt = 0.4546E+00  final t = 0.184078E+03
 AMRCLAW: level  1  CFL = .449E+00  dt = 0.4555E+00  final t = 0.184533E+03
 AMRCLAW: level  1  CFL = .449E+00  dt = 0.4565E+00  final t = 0.184990E+03
 AMRCLAW: level  1  CFL = .449E+00  dt = 0.4576E+00  final t = 0.185447E+03
 AMRCLAW: level  1  CFL = .448E+00  dt = 0.4592E+00  final t = 0.185907E+03
 AMRCLAW: level  1  CFL = .448E+00  dt = 0.4609E+00  final t = 0.186368E+03
 AMRCLAW: level  1  CFL = .449E+00  dt = 0.4625E+00  final t = 0.186830E+03
 AMRCLAW: level  1  CFL = .449E+00  dt = 0.4631E+00  final t = 0.187293E+03
 AMRCLAW: level  1  CFL = .449E+00  dt = 0.4636E+00  final t = 0.187757E+03
 AMRCLAW: level  1  CFL = .449E+00  dt = 0.4642E+00  final t = 0.188221E+03
 AMRCLAW: level  1  CFL = .449E+00  dt = 0.4648E+00  final t = 0.188686E+03
 AMRCLAW: level  1  CFL = .449E+00  dt = 0.4654E+00  final t = 0.189151E+03
 AMRCLAW: level  1  CFL = .449E+00  dt = 0.4659E+00  final t = 0.189617E+03
 AMRCLAW: level  1  CFL = .449E+00  dt = 0.4666E+00  final t = 0.190084E+03
 AMRCLAW: level  1  CFL = .449E+00  dt = 0.4672E+00  final t = 0.190551E+03
 AMRCLAW: level  1  CFL = .449E+00  dt = 0.4679E+00  final t = 0.191019E+03
 AMRCLAW: level  1  CFL = .449E+00  dt = 0.4686E+00  final t = 0.191487E+03
 AMRCLAW: level  1  CFL = .450E+00  dt = 0.4694E+00  final t = 0.191957E+03
 AMRCLAW: level  1  CFL = .451E+00  dt = 0.4693E+00  final t = 0.192426E+03
 AMRCLAW: level  1  CFL = .451E+00  dt = 0.4680E+00  final t = 0.192894E+03
 AMRCLAW: level  1  CFL = .451E+00  dt = 0.4670E+00  final t = 0.193361E+03
 AMRCLAW: level  1  CFL = .450E+00  dt = 0.4664E+00  final t = 0.193827E+03
 AMRCLAW: level  1  CFL = .451E+00  dt = 0.4661E+00  final t = 0.194293E+03
 AMRCLAW: level  1  CFL = .451E+00  dt = 0.4652E+00  final t = 0.194759E+03
 AMRCLAW: level  1  CFL = .451E+00  dt = 0.4639E+00  final t = 0.195222E+03
 AMRCLAW: level  1  CFL = .451E+00  dt = 0.4628E+00  final t = 0.195685E+03
 AMRCLAW: level  1  CFL = .451E+00  dt = 0.4618E+00  final t = 0.196147E+03
 AMRCLAW: level  1  CFL = .451E+00  dt = 0.4610E+00  final t = 0.196608E+03
 AMRCLAW: level  1  CFL = .451E+00  dt = 0.4604E+00  final t = 0.197068E+03
 AMRCLAW: level  1  CFL = .451E+00  dt = 0.4598E+00  final t = 0.197528E+03
 AMRCLAW: level  1  CFL = .451E+00  dt = 0.4591E+00  final t = 0.197987E+03
 AMRCLAW: level  1  CFL = .451E+00  dt = 0.4585E+00  final t = 0.198446E+03
 AMRCLAW: level  1  CFL = .452E+00  dt = 0.4578E+00  final t = 0.198904E+03
 AMRCLAW: level  1  CFL = .452E+00  dt = 0.4557E+00  final t = 0.199359E+03
 AMRCLAW: level  1  CFL = .452E+00  dt = 0.4538E+00  final t = 0.199813E+03
 AMRCLAW: level  1  CFL = .452E+00  dt = 0.4520E+00  final t = 0.200265E+03
 AMRCLAW: level  1  CFL = .451E+00  dt = 0.4503E+00  final t = 0.200715E+03
 AMRCLAW: level  1  CFL = .451E+00  dt = 0.4489E+00  final t = 0.201164E+03
 AMRCLAW: level  1  CFL = .451E+00  dt = 0.4476E+00  final t = 0.201612E+03
 AMRCLAW: level  1  CFL = .451E+00  dt = 0.4464E+00  final t = 0.202058E+03
 AMRCLAW: level  1  CFL = .451E+00  dt = 0.4453E+00  final t = 0.202504E+03
 AMRCLAW: level  1  CFL = .451E+00  dt = 0.4444E+00  final t = 0.202948E+03
 AMRCLAW: level  1  CFL = .451E+00  dt = 0.4436E+00  final t = 0.203391E+03
 AMRCLAW: level  1  CFL = .451E+00  dt = 0.4429E+00  final t = 0.203834E+03
 AMRCLAW: level  1  CFL = .451E+00  dt = 0.4423E+00  final t = 0.204277E+03
 AMRCLAW: level  1  CFL = .450E+00  dt = 0.4418E+00  final t = 0.204718E+03
 AMRCLAW: level  1  CFL = .450E+00  dt = 0.4414E+00  final t = 0.205160E+03
 AMRCLAW: level  1  CFL = .450E+00  dt = 0.4411E+00  final t = 0.205601E+03
 AMRCLAW: level  1  CFL = .450E+00  dt = 0.4409E+00  final t = 0.206042E+03
 AMRCLAW: level  1  CFL = .450E+00  dt = 0.4408E+00  final t = 0.206483E+03
 AMRCLAW: level  1  CFL = .450E+00  dt = 0.4407E+00  final t = 0.206923E+03
 AMRCLAW: level  1  CFL = .450E+00  dt = 0.4406E+00  final t = 0.207364E+03
 AMRCLAW: level  1  CFL = .450E+00  dt = 0.4406E+00  final t = 0.207805E+03
 AMRCLAW: level  1  CFL = .450E+00  dt = 0.4406E+00  final t = 0.208245E+03
 AMRCLAW: level  1  CFL = .450E+00  dt = 0.4406E+00  final t = 0.208686E+03
 AMRCLAW: level  1  CFL = .450E+00  dt = 0.4407E+00  final t = 0.209127E+03
 AMRCLAW: level  1  CFL = .450E+00  dt = 0.4407E+00  final t = 0.209567E+03
 AMRCLAW: level  1  CFL = .442E+00  dt = 0.4326E+00  final t = 0.210000E+03
GEOCLAW: Frame    7 output files done at time t =  0.210000D+03

 AMRCLAW: level  1  CFL = .450E+00  dt = 0.4409E+00  final t = 0.210441E+03
 AMRCLAW: level  1  CFL = .450E+00  dt = 0.4409E+00  final t = 0.210882E+03
 AMRCLAW: level  1  CFL = .450E+00  dt = 0.4410E+00  final t = 0.211323E+03
 AMRCLAW: level  1  CFL = .450E+00  dt = 0.4411E+00  final t = 0.211764E+03
 AMRCLAW: level  1  CFL = .450E+00  dt = 0.4412E+00  final t = 0.212205E+03
 AMRCLAW: level  1  CFL = .450E+00  dt = 0.4413E+00  final t = 0.212646E+03
 AMRCLAW: level  1  CFL = .450E+00  dt = 0.4414E+00  final t = 0.213088E+03
 AMRCLAW: level  1  CFL = .450E+00  dt = 0.4415E+00  final t = 0.213529E+03
 AMRCLAW: level  1  CFL = .450E+00  dt = 0.4417E+00  final t = 0.213971E+03
 AMRCLAW: level  1  CFL = .450E+00  dt = 0.4419E+00  final t = 0.214413E+03
 AMRCLAW: level  1  CFL = .450E+00  dt = 0.4421E+00  final t = 0.214855E+03
 AMRCLAW: level  1  CFL = .450E+00  dt = 0.4423E+00  final t = 0.215297E+03
 AMRCLAW: level  1  CFL = .450E+00  dt = 0.4425E+00  final t = 0.215740E+03
 AMRCLAW: level  1  CFL = .450E+00  dt = 0.4428E+00  final t = 0.216183E+03
 AMRCLAW: level  1  CFL = .450E+00  dt = 0.4431E+00  final t = 0.216626E+03
 AMRCLAW: level  1  CFL = .450E+00  dt = 0.4434E+00  final t = 0.217069E+03
 AMRCLAW: level  1  CFL = .450E+00  dt = 0.4438E+00  final t = 0.217513E+03
 AMRCLAW: level  1  CFL = .450E+00  dt = 0.4442E+00  final t = 0.217957E+03
 AMRCLAW: level  1  CFL = .450E+00  dt = 0.4446E+00  final t = 0.218402E+03
 AMRCLAW: level  1  CFL = .450E+00  dt = 0.4450E+00  final t = 0.218847E+03
 AMRCLAW: level  1  CFL = .450E+00  dt = 0.4454E+00  final t = 0.219292E+03
 AMRCLAW: level  1  CFL = .452E+00  dt = 0.4451E+00  final t = 0.219737E+03
 AMRCLAW: level  1  CFL = .451E+00  dt = 0.4434E+00  final t = 0.220180E+03
 AMRCLAW: level  1  CFL = .451E+00  dt = 0.4422E+00  final t = 0.220623E+03
 AMRCLAW: level  1  CFL = .450E+00  dt = 0.4414E+00  final t = 0.221064E+03
 AMRCLAW: level  1  CFL = .450E+00  dt = 0.4410E+00  final t = 0.221505E+03
 AMRCLAW: level  1  CFL = .450E+00  dt = 0.4410E+00  final t = 0.221946E+03
 AMRCLAW: level  1  CFL = .450E+00  dt = 0.4412E+00  final t = 0.222387E+03
 AMRCLAW: level  1  CFL = .450E+00  dt = 0.4413E+00  final t = 0.222828E+03
 AMRCLAW: level  1  CFL = .450E+00  dt = 0.4411E+00  final t = 0.223270E+03
 AMRCLAW: level  1  CFL = .449E+00  dt = 0.4414E+00  final t = 0.223711E+03
 AMRCLAW: level  1  CFL = .450E+00  dt = 0.4420E+00  final t = 0.224153E+03
 AMRCLAW: level  1  CFL = .449E+00  dt = 0.4425E+00  final t = 0.224595E+03
 AMRCLAW: level  1  CFL = .449E+00  dt = 0.4430E+00  final t = 0.225038E+03
 AMRCLAW: level  1  CFL = .450E+00  dt = 0.4436E+00  final t = 0.225482E+03
 AMRCLAW: level  1  CFL = .450E+00  dt = 0.4441E+00  final t = 0.225926E+03
 AMRCLAW: level  1  CFL = .450E+00  dt = 0.4444E+00  final t = 0.226371E+03
 AMRCLAW: level  1  CFL = .450E+00  dt = 0.4447E+00  final t = 0.226815E+03
 AMRCLAW: level  1  CFL = .452E+00  dt = 0.4449E+00  final t = 0.227260E+03
 AMRCLAW: level  1  CFL = .452E+00  dt = 0.4431E+00  final t = 0.227703E+03
 AMRCLAW: level  1  CFL = .452E+00  dt = 0.4408E+00  final t = 0.228144E+03
 AMRCLAW: level  1  CFL = .452E+00  dt = 0.4387E+00  final t = 0.228583E+03
 AMRCLAW: level  1  CFL = .452E+00  dt = 0.4369E+00  final t = 0.229020E+03
 AMRCLAW: level  1  CFL = .451E+00  dt = 0.4354E+00  final t = 0.229455E+03
 AMRCLAW: level  1  CFL = .451E+00  dt = 0.4341E+00  final t = 0.229889E+03
 AMRCLAW: level  1  CFL = .451E+00  dt = 0.4330E+00  final t = 0.230322E+03
 AMRCLAW: level  1  CFL = .451E+00  dt = 0.4319E+00  final t = 0.230754E+03
 AMRCLAW: level  1  CFL = .451E+00  dt = 0.4309E+00  final t = 0.231185E+03
 AMRCLAW: level  1  CFL = .451E+00  dt = 0.4300E+00  final t = 0.231615E+03
 AMRCLAW: level  1  CFL = .451E+00  dt = 0.4292E+00  final t = 0.232044E+03
 AMRCLAW: level  1  CFL = .451E+00  dt = 0.4284E+00  final t = 0.232473E+03
 AMRCLAW: level  1  CFL = .451E+00  dt = 0.4276E+00  final t = 0.232900E+03
 AMRCLAW: level  1  CFL = .451E+00  dt = 0.4269E+00  final t = 0.233327E+03
 AMRCLAW: level  1  CFL = .451E+00  dt = 0.4262E+00  final t = 0.233753E+03
 AMRCLAW: level  1  CFL = .450E+00  dt = 0.4257E+00  final t = 0.234179E+03
 AMRCLAW: level  1  CFL = .450E+00  dt = 0.4253E+00  final t = 0.234604E+03
 AMRCLAW: level  1  CFL = .450E+00  dt = 0.4250E+00  final t = 0.235029E+03
 AMRCLAW: level  1  CFL = .450E+00  dt = 0.4248E+00  final t = 0.235454E+03
 AMRCLAW: level  1  CFL = .450E+00  dt = 0.4246E+00  final t = 0.235879E+03
 AMRCLAW: level  1  CFL = .450E+00  dt = 0.4245E+00  final t = 0.236303E+03
 AMRCLAW: level  1  CFL = .450E+00  dt = 0.4244E+00  final t = 0.236728E+03
 AMRCLAW: level  1  CFL = .450E+00  dt = 0.4243E+00  final t = 0.237152E+03
 AMRCLAW: level  1  CFL = .450E+00  dt = 0.4242E+00  final t = 0.237576E+03
 AMRCLAW: level  1  CFL = .450E+00  dt = 0.4241E+00  final t = 0.238000E+03
 AMRCLAW: level  1  CFL = .450E+00  dt = 0.4240E+00  final t = 0.238424E+03
 AMRCLAW: level  1  CFL = .450E+00  dt = 0.4239E+00  final t = 0.238848E+03
 AMRCLAW: level  1  CFL = .450E+00  dt = 0.4239E+00  final t = 0.239272E+03
 AMRCLAW: level  1  CFL = .450E+00  dt = 0.4239E+00  final t = 0.239696E+03
 AMRCLAW: level  1  CFL = .323E+00  dt = 0.3042E+00  final t = 0.240000E+03
GEOCLAW: Frame    8 output files done at time t =  0.240000D+03

 AMRCLAW: level  1  CFL = .450E+00  dt = 0.4238E+00  final t = 0.240424E+03
 AMRCLAW: level  1  CFL = .450E+00  dt = 0.4238E+00  final t = 0.240848E+03
 AMRCLAW: level  1  CFL = .450E+00  dt = 0.4238E+00  final t = 0.241271E+03
 AMRCLAW: level  1  CFL = .450E+00  dt = 0.4238E+00  final t = 0.241695E+03
 AMRCLAW: level  1  CFL = .450E+00  dt = 0.4238E+00  final t = 0.242119E+03
 AMRCLAW: level  1  CFL = .450E+00  dt = 0.4238E+00  final t = 0.242543E+03
 AMRCLAW: level  1  CFL = .450E+00  dt = 0.4238E+00  final t = 0.242967E+03
 AMRCLAW: level  1  CFL = .450E+00  dt = 0.4238E+00  final t = 0.243390E+03
 AMRCLAW: level  1  CFL = .450E+00  dt = 0.4239E+00  final t = 0.243814E+03
 AMRCLAW: level  1  CFL = .450E+00  dt = 0.4239E+00  final t = 0.244238E+03
 AMRCLAW: level  1  CFL = .450E+00  dt = 0.4239E+00  final t = 0.244662E+03
 AMRCLAW: level  1  CFL = .450E+00  dt = 0.4240E+00  final t = 0.245086E+03
 AMRCLAW: level  1  CFL = .450E+00  dt = 0.4240E+00  final t = 0.245510E+03
 AMRCLAW: level  1  CFL = .450E+00  dt = 0.4241E+00  final t = 0.245934E+03
 AMRCLAW: level  1  CFL = .450E+00  dt = 0.4242E+00  final t = 0.246358E+03
 AMRCLAW: level  1  CFL = .450E+00  dt = 0.4242E+00  final t = 0.246783E+03
 AMRCLAW: level  1  CFL = .450E+00  dt = 0.4243E+00  final t = 0.247207E+03
 AMRCLAW: level  1  CFL = .450E+00  dt = 0.4244E+00  final t = 0.247631E+03
 AMRCLAW: level  1  CFL = .450E+00  dt = 0.4245E+00  final t = 0.248056E+03
 AMRCLAW: level  1  CFL = .450E+00  dt = 0.4246E+00  final t = 0.248480E+03
 AMRCLAW: level  1  CFL = .450E+00  dt = 0.4249E+00  final t = 0.248905E+03
 AMRCLAW: level  1  CFL = .450E+00  dt = 0.4252E+00  final t = 0.249331E+03
 AMRCLAW: level  1  CFL = .450E+00  dt = 0.4255E+00  final t = 0.249756E+03
 AMRCLAW: level  1  CFL = .450E+00  dt = 0.4259E+00  final t = 0.250182E+03
 AMRCLAW: level  1  CFL = .452E+00  dt = 0.4262E+00  final t = 0.250608E+03
 AMRCLAW: level  1  CFL = .452E+00  dt = 0.4248E+00  final t = 0.251033E+03
 AMRCLAW: level  1  CFL = .452E+00  dt = 0.4228E+00  final t = 0.251456E+03
 AMRCLAW: level  1  CFL = .451E+00  dt = 0.4213E+00  final t = 0.251877E+03
 AMRCLAW: level  1  CFL = .451E+00  dt = 0.4199E+00  final t = 0.252297E+03
 AMRCLAW: level  1  CFL = .451E+00  dt = 0.4188E+00  final t = 0.252716E+03
 AMRCLAW: level  1  CFL = .451E+00  dt = 0.4179E+00  final t = 0.253134E+03
 AMRCLAW: level  1  CFL = .451E+00  dt = 0.4170E+00  final t = 0.253551E+03
 AMRCLAW: level  1  CFL = .451E+00  dt = 0.4162E+00  final t = 0.253967E+03
 AMRCLAW: level  1  CFL = .451E+00  dt = 0.4155E+00  final t = 0.254382E+03
 AMRCLAW: level  1  CFL = .451E+00  dt = 0.4148E+00  final t = 0.254797E+03
 AMRCLAW: level  1  CFL = .451E+00  dt = 0.4142E+00  final t = 0.255211E+03
 AMRCLAW: level  1  CFL = .451E+00  dt = 0.4136E+00  final t = 0.255625E+03
 AMRCLAW: level  1  CFL = .451E+00  dt = 0.4131E+00  final t = 0.256038E+03
 AMRCLAW: level  1  CFL = .450E+00  dt = 0.4126E+00  final t = 0.256451E+03
 AMRCLAW: level  1  CFL = .450E+00  dt = 0.4122E+00  final t = 0.256863E+03
 AMRCLAW: level  1  CFL = .450E+00  dt = 0.4118E+00  final t = 0.257275E+03
 AMRCLAW: level  1  CFL = .450E+00  dt = 0.4115E+00  final t = 0.257686E+03
 AMRCLAW: level  1  CFL = .450E+00  dt = 0.4112E+00  final t = 0.258098E+03
 AMRCLAW: level  1  CFL = .450E+00  dt = 0.4109E+00  final t = 0.258508E+03
 AMRCLAW: level  1  CFL = .450E+00  dt = 0.4106E+00  final t = 0.258919E+03
 AMRCLAW: level  1  CFL = .450E+00  dt = 0.4104E+00  final t = 0.259329E+03
 AMRCLAW: level  1  CFL = .450E+00  dt = 0.4102E+00  final t = 0.259740E+03
 AMRCLAW: level  1  CFL = .450E+00  dt = 0.4100E+00  final t = 0.260150E+03
 AMRCLAW: level  1  CFL = .450E+00  dt = 0.4098E+00  final t = 0.260559E+03
 AMRCLAW: level  1  CFL = .450E+00  dt = 0.4096E+00  final t = 0.260969E+03
 AMRCLAW: level  1  CFL = .450E+00  dt = 0.4094E+00  final t = 0.261378E+03
 AMRCLAW: level  1  CFL = .450E+00  dt = 0.4093E+00  final t = 0.261788E+03
 AMRCLAW: level  1  CFL = .450E+00  dt = 0.4088E+00  final t = 0.262197E+03
 AMRCLAW: level  1  CFL = .450E+00  dt = 0.4089E+00  final t = 0.262605E+03
 AMRCLAW: level  1  CFL = .450E+00  dt = 0.4085E+00  final t = 0.263014E+03
 AMRCLAW: level  1  CFL = .450E+00  dt = 0.4087E+00  final t = 0.263423E+03
 AMRCLAW: level  1  CFL = .450E+00  dt = 0.4084E+00  final t = 0.263831E+03
 AMRCLAW: level  1  CFL = .450E+00  dt = 0.4085E+00  final t = 0.264240E+03
 AMRCLAW: level  1  CFL = .450E+00  dt = 0.4082E+00  final t = 0.264648E+03
 AMRCLAW: level  1  CFL = .450E+00  dt = 0.4084E+00  final t = 0.265056E+03
 AMRCLAW: level  1  CFL = .450E+00  dt = 0.4081E+00  final t = 0.265464E+03
 AMRCLAW: level  1  CFL = .450E+00  dt = 0.4080E+00  final t = 0.265872E+03
 AMRCLAW: level  1  CFL = .450E+00  dt = 0.4082E+00  final t = 0.266280E+03
 AMRCLAW: level  1  CFL = .450E+00  dt = 0.4080E+00  final t = 0.266688E+03
 AMRCLAW: level  1  CFL = .450E+00  dt = 0.4079E+00  final t = 0.267096E+03
 AMRCLAW: level  1  CFL = .450E+00  dt = 0.4079E+00  final t = 0.267504E+03
 AMRCLAW: level  1  CFL = .450E+00  dt = 0.4081E+00  final t = 0.267912E+03
 AMRCLAW: level  1  CFL = .450E+00  dt = 0.4080E+00  final t = 0.268320E+03
 AMRCLAW: level  1  CFL = .450E+00  dt = 0.4079E+00  final t = 0.268728E+03
 AMRCLAW: level  1  CFL = .450E+00  dt = 0.4079E+00  final t = 0.269136E+03
 AMRCLAW: level  1  CFL = .450E+00  dt = 0.4082E+00  final t = 0.269544E+03
 AMRCLAW: level  1  CFL = .450E+00  dt = 0.4081E+00  final t = 0.269953E+03
 AMRCLAW: level  1  CFL = .523E-01  dt = 0.4746E-01  final t = 0.270000E+03
GEOCLAW: Frame    9 output files done at time t =  0.270000D+03

 AMRCLAW: level  1  CFL = .450E+00  dt = 0.4080E+00  final t = 0.270408E+03
 AMRCLAW: level  1  CFL = .450E+00  dt = 0.4081E+00  final t = 0.270816E+03
 AMRCLAW: level  1  CFL = .450E+00  dt = 0.4081E+00  final t = 0.271224E+03
 AMRCLAW: level  1  CFL = .450E+00  dt = 0.4084E+00  final t = 0.271633E+03
 AMRCLAW: level  1  CFL = .450E+00  dt = 0.4083E+00  final t = 0.272041E+03
 AMRCLAW: level  1  CFL = .450E+00  dt = 0.4083E+00  final t = 0.272449E+03
 AMRCLAW: level  1  CFL = .450E+00  dt = 0.4086E+00  final t = 0.272858E+03
 AMRCLAW: level  1  CFL = .450E+00  dt = 0.4085E+00  final t = 0.273266E+03
 AMRCLAW: level  1  CFL = .450E+00  dt = 0.4085E+00  final t = 0.273675E+03
 AMRCLAW: level  1  CFL = .450E+00  dt = 0.4089E+00  final t = 0.274084E+03
 AMRCLAW: level  1  CFL = .450E+00  dt = 0.4088E+00  final t = 0.274493E+03
 AMRCLAW: level  1  CFL = .450E+00  dt = 0.4088E+00  final t = 0.274901E+03
 AMRCLAW: level  1  CFL = .450E+00  dt = 0.4091E+00  final t = 0.275311E+03
 AMRCLAW: level  1  CFL = .450E+00  dt = 0.4091E+00  final t = 0.275720E+03
 AMRCLAW: level  1  CFL = .450E+00  dt = 0.4094E+00  final t = 0.276129E+03
 AMRCLAW: level  1  CFL = .450E+00  dt = 0.4093E+00  final t = 0.276538E+03
 AMRCLAW: level  1  CFL = .450E+00  dt = 0.4096E+00  final t = 0.276948E+03
 AMRCLAW: level  1  CFL = .450E+00  dt = 0.4096E+00  final t = 0.277358E+03
 AMRCLAW: level  1  CFL = .450E+00  dt = 0.4099E+00  final t = 0.277767E+03
 AMRCLAW: level  1  CFL = .450E+00  dt = 0.4098E+00  final t = 0.278177E+03
 AMRCLAW: level  1  CFL = .450E+00  dt = 0.4101E+00  final t = 0.278587E+03
 AMRCLAW: level  1  CFL = .450E+00  dt = 0.4104E+00  final t = 0.278998E+03
 AMRCLAW: level  1  CFL = .450E+00  dt = 0.4103E+00  final t = 0.279408E+03
 AMRCLAW: level  1  CFL = .450E+00  dt = 0.4106E+00  final t = 0.279819E+03
 AMRCLAW: level  1  CFL = .450E+00  dt = 0.4108E+00  final t = 0.280229E+03
 AMRCLAW: level  1  CFL = .450E+00  dt = 0.4110E+00  final t = 0.280640E+03
 AMRCLAW: level  1  CFL = .450E+00  dt = 0.4111E+00  final t = 0.281052E+03
 AMRCLAW: level  1  CFL = .450E+00  dt = 0.4113E+00  final t = 0.281463E+03
 AMRCLAW: level  1  CFL = .450E+00  dt = 0.4115E+00  final t = 0.281874E+03
 AMRCLAW: level  1  CFL = .450E+00  dt = 0.4116E+00  final t = 0.282286E+03
 AMRCLAW: level  1  CFL = .450E+00  dt = 0.4118E+00  final t = 0.282698E+03
 AMRCLAW: level  1  CFL = .450E+00  dt = 0.4120E+00  final t = 0.283110E+03
 AMRCLAW: level  1  CFL = .450E+00  dt = 0.4121E+00  final t = 0.283522E+03
 AMRCLAW: level  1  CFL = .450E+00  dt = 0.4123E+00  final t = 0.283934E+03
 AMRCLAW: level  1  CFL = .450E+00  dt = 0.4124E+00  final t = 0.284346E+03
 AMRCLAW: level  1  CFL = .450E+00  dt = 0.4126E+00  final t = 0.284759E+03
 AMRCLAW: level  1  CFL = .450E+00  dt = 0.4128E+00  final t = 0.285172E+03
 AMRCLAW: level  1  CFL = .450E+00  dt = 0.4130E+00  final t = 0.285585E+03
 AMRCLAW: level  1  CFL = .450E+00  dt = 0.4132E+00  final t = 0.285998E+03
 AMRCLAW: level  1  CFL = .450E+00  dt = 0.4134E+00  final t = 0.286412E+03
 AMRCLAW: level  1  CFL = .450E+00  dt = 0.4136E+00  final t = 0.286825E+03
 AMRCLAW: level  1  CFL = .450E+00  dt = 0.4138E+00  final t = 0.287239E+03
 AMRCLAW: level  1  CFL = .450E+00  dt = 0.4139E+00  final t = 0.287653E+03
 AMRCLAW: level  1  CFL = .450E+00  dt = 0.4140E+00  final t = 0.288067E+03
 AMRCLAW: level  1  CFL = .450E+00  dt = 0.4141E+00  final t = 0.288481E+03
 AMRCLAW: level  1  CFL = .450E+00  dt = 0.4142E+00  final t = 0.288895E+03
 AMRCLAW: level  1  CFL = .450E+00  dt = 0.4144E+00  final t = 0.289310E+03
 AMRCLAW: level  1  CFL = .450E+00  dt = 0.4145E+00  final t = 0.289724E+03
 AMRCLAW: level  1  CFL = .450E+00  dt = 0.4147E+00  final t = 0.290139E+03
 AMRCLAW: level  1  CFL = .450E+00  dt = 0.4149E+00  final t = 0.290554E+03
 AMRCLAW: level  1  CFL = .450E+00  dt = 0.4151E+00  final t = 0.290969E+03
 AMRCLAW: level  1  CFL = .450E+00  dt = 0.4152E+00  final t = 0.291384E+03
 AMRCLAW: level  1  CFL = .450E+00  dt = 0.4154E+00  final t = 0.291800E+03
 AMRCLAW: level  1  CFL = .450E+00  dt = 0.4156E+00  final t = 0.292215E+03
 AMRCLAW: level  1  CFL = .450E+00  dt = 0.4158E+00  final t = 0.292631E+03
 AMRCLAW: level  1  CFL = .450E+00  dt = 0.4160E+00  final t = 0.293047E+03
 AMRCLAW: level  1  CFL = .450E+00  dt = 0.4161E+00  final t = 0.293463E+03
 AMRCLAW: level  1  CFL = .450E+00  dt = 0.4163E+00  final t = 0.293879E+03
 AMRCLAW: level  1  CFL = .450E+00  dt = 0.4165E+00  final t = 0.294296E+03
 AMRCLAW: level  1  CFL = .450E+00  dt = 0.4166E+00  final t = 0.294712E+03
 AMRCLAW: level  1  CFL = .450E+00  dt = 0.4168E+00  final t = 0.295129E+03
 AMRCLAW: level  1  CFL = .450E+00  dt = 0.4170E+00  final t = 0.295546E+03
 AMRCLAW: level  1  CFL = .450E+00  dt = 0.4171E+00  final t = 0.295963E+03
 AMRCLAW: level  1  CFL = .450E+00  dt = 0.4173E+00  final t = 0.296381E+03
 AMRCLAW: level  1  CFL = .450E+00  dt = 0.4174E+00  final t = 0.296798E+03
 AMRCLAW: level  1  CFL = .450E+00  dt = 0.4175E+00  final t = 0.297216E+03
 AMRCLAW: level  1  CFL = .450E+00  dt = 0.4177E+00  final t = 0.297633E+03
 AMRCLAW: level  1  CFL = .450E+00  dt = 0.4178E+00  final t = 0.298051E+03
 AMRCLAW: level  1  CFL = .450E+00  dt = 0.4180E+00  final t = 0.298469E+03
 AMRCLAW: level  1  CFL = .450E+00  dt = 0.4181E+00  final t = 0.298887E+03
 AMRCLAW: level  1  CFL = .450E+00  dt = 0.4182E+00  final t = 0.299305E+03
 AMRCLAW: level  1  CFL = .450E+00  dt = 0.4183E+00  final t = 0.299724E+03
 AMRCLAW: level  1  CFL = .297E+00  dt = 0.2764E+00  final t = 0.300000E+03
GEOCLAW: Frame   10 output files done at time t =  0.300000D+03

 AMRCLAW: level  1  CFL = .450E+00  dt = 0.4186E+00  final t = 0.300419E+03
 AMRCLAW: level  1  CFL = .450E+00  dt = 0.4187E+00  final t = 0.300837E+03
 AMRCLAW: level  1  CFL = .450E+00  dt = 0.4188E+00  final t = 0.301256E+03
 AMRCLAW: level  1  CFL = .450E+00  dt = 0.4190E+00  final t = 0.301675E+03
 AMRCLAW: level  1  CFL = .450E+00  dt = 0.4192E+00  final t = 0.302094E+03
 AMRCLAW: level  1  CFL = .450E+00  dt = 0.4193E+00  final t = 0.302514E+03
 AMRCLAW: level  1  CFL = .450E+00  dt = 0.4195E+00  final t = 0.302933E+03
 AMRCLAW: level  1  CFL = .450E+00  dt = 0.4197E+00  final t = 0.303353E+03
 AMRCLAW: level  1  CFL = .450E+00  dt = 0.4198E+00  final t = 0.303773E+03
 AMRCLAW: level  1  CFL = .450E+00  dt = 0.4200E+00  final t = 0.304193E+03
 AMRCLAW: level  1  CFL = .450E+00  dt = 0.4202E+00  final t = 0.304613E+03
 AMRCLAW: level  1  CFL = .450E+00  dt = 0.4203E+00  final t = 0.305033E+03
 AMRCLAW: level  1  CFL = .450E+00  dt = 0.4205E+00  final t = 0.305454E+03
 AMRCLAW: level  1  CFL = .450E+00  dt = 0.4207E+00  final t = 0.305874E+03
 AMRCLAW: level  1  CFL = .450E+00  dt = 0.4208E+00  final t = 0.306295E+03
 AMRCLAW: level  1  CFL = .450E+00  dt = 0.4210E+00  final t = 0.306716E+03
 AMRCLAW: level  1  CFL = .450E+00  dt = 0.4211E+00  final t = 0.307137E+03
 AMRCLAW: level  1  CFL = .450E+00  dt = 0.4213E+00  final t = 0.307559E+03
 AMRCLAW: level  1  CFL = .450E+00  dt = 0.4214E+00  final t = 0.307980E+03
 AMRCLAW: level  1  CFL = .450E+00  dt = 0.4216E+00  final t = 0.308402E+03
 AMRCLAW: level  1  CFL = .450E+00  dt = 0.4218E+00  final t = 0.308823E+03
 AMRCLAW: level  1  CFL = .450E+00  dt = 0.4219E+00  final t = 0.309245E+03
 AMRCLAW: level  1  CFL = .450E+00  dt = 0.4221E+00  final t = 0.309667E+03
 AMRCLAW: level  1  CFL = .450E+00  dt = 0.4223E+00  final t = 0.310090E+03
 AMRCLAW: level  1  CFL = .450E+00  dt = 0.4225E+00  final t = 0.310512E+03
 AMRCLAW: level  1  CFL = .450E+00  dt = 0.4227E+00  final t = 0.310935E+03
 AMRCLAW: level  1  CFL = .450E+00  dt = 0.4229E+00  final t = 0.311358E+03
 AMRCLAW: level  1  CFL = .450E+00  dt = 0.4231E+00  final t = 0.311781E+03
 AMRCLAW: level  1  CFL = .450E+00  dt = 0.4234E+00  final t = 0.312204E+03
 AMRCLAW: level  1  CFL = .450E+00  dt = 0.4236E+00  final t = 0.312628E+03
 AMRCLAW: level  1  CFL = .450E+00  dt = 0.4238E+00  final t = 0.313052E+03
 AMRCLAW: level  1  CFL = .450E+00  dt = 0.4241E+00  final t = 0.313476E+03
 AMRCLAW: level  1  CFL = .450E+00  dt = 0.4244E+00  final t = 0.313900E+03
 AMRCLAW: level  1  CFL = .450E+00  dt = 0.4247E+00  final t = 0.314325E+03
 AMRCLAW: level  1  CFL = .450E+00  dt = 0.4249E+00  final t = 0.314750E+03
 AMRCLAW: level  1  CFL = .450E+00  dt = 0.4252E+00  final t = 0.315175E+03
 AMRCLAW: level  1  CFL = .450E+00  dt = 0.4256E+00  final t = 0.315601E+03
 AMRCLAW: level  1  CFL = .450E+00  dt = 0.4259E+00  final t = 0.316027E+03
 AMRCLAW: level  1  CFL = .450E+00  dt = 0.4262E+00  final t = 0.316453E+03
 AMRCLAW: level  1  CFL = .450E+00  dt = 0.4266E+00  final t = 0.316879E+03
 AMRCLAW: level  1  CFL = .450E+00  dt = 0.4269E+00  final t = 0.317306E+03
 AMRCLAW: level  1  CFL = .450E+00  dt = 0.4273E+00  final t = 0.317733E+03
 AMRCLAW: level  1  CFL = .450E+00  dt = 0.4276E+00  final t = 0.318161E+03
 AMRCLAW: level  1  CFL = .450E+00  dt = 0.4280E+00  final t = 0.318589E+03
 AMRCLAW: level  1  CFL = .450E+00  dt = 0.4284E+00  final t = 0.319018E+03
 AMRCLAW: level  1  CFL = .450E+00  dt = 0.4288E+00  final t = 0.319446E+03
 AMRCLAW: level  1  CFL = .450E+00  dt = 0.4292E+00  final t = 0.319876E+03
 AMRCLAW: level  1  CFL = .450E+00  dt = 0.4296E+00  final t = 0.320305E+03
 AMRCLAW: level  1  CFL = .450E+00  dt = 0.4300E+00  final t = 0.320735E+03
 AMRCLAW: level  1  CFL = .450E+00  dt = 0.4304E+00  final t = 0.321166E+03
 AMRCLAW: level  1  CFL = .450E+00  dt = 0.4308E+00  final t = 0.321596E+03
 AMRCLAW: level  1  CFL = .450E+00  dt = 0.4312E+00  final t = 0.322028E+03
 AMRCLAW: level  1  CFL = .450E+00  dt = 0.4316E+00  final t = 0.322459E+03
 AMRCLAW: level  1  CFL = .450E+00  dt = 0.4320E+00  final t = 0.322891E+03
 AMRCLAW: level  1  CFL = .450E+00  dt = 0.4323E+00  final t = 0.323323E+03
 AMRCLAW: level  1  CFL = .450E+00  dt = 0.4327E+00  final t = 0.323756E+03
 AMRCLAW: level  1  CFL = .450E+00  dt = 0.4331E+00  final t = 0.324189E+03
 AMRCLAW: level  1  CFL = .450E+00  dt = 0.4335E+00  final t = 0.324623E+03
 AMRCLAW: level  1  CFL = .450E+00  dt = 0.4339E+00  final t = 0.325057E+03
 AMRCLAW: level  1  CFL = .450E+00  dt = 0.4342E+00  final t = 0.325491E+03
 AMRCLAW: level  1  CFL = .450E+00  dt = 0.4346E+00  final t = 0.325925E+03
 AMRCLAW: level  1  CFL = .450E+00  dt = 0.4350E+00  final t = 0.326360E+03
 AMRCLAW: level  1  CFL = .450E+00  dt = 0.4353E+00  final t = 0.326796E+03
 AMRCLAW: level  1  CFL = .450E+00  dt = 0.4357E+00  final t = 0.327231E+03
 AMRCLAW: level  1  CFL = .450E+00  dt = 0.4361E+00  final t = 0.327668E+03
 AMRCLAW: level  1  CFL = .450E+00  dt = 0.4364E+00  final t = 0.328104E+03
 AMRCLAW: level  1  CFL = .450E+00  dt = 0.4368E+00  final t = 0.328541E+03
 AMRCLAW: level  1  CFL = .449E+00  dt = 0.4372E+00  final t = 0.328978E+03
 AMRCLAW: level  1  CFL = .449E+00  dt = 0.4377E+00  final t = 0.329416E+03
 AMRCLAW: level  1  CFL = .449E+00  dt = 0.4383E+00  final t = 0.329854E+03
 AMRCLAW: level  1  CFL = .150E+00  dt = 0.1460E+00  final t = 0.330000E+03
GEOCLAW: Frame   11 output files done at time t =  0.330000D+03

 AMRCLAW: level  1  CFL = .450E+00  dt = 0.4396E+00  final t = 0.330440E+03
 AMRCLAW: level  1  CFL = .449E+00  dt = 0.4398E+00  final t = 0.330879E+03
 AMRCLAW: level  1  CFL = .449E+00  dt = 0.4404E+00  final t = 0.331320E+03
 AMRCLAW: level  1  CFL = .449E+00  dt = 0.4410E+00  final t = 0.331761E+03
 AMRCLAW: level  1  CFL = .449E+00  dt = 0.4417E+00  final t = 0.332202E+03
 AMRCLAW: level  1  CFL = .449E+00  dt = 0.4423E+00  final t = 0.332645E+03
 AMRCLAW: level  1  CFL = .449E+00  dt = 0.4429E+00  final t = 0.333088E+03
 AMRCLAW: level  1  CFL = .449E+00  dt = 0.4435E+00  final t = 0.333531E+03
 AMRCLAW: level  1  CFL = .449E+00  dt = 0.4441E+00  final t = 0.333975E+03
 AMRCLAW: level  1  CFL = .449E+00  dt = 0.4448E+00  final t = 0.334420E+03
 AMRCLAW: level  1  CFL = .449E+00  dt = 0.4457E+00  final t = 0.334866E+03
 AMRCLAW: level  1  CFL = .450E+00  dt = 0.4464E+00  final t = 0.335312E+03
 AMRCLAW: level  1  CFL = .450E+00  dt = 0.4467E+00  final t = 0.335759E+03
 AMRCLAW: level  1  CFL = .450E+00  dt = 0.4469E+00  final t = 0.336206E+03
 AMRCLAW: level  1  CFL = .450E+00  dt = 0.4472E+00  final t = 0.336653E+03
 AMRCLAW: level  1  CFL = .450E+00  dt = 0.4473E+00  final t = 0.337100E+03
 AMRCLAW: level  1  CFL = .450E+00  dt = 0.4475E+00  final t = 0.337548E+03
 AMRCLAW: level  1  CFL = .450E+00  dt = 0.4476E+00  final t = 0.337995E+03
 AMRCLAW: level  1  CFL = .450E+00  dt = 0.4476E+00  final t = 0.338443E+03
 AMRCLAW: level  1  CFL = .450E+00  dt = 0.4476E+00  final t = 0.338890E+03
 AMRCLAW: level  1  CFL = .450E+00  dt = 0.4476E+00  final t = 0.339338E+03
 AMRCLAW: level  1  CFL = .450E+00  dt = 0.4476E+00  final t = 0.339786E+03
 AMRCLAW: level  1  CFL = .450E+00  dt = 0.4475E+00  final t = 0.340233E+03
 AMRCLAW: level  1  CFL = .450E+00  dt = 0.4474E+00  final t = 0.340681E+03
 AMRCLAW: level  1  CFL = .450E+00  dt = 0.4473E+00  final t = 0.341128E+03
 AMRCLAW: level  1  CFL = .450E+00  dt = 0.4471E+00  final t = 0.341575E+03
 AMRCLAW: level  1  CFL = .450E+00  dt = 0.4469E+00  final t = 0.342022E+03
 AMRCLAW: level  1  CFL = .450E+00  dt = 0.4465E+00  final t = 0.342468E+03
 AMRCLAW: level  1  CFL = .450E+00  dt = 0.4462E+00  final t = 0.342915E+03
 AMRCLAW: level  1  CFL = .450E+00  dt = 0.4459E+00  final t = 0.343361E+03
 AMRCLAW: level  1  CFL = .450E+00  dt = 0.4456E+00  final t = 0.343806E+03
 AMRCLAW: level  1  CFL = .450E+00  dt = 0.4453E+00  final t = 0.344251E+03
 AMRCLAW: level  1  CFL = .450E+00  dt = 0.4452E+00  final t = 0.344697E+03
 AMRCLAW: level  1  CFL = .450E+00  dt = 0.4453E+00  final t = 0.345142E+03
 AMRCLAW: level  1  CFL = .450E+00  dt = 0.4454E+00  final t = 0.345587E+03
 AMRCLAW: level  1  CFL = .450E+00  dt = 0.4457E+00  final t = 0.346033E+03
 AMRCLAW: level  1  CFL = .449E+00  dt = 0.4461E+00  final t = 0.346479E+03
 AMRCLAW: level  1  CFL = .449E+00  dt = 0.4466E+00  final t = 0.346926E+03
 AMRCLAW: level  1  CFL = .449E+00  dt = 0.4472E+00  final t = 0.347373E+03
 AMRCLAW: level  1  CFL = .449E+00  dt = 0.4478E+00  final t = 0.347821E+03
 AMRCLAW: level  1  CFL = .449E+00  dt = 0.4484E+00  final t = 0.348269E+03
 AMRCLAW: level  1  CFL = .449E+00  dt = 0.4490E+00  final t = 0.348718E+03
 AMRCLAW: level  1  CFL = .449E+00  dt = 0.4496E+00  final t = 0.349168E+03
 AMRCLAW: level  1  CFL = .449E+00  dt = 0.4503E+00  final t = 0.349618E+03
 AMRCLAW: level  1  CFL = .450E+00  dt = 0.4508E+00  final t = 0.350069E+03
 AMRCLAW: level  1  CFL = .450E+00  dt = 0.4511E+00  final t = 0.350520E+03
 AMRCLAW: level  1  CFL = .450E+00  dt = 0.4515E+00  final t = 0.350972E+03
 AMRCLAW: level  1  CFL = .450E+00  dt = 0.4518E+00  final t = 0.351423E+03
 AMRCLAW: level  1  CFL = .450E+00  dt = 0.4521E+00  final t = 0.351875E+03
 AMRCLAW: level  1  CFL = .450E+00  dt = 0.4524E+00  final t = 0.352328E+03
 AMRCLAW: level  1  CFL = .450E+00  dt = 0.4527E+00  final t = 0.352781E+03
 AMRCLAW: level  1  CFL = .450E+00  dt = 0.4530E+00  final t = 0.353234E+03
 AMRCLAW: level  1  CFL = .450E+00  dt = 0.4532E+00  final t = 0.353687E+03
 AMRCLAW: level  1  CFL = .450E+00  dt = 0.4534E+00  final t = 0.354140E+03
 AMRCLAW: level  1  CFL = .450E+00  dt = 0.4537E+00  final t = 0.354594E+03
 AMRCLAW: level  1  CFL = .450E+00  dt = 0.4539E+00  final t = 0.355048E+03
 AMRCLAW: level  1  CFL = .450E+00  dt = 0.4541E+00  final t = 0.355502E+03
 AMRCLAW: level  1  CFL = .450E+00  dt = 0.4544E+00  final t = 0.355956E+03
 AMRCLAW: level  1  CFL = .450E+00  dt = 0.4546E+00  final t = 0.356411E+03
 AMRCLAW: level  1  CFL = .450E+00  dt = 0.4548E+00  final t = 0.356866E+03
 AMRCLAW: level  1  CFL = .450E+00  dt = 0.4551E+00  final t = 0.357321E+03
 AMRCLAW: level  1  CFL = .450E+00  dt = 0.4554E+00  final t = 0.357776E+03
 AMRCLAW: level  1  CFL = .450E+00  dt = 0.4557E+00  final t = 0.358232E+03
 AMRCLAW: level  1  CFL = .449E+00  dt = 0.4561E+00  final t = 0.358688E+03
 AMRCLAW: level  1  CFL = .449E+00  dt = 0.4567E+00  final t = 0.359145E+03
 AMRCLAW: level  1  CFL = .449E+00  dt = 0.4573E+00  final t = 0.359602E+03
 AMRCLAW: level  1  CFL = .391E+00  dt = 0.3980E+00  final t = 0.360000E+03
GEOCLAW: Frame   12 output files done at time t =  0.360000D+03

 AMRCLAW: level  1  CFL = .449E+00  dt = 0.4587E+00  final t = 0.360459E+03
 AMRCLAW: level  1  CFL = .449E+00  dt = 0.4593E+00  final t = 0.360918E+03
 AMRCLAW: level  1  CFL = .449E+00  dt = 0.4600E+00  final t = 0.361378E+03
 AMRCLAW: level  1  CFL = .449E+00  dt = 0.4607E+00  final t = 0.361839E+03
 AMRCLAW: level  1  CFL = .449E+00  dt = 0.4613E+00  final t = 0.362300E+03
 AMRCLAW: level  1  CFL = .449E+00  dt = 0.4621E+00  final t = 0.362762E+03
 AMRCLAW: level  1  CFL = .449E+00  dt = 0.4628E+00  final t = 0.363225E+03
 AMRCLAW: level  1  CFL = .449E+00  dt = 0.4636E+00  final t = 0.363688E+03
 AMRCLAW: level  1  CFL = .449E+00  dt = 0.4644E+00  final t = 0.364153E+03
 AMRCLAW: level  1  CFL = .449E+00  dt = 0.4652E+00  final t = 0.364618E+03
 AMRCLAW: level  1  CFL = .449E+00  dt = 0.4661E+00  final t = 0.365084E+03
 AMRCLAW: level  1  CFL = .449E+00  dt = 0.4670E+00  final t = 0.365551E+03
 AMRCLAW: level  1  CFL = .449E+00  dt = 0.4679E+00  final t = 0.366019E+03
 AMRCLAW: level  1  CFL = .449E+00  dt = 0.4688E+00  final t = 0.366488E+03
 AMRCLAW: level  1  CFL = .449E+00  dt = 0.4697E+00  final t = 0.366957E+03
 AMRCLAW: level  1  CFL = .449E+00  dt = 0.4706E+00  final t = 0.367428E+03
 AMRCLAW: level  1  CFL = .449E+00  dt = 0.4714E+00  final t = 0.367899E+03
 AMRCLAW: level  1  CFL = .449E+00  dt = 0.4723E+00  final t = 0.368372E+03
 AMRCLAW: level  1  CFL = .449E+00  dt = 0.4732E+00  final t = 0.368845E+03
 AMRCLAW: level  1  CFL = .449E+00  dt = 0.4741E+00  final t = 0.369319E+03
 AMRCLAW: level  1  CFL = .449E+00  dt = 0.4749E+00  final t = 0.369794E+03
 AMRCLAW: level  1  CFL = .449E+00  dt = 0.4758E+00  final t = 0.370270E+03
 AMRCLAW: level  1  CFL = .449E+00  dt = 0.4766E+00  final t = 0.370746E+03
 AMRCLAW: level  1  CFL = .449E+00  dt = 0.4774E+00  final t = 0.371224E+03
 AMRCLAW: level  1  CFL = .449E+00  dt = 0.4783E+00  final t = 0.371702E+03
 AMRCLAW: level  1  CFL = .449E+00  dt = 0.4791E+00  final t = 0.372181E+03
 AMRCLAW: level  1  CFL = .449E+00  dt = 0.4799E+00  final t = 0.372661E+03
 AMRCLAW: level  1  CFL = .449E+00  dt = 0.4807E+00  final t = 0.373142E+03
 AMRCLAW: level  1  CFL = .449E+00  dt = 0.4815E+00  final t = 0.373623E+03
 AMRCLAW: level  1  CFL = .449E+00  dt = 0.4823E+00  final t = 0.374105E+03
 AMRCLAW: level  1  CFL = .449E+00  dt = 0.4831E+00  final t = 0.374588E+03
 AMRCLAW: level  1  CFL = .449E+00  dt = 0.4839E+00  final t = 0.375072E+03
 AMRCLAW: level  1  CFL = .449E+00  dt = 0.4847E+00  final t = 0.375557E+03
 AMRCLAW: level  1  CFL = .449E+00  dt = 0.4855E+00  final t = 0.376043E+03
 AMRCLAW: level  1  CFL = .449E+00  dt = 0.4863E+00  final t = 0.376529E+03
 AMRCLAW: level  1  CFL = .449E+00  dt = 0.4871E+00  final t = 0.377016E+03
 AMRCLAW: level  1  CFL = .449E+00  dt = 0.4878E+00  final t = 0.377504E+03
 AMRCLAW: level  1  CFL = .450E+00  dt = 0.4886E+00  final t = 0.377992E+03
 AMRCLAW: level  1  CFL = .450E+00  dt = 0.4892E+00  final t = 0.378481E+03
 AMRCLAW: level  1  CFL = .450E+00  dt = 0.4894E+00  final t = 0.378971E+03
 AMRCLAW: level  1  CFL = .449E+00  dt = 0.4898E+00  final t = 0.379461E+03
 AMRCLAW: level  1  CFL = .449E+00  dt = 0.4904E+00  final t = 0.379951E+03
 AMRCLAW: level  1  CFL = .449E+00  dt = 0.4910E+00  final t = 0.380442E+03
 AMRCLAW: level  1  CFL = .449E+00  dt = 0.4917E+00  final t = 0.380934E+03
 AMRCLAW: level  1  CFL = .449E+00  dt = 0.4924E+00  final t = 0.381426E+03
 AMRCLAW: level  1  CFL = .449E+00  dt = 0.4930E+00  final t = 0.381919E+03
 AMRCLAW: level  1  CFL = .449E+00  dt = 0.4937E+00  final t = 0.382413E+03
 AMRCLAW: level  1  CFL = .449E+00  dt = 0.4944E+00  final t = 0.382907E+03
 AMRCLAW: level  1  CFL = .449E+00  dt = 0.4951E+00  final t = 0.383402E+03
 AMRCLAW: level  1  CFL = .449E+00  dt = 0.4958E+00  final t = 0.383898E+03
 AMRCLAW: level  1  CFL = .449E+00  dt = 0.4965E+00  final t = 0.384395E+03
 AMRCLAW: level  1  CFL = .449E+00  dt = 0.4973E+00  final t = 0.384892E+03
 AMRCLAW: level  1  CFL = .449E+00  dt = 0.4981E+00  final t = 0.385390E+03
 AMRCLAW: level  1  CFL = .449E+00  dt = 0.4989E+00  final t = 0.385889E+03
 AMRCLAW: level  1  CFL = .449E+00  dt = 0.4998E+00  final t = 0.386389E+03
 AMRCLAW: level  1  CFL = .449E+00  dt = 0.5000E+00  final t = 0.386889E+03
 AMRCLAW: level  1  CFL = .448E+00  dt = 0.5000E+00  final t = 0.387389E+03
 AMRCLAW: level  1  CFL = .447E+00  dt = 0.5000E+00  final t = 0.387889E+03
 AMRCLAW: level  1  CFL = .446E+00  dt = 0.5000E+00  final t = 0.388389E+03
 AMRCLAW: level  1  CFL = .445E+00  dt = 0.5000E+00  final t = 0.388889E+03
 AMRCLAW: level  1  CFL = .444E+00  dt = 0.5000E+00  final t = 0.389389E+03
 AMRCLAW: level  1  CFL = .444E+00  dt = 0.5000E+00  final t = 0.389889E+03
 AMRCLAW: level  1  CFL = .986E-01  dt = 0.1114E+00  final t = 0.390000E+03
GEOCLAW: Frame   13 output files done at time t =  0.390000D+03

 AMRCLAW: level  1  CFL = .442E+00  dt = 0.5000E+00  final t = 0.390500E+03
 AMRCLAW: level  1  CFL = .442E+00  dt = 0.5000E+00  final t = 0.391000E+03
 AMRCLAW: level  1  CFL = .441E+00  dt = 0.5000E+00  final t = 0.391500E+03
 AMRCLAW: level  1  CFL = .440E+00  dt = 0.5000E+00  final t = 0.392000E+03
 AMRCLAW: level  1  CFL = .439E+00  dt = 0.5000E+00  final t = 0.392500E+03
 AMRCLAW: level  1  CFL = .438E+00  dt = 0.5000E+00  final t = 0.393000E+03
 AMRCLAW: level  1  CFL = .437E+00  dt = 0.5000E+00  final t = 0.393500E+03
 AMRCLAW: level  1  CFL = .436E+00  dt = 0.5000E+00  final t = 0.394000E+03
 AMRCLAW: level  1  CFL = .435E+00  dt = 0.5000E+00  final t = 0.394500E+03
 AMRCLAW: level  1  CFL = .434E+00  dt = 0.5000E+00  final t = 0.395000E+03
 AMRCLAW: level  1  CFL = .433E+00  dt = 0.5000E+00  final t = 0.395500E+03
 AMRCLAW: level  1  CFL = .432E+00  dt = 0.5000E+00  final t = 0.396000E+03
 AMRCLAW: level  1  CFL = .431E+00  dt = 0.5000E+00  final t = 0.396500E+03
 AMRCLAW: level  1  CFL = .430E+00  dt = 0.5000E+00  final t = 0.397000E+03
 AMRCLAW: level  1  CFL = .429E+00  dt = 0.5000E+00  final t = 0.397500E+03
 AMRCLAW: level  1  CFL = .428E+00  dt = 0.5000E+00  final t = 0.398000E+03
 AMRCLAW: level  1  CFL = .427E+00  dt = 0.5000E+00  final t = 0.398500E+03
 AMRCLAW: level  1  CFL = .425E+00  dt = 0.5000E+00  final t = 0.399000E+03
 AMRCLAW: level  1  CFL = .424E+00  dt = 0.5000E+00  final t = 0.399500E+03
 AMRCLAW: level  1  CFL = .423E+00  dt = 0.5000E+00  final t = 0.400000E+03
 AMRCLAW: level  1  CFL = .422E+00  dt = 0.5000E+00  final t = 0.400500E+03
 AMRCLAW: level  1  CFL = .421E+00  dt = 0.5000E+00  final t = 0.401000E+03
 AMRCLAW: level  1  CFL = .419E+00  dt = 0.5000E+00  final t = 0.401500E+03
 AMRCLAW: level  1  CFL = .418E+00  dt = 0.5000E+00  final t = 0.402000E+03
 AMRCLAW: level  1  CFL = .417E+00  dt = 0.5000E+00  final t = 0.402500E+03
 AMRCLAW: level  1  CFL = .416E+00  dt = 0.5000E+00  final t = 0.403000E+03
 AMRCLAW: level  1  CFL = .415E+00  dt = 0.5000E+00  final t = 0.403500E+03
 AMRCLAW: level  1  CFL = .414E+00  dt = 0.5000E+00  final t = 0.404000E+03
 AMRCLAW: level  1  CFL = .413E+00  dt = 0.5000E+00  final t = 0.404500E+03
 AMRCLAW: level  1  CFL = .412E+00  dt = 0.5000E+00  final t = 0.405000E+03
 AMRCLAW: level  1  CFL = .411E+00  dt = 0.5000E+00  final t = 0.405500E+03
 AMRCLAW: level  1  CFL = .410E+00  dt = 0.5000E+00  final t = 0.406000E+03
 AMRCLAW: level  1  CFL = .409E+00  dt = 0.5000E+00  final t = 0.406500E+03
 AMRCLAW: level  1  CFL = .409E+00  dt = 0.5000E+00  final t = 0.407000E+03
 AMRCLAW: level  1  CFL = .409E+00  dt = 0.5000E+00  final t = 0.407500E+03
 AMRCLAW: level  1  CFL = .409E+00  dt = 0.5000E+00  final t = 0.408000E+03
 AMRCLAW: level  1  CFL = .409E+00  dt = 0.5000E+00  final t = 0.408500E+03
 AMRCLAW: level  1  CFL = .408E+00  dt = 0.5000E+00  final t = 0.409000E+03
 AMRCLAW: level  1  CFL = .408E+00  dt = 0.5000E+00  final t = 0.409500E+03
 AMRCLAW: level  1  CFL = .408E+00  dt = 0.5000E+00  final t = 0.410000E+03
 AMRCLAW: level  1  CFL = .408E+00  dt = 0.5000E+00  final t = 0.410500E+03
 AMRCLAW: level  1  CFL = .408E+00  dt = 0.5000E+00  final t = 0.411000E+03
 AMRCLAW: level  1  CFL = .408E+00  dt = 0.5000E+00  final t = 0.411500E+03
 AMRCLAW: level  1  CFL = .408E+00  dt = 0.5000E+00  final t = 0.412000E+03
 AMRCLAW: level  1  CFL = .408E+00  dt = 0.5000E+00  final t = 0.412500E+03
 AMRCLAW: level  1  CFL = .408E+00  dt = 0.5000E+00  final t = 0.413000E+03
 AMRCLAW: level  1  CFL = .408E+00  dt = 0.5000E+00  final t = 0.413500E+03
 AMRCLAW: level  1  CFL = .408E+00  dt = 0.5000E+00  final t = 0.414000E+03
 AMRCLAW: level  1  CFL = .408E+00  dt = 0.5000E+00  final t = 0.414500E+03
 AMRCLAW: level  1  CFL = .408E+00  dt = 0.5000E+00  final t = 0.415000E+03
 AMRCLAW: level  1  CFL = .407E+00  dt = 0.5000E+00  final t = 0.415500E+03
 AMRCLAW: level  1  CFL = .407E+00  dt = 0.5000E+00  final t = 0.416000E+03
 AMRCLAW: level  1  CFL = .407E+00  dt = 0.5000E+00  final t = 0.416500E+03
 AMRCLAW: level  1  CFL = .407E+00  dt = 0.5000E+00  final t = 0.417000E+03
 AMRCLAW: level  1  CFL = .407E+00  dt = 0.5000E+00  final t = 0.417500E+03
 AMRCLAW: level  1  CFL = .407E+00  dt = 0.5000E+00  final t = 0.418000E+03
 AMRCLAW: level  1  CFL = .407E+00  dt = 0.5000E+00  final t = 0.418500E+03
 AMRCLAW: level  1  CFL = .407E+00  dt = 0.5000E+00  final t = 0.419000E+03
 AMRCLAW: level  1  CFL = .407E+00  dt = 0.5000E+00  final t = 0.419500E+03
 AMRCLAW: level  1  CFL = .407E+00  dt = 0.5000E+00  final t = 0.420000E+03
GEOCLAW: Frame   14 output files done at time t =  0.420000D+03

 AMRCLAW: level  1  CFL = .406E+00  dt = 0.5000E+00  final t = 0.420500E+03
 AMRCLAW: level  1  CFL = .406E+00  dt = 0.5000E+00  final t = 0.421000E+03
 AMRCLAW: level  1  CFL = .406E+00  dt = 0.5000E+00  final t = 0.421500E+03
 AMRCLAW: level  1  CFL = .406E+00  dt = 0.5000E+00  final t = 0.422000E+03
 AMRCLAW: level  1  CFL = .405E+00  dt = 0.5000E+00  final t = 0.422500E+03
 AMRCLAW: level  1  CFL = .405E+00  dt = 0.5000E+00  final t = 0.423000E+03
 AMRCLAW: level  1  CFL = .405E+00  dt = 0.5000E+00  final t = 0.423500E+03
 AMRCLAW: level  1  CFL = .405E+00  dt = 0.5000E+00  final t = 0.424000E+03
 AMRCLAW: level  1  CFL = .405E+00  dt = 0.5000E+00  final t = 0.424500E+03
 AMRCLAW: level  1  CFL = .404E+00  dt = 0.5000E+00  final t = 0.425000E+03
 AMRCLAW: level  1  CFL = .404E+00  dt = 0.5000E+00  final t = 0.425500E+03
 AMRCLAW: level  1  CFL = .404E+00  dt = 0.5000E+00  final t = 0.426000E+03
 AMRCLAW: level  1  CFL = .404E+00  dt = 0.5000E+00  final t = 0.426500E+03
 AMRCLAW: level  1  CFL = .404E+00  dt = 0.5000E+00  final t = 0.427000E+03
 AMRCLAW: level  1  CFL = .404E+00  dt = 0.5000E+00  final t = 0.427500E+03
 AMRCLAW: level  1  CFL = .404E+00  dt = 0.5000E+00  final t = 0.428000E+03
 AMRCLAW: level  1  CFL = .403E+00  dt = 0.5000E+00  final t = 0.428500E+03
 AMRCLAW: level  1  CFL = .403E+00  dt = 0.5000E+00  final t = 0.429000E+03
 AMRCLAW: level  1  CFL = .403E+00  dt = 0.5000E+00  final t = 0.429500E+03
 AMRCLAW: level  1  CFL = .403E+00  dt = 0.5000E+00  final t = 0.430000E+03
 AMRCLAW: level  1  CFL = .403E+00  dt = 0.5000E+00  final t = 0.430500E+03
 AMRCLAW: level  1  CFL = .402E+00  dt = 0.5000E+00  final t = 0.431000E+03
 AMRCLAW: level  1  CFL = .402E+00  dt = 0.5000E+00  final t = 0.431500E+03
 AMRCLAW: level  1  CFL = .402E+00  dt = 0.5000E+00  final t = 0.432000E+03
 AMRCLAW: level  1  CFL = .402E+00  dt = 0.5000E+00  final t = 0.432500E+03
 AMRCLAW: level  1  CFL = .402E+00  dt = 0.5000E+00  final t = 0.433000E+03
 AMRCLAW: level  1  CFL = .402E+00  dt = 0.5000E+00  final t = 0.433500E+03
 AMRCLAW: level  1  CFL = .402E+00  dt = 0.5000E+00  final t = 0.434000E+03
 AMRCLAW: level  1  CFL = .401E+00  dt = 0.5000E+00  final t = 0.434500E+03
 AMRCLAW: level  1  CFL = .401E+00  dt = 0.5000E+00  final t = 0.435000E+03
 AMRCLAW: level  1  CFL = .401E+00  dt = 0.5000E+00  final t = 0.435500E+03
 AMRCLAW: level  1  CFL = .401E+00  dt = 0.5000E+00  final t = 0.436000E+03
 AMRCLAW: level  1  CFL = .401E+00  dt = 0.5000E+00  final t = 0.436500E+03
 AMRCLAW: level  1  CFL = .400E+00  dt = 0.5000E+00  final t = 0.437000E+03
 AMRCLAW: level  1  CFL = .400E+00  dt = 0.5000E+00  final t = 0.437500E+03
 AMRCLAW: level  1  CFL = .400E+00  dt = 0.5000E+00  final t = 0.438000E+03
 AMRCLAW: level  1  CFL = .400E+00  dt = 0.5000E+00  final t = 0.438500E+03
 AMRCLAW: level  1  CFL = .399E+00  dt = 0.5000E+00  final t = 0.439000E+03
 AMRCLAW: level  1  CFL = .399E+00  dt = 0.5000E+00  final t = 0.439500E+03
 AMRCLAW: level  1  CFL = .399E+00  dt = 0.5000E+00  final t = 0.440000E+03
 AMRCLAW: level  1  CFL = .398E+00  dt = 0.5000E+00  final t = 0.440500E+03
 AMRCLAW: level  1  CFL = .398E+00  dt = 0.5000E+00  final t = 0.441000E+03
 AMRCLAW: level  1  CFL = .398E+00  dt = 0.5000E+00  final t = 0.441500E+03
 AMRCLAW: level  1  CFL = .397E+00  dt = 0.5000E+00  final t = 0.442000E+03
 AMRCLAW: level  1  CFL = .397E+00  dt = 0.5000E+00  final t = 0.442500E+03
 AMRCLAW: level  1  CFL = .397E+00  dt = 0.5000E+00  final t = 0.443000E+03
 AMRCLAW: level  1  CFL = .396E+00  dt = 0.5000E+00  final t = 0.443500E+03
 AMRCLAW: level  1  CFL = .396E+00  dt = 0.5000E+00  final t = 0.444000E+03
 AMRCLAW: level  1  CFL = .396E+00  dt = 0.5000E+00  final t = 0.444500E+03
 AMRCLAW: level  1  CFL = .395E+00  dt = 0.5000E+00  final t = 0.445000E+03
 AMRCLAW: level  1  CFL = .395E+00  dt = 0.5000E+00  final t = 0.445500E+03
 AMRCLAW: level  1  CFL = .394E+00  dt = 0.5000E+00  final t = 0.446000E+03
 AMRCLAW: level  1  CFL = .394E+00  dt = 0.5000E+00  final t = 0.446500E+03
 AMRCLAW: level  1  CFL = .394E+00  dt = 0.5000E+00  final t = 0.447000E+03
 AMRCLAW: level  1  CFL = .393E+00  dt = 0.5000E+00  final t = 0.447500E+03
 AMRCLAW: level  1  CFL = .393E+00  dt = 0.5000E+00  final t = 0.448000E+03
 AMRCLAW: level  1  CFL = .392E+00  dt = 0.5000E+00  final t = 0.448500E+03
 AMRCLAW: level  1  CFL = .392E+00  dt = 0.5000E+00  final t = 0.449000E+03
 AMRCLAW: level  1  CFL = .392E+00  dt = 0.5000E+00  final t = 0.449500E+03
 AMRCLAW: level  1  CFL = .392E+00  dt = 0.5000E+00  final t = 0.450000E+03
GEOCLAW: Frame   15 output files done at time t =  0.450000D+03

 AMRCLAW: level  1  CFL = .391E+00  dt = 0.5000E+00  final t = 0.450500E+03
 AMRCLAW: level  1  CFL = .391E+00  dt = 0.5000E+00  final t = 0.451000E+03
 AMRCLAW: level  1  CFL = .390E+00  dt = 0.5000E+00  final t = 0.451500E+03
 AMRCLAW: level  1  CFL = .390E+00  dt = 0.5000E+00  final t = 0.452000E+03
 AMRCLAW: level  1  CFL = .389E+00  dt = 0.5000E+00  final t = 0.452500E+03
 AMRCLAW: level  1  CFL = .389E+00  dt = 0.5000E+00  final t = 0.453000E+03
 AMRCLAW: level  1  CFL = .388E+00  dt = 0.5000E+00  final t = 0.453500E+03
 AMRCLAW: level  1  CFL = .388E+00  dt = 0.5000E+00  final t = 0.454000E+03
 AMRCLAW: level  1  CFL = .388E+00  dt = 0.5000E+00  final t = 0.454500E+03
 AMRCLAW: level  1  CFL = .388E+00  dt = 0.5000E+00  final t = 0.455000E+03
 AMRCLAW: level  1  CFL = .388E+00  dt = 0.5000E+00  final t = 0.455500E+03
 AMRCLAW: level  1  CFL = .388E+00  dt = 0.5000E+00  final t = 0.456000E+03
 AMRCLAW: level  1  CFL = .387E+00  dt = 0.5000E+00  final t = 0.456500E+03
 AMRCLAW: level  1  CFL = .386E+00  dt = 0.5000E+00  final t = 0.457000E+03
 AMRCLAW: level  1  CFL = .386E+00  dt = 0.5000E+00  final t = 0.457500E+03
 AMRCLAW: level  1  CFL = .385E+00  dt = 0.5000E+00  final t = 0.458000E+03
 AMRCLAW: level  1  CFL = .385E+00  dt = 0.5000E+00  final t = 0.458500E+03
 AMRCLAW: level  1  CFL = .385E+00  dt = 0.5000E+00  final t = 0.459000E+03
 AMRCLAW: level  1  CFL = .385E+00  dt = 0.5000E+00  final t = 0.459500E+03
 AMRCLAW: level  1  CFL = .386E+00  dt = 0.5000E+00  final t = 0.460000E+03
 AMRCLAW: level  1  CFL = .386E+00  dt = 0.5000E+00  final t = 0.460500E+03
 AMRCLAW: level  1  CFL = .386E+00  dt = 0.5000E+00  final t = 0.461000E+03
 AMRCLAW: level  1  CFL = .386E+00  dt = 0.5000E+00  final t = 0.461500E+03
 AMRCLAW: level  1  CFL = .386E+00  dt = 0.5000E+00  final t = 0.462000E+03
 AMRCLAW: level  1  CFL = .386E+00  dt = 0.5000E+00  final t = 0.462500E+03
 AMRCLAW: level  1  CFL = .386E+00  dt = 0.5000E+00  final t = 0.463000E+03
 AMRCLAW: level  1  CFL = .386E+00  dt = 0.5000E+00  final t = 0.463500E+03
 AMRCLAW: level  1  CFL = .387E+00  dt = 0.5000E+00  final t = 0.464000E+03
 AMRCLAW: level  1  CFL = .387E+00  dt = 0.5000E+00  final t = 0.464500E+03
 AMRCLAW: level  1  CFL = .387E+00  dt = 0.5000E+00  final t = 0.465000E+03
 AMRCLAW: level  1  CFL = .388E+00  dt = 0.5000E+00  final t = 0.465500E+03
 AMRCLAW: level  1  CFL = .388E+00  dt = 0.5000E+00  final t = 0.466000E+03
 AMRCLAW: level  1  CFL = .388E+00  dt = 0.5000E+00  final t = 0.466500E+03
 AMRCLAW: level  1  CFL = .388E+00  dt = 0.5000E+00  final t = 0.467000E+03
 AMRCLAW: level  1  CFL = .389E+00  dt = 0.5000E+00  final t = 0.467500E+03
 AMRCLAW: level  1  CFL = .389E+00  dt = 0.5000E+00  final t = 0.468000E+03
 AMRCLAW: level  1  CFL = .389E+00  dt = 0.5000E+00  final t = 0.468500E+03
 AMRCLAW: level  1  CFL = .389E+00  dt = 0.5000E+00  final t = 0.469000E+03
 AMRCLAW: level  1  CFL = .389E+00  dt = 0.5000E+00  final t = 0.469500E+03
 AMRCLAW: level  1  CFL = .389E+00  dt = 0.5000E+00  final t = 0.470000E+03
 AMRCLAW: level  1  CFL = .389E+00  dt = 0.5000E+00  final t = 0.470500E+03
 AMRCLAW: level  1  CFL = .389E+00  dt = 0.5000E+00  final t = 0.471000E+03
 AMRCLAW: level  1  CFL = .388E+00  dt = 0.5000E+00  final t = 0.471500E+03
 AMRCLAW: level  1  CFL = .388E+00  dt = 0.5000E+00  final t = 0.472000E+03
 AMRCLAW: level  1  CFL = .388E+00  dt = 0.5000E+00  final t = 0.472500E+03
 AMRCLAW: level  1  CFL = .388E+00  dt = 0.5000E+00  final t = 0.473000E+03
 AMRCLAW: level  1  CFL = .388E+00  dt = 0.5000E+00  final t = 0.473500E+03
 AMRCLAW: level  1  CFL = .389E+00  dt = 0.5000E+00  final t = 0.474000E+03
 AMRCLAW: level  1  CFL = .389E+00  dt = 0.5000E+00  final t = 0.474500E+03
 AMRCLAW: level  1  CFL = .389E+00  dt = 0.5000E+00  final t = 0.475000E+03
 AMRCLAW: level  1  CFL = .390E+00  dt = 0.5000E+00  final t = 0.475500E+03
 AMRCLAW: level  1  CFL = .390E+00  dt = 0.5000E+00  final t = 0.476000E+03
 AMRCLAW: level  1  CFL = .390E+00  dt = 0.5000E+00  final t = 0.476500E+03
 AMRCLAW: level  1  CFL = .390E+00  dt = 0.5000E+00  final t = 0.477000E+03
 AMRCLAW: level  1  CFL = .390E+00  dt = 0.5000E+00  final t = 0.477500E+03
 AMRCLAW: level  1  CFL = .391E+00  dt = 0.5000E+00  final t = 0.478000E+03
 AMRCLAW: level  1  CFL = .391E+00  dt = 0.5000E+00  final t = 0.478500E+03
 AMRCLAW: level  1  CFL = .391E+00  dt = 0.5000E+00  final t = 0.479000E+03
 AMRCLAW: level  1  CFL = .391E+00  dt = 0.5000E+00  final t = 0.479500E+03
 AMRCLAW: level  1  CFL = .391E+00  dt = 0.5000E+00  final t = 0.480000E+03
GEOCLAW: Frame   16 output files done at time t =  0.480000D+03

 AMRCLAW: level  1  CFL = .391E+00  dt = 0.5000E+00  final t = 0.480500E+03
 AMRCLAW: level  1  CFL = .391E+00  dt = 0.5000E+00  final t = 0.481000E+03
 AMRCLAW: level  1  CFL = .390E+00  dt = 0.5000E+00  final t = 0.481500E+03
 AMRCLAW: level  1  CFL = .390E+00  dt = 0.5000E+00  final t = 0.482000E+03
 AMRCLAW: level  1  CFL = .390E+00  dt = 0.5000E+00  final t = 0.482500E+03
 AMRCLAW: level  1  CFL = .390E+00  dt = 0.5000E+00  final t = 0.483000E+03
 AMRCLAW: level  1  CFL = .390E+00  dt = 0.5000E+00  final t = 0.483500E+03
 AMRCLAW: level  1  CFL = .390E+00  dt = 0.5000E+00  final t = 0.484000E+03
 AMRCLAW: level  1  CFL = .389E+00  dt = 0.5000E+00  final t = 0.484500E+03
 AMRCLAW: level  1  CFL = .389E+00  dt = 0.5000E+00  final t = 0.485000E+03
 AMRCLAW: level  1  CFL = .389E+00  dt = 0.5000E+00  final t = 0.485500E+03
 AMRCLAW: level  1  CFL = .389E+00  dt = 0.5000E+00  final t = 0.486000E+03
 AMRCLAW: level  1  CFL = .388E+00  dt = 0.5000E+00  final t = 0.486500E+03
 AMRCLAW: level  1  CFL = .388E+00  dt = 0.5000E+00  final t = 0.487000E+03
 AMRCLAW: level  1  CFL = .387E+00  dt = 0.5000E+00  final t = 0.487500E+03
 AMRCLAW: level  1  CFL = .387E+00  dt = 0.5000E+00  final t = 0.488000E+03
 AMRCLAW: level  1  CFL = .386E+00  dt = 0.5000E+00  final t = 0.488500E+03
 AMRCLAW: level  1  CFL = .386E+00  dt = 0.5000E+00  final t = 0.489000E+03
 AMRCLAW: level  1  CFL = .385E+00  dt = 0.5000E+00  final t = 0.489500E+03
 AMRCLAW: level  1  CFL = .385E+00  dt = 0.5000E+00  final t = 0.490000E+03
 AMRCLAW: level  1  CFL = .384E+00  dt = 0.5000E+00  final t = 0.490500E+03
 AMRCLAW: level  1  CFL = .384E+00  dt = 0.5000E+00  final t = 0.491000E+03
 AMRCLAW: level  1  CFL = .383E+00  dt = 0.5000E+00  final t = 0.491500E+03
 AMRCLAW: level  1  CFL = .383E+00  dt = 0.5000E+00  final t = 0.492000E+03
 AMRCLAW: level  1  CFL = .383E+00  dt = 0.5000E+00  final t = 0.492500E+03
 AMRCLAW: level  1  CFL = .383E+00  dt = 0.5000E+00  final t = 0.493000E+03
 AMRCLAW: level  1  CFL = .382E+00  dt = 0.5000E+00  final t = 0.493500E+03
 AMRCLAW: level  1  CFL = .382E+00  dt = 0.5000E+00  final t = 0.494000E+03
 AMRCLAW: level  1  CFL = .382E+00  dt = 0.5000E+00  final t = 0.494500E+03
 AMRCLAW: level  1  CFL = .382E+00  dt = 0.5000E+00  final t = 0.495000E+03
 AMRCLAW: level  1  CFL = .381E+00  dt = 0.5000E+00  final t = 0.495500E+03
 AMRCLAW: level  1  CFL = .381E+00  dt = 0.5000E+00  final t = 0.496000E+03
 AMRCLAW: level  1  CFL = .381E+00  dt = 0.5000E+00  final t = 0.496500E+03
 AMRCLAW: level  1  CFL = .380E+00  dt = 0.5000E+00  final t = 0.497000E+03
 AMRCLAW: level  1  CFL = .380E+00  dt = 0.5000E+00  final t = 0.497500E+03
 AMRCLAW: level  1  CFL = .380E+00  dt = 0.5000E+00  final t = 0.498000E+03
 AMRCLAW: level  1  CFL = .380E+00  dt = 0.5000E+00  final t = 0.498500E+03
 AMRCLAW: level  1  CFL = .379E+00  dt = 0.5000E+00  final t = 0.499000E+03
 AMRCLAW: level  1  CFL = .379E+00  dt = 0.5000E+00  final t = 0.499500E+03
 AMRCLAW: level  1  CFL = .379E+00  dt = 0.5000E+00  final t = 0.500000E+03
 AMRCLAW: level  1  CFL = .378E+00  dt = 0.5000E+00  final t = 0.500500E+03
 AMRCLAW: level  1  CFL = .378E+00  dt = 0.5000E+00  final t = 0.501000E+03
 AMRCLAW: level  1  CFL = .378E+00  dt = 0.5000E+00  final t = 0.501500E+03
 AMRCLAW: level  1  CFL = .377E+00  dt = 0.5000E+00  final t = 0.502000E+03
 AMRCLAW: level  1  CFL = .377E+00  dt = 0.5000E+00  final t = 0.502500E+03
 AMRCLAW: level  1  CFL = .377E+00  dt = 0.5000E+00  final t = 0.503000E+03
 AMRCLAW: level  1  CFL = .376E+00  dt = 0.5000E+00  final t = 0.503500E+03
 AMRCLAW: level  1  CFL = .376E+00  dt = 0.5000E+00  final t = 0.504000E+03
 AMRCLAW: level  1  CFL = .376E+00  dt = 0.5000E+00  final t = 0.504500E+03
 AMRCLAW: level  1  CFL = .375E+00  dt = 0.5000E+00  final t = 0.505000E+03
 AMRCLAW: level  1  CFL = .375E+00  dt = 0.5000E+00  final t = 0.505500E+03
 AMRCLAW: level  1  CFL = .375E+00  dt = 0.5000E+00  final t = 0.506000E+03
 AMRCLAW: level  1  CFL = .375E+00  dt = 0.5000E+00  final t = 0.506500E+03
 AMRCLAW: level  1  CFL = .375E+00  dt = 0.5000E+00  final t = 0.507000E+03
 AMRCLAW: level  1  CFL = .374E+00  dt = 0.5000E+00  final t = 0.507500E+03
 AMRCLAW: level  1  CFL = .374E+00  dt = 0.5000E+00  final t = 0.508000E+03
 AMRCLAW: level  1  CFL = .374E+00  dt = 0.5000E+00  final t = 0.508500E+03
 AMRCLAW: level  1  CFL = .374E+00  dt = 0.5000E+00  final t = 0.509000E+03
 AMRCLAW: level  1  CFL = .374E+00  dt = 0.5000E+00  final t = 0.509500E+03
 AMRCLAW: level  1  CFL = .373E+00  dt = 0.5000E+00  final t = 0.510000E+03
GEOCLAW: Frame   17 output files done at time t =  0.510000D+03

 AMRCLAW: level  1  CFL = .373E+00  dt = 0.5000E+00  final t = 0.510500E+03
 AMRCLAW: level  1  CFL = .373E+00  dt = 0.5000E+00  final t = 0.511000E+03
 AMRCLAW: level  1  CFL = .373E+00  dt = 0.5000E+00  final t = 0.511500E+03
 AMRCLAW: level  1  CFL = .372E+00  dt = 0.5000E+00  final t = 0.512000E+03
 AMRCLAW: level  1  CFL = .372E+00  dt = 0.5000E+00  final t = 0.512500E+03
 AMRCLAW: level  1  CFL = .372E+00  dt = 0.5000E+00  final t = 0.513000E+03
 AMRCLAW: level  1  CFL = .371E+00  dt = 0.5000E+00  final t = 0.513500E+03
 AMRCLAW: level  1  CFL = .371E+00  dt = 0.5000E+00  final t = 0.514000E+03
 AMRCLAW: level  1  CFL = .371E+00  dt = 0.5000E+00  final t = 0.514500E+03
 AMRCLAW: level  1  CFL = .370E+00  dt = 0.5000E+00  final t = 0.515000E+03
 AMRCLAW: level  1  CFL = .370E+00  dt = 0.5000E+00  final t = 0.515500E+03
 AMRCLAW: level  1  CFL = .370E+00  dt = 0.5000E+00  final t = 0.516000E+03
 AMRCLAW: level  1  CFL = .369E+00  dt = 0.5000E+00  final t = 0.516500E+03
 AMRCLAW: level  1  CFL = .369E+00  dt = 0.5000E+00  final t = 0.517000E+03
 AMRCLAW: level  1  CFL = .369E+00  dt = 0.5000E+00  final t = 0.517500E+03
 AMRCLAW: level  1  CFL = .369E+00  dt = 0.5000E+00  final t = 0.518000E+03
 AMRCLAW: level  1  CFL = .368E+00  dt = 0.5000E+00  final t = 0.518500E+03
 AMRCLAW: level  1  CFL = .368E+00  dt = 0.5000E+00  final t = 0.519000E+03
 AMRCLAW: level  1  CFL = .368E+00  dt = 0.5000E+00  final t = 0.519500E+03
 AMRCLAW: level  1  CFL = .368E+00  dt = 0.5000E+00  final t = 0.520000E+03
 AMRCLAW: level  1  CFL = .367E+00  dt = 0.5000E+00  final t = 0.520500E+03
 AMRCLAW: level  1  CFL = .367E+00  dt = 0.5000E+00  final t = 0.521000E+03
 AMRCLAW: level  1  CFL = .367E+00  dt = 0.5000E+00  final t = 0.521500E+03
 AMRCLAW: level  1  CFL = .367E+00  dt = 0.5000E+00  final t = 0.522000E+03
 AMRCLAW: level  1  CFL = .366E+00  dt = 0.5000E+00  final t = 0.522500E+03
 AMRCLAW: level  1  CFL = .366E+00  dt = 0.5000E+00  final t = 0.523000E+03
 AMRCLAW: level  1  CFL = .366E+00  dt = 0.5000E+00  final t = 0.523500E+03
 AMRCLAW: level  1  CFL = .366E+00  dt = 0.5000E+00  final t = 0.524000E+03
 AMRCLAW: level  1  CFL = .366E+00  dt = 0.5000E+00  final t = 0.524500E+03
 AMRCLAW: level  1  CFL = .365E+00  dt = 0.5000E+00  final t = 0.525000E+03
 AMRCLAW: level  1  CFL = .365E+00  dt = 0.5000E+00  final t = 0.525500E+03
 AMRCLAW: level  1  CFL = .365E+00  dt = 0.5000E+00  final t = 0.526000E+03
 AMRCLAW: level  1  CFL = .365E+00  dt = 0.5000E+00  final t = 0.526500E+03
 AMRCLAW: level  1  CFL = .365E+00  dt = 0.5000E+00  final t = 0.527000E+03
 AMRCLAW: level  1  CFL = .365E+00  dt = 0.5000E+00  final t = 0.527500E+03
 AMRCLAW: level  1  CFL = .364E+00  dt = 0.5000E+00  final t = 0.528000E+03
 AMRCLAW: level  1  CFL = .364E+00  dt = 0.5000E+00  final t = 0.528500E+03
 AMRCLAW: level  1  CFL = .364E+00  dt = 0.5000E+00  final t = 0.529000E+03
 AMRCLAW: level  1  CFL = .364E+00  dt = 0.5000E+00  final t = 0.529500E+03
 AMRCLAW: level  1  CFL = .364E+00  dt = 0.5000E+00  final t = 0.530000E+03
 AMRCLAW: level  1  CFL = .364E+00  dt = 0.5000E+00  final t = 0.530500E+03
 AMRCLAW: level  1  CFL = .363E+00  dt = 0.5000E+00  final t = 0.531000E+03
 AMRCLAW: level  1  CFL = .363E+00  dt = 0.5000E+00  final t = 0.531500E+03
 AMRCLAW: level  1  CFL = .362E+00  dt = 0.5000E+00  final t = 0.532000E+03
 AMRCLAW: level  1  CFL = .362E+00  dt = 0.5000E+00  final t = 0.532500E+03
 AMRCLAW: level  1  CFL = .361E+00  dt = 0.5000E+00  final t = 0.533000E+03
 AMRCLAW: level  1  CFL = .360E+00  dt = 0.5000E+00  final t = 0.533500E+03
 AMRCLAW: level  1  CFL = .360E+00  dt = 0.5000E+00  final t = 0.534000E+03
 AMRCLAW: level  1  CFL = .359E+00  dt = 0.5000E+00  final t = 0.534500E+03
 AMRCLAW: level  1  CFL = .358E+00  dt = 0.5000E+00  final t = 0.535000E+03
 AMRCLAW: level  1  CFL = .357E+00  dt = 0.5000E+00  final t = 0.535500E+03
 AMRCLAW: level  1  CFL = .357E+00  dt = 0.5000E+00  final t = 0.536000E+03
 AMRCLAW: level  1  CFL = .356E+00  dt = 0.5000E+00  final t = 0.536500E+03
 AMRCLAW: level  1  CFL = .355E+00  dt = 0.5000E+00  final t = 0.537000E+03
 AMRCLAW: level  1  CFL = .354E+00  dt = 0.5000E+00  final t = 0.537500E+03
 AMRCLAW: level  1  CFL = .353E+00  dt = 0.5000E+00  final t = 0.538000E+03
 AMRCLAW: level  1  CFL = .351E+00  dt = 0.5000E+00  final t = 0.538500E+03
 AMRCLAW: level  1  CFL = .349E+00  dt = 0.5000E+00  final t = 0.539000E+03
 AMRCLAW: level  1  CFL = .345E+00  dt = 0.5000E+00  final t = 0.539500E+03
 AMRCLAW: level  1  CFL = .341E+00  dt = 0.5000E+00  final t = 0.540000E+03
GEOCLAW: Frame   18 output files done at time t =  0.540000D+03

 AMRCLAW: level  1  CFL = .336E+00  dt = 0.5000E+00  final t = 0.540500E+03
 AMRCLAW: level  1  CFL = .334E+00  dt = 0.5000E+00  final t = 0.541000E+03
 AMRCLAW: level  1  CFL = .333E+00  dt = 0.5000E+00  final t = 0.541500E+03
 AMRCLAW: level  1  CFL = .332E+00  dt = 0.5000E+00  final t = 0.542000E+03
 AMRCLAW: level  1  CFL = .332E+00  dt = 0.5000E+00  final t = 0.542500E+03
 AMRCLAW: level  1  CFL = .331E+00  dt = 0.5000E+00  final t = 0.543000E+03
 AMRCLAW: level  1  CFL = .330E+00  dt = 0.5000E+00  final t = 0.543500E+03
 AMRCLAW: level  1  CFL = .329E+00  dt = 0.5000E+00  final t = 0.544000E+03
 AMRCLAW: level  1  CFL = .329E+00  dt = 0.5000E+00  final t = 0.544500E+03
 AMRCLAW: level  1  CFL = .328E+00  dt = 0.5000E+00  final t = 0.545000E+03
 AMRCLAW: level  1  CFL = .327E+00  dt = 0.5000E+00  final t = 0.545500E+03
 AMRCLAW: level  1  CFL = .327E+00  dt = 0.5000E+00  final t = 0.546000E+03
 AMRCLAW: level  1  CFL = .326E+00  dt = 0.5000E+00  final t = 0.546500E+03
 AMRCLAW: level  1  CFL = .326E+00  dt = 0.5000E+00  final t = 0.547000E+03
 AMRCLAW: level  1  CFL = .326E+00  dt = 0.5000E+00  final t = 0.547500E+03
 AMRCLAW: level  1  CFL = .325E+00  dt = 0.5000E+00  final t = 0.548000E+03
 AMRCLAW: level  1  CFL = .325E+00  dt = 0.5000E+00  final t = 0.548500E+03
 AMRCLAW: level  1  CFL = .325E+00  dt = 0.5000E+00  final t = 0.549000E+03
 AMRCLAW: level  1  CFL = .325E+00  dt = 0.5000E+00  final t = 0.549500E+03
 AMRCLAW: level  1  CFL = .324E+00  dt = 0.5000E+00  final t = 0.550000E+03
 AMRCLAW: level  1  CFL = .324E+00  dt = 0.5000E+00  final t = 0.550500E+03
 AMRCLAW: level  1  CFL = .324E+00  dt = 0.5000E+00  final t = 0.551000E+03
 AMRCLAW: level  1  CFL = .324E+00  dt = 0.5000E+00  final t = 0.551500E+03
 AMRCLAW: level  1  CFL = .324E+00  dt = 0.5000E+00  final t = 0.552000E+03
 AMRCLAW: level  1  CFL = .324E+00  dt = 0.5000E+00  final t = 0.552500E+03
 AMRCLAW: level  1  CFL = .324E+00  dt = 0.5000E+00  final t = 0.553000E+03
 AMRCLAW: level  1  CFL = .323E+00  dt = 0.5000E+00  final t = 0.553500E+03
 AMRCLAW: level  1  CFL = .322E+00  dt = 0.5000E+00  final t = 0.554000E+03
 AMRCLAW: level  1  CFL = .321E+00  dt = 0.5000E+00  final t = 0.554500E+03
 AMRCLAW: level  1  CFL = .320E+00  dt = 0.5000E+00  final t = 0.555000E+03
 AMRCLAW: level  1  CFL = .318E+00  dt = 0.5000E+00  final t = 0.555500E+03
 AMRCLAW: level  1  CFL = .315E+00  dt = 0.5000E+00  final t = 0.556000E+03
 AMRCLAW: level  1  CFL = .313E+00  dt = 0.5000E+00  final t = 0.556500E+03
 AMRCLAW: level  1  CFL = .310E+00  dt = 0.5000E+00  final t = 0.557000E+03
 AMRCLAW: level  1  CFL = .307E+00  dt = 0.5000E+00  final t = 0.557500E+03
 AMRCLAW: level  1  CFL = .304E+00  dt = 0.5000E+00  final t = 0.558000E+03
 AMRCLAW: level  1  CFL = .301E+00  dt = 0.5000E+00  final t = 0.558500E+03
 AMRCLAW: level  1  CFL = .298E+00  dt = 0.5000E+00  final t = 0.559000E+03
 AMRCLAW: level  1  CFL = .295E+00  dt = 0.5000E+00  final t = 0.559500E+03
 AMRCLAW: level  1  CFL = .292E+00  dt = 0.5000E+00  final t = 0.560000E+03
 AMRCLAW: level  1  CFL = .290E+00  dt = 0.5000E+00  final t = 0.560500E+03
 AMRCLAW: level  1  CFL = .290E+00  dt = 0.5000E+00  final t = 0.561000E+03
 AMRCLAW: level  1  CFL = .290E+00  dt = 0.5000E+00  final t = 0.561500E+03
 AMRCLAW: level  1  CFL = .290E+00  dt = 0.5000E+00  final t = 0.562000E+03
 AMRCLAW: level  1  CFL = .289E+00  dt = 0.5000E+00  final t = 0.562500E+03
 AMRCLAW: level  1  CFL = .289E+00  dt = 0.5000E+00  final t = 0.563000E+03
 AMRCLAW: level  1  CFL = .289E+00  dt = 0.5000E+00  final t = 0.563500E+03
 AMRCLAW: level  1  CFL = .289E+00  dt = 0.5000E+00  final t = 0.564000E+03
 AMRCLAW: level  1  CFL = .289E+00  dt = 0.5000E+00  final t = 0.564500E+03
 AMRCLAW: level  1  CFL = .289E+00  dt = 0.5000E+00  final t = 0.565000E+03
 AMRCLAW: level  1  CFL = .289E+00  dt = 0.5000E+00  final t = 0.565500E+03
 AMRCLAW: level  1  CFL = .288E+00  dt = 0.5000E+00  final t = 0.566000E+03
 AMRCLAW: level  1  CFL = .287E+00  dt = 0.5000E+00  final t = 0.566500E+03
 AMRCLAW: level  1  CFL = .286E+00  dt = 0.5000E+00  final t = 0.567000E+03
 AMRCLAW: level  1  CFL = .285E+00  dt = 0.5000E+00  final t = 0.567500E+03
 AMRCLAW: level  1  CFL = .284E+00  dt = 0.5000E+00  final t = 0.568000E+03
 AMRCLAW: level  1  CFL = .283E+00  dt = 0.5000E+00  final t = 0.568500E+03
 AMRCLAW: level  1  CFL = .282E+00  dt = 0.5000E+00  final t = 0.569000E+03
 AMRCLAW: level  1  CFL = .281E+00  dt = 0.5000E+00  final t = 0.569500E+03
 AMRCLAW: level  1  CFL = .281E+00  dt = 0.5000E+00  final t = 0.570000E+03
GEOCLAW: Frame   19 output files done at time t =  0.570000D+03

 AMRCLAW: level  1  CFL = .280E+00  dt = 0.5000E+00  final t = 0.570500E+03
 AMRCLAW: level  1  CFL = .279E+00  dt = 0.5000E+00  final t = 0.571000E+03
 AMRCLAW: level  1  CFL = .279E+00  dt = 0.5000E+00  final t = 0.571500E+03
 AMRCLAW: level  1  CFL = .303E+00  dt = 0.5000E+00  final t = 0.572000E+03
 AMRCLAW: level  1  CFL = .279E+00  dt = 0.5000E+00  final t = 0.572500E+03
 AMRCLAW: level  1  CFL = .279E+00  dt = 0.5000E+00  final t = 0.573000E+03
 AMRCLAW: level  1  CFL = .279E+00  dt = 0.5000E+00  final t = 0.573500E+03
 AMRCLAW: level  1  CFL = .278E+00  dt = 0.5000E+00  final t = 0.574000E+03
 AMRCLAW: level  1  CFL = .278E+00  dt = 0.5000E+00  final t = 0.574500E+03
 AMRCLAW: level  1  CFL = .278E+00  dt = 0.5000E+00  final t = 0.575000E+03
 AMRCLAW: level  1  CFL = .278E+00  dt = 0.5000E+00  final t = 0.575500E+03
 AMRCLAW: level  1  CFL = .278E+00  dt = 0.5000E+00  final t = 0.576000E+03
 AMRCLAW: level  1  CFL = .278E+00  dt = 0.5000E+00  final t = 0.576500E+03
 AMRCLAW: level  1  CFL = .278E+00  dt = 0.5000E+00  final t = 0.577000E+03
 AMRCLAW: level  1  CFL = .277E+00  dt = 0.5000E+00  final t = 0.577500E+03
 AMRCLAW: level  1  CFL = .277E+00  dt = 0.5000E+00  final t = 0.578000E+03
 AMRCLAW: level  1  CFL = .277E+00  dt = 0.5000E+00  final t = 0.578500E+03
 AMRCLAW: level  1  CFL = .277E+00  dt = 0.5000E+00  final t = 0.579000E+03
 AMRCLAW: level  1  CFL = .277E+00  dt = 0.5000E+00  final t = 0.579500E+03
 AMRCLAW: level  1  CFL = .277E+00  dt = 0.5000E+00  final t = 0.580000E+03
 AMRCLAW: level  1  CFL = .278E+00  dt = 0.5000E+00  final t = 0.580500E+03
 AMRCLAW: level  1  CFL = .280E+00  dt = 0.5000E+00  final t = 0.581000E+03
 AMRCLAW: level  1  CFL = .281E+00  dt = 0.5000E+00  final t = 0.581500E+03
 AMRCLAW: level  1  CFL = .281E+00  dt = 0.5000E+00  final t = 0.582000E+03
 AMRCLAW: level  1  CFL = .282E+00  dt = 0.5000E+00  final t = 0.582500E+03
 AMRCLAW: level  1  CFL = .283E+00  dt = 0.5000E+00  final t = 0.583000E+03
 AMRCLAW: level  1  CFL = .283E+00  dt = 0.5000E+00  final t = 0.583500E+03
 AMRCLAW: level  1  CFL = .284E+00  dt = 0.5000E+00  final t = 0.584000E+03
 AMRCLAW: level  1  CFL = .284E+00  dt = 0.5000E+00  final t = 0.584500E+03
 AMRCLAW: level  1  CFL = .284E+00  dt = 0.5000E+00  final t = 0.585000E+03
 AMRCLAW: level  1  CFL = .284E+00  dt = 0.5000E+00  final t = 0.585500E+03
 AMRCLAW: level  1  CFL = .284E+00  dt = 0.5000E+00  final t = 0.586000E+03
 AMRCLAW: level  1  CFL = .284E+00  dt = 0.5000E+00  final t = 0.586500E+03
 AMRCLAW: level  1  CFL = .284E+00  dt = 0.5000E+00  final t = 0.587000E+03
 AMRCLAW: level  1  CFL = .284E+00  dt = 0.5000E+00  final t = 0.587500E+03
 AMRCLAW: level  1  CFL = .284E+00  dt = 0.5000E+00  final t = 0.588000E+03
 AMRCLAW: level  1  CFL = .283E+00  dt = 0.5000E+00  final t = 0.588500E+03
 AMRCLAW: level  1  CFL = .283E+00  dt = 0.5000E+00  final t = 0.589000E+03
 AMRCLAW: level  1  CFL = .316E+00  dt = 0.5000E+00  final t = 0.589500E+03
 AMRCLAW: level  1  CFL = .282E+00  dt = 0.5000E+00  final t = 0.590000E+03
 AMRCLAW: level  1  CFL = .282E+00  dt = 0.5000E+00  final t = 0.590500E+03
 AMRCLAW: level  1  CFL = .282E+00  dt = 0.5000E+00  final t = 0.591000E+03
 AMRCLAW: level  1  CFL = .281E+00  dt = 0.5000E+00  final t = 0.591500E+03
 AMRCLAW: level  1  CFL = .281E+00  dt = 0.5000E+00  final t = 0.592000E+03
 AMRCLAW: level  1  CFL = .281E+00  dt = 0.5000E+00  final t = 0.592500E+03
 AMRCLAW: level  1  CFL = .280E+00  dt = 0.5000E+00  final t = 0.593000E+03
 AMRCLAW: level  1  CFL = .280E+00  dt = 0.5000E+00  final t = 0.593500E+03
 AMRCLAW: level  1  CFL = .280E+00  dt = 0.5000E+00  final t = 0.594000E+03
 AMRCLAW: level  1  CFL = .279E+00  dt = 0.5000E+00  final t = 0.594500E+03
 AMRCLAW: level  1  CFL = .279E+00  dt = 0.5000E+00  final t = 0.595000E+03
 AMRCLAW: level  1  CFL = .279E+00  dt = 0.5000E+00  final t = 0.595500E+03
 AMRCLAW: level  1  CFL = .279E+00  dt = 0.5000E+00  final t = 0.596000E+03
 AMRCLAW: level  1  CFL = .279E+00  dt = 0.5000E+00  final t = 0.596500E+03
 AMRCLAW: level  1  CFL = .278E+00  dt = 0.5000E+00  final t = 0.597000E+03
 AMRCLAW: level  1  CFL = .278E+00  dt = 0.5000E+00  final t = 0.597500E+03
 AMRCLAW: level  1  CFL = .278E+00  dt = 0.5000E+00  final t = 0.598000E+03
 AMRCLAW: level  1  CFL = .278E+00  dt = 0.5000E+00  final t = 0.598500E+03
 AMRCLAW: level  1  CFL = .278E+00  dt = 0.5000E+00  final t = 0.599000E+03
 AMRCLAW: level  1  CFL = .278E+00  dt = 0.5000E+00  final t = 0.599500E+03
 AMRCLAW: level  1  CFL = .278E+00  dt = 0.5000E+00  final t = 0.600000E+03
GEOCLAW: Frame   20 output files done at time t =  0.600000D+03

 AMRCLAW: level  1  CFL = .277E+00  dt = 0.5000E+00  final t = 0.600500E+03
 AMRCLAW: level  1  CFL = .277E+00  dt = 0.5000E+00  final t = 0.601000E+03
 AMRCLAW: level  1  CFL = .277E+00  dt = 0.5000E+00  final t = 0.601500E+03
 AMRCLAW: level  1  CFL = .277E+00  dt = 0.5000E+00  final t = 0.602000E+03
 AMRCLAW: level  1  CFL = .277E+00  dt = 0.5000E+00  final t = 0.602500E+03
 AMRCLAW: level  1  CFL = .277E+00  dt = 0.5000E+00  final t = 0.603000E+03
 AMRCLAW: level  1  CFL = .277E+00  dt = 0.5000E+00  final t = 0.603500E+03
 AMRCLAW: level  1  CFL = .277E+00  dt = 0.5000E+00  final t = 0.604000E+03
 AMRCLAW: level  1  CFL = .277E+00  dt = 0.5000E+00  final t = 0.604500E+03
 AMRCLAW: level  1  CFL = .277E+00  dt = 0.5000E+00  final t = 0.605000E+03
 AMRCLAW: level  1  CFL = .277E+00  dt = 0.5000E+00  final t = 0.605500E+03
 AMRCLAW: level  1  CFL = .277E+00  dt = 0.5000E+00  final t = 0.606000E+03
 AMRCLAW: level  1  CFL = .277E+00  dt = 0.5000E+00  final t = 0.606500E+03
 AMRCLAW: level  1  CFL = .277E+00  dt = 0.5000E+00  final t = 0.607000E+03
 AMRCLAW: level  1  CFL = .277E+00  dt = 0.5000E+00  final t = 0.607500E+03
 AMRCLAW: level  1  CFL = .277E+00  dt = 0.5000E+00  final t = 0.608000E+03
 AMRCLAW: level  1  CFL = .277E+00  dt = 0.5000E+00  final t = 0.608500E+03
 AMRCLAW: level  1  CFL = .277E+00  dt = 0.5000E+00  final t = 0.609000E+03
 AMRCLAW: level  1  CFL = .277E+00  dt = 0.5000E+00  final t = 0.609500E+03
 AMRCLAW: level  1  CFL = .277E+00  dt = 0.5000E+00  final t = 0.610000E+03
 AMRCLAW: level  1  CFL = .277E+00  dt = 0.5000E+00  final t = 0.610500E+03
 AMRCLAW: level  1  CFL = .277E+00  dt = 0.5000E+00  final t = 0.611000E+03
 AMRCLAW: level  1  CFL = .277E+00  dt = 0.5000E+00  final t = 0.611500E+03
 AMRCLAW: level  1  CFL = .344E+00  dt = 0.5000E+00  final t = 0.612000E+03
 AMRCLAW: level  1  CFL = .277E+00  dt = 0.5000E+00  final t = 0.612500E+03
 AMRCLAW: level  1  CFL = .277E+00  dt = 0.5000E+00  final t = 0.613000E+03
 AMRCLAW: level  1  CFL = .277E+00  dt = 0.5000E+00  final t = 0.613500E+03
 AMRCLAW: level  1  CFL = .277E+00  dt = 0.5000E+00  final t = 0.614000E+03
 AMRCLAW: level  1  CFL = .278E+00  dt = 0.5000E+00  final t = 0.614500E+03
 AMRCLAW: level  1  CFL = .278E+00  dt = 0.5000E+00  final t = 0.615000E+03
 AMRCLAW: level  1  CFL = .278E+00  dt = 0.5000E+00  final t = 0.615500E+03
 AMRCLAW: level  1  CFL = .278E+00  dt = 0.5000E+00  final t = 0.616000E+03
 AMRCLAW: level  1  CFL = .278E+00  dt = 0.5000E+00  final t = 0.616500E+03
 AMRCLAW: level  1  CFL = .278E+00  dt = 0.5000E+00  final t = 0.617000E+03
 AMRCLAW: level  1  CFL = .278E+00  dt = 0.5000E+00  final t = 0.617500E+03
 AMRCLAW: level  1  CFL = .279E+00  dt = 0.5000E+00  final t = 0.618000E+03
 AMRCLAW: level  1  CFL = .279E+00  dt = 0.5000E+00  final t = 0.618500E+03
 AMRCLAW: level  1  CFL = .279E+00  dt = 0.5000E+00  final t = 0.619000E+03
 AMRCLAW: level  1  CFL = .279E+00  dt = 0.5000E+00  final t = 0.619500E+03
 AMRCLAW: level  1  CFL = .279E+00  dt = 0.5000E+00  final t = 0.620000E+03
 AMRCLAW: level  1  CFL = .280E+00  dt = 0.5000E+00  final t = 0.620500E+03
 AMRCLAW: level  1  CFL = .280E+00  dt = 0.5000E+00  final t = 0.621000E+03
 AMRCLAW: level  1  CFL = .281E+00  dt = 0.5000E+00  final t = 0.621500E+03
 AMRCLAW: level  1  CFL = .281E+00  dt = 0.5000E+00  final t = 0.622000E+03
 AMRCLAW: level  1  CFL = .281E+00  dt = 0.5000E+00  final t = 0.622500E+03
 AMRCLAW: level  1  CFL = .281E+00  dt = 0.5000E+00  final t = 0.623000E+03
 AMRCLAW: level  1  CFL = .282E+00  dt = 0.5000E+00  final t = 0.623500E+03
 AMRCLAW: level  1  CFL = .282E+00  dt = 0.5000E+00  final t = 0.624000E+03
 AMRCLAW: level  1  CFL = .282E+00  dt = 0.5000E+00  final t = 0.624500E+03
 AMRCLAW: level  1  CFL = .282E+00  dt = 0.5000E+00  final t = 0.625000E+03
 AMRCLAW: level  1  CFL = .283E+00  dt = 0.5000E+00  final t = 0.625500E+03
 AMRCLAW: level  1  CFL = .283E+00  dt = 0.5000E+00  final t = 0.626000E+03
 AMRCLAW: level  1  CFL = .283E+00  dt = 0.5000E+00  final t = 0.626500E+03
 AMRCLAW: level  1  CFL = .282E+00  dt = 0.5000E+00  final t = 0.627000E+03
 AMRCLAW: level  1  CFL = .282E+00  dt = 0.5000E+00  final t = 0.627500E+03
 AMRCLAW: level  1  CFL = .281E+00  dt = 0.5000E+00  final t = 0.628000E+03
 AMRCLAW: level  1  CFL = .280E+00  dt = 0.5000E+00  final t = 0.628500E+03
 AMRCLAW: level  1  CFL = .280E+00  dt = 0.5000E+00  final t = 0.629000E+03
 AMRCLAW: level  1  CFL = .279E+00  dt = 0.5000E+00  final t = 0.629500E+03
 AMRCLAW: level  1  CFL = .278E+00  dt = 0.5000E+00  final t = 0.630000E+03
GEOCLAW: Frame   21 output files done at time t =  0.630000D+03

 AMRCLAW: level  1  CFL = .278E+00  dt = 0.5000E+00  final t = 0.630500E+03
 AMRCLAW: level  1  CFL = .277E+00  dt = 0.5000E+00  final t = 0.631000E+03
 AMRCLAW: level  1  CFL = .277E+00  dt = 0.5000E+00  final t = 0.631500E+03
 AMRCLAW: level  1  CFL = .276E+00  dt = 0.5000E+00  final t = 0.632000E+03
 AMRCLAW: level  1  CFL = .276E+00  dt = 0.5000E+00  final t = 0.632500E+03
 AMRCLAW: level  1  CFL = .276E+00  dt = 0.5000E+00  final t = 0.633000E+03
 AMRCLAW: level  1  CFL = .276E+00  dt = 0.5000E+00  final t = 0.633500E+03
 AMRCLAW: level  1  CFL = .276E+00  dt = 0.5000E+00  final t = 0.634000E+03
 AMRCLAW: level  1  CFL = .276E+00  dt = 0.5000E+00  final t = 0.634500E+03
 AMRCLAW: level  1  CFL = .276E+00  dt = 0.5000E+00  final t = 0.635000E+03
 AMRCLAW: level  1  CFL = .276E+00  dt = 0.5000E+00  final t = 0.635500E+03
 AMRCLAW: level  1  CFL = .277E+00  dt = 0.5000E+00  final t = 0.636000E+03
 AMRCLAW: level  1  CFL = .277E+00  dt = 0.5000E+00  final t = 0.636500E+03
 AMRCLAW: level  1  CFL = .277E+00  dt = 0.5000E+00  final t = 0.637000E+03
 AMRCLAW: level  1  CFL = .277E+00  dt = 0.5000E+00  final t = 0.637500E+03
 AMRCLAW: level  1  CFL = .278E+00  dt = 0.5000E+00  final t = 0.638000E+03
 AMRCLAW: level  1  CFL = .278E+00  dt = 0.5000E+00  final t = 0.638500E+03
 AMRCLAW: level  1  CFL = .278E+00  dt = 0.5000E+00  final t = 0.639000E+03
 AMRCLAW: level  1  CFL = .278E+00  dt = 0.5000E+00  final t = 0.639500E+03
 AMRCLAW: level  1  CFL = .279E+00  dt = 0.5000E+00  final t = 0.640000E+03
 AMRCLAW: level  1  CFL = .279E+00  dt = 0.5000E+00  final t = 0.640500E+03
 AMRCLAW: level  1  CFL = .279E+00  dt = 0.5000E+00  final t = 0.641000E+03
 AMRCLAW: level  1  CFL = .279E+00  dt = 0.5000E+00  final t = 0.641500E+03
 AMRCLAW: level  1  CFL = .279E+00  dt = 0.5000E+00  final t = 0.642000E+03
 AMRCLAW: level  1  CFL = .279E+00  dt = 0.5000E+00  final t = 0.642500E+03
 AMRCLAW: level  1  CFL = .279E+00  dt = 0.5000E+00  final t = 0.643000E+03
 AMRCLAW: level  1  CFL = .279E+00  dt = 0.5000E+00  final t = 0.643500E+03
 AMRCLAW: level  1  CFL = .280E+00  dt = 0.5000E+00  final t = 0.644000E+03
 AMRCLAW: level  1  CFL = .280E+00  dt = 0.5000E+00  final t = 0.644500E+03
 AMRCLAW: level  1  CFL = .280E+00  dt = 0.5000E+00  final t = 0.645000E+03
 AMRCLAW: level  1  CFL = .280E+00  dt = 0.5000E+00  final t = 0.645500E+03
 AMRCLAW: level  1  CFL = .280E+00  dt = 0.5000E+00  final t = 0.646000E+03
 AMRCLAW: level  1  CFL = .280E+00  dt = 0.5000E+00  final t = 0.646500E+03
 AMRCLAW: level  1  CFL = .280E+00  dt = 0.5000E+00  final t = 0.647000E+03
 AMRCLAW: level  1  CFL = .280E+00  dt = 0.5000E+00  final t = 0.647500E+03
 AMRCLAW: level  1  CFL = .280E+00  dt = 0.5000E+00  final t = 0.648000E+03
 AMRCLAW: level  1  CFL = .280E+00  dt = 0.5000E+00  final t = 0.648500E+03
 AMRCLAW: level  1  CFL = .280E+00  dt = 0.5000E+00  final t = 0.649000E+03
 AMRCLAW: level  1  CFL = .280E+00  dt = 0.5000E+00  final t = 0.649500E+03
 AMRCLAW: level  1  CFL = .280E+00  dt = 0.5000E+00  final t = 0.650000E+03
 AMRCLAW: level  1  CFL = .280E+00  dt = 0.5000E+00  final t = 0.650500E+03
 AMRCLAW: level  1  CFL = .280E+00  dt = 0.5000E+00  final t = 0.651000E+03
 AMRCLAW: level  1  CFL = .280E+00  dt = 0.5000E+00  final t = 0.651500E+03
 AMRCLAW: level  1  CFL = .280E+00  dt = 0.5000E+00  final t = 0.652000E+03
 AMRCLAW: level  1  CFL = .280E+00  dt = 0.5000E+00  final t = 0.652500E+03
 AMRCLAW: level  1  CFL = .280E+00  dt = 0.5000E+00  final t = 0.653000E+03
 AMRCLAW: level  1  CFL = .280E+00  dt = 0.5000E+00  final t = 0.653500E+03
 AMRCLAW: level  1  CFL = .280E+00  dt = 0.5000E+00  final t = 0.654000E+03
 AMRCLAW: level  1  CFL = .279E+00  dt = 0.5000E+00  final t = 0.654500E+03
 AMRCLAW: level  1  CFL = .279E+00  dt = 0.5000E+00  final t = 0.655000E+03
 AMRCLAW: level  1  CFL = .279E+00  dt = 0.5000E+00  final t = 0.655500E+03
 AMRCLAW: level  1  CFL = .279E+00  dt = 0.5000E+00  final t = 0.656000E+03
 AMRCLAW: level  1  CFL = .279E+00  dt = 0.5000E+00  final t = 0.656500E+03
 AMRCLAW: level  1  CFL = .279E+00  dt = 0.5000E+00  final t = 0.657000E+03
 AMRCLAW: level  1  CFL = .279E+00  dt = 0.5000E+00  final t = 0.657500E+03
 AMRCLAW: level  1  CFL = .279E+00  dt = 0.5000E+00  final t = 0.658000E+03
 AMRCLAW: level  1  CFL = .278E+00  dt = 0.5000E+00  final t = 0.658500E+03
 AMRCLAW: level  1  CFL = .278E+00  dt = 0.5000E+00  final t = 0.659000E+03
 AMRCLAW: level  1  CFL = .278E+00  dt = 0.5000E+00  final t = 0.659500E+03
 AMRCLAW: level  1  CFL = .278E+00  dt = 0.5000E+00  final t = 0.660000E+03
GEOCLAW: Frame   22 output files done at time t =  0.660000D+03

 AMRCLAW: level  1  CFL = .278E+00  dt = 0.5000E+00  final t = 0.660500E+03
 AMRCLAW: level  1  CFL = .279E+00  dt = 0.5000E+00  final t = 0.661000E+03
 AMRCLAW: level  1  CFL = .280E+00  dt = 0.5000E+00  final t = 0.661500E+03
 AMRCLAW: level  1  CFL = .281E+00  dt = 0.5000E+00  final t = 0.662000E+03
 AMRCLAW: level  1  CFL = .282E+00  dt = 0.5000E+00  final t = 0.662500E+03
 AMRCLAW: level  1  CFL = .283E+00  dt = 0.5000E+00  final t = 0.663000E+03
 AMRCLAW: level  1  CFL = .284E+00  dt = 0.5000E+00  final t = 0.663500E+03
 AMRCLAW: level  1  CFL = .284E+00  dt = 0.5000E+00  final t = 0.664000E+03
 AMRCLAW: level  1  CFL = .314E+00  dt = 0.5000E+00  final t = 0.664500E+03
 AMRCLAW: level  1  CFL = .286E+00  dt = 0.5000E+00  final t = 0.665000E+03
 AMRCLAW: level  1  CFL = .286E+00  dt = 0.5000E+00  final t = 0.665500E+03
 AMRCLAW: level  1  CFL = .287E+00  dt = 0.5000E+00  final t = 0.666000E+03
 AMRCLAW: level  1  CFL = .287E+00  dt = 0.5000E+00  final t = 0.666500E+03
 AMRCLAW: level  1  CFL = .287E+00  dt = 0.5000E+00  final t = 0.667000E+03
 AMRCLAW: level  1  CFL = .287E+00  dt = 0.5000E+00  final t = 0.667500E+03
 AMRCLAW: level  1  CFL = .287E+00  dt = 0.5000E+00  final t = 0.668000E+03
 AMRCLAW: level  1  CFL = .287E+00  dt = 0.5000E+00  final t = 0.668500E+03
 AMRCLAW: level  1  CFL = .287E+00  dt = 0.5000E+00  final t = 0.669000E+03
 AMRCLAW: level  1  CFL = .287E+00  dt = 0.5000E+00  final t = 0.669500E+03
 AMRCLAW: level  1  CFL = .287E+00  dt = 0.5000E+00  final t = 0.670000E+03
 AMRCLAW: level  1  CFL = .287E+00  dt = 0.5000E+00  final t = 0.670500E+03
 AMRCLAW: level  1  CFL = .286E+00  dt = 0.5000E+00  final t = 0.671000E+03
 AMRCLAW: level  1  CFL = .286E+00  dt = 0.5000E+00  final t = 0.671500E+03
 AMRCLAW: level  1  CFL = .286E+00  dt = 0.5000E+00  final t = 0.672000E+03
 AMRCLAW: level  1  CFL = .286E+00  dt = 0.5000E+00  final t = 0.672500E+03
 AMRCLAW: level  1  CFL = .286E+00  dt = 0.5000E+00  final t = 0.673000E+03
 AMRCLAW: level  1  CFL = .285E+00  dt = 0.5000E+00  final t = 0.673500E+03
 AMRCLAW: level  1  CFL = .285E+00  dt = 0.5000E+00  final t = 0.674000E+03
 AMRCLAW: level  1  CFL = .285E+00  dt = 0.5000E+00  final t = 0.674500E+03
 AMRCLAW: level  1  CFL = .285E+00  dt = 0.5000E+00  final t = 0.675000E+03
 AMRCLAW: level  1  CFL = .285E+00  dt = 0.5000E+00  final t = 0.675500E+03
 AMRCLAW: level  1  CFL = .285E+00  dt = 0.5000E+00  final t = 0.676000E+03
 AMRCLAW: level  1  CFL = .285E+00  dt = 0.5000E+00  final t = 0.676500E+03
 AMRCLAW: level  1  CFL = .284E+00  dt = 0.5000E+00  final t = 0.677000E+03
 AMRCLAW: level  1  CFL = .284E+00  dt = 0.5000E+00  final t = 0.677500E+03
 AMRCLAW: level  1  CFL = .284E+00  dt = 0.5000E+00  final t = 0.678000E+03
 AMRCLAW: level  1  CFL = .284E+00  dt = 0.5000E+00  final t = 0.678500E+03
 AMRCLAW: level  1  CFL = .284E+00  dt = 0.5000E+00  final t = 0.679000E+03
 AMRCLAW: level  1  CFL = .284E+00  dt = 0.5000E+00  final t = 0.679500E+03
 AMRCLAW: level  1  CFL = .284E+00  dt = 0.5000E+00  final t = 0.680000E+03
 AMRCLAW: level  1  CFL = .284E+00  dt = 0.5000E+00  final t = 0.680500E+03
 AMRCLAW: level  1  CFL = .284E+00  dt = 0.5000E+00  final t = 0.681000E+03
 AMRCLAW: level  1  CFL = .284E+00  dt = 0.5000E+00  final t = 0.681500E+03
 AMRCLAW: level  1  CFL = .284E+00  dt = 0.5000E+00  final t = 0.682000E+03
 AMRCLAW: level  1  CFL = .284E+00  dt = 0.5000E+00  final t = 0.682500E+03
 AMRCLAW: level  1  CFL = .284E+00  dt = 0.5000E+00  final t = 0.683000E+03
 AMRCLAW: level  1  CFL = .284E+00  dt = 0.5000E+00  final t = 0.683500E+03
 AMRCLAW: level  1  CFL = .283E+00  dt = 0.5000E+00  final t = 0.684000E+03
 AMRCLAW: level  1  CFL = .283E+00  dt = 0.5000E+00  final t = 0.684500E+03
 AMRCLAW: level  1  CFL = .283E+00  dt = 0.5000E+00  final t = 0.685000E+03
 AMRCLAW: level  1  CFL = .283E+00  dt = 0.5000E+00  final t = 0.685500E+03
 AMRCLAW: level  1  CFL = .283E+00  dt = 0.5000E+00  final t = 0.686000E+03
 AMRCLAW: level  1  CFL = .283E+00  dt = 0.5000E+00  final t = 0.686500E+03
 AMRCLAW: level  1  CFL = .283E+00  dt = 0.5000E+00  final t = 0.687000E+03
 AMRCLAW: level  1  CFL = .283E+00  dt = 0.5000E+00  final t = 0.687500E+03
 AMRCLAW: level  1  CFL = .283E+00  dt = 0.5000E+00  final t = 0.688000E+03
 AMRCLAW: level  1  CFL = .283E+00  dt = 0.5000E+00  final t = 0.688500E+03
 AMRCLAW: level  1  CFL = .283E+00  dt = 0.5000E+00  final t = 0.689000E+03
 AMRCLAW: level  1  CFL = .283E+00  dt = 0.5000E+00  final t = 0.689500E+03
 AMRCLAW: level  1  CFL = .283E+00  dt = 0.5000E+00  final t = 0.690000E+03
GEOCLAW: Frame   23 output files done at time t =  0.690000D+03

 AMRCLAW: level  1  CFL = .283E+00  dt = 0.5000E+00  final t = 0.690500E+03
 AMRCLAW: level  1  CFL = .283E+00  dt = 0.5000E+00  final t = 0.691000E+03
 AMRCLAW: level  1  CFL = .283E+00  dt = 0.5000E+00  final t = 0.691500E+03
 AMRCLAW: level  1  CFL = .283E+00  dt = 0.5000E+00  final t = 0.692000E+03
 AMRCLAW: level  1  CFL = .283E+00  dt = 0.5000E+00  final t = 0.692500E+03
 AMRCLAW: level  1  CFL = .283E+00  dt = 0.5000E+00  final t = 0.693000E+03
 AMRCLAW: level  1  CFL = .282E+00  dt = 0.5000E+00  final t = 0.693500E+03
 AMRCLAW: level  1  CFL = .282E+00  dt = 0.5000E+00  final t = 0.694000E+03
 AMRCLAW: level  1  CFL = .282E+00  dt = 0.5000E+00  final t = 0.694500E+03
 AMRCLAW: level  1  CFL = .282E+00  dt = 0.5000E+00  final t = 0.695000E+03
 AMRCLAW: level  1  CFL = .282E+00  dt = 0.5000E+00  final t = 0.695500E+03
 AMRCLAW: level  1  CFL = .282E+00  dt = 0.5000E+00  final t = 0.696000E+03
 AMRCLAW: level  1  CFL = .282E+00  dt = 0.5000E+00  final t = 0.696500E+03
 AMRCLAW: level  1  CFL = .282E+00  dt = 0.5000E+00  final t = 0.697000E+03
 AMRCLAW: level  1  CFL = .282E+00  dt = 0.5000E+00  final t = 0.697500E+03
 AMRCLAW: level  1  CFL = .282E+00  dt = 0.5000E+00  final t = 0.698000E+03
 AMRCLAW: level  1  CFL = .282E+00  dt = 0.5000E+00  final t = 0.698500E+03
 AMRCLAW: level  1  CFL = .282E+00  dt = 0.5000E+00  final t = 0.699000E+03
 AMRCLAW: level  1  CFL = .282E+00  dt = 0.5000E+00  final t = 0.699500E+03
 AMRCLAW: level  1  CFL = .281E+00  dt = 0.5000E+00  final t = 0.700000E+03
 AMRCLAW: level  1  CFL = .281E+00  dt = 0.5000E+00  final t = 0.700500E+03
 AMRCLAW: level  1  CFL = .281E+00  dt = 0.5000E+00  final t = 0.701000E+03
 AMRCLAW: level  1  CFL = .281E+00  dt = 0.5000E+00  final t = 0.701500E+03
 AMRCLAW: level  1  CFL = .281E+00  dt = 0.5000E+00  final t = 0.702000E+03
 AMRCLAW: level  1  CFL = .281E+00  dt = 0.5000E+00  final t = 0.702500E+03
 AMRCLAW: level  1  CFL = .281E+00  dt = 0.5000E+00  final t = 0.703000E+03
 AMRCLAW: level  1  CFL = .281E+00  dt = 0.5000E+00  final t = 0.703500E+03
 AMRCLAW: level  1  CFL = .281E+00  dt = 0.5000E+00  final t = 0.704000E+03
 AMRCLAW: level  1  CFL = .280E+00  dt = 0.5000E+00  final t = 0.704500E+03
 AMRCLAW: level  1  CFL = .280E+00  dt = 0.5000E+00  final t = 0.705000E+03
 AMRCLAW: level  1  CFL = .280E+00  dt = 0.5000E+00  final t = 0.705500E+03
 AMRCLAW: level  1  CFL = .280E+00  dt = 0.5000E+00  final t = 0.706000E+03
 AMRCLAW: level  1  CFL = .280E+00  dt = 0.5000E+00  final t = 0.706500E+03
 AMRCLAW: level  1  CFL = .280E+00  dt = 0.5000E+00  final t = 0.707000E+03
 AMRCLAW: level  1  CFL = .280E+00  dt = 0.5000E+00  final t = 0.707500E+03
 AMRCLAW: level  1  CFL = .280E+00  dt = 0.5000E+00  final t = 0.708000E+03
 AMRCLAW: level  1  CFL = .279E+00  dt = 0.5000E+00  final t = 0.708500E+03
 AMRCLAW: level  1  CFL = .279E+00  dt = 0.5000E+00  final t = 0.709000E+03
 AMRCLAW: level  1  CFL = .279E+00  dt = 0.5000E+00  final t = 0.709500E+03
 AMRCLAW: level  1  CFL = .279E+00  dt = 0.5000E+00  final t = 0.710000E+03
 AMRCLAW: level  1  CFL = .279E+00  dt = 0.5000E+00  final t = 0.710500E+03
 AMRCLAW: level  1  CFL = .279E+00  dt = 0.5000E+00  final t = 0.711000E+03
 AMRCLAW: level  1  CFL = .278E+00  dt = 0.5000E+00  final t = 0.711500E+03
 AMRCLAW: level  1  CFL = .278E+00  dt = 0.5000E+00  final t = 0.712000E+03
 AMRCLAW: level  1  CFL = .278E+00  dt = 0.5000E+00  final t = 0.712500E+03
 AMRCLAW: level  1  CFL = .278E+00  dt = 0.5000E+00  final t = 0.713000E+03
 AMRCLAW: level  1  CFL = .278E+00  dt = 0.5000E+00  final t = 0.713500E+03
 AMRCLAW: level  1  CFL = .278E+00  dt = 0.5000E+00  final t = 0.714000E+03
 AMRCLAW: level  1  CFL = .278E+00  dt = 0.5000E+00  final t = 0.714500E+03
 AMRCLAW: level  1  CFL = .278E+00  dt = 0.5000E+00  final t = 0.715000E+03
 AMRCLAW: level  1  CFL = .277E+00  dt = 0.5000E+00  final t = 0.715500E+03
 AMRCLAW: level  1  CFL = .277E+00  dt = 0.5000E+00  final t = 0.716000E+03
 AMRCLAW: level  1  CFL = .277E+00  dt = 0.5000E+00  final t = 0.716500E+03
 AMRCLAW: level  1  CFL = .277E+00  dt = 0.5000E+00  final t = 0.717000E+03
 AMRCLAW: level  1  CFL = .277E+00  dt = 0.5000E+00  final t = 0.717500E+03
 AMRCLAW: level  1  CFL = .277E+00  dt = 0.5000E+00  final t = 0.718000E+03
 AMRCLAW: level  1  CFL = .277E+00  dt = 0.5000E+00  final t = 0.718500E+03
 AMRCLAW: level  1  CFL = .276E+00  dt = 0.5000E+00  final t = 0.719000E+03
 AMRCLAW: level  1  CFL = .276E+00  dt = 0.5000E+00  final t = 0.719500E+03
 AMRCLAW: level  1  CFL = .276E+00  dt = 0.5000E+00  final t = 0.720000E+03
GEOCLAW: Frame   24 output files done at time t =  0.720000D+03

 AMRCLAW: level  1  CFL = .276E+00  dt = 0.5000E+00  final t = 0.720500E+03
 AMRCLAW: level  1  CFL = .276E+00  dt = 0.5000E+00  final t = 0.721000E+03
 AMRCLAW: level  1  CFL = .276E+00  dt = 0.5000E+00  final t = 0.721500E+03
 AMRCLAW: level  1  CFL = .276E+00  dt = 0.5000E+00  final t = 0.722000E+03
 AMRCLAW: level  1  CFL = .276E+00  dt = 0.5000E+00  final t = 0.722500E+03
 AMRCLAW: level  1  CFL = .275E+00  dt = 0.5000E+00  final t = 0.723000E+03
 AMRCLAW: level  1  CFL = .275E+00  dt = 0.5000E+00  final t = 0.723500E+03
 AMRCLAW: level  1  CFL = .275E+00  dt = 0.5000E+00  final t = 0.724000E+03
 AMRCLAW: level  1  CFL = .275E+00  dt = 0.5000E+00  final t = 0.724500E+03
 AMRCLAW: level  1  CFL = .275E+00  dt = 0.5000E+00  final t = 0.725000E+03
 AMRCLAW: level  1  CFL = .275E+00  dt = 0.5000E+00  final t = 0.725500E+03
 AMRCLAW: level  1  CFL = .275E+00  dt = 0.5000E+00  final t = 0.726000E+03
 AMRCLAW: level  1  CFL = .275E+00  dt = 0.5000E+00  final t = 0.726500E+03
 AMRCLAW: level  1  CFL = .274E+00  dt = 0.5000E+00  final t = 0.727000E+03
 AMRCLAW: level  1  CFL = .274E+00  dt = 0.5000E+00  final t = 0.727500E+03
 AMRCLAW: level  1  CFL = .274E+00  dt = 0.5000E+00  final t = 0.728000E+03
 AMRCLAW: level  1  CFL = .274E+00  dt = 0.5000E+00  final t = 0.728500E+03
 AMRCLAW: level  1  CFL = .274E+00  dt = 0.5000E+00  final t = 0.729000E+03
 AMRCLAW: level  1  CFL = .274E+00  dt = 0.5000E+00  final t = 0.729500E+03
 AMRCLAW: level  1  CFL = .274E+00  dt = 0.5000E+00  final t = 0.730000E+03
 AMRCLAW: level  1  CFL = .274E+00  dt = 0.5000E+00  final t = 0.730500E+03
 AMRCLAW: level  1  CFL = .274E+00  dt = 0.5000E+00  final t = 0.731000E+03
 AMRCLAW: level  1  CFL = .273E+00  dt = 0.5000E+00  final t = 0.731500E+03
 AMRCLAW: level  1  CFL = .273E+00  dt = 0.5000E+00  final t = 0.732000E+03
 AMRCLAW: level  1  CFL = .273E+00  dt = 0.5000E+00  final t = 0.732500E+03
 AMRCLAW: level  1  CFL = .273E+00  dt = 0.5000E+00  final t = 0.733000E+03
 AMRCLAW: level  1  CFL = .273E+00  dt = 0.5000E+00  final t = 0.733500E+03
 AMRCLAW: level  1  CFL = .273E+00  dt = 0.5000E+00  final t = 0.734000E+03
 AMRCLAW: level  1  CFL = .273E+00  dt = 0.5000E+00  final t = 0.734500E+03
 AMRCLAW: level  1  CFL = .273E+00  dt = 0.5000E+00  final t = 0.735000E+03
 AMRCLAW: level  1  CFL = .273E+00  dt = 0.5000E+00  final t = 0.735500E+03
 AMRCLAW: level  1  CFL = .272E+00  dt = 0.5000E+00  final t = 0.736000E+03
 AMRCLAW: level  1  CFL = .272E+00  dt = 0.5000E+00  final t = 0.736500E+03
 AMRCLAW: level  1  CFL = .272E+00  dt = 0.5000E+00  final t = 0.737000E+03
 AMRCLAW: level  1  CFL = .272E+00  dt = 0.5000E+00  final t = 0.737500E+03
 AMRCLAW: level  1  CFL = .272E+00  dt = 0.5000E+00  final t = 0.738000E+03
 AMRCLAW: level  1  CFL = .272E+00  dt = 0.5000E+00  final t = 0.738500E+03
 AMRCLAW: level  1  CFL = .272E+00  dt = 0.5000E+00  final t = 0.739000E+03
 AMRCLAW: level  1  CFL = .272E+00  dt = 0.5000E+00  final t = 0.739500E+03
 AMRCLAW: level  1  CFL = .272E+00  dt = 0.5000E+00  final t = 0.740000E+03
 AMRCLAW: level  1  CFL = .272E+00  dt = 0.5000E+00  final t = 0.740500E+03
 AMRCLAW: level  1  CFL = .272E+00  dt = 0.5000E+00  final t = 0.741000E+03
 AMRCLAW: level  1  CFL = .271E+00  dt = 0.5000E+00  final t = 0.741500E+03
 AMRCLAW: level  1  CFL = .271E+00  dt = 0.5000E+00  final t = 0.742000E+03
 AMRCLAW: level  1  CFL = .271E+00  dt = 0.5000E+00  final t = 0.742500E+03
 AMRCLAW: level  1  CFL = .271E+00  dt = 0.5000E+00  final t = 0.743000E+03
 AMRCLAW: level  1  CFL = .271E+00  dt = 0.5000E+00  final t = 0.743500E+03
 AMRCLAW: level  1  CFL = .271E+00  dt = 0.5000E+00  final t = 0.744000E+03
 AMRCLAW: level  1  CFL = .271E+00  dt = 0.5000E+00  final t = 0.744500E+03
 AMRCLAW: level  1  CFL = .271E+00  dt = 0.5000E+00  final t = 0.745000E+03
 AMRCLAW: level  1  CFL = .271E+00  dt = 0.5000E+00  final t = 0.745500E+03
 AMRCLAW: level  1  CFL = .271E+00  dt = 0.5000E+00  final t = 0.746000E+03
 AMRCLAW: level  1  CFL = .271E+00  dt = 0.5000E+00  final t = 0.746500E+03
 AMRCLAW: level  1  CFL = .271E+00  dt = 0.5000E+00  final t = 0.747000E+03
 AMRCLAW: level  1  CFL = .271E+00  dt = 0.5000E+00  final t = 0.747500E+03
 AMRCLAW: level  1  CFL = .270E+00  dt = 0.5000E+00  final t = 0.748000E+03
 AMRCLAW: level  1  CFL = .270E+00  dt = 0.5000E+00  final t = 0.748500E+03
 AMRCLAW: level  1  CFL = .270E+00  dt = 0.5000E+00  final t = 0.749000E+03
 AMRCLAW: level  1  CFL = .269E+00  dt = 0.5000E+00  final t = 0.749500E+03
 AMRCLAW: level  1  CFL = .268E+00  dt = 0.5000E+00  final t = 0.750000E+03
GEOCLAW: Frame   25 output files done at time t =  0.750000D+03

 AMRCLAW: level  1  CFL = .266E+00  dt = 0.5000E+00  final t = 0.750500E+03
 AMRCLAW: level  1  CFL = .265E+00  dt = 0.5000E+00  final t = 0.751000E+03
 AMRCLAW: level  1  CFL = .263E+00  dt = 0.5000E+00  final t = 0.751500E+03
 AMRCLAW: level  1  CFL = .261E+00  dt = 0.5000E+00  final t = 0.752000E+03
 AMRCLAW: level  1  CFL = .260E+00  dt = 0.5000E+00  final t = 0.752500E+03
 AMRCLAW: level  1  CFL = .258E+00  dt = 0.5000E+00  final t = 0.753000E+03
 AMRCLAW: level  1  CFL = .257E+00  dt = 0.5000E+00  final t = 0.753500E+03
 AMRCLAW: level  1  CFL = .256E+00  dt = 0.5000E+00  final t = 0.754000E+03
 AMRCLAW: level  1  CFL = .255E+00  dt = 0.5000E+00  final t = 0.754500E+03
 AMRCLAW: level  1  CFL = .254E+00  dt = 0.5000E+00  final t = 0.755000E+03
 AMRCLAW: level  1  CFL = .253E+00  dt = 0.5000E+00  final t = 0.755500E+03
 AMRCLAW: level  1  CFL = .252E+00  dt = 0.5000E+00  final t = 0.756000E+03
 AMRCLAW: level  1  CFL = .252E+00  dt = 0.5000E+00  final t = 0.756500E+03
 AMRCLAW: level  1  CFL = .251E+00  dt = 0.5000E+00  final t = 0.757000E+03
 AMRCLAW: level  1  CFL = .251E+00  dt = 0.5000E+00  final t = 0.757500E+03
 AMRCLAW: level  1  CFL = .250E+00  dt = 0.5000E+00  final t = 0.758000E+03
 AMRCLAW: level  1  CFL = .250E+00  dt = 0.5000E+00  final t = 0.758500E+03
 AMRCLAW: level  1  CFL = .250E+00  dt = 0.5000E+00  final t = 0.759000E+03
 AMRCLAW: level  1  CFL = .249E+00  dt = 0.5000E+00  final t = 0.759500E+03
 AMRCLAW: level  1  CFL = .249E+00  dt = 0.5000E+00  final t = 0.760000E+03
 AMRCLAW: level  1  CFL = .249E+00  dt = 0.5000E+00  final t = 0.760500E+03
 AMRCLAW: level  1  CFL = .249E+00  dt = 0.5000E+00  final t = 0.761000E+03
 AMRCLAW: level  1  CFL = .254E+00  dt = 0.5000E+00  final t = 0.761500E+03
 AMRCLAW: level  1  CFL = .261E+00  dt = 0.5000E+00  final t = 0.762000E+03
 AMRCLAW: level  1  CFL = .267E+00  dt = 0.5000E+00  final t = 0.762500E+03
 AMRCLAW: level  1  CFL = .274E+00  dt = 0.5000E+00  final t = 0.763000E+03
 AMRCLAW: level  1  CFL = .280E+00  dt = 0.5000E+00  final t = 0.763500E+03
 AMRCLAW: level  1  CFL = .286E+00  dt = 0.5000E+00  final t = 0.764000E+03
 AMRCLAW: level  1  CFL = .292E+00  dt = 0.5000E+00  final t = 0.764500E+03
 AMRCLAW: level  1  CFL = .298E+00  dt = 0.5000E+00  final t = 0.765000E+03
 AMRCLAW: level  1  CFL = .303E+00  dt = 0.5000E+00  final t = 0.765500E+03
 AMRCLAW: level  1  CFL = .308E+00  dt = 0.5000E+00  final t = 0.766000E+03
 AMRCLAW: level  1  CFL = .252E+00  dt = 0.5000E+00  final t = 0.766500E+03
 AMRCLAW: level  1  CFL = .251E+00  dt = 0.5000E+00  final t = 0.767000E+03
 AMRCLAW: level  1  CFL = .251E+00  dt = 0.5000E+00  final t = 0.767500E+03
 AMRCLAW: level  1  CFL = .251E+00  dt = 0.5000E+00  final t = 0.768000E+03
 AMRCLAW: level  1  CFL = .251E+00  dt = 0.5000E+00  final t = 0.768500E+03
 AMRCLAW: level  1  CFL = .251E+00  dt = 0.5000E+00  final t = 0.769000E+03
 AMRCLAW: level  1  CFL = .251E+00  dt = 0.5000E+00  final t = 0.769500E+03
 AMRCLAW: level  1  CFL = .250E+00  dt = 0.5000E+00  final t = 0.770000E+03
 AMRCLAW: level  1  CFL = .250E+00  dt = 0.5000E+00  final t = 0.770500E+03
 AMRCLAW: level  1  CFL = .250E+00  dt = 0.5000E+00  final t = 0.771000E+03
 AMRCLAW: level  1  CFL = .250E+00  dt = 0.5000E+00  final t = 0.771500E+03
 AMRCLAW: level  1  CFL = .250E+00  dt = 0.5000E+00  final t = 0.772000E+03
 AMRCLAW: level  1  CFL = .249E+00  dt = 0.5000E+00  final t = 0.772500E+03
 AMRCLAW: level  1  CFL = .249E+00  dt = 0.5000E+00  final t = 0.773000E+03
 AMRCLAW: level  1  CFL = .249E+00  dt = 0.5000E+00  final t = 0.773500E+03
 AMRCLAW: level  1  CFL = .249E+00  dt = 0.5000E+00  final t = 0.774000E+03
 AMRCLAW: level  1  CFL = .249E+00  dt = 0.5000E+00  final t = 0.774500E+03
 AMRCLAW: level  1  CFL = .249E+00  dt = 0.5000E+00  final t = 0.775000E+03
 AMRCLAW: level  1  CFL = .250E+00  dt = 0.5000E+00  final t = 0.775500E+03
 AMRCLAW: level  1  CFL = .250E+00  dt = 0.5000E+00  final t = 0.776000E+03
 AMRCLAW: level  1  CFL = .250E+00  dt = 0.5000E+00  final t = 0.776500E+03
 AMRCLAW: level  1  CFL = .250E+00  dt = 0.5000E+00  final t = 0.777000E+03
 AMRCLAW: level  1  CFL = .250E+00  dt = 0.5000E+00  final t = 0.777500E+03
 AMRCLAW: level  1  CFL = .251E+00  dt = 0.5000E+00  final t = 0.778000E+03
 AMRCLAW: level  1  CFL = .251E+00  dt = 0.5000E+00  final t = 0.778500E+03
 AMRCLAW: level  1  CFL = .251E+00  dt = 0.5000E+00  final t = 0.779000E+03
 AMRCLAW: level  1  CFL = .251E+00  dt = 0.5000E+00  final t = 0.779500E+03
 AMRCLAW: level  1  CFL = .252E+00  dt = 0.5000E+00  final t = 0.780000E+03
GEOCLAW: Frame   26 output files done at time t =  0.780000D+03

 AMRCLAW: level  1  CFL = .252E+00  dt = 0.5000E+00  final t = 0.780500E+03
 AMRCLAW: level  1  CFL = .252E+00  dt = 0.5000E+00  final t = 0.781000E+03
 AMRCLAW: level  1  CFL = .252E+00  dt = 0.5000E+00  final t = 0.781500E+03
 AMRCLAW: level  1  CFL = .253E+00  dt = 0.5000E+00  final t = 0.782000E+03
 AMRCLAW: level  1  CFL = .258E+00  dt = 0.5000E+00  final t = 0.782500E+03
 AMRCLAW: level  1  CFL = .257E+00  dt = 0.5000E+00  final t = 0.783000E+03
 AMRCLAW: level  1  CFL = .260E+00  dt = 0.5000E+00  final t = 0.783500E+03
 AMRCLAW: level  1  CFL = .263E+00  dt = 0.5000E+00  final t = 0.784000E+03
 AMRCLAW: level  1  CFL = .253E+00  dt = 0.5000E+00  final t = 0.784500E+03
 AMRCLAW: level  1  CFL = .254E+00  dt = 0.5000E+00  final t = 0.785000E+03
 AMRCLAW: level  1  CFL = .254E+00  dt = 0.5000E+00  final t = 0.785500E+03
 AMRCLAW: level  1  CFL = .254E+00  dt = 0.5000E+00  final t = 0.786000E+03
 AMRCLAW: level  1  CFL = .254E+00  dt = 0.5000E+00  final t = 0.786500E+03
 AMRCLAW: level  1  CFL = .254E+00  dt = 0.5000E+00  final t = 0.787000E+03
 AMRCLAW: level  1  CFL = .254E+00  dt = 0.5000E+00  final t = 0.787500E+03
 AMRCLAW: level  1  CFL = .255E+00  dt = 0.5000E+00  final t = 0.788000E+03
 AMRCLAW: level  1  CFL = .255E+00  dt = 0.5000E+00  final t = 0.788500E+03
 AMRCLAW: level  1  CFL = .255E+00  dt = 0.5000E+00  final t = 0.789000E+03
 AMRCLAW: level  1  CFL = .255E+00  dt = 0.5000E+00  final t = 0.789500E+03
 AMRCLAW: level  1  CFL = .255E+00  dt = 0.5000E+00  final t = 0.790000E+03
 AMRCLAW: level  1  CFL = .256E+00  dt = 0.5000E+00  final t = 0.790500E+03
 AMRCLAW: level  1  CFL = .256E+00  dt = 0.5000E+00  final t = 0.791000E+03
 AMRCLAW: level  1  CFL = .256E+00  dt = 0.5000E+00  final t = 0.791500E+03
 AMRCLAW: level  1  CFL = .256E+00  dt = 0.5000E+00  final t = 0.792000E+03
 AMRCLAW: level  1  CFL = .256E+00  dt = 0.5000E+00  final t = 0.792500E+03
 AMRCLAW: level  1  CFL = .256E+00  dt = 0.5000E+00  final t = 0.793000E+03
 AMRCLAW: level  1  CFL = .257E+00  dt = 0.5000E+00  final t = 0.793500E+03
 AMRCLAW: level  1  CFL = .257E+00  dt = 0.5000E+00  final t = 0.794000E+03
 AMRCLAW: level  1  CFL = .257E+00  dt = 0.5000E+00  final t = 0.794500E+03
 AMRCLAW: level  1  CFL = .257E+00  dt = 0.5000E+00  final t = 0.795000E+03
 AMRCLAW: level  1  CFL = .257E+00  dt = 0.5000E+00  final t = 0.795500E+03
 AMRCLAW: level  1  CFL = .257E+00  dt = 0.5000E+00  final t = 0.796000E+03
 AMRCLAW: level  1  CFL = .257E+00  dt = 0.5000E+00  final t = 0.796500E+03
 AMRCLAW: level  1  CFL = .258E+00  dt = 0.5000E+00  final t = 0.797000E+03
 AMRCLAW: level  1  CFL = .258E+00  dt = 0.5000E+00  final t = 0.797500E+03
 AMRCLAW: level  1  CFL = .258E+00  dt = 0.5000E+00  final t = 0.798000E+03
 AMRCLAW: level  1  CFL = .258E+00  dt = 0.5000E+00  final t = 0.798500E+03
 AMRCLAW: level  1  CFL = .258E+00  dt = 0.5000E+00  final t = 0.799000E+03
 AMRCLAW: level  1  CFL = .258E+00  dt = 0.5000E+00  final t = 0.799500E+03
 AMRCLAW: level  1  CFL = .259E+00  dt = 0.5000E+00  final t = 0.800000E+03
 AMRCLAW: level  1  CFL = .259E+00  dt = 0.5000E+00  final t = 0.800500E+03
 AMRCLAW: level  1  CFL = .259E+00  dt = 0.5000E+00  final t = 0.801000E+03
 AMRCLAW: level  1  CFL = .259E+00  dt = 0.5000E+00  final t = 0.801500E+03
 AMRCLAW: level  1  CFL = .259E+00  dt = 0.5000E+00  final t = 0.802000E+03
 AMRCLAW: level  1  CFL = .259E+00  dt = 0.5000E+00  final t = 0.802500E+03
 AMRCLAW: level  1  CFL = .279E+00  dt = 0.5000E+00  final t = 0.803000E+03
 AMRCLAW: level  1  CFL = .260E+00  dt = 0.5000E+00  final t = 0.803500E+03
 AMRCLAW: level  1  CFL = .260E+00  dt = 0.5000E+00  final t = 0.804000E+03
 AMRCLAW: level  1  CFL = .260E+00  dt = 0.5000E+00  final t = 0.804500E+03
 AMRCLAW: level  1  CFL = .260E+00  dt = 0.5000E+00  final t = 0.805000E+03
 AMRCLAW: level  1  CFL = .260E+00  dt = 0.5000E+00  final t = 0.805500E+03
 AMRCLAW: level  1  CFL = .260E+00  dt = 0.5000E+00  final t = 0.806000E+03
 AMRCLAW: level  1  CFL = .260E+00  dt = 0.5000E+00  final t = 0.806500E+03
 AMRCLAW: level  1  CFL = .261E+00  dt = 0.5000E+00  final t = 0.807000E+03
 AMRCLAW: level  1  CFL = .261E+00  dt = 0.5000E+00  final t = 0.807500E+03
 AMRCLAW: level  1  CFL = .261E+00  dt = 0.5000E+00  final t = 0.808000E+03
 AMRCLAW: level  1  CFL = .261E+00  dt = 0.5000E+00  final t = 0.808500E+03
 AMRCLAW: level  1  CFL = .261E+00  dt = 0.5000E+00  final t = 0.809000E+03
 AMRCLAW: level  1  CFL = .261E+00  dt = 0.5000E+00  final t = 0.809500E+03
 AMRCLAW: level  1  CFL = .261E+00  dt = 0.5000E+00  final t = 0.810000E+03
GEOCLAW: Frame   27 output files done at time t =  0.810000D+03

 AMRCLAW: level  1  CFL = .262E+00  dt = 0.5000E+00  final t = 0.810500E+03
 AMRCLAW: level  1  CFL = .263E+00  dt = 0.5000E+00  final t = 0.811000E+03
 AMRCLAW: level  1  CFL = .264E+00  dt = 0.5000E+00  final t = 0.811500E+03
 AMRCLAW: level  1  CFL = .265E+00  dt = 0.5000E+00  final t = 0.812000E+03
 AMRCLAW: level  1  CFL = .266E+00  dt = 0.5000E+00  final t = 0.812500E+03
 AMRCLAW: level  1  CFL = .266E+00  dt = 0.5000E+00  final t = 0.813000E+03
 AMRCLAW: level  1  CFL = .266E+00  dt = 0.5000E+00  final t = 0.813500E+03
 AMRCLAW: level  1  CFL = .266E+00  dt = 0.5000E+00  final t = 0.814000E+03
 AMRCLAW: level  1  CFL = .266E+00  dt = 0.5000E+00  final t = 0.814500E+03
 AMRCLAW: level  1  CFL = .266E+00  dt = 0.5000E+00  final t = 0.815000E+03
 AMRCLAW: level  1  CFL = .266E+00  dt = 0.5000E+00  final t = 0.815500E+03
 AMRCLAW: level  1  CFL = .266E+00  dt = 0.5000E+00  final t = 0.816000E+03
 AMRCLAW: level  1  CFL = .266E+00  dt = 0.5000E+00  final t = 0.816500E+03
 AMRCLAW: level  1  CFL = .266E+00  dt = 0.5000E+00  final t = 0.817000E+03
 AMRCLAW: level  1  CFL = .266E+00  dt = 0.5000E+00  final t = 0.817500E+03
 AMRCLAW: level  1  CFL = .266E+00  dt = 0.5000E+00  final t = 0.818000E+03
 AMRCLAW: level  1  CFL = .266E+00  dt = 0.5000E+00  final t = 0.818500E+03
 AMRCLAW: level  1  CFL = .266E+00  dt = 0.5000E+00  final t = 0.819000E+03
 AMRCLAW: level  1  CFL = .266E+00  dt = 0.5000E+00  final t = 0.819500E+03
 AMRCLAW: level  1  CFL = .266E+00  dt = 0.5000E+00  final t = 0.820000E+03
 AMRCLAW: level  1  CFL = .284E+00  dt = 0.5000E+00  final t = 0.820500E+03
 AMRCLAW: level  1  CFL = .266E+00  dt = 0.5000E+00  final t = 0.821000E+03
 AMRCLAW: level  1  CFL = .266E+00  dt = 0.5000E+00  final t = 0.821500E+03
 AMRCLAW: level  1  CFL = .266E+00  dt = 0.5000E+00  final t = 0.822000E+03
 AMRCLAW: level  1  CFL = .266E+00  dt = 0.5000E+00  final t = 0.822500E+03
 AMRCLAW: level  1  CFL = .266E+00  dt = 0.5000E+00  final t = 0.823000E+03
 AMRCLAW: level  1  CFL = .266E+00  dt = 0.5000E+00  final t = 0.823500E+03
 AMRCLAW: level  1  CFL = .266E+00  dt = 0.5000E+00  final t = 0.824000E+03
 AMRCLAW: level  1  CFL = .266E+00  dt = 0.5000E+00  final t = 0.824500E+03
 AMRCLAW: level  1  CFL = .266E+00  dt = 0.5000E+00  final t = 0.825000E+03
 AMRCLAW: level  1  CFL = .266E+00  dt = 0.5000E+00  final t = 0.825500E+03
 AMRCLAW: level  1  CFL = .266E+00  dt = 0.5000E+00  final t = 0.826000E+03
 AMRCLAW: level  1  CFL = .266E+00  dt = 0.5000E+00  final t = 0.826500E+03
 AMRCLAW: level  1  CFL = .266E+00  dt = 0.5000E+00  final t = 0.827000E+03
 AMRCLAW: level  1  CFL = .267E+00  dt = 0.5000E+00  final t = 0.827500E+03
 AMRCLAW: level  1  CFL = .267E+00  dt = 0.5000E+00  final t = 0.828000E+03
 AMRCLAW: level  1  CFL = .267E+00  dt = 0.5000E+00  final t = 0.828500E+03
 AMRCLAW: level  1  CFL = .267E+00  dt = 0.5000E+00  final t = 0.829000E+03
 AMRCLAW: level  1  CFL = .267E+00  dt = 0.5000E+00  final t = 0.829500E+03
 AMRCLAW: level  1  CFL = .267E+00  dt = 0.5000E+00  final t = 0.830000E+03
 AMRCLAW: level  1  CFL = .267E+00  dt = 0.5000E+00  final t = 0.830500E+03
 AMRCLAW: level  1  CFL = .267E+00  dt = 0.5000E+00  final t = 0.831000E+03
 AMRCLAW: level  1  CFL = .267E+00  dt = 0.5000E+00  final t = 0.831500E+03
 AMRCLAW: level  1  CFL = .267E+00  dt = 0.5000E+00  final t = 0.832000E+03
 AMRCLAW: level  1  CFL = .267E+00  dt = 0.5000E+00  final t = 0.832500E+03
 AMRCLAW: level  1  CFL = .267E+00  dt = 0.5000E+00  final t = 0.833000E+03
 AMRCLAW: level  1  CFL = .267E+00  dt = 0.5000E+00  final t = 0.833500E+03
 AMRCLAW: level  1  CFL = .267E+00  dt = 0.5000E+00  final t = 0.834000E+03
 AMRCLAW: level  1  CFL = .267E+00  dt = 0.5000E+00  final t = 0.834500E+03
 AMRCLAW: level  1  CFL = .267E+00  dt = 0.5000E+00  final t = 0.835000E+03
 AMRCLAW: level  1  CFL = .267E+00  dt = 0.5000E+00  final t = 0.835500E+03
 AMRCLAW: level  1  CFL = .267E+00  dt = 0.5000E+00  final t = 0.836000E+03
 AMRCLAW: level  1  CFL = .267E+00  dt = 0.5000E+00  final t = 0.836500E+03
 AMRCLAW: level  1  CFL = .267E+00  dt = 0.5000E+00  final t = 0.837000E+03
 AMRCLAW: level  1  CFL = .267E+00  dt = 0.5000E+00  final t = 0.837500E+03
 AMRCLAW: level  1  CFL = .267E+00  dt = 0.5000E+00  final t = 0.838000E+03
 AMRCLAW: level  1  CFL = .267E+00  dt = 0.5000E+00  final t = 0.838500E+03
 AMRCLAW: level  1  CFL = .267E+00  dt = 0.5000E+00  final t = 0.839000E+03
 AMRCLAW: level  1  CFL = .267E+00  dt = 0.5000E+00  final t = 0.839500E+03
 AMRCLAW: level  1  CFL = .267E+00  dt = 0.5000E+00  final t = 0.840000E+03
GEOCLAW: Frame   28 output files done at time t =  0.840000D+03

 AMRCLAW: level  1  CFL = .267E+00  dt = 0.5000E+00  final t = 0.840500E+03
 AMRCLAW: level  1  CFL = .267E+00  dt = 0.5000E+00  final t = 0.841000E+03
 AMRCLAW: level  1  CFL = .267E+00  dt = 0.5000E+00  final t = 0.841500E+03
 AMRCLAW: level  1  CFL = .267E+00  dt = 0.5000E+00  final t = 0.842000E+03
 AMRCLAW: level  1  CFL = .267E+00  dt = 0.5000E+00  final t = 0.842500E+03
 AMRCLAW: level  1  CFL = .268E+00  dt = 0.5000E+00  final t = 0.843000E+03
 AMRCLAW: level  1  CFL = .268E+00  dt = 0.5000E+00  final t = 0.843500E+03
 AMRCLAW: level  1  CFL = .268E+00  dt = 0.5000E+00  final t = 0.844000E+03
 AMRCLAW: level  1  CFL = .268E+00  dt = 0.5000E+00  final t = 0.844500E+03
 AMRCLAW: level  1  CFL = .268E+00  dt = 0.5000E+00  final t = 0.845000E+03
 AMRCLAW: level  1  CFL = .268E+00  dt = 0.5000E+00  final t = 0.845500E+03
 AMRCLAW: level  1  CFL = .268E+00  dt = 0.5000E+00  final t = 0.846000E+03
 AMRCLAW: level  1  CFL = .268E+00  dt = 0.5000E+00  final t = 0.846500E+03
 AMRCLAW: level  1  CFL = .268E+00  dt = 0.5000E+00  final t = 0.847000E+03
 AMRCLAW: level  1  CFL = .268E+00  dt = 0.5000E+00  final t = 0.847500E+03
 AMRCLAW: level  1  CFL = .268E+00  dt = 0.5000E+00  final t = 0.848000E+03
 AMRCLAW: level  1  CFL = .268E+00  dt = 0.5000E+00  final t = 0.848500E+03
 AMRCLAW: level  1  CFL = .268E+00  dt = 0.5000E+00  final t = 0.849000E+03
 AMRCLAW: level  1  CFL = .268E+00  dt = 0.5000E+00  final t = 0.849500E+03
 AMRCLAW: level  1  CFL = .297E+00  dt = 0.5000E+00  final t = 0.850000E+03
 AMRCLAW: level  1  CFL = .268E+00  dt = 0.5000E+00  final t = 0.850500E+03
 AMRCLAW: level  1  CFL = .268E+00  dt = 0.5000E+00  final t = 0.851000E+03
 AMRCLAW: level  1  CFL = .268E+00  dt = 0.5000E+00  final t = 0.851500E+03
 AMRCLAW: level  1  CFL = .268E+00  dt = 0.5000E+00  final t = 0.852000E+03
 AMRCLAW: level  1  CFL = .268E+00  dt = 0.5000E+00  final t = 0.852500E+03
 AMRCLAW: level  1  CFL = .268E+00  dt = 0.5000E+00  final t = 0.853000E+03
 AMRCLAW: level  1  CFL = .268E+00  dt = 0.5000E+00  final t = 0.853500E+03
 AMRCLAW: level  1  CFL = .267E+00  dt = 0.5000E+00  final t = 0.854000E+03
 AMRCLAW: level  1  CFL = .268E+00  dt = 0.5000E+00  final t = 0.854500E+03
 AMRCLAW: level  1  CFL = .268E+00  dt = 0.5000E+00  final t = 0.855000E+03
 AMRCLAW: level  1  CFL = .268E+00  dt = 0.5000E+00  final t = 0.855500E+03
 AMRCLAW: level  1  CFL = .268E+00  dt = 0.5000E+00  final t = 0.856000E+03
 AMRCLAW: level  1  CFL = .268E+00  dt = 0.5000E+00  final t = 0.856500E+03
 AMRCLAW: level  1  CFL = .268E+00  dt = 0.5000E+00  final t = 0.857000E+03
 AMRCLAW: level  1  CFL = .268E+00  dt = 0.5000E+00  final t = 0.857500E+03
 AMRCLAW: level  1  CFL = .268E+00  dt = 0.5000E+00  final t = 0.858000E+03
 AMRCLAW: level  1  CFL = .267E+00  dt = 0.5000E+00  final t = 0.858500E+03
 AMRCLAW: level  1  CFL = .267E+00  dt = 0.5000E+00  final t = 0.859000E+03
 AMRCLAW: level  1  CFL = .267E+00  dt = 0.5000E+00  final t = 0.859500E+03
 AMRCLAW: level  1  CFL = .267E+00  dt = 0.5000E+00  final t = 0.860000E+03
 AMRCLAW: level  1  CFL = .266E+00  dt = 0.5000E+00  final t = 0.860500E+03
 AMRCLAW: level  1  CFL = .266E+00  dt = 0.5000E+00  final t = 0.861000E+03
 AMRCLAW: level  1  CFL = .266E+00  dt = 0.5000E+00  final t = 0.861500E+03
 AMRCLAW: level  1  CFL = .266E+00  dt = 0.5000E+00  final t = 0.862000E+03
 AMRCLAW: level  1  CFL = .265E+00  dt = 0.5000E+00  final t = 0.862500E+03
 AMRCLAW: level  1  CFL = .265E+00  dt = 0.5000E+00  final t = 0.863000E+03
 AMRCLAW: level  1  CFL = .265E+00  dt = 0.5000E+00  final t = 0.863500E+03
 AMRCLAW: level  1  CFL = .265E+00  dt = 0.5000E+00  final t = 0.864000E+03
 AMRCLAW: level  1  CFL = .265E+00  dt = 0.5000E+00  final t = 0.864500E+03
 AMRCLAW: level  1  CFL = .264E+00  dt = 0.5000E+00  final t = 0.865000E+03
 AMRCLAW: level  1  CFL = .264E+00  dt = 0.5000E+00  final t = 0.865500E+03
 AMRCLAW: level  1  CFL = .264E+00  dt = 0.5000E+00  final t = 0.866000E+03
 AMRCLAW: level  1  CFL = .264E+00  dt = 0.5000E+00  final t = 0.866500E+03
 AMRCLAW: level  1  CFL = .264E+00  dt = 0.5000E+00  final t = 0.867000E+03
 AMRCLAW: level  1  CFL = .263E+00  dt = 0.5000E+00  final t = 0.867500E+03
 AMRCLAW: level  1  CFL = .263E+00  dt = 0.5000E+00  final t = 0.868000E+03
 AMRCLAW: level  1  CFL = .263E+00  dt = 0.5000E+00  final t = 0.868500E+03
 AMRCLAW: level  1  CFL = .263E+00  dt = 0.5000E+00  final t = 0.869000E+03
 AMRCLAW: level  1  CFL = .263E+00  dt = 0.5000E+00  final t = 0.869500E+03
 AMRCLAW: level  1  CFL = .263E+00  dt = 0.5000E+00  final t = 0.870000E+03
GEOCLAW: Frame   29 output files done at time t =  0.870000D+03

 AMRCLAW: level  1  CFL = .262E+00  dt = 0.5000E+00  final t = 0.870500E+03
 AMRCLAW: level  1  CFL = .262E+00  dt = 0.5000E+00  final t = 0.871000E+03
 AMRCLAW: level  1  CFL = .262E+00  dt = 0.5000E+00  final t = 0.871500E+03
 AMRCLAW: level  1  CFL = .262E+00  dt = 0.5000E+00  final t = 0.872000E+03
 AMRCLAW: level  1  CFL = .262E+00  dt = 0.5000E+00  final t = 0.872500E+03
 AMRCLAW: level  1  CFL = .262E+00  dt = 0.5000E+00  final t = 0.873000E+03
 AMRCLAW: level  1  CFL = .261E+00  dt = 0.5000E+00  final t = 0.873500E+03
 AMRCLAW: level  1  CFL = .261E+00  dt = 0.5000E+00  final t = 0.874000E+03
 AMRCLAW: level  1  CFL = .261E+00  dt = 0.5000E+00  final t = 0.874500E+03
 AMRCLAW: level  1  CFL = .261E+00  dt = 0.5000E+00  final t = 0.875000E+03
 AMRCLAW: level  1  CFL = .261E+00  dt = 0.5000E+00  final t = 0.875500E+03
 AMRCLAW: level  1  CFL = .261E+00  dt = 0.5000E+00  final t = 0.876000E+03
 AMRCLAW: level  1  CFL = .261E+00  dt = 0.5000E+00  final t = 0.876500E+03
 AMRCLAW: level  1  CFL = .261E+00  dt = 0.5000E+00  final t = 0.877000E+03
 AMRCLAW: level  1  CFL = .261E+00  dt = 0.5000E+00  final t = 0.877500E+03
 AMRCLAW: level  1  CFL = .260E+00  dt = 0.5000E+00  final t = 0.878000E+03
 AMRCLAW: level  1  CFL = .260E+00  dt = 0.5000E+00  final t = 0.878500E+03
 AMRCLAW: level  1  CFL = .260E+00  dt = 0.5000E+00  final t = 0.879000E+03
 AMRCLAW: level  1  CFL = .260E+00  dt = 0.5000E+00  final t = 0.879500E+03
 AMRCLAW: level  1  CFL = .260E+00  dt = 0.5000E+00  final t = 0.880000E+03
 AMRCLAW: level  1  CFL = .260E+00  dt = 0.5000E+00  final t = 0.880500E+03
 AMRCLAW: level  1  CFL = .260E+00  dt = 0.5000E+00  final t = 0.881000E+03
 AMRCLAW: level  1  CFL = .259E+00  dt = 0.5000E+00  final t = 0.881500E+03
 AMRCLAW: level  1  CFL = .259E+00  dt = 0.5000E+00  final t = 0.882000E+03
 AMRCLAW: level  1  CFL = .259E+00  dt = 0.5000E+00  final t = 0.882500E+03
 AMRCLAW: level  1  CFL = .259E+00  dt = 0.5000E+00  final t = 0.883000E+03
 AMRCLAW: level  1  CFL = .259E+00  dt = 0.5000E+00  final t = 0.883500E+03
 AMRCLAW: level  1  CFL = .258E+00  dt = 0.5000E+00  final t = 0.884000E+03
 AMRCLAW: level  1  CFL = .258E+00  dt = 0.5000E+00  final t = 0.884500E+03
 AMRCLAW: level  1  CFL = .258E+00  dt = 0.5000E+00  final t = 0.885000E+03
 AMRCLAW: level  1  CFL = .258E+00  dt = 0.5000E+00  final t = 0.885500E+03
 AMRCLAW: level  1  CFL = .258E+00  dt = 0.5000E+00  final t = 0.886000E+03
 AMRCLAW: level  1  CFL = .258E+00  dt = 0.5000E+00  final t = 0.886500E+03
 AMRCLAW: level  1  CFL = .258E+00  dt = 0.5000E+00  final t = 0.887000E+03
 AMRCLAW: level  1  CFL = .257E+00  dt = 0.5000E+00  final t = 0.887500E+03
 AMRCLAW: level  1  CFL = .257E+00  dt = 0.5000E+00  final t = 0.888000E+03
 AMRCLAW: level  1  CFL = .257E+00  dt = 0.5000E+00  final t = 0.888500E+03
 AMRCLAW: level  1  CFL = .257E+00  dt = 0.5000E+00  final t = 0.889000E+03
 AMRCLAW: level  1  CFL = .257E+00  dt = 0.5000E+00  final t = 0.889500E+03
 AMRCLAW: level  1  CFL = .257E+00  dt = 0.5000E+00  final t = 0.890000E+03
 AMRCLAW: level  1  CFL = .257E+00  dt = 0.5000E+00  final t = 0.890500E+03
 AMRCLAW: level  1  CFL = .257E+00  dt = 0.5000E+00  final t = 0.891000E+03
 AMRCLAW: level  1  CFL = .256E+00  dt = 0.5000E+00  final t = 0.891500E+03
 AMRCLAW: level  1  CFL = .256E+00  dt = 0.5000E+00  final t = 0.892000E+03
 AMRCLAW: level  1  CFL = .256E+00  dt = 0.5000E+00  final t = 0.892500E+03
 AMRCLAW: level  1  CFL = .256E+00  dt = 0.5000E+00  final t = 0.893000E+03
 AMRCLAW: level  1  CFL = .256E+00  dt = 0.5000E+00  final t = 0.893500E+03
 AMRCLAW: level  1  CFL = .256E+00  dt = 0.5000E+00  final t = 0.894000E+03
 AMRCLAW: level  1  CFL = .256E+00  dt = 0.5000E+00  final t = 0.894500E+03
 AMRCLAW: level  1  CFL = .256E+00  dt = 0.5000E+00  final t = 0.895000E+03
 AMRCLAW: level  1  CFL = .256E+00  dt = 0.5000E+00  final t = 0.895500E+03
 AMRCLAW: level  1  CFL = .256E+00  dt = 0.5000E+00  final t = 0.896000E+03
 AMRCLAW: level  1  CFL = .255E+00  dt = 0.5000E+00  final t = 0.896500E+03
 AMRCLAW: level  1  CFL = .255E+00  dt = 0.5000E+00  final t = 0.897000E+03
 AMRCLAW: level  1  CFL = .255E+00  dt = 0.5000E+00  final t = 0.897500E+03
 AMRCLAW: level  1  CFL = .255E+00  dt = 0.5000E+00  final t = 0.898000E+03
 AMRCLAW: level  1  CFL = .255E+00  dt = 0.5000E+00  final t = 0.898500E+03
 AMRCLAW: level  1  CFL = .255E+00  dt = 0.5000E+00  final t = 0.899000E+03
 AMRCLAW: level  1  CFL = .255E+00  dt = 0.5000E+00  final t = 0.899500E+03
 AMRCLAW: level  1  CFL = .255E+00  dt = 0.5000E+00  final t = 0.900000E+03
GEOCLAW: Frame   30 output files done at time t =  0.900000D+03

 Done integrating to time    900.00000000000000     
 Writing to file fgmax0001.txt                 
See fort.amr for more info on this run and memory usage

============================== Timing Data ==============================

Integration Time (stepgrid + BC + overhead)
Level           Wall Time (seconds)    CPU Time (seconds)   Total Cell Updates
  1                    72.184                266.274            0.839E+08
total                  72.184                266.274            0.839E+08

All levels:
stepgrid               71.988                265.768    
BC/ghost cells          0.188                  0.493
Regridding              0.000                  0.000  
Output (valout)         8.816                 11.737  

Total time:            81.399                278.901  
Using 12 thread(s)

Note: The CPU times are summed over all threads.
      Total time includes more than the subroutines listed above
Note: timings are also recorded for each output step
      in the file timing.csv.

=========================================================================

 maximum Courant number seen =    0.45681
