Reading data file: claw.data
         first 5 lines are comments and will be skipped
Reading data file: amr.data
         first 5 lines are comments and will be skipped
  
 Running amrclaw ...  
  
Reading data file: geoclaw.data
         first 5 lines are comments and will be skipped
Reading data file: refinement.data
         first 5 lines are comments and will be skipped
Reading data file: dtopo.data
         first 5 lines are comments and will be skipped
Reading data file: topo.data
         first 5 lines are comments and will be skipped
 *** in file: /root/autodl-tmp/Debris-flow-jilong-final/sim/dclaw/jilong_published_route_rebase/published_route_domain_64m.tt3
     Shifting xllcorner by 0.5*dx to cell center
 *** in file: /root/autodl-tmp/Debris-flow-jilong-final/sim/dclaw/jilong_published_route_rebase/published_route_domain_64m.tt3
     Shifting yllcorner by 0.5*dy to cell center
  
 Reading topography file  /root/autodl-tmp/Debris-flow-jilong-final/sim/dclaw/jilong_published_route_rebase/published_route_domain_64m.tt3                                      
 **** WARNING
 **** topo arrays do not quite cover domain
 **** area of overlap =    179568640.00000000     
 **** area of domain  =    181350400.00000000     
 **** error is less than 1% so proceeding...
Reading data file: auxinit_dclaw.data       
         first 5 lines are comments and will be skipped
  
 Reading auxinit file  /root/autodl-tmp/Debris-flow-jilong-final/sim/dclaw/jilong_published_route_rebase/entrainment/erodible_thickness_e4_published.tt3                     
Reading data file: fgout_grids.data
         first 5 lines are comments and will be skipped
Reading data file: regions.data
         first 5 lines are comments and will be skipped
Reading data file: flagregions.data
         first 5 lines are comments and will be skipped
Reading data file: gauges.data
         first 5 lines are comments and will be skipped
Reading data file: fgmax_grids.data
         first 5 lines are comments and will be skipped
 +++ fgbb:    338894.00000000000        356430.00000000000        3127228.0000000000        3137468.0000000000     
 +++ fgll:    338894.00000000000        3127228.0000000000              275         161
 +++ fg%x(npts), fg%y(1):    356430.00000000000        3127228.0000000000     
Reading data file: dclaw.data               
         first 5 lines are comments and will be skipped
Reading data file: pinit_dclaw.data         
         first 5 lines are comments and will be skipped
Reading data file: qinit_dclaw.data         
         first 5 lines are comments and will be skipped
Reading data file: flowgrades.data          
         first 5 lines are comments and will be skipped
 rnode allocated...
 node allocated...
 listOfGrids allocated...
 Storage allocated...
 bndList allocated...
Gridding level   1 at t =  0.000000E+00:     1 grids with       44275 cells
  max threads set to           12
  
 Done reading data, starting computation ...  
  
 Total mass at initial time:    0.0000000000000000     
GEOCLAW: Frame    0 output files done at time t =  0.000000D+00

 AMRCLAW: level  1  CFL = .000E+00  dt = 0.5000E-01  final t = 0.500000E-01
 AMRCLAW: level  1  CFL = .000E+00  dt = 0.5000E+00  final t = 0.550000E+00
 AMRCLAW: level  1  CFL = .153E-01  dt = 0.5000E+00  final t = 0.105000E+01
 AMRCLAW: level  1  CFL = .376E-01  dt = 0.5000E+00  final t = 0.155000E+01
 AMRCLAW: level  1  CFL = .531E-01  dt = 0.5000E+00  final t = 0.205000E+01
 AMRCLAW: level  1  CFL = .737E-01  dt = 0.5000E+00  final t = 0.255000E+01
 AMRCLAW: level  1  CFL = .934E-01  dt = 0.5000E+00  final t = 0.305000E+01
 AMRCLAW: level  1  CFL = .112E+00  dt = 0.5000E+00  final t = 0.355000E+01
 AMRCLAW: level  1  CFL = .130E+00  dt = 0.5000E+00  final t = 0.405000E+01
 AMRCLAW: level  1  CFL = .147E+00  dt = 0.5000E+00  final t = 0.455000E+01
 AMRCLAW: level  1  CFL = .163E+00  dt = 0.5000E+00  final t = 0.505000E+01
 AMRCLAW: level  1  CFL = .178E+00  dt = 0.5000E+00  final t = 0.555000E+01
 AMRCLAW: level  1  CFL = .191E+00  dt = 0.5000E+00  final t = 0.605000E+01
 AMRCLAW: level  1  CFL = .204E+00  dt = 0.5000E+00  final t = 0.655000E+01
 AMRCLAW: level  1  CFL = .216E+00  dt = 0.5000E+00  final t = 0.705000E+01
 AMRCLAW: level  1  CFL = .227E+00  dt = 0.5000E+00  final t = 0.755000E+01
 AMRCLAW: level  1  CFL = .243E+00  dt = 0.5000E+00  final t = 0.805000E+01
 AMRCLAW: level  1  CFL = .259E+00  dt = 0.5000E+00  final t = 0.855000E+01
 AMRCLAW: level  1  CFL = .274E+00  dt = 0.5000E+00  final t = 0.905000E+01
 AMRCLAW: level  1  CFL = .288E+00  dt = 0.5000E+00  final t = 0.955000E+01
 AMRCLAW: level  1  CFL = .301E+00  dt = 0.5000E+00  final t = 0.100500E+02
 AMRCLAW: level  1  CFL = .314E+00  dt = 0.5000E+00  final t = 0.105500E+02
 AMRCLAW: level  1  CFL = .327E+00  dt = 0.5000E+00  final t = 0.110500E+02
 AMRCLAW: level  1  CFL = .339E+00  dt = 0.5000E+00  final t = 0.115500E+02
 AMRCLAW: level  1  CFL = .351E+00  dt = 0.5000E+00  final t = 0.120500E+02
 AMRCLAW: level  1  CFL = .361E+00  dt = 0.5000E+00  final t = 0.125500E+02
 AMRCLAW: level  1  CFL = .373E+00  dt = 0.5000E+00  final t = 0.130500E+02
 AMRCLAW: level  1  CFL = .385E+00  dt = 0.5000E+00  final t = 0.135500E+02
 AMRCLAW: level  1  CFL = .395E+00  dt = 0.5000E+00  final t = 0.140500E+02
 AMRCLAW: level  1  CFL = .405E+00  dt = 0.5000E+00  final t = 0.145500E+02
 AMRCLAW: level  1  CFL = .413E+00  dt = 0.5000E+00  final t = 0.150500E+02
 AMRCLAW: level  1  CFL = .421E+00  dt = 0.5000E+00  final t = 0.155500E+02
 AMRCLAW: level  1  CFL = .428E+00  dt = 0.5000E+00  final t = 0.160500E+02
 AMRCLAW: level  1  CFL = .434E+00  dt = 0.5000E+00  final t = 0.165500E+02
 AMRCLAW: level  1  CFL = .440E+00  dt = 0.5000E+00  final t = 0.170500E+02
 AMRCLAW: level  1  CFL = .446E+00  dt = 0.5000E+00  final t = 0.175500E+02
 AMRCLAW: level  1  CFL = .447E+00  dt = 0.5000E+00  final t = 0.180500E+02
 AMRCLAW: level  1  CFL = .448E+00  dt = 0.5000E+00  final t = 0.185500E+02
 AMRCLAW: level  1  CFL = .450E+00  dt = 0.5000E+00  final t = 0.190500E+02
 AMRCLAW: level  1  CFL = .451E+00  dt = 0.5000E+00  final t = 0.195500E+02
 AMRCLAW: level  1  CFL = .451E+00  dt = 0.4991E+00  final t = 0.200491E+02
 AMRCLAW: level  1  CFL = .451E+00  dt = 0.4977E+00  final t = 0.205467E+02
 AMRCLAW: level  1  CFL = .451E+00  dt = 0.4962E+00  final t = 0.210430E+02
 AMRCLAW: level  1  CFL = .451E+00  dt = 0.4948E+00  final t = 0.215378E+02
 AMRCLAW: level  1  CFL = .452E+00  dt = 0.4935E+00  final t = 0.220313E+02
 AMRCLAW: level  1  CFL = .453E+00  dt = 0.4917E+00  final t = 0.225230E+02
 AMRCLAW: level  1  CFL = .452E+00  dt = 0.4890E+00  final t = 0.230119E+02
 AMRCLAW: level  1  CFL = .452E+00  dt = 0.4865E+00  final t = 0.234984E+02
 AMRCLAW: level  1  CFL = .451E+00  dt = 0.4842E+00  final t = 0.239826E+02
 AMRCLAW: level  1  CFL = .451E+00  dt = 0.4834E+00  final t = 0.244660E+02
 AMRCLAW: level  1  CFL = .451E+00  dt = 0.4826E+00  final t = 0.249485E+02
 AMRCLAW: level  1  CFL = .451E+00  dt = 0.4817E+00  final t = 0.254303E+02
 AMRCLAW: level  1  CFL = .451E+00  dt = 0.4809E+00  final t = 0.259112E+02
 AMRCLAW: level  1  CFL = .451E+00  dt = 0.4801E+00  final t = 0.263913E+02
 AMRCLAW: level  1  CFL = .451E+00  dt = 0.4793E+00  final t = 0.268707E+02
 AMRCLAW: level  1  CFL = .451E+00  dt = 0.4786E+00  final t = 0.273492E+02
 AMRCLAW: level  1  CFL = .451E+00  dt = 0.4779E+00  final t = 0.278271E+02
 AMRCLAW: level  1  CFL = .451E+00  dt = 0.4772E+00  final t = 0.283043E+02
 AMRCLAW: level  1  CFL = .451E+00  dt = 0.4765E+00  final t = 0.287807E+02
 AMRCLAW: level  1  CFL = .451E+00  dt = 0.4758E+00  final t = 0.292566E+02
 AMRCLAW: level  1  CFL = .451E+00  dt = 0.4752E+00  final t = 0.297317E+02
 AMRCLAW: level  1  CFL = .255E+00  dt = 0.2683E+00  final t = 0.300000E+02
GEOCLAW: Frame    1 output files done at time t =  0.300000D+02

 AMRCLAW: level  1  CFL = .450E+00  dt = 0.4740E+00  final t = 0.304740E+02
 AMRCLAW: level  1  CFL = .451E+00  dt = 0.4736E+00  final t = 0.309476E+02
 AMRCLAW: level  1  CFL = .451E+00  dt = 0.4731E+00  final t = 0.314207E+02
 AMRCLAW: level  1  CFL = .451E+00  dt = 0.4725E+00  final t = 0.318932E+02
 AMRCLAW: level  1  CFL = .450E+00  dt = 0.4720E+00  final t = 0.323651E+02
 AMRCLAW: level  1  CFL = .450E+00  dt = 0.4714E+00  final t = 0.328366E+02
 AMRCLAW: level  1  CFL = .450E+00  dt = 0.4709E+00  final t = 0.333075E+02
 AMRCLAW: level  1  CFL = .450E+00  dt = 0.4705E+00  final t = 0.337780E+02
 AMRCLAW: level  1  CFL = .450E+00  dt = 0.4700E+00  final t = 0.342480E+02
 AMRCLAW: level  1  CFL = .450E+00  dt = 0.4696E+00  final t = 0.347176E+02
 AMRCLAW: level  1  CFL = .450E+00  dt = 0.4691E+00  final t = 0.351867E+02
 AMRCLAW: level  1  CFL = .450E+00  dt = 0.4687E+00  final t = 0.356554E+02
 AMRCLAW: level  1  CFL = .450E+00  dt = 0.4683E+00  final t = 0.361237E+02
 AMRCLAW: level  1  CFL = .450E+00  dt = 0.4678E+00  final t = 0.365915E+02
 AMRCLAW: level  1  CFL = .450E+00  dt = 0.4674E+00  final t = 0.370590E+02
 AMRCLAW: level  1  CFL = .450E+00  dt = 0.4670E+00  final t = 0.375260E+02
 AMRCLAW: level  1  CFL = .450E+00  dt = 0.4666E+00  final t = 0.379926E+02
 AMRCLAW: level  1  CFL = .450E+00  dt = 0.4662E+00  final t = 0.384589E+02
 AMRCLAW: level  1  CFL = .450E+00  dt = 0.4659E+00  final t = 0.389247E+02
 AMRCLAW: level  1  CFL = .450E+00  dt = 0.4655E+00  final t = 0.393902E+02
 AMRCLAW: level  1  CFL = .450E+00  dt = 0.4651E+00  final t = 0.398553E+02
 AMRCLAW: level  1  CFL = .450E+00  dt = 0.4648E+00  final t = 0.403201E+02
 AMRCLAW: level  1  CFL = .450E+00  dt = 0.4645E+00  final t = 0.407846E+02
 AMRCLAW: level  1  CFL = .450E+00  dt = 0.4642E+00  final t = 0.412487E+02
 AMRCLAW: level  1  CFL = .450E+00  dt = 0.4639E+00  final t = 0.417126E+02
 AMRCLAW: level  1  CFL = .450E+00  dt = 0.4636E+00  final t = 0.421762E+02
 AMRCLAW: level  1  CFL = .450E+00  dt = 0.4633E+00  final t = 0.426395E+02
 AMRCLAW: level  1  CFL = .450E+00  dt = 0.4631E+00  final t = 0.431025E+02
 AMRCLAW: level  1  CFL = .450E+00  dt = 0.4628E+00  final t = 0.435653E+02
 AMRCLAW: level  1  CFL = .450E+00  dt = 0.4626E+00  final t = 0.440279E+02
 AMRCLAW: level  1  CFL = .450E+00  dt = 0.4624E+00  final t = 0.444903E+02
 AMRCLAW: level  1  CFL = .450E+00  dt = 0.4622E+00  final t = 0.449525E+02
 AMRCLAW: level  1  CFL = .450E+00  dt = 0.4620E+00  final t = 0.454145E+02
 AMRCLAW: level  1  CFL = .450E+00  dt = 0.4618E+00  final t = 0.458763E+02
 AMRCLAW: level  1  CFL = .450E+00  dt = 0.4617E+00  final t = 0.463380E+02
 AMRCLAW: level  1  CFL = .450E+00  dt = 0.4616E+00  final t = 0.467996E+02
 AMRCLAW: level  1  CFL = .450E+00  dt = 0.4614E+00  final t = 0.472610E+02
 AMRCLAW: level  1  CFL = .450E+00  dt = 0.4613E+00  final t = 0.477224E+02
 AMRCLAW: level  1  CFL = .450E+00  dt = 0.4612E+00  final t = 0.481836E+02
 AMRCLAW: level  1  CFL = .450E+00  dt = 0.4612E+00  final t = 0.486448E+02
 AMRCLAW: level  1  CFL = .450E+00  dt = 0.4611E+00  final t = 0.491059E+02
 AMRCLAW: level  1  CFL = .450E+00  dt = 0.4611E+00  final t = 0.495670E+02
 AMRCLAW: level  1  CFL = .450E+00  dt = 0.4611E+00  final t = 0.500281E+02
 AMRCLAW: level  1  CFL = .450E+00  dt = 0.4611E+00  final t = 0.504892E+02
 AMRCLAW: level  1  CFL = .450E+00  dt = 0.4611E+00  final t = 0.509503E+02
 AMRCLAW: level  1  CFL = .450E+00  dt = 0.4611E+00  final t = 0.514114E+02
 AMRCLAW: level  1  CFL = .450E+00  dt = 0.4611E+00  final t = 0.518725E+02
 AMRCLAW: level  1  CFL = .450E+00  dt = 0.4612E+00  final t = 0.523337E+02
 AMRCLAW: level  1  CFL = .450E+00  dt = 0.4612E+00  final t = 0.527949E+02
 AMRCLAW: level  1  CFL = .450E+00  dt = 0.4613E+00  final t = 0.532562E+02
 AMRCLAW: level  1  CFL = .450E+00  dt = 0.4613E+00  final t = 0.537175E+02
 AMRCLAW: level  1  CFL = .450E+00  dt = 0.4614E+00  final t = 0.541789E+02
 AMRCLAW: level  1  CFL = .450E+00  dt = 0.4615E+00  final t = 0.546404E+02
 AMRCLAW: level  1  CFL = .450E+00  dt = 0.4616E+00  final t = 0.551020E+02
 AMRCLAW: level  1  CFL = .450E+00  dt = 0.4617E+00  final t = 0.555637E+02
 AMRCLAW: level  1  CFL = .450E+00  dt = 0.4619E+00  final t = 0.560256E+02
 AMRCLAW: level  1  CFL = .450E+00  dt = 0.4620E+00  final t = 0.564876E+02
 AMRCLAW: level  1  CFL = .450E+00  dt = 0.4622E+00  final t = 0.569498E+02
 AMRCLAW: level  1  CFL = .450E+00  dt = 0.4623E+00  final t = 0.574121E+02
 AMRCLAW: level  1  CFL = .450E+00  dt = 0.4625E+00  final t = 0.578746E+02
 AMRCLAW: level  1  CFL = .450E+00  dt = 0.4627E+00  final t = 0.583374E+02
 AMRCLAW: level  1  CFL = .449E+00  dt = 0.4625E+00  final t = 0.587999E+02
 AMRCLAW: level  1  CFL = .450E+00  dt = 0.4632E+00  final t = 0.592630E+02
 AMRCLAW: level  1  CFL = .450E+00  dt = 0.4634E+00  final t = 0.597264E+02
 AMRCLAW: level  1  CFL = .265E+00  dt = 0.2736E+00  final t = 0.600000E+02
GEOCLAW: Frame    2 output files done at time t =  0.600000D+02

 AMRCLAW: level  1  CFL = .450E+00  dt = 0.4639E+00  final t = 0.604639E+02
 AMRCLAW: level  1  CFL = .450E+00  dt = 0.4641E+00  final t = 0.609280E+02
 AMRCLAW: level  1  CFL = .451E+00  dt = 0.4644E+00  final t = 0.613924E+02
 AMRCLAW: level  1  CFL = .449E+00  dt = 0.4638E+00  final t = 0.618562E+02
 AMRCLAW: level  1  CFL = .449E+00  dt = 0.4647E+00  final t = 0.623209E+02
 AMRCLAW: level  1  CFL = .450E+00  dt = 0.4653E+00  final t = 0.627862E+02
 AMRCLAW: level  1  CFL = .450E+00  dt = 0.4657E+00  final t = 0.632519E+02
 AMRCLAW: level  1  CFL = .450E+00  dt = 0.4660E+00  final t = 0.637179E+02
 AMRCLAW: level  1  CFL = .450E+00  dt = 0.4664E+00  final t = 0.641843E+02
 AMRCLAW: level  1  CFL = .450E+00  dt = 0.4667E+00  final t = 0.646511E+02
 AMRCLAW: level  1  CFL = .450E+00  dt = 0.4670E+00  final t = 0.651181E+02
 AMRCLAW: level  1  CFL = .450E+00  dt = 0.4674E+00  final t = 0.655855E+02
 AMRCLAW: level  1  CFL = .450E+00  dt = 0.4677E+00  final t = 0.660532E+02
 AMRCLAW: level  1  CFL = .450E+00  dt = 0.4680E+00  final t = 0.665212E+02
 AMRCLAW: level  1  CFL = .450E+00  dt = 0.4684E+00  final t = 0.669896E+02
 AMRCLAW: level  1  CFL = .450E+00  dt = 0.4688E+00  final t = 0.674584E+02
 AMRCLAW: level  1  CFL = .450E+00  dt = 0.4692E+00  final t = 0.679276E+02
 AMRCLAW: level  1  CFL = .450E+00  dt = 0.4696E+00  final t = 0.683972E+02
 AMRCLAW: level  1  CFL = .450E+00  dt = 0.4701E+00  final t = 0.688673E+02
 AMRCLAW: level  1  CFL = .450E+00  dt = 0.4705E+00  final t = 0.693378E+02
 AMRCLAW: level  1  CFL = .450E+00  dt = 0.4710E+00  final t = 0.698087E+02
 AMRCLAW: level  1  CFL = .450E+00  dt = 0.4714E+00  final t = 0.702802E+02
 AMRCLAW: level  1  CFL = .450E+00  dt = 0.4719E+00  final t = 0.707520E+02
 AMRCLAW: level  1  CFL = .450E+00  dt = 0.4724E+00  final t = 0.712244E+02
 AMRCLAW: level  1  CFL = .450E+00  dt = 0.4729E+00  final t = 0.716973E+02
 AMRCLAW: level  1  CFL = .450E+00  dt = 0.4734E+00  final t = 0.721707E+02
 AMRCLAW: level  1  CFL = .449E+00  dt = 0.4739E+00  final t = 0.726446E+02
 AMRCLAW: level  1  CFL = .449E+00  dt = 0.4744E+00  final t = 0.731191E+02
 AMRCLAW: level  1  CFL = .449E+00  dt = 0.4750E+00  final t = 0.735941E+02
 AMRCLAW: level  1  CFL = .449E+00  dt = 0.4755E+00  final t = 0.740696E+02
 AMRCLAW: level  1  CFL = .449E+00  dt = 0.4761E+00  final t = 0.745457E+02
 AMRCLAW: level  1  CFL = .449E+00  dt = 0.4767E+00  final t = 0.750224E+02
 AMRCLAW: level  1  CFL = .449E+00  dt = 0.4773E+00  final t = 0.754997E+02
 AMRCLAW: level  1  CFL = .449E+00  dt = 0.4779E+00  final t = 0.759776E+02
 AMRCLAW: level  1  CFL = .449E+00  dt = 0.4785E+00  final t = 0.764561E+02
 AMRCLAW: level  1  CFL = .450E+00  dt = 0.4792E+00  final t = 0.769352E+02
 AMRCLAW: level  1  CFL = .449E+00  dt = 0.4795E+00  final t = 0.774147E+02
 AMRCLAW: level  1  CFL = .450E+00  dt = 0.4804E+00  final t = 0.778951E+02
 AMRCLAW: level  1  CFL = .449E+00  dt = 0.4808E+00  final t = 0.783759E+02
 AMRCLAW: level  1  CFL = .450E+00  dt = 0.4818E+00  final t = 0.788577E+02
 AMRCLAW: level  1  CFL = .449E+00  dt = 0.4823E+00  final t = 0.793400E+02
 AMRCLAW: level  1  CFL = .449E+00  dt = 0.4829E+00  final t = 0.798229E+02
 AMRCLAW: level  1  CFL = .449E+00  dt = 0.4836E+00  final t = 0.803066E+02
 AMRCLAW: level  1  CFL = .449E+00  dt = 0.4844E+00  final t = 0.807910E+02
 AMRCLAW: level  1  CFL = .449E+00  dt = 0.4853E+00  final t = 0.812762E+02
 AMRCLAW: level  1  CFL = .449E+00  dt = 0.4861E+00  final t = 0.817623E+02
 AMRCLAW: level  1  CFL = .449E+00  dt = 0.4870E+00  final t = 0.822493E+02
 AMRCLAW: level  1  CFL = .451E+00  dt = 0.4879E+00  final t = 0.827372E+02
 AMRCLAW: level  1  CFL = .453E+00  dt = 0.4873E+00  final t = 0.832245E+02
 AMRCLAW: level  1  CFL = .452E+00  dt = 0.4843E+00  final t = 0.837087E+02
 AMRCLAW: level  1  CFL = .453E+00  dt = 0.4818E+00  final t = 0.841906E+02
 AMRCLAW: level  1  CFL = .453E+00  dt = 0.4785E+00  final t = 0.846691E+02
 AMRCLAW: level  1  CFL = .453E+00  dt = 0.4751E+00  final t = 0.851442E+02
 AMRCLAW: level  1  CFL = .453E+00  dt = 0.4718E+00  final t = 0.856160E+02
 AMRCLAW: level  1  CFL = .452E+00  dt = 0.4689E+00  final t = 0.860849E+02
 AMRCLAW: level  1  CFL = .452E+00  dt = 0.4663E+00  final t = 0.865512E+02
 AMRCLAW: level  1  CFL = .452E+00  dt = 0.4641E+00  final t = 0.870153E+02
 AMRCLAW: level  1  CFL = .452E+00  dt = 0.4622E+00  final t = 0.874775E+02
 AMRCLAW: level  1  CFL = .451E+00  dt = 0.4606E+00  final t = 0.879381E+02
 AMRCLAW: level  1  CFL = .451E+00  dt = 0.4593E+00  final t = 0.883974E+02
 AMRCLAW: level  1  CFL = .451E+00  dt = 0.4583E+00  final t = 0.888557E+02
 AMRCLAW: level  1  CFL = .451E+00  dt = 0.4574E+00  final t = 0.893131E+02
 AMRCLAW: level  1  CFL = .450E+00  dt = 0.4567E+00  final t = 0.897698E+02
 AMRCLAW: level  1  CFL = .227E+00  dt = 0.2302E+00  final t = 0.900000E+02
GEOCLAW: Frame    3 output files done at time t =  0.900000D+02

 AMRCLAW: level  1  CFL = .450E+00  dt = 0.4559E+00  final t = 0.904559E+02
 AMRCLAW: level  1  CFL = .450E+00  dt = 0.4557E+00  final t = 0.909116E+02
 AMRCLAW: level  1  CFL = .450E+00  dt = 0.4555E+00  final t = 0.913671E+02
 AMRCLAW: level  1  CFL = .450E+00  dt = 0.4554E+00  final t = 0.918225E+02
 AMRCLAW: level  1  CFL = .450E+00  dt = 0.4554E+00  final t = 0.922779E+02
 AMRCLAW: level  1  CFL = .450E+00  dt = 0.4555E+00  final t = 0.927334E+02
 AMRCLAW: level  1  CFL = .450E+00  dt = 0.4557E+00  final t = 0.931891E+02
 AMRCLAW: level  1  CFL = .450E+00  dt = 0.4559E+00  final t = 0.936450E+02
 AMRCLAW: level  1  CFL = .450E+00  dt = 0.4561E+00  final t = 0.941011E+02
 AMRCLAW: level  1  CFL = .450E+00  dt = 0.4564E+00  final t = 0.945575E+02
 AMRCLAW: level  1  CFL = .450E+00  dt = 0.4561E+00  final t = 0.950136E+02
 AMRCLAW: level  1  CFL = .450E+00  dt = 0.4557E+00  final t = 0.954693E+02
 AMRCLAW: level  1  CFL = .450E+00  dt = 0.4553E+00  final t = 0.959246E+02
 AMRCLAW: level  1  CFL = .450E+00  dt = 0.4552E+00  final t = 0.963798E+02
 AMRCLAW: level  1  CFL = .450E+00  dt = 0.4551E+00  final t = 0.968349E+02
 AMRCLAW: level  1  CFL = .450E+00  dt = 0.4554E+00  final t = 0.972903E+02
 AMRCLAW: level  1  CFL = .449E+00  dt = 0.4559E+00  final t = 0.977461E+02
 AMRCLAW: level  1  CFL = .449E+00  dt = 0.4568E+00  final t = 0.982029E+02
 AMRCLAW: level  1  CFL = .449E+00  dt = 0.4580E+00  final t = 0.986609E+02
 AMRCLAW: level  1  CFL = .449E+00  dt = 0.4593E+00  final t = 0.991202E+02
 AMRCLAW: level  1  CFL = .449E+00  dt = 0.4608E+00  final t = 0.995810E+02
 AMRCLAW: level  1  CFL = .449E+00  dt = 0.4622E+00  final t = 0.100043E+03
 AMRCLAW: level  1  CFL = .449E+00  dt = 0.4634E+00  final t = 0.100507E+03
 AMRCLAW: level  1  CFL = .449E+00  dt = 0.4646E+00  final t = 0.100971E+03
 AMRCLAW: level  1  CFL = .449E+00  dt = 0.4657E+00  final t = 0.101437E+03
 AMRCLAW: level  1  CFL = .449E+00  dt = 0.4667E+00  final t = 0.101903E+03
 AMRCLAW: level  1  CFL = .449E+00  dt = 0.4675E+00  final t = 0.102371E+03
 AMRCLAW: level  1  CFL = .450E+00  dt = 0.4684E+00  final t = 0.102839E+03
 AMRCLAW: level  1  CFL = .451E+00  dt = 0.4684E+00  final t = 0.103308E+03
 AMRCLAW: level  1  CFL = .451E+00  dt = 0.4678E+00  final t = 0.103776E+03
 AMRCLAW: level  1  CFL = .450E+00  dt = 0.4673E+00  final t = 0.104243E+03
 AMRCLAW: level  1  CFL = .451E+00  dt = 0.4677E+00  final t = 0.104711E+03
 AMRCLAW: level  1  CFL = .450E+00  dt = 0.4668E+00  final t = 0.105177E+03
 AMRCLAW: level  1  CFL = .451E+00  dt = 0.4669E+00  final t = 0.105644E+03
 AMRCLAW: level  1  CFL = .450E+00  dt = 0.4658E+00  final t = 0.106110E+03
 AMRCLAW: level  1  CFL = .450E+00  dt = 0.4658E+00  final t = 0.106576E+03
 AMRCLAW: level  1  CFL = .450E+00  dt = 0.4655E+00  final t = 0.107041E+03
 AMRCLAW: level  1  CFL = .450E+00  dt = 0.4651E+00  final t = 0.107507E+03
 AMRCLAW: level  1  CFL = .450E+00  dt = 0.4647E+00  final t = 0.107971E+03
 AMRCLAW: level  1  CFL = .450E+00  dt = 0.4642E+00  final t = 0.108435E+03
 AMRCLAW: level  1  CFL = .450E+00  dt = 0.4637E+00  final t = 0.108899E+03
 AMRCLAW: level  1  CFL = .450E+00  dt = 0.4633E+00  final t = 0.109362E+03
 AMRCLAW: level  1  CFL = .450E+00  dt = 0.4629E+00  final t = 0.109825E+03
 AMRCLAW: level  1  CFL = .450E+00  dt = 0.4626E+00  final t = 0.110288E+03
 AMRCLAW: level  1  CFL = .450E+00  dt = 0.4623E+00  final t = 0.110750E+03
 AMRCLAW: level  1  CFL = .450E+00  dt = 0.4621E+00  final t = 0.111212E+03
 AMRCLAW: level  1  CFL = .450E+00  dt = 0.4620E+00  final t = 0.111674E+03
 AMRCLAW: level  1  CFL = .450E+00  dt = 0.4619E+00  final t = 0.112136E+03
 AMRCLAW: level  1  CFL = .450E+00  dt = 0.4619E+00  final t = 0.112598E+03
 AMRCLAW: level  1  CFL = .450E+00  dt = 0.4619E+00  final t = 0.113060E+03
 AMRCLAW: level  1  CFL = .450E+00  dt = 0.4620E+00  final t = 0.113522E+03
 AMRCLAW: level  1  CFL = .450E+00  dt = 0.4620E+00  final t = 0.113984E+03
 AMRCLAW: level  1  CFL = .450E+00  dt = 0.4622E+00  final t = 0.114446E+03
 AMRCLAW: level  1  CFL = .450E+00  dt = 0.4624E+00  final t = 0.114909E+03
 AMRCLAW: level  1  CFL = .450E+00  dt = 0.4626E+00  final t = 0.115371E+03
 AMRCLAW: level  1  CFL = .450E+00  dt = 0.4630E+00  final t = 0.115834E+03
 AMRCLAW: level  1  CFL = .449E+00  dt = 0.4635E+00  final t = 0.116298E+03
 AMRCLAW: level  1  CFL = .449E+00  dt = 0.4641E+00  final t = 0.116762E+03
 AMRCLAW: level  1  CFL = .449E+00  dt = 0.4647E+00  final t = 0.117226E+03
 AMRCLAW: level  1  CFL = .449E+00  dt = 0.4652E+00  final t = 0.117692E+03
 AMRCLAW: level  1  CFL = .449E+00  dt = 0.4659E+00  final t = 0.118158E+03
 AMRCLAW: level  1  CFL = .449E+00  dt = 0.4664E+00  final t = 0.118624E+03
 AMRCLAW: level  1  CFL = .449E+00  dt = 0.4670E+00  final t = 0.119091E+03
 AMRCLAW: level  1  CFL = .449E+00  dt = 0.4677E+00  final t = 0.119559E+03
 AMRCLAW: level  1  CFL = .423E+00  dt = 0.4413E+00  final t = 0.120000E+03
GEOCLAW: Frame    4 output files done at time t =  0.120000D+03

 AMRCLAW: level  1  CFL = .449E+00  dt = 0.4694E+00  final t = 0.120469E+03
 AMRCLAW: level  1  CFL = .449E+00  dt = 0.4705E+00  final t = 0.120940E+03
 AMRCLAW: level  1  CFL = .449E+00  dt = 0.4716E+00  final t = 0.121412E+03
 AMRCLAW: level  1  CFL = .449E+00  dt = 0.4727E+00  final t = 0.121884E+03
 AMRCLAW: level  1  CFL = .449E+00  dt = 0.4741E+00  final t = 0.122358E+03
 AMRCLAW: level  1  CFL = .449E+00  dt = 0.4756E+00  final t = 0.122834E+03
 AMRCLAW: level  1  CFL = .449E+00  dt = 0.4768E+00  final t = 0.123311E+03
 AMRCLAW: level  1  CFL = .450E+00  dt = 0.4778E+00  final t = 0.123788E+03
 AMRCLAW: level  1  CFL = .451E+00  dt = 0.4777E+00  final t = 0.124266E+03
 AMRCLAW: level  1  CFL = .451E+00  dt = 0.4769E+00  final t = 0.124743E+03
 AMRCLAW: level  1  CFL = .450E+00  dt = 0.4763E+00  final t = 0.125219E+03
 AMRCLAW: level  1  CFL = .450E+00  dt = 0.4759E+00  final t = 0.125695E+03
 AMRCLAW: level  1  CFL = .450E+00  dt = 0.4761E+00  final t = 0.126171E+03
 AMRCLAW: level  1  CFL = .450E+00  dt = 0.4764E+00  final t = 0.126648E+03
 AMRCLAW: level  1  CFL = .452E+00  dt = 0.4764E+00  final t = 0.127124E+03
 AMRCLAW: level  1  CFL = .456E+00  dt = 0.4744E+00  final t = 0.127599E+03
 AMRCLAW: level  1  CFL = .456E+00  dt = 0.4682E+00  final t = 0.128067E+03
 AMRCLAW: level  1  CFL = .456E+00  dt = 0.4616E+00  final t = 0.128528E+03
 AMRCLAW: level  1  CFL = .452E+00  dt = 0.4555E+00  final t = 0.128984E+03
 AMRCLAW: level  1  CFL = .451E+00  dt = 0.4539E+00  final t = 0.129438E+03
 AMRCLAW: level  1  CFL = .450E+00  dt = 0.4534E+00  final t = 0.129891E+03
 AMRCLAW: level  1  CFL = .450E+00  dt = 0.4532E+00  final t = 0.130344E+03
 AMRCLAW: level  1  CFL = .449E+00  dt = 0.4532E+00  final t = 0.130798E+03
 AMRCLAW: level  1  CFL = .449E+00  dt = 0.4540E+00  final t = 0.131251E+03
 AMRCLAW: level  1  CFL = .449E+00  dt = 0.4549E+00  final t = 0.131706E+03
 AMRCLAW: level  1  CFL = .449E+00  dt = 0.4557E+00  final t = 0.132162E+03
 AMRCLAW: level  1  CFL = .450E+00  dt = 0.4564E+00  final t = 0.132618E+03
 AMRCLAW: level  1  CFL = .454E+00  dt = 0.4561E+00  final t = 0.133075E+03
 AMRCLAW: level  1  CFL = .454E+00  dt = 0.4519E+00  final t = 0.133526E+03
 AMRCLAW: level  1  CFL = .454E+00  dt = 0.4476E+00  final t = 0.133974E+03
 AMRCLAW: level  1  CFL = .453E+00  dt = 0.4441E+00  final t = 0.134418E+03
 AMRCLAW: level  1  CFL = .451E+00  dt = 0.4413E+00  final t = 0.134859E+03
 AMRCLAW: level  1  CFL = .451E+00  dt = 0.4401E+00  final t = 0.135299E+03
 AMRCLAW: level  1  CFL = .451E+00  dt = 0.4393E+00  final t = 0.135739E+03
 AMRCLAW: level  1  CFL = .450E+00  dt = 0.4386E+00  final t = 0.136177E+03
 AMRCLAW: level  1  CFL = .450E+00  dt = 0.4382E+00  final t = 0.136616E+03
 AMRCLAW: level  1  CFL = .450E+00  dt = 0.4380E+00  final t = 0.137054E+03
 AMRCLAW: level  1  CFL = .450E+00  dt = 0.4378E+00  final t = 0.137491E+03
 AMRCLAW: level  1  CFL = .450E+00  dt = 0.4378E+00  final t = 0.137929E+03
 AMRCLAW: level  1  CFL = .450E+00  dt = 0.4378E+00  final t = 0.138367E+03
 AMRCLAW: level  1  CFL = .450E+00  dt = 0.4378E+00  final t = 0.138805E+03
 AMRCLAW: level  1  CFL = .450E+00  dt = 0.4379E+00  final t = 0.139243E+03
 AMRCLAW: level  1  CFL = .450E+00  dt = 0.4380E+00  final t = 0.139681E+03
 AMRCLAW: level  1  CFL = .450E+00  dt = 0.4381E+00  final t = 0.140119E+03
 AMRCLAW: level  1  CFL = .450E+00  dt = 0.4382E+00  final t = 0.140557E+03
 AMRCLAW: level  1  CFL = .450E+00  dt = 0.4383E+00  final t = 0.140995E+03
 AMRCLAW: level  1  CFL = .450E+00  dt = 0.4383E+00  final t = 0.141434E+03
 AMRCLAW: level  1  CFL = .450E+00  dt = 0.4384E+00  final t = 0.141872E+03
 AMRCLAW: level  1  CFL = .450E+00  dt = 0.4384E+00  final t = 0.142310E+03
 AMRCLAW: level  1  CFL = .450E+00  dt = 0.4384E+00  final t = 0.142749E+03
 AMRCLAW: level  1  CFL = .450E+00  dt = 0.4384E+00  final t = 0.143187E+03
 AMRCLAW: level  1  CFL = .450E+00  dt = 0.4384E+00  final t = 0.143626E+03
 AMRCLAW: level  1  CFL = .450E+00  dt = 0.4384E+00  final t = 0.144064E+03
 AMRCLAW: level  1  CFL = .450E+00  dt = 0.4384E+00  final t = 0.144502E+03
 AMRCLAW: level  1  CFL = .450E+00  dt = 0.4384E+00  final t = 0.144941E+03
 AMRCLAW: level  1  CFL = .450E+00  dt = 0.4384E+00  final t = 0.145379E+03
 AMRCLAW: level  1  CFL = .450E+00  dt = 0.4384E+00  final t = 0.145818E+03
 AMRCLAW: level  1  CFL = .450E+00  dt = 0.4385E+00  final t = 0.146256E+03
 AMRCLAW: level  1  CFL = .450E+00  dt = 0.4385E+00  final t = 0.146695E+03
 AMRCLAW: level  1  CFL = .450E+00  dt = 0.4386E+00  final t = 0.147133E+03
 AMRCLAW: level  1  CFL = .450E+00  dt = 0.4386E+00  final t = 0.147572E+03
 AMRCLAW: level  1  CFL = .450E+00  dt = 0.4386E+00  final t = 0.148010E+03
 AMRCLAW: level  1  CFL = .450E+00  dt = 0.4386E+00  final t = 0.148449E+03
 AMRCLAW: level  1  CFL = .450E+00  dt = 0.4386E+00  final t = 0.148888E+03
 AMRCLAW: level  1  CFL = .450E+00  dt = 0.4386E+00  final t = 0.149326E+03
 AMRCLAW: level  1  CFL = .450E+00  dt = 0.4386E+00  final t = 0.149765E+03
 AMRCLAW: level  1  CFL = .241E+00  dt = 0.2352E+00  final t = 0.150000E+03
GEOCLAW: Frame    5 output files done at time t =  0.150000D+03

 AMRCLAW: level  1  CFL = .450E+00  dt = 0.4387E+00  final t = 0.150439E+03
 AMRCLAW: level  1  CFL = .450E+00  dt = 0.4388E+00  final t = 0.150878E+03
 AMRCLAW: level  1  CFL = .450E+00  dt = 0.4389E+00  final t = 0.151316E+03
 AMRCLAW: level  1  CFL = .450E+00  dt = 0.4389E+00  final t = 0.151755E+03
 AMRCLAW: level  1  CFL = .450E+00  dt = 0.4390E+00  final t = 0.152194E+03
 AMRCLAW: level  1  CFL = .450E+00  dt = 0.4391E+00  final t = 0.152633E+03
 AMRCLAW: level  1  CFL = .450E+00  dt = 0.4392E+00  final t = 0.153073E+03
 AMRCLAW: level  1  CFL = .450E+00  dt = 0.4393E+00  final t = 0.153512E+03
 AMRCLAW: level  1  CFL = .450E+00  dt = 0.4394E+00  final t = 0.153951E+03
 AMRCLAW: level  1  CFL = .450E+00  dt = 0.4396E+00  final t = 0.154391E+03
 AMRCLAW: level  1  CFL = .450E+00  dt = 0.4397E+00  final t = 0.154831E+03
 AMRCLAW: level  1  CFL = .450E+00  dt = 0.4399E+00  final t = 0.155271E+03
 AMRCLAW: level  1  CFL = .450E+00  dt = 0.4400E+00  final t = 0.155711E+03
 AMRCLAW: level  1  CFL = .450E+00  dt = 0.4402E+00  final t = 0.156151E+03
 AMRCLAW: level  1  CFL = .450E+00  dt = 0.4404E+00  final t = 0.156591E+03
 AMRCLAW: level  1  CFL = .450E+00  dt = 0.4405E+00  final t = 0.157032E+03
 AMRCLAW: level  1  CFL = .450E+00  dt = 0.4407E+00  final t = 0.157472E+03
 AMRCLAW: level  1  CFL = .450E+00  dt = 0.4410E+00  final t = 0.157913E+03
 AMRCLAW: level  1  CFL = .450E+00  dt = 0.4411E+00  final t = 0.158355E+03
 AMRCLAW: level  1  CFL = .450E+00  dt = 0.4412E+00  final t = 0.158796E+03
 AMRCLAW: level  1  CFL = .450E+00  dt = 0.4412E+00  final t = 0.159237E+03
 AMRCLAW: level  1  CFL = .450E+00  dt = 0.4412E+00  final t = 0.159678E+03
 AMRCLAW: level  1  CFL = .450E+00  dt = 0.4412E+00  final t = 0.160119E+03
 AMRCLAW: level  1  CFL = .450E+00  dt = 0.4413E+00  final t = 0.160561E+03
 AMRCLAW: level  1  CFL = .450E+00  dt = 0.4414E+00  final t = 0.161002E+03
 AMRCLAW: level  1  CFL = .450E+00  dt = 0.4414E+00  final t = 0.161443E+03
 AMRCLAW: level  1  CFL = .450E+00  dt = 0.4417E+00  final t = 0.161885E+03
 AMRCLAW: level  1  CFL = .450E+00  dt = 0.4419E+00  final t = 0.162327E+03
 AMRCLAW: level  1  CFL = .450E+00  dt = 0.4419E+00  final t = 0.162769E+03
 AMRCLAW: level  1  CFL = .450E+00  dt = 0.4420E+00  final t = 0.163211E+03
 AMRCLAW: level  1  CFL = .450E+00  dt = 0.4422E+00  final t = 0.163653E+03
 AMRCLAW: level  1  CFL = .450E+00  dt = 0.4425E+00  final t = 0.164096E+03
 AMRCLAW: level  1  CFL = .450E+00  dt = 0.4429E+00  final t = 0.164539E+03
 AMRCLAW: level  1  CFL = .450E+00  dt = 0.4433E+00  final t = 0.164982E+03
 AMRCLAW: level  1  CFL = .450E+00  dt = 0.4436E+00  final t = 0.165425E+03
 AMRCLAW: level  1  CFL = .450E+00  dt = 0.4440E+00  final t = 0.165869E+03
 AMRCLAW: level  1  CFL = .450E+00  dt = 0.4443E+00  final t = 0.166314E+03
 AMRCLAW: level  1  CFL = .450E+00  dt = 0.4447E+00  final t = 0.166758E+03
 AMRCLAW: level  1  CFL = .450E+00  dt = 0.4450E+00  final t = 0.167203E+03
 AMRCLAW: level  1  CFL = .450E+00  dt = 0.4454E+00  final t = 0.167649E+03
 AMRCLAW: level  1  CFL = .450E+00  dt = 0.4457E+00  final t = 0.168094E+03
 AMRCLAW: level  1  CFL = .450E+00  dt = 0.4461E+00  final t = 0.168540E+03
 AMRCLAW: level  1  CFL = .450E+00  dt = 0.4464E+00  final t = 0.168987E+03
 AMRCLAW: level  1  CFL = .450E+00  dt = 0.4469E+00  final t = 0.169434E+03
 AMRCLAW: level  1  CFL = .450E+00  dt = 0.4474E+00  final t = 0.169881E+03
 AMRCLAW: level  1  CFL = .450E+00  dt = 0.4478E+00  final t = 0.170329E+03
 AMRCLAW: level  1  CFL = .450E+00  dt = 0.4483E+00  final t = 0.170777E+03
 AMRCLAW: level  1  CFL = .450E+00  dt = 0.4487E+00  final t = 0.171226E+03
 AMRCLAW: level  1  CFL = .450E+00  dt = 0.4491E+00  final t = 0.171675E+03
 AMRCLAW: level  1  CFL = .450E+00  dt = 0.4495E+00  final t = 0.172125E+03
 AMRCLAW: level  1  CFL = .450E+00  dt = 0.4499E+00  final t = 0.172575E+03
 AMRCLAW: level  1  CFL = .451E+00  dt = 0.4498E+00  final t = 0.173024E+03
 AMRCLAW: level  1  CFL = .450E+00  dt = 0.4486E+00  final t = 0.173473E+03
 AMRCLAW: level  1  CFL = .450E+00  dt = 0.4490E+00  final t = 0.173922E+03
 AMRCLAW: level  1  CFL = .450E+00  dt = 0.4493E+00  final t = 0.174371E+03
 AMRCLAW: level  1  CFL = .450E+00  dt = 0.4496E+00  final t = 0.174821E+03
 AMRCLAW: level  1  CFL = .449E+00  dt = 0.4500E+00  final t = 0.175271E+03
 AMRCLAW: level  1  CFL = .449E+00  dt = 0.4505E+00  final t = 0.175721E+03
 AMRCLAW: level  1  CFL = .449E+00  dt = 0.4511E+00  final t = 0.176172E+03
 AMRCLAW: level  1  CFL = .449E+00  dt = 0.4519E+00  final t = 0.176624E+03
 AMRCLAW: level  1  CFL = .449E+00  dt = 0.4527E+00  final t = 0.177077E+03
 AMRCLAW: level  1  CFL = .449E+00  dt = 0.4536E+00  final t = 0.177531E+03
 AMRCLAW: level  1  CFL = .449E+00  dt = 0.4545E+00  final t = 0.177985E+03
 AMRCLAW: level  1  CFL = .449E+00  dt = 0.4555E+00  final t = 0.178441E+03
 AMRCLAW: level  1  CFL = .449E+00  dt = 0.4565E+00  final t = 0.178897E+03
 AMRCLAW: level  1  CFL = .449E+00  dt = 0.4574E+00  final t = 0.179354E+03
 AMRCLAW: level  1  CFL = .449E+00  dt = 0.4582E+00  final t = 0.179813E+03
 AMRCLAW: level  1  CFL = .183E+00  dt = 0.1873E+00  final t = 0.180000E+03
GEOCLAW: Frame    6 output files done at time t =  0.180000D+03

 AMRCLAW: level  1  CFL = .449E+00  dt = 0.4604E+00  final t = 0.180460E+03
 AMRCLAW: level  1  CFL = .449E+00  dt = 0.4609E+00  final t = 0.180921E+03
 AMRCLAW: level  1  CFL = .449E+00  dt = 0.4620E+00  final t = 0.181383E+03
 AMRCLAW: level  1  CFL = .449E+00  dt = 0.4630E+00  final t = 0.181846E+03
 AMRCLAW: level  1  CFL = .450E+00  dt = 0.4636E+00  final t = 0.182310E+03
 AMRCLAW: level  1  CFL = .450E+00  dt = 0.4641E+00  final t = 0.182774E+03
 AMRCLAW: level  1  CFL = .449E+00  dt = 0.4646E+00  final t = 0.183239E+03
 AMRCLAW: level  1  CFL = .449E+00  dt = 0.4652E+00  final t = 0.183704E+03
 AMRCLAW: level  1  CFL = .449E+00  dt = 0.4657E+00  final t = 0.184170E+03
 AMRCLAW: level  1  CFL = .449E+00  dt = 0.4664E+00  final t = 0.184636E+03
 AMRCLAW: level  1  CFL = .449E+00  dt = 0.4670E+00  final t = 0.185103E+03
 AMRCLAW: level  1  CFL = .449E+00  dt = 0.4678E+00  final t = 0.185571E+03
 AMRCLAW: level  1  CFL = .449E+00  dt = 0.4686E+00  final t = 0.186039E+03
 AMRCLAW: level  1  CFL = .449E+00  dt = 0.4695E+00  final t = 0.186509E+03
 AMRCLAW: level  1  CFL = .449E+00  dt = 0.4705E+00  final t = 0.186979E+03
 AMRCLAW: level  1  CFL = .449E+00  dt = 0.4712E+00  final t = 0.187451E+03
 AMRCLAW: level  1  CFL = .449E+00  dt = 0.4718E+00  final t = 0.187922E+03
 AMRCLAW: level  1  CFL = .449E+00  dt = 0.4726E+00  final t = 0.188395E+03
 AMRCLAW: level  1  CFL = .449E+00  dt = 0.4734E+00  final t = 0.188868E+03
 AMRCLAW: level  1  CFL = .449E+00  dt = 0.4744E+00  final t = 0.189343E+03
 AMRCLAW: level  1  CFL = .449E+00  dt = 0.4754E+00  final t = 0.189818E+03
 AMRCLAW: level  1  CFL = .449E+00  dt = 0.4765E+00  final t = 0.190295E+03
 AMRCLAW: level  1  CFL = .449E+00  dt = 0.4776E+00  final t = 0.190772E+03
 AMRCLAW: level  1  CFL = .449E+00  dt = 0.4789E+00  final t = 0.191251E+03
 AMRCLAW: level  1  CFL = .449E+00  dt = 0.4801E+00  final t = 0.191731E+03
 AMRCLAW: level  1  CFL = .449E+00  dt = 0.4815E+00  final t = 0.192213E+03
 AMRCLAW: level  1  CFL = .449E+00  dt = 0.4829E+00  final t = 0.192696E+03
 AMRCLAW: level  1  CFL = .449E+00  dt = 0.4844E+00  final t = 0.193180E+03
 AMRCLAW: level  1  CFL = .449E+00  dt = 0.4856E+00  final t = 0.193666E+03
 AMRCLAW: level  1  CFL = .449E+00  dt = 0.4863E+00  final t = 0.194152E+03
 AMRCLAW: level  1  CFL = .450E+00  dt = 0.4871E+00  final t = 0.194639E+03
 AMRCLAW: level  1  CFL = .453E+00  dt = 0.4866E+00  final t = 0.195126E+03
 AMRCLAW: level  1  CFL = .453E+00  dt = 0.4832E+00  final t = 0.195609E+03
 AMRCLAW: level  1  CFL = .452E+00  dt = 0.4803E+00  final t = 0.196089E+03
 AMRCLAW: level  1  CFL = .452E+00  dt = 0.4779E+00  final t = 0.196567E+03
 AMRCLAW: level  1  CFL = .451E+00  dt = 0.4760E+00  final t = 0.197043E+03
 AMRCLAW: level  1  CFL = .451E+00  dt = 0.4746E+00  final t = 0.197517E+03
 AMRCLAW: level  1  CFL = .451E+00  dt = 0.4735E+00  final t = 0.197991E+03
 AMRCLAW: level  1  CFL = .450E+00  dt = 0.4728E+00  final t = 0.198464E+03
 AMRCLAW: level  1  CFL = .450E+00  dt = 0.4723E+00  final t = 0.198936E+03
 AMRCLAW: level  1  CFL = .451E+00  dt = 0.4721E+00  final t = 0.199408E+03
 AMRCLAW: level  1  CFL = .450E+00  dt = 0.4714E+00  final t = 0.199880E+03
 AMRCLAW: level  1  CFL = .450E+00  dt = 0.4711E+00  final t = 0.200351E+03
 AMRCLAW: level  1  CFL = .452E+00  dt = 0.4709E+00  final t = 0.200822E+03
 AMRCLAW: level  1  CFL = .452E+00  dt = 0.4685E+00  final t = 0.201290E+03
 AMRCLAW: level  1  CFL = .452E+00  dt = 0.4661E+00  final t = 0.201756E+03
 AMRCLAW: level  1  CFL = .452E+00  dt = 0.4640E+00  final t = 0.202220E+03
 AMRCLAW: level  1  CFL = .452E+00  dt = 0.4621E+00  final t = 0.202682E+03
 AMRCLAW: level  1  CFL = .451E+00  dt = 0.4605E+00  final t = 0.203143E+03
 AMRCLAW: level  1  CFL = .451E+00  dt = 0.4590E+00  final t = 0.203602E+03
 AMRCLAW: level  1  CFL = .451E+00  dt = 0.4577E+00  final t = 0.204059E+03
 AMRCLAW: level  1  CFL = .451E+00  dt = 0.4566E+00  final t = 0.204516E+03
 AMRCLAW: level  1  CFL = .451E+00  dt = 0.4557E+00  final t = 0.204972E+03
 AMRCLAW: level  1  CFL = .451E+00  dt = 0.4549E+00  final t = 0.205427E+03
 AMRCLAW: level  1  CFL = .450E+00  dt = 0.4543E+00  final t = 0.205881E+03
 AMRCLAW: level  1  CFL = .450E+00  dt = 0.4538E+00  final t = 0.206335E+03
 AMRCLAW: level  1  CFL = .450E+00  dt = 0.4534E+00  final t = 0.206788E+03
 AMRCLAW: level  1  CFL = .450E+00  dt = 0.4531E+00  final t = 0.207241E+03
 AMRCLAW: level  1  CFL = .450E+00  dt = 0.4529E+00  final t = 0.207694E+03
 AMRCLAW: level  1  CFL = .450E+00  dt = 0.4527E+00  final t = 0.208147E+03
 AMRCLAW: level  1  CFL = .450E+00  dt = 0.4526E+00  final t = 0.208599E+03
 AMRCLAW: level  1  CFL = .450E+00  dt = 0.4525E+00  final t = 0.209052E+03
 AMRCLAW: level  1  CFL = .450E+00  dt = 0.4525E+00  final t = 0.209504E+03
 AMRCLAW: level  1  CFL = .450E+00  dt = 0.4525E+00  final t = 0.209957E+03
 AMRCLAW: level  1  CFL = .428E-01  dt = 0.4307E-01  final t = 0.210000E+03
GEOCLAW: Frame    7 output files done at time t =  0.210000D+03

 AMRCLAW: level  1  CFL = .450E+00  dt = 0.4527E+00  final t = 0.210453E+03
 AMRCLAW: level  1  CFL = .450E+00  dt = 0.4527E+00  final t = 0.210905E+03
 AMRCLAW: level  1  CFL = .450E+00  dt = 0.4528E+00  final t = 0.211358E+03
 AMRCLAW: level  1  CFL = .450E+00  dt = 0.4530E+00  final t = 0.211811E+03
 AMRCLAW: level  1  CFL = .450E+00  dt = 0.4532E+00  final t = 0.212264E+03
 AMRCLAW: level  1  CFL = .450E+00  dt = 0.4533E+00  final t = 0.212718E+03
 AMRCLAW: level  1  CFL = .450E+00  dt = 0.4535E+00  final t = 0.213171E+03
 AMRCLAW: level  1  CFL = .450E+00  dt = 0.4537E+00  final t = 0.213625E+03
 AMRCLAW: level  1  CFL = .450E+00  dt = 0.4539E+00  final t = 0.214079E+03
 AMRCLAW: level  1  CFL = .450E+00  dt = 0.4541E+00  final t = 0.214533E+03
 AMRCLAW: level  1  CFL = .450E+00  dt = 0.4543E+00  final t = 0.214987E+03
 AMRCLAW: level  1  CFL = .450E+00  dt = 0.4545E+00  final t = 0.215442E+03
 AMRCLAW: level  1  CFL = .450E+00  dt = 0.4547E+00  final t = 0.215897E+03
 AMRCLAW: level  1  CFL = .450E+00  dt = 0.4550E+00  final t = 0.216352E+03
 AMRCLAW: level  1  CFL = .450E+00  dt = 0.4552E+00  final t = 0.216807E+03
 AMRCLAW: level  1  CFL = .450E+00  dt = 0.4554E+00  final t = 0.217262E+03
 AMRCLAW: level  1  CFL = .450E+00  dt = 0.4556E+00  final t = 0.217718E+03
 AMRCLAW: level  1  CFL = .450E+00  dt = 0.4559E+00  final t = 0.218174E+03
 AMRCLAW: level  1  CFL = .450E+00  dt = 0.4561E+00  final t = 0.218630E+03
 AMRCLAW: level  1  CFL = .450E+00  dt = 0.4564E+00  final t = 0.219086E+03
 AMRCLAW: level  1  CFL = .450E+00  dt = 0.4566E+00  final t = 0.219543E+03
 AMRCLAW: level  1  CFL = .450E+00  dt = 0.4569E+00  final t = 0.220000E+03
 AMRCLAW: level  1  CFL = .450E+00  dt = 0.4572E+00  final t = 0.220457E+03
 AMRCLAW: level  1  CFL = .451E+00  dt = 0.4575E+00  final t = 0.220914E+03
 AMRCLAW: level  1  CFL = .452E+00  dt = 0.4569E+00  final t = 0.221371E+03
 AMRCLAW: level  1  CFL = .452E+00  dt = 0.4545E+00  final t = 0.221826E+03
 AMRCLAW: level  1  CFL = .452E+00  dt = 0.4525E+00  final t = 0.222278E+03
 AMRCLAW: level  1  CFL = .452E+00  dt = 0.4506E+00  final t = 0.222729E+03
 AMRCLAW: level  1  CFL = .451E+00  dt = 0.4491E+00  final t = 0.223178E+03
 AMRCLAW: level  1  CFL = .451E+00  dt = 0.4478E+00  final t = 0.223626E+03
 AMRCLAW: level  1  CFL = .451E+00  dt = 0.4468E+00  final t = 0.224073E+03
 AMRCLAW: level  1  CFL = .450E+00  dt = 0.4461E+00  final t = 0.224519E+03
 AMRCLAW: level  1  CFL = .450E+00  dt = 0.4457E+00  final t = 0.224964E+03
 AMRCLAW: level  1  CFL = .450E+00  dt = 0.4455E+00  final t = 0.225410E+03
 AMRCLAW: level  1  CFL = .450E+00  dt = 0.4454E+00  final t = 0.225855E+03
 AMRCLAW: level  1  CFL = .450E+00  dt = 0.4455E+00  final t = 0.226301E+03
 AMRCLAW: level  1  CFL = .450E+00  dt = 0.4456E+00  final t = 0.226746E+03
 AMRCLAW: level  1  CFL = .450E+00  dt = 0.4457E+00  final t = 0.227192E+03
 AMRCLAW: level  1  CFL = .450E+00  dt = 0.4460E+00  final t = 0.227638E+03
 AMRCLAW: level  1  CFL = .450E+00  dt = 0.4463E+00  final t = 0.228084E+03
 AMRCLAW: level  1  CFL = .450E+00  dt = 0.4464E+00  final t = 0.228531E+03
 AMRCLAW: level  1  CFL = .449E+00  dt = 0.4467E+00  final t = 0.228977E+03
 AMRCLAW: level  1  CFL = .449E+00  dt = 0.4472E+00  final t = 0.229425E+03
 AMRCLAW: level  1  CFL = .449E+00  dt = 0.4479E+00  final t = 0.229873E+03
 AMRCLAW: level  1  CFL = .450E+00  dt = 0.4486E+00  final t = 0.230321E+03
 AMRCLAW: level  1  CFL = .450E+00  dt = 0.4491E+00  final t = 0.230770E+03
 AMRCLAW: level  1  CFL = .452E+00  dt = 0.4496E+00  final t = 0.231220E+03
 AMRCLAW: level  1  CFL = .452E+00  dt = 0.4472E+00  final t = 0.231667E+03
 AMRCLAW: level  1  CFL = .452E+00  dt = 0.4448E+00  final t = 0.232112E+03
 AMRCLAW: level  1  CFL = .451E+00  dt = 0.4433E+00  final t = 0.232555E+03
 AMRCLAW: level  1  CFL = .451E+00  dt = 0.4420E+00  final t = 0.232997E+03
 AMRCLAW: level  1  CFL = .451E+00  dt = 0.4409E+00  final t = 0.233438E+03
 AMRCLAW: level  1  CFL = .451E+00  dt = 0.4396E+00  final t = 0.233878E+03
 AMRCLAW: level  1  CFL = .451E+00  dt = 0.4384E+00  final t = 0.234316E+03
 AMRCLAW: level  1  CFL = .451E+00  dt = 0.4374E+00  final t = 0.234753E+03
 AMRCLAW: level  1  CFL = .451E+00  dt = 0.4364E+00  final t = 0.235190E+03
 AMRCLAW: level  1  CFL = .451E+00  dt = 0.4356E+00  final t = 0.235625E+03
 AMRCLAW: level  1  CFL = .451E+00  dt = 0.4349E+00  final t = 0.236060E+03
 AMRCLAW: level  1  CFL = .451E+00  dt = 0.4342E+00  final t = 0.236494E+03
 AMRCLAW: level  1  CFL = .450E+00  dt = 0.4337E+00  final t = 0.236928E+03
 AMRCLAW: level  1  CFL = .450E+00  dt = 0.4332E+00  final t = 0.237361E+03
 AMRCLAW: level  1  CFL = .450E+00  dt = 0.4328E+00  final t = 0.237794E+03
 AMRCLAW: level  1  CFL = .450E+00  dt = 0.4325E+00  final t = 0.238227E+03
 AMRCLAW: level  1  CFL = .450E+00  dt = 0.4322E+00  final t = 0.238659E+03
 AMRCLAW: level  1  CFL = .450E+00  dt = 0.4318E+00  final t = 0.239091E+03
 AMRCLAW: level  1  CFL = .450E+00  dt = 0.4315E+00  final t = 0.239522E+03
 AMRCLAW: level  1  CFL = .450E+00  dt = 0.4312E+00  final t = 0.239953E+03
 AMRCLAW: level  1  CFL = .487E-01  dt = 0.4659E-01  final t = 0.240000E+03
GEOCLAW: Frame    8 output files done at time t =  0.240000D+03

 AMRCLAW: level  1  CFL = .450E+00  dt = 0.4307E+00  final t = 0.240431E+03
 AMRCLAW: level  1  CFL = .450E+00  dt = 0.4307E+00  final t = 0.240861E+03
 AMRCLAW: level  1  CFL = .450E+00  dt = 0.4306E+00  final t = 0.241292E+03
 AMRCLAW: level  1  CFL = .450E+00  dt = 0.4305E+00  final t = 0.241722E+03
 AMRCLAW: level  1  CFL = .450E+00  dt = 0.4303E+00  final t = 0.242153E+03
 AMRCLAW: level  1  CFL = .450E+00  dt = 0.4303E+00  final t = 0.242583E+03
 AMRCLAW: level  1  CFL = .450E+00  dt = 0.4302E+00  final t = 0.243013E+03
 AMRCLAW: level  1  CFL = .450E+00  dt = 0.4302E+00  final t = 0.243443E+03
 AMRCLAW: level  1  CFL = .450E+00  dt = 0.4302E+00  final t = 0.243874E+03
 AMRCLAW: level  1  CFL = .450E+00  dt = 0.4303E+00  final t = 0.244304E+03
 AMRCLAW: level  1  CFL = .450E+00  dt = 0.4305E+00  final t = 0.244734E+03
 AMRCLAW: level  1  CFL = .450E+00  dt = 0.4309E+00  final t = 0.245165E+03
 AMRCLAW: level  1  CFL = .450E+00  dt = 0.4313E+00  final t = 0.245597E+03
 AMRCLAW: level  1  CFL = .450E+00  dt = 0.4317E+00  final t = 0.246028E+03
 AMRCLAW: level  1  CFL = .449E+00  dt = 0.4322E+00  final t = 0.246461E+03
 AMRCLAW: level  1  CFL = .449E+00  dt = 0.4327E+00  final t = 0.246893E+03
 AMRCLAW: level  1  CFL = .449E+00  dt = 0.4333E+00  final t = 0.247327E+03
 AMRCLAW: level  1  CFL = .449E+00  dt = 0.4337E+00  final t = 0.247760E+03
 AMRCLAW: level  1  CFL = .449E+00  dt = 0.4344E+00  final t = 0.248195E+03
 AMRCLAW: level  1  CFL = .449E+00  dt = 0.4349E+00  final t = 0.248630E+03
 AMRCLAW: level  1  CFL = .449E+00  dt = 0.4355E+00  final t = 0.249065E+03
 AMRCLAW: level  1  CFL = .449E+00  dt = 0.4361E+00  final t = 0.249501E+03
 AMRCLAW: level  1  CFL = .449E+00  dt = 0.4366E+00  final t = 0.249938E+03
 AMRCLAW: level  1  CFL = .449E+00  dt = 0.4372E+00  final t = 0.250375E+03
 AMRCLAW: level  1  CFL = .449E+00  dt = 0.4378E+00  final t = 0.250813E+03
 AMRCLAW: level  1  CFL = .449E+00  dt = 0.4383E+00  final t = 0.251251E+03
 AMRCLAW: level  1  CFL = .449E+00  dt = 0.4389E+00  final t = 0.251690E+03
 AMRCLAW: level  1  CFL = .450E+00  dt = 0.4395E+00  final t = 0.252129E+03
 AMRCLAW: level  1  CFL = .449E+00  dt = 0.4399E+00  final t = 0.252569E+03
 AMRCLAW: level  1  CFL = .452E+00  dt = 0.4405E+00  final t = 0.253010E+03
 AMRCLAW: level  1  CFL = .453E+00  dt = 0.4387E+00  final t = 0.253448E+03
 AMRCLAW: level  1  CFL = .452E+00  dt = 0.4359E+00  final t = 0.253884E+03
 AMRCLAW: level  1  CFL = .452E+00  dt = 0.4335E+00  final t = 0.254318E+03
 AMRCLAW: level  1  CFL = .452E+00  dt = 0.4315E+00  final t = 0.254749E+03
 AMRCLAW: level  1  CFL = .451E+00  dt = 0.4296E+00  final t = 0.255179E+03
 AMRCLAW: level  1  CFL = .451E+00  dt = 0.4282E+00  final t = 0.255607E+03
 AMRCLAW: level  1  CFL = .451E+00  dt = 0.4272E+00  final t = 0.256034E+03
 AMRCLAW: level  1  CFL = .451E+00  dt = 0.4263E+00  final t = 0.256461E+03
 AMRCLAW: level  1  CFL = .451E+00  dt = 0.4255E+00  final t = 0.256886E+03
 AMRCLAW: level  1  CFL = .451E+00  dt = 0.4248E+00  final t = 0.257311E+03
 AMRCLAW: level  1  CFL = .451E+00  dt = 0.4241E+00  final t = 0.257735E+03
 AMRCLAW: level  1  CFL = .451E+00  dt = 0.4235E+00  final t = 0.258159E+03
 AMRCLAW: level  1  CFL = .451E+00  dt = 0.4229E+00  final t = 0.258582E+03
 AMRCLAW: level  1  CFL = .451E+00  dt = 0.4224E+00  final t = 0.259004E+03
 AMRCLAW: level  1  CFL = .451E+00  dt = 0.4218E+00  final t = 0.259426E+03
 AMRCLAW: level  1  CFL = .450E+00  dt = 0.4214E+00  final t = 0.259847E+03
 AMRCLAW: level  1  CFL = .450E+00  dt = 0.4209E+00  final t = 0.260268E+03
 AMRCLAW: level  1  CFL = .450E+00  dt = 0.4205E+00  final t = 0.260688E+03
 AMRCLAW: level  1  CFL = .450E+00  dt = 0.4201E+00  final t = 0.261109E+03
 AMRCLAW: level  1  CFL = .450E+00  dt = 0.4197E+00  final t = 0.261528E+03
 AMRCLAW: level  1  CFL = .450E+00  dt = 0.4194E+00  final t = 0.261948E+03
 AMRCLAW: level  1  CFL = .450E+00  dt = 0.4192E+00  final t = 0.262367E+03
 AMRCLAW: level  1  CFL = .450E+00  dt = 0.4189E+00  final t = 0.262786E+03
 AMRCLAW: level  1  CFL = .450E+00  dt = 0.4187E+00  final t = 0.263204E+03
 AMRCLAW: level  1  CFL = .450E+00  dt = 0.4185E+00  final t = 0.263623E+03
 AMRCLAW: level  1  CFL = .450E+00  dt = 0.4184E+00  final t = 0.264041E+03
 AMRCLAW: level  1  CFL = .450E+00  dt = 0.4183E+00  final t = 0.264460E+03
 AMRCLAW: level  1  CFL = .450E+00  dt = 0.4181E+00  final t = 0.264878E+03
 AMRCLAW: level  1  CFL = .450E+00  dt = 0.4181E+00  final t = 0.265296E+03
 AMRCLAW: level  1  CFL = .450E+00  dt = 0.4180E+00  final t = 0.265714E+03
 AMRCLAW: level  1  CFL = .450E+00  dt = 0.4179E+00  final t = 0.266132E+03
 AMRCLAW: level  1  CFL = .450E+00  dt = 0.4179E+00  final t = 0.266550E+03
 AMRCLAW: level  1  CFL = .450E+00  dt = 0.4178E+00  final t = 0.266967E+03
 AMRCLAW: level  1  CFL = .450E+00  dt = 0.4178E+00  final t = 0.267385E+03
 AMRCLAW: level  1  CFL = .450E+00  dt = 0.4178E+00  final t = 0.267803E+03
 AMRCLAW: level  1  CFL = .450E+00  dt = 0.4178E+00  final t = 0.268221E+03
 AMRCLAW: level  1  CFL = .450E+00  dt = 0.4178E+00  final t = 0.268639E+03
 AMRCLAW: level  1  CFL = .450E+00  dt = 0.4178E+00  final t = 0.269057E+03
 AMRCLAW: level  1  CFL = .450E+00  dt = 0.4179E+00  final t = 0.269474E+03
 AMRCLAW: level  1  CFL = .450E+00  dt = 0.4179E+00  final t = 0.269892E+03
 AMRCLAW: level  1  CFL = .116E+00  dt = 0.1076E+00  final t = 0.270000E+03
GEOCLAW: Frame    9 output files done at time t =  0.270000D+03

 AMRCLAW: level  1  CFL = .450E+00  dt = 0.4180E+00  final t = 0.270418E+03
 AMRCLAW: level  1  CFL = .450E+00  dt = 0.4180E+00  final t = 0.270836E+03
 AMRCLAW: level  1  CFL = .450E+00  dt = 0.4180E+00  final t = 0.271254E+03
 AMRCLAW: level  1  CFL = .450E+00  dt = 0.4181E+00  final t = 0.271672E+03
 AMRCLAW: level  1  CFL = .450E+00  dt = 0.4182E+00  final t = 0.272090E+03
 AMRCLAW: level  1  CFL = .450E+00  dt = 0.4183E+00  final t = 0.272509E+03
 AMRCLAW: level  1  CFL = .450E+00  dt = 0.4184E+00  final t = 0.272927E+03
 AMRCLAW: level  1  CFL = .450E+00  dt = 0.4185E+00  final t = 0.273345E+03
 AMRCLAW: level  1  CFL = .450E+00  dt = 0.4186E+00  final t = 0.273764E+03
 AMRCLAW: level  1  CFL = .450E+00  dt = 0.4187E+00  final t = 0.274183E+03
 AMRCLAW: level  1  CFL = .450E+00  dt = 0.4188E+00  final t = 0.274602E+03
 AMRCLAW: level  1  CFL = .450E+00  dt = 0.4189E+00  final t = 0.275020E+03
 AMRCLAW: level  1  CFL = .450E+00  dt = 0.4191E+00  final t = 0.275440E+03
 AMRCLAW: level  1  CFL = .450E+00  dt = 0.4192E+00  final t = 0.275859E+03
 AMRCLAW: level  1  CFL = .450E+00  dt = 0.4194E+00  final t = 0.276278E+03
 AMRCLAW: level  1  CFL = .450E+00  dt = 0.4196E+00  final t = 0.276698E+03
 AMRCLAW: level  1  CFL = .450E+00  dt = 0.4197E+00  final t = 0.277117E+03
 AMRCLAW: level  1  CFL = .450E+00  dt = 0.4199E+00  final t = 0.277537E+03
 AMRCLAW: level  1  CFL = .450E+00  dt = 0.4201E+00  final t = 0.277958E+03
 AMRCLAW: level  1  CFL = .450E+00  dt = 0.4203E+00  final t = 0.278378E+03
 AMRCLAW: level  1  CFL = .450E+00  dt = 0.4205E+00  final t = 0.278798E+03
 AMRCLAW: level  1  CFL = .450E+00  dt = 0.4208E+00  final t = 0.279219E+03
 AMRCLAW: level  1  CFL = .450E+00  dt = 0.4210E+00  final t = 0.279640E+03
 AMRCLAW: level  1  CFL = .450E+00  dt = 0.4213E+00  final t = 0.280061E+03
 AMRCLAW: level  1  CFL = .450E+00  dt = 0.4215E+00  final t = 0.280483E+03
 AMRCLAW: level  1  CFL = .450E+00  dt = 0.4218E+00  final t = 0.280905E+03
 AMRCLAW: level  1  CFL = .450E+00  dt = 0.4220E+00  final t = 0.281327E+03
 AMRCLAW: level  1  CFL = .450E+00  dt = 0.4223E+00  final t = 0.281749E+03
 AMRCLAW: level  1  CFL = .450E+00  dt = 0.4226E+00  final t = 0.282172E+03
 AMRCLAW: level  1  CFL = .450E+00  dt = 0.4229E+00  final t = 0.282595E+03
 AMRCLAW: level  1  CFL = .450E+00  dt = 0.4232E+00  final t = 0.283018E+03
 AMRCLAW: level  1  CFL = .450E+00  dt = 0.4235E+00  final t = 0.283441E+03
 AMRCLAW: level  1  CFL = .450E+00  dt = 0.4239E+00  final t = 0.283865E+03
 AMRCLAW: level  1  CFL = .450E+00  dt = 0.4242E+00  final t = 0.284289E+03
 AMRCLAW: level  1  CFL = .450E+00  dt = 0.4245E+00  final t = 0.284714E+03
 AMRCLAW: level  1  CFL = .450E+00  dt = 0.4249E+00  final t = 0.285139E+03
 AMRCLAW: level  1  CFL = .450E+00  dt = 0.4252E+00  final t = 0.285564E+03
 AMRCLAW: level  1  CFL = .450E+00  dt = 0.4256E+00  final t = 0.285990E+03
 AMRCLAW: level  1  CFL = .450E+00  dt = 0.4259E+00  final t = 0.286415E+03
 AMRCLAW: level  1  CFL = .450E+00  dt = 0.4263E+00  final t = 0.286842E+03
 AMRCLAW: level  1  CFL = .450E+00  dt = 0.4267E+00  final t = 0.287268E+03
 AMRCLAW: level  1  CFL = .450E+00  dt = 0.4270E+00  final t = 0.287695E+03
 AMRCLAW: level  1  CFL = .450E+00  dt = 0.4274E+00  final t = 0.288123E+03
 AMRCLAW: level  1  CFL = .450E+00  dt = 0.4278E+00  final t = 0.288551E+03
 AMRCLAW: level  1  CFL = .450E+00  dt = 0.4281E+00  final t = 0.288979E+03
 AMRCLAW: level  1  CFL = .450E+00  dt = 0.4285E+00  final t = 0.289407E+03
 AMRCLAW: level  1  CFL = .450E+00  dt = 0.4288E+00  final t = 0.289836E+03
 AMRCLAW: level  1  CFL = .450E+00  dt = 0.4291E+00  final t = 0.290265E+03
 AMRCLAW: level  1  CFL = .450E+00  dt = 0.4295E+00  final t = 0.290695E+03
 AMRCLAW: level  1  CFL = .450E+00  dt = 0.4298E+00  final t = 0.291124E+03
 AMRCLAW: level  1  CFL = .450E+00  dt = 0.4301E+00  final t = 0.291554E+03
 AMRCLAW: level  1  CFL = .450E+00  dt = 0.4303E+00  final t = 0.291985E+03
 AMRCLAW: level  1  CFL = .450E+00  dt = 0.4306E+00  final t = 0.292415E+03
 AMRCLAW: level  1  CFL = .450E+00  dt = 0.4309E+00  final t = 0.292846E+03
 AMRCLAW: level  1  CFL = .450E+00  dt = 0.4312E+00  final t = 0.293277E+03
 AMRCLAW: level  1  CFL = .450E+00  dt = 0.4316E+00  final t = 0.293709E+03
 AMRCLAW: level  1  CFL = .450E+00  dt = 0.4318E+00  final t = 0.294141E+03
 AMRCLAW: level  1  CFL = .450E+00  dt = 0.4321E+00  final t = 0.294573E+03
 AMRCLAW: level  1  CFL = .450E+00  dt = 0.4323E+00  final t = 0.295005E+03
 AMRCLAW: level  1  CFL = .450E+00  dt = 0.4326E+00  final t = 0.295438E+03
 AMRCLAW: level  1  CFL = .450E+00  dt = 0.4328E+00  final t = 0.295871E+03
 AMRCLAW: level  1  CFL = .450E+00  dt = 0.4330E+00  final t = 0.296304E+03
 AMRCLAW: level  1  CFL = .450E+00  dt = 0.4333E+00  final t = 0.296737E+03
 AMRCLAW: level  1  CFL = .450E+00  dt = 0.4335E+00  final t = 0.297171E+03
 AMRCLAW: level  1  CFL = .450E+00  dt = 0.4337E+00  final t = 0.297604E+03
 AMRCLAW: level  1  CFL = .450E+00  dt = 0.4339E+00  final t = 0.298038E+03
 AMRCLAW: level  1  CFL = .450E+00  dt = 0.4341E+00  final t = 0.298472E+03
 AMRCLAW: level  1  CFL = .450E+00  dt = 0.4342E+00  final t = 0.298906E+03
 AMRCLAW: level  1  CFL = .450E+00  dt = 0.4344E+00  final t = 0.299341E+03
 AMRCLAW: level  1  CFL = .450E+00  dt = 0.4345E+00  final t = 0.299775E+03
 AMRCLAW: level  1  CFL = .233E+00  dt = 0.2247E+00  final t = 0.300000E+03
GEOCLAW: Frame   10 output files done at time t =  0.300000D+03

 AMRCLAW: level  1  CFL = .450E+00  dt = 0.4348E+00  final t = 0.300435E+03
 AMRCLAW: level  1  CFL = .450E+00  dt = 0.4349E+00  final t = 0.300870E+03
 AMRCLAW: level  1  CFL = .450E+00  dt = 0.4350E+00  final t = 0.301305E+03
 AMRCLAW: level  1  CFL = .450E+00  dt = 0.4351E+00  final t = 0.301740E+03
 AMRCLAW: level  1  CFL = .450E+00  dt = 0.4352E+00  final t = 0.302175E+03
 AMRCLAW: level  1  CFL = .450E+00  dt = 0.4353E+00  final t = 0.302610E+03
 AMRCLAW: level  1  CFL = .450E+00  dt = 0.4354E+00  final t = 0.303046E+03
 AMRCLAW: level  1  CFL = .450E+00  dt = 0.4355E+00  final t = 0.303481E+03
 AMRCLAW: level  1  CFL = .450E+00  dt = 0.4356E+00  final t = 0.303917E+03
 AMRCLAW: level  1  CFL = .450E+00  dt = 0.4356E+00  final t = 0.304353E+03
 AMRCLAW: level  1  CFL = .450E+00  dt = 0.4357E+00  final t = 0.304788E+03
 AMRCLAW: level  1  CFL = .450E+00  dt = 0.4358E+00  final t = 0.305224E+03
 AMRCLAW: level  1  CFL = .450E+00  dt = 0.4358E+00  final t = 0.305660E+03
 AMRCLAW: level  1  CFL = .450E+00  dt = 0.4359E+00  final t = 0.306096E+03
 AMRCLAW: level  1  CFL = .450E+00  dt = 0.4360E+00  final t = 0.306532E+03
 AMRCLAW: level  1  CFL = .450E+00  dt = 0.4361E+00  final t = 0.306968E+03
 AMRCLAW: level  1  CFL = .450E+00  dt = 0.4362E+00  final t = 0.307404E+03
 AMRCLAW: level  1  CFL = .450E+00  dt = 0.4363E+00  final t = 0.307840E+03
 AMRCLAW: level  1  CFL = .450E+00  dt = 0.4364E+00  final t = 0.308277E+03
 AMRCLAW: level  1  CFL = .450E+00  dt = 0.4366E+00  final t = 0.308713E+03
 AMRCLAW: level  1  CFL = .450E+00  dt = 0.4367E+00  final t = 0.309150E+03
 AMRCLAW: level  1  CFL = .450E+00  dt = 0.4368E+00  final t = 0.309587E+03
 AMRCLAW: level  1  CFL = .450E+00  dt = 0.4369E+00  final t = 0.310024E+03
 AMRCLAW: level  1  CFL = .450E+00  dt = 0.4369E+00  final t = 0.310461E+03
 AMRCLAW: level  1  CFL = .449E+00  dt = 0.4371E+00  final t = 0.310898E+03
 AMRCLAW: level  1  CFL = .449E+00  dt = 0.4377E+00  final t = 0.311336E+03
 AMRCLAW: level  1  CFL = .449E+00  dt = 0.4386E+00  final t = 0.311774E+03
 AMRCLAW: level  1  CFL = .449E+00  dt = 0.4395E+00  final t = 0.312214E+03
 AMRCLAW: level  1  CFL = .449E+00  dt = 0.4404E+00  final t = 0.312654E+03
 AMRCLAW: level  1  CFL = .450E+00  dt = 0.4414E+00  final t = 0.313095E+03
 AMRCLAW: level  1  CFL = .450E+00  dt = 0.4416E+00  final t = 0.313537E+03
 AMRCLAW: level  1  CFL = .450E+00  dt = 0.4418E+00  final t = 0.313979E+03
 AMRCLAW: level  1  CFL = .450E+00  dt = 0.4421E+00  final t = 0.314421E+03
 AMRCLAW: level  1  CFL = .450E+00  dt = 0.4423E+00  final t = 0.314863E+03
 AMRCLAW: level  1  CFL = .450E+00  dt = 0.4426E+00  final t = 0.315306E+03
 AMRCLAW: level  1  CFL = .450E+00  dt = 0.4428E+00  final t = 0.315749E+03
 AMRCLAW: level  1  CFL = .450E+00  dt = 0.4431E+00  final t = 0.316192E+03
 AMRCLAW: level  1  CFL = .450E+00  dt = 0.4433E+00  final t = 0.316635E+03
 AMRCLAW: level  1  CFL = .450E+00  dt = 0.4435E+00  final t = 0.317079E+03
 AMRCLAW: level  1  CFL = .450E+00  dt = 0.4437E+00  final t = 0.317522E+03
 AMRCLAW: level  1  CFL = .450E+00  dt = 0.4439E+00  final t = 0.317966E+03
 AMRCLAW: level  1  CFL = .450E+00  dt = 0.4441E+00  final t = 0.318410E+03
 AMRCLAW: level  1  CFL = .450E+00  dt = 0.4443E+00  final t = 0.318855E+03
 AMRCLAW: level  1  CFL = .450E+00  dt = 0.4444E+00  final t = 0.319299E+03
 AMRCLAW: level  1  CFL = .450E+00  dt = 0.4446E+00  final t = 0.319744E+03
 AMRCLAW: level  1  CFL = .450E+00  dt = 0.4447E+00  final t = 0.320188E+03
 AMRCLAW: level  1  CFL = .450E+00  dt = 0.4448E+00  final t = 0.320633E+03
 AMRCLAW: level  1  CFL = .450E+00  dt = 0.4449E+00  final t = 0.321078E+03
 AMRCLAW: level  1  CFL = .450E+00  dt = 0.4450E+00  final t = 0.321523E+03
 AMRCLAW: level  1  CFL = .450E+00  dt = 0.4450E+00  final t = 0.321968E+03
 AMRCLAW: level  1  CFL = .450E+00  dt = 0.4451E+00  final t = 0.322413E+03
 AMRCLAW: level  1  CFL = .450E+00  dt = 0.4451E+00  final t = 0.322858E+03
 AMRCLAW: level  1  CFL = .450E+00  dt = 0.4452E+00  final t = 0.323303E+03
 AMRCLAW: level  1  CFL = .450E+00  dt = 0.4452E+00  final t = 0.323749E+03
 AMRCLAW: level  1  CFL = .450E+00  dt = 0.4453E+00  final t = 0.324194E+03
 AMRCLAW: level  1  CFL = .450E+00  dt = 0.4454E+00  final t = 0.324639E+03
 AMRCLAW: level  1  CFL = .450E+00  dt = 0.4455E+00  final t = 0.325085E+03
 AMRCLAW: level  1  CFL = .450E+00  dt = 0.4456E+00  final t = 0.325530E+03
 AMRCLAW: level  1  CFL = .450E+00  dt = 0.4458E+00  final t = 0.325976E+03
 AMRCLAW: level  1  CFL = .450E+00  dt = 0.4460E+00  final t = 0.326422E+03
 AMRCLAW: level  1  CFL = .450E+00  dt = 0.4462E+00  final t = 0.326868E+03
 AMRCLAW: level  1  CFL = .450E+00  dt = 0.4464E+00  final t = 0.327315E+03
 AMRCLAW: level  1  CFL = .450E+00  dt = 0.4466E+00  final t = 0.327761E+03
 AMRCLAW: level  1  CFL = .450E+00  dt = 0.4469E+00  final t = 0.328208E+03
 AMRCLAW: level  1  CFL = .450E+00  dt = 0.4471E+00  final t = 0.328655E+03
 AMRCLAW: level  1  CFL = .450E+00  dt = 0.4472E+00  final t = 0.329103E+03
 AMRCLAW: level  1  CFL = .450E+00  dt = 0.4474E+00  final t = 0.329550E+03
 AMRCLAW: level  1  CFL = .450E+00  dt = 0.4475E+00  final t = 0.329997E+03
 AMRCLAW: level  1  CFL = .257E-02  dt = 0.2559E-02  final t = 0.330000E+03
GEOCLAW: Frame   11 output files done at time t =  0.330000D+03

 AMRCLAW: level  1  CFL = .450E+00  dt = 0.4478E+00  final t = 0.330448E+03
 AMRCLAW: level  1  CFL = .450E+00  dt = 0.4478E+00  final t = 0.330896E+03
 AMRCLAW: level  1  CFL = .450E+00  dt = 0.4480E+00  final t = 0.331344E+03
 AMRCLAW: level  1  CFL = .450E+00  dt = 0.4481E+00  final t = 0.331792E+03
 AMRCLAW: level  1  CFL = .450E+00  dt = 0.4482E+00  final t = 0.332240E+03
 AMRCLAW: level  1  CFL = .450E+00  dt = 0.4484E+00  final t = 0.332688E+03
 AMRCLAW: level  1  CFL = .450E+00  dt = 0.4486E+00  final t = 0.333137E+03
 AMRCLAW: level  1  CFL = .450E+00  dt = 0.4488E+00  final t = 0.333586E+03
 AMRCLAW: level  1  CFL = .450E+00  dt = 0.4491E+00  final t = 0.334035E+03
 AMRCLAW: level  1  CFL = .450E+00  dt = 0.4494E+00  final t = 0.334484E+03
 AMRCLAW: level  1  CFL = .450E+00  dt = 0.4497E+00  final t = 0.334934E+03
 AMRCLAW: level  1  CFL = .450E+00  dt = 0.4499E+00  final t = 0.335384E+03
 AMRCLAW: level  1  CFL = .450E+00  dt = 0.4502E+00  final t = 0.335834E+03
 AMRCLAW: level  1  CFL = .450E+00  dt = 0.4504E+00  final t = 0.336284E+03
 AMRCLAW: level  1  CFL = .450E+00  dt = 0.4506E+00  final t = 0.336735E+03
 AMRCLAW: level  1  CFL = .450E+00  dt = 0.4509E+00  final t = 0.337186E+03
 AMRCLAW: level  1  CFL = .450E+00  dt = 0.4512E+00  final t = 0.337637E+03
 AMRCLAW: level  1  CFL = .450E+00  dt = 0.4516E+00  final t = 0.338089E+03
 AMRCLAW: level  1  CFL = .450E+00  dt = 0.4520E+00  final t = 0.338541E+03
 AMRCLAW: level  1  CFL = .450E+00  dt = 0.4524E+00  final t = 0.338993E+03
 AMRCLAW: level  1  CFL = .450E+00  dt = 0.4529E+00  final t = 0.339446E+03
 AMRCLAW: level  1  CFL = .449E+00  dt = 0.4534E+00  final t = 0.339899E+03
 AMRCLAW: level  1  CFL = .449E+00  dt = 0.4539E+00  final t = 0.340353E+03
 AMRCLAW: level  1  CFL = .449E+00  dt = 0.4545E+00  final t = 0.340808E+03
 AMRCLAW: level  1  CFL = .449E+00  dt = 0.4551E+00  final t = 0.341263E+03
 AMRCLAW: level  1  CFL = .449E+00  dt = 0.4558E+00  final t = 0.341719E+03
 AMRCLAW: level  1  CFL = .449E+00  dt = 0.4566E+00  final t = 0.342175E+03
 AMRCLAW: level  1  CFL = .449E+00  dt = 0.4574E+00  final t = 0.342633E+03
 AMRCLAW: level  1  CFL = .449E+00  dt = 0.4583E+00  final t = 0.343091E+03
 AMRCLAW: level  1  CFL = .449E+00  dt = 0.4592E+00  final t = 0.343550E+03
 AMRCLAW: level  1  CFL = .449E+00  dt = 0.4601E+00  final t = 0.344010E+03
 AMRCLAW: level  1  CFL = .449E+00  dt = 0.4610E+00  final t = 0.344471E+03
 AMRCLAW: level  1  CFL = .449E+00  dt = 0.4619E+00  final t = 0.344933E+03
 AMRCLAW: level  1  CFL = .449E+00  dt = 0.4628E+00  final t = 0.345396E+03
 AMRCLAW: level  1  CFL = .449E+00  dt = 0.4637E+00  final t = 0.345860E+03
 AMRCLAW: level  1  CFL = .449E+00  dt = 0.4644E+00  final t = 0.346324E+03
 AMRCLAW: level  1  CFL = .449E+00  dt = 0.4651E+00  final t = 0.346789E+03
 AMRCLAW: level  1  CFL = .449E+00  dt = 0.4658E+00  final t = 0.347255E+03
 AMRCLAW: level  1  CFL = .449E+00  dt = 0.4665E+00  final t = 0.347722E+03
 AMRCLAW: level  1  CFL = .449E+00  dt = 0.4672E+00  final t = 0.348189E+03
 AMRCLAW: level  1  CFL = .449E+00  dt = 0.4679E+00  final t = 0.348657E+03
 AMRCLAW: level  1  CFL = .449E+00  dt = 0.4686E+00  final t = 0.349125E+03
 AMRCLAW: level  1  CFL = .449E+00  dt = 0.4693E+00  final t = 0.349595E+03
 AMRCLAW: level  1  CFL = .449E+00  dt = 0.4699E+00  final t = 0.350064E+03
 AMRCLAW: level  1  CFL = .449E+00  dt = 0.4706E+00  final t = 0.350535E+03
 AMRCLAW: level  1  CFL = .449E+00  dt = 0.4712E+00  final t = 0.351006E+03
 AMRCLAW: level  1  CFL = .449E+00  dt = 0.4719E+00  final t = 0.351478E+03
 AMRCLAW: level  1  CFL = .449E+00  dt = 0.4725E+00  final t = 0.351951E+03
 AMRCLAW: level  1  CFL = .449E+00  dt = 0.4731E+00  final t = 0.352424E+03
 AMRCLAW: level  1  CFL = .449E+00  dt = 0.4736E+00  final t = 0.352897E+03
 AMRCLAW: level  1  CFL = .449E+00  dt = 0.4742E+00  final t = 0.353372E+03
 AMRCLAW: level  1  CFL = .449E+00  dt = 0.4747E+00  final t = 0.353846E+03
 AMRCLAW: level  1  CFL = .449E+00  dt = 0.4753E+00  final t = 0.354322E+03
 AMRCLAW: level  1  CFL = .449E+00  dt = 0.4759E+00  final t = 0.354797E+03
 AMRCLAW: level  1  CFL = .449E+00  dt = 0.4764E+00  final t = 0.355274E+03
 AMRCLAW: level  1  CFL = .449E+00  dt = 0.4770E+00  final t = 0.355751E+03
 AMRCLAW: level  1  CFL = .450E+00  dt = 0.4776E+00  final t = 0.356228E+03
 AMRCLAW: level  1  CFL = .450E+00  dt = 0.4781E+00  final t = 0.356707E+03
 AMRCLAW: level  1  CFL = .450E+00  dt = 0.4785E+00  final t = 0.357185E+03
 AMRCLAW: level  1  CFL = .450E+00  dt = 0.4790E+00  final t = 0.357664E+03
 AMRCLAW: level  1  CFL = .449E+00  dt = 0.4795E+00  final t = 0.358144E+03
 AMRCLAW: level  1  CFL = .449E+00  dt = 0.4801E+00  final t = 0.358624E+03
 AMRCLAW: level  1  CFL = .449E+00  dt = 0.4807E+00  final t = 0.359104E+03
 AMRCLAW: level  1  CFL = .449E+00  dt = 0.4814E+00  final t = 0.359586E+03
 AMRCLAW: level  1  CFL = .386E+00  dt = 0.4141E+00  final t = 0.360000E+03
GEOCLAW: Frame   12 output files done at time t =  0.360000D+03

 AMRCLAW: level  1  CFL = .449E+00  dt = 0.4830E+00  final t = 0.360483E+03
 AMRCLAW: level  1  CFL = .449E+00  dt = 0.4837E+00  final t = 0.360967E+03
 AMRCLAW: level  1  CFL = .449E+00  dt = 0.4846E+00  final t = 0.361451E+03
 AMRCLAW: level  1  CFL = .449E+00  dt = 0.4855E+00  final t = 0.361937E+03
 AMRCLAW: level  1  CFL = .449E+00  dt = 0.4864E+00  final t = 0.362423E+03
 AMRCLAW: level  1  CFL = .449E+00  dt = 0.4873E+00  final t = 0.362910E+03
 AMRCLAW: level  1  CFL = .449E+00  dt = 0.4882E+00  final t = 0.363399E+03
 AMRCLAW: level  1  CFL = .449E+00  dt = 0.4891E+00  final t = 0.363888E+03
 AMRCLAW: level  1  CFL = .449E+00  dt = 0.4900E+00  final t = 0.364378E+03
 AMRCLAW: level  1  CFL = .449E+00  dt = 0.4909E+00  final t = 0.364868E+03
 AMRCLAW: level  1  CFL = .449E+00  dt = 0.4918E+00  final t = 0.365360E+03
 AMRCLAW: level  1  CFL = .449E+00  dt = 0.4928E+00  final t = 0.365853E+03
 AMRCLAW: level  1  CFL = .449E+00  dt = 0.4938E+00  final t = 0.366347E+03
 AMRCLAW: level  1  CFL = .449E+00  dt = 0.4948E+00  final t = 0.366842E+03
 AMRCLAW: level  1  CFL = .449E+00  dt = 0.4958E+00  final t = 0.367338E+03
 AMRCLAW: level  1  CFL = .449E+00  dt = 0.4969E+00  final t = 0.367834E+03
 AMRCLAW: level  1  CFL = .449E+00  dt = 0.4980E+00  final t = 0.368332E+03
 AMRCLAW: level  1  CFL = .449E+00  dt = 0.4990E+00  final t = 0.368831E+03
 AMRCLAW: level  1  CFL = .449E+00  dt = 0.5000E+00  final t = 0.369331E+03
 AMRCLAW: level  1  CFL = .448E+00  dt = 0.5000E+00  final t = 0.369831E+03
 AMRCLAW: level  1  CFL = .447E+00  dt = 0.5000E+00  final t = 0.370331E+03
 AMRCLAW: level  1  CFL = .446E+00  dt = 0.5000E+00  final t = 0.370831E+03
 AMRCLAW: level  1  CFL = .445E+00  dt = 0.5000E+00  final t = 0.371331E+03
 AMRCLAW: level  1  CFL = .445E+00  dt = 0.5000E+00  final t = 0.371831E+03
 AMRCLAW: level  1  CFL = .444E+00  dt = 0.5000E+00  final t = 0.372331E+03
 AMRCLAW: level  1  CFL = .443E+00  dt = 0.5000E+00  final t = 0.372831E+03
 AMRCLAW: level  1  CFL = .442E+00  dt = 0.5000E+00  final t = 0.373331E+03
 AMRCLAW: level  1  CFL = .441E+00  dt = 0.5000E+00  final t = 0.373831E+03
 AMRCLAW: level  1  CFL = .440E+00  dt = 0.5000E+00  final t = 0.374331E+03
 AMRCLAW: level  1  CFL = .439E+00  dt = 0.5000E+00  final t = 0.374831E+03
 AMRCLAW: level  1  CFL = .438E+00  dt = 0.5000E+00  final t = 0.375331E+03
 AMRCLAW: level  1  CFL = .438E+00  dt = 0.5000E+00  final t = 0.375831E+03
 AMRCLAW: level  1  CFL = .437E+00  dt = 0.5000E+00  final t = 0.376331E+03
 AMRCLAW: level  1  CFL = .436E+00  dt = 0.5000E+00  final t = 0.376831E+03
 AMRCLAW: level  1  CFL = .435E+00  dt = 0.5000E+00  final t = 0.377331E+03
 AMRCLAW: level  1  CFL = .434E+00  dt = 0.5000E+00  final t = 0.377831E+03
 AMRCLAW: level  1  CFL = .433E+00  dt = 0.5000E+00  final t = 0.378331E+03
 AMRCLAW: level  1  CFL = .432E+00  dt = 0.5000E+00  final t = 0.378831E+03
 AMRCLAW: level  1  CFL = .432E+00  dt = 0.5000E+00  final t = 0.379331E+03
 AMRCLAW: level  1  CFL = .431E+00  dt = 0.5000E+00  final t = 0.379831E+03
 AMRCLAW: level  1  CFL = .430E+00  dt = 0.5000E+00  final t = 0.380331E+03
 AMRCLAW: level  1  CFL = .429E+00  dt = 0.5000E+00  final t = 0.380831E+03
 AMRCLAW: level  1  CFL = .428E+00  dt = 0.5000E+00  final t = 0.381331E+03
 AMRCLAW: level  1  CFL = .427E+00  dt = 0.5000E+00  final t = 0.381831E+03
 AMRCLAW: level  1  CFL = .426E+00  dt = 0.5000E+00  final t = 0.382331E+03
 AMRCLAW: level  1  CFL = .425E+00  dt = 0.5000E+00  final t = 0.382831E+03
 AMRCLAW: level  1  CFL = .424E+00  dt = 0.5000E+00  final t = 0.383331E+03
 AMRCLAW: level  1  CFL = .424E+00  dt = 0.5000E+00  final t = 0.383831E+03
 AMRCLAW: level  1  CFL = .423E+00  dt = 0.5000E+00  final t = 0.384331E+03
 AMRCLAW: level  1  CFL = .422E+00  dt = 0.5000E+00  final t = 0.384831E+03
 AMRCLAW: level  1  CFL = .421E+00  dt = 0.5000E+00  final t = 0.385331E+03
 AMRCLAW: level  1  CFL = .420E+00  dt = 0.5000E+00  final t = 0.385831E+03
 AMRCLAW: level  1  CFL = .419E+00  dt = 0.5000E+00  final t = 0.386331E+03
 AMRCLAW: level  1  CFL = .418E+00  dt = 0.5000E+00  final t = 0.386831E+03
 AMRCLAW: level  1  CFL = .417E+00  dt = 0.5000E+00  final t = 0.387331E+03
 AMRCLAW: level  1  CFL = .416E+00  dt = 0.5000E+00  final t = 0.387831E+03
 AMRCLAW: level  1  CFL = .415E+00  dt = 0.5000E+00  final t = 0.388331E+03
 AMRCLAW: level  1  CFL = .414E+00  dt = 0.5000E+00  final t = 0.388831E+03
 AMRCLAW: level  1  CFL = .414E+00  dt = 0.5000E+00  final t = 0.389331E+03
 AMRCLAW: level  1  CFL = .413E+00  dt = 0.5000E+00  final t = 0.389831E+03
 AMRCLAW: level  1  CFL = .139E+00  dt = 0.1686E+00  final t = 0.390000E+03
GEOCLAW: Frame   13 output files done at time t =  0.390000D+03

 AMRCLAW: level  1  CFL = .412E+00  dt = 0.5000E+00  final t = 0.390500E+03
 AMRCLAW: level  1  CFL = .412E+00  dt = 0.5000E+00  final t = 0.391000E+03
 AMRCLAW: level  1  CFL = .411E+00  dt = 0.5000E+00  final t = 0.391500E+03
 AMRCLAW: level  1  CFL = .411E+00  dt = 0.5000E+00  final t = 0.392000E+03
 AMRCLAW: level  1  CFL = .410E+00  dt = 0.5000E+00  final t = 0.392500E+03
 AMRCLAW: level  1  CFL = .410E+00  dt = 0.5000E+00  final t = 0.393000E+03
 AMRCLAW: level  1  CFL = .409E+00  dt = 0.5000E+00  final t = 0.393500E+03
 AMRCLAW: level  1  CFL = .409E+00  dt = 0.5000E+00  final t = 0.394000E+03
 AMRCLAW: level  1  CFL = .408E+00  dt = 0.5000E+00  final t = 0.394500E+03
 AMRCLAW: level  1  CFL = .408E+00  dt = 0.5000E+00  final t = 0.395000E+03
 AMRCLAW: level  1  CFL = .407E+00  dt = 0.5000E+00  final t = 0.395500E+03
 AMRCLAW: level  1  CFL = .407E+00  dt = 0.5000E+00  final t = 0.396000E+03
 AMRCLAW: level  1  CFL = .406E+00  dt = 0.5000E+00  final t = 0.396500E+03
 AMRCLAW: level  1  CFL = .406E+00  dt = 0.5000E+00  final t = 0.397000E+03
 AMRCLAW: level  1  CFL = .405E+00  dt = 0.5000E+00  final t = 0.397500E+03
 AMRCLAW: level  1  CFL = .405E+00  dt = 0.5000E+00  final t = 0.398000E+03
 AMRCLAW: level  1  CFL = .404E+00  dt = 0.5000E+00  final t = 0.398500E+03
 AMRCLAW: level  1  CFL = .404E+00  dt = 0.5000E+00  final t = 0.399000E+03
 AMRCLAW: level  1  CFL = .403E+00  dt = 0.5000E+00  final t = 0.399500E+03
 AMRCLAW: level  1  CFL = .403E+00  dt = 0.5000E+00  final t = 0.400000E+03
 AMRCLAW: level  1  CFL = .402E+00  dt = 0.5000E+00  final t = 0.400500E+03
 AMRCLAW: level  1  CFL = .402E+00  dt = 0.5000E+00  final t = 0.401000E+03
 AMRCLAW: level  1  CFL = .401E+00  dt = 0.5000E+00  final t = 0.401500E+03
 AMRCLAW: level  1  CFL = .400E+00  dt = 0.5000E+00  final t = 0.402000E+03
 AMRCLAW: level  1  CFL = .400E+00  dt = 0.5000E+00  final t = 0.402500E+03
 AMRCLAW: level  1  CFL = .399E+00  dt = 0.5000E+00  final t = 0.403000E+03
 AMRCLAW: level  1  CFL = .399E+00  dt = 0.5000E+00  final t = 0.403500E+03
 AMRCLAW: level  1  CFL = .398E+00  dt = 0.5000E+00  final t = 0.404000E+03
 AMRCLAW: level  1  CFL = .398E+00  dt = 0.5000E+00  final t = 0.404500E+03
 AMRCLAW: level  1  CFL = .397E+00  dt = 0.5000E+00  final t = 0.405000E+03
 AMRCLAW: level  1  CFL = .397E+00  dt = 0.5000E+00  final t = 0.405500E+03
 AMRCLAW: level  1  CFL = .396E+00  dt = 0.5000E+00  final t = 0.406000E+03
 AMRCLAW: level  1  CFL = .396E+00  dt = 0.5000E+00  final t = 0.406500E+03
 AMRCLAW: level  1  CFL = .395E+00  dt = 0.5000E+00  final t = 0.407000E+03
 AMRCLAW: level  1  CFL = .395E+00  dt = 0.5000E+00  final t = 0.407500E+03
 AMRCLAW: level  1  CFL = .394E+00  dt = 0.5000E+00  final t = 0.408000E+03
 AMRCLAW: level  1  CFL = .394E+00  dt = 0.5000E+00  final t = 0.408500E+03
 AMRCLAW: level  1  CFL = .393E+00  dt = 0.5000E+00  final t = 0.409000E+03
 AMRCLAW: level  1  CFL = .393E+00  dt = 0.5000E+00  final t = 0.409500E+03
 AMRCLAW: level  1  CFL = .393E+00  dt = 0.5000E+00  final t = 0.410000E+03
 AMRCLAW: level  1  CFL = .392E+00  dt = 0.5000E+00  final t = 0.410500E+03
 AMRCLAW: level  1  CFL = .392E+00  dt = 0.5000E+00  final t = 0.411000E+03
 AMRCLAW: level  1  CFL = .391E+00  dt = 0.5000E+00  final t = 0.411500E+03
 AMRCLAW: level  1  CFL = .391E+00  dt = 0.5000E+00  final t = 0.412000E+03
 AMRCLAW: level  1  CFL = .390E+00  dt = 0.5000E+00  final t = 0.412500E+03
 AMRCLAW: level  1  CFL = .390E+00  dt = 0.5000E+00  final t = 0.413000E+03
 AMRCLAW: level  1  CFL = .390E+00  dt = 0.5000E+00  final t = 0.413500E+03
 AMRCLAW: level  1  CFL = .389E+00  dt = 0.5000E+00  final t = 0.414000E+03
 AMRCLAW: level  1  CFL = .389E+00  dt = 0.5000E+00  final t = 0.414500E+03
 AMRCLAW: level  1  CFL = .388E+00  dt = 0.5000E+00  final t = 0.415000E+03
 AMRCLAW: level  1  CFL = .388E+00  dt = 0.5000E+00  final t = 0.415500E+03
 AMRCLAW: level  1  CFL = .388E+00  dt = 0.5000E+00  final t = 0.416000E+03
 AMRCLAW: level  1  CFL = .388E+00  dt = 0.5000E+00  final t = 0.416500E+03
 AMRCLAW: level  1  CFL = .388E+00  dt = 0.5000E+00  final t = 0.417000E+03
 AMRCLAW: level  1  CFL = .388E+00  dt = 0.5000E+00  final t = 0.417500E+03
 AMRCLAW: level  1  CFL = .387E+00  dt = 0.5000E+00  final t = 0.418000E+03
 AMRCLAW: level  1  CFL = .387E+00  dt = 0.5000E+00  final t = 0.418500E+03
 AMRCLAW: level  1  CFL = .387E+00  dt = 0.5000E+00  final t = 0.419000E+03
 AMRCLAW: level  1  CFL = .387E+00  dt = 0.5000E+00  final t = 0.419500E+03
 AMRCLAW: level  1  CFL = .387E+00  dt = 0.5000E+00  final t = 0.420000E+03
GEOCLAW: Frame   14 output files done at time t =  0.420000D+03

 AMRCLAW: level  1  CFL = .387E+00  dt = 0.5000E+00  final t = 0.420500E+03
 AMRCLAW: level  1  CFL = .387E+00  dt = 0.5000E+00  final t = 0.421000E+03
 AMRCLAW: level  1  CFL = .387E+00  dt = 0.5000E+00  final t = 0.421500E+03
 AMRCLAW: level  1  CFL = .386E+00  dt = 0.5000E+00  final t = 0.422000E+03
 AMRCLAW: level  1  CFL = .386E+00  dt = 0.5000E+00  final t = 0.422500E+03
 AMRCLAW: level  1  CFL = .386E+00  dt = 0.5000E+00  final t = 0.423000E+03
 AMRCLAW: level  1  CFL = .386E+00  dt = 0.5000E+00  final t = 0.423500E+03
 AMRCLAW: level  1  CFL = .385E+00  dt = 0.5000E+00  final t = 0.424000E+03
 AMRCLAW: level  1  CFL = .385E+00  dt = 0.5000E+00  final t = 0.424500E+03
 AMRCLAW: level  1  CFL = .385E+00  dt = 0.5000E+00  final t = 0.425000E+03
 AMRCLAW: level  1  CFL = .385E+00  dt = 0.5000E+00  final t = 0.425500E+03
 AMRCLAW: level  1  CFL = .385E+00  dt = 0.5000E+00  final t = 0.426000E+03
 AMRCLAW: level  1  CFL = .384E+00  dt = 0.5000E+00  final t = 0.426500E+03
 AMRCLAW: level  1  CFL = .384E+00  dt = 0.5000E+00  final t = 0.427000E+03
 AMRCLAW: level  1  CFL = .383E+00  dt = 0.5000E+00  final t = 0.427500E+03
 AMRCLAW: level  1  CFL = .383E+00  dt = 0.5000E+00  final t = 0.428000E+03
 AMRCLAW: level  1  CFL = .383E+00  dt = 0.5000E+00  final t = 0.428500E+03
 AMRCLAW: level  1  CFL = .382E+00  dt = 0.5000E+00  final t = 0.429000E+03
 AMRCLAW: level  1  CFL = .382E+00  dt = 0.5000E+00  final t = 0.429500E+03
 AMRCLAW: level  1  CFL = .382E+00  dt = 0.5000E+00  final t = 0.430000E+03
 AMRCLAW: level  1  CFL = .381E+00  dt = 0.5000E+00  final t = 0.430500E+03
 AMRCLAW: level  1  CFL = .381E+00  dt = 0.5000E+00  final t = 0.431000E+03
 AMRCLAW: level  1  CFL = .381E+00  dt = 0.5000E+00  final t = 0.431500E+03
 AMRCLAW: level  1  CFL = .381E+00  dt = 0.5000E+00  final t = 0.432000E+03
 AMRCLAW: level  1  CFL = .381E+00  dt = 0.5000E+00  final t = 0.432500E+03
 AMRCLAW: level  1  CFL = .382E+00  dt = 0.5000E+00  final t = 0.433000E+03
 AMRCLAW: level  1  CFL = .382E+00  dt = 0.5000E+00  final t = 0.433500E+03
 AMRCLAW: level  1  CFL = .382E+00  dt = 0.5000E+00  final t = 0.434000E+03
 AMRCLAW: level  1  CFL = .383E+00  dt = 0.5000E+00  final t = 0.434500E+03
 AMRCLAW: level  1  CFL = .383E+00  dt = 0.5000E+00  final t = 0.435000E+03
 AMRCLAW: level  1  CFL = .383E+00  dt = 0.5000E+00  final t = 0.435500E+03
 AMRCLAW: level  1  CFL = .383E+00  dt = 0.5000E+00  final t = 0.436000E+03
 AMRCLAW: level  1  CFL = .383E+00  dt = 0.5000E+00  final t = 0.436500E+03
 AMRCLAW: level  1  CFL = .383E+00  dt = 0.5000E+00  final t = 0.437000E+03
 AMRCLAW: level  1  CFL = .383E+00  dt = 0.5000E+00  final t = 0.437500E+03
 AMRCLAW: level  1  CFL = .383E+00  dt = 0.5000E+00  final t = 0.438000E+03
 AMRCLAW: level  1  CFL = .383E+00  dt = 0.5000E+00  final t = 0.438500E+03
 AMRCLAW: level  1  CFL = .382E+00  dt = 0.5000E+00  final t = 0.439000E+03
 AMRCLAW: level  1  CFL = .382E+00  dt = 0.5000E+00  final t = 0.439500E+03
 AMRCLAW: level  1  CFL = .382E+00  dt = 0.5000E+00  final t = 0.440000E+03
 AMRCLAW: level  1  CFL = .381E+00  dt = 0.5000E+00  final t = 0.440500E+03
 AMRCLAW: level  1  CFL = .381E+00  dt = 0.5000E+00  final t = 0.441000E+03
 AMRCLAW: level  1  CFL = .381E+00  dt = 0.5000E+00  final t = 0.441500E+03
 AMRCLAW: level  1  CFL = .381E+00  dt = 0.5000E+00  final t = 0.442000E+03
 AMRCLAW: level  1  CFL = .381E+00  dt = 0.5000E+00  final t = 0.442500E+03
 AMRCLAW: level  1  CFL = .381E+00  dt = 0.5000E+00  final t = 0.443000E+03
 AMRCLAW: level  1  CFL = .381E+00  dt = 0.5000E+00  final t = 0.443500E+03
 AMRCLAW: level  1  CFL = .381E+00  dt = 0.5000E+00  final t = 0.444000E+03
 AMRCLAW: level  1  CFL = .381E+00  dt = 0.5000E+00  final t = 0.444500E+03
 AMRCLAW: level  1  CFL = .381E+00  dt = 0.5000E+00  final t = 0.445000E+03
 AMRCLAW: level  1  CFL = .381E+00  dt = 0.5000E+00  final t = 0.445500E+03
 AMRCLAW: level  1  CFL = .381E+00  dt = 0.5000E+00  final t = 0.446000E+03
 AMRCLAW: level  1  CFL = .382E+00  dt = 0.5000E+00  final t = 0.446500E+03
 AMRCLAW: level  1  CFL = .382E+00  dt = 0.5000E+00  final t = 0.447000E+03
 AMRCLAW: level  1  CFL = .382E+00  dt = 0.5000E+00  final t = 0.447500E+03
 AMRCLAW: level  1  CFL = .382E+00  dt = 0.5000E+00  final t = 0.448000E+03
 AMRCLAW: level  1  CFL = .381E+00  dt = 0.5000E+00  final t = 0.448500E+03
 AMRCLAW: level  1  CFL = .381E+00  dt = 0.5000E+00  final t = 0.449000E+03
 AMRCLAW: level  1  CFL = .381E+00  dt = 0.5000E+00  final t = 0.449500E+03
 AMRCLAW: level  1  CFL = .381E+00  dt = 0.5000E+00  final t = 0.450000E+03
GEOCLAW: Frame   15 output files done at time t =  0.450000D+03

 AMRCLAW: level  1  CFL = .381E+00  dt = 0.5000E+00  final t = 0.450500E+03
 AMRCLAW: level  1  CFL = .381E+00  dt = 0.5000E+00  final t = 0.451000E+03
 AMRCLAW: level  1  CFL = .381E+00  dt = 0.5000E+00  final t = 0.451500E+03
 AMRCLAW: level  1  CFL = .381E+00  dt = 0.5000E+00  final t = 0.452000E+03
 AMRCLAW: level  1  CFL = .381E+00  dt = 0.5000E+00  final t = 0.452500E+03
 AMRCLAW: level  1  CFL = .380E+00  dt = 0.5000E+00  final t = 0.453000E+03
 AMRCLAW: level  1  CFL = .380E+00  dt = 0.5000E+00  final t = 0.453500E+03
 AMRCLAW: level  1  CFL = .380E+00  dt = 0.5000E+00  final t = 0.454000E+03
 AMRCLAW: level  1  CFL = .380E+00  dt = 0.5000E+00  final t = 0.454500E+03
 AMRCLAW: level  1  CFL = .380E+00  dt = 0.5000E+00  final t = 0.455000E+03
 AMRCLAW: level  1  CFL = .379E+00  dt = 0.5000E+00  final t = 0.455500E+03
 AMRCLAW: level  1  CFL = .379E+00  dt = 0.5000E+00  final t = 0.456000E+03
 AMRCLAW: level  1  CFL = .379E+00  dt = 0.5000E+00  final t = 0.456500E+03
 AMRCLAW: level  1  CFL = .378E+00  dt = 0.5000E+00  final t = 0.457000E+03
 AMRCLAW: level  1  CFL = .378E+00  dt = 0.5000E+00  final t = 0.457500E+03
 AMRCLAW: level  1  CFL = .378E+00  dt = 0.5000E+00  final t = 0.458000E+03
 AMRCLAW: level  1  CFL = .377E+00  dt = 0.5000E+00  final t = 0.458500E+03
 AMRCLAW: level  1  CFL = .377E+00  dt = 0.5000E+00  final t = 0.459000E+03
 AMRCLAW: level  1  CFL = .376E+00  dt = 0.5000E+00  final t = 0.459500E+03
 AMRCLAW: level  1  CFL = .376E+00  dt = 0.5000E+00  final t = 0.460000E+03
 AMRCLAW: level  1  CFL = .375E+00  dt = 0.5000E+00  final t = 0.460500E+03
 AMRCLAW: level  1  CFL = .375E+00  dt = 0.5000E+00  final t = 0.461000E+03
 AMRCLAW: level  1  CFL = .374E+00  dt = 0.5000E+00  final t = 0.461500E+03
 AMRCLAW: level  1  CFL = .374E+00  dt = 0.5000E+00  final t = 0.462000E+03
 AMRCLAW: level  1  CFL = .373E+00  dt = 0.5000E+00  final t = 0.462500E+03
 AMRCLAW: level  1  CFL = .373E+00  dt = 0.5000E+00  final t = 0.463000E+03
 AMRCLAW: level  1  CFL = .372E+00  dt = 0.5000E+00  final t = 0.463500E+03
 AMRCLAW: level  1  CFL = .372E+00  dt = 0.5000E+00  final t = 0.464000E+03
 AMRCLAW: level  1  CFL = .372E+00  dt = 0.5000E+00  final t = 0.464500E+03
 AMRCLAW: level  1  CFL = .371E+00  dt = 0.5000E+00  final t = 0.465000E+03
 AMRCLAW: level  1  CFL = .371E+00  dt = 0.5000E+00  final t = 0.465500E+03
 AMRCLAW: level  1  CFL = .370E+00  dt = 0.5000E+00  final t = 0.466000E+03
 AMRCLAW: level  1  CFL = .370E+00  dt = 0.5000E+00  final t = 0.466500E+03
 AMRCLAW: level  1  CFL = .370E+00  dt = 0.5000E+00  final t = 0.467000E+03
 AMRCLAW: level  1  CFL = .369E+00  dt = 0.5000E+00  final t = 0.467500E+03
 AMRCLAW: level  1  CFL = .369E+00  dt = 0.5000E+00  final t = 0.468000E+03
 AMRCLAW: level  1  CFL = .369E+00  dt = 0.5000E+00  final t = 0.468500E+03
 AMRCLAW: level  1  CFL = .369E+00  dt = 0.5000E+00  final t = 0.469000E+03
 AMRCLAW: level  1  CFL = .368E+00  dt = 0.5000E+00  final t = 0.469500E+03
 AMRCLAW: level  1  CFL = .368E+00  dt = 0.5000E+00  final t = 0.470000E+03
 AMRCLAW: level  1  CFL = .368E+00  dt = 0.5000E+00  final t = 0.470500E+03
 AMRCLAW: level  1  CFL = .368E+00  dt = 0.5000E+00  final t = 0.471000E+03
 AMRCLAW: level  1  CFL = .367E+00  dt = 0.5000E+00  final t = 0.471500E+03
 AMRCLAW: level  1  CFL = .367E+00  dt = 0.5000E+00  final t = 0.472000E+03
 AMRCLAW: level  1  CFL = .367E+00  dt = 0.5000E+00  final t = 0.472500E+03
 AMRCLAW: level  1  CFL = .367E+00  dt = 0.5000E+00  final t = 0.473000E+03
 AMRCLAW: level  1  CFL = .366E+00  dt = 0.5000E+00  final t = 0.473500E+03
 AMRCLAW: level  1  CFL = .366E+00  dt = 0.5000E+00  final t = 0.474000E+03
 AMRCLAW: level  1  CFL = .366E+00  dt = 0.5000E+00  final t = 0.474500E+03
 AMRCLAW: level  1  CFL = .366E+00  dt = 0.5000E+00  final t = 0.475000E+03
 AMRCLAW: level  1  CFL = .365E+00  dt = 0.5000E+00  final t = 0.475500E+03
 AMRCLAW: level  1  CFL = .365E+00  dt = 0.5000E+00  final t = 0.476000E+03
 AMRCLAW: level  1  CFL = .365E+00  dt = 0.5000E+00  final t = 0.476500E+03
 AMRCLAW: level  1  CFL = .365E+00  dt = 0.5000E+00  final t = 0.477000E+03
 AMRCLAW: level  1  CFL = .364E+00  dt = 0.5000E+00  final t = 0.477500E+03
 AMRCLAW: level  1  CFL = .364E+00  dt = 0.5000E+00  final t = 0.478000E+03
 AMRCLAW: level  1  CFL = .364E+00  dt = 0.5000E+00  final t = 0.478500E+03
 AMRCLAW: level  1  CFL = .363E+00  dt = 0.5000E+00  final t = 0.479000E+03
 AMRCLAW: level  1  CFL = .363E+00  dt = 0.5000E+00  final t = 0.479500E+03
 AMRCLAW: level  1  CFL = .363E+00  dt = 0.5000E+00  final t = 0.480000E+03
GEOCLAW: Frame   16 output files done at time t =  0.480000D+03

 AMRCLAW: level  1  CFL = .362E+00  dt = 0.5000E+00  final t = 0.480500E+03
 AMRCLAW: level  1  CFL = .362E+00  dt = 0.5000E+00  final t = 0.481000E+03
 AMRCLAW: level  1  CFL = .362E+00  dt = 0.5000E+00  final t = 0.481500E+03
 AMRCLAW: level  1  CFL = .361E+00  dt = 0.5000E+00  final t = 0.482000E+03
 AMRCLAW: level  1  CFL = .361E+00  dt = 0.5000E+00  final t = 0.482500E+03
 AMRCLAW: level  1  CFL = .361E+00  dt = 0.5000E+00  final t = 0.483000E+03
 AMRCLAW: level  1  CFL = .360E+00  dt = 0.5000E+00  final t = 0.483500E+03
 AMRCLAW: level  1  CFL = .360E+00  dt = 0.5000E+00  final t = 0.484000E+03
 AMRCLAW: level  1  CFL = .360E+00  dt = 0.5000E+00  final t = 0.484500E+03
 AMRCLAW: level  1  CFL = .360E+00  dt = 0.5000E+00  final t = 0.485000E+03
 AMRCLAW: level  1  CFL = .359E+00  dt = 0.5000E+00  final t = 0.485500E+03
 AMRCLAW: level  1  CFL = .359E+00  dt = 0.5000E+00  final t = 0.486000E+03
 AMRCLAW: level  1  CFL = .359E+00  dt = 0.5000E+00  final t = 0.486500E+03
 AMRCLAW: level  1  CFL = .359E+00  dt = 0.5000E+00  final t = 0.487000E+03
 AMRCLAW: level  1  CFL = .358E+00  dt = 0.5000E+00  final t = 0.487500E+03
 AMRCLAW: level  1  CFL = .358E+00  dt = 0.5000E+00  final t = 0.488000E+03
 AMRCLAW: level  1  CFL = .358E+00  dt = 0.5000E+00  final t = 0.488500E+03
 AMRCLAW: level  1  CFL = .358E+00  dt = 0.5000E+00  final t = 0.489000E+03
 AMRCLAW: level  1  CFL = .358E+00  dt = 0.5000E+00  final t = 0.489500E+03
 AMRCLAW: level  1  CFL = .357E+00  dt = 0.5000E+00  final t = 0.490000E+03
 AMRCLAW: level  1  CFL = .357E+00  dt = 0.5000E+00  final t = 0.490500E+03
 AMRCLAW: level  1  CFL = .357E+00  dt = 0.5000E+00  final t = 0.491000E+03
 AMRCLAW: level  1  CFL = .357E+00  dt = 0.5000E+00  final t = 0.491500E+03
 AMRCLAW: level  1  CFL = .357E+00  dt = 0.5000E+00  final t = 0.492000E+03
 AMRCLAW: level  1  CFL = .357E+00  dt = 0.5000E+00  final t = 0.492500E+03
 AMRCLAW: level  1  CFL = .356E+00  dt = 0.5000E+00  final t = 0.493000E+03
 AMRCLAW: level  1  CFL = .356E+00  dt = 0.5000E+00  final t = 0.493500E+03
 AMRCLAW: level  1  CFL = .356E+00  dt = 0.5000E+00  final t = 0.494000E+03
 AMRCLAW: level  1  CFL = .356E+00  dt = 0.5000E+00  final t = 0.494500E+03
 AMRCLAW: level  1  CFL = .356E+00  dt = 0.5000E+00  final t = 0.495000E+03
 AMRCLAW: level  1  CFL = .356E+00  dt = 0.5000E+00  final t = 0.495500E+03
 AMRCLAW: level  1  CFL = .356E+00  dt = 0.5000E+00  final t = 0.496000E+03
 AMRCLAW: level  1  CFL = .356E+00  dt = 0.5000E+00  final t = 0.496500E+03
 AMRCLAW: level  1  CFL = .356E+00  dt = 0.5000E+00  final t = 0.497000E+03
 AMRCLAW: level  1  CFL = .356E+00  dt = 0.5000E+00  final t = 0.497500E+03
 AMRCLAW: level  1  CFL = .355E+00  dt = 0.5000E+00  final t = 0.498000E+03
 AMRCLAW: level  1  CFL = .355E+00  dt = 0.5000E+00  final t = 0.498500E+03
 AMRCLAW: level  1  CFL = .355E+00  dt = 0.5000E+00  final t = 0.499000E+03
 AMRCLAW: level  1  CFL = .355E+00  dt = 0.5000E+00  final t = 0.499500E+03
 AMRCLAW: level  1  CFL = .355E+00  dt = 0.5000E+00  final t = 0.500000E+03
 AMRCLAW: level  1  CFL = .355E+00  dt = 0.5000E+00  final t = 0.500500E+03
 AMRCLAW: level  1  CFL = .355E+00  dt = 0.5000E+00  final t = 0.501000E+03
 AMRCLAW: level  1  CFL = .355E+00  dt = 0.5000E+00  final t = 0.501500E+03
 AMRCLAW: level  1  CFL = .354E+00  dt = 0.5000E+00  final t = 0.502000E+03
 AMRCLAW: level  1  CFL = .354E+00  dt = 0.5000E+00  final t = 0.502500E+03
 AMRCLAW: level  1  CFL = .354E+00  dt = 0.5000E+00  final t = 0.503000E+03
 AMRCLAW: level  1  CFL = .354E+00  dt = 0.5000E+00  final t = 0.503500E+03
 AMRCLAW: level  1  CFL = .354E+00  dt = 0.5000E+00  final t = 0.504000E+03
 AMRCLAW: level  1  CFL = .353E+00  dt = 0.5000E+00  final t = 0.504500E+03
 AMRCLAW: level  1  CFL = .353E+00  dt = 0.5000E+00  final t = 0.505000E+03
 AMRCLAW: level  1  CFL = .352E+00  dt = 0.5000E+00  final t = 0.505500E+03
 AMRCLAW: level  1  CFL = .352E+00  dt = 0.5000E+00  final t = 0.506000E+03
 AMRCLAW: level  1  CFL = .351E+00  dt = 0.5000E+00  final t = 0.506500E+03
 AMRCLAW: level  1  CFL = .351E+00  dt = 0.5000E+00  final t = 0.507000E+03
 AMRCLAW: level  1  CFL = .350E+00  dt = 0.5000E+00  final t = 0.507500E+03
 AMRCLAW: level  1  CFL = .349E+00  dt = 0.5000E+00  final t = 0.508000E+03
 AMRCLAW: level  1  CFL = .349E+00  dt = 0.5000E+00  final t = 0.508500E+03
 AMRCLAW: level  1  CFL = .348E+00  dt = 0.5000E+00  final t = 0.509000E+03
 AMRCLAW: level  1  CFL = .347E+00  dt = 0.5000E+00  final t = 0.509500E+03
 AMRCLAW: level  1  CFL = .346E+00  dt = 0.5000E+00  final t = 0.510000E+03
GEOCLAW: Frame   17 output files done at time t =  0.510000D+03

 AMRCLAW: level  1  CFL = .345E+00  dt = 0.5000E+00  final t = 0.510500E+03
 AMRCLAW: level  1  CFL = .344E+00  dt = 0.5000E+00  final t = 0.511000E+03
 AMRCLAW: level  1  CFL = .343E+00  dt = 0.5000E+00  final t = 0.511500E+03
 AMRCLAW: level  1  CFL = .342E+00  dt = 0.5000E+00  final t = 0.512000E+03
 AMRCLAW: level  1  CFL = .342E+00  dt = 0.5000E+00  final t = 0.512500E+03
 AMRCLAW: level  1  CFL = .341E+00  dt = 0.5000E+00  final t = 0.513000E+03
 AMRCLAW: level  1  CFL = .340E+00  dt = 0.5000E+00  final t = 0.513500E+03
 AMRCLAW: level  1  CFL = .339E+00  dt = 0.5000E+00  final t = 0.514000E+03
 AMRCLAW: level  1  CFL = .338E+00  dt = 0.5000E+00  final t = 0.514500E+03
 AMRCLAW: level  1  CFL = .337E+00  dt = 0.5000E+00  final t = 0.515000E+03
 AMRCLAW: level  1  CFL = .336E+00  dt = 0.5000E+00  final t = 0.515500E+03
 AMRCLAW: level  1  CFL = .336E+00  dt = 0.5000E+00  final t = 0.516000E+03
 AMRCLAW: level  1  CFL = .335E+00  dt = 0.5000E+00  final t = 0.516500E+03
 AMRCLAW: level  1  CFL = .335E+00  dt = 0.5000E+00  final t = 0.517000E+03
 AMRCLAW: level  1  CFL = .334E+00  dt = 0.5000E+00  final t = 0.517500E+03
 AMRCLAW: level  1  CFL = .334E+00  dt = 0.5000E+00  final t = 0.518000E+03
 AMRCLAW: level  1  CFL = .333E+00  dt = 0.5000E+00  final t = 0.518500E+03
 AMRCLAW: level  1  CFL = .333E+00  dt = 0.5000E+00  final t = 0.519000E+03
 AMRCLAW: level  1  CFL = .333E+00  dt = 0.5000E+00  final t = 0.519500E+03
 AMRCLAW: level  1  CFL = .333E+00  dt = 0.5000E+00  final t = 0.520000E+03
 AMRCLAW: level  1  CFL = .333E+00  dt = 0.5000E+00  final t = 0.520500E+03
 AMRCLAW: level  1  CFL = .333E+00  dt = 0.5000E+00  final t = 0.521000E+03
 AMRCLAW: level  1  CFL = .333E+00  dt = 0.5000E+00  final t = 0.521500E+03
 AMRCLAW: level  1  CFL = .332E+00  dt = 0.5000E+00  final t = 0.522000E+03
 AMRCLAW: level  1  CFL = .332E+00  dt = 0.5000E+00  final t = 0.522500E+03
 AMRCLAW: level  1  CFL = .332E+00  dt = 0.5000E+00  final t = 0.523000E+03
 AMRCLAW: level  1  CFL = .332E+00  dt = 0.5000E+00  final t = 0.523500E+03
 AMRCLAW: level  1  CFL = .332E+00  dt = 0.5000E+00  final t = 0.524000E+03
 AMRCLAW: level  1  CFL = .332E+00  dt = 0.5000E+00  final t = 0.524500E+03
 AMRCLAW: level  1  CFL = .332E+00  dt = 0.5000E+00  final t = 0.525000E+03
 AMRCLAW: level  1  CFL = .332E+00  dt = 0.5000E+00  final t = 0.525500E+03
 AMRCLAW: level  1  CFL = .332E+00  dt = 0.5000E+00  final t = 0.526000E+03
 AMRCLAW: level  1  CFL = .331E+00  dt = 0.5000E+00  final t = 0.526500E+03
 AMRCLAW: level  1  CFL = .331E+00  dt = 0.5000E+00  final t = 0.527000E+03
 AMRCLAW: level  1  CFL = .331E+00  dt = 0.5000E+00  final t = 0.527500E+03
 AMRCLAW: level  1  CFL = .331E+00  dt = 0.5000E+00  final t = 0.528000E+03
 AMRCLAW: level  1  CFL = .331E+00  dt = 0.5000E+00  final t = 0.528500E+03
 AMRCLAW: level  1  CFL = .330E+00  dt = 0.5000E+00  final t = 0.529000E+03
 AMRCLAW: level  1  CFL = .330E+00  dt = 0.5000E+00  final t = 0.529500E+03
 AMRCLAW: level  1  CFL = .330E+00  dt = 0.5000E+00  final t = 0.530000E+03
 AMRCLAW: level  1  CFL = .330E+00  dt = 0.5000E+00  final t = 0.530500E+03
 AMRCLAW: level  1  CFL = .329E+00  dt = 0.5000E+00  final t = 0.531000E+03
 AMRCLAW: level  1  CFL = .329E+00  dt = 0.5000E+00  final t = 0.531500E+03
 AMRCLAW: level  1  CFL = .329E+00  dt = 0.5000E+00  final t = 0.532000E+03
 AMRCLAW: level  1  CFL = .329E+00  dt = 0.5000E+00  final t = 0.532500E+03
 AMRCLAW: level  1  CFL = .328E+00  dt = 0.5000E+00  final t = 0.533000E+03
 AMRCLAW: level  1  CFL = .328E+00  dt = 0.5000E+00  final t = 0.533500E+03
 AMRCLAW: level  1  CFL = .328E+00  dt = 0.5000E+00  final t = 0.534000E+03
 AMRCLAW: level  1  CFL = .327E+00  dt = 0.5000E+00  final t = 0.534500E+03
 AMRCLAW: level  1  CFL = .327E+00  dt = 0.5000E+00  final t = 0.535000E+03
 AMRCLAW: level  1  CFL = .327E+00  dt = 0.5000E+00  final t = 0.535500E+03
 AMRCLAW: level  1  CFL = .327E+00  dt = 0.5000E+00  final t = 0.536000E+03
 AMRCLAW: level  1  CFL = .326E+00  dt = 0.5000E+00  final t = 0.536500E+03
 AMRCLAW: level  1  CFL = .326E+00  dt = 0.5000E+00  final t = 0.537000E+03
 AMRCLAW: level  1  CFL = .326E+00  dt = 0.5000E+00  final t = 0.537500E+03
 AMRCLAW: level  1  CFL = .325E+00  dt = 0.5000E+00  final t = 0.538000E+03
 AMRCLAW: level  1  CFL = .325E+00  dt = 0.5000E+00  final t = 0.538500E+03
 AMRCLAW: level  1  CFL = .325E+00  dt = 0.5000E+00  final t = 0.539000E+03
 AMRCLAW: level  1  CFL = .325E+00  dt = 0.5000E+00  final t = 0.539500E+03
 AMRCLAW: level  1  CFL = .324E+00  dt = 0.5000E+00  final t = 0.540000E+03
GEOCLAW: Frame   18 output files done at time t =  0.540000D+03

 AMRCLAW: level  1  CFL = .324E+00  dt = 0.5000E+00  final t = 0.540500E+03
 AMRCLAW: level  1  CFL = .324E+00  dt = 0.5000E+00  final t = 0.541000E+03
 AMRCLAW: level  1  CFL = .324E+00  dt = 0.5000E+00  final t = 0.541500E+03
 AMRCLAW: level  1  CFL = .323E+00  dt = 0.5000E+00  final t = 0.542000E+03
 AMRCLAW: level  1  CFL = .323E+00  dt = 0.5000E+00  final t = 0.542500E+03
 AMRCLAW: level  1  CFL = .323E+00  dt = 0.5000E+00  final t = 0.543000E+03
 AMRCLAW: level  1  CFL = .323E+00  dt = 0.5000E+00  final t = 0.543500E+03
 AMRCLAW: level  1  CFL = .322E+00  dt = 0.5000E+00  final t = 0.544000E+03
 AMRCLAW: level  1  CFL = .322E+00  dt = 0.5000E+00  final t = 0.544500E+03
 AMRCLAW: level  1  CFL = .322E+00  dt = 0.5000E+00  final t = 0.545000E+03
 AMRCLAW: level  1  CFL = .322E+00  dt = 0.5000E+00  final t = 0.545500E+03
 AMRCLAW: level  1  CFL = .321E+00  dt = 0.5000E+00  final t = 0.546000E+03
 AMRCLAW: level  1  CFL = .321E+00  dt = 0.5000E+00  final t = 0.546500E+03
 AMRCLAW: level  1  CFL = .321E+00  dt = 0.5000E+00  final t = 0.547000E+03
 AMRCLAW: level  1  CFL = .321E+00  dt = 0.5000E+00  final t = 0.547500E+03
 AMRCLAW: level  1  CFL = .321E+00  dt = 0.5000E+00  final t = 0.548000E+03
 AMRCLAW: level  1  CFL = .320E+00  dt = 0.5000E+00  final t = 0.548500E+03
 AMRCLAW: level  1  CFL = .320E+00  dt = 0.5000E+00  final t = 0.549000E+03
 AMRCLAW: level  1  CFL = .320E+00  dt = 0.5000E+00  final t = 0.549500E+03
 AMRCLAW: level  1  CFL = .320E+00  dt = 0.5000E+00  final t = 0.550000E+03
 AMRCLAW: level  1  CFL = .319E+00  dt = 0.5000E+00  final t = 0.550500E+03
 AMRCLAW: level  1  CFL = .319E+00  dt = 0.5000E+00  final t = 0.551000E+03
 AMRCLAW: level  1  CFL = .319E+00  dt = 0.5000E+00  final t = 0.551500E+03
 AMRCLAW: level  1  CFL = .318E+00  dt = 0.5000E+00  final t = 0.552000E+03
 AMRCLAW: level  1  CFL = .318E+00  dt = 0.5000E+00  final t = 0.552500E+03
 AMRCLAW: level  1  CFL = .318E+00  dt = 0.5000E+00  final t = 0.553000E+03
 AMRCLAW: level  1  CFL = .317E+00  dt = 0.5000E+00  final t = 0.553500E+03
 AMRCLAW: level  1  CFL = .317E+00  dt = 0.5000E+00  final t = 0.554000E+03
 AMRCLAW: level  1  CFL = .316E+00  dt = 0.5000E+00  final t = 0.554500E+03
 AMRCLAW: level  1  CFL = .315E+00  dt = 0.5000E+00  final t = 0.555000E+03
 AMRCLAW: level  1  CFL = .314E+00  dt = 0.5000E+00  final t = 0.555500E+03
 AMRCLAW: level  1  CFL = .312E+00  dt = 0.5000E+00  final t = 0.556000E+03
 AMRCLAW: level  1  CFL = .310E+00  dt = 0.5000E+00  final t = 0.556500E+03
 AMRCLAW: level  1  CFL = .308E+00  dt = 0.5000E+00  final t = 0.557000E+03
 AMRCLAW: level  1  CFL = .305E+00  dt = 0.5000E+00  final t = 0.557500E+03
 AMRCLAW: level  1  CFL = .301E+00  dt = 0.5000E+00  final t = 0.558000E+03
 AMRCLAW: level  1  CFL = .300E+00  dt = 0.5000E+00  final t = 0.558500E+03
 AMRCLAW: level  1  CFL = .300E+00  dt = 0.5000E+00  final t = 0.559000E+03
 AMRCLAW: level  1  CFL = .300E+00  dt = 0.5000E+00  final t = 0.559500E+03
 AMRCLAW: level  1  CFL = .299E+00  dt = 0.5000E+00  final t = 0.560000E+03
 AMRCLAW: level  1  CFL = .299E+00  dt = 0.5000E+00  final t = 0.560500E+03
 AMRCLAW: level  1  CFL = .299E+00  dt = 0.5000E+00  final t = 0.561000E+03
 AMRCLAW: level  1  CFL = .299E+00  dt = 0.5000E+00  final t = 0.561500E+03
 AMRCLAW: level  1  CFL = .298E+00  dt = 0.5000E+00  final t = 0.562000E+03
 AMRCLAW: level  1  CFL = .298E+00  dt = 0.5000E+00  final t = 0.562500E+03
 AMRCLAW: level  1  CFL = .297E+00  dt = 0.5000E+00  final t = 0.563000E+03
 AMRCLAW: level  1  CFL = .297E+00  dt = 0.5000E+00  final t = 0.563500E+03
 AMRCLAW: level  1  CFL = .298E+00  dt = 0.5000E+00  final t = 0.564000E+03
 AMRCLAW: level  1  CFL = .299E+00  dt = 0.5000E+00  final t = 0.564500E+03
 AMRCLAW: level  1  CFL = .300E+00  dt = 0.5000E+00  final t = 0.565000E+03
 AMRCLAW: level  1  CFL = .301E+00  dt = 0.5000E+00  final t = 0.565500E+03
 AMRCLAW: level  1  CFL = .303E+00  dt = 0.5000E+00  final t = 0.566000E+03
 AMRCLAW: level  1  CFL = .304E+00  dt = 0.5000E+00  final t = 0.566500E+03
 AMRCLAW: level  1  CFL = .304E+00  dt = 0.5000E+00  final t = 0.567000E+03
 AMRCLAW: level  1  CFL = .305E+00  dt = 0.5000E+00  final t = 0.567500E+03
 AMRCLAW: level  1  CFL = .305E+00  dt = 0.5000E+00  final t = 0.568000E+03
 AMRCLAW: level  1  CFL = .305E+00  dt = 0.5000E+00  final t = 0.568500E+03
 AMRCLAW: level  1  CFL = .305E+00  dt = 0.5000E+00  final t = 0.569000E+03
 AMRCLAW: level  1  CFL = .305E+00  dt = 0.5000E+00  final t = 0.569500E+03
 AMRCLAW: level  1  CFL = .305E+00  dt = 0.5000E+00  final t = 0.570000E+03
GEOCLAW: Frame   19 output files done at time t =  0.570000D+03

 AMRCLAW: level  1  CFL = .305E+00  dt = 0.5000E+00  final t = 0.570500E+03
 AMRCLAW: level  1  CFL = .305E+00  dt = 0.5000E+00  final t = 0.571000E+03
 AMRCLAW: level  1  CFL = .304E+00  dt = 0.5000E+00  final t = 0.571500E+03
 AMRCLAW: level  1  CFL = .304E+00  dt = 0.5000E+00  final t = 0.572000E+03
 AMRCLAW: level  1  CFL = .304E+00  dt = 0.5000E+00  final t = 0.572500E+03
 AMRCLAW: level  1  CFL = .303E+00  dt = 0.5000E+00  final t = 0.573000E+03
 AMRCLAW: level  1  CFL = .303E+00  dt = 0.5000E+00  final t = 0.573500E+03
 AMRCLAW: level  1  CFL = .303E+00  dt = 0.5000E+00  final t = 0.574000E+03
 AMRCLAW: level  1  CFL = .301E+00  dt = 0.5000E+00  final t = 0.574500E+03
 AMRCLAW: level  1  CFL = .301E+00  dt = 0.5000E+00  final t = 0.575000E+03
 AMRCLAW: level  1  CFL = .300E+00  dt = 0.5000E+00  final t = 0.575500E+03
 AMRCLAW: level  1  CFL = .300E+00  dt = 0.5000E+00  final t = 0.576000E+03
 AMRCLAW: level  1  CFL = .300E+00  dt = 0.5000E+00  final t = 0.576500E+03
 AMRCLAW: level  1  CFL = .300E+00  dt = 0.5000E+00  final t = 0.577000E+03
 AMRCLAW: level  1  CFL = .299E+00  dt = 0.5000E+00  final t = 0.577500E+03
 AMRCLAW: level  1  CFL = .299E+00  dt = 0.5000E+00  final t = 0.578000E+03
 AMRCLAW: level  1  CFL = .299E+00  dt = 0.5000E+00  final t = 0.578500E+03
 AMRCLAW: level  1  CFL = .298E+00  dt = 0.5000E+00  final t = 0.579000E+03
 AMRCLAW: level  1  CFL = .297E+00  dt = 0.5000E+00  final t = 0.579500E+03
 AMRCLAW: level  1  CFL = .296E+00  dt = 0.5000E+00  final t = 0.580000E+03
 AMRCLAW: level  1  CFL = .294E+00  dt = 0.5000E+00  final t = 0.580500E+03
 AMRCLAW: level  1  CFL = .292E+00  dt = 0.5000E+00  final t = 0.581000E+03
 AMRCLAW: level  1  CFL = .290E+00  dt = 0.5000E+00  final t = 0.581500E+03
 AMRCLAW: level  1  CFL = .287E+00  dt = 0.5000E+00  final t = 0.582000E+03
 AMRCLAW: level  1  CFL = .284E+00  dt = 0.5000E+00  final t = 0.582500E+03
 AMRCLAW: level  1  CFL = .281E+00  dt = 0.5000E+00  final t = 0.583000E+03
 AMRCLAW: level  1  CFL = .278E+00  dt = 0.5000E+00  final t = 0.583500E+03
 AMRCLAW: level  1  CFL = .274E+00  dt = 0.5000E+00  final t = 0.584000E+03
 AMRCLAW: level  1  CFL = .270E+00  dt = 0.5000E+00  final t = 0.584500E+03
 AMRCLAW: level  1  CFL = .267E+00  dt = 0.5000E+00  final t = 0.585000E+03
 AMRCLAW: level  1  CFL = .263E+00  dt = 0.5000E+00  final t = 0.585500E+03
 AMRCLAW: level  1  CFL = .260E+00  dt = 0.5000E+00  final t = 0.586000E+03
 AMRCLAW: level  1  CFL = .258E+00  dt = 0.5000E+00  final t = 0.586500E+03
 AMRCLAW: level  1  CFL = .258E+00  dt = 0.5000E+00  final t = 0.587000E+03
 AMRCLAW: level  1  CFL = .257E+00  dt = 0.5000E+00  final t = 0.587500E+03
 AMRCLAW: level  1  CFL = .257E+00  dt = 0.5000E+00  final t = 0.588000E+03
 AMRCLAW: level  1  CFL = .257E+00  dt = 0.5000E+00  final t = 0.588500E+03
 AMRCLAW: level  1  CFL = .257E+00  dt = 0.5000E+00  final t = 0.589000E+03
 AMRCLAW: level  1  CFL = .257E+00  dt = 0.5000E+00  final t = 0.589500E+03
 AMRCLAW: level  1  CFL = .257E+00  dt = 0.5000E+00  final t = 0.590000E+03
 AMRCLAW: level  1  CFL = .257E+00  dt = 0.5000E+00  final t = 0.590500E+03
 AMRCLAW: level  1  CFL = .257E+00  dt = 0.5000E+00  final t = 0.591000E+03
 AMRCLAW: level  1  CFL = .257E+00  dt = 0.5000E+00  final t = 0.591500E+03
 AMRCLAW: level  1  CFL = .257E+00  dt = 0.5000E+00  final t = 0.592000E+03
 AMRCLAW: level  1  CFL = .257E+00  dt = 0.5000E+00  final t = 0.592500E+03
 AMRCLAW: level  1  CFL = .257E+00  dt = 0.5000E+00  final t = 0.593000E+03
 AMRCLAW: level  1  CFL = .257E+00  dt = 0.5000E+00  final t = 0.593500E+03
 AMRCLAW: level  1  CFL = .257E+00  dt = 0.5000E+00  final t = 0.594000E+03
 AMRCLAW: level  1  CFL = .257E+00  dt = 0.5000E+00  final t = 0.594500E+03
 AMRCLAW: level  1  CFL = .257E+00  dt = 0.5000E+00  final t = 0.595000E+03
 AMRCLAW: level  1  CFL = .257E+00  dt = 0.5000E+00  final t = 0.595500E+03
 AMRCLAW: level  1  CFL = .258E+00  dt = 0.5000E+00  final t = 0.596000E+03
 AMRCLAW: level  1  CFL = .258E+00  dt = 0.5000E+00  final t = 0.596500E+03
 AMRCLAW: level  1  CFL = .258E+00  dt = 0.5000E+00  final t = 0.597000E+03
 AMRCLAW: level  1  CFL = .258E+00  dt = 0.5000E+00  final t = 0.597500E+03
 AMRCLAW: level  1  CFL = .258E+00  dt = 0.5000E+00  final t = 0.598000E+03
 AMRCLAW: level  1  CFL = .258E+00  dt = 0.5000E+00  final t = 0.598500E+03
 AMRCLAW: level  1  CFL = .258E+00  dt = 0.5000E+00  final t = 0.599000E+03
 AMRCLAW: level  1  CFL = .258E+00  dt = 0.5000E+00  final t = 0.599500E+03
 AMRCLAW: level  1  CFL = .258E+00  dt = 0.5000E+00  final t = 0.600000E+03
GEOCLAW: Frame   20 output files done at time t =  0.600000D+03

 AMRCLAW: level  1  CFL = .258E+00  dt = 0.5000E+00  final t = 0.600500E+03
 AMRCLAW: level  1  CFL = .258E+00  dt = 0.5000E+00  final t = 0.601000E+03
 AMRCLAW: level  1  CFL = .258E+00  dt = 0.5000E+00  final t = 0.601500E+03
 AMRCLAW: level  1  CFL = .258E+00  dt = 0.5000E+00  final t = 0.602000E+03
 AMRCLAW: level  1  CFL = .258E+00  dt = 0.5000E+00  final t = 0.602500E+03
 AMRCLAW: level  1  CFL = .258E+00  dt = 0.5000E+00  final t = 0.603000E+03
 AMRCLAW: level  1  CFL = .258E+00  dt = 0.5000E+00  final t = 0.603500E+03
 AMRCLAW: level  1  CFL = .258E+00  dt = 0.5000E+00  final t = 0.604000E+03
 AMRCLAW: level  1  CFL = .258E+00  dt = 0.5000E+00  final t = 0.604500E+03
 AMRCLAW: level  1  CFL = .258E+00  dt = 0.5000E+00  final t = 0.605000E+03
 AMRCLAW: level  1  CFL = .258E+00  dt = 0.5000E+00  final t = 0.605500E+03
 AMRCLAW: level  1  CFL = .258E+00  dt = 0.5000E+00  final t = 0.606000E+03
 AMRCLAW: level  1  CFL = .258E+00  dt = 0.5000E+00  final t = 0.606500E+03
 AMRCLAW: level  1  CFL = .258E+00  dt = 0.5000E+00  final t = 0.607000E+03
 AMRCLAW: level  1  CFL = .258E+00  dt = 0.5000E+00  final t = 0.607500E+03
 AMRCLAW: level  1  CFL = .258E+00  dt = 0.5000E+00  final t = 0.608000E+03
 AMRCLAW: level  1  CFL = .258E+00  dt = 0.5000E+00  final t = 0.608500E+03
 AMRCLAW: level  1  CFL = .258E+00  dt = 0.5000E+00  final t = 0.609000E+03
 AMRCLAW: level  1  CFL = .258E+00  dt = 0.5000E+00  final t = 0.609500E+03
 AMRCLAW: level  1  CFL = .258E+00  dt = 0.5000E+00  final t = 0.610000E+03
 AMRCLAW: level  1  CFL = .258E+00  dt = 0.5000E+00  final t = 0.610500E+03
 AMRCLAW: level  1  CFL = .258E+00  dt = 0.5000E+00  final t = 0.611000E+03
 AMRCLAW: level  1  CFL = .258E+00  dt = 0.5000E+00  final t = 0.611500E+03
 AMRCLAW: level  1  CFL = .258E+00  dt = 0.5000E+00  final t = 0.612000E+03
 AMRCLAW: level  1  CFL = .258E+00  dt = 0.5000E+00  final t = 0.612500E+03
 AMRCLAW: level  1  CFL = .258E+00  dt = 0.5000E+00  final t = 0.613000E+03
 AMRCLAW: level  1  CFL = .257E+00  dt = 0.5000E+00  final t = 0.613500E+03
 AMRCLAW: level  1  CFL = .257E+00  dt = 0.5000E+00  final t = 0.614000E+03
 AMRCLAW: level  1  CFL = .257E+00  dt = 0.5000E+00  final t = 0.614500E+03
 AMRCLAW: level  1  CFL = .257E+00  dt = 0.5000E+00  final t = 0.615000E+03
 AMRCLAW: level  1  CFL = .257E+00  dt = 0.5000E+00  final t = 0.615500E+03
 AMRCLAW: level  1  CFL = .257E+00  dt = 0.5000E+00  final t = 0.616000E+03
 AMRCLAW: level  1  CFL = .257E+00  dt = 0.5000E+00  final t = 0.616500E+03
 AMRCLAW: level  1  CFL = .257E+00  dt = 0.5000E+00  final t = 0.617000E+03
 AMRCLAW: level  1  CFL = .257E+00  dt = 0.5000E+00  final t = 0.617500E+03
 AMRCLAW: level  1  CFL = .257E+00  dt = 0.5000E+00  final t = 0.618000E+03
 AMRCLAW: level  1  CFL = .257E+00  dt = 0.5000E+00  final t = 0.618500E+03
 AMRCLAW: level  1  CFL = .257E+00  dt = 0.5000E+00  final t = 0.619000E+03
 AMRCLAW: level  1  CFL = .257E+00  dt = 0.5000E+00  final t = 0.619500E+03
 AMRCLAW: level  1  CFL = .257E+00  dt = 0.5000E+00  final t = 0.620000E+03
 AMRCLAW: level  1  CFL = .256E+00  dt = 0.5000E+00  final t = 0.620500E+03
 AMRCLAW: level  1  CFL = .256E+00  dt = 0.5000E+00  final t = 0.621000E+03
 AMRCLAW: level  1  CFL = .256E+00  dt = 0.5000E+00  final t = 0.621500E+03
 AMRCLAW: level  1  CFL = .256E+00  dt = 0.5000E+00  final t = 0.622000E+03
 AMRCLAW: level  1  CFL = .256E+00  dt = 0.5000E+00  final t = 0.622500E+03
 AMRCLAW: level  1  CFL = .256E+00  dt = 0.5000E+00  final t = 0.623000E+03
 AMRCLAW: level  1  CFL = .256E+00  dt = 0.5000E+00  final t = 0.623500E+03
 AMRCLAW: level  1  CFL = .256E+00  dt = 0.5000E+00  final t = 0.624000E+03
 AMRCLAW: level  1  CFL = .256E+00  dt = 0.5000E+00  final t = 0.624500E+03
 AMRCLAW: level  1  CFL = .256E+00  dt = 0.5000E+00  final t = 0.625000E+03
 AMRCLAW: level  1  CFL = .256E+00  dt = 0.5000E+00  final t = 0.625500E+03
 AMRCLAW: level  1  CFL = .256E+00  dt = 0.5000E+00  final t = 0.626000E+03
 AMRCLAW: level  1  CFL = .256E+00  dt = 0.5000E+00  final t = 0.626500E+03
 AMRCLAW: level  1  CFL = .256E+00  dt = 0.5000E+00  final t = 0.627000E+03
 AMRCLAW: level  1  CFL = .255E+00  dt = 0.5000E+00  final t = 0.627500E+03
 AMRCLAW: level  1  CFL = .255E+00  dt = 0.5000E+00  final t = 0.628000E+03
 AMRCLAW: level  1  CFL = .255E+00  dt = 0.5000E+00  final t = 0.628500E+03
 AMRCLAW: level  1  CFL = .255E+00  dt = 0.5000E+00  final t = 0.629000E+03
 AMRCLAW: level  1  CFL = .255E+00  dt = 0.5000E+00  final t = 0.629500E+03
 AMRCLAW: level  1  CFL = .255E+00  dt = 0.5000E+00  final t = 0.630000E+03
GEOCLAW: Frame   21 output files done at time t =  0.630000D+03

 AMRCLAW: level  1  CFL = .255E+00  dt = 0.5000E+00  final t = 0.630500E+03
 AMRCLAW: level  1  CFL = .255E+00  dt = 0.5000E+00  final t = 0.631000E+03
 AMRCLAW: level  1  CFL = .255E+00  dt = 0.5000E+00  final t = 0.631500E+03
 AMRCLAW: level  1  CFL = .255E+00  dt = 0.5000E+00  final t = 0.632000E+03
 AMRCLAW: level  1  CFL = .255E+00  dt = 0.5000E+00  final t = 0.632500E+03
 AMRCLAW: level  1  CFL = .255E+00  dt = 0.5000E+00  final t = 0.633000E+03
 AMRCLAW: level  1  CFL = .255E+00  dt = 0.5000E+00  final t = 0.633500E+03
 AMRCLAW: level  1  CFL = .255E+00  dt = 0.5000E+00  final t = 0.634000E+03
 AMRCLAW: level  1  CFL = .255E+00  dt = 0.5000E+00  final t = 0.634500E+03
 AMRCLAW: level  1  CFL = .255E+00  dt = 0.5000E+00  final t = 0.635000E+03
 AMRCLAW: level  1  CFL = .255E+00  dt = 0.5000E+00  final t = 0.635500E+03
 AMRCLAW: level  1  CFL = .254E+00  dt = 0.5000E+00  final t = 0.636000E+03
 AMRCLAW: level  1  CFL = .254E+00  dt = 0.5000E+00  final t = 0.636500E+03
 AMRCLAW: level  1  CFL = .254E+00  dt = 0.5000E+00  final t = 0.637000E+03
 AMRCLAW: level  1  CFL = .254E+00  dt = 0.5000E+00  final t = 0.637500E+03
 AMRCLAW: level  1  CFL = .254E+00  dt = 0.5000E+00  final t = 0.638000E+03
 AMRCLAW: level  1  CFL = .254E+00  dt = 0.5000E+00  final t = 0.638500E+03
 AMRCLAW: level  1  CFL = .254E+00  dt = 0.5000E+00  final t = 0.639000E+03
 AMRCLAW: level  1  CFL = .254E+00  dt = 0.5000E+00  final t = 0.639500E+03
 AMRCLAW: level  1  CFL = .254E+00  dt = 0.5000E+00  final t = 0.640000E+03
 AMRCLAW: level  1  CFL = .254E+00  dt = 0.5000E+00  final t = 0.640500E+03
 AMRCLAW: level  1  CFL = .254E+00  dt = 0.5000E+00  final t = 0.641000E+03
 AMRCLAW: level  1  CFL = .254E+00  dt = 0.5000E+00  final t = 0.641500E+03
 AMRCLAW: level  1  CFL = .254E+00  dt = 0.5000E+00  final t = 0.642000E+03
 AMRCLAW: level  1  CFL = .254E+00  dt = 0.5000E+00  final t = 0.642500E+03
 AMRCLAW: level  1  CFL = .254E+00  dt = 0.5000E+00  final t = 0.643000E+03
 AMRCLAW: level  1  CFL = .254E+00  dt = 0.5000E+00  final t = 0.643500E+03
 AMRCLAW: level  1  CFL = .254E+00  dt = 0.5000E+00  final t = 0.644000E+03
 AMRCLAW: level  1  CFL = .254E+00  dt = 0.5000E+00  final t = 0.644500E+03
 AMRCLAW: level  1  CFL = .254E+00  dt = 0.5000E+00  final t = 0.645000E+03
 AMRCLAW: level  1  CFL = .254E+00  dt = 0.5000E+00  final t = 0.645500E+03
 AMRCLAW: level  1  CFL = .254E+00  dt = 0.5000E+00  final t = 0.646000E+03
 AMRCLAW: level  1  CFL = .253E+00  dt = 0.5000E+00  final t = 0.646500E+03
 AMRCLAW: level  1  CFL = .253E+00  dt = 0.5000E+00  final t = 0.647000E+03
 AMRCLAW: level  1  CFL = .253E+00  dt = 0.5000E+00  final t = 0.647500E+03
 AMRCLAW: level  1  CFL = .253E+00  dt = 0.5000E+00  final t = 0.648000E+03
 AMRCLAW: level  1  CFL = .253E+00  dt = 0.5000E+00  final t = 0.648500E+03
 AMRCLAW: level  1  CFL = .253E+00  dt = 0.5000E+00  final t = 0.649000E+03
 AMRCLAW: level  1  CFL = .253E+00  dt = 0.5000E+00  final t = 0.649500E+03
 AMRCLAW: level  1  CFL = .253E+00  dt = 0.5000E+00  final t = 0.650000E+03
 AMRCLAW: level  1  CFL = .253E+00  dt = 0.5000E+00  final t = 0.650500E+03
 AMRCLAW: level  1  CFL = .253E+00  dt = 0.5000E+00  final t = 0.651000E+03
 AMRCLAW: level  1  CFL = .253E+00  dt = 0.5000E+00  final t = 0.651500E+03
 AMRCLAW: level  1  CFL = .253E+00  dt = 0.5000E+00  final t = 0.652000E+03
 AMRCLAW: level  1  CFL = .253E+00  dt = 0.5000E+00  final t = 0.652500E+03
 AMRCLAW: level  1  CFL = .253E+00  dt = 0.5000E+00  final t = 0.653000E+03
 AMRCLAW: level  1  CFL = .253E+00  dt = 0.5000E+00  final t = 0.653500E+03
 AMRCLAW: level  1  CFL = .253E+00  dt = 0.5000E+00  final t = 0.654000E+03
 AMRCLAW: level  1  CFL = .253E+00  dt = 0.5000E+00  final t = 0.654500E+03
 AMRCLAW: level  1  CFL = .272E+00  dt = 0.5000E+00  final t = 0.655000E+03
 AMRCLAW: level  1  CFL = .253E+00  dt = 0.5000E+00  final t = 0.655500E+03
 AMRCLAW: level  1  CFL = .253E+00  dt = 0.5000E+00  final t = 0.656000E+03
 AMRCLAW: level  1  CFL = .253E+00  dt = 0.5000E+00  final t = 0.656500E+03
 AMRCLAW: level  1  CFL = .253E+00  dt = 0.5000E+00  final t = 0.657000E+03
 AMRCLAW: level  1  CFL = .254E+00  dt = 0.5000E+00  final t = 0.657500E+03
 AMRCLAW: level  1  CFL = .255E+00  dt = 0.5000E+00  final t = 0.658000E+03
 AMRCLAW: level  1  CFL = .256E+00  dt = 0.5000E+00  final t = 0.658500E+03
 AMRCLAW: level  1  CFL = .257E+00  dt = 0.5000E+00  final t = 0.659000E+03
 AMRCLAW: level  1  CFL = .258E+00  dt = 0.5000E+00  final t = 0.659500E+03
 AMRCLAW: level  1  CFL = .259E+00  dt = 0.5000E+00  final t = 0.660000E+03
GEOCLAW: Frame   22 output files done at time t =  0.660000D+03

 AMRCLAW: level  1  CFL = .260E+00  dt = 0.5000E+00  final t = 0.660500E+03
 AMRCLAW: level  1  CFL = .261E+00  dt = 0.5000E+00  final t = 0.661000E+03
 AMRCLAW: level  1  CFL = .262E+00  dt = 0.5000E+00  final t = 0.661500E+03
 AMRCLAW: level  1  CFL = .263E+00  dt = 0.5000E+00  final t = 0.662000E+03
 AMRCLAW: level  1  CFL = .264E+00  dt = 0.5000E+00  final t = 0.662500E+03
 AMRCLAW: level  1  CFL = .265E+00  dt = 0.5000E+00  final t = 0.663000E+03
 AMRCLAW: level  1  CFL = .266E+00  dt = 0.5000E+00  final t = 0.663500E+03
 AMRCLAW: level  1  CFL = .266E+00  dt = 0.5000E+00  final t = 0.664000E+03
 AMRCLAW: level  1  CFL = .267E+00  dt = 0.5000E+00  final t = 0.664500E+03
 AMRCLAW: level  1  CFL = .268E+00  dt = 0.5000E+00  final t = 0.665000E+03
 AMRCLAW: level  1  CFL = .269E+00  dt = 0.5000E+00  final t = 0.665500E+03
 AMRCLAW: level  1  CFL = .269E+00  dt = 0.5000E+00  final t = 0.666000E+03
 AMRCLAW: level  1  CFL = .270E+00  dt = 0.5000E+00  final t = 0.666500E+03
 AMRCLAW: level  1  CFL = .271E+00  dt = 0.5000E+00  final t = 0.667000E+03
 AMRCLAW: level  1  CFL = .271E+00  dt = 0.5000E+00  final t = 0.667500E+03
 AMRCLAW: level  1  CFL = .272E+00  dt = 0.5000E+00  final t = 0.668000E+03
 AMRCLAW: level  1  CFL = .272E+00  dt = 0.5000E+00  final t = 0.668500E+03
 AMRCLAW: level  1  CFL = .273E+00  dt = 0.5000E+00  final t = 0.669000E+03
 AMRCLAW: level  1  CFL = .274E+00  dt = 0.5000E+00  final t = 0.669500E+03
 AMRCLAW: level  1  CFL = .274E+00  dt = 0.5000E+00  final t = 0.670000E+03
 AMRCLAW: level  1  CFL = .275E+00  dt = 0.5000E+00  final t = 0.670500E+03
 AMRCLAW: level  1  CFL = .276E+00  dt = 0.5000E+00  final t = 0.671000E+03
 AMRCLAW: level  1  CFL = .276E+00  dt = 0.5000E+00  final t = 0.671500E+03
 AMRCLAW: level  1  CFL = .277E+00  dt = 0.5000E+00  final t = 0.672000E+03
 AMRCLAW: level  1  CFL = .278E+00  dt = 0.5000E+00  final t = 0.672500E+03
 AMRCLAW: level  1  CFL = .278E+00  dt = 0.5000E+00  final t = 0.673000E+03
 AMRCLAW: level  1  CFL = .278E+00  dt = 0.5000E+00  final t = 0.673500E+03
 AMRCLAW: level  1  CFL = .279E+00  dt = 0.5000E+00  final t = 0.674000E+03
 AMRCLAW: level  1  CFL = .279E+00  dt = 0.5000E+00  final t = 0.674500E+03
 AMRCLAW: level  1  CFL = .279E+00  dt = 0.5000E+00  final t = 0.675000E+03
 AMRCLAW: level  1  CFL = .279E+00  dt = 0.5000E+00  final t = 0.675500E+03
 AMRCLAW: level  1  CFL = .278E+00  dt = 0.5000E+00  final t = 0.676000E+03
 AMRCLAW: level  1  CFL = .278E+00  dt = 0.5000E+00  final t = 0.676500E+03
 AMRCLAW: level  1  CFL = .278E+00  dt = 0.5000E+00  final t = 0.677000E+03
 AMRCLAW: level  1  CFL = .278E+00  dt = 0.5000E+00  final t = 0.677500E+03
 AMRCLAW: level  1  CFL = .278E+00  dt = 0.5000E+00  final t = 0.678000E+03
 AMRCLAW: level  1  CFL = .278E+00  dt = 0.5000E+00  final t = 0.678500E+03
 AMRCLAW: level  1  CFL = .278E+00  dt = 0.5000E+00  final t = 0.679000E+03
 AMRCLAW: level  1  CFL = .278E+00  dt = 0.5000E+00  final t = 0.679500E+03
 AMRCLAW: level  1  CFL = .277E+00  dt = 0.5000E+00  final t = 0.680000E+03
 AMRCLAW: level  1  CFL = .277E+00  dt = 0.5000E+00  final t = 0.680500E+03
 AMRCLAW: level  1  CFL = .277E+00  dt = 0.5000E+00  final t = 0.681000E+03
 AMRCLAW: level  1  CFL = .277E+00  dt = 0.5000E+00  final t = 0.681500E+03
 AMRCLAW: level  1  CFL = .277E+00  dt = 0.5000E+00  final t = 0.682000E+03
 AMRCLAW: level  1  CFL = .277E+00  dt = 0.5000E+00  final t = 0.682500E+03
 AMRCLAW: level  1  CFL = .277E+00  dt = 0.5000E+00  final t = 0.683000E+03
 AMRCLAW: level  1  CFL = .277E+00  dt = 0.5000E+00  final t = 0.683500E+03
 AMRCLAW: level  1  CFL = .277E+00  dt = 0.5000E+00  final t = 0.684000E+03
 AMRCLAW: level  1  CFL = .277E+00  dt = 0.5000E+00  final t = 0.684500E+03
 AMRCLAW: level  1  CFL = .276E+00  dt = 0.5000E+00  final t = 0.685000E+03
 AMRCLAW: level  1  CFL = .276E+00  dt = 0.5000E+00  final t = 0.685500E+03
 AMRCLAW: level  1  CFL = .276E+00  dt = 0.5000E+00  final t = 0.686000E+03
 AMRCLAW: level  1  CFL = .276E+00  dt = 0.5000E+00  final t = 0.686500E+03
 AMRCLAW: level  1  CFL = .276E+00  dt = 0.5000E+00  final t = 0.687000E+03
 AMRCLAW: level  1  CFL = .276E+00  dt = 0.5000E+00  final t = 0.687500E+03
 AMRCLAW: level  1  CFL = .281E+00  dt = 0.5000E+00  final t = 0.688000E+03
 AMRCLAW: level  1  CFL = .287E+00  dt = 0.5000E+00  final t = 0.688500E+03
 AMRCLAW: level  1  CFL = .293E+00  dt = 0.5000E+00  final t = 0.689000E+03
 AMRCLAW: level  1  CFL = .298E+00  dt = 0.5000E+00  final t = 0.689500E+03
 AMRCLAW: level  1  CFL = .275E+00  dt = 0.5000E+00  final t = 0.690000E+03
GEOCLAW: Frame   23 output files done at time t =  0.690000D+03

 AMRCLAW: level  1  CFL = .275E+00  dt = 0.5000E+00  final t = 0.690500E+03
 AMRCLAW: level  1  CFL = .275E+00  dt = 0.5000E+00  final t = 0.691000E+03
 AMRCLAW: level  1  CFL = .275E+00  dt = 0.5000E+00  final t = 0.691500E+03
 AMRCLAW: level  1  CFL = .275E+00  dt = 0.5000E+00  final t = 0.692000E+03
 AMRCLAW: level  1  CFL = .275E+00  dt = 0.5000E+00  final t = 0.692500E+03
 AMRCLAW: level  1  CFL = .275E+00  dt = 0.5000E+00  final t = 0.693000E+03
 AMRCLAW: level  1  CFL = .275E+00  dt = 0.5000E+00  final t = 0.693500E+03
 AMRCLAW: level  1  CFL = .275E+00  dt = 0.5000E+00  final t = 0.694000E+03
 AMRCLAW: level  1  CFL = .275E+00  dt = 0.5000E+00  final t = 0.694500E+03
 AMRCLAW: level  1  CFL = .275E+00  dt = 0.5000E+00  final t = 0.695000E+03
 AMRCLAW: level  1  CFL = .274E+00  dt = 0.5000E+00  final t = 0.695500E+03
 AMRCLAW: level  1  CFL = .274E+00  dt = 0.5000E+00  final t = 0.696000E+03
 AMRCLAW: level  1  CFL = .274E+00  dt = 0.5000E+00  final t = 0.696500E+03
 AMRCLAW: level  1  CFL = .274E+00  dt = 0.5000E+00  final t = 0.697000E+03
 AMRCLAW: level  1  CFL = .274E+00  dt = 0.5000E+00  final t = 0.697500E+03
 AMRCLAW: level  1  CFL = .274E+00  dt = 0.5000E+00  final t = 0.698000E+03
 AMRCLAW: level  1  CFL = .274E+00  dt = 0.5000E+00  final t = 0.698500E+03
 AMRCLAW: level  1  CFL = .274E+00  dt = 0.5000E+00  final t = 0.699000E+03
 AMRCLAW: level  1  CFL = .273E+00  dt = 0.5000E+00  final t = 0.699500E+03
 AMRCLAW: level  1  CFL = .273E+00  dt = 0.5000E+00  final t = 0.700000E+03
 AMRCLAW: level  1  CFL = .273E+00  dt = 0.5000E+00  final t = 0.700500E+03
 AMRCLAW: level  1  CFL = .273E+00  dt = 0.5000E+00  final t = 0.701000E+03
 AMRCLAW: level  1  CFL = .273E+00  dt = 0.5000E+00  final t = 0.701500E+03
 AMRCLAW: level  1  CFL = .273E+00  dt = 0.5000E+00  final t = 0.702000E+03
 AMRCLAW: level  1  CFL = .272E+00  dt = 0.5000E+00  final t = 0.702500E+03
 AMRCLAW: level  1  CFL = .272E+00  dt = 0.5000E+00  final t = 0.703000E+03
 AMRCLAW: level  1  CFL = .272E+00  dt = 0.5000E+00  final t = 0.703500E+03
 AMRCLAW: level  1  CFL = .272E+00  dt = 0.5000E+00  final t = 0.704000E+03
 AMRCLAW: level  1  CFL = .272E+00  dt = 0.5000E+00  final t = 0.704500E+03
 AMRCLAW: level  1  CFL = .271E+00  dt = 0.5000E+00  final t = 0.705000E+03
 AMRCLAW: level  1  CFL = .271E+00  dt = 0.5000E+00  final t = 0.705500E+03
 AMRCLAW: level  1  CFL = .271E+00  dt = 0.5000E+00  final t = 0.706000E+03
 AMRCLAW: level  1  CFL = .271E+00  dt = 0.5000E+00  final t = 0.706500E+03
 AMRCLAW: level  1  CFL = .270E+00  dt = 0.5000E+00  final t = 0.707000E+03
 AMRCLAW: level  1  CFL = .270E+00  dt = 0.5000E+00  final t = 0.707500E+03
 AMRCLAW: level  1  CFL = .270E+00  dt = 0.5000E+00  final t = 0.708000E+03
 AMRCLAW: level  1  CFL = .270E+00  dt = 0.5000E+00  final t = 0.708500E+03
 AMRCLAW: level  1  CFL = .269E+00  dt = 0.5000E+00  final t = 0.709000E+03
 AMRCLAW: level  1  CFL = .269E+00  dt = 0.5000E+00  final t = 0.709500E+03
 AMRCLAW: level  1  CFL = .269E+00  dt = 0.5000E+00  final t = 0.710000E+03
 AMRCLAW: level  1  CFL = .269E+00  dt = 0.5000E+00  final t = 0.710500E+03
 AMRCLAW: level  1  CFL = .268E+00  dt = 0.5000E+00  final t = 0.711000E+03
 AMRCLAW: level  1  CFL = .268E+00  dt = 0.5000E+00  final t = 0.711500E+03
 AMRCLAW: level  1  CFL = .268E+00  dt = 0.5000E+00  final t = 0.712000E+03
 AMRCLAW: level  1  CFL = .267E+00  dt = 0.5000E+00  final t = 0.712500E+03
 AMRCLAW: level  1  CFL = .267E+00  dt = 0.5000E+00  final t = 0.713000E+03
 AMRCLAW: level  1  CFL = .266E+00  dt = 0.5000E+00  final t = 0.713500E+03
 AMRCLAW: level  1  CFL = .266E+00  dt = 0.5000E+00  final t = 0.714000E+03
 AMRCLAW: level  1  CFL = .266E+00  dt = 0.5000E+00  final t = 0.714500E+03
 AMRCLAW: level  1  CFL = .265E+00  dt = 0.5000E+00  final t = 0.715000E+03
 AMRCLAW: level  1  CFL = .265E+00  dt = 0.5000E+00  final t = 0.715500E+03
 AMRCLAW: level  1  CFL = .264E+00  dt = 0.5000E+00  final t = 0.716000E+03
 AMRCLAW: level  1  CFL = .264E+00  dt = 0.5000E+00  final t = 0.716500E+03
 AMRCLAW: level  1  CFL = .263E+00  dt = 0.5000E+00  final t = 0.717000E+03
 AMRCLAW: level  1  CFL = .262E+00  dt = 0.5000E+00  final t = 0.717500E+03
 AMRCLAW: level  1  CFL = .262E+00  dt = 0.5000E+00  final t = 0.718000E+03
 AMRCLAW: level  1  CFL = .261E+00  dt = 0.5000E+00  final t = 0.718500E+03
 AMRCLAW: level  1  CFL = .260E+00  dt = 0.5000E+00  final t = 0.719000E+03
 AMRCLAW: level  1  CFL = .258E+00  dt = 0.5000E+00  final t = 0.719500E+03
 AMRCLAW: level  1  CFL = .257E+00  dt = 0.5000E+00  final t = 0.720000E+03
GEOCLAW: Frame   24 output files done at time t =  0.720000D+03

 AMRCLAW: level  1  CFL = .256E+00  dt = 0.5000E+00  final t = 0.720500E+03
 AMRCLAW: level  1  CFL = .255E+00  dt = 0.5000E+00  final t = 0.721000E+03
 AMRCLAW: level  1  CFL = .254E+00  dt = 0.5000E+00  final t = 0.721500E+03
 AMRCLAW: level  1  CFL = .253E+00  dt = 0.5000E+00  final t = 0.722000E+03
 AMRCLAW: level  1  CFL = .253E+00  dt = 0.5000E+00  final t = 0.722500E+03
 AMRCLAW: level  1  CFL = .252E+00  dt = 0.5000E+00  final t = 0.723000E+03
 AMRCLAW: level  1  CFL = .251E+00  dt = 0.5000E+00  final t = 0.723500E+03
 AMRCLAW: level  1  CFL = .250E+00  dt = 0.5000E+00  final t = 0.724000E+03
 AMRCLAW: level  1  CFL = .249E+00  dt = 0.5000E+00  final t = 0.724500E+03
 AMRCLAW: level  1  CFL = .249E+00  dt = 0.5000E+00  final t = 0.725000E+03
 AMRCLAW: level  1  CFL = .248E+00  dt = 0.5000E+00  final t = 0.725500E+03
 AMRCLAW: level  1  CFL = .247E+00  dt = 0.5000E+00  final t = 0.726000E+03
 AMRCLAW: level  1  CFL = .247E+00  dt = 0.5000E+00  final t = 0.726500E+03
 AMRCLAW: level  1  CFL = .246E+00  dt = 0.5000E+00  final t = 0.727000E+03
 AMRCLAW: level  1  CFL = .246E+00  dt = 0.5000E+00  final t = 0.727500E+03
 AMRCLAW: level  1  CFL = .245E+00  dt = 0.5000E+00  final t = 0.728000E+03
 AMRCLAW: level  1  CFL = .245E+00  dt = 0.5000E+00  final t = 0.728500E+03
 AMRCLAW: level  1  CFL = .244E+00  dt = 0.5000E+00  final t = 0.729000E+03
 AMRCLAW: level  1  CFL = .244E+00  dt = 0.5000E+00  final t = 0.729500E+03
 AMRCLAW: level  1  CFL = .244E+00  dt = 0.5000E+00  final t = 0.730000E+03
 AMRCLAW: level  1  CFL = .244E+00  dt = 0.5000E+00  final t = 0.730500E+03
 AMRCLAW: level  1  CFL = .244E+00  dt = 0.5000E+00  final t = 0.731000E+03
 AMRCLAW: level  1  CFL = .244E+00  dt = 0.5000E+00  final t = 0.731500E+03
 AMRCLAW: level  1  CFL = .244E+00  dt = 0.5000E+00  final t = 0.732000E+03
 AMRCLAW: level  1  CFL = .244E+00  dt = 0.5000E+00  final t = 0.732500E+03
 AMRCLAW: level  1  CFL = .244E+00  dt = 0.5000E+00  final t = 0.733000E+03
 AMRCLAW: level  1  CFL = .244E+00  dt = 0.5000E+00  final t = 0.733500E+03
 AMRCLAW: level  1  CFL = .244E+00  dt = 0.5000E+00  final t = 0.734000E+03
 AMRCLAW: level  1  CFL = .244E+00  dt = 0.5000E+00  final t = 0.734500E+03
 AMRCLAW: level  1  CFL = .243E+00  dt = 0.5000E+00  final t = 0.735000E+03
 AMRCLAW: level  1  CFL = .243E+00  dt = 0.5000E+00  final t = 0.735500E+03
 AMRCLAW: level  1  CFL = .243E+00  dt = 0.5000E+00  final t = 0.736000E+03
 AMRCLAW: level  1  CFL = .243E+00  dt = 0.5000E+00  final t = 0.736500E+03
 AMRCLAW: level  1  CFL = .243E+00  dt = 0.5000E+00  final t = 0.737000E+03
 AMRCLAW: level  1  CFL = .243E+00  dt = 0.5000E+00  final t = 0.737500E+03
 AMRCLAW: level  1  CFL = .243E+00  dt = 0.5000E+00  final t = 0.738000E+03
 AMRCLAW: level  1  CFL = .243E+00  dt = 0.5000E+00  final t = 0.738500E+03
 AMRCLAW: level  1  CFL = .243E+00  dt = 0.5000E+00  final t = 0.739000E+03
 AMRCLAW: level  1  CFL = .243E+00  dt = 0.5000E+00  final t = 0.739500E+03
 AMRCLAW: level  1  CFL = .243E+00  dt = 0.5000E+00  final t = 0.740000E+03
 AMRCLAW: level  1  CFL = .300E+00  dt = 0.5000E+00  final t = 0.740500E+03
 AMRCLAW: level  1  CFL = .242E+00  dt = 0.5000E+00  final t = 0.741000E+03
 AMRCLAW: level  1  CFL = .242E+00  dt = 0.5000E+00  final t = 0.741500E+03
 AMRCLAW: level  1  CFL = .242E+00  dt = 0.5000E+00  final t = 0.742000E+03
 AMRCLAW: level  1  CFL = .242E+00  dt = 0.5000E+00  final t = 0.742500E+03
 AMRCLAW: level  1  CFL = .242E+00  dt = 0.5000E+00  final t = 0.743000E+03
 AMRCLAW: level  1  CFL = .241E+00  dt = 0.5000E+00  final t = 0.743500E+03
 AMRCLAW: level  1  CFL = .241E+00  dt = 0.5000E+00  final t = 0.744000E+03
 AMRCLAW: level  1  CFL = .241E+00  dt = 0.5000E+00  final t = 0.744500E+03
 AMRCLAW: level  1  CFL = .241E+00  dt = 0.5000E+00  final t = 0.745000E+03
 AMRCLAW: level  1  CFL = .240E+00  dt = 0.5000E+00  final t = 0.745500E+03
 AMRCLAW: level  1  CFL = .240E+00  dt = 0.5000E+00  final t = 0.746000E+03
 AMRCLAW: level  1  CFL = .240E+00  dt = 0.5000E+00  final t = 0.746500E+03
 AMRCLAW: level  1  CFL = .239E+00  dt = 0.5000E+00  final t = 0.747000E+03
 AMRCLAW: level  1  CFL = .239E+00  dt = 0.5000E+00  final t = 0.747500E+03
 AMRCLAW: level  1  CFL = .238E+00  dt = 0.5000E+00  final t = 0.748000E+03
 AMRCLAW: level  1  CFL = .238E+00  dt = 0.5000E+00  final t = 0.748500E+03
 AMRCLAW: level  1  CFL = .238E+00  dt = 0.5000E+00  final t = 0.749000E+03
 AMRCLAW: level  1  CFL = .238E+00  dt = 0.5000E+00  final t = 0.749500E+03
 AMRCLAW: level  1  CFL = .237E+00  dt = 0.5000E+00  final t = 0.750000E+03
GEOCLAW: Frame   25 output files done at time t =  0.750000D+03

 AMRCLAW: level  1  CFL = .237E+00  dt = 0.5000E+00  final t = 0.750500E+03
 AMRCLAW: level  1  CFL = .237E+00  dt = 0.5000E+00  final t = 0.751000E+03
 AMRCLAW: level  1  CFL = .237E+00  dt = 0.5000E+00  final t = 0.751500E+03
 AMRCLAW: level  1  CFL = .237E+00  dt = 0.5000E+00  final t = 0.752000E+03
 AMRCLAW: level  1  CFL = .237E+00  dt = 0.5000E+00  final t = 0.752500E+03
 AMRCLAW: level  1  CFL = .237E+00  dt = 0.5000E+00  final t = 0.753000E+03
 AMRCLAW: level  1  CFL = .237E+00  dt = 0.5000E+00  final t = 0.753500E+03
 AMRCLAW: level  1  CFL = .237E+00  dt = 0.5000E+00  final t = 0.754000E+03
 AMRCLAW: level  1  CFL = .237E+00  dt = 0.5000E+00  final t = 0.754500E+03
 AMRCLAW: level  1  CFL = .237E+00  dt = 0.5000E+00  final t = 0.755000E+03
 AMRCLAW: level  1  CFL = .237E+00  dt = 0.5000E+00  final t = 0.755500E+03
 AMRCLAW: level  1  CFL = .237E+00  dt = 0.5000E+00  final t = 0.756000E+03
 AMRCLAW: level  1  CFL = .237E+00  dt = 0.5000E+00  final t = 0.756500E+03
 AMRCLAW: level  1  CFL = .237E+00  dt = 0.5000E+00  final t = 0.757000E+03
 AMRCLAW: level  1  CFL = .237E+00  dt = 0.5000E+00  final t = 0.757500E+03
 AMRCLAW: level  1  CFL = .237E+00  dt = 0.5000E+00  final t = 0.758000E+03
 AMRCLAW: level  1  CFL = .237E+00  dt = 0.5000E+00  final t = 0.758500E+03
 AMRCLAW: level  1  CFL = .296E+00  dt = 0.5000E+00  final t = 0.759000E+03
 AMRCLAW: level  1  CFL = .236E+00  dt = 0.5000E+00  final t = 0.759500E+03
 AMRCLAW: level  1  CFL = .236E+00  dt = 0.5000E+00  final t = 0.760000E+03
 AMRCLAW: level  1  CFL = .236E+00  dt = 0.5000E+00  final t = 0.760500E+03
 AMRCLAW: level  1  CFL = .236E+00  dt = 0.5000E+00  final t = 0.761000E+03
 AMRCLAW: level  1  CFL = .236E+00  dt = 0.5000E+00  final t = 0.761500E+03
 AMRCLAW: level  1  CFL = .236E+00  dt = 0.5000E+00  final t = 0.762000E+03
 AMRCLAW: level  1  CFL = .236E+00  dt = 0.5000E+00  final t = 0.762500E+03
 AMRCLAW: level  1  CFL = .236E+00  dt = 0.5000E+00  final t = 0.763000E+03
 AMRCLAW: level  1  CFL = .236E+00  dt = 0.5000E+00  final t = 0.763500E+03
 AMRCLAW: level  1  CFL = .236E+00  dt = 0.5000E+00  final t = 0.764000E+03
 AMRCLAW: level  1  CFL = .236E+00  dt = 0.5000E+00  final t = 0.764500E+03
 AMRCLAW: level  1  CFL = .236E+00  dt = 0.5000E+00  final t = 0.765000E+03
 AMRCLAW: level  1  CFL = .236E+00  dt = 0.5000E+00  final t = 0.765500E+03
 AMRCLAW: level  1  CFL = .236E+00  dt = 0.5000E+00  final t = 0.766000E+03
 AMRCLAW: level  1  CFL = .236E+00  dt = 0.5000E+00  final t = 0.766500E+03
 AMRCLAW: level  1  CFL = .236E+00  dt = 0.5000E+00  final t = 0.767000E+03
 AMRCLAW: level  1  CFL = .236E+00  dt = 0.5000E+00  final t = 0.767500E+03
 AMRCLAW: level  1  CFL = .236E+00  dt = 0.5000E+00  final t = 0.768000E+03
 AMRCLAW: level  1  CFL = .236E+00  dt = 0.5000E+00  final t = 0.768500E+03
 AMRCLAW: level  1  CFL = .236E+00  dt = 0.5000E+00  final t = 0.769000E+03
 AMRCLAW: level  1  CFL = .236E+00  dt = 0.5000E+00  final t = 0.769500E+03
 AMRCLAW: level  1  CFL = .236E+00  dt = 0.5000E+00  final t = 0.770000E+03
 AMRCLAW: level  1  CFL = .236E+00  dt = 0.5000E+00  final t = 0.770500E+03
 AMRCLAW: level  1  CFL = .236E+00  dt = 0.5000E+00  final t = 0.771000E+03
 AMRCLAW: level  1  CFL = .236E+00  dt = 0.5000E+00  final t = 0.771500E+03
 AMRCLAW: level  1  CFL = .236E+00  dt = 0.5000E+00  final t = 0.772000E+03
 AMRCLAW: level  1  CFL = .236E+00  dt = 0.5000E+00  final t = 0.772500E+03
 AMRCLAW: level  1  CFL = .236E+00  dt = 0.5000E+00  final t = 0.773000E+03
 AMRCLAW: level  1  CFL = .236E+00  dt = 0.5000E+00  final t = 0.773500E+03
 AMRCLAW: level  1  CFL = .236E+00  dt = 0.5000E+00  final t = 0.774000E+03
 AMRCLAW: level  1  CFL = .236E+00  dt = 0.5000E+00  final t = 0.774500E+03
 AMRCLAW: level  1  CFL = .275E+00  dt = 0.5000E+00  final t = 0.775000E+03
 AMRCLAW: level  1  CFL = .236E+00  dt = 0.5000E+00  final t = 0.775500E+03
 AMRCLAW: level  1  CFL = .236E+00  dt = 0.5000E+00  final t = 0.776000E+03
 AMRCLAW: level  1  CFL = .236E+00  dt = 0.5000E+00  final t = 0.776500E+03
 AMRCLAW: level  1  CFL = .236E+00  dt = 0.5000E+00  final t = 0.777000E+03
 AMRCLAW: level  1  CFL = .236E+00  dt = 0.5000E+00  final t = 0.777500E+03
 AMRCLAW: level  1  CFL = .236E+00  dt = 0.5000E+00  final t = 0.778000E+03
 AMRCLAW: level  1  CFL = .236E+00  dt = 0.5000E+00  final t = 0.778500E+03
 AMRCLAW: level  1  CFL = .236E+00  dt = 0.5000E+00  final t = 0.779000E+03
 AMRCLAW: level  1  CFL = .235E+00  dt = 0.5000E+00  final t = 0.779500E+03
 AMRCLAW: level  1  CFL = .235E+00  dt = 0.5000E+00  final t = 0.780000E+03
GEOCLAW: Frame   26 output files done at time t =  0.780000D+03

 AMRCLAW: level  1  CFL = .235E+00  dt = 0.5000E+00  final t = 0.780500E+03
 AMRCLAW: level  1  CFL = .235E+00  dt = 0.5000E+00  final t = 0.781000E+03
 AMRCLAW: level  1  CFL = .235E+00  dt = 0.5000E+00  final t = 0.781500E+03
 AMRCLAW: level  1  CFL = .235E+00  dt = 0.5000E+00  final t = 0.782000E+03
 AMRCLAW: level  1  CFL = .235E+00  dt = 0.5000E+00  final t = 0.782500E+03
 AMRCLAW: level  1  CFL = .235E+00  dt = 0.5000E+00  final t = 0.783000E+03
 AMRCLAW: level  1  CFL = .235E+00  dt = 0.5000E+00  final t = 0.783500E+03
 AMRCLAW: level  1  CFL = .235E+00  dt = 0.5000E+00  final t = 0.784000E+03
 AMRCLAW: level  1  CFL = .235E+00  dt = 0.5000E+00  final t = 0.784500E+03
 AMRCLAW: level  1  CFL = .235E+00  dt = 0.5000E+00  final t = 0.785000E+03
 AMRCLAW: level  1  CFL = .235E+00  dt = 0.5000E+00  final t = 0.785500E+03
 AMRCLAW: level  1  CFL = .235E+00  dt = 0.5000E+00  final t = 0.786000E+03
 AMRCLAW: level  1  CFL = .235E+00  dt = 0.5000E+00  final t = 0.786500E+03
 AMRCLAW: level  1  CFL = .235E+00  dt = 0.5000E+00  final t = 0.787000E+03
 AMRCLAW: level  1  CFL = .235E+00  dt = 0.5000E+00  final t = 0.787500E+03
 AMRCLAW: level  1  CFL = .235E+00  dt = 0.5000E+00  final t = 0.788000E+03
 AMRCLAW: level  1  CFL = .235E+00  dt = 0.5000E+00  final t = 0.788500E+03
 AMRCLAW: level  1  CFL = .235E+00  dt = 0.5000E+00  final t = 0.789000E+03
 AMRCLAW: level  1  CFL = .235E+00  dt = 0.5000E+00  final t = 0.789500E+03
 AMRCLAW: level  1  CFL = .235E+00  dt = 0.5000E+00  final t = 0.790000E+03
 AMRCLAW: level  1  CFL = .235E+00  dt = 0.5000E+00  final t = 0.790500E+03
 AMRCLAW: level  1  CFL = .235E+00  dt = 0.5000E+00  final t = 0.791000E+03
 AMRCLAW: level  1  CFL = .235E+00  dt = 0.5000E+00  final t = 0.791500E+03
 AMRCLAW: level  1  CFL = .235E+00  dt = 0.5000E+00  final t = 0.792000E+03
 AMRCLAW: level  1  CFL = .235E+00  dt = 0.5000E+00  final t = 0.792500E+03
 AMRCLAW: level  1  CFL = .235E+00  dt = 0.5000E+00  final t = 0.793000E+03
 AMRCLAW: level  1  CFL = .235E+00  dt = 0.5000E+00  final t = 0.793500E+03
 AMRCLAW: level  1  CFL = .235E+00  dt = 0.5000E+00  final t = 0.794000E+03
 AMRCLAW: level  1  CFL = .235E+00  dt = 0.5000E+00  final t = 0.794500E+03
 AMRCLAW: level  1  CFL = .235E+00  dt = 0.5000E+00  final t = 0.795000E+03
 AMRCLAW: level  1  CFL = .235E+00  dt = 0.5000E+00  final t = 0.795500E+03
 AMRCLAW: level  1  CFL = .235E+00  dt = 0.5000E+00  final t = 0.796000E+03
 AMRCLAW: level  1  CFL = .235E+00  dt = 0.5000E+00  final t = 0.796500E+03
 AMRCLAW: level  1  CFL = .235E+00  dt = 0.5000E+00  final t = 0.797000E+03
 AMRCLAW: level  1  CFL = .235E+00  dt = 0.5000E+00  final t = 0.797500E+03
 AMRCLAW: level  1  CFL = .235E+00  dt = 0.5000E+00  final t = 0.798000E+03
 AMRCLAW: level  1  CFL = .235E+00  dt = 0.5000E+00  final t = 0.798500E+03
 AMRCLAW: level  1  CFL = .235E+00  dt = 0.5000E+00  final t = 0.799000E+03
 AMRCLAW: level  1  CFL = .235E+00  dt = 0.5000E+00  final t = 0.799500E+03
 AMRCLAW: level  1  CFL = .235E+00  dt = 0.5000E+00  final t = 0.800000E+03
 AMRCLAW: level  1  CFL = .235E+00  dt = 0.5000E+00  final t = 0.800500E+03
 AMRCLAW: level  1  CFL = .235E+00  dt = 0.5000E+00  final t = 0.801000E+03
 AMRCLAW: level  1  CFL = .235E+00  dt = 0.5000E+00  final t = 0.801500E+03
 AMRCLAW: level  1  CFL = .235E+00  dt = 0.5000E+00  final t = 0.802000E+03
 AMRCLAW: level  1  CFL = .235E+00  dt = 0.5000E+00  final t = 0.802500E+03
 AMRCLAW: level  1  CFL = .235E+00  dt = 0.5000E+00  final t = 0.803000E+03
 AMRCLAW: level  1  CFL = .235E+00  dt = 0.5000E+00  final t = 0.803500E+03
 AMRCLAW: level  1  CFL = .235E+00  dt = 0.5000E+00  final t = 0.804000E+03
 AMRCLAW: level  1  CFL = .235E+00  dt = 0.5000E+00  final t = 0.804500E+03
 AMRCLAW: level  1  CFL = .235E+00  dt = 0.5000E+00  final t = 0.805000E+03
 AMRCLAW: level  1  CFL = .235E+00  dt = 0.5000E+00  final t = 0.805500E+03
 AMRCLAW: level  1  CFL = .235E+00  dt = 0.5000E+00  final t = 0.806000E+03
 AMRCLAW: level  1  CFL = .235E+00  dt = 0.5000E+00  final t = 0.806500E+03
 AMRCLAW: level  1  CFL = .235E+00  dt = 0.5000E+00  final t = 0.807000E+03
 AMRCLAW: level  1  CFL = .235E+00  dt = 0.5000E+00  final t = 0.807500E+03
 AMRCLAW: level  1  CFL = .235E+00  dt = 0.5000E+00  final t = 0.808000E+03
 AMRCLAW: level  1  CFL = .235E+00  dt = 0.5000E+00  final t = 0.808500E+03
 AMRCLAW: level  1  CFL = .235E+00  dt = 0.5000E+00  final t = 0.809000E+03
 AMRCLAW: level  1  CFL = .235E+00  dt = 0.5000E+00  final t = 0.809500E+03
 AMRCLAW: level  1  CFL = .235E+00  dt = 0.5000E+00  final t = 0.810000E+03
GEOCLAW: Frame   27 output files done at time t =  0.810000D+03

 AMRCLAW: level  1  CFL = .235E+00  dt = 0.5000E+00  final t = 0.810500E+03
 AMRCLAW: level  1  CFL = .235E+00  dt = 0.5000E+00  final t = 0.811000E+03
 AMRCLAW: level  1  CFL = .235E+00  dt = 0.5000E+00  final t = 0.811500E+03
 AMRCLAW: level  1  CFL = .235E+00  dt = 0.5000E+00  final t = 0.812000E+03
 AMRCLAW: level  1  CFL = .235E+00  dt = 0.5000E+00  final t = 0.812500E+03
 AMRCLAW: level  1  CFL = .235E+00  dt = 0.5000E+00  final t = 0.813000E+03
 AMRCLAW: level  1  CFL = .235E+00  dt = 0.5000E+00  final t = 0.813500E+03
 AMRCLAW: level  1  CFL = .235E+00  dt = 0.5000E+00  final t = 0.814000E+03
 AMRCLAW: level  1  CFL = .235E+00  dt = 0.5000E+00  final t = 0.814500E+03
 AMRCLAW: level  1  CFL = .235E+00  dt = 0.5000E+00  final t = 0.815000E+03
 AMRCLAW: level  1  CFL = .235E+00  dt = 0.5000E+00  final t = 0.815500E+03
 AMRCLAW: level  1  CFL = .234E+00  dt = 0.5000E+00  final t = 0.816000E+03
 AMRCLAW: level  1  CFL = .305E+00  dt = 0.5000E+00  final t = 0.816500E+03
 AMRCLAW: level  1  CFL = .234E+00  dt = 0.5000E+00  final t = 0.817000E+03
 AMRCLAW: level  1  CFL = .234E+00  dt = 0.5000E+00  final t = 0.817500E+03
 AMRCLAW: level  1  CFL = .234E+00  dt = 0.5000E+00  final t = 0.818000E+03
 AMRCLAW: level  1  CFL = .234E+00  dt = 0.5000E+00  final t = 0.818500E+03
 AMRCLAW: level  1  CFL = .234E+00  dt = 0.5000E+00  final t = 0.819000E+03
 AMRCLAW: level  1  CFL = .234E+00  dt = 0.5000E+00  final t = 0.819500E+03
 AMRCLAW: level  1  CFL = .233E+00  dt = 0.5000E+00  final t = 0.820000E+03
 AMRCLAW: level  1  CFL = .233E+00  dt = 0.5000E+00  final t = 0.820500E+03
 AMRCLAW: level  1  CFL = .232E+00  dt = 0.5000E+00  final t = 0.821000E+03
 AMRCLAW: level  1  CFL = .232E+00  dt = 0.5000E+00  final t = 0.821500E+03
 AMRCLAW: level  1  CFL = .231E+00  dt = 0.5000E+00  final t = 0.822000E+03
 AMRCLAW: level  1  CFL = .231E+00  dt = 0.5000E+00  final t = 0.822500E+03
 AMRCLAW: level  1  CFL = .230E+00  dt = 0.5000E+00  final t = 0.823000E+03
 AMRCLAW: level  1  CFL = .230E+00  dt = 0.5000E+00  final t = 0.823500E+03
 AMRCLAW: level  1  CFL = .231E+00  dt = 0.5000E+00  final t = 0.824000E+03
 AMRCLAW: level  1  CFL = .232E+00  dt = 0.5000E+00  final t = 0.824500E+03
 AMRCLAW: level  1  CFL = .231E+00  dt = 0.5000E+00  final t = 0.825000E+03
 AMRCLAW: level  1  CFL = .268E+00  dt = 0.5000E+00  final t = 0.825500E+03
 AMRCLAW: level  1  CFL = .231E+00  dt = 0.5000E+00  final t = 0.826000E+03
 AMRCLAW: level  1  CFL = .232E+00  dt = 0.5000E+00  final t = 0.826500E+03
 AMRCLAW: level  1  CFL = .234E+00  dt = 0.5000E+00  final t = 0.827000E+03
 AMRCLAW: level  1  CFL = .234E+00  dt = 0.5000E+00  final t = 0.827500E+03
 AMRCLAW: level  1  CFL = .235E+00  dt = 0.5000E+00  final t = 0.828000E+03
 AMRCLAW: level  1  CFL = .236E+00  dt = 0.5000E+00  final t = 0.828500E+03
 AMRCLAW: level  1  CFL = .237E+00  dt = 0.5000E+00  final t = 0.829000E+03
 AMRCLAW: level  1  CFL = .237E+00  dt = 0.5000E+00  final t = 0.829500E+03
 AMRCLAW: level  1  CFL = .238E+00  dt = 0.5000E+00  final t = 0.830000E+03
 AMRCLAW: level  1  CFL = .238E+00  dt = 0.5000E+00  final t = 0.830500E+03
 AMRCLAW: level  1  CFL = .239E+00  dt = 0.5000E+00  final t = 0.831000E+03
 AMRCLAW: level  1  CFL = .237E+00  dt = 0.5000E+00  final t = 0.831500E+03
 AMRCLAW: level  1  CFL = .237E+00  dt = 0.5000E+00  final t = 0.832000E+03
 AMRCLAW: level  1  CFL = .237E+00  dt = 0.5000E+00  final t = 0.832500E+03
 AMRCLAW: level  1  CFL = .238E+00  dt = 0.5000E+00  final t = 0.833000E+03
 AMRCLAW: level  1  CFL = .238E+00  dt = 0.5000E+00  final t = 0.833500E+03
 AMRCLAW: level  1  CFL = .239E+00  dt = 0.5000E+00  final t = 0.834000E+03
 AMRCLAW: level  1  CFL = .239E+00  dt = 0.5000E+00  final t = 0.834500E+03
 AMRCLAW: level  1  CFL = .239E+00  dt = 0.5000E+00  final t = 0.835000E+03
 AMRCLAW: level  1  CFL = .239E+00  dt = 0.5000E+00  final t = 0.835500E+03
 AMRCLAW: level  1  CFL = .240E+00  dt = 0.5000E+00  final t = 0.836000E+03
 AMRCLAW: level  1  CFL = .239E+00  dt = 0.5000E+00  final t = 0.836500E+03
 AMRCLAW: level  1  CFL = .240E+00  dt = 0.5000E+00  final t = 0.837000E+03
 AMRCLAW: level  1  CFL = .238E+00  dt = 0.5000E+00  final t = 0.837500E+03
 AMRCLAW: level  1  CFL = .237E+00  dt = 0.5000E+00  final t = 0.838000E+03
 AMRCLAW: level  1  CFL = .315E+00  dt = 0.5000E+00  final t = 0.838500E+03
 AMRCLAW: level  1  CFL = .238E+00  dt = 0.5000E+00  final t = 0.839000E+03
 AMRCLAW: level  1  CFL = .238E+00  dt = 0.5000E+00  final t = 0.839500E+03
 AMRCLAW: level  1  CFL = .239E+00  dt = 0.5000E+00  final t = 0.840000E+03
GEOCLAW: Frame   28 output files done at time t =  0.840000D+03

 AMRCLAW: level  1  CFL = .239E+00  dt = 0.5000E+00  final t = 0.840500E+03
 AMRCLAW: level  1  CFL = .240E+00  dt = 0.5000E+00  final t = 0.841000E+03
 AMRCLAW: level  1  CFL = .240E+00  dt = 0.5000E+00  final t = 0.841500E+03
 AMRCLAW: level  1  CFL = .240E+00  dt = 0.5000E+00  final t = 0.842000E+03
 AMRCLAW: level  1  CFL = .240E+00  dt = 0.5000E+00  final t = 0.842500E+03
 AMRCLAW: level  1  CFL = .239E+00  dt = 0.5000E+00  final t = 0.843000E+03
 AMRCLAW: level  1  CFL = .239E+00  dt = 0.5000E+00  final t = 0.843500E+03
 AMRCLAW: level  1  CFL = .239E+00  dt = 0.5000E+00  final t = 0.844000E+03
 AMRCLAW: level  1  CFL = .240E+00  dt = 0.5000E+00  final t = 0.844500E+03
 AMRCLAW: level  1  CFL = .241E+00  dt = 0.5000E+00  final t = 0.845000E+03
 AMRCLAW: level  1  CFL = .241E+00  dt = 0.5000E+00  final t = 0.845500E+03
 AMRCLAW: level  1  CFL = .241E+00  dt = 0.5000E+00  final t = 0.846000E+03
 AMRCLAW: level  1  CFL = .241E+00  dt = 0.5000E+00  final t = 0.846500E+03
 AMRCLAW: level  1  CFL = .242E+00  dt = 0.5000E+00  final t = 0.847000E+03
 AMRCLAW: level  1  CFL = .242E+00  dt = 0.5000E+00  final t = 0.847500E+03
 AMRCLAW: level  1  CFL = .241E+00  dt = 0.5000E+00  final t = 0.848000E+03
 AMRCLAW: level  1  CFL = .240E+00  dt = 0.5000E+00  final t = 0.848500E+03
 AMRCLAW: level  1  CFL = .241E+00  dt = 0.5000E+00  final t = 0.849000E+03
 AMRCLAW: level  1  CFL = .241E+00  dt = 0.5000E+00  final t = 0.849500E+03
 AMRCLAW: level  1  CFL = .241E+00  dt = 0.5000E+00  final t = 0.850000E+03
 AMRCLAW: level  1  CFL = .241E+00  dt = 0.5000E+00  final t = 0.850500E+03
 AMRCLAW: level  1  CFL = .241E+00  dt = 0.5000E+00  final t = 0.851000E+03
 AMRCLAW: level  1  CFL = .241E+00  dt = 0.5000E+00  final t = 0.851500E+03
 AMRCLAW: level  1  CFL = .236E+00  dt = 0.5000E+00  final t = 0.852000E+03
 AMRCLAW: level  1  CFL = .235E+00  dt = 0.5000E+00  final t = 0.852500E+03
 AMRCLAW: level  1  CFL = .236E+00  dt = 0.5000E+00  final t = 0.853000E+03
 AMRCLAW: level  1  CFL = .237E+00  dt = 0.5000E+00  final t = 0.853500E+03
 AMRCLAW: level  1  CFL = .237E+00  dt = 0.5000E+00  final t = 0.854000E+03
 AMRCLAW: level  1  CFL = .237E+00  dt = 0.5000E+00  final t = 0.854500E+03
 AMRCLAW: level  1  CFL = .237E+00  dt = 0.5000E+00  final t = 0.855000E+03
 AMRCLAW: level  1  CFL = .237E+00  dt = 0.5000E+00  final t = 0.855500E+03
 AMRCLAW: level  1  CFL = .236E+00  dt = 0.5000E+00  final t = 0.856000E+03
 AMRCLAW: level  1  CFL = .236E+00  dt = 0.5000E+00  final t = 0.856500E+03
 AMRCLAW: level  1  CFL = .234E+00  dt = 0.5000E+00  final t = 0.857000E+03
 AMRCLAW: level  1  CFL = .233E+00  dt = 0.5000E+00  final t = 0.857500E+03
 AMRCLAW: level  1  CFL = .232E+00  dt = 0.5000E+00  final t = 0.858000E+03
 AMRCLAW: level  1  CFL = .231E+00  dt = 0.5000E+00  final t = 0.858500E+03
 AMRCLAW: level  1  CFL = .229E+00  dt = 0.5000E+00  final t = 0.859000E+03
 AMRCLAW: level  1  CFL = .228E+00  dt = 0.5000E+00  final t = 0.859500E+03
 AMRCLAW: level  1  CFL = .226E+00  dt = 0.5000E+00  final t = 0.860000E+03
 AMRCLAW: level  1  CFL = .225E+00  dt = 0.5000E+00  final t = 0.860500E+03
 AMRCLAW: level  1  CFL = .225E+00  dt = 0.5000E+00  final t = 0.861000E+03
 AMRCLAW: level  1  CFL = .225E+00  dt = 0.5000E+00  final t = 0.861500E+03
 AMRCLAW: level  1  CFL = .225E+00  dt = 0.5000E+00  final t = 0.862000E+03
 AMRCLAW: level  1  CFL = .225E+00  dt = 0.5000E+00  final t = 0.862500E+03
 AMRCLAW: level  1  CFL = .225E+00  dt = 0.5000E+00  final t = 0.863000E+03
 AMRCLAW: level  1  CFL = .225E+00  dt = 0.5000E+00  final t = 0.863500E+03
 AMRCLAW: level  1  CFL = .225E+00  dt = 0.5000E+00  final t = 0.864000E+03
 AMRCLAW: level  1  CFL = .225E+00  dt = 0.5000E+00  final t = 0.864500E+03
 AMRCLAW: level  1  CFL = .225E+00  dt = 0.5000E+00  final t = 0.865000E+03
 AMRCLAW: level  1  CFL = .225E+00  dt = 0.5000E+00  final t = 0.865500E+03
 AMRCLAW: level  1  CFL = .225E+00  dt = 0.5000E+00  final t = 0.866000E+03
 AMRCLAW: level  1  CFL = .226E+00  dt = 0.5000E+00  final t = 0.866500E+03
 AMRCLAW: level  1  CFL = .226E+00  dt = 0.5000E+00  final t = 0.867000E+03
 AMRCLAW: level  1  CFL = .226E+00  dt = 0.5000E+00  final t = 0.867500E+03
 AMRCLAW: level  1  CFL = .226E+00  dt = 0.5000E+00  final t = 0.868000E+03
 AMRCLAW: level  1  CFL = .229E+00  dt = 0.5000E+00  final t = 0.868500E+03
 AMRCLAW: level  1  CFL = .230E+00  dt = 0.5000E+00  final t = 0.869000E+03
 AMRCLAW: level  1  CFL = .230E+00  dt = 0.5000E+00  final t = 0.869500E+03
 AMRCLAW: level  1  CFL = .230E+00  dt = 0.5000E+00  final t = 0.870000E+03
GEOCLAW: Frame   29 output files done at time t =  0.870000D+03

 AMRCLAW: level  1  CFL = .229E+00  dt = 0.5000E+00  final t = 0.870500E+03
 AMRCLAW: level  1  CFL = .228E+00  dt = 0.5000E+00  final t = 0.871000E+03
 AMRCLAW: level  1  CFL = .228E+00  dt = 0.5000E+00  final t = 0.871500E+03
 AMRCLAW: level  1  CFL = .228E+00  dt = 0.5000E+00  final t = 0.872000E+03
 AMRCLAW: level  1  CFL = .228E+00  dt = 0.5000E+00  final t = 0.872500E+03
 AMRCLAW: level  1  CFL = .229E+00  dt = 0.5000E+00  final t = 0.873000E+03
 AMRCLAW: level  1  CFL = .229E+00  dt = 0.5000E+00  final t = 0.873500E+03
 AMRCLAW: level  1  CFL = .229E+00  dt = 0.5000E+00  final t = 0.874000E+03
 AMRCLAW: level  1  CFL = .229E+00  dt = 0.5000E+00  final t = 0.874500E+03
 AMRCLAW: level  1  CFL = .229E+00  dt = 0.5000E+00  final t = 0.875000E+03
 AMRCLAW: level  1  CFL = .230E+00  dt = 0.5000E+00  final t = 0.875500E+03
 AMRCLAW: level  1  CFL = .230E+00  dt = 0.5000E+00  final t = 0.876000E+03
 AMRCLAW: level  1  CFL = .230E+00  dt = 0.5000E+00  final t = 0.876500E+03
 AMRCLAW: level  1  CFL = .230E+00  dt = 0.5000E+00  final t = 0.877000E+03
 AMRCLAW: level  1  CFL = .230E+00  dt = 0.5000E+00  final t = 0.877500E+03
 AMRCLAW: level  1  CFL = .230E+00  dt = 0.5000E+00  final t = 0.878000E+03
 AMRCLAW: level  1  CFL = .230E+00  dt = 0.5000E+00  final t = 0.878500E+03
 AMRCLAW: level  1  CFL = .230E+00  dt = 0.5000E+00  final t = 0.879000E+03
 AMRCLAW: level  1  CFL = .230E+00  dt = 0.5000E+00  final t = 0.879500E+03
 AMRCLAW: level  1  CFL = .230E+00  dt = 0.5000E+00  final t = 0.880000E+03
 AMRCLAW: level  1  CFL = .230E+00  dt = 0.5000E+00  final t = 0.880500E+03
 AMRCLAW: level  1  CFL = .230E+00  dt = 0.5000E+00  final t = 0.881000E+03
 AMRCLAW: level  1  CFL = .230E+00  dt = 0.5000E+00  final t = 0.881500E+03
 AMRCLAW: level  1  CFL = .230E+00  dt = 0.5000E+00  final t = 0.882000E+03
 AMRCLAW: level  1  CFL = .230E+00  dt = 0.5000E+00  final t = 0.882500E+03
 AMRCLAW: level  1  CFL = .249E+00  dt = 0.5000E+00  final t = 0.883000E+03
 AMRCLAW: level  1  CFL = .249E+00  dt = 0.5000E+00  final t = 0.883500E+03
 AMRCLAW: level  1  CFL = .230E+00  dt = 0.5000E+00  final t = 0.884000E+03
 AMRCLAW: level  1  CFL = .230E+00  dt = 0.5000E+00  final t = 0.884500E+03
 AMRCLAW: level  1  CFL = .230E+00  dt = 0.5000E+00  final t = 0.885000E+03
 AMRCLAW: level  1  CFL = .230E+00  dt = 0.5000E+00  final t = 0.885500E+03
 AMRCLAW: level  1  CFL = .230E+00  dt = 0.5000E+00  final t = 0.886000E+03
 AMRCLAW: level  1  CFL = .230E+00  dt = 0.5000E+00  final t = 0.886500E+03
 AMRCLAW: level  1  CFL = .230E+00  dt = 0.5000E+00  final t = 0.887000E+03
 AMRCLAW: level  1  CFL = .230E+00  dt = 0.5000E+00  final t = 0.887500E+03
 AMRCLAW: level  1  CFL = .230E+00  dt = 0.5000E+00  final t = 0.888000E+03
 AMRCLAW: level  1  CFL = .230E+00  dt = 0.5000E+00  final t = 0.888500E+03
 AMRCLAW: level  1  CFL = .230E+00  dt = 0.5000E+00  final t = 0.889000E+03
 AMRCLAW: level  1  CFL = .230E+00  dt = 0.5000E+00  final t = 0.889500E+03
 AMRCLAW: level  1  CFL = .230E+00  dt = 0.5000E+00  final t = 0.890000E+03
 AMRCLAW: level  1  CFL = .229E+00  dt = 0.5000E+00  final t = 0.890500E+03
 AMRCLAW: level  1  CFL = .229E+00  dt = 0.5000E+00  final t = 0.891000E+03
 AMRCLAW: level  1  CFL = .229E+00  dt = 0.5000E+00  final t = 0.891500E+03
 AMRCLAW: level  1  CFL = .229E+00  dt = 0.5000E+00  final t = 0.892000E+03
 AMRCLAW: level  1  CFL = .230E+00  dt = 0.5000E+00  final t = 0.892500E+03
 AMRCLAW: level  1  CFL = .230E+00  dt = 0.5000E+00  final t = 0.893000E+03
 AMRCLAW: level  1  CFL = .230E+00  dt = 0.5000E+00  final t = 0.893500E+03
 AMRCLAW: level  1  CFL = .230E+00  dt = 0.5000E+00  final t = 0.894000E+03
 AMRCLAW: level  1  CFL = .231E+00  dt = 0.5000E+00  final t = 0.894500E+03
 AMRCLAW: level  1  CFL = .232E+00  dt = 0.5000E+00  final t = 0.895000E+03
 AMRCLAW: level  1  CFL = .317E+00  dt = 0.5000E+00  final t = 0.895500E+03
 AMRCLAW: level  1  CFL = .317E+00  dt = 0.5000E+00  final t = 0.896000E+03
 AMRCLAW: level  1  CFL = .232E+00  dt = 0.5000E+00  final t = 0.896500E+03
 AMRCLAW: level  1  CFL = .232E+00  dt = 0.5000E+00  final t = 0.897000E+03
 AMRCLAW: level  1  CFL = .232E+00  dt = 0.5000E+00  final t = 0.897500E+03
 AMRCLAW: level  1  CFL = .233E+00  dt = 0.5000E+00  final t = 0.898000E+03
 AMRCLAW: level  1  CFL = .233E+00  dt = 0.5000E+00  final t = 0.898500E+03
 AMRCLAW: level  1  CFL = .233E+00  dt = 0.5000E+00  final t = 0.899000E+03
 AMRCLAW: level  1  CFL = .233E+00  dt = 0.5000E+00  final t = 0.899500E+03
 AMRCLAW: level  1  CFL = .234E+00  dt = 0.5000E+00  final t = 0.900000E+03
GEOCLAW: Frame   30 output files done at time t =  0.900000D+03

 Done integrating to time    900.00000000000000     
 Writing to file fgmax0001.txt                 
See fort.amr for more info on this run and memory usage

============================== Timing Data ==============================

Integration Time (stepgrid + BC + overhead)
Level           Wall Time (seconds)    CPU Time (seconds)   Total Cell Updates
  1                    71.393                259.851            0.833E+08
total                  71.393                259.851            0.833E+08

All levels:
stepgrid               71.194                259.344    
BC/ghost cells          0.191                  0.495
Regridding              0.000                  0.000  
Output (valout)         8.727                 11.722  

Total time:            80.508                272.442  
Using 12 thread(s)

Note: The CPU times are summed over all threads.
      Total time includes more than the subroutines listed above
Note: timings are also recorded for each output step
      in the file timing.csv.

=========================================================================

 maximum Courant number seen =    0.45638
