Reading data file: claw.data
         first 5 lines are comments and will be skipped
Reading data file: amr.data
         first 5 lines are comments and will be skipped
  
 Running amrclaw ...  
  
Reading data file: geoclaw.data
         first 5 lines are comments and will be skipped
Reading data file: refinement.data
         first 5 lines are comments and will be skipped
Reading data file: dtopo.data
         first 5 lines are comments and will be skipped
Reading data file: topo.data
         first 5 lines are comments and will be skipped
 *** in file: /root/autodl-tmp/Debris-flow-jilong-final/sim/dclaw/jilong_published_route_rebase/published_route_domain_64m.tt3
     Shifting xllcorner by 0.5*dx to cell center
 *** in file: /root/autodl-tmp/Debris-flow-jilong-final/sim/dclaw/jilong_published_route_rebase/published_route_domain_64m.tt3
     Shifting yllcorner by 0.5*dy to cell center
  
 Reading topography file  /root/autodl-tmp/Debris-flow-jilong-final/sim/dclaw/jilong_published_route_rebase/published_route_domain_64m.tt3                                      
 **** WARNING
 **** topo arrays do not quite cover domain
 **** area of overlap =    179568640.00000000     
 **** area of domain  =    181350400.00000000     
 **** error is less than 1% so proceeding...
Reading data file: auxinit_dclaw.data       
         first 5 lines are comments and will be skipped
  
 Reading auxinit file  /root/autodl-tmp/Debris-flow-jilong-final/sim/dclaw/jilong_published_route_rebase/entrainment/erodible_thickness_fullroute_8m.tt3                     
Reading data file: fgout_grids.data
         first 5 lines are comments and will be skipped
Reading data file: regions.data
         first 5 lines are comments and will be skipped
Reading data file: flagregions.data
         first 5 lines are comments and will be skipped
Reading data file: gauges.data
         first 5 lines are comments and will be skipped
Reading data file: fgmax_grids.data
         first 5 lines are comments and will be skipped
 +++ fgbb:    338894.00000000000        356430.00000000000        3127228.0000000000        3137468.0000000000     
 +++ fgll:    338894.00000000000        3127228.0000000000              275         161
 +++ fg%x(npts), fg%y(1):    356430.00000000000        3127228.0000000000     
Reading data file: dclaw.data               
         first 5 lines are comments and will be skipped
Reading data file: pinit_dclaw.data         
         first 5 lines are comments and will be skipped
Reading data file: qinit_dclaw.data         
         first 5 lines are comments and will be skipped
Reading data file: flowgrades.data          
         first 5 lines are comments and will be skipped
 rnode allocated...
 node allocated...
 listOfGrids allocated...
 Storage allocated...
 bndList allocated...
Gridding level   1 at t =  0.000000E+00:     1 grids with       44275 cells
  max threads set to           12
  
 Done reading data, starting computation ...  
  
 Total mass at initial time:    0.0000000000000000     
GEOCLAW: Frame    0 output files done at time t =  0.000000D+00

 AMRCLAW: level  1  CFL = .000E+00  dt = 0.5000E-01  final t = 0.500000E-01
 AMRCLAW: level  1  CFL = .000E+00  dt = 0.5000E+00  final t = 0.550000E+00
 AMRCLAW: level  1  CFL = .153E-01  dt = 0.5000E+00  final t = 0.105000E+01
 AMRCLAW: level  1  CFL = .376E-01  dt = 0.5000E+00  final t = 0.155000E+01
 AMRCLAW: level  1  CFL = .531E-01  dt = 0.5000E+00  final t = 0.205000E+01
 AMRCLAW: level  1  CFL = .737E-01  dt = 0.5000E+00  final t = 0.255000E+01
 AMRCLAW: level  1  CFL = .934E-01  dt = 0.5000E+00  final t = 0.305000E+01
 AMRCLAW: level  1  CFL = .112E+00  dt = 0.5000E+00  final t = 0.355000E+01
 AMRCLAW: level  1  CFL = .130E+00  dt = 0.5000E+00  final t = 0.405000E+01
 AMRCLAW: level  1  CFL = .147E+00  dt = 0.5000E+00  final t = 0.455000E+01
 AMRCLAW: level  1  CFL = .163E+00  dt = 0.5000E+00  final t = 0.505000E+01
 AMRCLAW: level  1  CFL = .178E+00  dt = 0.5000E+00  final t = 0.555000E+01
 AMRCLAW: level  1  CFL = .191E+00  dt = 0.5000E+00  final t = 0.605000E+01
 AMRCLAW: level  1  CFL = .204E+00  dt = 0.5000E+00  final t = 0.655000E+01
 AMRCLAW: level  1  CFL = .216E+00  dt = 0.5000E+00  final t = 0.705000E+01
 AMRCLAW: level  1  CFL = .227E+00  dt = 0.5000E+00  final t = 0.755000E+01
 AMRCLAW: level  1  CFL = .243E+00  dt = 0.5000E+00  final t = 0.805000E+01
 AMRCLAW: level  1  CFL = .259E+00  dt = 0.5000E+00  final t = 0.855000E+01
 AMRCLAW: level  1  CFL = .274E+00  dt = 0.5000E+00  final t = 0.905000E+01
 AMRCLAW: level  1  CFL = .288E+00  dt = 0.5000E+00  final t = 0.955000E+01
 AMRCLAW: level  1  CFL = .301E+00  dt = 0.5000E+00  final t = 0.100500E+02
 AMRCLAW: level  1  CFL = .314E+00  dt = 0.5000E+00  final t = 0.105500E+02
 AMRCLAW: level  1  CFL = .327E+00  dt = 0.5000E+00  final t = 0.110500E+02
 AMRCLAW: level  1  CFL = .339E+00  dt = 0.5000E+00  final t = 0.115500E+02
 AMRCLAW: level  1  CFL = .351E+00  dt = 0.5000E+00  final t = 0.120500E+02
 AMRCLAW: level  1  CFL = .361E+00  dt = 0.5000E+00  final t = 0.125500E+02
 AMRCLAW: level  1  CFL = .373E+00  dt = 0.5000E+00  final t = 0.130500E+02
 AMRCLAW: level  1  CFL = .385E+00  dt = 0.5000E+00  final t = 0.135500E+02
 AMRCLAW: level  1  CFL = .395E+00  dt = 0.5000E+00  final t = 0.140500E+02
 AMRCLAW: level  1  CFL = .405E+00  dt = 0.5000E+00  final t = 0.145500E+02
 AMRCLAW: level  1  CFL = .413E+00  dt = 0.5000E+00  final t = 0.150500E+02
 AMRCLAW: level  1  CFL = .421E+00  dt = 0.5000E+00  final t = 0.155500E+02
 AMRCLAW: level  1  CFL = .428E+00  dt = 0.5000E+00  final t = 0.160500E+02
 AMRCLAW: level  1  CFL = .434E+00  dt = 0.5000E+00  final t = 0.165500E+02
 AMRCLAW: level  1  CFL = .440E+00  dt = 0.5000E+00  final t = 0.170500E+02
 AMRCLAW: level  1  CFL = .446E+00  dt = 0.5000E+00  final t = 0.175500E+02
 AMRCLAW: level  1  CFL = .447E+00  dt = 0.5000E+00  final t = 0.180500E+02
 AMRCLAW: level  1  CFL = .448E+00  dt = 0.5000E+00  final t = 0.185500E+02
 AMRCLAW: level  1  CFL = .450E+00  dt = 0.5000E+00  final t = 0.190500E+02
 AMRCLAW: level  1  CFL = .451E+00  dt = 0.5000E+00  final t = 0.195500E+02
 AMRCLAW: level  1  CFL = .451E+00  dt = 0.4991E+00  final t = 0.200491E+02
 AMRCLAW: level  1  CFL = .451E+00  dt = 0.4977E+00  final t = 0.205467E+02
 AMRCLAW: level  1  CFL = .451E+00  dt = 0.4962E+00  final t = 0.210430E+02
 AMRCLAW: level  1  CFL = .451E+00  dt = 0.4948E+00  final t = 0.215378E+02
 AMRCLAW: level  1  CFL = .452E+00  dt = 0.4935E+00  final t = 0.220313E+02
 AMRCLAW: level  1  CFL = .453E+00  dt = 0.4917E+00  final t = 0.225230E+02
 AMRCLAW: level  1  CFL = .452E+00  dt = 0.4890E+00  final t = 0.230119E+02
 AMRCLAW: level  1  CFL = .452E+00  dt = 0.4865E+00  final t = 0.234984E+02
 AMRCLAW: level  1  CFL = .451E+00  dt = 0.4842E+00  final t = 0.239826E+02
 AMRCLAW: level  1  CFL = .451E+00  dt = 0.4834E+00  final t = 0.244660E+02
 AMRCLAW: level  1  CFL = .451E+00  dt = 0.4826E+00  final t = 0.249485E+02
 AMRCLAW: level  1  CFL = .451E+00  dt = 0.4817E+00  final t = 0.254303E+02
 AMRCLAW: level  1  CFL = .451E+00  dt = 0.4809E+00  final t = 0.259112E+02
 AMRCLAW: level  1  CFL = .451E+00  dt = 0.4801E+00  final t = 0.263913E+02
 AMRCLAW: level  1  CFL = .451E+00  dt = 0.4793E+00  final t = 0.268707E+02
 AMRCLAW: level  1  CFL = .451E+00  dt = 0.4786E+00  final t = 0.273492E+02
 AMRCLAW: level  1  CFL = .451E+00  dt = 0.4779E+00  final t = 0.278271E+02
 AMRCLAW: level  1  CFL = .451E+00  dt = 0.4772E+00  final t = 0.283043E+02
 AMRCLAW: level  1  CFL = .451E+00  dt = 0.4765E+00  final t = 0.287807E+02
 AMRCLAW: level  1  CFL = .451E+00  dt = 0.4758E+00  final t = 0.292566E+02
 AMRCLAW: level  1  CFL = .451E+00  dt = 0.4752E+00  final t = 0.297317E+02
 AMRCLAW: level  1  CFL = .255E+00  dt = 0.2683E+00  final t = 0.300000E+02
GEOCLAW: Frame    1 output files done at time t =  0.300000D+02

 AMRCLAW: level  1  CFL = .450E+00  dt = 0.4740E+00  final t = 0.304740E+02
 AMRCLAW: level  1  CFL = .451E+00  dt = 0.4736E+00  final t = 0.309476E+02
 AMRCLAW: level  1  CFL = .451E+00  dt = 0.4731E+00  final t = 0.314207E+02
 AMRCLAW: level  1  CFL = .451E+00  dt = 0.4725E+00  final t = 0.318932E+02
 AMRCLAW: level  1  CFL = .450E+00  dt = 0.4720E+00  final t = 0.323651E+02
 AMRCLAW: level  1  CFL = .450E+00  dt = 0.4714E+00  final t = 0.328366E+02
 AMRCLAW: level  1  CFL = .450E+00  dt = 0.4709E+00  final t = 0.333075E+02
 AMRCLAW: level  1  CFL = .450E+00  dt = 0.4705E+00  final t = 0.337780E+02
 AMRCLAW: level  1  CFL = .450E+00  dt = 0.4700E+00  final t = 0.342480E+02
 AMRCLAW: level  1  CFL = .450E+00  dt = 0.4696E+00  final t = 0.347176E+02
 AMRCLAW: level  1  CFL = .450E+00  dt = 0.4691E+00  final t = 0.351867E+02
 AMRCLAW: level  1  CFL = .450E+00  dt = 0.4687E+00  final t = 0.356554E+02
 AMRCLAW: level  1  CFL = .450E+00  dt = 0.4683E+00  final t = 0.361237E+02
 AMRCLAW: level  1  CFL = .450E+00  dt = 0.4678E+00  final t = 0.365915E+02
 AMRCLAW: level  1  CFL = .450E+00  dt = 0.4674E+00  final t = 0.370590E+02
 AMRCLAW: level  1  CFL = .450E+00  dt = 0.4670E+00  final t = 0.375260E+02
 AMRCLAW: level  1  CFL = .450E+00  dt = 0.4666E+00  final t = 0.379926E+02
 AMRCLAW: level  1  CFL = .450E+00  dt = 0.4662E+00  final t = 0.384589E+02
 AMRCLAW: level  1  CFL = .450E+00  dt = 0.4659E+00  final t = 0.389247E+02
 AMRCLAW: level  1  CFL = .450E+00  dt = 0.4655E+00  final t = 0.393902E+02
 AMRCLAW: level  1  CFL = .450E+00  dt = 0.4651E+00  final t = 0.398553E+02
 AMRCLAW: level  1  CFL = .450E+00  dt = 0.4648E+00  final t = 0.403201E+02
 AMRCLAW: level  1  CFL = .450E+00  dt = 0.4645E+00  final t = 0.407846E+02
 AMRCLAW: level  1  CFL = .450E+00  dt = 0.4642E+00  final t = 0.412487E+02
 AMRCLAW: level  1  CFL = .450E+00  dt = 0.4639E+00  final t = 0.417126E+02
 AMRCLAW: level  1  CFL = .450E+00  dt = 0.4636E+00  final t = 0.421762E+02
 AMRCLAW: level  1  CFL = .450E+00  dt = 0.4633E+00  final t = 0.426395E+02
 AMRCLAW: level  1  CFL = .450E+00  dt = 0.4631E+00  final t = 0.431025E+02
 AMRCLAW: level  1  CFL = .450E+00  dt = 0.4628E+00  final t = 0.435653E+02
 AMRCLAW: level  1  CFL = .450E+00  dt = 0.4626E+00  final t = 0.440279E+02
 AMRCLAW: level  1  CFL = .450E+00  dt = 0.4624E+00  final t = 0.444903E+02
 AMRCLAW: level  1  CFL = .450E+00  dt = 0.4622E+00  final t = 0.449525E+02
 AMRCLAW: level  1  CFL = .450E+00  dt = 0.4620E+00  final t = 0.454145E+02
 AMRCLAW: level  1  CFL = .450E+00  dt = 0.4618E+00  final t = 0.458763E+02
 AMRCLAW: level  1  CFL = .450E+00  dt = 0.4617E+00  final t = 0.463380E+02
 AMRCLAW: level  1  CFL = .450E+00  dt = 0.4616E+00  final t = 0.467996E+02
 AMRCLAW: level  1  CFL = .450E+00  dt = 0.4614E+00  final t = 0.472610E+02
 AMRCLAW: level  1  CFL = .450E+00  dt = 0.4613E+00  final t = 0.477224E+02
 AMRCLAW: level  1  CFL = .450E+00  dt = 0.4612E+00  final t = 0.481836E+02
 AMRCLAW: level  1  CFL = .450E+00  dt = 0.4612E+00  final t = 0.486448E+02
 AMRCLAW: level  1  CFL = .450E+00  dt = 0.4611E+00  final t = 0.491059E+02
 AMRCLAW: level  1  CFL = .450E+00  dt = 0.4611E+00  final t = 0.495670E+02
 AMRCLAW: level  1  CFL = .450E+00  dt = 0.4611E+00  final t = 0.500281E+02
 AMRCLAW: level  1  CFL = .450E+00  dt = 0.4611E+00  final t = 0.504892E+02
 AMRCLAW: level  1  CFL = .450E+00  dt = 0.4611E+00  final t = 0.509503E+02
 AMRCLAW: level  1  CFL = .450E+00  dt = 0.4611E+00  final t = 0.514115E+02
 AMRCLAW: level  1  CFL = .450E+00  dt = 0.4611E+00  final t = 0.518726E+02
 AMRCLAW: level  1  CFL = .450E+00  dt = 0.4612E+00  final t = 0.523338E+02
 AMRCLAW: level  1  CFL = .450E+00  dt = 0.4612E+00  final t = 0.527950E+02
 AMRCLAW: level  1  CFL = .450E+00  dt = 0.4613E+00  final t = 0.532563E+02
 AMRCLAW: level  1  CFL = .450E+00  dt = 0.4614E+00  final t = 0.537177E+02
 AMRCLAW: level  1  CFL = .450E+00  dt = 0.4615E+00  final t = 0.541791E+02
 AMRCLAW: level  1  CFL = .450E+00  dt = 0.4616E+00  final t = 0.546407E+02
 AMRCLAW: level  1  CFL = .450E+00  dt = 0.4617E+00  final t = 0.551024E+02
 AMRCLAW: level  1  CFL = .450E+00  dt = 0.4618E+00  final t = 0.555641E+02
 AMRCLAW: level  1  CFL = .450E+00  dt = 0.4619E+00  final t = 0.560261E+02
 AMRCLAW: level  1  CFL = .450E+00  dt = 0.4621E+00  final t = 0.564882E+02
 AMRCLAW: level  1  CFL = .450E+00  dt = 0.4622E+00  final t = 0.569504E+02
 AMRCLAW: level  1  CFL = .450E+00  dt = 0.4624E+00  final t = 0.574128E+02
 AMRCLAW: level  1  CFL = .450E+00  dt = 0.4626E+00  final t = 0.578754E+02
 AMRCLAW: level  1  CFL = .449E+00  dt = 0.4625E+00  final t = 0.583379E+02
 AMRCLAW: level  1  CFL = .450E+00  dt = 0.4630E+00  final t = 0.588009E+02
 AMRCLAW: level  1  CFL = .450E+00  dt = 0.4633E+00  final t = 0.592642E+02
 AMRCLAW: level  1  CFL = .449E+00  dt = 0.4631E+00  final t = 0.597273E+02
 AMRCLAW: level  1  CFL = .264E+00  dt = 0.2727E+00  final t = 0.600000E+02
GEOCLAW: Frame    2 output files done at time t =  0.600000D+02

 AMRCLAW: level  1  CFL = .450E+00  dt = 0.4641E+00  final t = 0.604641E+02
 AMRCLAW: level  1  CFL = .449E+00  dt = 0.4639E+00  final t = 0.609280E+02
 AMRCLAW: level  1  CFL = .450E+00  dt = 0.4645E+00  final t = 0.613925E+02
 AMRCLAW: level  1  CFL = .451E+00  dt = 0.4648E+00  final t = 0.618573E+02
 AMRCLAW: level  1  CFL = .449E+00  dt = 0.4641E+00  final t = 0.623215E+02
 AMRCLAW: level  1  CFL = .449E+00  dt = 0.4650E+00  final t = 0.627865E+02
 AMRCLAW: level  1  CFL = .450E+00  dt = 0.4657E+00  final t = 0.632522E+02
 AMRCLAW: level  1  CFL = .450E+00  dt = 0.4662E+00  final t = 0.637184E+02
 AMRCLAW: level  1  CFL = .450E+00  dt = 0.4665E+00  final t = 0.641849E+02
 AMRCLAW: level  1  CFL = .450E+00  dt = 0.4669E+00  final t = 0.646518E+02
 AMRCLAW: level  1  CFL = .450E+00  dt = 0.4672E+00  final t = 0.651190E+02
 AMRCLAW: level  1  CFL = .450E+00  dt = 0.4675E+00  final t = 0.655866E+02
 AMRCLAW: level  1  CFL = .450E+00  dt = 0.4679E+00  final t = 0.660544E+02
 AMRCLAW: level  1  CFL = .450E+00  dt = 0.4682E+00  final t = 0.665226E+02
 AMRCLAW: level  1  CFL = .450E+00  dt = 0.4685E+00  final t = 0.669912E+02
 AMRCLAW: level  1  CFL = .450E+00  dt = 0.4689E+00  final t = 0.674601E+02
 AMRCLAW: level  1  CFL = .450E+00  dt = 0.4693E+00  final t = 0.679294E+02
 AMRCLAW: level  1  CFL = .450E+00  dt = 0.4697E+00  final t = 0.683991E+02
 AMRCLAW: level  1  CFL = .450E+00  dt = 0.4701E+00  final t = 0.688692E+02
 AMRCLAW: level  1  CFL = .450E+00  dt = 0.4706E+00  final t = 0.693398E+02
 AMRCLAW: level  1  CFL = .450E+00  dt = 0.4710E+00  final t = 0.698108E+02
 AMRCLAW: level  1  CFL = .450E+00  dt = 0.4715E+00  final t = 0.702823E+02
 AMRCLAW: level  1  CFL = .450E+00  dt = 0.4719E+00  final t = 0.707542E+02
 AMRCLAW: level  1  CFL = .450E+00  dt = 0.4724E+00  final t = 0.712266E+02
 AMRCLAW: level  1  CFL = .450E+00  dt = 0.4729E+00  final t = 0.716995E+02
 AMRCLAW: level  1  CFL = .450E+00  dt = 0.4734E+00  final t = 0.721729E+02
 AMRCLAW: level  1  CFL = .450E+00  dt = 0.4739E+00  final t = 0.726468E+02
 AMRCLAW: level  1  CFL = .449E+00  dt = 0.4744E+00  final t = 0.731212E+02
 AMRCLAW: level  1  CFL = .449E+00  dt = 0.4749E+00  final t = 0.735961E+02
 AMRCLAW: level  1  CFL = .449E+00  dt = 0.4755E+00  final t = 0.740716E+02
 AMRCLAW: level  1  CFL = .449E+00  dt = 0.4760E+00  final t = 0.745477E+02
 AMRCLAW: level  1  CFL = .449E+00  dt = 0.4766E+00  final t = 0.750243E+02
 AMRCLAW: level  1  CFL = .449E+00  dt = 0.4772E+00  final t = 0.755015E+02
 AMRCLAW: level  1  CFL = .449E+00  dt = 0.4778E+00  final t = 0.759793E+02
 AMRCLAW: level  1  CFL = .449E+00  dt = 0.4784E+00  final t = 0.764577E+02
 AMRCLAW: level  1  CFL = .449E+00  dt = 0.4791E+00  final t = 0.769368E+02
 AMRCLAW: level  1  CFL = .450E+00  dt = 0.4797E+00  final t = 0.774165E+02
 AMRCLAW: level  1  CFL = .449E+00  dt = 0.4801E+00  final t = 0.778966E+02
 AMRCLAW: level  1  CFL = .450E+00  dt = 0.4810E+00  final t = 0.783775E+02
 AMRCLAW: level  1  CFL = .449E+00  dt = 0.4814E+00  final t = 0.788590E+02
 AMRCLAW: level  1  CFL = .450E+00  dt = 0.4824E+00  final t = 0.793414E+02
 AMRCLAW: level  1  CFL = .449E+00  dt = 0.4829E+00  final t = 0.798243E+02
 AMRCLAW: level  1  CFL = .449E+00  dt = 0.4836E+00  final t = 0.803079E+02
 AMRCLAW: level  1  CFL = .449E+00  dt = 0.4843E+00  final t = 0.807922E+02
 AMRCLAW: level  1  CFL = .449E+00  dt = 0.4851E+00  final t = 0.812774E+02
 AMRCLAW: level  1  CFL = .449E+00  dt = 0.4860E+00  final t = 0.817634E+02
 AMRCLAW: level  1  CFL = .449E+00  dt = 0.4868E+00  final t = 0.822502E+02
 AMRCLAW: level  1  CFL = .451E+00  dt = 0.4877E+00  final t = 0.827379E+02
 AMRCLAW: level  1  CFL = .453E+00  dt = 0.4872E+00  final t = 0.832251E+02
 AMRCLAW: level  1  CFL = .452E+00  dt = 0.4842E+00  final t = 0.837093E+02
 AMRCLAW: level  1  CFL = .453E+00  dt = 0.4817E+00  final t = 0.841911E+02
 AMRCLAW: level  1  CFL = .453E+00  dt = 0.4784E+00  final t = 0.846695E+02
 AMRCLAW: level  1  CFL = .453E+00  dt = 0.4750E+00  final t = 0.851445E+02
 AMRCLAW: level  1  CFL = .453E+00  dt = 0.4717E+00  final t = 0.856162E+02
 AMRCLAW: level  1  CFL = .452E+00  dt = 0.4688E+00  final t = 0.860850E+02
 AMRCLAW: level  1  CFL = .452E+00  dt = 0.4662E+00  final t = 0.865513E+02
 AMRCLAW: level  1  CFL = .452E+00  dt = 0.4640E+00  final t = 0.870153E+02
 AMRCLAW: level  1  CFL = .452E+00  dt = 0.4621E+00  final t = 0.874774E+02
 AMRCLAW: level  1  CFL = .451E+00  dt = 0.4605E+00  final t = 0.879379E+02
 AMRCLAW: level  1  CFL = .451E+00  dt = 0.4592E+00  final t = 0.883972E+02
 AMRCLAW: level  1  CFL = .451E+00  dt = 0.4582E+00  final t = 0.888554E+02
 AMRCLAW: level  1  CFL = .451E+00  dt = 0.4573E+00  final t = 0.893127E+02
 AMRCLAW: level  1  CFL = .450E+00  dt = 0.4567E+00  final t = 0.897694E+02
 AMRCLAW: level  1  CFL = .228E+00  dt = 0.2306E+00  final t = 0.900000E+02
GEOCLAW: Frame    3 output files done at time t =  0.900000D+02

 AMRCLAW: level  1  CFL = .450E+00  dt = 0.4558E+00  final t = 0.904558E+02
 AMRCLAW: level  1  CFL = .450E+00  dt = 0.4556E+00  final t = 0.909114E+02
 AMRCLAW: level  1  CFL = .450E+00  dt = 0.4554E+00  final t = 0.913669E+02
 AMRCLAW: level  1  CFL = .450E+00  dt = 0.4554E+00  final t = 0.918222E+02
 AMRCLAW: level  1  CFL = .450E+00  dt = 0.4554E+00  final t = 0.922776E+02
 AMRCLAW: level  1  CFL = .450E+00  dt = 0.4554E+00  final t = 0.927330E+02
 AMRCLAW: level  1  CFL = .450E+00  dt = 0.4556E+00  final t = 0.931886E+02
 AMRCLAW: level  1  CFL = .450E+00  dt = 0.4558E+00  final t = 0.936443E+02
 AMRCLAW: level  1  CFL = .450E+00  dt = 0.4560E+00  final t = 0.941003E+02
 AMRCLAW: level  1  CFL = .450E+00  dt = 0.4563E+00  final t = 0.945566E+02
 AMRCLAW: level  1  CFL = .450E+00  dt = 0.4560E+00  final t = 0.950127E+02
 AMRCLAW: level  1  CFL = .450E+00  dt = 0.4556E+00  final t = 0.954682E+02
 AMRCLAW: level  1  CFL = .450E+00  dt = 0.4552E+00  final t = 0.959235E+02
 AMRCLAW: level  1  CFL = .450E+00  dt = 0.4550E+00  final t = 0.963785E+02
 AMRCLAW: level  1  CFL = .450E+00  dt = 0.4550E+00  final t = 0.968335E+02
 AMRCLAW: level  1  CFL = .450E+00  dt = 0.4552E+00  final t = 0.972887E+02
 AMRCLAW: level  1  CFL = .449E+00  dt = 0.4557E+00  final t = 0.977445E+02
 AMRCLAW: level  1  CFL = .449E+00  dt = 0.4567E+00  final t = 0.982011E+02
 AMRCLAW: level  1  CFL = .449E+00  dt = 0.4579E+00  final t = 0.986590E+02
 AMRCLAW: level  1  CFL = .449E+00  dt = 0.4591E+00  final t = 0.991181E+02
 AMRCLAW: level  1  CFL = .449E+00  dt = 0.4606E+00  final t = 0.995787E+02
 AMRCLAW: level  1  CFL = .449E+00  dt = 0.4620E+00  final t = 0.100041E+03
 AMRCLAW: level  1  CFL = .449E+00  dt = 0.4632E+00  final t = 0.100504E+03
 AMRCLAW: level  1  CFL = .449E+00  dt = 0.4643E+00  final t = 0.100968E+03
 AMRCLAW: level  1  CFL = .449E+00  dt = 0.4654E+00  final t = 0.101434E+03
 AMRCLAW: level  1  CFL = .449E+00  dt = 0.4664E+00  final t = 0.101900E+03
 AMRCLAW: level  1  CFL = .449E+00  dt = 0.4673E+00  final t = 0.102367E+03
 AMRCLAW: level  1  CFL = .449E+00  dt = 0.4682E+00  final t = 0.102836E+03
 AMRCLAW: level  1  CFL = .450E+00  dt = 0.4687E+00  final t = 0.103304E+03
 AMRCLAW: level  1  CFL = .451E+00  dt = 0.4682E+00  final t = 0.103773E+03
 AMRCLAW: level  1  CFL = .451E+00  dt = 0.4677E+00  final t = 0.104240E+03
 AMRCLAW: level  1  CFL = .450E+00  dt = 0.4672E+00  final t = 0.104707E+03
 AMRCLAW: level  1  CFL = .451E+00  dt = 0.4675E+00  final t = 0.105175E+03
 AMRCLAW: level  1  CFL = .450E+00  dt = 0.4665E+00  final t = 0.105642E+03
 AMRCLAW: level  1  CFL = .451E+00  dt = 0.4666E+00  final t = 0.106108E+03
 AMRCLAW: level  1  CFL = .450E+00  dt = 0.4655E+00  final t = 0.106574E+03
 AMRCLAW: level  1  CFL = .450E+00  dt = 0.4655E+00  final t = 0.107039E+03
 AMRCLAW: level  1  CFL = .450E+00  dt = 0.4652E+00  final t = 0.107504E+03
 AMRCLAW: level  1  CFL = .450E+00  dt = 0.4648E+00  final t = 0.107969E+03
 AMRCLAW: level  1  CFL = .450E+00  dt = 0.4643E+00  final t = 0.108433E+03
 AMRCLAW: level  1  CFL = .450E+00  dt = 0.4639E+00  final t = 0.108897E+03
 AMRCLAW: level  1  CFL = .450E+00  dt = 0.4634E+00  final t = 0.109361E+03
 AMRCLAW: level  1  CFL = .450E+00  dt = 0.4630E+00  final t = 0.109824E+03
 AMRCLAW: level  1  CFL = .450E+00  dt = 0.4627E+00  final t = 0.110286E+03
 AMRCLAW: level  1  CFL = .450E+00  dt = 0.4624E+00  final t = 0.110749E+03
 AMRCLAW: level  1  CFL = .450E+00  dt = 0.4621E+00  final t = 0.111211E+03
 AMRCLAW: level  1  CFL = .450E+00  dt = 0.4620E+00  final t = 0.111673E+03
 AMRCLAW: level  1  CFL = .450E+00  dt = 0.4619E+00  final t = 0.112135E+03
 AMRCLAW: level  1  CFL = .450E+00  dt = 0.4618E+00  final t = 0.112597E+03
 AMRCLAW: level  1  CFL = .450E+00  dt = 0.4618E+00  final t = 0.113058E+03
 AMRCLAW: level  1  CFL = .450E+00  dt = 0.4618E+00  final t = 0.113520E+03
 AMRCLAW: level  1  CFL = .450E+00  dt = 0.4619E+00  final t = 0.113982E+03
 AMRCLAW: level  1  CFL = .450E+00  dt = 0.4620E+00  final t = 0.114444E+03
 AMRCLAW: level  1  CFL = .450E+00  dt = 0.4622E+00  final t = 0.114906E+03
 AMRCLAW: level  1  CFL = .450E+00  dt = 0.4623E+00  final t = 0.115369E+03
 AMRCLAW: level  1  CFL = .450E+00  dt = 0.4626E+00  final t = 0.115831E+03
 AMRCLAW: level  1  CFL = .450E+00  dt = 0.4630E+00  final t = 0.116294E+03
 AMRCLAW: level  1  CFL = .449E+00  dt = 0.4635E+00  final t = 0.116758E+03
 AMRCLAW: level  1  CFL = .449E+00  dt = 0.4641E+00  final t = 0.117222E+03
 AMRCLAW: level  1  CFL = .449E+00  dt = 0.4647E+00  final t = 0.117687E+03
 AMRCLAW: level  1  CFL = .449E+00  dt = 0.4652E+00  final t = 0.118152E+03
 AMRCLAW: level  1  CFL = .450E+00  dt = 0.4659E+00  final t = 0.118618E+03
 AMRCLAW: level  1  CFL = .449E+00  dt = 0.4664E+00  final t = 0.119084E+03
 AMRCLAW: level  1  CFL = .449E+00  dt = 0.4670E+00  final t = 0.119551E+03
 AMRCLAW: level  1  CFL = .431E+00  dt = 0.4489E+00  final t = 0.120000E+03
GEOCLAW: Frame    4 output files done at time t =  0.120000D+03

 AMRCLAW: level  1  CFL = .449E+00  dt = 0.4687E+00  final t = 0.120469E+03
 AMRCLAW: level  1  CFL = .449E+00  dt = 0.4698E+00  final t = 0.120938E+03
 AMRCLAW: level  1  CFL = .449E+00  dt = 0.4709E+00  final t = 0.121409E+03
 AMRCLAW: level  1  CFL = .449E+00  dt = 0.4719E+00  final t = 0.121881E+03
 AMRCLAW: level  1  CFL = .449E+00  dt = 0.4732E+00  final t = 0.122355E+03
 AMRCLAW: level  1  CFL = .449E+00  dt = 0.4746E+00  final t = 0.122829E+03
 AMRCLAW: level  1  CFL = .449E+00  dt = 0.4758E+00  final t = 0.123305E+03
 AMRCLAW: level  1  CFL = .449E+00  dt = 0.4767E+00  final t = 0.123782E+03
 AMRCLAW: level  1  CFL = .450E+00  dt = 0.4776E+00  final t = 0.124259E+03
 AMRCLAW: level  1  CFL = .451E+00  dt = 0.4774E+00  final t = 0.124737E+03
 AMRCLAW: level  1  CFL = .450E+00  dt = 0.4768E+00  final t = 0.125213E+03
 AMRCLAW: level  1  CFL = .450E+00  dt = 0.4763E+00  final t = 0.125690E+03
 AMRCLAW: level  1  CFL = .450E+00  dt = 0.4760E+00  final t = 0.126166E+03
 AMRCLAW: level  1  CFL = .450E+00  dt = 0.4762E+00  final t = 0.126642E+03
 AMRCLAW: level  1  CFL = .452E+00  dt = 0.4767E+00  final t = 0.127119E+03
 AMRCLAW: level  1  CFL = .456E+00  dt = 0.4744E+00  final t = 0.127593E+03
 AMRCLAW: level  1  CFL = .456E+00  dt = 0.4681E+00  final t = 0.128061E+03
 AMRCLAW: level  1  CFL = .456E+00  dt = 0.4616E+00  final t = 0.128523E+03
 AMRCLAW: level  1  CFL = .452E+00  dt = 0.4554E+00  final t = 0.128978E+03
 AMRCLAW: level  1  CFL = .451E+00  dt = 0.4539E+00  final t = 0.129432E+03
 AMRCLAW: level  1  CFL = .450E+00  dt = 0.4534E+00  final t = 0.129886E+03
 AMRCLAW: level  1  CFL = .450E+00  dt = 0.4531E+00  final t = 0.130339E+03
 AMRCLAW: level  1  CFL = .449E+00  dt = 0.4532E+00  final t = 0.130792E+03
 AMRCLAW: level  1  CFL = .449E+00  dt = 0.4539E+00  final t = 0.131246E+03
 AMRCLAW: level  1  CFL = .449E+00  dt = 0.4549E+00  final t = 0.131701E+03
 AMRCLAW: level  1  CFL = .449E+00  dt = 0.4557E+00  final t = 0.132156E+03
 AMRCLAW: level  1  CFL = .450E+00  dt = 0.4563E+00  final t = 0.132613E+03
 AMRCLAW: level  1  CFL = .454E+00  dt = 0.4560E+00  final t = 0.133069E+03
 AMRCLAW: level  1  CFL = .454E+00  dt = 0.4518E+00  final t = 0.133521E+03
 AMRCLAW: level  1  CFL = .454E+00  dt = 0.4475E+00  final t = 0.133968E+03
 AMRCLAW: level  1  CFL = .453E+00  dt = 0.4440E+00  final t = 0.134412E+03
 AMRCLAW: level  1  CFL = .451E+00  dt = 0.4413E+00  final t = 0.134853E+03
 AMRCLAW: level  1  CFL = .451E+00  dt = 0.4401E+00  final t = 0.135293E+03
 AMRCLAW: level  1  CFL = .451E+00  dt = 0.4392E+00  final t = 0.135733E+03
 AMRCLAW: level  1  CFL = .450E+00  dt = 0.4386E+00  final t = 0.136171E+03
 AMRCLAW: level  1  CFL = .450E+00  dt = 0.4382E+00  final t = 0.136609E+03
 AMRCLAW: level  1  CFL = .450E+00  dt = 0.4379E+00  final t = 0.137047E+03
 AMRCLAW: level  1  CFL = .450E+00  dt = 0.4377E+00  final t = 0.137485E+03
 AMRCLAW: level  1  CFL = .450E+00  dt = 0.4377E+00  final t = 0.137923E+03
 AMRCLAW: level  1  CFL = .450E+00  dt = 0.4377E+00  final t = 0.138360E+03
 AMRCLAW: level  1  CFL = .450E+00  dt = 0.4378E+00  final t = 0.138798E+03
 AMRCLAW: level  1  CFL = .450E+00  dt = 0.4378E+00  final t = 0.139236E+03
 AMRCLAW: level  1  CFL = .450E+00  dt = 0.4379E+00  final t = 0.139674E+03
 AMRCLAW: level  1  CFL = .450E+00  dt = 0.4380E+00  final t = 0.140112E+03
 AMRCLAW: level  1  CFL = .450E+00  dt = 0.4381E+00  final t = 0.140550E+03
 AMRCLAW: level  1  CFL = .450E+00  dt = 0.4382E+00  final t = 0.140988E+03
 AMRCLAW: level  1  CFL = .450E+00  dt = 0.4382E+00  final t = 0.141426E+03
 AMRCLAW: level  1  CFL = .450E+00  dt = 0.4383E+00  final t = 0.141865E+03
 AMRCLAW: level  1  CFL = .450E+00  dt = 0.4383E+00  final t = 0.142303E+03
 AMRCLAW: level  1  CFL = .450E+00  dt = 0.4383E+00  final t = 0.142741E+03
 AMRCLAW: level  1  CFL = .450E+00  dt = 0.4383E+00  final t = 0.143180E+03
 AMRCLAW: level  1  CFL = .450E+00  dt = 0.4383E+00  final t = 0.143618E+03
 AMRCLAW: level  1  CFL = .450E+00  dt = 0.4383E+00  final t = 0.144056E+03
 AMRCLAW: level  1  CFL = .450E+00  dt = 0.4383E+00  final t = 0.144495E+03
 AMRCLAW: level  1  CFL = .450E+00  dt = 0.4383E+00  final t = 0.144933E+03
 AMRCLAW: level  1  CFL = .450E+00  dt = 0.4384E+00  final t = 0.145371E+03
 AMRCLAW: level  1  CFL = .450E+00  dt = 0.4384E+00  final t = 0.145810E+03
 AMRCLAW: level  1  CFL = .450E+00  dt = 0.4384E+00  final t = 0.146248E+03
 AMRCLAW: level  1  CFL = .450E+00  dt = 0.4384E+00  final t = 0.146686E+03
 AMRCLAW: level  1  CFL = .450E+00  dt = 0.4384E+00  final t = 0.147125E+03
 AMRCLAW: level  1  CFL = .450E+00  dt = 0.4384E+00  final t = 0.147563E+03
 AMRCLAW: level  1  CFL = .450E+00  dt = 0.4383E+00  final t = 0.148002E+03
 AMRCLAW: level  1  CFL = .450E+00  dt = 0.4384E+00  final t = 0.148440E+03
 AMRCLAW: level  1  CFL = .450E+00  dt = 0.4384E+00  final t = 0.148878E+03
 AMRCLAW: level  1  CFL = .450E+00  dt = 0.4384E+00  final t = 0.149317E+03
 AMRCLAW: level  1  CFL = .450E+00  dt = 0.4385E+00  final t = 0.149755E+03
 AMRCLAW: level  1  CFL = .251E+00  dt = 0.2449E+00  final t = 0.150000E+03
GEOCLAW: Frame    5 output files done at time t =  0.150000D+03

 AMRCLAW: level  1  CFL = .450E+00  dt = 0.4386E+00  final t = 0.150439E+03
 AMRCLAW: level  1  CFL = .450E+00  dt = 0.4386E+00  final t = 0.150877E+03
 AMRCLAW: level  1  CFL = .450E+00  dt = 0.4387E+00  final t = 0.151316E+03
 AMRCLAW: level  1  CFL = .450E+00  dt = 0.4388E+00  final t = 0.151755E+03
 AMRCLAW: level  1  CFL = .450E+00  dt = 0.4388E+00  final t = 0.152193E+03
 AMRCLAW: level  1  CFL = .450E+00  dt = 0.4389E+00  final t = 0.152632E+03
 AMRCLAW: level  1  CFL = .450E+00  dt = 0.4390E+00  final t = 0.153071E+03
 AMRCLAW: level  1  CFL = .450E+00  dt = 0.4391E+00  final t = 0.153511E+03
 AMRCLAW: level  1  CFL = .450E+00  dt = 0.4392E+00  final t = 0.153950E+03
 AMRCLAW: level  1  CFL = .450E+00  dt = 0.4393E+00  final t = 0.154389E+03
 AMRCLAW: level  1  CFL = .450E+00  dt = 0.4395E+00  final t = 0.154829E+03
 AMRCLAW: level  1  CFL = .450E+00  dt = 0.4396E+00  final t = 0.155268E+03
 AMRCLAW: level  1  CFL = .450E+00  dt = 0.4397E+00  final t = 0.155708E+03
 AMRCLAW: level  1  CFL = .450E+00  dt = 0.4399E+00  final t = 0.156148E+03
 AMRCLAW: level  1  CFL = .450E+00  dt = 0.4401E+00  final t = 0.156588E+03
 AMRCLAW: level  1  CFL = .450E+00  dt = 0.4403E+00  final t = 0.157028E+03
 AMRCLAW: level  1  CFL = .450E+00  dt = 0.4405E+00  final t = 0.157469E+03
 AMRCLAW: level  1  CFL = .450E+00  dt = 0.4405E+00  final t = 0.157909E+03
 AMRCLAW: level  1  CFL = .450E+00  dt = 0.4405E+00  final t = 0.158350E+03
 AMRCLAW: level  1  CFL = .450E+00  dt = 0.4405E+00  final t = 0.158790E+03
 AMRCLAW: level  1  CFL = .450E+00  dt = 0.4406E+00  final t = 0.159231E+03
 AMRCLAW: level  1  CFL = .450E+00  dt = 0.4406E+00  final t = 0.159672E+03
 AMRCLAW: level  1  CFL = .450E+00  dt = 0.4409E+00  final t = 0.160112E+03
 AMRCLAW: level  1  CFL = .450E+00  dt = 0.4410E+00  final t = 0.160553E+03
 AMRCLAW: level  1  CFL = .450E+00  dt = 0.4410E+00  final t = 0.160994E+03
 AMRCLAW: level  1  CFL = .450E+00  dt = 0.4410E+00  final t = 0.161435E+03
 AMRCLAW: level  1  CFL = .450E+00  dt = 0.4411E+00  final t = 0.161877E+03
 AMRCLAW: level  1  CFL = .450E+00  dt = 0.4411E+00  final t = 0.162318E+03
 AMRCLAW: level  1  CFL = .450E+00  dt = 0.4412E+00  final t = 0.162759E+03
 AMRCLAW: level  1  CFL = .450E+00  dt = 0.4412E+00  final t = 0.163200E+03
 AMRCLAW: level  1  CFL = .450E+00  dt = 0.4413E+00  final t = 0.163641E+03
 AMRCLAW: level  1  CFL = .450E+00  dt = 0.4416E+00  final t = 0.164083E+03
 AMRCLAW: level  1  CFL = .450E+00  dt = 0.4421E+00  final t = 0.164525E+03
 AMRCLAW: level  1  CFL = .450E+00  dt = 0.4424E+00  final t = 0.164968E+03
 AMRCLAW: level  1  CFL = .450E+00  dt = 0.4427E+00  final t = 0.165410E+03
 AMRCLAW: level  1  CFL = .450E+00  dt = 0.4430E+00  final t = 0.165853E+03
 AMRCLAW: level  1  CFL = .450E+00  dt = 0.4434E+00  final t = 0.166297E+03
 AMRCLAW: level  1  CFL = .450E+00  dt = 0.4437E+00  final t = 0.166740E+03
 AMRCLAW: level  1  CFL = .450E+00  dt = 0.4439E+00  final t = 0.167184E+03
 AMRCLAW: level  1  CFL = .450E+00  dt = 0.4444E+00  final t = 0.167629E+03
 AMRCLAW: level  1  CFL = .450E+00  dt = 0.4447E+00  final t = 0.168073E+03
 AMRCLAW: level  1  CFL = .450E+00  dt = 0.4451E+00  final t = 0.168518E+03
 AMRCLAW: level  1  CFL = .450E+00  dt = 0.4455E+00  final t = 0.168964E+03
 AMRCLAW: level  1  CFL = .450E+00  dt = 0.4459E+00  final t = 0.169410E+03
 AMRCLAW: level  1  CFL = .450E+00  dt = 0.4464E+00  final t = 0.169856E+03
 AMRCLAW: level  1  CFL = .450E+00  dt = 0.4467E+00  final t = 0.170303E+03
 AMRCLAW: level  1  CFL = .450E+00  dt = 0.4471E+00  final t = 0.170750E+03
 AMRCLAW: level  1  CFL = .450E+00  dt = 0.4476E+00  final t = 0.171198E+03
 AMRCLAW: level  1  CFL = .450E+00  dt = 0.4480E+00  final t = 0.171646E+03
 AMRCLAW: level  1  CFL = .450E+00  dt = 0.4484E+00  final t = 0.172094E+03
 AMRCLAW: level  1  CFL = .450E+00  dt = 0.4488E+00  final t = 0.172543E+03
 AMRCLAW: level  1  CFL = .451E+00  dt = 0.4489E+00  final t = 0.172992E+03
 AMRCLAW: level  1  CFL = .450E+00  dt = 0.4478E+00  final t = 0.173440E+03
 AMRCLAW: level  1  CFL = .450E+00  dt = 0.4477E+00  final t = 0.173887E+03
 AMRCLAW: level  1  CFL = .450E+00  dt = 0.4480E+00  final t = 0.174335E+03
 AMRCLAW: level  1  CFL = .450E+00  dt = 0.4482E+00  final t = 0.174783E+03
 AMRCLAW: level  1  CFL = .450E+00  dt = 0.4485E+00  final t = 0.175232E+03
 AMRCLAW: level  1  CFL = .449E+00  dt = 0.4489E+00  final t = 0.175681E+03
 AMRCLAW: level  1  CFL = .449E+00  dt = 0.4494E+00  final t = 0.176130E+03
 AMRCLAW: level  1  CFL = .449E+00  dt = 0.4500E+00  final t = 0.176580E+03
 AMRCLAW: level  1  CFL = .449E+00  dt = 0.4507E+00  final t = 0.177031E+03
 AMRCLAW: level  1  CFL = .449E+00  dt = 0.4516E+00  final t = 0.177482E+03
 AMRCLAW: level  1  CFL = .449E+00  dt = 0.4524E+00  final t = 0.177935E+03
 AMRCLAW: level  1  CFL = .449E+00  dt = 0.4534E+00  final t = 0.178388E+03
 AMRCLAW: level  1  CFL = .449E+00  dt = 0.4543E+00  final t = 0.178843E+03
 AMRCLAW: level  1  CFL = .449E+00  dt = 0.4552E+00  final t = 0.179298E+03
 AMRCLAW: level  1  CFL = .449E+00  dt = 0.4561E+00  final t = 0.179754E+03
 AMRCLAW: level  1  CFL = .242E+00  dt = 0.2461E+00  final t = 0.180000E+03
GEOCLAW: Frame    6 output files done at time t =  0.180000D+03

 AMRCLAW: level  1  CFL = .450E+00  dt = 0.4577E+00  final t = 0.180458E+03
 AMRCLAW: level  1  CFL = .449E+00  dt = 0.4581E+00  final t = 0.180916E+03
 AMRCLAW: level  1  CFL = .449E+00  dt = 0.4590E+00  final t = 0.181375E+03
 AMRCLAW: level  1  CFL = .449E+00  dt = 0.4601E+00  final t = 0.181835E+03
 AMRCLAW: level  1  CFL = .449E+00  dt = 0.4613E+00  final t = 0.182296E+03
 AMRCLAW: level  1  CFL = .449E+00  dt = 0.4623E+00  final t = 0.182758E+03
 AMRCLAW: level  1  CFL = .449E+00  dt = 0.4632E+00  final t = 0.183222E+03
 AMRCLAW: level  1  CFL = .449E+00  dt = 0.4642E+00  final t = 0.183686E+03
 AMRCLAW: level  1  CFL = .449E+00  dt = 0.4649E+00  final t = 0.184151E+03
 AMRCLAW: level  1  CFL = .449E+00  dt = 0.4654E+00  final t = 0.184616E+03
 AMRCLAW: level  1  CFL = .449E+00  dt = 0.4660E+00  final t = 0.185082E+03
 AMRCLAW: level  1  CFL = .449E+00  dt = 0.4667E+00  final t = 0.185549E+03
 AMRCLAW: level  1  CFL = .449E+00  dt = 0.4674E+00  final t = 0.186016E+03
 AMRCLAW: level  1  CFL = .450E+00  dt = 0.4680E+00  final t = 0.186484E+03
 AMRCLAW: level  1  CFL = .449E+00  dt = 0.4685E+00  final t = 0.186953E+03
 AMRCLAW: level  1  CFL = .449E+00  dt = 0.4691E+00  final t = 0.187422E+03
 AMRCLAW: level  1  CFL = .449E+00  dt = 0.4696E+00  final t = 0.187891E+03
 AMRCLAW: level  1  CFL = .449E+00  dt = 0.4702E+00  final t = 0.188362E+03
 AMRCLAW: level  1  CFL = .449E+00  dt = 0.4708E+00  final t = 0.188833E+03
 AMRCLAW: level  1  CFL = .449E+00  dt = 0.4714E+00  final t = 0.189304E+03
 AMRCLAW: level  1  CFL = .449E+00  dt = 0.4723E+00  final t = 0.189776E+03
 AMRCLAW: level  1  CFL = .449E+00  dt = 0.4732E+00  final t = 0.190249E+03
 AMRCLAW: level  1  CFL = .449E+00  dt = 0.4742E+00  final t = 0.190724E+03
 AMRCLAW: level  1  CFL = .449E+00  dt = 0.4753E+00  final t = 0.191199E+03
 AMRCLAW: level  1  CFL = .449E+00  dt = 0.4765E+00  final t = 0.191675E+03
 AMRCLAW: level  1  CFL = .449E+00  dt = 0.4778E+00  final t = 0.192153E+03
 AMRCLAW: level  1  CFL = .449E+00  dt = 0.4792E+00  final t = 0.192632E+03
 AMRCLAW: level  1  CFL = .448E+00  dt = 0.4807E+00  final t = 0.193113E+03
 AMRCLAW: level  1  CFL = .449E+00  dt = 0.4823E+00  final t = 0.193595E+03
 AMRCLAW: level  1  CFL = .449E+00  dt = 0.4839E+00  final t = 0.194079E+03
 AMRCLAW: level  1  CFL = .449E+00  dt = 0.4847E+00  final t = 0.194564E+03
 AMRCLAW: level  1  CFL = .452E+00  dt = 0.4854E+00  final t = 0.195049E+03
 AMRCLAW: level  1  CFL = .453E+00  dt = 0.4833E+00  final t = 0.195533E+03
 AMRCLAW: level  1  CFL = .452E+00  dt = 0.4804E+00  final t = 0.196013E+03
 AMRCLAW: level  1  CFL = .452E+00  dt = 0.4780E+00  final t = 0.196491E+03
 AMRCLAW: level  1  CFL = .451E+00  dt = 0.4760E+00  final t = 0.196967E+03
 AMRCLAW: level  1  CFL = .451E+00  dt = 0.4745E+00  final t = 0.197441E+03
 AMRCLAW: level  1  CFL = .451E+00  dt = 0.4734E+00  final t = 0.197915E+03
 AMRCLAW: level  1  CFL = .451E+00  dt = 0.4725E+00  final t = 0.198387E+03
 AMRCLAW: level  1  CFL = .450E+00  dt = 0.4719E+00  final t = 0.198859E+03
 AMRCLAW: level  1  CFL = .450E+00  dt = 0.4715E+00  final t = 0.199331E+03
 AMRCLAW: level  1  CFL = .450E+00  dt = 0.4710E+00  final t = 0.199802E+03
 AMRCLAW: level  1  CFL = .450E+00  dt = 0.4706E+00  final t = 0.200272E+03
 AMRCLAW: level  1  CFL = .452E+00  dt = 0.4703E+00  final t = 0.200743E+03
 AMRCLAW: level  1  CFL = .452E+00  dt = 0.4686E+00  final t = 0.201211E+03
 AMRCLAW: level  1  CFL = .452E+00  dt = 0.4662E+00  final t = 0.201677E+03
 AMRCLAW: level  1  CFL = .452E+00  dt = 0.4641E+00  final t = 0.202141E+03
 AMRCLAW: level  1  CFL = .452E+00  dt = 0.4621E+00  final t = 0.202604E+03
 AMRCLAW: level  1  CFL = .452E+00  dt = 0.4604E+00  final t = 0.203064E+03
 AMRCLAW: level  1  CFL = .451E+00  dt = 0.4588E+00  final t = 0.203523E+03
 AMRCLAW: level  1  CFL = .451E+00  dt = 0.4575E+00  final t = 0.203980E+03
 AMRCLAW: level  1  CFL = .451E+00  dt = 0.4564E+00  final t = 0.204437E+03
 AMRCLAW: level  1  CFL = .451E+00  dt = 0.4554E+00  final t = 0.204892E+03
 AMRCLAW: level  1  CFL = .451E+00  dt = 0.4546E+00  final t = 0.205347E+03
 AMRCLAW: level  1  CFL = .451E+00  dt = 0.4540E+00  final t = 0.205801E+03
 AMRCLAW: level  1  CFL = .450E+00  dt = 0.4535E+00  final t = 0.206254E+03
 AMRCLAW: level  1  CFL = .450E+00  dt = 0.4530E+00  final t = 0.206707E+03
 AMRCLAW: level  1  CFL = .450E+00  dt = 0.4527E+00  final t = 0.207160E+03
 AMRCLAW: level  1  CFL = .450E+00  dt = 0.4524E+00  final t = 0.207612E+03
 AMRCLAW: level  1  CFL = .450E+00  dt = 0.4522E+00  final t = 0.208064E+03
 AMRCLAW: level  1  CFL = .450E+00  dt = 0.4520E+00  final t = 0.208517E+03
 AMRCLAW: level  1  CFL = .450E+00  dt = 0.4519E+00  final t = 0.208968E+03
 AMRCLAW: level  1  CFL = .450E+00  dt = 0.4519E+00  final t = 0.209420E+03
 AMRCLAW: level  1  CFL = .450E+00  dt = 0.4519E+00  final t = 0.209872E+03
 AMRCLAW: level  1  CFL = .127E+00  dt = 0.1278E+00  final t = 0.210000E+03
GEOCLAW: Frame    7 output files done at time t =  0.210000D+03

 AMRCLAW: level  1  CFL = .450E+00  dt = 0.4520E+00  final t = 0.210452E+03
 AMRCLAW: level  1  CFL = .450E+00  dt = 0.4520E+00  final t = 0.210904E+03
 AMRCLAW: level  1  CFL = .450E+00  dt = 0.4522E+00  final t = 0.211356E+03
 AMRCLAW: level  1  CFL = .450E+00  dt = 0.4523E+00  final t = 0.211809E+03
 AMRCLAW: level  1  CFL = .450E+00  dt = 0.4525E+00  final t = 0.212261E+03
 AMRCLAW: level  1  CFL = .450E+00  dt = 0.4526E+00  final t = 0.212714E+03
 AMRCLAW: level  1  CFL = .450E+00  dt = 0.4528E+00  final t = 0.213166E+03
 AMRCLAW: level  1  CFL = .450E+00  dt = 0.4530E+00  final t = 0.213619E+03
 AMRCLAW: level  1  CFL = .450E+00  dt = 0.4532E+00  final t = 0.214073E+03
 AMRCLAW: level  1  CFL = .450E+00  dt = 0.4533E+00  final t = 0.214526E+03
 AMRCLAW: level  1  CFL = .450E+00  dt = 0.4535E+00  final t = 0.214979E+03
 AMRCLAW: level  1  CFL = .450E+00  dt = 0.4537E+00  final t = 0.215433E+03
 AMRCLAW: level  1  CFL = .450E+00  dt = 0.4539E+00  final t = 0.215887E+03
 AMRCLAW: level  1  CFL = .450E+00  dt = 0.4541E+00  final t = 0.216341E+03
 AMRCLAW: level  1  CFL = .450E+00  dt = 0.4543E+00  final t = 0.216796E+03
 AMRCLAW: level  1  CFL = .450E+00  dt = 0.4545E+00  final t = 0.217250E+03
 AMRCLAW: level  1  CFL = .450E+00  dt = 0.4548E+00  final t = 0.217705E+03
 AMRCLAW: level  1  CFL = .450E+00  dt = 0.4550E+00  final t = 0.218160E+03
 AMRCLAW: level  1  CFL = .450E+00  dt = 0.4552E+00  final t = 0.218615E+03
 AMRCLAW: level  1  CFL = .450E+00  dt = 0.4555E+00  final t = 0.219071E+03
 AMRCLAW: level  1  CFL = .450E+00  dt = 0.4557E+00  final t = 0.219526E+03
 AMRCLAW: level  1  CFL = .450E+00  dt = 0.4560E+00  final t = 0.219982E+03
 AMRCLAW: level  1  CFL = .450E+00  dt = 0.4562E+00  final t = 0.220438E+03
 AMRCLAW: level  1  CFL = .450E+00  dt = 0.4565E+00  final t = 0.220895E+03
 AMRCLAW: level  1  CFL = .452E+00  dt = 0.4568E+00  final t = 0.221352E+03
 AMRCLAW: level  1  CFL = .452E+00  dt = 0.4544E+00  final t = 0.221806E+03
 AMRCLAW: level  1  CFL = .452E+00  dt = 0.4524E+00  final t = 0.222258E+03
 AMRCLAW: level  1  CFL = .452E+00  dt = 0.4505E+00  final t = 0.222709E+03
 AMRCLAW: level  1  CFL = .451E+00  dt = 0.4490E+00  final t = 0.223158E+03
 AMRCLAW: level  1  CFL = .451E+00  dt = 0.4477E+00  final t = 0.223606E+03
 AMRCLAW: level  1  CFL = .451E+00  dt = 0.4467E+00  final t = 0.224052E+03
 AMRCLAW: level  1  CFL = .450E+00  dt = 0.4460E+00  final t = 0.224498E+03
 AMRCLAW: level  1  CFL = .450E+00  dt = 0.4456E+00  final t = 0.224944E+03
 AMRCLAW: level  1  CFL = .450E+00  dt = 0.4453E+00  final t = 0.225389E+03
 AMRCLAW: level  1  CFL = .450E+00  dt = 0.4453E+00  final t = 0.225835E+03
 AMRCLAW: level  1  CFL = .450E+00  dt = 0.4454E+00  final t = 0.226280E+03
 AMRCLAW: level  1  CFL = .450E+00  dt = 0.4455E+00  final t = 0.226725E+03
 AMRCLAW: level  1  CFL = .450E+00  dt = 0.4457E+00  final t = 0.227171E+03
 AMRCLAW: level  1  CFL = .450E+00  dt = 0.4460E+00  final t = 0.227617E+03
 AMRCLAW: level  1  CFL = .450E+00  dt = 0.4464E+00  final t = 0.228064E+03
 AMRCLAW: level  1  CFL = .450E+00  dt = 0.4465E+00  final t = 0.228510E+03
 AMRCLAW: level  1  CFL = .449E+00  dt = 0.4469E+00  final t = 0.228957E+03
 AMRCLAW: level  1  CFL = .449E+00  dt = 0.4475E+00  final t = 0.229405E+03
 AMRCLAW: level  1  CFL = .450E+00  dt = 0.4482E+00  final t = 0.229853E+03
 AMRCLAW: level  1  CFL = .450E+00  dt = 0.4486E+00  final t = 0.230301E+03
 AMRCLAW: level  1  CFL = .449E+00  dt = 0.4490E+00  final t = 0.230750E+03
 AMRCLAW: level  1  CFL = .453E+00  dt = 0.4496E+00  final t = 0.231200E+03
 AMRCLAW: level  1  CFL = .452E+00  dt = 0.4470E+00  final t = 0.231647E+03
 AMRCLAW: level  1  CFL = .452E+00  dt = 0.4447E+00  final t = 0.232092E+03
 AMRCLAW: level  1  CFL = .451E+00  dt = 0.4431E+00  final t = 0.232535E+03
 AMRCLAW: level  1  CFL = .451E+00  dt = 0.4419E+00  final t = 0.232977E+03
 AMRCLAW: level  1  CFL = .451E+00  dt = 0.4407E+00  final t = 0.233417E+03
 AMRCLAW: level  1  CFL = .451E+00  dt = 0.4394E+00  final t = 0.233857E+03
 AMRCLAW: level  1  CFL = .451E+00  dt = 0.4383E+00  final t = 0.234295E+03
 AMRCLAW: level  1  CFL = .451E+00  dt = 0.4372E+00  final t = 0.234732E+03
 AMRCLAW: level  1  CFL = .451E+00  dt = 0.4363E+00  final t = 0.235168E+03
 AMRCLAW: level  1  CFL = .451E+00  dt = 0.4355E+00  final t = 0.235604E+03
 AMRCLAW: level  1  CFL = .451E+00  dt = 0.4347E+00  final t = 0.236039E+03
 AMRCLAW: level  1  CFL = .451E+00  dt = 0.4341E+00  final t = 0.236473E+03
 AMRCLAW: level  1  CFL = .450E+00  dt = 0.4335E+00  final t = 0.236906E+03
 AMRCLAW: level  1  CFL = .450E+00  dt = 0.4331E+00  final t = 0.237339E+03
 AMRCLAW: level  1  CFL = .450E+00  dt = 0.4327E+00  final t = 0.237772E+03
 AMRCLAW: level  1  CFL = .450E+00  dt = 0.4323E+00  final t = 0.238204E+03
 AMRCLAW: level  1  CFL = .450E+00  dt = 0.4320E+00  final t = 0.238636E+03
 AMRCLAW: level  1  CFL = .450E+00  dt = 0.4316E+00  final t = 0.239068E+03
 AMRCLAW: level  1  CFL = .450E+00  dt = 0.4313E+00  final t = 0.239499E+03
 AMRCLAW: level  1  CFL = .450E+00  dt = 0.4310E+00  final t = 0.239930E+03
 AMRCLAW: level  1  CFL = .730E-01  dt = 0.6986E-01  final t = 0.240000E+03
GEOCLAW: Frame    8 output files done at time t =  0.240000D+03

 AMRCLAW: level  1  CFL = .450E+00  dt = 0.4304E+00  final t = 0.240430E+03
 AMRCLAW: level  1  CFL = .450E+00  dt = 0.4304E+00  final t = 0.240861E+03
 AMRCLAW: level  1  CFL = .450E+00  dt = 0.4303E+00  final t = 0.241291E+03
 AMRCLAW: level  1  CFL = .450E+00  dt = 0.4302E+00  final t = 0.241721E+03
 AMRCLAW: level  1  CFL = .450E+00  dt = 0.4300E+00  final t = 0.242151E+03
 AMRCLAW: level  1  CFL = .450E+00  dt = 0.4300E+00  final t = 0.242581E+03
 AMRCLAW: level  1  CFL = .450E+00  dt = 0.4299E+00  final t = 0.243011E+03
 AMRCLAW: level  1  CFL = .450E+00  dt = 0.4300E+00  final t = 0.243441E+03
 AMRCLAW: level  1  CFL = .450E+00  dt = 0.4299E+00  final t = 0.243871E+03
 AMRCLAW: level  1  CFL = .450E+00  dt = 0.4299E+00  final t = 0.244301E+03
 AMRCLAW: level  1  CFL = .450E+00  dt = 0.4302E+00  final t = 0.244731E+03
 AMRCLAW: level  1  CFL = .450E+00  dt = 0.4305E+00  final t = 0.245162E+03
 AMRCLAW: level  1  CFL = .449E+00  dt = 0.4308E+00  final t = 0.245592E+03
 AMRCLAW: level  1  CFL = .450E+00  dt = 0.4313E+00  final t = 0.246024E+03
 AMRCLAW: level  1  CFL = .450E+00  dt = 0.4317E+00  final t = 0.246455E+03
 AMRCLAW: level  1  CFL = .449E+00  dt = 0.4322E+00  final t = 0.246888E+03
 AMRCLAW: level  1  CFL = .450E+00  dt = 0.4327E+00  final t = 0.247320E+03
 AMRCLAW: level  1  CFL = .450E+00  dt = 0.4332E+00  final t = 0.247754E+03
 AMRCLAW: level  1  CFL = .449E+00  dt = 0.4337E+00  final t = 0.248187E+03
 AMRCLAW: level  1  CFL = .450E+00  dt = 0.4342E+00  final t = 0.248622E+03
 AMRCLAW: level  1  CFL = .449E+00  dt = 0.4347E+00  final t = 0.249056E+03
 AMRCLAW: level  1  CFL = .450E+00  dt = 0.4352E+00  final t = 0.249491E+03
 AMRCLAW: level  1  CFL = .449E+00  dt = 0.4357E+00  final t = 0.249927E+03
 AMRCLAW: level  1  CFL = .449E+00  dt = 0.4362E+00  final t = 0.250363E+03
 AMRCLAW: level  1  CFL = .450E+00  dt = 0.4367E+00  final t = 0.250800E+03
 AMRCLAW: level  1  CFL = .449E+00  dt = 0.4371E+00  final t = 0.251237E+03
 AMRCLAW: level  1  CFL = .449E+00  dt = 0.4376E+00  final t = 0.251675E+03
 AMRCLAW: level  1  CFL = .450E+00  dt = 0.4382E+00  final t = 0.252113E+03
 AMRCLAW: level  1  CFL = .449E+00  dt = 0.4386E+00  final t = 0.252551E+03
 AMRCLAW: level  1  CFL = .451E+00  dt = 0.4392E+00  final t = 0.252991E+03
 AMRCLAW: level  1  CFL = .453E+00  dt = 0.4384E+00  final t = 0.253429E+03
 AMRCLAW: level  1  CFL = .452E+00  dt = 0.4356E+00  final t = 0.253865E+03
 AMRCLAW: level  1  CFL = .452E+00  dt = 0.4333E+00  final t = 0.254298E+03
 AMRCLAW: level  1  CFL = .452E+00  dt = 0.4313E+00  final t = 0.254729E+03
 AMRCLAW: level  1  CFL = .451E+00  dt = 0.4294E+00  final t = 0.255159E+03
 AMRCLAW: level  1  CFL = .451E+00  dt = 0.4281E+00  final t = 0.255587E+03
 AMRCLAW: level  1  CFL = .451E+00  dt = 0.4271E+00  final t = 0.256014E+03
 AMRCLAW: level  1  CFL = .451E+00  dt = 0.4262E+00  final t = 0.256440E+03
 AMRCLAW: level  1  CFL = .451E+00  dt = 0.4254E+00  final t = 0.256865E+03
 AMRCLAW: level  1  CFL = .451E+00  dt = 0.4247E+00  final t = 0.257290E+03
 AMRCLAW: level  1  CFL = .451E+00  dt = 0.4240E+00  final t = 0.257714E+03
 AMRCLAW: level  1  CFL = .451E+00  dt = 0.4234E+00  final t = 0.258138E+03
 AMRCLAW: level  1  CFL = .451E+00  dt = 0.4228E+00  final t = 0.258560E+03
 AMRCLAW: level  1  CFL = .451E+00  dt = 0.4222E+00  final t = 0.258983E+03
 AMRCLAW: level  1  CFL = .451E+00  dt = 0.4217E+00  final t = 0.259404E+03
 AMRCLAW: level  1  CFL = .451E+00  dt = 0.4212E+00  final t = 0.259825E+03
 AMRCLAW: level  1  CFL = .450E+00  dt = 0.4207E+00  final t = 0.260246E+03
 AMRCLAW: level  1  CFL = .450E+00  dt = 0.4203E+00  final t = 0.260666E+03
 AMRCLAW: level  1  CFL = .450E+00  dt = 0.4199E+00  final t = 0.261086E+03
 AMRCLAW: level  1  CFL = .450E+00  dt = 0.4195E+00  final t = 0.261506E+03
 AMRCLAW: level  1  CFL = .450E+00  dt = 0.4192E+00  final t = 0.261925E+03
 AMRCLAW: level  1  CFL = .450E+00  dt = 0.4189E+00  final t = 0.262344E+03
 AMRCLAW: level  1  CFL = .450E+00  dt = 0.4187E+00  final t = 0.262763E+03
 AMRCLAW: level  1  CFL = .450E+00  dt = 0.4185E+00  final t = 0.263181E+03
 AMRCLAW: level  1  CFL = .450E+00  dt = 0.4183E+00  final t = 0.263600E+03
 AMRCLAW: level  1  CFL = .450E+00  dt = 0.4181E+00  final t = 0.264018E+03
 AMRCLAW: level  1  CFL = .450E+00  dt = 0.4180E+00  final t = 0.264436E+03
 AMRCLAW: level  1  CFL = .450E+00  dt = 0.4179E+00  final t = 0.264854E+03
 AMRCLAW: level  1  CFL = .450E+00  dt = 0.4178E+00  final t = 0.265271E+03
 AMRCLAW: level  1  CFL = .450E+00  dt = 0.4177E+00  final t = 0.265689E+03
 AMRCLAW: level  1  CFL = .450E+00  dt = 0.4176E+00  final t = 0.266107E+03
 AMRCLAW: level  1  CFL = .450E+00  dt = 0.4176E+00  final t = 0.266524E+03
 AMRCLAW: level  1  CFL = .450E+00  dt = 0.4175E+00  final t = 0.266942E+03
 AMRCLAW: level  1  CFL = .450E+00  dt = 0.4175E+00  final t = 0.267359E+03
 AMRCLAW: level  1  CFL = .450E+00  dt = 0.4175E+00  final t = 0.267777E+03
 AMRCLAW: level  1  CFL = .450E+00  dt = 0.4175E+00  final t = 0.268194E+03
 AMRCLAW: level  1  CFL = .450E+00  dt = 0.4175E+00  final t = 0.268612E+03
 AMRCLAW: level  1  CFL = .450E+00  dt = 0.4175E+00  final t = 0.269029E+03
 AMRCLAW: level  1  CFL = .450E+00  dt = 0.4175E+00  final t = 0.269447E+03
 AMRCLAW: level  1  CFL = .450E+00  dt = 0.4175E+00  final t = 0.269864E+03
 AMRCLAW: level  1  CFL = .146E+00  dt = 0.1359E+00  final t = 0.270000E+03
GEOCLAW: Frame    9 output files done at time t =  0.270000D+03

 AMRCLAW: level  1  CFL = .450E+00  dt = 0.4176E+00  final t = 0.270418E+03
 AMRCLAW: level  1  CFL = .450E+00  dt = 0.4176E+00  final t = 0.270835E+03
 AMRCLAW: level  1  CFL = .450E+00  dt = 0.4176E+00  final t = 0.271253E+03
 AMRCLAW: level  1  CFL = .450E+00  dt = 0.4177E+00  final t = 0.271670E+03
 AMRCLAW: level  1  CFL = .450E+00  dt = 0.4177E+00  final t = 0.272088E+03
 AMRCLAW: level  1  CFL = .450E+00  dt = 0.4178E+00  final t = 0.272506E+03
 AMRCLAW: level  1  CFL = .450E+00  dt = 0.4178E+00  final t = 0.272924E+03
 AMRCLAW: level  1  CFL = .450E+00  dt = 0.4179E+00  final t = 0.273342E+03
 AMRCLAW: level  1  CFL = .450E+00  dt = 0.4180E+00  final t = 0.273760E+03
 AMRCLAW: level  1  CFL = .450E+00  dt = 0.4181E+00  final t = 0.274178E+03
 AMRCLAW: level  1  CFL = .450E+00  dt = 0.4182E+00  final t = 0.274596E+03
 AMRCLAW: level  1  CFL = .450E+00  dt = 0.4183E+00  final t = 0.275014E+03
 AMRCLAW: level  1  CFL = .450E+00  dt = 0.4184E+00  final t = 0.275433E+03
 AMRCLAW: level  1  CFL = .450E+00  dt = 0.4185E+00  final t = 0.275851E+03
 AMRCLAW: level  1  CFL = .450E+00  dt = 0.4186E+00  final t = 0.276270E+03
 AMRCLAW: level  1  CFL = .450E+00  dt = 0.4188E+00  final t = 0.276689E+03
 AMRCLAW: level  1  CFL = .450E+00  dt = 0.4189E+00  final t = 0.277107E+03
 AMRCLAW: level  1  CFL = .450E+00  dt = 0.4191E+00  final t = 0.277526E+03
 AMRCLAW: level  1  CFL = .450E+00  dt = 0.4192E+00  final t = 0.277946E+03
 AMRCLAW: level  1  CFL = .450E+00  dt = 0.4194E+00  final t = 0.278365E+03
 AMRCLAW: level  1  CFL = .450E+00  dt = 0.4196E+00  final t = 0.278785E+03
 AMRCLAW: level  1  CFL = .450E+00  dt = 0.4198E+00  final t = 0.279204E+03
 AMRCLAW: level  1  CFL = .450E+00  dt = 0.4200E+00  final t = 0.279624E+03
 AMRCLAW: level  1  CFL = .450E+00  dt = 0.4202E+00  final t = 0.280045E+03
 AMRCLAW: level  1  CFL = .450E+00  dt = 0.4204E+00  final t = 0.280465E+03
 AMRCLAW: level  1  CFL = .450E+00  dt = 0.4206E+00  final t = 0.280886E+03
 AMRCLAW: level  1  CFL = .450E+00  dt = 0.4208E+00  final t = 0.281306E+03
 AMRCLAW: level  1  CFL = .450E+00  dt = 0.4211E+00  final t = 0.281728E+03
 AMRCLAW: level  1  CFL = .450E+00  dt = 0.4213E+00  final t = 0.282149E+03
 AMRCLAW: level  1  CFL = .450E+00  dt = 0.4216E+00  final t = 0.282570E+03
 AMRCLAW: level  1  CFL = .450E+00  dt = 0.4219E+00  final t = 0.282992E+03
 AMRCLAW: level  1  CFL = .450E+00  dt = 0.4221E+00  final t = 0.283414E+03
 AMRCLAW: level  1  CFL = .450E+00  dt = 0.4224E+00  final t = 0.283837E+03
 AMRCLAW: level  1  CFL = .450E+00  dt = 0.4227E+00  final t = 0.284260E+03
 AMRCLAW: level  1  CFL = .450E+00  dt = 0.4230E+00  final t = 0.284683E+03
 AMRCLAW: level  1  CFL = .450E+00  dt = 0.4233E+00  final t = 0.285106E+03
 AMRCLAW: level  1  CFL = .450E+00  dt = 0.4236E+00  final t = 0.285530E+03
 AMRCLAW: level  1  CFL = .450E+00  dt = 0.4239E+00  final t = 0.285953E+03
 AMRCLAW: level  1  CFL = .450E+00  dt = 0.4243E+00  final t = 0.286378E+03
 AMRCLAW: level  1  CFL = .450E+00  dt = 0.4246E+00  final t = 0.286802E+03
 AMRCLAW: level  1  CFL = .450E+00  dt = 0.4249E+00  final t = 0.287227E+03
 AMRCLAW: level  1  CFL = .450E+00  dt = 0.4252E+00  final t = 0.287652E+03
 AMRCLAW: level  1  CFL = .450E+00  dt = 0.4256E+00  final t = 0.288078E+03
 AMRCLAW: level  1  CFL = .450E+00  dt = 0.4259E+00  final t = 0.288504E+03
 AMRCLAW: level  1  CFL = .450E+00  dt = 0.4263E+00  final t = 0.288930E+03
 AMRCLAW: level  1  CFL = .450E+00  dt = 0.4266E+00  final t = 0.289357E+03
 AMRCLAW: level  1  CFL = .450E+00  dt = 0.4270E+00  final t = 0.289784E+03
 AMRCLAW: level  1  CFL = .450E+00  dt = 0.4273E+00  final t = 0.290211E+03
 AMRCLAW: level  1  CFL = .450E+00  dt = 0.4276E+00  final t = 0.290639E+03
 AMRCLAW: level  1  CFL = .450E+00  dt = 0.4280E+00  final t = 0.291067E+03
 AMRCLAW: level  1  CFL = .450E+00  dt = 0.4283E+00  final t = 0.291495E+03
 AMRCLAW: level  1  CFL = .450E+00  dt = 0.4286E+00  final t = 0.291924E+03
 AMRCLAW: level  1  CFL = .450E+00  dt = 0.4289E+00  final t = 0.292353E+03
 AMRCLAW: level  1  CFL = .450E+00  dt = 0.4292E+00  final t = 0.292782E+03
 AMRCLAW: level  1  CFL = .450E+00  dt = 0.4295E+00  final t = 0.293211E+03
 AMRCLAW: level  1  CFL = .450E+00  dt = 0.4297E+00  final t = 0.293641E+03
 AMRCLAW: level  1  CFL = .450E+00  dt = 0.4300E+00  final t = 0.294071E+03
 AMRCLAW: level  1  CFL = .450E+00  dt = 0.4301E+00  final t = 0.294501E+03
 AMRCLAW: level  1  CFL = .450E+00  dt = 0.4303E+00  final t = 0.294931E+03
 AMRCLAW: level  1  CFL = .450E+00  dt = 0.4305E+00  final t = 0.295362E+03
 AMRCLAW: level  1  CFL = .450E+00  dt = 0.4306E+00  final t = 0.295792E+03
 AMRCLAW: level  1  CFL = .450E+00  dt = 0.4308E+00  final t = 0.296223E+03
 AMRCLAW: level  1  CFL = .450E+00  dt = 0.4310E+00  final t = 0.296654E+03
 AMRCLAW: level  1  CFL = .450E+00  dt = 0.4312E+00  final t = 0.297085E+03
 AMRCLAW: level  1  CFL = .450E+00  dt = 0.4314E+00  final t = 0.297517E+03
 AMRCLAW: level  1  CFL = .450E+00  dt = 0.4316E+00  final t = 0.297948E+03
 AMRCLAW: level  1  CFL = .450E+00  dt = 0.4318E+00  final t = 0.298380E+03
 AMRCLAW: level  1  CFL = .450E+00  dt = 0.4320E+00  final t = 0.298812E+03
 AMRCLAW: level  1  CFL = .450E+00  dt = 0.4322E+00  final t = 0.299244E+03
 AMRCLAW: level  1  CFL = .450E+00  dt = 0.4324E+00  final t = 0.299677E+03
 AMRCLAW: level  1  CFL = .336E+00  dt = 0.3231E+00  final t = 0.300000E+03
GEOCLAW: Frame   10 output files done at time t =  0.300000D+03

 AMRCLAW: level  1  CFL = .450E+00  dt = 0.4327E+00  final t = 0.300433E+03
 AMRCLAW: level  1  CFL = .450E+00  dt = 0.4328E+00  final t = 0.300865E+03
 AMRCLAW: level  1  CFL = .450E+00  dt = 0.4329E+00  final t = 0.301298E+03
 AMRCLAW: level  1  CFL = .450E+00  dt = 0.4329E+00  final t = 0.301731E+03
 AMRCLAW: level  1  CFL = .450E+00  dt = 0.4330E+00  final t = 0.302164E+03
 AMRCLAW: level  1  CFL = .450E+00  dt = 0.4331E+00  final t = 0.302597E+03
 AMRCLAW: level  1  CFL = .450E+00  dt = 0.4331E+00  final t = 0.303030E+03
 AMRCLAW: level  1  CFL = .450E+00  dt = 0.4331E+00  final t = 0.303464E+03
 AMRCLAW: level  1  CFL = .450E+00  dt = 0.4331E+00  final t = 0.303897E+03
 AMRCLAW: level  1  CFL = .450E+00  dt = 0.4331E+00  final t = 0.304330E+03
 AMRCLAW: level  1  CFL = .450E+00  dt = 0.4331E+00  final t = 0.304763E+03
 AMRCLAW: level  1  CFL = .450E+00  dt = 0.4331E+00  final t = 0.305196E+03
 AMRCLAW: level  1  CFL = .450E+00  dt = 0.4331E+00  final t = 0.305629E+03
 AMRCLAW: level  1  CFL = .450E+00  dt = 0.4331E+00  final t = 0.306062E+03
 AMRCLAW: level  1  CFL = .450E+00  dt = 0.4331E+00  final t = 0.306495E+03
 AMRCLAW: level  1  CFL = .450E+00  dt = 0.4330E+00  final t = 0.306928E+03
 AMRCLAW: level  1  CFL = .450E+00  dt = 0.4330E+00  final t = 0.307361E+03
 AMRCLAW: level  1  CFL = .450E+00  dt = 0.4331E+00  final t = 0.307794E+03
 AMRCLAW: level  1  CFL = .450E+00  dt = 0.4331E+00  final t = 0.308227E+03
 AMRCLAW: level  1  CFL = .450E+00  dt = 0.4331E+00  final t = 0.308660E+03
 AMRCLAW: level  1  CFL = .450E+00  dt = 0.4331E+00  final t = 0.309094E+03
 AMRCLAW: level  1  CFL = .450E+00  dt = 0.4332E+00  final t = 0.309527E+03
 AMRCLAW: level  1  CFL = .450E+00  dt = 0.4332E+00  final t = 0.309960E+03
 AMRCLAW: level  1  CFL = .450E+00  dt = 0.4333E+00  final t = 0.310393E+03
 AMRCLAW: level  1  CFL = .450E+00  dt = 0.4333E+00  final t = 0.310827E+03
 AMRCLAW: level  1  CFL = .450E+00  dt = 0.4334E+00  final t = 0.311260E+03
 AMRCLAW: level  1  CFL = .450E+00  dt = 0.4335E+00  final t = 0.311693E+03
 AMRCLAW: level  1  CFL = .450E+00  dt = 0.4336E+00  final t = 0.312127E+03
 AMRCLAW: level  1  CFL = .450E+00  dt = 0.4338E+00  final t = 0.312561E+03
 AMRCLAW: level  1  CFL = .450E+00  dt = 0.4339E+00  final t = 0.312995E+03
 AMRCLAW: level  1  CFL = .450E+00  dt = 0.4341E+00  final t = 0.313429E+03
 AMRCLAW: level  1  CFL = .450E+00  dt = 0.4343E+00  final t = 0.313863E+03
 AMRCLAW: level  1  CFL = .450E+00  dt = 0.4345E+00  final t = 0.314298E+03
 AMRCLAW: level  1  CFL = .450E+00  dt = 0.4347E+00  final t = 0.314732E+03
 AMRCLAW: level  1  CFL = .450E+00  dt = 0.4349E+00  final t = 0.315167E+03
 AMRCLAW: level  1  CFL = .450E+00  dt = 0.4352E+00  final t = 0.315602E+03
 AMRCLAW: level  1  CFL = .450E+00  dt = 0.4354E+00  final t = 0.316038E+03
 AMRCLAW: level  1  CFL = .450E+00  dt = 0.4357E+00  final t = 0.316473E+03
 AMRCLAW: level  1  CFL = .450E+00  dt = 0.4360E+00  final t = 0.316909E+03
 AMRCLAW: level  1  CFL = .450E+00  dt = 0.4363E+00  final t = 0.317346E+03
 AMRCLAW: level  1  CFL = .450E+00  dt = 0.4366E+00  final t = 0.317782E+03
 AMRCLAW: level  1  CFL = .450E+00  dt = 0.4368E+00  final t = 0.318219E+03
 AMRCLAW: level  1  CFL = .449E+00  dt = 0.4370E+00  final t = 0.318656E+03
 AMRCLAW: level  1  CFL = .449E+00  dt = 0.4379E+00  final t = 0.319094E+03
 AMRCLAW: level  1  CFL = .448E+00  dt = 0.4392E+00  final t = 0.319533E+03
 AMRCLAW: level  1  CFL = .448E+00  dt = 0.4407E+00  final t = 0.319974E+03
 AMRCLAW: level  1  CFL = .450E+00  dt = 0.4422E+00  final t = 0.320416E+03
 AMRCLAW: level  1  CFL = .450E+00  dt = 0.4426E+00  final t = 0.320859E+03
 AMRCLAW: level  1  CFL = .450E+00  dt = 0.4426E+00  final t = 0.321301E+03
 AMRCLAW: level  1  CFL = .450E+00  dt = 0.4427E+00  final t = 0.321744E+03
 AMRCLAW: level  1  CFL = .450E+00  dt = 0.4427E+00  final t = 0.322187E+03
 AMRCLAW: level  1  CFL = .450E+00  dt = 0.4427E+00  final t = 0.322630E+03
 AMRCLAW: level  1  CFL = .450E+00  dt = 0.4428E+00  final t = 0.323072E+03
 AMRCLAW: level  1  CFL = .450E+00  dt = 0.4428E+00  final t = 0.323515E+03
 AMRCLAW: level  1  CFL = .450E+00  dt = 0.4428E+00  final t = 0.323958E+03
 AMRCLAW: level  1  CFL = .450E+00  dt = 0.4428E+00  final t = 0.324401E+03
 AMRCLAW: level  1  CFL = .450E+00  dt = 0.4428E+00  final t = 0.324844E+03
 AMRCLAW: level  1  CFL = .450E+00  dt = 0.4429E+00  final t = 0.325286E+03
 AMRCLAW: level  1  CFL = .450E+00  dt = 0.4429E+00  final t = 0.325729E+03
 AMRCLAW: level  1  CFL = .450E+00  dt = 0.4429E+00  final t = 0.326172E+03
 AMRCLAW: level  1  CFL = .450E+00  dt = 0.4429E+00  final t = 0.326615E+03
 AMRCLAW: level  1  CFL = .450E+00  dt = 0.4429E+00  final t = 0.327058E+03
 AMRCLAW: level  1  CFL = .450E+00  dt = 0.4429E+00  final t = 0.327501E+03
 AMRCLAW: level  1  CFL = .450E+00  dt = 0.4429E+00  final t = 0.327944E+03
 AMRCLAW: level  1  CFL = .450E+00  dt = 0.4429E+00  final t = 0.328387E+03
 AMRCLAW: level  1  CFL = .450E+00  dt = 0.4429E+00  final t = 0.328830E+03
 AMRCLAW: level  1  CFL = .450E+00  dt = 0.4429E+00  final t = 0.329272E+03
 AMRCLAW: level  1  CFL = .450E+00  dt = 0.4429E+00  final t = 0.329715E+03
 AMRCLAW: level  1  CFL = .289E+00  dt = 0.2846E+00  final t = 0.330000E+03
GEOCLAW: Frame   11 output files done at time t =  0.330000D+03

 AMRCLAW: level  1  CFL = .450E+00  dt = 0.4430E+00  final t = 0.330443E+03
 AMRCLAW: level  1  CFL = .450E+00  dt = 0.4431E+00  final t = 0.330886E+03
 AMRCLAW: level  1  CFL = .450E+00  dt = 0.4432E+00  final t = 0.331329E+03
 AMRCLAW: level  1  CFL = .450E+00  dt = 0.4434E+00  final t = 0.331773E+03
 AMRCLAW: level  1  CFL = .450E+00  dt = 0.4436E+00  final t = 0.332216E+03
 AMRCLAW: level  1  CFL = .450E+00  dt = 0.4438E+00  final t = 0.332660E+03
 AMRCLAW: level  1  CFL = .450E+00  dt = 0.4441E+00  final t = 0.333104E+03
 AMRCLAW: level  1  CFL = .450E+00  dt = 0.4444E+00  final t = 0.333549E+03
 AMRCLAW: level  1  CFL = .450E+00  dt = 0.4447E+00  final t = 0.333993E+03
 AMRCLAW: level  1  CFL = .450E+00  dt = 0.4449E+00  final t = 0.334438E+03
 AMRCLAW: level  1  CFL = .450E+00  dt = 0.4452E+00  final t = 0.334883E+03
 AMRCLAW: level  1  CFL = .450E+00  dt = 0.4455E+00  final t = 0.335329E+03
 AMRCLAW: level  1  CFL = .450E+00  dt = 0.4458E+00  final t = 0.335775E+03
 AMRCLAW: level  1  CFL = .450E+00  dt = 0.4460E+00  final t = 0.336221E+03
 AMRCLAW: level  1  CFL = .450E+00  dt = 0.4463E+00  final t = 0.336667E+03
 AMRCLAW: level  1  CFL = .450E+00  dt = 0.4465E+00  final t = 0.337113E+03
 AMRCLAW: level  1  CFL = .450E+00  dt = 0.4468E+00  final t = 0.337560E+03
 AMRCLAW: level  1  CFL = .450E+00  dt = 0.4471E+00  final t = 0.338007E+03
 AMRCLAW: level  1  CFL = .450E+00  dt = 0.4475E+00  final t = 0.338455E+03
 AMRCLAW: level  1  CFL = .450E+00  dt = 0.4478E+00  final t = 0.338903E+03
 AMRCLAW: level  1  CFL = .450E+00  dt = 0.4482E+00  final t = 0.339351E+03
 AMRCLAW: level  1  CFL = .450E+00  dt = 0.4485E+00  final t = 0.339799E+03
 AMRCLAW: level  1  CFL = .450E+00  dt = 0.4488E+00  final t = 0.340248E+03
 AMRCLAW: level  1  CFL = .450E+00  dt = 0.4491E+00  final t = 0.340697E+03
 AMRCLAW: level  1  CFL = .450E+00  dt = 0.4494E+00  final t = 0.341147E+03
 AMRCLAW: level  1  CFL = .450E+00  dt = 0.4496E+00  final t = 0.341596E+03
 AMRCLAW: level  1  CFL = .450E+00  dt = 0.4498E+00  final t = 0.342046E+03
 AMRCLAW: level  1  CFL = .450E+00  dt = 0.4500E+00  final t = 0.342496E+03
 AMRCLAW: level  1  CFL = .450E+00  dt = 0.4502E+00  final t = 0.342946E+03
 AMRCLAW: level  1  CFL = .450E+00  dt = 0.4505E+00  final t = 0.343397E+03
 AMRCLAW: level  1  CFL = .450E+00  dt = 0.4508E+00  final t = 0.343848E+03
 AMRCLAW: level  1  CFL = .450E+00  dt = 0.4511E+00  final t = 0.344299E+03
 AMRCLAW: level  1  CFL = .450E+00  dt = 0.4514E+00  final t = 0.344750E+03
 AMRCLAW: level  1  CFL = .449E+00  dt = 0.4518E+00  final t = 0.345202E+03
 AMRCLAW: level  1  CFL = .449E+00  dt = 0.4523E+00  final t = 0.345654E+03
 AMRCLAW: level  1  CFL = .449E+00  dt = 0.4529E+00  final t = 0.346107E+03
 AMRCLAW: level  1  CFL = .449E+00  dt = 0.4536E+00  final t = 0.346561E+03
 AMRCLAW: level  1  CFL = .449E+00  dt = 0.4542E+00  final t = 0.347015E+03
 AMRCLAW: level  1  CFL = .449E+00  dt = 0.4549E+00  final t = 0.347470E+03
 AMRCLAW: level  1  CFL = .449E+00  dt = 0.4556E+00  final t = 0.347925E+03
 AMRCLAW: level  1  CFL = .449E+00  dt = 0.4563E+00  final t = 0.348382E+03
 AMRCLAW: level  1  CFL = .449E+00  dt = 0.4570E+00  final t = 0.348839E+03
 AMRCLAW: level  1  CFL = .449E+00  dt = 0.4577E+00  final t = 0.349296E+03
 AMRCLAW: level  1  CFL = .449E+00  dt = 0.4584E+00  final t = 0.349755E+03
 AMRCLAW: level  1  CFL = .449E+00  dt = 0.4591E+00  final t = 0.350214E+03
 AMRCLAW: level  1  CFL = .449E+00  dt = 0.4598E+00  final t = 0.350674E+03
 AMRCLAW: level  1  CFL = .449E+00  dt = 0.4605E+00  final t = 0.351134E+03
 AMRCLAW: level  1  CFL = .449E+00  dt = 0.4612E+00  final t = 0.351595E+03
 AMRCLAW: level  1  CFL = .449E+00  dt = 0.4620E+00  final t = 0.352057E+03
 AMRCLAW: level  1  CFL = .449E+00  dt = 0.4627E+00  final t = 0.352520E+03
 AMRCLAW: level  1  CFL = .449E+00  dt = 0.4635E+00  final t = 0.352984E+03
 AMRCLAW: level  1  CFL = .449E+00  dt = 0.4642E+00  final t = 0.353448E+03
 AMRCLAW: level  1  CFL = .449E+00  dt = 0.4650E+00  final t = 0.353913E+03
 AMRCLAW: level  1  CFL = .449E+00  dt = 0.4656E+00  final t = 0.354378E+03
 AMRCLAW: level  1  CFL = .449E+00  dt = 0.4663E+00  final t = 0.354845E+03
 AMRCLAW: level  1  CFL = .449E+00  dt = 0.4669E+00  final t = 0.355312E+03
 AMRCLAW: level  1  CFL = .449E+00  dt = 0.4675E+00  final t = 0.355779E+03
 AMRCLAW: level  1  CFL = .449E+00  dt = 0.4680E+00  final t = 0.356247E+03
 AMRCLAW: level  1  CFL = .449E+00  dt = 0.4686E+00  final t = 0.356716E+03
 AMRCLAW: level  1  CFL = .449E+00  dt = 0.4691E+00  final t = 0.357185E+03
 AMRCLAW: level  1  CFL = .449E+00  dt = 0.4697E+00  final t = 0.357655E+03
 AMRCLAW: level  1  CFL = .449E+00  dt = 0.4703E+00  final t = 0.358125E+03
 AMRCLAW: level  1  CFL = .450E+00  dt = 0.4708E+00  final t = 0.358596E+03
 AMRCLAW: level  1  CFL = .450E+00  dt = 0.4713E+00  final t = 0.359067E+03
 AMRCLAW: level  1  CFL = .450E+00  dt = 0.4718E+00  final t = 0.359539E+03
 AMRCLAW: level  1  CFL = .439E+00  dt = 0.4613E+00  final t = 0.360000E+03
GEOCLAW: Frame   12 output files done at time t =  0.360000D+03

 AMRCLAW: level  1  CFL = .450E+00  dt = 0.4727E+00  final t = 0.360473E+03
 AMRCLAW: level  1  CFL = .450E+00  dt = 0.4732E+00  final t = 0.360946E+03
 AMRCLAW: level  1  CFL = .450E+00  dt = 0.4736E+00  final t = 0.361419E+03
 AMRCLAW: level  1  CFL = .450E+00  dt = 0.4741E+00  final t = 0.361894E+03
 AMRCLAW: level  1  CFL = .450E+00  dt = 0.4745E+00  final t = 0.362368E+03
 AMRCLAW: level  1  CFL = .450E+00  dt = 0.4750E+00  final t = 0.362843E+03
 AMRCLAW: level  1  CFL = .450E+00  dt = 0.4754E+00  final t = 0.363318E+03
 AMRCLAW: level  1  CFL = .450E+00  dt = 0.4759E+00  final t = 0.363794E+03
 AMRCLAW: level  1  CFL = .450E+00  dt = 0.4763E+00  final t = 0.364271E+03
 AMRCLAW: level  1  CFL = .450E+00  dt = 0.4768E+00  final t = 0.364747E+03
 AMRCLAW: level  1  CFL = .450E+00  dt = 0.4773E+00  final t = 0.365225E+03
 AMRCLAW: level  1  CFL = .449E+00  dt = 0.4778E+00  final t = 0.365702E+03
 AMRCLAW: level  1  CFL = .449E+00  dt = 0.4784E+00  final t = 0.366181E+03
 AMRCLAW: level  1  CFL = .449E+00  dt = 0.4789E+00  final t = 0.366660E+03
 AMRCLAW: level  1  CFL = .449E+00  dt = 0.4796E+00  final t = 0.367139E+03
 AMRCLAW: level  1  CFL = .449E+00  dt = 0.4802E+00  final t = 0.367619E+03
 AMRCLAW: level  1  CFL = .449E+00  dt = 0.4809E+00  final t = 0.368100E+03
 AMRCLAW: level  1  CFL = .449E+00  dt = 0.4816E+00  final t = 0.368582E+03
 AMRCLAW: level  1  CFL = .449E+00  dt = 0.4823E+00  final t = 0.369064E+03
 AMRCLAW: level  1  CFL = .449E+00  dt = 0.4830E+00  final t = 0.369547E+03
 AMRCLAW: level  1  CFL = .449E+00  dt = 0.4838E+00  final t = 0.370031E+03
 AMRCLAW: level  1  CFL = .449E+00  dt = 0.4845E+00  final t = 0.370516E+03
 AMRCLAW: level  1  CFL = .449E+00  dt = 0.4852E+00  final t = 0.371001E+03
 AMRCLAW: level  1  CFL = .449E+00  dt = 0.4860E+00  final t = 0.371487E+03
 AMRCLAW: level  1  CFL = .449E+00  dt = 0.4867E+00  final t = 0.371973E+03
 AMRCLAW: level  1  CFL = .449E+00  dt = 0.4874E+00  final t = 0.372461E+03
 AMRCLAW: level  1  CFL = .449E+00  dt = 0.4882E+00  final t = 0.372949E+03
 AMRCLAW: level  1  CFL = .449E+00  dt = 0.4889E+00  final t = 0.373438E+03
 AMRCLAW: level  1  CFL = .449E+00  dt = 0.4896E+00  final t = 0.373927E+03
 AMRCLAW: level  1  CFL = .449E+00  dt = 0.4903E+00  final t = 0.374418E+03
 AMRCLAW: level  1  CFL = .449E+00  dt = 0.4909E+00  final t = 0.374909E+03
 AMRCLAW: level  1  CFL = .449E+00  dt = 0.4916E+00  final t = 0.375400E+03
 AMRCLAW: level  1  CFL = .449E+00  dt = 0.4924E+00  final t = 0.375893E+03
 AMRCLAW: level  1  CFL = .449E+00  dt = 0.4931E+00  final t = 0.376386E+03
 AMRCLAW: level  1  CFL = .449E+00  dt = 0.4938E+00  final t = 0.376880E+03
 AMRCLAW: level  1  CFL = .449E+00  dt = 0.4946E+00  final t = 0.377374E+03
 AMRCLAW: level  1  CFL = .449E+00  dt = 0.4954E+00  final t = 0.377870E+03
 AMRCLAW: level  1  CFL = .449E+00  dt = 0.4962E+00  final t = 0.378366E+03
 AMRCLAW: level  1  CFL = .449E+00  dt = 0.4970E+00  final t = 0.378863E+03
 AMRCLAW: level  1  CFL = .449E+00  dt = 0.4979E+00  final t = 0.379361E+03
 AMRCLAW: level  1  CFL = .449E+00  dt = 0.4988E+00  final t = 0.379860E+03
 AMRCLAW: level  1  CFL = .449E+00  dt = 0.4997E+00  final t = 0.380359E+03
 AMRCLAW: level  1  CFL = .449E+00  dt = 0.5000E+00  final t = 0.380859E+03
 AMRCLAW: level  1  CFL = .448E+00  dt = 0.5000E+00  final t = 0.381359E+03
 AMRCLAW: level  1  CFL = .447E+00  dt = 0.5000E+00  final t = 0.381859E+03
 AMRCLAW: level  1  CFL = .446E+00  dt = 0.5000E+00  final t = 0.382359E+03
 AMRCLAW: level  1  CFL = .445E+00  dt = 0.5000E+00  final t = 0.382859E+03
 AMRCLAW: level  1  CFL = .445E+00  dt = 0.5000E+00  final t = 0.383359E+03
 AMRCLAW: level  1  CFL = .444E+00  dt = 0.5000E+00  final t = 0.383859E+03
 AMRCLAW: level  1  CFL = .443E+00  dt = 0.5000E+00  final t = 0.384359E+03
 AMRCLAW: level  1  CFL = .442E+00  dt = 0.5000E+00  final t = 0.384859E+03
 AMRCLAW: level  1  CFL = .442E+00  dt = 0.5000E+00  final t = 0.385359E+03
 AMRCLAW: level  1  CFL = .441E+00  dt = 0.5000E+00  final t = 0.385859E+03
 AMRCLAW: level  1  CFL = .440E+00  dt = 0.5000E+00  final t = 0.386359E+03
 AMRCLAW: level  1  CFL = .439E+00  dt = 0.5000E+00  final t = 0.386859E+03
 AMRCLAW: level  1  CFL = .439E+00  dt = 0.5000E+00  final t = 0.387359E+03
 AMRCLAW: level  1  CFL = .438E+00  dt = 0.5000E+00  final t = 0.387859E+03
 AMRCLAW: level  1  CFL = .437E+00  dt = 0.5000E+00  final t = 0.388359E+03
 AMRCLAW: level  1  CFL = .436E+00  dt = 0.5000E+00  final t = 0.388859E+03
 AMRCLAW: level  1  CFL = .436E+00  dt = 0.5000E+00  final t = 0.389359E+03
 AMRCLAW: level  1  CFL = .435E+00  dt = 0.5000E+00  final t = 0.389859E+03
 AMRCLAW: level  1  CFL = .122E+00  dt = 0.1408E+00  final t = 0.390000E+03
GEOCLAW: Frame   13 output files done at time t =  0.390000D+03

 AMRCLAW: level  1  CFL = .434E+00  dt = 0.5000E+00  final t = 0.390500E+03
 AMRCLAW: level  1  CFL = .433E+00  dt = 0.5000E+00  final t = 0.391000E+03
 AMRCLAW: level  1  CFL = .432E+00  dt = 0.5000E+00  final t = 0.391500E+03
 AMRCLAW: level  1  CFL = .431E+00  dt = 0.5000E+00  final t = 0.392000E+03
 AMRCLAW: level  1  CFL = .431E+00  dt = 0.5000E+00  final t = 0.392500E+03
 AMRCLAW: level  1  CFL = .430E+00  dt = 0.5000E+00  final t = 0.393000E+03
 AMRCLAW: level  1  CFL = .429E+00  dt = 0.5000E+00  final t = 0.393500E+03
 AMRCLAW: level  1  CFL = .428E+00  dt = 0.5000E+00  final t = 0.394000E+03
 AMRCLAW: level  1  CFL = .427E+00  dt = 0.5000E+00  final t = 0.394500E+03
 AMRCLAW: level  1  CFL = .426E+00  dt = 0.5000E+00  final t = 0.395000E+03
 AMRCLAW: level  1  CFL = .425E+00  dt = 0.5000E+00  final t = 0.395500E+03
 AMRCLAW: level  1  CFL = .424E+00  dt = 0.5000E+00  final t = 0.396000E+03
 AMRCLAW: level  1  CFL = .423E+00  dt = 0.5000E+00  final t = 0.396500E+03
 AMRCLAW: level  1  CFL = .422E+00  dt = 0.5000E+00  final t = 0.397000E+03
 AMRCLAW: level  1  CFL = .421E+00  dt = 0.5000E+00  final t = 0.397500E+03
 AMRCLAW: level  1  CFL = .420E+00  dt = 0.5000E+00  final t = 0.398000E+03
 AMRCLAW: level  1  CFL = .419E+00  dt = 0.5000E+00  final t = 0.398500E+03
 AMRCLAW: level  1  CFL = .418E+00  dt = 0.5000E+00  final t = 0.399000E+03
 AMRCLAW: level  1  CFL = .417E+00  dt = 0.5000E+00  final t = 0.399500E+03
 AMRCLAW: level  1  CFL = .416E+00  dt = 0.5000E+00  final t = 0.400000E+03
 AMRCLAW: level  1  CFL = .415E+00  dt = 0.5000E+00  final t = 0.400500E+03
 AMRCLAW: level  1  CFL = .414E+00  dt = 0.5000E+00  final t = 0.401000E+03
 AMRCLAW: level  1  CFL = .413E+00  dt = 0.5000E+00  final t = 0.401500E+03
 AMRCLAW: level  1  CFL = .412E+00  dt = 0.5000E+00  final t = 0.402000E+03
 AMRCLAW: level  1  CFL = .411E+00  dt = 0.5000E+00  final t = 0.402500E+03
 AMRCLAW: level  1  CFL = .411E+00  dt = 0.5000E+00  final t = 0.403000E+03
 AMRCLAW: level  1  CFL = .410E+00  dt = 0.5000E+00  final t = 0.403500E+03
 AMRCLAW: level  1  CFL = .410E+00  dt = 0.5000E+00  final t = 0.404000E+03
 AMRCLAW: level  1  CFL = .409E+00  dt = 0.5000E+00  final t = 0.404500E+03
 AMRCLAW: level  1  CFL = .409E+00  dt = 0.5000E+00  final t = 0.405000E+03
 AMRCLAW: level  1  CFL = .408E+00  dt = 0.5000E+00  final t = 0.405500E+03
 AMRCLAW: level  1  CFL = .408E+00  dt = 0.5000E+00  final t = 0.406000E+03
 AMRCLAW: level  1  CFL = .407E+00  dt = 0.5000E+00  final t = 0.406500E+03
 AMRCLAW: level  1  CFL = .407E+00  dt = 0.5000E+00  final t = 0.407000E+03
 AMRCLAW: level  1  CFL = .406E+00  dt = 0.5000E+00  final t = 0.407500E+03
 AMRCLAW: level  1  CFL = .406E+00  dt = 0.5000E+00  final t = 0.408000E+03
 AMRCLAW: level  1  CFL = .406E+00  dt = 0.5000E+00  final t = 0.408500E+03
 AMRCLAW: level  1  CFL = .405E+00  dt = 0.5000E+00  final t = 0.409000E+03
 AMRCLAW: level  1  CFL = .405E+00  dt = 0.5000E+00  final t = 0.409500E+03
 AMRCLAW: level  1  CFL = .404E+00  dt = 0.5000E+00  final t = 0.410000E+03
 AMRCLAW: level  1  CFL = .404E+00  dt = 0.5000E+00  final t = 0.410500E+03
 AMRCLAW: level  1  CFL = .403E+00  dt = 0.5000E+00  final t = 0.411000E+03
 AMRCLAW: level  1  CFL = .402E+00  dt = 0.5000E+00  final t = 0.411500E+03
 AMRCLAW: level  1  CFL = .402E+00  dt = 0.5000E+00  final t = 0.412000E+03
 AMRCLAW: level  1  CFL = .401E+00  dt = 0.5000E+00  final t = 0.412500E+03
 AMRCLAW: level  1  CFL = .401E+00  dt = 0.5000E+00  final t = 0.413000E+03
 AMRCLAW: level  1  CFL = .400E+00  dt = 0.5000E+00  final t = 0.413500E+03
 AMRCLAW: level  1  CFL = .400E+00  dt = 0.5000E+00  final t = 0.414000E+03
 AMRCLAW: level  1  CFL = .399E+00  dt = 0.5000E+00  final t = 0.414500E+03
 AMRCLAW: level  1  CFL = .399E+00  dt = 0.5000E+00  final t = 0.415000E+03
 AMRCLAW: level  1  CFL = .398E+00  dt = 0.5000E+00  final t = 0.415500E+03
 AMRCLAW: level  1  CFL = .398E+00  dt = 0.5000E+00  final t = 0.416000E+03
 AMRCLAW: level  1  CFL = .397E+00  dt = 0.5000E+00  final t = 0.416500E+03
 AMRCLAW: level  1  CFL = .397E+00  dt = 0.5000E+00  final t = 0.417000E+03
 AMRCLAW: level  1  CFL = .397E+00  dt = 0.5000E+00  final t = 0.417500E+03
 AMRCLAW: level  1  CFL = .396E+00  dt = 0.5000E+00  final t = 0.418000E+03
 AMRCLAW: level  1  CFL = .396E+00  dt = 0.5000E+00  final t = 0.418500E+03
 AMRCLAW: level  1  CFL = .407E+00  dt = 0.5000E+00  final t = 0.419000E+03
 AMRCLAW: level  1  CFL = .395E+00  dt = 0.5000E+00  final t = 0.419500E+03
 AMRCLAW: level  1  CFL = .395E+00  dt = 0.5000E+00  final t = 0.420000E+03
GEOCLAW: Frame   14 output files done at time t =  0.420000D+03

 AMRCLAW: level  1  CFL = .394E+00  dt = 0.5000E+00  final t = 0.420500E+03
 AMRCLAW: level  1  CFL = .394E+00  dt = 0.5000E+00  final t = 0.421000E+03
 AMRCLAW: level  1  CFL = .393E+00  dt = 0.5000E+00  final t = 0.421500E+03
 AMRCLAW: level  1  CFL = .393E+00  dt = 0.5000E+00  final t = 0.422000E+03
 AMRCLAW: level  1  CFL = .393E+00  dt = 0.5000E+00  final t = 0.422500E+03
 AMRCLAW: level  1  CFL = .392E+00  dt = 0.5000E+00  final t = 0.423000E+03
 AMRCLAW: level  1  CFL = .392E+00  dt = 0.5000E+00  final t = 0.423500E+03
 AMRCLAW: level  1  CFL = .392E+00  dt = 0.5000E+00  final t = 0.424000E+03
 AMRCLAW: level  1  CFL = .392E+00  dt = 0.5000E+00  final t = 0.424500E+03
 AMRCLAW: level  1  CFL = .391E+00  dt = 0.5000E+00  final t = 0.425000E+03
 AMRCLAW: level  1  CFL = .391E+00  dt = 0.5000E+00  final t = 0.425500E+03
 AMRCLAW: level  1  CFL = .391E+00  dt = 0.5000E+00  final t = 0.426000E+03
 AMRCLAW: level  1  CFL = .391E+00  dt = 0.5000E+00  final t = 0.426500E+03
 AMRCLAW: level  1  CFL = .390E+00  dt = 0.5000E+00  final t = 0.427000E+03
 AMRCLAW: level  1  CFL = .390E+00  dt = 0.5000E+00  final t = 0.427500E+03
 AMRCLAW: level  1  CFL = .390E+00  dt = 0.5000E+00  final t = 0.428000E+03
 AMRCLAW: level  1  CFL = .390E+00  dt = 0.5000E+00  final t = 0.428500E+03
 AMRCLAW: level  1  CFL = .390E+00  dt = 0.5000E+00  final t = 0.429000E+03
 AMRCLAW: level  1  CFL = .389E+00  dt = 0.5000E+00  final t = 0.429500E+03
 AMRCLAW: level  1  CFL = .389E+00  dt = 0.5000E+00  final t = 0.430000E+03
 AMRCLAW: level  1  CFL = .389E+00  dt = 0.5000E+00  final t = 0.430500E+03
 AMRCLAW: level  1  CFL = .389E+00  dt = 0.5000E+00  final t = 0.431000E+03
 AMRCLAW: level  1  CFL = .389E+00  dt = 0.5000E+00  final t = 0.431500E+03
 AMRCLAW: level  1  CFL = .389E+00  dt = 0.5000E+00  final t = 0.432000E+03
 AMRCLAW: level  1  CFL = .389E+00  dt = 0.5000E+00  final t = 0.432500E+03
 AMRCLAW: level  1  CFL = .390E+00  dt = 0.5000E+00  final t = 0.433000E+03
 AMRCLAW: level  1  CFL = .390E+00  dt = 0.5000E+00  final t = 0.433500E+03
 AMRCLAW: level  1  CFL = .390E+00  dt = 0.5000E+00  final t = 0.434000E+03
 AMRCLAW: level  1  CFL = .389E+00  dt = 0.5000E+00  final t = 0.434500E+03
 AMRCLAW: level  1  CFL = .389E+00  dt = 0.5000E+00  final t = 0.435000E+03
 AMRCLAW: level  1  CFL = .389E+00  dt = 0.5000E+00  final t = 0.435500E+03
 AMRCLAW: level  1  CFL = .389E+00  dt = 0.5000E+00  final t = 0.436000E+03
 AMRCLAW: level  1  CFL = .389E+00  dt = 0.5000E+00  final t = 0.436500E+03
 AMRCLAW: level  1  CFL = .389E+00  dt = 0.5000E+00  final t = 0.437000E+03
 AMRCLAW: level  1  CFL = .389E+00  dt = 0.5000E+00  final t = 0.437500E+03
 AMRCLAW: level  1  CFL = .388E+00  dt = 0.5000E+00  final t = 0.438000E+03
 AMRCLAW: level  1  CFL = .388E+00  dt = 0.5000E+00  final t = 0.438500E+03
 AMRCLAW: level  1  CFL = .388E+00  dt = 0.5000E+00  final t = 0.439000E+03
 AMRCLAW: level  1  CFL = .388E+00  dt = 0.5000E+00  final t = 0.439500E+03
 AMRCLAW: level  1  CFL = .388E+00  dt = 0.5000E+00  final t = 0.440000E+03
 AMRCLAW: level  1  CFL = .388E+00  dt = 0.5000E+00  final t = 0.440500E+03
 AMRCLAW: level  1  CFL = .388E+00  dt = 0.5000E+00  final t = 0.441000E+03
 AMRCLAW: level  1  CFL = .387E+00  dt = 0.5000E+00  final t = 0.441500E+03
 AMRCLAW: level  1  CFL = .387E+00  dt = 0.5000E+00  final t = 0.442000E+03
 AMRCLAW: level  1  CFL = .387E+00  dt = 0.5000E+00  final t = 0.442500E+03
 AMRCLAW: level  1  CFL = .386E+00  dt = 0.5000E+00  final t = 0.443000E+03
 AMRCLAW: level  1  CFL = .386E+00  dt = 0.5000E+00  final t = 0.443500E+03
 AMRCLAW: level  1  CFL = .387E+00  dt = 0.5000E+00  final t = 0.444000E+03
 AMRCLAW: level  1  CFL = .387E+00  dt = 0.5000E+00  final t = 0.444500E+03
 AMRCLAW: level  1  CFL = .387E+00  dt = 0.5000E+00  final t = 0.445000E+03
 AMRCLAW: level  1  CFL = .387E+00  dt = 0.5000E+00  final t = 0.445500E+03
 AMRCLAW: level  1  CFL = .387E+00  dt = 0.5000E+00  final t = 0.446000E+03
 AMRCLAW: level  1  CFL = .387E+00  dt = 0.5000E+00  final t = 0.446500E+03
 AMRCLAW: level  1  CFL = .387E+00  dt = 0.5000E+00  final t = 0.447000E+03
 AMRCLAW: level  1  CFL = .386E+00  dt = 0.5000E+00  final t = 0.447500E+03
 AMRCLAW: level  1  CFL = .386E+00  dt = 0.5000E+00  final t = 0.448000E+03
 AMRCLAW: level  1  CFL = .386E+00  dt = 0.5000E+00  final t = 0.448500E+03
 AMRCLAW: level  1  CFL = .386E+00  dt = 0.5000E+00  final t = 0.449000E+03
 AMRCLAW: level  1  CFL = .386E+00  dt = 0.5000E+00  final t = 0.449500E+03
 AMRCLAW: level  1  CFL = .386E+00  dt = 0.5000E+00  final t = 0.450000E+03
GEOCLAW: Frame   15 output files done at time t =  0.450000D+03

 AMRCLAW: level  1  CFL = .386E+00  dt = 0.5000E+00  final t = 0.450500E+03
 AMRCLAW: level  1  CFL = .386E+00  dt = 0.5000E+00  final t = 0.451000E+03
 AMRCLAW: level  1  CFL = .386E+00  dt = 0.5000E+00  final t = 0.451500E+03
 AMRCLAW: level  1  CFL = .386E+00  dt = 0.5000E+00  final t = 0.452000E+03
 AMRCLAW: level  1  CFL = .386E+00  dt = 0.5000E+00  final t = 0.452500E+03
 AMRCLAW: level  1  CFL = .386E+00  dt = 0.5000E+00  final t = 0.453000E+03
 AMRCLAW: level  1  CFL = .386E+00  dt = 0.5000E+00  final t = 0.453500E+03
 AMRCLAW: level  1  CFL = .386E+00  dt = 0.5000E+00  final t = 0.454000E+03
 AMRCLAW: level  1  CFL = .386E+00  dt = 0.5000E+00  final t = 0.454500E+03
 AMRCLAW: level  1  CFL = .386E+00  dt = 0.5000E+00  final t = 0.455000E+03
 AMRCLAW: level  1  CFL = .386E+00  dt = 0.5000E+00  final t = 0.455500E+03
 AMRCLAW: level  1  CFL = .386E+00  dt = 0.5000E+00  final t = 0.456000E+03
 AMRCLAW: level  1  CFL = .386E+00  dt = 0.5000E+00  final t = 0.456500E+03
 AMRCLAW: level  1  CFL = .386E+00  dt = 0.5000E+00  final t = 0.457000E+03
 AMRCLAW: level  1  CFL = .386E+00  dt = 0.5000E+00  final t = 0.457500E+03
 AMRCLAW: level  1  CFL = .385E+00  dt = 0.5000E+00  final t = 0.458000E+03
 AMRCLAW: level  1  CFL = .385E+00  dt = 0.5000E+00  final t = 0.458500E+03
 AMRCLAW: level  1  CFL = .384E+00  dt = 0.5000E+00  final t = 0.459000E+03
 AMRCLAW: level  1  CFL = .384E+00  dt = 0.5000E+00  final t = 0.459500E+03
 AMRCLAW: level  1  CFL = .383E+00  dt = 0.5000E+00  final t = 0.460000E+03
 AMRCLAW: level  1  CFL = .383E+00  dt = 0.5000E+00  final t = 0.460500E+03
 AMRCLAW: level  1  CFL = .382E+00  dt = 0.5000E+00  final t = 0.461000E+03
 AMRCLAW: level  1  CFL = .382E+00  dt = 0.5000E+00  final t = 0.461500E+03
 AMRCLAW: level  1  CFL = .381E+00  dt = 0.5000E+00  final t = 0.462000E+03
 AMRCLAW: level  1  CFL = .381E+00  dt = 0.5000E+00  final t = 0.462500E+03
 AMRCLAW: level  1  CFL = .380E+00  dt = 0.5000E+00  final t = 0.463000E+03
 AMRCLAW: level  1  CFL = .380E+00  dt = 0.5000E+00  final t = 0.463500E+03
 AMRCLAW: level  1  CFL = .380E+00  dt = 0.5000E+00  final t = 0.464000E+03
 AMRCLAW: level  1  CFL = .379E+00  dt = 0.5000E+00  final t = 0.464500E+03
 AMRCLAW: level  1  CFL = .379E+00  dt = 0.5000E+00  final t = 0.465000E+03
 AMRCLAW: level  1  CFL = .379E+00  dt = 0.5000E+00  final t = 0.465500E+03
 AMRCLAW: level  1  CFL = .379E+00  dt = 0.5000E+00  final t = 0.466000E+03
 AMRCLAW: level  1  CFL = .378E+00  dt = 0.5000E+00  final t = 0.466500E+03
 AMRCLAW: level  1  CFL = .378E+00  dt = 0.5000E+00  final t = 0.467000E+03
 AMRCLAW: level  1  CFL = .378E+00  dt = 0.5000E+00  final t = 0.467500E+03
 AMRCLAW: level  1  CFL = .377E+00  dt = 0.5000E+00  final t = 0.468000E+03
 AMRCLAW: level  1  CFL = .377E+00  dt = 0.5000E+00  final t = 0.468500E+03
 AMRCLAW: level  1  CFL = .377E+00  dt = 0.5000E+00  final t = 0.469000E+03
 AMRCLAW: level  1  CFL = .376E+00  dt = 0.5000E+00  final t = 0.469500E+03
 AMRCLAW: level  1  CFL = .376E+00  dt = 0.5000E+00  final t = 0.470000E+03
 AMRCLAW: level  1  CFL = .375E+00  dt = 0.5000E+00  final t = 0.470500E+03
 AMRCLAW: level  1  CFL = .375E+00  dt = 0.5000E+00  final t = 0.471000E+03
 AMRCLAW: level  1  CFL = .374E+00  dt = 0.5000E+00  final t = 0.471500E+03
 AMRCLAW: level  1  CFL = .374E+00  dt = 0.5000E+00  final t = 0.472000E+03
 AMRCLAW: level  1  CFL = .373E+00  dt = 0.5000E+00  final t = 0.472500E+03
 AMRCLAW: level  1  CFL = .373E+00  dt = 0.5000E+00  final t = 0.473000E+03
 AMRCLAW: level  1  CFL = .373E+00  dt = 0.5000E+00  final t = 0.473500E+03
 AMRCLAW: level  1  CFL = .373E+00  dt = 0.5000E+00  final t = 0.474000E+03
 AMRCLAW: level  1  CFL = .373E+00  dt = 0.5000E+00  final t = 0.474500E+03
 AMRCLAW: level  1  CFL = .372E+00  dt = 0.5000E+00  final t = 0.475000E+03
 AMRCLAW: level  1  CFL = .372E+00  dt = 0.5000E+00  final t = 0.475500E+03
 AMRCLAW: level  1  CFL = .372E+00  dt = 0.5000E+00  final t = 0.476000E+03
 AMRCLAW: level  1  CFL = .372E+00  dt = 0.5000E+00  final t = 0.476500E+03
 AMRCLAW: level  1  CFL = .372E+00  dt = 0.5000E+00  final t = 0.477000E+03
 AMRCLAW: level  1  CFL = .371E+00  dt = 0.5000E+00  final t = 0.477500E+03
 AMRCLAW: level  1  CFL = .371E+00  dt = 0.5000E+00  final t = 0.478000E+03
 AMRCLAW: level  1  CFL = .371E+00  dt = 0.5000E+00  final t = 0.478500E+03
 AMRCLAW: level  1  CFL = .371E+00  dt = 0.5000E+00  final t = 0.479000E+03
 AMRCLAW: level  1  CFL = .371E+00  dt = 0.5000E+00  final t = 0.479500E+03
 AMRCLAW: level  1  CFL = .370E+00  dt = 0.5000E+00  final t = 0.480000E+03
GEOCLAW: Frame   16 output files done at time t =  0.480000D+03

 AMRCLAW: level  1  CFL = .370E+00  dt = 0.5000E+00  final t = 0.480500E+03
 AMRCLAW: level  1  CFL = .370E+00  dt = 0.5000E+00  final t = 0.481000E+03
 AMRCLAW: level  1  CFL = .370E+00  dt = 0.5000E+00  final t = 0.481500E+03
 AMRCLAW: level  1  CFL = .370E+00  dt = 0.5000E+00  final t = 0.482000E+03
 AMRCLAW: level  1  CFL = .370E+00  dt = 0.5000E+00  final t = 0.482500E+03
 AMRCLAW: level  1  CFL = .370E+00  dt = 0.5000E+00  final t = 0.483000E+03
 AMRCLAW: level  1  CFL = .370E+00  dt = 0.5000E+00  final t = 0.483500E+03
 AMRCLAW: level  1  CFL = .370E+00  dt = 0.5000E+00  final t = 0.484000E+03
 AMRCLAW: level  1  CFL = .370E+00  dt = 0.5000E+00  final t = 0.484500E+03
 AMRCLAW: level  1  CFL = .370E+00  dt = 0.5000E+00  final t = 0.485000E+03
 AMRCLAW: level  1  CFL = .370E+00  dt = 0.5000E+00  final t = 0.485500E+03
 AMRCLAW: level  1  CFL = .370E+00  dt = 0.5000E+00  final t = 0.486000E+03
 AMRCLAW: level  1  CFL = .370E+00  dt = 0.5000E+00  final t = 0.486500E+03
 AMRCLAW: level  1  CFL = .370E+00  dt = 0.5000E+00  final t = 0.487000E+03
 AMRCLAW: level  1  CFL = .370E+00  dt = 0.5000E+00  final t = 0.487500E+03
 AMRCLAW: level  1  CFL = .370E+00  dt = 0.5000E+00  final t = 0.488000E+03
 AMRCLAW: level  1  CFL = .370E+00  dt = 0.5000E+00  final t = 0.488500E+03
 AMRCLAW: level  1  CFL = .370E+00  dt = 0.5000E+00  final t = 0.489000E+03
 AMRCLAW: level  1  CFL = .370E+00  dt = 0.5000E+00  final t = 0.489500E+03
 AMRCLAW: level  1  CFL = .370E+00  dt = 0.5000E+00  final t = 0.490000E+03
 AMRCLAW: level  1  CFL = .369E+00  dt = 0.5000E+00  final t = 0.490500E+03
 AMRCLAW: level  1  CFL = .369E+00  dt = 0.5000E+00  final t = 0.491000E+03
 AMRCLAW: level  1  CFL = .369E+00  dt = 0.5000E+00  final t = 0.491500E+03
 AMRCLAW: level  1  CFL = .369E+00  dt = 0.5000E+00  final t = 0.492000E+03
 AMRCLAW: level  1  CFL = .369E+00  dt = 0.5000E+00  final t = 0.492500E+03
 AMRCLAW: level  1  CFL = .369E+00  dt = 0.5000E+00  final t = 0.493000E+03
 AMRCLAW: level  1  CFL = .369E+00  dt = 0.5000E+00  final t = 0.493500E+03
 AMRCLAW: level  1  CFL = .369E+00  dt = 0.5000E+00  final t = 0.494000E+03
 AMRCLAW: level  1  CFL = .369E+00  dt = 0.5000E+00  final t = 0.494500E+03
 AMRCLAW: level  1  CFL = .369E+00  dt = 0.5000E+00  final t = 0.495000E+03
 AMRCLAW: level  1  CFL = .369E+00  dt = 0.5000E+00  final t = 0.495500E+03
 AMRCLAW: level  1  CFL = .369E+00  dt = 0.5000E+00  final t = 0.496000E+03
 AMRCLAW: level  1  CFL = .368E+00  dt = 0.5000E+00  final t = 0.496500E+03
 AMRCLAW: level  1  CFL = .368E+00  dt = 0.5000E+00  final t = 0.497000E+03
 AMRCLAW: level  1  CFL = .368E+00  dt = 0.5000E+00  final t = 0.497500E+03
 AMRCLAW: level  1  CFL = .368E+00  dt = 0.5000E+00  final t = 0.498000E+03
 AMRCLAW: level  1  CFL = .368E+00  dt = 0.5000E+00  final t = 0.498500E+03
 AMRCLAW: level  1  CFL = .368E+00  dt = 0.5000E+00  final t = 0.499000E+03
 AMRCLAW: level  1  CFL = .368E+00  dt = 0.5000E+00  final t = 0.499500E+03
 AMRCLAW: level  1  CFL = .368E+00  dt = 0.5000E+00  final t = 0.500000E+03
 AMRCLAW: level  1  CFL = .368E+00  dt = 0.5000E+00  final t = 0.500500E+03
 AMRCLAW: level  1  CFL = .368E+00  dt = 0.5000E+00  final t = 0.501000E+03
 AMRCLAW: level  1  CFL = .368E+00  dt = 0.5000E+00  final t = 0.501500E+03
 AMRCLAW: level  1  CFL = .367E+00  dt = 0.5000E+00  final t = 0.502000E+03
 AMRCLAW: level  1  CFL = .367E+00  dt = 0.5000E+00  final t = 0.502500E+03
 AMRCLAW: level  1  CFL = .367E+00  dt = 0.5000E+00  final t = 0.503000E+03
 AMRCLAW: level  1  CFL = .367E+00  dt = 0.5000E+00  final t = 0.503500E+03
 AMRCLAW: level  1  CFL = .367E+00  dt = 0.5000E+00  final t = 0.504000E+03
 AMRCLAW: level  1  CFL = .367E+00  dt = 0.5000E+00  final t = 0.504500E+03
 AMRCLAW: level  1  CFL = .367E+00  dt = 0.5000E+00  final t = 0.505000E+03
 AMRCLAW: level  1  CFL = .367E+00  dt = 0.5000E+00  final t = 0.505500E+03
 AMRCLAW: level  1  CFL = .367E+00  dt = 0.5000E+00  final t = 0.506000E+03
 AMRCLAW: level  1  CFL = .366E+00  dt = 0.5000E+00  final t = 0.506500E+03
 AMRCLAW: level  1  CFL = .366E+00  dt = 0.5000E+00  final t = 0.507000E+03
 AMRCLAW: level  1  CFL = .366E+00  dt = 0.5000E+00  final t = 0.507500E+03
 AMRCLAW: level  1  CFL = .366E+00  dt = 0.5000E+00  final t = 0.508000E+03
 AMRCLAW: level  1  CFL = .366E+00  dt = 0.5000E+00  final t = 0.508500E+03
 AMRCLAW: level  1  CFL = .366E+00  dt = 0.5000E+00  final t = 0.509000E+03
 AMRCLAW: level  1  CFL = .366E+00  dt = 0.5000E+00  final t = 0.509500E+03
 AMRCLAW: level  1  CFL = .366E+00  dt = 0.5000E+00  final t = 0.510000E+03
GEOCLAW: Frame   17 output files done at time t =  0.510000D+03

 AMRCLAW: level  1  CFL = .366E+00  dt = 0.5000E+00  final t = 0.510500E+03
 AMRCLAW: level  1  CFL = .366E+00  dt = 0.5000E+00  final t = 0.511000E+03
 AMRCLAW: level  1  CFL = .366E+00  dt = 0.5000E+00  final t = 0.511500E+03
 AMRCLAW: level  1  CFL = .366E+00  dt = 0.5000E+00  final t = 0.512000E+03
 AMRCLAW: level  1  CFL = .366E+00  dt = 0.5000E+00  final t = 0.512500E+03
 AMRCLAW: level  1  CFL = .366E+00  dt = 0.5000E+00  final t = 0.513000E+03
 AMRCLAW: level  1  CFL = .365E+00  dt = 0.5000E+00  final t = 0.513500E+03
 AMRCLAW: level  1  CFL = .365E+00  dt = 0.5000E+00  final t = 0.514000E+03
 AMRCLAW: level  1  CFL = .365E+00  dt = 0.5000E+00  final t = 0.514500E+03
 AMRCLAW: level  1  CFL = .365E+00  dt = 0.5000E+00  final t = 0.515000E+03
 AMRCLAW: level  1  CFL = .365E+00  dt = 0.5000E+00  final t = 0.515500E+03
 AMRCLAW: level  1  CFL = .365E+00  dt = 0.5000E+00  final t = 0.516000E+03
 AMRCLAW: level  1  CFL = .365E+00  dt = 0.5000E+00  final t = 0.516500E+03
 AMRCLAW: level  1  CFL = .365E+00  dt = 0.5000E+00  final t = 0.517000E+03
 AMRCLAW: level  1  CFL = .365E+00  dt = 0.5000E+00  final t = 0.517500E+03
 AMRCLAW: level  1  CFL = .364E+00  dt = 0.5000E+00  final t = 0.518000E+03
 AMRCLAW: level  1  CFL = .364E+00  dt = 0.5000E+00  final t = 0.518500E+03
 AMRCLAW: level  1  CFL = .364E+00  dt = 0.5000E+00  final t = 0.519000E+03
 AMRCLAW: level  1  CFL = .364E+00  dt = 0.5000E+00  final t = 0.519500E+03
 AMRCLAW: level  1  CFL = .364E+00  dt = 0.5000E+00  final t = 0.520000E+03
 AMRCLAW: level  1  CFL = .364E+00  dt = 0.5000E+00  final t = 0.520500E+03
 AMRCLAW: level  1  CFL = .364E+00  dt = 0.5000E+00  final t = 0.521000E+03
 AMRCLAW: level  1  CFL = .363E+00  dt = 0.5000E+00  final t = 0.521500E+03
 AMRCLAW: level  1  CFL = .363E+00  dt = 0.5000E+00  final t = 0.522000E+03
 AMRCLAW: level  1  CFL = .363E+00  dt = 0.5000E+00  final t = 0.522500E+03
 AMRCLAW: level  1  CFL = .363E+00  dt = 0.5000E+00  final t = 0.523000E+03
 AMRCLAW: level  1  CFL = .363E+00  dt = 0.5000E+00  final t = 0.523500E+03
 AMRCLAW: level  1  CFL = .362E+00  dt = 0.5000E+00  final t = 0.524000E+03
 AMRCLAW: level  1  CFL = .362E+00  dt = 0.5000E+00  final t = 0.524500E+03
 AMRCLAW: level  1  CFL = .361E+00  dt = 0.5000E+00  final t = 0.525000E+03
 AMRCLAW: level  1  CFL = .361E+00  dt = 0.5000E+00  final t = 0.525500E+03
 AMRCLAW: level  1  CFL = .360E+00  dt = 0.5000E+00  final t = 0.526000E+03
 AMRCLAW: level  1  CFL = .360E+00  dt = 0.5000E+00  final t = 0.526500E+03
 AMRCLAW: level  1  CFL = .360E+00  dt = 0.5000E+00  final t = 0.527000E+03
 AMRCLAW: level  1  CFL = .359E+00  dt = 0.5000E+00  final t = 0.527500E+03
 AMRCLAW: level  1  CFL = .359E+00  dt = 0.5000E+00  final t = 0.528000E+03
 AMRCLAW: level  1  CFL = .358E+00  dt = 0.5000E+00  final t = 0.528500E+03
 AMRCLAW: level  1  CFL = .358E+00  dt = 0.5000E+00  final t = 0.529000E+03
 AMRCLAW: level  1  CFL = .358E+00  dt = 0.5000E+00  final t = 0.529500E+03
 AMRCLAW: level  1  CFL = .357E+00  dt = 0.5000E+00  final t = 0.530000E+03
 AMRCLAW: level  1  CFL = .357E+00  dt = 0.5000E+00  final t = 0.530500E+03
 AMRCLAW: level  1  CFL = .357E+00  dt = 0.5000E+00  final t = 0.531000E+03
 AMRCLAW: level  1  CFL = .356E+00  dt = 0.5000E+00  final t = 0.531500E+03
 AMRCLAW: level  1  CFL = .356E+00  dt = 0.5000E+00  final t = 0.532000E+03
 AMRCLAW: level  1  CFL = .356E+00  dt = 0.5000E+00  final t = 0.532500E+03
 AMRCLAW: level  1  CFL = .355E+00  dt = 0.5000E+00  final t = 0.533000E+03
 AMRCLAW: level  1  CFL = .355E+00  dt = 0.5000E+00  final t = 0.533500E+03
 AMRCLAW: level  1  CFL = .355E+00  dt = 0.5000E+00  final t = 0.534000E+03
 AMRCLAW: level  1  CFL = .355E+00  dt = 0.5000E+00  final t = 0.534500E+03
 AMRCLAW: level  1  CFL = .355E+00  dt = 0.5000E+00  final t = 0.535000E+03
 AMRCLAW: level  1  CFL = .354E+00  dt = 0.5000E+00  final t = 0.535500E+03
 AMRCLAW: level  1  CFL = .354E+00  dt = 0.5000E+00  final t = 0.536000E+03
 AMRCLAW: level  1  CFL = .354E+00  dt = 0.5000E+00  final t = 0.536500E+03
 AMRCLAW: level  1  CFL = .354E+00  dt = 0.5000E+00  final t = 0.537000E+03
 AMRCLAW: level  1  CFL = .354E+00  dt = 0.5000E+00  final t = 0.537500E+03
 AMRCLAW: level  1  CFL = .354E+00  dt = 0.5000E+00  final t = 0.538000E+03
 AMRCLAW: level  1  CFL = .353E+00  dt = 0.5000E+00  final t = 0.538500E+03
 AMRCLAW: level  1  CFL = .353E+00  dt = 0.5000E+00  final t = 0.539000E+03
 AMRCLAW: level  1  CFL = .353E+00  dt = 0.5000E+00  final t = 0.539500E+03
 AMRCLAW: level  1  CFL = .353E+00  dt = 0.5000E+00  final t = 0.540000E+03
GEOCLAW: Frame   18 output files done at time t =  0.540000D+03

 AMRCLAW: level  1  CFL = .353E+00  dt = 0.5000E+00  final t = 0.540500E+03
 AMRCLAW: level  1  CFL = .353E+00  dt = 0.5000E+00  final t = 0.541000E+03
 AMRCLAW: level  1  CFL = .353E+00  dt = 0.5000E+00  final t = 0.541500E+03
 AMRCLAW: level  1  CFL = .352E+00  dt = 0.5000E+00  final t = 0.542000E+03
 AMRCLAW: level  1  CFL = .352E+00  dt = 0.5000E+00  final t = 0.542500E+03
 AMRCLAW: level  1  CFL = .352E+00  dt = 0.5000E+00  final t = 0.543000E+03
 AMRCLAW: level  1  CFL = .352E+00  dt = 0.5000E+00  final t = 0.543500E+03
 AMRCLAW: level  1  CFL = .352E+00  dt = 0.5000E+00  final t = 0.544000E+03
 AMRCLAW: level  1  CFL = .352E+00  dt = 0.5000E+00  final t = 0.544500E+03
 AMRCLAW: level  1  CFL = .351E+00  dt = 0.5000E+00  final t = 0.545000E+03
 AMRCLAW: level  1  CFL = .351E+00  dt = 0.5000E+00  final t = 0.545500E+03
 AMRCLAW: level  1  CFL = .351E+00  dt = 0.5000E+00  final t = 0.546000E+03
 AMRCLAW: level  1  CFL = .351E+00  dt = 0.5000E+00  final t = 0.546500E+03
 AMRCLAW: level  1  CFL = .350E+00  dt = 0.5000E+00  final t = 0.547000E+03
 AMRCLAW: level  1  CFL = .350E+00  dt = 0.5000E+00  final t = 0.547500E+03
 AMRCLAW: level  1  CFL = .350E+00  dt = 0.5000E+00  final t = 0.548000E+03
 AMRCLAW: level  1  CFL = .350E+00  dt = 0.5000E+00  final t = 0.548500E+03
 AMRCLAW: level  1  CFL = .350E+00  dt = 0.5000E+00  final t = 0.549000E+03
 AMRCLAW: level  1  CFL = .350E+00  dt = 0.5000E+00  final t = 0.549500E+03
 AMRCLAW: level  1  CFL = .350E+00  dt = 0.5000E+00  final t = 0.550000E+03
 AMRCLAW: level  1  CFL = .349E+00  dt = 0.5000E+00  final t = 0.550500E+03
 AMRCLAW: level  1  CFL = .349E+00  dt = 0.5000E+00  final t = 0.551000E+03
 AMRCLAW: level  1  CFL = .349E+00  dt = 0.5000E+00  final t = 0.551500E+03
 AMRCLAW: level  1  CFL = .348E+00  dt = 0.5000E+00  final t = 0.552000E+03
 AMRCLAW: level  1  CFL = .348E+00  dt = 0.5000E+00  final t = 0.552500E+03
 AMRCLAW: level  1  CFL = .348E+00  dt = 0.5000E+00  final t = 0.553000E+03
 AMRCLAW: level  1  CFL = .347E+00  dt = 0.5000E+00  final t = 0.553500E+03
 AMRCLAW: level  1  CFL = .347E+00  dt = 0.5000E+00  final t = 0.554000E+03
 AMRCLAW: level  1  CFL = .347E+00  dt = 0.5000E+00  final t = 0.554500E+03
 AMRCLAW: level  1  CFL = .347E+00  dt = 0.5000E+00  final t = 0.555000E+03
 AMRCLAW: level  1  CFL = .347E+00  dt = 0.5000E+00  final t = 0.555500E+03
 AMRCLAW: level  1  CFL = .347E+00  dt = 0.5000E+00  final t = 0.556000E+03
 AMRCLAW: level  1  CFL = .347E+00  dt = 0.5000E+00  final t = 0.556500E+03
 AMRCLAW: level  1  CFL = .347E+00  dt = 0.5000E+00  final t = 0.557000E+03
 AMRCLAW: level  1  CFL = .347E+00  dt = 0.5000E+00  final t = 0.557500E+03
 AMRCLAW: level  1  CFL = .347E+00  dt = 0.5000E+00  final t = 0.558000E+03
 AMRCLAW: level  1  CFL = .347E+00  dt = 0.5000E+00  final t = 0.558500E+03
 AMRCLAW: level  1  CFL = .346E+00  dt = 0.5000E+00  final t = 0.559000E+03
 AMRCLAW: level  1  CFL = .346E+00  dt = 0.5000E+00  final t = 0.559500E+03
 AMRCLAW: level  1  CFL = .346E+00  dt = 0.5000E+00  final t = 0.560000E+03
 AMRCLAW: level  1  CFL = .346E+00  dt = 0.5000E+00  final t = 0.560500E+03
 AMRCLAW: level  1  CFL = .346E+00  dt = 0.5000E+00  final t = 0.561000E+03
 AMRCLAW: level  1  CFL = .346E+00  dt = 0.5000E+00  final t = 0.561500E+03
 AMRCLAW: level  1  CFL = .346E+00  dt = 0.5000E+00  final t = 0.562000E+03
 AMRCLAW: level  1  CFL = .346E+00  dt = 0.5000E+00  final t = 0.562500E+03
 AMRCLAW: level  1  CFL = .346E+00  dt = 0.5000E+00  final t = 0.563000E+03
 AMRCLAW: level  1  CFL = .346E+00  dt = 0.5000E+00  final t = 0.563500E+03
 AMRCLAW: level  1  CFL = .345E+00  dt = 0.5000E+00  final t = 0.564000E+03
 AMRCLAW: level  1  CFL = .345E+00  dt = 0.5000E+00  final t = 0.564500E+03
 AMRCLAW: level  1  CFL = .344E+00  dt = 0.5000E+00  final t = 0.565000E+03
 AMRCLAW: level  1  CFL = .344E+00  dt = 0.5000E+00  final t = 0.565500E+03
 AMRCLAW: level  1  CFL = .343E+00  dt = 0.5000E+00  final t = 0.566000E+03
 AMRCLAW: level  1  CFL = .343E+00  dt = 0.5000E+00  final t = 0.566500E+03
 AMRCLAW: level  1  CFL = .343E+00  dt = 0.5000E+00  final t = 0.567000E+03
 AMRCLAW: level  1  CFL = .343E+00  dt = 0.5000E+00  final t = 0.567500E+03
 AMRCLAW: level  1  CFL = .343E+00  dt = 0.5000E+00  final t = 0.568000E+03
 AMRCLAW: level  1  CFL = .343E+00  dt = 0.5000E+00  final t = 0.568500E+03
 AMRCLAW: level  1  CFL = .343E+00  dt = 0.5000E+00  final t = 0.569000E+03
 AMRCLAW: level  1  CFL = .343E+00  dt = 0.5000E+00  final t = 0.569500E+03
 AMRCLAW: level  1  CFL = .343E+00  dt = 0.5000E+00  final t = 0.570000E+03
GEOCLAW: Frame   19 output files done at time t =  0.570000D+03

 AMRCLAW: level  1  CFL = .342E+00  dt = 0.5000E+00  final t = 0.570500E+03
 AMRCLAW: level  1  CFL = .342E+00  dt = 0.5000E+00  final t = 0.571000E+03
 AMRCLAW: level  1  CFL = .341E+00  dt = 0.5000E+00  final t = 0.571500E+03
 AMRCLAW: level  1  CFL = .341E+00  dt = 0.5000E+00  final t = 0.572000E+03
 AMRCLAW: level  1  CFL = .341E+00  dt = 0.5000E+00  final t = 0.572500E+03
 AMRCLAW: level  1  CFL = .341E+00  dt = 0.5000E+00  final t = 0.573000E+03
 AMRCLAW: level  1  CFL = .341E+00  dt = 0.5000E+00  final t = 0.573500E+03
 AMRCLAW: level  1  CFL = .341E+00  dt = 0.5000E+00  final t = 0.574000E+03
 AMRCLAW: level  1  CFL = .340E+00  dt = 0.5000E+00  final t = 0.574500E+03
 AMRCLAW: level  1  CFL = .340E+00  dt = 0.5000E+00  final t = 0.575000E+03
 AMRCLAW: level  1  CFL = .340E+00  dt = 0.5000E+00  final t = 0.575500E+03
 AMRCLAW: level  1  CFL = .340E+00  dt = 0.5000E+00  final t = 0.576000E+03
 AMRCLAW: level  1  CFL = .340E+00  dt = 0.5000E+00  final t = 0.576500E+03
 AMRCLAW: level  1  CFL = .340E+00  dt = 0.5000E+00  final t = 0.577000E+03
 AMRCLAW: level  1  CFL = .340E+00  dt = 0.5000E+00  final t = 0.577500E+03
 AMRCLAW: level  1  CFL = .339E+00  dt = 0.5000E+00  final t = 0.578000E+03
 AMRCLAW: level  1  CFL = .339E+00  dt = 0.5000E+00  final t = 0.578500E+03
 AMRCLAW: level  1  CFL = .339E+00  dt = 0.5000E+00  final t = 0.579000E+03
 AMRCLAW: level  1  CFL = .339E+00  dt = 0.5000E+00  final t = 0.579500E+03
 AMRCLAW: level  1  CFL = .338E+00  dt = 0.5000E+00  final t = 0.580000E+03
 AMRCLAW: level  1  CFL = .338E+00  dt = 0.5000E+00  final t = 0.580500E+03
 AMRCLAW: level  1  CFL = .338E+00  dt = 0.5000E+00  final t = 0.581000E+03
 AMRCLAW: level  1  CFL = .338E+00  dt = 0.5000E+00  final t = 0.581500E+03
 AMRCLAW: level  1  CFL = .338E+00  dt = 0.5000E+00  final t = 0.582000E+03
 AMRCLAW: level  1  CFL = .337E+00  dt = 0.5000E+00  final t = 0.582500E+03
 AMRCLAW: level  1  CFL = .337E+00  dt = 0.5000E+00  final t = 0.583000E+03
 AMRCLAW: level  1  CFL = .337E+00  dt = 0.5000E+00  final t = 0.583500E+03
 AMRCLAW: level  1  CFL = .336E+00  dt = 0.5000E+00  final t = 0.584000E+03
 AMRCLAW: level  1  CFL = .336E+00  dt = 0.5000E+00  final t = 0.584500E+03
 AMRCLAW: level  1  CFL = .336E+00  dt = 0.5000E+00  final t = 0.585000E+03
 AMRCLAW: level  1  CFL = .335E+00  dt = 0.5000E+00  final t = 0.585500E+03
 AMRCLAW: level  1  CFL = .335E+00  dt = 0.5000E+00  final t = 0.586000E+03
 AMRCLAW: level  1  CFL = .334E+00  dt = 0.5000E+00  final t = 0.586500E+03
 AMRCLAW: level  1  CFL = .334E+00  dt = 0.5000E+00  final t = 0.587000E+03
 AMRCLAW: level  1  CFL = .334E+00  dt = 0.5000E+00  final t = 0.587500E+03
 AMRCLAW: level  1  CFL = .333E+00  dt = 0.5000E+00  final t = 0.588000E+03
 AMRCLAW: level  1  CFL = .333E+00  dt = 0.5000E+00  final t = 0.588500E+03
 AMRCLAW: level  1  CFL = .333E+00  dt = 0.5000E+00  final t = 0.589000E+03
 AMRCLAW: level  1  CFL = .332E+00  dt = 0.5000E+00  final t = 0.589500E+03
 AMRCLAW: level  1  CFL = .332E+00  dt = 0.5000E+00  final t = 0.590000E+03
 AMRCLAW: level  1  CFL = .331E+00  dt = 0.5000E+00  final t = 0.590500E+03
 AMRCLAW: level  1  CFL = .331E+00  dt = 0.5000E+00  final t = 0.591000E+03
 AMRCLAW: level  1  CFL = .331E+00  dt = 0.5000E+00  final t = 0.591500E+03
 AMRCLAW: level  1  CFL = .330E+00  dt = 0.5000E+00  final t = 0.592000E+03
 AMRCLAW: level  1  CFL = .330E+00  dt = 0.5000E+00  final t = 0.592500E+03
 AMRCLAW: level  1  CFL = .330E+00  dt = 0.5000E+00  final t = 0.593000E+03
 AMRCLAW: level  1  CFL = .330E+00  dt = 0.5000E+00  final t = 0.593500E+03
 AMRCLAW: level  1  CFL = .329E+00  dt = 0.5000E+00  final t = 0.594000E+03
 AMRCLAW: level  1  CFL = .329E+00  dt = 0.5000E+00  final t = 0.594500E+03
 AMRCLAW: level  1  CFL = .329E+00  dt = 0.5000E+00  final t = 0.595000E+03
 AMRCLAW: level  1  CFL = .328E+00  dt = 0.5000E+00  final t = 0.595500E+03
 AMRCLAW: level  1  CFL = .328E+00  dt = 0.5000E+00  final t = 0.596000E+03
 AMRCLAW: level  1  CFL = .328E+00  dt = 0.5000E+00  final t = 0.596500E+03
 AMRCLAW: level  1  CFL = .328E+00  dt = 0.5000E+00  final t = 0.597000E+03
 AMRCLAW: level  1  CFL = .327E+00  dt = 0.5000E+00  final t = 0.597500E+03
 AMRCLAW: level  1  CFL = .327E+00  dt = 0.5000E+00  final t = 0.598000E+03
 AMRCLAW: level  1  CFL = .327E+00  dt = 0.5000E+00  final t = 0.598500E+03
 AMRCLAW: level  1  CFL = .327E+00  dt = 0.5000E+00  final t = 0.599000E+03
 AMRCLAW: level  1  CFL = .327E+00  dt = 0.5000E+00  final t = 0.599500E+03
 AMRCLAW: level  1  CFL = .326E+00  dt = 0.5000E+00  final t = 0.600000E+03
GEOCLAW: Frame   20 output files done at time t =  0.600000D+03

 AMRCLAW: level  1  CFL = .326E+00  dt = 0.5000E+00  final t = 0.600500E+03
 AMRCLAW: level  1  CFL = .326E+00  dt = 0.5000E+00  final t = 0.601000E+03
 AMRCLAW: level  1  CFL = .326E+00  dt = 0.5000E+00  final t = 0.601500E+03
 AMRCLAW: level  1  CFL = .326E+00  dt = 0.5000E+00  final t = 0.602000E+03
 AMRCLAW: level  1  CFL = .326E+00  dt = 0.5000E+00  final t = 0.602500E+03
 AMRCLAW: level  1  CFL = .326E+00  dt = 0.5000E+00  final t = 0.603000E+03
 AMRCLAW: level  1  CFL = .325E+00  dt = 0.5000E+00  final t = 0.603500E+03
 AMRCLAW: level  1  CFL = .325E+00  dt = 0.5000E+00  final t = 0.604000E+03
 AMRCLAW: level  1  CFL = .325E+00  dt = 0.5000E+00  final t = 0.604500E+03
 AMRCLAW: level  1  CFL = .325E+00  dt = 0.5000E+00  final t = 0.605000E+03
 AMRCLAW: level  1  CFL = .325E+00  dt = 0.5000E+00  final t = 0.605500E+03
 AMRCLAW: level  1  CFL = .325E+00  dt = 0.5000E+00  final t = 0.606000E+03
 AMRCLAW: level  1  CFL = .325E+00  dt = 0.5000E+00  final t = 0.606500E+03
 AMRCLAW: level  1  CFL = .324E+00  dt = 0.5000E+00  final t = 0.607000E+03
 AMRCLAW: level  1  CFL = .324E+00  dt = 0.5000E+00  final t = 0.607500E+03
 AMRCLAW: level  1  CFL = .324E+00  dt = 0.5000E+00  final t = 0.608000E+03
 AMRCLAW: level  1  CFL = .324E+00  dt = 0.5000E+00  final t = 0.608500E+03
 AMRCLAW: level  1  CFL = .324E+00  dt = 0.5000E+00  final t = 0.609000E+03
 AMRCLAW: level  1  CFL = .323E+00  dt = 0.5000E+00  final t = 0.609500E+03
 AMRCLAW: level  1  CFL = .323E+00  dt = 0.5000E+00  final t = 0.610000E+03
 AMRCLAW: level  1  CFL = .323E+00  dt = 0.5000E+00  final t = 0.610500E+03
 AMRCLAW: level  1  CFL = .323E+00  dt = 0.5000E+00  final t = 0.611000E+03
 AMRCLAW: level  1  CFL = .322E+00  dt = 0.5000E+00  final t = 0.611500E+03
 AMRCLAW: level  1  CFL = .322E+00  dt = 0.5000E+00  final t = 0.612000E+03
 AMRCLAW: level  1  CFL = .322E+00  dt = 0.5000E+00  final t = 0.612500E+03
 AMRCLAW: level  1  CFL = .322E+00  dt = 0.5000E+00  final t = 0.613000E+03
 AMRCLAW: level  1  CFL = .321E+00  dt = 0.5000E+00  final t = 0.613500E+03
 AMRCLAW: level  1  CFL = .321E+00  dt = 0.5000E+00  final t = 0.614000E+03
 AMRCLAW: level  1  CFL = .321E+00  dt = 0.5000E+00  final t = 0.614500E+03
 AMRCLAW: level  1  CFL = .321E+00  dt = 0.5000E+00  final t = 0.615000E+03
 AMRCLAW: level  1  CFL = .321E+00  dt = 0.5000E+00  final t = 0.615500E+03
 AMRCLAW: level  1  CFL = .320E+00  dt = 0.5000E+00  final t = 0.616000E+03
 AMRCLAW: level  1  CFL = .320E+00  dt = 0.5000E+00  final t = 0.616500E+03
 AMRCLAW: level  1  CFL = .320E+00  dt = 0.5000E+00  final t = 0.617000E+03
 AMRCLAW: level  1  CFL = .320E+00  dt = 0.5000E+00  final t = 0.617500E+03
 AMRCLAW: level  1  CFL = .319E+00  dt = 0.5000E+00  final t = 0.618000E+03
 AMRCLAW: level  1  CFL = .319E+00  dt = 0.5000E+00  final t = 0.618500E+03
 AMRCLAW: level  1  CFL = .319E+00  dt = 0.5000E+00  final t = 0.619000E+03
 AMRCLAW: level  1  CFL = .319E+00  dt = 0.5000E+00  final t = 0.619500E+03
 AMRCLAW: level  1  CFL = .318E+00  dt = 0.5000E+00  final t = 0.620000E+03
 AMRCLAW: level  1  CFL = .318E+00  dt = 0.5000E+00  final t = 0.620500E+03
 AMRCLAW: level  1  CFL = .318E+00  dt = 0.5000E+00  final t = 0.621000E+03
 AMRCLAW: level  1  CFL = .318E+00  dt = 0.5000E+00  final t = 0.621500E+03
 AMRCLAW: level  1  CFL = .317E+00  dt = 0.5000E+00  final t = 0.622000E+03
 AMRCLAW: level  1  CFL = .317E+00  dt = 0.5000E+00  final t = 0.622500E+03
 AMRCLAW: level  1  CFL = .317E+00  dt = 0.5000E+00  final t = 0.623000E+03
 AMRCLAW: level  1  CFL = .317E+00  dt = 0.5000E+00  final t = 0.623500E+03
 AMRCLAW: level  1  CFL = .316E+00  dt = 0.5000E+00  final t = 0.624000E+03
 AMRCLAW: level  1  CFL = .316E+00  dt = 0.5000E+00  final t = 0.624500E+03
 AMRCLAW: level  1  CFL = .316E+00  dt = 0.5000E+00  final t = 0.625000E+03
 AMRCLAW: level  1  CFL = .316E+00  dt = 0.5000E+00  final t = 0.625500E+03
 AMRCLAW: level  1  CFL = .316E+00  dt = 0.5000E+00  final t = 0.626000E+03
 AMRCLAW: level  1  CFL = .315E+00  dt = 0.5000E+00  final t = 0.626500E+03
 AMRCLAW: level  1  CFL = .315E+00  dt = 0.5000E+00  final t = 0.627000E+03
 AMRCLAW: level  1  CFL = .315E+00  dt = 0.5000E+00  final t = 0.627500E+03
 AMRCLAW: level  1  CFL = .315E+00  dt = 0.5000E+00  final t = 0.628000E+03
 AMRCLAW: level  1  CFL = .315E+00  dt = 0.5000E+00  final t = 0.628500E+03
 AMRCLAW: level  1  CFL = .314E+00  dt = 0.5000E+00  final t = 0.629000E+03
 AMRCLAW: level  1  CFL = .314E+00  dt = 0.5000E+00  final t = 0.629500E+03
 AMRCLAW: level  1  CFL = .314E+00  dt = 0.5000E+00  final t = 0.630000E+03
GEOCLAW: Frame   21 output files done at time t =  0.630000D+03

 AMRCLAW: level  1  CFL = .314E+00  dt = 0.5000E+00  final t = 0.630500E+03
 AMRCLAW: level  1  CFL = .314E+00  dt = 0.5000E+00  final t = 0.631000E+03
 AMRCLAW: level  1  CFL = .313E+00  dt = 0.5000E+00  final t = 0.631500E+03
 AMRCLAW: level  1  CFL = .313E+00  dt = 0.5000E+00  final t = 0.632000E+03
 AMRCLAW: level  1  CFL = .313E+00  dt = 0.5000E+00  final t = 0.632500E+03
 AMRCLAW: level  1  CFL = .313E+00  dt = 0.5000E+00  final t = 0.633000E+03
 AMRCLAW: level  1  CFL = .313E+00  dt = 0.5000E+00  final t = 0.633500E+03
 AMRCLAW: level  1  CFL = .313E+00  dt = 0.5000E+00  final t = 0.634000E+03
 AMRCLAW: level  1  CFL = .309E+00  dt = 0.5000E+00  final t = 0.634500E+03
 AMRCLAW: level  1  CFL = .307E+00  dt = 0.5000E+00  final t = 0.635000E+03
 AMRCLAW: level  1  CFL = .307E+00  dt = 0.5000E+00  final t = 0.635500E+03
 AMRCLAW: level  1  CFL = .308E+00  dt = 0.5000E+00  final t = 0.636000E+03
 AMRCLAW: level  1  CFL = .308E+00  dt = 0.5000E+00  final t = 0.636500E+03
 AMRCLAW: level  1  CFL = .309E+00  dt = 0.5000E+00  final t = 0.637000E+03
 AMRCLAW: level  1  CFL = .310E+00  dt = 0.5000E+00  final t = 0.637500E+03
 AMRCLAW: level  1  CFL = .310E+00  dt = 0.5000E+00  final t = 0.638000E+03
 AMRCLAW: level  1  CFL = .310E+00  dt = 0.5000E+00  final t = 0.638500E+03
 AMRCLAW: level  1  CFL = .311E+00  dt = 0.5000E+00  final t = 0.639000E+03
 AMRCLAW: level  1  CFL = .311E+00  dt = 0.5000E+00  final t = 0.639500E+03
 AMRCLAW: level  1  CFL = .311E+00  dt = 0.5000E+00  final t = 0.640000E+03
 AMRCLAW: level  1  CFL = .311E+00  dt = 0.5000E+00  final t = 0.640500E+03
 AMRCLAW: level  1  CFL = .311E+00  dt = 0.5000E+00  final t = 0.641000E+03
 AMRCLAW: level  1  CFL = .310E+00  dt = 0.5000E+00  final t = 0.641500E+03
 AMRCLAW: level  1  CFL = .310E+00  dt = 0.5000E+00  final t = 0.642000E+03
 AMRCLAW: level  1  CFL = .310E+00  dt = 0.5000E+00  final t = 0.642500E+03
 AMRCLAW: level  1  CFL = .310E+00  dt = 0.5000E+00  final t = 0.643000E+03
 AMRCLAW: level  1  CFL = .310E+00  dt = 0.5000E+00  final t = 0.643500E+03
 AMRCLAW: level  1  CFL = .310E+00  dt = 0.5000E+00  final t = 0.644000E+03
 AMRCLAW: level  1  CFL = .310E+00  dt = 0.5000E+00  final t = 0.644500E+03
 AMRCLAW: level  1  CFL = .310E+00  dt = 0.5000E+00  final t = 0.645000E+03
 AMRCLAW: level  1  CFL = .310E+00  dt = 0.5000E+00  final t = 0.645500E+03
 AMRCLAW: level  1  CFL = .310E+00  dt = 0.5000E+00  final t = 0.646000E+03
 AMRCLAW: level  1  CFL = .309E+00  dt = 0.5000E+00  final t = 0.646500E+03
 AMRCLAW: level  1  CFL = .309E+00  dt = 0.5000E+00  final t = 0.647000E+03
 AMRCLAW: level  1  CFL = .309E+00  dt = 0.5000E+00  final t = 0.647500E+03
 AMRCLAW: level  1  CFL = .309E+00  dt = 0.5000E+00  final t = 0.648000E+03
 AMRCLAW: level  1  CFL = .309E+00  dt = 0.5000E+00  final t = 0.648500E+03
 AMRCLAW: level  1  CFL = .309E+00  dt = 0.5000E+00  final t = 0.649000E+03
 AMRCLAW: level  1  CFL = .309E+00  dt = 0.5000E+00  final t = 0.649500E+03
 AMRCLAW: level  1  CFL = .308E+00  dt = 0.5000E+00  final t = 0.650000E+03
 AMRCLAW: level  1  CFL = .308E+00  dt = 0.5000E+00  final t = 0.650500E+03
 AMRCLAW: level  1  CFL = .308E+00  dt = 0.5000E+00  final t = 0.651000E+03
 AMRCLAW: level  1  CFL = .308E+00  dt = 0.5000E+00  final t = 0.651500E+03
 AMRCLAW: level  1  CFL = .308E+00  dt = 0.5000E+00  final t = 0.652000E+03
 AMRCLAW: level  1  CFL = .307E+00  dt = 0.5000E+00  final t = 0.652500E+03
 AMRCLAW: level  1  CFL = .307E+00  dt = 0.5000E+00  final t = 0.653000E+03
 AMRCLAW: level  1  CFL = .307E+00  dt = 0.5000E+00  final t = 0.653500E+03
 AMRCLAW: level  1  CFL = .307E+00  dt = 0.5000E+00  final t = 0.654000E+03
 AMRCLAW: level  1  CFL = .306E+00  dt = 0.5000E+00  final t = 0.654500E+03
 AMRCLAW: level  1  CFL = .306E+00  dt = 0.5000E+00  final t = 0.655000E+03
 AMRCLAW: level  1  CFL = .305E+00  dt = 0.5000E+00  final t = 0.655500E+03
 AMRCLAW: level  1  CFL = .305E+00  dt = 0.5000E+00  final t = 0.656000E+03
 AMRCLAW: level  1  CFL = .305E+00  dt = 0.5000E+00  final t = 0.656500E+03
 AMRCLAW: level  1  CFL = .304E+00  dt = 0.5000E+00  final t = 0.657000E+03
 AMRCLAW: level  1  CFL = .304E+00  dt = 0.5000E+00  final t = 0.657500E+03
 AMRCLAW: level  1  CFL = .304E+00  dt = 0.5000E+00  final t = 0.658000E+03
 AMRCLAW: level  1  CFL = .303E+00  dt = 0.5000E+00  final t = 0.658500E+03
 AMRCLAW: level  1  CFL = .303E+00  dt = 0.5000E+00  final t = 0.659000E+03
 AMRCLAW: level  1  CFL = .302E+00  dt = 0.5000E+00  final t = 0.659500E+03
 AMRCLAW: level  1  CFL = .302E+00  dt = 0.5000E+00  final t = 0.660000E+03
GEOCLAW: Frame   22 output files done at time t =  0.660000D+03

 AMRCLAW: level  1  CFL = .301E+00  dt = 0.5000E+00  final t = 0.660500E+03
 AMRCLAW: level  1  CFL = .301E+00  dt = 0.5000E+00  final t = 0.661000E+03
 AMRCLAW: level  1  CFL = .301E+00  dt = 0.5000E+00  final t = 0.661500E+03
 AMRCLAW: level  1  CFL = .300E+00  dt = 0.5000E+00  final t = 0.662000E+03
 AMRCLAW: level  1  CFL = .300E+00  dt = 0.5000E+00  final t = 0.662500E+03
 AMRCLAW: level  1  CFL = .299E+00  dt = 0.5000E+00  final t = 0.663000E+03
 AMRCLAW: level  1  CFL = .299E+00  dt = 0.5000E+00  final t = 0.663500E+03
 AMRCLAW: level  1  CFL = .298E+00  dt = 0.5000E+00  final t = 0.664000E+03
 AMRCLAW: level  1  CFL = .297E+00  dt = 0.5000E+00  final t = 0.664500E+03
 AMRCLAW: level  1  CFL = .297E+00  dt = 0.5000E+00  final t = 0.665000E+03
 AMRCLAW: level  1  CFL = .296E+00  dt = 0.5000E+00  final t = 0.665500E+03
 AMRCLAW: level  1  CFL = .296E+00  dt = 0.5000E+00  final t = 0.666000E+03
 AMRCLAW: level  1  CFL = .295E+00  dt = 0.5000E+00  final t = 0.666500E+03
 AMRCLAW: level  1  CFL = .295E+00  dt = 0.5000E+00  final t = 0.667000E+03
 AMRCLAW: level  1  CFL = .294E+00  dt = 0.5000E+00  final t = 0.667500E+03
 AMRCLAW: level  1  CFL = .294E+00  dt = 0.5000E+00  final t = 0.668000E+03
 AMRCLAW: level  1  CFL = .293E+00  dt = 0.5000E+00  final t = 0.668500E+03
 AMRCLAW: level  1  CFL = .293E+00  dt = 0.5000E+00  final t = 0.669000E+03
 AMRCLAW: level  1  CFL = .293E+00  dt = 0.5000E+00  final t = 0.669500E+03
 AMRCLAW: level  1  CFL = .293E+00  dt = 0.5000E+00  final t = 0.670000E+03
 AMRCLAW: level  1  CFL = .292E+00  dt = 0.5000E+00  final t = 0.670500E+03
 AMRCLAW: level  1  CFL = .291E+00  dt = 0.5000E+00  final t = 0.671000E+03
 AMRCLAW: level  1  CFL = .290E+00  dt = 0.5000E+00  final t = 0.671500E+03
 AMRCLAW: level  1  CFL = .290E+00  dt = 0.5000E+00  final t = 0.672000E+03
 AMRCLAW: level  1  CFL = .290E+00  dt = 0.5000E+00  final t = 0.672500E+03
 AMRCLAW: level  1  CFL = .289E+00  dt = 0.5000E+00  final t = 0.673000E+03
 AMRCLAW: level  1  CFL = .289E+00  dt = 0.5000E+00  final t = 0.673500E+03
 AMRCLAW: level  1  CFL = .289E+00  dt = 0.5000E+00  final t = 0.674000E+03
 AMRCLAW: level  1  CFL = .313E+00  dt = 0.5000E+00  final t = 0.674500E+03
 AMRCLAW: level  1  CFL = .288E+00  dt = 0.5000E+00  final t = 0.675000E+03
 AMRCLAW: level  1  CFL = .288E+00  dt = 0.5000E+00  final t = 0.675500E+03
 AMRCLAW: level  1  CFL = .287E+00  dt = 0.5000E+00  final t = 0.676000E+03
 AMRCLAW: level  1  CFL = .287E+00  dt = 0.5000E+00  final t = 0.676500E+03
 AMRCLAW: level  1  CFL = .287E+00  dt = 0.5000E+00  final t = 0.677000E+03
 AMRCLAW: level  1  CFL = .287E+00  dt = 0.5000E+00  final t = 0.677500E+03
 AMRCLAW: level  1  CFL = .287E+00  dt = 0.5000E+00  final t = 0.678000E+03
 AMRCLAW: level  1  CFL = .286E+00  dt = 0.5000E+00  final t = 0.678500E+03
 AMRCLAW: level  1  CFL = .286E+00  dt = 0.5000E+00  final t = 0.679000E+03
 AMRCLAW: level  1  CFL = .286E+00  dt = 0.5000E+00  final t = 0.679500E+03
 AMRCLAW: level  1  CFL = .286E+00  dt = 0.5000E+00  final t = 0.680000E+03
 AMRCLAW: level  1  CFL = .286E+00  dt = 0.5000E+00  final t = 0.680500E+03
 AMRCLAW: level  1  CFL = .286E+00  dt = 0.5000E+00  final t = 0.681000E+03
 AMRCLAW: level  1  CFL = .286E+00  dt = 0.5000E+00  final t = 0.681500E+03
 AMRCLAW: level  1  CFL = .286E+00  dt = 0.5000E+00  final t = 0.682000E+03
 AMRCLAW: level  1  CFL = .286E+00  dt = 0.5000E+00  final t = 0.682500E+03
 AMRCLAW: level  1  CFL = .286E+00  dt = 0.5000E+00  final t = 0.683000E+03
 AMRCLAW: level  1  CFL = .286E+00  dt = 0.5000E+00  final t = 0.683500E+03
 AMRCLAW: level  1  CFL = .286E+00  dt = 0.5000E+00  final t = 0.684000E+03
 AMRCLAW: level  1  CFL = .286E+00  dt = 0.5000E+00  final t = 0.684500E+03
 AMRCLAW: level  1  CFL = .286E+00  dt = 0.5000E+00  final t = 0.685000E+03
 AMRCLAW: level  1  CFL = .286E+00  dt = 0.5000E+00  final t = 0.685500E+03
 AMRCLAW: level  1  CFL = .286E+00  dt = 0.5000E+00  final t = 0.686000E+03
 AMRCLAW: level  1  CFL = .286E+00  dt = 0.5000E+00  final t = 0.686500E+03
 AMRCLAW: level  1  CFL = .287E+00  dt = 0.5000E+00  final t = 0.687000E+03
 AMRCLAW: level  1  CFL = .287E+00  dt = 0.5000E+00  final t = 0.687500E+03
 AMRCLAW: level  1  CFL = .287E+00  dt = 0.5000E+00  final t = 0.688000E+03
 AMRCLAW: level  1  CFL = .287E+00  dt = 0.5000E+00  final t = 0.688500E+03
 AMRCLAW: level  1  CFL = .287E+00  dt = 0.5000E+00  final t = 0.689000E+03
 AMRCLAW: level  1  CFL = .287E+00  dt = 0.5000E+00  final t = 0.689500E+03
 AMRCLAW: level  1  CFL = .287E+00  dt = 0.5000E+00  final t = 0.690000E+03
GEOCLAW: Frame   23 output files done at time t =  0.690000D+03

 AMRCLAW: level  1  CFL = .287E+00  dt = 0.5000E+00  final t = 0.690500E+03
 AMRCLAW: level  1  CFL = .287E+00  dt = 0.5000E+00  final t = 0.691000E+03
 AMRCLAW: level  1  CFL = .287E+00  dt = 0.5000E+00  final t = 0.691500E+03
 AMRCLAW: level  1  CFL = .287E+00  dt = 0.5000E+00  final t = 0.692000E+03
 AMRCLAW: level  1  CFL = .287E+00  dt = 0.5000E+00  final t = 0.692500E+03
 AMRCLAW: level  1  CFL = .287E+00  dt = 0.5000E+00  final t = 0.693000E+03
 AMRCLAW: level  1  CFL = .287E+00  dt = 0.5000E+00  final t = 0.693500E+03
 AMRCLAW: level  1  CFL = .287E+00  dt = 0.5000E+00  final t = 0.694000E+03
 AMRCLAW: level  1  CFL = .287E+00  dt = 0.5000E+00  final t = 0.694500E+03
 AMRCLAW: level  1  CFL = .287E+00  dt = 0.5000E+00  final t = 0.695000E+03
 AMRCLAW: level  1  CFL = .287E+00  dt = 0.5000E+00  final t = 0.695500E+03
 AMRCLAW: level  1  CFL = .287E+00  dt = 0.5000E+00  final t = 0.696000E+03
 AMRCLAW: level  1  CFL = .287E+00  dt = 0.5000E+00  final t = 0.696500E+03
 AMRCLAW: level  1  CFL = .286E+00  dt = 0.5000E+00  final t = 0.697000E+03
 AMRCLAW: level  1  CFL = .302E+00  dt = 0.5000E+00  final t = 0.697500E+03
 AMRCLAW: level  1  CFL = .286E+00  dt = 0.5000E+00  final t = 0.698000E+03
 AMRCLAW: level  1  CFL = .286E+00  dt = 0.5000E+00  final t = 0.698500E+03
 AMRCLAW: level  1  CFL = .286E+00  dt = 0.5000E+00  final t = 0.699000E+03
 AMRCLAW: level  1  CFL = .286E+00  dt = 0.5000E+00  final t = 0.699500E+03
 AMRCLAW: level  1  CFL = .286E+00  dt = 0.5000E+00  final t = 0.700000E+03
 AMRCLAW: level  1  CFL = .286E+00  dt = 0.5000E+00  final t = 0.700500E+03
 AMRCLAW: level  1  CFL = .285E+00  dt = 0.5000E+00  final t = 0.701000E+03
 AMRCLAW: level  1  CFL = .285E+00  dt = 0.5000E+00  final t = 0.701500E+03
 AMRCLAW: level  1  CFL = .285E+00  dt = 0.5000E+00  final t = 0.702000E+03
 AMRCLAW: level  1  CFL = .285E+00  dt = 0.5000E+00  final t = 0.702500E+03
 AMRCLAW: level  1  CFL = .285E+00  dt = 0.5000E+00  final t = 0.703000E+03
 AMRCLAW: level  1  CFL = .285E+00  dt = 0.5000E+00  final t = 0.703500E+03
 AMRCLAW: level  1  CFL = .284E+00  dt = 0.5000E+00  final t = 0.704000E+03
 AMRCLAW: level  1  CFL = .284E+00  dt = 0.5000E+00  final t = 0.704500E+03
 AMRCLAW: level  1  CFL = .284E+00  dt = 0.5000E+00  final t = 0.705000E+03
 AMRCLAW: level  1  CFL = .284E+00  dt = 0.5000E+00  final t = 0.705500E+03
 AMRCLAW: level  1  CFL = .284E+00  dt = 0.5000E+00  final t = 0.706000E+03
 AMRCLAW: level  1  CFL = .284E+00  dt = 0.5000E+00  final t = 0.706500E+03
 AMRCLAW: level  1  CFL = .283E+00  dt = 0.5000E+00  final t = 0.707000E+03
 AMRCLAW: level  1  CFL = .283E+00  dt = 0.5000E+00  final t = 0.707500E+03
 AMRCLAW: level  1  CFL = .283E+00  dt = 0.5000E+00  final t = 0.708000E+03
 AMRCLAW: level  1  CFL = .283E+00  dt = 0.5000E+00  final t = 0.708500E+03
 AMRCLAW: level  1  CFL = .283E+00  dt = 0.5000E+00  final t = 0.709000E+03
 AMRCLAW: level  1  CFL = .283E+00  dt = 0.5000E+00  final t = 0.709500E+03
 AMRCLAW: level  1  CFL = .283E+00  dt = 0.5000E+00  final t = 0.710000E+03
 AMRCLAW: level  1  CFL = .283E+00  dt = 0.5000E+00  final t = 0.710500E+03
 AMRCLAW: level  1  CFL = .282E+00  dt = 0.5000E+00  final t = 0.711000E+03
 AMRCLAW: level  1  CFL = .282E+00  dt = 0.5000E+00  final t = 0.711500E+03
 AMRCLAW: level  1  CFL = .282E+00  dt = 0.5000E+00  final t = 0.712000E+03
 AMRCLAW: level  1  CFL = .282E+00  dt = 0.5000E+00  final t = 0.712500E+03
 AMRCLAW: level  1  CFL = .282E+00  dt = 0.5000E+00  final t = 0.713000E+03
 AMRCLAW: level  1  CFL = .282E+00  dt = 0.5000E+00  final t = 0.713500E+03
 AMRCLAW: level  1  CFL = .282E+00  dt = 0.5000E+00  final t = 0.714000E+03
 AMRCLAW: level  1  CFL = .282E+00  dt = 0.5000E+00  final t = 0.714500E+03
 AMRCLAW: level  1  CFL = .282E+00  dt = 0.5000E+00  final t = 0.715000E+03
 AMRCLAW: level  1  CFL = .282E+00  dt = 0.5000E+00  final t = 0.715500E+03
 AMRCLAW: level  1  CFL = .281E+00  dt = 0.5000E+00  final t = 0.716000E+03
 AMRCLAW: level  1  CFL = .281E+00  dt = 0.5000E+00  final t = 0.716500E+03
 AMRCLAW: level  1  CFL = .281E+00  dt = 0.5000E+00  final t = 0.717000E+03
 AMRCLAW: level  1  CFL = .281E+00  dt = 0.5000E+00  final t = 0.717500E+03
 AMRCLAW: level  1  CFL = .281E+00  dt = 0.5000E+00  final t = 0.718000E+03
 AMRCLAW: level  1  CFL = .281E+00  dt = 0.5000E+00  final t = 0.718500E+03
 AMRCLAW: level  1  CFL = .281E+00  dt = 0.5000E+00  final t = 0.719000E+03
 AMRCLAW: level  1  CFL = .281E+00  dt = 0.5000E+00  final t = 0.719500E+03
 AMRCLAW: level  1  CFL = .281E+00  dt = 0.5000E+00  final t = 0.720000E+03
GEOCLAW: Frame   24 output files done at time t =  0.720000D+03

 AMRCLAW: level  1  CFL = .281E+00  dt = 0.5000E+00  final t = 0.720500E+03
 AMRCLAW: level  1  CFL = .281E+00  dt = 0.5000E+00  final t = 0.721000E+03
 AMRCLAW: level  1  CFL = .281E+00  dt = 0.5000E+00  final t = 0.721500E+03
 AMRCLAW: level  1  CFL = .281E+00  dt = 0.5000E+00  final t = 0.722000E+03
 AMRCLAW: level  1  CFL = .280E+00  dt = 0.5000E+00  final t = 0.722500E+03
 AMRCLAW: level  1  CFL = .280E+00  dt = 0.5000E+00  final t = 0.723000E+03
 AMRCLAW: level  1  CFL = .280E+00  dt = 0.5000E+00  final t = 0.723500E+03
 AMRCLAW: level  1  CFL = .280E+00  dt = 0.5000E+00  final t = 0.724000E+03
 AMRCLAW: level  1  CFL = .280E+00  dt = 0.5000E+00  final t = 0.724500E+03
 AMRCLAW: level  1  CFL = .280E+00  dt = 0.5000E+00  final t = 0.725000E+03
 AMRCLAW: level  1  CFL = .280E+00  dt = 0.5000E+00  final t = 0.725500E+03
 AMRCLAW: level  1  CFL = .280E+00  dt = 0.5000E+00  final t = 0.726000E+03
 AMRCLAW: level  1  CFL = .279E+00  dt = 0.5000E+00  final t = 0.726500E+03
 AMRCLAW: level  1  CFL = .276E+00  dt = 0.5000E+00  final t = 0.727000E+03
 AMRCLAW: level  1  CFL = .275E+00  dt = 0.5000E+00  final t = 0.727500E+03
 AMRCLAW: level  1  CFL = .275E+00  dt = 0.5000E+00  final t = 0.728000E+03
 AMRCLAW: level  1  CFL = .273E+00  dt = 0.5000E+00  final t = 0.728500E+03
 AMRCLAW: level  1  CFL = .273E+00  dt = 0.5000E+00  final t = 0.729000E+03
 AMRCLAW: level  1  CFL = .273E+00  dt = 0.5000E+00  final t = 0.729500E+03
 AMRCLAW: level  1  CFL = .275E+00  dt = 0.5000E+00  final t = 0.730000E+03
 AMRCLAW: level  1  CFL = .277E+00  dt = 0.5000E+00  final t = 0.730500E+03
 AMRCLAW: level  1  CFL = .278E+00  dt = 0.5000E+00  final t = 0.731000E+03
 AMRCLAW: level  1  CFL = .279E+00  dt = 0.5000E+00  final t = 0.731500E+03
 AMRCLAW: level  1  CFL = .279E+00  dt = 0.5000E+00  final t = 0.732000E+03
 AMRCLAW: level  1  CFL = .279E+00  dt = 0.5000E+00  final t = 0.732500E+03
 AMRCLAW: level  1  CFL = .279E+00  dt = 0.5000E+00  final t = 0.733000E+03
 AMRCLAW: level  1  CFL = .279E+00  dt = 0.5000E+00  final t = 0.733500E+03
 AMRCLAW: level  1  CFL = .279E+00  dt = 0.5000E+00  final t = 0.734000E+03
 AMRCLAW: level  1  CFL = .279E+00  dt = 0.5000E+00  final t = 0.734500E+03
 AMRCLAW: level  1  CFL = .278E+00  dt = 0.5000E+00  final t = 0.735000E+03
 AMRCLAW: level  1  CFL = .278E+00  dt = 0.5000E+00  final t = 0.735500E+03
 AMRCLAW: level  1  CFL = .278E+00  dt = 0.5000E+00  final t = 0.736000E+03
 AMRCLAW: level  1  CFL = .278E+00  dt = 0.5000E+00  final t = 0.736500E+03
 AMRCLAW: level  1  CFL = .278E+00  dt = 0.5000E+00  final t = 0.737000E+03
 AMRCLAW: level  1  CFL = .277E+00  dt = 0.5000E+00  final t = 0.737500E+03
 AMRCLAW: level  1  CFL = .277E+00  dt = 0.5000E+00  final t = 0.738000E+03
 AMRCLAW: level  1  CFL = .278E+00  dt = 0.5000E+00  final t = 0.738500E+03
 AMRCLAW: level  1  CFL = .279E+00  dt = 0.5000E+00  final t = 0.739000E+03
 AMRCLAW: level  1  CFL = .279E+00  dt = 0.5000E+00  final t = 0.739500E+03
 AMRCLAW: level  1  CFL = .280E+00  dt = 0.5000E+00  final t = 0.740000E+03
 AMRCLAW: level  1  CFL = .280E+00  dt = 0.5000E+00  final t = 0.740500E+03
 AMRCLAW: level  1  CFL = .280E+00  dt = 0.5000E+00  final t = 0.741000E+03
 AMRCLAW: level  1  CFL = .281E+00  dt = 0.5000E+00  final t = 0.741500E+03
 AMRCLAW: level  1  CFL = .281E+00  dt = 0.5000E+00  final t = 0.742000E+03
 AMRCLAW: level  1  CFL = .281E+00  dt = 0.5000E+00  final t = 0.742500E+03
 AMRCLAW: level  1  CFL = .282E+00  dt = 0.5000E+00  final t = 0.743000E+03
 AMRCLAW: level  1  CFL = .282E+00  dt = 0.5000E+00  final t = 0.743500E+03
 AMRCLAW: level  1  CFL = .282E+00  dt = 0.5000E+00  final t = 0.744000E+03
 AMRCLAW: level  1  CFL = .282E+00  dt = 0.5000E+00  final t = 0.744500E+03
 AMRCLAW: level  1  CFL = .282E+00  dt = 0.5000E+00  final t = 0.745000E+03
 AMRCLAW: level  1  CFL = .282E+00  dt = 0.5000E+00  final t = 0.745500E+03
 AMRCLAW: level  1  CFL = .282E+00  dt = 0.5000E+00  final t = 0.746000E+03
 AMRCLAW: level  1  CFL = .282E+00  dt = 0.5000E+00  final t = 0.746500E+03
 AMRCLAW: level  1  CFL = .283E+00  dt = 0.5000E+00  final t = 0.747000E+03
 AMRCLAW: level  1  CFL = .283E+00  dt = 0.5000E+00  final t = 0.747500E+03
 AMRCLAW: level  1  CFL = .283E+00  dt = 0.5000E+00  final t = 0.748000E+03
 AMRCLAW: level  1  CFL = .283E+00  dt = 0.5000E+00  final t = 0.748500E+03
 AMRCLAW: level  1  CFL = .284E+00  dt = 0.5000E+00  final t = 0.749000E+03
 AMRCLAW: level  1  CFL = .284E+00  dt = 0.5000E+00  final t = 0.749500E+03
 AMRCLAW: level  1  CFL = .284E+00  dt = 0.5000E+00  final t = 0.750000E+03
GEOCLAW: Frame   25 output files done at time t =  0.750000D+03

 AMRCLAW: level  1  CFL = .284E+00  dt = 0.5000E+00  final t = 0.750500E+03
 AMRCLAW: level  1  CFL = .284E+00  dt = 0.5000E+00  final t = 0.751000E+03
 AMRCLAW: level  1  CFL = .284E+00  dt = 0.5000E+00  final t = 0.751500E+03
 AMRCLAW: level  1  CFL = .285E+00  dt = 0.5000E+00  final t = 0.752000E+03
 AMRCLAW: level  1  CFL = .285E+00  dt = 0.5000E+00  final t = 0.752500E+03
 AMRCLAW: level  1  CFL = .285E+00  dt = 0.5000E+00  final t = 0.753000E+03
 AMRCLAW: level  1  CFL = .285E+00  dt = 0.5000E+00  final t = 0.753500E+03
 AMRCLAW: level  1  CFL = .285E+00  dt = 0.5000E+00  final t = 0.754000E+03
 AMRCLAW: level  1  CFL = .285E+00  dt = 0.5000E+00  final t = 0.754500E+03
 AMRCLAW: level  1  CFL = .285E+00  dt = 0.5000E+00  final t = 0.755000E+03
 AMRCLAW: level  1  CFL = .285E+00  dt = 0.5000E+00  final t = 0.755500E+03
 AMRCLAW: level  1  CFL = .285E+00  dt = 0.5000E+00  final t = 0.756000E+03
 AMRCLAW: level  1  CFL = .285E+00  dt = 0.5000E+00  final t = 0.756500E+03
 AMRCLAW: level  1  CFL = .285E+00  dt = 0.5000E+00  final t = 0.757000E+03
 AMRCLAW: level  1  CFL = .285E+00  dt = 0.5000E+00  final t = 0.757500E+03
 AMRCLAW: level  1  CFL = .285E+00  dt = 0.5000E+00  final t = 0.758000E+03
 AMRCLAW: level  1  CFL = .285E+00  dt = 0.5000E+00  final t = 0.758500E+03
 AMRCLAW: level  1  CFL = .285E+00  dt = 0.5000E+00  final t = 0.759000E+03
 AMRCLAW: level  1  CFL = .285E+00  dt = 0.5000E+00  final t = 0.759500E+03
 AMRCLAW: level  1  CFL = .285E+00  dt = 0.5000E+00  final t = 0.760000E+03
 AMRCLAW: level  1  CFL = .285E+00  dt = 0.5000E+00  final t = 0.760500E+03
 AMRCLAW: level  1  CFL = .285E+00  dt = 0.5000E+00  final t = 0.761000E+03
 AMRCLAW: level  1  CFL = .285E+00  dt = 0.5000E+00  final t = 0.761500E+03
 AMRCLAW: level  1  CFL = .284E+00  dt = 0.5000E+00  final t = 0.762000E+03
 AMRCLAW: level  1  CFL = .284E+00  dt = 0.5000E+00  final t = 0.762500E+03
 AMRCLAW: level  1  CFL = .284E+00  dt = 0.5000E+00  final t = 0.763000E+03
 AMRCLAW: level  1  CFL = .283E+00  dt = 0.5000E+00  final t = 0.763500E+03
 AMRCLAW: level  1  CFL = .316E+00  dt = 0.5000E+00  final t = 0.764000E+03
 AMRCLAW: level  1  CFL = .282E+00  dt = 0.5000E+00  final t = 0.764500E+03
 AMRCLAW: level  1  CFL = .282E+00  dt = 0.5000E+00  final t = 0.765000E+03
 AMRCLAW: level  1  CFL = .282E+00  dt = 0.5000E+00  final t = 0.765500E+03
 AMRCLAW: level  1  CFL = .281E+00  dt = 0.5000E+00  final t = 0.766000E+03
 AMRCLAW: level  1  CFL = .281E+00  dt = 0.5000E+00  final t = 0.766500E+03
 AMRCLAW: level  1  CFL = .281E+00  dt = 0.5000E+00  final t = 0.767000E+03
 AMRCLAW: level  1  CFL = .280E+00  dt = 0.5000E+00  final t = 0.767500E+03
 AMRCLAW: level  1  CFL = .280E+00  dt = 0.5000E+00  final t = 0.768000E+03
 AMRCLAW: level  1  CFL = .280E+00  dt = 0.5000E+00  final t = 0.768500E+03
 AMRCLAW: level  1  CFL = .279E+00  dt = 0.5000E+00  final t = 0.769000E+03
 AMRCLAW: level  1  CFL = .279E+00  dt = 0.5000E+00  final t = 0.769500E+03
 AMRCLAW: level  1  CFL = .279E+00  dt = 0.5000E+00  final t = 0.770000E+03
 AMRCLAW: level  1  CFL = .278E+00  dt = 0.5000E+00  final t = 0.770500E+03
 AMRCLAW: level  1  CFL = .278E+00  dt = 0.5000E+00  final t = 0.771000E+03
 AMRCLAW: level  1  CFL = .278E+00  dt = 0.5000E+00  final t = 0.771500E+03
 AMRCLAW: level  1  CFL = .277E+00  dt = 0.5000E+00  final t = 0.772000E+03
 AMRCLAW: level  1  CFL = .277E+00  dt = 0.5000E+00  final t = 0.772500E+03
 AMRCLAW: level  1  CFL = .277E+00  dt = 0.5000E+00  final t = 0.773000E+03
 AMRCLAW: level  1  CFL = .277E+00  dt = 0.5000E+00  final t = 0.773500E+03
 AMRCLAW: level  1  CFL = .277E+00  dt = 0.5000E+00  final t = 0.774000E+03
 AMRCLAW: level  1  CFL = .276E+00  dt = 0.5000E+00  final t = 0.774500E+03
 AMRCLAW: level  1  CFL = .276E+00  dt = 0.5000E+00  final t = 0.775000E+03
 AMRCLAW: level  1  CFL = .276E+00  dt = 0.5000E+00  final t = 0.775500E+03
 AMRCLAW: level  1  CFL = .276E+00  dt = 0.5000E+00  final t = 0.776000E+03
 AMRCLAW: level  1  CFL = .276E+00  dt = 0.5000E+00  final t = 0.776500E+03
 AMRCLAW: level  1  CFL = .276E+00  dt = 0.5000E+00  final t = 0.777000E+03
 AMRCLAW: level  1  CFL = .276E+00  dt = 0.5000E+00  final t = 0.777500E+03
 AMRCLAW: level  1  CFL = .275E+00  dt = 0.5000E+00  final t = 0.778000E+03
 AMRCLAW: level  1  CFL = .275E+00  dt = 0.5000E+00  final t = 0.778500E+03
 AMRCLAW: level  1  CFL = .275E+00  dt = 0.5000E+00  final t = 0.779000E+03
 AMRCLAW: level  1  CFL = .275E+00  dt = 0.5000E+00  final t = 0.779500E+03
 AMRCLAW: level  1  CFL = .275E+00  dt = 0.5000E+00  final t = 0.780000E+03
GEOCLAW: Frame   26 output files done at time t =  0.780000D+03

 AMRCLAW: level  1  CFL = .274E+00  dt = 0.5000E+00  final t = 0.780500E+03
 AMRCLAW: level  1  CFL = .274E+00  dt = 0.5000E+00  final t = 0.781000E+03
 AMRCLAW: level  1  CFL = .274E+00  dt = 0.5000E+00  final t = 0.781500E+03
 AMRCLAW: level  1  CFL = .273E+00  dt = 0.5000E+00  final t = 0.782000E+03
 AMRCLAW: level  1  CFL = .273E+00  dt = 0.5000E+00  final t = 0.782500E+03
 AMRCLAW: level  1  CFL = .273E+00  dt = 0.5000E+00  final t = 0.783000E+03
 AMRCLAW: level  1  CFL = .272E+00  dt = 0.5000E+00  final t = 0.783500E+03
 AMRCLAW: level  1  CFL = .272E+00  dt = 0.5000E+00  final t = 0.784000E+03
 AMRCLAW: level  1  CFL = .272E+00  dt = 0.5000E+00  final t = 0.784500E+03
 AMRCLAW: level  1  CFL = .272E+00  dt = 0.5000E+00  final t = 0.785000E+03
 AMRCLAW: level  1  CFL = .272E+00  dt = 0.5000E+00  final t = 0.785500E+03
 AMRCLAW: level  1  CFL = .272E+00  dt = 0.5000E+00  final t = 0.786000E+03
 AMRCLAW: level  1  CFL = .272E+00  dt = 0.5000E+00  final t = 0.786500E+03
 AMRCLAW: level  1  CFL = .272E+00  dt = 0.5000E+00  final t = 0.787000E+03
 AMRCLAW: level  1  CFL = .272E+00  dt = 0.5000E+00  final t = 0.787500E+03
 AMRCLAW: level  1  CFL = .272E+00  dt = 0.5000E+00  final t = 0.788000E+03
 AMRCLAW: level  1  CFL = .272E+00  dt = 0.5000E+00  final t = 0.788500E+03
 AMRCLAW: level  1  CFL = .272E+00  dt = 0.5000E+00  final t = 0.789000E+03
 AMRCLAW: level  1  CFL = .272E+00  dt = 0.5000E+00  final t = 0.789500E+03
 AMRCLAW: level  1  CFL = .272E+00  dt = 0.5000E+00  final t = 0.790000E+03
 AMRCLAW: level  1  CFL = .271E+00  dt = 0.5000E+00  final t = 0.790500E+03
 AMRCLAW: level  1  CFL = .271E+00  dt = 0.5000E+00  final t = 0.791000E+03
 AMRCLAW: level  1  CFL = .271E+00  dt = 0.5000E+00  final t = 0.791500E+03
 AMRCLAW: level  1  CFL = .271E+00  dt = 0.5000E+00  final t = 0.792000E+03
 AMRCLAW: level  1  CFL = .284E+00  dt = 0.5000E+00  final t = 0.792500E+03
 AMRCLAW: level  1  CFL = .270E+00  dt = 0.5000E+00  final t = 0.793000E+03
 AMRCLAW: level  1  CFL = .269E+00  dt = 0.5000E+00  final t = 0.793500E+03
 AMRCLAW: level  1  CFL = .269E+00  dt = 0.5000E+00  final t = 0.794000E+03
 AMRCLAW: level  1  CFL = .268E+00  dt = 0.5000E+00  final t = 0.794500E+03
 AMRCLAW: level  1  CFL = .268E+00  dt = 0.5000E+00  final t = 0.795000E+03
 AMRCLAW: level  1  CFL = .268E+00  dt = 0.5000E+00  final t = 0.795500E+03
 AMRCLAW: level  1  CFL = .267E+00  dt = 0.5000E+00  final t = 0.796000E+03
 AMRCLAW: level  1  CFL = .267E+00  dt = 0.5000E+00  final t = 0.796500E+03
 AMRCLAW: level  1  CFL = .267E+00  dt = 0.5000E+00  final t = 0.797000E+03
 AMRCLAW: level  1  CFL = .267E+00  dt = 0.5000E+00  final t = 0.797500E+03
 AMRCLAW: level  1  CFL = .267E+00  dt = 0.5000E+00  final t = 0.798000E+03
 AMRCLAW: level  1  CFL = .267E+00  dt = 0.5000E+00  final t = 0.798500E+03
 AMRCLAW: level  1  CFL = .267E+00  dt = 0.5000E+00  final t = 0.799000E+03
 AMRCLAW: level  1  CFL = .267E+00  dt = 0.5000E+00  final t = 0.799500E+03
 AMRCLAW: level  1  CFL = .267E+00  dt = 0.5000E+00  final t = 0.800000E+03
 AMRCLAW: level  1  CFL = .267E+00  dt = 0.5000E+00  final t = 0.800500E+03
 AMRCLAW: level  1  CFL = .266E+00  dt = 0.5000E+00  final t = 0.801000E+03
 AMRCLAW: level  1  CFL = .266E+00  dt = 0.5000E+00  final t = 0.801500E+03
 AMRCLAW: level  1  CFL = .266E+00  dt = 0.5000E+00  final t = 0.802000E+03
 AMRCLAW: level  1  CFL = .266E+00  dt = 0.5000E+00  final t = 0.802500E+03
 AMRCLAW: level  1  CFL = .266E+00  dt = 0.5000E+00  final t = 0.803000E+03
 AMRCLAW: level  1  CFL = .266E+00  dt = 0.5000E+00  final t = 0.803500E+03
 AMRCLAW: level  1  CFL = .266E+00  dt = 0.5000E+00  final t = 0.804000E+03
 AMRCLAW: level  1  CFL = .266E+00  dt = 0.5000E+00  final t = 0.804500E+03
 AMRCLAW: level  1  CFL = .266E+00  dt = 0.5000E+00  final t = 0.805000E+03
 AMRCLAW: level  1  CFL = .342E+00  dt = 0.5000E+00  final t = 0.805500E+03
 AMRCLAW: level  1  CFL = .266E+00  dt = 0.5000E+00  final t = 0.806000E+03
 AMRCLAW: level  1  CFL = .266E+00  dt = 0.5000E+00  final t = 0.806500E+03
 AMRCLAW: level  1  CFL = .266E+00  dt = 0.5000E+00  final t = 0.807000E+03
 AMRCLAW: level  1  CFL = .266E+00  dt = 0.5000E+00  final t = 0.807500E+03
 AMRCLAW: level  1  CFL = .266E+00  dt = 0.5000E+00  final t = 0.808000E+03
 AMRCLAW: level  1  CFL = .266E+00  dt = 0.5000E+00  final t = 0.808500E+03
 AMRCLAW: level  1  CFL = .266E+00  dt = 0.5000E+00  final t = 0.809000E+03
 AMRCLAW: level  1  CFL = .266E+00  dt = 0.5000E+00  final t = 0.809500E+03
 AMRCLAW: level  1  CFL = .266E+00  dt = 0.5000E+00  final t = 0.810000E+03
GEOCLAW: Frame   27 output files done at time t =  0.810000D+03

 AMRCLAW: level  1  CFL = .266E+00  dt = 0.5000E+00  final t = 0.810500E+03
 AMRCLAW: level  1  CFL = .266E+00  dt = 0.5000E+00  final t = 0.811000E+03
 AMRCLAW: level  1  CFL = .266E+00  dt = 0.5000E+00  final t = 0.811500E+03
 AMRCLAW: level  1  CFL = .266E+00  dt = 0.5000E+00  final t = 0.812000E+03
 AMRCLAW: level  1  CFL = .266E+00  dt = 0.5000E+00  final t = 0.812500E+03
 AMRCLAW: level  1  CFL = .266E+00  dt = 0.5000E+00  final t = 0.813000E+03
 AMRCLAW: level  1  CFL = .265E+00  dt = 0.5000E+00  final t = 0.813500E+03
 AMRCLAW: level  1  CFL = .265E+00  dt = 0.5000E+00  final t = 0.814000E+03
 AMRCLAW: level  1  CFL = .265E+00  dt = 0.5000E+00  final t = 0.814500E+03
 AMRCLAW: level  1  CFL = .265E+00  dt = 0.5000E+00  final t = 0.815000E+03
 AMRCLAW: level  1  CFL = .265E+00  dt = 0.5000E+00  final t = 0.815500E+03
 AMRCLAW: level  1  CFL = .265E+00  dt = 0.5000E+00  final t = 0.816000E+03
 AMRCLAW: level  1  CFL = .265E+00  dt = 0.5000E+00  final t = 0.816500E+03
 AMRCLAW: level  1  CFL = .265E+00  dt = 0.5000E+00  final t = 0.817000E+03
 AMRCLAW: level  1  CFL = .265E+00  dt = 0.5000E+00  final t = 0.817500E+03
 AMRCLAW: level  1  CFL = .265E+00  dt = 0.5000E+00  final t = 0.818000E+03
 AMRCLAW: level  1  CFL = .265E+00  dt = 0.5000E+00  final t = 0.818500E+03
 AMRCLAW: level  1  CFL = .265E+00  dt = 0.5000E+00  final t = 0.819000E+03
 AMRCLAW: level  1  CFL = .265E+00  dt = 0.5000E+00  final t = 0.819500E+03
 AMRCLAW: level  1  CFL = .265E+00  dt = 0.5000E+00  final t = 0.820000E+03
 AMRCLAW: level  1  CFL = .265E+00  dt = 0.5000E+00  final t = 0.820500E+03
 AMRCLAW: level  1  CFL = .265E+00  dt = 0.5000E+00  final t = 0.821000E+03
 AMRCLAW: level  1  CFL = .265E+00  dt = 0.5000E+00  final t = 0.821500E+03
 AMRCLAW: level  1  CFL = .265E+00  dt = 0.5000E+00  final t = 0.822000E+03
 AMRCLAW: level  1  CFL = .265E+00  dt = 0.5000E+00  final t = 0.822500E+03
 AMRCLAW: level  1  CFL = .265E+00  dt = 0.5000E+00  final t = 0.823000E+03
 AMRCLAW: level  1  CFL = .264E+00  dt = 0.5000E+00  final t = 0.823500E+03
 AMRCLAW: level  1  CFL = .263E+00  dt = 0.5000E+00  final t = 0.824000E+03
 AMRCLAW: level  1  CFL = .261E+00  dt = 0.5000E+00  final t = 0.824500E+03
 AMRCLAW: level  1  CFL = .260E+00  dt = 0.5000E+00  final t = 0.825000E+03
 AMRCLAW: level  1  CFL = .258E+00  dt = 0.5000E+00  final t = 0.825500E+03
 AMRCLAW: level  1  CFL = .257E+00  dt = 0.5000E+00  final t = 0.826000E+03
 AMRCLAW: level  1  CFL = .255E+00  dt = 0.5000E+00  final t = 0.826500E+03
 AMRCLAW: level  1  CFL = .254E+00  dt = 0.5000E+00  final t = 0.827000E+03
 AMRCLAW: level  1  CFL = .253E+00  dt = 0.5000E+00  final t = 0.827500E+03
 AMRCLAW: level  1  CFL = .252E+00  dt = 0.5000E+00  final t = 0.828000E+03
 AMRCLAW: level  1  CFL = .251E+00  dt = 0.5000E+00  final t = 0.828500E+03
 AMRCLAW: level  1  CFL = .250E+00  dt = 0.5000E+00  final t = 0.829000E+03
 AMRCLAW: level  1  CFL = .249E+00  dt = 0.5000E+00  final t = 0.829500E+03
 AMRCLAW: level  1  CFL = .249E+00  dt = 0.5000E+00  final t = 0.830000E+03
 AMRCLAW: level  1  CFL = .257E+00  dt = 0.5000E+00  final t = 0.830500E+03
 AMRCLAW: level  1  CFL = .266E+00  dt = 0.5000E+00  final t = 0.831000E+03
 AMRCLAW: level  1  CFL = .274E+00  dt = 0.5000E+00  final t = 0.831500E+03
 AMRCLAW: level  1  CFL = .282E+00  dt = 0.5000E+00  final t = 0.832000E+03
 AMRCLAW: level  1  CFL = .289E+00  dt = 0.5000E+00  final t = 0.832500E+03
 AMRCLAW: level  1  CFL = .295E+00  dt = 0.5000E+00  final t = 0.833000E+03
 AMRCLAW: level  1  CFL = .301E+00  dt = 0.5000E+00  final t = 0.833500E+03
 AMRCLAW: level  1  CFL = .307E+00  dt = 0.5000E+00  final t = 0.834000E+03
 AMRCLAW: level  1  CFL = .248E+00  dt = 0.5000E+00  final t = 0.834500E+03
 AMRCLAW: level  1  CFL = .248E+00  dt = 0.5000E+00  final t = 0.835000E+03
 AMRCLAW: level  1  CFL = .248E+00  dt = 0.5000E+00  final t = 0.835500E+03
 AMRCLAW: level  1  CFL = .248E+00  dt = 0.5000E+00  final t = 0.836000E+03
 AMRCLAW: level  1  CFL = .248E+00  dt = 0.5000E+00  final t = 0.836500E+03
 AMRCLAW: level  1  CFL = .248E+00  dt = 0.5000E+00  final t = 0.837000E+03
 AMRCLAW: level  1  CFL = .248E+00  dt = 0.5000E+00  final t = 0.837500E+03
 AMRCLAW: level  1  CFL = .248E+00  dt = 0.5000E+00  final t = 0.838000E+03
 AMRCLAW: level  1  CFL = .248E+00  dt = 0.5000E+00  final t = 0.838500E+03
 AMRCLAW: level  1  CFL = .248E+00  dt = 0.5000E+00  final t = 0.839000E+03
 AMRCLAW: level  1  CFL = .248E+00  dt = 0.5000E+00  final t = 0.839500E+03
 AMRCLAW: level  1  CFL = .249E+00  dt = 0.5000E+00  final t = 0.840000E+03
GEOCLAW: Frame   28 output files done at time t =  0.840000D+03

 AMRCLAW: level  1  CFL = .249E+00  dt = 0.5000E+00  final t = 0.840500E+03
 AMRCLAW: level  1  CFL = .249E+00  dt = 0.5000E+00  final t = 0.841000E+03
 AMRCLAW: level  1  CFL = .250E+00  dt = 0.5000E+00  final t = 0.841500E+03
 AMRCLAW: level  1  CFL = .250E+00  dt = 0.5000E+00  final t = 0.842000E+03
 AMRCLAW: level  1  CFL = .250E+00  dt = 0.5000E+00  final t = 0.842500E+03
 AMRCLAW: level  1  CFL = .250E+00  dt = 0.5000E+00  final t = 0.843000E+03
 AMRCLAW: level  1  CFL = .250E+00  dt = 0.5000E+00  final t = 0.843500E+03
 AMRCLAW: level  1  CFL = .251E+00  dt = 0.5000E+00  final t = 0.844000E+03
 AMRCLAW: level  1  CFL = .251E+00  dt = 0.5000E+00  final t = 0.844500E+03
 AMRCLAW: level  1  CFL = .251E+00  dt = 0.5000E+00  final t = 0.845000E+03
 AMRCLAW: level  1  CFL = .251E+00  dt = 0.5000E+00  final t = 0.845500E+03
 AMRCLAW: level  1  CFL = .251E+00  dt = 0.5000E+00  final t = 0.846000E+03
 AMRCLAW: level  1  CFL = .251E+00  dt = 0.5000E+00  final t = 0.846500E+03
 AMRCLAW: level  1  CFL = .251E+00  dt = 0.5000E+00  final t = 0.847000E+03
 AMRCLAW: level  1  CFL = .251E+00  dt = 0.5000E+00  final t = 0.847500E+03
 AMRCLAW: level  1  CFL = .251E+00  dt = 0.5000E+00  final t = 0.848000E+03
 AMRCLAW: level  1  CFL = .251E+00  dt = 0.5000E+00  final t = 0.848500E+03
 AMRCLAW: level  1  CFL = .251E+00  dt = 0.5000E+00  final t = 0.849000E+03
 AMRCLAW: level  1  CFL = .251E+00  dt = 0.5000E+00  final t = 0.849500E+03
 AMRCLAW: level  1  CFL = .251E+00  dt = 0.5000E+00  final t = 0.850000E+03
 AMRCLAW: level  1  CFL = .251E+00  dt = 0.5000E+00  final t = 0.850500E+03
 AMRCLAW: level  1  CFL = .251E+00  dt = 0.5000E+00  final t = 0.851000E+03
 AMRCLAW: level  1  CFL = .251E+00  dt = 0.5000E+00  final t = 0.851500E+03
 AMRCLAW: level  1  CFL = .251E+00  dt = 0.5000E+00  final t = 0.852000E+03
 AMRCLAW: level  1  CFL = .251E+00  dt = 0.5000E+00  final t = 0.852500E+03
 AMRCLAW: level  1  CFL = .251E+00  dt = 0.5000E+00  final t = 0.853000E+03
 AMRCLAW: level  1  CFL = .251E+00  dt = 0.5000E+00  final t = 0.853500E+03
 AMRCLAW: level  1  CFL = .251E+00  dt = 0.5000E+00  final t = 0.854000E+03
 AMRCLAW: level  1  CFL = .251E+00  dt = 0.5000E+00  final t = 0.854500E+03
 AMRCLAW: level  1  CFL = .251E+00  dt = 0.5000E+00  final t = 0.855000E+03
 AMRCLAW: level  1  CFL = .251E+00  dt = 0.5000E+00  final t = 0.855500E+03
 AMRCLAW: level  1  CFL = .251E+00  dt = 0.5000E+00  final t = 0.856000E+03
 AMRCLAW: level  1  CFL = .251E+00  dt = 0.5000E+00  final t = 0.856500E+03
 AMRCLAW: level  1  CFL = .251E+00  dt = 0.5000E+00  final t = 0.857000E+03
 AMRCLAW: level  1  CFL = .251E+00  dt = 0.5000E+00  final t = 0.857500E+03
 AMRCLAW: level  1  CFL = .251E+00  dt = 0.5000E+00  final t = 0.858000E+03
 AMRCLAW: level  1  CFL = .251E+00  dt = 0.5000E+00  final t = 0.858500E+03
 AMRCLAW: level  1  CFL = .251E+00  dt = 0.5000E+00  final t = 0.859000E+03
 AMRCLAW: level  1  CFL = .251E+00  dt = 0.5000E+00  final t = 0.859500E+03
 AMRCLAW: level  1  CFL = .251E+00  dt = 0.5000E+00  final t = 0.860000E+03
 AMRCLAW: level  1  CFL = .251E+00  dt = 0.5000E+00  final t = 0.860500E+03
 AMRCLAW: level  1  CFL = .251E+00  dt = 0.5000E+00  final t = 0.861000E+03
 AMRCLAW: level  1  CFL = .251E+00  dt = 0.5000E+00  final t = 0.861500E+03
 AMRCLAW: level  1  CFL = .251E+00  dt = 0.5000E+00  final t = 0.862000E+03
 AMRCLAW: level  1  CFL = .251E+00  dt = 0.5000E+00  final t = 0.862500E+03
 AMRCLAW: level  1  CFL = .251E+00  dt = 0.5000E+00  final t = 0.863000E+03
 AMRCLAW: level  1  CFL = .251E+00  dt = 0.5000E+00  final t = 0.863500E+03
 AMRCLAW: level  1  CFL = .251E+00  dt = 0.5000E+00  final t = 0.864000E+03
 AMRCLAW: level  1  CFL = .251E+00  dt = 0.5000E+00  final t = 0.864500E+03
 AMRCLAW: level  1  CFL = .251E+00  dt = 0.5000E+00  final t = 0.865000E+03
 AMRCLAW: level  1  CFL = .251E+00  dt = 0.5000E+00  final t = 0.865500E+03
 AMRCLAW: level  1  CFL = .251E+00  dt = 0.5000E+00  final t = 0.866000E+03
 AMRCLAW: level  1  CFL = .251E+00  dt = 0.5000E+00  final t = 0.866500E+03
 AMRCLAW: level  1  CFL = .251E+00  dt = 0.5000E+00  final t = 0.867000E+03
 AMRCLAW: level  1  CFL = .251E+00  dt = 0.5000E+00  final t = 0.867500E+03
 AMRCLAW: level  1  CFL = .251E+00  dt = 0.5000E+00  final t = 0.868000E+03
 AMRCLAW: level  1  CFL = .251E+00  dt = 0.5000E+00  final t = 0.868500E+03
 AMRCLAW: level  1  CFL = .251E+00  dt = 0.5000E+00  final t = 0.869000E+03
 AMRCLAW: level  1  CFL = .251E+00  dt = 0.5000E+00  final t = 0.869500E+03
 AMRCLAW: level  1  CFL = .251E+00  dt = 0.5000E+00  final t = 0.870000E+03
GEOCLAW: Frame   29 output files done at time t =  0.870000D+03

 AMRCLAW: level  1  CFL = .251E+00  dt = 0.5000E+00  final t = 0.870500E+03
 AMRCLAW: level  1  CFL = .251E+00  dt = 0.5000E+00  final t = 0.871000E+03
 AMRCLAW: level  1  CFL = .251E+00  dt = 0.5000E+00  final t = 0.871500E+03
 AMRCLAW: level  1  CFL = .251E+00  dt = 0.5000E+00  final t = 0.872000E+03
 AMRCLAW: level  1  CFL = .251E+00  dt = 0.5000E+00  final t = 0.872500E+03
 AMRCLAW: level  1  CFL = .251E+00  dt = 0.5000E+00  final t = 0.873000E+03
 AMRCLAW: level  1  CFL = .251E+00  dt = 0.5000E+00  final t = 0.873500E+03
 AMRCLAW: level  1  CFL = .310E+00  dt = 0.5000E+00  final t = 0.874000E+03
 AMRCLAW: level  1  CFL = .310E+00  dt = 0.5000E+00  final t = 0.874500E+03
 AMRCLAW: level  1  CFL = .251E+00  dt = 0.5000E+00  final t = 0.875000E+03
 AMRCLAW: level  1  CFL = .251E+00  dt = 0.5000E+00  final t = 0.875500E+03
 AMRCLAW: level  1  CFL = .251E+00  dt = 0.5000E+00  final t = 0.876000E+03
 AMRCLAW: level  1  CFL = .251E+00  dt = 0.5000E+00  final t = 0.876500E+03
 AMRCLAW: level  1  CFL = .251E+00  dt = 0.5000E+00  final t = 0.877000E+03
 AMRCLAW: level  1  CFL = .251E+00  dt = 0.5000E+00  final t = 0.877500E+03
 AMRCLAW: level  1  CFL = .251E+00  dt = 0.5000E+00  final t = 0.878000E+03
 AMRCLAW: level  1  CFL = .251E+00  dt = 0.5000E+00  final t = 0.878500E+03
 AMRCLAW: level  1  CFL = .251E+00  dt = 0.5000E+00  final t = 0.879000E+03
 AMRCLAW: level  1  CFL = .251E+00  dt = 0.5000E+00  final t = 0.879500E+03
 AMRCLAW: level  1  CFL = .251E+00  dt = 0.5000E+00  final t = 0.880000E+03
 AMRCLAW: level  1  CFL = .251E+00  dt = 0.5000E+00  final t = 0.880500E+03
 AMRCLAW: level  1  CFL = .251E+00  dt = 0.5000E+00  final t = 0.881000E+03
 AMRCLAW: level  1  CFL = .251E+00  dt = 0.5000E+00  final t = 0.881500E+03
 AMRCLAW: level  1  CFL = .251E+00  dt = 0.5000E+00  final t = 0.882000E+03
 AMRCLAW: level  1  CFL = .251E+00  dt = 0.5000E+00  final t = 0.882500E+03
 AMRCLAW: level  1  CFL = .251E+00  dt = 0.5000E+00  final t = 0.883000E+03
 AMRCLAW: level  1  CFL = .251E+00  dt = 0.5000E+00  final t = 0.883500E+03
 AMRCLAW: level  1  CFL = .251E+00  dt = 0.5000E+00  final t = 0.884000E+03
 AMRCLAW: level  1  CFL = .251E+00  dt = 0.5000E+00  final t = 0.884500E+03
 AMRCLAW: level  1  CFL = .251E+00  dt = 0.5000E+00  final t = 0.885000E+03
 AMRCLAW: level  1  CFL = .251E+00  dt = 0.5000E+00  final t = 0.885500E+03
 AMRCLAW: level  1  CFL = .251E+00  dt = 0.5000E+00  final t = 0.886000E+03
 AMRCLAW: level  1  CFL = .252E+00  dt = 0.5000E+00  final t = 0.886500E+03
 AMRCLAW: level  1  CFL = .254E+00  dt = 0.5000E+00  final t = 0.887000E+03
 AMRCLAW: level  1  CFL = .252E+00  dt = 0.5000E+00  final t = 0.887500E+03
 AMRCLAW: level  1  CFL = .252E+00  dt = 0.5000E+00  final t = 0.888000E+03
 AMRCLAW: level  1  CFL = .252E+00  dt = 0.5000E+00  final t = 0.888500E+03
 AMRCLAW: level  1  CFL = .252E+00  dt = 0.5000E+00  final t = 0.889000E+03
 AMRCLAW: level  1  CFL = .252E+00  dt = 0.5000E+00  final t = 0.889500E+03
 AMRCLAW: level  1  CFL = .252E+00  dt = 0.5000E+00  final t = 0.890000E+03
 AMRCLAW: level  1  CFL = .252E+00  dt = 0.5000E+00  final t = 0.890500E+03
 AMRCLAW: level  1  CFL = .252E+00  dt = 0.5000E+00  final t = 0.891000E+03
 AMRCLAW: level  1  CFL = .252E+00  dt = 0.5000E+00  final t = 0.891500E+03
 AMRCLAW: level  1  CFL = .252E+00  dt = 0.5000E+00  final t = 0.892000E+03
 AMRCLAW: level  1  CFL = .252E+00  dt = 0.5000E+00  final t = 0.892500E+03
 AMRCLAW: level  1  CFL = .252E+00  dt = 0.5000E+00  final t = 0.893000E+03
 AMRCLAW: level  1  CFL = .252E+00  dt = 0.5000E+00  final t = 0.893500E+03
 AMRCLAW: level  1  CFL = .252E+00  dt = 0.5000E+00  final t = 0.894000E+03
 AMRCLAW: level  1  CFL = .252E+00  dt = 0.5000E+00  final t = 0.894500E+03
 AMRCLAW: level  1  CFL = .252E+00  dt = 0.5000E+00  final t = 0.895000E+03
 AMRCLAW: level  1  CFL = .252E+00  dt = 0.5000E+00  final t = 0.895500E+03
 AMRCLAW: level  1  CFL = .252E+00  dt = 0.5000E+00  final t = 0.896000E+03
 AMRCLAW: level  1  CFL = .252E+00  dt = 0.5000E+00  final t = 0.896500E+03
 AMRCLAW: level  1  CFL = .252E+00  dt = 0.5000E+00  final t = 0.897000E+03
 AMRCLAW: level  1  CFL = .252E+00  dt = 0.5000E+00  final t = 0.897500E+03
 AMRCLAW: level  1  CFL = .252E+00  dt = 0.5000E+00  final t = 0.898000E+03
 AMRCLAW: level  1  CFL = .252E+00  dt = 0.5000E+00  final t = 0.898500E+03
 AMRCLAW: level  1  CFL = .252E+00  dt = 0.5000E+00  final t = 0.899000E+03
 AMRCLAW: level  1  CFL = .252E+00  dt = 0.5000E+00  final t = 0.899500E+03
 AMRCLAW: level  1  CFL = .252E+00  dt = 0.5000E+00  final t = 0.900000E+03
GEOCLAW: Frame   30 output files done at time t =  0.900000D+03

 Done integrating to time    900.00000000000000     
 Writing to file fgmax0001.txt                 
See fort.amr for more info on this run and memory usage

============================== Timing Data ==============================

Integration Time (stepgrid + BC + overhead)
Level           Wall Time (seconds)    CPU Time (seconds)   Total Cell Updates
  1                    73.727                270.694            0.834E+08
total                  73.727                270.694            0.834E+08

All levels:
stepgrid               73.504                270.076    
BC/ghost cells          0.216                  0.609
Regridding              0.000                  0.000  
Output (valout)         8.670                 11.775  

Total time:            82.910                283.545  
Using 12 thread(s)

Note: The CPU times are summed over all threads.
      Total time includes more than the subroutines listed above
Note: timings are also recorded for each output step
      in the file timing.csv.

=========================================================================

 maximum Courant number seen =    0.45638
